x,y,ux,uy
6.349431818181818e-01,1.136363636363636e-02,-8.254738118338344e-08,-3.470559887228070e-07
6.548295454545454e-01,1.136363636363636e-02,-7.951864467691684e-08,-9.545515493662158e-08
6.747159090909091e-01,1.136363636363636e-02,-6.363225957087878e-08,-5.618891814785640e-08
6.946022727272727e-01,1.136363636363636e-02,-5.042555833982695e-08,-3.960733108523860e-08
7.144886363636364e-01,1.136363636363636e-02,-4.382257788984498e-08,-3.445793856081172e-08
7.343750000000000e-01,1.136363636363636e-02,-3.963322003147944e-08,-3.147771882148575e-08
7.542613636363636e-01,1.136363636363636e-02,-3.636049219014198e-08,-2.937442210426246e-08
7.741477272727273e-01,1.136363636363636e-02,-3.403511848629110e-08,-2.831733701631475e-08
7.940340909090909e-01,1.136363636363636e-02,-3.206894767130390e-08,-2.764688439407754e-08
8.139204545454546e-01,1.136363636363636e-02,-3.032155202197848e-08,-2.721277775366061e-08
8.338068181818181e-01,1.136363636363636e-02,-2.882399044001848e-08,-2.705882329122033e-08
8.536931818181819e-01,1.136363636363636e-02,-2.739507619052362e-08,-2.697044393545639e-08
8.735795454545454e-01,1.136363636363636e-02,-2.603480927349395e-08,-2.694763968636877e-08
8.934659090909092e-01,1.136363636363636e-02,-2.474764969718907e-08,-2.695327794158742e-08
9.133522727272727e-01,1.136363636363636e-02,-2.348608252085696e-08,-2.694995624924157e-08
9.332386363636364e-01,1.136363636363636e-02,-2.226045910960619e-08,-2.692656845837569e-08
9.531250000000000e-01,1.136363636363636e-02,-2.107389263686538e-08,-2.684882131403456e-08
9.730113636363636e-01,1.136363636363636e-02,-1.990877380363070e-08,-2.673651406077103e-08
9.928977272727273e-01,1.136363636363636e-02,-1.878323937674189e-08,-2.655184576160061e-08
1.012784090909091e+00,1.136363636363636e-02,-1.769182827266970e-08,-2.629942574928889e-08
1.032670454545455e+00,1.136363636363636e-02,-1.662334491257868e-08,-2.600132592267790e-08
1.052556818181818e+00,1.136363636363636e-02,-1.560647600390077e-08,-2.559870643841919e-08
1.072443181818182e+00,1.136363636363636e-02,-1.461812345655261e-08,-2.513816368432446e-08
1.092329545454545e+00,1.136363636363636e-02,-1.365828727053421e-08,-2.461969766039371e-08
1.112215909090909e+00,1.136363636363636e-02,-1.275160615501333e-08,-2.399287466123155e-08
1.132102272727273e+00,1.136363636363636e-02,-1.186913675335047e-08,-2.331628733127962e-08
1.151988636363636e+00,1.136363636363636e-02,-1.102288850379389e-08,-2.256512747939967e-08
1.171875000000000e+00,1.136363636363636e-02,-1.021951459255046e-08,-2.172414545183482e-08
1.191761363636364e+00,1.136363636363636e-02,-9.439009540137148e-09,-2.083468064945113e-08
1.211647727272727e+00,1.136363636363636e-02,-8.699482631787739e-09,-1.985726784841662e-08
1.231534090909091e+00,1.136363636363636e-02,-7.991644309790695e-09,-1.880982248001657e-08
1.251420454545455e+00,1.136363636363636e-02,-7.304702321385474e-09,-1.771595210335837e-08
1.271306818181818e+00,1.136363636363636e-02,-6.660550657129232e-09,-1.652434738365133e-08
1.291193181818182e+00,1.136363636363636e-02,-6.037632338512541e-09,-1.528245289339171e-08
1.311079545454545e+00,1.136363636363636e-02,-5.435947365535375e-09,-1.399026863257948e-08
1.330965909090909e+00,1.136363636363636e-02,-4.869666510796677e-09,-1.261050544033435e-08
1.350852272727273e+00,1.136363636363636e-02,-4.317610150096917e-09,-1.119357023026991e-08
1.370738636363636e+00,1.136363636363636e-02,-3.786255769988065e-09,-9.721851701713720e-09
1.390625000000000e+00,1.136363636363636e-02,-3.272551741142523e-09,-8.194464000325330e-09
1.410511363636364e+00,1.136363636363636e-02,-2.764339614665738e-09,-6.642594708266552e-09
1.430397727272727e+00,1.136363636363636e-02,-2.258614112277743e-09,-5.056628756581890e-09
1.450284090909091e+00,1.136363636363636e-02,-1.722697351999668e-09,-3.476499959322675e-09
1.470170454545455e+00,1.136363636363636e-02,-1.154508891183641e-09,-1.920782883583006e-09
1.490056818181818e+00,1.136363636363636e-02,-3.848362970248887e-10,-6.402609611916469e-10
6.349431818181818e-01,3.409090909090909e-02,-2.831001862917424e-07,-3.771317748065067e-07
6.548295454545454e-01,3.409090909090909e-02,-2.335560235418870e-07,-2.339908705630735e-07
6.747159090909091e-01,3.409090909090909e-02,-1.873760404671426e-07,-1.649039440774321e-07
6.946022727272727e-01,3.409090909090909e-02,-1.509330907883808e-07,-1.185102803625908e-07
7.144886363636364e-01,3.409090909090909e-02,-1.315509917289110e-07,-1.027108619456491e-07
7.343750000000000e-01,3.409090909090909e-02,-1.190538325160336e-07,-9.362374900709109e-08
7.542613636363636e-01,3.409090909090909e-02,-1.091972764906050e-07,-8.722389705508997e-08
7.741477272727273e-01,3.409090909090909e-02,-1.021379923058957e-07,-8.396502990874705e-08
7.940340909090909e-01,3.409090909090909e-02,-9.615884253156892e-08,-8.189383023056811e-08
8.139204545454546e-01,3.409090909090909e-02,-9.083867590694026e-08,-8.054861040809250e-08
8.338068181818181e-01,3.409090909090909e-02,-8.628431948673556e-08,-8.006353032857631e-08
8.536931818181819e-01,3.409090909090909e-02,-8.194508417301021e-08,-7.978160155316209e-08
8.735795454545454e-01,3.409090909090909e-02,-7.782096996576429e-08,-7.970282408184986e-08
8.934659090909092e-01,3.409090909090909e-02,-7.393109760450631e-08,-7.971643118330875e-08
9.133522727272727e-01,3.409090909090909e-02,-7.012374803422754e-08,-7.970554801541576e-08
9.332386363636364e-01,3.409090909090909e-02,-6.643250600134370e-08,-7.963779065261342e-08
9.531250000000000e-01,3.409090909090909e-02,-6.286608871656940e-08,-7.941021076250367e-08
9.730113636363636e-01,3.409090909090909e-02,-5.936760843263459e-08,-7.908066362456218e-08
9.928977272727273e-01,3.409090909090909e-02,-5.599340573700170e-08,-7.853705910521164e-08
1.012784090909091e+00,3.409090909090909e-02,-5.272469155471326e-08,-7.779270333134715e-08
1.032670454545455e+00,3.409090909090909e-02,-4.952672023155184e-08,-7.691298977681071e-08
1.052556818181818e+00,3.409090909090909e-02,-4.648654459177702e-08,-7.572349524502935e-08
1.072443181818182e+00,3.409090909090909e-02,-4.353288775256261e-08,-7.436236493559814e-08
1.092329545454545e+00,3.409090909090909e-02,-4.066574971390867e-08,-7.282959884851713e-08
1.112215909090909e+00,3.409090909090909e-02,-3.795904178499711e-08,-7.097589062049844e-08
1.132102272727273e+00,3.409090909090909e-02,-3.532518259109338e-08,-6.897484509424656e-08
1.151988636363636e+00,3.409090909090909e-02,-3.280023772039324e-08,-6.675303057376623e-08
1.171875000000000e+00,3.409090909090909e-02,-3.040384932531767e-08,-6.426543246011642e-08
1.191761363636364e+00,3.409090909090909e-02,-2.807595261611059e-08,-6.163440933055838e-08
1.211647727272727e+00,3.409090909090909e-02,-2.587063561279674e-08,-5.874327806917315e-08
1.231534090909091e+00,3.409090909090909e-02,-2.375989163676718e-08,-5.564513445322865e-08
1.251420454545455e+00,3.409090909090909e-02,-2.171148579563229e-08,-5.240977534125129e-08
1.271306818181818e+00,3.409090909090909e-02,-1.979044828885302e-08,-4.888570400821964e-08
1.291193181818182e+00,3.409090909090909e-02,-1.793239195664518e-08,-4.521320608356101e-08
1.311079545454545e+00,3.409090909090909e-02,-1.613731679900868e-08,-4.139228156727523e-08
1.330965909090909e+00,3.409090909090909e-02,-1.444670898898795e-08,-3.731324671637891e-08
1.350852272727273e+00,3.409090909090909e-02,-1.279777816633935e-08,-3.312489252025536e-08
1.370738636363636e+00,3.409090909090909e-02,-1.120940121129064e-08,-2.877550185674579e-08
1.390625000000000e+00,3.409090909090909e-02,-9.671726215724971e-09,-2.426350566252484e-08
1.410511363636364e+00,3.409090909090909e-02,-8.149420187429109e-09,-1.968038640397013e-08
1.430397727272727e+00,3.409090909090909e-02,-6.632765079639493e-09,-1.499908810690295e-08
1.450284090909091e+00,3.409090909090909e-02,-5.029288803984181e-09,-1.034122738351873e-08
1.470170454545455e+00,3.409090909090909e-02,-3.336668857112286e-09,-5.754154454370429e-09
1.490056818181818e+00,3.409090909090909e-02,-1.112222952344005e-09,-1.918051484801641e-09
6.349431818181818e-01,5.681818181818182e-02,-3.659588314802544e-07,-4.168002660711244e-07
6.548295454545454e-01,5.681818181818182e-02,-3.282006650407092e-07,-3.164274961056479e-07
6.747159090909091e-01,5.681818181818182e-02,-2.864746536460967e-07,-2.479792974483787e-07
6.946022727272727e-01,5.681818181818182e-02,-2.490355336240502e-07,-1.952312393928596e-07
7.144886363636364e-01,5.681818181818182e-02,-2.198622119894784e-07,-1.663231091624315e-07
7.343750000000000e-01,5.681818181818182e-02,-1.995536519513131e-07,-1.501039269877764e-07
7.542613636363636e-01,5.681818181818182e-02,-1.828446602264301e-07,-1.387777872086948e-07
7.741477272727273e-01,5.681818181818182e-02,-1.704693240538427e-07,-1.327038548242754e-07
7.940340909090909e-01,5.681818181818182e-02,-1.599127340225907e-07,-1.288130154084459e-07
8.139204545454546e-01,5.681818181818182e-02,-1.504739386946446e-07,-1.262563830940681e-07
8.338068181818181e-01,5.681818181818182e-02,-1.424310857111390e-07,-1.252776605476373e-07
8.536931818181819e-01,5.681818181818182e-02,-1.348140813684448e-07,-1.246846474056650e-07
8.735795454545454e-01,5.681818181818182e-02,-1.276229256665620e-07,-1.244773436681512e-07
8.934659090909092e-01,5.681818181818182e-02,-1.209315850979725e-07,-1.244757659524288e-07
9.133522727272727e-01,5.681818181818182e-02,-1.144199168486073e-07,-1.244508946610706e-07
9.332386363636364e-01,5.681818181818182e-02,-1.081624536015439e-07,-1.243556097920889e-07
9.531250000000000e-01,5.681818181818182e-02,-1.021691604419768e-07,-1.240178279576605e-07
9.730113636363636e-01,5.681818181818182e-02,-9.631545221911307e-08,-1.235226632894536e-07
9.928977272727273e-01,5.681818181818182e-02,-9.070938534333173e-08,-1.226929251961723e-07
1.012784090909091e+00,5.681818181818182e-02,-8.530200199093009e-08,-1.215469634994061e-07
1.032670454545455e+00,5.681818181818182e-02,-8.002689400580160e-08,-1.201877376903438e-07
1.052556818181818e+00,5.681818181818182e-02,-7.503642923748265e-08,-1.183399155577119e-07
1.072443181818182e+00,5.681818181818182e-02,-7.019727372665711e-08,-1.162216833636723e-07
1.092329545454545e+00,5.681818181818182e-02,-6.550942747332509e-08,-1.138330411082251e-07
1.112215909090909e+00,5.681818181818182e-02,-6.109604065736743e-08,-1.109397730422664e-07
1.132102272727273e+00,5.681818181818182e-02,-5.680563474836051e-08,-1.078152845665799e-07
1.151988636363636e+00,5.681818181818182e-02,-5.269859239592070e-08,-1.043444706194541e-07
1.171875000000000e+00,5.681818181818182e-02,-4.880532288813048e-08,-1.004576922021607e-07
1.191761363636364e+00,5.681818181818182e-02,-4.502536366085213e-08,-9.634670968845664e-08
1.211647727272727e+00,5.681818181818182e-02,-4.144710261746767e-08,-9.182960995808132e-08
1.231534090909091e+00,5.681818181818182e-02,-3.802284991692174e-08,-8.699011551906508e-08
1.251420454545455e+00,5.681818181818182e-02,-3.469992109027429e-08,-8.193703179740732e-08
1.271306818181818e+00,5.681818181818182e-02,-3.158192014825152e-08,-7.643569363048372e-08
1.291193181818182e+00,5.681818181818182e-02,-2.856361616955978e-08,-7.070489109445690e-08
1.311079545454545e+00,5.681818181818182e-02,-2.564500915419895e-08,-6.474462418932662e-08
1.330965909090909e+00,5.681818181818182e-02,-2.288771766612718e-08,-5.838810075619234e-08
1.350852272727273e+00,5.681818181818182e-02,-2.019258019658224e-08,-5.186548761062482e-08
1.370738636363636e+00,5.681818181818182e-02,-1.758698396429935e-08,-4.509877927117018e-08
1.390625000000000e+00,5.681818181818182e-02,-1.504939763812254e-08,-3.809334295528344e-08
1.410511363636364e+00,5.681818181818182e-02,-1.252931016523834e-08,-3.098639405416693e-08
1.430397727272727e+00,5.681818181818182e-02,-1.000537524832097e-08,-2.374596031697342e-08
1.450284090909091e+00,5.681818181818182e-02,-7.364257493128914e-09,-1.658804734569368e-08
1.470170454545455e+00,5.681818181818182e-02,-4.630824108251351e-09,-9.530166649269111e-09
1.490056818181818e+00,5.681818181818182e-02,-1.543608036113003e-09,-3.176722216585665e-09
6.349431818181818e-01,7.954545454545454e-02,-4.314234452045746e-07,-4.496147248060223e-07
6.548295454545454e-01,7.954545454545454e-02,-3.992532746513900e-07,-3.704657357603727e-07
6.747159090909091e-01,7.954545454545454e-02,-3.632460912141400e-07,-3.076127307298901e-07
6.946022727272727e-01,7.954545454545454e-02,-3.288600445629973e-07,-2.555376126446930e-07
7.144886363636364e-01,7.954545454545454e-02,-2.979233228338724e-07,-2.206063240435252e-07
7.343750000000000e-01,7.954545454545454e-02,-2.737116867204793e-07,-1.993504630634972e-07
7.542613636363636e-01,7.954545454545454e-02,-2.525453174668150e-07,-1.837250681704119e-07
7.741477272727273e-01,7.954545454545454e-02,-2.358198410830913e-07,-1.750692879749766e-07
7.940340909090909e-01,7.954545454545454e-02,-2.212080112254402e-07,-1.694409218946531e-07
8.139204545454546e-01,7.954545454545454e-02,-2.079085179805707e-07,-1.656691589586185e-07
8.338068181818181e-01,7.954545454545454e-02,-1.964041757913380e-07,-1.641685794003093e-07
8.536931818181819e-01,7.954545454545454e-02,-1.855007964026579e-07,-1.632366643085731e-07
8.735795454545454e-01,7.954545454545454e-02,-1.751983798145307e-07,-1.628734136834100e-07
8.934659090909092e-01,7.954545454545454e-02,-1.656609850091431e-07,-1.628413030619172e-07
9.133522727272727e-01,7.954545454545454e-02,-1.564092252505288e-07,-1.627942331423069e-07
9.332386363636364e-01,7.954545454545454e-02,-1.475656824831114e-07,-1.626743863317304e-07
9.531250000000000e-01,7.954545454545454e-02,-1.391491249056506e-07,-1.622454028066322e-07
9.730113636363636e-01,7.954545454545454e-02,-1.309559348195989e-07,-1.616128510851677e-07
9.928977272727273e-01,7.954545454545454e-02,-1.231547736787577e-07,-1.605430193582151e-07
1.012784090909091e+00,7.954545454545454e-02,-1.156589286547280e-07,-1.590571950485884e-07
1.032670454545455e+00,7.954545454545454e-02,-1.083654129456223e-07,-1.572907641940924e-07
1.052556818181818e+00,7.954545454545454e-02,-1.014971174868900e-07,-1.548808391311651e-07
1.072443181818182e+00,7.954545454545454e-02,-9.484962480673728e-08,-1.521150900702709e-07
1.092329545454545e+00,7.954545454545454e-02,-8.842293490516425e-08,-1.489935170114100e-07
1.112215909090909e+00,7.954545454545454e-02,-8.238942481856592e-08,-1.452090599083396e-07
1.132102272727273e+00,7.954545454545454e-02,-7.652999072059482e-08,-1.411213840495310e-07
1.151988636363636e+00,7.954545454545454e-02,-7.092945312007910e-08,-1.365796983749764e-07
1.171875000000000e+00,7.954545454545454e-02,-6.562723166819216e-08,-1.314938970612177e-07
1.191761363636364e+00,7.954545454545454e-02,-6.048236266398029e-08,-1.261151512570894e-07
1.211647727272727e+00,7.954545454545454e-02,-5.561613648594812e-08,-1.202063912941431e-07
1.231534090909091e+00,7.954545454545454e-02,-5.096064939447537e-08,-1.138779566744061e-07
1.251420454545455e+00,7.954545454545454e-02,-4.644359340379712e-08,-1.072716240918033e-07
1.271306818181818e+00,7.954545454545454e-02,-4.220413720940781e-08,-1.000836016243238e-07
1.291193181818182e+00,7.954545454545454e-02,-3.809816325444294e-08,-9.259907855407059e-08
1.311079545454545e+00,7.954545454545454e-02,-3.412567153890234e-08,-8.481805488104322e-08
1.330965909090909e+00,7.954545454545454e-02,-3.036617830172038e-08,-7.652830401360110e-08
1.350852272727273e+00,7.954545454545454e-02,-2.668784549432362e-08,-6.802719024304737e-08
1.370738636363636e+00,7.954545454545454e-02,-2.312610936353663e-08,-5.921606239688852e-08
1.390625000000000e+00,7.954545454545454e-02,-1.965410804856933e-08,-5.010706518498547e-08
1.410511363636364e+00,7.954545454545454e-02,-1.620945761408039e-08,-4.087326787770904e-08
1.430397727272727e+00,7.954545454545454e-02,-1.277535892552579e-08,-3.147973958647449e-08
1.450284090909091e+00,7.954545454545454e-02,-9.258936590905278e-09,-2.216608231938223e-08
1.470170454545455e+00,7.954545454545454e-02,-5.680708790203226e-09,-1.294257642849902e-08
1.490056818181818e+00,7.954545454545454e-02,-1.893569596473136e-09,-4.314192142862588e-09
6.349431818181818e-01,1.022727272727273e-01,-4.867844354971293e-07,-4.749850381478158e-07
6.548295454545454e-01,1.022727272727273e-01,-4.580271960246235e-07,-4.070995057109198e-07
6.747159090909091e-01,1.022727272727273e-01,-4.272653771135697e-07,-3.507420616375436e-07
6.946022727272727e-01,1.022727272727273e-01,-3.968585854066825e-07,-3.019368685064047e-07
7.144886363636364e-01,1.022727272727273e-01,-3.673683998203249e-07,-2.651295302209596e-07
7.343750000000000e-01,1.022727272727273e-01,-3.415824456329723e-07,-2.409029013311276e-07
7.542613636363636e-01,1.022727272727273e-01,-3.178043920095972e-07,-2.222738787009372e-07
7.741477272727273e-01,1.022727272727273e-01,-2.976844090551355e-07,-2.115887029604864e-07
7.940340909090909e-01,1.022727272727273e-01,-2.796172315184770e-07,-2.045584367299779e-07
8.139204545454546e-01,1.022727272727273e-01,-2.628413725065592e-07,-1.997769578923758e-07
8.338068181818181e-01,1.022727272727273e-01,-2.480268374099125e-07,-1.978331464796378e-07
8.536931818181819e-01,1.022727272727273e-01,-2.339389566374396e-07,-1.966138723688771e-07
8.735795454545454e-01,1.022727272727273e-01,-2.205777301891408e-07,-1.961191355600938e-07
8.934659090909092e-01,1.022727272727273e-01,-2.082201104381967e-07,-1.960642842764867e-07
9.133522727272727e-01,1.022727272727273e-01,-1.962525326307858e-07,-1.960016923938799e-07
9.332386363636364e-01,1.022727272727273e-01,-1.848480693944081e-07,-1.958642602065106e-07
9.531250000000000e-01,1.022727272727273e-01,-1.740428454488366e-07,-1.953592593603457e-07
9.730113636363636e-01,1.022727272727273e-01,-1.635502861061300e-07,-1.946101953413053e-07
9.928977272727273e-01,1.022727272727273e-01,-1.536049243497884e-07,-1.933338016805170e-07
1.012784090909091e+00,1.022727272727273e-01,-1.440790391511549e-07,-1.915541005288259e-07
1.032670454545455e+00,1.022727272727273e-01,-1.348303271760111e-07,-1.894348872657404e-07
1.052556818181818e+00,1.022727272727273e-01,-1.261553141894546e-07,-1.865370150999373e-07
1.072443181818182e+00,1.022727272727273e-01,-1.177732368562876e-07,-1.832090573997126e-07
1.092329545454545e+00,1.022727272727273e-01,-1.096840951765104e-07,-1.794510141650662e-07
1.112215909090909e+00,1.022727272727273e-01,-1.021091596352718e-07,-1.748930544974284e-07
1.132102272727273e+00,1.022727272727273e-01,-9.475966238283504e-08,-1.699697620362663e-07
1.151988636363636e+00,1.022727272727273e-01,-8.774475627721278e-08,-1.644996282067130e-07
1.171875000000000e+00,1.022727272727273e-01,-8.111157947736424e-08,-1.583754217890371e-07
1.191761363636364e+00,1.022727272727273e-01,-7.467891981921371e-08,-1.518994381901086e-07
1.211647727272727e+00,1.022727272727273e-01,-6.859976037484872e-08,-1.447876775147097e-07
1.231534090909091e+00,1.022727272727273e-01,-6.278584667683980e-08,-1.371736847232869e-07
1.251420454545455e+00,1.022727272727273e-01,-5.714596154214084e-08,-1.292272790461706e-07
1.271306818181818e+00,1.022727272727273e-01,-5.185278400678980e-08,-1.205867378041011e-07
1.291193181818182e+00,1.022727272727273e-01,-4.672505435522619e-08,-1.115937018435321e-07
1.311079545454545e+00,1.022727272727273e-01,-4.176277258744976e-08,-1.022481711644633e-07
1.330965909090909e+00,1.022727272727273e-01,-3.706292445298489e-08,-9.230098102958519e-08
1.350852272727273e+00,1.022727272727273e-01,-3.246337926571692e-08,-8.210530140533785e-08
1.370738636363636e+00,1.022727272727273e-01,-2.800804241879094e-08,-7.154564739410688e-08
1.390625000000000e+00,1.022727272727273e-01,-2.367066028688330e-08,-6.063883645182897e-08
1.410511363636364e+00,1.022727272727273e-01,-1.937733314401595e-08,-4.958569576622279e-08
1.430397727272727e+00,1.022727272727273e-01,-1.512758624594458e-08,-3.834316961945992e-08
1.450284090909091e+00,1.022727272727273e-01,-1.085393204424510e-08,-2.714663756782259e-08
1.470170454545455e+00,1.022727272727273e-01,-6.560787282102219e-09,-1.601114924004723e-08
1.490056818181818e+00,1.022727272727273e-01,-2.186929093732041e-09,-5.337049746572481e-09
6.349431818181818e-01,1.250000000000000e-01,-5.349694042168480e-07,-4.917562383509467e-07
6.548295454545454e-01,1.250000000000000e-01,-5.094433213844124e-07,-4.305027072033094e-07
6.747159090909091e-01,1.250000000000000e-01,-4.824350633491495e-07,-3.793878441940089e-07
6.946022727272727e-01,1.250000000000000e-01,-4.553015827008880e-07,-3.342768097059333e-07
7.144886363636364e-01,1.250000000000000e-01,-4.281479256080825e-07,-2.985688509676776e-07
7.343750000000000e-01,1.250000000000000e-01,-4.024976251544058e-07,-2.736505331991431e-07
7.542613636363636e-01,1.250000000000000e-01,-3.778534545538414e-07,-2.538289102860802e-07
7.741477272727273e-01,1.250000000000000e-01,-3.553950701088935e-07,-2.419055275400256e-07
7.940340909090909e-01,1.250000000000000e-01,-3.345822537885884e-07,-2.339871203092045e-07
8.139204545454546e-01,1.250000000000000e-01,-3.148272877114169e-07,-2.285403490644915e-07
8.338068181818181e-01,1.250000000000000e-01,-2.969397161170043e-07,-2.263000224736096e-07
8.536931818181819e-01,1.250000000000000e-01,-2.798419045182920e-07,-2.248947484412824e-07
8.735795454545454e-01,1.250000000000000e-01,-2.635338529152804e-07,-2.243245269675098e-07
8.934659090909092e-01,1.250000000000000e-01,-2.484238270538860e-07,-2.242684488104313e-07
9.133522727272727e-01,1.250000000000000e-01,-2.338007607596343e-07,-2.242060241318023e-07
9.332386363636364e-01,1.250000000000000e-01,-2.198883411989382e-07,-2.240609866397632e-07
9.531250000000000e-01,1.250000000000000e-01,-2.067501079366173e-07,-2.234947200587318e-07
9.730113636363636e-01,1.250000000000000e-01,-1.940162858616211e-07,-2.226482514032474e-07
9.928977272727273e-01,1.250000000000000e-01,-1.819911185084404e-07,-2.211956042304273e-07
1.012784090909091e+00,1.250000000000000e-01,-1.705046692421961e-07,-2.191643673490868e-07
1.032670454545455e+00,1.250000000000000e-01,-1.593734862431407e-07,-2.167429054004341e-07
1.052556818181818e+00,1.250000000000000e-01,-1.489700229785582e-07,-2.134272210271467e-07
1.072443181818182e+00,1.250000000000000e-01,-1.389334143516297e-07,-2.096183545013790e-07
1.092329545454545e+00,1.250000000000000e-01,-1.292636603623554e-07,-2.053163058231313e-07
1.112215909090909e+00,1.250000000000000e-01,-1.202303759395855e-07,-2.000985594891513e-07
1.132102272727273e+00,1.250000000000000e-01,-1.114738025201034e-07,-1.944632375234099e-07
1.151988636363636e+00,1.250000000000000e-01,-1.031271823511770e-07,-1.882030683266764e-07
1.171875000000000e+00,1.250000000000000e-01,-9.524419499213760e-08,-1.811969545664533e-07
1.191761363636364e+00,1.250000000000000e-01,-8.760385836218554e-08,-1.737900556133639e-07
1.211647727272727e+00,1.250000000000000e-01,-8.038960826233317e-08,-1.656595555165878e-07
1.231534090909091e+00,1.250000000000000e-01,-7.349290630200049e-08,-1.569587464338982e-07
1.251420454545455e+00,1.250000000000000e-01,-6.680435771136335e-08,-1.478806296348014e-07
1.271306818181818e+00,1.250000000000000e-01,-6.052839969690478e-08,-1.380164107540092e-07
1.291193181818182e+00,1.250000000000000e-01,-5.444845055363817e-08,-1.277543279334524e-07
1.311079545454545e+00,1.250000000000000e-01,-4.856451028156325e-08,-1.170943811731306e-07
1.330965909090909e+00,1.250000000000000e-01,-4.299156204233822e-08,-1.057581425223085e-07
1.350852272727273e+00,1.250000000000000e-01,-3.753910312236424e-08,-9.414347814960083e-08
1.370738636363636e+00,1.250000000000000e-01,-3.226046454172441e-08,-8.212128789310641e-08
1.390625000000000e+00,1.250000000000000e-01,-2.713637168939303e-08,-6.970964226005079e-08
1.410511363636364e+00,1.250000000000000e-01,-2.208016799186689e-08,-5.712912144449741e-08
1.430397727272727e+00,1.250000000000000e-01,-1.711834546698480e-08,-4.431884700301341e-08
1.450284090909091e+00,1.250000000000000e-01,-1.219406008539534e-08,-3.150294049000840e-08
1.470170454545455e+00,1.250000000000000e-01,-7.293561329017066e-09,-1.870866178083081e-08
1.490056818181818e+00,1.250000000000000e-01,-2.431187109938270e-09,-6.236220593507937e-09
6.349431818181818e-01,1.477272727272727e-01,-5.763036079517314e-07,-4.936221403922996e-07
6.548295454545454e-01,1.477272727272727e-01,-5.535607983377414e-07,-4.363092206538543e-07
6.747159090909091e-01,1.477272727272727e-01,-5.294392057177980e-07,-3.892365940081254e-07
6.946022727272727e-01,1.477272727272727e-01,-5.048424523772425e-07,-3.477162204731090e-07
7.144886363636364e-01,1.477272727272727e-01,-4.795813181557935e-07,-3.147720158014605e-07
7.343750000000000e-01,1.477272727272727e-01,-4.544716339491507e-07,-2.914873543957083e-07
7.542613636363636e-01,1.477272727272727e-01,-4.296634112500411e-07,-2.728152337017703e-07
7.741477272727273e-01,1.477272727272727e-01,-4.058090973970808e-07,-2.613962190185877e-07
7.940340909090909e-01,1.477272727272727e-01,-3.830171227464583e-07,-2.538043734900129e-07
8.139204545454546e-01,1.477272727272727e-01,-3.609353316663862e-07,-2.485808625978230e-07
8.338068181818181e-01,1.477272727272727e-01,-3.404134772088069e-07,-2.465050358620246e-07
8.536931818181819e-01,1.477272727272727e-01,-3.206734508774276e-07,-2.452491538678508e-07
8.735795454545454e-01,1.477272727272727e-01,-3.017152526722483e-07,-2.448132166153017e-07
8.934659090909092e-01,1.477272727272727e-01,-2.840806384199498e-07,-2.448529658046481e-07
9.133522727272727e-01,1.477272727272727e-01,-2.670121985859703e-07,-2.448615224087195e-07
9.332386363636364e-01,1.477272727272727e-01,-2.507796072345656e-07,-2.447480680827261e-07
9.531250000000000e-01,1.477272727272727e-01,-2.354847879964053e-07,-2.441528054066121e-07
9.730113636363636e-01,1.477272727272727e-01,-2.206818745983762e-07,-2.432421747664767e-07
9.928977272727273e-01,1.477272727272727e-01,-2.067448438342501e-07,-2.416570032750501e-07
1.012784090909091e+00,1.477272727272727e-01,-1.934643137106484e-07,-2.394342090411257e-07
1.032670454545455e+00,1.477272727272727e-01,-1.806161857710233e-07,-2.367817511218584e-07
1.052556818181818e+00,1.477272727272727e-01,-1.686478927081985e-07,-2.331487184333940e-07
1.072443181818182e+00,1.477272727272727e-01,-1.571188587167212e-07,-2.289766230027740e-07
1.092329545454545e+00,1.477272727272727e-01,-1.460290837965914e-07,-2.242654648299984e-07
1.112215909090909e+00,1.477272727272727e-01,-1.356940450233469e-07,-2.185559131331371e-07
1.132102272727273e+00,1.477272727272727e-01,-1.256847423632628e-07,-2.123918922754444e-07
1.151988636363636e+00,1.477272727272727e-01,-1.161572627788370e-07,-2.055480660315902e-07
1.171875000000000e+00,1.477272727272727e-01,-1.071704466449704e-07,-1.978943347103246e-07
1.191761363636364e+00,1.477272727272727e-01,-9.846569317154184e-08,-1.898058882145678e-07
1.211647727272727e+00,1.477272727272727e-01,-9.025450600249389e-08,-1.809333911564214e-07
1.231534090909091e+00,1.477272727272727e-01,-8.240917153590453e-08,-1.714442546407719e-07
1.251420454545455e+00,1.477272727272727e-01,-7.480352334907554e-08,-1.615473067952891e-07
1.271306818181818e+00,1.477272727272727e-01,-6.767152728137583e-08,-1.508023188550541e-07
1.291193181818182e+00,1.477272727272727e-01,-6.076453255703326e-08,-1.396290923092035e-07
1.311079545454545e+00,1.477272727272727e-01,-5.408253917604756e-08,-1.280276271577369e-07
1.330965909090909e+00,1.477272727272727e-01,-4.776041465811225e-08,-1.156993254150028e-07
1.350852272727273e+00,1.477272727272727e-01,-4.158092004462178e-08,-1.030712640218494e-07
1.370738636363636e+00,1.477272727272727e-01,-3.560833126270952e-08,-9.000427417057838e-08
1.390625000000000e+00,1.477272727272727e-01,-2.983556886373561e-08,-7.651006806120167e-08
1.410511363636364e+00,1.477272727272727e-01,-2.415849749191728e-08,-6.282395018989373e-08
1.430397727272727e+00,1.477272727272727e-01,-1.863246683673098e-08,-4.886137211627702e-08
1.450284090909091e+00,1.477272727272727e-01,-1.320330626363815e-08,-3.483466574292265e-08
1.470170454545455e+00,1.477272727272727e-01,-7.838646647737940e-09,-2.078693104880692e-08
1.490056818181818e+00,1.477272727272727e-01,-2.612882215778467e-09,-6.928977016233810e-09
6.349431818181818e-01,1.704545454545454e-01,-6.151701464398592e-07,-4.861225158676075e-07
6.548295454545454e-01,1.704545454545454e-01,-5.951598304673408e-07,-4.317568761355863e-07
6.747159090909091e-01,1.704545454545454e-01,-5.735543196848485e-07,-3.885247044025984e-07
6.946022727272727e-01,1.704545454545454e-01,-5.510638796237532e-07,-3.507802527426981e-07
7.144886363636364e-01,1.704545454545454e-01,-5.272014399887074e-07,-3.213721401067965e-07
7.343750000000000e-01,1.704545454545454e-01,-5.022908870523779e-07,-3.007541797743256e-07
7.542613636363636e-01,1.704545454545454e-01,-4.770840794504973e-07,-2.842956596171778e-07
7.741477272727273e-01,1.704545454545454e-01,-4.518391180428792e-07,-2.742982677994507e-07
7.940340909090909e-01,1.704545454545454e-01,-4.271792981708180e-07,-2.677362299670590e-07
8.139204545454546e-01,1.704545454545454e-01,-4.029435503621807e-07,-2.633014561177076e-07
8.338068181818181e-01,1.704545454545454e-01,-3.799947171768083e-07,-2.617102241537909e-07
8.536931818181819e-01,1.704545454545454e-01,-3.578174402750669e-07,-2.608440117063820e-07
8.735795454545454e-01,1.704545454545454e-01,-3.364117196569570e-07,-2.607028187754807e-07
8.934659090909092e-01,1.704545454545454e-01,-3.164404524193070e-07,-2.609187465573632e-07
9.133522727272727e-01,1.704545454545454e-01,-2.971077814190093e-07,-2.610583988316532e-07
9.332386363636364e-01,1.704545454545454e-01,-2.787259670240356e-07,-2.610113077089685e-07
9.531250000000000e-01,1.704545454545454e-01,-2.614349743934382e-07,-2.604126801200213e-07
9.730113636363636e-01,1.704545454545454e-01,-2.447181391328050e-07,-2.594619453284537e-07
9.928977272727273e-01,1.704545454545454e-01,-2.290157257976641e-07,-2.577716872602071e-07
1.012784090909091e+00,1.704545454545454e-01,-2.140815616882707e-07,-2.553932197308993e-07
1.032670454545455e+00,1.704545454545454e-01,-1.996529890129340e-07,-2.525516148486503e-07
1.052556818181818e+00,1.704545454545454e-01,-1.862486383499372e-07,-2.486596260413848e-07
1.072443181818182e+00,1.704545454545454e-01,-1.733521233093612e-07,-2.441927418214705e-07
1.092329545454545e+00,1.704545454545454e-01,-1.609634438912062e-07,-2.391509621889075e-07
1.112215909090909e+00,1.704545454545454e-01,-1.494410904090469e-07,-2.330476076492816e-07
1.132102272727273e+00,1.704545454545454e-01,-1.382905631430745e-07,-2.264619516311269e-07
1.151988636363636e+00,1.704545454545454e-01,-1.276893702443310e-07,-2.191551402464446e-07
1.171875000000000e+00,1.704545454545454e-01,-1.177009061617822e-07,-2.109908652841155e-07
1.191761363636364e+00,1.704545454545454e-01,-1.080313352797378e-07,-2.023667649534984e-07
1.211647727272727e+00,1.704545454545454e-01,-9.891831065001524e-08,-1.929141018501381e-07
1.231534090909091e+00,1.704545454545454e-01,-9.021627590312556e-08,-1.828109498216398e-07
1.251420454545455e+00,1.704545454545454e-01,-8.178342621674589e-08,-1.722777152894659e-07
1.271306818181818e+00,1.704545454545454e-01,-7.388172205209289e-08,-1.608513837799514e-07
1.291193181818182e+00,1.704545454545454e-01,-6.623280462290320e-08,-1.489746218538172e-07
1.311079545454545e+00,1.704545454545454e-01,-5.883667392917647e-08,-1.366474295110628e-07
1.330965909090909e+00,1.704545454545454e-01,-5.184864377726727e-08,-1.235555361204724e-07
1.350852272727273e+00,1.704545454545454e-01,-4.502567065759864e-08,-1.101469654177551e-07
1.370738636363636e+00,1.704545454545454e-01,-3.844329396709584e-08,-9.627425723675538e-08
1.390625000000000e+00,1.704545454545454e-01,-3.210685339784483e-08,-8.194040251178936e-08
1.410511363636364e+00,1.704545454545454e-01,-2.589387391252869e-08,-6.739294528264826e-08
1.430397727272727e+00,1.704545454545454e-01,-1.988764894705532e-08,-5.252342541549829e-08
1.450284090909091e+00,1.704545454545454e-01,-1.403371223559417e-08,-3.753288774704274e-08
1.470170454545455e+00,1.704545454545454e-01,-8.282090022377006e-09,-2.248018781691687e-08
1.490056818181818e+00,1.704545454545454e-01,-2.760696674021807e-09,-7.493395938952807e-09
6.349431818181818e-01,1.931818181818182e-01,-6.524193851227425e-07,-4.691562642938386e-07
6.548295454545454e-01,1.931818181818182e-01,-6.350569846034209e-07,-4.168099260200122e-07
6.747159090909091e-01,1.931818181818182e-01,-6.155594858572123e-07,-3.774955645064712e-07
6.946022727272727e-01,1.931818181818182e-01,-5.946463060011576e-07,-3.439452052557956e-07
7.144886363636364e-01,1.931818181818182e-01,-5.714805291326403e-07,-3.189656225268533e-07
7.343750000000000e-01,1.931818181818182e-01,-5.462441379375029e-07,-3.019914624486249e-07
7.542613636363636e-01,1.931818181818182e-01,-5.202387351071862e-07,-2.887033566958593e-07
7.741477272727273e-01,1.931818181818182e-01,-4.934842372744978e-07,-2.809253608190764e-07
7.940340909090909e-01,1.931818181818182e-01,-4.669796017012365e-07,-2.760102782896372e-07
8.139204545454546e-01,1.931818181818182e-01,-4.406978039674643e-07,-2.728649423659813e-07
8.338068181818181e-01,1.931818181818182e-01,-4.155083373845207e-07,-2.720497159200230e-07
8.536931818181819e-01,1.931818181818182e-01,-3.910905577231149e-07,-2.717938558870384e-07
8.735795454545454e-01,1.931818181818182e-01,-3.674444649832477e-07,-2.720973622670275e-07
8.934659090909092e-01,1.931818181818182e-01,-3.453393861748973e-07,-2.725666938773307e-07
9.133522727272727e-01,1.931818181818182e-01,-3.239404342792832e-07,-2.728960052784353e-07
9.332386363636364e-01,1.931818181818182e-01,-3.035991396668457e-07,-2.729503198864773e-07
9.531250000000000e-01,1.931818181818182e-01,-2.844905581913867e-07,-2.723747182748481e-07
9.730113636363636e-01,1.931818181818182e-01,-2.660324682945277e-07,-2.714087752319555e-07
9.928977272727273e-01,1.931818181818182e-01,-2.487268010488908e-07,-2.696414964941027e-07
1.012784090909091e+00,1.931818181818182e-01,-2.322933383670115e-07,-2.671434853744196e-07
1.032670454545455e+00,1.931818181818182e-01,-2.164335483478574e-07,-2.641545661519331e-07
1.052556818181818e+00,1.931818181818182e-01,-2.017322477614390e-07,-2.600613532395571e-07
1.072443181818182e+00,1.931818181818182e-01,-1.876024297730542e-07,-2.553671055778528e-07
1.092329545454545e+00,1.931818181818182e-01,-1.740440943827033e-07,-2.500718231668201e-07
1.112215909090909e+00,1.931818181818182e-01,-1.614553423265571e-07,-2.436706445097919e-07
1.132102272727273e+00,1.931818181818182e-01,-1.492809483821507e-07,-2.367680913375622e-07
1.151988636363636e+00,1.931818181818182e-01,-1.377181490387554e-07,-2.291161881335690e-07
1.171875000000000e+00,1.931818181818182e-01,-1.268343540298496e-07,-2.205751018402900e-07
1.191761363636364e+00,1.931818181818182e-01,-1.163033098582786e-07,-2.115575871030789e-07
1.211647727272727e+00,1.931818181818182e-01,-1.063866810891125e-07,-2.016823511607367e-07
1.231534090909091e+00,1.931818181818182e-01,-9.692263796233587e-08,-1.911347575915902e-07
1.251420454545455e+00,1.931818181818182e-01,-8.775500242692566e-08,-1.801427070749413e-07
1.271306818181818e+00,1.931818181818182e-01,-7.917199149535725e-08,-1.682286324343493e-07
1.291193181818182e+00,1.931818181818182e-01,-7.086809028003181e-08,-1.558497211737592e-07
1.311079545454545e+00,1.931818181818182e-01,-6.284329878094897e-08,-1.430059732931706e-07
1.330965909090909e+00,1.931818181818182e-01,-5.527352650959770e-08,-1.293717351912623e-07
1.350852272727273e+00,1.931818181818182e-01,-4.789106805107860e-08,-1.154082141958344e-07
1.370738636363636e+00,1.931818181818182e-01,-4.078277179335596e-08,-1.009614364842535e-07
1.390625000000000e+00,1.931818181818182e-01,-3.396626050709621e-08,-8.602395788773017e-08
1.410511363636364e+00,1.931818181818182e-01,-2.730037905347649e-08,-7.085302362421692e-08
1.430397727272727e+00,1.931818181818182e-01,-2.089502201474058e-08,-5.531678613334991e-08
1.450284090909091e+00,1.931818181818182e-01,-1.469319618921458e-08,-3.960533052043709e-08
1.470170454545455e+00,1.931818181818182e-01,-8.628474447832556e-09,-2.379274364341656e-08
1.490056818181818e+00,1.931818181818182e-01,-2.876158149362674e-09,-7.930914547773814e-09
6.349431818181818e-01,2.159090909090909e-01,-6.892585218340519e-07,-4.406480793917191e-07
6.548295454545454e-01,2.159090909090909e-01,-6.743817054416562e-07,-3.893251034563836e-07
6.747159090909091e-01,2.159090909090909e-01,-6.564350597683933e-07,-3.545238246939015e-07
6.946022727272727e-01,2.159090909090909e-01,-6.362867261449604e-07,-3.260885997950743e-07
7.144886363636364e-01,2.159090909090909e-01,-6.126004074962651e-07,-3.068246522422770e-07
7.343750000000000e-01,2.159090909090909e-01,-5.860779424130525e-07,-2.945661094822768e-07
7.542613636363636e-01,2.159090909090909e-01,-5.584960724249101e-07,-2.854034827648712e-07
7.741477272727273e-01,2.159090909090909e-01,-5.298658642198760e-07,-2.805871434108477e-07
7.940340909090909e-01,2.159090909090909e-01,-5.013851379101489e-07,-2.779046162155840e-07
8.139204545454546e-01,2.159090909090909e-01,-4.730698477677295e-07,-2.765329628236273e-07
8.338068181818181e-01,2.159090909090909e-01,-4.458256363342081e-07,-2.767918032836206e-07
8.536931818181819e-01,2.159090909090909e-01,-4.193886618530818e-07,-2.773758447525383e-07
8.735795454545454e-01,2.159090909090909e-01,-3.937589243243511e-07,-2.782850872303804e-07
8.934659090909092e-01,2.159090909090909e-01,-3.697902744592587e-07,-2.790948661337582e-07
9.133522727272727e-01,2.159090909090909e-01,-3.465928362091961e-07,-2.796813211339327e-07
9.332386363636364e-01,2.159090909090909e-01,-3.245535821127598e-07,-2.798795649878825e-07
9.531250000000000e-01,2.159090909090909e-01,-3.038744227850413e-07,-2.793600258959751e-07
9.730113636363636e-01,2.159090909090909e-01,-2.839137749023195e-07,-2.784102582022856e-07
9.928977272727273e-01,2.159090909090909e-01,-2.652275742158681e-07,-2.766007685812524e-07
1.012784090909091e+00,2.159090909090909e-01,-2.475050148326015e-07,-2.740270116832572e-07
1.032670454545455e+00,2.159090909090909e-01,-2.304159892765677e-07,-2.709409477750271e-07
1.052556818181818e+00,2.159090909090909e-01,-2.146032718404531e-07,-2.667146008451361e-07
1.072443181818182e+00,2.159090909090909e-01,-1.994177854403189e-07,-2.618720735761498e-07
1.092329545454545e+00,2.159090909090909e-01,-1.848595300761655e-07,-2.564133659680682e-07
1.112215909090909e+00,2.159090909090909e-01,-1.713611364960082e-07,-2.498258948335142e-07
1.132102272727273e+00,2.159090909090909e-01,-1.583142413130469e-07,-2.427279438096892e-07
1.151988636363636e+00,2.159090909090909e-01,-1.459332931518696e-07,-2.348674193196108e-07
1.171875000000000e+00,2.159090909090909e-01,-1.342891927965212e-07,-2.261039855697595e-07
1.191761363636364e+00,2.159090909090909e-01,-1.230274287099421e-07,-2.168571660367013e-07
1.211647727272727e+00,2.159090909090909e-01,-1.124307164696884e-07,-2.067408412249907e-07
1.231534090909091e+00,2.159090909090909e-01,-1.023232626575433e-07,-1.959437665755977e-07
1.251420454545455e+00,2.159090909090909e-01,-9.253627165070913e-08,-1.846967323336727e-07
1.271306818181818e+00,2.159090909090909e-01,-8.338176402102061e-08,-1.725167499943146e-07
1.291193181818182e+00,2.159090909090909e-01,-7.453047459848168e-08,-1.598661525157335e-07
1.311079545454545e+00,2.159090909090909e-01,-6.598240338309197e-08,-1.467449398979288e-07
1.330965909090909e+00,2.159090909090909e-01,-5.793349237536857e-08,-1.328208492950170e-07
1.350852272727273e+00,2.159090909090909e-01,-5.009312514277304e-08,-1.185598571778520e-07
1.370738636363636e+00,2.159090909090909e-01,-4.255902221511524e-08,-1.038036100560460e-07
1.390625000000000e+00,2.159090909090909e-01,-3.536027809419420e-08,-8.853334047074402e-08
1.410511363636364e+00,2.159090909090909e-01,-2.833758589842360e-08,-7.301285228698309e-08
1.430397727272727e+00,2.159090909090909e-01,-2.162505862146792e-08,-5.708891837236876e-08
1.450284090909091e+00,2.159090909090909e-01,-1.516182645914437e-08,-4.094074144948374e-08
1.470170454545455e+00,2.159090909090909e-01,-8.866637525084831e-09,-2.465621914484450e-08
1.490056818181818e+00,2.159090909090909e-01,-2.955545841670466e-09,-8.218739714913236e-09
6.349431818181818e-01,2.386363636363636e-01,-7.297838337469332e-07,-3.967912768453294e-07
6.548295454545454e-01,2.386363636363636e-01,-7.179435832173930e-07,-3.461008130015798e-07
6.747159090909091e-01,2.386363636363636e-01,-6.986719861923072e-07,-3.189578868499449e-07
6.946022727272727e-01,2.386363636363636e-01,-6.763748645060535e-07,-2.983623991806862e-07
7.144886363636364e-01,2.386363636363636e-01,-6.496607540983110e-07,-2.862918724838734e-07
7.343750000000000e-01,2.386363636363636e-01,-6.203735622401678e-07,-2.795502138471478e-07
7.542613636363636e-01,2.386363636363636e-01,-5.901874739881535e-07,-2.750778815120031e-07
7.741477272727273e-01,2.386363636363636e-01,-5.592785137423457e-07,-2.735975442225679e-07
7.940340909090909e-01,2.386363636363636e-01,-5.287061599901020e-07,-2.734474179784178e-07
8.139204545454546e-01,2.386363636363636e-01,-4.984177219441929e-07,-2.741017747646963e-07
8.338068181818181e-01,2.386363636363636e-01,-4.693891411826708e-07,-2.756073311750434e-07
8.536931818181819e-01,2.386363636363636e-01,-4.412499212779741e-07,-2.771704698764554e-07
8.735795454545454e-01,2.386363636363636e-01,-4.140000622301034e-07,-2.787911908689326e-07
8.934659090909092e-01,2.386363636363636e-01,-3.885503557440346e-07,-2.800066603304461e-07
9.133522727272727e-01,2.386363636363636e-01,-3.639332493191495e-07,-2.809047235255575e-07
9.332386363636364e-01,2.386363636363636e-01,-3.405655711112217e-07,-2.812875671915865e-07
9.531250000000000e-01,2.386363636363636e-01,-3.186628039835449e-07,-2.808614908053358e-07
9.730113636363636e-01,2.386363636363636e-01,-2.975334337845769e-07,-2.799661078659739e-07
9.928977272727273e-01,2.386363636363636e-01,-2.777749412439564e-07,-2.781588542841507e-07
1.012784090909091e+00,2.386363636363636e-01,-2.590511974143613e-07,-2.755639071395581e-07
1.032670454545455e+00,2.386363636363636e-01,-2.410075016391295e-07,-2.724423242391214e-07
1.052556818181818e+00,2.386363636363636e-01,-2.243312454354405e-07,-2.681633744660454e-07
1.072443181818182e+00,2.386363636363636e-01,-2.083253164268161e-07,-2.632645221768995e-07
1.092329545454545e+00,2.386363636363636e-01,-1.929897146132565e-07,-2.577457673716841e-07
1.112215909090909e+00,2.386363636363636e-01,-1.787838988242732e-07,-2.510976016054221e-07
1.132102272727273e+00,2.386363636363636e-01,-1.650584403942734e-07,-2.439401690153905e-07
1.151988636363636e+00,2.386363636363636e-01,-1.520411932993480e-07,-2.360224361217950e-07
1.171875000000000e+00,2.386363636363636e-01,-1.398060708337481e-07,-2.272066747891858e-07
1.191761363636364e+00,2.386363636363636e-01,-1.279765590769462e-07,-2.179105338353746e-07
1.211647727272727e+00,2.386363636363636e-01,-1.168521619564117e-07,-2.077510293761706e-07
1.231534090909091e+00,2.386363636363636e-01,-1.062465267518206e-07,-1.969162414162991e-07
1.251420454545455e+00,2.386363636363636e-01,-9.598077840125078e-08,-1.856351116669034e-07
1.271306818181818e+00,2.386363636363636e-01,-8.638694531559090e-08,-1.734285861585153e-07
1.291193181818182e+00,2.386363636363636e-01,-7.711678444230507e-08,-1.607545713479483e-07
1.311079545454545e+00,2.386363636363636e-01,-6.817029578139285e-08,-1.476130672352019e-07
1.330965909090909e+00,2.386363636363636e-01,-5.976146625994786e-08,-1.336705637871518e-07
1.350852272727273e+00,2.386363636363636e-01,-5.157994137933499e-08,-1.193892359150423e-07
1.370738636363636e+00,2.386363636363636e-01,-4.373311974060120e-08,-1.046089316798983e-07
1.390625000000000e+00,2.386363636363636e-01,-3.626014736541496e-08,-8.929993561848219e-08
1.410511363636364e+00,2.386363636363636e-01,-2.898548389823394e-08,-7.372859338854619e-08
1.430397727272727e+00,2.386363636363636e-01,-2.206410383019127e-08,-5.772400703364277e-08
1.450284090909091e+00,2.386363636363636e-01,-1.543095130066635e-08,-4.145399578226112e-08
1.470170454545455e+00,2.386363636363636e-01,-8.992089454041700e-09,-2.501787525668257e-08
1.490056818181818e+00,2.386363636363636e-01,-2.997363151381883e-09,-8.339291752222754e-09
6.349431818181818e-01,2.613636363636364e-01,-7.799978921082539e-07,-3.386319421412032e-07
6.548295454545454e-01,2.613636363636364e-01,-7.650052899118777e-07,-2.943033285868840e-07
6.747159090909091e-01,2.613636363636364e-01,-7.402434203333282e-07,-2.773752811495375e-07
6.946022727272727e-01,2.613636363636364e-01,-7.127384123038161e-07,-2.662098692330180e-07
7.144886363636364e-01,2.613636363636364e-01,-6.816484228539487e-07,-2.616232767147141e-07
7.343750000000000e-01,2.613636363636364e-01,-6.490123409311342e-07,-2.604906944173813e-07
7.542613636363636e-01,2.613636363636364e-01,-6.159320766384548e-07,-2.607413902240261e-07
7.741477272727273e-01,2.613636363636364e-01,-5.827692361292171e-07,-2.626100955242845e-07
7.940340909090909e-01,2.613636363636364e-01,-5.502519740867833e-07,-2.650153228383416e-07
8.139204545454546e-01,2.613636363636364e-01,-5.182109487221311e-07,-2.677245385373840e-07
8.338068181818181e-01,2.613636363636364e-01,-4.876984890194945e-07,-2.705107220304655e-07
8.536931818181819e-01,2.613636363636364e-01,-4.581711590229182e-07,-2.730850962027462e-07
8.735795454545454e-01,2.613636363636364e-01,-4.296289587324028e-07,-2.754476610542260e-07
8.934659090909092e-01,2.613636363636364e-01,-4.030206444455381e-07,-2.770946841705216e-07
9.133522727272727e-01,2.613636363636364e-01,-3.772980104649886e-07,-2.783293898693658e-07
9.332386363636364e-01,2.613636363636364e-01,-3.529018322045311e-07,-2.789209992262844e-07
9.531250000000000e-01,2.613636363636364e-01,-3.300530418815359e-07,-2.786152849627042e-07
9.730113636363636e-01,2.613636363636364e-01,-3.080201729175017e-07,-2.778036085651724e-07
9.928977272727273e-01,2.613636363636364e-01,-2.874316276655286e-07,-2.760340612969839e-07
1.012784090909091e+00,2.613636363636364e-01,-2.679313283168635e-07,-2.734605210675914e-07
1.032670454545455e+00,2.613636363636364e-01,-2.491460611185392e-07,-2.703509219470123e-07
1.052556818181818e+00,2.613636363636364e-01,-2.317966581285347e-07,-2.660791730719256e-07
1.072443181818182e+00,2.613636363636364e-01,-2.151500453869324e-07,-2.611910529882082e-07
1.092329545454545e+00,2.613636363636364e-01,-1.992062228937327e-07,-2.556865616958603e-07
1.112215909090909e+00,2.613636363636364e-01,-1.844451896399634e-07,-2.490660289269657e-07
1.132102272727273e+00,2.613636363636364e-01,-1.701865448845377e-07,-2.419439497215708e-07
1.151988636363636e+00,2.613636363636364e-01,-1.566684286083628e-07,-2.340736157503047e-07
1.171875000000000e+00,2.613636363636364e-01,-1.439674606780228e-07,-2.253218863825387e-07
1.191761363636364e+00,2.613636363636364e-01,-1.316902388953852e-07,-2.160990829135448e-07
1.211647727272727e+00,2.613636363636364e-01,-1.201496046418219e-07,-2.060304031365488e-07
1.231534090909091e+00,2.613636363636364e-01,-1.091513866303831e-07,-1.953007028731939e-07
1.251420454545455e+00,2.613636363636364e-01,-9.850869089191240e-08,-1.841340731482694e-07
1.271306818181818e+00,2.613636363636364e-01,-8.857033406446220e-08,-1.720613972688648e-07
1.291193181818182e+00,2.613636363636364e-01,-7.897294092796388e-08,-1.595301234554819e-07
1.311079545454545e+00,2.613636363636364e-01,-6.971651148241704e-08,-1.465402517081198e-07
1.330965909090909e+00,2.613636363636364e-01,-6.103110231779076e-08,-1.327607816365629e-07
1.350852272727273e+00,2.613636363636364e-01,-5.258947138753517e-08,-1.186445416400385e-07
1.370738636363636e+00,2.613636363636364e-01,-4.450757693255759e-08,-1.040314447773073e-07
1.390625000000000e+00,2.613636363636364e-01,-3.683355266318194e-08,-8.888155523910921e-08
1.410511363636364e+00,2.613636363636364e-01,-2.937745949958601e-08,-7.346079050625562e-08
1.430397727272727e+00,2.613636363636364e-01,-2.231257687158045e-08,-5.758360940179861e-08
1.450284090909091e+00,2.613636363636364e-01,-1.556986774385492e-08,-4.140590116101751e-08
1.470170454545455e+00,2.613636363636364e-01,-9.044300343184558e-09,-2.503649559284627e-08
1.490056818181818e+00,2.613636363636364e-01,-3.014766781098483e-09,-8.345498530946530e-09
6.349431818181818e-01,2.840909090909091e-01,-8.374108729301506e-07,-2.657571428711070e-07
6.548295454545454e-01,2.840909090909091e-01,-8.121273209751270e-07,-2.359188251309081e-07
6.747159090909091e-01,2.840909090909091e-01,-7.783599041336016e-07,-2.313029538127471e-07
6.946022727272727e-01,2.840909090909091e-01,-7.433125948124713e-07,-2.306173886761440e-07
7.144886363636364e-01,2.840909090909091e-01,-7.071361680123368e-07,-2.335140359309858e-07
7.343750000000000e-01,2.840909090909091e-01,-6.709815490509193e-07,-2.379047162152063e-07
7.542613636363636e-01,2.840909090909091e-01,-6.350367809445967e-07,-2.427763421969393e-07
7.741477272727273e-01,2.840909090909091e-01,-5.998396581349045e-07,-2.479174027068395e-07
7.940340909090909e-01,2.840909090909091e-01,-5.656626634529548e-07,-2.528324949955661e-07
8.139204545454546e-01,2.840909090909091e-01,-5.321934695014372e-07,-2.575704746368980e-07
8.338068181818181e-01,2.840909090909091e-01,-5.005580930118421e-07,-2.616379825705735e-07
8.536931818181819e-01,2.840909090909091e-01,-4.700050775882510e-07,-2.652306750544900e-07
8.735795454545454e-01,2.840909090909091e-01,-4.405344232306650e-07,-2.683485520886474e-07
8.934659090909092e-01,2.840909090909091e-01,-4.131142176756011e-07,-2.704455790416430e-07
9.133522727272727e-01,2.840909090909091e-01,-3.866210231318326e-07,-2.720372913205552e-07
9.332386363636364e-01,2.840909090909091e-01,-3.615125401126611e-07,-2.728607856588937e-07
9.531250000000000e-01,2.840909090909091e-01,-3.380081709396801e-07,-2.727033500539616e-07
9.730113636363636e-01,2.840909090909091e-01,-3.153483223815756e-07,-2.720064554035959e-07
9.928977272727273e-01,2.840909090909091e-01,-2.941809355651614e-07,-2.703124741965773e-07
1.012784090909091e+00,2.840909090909091e-01,-2.741362774324567e-07,-2.678051940035389e-07
1.032670454545455e+00,2.840909090909091e-01,-2.548292046263334e-07,-2.647572108919283e-07
1.052556818181818e+00,2.840909090909091e-01,-2.370021450167590e-07,-2.605539158490244e-07
1.072443181818182e+00,2.840909090909091e-01,-2.198990396471167e-07,-2.557445484080320e-07
1.092329545454545e+00,2.840909090909091e-01,-2.035198885174071e-07,-2.503291085689512e-07
1.112215909090909e+00,2.840909090909091e-01,-1.883586293332698e-07,-2.438240345317286e-07
1.132102272727273e+00,2.840909090909091e-01,-1.737145878064900e-07,-2.368311896171731e-07
1.151988636363636e+00,2.840909090909091e-01,-1.598329068704896e-07,-2.291112295508531e-07
1.171875000000000e+00,2.840909090909091e-01,-1.467926185408289e-07,-2.205374623178054e-07
1.191761363636364e+00,2.840909090909091e-01,-1.341888108723399e-07,-2.115078048954934e-07
1.211647727272727e+00,2.840909090909091e-01,-1.223440396884737e-07,-2.016603572792735e-07
1.231534090909091e+00,2.840909090909091e-01,-1.110591788920852e-07,-1.911743930921351e-07
1.251420454545455e+00,2.840909090909091e-01,-1.001414813738607e-07,-1.802663440475180e-07
1.271306818181818e+00,2.840909090909091e-01,-8.995310922887362e-08,-1.684827004234208e-07
1.291193181818182e+00,2.840909090909091e-01,-8.011959103211294e-08,-1.562548222918277e-07
1.311079545454545e+00,2.840909090909091e-01,-7.064092678357819e-08,-1.435827096527382e-07
1.330965909090909e+00,2.840909090909091e-01,-6.176103777470419e-08,-1.301415801738106e-07
1.350852272727273e+00,2.840909090909091e-01,-5.313889829397238e-08,-1.163696486872607e-07
1.370738636363636e+00,2.840909090909091e-01,-4.489780062302019e-08,-1.021087528417375e-07
1.390625000000000e+00,2.840909090909091e-01,-3.709379417059896e-08,-8.730964395839231e-08
1.410511363636364e+00,2.840909090909091e-01,-2.952456160497104e-08,-7.223482086633183e-08
1.430397727272727e+00,2.840909090909091e-01,-2.237907540572096e-08,-5.668725871347057e-08
1.450284090909091e+00,2.840909090909091e-01,-1.558468909090206e-08,-4.081030916023883e-08
1.470170454545455e+00,2.840909090909091e-01,-9.026887265966918e-09,-2.472034602604230e-08
1.490056818181818e+00,2.840909090909091e-01,-3.008962421963191e-09,-8.240115341981421e-09
6.349431818181818e-01,3.068181818181818e-01,-8.810812610385749e-07,-1.746431990991104e-07
6.548295454545454e-01,3.068181818181818e-01,-8.394099771259966e-07,-1.756980782140415e-07
6.747159090909091e-01,3.068181818181818e-01,-7.983115340416265e-07,-1.833250519850447e-07
6.946022727272727e-01,3.068181818181818e-01,-7.578810724579763e-07,-1.920599640341223e-07
7.144886363636364e-01,3.068181818181818e-01,-7.185736611532547e-07,-2.018791826467391e-07
7.343750000000000e-01,3.068181818181818e-01,-6.803234664770416e-07,-2.113483504998545e-07
7.542613636363636e-01,3.068181818181818e-01,-6.427238534777366e-07,-2.204618999199670e-07
7.741477272727273e-01,3.068181818181818e-01,-6.064524899985855e-07,-2.286215658452369e-07
7.940340909090909e-01,3.068181818181818e-01,-5.714694214594989e-07,-2.358672803911520e-07
8.139204545454546e-01,3.068181818181818e-01,-5.373594104561919e-07,-2.425017456862885e-07
8.338068181818181e-01,3.068181818181818e-01,-5.052947950731061e-07,-2.477907306833100e-07
8.536931818181819e-01,3.068181818181818e-01,-4.743710689508701e-07,-2.523655494262062e-07
8.735795454545454e-01,3.068181818181818e-01,-4.445882320894849e-07,-2.562262019149769e-07
8.934659090909092e-01,3.068181818181818e-01,-4.169085236889024e-07,-2.587865855666321e-07
9.133522727272727e-01,3.068181818181818e-01,-3.901693713745512e-07,-2.607570773942561e-07
9.332386363636364e-01,3.068181818181818e-01,-3.648320176131505e-07,-2.618458011622243e-07
9.531250000000000e-01,3.068181818181818e-01,-3.411090578273340e-07,-2.618811642346229e-07
9.730113636363636e-01,3.068181818181818e-01,-3.182351346834866e-07,-2.613495346613812e-07
9.928977272727273e-01,3.068181818181818e-01,-2.968599519179424e-07,-2.597922927496943e-07
1.012784090909091e+00,3.068181818181818e-01,-2.766118219106597e-07,-2.574216198402212e-07
1.032670454545455e+00,3.068181818181818e-01,-2.571041779487341e-07,-2.545117846304452e-07
1.052556818181818e+00,3.068181818181818e-01,-2.390830271001212e-07,-2.504676189451873e-07
1.072443181818182e+00,3.068181818181818e-01,-2.217896805116764e-07,-2.458357012160024e-07
1.092329545454545e+00,3.068181818181818e-01,-2.052241381834002e-07,-2.406160314428905e-07
1.112215909090909e+00,3.068181818181818e-01,-1.898843799167262e-07,-2.343485007197627e-07
1.132102272727273e+00,3.068181818181818e-01,-1.750657680373216e-07,-2.276141280689500e-07
1.151988636363636e+00,3.068181818181818e-01,-1.610154957080109e-07,-2.201845283875373e-07
1.171875000000000e+00,3.068181818181818e-01,-1.478146091545764e-07,-2.119417375189384e-07
1.191761363636364e+00,3.068181818181818e-01,-1.350547933141991e-07,-2.032652571124635e-07
1.211647727272727e+00,3.068181818181818e-01,-1.230628509791560e-07,-1.938117729209634e-07
1.231534090909091e+00,3.068181818181818e-01,-1.116389667448373e-07,-1.837522441887417e-07
1.251420454545455e+00,3.068181818181818e-01,-1.005878151407339e-07,-1.732920599094973e-07
1.271306818181818e+00,3.068181818181818e-01,-9.027954589086600e-08,-1.620003418686159e-07
1.291193181818182e+00,3.068181818181818e-01,-8.033469549821909e-08,-1.502856027928704e-07
1.311079545454545e+00,3.068181818181818e-01,-7.075326396279277e-08,-1.381478426822603e-07
1.330965909090909e+00,3.068181818181818e-01,-6.178944183107453e-08,-1.252735204133608e-07
1.350852272727273e+00,3.068181818181818e-01,-5.309336623146887e-08,-1.120796118305953e-07
1.370738636363636e+00,3.068181818181818e-01,-4.479371924145993e-08,-9.841243341247977e-08
1.390625000000000e+00,3.068181818181818e-01,-3.695298864386535e-08,-8.421505762277057e-08
1.410511363636364e+00,3.068181818181818e-01,-2.935969718265800e-08,-6.974240424874814e-08
1.430397727272727e+00,3.068181818181818e-01,-2.221476616245598e-08,-5.479059710383763e-08
1.450284090909091e+00,3.068181818181818e-01,-1.544279812488512e-08,-3.948952158459244e-08
1.470170454545455e+00,3.068181818181818e-01,-8.922082554628452e-09,-2.396023817859529e-08
1.490056818181818e+00,3.068181818181818e-01,-2.974027518231992e-09,-7.986746059464427e-09
6.349431818181818e-01,3.295454545454545e-01,-8.601771068165991e-07,-7.712251912200365e-08
6.548295454545454e-01,3.295454545454545e-01,-8.296249112506885e-07,-1.097678511155356e-07
6.747159090909091e-01,3.295454545454545e-01,-7.920104787267399e-07,-1.307849362772464e-07
6.946022727272727e-01,3.295454545454545e-01,-7.536075306536598e-07,-1.497675171194014e-07
7.144886363636364e-01,3.295454545454545e-01,-7.147631027863338e-07,-1.666980551323003e-07
7.343750000000000e-01,3.295454545454545e-01,-6.767293906591139e-07,-1.812000338561941e-07
7.542613636363636e-01,3.295454545454545e-01,-6.392897576068875e-07,-1.944402641443017e-07
7.741477272727273e-01,3.295454545454545e-01,-6.032176987561987e-07,-2.054826427901983e-07
7.940340909090909e-01,3.295454545454545e-01,-5.684820796478181e-07,-2.149503086417122e-07
8.139204545454546e-01,3.295454545454545e-01,-5.346483455182402e-07,-2.233912812658285e-07
8.338068181818181e-01,3.295454545454545e-01,-5.028870513075376e-07,-2.298581676709840e-07
8.536931818181819e-01,3.295454545454545e-01,-4.722602534019736e-07,-2.353910376991114e-07
8.735795454545454e-01,3.295454545454545e-01,-4.427679518015491e-07,-2.399898913502105e-07
8.934659090909092e-01,3.295454545454545e-01,-4.153438492316322e-07,-2.430339880692530e-07
9.133522727272727e-01,3.295454545454545e-01,-3.888406386965129e-07,-2.454119847877620e-07
9.332386363636364e-01,3.295454545454545e-01,-3.637086678044195e-07,-2.468062755420571e-07
9.531250000000000e-01,3.295454545454545e-01,-3.401534728922219e-07,-2.470849923685872e-07
9.730113636363636e-01,3.295454545454545e-01,-3.174277971319242e-07,-2.467742507644359e-07
9.928977272727273e-01,3.295454545454545e-01,-2.961669156153634e-07,-2.454177355088840e-07
1.012784090909091e+00,3.295454545454545e-01,-2.760095998974244e-07,-2.432540157654547e-07
1.032670454545455e+00,3.295454545454545e-01,-2.565776101964194e-07,-2.405569163220432e-07
1.052556818181818e+00,3.295454545454545e-01,-2.386046612810703e-07,-2.367556909690895e-07
1.072443181818182e+00,3.295454545454545e-01,-2.213479723887634e-07,-2.323901699742016e-07
1.092329545454545e+00,3.295454545454545e-01,-2.048075435194993e-07,-2.274603533373795e-07
1.112215909090909e+00,3.295454545454545e-01,-1.894767633200684e-07,-2.215343255397827e-07
1.132102272727273e+00,3.295454545454545e-01,-1.746614549897189e-07,-2.151670345484054e-07
1.151988636363636e+00,3.295454545454545e-01,-1.606065062078927e-07,-2.081434067381766e-07
1.171875000000000e+00,3.295454545454545e-01,-1.473946192312802e-07,-2.003558359355362e-07
1.191761363636364e+00,3.295454545454545e-01,-1.346212039022080e-07,-1.921614683925524e-07
1.211647727272727e+00,3.295454545454545e-01,-1.226124561422363e-07,-1.832394557940548e-07
1.231534090909091e+00,3.295454545454545e-01,-1.111715733833819e-07,-1.737507381233869e-07
1.251420454545455e+00,3.295454545454545e-01,-1.001035639516419e-07,-1.638873486610809e-07
1.271306818181818e+00,3.295454545454545e-01,-8.978166054209911e-08,-1.532460958731540e-07
1.291193181818182e+00,3.295454545454545e-01,-7.982685475204112e-08,-1.422080277746792e-07
1.311079545454545e+00,3.295454545454545e-01,-7.023914658146750e-08,-1.307731443656560e-07
1.330965909090909e+00,3.295454545454545e-01,-6.127961856055711e-08,-1.186431615009673e-07
1.350852272727273e+00,3.295454545454545e-01,-5.259416682324754e-08,-1.062089431714192e-07
1.370738636363636e+00,3.295454545454545e-01,-4.431507360646583e-08,-9.332334554513885e-08
1.390625000000000e+00,3.295454545454545e-01,-3.651005407232237e-08,-7.992337506601945e-08
1.410511363636364e+00,3.295454545454545e-01,-2.896143541405517e-08,-6.625298614855204e-08
1.430397727272727e+00,3.295454545454545e-01,-2.187887961802933e-08,-5.210543580998115e-08
1.450284090909091e+00,3.295454545454545e-01,-1.518517109463638e-08,-3.759640479718369e-08
1.470170454545455e+00,3.295454545454545e-01,-8.753354040973590e-09,-2.284919797062534e-08
1.490056818181818e+00,3.295454545454545e-01,-2.917784680344186e-09,-7.616399323480577e-09
6.349431818181818e-01,3.522727272727273e-01,-8.191418357739073e-07,1.882299865661144e-08
6.548295454545454e-01,3.522727272727273e-01,-8.004497431133047e-07,-3.890489625688394e-08
6.747159090909091e-01,3.522727272727273e-01,-7.690443153933681e-07,-7.394809559258238e-08
6.946022727272727e-01,3.522727272727273e-01,-7.352622014049843e-07,-1.040240608996521e-07
7.144886363636364e-01,3.522727272727273e-01,-6.989623600646872e-07,-1.282999628044237e-07
7.343750000000000e-01,3.522727272727273e-01,-6.627187141529299e-07,-1.478845132432751e-07
7.542613636363636e-01,3.522727272727273e-01,-6.267874467411383e-07,-1.652383285418890e-07
7.741477272727273e-01,3.522727272727273e-01,-5.919453717340139e-07,-1.791041331255521e-07
7.940340909090909e-01,3.522727272727273e-01,-5.583251290395335e-07,-1.907439188321961e-07
8.139204545454546e-01,3.522727272727273e-01,-5.255334599612012e-07,-2.009488850171181e-07
8.338068181818181e-01,3.522727272727273e-01,-4.946889034125830e-07,-2.085780004203482e-07
8.536931818181819e-01,3.522727272727273e-01,-4.649161300175220e-07,-2.150662782384390e-07
8.735795454545454e-01,3.522727272727273e-01,-4.362151397760191e-07,-2.204137184713905e-07
8.934659090909092e-01,3.522727272727273e-01,-4.094708822475798e-07,-2.239697019064955e-07
9.133522727272727e-01,3.522727272727273e-01,-3.835991683139493e-07,-2.267894678063069e-07
9.332386363636364e-01,3.522727272727273e-01,-3.590271006291651e-07,-2.285320900069071e-07
9.531250000000000e-01,3.522727272727273e-01,-3.359537539926479e-07,-2.291042861632111e-07
9.730113636363636e-01,3.522727272727273e-01,-3.136702771482794e-07,-2.290681406131467e-07
9.928977272727273e-01,3.522727272727273e-01,-2.927842684935226e-07,-2.279718348506942e-07
1.012784090909091e+00,3.522727272727273e-01,-2.729555358844534e-07,-2.260787756917260e-07
1.032670454545455e+00,3.522727272727273e-01,-2.538221763235892e-07,-2.236609304957222e-07
1.052556818181818e+00,3.522727272727273e-01,-2.360927838372004e-07,-2.201751969042041e-07
1.072443181818182e+00,3.522727272727273e-01,-2.190556203363372e-07,-2.161519970966371e-07
1.092329545454545e+00,3.522727272727273e-01,-2.027106858210000e-07,-2.115913310730214e-07
1.112215909090909e+00,3.522727272727273e-01,-1.875397920189458e-07,-2.060926819836408e-07
1.132102272727273e+00,3.522727272727273e-01,-1.728709054694682e-07,-2.001814912273679e-07
1.151988636363636e+00,3.522727272727273e-01,-1.589430724912504e-07,-1.936576000490254e-07
1.171875000000000e+00,3.522727272727273e-01,-1.458403264756396e-07,-1.864249708314589e-07
1.191761363636364e+00,3.522727272727273e-01,-1.331675901018136e-07,-1.788157040454203e-07
1.211647727272727e+00,3.522727272727273e-01,-1.212464687852584e-07,-1.705341708808745e-07
1.231534090909091e+00,3.522727272727273e-01,-1.098861552573529e-07,-1.617301807362373e-07
1.251420454545455e+00,3.522727272727273e-01,-9.889438305642196e-08,-1.525807680402524e-07
1.271306818181818e+00,3.522727272727273e-01,-8.864336963257962e-08,-1.427141625885204e-07
1.291193181818182e+00,3.522727272727273e-01,-7.875904822464417e-08,-1.324806627735140e-07
1.311079545454545e+00,3.522727272727273e-01,-6.924141883261520e-08,-1.218802685952327e-07
1.330965909090909e+00,3.522727272727273e-01,-6.035559803815838e-08,-1.106331040232352e-07
1.350852272727273e+00,3.522727272727273e-01,-5.174710349267489e-08,-9.910027249419464e-08
1.370738636363636e+00,3.522727272727273e-01,-4.355031500491009e-08,-8.714279326622168e-08
1.390625000000000e+00,3.522727272727273e-01,-3.583719521039867e-08,-7.469300083698340e-08
1.410511363636364e+00,3.522727272727273e-01,-2.838636481613003e-08,-6.198120882467038e-08
1.430397727272727e+00,3.522727272727273e-01,-2.141359352949821e-08,-4.880106487568213e-08
1.450284090909091e+00,3.522727272727273e-01,-1.484066678178239e-08,-3.525350375327754e-08
1.470170454545455e+00,3.522727272727273e-01,-8.536980909481693e-09,-2.146208110090509e-08
1.490056818181818e+00,3.522727272727273e-01,-2.845660303185004e-09,-7.154027033625991e-09
6.349431818181818e-01,3.750000000000000e-01,-7.804294491024672e-07,1.085839482126785e-07
6.548295454545454e-01,3.750000000000000e-01,-7.595509167758929e-07,3.700733810109951e-08
6.747159090909091e-01,3.750000000000000e-01,-7.328877971530283e-07,-1.248460987986257e-08
6.946022727272727e-01,3.750000000000000e-01,-7.039316816656110e-07,-5.460393487857788e-08
7.144886363636364e-01,3.750000000000000e-01,-6.716491164784078e-07,-8.651041480425755e-08
7.343750000000000e-01,3.750000000000000e-01,-6.385336994130134e-07,-1.112858476417634e-07
7.542613636363636e-01,3.750000000000000e-01,-6.053498711083266e-07,-1.327954451719492e-07
7.741477272727273e-01,3.750000000000000e-01,-5.727480534710924e-07,-1.494613603301356e-07
7.940340909090909e-01,3.750000000000000e-01,-5.411044414470348e-07,-1.632505862253448e-07
8.139204545454546e-01,3.750000000000000e-01,-5.101216544238529e-07,-1.751986776490183e-07
8.338068181818181e-01,3.750000000000000e-01,-4.808092185391141e-07,-1.839881100642309e-07
8.536931818181819e-01,3.750000000000000e-01,-4.524480529690987e-07,-1.914407648322549e-07
8.735795454545454e-01,3.750000000000000e-01,-4.250381577138074e-07,-1.975566419530902e-07
8.934659090909092e-01,3.750000000000000e-01,-3.993946390914300e-07,-2.016601590916454e-07
9.133522727272727e-01,3.750000000000000e-01,-3.745459578242642e-07,-2.049628428000250e-07
9.332386363636364e-01,3.750000000000000e-01,-3.508834085703828e-07,-2.071026607931738e-07
9.531250000000000e-01,3.750000000000000e-01,-3.286007406093961e-07,-2.080237927515438e-07
9.730113636363636e-01,3.750000000000000e-01,-3.070480919186497e-07,-2.083208551239122e-07
9.928977272727273e-01,3.750000000000000e-01,-2.867922992592228e-07,-2.075483483823871e-07
1.012784090909091e+00,3.750000000000000e-01,-2.675249388116111e-07,-2.059930477927543e-07
1.032670454545455e+00,3.750000000000000e-01,-2.489083772914085e-07,-2.039238832767138e-07
1.052556818181818e+00,3.750000000000000e-01,-2.316135247421952e-07,-2.008279988425956e-07
1.072443181818182e+00,3.750000000000000e-01,-2.149746111722072e-07,-1.972242459648953e-07
1.092329545454545e+00,3.750000000000000e-01,-1.989916365814447e-07,-1.931126246436130e-07
1.112215909090909e+00,3.750000000000000e-01,-1.841279890882230e-07,-1.881267252272370e-07
1.132102272727273e+00,3.750000000000000e-01,-1.697452358717120e-07,-1.827596604456873e-07
1.151988636363636e+00,3.750000000000000e-01,-1.560731086013125e-07,-1.768275518969147e-07
1.171875000000000e+00,3.750000000000000e-01,-1.431966292977825e-07,-1.702470425176649e-07
1.191761363636364e+00,3.750000000000000e-01,-1.307359200173306e-07,-1.633228919511874e-07
1.211647727272727e+00,3.750000000000000e-01,-1.190040528546289e-07,-1.557871245286851e-07
1.231534090909091e+00,3.750000000000000e-01,-1.078191298649277e-07,-1.477775140138525e-07
1.251420454545455e+00,3.750000000000000e-01,-9.699397762652515e-08,-1.394546424156237e-07
1.271306818181818e+00,3.750000000000000e-01,-8.689569279444985e-08,-1.304815768445213e-07
1.291193181818182e+00,3.750000000000000e-01,-7.715960162426235e-08,-1.211749564225221e-07
1.311079545454545e+00,3.750000000000000e-01,-6.778570411596222e-08,-1.115347811496259e-07
1.330965909090909e+00,3.750000000000000e-01,-5.904026394422842e-08,-1.013026040210185e-07
1.350852272727273e+00,3.750000000000000e-01,-5.057230437247105e-08,-9.080639389939525e-08
1.370738636363636e+00,3.750000000000000e-01,-4.251679271099264e-08,-7.991689387805695e-08
1.390625000000000e+00,3.750000000000000e-01,-3.494897866717902e-08,-6.856319394365549e-08
1.410511363636364e+00,3.750000000000000e-01,-2.764627802838428e-08,-5.695938917387532e-08
1.430397727272727e+00,3.750000000000000e-01,-2.082796225699391e-08,-4.490273325410313e-08
1.450284090909091e+00,3.750000000000000e-01,-1.441566481138182e-08,-3.247892295507707e-08
1.470170454545455e+00,3.750000000000000e-01,-8.276713305103851e-09,-1.980979888411378e-08
1.490056818181818e+00,3.750000000000000e-01,-2.758904435104977e-09,-6.603266294801768e-09
6.349431818181818e-01,3.977272727272727e-01,-7.296354790474172e-07,1.906353551955175e-07
6.548295454545454e-01,3.977272727272727e-01,-7.097447421655394e-07,1.076220178070779e-07
6.747159090909091e-01,3.977272727272727e-01,-6.849973848598489e-07,4.869668168848158e-08
6.946022727272727e-01,3.977272727272727e-01,-6.587832699046979e-07,-1.790270922059044e-09
7.144886363636364e-01,3.977272727272727e-01,-6.306014463161225e-07,-4.042339493238552e-08
7.343750000000000e-01,3.977272727272727e-01,-6.014411822503219e-07,-6.996595481795526e-08
7.542613636363636e-01,3.977272727272727e-01,-5.720502700659912e-07,-9.538381062638603e-08
7.741477272727273e-01,3.977272727272727e-01,-5.427920885909425e-07,-1.147683156100641e-07
7.940340909090909e-01,3.977272727272727e-01,-5.141451415070458e-07,-1.306709941909500e-07
8.139204545454546e-01,3.977272727272727e-01,-4.859339842396756e-07,-1.443547279436655e-07
8.338068181818181e-01,3.977272727272727e-01,-4.589736239843835e-07,-1.543387029503328e-07
8.536931818181819e-01,3.977272727272727e-01,-4.327770935001693e-07,-1.628055730104321e-07
8.735795454545454e-01,3.977272727272727e-01,-4.073443927870338e-07,-1.697553381239632e-07
8.934659090909092e-01,3.977272727272727e-01,-3.833867193327740e-07,-1.744918510096695e-07
9.133522727272727e-01,3.977272727272727e-01,-3.601071746210598e-07,-1.783694131428544e-07
9.332386363636364e-01,3.977272727272727e-01,-3.378440271023903e-07,-1.810073142299692e-07
9.531250000000000e-01,3.977272727272727e-01,-3.167861989138668e-07,-1.823850153259562e-07
9.730113636363636e-01,3.977272727272727e-01,-2.963708647602077e-07,-1.831259338592620e-07
9.928977272727273e-01,3.977272727272727e-01,-2.771060227375717e-07,-1.827921829871983e-07
1.012784090909091e+00,3.977272727272727e-01,-2.587296989721584e-07,-1.816922354333232e-07
1.032670454545455e+00,3.977272727272727e-01,-2.409394505870773e-07,-1.800910882627195e-07
1.052556818181818e+00,3.977272727272727e-01,-2.243511058441536e-07,-1.775079887766142e-07
1.072443181818182e+00,3.977272727272727e-01,-2.083654005234764e-07,-1.744487736679530e-07
1.092329545454545e+00,3.977272727272727e-01,-1.929823346250459e-07,-1.709134429367360e-07
1.112215909090909e+00,3.977272727272727e-01,-1.786371902282119e-07,-1.665722220465113e-07
1.132102272727273e+00,3.977272727272727e-01,-1.647410624378379e-07,-1.618836585829599e-07
1.151988636363636e+00,3.977272727272727e-01,-1.515094523311779e-07,-1.566814632786679e-07
1.171875000000000e+00,3.977272727272727e-01,-1.390277020335661e-07,-1.508963706520837e-07
1.191761363636364e+00,3.977272727272727e-01,-1.269391906312176e-07,-1.448035833673680e-07
1.211647727272727e+00,3.977272727272727e-01,-1.155426953691201e-07,-1.381654796584626e-07
1.231534090909091e+00,3.977272727272727e-01,-1.046692854233835e-07,-1.311070942732106e-07
1.251420454545455e+00,3.977272727272727e-01,-9.414034135427640e-08,-1.237709389345565e-07
1.271306818181818e+00,3.977272727272727e-01,-8.431161528541433e-08,-1.158591418641793e-07
1.291193181818182e+00,3.977272727272727e-01,-7.483437672522430e-08,-1.076514228331557e-07
1.311079545454545e+00,3.977272727272727e-01,-6.570862567370585e-08,-9.914778184148523e-08
1.330965909090909e+00,3.977272727272727e-01,-5.719726931914034e-08,-9.011540912921110e-08
1.350852272727273e+00,3.977272727272727e-01,-4.895877718907159e-08,-8.084484610180090e-08
1.370738636363636e+00,3.977272727272727e-01,-4.112637062813412e-08,-7.121874951461377e-08
1.390625000000000e+00,3.977272727272727e-01,-3.377712309670614e-08,-6.116527549605380e-08
1.410511363636364e+00,3.977272727272727e-01,-2.669111283475495e-08,-5.087867245681351e-08
1.430397727272727e+00,3.977272727272727e-01,-2.008714686470919e-08,-4.016464043978497e-08
1.450284090909091e+00,3.977272727272727e-01,-1.388806259228653e-08,-2.909311665020865e-08
1.470170454545455e+00,3.977272727272727e-01,-7.961517705302814e-09,-1.778126855553221e-08
1.490056818181818e+00,3.977272727272727e-01,-2.653839235081624e-09,-5.927089518511857e-09
6.349431818181818e-01,4.204545454545455e-01,-6.715131122428853e-07,2.672189831499590e-07
6.548295454545454e-01,4.204545454545455e-01,-6.521819139382342e-07,1.739970286501684e-07
6.747159090909091e-01,4.204545454545455e-01,-6.303605859645402e-07,1.080368414255970e-07
6.946022727272727e-01,4.204545454545455e-01,-6.076581120817603e-07,5.125264484239553e-08
7.144886363636364e-01,4.204545454545455e-01,-5.837143627475703e-07,7.210525175552483e-09
7.343750000000000e-01,4.204545454545455e-01,-5.587351099782566e-07,-2.645376247866662e-08
7.542613636363636e-01,4.204545454545455e-01,-5.334081118156556e-07,-5.537987987289789e-08
7.741477272727273e-01,4.204545454545455e-01,-5.078415506461255e-07,-7.731053832646441e-08
7.940340909090909e-01,4.204545454545455e-01,-4.825518157833187e-07,-9.523654254989830e-08
8.139204545454546e-01,4.204545454545455e-01,-4.574782142347043e-07,-1.106157282785545e-07
8.338068181818181e-01,4.204545454545455e-01,-4.332150446664800e-07,-1.218087763482811e-07
8.536931818181819e-01,4.204545454545455e-01,-4.095100422120087e-07,-1.313197565821841e-07
8.735795454545454e-01,4.204545454545455e-01,-3.863632068712907e-07,-1.391486689802634e-07
8.934659090909092e-01,4.204545454545455e-01,-3.643650350604666e-07,-1.445786476042534e-07
9.133522727272727e-01,4.204545454545455e-01,-3.429133169609847e-07,-1.490957401456112e-07
9.332386363636364e-01,4.204545454545455e-01,-3.222861698223944e-07,-1.523017977992594e-07
9.531250000000000e-01,4.204545454545455e-01,-3.026662700858115e-07,-1.542091877959050e-07
9.730113636363636e-01,4.204545454545455e-01,-2.835894282291383e-07,-1.554682195915139e-07
9.928977272727273e-01,4.204545454545455e-01,-2.654965511967927e-07,-1.556486056403243e-07
1.012784090909091e+00,4.204545454545455e-01,-2.481781698539436e-07,-1.550796128515355e-07
1.032670454545455e+00,4.204545454545455e-01,-2.313719592100774e-07,-1.540222150179973e-07
1.052556818181818e+00,4.204545454545455e-01,-2.156303876732931e-07,-1.520277320964867e-07
1.072443181818182e+00,4.204545454545455e-01,-2.004300750042433e-07,-1.495890671985210e-07
1.092329545454545e+00,4.204545454545455e-01,-1.857710212029285e-07,-1.467062203241002e-07
1.112215909090909e+00,4.204545454545455e-01,-1.720555314065594e-07,-1.430866685860122e-07
1.132102272727273e+00,4.204545454545455e-01,-1.587518643155732e-07,-1.391541726840852e-07
1.151988636363636e+00,4.204545454545455e-01,-1.460588307705140e-07,-1.347603825760634e-07
1.171875000000000e+00,4.204545454545455e-01,-1.340615751210721e-07,-1.298507821444498e-07
1.191761363636364e+00,4.204545454545455e-01,-1.224307741419545e-07,-1.246704107950301e-07
1.211647727272727e+00,4.204545454545455e-01,-1.114478623917418e-07,-1.190130230705797e-07
1.231534090909091e+00,4.204545454545455e-01,-1.009588548048665e-07,-1.129908600730806e-07
1.251420454545455e+00,4.204545454545455e-01,-9.079551587843794e-08,-1.067277473794565e-07
1.271306818181818e+00,4.204545454545455e-01,-8.129878391371445e-08,-9.996677671933608e-08
1.291193181818182e+00,4.204545454545455e-01,-7.213936873919976e-08,-9.294949218751427e-08
1.311079545454545e+00,4.204545454545455e-01,-6.331727035489349e-08,-8.567589378399073e-08
1.330965909090909e+00,4.204545454545455e-01,-5.508941518772748e-08,-7.794100318689347e-08
1.350852272727273e+00,4.204545454545455e-01,-4.712706802581458e-08,-6.999592781714735e-08
1.370738636363636e+00,4.204545454545455e-01,-3.956035544329153e-08,-6.173639108343561e-08
1.390625000000000e+00,4.204545454545455e-01,-3.246730314540154e-08,-5.309102206707464e-08
1.410511363636364e+00,4.204545454545455e-01,-2.563288989263740e-08,-4.423230854160520e-08
1.430397727272727e+00,4.204545454545455e-01,-1.927315952070163e-08,-3.497716409872061e-08
1.450284090909091e+00,4.204545454545455e-01,-1.331294910870285e-08,-2.537962500104426e-08
1.470170454545455e+00,4.204545454545455e-01,-7.621634597639347e-09,-1.555049259955960e-08
1.490056818181818e+00,4.204545454545455e-01,-2.540544865856778e-09,-5.183497533175700e-09
6.349431818181818e-01,4.431818181818182e-01,-6.048632926783177e-07,3.373846176233864e-07
6.548295454545454e-01,4.431818181818182e-01,-5.878700095624503e-07,2.365805207897522e-07
6.747159090909091e-01,4.431818181818182e-01,-5.700877694466358e-07,1.656381583932198e-07
6.946022727272727e-01,4.431818181818182e-01,-5.516263866760750e-07,1.042753418648020e-07
7.144886363636364e-01,4.431818181818182e-01,-5.320517873269639e-07,5.602100620769929e-08
7.343750000000000e-01,4.431818181818182e-01,-5.113962748179009e-07,1.890076501963722e-08
7.542613636363636e-01,4.431818181818182e-01,-4.902984507469465e-07,-1.307782952562055e-08
7.741477272727273e-01,4.431818181818182e-01,-4.686597307756762e-07,-3.733781418296990e-08
7.940340909090909e-01,4.431818181818182e-01,-4.469873128843549e-07,-5.716423995122636e-08
8.139204545454546e-01,4.431818181818182e-01,-4.253245148265726e-07,-7.417332406094463e-08
8.338068181818181e-01,4.431818181818182e-01,-4.040301484718352e-07,-8.657711414200368e-08
8.536931818181819e-01,4.431818181818182e-01,-3.830785481051391e-07,-9.715270265591680e-08
8.735795454545454e-01,4.431818181818182e-01,-3.624697137264849e-07,-1.059000896026837e-07
8.934659090909092e-01,4.431818181818182e-01,-3.426600239052042e-07,-1.120810882924422e-07
9.133522727272727e-01,4.431818181818182e-01,-3.232544369956299e-07,-1.173001387555785e-07
9.332386363636364e-01,4.431818181818182e-01,-3.044655845422592e-07,-1.211430284771504e-07
9.531250000000000e-01,4.431818181818182e-01,-2.864679591031106e-07,-1.236520749441094e-07
9.730113636363636e-01,4.431818181818182e-01,-2.689047157394177e-07,-1.255023547849955e-07
9.928977272727273e-01,4.431818181818182e-01,-2.521429796381732e-07,-1.262710002515610e-07
1.012784090909091e+00,4.431818181818182e-01,-2.360302847831447e-07,-1.263070333444419e-07
1.032670454545455e+00,4.431818181818182e-01,-2.203483941411007e-07,-1.258673953032006e-07
1.052556818181818e+00,4.431818181818182e-01,-2.055794381562985e-07,-1.245351218838692e-07
1.072443181818182e+00,4.431818181818182e-01,-1.912835559645237e-07,-1.227904664170773e-07
1.092329545454545e+00,4.431818181818182e-01,-1.774607475657767e-07,-1.206334289028250e-07
1.112215909090909e+00,4.431818181818182e-01,-1.644760578420487e-07,-1.178090520630832e-07
1.132102272727273e+00,4.431818181818182e-01,-1.518613871242683e-07,-1.147064164041156e-07
1.151988636363636e+00,4.431818181818182e-01,-1.397967034160369e-07,-1.111953157002246e-07
1.171875000000000e+00,4.431818181818182e-01,-1.283663917952120e-07,-1.072365503311551e-07
1.191761363636364e+00,4.431818181818182e-01,-1.172719683675150e-07,-1.030446333342150e-07
1.211647727272727e+00,4.431818181818182e-01,-1.067747628938803e-07,-9.844549170026093e-08
1.231534090909091e+00,4.431818181818182e-01,-9.673743966558799e-08,-9.353863137441475e-08
1.251420454545455e+00,4.431818181818182e-01,-8.700380471515949e-08,-8.842871038197796e-08
1.271306818181818e+00,4.431818181818182e-01,-7.789674560504516e-08,-8.290141349863985e-08
1.291193181818182e+00,4.431818181818182e-01,-6.910959712005229e-08,-7.715912096224538e-08
1.311079545454545e+00,4.431818181818182e-01,-6.064235926018052e-08,-7.120183277279429e-08
1.330965909090909e+00,4.431818181818182e-01,-5.274346645481776e-08,-6.485441046608632e-08
1.350852272727273e+00,4.431818181818182e-01,-4.510012222767937e-08,-5.832677864522076e-08
1.370738636363636e+00,4.431818181818182e-01,-3.783807151072030e-08,-5.152878826895309e-08
1.390625000000000e+00,4.431818181818182e-01,-3.103543783124095e-08,-4.439091388042934e-08
1.410511363636364e+00,4.431818181818182e-01,-2.448423747184803e-08,-3.706212091911701e-08
1.430397727272727e+00,4.431818181818182e-01,-1.839554224862564e-08,-2.937317720316932e-08
1.450284090909091e+00,4.431818181818182e-01,-1.269694861348063e-08,-2.136215104021085e-08
1.470170454545455e+00,4.431818181818182e-01,-7.260883887967437e-09,-1.313186068897599e-08
1.490056818181818e+00,4.431818181818182e-01,-2.420294629331894e-09,-4.377286896337968e-09
6.349431818181818e-01,4.659090909090909e-01,-5.258222289827109e-07,3.981382739048877e-07
6.548295454545454e-01,4.659090909090909e-01,-5.172728532517423e-07,2.954208607720151e-07
6.747159090909091e-01,4.659090909090909e-01,-5.050503959447759e-07,2.213369843485772e-07
6.946022727272727e-01,4.659090909090909e-01,-4.916331014337896e-07,1.568247294067804e-07
7.144886363636364e-01,4.659090909090909e-01,-4.765736804814751e-07,1.055767495875543e-07
7.343750000000000e-01,4.659090909090909e-01,-4.602635501895466e-07,6.583615886712232e-08
7.542613636363636e-01,4.659090909090909e-01,-4.434028841975170e-07,3.145244642875991e-08
7.741477272727273e-01,4.659090909090909e-01,-4.257742966447300e-07,5.203231925858625e-09
7.940340909090909e-01,4.659090909090909e-01,-4.078505248704090e-07,-1.631713177167552e-08
8.139204545454546e-01,4.659090909090909e-01,-3.897596068863879e-07,-3.483179611340207e-08
8.338068181818181e-01,4.659090909090909e-01,-3.716276742206770e-07,-4.842518020172569e-08
8.536931818181819e-01,4.659090909090909e-01,-3.536266908167595e-07,-6.007306052715666e-08
8.735795454545454e-01,4.659090909090909e-01,-3.357566566746355e-07,-6.977543708969475e-08
8.934659090909092e-01,4.659090909090909e-01,-3.183298082256493e-07,-7.677127284363783e-08
9.133522727272727e-01,4.659090909090909e-01,-3.011596241368029e-07,-8.276319019930769e-08
9.332386363636364e-01,4.659090909090909e-01,-2.843900717233115e-07,-8.732280624235297e-08
9.531250000000000e-01,4.659090909090909e-01,-2.681841984950191e-07,-9.051779631511422e-08
9.730113636363636e-01,4.659090909090909e-01,-2.522977522444728e-07,-9.304506576774170e-08
9.928977272727273e-01,4.659090909090909e-01,-2.370188590604628e-07,-9.448865225016278e-08
1.012784090909091e+00,4.659090909090909e-01,-2.222546525563654e-07,-9.521584146167198e-08
1.032670454545455e+00,4.659090909090909e-01,-2.078340244069979e-07,-9.547967699349014e-08
1.052556818181818e+00,4.659090909090909e-01,-1.941627332919756e-07,-9.489389497924391e-08
1.072443181818182e+00,4.659090909090909e-01,-1.808904631302480e-07,-9.392680421007980e-08
1.092329545454545e+00,4.659090909090909e-01,-1.680172139218153e-07,-9.257840468599776e-08
1.112215909090909e+00,4.659090909090909e-01,-1.558666879799179e-07,-9.063113685645646e-08
1.132102272727273e+00,4.659090909090909e-01,-1.440401171649461e-07,-8.844012024592652e-08
1.151988636363636e+00,4.659090909090909e-01,-1.326965962030735e-07,-8.589327605652670e-08
1.171875000000000e+00,4.659090909090909e-01,-1.219189985961530e-07,-8.296723855657219e-08
1.191761363636364e+00,4.659090909090909e-01,-1.114430315232163e-07,-7.984599638730105e-08
1.211647727272727e+00,4.659090909090909e-01,-1.015071197199345e-07,-7.638819707442350e-08
1.231534090909091e+00,4.659090909090909e-01,-9.199212608257605e-08,-7.268088520721975e-08
1.251420454545455e+00,4.659090909090909e-01,-8.275557705602245e-08,-6.880921559062241e-08
1.271306818181818e+00,4.659090909090909e-01,-7.409884343826351e-08,-6.460293034648683e-08
1.291193181818182e+00,4.659090909090909e-01,-6.574114415811164e-08,-6.022454269938906e-08
1.311079545454545e+00,4.659090909090909e-01,-5.768247921556646e-08,-5.567405264932892e-08
1.330965909090909e+00,4.659090909090909e-01,-5.015998102880201e-08,-5.080823730072884e-08
1.350852272727273e+00,4.659090909090909e-01,-4.288019408865305e-08,-4.579420368818141e-08
1.370738636363636e+00,4.659090909090909e-01,-3.596304891853450e-08,-4.055703762648034e-08
1.390625000000000e+00,4.659090909090909e-01,-2.948577231400947e-08,-3.503064438726500e-08
1.410511363636364e+00,4.659090909090909e-01,-2.324980056232203e-08,-2.933862713145290e-08
1.430397727272727e+00,4.659090909090909e-01,-1.745874470544554e-08,-2.332854899230035e-08
1.450284090909091e+00,4.659090909090909e-01,-1.204380735942189e-08,-1.702256376410318e-08
1.470170454545455e+00,4.659090909090909e-01,-6.881967886422557e-09,-1.051370304386321e-08
1.490056818181818e+00,4.659090909090909e-01,-2.293989295469581e-09,-3.504567681278730e-09
6.349431818181818e-01,4.886363636363636e-01,-4.597889704018383e-07,4.484961030655993e-07
6.548295454545454e-01,4.886363636363636e-01,-4.512550611554300e-07,3.486307006243249e-07
6.747159090909091e-01,4.886363636363636e-01,-4.417935364564239e-07,2.734886084694523e-07
6.946022727272727e-01,4.886363636363636e-01,-4.316342235877211e-07,2.075346704076626e-07
7.144886363636364e-01,4.886363636363636e-01,-4.203473310762316e-07,1.546961821353051e-07
7.343750000000000e-01,4.886363636363636e-01,-4.079350878631824e-07,1.133484010497135e-07
7.542613636363636e-01,4.886363636363636e-01,-3.949793170570528e-07,7.738157609960844e-08
7.741477272727273e-01,4.886363636363636e-01,-3.811559624445213e-07,4.965421645952099e-08
7.940340909090909e-01,4.886363636363636e-01,-3.668516432637912e-07,2.677828775806721e-08
8.139204545454546e-01,4.886363636363636e-01,-3.522511004044983e-07,6.989208554741034e-09
8.338068181818181e-01,4.886363636363636e-01,-3.372732827164339e-07,-7.708939507502385e-09
8.536931818181819e-01,4.886363636363636e-01,-3.222390357466437e-07,-2.038838641981719e-08
8.735795454545454e-01,4.886363636363636e-01,-3.071483594951281e-07,-3.104913218220311e-08
8.934659090909092e-01,4.886363636363636e-01,-2.921712473645896e-07,-3.890669269432023e-08
9.133522727272727e-01,4.886363636363636e-01,-2.773108829077213e-07,-4.573000810204959e-08
9.332386363636364e-01,4.886363636363636e-01,-2.626449400005549e-07,-5.107981566422609e-08
9.531250000000000e-01,4.886363636363636e-01,-2.483209332474589e-07,-5.504207276642202e-08
9.730113636363636e-01,4.886363636363636e-01,-2.342035036120449e-07,-5.833040979370355e-08
9.928977272727273e-01,4.886363636363636e-01,-2.205015872540603e-07,-6.053525700627952e-08
1.012784090909091e+00,4.886363636363636e-01,-2.071795629876471e-07,-6.203943866539718e-08
1.032670454545455e+00,4.886363636363636e-01,-1.941134547467184e-07,-6.309215094533490e-08
1.052556818181818e+00,4.886363636363636e-01,-1.816305897312991e-07,-6.333612362646505e-08
1.072443181818182e+00,4.886363636363636e-01,-1.694707004547623e-07,-6.322851402606303e-08
1.092329545454545e+00,4.886363636363636e-01,-1.576337869171083e-07,-6.276932214412884e-08
1.112215909090909e+00,4.886363636363636e-01,-1.463997281450270e-07,-6.177745631818425e-08
1.132102272727273e+00,4.886363636363636e-01,-1.354413094940466e-07,-6.057550044411683e-08
1.151988636363636e+00,4.886363636363636e-01,-1.248955708627376e-07,-5.906913733721443e-08
1.171875000000000e+00,4.886363636363636e-01,-1.148428607271052e-07,-5.725111320993448e-08
1.191761363636364e+00,4.886363636363636e-01,-1.050550567847189e-07,-5.527547969631582e-08
1.211647727272727e+00,4.886363636363636e-01,-9.574554705522455e-08,-5.303360611983288e-08
1.231534090909091e+00,4.886363636363636e-01,-8.681414685698962e-08,-5.060063412906425e-08
1.251420454545455e+00,4.886363636363636e-01,-7.813337696713077e-08,-4.804220293451528e-08
1.271306818181818e+00,4.886363636363636e-01,-6.998001002706660e-08,-4.523295730510791e-08
1.291193181818182e+00,4.886363636363636e-01,-6.210170000325016e-08,-4.229549218785344e-08
1.311079545454545e+00,4.886363636363636e-01,-5.449844689568111e-08,-3.922980758275172e-08
1.330965909090909e+00,4.886363636363636e-01,-4.739329055693147e-08,-3.592634409768119e-08
1.350852272727273e+00,4.886363636363636e-01,-4.051522572113576e-08,-3.250832405614283e-08
1.370738636363636e+00,4.886363636363636e-01,-3.397695834574349e-08,-2.891702544249642e-08
1.390625000000000e+00,4.886363636363636e-01,-2.785372168160719e-08,-2.509144966536193e-08
1.410511363636364e+00,4.886363636363636e-01,-2.195872510372202e-08,-2.112824703242045e-08
1.430397727272727e+00,4.886363636363636e-01,-1.648557813083503e-08,-1.689468975834143e-08
1.450284090909091e+00,4.886363636363636e-01,-1.136991517073237e-08,-1.239732541052376e-08
1.470170454545455e+00,4.886363636363636e-01,-6.494797015244907e-09,-7.717605403321243e-09
1.490056818181818e+00,4.886363636363636e-01,-2.164932338535615e-09,-2.572535134450918e-09
6.349431818181818e-01,5.113636363636364e-01,-3.972284731497250e-07,4.926107474551448e-07
6.548295454545454e-01,5.113636363636364e-01,-3.885074044002946e-07,3.962104475957155e-07
6.747159090909091e-01,5.113636363636364e-01,-3.809145955575354e-07,3.218160199448311e-07
6.946022727272727e-01,5.113636363636364e-01,-3.732147203754301e-07,2.560356967035124e-07
7.144886363636364e-01,5.113636363636364e-01,-3.651659051800390e-07,2.027137944782291e-07
7.343750000000000e-01,5.113636363636364e-01,-3.562589686740580e-07,1.605303148179325e-07
7.542613636363636e-01,5.113636363636364e-01,-3.468757938064121e-07,1.235994108540836e-07
7.741477272727273e-01,5.113636363636364e-01,-3.366045329232519e-07,9.478952854555522e-08
7.940340909090909e-01,5.113636363636364e-01,-3.257161606208572e-07,7.083330391494273e-08
8.139204545454546e-01,5.113636363636364e-01,-3.144344758787317e-07,4.996990835350100e-08
8.338068181818181e-01,5.113636363636364e-01,-3.024966452256901e-07,3.425909635077606e-08
8.536931818181819e-01,5.113636363636364e-01,-2.903384916453748e-07,2.060605622928518e-08
8.735795454545454e-01,5.113636363636364e-01,-2.779600151377862e-07,9.010787989028628e-09
8.934659090909092e-01,5.113636363636364e-01,-2.653974009855966e-07,2.798860601961566e-10
9.133522727272727e-01,5.113636363636364e-01,-2.528228415721835e-07,-7.396351182951328e-09
9.332386363636364e-01,5.113636363636364e-01,-2.402522766701280e-07,-1.357079655806326e-08
9.531250000000000e-01,5.113636363636364e-01,-2.278154222841509e-07,-1.834227368937754e-08
9.730113636363636e-01,5.113636363636364e-01,-2.154785044563635e-07,-2.243644871196584e-08
9.928977272727273e-01,5.113636363636364e-01,-2.033743101591939e-07,-2.545015091302321e-08
1.012784090909091e+00,5.113636363636364e-01,-1.915201971611237e-07,-2.777916469563252e-08
1.032670454545455e+00,5.113636363636364e-01,-1.798374468630898e-07,-2.966864353501590e-08
1.052556818181818e+00,5.113636363636364e-01,-1.685762689498108e-07,-3.078914002347546e-08
1.072443181818182e+00,5.113636363636364e-01,-1.575632888180549e-07,-3.158685451543901e-08
1.092329545454545e+00,5.113636363636364e-01,-1.467985064678224e-07,-3.206178701090654e-08
1.112215909090909e+00,5.113636363636364e-01,-1.365175214427115e-07,-3.206841664443774e-08
1.132102272727273e+00,5.113636363636364e-01,-1.264637943724792e-07,-3.189783819741560e-08
1.151988636363636e+00,5.113636363636364e-01,-1.167521442990881e-07,-3.147312714012711e-08
1.171875000000000e+00,5.113636363636364e-01,-1.074596193555186e-07,-3.080315085223042e-08
1.191761363636364e+00,5.113636363636364e-01,-9.839457801261713e-08,-3.001263008517886e-08
1.211647727272727e+00,5.113636363636364e-01,-8.974451807567719e-08,-2.902537812516766e-08
1.231534090909091e+00,5.113636363636364e-01,-8.142814897800421e-08,-2.790508235740705e-08
1.251420454545455e+00,5.113636363636364e-01,-7.333349253380744e-08,-2.669802322199640e-08
1.271306818181818e+00,5.113636363636364e-01,-6.571111119009686e-08,-2.532391225199216e-08
1.291193181818182e+00,5.113636363636364e-01,-5.833817324209836e-08,-2.386573447868072e-08
1.311079545454545e+00,5.113636363636364e-01,-5.121467868981165e-08,-2.232348990206202e-08
1.330965909090909e+00,5.113636363636364e-01,-4.454789226992330e-08,-2.062213786045158e-08
1.350852272727273e+00,5.113636363636364e-01,-3.809094929743917e-08,-1.884069566435775e-08
1.370738636363636e+00,5.113636363636364e-01,-3.194848801964274e-08,-1.693712145457724e-08
1.390625000000000e+00,5.113636363636364e-01,-2.619300533011344e-08,-1.485656209958089e-08
1.410511363636364e+00,5.113636363636364e-01,-2.065089661362593e-08,-1.266790551165083e-08
1.430397727272727e+00,5.113636363636364e-01,-1.550418054335777e-08,-1.025987754817960e-08
1.450284090909091e+00,5.113636363636364e-01,-1.069340887292520e-08,-7.623766759196604e-09
1.470170454545455e+00,5.113636363636364e-01,-6.108678928320978e-09,-4.828365649161300e-09
1.490056818181818e+00,5.113636363636364e-01,-2.036226309562412e-09,-1.609455216364696e-09
6.349431818181818e-01,5.340909090909091e-01,-3.367053014096318e-07,5.307073365119534e-07
6.548295454545454e-01,5.340909090909091e-01,-3.288273018479690e-07,4.379059692525194e-07
6.747159090909091e-01,5.340909090909091e-01,-3.227102026909420e-07,3.660087155742926e-07
6.946022727272727e-01,5.340909090909091e-01,-3.169774326873443e-07,3.019984963127934e-07
7.144886363636364e-01,5.340909090909091e-01,-3.116926381808158e-07,2.492905232747751e-07
7.343750000000000e-01,5.340909090909091e-01,-3.058956400072380e-07,2.070370339057884e-07
7.542613636363636e-01,5.340909090909091e-01,-2.997283046234612e-07,1.697585041953081e-07
7.741477272727273e-01,5.340909090909091e-01,-2.927152698026712e-07,1.402670095636536e-07
7.940340909090909e-01,5.340909090909091e-01,-2.849941987971948e-07,1.155152507609144e-07
8.139204545454546e-01,5.340909090909091e-01,-2.768122920304517e-07,9.378957879758296e-08
8.338068181818181e-01,5.340909090909091e-01,-2.677531150344212e-07,7.717161031549664e-08
8.536931818181819e-01,5.340909090909091e-01,-2.583352733960963e-07,6.261603222396047e-08
8.735795454545454e-01,5.340909090909091e-01,-2.485587671154771e-07,5.012284452297480e-08
8.934659090909092e-01,5.340909090909091e-01,-2.383375261188447e-07,4.051850089429622e-08
9.133522727272727e-01,5.340909090909091e-01,-2.279893101609654e-07,3.197876484415236e-08
9.332386363636364e-01,5.340909090909091e-01,-2.174741179258279e-07,2.495532864074359e-08
9.531250000000000e-01,5.340909090909091e-01,-2.069020290207821e-07,1.934191008928115e-08
9.730113636363636e-01,5.340909090909091e-01,-1.963315288126848e-07,1.440594667790443e-08
9.928977272727273e-01,5.340909090909091e-01,-1.858237504966404e-07,1.054396779489571e-08
1.012784090909091e+00,5.340909090909091e-01,-1.754436470128601e-07,7.350088569866636e-09
1.032670454545455e+00,5.340909090909091e-01,-1.651550275878502e-07,4.583531404166431e-09
1.052556818181818e+00,5.340909090909091e-01,-1.551336049160618e-07,2.546996813222371e-09
1.072443181818182e+00,5.340909090909091e-01,-1.452881270840947e-07,8.052898357873258e-10
1.092329545454545e+00,5.340909090909091e-01,-1.356185940919492e-07,-6.415895281386658e-10
1.112215909090909e+00,5.340909090909091e-01,-1.263165009890887e-07,-1.682718707382699e-09
1.132102272727273e+00,5.340909090909091e-01,-1.171939476833871e-07,-2.578702416337701e-09
1.151988636363636e+00,5.340909090909091e-01,-1.083436897202086e-07,-3.269605073574589e-09
1.171875000000000e+00,5.340909090909091e-01,-9.983868352802165e-08,-3.780329808573898e-09
1.191761363636364e+00,5.340909090909091e-01,-9.152355173995216e-08,-4.206934740195244e-09
1.211647727272727e+00,5.340909090909091e-01,-8.355937432932169e-08,-4.505278315001668e-09
1.231534090909091e+00,5.340909090909091e-01,-7.588341325214483e-08,-4.728048915754605e-09
1.251420454545455e+00,5.340909090909091e-01,-6.839950182814449e-08,-4.902396963850654e-09
1.271306818181818e+00,5.340909090909091e-01,-6.133067348716387e-08,-4.993056640015607e-09
1.291193181818182e+00,5.340909090909091e-01,-5.448432699712562e-08,-5.043863668360605e-09
1.311079545454545e+00,5.340909090909091e-01,-4.786046235802943e-08,-5.054818048885648e-09
1.330965909090909e+00,5.340909090909091e-01,-4.164904518215914e-08,-4.986054676602316e-09
1.350852272727273e+00,5.340909090909091e-01,-3.562877638590997e-08,-4.872278117922320e-09
1.370738636363636e+00,5.340909090909091e-01,-2.989546656268587e-08,-4.688515666424870e-09
1.390625000000000e+00,5.340909090909091e-01,-2.451815524147192e-08,-4.387030527587049e-09
1.410511363636364e+00,5.340909090909091e-01,-1.933770088265432e-08,-4.008303969183272e-09
1.430397727272727e+00,5.340909090909091e-01,-1.452305688394646e-08,-3.464081559711373e-09
1.450284090909091e+00,5.340909090909091e-01,-1.002012500834951e-08,-2.730799632965884e-09
1.470170454545455e+00,5.340909090909091e-01,-5.726924315222178e-09,-1.863620452279038e-09
1.490056818181818e+00,5.340909090909091e-01,-1.908974771732810e-09,-6.212068173306206e-10
6.349431818181818e-01,5.568181818181818e-01,-2.791418840670991e-07,5.599840045169767e-07
6.548295454545454e-01,5.568181818181818e-01,-2.723084955414702e-07,4.721920637436947e-07
6.747159090909091e-01,5.568181818181818e-01,-2.683627299376783e-07,4.044806869663236e-07
6.946022727272727e-01,5.568181818181818e-01,-2.649544386284733e-07,3.438166655102224e-07
7.144886363636364e-01,5.568181818181818e-01,-2.621137763372704e-07,2.930574978483576e-07
7.343750000000000e-01,5.568181818181818e-01,-2.589597053378626e-07,2.517065374668119e-07
7.542613636363636e-01,5.568181818181818e-01,-2.555047460945410e-07,2.148843257748597e-07
7.741477272727273e-01,5.568181818181818e-01,-2.512599386650739e-07,1.852593186644312e-07
7.940340909090909e-01,5.568181818181818e-01,-2.462609963699764e-07,1.601168473908211e-07
8.139204545454546e-01,5.568181818181818e-01,-2.407644206900126e-07,1.378436545652006e-07
8.338068181818181e-01,5.568181818181818e-01,-2.342451405918972e-07,1.204972116308705e-07
8.536931818181819e-01,5.568181818181818e-01,-2.272677615470869e-07,1.051713938238846e-07
8.735795454545454e-01,5.568181818181818e-01,-2.198322835555817e-07,9.186620114424326e-08
8.934659090909092e-01,5.568181818181818e-01,-2.117541052818087e-07,8.142214274960299e-08
9.133522727272727e-01,5.568181818181818e-01,-2.034585205949261e-07,7.203700441539961e-08
9.332386363636364e-01,5.568181818181818e-01,-1.948605936342982e-07,6.416176513513606e-08
9.531250000000000e-01,5.568181818181818e-01,-1.860496750277558e-07,5.768970300046987e-08
9.730113636363636e-01,5.568181818181818e-01,-1.771586862783164e-07,5.188961342758948e-08
9.928977272727273e-01,5.568181818181818e-01,-1.681870986508355e-07,4.715024610232631e-08
1.012784090909091e+00,5.568181818181818e-01,-1.592372830751126e-07,4.306030960458252e-08
1.032670454545455e+00,5.568181818181818e-01,-1.503095962086017e-07,3.938431724868984e-08
1.052556818181818e+00,5.568181818181818e-01,-1.415123399658180e-07,3.639926498255565e-08
1.072443181818182e+00,5.568181818181818e-01,-1.328255875567084e-07,3.368187076199763e-08
1.092329545454545e+00,5.568181818181818e-01,-1.242493389812731e-07,3.123213458701584e-08
1.112215909090909e+00,5.568181818181818e-01,-1.159329223755273e-07,2.912783845615724e-08
1.132102272727273e+00,5.568181818181818e-01,-1.077511944647210e-07,2.713777463475606e-08
1.151988636363636e+00,5.568181818181818e-01,-9.977592947054092e-08,2.530549881042268e-08
1.171875000000000e+00,5.568181818181818e-01,-9.207486635693574e-08,2.359045653133990e-08
1.191761363636364e+00,5.568181818181818e-01,-8.452718330437587e-08,2.192423004472357e-08
1.211647727272727e+00,5.568181818181818e-01,-7.726769192840733e-08,2.031976125190027e-08
1.231534090909091e+00,5.568181818181818e-01,-7.025097752938628e-08,1.873475627231283e-08
1.251420454545455e+00,5.568181818181818e-01,-6.339658519737137e-08,1.716070358355187e-08
1.271306818181818e+00,5.568181818181818e-01,-5.689899045848300e-08,1.558845869105417e-08
1.291193181818182e+00,5.568181818181818e-01,-5.059583141651779e-08,1.401232071521074e-08
1.311079545454545e+00,5.568181818181818e-01,-4.448710807147549e-08,1.243228965602150e-08
1.330965909090909e+00,5.568181818181818e-01,-3.874380614921204e-08,1.085269593200069e-08
1.350852272727273e+00,5.568181818181818e-01,-3.317144422431673e-08,9.282726867839114e-09
1.370738636363636e+00,5.568181818181818e-01,-2.785617748229913e-08,7.730021637323852e-09
1.390625000000000e+00,5.568181818181818e-01,-2.286264391126538e-08,6.234084409489195e-09
1.410511363636364e+00,5.568181818181818e-01,-1.804756713695275e-08,4.783274084377799e-09
1.430397727272727e+00,5.568181818181818e-01,-1.356509877963368e-08,3.441161066571091e-09
1.450284090909091e+00,5.568181818181818e-01,-9.366946005587036e-09,2.245435810827264e-09
1.470170454545455e+00,5.568181818181818e-01,-5.360089659490477e-09,1.155608043762786e-09
1.490056818181818e+00,5.568181818181818e-01,-1.786696553111405e-09,3.852026812981120e-10
6.349431818181818e-01,5.795454545454546e-01,-2.258161650798085e-07,5.802940597781335e-07
6.548295454545454e-01,5.795454545454546e-01,-2.211589393668969e-07,5.012406032094423e-07
6.747159090909091e-01,5.795454545454546e-01,-2.193184724384339e-07,4.385795648748914e-07
6.946022727272727e-01,5.795454545454546e-01,-2.180108080361554e-07,3.819358932943754e-07
7.144886363636364e-01,5.795454545454546e-01,-2.172721754262392e-07,3.338537624233181e-07
7.343750000000000e-01,5.795454545454546e-01,-2.163226667727361e-07,2.940105040951428e-07
7.542613636363636e-01,5.795454545454546e-01,-2.151121581692464e-07,2.581792581244491e-07
7.741477272727273e-01,5.795454545454546e-01,-2.131555257927254e-07,2.288198515883063e-07
7.940340909090909e-01,5.795454545454546e-01,-2.104251808854591e-07,2.036002340608961e-07
8.139204545454546e-01,5.795454545454546e-01,-2.071797136745336e-07,1.810387318321526e-07
8.338068181818181e-01,5.795454545454546e-01,-2.028255803491973e-07,1.631342523118987e-07
8.536931818181819e-01,5.795454545454546e-01,-1.979482213188750e-07,1.471758834654396e-07
8.735795454545454e-01,5.795454545454546e-01,-1.925476365835670e-07,1.331636252927759e-07
8.934659090909092e-01,5.795454545454546e-01,-1.863659579623658e-07,1.219446453018214e-07
9.133522727272727e-01,5.795454545454546e-01,-1.799009442334308e-07,1.117659849477738e-07
9.332386363636364e-01,5.795454545454546e-01,-1.730340787716987e-07,1.030731383457680e-07
9.531250000000000e-01,5.795454545454546e-01,-1.658345462299024e-07,9.576342683008190e-08
9.730113636363636e-01,5.795454545454546e-01,-1.584912161221661e-07,8.911453233652369e-08
9.928977272727273e-01,5.795454545454546e-01,-1.509532953527143e-07,8.350549850444808e-08
1.012784090909091e+00,5.795454545454546e-01,-1.433501061467989e-07,7.852402101881516e-08
1.032670454545455e+00,5.795454545454546e-01,-1.357117828506169e-07,7.394119074307556e-08
1.052556818181818e+00,5.795454545454546e-01,-1.280880995332063e-07,7.000842280497450e-08
1.072443181818182e+00,5.795454545454546e-01,-1.205180010156827e-07,6.631616190232700e-08
1.092329545454545e+00,5.795454545454546e-01,-1.130014872980462e-07,6.286440803513318e-08
1.112215909090909e+00,5.795454545454546e-01,-1.056488769334459e-07,5.969897610047800e-08
1.132102272727273e+00,5.795454545454546e-01,-9.839022590574402e-08,5.661768224398772e-08
1.151988636363636e+00,5.795454545454546e-01,-9.127800737403876e-08,5.364819235291957e-08
1.171875000000000e+00,5.795454545454546e-01,-8.437382746476288e-08,5.073490881449386e-08
1.191761363636364e+00,5.795454545454546e-01,-7.758872451060718e-08,4.783621401699860e-08
1.211647727272727e+00,5.795454545454546e-01,-7.103219843612938e-08,4.493480491693926e-08
1.231534090909091e+00,5.795454545454546e-01,-6.467445961289807e-08,4.199837579163433e-08
1.251420454545455e+00,5.795454545454546e-01,-5.845018190450868e-08,3.903649581446445e-08
1.271306818181818e+00,5.795454545454546e-01,-5.252521298561799e-08,3.599667716760218e-08
1.291193181818182e+00,5.795454545454546e-01,-4.676650017704135e-08,3.291017396992856e-08
1.311079545454545e+00,5.795454545454546e-01,-4.117404347877852e-08,2.977698622144345e-08
1.330965909090909e+00,5.795454545454546e-01,-3.589888808490734e-08,2.656621528144399e-08
1.350852272727273e+00,5.795454545454546e-01,-3.077369662735067e-08,2.333000105143974e-08
1.370738636363636e+00,5.795454545454546e-01,-2.587450622839806e-08,2.005873118748267e-08
1.390625000000000e+00,5.795454545454546e-01,-2.126082396645867e-08,1.678302673864198e-08
1.410511363636364e+00,5.795454545454546e-01,-1.680603663587458e-08,1.351994187667163e-08
1.430397727272727e+00,5.795454545454546e-01,-1.264835591658001e-08,1.030756341810950e-08
1.450284090909091e+00,5.795454545454546e-01,-8.745528857824494e-09,7.196942808505495e-09
1.470170454545455e+00,5.795454545454546e-01,-5.014176955649833e-09,4.162776081291988e-09
1.490056818181818e+00,5.795454545454546e-01,-1.671392318466927e-09,1.387592027124401e-09
6.349431818181818e-01,6.022727272727273e-01,-1.793495949447474e-07,5.947628027190994e-07
6.548295454545454e-01,6.022727272727273e-01,-1.760619182532465e-07,5.257494106382719e-07
6.747159090909091e-01,6.022727272727273e-01,-1.757247884252858e-07,4.688326913442707e-07
6.946022727272727e-01,6.022727272727273e-01,-1.759970594850050e-07,4.168022018517289e-07
7.144886363636364e-01,6.022727272727273e-01,-1.769577148845195e-07,3.718920020774839e-07
7.343750000000000e-01,6.022727272727273e-01,-1.777884615434641e-07,3.339647428287148e-07
7.542613636363636e-01,6.022727272727273e-01,-1.783926124983094e-07,2.994881899451087e-07
7.741477272727273e-01,6.022727272727273e-01,-1.782958212786936e-07,2.706812865416248e-07
7.940340909090909e-01,6.022727272727273e-01,-1.774292771950366e-07,2.456198568032366e-07
8.139204545454546e-01,6.022727272727273e-01,-1.760470210009648e-07,2.229723366688485e-07
8.338068181818181e-01,6.022727272727273e-01,-1.735198336118005e-07,2.046549982496605e-07
8.536931818181819e-01,6.022727272727273e-01,-1.704331337309872e-07,1.881867712578684e-07
8.735795454545454e-01,6.022727272727273e-01,-1.667869213585251e-07,1.735676556934724e-07
8.934659090909092e-01,6.022727272727273e-01,-1.622720050309761e-07,1.616445824445501e-07
9.133522727272727e-01,6.022727272727273e-01,-1.574289753997980e-07,1.507332792271682e-07
9.332386363636364e-01,6.022727272727273e-01,-1.521156239081763e-07,1.412698638998011e-07
9.531250000000000e-01,6.022727272727273e-01,-1.463819214744966e-07,1.331584181360164e-07
9.730113636363636e-01,6.022727272727273e-01,-1.404565429840339e-07,1.256916947313824e-07
9.928977272727273e-01,6.022727272727273e-01,-1.342487032274245e-07,1.192369837467186e-07
1.012784090909091e+00,6.022727272727273e-01,-1.279055830102420e-07,1.133846339297463e-07
1.032670454545455e+00,6.022727272727273e-01,-1.214810037894627e-07,1.079136083963163e-07
1.052556818181818e+00,6.022727272727273e-01,-1.149744830705090e-07,1.030494123378302e-07
1.072443181818182e+00,6.022727272727273e-01,-1.084725616495736e-07,9.839822808278525e-08
1.092329545454545e+00,6.022727272727273e-01,-1.019752395266568e-07,9.396005563118156e-08
1.112215909090909e+00,6.022727272727273e-01,-9.555698875642898e-08,8.974964006482727e-08
1.132102272727273e+00,6.022727272727273e-01,-8.919596857643664e-08,8.559383360514738e-08
1.151988636363636e+00,6.022727272727273e-01,-8.292701511772640e-08,8.150478796875452e-08
1.171875000000000e+00,6.022727272727273e-01,-7.680489977523079e-08,7.741250519844885e-08
1.191761363636364e+00,6.022727272727273e-01,-7.076984090860809e-08,7.330151310840472e-08
1.211647727272727e+00,6.022727272727273e-01,-6.490715100397148e-08,6.912515731323242e-08
1.231534090909091e+00,6.022727272727273e-01,-5.920103250545094e-08,6.486085455971092e-08
1.251420454545455e+00,6.022727272727273e-01,-5.360060640572338e-08,6.053573080939015e-08
1.271306818181818e+00,6.022727272727273e-01,-4.824338800168987e-08,5.605510657764584e-08
1.291193181818182e+00,6.022727272727273e-01,-4.302448138590535e-08,5.148607150856626e-08
1.311079545454545e+00,6.022727272727273e-01,-3.794388655836958e-08,4.682862560215121e-08
1.330965909090909e+00,6.022727272727273e-01,-3.313213629981611e-08,4.201721158420158e-08
1.350852272727273e+00,6.022727272727273e-01,-2.844897811895171e-08,3.714585497007465e-08
1.370738636363636e+00,6.022727272727273e-01,-2.396006104529920e-08,3.218792034442556e-08
1.390625000000000e+00,6.022727272727273e-01,-1.971919808977149e-08,2.716477698469985e-08
1.410511363636364e+00,6.022727272727273e-01,-1.561691493992856e-08,2.212178571896977e-08
1.430397727272727e+00,6.022727272727273e-01,-1.177470362613833e-08,1.707122753196697e-08
1.450284090909091e+00,6.022727272727273e-01,-8.156474505063437e-09,1.207681501862579e-08
1.470170454545455e+00,6.022727272727273e-01,-4.688953204531380e-09,7.128650735408322e-09
1.490056818181818e+00,6.022727272727273e-01,-1.562984401445931e-09,2.376216911799238e-09
6.349431818181818e-01,6.250000000000000e-01,-1.419606626993783e-07,6.044774766507844e-07
6.548295454545454e-01,6.250000000000000e-01,-1.380695388345082e-07,5.456017507974760e-07
6.747159090909091e-01,6.250000000000000e-01,-1.382691628589534e-07,4.951057284613715e-07
6.946022727272727e-01,6.250000000000000e-01,-1.393779124099371e-07,4.483019458162369e-07
7.144886363636364e-01,6.250000000000000e-01,-1.415566766624773e-07,4.069839279740042e-07
7.343750000000000e-01,6.250000000000000e-01,-1.437040362604773e-07,3.713169555891848e-07
7.542613636363636e-01,6.250000000000000e-01,-1.456664869159539e-07,3.385042815675315e-07
7.741477272727273e-01,6.250000000000000e-01,-1.469823427700512e-07,3.105063227534067e-07
7.940340909090909e-01,6.250000000000000e-01,-1.475569004154929e-07,2.858211007548157e-07
8.139204545454546e-01,6.250000000000000e-01,-1.476325942722683e-07,2.632807088443769e-07
8.338068181818181e-01,6.250000000000000e-01,-1.465768792722288e-07,2.446977866343932e-07
8.536931818181819e-01,6.250000000000000e-01,-1.449543718654184e-07,2.278476959452920e-07
8.735795454545454e-01,6.250000000000000e-01,-1.427650720518372e-07,2.127304367770736e-07
8.934659090909092e-01,6.250000000000000e-01,-1.396710019032344e-07,2.001853212954013e-07
9.133522727272727e-01,6.250000000000000e-01,-1.362256784434109e-07,1.886140181065264e-07
9.332386363636364e-01,6.250000000000000e-01,-1.322733749159318e-07,1.784394340727033e-07
9.531250000000000e-01,6.250000000000000e-01,-1.278461227925185e-07,1.695744491700313e-07
9.730113636363636e-01,6.250000000000000e-01,-1.231957691102548e-07,1.613330117365329e-07
9.928977272727273e-01,6.250000000000000e-01,-1.182023249748068e-07,1.540683158921867e-07
1.012784090909091e+00,6.250000000000000e-01,-1.130214900769272e-07,1.473770324576661e-07
1.032670454545455e+00,6.250000000000000e-01,-1.077243829889904e-07,1.410474398421701e-07
1.052556818181818e+00,6.250000000000000e-01,-1.022691151589842e-07,1.352785160252558e-07
1.072443181818182e+00,6.250000000000000e-01,-9.677794924923622e-08,1.296945247667259e-07
1.092329545454545e+00,6.250000000000000e-01,-9.125088525974671e-08,1.242954660665804e-07
1.112215909090909e+00,6.250000000000000e-01,-8.573006648147482e-08,1.190658587399017e-07
1.132102272727273e+00,6.250000000000000e-01,-8.023412737452885e-08,1.138618186872219e-07
1.151988636363636e+00,6.250000000000000e-01,-7.478210695441617e-08,1.086803372298756e-07
1.171875000000000e+00,6.250000000000000e-01,-6.942128060181485e-08,1.034377495597169e-07
1.191761363636364e+00,6.250000000000000e-01,-6.411807726966517e-08,9.814410451649839e-08
1.211647727272727e+00,6.250000000000000e-01,-5.893496427832678e-08,9.272435531820665e-08
1.231534090909091e+00,6.250000000000000e-01,-5.386835796514420e-08,8.716542411390512e-08
1.251420454545455e+00,6.250000000000000e-01,-4.888101426489451e-08,8.151143058683239e-08
1.271306818181818e+00,6.250000000000000e-01,-4.408264741275883e-08,7.562683024047232e-08
1.291193181818182e+00,6.250000000000000e-01,-3.939511426359706e-08,6.961333792532257e-08
1.311079545454545e+00,6.250000000000000e-01,-3.481841481740898e-08,6.347095364138281e-08
1.330965909090909e+00,6.250000000000000e-01,-3.046214999750150e-08,5.710024239757195e-08
1.350852272727273e+00,6.250000000000000e-01,-2.621287222226054e-08,5.063585889274508e-08
1.370738636363636e+00,6.250000000000000e-01,-2.212564940993418e-08,4.403447982022529e-08
1.390625000000000e+00,6.250000000000000e-01,-1.824806711250583e-08,3.730796965222379e-08
1.410511363636364e+00,6.250000000000000e-01,-1.448813944996757e-08,3.052942867864589e-08
1.430397727272727e+00,6.250000000000000e-01,-1.094997160046159e-08,2.368523918010301e-08
1.450284090909091e+00,6.250000000000000e-01,-7.603712668971561e-09,1.685103394176898e-08
1.470170454545455e+00,6.250000000000000e-01,-4.386587734677096e-09,1.003240333856581e-08
1.490056818181818e+00,6.250000000000000e-01,-1.462195911588002e-09,3.344134446111914e-09
6.349431818181818e-01,6.477272727272727e-01,-1.131100817571200e-07,6.076479868188311e-07
6.548295454545454e-01,6.477272727272727e-01,-1.098104930927397e-07,5.583263050532304e-07
6.747159090909091e-01,6.477272727272727e-01,-1.105731954293676e-07,5.149044523811910e-07
6.946022727272727e-01,6.477272727272727e-01,-1.122100976672587e-07,4.739294102594119e-07
7.144886363636364e-01,6.477272727272727e-01,-1.148580886657456e-07,4.365417277151463e-07
7.343750000000000e-01,6.477272727272727e-01,-1.175280540323325e-07,4.034468733620688e-07
7.542613636363636e-01,6.477272727272727e-01,-1.200523634486566e-07,3.726005951635991e-07
7.741477272727273e-01,6.477272727272727e-01,-1.220206266792500e-07,3.457062680075039e-07
7.940340909090909e-01,6.477272727272727e-01,-1.233253369620761e-07,3.216768268864452e-07
8.139204545454546e-01,6.477272727272727e-01,-1.241818436489971e-07,2.995123535260322e-07
8.338068181818181e-01,6.477272727272727e-01,-1.240040304341376e-07,2.809016174676372e-07
8.536931818181819e-01,6.477272727272727e-01,-1.232983427891345e-07,2.638898017637583e-07
8.735795454545454e-01,6.477272727272727e-01,-1.220647807139878e-07,2.484769064143958e-07
8.934659090909092e-01,6.477272727272727e-01,-1.199716533614806e-07,2.354821175662527e-07
9.133522727272727e-01,6.477272727272727e-01,-1.175383566383484e-07,2.234110323887200e-07
9.332386363636364e-01,6.477272727272727e-01,-1.146117717788025e-07,2.126677990719633e-07
9.531250000000000e-01,6.477272727272727e-01,-1.112084689669818e-07,2.031745574738599e-07
9.730113636363636e-01,6.477272727272727e-01,-1.075770391517162e-07,1.942754624031044e-07
9.928977272727273e-01,6.477272727272727e-01,-1.035858616094273e-07,1.863049128806374e-07
1.012784090909091e+00,6.477272727272727e-01,-9.938444411681799e-08,1.788714606386369e-07
1.032670454545455e+00,6.477272727272727e-01,-9.505079549276586e-08,1.717754634060540e-07
1.052556818181818e+00,6.477272727272727e-01,-9.051654180116020e-08,1.651873453814231e-07
1.072443181818182e+00,6.477272727272727e-01,-8.592022322648039e-08,1.587543097071158e-07
1.092329545454545e+00,6.477272727272727e-01,-8.126183976872650e-08,1.524763563831323e-07
1.112215909090909e+00,6.477272727272727e-01,-7.655759514327792e-08,1.463089452462009e-07
1.132102272727273e+00,6.477272727272727e-01,-7.185360426616504e-08,1.401385811650974e-07
1.151988636363636e+00,6.477272727272727e-01,-6.715642014389099e-08,1.339475959431997e-07
1.171875000000000e+00,6.477272727272727e-01,-6.250502145351956e-08,1.276401885372730e-07
1.191761363636364e+00,6.477272727272727e-01,-5.788668226155962e-08,1.212510147859310e-07
1.211647727272727e+00,6.477272727272727e-01,-5.334377579853929e-08,1.146784532854290e-07
1.231534090909091e+00,6.477272727272727e-01,-4.888181896547625e-08,1.079187611049150e-07
1.251420454545455e+00,6.477272727272727e-01,-4.447554349739530e-08,1.010319805073277e-07
1.271306818181818e+00,6.477272727272727e-01,-4.020848955772389e-08,9.384454984343147e-08
1.291193181818182e+00,6.477272727272727e-01,-3.602629696686017e-08,8.649048539082852e-08
1.311079545454545e+00,6.477272727272727e-01,-3.192896572480394e-08,7.896978714951849e-08
1.330965909090909e+00,6.477272727272727e-01,-2.800506205272712e-08,7.115126478698811e-08
1.350852272727273e+00,6.477272727272727e-01,-2.416674741321365e-08,6.320741059281925e-08
1.370738636363636e+00,6.477272727272727e-01,-2.045847998416311e-08,5.507919628771606e-08
1.390625000000000e+00,6.477272727272727e-01,-1.692089253614364e-08,4.676908304808633e-08
1.410511363636364e+00,6.477272727272727e-01,-1.347958688121655e-08,3.837625723457322e-08
1.430397727272727e+00,6.477272727272727e-01,-1.022063448659716e-08,2.986205091801428e-08
1.450284090909091e+00,6.477272727272727e-01,-7.120370897177992e-09,2.131269163650428e-08
1.470170454545455e+00,6.477272727272727e-01,-4.126898980465066e-09,1.274878157228171e-08
1.490056818181818e+00,6.477272727272727e-01,-1.375632993598636e-09,4.249593857443404e-09
6.349431818181818e-01,6.704545454545454e-01,-9.025637626165020e-08,6.068579785281950e-07
6.548295454545454e-01,6.704545454545454e-01,-8.823053378595850e-08,5.678411114876174e-07
6.747159090909091e-01,6.704545454545454e-01,-8.931742574274371e-08,5.310835764739379e-07
6.946022727272727e-01,6.704545454545454e-01,-9.109451351001114e-08,4.955989918333724e-07
7.144886363636364e-01,6.704545454545454e-01,-9.368295973780356e-08,4.620928872760732e-07
7.343750000000000e-01,6.704545454545454e-01,-9.635874382438447e-08,4.316158524567403e-07
7.542613636363636e-01,6.704545454545454e-01,-9.894152781029212e-08,4.028188472810544e-07
7.741477272727273e-01,6.704545454545454e-01,-1.010959735682760e-07,3.771528810607739e-07
7.940340909090909e-01,6.704545454545454e-01,-1.026994141238963e-07,3.539178030783284e-07
8.139204545454546e-01,6.704545454545454e-01,-1.039286119199153e-07,3.322757436449643e-07
8.338068181818181e-01,6.704545454545454e-01,-1.042721358581874e-07,3.137865102986269e-07
8.536931818181819e-01,6.704545454545454e-01,-1.041538791057156e-07,2.967586381889290e-07
8.735795454545454e-01,6.704545454545454e-01,-1.035738416625000e-07,2.811921273158710e-07
8.934659090909092e-01,6.704545454545454e-01,-1.022263632758057e-07,2.678782976975979e-07
9.133522727272727e-01,6.704545454545454e-01,-1.005694451358448e-07,2.554323225070367e-07
9.332386363636364e-01,6.704545454545454e-01,-9.846179649371645e-08,2.442365755741557e-07
9.531250000000000e-01,6.704545454545454e-01,-9.590591260114140e-08,2.342212114363513e-07
9.730113636363636e-01,6.704545454545454e-01,-9.313201644037285e-08,2.247655916801779e-07
9.928977272727273e-01,6.704545454545454e-01,-9.000697721334157e-08,2.161819851949082e-07
1.012784090909091e+00,6.704545454545454e-01,-8.666578270480387e-08,2.080940284328921e-07
1.032670454545455e+00,6.704545454545454e-01,-8.318732670839370e-08,2.003160600473112e-07
1.052556818181818e+00,6.704545454545454e-01,-7.948559284718820e-08,1.929882481096687e-07
1.072443181818182e+00,6.704545454545454e-01,-7.570415046246827e-08,1.857842384021593e-07
1.092329545454545e+00,6.704545454545454e-01,-7.184299955423396e-08,1.787040309247831e-07
1.112215909090909e+00,6.704545454545454e-01,-6.789646209380048e-08,1.716747566260034e-07
1.132102272727273e+00,6.704545454545454e-01,-6.393034233118659e-08,1.646142986845304e-07
1.151988636363636e+00,6.704545454545454e-01,-5.994079717802937e-08,1.574906578999420e-07
1.171875000000000e+00,6.704545454545454e-01,-5.595822523616913e-08,1.501970772614643e-07
1.191761363636364e+00,6.704545454545454e-01,-5.198734601485468e-08,1.427922097293669e-07
1.211647727272727e+00,6.704545454545454e-01,-4.805236689091109e-08,1.351492301078867e-07
1.231534090909091e+00,6.704545454545454e-01,-4.416598704888639e-08,1.272736835594283e-07
1.251420454545455e+00,6.704545454545454e-01,-4.031375393442956e-08,1.192407246516574e-07
1.271306818181818e+00,6.704545454545454e-01,-3.655443346449693e-08,1.108410551009999e-07
1.291193181818182e+00,6.704545454545454e-01,-3.285531723195616e-08,1.022392344338714e-07
1.311079545454545e+00,6.704545454545454e-01,-2.921640523680709e-08,9.343526265027130e-08
1.330965909090909e+00,6.704545454545454e-01,-2.570549630837410e-08,8.426808776862226e-08
1.350852272727273e+00,6.704545454545454e-01,-2.225922761305126e-08,7.494576825661101e-08
1.370738636363636e+00,6.704545454545454e-01,-1.891158783578131e-08,6.539447806967754e-08
1.390625000000000e+00,6.704545454545454e-01,-1.569588564964343e-08,5.560767351443773e-08
1.410511363636364e+00,6.704545454545454e-01,-1.255511244382174e-08,4.570910654276728e-08
1.430397727272727e+00,6.704545454545454e-01,-9.557141241360704e-09,3.563625841249089e-08
1.450284090909091e+00,6.704545454545454e-01,-6.684362155958669e-09,2.548505153250710e-08
1.470170454545455e+00,6.704545454545454e-01,-3.895848229303213e-09,1.529039370762789e-08
1.490056818181818e+00,6.704545454545454e-01,-1.298616076483136e-09,5.096797902551857e-09
6.349431818181818e-01,6.931818181818182e-01,-7.540491784549684e-08,6.025231952046717e-07
6.548295454545454e-01,6.931818181818182e-01,-7.381189392092218e-08,5.739842456137171e-07
6.747159090909091e-01,6.931818181818182e-01,-7.455989377058318e-08,5.434539540502236e-07
6.946022727272727e-01,6.931818181818182e-01,-7.586667275498941e-08,5.131124513742025e-07
7.144886363636364e-01,6.931818181818182e-01,-7.785511242858137e-08,4.833864929687528e-07
7.343750000000000e-01,6.931818181818182e-01,-8.003472199992902e-08,4.555342806938307e-07
7.542613636363636e-01,6.931818181818182e-01,-8.219501315722548e-08,4.288379477260189e-07
7.741477272727273e-01,6.931818181818182e-01,-8.409330023191185e-08,4.045060927537510e-07
7.940340909090909e-01,6.931818181818182e-01,-8.558603756274614e-08,3.821922302790475e-07
8.139204545454546e-01,6.931818181818182e-01,-8.680051940225137e-08,3.612119483208695e-07
8.338068181818181e-01,6.931818181818182e-01,-8.732665022674412e-08,3.429938228173358e-07
8.536931818181819e-01,6.931818181818182e-01,-8.748269102454414e-08,3.260983304976060e-07
8.735795454545454e-01,6.931818181818182e-01,-8.726864179565143e-08,3.105254713616804e-07
8.934659090909092e-01,6.931818181818182e-01,-8.642325782468258e-08,2.970310016273963e-07
9.133522727272727e-01,6.931818181818182e-01,-8.531750191921062e-08,2.843434416296392e-07
9.332386363636364e-01,6.931818181818182e-01,-8.383049211130523e-08,2.728205421635572e-07
9.531250000000000e-01,6.931818181818182e-01,-8.195184372927475e-08,2.623987687065306e-07
9.730113636363636e-01,6.931818181818182e-01,-7.987936246890757e-08,2.524974461201881e-07
9.928977272727273e-01,6.931818181818182e-01,-7.748779922876409e-08,2.434033173839653e-07
1.012784090909091e+00,6.931818181818182e-01,-7.488992061753988e-08,2.347582117777619e-07
1.032670454545455e+00,6.931818181818182e-01,-7.215992489687683e-08,2.263923660662041e-07
1.052556818181818e+00,6.931818181818182e-01,-6.920246221131473e-08,2.184139541571214e-07
1.072443181818182e+00,6.931818181818182e-01,-6.615567451178763e-08,2.105266312406954e-07
1.092329545454545e+00,6.931818181818182e-01,-6.301956179829560e-08,2.027303973169264e-07
1.112215909090909e+00,6.931818181818182e-01,-5.977050370816275e-08,1.949248652425485e-07
1.132102272727273e+00,6.931818181818182e-01,-5.648662854350476e-08,1.870602771672944e-07
1.151988636363636e+00,6.931818181818182e-01,-5.315572123531325e-08,1.790906757267009e-07
1.171875000000000e+00,6.931818181818182e-01,-4.979942416205600e-08,1.708996194918714e-07
1.191761363636364e+00,6.931818181818182e-01,-4.643660375148226e-08,1.625690709404866e-07
1.211647727272727e+00,6.931818181818182e-01,-4.307525420248048e-08,1.539485053559684e-07
1.231534090909091e+00,6.931818181818182e-01,-3.973341958167549e-08,1.450526982007428e-07
1.251420454545455e+00,6.931818181818182e-01,-3.640628933871788e-08,1.359710261525138e-07
1.271306818181818e+00,6.931818181818182e-01,-3.312937485968876e-08,1.264609662836834e-07
1.291193181818182e+00,6.931818181818182e-01,-2.988944022185947e-08,1.167156963911767e-07
1.311079545454545e+00,6.931818181818182e-01,-2.668648542522983e-08,1.067352164749930e-07
1.330965909090909e+00,6.931818181818182e-01,-2.356793785280626e-08,9.633074149503971e-08
1.350852272727273e+00,6.931818181818182e-01,-2.049364706025489e-08,8.574338974182329e-08
1.370738636363636e+00,6.931818181818182e-01,-1.748733131735257e-08,7.488556680556278e-08
1.390625000000000e+00,6.931818181818182e-01,-1.457463564099276e-08,6.374225858172117e-08
1.410511363636364e+00,6.931818181818182e-01,-1.171564583908616e-08,5.246006048142247e-08
1.430397727272727e+00,6.931818181818182e-01,-8.959957510298786e-09,4.095408478836232e-08
1.450284090909091e+00,6.931818181818182e-01,-6.295843656396683e-09,2.932902912718491e-08
1.470170454545455e+00,6.931818181818182e-01,-3.693388792928353e-09,1.763322696772543e-08
1.490056818181818e+00,6.931818181818182e-01,-1.231129597594640e-09,5.877742322559121e-09
6.349431818181818e-01,7.159090909090909e-01,-7.376582486307360e-08,5.946830200081158e-07
6.548295454545454e-01,7.159090909090909e-01,-6.885485679814388e-08,5.757899088934147e-07
6.747159090909091e-01,7.159090909090909e-01,-6.770471900448144e-08,5.509133717658563e-07
6.946022727272727e-01,7.159090909090909e-01,-6.740804715286989e-08,5.252817339802263e-07
7.144886363636364e-01,7.159090909090909e-01,-6.812688365169747e-08,4.991193893810782e-07
7.343750000000000e-01,7.159090909090909e-01,-6.923455568959758e-08,4.738307459789597e-07
7.542613636363636e-01,7.159090909090909e-01,-7.043554336797354e-08,4.492401038150139e-07
7.741477272727273e-01,7.159090909090909e-01,-7.158985285568851e-08,4.263350983273383e-07
7.940340909090909e-01,7.159090909090909e-01,-7.252014672525861e-08,4.050735603978171e-07
8.139204545454546e-01,7.159090909090909e-01,-7.329231050930067e-08,3.849094548805953e-07
8.338068181818181e-01,7.159090909090909e-01,-7.362667375696843e-08,3.671424828032598e-07
8.536931818181819e-01,7.159090909090909e-01,-7.371051204295837e-08,3.505624753647337e-07
8.735795454545454e-01,7.159090909090909e-01,-7.354382536727048e-08,3.351694325650173e-07
8.934659090909092e-01,7.159090909090909e-01,-7.292940105627340e-08,3.216743860036652e-07
9.133522727272727e-01,7.159090909090909e-01,-7.212332501557882e-08,3.089203512600774e-07
9.332386363636364e-01,7.159090909090909e-01,-7.103427030324079e-08,2.972373383093066e-07
9.531250000000000e-01,7.159090909090909e-01,-6.964006191187646e-08,2.865652537141799e-07
9.730113636363636e-01,7.159090909090909e-01,-6.809114167212544e-08,2.763686545501042e-07
9.928977272727273e-01,7.159090909090909e-01,-6.628009833398279e-08,2.669045736109048e-07
1.012784090909091e+00,7.159090909090909e-01,-6.428936431795536e-08,2.578365904705632e-07
1.032670454545455e+00,7.159090909090909e-01,-6.218251032259175e-08,2.490131686787320e-07
1.052556818181818e+00,7.159090909090909e-01,-5.986386260280343e-08,2.405083380924538e-07
1.072443181818182e+00,7.159090909090909e-01,-5.745501313536286e-08,2.320601577513326e-07
1.092329545454545e+00,7.159090909090909e-01,-5.495596192027009e-08,2.236686276553685e-07
1.112215909090909e+00,7.159090909090909e-01,-5.232966039434933e-08,2.152069607970147e-07
1.132102272727273e+00,7.159090909090909e-01,-4.965848908561930e-08,2.066589194652469e-07
1.151988636363636e+00,7.159090909090909e-01,-4.692417144163945e-08,1.979651153253568e-07
1.171875000000000e+00,7.159090909090909e-01,-4.413957524195410e-08,1.890011126969820e-07
1.191761363636364e+00,7.159090909090909e-01,-4.133393766758648e-08,1.798712185414509e-07
1.211647727272727e+00,7.159090909090909e-01,-3.850142694175607e-08,1.704032539414977e-07
1.231534090909091e+00,7.159090909090909e-01,-3.566337271306101e-08,1.606211355681537e-07
1.251420454545455e+00,7.159090909090909e-01,-3.282317347660818e-08,1.506272501200476e-07
1.271306818181818e+00,7.159090909090909e-01,-2.999512554888276e-08,1.401492810634149e-07
1.291193181818182e+00,7.159090909090909e-01,-2.718276377488563e-08,1.294064142517026e-07
1.311079545454545e+00,7.159090909090909e-01,-2.438608815461667e-08,1.183986496849104e-07
1.330965909090909e+00,7.159090909090909e-01,-2.163286130283555e-08,1.069124463898145e-07
1.350852272727273e+00,7.159090909090909e-01,-1.890439523356448e-08,9.521855195660517e-08
1.370738636363636e+00,7.159090909090909e-01,-1.621448258948233e-08,8.321705883717194e-08
1.390625000000000e+00,7.159090909090909e-01,-1.358075442413916e-08,7.088536872492067e-08
1.410511363636364e+00,7.159090909090909e-01,-1.097986209588710e-08,5.839049095738074e-08
1.430397727272727e+00,7.159090909090909e-01,-8.443183358230096e-09,4.562745544660048e-08
1.450284090909091e+00,7.159090909090909e-01,-5.964596426773079e-09,3.270859585560601e-08
1.470170454545455e+00,7.159090909090909e-01,-3.525154895424153e-09,1.969430257914255e-08
1.490056818181818e+00,7.159090909090909e-01,-1.175051631814200e-09,6.564767526464280e-09
6.349431818181818e-01,7.386363636363636e-01,-7.475764753118358e-08,5.857700201895383e-07
6.548295454545454e-01,7.386363636363636e-01,-6.973377100551021e-08,5.720766504569382e-07
6.747159090909091e-01,7.386363636363636e-01,-6.701353396987514e-08,5.519703281384714e-07
6.946022727272727e-01,7.386363636363636e-01,-6.504125649427570e-08,5.305116192397717e-07
7.144886363636364e-01,7.386363636363636e-01,-6.409634075888888e-08,5.075065617777723e-07
7.343750000000000e-01,7.386363636363636e-01,-6.370747523934433e-08,4.845940519973384e-07
7.542613636363636e-01,7.386363636363636e-01,-6.351817582584018e-08,4.620182837170192e-07
7.741477272727273e-01,7.386363636363636e-01,-6.350456858530871e-08,4.405846865888880e-07
7.940340909090909e-01,7.386363636363636e-01,-6.347248888701207e-08,4.204902922827360e-07
8.139204545454546e-01,7.386363636363636e-01,-6.341921662963888e-08,4.013002852334197e-07
8.338068181818181e-01,7.386363636363636e-01,-6.322385329924124e-08,3.841952921420057e-07
8.536931818181819e-01,7.386363636363636e-01,-6.292204090756138e-08,3.681520724937387e-07
8.735795454545454e-01,7.386363636363636e-01,-6.251377945459929e-08,3.531706262886189e-07
8.934659090909092e-01,7.386363636363636e-01,-6.188201435333274e-08,3.399059890140951e-07
9.133522727272727e-01,7.386363636363636e-01,-6.114363838529273e-08,3.273123137630095e-07
9.332386363636364e-01,7.386363636363636e-01,-6.024430951605648e-08,3.156886581483372e-07
9.531250000000000e-01,7.386363636363636e-01,-5.915034367691309e-08,3.049742177357073e-07
9.730113636363636e-01,7.386363636363636e-01,-5.795276660016701e-08,2.946842382942322e-07
9.928977272727273e-01,7.386363636363636e-01,-5.656991862211810e-08,2.850414005449494e-07
1.012784090909091e+00,7.386363636363636e-01,-5.504758563599084e-08,2.757349707573400e-07
1.032670454545455e+00,7.386363636363636e-01,-5.343394655713235e-08,2.666341677433084e-07
1.052556818181818e+00,7.386363636363636e-01,-5.164071999777828e-08,2.577768997292605e-07
1.072443181818182e+00,7.386363636363636e-01,-4.976398728606846e-08,2.489404093271790e-07
1.092329545454545e+00,7.386363636363636e-01,-4.780374842200291e-08,2.401246965370642e-07
1.112215909090909e+00,7.386363636363636e-01,-4.571400619872661e-08,2.311785400216691e-07
1.132102272727273e+00,7.386363636363636e-01,-4.357426357213965e-08,2.221199690550587e-07
1.151988636363636e+00,7.386363636363636e-01,-4.136245145394570e-08,2.128771135151452e-07
1.171875000000000e+00,7.386363636363636e-01,-3.908307554728648e-08,2.033198442526880e-07
1.191761363636364e+00,7.386363636363636e-01,-3.677201039559284e-08,1.935731226673002e-07
1.211647727272727e+00,7.386363636363636e-01,-3.441231513390504e-08,1.834461562870438e-07
1.231534090909091e+00,7.386363636363636e-01,-3.202667530363000e-08,1.729716983299453e-07
1.251420454545455e+00,7.386363636363636e-01,-2.962507158316295e-08,1.622633396378226e-07
1.271306818181818e+00,7.386363636363636e-01,-2.720331472999686e-08,1.510239327786927e-07
1.291193181818182e+00,7.386363636363636e-01,-2.477855161024305e-08,1.394948275710079e-07
1.311079545454545e+00,7.386363636363636e-01,-2.235078222390141e-08,1.276760240147678e-07
1.330965909090909e+00,7.386363636363636e-01,-1.992940264549221e-08,1.153335403745759e-07
1.350852272727273e+00,7.386363636363636e-01,-1.751472571127319e-08,1.027628142475482e-07
1.370738636363636e+00,7.386363636363636e-01,-1.511122879395969e-08,8.985376119430136e-08
1.390625000000000e+00,7.386363636363636e-01,-1.272822297696322e-08,7.657768502788795e-08
1.410511363636364e+00,7.386363636363636e-01,-1.035796303296032e-08,6.311846145132563e-08
1.430397727272727e+00,7.386363636363636e-01,-8.013946856283466e-09,4.935472048405075e-08
1.450284090909091e+00,7.386363636363636e-01,-5.695167300648942e-09,3.540508631946994e-08
1.470170454545455e+00,7.386363636363636e-01,-3.393441304852786e-09,2.133977743312585e-08
1.490056818181818e+00,7.386363636363636e-01,-1.131147101650048e-09,7.113259144404158e-09
6.349431818181818e-01,7.613636363636364e-01,-7.899961848961463e-08,5.748331877512020e-07
6.548295454545454e-01,7.613636363636364e-01,-7.359949284721585e-08,5.649169589717026e-07
6.747159090909091e-01,7.613636363636364e-01,-6.944514680427933e-08,5.485526876969099e-07
6.946022727272727e-01,7.613636363636364e-01,-6.586869801743252e-08,5.304803192720387e-07
7.144886363636364e-01,7.613636363636364e-01,-6.315997173162163e-08,5.102261818609896e-07
7.343750000000000e-01,7.613636363636364e-01,-6.110016745977632e-08,4.894696953488975e-07
7.542613636363636e-01,7.613636363636364e-01,-5.932221152275254e-08,4.687755095431396e-07
7.741477272727273e-01,7.613636363636364e-01,-5.792877746610888e-08,4.488121087616502e-07
7.940340909090909e-01,7.613636363636364e-01,-5.673280035244848e-08,4.299487697916023e-07
8.139204545454546e-01,7.613636363636364e-01,-5.566021278740893e-08,4.118366806262924e-07
8.338068181818181e-01,7.613636363636364e-01,-5.476561143289489e-08,3.955459480621657e-07
8.536931818181819e-01,7.613636363636364e-01,-5.392099499415967e-08,3.802013998720609e-07
8.735795454545454e-01,7.613636363636364e-01,-5.312636347120331e-08,3.658030360559781e-07
8.934659090909092e-01,7.613636363636364e-01,-5.235074312174017e-08,3.529411014145666e-07
9.133522727272727e-01,7.613636363636364e-01,-5.156032892312579e-08,3.406775337224337e-07
9.332386363636364e-01,7.613636363636364e-01,-5.074065347970938e-08,3.292782901917395e-07
9.531250000000000e-01,7.613636363636364e-01,-4.984613386976928e-08,3.186791217964732e-07
9.730113636363636e-01,7.613636363636364e-01,-4.890373173410716e-08,3.084495461968532e-07
9.928977272727273e-01,7.613636363636364e-01,-4.786060450398787e-08,2.987750690458425e-07
1.012784090909091e+00,7.613636363636364e-01,-4.672370441656184e-08,2.893733765046129e-07
1.032670454545455e+00,7.613636363636364e-01,-4.552392667594717e-08,2.801359542749673e-07
1.052556818181818e+00,7.613636363636364e-01,-4.418398785776256e-08,2.710639350252731e-07
1.072443181818182e+00,7.613636363636364e-01,-4.277083861961176e-08,2.619765383542046e-07
1.092329545454545e+00,7.613636363636364e-01,-4.128447896149478e-08,2.528737642617620e-07
1.112215909090909e+00,7.613636363636364e-01,-3.967260289864892e-08,2.435819881957741e-07
1.132102272727273e+00,7.613636363636364e-01,-3.800831816892200e-08,2.341532963386594e-07
1.151988636363636e+00,7.613636363636364e-01,-3.626707703331008e-08,2.245043255615458e-07
1.171875000000000e+00,7.613636363636364e-01,-3.444558638586308e-08,2.145010893479034e-07
1.191761363636364e+00,7.613636363636364e-01,-3.258417827467404e-08,2.042874786022054e-07
1.211647727272727e+00,7.613636363636364e-01,-3.065665564159932e-08,1.936567600088323e-07
1.231534090909091e+00,7.613636363636364e-01,-2.868601613253190e-08,1.826500850560089e-07
1.251420454545455e+00,7.613636363636364e-01,-2.668771558606731e-08,1.713906586299430e-07
1.271306818181818e+00,7.613636363636364e-01,-2.464122121338687e-08,1.595607034255348e-07
1.291193181818182e+00,7.613636363636364e-01,-2.257508596452571e-08,1.474203813493227e-07
1.311079545454545e+00,7.613636363636364e-01,-2.048930983948371e-08,1.349696924013063e-07
1.330965909090909e+00,7.613636363636364e-01,-1.837616782689682e-08,1.219577831106045e-07
1.350852272727273e+00,7.613636363636364e-01,-1.625295831218773e-08,1.087006323526537e-07
1.370738636363636e+00,7.613636363636364e-01,-1.411541641654948e-08,9.507975438571852e-08
1.390625000000000e+00,7.613636363636364e-01,-1.196437214146814e-08,8.106163032159498e-08
1.410511363636364e+00,7.613636363636364e-01,-9.806765439558458e-09,6.684407382056072e-08
1.430397727272727e+00,7.613636363636364e-01,-7.638598885387980e-09,5.229251114804222e-08
1.450284090909091e+00,7.613636363636364e-01,-5.463490632913282e-09,3.753094086084974e-08
1.470170454545455e+00,7.613636363636364e-01,-3.283795028924308e-09,2.263745704478385e-08
1.490056818181818e+00,7.613636363636364e-01,-1.094598343002708e-09,7.545819014900465e-09
6.349431818181818e-01,7.840909090909091e-01,-8.653136105789296e-08,5.613489804211956e-07
6.548295454545454e-01,7.840909090909091e-01,-8.002574104867772e-08,5.542566737521076e-07
6.747159090909091e-01,7.840909090909091e-01,-7.449596477968523e-08,5.405708375387141e-07
6.946022727272727e-01,7.840909090909091e-01,-6.937182067969053e-08,5.250286691001850e-07
7.144886363636364e-01,7.840909090909091e-01,-6.484269765832250e-08,5.070580529010085e-07
7.343750000000000e-01,7.840909090909091e-01,-6.097973705871081e-08,4.881995816649074e-07
7.542613636363636e-01,7.840909090909091e-01,-5.745664393685172e-08,4.692263709691965e-07
7.741477272727273e-01,7.840909090909091e-01,-5.451356914499571e-08,4.507203039585086e-07
7.940340909090909e-01,7.840909090909091e-01,-5.199419071972240e-08,4.331468093447538e-07
8.139204545454546e-01,7.840909090909091e-01,-4.975017481636575e-08,4.162151925820127e-07
8.338068181818181e-01,7.840909090909091e-01,-4.802584238371730e-08,4.008927427934840e-07
8.536931818181819e-01,7.840909090909091e-01,-4.651750396621507e-08,3.864106796206679e-07
8.735795454545454e-01,7.840909090909091e-01,-4.522515956385908e-08,3.727690030635648e-07
8.934659090909092e-01,7.840909090909091e-01,-4.420648495761327e-08,3.604841120880871e-07
9.133522727272727e-01,7.840909090909091e-01,-4.326887544496160e-08,3.487225379868006e-07
9.332386363636364e-01,7.840909090909091e-01,-4.243929035977949e-08,3.377150716400636e-07
9.531250000000000e-01,7.840909090909091e-01,-4.165965328121441e-08,3.273916220534438e-07
9.730113636363636e-01,7.840909090909091e-01,-4.089038429346638e-08,3.173793815053317e-07
9.928977272727273e-01,7.840909090909091e-01,-4.010918363209713e-08,3.078242240049641e-07
1.012784090909091e+00,7.840909090909091e-01,-3.928325154517750e-08,2.984749271761333e-07
1.032670454545455e+00,7.840909090909091e-01,-3.842509442815180e-08,2.892465453275746e-07
1.052556818181818e+00,7.840909090909091e-01,-3.747107221538878e-08,2.801032867058998e-07
1.072443181818182e+00,7.840909090909091e-01,-3.645681728394270e-08,2.709086991722017e-07
1.092329545454545e+00,7.840909090909091e-01,-3.538232963381358e-08,2.616627827264808e-07
1.112215909090909e+00,7.840909090909091e-01,-3.419135628167791e-08,2.521719177192845e-07
1.132102272727273e+00,7.840909090909091e-01,-3.294788802680897e-08,2.425215571150920e-07
1.151988636363636e+00,7.840909090909091e-01,-3.162605773652869e-08,2.326180203909718e-07
1.171875000000000e+00,7.840909090909091e-01,-3.021547098782835e-08,2.223253965469068e-07
1.191761363636364e+00,7.840909090909091e-01,-2.875898326522211e-08,2.118044710640918e-07
1.211647727272727e+00,7.840909090909091e-01,-2.722294843004767e-08,2.008355266924715e-07
1.231534090909091e+00,7.840909090909091e-01,-2.562980219773895e-08,1.894675381825202e-07
1.251420454545455e+00,7.840909090909091e-01,-2.399939722231315e-08,1.778315637782678e-07
1.271306818181818e+00,7.840909090909091e-01,-2.229709978789077e-08,1.655937581916053e-07
1.291193181818182e+00,7.840909090909091e-01,-2.056069305160666e-08,1.530293993748779e-07
1.311079545454545e+00,7.840909090909091e-01,-1.879017701346073e-08,1.401384873280852e-07
1.330965909090909e+00,7.840909090909091e-01,-1.696213293498706e-08,1.266571118432257e-07
1.350852272727273e+00,7.840909090909091e-01,-1.510868903819348e-08,1.129173047546540e-07
1.370738636363636e+00,7.840909090909091e-01,-1.321749088939248e-08,9.879407725544013e-08
1.390625000000000e+00,7.840909090909091e-01,-1.128075970741316e-08,8.425044407910173e-08
1.410511363636364e+00,7.840909090909091e-01,-9.319066185841742e-09,6.949504008107795e-08
1.430397727272727e+00,7.840909090909091e-01,-7.311377118944225e-09,5.438354874733231e-08
1.450284090909091e+00,7.840909090909091e-01,-5.265351838770504e-09,3.904447261525285e-08
1.470170454545455e+00,7.840909090909091e-01,-3.193617576074033e-09,2.356165628921518e-08
1.490056818181818e+00,7.840909090909091e-01,-1.064539192021348e-09,7.853885429689271e-09
6.349431818181818e-01,8.068181818181818e-01,-9.697138251338778e-08,5.431271525657926e-07
6.548295454545454e-01,8.068181818181818e-01,-8.930397165820255e-08,5.376983420171349e-07
6.747159090909091e-01,8.068181818181818e-01,-8.218562339052518e-08,5.255592357202957e-07
6.946022727272727e-01,8.068181818181818e-01,-7.533692098692505e-08,5.115234667439575e-07
7.144886363636364e-01,8.068181818181818e-01,-6.889755708808598e-08,4.950028228173468e-07
7.343750000000000e-01,8.068181818181818e-01,-6.310212547244424e-08,4.775896481330617e-07
7.542613636363636e-01,8.068181818181818e-01,-5.769613294505707e-08,4.600553839390148e-07
7.741477272727273e-01,8.068181818181818e-01,-5.307415145807270e-08,4.429696556335159e-07
7.940340909090909e-01,8.068181818181818e-01,-4.912558127331911e-08,4.267649656064208e-07
8.139204545454546e-01,8.068181818181818e-01,-4.561938269489608e-08,4.111628889904269e-07
8.338068181818181e-01,8.068181818181818e-01,-4.300048892710372e-08,3.970317324858322e-07
8.536931818181819e-01,8.068181818181818e-01,-4.076862842869194e-08,3.836469664779246e-07
8.735795454545454e-01,8.068181818181818e-01,-3.892380119966076e-08,3.710085909667045e-07
8.934659090909092e-01,8.068181818181818e-01,-3.760498003177804e-08,3.595460635768203e-07
9.133522727272727e-01,8.068181818181818e-01,-3.646026395132797e-08,3.485282830628167e-07
9.332386363636364e-01,8.068181818181818e-01,-3.555610541978991e-08,3.381482371855204e-07
9.531250000000000e-01,8.068181818181818e-01,-3.482078181048029e-08,3.283281944230568e-07
9.730113636363636e-01,8.068181818181818e-01,-3.415131311429284e-08,3.187572148595735e-07
9.928977272727273e-01,8.068181818181818e-01,-3.355447751065828e-08,3.095394639108514e-07
1.012784090909091e+00,8.068181818181818e-01,-3.296029248997733e-08,3.004583156878889e-07
1.032670454545455e+00,8.068181818181818e-01,-3.236361923299121e-08,2.914534522092922e-07
1.052556818181818e+00,8.068181818181818e-01,-3.171545580492865e-08,2.824537151658581e-07
1.072443181818182e+00,8.068181818181818e-01,-3.102118251105353e-08,2.733686654339550e-07
1.092329545454545e+00,8.068181818181818e-01,-3.028079935136587e-08,2.641983030135831e-07
1.112215909090909e+00,8.068181818181818e-01,-2.943663929582926e-08,2.547336177126675e-07
1.132102272727273e+00,8.068181818181818e-01,-2.854201788499999e-08,2.450908157766842e-07
1.151988636363636e+00,8.068181818181818e-01,-2.757093514329994e-08,2.351681562964232e-07
1.171875000000000e+00,8.068181818181818e-01,-2.650724742623898e-08,2.248307820464564e-07
1.191761363636364e+00,8.068181818181818e-01,-2.539432079041674e-08,2.142525130763409e-07
1.211647727272727e+00,8.068181818181818e-01,-2.419345642783069e-08,2.032056782353863e-07
1.231534090909091e+00,8.068181818181818e-01,-2.292578670793493e-08,1.917458137566418e-07
1.251420454545455e+00,8.068181818181818e-01,-2.161413498616660e-08,1.800088312498462e-07
1.271306818181818e+00,8.068181818181818e-01,-2.021320037618057e-08,1.676523062068711e-07
1.291193181818182e+00,8.068181818181818e-01,-1.876704791813035e-08,1.549603793768291e-07
1.311079545454545e+00,8.068181818181818e-01,-1.727567761201586e-08,1.419330507597197e-07
1.330965909090909e+00,8.068181818181818e-01,-1.570254855126838e-08,1.282993903831114e-07
1.350852272727273e+00,8.068181818181818e-01,-1.409117408179610e-08,1.144001666119416e-07
1.370738636363636e+00,8.068181818181818e-01,-1.242227831956834e-08,1.001068823587991e-07
1.390625000000000e+00,8.068181818181818e-01,-1.067940157135052e-08,8.538114030779581e-08
1.410511363636364e+00,8.068181818181818e-01,-8.894829703518884e-09,7.043753047152538e-08
1.430397727272727e+00,8.068181818181818e-01,-7.031356716426667e-09,5.512752988713644e-08
1.450284090909091e+00,8.068181818181818e-01,-5.099529054558017e-09,3.958312005365104e-08
1.470170454545455e+00,8.068181818181818e-01,-3.121770989203788e-09,2.389045890190322e-08
1.490056818181818e+00,8.068181818181818e-01,-1.040590329700447e-09,7.963486300665293e-09
6.349431818181818e-01,8.295454545454546e-01,-1.087788444193521e-07,5.199883571519801e-07
6.548295454545454e-01,8.295454545454546e-01,-9.978696705995076e-08,5.152537013012694e-07
6.747159090909091e-01,8.295454545454546e-01,-9.090657444048162e-08,5.036229488618877e-07
6.946022727272727e-01,8.295454545454546e-01,-8.215063181778181e-08,4.901701818561929e-07
7.144886363636364e-01,8.295454545454546e-01,-7.360326284066085e-08,4.743926327741808e-07
7.343750000000000e-01,8.295454545454546e-01,-6.575556186545876e-08,4.580517376835326e-07
7.542613636363636e-01,8.295454545454546e-01,-5.839107170028666e-08,4.417402001752965e-07
7.741477272727273e-01,8.295454545454546e-01,-5.209868650330560e-08,4.260996531445413e-07
7.940340909090909e-01,8.295454545454546e-01,-4.677374254208789e-08,4.113770012439194e-07
8.139204545454546e-01,8.295454545454546e-01,-4.208380019665770e-08,3.972696456637241e-07
8.338068181818181e-01,8.295454545454546e-01,-3.866180326484116e-08,3.845318996425556e-07
8.536931818181819e-01,8.295454545454546e-01,-3.578737892847099e-08,3.724475446360660e-07
8.735795454545454e-01,8.295454545454546e-01,-3.346052718754725e-08,3.610165806442557e-07
8.934659090909092e-01,8.295454545454546e-01,-3.188245198309244e-08,3.505739526156879e-07
9.133522727272727e-01,8.295454545454546e-01,-3.055823079330736e-08,3.404944698589465e-07
9.332386363636364e-01,8.295454545454546e-01,-2.958727007872433e-08,3.309318020735048e-07
9.531250000000000e-01,8.295454545454546e-01,-2.888431395101986e-08,3.218018965777024e-07
9.730113636363636e-01,8.295454545454546e-01,-2.829339761232525e-08,3.128579027057368e-07
9.928977272727273e-01,8.295454545454546e-01,-2.784528924645489e-08,3.041628224981997e-07
1.012784090909091e+00,8.295454545454546e-01,-2.743944966842024e-08,2.955368780335588e-07
1.032670454545455e+00,8.295454545454546e-01,-2.705605112460692e-08,2.869439966494306e-07
1.052556818181818e+00,8.295454545454546e-01,-2.665911144685749e-08,2.782816216132748e-07
1.072443181818182e+00,8.295454545454546e-01,-2.622872979067199e-08,2.695041389581478e-07
1.092329545454545e+00,8.295454545454546e-01,-2.576490615605045e-08,2.606115486840500e-07
1.112215909090909e+00,8.295454545454546e-01,-2.521008821026488e-08,2.513850553730426e-07
1.132102272727273e+00,8.295454545454546e-01,-2.460764723512980e-08,2.419669754455224e-07
1.151988636363636e+00,8.295454545454546e-01,-2.393208401948062e-08,2.322502723364669e-07
1.171875000000000e+00,8.295454545454546e-01,-2.316302235384662e-08,2.221039830604693e-07
1.191761363636364e+00,8.295454545454546e-01,-2.234322472878346e-08,2.117102862760797e-07
1.211647727272727e+00,8.295454545454546e-01,-2.143089370246487e-08,2.008390147945281e-07
1.231534090909091e+00,8.295454545454546e-01,-2.044566063863997e-08,1.895505614389087e-07
1.251420454545455e+00,8.295454545454546e-01,-1.941216143991269e-08,1.779824285290633e-07
1.271306818181818e+00,8.295454545454546e-01,-1.827771720277771e-08,1.657914416158847e-07
1.291193181818182e+00,8.295454545454546e-01,-1.709024359046560e-08,1.532638549753863e-07
1.311079545454545e+00,8.295454545454546e-01,-1.584974060297627e-08,1.403996686075676e-07
1.330965909090909e+00,8.295454545454546e-01,-1.450957089861623e-08,1.269269244441103e-07
1.350852272727273e+00,8.295454545454546e-01,-1.312114349139385e-08,1.131874942024266e-07
1.370738636363636e+00,8.295454545454546e-01,-1.165965222597059e-08,9.905229086856190e-08
1.390625000000000e+00,8.295454545454546e-01,-1.010016993957709e-08,8.448312010800080e-08
1.410511363636364e+00,8.295454545454546e-01,-8.484327170844524e-09,6.969588879021890e-08
1.430397727272727e+00,8.295454545454546e-01,-6.759820321172256e-09,5.454306952265718e-08
1.450284090909091e+00,8.295454545454546e-01,-4.938445946489960e-09,3.915966033757190e-08
1.470170454545455e+00,8.295454545454546e-01,-3.051871199198159e-09,2.363083320636560e-08
1.490056818181818e+00,8.295454545454546e-01,-1.017290399722191e-09,7.876944402147298e-09
6.349431818181818e-01,8.522727272727273e-01,-1.210848146476329e-07,4.924563826584203e-07
6.548295454545454e-01,8.522727272727273e-01,-1.106465616673553e-07,4.874705508807904e-07
6.747159090909091e-01,8.522727272727273e-01,-9.978027292837715e-08,4.753494336391586e-07
6.946022727272727e-01,8.522727272727273e-01,-8.889158293828188e-08,4.616287855652188e-07
7.144886363636364e-01,8.522727272727273e-01,-7.802183718584191e-08,4.460169445958321e-07
7.343750000000000e-01,8.522727272727273e-01,-6.803971271932663e-08,4.305201294273902e-07
7.542613636363636e-01,8.522727272727273e-01,-5.870466235057744e-08,4.153488067679466e-07
7.741477272727273e-01,8.522727272727273e-01,-5.085459572104590e-08,4.012559308405518e-07
7.940340909090909e-01,8.522727272727273e-01,-4.430558749006569e-08,3.881580902318793e-07
8.139204545454546e-01,8.522727272727273e-01,-3.860502065407790e-08,3.757105837295970e-07
8.338068181818181e-01,8.522727272727273e-01,-3.453765907456531e-08,3.645310544196175e-07
8.536931818181819e-01,8.522727272727273e-01,-3.115700689340116e-08,3.539071671344773e-07
8.735795454545454e-01,8.522727272727273e-01,-2.846306411058552e-08,3.438389218741766e-07
8.934659090909092e-01,8.522727272727273e-01,-2.669874920006459e-08,3.345646394075749e-07
9.133522727272727e-01,8.522727272727273e-01,-2.525112744984446e-08,3.255702886014061e-07
9.332386363636364e-01,8.522727272727273e-01,-2.424483568277110e-08,3.169698814741192e-07
9.531250000000000e-01,8.522727272727273e-01,-2.358267977610704e-08,3.086756302984826e-07
9.730113636363636e-01,8.522727272727273e-01,-2.306799620619222e-08,3.005051477571912e-07
9.928977272727273e-01,8.522727272727273e-01,-2.274990867728201e-08,2.924823275901828e-07
1.012784090909091e+00,8.522727272727273e-01,-2.250484421416375e-08,2.844652768766700e-07
1.032670454545455e+00,8.522727272727273e-01,-2.230163731365822e-08,2.764409464253032e-07
1.052556818181818e+00,8.522727272727273e-01,-2.211518991862096e-08,2.682803111065908e-07
1.072443181818182e+00,8.522727272727273e-01,-2.190594669564755e-08,2.599798206031786e-07
1.092329545454545e+00,8.522727272727273e-01,-2.167390764473798e-08,2.515394749150669e-07
1.112215909090909e+00,8.522727272727273e-01,-2.136275701827999e-08,2.427363169063294e-07
1.132102272727273e+00,8.522727272727273e-01,-2.100719231376150e-08,2.337334338216592e-07
1.151988636363636e+00,8.522727272727273e-01,-2.058263617919468e-08,2.244212811523962e-07
1.171875000000000e+00,8.522727272727273e-01,-2.006587413472180e-08,2.146752954827112e-07
1.191761363636364e+00,8.522727272727273e-01,-1.949830632255460e-08,2.046813231726642e-07
1.211647727272727e+00,8.522727272727273e-01,-1.883665660541427e-08,1.942118995150460e-07
1.231534090909091e+00,8.522727272727273e-01,-1.809902045975708e-08,1.833304972221904e-07
1.251420454545455e+00,8.522727272727273e-01,-1.731088887639459e-08,1.721730971888234e-07
1.271306818181818e+00,8.522727272727273e-01,-1.641510747548533e-08,1.604031277833003e-07
1.291193181818182e+00,8.522727272727273e-01,-1.546144666126909e-08,1.483025499359008e-07
1.311079545454545e+00,8.522727272727273e-01,-1.444990643374584e-08,1.358713636466242e-07
1.330965909090909e+00,8.522727272727273e-01,-1.332676297613920e-08,1.228421194126782e-07
1.350852272727273e+00,8.522727272727273e-01,-1.214819141569578e-08,1.095505547958200e-07
1.370738636363636e+00,8.522727272727273e-01,-1.088530202508077e-08,9.586962151282757e-08
1.390625000000000e+00,8.522727272727273e-01,-9.505208298910643e-09,8.176234983252237e-08
1.410511363636364e+00,8.522727272727273e-01,-8.056370451117107e-09,6.744184124720243e-08
1.430397727272727e+00,8.522727272727273e-01,-6.472675159592872e-09,5.276580240747454e-08
1.450284090909091e+00,8.522727272727273e-01,-4.765099924689873e-09,3.787216460941883e-08
1.470170454545455e+00,8.522727272727273e-01,-2.973970391725517e-09,2.284237262214351e-08
1.490056818181818e+00,8.522727272727273e-01,-9.913234639215367e-10,7.614124207382724e-09
6.349431818181818e-01,8.750000000000000e-01,-1.334619429406252e-07,4.603340916755087e-07
6.548295454545454e-01,8.750000000000000e-01,-1.214645078440630e-07,4.540600559420064e-07
6.747159090909091e-01,8.750000000000000e-01,-1.083356102355511e-07,4.403609183869986e-07
6.946022727272727e-01,8.750000000000000e-01,-9.503981758395296e-08,4.254672494530822e-07
7.144886363636364e-01,8.750000000000000e-01,-8.160027789491597e-08,4.094515150585698e-07
7.343750000000000e-01,8.750000000000000e-01,-6.941336101946061e-08,3.946256786700500e-07
7.542613636363636e-01,8.750000000000000e-01,-5.812964518873451e-08,3.805771732509535e-07
7.741477272727273e-01,8.750000000000000e-01,-4.890504370843412e-08,3.681889833804164e-07
7.940340909090909e-01,8.750000000000000e-01,-4.135647706162953e-08,3.568910018173677e-07
8.139204545454546e-01,8.750000000000000e-01,-3.489024069135603e-08,3.462867906359385e-07
8.338068181818181e-01,8.750000000000000e-01,-3.038960189629446e-08,3.368278677503689e-07
8.536931818181819e-01,8.750000000000000e-01,-2.668497172397080e-08,3.278183683661806e-07
8.735795454545454e-01,8.750000000000000e-01,-2.377635017438513e-08,3.192582924833739e-07
8.934659090909092e-01,8.750000000000000e-01,-2.192476803916089e-08,3.112900238155305e-07
9.133522727272727e-01,8.750000000000000e-01,-2.043191916641492e-08,3.035174707432406e-07
9.332386363636364e-01,8.750000000000000e-01,-1.943843086260284e-08,2.960152632054903e-07
9.531250000000000e-01,8.750000000000000e-01,-1.883776640251030e-08,2.886954556378021e-07
9.730113636363636e-01,8.750000000000000e-01,-1.840725402800229e-08,2.814395134330636e-07
9.928977272727273e-01,8.750000000000000e-01,-1.820780879025137e-08,2.742353442557455e-07
1.012784090909091e+00,8.750000000000000e-01,-1.810168090893983e-08,2.669794177522306e-07
1.032670454545455e+00,8.750000000000000e-01,-1.805031006133749e-08,2.596798842282766e-07
1.052556818181818e+00,8.750000000000000e-01,-1.803682196655935e-08,2.521872623500398e-07
1.072443181818182e+00,8.750000000000000e-01,-1.800862294704729e-08,2.445361228593615e-07
1.092329545454545e+00,8.750000000000000e-01,-1.796571300280131e-08,2.367264657562420e-07
1.112215909090909e+00,8.750000000000000e-01,-1.785403348210292e-08,2.285374306350295e-07
1.132102272727273e+00,8.750000000000000e-01,-1.770131944437478e-08,2.201465561503790e-07
1.151988636363636e+00,8.750000000000000e-01,-1.748426521734801e-08,2.114449000755838e-07
1.171875000000000e+00,8.750000000000000e-01,-1.717829928815563e-08,2.023168960772994e-07
1.191761363636364e+00,8.750000000000000e-01,-1.682281377912633e-08,1.929468377931640e-07
1.211647727272727e+00,8.750000000000000e-01,-1.637466817952729e-08,1.831155950510645e-07
1.231534090909091e+00,8.750000000000000e-01,-1.585047375350035e-08,1.728877064470829e-07
1.251420454545455e+00,8.750000000000000e-01,-1.527562423416247e-08,1.623942571452444e-07
1.271306818181818e+00,8.750000000000000e-01,-1.459150002598407e-08,1.513131833293039e-07
1.291193181818182e+00,8.750000000000000e-01,-1.384775050406879e-08,1.399152240571185e-07
1.311079545454545e+00,8.750000000000000e-01,-1.304437566841661e-08,1.282003793286876e-07
1.330965909090909e+00,8.750000000000000e-01,-1.212390086447261e-08,1.159116072710204e-07
1.350852272727273e+00,8.750000000000000e-01,-1.114398999450736e-08,1.033706894311734e-07
1.370738636363636e+00,8.750000000000000e-01,-1.007330804746728e-08,9.045537604437375e-08
1.390625000000000e+00,8.750000000000000e-01,-8.871737474372911e-09,7.713072744673218e-08
1.410511363636364e+00,8.750000000000000e-01,-7.591693447607653e-09,6.360274619675484e-08
1.430397727272727e+00,8.750000000000000e-01,-6.154802050103449e-09,4.973854709905475e-08
1.450284090909091e+00,8.750000000000000e-01,-4.568682559922830e-09,3.567911283585214e-08
1.470170454545455e+00,8.750000000000000e-01,-2.881653001327509e-09,2.149942517246159e-08
1.490056818181818e+00,8.750000000000000e-01,-9.605510004487476e-10,7.166475057481638e-09
6.349431818181818e-01,8.977272727272727e-01,-1.438021300528014e-07,4.207076788614316e-07
6.548295454545454e-01,8.977272727272727e-01,-1.299022112706665e-07,4.102577280062687e-07
6.747159090909091e-01,8.977272727272727e-01,-1.136544541192667e-07,3.924091157910805e-07
6.946022727272727e-01,8.977272727272727e-01,-9.719304744355185e-08,3.745315071508228e-07
7.144886363636364e-01,8.977272727272727e-01,-8.067215693673717e-08,3.576261349799050e-07
7.343750000000000e-01,8.977272727272727e-01,-6.654774474686349e-08,3.438421884815462e-07
7.542613636363636e-01,8.977272727272727e-01,-5.388502941908408e-08,3.315064006334951e-07
7.741477272727273e-01,8.977272727272727e-01,-4.418539093537593e-08,3.213591021640128e-07
7.940340909090909e-01,8.977272727272727e-01,-3.643847085929474e-08,3.122371855813760e-07
8.139204545454546e-01,8.977272727272727e-01,-2.993798726603486e-08,3.037562617573143e-07
8.338068181818181e-01,8.977272727272727e-01,-2.553821167214645e-08,2.962027079452878e-07
8.536931818181819e-01,8.977272727272727e-01,-2.195135736547500e-08,2.889737849945992e-07
8.735795454545454e-01,8.977272727272727e-01,-1.917742434602057e-08,2.820694929052486e-07
8.934659090909092e-01,8.977272727272727e-01,-1.745826038420718e-08,2.755550138147528e-07
9.133522727272727e-01,8.977272727272727e-01,-1.609400588381627e-08,2.691579046599292e-07
9.332386363636364e-01,8.977272727272727e-01,-1.522254346754315e-08,2.629180872817813e-07
9.531250000000000e-01,8.977272727272727e-01,-1.473759811130310e-08,2.567554385633945e-07
9.730113636363636e-01,8.977272727272727e-01,-1.442038078506108e-08,2.506074951152405e-07
9.928977272727273e-01,8.977272727272727e-01,-1.433164917544543e-08,2.444363023315128e-07
1.012784090909091e+00,8.977272727272727e-01,-1.433703289397785e-08,2.381737132343015e-07
1.032670454545455e+00,8.977272727272727e-01,-1.439795120924885e-08,2.318431590709403e-07
1.052556818181818e+00,8.977272727272727e-01,-1.450109746771845e-08,2.252891435339016e-07
1.072443181818182e+00,8.977272727272727e-01,-1.459299032728897e-08,2.185723753836432e-07
1.092329545454545e+00,8.977272727272727e-01,-1.467362978796039e-08,2.116928546201653e-07
1.112215909090909e+00,8.977272727272727e-01,-1.469303943953829e-08,2.044445280222671e-07
1.132102272727273e+00,8.977272727272727e-01,-1.467504927803125e-08,1.970049039988783e-07
1.151988636363636e+00,8.977272727272727e-01,-1.459821742653812e-08,1.892720100328338e-07
1.171875000000000e+00,8.977272727272727e-01,-1.443913895464267e-08,1.811437785910242e-07
1.191761363636364e+00,8.977272727272727e-01,-1.423410535978465e-08,1.727923193836518e-07
1.211647727272727e+00,8.977272727272727e-01,-1.394281626779950e-08,1.640176958449810e-07
1.231534090909091e+00,8.977272727272727e-01,-1.358046654720301e-08,1.548812992507651e-07
1.251420454545455e+00,8.977272727272727e-01,-1.317076450768848e-08,1.455028004000131e-07
1.271306818181818e+00,8.977272727272727e-01,-1.265869797332133e-08,1.355897776154510e-07
1.291193181818182e+00,8.977272727272727e-01,-1.209060970324203e-08,1.253884982473113e-07
1.311079545454545e+00,8.977272727272727e-01,-1.146649969745058e-08,1.148989622955935e-07
1.330965909090909e+00,8.977272727272727e-01,-1.073159597366293e-08,1.038860712484448e-07
1.350852272727273e+00,8.977272727272727e-01,-9.939627340611415e-09,9.264245055463129e-08
1.370738636363636e+00,8.977272727272727e-01,-9.060282539530524e-09,8.105598104849611e-08
1.390625000000000e+00,8.977272727272727e-01,-8.050405289196802e-09,6.909319577415306e-08
1.410511363636364e+00,8.977272727272727e-01,-6.959310969724853e-09,5.694480407978664e-08
1.430397727272727e+00,8.977272727272727e-01,-5.700953179332255e-09,4.449217128020915e-08
1.450284090909091e+00,8.977272727272727e-01,-4.273180532583506e-09,3.187955363906351e-08
1.470170454545455e+00,8.977272727272727e-01,-2.729995316460291e-09,1.917233696822746e-08
1.490056818181818e+00,8.977272727272727e-01,-9.099984388191730e-10,6.390778989410051e-09
6.349431818181818e-01,9.204545454545454e-01,-1.503724584917209e-07,3.773428213467088e-07
6.548295454545454e-01,9.204545454545454e-01,-1.343794404443934e-07,3.581614125501009e-07
6.747159090909091e-01,9.204545454545454e-01,-1.136428707905215e-07,3.337319219496261e-07
6.946022727272727e-01,9.204545454545454e-01,-9.319745906168849e-08,3.118198733174310e-07
7.144886363636364e-01,9.204545454545454e-01,-7.393293105113922e-08,2.951658777086747e-07
7.343750000000000e-01,9.204545454545454e-01,-5.908500275758127e-08,2.834377016476608e-07
7.542613636363636e-01,9.204545454545454e-01,-4.639459350765438e-08,2.736357454410036e-07
7.741477272727273e-01,9.204545454545454e-01,-3.719848770071675e-08,2.659707758192437e-07
7.940340909090909e-01,9.204545454545454e-01,-3.000126078986727e-08,2.591538412688234e-07
8.139204545454546e-01,9.204545454545454e-01,-2.406933219726617e-08,2.528584863077447e-07
8.338068181818181e-01,9.204545454545454e-01,-2.014993415903503e-08,2.472189682706547e-07
8.536931818181819e-01,9.204545454545454e-01,-1.698322467481640e-08,2.417812952297401e-07
8.735795454545454e-01,9.204545454545454e-01,-1.456920374461036e-08,2.365454671850009e-07
8.934659090909092e-01,9.204545454545454e-01,-1.311415153206195e-08,2.315184547223299e-07
9.133522727272727e-01,9.204545454545454e-01,-1.197928404485059e-08,2.265422432527728e-07
9.332386363636364e-01,9.204545454545454e-01,-1.128796877926250e-08,2.216285606440729e-07
9.531250000000000e-01,9.204545454545454e-01,-1.094265035798439e-08,2.167095899813093e-07
9.730113636363636e-01,9.204545454545454e-01,-1.074732942101560e-08,2.117683494272196e-07
9.928977272727273e-01,9.204545454545454e-01,-1.075600241553768e-08,2.067507406589978e-07
1.012784090909091e+00,9.204545454545454e-01,-1.084868712787503e-08,2.016190779991072e-07
1.032670454545455e+00,9.204545454545454e-01,-1.099096341467974e-08,1.964063186163608e-07
1.052556818181818e+00,9.204545454545454e-01,-1.117117887422738e-08,1.909630243874306e-07
1.072443181818182e+00,9.204545454545454e-01,-1.134161463737746e-08,1.853647661665657e-07
1.092329545454545e+00,9.204545454545454e-01,-1.150227070412999e-08,1.796115439537663e-07
1.112215909090909e+00,9.204545454545454e-01,-1.160893670946343e-08,1.735217152090364e-07
1.132102272727273e+00,9.204545454545454e-01,-1.168256528338830e-08,1.672609315911447e-07
1.151988636363636e+00,9.204545454545454e-01,-1.170420202774346e-08,1.607390362598290e-07
1.171875000000000e+00,9.204545454545454e-01,-1.165313534992534e-08,1.538704724277827e-07
1.191761363636364e+00,9.204545454545454e-01,-1.156145823388284e-08,1.468071043515480e-07
1.211647727272727e+00,9.204545454545454e-01,-1.139357959985754e-08,1.393761225473532e-07
1.231534090909091e+00,9.204545454545454e-01,-1.116303202962663e-08,1.316325384163859e-07
1.251420454545455e+00,9.204545454545454e-01,-1.089074399849056e-08,1.236798392985208e-07
1.271306818181818e+00,9.204545454545454e-01,-1.052843895929458e-08,1.152663288221194e-07
1.291193181818182e+00,9.204545454545454e-01,-1.011702232975846e-08,1.066042241863666e-07
1.311079545454545e+00,9.204545454545454e-01,-9.656494109882204e-09,9.769352539126200e-08
1.330965909090909e+00,9.204545454545454e-01,-9.098868819966812e-09,8.833013194917342e-08
1.350852272727273e+00,9.204545454545454e-01,-8.490862723854257e-09,7.876620759577962e-08
1.370738636363636e+00,9.204545454545454e-01,-7.805615386284524e-09,6.890400839931097e-08
1.390625000000000e+00,9.204545454545454e-01,-7.001824246074206e-09,5.871199261943121e-08
1.410511363636364e+00,9.204545454545454e-01,-6.121761950003277e-09,4.835713655343854e-08
1.430397727272727e+00,9.204545454545454e-01,-5.080582551750710e-09,3.773501602177633e-08
1.450284090909091e+00,9.204545454545454e-01,-3.855843030696814e-09,2.699017638578465e-08
1.470170454545455e+00,9.204545454545454e-01,-2.504623408502943e-09,1.617908519254867e-08
1.490056818181818e+00,9.204545454545454e-01,-8.348744694991776e-10,5.393028397517776e-09
6.349431818181818e-01,9.431818181818182e-01,-1.505056542813592e-07,3.316689322540326e-07
6.548295454545454e-01,9.431818181818182e-01,-1.308818522683341e-07,2.945584334812300e-07
6.747159090909091e-01,9.431818181818182e-01,-1.047694615530891e-07,2.623748203731448e-07
6.946022727272727e-01,9.431818181818182e-01,-8.058363174603688e-08,2.368580357592339e-07
7.144886363636364e-01,9.431818181818182e-01,-6.076403154788536e-08,2.226593582658758e-07
7.343750000000000e-01,9.431818181818182e-01,-4.700514049847418e-08,2.139624047638244e-07
7.542613636363636e-01,9.431818181818182e-01,-3.584410831123211e-08,2.072217542431377e-07
7.741477272727273e-01,9.431818181818182e-01,-2.814784946986978e-08,2.021524906628146e-07
7.940340909090909e-01,9.431818181818182e-01,-2.223345392748296e-08,1.976638471440356e-07
8.139204545454546e-01,9.431818181818182e-01,-1.743966163717018e-08,1.935259848393433e-07
8.338068181818181e-01,9.431818181818182e-01,-1.434469890899695e-08,1.897549112066245e-07
8.536931818181819e-01,9.431818181818182e-01,-1.186804040221012e-08,1.860746183740244e-07
8.735795454545454e-01,9.431818181818182e-01,-1.000968611680973e-08,1.824851063415431e-07
8.934659090909092e-01,9.431818181818182e-01,-8.927037863650425e-09,1.789559806910825e-07
9.133522727272727e-01,9.431818181818182e-01,-8.101396268016444e-09,1.754266804362068e-07
9.332386363636364e-01,9.431818181818182e-01,-7.630961205310028e-09,1.718887047020270e-07
9.531250000000000e-01,9.431818181818182e-01,-7.435294370467992e-09,1.682903575685287e-07
9.730113636363636e-01,9.431818181818182e-01,-7.358304636594536e-09,1.646471437727808e-07
9.928977272727273e-01,9.431818181818182e-01,-7.441696045074826e-09,1.608997902814365e-07
1.012784090909091e+00,9.431818181818182e-01,-7.589906987107648e-09,1.570348957157622e-07
1.032670454545455e+00,9.431818181818182e-01,-7.776212747983619e-09,1.530884091550012e-07
1.052556818181818e+00,9.431818181818182e-01,-7.989610078163311e-09,1.489301344171650e-07
1.072443181818182e+00,9.431818181818182e-01,-8.193596871120009e-09,1.446378134453124e-07
1.092329545454545e+00,9.431818181818182e-01,-8.388173126853710e-09,1.402114462394434e-07
1.112215909090909e+00,9.431818181818182e-01,-8.536966365222579e-09,1.355040068183786e-07
1.132102272727273e+00,9.431818181818182e-01,-8.658278532210312e-09,1.306564466539644e-07
1.151988636363636e+00,9.431818181818182e-01,-8.736463957731759e-09,1.255955868428563e-07
1.171875000000000e+00,9.431818181818182e-01,-8.754952353597486e-09,1.202554656041527e-07
1.191761363636364e+00,9.431818181818182e-01,-8.740218537267231e-09,1.147591228493061e-07
1.211647727272727e+00,9.431818181818182e-01,-8.663366972540751e-09,1.089692292961969e-07
1.231534090909091e+00,9.431818181818182e-01,-8.535792134623153e-09,1.029309675654883e-07
1.251420454545455e+00,9.431818181818182e-01,-8.374479655048800e-09,9.672661826915561e-08
1.271306818181818e+00,9.431818181818182e-01,-8.140912584761449e-09,9.015690079126330e-08
1.291193181818182e+00,9.431818181818182e-01,-7.868296720345035e-09,8.338994422938011e-08
1.311079545454545e+00,9.431818181818182e-01,-7.556632061799550e-09,7.642574858350570e-08
1.330965909090909e+00,9.431818181818182e-01,-7.168382783259020e-09,6.910106966519521e-08
1.350852272727273e+00,9.431818181818182e-01,-6.740392782597394e-09,6.161572319809323e-08
1.370738636363636e+00,9.431818181818182e-01,-6.251473506424794e-09,5.389108821165751e-08
1.390625000000000e+00,9.431818181818182e-01,-5.667175391616146e-09,4.589878018862672e-08
1.410511363636364e+00,9.431818181818182e-01,-5.019546655528024e-09,3.777325264718940e-08
1.430397727272727e+00,9.431818181818182e-01,-4.235084480051215e-09,2.942692657485658e-08
1.450284090909091e+00,9.431818181818182e-01,-3.271787070812312e-09,2.098939889937239e-08
1.470170454545455e+00,9.431818181818182e-01,-2.181174877627761e-09,1.251170772033649e-08
1.490056818181818e+00,9.431818181818182e-01,-7.270582925428864e-10,4.170569240111697e-09
6.349431818181818e-01,9.659090909090909e-01,-1.381131977350159e-07,2.857971488886591e-07
6.548295454545454e-01,9.659090909090909e-01,-1.105886656980947e-07,2.113646411110256e-07
6.747159090909091e-01,9.659090909090909e-01,-7.890534357202492e-08,1.722836998335498e-07
6.946022727272727e-01,9.659090909090909e-01,-5.318296046365281e-08,1.463421917826608e-07
7.144886363636364e-01,9.659090909090909e-01,-3.876610006101856e-08,1.391568312549908e-07
7.343750000000000e-01,9.659090909090909e-01,-2.934874371992600e-08,1.345924716918231e-07
7.542613636363636e-01,9.659090909090909e-01,-2.195595151503504e-08,1.310175436642105e-07
7.741477272727273e-01,9.659090909090909e-01,-1.698705708134153e-08,1.284495303024646e-07
7.940340909090909e-01,9.659090909090909e-01,-1.320842364699508e-08,1.261270541203535e-07
8.139204545454546e-01,9.659090909090909e-01,-1.017646756129795e-08,1.239503491421497e-07
8.338068181818181e-01,9.659090909090909e-01,-8.254987568313137e-09,1.218953457395978e-07
8.536931818181819e-01,9.659090909090909e-01,-6.733834381653842e-09,1.198516117536399e-07
8.735795454545454e-01,9.659090909090909e-01,-5.613008001320105e-09,1.178191471842761e-07
8.934659090909092e-01,9.659090909090909e-01,-4.990591901384866e-09,1.157585502083245e-07
9.133522727272727e-01,9.659090909090909e-01,-4.532266079037673e-09,1.136723849743336e-07
9.332386363636364e-01,9.659090909090909e-01,-4.300292102139917e-09,1.115440921321687e-07
9.531250000000000e-01,9.659090909090909e-01,-4.241316712159317e-09,1.093414703774823e-07
9.730113636363636e-01,9.659090909090909e-01,-4.256480209034425e-09,1.070925874854456e-07
9.928977272727273e-01,9.659090909090909e-01,-4.370487704129970e-09,1.047484093356459e-07
1.012784090909091e+00,9.659090909090909e-01,-4.522479674400138e-09,1.023101475790435e-07
1.032670454545455e+00,9.659090909090909e-01,-4.696505561371362e-09,9.980750020833993e-08
1.052556818181818e+00,9.659090909090909e-01,-4.882640044750679e-09,9.714733257011631e-08
1.072443181818182e+00,9.659090909090909e-01,-5.059990402100510e-09,9.439178134597953e-08
1.092329545454545e+00,9.659090909090909e-01,-5.228556633420854e-09,9.154084653592968e-08
1.112215909090909e+00,9.659090909090909e-01,-5.362988816002171e-09,8.849545005628353e-08
1.132102272727273e+00,9.659090909090909e-01,-5.477768402366216e-09,8.535460058966462e-08
1.151988636363636e+00,9.659090909090909e-01,-5.561899568441501e-09,8.206886120843882e-08
1.171875000000000e+00,9.659090909090909e-01,-5.604549070605975e-09,7.859569641789765e-08
1.191761363636364e+00,9.659090909090909e-01,-5.624290800318563e-09,7.501809585731624e-08
1.211647727272727e+00,9.659090909090909e-01,-5.601519028285055e-09,7.124498954923607e-08
1.231534090909091e+00,9.659090909090909e-01,-5.544505267640711e-09,6.730720321354667e-08
1.251420454545455e+00,9.659090909090909e-01,-5.464773217778644e-09,6.325932529744209e-08
1.271306818181818e+00,9.659090909090909e-01,-5.337006659164455e-09,5.896961259089598e-08
1.291193181818182e+00,9.659090909090909e-01,-5.183760233924353e-09,5.454923343631626e-08
1.311079545454545e+00,9.659090909090909e-01,-5.005033942058328e-09,4.999818783370274e-08
1.330965909090909e+00,9.659090909090909e-01,-4.777380170711868e-09,4.520736432514920e-08
1.350852272727273e+00,9.659090909090909e-01,-4.524730400991645e-09,4.030892183206028e-08
1.370738636363636e+00,9.659090909090909e-01,-4.233862408280547e-09,3.524996518455308e-08
1.390625000000000e+00,9.659090909090909e-01,-3.883371047455405e-09,3.000814859743153e-08
1.410511363636364e+00,9.659090909090909e-01,-3.492632312101559e-09,2.467422533812122e-08
1.430397727272727e+00,9.659090909090909e-01,-3.013943238256518e-09,1.918543755373324e-08
1.450284090909091e+00,9.659090909090909e-01,-2.406879591119657e-09,1.361609321524250e-08
1.470170454545455e+00,9.659090909090909e-01,-1.696182079561325e-09,8.021047587124637e-09
1.490056818181818e+00,9.659090909090909e-01,-5.653940265204678e-10,2.673682529041461e-09
6.349431818181818e-01,9.886363636363636e-01,-3.486182919226287e-08,2.571971343666943e-07
6.548295454545454e-01,9.886363636363636e-01,-3.830511879428409e-08,8.343539877604078e-08
6.747159090909091e-01,9.886363636363636e-01,-2.751721048159705e-08,5.855356718767286e-08
6.946022727272727e-01,9.886363636363636e-01,-1.809377329212901e-08,4.910098592203242e-08
7.144886363636364e-01,9.886363636363636e-01,-1.309685768187644e-08,4.680691468313826e-08
7.343750000000000e-01,9.886363636363636e-01,-9.869706953675448e-09,4.533499274829924e-08
7.542613636363636e-01,9.886363636363636e-01,-7.352702514731057e-09,4.417891539703439e-08
7.741477272727273e-01,9.886363636363636e-01,-5.669802921009272e-09,4.335878554815302e-08
7.940340909090909e-01,9.886363636363636e-01,-4.392834495248763e-09,4.261271090632482e-08
8.139204545454546e-01,9.886363636363636e-01,-3.370388473386882e-09,4.191032533818199e-08
8.338068181818181e-01,9.886363636363636e-01,-2.725008600264604e-09,4.124105456589796e-08
8.536931818181819e-01,9.886363636363636e-01,-2.215294046939749e-09,4.057226760948793e-08
8.735795454545454e-01,9.886363636363636e-01,-1.841244813412328e-09,3.990396446895191e-08
8.934659090909092e-01,9.886363636363636e-01,-1.635831329491517e-09,3.922140778108354e-08
9.133522727272727e-01,9.886363636363636e-01,-1.485863565605574e-09,3.852839928785434e-08
9.332386363636364e-01,9.886363636363636e-01,-1.412348532452238e-09,3.781855111306780e-08
9.531250000000000e-01,9.886363636363636e-01,-1.397116183589358e-09,3.708103981040055e-08
9.730113636363636e-01,9.886363636363636e-01,-1.406818965668877e-09,3.632664289073771e-08
9.928977272727273e-01,9.886363636363636e-01,-1.449667876913405e-09,3.553799516997164e-08
1.012784090909091e+00,9.886363636363636e-01,-1.505109549204254e-09,3.471620147707407e-08
1.032670454545455e+00,9.886363636363636e-01,-1.567833513834484e-09,3.387177694182082e-08
1.052556818181818e+00,9.886363636363636e-01,-1.634279560208763e-09,3.297253903244916e-08
1.072443181818182e+00,9.886363636363636e-01,-1.697559852172026e-09,3.204037357584105e-08
1.092329545454545e+00,9.886363636363636e-01,-1.757674389724271e-09,3.107528057199653e-08
1.112215909090909e+00,9.886363636363636e-01,-1.805906044490771e-09,3.004341107673513e-08
1.132102272727273e+00,9.886363636363636e-01,-1.847347140412984e-09,2.897886175695532e-08
1.151988636363636e+00,9.886363636363636e-01,-1.878210552647352e-09,2.786473472877696e-08
1.171875000000000e+00,9.886363636363636e-01,-1.894817694629831e-09,2.668662737076936e-08
1.191761363636364e+00,9.886363636363636e-01,-1.903563575709084e-09,2.547289726666090e-08
1.211647727272727e+00,9.886363636363636e-01,-1.897741103728397e-09,2.419253075667853e-08
1.231534090909091e+00,9.886363636363636e-01,-1.880216148824693e-09,2.285608460711053e-08
1.251420454545455e+00,9.886363636363636e-01,-1.854930877498136e-09,2.148215042762833e-08
1.271306818181818e+00,9.886363636363636e-01,-1.813279424896302e-09,2.002589147849093e-08
1.291193181818182e+00,9.886363636363636e-01,-1.762979335680642e-09,1.852514348624846e-08
1.311079545454545e+00,9.886363636363636e-01,-1.704030609851154e-09,1.697990645090086e-08
1.330965909090909e+00,9.886363636363636e-01,-1.628547216052172e-09,1.535296405732489e-08
1.350852272727273e+00,9.886363636363636e-01,-1.544644583014882e-09,1.368929878592951e-08
1.370738636363636e+00,9.886363636363636e-01,-1.447876734913642e-09,1.197084538406001e-08
1.390625000000000e+00,9.886363636363636e-01,-1.331052910703750e-09,1.018975259946623e-08
1.410511363636364e+00,9.886363636363636e-01,-1.200642916063000e-09,8.377035245268254e-09
1.430397727272727e+00,9.886363636363636e-01,-1.040472939284429e-09,6.511000518579207e-09
1.450284090909091e+00,9.886363636363636e-01,-8.359149658756633e-10,4.616156365355005e-09
1.470170454545455e+00,9.886363636363636e-01,-5.947483562920072e-10,2.712623661990239e-09
1.490056818181818e+00,9.886363636363636e-01,-1.982494520973328e-10,9.042078873300660e-10
