>>> round 2 (27b, seed 1) start 2026-08-16 16:27:23
[preflight] custody controls verified for 1 problem(s); keys sealed and unreadable by execution
[phase: development] results are for post-mortems and convergence checking, NOT for the paper's evaluation table.
[DL1 27b BARE s1] done  calls=4 tok=31707/3398 52.3s
2026-08-16 16:28:22,193 [oasis.registry] INFO: Loaded discovered config: 5 backends
2026-08-16 16:28:22,194 [oasis.registry] INFO: Registered backend: 4C Multiphysics (fourc)
2026-08-16 16:28:22,195 [oasis.registry] INFO: Registered backend: FEniCSx (dolfinx) (fenics)
2026-08-16 16:28:22,196 [oasis.registry] INFO: Registered backend: deal.II (dealii)
2026-08-16 16:28:22,199 [oasis.registry] INFO: Registered backend: FEBio (febio)
2026-08-16 16:28:22,202 [oasis.registry] INFO: Registered backend: NGSolve (ngsolve)
2026-08-16 16:28:22,202 [oasis.ngsolve] INFO: NGSolve backend registered
2026-08-16 16:28:22,204 [oasis.registry] INFO: Registered backend: scikit-fem (skfem)
2026-08-16 16:28:22,204 [oasis.skfem] INFO: scikit-fem backend registered
2026-08-16 16:28:22,208 [oasis.registry] INFO: Registered backend: Kratos Multiphysics (kratos)
2026-08-16 16:28:22,208 [oasis.kratos] INFO: Kratos Multiphysics backend registered
2026-08-16 16:28:22,210 [oasis.registry] INFO: Registered backend: DUNE-fem (dune)
2026-08-16 16:28:22,211 [oasis.dune] INFO: DUNE-fem backend registered
2026-08-16 16:28:22,215 [oasis.registry] INFO: Registered backend: SPARTA (DSMC) (sparta)
2026-08-16 16:28:22,216 [oasis.sparta] INFO: SPARTA (DSMC) backend registered
2026-08-16 16:28:22,216 [oasis] INFO: Starting OASiS MCP server
2026-08-16 16:28:22,224 [mcp.server.lowlevel.server] INFO: Processing request of type ListToolsRequest
2026-08-16 16:28:28,214 [oasis.registry] INFO: Loaded discovered config: 5 backends
2026-08-16 16:28:28,215 [oasis.registry] INFO: Registered backend: 4C Multiphysics (fourc)
2026-08-16 16:28:28,216 [oasis.registry] INFO: Registered backend: FEniCSx (dolfinx) (fenics)
2026-08-16 16:28:28,216 [oasis.registry] INFO: Registered backend: deal.II (dealii)
2026-08-16 16:28:28,220 [oasis.registry] INFO: Registered backend: FEBio (febio)
2026-08-16 16:28:28,222 [oasis.registry] INFO: Registered backend: NGSolve (ngsolve)
2026-08-16 16:28:28,222 [oasis.ngsolve] INFO: NGSolve backend registered
2026-08-16 16:28:28,225 [oasis.registry] INFO: Registered backend: scikit-fem (skfem)
2026-08-16 16:28:28,225 [oasis.skfem] INFO: scikit-fem backend registered
2026-08-16 16:28:28,228 [oasis.registry] INFO: Registered backend: Kratos Multiphysics (kratos)
2026-08-16 16:28:28,229 [oasis.kratos] INFO: Kratos Multiphysics backend registered
2026-08-16 16:28:28,231 [oasis.registry] INFO: Registered backend: DUNE-fem (dune)
2026-08-16 16:28:28,231 [oasis.dune] INFO: DUNE-fem backend registered
2026-08-16 16:28:28,236 [oasis.registry] INFO: Registered backend: SPARTA (DSMC) (sparta)
2026-08-16 16:28:28,236 [oasis.sparta] INFO: SPARTA (DSMC) backend registered
2026-08-16 16:28:28,236 [oasis] INFO: Starting OASiS MCP server
2026-08-16 16:28:28,244 [mcp.server.lowlevel.server] INFO: Processing request of type CallToolRequest
2026-08-16 16:28:31,534 [mcp.server.lowlevel.server] INFO: Processing request of type ListToolsRequest
2026-08-16 16:28:31,543 [oasis] INFO: Session journal saved: /home/alexander/Schreibtisch/ofa-v2/data/sessions/session_251cd42e-34b2-4d8e-a901-99aa948d3b5b.json (1 events)
2026-08-16 16:28:38,289 [oasis.registry] INFO: Loaded discovered config: 5 backends
2026-08-16 16:28:38,290 [oasis.registry] INFO: Registered backend: 4C Multiphysics (fourc)
2026-08-16 16:28:38,291 [oasis.registry] INFO: Registered backend: FEniCSx (dolfinx) (fenics)
2026-08-16 16:28:38,292 [oasis.registry] INFO: Registered backend: deal.II (dealii)
2026-08-16 16:28:38,295 [oasis.registry] INFO: Registered backend: FEBio (febio)
2026-08-16 16:28:38,298 [oasis.registry] INFO: Registered backend: NGSolve (ngsolve)
2026-08-16 16:28:38,298 [oasis.ngsolve] INFO: NGSolve backend registered
2026-08-16 16:28:38,300 [oasis.registry] INFO: Registered backend: scikit-fem (skfem)
2026-08-16 16:28:38,300 [oasis.skfem] INFO: scikit-fem backend registered
2026-08-16 16:28:38,304 [oasis.registry] INFO: Registered backend: Kratos Multiphysics (kratos)
2026-08-16 16:28:38,304 [oasis.kratos] INFO: Kratos Multiphysics backend registered
2026-08-16 16:28:38,306 [oasis.registry] INFO: Registered backend: DUNE-fem (dune)
2026-08-16 16:28:38,307 [oasis.dune] INFO: DUNE-fem backend registered
2026-08-16 16:28:38,312 [oasis.registry] INFO: Registered backend: SPARTA (DSMC) (sparta)
2026-08-16 16:28:38,312 [oasis.sparta] INFO: SPARTA (DSMC) backend registered
2026-08-16 16:28:38,312 [oasis] INFO: Starting OASiS MCP server
2026-08-16 16:28:38,319 [mcp.server.lowlevel.server] INFO: Processing request of type CallToolRequest
2026-08-16 16:28:38,329 [mcp.server.lowlevel.server] INFO: Processing request of type ListToolsRequest
/home/alexander/Schreibtisch/ofa-v2/langgraph_eval/agent.py:215: RuntimeWarning: This package (`duckduckgo_search`) has been renamed to `ddgs`! Use `pip install ddgs` instead.
  with DDGS() as ddgs:
2026-08-16 16:28:56,757 [oasis.registry] INFO: Loaded discovered config: 5 backends
2026-08-16 16:28:56,758 [oasis.registry] INFO: Registered backend: 4C Multiphysics (fourc)
2026-08-16 16:28:56,759 [oasis.registry] INFO: Registered backend: FEniCSx (dolfinx) (fenics)
2026-08-16 16:28:56,759 [oasis.registry] INFO: Registered backend: deal.II (dealii)
2026-08-16 16:28:56,763 [oasis.registry] INFO: Registered backend: FEBio (febio)
2026-08-16 16:28:56,765 [oasis.registry] INFO: Registered backend: NGSolve (ngsolve)
2026-08-16 16:28:56,765 [oasis.ngsolve] INFO: NGSolve backend registered
2026-08-16 16:28:56,768 [oasis.registry] INFO: Registered backend: scikit-fem (skfem)
2026-08-16 16:28:56,768 [oasis.skfem] INFO: scikit-fem backend registered
2026-08-16 16:28:56,772 [oasis.registry] INFO: Registered backend: Kratos Multiphysics (kratos)
2026-08-16 16:28:56,772 [oasis.kratos] INFO: Kratos Multiphysics backend registered
2026-08-16 16:28:56,774 [oasis.registry] INFO: Registered backend: DUNE-fem (dune)
2026-08-16 16:28:56,774 [oasis.dune] INFO: DUNE-fem backend registered
2026-08-16 16:28:56,777 [oasis.registry] INFO: Loaded discovered config: 5 backends
2026-08-16 16:28:56,778 [oasis.registry] INFO: Registered backend: 4C Multiphysics (fourc)
2026-08-16 16:28:56,779 [oasis.registry] INFO: Registered backend: FEniCSx (dolfinx) (fenics)
2026-08-16 16:28:56,779 [oasis.registry] INFO: Registered backend: SPARTA (DSMC) (sparta)
2026-08-16 16:28:56,779 [oasis.sparta] INFO: SPARTA (DSMC) backend registered
2026-08-16 16:28:56,779 [oasis] INFO: Starting OASiS MCP server
2026-08-16 16:28:56,779 [oasis.registry] INFO: Registered backend: deal.II (dealii)
2026-08-16 16:28:56,783 [oasis.registry] INFO: Registered backend: FEBio (febio)
2026-08-16 16:28:56,786 [oasis.registry] INFO: Registered backend: NGSolve (ngsolve)
2026-08-16 16:28:56,786 [oasis.ngsolve] INFO: NGSolve backend registered
2026-08-16 16:28:56,787 [mcp.server.lowlevel.server] INFO: Processing request of type CallToolRequest
2026-08-16 16:28:56,788 [oasis.registry] INFO: Registered backend: scikit-fem (skfem)
2026-08-16 16:28:56,788 [oasis.skfem] INFO: scikit-fem backend registered
2026-08-16 16:28:56,792 [oasis.registry] INFO: Registered backend: Kratos Multiphysics (kratos)
2026-08-16 16:28:56,792 [oasis.kratos] INFO: Kratos Multiphysics backend registered
2026-08-16 16:28:56,795 [oasis.registry] INFO: Registered backend: DUNE-fem (dune)
2026-08-16 16:28:56,795 [oasis.dune] INFO: DUNE-fem backend registered
2026-08-16 16:28:56,797 [mcp.server.lowlevel.server] INFO: Processing request of type ListToolsRequest
2026-08-16 16:28:56,800 [oasis.registry] INFO: Registered backend: SPARTA (DSMC) (sparta)
2026-08-16 16:28:56,800 [oasis.sparta] INFO: SPARTA (DSMC) backend registered
2026-08-16 16:28:56,800 [oasis] INFO: Starting OASiS MCP server
2026-08-16 16:28:56,808 [mcp.server.lowlevel.server] INFO: Processing request of type CallToolRequest
2026-08-16 16:28:56,836 [mcp.server.lowlevel.server] INFO: Processing request of type ListToolsRequest
2026-08-16 16:28:56,841 [oasis] INFO: Session journal saved: /home/alexander/Schreibtisch/ofa-v2/data/sessions/session_a90ff156-98f0-48cf-b3e3-77c6a46e969c.json (1 events)
/home/alexander/Schreibtisch/ofa-v2/langgraph_eval/agent.py:215: RuntimeWarning: This package (`duckduckgo_search`) has been renamed to `ddgs`! Use `pip install ddgs` instead.
  with DDGS() as ddgs:
2026-08-16 16:29:01,053 [oasis.registry] INFO: Loaded discovered config: 5 backends
2026-08-16 16:29:01,054 [oasis.registry] INFO: Registered backend: 4C Multiphysics (fourc)
2026-08-16 16:29:01,054 [oasis.registry] INFO: Registered backend: FEniCSx (dolfinx) (fenics)
2026-08-16 16:29:01,055 [oasis.registry] INFO: Registered backend: deal.II (dealii)
2026-08-16 16:29:01,059 [oasis.registry] INFO: Registered backend: FEBio (febio)
2026-08-16 16:29:01,061 [oasis.registry] INFO: Registered backend: NGSolve (ngsolve)
2026-08-16 16:29:01,061 [oasis.ngsolve] INFO: NGSolve backend registered
2026-08-16 16:29:01,064 [oasis.registry] INFO: Registered backend: scikit-fem (skfem)
2026-08-16 16:29:01,064 [oasis.skfem] INFO: scikit-fem backend registered
2026-08-16 16:29:01,065 [oasis.registry] INFO: Loaded discovered config: 5 backends
2026-08-16 16:29:01,066 [oasis.registry] INFO: Registered backend: 4C Multiphysics (fourc)
2026-08-16 16:29:01,067 [oasis.registry] INFO: Registered backend: FEniCSx (dolfinx) (fenics)
2026-08-16 16:29:01,067 [oasis.registry] INFO: Registered backend: deal.II (dealii)
2026-08-16 16:29:01,068 [oasis.registry] INFO: Registered backend: Kratos Multiphysics (kratos)
2026-08-16 16:29:01,068 [oasis.kratos] INFO: Kratos Multiphysics backend registered
2026-08-16 16:29:01,071 [oasis.registry] INFO: Registered backend: DUNE-fem (dune)
2026-08-16 16:29:01,071 [oasis.dune] INFO: DUNE-fem backend registered
2026-08-16 16:29:01,071 [oasis.registry] INFO: Registered backend: FEBio (febio)
2026-08-16 16:29:01,073 [oasis.registry] INFO: Registered backend: NGSolve (ngsolve)
2026-08-16 16:29:01,074 [oasis.ngsolve] INFO: NGSolve backend registered
2026-08-16 16:29:01,076 [oasis.registry] INFO: Registered backend: SPARTA (DSMC) (sparta)
2026-08-16 16:29:01,076 [oasis.sparta] INFO: SPARTA (DSMC) backend registered
2026-08-16 16:29:01,076 [oasis] INFO: Starting OASiS MCP server
2026-08-16 16:29:01,076 [oasis.registry] INFO: Registered backend: scikit-fem (skfem)
2026-08-16 16:29:01,076 [oasis.skfem] INFO: scikit-fem backend registered
2026-08-16 16:29:01,080 [oasis.registry] INFO: Registered backend: Kratos Multiphysics (kratos)
2026-08-16 16:29:01,080 [oasis.kratos] INFO: Kratos Multiphysics backend registered
2026-08-16 16:29:01,083 [oasis.registry] INFO: Registered backend: DUNE-fem (dune)
2026-08-16 16:29:01,083 [oasis.dune] INFO: DUNE-fem backend registered
2026-08-16 16:29:01,085 [mcp.server.lowlevel.server] INFO: Processing request of type CallToolRequest
2026-08-16 16:29:01,088 [oasis.registry] INFO: Registered backend: SPARTA (DSMC) (sparta)
2026-08-16 16:29:01,088 [oasis.sparta] INFO: SPARTA (DSMC) backend registered
2026-08-16 16:29:01,088 [oasis] INFO: Starting OASiS MCP server
2026-08-16 16:29:01,095 [mcp.server.lowlevel.server] INFO: Processing request of type CallToolRequest
2026-08-16 16:29:01,119 [mcp.server.lowlevel.server] INFO: Processing request of type ListToolsRequest
2026-08-16 16:29:01,124 [mcp.server.lowlevel.server] INFO: Processing request of type ListToolsRequest
2026-08-16 16:29:01,124 [oasis] INFO: Session journal saved: /home/alexander/Schreibtisch/ofa-v2/data/sessions/session_73105a03-d1c4-428a-aba4-fd33d4c3f2ae.json (1 events)
2026-08-16 16:29:01,130 [oasis] INFO: Session journal saved: /home/alexander/Schreibtisch/ofa-v2/data/sessions/session_67562f06-6298-41fd-b464-2b1ae15b96c3.json (1 events)
/home/alexander/Schreibtisch/ofa-v2/langgraph_eval/agent.py:290: LangGraphDeprecatedSinceV10: create_react_agent has been moved to `langchain.agents`. Please update your import to `from langchain.agents import create_agent`. Deprecated in LangGraph V1.0 to be removed in V2.0.
  sub_agent = create_react_agent(
/home/alexander/Schreibtisch/ofa-v2/langgraph_eval/agent.py:215: RuntimeWarning: This package (`duckduckgo_search`) has been renamed to `ddgs`! Use `pip install ddgs` instead.
  with DDGS() as ddgs:
/home/alexander/Schreibtisch/ofa-v2/langgraph_eval/agent.py:215: RuntimeWarning: This package (`duckduckgo_search`) has been renamed to `ddgs`! Use `pip install ddgs` instead.
  with DDGS() as ddgs:
/home/alexander/Schreibtisch/ofa-v2/langgraph_eval/agent.py:215: RuntimeWarning: This package (`duckduckgo_search`) has been renamed to `ddgs`! Use `pip install ddgs` instead.
  with DDGS() as ddgs:
/home/alexander/Schreibtisch/ofa-v2/langgraph_eval/agent.py:215: RuntimeWarning: This package (`duckduckgo_search`) has been renamed to `ddgs`! Use `pip install ddgs` instead.
  with DDGS() as ddgs:
2026-08-16 16:30:17,755 [oasis.registry] INFO: Loaded discovered config: 5 backends
2026-08-16 16:30:17,756 [oasis.registry] INFO: Registered backend: 4C Multiphysics (fourc)
2026-08-16 16:30:17,757 [oasis.registry] INFO: Registered backend: FEniCSx (dolfinx) (fenics)
2026-08-16 16:30:17,757 [oasis.registry] INFO: Registered backend: deal.II (dealii)
2026-08-16 16:30:17,761 [oasis.registry] INFO: Registered backend: FEBio (febio)
2026-08-16 16:30:17,764 [oasis.registry] INFO: Registered backend: NGSolve (ngsolve)
2026-08-16 16:30:17,764 [oasis.ngsolve] INFO: NGSolve backend registered
2026-08-16 16:30:17,766 [oasis.registry] INFO: Registered backend: scikit-fem (skfem)
2026-08-16 16:30:17,766 [oasis.skfem] INFO: scikit-fem backend registered
2026-08-16 16:30:17,770 [oasis.registry] INFO: Registered backend: Kratos Multiphysics (kratos)
2026-08-16 16:30:17,770 [oasis.kratos] INFO: Kratos Multiphysics backend registered
2026-08-16 16:30:17,772 [oasis.registry] INFO: Registered backend: DUNE-fem (dune)
2026-08-16 16:30:17,772 [oasis.dune] INFO: DUNE-fem backend registered
2026-08-16 16:30:17,778 [oasis.registry] INFO: Registered backend: SPARTA (DSMC) (sparta)
2026-08-16 16:30:17,778 [oasis.sparta] INFO: SPARTA (DSMC) backend registered
2026-08-16 16:30:17,778 [oasis] INFO: Starting OASiS MCP server
2026-08-16 16:30:17,786 [mcp.server.lowlevel.server] INFO: Processing request of type CallToolRequest
2026-08-16 16:30:17,818 [mcp.server.lowlevel.server] INFO: Processing request of type ListToolsRequest
2026-08-16 16:30:17,823 [oasis] INFO: Session journal saved: /home/alexander/Schreibtisch/ofa-v2/data/sessions/session_ce592ba3-d178-4abc-a9de-279e30c81275.json (1 events)
/home/alexander/Schreibtisch/ofa-v2/langgraph_eval/agent.py:215: RuntimeWarning: This package (`duckduckgo_search`) has been renamed to `ddgs`! Use `pip install ddgs` instead.
  with DDGS() as ddgs:
/home/alexander/Schreibtisch/ofa-v2/langgraph_eval/agent.py:215: RuntimeWarning: This package (`duckduckgo_search`) has been renamed to `ddgs`! Use `pip install ddgs` instead.
  with DDGS() as ddgs:
/home/alexander/Schreibtisch/ofa-v2/langgraph_eval/agent.py:215: RuntimeWarning: This package (`duckduckgo_search`) has been renamed to `ddgs`! Use `pip install ddgs` instead.
  with DDGS() as ddgs:
2026-08-16 16:30:22,103 [oasis.registry] INFO: Loaded discovered config: 5 backends
2026-08-16 16:30:22,104 [oasis.registry] INFO: Loaded discovered config: 5 backends
2026-08-16 16:30:22,104 [oasis.registry] INFO: Registered backend: 4C Multiphysics (fourc)
2026-08-16 16:30:22,105 [oasis.registry] INFO: Registered backend: FEniCSx (dolfinx) (fenics)
2026-08-16 16:30:22,105 [oasis.registry] INFO: Registered backend: 4C Multiphysics (fourc)
2026-08-16 16:30:22,106 [oasis.registry] INFO: Registered backend: deal.II (dealii)
2026-08-16 16:30:22,106 [oasis.registry] INFO: Registered backend: FEniCSx (dolfinx) (fenics)
2026-08-16 16:30:22,106 [oasis.registry] INFO: Registered backend: deal.II (dealii)
2026-08-16 16:30:22,109 [oasis.registry] INFO: Registered backend: FEBio (febio)
2026-08-16 16:30:22,110 [oasis.registry] INFO: Registered backend: FEBio (febio)
2026-08-16 16:30:22,112 [oasis.registry] INFO: Registered backend: NGSolve (ngsolve)
2026-08-16 16:30:22,112 [oasis.ngsolve] INFO: NGSolve backend registered
2026-08-16 16:30:22,113 [oasis.registry] INFO: Registered backend: NGSolve (ngsolve)
2026-08-16 16:30:22,113 [oasis.ngsolve] INFO: NGSolve backend registered
2026-08-16 16:30:22,114 [oasis.registry] INFO: Registered backend: scikit-fem (skfem)
2026-08-16 16:30:22,114 [oasis.skfem] INFO: scikit-fem backend registered
2026-08-16 16:30:22,115 [oasis.registry] INFO: Registered backend: scikit-fem (skfem)
2026-08-16 16:30:22,115 [oasis.skfem] INFO: scikit-fem backend registered
2026-08-16 16:30:22,118 [oasis.registry] INFO: Registered backend: Kratos Multiphysics (kratos)
2026-08-16 16:30:22,118 [oasis.kratos] INFO: Kratos Multiphysics backend registered
2026-08-16 16:30:22,119 [oasis.registry] INFO: Registered backend: Kratos Multiphysics (kratos)
2026-08-16 16:30:22,119 [oasis.kratos] INFO: Kratos Multiphysics backend registered
2026-08-16 16:30:22,121 [oasis.registry] INFO: Registered backend: DUNE-fem (dune)
2026-08-16 16:30:22,121 [oasis.dune] INFO: DUNE-fem backend registered
2026-08-16 16:30:22,121 [oasis.registry] INFO: Registered backend: DUNE-fem (dune)
2026-08-16 16:30:22,121 [oasis.dune] INFO: DUNE-fem backend registered
2026-08-16 16:30:22,126 [oasis.registry] INFO: Registered backend: SPARTA (DSMC) (sparta)
2026-08-16 16:30:22,126 [oasis.sparta] INFO: SPARTA (DSMC) backend registered
2026-08-16 16:30:22,126 [oasis] INFO: Starting OASiS MCP server
2026-08-16 16:30:22,126 [oasis.registry] INFO: Registered backend: SPARTA (DSMC) (sparta)
2026-08-16 16:30:22,126 [oasis.sparta] INFO: SPARTA (DSMC) backend registered
2026-08-16 16:30:22,126 [oasis] INFO: Starting OASiS MCP server
2026-08-16 16:30:22,134 [mcp.server.lowlevel.server] INFO: Processing request of type CallToolRequest
2026-08-16 16:30:22,134 [mcp.server.lowlevel.server] INFO: Processing request of type CallToolRequest
2026-08-16 16:30:22,163 [mcp.server.lowlevel.server] INFO: Processing request of type ListToolsRequest
2026-08-16 16:30:22,164 [mcp.server.lowlevel.server] INFO: Processing request of type ListToolsRequest
2026-08-16 16:30:22,173 [oasis] INFO: Session journal saved: /home/alexander/Schreibtisch/ofa-v2/data/sessions/session_4e2dba28-5304-4467-a716-e1c081f6c582.json (1 events)
2026-08-16 16:30:22,173 [oasis] INFO: Session journal saved: /home/alexander/Schreibtisch/ofa-v2/data/sessions/session_e3ff65af-4a22-4f2d-921a-4b2d0db92a64.json (1 events)
/home/alexander/Schreibtisch/ofa-v2/langgraph_eval/agent.py:215: RuntimeWarning: This package (`duckduckgo_search`) has been renamed to `ddgs`! Use `pip install ddgs` instead.
  with DDGS() as ddgs:
/home/alexander/Schreibtisch/ofa-v2/langgraph_eval/agent.py:215: RuntimeWarning: This package (`duckduckgo_search`) has been renamed to `ddgs`! Use `pip install ddgs` instead.
  with DDGS() as ddgs:
/home/alexander/Schreibtisch/ofa-v2/langgraph_eval/agent.py:215: RuntimeWarning: This package (`duckduckgo_search`) has been renamed to `ddgs`! Use `pip install ddgs` instead.
  with DDGS() as ddgs:
/home/alexander/Schreibtisch/ofa-v2/langgraph_eval/agent.py:215: RuntimeWarning: This package (`duckduckgo_search`) has been renamed to `ddgs`! Use `pip install ddgs` instead.
  with DDGS() as ddgs:
/home/alexander/Schreibtisch/ofa-v2/langgraph_eval/agent.py:215: RuntimeWarning: This package (`duckduckgo_search`) has been renamed to `ddgs`! Use `pip install ddgs` instead.
  with DDGS() as ddgs:
/home/alexander/Schreibtisch/ofa-v2/langgraph_eval/agent.py:215: RuntimeWarning: This package (`duckduckgo_search`) has been renamed to `ddgs`! Use `pip install ddgs` instead.
  with DDGS() as ddgs:
/home/alexander/Schreibtisch/ofa-v2/langgraph_eval/agent.py:215: RuntimeWarning: This package (`duckduckgo_search`) has been renamed to `ddgs`! Use `pip install ddgs` instead.
  with DDGS() as ddgs:
/home/alexander/Schreibtisch/ofa-v2/langgraph_eval/agent.py:215: RuntimeWarning: This package (`duckduckgo_search`) has been renamed to `ddgs`! Use `pip install ddgs` instead.
  with DDGS() as ddgs:
/home/alexander/Schreibtisch/ofa-v2/langgraph_eval/agent.py:215: RuntimeWarning: This package (`duckduckgo_search`) has been renamed to `ddgs`! Use `pip install ddgs` instead.
  with DDGS() as ddgs:
2026-08-16 16:30:39,675 [oasis.registry] INFO: Loaded discovered config: 5 backends
2026-08-16 16:30:39,676 [oasis.registry] INFO: Registered backend: 4C Multiphysics (fourc)
2026-08-16 16:30:39,679 [oasis.registry] INFO: Registered backend: FEniCSx (dolfinx) (fenics)
2026-08-16 16:30:39,680 [oasis.registry] INFO: Registered backend: deal.II (dealii)
2026-08-16 16:30:39,683 [oasis.registry] INFO: Registered backend: FEBio (febio)
2026-08-16 16:30:39,686 [oasis.registry] INFO: Registered backend: NGSolve (ngsolve)
2026-08-16 16:30:39,686 [oasis.ngsolve] INFO: NGSolve backend registered
2026-08-16 16:30:39,688 [oasis.registry] INFO: Registered backend: scikit-fem (skfem)
2026-08-16 16:30:39,688 [oasis.skfem] INFO: scikit-fem backend registered
2026-08-16 16:30:39,692 [oasis.registry] INFO: Registered backend: Kratos Multiphysics (kratos)
2026-08-16 16:30:39,692 [oasis.kratos] INFO: Kratos Multiphysics backend registered
2026-08-16 16:30:39,694 [oasis.registry] INFO: Registered backend: DUNE-fem (dune)
2026-08-16 16:30:39,694 [oasis.dune] INFO: DUNE-fem backend registered
2026-08-16 16:30:39,699 [oasis.registry] INFO: Registered backend: SPARTA (DSMC) (sparta)
2026-08-16 16:30:39,699 [oasis.sparta] INFO: SPARTA (DSMC) backend registered
2026-08-16 16:30:39,699 [oasis] INFO: Starting OASiS MCP server
2026-08-16 16:30:39,707 [mcp.server.lowlevel.server] INFO: Processing request of type CallToolRequest
2026-08-16 16:30:39,716 [mcp.server.lowlevel.server] INFO: Processing request of type ListToolsRequest
/home/alexander/Schreibtisch/ofa-v2/langgraph_eval/agent.py:215: RuntimeWarning: This package (`duckduckgo_search`) has been renamed to `ddgs`! Use `pip install ddgs` instead.
  with DDGS() as ddgs:
/home/alexander/Schreibtisch/ofa-v2/langgraph_eval/agent.py:215: RuntimeWarning: This package (`duckduckgo_search`) has been renamed to `ddgs`! Use `pip install ddgs` instead.
  with DDGS() as ddgs:
/home/alexander/Schreibtisch/ofa-v2/langgraph_eval/agent.py:215: RuntimeWarning: This package (`duckduckgo_search`) has been renamed to `ddgs`! Use `pip install ddgs` instead.
  with DDGS() as ddgs:
/home/alexander/Schreibtisch/ofa-v2/langgraph_eval/agent.py:215: RuntimeWarning: This package (`duckduckgo_search`) has been renamed to `ddgs`! Use `pip install ddgs` instead.
  with DDGS() as ddgs:
/home/alexander/Schreibtisch/ofa-v2/langgraph_eval/agent.py:215: RuntimeWarning: This package (`duckduckgo_search`) has been renamed to `ddgs`! Use `pip install ddgs` instead.
  with DDGS() as ddgs:
/home/alexander/Schreibtisch/ofa-v2/langgraph_eval/agent.py:215: RuntimeWarning: This package (`duckduckgo_search`) has been renamed to `ddgs`! Use `pip install ddgs` instead.
  with DDGS() as ddgs:
2026-08-16 16:30:55,190 [oasis.registry] INFO: Loaded discovered config: 5 backends
2026-08-16 16:30:55,191 [oasis.registry] INFO: Registered backend: 4C Multiphysics (fourc)
2026-08-16 16:30:55,192 [oasis.registry] INFO: Registered backend: FEniCSx (dolfinx) (fenics)
2026-08-16 16:30:55,192 [oasis.registry] INFO: Registered backend: deal.II (dealii)
2026-08-16 16:30:55,196 [oasis.registry] INFO: Registered backend: FEBio (febio)
2026-08-16 16:30:55,198 [oasis.registry] INFO: Registered backend: NGSolve (ngsolve)
2026-08-16 16:30:55,198 [oasis.ngsolve] INFO: NGSolve backend registered
2026-08-16 16:30:55,201 [oasis.registry] INFO: Registered backend: scikit-fem (skfem)
2026-08-16 16:30:55,201 [oasis.skfem] INFO: scikit-fem backend registered
2026-08-16 16:30:55,204 [oasis.registry] INFO: Registered backend: Kratos Multiphysics (kratos)
2026-08-16 16:30:55,204 [oasis.kratos] INFO: Kratos Multiphysics backend registered
2026-08-16 16:30:55,207 [oasis.registry] INFO: Registered backend: DUNE-fem (dune)
2026-08-16 16:30:55,207 [oasis.dune] INFO: DUNE-fem backend registered
2026-08-16 16:30:55,212 [oasis.registry] INFO: Registered backend: SPARTA (DSMC) (sparta)
2026-08-16 16:30:55,212 [oasis.sparta] INFO: SPARTA (DSMC) backend registered
2026-08-16 16:30:55,212 [oasis] INFO: Starting OASiS MCP server
2026-08-16 16:30:55,220 [mcp.server.lowlevel.server] INFO: Processing request of type CallToolRequest
2026-08-16 16:30:55,228 [mcp.server.lowlevel.server] INFO: Processing request of type ListToolsRequest
2026-08-16 16:30:55,233 [oasis] INFO: Session journal saved: /home/alexander/Schreibtisch/ofa-v2/data/sessions/session_5363e307-49d7-4afe-bf52-9ac6a4ddc83c.json (1 events)
/home/alexander/Schreibtisch/ofa-v2/langgraph_eval/agent.py:215: RuntimeWarning: This package (`duckduckgo_search`) has been renamed to `ddgs`! Use `pip install ddgs` instead.
  with DDGS() as ddgs:
/home/alexander/Schreibtisch/ofa-v2/langgraph_eval/agent.py:215: RuntimeWarning: This package (`duckduckgo_search`) has been renamed to `ddgs`! Use `pip install ddgs` instead.
  with DDGS() as ddgs:
/home/alexander/Schreibtisch/ofa-v2/langgraph_eval/agent.py:215: RuntimeWarning: This package (`duckduckgo_search`) has been renamed to `ddgs`! Use `pip install ddgs` instead.
  with DDGS() as ddgs:
/home/alexander/Schreibtisch/ofa-v2/langgraph_eval/agent.py:215: RuntimeWarning: This package (`duckduckgo_search`) has been renamed to `ddgs`! Use `pip install ddgs` instead.
  with DDGS() as ddgs:
/home/alexander/Schreibtisch/ofa-v2/langgraph_eval/agent.py:215: RuntimeWarning: This package (`duckduckgo_search`) has been renamed to `ddgs`! Use `pip install ddgs` instead.
  with DDGS() as ddgs:
/home/alexander/Schreibtisch/ofa-v2/langgraph_eval/agent.py:215: RuntimeWarning: This package (`duckduckgo_search`) has been renamed to `ddgs`! Use `pip install ddgs` instead.
  with DDGS() as ddgs:
/home/alexander/Schreibtisch/ofa-v2/langgraph_eval/agent.py:215: RuntimeWarning: This package (`duckduckgo_search`) has been renamed to `ddgs`! Use `pip install ddgs` instead.
  with DDGS() as ddgs:
/home/alexander/Schreibtisch/ofa-v2/langgraph_eval/agent.py:215: RuntimeWarning: This package (`duckduckgo_search`) has been renamed to `ddgs`! Use `pip install ddgs` instead.
  with DDGS() as ddgs:
/home/alexander/Schreibtisch/ofa-v2/langgraph_eval/agent.py:215: RuntimeWarning: This package (`duckduckgo_search`) has been renamed to `ddgs`! Use `pip install ddgs` instead.
  with DDGS() as ddgs:
/home/alexander/Schreibtisch/ofa-v2/langgraph_eval/agent.py:215: RuntimeWarning: This package (`duckduckgo_search`) has been renamed to `ddgs`! Use `pip install ddgs` instead.
  with DDGS() as ddgs:
/home/alexander/Schreibtisch/ofa-v2/langgraph_eval/agent.py:215: RuntimeWarning: This package (`duckduckgo_search`) has been renamed to `ddgs`! Use `pip install ddgs` instead.
  with DDGS() as ddgs:
/home/alexander/Schreibtisch/ofa-v2/langgraph_eval/agent.py:215: RuntimeWarning: This package (`duckduckgo_search`) has been renamed to `ddgs`! Use `pip install ddgs` instead.
  with DDGS() as ddgs:
/home/alexander/Schreibtisch/ofa-v2/langgraph_eval/agent.py:215: RuntimeWarning: This package (`duckduckgo_search`) has been renamed to `ddgs`! Use `pip install ddgs` instead.
  with DDGS() as ddgs:
/home/alexander/Schreibtisch/ofa-v2/langgraph_eval/agent.py:215: RuntimeWarning: This package (`duckduckgo_search`) has been renamed to `ddgs`! Use `pip install ddgs` instead.
  with DDGS() as ddgs:
/home/alexander/Schreibtisch/ofa-v2/langgraph_eval/agent.py:215: RuntimeWarning: This package (`duckduckgo_search`) has been renamed to `ddgs`! Use `pip install ddgs` instead.
  with DDGS() as ddgs:
/home/alexander/Schreibtisch/ofa-v2/langgraph_eval/agent.py:215: RuntimeWarning: This package (`duckduckgo_search`) has been renamed to `ddgs`! Use `pip install ddgs` instead.
  with DDGS() as ddgs:
2026-08-16 16:31:23,070 [oasis.registry] INFO: Loaded discovered config: 5 backends
2026-08-16 16:31:23,071 [oasis.registry] INFO: Registered backend: 4C Multiphysics (fourc)
2026-08-16 16:31:23,071 [oasis.registry] INFO: Registered backend: FEniCSx (dolfinx) (fenics)
2026-08-16 16:31:23,072 [oasis.registry] INFO: Registered backend: deal.II (dealii)
2026-08-16 16:31:23,075 [oasis.registry] INFO: Registered backend: FEBio (febio)
2026-08-16 16:31:23,078 [oasis.registry] INFO: Registered backend: NGSolve (ngsolve)
2026-08-16 16:31:23,078 [oasis.ngsolve] INFO: NGSolve backend registered
2026-08-16 16:31:23,080 [oasis.registry] INFO: Registered backend: scikit-fem (skfem)
2026-08-16 16:31:23,080 [oasis.skfem] INFO: scikit-fem backend registered
2026-08-16 16:31:23,084 [oasis.registry] INFO: Registered backend: Kratos Multiphysics (kratos)
2026-08-16 16:31:23,084 [oasis.kratos] INFO: Kratos Multiphysics backend registered
2026-08-16 16:31:23,086 [oasis.registry] INFO: Registered backend: DUNE-fem (dune)
2026-08-16 16:31:23,087 [oasis.dune] INFO: DUNE-fem backend registered
2026-08-16 16:31:23,092 [oasis.registry] INFO: Registered backend: SPARTA (DSMC) (sparta)
2026-08-16 16:31:23,092 [oasis.sparta] INFO: SPARTA (DSMC) backend registered
2026-08-16 16:31:23,092 [oasis] INFO: Starting OASiS MCP server
2026-08-16 16:31:23,099 [mcp.server.lowlevel.server] INFO: Processing request of type CallToolRequest
2026-08-16 16:31:23,128 [mcp.server.lowlevel.server] INFO: Processing request of type ListToolsRequest
2026-08-16 16:31:23,133 [oasis] INFO: Session journal saved: /home/alexander/Schreibtisch/ofa-v2/data/sessions/session_b6b1d15c-1554-45f8-a4fb-196c10030fd9.json (1 events)
/home/alexander/Schreibtisch/ofa-v2/langgraph_eval/agent.py:290: LangGraphDeprecatedSinceV10: create_react_agent has been moved to `langchain.agents`. Please update your import to `from langchain.agents import create_agent`. Deprecated in LangGraph V1.0 to be removed in V2.0.
  sub_agent = create_react_agent(
2026-08-16 16:31:43,583 [oasis.registry] INFO: Loaded discovered config: 5 backends
2026-08-16 16:31:43,583 [oasis.registry] INFO: Loaded discovered config: 5 backends
2026-08-16 16:31:43,584 [oasis.registry] INFO: Registered backend: 4C Multiphysics (fourc)
2026-08-16 16:31:43,585 [oasis.registry] INFO: Registered backend: 4C Multiphysics (fourc)
2026-08-16 16:31:43,585 [oasis.registry] INFO: Registered backend: FEniCSx (dolfinx) (fenics)
2026-08-16 16:31:43,585 [oasis.registry] INFO: Registered backend: FEniCSx (dolfinx) (fenics)
2026-08-16 16:31:43,586 [oasis.registry] INFO: Registered backend: deal.II (dealii)
2026-08-16 16:31:43,586 [oasis.registry] INFO: Registered backend: deal.II (dealii)
2026-08-16 16:31:43,589 [oasis.registry] INFO: Registered backend: FEBio (febio)
2026-08-16 16:31:43,590 [oasis.registry] INFO: Registered backend: FEBio (febio)
2026-08-16 16:31:43,592 [oasis.registry] INFO: Registered backend: NGSolve (ngsolve)
2026-08-16 16:31:43,592 [oasis.ngsolve] INFO: NGSolve backend registered
2026-08-16 16:31:43,592 [oasis.registry] INFO: Registered backend: NGSolve (ngsolve)
2026-08-16 16:31:43,592 [oasis.ngsolve] INFO: NGSolve backend registered
2026-08-16 16:31:43,594 [oasis.registry] INFO: Registered backend: scikit-fem (skfem)
2026-08-16 16:31:43,594 [oasis.skfem] INFO: scikit-fem backend registered
2026-08-16 16:31:43,595 [oasis.registry] INFO: Registered backend: scikit-fem (skfem)
2026-08-16 16:31:43,595 [oasis.skfem] INFO: scikit-fem backend registered
2026-08-16 16:31:43,598 [oasis.registry] INFO: Registered backend: Kratos Multiphysics (kratos)
2026-08-16 16:31:43,598 [oasis.kratos] INFO: Kratos Multiphysics backend registered
2026-08-16 16:31:43,598 [oasis.registry] INFO: Registered backend: Kratos Multiphysics (kratos)
2026-08-16 16:31:43,598 [oasis.kratos] INFO: Kratos Multiphysics backend registered
2026-08-16 16:31:43,600 [oasis.registry] INFO: Registered backend: DUNE-fem (dune)
2026-08-16 16:31:43,600 [oasis.dune] INFO: DUNE-fem backend registered
2026-08-16 16:31:43,601 [oasis.registry] INFO: Registered backend: DUNE-fem (dune)
2026-08-16 16:31:43,601 [oasis.dune] INFO: DUNE-fem backend registered
2026-08-16 16:31:43,605 [oasis.registry] INFO: Registered backend: SPARTA (DSMC) (sparta)
2026-08-16 16:31:43,605 [oasis.sparta] INFO: SPARTA (DSMC) backend registered
2026-08-16 16:31:43,605 [oasis] INFO: Starting OASiS MCP server
2026-08-16 16:31:43,606 [oasis.registry] INFO: Registered backend: SPARTA (DSMC) (sparta)
2026-08-16 16:31:43,606 [oasis.sparta] INFO: SPARTA (DSMC) backend registered
2026-08-16 16:31:43,606 [oasis] INFO: Starting OASiS MCP server
2026-08-16 16:31:43,613 [mcp.server.lowlevel.server] INFO: Processing request of type CallToolRequest
2026-08-16 16:31:43,614 [mcp.server.lowlevel.server] INFO: Processing request of type CallToolRequest
2026-08-16 16:31:43,624 [mcp.server.lowlevel.server] INFO: Processing request of type ListToolsRequest
2026-08-16 16:31:43,643 [mcp.server.lowlevel.server] INFO: Processing request of type ListToolsRequest
2026-08-16 16:31:43,649 [oasis] INFO: Session journal saved: /home/alexander/Schreibtisch/ofa-v2/data/sessions/session_99f764cb-a120-4091-beaf-568858bdd02a.json (1 events)
/home/alexander/Schreibtisch/ofa-v2/langgraph_eval/agent.py:215: RuntimeWarning: This package (`duckduckgo_search`) has been renamed to `ddgs`! Use `pip install ddgs` instead.
  with DDGS() as ddgs:
2026-08-16 16:33:50,246 [oasis.registry] INFO: Loaded discovered config: 5 backends
2026-08-16 16:33:50,247 [oasis.registry] INFO: Registered backend: 4C Multiphysics (fourc)
2026-08-16 16:33:50,247 [oasis.registry] INFO: Registered backend: FEniCSx (dolfinx) (fenics)
2026-08-16 16:33:50,248 [oasis.registry] INFO: Registered backend: deal.II (dealii)
2026-08-16 16:33:50,251 [oasis.registry] INFO: Registered backend: FEBio (febio)
2026-08-16 16:33:50,254 [oasis.registry] INFO: Registered backend: NGSolve (ngsolve)
2026-08-16 16:33:50,254 [oasis.ngsolve] INFO: NGSolve backend registered
2026-08-16 16:33:50,256 [oasis.registry] INFO: Registered backend: scikit-fem (skfem)
2026-08-16 16:33:50,256 [oasis.skfem] INFO: scikit-fem backend registered
2026-08-16 16:33:50,260 [oasis.registry] INFO: Registered backend: Kratos Multiphysics (kratos)
2026-08-16 16:33:50,260 [oasis.kratos] INFO: Kratos Multiphysics backend registered
2026-08-16 16:33:50,262 [oasis.registry] INFO: Registered backend: DUNE-fem (dune)
2026-08-16 16:33:50,263 [oasis.dune] INFO: DUNE-fem backend registered
2026-08-16 16:33:50,267 [oasis.registry] INFO: Registered backend: SPARTA (DSMC) (sparta)
2026-08-16 16:33:50,267 [oasis.sparta] INFO: SPARTA (DSMC) backend registered
2026-08-16 16:33:50,267 [oasis] INFO: Starting OASiS MCP server
2026-08-16 16:33:50,276 [mcp.server.lowlevel.server] INFO: Processing request of type CallToolRequest
2026-08-16 16:34:00,753 [mcp.server.lowlevel.server] INFO: Processing request of type ListToolsRequest
2026-08-16 16:34:00,760 [oasis] INFO: Session journal saved: /home/alexander/Schreibtisch/ofa-v2/data/sessions/session_ebc16e54-b89c-4069-90c5-e1a392d84d39.json (2 events)
2026-08-16 16:35:24,243 [oasis.registry] INFO: Loaded discovered config: 5 backends
2026-08-16 16:35:24,244 [oasis.registry] INFO: Registered backend: 4C Multiphysics (fourc)
2026-08-16 16:35:24,244 [oasis.registry] INFO: Registered backend: FEniCSx (dolfinx) (fenics)
2026-08-16 16:35:24,245 [oasis.registry] INFO: Registered backend: deal.II (dealii)
2026-08-16 16:35:24,248 [oasis.registry] INFO: Registered backend: FEBio (febio)
2026-08-16 16:35:24,251 [oasis.registry] INFO: Registered backend: NGSolve (ngsolve)
2026-08-16 16:35:24,251 [oasis.ngsolve] INFO: NGSolve backend registered
2026-08-16 16:35:24,253 [oasis.registry] INFO: Registered backend: scikit-fem (skfem)
2026-08-16 16:35:24,254 [oasis.skfem] INFO: scikit-fem backend registered
2026-08-16 16:35:24,257 [oasis.registry] INFO: Registered backend: Kratos Multiphysics (kratos)
2026-08-16 16:35:24,257 [oasis.kratos] INFO: Kratos Multiphysics backend registered
2026-08-16 16:35:24,260 [oasis.registry] INFO: Registered backend: DUNE-fem (dune)
2026-08-16 16:35:24,260 [oasis.dune] INFO: DUNE-fem backend registered
2026-08-16 16:35:24,265 [oasis.registry] INFO: Registered backend: SPARTA (DSMC) (sparta)
2026-08-16 16:35:24,265 [oasis.sparta] INFO: SPARTA (DSMC) backend registered
2026-08-16 16:35:24,265 [oasis] INFO: Starting OASiS MCP server
2026-08-16 16:35:24,272 [mcp.server.lowlevel.server] INFO: Processing request of type CallToolRequest
2026-08-16 16:35:34,024 [mcp.server.lowlevel.server] INFO: Processing request of type ListToolsRequest
2026-08-16 16:35:34,032 [oasis] INFO: Session journal saved: /home/alexander/Schreibtisch/ofa-v2/data/sessions/session_3d6ac05e-014c-4f25-8f5c-9aae5da2bc14.json (2 events)
2026-08-16 16:35:53,367 [oasis.registry] INFO: Loaded discovered config: 5 backends
2026-08-16 16:35:53,368 [oasis.registry] INFO: Registered backend: 4C Multiphysics (fourc)
2026-08-16 16:35:53,369 [oasis.registry] INFO: Registered backend: FEniCSx (dolfinx) (fenics)
2026-08-16 16:35:53,370 [oasis.registry] INFO: Registered backend: deal.II (dealii)
2026-08-16 16:35:53,373 [oasis.registry] INFO: Registered backend: FEBio (febio)
2026-08-16 16:35:53,376 [oasis.registry] INFO: Registered backend: NGSolve (ngsolve)
2026-08-16 16:35:53,376 [oasis.ngsolve] INFO: NGSolve backend registered
2026-08-16 16:35:53,378 [oasis.registry] INFO: Registered backend: scikit-fem (skfem)
2026-08-16 16:35:53,378 [oasis.skfem] INFO: scikit-fem backend registered
2026-08-16 16:35:53,382 [oasis.registry] INFO: Registered backend: Kratos Multiphysics (kratos)
2026-08-16 16:35:53,382 [oasis.kratos] INFO: Kratos Multiphysics backend registered
2026-08-16 16:35:53,384 [oasis.registry] INFO: Registered backend: DUNE-fem (dune)
2026-08-16 16:35:53,385 [oasis.dune] INFO: DUNE-fem backend registered
2026-08-16 16:35:53,389 [oasis.registry] INFO: Registered backend: SPARTA (DSMC) (sparta)
2026-08-16 16:35:53,389 [oasis.sparta] INFO: SPARTA (DSMC) backend registered
2026-08-16 16:35:53,389 [oasis] INFO: Starting OASiS MCP server
2026-08-16 16:35:53,397 [mcp.server.lowlevel.server] INFO: Processing request of type CallToolRequest
2026-08-16 16:35:53,401 [mcp.server.lowlevel.server] INFO: Processing request of type ListToolsRequest
2026-08-16 16:37:31,115 [oasis.registry] INFO: Loaded discovered config: 5 backends
2026-08-16 16:37:31,116 [oasis.registry] INFO: Registered backend: 4C Multiphysics (fourc)
2026-08-16 16:37:31,117 [oasis.registry] INFO: Registered backend: FEniCSx (dolfinx) (fenics)
2026-08-16 16:37:31,118 [oasis.registry] INFO: Registered backend: deal.II (dealii)
2026-08-16 16:37:31,121 [oasis.registry] INFO: Registered backend: FEBio (febio)
2026-08-16 16:37:31,124 [oasis.registry] INFO: Registered backend: NGSolve (ngsolve)
2026-08-16 16:37:31,124 [oasis.ngsolve] INFO: NGSolve backend registered
2026-08-16 16:37:31,126 [oasis.registry] INFO: Registered backend: scikit-fem (skfem)
2026-08-16 16:37:31,126 [oasis.skfem] INFO: scikit-fem backend registered
2026-08-16 16:37:31,130 [oasis.registry] INFO: Registered backend: Kratos Multiphysics (kratos)
2026-08-16 16:37:31,130 [oasis.kratos] INFO: Kratos Multiphysics backend registered
2026-08-16 16:37:31,132 [oasis.registry] INFO: Registered backend: DUNE-fem (dune)
2026-08-16 16:37:31,132 [oasis.dune] INFO: DUNE-fem backend registered
2026-08-16 16:37:31,137 [oasis.registry] INFO: Registered backend: SPARTA (DSMC) (sparta)
2026-08-16 16:37:31,137 [oasis.sparta] INFO: SPARTA (DSMC) backend registered
2026-08-16 16:37:31,137 [oasis] INFO: Starting OASiS MCP server
2026-08-16 16:37:31,145 [mcp.server.lowlevel.server] INFO: Processing request of type CallToolRequest
2026-08-16 16:37:31,164 [mcp.server.lowlevel.server] INFO: Processing request of type ListToolsRequest
2026-08-16 16:37:31,170 [oasis] INFO: Session journal saved: /home/alexander/Schreibtisch/ofa-v2/data/sessions/session_74c622a9-da04-4d6e-b353-002999489207.json (2 events)
2026-08-16 16:38:14,298 [oasis.registry] INFO: Loaded discovered config: 5 backends
2026-08-16 16:38:14,299 [oasis.registry] INFO: Registered backend: 4C Multiphysics (fourc)
2026-08-16 16:38:14,299 [oasis.registry] INFO: Registered backend: FEniCSx (dolfinx) (fenics)
2026-08-16 16:38:14,300 [oasis.registry] INFO: Registered backend: deal.II (dealii)
2026-08-16 16:38:14,303 [oasis.registry] INFO: Registered backend: FEBio (febio)
2026-08-16 16:38:14,306 [oasis.registry] INFO: Registered backend: NGSolve (ngsolve)
2026-08-16 16:38:14,306 [oasis.ngsolve] INFO: NGSolve backend registered
2026-08-16 16:38:14,308 [oasis.registry] INFO: Registered backend: scikit-fem (skfem)
2026-08-16 16:38:14,308 [oasis.skfem] INFO: scikit-fem backend registered
2026-08-16 16:38:14,312 [oasis.registry] INFO: Registered backend: Kratos Multiphysics (kratos)
2026-08-16 16:38:14,312 [oasis.kratos] INFO: Kratos Multiphysics backend registered
2026-08-16 16:38:14,315 [oasis.registry] INFO: Registered backend: DUNE-fem (dune)
2026-08-16 16:38:14,315 [oasis.dune] INFO: DUNE-fem backend registered
2026-08-16 16:38:14,320 [oasis.registry] INFO: Registered backend: SPARTA (DSMC) (sparta)
2026-08-16 16:38:14,320 [oasis.sparta] INFO: SPARTA (DSMC) backend registered
2026-08-16 16:38:14,320 [oasis] INFO: Starting OASiS MCP server
2026-08-16 16:38:14,327 [mcp.server.lowlevel.server] INFO: Processing request of type CallToolRequest
2026-08-16 16:38:23,924 [mcp.server.lowlevel.server] INFO: Processing request of type ListToolsRequest
2026-08-16 16:38:23,932 [oasis] INFO: Session journal saved: /home/alexander/Schreibtisch/ofa-v2/data/sessions/session_8a97a53c-313e-4ff7-b2ba-22a8481f244a.json (2 events)
2026-08-16 16:39:09,911 [oasis.registry] INFO: Loaded discovered config: 5 backends
2026-08-16 16:39:09,912 [oasis.registry] INFO: Registered backend: 4C Multiphysics (fourc)
2026-08-16 16:39:09,913 [oasis.registry] INFO: Registered backend: FEniCSx (dolfinx) (fenics)
2026-08-16 16:39:09,913 [oasis.registry] INFO: Registered backend: deal.II (dealii)
2026-08-16 16:39:09,917 [oasis.registry] INFO: Registered backend: FEBio (febio)
2026-08-16 16:39:09,919 [oasis.registry] INFO: Registered backend: NGSolve (ngsolve)
2026-08-16 16:39:09,920 [oasis.ngsolve] INFO: NGSolve backend registered
2026-08-16 16:39:09,922 [oasis.registry] INFO: Registered backend: scikit-fem (skfem)
2026-08-16 16:39:09,922 [oasis.skfem] INFO: scikit-fem backend registered
2026-08-16 16:39:09,926 [oasis.registry] INFO: Registered backend: Kratos Multiphysics (kratos)
2026-08-16 16:39:09,926 [oasis.kratos] INFO: Kratos Multiphysics backend registered
2026-08-16 16:39:09,928 [oasis.registry] INFO: Registered backend: DUNE-fem (dune)
2026-08-16 16:39:09,928 [oasis.dune] INFO: DUNE-fem backend registered
2026-08-16 16:39:09,933 [oasis.registry] INFO: Registered backend: SPARTA (DSMC) (sparta)
2026-08-16 16:39:09,933 [oasis.sparta] INFO: SPARTA (DSMC) backend registered
2026-08-16 16:39:09,933 [oasis] INFO: Starting OASiS MCP server
2026-08-16 16:39:09,941 [mcp.server.lowlevel.server] INFO: Processing request of type CallToolRequest
2026-08-16 16:39:19,791 [mcp.server.lowlevel.server] INFO: Processing request of type ListToolsRequest
2026-08-16 16:39:19,800 [oasis] INFO: Session journal saved: /home/alexander/Schreibtisch/ofa-v2/data/sessions/session_91749882-b8e9-463c-aed8-698b209dd3ae.json (2 events)
[preflight] custody controls verified for 1 problem(s); keys sealed and unreadable by execution
[phase: development] results are for post-mortems and convergence checking, NOT for the paper's evaluation table.
[FE1 27b BARE s1] done  calls=49 tok=1756735/47276 757.7s
2026-08-16 16:40:07,551 [oasis.registry] INFO: Loaded discovered config: 5 backends
2026-08-16 16:40:07,552 [oasis.registry] INFO: Registered backend: 4C Multiphysics (fourc)
2026-08-16 16:40:07,553 [oasis.registry] INFO: Registered backend: FEniCSx (dolfinx) (fenics)
2026-08-16 16:40:07,553 [oasis.registry] INFO: Registered backend: deal.II (dealii)
2026-08-16 16:40:07,557 [oasis.registry] INFO: Registered backend: FEBio (febio)
2026-08-16 16:40:07,559 [oasis.registry] INFO: Registered backend: NGSolve (ngsolve)
2026-08-16 16:40:07,559 [oasis.ngsolve] INFO: NGSolve backend registered
2026-08-16 16:40:07,562 [oasis.registry] INFO: Registered backend: scikit-fem (skfem)
2026-08-16 16:40:07,562 [oasis.skfem] INFO: scikit-fem backend registered
2026-08-16 16:40:07,566 [oasis.registry] INFO: Registered backend: Kratos Multiphysics (kratos)
2026-08-16 16:40:07,566 [oasis.kratos] INFO: Kratos Multiphysics backend registered
2026-08-16 16:40:07,568 [oasis.registry] INFO: Registered backend: DUNE-fem (dune)
2026-08-16 16:40:07,568 [oasis.dune] INFO: DUNE-fem backend registered
2026-08-16 16:40:07,573 [oasis.registry] INFO: Registered backend: SPARTA (DSMC) (sparta)
2026-08-16 16:40:07,573 [oasis.sparta] INFO: SPARTA (DSMC) backend registered
2026-08-16 16:40:07,573 [oasis] INFO: Starting OASiS MCP server
2026-08-16 16:40:07,581 [mcp.server.lowlevel.server] INFO: Processing request of type ListToolsRequest
2026-08-16 16:40:08,342 [oasis.registry] INFO: Loaded discovered config: 5 backends
2026-08-16 16:40:08,343 [oasis.registry] INFO: Registered backend: 4C Multiphysics (fourc)
2026-08-16 16:40:08,344 [oasis.registry] INFO: Registered backend: FEniCSx (dolfinx) (fenics)
2026-08-16 16:40:08,344 [oasis.registry] INFO: Registered backend: deal.II (dealii)
2026-08-16 16:40:08,348 [oasis.registry] INFO: Registered backend: FEBio (febio)
2026-08-16 16:40:08,350 [oasis.registry] INFO: Registered backend: NGSolve (ngsolve)
2026-08-16 16:40:08,350 [oasis.ngsolve] INFO: NGSolve backend registered
2026-08-16 16:40:08,353 [oasis.registry] INFO: Registered backend: scikit-fem (skfem)
2026-08-16 16:40:08,353 [oasis.skfem] INFO: scikit-fem backend registered
2026-08-16 16:40:08,357 [oasis.registry] INFO: Registered backend: Kratos Multiphysics (kratos)
2026-08-16 16:40:08,357 [oasis.kratos] INFO: Kratos Multiphysics backend registered
2026-08-16 16:40:08,359 [oasis.registry] INFO: Registered backend: DUNE-fem (dune)
2026-08-16 16:40:08,359 [oasis.dune] INFO: DUNE-fem backend registered
2026-08-16 16:40:08,364 [oasis.registry] INFO: Registered backend: SPARTA (DSMC) (sparta)
2026-08-16 16:40:08,364 [oasis.sparta] INFO: SPARTA (DSMC) backend registered
2026-08-16 16:40:08,364 [oasis] INFO: Starting OASiS MCP server
2026-08-16 16:40:08,372 [mcp.server.lowlevel.server] INFO: Processing request of type CallToolRequest
2026-08-16 16:40:14,845 [oasis.registry] INFO: Loaded discovered config: 5 backends
2026-08-16 16:40:14,846 [oasis.registry] INFO: Registered backend: 4C Multiphysics (fourc)
2026-08-16 16:40:14,847 [oasis.registry] INFO: Registered backend: FEniCSx (dolfinx) (fenics)
2026-08-16 16:40:14,847 [oasis.registry] INFO: Registered backend: deal.II (dealii)
2026-08-16 16:40:14,851 [oasis.registry] INFO: Registered backend: FEBio (febio)
2026-08-16 16:40:14,853 [oasis.registry] INFO: Registered backend: NGSolve (ngsolve)
2026-08-16 16:40:14,853 [oasis.ngsolve] INFO: NGSolve backend registered
2026-08-16 16:40:14,856 [oasis.registry] INFO: Registered backend: scikit-fem (skfem)
2026-08-16 16:40:14,856 [oasis.skfem] INFO: scikit-fem backend registered
2026-08-16 16:40:14,859 [oasis.registry] INFO: Registered backend: Kratos Multiphysics (kratos)
2026-08-16 16:40:14,859 [oasis.kratos] INFO: Kratos Multiphysics backend registered
2026-08-16 16:40:14,862 [oasis.registry] INFO: Registered backend: DUNE-fem (dune)
2026-08-16 16:40:14,862 [oasis.dune] INFO: DUNE-fem backend registered
2026-08-16 16:40:14,867 [oasis.registry] INFO: Registered backend: SPARTA (DSMC) (sparta)
2026-08-16 16:40:14,867 [oasis.sparta] INFO: SPARTA (DSMC) backend registered
2026-08-16 16:40:14,867 [oasis] INFO: Starting OASiS MCP server
2026-08-16 16:40:14,875 [mcp.server.lowlevel.server] INFO: Processing request of type CallToolRequest
2026-08-16 16:40:18,257 [mcp.server.lowlevel.server] INFO: Processing request of type ListToolsRequest
2026-08-16 16:40:18,265 [oasis] INFO: Session journal saved: /home/alexander/Schreibtisch/ofa-v2/data/sessions/session_f35eea6d-2313-41a3-9675-6c7250c8de23.json (2 events)
2026-08-16 16:40:19,152 [mcp.server.lowlevel.server] INFO: Processing request of type ListToolsRequest
2026-08-16 16:40:19,160 [oasis] INFO: Session journal saved: /home/alexander/Schreibtisch/ofa-v2/data/sessions/session_ab85b728-135f-4189-a295-fd5b1b1f5152.json (1 events)
2026-08-16 16:40:26,319 [oasis.registry] INFO: Loaded discovered config: 5 backends
2026-08-16 16:40:26,320 [oasis.registry] INFO: Registered backend: 4C Multiphysics (fourc)
2026-08-16 16:40:26,321 [oasis.registry] INFO: Registered backend: FEniCSx (dolfinx) (fenics)
2026-08-16 16:40:26,322 [oasis.registry] INFO: Registered backend: deal.II (dealii)
2026-08-16 16:40:26,325 [oasis.registry] INFO: Registered backend: FEBio (febio)
2026-08-16 16:40:26,328 [oasis.registry] INFO: Registered backend: NGSolve (ngsolve)
2026-08-16 16:40:26,328 [oasis.ngsolve] INFO: NGSolve backend registered
2026-08-16 16:40:26,331 [oasis.registry] INFO: Registered backend: scikit-fem (skfem)
2026-08-16 16:40:26,331 [oasis.skfem] INFO: scikit-fem backend registered
2026-08-16 16:40:26,334 [oasis.registry] INFO: Registered backend: Kratos Multiphysics (kratos)
2026-08-16 16:40:26,334 [oasis.kratos] INFO: Kratos Multiphysics backend registered
2026-08-16 16:40:26,337 [oasis.registry] INFO: Registered backend: DUNE-fem (dune)
2026-08-16 16:40:26,337 [oasis.dune] INFO: DUNE-fem backend registered
2026-08-16 16:40:26,342 [oasis.registry] INFO: Registered backend: SPARTA (DSMC) (sparta)
2026-08-16 16:40:26,342 [oasis.sparta] INFO: SPARTA (DSMC) backend registered
2026-08-16 16:40:26,342 [oasis] INFO: Starting OASiS MCP server
2026-08-16 16:40:26,350 [mcp.server.lowlevel.server] INFO: Processing request of type CallToolRequest
2026-08-16 16:40:26,787 [mcp.server.lowlevel.server] INFO: Processing request of type ListToolsRequest
2026-08-16 16:40:26,795 [oasis] INFO: Session journal saved: /home/alexander/Schreibtisch/ofa-v2/data/sessions/session_6b90562a-af16-44c6-b044-1fb3f671e7de.json (1 events)
2026-08-16 16:40:29,269 [oasis.registry] INFO: Loaded discovered config: 5 backends
2026-08-16 16:40:29,270 [oasis.registry] INFO: Registered backend: 4C Multiphysics (fourc)
2026-08-16 16:40:29,271 [oasis.registry] INFO: Registered backend: FEniCSx (dolfinx) (fenics)
2026-08-16 16:40:29,271 [oasis.registry] INFO: Registered backend: deal.II (dealii)
2026-08-16 16:40:29,275 [oasis.registry] INFO: Registered backend: FEBio (febio)
2026-08-16 16:40:29,277 [oasis.registry] INFO: Registered backend: NGSolve (ngsolve)
2026-08-16 16:40:29,277 [oasis.ngsolve] INFO: NGSolve backend registered
2026-08-16 16:40:29,280 [oasis.registry] INFO: Registered backend: scikit-fem (skfem)
2026-08-16 16:40:29,280 [oasis.skfem] INFO: scikit-fem backend registered
2026-08-16 16:40:29,284 [oasis.registry] INFO: Registered backend: Kratos Multiphysics (kratos)
2026-08-16 16:40:29,284 [oasis.kratos] INFO: Kratos Multiphysics backend registered
2026-08-16 16:40:29,286 [oasis.registry] INFO: Registered backend: DUNE-fem (dune)
2026-08-16 16:40:29,286 [oasis.dune] INFO: DUNE-fem backend registered
2026-08-16 16:40:29,291 [oasis.registry] INFO: Registered backend: SPARTA (DSMC) (sparta)
2026-08-16 16:40:29,292 [oasis.sparta] INFO: SPARTA (DSMC) backend registered
2026-08-16 16:40:29,292 [oasis] INFO: Starting OASiS MCP server
2026-08-16 16:40:29,299 [mcp.server.lowlevel.server] INFO: Processing request of type CallToolRequest
2026-08-16 16:41:08,351 [oasis.registry] INFO: Loaded discovered config: 5 backends
2026-08-16 16:41:08,352 [oasis.registry] INFO: Registered backend: 4C Multiphysics (fourc)
2026-08-16 16:41:08,353 [oasis.registry] INFO: Registered backend: FEniCSx (dolfinx) (fenics)
2026-08-16 16:41:08,353 [oasis.registry] INFO: Registered backend: deal.II (dealii)
2026-08-16 16:41:08,357 [oasis.registry] INFO: Registered backend: FEBio (febio)
2026-08-16 16:41:08,359 [oasis.registry] INFO: Registered backend: NGSolve (ngsolve)
2026-08-16 16:41:08,359 [oasis.ngsolve] INFO: NGSolve backend registered
2026-08-16 16:41:08,362 [oasis.registry] INFO: Registered backend: scikit-fem (skfem)
2026-08-16 16:41:08,362 [oasis.skfem] INFO: scikit-fem backend registered
2026-08-16 16:41:08,366 [oasis.registry] INFO: Registered backend: Kratos Multiphysics (kratos)
2026-08-16 16:41:08,366 [oasis.kratos] INFO: Kratos Multiphysics backend registered
2026-08-16 16:41:08,368 [oasis.registry] INFO: Registered backend: DUNE-fem (dune)
2026-08-16 16:41:08,368 [oasis.dune] INFO: DUNE-fem backend registered
2026-08-16 16:41:08,373 [oasis.registry] INFO: Registered backend: SPARTA (DSMC) (sparta)
2026-08-16 16:41:08,373 [oasis.sparta] INFO: SPARTA (DSMC) backend registered
2026-08-16 16:41:08,373 [oasis] INFO: Starting OASiS MCP server
2026-08-16 16:41:08,381 [mcp.server.lowlevel.server] INFO: Processing request of type CallToolRequest
2026-08-16 16:41:18,740 [mcp.server.lowlevel.server] INFO: Processing request of type ListToolsRequest
2026-08-16 16:41:18,747 [oasis] INFO: Session journal saved: /home/alexander/Schreibtisch/ofa-v2/data/sessions/session_1f86489a-70af-4616-9489-d1538abc23e5.json (2 events)
2026-08-16 16:42:03,443 [mcp.server.lowlevel.server] INFO: Processing request of type ListToolsRequest
2026-08-16 16:42:03,451 [oasis] INFO: Session journal saved: /home/alexander/Schreibtisch/ofa-v2/data/sessions/session_be046f57-3f12-4ed5-9fa0-9809e35321d5.json (1 events)
/home/alexander/Schreibtisch/ofa-v2/langgraph_eval/agent.py:215: RuntimeWarning: This package (`duckduckgo_search`) has been renamed to `ddgs`! Use `pip install ddgs` instead.
  with DDGS() as ddgs:
/home/alexander/Schreibtisch/ofa-v2/langgraph_eval/agent.py:215: RuntimeWarning: This package (`duckduckgo_search`) has been renamed to `ddgs`! Use `pip install ddgs` instead.
  with DDGS() as ddgs:
/home/alexander/Schreibtisch/ofa-v2/langgraph_eval/agent.py:215: RuntimeWarning: This package (`duckduckgo_search`) has been renamed to `ddgs`! Use `pip install ddgs` instead.
  with DDGS() as ddgs:
/home/alexander/Schreibtisch/ofa-v2/langgraph_eval/agent.py:215: RuntimeWarning: This package (`duckduckgo_search`) has been renamed to `ddgs`! Use `pip install ddgs` instead.
  with DDGS() as ddgs:
2026-08-16 16:42:55,572 [oasis.registry] INFO: Loaded discovered config: 5 backends
2026-08-16 16:42:55,572 [oasis.registry] INFO: Registered backend: 4C Multiphysics (fourc)
2026-08-16 16:42:55,573 [oasis.registry] INFO: Registered backend: FEniCSx (dolfinx) (fenics)
2026-08-16 16:42:55,574 [oasis.registry] INFO: Registered backend: deal.II (dealii)
2026-08-16 16:42:55,577 [oasis.registry] INFO: Registered backend: FEBio (febio)
2026-08-16 16:42:55,580 [oasis.registry] INFO: Registered backend: NGSolve (ngsolve)
2026-08-16 16:42:55,580 [oasis.ngsolve] INFO: NGSolve backend registered
2026-08-16 16:42:55,582 [oasis.registry] INFO: Registered backend: scikit-fem (skfem)
2026-08-16 16:42:55,582 [oasis.skfem] INFO: scikit-fem backend registered
2026-08-16 16:42:55,586 [oasis.registry] INFO: Registered backend: Kratos Multiphysics (kratos)
2026-08-16 16:42:55,586 [oasis.kratos] INFO: Kratos Multiphysics backend registered
2026-08-16 16:42:55,588 [oasis.registry] INFO: Registered backend: DUNE-fem (dune)
2026-08-16 16:42:55,588 [oasis.dune] INFO: DUNE-fem backend registered
2026-08-16 16:42:55,593 [oasis.registry] INFO: Registered backend: SPARTA (DSMC) (sparta)
2026-08-16 16:42:55,593 [oasis.sparta] INFO: SPARTA (DSMC) backend registered
2026-08-16 16:42:55,593 [oasis] INFO: Starting OASiS MCP server
2026-08-16 16:42:55,601 [mcp.server.lowlevel.server] INFO: Processing request of type CallToolRequest
2026-08-16 16:43:13,277 [mcp.server.lowlevel.server] INFO: Processing request of type ListToolsRequest
2026-08-16 16:43:13,285 [oasis] INFO: Session journal saved: /home/alexander/Schreibtisch/ofa-v2/data/sessions/session_569a4d81-7552-4cb5-9eb3-f76a4506ac96.json (2 events)
2026-08-16 16:44:39,992 [oasis.registry] INFO: Loaded discovered config: 5 backends
2026-08-16 16:44:39,993 [oasis.registry] INFO: Registered backend: 4C Multiphysics (fourc)
2026-08-16 16:44:39,993 [oasis.registry] INFO: Registered backend: FEniCSx (dolfinx) (fenics)
2026-08-16 16:44:39,994 [oasis.registry] INFO: Registered backend: deal.II (dealii)
2026-08-16 16:44:39,997 [oasis.registry] INFO: Registered backend: FEBio (febio)
2026-08-16 16:44:40,000 [oasis.registry] INFO: Registered backend: NGSolve (ngsolve)
2026-08-16 16:44:40,000 [oasis.ngsolve] INFO: NGSolve backend registered
2026-08-16 16:44:40,003 [oasis.registry] INFO: Registered backend: scikit-fem (skfem)
2026-08-16 16:44:40,003 [oasis.skfem] INFO: scikit-fem backend registered
2026-08-16 16:44:40,006 [oasis.registry] INFO: Registered backend: Kratos Multiphysics (kratos)
2026-08-16 16:44:40,006 [oasis.kratos] INFO: Kratos Multiphysics backend registered
2026-08-16 16:44:40,009 [oasis.registry] INFO: Registered backend: DUNE-fem (dune)
2026-08-16 16:44:40,009 [oasis.dune] INFO: DUNE-fem backend registered
2026-08-16 16:44:40,014 [oasis.registry] INFO: Registered backend: SPARTA (DSMC) (sparta)
2026-08-16 16:44:40,014 [oasis.sparta] INFO: SPARTA (DSMC) backend registered
2026-08-16 16:44:40,014 [oasis] INFO: Starting OASiS MCP server
2026-08-16 16:44:40,022 [mcp.server.lowlevel.server] INFO: Processing request of type CallToolRequest
2026-08-16 16:44:40,027 [mcp.server.lowlevel.server] INFO: Processing request of type ListToolsRequest
2026-08-16 16:44:48,979 [oasis.registry] INFO: Loaded discovered config: 5 backends
2026-08-16 16:44:48,980 [oasis.registry] INFO: Registered backend: 4C Multiphysics (fourc)
2026-08-16 16:44:48,981 [oasis.registry] INFO: Registered backend: FEniCSx (dolfinx) (fenics)
2026-08-16 16:44:48,981 [oasis.registry] INFO: Registered backend: deal.II (dealii)
2026-08-16 16:44:48,985 [oasis.registry] INFO: Registered backend: FEBio (febio)
2026-08-16 16:44:48,987 [oasis.registry] INFO: Registered backend: NGSolve (ngsolve)
2026-08-16 16:44:48,987 [oasis.ngsolve] INFO: NGSolve backend registered
2026-08-16 16:44:48,990 [oasis.registry] INFO: Registered backend: scikit-fem (skfem)
2026-08-16 16:44:48,990 [oasis.skfem] INFO: scikit-fem backend registered
2026-08-16 16:44:48,994 [oasis.registry] INFO: Registered backend: Kratos Multiphysics (kratos)
2026-08-16 16:44:48,994 [oasis.kratos] INFO: Kratos Multiphysics backend registered
2026-08-16 16:44:48,996 [oasis.registry] INFO: Registered backend: DUNE-fem (dune)
2026-08-16 16:44:48,996 [oasis.dune] INFO: DUNE-fem backend registered
2026-08-16 16:44:49,001 [oasis.registry] INFO: Registered backend: SPARTA (DSMC) (sparta)
2026-08-16 16:44:49,001 [oasis.sparta] INFO: SPARTA (DSMC) backend registered
2026-08-16 16:44:49,001 [oasis] INFO: Starting OASiS MCP server
2026-08-16 16:44:49,009 [mcp.server.lowlevel.server] INFO: Processing request of type CallToolRequest
2026-08-16 16:45:06,116 [mcp.server.lowlevel.server] INFO: Processing request of type ListToolsRequest
2026-08-16 16:45:06,124 [oasis] INFO: Session journal saved: /home/alexander/Schreibtisch/ofa-v2/data/sessions/session_81b5813c-d5ec-48f0-8011-568ef52077ad.json (2 events)
2026-08-16 16:45:58,302 [oasis.registry] INFO: Loaded discovered config: 5 backends
2026-08-16 16:45:58,303 [oasis.registry] INFO: Registered backend: 4C Multiphysics (fourc)
2026-08-16 16:45:58,304 [oasis.registry] INFO: Registered backend: FEniCSx (dolfinx) (fenics)
2026-08-16 16:45:58,304 [oasis.registry] INFO: Registered backend: deal.II (dealii)
2026-08-16 16:45:58,308 [oasis.registry] INFO: Registered backend: FEBio (febio)
2026-08-16 16:45:58,310 [oasis.registry] INFO: Registered backend: NGSolve (ngsolve)
2026-08-16 16:45:58,310 [oasis.ngsolve] INFO: NGSolve backend registered
2026-08-16 16:45:58,313 [oasis.registry] INFO: Registered backend: scikit-fem (skfem)
2026-08-16 16:45:58,313 [oasis.skfem] INFO: scikit-fem backend registered
2026-08-16 16:45:58,317 [oasis.registry] INFO: Registered backend: Kratos Multiphysics (kratos)
2026-08-16 16:45:58,317 [oasis.kratos] INFO: Kratos Multiphysics backend registered
2026-08-16 16:45:58,319 [oasis.registry] INFO: Registered backend: DUNE-fem (dune)
2026-08-16 16:45:58,319 [oasis.dune] INFO: DUNE-fem backend registered
2026-08-16 16:45:58,324 [oasis.registry] INFO: Registered backend: SPARTA (DSMC) (sparta)
2026-08-16 16:45:58,324 [oasis.sparta] INFO: SPARTA (DSMC) backend registered
2026-08-16 16:45:58,324 [oasis] INFO: Starting OASiS MCP server
2026-08-16 16:45:58,332 [mcp.server.lowlevel.server] INFO: Processing request of type CallToolRequest
2026-08-16 16:46:14,946 [mcp.server.lowlevel.server] INFO: Processing request of type ListToolsRequest
2026-08-16 16:46:14,954 [oasis] INFO: Session journal saved: /home/alexander/Schreibtisch/ofa-v2/data/sessions/session_8b5c3670-f374-4ce1-b9d0-a4ee58a45384.json (2 events)
2026-08-16 16:46:51,301 [oasis.registry] INFO: Loaded discovered config: 5 backends
2026-08-16 16:46:51,302 [oasis.registry] INFO: Registered backend: 4C Multiphysics (fourc)
2026-08-16 16:46:51,303 [oasis.registry] INFO: Registered backend: FEniCSx (dolfinx) (fenics)
2026-08-16 16:46:51,304 [oasis.registry] INFO: Registered backend: deal.II (dealii)
2026-08-16 16:46:51,307 [oasis.registry] INFO: Registered backend: FEBio (febio)
2026-08-16 16:46:51,310 [oasis.registry] INFO: Registered backend: NGSolve (ngsolve)
2026-08-16 16:46:51,310 [oasis.ngsolve] INFO: NGSolve backend registered
2026-08-16 16:46:51,312 [oasis.registry] INFO: Registered backend: scikit-fem (skfem)
2026-08-16 16:46:51,312 [oasis.skfem] INFO: scikit-fem backend registered
2026-08-16 16:46:51,316 [oasis.registry] INFO: Registered backend: Kratos Multiphysics (kratos)
2026-08-16 16:46:51,316 [oasis.kratos] INFO: Kratos Multiphysics backend registered
2026-08-16 16:46:51,318 [oasis.registry] INFO: Registered backend: DUNE-fem (dune)
2026-08-16 16:46:51,318 [oasis.dune] INFO: DUNE-fem backend registered
2026-08-16 16:46:51,324 [oasis.registry] INFO: Registered backend: SPARTA (DSMC) (sparta)
2026-08-16 16:46:51,324 [oasis.sparta] INFO: SPARTA (DSMC) backend registered
2026-08-16 16:46:51,324 [oasis] INFO: Starting OASiS MCP server
2026-08-16 16:46:51,332 [mcp.server.lowlevel.server] INFO: Processing request of type CallToolRequest
2026-08-16 16:46:52,327 [mcp.server.lowlevel.server] INFO: Processing request of type ListToolsRequest
2026-08-16 16:46:52,335 [oasis] INFO: Session journal saved: /home/alexander/Schreibtisch/ofa-v2/data/sessions/session_5537d5ce-32b9-4029-ab63-82d5bf80968f.json (2 events)
2026-08-16 16:47:17,830 [oasis.registry] INFO: Loaded discovered config: 5 backends
2026-08-16 16:47:17,831 [oasis.registry] INFO: Registered backend: 4C Multiphysics (fourc)
2026-08-16 16:47:17,832 [oasis.registry] INFO: Registered backend: FEniCSx (dolfinx) (fenics)
2026-08-16 16:47:17,832 [oasis.registry] INFO: Registered backend: deal.II (dealii)
2026-08-16 16:47:17,836 [oasis.registry] INFO: Registered backend: FEBio (febio)
2026-08-16 16:47:17,838 [oasis.registry] INFO: Registered backend: NGSolve (ngsolve)
2026-08-16 16:47:17,838 [oasis.ngsolve] INFO: NGSolve backend registered
2026-08-16 16:47:17,841 [oasis.registry] INFO: Registered backend: scikit-fem (skfem)
2026-08-16 16:47:17,841 [oasis.skfem] INFO: scikit-fem backend registered
2026-08-16 16:47:17,845 [oasis.registry] INFO: Registered backend: Kratos Multiphysics (kratos)
2026-08-16 16:47:17,845 [oasis.kratos] INFO: Kratos Multiphysics backend registered
2026-08-16 16:47:17,847 [oasis.registry] INFO: Registered backend: DUNE-fem (dune)
2026-08-16 16:47:17,847 [oasis.dune] INFO: DUNE-fem backend registered
2026-08-16 16:47:17,852 [oasis.registry] INFO: Registered backend: SPARTA (DSMC) (sparta)
2026-08-16 16:47:17,852 [oasis.sparta] INFO: SPARTA (DSMC) backend registered
2026-08-16 16:47:17,852 [oasis] INFO: Starting OASiS MCP server
2026-08-16 16:47:17,861 [mcp.server.lowlevel.server] INFO: Processing request of type CallToolRequest
2026-08-16 16:47:35,116 [mcp.server.lowlevel.server] INFO: Processing request of type ListToolsRequest
2026-08-16 16:47:35,124 [oasis] INFO: Session journal saved: /home/alexander/Schreibtisch/ofa-v2/data/sessions/session_77773aaa-bbef-4bf6-aa48-9aaa1fe0ca5d.json (2 events)
2026-08-16 16:48:19,792 [oasis.registry] INFO: Loaded discovered config: 5 backends
2026-08-16 16:48:19,793 [oasis.registry] INFO: Registered backend: 4C Multiphysics (fourc)
2026-08-16 16:48:19,794 [oasis.registry] INFO: Registered backend: FEniCSx (dolfinx) (fenics)
2026-08-16 16:48:19,794 [oasis.registry] INFO: Registered backend: deal.II (dealii)
2026-08-16 16:48:19,798 [oasis.registry] INFO: Registered backend: FEBio (febio)
2026-08-16 16:48:19,801 [oasis.registry] INFO: Registered backend: NGSolve (ngsolve)
2026-08-16 16:48:19,801 [oasis.ngsolve] INFO: NGSolve backend registered
2026-08-16 16:48:19,803 [oasis.registry] INFO: Registered backend: scikit-fem (skfem)
2026-08-16 16:48:19,803 [oasis.skfem] INFO: scikit-fem backend registered
2026-08-16 16:48:19,807 [oasis.registry] INFO: Registered backend: Kratos Multiphysics (kratos)
2026-08-16 16:48:19,807 [oasis.kratos] INFO: Kratos Multiphysics backend registered
2026-08-16 16:48:19,809 [oasis.registry] INFO: Registered backend: DUNE-fem (dune)
2026-08-16 16:48:19,809 [oasis.dune] INFO: DUNE-fem backend registered
2026-08-16 16:48:19,814 [oasis.registry] INFO: Registered backend: SPARTA (DSMC) (sparta)
2026-08-16 16:48:19,814 [oasis.sparta] INFO: SPARTA (DSMC) backend registered
2026-08-16 16:48:19,814 [oasis] INFO: Starting OASiS MCP server
2026-08-16 16:48:19,822 [mcp.server.lowlevel.server] INFO: Processing request of type CallToolRequest
2026-08-16 16:48:37,024 [mcp.server.lowlevel.server] INFO: Processing request of type ListToolsRequest
2026-08-16 16:48:37,031 [oasis] INFO: Session journal saved: /home/alexander/Schreibtisch/ofa-v2/data/sessions/session_27941d70-84ee-446f-b453-75f296015088.json (2 events)
2026-08-16 16:49:09,562 [oasis.registry] INFO: Loaded discovered config: 5 backends
2026-08-16 16:49:09,563 [oasis.registry] INFO: Registered backend: 4C Multiphysics (fourc)
2026-08-16 16:49:09,564 [oasis.registry] INFO: Registered backend: FEniCSx (dolfinx) (fenics)
2026-08-16 16:49:09,564 [oasis.registry] INFO: Registered backend: deal.II (dealii)
2026-08-16 16:49:09,568 [oasis.registry] INFO: Registered backend: FEBio (febio)
2026-08-16 16:49:09,570 [oasis.registry] INFO: Registered backend: NGSolve (ngsolve)
2026-08-16 16:49:09,570 [oasis.ngsolve] INFO: NGSolve backend registered
2026-08-16 16:49:09,573 [oasis.registry] INFO: Registered backend: scikit-fem (skfem)
2026-08-16 16:49:09,573 [oasis.skfem] INFO: scikit-fem backend registered
2026-08-16 16:49:09,577 [oasis.registry] INFO: Registered backend: Kratos Multiphysics (kratos)
2026-08-16 16:49:09,577 [oasis.kratos] INFO: Kratos Multiphysics backend registered
2026-08-16 16:49:09,579 [oasis.registry] INFO: Registered backend: DUNE-fem (dune)
2026-08-16 16:49:09,579 [oasis.dune] INFO: DUNE-fem backend registered
2026-08-16 16:49:09,584 [oasis.registry] INFO: Registered backend: SPARTA (DSMC) (sparta)
2026-08-16 16:49:09,584 [oasis.sparta] INFO: SPARTA (DSMC) backend registered
2026-08-16 16:49:09,584 [oasis] INFO: Starting OASiS MCP server
2026-08-16 16:49:09,592 [mcp.server.lowlevel.server] INFO: Processing request of type CallToolRequest
2026-08-16 16:49:26,712 [mcp.server.lowlevel.server] INFO: Processing request of type ListToolsRequest
2026-08-16 16:49:26,720 [oasis] INFO: Session journal saved: /home/alexander/Schreibtisch/ofa-v2/data/sessions/session_6704f049-a654-4e62-a07c-69b6107e6e59.json (2 events)
2026-08-16 16:50:05,789 [oasis.registry] INFO: Loaded discovered config: 5 backends
2026-08-16 16:50:05,790 [oasis.registry] INFO: Registered backend: 4C Multiphysics (fourc)
2026-08-16 16:50:05,790 [oasis.registry] INFO: Registered backend: FEniCSx (dolfinx) (fenics)
2026-08-16 16:50:05,791 [oasis.registry] INFO: Registered backend: deal.II (dealii)
2026-08-16 16:50:05,795 [oasis.registry] INFO: Registered backend: FEBio (febio)
2026-08-16 16:50:05,797 [oasis.registry] INFO: Registered backend: NGSolve (ngsolve)
2026-08-16 16:50:05,797 [oasis.ngsolve] INFO: NGSolve backend registered
2026-08-16 16:50:05,800 [oasis.registry] INFO: Registered backend: scikit-fem (skfem)
2026-08-16 16:50:05,800 [oasis.skfem] INFO: scikit-fem backend registered
2026-08-16 16:50:05,803 [oasis.registry] INFO: Registered backend: Kratos Multiphysics (kratos)
2026-08-16 16:50:05,803 [oasis.kratos] INFO: Kratos Multiphysics backend registered
2026-08-16 16:50:05,806 [oasis.registry] INFO: Registered backend: DUNE-fem (dune)
2026-08-16 16:50:05,806 [oasis.dune] INFO: DUNE-fem backend registered
2026-08-16 16:50:05,811 [oasis.registry] INFO: Registered backend: SPARTA (DSMC) (sparta)
2026-08-16 16:50:05,811 [oasis.sparta] INFO: SPARTA (DSMC) backend registered
2026-08-16 16:50:05,811 [oasis] INFO: Starting OASiS MCP server
2026-08-16 16:50:05,819 [mcp.server.lowlevel.server] INFO: Processing request of type CallToolRequest
2026-08-16 16:50:20,864 [oasis.registry] INFO: Loaded discovered config: 5 backends
2026-08-16 16:50:20,865 [oasis.registry] INFO: Registered backend: 4C Multiphysics (fourc)
2026-08-16 16:50:20,865 [oasis.registry] INFO: Registered backend: FEniCSx (dolfinx) (fenics)
2026-08-16 16:50:20,866 [oasis.registry] INFO: Registered backend: deal.II (dealii)
2026-08-16 16:50:20,870 [oasis.registry] INFO: Registered backend: FEBio (febio)
2026-08-16 16:50:20,872 [oasis.registry] INFO: Registered backend: NGSolve (ngsolve)
2026-08-16 16:50:20,872 [oasis.ngsolve] INFO: NGSolve backend registered
2026-08-16 16:50:20,875 [oasis.registry] INFO: Registered backend: scikit-fem (skfem)
2026-08-16 16:50:20,875 [oasis.skfem] INFO: scikit-fem backend registered
2026-08-16 16:50:20,878 [oasis.registry] INFO: Registered backend: Kratos Multiphysics (kratos)
2026-08-16 16:50:20,878 [oasis.kratos] INFO: Kratos Multiphysics backend registered
2026-08-16 16:50:20,881 [oasis.registry] INFO: Registered backend: DUNE-fem (dune)
2026-08-16 16:50:20,881 [oasis.dune] INFO: DUNE-fem backend registered
2026-08-16 16:50:20,886 [oasis.registry] INFO: Registered backend: SPARTA (DSMC) (sparta)
2026-08-16 16:50:20,886 [oasis.sparta] INFO: SPARTA (DSMC) backend registered
2026-08-16 16:50:20,886 [oasis] INFO: Starting OASiS MCP server
2026-08-16 16:50:20,894 [mcp.server.lowlevel.server] INFO: Processing request of type CallToolRequest
2026-08-16 16:50:21,912 [mcp.server.lowlevel.server] INFO: Processing request of type ListToolsRequest
2026-08-16 16:50:21,920 [oasis] INFO: Session journal saved: /home/alexander/Schreibtisch/ofa-v2/data/sessions/session_dc92ac2e-285b-4249-8bb3-d98ff0f1b9d0.json (2 events)
2026-08-16 16:50:23,240 [mcp.server.lowlevel.server] INFO: Processing request of type ListToolsRequest
2026-08-16 16:50:23,248 [oasis] INFO: Session journal saved: /home/alexander/Schreibtisch/ofa-v2/data/sessions/session_7d849ea7-75b1-43f5-b984-b896d8ce3cd8.json (2 events)
2026-08-16 16:51:17,180 [oasis.registry] INFO: Loaded discovered config: 5 backends
2026-08-16 16:51:17,181 [oasis.registry] INFO: Registered backend: 4C Multiphysics (fourc)
2026-08-16 16:51:17,181 [oasis.registry] INFO: Registered backend: FEniCSx (dolfinx) (fenics)
2026-08-16 16:51:17,182 [oasis.registry] INFO: Registered backend: deal.II (dealii)
2026-08-16 16:51:17,185 [oasis.registry] INFO: Registered backend: FEBio (febio)
2026-08-16 16:51:17,188 [oasis.registry] INFO: Registered backend: NGSolve (ngsolve)
2026-08-16 16:51:17,188 [oasis.ngsolve] INFO: NGSolve backend registered
2026-08-16 16:51:17,190 [oasis.registry] INFO: Registered backend: scikit-fem (skfem)
2026-08-16 16:51:17,190 [oasis.skfem] INFO: scikit-fem backend registered
2026-08-16 16:51:17,194 [oasis.registry] INFO: Registered backend: Kratos Multiphysics (kratos)
2026-08-16 16:51:17,194 [oasis.kratos] INFO: Kratos Multiphysics backend registered
2026-08-16 16:51:17,197 [oasis.registry] INFO: Registered backend: DUNE-fem (dune)
2026-08-16 16:51:17,197 [oasis.dune] INFO: DUNE-fem backend registered
2026-08-16 16:51:17,202 [oasis.registry] INFO: Registered backend: SPARTA (DSMC) (sparta)
2026-08-16 16:51:17,202 [oasis.sparta] INFO: SPARTA (DSMC) backend registered
2026-08-16 16:51:17,202 [oasis] INFO: Starting OASiS MCP server
2026-08-16 16:51:17,210 [mcp.server.lowlevel.server] INFO: Processing request of type CallToolRequest
2026-08-16 16:51:26,780 [mcp.server.lowlevel.server] INFO: Processing request of type ListToolsRequest
2026-08-16 16:51:26,788 [oasis] INFO: Session journal saved: /home/alexander/Schreibtisch/ofa-v2/data/sessions/session_a4457db5-254d-451e-b403-9ffd73009d5e.json (2 events)
2026-08-16 16:51:42,394 [oasis.registry] INFO: Loaded discovered config: 5 backends
2026-08-16 16:51:42,395 [oasis.registry] INFO: Registered backend: 4C Multiphysics (fourc)
2026-08-16 16:51:42,395 [oasis.registry] INFO: Registered backend: FEniCSx (dolfinx) (fenics)
2026-08-16 16:51:42,396 [oasis.registry] INFO: Registered backend: deal.II (dealii)
2026-08-16 16:51:42,399 [oasis.registry] INFO: Registered backend: FEBio (febio)
2026-08-16 16:51:42,402 [oasis.registry] INFO: Registered backend: NGSolve (ngsolve)
2026-08-16 16:51:42,402 [oasis.ngsolve] INFO: NGSolve backend registered
2026-08-16 16:51:42,404 [oasis.registry] INFO: Registered backend: scikit-fem (skfem)
2026-08-16 16:51:42,404 [oasis.skfem] INFO: scikit-fem backend registered
2026-08-16 16:51:42,408 [oasis.registry] INFO: Registered backend: Kratos Multiphysics (kratos)
2026-08-16 16:51:42,408 [oasis.kratos] INFO: Kratos Multiphysics backend registered
2026-08-16 16:51:42,411 [oasis.registry] INFO: Registered backend: DUNE-fem (dune)
2026-08-16 16:51:42,411 [oasis.dune] INFO: DUNE-fem backend registered
2026-08-16 16:51:42,416 [oasis.registry] INFO: Registered backend: SPARTA (DSMC) (sparta)
2026-08-16 16:51:42,416 [oasis.sparta] INFO: SPARTA (DSMC) backend registered
2026-08-16 16:51:42,416 [oasis] INFO: Starting OASiS MCP server
2026-08-16 16:51:42,424 [mcp.server.lowlevel.server] INFO: Processing request of type CallToolRequest
2026-08-16 16:51:43,859 [mcp.server.lowlevel.server] INFO: Processing request of type ListToolsRequest
2026-08-16 16:51:43,867 [oasis] INFO: Session journal saved: /home/alexander/Schreibtisch/ofa-v2/data/sessions/session_626f8b9c-26e8-4824-b655-8fe05c30a9e9.json (2 events)
2026-08-16 16:52:22,078 [oasis.registry] INFO: Loaded discovered config: 5 backends
2026-08-16 16:52:22,079 [oasis.registry] INFO: Registered backend: 4C Multiphysics (fourc)
2026-08-16 16:52:22,079 [oasis.registry] INFO: Registered backend: FEniCSx (dolfinx) (fenics)
2026-08-16 16:52:22,080 [oasis.registry] INFO: Registered backend: deal.II (dealii)
2026-08-16 16:52:22,084 [oasis.registry] INFO: Registered backend: FEBio (febio)
2026-08-16 16:52:22,086 [oasis.registry] INFO: Registered backend: NGSolve (ngsolve)
2026-08-16 16:52:22,086 [oasis.ngsolve] INFO: NGSolve backend registered
2026-08-16 16:52:22,089 [oasis.registry] INFO: Registered backend: scikit-fem (skfem)
2026-08-16 16:52:22,089 [oasis.skfem] INFO: scikit-fem backend registered
2026-08-16 16:52:22,093 [oasis.registry] INFO: Registered backend: Kratos Multiphysics (kratos)
2026-08-16 16:52:22,093 [oasis.kratos] INFO: Kratos Multiphysics backend registered
2026-08-16 16:52:22,095 [oasis.registry] INFO: Registered backend: DUNE-fem (dune)
2026-08-16 16:52:22,095 [oasis.dune] INFO: DUNE-fem backend registered
2026-08-16 16:52:22,100 [oasis.registry] INFO: Registered backend: SPARTA (DSMC) (sparta)
2026-08-16 16:52:22,100 [oasis.sparta] INFO: SPARTA (DSMC) backend registered
2026-08-16 16:52:22,100 [oasis] INFO: Starting OASiS MCP server
2026-08-16 16:52:22,108 [mcp.server.lowlevel.server] INFO: Processing request of type CallToolRequest
2026-08-16 16:52:38,809 [mcp.server.lowlevel.server] INFO: Processing request of type ListToolsRequest
2026-08-16 16:52:38,817 [oasis] INFO: Session journal saved: /home/alexander/Schreibtisch/ofa-v2/data/sessions/session_69c83bf9-aef9-4470-8c0a-662c9abad89b.json (2 events)
2026-08-16 16:52:49,474 [oasis.registry] INFO: Loaded discovered config: 5 backends
2026-08-16 16:52:49,475 [oasis.registry] INFO: Registered backend: 4C Multiphysics (fourc)
2026-08-16 16:52:49,476 [oasis.registry] INFO: Registered backend: FEniCSx (dolfinx) (fenics)
2026-08-16 16:52:49,476 [oasis.registry] INFO: Registered backend: deal.II (dealii)
2026-08-16 16:52:49,480 [oasis.registry] INFO: Registered backend: FEBio (febio)
2026-08-16 16:52:49,483 [oasis.registry] INFO: Registered backend: NGSolve (ngsolve)
2026-08-16 16:52:49,483 [oasis.ngsolve] INFO: NGSolve backend registered
2026-08-16 16:52:49,485 [oasis.registry] INFO: Registered backend: scikit-fem (skfem)
2026-08-16 16:52:49,485 [oasis.skfem] INFO: scikit-fem backend registered
2026-08-16 16:52:49,489 [oasis.registry] INFO: Registered backend: Kratos Multiphysics (kratos)
2026-08-16 16:52:49,489 [oasis.kratos] INFO: Kratos Multiphysics backend registered
2026-08-16 16:52:49,491 [oasis.registry] INFO: Registered backend: DUNE-fem (dune)
2026-08-16 16:52:49,491 [oasis.dune] INFO: DUNE-fem backend registered
2026-08-16 16:52:49,497 [oasis.registry] INFO: Registered backend: SPARTA (DSMC) (sparta)
2026-08-16 16:52:49,497 [oasis.sparta] INFO: SPARTA (DSMC) backend registered
2026-08-16 16:52:49,497 [oasis] INFO: Starting OASiS MCP server
2026-08-16 16:52:49,504 [mcp.server.lowlevel.server] INFO: Processing request of type CallToolRequest
2026-08-16 16:52:53,667 [mcp.server.lowlevel.server] INFO: Processing request of type ListToolsRequest
2026-08-16 16:52:53,673 [oasis] INFO: Session journal saved: /home/alexander/Schreibtisch/ofa-v2/data/sessions/session_05fe75df-7779-4406-8f64-1266b289e792.json (1 events)
2026-08-16 16:53:00,461 [oasis.registry] INFO: Loaded discovered config: 5 backends
2026-08-16 16:53:00,462 [oasis.registry] INFO: Registered backend: 4C Multiphysics (fourc)
2026-08-16 16:53:00,462 [oasis.registry] INFO: Registered backend: FEniCSx (dolfinx) (fenics)
2026-08-16 16:53:00,463 [oasis.registry] INFO: Registered backend: deal.II (dealii)
2026-08-16 16:53:00,466 [oasis.registry] INFO: Registered backend: FEBio (febio)
2026-08-16 16:53:00,469 [oasis.registry] INFO: Registered backend: NGSolve (ngsolve)
2026-08-16 16:53:00,469 [oasis.ngsolve] INFO: NGSolve backend registered
2026-08-16 16:53:00,472 [oasis.registry] INFO: Registered backend: scikit-fem (skfem)
2026-08-16 16:53:00,472 [oasis.skfem] INFO: scikit-fem backend registered
2026-08-16 16:53:00,475 [oasis.registry] INFO: Registered backend: Kratos Multiphysics (kratos)
2026-08-16 16:53:00,475 [oasis.kratos] INFO: Kratos Multiphysics backend registered
2026-08-16 16:53:00,478 [oasis.registry] INFO: Registered backend: DUNE-fem (dune)
2026-08-16 16:53:00,478 [oasis.dune] INFO: DUNE-fem backend registered
2026-08-16 16:53:00,483 [oasis.registry] INFO: Registered backend: SPARTA (DSMC) (sparta)
2026-08-16 16:53:00,483 [oasis.sparta] INFO: SPARTA (DSMC) backend registered
2026-08-16 16:53:00,483 [oasis] INFO: Starting OASiS MCP server
2026-08-16 16:53:00,490 [mcp.server.lowlevel.server] INFO: Processing request of type CallToolRequest
2026-08-16 16:53:02,051 [mcp.server.lowlevel.server] INFO: Processing request of type ListToolsRequest
2026-08-16 16:53:02,058 [oasis] INFO: Session journal saved: /home/alexander/Schreibtisch/ofa-v2/data/sessions/session_65d334b8-f20f-4657-bd62-0ae2f667fcbd.json (2 events)
2026-08-16 16:53:40,261 [oasis.registry] INFO: Loaded discovered config: 5 backends
2026-08-16 16:53:40,262 [oasis.registry] INFO: Registered backend: 4C Multiphysics (fourc)
2026-08-16 16:53:40,262 [oasis.registry] INFO: Registered backend: FEniCSx (dolfinx) (fenics)
2026-08-16 16:53:40,263 [oasis.registry] INFO: Registered backend: deal.II (dealii)
2026-08-16 16:53:40,267 [oasis.registry] INFO: Registered backend: FEBio (febio)
2026-08-16 16:53:40,269 [oasis.registry] INFO: Registered backend: NGSolve (ngsolve)
2026-08-16 16:53:40,269 [oasis.ngsolve] INFO: NGSolve backend registered
2026-08-16 16:53:40,272 [oasis.registry] INFO: Registered backend: scikit-fem (skfem)
2026-08-16 16:53:40,272 [oasis.skfem] INFO: scikit-fem backend registered
2026-08-16 16:53:40,275 [oasis.registry] INFO: Registered backend: Kratos Multiphysics (kratos)
2026-08-16 16:53:40,275 [oasis.kratos] INFO: Kratos Multiphysics backend registered
2026-08-16 16:53:40,278 [oasis.registry] INFO: Registered backend: DUNE-fem (dune)
2026-08-16 16:53:40,278 [oasis.dune] INFO: DUNE-fem backend registered
2026-08-16 16:53:40,283 [oasis.registry] INFO: Registered backend: SPARTA (DSMC) (sparta)
2026-08-16 16:53:40,283 [oasis.sparta] INFO: SPARTA (DSMC) backend registered
2026-08-16 16:53:40,283 [oasis] INFO: Starting OASiS MCP server
2026-08-16 16:53:40,291 [mcp.server.lowlevel.server] INFO: Processing request of type CallToolRequest
2026-08-16 16:53:41,163 [mcp.server.lowlevel.server] INFO: Processing request of type ListToolsRequest
2026-08-16 16:53:41,171 [oasis] INFO: Session journal saved: /home/alexander/Schreibtisch/ofa-v2/data/sessions/session_1b996f80-42ed-48a9-b8bb-122cd3484ee9.json (2 events)
2026-08-16 16:54:21,212 [oasis.registry] INFO: Loaded discovered config: 5 backends
2026-08-16 16:54:21,213 [oasis.registry] INFO: Registered backend: 4C Multiphysics (fourc)
2026-08-16 16:54:21,214 [oasis.registry] INFO: Registered backend: FEniCSx (dolfinx) (fenics)
2026-08-16 16:54:21,215 [oasis.registry] INFO: Registered backend: deal.II (dealii)
2026-08-16 16:54:21,218 [oasis.registry] INFO: Registered backend: FEBio (febio)
2026-08-16 16:54:21,221 [oasis.registry] INFO: Registered backend: NGSolve (ngsolve)
2026-08-16 16:54:21,221 [oasis.ngsolve] INFO: NGSolve backend registered
2026-08-16 16:54:21,223 [oasis.registry] INFO: Registered backend: scikit-fem (skfem)
2026-08-16 16:54:21,223 [oasis.skfem] INFO: scikit-fem backend registered
2026-08-16 16:54:21,227 [oasis.registry] INFO: Registered backend: Kratos Multiphysics (kratos)
2026-08-16 16:54:21,227 [oasis.kratos] INFO: Kratos Multiphysics backend registered
2026-08-16 16:54:21,229 [oasis.registry] INFO: Registered backend: DUNE-fem (dune)
2026-08-16 16:54:21,229 [oasis.dune] INFO: DUNE-fem backend registered
2026-08-16 16:54:21,234 [oasis.registry] INFO: Registered backend: SPARTA (DSMC) (sparta)
2026-08-16 16:54:21,234 [oasis.sparta] INFO: SPARTA (DSMC) backend registered
2026-08-16 16:54:21,234 [oasis] INFO: Starting OASiS MCP server
2026-08-16 16:54:21,242 [mcp.server.lowlevel.server] INFO: Processing request of type CallToolRequest
2026-08-16 16:54:22,137 [mcp.server.lowlevel.server] INFO: Processing request of type ListToolsRequest
2026-08-16 16:54:22,144 [oasis] INFO: Session journal saved: /home/alexander/Schreibtisch/ofa-v2/data/sessions/session_1e152b8a-bade-4304-a239-1087216f3fa4.json (2 events)
2026-08-16 16:54:22,919 [oasis.registry] INFO: Loaded discovered config: 5 backends
2026-08-16 16:54:22,920 [oasis.registry] INFO: Registered backend: 4C Multiphysics (fourc)
2026-08-16 16:54:22,923 [oasis.registry] INFO: Registered backend: FEniCSx (dolfinx) (fenics)
2026-08-16 16:54:22,923 [oasis.registry] INFO: Registered backend: deal.II (dealii)
2026-08-16 16:54:22,927 [oasis.registry] INFO: Registered backend: FEBio (febio)
2026-08-16 16:54:22,930 [oasis.registry] INFO: Registered backend: NGSolve (ngsolve)
2026-08-16 16:54:22,930 [oasis.ngsolve] INFO: NGSolve backend registered
2026-08-16 16:54:22,932 [oasis.registry] INFO: Registered backend: scikit-fem (skfem)
2026-08-16 16:54:22,932 [oasis.skfem] INFO: scikit-fem backend registered
2026-08-16 16:54:22,936 [oasis.registry] INFO: Registered backend: Kratos Multiphysics (kratos)
2026-08-16 16:54:22,936 [oasis.kratos] INFO: Kratos Multiphysics backend registered
2026-08-16 16:54:22,938 [oasis.registry] INFO: Registered backend: DUNE-fem (dune)
2026-08-16 16:54:22,938 [oasis.dune] INFO: DUNE-fem backend registered
2026-08-16 16:54:22,943 [oasis.registry] INFO: Registered backend: SPARTA (DSMC) (sparta)
2026-08-16 16:54:22,943 [oasis.sparta] INFO: SPARTA (DSMC) backend registered
2026-08-16 16:54:22,943 [oasis] INFO: Starting OASiS MCP server
2026-08-16 16:54:22,951 [mcp.server.lowlevel.server] INFO: Processing request of type CallToolRequest
2026-08-16 16:54:23,965 [mcp.server.lowlevel.server] INFO: Processing request of type ListToolsRequest
2026-08-16 16:54:23,972 [oasis] INFO: Session journal saved: /home/alexander/Schreibtisch/ofa-v2/data/sessions/session_fc4b0252-9aeb-4219-990f-39e4eac60641.json (2 events)
2026-08-16 16:55:08,615 [oasis.registry] INFO: Loaded discovered config: 5 backends
2026-08-16 16:55:08,616 [oasis.registry] INFO: Registered backend: 4C Multiphysics (fourc)
2026-08-16 16:55:08,616 [oasis.registry] INFO: Registered backend: FEniCSx (dolfinx) (fenics)
2026-08-16 16:55:08,617 [oasis.registry] INFO: Registered backend: deal.II (dealii)
2026-08-16 16:55:08,620 [oasis.registry] INFO: Registered backend: FEBio (febio)
2026-08-16 16:55:08,623 [oasis.registry] INFO: Registered backend: NGSolve (ngsolve)
2026-08-16 16:55:08,623 [oasis.ngsolve] INFO: NGSolve backend registered
2026-08-16 16:55:08,625 [oasis.registry] INFO: Registered backend: scikit-fem (skfem)
2026-08-16 16:55:08,625 [oasis.skfem] INFO: scikit-fem backend registered
2026-08-16 16:55:08,629 [oasis.registry] INFO: Registered backend: Kratos Multiphysics (kratos)
2026-08-16 16:55:08,629 [oasis.kratos] INFO: Kratos Multiphysics backend registered
2026-08-16 16:55:08,631 [oasis.registry] INFO: Registered backend: DUNE-fem (dune)
2026-08-16 16:55:08,631 [oasis.dune] INFO: DUNE-fem backend registered
2026-08-16 16:55:08,637 [oasis.registry] INFO: Registered backend: SPARTA (DSMC) (sparta)
2026-08-16 16:55:08,637 [oasis.sparta] INFO: SPARTA (DSMC) backend registered
2026-08-16 16:55:08,637 [oasis] INFO: Starting OASiS MCP server
2026-08-16 16:55:08,644 [mcp.server.lowlevel.server] INFO: Processing request of type CallToolRequest
2026-08-16 16:55:09,547 [mcp.server.lowlevel.server] INFO: Processing request of type ListToolsRequest
2026-08-16 16:55:09,555 [oasis] INFO: Session journal saved: /home/alexander/Schreibtisch/ofa-v2/data/sessions/session_50d6243e-6248-4ebe-8d12-fdfe52f00e3a.json (2 events)
2026-08-16 16:55:44,099 [oasis.registry] INFO: Loaded discovered config: 5 backends
2026-08-16 16:55:44,100 [oasis.registry] INFO: Registered backend: 4C Multiphysics (fourc)
2026-08-16 16:55:44,101 [oasis.registry] INFO: Registered backend: FEniCSx (dolfinx) (fenics)
2026-08-16 16:55:44,101 [oasis.registry] INFO: Registered backend: deal.II (dealii)
2026-08-16 16:55:44,105 [oasis.registry] INFO: Registered backend: FEBio (febio)
2026-08-16 16:55:44,107 [oasis.registry] INFO: Registered backend: NGSolve (ngsolve)
2026-08-16 16:55:44,107 [oasis.ngsolve] INFO: NGSolve backend registered
2026-08-16 16:55:44,110 [oasis.registry] INFO: Registered backend: scikit-fem (skfem)
2026-08-16 16:55:44,110 [oasis.skfem] INFO: scikit-fem backend registered
2026-08-16 16:55:44,114 [oasis.registry] INFO: Registered backend: Kratos Multiphysics (kratos)
2026-08-16 16:55:44,114 [oasis.kratos] INFO: Kratos Multiphysics backend registered
2026-08-16 16:55:44,116 [oasis.registry] INFO: Registered backend: DUNE-fem (dune)
2026-08-16 16:55:44,116 [oasis.dune] INFO: DUNE-fem backend registered
2026-08-16 16:55:44,121 [oasis.registry] INFO: Registered backend: SPARTA (DSMC) (sparta)
2026-08-16 16:55:44,121 [oasis.sparta] INFO: SPARTA (DSMC) backend registered
2026-08-16 16:55:44,121 [oasis] INFO: Starting OASiS MCP server
2026-08-16 16:55:44,129 [mcp.server.lowlevel.server] INFO: Processing request of type CallToolRequest
2026-08-16 16:55:44,868 [mcp.server.lowlevel.server] INFO: Processing request of type ListToolsRequest
2026-08-16 16:55:44,876 [oasis] INFO: Session journal saved: /home/alexander/Schreibtisch/ofa-v2/data/sessions/session_73548dce-8a6e-4403-8867-14482855e9d6.json (2 events)
2026-08-16 16:55:51,271 [oasis.registry] INFO: Loaded discovered config: 5 backends
2026-08-16 16:55:51,272 [oasis.registry] INFO: Registered backend: 4C Multiphysics (fourc)
2026-08-16 16:55:51,272 [oasis.registry] INFO: Registered backend: FEniCSx (dolfinx) (fenics)
2026-08-16 16:55:51,273 [oasis.registry] INFO: Registered backend: deal.II (dealii)
2026-08-16 16:55:51,277 [oasis.registry] INFO: Registered backend: FEBio (febio)
2026-08-16 16:55:51,279 [oasis.registry] INFO: Registered backend: NGSolve (ngsolve)
2026-08-16 16:55:51,279 [oasis.ngsolve] INFO: NGSolve backend registered
2026-08-16 16:55:51,283 [oasis.registry] INFO: Registered backend: scikit-fem (skfem)
2026-08-16 16:55:51,283 [oasis.skfem] INFO: scikit-fem backend registered
2026-08-16 16:55:51,287 [oasis.registry] INFO: Registered backend: Kratos Multiphysics (kratos)
2026-08-16 16:55:51,287 [oasis.kratos] INFO: Kratos Multiphysics backend registered
2026-08-16 16:55:51,289 [oasis.registry] INFO: Registered backend: DUNE-fem (dune)
2026-08-16 16:55:51,289 [oasis.dune] INFO: DUNE-fem backend registered
2026-08-16 16:55:51,294 [oasis.registry] INFO: Registered backend: SPARTA (DSMC) (sparta)
2026-08-16 16:55:51,294 [oasis.sparta] INFO: SPARTA (DSMC) backend registered
2026-08-16 16:55:51,294 [oasis] INFO: Starting OASiS MCP server
2026-08-16 16:55:51,302 [mcp.server.lowlevel.server] INFO: Processing request of type CallToolRequest
2026-08-16 16:55:52,394 [mcp.server.lowlevel.server] INFO: Processing request of type ListToolsRequest
2026-08-16 16:55:52,404 [oasis] INFO: Session journal saved: /home/alexander/Schreibtisch/ofa-v2/data/sessions/session_1326a232-8039-4d26-a269-8ca55fc0abb7.json (2 events)
2026-08-16 16:56:31,467 [oasis.registry] INFO: Loaded discovered config: 5 backends
2026-08-16 16:56:31,468 [oasis.registry] INFO: Registered backend: 4C Multiphysics (fourc)
2026-08-16 16:56:31,468 [oasis.registry] INFO: Registered backend: FEniCSx (dolfinx) (fenics)
2026-08-16 16:56:31,469 [oasis.registry] INFO: Registered backend: deal.II (dealii)
2026-08-16 16:56:31,473 [oasis.registry] INFO: Registered backend: FEBio (febio)
2026-08-16 16:56:31,475 [oasis.registry] INFO: Registered backend: NGSolve (ngsolve)
2026-08-16 16:56:31,475 [oasis.ngsolve] INFO: NGSolve backend registered
2026-08-16 16:56:31,478 [oasis.registry] INFO: Registered backend: scikit-fem (skfem)
2026-08-16 16:56:31,478 [oasis.skfem] INFO: scikit-fem backend registered
2026-08-16 16:56:31,481 [oasis.registry] INFO: Registered backend: Kratos Multiphysics (kratos)
2026-08-16 16:56:31,481 [oasis.kratos] INFO: Kratos Multiphysics backend registered
2026-08-16 16:56:31,484 [oasis.registry] INFO: Registered backend: DUNE-fem (dune)
2026-08-16 16:56:31,484 [oasis.dune] INFO: DUNE-fem backend registered
2026-08-16 16:56:31,489 [oasis.registry] INFO: Registered backend: SPARTA (DSMC) (sparta)
2026-08-16 16:56:31,489 [oasis.sparta] INFO: SPARTA (DSMC) backend registered
2026-08-16 16:56:31,489 [oasis] INFO: Starting OASiS MCP server
2026-08-16 16:56:31,496 [mcp.server.lowlevel.server] INFO: Processing request of type CallToolRequest
2026-08-16 16:56:32,249 [mcp.server.lowlevel.server] INFO: Processing request of type ListToolsRequest
2026-08-16 16:56:32,256 [oasis] INFO: Session journal saved: /home/alexander/Schreibtisch/ofa-v2/data/sessions/session_352695ad-c3e9-4ab8-a39f-c27988718bc8.json (2 events)
2026-08-16 16:57:13,421 [oasis.registry] INFO: Loaded discovered config: 5 backends
2026-08-16 16:57:13,422 [oasis.registry] INFO: Registered backend: 4C Multiphysics (fourc)
2026-08-16 16:57:13,422 [oasis.registry] INFO: Registered backend: FEniCSx (dolfinx) (fenics)
2026-08-16 16:57:13,423 [oasis.registry] INFO: Registered backend: deal.II (dealii)
2026-08-16 16:57:13,427 [oasis.registry] INFO: Registered backend: FEBio (febio)
2026-08-16 16:57:13,429 [oasis.registry] INFO: Registered backend: NGSolve (ngsolve)
2026-08-16 16:57:13,429 [oasis.ngsolve] INFO: NGSolve backend registered
2026-08-16 16:57:13,432 [oasis.registry] INFO: Registered backend: scikit-fem (skfem)
2026-08-16 16:57:13,432 [oasis.skfem] INFO: scikit-fem backend registered
2026-08-16 16:57:13,435 [oasis.registry] INFO: Registered backend: Kratos Multiphysics (kratos)
2026-08-16 16:57:13,435 [oasis.kratos] INFO: Kratos Multiphysics backend registered
2026-08-16 16:57:13,438 [oasis.registry] INFO: Registered backend: DUNE-fem (dune)
2026-08-16 16:57:13,438 [oasis.dune] INFO: DUNE-fem backend registered
2026-08-16 16:57:13,443 [oasis.registry] INFO: Registered backend: SPARTA (DSMC) (sparta)
2026-08-16 16:57:13,443 [oasis.sparta] INFO: SPARTA (DSMC) backend registered
2026-08-16 16:57:13,443 [oasis] INFO: Starting OASiS MCP server
2026-08-16 16:57:13,450 [mcp.server.lowlevel.server] INFO: Processing request of type CallToolRequest
2026-08-16 16:57:14,197 [mcp.server.lowlevel.server] INFO: Processing request of type ListToolsRequest
2026-08-16 16:57:14,204 [oasis] INFO: Session journal saved: /home/alexander/Schreibtisch/ofa-v2/data/sessions/session_bd36260b-36e9-47e3-b22a-a39fa4a29ac2.json (2 events)
2026-08-16 16:57:19,424 [oasis.registry] INFO: Loaded discovered config: 5 backends
2026-08-16 16:57:19,425 [oasis.registry] INFO: Registered backend: 4C Multiphysics (fourc)
2026-08-16 16:57:19,426 [oasis.registry] INFO: Registered backend: FEniCSx (dolfinx) (fenics)
2026-08-16 16:57:19,426 [oasis.registry] INFO: Registered backend: deal.II (dealii)
2026-08-16 16:57:19,430 [oasis.registry] INFO: Registered backend: FEBio (febio)
2026-08-16 16:57:19,432 [oasis.registry] INFO: Registered backend: NGSolve (ngsolve)
2026-08-16 16:57:19,432 [oasis.ngsolve] INFO: NGSolve backend registered
2026-08-16 16:57:19,435 [oasis.registry] INFO: Registered backend: scikit-fem (skfem)
2026-08-16 16:57:19,435 [oasis.skfem] INFO: scikit-fem backend registered
2026-08-16 16:57:19,439 [oasis.registry] INFO: Registered backend: Kratos Multiphysics (kratos)
2026-08-16 16:57:19,439 [oasis.kratos] INFO: Kratos Multiphysics backend registered
2026-08-16 16:57:19,441 [oasis.registry] INFO: Registered backend: DUNE-fem (dune)
2026-08-16 16:57:19,441 [oasis.dune] INFO: DUNE-fem backend registered
2026-08-16 16:57:19,446 [oasis.registry] INFO: Registered backend: SPARTA (DSMC) (sparta)
2026-08-16 16:57:19,446 [oasis.sparta] INFO: SPARTA (DSMC) backend registered
2026-08-16 16:57:19,446 [oasis] INFO: Starting OASiS MCP server
2026-08-16 16:57:19,454 [mcp.server.lowlevel.server] INFO: Processing request of type CallToolRequest
2026-08-16 16:57:20,515 [mcp.server.lowlevel.server] INFO: Processing request of type ListToolsRequest
2026-08-16 16:57:20,523 [oasis] INFO: Session journal saved: /home/alexander/Schreibtisch/ofa-v2/data/sessions/session_c80eaffb-3f6f-4a00-a51a-5f8e96b13db6.json (2 events)
2026-08-16 16:58:38,843 [oasis.registry] INFO: Loaded discovered config: 5 backends
2026-08-16 16:58:38,844 [oasis.registry] INFO: Registered backend: 4C Multiphysics (fourc)
2026-08-16 16:58:38,844 [oasis.registry] INFO: Registered backend: FEniCSx (dolfinx) (fenics)
2026-08-16 16:58:38,845 [oasis.registry] INFO: Registered backend: deal.II (dealii)
2026-08-16 16:58:38,849 [oasis.registry] INFO: Registered backend: FEBio (febio)
2026-08-16 16:58:38,851 [oasis.registry] INFO: Registered backend: NGSolve (ngsolve)
2026-08-16 16:58:38,851 [oasis.ngsolve] INFO: NGSolve backend registered
2026-08-16 16:58:38,854 [oasis.registry] INFO: Registered backend: scikit-fem (skfem)
2026-08-16 16:58:38,854 [oasis.skfem] INFO: scikit-fem backend registered
2026-08-16 16:58:38,857 [oasis.registry] INFO: Registered backend: Kratos Multiphysics (kratos)
2026-08-16 16:58:38,857 [oasis.kratos] INFO: Kratos Multiphysics backend registered
2026-08-16 16:58:38,860 [oasis.registry] INFO: Registered backend: DUNE-fem (dune)
2026-08-16 16:58:38,860 [oasis.dune] INFO: DUNE-fem backend registered
2026-08-16 16:58:38,865 [oasis.registry] INFO: Registered backend: SPARTA (DSMC) (sparta)
2026-08-16 16:58:38,865 [oasis.sparta] INFO: SPARTA (DSMC) backend registered
2026-08-16 16:58:38,865 [oasis] INFO: Starting OASiS MCP server
2026-08-16 16:58:38,873 [mcp.server.lowlevel.server] INFO: Processing request of type CallToolRequest
2026-08-16 16:58:40,027 [mcp.server.lowlevel.server] INFO: Processing request of type ListToolsRequest
2026-08-16 16:58:40,035 [oasis] INFO: Session journal saved: /home/alexander/Schreibtisch/ofa-v2/data/sessions/session_bd2dd1f1-149c-43ca-a3e4-15207a0af6ad.json (2 events)
2026-08-16 16:59:54,714 [oasis.registry] INFO: Loaded discovered config: 5 backends
2026-08-16 16:59:54,715 [oasis.registry] INFO: Registered backend: 4C Multiphysics (fourc)
2026-08-16 16:59:54,716 [oasis.registry] INFO: Registered backend: FEniCSx (dolfinx) (fenics)
2026-08-16 16:59:54,716 [oasis.registry] INFO: Registered backend: deal.II (dealii)
2026-08-16 16:59:54,720 [oasis.registry] INFO: Registered backend: FEBio (febio)
2026-08-16 16:59:54,722 [oasis.registry] INFO: Registered backend: NGSolve (ngsolve)
2026-08-16 16:59:54,722 [oasis.ngsolve] INFO: NGSolve backend registered
2026-08-16 16:59:54,725 [oasis.registry] INFO: Registered backend: scikit-fem (skfem)
2026-08-16 16:59:54,725 [oasis.skfem] INFO: scikit-fem backend registered
2026-08-16 16:59:54,728 [oasis.registry] INFO: Registered backend: Kratos Multiphysics (kratos)
2026-08-16 16:59:54,728 [oasis.kratos] INFO: Kratos Multiphysics backend registered
2026-08-16 16:59:54,731 [oasis.registry] INFO: Registered backend: DUNE-fem (dune)
2026-08-16 16:59:54,731 [oasis.dune] INFO: DUNE-fem backend registered
2026-08-16 16:59:54,736 [oasis.registry] INFO: Registered backend: SPARTA (DSMC) (sparta)
2026-08-16 16:59:54,736 [oasis.sparta] INFO: SPARTA (DSMC) backend registered
2026-08-16 16:59:54,736 [oasis] INFO: Starting OASiS MCP server
2026-08-16 16:59:54,744 [mcp.server.lowlevel.server] INFO: Processing request of type CallToolRequest
2026-08-16 16:59:55,803 [mcp.server.lowlevel.server] INFO: Processing request of type ListToolsRequest
2026-08-16 16:59:55,811 [oasis] INFO: Session journal saved: /home/alexander/Schreibtisch/ofa-v2/data/sessions/session_df8188bd-2334-4ed3-8b4e-0dc23f3e012a.json (2 events)
[preflight] custody controls verified for 1 problem(s); keys sealed and unreadable by execution
[phase: development] results are for post-mortems and convergence checking, NOT for the paper's evaluation table.
[DL1 27b MCP s1] done  calls=75 tok=7352525/92076 1941.6s
/home/alexander/Schreibtisch/ofa-v2/campaign3_blind/run_blind.py:571: ResourceWarning: unclosed file <_io.TextIOWrapper name='/home/alexander/Schreibtisch/ofa-v2/campaign3_blind/runs/DL1_27b_MCP_seed1/work/trajectory_live.txt' mode='a' encoding='utf-8'>
  run_one(pid, a.model, cond, a.seed, a.timeout)
ResourceWarning: Enable tracemalloc to get the object allocation traceback
/home/alexander/.local/share/python/cpython-3.12.13-linux-x86_64-gnu/lib/python3.12/asyncio/selector_events.py:879: ResourceWarning: unclosed transport <_SelectorSocketTransport fd=8>
<<< cell DL1 done 2026-08-16 17:00:44
2026-08-16 17:01:16,619 [oasis.registry] INFO: Loaded discovered config: 5 backends
2026-08-16 17:01:16,620 [oasis.registry] INFO: Registered backend: 4C Multiphysics (fourc)
2026-08-16 17:01:16,621 [oasis.registry] INFO: Registered backend: FEniCSx (dolfinx) (fenics)
2026-08-16 17:01:16,621 [oasis.registry] INFO: Registered backend: deal.II (dealii)
2026-08-16 17:01:16,625 [oasis.registry] INFO: Registered backend: FEBio (febio)
2026-08-16 17:01:16,627 [oasis.registry] INFO: Registered backend: NGSolve (ngsolve)
2026-08-16 17:01:16,627 [oasis.ngsolve] INFO: NGSolve backend registered
2026-08-16 17:01:16,630 [oasis.registry] INFO: Registered backend: scikit-fem (skfem)
2026-08-16 17:01:16,630 [oasis.skfem] INFO: scikit-fem backend registered
2026-08-16 17:01:16,634 [oasis.registry] INFO: Registered backend: Kratos Multiphysics (kratos)
2026-08-16 17:01:16,634 [oasis.kratos] INFO: Kratos Multiphysics backend registered
2026-08-16 17:01:16,636 [oasis.registry] INFO: Registered backend: DUNE-fem (dune)
2026-08-16 17:01:16,636 [oasis.dune] INFO: DUNE-fem backend registered
2026-08-16 17:01:16,641 [oasis.registry] INFO: Registered backend: SPARTA (DSMC) (sparta)
2026-08-16 17:01:16,641 [oasis.sparta] INFO: SPARTA (DSMC) backend registered
2026-08-16 17:01:16,641 [oasis] INFO: Starting OASiS MCP server
2026-08-16 17:01:16,649 [mcp.server.lowlevel.server] INFO: Processing request of type CallToolRequest
2026-08-16 17:01:17,703 [mcp.server.lowlevel.server] INFO: Processing request of type ListToolsRequest
2026-08-16 17:01:17,711 [oasis] INFO: Session journal saved: /home/alexander/Schreibtisch/ofa-v2/data/sessions/session_5e05eaad-75af-4ced-b564-35e0ebc34c02.json (2 events)
2026-08-16 17:02:23,633 [oasis.registry] INFO: Loaded discovered config: 5 backends
2026-08-16 17:02:23,634 [oasis.registry] INFO: Registered backend: 4C Multiphysics (fourc)
2026-08-16 17:02:23,634 [oasis.registry] INFO: Registered backend: FEniCSx (dolfinx) (fenics)
2026-08-16 17:02:23,635 [oasis.registry] INFO: Registered backend: deal.II (dealii)
2026-08-16 17:02:23,639 [oasis.registry] INFO: Registered backend: FEBio (febio)
2026-08-16 17:02:23,641 [oasis.registry] INFO: Registered backend: NGSolve (ngsolve)
2026-08-16 17:02:23,641 [oasis.ngsolve] INFO: NGSolve backend registered
2026-08-16 17:02:23,644 [oasis.registry] INFO: Registered backend: scikit-fem (skfem)
2026-08-16 17:02:23,644 [oasis.skfem] INFO: scikit-fem backend registered
2026-08-16 17:02:23,647 [oasis.registry] INFO: Registered backend: Kratos Multiphysics (kratos)
2026-08-16 17:02:23,647 [oasis.kratos] INFO: Kratos Multiphysics backend registered
2026-08-16 17:02:23,650 [oasis.registry] INFO: Registered backend: DUNE-fem (dune)
2026-08-16 17:02:23,650 [oasis.dune] INFO: DUNE-fem backend registered
2026-08-16 17:02:23,655 [oasis.registry] INFO: Registered backend: SPARTA (DSMC) (sparta)
2026-08-16 17:02:23,655 [oasis.sparta] INFO: SPARTA (DSMC) backend registered
2026-08-16 17:02:23,655 [oasis] INFO: Starting OASiS MCP server
2026-08-16 17:02:23,663 [mcp.server.lowlevel.server] INFO: Processing request of type CallToolRequest
2026-08-16 17:02:24,708 [mcp.server.lowlevel.server] INFO: Processing request of type ListToolsRequest
2026-08-16 17:02:24,713 [oasis] INFO: Session journal saved: /home/alexander/Schreibtisch/ofa-v2/data/sessions/session_f1094eb4-de89-4d77-a893-0aa582e165c9.json (2 events)
2026-08-16 17:03:29,792 [oasis.registry] INFO: Loaded discovered config: 5 backends
2026-08-16 17:03:29,793 [oasis.registry] INFO: Registered backend: 4C Multiphysics (fourc)
2026-08-16 17:03:29,796 [oasis.registry] INFO: Registered backend: FEniCSx (dolfinx) (fenics)
2026-08-16 17:03:29,797 [oasis.registry] INFO: Registered backend: deal.II (dealii)
2026-08-16 17:03:29,800 [oasis.registry] INFO: Registered backend: FEBio (febio)
2026-08-16 17:03:29,803 [oasis.registry] INFO: Registered backend: NGSolve (ngsolve)
2026-08-16 17:03:29,803 [oasis.ngsolve] INFO: NGSolve backend registered
2026-08-16 17:03:29,805 [oasis.registry] INFO: Registered backend: scikit-fem (skfem)
2026-08-16 17:03:29,805 [oasis.skfem] INFO: scikit-fem backend registered
2026-08-16 17:03:29,809 [oasis.registry] INFO: Registered backend: Kratos Multiphysics (kratos)
2026-08-16 17:03:29,809 [oasis.kratos] INFO: Kratos Multiphysics backend registered
2026-08-16 17:03:29,812 [oasis.registry] INFO: Registered backend: DUNE-fem (dune)
2026-08-16 17:03:29,812 [oasis.dune] INFO: DUNE-fem backend registered
2026-08-16 17:03:29,817 [oasis.registry] INFO: Registered backend: SPARTA (DSMC) (sparta)
2026-08-16 17:03:29,817 [oasis.sparta] INFO: SPARTA (DSMC) backend registered
2026-08-16 17:03:29,817 [oasis] INFO: Starting OASiS MCP server
2026-08-16 17:03:29,825 [mcp.server.lowlevel.server] INFO: Processing request of type CallToolRequest
2026-08-16 17:03:30,880 [mcp.server.lowlevel.server] INFO: Processing request of type ListToolsRequest
2026-08-16 17:03:30,888 [oasis] INFO: Session journal saved: /home/alexander/Schreibtisch/ofa-v2/data/sessions/session_cf9757cd-a3d0-4aeb-add5-49a01032d69c.json (2 events)
[preflight] custody controls verified for 1 problem(s); keys sealed and unreadable by execution
[phase: development] results are for post-mortems and convergence checking, NOT for the paper's evaluation table.
[FE2 27b BARE s1] done  calls=119 tok=10452205/142584 2214.4s
2026-08-16 17:04:24,222 [oasis.registry] INFO: Loaded discovered config: 5 backends
2026-08-16 17:04:24,223 [oasis.registry] INFO: Registered backend: 4C Multiphysics (fourc)
2026-08-16 17:04:24,224 [oasis.registry] INFO: Registered backend: FEniCSx (dolfinx) (fenics)
2026-08-16 17:04:24,224 [oasis.registry] INFO: Registered backend: deal.II (dealii)
2026-08-16 17:04:24,228 [oasis.registry] INFO: Registered backend: FEBio (febio)
2026-08-16 17:04:24,230 [oasis.registry] INFO: Registered backend: NGSolve (ngsolve)
2026-08-16 17:04:24,230 [oasis.ngsolve] INFO: NGSolve backend registered
2026-08-16 17:04:24,233 [oasis.registry] INFO: Registered backend: scikit-fem (skfem)
2026-08-16 17:04:24,233 [oasis.skfem] INFO: scikit-fem backend registered
2026-08-16 17:04:24,237 [oasis.registry] INFO: Registered backend: Kratos Multiphysics (kratos)
2026-08-16 17:04:24,237 [oasis.kratos] INFO: Kratos Multiphysics backend registered
2026-08-16 17:04:24,239 [oasis.registry] INFO: Registered backend: DUNE-fem (dune)
2026-08-16 17:04:24,239 [oasis.dune] INFO: DUNE-fem backend registered
2026-08-16 17:04:24,244 [oasis.registry] INFO: Registered backend: SPARTA (DSMC) (sparta)
2026-08-16 17:04:24,244 [oasis.sparta] INFO: SPARTA (DSMC) backend registered
2026-08-16 17:04:24,244 [oasis] INFO: Starting OASiS MCP server
2026-08-16 17:04:24,252 [mcp.server.lowlevel.server] INFO: Processing request of type ListToolsRequest
2026-08-16 17:04:37,618 [oasis.registry] INFO: Loaded discovered config: 5 backends
2026-08-16 17:04:37,619 [oasis.registry] INFO: Registered backend: 4C Multiphysics (fourc)
2026-08-16 17:04:37,620 [oasis.registry] INFO: Registered backend: FEniCSx (dolfinx) (fenics)
2026-08-16 17:04:37,620 [oasis.registry] INFO: Registered backend: deal.II (dealii)
2026-08-16 17:04:37,624 [oasis.registry] INFO: Registered backend: FEBio (febio)
2026-08-16 17:04:37,625 [oasis.registry] INFO: Loaded discovered config: 5 backends
2026-08-16 17:04:37,626 [oasis.registry] INFO: Registered backend: 4C Multiphysics (fourc)
2026-08-16 17:04:37,627 [oasis.registry] INFO: Registered backend: NGSolve (ngsolve)
2026-08-16 17:04:37,627 [oasis.ngsolve] INFO: NGSolve backend registered
2026-08-16 17:04:37,627 [oasis.registry] INFO: Registered backend: FEniCSx (dolfinx) (fenics)
2026-08-16 17:04:37,627 [oasis.registry] INFO: Registered backend: deal.II (dealii)
2026-08-16 17:04:37,629 [oasis.registry] INFO: Registered backend: scikit-fem (skfem)
2026-08-16 17:04:37,629 [oasis.skfem] INFO: scikit-fem backend registered
2026-08-16 17:04:37,631 [oasis.registry] INFO: Registered backend: FEBio (febio)
2026-08-16 17:04:37,633 [oasis.registry] INFO: Registered backend: Kratos Multiphysics (kratos)
2026-08-16 17:04:37,633 [oasis.kratos] INFO: Kratos Multiphysics backend registered
2026-08-16 17:04:37,634 [oasis.registry] INFO: Registered backend: NGSolve (ngsolve)
2026-08-16 17:04:37,634 [oasis.ngsolve] INFO: NGSolve backend registered
2026-08-16 17:04:37,636 [oasis.registry] INFO: Registered backend: DUNE-fem (dune)
2026-08-16 17:04:37,636 [oasis.dune] INFO: DUNE-fem backend registered
2026-08-16 17:04:37,636 [oasis.registry] INFO: Registered backend: scikit-fem (skfem)
2026-08-16 17:04:37,636 [oasis.skfem] INFO: scikit-fem backend registered
2026-08-16 17:04:37,640 [oasis.registry] INFO: Registered backend: Kratos Multiphysics (kratos)
2026-08-16 17:04:37,640 [oasis.kratos] INFO: Kratos Multiphysics backend registered
2026-08-16 17:04:37,641 [oasis.registry] INFO: Registered backend: SPARTA (DSMC) (sparta)
2026-08-16 17:04:37,641 [oasis.sparta] INFO: SPARTA (DSMC) backend registered
2026-08-16 17:04:37,641 [oasis] INFO: Starting OASiS MCP server
2026-08-16 17:04:37,643 [oasis.registry] INFO: Registered backend: DUNE-fem (dune)
2026-08-16 17:04:37,643 [oasis.dune] INFO: DUNE-fem backend registered
2026-08-16 17:04:37,648 [oasis.registry] INFO: Registered backend: SPARTA (DSMC) (sparta)
2026-08-16 17:04:37,648 [oasis.sparta] INFO: SPARTA (DSMC) backend registered
2026-08-16 17:04:37,648 [oasis] INFO: Starting OASiS MCP server
2026-08-16 17:04:37,649 [mcp.server.lowlevel.server] INFO: Processing request of type CallToolRequest
2026-08-16 17:04:37,656 [mcp.server.lowlevel.server] INFO: Processing request of type CallToolRequest
2026-08-16 17:04:38,130 [mcp.server.lowlevel.server] INFO: Processing request of type ListToolsRequest
2026-08-16 17:04:38,138 [oasis] INFO: Session journal saved: /home/alexander/Schreibtisch/ofa-v2/data/sessions/session_c5757617-20f3-44e5-8932-f18c9658e8de.json (1 events)
2026-08-16 17:04:41,843 [mcp.server.lowlevel.server] INFO: Processing request of type ListToolsRequest
2026-08-16 17:04:41,850 [oasis] INFO: Session journal saved: /home/alexander/Schreibtisch/ofa-v2/data/sessions/session_4f172ce9-b251-4733-b56a-1e55d7605027.json (1 events)
2026-08-16 17:04:42,378 [oasis.registry] INFO: Loaded discovered config: 5 backends
2026-08-16 17:04:42,379 [oasis.registry] INFO: Registered backend: 4C Multiphysics (fourc)
2026-08-16 17:04:42,380 [oasis.registry] INFO: Registered backend: FEniCSx (dolfinx) (fenics)
2026-08-16 17:04:42,380 [oasis.registry] INFO: Registered backend: deal.II (dealii)
2026-08-16 17:04:42,384 [oasis.registry] INFO: Registered backend: FEBio (febio)
2026-08-16 17:04:42,386 [oasis.registry] INFO: Registered backend: NGSolve (ngsolve)
2026-08-16 17:04:42,386 [oasis.ngsolve] INFO: NGSolve backend registered
2026-08-16 17:04:42,389 [oasis.registry] INFO: Registered backend: scikit-fem (skfem)
2026-08-16 17:04:42,389 [oasis.skfem] INFO: scikit-fem backend registered
2026-08-16 17:04:42,393 [oasis.registry] INFO: Registered backend: Kratos Multiphysics (kratos)
2026-08-16 17:04:42,393 [oasis.kratos] INFO: Kratos Multiphysics backend registered
2026-08-16 17:04:42,395 [oasis.registry] INFO: Registered backend: DUNE-fem (dune)
2026-08-16 17:04:42,395 [oasis.dune] INFO: DUNE-fem backend registered
2026-08-16 17:04:42,400 [oasis.registry] INFO: Registered backend: SPARTA (DSMC) (sparta)
2026-08-16 17:04:42,400 [oasis.sparta] INFO: SPARTA (DSMC) backend registered
2026-08-16 17:04:42,400 [oasis] INFO: Starting OASiS MCP server
2026-08-16 17:04:42,408 [mcp.server.lowlevel.server] INFO: Processing request of type CallToolRequest
2026-08-16 17:04:43,444 [mcp.server.lowlevel.server] INFO: Processing request of type ListToolsRequest
2026-08-16 17:04:43,452 [oasis] INFO: Session journal saved: /home/alexander/Schreibtisch/ofa-v2/data/sessions/session_7baf81b2-4665-40c4-aa44-be00a879d666.json (2 events)
2026-08-16 17:04:52,943 [oasis.registry] INFO: Loaded discovered config: 5 backends
2026-08-16 17:04:52,944 [oasis.registry] INFO: Registered backend: 4C Multiphysics (fourc)
2026-08-16 17:04:52,944 [oasis.registry] INFO: Registered backend: FEniCSx (dolfinx) (fenics)
2026-08-16 17:04:52,945 [oasis.registry] INFO: Registered backend: deal.II (dealii)
2026-08-16 17:04:52,948 [oasis.registry] INFO: Registered backend: FEBio (febio)
2026-08-16 17:04:52,951 [oasis.registry] INFO: Registered backend: NGSolve (ngsolve)
2026-08-16 17:04:52,951 [oasis.ngsolve] INFO: NGSolve backend registered
2026-08-16 17:04:52,953 [oasis.registry] INFO: Registered backend: scikit-fem (skfem)
2026-08-16 17:04:52,953 [oasis.skfem] INFO: scikit-fem backend registered
2026-08-16 17:04:52,957 [oasis.registry] INFO: Registered backend: Kratos Multiphysics (kratos)
2026-08-16 17:04:52,957 [oasis.kratos] INFO: Kratos Multiphysics backend registered
2026-08-16 17:04:52,960 [oasis.registry] INFO: Registered backend: DUNE-fem (dune)
2026-08-16 17:04:52,960 [oasis.dune] INFO: DUNE-fem backend registered
2026-08-16 17:04:52,965 [oasis.registry] INFO: Registered backend: SPARTA (DSMC) (sparta)
2026-08-16 17:04:52,965 [oasis.sparta] INFO: SPARTA (DSMC) backend registered
2026-08-16 17:04:52,965 [oasis] INFO: Starting OASiS MCP server
2026-08-16 17:04:52,973 [mcp.server.lowlevel.server] INFO: Processing request of type CallToolRequest
2026-08-16 17:05:50,459 [oasis.registry] INFO: Loaded discovered config: 5 backends
2026-08-16 17:05:50,460 [oasis.registry] INFO: Registered backend: 4C Multiphysics (fourc)
2026-08-16 17:05:50,461 [oasis.registry] INFO: Registered backend: FEniCSx (dolfinx) (fenics)
2026-08-16 17:05:50,462 [oasis.registry] INFO: Registered backend: deal.II (dealii)
2026-08-16 17:05:50,465 [oasis.registry] INFO: Registered backend: FEBio (febio)
2026-08-16 17:05:50,468 [oasis.registry] INFO: Registered backend: NGSolve (ngsolve)
2026-08-16 17:05:50,468 [oasis.ngsolve] INFO: NGSolve backend registered
2026-08-16 17:05:50,470 [oasis.registry] INFO: Registered backend: scikit-fem (skfem)
2026-08-16 17:05:50,470 [oasis.skfem] INFO: scikit-fem backend registered
2026-08-16 17:05:50,474 [oasis.registry] INFO: Registered backend: Kratos Multiphysics (kratos)
2026-08-16 17:05:50,474 [oasis.kratos] INFO: Kratos Multiphysics backend registered
2026-08-16 17:05:50,477 [oasis.registry] INFO: Registered backend: DUNE-fem (dune)
2026-08-16 17:05:50,477 [oasis.dune] INFO: DUNE-fem backend registered
2026-08-16 17:05:50,482 [oasis.registry] INFO: Registered backend: SPARTA (DSMC) (sparta)
2026-08-16 17:05:50,482 [oasis.sparta] INFO: SPARTA (DSMC) backend registered
2026-08-16 17:05:50,482 [oasis] INFO: Starting OASiS MCP server
2026-08-16 17:05:50,490 [mcp.server.lowlevel.server] INFO: Processing request of type CallToolRequest
2026-08-16 17:05:51,685 [mcp.server.lowlevel.server] INFO: Processing request of type ListToolsRequest
2026-08-16 17:05:51,691 [oasis] INFO: Session journal saved: /home/alexander/Schreibtisch/ofa-v2/data/sessions/session_2d76dfba-7a4c-4be9-9953-10d0651f08d4.json (2 events)
2026-08-16 17:06:27,530 [mcp.server.lowlevel.server] INFO: Processing request of type ListToolsRequest
2026-08-16 17:06:27,537 [oasis] INFO: Session journal saved: /home/alexander/Schreibtisch/ofa-v2/data/sessions/session_a68bd7ec-a1bc-4df0-b926-42d120e0ff7c.json (1 events)
/home/alexander/Schreibtisch/ofa-v2/langgraph_eval/agent.py:215: RuntimeWarning: This package (`duckduckgo_search`) has been renamed to `ddgs`! Use `pip install ddgs` instead.
  with DDGS() as ddgs:
/home/alexander/Schreibtisch/ofa-v2/langgraph_eval/agent.py:215: RuntimeWarning: This package (`duckduckgo_search`) has been renamed to `ddgs`! Use `pip install ddgs` instead.
  with DDGS() as ddgs:
/home/alexander/Schreibtisch/ofa-v2/langgraph_eval/agent.py:215: RuntimeWarning: This package (`duckduckgo_search`) has been renamed to `ddgs`! Use `pip install ddgs` instead.
  with DDGS() as ddgs:
2026-08-16 17:06:59,381 [oasis.registry] INFO: Loaded discovered config: 5 backends
2026-08-16 17:06:59,382 [oasis.registry] INFO: Registered backend: 4C Multiphysics (fourc)
2026-08-16 17:06:59,383 [oasis.registry] INFO: Registered backend: FEniCSx (dolfinx) (fenics)
2026-08-16 17:06:59,383 [oasis.registry] INFO: Registered backend: deal.II (dealii)
2026-08-16 17:06:59,387 [oasis.registry] INFO: Registered backend: FEBio (febio)
2026-08-16 17:06:59,389 [oasis.registry] INFO: Registered backend: NGSolve (ngsolve)
2026-08-16 17:06:59,389 [oasis.ngsolve] INFO: NGSolve backend registered
2026-08-16 17:06:59,392 [oasis.registry] INFO: Registered backend: scikit-fem (skfem)
2026-08-16 17:06:59,392 [oasis.skfem] INFO: scikit-fem backend registered
2026-08-16 17:06:59,396 [oasis.registry] INFO: Registered backend: Kratos Multiphysics (kratos)
2026-08-16 17:06:59,396 [oasis.kratos] INFO: Kratos Multiphysics backend registered
2026-08-16 17:06:59,398 [oasis.registry] INFO: Registered backend: DUNE-fem (dune)
2026-08-16 17:06:59,398 [oasis.dune] INFO: DUNE-fem backend registered
2026-08-16 17:06:59,403 [oasis.registry] INFO: Registered backend: SPARTA (DSMC) (sparta)
2026-08-16 17:06:59,403 [oasis.sparta] INFO: SPARTA (DSMC) backend registered
2026-08-16 17:06:59,403 [oasis] INFO: Starting OASiS MCP server
2026-08-16 17:06:59,411 [mcp.server.lowlevel.server] INFO: Processing request of type CallToolRequest
2026-08-16 17:07:30,820 [oasis.registry] INFO: Loaded discovered config: 5 backends
2026-08-16 17:07:30,821 [oasis.registry] INFO: Registered backend: 4C Multiphysics (fourc)
2026-08-16 17:07:30,821 [oasis.registry] INFO: Registered backend: FEniCSx (dolfinx) (fenics)
2026-08-16 17:07:30,822 [oasis.registry] INFO: Registered backend: deal.II (dealii)
2026-08-16 17:07:30,826 [oasis.registry] INFO: Registered backend: FEBio (febio)
2026-08-16 17:07:30,828 [oasis.registry] INFO: Registered backend: NGSolve (ngsolve)
2026-08-16 17:07:30,828 [oasis.ngsolve] INFO: NGSolve backend registered
2026-08-16 17:07:30,831 [oasis.registry] INFO: Registered backend: scikit-fem (skfem)
2026-08-16 17:07:30,831 [oasis.skfem] INFO: scikit-fem backend registered
2026-08-16 17:07:30,834 [oasis.registry] INFO: Registered backend: Kratos Multiphysics (kratos)
2026-08-16 17:07:30,834 [oasis.kratos] INFO: Kratos Multiphysics backend registered
2026-08-16 17:07:30,837 [oasis.registry] INFO: Registered backend: DUNE-fem (dune)
2026-08-16 17:07:30,837 [oasis.dune] INFO: DUNE-fem backend registered
2026-08-16 17:07:30,842 [oasis.registry] INFO: Registered backend: SPARTA (DSMC) (sparta)
2026-08-16 17:07:30,842 [oasis.sparta] INFO: SPARTA (DSMC) backend registered
2026-08-16 17:07:30,842 [oasis] INFO: Starting OASiS MCP server
2026-08-16 17:07:30,850 [mcp.server.lowlevel.server] INFO: Processing request of type CallToolRequest
2026-08-16 17:08:37,092 [mcp.server.lowlevel.server] INFO: Processing request of type ListToolsRequest
2026-08-16 17:08:37,100 [oasis] INFO: Session journal saved: /home/alexander/Schreibtisch/ofa-v2/data/sessions/session_206edb3b-288d-4599-b726-8038ec9a4d06.json (1 events)
2026-08-16 17:08:42,137 [mcp.server.lowlevel.server] INFO: Processing request of type ListToolsRequest
2026-08-16 17:08:42,145 [oasis] INFO: Session journal saved: /home/alexander/Schreibtisch/ofa-v2/data/sessions/session_717f6777-06fc-4b68-9e1c-1f05cfad854b.json (2 events)
[preflight] custody controls verified for 1 problem(s); keys sealed and unreadable by execution
[phase: development] results are for post-mortems and convergence checking, NOT for the paper's evaluation table.
[FE1 27b MCP s1] done  calls=38 tok=4596030/83438 1812.1s
/home/alexander/Schreibtisch/ofa-v2/campaign3_blind/run_blind.py:571: ResourceWarning: unclosed file <_io.TextIOWrapper name='/home/alexander/Schreibtisch/ofa-v2/campaign3_blind/runs/FE1_27b_MCP_seed1/work/trajectory_live.txt' mode='a' encoding='utf-8'>
  run_one(pid, a.model, cond, a.seed, a.timeout)
ResourceWarning: Enable tracemalloc to get the object allocation traceback
/home/alexander/.local/share/python/cpython-3.12.13-linux-x86_64-gnu/lib/python3.12/asyncio/selector_events.py:879: ResourceWarning: unclosed transport <_SelectorSocketTransport fd=8>
<<< cell FE1 done 2026-08-16 17:10:20
/home/alexander/Schreibtisch/ofa-v2/langgraph_eval/agent.py:290: LangGraphDeprecatedSinceV10: create_react_agent has been moved to `langchain.agents`. Please update your import to `from langchain.agents import create_agent`. Deprecated in LangGraph V1.0 to be removed in V2.0.
  sub_agent = create_react_agent(
/home/alexander/Schreibtisch/ofa-v2/langgraph_eval/agent.py:215: RuntimeWarning: This package (`duckduckgo_search`) has been renamed to `ddgs`! Use `pip install ddgs` instead.
  with DDGS() as ddgs:
/home/alexander/Schreibtisch/ofa-v2/langgraph_eval/agent.py:215: RuntimeWarning: This package (`duckduckgo_search`) has been renamed to `ddgs`! Use `pip install ddgs` instead.
  with DDGS() as ddgs:
/home/alexander/Schreibtisch/ofa-v2/langgraph_eval/agent.py:215: RuntimeWarning: This package (`duckduckgo_search`) has been renamed to `ddgs`! Use `pip install ddgs` instead.
  with DDGS() as ddgs:
/home/alexander/Schreibtisch/ofa-v2/langgraph_eval/agent.py:215: RuntimeWarning: This package (`duckduckgo_search`) has been renamed to `ddgs`! Use `pip install ddgs` instead.
  with DDGS() as ddgs:
/home/alexander/Schreibtisch/ofa-v2/langgraph_eval/agent.py:215: RuntimeWarning: This package (`duckduckgo_search`) has been renamed to `ddgs`! Use `pip install ddgs` instead.
  with DDGS() as ddgs:
/home/alexander/Schreibtisch/ofa-v2/langgraph_eval/agent.py:215: RuntimeWarning: This package (`duckduckgo_search`) has been renamed to `ddgs`! Use `pip install ddgs` instead.
  with DDGS() as ddgs:
2026-08-16 17:11:40,935 [oasis.registry] INFO: Loaded discovered config: 5 backends
2026-08-16 17:11:40,936 [oasis.registry] INFO: Registered backend: 4C Multiphysics (fourc)
2026-08-16 17:11:40,936 [oasis.registry] INFO: Registered backend: FEniCSx (dolfinx) (fenics)
2026-08-16 17:11:40,937 [oasis.registry] INFO: Registered backend: deal.II (dealii)
2026-08-16 17:11:40,940 [oasis.registry] INFO: Registered backend: FEBio (febio)
2026-08-16 17:11:40,943 [oasis.registry] INFO: Registered backend: NGSolve (ngsolve)
2026-08-16 17:11:40,943 [oasis.ngsolve] INFO: NGSolve backend registered
2026-08-16 17:11:40,946 [oasis.registry] INFO: Registered backend: scikit-fem (skfem)
2026-08-16 17:11:40,946 [oasis.skfem] INFO: scikit-fem backend registered
2026-08-16 17:11:40,949 [oasis.registry] INFO: Registered backend: Kratos Multiphysics (kratos)
2026-08-16 17:11:40,949 [oasis.kratos] INFO: Kratos Multiphysics backend registered
2026-08-16 17:11:40,952 [oasis.registry] INFO: Registered backend: DUNE-fem (dune)
2026-08-16 17:11:40,952 [oasis.dune] INFO: DUNE-fem backend registered
2026-08-16 17:11:40,957 [oasis.registry] INFO: Registered backend: SPARTA (DSMC) (sparta)
2026-08-16 17:11:40,957 [oasis.sparta] INFO: SPARTA (DSMC) backend registered
2026-08-16 17:11:40,957 [oasis] INFO: Starting OASiS MCP server
2026-08-16 17:11:40,965 [mcp.server.lowlevel.server] INFO: Processing request of type CallToolRequest
2026-08-16 17:13:15,359 [mcp.server.lowlevel.server] INFO: Processing request of type ListToolsRequest
2026-08-16 17:13:15,367 [oasis] INFO: Session journal saved: /home/alexander/Schreibtisch/ofa-v2/data/sessions/session_30297017-d0c2-4965-b394-e9f062e338e7.json (1 events)
2026-08-16 17:13:18,002 [oasis.registry] INFO: Loaded discovered config: 5 backends
2026-08-16 17:13:18,003 [oasis.registry] INFO: Registered backend: 4C Multiphysics (fourc)
2026-08-16 17:13:18,004 [oasis.registry] INFO: Registered backend: FEniCSx (dolfinx) (fenics)
2026-08-16 17:13:18,004 [oasis.registry] INFO: Registered backend: deal.II (dealii)
2026-08-16 17:13:18,008 [oasis.registry] INFO: Registered backend: FEBio (febio)
2026-08-16 17:13:18,011 [oasis.registry] INFO: Registered backend: NGSolve (ngsolve)
2026-08-16 17:13:18,011 [oasis.ngsolve] INFO: NGSolve backend registered
2026-08-16 17:13:18,013 [oasis.registry] INFO: Registered backend: scikit-fem (skfem)
2026-08-16 17:13:18,013 [oasis.skfem] INFO: scikit-fem backend registered
2026-08-16 17:13:18,017 [oasis.registry] INFO: Registered backend: Kratos Multiphysics (kratos)
2026-08-16 17:13:18,017 [oasis.kratos] INFO: Kratos Multiphysics backend registered
2026-08-16 17:13:18,019 [oasis.registry] INFO: Registered backend: DUNE-fem (dune)
2026-08-16 17:13:18,019 [oasis.dune] INFO: DUNE-fem backend registered
2026-08-16 17:13:18,025 [oasis.registry] INFO: Registered backend: SPARTA (DSMC) (sparta)
2026-08-16 17:13:18,025 [oasis.sparta] INFO: SPARTA (DSMC) backend registered
2026-08-16 17:13:18,025 [oasis] INFO: Starting OASiS MCP server
2026-08-16 17:13:18,032 [mcp.server.lowlevel.server] INFO: Processing request of type CallToolRequest
2026-08-16 17:14:52,839 [mcp.server.lowlevel.server] INFO: Processing request of type ListToolsRequest
2026-08-16 17:14:52,846 [oasis] INFO: Session journal saved: /home/alexander/Schreibtisch/ofa-v2/data/sessions/session_1c7c8f33-f99f-42bf-94d8-7846d659d5f0.json (1 events)
2026-08-16 17:14:56,193 [oasis.registry] INFO: Loaded discovered config: 5 backends
2026-08-16 17:14:56,194 [oasis.registry] INFO: Registered backend: 4C Multiphysics (fourc)
2026-08-16 17:14:56,195 [oasis.registry] INFO: Registered backend: FEniCSx (dolfinx) (fenics)
2026-08-16 17:14:56,196 [oasis.registry] INFO: Registered backend: deal.II (dealii)
2026-08-16 17:14:56,199 [oasis.registry] INFO: Registered backend: FEBio (febio)
2026-08-16 17:14:56,202 [oasis.registry] INFO: Registered backend: NGSolve (ngsolve)
2026-08-16 17:14:56,202 [oasis.ngsolve] INFO: NGSolve backend registered
2026-08-16 17:14:56,204 [oasis.registry] INFO: Registered backend: scikit-fem (skfem)
2026-08-16 17:14:56,204 [oasis.skfem] INFO: scikit-fem backend registered
2026-08-16 17:14:56,208 [oasis.registry] INFO: Registered backend: Kratos Multiphysics (kratos)
2026-08-16 17:14:56,208 [oasis.kratos] INFO: Kratos Multiphysics backend registered
2026-08-16 17:14:56,211 [oasis.registry] INFO: Registered backend: DUNE-fem (dune)
2026-08-16 17:14:56,211 [oasis.dune] INFO: DUNE-fem backend registered
2026-08-16 17:14:56,216 [oasis.registry] INFO: Registered backend: SPARTA (DSMC) (sparta)
2026-08-16 17:14:56,216 [oasis.sparta] INFO: SPARTA (DSMC) backend registered
2026-08-16 17:14:56,216 [oasis] INFO: Starting OASiS MCP server
2026-08-16 17:14:56,224 [mcp.server.lowlevel.server] INFO: Processing request of type CallToolRequest
2026-08-16 17:16:30,648 [mcp.server.lowlevel.server] INFO: Processing request of type ListToolsRequest
2026-08-16 17:16:30,655 [oasis] INFO: Session journal saved: /home/alexander/Schreibtisch/ofa-v2/data/sessions/session_a8a2518c-5bd4-4d62-83d1-653e759d91db.json (1 events)
2026-08-16 17:16:34,299 [oasis.registry] INFO: Loaded discovered config: 5 backends
2026-08-16 17:16:34,300 [oasis.registry] INFO: Registered backend: 4C Multiphysics (fourc)
2026-08-16 17:16:34,301 [oasis.registry] INFO: Registered backend: FEniCSx (dolfinx) (fenics)
2026-08-16 17:16:34,301 [oasis.registry] INFO: Registered backend: deal.II (dealii)
2026-08-16 17:16:34,305 [oasis.registry] INFO: Registered backend: FEBio (febio)
2026-08-16 17:16:34,308 [oasis.registry] INFO: Registered backend: NGSolve (ngsolve)
2026-08-16 17:16:34,308 [oasis.ngsolve] INFO: NGSolve backend registered
2026-08-16 17:16:34,310 [oasis.registry] INFO: Registered backend: scikit-fem (skfem)
2026-08-16 17:16:34,310 [oasis.skfem] INFO: scikit-fem backend registered
2026-08-16 17:16:34,314 [oasis.registry] INFO: Registered backend: Kratos Multiphysics (kratos)
2026-08-16 17:16:34,314 [oasis.kratos] INFO: Kratos Multiphysics backend registered
2026-08-16 17:16:34,316 [oasis.registry] INFO: Registered backend: DUNE-fem (dune)
2026-08-16 17:16:34,316 [oasis.dune] INFO: DUNE-fem backend registered
2026-08-16 17:16:34,321 [oasis.registry] INFO: Registered backend: SPARTA (DSMC) (sparta)
2026-08-16 17:16:34,322 [oasis.sparta] INFO: SPARTA (DSMC) backend registered
2026-08-16 17:16:34,322 [oasis] INFO: Starting OASiS MCP server
2026-08-16 17:16:34,330 [mcp.server.lowlevel.server] INFO: Processing request of type CallToolRequest
2026-08-16 17:18:08,075 [mcp.server.lowlevel.server] INFO: Processing request of type ListToolsRequest
2026-08-16 17:18:08,083 [oasis] INFO: Session journal saved: /home/alexander/Schreibtisch/ofa-v2/data/sessions/session_ab627c60-4224-454b-9326-e5218518a887.json (1 events)
2026-08-16 17:18:11,142 [oasis.registry] INFO: Loaded discovered config: 5 backends
2026-08-16 17:18:11,143 [oasis.registry] INFO: Registered backend: 4C Multiphysics (fourc)
2026-08-16 17:18:11,144 [oasis.registry] INFO: Registered backend: FEniCSx (dolfinx) (fenics)
2026-08-16 17:18:11,144 [oasis.registry] INFO: Registered backend: deal.II (dealii)
2026-08-16 17:18:11,148 [oasis.registry] INFO: Registered backend: FEBio (febio)
2026-08-16 17:18:11,150 [oasis.registry] INFO: Registered backend: NGSolve (ngsolve)
2026-08-16 17:18:11,151 [oasis.ngsolve] INFO: NGSolve backend registered
2026-08-16 17:18:11,153 [oasis.registry] INFO: Registered backend: scikit-fem (skfem)
2026-08-16 17:18:11,153 [oasis.skfem] INFO: scikit-fem backend registered
2026-08-16 17:18:11,157 [oasis.registry] INFO: Registered backend: Kratos Multiphysics (kratos)
2026-08-16 17:18:11,157 [oasis.kratos] INFO: Kratos Multiphysics backend registered
2026-08-16 17:18:11,159 [oasis.registry] INFO: Registered backend: DUNE-fem (dune)
2026-08-16 17:18:11,159 [oasis.dune] INFO: DUNE-fem backend registered
2026-08-16 17:18:11,164 [oasis.registry] INFO: Registered backend: SPARTA (DSMC) (sparta)
2026-08-16 17:18:11,164 [oasis.sparta] INFO: SPARTA (DSMC) backend registered
2026-08-16 17:18:11,165 [oasis] INFO: Starting OASiS MCP server
2026-08-16 17:18:11,172 [mcp.server.lowlevel.server] INFO: Processing request of type CallToolRequest
2026-08-16 17:19:45,234 [mcp.server.lowlevel.server] INFO: Processing request of type ListToolsRequest
2026-08-16 17:19:45,242 [oasis] INFO: Session journal saved: /home/alexander/Schreibtisch/ofa-v2/data/sessions/session_d37b1562-6e00-4f94-95c8-ebda4afc5d2e.json (1 events)
[preflight] custody controls verified for 1 problem(s); keys sealed and unreadable by execution
[phase: development] results are for post-mortems and convergence checking, NOT for the paper's evaluation table.
[DL2 27b BARE s1] done  calls=112 tok=5605832/66405 1131.0s
2026-08-16 17:19:51,229 [oasis.registry] INFO: Loaded discovered config: 5 backends
2026-08-16 17:19:51,230 [oasis.registry] INFO: Registered backend: 4C Multiphysics (fourc)
2026-08-16 17:19:51,231 [oasis.registry] INFO: Registered backend: FEniCSx (dolfinx) (fenics)
2026-08-16 17:19:51,231 [oasis.registry] INFO: Registered backend: deal.II (dealii)
2026-08-16 17:19:51,235 [oasis.registry] INFO: Registered backend: FEBio (febio)
2026-08-16 17:19:51,237 [oasis.registry] INFO: Registered backend: NGSolve (ngsolve)
2026-08-16 17:19:51,237 [oasis.ngsolve] INFO: NGSolve backend registered
2026-08-16 17:19:51,240 [oasis.registry] INFO: Registered backend: scikit-fem (skfem)
2026-08-16 17:19:51,240 [oasis.skfem] INFO: scikit-fem backend registered
2026-08-16 17:19:51,244 [oasis.registry] INFO: Registered backend: Kratos Multiphysics (kratos)
2026-08-16 17:19:51,244 [oasis.kratos] INFO: Kratos Multiphysics backend registered
2026-08-16 17:19:51,246 [oasis.registry] INFO: Registered backend: DUNE-fem (dune)
2026-08-16 17:19:51,246 [oasis.dune] INFO: DUNE-fem backend registered
2026-08-16 17:19:51,251 [oasis.registry] INFO: Registered backend: SPARTA (DSMC) (sparta)
2026-08-16 17:19:51,251 [oasis.sparta] INFO: SPARTA (DSMC) backend registered
2026-08-16 17:19:51,251 [oasis] INFO: Starting OASiS MCP server
2026-08-16 17:19:51,259 [mcp.server.lowlevel.server] INFO: Processing request of type ListToolsRequest
2026-08-16 17:19:57,084 [oasis.registry] INFO: Loaded discovered config: 5 backends
2026-08-16 17:19:57,085 [oasis.registry] INFO: Registered backend: 4C Multiphysics (fourc)
2026-08-16 17:19:57,086 [oasis.registry] INFO: Registered backend: FEniCSx (dolfinx) (fenics)
2026-08-16 17:19:57,086 [oasis.registry] INFO: Registered backend: deal.II (dealii)
2026-08-16 17:19:57,090 [oasis.registry] INFO: Registered backend: FEBio (febio)
2026-08-16 17:19:57,092 [oasis.registry] INFO: Registered backend: NGSolve (ngsolve)
2026-08-16 17:19:57,093 [oasis.ngsolve] INFO: NGSolve backend registered
2026-08-16 17:19:57,095 [oasis.registry] INFO: Registered backend: scikit-fem (skfem)
2026-08-16 17:19:57,095 [oasis.skfem] INFO: scikit-fem backend registered
2026-08-16 17:19:57,099 [oasis.registry] INFO: Registered backend: Kratos Multiphysics (kratos)
2026-08-16 17:19:57,099 [oasis.kratos] INFO: Kratos Multiphysics backend registered
2026-08-16 17:19:57,101 [oasis.registry] INFO: Registered backend: DUNE-fem (dune)
2026-08-16 17:19:57,101 [oasis.dune] INFO: DUNE-fem backend registered
2026-08-16 17:19:57,107 [oasis.registry] INFO: Registered backend: SPARTA (DSMC) (sparta)
2026-08-16 17:19:57,107 [oasis.sparta] INFO: SPARTA (DSMC) backend registered
2026-08-16 17:19:57,107 [oasis] INFO: Starting OASiS MCP server
2026-08-16 17:19:57,114 [mcp.server.lowlevel.server] INFO: Processing request of type CallToolRequest
2026-08-16 17:19:59,191 [oasis.registry] INFO: Loaded discovered config: 5 backends
2026-08-16 17:19:59,192 [oasis.registry] INFO: Registered backend: 4C Multiphysics (fourc)
2026-08-16 17:19:59,192 [oasis.registry] INFO: Registered backend: FEniCSx (dolfinx) (fenics)
2026-08-16 17:19:59,193 [oasis.registry] INFO: Registered backend: deal.II (dealii)
2026-08-16 17:19:59,197 [oasis.registry] INFO: Registered backend: FEBio (febio)
2026-08-16 17:19:59,199 [oasis.registry] INFO: Registered backend: NGSolve (ngsolve)
2026-08-16 17:19:59,199 [oasis.ngsolve] INFO: NGSolve backend registered
2026-08-16 17:19:59,202 [oasis.registry] INFO: Registered backend: scikit-fem (skfem)
2026-08-16 17:19:59,202 [oasis.skfem] INFO: scikit-fem backend registered
2026-08-16 17:19:59,205 [oasis.registry] INFO: Registered backend: Kratos Multiphysics (kratos)
2026-08-16 17:19:59,205 [oasis.kratos] INFO: Kratos Multiphysics backend registered
2026-08-16 17:19:59,208 [oasis.registry] INFO: Registered backend: DUNE-fem (dune)
2026-08-16 17:19:59,208 [oasis.dune] INFO: DUNE-fem backend registered
2026-08-16 17:19:59,213 [oasis.registry] INFO: Registered backend: SPARTA (DSMC) (sparta)
2026-08-16 17:19:59,213 [oasis.sparta] INFO: SPARTA (DSMC) backend registered
2026-08-16 17:19:59,213 [oasis] INFO: Starting OASiS MCP server
2026-08-16 17:19:59,221 [mcp.server.lowlevel.server] INFO: Processing request of type CallToolRequest
2026-08-16 17:20:02,829 [mcp.server.lowlevel.server] INFO: Processing request of type ListToolsRequest
2026-08-16 17:20:02,836 [oasis] INFO: Session journal saved: /home/alexander/Schreibtisch/ofa-v2/data/sessions/session_16fb0612-b3d6-491d-9fb1-52f791f5cb9f.json (1 events)
2026-08-16 17:20:10,426 [oasis.registry] INFO: Loaded discovered config: 5 backends
2026-08-16 17:20:10,427 [oasis.registry] INFO: Registered backend: 4C Multiphysics (fourc)
2026-08-16 17:20:10,427 [oasis.registry] INFO: Registered backend: FEniCSx (dolfinx) (fenics)
2026-08-16 17:20:10,428 [oasis.registry] INFO: Registered backend: deal.II (dealii)
2026-08-16 17:20:10,431 [oasis.registry] INFO: Registered backend: FEBio (febio)
2026-08-16 17:20:10,434 [oasis.registry] INFO: Registered backend: NGSolve (ngsolve)
2026-08-16 17:20:10,434 [oasis.ngsolve] INFO: NGSolve backend registered
2026-08-16 17:20:10,436 [oasis.registry] INFO: Registered backend: scikit-fem (skfem)
2026-08-16 17:20:10,437 [oasis.skfem] INFO: scikit-fem backend registered
2026-08-16 17:20:10,440 [oasis.registry] INFO: Registered backend: Kratos Multiphysics (kratos)
2026-08-16 17:20:10,440 [oasis.kratos] INFO: Kratos Multiphysics backend registered
2026-08-16 17:20:10,443 [oasis.registry] INFO: Registered backend: DUNE-fem (dune)
2026-08-16 17:20:10,443 [oasis.dune] INFO: DUNE-fem backend registered
2026-08-16 17:20:10,448 [oasis.registry] INFO: Registered backend: SPARTA (DSMC) (sparta)
2026-08-16 17:20:10,448 [oasis.sparta] INFO: SPARTA (DSMC) backend registered
2026-08-16 17:20:10,448 [oasis] INFO: Starting OASiS MCP server
2026-08-16 17:20:10,456 [mcp.server.lowlevel.server] INFO: Processing request of type CallToolRequest
2026-08-16 17:20:10,463 [mcp.server.lowlevel.server] INFO: Processing request of type ListToolsRequest
/home/alexander/Schreibtisch/ofa-v2/langgraph_eval/agent.py:215: RuntimeWarning: This package (`duckduckgo_search`) has been renamed to `ddgs`! Use `pip install ddgs` instead.
  with DDGS() as ddgs:
2026-08-16 17:20:24,658 [oasis.registry] INFO: Loaded discovered config: 5 backends
2026-08-16 17:20:24,659 [oasis.registry] INFO: Registered backend: 4C Multiphysics (fourc)
2026-08-16 17:20:24,660 [oasis.registry] INFO: Registered backend: FEniCSx (dolfinx) (fenics)
2026-08-16 17:20:24,661 [oasis.registry] INFO: Registered backend: deal.II (dealii)
2026-08-16 17:20:24,665 [oasis.registry] INFO: Registered backend: FEBio (febio)
2026-08-16 17:20:24,668 [oasis.registry] INFO: Registered backend: NGSolve (ngsolve)
2026-08-16 17:20:24,668 [oasis.ngsolve] INFO: NGSolve backend registered
2026-08-16 17:20:24,672 [oasis.registry] INFO: Registered backend: scikit-fem (skfem)
2026-08-16 17:20:24,672 [oasis.skfem] INFO: scikit-fem backend registered
2026-08-16 17:20:24,676 [oasis.registry] INFO: Registered backend: Kratos Multiphysics (kratos)
2026-08-16 17:20:24,676 [oasis.kratos] INFO: Kratos Multiphysics backend registered
2026-08-16 17:20:24,677 [oasis.registry] INFO: Loaded discovered config: 5 backends
2026-08-16 17:20:24,678 [oasis.registry] INFO: Registered backend: 4C Multiphysics (fourc)
2026-08-16 17:20:24,679 [oasis.registry] INFO: Registered backend: FEniCSx (dolfinx) (fenics)
2026-08-16 17:20:24,679 [oasis.registry] INFO: Registered backend: DUNE-fem (dune)
2026-08-16 17:20:24,679 [oasis.dune] INFO: DUNE-fem backend registered
2026-08-16 17:20:24,680 [oasis.registry] INFO: Registered backend: deal.II (dealii)
2026-08-16 17:20:24,684 [oasis.registry] INFO: Registered backend: FEBio (febio)
2026-08-16 17:20:24,686 [oasis.registry] INFO: Registered backend: SPARTA (DSMC) (sparta)
2026-08-16 17:20:24,686 [oasis.sparta] INFO: SPARTA (DSMC) backend registered
2026-08-16 17:20:24,686 [oasis] INFO: Starting OASiS MCP server
2026-08-16 17:20:24,688 [oasis.registry] INFO: Registered backend: NGSolve (ngsolve)
2026-08-16 17:20:24,688 [oasis.ngsolve] INFO: NGSolve backend registered
2026-08-16 17:20:24,691 [oasis.registry] INFO: Registered backend: scikit-fem (skfem)
2026-08-16 17:20:24,691 [oasis.skfem] INFO: scikit-fem backend registered
2026-08-16 17:20:24,695 [oasis.registry] INFO: Registered backend: Kratos Multiphysics (kratos)
2026-08-16 17:20:24,695 [oasis.kratos] INFO: Kratos Multiphysics backend registered
2026-08-16 17:20:24,696 [mcp.server.lowlevel.server] INFO: Processing request of type CallToolRequest
2026-08-16 17:20:24,698 [oasis.registry] INFO: Registered backend: DUNE-fem (dune)
2026-08-16 17:20:24,698 [oasis.dune] INFO: DUNE-fem backend registered
2026-08-16 17:20:24,701 [mcp.server.lowlevel.server] INFO: Processing request of type ListToolsRequest
2026-08-16 17:20:24,704 [oasis.registry] INFO: Registered backend: SPARTA (DSMC) (sparta)
2026-08-16 17:20:24,704 [oasis.sparta] INFO: SPARTA (DSMC) backend registered
2026-08-16 17:20:24,704 [oasis] INFO: Starting OASiS MCP server
2026-08-16 17:20:24,707 [oasis] INFO: Session journal saved: /home/alexander/Schreibtisch/ofa-v2/data/sessions/session_6edfe8a2-3c4a-4058-8ef5-8be81a54e685.json (1 events)
2026-08-16 17:20:24,711 [mcp.server.lowlevel.server] INFO: Processing request of type CallToolRequest
2026-08-16 17:20:24,740 [mcp.server.lowlevel.server] INFO: Processing request of type ListToolsRequest
2026-08-16 17:20:24,744 [oasis] INFO: Session journal saved: /home/alexander/Schreibtisch/ofa-v2/data/sessions/session_e5c88ea0-0fb4-4dbc-a96d-89b9b70c1f4c.json (1 events)
/home/alexander/Schreibtisch/ofa-v2/langgraph_eval/agent.py:215: RuntimeWarning: This package (`duckduckgo_search`) has been renamed to `ddgs`! Use `pip install ddgs` instead.
  with DDGS() as ddgs:
/home/alexander/Schreibtisch/ofa-v2/langgraph_eval/agent.py:215: RuntimeWarning: This package (`duckduckgo_search`) has been renamed to `ddgs`! Use `pip install ddgs` instead.
  with DDGS() as ddgs:
/home/alexander/Schreibtisch/ofa-v2/langgraph_eval/agent.py:215: RuntimeWarning: This package (`duckduckgo_search`) has been renamed to `ddgs`! Use `pip install ddgs` instead.
  with DDGS() as ddgs:
/home/alexander/Schreibtisch/ofa-v2/langgraph_eval/agent.py:215: RuntimeWarning: This package (`duckduckgo_search`) has been renamed to `ddgs`! Use `pip install ddgs` instead.
  with DDGS() as ddgs:
2026-08-16 17:20:30,440 [oasis.registry] INFO: Loaded discovered config: 5 backends
2026-08-16 17:20:30,441 [oasis.registry] INFO: Registered backend: 4C Multiphysics (fourc)
2026-08-16 17:20:30,442 [oasis.registry] INFO: Registered backend: FEniCSx (dolfinx) (fenics)
2026-08-16 17:20:30,443 [oasis.registry] INFO: Registered backend: deal.II (dealii)
2026-08-16 17:20:30,447 [oasis.registry] INFO: Registered backend: FEBio (febio)
2026-08-16 17:20:30,449 [oasis.registry] INFO: Registered backend: NGSolve (ngsolve)
2026-08-16 17:20:30,449 [oasis.ngsolve] INFO: NGSolve backend registered
2026-08-16 17:20:30,452 [oasis.registry] INFO: Registered backend: scikit-fem (skfem)
2026-08-16 17:20:30,452 [oasis.skfem] INFO: scikit-fem backend registered
2026-08-16 17:20:30,456 [oasis.registry] INFO: Registered backend: Kratos Multiphysics (kratos)
2026-08-16 17:20:30,456 [oasis.kratos] INFO: Kratos Multiphysics backend registered
2026-08-16 17:20:30,459 [oasis.registry] INFO: Registered backend: DUNE-fem (dune)
2026-08-16 17:20:30,459 [oasis.dune] INFO: DUNE-fem backend registered
2026-08-16 17:20:30,464 [oasis.registry] INFO: Registered backend: SPARTA (DSMC) (sparta)
2026-08-16 17:20:30,464 [oasis.sparta] INFO: SPARTA (DSMC) backend registered
2026-08-16 17:20:30,464 [oasis] INFO: Starting OASiS MCP server
2026-08-16 17:20:30,473 [mcp.server.lowlevel.server] INFO: Processing request of type CallToolRequest
2026-08-16 17:20:30,501 [mcp.server.lowlevel.server] INFO: Processing request of type ListToolsRequest
2026-08-16 17:20:30,506 [oasis] INFO: Session journal saved: /home/alexander/Schreibtisch/ofa-v2/data/sessions/session_aa0cdfc2-3952-4504-9ef5-e46a86a78d66.json (1 events)
/home/alexander/Schreibtisch/ofa-v2/langgraph_eval/agent.py:215: RuntimeWarning: This package (`duckduckgo_search`) has been renamed to `ddgs`! Use `pip install ddgs` instead.
  with DDGS() as ddgs:
/home/alexander/Schreibtisch/ofa-v2/langgraph_eval/agent.py:215: RuntimeWarning: This package (`duckduckgo_search`) has been renamed to `ddgs`! Use `pip install ddgs` instead.
  with DDGS() as ddgs:
/home/alexander/Schreibtisch/ofa-v2/langgraph_eval/agent.py:215: RuntimeWarning: This package (`duckduckgo_search`) has been renamed to `ddgs`! Use `pip install ddgs` instead.
  with DDGS() as ddgs:
/home/alexander/Schreibtisch/ofa-v2/langgraph_eval/agent.py:215: RuntimeWarning: This package (`duckduckgo_search`) has been renamed to `ddgs`! Use `pip install ddgs` instead.
  with DDGS() as ddgs:
/home/alexander/Schreibtisch/ofa-v2/langgraph_eval/agent.py:215: RuntimeWarning: This package (`duckduckgo_search`) has been renamed to `ddgs`! Use `pip install ddgs` instead.
  with DDGS() as ddgs:
/home/alexander/Schreibtisch/ofa-v2/langgraph_eval/agent.py:215: RuntimeWarning: This package (`duckduckgo_search`) has been renamed to `ddgs`! Use `pip install ddgs` instead.
  with DDGS() as ddgs:
/home/alexander/Schreibtisch/ofa-v2/langgraph_eval/agent.py:215: RuntimeWarning: This package (`duckduckgo_search`) has been renamed to `ddgs`! Use `pip install ddgs` instead.
  with DDGS() as ddgs:
/home/alexander/Schreibtisch/ofa-v2/langgraph_eval/agent.py:215: RuntimeWarning: This package (`duckduckgo_search`) has been renamed to `ddgs`! Use `pip install ddgs` instead.
  with DDGS() as ddgs:
2026-08-16 17:21:31,368 [mcp.server.lowlevel.server] INFO: Processing request of type ListToolsRequest
2026-08-16 17:21:31,376 [oasis] INFO: Session journal saved: /home/alexander/Schreibtisch/ofa-v2/data/sessions/session_cc81a1c2-5f45-4ba6-825e-42bccf957062.json (1 events)
2026-08-16 17:21:34,371 [oasis.registry] INFO: Loaded discovered config: 5 backends
2026-08-16 17:21:34,372 [oasis.registry] INFO: Registered backend: 4C Multiphysics (fourc)
2026-08-16 17:21:34,372 [oasis.registry] INFO: Registered backend: FEniCSx (dolfinx) (fenics)
2026-08-16 17:21:34,373 [oasis.registry] INFO: Registered backend: deal.II (dealii)
2026-08-16 17:21:34,377 [oasis.registry] INFO: Registered backend: FEBio (febio)
2026-08-16 17:21:34,379 [oasis.registry] INFO: Registered backend: NGSolve (ngsolve)
2026-08-16 17:21:34,379 [oasis.ngsolve] INFO: NGSolve backend registered
2026-08-16 17:21:34,382 [oasis.registry] INFO: Registered backend: scikit-fem (skfem)
2026-08-16 17:21:34,382 [oasis.skfem] INFO: scikit-fem backend registered
2026-08-16 17:21:34,386 [oasis.registry] INFO: Registered backend: Kratos Multiphysics (kratos)
2026-08-16 17:21:34,386 [oasis.kratos] INFO: Kratos Multiphysics backend registered
2026-08-16 17:21:34,388 [oasis.registry] INFO: Registered backend: DUNE-fem (dune)
2026-08-16 17:21:34,388 [oasis.dune] INFO: DUNE-fem backend registered
2026-08-16 17:21:34,393 [oasis.registry] INFO: Registered backend: SPARTA (DSMC) (sparta)
2026-08-16 17:21:34,393 [oasis.sparta] INFO: SPARTA (DSMC) backend registered
2026-08-16 17:21:34,393 [oasis] INFO: Starting OASiS MCP server
2026-08-16 17:21:34,401 [mcp.server.lowlevel.server] INFO: Processing request of type CallToolRequest
/home/alexander/Schreibtisch/ofa-v2/langgraph_eval/agent.py:290: LangGraphDeprecatedSinceV10: create_react_agent has been moved to `langchain.agents`. Please update your import to `from langchain.agents import create_agent`. Deprecated in LangGraph V1.0 to be removed in V2.0.
  sub_agent = create_react_agent(
2026-08-16 17:22:06,336 [oasis.registry] INFO: Loaded discovered config: 5 backends
2026-08-16 17:22:06,337 [oasis.registry] INFO: Registered backend: 4C Multiphysics (fourc)
2026-08-16 17:22:06,338 [oasis.registry] INFO: Registered backend: FEniCSx (dolfinx) (fenics)
2026-08-16 17:22:06,338 [oasis.registry] INFO: Registered backend: deal.II (dealii)
2026-08-16 17:22:06,342 [oasis.registry] INFO: Registered backend: FEBio (febio)
2026-08-16 17:22:06,344 [oasis.registry] INFO: Registered backend: NGSolve (ngsolve)
2026-08-16 17:22:06,344 [oasis.ngsolve] INFO: NGSolve backend registered
2026-08-16 17:22:06,345 [oasis.registry] INFO: Loaded discovered config: 5 backends
2026-08-16 17:22:06,346 [oasis.registry] INFO: Registered backend: 4C Multiphysics (fourc)
2026-08-16 17:22:06,346 [oasis.registry] INFO: Registered backend: FEniCSx (dolfinx) (fenics)
2026-08-16 17:22:06,347 [oasis.registry] INFO: Registered backend: deal.II (dealii)
2026-08-16 17:22:06,347 [oasis.registry] INFO: Registered backend: scikit-fem (skfem)
2026-08-16 17:22:06,347 [oasis.skfem] INFO: scikit-fem backend registered
2026-08-16 17:22:06,349 [oasis.registry] INFO: Loaded discovered config: 5 backends
2026-08-16 17:22:06,350 [oasis.registry] INFO: Registered backend: 4C Multiphysics (fourc)
2026-08-16 17:22:06,350 [oasis.registry] INFO: Registered backend: FEniCSx (dolfinx) (fenics)
2026-08-16 17:22:06,351 [oasis.registry] INFO: Registered backend: FEBio (febio)
2026-08-16 17:22:06,351 [oasis.registry] INFO: Registered backend: deal.II (dealii)
2026-08-16 17:22:06,351 [oasis.registry] INFO: Registered backend: Kratos Multiphysics (kratos)
2026-08-16 17:22:06,351 [oasis.kratos] INFO: Kratos Multiphysics backend registered
2026-08-16 17:22:06,353 [oasis.registry] INFO: Registered backend: NGSolve (ngsolve)
2026-08-16 17:22:06,353 [oasis.ngsolve] INFO: NGSolve backend registered
2026-08-16 17:22:06,353 [oasis.registry] INFO: Registered backend: DUNE-fem (dune)
2026-08-16 17:22:06,353 [oasis.dune] INFO: DUNE-fem backend registered
2026-08-16 17:22:06,354 [oasis.registry] INFO: Registered backend: FEBio (febio)
2026-08-16 17:22:06,356 [oasis.registry] INFO: Registered backend: scikit-fem (skfem)
2026-08-16 17:22:06,356 [oasis.skfem] INFO: scikit-fem backend registered
2026-08-16 17:22:06,357 [oasis.registry] INFO: Registered backend: NGSolve (ngsolve)
2026-08-16 17:22:06,357 [oasis.ngsolve] INFO: NGSolve backend registered
2026-08-16 17:22:06,358 [oasis.registry] INFO: Registered backend: SPARTA (DSMC) (sparta)
2026-08-16 17:22:06,358 [oasis.sparta] INFO: SPARTA (DSMC) backend registered
2026-08-16 17:22:06,358 [oasis] INFO: Starting OASiS MCP server
2026-08-16 17:22:06,359 [oasis.registry] INFO: Registered backend: Kratos Multiphysics (kratos)
2026-08-16 17:22:06,359 [oasis.kratos] INFO: Kratos Multiphysics backend registered
2026-08-16 17:22:06,360 [oasis.registry] INFO: Registered backend: scikit-fem (skfem)
2026-08-16 17:22:06,360 [oasis.skfem] INFO: scikit-fem backend registered
2026-08-16 17:22:06,362 [oasis.registry] INFO: Registered backend: DUNE-fem (dune)
2026-08-16 17:22:06,362 [oasis.dune] INFO: DUNE-fem backend registered
2026-08-16 17:22:06,363 [oasis.registry] INFO: Registered backend: Kratos Multiphysics (kratos)
2026-08-16 17:22:06,363 [oasis.kratos] INFO: Kratos Multiphysics backend registered
2026-08-16 17:22:06,366 [oasis.registry] INFO: Registered backend: DUNE-fem (dune)
2026-08-16 17:22:06,366 [oasis.dune] INFO: DUNE-fem backend registered
2026-08-16 17:22:06,367 [mcp.server.lowlevel.server] INFO: Processing request of type CallToolRequest
2026-08-16 17:22:06,367 [oasis.registry] INFO: Registered backend: SPARTA (DSMC) (sparta)
2026-08-16 17:22:06,367 [oasis.sparta] INFO: SPARTA (DSMC) backend registered
2026-08-16 17:22:06,367 [oasis] INFO: Starting OASiS MCP server
2026-08-16 17:22:06,371 [oasis.registry] INFO: Registered backend: SPARTA (DSMC) (sparta)
2026-08-16 17:22:06,371 [oasis.sparta] INFO: SPARTA (DSMC) backend registered
2026-08-16 17:22:06,371 [oasis] INFO: Starting OASiS MCP server
2026-08-16 17:22:06,376 [mcp.server.lowlevel.server] INFO: Processing request of type CallToolRequest
2026-08-16 17:22:06,380 [mcp.server.lowlevel.server] INFO: Processing request of type CallToolRequest
2026-08-16 17:22:06,392 [mcp.server.lowlevel.server] INFO: Processing request of type ListToolsRequest
2026-08-16 17:22:06,399 [mcp.server.lowlevel.server] INFO: Processing request of type ListToolsRequest
2026-08-16 17:22:06,405 [oasis] INFO: Session journal saved: /home/alexander/Schreibtisch/ofa-v2/data/sessions/session_63acd7c1-6106-4d53-9b1b-4b567dbd3c60.json (1 events)
2026-08-16 17:22:09,775 [mcp.server.lowlevel.server] INFO: Processing request of type ListToolsRequest
2026-08-16 17:22:09,780 [oasis] INFO: Session journal saved: /home/alexander/Schreibtisch/ofa-v2/data/sessions/session_399621b7-c661-4bdb-b969-c3cafd3fe180.json (1 events)
/home/alexander/Schreibtisch/ofa-v2/langgraph_eval/agent.py:215: RuntimeWarning: This package (`duckduckgo_search`) has been renamed to `ddgs`! Use `pip install ddgs` instead.
  with DDGS() as ddgs:
/home/alexander/Schreibtisch/ofa-v2/langgraph_eval/agent.py:215: RuntimeWarning: This package (`duckduckgo_search`) has been renamed to `ddgs`! Use `pip install ddgs` instead.
  with DDGS() as ddgs:
/home/alexander/Schreibtisch/ofa-v2/langgraph_eval/agent.py:215: RuntimeWarning: This package (`duckduckgo_search`) has been renamed to `ddgs`! Use `pip install ddgs` instead.
  with DDGS() as ddgs:
2026-08-16 17:23:09,019 [mcp.server.lowlevel.server] INFO: Processing request of type ListToolsRequest
2026-08-16 17:23:09,027 [oasis] INFO: Session journal saved: /home/alexander/Schreibtisch/ofa-v2/data/sessions/session_88991d79-c9ba-4d8f-b1eb-41fe25e51d3a.json (1 events)
/home/alexander/Schreibtisch/ofa-v2/langgraph_eval/agent.py:215: RuntimeWarning: This package (`duckduckgo_search`) has been renamed to `ddgs`! Use `pip install ddgs` instead.
  with DDGS() as ddgs:
/home/alexander/Schreibtisch/ofa-v2/langgraph_eval/agent.py:215: RuntimeWarning: This package (`duckduckgo_search`) has been renamed to `ddgs`! Use `pip install ddgs` instead.
  with DDGS() as ddgs:
2026-08-16 17:27:00,896 [oasis.registry] INFO: Loaded discovered config: 5 backends
2026-08-16 17:27:00,897 [oasis.registry] INFO: Registered backend: 4C Multiphysics (fourc)
2026-08-16 17:27:00,898 [oasis.registry] INFO: Registered backend: FEniCSx (dolfinx) (fenics)
2026-08-16 17:27:00,898 [oasis.registry] INFO: Registered backend: deal.II (dealii)
2026-08-16 17:27:00,902 [oasis.registry] INFO: Registered backend: FEBio (febio)
2026-08-16 17:27:00,905 [oasis.registry] INFO: Registered backend: NGSolve (ngsolve)
2026-08-16 17:27:00,905 [oasis.ngsolve] INFO: NGSolve backend registered
2026-08-16 17:27:00,907 [oasis.registry] INFO: Registered backend: scikit-fem (skfem)
2026-08-16 17:27:00,907 [oasis.skfem] INFO: scikit-fem backend registered
2026-08-16 17:27:00,911 [oasis.registry] INFO: Registered backend: Kratos Multiphysics (kratos)
2026-08-16 17:27:00,911 [oasis.kratos] INFO: Kratos Multiphysics backend registered
2026-08-16 17:27:00,913 [oasis.registry] INFO: Registered backend: DUNE-fem (dune)
2026-08-16 17:27:00,913 [oasis.dune] INFO: DUNE-fem backend registered
2026-08-16 17:27:00,919 [oasis.registry] INFO: Registered backend: SPARTA (DSMC) (sparta)
2026-08-16 17:27:00,919 [oasis.sparta] INFO: SPARTA (DSMC) backend registered
2026-08-16 17:27:00,919 [oasis] INFO: Starting OASiS MCP server
2026-08-16 17:27:00,927 [mcp.server.lowlevel.server] INFO: Processing request of type CallToolRequest
2026-08-16 17:27:01,844 [mcp.server.lowlevel.server] INFO: Processing request of type ListToolsRequest
2026-08-16 17:27:01,852 [oasis] INFO: Session journal saved: /home/alexander/Schreibtisch/ofa-v2/data/sessions/session_c6d7b1b6-4594-45f5-8f40-e093460249c0.json (2 events)
2026-08-16 17:29:33,394 [oasis.registry] INFO: Loaded discovered config: 5 backends
2026-08-16 17:29:33,395 [oasis.registry] INFO: Registered backend: 4C Multiphysics (fourc)
2026-08-16 17:29:33,396 [oasis.registry] INFO: Registered backend: FEniCSx (dolfinx) (fenics)
2026-08-16 17:29:33,396 [oasis.registry] INFO: Registered backend: deal.II (dealii)
2026-08-16 17:29:33,400 [oasis.registry] INFO: Registered backend: FEBio (febio)
2026-08-16 17:29:33,402 [oasis.registry] INFO: Registered backend: NGSolve (ngsolve)
2026-08-16 17:29:33,402 [oasis.ngsolve] INFO: NGSolve backend registered
2026-08-16 17:29:33,405 [oasis.registry] INFO: Registered backend: scikit-fem (skfem)
2026-08-16 17:29:33,405 [oasis.skfem] INFO: scikit-fem backend registered
2026-08-16 17:29:33,409 [oasis.registry] INFO: Registered backend: Kratos Multiphysics (kratos)
2026-08-16 17:29:33,409 [oasis.kratos] INFO: Kratos Multiphysics backend registered
2026-08-16 17:29:33,411 [oasis.registry] INFO: Registered backend: DUNE-fem (dune)
2026-08-16 17:29:33,411 [oasis.dune] INFO: DUNE-fem backend registered
2026-08-16 17:29:33,416 [oasis.registry] INFO: Registered backend: SPARTA (DSMC) (sparta)
2026-08-16 17:29:33,416 [oasis.sparta] INFO: SPARTA (DSMC) backend registered
2026-08-16 17:29:33,416 [oasis] INFO: Starting OASiS MCP server
2026-08-16 17:29:33,424 [mcp.server.lowlevel.server] INFO: Processing request of type CallToolRequest
2026-08-16 17:29:34,334 [mcp.server.lowlevel.server] INFO: Processing request of type ListToolsRequest
2026-08-16 17:29:34,342 [oasis] INFO: Session journal saved: /home/alexander/Schreibtisch/ofa-v2/data/sessions/session_492b9e79-da5b-4736-9ee0-e1149c2ee47c.json (2 events)
2026-08-16 17:32:02,864 [oasis.registry] INFO: Loaded discovered config: 5 backends
2026-08-16 17:32:02,865 [oasis.registry] INFO: Registered backend: 4C Multiphysics (fourc)
2026-08-16 17:32:02,866 [oasis.registry] INFO: Registered backend: FEniCSx (dolfinx) (fenics)
2026-08-16 17:32:02,866 [oasis.registry] INFO: Registered backend: deal.II (dealii)
2026-08-16 17:32:02,870 [oasis.registry] INFO: Registered backend: FEBio (febio)
2026-08-16 17:32:02,872 [oasis.registry] INFO: Registered backend: NGSolve (ngsolve)
2026-08-16 17:32:02,872 [oasis.ngsolve] INFO: NGSolve backend registered
2026-08-16 17:32:02,875 [oasis.registry] INFO: Registered backend: scikit-fem (skfem)
2026-08-16 17:32:02,875 [oasis.skfem] INFO: scikit-fem backend registered
2026-08-16 17:32:02,878 [oasis.registry] INFO: Registered backend: Kratos Multiphysics (kratos)
2026-08-16 17:32:02,878 [oasis.kratos] INFO: Kratos Multiphysics backend registered
2026-08-16 17:32:02,881 [oasis.registry] INFO: Registered backend: DUNE-fem (dune)
2026-08-16 17:32:02,881 [oasis.dune] INFO: DUNE-fem backend registered
2026-08-16 17:32:02,886 [oasis.registry] INFO: Registered backend: SPARTA (DSMC) (sparta)
2026-08-16 17:32:02,886 [oasis.sparta] INFO: SPARTA (DSMC) backend registered
2026-08-16 17:32:02,886 [oasis] INFO: Starting OASiS MCP server
2026-08-16 17:32:02,894 [mcp.server.lowlevel.server] INFO: Processing request of type CallToolRequest
2026-08-16 17:32:03,836 [mcp.server.lowlevel.server] INFO: Processing request of type ListToolsRequest
2026-08-16 17:32:03,843 [oasis] INFO: Session journal saved: /home/alexander/Schreibtisch/ofa-v2/data/sessions/session_e6dd869f-a7fd-4703-a0ac-76f71d4e36a1.json (2 events)
2026-08-16 17:34:24,395 [oasis.registry] INFO: Loaded discovered config: 5 backends
2026-08-16 17:34:24,396 [oasis.registry] INFO: Registered backend: 4C Multiphysics (fourc)
2026-08-16 17:34:24,397 [oasis.registry] INFO: Registered backend: FEniCSx (dolfinx) (fenics)
2026-08-16 17:34:24,398 [oasis.registry] INFO: Registered backend: deal.II (dealii)
2026-08-16 17:34:24,401 [oasis.registry] INFO: Registered backend: FEBio (febio)
2026-08-16 17:34:24,404 [oasis.registry] INFO: Registered backend: NGSolve (ngsolve)
2026-08-16 17:34:24,404 [oasis.ngsolve] INFO: NGSolve backend registered
2026-08-16 17:34:24,406 [oasis.registry] INFO: Registered backend: scikit-fem (skfem)
2026-08-16 17:34:24,406 [oasis.skfem] INFO: scikit-fem backend registered
2026-08-16 17:34:24,410 [oasis.registry] INFO: Registered backend: Kratos Multiphysics (kratos)
2026-08-16 17:34:24,410 [oasis.kratos] INFO: Kratos Multiphysics backend registered
2026-08-16 17:34:24,412 [oasis.registry] INFO: Registered backend: DUNE-fem (dune)
2026-08-16 17:34:24,412 [oasis.dune] INFO: DUNE-fem backend registered
2026-08-16 17:34:24,417 [oasis.registry] INFO: Registered backend: SPARTA (DSMC) (sparta)
2026-08-16 17:34:24,417 [oasis.sparta] INFO: SPARTA (DSMC) backend registered
2026-08-16 17:34:24,417 [oasis] INFO: Starting OASiS MCP server
2026-08-16 17:34:24,425 [mcp.server.lowlevel.server] INFO: Processing request of type CallToolRequest
2026-08-16 17:34:25,399 [mcp.server.lowlevel.server] INFO: Processing request of type ListToolsRequest
2026-08-16 17:34:25,406 [oasis] INFO: Session journal saved: /home/alexander/Schreibtisch/ofa-v2/data/sessions/session_c31d8a7d-d7e6-469c-82f3-7f7b9532ea36.json (2 events)
[preflight] custody controls verified for 1 problem(s); keys sealed and unreadable by execution
[phase: development] results are for post-mortems and convergence checking, NOT for the paper's evaluation table.
[NG1 27b BARE s1] done  calls=174 tok=8690948/81605 1465.6s
2026-08-16 17:34:56,096 [oasis.registry] INFO: Loaded discovered config: 5 backends
2026-08-16 17:34:56,097 [oasis.registry] INFO: Registered backend: 4C Multiphysics (fourc)
2026-08-16 17:34:56,098 [oasis.registry] INFO: Registered backend: FEniCSx (dolfinx) (fenics)
2026-08-16 17:34:56,098 [oasis.registry] INFO: Registered backend: deal.II (dealii)
2026-08-16 17:34:56,102 [oasis.registry] INFO: Registered backend: FEBio (febio)
2026-08-16 17:34:56,104 [oasis.registry] INFO: Registered backend: NGSolve (ngsolve)
2026-08-16 17:34:56,104 [oasis.ngsolve] INFO: NGSolve backend registered
2026-08-16 17:34:56,107 [oasis.registry] INFO: Registered backend: scikit-fem (skfem)
2026-08-16 17:34:56,107 [oasis.skfem] INFO: scikit-fem backend registered
2026-08-16 17:34:56,110 [oasis.registry] INFO: Registered backend: Kratos Multiphysics (kratos)
2026-08-16 17:34:56,110 [oasis.kratos] INFO: Kratos Multiphysics backend registered
2026-08-16 17:34:56,113 [oasis.registry] INFO: Registered backend: DUNE-fem (dune)
2026-08-16 17:34:56,113 [oasis.dune] INFO: DUNE-fem backend registered
2026-08-16 17:34:56,118 [oasis.registry] INFO: Registered backend: SPARTA (DSMC) (sparta)
2026-08-16 17:34:56,118 [oasis.sparta] INFO: SPARTA (DSMC) backend registered
2026-08-16 17:34:56,118 [oasis] INFO: Starting OASiS MCP server
2026-08-16 17:34:56,126 [mcp.server.lowlevel.server] INFO: Processing request of type ListToolsRequest
2026-08-16 17:35:03,369 [oasis.registry] INFO: Loaded discovered config: 5 backends
2026-08-16 17:35:03,370 [oasis.registry] INFO: Registered backend: 4C Multiphysics (fourc)
2026-08-16 17:35:03,371 [oasis.registry] INFO: Registered backend: FEniCSx (dolfinx) (fenics)
2026-08-16 17:35:03,371 [oasis.registry] INFO: Registered backend: deal.II (dealii)
2026-08-16 17:35:03,375 [oasis.registry] INFO: Registered backend: FEBio (febio)
2026-08-16 17:35:03,377 [oasis.registry] INFO: Registered backend: NGSolve (ngsolve)
2026-08-16 17:35:03,377 [oasis.ngsolve] INFO: NGSolve backend registered
2026-08-16 17:35:03,380 [oasis.registry] INFO: Registered backend: scikit-fem (skfem)
2026-08-16 17:35:03,380 [oasis.skfem] INFO: scikit-fem backend registered
2026-08-16 17:35:03,383 [oasis.registry] INFO: Registered backend: Kratos Multiphysics (kratos)
2026-08-16 17:35:03,383 [oasis.kratos] INFO: Kratos Multiphysics backend registered
2026-08-16 17:35:03,386 [oasis.registry] INFO: Registered backend: DUNE-fem (dune)
2026-08-16 17:35:03,386 [oasis.dune] INFO: DUNE-fem backend registered
2026-08-16 17:35:03,391 [oasis.registry] INFO: Registered backend: SPARTA (DSMC) (sparta)
2026-08-16 17:35:03,391 [oasis.sparta] INFO: SPARTA (DSMC) backend registered
2026-08-16 17:35:03,391 [oasis] INFO: Starting OASiS MCP server
2026-08-16 17:35:03,399 [mcp.server.lowlevel.server] INFO: Processing request of type CallToolRequest
2026-08-16 17:35:06,827 [mcp.server.lowlevel.server] INFO: Processing request of type ListToolsRequest
2026-08-16 17:35:06,836 [oasis] INFO: Session journal saved: /home/alexander/Schreibtisch/ofa-v2/data/sessions/session_5565fdfa-e72b-4127-97c9-1a33f4f76f9d.json (1 events)
/home/alexander/Schreibtisch/ofa-v2/langgraph_eval/agent.py:215: RuntimeWarning: This package (`duckduckgo_search`) has been renamed to `ddgs`! Use `pip install ddgs` instead.
  with DDGS() as ddgs:
/home/alexander/Schreibtisch/ofa-v2/langgraph_eval/agent.py:215: RuntimeWarning: This package (`duckduckgo_search`) has been renamed to `ddgs`! Use `pip install ddgs` instead.
  with DDGS() as ddgs:
2026-08-16 17:35:24,331 [oasis.registry] INFO: Loaded discovered config: 5 backends
2026-08-16 17:35:24,332 [oasis.registry] INFO: Registered backend: 4C Multiphysics (fourc)
2026-08-16 17:35:24,332 [oasis.registry] INFO: Registered backend: FEniCSx (dolfinx) (fenics)
2026-08-16 17:35:24,333 [oasis.registry] INFO: Registered backend: deal.II (dealii)
2026-08-16 17:35:24,336 [oasis.registry] INFO: Registered backend: FEBio (febio)
2026-08-16 17:35:24,337 [oasis.registry] INFO: Loaded discovered config: 5 backends
2026-08-16 17:35:24,338 [oasis.registry] INFO: Registered backend: 4C Multiphysics (fourc)
2026-08-16 17:35:24,338 [oasis.registry] INFO: Registered backend: FEniCSx (dolfinx) (fenics)
2026-08-16 17:35:24,339 [oasis.registry] INFO: Registered backend: deal.II (dealii)
2026-08-16 17:35:24,339 [oasis.registry] INFO: Registered backend: NGSolve (ngsolve)
2026-08-16 17:35:24,339 [oasis.ngsolve] INFO: NGSolve backend registered
2026-08-16 17:35:24,341 [oasis.registry] INFO: Registered backend: scikit-fem (skfem)
2026-08-16 17:35:24,341 [oasis.skfem] INFO: scikit-fem backend registered
2026-08-16 17:35:24,342 [oasis.registry] INFO: Registered backend: FEBio (febio)
2026-08-16 17:35:24,345 [oasis.registry] INFO: Registered backend: NGSolve (ngsolve)
2026-08-16 17:35:24,345 [oasis.ngsolve] INFO: NGSolve backend registered
2026-08-16 17:35:24,345 [oasis.registry] INFO: Registered backend: Kratos Multiphysics (kratos)
2026-08-16 17:35:24,345 [oasis.kratos] INFO: Kratos Multiphysics backend registered
2026-08-16 17:35:24,348 [oasis.registry] INFO: Registered backend: DUNE-fem (dune)
2026-08-16 17:35:24,348 [oasis.registry] INFO: Registered backend: scikit-fem (skfem)
2026-08-16 17:35:24,348 [oasis.dune] INFO: DUNE-fem backend registered
2026-08-16 17:35:24,348 [oasis.skfem] INFO: scikit-fem backend registered
/home/alexander/Schreibtisch/ofa-v2/langgraph_eval/agent.py:215: RuntimeWarning: This package (`duckduckgo_search`) has been renamed to `ddgs`! Use `pip install ddgs` instead.
  with DDGS() as ddgs:
2026-08-16 17:35:24,351 [oasis.registry] INFO: Registered backend: Kratos Multiphysics (kratos)
2026-08-16 17:35:24,351 [oasis.kratos] INFO: Kratos Multiphysics backend registered
2026-08-16 17:35:24,353 [oasis.registry] INFO: Registered backend: SPARTA (DSMC) (sparta)
2026-08-16 17:35:24,353 [oasis.sparta] INFO: SPARTA (DSMC) backend registered
2026-08-16 17:35:24,353 [oasis] INFO: Starting OASiS MCP server
2026-08-16 17:35:24,354 [oasis.registry] INFO: Registered backend: DUNE-fem (dune)
2026-08-16 17:35:24,354 [oasis.dune] INFO: DUNE-fem backend registered
2026-08-16 17:35:24,359 [oasis.registry] INFO: Registered backend: SPARTA (DSMC) (sparta)
2026-08-16 17:35:24,359 [oasis.sparta] INFO: SPARTA (DSMC) backend registered
2026-08-16 17:35:24,359 [oasis] INFO: Starting OASiS MCP server
2026-08-16 17:35:24,361 [mcp.server.lowlevel.server] INFO: Processing request of type CallToolRequest
2026-08-16 17:35:24,367 [mcp.server.lowlevel.server] INFO: Processing request of type CallToolRequest
2026-08-16 17:35:24,369 [mcp.server.lowlevel.server] INFO: Processing request of type ListToolsRequest
2026-08-16 17:35:24,375 [mcp.server.lowlevel.server] INFO: Processing request of type ListToolsRequest
2026-08-16 17:35:24,375 [oasis] INFO: Session journal saved: /home/alexander/Schreibtisch/ofa-v2/data/sessions/session_08e080cc-2a2f-436e-8fbd-7f7e00547fd7.json (1 events)
2026-08-16 17:35:24,380 [oasis] INFO: Session journal saved: /home/alexander/Schreibtisch/ofa-v2/data/sessions/session_fc3fadbf-fd43-44d2-8c15-4acce0ff7a2f.json (1 events)
/home/alexander/Schreibtisch/ofa-v2/langgraph_eval/agent.py:290: LangGraphDeprecatedSinceV10: create_react_agent has been moved to `langchain.agents`. Please update your import to `from langchain.agents import create_agent`. Deprecated in LangGraph V1.0 to be removed in V2.0.
  sub_agent = create_react_agent(
/home/alexander/Schreibtisch/ofa-v2/langgraph_eval/agent.py:215: RuntimeWarning: This package (`duckduckgo_search`) has been renamed to `ddgs`! Use `pip install ddgs` instead.
  with DDGS() as ddgs:
/home/alexander/Schreibtisch/ofa-v2/langgraph_eval/agent.py:215: RuntimeWarning: This package (`duckduckgo_search`) has been renamed to `ddgs`! Use `pip install ddgs` instead.
  with DDGS() as ddgs:
/home/alexander/Schreibtisch/ofa-v2/langgraph_eval/agent.py:215: RuntimeWarning: This package (`duckduckgo_search`) has been renamed to `ddgs`! Use `pip install ddgs` instead.
  with DDGS() as ddgs:
2026-08-16 17:36:47,422 [oasis.registry] INFO: Loaded discovered config: 5 backends
2026-08-16 17:36:47,423 [oasis.registry] INFO: Registered backend: 4C Multiphysics (fourc)
2026-08-16 17:36:47,424 [oasis.registry] INFO: Registered backend: FEniCSx (dolfinx) (fenics)
2026-08-16 17:36:47,424 [oasis.registry] INFO: Registered backend: deal.II (dealii)
2026-08-16 17:36:47,425 [oasis.registry] INFO: Loaded discovered config: 5 backends
2026-08-16 17:36:47,427 [oasis.registry] INFO: Registered backend: 4C Multiphysics (fourc)
2026-08-16 17:36:47,427 [oasis.registry] INFO: Registered backend: FEniCSx (dolfinx) (fenics)
2026-08-16 17:36:47,428 [oasis.registry] INFO: Registered backend: deal.II (dealii)
2026-08-16 17:36:47,428 [oasis.registry] INFO: Registered backend: FEBio (febio)
2026-08-16 17:36:47,431 [oasis.registry] INFO: Registered backend: NGSolve (ngsolve)
2026-08-16 17:36:47,431 [oasis.ngsolve] INFO: NGSolve backend registered
2026-08-16 17:36:47,432 [oasis.registry] INFO: Registered backend: FEBio (febio)
2026-08-16 17:36:47,433 [oasis.registry] INFO: Registered backend: scikit-fem (skfem)
2026-08-16 17:36:47,434 [oasis.skfem] INFO: scikit-fem backend registered
2026-08-16 17:36:47,434 [oasis.registry] INFO: Registered backend: NGSolve (ngsolve)
2026-08-16 17:36:47,434 [oasis.ngsolve] INFO: NGSolve backend registered
2026-08-16 17:36:47,437 [oasis.registry] INFO: Registered backend: scikit-fem (skfem)
2026-08-16 17:36:47,437 [oasis.skfem] INFO: scikit-fem backend registered
2026-08-16 17:36:47,437 [oasis.registry] INFO: Registered backend: Kratos Multiphysics (kratos)
2026-08-16 17:36:47,437 [oasis.kratos] INFO: Kratos Multiphysics backend registered
2026-08-16 17:36:47,440 [oasis.registry] INFO: Registered backend: DUNE-fem (dune)
2026-08-16 17:36:47,440 [oasis.dune] INFO: DUNE-fem backend registered
2026-08-16 17:36:47,440 [oasis.registry] INFO: Registered backend: Kratos Multiphysics (kratos)
2026-08-16 17:36:47,441 [oasis.kratos] INFO: Kratos Multiphysics backend registered
2026-08-16 17:36:47,443 [oasis.registry] INFO: Registered backend: DUNE-fem (dune)
2026-08-16 17:36:47,443 [oasis.dune] INFO: DUNE-fem backend registered
2026-08-16 17:36:47,445 [oasis.registry] INFO: Registered backend: SPARTA (DSMC) (sparta)
2026-08-16 17:36:47,445 [oasis.sparta] INFO: SPARTA (DSMC) backend registered
2026-08-16 17:36:47,445 [oasis] INFO: Starting OASiS MCP server
2026-08-16 17:36:47,448 [oasis.registry] INFO: Registered backend: SPARTA (DSMC) (sparta)
2026-08-16 17:36:47,448 [oasis.sparta] INFO: SPARTA (DSMC) backend registered
2026-08-16 17:36:47,448 [oasis] INFO: Starting OASiS MCP server
2026-08-16 17:36:47,453 [mcp.server.lowlevel.server] INFO: Processing request of type CallToolRequest
2026-08-16 17:36:47,456 [mcp.server.lowlevel.server] INFO: Processing request of type CallToolRequest
2026-08-16 17:36:47,457 [mcp.server.lowlevel.server] INFO: Processing request of type ListToolsRequest
2026-08-16 17:36:47,462 [mcp.server.lowlevel.server] INFO: Processing request of type ListToolsRequest
2026-08-16 17:36:47,463 [oasis] INFO: Session journal saved: /home/alexander/Schreibtisch/ofa-v2/data/sessions/session_d4ff64f1-647b-4a90-8d1b-9ff24dc46250.json (1 events)
/home/alexander/Schreibtisch/ofa-v2/langgraph_eval/agent.py:215: RuntimeWarning: This package (`duckduckgo_search`) has been renamed to `ddgs`! Use `pip install ddgs` instead.
  with DDGS() as ddgs:
/home/alexander/Schreibtisch/ofa-v2/langgraph_eval/agent.py:215: RuntimeWarning: This package (`duckduckgo_search`) has been renamed to `ddgs`! Use `pip install ddgs` instead.
  with DDGS() as ddgs:
/home/alexander/Schreibtisch/ofa-v2/langgraph_eval/agent.py:215: RuntimeWarning: This package (`duckduckgo_search`) has been renamed to `ddgs`! Use `pip install ddgs` instead.
  with DDGS() as ddgs:
/home/alexander/Schreibtisch/ofa-v2/langgraph_eval/agent.py:215: RuntimeWarning: This package (`duckduckgo_search`) has been renamed to `ddgs`! Use `pip install ddgs` instead.
  with DDGS() as ddgs:
/home/alexander/Schreibtisch/ofa-v2/langgraph_eval/agent.py:215: RuntimeWarning: This package (`duckduckgo_search`) has been renamed to `ddgs`! Use `pip install ddgs` instead.
  with DDGS() as ddgs:
/home/alexander/Schreibtisch/ofa-v2/langgraph_eval/agent.py:215: RuntimeWarning: This package (`duckduckgo_search`) has been renamed to `ddgs`! Use `pip install ddgs` instead.
  with DDGS() as ddgs:
/home/alexander/Schreibtisch/ofa-v2/langgraph_eval/agent.py:215: RuntimeWarning: This package (`duckduckgo_search`) has been renamed to `ddgs`! Use `pip install ddgs` instead.
  with DDGS() as ddgs:
/home/alexander/Schreibtisch/ofa-v2/langgraph_eval/agent.py:215: RuntimeWarning: This package (`duckduckgo_search`) has been renamed to `ddgs`! Use `pip install ddgs` instead.
  with DDGS() as ddgs:
/home/alexander/Schreibtisch/ofa-v2/langgraph_eval/agent.py:215: RuntimeWarning: This package (`duckduckgo_search`) has been renamed to `ddgs`! Use `pip install ddgs` instead.
  with DDGS() as ddgs:
/home/alexander/Schreibtisch/ofa-v2/langgraph_eval/agent.py:215: RuntimeWarning: This package (`duckduckgo_search`) has been renamed to `ddgs`! Use `pip install ddgs` instead.
  with DDGS() as ddgs:
/home/alexander/Schreibtisch/ofa-v2/langgraph_eval/agent.py:215: RuntimeWarning: This package (`duckduckgo_search`) has been renamed to `ddgs`! Use `pip install ddgs` instead.
  with DDGS() as ddgs:
2026-08-16 17:37:09,385 [oasis.registry] INFO: Loaded discovered config: 5 backends
2026-08-16 17:37:09,386 [oasis.registry] INFO: Registered backend: 4C Multiphysics (fourc)
2026-08-16 17:37:09,387 [oasis.registry] INFO: Registered backend: FEniCSx (dolfinx) (fenics)
2026-08-16 17:37:09,387 [oasis.registry] INFO: Registered backend: deal.II (dealii)
2026-08-16 17:37:09,391 [oasis.registry] INFO: Registered backend: FEBio (febio)
2026-08-16 17:37:09,393 [oasis.registry] INFO: Registered backend: NGSolve (ngsolve)
2026-08-16 17:37:09,393 [oasis.ngsolve] INFO: NGSolve backend registered
2026-08-16 17:37:09,396 [oasis.registry] INFO: Registered backend: scikit-fem (skfem)
2026-08-16 17:37:09,396 [oasis.skfem] INFO: scikit-fem backend registered
2026-08-16 17:37:09,399 [oasis.registry] INFO: Registered backend: Kratos Multiphysics (kratos)
2026-08-16 17:37:09,400 [oasis.kratos] INFO: Kratos Multiphysics backend registered
2026-08-16 17:37:09,402 [oasis.registry] INFO: Registered backend: DUNE-fem (dune)
2026-08-16 17:37:09,402 [oasis.dune] INFO: DUNE-fem backend registered
2026-08-16 17:37:09,407 [oasis.registry] INFO: Registered backend: SPARTA (DSMC) (sparta)
2026-08-16 17:37:09,407 [oasis.sparta] INFO: SPARTA (DSMC) backend registered
2026-08-16 17:37:09,407 [oasis] INFO: Starting OASiS MCP server
2026-08-16 17:37:09,415 [mcp.server.lowlevel.server] INFO: Processing request of type CallToolRequest
2026-08-16 17:37:10,413 [mcp.server.lowlevel.server] INFO: Processing request of type ListToolsRequest
2026-08-16 17:37:10,421 [oasis] INFO: Session journal saved: /home/alexander/Schreibtisch/ofa-v2/data/sessions/session_d9e0675e-85cb-4c23-bfd0-1cdf5cdf4850.json (2 events)
2026-08-16 17:38:17,881 [oasis.registry] INFO: Loaded discovered config: 5 backends
2026-08-16 17:38:17,882 [oasis.registry] INFO: Registered backend: 4C Multiphysics (fourc)
2026-08-16 17:38:17,883 [oasis.registry] INFO: Registered backend: FEniCSx (dolfinx) (fenics)
2026-08-16 17:38:17,883 [oasis.registry] INFO: Registered backend: deal.II (dealii)
2026-08-16 17:38:17,887 [oasis.registry] INFO: Registered backend: FEBio (febio)
2026-08-16 17:38:17,889 [oasis.registry] INFO: Registered backend: NGSolve (ngsolve)
2026-08-16 17:38:17,889 [oasis.ngsolve] INFO: NGSolve backend registered
2026-08-16 17:38:17,892 [oasis.registry] INFO: Registered backend: scikit-fem (skfem)
2026-08-16 17:38:17,892 [oasis.skfem] INFO: scikit-fem backend registered
2026-08-16 17:38:17,895 [oasis.registry] INFO: Registered backend: Kratos Multiphysics (kratos)
2026-08-16 17:38:17,895 [oasis.kratos] INFO: Kratos Multiphysics backend registered
2026-08-16 17:38:17,898 [oasis.registry] INFO: Registered backend: DUNE-fem (dune)
2026-08-16 17:38:17,898 [oasis.dune] INFO: DUNE-fem backend registered
2026-08-16 17:38:17,903 [oasis.registry] INFO: Registered backend: SPARTA (DSMC) (sparta)
2026-08-16 17:38:17,903 [oasis.sparta] INFO: SPARTA (DSMC) backend registered
2026-08-16 17:38:17,903 [oasis] INFO: Starting OASiS MCP server
2026-08-16 17:38:17,910 [mcp.server.lowlevel.server] INFO: Processing request of type CallToolRequest
2026-08-16 17:38:17,914 [mcp.server.lowlevel.server] INFO: Processing request of type ListToolsRequest
2026-08-16 17:38:55,330 [oasis.registry] INFO: Loaded discovered config: 5 backends
2026-08-16 17:38:55,331 [oasis.registry] INFO: Registered backend: 4C Multiphysics (fourc)
2026-08-16 17:38:55,332 [oasis.registry] INFO: Registered backend: FEniCSx (dolfinx) (fenics)
2026-08-16 17:38:55,332 [oasis.registry] INFO: Registered backend: deal.II (dealii)
2026-08-16 17:38:55,336 [oasis.registry] INFO: Registered backend: FEBio (febio)
2026-08-16 17:38:55,338 [oasis.registry] INFO: Registered backend: NGSolve (ngsolve)
2026-08-16 17:38:55,338 [oasis.ngsolve] INFO: NGSolve backend registered
2026-08-16 17:38:55,341 [oasis.registry] INFO: Registered backend: scikit-fem (skfem)
2026-08-16 17:38:55,341 [oasis.skfem] INFO: scikit-fem backend registered
2026-08-16 17:38:55,344 [oasis.registry] INFO: Registered backend: Kratos Multiphysics (kratos)
2026-08-16 17:38:55,344 [oasis.kratos] INFO: Kratos Multiphysics backend registered
2026-08-16 17:38:55,347 [oasis.registry] INFO: Registered backend: DUNE-fem (dune)
2026-08-16 17:38:55,347 [oasis.dune] INFO: DUNE-fem backend registered
2026-08-16 17:38:55,352 [oasis.registry] INFO: Registered backend: SPARTA (DSMC) (sparta)
2026-08-16 17:38:55,352 [oasis.sparta] INFO: SPARTA (DSMC) backend registered
2026-08-16 17:38:55,352 [oasis] INFO: Starting OASiS MCP server
2026-08-16 17:38:55,360 [mcp.server.lowlevel.server] INFO: Processing request of type CallToolRequest
2026-08-16 17:38:56,151 [mcp.server.lowlevel.server] INFO: Processing request of type ListToolsRequest
2026-08-16 17:38:56,159 [oasis] INFO: Session journal saved: /home/alexander/Schreibtisch/ofa-v2/data/sessions/session_ab261fff-5945-4310-b949-590596cf6cd6.json (2 events)
2026-08-16 17:39:37,134 [oasis.registry] INFO: Loaded discovered config: 5 backends
2026-08-16 17:39:37,135 [oasis.registry] INFO: Registered backend: 4C Multiphysics (fourc)
2026-08-16 17:39:37,136 [oasis.registry] INFO: Registered backend: FEniCSx (dolfinx) (fenics)
2026-08-16 17:39:37,137 [oasis.registry] INFO: Registered backend: deal.II (dealii)
2026-08-16 17:39:37,140 [oasis.registry] INFO: Registered backend: FEBio (febio)
2026-08-16 17:39:37,143 [oasis.registry] INFO: Registered backend: NGSolve (ngsolve)
2026-08-16 17:39:37,143 [oasis.ngsolve] INFO: NGSolve backend registered
2026-08-16 17:39:37,145 [oasis.registry] INFO: Registered backend: scikit-fem (skfem)
2026-08-16 17:39:37,145 [oasis.skfem] INFO: scikit-fem backend registered
2026-08-16 17:39:37,149 [oasis.registry] INFO: Registered backend: Kratos Multiphysics (kratos)
2026-08-16 17:39:37,149 [oasis.kratos] INFO: Kratos Multiphysics backend registered
2026-08-16 17:39:37,151 [oasis.registry] INFO: Registered backend: DUNE-fem (dune)
2026-08-16 17:39:37,151 [oasis.dune] INFO: DUNE-fem backend registered
2026-08-16 17:39:37,156 [oasis.registry] INFO: Registered backend: SPARTA (DSMC) (sparta)
2026-08-16 17:39:37,156 [oasis.sparta] INFO: SPARTA (DSMC) backend registered
2026-08-16 17:39:37,156 [oasis] INFO: Starting OASiS MCP server
2026-08-16 17:39:37,164 [mcp.server.lowlevel.server] INFO: Processing request of type CallToolRequest
2026-08-16 17:39:37,171 [mcp.server.lowlevel.server] INFO: Processing request of type ListToolsRequest
2026-08-16 17:39:59,451 [oasis.registry] INFO: Loaded discovered config: 5 backends
2026-08-16 17:39:59,452 [oasis.registry] INFO: Registered backend: 4C Multiphysics (fourc)
2026-08-16 17:39:59,452 [oasis.registry] INFO: Registered backend: FEniCSx (dolfinx) (fenics)
2026-08-16 17:39:59,453 [oasis.registry] INFO: Registered backend: deal.II (dealii)
2026-08-16 17:39:59,457 [oasis.registry] INFO: Registered backend: FEBio (febio)
2026-08-16 17:39:59,459 [oasis.registry] INFO: Registered backend: NGSolve (ngsolve)
2026-08-16 17:39:59,459 [oasis.ngsolve] INFO: NGSolve backend registered
2026-08-16 17:39:59,462 [oasis.registry] INFO: Registered backend: scikit-fem (skfem)
2026-08-16 17:39:59,462 [oasis.skfem] INFO: scikit-fem backend registered
2026-08-16 17:39:59,465 [oasis.registry] INFO: Registered backend: Kratos Multiphysics (kratos)
2026-08-16 17:39:59,465 [oasis.kratos] INFO: Kratos Multiphysics backend registered
2026-08-16 17:39:59,468 [oasis.registry] INFO: Registered backend: DUNE-fem (dune)
2026-08-16 17:39:59,468 [oasis.dune] INFO: DUNE-fem backend registered
2026-08-16 17:39:59,472 [oasis.registry] INFO: Registered backend: SPARTA (DSMC) (sparta)
2026-08-16 17:39:59,472 [oasis.sparta] INFO: SPARTA (DSMC) backend registered
2026-08-16 17:39:59,472 [oasis] INFO: Starting OASiS MCP server
2026-08-16 17:39:59,480 [mcp.server.lowlevel.server] INFO: Processing request of type CallToolRequest
2026-08-16 17:40:00,443 [mcp.server.lowlevel.server] INFO: Processing request of type ListToolsRequest
2026-08-16 17:40:00,450 [oasis] INFO: Session journal saved: /home/alexander/Schreibtisch/ofa-v2/data/sessions/session_8315d605-d9a1-4a6c-b12a-802e57bc795d.json (2 events)
2026-08-16 17:40:13,750 [oasis.registry] INFO: Loaded discovered config: 5 backends
2026-08-16 17:40:13,751 [oasis.registry] INFO: Registered backend: 4C Multiphysics (fourc)
2026-08-16 17:40:13,752 [oasis.registry] INFO: Registered backend: FEniCSx (dolfinx) (fenics)
2026-08-16 17:40:13,752 [oasis.registry] INFO: Registered backend: deal.II (dealii)
2026-08-16 17:40:13,756 [oasis.registry] INFO: Registered backend: FEBio (febio)
2026-08-16 17:40:13,758 [oasis.registry] INFO: Registered backend: NGSolve (ngsolve)
2026-08-16 17:40:13,758 [oasis.ngsolve] INFO: NGSolve backend registered
2026-08-16 17:40:13,761 [oasis.registry] INFO: Registered backend: scikit-fem (skfem)
2026-08-16 17:40:13,761 [oasis.skfem] INFO: scikit-fem backend registered
2026-08-16 17:40:13,765 [oasis.registry] INFO: Registered backend: Kratos Multiphysics (kratos)
2026-08-16 17:40:13,765 [oasis.kratos] INFO: Kratos Multiphysics backend registered
2026-08-16 17:40:13,767 [oasis.registry] INFO: Registered backend: DUNE-fem (dune)
2026-08-16 17:40:13,767 [oasis.dune] INFO: DUNE-fem backend registered
2026-08-16 17:40:13,772 [oasis.registry] INFO: Registered backend: SPARTA (DSMC) (sparta)
2026-08-16 17:40:13,772 [oasis.sparta] INFO: SPARTA (DSMC) backend registered
2026-08-16 17:40:13,772 [oasis] INFO: Starting OASiS MCP server
2026-08-16 17:40:13,780 [mcp.server.lowlevel.server] INFO: Processing request of type CallToolRequest
2026-08-16 17:40:14,561 [mcp.server.lowlevel.server] INFO: Processing request of type ListToolsRequest
2026-08-16 17:40:14,567 [oasis] INFO: Session journal saved: /home/alexander/Schreibtisch/ofa-v2/data/sessions/session_d5c120f3-e6ae-46ef-98af-6ea85abe98e2.json (2 events)
2026-08-16 17:40:55,975 [oasis.registry] INFO: Loaded discovered config: 5 backends
2026-08-16 17:40:55,976 [oasis.registry] INFO: Registered backend: 4C Multiphysics (fourc)
2026-08-16 17:40:55,977 [oasis.registry] INFO: Registered backend: FEniCSx (dolfinx) (fenics)
2026-08-16 17:40:55,978 [oasis.registry] INFO: Registered backend: deal.II (dealii)
2026-08-16 17:40:55,981 [oasis.registry] INFO: Registered backend: FEBio (febio)
2026-08-16 17:40:55,984 [oasis.registry] INFO: Registered backend: NGSolve (ngsolve)
2026-08-16 17:40:55,984 [oasis.ngsolve] INFO: NGSolve backend registered
2026-08-16 17:40:55,986 [oasis.registry] INFO: Registered backend: scikit-fem (skfem)
2026-08-16 17:40:55,986 [oasis.skfem] INFO: scikit-fem backend registered
2026-08-16 17:40:55,990 [oasis.registry] INFO: Registered backend: Kratos Multiphysics (kratos)
2026-08-16 17:40:55,990 [oasis.kratos] INFO: Kratos Multiphysics backend registered
2026-08-16 17:40:55,992 [oasis.registry] INFO: Registered backend: DUNE-fem (dune)
2026-08-16 17:40:55,992 [oasis.dune] INFO: DUNE-fem backend registered
2026-08-16 17:40:55,997 [oasis.registry] INFO: Registered backend: SPARTA (DSMC) (sparta)
2026-08-16 17:40:55,997 [oasis.sparta] INFO: SPARTA (DSMC) backend registered
2026-08-16 17:40:55,997 [oasis] INFO: Starting OASiS MCP server
2026-08-16 17:40:56,005 [mcp.server.lowlevel.server] INFO: Processing request of type CallToolRequest
2026-08-16 17:40:56,009 [mcp.server.lowlevel.server] INFO: Processing request of type ListToolsRequest
2026-08-16 17:41:34,480 [oasis.registry] INFO: Loaded discovered config: 5 backends
2026-08-16 17:41:34,481 [oasis.registry] INFO: Registered backend: 4C Multiphysics (fourc)
2026-08-16 17:41:34,481 [oasis.registry] INFO: Registered backend: FEniCSx (dolfinx) (fenics)
2026-08-16 17:41:34,482 [oasis.registry] INFO: Registered backend: deal.II (dealii)
2026-08-16 17:41:34,486 [oasis.registry] INFO: Registered backend: FEBio (febio)
2026-08-16 17:41:34,488 [oasis.registry] INFO: Registered backend: NGSolve (ngsolve)
2026-08-16 17:41:34,488 [oasis.ngsolve] INFO: NGSolve backend registered
2026-08-16 17:41:34,491 [oasis.registry] INFO: Registered backend: scikit-fem (skfem)
2026-08-16 17:41:34,491 [oasis.skfem] INFO: scikit-fem backend registered
2026-08-16 17:41:34,494 [oasis.registry] INFO: Registered backend: Kratos Multiphysics (kratos)
2026-08-16 17:41:34,494 [oasis.kratos] INFO: Kratos Multiphysics backend registered
2026-08-16 17:41:34,497 [oasis.registry] INFO: Registered backend: DUNE-fem (dune)
2026-08-16 17:41:34,497 [oasis.dune] INFO: DUNE-fem backend registered
2026-08-16 17:41:34,502 [oasis.registry] INFO: Registered backend: SPARTA (DSMC) (sparta)
2026-08-16 17:41:34,502 [oasis.sparta] INFO: SPARTA (DSMC) backend registered
2026-08-16 17:41:34,502 [oasis] INFO: Starting OASiS MCP server
2026-08-16 17:41:34,509 [mcp.server.lowlevel.server] INFO: Processing request of type CallToolRequest
2026-08-16 17:41:35,289 [mcp.server.lowlevel.server] INFO: Processing request of type ListToolsRequest
2026-08-16 17:41:35,296 [oasis] INFO: Session journal saved: /home/alexander/Schreibtisch/ofa-v2/data/sessions/session_5cba1a46-5b59-4c65-9507-bc2b7d8f2569.json (2 events)
2026-08-16 17:41:41,532 [oasis.registry] INFO: Loaded discovered config: 5 backends
2026-08-16 17:41:41,533 [oasis.registry] INFO: Registered backend: 4C Multiphysics (fourc)
2026-08-16 17:41:41,534 [oasis.registry] INFO: Registered backend: FEniCSx (dolfinx) (fenics)
2026-08-16 17:41:41,534 [oasis.registry] INFO: Registered backend: deal.II (dealii)
2026-08-16 17:41:41,538 [oasis.registry] INFO: Registered backend: FEBio (febio)
2026-08-16 17:41:41,540 [oasis.registry] INFO: Registered backend: NGSolve (ngsolve)
2026-08-16 17:41:41,540 [oasis.ngsolve] INFO: NGSolve backend registered
2026-08-16 17:41:41,543 [oasis.registry] INFO: Registered backend: scikit-fem (skfem)
2026-08-16 17:41:41,543 [oasis.skfem] INFO: scikit-fem backend registered
2026-08-16 17:41:41,547 [oasis.registry] INFO: Registered backend: Kratos Multiphysics (kratos)
2026-08-16 17:41:41,547 [oasis.kratos] INFO: Kratos Multiphysics backend registered
2026-08-16 17:41:41,549 [oasis.registry] INFO: Registered backend: DUNE-fem (dune)
2026-08-16 17:41:41,549 [oasis.dune] INFO: DUNE-fem backend registered
2026-08-16 17:41:41,554 [oasis.registry] INFO: Registered backend: SPARTA (DSMC) (sparta)
2026-08-16 17:41:41,554 [oasis.sparta] INFO: SPARTA (DSMC) backend registered
2026-08-16 17:41:41,554 [oasis] INFO: Starting OASiS MCP server
2026-08-16 17:41:41,562 [mcp.server.lowlevel.server] INFO: Processing request of type CallToolRequest
2026-08-16 17:41:41,566 [mcp.server.lowlevel.server] INFO: Processing request of type ListToolsRequest
2026-08-16 17:41:45,329 [oasis.registry] INFO: Loaded discovered config: 5 backends
2026-08-16 17:41:45,330 [oasis.registry] INFO: Registered backend: 4C Multiphysics (fourc)
2026-08-16 17:41:45,331 [oasis.registry] INFO: Registered backend: FEniCSx (dolfinx) (fenics)
2026-08-16 17:41:45,331 [oasis.registry] INFO: Registered backend: deal.II (dealii)
2026-08-16 17:41:45,335 [oasis.registry] INFO: Registered backend: FEBio (febio)
2026-08-16 17:41:45,337 [oasis.registry] INFO: Registered backend: NGSolve (ngsolve)
2026-08-16 17:41:45,337 [oasis.ngsolve] INFO: NGSolve backend registered
2026-08-16 17:41:45,340 [oasis.registry] INFO: Registered backend: scikit-fem (skfem)
2026-08-16 17:41:45,340 [oasis.skfem] INFO: scikit-fem backend registered
2026-08-16 17:41:45,344 [oasis.registry] INFO: Registered backend: Kratos Multiphysics (kratos)
2026-08-16 17:41:45,344 [oasis.kratos] INFO: Kratos Multiphysics backend registered
2026-08-16 17:41:45,346 [oasis.registry] INFO: Registered backend: DUNE-fem (dune)
2026-08-16 17:41:45,346 [oasis.dune] INFO: DUNE-fem backend registered
2026-08-16 17:41:45,351 [oasis.registry] INFO: Registered backend: SPARTA (DSMC) (sparta)
2026-08-16 17:41:45,351 [oasis.sparta] INFO: SPARTA (DSMC) backend registered
2026-08-16 17:41:45,351 [oasis] INFO: Starting OASiS MCP server
2026-08-16 17:41:45,359 [mcp.server.lowlevel.server] INFO: Processing request of type CallToolRequest
2026-08-16 17:41:45,362 [mcp.server.lowlevel.server] INFO: Processing request of type ListToolsRequest
2026-08-16 17:41:45,367 [oasis] INFO: Session journal saved: /home/alexander/Schreibtisch/ofa-v2/data/sessions/session_42163a0d-228b-48cc-bb03-04f2a6c3257e.json (1 events)
/home/alexander/Schreibtisch/ofa-v2/langgraph_eval/agent.py:215: RuntimeWarning: This package (`duckduckgo_search`) has been renamed to `ddgs`! Use `pip install ddgs` instead.
  with DDGS() as ddgs:
2026-08-16 17:42:45,654 [oasis.registry] INFO: Loaded discovered config: 5 backends
2026-08-16 17:42:45,655 [oasis.registry] INFO: Registered backend: 4C Multiphysics (fourc)
2026-08-16 17:42:45,656 [oasis.registry] INFO: Registered backend: FEniCSx (dolfinx) (fenics)
2026-08-16 17:42:45,656 [oasis.registry] INFO: Registered backend: deal.II (dealii)
2026-08-16 17:42:45,660 [oasis.registry] INFO: Registered backend: FEBio (febio)
2026-08-16 17:42:45,662 [oasis.registry] INFO: Registered backend: NGSolve (ngsolve)
2026-08-16 17:42:45,662 [oasis.ngsolve] INFO: NGSolve backend registered
2026-08-16 17:42:45,665 [oasis.registry] INFO: Registered backend: scikit-fem (skfem)
2026-08-16 17:42:45,665 [oasis.skfem] INFO: scikit-fem backend registered
2026-08-16 17:42:45,668 [oasis.registry] INFO: Registered backend: Kratos Multiphysics (kratos)
2026-08-16 17:42:45,669 [oasis.kratos] INFO: Kratos Multiphysics backend registered
2026-08-16 17:42:45,671 [oasis.registry] INFO: Registered backend: DUNE-fem (dune)
2026-08-16 17:42:45,671 [oasis.dune] INFO: DUNE-fem backend registered
2026-08-16 17:42:45,676 [oasis.registry] INFO: Registered backend: SPARTA (DSMC) (sparta)
2026-08-16 17:42:45,676 [oasis.sparta] INFO: SPARTA (DSMC) backend registered
2026-08-16 17:42:45,676 [oasis] INFO: Starting OASiS MCP server
2026-08-16 17:42:45,684 [mcp.server.lowlevel.server] INFO: Processing request of type CallToolRequest
2026-08-16 17:42:45,687 [mcp.server.lowlevel.server] INFO: Processing request of type ListToolsRequest
2026-08-16 17:42:54,893 [oasis.registry] INFO: Loaded discovered config: 5 backends
2026-08-16 17:42:54,894 [oasis.registry] INFO: Registered backend: 4C Multiphysics (fourc)
2026-08-16 17:42:54,895 [oasis.registry] INFO: Registered backend: FEniCSx (dolfinx) (fenics)
2026-08-16 17:42:54,895 [oasis.registry] INFO: Registered backend: deal.II (dealii)
2026-08-16 17:42:54,899 [oasis.registry] INFO: Registered backend: FEBio (febio)
2026-08-16 17:42:54,901 [oasis.registry] INFO: Registered backend: NGSolve (ngsolve)
2026-08-16 17:42:54,901 [oasis.ngsolve] INFO: NGSolve backend registered
2026-08-16 17:42:54,904 [oasis.registry] INFO: Registered backend: scikit-fem (skfem)
2026-08-16 17:42:54,904 [oasis.skfem] INFO: scikit-fem backend registered
2026-08-16 17:42:54,907 [oasis.registry] INFO: Registered backend: Kratos Multiphysics (kratos)
2026-08-16 17:42:54,908 [oasis.kratos] INFO: Kratos Multiphysics backend registered
2026-08-16 17:42:54,910 [oasis.registry] INFO: Registered backend: DUNE-fem (dune)
2026-08-16 17:42:54,910 [oasis.dune] INFO: DUNE-fem backend registered
2026-08-16 17:42:54,915 [oasis.registry] INFO: Registered backend: SPARTA (DSMC) (sparta)
2026-08-16 17:42:54,915 [oasis.sparta] INFO: SPARTA (DSMC) backend registered
2026-08-16 17:42:54,915 [oasis] INFO: Starting OASiS MCP server
2026-08-16 17:42:54,923 [mcp.server.lowlevel.server] INFO: Processing request of type CallToolRequest
2026-08-16 17:42:55,907 [mcp.server.lowlevel.server] INFO: Processing request of type ListToolsRequest
2026-08-16 17:42:55,914 [oasis] INFO: Session journal saved: /home/alexander/Schreibtisch/ofa-v2/data/sessions/session_13e47e88-50fd-41ab-866e-ce7e6cf564d3.json (2 events)
2026-08-16 17:43:24,906 [oasis.registry] INFO: Loaded discovered config: 5 backends
2026-08-16 17:43:24,907 [oasis.registry] INFO: Registered backend: 4C Multiphysics (fourc)
2026-08-16 17:43:24,908 [oasis.registry] INFO: Registered backend: FEniCSx (dolfinx) (fenics)
2026-08-16 17:43:24,908 [oasis.registry] INFO: Registered backend: deal.II (dealii)
2026-08-16 17:43:24,912 [oasis.registry] INFO: Registered backend: FEBio (febio)
2026-08-16 17:43:24,914 [oasis.registry] INFO: Registered backend: NGSolve (ngsolve)
2026-08-16 17:43:24,914 [oasis.ngsolve] INFO: NGSolve backend registered
2026-08-16 17:43:24,917 [oasis.registry] INFO: Registered backend: scikit-fem (skfem)
2026-08-16 17:43:24,917 [oasis.skfem] INFO: scikit-fem backend registered
2026-08-16 17:43:24,920 [oasis.registry] INFO: Registered backend: Kratos Multiphysics (kratos)
2026-08-16 17:43:24,920 [oasis.kratos] INFO: Kratos Multiphysics backend registered
2026-08-16 17:43:24,923 [oasis.registry] INFO: Registered backend: DUNE-fem (dune)
2026-08-16 17:43:24,923 [oasis.dune] INFO: DUNE-fem backend registered
2026-08-16 17:43:24,927 [oasis.registry] INFO: Registered backend: SPARTA (DSMC) (sparta)
2026-08-16 17:43:24,927 [oasis.sparta] INFO: SPARTA (DSMC) backend registered
2026-08-16 17:43:24,928 [oasis] INFO: Starting OASiS MCP server
2026-08-16 17:43:24,936 [mcp.server.lowlevel.server] INFO: Processing request of type CallToolRequest
2026-08-16 17:43:26,307 [mcp.server.lowlevel.server] INFO: Processing request of type ListToolsRequest
2026-08-16 17:43:26,314 [oasis] INFO: Session journal saved: /home/alexander/Schreibtisch/ofa-v2/data/sessions/session_13dfc83b-4e23-4eb1-9538-4186f83050b7.json (2 events)
2026-08-16 17:43:55,243 [oasis.registry] INFO: Loaded discovered config: 5 backends
2026-08-16 17:43:55,244 [oasis.registry] INFO: Registered backend: 4C Multiphysics (fourc)
2026-08-16 17:43:55,244 [oasis.registry] INFO: Registered backend: FEniCSx (dolfinx) (fenics)
2026-08-16 17:43:55,245 [oasis.registry] INFO: Registered backend: deal.II (dealii)
2026-08-16 17:43:55,249 [oasis.registry] INFO: Registered backend: FEBio (febio)
2026-08-16 17:43:55,251 [oasis.registry] INFO: Registered backend: NGSolve (ngsolve)
2026-08-16 17:43:55,251 [oasis.ngsolve] INFO: NGSolve backend registered
2026-08-16 17:43:55,254 [oasis.registry] INFO: Registered backend: scikit-fem (skfem)
2026-08-16 17:43:55,254 [oasis.skfem] INFO: scikit-fem backend registered
2026-08-16 17:43:55,257 [oasis.registry] INFO: Registered backend: Kratos Multiphysics (kratos)
2026-08-16 17:43:55,257 [oasis.kratos] INFO: Kratos Multiphysics backend registered
2026-08-16 17:43:55,260 [oasis.registry] INFO: Registered backend: DUNE-fem (dune)
2026-08-16 17:43:55,260 [oasis.dune] INFO: DUNE-fem backend registered
2026-08-16 17:43:55,265 [oasis.registry] INFO: Registered backend: SPARTA (DSMC) (sparta)
2026-08-16 17:43:55,265 [oasis.sparta] INFO: SPARTA (DSMC) backend registered
2026-08-16 17:43:55,265 [oasis] INFO: Starting OASiS MCP server
2026-08-16 17:43:55,272 [mcp.server.lowlevel.server] INFO: Processing request of type CallToolRequest
2026-08-16 17:43:55,279 [mcp.server.lowlevel.server] INFO: Processing request of type ListToolsRequest
2026-08-16 17:43:55,285 [oasis] INFO: Session journal saved: /home/alexander/Schreibtisch/ofa-v2/data/sessions/session_dd4965d7-76c9-47e5-b8ca-1f41ab23e3ba.json (1 events)
[preflight] custody controls verified for 1 problem(s); keys sealed and unreadable by execution
[phase: development] results are for post-mortems and convergence checking, NOT for the paper's evaluation table.
[NG1 27b MCP s1] done  calls=40 tok=1683116/31207 620.7s
/home/alexander/Schreibtisch/ofa-v2/campaign3_blind/run_blind.py:571: ResourceWarning: unclosed file <_io.TextIOWrapper name='/home/alexander/Schreibtisch/ofa-v2/campaign3_blind/runs/NG1_27b_MCP_seed1/work/trajectory_live.txt' mode='a' encoding='utf-8'>
  run_one(pid, a.model, cond, a.seed, a.timeout)
ResourceWarning: Enable tracemalloc to get the object allocation traceback
/home/alexander/.local/share/python/cpython-3.12.13-linux-x86_64-gnu/lib/python3.12/asyncio/selector_events.py:879: ResourceWarning: unclosed transport <_SelectorSocketTransport fd=8>
<<< cell NG1 done 2026-08-16 17:45:17
/home/alexander/Schreibtisch/open-fem-agent/.venv-lg/lib/python3.12/site-packages/langchain_core/tools/structured.py:97: ResourceWarning: unclosed file <_io.TextIOWrapper name=10 encoding='UTF-8'>
  return self.func(*args, **kwargs)
ResourceWarning: Enable tracemalloc to get the object allocation traceback
/home/alexander/Schreibtisch/open-fem-agent/.venv-lg/lib/python3.12/site-packages/langchain_core/tools/structured.py:97: ResourceWarning: unclosed file <_io.TextIOWrapper name=13 encoding='UTF-8'>
  return self.func(*args, **kwargs)
ResourceWarning: Enable tracemalloc to get the object allocation traceback
2026-08-16 17:46:25,753 [oasis.registry] INFO: Loaded discovered config: 5 backends
2026-08-16 17:46:25,754 [oasis.registry] INFO: Registered backend: 4C Multiphysics (fourc)
2026-08-16 17:46:25,754 [oasis.registry] INFO: Registered backend: FEniCSx (dolfinx) (fenics)
2026-08-16 17:46:25,755 [oasis.registry] INFO: Registered backend: deal.II (dealii)
2026-08-16 17:46:25,759 [oasis.registry] INFO: Registered backend: FEBio (febio)
2026-08-16 17:46:25,761 [oasis.registry] INFO: Registered backend: NGSolve (ngsolve)
2026-08-16 17:46:25,761 [oasis.ngsolve] INFO: NGSolve backend registered
2026-08-16 17:46:25,763 [oasis.registry] INFO: Registered backend: scikit-fem (skfem)
2026-08-16 17:46:25,764 [oasis.skfem] INFO: scikit-fem backend registered
2026-08-16 17:46:25,767 [oasis.registry] INFO: Registered backend: Kratos Multiphysics (kratos)
2026-08-16 17:46:25,767 [oasis.kratos] INFO: Kratos Multiphysics backend registered
2026-08-16 17:46:25,769 [oasis.registry] INFO: Registered backend: DUNE-fem (dune)
2026-08-16 17:46:25,770 [oasis.dune] INFO: DUNE-fem backend registered
2026-08-16 17:46:25,775 [oasis.registry] INFO: Registered backend: SPARTA (DSMC) (sparta)
2026-08-16 17:46:25,775 [oasis.sparta] INFO: SPARTA (DSMC) backend registered
2026-08-16 17:46:25,775 [oasis] INFO: Starting OASiS MCP server
2026-08-16 17:46:25,782 [mcp.server.lowlevel.server] INFO: Processing request of type CallToolRequest
2026-08-16 17:46:26,746 [mcp.server.lowlevel.server] INFO: Processing request of type ListToolsRequest
2026-08-16 17:46:26,754 [oasis] INFO: Session journal saved: /home/alexander/Schreibtisch/ofa-v2/data/sessions/session_d83dacd5-6189-4dc0-a5bb-b894ddd32263.json (2 events)
2026-08-16 17:49:07,010 [oasis.registry] INFO: Loaded discovered config: 5 backends
2026-08-16 17:49:07,011 [oasis.registry] INFO: Registered backend: 4C Multiphysics (fourc)
2026-08-16 17:49:07,012 [oasis.registry] INFO: Registered backend: FEniCSx (dolfinx) (fenics)
2026-08-16 17:49:07,012 [oasis.registry] INFO: Registered backend: deal.II (dealii)
2026-08-16 17:49:07,016 [oasis.registry] INFO: Registered backend: FEBio (febio)
2026-08-16 17:49:07,018 [oasis.registry] INFO: Registered backend: NGSolve (ngsolve)
2026-08-16 17:49:07,018 [oasis.ngsolve] INFO: NGSolve backend registered
2026-08-16 17:49:07,021 [oasis.registry] INFO: Registered backend: scikit-fem (skfem)
2026-08-16 17:49:07,021 [oasis.skfem] INFO: scikit-fem backend registered
2026-08-16 17:49:07,025 [oasis.registry] INFO: Registered backend: Kratos Multiphysics (kratos)
2026-08-16 17:49:07,025 [oasis.kratos] INFO: Kratos Multiphysics backend registered
2026-08-16 17:49:07,027 [oasis.registry] INFO: Registered backend: DUNE-fem (dune)
2026-08-16 17:49:07,027 [oasis.dune] INFO: DUNE-fem backend registered
2026-08-16 17:49:07,032 [oasis.registry] INFO: Registered backend: SPARTA (DSMC) (sparta)
2026-08-16 17:49:07,032 [oasis.sparta] INFO: SPARTA (DSMC) backend registered
2026-08-16 17:49:07,032 [oasis] INFO: Starting OASiS MCP server
2026-08-16 17:49:07,040 [mcp.server.lowlevel.server] INFO: Processing request of type CallToolRequest
2026-08-16 17:49:08,609 [mcp.server.lowlevel.server] INFO: Processing request of type ListToolsRequest
2026-08-16 17:49:08,617 [oasis] INFO: Session journal saved: /home/alexander/Schreibtisch/ofa-v2/data/sessions/session_5b996fbb-340a-47cf-b551-1f6dc54401f3.json (2 events)
[preflight] custody controls verified for 1 problem(s); keys sealed and unreadable by execution
[phase: development] results are for post-mortems and convergence checking, NOT for the paper's evaluation table.
[FE2 27b MCP s1] done  calls=47 tok=2942870/103297 2700.0s  ERR TimeoutError: exceeded 2700s
sys:1: ResourceWarning: unclosed file <_io.TextIOWrapper name='/home/alexander/Schreibtisch/ofa-v2/campaign3_blind/runs/FE2_27b_MCP_seed1/work/trajectory_live.txt' mode='a' encoding='utf-8'>
ResourceWarning: Enable tracemalloc to get the object allocation traceback
<<< cell FE2 done 2026-08-16 17:49:25
/home/alexander/Schreibtisch/ofa-v2/langgraph_eval/agent.py:215: RuntimeWarning: This package (`duckduckgo_search`) has been renamed to `ddgs`! Use `pip install ddgs` instead.
  with DDGS() as ddgs:
/home/alexander/Schreibtisch/ofa-v2/langgraph_eval/agent.py:215: RuntimeWarning: This package (`duckduckgo_search`) has been renamed to `ddgs`! Use `pip install ddgs` instead.
  with DDGS() as ddgs:
/home/alexander/Schreibtisch/ofa-v2/langgraph_eval/agent.py:215: RuntimeWarning: This package (`duckduckgo_search`) has been renamed to `ddgs`! Use `pip install ddgs` instead.
  with DDGS() as ddgs:
/home/alexander/Schreibtisch/ofa-v2/langgraph_eval/agent.py:215: RuntimeWarning: This package (`duckduckgo_search`) has been renamed to `ddgs`! Use `pip install ddgs` instead.
  with DDGS() as ddgs:
/home/alexander/Schreibtisch/ofa-v2/langgraph_eval/agent.py:290: LangGraphDeprecatedSinceV10: create_react_agent has been moved to `langchain.agents`. Please update your import to `from langchain.agents import create_agent`. Deprecated in LangGraph V1.0 to be removed in V2.0.
  sub_agent = create_react_agent(
/home/alexander/Schreibtisch/ofa-v2/langgraph_eval/agent.py:215: RuntimeWarning: This package (`duckduckgo_search`) has been renamed to `ddgs`! Use `pip install ddgs` instead.
  with DDGS() as ddgs:
/home/alexander/Schreibtisch/ofa-v2/langgraph_eval/agent.py:215: RuntimeWarning: This package (`duckduckgo_search`) has been renamed to `ddgs`! Use `pip install ddgs` instead.
  with DDGS() as ddgs:
/home/alexander/Schreibtisch/ofa-v2/langgraph_eval/agent.py:215: RuntimeWarning: This package (`duckduckgo_search`) has been renamed to `ddgs`! Use `pip install ddgs` instead.
  with DDGS() as ddgs:
2026-08-16 18:01:45,401 [oasis.registry] INFO: Loaded discovered config: 5 backends
2026-08-16 18:01:45,402 [oasis.registry] INFO: Registered backend: 4C Multiphysics (fourc)
2026-08-16 18:01:45,402 [oasis.registry] INFO: Loaded discovered config: 5 backends
2026-08-16 18:01:45,402 [oasis.registry] INFO: Registered backend: FEniCSx (dolfinx) (fenics)
2026-08-16 18:01:45,403 [oasis.registry] INFO: Registered backend: deal.II (dealii)
2026-08-16 18:01:45,403 [oasis.registry] INFO: Registered backend: 4C Multiphysics (fourc)
2026-08-16 18:01:45,404 [oasis.registry] INFO: Registered backend: FEniCSx (dolfinx) (fenics)
2026-08-16 18:01:45,404 [oasis.registry] INFO: Registered backend: deal.II (dealii)
2026-08-16 18:01:45,407 [oasis.registry] INFO: Registered backend: FEBio (febio)
2026-08-16 18:01:45,408 [oasis.registry] INFO: Registered backend: FEBio (febio)
2026-08-16 18:01:45,409 [oasis.registry] INFO: Registered backend: NGSolve (ngsolve)
2026-08-16 18:01:45,409 [oasis.ngsolve] INFO: NGSolve backend registered
2026-08-16 18:01:45,410 [oasis.registry] INFO: Registered backend: NGSolve (ngsolve)
2026-08-16 18:01:45,410 [oasis.ngsolve] INFO: NGSolve backend registered
2026-08-16 18:01:45,412 [oasis.registry] INFO: Registered backend: scikit-fem (skfem)
2026-08-16 18:01:45,412 [oasis.skfem] INFO: scikit-fem backend registered
2026-08-16 18:01:45,413 [oasis.registry] INFO: Registered backend: scikit-fem (skfem)
2026-08-16 18:01:45,413 [oasis.skfem] INFO: scikit-fem backend registered
2026-08-16 18:01:45,415 [oasis.registry] INFO: Registered backend: Kratos Multiphysics (kratos)
2026-08-16 18:01:45,416 [oasis.kratos] INFO: Kratos Multiphysics backend registered
2026-08-16 18:01:45,417 [oasis.registry] INFO: Registered backend: Kratos Multiphysics (kratos)
2026-08-16 18:01:45,417 [oasis.kratos] INFO: Kratos Multiphysics backend registered
2026-08-16 18:01:45,418 [oasis.registry] INFO: Registered backend: DUNE-fem (dune)
2026-08-16 18:01:45,418 [oasis.dune] INFO: DUNE-fem backend registered
2026-08-16 18:01:45,420 [oasis.registry] INFO: Registered backend: DUNE-fem (dune)
2026-08-16 18:01:45,420 [oasis.dune] INFO: DUNE-fem backend registered
2026-08-16 18:01:45,423 [oasis.registry] INFO: Registered backend: SPARTA (DSMC) (sparta)
2026-08-16 18:01:45,423 [oasis.sparta] INFO: SPARTA (DSMC) backend registered
2026-08-16 18:01:45,423 [oasis] INFO: Starting OASiS MCP server
2026-08-16 18:01:45,425 [oasis.registry] INFO: Registered backend: SPARTA (DSMC) (sparta)
2026-08-16 18:01:45,425 [oasis.sparta] INFO: SPARTA (DSMC) backend registered
2026-08-16 18:01:45,425 [oasis] INFO: Starting OASiS MCP server
2026-08-16 18:01:45,431 [mcp.server.lowlevel.server] INFO: Processing request of type CallToolRequest
2026-08-16 18:01:45,433 [mcp.server.lowlevel.server] INFO: Processing request of type CallToolRequest
2026-08-16 18:01:45,440 [mcp.server.lowlevel.server] INFO: Processing request of type ListToolsRequest
2026-08-16 18:01:45,460 [mcp.server.lowlevel.server] INFO: Processing request of type ListToolsRequest
2026-08-16 18:01:45,466 [oasis] INFO: Session journal saved: /home/alexander/Schreibtisch/ofa-v2/data/sessions/session_e87369d4-d771-413e-b1ef-9920dd3a48b9.json (1 events)
2026-08-16 18:02:32,524 [oasis.registry] INFO: Loaded discovered config: 5 backends
2026-08-16 18:02:32,525 [oasis.registry] INFO: Registered backend: 4C Multiphysics (fourc)
2026-08-16 18:02:32,526 [oasis.registry] INFO: Registered backend: FEniCSx (dolfinx) (fenics)
2026-08-16 18:02:32,526 [oasis.registry] INFO: Registered backend: deal.II (dealii)
2026-08-16 18:02:32,530 [oasis.registry] INFO: Registered backend: FEBio (febio)
2026-08-16 18:02:32,533 [oasis.registry] INFO: Registered backend: NGSolve (ngsolve)
2026-08-16 18:02:32,533 [oasis.ngsolve] INFO: NGSolve backend registered
2026-08-16 18:02:32,536 [oasis.registry] INFO: Registered backend: scikit-fem (skfem)
2026-08-16 18:02:32,536 [oasis.skfem] INFO: scikit-fem backend registered
2026-08-16 18:02:32,541 [oasis.registry] INFO: Registered backend: Kratos Multiphysics (kratos)
2026-08-16 18:02:32,546 [oasis.kratos] INFO: Kratos Multiphysics backend registered
2026-08-16 18:02:32,549 [oasis.registry] INFO: Registered backend: DUNE-fem (dune)
2026-08-16 18:02:32,549 [oasis.dune] INFO: DUNE-fem backend registered
2026-08-16 18:02:32,559 [oasis.registry] INFO: Registered backend: SPARTA (DSMC) (sparta)
2026-08-16 18:02:32,559 [oasis.sparta] INFO: SPARTA (DSMC) backend registered
2026-08-16 18:02:32,559 [oasis] INFO: Starting OASiS MCP server
2026-08-16 18:02:32,607 [mcp.server.lowlevel.server] INFO: Processing request of type CallToolRequest
2026-08-16 18:02:32,619 [mcp.server.lowlevel.server] INFO: Processing request of type ListToolsRequest
2026-08-16 18:02:44,775 [oasis.registry] INFO: Loaded discovered config: 5 backends
2026-08-16 18:02:44,776 [oasis.registry] INFO: Registered backend: 4C Multiphysics (fourc)
2026-08-16 18:02:44,776 [oasis.registry] INFO: Registered backend: FEniCSx (dolfinx) (fenics)
2026-08-16 18:02:44,777 [oasis.registry] INFO: Registered backend: deal.II (dealii)
2026-08-16 18:02:44,781 [oasis.registry] INFO: Registered backend: FEBio (febio)
2026-08-16 18:02:44,783 [oasis.registry] INFO: Registered backend: NGSolve (ngsolve)
2026-08-16 18:02:44,783 [oasis.ngsolve] INFO: NGSolve backend registered
2026-08-16 18:02:44,786 [oasis.registry] INFO: Registered backend: scikit-fem (skfem)
2026-08-16 18:02:44,786 [oasis.skfem] INFO: scikit-fem backend registered
2026-08-16 18:02:44,789 [oasis.registry] INFO: Registered backend: Kratos Multiphysics (kratos)
2026-08-16 18:02:44,789 [oasis.kratos] INFO: Kratos Multiphysics backend registered
2026-08-16 18:02:44,792 [oasis.registry] INFO: Registered backend: DUNE-fem (dune)
2026-08-16 18:02:44,792 [oasis.dune] INFO: DUNE-fem backend registered
2026-08-16 18:02:44,797 [oasis.registry] INFO: Registered backend: SPARTA (DSMC) (sparta)
2026-08-16 18:02:44,797 [oasis.sparta] INFO: SPARTA (DSMC) backend registered
2026-08-16 18:02:44,797 [oasis] INFO: Starting OASiS MCP server
2026-08-16 18:02:44,805 [mcp.server.lowlevel.server] INFO: Processing request of type CallToolRequest
2026-08-16 18:02:44,808 [mcp.server.lowlevel.server] INFO: Processing request of type ListToolsRequest
[preflight] custody controls verified for 1 problem(s); keys sealed and unreadable by execution
[phase: development] results are for post-mortems and convergence checking, NOT for the paper's evaluation table.
[DL2 27b MCP s1] done  calls=50 tok=3305053/55350 2587.4s
/home/alexander/Schreibtisch/ofa-v2/campaign3_blind/run_blind.py:571: ResourceWarning: unclosed file <_io.TextIOWrapper name='/home/alexander/Schreibtisch/ofa-v2/campaign3_blind/runs/DL2_27b_MCP_seed1/work/trajectory_live.txt' mode='a' encoding='utf-8'>
  run_one(pid, a.model, cond, a.seed, a.timeout)
ResourceWarning: Enable tracemalloc to get the object allocation traceback
/home/alexander/.local/share/python/cpython-3.12.13-linux-x86_64-gnu/lib/python3.12/asyncio/selector_events.py:879: ResourceWarning: unclosed transport <_SelectorSocketTransport fd=8>
<<< cell DL2 done 2026-08-16 18:02:59
/home/alexander/Schreibtisch/ofa-v2/langgraph_eval/agent.py:215: RuntimeWarning: This package (`duckduckgo_search`) has been renamed to `ddgs`! Use `pip install ddgs` instead.
  with DDGS() as ddgs:
/home/alexander/Schreibtisch/ofa-v2/langgraph_eval/agent.py:215: RuntimeWarning: This package (`duckduckgo_search`) has been renamed to `ddgs`! Use `pip install ddgs` instead.
  with DDGS() as ddgs:
/home/alexander/Schreibtisch/ofa-v2/langgraph_eval/agent.py:215: RuntimeWarning: This package (`duckduckgo_search`) has been renamed to `ddgs`! Use `pip install ddgs` instead.
  with DDGS() as ddgs:
[preflight] custody controls verified for 1 problem(s); keys sealed and unreadable by execution
[phase: development] results are for post-mortems and convergence checking, NOT for the paper's evaluation table.
[SK1 27b BARE s1] done  calls=96 tok=3784904/55156 1451.1s
2026-08-16 18:14:12,255 [oasis.registry] INFO: Loaded discovered config: 5 backends
2026-08-16 18:14:12,256 [oasis.registry] INFO: Registered backend: 4C Multiphysics (fourc)
2026-08-16 18:14:12,256 [oasis.registry] INFO: Registered backend: FEniCSx (dolfinx) (fenics)
2026-08-16 18:14:12,257 [oasis.registry] INFO: Registered backend: deal.II (dealii)
2026-08-16 18:14:12,261 [oasis.registry] INFO: Registered backend: FEBio (febio)
2026-08-16 18:14:12,263 [oasis.registry] INFO: Registered backend: NGSolve (ngsolve)
2026-08-16 18:14:12,263 [oasis.ngsolve] INFO: NGSolve backend registered
2026-08-16 18:14:12,266 [oasis.registry] INFO: Registered backend: scikit-fem (skfem)
2026-08-16 18:14:12,266 [oasis.skfem] INFO: scikit-fem backend registered
2026-08-16 18:14:12,269 [oasis.registry] INFO: Registered backend: Kratos Multiphysics (kratos)
2026-08-16 18:14:12,269 [oasis.kratos] INFO: Kratos Multiphysics backend registered
2026-08-16 18:14:12,272 [oasis.registry] INFO: Registered backend: DUNE-fem (dune)
2026-08-16 18:14:12,272 [oasis.dune] INFO: DUNE-fem backend registered
2026-08-16 18:14:12,277 [oasis.registry] INFO: Registered backend: SPARTA (DSMC) (sparta)
2026-08-16 18:14:12,278 [oasis.sparta] INFO: SPARTA (DSMC) backend registered
2026-08-16 18:14:12,278 [oasis] INFO: Starting OASiS MCP server
2026-08-16 18:14:12,286 [mcp.server.lowlevel.server] INFO: Processing request of type ListToolsRequest
2026-08-16 18:14:17,948 [oasis.registry] INFO: Loaded discovered config: 5 backends
2026-08-16 18:14:17,949 [oasis.registry] INFO: Registered backend: 4C Multiphysics (fourc)
2026-08-16 18:14:17,950 [oasis.registry] INFO: Registered backend: FEniCSx (dolfinx) (fenics)
2026-08-16 18:14:17,950 [oasis.registry] INFO: Registered backend: deal.II (dealii)
2026-08-16 18:14:17,954 [oasis.registry] INFO: Registered backend: FEBio (febio)
2026-08-16 18:14:17,957 [oasis.registry] INFO: Registered backend: NGSolve (ngsolve)
2026-08-16 18:14:17,957 [oasis.ngsolve] INFO: NGSolve backend registered
2026-08-16 18:14:17,959 [oasis.registry] INFO: Loaded discovered config: 5 backends
2026-08-16 18:14:17,959 [oasis.registry] INFO: Registered backend: scikit-fem (skfem)
2026-08-16 18:14:17,959 [oasis.skfem] INFO: scikit-fem backend registered
2026-08-16 18:14:17,960 [oasis.registry] INFO: Registered backend: 4C Multiphysics (fourc)
2026-08-16 18:14:17,960 [oasis.registry] INFO: Registered backend: FEniCSx (dolfinx) (fenics)
2026-08-16 18:14:17,961 [oasis.registry] INFO: Registered backend: deal.II (dealii)
2026-08-16 18:14:17,963 [oasis.registry] INFO: Registered backend: Kratos Multiphysics (kratos)
2026-08-16 18:14:17,963 [oasis.kratos] INFO: Kratos Multiphysics backend registered
2026-08-16 18:14:17,964 [oasis.registry] INFO: Registered backend: FEBio (febio)
2026-08-16 18:14:17,966 [oasis.registry] INFO: Registered backend: DUNE-fem (dune)
2026-08-16 18:14:17,966 [oasis.dune] INFO: DUNE-fem backend registered
2026-08-16 18:14:17,967 [oasis.registry] INFO: Registered backend: NGSolve (ngsolve)
2026-08-16 18:14:17,967 [oasis.ngsolve] INFO: NGSolve backend registered
2026-08-16 18:14:17,970 [oasis.registry] INFO: Registered backend: scikit-fem (skfem)
2026-08-16 18:14:17,970 [oasis.skfem] INFO: scikit-fem backend registered
2026-08-16 18:14:17,971 [oasis.registry] INFO: Registered backend: SPARTA (DSMC) (sparta)
2026-08-16 18:14:17,971 [oasis.sparta] INFO: SPARTA (DSMC) backend registered
2026-08-16 18:14:17,971 [oasis] INFO: Starting OASiS MCP server
2026-08-16 18:14:17,973 [oasis.registry] INFO: Registered backend: Kratos Multiphysics (kratos)
2026-08-16 18:14:17,973 [oasis.kratos] INFO: Kratos Multiphysics backend registered
2026-08-16 18:14:17,976 [oasis.registry] INFO: Registered backend: DUNE-fem (dune)
2026-08-16 18:14:17,976 [oasis.dune] INFO: DUNE-fem backend registered
2026-08-16 18:14:17,979 [mcp.server.lowlevel.server] INFO: Processing request of type CallToolRequest
2026-08-16 18:14:17,981 [oasis.registry] INFO: Registered backend: SPARTA (DSMC) (sparta)
2026-08-16 18:14:17,981 [oasis.sparta] INFO: SPARTA (DSMC) backend registered
2026-08-16 18:14:17,981 [oasis] INFO: Starting OASiS MCP server
2026-08-16 18:14:17,989 [mcp.server.lowlevel.server] INFO: Processing request of type CallToolRequest
2026-08-16 18:14:21,357 [mcp.server.lowlevel.server] INFO: Processing request of type ListToolsRequest
2026-08-16 18:14:21,366 [oasis] INFO: Session journal saved: /home/alexander/Schreibtisch/ofa-v2/data/sessions/session_baa8ec62-28da-4ea1-adc3-043e7f6f3b69.json (1 events)
2026-08-16 18:14:21,411 [mcp.server.lowlevel.server] INFO: Processing request of type ListToolsRequest
2026-08-16 18:14:26,099 [oasis.registry] INFO: Loaded discovered config: 5 backends
2026-08-16 18:14:26,100 [oasis.registry] INFO: Registered backend: 4C Multiphysics (fourc)
2026-08-16 18:14:26,100 [oasis.registry] INFO: Registered backend: FEniCSx (dolfinx) (fenics)
2026-08-16 18:14:26,101 [oasis.registry] INFO: Registered backend: deal.II (dealii)
2026-08-16 18:14:26,104 [oasis.registry] INFO: Registered backend: FEBio (febio)
2026-08-16 18:14:26,107 [oasis.registry] INFO: Registered backend: NGSolve (ngsolve)
2026-08-16 18:14:26,107 [oasis.ngsolve] INFO: NGSolve backend registered
2026-08-16 18:14:26,110 [oasis.registry] INFO: Registered backend: scikit-fem (skfem)
2026-08-16 18:14:26,110 [oasis.skfem] INFO: scikit-fem backend registered
2026-08-16 18:14:26,113 [oasis.registry] INFO: Registered backend: Kratos Multiphysics (kratos)
2026-08-16 18:14:26,113 [oasis.kratos] INFO: Kratos Multiphysics backend registered
2026-08-16 18:14:26,116 [oasis.registry] INFO: Registered backend: DUNE-fem (dune)
2026-08-16 18:14:26,116 [oasis.dune] INFO: DUNE-fem backend registered
2026-08-16 18:14:26,121 [oasis.registry] INFO: Registered backend: SPARTA (DSMC) (sparta)
2026-08-16 18:14:26,121 [oasis.sparta] INFO: SPARTA (DSMC) backend registered
2026-08-16 18:14:26,121 [oasis] INFO: Starting OASiS MCP server
2026-08-16 18:14:26,128 [mcp.server.lowlevel.server] INFO: Processing request of type CallToolRequest
2026-08-16 18:14:26,132 [mcp.server.lowlevel.server] INFO: Processing request of type ListToolsRequest
2026-08-16 18:14:51,027 [oasis.registry] INFO: Loaded discovered config: 5 backends
2026-08-16 18:14:51,028 [oasis.registry] INFO: Registered backend: 4C Multiphysics (fourc)
2026-08-16 18:14:51,029 [oasis.registry] INFO: Registered backend: FEniCSx (dolfinx) (fenics)
2026-08-16 18:14:51,029 [oasis.registry] INFO: Registered backend: deal.II (dealii)
2026-08-16 18:14:51,033 [oasis.registry] INFO: Registered backend: FEBio (febio)
2026-08-16 18:14:51,035 [oasis.registry] INFO: Registered backend: NGSolve (ngsolve)
2026-08-16 18:14:51,036 [oasis.ngsolve] INFO: NGSolve backend registered
2026-08-16 18:14:51,038 [oasis.registry] INFO: Registered backend: scikit-fem (skfem)
2026-08-16 18:14:51,038 [oasis.skfem] INFO: scikit-fem backend registered
2026-08-16 18:14:51,041 [oasis.registry] INFO: Loaded discovered config: 5 backends
2026-08-16 18:14:51,042 [oasis.registry] INFO: Registered backend: 4C Multiphysics (fourc)
2026-08-16 18:14:51,042 [oasis.registry] INFO: Registered backend: Kratos Multiphysics (kratos)
2026-08-16 18:14:51,042 [oasis.kratos] INFO: Kratos Multiphysics backend registered
2026-08-16 18:14:51,042 [oasis.registry] INFO: Registered backend: FEniCSx (dolfinx) (fenics)
2026-08-16 18:14:51,043 [oasis.registry] INFO: Registered backend: deal.II (dealii)
2026-08-16 18:14:51,045 [oasis.registry] INFO: Registered backend: DUNE-fem (dune)
2026-08-16 18:14:51,045 [oasis.dune] INFO: DUNE-fem backend registered
2026-08-16 18:14:51,045 [oasis.registry] INFO: Loaded discovered config: 5 backends
2026-08-16 18:14:51,046 [oasis.registry] INFO: Registered backend: 4C Multiphysics (fourc)
2026-08-16 18:14:51,047 [oasis.registry] INFO: Registered backend: FEBio (febio)
2026-08-16 18:14:51,047 [oasis.registry] INFO: Registered backend: FEniCSx (dolfinx) (fenics)
2026-08-16 18:14:51,048 [oasis.registry] INFO: Registered backend: deal.II (dealii)
2026-08-16 18:14:51,049 [oasis.registry] INFO: Registered backend: NGSolve (ngsolve)
2026-08-16 18:14:51,049 [oasis.ngsolve] INFO: NGSolve backend registered
2026-08-16 18:14:51,050 [oasis.registry] INFO: Registered backend: SPARTA (DSMC) (sparta)
2026-08-16 18:14:51,050 [oasis.sparta] INFO: SPARTA (DSMC) backend registered
2026-08-16 18:14:51,050 [oasis] INFO: Starting OASiS MCP server
2026-08-16 18:14:51,052 [oasis.registry] INFO: Registered backend: FEBio (febio)
2026-08-16 18:14:51,052 [oasis.registry] INFO: Registered backend: scikit-fem (skfem)
2026-08-16 18:14:51,052 [oasis.skfem] INFO: scikit-fem backend registered
2026-08-16 18:14:51,054 [oasis.registry] INFO: Registered backend: NGSolve (ngsolve)
2026-08-16 18:14:51,054 [oasis.ngsolve] INFO: NGSolve backend registered
2026-08-16 18:14:51,055 [oasis.registry] INFO: Registered backend: Kratos Multiphysics (kratos)
2026-08-16 18:14:51,055 [oasis.kratos] INFO: Kratos Multiphysics backend registered
2026-08-16 18:14:51,057 [oasis.registry] INFO: Registered backend: scikit-fem (skfem)
2026-08-16 18:14:51,057 [oasis.skfem] INFO: scikit-fem backend registered
2026-08-16 18:14:51,058 [oasis.registry] INFO: Registered backend: DUNE-fem (dune)
2026-08-16 18:14:51,058 [oasis.dune] INFO: DUNE-fem backend registered
2026-08-16 18:14:51,058 [mcp.server.lowlevel.server] INFO: Processing request of type CallToolRequest
2026-08-16 18:14:51,061 [oasis.registry] INFO: Registered backend: Kratos Multiphysics (kratos)
2026-08-16 18:14:51,061 [oasis.kratos] INFO: Kratos Multiphysics backend registered
2026-08-16 18:14:51,063 [oasis.registry] INFO: Registered backend: SPARTA (DSMC) (sparta)
2026-08-16 18:14:51,063 [oasis.sparta] INFO: SPARTA (DSMC) backend registered
2026-08-16 18:14:51,063 [oasis] INFO: Starting OASiS MCP server
2026-08-16 18:14:51,063 [oasis.registry] INFO: Registered backend: DUNE-fem (dune)
2026-08-16 18:14:51,063 [oasis.dune] INFO: DUNE-fem backend registered
2026-08-16 18:14:51,063 [mcp.server.lowlevel.server] INFO: Processing request of type ListToolsRequest
2026-08-16 18:14:51,068 [oasis.registry] INFO: Registered backend: SPARTA (DSMC) (sparta)
2026-08-16 18:14:51,068 [oasis.sparta] INFO: SPARTA (DSMC) backend registered
2026-08-16 18:14:51,068 [oasis] INFO: Starting OASiS MCP server
2026-08-16 18:14:51,068 [oasis] INFO: Session journal saved: /home/alexander/Schreibtisch/ofa-v2/data/sessions/session_cf0c6386-752b-41d3-a104-7fa8de95a540.json (1 events)
2026-08-16 18:14:51,070 [mcp.server.lowlevel.server] INFO: Processing request of type CallToolRequest
2026-08-16 18:14:51,076 [mcp.server.lowlevel.server] INFO: Processing request of type CallToolRequest
2026-08-16 18:14:51,079 [mcp.server.lowlevel.server] INFO: Processing request of type ListToolsRequest
2026-08-16 18:14:51,082 [mcp.server.lowlevel.server] INFO: Processing request of type ListToolsRequest
2026-08-16 18:14:51,084 [oasis] INFO: Session journal saved: /home/alexander/Schreibtisch/ofa-v2/data/sessions/session_b47a199e-1ab5-4a09-aa03-6ae984d7a69d.json (1 events)
/home/alexander/Schreibtisch/ofa-v2/langgraph_eval/agent.py:215: RuntimeWarning: This package (`duckduckgo_search`) has been renamed to `ddgs`! Use `pip install ddgs` instead.
  with DDGS() as ddgs:
/home/alexander/Schreibtisch/ofa-v2/langgraph_eval/agent.py:215: RuntimeWarning: This package (`duckduckgo_search`) has been renamed to `ddgs`! Use `pip install ddgs` instead.
  with DDGS() as ddgs:
/home/alexander/Schreibtisch/ofa-v2/langgraph_eval/agent.py:215: RuntimeWarning: This package (`duckduckgo_search`) has been renamed to `ddgs`! Use `pip install ddgs` instead.
  with DDGS() as ddgs:
/home/alexander/Schreibtisch/ofa-v2/langgraph_eval/agent.py:215: RuntimeWarning: This package (`duckduckgo_search`) has been renamed to `ddgs`! Use `pip install ddgs` instead.
  with DDGS() as ddgs:
/home/alexander/Schreibtisch/ofa-v2/langgraph_eval/agent.py:215: RuntimeWarning: This package (`duckduckgo_search`) has been renamed to `ddgs`! Use `pip install ddgs` instead.
  with DDGS() as ddgs:
/home/alexander/Schreibtisch/ofa-v2/langgraph_eval/agent.py:215: RuntimeWarning: This package (`duckduckgo_search`) has been renamed to `ddgs`! Use `pip install ddgs` instead.
  with DDGS() as ddgs:
/home/alexander/Schreibtisch/ofa-v2/langgraph_eval/agent.py:215: RuntimeWarning: This package (`duckduckgo_search`) has been renamed to `ddgs`! Use `pip install ddgs` instead.
  with DDGS() as ddgs:
/home/alexander/Schreibtisch/ofa-v2/langgraph_eval/agent.py:215: RuntimeWarning: This package (`duckduckgo_search`) has been renamed to `ddgs`! Use `pip install ddgs` instead.
  with DDGS() as ddgs:
/home/alexander/Schreibtisch/ofa-v2/langgraph_eval/agent.py:215: RuntimeWarning: This package (`duckduckgo_search`) has been renamed to `ddgs`! Use `pip install ddgs` instead.
  with DDGS() as ddgs:
[preflight] custody controls verified for 1 problem(s); keys sealed and unreadable by execution
[phase: development] results are for post-mortems and convergence checking, NOT for the paper's evaluation table.
[SK1 27b MCP s1] done  calls=9 tok=641217/21465 334.1s
/home/alexander/Schreibtisch/ofa-v2/campaign3_blind/run_blind.py:571: ResourceWarning: unclosed file <_io.TextIOWrapper name='/home/alexander/Schreibtisch/ofa-v2/campaign3_blind/runs/SK1_27b_MCP_seed1/work/trajectory_live.txt' mode='a' encoding='utf-8'>
  run_one(pid, a.model, cond, a.seed, a.timeout)
ResourceWarning: Enable tracemalloc to get the object allocation traceback
/home/alexander/.local/share/python/cpython-3.12.13-linux-x86_64-gnu/lib/python3.12/asyncio/selector_events.py:879: ResourceWarning: unclosed transport <_SelectorSocketTransport fd=8>
<<< cell SK1 done 2026-08-16 18:19:47
[preflight] custody controls verified for 1 problem(s); keys sealed and unreadable by execution
[phase: development] results are for post-mortems and convergence checking, NOT for the paper's evaluation table.
[NG2 27b BARE s1] done  calls=125 tok=9632606/122509 2151.4s
/home/alexander/Schreibtisch/ofa-v2/campaign3_blind/run_blind.py:571: ResourceWarning: unclosed file <_io.TextIOWrapper name='/home/alexander/Schreibtisch/ofa-v2/campaign3_blind/runs/NG2_27b_BARE_seed1/work/trajectory_live.txt' mode='a' encoding='utf-8'>
  run_one(pid, a.model, cond, a.seed, a.timeout)
ResourceWarning: Enable tracemalloc to get the object allocation traceback
/home/alexander/.local/share/python/cpython-3.12.13-linux-x86_64-gnu/lib/python3.12/asyncio/selector_events.py:879: ResourceWarning: unclosed transport <_SelectorSocketTransport fd=8>
2026-08-16 18:21:22,372 [oasis.registry] INFO: Loaded discovered config: 5 backends
2026-08-16 18:21:22,373 [oasis.registry] INFO: Registered backend: 4C Multiphysics (fourc)
2026-08-16 18:21:22,373 [oasis.registry] INFO: Registered backend: FEniCSx (dolfinx) (fenics)
2026-08-16 18:21:22,374 [oasis.registry] INFO: Registered backend: deal.II (dealii)
2026-08-16 18:21:22,378 [oasis.registry] INFO: Registered backend: FEBio (febio)
2026-08-16 18:21:22,380 [oasis.registry] INFO: Registered backend: NGSolve (ngsolve)
2026-08-16 18:21:22,380 [oasis.ngsolve] INFO: NGSolve backend registered
2026-08-16 18:21:22,383 [oasis.registry] INFO: Registered backend: scikit-fem (skfem)
2026-08-16 18:21:22,383 [oasis.skfem] INFO: scikit-fem backend registered
2026-08-16 18:21:22,387 [oasis.registry] INFO: Registered backend: Kratos Multiphysics (kratos)
2026-08-16 18:21:22,387 [oasis.kratos] INFO: Kratos Multiphysics backend registered
2026-08-16 18:21:22,389 [oasis.registry] INFO: Registered backend: DUNE-fem (dune)
2026-08-16 18:21:22,389 [oasis.dune] INFO: DUNE-fem backend registered
2026-08-16 18:21:22,395 [oasis.registry] INFO: Registered backend: SPARTA (DSMC) (sparta)
2026-08-16 18:21:22,395 [oasis.sparta] INFO: SPARTA (DSMC) backend registered
2026-08-16 18:21:22,395 [oasis] INFO: Starting OASiS MCP server
2026-08-16 18:21:22,403 [mcp.server.lowlevel.server] INFO: Processing request of type ListToolsRequest
2026-08-16 18:21:31,461 [oasis.registry] INFO: Loaded discovered config: 5 backends
2026-08-16 18:21:31,462 [oasis.registry] INFO: Registered backend: 4C Multiphysics (fourc)
2026-08-16 18:21:31,463 [oasis.registry] INFO: Registered backend: FEniCSx (dolfinx) (fenics)
2026-08-16 18:21:31,463 [oasis.registry] INFO: Registered backend: deal.II (dealii)
2026-08-16 18:21:31,464 [oasis.registry] INFO: Loaded discovered config: 5 backends
2026-08-16 18:21:31,465 [oasis.registry] INFO: Registered backend: 4C Multiphysics (fourc)
2026-08-16 18:21:31,466 [oasis.registry] INFO: Registered backend: FEniCSx (dolfinx) (fenics)
2026-08-16 18:21:31,466 [oasis.registry] INFO: Registered backend: deal.II (dealii)
2026-08-16 18:21:31,467 [oasis.registry] INFO: Registered backend: FEBio (febio)
2026-08-16 18:21:31,469 [oasis.registry] INFO: Registered backend: NGSolve (ngsolve)
2026-08-16 18:21:31,469 [oasis.ngsolve] INFO: NGSolve backend registered
2026-08-16 18:21:31,470 [oasis.registry] INFO: Registered backend: FEBio (febio)
2026-08-16 18:21:31,472 [oasis.registry] INFO: Registered backend: scikit-fem (skfem)
2026-08-16 18:21:31,472 [oasis.skfem] INFO: scikit-fem backend registered
2026-08-16 18:21:31,472 [oasis.registry] INFO: Registered backend: NGSolve (ngsolve)
2026-08-16 18:21:31,472 [oasis.ngsolve] INFO: NGSolve backend registered
2026-08-16 18:21:31,475 [oasis.registry] INFO: Registered backend: scikit-fem (skfem)
2026-08-16 18:21:31,475 [oasis.skfem] INFO: scikit-fem backend registered
2026-08-16 18:21:31,476 [oasis.registry] INFO: Registered backend: Kratos Multiphysics (kratos)
2026-08-16 18:21:31,476 [oasis.kratos] INFO: Kratos Multiphysics backend registered
2026-08-16 18:21:31,478 [oasis.registry] INFO: Registered backend: DUNE-fem (dune)
2026-08-16 18:21:31,478 [oasis.dune] INFO: DUNE-fem backend registered
2026-08-16 18:21:31,479 [oasis.registry] INFO: Registered backend: Kratos Multiphysics (kratos)
2026-08-16 18:21:31,479 [oasis.kratos] INFO: Kratos Multiphysics backend registered
2026-08-16 18:21:31,481 [oasis.registry] INFO: Registered backend: DUNE-fem (dune)
2026-08-16 18:21:31,481 [oasis.dune] INFO: DUNE-fem backend registered
2026-08-16 18:21:31,483 [oasis.registry] INFO: Registered backend: SPARTA (DSMC) (sparta)
2026-08-16 18:21:31,483 [oasis.sparta] INFO: SPARTA (DSMC) backend registered
2026-08-16 18:21:31,483 [oasis] INFO: Starting OASiS MCP server
2026-08-16 18:21:31,486 [oasis.registry] INFO: Registered backend: SPARTA (DSMC) (sparta)
2026-08-16 18:21:31,486 [oasis.sparta] INFO: SPARTA (DSMC) backend registered
2026-08-16 18:21:31,486 [oasis] INFO: Starting OASiS MCP server
2026-08-16 18:21:31,491 [mcp.server.lowlevel.server] INFO: Processing request of type CallToolRequest
2026-08-16 18:21:31,494 [mcp.server.lowlevel.server] INFO: Processing request of type CallToolRequest
2026-08-16 18:21:34,870 [mcp.server.lowlevel.server] INFO: Processing request of type ListToolsRequest
2026-08-16 18:21:34,907 [mcp.server.lowlevel.server] INFO: Processing request of type ListToolsRequest
2026-08-16 18:21:34,915 [oasis] INFO: Session journal saved: /home/alexander/Schreibtisch/ofa-v2/data/sessions/session_f13b87be-7a69-4f60-a187-220b75e0871a.json (1 events)
2026-08-16 18:21:38,579 [oasis.registry] INFO: Loaded discovered config: 5 backends
2026-08-16 18:21:38,580 [oasis.registry] INFO: Registered backend: 4C Multiphysics (fourc)
2026-08-16 18:21:38,581 [oasis.registry] INFO: Registered backend: FEniCSx (dolfinx) (fenics)
2026-08-16 18:21:38,581 [oasis.registry] INFO: Registered backend: deal.II (dealii)
2026-08-16 18:21:38,585 [oasis.registry] INFO: Registered backend: FEBio (febio)
2026-08-16 18:21:38,588 [oasis.registry] INFO: Registered backend: NGSolve (ngsolve)
2026-08-16 18:21:38,588 [oasis.ngsolve] INFO: NGSolve backend registered
2026-08-16 18:21:38,590 [oasis.registry] INFO: Registered backend: scikit-fem (skfem)
2026-08-16 18:21:38,590 [oasis.skfem] INFO: scikit-fem backend registered
2026-08-16 18:21:38,594 [oasis.registry] INFO: Registered backend: Kratos Multiphysics (kratos)
2026-08-16 18:21:38,594 [oasis.kratos] INFO: Kratos Multiphysics backend registered
2026-08-16 18:21:38,596 [oasis.registry] INFO: Registered backend: DUNE-fem (dune)
2026-08-16 18:21:38,597 [oasis.dune] INFO: DUNE-fem backend registered
2026-08-16 18:21:38,602 [oasis.registry] INFO: Registered backend: SPARTA (DSMC) (sparta)
2026-08-16 18:21:38,602 [oasis.sparta] INFO: SPARTA (DSMC) backend registered
2026-08-16 18:21:38,602 [oasis] INFO: Starting OASiS MCP server
2026-08-16 18:21:38,610 [mcp.server.lowlevel.server] INFO: Processing request of type CallToolRequest
2026-08-16 18:21:38,614 [mcp.server.lowlevel.server] INFO: Processing request of type ListToolsRequest
2026-08-16 18:21:42,244 [oasis.registry] INFO: Loaded discovered config: 5 backends
2026-08-16 18:21:42,246 [oasis.registry] INFO: Registered backend: 4C Multiphysics (fourc)
2026-08-16 18:21:42,247 [oasis.registry] INFO: Registered backend: FEniCSx (dolfinx) (fenics)
2026-08-16 18:21:42,247 [oasis.registry] INFO: Registered backend: deal.II (dealii)
2026-08-16 18:21:42,251 [oasis.registry] INFO: Registered backend: FEBio (febio)
2026-08-16 18:21:42,253 [oasis.registry] INFO: Registered backend: NGSolve (ngsolve)
2026-08-16 18:21:42,253 [oasis.ngsolve] INFO: NGSolve backend registered
2026-08-16 18:21:42,256 [oasis.registry] INFO: Registered backend: scikit-fem (skfem)
2026-08-16 18:21:42,256 [oasis.skfem] INFO: scikit-fem backend registered
2026-08-16 18:21:42,260 [oasis.registry] INFO: Registered backend: Kratos Multiphysics (kratos)
2026-08-16 18:21:42,260 [oasis.kratos] INFO: Kratos Multiphysics backend registered
2026-08-16 18:21:42,262 [oasis.registry] INFO: Registered backend: DUNE-fem (dune)
2026-08-16 18:21:42,262 [oasis.dune] INFO: DUNE-fem backend registered
2026-08-16 18:21:42,267 [oasis.registry] INFO: Registered backend: SPARTA (DSMC) (sparta)
2026-08-16 18:21:42,267 [oasis.sparta] INFO: SPARTA (DSMC) backend registered
2026-08-16 18:21:42,267 [oasis] INFO: Starting OASiS MCP server
2026-08-16 18:21:42,276 [mcp.server.lowlevel.server] INFO: Processing request of type CallToolRequest
2026-08-16 18:21:42,283 [mcp.server.lowlevel.server] INFO: Processing request of type ListToolsRequest
2026-08-16 18:21:42,288 [oasis] INFO: Session journal saved: /home/alexander/Schreibtisch/ofa-v2/data/sessions/session_fb93f503-ff17-44af-8098-76c52e68b23a.json (1 events)
/home/alexander/Schreibtisch/ofa-v2/langgraph_eval/agent.py:215: RuntimeWarning: This package (`duckduckgo_search`) has been renamed to `ddgs`! Use `pip install ddgs` instead.
  with DDGS() as ddgs:
/home/alexander/Schreibtisch/ofa-v2/langgraph_eval/agent.py:215: RuntimeWarning: This package (`duckduckgo_search`) has been renamed to `ddgs`! Use `pip install ddgs` instead.
  with DDGS() as ddgs:
/home/alexander/Schreibtisch/ofa-v2/langgraph_eval/agent.py:215: RuntimeWarning: This package (`duckduckgo_search`) has been renamed to `ddgs`! Use `pip install ddgs` instead.
  with DDGS() as ddgs:
2026-08-16 18:21:56,094 [oasis.registry] INFO: Loaded discovered config: 5 backends
2026-08-16 18:21:56,095 [oasis.registry] INFO: Registered backend: 4C Multiphysics (fourc)
2026-08-16 18:21:56,095 [oasis.registry] INFO: Registered backend: FEniCSx (dolfinx) (fenics)
2026-08-16 18:21:56,096 [oasis.registry] INFO: Registered backend: deal.II (dealii)
2026-08-16 18:21:56,099 [oasis.registry] INFO: Registered backend: FEBio (febio)
2026-08-16 18:21:56,102 [oasis.registry] INFO: Registered backend: NGSolve (ngsolve)
2026-08-16 18:21:56,102 [oasis.ngsolve] INFO: NGSolve backend registered
2026-08-16 18:21:56,104 [oasis.registry] INFO: Registered backend: scikit-fem (skfem)
2026-08-16 18:21:56,104 [oasis.skfem] INFO: scikit-fem backend registered
2026-08-16 18:21:56,108 [oasis.registry] INFO: Registered backend: Kratos Multiphysics (kratos)
2026-08-16 18:21:56,108 [oasis.kratos] INFO: Kratos Multiphysics backend registered
2026-08-16 18:21:56,110 [oasis.registry] INFO: Registered backend: DUNE-fem (dune)
2026-08-16 18:21:56,111 [oasis.dune] INFO: DUNE-fem backend registered
2026-08-16 18:21:56,116 [oasis.registry] INFO: Registered backend: SPARTA (DSMC) (sparta)
2026-08-16 18:21:56,116 [oasis.sparta] INFO: SPARTA (DSMC) backend registered
2026-08-16 18:21:56,116 [oasis] INFO: Starting OASiS MCP server
2026-08-16 18:21:56,124 [mcp.server.lowlevel.server] INFO: Processing request of type CallToolRequest
2026-08-16 18:21:56,147 [oasis.registry] INFO: Loaded discovered config: 5 backends
2026-08-16 18:21:56,148 [oasis.registry] INFO: Registered backend: 4C Multiphysics (fourc)
2026-08-16 18:21:56,149 [oasis.registry] INFO: Registered backend: FEniCSx (dolfinx) (fenics)
2026-08-16 18:21:56,150 [oasis.registry] INFO: Registered backend: deal.II (dealii)
2026-08-16 18:21:56,153 [oasis.registry] INFO: Registered backend: FEBio (febio)
2026-08-16 18:21:56,156 [oasis.registry] INFO: Registered backend: NGSolve (ngsolve)
2026-08-16 18:21:56,156 [oasis.ngsolve] INFO: NGSolve backend registered
2026-08-16 18:21:56,158 [oasis.registry] INFO: Registered backend: scikit-fem (skfem)
2026-08-16 18:21:56,158 [oasis.skfem] INFO: scikit-fem backend registered
2026-08-16 18:21:56,162 [oasis.registry] INFO: Registered backend: Kratos Multiphysics (kratos)
2026-08-16 18:21:56,162 [oasis.kratos] INFO: Kratos Multiphysics backend registered
2026-08-16 18:21:56,165 [oasis.registry] INFO: Registered backend: DUNE-fem (dune)
2026-08-16 18:21:56,165 [oasis.dune] INFO: DUNE-fem backend registered
2026-08-16 18:21:56,170 [oasis.registry] INFO: Registered backend: SPARTA (DSMC) (sparta)
2026-08-16 18:21:56,170 [oasis.sparta] INFO: SPARTA (DSMC) backend registered
2026-08-16 18:21:56,170 [oasis] INFO: Starting OASiS MCP server
2026-08-16 18:21:56,177 [mcp.server.lowlevel.server] INFO: Processing request of type CallToolRequest
2026-08-16 18:21:56,181 [mcp.server.lowlevel.server] INFO: Processing request of type ListToolsRequest
2026-08-16 18:21:56,189 [oasis] INFO: Session journal saved: /home/alexander/Schreibtisch/ofa-v2/data/sessions/session_9902c85e-ffe4-4c87-805f-fedd73ec9de9.json (1 events)
2026-08-16 18:23:32,346 [mcp.server.lowlevel.server] INFO: Processing request of type ListToolsRequest
2026-08-16 18:23:32,353 [oasis] INFO: Session journal saved: /home/alexander/Schreibtisch/ofa-v2/data/sessions/session_c421d19b-5d4d-4a32-96a9-0f74b22411af.json (1 events)
/home/alexander/Schreibtisch/ofa-v2/langgraph_eval/agent.py:215: RuntimeWarning: This package (`duckduckgo_search`) has been renamed to `ddgs`! Use `pip install ddgs` instead.
  with DDGS() as ddgs:
/home/alexander/Schreibtisch/ofa-v2/langgraph_eval/agent.py:215: RuntimeWarning: This package (`duckduckgo_search`) has been renamed to `ddgs`! Use `pip install ddgs` instead.
  with DDGS() as ddgs:
/home/alexander/Schreibtisch/ofa-v2/langgraph_eval/agent.py:215: RuntimeWarning: This package (`duckduckgo_search`) has been renamed to `ddgs`! Use `pip install ddgs` instead.
  with DDGS() as ddgs:
/home/alexander/Schreibtisch/ofa-v2/langgraph_eval/agent.py:215: RuntimeWarning: This package (`duckduckgo_search`) has been renamed to `ddgs`! Use `pip install ddgs` instead.
  with DDGS() as ddgs:
/home/alexander/Schreibtisch/ofa-v2/langgraph_eval/agent.py:215: RuntimeWarning: This package (`duckduckgo_search`) has been renamed to `ddgs`! Use `pip install ddgs` instead.
  with DDGS() as ddgs:
2026-08-16 18:23:43,469 [oasis.registry] INFO: Loaded discovered config: 5 backends
2026-08-16 18:23:43,470 [oasis.registry] INFO: Registered backend: 4C Multiphysics (fourc)
2026-08-16 18:23:43,471 [oasis.registry] INFO: Registered backend: FEniCSx (dolfinx) (fenics)
2026-08-16 18:23:43,471 [oasis.registry] INFO: Registered backend: deal.II (dealii)
2026-08-16 18:23:43,475 [oasis.registry] INFO: Registered backend: FEBio (febio)
2026-08-16 18:23:43,478 [oasis.registry] INFO: Registered backend: NGSolve (ngsolve)
2026-08-16 18:23:43,478 [oasis.ngsolve] INFO: NGSolve backend registered
2026-08-16 18:23:43,480 [oasis.registry] INFO: Registered backend: scikit-fem (skfem)
2026-08-16 18:23:43,480 [oasis.skfem] INFO: scikit-fem backend registered
2026-08-16 18:23:43,484 [oasis.registry] INFO: Registered backend: Kratos Multiphysics (kratos)
2026-08-16 18:23:43,484 [oasis.kratos] INFO: Kratos Multiphysics backend registered
2026-08-16 18:23:43,486 [oasis.registry] INFO: Registered backend: DUNE-fem (dune)
2026-08-16 18:23:43,487 [oasis.dune] INFO: DUNE-fem backend registered
2026-08-16 18:23:43,492 [oasis.registry] INFO: Registered backend: SPARTA (DSMC) (sparta)
2026-08-16 18:23:43,492 [oasis.sparta] INFO: SPARTA (DSMC) backend registered
2026-08-16 18:23:43,492 [oasis] INFO: Starting OASiS MCP server
2026-08-16 18:23:43,499 [mcp.server.lowlevel.server] INFO: Processing request of type CallToolRequest
2026-08-16 18:23:43,505 [mcp.server.lowlevel.server] INFO: Processing request of type ListToolsRequest
2026-08-16 18:23:47,624 [oasis.registry] INFO: Loaded discovered config: 5 backends
2026-08-16 18:23:47,625 [oasis.registry] INFO: Registered backend: 4C Multiphysics (fourc)
2026-08-16 18:23:47,627 [oasis.registry] INFO: Registered backend: FEniCSx (dolfinx) (fenics)
2026-08-16 18:23:47,628 [oasis.registry] INFO: Registered backend: deal.II (dealii)
2026-08-16 18:23:47,632 [oasis.registry] INFO: Registered backend: FEBio (febio)
2026-08-16 18:23:47,634 [oasis.registry] INFO: Registered backend: NGSolve (ngsolve)
2026-08-16 18:23:47,634 [oasis.ngsolve] INFO: NGSolve backend registered
2026-08-16 18:23:47,637 [oasis.registry] INFO: Registered backend: scikit-fem (skfem)
2026-08-16 18:23:47,637 [oasis.skfem] INFO: scikit-fem backend registered
2026-08-16 18:23:47,641 [oasis.registry] INFO: Registered backend: Kratos Multiphysics (kratos)
2026-08-16 18:23:47,641 [oasis.kratos] INFO: Kratos Multiphysics backend registered
2026-08-16 18:23:47,643 [oasis.registry] INFO: Registered backend: DUNE-fem (dune)
2026-08-16 18:23:47,643 [oasis.dune] INFO: DUNE-fem backend registered
2026-08-16 18:23:47,648 [oasis.registry] INFO: Registered backend: SPARTA (DSMC) (sparta)
2026-08-16 18:23:47,648 [oasis.sparta] INFO: SPARTA (DSMC) backend registered
2026-08-16 18:23:47,648 [oasis] INFO: Starting OASiS MCP server
2026-08-16 18:23:47,657 [mcp.server.lowlevel.server] INFO: Processing request of type CallToolRequest
2026-08-16 18:23:48,097 [mcp.server.lowlevel.server] INFO: Processing request of type ListToolsRequest
2026-08-16 18:23:48,104 [oasis] INFO: Session journal saved: /home/alexander/Schreibtisch/ofa-v2/data/sessions/session_745be689-5dba-4ba3-9e78-0b0f0a98b109.json (1 events)
/home/alexander/Schreibtisch/ofa-v2/langgraph_eval/agent.py:290: LangGraphDeprecatedSinceV10: create_react_agent has been moved to `langchain.agents`. Please update your import to `from langchain.agents import create_agent`. Deprecated in LangGraph V1.0 to be removed in V2.0.
  sub_agent = create_react_agent(
/home/alexander/Schreibtisch/ofa-v2/langgraph_eval/agent.py:215: RuntimeWarning: This package (`duckduckgo_search`) has been renamed to `ddgs`! Use `pip install ddgs` instead.
  with DDGS() as ddgs:
/home/alexander/Schreibtisch/ofa-v2/langgraph_eval/agent.py:215: RuntimeWarning: This package (`duckduckgo_search`) has been renamed to `ddgs`! Use `pip install ddgs` instead.
  with DDGS() as ddgs:
2026-08-16 18:25:18,337 [oasis.registry] INFO: Loaded discovered config: 5 backends
2026-08-16 18:25:18,338 [oasis.registry] INFO: Registered backend: 4C Multiphysics (fourc)
2026-08-16 18:25:18,339 [oasis.registry] INFO: Registered backend: FEniCSx (dolfinx) (fenics)
2026-08-16 18:25:18,339 [oasis.registry] INFO: Registered backend: deal.II (dealii)
2026-08-16 18:25:18,343 [oasis.registry] INFO: Registered backend: FEBio (febio)
2026-08-16 18:25:18,345 [oasis.registry] INFO: Registered backend: NGSolve (ngsolve)
2026-08-16 18:25:18,345 [oasis.ngsolve] INFO: NGSolve backend registered
2026-08-16 18:25:18,348 [oasis.registry] INFO: Registered backend: scikit-fem (skfem)
2026-08-16 18:25:18,348 [oasis.skfem] INFO: scikit-fem backend registered
2026-08-16 18:25:18,351 [oasis.registry] INFO: Registered backend: Kratos Multiphysics (kratos)
2026-08-16 18:25:18,351 [oasis.kratos] INFO: Kratos Multiphysics backend registered
2026-08-16 18:25:18,354 [oasis.registry] INFO: Registered backend: DUNE-fem (dune)
2026-08-16 18:25:18,354 [oasis.dune] INFO: DUNE-fem backend registered
2026-08-16 18:25:18,359 [oasis.registry] INFO: Registered backend: SPARTA (DSMC) (sparta)
2026-08-16 18:25:18,359 [oasis.sparta] INFO: SPARTA (DSMC) backend registered
2026-08-16 18:25:18,359 [oasis] INFO: Starting OASiS MCP server
2026-08-16 18:25:18,366 [mcp.server.lowlevel.server] INFO: Processing request of type CallToolRequest
2026-08-16 18:25:18,374 [mcp.server.lowlevel.server] INFO: Processing request of type ListToolsRequest
2026-08-16 18:25:18,380 [oasis] INFO: Session journal saved: /home/alexander/Schreibtisch/ofa-v2/data/sessions/session_ab35896b-6647-4e5e-b16e-e39165733367.json (1 events)
/home/alexander/Schreibtisch/ofa-v2/langgraph_eval/agent.py:215: RuntimeWarning: This package (`duckduckgo_search`) has been renamed to `ddgs`! Use `pip install ddgs` instead.
  with DDGS() as ddgs:
2026-08-16 18:25:22,268 [oasis.registry] INFO: Loaded discovered config: 5 backends
2026-08-16 18:25:22,269 [oasis.registry] INFO: Registered backend: 4C Multiphysics (fourc)
2026-08-16 18:25:22,270 [oasis.registry] INFO: Registered backend: FEniCSx (dolfinx) (fenics)
2026-08-16 18:25:22,270 [oasis.registry] INFO: Registered backend: deal.II (dealii)
2026-08-16 18:25:22,274 [oasis.registry] INFO: Registered backend: FEBio (febio)
2026-08-16 18:25:22,276 [oasis.registry] INFO: Registered backend: NGSolve (ngsolve)
2026-08-16 18:25:22,276 [oasis.ngsolve] INFO: NGSolve backend registered
2026-08-16 18:25:22,279 [oasis.registry] INFO: Registered backend: scikit-fem (skfem)
2026-08-16 18:25:22,279 [oasis.skfem] INFO: scikit-fem backend registered
2026-08-16 18:25:22,283 [oasis.registry] INFO: Registered backend: Kratos Multiphysics (kratos)
2026-08-16 18:25:22,283 [oasis.kratos] INFO: Kratos Multiphysics backend registered
2026-08-16 18:25:22,285 [oasis.registry] INFO: Registered backend: DUNE-fem (dune)
2026-08-16 18:25:22,285 [oasis.dune] INFO: DUNE-fem backend registered
2026-08-16 18:25:22,290 [oasis.registry] INFO: Registered backend: SPARTA (DSMC) (sparta)
2026-08-16 18:25:22,290 [oasis.sparta] INFO: SPARTA (DSMC) backend registered
2026-08-16 18:25:22,290 [oasis] INFO: Starting OASiS MCP server
2026-08-16 18:25:22,299 [mcp.server.lowlevel.server] INFO: Processing request of type CallToolRequest
2026-08-16 18:25:22,303 [oasis.registry] INFO: Loaded discovered config: 5 backends
2026-08-16 18:25:22,304 [oasis.registry] INFO: Registered backend: 4C Multiphysics (fourc)
2026-08-16 18:25:22,305 [oasis.registry] INFO: Registered backend: FEniCSx (dolfinx) (fenics)
2026-08-16 18:25:22,305 [oasis.registry] INFO: Registered backend: deal.II (dealii)
2026-08-16 18:25:22,309 [oasis.registry] INFO: Registered backend: FEBio (febio)
2026-08-16 18:25:22,310 [mcp.server.lowlevel.server] INFO: Processing request of type ListToolsRequest
2026-08-16 18:25:22,312 [oasis.registry] INFO: Registered backend: NGSolve (ngsolve)
2026-08-16 18:25:22,312 [oasis.ngsolve] INFO: NGSolve backend registered
2026-08-16 18:25:22,314 [oasis.registry] INFO: Registered backend: scikit-fem (skfem)
2026-08-16 18:25:22,315 [oasis.skfem] INFO: scikit-fem backend registered
2026-08-16 18:25:22,315 [oasis] INFO: Session journal saved: /home/alexander/Schreibtisch/ofa-v2/data/sessions/session_d9563788-1c02-47e4-a658-1b844e5e4911.json (1 events)
2026-08-16 18:25:22,318 [oasis.registry] INFO: Registered backend: Kratos Multiphysics (kratos)
2026-08-16 18:25:22,318 [oasis.kratos] INFO: Kratos Multiphysics backend registered
2026-08-16 18:25:22,321 [oasis.registry] INFO: Registered backend: DUNE-fem (dune)
2026-08-16 18:25:22,321 [oasis.dune] INFO: DUNE-fem backend registered
2026-08-16 18:25:22,326 [oasis.registry] INFO: Registered backend: SPARTA (DSMC) (sparta)
2026-08-16 18:25:22,326 [oasis.sparta] INFO: SPARTA (DSMC) backend registered
2026-08-16 18:25:22,326 [oasis] INFO: Starting OASiS MCP server
2026-08-16 18:25:22,334 [mcp.server.lowlevel.server] INFO: Processing request of type CallToolRequest
2026-08-16 18:25:22,338 [mcp.server.lowlevel.server] INFO: Processing request of type ListToolsRequest
2026-08-16 18:25:26,922 [oasis.registry] INFO: Loaded discovered config: 5 backends
2026-08-16 18:25:26,923 [oasis.registry] INFO: Registered backend: 4C Multiphysics (fourc)
2026-08-16 18:25:26,924 [oasis.registry] INFO: Registered backend: FEniCSx (dolfinx) (fenics)
2026-08-16 18:25:26,924 [oasis.registry] INFO: Registered backend: deal.II (dealii)
2026-08-16 18:25:26,928 [oasis.registry] INFO: Registered backend: FEBio (febio)
2026-08-16 18:25:26,930 [oasis.registry] INFO: Registered backend: NGSolve (ngsolve)
2026-08-16 18:25:26,931 [oasis.ngsolve] INFO: NGSolve backend registered
2026-08-16 18:25:26,933 [oasis.registry] INFO: Registered backend: scikit-fem (skfem)
2026-08-16 18:25:26,933 [oasis.skfem] INFO: scikit-fem backend registered
2026-08-16 18:25:26,937 [oasis.registry] INFO: Registered backend: Kratos Multiphysics (kratos)
2026-08-16 18:25:26,937 [oasis.kratos] INFO: Kratos Multiphysics backend registered
2026-08-16 18:25:26,939 [oasis.registry] INFO: Registered backend: DUNE-fem (dune)
2026-08-16 18:25:26,939 [oasis.dune] INFO: DUNE-fem backend registered
2026-08-16 18:25:26,944 [oasis.registry] INFO: Registered backend: SPARTA (DSMC) (sparta)
2026-08-16 18:25:26,945 [oasis.sparta] INFO: SPARTA (DSMC) backend registered
2026-08-16 18:25:26,945 [oasis] INFO: Starting OASiS MCP server
2026-08-16 18:25:26,952 [mcp.server.lowlevel.server] INFO: Processing request of type CallToolRequest
2026-08-16 18:25:26,960 [mcp.server.lowlevel.server] INFO: Processing request of type ListToolsRequest
2026-08-16 18:25:26,967 [oasis] INFO: Session journal saved: /home/alexander/Schreibtisch/ofa-v2/data/sessions/session_cc90df1f-68c4-4af8-a63b-f8b10f31256c.json (1 events)
/home/alexander/Schreibtisch/ofa-v2/langgraph_eval/agent.py:290: LangGraphDeprecatedSinceV10: create_react_agent has been moved to `langchain.agents`. Please update your import to `from langchain.agents import create_agent`. Deprecated in LangGraph V1.0 to be removed in V2.0.
  sub_agent = create_react_agent(
[preflight] custody controls verified for 1 problem(s); keys sealed and unreadable by execution
[phase: development] results are for post-mortems and convergence checking, NOT for the paper's evaluation table.
[SK2 27b BARE s1] done  calls=135 tok=5420465/53850 1344.7s
/home/alexander/Schreibtisch/ofa-v2/campaign3_blind/run_blind.py:571: ResourceWarning: unclosed file <_io.TextIOWrapper name='/home/alexander/Schreibtisch/ofa-v2/campaign3_blind/runs/SK2_27b_BARE_seed1/work/trajectory_live.txt' mode='a' encoding='utf-8'>
  run_one(pid, a.model, cond, a.seed, a.timeout)
ResourceWarning: Enable tracemalloc to get the object allocation traceback
/home/alexander/.local/share/python/cpython-3.12.13-linux-x86_64-gnu/lib/python3.12/asyncio/selector_events.py:879: ResourceWarning: unclosed transport <_SelectorSocketTransport fd=8>
2026-08-16 18:25:55,848 [oasis.registry] INFO: Loaded discovered config: 5 backends
2026-08-16 18:25:55,849 [oasis.registry] INFO: Registered backend: 4C Multiphysics (fourc)
2026-08-16 18:25:55,849 [oasis.registry] INFO: Registered backend: FEniCSx (dolfinx) (fenics)
2026-08-16 18:25:55,850 [oasis.registry] INFO: Registered backend: deal.II (dealii)
2026-08-16 18:25:55,853 [oasis.registry] INFO: Registered backend: FEBio (febio)
2026-08-16 18:25:55,856 [oasis.registry] INFO: Registered backend: NGSolve (ngsolve)
2026-08-16 18:25:55,856 [oasis.ngsolve] INFO: NGSolve backend registered
2026-08-16 18:25:55,858 [oasis.registry] INFO: Registered backend: scikit-fem (skfem)
2026-08-16 18:25:55,859 [oasis.skfem] INFO: scikit-fem backend registered
2026-08-16 18:25:55,862 [oasis.registry] INFO: Registered backend: Kratos Multiphysics (kratos)
2026-08-16 18:25:55,862 [oasis.kratos] INFO: Kratos Multiphysics backend registered
2026-08-16 18:25:55,865 [oasis.registry] INFO: Registered backend: DUNE-fem (dune)
2026-08-16 18:25:55,865 [oasis.dune] INFO: DUNE-fem backend registered
2026-08-16 18:25:55,870 [oasis.registry] INFO: Registered backend: SPARTA (DSMC) (sparta)
2026-08-16 18:25:55,870 [oasis.sparta] INFO: SPARTA (DSMC) backend registered
2026-08-16 18:25:55,870 [oasis] INFO: Starting OASiS MCP server
2026-08-16 18:25:55,878 [mcp.server.lowlevel.server] INFO: Processing request of type ListToolsRequest
