x, y, ux, uy
1.136363636363636e-02, 7.102272727272727e-03, 0.000000000000000e+00, 0.000000000000000e+00
3.409090909090909e-02, 7.102272727272727e-03, 1.902447898074017e-09, -3.396605050480517e-13
5.681818181818182e-02, 7.102272727272727e-03, 1.902447898074017e-09, -3.396605050480517e-13
7.954545454545454e-02, 7.102272727272727e-03, 3.487638171619173e-09, -1.007241314601937e-11
1.022727272727273e-01, 7.102272727272727e-03, 4.683983911573318e-09, 3.986395971230478e-11
1.250000000000000e-01, 7.102272727272727e-03, 5.167049874369023e-09, 5.990788290740785e-11
1.477272727272727e-01, 7.102272727272727e-03, 5.599129219455776e-09, 7.783621128100507e-11
1.704545454545454e-01, 7.102272727272727e-03, 6.262546448970525e-09, 1.153563277038665e-10
1.931818181818182e-01, 7.102272727272727e-03, 6.693145184827699e-09, 1.525520020600556e-10
2.159090909090909e-01, 7.102272727272727e-03, 6.726998998335403e-09, 1.587341841005822e-10
2.386363636363636e-01, 7.102272727272727e-03, 6.899064376613141e-09, 1.901557399363222e-10
2.613636363636364e-01, 7.102272727272727e-03, 6.888787064465043e-09, 2.286195897283823e-10
2.840909090909091e-01, 7.102272727272727e-03, 6.705060564731340e-09, 2.606724581072524e-10
3.068181818181818e-01, 7.102272727272727e-03, 6.672784551851789e-09, 2.663033213421283e-10
3.295454545454545e-01, 7.102272727272727e-03, 6.263095896522614e-09, 3.023772608874881e-10
3.522727272727273e-01, 7.102272727272727e-03, 5.674193526062259e-09, 3.359940340580942e-10
3.750000000000000e-01, 7.102272727272727e-03, 5.297793751350459e-09, 3.510659167113312e-10
3.977272727272727e-01, 7.102272727272727e-03, 4.921941744426956e-09, 3.661158655261838e-10
4.204545454545455e-01, 7.102272727272727e-03, 4.025191677088243e-09, 3.918400325308352e-10
4.431818181818182e-01, 7.102272727272727e-03, 3.004646572780561e-09, 4.123067370679365e-10
4.659090909090909e-01, 7.102272727272727e-03, 2.832463432027205e-09, 4.145301914795717e-10
4.886363636363636e-01, 7.102272727272727e-03, 1.883721257301989e-09, 4.267815940539910e-10
5.113636363636364e-01, 7.102272727272727e-03, 6.881175876442552e-10, 4.347191359975075e-10
5.340909090909091e-01, 7.102272727272727e-03, -3.632028906716731e-10, 4.356443825181404e-10
5.568181818181818e-01, 7.102272727272727e-03, -5.539853293639407e-10, 4.358122863982975e-10
5.795454545454546e-01, 7.102272727272727e-03, -1.812094169883395e-09, 4.299741996375706e-10
6.022727272727273e-01, 7.102272727272727e-03, -3.053355349583611e-09, 4.172802475503161e-10
6.250000000000000e-01, 7.102272727272727e-03, -3.648000068488595e-09, 4.075938683014357e-10
6.477272727272727e-01, 7.102272727272727e-03, -4.242560747927140e-09, 3.979088580013039e-10
6.704545454545454e-01, 7.102272727272727e-03, -5.341907630422407e-09, 3.722481941768047e-10
6.931818181818182e-01, 7.102272727272727e-03, -6.311324446886827e-09, 3.408853818823377e-10
7.159090909090909e-01, 7.102272727272727e-03, -6.434104155034121e-09, 3.353547584186284e-10
7.386363636363636e-01, 7.102272727272727e-03, -7.107841375974093e-09, 3.050062021406255e-10
7.613636363636364e-01, 7.102272727272727e-03, -7.687751967310809e-09, 2.659005064567901e-10
7.840909090909091e-01, 7.102272727272727e-03, -7.958940812236128e-09, 2.310530803014685e-10
8.068181818181818e-01, 7.102272727272727e-03, -8.005099998891775e-09, 2.251216827588623e-10
8.295454545454546e-01, 7.102272727272727e-03, -8.014538874182368e-09, 1.825200239090897e-10
8.522727272727273e-01, 7.102272727272727e-03, -7.669376853164225e-09, 1.383573113614159e-10
8.750000000000000e-01, 7.102272727272727e-03, -7.265329021409777e-09, 1.200793753285045e-10
8.977272727272727e-01, 7.102272727272727e-03, -6.920812280032256e-09, 1.044944508065180e-10
9.204545454545454e-01, 7.102272727272727e-03, -5.735746965727545e-09, 8.867518761846878e-11
9.431818181818182e-01, 7.102272727272727e-03, -4.120175310939040e-09, 4.243883005187153e-11
9.659090909090909e-01, 7.102272727272727e-03, -3.268518419197213e-09, 3.289547572565151e-11
9.886363636363636e-01, 7.102272727272727e-03, -2.160902694992686e-09, 2.048394073324647e-11
1.136363636363636e-02, 2.130681818181818e-02, 3.296434427402332e-10, -5.885409968928878e-14
3.409090909090909e-02, 2.130681818181818e-02, 5.603938526584217e-09, -1.000519694717954e-12
5.681818181818182e-02, 2.130681818181818e-02, 7.539893466564265e-09, -1.227047222520685e-11
7.954545454545454e-02, 2.130681818181818e-02, 1.046291451485752e-08, -3.021723943805812e-11
1.022727272727273e-01, 2.130681818181818e-02, 1.359336836699723e-08, 1.004502637389226e-10
1.250000000000000e-01, 2.130681818181818e-02, 1.550114962310707e-08, 1.797236487222236e-10
1.477272727272727e-01, 2.130681818181818e-02, 1.715901345622446e-08, 2.539606833730433e-10
1.704545454545454e-01, 2.130681818181818e-02, 1.878763934691157e-08, 3.460689831115994e-10
1.931818181818182e-01, 2.130681818181818e-02, 1.974909860033856e-08, 4.291210738847519e-10
2.159090909090909e-01, 2.130681818181818e-02, 2.032349590942424e-08, 5.022248563860185e-10
2.386363636363636e-01, 2.130681818181818e-02, 2.069582451579490e-08, 5.755893922479425e-10
2.613636363636364e-01, 2.130681818181818e-02, 2.066733876993674e-08, 6.822000929948072e-10
2.840909090909091e-01, 2.130681818181818e-02, 2.026511761892145e-08, 7.558595992184467e-10
3.068181818181818e-01, 2.130681818181818e-02, 1.968579162891319e-08, 8.281927432493849e-10
3.295454545454545e-01, 2.130681818181818e-02, 1.878928768956784e-08, 9.071317826624642e-10
3.522727272727273e-01, 2.130681818181818e-02, 1.729182156148250e-08, 9.926128092019891e-10
3.750000000000000e-01, 2.130681818181818e-02, 1.589338125405138e-08, 1.053197750133993e-09
3.977272727272727e-01, 2.130681818181818e-02, 1.435240969209196e-08, 1.110206832291154e-09
4.204545454545455e-01, 2.130681818181818e-02, 1.207557503126473e-08, 1.175520097592505e-09
4.431818181818182e-01, 2.130681818181818e-02, 9.837557556507085e-09, 1.220402819788118e-09
4.659090909090909e-01, 2.130681818181818e-02, 7.720804312812754e-09, 1.253618870606147e-09
4.886363636363636e-01, 2.130681818181818e-02, 5.514363985872360e-09, 1.281252987838371e-09
5.113636363636364e-01, 2.130681818181818e-02, 2.201123255809037e-09, 1.303249396791661e-09
5.340909090909091e-01, 2.130681818181818e-02, -2.290791119224062e-10, 1.306175812376614e-09
5.568181818181818e-01, 2.130681818181818e-02, -2.677538328421624e-09, 1.302724184405119e-09
5.795454545454546e-01, 2.130681818181818e-02, -5.436282509650186e-09, 1.289922598912712e-09
6.022727272727273e-01, 2.130681818181818e-02, -8.588150704063357e-09, 1.257689524601240e-09
6.250000000000000e-01, 2.130681818181818e-02, -1.094400020546578e-08, 1.222781604904307e-09
6.477272727272727e-01, 2.130681818181818e-02, -1.323451120540179e-08, 1.181896306589917e-09
6.704545454545454e-01, 2.130681818181818e-02, -1.602572289126722e-08, 1.116744582530414e-09
6.931818181818182e-01, 2.130681818181818e-02, -1.815256808765519e-08, 1.047936361401156e-09
7.159090909090909e-01, 2.130681818181818e-02, -1.985496486641698e-08, 9.811699960292301e-10
7.386363636363636e-01, 2.130681818181818e-02, -2.139276858907710e-08, 9.103491748471409e-10
7.613636363636364e-01, 2.130681818181818e-02, -2.300356190428022e-08, 8.017269249091062e-10
7.840909090909091e-01, 2.130681818181818e-02, -2.365586502769634e-08, 7.215519905993236e-10
8.068181818181818e-01, 2.130681818181818e-02, -2.402324891982168e-08, 6.394881771792773e-10
8.295454545454546e-01, 2.130681818181818e-02, -2.404361662254710e-08, 5.475600717272693e-10
8.522727272727273e-01, 2.130681818181818e-02, -2.313962060087646e-08, 4.318957922925891e-10
8.750000000000000e-01, 2.130681818181818e-02, -2.179598706422933e-08, 3.602381259855136e-10
8.977272727272727e-01, 2.130681818181818e-02, -2.001496967045167e-08, 3.035055227266990e-10
9.204545454545454e-01, 2.130681818181818e-02, -1.720724089718263e-08, 2.660255628554063e-10
9.431818181818182e-01, 2.130681818181818e-02, -1.296894101686030e-08, 1.447288390856993e-10
9.659090909090909e-01, 2.130681818181818e-02, -8.452330198588108e-09, 8.352268418794628e-11
9.886363636363636e-01, 2.130681818181818e-02, -3.545380963021089e-09, 3.360788696852918e-11
1.136363636363636e-02, 3.551136363636364e-02, 2.960634675839804e-09, -5.285877580545431e-13
3.409090909090909e-02, 3.551136363636364e-02, 8.881904027519411e-09, -1.585763274163629e-12
5.681818181818182e-02, 3.551136363636364e-02, 1.335651710332694e-08, 5.600068401955735e-12
7.954545454545454e-02, 3.551136363636364e-02, 1.851990584138840e-08, 4.110843716614940e-11
1.022727272727273e-01, 3.551136363636364e-02, 2.183111146993235e-08, 1.747272203145591e-10
1.250000000000000e-01, 3.551136363636364e-02, 2.567374000219553e-08, 3.084028964428552e-10
1.477272727272727e-01, 3.551136363636364e-02, 2.883310057576491e-08, 4.588235775104423e-10
1.704545454545454e-01, 3.551136363636364e-02, 3.085834201586053e-08, 5.826579896149026e-10
1.931818181818182e-01, 3.551136363636364e-02, 3.249216035748353e-08, 7.137325541492989e-10
2.159090909090909e-01, 3.551136363636364e-02, 3.368912102270655e-08, 8.674382453589927e-10
2.386363636363636e-01, 3.551136363636364e-02, 3.424444834744112e-08, 1.023234685454505e-09
2.613636363636364e-01, 3.551136363636364e-02, 3.420208543222849e-08, 1.135072410495438e-09
2.840909090909091e-01, 3.551136363636364e-02, 3.359371429729177e-08, 1.287105319751782e-09
3.068181818181818e-01, 3.551136363636364e-02, 3.239756950942158e-08, 1.438827353547683e-09
3.295454545454545e-01, 3.551136363636364e-02, 3.081743789819114e-08, 1.568526166255335e-09
3.522727272727273e-01, 3.551136363636364e-02, 2.902046191632942e-08, 1.678664147131092e-09
3.750000000000000e-01, 3.551136363636364e-02, 2.630420473703610e-08, 1.807892967512163e-09
3.977272727272727e-01, 3.551136363636364e-02, 2.314375189724415e-08, 1.925188864702453e-09
4.204545454545455e-01, 3.551136363636364e-02, 2.024019926591078e-08, 2.006433714380919e-09
4.431818181818182e-01, 3.551136363636364e-02, 1.674649862942596e-08, 2.085234569291130e-09
4.659090909090909e-01, 3.551136363636364e-02, 1.252754845808779e-08, 2.156175145672237e-09
4.886363636363636e-01, 3.551136363636364e-02, 8.128503342077445e-09, 2.206743033688447e-09
5.113636363636364e-01, 3.551136363636364e-02, 4.643078385823502e-09, 2.230056586467102e-09
5.340909090909091e-01, 3.551136363636364e-02, -8.992618287543487e-11, 2.242481832310654e-09
5.568181818181818e-01, 3.551136363636364e-02, -4.993680735259543e-09, 2.233773402881252e-09
5.795454545454546e-01, 3.551136363636364e-02, -9.405042188746258e-09, 2.206865870394861e-09
6.022727272727273e-01, 3.551136363636364e-02, -1.335952821404032e-08, 2.168692540967332e-09
6.250000000000000e-01, 3.551136363636364e-02, -1.810393802150148e-08, 2.099196648943377e-09
6.477272727272727e-01, 3.551136363636364e-02, -2.264512407967746e-08, 2.009752082750127e-09
6.704545454545454e-01, 3.551136363636364e-02, -2.608985018453701e-08, 1.923752219887815e-09
6.931818181818182e-01, 3.551136363636364e-02, -2.959961522258076e-08, 1.814149689061544e-09
7.159090909090909e-01, 3.551136363636364e-02, -3.304329808508372e-08, 1.674523032091448e-09
7.386363636363636e-01, 3.551136363636364e-02, -3.589018680982701e-08, 1.524822923814456e-09
7.613636363636364e-01, 3.551136363636364e-02, -3.757968710151880e-08, 1.409388860769278e-09
7.840909090909091e-01, 3.551136363636364e-02, -3.909342793943322e-08, 1.247276299487480e-09
8.068181818181818e-01, 3.551136363636364e-02, -3.979144346156303e-08, 1.077093471420458e-09
8.295454545454546e-01, 3.551136363636364e-02, -3.954536060335870e-08, 9.176517515626668e-10
8.522727272727273e-01, 3.551136363636364e-02, -3.859116763914915e-08, 7.782090241120891e-10
8.750000000000000e-01, 3.551136363636364e-02, -3.619460607655341e-08, 6.097109747869489e-10
8.977272727272727e-01, 3.551136363636364e-02, -3.252047695229063e-08, 4.790528110863971e-10
9.204545454545454e-01, 3.551136363636364e-02, -2.774610402726826e-08, 3.963259869706229e-10
9.431818181818182e-01, 3.551136363636364e-02, -2.223412828796055e-08, 2.498959994632661e-10
9.659090909090909e-01, 3.551136363636364e-02, -1.512225113841856e-08, 1.236228933781625e-10
9.886363636363636e-01, 3.551136363636364e-02, -5.504746281155513e-09, 5.172120790954596e-11
1.136363636363636e-02, 4.971590909090909e-02, 2.960634675839804e-09, -5.285877580545431e-13
3.409090909090909e-02, 4.971590909090909e-02, 1.171945599616673e-08, -6.019403982370143e-11
5.681818181818182e-02, 4.971590909090909e-02, 1.936524384476739e-08, 1.061287137309082e-10
7.954545454545454e-02, 4.971590909090909e-02, 2.520311558867954e-08, 1.639513846395968e-10
1.022727272727273e-01, 4.971590909090909e-02, 3.083257289424427e-08, 2.834281956822257e-10
1.250000000000000e-01, 4.971590909090909e-02, 3.575835786997129e-08, 4.419099926277652e-10
1.477272727272727e-01, 4.971590909090909e-02, 3.983575879308539e-08, 6.449267888282409e-10
1.704545454545454e-01, 4.971590909090909e-02, 4.284473564786783e-08, 8.377851663462305e-10
1.931818181818182e-01, 4.971590909090909e-02, 4.518324982626670e-08, 1.029962660171459e-09
2.159090909090909e-01, 4.971590909090909e-02, 4.689554568273695e-08, 1.247630797553179e-09
2.386363636363636e-01, 4.971590909090909e-02, 4.743612604580845e-08, 1.449529289982976e-09
2.613636363636364e-01, 4.971590909090909e-02, 4.737611702521644e-08, 1.648271714762758e-09
2.840909090909091e-01, 4.971590909090909e-02, 4.674170792724540e-08, 1.845489000352759e-09
3.068181818181818e-01, 4.971590909090909e-02, 4.502847707408983e-08, 2.063424013853201e-09
3.295454545454545e-01, 4.971590909090909e-02, 4.279811580425537e-08, 2.246670807574162e-09
3.522727272727273e-01, 4.971590909090909e-02, 4.007180260202457e-08, 2.422457908467159e-09
3.750000000000000e-01, 4.971590909090909e-02, 3.658832859648003e-08, 2.598632870264801e-09
3.977272727272727e-01, 4.971590909090909e-02, 3.235747991406475e-08, 2.754563794990241e-09
4.204545454545455e-01, 4.971590909090909e-02, 2.793425218017158e-08, 2.883877821536995e-09
4.431818181818182e-01, 4.971590909090909e-02, 2.315704426373808e-08, 2.997864022527537e-09
4.659090909090909e-01, 4.971590909090909e-02, 1.731411708975600e-08, 3.101162763211163e-09
4.886363636363636e-01, 4.971590909090909e-02, 1.171968663472960e-08, 3.161923913325846e-09
5.113636363636364e-01, 4.971590909090909e-02, 5.944034906251805e-09, 3.202738367812988e-09
5.340909090909091e-01, 4.971590909090909e-02, 8.684670713408986e-12, 3.223368328895751e-09
5.568181818181818e-01, 4.971590909090909e-02, -6.815303524271705e-09, 3.209025491484866e-09
5.795454545454546e-01, 4.971590909090909e-02, -1.289134285503447e-08, 3.168400673850721e-09
6.022727272727273e-01, 4.971590909090909e-02, -1.890810651187778e-08, 3.107443130411195e-09
6.250000000000000e-01, 4.971590909090909e-02, -2.517121479622350e-08, 3.017308659671031e-09
6.477272727272727e-01, 4.971590909090909e-02, -3.109404275664790e-08, 2.893176804342425e-09
6.704545454545454e-01, 4.971590909090909e-02, -3.632437649033689e-08, 2.755671575666125e-09
6.931818181818182e-01, 4.971590909090909e-02, -4.120365070200216e-08, 2.600978725529460e-09
7.159090909090909e-01, 4.971590909090909e-02, -4.604341675663733e-08, 2.401432081305095e-09
7.386363636363636e-01, 4.971590909090909e-02, -4.948728175802130e-08, 2.205915723106559e-09
7.613636363636364e-01, 4.971590909090909e-02, -5.227185497371799e-08, 2.002911259073907e-09
7.840909090909091e-01, 4.971590909090909e-02, -5.435690184279555e-08, 1.793304657056612e-09
8.068181818181818e-01, 4.971590909090909e-02, -5.529163608605691e-08, 1.549217533274007e-09
8.295454545454546e-01, 4.971590909090909e-02, -5.481646085817240e-08, 1.326854114873790e-09
8.522727272727273e-01, 4.971590909090909e-02, -5.327250346439095e-08, 1.098031482208318e-09
8.750000000000000e-01, 4.971590909090909e-02, -5.050336804253089e-08, 8.655223838269743e-10
8.977272727272727e-01, 4.971590909090909e-02, -4.529887033738357e-08, 6.665137054472936e-10
9.204545454545454e-01, 4.971590909090909e-02, -3.875767347749283e-08, 5.228176364349288e-10
9.431818181818182e-01, 4.971590909090909e-02, -3.038249322964370e-08, 3.323894297844668e-10
9.659090909090909e-01, 4.971590909090909e-02, -1.930559069094103e-08, 1.612562812366077e-10
9.886363636363636e-01, 4.971590909090909e-02, -7.554052841312630e-09, 7.066598920535858e-11
1.136363636363636e-02, 6.392045454545454e-02, 5.250581596020157e-09, -4.820271311016693e-11
3.409090909090909e-02, 6.392045454545454e-02, 1.492730821079390e-08, -9.435252007493910e-11
5.681818181818182e-02, 6.392045454545454e-02, 2.418493724327661e-08, 1.293037574529793e-10
7.954545454545454e-02, 6.392045454545454e-02, 3.229175774572511e-08, 2.548849679790169e-10
1.022727272727273e-01, 6.392045454545454e-02, 3.980726083850367e-08, 4.203421554741149e-10
1.250000000000000e-01, 6.392045454545454e-02, 4.567345342553988e-08, 6.167071320913486e-10
1.477272727272727e-01, 6.392045454545454e-02, 5.038574196096679e-08, 8.295486755470982e-10
1.704545454545454e-01, 6.392045454545454e-02, 5.462306597078344e-08, 1.110179327727627e-09
1.931818181818182e-01, 6.392045454545454e-02, 5.778452537895753e-08, 1.389570568722563e-09
2.159090909090909e-01, 6.392045454545454e-02, 5.951286818769755e-08, 1.632872346029499e-09
2.386363636363636e-01, 6.392045454545454e-02, 6.042870608534807e-08, 1.906639477493542e-09
2.613636363636364e-01, 6.392045454545454e-02, 6.034884988568409e-08, 2.199814338612113e-09
2.840909090909091e-01, 6.392045454545454e-02, 5.930713261329584e-08, 2.474173212793802e-09
3.068181818181818e-01, 6.392045454545454e-02, 5.758895307893516e-08, 2.706639890716425e-09
3.295454545454545e-01, 6.392045454545454e-02, 5.458846459948705e-08, 2.977781836471855e-09
3.522727272727273e-01, 6.392045454545454e-02, 5.075179046319771e-08, 3.235092296705180e-09
3.750000000000000e-01, 6.392045454545454e-02, 4.649805700185918e-08, 3.446544830966163e-09
3.977272727272727e-01, 6.392045454545454e-02, 4.161995304385761e-08, 3.640329577639178e-09
4.204545454545455e-01, 6.392045454545454e-02, 3.550892488501096e-08, 3.831913380824859e-09
4.431818181818182e-01, 6.392045454545454e-02, 2.881151922367446e-08, 3.995580002221594e-09
4.659090909090909e-01, 6.392045454545454e-02, 2.258013373096935e-08, 4.102834007717406e-09
4.886363636363636e-01, 6.392045454545454e-02, 1.526536547541078e-08, 4.194715353436960e-09
5.113636363636364e-01, 6.392045454545454e-02, 7.240410503880997e-09, 4.254446842710026e-09
5.340909090909091e-01, 6.392045454545454e-02, -6.447806171232557e-10, 4.274317947938321e-09
5.568181818181818e-01, 6.392045454545454e-02, -7.855861054216790e-09, 4.262860146812283e-09
5.795454545454546e-01, 6.392045454545454e-02, -1.629937693860266e-08, 4.207672771985487e-09
6.022727272727273e-01, 6.392045454545454e-02, -2.465249706409486e-08, 4.115769267634690e-09
6.250000000000000e-01, 6.392045454545454e-02, -3.201020580948271e-08, 3.999516296103260e-09
6.477272727272727e-01, 6.392045454545454e-02, -3.907798292005850e-08, 3.854549123102334e-09
6.704545454545454e-01, 6.392045454545454e-02, -4.637975596138171e-08, 3.654619670200017e-09
6.931818181818182e-01, 6.392045454545454e-02, -5.308737280496260e-08, 3.423437158478293e-09
7.159090909090909e-01, 6.392045454545454e-02, -5.812219352633953e-08, 3.206371205388615e-09
7.386363636363636e-01, 6.392045454545454e-02, -6.287406230095424e-08, 2.939940025675018e-09
7.613636363636364e-01, 6.392045454545454e-02, -6.675398256194171e-08, 2.640272433144863e-09
7.840909090909091e-01, 6.392045454545454e-02, -6.927617808159488e-08, 2.346376516447233e-09
8.068181818181818e-01, 6.392045454545454e-02, -7.034422914497442e-08, 2.083544289896298e-09
8.295454545454546e-01, 6.392045454545454e-02, -6.992870926498585e-08, 1.770429928517199e-09
8.522727272727273e-01, 6.392045454545454e-02, -6.776850493146467e-08, 1.444274887364135e-09
8.750000000000000e-01, 6.392045454545454e-02, -6.381465842201855e-08, 1.117379344730827e-09
8.977272727272727e-01, 6.392045454545454e-02, -5.842632600727087e-08, 8.824149103327130e-10
9.204545454545454e-01, 6.392045454545454e-02, -4.956975371461173e-08, 6.378794209515055e-10
9.431818181818182e-01, 6.392045454545454e-02, -3.807172142260886e-08, 4.294309925610575e-10
9.659090909090909e-01, 6.392045454545454e-02, -2.597153092432665e-08, 2.603346470877112e-10
9.886363636363636e-01, 6.392045454545454e-02, -9.121126868777279e-09, 8.436925025248372e-11
1.136363636363636e-02, 7.812500000000000e-02, 5.927693579187841e-09, -6.229942481927990e-11
3.409090909090909e-02, 7.812500000000000e-02, 1.885171127248060e-08, -1.046863896911312e-10
5.681818181818182e-02, 7.812500000000000e-02, 2.948068704459833e-08, 1.323906869678431e-10
7.954545454545454e-02, 7.812500000000000e-02, 3.944331668568267e-08, 3.281917199066994e-10
1.022727272727273e-01, 7.812500000000000e-02, 4.800032118584588e-08, 5.485649471078387e-10
1.250000000000000e-01, 7.812500000000000e-02, 5.525153080625229e-08, 7.906554479035583e-10
1.477272727272727e-01, 7.812500000000000e-02, 6.132428642610630e-08, 1.068554176011842e-09
1.704545454545454e-01, 7.812500000000000e-02, 6.632398082700701e-08, 1.388998128229130e-09
1.931818181818182e-01, 7.812500000000000e-02, 6.980359739884419e-08, 1.724229486827637e-09
2.159090909090909e-01, 7.812500000000000e-02, 7.200958804047355e-08, 2.057477462972845e-09
2.386363636363636e-01, 7.812500000000000e-02, 7.324021059960368e-08, 2.397936543637473e-09
2.613636363636364e-01, 7.812500000000000e-02, 7.318417576608607e-08, 2.760073221231125e-09
2.840909090909091e-01, 7.812500000000000e-02, 7.177943594212500e-08, 3.090996820582090e-09
3.068181818181818e-01, 7.812500000000000e-02, 6.948809055662604e-08, 3.415083675325737e-09
3.295454545454545e-01, 7.812500000000000e-02, 6.628997457134932e-08, 3.733615681180809e-09
3.522727272727273e-01, 7.812500000000000e-02, 6.159254156603547e-08, 4.046557873190259e-09
3.750000000000000e-01, 7.812500000000000e-02, 5.624404722838313e-08, 4.320184732869227e-09
3.977272727272727e-01, 7.812500000000000e-02, 5.018493521417608e-08, 4.573401971260735e-09
4.204545454545455e-01, 7.812500000000000e-02, 4.302969809813379e-08, 4.811820582890667e-09
4.431818181818182e-01, 7.812500000000000e-02, 3.526666667356294e-08, 4.995375711692540e-09
4.659090909090909e-01, 7.812500000000000e-02, 2.706477731303946e-08, 5.145679375990991e-09
4.886363636363636e-01, 7.812500000000000e-02, 1.843314222103147e-08, 5.263237128121981e-09
5.113636363636364e-01, 7.812500000000000e-02, 8.855729799442669e-09, 5.336574149154634e-09
5.340909090909091e-01, 7.812500000000000e-02, -5.406073239458370e-10, 5.355300397511765e-09
5.568181818181818e-01, 7.812500000000000e-02, -1.005070657027888e-08, 5.337408242048348e-09
5.795454545454546e-01, 7.812500000000000e-02, -1.967219189992975e-08, 5.281925818423343e-09
6.022727272727273e-01, 7.812500000000000e-02, -2.956925801003288e-08, 5.163741535557346e-09
6.250000000000000e-01, 7.812500000000000e-02, -3.874536866688089e-08, 5.010572503834044e-09
6.477272727272727e-01, 7.812500000000000e-02, -4.759577667697298e-08, 4.822969691824976e-09
6.704545454545454e-01, 7.812500000000000e-02, -5.635449617253674e-08, 4.583739371684070e-09
6.931818181818182e-01, 7.812500000000000e-02, -6.383291570340789e-08, 4.307051172359515e-09
7.159090909090909e-01, 7.812500000000000e-02, -7.047907324451690e-08, 4.005778471680977e-09
7.386363636363636e-01, 7.812500000000000e-02, -7.626614326113797e-08, 3.681234006662945e-09
7.613636363636364e-01, 7.812500000000000e-02, -8.093835179034477e-08, 3.309991089310123e-09
7.840909090909091e-01, 7.812500000000000e-02, -8.369746664982472e-08, 2.950798882393171e-09
8.068181818181818e-01, 7.812500000000000e-02, -8.504663821301300e-08, 2.587694567967133e-09
8.295454545454546e-01, 7.812500000000000e-02, -8.485185709096834e-08, 2.219374667364055e-09
8.522727272727273e-01, 7.812500000000000e-02, -8.219336135929249e-08, 1.822508060234822e-09
8.750000000000000e-01, 7.812500000000000e-02, -7.711292326249663e-08, 1.410217497148405e-09
8.977272727272727e-01, 7.812500000000000e-02, -6.990201253836896e-08, 1.052754985381349e-09
9.204545454545454e-01, 7.812500000000000e-02, -6.032685748348326e-08, 7.497912927605840e-10
9.431818181818182e-01, 7.812500000000000e-02, -4.724550864534589e-08, 5.245267803913180e-10
9.659090909090909e-01, 7.812500000000000e-02, -2.997171717398149e-08, 2.936076242320533e-10
9.886363636363636e-01, 7.812500000000000e-02, -1.141710885637055e-08, 1.044464386839649e-10
1.136363636363636e-02, 9.232954545454546e-02, 7.172693752242104e-09, -4.451580101125423e-11
3.409090909090909e-02, 9.232954545454546e-02, 2.155063485348502e-08, -5.454740374366434e-11
5.681818181818182e-02, 9.232954545454546e-02, 3.485209046999855e-08, 1.477995032018539e-10
7.954545454545454e-02, 9.232954545454546e-02, 4.643802980887090e-08, 4.089933061066223e-10
1.022727272727273e-01, 9.232954545454546e-02, 5.588701065088281e-08, 6.559140214388510e-10
1.250000000000000e-01, 9.232954545454546e-02, 6.452153929327695e-08, 9.235947738268888e-10
1.477272727272727e-01, 9.232954545454546e-02, 7.200547219274660e-08, 1.313571795338553e-09
1.704545454545454e-01, 9.232954545454546e-02, 7.752590516733978e-08, 1.698273919951603e-09
1.931818181818182e-01, 9.232954545454546e-02, 8.156036850095499e-08, 2.064288354947304e-09
2.159090909090909e-01, 9.232954545454546e-02, 8.435726657690599e-08, 2.513981806038832e-09
2.386363636363636e-01, 9.232954545454546e-02, 8.573826610470863e-08, 2.955714117873248e-09
2.613636363636364e-01, 9.232954545454546e-02, 8.557859123034455e-08, 3.338120122061997e-09
2.840909090909091e-01, 9.232954545454546e-02, 8.409942164834949e-08, 3.754246061875585e-09
3.068181818181818e-01, 9.232954545454546e-02, 8.123612224562652e-08, 4.179987457075220e-09
3.295454545454545e-01, 9.232954545454546e-02, 7.726443977494031e-08, 4.562031874067006e-09
3.522727272727273e-01, 9.232954545454546e-02, 7.242814579293270e-08, 4.906970959290881e-09
3.750000000000000e-01, 9.232954545454546e-02, 6.585934066088969e-08, 5.266970595283734e-09
3.977272727272727e-01, 9.232954545454546e-02, 5.830396982526454e-08, 5.595611523057952e-09
4.204545454545455e-01, 9.232954545454546e-02, 5.047993993320690e-08, 5.850164330896302e-09
4.431818181818182e-01, 9.232954545454546e-02, 4.164798449805891e-08, 6.080658661509716e-09
4.659090909090909e-01, 9.232954545454546e-02, 3.150636299604987e-08, 6.278759385650657e-09
4.886363636363636e-01, 9.232954545454546e-02, 2.102429228306754e-08, 6.419527662439296e-09
5.113636363636364e-01, 9.232954545454546e-02, 1.088967871574062e-08, 6.498382613423762e-09
5.340909090909091e-01, 9.232954545454546e-02, -4.063200049693548e-10, 6.530021318079662e-09
5.568181818181818e-01, 9.232954545454546e-02, -1.218302700826574e-08, 6.504708709406032e-09
5.795454545454546e-01, 9.232954545454546e-02, -2.332074835635711e-08, 6.425607666421203e-09
6.022727272727273e-01, 9.232954545454546e-02, -3.396884623828602e-08, 6.305488558704703e-09
6.250000000000000e-01, 9.232954545454546e-02, -4.535240182602919e-08, 6.109119534207146e-09
6.477272727272727e-01, 9.232954545454546e-02, -5.628440780245595e-08, 5.860679663274624e-09
6.704545454545454e-01, 9.232954545454546e-02, -6.555871280359302e-08, 5.589891465953922e-09
6.931818181818182e-01, 9.232954545454546e-02, -7.440856883412748e-08, 5.267091832783627e-09
7.159090909090909e-01, 9.232954545454546e-02, -8.267028421430038e-08, 4.873328251649348e-09
7.386363636363636e-01, 9.232954545454546e-02, -8.949944340477205e-08, 4.454912498937470e-09
7.613636363636364e-01, 9.232954545454546e-02, -9.441118053099806e-08, 4.054105816762294e-09
7.840909090909091e-01, 9.232954545454546e-02, -9.798627791426600e-08, 3.598822594034628e-09
8.068181818181818e-01, 9.232954545454546e-02, -9.965683945055169e-08, 3.126206590332483e-09
8.295454545454546e-01, 9.232954545454546e-02, -9.907877273996218e-08, 2.675972540586513e-09
8.522727272727273e-01, 9.232954545454546e-02, -9.623301929065843e-08, 2.243101912969091e-09
8.750000000000000e-01, 9.232954545454546e-02, -9.062767649059624e-08, 1.755170614036456e-09
8.977272727272727e-01, 9.232954545454546e-02, -8.179817697141091e-08, 1.273002030647218e-09
9.204545454545454e-01, 9.232954545454546e-02, -7.057695774877281e-08, 8.658215061914152e-10
9.431818181818182e-01, 9.232954545454546e-02, -5.466328750395459e-08, 6.033039854351656e-10
9.659090909090909e-01, 9.232954545454546e-02, -3.651891458352784e-08, 3.598262200616487e-10
9.886363636363636e-01, 9.232954545454546e-02, -1.234600545733555e-08, 1.073274439838840e-10
1.136363636363636e-02, 1.065340909090909e-01, 8.459725166217715e-09, -2.613180156239946e-11
3.409090909090909e-02, 1.065340909090909e-01, 2.491522549243787e-08, -4.897043608165652e-12
5.681818181818182e-02, 1.065340909090909e-01, 3.968405828309486e-08, 1.981001071620107e-10
7.954545454545454e-02, 1.065340909090909e-01, 5.255769377054944e-08, 4.772387310620759e-10
1.022727272727273e-01, 1.065340909090909e-01, 6.411195321208948e-08, 7.907667859633364e-10
1.250000000000000e-01, 1.065340909090909e-01, 7.412783941648558e-08, 1.118692617235665e-09
1.477272727272727e-01, 1.065340909090909e-01, 8.221510438935557e-08, 1.544028754986263e-09
1.704545454545454e-01, 1.065340909090909e-01, 8.847245447816303e-08, 2.001378844825662e-09
1.931818181818182e-01, 1.065340909090909e-01, 9.325084130848319e-08, 2.470177573111394e-09
2.159090909090909e-01, 1.065340909090909e-01, 9.665860110506467e-08, 2.980405130200954e-09
2.386363636363636e-01, 1.065340909090909e-01, 9.781422919256668e-08, 3.478359949886657e-09
2.613636363636364e-01, 1.065340909090909e-01, 9.764626882444175e-08, 3.964655226457295e-09
2.840909090909091e-01, 1.065340909090909e-01, 9.622101983738702e-08, 4.445884091709804e-09
3.068181818181818e-01, 1.065340909090909e-01, 9.293543145918066e-08, 4.936709451929681e-09
3.295454545454545e-01, 1.065340909090909e-01, 8.824945920352800e-08, 5.389176844925432e-09
3.522727272727273e-01, 1.065340909090909e-01, 8.244798093265773e-08, 5.821672599886358e-09
3.750000000000000e-01, 1.065340909090909e-01, 7.543690591370355e-08, 6.234871466392343e-09
3.977272727272727e-01, 1.065340909090909e-01, 6.688146167901863e-08, 6.598515464150921e-09
4.204545454545455e-01, 1.065340909090909e-01, 5.752726092254183e-08, 6.918114458968468e-09
4.431818181818182e-01, 1.065340909090909e-01, 4.737431000852449e-08, 7.197802516882094e-09
4.659090909090909e-01, 1.065340909090909e-01, 3.612092613490203e-08, 7.428884845413257e-09
4.886363636363636e-01, 1.065340909090909e-01, 2.430215072321522e-08, 7.581796397197978e-09
5.113636363636364e-01, 1.065340909090909e-01, 1.206425937296158e-08, 7.681449649782220e-09
5.340909090909091e-01, 1.065340909090909e-01, -5.239779984734221e-10, 7.726995790131769e-09
5.568181818181818e-01, 1.065340909090909e-01, -1.366575866643317e-08, 7.693045956280402e-09
5.795454545454546e-01, 1.065340909090909e-01, -2.654008646470730e-08, 7.593856118658295e-09
6.022727272727273e-01, 1.065340909090909e-01, -3.928434307806484e-08, 7.441539414225287e-09
6.250000000000000e-01, 1.065340909090909e-01, -5.192431050565848e-08, 7.231650618628429e-09
6.477272727272727e-01, 1.065340909090909e-01, -6.386301154220389e-08, 6.939715306283662e-09
6.704545454545454e-01, 1.065340909090909e-01, -7.496166481682327e-08, 6.600886528294862e-09
6.931818181818182e-01, 1.065340909090909e-01, -8.526338267540101e-08, 6.216180252012946e-09
7.159090909090909e-01, 1.065340909090909e-01, -9.459241834530310e-08, 5.768218471297862e-09
7.386363636363636e-01, 1.065340909090909e-01, -1.019701173634643e-07, 5.281672097258321e-09
7.613636363636364e-01, 1.065340909090909e-01, -1.078750945004460e-07, 4.771150430363167e-09
7.840909090909091e-01, 1.065340909090909e-01, -1.121640999745929e-07, 4.243209769661131e-09
8.068181818181818e-01, 1.065340909090909e-01, -1.140018068838632e-07, 3.696595072362382e-09
8.295454545454546e-01, 1.065340909090909e-01, -1.130784291170058e-07, 3.170166868804927e-09
8.522727272727273e-01, 1.065340909090909e-01, -1.096261506228666e-07, 2.634081925648749e-09
8.750000000000000e-01, 1.065340909090909e-01, -1.032749618747814e-07, 2.079579157065034e-09
8.977272727272727e-01, 1.065340909090909e-01, -9.390873028878654e-08, 1.516476408516327e-09
9.204545454545454e-01, 1.065340909090909e-01, -8.030184319289146e-08, 9.785481228418297e-10
9.431818181818182e-01, 1.065340909090909e-01, -6.338411269299869e-08, 6.876954383368239e-10
9.659090909090909e-01, 1.065340909090909e-01, -4.048869445468359e-08, 3.704128026023844e-10
9.886363636363636e-01, 1.065340909090909e-01, -1.522211307614644e-08, 1.162477923674649e-10
1.136363636363636e-02, 1.207386363636364e-01, 9.074624743787361e-09, -1.822147420371561e-11
3.409090909090909e-02, 1.207386363636364e-01, 2.787532833735320e-08, 3.338251581775858e-11
5.681818181818182e-02, 1.207386363636364e-01, 4.482491127990052e-08, 2.503913921209230e-10
7.954545454545454e-02, 1.207386363636364e-01, 5.920770513226010e-08, 5.392561312235751e-10
1.022727272727273e-01, 1.207386363636364e-01, 7.236880121762906e-08, 9.672604151589677e-10
1.250000000000000e-01, 1.207386363636364e-01, 8.332081400725793e-08, 1.338302516538221e-09
1.477272727272727e-01, 1.207386363636364e-01, 9.204432422498127e-08, 1.807321636688317e-09
1.704545454545454e-01, 1.207386363636364e-01, 9.920369646963709e-08, 2.306962050127088e-09
1.931818181818182e-01, 1.207386363636364e-01, 1.048643911998062e-07, 2.912662394210996e-09
2.159090909090909e-01, 1.207386363636364e-01, 1.081297441463926e-07, 3.476495145096933e-09
2.386363636363636e-01, 1.207386363636364e-01, 1.097985258547549e-07, 4.038883908710721e-09
2.613636363636364e-01, 1.207386363636364e-01, 1.096283240109182e-07, 4.634185064720410e-09
2.840909090909091e-01, 1.207386363636364e-01, 1.077537993786075e-07, 5.210730896589173e-09
3.068181818181818e-01, 1.207386363636364e-01, 1.043957559815894e-07, 5.734199521586031e-09
3.295454545454545e-01, 1.207386363636364e-01, 9.913435019354935e-08, 6.287241418702202e-09
3.522727272727273e-01, 1.207386363636364e-01, 9.230262075088559e-08, 6.819715283918425e-09
3.750000000000000e-01, 1.207386363636364e-01, 8.441799315696387e-08, 7.271171252219677e-09
3.977272727272727e-01, 1.207386363636364e-01, 7.542796671203810e-08, 7.685714175836420e-09
4.204545454545455e-01, 1.207386363636364e-01, 6.451825170757992e-08, 8.081985452149116e-09
4.431818181818182e-01, 1.207386363636364e-01, 5.272084675306265e-08, 8.415541256892612e-09
4.659090909090909e-01, 1.207386363636364e-01, 4.073945454966256e-08, 8.658760618332067e-09
4.886363636363636e-01, 1.207386363636364e-01, 2.758157782604889e-08, 8.851764951162707e-09
5.113636363636364e-01, 1.207386363636364e-01, 1.327062920060506e-08, 8.974154322040429e-09
5.340909090909091e-01, 1.207386363636364e-01, -9.318050726046963e-10, 9.011872873193274e-09
5.568181818181818e-01, 1.207386363636364e-01, -1.481832387250918e-08, 8.982140551502128e-09
5.795454545454546e-01, 1.207386363636364e-01, -2.967114072075899e-08, 8.868916259203736e-09
6.022727272727273e-01, 1.207386363636364e-01, -4.457198403661220e-08, 8.678982500884872e-09
6.250000000000000e-01, 1.207386363636364e-01, -5.815322165753560e-08, 8.428784182672008e-09
6.477272727272727e-01, 1.207386363636364e-01, -7.121942928448167e-08, 8.120416146524348e-09
6.704545454545454e-01, 1.207386363636364e-01, -8.423621259179761e-08, 7.705311622781861e-09
6.931818181818182e-01, 1.207386363636364e-01, -9.603462820781636e-08, 7.232625204398285e-09
7.159090909090909e-01, 1.207386363636364e-01, -1.057485725917399e-07, 6.742804107304900e-09
7.386363636363636e-01, 1.207386363636364e-01, -1.143441001149416e-07, 6.183066477218195e-09
7.613636363636364e-01, 1.207386363636364e-01, -1.212788432307738e-07, 5.549974561996455e-09
7.840909090909091e-01, 1.207386363636364e-01, -1.257924580298744e-07, 4.915433855338397e-09
8.068181818181818e-01, 1.207386363636364e-01, -1.278205919914703e-07, 4.321656274465466e-09
8.295454545454546e-01, 1.207386363636364e-01, -1.271219518776941e-07, 3.695623088835114e-09
8.522727272727273e-01, 1.207386363636364e-01, -1.232227808194643e-07, 3.048611015537427e-09
8.750000000000000e-01, 1.207386363636364e-01, -1.159970677863754e-07, 2.389562388456441e-09
8.977272727272727e-01, 1.207386363636364e-01, -1.052532046171162e-07, 1.737396287976798e-09
9.204545454545454e-01, 1.207386363636364e-01, -9.023974373532512e-08, 1.103817722813290e-09
9.431818181818182e-01, 1.207386363636364e-01, -7.036883218845465e-08, 7.121894282875617e-10
9.659090909090909e-01, 1.207386363636364e-01, -4.678014956814160e-08, 3.912929157123684e-10
9.886363636363636e-01, 1.207386363636364e-01, -1.540813273329148e-08, 1.162133682777755e-10
1.136363636363636e-02, 1.349431818181818e-01, 1.074112227022298e-08, 3.217052439359703e-12
3.409090909090909e-02, 1.349431818181818e-01, 3.065823769254933e-08, 6.909331180040144e-11
5.681818181818182e-02, 1.349431818181818e-01, 4.932500801227671e-08, 2.912824061828423e-10
7.954545454545454e-02, 1.349431818181818e-01, 6.586281016346593e-08, 6.041841273007439e-10
1.022727272727273e-01, 1.349431818181818e-01, 7.994691234985586e-08, 1.106475202075742e-09
1.250000000000000e-01, 1.349431818181818e-01, 9.172834431222770e-08, 1.535408716286991e-09
1.477272727272727e-01, 1.349431818181818e-01, 1.020042605561849e-07, 2.091725521461658e-09
1.704545454545454e-01, 1.349431818181818e-01, 1.098994452097600e-07, 2.653889703764489e-09
1.931818181818182e-01, 1.349431818181818e-01, 1.157896448496259e-07, 3.318398996487106e-09
2.159090909090909e-01, 1.349431818181818e-01, 1.194993482871863e-07, 3.989519418047502e-09
2.386363636363636e-01, 1.349431818181818e-01, 1.214866029309598e-07, 4.645665519152202e-09
2.613636363636364e-01, 1.349431818181818e-01, 1.215175823279030e-07, 5.303828411321892e-09
2.840909090909091e-01, 1.349431818181818e-01, 1.191365813283837e-07, 5.949629636845133e-09
3.068181818181818e-01, 1.349431818181818e-01, 1.152612299622960e-07, 6.584480730914039e-09
3.295454545454545e-01, 1.349431818181818e-01, 1.098850995148359e-07, 7.204021596486771e-09
3.522727272727273e-01, 1.349431818181818e-01, 1.022923568778931e-07, 7.785292932908169e-09
3.750000000000000e-01, 1.349431818181818e-01, 9.331738588686595e-08, 8.317298016690955e-09
3.977272727272727e-01, 1.349431818181818e-01, 8.311350490891159e-08, 8.808490695572168e-09
4.204545454545455e-01, 1.349431818181818e-01, 7.157440788094519e-08, 9.252564654867496e-09
4.431818181818182e-01, 1.349431818181818e-01, 5.861218059370277e-08, 9.611057748508395e-09
4.659090909090909e-01, 1.349431818181818e-01, 4.482385498791953e-08, 9.906090887638143e-09
4.886363636363636e-01, 1.349431818181818e-01, 3.029223762235356e-08, 1.013414410378093e-08
5.113636363636364e-01, 1.349431818181818e-01, 1.493622296202576e-08, 1.026814446776245e-08
5.340909090909091e-01, 1.349431818181818e-01, -8.570944134638583e-10, 1.030373516609977e-08
5.568181818181818e-01, 1.349431818181818e-01, -1.684928543103096e-08, 1.026528635696937e-08
5.795454545454546e-01, 1.349431818181818e-01, -3.294322327739078e-08, 1.015339247358105e-08
6.022727272727273e-01, 1.349431818181818e-01, -4.889290585539407e-08, 9.933353826306789e-09
6.250000000000000e-01, 1.349431818181818e-01, -6.432898744146676e-08, 9.636260888430337e-09
6.477272727272727e-01, 1.349431818181818e-01, -7.920084983693329e-08, 9.269506568033386e-09
6.704545454545454e-01, 1.349431818181818e-01, -9.333270459256473e-08, 8.825780308981756e-09
6.931818181818182e-01, 1.349431818181818e-01, -1.058615708004073e-07, 8.289151670914618e-09
7.159090909090909e-01, 1.349431818181818e-01, -1.170450720199210e-07, 7.699347386469337e-09
7.386363636363636e-01, 1.349431818181818e-01, -1.267407353632261e-07, 7.061068212738173e-09
7.613636363636364e-01, 1.349431818181818e-01, -1.342533820280097e-07, 6.362685181846155e-09
7.840909090909091e-01, 1.349431818181818e-01, -1.389528068987745e-07, 5.634114172912300e-09
8.068181818181818e-01, 1.349431818181818e-01, -1.412544414655583e-07, 4.913389019250949e-09
8.295454545454546e-01, 1.349431818181818e-01, -1.408319724897514e-07, 4.201672640096263e-09
8.522727272727273e-01, 1.349431818181818e-01, -1.366652349758099e-07, 3.488834711142155e-09
8.750000000000000e-01, 1.349431818181818e-01, -1.284907630290808e-07, 2.721497447052293e-09
8.977272727272727e-01, 1.349431818181818e-01, -1.163221824068063e-07, 1.944980517733067e-09
9.204545454545454e-01, 1.349431818181818e-01, -9.975434083483742e-08, 1.262518511414231e-09
9.431818181818182e-01, 1.349431818181818e-01, -7.809853416830142e-08, 7.781771214820716e-10
9.659090909090909e-01, 1.349431818181818e-01, -5.058114220089850e-08, 3.905417361663529e-10
9.886363636363636e-01, 1.349431818181818e-01, -1.894345377131243e-08, 1.155591352232630e-10
1.136363636363636e-02, 1.491477272727273e-01, 1.089521014626680e-08, 4.710322905425771e-12
3.409090909090909e-02, 1.491477272727273e-01, 3.388361011303588e-08, 9.831606694395939e-11
5.681818181818182e-02, 1.491477272727273e-01, 5.390228593277444e-08, 3.371663158695821e-10
7.954545454545454e-02, 1.491477272727273e-01, 7.198009696635563e-08, 7.081594658312506e-10
1.022727272727273e-01, 1.491477272727273e-01, 8.749204237597449e-08, 1.250472583656954e-09
1.250000000000000e-01, 1.491477272727273e-01, 1.006436539614204e-07, 1.789721948065292e-09
1.477272727272727e-01, 1.491477272727273e-01, 1.111269744249556e-07, 2.344068675752452e-09
1.704545454545454e-01, 1.491477272727273e-01, 1.204700098800014e-07, 3.044438622532868e-09
1.931818181818182e-01, 1.491477272727273e-01, 1.266835536964089e-07, 3.757980691533260e-09
2.159090909090909e-01, 1.491477272727273e-01, 1.308588877956551e-07, 4.539173282425877e-09
2.386363636363636e-01, 1.491477272727273e-01, 1.330367446181790e-07, 5.304179211073153e-09
2.613636363636364e-01, 1.491477272727273e-01, 1.327300824857110e-07, 6.004639235383870e-09
2.840909090909091e-01, 1.491477272727273e-01, 1.304985655746531e-07, 6.747559188073735e-09
3.068181818181818e-01, 1.491477272727273e-01, 1.260906617247343e-07, 7.507997276945812e-09
3.295454545454545e-01, 1.491477272727273e-01, 1.198740618906900e-07, 8.196058051476652e-09
3.522727272727273e-01, 1.491477272727273e-01, 1.122106642527393e-07, 8.827386716231583e-09
3.750000000000000e-01, 1.491477272727273e-01, 1.021755165171565e-07, 9.459195839090405e-09
3.977272727272727e-01, 1.491477272727273e-01, 9.062551523078614e-08, 1.003499978767923e-08
4.204545454545455e-01, 1.491477272727273e-01, 7.820570968981337e-08, 1.050258593197582e-08
4.431818181818182e-01, 1.491477272727273e-01, 6.449592139206694e-08, 1.092062788496029e-08
4.659090909090909e-01, 1.491477272727273e-01, 4.892603785070204e-08, 1.127560370264244e-08
4.886363636363636e-01, 1.491477272727273e-01, 3.282810121623183e-08, 1.152278562199580e-08
5.113636363636364e-01, 1.491477272727273e-01, 1.659511975835443e-08, 1.166772823704870e-08
5.340909090909091e-01, 1.491477272727273e-01, -7.155136356122258e-10, 1.172245117360653e-08
5.568181818181818e-01, 1.491477272727273e-01, -1.879402575409316e-08, 1.167283074089661e-08
5.795454545454546e-01, 1.491477272727273e-01, -3.611934703738743e-08, 1.152569122374427e-08
6.022727272727273e-01, 1.491477272727273e-01, -5.303229919135121e-08, 1.130443312634575e-08
6.250000000000000e-01, 1.491477272727273e-01, -7.039967883870082e-08, 1.096212816682742e-08
6.477272727272727e-01, 1.491477272727273e-01, -8.708343531004843e-08, 1.052496614264483e-08
6.704545454545454e-01, 1.491477272727273e-01, -1.018007483389845e-07, 1.002599507325398e-08
6.931818181818182e-01, 1.491477272727273e-01, -1.156026545715140e-07, 9.448404756421983e-09
7.159090909090909e-01, 1.491477272727273e-01, -1.282899951195746e-07, 8.747208154391513e-09
7.386363636363636e-01, 1.491477272727273e-01, -1.387210499448995e-07, 8.007645709475586e-09
7.613636363636364e-01, 1.491477272727273e-01, -1.465937255309879e-07, 7.252373752845808e-09
7.840909090909091e-01, 1.491477272727273e-01, -1.521891200035088e-07, 6.418289213395395e-09
8.068181818181818e-01, 1.491477272727273e-01, -1.548048980945911e-07, 5.518759725881774e-09
8.295454545454546e-01, 1.491477272727273e-01, -1.537413300642182e-07, 4.724205247227873e-09
8.522727272727273e-01, 1.491477272727273e-01, -1.493442862389540e-07, 3.923288846581325e-09
8.750000000000000e-01, 1.491477272727273e-01, -1.409866678283720e-07, 3.024502913364816e-09
8.977272727272727e-01, 1.491477272727273e-01, -1.274965672685025e-07, 2.181466260839483e-09
9.204545454545454e-01, 1.491477272727273e-01, -1.089161188014560e-07, 1.412416762118551e-09
9.431818181818182e-01, 1.491477272727273e-01, -8.533175655035198e-08, 8.536035892011357e-10
9.659090909090909e-01, 1.491477272727273e-01, -5.601793277813941e-08, 4.217640046305883e-10
9.886363636363636e-01, 1.491477272727273e-01, -1.894345377131243e-08, 1.155591352232630e-10
1.136363636363636e-02, 1.633522727272727e-01, 1.289556729902796e-08, 2.409584715622802e-11
3.409090909090909e-02, 1.633522727272727e-01, 3.617688371269680e-08, 1.222720013518884e-10
5.681818181818182e-02, 1.633522727272727e-01, 5.853924677831479e-08, 4.004358120806708e-10
7.954545454545454e-02, 1.633522727272727e-01, 7.809431399955333e-08, 8.120487595826310e-10
1.022727272727273e-01, 1.633522727272727e-01, 9.479412083333746e-08, 1.398260443847650e-09
1.250000000000000e-01, 1.633522727272727e-01, 1.088526264566515e-07, 1.993593722017319e-09
1.477272727272727e-01, 1.633522727272727e-01, 1.209879286282958e-07, 2.661382043301971e-09
1.704545454545454e-01, 1.633522727272727e-01, 1.302504733703026e-07, 3.372142998982097e-09
1.931818181818182e-01, 1.633522727272727e-01, 1.373172826615635e-07, 4.240241015170659e-09
2.159090909090909e-01, 1.633522727272727e-01, 1.421606213894428e-07, 5.100289909220390e-09
2.386363636363636e-01, 1.633522727272727e-01, 1.440695574526148e-07, 5.922289233275221e-09
2.613636363636364e-01, 1.633522727272727e-01, 1.436770726940173e-07, 6.744645218374132e-09
2.840909090909091e-01, 1.633522727272727e-01, 1.415225034380800e-07, 7.580731332052652e-09
3.068181818181818e-01, 1.633522727272727e-01, 1.368032448031003e-07, 8.402037484020801e-09
3.295454545454545e-01, 1.633522727272727e-01, 1.298609735722312e-07, 9.175290885960488e-09
3.522727272727273e-01, 1.633522727272727e-01, 1.212593575426412e-07, 9.911892772001359e-09
3.750000000000000e-01, 1.633522727272727e-01, 1.110220400915749e-07, 1.060755386007961e-08
3.977272727272727e-01, 1.633522727272727e-01, 9.846951140293133e-08, 1.121740904810981e-08
4.204545454545455e-01, 1.633522727272727e-01, 8.461030347060039e-08, 1.176727126515376e-08
4.431818181818182e-01, 1.633522727272727e-01, 6.954089461004835e-08, 1.224990523397538e-08
4.659090909090909e-01, 1.633522727272727e-01, 5.330922688838383e-08, 1.263697159181931e-08
4.886363636363636e-01, 1.633522727272727e-01, 3.579969600020281e-08, 1.290292015957980e-08
5.113636363636364e-01, 1.633522727272727e-01, 1.765036051764123e-08, 1.307187760015026e-08
5.340909090909091e-01, 1.633522727272727e-01, -1.019173313732085e-09, 1.314260992275995e-08
5.568181818181818e-01, 1.633522727272727e-01, -1.997338191226136e-08, 1.308080252787983e-08
5.795454545454546e-01, 1.633522727272727e-01, -3.906418535796489e-08, 1.290894645449341e-08
6.022727272727273e-01, 1.633522727272727e-01, -5.795889955359916e-08, 1.264685539064681e-08
6.250000000000000e-01, 1.633522727272727e-01, -7.646926718402541e-08, 1.229521336354620e-08
6.477272727272727e-01, 1.633522727272727e-01, -9.390417315639920e-08, 1.180686192651925e-08
6.704545454545454e-01, 1.633522727272727e-01, -1.103693225636247e-07, 1.122540440914744e-08
6.931818181818182e-01, 1.633522727272727e-01, -1.256251596655956e-07, 1.056158646576524e-08
7.159090909090909e-01, 1.633522727272727e-01, -1.390944753387407e-07, 9.820082172484591e-09
7.386363636363636e-01, 1.633522727272727e-01, -1.500698596169031e-07, 8.990113812593133e-09
7.613636363636364e-01, 1.633522727272727e-01, -1.588253069576460e-07, 8.107200962871911e-09
7.840909090909091e-01, 1.633522727272727e-01, -1.652345002709815e-07, 7.179294068459058e-09
8.068181818181818e-01, 1.633522727272727e-01, -1.677391917782530e-07, 6.196833646747942e-09
8.295454545454546e-01, 1.633522727272727e-01, -1.664540682302461e-07, 5.276647621454986e-09
8.522727272727273e-01, 1.633522727272727e-01, -1.616936938006688e-07, 4.322581051967471e-09
8.750000000000000e-01, 1.633522727272727e-01, -1.525480911894314e-07, 3.336863733973708e-09
8.977272727272727e-01, 1.633522727272727e-01, -1.383975893117180e-07, 2.406435128751967e-09
9.204545454545454e-01, 1.633522727272727e-01, -1.183955934896248e-07, 1.595535115914960e-09
9.431818181818182e-01, 1.633522727272727e-01, -9.217824739845243e-08, 9.179922708229668e-10
9.659090909090909e-01, 1.633522727272727e-01, -6.024564458460028e-08, 4.389036217193944e-10
9.886363636363636e-01, 1.633522727272727e-01, -2.203152680113430e-08, 1.227306435114426e-10
1.136363636363636e-02, 1.775568181818182e-01, 1.289556729902796e-08, 2.409584715622802e-11
3.409090909090909e-02, 1.775568181818182e-01, 3.960192959017349e-08, 1.607653352316499e-10
5.681818181818182e-02, 1.775568181818182e-01, 6.272660271624925e-08, 4.516422784297492e-10
7.954545454545454e-02, 1.775568181818182e-01, 8.396591849144176e-08, 9.179355138798050e-10
1.022727272727273e-01, 1.775568181818182e-01, 1.019852173515858e-07, 1.543784733301705e-09
1.250000000000000e-01, 1.775568181818182e-01, 1.172566018163864e-07, 2.226210370176720e-09
1.477272727272727e-01, 1.775568181818182e-01, 1.298472209744110e-07, 2.923817531736361e-09
1.704545454545454e-01, 1.775568181818182e-01, 1.403242002188394e-07, 3.773507536586517e-09
1.931818181818182e-01, 1.775568181818182e-01, 1.478351097334525e-07, 4.678341959900021e-09
2.159090909090909e-01, 1.775568181818182e-01, 1.527975729705511e-07, 5.691827464352234e-09
2.386363636363636e-01, 1.775568181818182e-01, 1.549951924545139e-07, 6.546105436296645e-09
2.613636363636364e-01, 1.775568181818182e-01, 1.546975889541484e-07, 7.544841603630406e-09
2.840909090909091e-01, 1.775568181818182e-01, 1.520503575610063e-07, 8.491332449443116e-09
3.068181818181818e-01, 1.775568181818182e-01, 1.471925448776153e-07, 9.359454411465968e-09
3.295454545454545e-01, 1.775568181818182e-01, 1.398622255790711e-07, 1.024589932813057e-08
3.522727272727273e-01, 1.775568181818182e-01, 1.303074930263334e-07, 1.109793526726345e-08
3.750000000000000e-01, 1.775568181818182e-01, 1.190701324504203e-07, 1.182750156898156e-08
3.977272727272727e-01, 1.775568181818182e-01, 1.063156074619347e-07, 1.250413057596962e-08
4.204545454545455e-01, 1.775568181818182e-01, 9.103581329054079e-08, 1.314267561569495e-08
4.431818181818182e-01, 1.775568181818182e-01, 7.454576381393654e-08, 1.367833641420528e-08
4.659090909090909e-01, 1.775568181818182e-01, 5.730938305333704e-08, 1.408883689600142e-08
4.886363636363636e-01, 1.775568181818182e-01, 3.883020989280602e-08, 1.440816363187440e-08
5.113636363636364e-01, 1.775568181818182e-01, 1.877948257396554e-08, 1.460301713677178e-08
5.340909090909091e-01, 1.775568181818182e-01, -1.224695231623305e-09, 1.465288509981107e-08
5.568181818181818e-01, 1.775568181818182e-01, -2.121071236279249e-08, 1.459550570367683e-08
5.795454545454546e-01, 1.775568181818182e-01, -4.192130380300401e-08, 1.441399285824275e-08
6.022727272727273e-01, 1.775568181818182e-01, -6.279948445323432e-08, 1.410888055400920e-08
6.250000000000000e-01, 1.775568181818182e-01, -8.208109036850581e-08, 1.369951551587889e-08
6.477272727272727e-01, 1.775568181818182e-01, -1.006971079864956e-07, 1.320020701974132e-08
6.704545454545454e-01, 1.775568181818182e-01, -1.188927621253324e-07, 1.253321373010800e-08
6.931818181818182e-01, 1.775568181818182e-01, -1.353114490830402e-07, 1.176574241235055e-08
7.159090909090909e-01, 1.775568181818182e-01, -1.492931622757434e-07, 1.095119194834251e-08
7.386363636363636e-01, 1.775568181818182e-01, -1.614635326788097e-07, 1.005619853987568e-08
7.613636363636364e-01, 1.775568181818182e-01, -1.712106323865669e-07, 9.051178768047522e-09
7.840909090909091e-01, 1.775568181818182e-01, -1.774399724686123e-07, 8.009028636073677e-09
8.068181818181818e-01, 1.775568181818182e-01, -1.805303215846921e-07, 6.964912599908315e-09
8.295454545454546e-01, 1.775568181818182e-01, -1.793786649183437e-07, 5.819640874880863e-09
8.522727272727273e-01, 1.775568181818182e-01, -1.737076608454105e-07, 4.747659932345898e-09
8.750000000000000e-01, 1.775568181818182e-01, -1.639711831661378e-07, 3.672250673916727e-09
8.977272727272727e-01, 1.775568181818182e-01, -1.488916975969237e-07, 2.662454335408367e-09
9.204545454545454e-01, 1.775568181818182e-01, -1.273136864245562e-07, 1.756734000043001e-09
9.431818181818182e-01, 1.775568181818182e-01, -9.957500710299646e-08, 1.035123342842381e-09
9.659090909090909e-01, 1.775568181818182e-01, -6.481307914946220e-08, 4.731978917134647e-10
9.886363636363636e-01, 1.775568181818182e-01, -2.251479429697932e-08, 1.238529475561952e-10
1.136363636363636e-02, 1.917613636363636e-01, 1.477366152303608e-08, 3.955910012213586e-11
3.409090909090909e-02, 1.917613636363636e-01, 4.173528821105132e-08, 1.788596598445057e-10
5.681818181818182e-02, 1.917613636363636e-01, 6.732223448181323e-08, 5.229090135641355e-10
7.954545454545454e-02, 1.917613636363636e-01, 8.977192310748048e-08, 1.022262236572755e-09
1.022727272727273e-01, 1.917613636363636e-01, 1.088787289742913e-07, 1.699888009194207e-09
1.250000000000000e-01, 1.917613636363636e-01, 1.252292774663058e-07, 2.439966050067125e-09
1.477272727272727e-01, 1.917613636363636e-01, 1.389683587528032e-07, 3.272258043455536e-09
1.704545454545454e-01, 1.917613636363636e-01, 1.497290431234993e-07, 4.158822608480350e-09
1.931818181818182e-01, 1.917613636363636e-01, 1.581214476698055e-07, 5.176972685861467e-09
2.159090909090909e-01, 1.917613636363636e-01, 1.631823472067757e-07, 6.262522718284446e-09
2.386363636363636e-01, 1.917613636363636e-01, 1.653084081556886e-07, 7.275310489143864e-09
2.613636363636364e-01, 1.917613636363636e-01, 1.657167250442593e-07, 8.353669528578224e-09
2.840909090909091e-01, 1.917613636363636e-01, 1.623149794371456e-07, 9.361188952107324e-09
3.068181818181818e-01, 1.917613636363636e-01, 1.570125037539037e-07, 1.035628188280231e-08
3.295454545454545e-01, 1.917613636363636e-01, 1.496647852324963e-07, 1.133130635500473e-08
3.522727272727273e-01, 1.917613636363636e-01, 1.393815858580068e-07, 1.222243151102876e-08
3.750000000000000e-01, 1.917613636363636e-01, 1.271223612027140e-07, 1.305675636836838e-08
3.977272727272727e-01, 1.917613636363636e-01, 1.131575623578475e-07, 1.382762157745122e-08
4.204545454545455e-01, 1.917613636363636e-01, 9.758689903166252e-08, 1.451272567105058e-08
4.431818181818182e-01, 1.917613636363636e-01, 7.988214958532289e-08, 1.508870566943975e-08
4.659090909090909e-01, 1.917613636363636e-01, 6.101057687325653e-08, 1.556451755767650e-08
4.886363636363636e-01, 1.917613636363636e-01, 4.110049393093521e-08, 1.592896064731190e-08
5.113636363636364e-01, 1.917613636363636e-01, 2.046678090753131e-08, 1.613145031625207e-08
5.340909090909091e-01, 1.917613636363636e-01, -1.160594248575312e-09, 1.617957637008188e-08
5.568181818181818e-01, 1.917613636363636e-01, -2.305578093253102e-08, 1.610867893930269e-08
5.795454545454546e-01, 1.917613636363636e-01, -4.508268363162030e-08, 1.592334673066895e-08
6.022727272727273e-01, 1.917613636363636e-01, -6.655068303591571e-08, 1.558828402675643e-08
6.250000000000000e-01, 1.917613636363636e-01, -8.768370757979239e-08, 1.512590556046704e-08
6.477272727272727e-01, 1.917613636363636e-01, -1.080434307077438e-07, 1.455034868611599e-08
6.704545454545454e-01, 1.917613636363636e-01, -1.270729809584800e-07, 1.386565309231991e-08
6.931818181818182e-01, 1.917613636363636e-01, -1.442266833094131e-07, 1.301320731220368e-08
7.159090909090909e-01, 1.917613636363636e-01, -1.595387395598606e-07, 1.207711383493689e-08
7.386363636363636e-01, 1.917613636363636e-01, -1.727735507344415e-07, 1.107739062152759e-08
7.613636363636364e-01, 1.917613636363636e-01, -1.829312050523576e-07, 1.003435356356367e-08
7.840909090909091e-01, 1.917613636363636e-01, -1.893227047241245e-07, 8.868678873141515e-09
8.068181818181818e-01, 1.917613636363636e-01, -1.924247876198145e-07, 7.651692487125176e-09
8.295454545454546e-01, 1.917613636363636e-01, -1.920544766695229e-07, 6.397359770645501e-09
8.522727272727273e-01, 1.917613636363636e-01, -1.855246248676759e-07, 5.226134176840069e-09
8.750000000000000e-01, 1.917613636363636e-01, -1.748684521423609e-07, 4.012957406257614e-09
8.977272727272727e-01, 1.917613636363636e-01, -1.590566839665526e-07, 2.947790411891115e-09
9.204545454545454e-01, 1.917613636363636e-01, -1.362740580408446e-07, 1.950580075193903e-09
9.431818181818182e-01, 1.917613636363636e-01, -1.060284325129001e-07, 1.115760463893224e-09
9.659090909090909e-01, 1.917613636363636e-01, -6.938206120478963e-08, 5.202783830962157e-10
9.886363636363636e-01, 1.917613636363636e-01, -2.473930611880747e-08, 1.409359122353699e-10
1.136363636363636e-02, 2.059659090909091e-01, 1.490921649722445e-08, 4.067518941620139e-11
3.409090909090909e-02, 2.059659090909091e-01, 4.502354317893133e-08, 2.196251633970025e-10
5.681818181818182e-02, 2.059659090909091e-01, 7.128202689234733e-08, 5.768727130343807e-10
7.954545454545454e-02, 2.059659090909091e-01, 9.534575157974714e-08, 1.132984045561843e-09
1.022727272727273e-01, 2.059659090909091e-01, 1.158827486192421e-07, 1.862529900274296e-09
1.250000000000000e-01, 2.059659090909091e-01, 1.330723086940522e-07, 2.684568132393901e-09
1.477272727272727e-01, 2.059659090909091e-01, 1.475381293927427e-07, 3.588084870820719e-09
1.704545454545454e-01, 2.059659090909091e-01, 1.593244839540627e-07, 4.616303287947605e-09
1.931818181818182e-01, 2.059659090909091e-01, 1.679493217322442e-07, 5.703494248374031e-09
2.159090909090909e-01, 2.059659090909091e-01, 1.731869430778474e-07, 6.825680816805589e-09
2.386363636363636e-01, 2.059659090909091e-01, 1.758307381341103e-07, 8.061791348770456e-09
2.613636363636364e-01, 2.059659090909091e-01, 1.757247899115365e-07, 9.183729143287893e-09
2.840909090909091e-01, 2.059659090909091e-01, 1.727096090509486e-07, 1.029910936326926e-08
3.068181818181818e-01, 2.059659090909091e-01, 1.669209864159516e-07, 1.144052653022140e-08
3.295454545454545e-01, 2.059659090909091e-01, 1.586632874861149e-07, 1.247580305585929e-08
3.522727272727273e-01, 2.059659090909091e-01, 1.483933630306309e-07, 1.344296698418440e-08
3.750000000000000e-01, 2.059659090909091e-01, 1.352199291987570e-07, 1.438802671568816e-08
3.977272727272727e-01, 2.059659090909091e-01, 1.200521721812197e-07, 1.523839628660819e-08
4.204545454545455e-01, 2.059659090909091e-01, 1.034279474568445e-07, 1.596049944444956e-08
4.431818181818182e-01, 2.059659090909091e-01, 8.526349922287431e-08, 1.660621351391537e-08
4.659090909090909e-01, 2.059659090909091e-01, 6.477484585701301e-08, 1.715509089839463e-08
4.886363636363636e-01, 2.059659090909091e-01, 4.354370728992972e-08, 1.752603732203632e-08
5.113636363636364e-01, 2.059659090909091e-01, 2.175273776564683e-08, 1.774651772853073e-08
5.340909090909091e-01, 2.059659090909091e-01, -1.003646103741536e-09, 1.782445405134056e-08
5.568181818181818e-01, 2.059659090909091e-01, -2.481057463417714e-08, 1.773770714700172e-08
5.795454545454546e-01, 2.059659090909091e-01, -4.780788159184092e-08, 1.750454174710352e-08
6.022727272727273e-01, 2.059659090909091e-01, -7.048396201187308e-08, 1.716182600243056e-08
6.250000000000000e-01, 2.059659090909091e-01, -9.324005193696222e-08, 1.666331806781534e-08
6.477272727272727e-01, 2.059659090909091e-01, -1.150649467099089e-07, 1.601009058884777e-08
6.704545454545454e-01, 2.059659090909091e-01, -1.348117763119446e-07, 1.523571241559284e-08
6.931818181818182e-01, 2.059659090909091e-01, -1.531652950526457e-07, 1.435446280497525e-08
7.159090909090909e-01, 2.059659090909091e-01, -1.698478634103642e-07, 1.327769398541002e-08
7.386363636363636e-01, 2.059659090909091e-01, -1.835504966767724e-07, 1.217275351585498e-08
7.613636363636364e-01, 2.059659090909091e-01, -1.940499138328679e-07, 1.104006601528885e-08
7.840909090909091e-01, 2.059659090909091e-01, -2.015290905671384e-07, 9.817125817830538e-09
8.068181818181818e-01, 2.059659090909091e-01, -2.049299069754969e-07, 8.401768343743530e-09
8.295454545454546e-01, 2.059659090909091e-01, -2.039020494095100e-07, 7.064445930353687e-09
8.522727272727273e-01, 2.059659090909091e-01, -1.969906093577171e-07, 5.680338846450746e-09
8.750000000000000e-01, 2.059659090909091e-01, -1.860102447924841e-07, 4.468291651858180e-09
8.977272727272727e-01, 2.059659090909091e-01, -1.687301703975733e-07, 3.216711834756424e-09
9.204545454545454e-01, 2.059659090909091e-01, -1.448277443030215e-07, 2.132345731725813e-09
9.431818181818182e-01, 2.059659090909091e-01, -1.131579164365306e-07, 1.246006168511699e-09
9.659090909090909e-01, 2.059659090909091e-01, -7.325591798502734e-08, 5.546894416746913e-10
9.886363636363636e-01, 2.059659090909091e-01, -2.584034422653249e-08, 1.493912483320935e-10
1.136363636363636e-02, 2.201704545454546e-01, 1.630594981621779e-08, 5.257523595497459e-11
3.409090909090909e-02, 2.201704545454546e-01, 4.704630565626070e-08, 2.365537328355949e-10
5.681818181818182e-02, 2.201704545454546e-01, 7.567083287644915e-08, 6.503885583222242e-10
7.954545454545454e-02, 2.201704545454546e-01, 1.008420153877190e-07, 1.243832472550872e-09
1.022727272727273e-01, 2.201704545454546e-01, 1.222893254928485e-07, 2.028608673482847e-09
1.250000000000000e-01, 2.201704545454546e-01, 1.408242019035536e-07, 2.935734184366696e-09
1.477272727272727e-01, 2.201704545454546e-01, 1.560419536403309e-07, 3.934193142945346e-09
1.704545454545454e-01, 2.201704545454546e-01, 1.682519567958635e-07, 5.040028359470560e-09
1.931818181818182e-01, 2.201704545454546e-01, 1.777544102922025e-07, 6.252085001296810e-09
2.159090909090909e-01, 2.201704545454546e-01, 1.832535480976248e-07, 7.464858656063624e-09
2.386363636363636e-01, 2.201704545454546e-01, 1.859024712017977e-07, 8.786831108355921e-09
2.613636363636364e-01, 2.201704545454546e-01, 1.855281348584344e-07, 1.003788250311922e-08
2.840909090909091e-01, 2.201704545454546e-01, 1.827525148322716e-07, 1.126519536200934e-08
3.068181818181818e-01, 2.201704545454546e-01, 1.765681673856104e-07, 1.246564209936985e-08
3.295454545454545e-01, 2.201704545454546e-01, 1.676496321571929e-07, 1.361613264898331e-08
3.522727272727273e-01, 2.201704545454546e-01, 1.565363104280823e-07, 1.470947450109106e-08
3.750000000000000e-01, 2.201704545454546e-01, 1.432973928947546e-07, 1.571883477956342e-08
3.977272727272727e-01, 2.201704545454546e-01, 1.271176345558755e-07, 1.661708328627077e-08
4.204545454545455e-01, 2.201704545454546e-01, 1.092016456072021e-07, 1.743565553500049e-08
4.431818181818182e-01, 2.201704545454546e-01, 8.966896557787771e-08, 1.816314470791997e-08
4.659090909090909e-01, 2.201704545454546e-01, 6.889498518750814e-08, 1.874168566408351e-08
4.886363636363636e-01, 2.201704545454546e-01, 4.623663594133499e-08, 1.914858989531190e-08
5.113636363636364e-01, 2.201704545454546e-01, 2.271766486279496e-08, 1.939461610686935e-08
5.340909090909091e-01, 2.201704545454546e-01, -1.459394801001559e-09, 1.948250218361930e-08
5.568181818181818e-01, 2.201704545454546e-01, -2.572800484082430e-08, 1.938034319954196e-08
5.795454545454546e-01, 2.201704545454546e-01, -5.046162510922591e-08, 1.911893582219772e-08
6.022727272727273e-01, 2.201704545454546e-01, -7.492984848475685e-08, 1.872930823921166e-08
6.250000000000000e-01, 2.201704545454546e-01, -9.876139472104428e-08, 1.821373867957884e-08
6.477272727272727e-01, 2.201704545454546e-01, -1.212310046128796e-07, 1.751527844838985e-08
6.704545454545454e-01, 2.201704545454546e-01, -1.425644620023138e-07, 1.664357777881113e-08
6.931818181818182e-01, 2.201704545454546e-01, -1.623040137286951e-07, 1.563442256232443e-08
7.159090909090909e-01, 2.201704545454546e-01, -1.795717695342396e-07, 1.453066609993572e-08
7.386363636363636e-01, 2.201704545454546e-01, -1.938178004519440e-07, 1.330962324068466e-08
7.613636363636364e-01, 2.201704545454546e-01, -2.051450812126625e-07, 1.204579903268660e-08
7.840909090909091e-01, 2.201704545454546e-01, -2.131640371343697e-07, 1.067182517327176e-08
8.068181818181818e-01, 2.201704545454546e-01, -2.168265263068961e-07, 9.190269047389258e-09
8.295454545454546e-01, 2.201704545454546e-01, -2.151584622080666e-07, 7.650506054802917e-09
8.522727272727273e-01, 2.201704545454546e-01, -2.087210008142605e-07, 6.246507549338294e-09
8.750000000000000e-01, 2.201704545454546e-01, -1.962763113357883e-07, 4.818586477564838e-09
8.977272727272727e-01, 2.201704545454546e-01, -1.784730441358001e-07, 3.524191296831744e-09
9.204545454545454e-01, 2.201704545454546e-01, -1.532874960733132e-07, 2.327151142185042e-09
9.431818181818182e-01, 2.201704545454546e-01, -1.192982898942434e-07, 1.335376279077450e-09
9.659090909090909e-01, 2.201704545454546e-01, -7.806502429699372e-08, 6.161422664916241e-10
9.886363636363636e-01, 2.201704545454546e-01, -2.730731398841360e-08, 1.608702415392629e-10
1.136363636363636e-02, 2.343750000000000e-01, 1.682892017384499e-08, 5.703089796971613e-11
3.409090909090909e-02, 2.343750000000000e-01, 5.018809355758219e-08, 2.778464281985595e-10
5.681818181818182e-02, 2.343750000000000e-01, 7.941216461233191e-08, 7.041788618166348e-10
7.954545454545454e-02, 2.343750000000000e-01, 1.061388937543781e-07, 1.358198105965508e-09
1.022727272727273e-01, 2.343750000000000e-01, 1.290170372803227e-07, 2.214171284884727e-09
1.250000000000000e-01, 2.343750000000000e-01, 1.480777210128885e-07, 3.185360724293801e-09
1.477272727272727e-01, 2.343750000000000e-01, 1.643134353451179e-07, 4.291607941121521e-09
1.704545454545454e-01, 2.343750000000000e-01, 1.771954586578313e-07, 5.488267012098007e-09
1.931818181818182e-01, 2.343750000000000e-01, 1.868473112135846e-07, 6.779447526071998e-09
2.159090909090909e-01, 2.343750000000000e-01, 1.931609377308215e-07, 8.092339326852233e-09
2.386363636363636e-01, 2.343750000000000e-01, 1.956977497843432e-07, 9.528351847080927e-09
2.613636363636364e-01, 2.343750000000000e-01, 1.955048628974648e-07, 1.094823198715507e-08
2.840909090909091e-01, 2.343750000000000e-01, 1.921365575817807e-07, 1.228633226611185e-08
3.068181818181818e-01, 2.343750000000000e-01, 1.859987209399246e-07, 1.356557623477466e-08
3.295454545454545e-01, 2.343750000000000e-01, 1.767509424428259e-07, 1.484555141907279e-08
3.522727272727273e-01, 2.343750000000000e-01, 1.647538503355426e-07, 1.606659992297079e-08
3.750000000000000e-01, 2.343750000000000e-01, 1.504770878021133e-07, 1.711890287654694e-08
3.977272727272727e-01, 2.343750000000000e-01, 1.342424083396256e-07, 1.809598789539338e-08
4.204545454545455e-01, 2.343750000000000e-01, 1.150238407301799e-07, 1.901364196952732e-08
4.431818181818182e-01, 2.343750000000000e-01, 9.428082098597482e-08, 1.977938727727035e-08
4.659090909090909e-01, 2.343750000000000e-01, 7.228384317889871e-08, 2.039681726901148e-08
4.886363636363636e-01, 2.343750000000000e-01, 4.901062556142104e-08, 2.087822056018583e-08
5.113636363636364e-01, 2.343750000000000e-01, 2.378444421485643e-08, 2.114983504737169e-08
5.340909090909091e-01, 2.343750000000000e-01, -1.533629839192159e-09, 2.119993478027113e-08
5.568181818181818e-01, 2.343750000000000e-01, -2.703377438219898e-08, 2.110052870977236e-08
5.795454545454546e-01, 2.343750000000000e-01, -5.303651060202477e-08, 2.084165984082107e-08
6.022727272727273e-01, 2.343750000000000e-01, -7.921206762295513e-08, 2.039846315184821e-08
6.250000000000000e-01, 2.343750000000000e-01, -1.037946251700447e-07, 1.981551365062919e-08
6.477272727272727e-01, 2.343750000000000e-01, -1.275412513897741e-07, 1.909121831104222e-08
6.704545454545454e-01, 2.343750000000000e-01, -1.503523472236549e-07, 1.814724750466652e-08
6.931818181818182e-01, 2.343750000000000e-01, -1.709095285963906e-07, 1.701375533022468e-08
7.159090909090909e-01, 2.343750000000000e-01, -1.887477518457389e-07, 1.579073758992213e-08
7.386363636363636e-01, 2.343750000000000e-01, -2.042236453905656e-07, 1.450154459309692e-08
7.613636363636364e-01, 2.343750000000000e-01, -2.164433725124965e-07, 1.310859709625653e-08
7.840909090909091e-01, 2.343750000000000e-01, -2.242971771212122e-07, 1.158752089512680e-08
8.068181818181818e-01, 2.343750000000000e-01, -2.280239381378628e-07, 9.951357407251259e-09
8.295454545454546e-01, 2.343750000000000e-01, -2.265239797915249e-07, 8.303253710685989e-09
8.522727272727273e-01, 2.343750000000000e-01, -2.194971636245038e-07, 6.716774973622974e-09
8.750000000000000e-01, 2.343750000000000e-01, -2.068946026232947e-07, 5.260147162725833e-09
8.977272727272727e-01, 2.343750000000000e-01, -1.876714781976061e-07, 3.798502917346771e-09
9.204545454545454e-01, 2.343750000000000e-01, -1.613375530596544e-07, 2.516288037433277e-09
9.431818181818182e-01, 2.343750000000000e-01, -1.260332958683903e-07, 1.465907491105730e-09
9.659090909090909e-01, 2.343750000000000e-01, -8.138127850250326e-08, 6.404573755646031e-10
9.886363636363636e-01, 2.343750000000000e-01, -2.899678438476305e-08, 1.740902953586005e-10
1.136363636363636e-02, 2.485795454545454e-01, 1.776725874456951e-08, 6.423121154937444e-11
3.409090909090909e-02, 2.485795454545454e-01, 5.208273744243506e-08, 2.926523371527834e-10
5.681818181818182e-02, 2.485795454545454e-01, 8.358691151929974e-08, 7.792961364291986e-10
7.954545454545454e-02, 2.485795454545454e-01, 1.113108972044845e-07, 1.471885714503229e-09
1.022727272727273e-01, 2.485795454545454e-01, 1.350139747437747e-07, 2.385583008163861e-09
1.250000000000000e-01, 2.485795454545454e-01, 1.556184168508438e-07, 3.475191890515406e-09
1.477272727272727e-01, 2.485795454545454e-01, 1.722020417613090e-07, 4.640494710513447e-09
1.704545454545454e-01, 2.485795454545454e-01, 1.857877587587913e-07, 5.953428810578885e-09
1.931818181818182e-01, 2.485795454545454e-01, 1.959712011375919e-07, 7.323350659788802e-09
2.159090909090909e-01, 2.485795454545454e-01, 2.025152877937746e-07, 8.759252261208624e-09
2.386363636363636e-01, 2.485795454545454e-01, 2.055888762634356e-07, 1.032406789477424e-08
2.613636363636364e-01, 2.485795454545454e-01, 2.051176960521919e-07, 1.180698464291757e-08
2.840909090909091e-01, 2.485795454545454e-01, 2.013338573966606e-07, 1.327559224199426e-08
3.068181818181818e-01, 2.485795454545454e-01, 1.947863421688683e-07, 1.471454273306837e-08
3.295454545454545e-01, 2.485795454545454e-01, 1.856453823059981e-07, 1.609431815461233e-08
3.522727272727273e-01, 2.485795454545454e-01, 1.728701092312646e-07, 1.735728406124646e-08
3.750000000000000e-01, 2.485795454545454e-01, 1.576799985748780e-07, 1.853793760088930e-08
3.977272727272727e-01, 2.485795454545454e-01, 1.403577492675312e-07, 1.962111805518452e-08
4.204545454545455e-01, 2.485795454545454e-01, 1.209944159243930e-07, 2.058360734906982e-08
4.431818181818182e-01, 2.485795454545454e-01, 9.906244031568214e-08, 2.141450113507674e-08
4.659090909090909e-01, 2.485795454545454e-01, 7.561237239632936e-08, 2.211177514819717e-08
4.886363636363636e-01, 2.485795454545454e-01, 5.084641314081387e-08, 2.265052510498116e-08
5.113636363636364e-01, 2.485795454545454e-01, 2.548782483608117e-08, 2.292180522663094e-08
5.340909090909091e-01, 2.485795454545454e-01, -1.439076092342619e-09, 2.296610911429137e-08
5.568181818181818e-01, 2.485795454545454e-01, -2.866673252367420e-08, 2.285192032048351e-08
5.795454545454546e-01, 2.485795454545454e-01, -5.601105021363261e-08, 2.257409216972343e-08
6.022727272727273e-01, 2.485795454545454e-01, -8.257501019762870e-08, 2.210662854011562e-08
6.250000000000000e-01, 2.485795454545454e-01, -1.088433142699037e-07, 2.146575903715778e-08
6.477272727272727e-01, 2.485795454545454e-01, -1.341713172918923e-07, 2.066736641312437e-08
6.704545454545454e-01, 2.485795454545454e-01, -1.576657964784637e-07, 1.967611347294857e-08
6.931818181818182e-01, 2.485795454545454e-01, -1.789499100036920e-07, 1.845763204339814e-08
7.159090909090909e-01, 2.485795454545454e-01, -1.979878184730604e-07, 1.709403691991349e-08
7.386363636363636e-01, 2.485795454545454e-01, -2.144327755512918e-07, 1.564121529970695e-08
7.613636363636364e-01, 2.485795454545454e-01, -2.270618411556881e-07, 1.423015037663801e-08
7.840909090909091e-01, 2.485795454545454e-01, -2.352686842988991e-07, 1.249840649505817e-08
8.068181818181818e-01, 2.485795454545454e-01, -2.390470654519918e-07, 1.070313339883048e-08
8.295454545454546e-01, 2.485795454545454e-01, -2.375170163024819e-07, 8.962348810375118e-09
8.522727272727273e-01, 2.485795454545454e-01, -2.303045300282018e-07, 7.283010013506982e-09
8.750000000000000e-01, 2.485795454545454e-01, -2.168924710115140e-07, 5.648780507171529e-09
8.977272727272727e-01, 2.485795454545454e-01, -1.969319774268462e-07, 4.122456463360551e-09
9.204545454545454e-01, 2.485795454545454e-01, -1.693167213988470e-07, 2.715040970874446e-09
9.431818181818182e-01, 2.485795454545454e-01, -1.318370980253130e-07, 1.563076343055023e-09
9.659090909090909e-01, 2.485795454545454e-01, -8.626246327540835e-08, 7.162346696485304e-10
9.886363636363636e-01, 2.485795454545454e-01, -2.975889322829653e-08, 1.818615635671998e-10
1.136363636363636e-02, 2.627840909090909e-01, 1.862371702242708e-08, 7.080321909640204e-11
3.409090909090909e-02, 2.627840909090909e-01, 5.478271030194023e-08, 3.272174876232966e-10
5.681818181818182e-02, 2.627840909090909e-01, 8.709511679246420e-08, 8.346229615048410e-10
7.954545454545454e-02, 2.627840909090909e-01, 1.163453484222531e-07, 1.592248105545724e-09
1.022727272727273e-01, 2.627840909090909e-01, 1.413424373749255e-07, 2.586346834473209e-09
1.250000000000000e-01, 2.627840909090909e-01, 1.622908236200818e-07, 3.725340616867004e-09
1.477272727272727e-01, 2.627840909090909e-01, 1.802082136893698e-07, 5.041236316145230e-09
1.704545454545454e-01, 2.627840909090909e-01, 1.941013777704896e-07, 6.408161204977127e-09
1.931818181818182e-01, 2.627840909090909e-01, 2.047394146530218e-07, 7.914496772225823e-09
2.159090909090909e-01, 2.627840909090909e-01, 2.118425765355046e-07, 9.427214418650121e-09
2.386363636363636e-01, 2.627840909090909e-01, 2.146225415601252e-07, 1.112563375238636e-08
2.613636363636364e-01, 2.627840909090909e-01, 2.142744731788233e-07, 1.270821218422512e-08
2.840909090909091e-01, 2.627840909090909e-01, 2.107648117364979e-07, 1.435958381950758e-08
3.068181818181818e-01, 2.627840909090909e-01, 2.037816468676906e-07, 1.593272529382986e-08
3.295454545454545e-01, 2.627840909090909e-01, 1.935967652012917e-07, 1.737551934722329e-08
3.522727272727273e-01, 2.627840909090909e-01, 1.809758694733581e-07, 1.874156161581265e-08
3.750000000000000e-01, 2.627840909090909e-01, 1.650186789643490e-07, 2.006789180558228e-08
3.977272727272727e-01, 2.627840909090909e-01, 1.465334893959137e-07, 2.122133969905566e-08
4.204545454545455e-01, 2.627840909090909e-01, 1.261969405684371e-07, 2.222914974964669e-08
4.431818181818182e-01, 2.627840909090909e-01, 1.038627467951558e-07, 2.314434265083138e-08
4.659090909090909e-01, 2.627840909090909e-01, 7.899539773251788e-08, 2.391307497978280e-08
4.886363636363636e-01, 2.627840909090909e-01, 5.317602680392413e-08, 2.443225870948812e-08
5.113636363636364e-01, 2.627840909090909e-01, 2.632039559284169e-08, 2.473504644799268e-08
5.340909090909091e-01, 2.627840909090909e-01, -1.204813858967274e-09, 2.482472937852425e-08
5.568181818181818e-01, 2.627840909090909e-01, -3.018707982674323e-08, 2.471081982411512e-08
5.795454545454546e-01, 2.627840909090909e-01, -5.840180107307654e-08, 2.436640070432737e-08
6.022727272727273e-01, 2.627840909090909e-01, -8.622301324688946e-08, 2.387881282026306e-08
6.250000000000000e-01, 2.627840909090909e-01, -1.139196119851796e-07, 2.320257090819268e-08
6.477272727272727e-01, 2.627840909090909e-01, -1.402819902319367e-07, 2.232889323030118e-08
6.704545454545454e-01, 2.627840909090909e-01, -1.645774727024651e-07, 2.121801048968051e-08
6.931818181818182e-01, 2.627840909090909e-01, -1.870771653228704e-07, 1.993722187821433e-08
7.159090909090909e-01, 2.627840909090909e-01, -2.073642438609203e-07, 1.849109263121162e-08
7.386363636363636e-01, 2.627840909090909e-01, -2.239550221109132e-07, 1.689046564243722e-08
7.613636363636364e-01, 2.627840909090909e-01, -2.369578723903888e-07, 1.531109410300977e-08
7.840909090909091e-01, 2.627840909090909e-01, -2.464328296510315e-07, 1.339308028198310e-08
8.068181818181818e-01, 2.627840909090909e-01, -2.497998135936950e-07, 1.154660024741993e-08
8.295454545454546e-01, 2.627840909090909e-01, -2.482536529476229e-07, 9.650083607430958e-09
8.522727272727273e-01, 2.627840909090909e-01, -2.407959117612180e-07, 7.842366154245935e-09
8.750000000000000e-01, 2.627840909090909e-01, -2.267394020414985e-07, 6.093837055854403e-09
8.977272727272727e-01, 2.627840909090909e-01, -2.058437953390717e-07, 4.422525789929555e-09
9.204545454545454e-01, 2.627840909090909e-01, -1.768673487316786e-07, 2.921870502484643e-09
9.431818181818182e-01, 2.627840909090909e-01, -1.382324609467242e-07, 1.700738401174859e-09
9.659090909090909e-01, 2.627840909090909e-01, -8.940072014075485e-08, 7.467887471615787e-10
9.886363636363636e-01, 2.627840909090909e-01, -3.195157811942320e-08, 2.042204989482458e-10
1.136363636363636e-02, 2.769886363636364e-01, 1.916490875402075e-08, 7.523270763466875e-11
3.409090909090909e-02, 2.769886363636364e-01, 5.683819578628687e-08, 3.479929943049122e-10
5.681818181818182e-02, 2.769886363636364e-01, 9.106420264780828e-08, 9.137535662613397e-10
7.954545454545454e-02, 2.769886363636364e-01, 1.211948216341785e-07, 1.714797074141454e-09
1.022727272727273e-01, 2.769886363636364e-01, 1.470602867625891e-07, 2.770545921706068e-09
1.250000000000000e-01, 2.769886363636364e-01, 1.694876250262013e-07, 4.043825135568070e-09
1.477272727272727e-01, 2.769886363636364e-01, 1.875010451677802e-07, 5.390577046287307e-09
1.704545454545454e-01, 2.769886363636364e-01, 2.023860038518326e-07, 6.930616257328169e-09
1.931818181818182e-01, 2.769886363636364e-01, 2.133395000239815e-07, 8.483909834172243e-09
2.159090909090909e-01, 2.769886363636364e-01, 2.206875944903640e-07, 1.017489028543073e-08
2.386363636363636e-01, 2.769886363636364e-01, 2.235709900827163e-07, 1.192528112837731e-08
2.613636363636364e-01, 2.769886363636364e-01, 2.229550175231828e-07, 1.368562790296000e-08
2.840909090909091e-01, 2.769886363636364e-01, 2.197653652426022e-07, 1.547984791320667e-08
3.068181818181818e-01, 2.769886363636364e-01, 2.123545381560300e-07, 1.708258714511095e-08
3.295454545454545e-01, 2.769886363636364e-01, 2.016072123349672e-07, 1.867028792834306e-08
3.522727272727273e-01, 2.769886363636364e-01, 1.882013499686668e-07, 2.018471260659211e-08
3.750000000000000e-01, 2.769886363636364e-01, 1.723520631283101e-07, 2.158280795125803e-08
3.977272727272727e-01, 2.769886363636364e-01, 1.527929616768674e-07, 2.279923595073275e-08
4.204545454545455e-01, 2.769886363636364e-01, 1.313037638407992e-07, 2.392452019055089e-08
4.431818181818182e-01, 2.769886363636364e-01, 1.077969466398946e-07, 2.491689404938132e-08
4.659090909090909e-01, 2.769886363636364e-01, 8.277223270014298e-08, 2.570839386488645e-08
4.886363636363636e-01, 2.769886363636364e-01, 5.561236286281370e-08, 2.632059624674129e-08
5.113636363636364e-01, 2.769886363636364e-01, 2.731271676179211e-08, 2.661193752831144e-08
5.340909090909091e-01, 2.769886363636364e-01, -1.822315176142659e-09, 2.671951849585142e-08
5.568181818181818e-01, 2.769886363636364e-01, -3.092199802129442e-08, 2.659480682004925e-08
5.795454545454546e-01, 2.769886363636364e-01, -6.074187689212226e-08, 2.621829858841710e-08
6.022727272727273e-01, 2.769886363636364e-01, -9.022736019174479e-08, 2.567198285626739e-08
6.250000000000000e-01, 2.769886363636364e-01, -1.187891546817402e-07, 2.495876006388422e-08
6.477272727272727e-01, 2.769886363636364e-01, -1.458991249705712e-07, 2.404159570932568e-08
6.704545454545454e-01, 2.769886363636364e-01, -1.715508237372147e-07, 2.285158297150636e-08
6.931818181818182e-01, 2.769886363636364e-01, -1.952354696574038e-07, 2.140294530916083e-08
7.159090909090909e-01, 2.769886363636364e-01, -2.161394842321609e-07, 1.990046966137890e-08
7.386363636363636e-01, 2.769886363636364e-01, -2.330571830169098e-07, 1.819678328583509e-08
7.613636363636364e-01, 2.769886363636364e-01, -2.469069233172706e-07, 1.637312411954234e-08
7.840909090909091e-01, 2.769886363636364e-01, -2.567158239073288e-07, 1.443686410229595e-08
8.068181818181818e-01, 2.769886363636364e-01, -2.606141846342677e-07, 1.236982511804910e-08
8.295454545454546e-01, 2.769886363636364e-01, -2.586977650958561e-07, 1.040545295130645e-08
8.522727272727273e-01, 2.769886363636364e-01, -2.508385803064013e-07, 8.409648906652788e-09
8.750000000000000e-01, 2.769886363636364e-01, -2.364683653116994e-07, 6.542677762911490e-09
8.977272727272727e-01, 2.769886363636364e-01, -2.144431570788489e-07, 4.749534853998877e-09
9.204545454545454e-01, 2.769886363636364e-01, -1.844494301704574e-07, 3.134371140141584e-09
9.431818181818182e-01, 2.769886363636364e-01, -1.436557055625137e-07, 1.802175810839925e-09
9.659090909090909e-01, 2.769886363636364e-01, -9.404455461847997e-08, 8.240649749209941e-10
9.886363636363636e-01, 2.769886363636364e-01, -3.209837623498147e-08, 2.055925009076819e-10
1.136363636363636e-02, 2.911931818181818e-01, 2.032563529733487e-08, 8.473289882297787e-11
3.409090909090909e-02, 2.911931818181818e-01, 5.907968412610487e-08, 3.752277849771025e-10
5.681818181818182e-02, 2.911931818181818e-01, 9.435058059757794e-08, 9.700721220172026e-10
7.954545454545454e-02, 2.911931818181818e-01, 1.259797892686830e-07, 1.842928118850706e-09
1.022727272727273e-01, 2.911931818181818e-01, 1.529861910429642e-07, 2.986578002331728e-09
1.250000000000000e-01, 2.911931818181818e-01, 1.757238387019501e-07, 4.301293367319760e-09
1.477272727272727e-01, 2.911931818181818e-01, 1.952222492913372e-07, 5.837810624307678e-09
1.704545454545454e-01, 2.911931818181818e-01, 2.101108615689048e-07, 7.388341682641268e-09
1.931818181818182e-01, 2.911931818181818e-01, 2.216921386988783e-07, 9.149985310797651e-09
2.159090909090909e-01, 2.911931818181818e-01, 2.294662827657099e-07, 1.093307126376468e-08
2.386363636363636e-01, 2.911931818181818e-01, 2.322957715349330e-07, 1.276627251329448e-08
2.613636363636364e-01, 2.911931818181818e-01, 2.320828911078469e-07, 1.474880781704606e-08
2.840909090909091e-01, 2.911931818181818e-01, 2.280168025213394e-07, 1.658511771369441e-08
3.068181818181818e-01, 2.911931818181818e-01, 2.205727515751789e-07, 1.831253304949991e-08
3.295454545454545e-01, 2.911931818181818e-01, 2.098825172283365e-07, 2.002589582990088e-08
3.522727272727273e-01, 2.911931818181818e-01, 1.957095856852402e-07, 2.170836809681797e-08
3.750000000000000e-01, 2.911931818181818e-01, 1.785407710456961e-07, 2.316004005035554e-08
3.977272727272727e-01, 2.911931818181818e-01, 1.591995952849301e-07, 2.449223041492231e-08
4.204545454545455e-01, 2.911931818181818e-01, 1.363964525306539e-07, 2.575005740318571e-08
4.431818181818182e-01, 2.911931818181818e-01, 1.120097147266776e-07, 2.671314410786261e-08
4.659090909090909e-01, 2.911931818181818e-01, 8.583974419356933e-08, 2.754990680884510e-08
4.886363636363636e-01, 2.911931818181818e-01, 5.764821163393900e-08, 2.824378803700089e-08
5.113636363636364e-01, 2.911931818181818e-01, 2.846316370930851e-08, 2.853995036051095e-08
5.340909090909091e-01, 2.911931818181818e-01, -1.908549748954864e-09, 2.865404105384843e-08
5.568181818181818e-01, 2.911931818181818e-01, -3.233050121204183e-08, 2.852072409733599e-08
5.795454545454546e-01, 2.911931818181818e-01, -6.298590176201992e-08, 2.818314386302191e-08
6.022727272727273e-01, 2.911931818181818e-01, -9.400948328751552e-08, 2.756321128779494e-08
6.250000000000000e-01, 2.911931818181818e-01, -1.232328196823816e-07, 2.675199082507687e-08
6.477272727272727e-01, 2.911931818181818e-01, -1.516612938462625e-07, 2.576268142893891e-08
6.704545454545454e-01, 2.911931818181818e-01, -1.785778209848181e-07, 2.453626344987182e-08
6.931818181818182e-01, 2.911931818181818e-01, -2.031595542422332e-07, 2.291766637369958e-08
7.159090909090909e-01, 2.911931818181818e-01, -2.243411211031437e-07, 2.130015242597559e-08
7.386363636363636e-01, 2.911931818181818e-01, -2.422757811620090e-07, 1.957815413619301e-08
7.613636363636364e-01, 2.911931818181818e-01, -2.566092532137835e-07, 1.756740224233085e-08
7.840909090909091e-01, 2.911931818181818e-01, -2.670140732235514e-07, 1.548670044634668e-08
8.068181818181818e-01, 2.911931818181818e-01, -2.706826655398263e-07, 1.332098689654100e-08
8.295454545454546e-01, 2.911931818181818e-01, -2.688923717938324e-07, 1.110460969944830e-08
8.522727272727273e-01, 2.911931818181818e-01, -2.608171228231268e-07, 9.049737563414471e-09
8.750000000000000e-01, 2.911931818181818e-01, -2.455149105305463e-07, 6.984420847432761e-09
8.977272727272727e-01, 2.911931818181818e-01, -2.231485481346954e-07, 5.088694328646667e-09
9.204545454545454e-01, 2.911931818181818e-01, -1.915217378113012e-07, 3.346203952197576e-09
9.431818181818182e-01, 2.911931818181818e-01, -1.495426676036718e-07, 1.934800920694690e-09
9.659090909090909e-01, 2.911931818181818e-01, -9.696908530608703e-08, 8.515948529915116e-10
9.886363636363636e-01, 2.911931818181818e-01, -3.475329215738286e-08, 2.304058292928622e-10
1.136363636363636e-02, 3.053977272727273e-01, 2.049621679406522e-08, 8.618324791468880e-11
3.409090909090909e-02, 3.053977272727273e-01, 6.131997889063770e-08, 4.047726301936279e-10
5.681818181818182e-02, 3.053977272727273e-01, 9.798510656359202e-08, 1.046099649189819e-09
7.954545454545454e-02, 3.053977272727273e-01, 1.305041945361683e-07, 1.970292303754980e-09
1.022727272727273e-01, 3.053977272727273e-01, 1.584171750447927e-07, 3.180596383701239e-09
1.250000000000000e-01, 3.053977272727273e-01, 1.824509030151194e-07, 4.638779641125132e-09
1.477272727272727e-01, 3.053977272727273e-01, 2.019443824456947e-07, 6.187271178572961e-09
1.704545454545454e-01, 3.053977272727273e-01, 2.180213256077373e-07, 7.970526134466623e-09
1.931818181818182e-01, 3.053977272727273e-01, 2.297359467397631e-07, 9.760091496776095e-09
2.159090909090909e-01, 3.053977272727273e-01, 2.377179117538718e-07, 1.170107232402563e-08
2.386363636363636e-01, 3.053977272727273e-01, 2.409862494738853e-07, 1.365896726378477e-08
2.613636363636364e-01, 3.053977272727273e-01, 2.404206275598895e-07, 1.570702703508086e-08
2.840909090909091e-01, 3.053977272727273e-01, 2.363221513014096e-07, 1.767710666134284e-08
3.068181818181818e-01, 3.053977272727273e-01, 2.284502493857978e-07, 1.959637923765096e-08
3.295454545454545e-01, 3.053977272727273e-01, 2.175397944164612e-07, 2.144581870935961e-08
3.522727272727273e-01, 3.053977272727273e-01, 2.029346743774414e-07, 2.315390984779728e-08
3.750000000000000e-01, 3.053977272727273e-01, 1.847762297537432e-07, 2.474435626663824e-08
3.977272727272727e-01, 3.053977272727273e-01, 1.648815265037455e-07, 2.620361070271475e-08
4.204545454545455e-01, 3.053977272727273e-01, 1.416334003146235e-07, 2.750705751499497e-08
4.431818181818182e-01, 3.053977272727273e-01, 1.160515267374538e-07, 2.860262605643346e-08
4.659090909090909e-01, 3.053977272727273e-01, 8.846051631862283e-08, 2.946433870198813e-08
4.886363636363636e-01, 3.053977272727273e-01, 5.993205577330268e-08, 3.018509780600972e-08
5.113636363636364e-01, 3.053977272727273e-01, 2.943751636915615e-08, 3.053119968181292e-08
5.340909090909091e-01, 3.053977272727273e-01, -1.594637759411194e-09, 3.067171958482977e-08
5.568181818181818e-01, 3.053977272727273e-01, -3.366725877363951e-08, 3.052556259438093e-08
5.795454545454546e-01, 3.053977272727273e-01, -6.578768699269178e-08, 3.015081972983005e-08
6.022727272727273e-01, 3.053977272727273e-01, -9.700920587655715e-08, 2.951341751697889e-08
6.250000000000000e-01, 3.053977272727273e-01, -1.278984950993654e-07, 2.861715366378030e-08
6.477272727272727e-01, 3.053977272727273e-01, -1.575346721073073e-07, 2.747945892728262e-08
6.704545454545454e-01, 3.053977272727273e-01, -1.851599181654577e-07, 2.620807662075547e-08
6.931818181818182e-01, 3.053977272727273e-01, -2.101635970320218e-07, 2.452027263750259e-08
7.159090909090909e-01, 3.053977272727273e-01, -2.324175521576947e-07, 2.279203682670269e-08
7.386363636363636e-01, 3.053977272727273e-01, -2.512610618818914e-07, 2.083969234191861e-08
7.613636363636364e-01, 3.053977272727273e-01, -2.660351915568016e-07, 1.882708387281809e-08
7.840909090909091e-01, 3.053977272727273e-01, -2.766184252164447e-07, 1.655103514960103e-08
8.068181818181818e-01, 3.053977272727273e-01, -2.807386758595254e-07, 1.420069947133525e-08
8.295454545454546e-01, 3.053977272727273e-01, -2.787083468246633e-07, 1.193811617199333e-08
8.522727272727273e-01, 3.053977272727273e-01, -2.702017922227510e-07, 9.617859865602702e-09
8.750000000000000e-01, 3.053977272727273e-01, -2.548325513368386e-07, 7.501907623723911e-09
8.977272727272727e-01, 3.053977272727273e-01, -2.309899921852445e-07, 5.413653601569508e-09
9.204545454545454e-01, 3.053977272727273e-01, -1.985940454521451e-07, 3.558036764253568e-09
9.431818181818182e-01, 3.053977272727273e-01, -1.547955415422659e-07, 2.050930406291887e-09
9.659090909090909e-01, 3.053977272727273e-01, -1.010794782673199e-07, 9.237393829359417e-10
9.886363636363636e-01, 3.053977272727273e-01, -3.475329215738286e-08, 2.304058292928622e-10
1.136363636363636e-02, 3.196022727272727e-01, 2.190293772378239e-08, 9.814372699250619e-11
3.409090909090909e-02, 3.196022727272727e-01, 6.313678809845366e-08, 4.243702192417770e-10
5.681818181818182e-02, 3.196022727272727e-01, 1.011657323302932e-07, 1.111069040812816e-09
7.954545454545454e-02, 3.196022727272727e-01, 1.350329213258774e-07, 2.103425052680152e-09
1.022727272727273e-01, 3.196022727272727e-01, 1.639357504640173e-07, 3.407033526130857e-09
1.250000000000000e-01, 3.196022727272727e-01, 1.883740009684096e-07, 4.911197005452788e-09
1.477272727272727e-01, 3.196022727272727e-01, 2.092010387119721e-07, 6.670092672886750e-09
1.704545454545454e-01, 3.196022727272727e-01, 2.252311541514058e-07, 8.454449917640227e-09
1.931818181818182e-01, 3.196022727272727e-01, 2.376330697606015e-07, 1.045313028906577e-08
2.159090909090909e-01, 3.196022727272727e-01, 2.457423207342169e-07, 1.247410967859997e-08
2.386363636363636e-01, 3.196022727272727e-01, 2.491927543040705e-07, 1.456551370590270e-08
2.613636363636364e-01, 3.196022727272727e-01, 2.485455597805078e-07, 1.676733354264586e-08
2.840909090909091e-01, 3.196022727272727e-01, 2.444053321430289e-07, 1.882901921499124e-08
3.068181818181818e-01, 3.196022727272727e-01, 2.366298550657727e-07, 2.091533095205161e-08
3.295454545454545e-01, 3.196022727272727e-01, 2.247394143962536e-07, 2.288761380210238e-08
3.522727272727273e-01, 3.196022727272727e-01, 2.096793616021528e-07, 2.471314842797256e-08
3.750000000000000e-01, 3.196022727272727e-01, 1.915578732048736e-07, 2.641143550510811e-08
3.977272727272727e-01, 3.196022727272727e-01, 1.701935781113158e-07, 2.804322668744547e-08
4.204545454545455e-01, 3.196022727272727e-01, 1.466242290347810e-07, 2.937592373731115e-08
4.431818181818182e-01, 3.196022727272727e-01, 1.199508030991752e-07, 3.058188933013495e-08
4.659090909090909e-01, 3.196022727272727e-01, 9.168220494182401e-08, 3.142821461558453e-08
4.886363636363636e-01, 3.196022727272727e-01, 6.204590595349260e-08, 3.213923463796960e-08
5.113636363636364e-01, 3.196022727272727e-01, 3.023783017383332e-08, 3.256433063061827e-08
5.340909090909091e-01, 3.196022727272727e-01, -1.832576998509558e-09, 3.273828964239285e-08
5.568181818181818e-01, 3.196022727272727e-01, -3.478480865969611e-08, 3.265087162708351e-08
5.795454545454546e-01, 3.196022727272727e-01, -6.799131168164976e-08, 3.217811010389745e-08
6.022727272727273e-01, 3.196022727272727e-01, -1.001671458795667e-07, 3.154252629774984e-08
6.250000000000000e-01, 3.196022727272727e-01, -1.326243626946448e-07, 3.056371884936094e-08
6.477272727272727e-01, 3.196022727272727e-01, -1.624375234662785e-07, 2.931468991187998e-08
6.704545454545454e-01, 3.196022727272727e-01, -1.917420153460974e-07, 2.787988979163911e-08
6.931818181818182e-01, 3.196022727272727e-01, -2.172382408304801e-07, 2.612755736151667e-08
7.159090909090909e-01, 3.196022727272727e-01, -2.403173910180945e-07, 2.431440137734040e-08
7.386363636363636e-01, 3.196022727272727e-01, -2.598313546781258e-07, 2.228498283707433e-08
7.613636363636364e-01, 3.196022727272727e-01, -2.751304266686856e-07, 2.003479699670605e-08
7.840909090909091e-01, 3.196022727272727e-01, -2.860301183623053e-07, 1.762947388220734e-08
8.068181818181818e-01, 3.196022727272727e-01, -2.902684953424046e-07, 1.517969318052589e-08
8.295454545454546e-01, 3.196022727272727e-01, -2.882528509471015e-07, 1.266398295963369e-08
8.522727272727273e-01, 3.196022727272727e-01, -2.796536064565980e-07, 1.033502635830038e-08
8.750000000000000e-01, 3.196022727272727e-01, -2.631769591957416e-07, 7.941853907279174e-09
8.977272727272727e-01, 3.196022727272727e-01, -2.391198901117230e-07, 5.783450917664830e-09
9.204545454545454e-01, 3.196022727272727e-01, -2.053088153435127e-07, 3.794302729825668e-09
9.431818181818182e-01, 3.196022727272727e-01, -1.600349547328552e-07, 2.170729126575018e-09
9.659090909090909e-01, 3.196022727272727e-01, -1.040763833133187e-07, 9.657919863821711e-10
9.886363636363636e-01, 3.196022727272727e-01, -3.707474593030881e-08, 2.599546463061192e-10
1.136363636363636e-02, 3.338068181818182e-01, 2.190293772378239e-08, 9.814372699250619e-11
3.409090909090909e-02, 3.338068181818182e-01, 6.551283582400805e-08, 4.630057326773965e-10
5.681818181818182e-02, 3.338068181818182e-01, 1.043423828563945e-07, 1.177983613751540e-09
7.954545454545454e-02, 3.338068181818182e-01, 1.392457926774950e-07, 2.236937595585238e-09
1.022727272727273e-01, 3.338068181818182e-01, 1.690763189550729e-07, 3.610651155037419e-09
1.250000000000000e-01, 3.338068181818182e-01, 1.946257120061115e-07, 5.269867164356782e-09
1.477272727272727e-01, 3.338068181818182e-01, 2.155393654168788e-07, 7.042989518341956e-09
1.704545454545454e-01, 3.338068181818182e-01, 2.326928896333553e-07, 9.069242675069850e-09
1.931818181818182e-01, 3.338068181818182e-01, 2.451131623613284e-07, 1.109321613358468e-08
2.159090909090909e-01, 3.338068181818182e-01, 2.535301566462395e-07, 1.328811726850154e-08
2.386363636363636e-01, 3.338068181818182e-01, 2.572693495322703e-07, 1.556592428122852e-08
2.613636363636364e-01, 3.338068181818182e-01, 2.564587674248929e-07, 1.779029439052224e-08
2.840909090909091e-01, 3.338068181818182e-01, 2.521196283271094e-07, 2.008631232511878e-08
3.068181818181818e-01, 3.338068181818182e-01, 2.442596281758102e-07, 2.225648301030378e-08
3.295454545454545e-01, 3.338068181818182e-01, 2.319337273480350e-07, 2.432347050808362e-08
3.522727272727273e-01, 3.338068181818182e-01, 2.161754000539888e-07, 2.631852212301551e-08
3.750000000000000e-01, 3.338068181818182e-01, 1.974338400521394e-07, 2.819117222916883e-08
3.977272727272727e-01, 3.338068181818182e-01, 1.756746838126294e-07, 2.986744877404331e-08
4.204545454545455e-01, 3.338068181818182e-01, 1.511749772190556e-07, 3.127949098836213e-08
4.431818181818182e-01, 3.338068181818182e-01, 1.241401969615703e-07, 3.253322421151442e-08
4.659090909090909e-01, 3.338068181818182e-01, 9.462758806913171e-08, 3.350716607032341e-08
4.886363636363636e-01, 3.338068181818182e-01, 6.365008102000085e-08, 3.426012040035732e-08
5.113636363636364e-01, 3.338068181818182e-01, 3.157728370995488e-08, 3.470716300867862e-08
5.340909090909091e-01, 3.338068181818182e-01, -2.099882104797880e-09, 3.487731487200953e-08
5.568181818181818e-01, 3.338068181818182e-01, -3.602488143868679e-08, 3.477419149764834e-08
5.795454545454546e-01, 3.338068181818182e-01, -6.993958973150732e-08, 3.425031392444940e-08
6.022727272727273e-01, 3.338068181818182e-01, -1.037972172215743e-07, 3.352881409451477e-08
6.250000000000000e-01, 3.338068181818182e-01, -1.364108837633497e-07, 3.257566375137998e-08
6.477272727272727e-01, 3.338068181818182e-01, -1.679121081564207e-07, 3.122956731985974e-08
6.704545454545454e-01, 3.338068181818182e-01, -1.975352191337067e-07, 2.966573475457401e-08
6.931818181818182e-01, 3.338068181818182e-01, -2.242534922770276e-07, 2.785094802842909e-08
7.159090909090909e-01, 3.338068181818182e-01, -2.483413680243755e-07, 2.579776449851831e-08
7.386363636363636e-01, 3.338068181818182e-01, -2.682598097755967e-07, 2.365536600419165e-08
7.613636363636364e-01, 3.338068181818182e-01, -2.837678961626611e-07, 2.133810759212539e-08
7.840909090909091e-01, 3.338068181818182e-01, -2.951450779050132e-07, 1.872801498087513e-08
8.068181818181818e-01, 3.338068181818182e-01, -2.996345900461776e-07, 1.611257694499709e-08
8.295454545454546e-01, 3.338068181818182e-01, -2.975023370583462e-07, 1.355815400293828e-08
8.522727272727273e-01, 3.338068181818182e-01, -2.883657412387846e-07, 1.090299463178900e-08
8.750000000000000e-01, 3.338068181818182e-01, -2.718762167329822e-07, 8.501592595764552e-09
8.977272727272727e-01, 3.338068181818182e-01, -2.465112598480719e-07, 6.124807485911713e-09
9.204545454545454e-01, 3.338068181818182e-01, -2.119123932927073e-07, 4.027554137577013e-09
9.431818181818182e-01, 3.338068181818182e-01, -1.652578384112868e-07, 2.316548677974253e-09
9.659090909090909e-01, 3.338068181818182e-01, -1.075434832028589e-07, 1.028794185399036e-09
9.886363636363636e-01, 3.338068181818182e-01, -3.735177297232746e-08, 2.634808080017774e-10
1.136363636363636e-02, 3.480113636363636e-01, 2.330604888211674e-08, 1.119032240240729e-10
3.409090909090909e-02, 3.480113636363636e-01, 6.706037039197973e-08, 4.777624823672477e-10
5.681818181818182e-02, 3.480113636363636e-01, 1.075524386829284e-07, 1.257934924722877e-09
7.954545454545454e-02, 3.480113636363636e-01, 1.434816392690317e-07, 2.373146916779517e-09
1.022727272727273e-01, 3.480113636363636e-01, 1.741831657981235e-07, 3.849096386561340e-09
1.250000000000000e-01, 3.480113636363636e-01, 2.002429174484875e-07, 5.561107218153472e-09
1.477272727272727e-01, 3.480113636363636e-01, 2.222632797725479e-07, 7.549359660571297e-09
1.704545454545454e-01, 3.480113636363636e-01, 2.393958887336568e-07, 9.584560722962876e-09
1.931818181818182e-01, 3.480113636363636e-01, 2.525389279421264e-07, 1.182251230475086e-08
2.159090909090909e-01, 3.480113636363636e-01, 2.610418205291809e-07, 1.408991521739945e-08
2.386363636363636e-01, 3.480113636363636e-01, 2.649544021119983e-07, 1.652712959017361e-08
2.613636363636364e-01, 3.480113636363636e-01, 2.643985819366717e-07, 1.889246810517111e-08
2.840909090909091e-01, 3.480113636363636e-01, 2.599201847795329e-07, 2.133840422915785e-08
3.068181818181818e-01, 3.480113636363636e-01, 2.510785111922230e-07, 2.363249540516805e-08
3.295454545454545e-01, 3.480113636363636e-01, 2.388681939946726e-07, 2.584127853606328e-08
3.522727272727273e-01, 3.480113636363636e-01, 2.230167062871467e-07, 2.797748855893424e-08
3.750000000000000e-01, 3.480113636363636e-01, 2.034828064693563e-07, 3.002077090777571e-08
3.977272727272727e-01, 3.480113636363636e-01, 1.807180358046293e-07, 3.176623166248491e-08
4.204545454545455e-01, 3.480113636363636e-01, 1.554046519435162e-07, 3.324172675555040e-08
4.431818181818182e-01, 3.480113636363636e-01, 1.278073001219318e-07, 3.456354553072645e-08
4.659090909090909e-01, 3.480113636363636e-01, 9.747813857170033e-08, 3.562631217244507e-08
4.886363636363636e-01, 3.480113636363636e-01, 6.547696247784198e-08, 3.634771358632328e-08
5.113636363636364e-01, 3.480113636363636e-01, 3.236749283886713e-08, 3.685258253753030e-08
5.340909090909091e-01, 3.480113636363636e-01, -2.111211926713065e-09, 3.708510682424947e-08
5.568181818181818e-01, 3.480113636363636e-01, -3.712402907114837e-08, 3.689020905375142e-08
5.795454545454546e-01, 3.480113636363636e-01, -7.177094890183686e-08, 3.643911115470441e-08
6.022727272727273e-01, 3.480113636363636e-01, -1.069491893809643e-07, 3.568363635289380e-08
6.250000000000000e-01, 3.480113636363636e-01, -1.405769391490435e-07, 3.462815315487769e-08
6.477272727272727e-01, 3.480113636363636e-01, -1.732302283350640e-07, 3.318262252032070e-08
6.704545454545454e-01, 3.480113636363636e-01, -2.031007804565354e-07, 3.147080109080577e-08
6.931818181818182e-01, 3.480113636363636e-01, -2.311496483812281e-07, 2.957210355718795e-08
7.159090909090909e-01, 3.480113636363636e-01, -2.557991727706581e-07, 2.735016460116209e-08
7.386363636363636e-01, 3.480113636363636e-01, -2.756976483940466e-07, 2.508431216283258e-08
7.613636363636364e-01, 3.480113636363636e-01, -2.925163508973987e-07, 2.255964667222292e-08
7.840909090909091e-01, 3.480113636363636e-01, -3.039007058316441e-07, 1.986494942330229e-08
8.068181818181818e-01, 3.480113636363636e-01, -3.086346445637735e-07, 1.713014820503314e-08
8.295454545454546e-01, 3.480113636363636e-01, -3.063636720503424e-07, 1.433362737901124e-08
8.522727272727273e-01, 3.480113636363636e-01, -2.971961724670597e-07, 1.167861258567225e-08
8.750000000000000e-01, 3.480113636363636e-01, -2.797159237727832e-07, 8.957141004475005e-09
8.977272727272727e-01, 3.480113636363636e-01, -2.540513435660000e-07, 6.515520983465091e-09
9.204545454545454e-01, 3.480113636363636e-01, -2.182539853016312e-07, 4.272769344277352e-09
9.431818181818182e-01, 3.480113636363636e-01, -1.699789329868074e-07, 2.430846984739687e-09
9.659090909090909e-01, 3.480113636363636e-01, -1.107443498209149e-07, 1.085685770489216e-09
9.886363636363636e-01, 3.480113636363636e-01, -3.900887246792234e-08, 2.843358504373419e-10
1.136363636363636e-02, 3.622159090909091e-01, 2.337883124862653e-08, 1.126169584634245e-10
3.409090909090909e-02, 3.622159090909091e-01, 6.943156394811297e-08, 5.242246481703107e-10
5.681818181818182e-02, 3.622159090909091e-01, 1.103994790448509e-07, 1.318804347289933e-09
7.954545454545454e-02, 3.622159090909091e-01, 1.474353515499132e-07, 2.514781324903057e-09
1.022727272727273e-01, 3.622159090909091e-01, 1.790612340863939e-07, 4.068334631328258e-09
1.250000000000000e-01, 3.622159090909091e-01, 2.059794981099710e-07, 5.934500798618065e-09
1.477272727272727e-01, 3.622159090909091e-01, 2.282641978746475e-07, 7.960169989081961e-09
1.704545454545454e-01, 3.622159090909091e-01, 2.463800588225243e-07, 1.023190159864664e-08
1.931818181818182e-01, 3.622159090909091e-01, 2.595377222504350e-07, 1.250251092671649e-08
2.159090909090909e-01, 3.622159090909091e-01, 2.684168296081030e-07, 1.493332669839972e-08
2.386363636363636e-01, 3.622159090909091e-01, 2.723488450833254e-07, 1.750787277436283e-08
2.613636363636364e-01, 3.622159090909091e-01, 2.717445703330933e-07, 2.000714347630136e-08
2.840909090909091e-01, 3.622159090909091e-01, 2.672850076549896e-07, 2.251839043003920e-08
3.068181818181818e-01, 3.622159090909091e-01, 2.581519382782396e-07, 2.502881027164714e-08
3.295454545454545e-01, 3.622159090909091e-01, 2.454149402774805e-07, 2.743473122207345e-08
3.522727272727273e-01, 3.622159090909091e-01, 2.292623333807683e-07, 2.971927685429214e-08
3.750000000000000e-01, 3.622159090909091e-01, 2.093362383695191e-07, 3.179619951690667e-08
3.977272727272727e-01, 3.622159090909091e-01, 1.857925201206167e-07, 3.363402670140871e-08
4.204545454545455e-01, 3.622159090909091e-01, 1.596826339463847e-07, 3.526163673040987e-08
4.431818181818182e-01, 3.622159090909091e-01, 1.310409614133702e-07, 3.668190191764847e-08
4.659090909090909e-01, 3.622159090909091e-01, 1.004582156021233e-07, 3.776330066568167e-08
4.886363636363636e-01, 3.622159090909091e-01, 6.749231443437591e-08, 3.857310682313993e-08
5.113636363636364e-01, 3.622159090909091e-01, 3.301219509142361e-08, 3.911738348835585e-08
5.340909090909091e-01, 3.622159090909091e-01, -2.113838721314235e-09, 3.931240910194524e-08
5.568181818181818e-01, 3.622159090909091e-01, -3.796327504023739e-08, 3.911979399232951e-08
5.795454545454546e-01, 3.622159090909091e-01, -7.420991821698904e-08, 3.866791917235727e-08
6.022727272727273e-01, 3.622159090909091e-01, -1.097575465801697e-07, 3.788912550284544e-08
6.250000000000000e-01, 3.622159090909091e-01, -1.448399364561787e-07, 3.668046622261053e-08
6.477272727272727e-01, 3.622159090909091e-01, -1.777735350158243e-07, 3.525577508950548e-08
6.704545454545454e-01, 3.622159090909091e-01, -2.090211824460875e-07, 3.339507242789672e-08
6.931818181818182e-01, 3.622159090909091e-01, -2.378872086560917e-07, 3.131658386556625e-08
7.159090909090909e-01, 3.622159090909091e-01, -2.629252226016260e-07, 2.908083337496677e-08
7.386363636363636e-01, 3.622159090909091e-01, -2.841859490775565e-07, 2.651807959821458e-08
7.613636363636364e-01, 3.622159090909091e-01, -3.002031763141096e-07, 2.391776680079849e-08
7.840909090909091e-01, 3.622159090909091e-01, -3.125600000261323e-07, 2.100079650287697e-08
8.068181818181818e-01, 3.622159090909091e-01, -3.172996332451281e-07, 1.812633560756109e-08
8.295454545454546e-01, 3.622159090909091e-01, -3.150913737457220e-07, 1.526709453473559e-08
8.522727272727273e-01, 3.622159090909091e-01, -3.053551862152901e-07, 1.229345762839424e-08
8.750000000000000e-01, 3.622159090909091e-01, -2.877524401892759e-07, 9.549216124557652e-09
8.977272727272727e-01, 3.622159090909091e-01, -2.610103713865841e-07, 6.872104007818373e-09
9.204545454545454e-01, 3.622159090909091e-01, -2.243862700398481e-07, 4.514377760960833e-09
9.431818181818182e-01, 3.622159090909091e-01, -1.750300737258634e-07, 2.596627006618194e-09
9.659090909090909e-01, 3.622159090909091e-01, -1.135610844196059e-07, 1.132226323248911e-09
9.886363636363636e-01, 3.622159090909091e-01, -3.978424094211966e-08, 2.940940710363888e-10
1.136363636363636e-02, 3.764204545454545e-01, 2.438797457195627e-08, 1.241759141596034e-10
3.409090909090909e-02, 3.764204545454545e-01, 7.085723929518863e-08, 5.405954461439565e-10
5.681818181818182e-02, 3.764204545454545e-01, 1.135054993805007e-07, 1.411562849339125e-09
7.954545454545454e-02, 3.764204545454545e-01, 1.513541481018731e-07, 2.653484400832231e-09
1.022727272727273e-01, 3.764204545454545e-01, 1.837000991710117e-07, 4.308783092695682e-09
1.250000000000000e-01, 3.764204545454545e-01, 2.113234688811711e-07, 6.256851591379658e-09
1.477272727272727e-01, 3.764204545454545e-01, 2.344004394283023e-07, 8.474476302256782e-09
1.704545454545454e-01, 3.764204545454545e-01, 2.525771548557475e-07, 1.077464646890007e-08
1.931818181818182e-01, 3.764204545454545e-01, 2.665091343976048e-07, 1.327710781626310e-08
2.159090909090909e-01, 3.764204545454545e-01, 2.755111349712103e-07, 1.577589528694572e-08
2.386363636363636e-01, 3.764204545454545e-01, 2.794437905489487e-07, 1.847684913256665e-08
2.613636363636364e-01, 3.764204545454545e-01, 2.785959973080289e-07, 2.117807299079588e-08
2.840909090909091e-01, 3.764204545454545e-01, 2.738238719237409e-07, 2.383597754405086e-08
3.068181818181818e-01, 3.764204545454545e-01, 2.652513336980243e-07, 2.646398962191532e-08
3.295454545454545e-01, 3.764204545454545e-01, 2.522246154632280e-07, 2.906506367838874e-08
3.522727272727273e-01, 3.764204545454545e-01, 2.348978620117965e-07, 3.143381594296364e-08
3.750000000000000e-01, 3.764204545454545e-01, 2.144582143178343e-07, 3.363354822485608e-08
3.977272727272727e-01, 3.764204545454545e-01, 1.910726613523113e-07, 3.561367031647364e-08
4.204545454545455e-01, 3.764204545454545e-01, 1.640367770803676e-07, 3.737247571301185e-08
4.431818181818182e-01, 3.764204545454545e-01, 1.343869649822875e-07, 3.878450788117769e-08
4.659090909090909e-01, 3.764204545454545e-01, 1.027561775017284e-07, 3.993511018883454e-08
4.886363636363636e-01, 3.764204545454545e-01, 6.942115185529675e-08, 4.083898664116622e-08
5.113636363636364e-01, 3.764204545454545e-01, 3.392098291089319e-08, 4.138937789772444e-08
5.340909090909091e-01, 3.764204545454545e-01, -2.305440182041513e-09, 4.155719195979444e-08
5.568181818181818e-01, 3.764204545454545e-01, -3.896616943990673e-08, 4.142575217574329e-08
5.795454545454546e-01, 3.764204545454545e-01, -7.609604787450526e-08, 4.098890085784905e-08
6.022727272727273e-01, 3.764204545454545e-01, -1.129479981450519e-07, 4.012126021376863e-08
6.250000000000000e-01, 3.764204545454545e-01, -1.483471117838561e-07, 3.882815589662044e-08
6.477272727272727e-01, 3.764204545454545e-01, -1.824510111107048e-07, 3.726718328181466e-08
6.704545454545454e-01, 3.764204545454545e-01, -2.150240862572926e-07, 3.536225763086703e-08
6.931818181818182e-01, 3.764204545454545e-01, -2.436238767140589e-07, 3.313497808389860e-08
7.159090909090909e-01, 3.764204545454545e-01, -2.694877756695329e-07, 3.073154965088222e-08
7.386363636363636e-01, 3.764204545454545e-01, -2.915730676720586e-07, 2.805576705982960e-08
7.613636363636364e-01, 3.764204545454545e-01, -3.080515275711275e-07, 2.524310585017995e-08
7.840909090909091e-01, 3.764204545454545e-01, -3.207348546431124e-07, 2.228482600020235e-08
8.068181818181818e-01, 3.764204545454545e-01, -3.257570009536767e-07, 1.922084060855366e-08
8.295454545454546e-01, 3.764204545454545e-01, -3.232361909837511e-07, 1.609926711198578e-08
8.522727272727273e-01, 3.764204545454545e-01, -3.135221293116213e-07, 1.308480002499174e-08
8.750000000000000e-01, 3.764204545454545e-01, -2.951427336220630e-07, 1.003053068556771e-08
8.977272727272727e-01, 3.764204545454545e-01, -2.679658462014317e-07, 7.290581869025976e-09
9.204545454545454e-01, 3.764204545454545e-01, -2.303414897056239e-07, 4.772996050534636e-09
9.431818181818182e-01, 3.764204545454545e-01, -1.794364893237944e-07, 2.720557551107068e-09
9.659090909090909e-01, 3.764204545454545e-01, -1.169324429560959e-07, 1.214930005958246e-09
9.886363636363636e-01, 3.764204545454545e-01, -4.083715078179359e-08, 3.123079765508633e-10
1.136363636363636e-02, 3.906250000000000e-01, 2.473140214244907e-08, 1.281096111681458e-10
3.409090909090909e-02, 3.906250000000000e-01, 7.305939747085095e-08, 5.899581316728198e-10
5.681818181818182e-02, 3.906250000000000e-01, 1.161373591670631e-07, 1.477962110333225e-09
7.954545454545454e-02, 3.906250000000000e-01, 1.550808418048780e-07, 2.804414944904573e-09
1.022727272727273e-01, 3.906250000000000e-01, 1.883497547690983e-07, 4.553003195408818e-09
1.250000000000000e-01, 3.906250000000000e-01, 2.164759824409990e-07, 6.628340400231466e-09
1.477272727272727e-01, 3.906250000000000e-01, 2.400782377364882e-07, 8.913456323041707e-09
1.704545454545454e-01, 3.906250000000000e-01, 2.590133486389332e-07, 1.142226516273523e-08
1.931818181818182e-01, 3.906250000000000e-01, 2.726677610907270e-07, 1.396668139613548e-08
2.159090909090909e-01, 3.906250000000000e-01, 2.825286551575233e-07, 1.664280555550652e-08
2.386363636363636e-01, 3.906250000000000e-01, 2.858848089229697e-07, 1.952651632412507e-08
2.613636363636364e-01, 3.906250000000000e-01, 2.857178945803019e-07, 2.229329716647258e-08
2.840909090909091e-01, 3.906250000000000e-01, 2.807619905838681e-07, 2.517383547309988e-08
3.068181818181818e-01, 3.906250000000000e-01, 2.717444786950640e-07, 2.802890353265170e-08
3.295454545454545e-01, 3.906250000000000e-01, 2.583388084834211e-07, 3.065906602563959e-08
3.522727272727273e-01, 3.906250000000000e-01, 2.407814526446851e-07, 3.318923327295537e-08
3.750000000000000e-01, 3.906250000000000e-01, 2.196473338994412e-07, 3.554039395161392e-08
3.977272727272727e-01, 3.906250000000000e-01, 1.954766170575693e-07, 3.767576635259800e-08
4.204545454545455e-01, 3.906250000000000e-01, 1.682436531618820e-07, 3.946022269955446e-08
4.431818181818182e-01, 3.906250000000000e-01, 1.379103848052773e-07, 4.098682010225413e-08
4.659090909090909e-01, 3.906250000000000e-01, 1.052215877917822e-07, 4.224018378422522e-08
4.886363636363636e-01, 3.906250000000000e-01, 7.076453290401315e-08, 4.317506507786406e-08
5.113636363636364e-01, 3.906250000000000e-01, 3.513351966879002e-08, 4.375049389997755e-08
5.340909090909091e-01, 3.906250000000000e-01, -2.296339598843432e-09, 4.393946656677508e-08
5.568181818181818e-01, 3.906250000000000e-01, -4.024106117280862e-08, 4.379716736303869e-08
5.795454545454546e-01, 3.906250000000000e-01, -7.807162194038956e-08, 4.330193241585133e-08
6.022727272727273e-01, 3.906250000000000e-01, -1.154275173321267e-07, 4.240009423337283e-08
6.250000000000000e-01, 3.906250000000000e-01, -1.520262678366065e-07, 4.105621177767437e-08
6.477272727272727e-01, 3.906250000000000e-01, -1.873897024956383e-07, 3.936523555306201e-08
6.704545454545454e-01, 3.906250000000000e-01, -2.199013117941119e-07, 3.739778649663832e-08
6.931818181818182e-01, 3.906250000000000e-01, -2.497735178602891e-07, 3.507494811984075e-08
7.159090909090909e-01, 3.906250000000000e-01, -2.767685145563855e-07, 3.245431805057332e-08
7.386363636363636e-01, 3.906250000000000e-01, -2.988019616940104e-07, 2.975512097624251e-08
7.613636363636364e-01, 3.906250000000000e-01, -3.159411931908709e-07, 2.663891701346265e-08
7.840909090909091e-01, 3.906250000000000e-01, -3.288783251220308e-07, 2.354727085921855e-08
8.068181818181818e-01, 3.906250000000000e-01, -3.335706481933486e-07, 2.025644746070592e-08
8.295454545454546e-01, 3.906250000000000e-01, -3.313324446147513e-07, 1.704134770898858e-08
8.522727272727273e-01, 3.906250000000000e-01, -3.211812049629869e-07, 1.376657789763708e-08
8.750000000000000e-01, 3.906250000000000e-01, -3.025133823309830e-07, 1.064680628821734e-08
8.977272727272727e-01, 3.906250000000000e-01, -2.744734814496339e-07, 7.664875568146641e-09
9.204545454545454e-01, 3.906250000000000e-01, -2.360360057071643e-07, 5.040461685772159e-09
9.431818181818182e-01, 3.906250000000000e-01, -1.841547052305827e-07, 2.898478131403043e-09
9.659090909090909e-01, 3.906250000000000e-01, -1.193038951239527e-07, 1.254106929791877e-09
9.886363636363636e-01, 3.906250000000000e-01, -4.200886596887297e-08, 3.325770526893743e-10
1.136363636363636e-02, 4.048295454545455e-01, 2.540556176645688e-08, 1.368292346853929e-10
3.409090909090909e-02, 4.048295454545455e-01, 7.437754886906485e-08, 6.062907370395861e-10
5.681818181818182e-02, 4.048295454545455e-01, 1.190273451351947e-07, 1.575694234749571e-09
7.954545454545454e-02, 4.048295454545455e-01, 1.587264945893185e-07, 2.954094991925353e-09
1.022727272727273e-01, 4.048295454545455e-01, 1.925174503269910e-07, 4.791498869995532e-09
1.250000000000000e-01, 4.048295454545455e-01, 2.214960688712920e-07, 6.987706386358650e-09
1.477272727272727e-01, 4.048295454545455e-01, 2.456094540542409e-07, 9.406361245289949e-09
1.704545454545454e-01, 4.048295454545455e-01, 2.650823634492321e-07, 1.194763168162319e-08
1.931818181818182e-01, 4.048295454545455e-01, 2.793819805200321e-07, 1.467587038038603e-08
2.159090909090909e-01, 4.048295454545455e-01, 2.887274666602124e-07, 1.758681071508856e-08
2.386363636363636e-01, 4.048295454545455e-01, 2.926462084388698e-07, 2.054067952301905e-08
2.613636363636364e-01, 4.048295454545455e-01, 2.919470225752370e-07, 2.357504683090866e-08
2.840909090909091e-01, 4.048295454545455e-01, 2.877458829333983e-07, 2.652858749697244e-08
3.068181818181818e-01, 4.048295454545455e-01, 2.777349864733311e-07, 2.952506592050173e-08
3.295454545454545e-01, 4.048295454545455e-01, 2.637766005893153e-07, 3.233733558070670e-08
3.522727272727273e-01, 4.048295454545455e-01, 2.464360719975739e-07, 3.500726180231034e-08
3.750000000000000e-01, 4.048295454545455e-01, 2.250979778815993e-07, 3.752193311867344e-08
3.977272727272727e-01, 4.048295454545455e-01, 1.997719345449109e-07, 3.969799655958168e-08
4.204545454545455e-01, 4.048295454545455e-01, 1.717220923471926e-07, 4.159808307144914e-08
4.431818181818182e-01, 4.048295454545455e-01, 1.412008720716473e-07, 4.324638727058508e-08
4.659090909090909e-01, 4.048295454545455e-01, 1.077661859085905e-07, 4.457731133555917e-08
4.886363636363636e-01, 4.048295454545455e-01, 7.231937587859808e-08, 4.548942992363055e-08
5.113636363636364e-01, 4.048295454545455e-01, 3.557445300174281e-08, 4.609663857804327e-08
5.340909090909091e-01, 4.048295454545455e-01, -2.211693971272680e-09, 4.638591552300701e-08
5.568181818181818e-01, 4.048295454545455e-01, -4.118167467816268e-08, 4.620079737872926e-08
5.795454545454546e-01, 4.048295454545455e-01, -7.985344608915187e-08, 4.561991261848739e-08
6.022727272727273e-01, 4.048295454545455e-01, -1.181302954923868e-07, 4.468904518407921e-08
6.250000000000000e-01, 4.048295454545455e-01, -1.558260324600371e-07, 4.334062777326128e-08
6.477272727272727e-01, 4.048295454545455e-01, -1.914534553242123e-07, 4.150957850724236e-08
6.704545454545454e-01, 4.048295454545455e-01, -2.247699483388875e-07, 3.938726866359254e-08
6.931818181818182e-01, 4.048295454545455e-01, -2.559347000934501e-07, 3.701371640217223e-08
7.159090909090909e-01, 4.048295454545455e-01, -2.829130939507086e-07, 3.423263260617146e-08
7.386363636363636e-01, 4.048295454545455e-01, -3.053160596536370e-07, 3.125938541966121e-08
7.613636363636364e-01, 4.048295454545455e-01, -3.236944477789022e-07, 2.812599209236736e-08
7.840909090909091e-01, 4.048295454545455e-01, -3.362607938328691e-07, 2.478935957660985e-08
8.068181818181818e-01, 4.048295454545455e-01, -3.413716168861923e-07, 2.136294586713536e-08
8.295454545454546e-01, 4.048295454545455e-01, -3.388853302487295e-07, 1.795200134107688e-08
8.522727272727273e-01, 4.048295454545455e-01, -3.285933950828873e-07, 1.456209063743110e-08
8.750000000000000e-01, 4.048295454545455e-01, -3.095143876029934e-07, 1.118737451052592e-08
8.977272727272727e-01, 4.048295454545455e-01, -2.808576522494537e-07, 8.107230589405696e-09
9.204545454545454e-01, 4.048295454545455e-01, -2.416245795610823e-07, 5.313615136975793e-09
9.431818181818182e-01, 4.048295454545455e-01, -1.881936682123842e-07, 3.030728590216473e-09
9.659090909090909e-01, 4.048295454545455e-01, -1.226956410044397e-07, 1.353360233632243e-09
9.886363636363636e-01, 4.048295454545455e-01, -4.254895365721389e-08, 3.413501698716989e-10
1.136363636363636e-02, 4.190340909090909e-01, 2.598176606485506e-08, 1.442818977819795e-10
3.409090909090909e-02, 4.190340909090909e-01, 7.627665558627938e-08, 6.515392205696437e-10
5.681818181818182e-02, 4.190340909090909e-01, 1.214372262950206e-07, 1.645351117081430e-09
7.954545454545454e-02, 4.190340909090909e-01, 1.621371346074956e-07, 3.114523744450290e-09
1.022727272727273e-01, 4.190340909090909e-01, 1.968744440564561e-07, 5.062200020379002e-09
1.250000000000000e-01, 4.190340909090909e-01, 2.261856100408560e-07, 7.349424755170444e-09
1.477272727272727e-01, 4.190340909090909e-01, 2.510311283572256e-07, 9.868512953405056e-09
1.704545454545454e-01, 4.190340909090909e-01, 2.708740683332560e-07, 1.257460869627830e-08
1.931818181818182e-01, 4.190340909090909e-01, 2.859371405654108e-07, 1.537601843864714e-08
2.159090909090909e-01, 4.190340909090909e-01, 2.945382032335428e-07, 1.851203875799785e-08
2.386363636363636e-01, 4.190340909090909e-01, 2.988022287659035e-07, 2.167242025656393e-08
2.613636363636364e-01, 4.190340909090909e-01, 2.987349362609632e-07, 2.481833532620987e-08
2.840909090909091e-01, 4.190340909090909e-01, 2.935753548964811e-07, 2.800602201851645e-08
3.068181818181818e-01, 4.190340909090909e-01, 2.840724932979328e-07, 3.105365559084601e-08
3.295454545454545e-01, 4.190340909090909e-01, 2.696446157540020e-07, 3.407986259913831e-08
3.522727272727273e-01, 4.190340909090909e-01, 2.517023801848043e-07, 3.693744510497452e-08
3.750000000000000e-01, 4.190340909090909e-01, 2.298658582360926e-07, 3.948814058828989e-08
3.977272727272727e-01, 4.190340909090909e-01, 2.043264679922385e-07, 4.179806917252184e-08
4.204545454545455e-01, 4.190340909090909e-01, 1.754647102500569e-07, 4.385175704860851e-08
4.431818181818182e-01, 4.190340909090909e-01, 1.439952177451951e-07, 4.560605150624961e-08
4.659090909090909e-01, 4.190340909090909e-01, 1.102423754614629e-07, 4.694596141280581e-08
4.886363636363636e-01, 4.190340909090909e-01, 7.409070627304821e-08, 4.795649530413041e-08
5.113636363636364e-01, 4.190340909090909e-01, 3.621027666149106e-08, 4.860489223370836e-08
5.340909090909091e-01, 4.190340909090909e-01, -2.577093050576683e-09, 4.885351758508132e-08
5.568181818181818e-01, 4.190340909090909e-01, -4.173408320892940e-08, 4.870312233487262e-08
5.795454545454546e-01, 4.190340909090909e-01, -8.158917309273126e-08, 4.807753157354648e-08
6.022727272727273e-01, 4.190340909090909e-01, -1.210218295945247e-07, 4.706538122139813e-08
6.250000000000000e-01, 4.190340909090909e-01, -1.590878820268944e-07, 4.563067844249669e-08
6.477272727272727e-01, 4.190340909090909e-01, -1.955149986499297e-07, 4.379176621926461e-08
6.704545454545454e-01, 4.190340909090909e-01, -2.299527402324781e-07, 4.151497238069712e-08
6.931818181818182e-01, 4.190340909090909e-01, -2.615819875132312e-07, 3.894522206689220e-08
7.159090909090909e-01, 4.190340909090909e-01, -2.890885057882070e-07, 3.615564205721727e-08
7.386363636363636e-01, 4.190340909090909e-01, -3.121820129143073e-07, 3.290639226010762e-08
7.613636363636364e-01, 4.190340909090909e-01, -3.310373157864255e-07, 2.955522500877188e-08
7.840909090909091e-01, 4.190340909090909e-01, -3.431892914688200e-07, 2.603198085693816e-08
8.068181818181818e-01, 4.190340909090909e-01, -3.484878514486253e-07, 2.238047971003284e-08
8.295454545454546e-01, 4.190340909090909e-01, -3.462892205307221e-07, 1.887294604728709e-08
8.522727272727273e-01, 4.190340909090909e-01, -3.358503166535163e-07, 1.530797524486508e-08
8.750000000000000e-01, 4.190340909090909e-01, -3.161715556809939e-07, 1.177066551549248e-08
8.977272727272727e-01, 4.190340909090909e-01, -2.869941087362133e-07, 8.514482085616852e-09
9.204545454545454e-01, 4.190340909090909e-01, -2.468597297583159e-07, 5.593269008029049e-09
9.431818181818182e-01, 4.190340909090909e-01, -1.925644136628047e-07, 3.215435282667736e-09
9.659090909090909e-01, 4.190340909090909e-01, -1.248450305531071e-07, 1.388196869254051e-09
9.886363636363636e-01, 4.190340909090909e-01, -4.405836196154565e-08, 3.658688104845865e-10
1.136363636363636e-02, 4.332386363636364e-01, 2.635554807432647e-08, 1.497714539171805e-10
3.409090909090909e-02, 4.332386363636364e-01, 7.760854652613416e-08, 6.759041476085216e-10
5.681818181818182e-02, 4.332386363636364e-01, 1.241089744813385e-07, 1.747709561887679e-09
7.954545454545454e-02, 4.332386363636364e-01, 1.654091724637698e-07, 3.279814795816824e-09
1.022727272727273e-01, 4.332386363636364e-01, 2.006491051750133e-07, 5.307220135111128e-09
1.250000000000000e-01, 4.332386363636364e-01, 2.308875353087624e-07, 7.772448622996110e-09
1.477272727272727e-01, 4.332386363636364e-01, 2.562045487814765e-07, 1.034822523537871e-08
1.704545454545454e-01, 4.332386363636364e-01, 2.769941158740249e-07, 1.319233772703289e-08
1.931818181818182e-01, 4.332386363636364e-01, 2.910780129960420e-07, 1.623592059651638e-08
2.159090909090909e-01, 4.332386363636364e-01, 3.007096588135165e-07, 1.944912023024373e-08
2.386363636363636e-01, 4.332386363636364e-01, 3.048260445462791e-07, 2.283631901864009e-08
2.613636363636364e-01, 4.332386363636364e-01, 3.053198119984914e-07, 2.608867611380601e-08
2.840909090909091e-01, 4.332386363636364e-01, 2.989416823607247e-07, 2.943871927374293e-08
3.068181818181818e-01, 4.332386363636364e-01, 2.892227227802629e-07, 3.269279618387613e-08
3.295454545454545e-01, 4.332386363636364e-01, 2.757066265749365e-07, 3.585136451447393e-08
3.522727272727273e-01, 4.332386363636364e-01, 2.566142126944910e-07, 3.880226187363551e-08
3.750000000000000e-01, 4.332386363636364e-01, 2.340679730282906e-07, 4.149351830688192e-08
3.977272727272727e-01, 4.332386363636364e-01, 2.084417653760859e-07, 4.395591810119807e-08
4.204545454545455e-01, 4.332386363636364e-01, 1.793183568449431e-07, 4.615384355024649e-08
4.431818181818182e-01, 4.332386363636364e-01, 1.467658349384069e-07, 4.789570665130396e-08
4.659090909090909e-01, 4.332386363636364e-01, 1.121320943805923e-07, 4.933044541439378e-08
4.886363636363636e-01, 4.332386363636364e-01, 7.561675196554054e-08, 5.044368877852022e-08
5.113636363636364e-01, 4.332386363636364e-01, 3.699693182724135e-08, 5.111368202552799e-08
5.340909090909091e-01, 4.332386363636364e-01, -2.675559065514492e-09, 5.131634226279642e-08
5.568181818181818e-01, 4.332386363636364e-01, -4.285182886471955e-08, 5.114845639563410e-08
5.795454545454546e-01, 4.332386363636364e-01, -8.330201547583621e-08, 5.060447325651093e-08
6.022727272727273e-01, 4.332386363636364e-01, -1.234157522972545e-07, 4.946529560059209e-08
6.250000000000000e-01, 4.332386363636364e-01, -1.621859084423061e-07, 4.791676778356221e-08
6.477272727272727e-01, 4.332386363636364e-01, -1.995808335603174e-07, 4.600742696560520e-08
6.704545454545454e-01, 4.332386363636364e-01, -2.350083341115236e-07, 4.367587430608186e-08
6.931818181818182e-01, 4.332386363636364e-01, -2.664688420144906e-07, 4.091708612349500e-08
7.159090909090909e-01, 4.332386363636364e-01, -2.946733702465215e-07, 3.789146261529585e-08
7.386363636363636e-01, 4.332386363636364e-01, -3.192048714896199e-07, 3.461705322385976e-08
7.613636363636364e-01, 4.332386363636364e-01, -3.375901925698032e-07, 3.109297492723105e-08
7.840909090909091e-01, 4.332386363636364e-01, -3.497815921977108e-07, 2.742371721433832e-08
8.068181818181818e-01, 4.332386363636364e-01, -3.556908459398422e-07, 2.351988620072987e-08
8.295454545454546e-01, 4.332386363636364e-01, -3.538748667827697e-07, 1.978183584972056e-08
8.522727272727273e-01, 4.332386363636364e-01, -3.426638174188160e-07, 1.601336391505653e-08
8.750000000000000e-01, 4.332386363636364e-01, -3.226905148533080e-07, 1.236320437802171e-08
8.977272727272727e-01, 4.332386363636364e-01, -2.927700862720165e-07, 8.975013046269496e-09
9.204545454545454e-01, 4.332386363636364e-01, -2.519587766082751e-07, 5.876629380196129e-09
9.431818181818182e-01, 4.332386363636364e-01, -1.962633869514118e-07, 3.354253334422418e-09
9.659090909090909e-01, 4.332386363636364e-01, -1.279406182322475e-07, 1.492146342240523e-09
9.886363636363636e-01, 4.332386363636364e-01, -4.415152654938025e-08, 3.678795889425003e-10
1.136363636363636e-02, 4.474431818181818e-01, 2.711169392599874e-08, 1.608766034267148e-10
3.409090909090909e-02, 4.474431818181818e-01, 7.914235496644263e-08, 7.117599987219663e-10
5.681818181818182e-02, 4.474431818181818e-01, 1.262733769610544e-07, 1.818393361207827e-09
7.954545454545454e-02, 4.474431818181818e-01, 1.685448863660285e-07, 3.443613323688858e-09
1.022727272727273e-01, 4.474431818181818e-01, 2.046902444182990e-07, 5.607889387021479e-09
1.250000000000000e-01, 4.474431818181818e-01, 2.349348649665212e-07, 8.097024299135599e-09
1.477272727272727e-01, 4.474431818181818e-01, 2.614681303527589e-07, 1.091958471387325e-08
1.704545454545454e-01, 4.474431818181818e-01, 2.820051333413863e-07, 1.379254389944776e-08
1.931818181818182e-01, 4.474431818181818e-01, 2.964352507907681e-07, 1.708271417076297e-08
2.159090909090909e-01, 4.474431818181818e-01, 3.062369931967004e-07, 2.053360719168017e-08
2.386363636363636e-01, 4.474431818181818e-01, 3.109605386559663e-07, 2.401742136588510e-08
2.613636363636364e-01, 4.474431818181818e-01, 3.105727790687780e-07, 2.745324998022338e-08
2.840909090909091e-01, 4.474431818181818e-01, 3.051320498418681e-07, 3.093093248795708e-08
3.068181818181818e-01, 4.474431818181818e-01, 2.950067073818358e-07, 3.441294493349885e-08
3.295454545454545e-01, 4.474431818181818e-01, 2.804729416097842e-07, 3.767965161967221e-08
3.522727272727273e-01, 4.474431818181818e-01, 2.618674161151963e-07, 4.073102320429962e-08
3.750000000000000e-01, 4.474431818181818e-01, 2.387070670868783e-07, 4.361614766675179e-08
3.977272727272727e-01, 4.474431818181818e-01, 2.123534951970565e-07, 4.624978647838662e-08
4.204545454545455e-01, 4.474431818181818e-01, 1.825993788825166e-07, 4.844388272139110e-08
4.431818181818182e-01, 4.474431818181818e-01, 1.498565878587348e-07, 5.033832800939633e-08
4.659090909090909e-01, 4.474431818181818e-01, 1.142904458475052e-07, 5.188234393696076e-08
4.886363636363636e-01, 4.474431818181818e-01, 7.679087500963802e-08, 5.301707727970775e-08
5.113636363636364e-01, 4.474431818181818e-01, 3.789013710838125e-08, 5.370640793793321e-08
5.340909090909091e-01, 4.474431818181818e-01, -2.609509177857258e-09, 5.395924033060979e-08
5.568181818181818e-01, 4.474431818181818e-01, -4.389084688991946e-08, 5.377035813329097e-08
5.795454545454546e-01, 4.474431818181818e-01, -8.501039216993904e-08, 5.311318985904434e-08
6.022727272727273e-01, 4.474431818181818e-01, -1.255611360227196e-07, 5.202248269589697e-08
6.250000000000000e-01, 4.474431818181818e-01, -1.654244079033155e-07, 5.037653809586520e-08
6.477272727272727e-01, 4.474431818181818e-01, -2.038370249766210e-07, 4.832908435987325e-08
6.704545454545454e-01, 4.474431818181818e-01, -2.391453196954438e-07, 4.589120930262146e-08
6.931818181818182e-01, 4.474431818181818e-01, -2.717227325355072e-07, 4.305513979885797e-08
7.159090909090909e-01, 4.474431818181818e-01, -3.007239719094639e-07, 3.979274967411495e-08
7.386363636363636e-01, 4.474431818181818e-01, -3.252337862507220e-07, 3.629276333189614e-08
7.613636363636364e-01, 4.474431818181818e-01, -3.440591999427800e-07, 3.270278476619707e-08
7.840909090909091e-01, 4.474431818181818e-01, -3.560335121713907e-07, 2.875683834171356e-08
8.068181818181818e-01, 4.474431818181818e-01, -3.619472116225044e-07, 2.476529354503246e-08
8.295454545454546e-01, 4.474431818181818e-01, -3.615447833779407e-07, 2.066547323677949e-08
8.522727272727273e-01, 4.474431818181818e-01, -3.490274293889619e-07, 1.681661431411440e-08
8.750000000000000e-01, 4.474431818181818e-01, -3.287719940651010e-07, 1.297957124007605e-08
8.977272727272727e-01, 4.474431818181818e-01, -2.985603874269037e-07, 9.452272473487396e-09
9.204545454545454e-01, 4.474431818181818e-01, -2.566661578886543e-07, 6.183170573958869e-09
9.431818181818182e-01, 4.474431818181818e-01, -2.002563333250364e-07, 3.541966367065048e-09
9.659090909090909e-01, 4.474431818181818e-01, -1.299135546457946e-07, 1.531683457432954e-09
9.886363636363636e-01, 4.474431818181818e-01, -4.588957081915871e-08, 4.053919319668176e-10
1.136363636363636e-02, 4.616477272727273e-01, 2.724193371935341e-08, 1.631465743605266e-10
3.409090909090909e-02, 4.616477272727273e-01, 8.056591578334251e-08, 7.453947851089607e-10
5.681818181818182e-02, 4.616477272727273e-01, 1.287316725113279e-07, 1.918683124181918e-09
7.954545454545454e-02, 4.616477272727273e-01, 1.714831808453227e-07, 3.599171644012216e-09
1.022727272727273e-01, 4.616477272727273e-01, 2.082166588341441e-07, 5.838131938373856e-09
1.250000000000000e-01, 4.616477272727273e-01, 2.397628307222587e-07, 8.444079902932870e-09
1.477272727272727e-01, 4.616477272727273e-01, 2.659406404671831e-07, 1.140728961054363e-08
1.704545454545454e-01, 4.616477272727273e-01, 2.863417105996099e-07, 1.455549605882384e-08
1.931818181818182e-01, 4.616477272727273e-01, 3.021474237475472e-07, 1.790099495785109e-08
2.159090909090909e-01, 4.616477272727273e-01, 3.122513781598789e-07, 2.156421241655665e-08
2.386363636363636e-01, 4.616477272727273e-01, 3.162321946724310e-07, 2.517577636978522e-08
2.613636363636364e-01, 4.616477272727273e-01, 3.156310564830674e-07, 2.879211058323561e-08
2.840909090909091e-01, 4.616477272727273e-01, 3.107006722700741e-07, 3.247225612333230e-08
3.068181818181818e-01, 4.616477272727273e-01, 3.003202366856481e-07, 3.606695340262978e-08
3.295454545454545e-01, 4.616477272727273e-01, 2.849969054258262e-07, 3.948193991162348e-08
3.522727272727273e-01, 4.616477272727273e-01, 2.660841478808052e-07, 4.272386757031574e-08
3.750000000000000e-01, 4.616477272727273e-01, 2.434725889152967e-07, 4.577270052060851e-08
3.977272727272727e-01, 4.616477272727273e-01, 2.158857958919008e-07, 4.842284212350614e-08
4.204545454545455e-01, 4.616477272727273e-01, 1.854629719265579e-07, 5.076397699801829e-08
4.431818181818182e-01, 4.616477272727273e-01, 1.524167694918381e-07, 5.279371135378533e-08
4.659090909090909e-01, 4.616477272727273e-01, 1.164689445026920e-07, 5.442245291133866e-08
4.886363636363636e-01, 4.616477272727273e-01, 7.805687401049229e-08, 5.553720059323089e-08
5.113636363636364e-01, 4.616477272727273e-01, 3.825582684849017e-08, 5.626824832258794e-08
5.340909090909091e-01, 4.616477272727273e-01, -2.690149760026038e-09, 5.660630354760605e-08
5.568181818181818e-01, 4.616477272727273e-01, -4.463080475744553e-08, 5.637074829233843e-08
5.795454545454546e-01, 4.616477272727273e-01, -8.650006584066694e-08, 5.563013281765265e-08
6.022727272727273e-01, 4.616477272727273e-01, -1.279413094464078e-07, 5.446946712395379e-08
6.250000000000000e-01, 4.616477272727273e-01, -1.686927305647116e-07, 5.287318183386024e-08
6.477272727272727e-01, 4.616477272727273e-01, -2.071051794567646e-07, 5.064929239099956e-08
6.704545454545454e-01, 4.616477272727273e-01, -2.432106877790283e-07, 4.805356809568789e-08
6.931818181818182e-01, 4.616477272727273e-01, -2.767325152879378e-07, 4.510683156653100e-08
7.159090909090909e-01, 4.616477272727273e-01, -3.063984147093916e-07, 4.173528351651215e-08
7.386363636363636e-01, 4.616477272727273e-01, -3.305602443860501e-07, 3.802821526894839e-08
7.613636363636364e-01, 4.616477272727273e-01, -3.498205355029996e-07, 3.418865316113160e-08
7.840909090909091e-01, 4.616477272727273e-01, -3.631068423368088e-07, 3.019708476561514e-08
8.068181818181818e-01, 4.616477272727273e-01, -3.686263096082737e-07, 2.597097515926069e-08
8.295454545454546e-01, 4.616477272727273e-01, -3.678059869354966e-07, 2.171995227982990e-08
8.522727272727273e-01, 4.616477272727273e-01, -3.553311081307196e-07, 1.757623673230057e-08
8.750000000000000e-01, 4.616477272727273e-01, -3.348679526843084e-07, 1.372390666663743e-08
8.977272727272727e-01, 4.616477272727273e-01, -3.036830295973005e-07, 9.903095185342116e-09
9.204545454545454e-01, 4.616477272727273e-01, -2.613735391690335e-07, 6.489711767721610e-09
9.431818181818182e-01, 4.616477272727273e-01, -2.035966977237299e-07, 3.687287522403267e-09
9.659090909090909e-01, 4.616477272727273e-01, -1.326146940971759e-07, 1.626651800355088e-09
9.886363636363636e-01, 4.616477272727273e-01, -4.588957081915871e-08, 4.053919319668176e-10
1.136363636363636e-02, 4.758522727272727e-01, 2.814625605351294e-08, 1.789081581319995e-10
3.409090909090909e-02, 4.758522727272727e-01, 8.178378402329098e-08, 7.715604433818463e-10
5.681818181818182e-02, 4.758522727272727e-01, 1.307058525518410e-07, 1.989438221170556e-09
7.954545454545454e-02, 4.758522727272727e-01, 1.743817692212225e-07, 3.761547064402859e-09
1.022727272727273e-01, 4.758522727272727e-01, 2.117827294328071e-07, 6.070448689255088e-09
1.250000000000000e-01, 4.758522727272727e-01, 2.436419056289388e-07, 8.792002225969637e-09
1.477272727272727e-01, 4.758522727272727e-01, 2.704163535253662e-07, 1.183478501819792e-08
1.704545454545454e-01, 4.758522727272727e-01, 2.913253574016005e-07, 1.526242905092754e-08
1.931818181818182e-01, 4.758522727272727e-01, 3.073708959686742e-07, 1.884972546965737e-08
2.159090909090909e-01, 4.758522727272727e-01, 3.172663954903799e-07, 2.255621576003769e-08
2.386363636363636e-01, 4.758522727272727e-01, 3.216792027500192e-07, 2.633125370252318e-08
2.613636363636364e-01, 4.758522727272727e-01, 3.212061435528438e-07, 3.021131190042149e-08
2.840909090909091e-01, 4.758522727272727e-01, 3.157138139308793e-07, 3.407903474422923e-08
3.068181818181818e-01, 4.758522727272727e-01, 3.054089218244138e-07, 3.777083650932289e-08
3.295454545454545e-01, 4.758522727272727e-01, 2.901502620886094e-07, 4.139647313937970e-08
3.522727272727273e-01, 4.758522727272727e-01, 2.707267059389469e-07, 4.485590539063145e-08
3.750000000000000e-01, 4.758522727272727e-01, 2.470480571940786e-07, 4.793730148694584e-08
3.977272727272727e-01, 4.758522727272727e-01, 2.198974732421476e-07, 5.074888305574085e-08
4.204545454545455e-01, 4.758522727272727e-01, 1.887463585860105e-07, 5.325714784949848e-08
4.431818181818182e-01, 4.758522727272727e-01, 1.548083646824096e-07, 5.537872020140174e-08
4.659090909090909e-01, 4.758522727272727e-01, 1.183760017136221e-07, 5.701751634455439e-08
4.886363636363636e-01, 4.758522727272727e-01, 7.961073500907641e-08, 5.825833138867442e-08
5.113636363636364e-01, 4.758522727272727e-01, 3.883740698173811e-08, 5.903872091283861e-08
5.340909090909091e-01, 4.758522727272727e-01, -2.936347513252233e-09, 5.930997834038987e-08
5.568181818181818e-01, 4.758522727272727e-01, -4.518265739043499e-08, 5.911012963536329e-08
5.795454545454546e-01, 4.758522727272727e-01, -8.796213798558158e-08, 5.836079293285294e-08
6.022727272727273e-01, 4.758522727272727e-01, -1.304277151814141e-07, 5.711554893121982e-08
6.250000000000000e-01, 4.758522727272727e-01, -1.712905096270541e-07, 5.535915388022551e-08
6.477272727272727e-01, 4.758522727272727e-01, -2.105880561548329e-07, 5.317153546205318e-08
6.704545454545454e-01, 4.758522727272727e-01, -2.476274499038354e-07, 5.040674625918392e-08
6.931818181818182e-01, 4.758522727272727e-01, -2.816019650031232e-07, 4.725300908637947e-08
7.159090909090909e-01, 4.758522727272727e-01, -3.112218339323476e-07, 4.377047140343394e-08
7.386363636363636e-01, 4.758522727272727e-01, -3.364309549982636e-07, 3.991573786839756e-08
7.613636363636364e-01, 4.758522727272727e-01, -3.561640403828123e-07, 3.574037854695173e-08
7.840909090909091e-01, 4.758522727272727e-01, -3.690143554632836e-07, 3.148367464881514e-08
8.068181818181818e-01, 4.758522727272727e-01, -3.756732713419300e-07, 2.717922887988130e-08
8.295454545454546e-01, 4.758522727272727e-01, -3.732309118040123e-07, 2.270204003316731e-08
8.522727272727273e-01, 4.758522727272727e-01, -3.617859515135202e-07, 1.851228984288712e-08
8.750000000000000e-01, 4.758522727272727e-01, -3.401996213420847e-07, 1.429784665435187e-08
8.977272727272727e-01, 4.758522727272727e-01, -3.090188703203036e-07, 1.042350355688646e-08
9.204545454545454e-01, 4.758522727272727e-01, -2.655695755055446e-07, 6.798477227575310e-09
9.431818181818182e-01, 4.758522727272727e-01, -2.069491782745024e-07, 3.839716404123709e-09
9.659090909090909e-01, 4.758522727272727e-01, -1.345222010403018e-07, 1.672389336847934e-09
9.886363636363636e-01, 4.758522727272727e-01, -4.735516057137886e-08, 4.394825311940687e-10
1.136363636363636e-02, 4.900568181818182e-01, 2.814625605351294e-08, 1.789081581319995e-10
3.409090909090909e-02, 4.900568181818182e-01, 8.327048240284911e-08, 8.188728087443588e-10
5.681818181818182e-02, 4.900568181818182e-01, 1.327675631318750e-07, 2.073573127299953e-09
7.954545454545454e-02, 4.900568181818182e-01, 1.770500896863929e-07, 3.929179189505442e-09
1.022727272727273e-01, 4.900568181818182e-01, 2.150046813290313e-07, 6.311139069030053e-09
1.250000000000000e-01, 4.900568181818182e-01, 2.473209725107672e-07, 9.233714835066521e-09
1.477272727272727e-01, 4.900568181818182e-01, 2.743461676122332e-07, 1.239815046363679e-08
1.704545454545454e-01, 4.900568181818182e-01, 2.966651306967444e-07, 1.593853087537355e-08
1.931818181818182e-01, 4.900568181818182e-01, 3.114821707643409e-07, 1.972160723633115e-08
2.159090909090909e-01, 4.900568181818182e-01, 3.215523286731004e-07, 2.361116164928556e-08
2.386363636363636e-01, 4.900568181818182e-01, 3.269406038292196e-07, 2.757074511035902e-08
2.613636363636364e-01, 4.900568181818182e-01, 3.264159472043395e-07, 3.160055841623399e-08
2.840909090909091e-01, 4.900568181818182e-01, 3.201619911378811e-07, 3.560478191143939e-08
3.068181818181818e-01, 4.900568181818182e-01, 3.096588030077504e-07, 3.953620972532776e-08
3.295454545454545e-01, 4.900568181818182e-01, 2.950655004104085e-07, 4.333594863874434e-08
3.522727272727273e-01, 4.900568181818182e-01, 2.747276398539333e-07, 4.685698550672589e-08
3.750000000000000e-01, 4.900568181818182e-01, 2.504860170599201e-07, 5.011051315442136e-08
3.977272727272727e-01, 4.900568181818182e-01, 2.229560414532585e-07, 5.309111636350901e-08
4.204545454545455e-01, 4.900568181818182e-01, 1.919874042480005e-07, 5.573549190054919e-08
4.431818181818182e-01, 4.900568181818182e-01, 1.570453985068951e-07, 5.786211638587257e-08
4.659090909090909e-01, 4.900568181818182e-01, 1.198903400681463e-07, 5.960618010871691e-08
4.886363636363636e-01, 4.900568181818182e-01, 8.073236940177089e-08, 6.095272948913901e-08
5.113636363636364e-01, 4.900568181818182e-01, 3.950927061564695e-08, 6.175440169724631e-08
5.340909090909091e-01, 4.900568181818182e-01, -3.035551951843279e-09, 6.198526947759599e-08
5.568181818181818e-01, 4.900568181818182e-01, -4.612189603806462e-08, 6.176285750510292e-08
5.795454545454546e-01, 4.900568181818182e-01, -8.948124183028768e-08, 6.108374895477861e-08
6.022727272727273e-01, 4.900568181818182e-01, -1.322777019717549e-07, 5.971381197111262e-08
6.250000000000000e-01, 4.900568181818182e-01, -1.738606792691137e-07, 5.784756525800445e-08
6.477272727272727e-01, 4.900568181818182e-01, -2.139287889308140e-07, 5.554365428944541e-08
6.704545454545454e-01, 4.900568181818182e-01, -2.518231475361583e-07, 5.277253656007892e-08
6.931818181818182e-01, 4.900568181818182e-01, -2.855738161227829e-07, 4.941818690085967e-08
7.159090909090909e-01, 4.900568181818182e-01, -3.157203659355768e-07, 4.572906751768367e-08
7.386363636363636e-01, 4.900568181818182e-01, -3.418470748065100e-07, 4.173586375270336e-08
7.613636363636364e-01, 4.900568181818182e-01, -3.619612032573167e-07, 3.738353816644650e-08
7.840909090909091e-01, 4.900568181818182e-01, -3.743263840569938e-07, 3.294874161590062e-08
8.068181818181818e-01, 4.900568181818182e-01, -3.819043203368580e-07, 2.826887720621156e-08
8.295454545454546e-01, 4.900568181818182e-01, -3.788998930153720e-07, 2.371581454962490e-08
8.522727272727273e-01, 4.900568181818182e-01, -3.668274612978051e-07, 1.923387902126282e-08
8.750000000000000e-01, 4.900568181818182e-01, -3.460627504700286e-07, 1.498901183473342e-08
8.977272727272727e-01, 4.900568181818182e-01, -3.136324544840820e-07, 1.086838668950386e-08
9.204545454545454e-01, 4.900568181818182e-01, -2.696679227896390e-07, 7.110069416872567e-09
9.431818181818182e-01, 4.900568181818182e-01, -2.102885677380176e-07, 4.006494800836478e-09
9.659090909090909e-01, 4.900568181818182e-01, -1.366613116838806e-07, 1.741616158257863e-09
9.886363636363636e-01, 4.900568181818182e-01, -4.753094780099209e-08, 4.435714598897938e-10
1.136363636363636e-02, 5.042613636363636e-01, 2.906081464462951e-08, 1.952901654821716e-10
3.409090909090909e-02, 5.042613636363636e-01, 8.425011675206299e-08, 8.389310705088285e-10
5.681818181818182e-02, 5.042613636363636e-01, 1.347684702017206e-07, 2.174562330243840e-09
7.954545454545454e-02, 5.042613636363636e-01, 1.797273605003802e-07, 4.099757432477610e-09
1.022727272727273e-01, 5.042613636363636e-01, 2.181972624916857e-07, 6.651338078481700e-09
1.250000000000000e-01, 5.042613636363636e-01, 2.507129981532913e-07, 9.577886627819538e-09
1.477272727272727e-01, 5.042613636363636e-01, 2.787719201901638e-07, 1.299971885379781e-08
1.704545454545454e-01, 5.042613636363636e-01, 3.004380366867083e-07, 1.665039028152475e-08
1.931818181818182e-01, 5.042613636363636e-01, 3.163410073224414e-07, 2.056759099566004e-08
2.159090909090909e-01, 5.042613636363636e-01, 3.266349048381688e-07, 2.470118121243610e-08
2.386363636363636e-01, 5.042613636363636e-01, 3.316144701597392e-07, 2.888739522269856e-08
2.613636363636364e-01, 5.042613636363636e-01, 3.310385106008346e-07, 3.302488030128652e-08
2.840909090909091e-01, 5.042613636363636e-01, 3.253200381560472e-07, 3.723521419893415e-08
3.068181818181818e-01, 5.042613636363636e-01, 3.145747859286903e-07, 4.141643012886909e-08
3.295454545454545e-01, 5.042613636363636e-01, 2.988290572179830e-07, 4.531261224337035e-08
3.522727272727273e-01, 5.042613636363636e-01, 2.790458125342374e-07, 4.898383029314652e-08
3.750000000000000e-01, 5.042613636363636e-01, 2.545013283598786e-07, 5.244989859692967e-08
3.977272727272727e-01, 5.042613636363636e-01, 2.262516923326639e-07, 5.559258314115515e-08
4.204545454545455e-01, 5.042613636363636e-01, 1.944375046699418e-07, 5.824711300367922e-08
4.431818181818182e-01, 5.042613636363636e-01, 1.597129388184363e-07, 6.054897826792335e-08
4.659090909090909e-01, 5.042613636363636e-01, 1.217553105586940e-07, 6.241092118810658e-08
4.886363636363636e-01, 5.042613636363636e-01, 8.171573426123762e-08, 6.375182203618383e-08
5.113636363636364e-01, 5.042613636363636e-01, 4.013186779625758e-08, 6.457740833056838e-08
5.340909090909091e-01, 5.042613636363636e-01, -2.951375017320159e-09, 6.489389726723549e-08
5.568181818181818e-01, 5.042613636363636e-01, -4.698042515910246e-08, 6.465324040019846e-08
5.795454545454546e-01, 5.042613636363636e-01, -9.079851961077181e-08, 6.382329073195767e-08
6.022727272727273e-01, 5.042613636363636e-01, -1.341084821535357e-07, 6.251028280858748e-08
6.250000000000000e-01, 5.042613636363636e-01, -1.766039119899432e-07, 6.056138801547115e-08
6.477272727272727e-01, 5.042613636363636e-01, -2.173917652742143e-07, 5.809460325415997e-08
6.704545454545454e-01, 5.042613636363636e-01, -2.551292272056878e-07, 5.515502738508231e-08
6.931818181818182e-01, 5.042613636363636e-01, -2.900316305923320e-07, 5.178186936241998e-08
7.159090909090909e-01, 5.042613636363636e-01, -3.209016518441952e-07, 4.786199781060385e-08
7.386363636363636e-01, 5.042613636363636e-01, -3.468113153513118e-07, 4.363119576613594e-08
7.613636363636364e-01, 5.042613636363636e-01, -3.670715421273927e-07, 3.918337924016725e-08
7.840909090909091e-01, 5.042613636363636e-01, -3.808249534971054e-07, 3.450711681341607e-08
8.068181818181818e-01, 5.042613636363636e-01, -3.871492315176618e-07, 2.951282585144183e-08
8.295454545454546e-01, 5.042613636363636e-01, -3.845024105447977e-07, 2.474817935988247e-08
8.522727272727273e-01, 5.042613636363636e-01, -3.728562049738872e-07, 2.003617527192480e-08
8.750000000000000e-01, 5.042613636363636e-01, -3.509156272687000e-07, 1.554261602951475e-08
8.977272727272727e-01, 5.042613636363636e-01, -3.183857223192365e-07, 1.137600756683163e-08
9.204545454545454e-01, 5.042613636363636e-01, -2.733993400424470e-07, 7.412748742538745e-09
9.431818181818182e-01, 5.042613636363636e-01, -2.133641884615290e-07, 4.125827033817182e-09
9.659090909090909e-01, 5.042613636363636e-01, -1.387205284345993e-07, 1.816086495907776e-09
9.886363636363636e-01, 5.042613636363636e-01, -4.852987937942626e-08, 4.829351410501779e-10
1.136363636363636e-02, 5.184659090909091e-01, 2.909295546410394e-08, 1.958658870881845e-10
3.409090909090909e-02, 5.184659090909091e-01, 8.573343790838832e-08, 9.005765060528700e-10
5.681818181818182e-02, 5.184659090909091e-01, 1.365791028925297e-07, 2.254402939485657e-09
7.954545454545454e-02, 5.184659090909091e-01, 1.821913752462452e-07, 4.268390392701558e-09
1.022727272727273e-01, 5.184659090909091e-01, 2.211138664553375e-07, 6.918416535631380e-09
1.250000000000000e-01, 5.184659090909091e-01, 2.544301195092487e-07, 9.962161734323541e-09
1.477272727272727e-01, 5.184659090909091e-01, 2.821214031498435e-07, 1.350104817703427e-08
1.704545454545454e-01, 5.184659090909091e-01, 3.038720365672375e-07, 1.740810487988801e-08
1.931818181818182e-01, 5.184659090909091e-01, 3.205824384961495e-07, 2.150081687266515e-08
2.159090909090909e-01, 5.184659090909091e-01, 3.313543941238803e-07, 2.576093308589709e-08
2.386363636363636e-01, 5.184659090909091e-01, 3.355399457203688e-07, 3.012807393158411e-08
2.613636363636364e-01, 5.184659090909091e-01, 3.350477900149283e-07, 3.452346387729547e-08
2.840909090909091e-01, 5.184659090909091e-01, 3.299375324976215e-07, 3.891801121456413e-08
3.068181818181818e-01, 5.184659090909091e-01, 3.187364844749383e-07, 4.318084504562015e-08
3.295454545454545e-01, 5.184659090909091e-01, 3.025152044264647e-07, 4.727589313158957e-08
3.522727272727273e-01, 5.184659090909091e-01, 2.823691343520031e-07, 5.116250313712422e-08
3.750000000000000e-01, 5.184659090909091e-01, 2.583522612784952e-07, 5.479037387996608e-08
3.977272727272727e-01, 5.184659090909091e-01, 2.291117723608514e-07, 5.796200165047822e-08
4.204545454545455e-01, 5.184659090909091e-01, 1.967507136064780e-07, 6.077930883333992e-08
4.431818181818182e-01, 5.184659090909091e-01, 1.616078395857171e-07, 6.322029867877753e-08
4.659090909090909e-01, 5.184659090909091e-01, 1.235651870236016e-07, 6.516244735820427e-08
4.886363636363636e-01, 5.184659090909091e-01, 8.272452905347072e-08, 6.650263458843185e-08
5.113636363636364e-01, 5.184659090909091e-01, 4.041298592448721e-08, 6.737435235989879e-08
5.340909090909091e-01, 5.184659090909091e-01, -3.117291994671908e-09, 6.776715707382677e-08
5.568181818181818e-01, 5.184659090909091e-01, -4.752190854378037e-08, 6.747439453203798e-08
5.795454545454546e-01, 5.184659090909091e-01, -9.202530074390507e-08, 6.657766806687804e-08
6.022727272727273e-01, 5.184659090909091e-01, -1.360737649275859e-07, 6.517885513381752e-08
6.250000000000000e-01, 5.184659090909091e-01, -1.792595866735867e-07, 6.327146243349506e-08
6.477272727272727e-01, 5.184659090909091e-01, -2.200565000913372e-07, 6.063600388320075e-08
6.704545454545454e-01, 5.184659090909091e-01, -2.584249273749753e-07, 5.752933736851766e-08
6.931818181818182e-01, 5.184659090909091e-01, -2.940040331682493e-07, 5.399867244784495e-08
7.159090909090909e-01, 5.184659090909091e-01, -3.254858304064821e-07, 5.002416186520450e-08
7.386363636363636e-01, 5.184659090909091e-01, -3.510195203095276e-07, 4.557505222582338e-08
7.613636363636364e-01, 5.184659090909091e-01, -3.715007425861870e-07, 4.090271737128008e-08
7.840909090909091e-01, 5.184659090909091e-01, -3.867457406680568e-07, 3.602176877798385e-08
8.068181818181818e-01, 5.184659090909091e-01, -3.919726362561000e-07, 3.085138478306840e-08
8.295454545454546e-01, 5.184659090909091e-01, -3.892344296070185e-07, 2.569706293835884e-08
8.522727272727273e-01, 5.184659090909091e-01, -3.781172912345024e-07, 2.075707887097538e-08
8.750000000000000e-01, 5.184659090909091e-01, -3.562646537461014e-07, 1.610741903169475e-08
8.977272727272727e-01, 5.184659090909091e-01, -3.224806195691770e-07, 1.177243628876779e-08
9.204545454545454e-01, 5.184659090909091e-01, -2.769020861230568e-07, 7.713181321429116e-09
9.431818181818182e-01, 5.184659090909091e-01, -2.165784440291091e-07, 4.294524182748225e-09
9.659090909090909e-01, 5.184659090909091e-01, -1.405413112027689e-07, 1.875890599279569e-09
9.886363636363636e-01, 5.184659090909091e-01, -4.899776292695087e-08, 5.013724586628800e-10
1.136363636363636e-02, 5.326704545454546e-01, 2.975804054557793e-08, 2.006117894901477e-10
3.409090909090909e-02, 5.326704545454546e-01, 8.649041017652440e-08, 9.271846052343099e-10
5.681818181818182e-02, 5.326704545454546e-01, 1.383218726644273e-07, 2.392356129490748e-09
7.954545454545454e-02, 5.326704545454546e-01, 1.845752262026480e-07, 4.443566220784941e-09
1.022727272727273e-01, 5.326704545454546e-01, 2.234089418611732e-07, 7.229074881345466e-09
1.250000000000000e-01, 5.326704545454546e-01, 2.576182991787221e-07, 1.029920134079252e-08
1.477272727272727e-01, 5.326704545454546e-01, 2.859403127929970e-07, 1.399914527686367e-08
1.704545454545454e-01, 5.326704545454546e-01, 3.082388978946637e-07, 1.814703725803696e-08
1.931818181818182e-01, 5.326704545454546e-01, 3.246613919742122e-07, 2.246309832761359e-08
2.159090909090909e-01, 5.326704545454546e-01, 3.351693310252434e-07, 2.686395662472515e-08
2.386363636363636e-01, 5.326704545454546e-01, 3.403250500999532e-07, 3.140872314348788e-08
2.613636363636364e-01, 5.326704545454546e-01, 3.397921713685801e-07, 3.608404925752950e-08
2.840909090909091e-01, 5.326704545454546e-01, 3.336239490628673e-07, 4.062751210706172e-08
3.068181818181818e-01, 5.326704545454546e-01, 3.227275945401189e-07, 4.504358399313685e-08
3.295454545454545e-01, 5.326704545454546e-01, 3.067996837720929e-07, 4.935955715959788e-08
3.522727272727273e-01, 5.326704545454546e-01, 2.861775954100747e-07, 5.347101085697190e-08
3.750000000000000e-01, 5.326704545454546e-01, 2.609825886109117e-07, 5.713360951096141e-08
3.977272727272727e-01, 5.326704545454546e-01, 2.323797094237535e-07, 6.049699588070865e-08
4.204545454545455e-01, 5.326704545454546e-01, 1.994995096010217e-07, 6.349616896610238e-08
4.431818181818182e-01, 5.326704545454546e-01, 1.635066222000371e-07, 6.599998437951734e-08
4.659090909090909e-01, 5.326704545454546e-01, 1.249007489397080e-07, 6.796353416423149e-08
4.886363636363636e-01, 5.326704545454546e-01, 8.402553031508854e-08, 6.946318733015111e-08
5.113636363636364e-01, 5.326704545454546e-01, 4.090546423418973e-08, 7.038931783195046e-08
5.340909090909091e-01, 5.326704545454546e-01, -3.297585984260678e-09, 7.067662705048635e-08
5.568181818181818e-01, 5.326704545454546e-01, -4.805583440847514e-08, 7.042468844186915e-08
5.795454545454546e-01, 5.326704545454546e-01, -9.323599666444818e-08, 6.955563522251903e-08
6.022727272727273e-01, 5.326704545454546e-01, -1.380888139376121e-07, 6.805732308149381e-08
6.250000000000000e-01, 5.326704545454546e-01, -1.812924421655891e-07, 6.595119031547337e-08
6.477272727272727e-01, 5.326704545454546e-01, -2.229320495132306e-07, 6.336650093822984e-08
6.704545454545454e-01, 5.326704545454546e-01, -2.621113486719443e-07, 6.009429339884615e-08
6.931818181818182e-01, 5.326704545454546e-01, -2.978351758093929e-07, 5.633980281999610e-08
7.159090909090909e-01, 5.326704545454546e-01, -3.291836917211727e-07, 5.219947954618089e-08
7.386363636363636e-01, 5.326704545454546e-01, -3.560696501679473e-07, 4.765605289729026e-08
7.613636363636364e-01, 5.326704545454546e-01, -3.771045296984106e-07, 4.267512069626168e-08
7.840909090909091e-01, 5.326704545454546e-01, -3.905940919031959e-07, 3.755931921933815e-08
8.068181818181818e-01, 5.326704545454546e-01, -3.973190941274812e-07, 3.225209104782743e-08
8.295454545454546e-01, 5.326704545454546e-01, -3.952170273797394e-07, 2.681402886969824e-08
8.522727272727273e-01, 5.326704545454546e-01, -3.836875385578239e-07, 2.148494900396974e-08
8.750000000000000e-01, 5.326704545454546e-01, -3.603659693000151e-07, 1.665679173335251e-08
8.977272727272727e-01, 5.326704545454546e-01, -3.262438917419450e-07, 1.216378607202122e-08
9.204545454545454e-01, 5.326704545454546e-01, -2.801675220370875e-07, 7.977250692050698e-09
9.431818181818182e-01, 5.326704545454546e-01, -2.196817874806983e-07, 4.408671021817493e-09
9.659090909090909e-01, 5.326704545454546e-01, -1.425712415694808e-07, 1.972417674368013e-09
9.886363636363636e-01, 5.326704545454546e-01, -4.959303918492980e-08, 5.224701870580026e-10
1.136363636363636e-02, 5.468750000000000e-01, 2.996372843508245e-08, 2.020795335067341e-10
3.409090909090909e-02, 5.468750000000000e-01, 8.790837208469760e-08, 9.853049947390259e-10
5.681818181818182e-02, 5.468750000000000e-01, 1.395376444329821e-07, 2.512596512979218e-09
7.954545454545454e-02, 5.468750000000000e-01, 1.866026471685917e-07, 4.599008922377238e-09
1.022727272727273e-01, 5.468750000000000e-01, 2.258971304228888e-07, 7.521443708253169e-09
1.250000000000000e-01, 5.468750000000000e-01, 2.602314290263785e-07, 1.083823462661981e-08
1.477272727272727e-01, 5.468750000000000e-01, 2.893181154456823e-07, 1.459143584327159e-08
1.704545454545454e-01, 5.468750000000000e-01, 3.120358404426728e-07, 1.884885872766706e-08
1.931818181818182e-01, 5.468750000000000e-01, 3.279445234547509e-07, 2.336514125805385e-08
2.159090909090909e-01, 5.468750000000000e-01, 3.386541518615164e-07, 2.802643217208938e-08
2.386363636363636e-01, 5.468750000000000e-01, 3.443697721910404e-07, 3.278915482698174e-08
2.613636363636364e-01, 5.468750000000000e-01, 3.437567171797273e-07, 3.755371189765114e-08
2.840909090909091e-01, 5.468750000000000e-01, 3.371853112273029e-07, 4.231677720505015e-08
3.068181818181818e-01, 5.468750000000000e-01, 3.261299531604255e-07, 4.697765569939359e-08
3.295454545454545e-01, 5.468750000000000e-01, 3.106764071030263e-07, 5.149022936373599e-08
3.522727272727273e-01, 5.468750000000000e-01, 2.893088911833539e-07, 5.564028562424229e-08
3.750000000000000e-01, 5.468750000000000e-01, 2.637450395714386e-07, 5.951646936085594e-08
3.977272727272727e-01, 5.468750000000000e-01, 2.346904597852449e-07, 6.306575474301455e-08
4.204545454545455e-01, 5.468750000000000e-01, 2.021060659929289e-07, 6.618145719738858e-08
4.431818181818182e-01, 5.468750000000000e-01, 1.652935545179182e-07, 6.872154862529841e-08
4.659090909090909e-01, 5.468750000000000e-01, 1.261036866526031e-07, 7.079947231885404e-08
4.886363636363636e-01, 5.468750000000000e-01, 8.480895379805940e-08, 7.239957318285010e-08
5.113636363636364e-01, 5.468750000000000e-01, 4.147345384883532e-08, 7.333997328057309e-08
5.340909090909091e-01, 5.468750000000000e-01, -3.386494556128447e-09, 7.361004385631367e-08
5.568181818181818e-01, 5.468750000000000e-01, -4.881914955892561e-08, 7.333724645383562e-08
5.795454545454546e-01, 5.468750000000000e-01, -9.451921870243993e-08, 7.251176070974735e-08
6.022727272727273e-01, 5.468750000000000e-01, -1.395211851313914e-07, 7.090292816012098e-08
6.250000000000000e-01, 5.468750000000000e-01, -1.833691211536519e-07, 6.868517134091502e-08
6.477272727272727e-01, 5.468750000000000e-01, -2.256063088066040e-07, 6.594589783371253e-08
6.704545454545454e-01, 5.468750000000000e-01, -2.654309574443317e-07, 6.268713441050759e-08
6.931818181818182e-01, 5.468750000000000e-01, -3.010361060965482e-07, 5.872525465074395e-08
7.159090909090909e-01, 5.468750000000000e-01, -3.328137437227615e-07, 5.435641258790413e-08
7.386363636363636e-01, 5.468750000000000e-01, -3.604442901390479e-07, 4.962347808124688e-08
7.613636363636364e-01, 5.468750000000000e-01, -3.813553284878485e-07, 4.456428822508447e-08
7.840909090909091e-01, 5.468750000000000e-01, -3.947960498383189e-07, 3.913543619933632e-08
8.068181818181818e-01, 5.468750000000000e-01, -4.015882655556224e-07, 3.355589363263022e-08
8.295454545454546e-01, 5.468750000000000e-01, -4.006115608726921e-07, 2.792971329484247e-08
8.522727272727273e-01, 5.468750000000000e-01, -3.875403382946624e-07, 2.243402922048776e-08
8.750000000000000e-01, 5.468750000000000e-01, -3.640668859764168e-07, 1.731151895100334e-08
8.977272727272727e-01, 5.468750000000000e-01, -3.304972185988206e-07, 1.242625295539064e-08
9.204545454545454e-01, 5.468750000000000e-01, -2.831379638363991e-07, 8.238647017294234e-09
9.431818181818182e-01, 5.468750000000000e-01, -2.224466093176579e-07, 4.574765086396035e-09
9.659090909090909e-01, 5.468750000000000e-01, -1.439992801103295e-07, 2.019786868997064e-09
9.886363636363636e-01, 5.468750000000000e-01, -5.030780888616644e-08, 5.478029914822091e-10
1.136363636363636e-02, 5.610795454545454e-01, 3.039349539340581e-08, 1.993626659512694e-10
3.409090909090909e-02, 5.610795454545454e-01, 8.835817882151002e-08, 1.022671801832770e-09
5.681818181818182e-02, 5.610795454545454e-01, 1.416352720915735e-07, 2.559194134604862e-09
7.954545454545454e-02, 5.610795454545454e-01, 1.879640534253872e-07, 4.835354060453297e-09
1.022727272727273e-01, 5.610795454545454e-01, 2.288978575482131e-07, 7.765270613428973e-09
1.250000000000000e-01, 5.610795454545454e-01, 2.637405042411305e-07, 1.126841175313748e-08
1.477272727272727e-01, 5.610795454545454e-01, 2.923270338323486e-07, 1.525172813600187e-08
1.704545454545454e-01, 5.610795454545454e-01, 3.148968444641974e-07, 1.963316229892617e-08
1.931818181818182e-01, 5.610795454545454e-01, 3.320543402523619e-07, 2.426372085287251e-08
2.159090909090909e-01, 5.610795454545454e-01, 3.429209620906079e-07, 2.920734710882736e-08
2.386363636363636e-01, 5.610795454545454e-01, 3.476906456990746e-07, 3.416888004918908e-08
2.613636363636364e-01, 5.610795454545454e-01, 3.471315630148997e-07, 3.911244573635850e-08
2.840909090909091e-01, 5.610795454545454e-01, 3.413752515316887e-07, 4.407612130343545e-08
3.068181818181818e-01, 5.610795454545454e-01, 3.301052392748813e-07, 4.901111695746309e-08
3.295454545454545e-01, 5.610795454545454e-01, 3.133285999454461e-07, 5.359095754595548e-08
3.522727272727273e-01, 5.610795454545454e-01, 2.925200500485076e-07, 5.794454934217895e-08
3.750000000000000e-01, 5.610795454545454e-01, 2.669896330818597e-07, 6.204392501250716e-08
3.977272727272727e-01, 5.610795454545454e-01, 2.371886887335512e-07, 6.572705688731447e-08
4.204545454545455e-01, 5.610795454545454e-01, 2.037454218769402e-07, 6.887986631781701e-08
4.431818181818182e-01, 5.610795454545454e-01, 1.674470947258965e-07, 7.162243510086841e-08
4.659090909090909e-01, 5.610795454545454e-01, 1.276096508308262e-07, 7.382727409456492e-08
4.886363636363636e-01, 5.610795454545454e-01, 8.551811682236532e-08, 7.538079043137293e-08
5.113636363636364e-01, 5.610795454545454e-01, 4.180827946349956e-08, 7.635505632795426e-08
5.340909090909091e-01, 5.610795454545454e-01, -3.324352441912610e-09, 7.675047811277648e-08
5.568181818181818e-01, 5.610795454545454e-01, -4.952144501002232e-08, 7.645845213161181e-08
5.795454545454546e-01, 5.610795454545454e-01, -9.549798629605670e-08, 7.544283913984059e-08
6.022727272727273e-01, 5.610795454545454e-01, -1.410105372533085e-07, 7.388093774803434e-08
6.250000000000000e-01, 5.610795454545454e-01, -1.856058125454984e-07, 7.161724646378963e-08
6.477272727272727e-01, 5.610795454545454e-01, -2.282409481369005e-07, 6.868942699291290e-08
6.704545454545454e-01, 5.610795454545454e-01, -2.678914302224221e-07, 6.521516418304101e-08
6.931818181818182e-01, 5.610795454545454e-01, -3.046885158605724e-07, 6.127764989692818e-08
7.159090909090909e-01, 5.610795454545454e-01, -3.370863103572844e-07, 5.665540220120958e-08
7.386363636363636e-01, 5.610795454545454e-01, -3.639621888002878e-07, 5.167371866932054e-08
7.613636363636364e-01, 5.610795454545454e-01, -3.851568973691824e-07, 4.642124496499508e-08
7.840909090909091e-01, 5.610795454545454e-01, -3.999798432408573e-07, 4.081863824163035e-08
8.068181818181818e-01, 5.610795454545454e-01, -4.066826711273204e-07, 3.493575614674748e-08
8.295454545454546e-01, 5.610795454545454e-01, -4.036741971738921e-07, 2.914284459709045e-08
8.522727272727273e-01, 5.610795454545454e-01, -3.923391605516073e-07, 2.344534352249209e-08
8.750000000000000e-01, 5.610795454545454e-01, -3.695436602174876e-07, 1.791171995954807e-08
8.977272727272727e-01, 5.610795454545454e-01, -3.326792704656473e-07, 1.298193609957418e-08
9.204545454545454e-01, 5.610795454545454e-01, -2.859637431001286e-07, 8.488450067411120e-09
9.431818181818182e-01, 5.610795454545454e-01, -2.245709474466182e-07, 4.768354549299044e-09
9.659090909090909e-01, 5.610795454545454e-01, -1.457350833966710e-07, 2.156949671774423e-09
9.886363636363636e-01, 5.610795454545454e-01, -5.051662755200449e-08, 5.642905723811523e-10
1.136363636363636e-02, 5.752840909090909e-01, 3.068277860408806e-08, 1.975338976985646e-10
3.409090909090909e-02, 5.752840909090909e-01, 8.962354398330082e-08, 9.817809966722005e-10
5.681818181818182e-02, 5.752840909090909e-01, 1.423634557771345e-07, 2.604999835936245e-09
7.954545454545454e-02, 5.752840909090909e-01, 1.895415691599580e-07, 5.046384275055413e-09
1.022727272727273e-01, 5.752840909090909e-01, 2.312085816951913e-07, 8.167340384976228e-09
1.250000000000000e-01, 5.752840909090909e-01, 2.665944849103964e-07, 1.168378146664668e-08
1.477272727272727e-01, 5.752840909090909e-01, 2.948327852602668e-07, 1.588959955560847e-08
1.704545454545454e-01, 5.752840909090909e-01, 3.177088705965729e-07, 2.045261175378351e-08
1.931818181818182e-01, 5.752840909090909e-01, 3.352585442326108e-07, 2.531532622233442e-08
2.159090909090909e-01, 5.752840909090909e-01, 3.464529692652833e-07, 3.031701540848759e-08
2.386363636363636e-01, 5.752840909090909e-01, 3.508432170147942e-07, 3.551785026205620e-08
2.613636363636364e-01, 5.752840909090909e-01, 3.502949414741060e-07, 4.073743680576425e-08
2.840909090909091e-01, 5.752840909090909e-01, 3.449285067434737e-07, 4.593338876481953e-08
3.068181818181818e-01, 5.752840909090909e-01, 3.331789032612439e-07, 5.090401386388816e-08
3.295454545454545e-01, 5.752840909090909e-01, 3.162073859793051e-07, 5.573726642005288e-08
3.522727272727273e-01, 5.752840909090909e-01, 2.951149456835520e-07, 6.032643160375392e-08
3.750000000000000e-01, 5.752840909090909e-01, 2.697919588610748e-07, 6.456890925533279e-08
3.977272727272727e-01, 5.752840909090909e-01, 2.394208679293509e-07, 6.831869556855055e-08
4.204545454545455e-01, 5.752840909090909e-01, 2.055466906240331e-07, 7.164927435565958e-08
4.431818181818182e-01, 5.752840909090909e-01, 1.687593853402257e-07, 7.453191478250769e-08
4.659090909090909e-01, 5.752840909090909e-01, 1.290352935025035e-07, 7.680379799415351e-08
4.886363636363636e-01, 5.752840909090909e-01, 8.629471493331498e-08, 7.838803452235552e-08
5.113636363636364e-01, 5.752840909090909e-01, 4.201532783257885e-08, 7.941398966771995e-08
5.340909090909091e-01, 5.752840909090909e-01, -3.539453862063706e-09, 7.986938622783501e-08
5.568181818181818e-01, 5.752840909090909e-01, -4.990371287305519e-08, 7.952091468405487e-08
5.795454545454546e-01, 5.752840909090909e-01, -9.647391316141356e-08, 7.846007057271429e-08
6.022727272727273e-01, 5.752840909090909e-01, -1.425680299094350e-07, 7.680486262065510e-08
6.250000000000000e-01, 5.752840909090909e-01, -1.876177667598103e-07, 7.453194905111426e-08
6.477272727272727e-01, 5.752840909090909e-01, -2.303499402806846e-07, 7.147349596443361e-08
6.704545454545454e-01, 5.752840909090909e-01, -2.705029969523945e-07, 6.781591862303705e-08
6.931818181818182e-01, 5.752840909090909e-01, -3.077389059301505e-07, 6.365724468042257e-08
7.159090909090909e-01, 5.752840909090909e-01, -3.405971372892826e-07, 5.902894596409303e-08
7.386363636363636e-01, 5.752840909090909e-01, -3.673567306423643e-07, 5.379395556773509e-08
7.613636363636364e-01, 5.752840909090909e-01, -3.887956156542699e-07, 4.824265093131016e-08
7.840909090909091e-01, 5.752840909090909e-01, -4.043943343500706e-07, 4.242343901390285e-08
8.068181818181818e-01, 5.752840909090909e-01, -4.104321123556931e-07, 3.645652658562955e-08
8.295454545454546e-01, 5.752840909090909e-01, -4.073104898461660e-07, 3.036937593009448e-08
8.522727272727273e-01, 5.752840909090909e-01, -3.956573126791527e-07, 2.439172927888849e-08
8.750000000000000e-01, 5.752840909090909e-01, -3.737733498066228e-07, 1.870857314697357e-08
8.977272727272727e-01, 5.752840909090909e-01, -3.366142207548959e-07, 1.356006141879955e-08
9.204545454545454e-01, 5.752840909090909e-01, -2.893917829456181e-07, 8.606852605505539e-09
9.431818181818182e-01, 5.752840909090909e-01, -2.271644291962938e-07, 4.929403634023205e-09
9.659090909090909e-01, 5.752840909090909e-01, -1.463267711014204e-07, 2.264538625380653e-09
9.886363636363636e-01, 5.752840909090909e-01, -5.126504422607307e-08, 6.233828973431065e-10
1.136363636363636e-02, 5.894886363636364e-01, 3.090859076471407e-08, 1.869271635491659e-10
3.409090909090909e-02, 5.894886363636364e-01, 9.034869814010161e-08, 9.215430610876303e-10
5.681818181818182e-02, 5.894886363636364e-01, 1.441317416378420e-07, 2.548364625793613e-09
7.954545454545454e-02, 5.894886363636364e-01, 1.919218332311971e-07, 5.163381072332251e-09
1.022727272727273e-01, 5.894886363636364e-01, 2.331812046488008e-07, 8.476846891903240e-09
1.250000000000000e-01, 5.894886363636364e-01, 2.682778229567599e-07, 1.224193091523668e-08
1.477272727272727e-01, 5.894886363636364e-01, 2.980200251647190e-07, 1.645760255362758e-08
1.704545454545454e-01, 5.894886363636364e-01, 3.212722858383476e-07, 2.125346853741993e-08
1.931818181818182e-01, 5.894886363636364e-01, 3.379813294442947e-07, 2.633652267413489e-08
2.159090909090909e-01, 5.894886363636364e-01, 3.489309585744914e-07, 3.155129500123631e-08
2.386363636363636e-01, 5.894886363636364e-01, 3.546432838912857e-07, 3.689360651131498e-08
2.613636363636364e-01, 5.894886363636364e-01, 3.540561024616057e-07, 4.241356400089408e-08
2.840909090909091e-01, 5.894886363636364e-01, 3.473397550139117e-07, 4.773386986173179e-08
3.068181818181818e-01, 5.894886363636364e-01, 3.359621908504428e-07, 5.292549304493348e-08
3.295454545454545e-01, 5.894886363636364e-01, 3.195880087634354e-07, 5.798452301522620e-08
3.522727272727273e-01, 5.894886363636364e-01, 2.979035496540827e-07, 6.277471065181672e-08
3.750000000000000e-01, 5.894886363636364e-01, 2.716146283491912e-07, 6.708764084334064e-08
3.977272727272727e-01, 5.894886363636364e-01, 2.417563262582137e-07, 7.104599025384473e-08
4.204545454545455e-01, 5.894886363636364e-01, 2.077082296642412e-07, 7.457666119951407e-08
4.431818181818182e-01, 5.894886363636364e-01, 1.700824699145291e-07, 7.748168307255170e-08
4.659090909090909e-01, 5.894886363636364e-01, 1.298006711899755e-07, 7.979328618969746e-08
4.886363636363636e-01, 5.894886363636364e-01, 8.731278947554836e-08, 8.157675826511685e-08
5.113636363636364e-01, 5.894886363636364e-01, 4.239448239050202e-08, 8.266146261848788e-08
5.340909090909091e-01, 5.894886363636364e-01, -3.707968402301078e-09, 8.296119856904306e-08
5.568181818181818e-01, 5.894886363636364e-01, -5.040134808331066e-08, 8.265763118347060e-08
5.795454545454546e-01, 5.894886363636364e-01, -9.744352269761649e-08, 8.166889262122069e-08
6.022727272727273e-01, 5.894886363636364e-01, -1.440646577258729e-07, 7.988356812530341e-08
6.250000000000000e-01, 5.894886363636364e-01, -1.891300528864548e-07, 7.740792438898142e-08
6.477272727272727e-01, 5.894886363636364e-01, -2.325541930721251e-07, 7.436772408346714e-08
6.704545454545454e-01, 5.894886363636364e-01, -2.734510718367384e-07, 7.057864144972421e-08
6.931818181818182e-01, 5.894886363636364e-01, -3.104577516489946e-07, 6.617118286896539e-08
7.159090909090909e-01, 5.894886363636364e-01, -3.431347866591757e-07, 6.131155222550613e-08
7.386363636363636e-01, 5.894886363636364e-01, -3.713997579826324e-07, 5.603013894086133e-08
7.613636363636364e-01, 5.894886363636364e-01, -3.932573414948144e-07, 5.016269353840857e-08
7.840909090909091e-01, 5.894886363636364e-01, -4.070816081000078e-07, 4.412552541874457e-08
8.068181818181818e-01, 5.894886363636364e-01, -4.139517292333403e-07, 3.794719520584803e-08
8.295454545454546e-01, 5.894886363636364e-01, -4.122585633765815e-07, 3.162654913291919e-08
8.522727272727273e-01, 5.894886363636364e-01, -3.996324029482474e-07, 2.540658313412126e-08
8.750000000000000e-01, 5.894886363636364e-01, -3.755340779889768e-07, 1.959008237922495e-08
8.977272727272727e-01, 5.894886363636364e-01, -3.413385762421343e-07, 1.411408635981949e-08
9.204545454545454e-01, 5.894886363636364e-01, -2.930205307088570e-07, 8.738797515946793e-09
9.431818181818182e-01, 5.894886363636364e-01, -2.283733470814477e-07, 4.796150502342075e-09
9.659090909090909e-01, 5.894886363636364e-01, -1.483796094201462e-07, 2.107184538133282e-09
9.886363636363636e-01, 5.894886363636364e-01, -5.126899204342782e-08, 6.221408522463620e-10
1.136363636363636e-02, 6.036931818181818e-01, 3.112382868011209e-08, 1.768171174773835e-10
3.409090909090909e-02, 6.036931818181818e-01, 9.105338565533446e-08, 9.141746879985498e-10
5.681818181818182e-02, 6.036931818181818e-01, 1.455304546356175e-07, 2.619091544467584e-09
7.954545454545454e-02, 6.036931818181818e-01, 1.935538325297871e-07, 5.303589422026783e-09
1.022727272727273e-01, 6.036931818181818e-01, 2.348924536014239e-07, 8.741922577625805e-09
1.250000000000000e-01, 6.036931818181818e-01, 2.703680732407440e-07, 1.274786244342887e-08
1.477272727272727e-01, 6.036931818181818e-01, 3.003929700195691e-07, 1.719759509340681e-08
1.704545454545454e-01, 6.036931818181818e-01, 3.240250088858577e-07, 2.203710669474783e-08
1.931818181818182e-01, 6.036931818181818e-01, 3.405670652822089e-07, 2.731910793003047e-08
2.159090909090909e-01, 6.036931818181818e-01, 3.516438145515495e-07, 3.281066393849123e-08
2.386363636363636e-01, 6.036931818181818e-01, 3.575423708170459e-07, 3.842533344207013e-08
2.613636363636364e-01, 6.036931818181818e-01, 3.569097498257033e-07, 4.397153501724476e-08
2.840909090909091e-01, 6.036931818181818e-01, 3.500492705863689e-07, 4.956691056528734e-08
3.068181818181818e-01, 6.036931818181818e-01, 3.385399787257539e-07, 5.503361098468589e-08
3.295454545454545e-01, 6.036931818181818e-01, 3.222521158291039e-07, 6.028020722072897e-08
3.522727272727273e-01, 6.036931818181818e-01, 3.002707647356513e-07, 6.514061023163804e-08
3.750000000000000e-01, 6.036931818181818e-01, 2.736999523937349e-07, 6.968756064775720e-08
3.977272727272727e-01, 6.036931818181818e-01, 2.434969668408259e-07, 7.384932101272177e-08
4.204545454545455e-01, 6.036931818181818e-01, 2.094786002760957e-07, 7.746020850884777e-08
4.431818181818182e-01, 6.036931818181818e-01, 1.714239969025398e-07, 8.045170962582716e-08
4.659090909090909e-01, 6.036931818181818e-01, 1.306979265354106e-07, 8.288814375708112e-08
4.886363636363636e-01, 6.036931818181818e-01, 8.778552905988622e-08, 8.476008002958517e-08
5.113636363636364e-01, 6.036931818181818e-01, 4.281905903539260e-08, 8.584919558426068e-08
5.340909090909091e-01, 6.036931818181818e-01, -3.792343943816203e-09, 8.616438178355602e-08
5.568181818181818e-01, 6.036931818181818e-01, -5.099925111090899e-08, 8.583969781060526e-08
5.795454545454546e-01, 6.036931818181818e-01, -9.840961325065583e-08, 8.483656558142389e-08
6.022727272727273e-01, 6.036931818181818e-01, -1.451737014470993e-07, 8.299354263823970e-08
6.250000000000000e-01, 6.036931818181818e-01, -1.907334643622812e-07, 8.039578897820923e-08
6.477272727272727e-01, 6.036931818181818e-01, -2.346198488576603e-07, 7.718582052593628e-08
6.704545454545454e-01, 6.036931818181818e-01, -2.758147248686993e-07, 7.335633775841894e-08
6.931818181818182e-01, 6.036931818181818e-01, -3.129371856679038e-07, 6.877551463619263e-08
7.159090909090909e-01, 6.036931818181818e-01, -3.459625265329399e-07, 6.366245897620843e-08
7.386363636363636e-01, 6.036931818181818e-01, -3.746209128607458e-07, 5.811396788620437e-08
7.613636363636364e-01, 6.036931818181818e-01, -3.964100950324785e-07, 5.222267854709985e-08
7.840909090909091e-01, 6.036931818181818e-01, -4.103438088503432e-07, 4.587839513467284e-08
8.068181818181818e-01, 6.036931818181818e-01, -4.172446229628757e-07, 3.938783844410711e-08
8.295454545454546e-01, 6.036931818181818e-01, -4.159669625786986e-07, 3.287610023178731e-08
8.522727272727273e-01, 6.036931818181818e-01, -4.028181949854364e-07, 2.654832796287074e-08
8.750000000000000e-01, 6.036931818181818e-01, -3.785370253984580e-07, 2.042910056032467e-08
8.977272727272727e-01, 6.036931818181818e-01, -3.440973721794468e-07, 1.454033484394567e-08
9.204545454545454e-01, 6.036931818181818e-01, -2.951144794160142e-07, 9.171019578003932e-09
9.431818181818182e-01, 6.036931818181818e-01, -2.302374224471814e-07, 4.740094589386831e-09
9.659090909090909e-01, 6.036931818181818e-01, -1.508796140714973e-07, 1.682773447517216e-09
9.886363636363636e-01, 6.036931818181818e-01, -5.228282254326937e-08, 3.031739173294199e-10
1.136363636363636e-02, 6.178977272727273e-01, 3.116797337225382e-08, 1.650229036854410e-10
3.409090909090909e-02, 6.178977272727273e-01, 9.225590919596776e-08, 6.952159096200195e-10
5.681818181818182e-02, 6.178977272727273e-01, 1.466224465084844e-07, 2.689764804184152e-09
7.954545454545454e-02, 6.178977272727273e-01, 1.942854440830929e-07, 5.567789257799594e-09
1.022727272727273e-01, 6.178977272727273e-01, 2.366851554551533e-07, 9.038301897600435e-09
1.250000000000000e-01, 6.178977272727273e-01, 2.731130448148792e-07, 1.316977540188780e-08
1.477272727272727e-01, 6.178977272727273e-01, 3.024493998723693e-07, 1.787654399154970e-08
1.704545454545454e-01, 6.178977272727273e-01, 3.256348549027977e-07, 2.294945970192923e-08
1.931818181818182e-01, 6.178977272727273e-01, 3.435322482266116e-07, 2.832171804604146e-08
2.159090909090909e-01, 6.178977272727273e-01, 3.549449093430789e-07, 3.408168564786824e-08
2.386363636363636e-01, 6.178977272727273e-01, 3.595547886675174e-07, 3.988044557523918e-08
2.613636363636364e-01, 6.178977272727273e-01, 3.589612456550638e-07, 4.567419742793418e-08
2.840909090909091e-01, 6.178977272727273e-01, 3.532632185458908e-07, 5.145689365165325e-08
3.068181818181818e-01, 6.178977272727273e-01, 3.413468363176441e-07, 5.718377792173612e-08
3.295454545454545e-01, 6.178977272727273e-01, 3.239576518743318e-07, 6.253572863271101e-08
3.522727272727273e-01, 6.178977272727273e-01, 3.023813138938787e-07, 6.762313961926670e-08
3.750000000000000e-01, 6.178977272727273e-01, 2.761705276499146e-07, 7.240656408494020e-08
3.977272727272727e-01, 6.178977272727273e-01, 2.451565727094863e-07, 7.666497304265401e-08
4.204545454545455e-01, 6.178977272727273e-01, 2.105007150362509e-07, 8.035154235260405e-08
4.431818181818182e-01, 6.178977272727273e-01, 1.728805561645683e-07, 8.355421524404555e-08
4.659090909090909e-01, 6.178977272727273e-01, 1.318361457609681e-07, 8.614282891824919e-08
4.886363636363636e-01, 6.178977272727273e-01, 8.817735956896409e-08, 8.791599386510680e-08
5.113636363636364e-01, 6.178977272727273e-01, 4.288989831000531e-08, 8.905080091496098e-08
5.340909090909091e-01, 6.178977272727273e-01, -3.759759592180281e-09, 8.954007778875648e-08
5.568181818181818e-01, 6.178977272727273e-01, -5.151791541074176e-08, 8.916278575615238e-08
5.795454545454546e-01, 6.178977272727273e-01, -9.914634801602647e-08, 8.797480979498729e-08
6.022727272727273e-01, 6.178977272727273e-01, -1.462903893173685e-07, 8.614518661563737e-08
6.250000000000000e-01, 6.178977272727273e-01, -1.924707058552369e-07, 8.354797820992862e-08
6.477272727272727e-01, 6.178977272727273e-01, -2.364444406516735e-07, 8.011637072603350e-08
6.704545454545454e-01, 6.178977272727273e-01, -2.775091161272255e-07, 7.606232295584191e-08
6.931818181818182e-01, 6.178977272727273e-01, -3.156036341150994e-07, 7.146654636158683e-08
7.159090909090909e-01, 6.178977272727273e-01, -3.492895460649862e-07, 6.613118010886688e-08
7.386363636363636e-01, 6.178977272727273e-01, -3.768507829754048e-07, 6.031854786793520e-08
7.613636363636364e-01, 6.178977272727273e-01, -3.987407328106253e-07, 5.417265196795580e-08
7.840909090909091e-01, 6.178977272727273e-01, -4.144187957069182e-07, 4.770305826028860e-08
8.068181818181818e-01, 6.178977272727273e-01, -4.210955758399567e-07, 4.089458799638588e-08
8.295454545454546e-01, 6.178977272727273e-01, -4.178592941833258e-07, 3.420269437028717e-08
8.522727272727273e-01, 6.178977272727273e-01, -4.058504044441892e-07, 2.762888452071683e-08
8.750000000000000e-01, 6.178977272727273e-01, -3.829073461331294e-07, 2.122134669939245e-08
8.977272727272727e-01, 6.178977272727273e-01, -3.458607768547491e-07, 1.516059485504745e-08
9.204545454545454e-01, 6.178977272727273e-01, -2.955195676448813e-07, 9.666781302449751e-09
9.431818181818182e-01, 6.178977272727273e-01, -2.327651408267829e-07, 4.900202713766727e-09
9.659090909090909e-01, 6.178977272727273e-01, -1.533760021162633e-07, 1.257344365499981e-09
9.886363636363636e-01, 6.178977272727273e-01, -5.238420559325354e-08, 2.712772238377248e-10
