x, y, ux, uy
1.136363636363636e-02, 7.102272727272727e-03, 0.000000000000000e+00, 0.000000000000000e+00
3.409090909090909e-02, 7.102272727272727e-03, 0.000000000000000e+00, 0.000000000000000e+00
5.681818181818182e-02, 7.102272727272727e-03, 0.000000000000000e+00, 0.000000000000000e+00
7.954545454545454e-02, 7.102272727272727e-03, 0.000000000000000e+00, 0.000000000000000e+00
1.022727272727273e-01, 7.102272727272727e-03, 0.000000000000000e+00, 0.000000000000000e+00
1.250000000000000e-01, 7.102272727272727e-03, 4.075872404115027e-09, -4.420616570273960e-11
1.477272727272727e-01, 7.102272727272727e-03, 5.613785607012047e-09, -6.088609067170042e-11
1.704545454545454e-01, 7.102272727272727e-03, 5.613785607012047e-09, -6.088609067170042e-11
1.931818181818182e-01, 7.102272727272727e-03, 5.613785607012047e-09, -6.088609067170042e-11
2.159090909090909e-01, 7.102272727272727e-03, 5.613785607012047e-09, -6.088609067170042e-11
2.386363636363636e-01, 7.102272727272727e-03, 5.613785607012047e-09, -6.088609067170042e-11
2.613636363636364e-01, 7.102272727272727e-03, 5.878555560002415e-09, 2.561920953834070e-10
2.840909090909091e-01, 7.102272727272727e-03, 5.878555560002415e-09, 2.561920953834070e-10
3.068181818181818e-01, 7.102272727272727e-03, 5.878555560002415e-09, 2.561920953834070e-10
3.295454545454545e-01, 7.102272727272727e-03, 5.878555560002415e-09, 2.561920953834070e-10
3.522727272727273e-01, 7.102272727272727e-03, 5.878555560002415e-09, 2.561920953834070e-10
3.750000000000000e-01, 7.102272727272727e-03, 4.457000219469618e-09, 3.501670887122173e-10
3.977272727272727e-01, 7.102272727272727e-03, 3.122796685746380e-09, 4.383675017428654e-10
4.204545454545455e-01, 7.102272727272727e-03, 3.122796685746380e-09, 4.383675017428654e-10
4.431818181818182e-01, 7.102272727272727e-03, 3.122796685746380e-09, 4.383675017428654e-10
4.659090909090909e-01, 7.102272727272727e-03, 3.122796685746380e-09, 4.383675017428654e-10
4.886363636363636e-01, 7.102272727272727e-03, 3.122796685746380e-09, 4.383675017428654e-10
5.113636363636364e-01, 7.102272727272727e-03, -1.289120296720064e-09, 5.009728591776120e-10
5.340909090909091e-01, 7.102272727272727e-03, -1.289120296720064e-09, 5.009728591776120e-10
5.568181818181818e-01, 7.102272727272727e-03, -1.289120296720064e-09, 5.009728591776120e-10
5.795454545454546e-01, 7.102272727272727e-03, -1.289120296720064e-09, 5.009728591776120e-10
6.022727272727273e-01, 7.102272727272727e-03, -1.289120296720064e-09, 5.009728591776120e-10
6.250000000000000e-01, 7.102272727272727e-03, -3.448294661916545e-09, 4.964487522205642e-10
6.477272727272727e-01, 7.102272727272727e-03, -5.606578461095475e-09, 4.919265112619189e-10
6.704545454545454e-01, 7.102272727272727e-03, -5.606578461095475e-09, 4.919265112619189e-10
6.931818181818182e-01, 7.102272727272727e-03, -5.606578461095475e-09, 4.919265112619189e-10
7.159090909090909e-01, 7.102272727272727e-03, -5.606578461095475e-09, 4.919265112619189e-10
7.386363636363636e-01, 7.102272727272727e-03, -5.606578461095475e-09, 4.919265112619189e-10
7.613636363636364e-01, 7.102272727272727e-03, -7.687595682690982e-09, 4.347904350809753e-10
7.840909090909091e-01, 7.102272727272727e-03, -7.687595682690982e-09, 4.347904350809753e-10
8.068181818181818e-01, 7.102272727272727e-03, -7.687595682690982e-09, 4.347904350809753e-10
8.295454545454546e-01, 7.102272727272727e-03, -7.687595682690982e-09, 4.347904350809753e-10
8.522727272727273e-01, 7.102272727272727e-03, -7.687595682690982e-09, 4.347904350809753e-10
8.750000000000000e-01, 7.102272727272727e-03, -6.296298473766973e-09, 4.031395331190753e-10
8.977272727272727e-01, 7.102272727272727e-03, -5.398554312138360e-09, 3.827165693811187e-10
9.204545454545454e-01, 7.102272727272727e-03, -5.398554312138360e-09, 3.827165693811187e-10
9.431818181818182e-01, 7.102272727272727e-03, -5.398554312138360e-09, 3.827165693811187e-10
9.659090909090909e-01, 7.102272727272727e-03, -5.398554312138360e-09, 3.827165693811187e-10
9.886363636363636e-01, 7.102272727272727e-03, -5.398554312138360e-09, 3.827165693811187e-10
1.136363636363636e-02, 2.130681818181818e-02, 0.000000000000000e+00, 0.000000000000000e+00
3.409090909090909e-02, 2.130681818181818e-02, 0.000000000000000e+00, 0.000000000000000e+00
5.681818181818182e-02, 2.130681818181818e-02, 0.000000000000000e+00, 0.000000000000000e+00
7.954545454545454e-02, 2.130681818181818e-02, 0.000000000000000e+00, 0.000000000000000e+00
1.022727272727273e-01, 2.130681818181818e-02, 0.000000000000000e+00, 0.000000000000000e+00
1.250000000000000e-01, 2.130681818181818e-02, 1.222761721234508e-08, -1.326184971082188e-10
1.477272727272727e-01, 2.130681818181818e-02, 1.684135682103614e-08, -1.826582720151012e-10
1.704545454545454e-01, 2.130681818181818e-02, 1.684135682103614e-08, -1.826582720151012e-10
1.931818181818182e-01, 2.130681818181818e-02, 1.684135682103614e-08, -1.826582720151012e-10
2.159090909090909e-01, 2.130681818181818e-02, 1.684135682103614e-08, -1.826582720151012e-10
2.386363636363636e-01, 2.130681818181818e-02, 1.693001114114400e-08, -7.648931028714230e-11
2.613636363636364e-01, 2.130681818181818e-02, 1.763566668000724e-08, 7.685762861502209e-10
2.840909090909091e-01, 2.130681818181818e-02, 1.763566668000724e-08, 7.685762861502209e-10
3.068181818181818e-01, 2.130681818181818e-02, 1.763566668000724e-08, 7.685762861502209e-10
3.295454545454545e-01, 2.130681818181818e-02, 1.763566668000724e-08, 7.685762861502209e-10
3.522727272727273e-01, 2.130681818181818e-02, 1.763566668000724e-08, 7.685762861502209e-10
3.750000000000000e-01, 2.130681818181818e-02, 1.337100065840885e-08, 1.050501266136652e-09
3.977272727272727e-01, 2.130681818181818e-02, 9.368390057239140e-09, 1.315102505228596e-09
4.204545454545455e-01, 2.130681818181818e-02, 9.368390057239140e-09, 1.315102505228596e-09
4.431818181818182e-01, 2.130681818181818e-02, 9.368390057239140e-09, 1.315102505228596e-09
4.659090909090909e-01, 2.130681818181818e-02, 9.368390057239140e-09, 1.315102505228596e-09
4.886363636363636e-01, 2.130681818181818e-02, 8.633002123477451e-09, 1.325537702588228e-09
5.113636363636364e-01, 2.130681818181818e-02, -3.178729475702250e-09, 1.493146857889364e-09
5.340909090909091e-01, 2.130681818181818e-02, -3.867360890160191e-09, 1.502918577532836e-09
5.568181818181818e-01, 2.130681818181818e-02, -3.867360890160191e-09, 1.502918577532836e-09
5.795454545454546e-01, 2.130681818181818e-02, -3.867360890160191e-09, 1.502918577532836e-09
6.022727272727273e-01, 2.130681818181818e-02, -3.867360890160191e-09, 1.502918577532836e-09
6.250000000000000e-01, 2.130681818181818e-02, -1.034488398574963e-08, 1.489346256661693e-09
6.477272727272727e-01, 2.130681818181818e-02, -1.681973538328643e-08, 1.475779533785757e-09
6.704545454545454e-01, 2.130681818181818e-02, -1.681973538328643e-08, 1.475779533785757e-09
6.931818181818182e-01, 2.130681818181818e-02, -1.681973538328643e-08, 1.475779533785757e-09
7.159090909090909e-01, 2.130681818181818e-02, -1.681973538328643e-08, 1.475779533785757e-09
7.386363636363636e-01, 2.130681818181818e-02, -1.730281824018878e-08, 1.462516088088503e-09
7.613636363636364e-01, 2.130681818181818e-02, -2.283744212993328e-08, 1.310558339293487e-09
7.840909090909091e-01, 2.130681818181818e-02, -2.306278704807294e-08, 1.304371305242926e-09
8.068181818181818e-01, 2.130681818181818e-02, -2.306278704807294e-08, 1.304371305242926e-09
8.295454545454546e-01, 2.130681818181818e-02, -2.306278704807294e-08, 1.304371305242926e-09
8.522727272727273e-01, 2.130681818181818e-02, -2.306278704807294e-08, 1.304371305242926e-09
8.750000000000000e-01, 2.130681818181818e-02, -1.888889542130092e-08, 1.209418599357226e-09
8.977272727272727e-01, 2.130681818181818e-02, -1.619566293641508e-08, 1.148149708143356e-09
9.204545454545454e-01, 2.130681818181818e-02, -1.619566293641508e-08, 1.148149708143356e-09
9.431818181818182e-01, 2.130681818181818e-02, -1.619566293641508e-08, 1.148149708143356e-09
9.659090909090909e-01, 2.130681818181818e-02, -1.619566293641508e-08, 1.148149708143356e-09
9.886363636363636e-01, 2.130681818181818e-02, -8.566892881622138e-09, 6.073277519016504e-10
1.136363636363636e-02, 3.551136363636364e-02, 0.000000000000000e+00, 0.000000000000000e+00
3.409090909090909e-02, 3.551136363636364e-02, 0.000000000000000e+00, 0.000000000000000e+00
5.681818181818182e-02, 3.551136363636364e-02, 0.000000000000000e+00, 0.000000000000000e+00
7.954545454545454e-02, 3.551136363636364e-02, 0.000000000000000e+00, 0.000000000000000e+00
1.022727272727273e-01, 3.551136363636364e-02, 7.336570327407037e-09, -7.957109826493115e-11
1.250000000000000e-01, 3.551136363636364e-02, 2.037936202057514e-08, -2.210308285136981e-10
1.477272727272727e-01, 3.551136363636364e-02, 2.806892803506023e-08, -3.044304533585022e-10
1.704545454545454e-01, 3.551136363636364e-02, 2.806892803506023e-08, -3.044304533585022e-10
1.931818181818182e-01, 3.551136363636364e-02, 2.806892803506023e-08, -3.044304533585022e-10
2.159090909090909e-01, 3.551136363636364e-02, 2.806892803506023e-08, -3.044304533585022e-10
2.386363636363636e-01, 3.551136363636364e-02, 2.845465299584414e-08, 1.574987402686443e-10
2.613636363636364e-01, 3.551136363636364e-02, 2.916855627765657e-08, 1.012441512510288e-09
2.840909090909091e-01, 3.551136363636364e-02, 2.939277780001207e-08, 1.280960476917035e-09
3.068181818181818e-01, 3.551136363636364e-02, 2.939277780001207e-08, 1.280960476917035e-09
3.295454545454545e-01, 3.551136363636364e-02, 2.939277780001207e-08, 1.280960476917035e-09
3.522727272727273e-01, 3.551136363636364e-02, 2.939277780001207e-08, 1.280960476917035e-09
3.750000000000000e-01, 3.551136363636364e-02, 2.228500109734809e-08, 1.750835443561087e-09
3.977272727272727e-01, 3.551136363636364e-02, 1.561398342873190e-08, 2.191837508714327e-09
4.204545454545455e-01, 3.551136363636364e-02, 1.561398342873190e-08, 2.191837508714327e-09
4.431818181818182e-01, 3.551136363636364e-02, 1.561398342873190e-08, 2.191837508714327e-09
4.659090909090909e-01, 3.551136363636364e-02, 1.561398342873190e-08, 2.191837508714327e-09
4.886363636363636e-01, 3.551136363636364e-02, 1.045109300606918e-08, 2.265099222747426e-09
5.113636363636364e-01, 3.551136363636364e-02, -1.360638593110516e-09, 2.432708378048562e-09
5.340909090909091e-01, 3.551136363636364e-02, -6.445601483600319e-09, 2.504864295888060e-09
5.568181818181818e-01, 3.551136363636364e-02, -6.445601483600319e-09, 2.504864295888060e-09
5.795454545454546e-01, 3.551136363636364e-02, -6.445601483600319e-09, 2.504864295888060e-09
6.022727272727273e-01, 3.551136363636364e-02, -6.445601483600319e-09, 2.504864295888060e-09
6.250000000000000e-01, 3.551136363636364e-02, -1.724147330958273e-08, 2.482243761102822e-09
6.477272727272727e-01, 3.551136363636364e-02, -2.803289230547738e-08, 2.459632556309594e-09
6.704545454545454e-01, 3.551136363636364e-02, -2.803289230547738e-08, 2.459632556309594e-09
6.931818181818182e-01, 3.551136363636364e-02, -2.803289230547738e-08, 2.459632556309594e-09
7.159090909090909e-01, 3.551136363636364e-02, -2.803289230547738e-08, 2.459632556309594e-09
7.386363636363636e-01, 3.551136363636364e-02, -3.068290503022948e-08, 2.386874230549168e-09
7.613636363636364e-01, 3.551136363636364e-02, -3.621752891997398e-08, 2.234916481754151e-09
7.840909090909091e-01, 3.551136363636364e-02, -3.843797841345492e-08, 2.173952175404877e-09
8.068181818181818e-01, 3.551136363636364e-02, -3.843797841345492e-08, 2.173952175404877e-09
8.295454545454546e-01, 3.551136363636364e-02, -3.843797841345492e-08, 2.173952175404877e-09
8.522727272727273e-01, 3.551136363636364e-02, -3.796675455098063e-08, 2.163232208328385e-09
8.750000000000000e-01, 3.551136363636364e-02, -3.148149236883487e-08, 2.015697665595377e-09
8.977272727272727e-01, 3.551136363636364e-02, -2.699277156069180e-08, 1.913582846905594e-09
9.204545454545454e-01, 3.551136363636364e-02, -2.699277156069180e-08, 1.913582846905594e-09
9.431818181818182e-01, 3.551136363636364e-02, -2.699277156069180e-08, 1.913582846905594e-09
9.659090909090909e-01, 3.551136363636364e-02, -2.570067864486641e-08, 1.821983255704951e-09
9.886363636363636e-01, 3.551136363636364e-02, -8.566892881622138e-09, 6.073277519016504e-10
1.136363636363636e-02, 4.971590909090909e-02, 0.000000000000000e+00, 0.000000000000000e+00
3.409090909090909e-02, 4.971590909090909e-02, 0.000000000000000e+00, 0.000000000000000e+00
5.681818181818182e-02, 4.971590909090909e-02, 0.000000000000000e+00, 0.000000000000000e+00
7.954545454545454e-02, 4.971590909090909e-02, 2.445523442468979e-09, -2.652369942164335e-11
1.022727272727273e-01, 4.971590909090909e-02, 1.548831513563709e-08, -1.679834296704103e-10
1.250000000000000e-01, 4.971590909090909e-02, 2.853110682880519e-08, -3.094431599191773e-10
1.477272727272727e-01, 4.971590909090909e-02, 3.929649924908432e-08, -4.262026347019030e-10
1.704545454545454e-01, 4.971590909090909e-02, 3.929649924908432e-08, -4.262026347019030e-10
1.931818181818182e-01, 4.971590909090909e-02, 3.929649924908432e-08, -4.262026347019030e-10
2.159090909090909e-01, 4.971590909090909e-02, 3.929649924908432e-08, -4.262026347019030e-10
2.386363636363636e-01, 4.971590909090909e-02, 3.997929485054428e-08, 3.914867908244306e-10
2.613636363636364e-01, 4.971590909090909e-02, 4.069319813235671e-08, 1.246429563066074e-09
2.840909090909091e-01, 4.971590909090909e-02, 4.114988892001690e-08, 1.793344667683849e-09
3.068181818181818e-01, 4.971590909090909e-02, 4.114988892001690e-08, 1.793344667683849e-09
3.295454545454545e-01, 4.971590909090909e-02, 4.114988892001690e-08, 1.793344667683849e-09
3.522727272727273e-01, 4.971590909090909e-02, 3.859472506912916e-08, 1.962259305752879e-09
3.750000000000000e-01, 4.971590909090909e-02, 3.119900153628732e-08, 2.451169620985521e-09
3.977272727272727e-01, 4.971590909090909e-02, 2.380327800344549e-08, 2.940079936218164e-09
4.204545454545455e-01, 4.971590909090909e-02, 2.185957680022466e-08, 3.068572512200058e-09
4.431818181818182e-01, 4.971590909090909e-02, 2.185957680022466e-08, 3.068572512200058e-09
4.659090909090909e-01, 4.971590909090909e-02, 2.185957680022466e-08, 3.068572512200058e-09
4.886363636363636e-01, 4.971590909090909e-02, 1.226918388866092e-08, 3.204660742906623e-09
5.113636363636364e-01, 4.971590909090909e-02, 4.574522894812179e-10, 3.372269898207759e-09
5.340909090909091e-01, 4.971590909090909e-02, -9.023842077040445e-09, 3.506810014243283e-09
5.568181818181818e-01, 4.971590909090909e-02, -9.023842077040445e-09, 3.506810014243283e-09
5.795454545454546e-01, 4.971590909090909e-02, -9.023842077040445e-09, 3.506810014243283e-09
6.022727272727273e-01, 4.971590909090909e-02, -1.254937606016487e-08, 3.499422980996939e-09
6.250000000000000e-01, 4.971590909090909e-02, -2.413806263341582e-08, 3.475141265543950e-09
6.477272727272727e-01, 4.971590909090909e-02, -3.572674920666676e-08, 3.450859550090961e-09
6.704545454545454e-01, 4.971590909090909e-02, -3.924604922766833e-08, 3.443485578833432e-09
6.931818181818182e-01, 4.971590909090909e-02, -3.924604922766833e-08, 3.443485578833432e-09
7.159090909090909e-01, 4.971590909090909e-02, -3.924604922766833e-08, 3.443485578833432e-09
7.386363636363636e-01, 4.971590909090909e-02, -4.406299182027016e-08, 3.311232373009831e-09
7.613636363636364e-01, 4.971590909090909e-02, -4.959761571001466e-08, 3.159274624214814e-09
7.840909090909091e-01, 4.971590909090909e-02, -5.381316977883687e-08, 3.043533045566827e-09
8.068181818181818e-01, 4.971590909090909e-02, -5.381316977883687e-08, 3.043533045566827e-09
8.295454545454546e-01, 4.971590909090909e-02, -5.381316977883687e-08, 3.043533045566827e-09
8.522727272727273e-01, 4.971590909090909e-02, -5.055935149851457e-08, 2.969511274566535e-09
8.750000000000000e-01, 4.971590909090909e-02, -4.407408931636881e-08, 2.821976731833527e-09
8.977272727272727e-01, 4.971590909090909e-02, -3.778988018496851e-08, 2.679015985667831e-09
9.204545454545454e-01, 4.971590909090909e-02, -3.778988018496851e-08, 2.679015985667831e-09
9.431818181818182e-01, 4.971590909090909e-02, -3.778988018496851e-08, 2.679015985667831e-09
9.659090909090909e-01, 4.971590909090909e-02, -2.570067864486641e-08, 1.821983255704951e-09
9.886363636363636e-01, 4.971590909090909e-02, -8.566892881622138e-09, 6.073277519016504e-10
1.136363636363636e-02, 6.392045454545454e-02, 0.000000000000000e+00, 0.000000000000000e+00
3.409090909090909e-02, 6.392045454545454e-02, 0.000000000000000e+00, 0.000000000000000e+00
5.681818181818182e-02, 6.392045454545454e-02, 0.000000000000000e+00, 0.000000000000000e+00
7.954545454545454e-02, 6.392045454545454e-02, 1.059726825069903e-08, -1.149360308271226e-10
1.022727272727273e-01, 6.392045454545454e-02, 2.364005994386714e-08, -2.563957610758896e-10
1.250000000000000e-01, 6.392045454545454e-02, 3.668285163703525e-08, -3.978554913246565e-10
1.477272727272727e-01, 6.392045454545454e-02, 4.972564333020335e-08, -5.393152215734234e-10
1.704545454545454e-01, 6.392045454545454e-02, 5.052407046310841e-08, -5.479748160453038e-10
1.931818181818182e-01, 6.392045454545454e-02, 5.052407046310841e-08, -5.479748160453038e-10
2.159090909090909e-01, 6.392045454545454e-02, 5.079003342343198e-08, -2.294679308614278e-10
2.386363636363636e-01, 6.392045454545454e-02, 5.150393670524442e-08, 6.254748413802172e-10
2.613636363636364e-01, 6.392045454545454e-02, 5.221783998705686e-08, 1.480417613621861e-09
2.840909090909091e-01, 6.392045454545454e-02, 5.290700004002174e-08, 2.305728858450663e-09
3.068181818181818e-01, 6.392045454545454e-02, 5.290700004002174e-08, 2.305728858450663e-09
3.295454545454545e-01, 6.392045454545454e-02, 5.290700004002174e-08, 2.305728858450663e-09
3.522727272727273e-01, 6.392045454545454e-02, 4.750872550806839e-08, 2.662593483177313e-09
3.750000000000000e-01, 6.392045454545454e-02, 4.011300197522656e-08, 3.151503798409956e-09
3.977272727272727e-01, 6.392045454545454e-02, 3.271727844238473e-08, 3.640414113642598e-09
4.204545454545455e-01, 6.392045454545454e-02, 2.810517017171742e-08, 3.945307515685788e-09
4.431818181818182e-01, 6.392045454545454e-02, 2.810517017171742e-08, 3.945307515685788e-09
4.659090909090909e-01, 6.392045454545454e-02, 2.589900637043238e-08, 3.976613107764685e-09
4.886363636363636e-01, 6.392045454545454e-02, 1.408727477125266e-08, 4.144222263065820e-09
5.113636363636364e-01, 6.392045454545454e-02, 2.275543172072953e-09, 4.311831418366957e-09
5.340909090909091e-01, 6.392045454545454e-02, -9.536188427106747e-09, 4.479440573668091e-09
5.568181818181818e-01, 6.392045454545454e-02, -1.160208267048057e-08, 4.508755732598508e-09
5.795454545454546e-01, 6.392045454545454e-02, -1.160208267048057e-08, 4.508755732598508e-09
6.022727272727273e-01, 6.392045454545454e-02, -1.944596538399796e-08, 4.492320485438068e-09
6.250000000000000e-01, 6.392045454545454e-02, -3.103465195724891e-08, 4.468038769985078e-09
6.477272727272727e-01, 6.392045454545454e-02, -4.262333853049986e-08, 4.443757054532089e-09
6.704545454545454e-01, 6.392045454545454e-02, -5.045920614985927e-08, 4.427338601357269e-09
6.931818181818182e-01, 6.392045454545454e-02, -5.045920614985927e-08, 4.427338601357269e-09
7.159090909090909e-01, 6.392045454545454e-02, -5.190845472056635e-08, 4.387548264265511e-09
7.386363636363636e-01, 6.392045454545454e-02, -5.744307861031085e-08, 4.235590515470495e-09
7.613636363636364e-01, 6.392045454545454e-02, -6.297770250005535e-08, 4.083632766675479e-09
7.840909090909091e-01, 6.392045454545454e-02, -6.851232638979985e-08, 3.931675017880463e-09
8.068181818181818e-01, 6.392045454545454e-02, -6.918836114421883e-08, 3.913113915728778e-09
8.295454545454546e-01, 6.392045454545454e-02, -6.918836114421883e-08, 3.913113915728778e-09
8.522727272727273e-01, 6.392045454545454e-02, -6.315194844604852e-08, 3.775790340804685e-09
8.750000000000000e-01, 6.392045454545454e-02, -5.666668626390276e-08, 3.628255798071678e-09
8.977272727272727e-01, 6.392045454545454e-02, -5.018142408175700e-08, 3.480721255338671e-09
9.204545454545454e-01, 6.392045454545454e-02, -4.858698880924523e-08, 3.444449124430068e-09
9.431818181818182e-01, 6.392045454545454e-02, -4.283446440811069e-08, 3.036638759508252e-09
9.659090909090909e-01, 6.392045454545454e-02, -2.570067864486641e-08, 1.821983255704951e-09
9.886363636363636e-01, 6.392045454545454e-02, -8.566892881622138e-09, 6.073277519016504e-10
1.136363636363636e-02, 7.812500000000000e-02, 0.000000000000000e+00, 0.000000000000000e+00
3.409090909090909e-02, 7.812500000000000e-02, 0.000000000000000e+00, 0.000000000000000e+00
5.681818181818182e-02, 7.812500000000000e-02, 5.706221365760985e-09, -6.188863198383488e-11
7.954545454545454e-02, 7.812500000000000e-02, 1.874901305892909e-08, -2.033483622326018e-10
1.022727272727273e-01, 7.812500000000000e-02, 3.179180475209720e-08, -3.448080924813688e-10
1.250000000000000e-01, 7.812500000000000e-02, 4.483459644526530e-08, -4.862678227301356e-10
1.477272727272727e-01, 7.812500000000000e-02, 5.787738813843341e-08, -6.277275529789027e-10
1.704545454545454e-01, 7.812500000000000e-02, 6.175164167713252e-08, -6.697469973887047e-10
1.931818181818182e-01, 7.812500000000000e-02, 6.175164167713252e-08, -6.697469973887047e-10
2.159090909090909e-01, 7.812500000000000e-02, 6.231467527813212e-08, 4.520119694358643e-12
2.386363636363636e-01, 7.812500000000000e-02, 6.302857855994457e-08, 8.594628919360035e-10
2.613636363636364e-01, 7.812500000000000e-02, 6.374248184175699e-08, 1.714405664177647e-09
2.840909090909091e-01, 7.812500000000000e-02, 6.445638512356944e-08, 2.569348436419293e-09
3.068181818181818e-01, 7.812500000000000e-02, 6.466411116002657e-08, 2.818113049217477e-09
3.295454545454545e-01, 7.812500000000000e-02, 6.381844947984947e-08, 2.874017345369104e-09
3.522727272727273e-01, 7.812500000000000e-02, 5.642272594700762e-08, 3.362927660601747e-09
3.750000000000000e-01, 7.812500000000000e-02, 4.902700241416580e-08, 3.851837975834391e-09
3.977272727272727e-01, 7.812500000000000e-02, 4.163127888132396e-08, 4.340748291067033e-09
4.204545454545455e-01, 7.812500000000000e-02, 3.435076354321018e-08, 4.822042519171520e-09
4.431818181818182e-01, 7.812500000000000e-02, 3.435076354321018e-08, 4.822042519171520e-09
4.659090909090909e-01, 7.812500000000000e-02, 2.771709725302411e-08, 4.916174627923882e-09
4.886363636363636e-01, 7.812500000000000e-02, 1.590536565384439e-08, 5.083783783225019e-09
5.113636363636364e-01, 7.812500000000000e-02, 4.093634054664687e-09, 5.251392938526154e-09
5.340909090909091e-01, 7.812500000000000e-02, -7.718097544515019e-09, 5.419002093827291e-09
5.568181818181818e-01, 7.812500000000000e-02, -1.418032326392070e-08, 5.510701450953731e-09
5.795454545454546e-01, 7.812500000000000e-02, -1.475386813458010e-08, 5.509499705332185e-09
6.022727272727273e-01, 7.812500000000000e-02, -2.634255470783105e-08, 5.485217989879195e-09
6.250000000000000e-01, 7.812500000000000e-02, -3.793124128108199e-08, 5.460936274426206e-09
6.477272727272727e-01, 7.812500000000000e-02, -4.951992785433294e-08, 5.436654558973218e-09
6.704545454545454e-01, 7.812500000000000e-02, -6.110861442758390e-08, 5.412372843520228e-09
6.931818181818182e-01, 7.812500000000000e-02, -6.167236307205023e-08, 5.411191623881107e-09
7.159090909090909e-01, 7.812500000000000e-02, -6.528854151060704e-08, 5.311906406726174e-09
7.386363636363636e-01, 7.812500000000000e-02, -7.082316540035154e-08, 5.159948657931158e-09
7.613636363636364e-01, 7.812500000000000e-02, -7.635778929009604e-08, 5.007990909136142e-09
7.840909090909091e-01, 7.812500000000000e-02, -8.189241317984056e-08, 4.856033160341126e-09
8.068181818181818e-01, 7.812500000000000e-02, -8.456355250960079e-08, 4.782694785890728e-09
8.295454545454546e-01, 7.812500000000000e-02, -8.222980757572822e-08, 4.729603949775843e-09
8.522727272727273e-01, 7.812500000000000e-02, -7.574454539358246e-08, 4.582069407042836e-09
8.750000000000000e-01, 7.812500000000000e-02, -6.925928321143670e-08, 4.434534864309829e-09
8.977272727272727e-01, 7.812500000000000e-02, -6.277402102929094e-08, 4.287000321576822e-09
9.204545454545454e-01, 7.812500000000000e-02, -5.938409743352196e-08, 4.209882263192306e-09
9.431818181818182e-01, 7.812500000000000e-02, -4.283446440811069e-08, 3.036638759508252e-09
9.659090909090909e-01, 7.812500000000000e-02, -2.570067864486641e-08, 1.821983255704951e-09
9.886363636363636e-01, 7.812500000000000e-02, -8.566892881622138e-09, 6.073277519016504e-10
1.136363636363636e-02, 9.232954545454546e-02, 0.000000000000000e+00, 0.000000000000000e+00
3.409090909090909e-02, 9.232954545454546e-02, 8.151744808229331e-10, -8.841233140547136e-12
5.681818181818182e-02, 9.232954545454546e-02, 1.385796617399104e-08, -1.503009633893141e-10
7.954545454545454e-02, 9.232954545454546e-02, 2.690075786715915e-08, -2.917606936380810e-10
1.022727272727273e-01, 9.232954545454546e-02, 3.994354956032726e-08, -4.332204238868480e-10
1.250000000000000e-01, 9.232954545454546e-02, 5.298634125349536e-08, -5.746801541356149e-10
1.477272727272727e-01, 9.232954545454546e-02, 6.602913294666347e-08, -7.161398843843819e-10
1.704545454545454e-01, 9.232954545454546e-02, 7.297921289115660e-08, -7.915191787321056e-10
1.931818181818182e-01, 9.232954545454546e-02, 7.312541385101982e-08, -6.164346019914999e-10
2.159090909090909e-01, 9.232954545454546e-02, 7.383931713283226e-08, 2.385081702501451e-10
2.386363636363636e-01, 9.232954545454546e-02, 7.455322041464470e-08, 1.093450942491790e-09
2.613636363636364e-01, 9.232954545454546e-02, 7.526712369645714e-08, 1.948393714733433e-09
2.840909090909091e-01, 9.232954545454546e-02, 7.598102697826957e-08, 2.803336486975079e-09
3.068181818181818e-01, 9.232954545454546e-02, 7.642122228003139e-08, 3.330497239984291e-09
3.295454545454545e-01, 9.232954545454546e-02, 7.273244991878871e-08, 3.574351522793539e-09
3.522727272727273e-01, 9.232954545454546e-02, 6.533672638594687e-08, 4.063261838026182e-09
3.750000000000000e-01, 9.232954545454546e-02, 5.794100285310503e-08, 4.552172153258825e-09
3.977272727272727e-01, 9.232954545454546e-02, 5.054527932026319e-08, 5.041082468491468e-09
4.204545454545455e-01, 9.232954545454546e-02, 4.314955578742134e-08, 5.529992783724111e-09
4.431818181818182e-01, 9.232954545454546e-02, 4.059635691470294e-08, 5.698777522657251e-09
4.659090909090909e-01, 9.232954545454546e-02, 2.953518813561585e-08, 5.855736148083080e-09
4.886363636363636e-01, 9.232954545454546e-02, 1.772345653643612e-08, 6.023345303384216e-09
5.113636363636364e-01, 9.232954545454546e-02, 5.911724937256420e-09, 6.190954458685352e-09
5.340909090909091e-01, 9.232954545454546e-02, -5.900006661923284e-09, 6.358563613986488e-09
5.568181818181818e-01, 9.232954545454546e-02, -1.675856385736083e-08, 6.512647169308955e-09
5.795454545454546e-01, 9.232954545454546e-02, -2.165045745841319e-08, 6.502397209773314e-09
6.022727272727273e-01, 9.232954545454546e-02, -3.323914403166414e-08, 6.478115494320325e-09
6.250000000000000e-01, 9.232954545454546e-02, -4.482783060491509e-08, 6.453833778867336e-09
6.477272727272727e-01, 9.232954545454546e-02, -5.641651717816604e-08, 6.429552063414347e-09
6.704545454545454e-01, 9.232954545454546e-02, -6.800520375141700e-08, 6.405270347961357e-09
6.931818181818182e-01, 9.232954545454546e-02, -7.313400441090323e-08, 6.388222297981853e-09
7.159090909090909e-01, 9.232954545454546e-02, -7.866862830064772e-08, 6.236264549186838e-09
7.386363636363636e-01, 9.232954545454546e-02, -8.420325219039223e-08, 6.084306800391822e-09
7.613636363636364e-01, 9.232954545454546e-02, -8.973787608013673e-08, 5.932349051596806e-09
7.840909090909091e-01, 9.232954545454546e-02, -9.527249996988124e-08, 5.780391302801790e-09
8.068181818181818e-01, 9.232954545454546e-02, -9.993874387498277e-08, 5.652275656052680e-09
8.295454545454546e-01, 9.232954545454546e-02, -9.482240452326216e-08, 5.535883016013994e-09
8.522727272727273e-01, 9.232954545454546e-02, -8.833714234111641e-08, 5.388348473280987e-09
8.750000000000000e-01, 9.232954545454546e-02, -8.194661802024883e-08, 5.200006543981574e-09
8.977272727272727e-01, 9.232954545454546e-02, -7.562532703482993e-08, 4.981843047625236e-09
9.204545454545454e-01, 9.232954545454546e-02, -6.214214314099666e-08, 4.303834617340036e-09
9.431818181818182e-01, 9.232954545454546e-02, -4.283446440811069e-08, 3.036638759508252e-09
9.659090909090909e-01, 9.232954545454546e-02, -2.570067864486641e-08, 1.821983255704951e-09
9.886363636363636e-01, 9.232954545454546e-02, -8.566892881622138e-09, 6.073277519016504e-10
1.136363636363636e-02, 1.065340909090909e-01, 0.000000000000000e+00, 0.000000000000000e+00
3.409090909090909e-02, 1.065340909090909e-01, 8.966919289052988e-09, -9.725356454602635e-11
5.681818181818182e-02, 1.065340909090909e-01, 2.200971098222110e-08, -2.387132947947933e-10
7.954545454545454e-02, 1.065340909090909e-01, 3.505250267538920e-08, -3.801730250435602e-10
1.022727272727273e-01, 1.065340909090909e-01, 4.809529436855731e-08, -5.216327552923271e-10
1.250000000000000e-01, 1.065340909090909e-01, 6.113808606172540e-08, -6.630924855410940e-10
1.477272727272727e-01, 1.065340909090909e-01, 7.418087775489352e-08, -8.045522157898610e-10
1.704545454545454e-01, 1.065340909090909e-01, 8.420678410518069e-08, -9.132913600755064e-10
1.931818181818182e-01, 1.065340909090909e-01, 8.465005570571999e-08, -3.824465514357132e-10
2.159090909090909e-01, 1.065340909090909e-01, 8.536395898753241e-08, 4.724962208059317e-10
2.386363636363636e-01, 1.065340909090909e-01, 8.607786226934486e-08, 1.327438993047577e-09
2.613636363636364e-01, 1.065340909090909e-01, 8.679176555115728e-08, 2.182381765289220e-09
2.840909090909091e-01, 1.065340909090909e-01, 8.750566883296973e-08, 3.037324537530867e-09
3.068181818181818e-01, 1.065340909090909e-01, 8.817833340003622e-08, 3.842881430751105e-09
3.295454545454545e-01, 1.065340909090909e-01, 8.164645035772795e-08, 4.274685700217973e-09
3.522727272727273e-01, 1.065340909090909e-01, 7.425072682488610e-08, 4.763596015450618e-09
3.750000000000000e-01, 1.065340909090909e-01, 6.685500329204426e-08, 5.252506330683260e-09
3.977272727272727e-01, 1.065340909090909e-01, 5.945927975920244e-08, 5.741416645915903e-09
4.204545454545455e-01, 1.065340909090909e-01, 5.206355622636058e-08, 6.230326961148547e-09
4.431818181818182e-01, 1.065340909090909e-01, 4.316226215338726e-08, 6.643404215100893e-09
4.659090909090909e-01, 1.065340909090909e-01, 3.134893206925301e-08, 6.820153498652733e-09
4.886363636363636e-01, 1.065340909090909e-01, 1.953560198511872e-08, 6.996902782204572e-09
5.113636363636364e-01, 1.065340909090909e-01, 7.722271900984453e-09, 7.173652065756412e-09
5.340909090909091e-01, 1.065340909090909e-01, -4.091058183149804e-09, 7.350401349308252e-09
5.568181818181818e-01, 1.065340909090909e-01, -1.590438826728406e-08, 7.527150632860092e-09
5.795454545454546e-01, 1.065340909090909e-01, -2.853014515053131e-08, 7.559431662389115e-09
6.022727272727273e-01, 1.065340909090909e-01, -4.011475712881245e-08, 7.550611891132925e-09
6.250000000000000e-01, 1.065340909090909e-01, -5.169936910709359e-08, 7.541792119876734e-09
6.477272727272727e-01, 1.065340909090909e-01, -6.328398108537471e-08, 7.532972348620543e-09
6.704545454545454e-01, 1.065340909090909e-01, -7.486859306365585e-08, 7.524152577364352e-09
6.931818181818182e-01, 1.065340909090909e-01, -8.650662835978468e-08, 7.437459558982024e-09
7.159090909090909e-01, 1.065340909090909e-01, -9.204021718001388e-08, 7.302822099596762e-09
7.386363636363636e-01, 1.065340909090909e-01, -9.757380600024308e-08, 7.168184640211500e-09
7.613636363636364e-01, 1.065340909090909e-01, -1.031073948204723e-07, 7.033547180826238e-09
7.840909090909091e-01, 1.065340909090909e-01, -1.086409836407015e-07, 6.898909721440975e-09
8.068181818181818e-01, 1.065340909090909e-01, -1.129615820649455e-07, 6.570764669101380e-09
8.295454545454546e-01, 1.065340909090909e-01, -1.080300690166895e-07, 6.077227886239149e-09
8.522727272727273e-01, 1.065340909090909e-01, -1.017087780312706e-07, 5.859064389882812e-09
8.750000000000000e-01, 1.065340909090909e-01, -9.538748704585172e-08, 5.640900893526475e-09
8.977272727272727e-01, 1.065340909090909e-01, -8.906619606043280e-08, 5.422737397170137e-09
9.204545454545454e-01, 1.065340909090909e-01, -7.268467245139754e-08, 4.558634752424594e-09
9.431818181818182e-01, 1.065340909090909e-01, -4.800182657856354e-08, 3.161527630129012e-09
9.659090909090909e-01, 1.065340909090909e-01, -2.570067864486641e-08, 1.821983255704951e-09
9.886363636363636e-01, 1.065340909090909e-01, -8.566892881622138e-09, 6.073277519016504e-10
1.136363636363636e-02, 1.207386363636364e-01, 4.075872404114944e-09, -4.420616570273871e-11
3.409090909090909e-02, 1.207386363636364e-01, 1.711866409728304e-08, -1.856658959515056e-10
5.681818181818182e-02, 1.207386363636364e-01, 3.016145579045115e-08, -3.271256262002725e-10
7.954545454545454e-02, 1.207386363636364e-01, 4.320424748361926e-08, -4.685853564490395e-10
1.022727272727273e-01, 1.207386363636364e-01, 5.624703917678737e-08, -6.100450866978065e-10
1.250000000000000e-01, 1.207386363636364e-01, 6.928983086995547e-08, -7.515048169465733e-10
1.477272727272727e-01, 1.207386363636364e-01, 8.234457609989398e-08, -8.809999732761202e-10
1.704545454545454e-01, 1.207386363636364e-01, 9.531352961579822e-08, -9.616992828703814e-10
1.931818181818182e-01, 1.207386363636364e-01, 9.619134375914337e-08, -4.287189699161893e-11
2.159090909090909e-01, 1.207386363636364e-01, 9.691586698289397e-08, 8.794330172851963e-10
2.386363636363636e-01, 1.207386363636364e-01, 9.764039020664454e-08, 1.801737931562012e-09
2.613636363636364e-01, 1.207386363636364e-01, 9.836491343039515e-08, 2.724042845838825e-09
2.840909090909091e-01, 1.207386363636364e-01, 9.908943665414575e-08, 3.646347760115641e-09
3.068181818181818e-01, 1.207386363636364e-01, 9.784522391761046e-08, 4.626522922685501e-09
3.295454545454545e-01, 1.207386363636364e-01, 9.037020620588254e-08, 5.354258180034714e-09
3.522727272727273e-01, 1.207386363636364e-01, 8.296320200480833e-08, 5.865655660093636e-09
3.750000000000000e-01, 1.207386363636364e-01, 7.555619780373418e-08, 6.377053140152560e-09
3.977272727272727e-01, 1.207386363636364e-01, 6.814919360266001e-08, 6.888450620211482e-09
4.204545454545455e-01, 1.207386363636364e-01, 6.074218940158581e-08, 7.399848100270405e-09
4.431818181818182e-01, 1.207386363636364e-01, 4.557394455716652e-08, 8.076755373767524e-09
4.659090909090909e-01, 1.207386363636364e-01, 3.307085457889972e-08, 8.309605250729852e-09
4.886363636363636e-01, 1.207386363636364e-01, 2.125752449476543e-08, 8.486354534281693e-09
5.113636363636364e-01, 1.207386363636364e-01, 9.444194410631168e-09, 8.663103817833532e-09
5.340909090909091e-01, 1.207386363636364e-01, -2.369135673503090e-09, 8.839853101385372e-09
5.568181818181818e-01, 1.207386363636364e-01, -1.595023957410067e-08, 8.992473457651201e-09
5.795454545454546e-01, 1.207386363636364e-01, -3.530724309670438e-08, 9.005765404558287e-09
6.022727272727273e-01, 1.207386363636364e-01, -4.689185507498551e-08, 8.996945633302095e-09
6.250000000000000e-01, 1.207386363636364e-01, -5.847646705326665e-08, 8.988125862045904e-09
6.477272727272727e-01, 1.207386363636364e-01, -7.006107903154780e-08, 8.979306090789713e-09
6.704545454545454e-01, 1.207386363636364e-01, -8.164569100982892e-08, 8.970486319533523e-09
6.931818181818182e-01, 1.207386363636364e-01, -9.745724845148595e-08, 8.781261831806908e-09
7.159090909090909e-01, 1.207386363636364e-01, -1.053966123046689e-07, 8.623623664470756e-09
7.386363636363636e-01, 1.207386363636364e-01, -1.109302011248981e-07, 8.488986205085495e-09
7.613636363636364e-01, 1.207386363636364e-01, -1.164637899451273e-07, 8.354348745700232e-09
7.840909090909091e-01, 1.207386363636364e-01, -1.219973787653565e-07, 8.219711286314968e-09
8.068181818181818e-01, 1.207386363636364e-01, -1.239046737228343e-07, 7.506573453762146e-09
8.295454545454546e-01, 1.207386363636364e-01, -1.214709380422924e-07, 6.518122235784050e-09
8.522727272727273e-01, 1.207386363636364e-01, -1.151496470568735e-07, 6.299958739427714e-09
8.750000000000000e-01, 1.207386363636364e-01, -1.088283560714546e-07, 6.081795243071376e-09
8.977272727272727e-01, 1.207386363636364e-01, -1.025070650860357e-07, 5.863631746715039e-09
9.204545454545454e-01, 1.207386363636364e-01, -8.322720176179843e-08, 4.813434887509152e-09
9.431818181818182e-01, 1.207386363636364e-01, -5.854435588896443e-08, 3.416327765213570e-09
9.659090909090909e-01, 1.207386363636364e-01, -3.386151001613056e-08, 2.019220642917995e-09
9.886363636363636e-01, 1.207386363636364e-01, -9.178664143296674e-09, 6.221135206224202e-10
1.136363636363636e-02, 1.349431818181818e-01, 1.277971592784741e-08, 4.199899918441897e-10
3.409090909090909e-02, 1.349431818181818e-01, 2.585952827854531e-08, 3.155851016867388e-10
5.681818181818182e-02, 1.349431818181818e-01, 3.893934062924321e-08, 2.111802115292879e-10
7.954545454545454e-02, 1.349431818181818e-01, 5.201915297994111e-08, 1.067753213718368e-10
1.022727272727273e-01, 1.349431818181818e-01, 6.509896533063900e-08, 2.370431214385838e-12
1.250000000000000e-01, 1.349431818181818e-01, 7.817877768133690e-08, -1.020344589430650e-10
1.477272727272727e-01, 1.349431818181818e-01, 9.125859003203479e-08, -2.064393491005161e-10
1.704545454545454e-01, 1.349431818181818e-01, 1.031322502843437e-07, -5.292581721216480e-11
1.931818181818182e-01, 1.349431818181818e-01, 1.078087823561931e-07, 7.797245824008721e-10
2.159090909090909e-01, 1.349431818181818e-01, 1.085333055799437e-07, 1.702029496677687e-09
2.386363636363636e-01, 1.349431818181818e-01, 1.092578288036943e-07, 2.624334410954503e-09
2.613636363636364e-01, 1.349431818181818e-01, 1.099823520274449e-07, 3.546639325231316e-09
2.840909090909091e-01, 1.349431818181818e-01, 1.107068752511955e-07, 4.468944239508133e-09
3.068181818181818e-01, 1.349431818181818e-01, 1.066056750993257e-07, 5.533099465647059e-09
3.295454545454545e-01, 1.349431818181818e-01, 9.904656766147332e-08, 6.528307821618188e-09
3.522727272727273e-01, 1.349431818181818e-01, 9.163956346039914e-08, 7.039705301677112e-09
3.750000000000000e-01, 1.349431818181818e-01, 8.423255925932496e-08, 7.551102781736035e-09
3.977272727272727e-01, 1.349431818181818e-01, 7.682555505825079e-08, 8.062500261794958e-09
4.204545454545455e-01, 1.349431818181818e-01, 6.903634022570289e-08, 8.582048449398213e-09
4.431818181818182e-01, 1.349431818181818e-01, 5.008043847401873e-08, 9.339728158791090e-09
4.659090909090909e-01, 1.349431818181818e-01, 3.479277708854643e-08, 9.799057002806970e-09
4.886363636363636e-01, 1.349431818181818e-01, 2.297944700441215e-08, 9.975806286358811e-09
5.113636363636364e-01, 1.349431818181818e-01, 1.116611692027788e-08, 1.015255556991065e-08
5.340909090909091e-01, 1.349431818181818e-01, -6.472131638563813e-10, 1.032930485346249e-08
5.568181818181818e-01, 1.349431818181818e-01, -1.830834376784825e-08, 1.042623558092267e-08
5.795454545454546e-01, 1.349431818181818e-01, -4.133276520676446e-08, 1.044996098462231e-08
6.022727272727273e-01, 1.349431818181818e-01, -5.366895302115858e-08, 1.044327937547127e-08
6.250000000000000e-01, 1.349431818181818e-01, -6.525356499943972e-08, 1.043445960421507e-08
6.477272727272727e-01, 1.349431818181818e-01, -7.683817697772086e-08, 1.042563983295888e-08
6.704545454545454e-01, 1.349431818181818e-01, -8.899506487069527e-08, 1.039239550382098e-08
6.931818181818182e-01, 1.349431818181818e-01, -1.061254020897443e-07, 1.014688590574961e-08
7.159090909090909e-01, 1.349431818181818e-01, -1.187530074293239e-07, 9.944425229344748e-09
7.386363636363636e-01, 1.349431818181818e-01, -1.242865962495532e-07, 9.809787769959487e-09
7.613636363636364e-01, 1.349431818181818e-01, -1.298201850697823e-07, 9.675150310574224e-09
7.840909090909091e-01, 1.349431818181818e-01, -1.353537738900116e-07, 9.540512851188963e-09
8.068181818181818e-01, 1.349431818181818e-01, -1.348477653807230e-07, 8.442382238422912e-09
8.295454545454546e-01, 1.349431818181818e-01, -1.335804875410247e-07, 7.222806809436434e-09
8.522727272727273e-01, 1.349431818181818e-01, -1.285905160824764e-07, 6.740853088972615e-09
8.750000000000000e-01, 1.349431818181818e-01, -1.222692250970575e-07, 6.522689592616277e-09
8.977272727272727e-01, 1.349431818181818e-01, -1.159479341116386e-07, 6.304526096259940e-09
9.204545454545454e-01, 1.349431818181818e-01, -9.376973107219932e-08, 5.068235022593712e-09
9.431818181818182e-01, 1.349431818181818e-01, -6.908688519936532e-08, 3.671127900298129e-09
9.659090909090909e-01, 1.349431818181818e-01, -4.440403932653145e-08, 2.274020778002554e-09
9.886363636363636e-01, 1.349431818181818e-01, -1.766157068825758e-08, 8.271350737930921e-10
1.136363636363636e-02, 1.491477272727273e-01, 1.514876674253263e-08, 5.992659508479910e-10
3.409090909090909e-02, 1.491477272727273e-01, 3.477354221068609e-08, 9.901457258623420e-10
5.681818181818182e-02, 1.491477272727273e-01, 4.785335456138400e-08, 8.857408357048912e-10
7.954545454545454e-02, 1.491477272727273e-01, 6.093316691208190e-08, 7.813359455474405e-10
1.022727272727273e-01, 1.491477272727273e-01, 7.401297926277979e-08, 6.769310553899894e-10
1.250000000000000e-01, 1.491477272727273e-01, 8.709279161347770e-08, 5.725261652325383e-10
1.477272727272727e-01, 1.491477272727273e-01, 1.001726039641756e-07, 4.681212750750875e-10
1.704545454545454e-01, 1.491477272727273e-01, 1.109509709528892e-07, 8.558476484460513e-10
1.931818181818182e-01, 1.491477272727273e-01, 1.194262209532429e-07, 1.602321061793363e-09
2.159090909090909e-01, 1.491477272727273e-01, 1.201507441769935e-07, 2.524625976070178e-09
2.386363636363636e-01, 1.491477272727273e-01, 1.208752674007440e-07, 3.446930890346992e-09
2.613636363636364e-01, 1.491477272727273e-01, 1.215997906244946e-07, 4.369235804623807e-09
2.840909090909091e-01, 1.491477272727273e-01, 1.223243138482452e-07, 5.291540718900622e-09
3.068181818181818e-01, 1.491477272727273e-01, 1.153661262810409e-07, 6.439676008608614e-09
3.295454545454545e-01, 1.491477272727273e-01, 1.077528873034666e-07, 7.607066286556533e-09
3.522727272727273e-01, 1.491477272727273e-01, 1.003159249159899e-07, 8.213754943260584e-09
3.750000000000000e-01, 1.491477272727273e-01, 9.290892071491574e-08, 8.725152423319508e-09
3.977272727272727e-01, 1.491477272727273e-01, 8.550191651384157e-08, 9.236549903378431e-09
4.204545454545455e-01, 1.491477272727273e-01, 7.354283414255509e-08, 9.845021234421781e-09
4.431818181818182e-01, 1.491477272727273e-01, 5.458693239087094e-08, 1.060270094381466e-08
4.659090909090909e-01, 1.491477272727273e-01, 3.651469959819314e-08, 1.128850875488409e-08
4.886363636363636e-01, 1.491477272727273e-01, 2.470136951405886e-08, 1.146525803843593e-08
5.113636363636364e-01, 1.491477272727273e-01, 1.288803942992459e-08, 1.164200732198777e-08
5.340909090909091e-01, 1.491477272727273e-01, 1.074709345790330e-09, 1.181875660553961e-08
5.568181818181818e-01, 1.491477272727273e-01, -2.066644796159582e-08, 1.185999770419414e-08
5.795454545454546e-01, 1.491477272727273e-01, -4.369086940051204e-08, 1.188372310789378e-08
6.022727272727273e-01, 1.491477272727273e-01, -6.044605096733164e-08, 1.188961311764043e-08
6.250000000000000e-01, 1.491477272727273e-01, -7.203066294561280e-08, 1.188079334638424e-08
6.477272727272727e-01, 1.491477272727273e-01, -8.361527492389392e-08, 1.187197357512805e-08
6.704545454545454e-01, 1.491477272727273e-01, -9.766321850895358e-08, 1.175801957776368e-08
6.931818181818182e-01, 1.491477272727273e-01, -1.147935557280026e-07, 1.151250997969232e-08
7.159090909090909e-01, 1.491477272727273e-01, -1.319238929470515e-07, 1.126700038162096e-08
7.386363636363636e-01, 1.491477272727273e-01, -1.376429913742082e-07, 1.113058933483348e-08
7.613636363636364e-01, 1.491477272727273e-01, -1.431765801944374e-07, 1.099595187544821e-08
7.840909090909091e-01, 1.491477272727273e-01, -1.470581348783101e-07, 1.059776645207015e-08
8.068181818181818e-01, 1.491477272727273e-01, -1.457908570386118e-07, 9.378191023083677e-09
8.295454545454546e-01, 1.491477272727273e-01, -1.445235791989134e-07, 8.158615594097198e-09
8.522727272727273e-01, 1.491477272727273e-01, -1.420313851080793e-07, 7.181747438517515e-09
8.750000000000000e-01, 1.491477272727273e-01, -1.357100941226604e-07, 6.963583942161178e-09
8.977272727272727e-01, 1.491477272727273e-01, -1.289951062554341e-07, 6.720142279973844e-09
9.204545454545454e-01, 1.491477272727273e-01, -1.043122603826002e-07, 5.323035157678270e-09
9.431818181818182e-01, 1.491477272727273e-01, -7.962941450976618e-08, 3.925928035382687e-09
9.659090909090909e-01, 1.491477272727273e-01, -5.298471206477275e-08, 2.481405221379276e-09
9.886363636363636e-01, 1.491477272727273e-01, -1.766157068825758e-08, 8.271350737930921e-10
1.136363636363636e-02, 1.633522727272727e-01, 1.514876674253263e-08, 5.992659508479910e-10
3.409090909090909e-02, 1.633522727272727e-01, 4.368755614282691e-08, 1.664706350037947e-09
5.681818181818182e-02, 1.633522727272727e-01, 5.676736849352481e-08, 1.560301459880496e-09
7.954545454545454e-02, 1.633522727272727e-01, 6.984718084422271e-08, 1.455896569723045e-09
1.022727272727273e-01, 1.633522727272727e-01, 8.292699319492060e-08, 1.351491679565594e-09
1.250000000000000e-01, 1.633522727272727e-01, 9.600680554561850e-08, 1.247086789408143e-09
1.477272727272727e-01, 1.633522727272727e-01, 1.090866178963164e-07, 1.142681899250692e-09
1.704545454545454e-01, 1.633522727272727e-01, 1.187696916214347e-07, 1.764621114104269e-09
1.931818181818182e-01, 1.633522727272727e-01, 1.279446106110881e-07, 2.495221970969036e-09
2.159090909090909e-01, 1.633522727272727e-01, 1.317681827740432e-07, 3.347222455462669e-09
2.386363636363636e-01, 1.633522727272727e-01, 1.324927059977938e-07, 4.269527369739484e-09
2.613636363636364e-01, 1.633522727272727e-01, 1.332172292215444e-07, 5.191832284016298e-09
2.840909090909091e-01, 1.633522727272727e-01, 1.317398164403306e-07, 6.178862273622254e-09
3.068181818181818e-01, 1.633522727272727e-01, 1.241265774627562e-07, 7.346252551570172e-09
3.295454545454545e-01, 1.633522727272727e-01, 1.165133384851818e-07, 8.513642829518090e-09
3.522727272727273e-01, 1.633522727272727e-01, 1.089922863715807e-07, 9.387804584844059e-09
3.750000000000000e-01, 1.633522727272727e-01, 1.015852821705066e-07, 9.899202064902983e-09
3.977272727272727e-01, 1.633522727272727e-01, 9.417827796943237e-08, 1.041059954496191e-08
4.204545454545455e-01, 1.633522727272727e-01, 7.804932805940730e-08, 1.110799401944535e-08
4.431818181818182e-01, 1.633522727272727e-01, 5.909342630772315e-08, 1.186567372883822e-08
4.659090909090909e-01, 1.633522727272727e-01, 4.013752455603901e-08, 1.262335343823110e-08
4.886363636363636e-01, 1.633522727272727e-01, 2.642329202370557e-08, 1.295470979051305e-08
5.113636363636364e-01, 1.633522727272727e-01, 1.460996193957131e-08, 1.313145907406489e-08
5.340909090909091e-01, 1.633522727272727e-01, -1.307164273126157e-13, 1.327003442376598e-08
5.568181818181818e-01, 1.633522727272727e-01, -2.302455215534341e-08, 1.329375982746562e-08
5.795454545454546e-01, 1.633522727272727e-01, -4.604897359425961e-08, 1.331748523116525e-08
6.022727272727273e-01, 1.633522727272727e-01, -6.722314891350473e-08, 1.333594685980961e-08
6.250000000000000e-01, 1.633522727272727e-01, -7.880776089178587e-08, 1.332712708855342e-08
6.477272727272727e-01, 1.633522727272727e-01, -9.039237287006699e-08, 1.331830731729723e-08
6.704545454545454e-01, 1.633522727272727e-01, -1.063313721472119e-07, 1.312364365170639e-08
6.931818181818182e-01, 1.633522727272727e-01, -1.234617093662609e-07, 1.287813405363503e-08
7.159090909090909e-01, 1.633522727272727e-01, -1.405920465853098e-07, 1.263262445556367e-08
7.386363636363636e-01, 1.633522727272727e-01, -1.509993864988632e-07, 1.245139089970747e-08
7.613636363636364e-01, 1.633522727272727e-01, -1.565329753190924e-07, 1.231675344032221e-08
7.840909090909091e-01, 1.633522727272727e-01, -1.580012265361989e-07, 1.153357523673092e-08
8.068181818181818e-01, 1.633522727272727e-01, -1.567339486965005e-07, 1.031399980774444e-08
8.295454545454546e-01, 1.633522727272727e-01, -1.554666708568022e-07, 9.094424378757964e-09
8.522727272727273e-01, 1.633522727272727e-01, -1.541993930171038e-07, 7.874848949771491e-09
8.750000000000000e-01, 1.633522727272727e-01, -1.491509631482633e-07, 7.404478291706079e-09
8.977272727272727e-01, 1.633522727272727e-01, -1.395376355658350e-07, 6.974942415058404e-09
9.204545454545454e-01, 1.633522727272727e-01, -1.148547896930011e-07, 5.577835292762828e-09
9.431818181818182e-01, 1.633522727272727e-01, -8.830785344128791e-08, 4.135675368965460e-09
9.659090909090909e-01, 1.633522727272727e-01, -5.298471206477275e-08, 2.481405221379276e-09
9.886363636363636e-01, 1.633522727272727e-01, -1.766157068825758e-08, 8.271350737930921e-10
1.136363636363636e-02, 1.775568181818182e-01, 1.514876674253263e-08, 5.992659508479910e-10
3.409090909090909e-02, 1.775568181818182e-01, 4.544630022759789e-08, 1.797797852543973e-09
5.681818181818182e-02, 1.775568181818182e-01, 6.568138242566561e-08, 2.234862084056100e-09
7.954545454545454e-02, 1.775568181818182e-01, 7.876119477636349e-08, 2.130457193898649e-09
1.022727272727273e-01, 1.775568181818182e-01, 9.184100712706139e-08, 2.026052303741198e-09
1.250000000000000e-01, 1.775568181818182e-01, 1.049208194777593e-07, 1.921647413583747e-09
1.477272727272727e-01, 1.775568181818182e-01, 1.174134933003267e-07, 1.942793722897719e-09
1.704545454545454e-01, 1.775568181818182e-01, 1.265884122899801e-07, 2.673394579762485e-09
1.931818181818182e-01, 1.775568181818182e-01, 1.357633312796336e-07, 3.403995436627251e-09
2.159090909090909e-01, 1.775568181818182e-01, 1.433856213710930e-07, 4.169818934855160e-09
2.386363636363636e-01, 1.775568181818182e-01, 1.441101445948436e-07, 5.092123849131974e-09
2.613636363636364e-01, 1.775568181818182e-01, 1.448346678185942e-07, 6.014428763408788e-09
2.840909090909091e-01, 1.775568181818182e-01, 1.405002676220458e-07, 7.085438816583812e-09
3.068181818181818e-01, 1.775568181818182e-01, 1.328870286444714e-07, 8.252829094531729e-09
3.295454545454545e-01, 1.775568181818182e-01, 1.252737896668971e-07, 9.420219372479648e-09
3.522727272727273e-01, 1.775568181818182e-01, 1.176686478271715e-07, 1.056185422642754e-08
3.750000000000000e-01, 1.775568181818182e-01, 1.102616436260973e-07, 1.107325170648646e-08
3.977272727272727e-01, 1.775568181818182e-01, 1.015117237279437e-07, 1.161328709507604e-08
4.204545454545455e-01, 1.775568181818182e-01, 8.255582197625951e-08, 1.237096680446892e-08
4.431818181818182e-01, 1.775568181818182e-01, 6.359992022457534e-08, 1.312864651386179e-08
4.659090909090909e-01, 1.775568181818182e-01, 4.464401847289120e-08, 1.388632622325467e-08
4.886363636363636e-01, 1.775568181818182e-01, 2.814521453335228e-08, 1.444416154259017e-08
5.113636363636364e-01, 1.775568181818182e-01, 1.633188444921801e-08, 1.462091082614201e-08
5.340909090909091e-01, 1.775568181818182e-01, -2.358234910174890e-09, 1.470379654703745e-08
5.568181818181818e-01, 1.775568181818182e-01, -2.538265634909099e-08, 1.472752195073709e-08
5.795454545454546e-01, 1.775568181818182e-01, -4.840707778800720e-08, 1.475124735443672e-08
6.022727272727273e-01, 1.775568181818182e-01, -7.143149922692330e-08, 1.477497275813636e-08
6.250000000000000e-01, 1.775568181818182e-01, -8.558485883795894e-08, 1.477346083072259e-08
6.477272727272727e-01, 1.775568181818182e-01, -9.786918856642129e-08, 1.473477732372045e-08
6.704545454545454e-01, 1.775568181818182e-01, -1.149995257854702e-07, 1.448926772564909e-08
6.931818181818182e-01, 1.775568181818182e-01, -1.321298630045192e-07, 1.424375812757773e-08
7.159090909090909e-01, 1.775568181818182e-01, -1.492602002235681e-07, 1.399824852950638e-08
7.386363636363636e-01, 1.775568181818182e-01, -1.643557816235182e-07, 1.377219246458147e-08
7.613636363636364e-01, 1.775568181818182e-01, -1.698893704437474e-07, 1.363755500519620e-08
7.840909090909091e-01, 1.775568181818182e-01, -1.689443181940876e-07, 1.246938402139168e-08
8.068181818181818e-01, 1.775568181818182e-01, -1.676770403543893e-07, 1.124980859240521e-08
8.295454545454546e-01, 1.775568181818182e-01, -1.664097625146909e-07, 1.003023316341873e-08
8.522727272727273e-01, 1.775568181818182e-01, -1.651424846749926e-07, 8.810657734432255e-09
8.750000000000000e-01, 1.775568181818182e-01, -1.625918321738662e-07, 7.845372641250981e-09
8.977272727272727e-01, 1.775568181818182e-01, -1.500801648762359e-07, 7.229742550142962e-09
9.204545454545454e-01, 1.775568181818182e-01, -1.236309948178033e-07, 5.789945516551653e-09
9.431818181818182e-01, 1.775568181818182e-01, -8.830785344128791e-08, 4.135675368965460e-09
9.659090909090909e-01, 1.775568181818182e-01, -5.298471206477275e-08, 2.481405221379276e-09
9.886363636363636e-01, 1.775568181818182e-01, -1.766157068825758e-08, 8.271350737930921e-10
1.136363636363636e-02, 1.917613636363636e-01, 1.514876674253263e-08, 5.992659508479910e-10
3.409090909090909e-02, 1.917613636363636e-01, 4.544630022759789e-08, 1.797797852543973e-09
5.681818181818182e-02, 1.917613636363636e-01, 7.459539635780642e-08, 2.909422708231705e-09
7.954545454545454e-02, 1.917613636363636e-01, 8.767520870850430e-08, 2.805017818074254e-09
1.022727272727273e-01, 1.917613636363636e-01, 1.007550210592022e-07, 2.700612927916803e-09
1.250000000000000e-01, 1.917613636363636e-01, 1.138348334099001e-07, 2.596208037759351e-09
1.477272727272727e-01, 1.917613636363636e-01, 1.252322139688722e-07, 2.851567188555938e-09
1.704545454545454e-01, 1.917613636363636e-01, 1.344071329585256e-07, 3.582168045420703e-09
1.931818181818182e-01, 1.917613636363636e-01, 1.435820519481791e-07, 4.312768902285470e-09
2.159090909090909e-01, 1.917613636363636e-01, 1.527569709378325e-07, 5.043369759150234e-09
2.386363636363636e-01, 1.917613636363636e-01, 1.557275831918933e-07, 5.914720328524468e-09
2.613636363636364e-01, 1.917613636363636e-01, 1.564521064156439e-07, 6.837025242801280e-09
2.840909090909091e-01, 1.917613636363636e-01, 1.492607188037610e-07, 7.992015359545369e-09
3.068181818181818e-01, 1.917613636363636e-01, 1.416474798261867e-07, 9.159405637493286e-09
3.295454545454545e-01, 1.917613636363636e-01, 1.340342408486123e-07, 1.032679591544121e-08
3.522727272727273e-01, 1.917613636363636e-01, 1.264210018710380e-07, 1.149418619338913e-08
3.750000000000000e-01, 1.917613636363636e-01, 1.189380050816881e-07, 1.224730134806993e-08
3.977272727272727e-01, 1.917613636363636e-01, 1.060182176447959e-07, 1.287625988009960e-08
4.204545454545455e-01, 1.917613636363636e-01, 8.706231589311172e-08, 1.363393958949249e-08
4.431818181818182e-01, 1.917613636363636e-01, 6.810641414142756e-08, 1.439161929888536e-08
4.659090909090909e-01, 1.917613636363636e-01, 4.915051238974342e-08, 1.514929900827824e-08
4.886363636363636e-01, 1.917613636363636e-01, 3.019461063805922e-08, 1.590697871767112e-08
5.113636363636364e-01, 1.917613636363636e-01, 1.805380695886473e-08, 1.611036257821913e-08
5.340909090909091e-01, 1.917613636363636e-01, -4.716339103922465e-09, 1.613755867030893e-08
5.568181818181818e-01, 1.917613636363636e-01, -2.774076054283856e-08, 1.616128407400856e-08
5.795454545454546e-01, 1.917613636363636e-01, -5.076518198175477e-08, 1.618500947770819e-08
6.022727272727273e-01, 1.917613636363636e-01, -7.378960342067086e-08, 1.620873488140783e-08
6.250000000000000e-01, 1.917613636363636e-01, -9.236195678413201e-08, 1.621979457289176e-08
6.477272727272727e-01, 1.917613636363636e-01, -1.065373422046796e-07, 1.610040139766316e-08
6.704545454545454e-01, 1.917613636363636e-01, -1.236676794237285e-07, 1.585489179959180e-08
6.931818181818182e-01, 1.917613636363636e-01, -1.407980166427775e-07, 1.560938220152044e-08
7.159090909090909e-01, 1.917613636363636e-01, -1.579283538618265e-07, 1.536387260344909e-08
7.386363636363636e-01, 1.917613636363636e-01, -1.750586910808753e-07, 1.511836300537773e-08
7.613636363636364e-01, 1.917613636363636e-01, -1.811546876916748e-07, 1.462476823503892e-08
7.840909090909091e-01, 1.917613636363636e-01, -1.798874098519764e-07, 1.340519280605245e-08
8.068181818181818e-01, 1.917613636363636e-01, -1.786201320122780e-07, 1.218561737706597e-08
8.295454545454546e-01, 1.917613636363636e-01, -1.773528541725797e-07, 1.096604194807949e-08
8.522727272727273e-01, 1.917613636363636e-01, -1.760855763328813e-07, 9.746466519093024e-09
8.750000000000000e-01, 1.917613636363636e-01, -1.748182984931830e-07, 8.526891090106550e-09
8.977272727272727e-01, 1.917613636363636e-01, -1.589541361943184e-07, 7.444215664137836e-09
9.204545454545454e-01, 1.917613636363636e-01, -1.236309948178033e-07, 5.789945516551653e-09
9.431818181818182e-01, 1.917613636363636e-01, -8.830785344128791e-08, 4.135675368965460e-09
9.659090909090909e-01, 1.917613636363636e-01, -5.298471206477275e-08, 2.481405221379276e-09
9.886363636363636e-01, 1.917613636363636e-01, -1.766157068825758e-08, 8.271350737930921e-10
1.136363636363636e-02, 2.059659090909091e-01, 1.514876674253263e-08, 5.992659508479910e-10
3.409090909090909e-02, 2.059659090909091e-01, 4.544630022759789e-08, 1.797797852543973e-09
5.681818181818182e-02, 2.059659090909091e-01, 7.574383371266316e-08, 2.996329754239955e-09
7.954545454545454e-02, 2.059659090909091e-01, 9.658922264064510e-08, 3.479578442249857e-09
1.022727272727273e-01, 2.059659090909091e-01, 1.096690349913430e-07, 3.375173552092406e-09
1.250000000000000e-01, 2.059659090909091e-01, 1.227488473420409e-07, 3.270768661934955e-09
1.477272727272727e-01, 2.059659090909091e-01, 1.330509346374177e-07, 3.760340654214153e-09
1.704545454545454e-01, 2.059659090909091e-01, 1.422258536270711e-07, 4.490941511078919e-09
1.931818181818182e-01, 2.059659090909091e-01, 1.514007726167246e-07, 5.221542367943685e-09
2.159090909090909e-01, 2.059659090909091e-01, 1.605756916063780e-07, 5.952143224808452e-09
2.386363636363636e-01, 2.059659090909091e-01, 1.673450217889431e-07, 6.737316807916957e-09
2.613636363636364e-01, 2.059659090909091e-01, 1.656344089630507e-07, 7.731201624559005e-09
2.840909090909091e-01, 2.059659090909091e-01, 1.580211699854763e-07, 8.898591902506926e-09
3.068181818181818e-01, 2.059659090909091e-01, 1.504079310079019e-07, 1.006598218045484e-08
3.295454545454545e-01, 2.059659090909091e-01, 1.427946920303276e-07, 1.123337245840276e-08
3.522727272727273e-01, 2.059659090909091e-01, 1.351814530527532e-07, 1.240076273635068e-08
3.750000000000000e-01, 2.059659090909091e-01, 1.276143665372789e-07, 1.342135098965341e-08
3.977272727272727e-01, 2.059659090909091e-01, 1.105247115616481e-07, 1.413923266512317e-08
4.204545454545455e-01, 2.059659090909091e-01, 9.156880980996391e-08, 1.489691237451605e-08
4.431818181818182e-01, 2.059659090909091e-01, 7.261290805827976e-08, 1.565459208390893e-08
4.659090909090909e-01, 2.059659090909091e-01, 5.365700630659561e-08, 1.641227179330180e-08
4.886363636363636e-01, 2.059659090909091e-01, 3.470110455491143e-08, 1.716995150269468e-08
5.113636363636364e-01, 2.059659090909091e-01, 1.594997814124605e-08, 1.754759538988076e-08
5.340909090909091e-01, 2.059659090909091e-01, -7.074443297670046e-09, 1.757132079358040e-08
5.568181818181818e-01, 2.059659090909091e-01, -3.009886473658614e-08, 1.759504619728004e-08
5.795454545454546e-01, 2.059659090909091e-01, -5.312328617550235e-08, 1.761877160097966e-08
6.022727272727273e-01, 2.059659090909091e-01, -7.614770761441844e-08, 1.764249700467930e-08
6.250000000000000e-01, 2.059659090909091e-01, -9.913905473030508e-08, 1.766612831506092e-08
6.477272727272727e-01, 2.059659090909091e-01, -1.152054958429379e-07, 1.746602547160587e-08
6.704545454545454e-01, 2.059659090909091e-01, -1.323358330619869e-07, 1.722051587353451e-08
6.931818181818182e-01, 2.059659090909091e-01, -1.495768198362457e-07, 1.700701682887529e-08
7.159090909090909e-01, 2.059659090909091e-01, -1.668633319870241e-07, 1.680668812632839e-08
7.386363636363636e-01, 2.059659090909091e-01, -1.841498441378024e-07, 1.660635942378148e-08
7.613636363636364e-01, 2.059659090909091e-01, -1.932185890960829e-07, 1.568254295643796e-08
7.840909090909091e-01, 2.059659090909091e-01, -1.920458548486963e-07, 1.447325571225245e-08
8.068181818181818e-01, 2.059659090909091e-01, -1.908731206013097e-07, 1.326396846806693e-08
8.295454545454546e-01, 2.059659090909091e-01, -1.897003863539230e-07, 1.205468122388140e-08
8.522727272727273e-01, 2.059659090909091e-01, -1.885276521065364e-07, 1.084539397969588e-08
8.750000000000000e-01, 2.059659090909091e-01, -1.873549178591498e-07, 9.636106735510361e-09
8.977272727272727e-01, 2.059659090909091e-01, -1.608125586542042e-07, 7.506807969284677e-09
9.204545454545454e-01, 2.059659090909091e-01, -1.236309948178033e-07, 5.789945516551653e-09
9.431818181818182e-01, 2.059659090909091e-01, -8.830785344128791e-08, 4.135675368965460e-09
9.659090909090909e-01, 2.059659090909091e-01, -5.298471206477275e-08, 2.481405221379276e-09
9.886363636363636e-01, 2.059659090909091e-01, -1.766157068825758e-08, 8.271350737930921e-10
1.136363636363636e-02, 2.201704545454546e-01, 1.514876674253263e-08, 5.992659508479910e-10
3.409090909090909e-02, 2.201704545454546e-01, 4.544630022759789e-08, 1.797797852543973e-09
5.681818181818182e-02, 2.201704545454546e-01, 7.574383371266316e-08, 2.996329754239955e-09
7.954545454545454e-02, 2.201704545454546e-01, 1.055032365727859e-07, 4.154139066425462e-09
1.022727272727273e-01, 2.201704545454546e-01, 1.185830489234838e-07, 4.049734176268011e-09
1.250000000000000e-01, 2.201704545454546e-01, 1.316628612741817e-07, 3.945329286110560e-09
1.477272727272727e-01, 2.201704545454546e-01, 1.408696553059632e-07, 4.669114119872371e-09
1.704545454545454e-01, 2.201704545454546e-01, 1.500445742956166e-07, 5.399714976737136e-09
1.931818181818182e-01, 2.201704545454546e-01, 1.592194932852701e-07, 6.130315833601904e-09
2.159090909090909e-01, 2.201704545454546e-01, 1.683944122749236e-07, 6.860916690466671e-09
2.386363636363636e-01, 2.201704545454546e-01, 1.775693312645770e-07, 7.591517547331438e-09
2.613636363636364e-01, 2.201704545454546e-01, 1.743948601447659e-07, 8.637778167520563e-09
2.840909090909091e-01, 2.201704545454546e-01, 1.667816211671915e-07, 9.805168445468485e-09
3.068181818181818e-01, 2.201704545454546e-01, 1.592370098279082e-07, 1.102157041237622e-08
3.295454545454545e-01, 2.201704545454546e-01, 1.517093047476881e-07, 1.225004629485669e-08
3.522727272727273e-01, 2.201704545454546e-01, 1.441815996674681e-07, 1.347852217733716e-08
3.750000000000000e-01, 2.201704545454546e-01, 1.343800356583113e-07, 1.478904554594868e-08
3.977272727272727e-01, 2.201704545454546e-01, 1.151694369074317e-07, 1.573596416100260e-08
4.204545454545455e-01, 2.201704545454546e-01, 9.622303770066248e-08, 1.651658769124125e-08
4.431818181818182e-01, 2.201704545454546e-01, 7.727663849389326e-08, 1.729721122147990e-08
4.659090909090909e-01, 2.201704545454546e-01, 5.833023928712401e-08, 1.807783475171854e-08
4.886363636363636e-01, 2.201704545454546e-01, 3.938384008035477e-08, 1.885845828195718e-08
5.113636363636364e-01, 2.201704545454546e-01, 1.356812709718624e-08, 1.945961502503676e-08
5.340909090909091e-01, 2.201704545454546e-01, -9.456464877552110e-09, 1.948677499108705e-08
5.568181818181818e-01, 2.201704545454546e-01, -3.248105685229042e-08, 1.951393495713734e-08
5.795454545454546e-01, 2.201704545454546e-01, -5.550564882702889e-08, 1.954109492318764e-08
6.022727272727273e-01, 2.201704545454546e-01, -7.853024080176720e-08, 1.956825488923793e-08
6.250000000000000e-01, 2.201704545454546e-01, -1.027579616417915e-07, 1.949033207147488e-08
6.477272727272727e-01, 2.201704545454546e-01, -1.249498833945960e-07, 1.914300048684701e-08
6.704545454545454e-01, 2.201704545454546e-01, -1.422363955453743e-07, 1.894267178430010e-08
6.931818181818182e-01, 2.201704545454546e-01, -1.595229076961528e-07, 1.874234308175319e-08
7.159090909090909e-01, 2.201704545454546e-01, -1.768094198469311e-07, 1.854201437920629e-08
7.386363636363636e-01, 2.201704545454546e-01, -1.940959319977095e-07, 1.834168567665938e-08
7.613636363636364e-01, 2.201704545454546e-01, -2.060305557614995e-07, 1.693934003125160e-08
7.840909090909091e-01, 2.201704545454546e-01, -2.057417667418711e-07, 1.570862497067907e-08
8.068181818181818e-01, 2.201704545454546e-01, -2.045690324944844e-07, 1.449933772649355e-08
8.295454545454546e-01, 2.201704545454546e-01, -2.033962982470978e-07, 1.329005048230802e-08
8.522727272727273e-01, 2.201704545454546e-01, -2.022235639997112e-07, 1.208076323812250e-08
8.750000000000000e-01, 2.201704545454546e-01, -1.960862496723113e-07, 1.022718288543921e-08
8.977272727272727e-01, 2.201704545454546e-01, -1.708151364011970e-07, 7.843698214699190e-09
9.204545454545454e-01, 2.201704545454546e-01, -1.281883475856677e-07, 5.943438719128155e-09
9.431818181818182e-01, 2.201704545454546e-01, -8.830785344128791e-08, 4.135675368965460e-09
9.659090909090909e-01, 2.201704545454546e-01, -5.298471206477275e-08, 2.481405221379276e-09
9.886363636363636e-01, 2.201704545454546e-01, -1.766157068825758e-08, 8.271350737930921e-10
1.136363636363636e-02, 2.343750000000000e-01, 1.514876674253263e-08, 5.992659508479910e-10
3.409090909090909e-02, 2.343750000000000e-01, 4.544630022759789e-08, 1.797797852543973e-09
5.681818181818182e-02, 2.343750000000000e-01, 7.574383371266316e-08, 2.996329754239955e-09
7.954545454545454e-02, 2.343750000000000e-01, 1.060413671977284e-07, 4.194861655935938e-09
1.022727272727273e-01, 2.343750000000000e-01, 1.274970628556246e-07, 4.724294800443615e-09
1.250000000000000e-01, 2.343750000000000e-01, 1.395134569848552e-07, 4.847286728665822e-09
1.477272727272727e-01, 2.343750000000000e-01, 1.486883759745087e-07, 5.577887585530587e-09
1.704545454545454e-01, 2.343750000000000e-01, 1.578632949641621e-07, 6.308488442395353e-09
1.931818181818182e-01, 2.343750000000000e-01, 1.670382139538155e-07, 7.039089299260120e-09
2.159090909090909e-01, 2.343750000000000e-01, 1.768345653610146e-07, 7.741190992480089e-09
2.386363636363636e-01, 2.343750000000000e-01, 1.869450310929470e-07, 8.428887264787017e-09
2.613636363636364e-01, 2.343750000000000e-01, 1.837016680404692e-07, 9.934545397411065e-09
2.840909090909091e-01, 2.343750000000000e-01, 1.761739629602491e-07, 1.116302127989153e-08
3.068181818181818e-01, 2.343750000000000e-01, 1.686462578800290e-07, 1.239149716237200e-08
3.295454545454545e-01, 2.343750000000000e-01, 1.611185527998090e-07, 1.361997304485247e-08
3.522727272727273e-01, 2.343750000000000e-01, 1.535908477195889e-07, 1.484844892733294e-08
3.750000000000000e-01, 2.343750000000000e-01, 1.397303909387458e-07, 1.630542902822209e-08
3.977272727272727e-01, 2.343750000000000e-01, 1.199336779743587e-07, 1.762126543673731e-08
4.204545454545455e-01, 2.343750000000000e-01, 1.009872787675894e-07, 1.840188896697595e-08
4.431818181818182e-01, 2.343750000000000e-01, 8.204087956082022e-08, 1.918251249721459e-08
4.659090909090909e-01, 2.343750000000000e-01, 6.309448035405101e-08, 1.996313602745323e-08
4.886363636363636e-01, 2.343750000000000e-01, 4.348882580014956e-08, 2.073929390423582e-08
5.113636363636364e-01, 2.343750000000000e-01, 1.268771115793967e-08, 2.143961615032851e-08
5.340909090909091e-01, 2.343750000000000e-01, -1.184818717280556e-08, 2.159759994033648e-08
5.568181818181818e-01, 2.343750000000000e-01, -3.487277914754388e-08, 2.162475990638677e-08
5.795454545454546e-01, 2.343750000000000e-01, -5.789737112228233e-08, 2.165191987243707e-08
6.022727272727273e-01, 2.343750000000000e-01, -8.092196309702065e-08, 2.167907983848736e-08
6.250000000000000e-01, 2.343750000000000e-01, -1.077486637124980e-07, 2.137415886802495e-08
6.477272727272727e-01, 2.343750000000000e-01, -1.348959712545031e-07, 2.087832673972490e-08
6.704545454545454e-01, 2.343750000000000e-01, -1.521824834052814e-07, 2.067799803717800e-08
6.931818181818182e-01, 2.343750000000000e-01, -1.694689955560599e-07, 2.047766933463109e-08
7.159090909090909e-01, 2.343750000000000e-01, -1.867555077068383e-07, 2.027734063208418e-08
7.386363636363636e-01, 2.343750000000000e-01, -2.028991934045678e-07, 1.982033677864025e-08
7.613636363636364e-01, 2.343750000000000e-01, -2.143327739262377e-07, 1.830545843027131e-08
7.840909090909091e-01, 2.343750000000000e-01, -2.194376786350458e-07, 1.694399422910569e-08
8.068181818181818e-01, 2.343750000000000e-01, -2.182649443876592e-07, 1.573470698492017e-08
8.295454545454546e-01, 2.343750000000000e-01, -2.170922101402726e-07, 1.452541974073464e-08
8.522727272727273e-01, 2.343750000000000e-01, -2.159194758928859e-07, 1.331613249654912e-08
8.750000000000000e-01, 2.343750000000000e-01, -2.034294922479652e-07, 1.063811563647183e-08
8.977272727272727e-01, 2.343750000000000e-01, -1.808177141481899e-07, 8.180588460113703e-09
9.204545454545454e-01, 2.343750000000000e-01, -1.381909253326606e-07, 6.280328964542668e-09
9.431818181818182e-01, 2.343750000000000e-01, -9.556413651713110e-08, 4.380069468971623e-09
9.659090909090909e-01, 2.343750000000000e-01, -5.298471206477275e-08, 2.481405221379276e-09
9.886363636363636e-01, 2.343750000000000e-01, -1.766157068825758e-08, 8.271350737930921e-10
1.136363636363636e-02, 2.485795454545454e-01, 1.514876674253263e-08, 5.992659508479910e-10
3.409090909090909e-02, 2.485795454545454e-01, 4.544630022759789e-08, 1.797797852543973e-09
5.681818181818182e-02, 2.485795454545454e-01, 7.574383371266316e-08, 2.996329754239955e-09
7.954545454545454e-02, 2.485795454545454e-01, 1.060413671977284e-07, 4.194861655935938e-09
1.022727272727273e-01, 2.485795454545454e-01, 1.363389006827937e-07, 5.393393557631919e-09
1.250000000000000e-01, 2.485795454545454e-01, 1.473321776534007e-07, 5.756060194324037e-09
1.477272727272727e-01, 2.485795454545454e-01, 1.567551042364210e-07, 6.475287314014887e-09
1.704545454545454e-01, 2.485795454545454e-01, 1.668655699683534e-07, 7.162983586321815e-09
1.931818181818182e-01, 2.485795454545454e-01, 1.769760357002858e-07, 7.850679858628743e-09
2.159090909090909e-01, 2.485795454545454e-01, 1.870865014322182e-07, 8.538376130935669e-09
2.386363636363636e-01, 2.485795454545454e-01, 1.953624044385806e-07, 9.391159075227991e-09
2.613636363636364e-01, 2.485795454545454e-01, 1.925958535756785e-07, 1.123761856948001e-08
2.840909090909091e-01, 2.485795454545454e-01, 1.855832110123699e-07, 1.253294802988732e-08
3.068181818181818e-01, 2.485795454545454e-01, 1.780555059321499e-07, 1.376142391236778e-08
3.295454545454545e-01, 2.485795454545454e-01, 1.705278008519298e-07, 1.498989979484825e-08
3.522727272727273e-01, 2.485795454545454e-01, 1.630000957717097e-07, 1.621837567732872e-08
3.750000000000000e-01, 2.485795454545454e-01, 1.450807462191802e-07, 1.782181251049549e-08
3.977272727272727e-01, 2.485795454545454e-01, 1.246979190412857e-07, 1.950656671247200e-08
4.204545454545455e-01, 2.485795454545454e-01, 1.057515198345164e-07, 2.028719024271064e-08
4.431818181818182e-01, 2.485795454545454e-01, 8.680512062774721e-08, 2.106781377294929e-08
4.659090909090909e-01, 2.485795454545454e-01, 6.785872142097797e-08, 2.184843730318793e-08
4.886363636363636e-01, 2.485795454545454e-01, 4.403266035907326e-08, 2.259600705703697e-08
5.113636363636364e-01, 2.485795454545454e-01, 1.323154571686336e-08, 2.329632930312965e-08
5.340909090909091e-01, 2.485795454545454e-01, -1.423990946805900e-08, 2.370842488958590e-08
5.568181818181818e-01, 2.485795454545454e-01, -3.726450144279732e-08, 2.373558485563619e-08
5.795454545454546e-01, 2.485795454545454e-01, -6.028909341753577e-08, 2.376274482168649e-08
6.022727272727273e-01, 2.485795454545454e-01, -8.331368539227410e-08, 2.378990478773679e-08
6.250000000000000e-01, 2.485795454545454e-01, -1.127393657832046e-07, 2.325798566457502e-08
6.477272727272727e-01, 2.485795454545454e-01, -1.427261068112013e-07, 2.267706280180387e-08
6.704545454545454e-01, 2.485795454545454e-01, -1.621285712651885e-07, 2.241332429005589e-08
6.931818181818182e-01, 2.485795454545454e-01, -1.794150834159670e-07, 2.221299558750899e-08
7.159090909090909e-01, 2.485795454545454e-01, -1.967015955667454e-07, 2.201266688496208e-08
7.386363636363636e-01, 2.485795454545454e-01, -2.112014115693061e-07, 2.118645517765996e-08
7.613636363636364e-01, 2.485795454545454e-01, -2.226349920909759e-07, 1.967157682929102e-08
7.840909090909091e-01, 2.485795454545454e-01, -2.331335905282206e-07, 1.817936348753230e-08
8.068181818181818e-01, 2.485795454545454e-01, -2.319608562808339e-07, 1.697007624334679e-08
8.295454545454546e-01, 2.485795454545454e-01, -2.307881220334473e-07, 1.576078899916126e-08
8.522727272727273e-01, 2.485795454545454e-01, -2.236517939206528e-07, 1.377755866866507e-08
8.750000000000000e-01, 2.485795454545454e-01, -2.107727348236191e-07, 1.104904838750444e-08
8.977272727272727e-01, 2.485795454545454e-01, -1.908202918951827e-07, 8.517478705528215e-09
9.204545454545454e-01, 2.485795454545454e-01, -1.481935030796534e-07, 6.617219209957181e-09
9.431818181818182e-01, 2.485795454545454e-01, -1.055667142641239e-07, 4.716959714386136e-09
9.659090909090909e-01, 2.485795454545454e-01, -6.293992544859463e-08, 2.816700218815101e-09
9.886363636363636e-01, 2.485795454545454e-01, -2.031313663306535e-08, 9.164407232440660e-10
1.136363636363636e-02, 2.627840909090909e-01, 1.514876674253263e-08, 5.992659508479910e-10
3.409090909090909e-02, 2.627840909090909e-01, 4.544630022759789e-08, 1.797797852543973e-09
5.681818181818182e-02, 2.627840909090909e-01, 7.574383371266316e-08, 2.996329754239955e-09
7.954545454545454e-02, 2.627840909090909e-01, 1.060413671977284e-07, 4.194861655935937e-09
1.022727272727273e-01, 2.627840909090909e-01, 1.363389006827937e-07, 5.393393557631919e-09
1.250000000000000e-01, 2.627840909090909e-01, 1.568965745756922e-07, 6.584776180163541e-09
1.477272727272727e-01, 2.627840909090909e-01, 1.670070403076247e-07, 7.272472452470467e-09
1.704545454545454e-01, 2.627840909090909e-01, 1.771175060395570e-07, 7.960168724777395e-09
1.931818181818182e-01, 2.627840909090909e-01, 1.872279717714895e-07, 8.647864997084323e-09
2.159090909090909e-01, 2.627840909090909e-01, 1.973384375034219e-07, 9.335561269391249e-09
2.386363636363636e-01, 2.627840909090909e-01, 2.025107471582573e-07, 1.046762705883152e-08
2.613636363636364e-01, 2.627840909090909e-01, 1.997441962953551e-07, 1.231408655308354e-08
2.840909090909091e-01, 2.627840909090909e-01, 1.949924590644908e-07, 1.390287477988310e-08
3.068181818181818e-01, 2.627840909090909e-01, 1.874647539842707e-07, 1.513135066236356e-08
3.295454545454545e-01, 2.627840909090909e-01, 1.799370489040506e-07, 1.635982654484403e-08
3.522727272727273e-01, 2.627840909090909e-01, 1.708266903762439e-07, 1.764540919641147e-08
3.750000000000000e-01, 2.627840909090909e-01, 1.504311014996147e-07, 1.933819599276890e-08
3.977272727272727e-01, 2.627840909090909e-01, 1.300355126229855e-07, 2.103098278912634e-08
4.204545454545455e-01, 2.627840909090909e-01, 1.105157609014434e-07, 2.217249151844534e-08
4.431818181818182e-01, 2.627840909090909e-01, 9.156936169467417e-08, 2.295311504868398e-08
4.659090909090909e-01, 2.627840909090909e-01, 7.262296248790494e-08, 2.373373857892262e-08
4.886363636363636e-01, 2.627840909090909e-01, 4.457649491799695e-08, 2.445272020983812e-08
5.113636363636364e-01, 2.627840909090909e-01, 1.377538027578706e-08, 2.515304245593080e-08
5.340909090909091e-01, 2.627840909090909e-01, -1.663163176331245e-08, 2.581924983883533e-08
5.568181818181818e-01, 2.627840909090909e-01, -3.965622373805077e-08, 2.584640980488562e-08
5.795454545454546e-01, 2.627840909090909e-01, -6.268081571278920e-08, 2.587356977093591e-08
6.022727272727273e-01, 2.627840909090909e-01, -8.774332682591435e-08, 2.572273532389624e-08
6.250000000000000e-01, 2.627840909090909e-01, -1.177300678539111e-07, 2.514181246112509e-08
6.477272727272727e-01, 2.627840909090909e-01, -1.477168088819078e-07, 2.456088959835394e-08
6.704545454545454e-01, 2.627840909090909e-01, -1.720746591250956e-07, 2.414865054293379e-08
6.931818181818182e-01, 2.627840909090909e-01, -1.893611712758741e-07, 2.394832184038688e-08
7.159090909090909e-01, 2.627840909090909e-01, -2.066476834266525e-07, 2.374799313783997e-08
7.386363636363636e-01, 2.627840909090909e-01, -2.195036297340442e-07, 2.255257357667967e-08
7.613636363636364e-01, 2.627840909090909e-01, -2.309372102557141e-07, 2.103769522831073e-08
7.840909090909091e-01, 2.627840909090909e-01, -2.423707907773840e-07, 1.952281687994179e-08
8.068181818181818e-01, 2.627840909090909e-01, -2.456567681740087e-07, 1.820544550177341e-08
8.295454545454546e-01, 2.627840909090909e-01, -2.438740955933403e-07, 1.691700170085831e-08
8.522727272727273e-01, 2.627840909090909e-01, -2.309950364963067e-07, 1.418849141969769e-08
8.750000000000000e-01, 2.627840909090909e-01, -2.181159773992730e-07, 1.145998113853706e-08
8.977272727272727e-01, 2.627840909090909e-01, -2.008228696421755e-07, 8.854368950942727e-09
9.204545454545454e-01, 2.627840909090909e-01, -1.581960808266462e-07, 6.954109455371693e-09
9.431818181818182e-01, 2.627840909090909e-01, -1.155692920111167e-07, 5.053849959800649e-09
9.659090909090909e-01, 2.627840909090909e-01, -7.294250319558746e-08, 3.153590464229613e-09
9.886363636363636e-01, 2.627840909090909e-01, -2.757657226702700e-08, 1.161075723858134e-09
1.136363636363636e-02, 2.769886363636364e-01, 1.514876674253263e-08, 5.992659508479910e-10
3.409090909090909e-02, 2.769886363636364e-01, 4.544630022759789e-08, 1.797797852543973e-09
5.681818181818182e-02, 2.769886363636364e-01, 7.574383371266316e-08, 2.996329754239955e-09
7.954545454545454e-02, 2.769886363636364e-01, 1.060413671977284e-07, 4.194861655935937e-09
1.022727272727273e-01, 2.769886363636364e-01, 1.412805368366109e-07, 5.200276562067613e-09
1.250000000000000e-01, 2.769886363636364e-01, 1.645336929100231e-07, 7.002116032123492e-09
1.477272727272727e-01, 2.769886363636364e-01, 1.772589763788283e-07, 8.069657590926049e-09
1.704545454545454e-01, 2.769886363636364e-01, 1.873694421107607e-07, 8.757353863232977e-09
1.931818181818182e-01, 2.769886363636364e-01, 1.974799078426931e-07, 9.445050135539905e-09
2.159090909090909e-01, 2.769886363636364e-01, 2.075903735746256e-07, 1.013274640784683e-08
2.386363636363636e-01, 2.769886363636364e-01, 2.096590898779340e-07, 1.154409504243505e-08
2.613636363636364e-01, 2.769886363636364e-01, 2.068925390150318e-07, 1.339055453668707e-08
2.840909090909091e-01, 2.769886363636364e-01, 2.041259881521297e-07, 1.523701403093909e-08
3.068181818181818e-01, 2.769886363636364e-01, 1.968740020363915e-07, 1.650127741235935e-08
3.295454545454545e-01, 2.769886363636364e-01, 1.893462969561714e-07, 1.772975329483982e-08
3.522727272727273e-01, 2.769886363636364e-01, 1.761770456566784e-07, 1.916179267868488e-08
3.750000000000000e-01, 2.769886363636364e-01, 1.557814567800492e-07, 2.085457947504231e-08
3.977272727272727e-01, 2.769886363636364e-01, 1.353858679034200e-07, 2.254736627139975e-08
4.204545454545455e-01, 2.769886363636364e-01, 1.152800019683704e-07, 2.405779279418004e-08
4.431818181818182e-01, 2.769886363636364e-01, 9.633360276160114e-08, 2.483841632441868e-08
4.659090909090909e-01, 2.769886363636364e-01, 7.592144411913062e-08, 2.560911111654658e-08
4.886363636363636e-01, 2.769886363636364e-01, 4.512032947692065e-08, 2.630943336263927e-08
5.113636363636364e-01, 2.769886363636364e-01, 1.431921483471075e-08, 2.700975560873195e-08
5.340909090909091e-01, 2.769886363636364e-01, -1.648189980749914e-08, 2.771007785482464e-08
5.568181818181818e-01, 2.769886363636364e-01, -4.204794603330423e-08, 2.795723475413505e-08
5.795454545454546e-01, 2.769886363636364e-01, -6.507253800804267e-08, 2.798439472018534e-08
6.022727272727273e-01, 2.769886363636364e-01, -9.273402889662089e-08, 2.760656212044631e-08
6.250000000000000e-01, 2.769886363636364e-01, -1.227207699246176e-07, 2.702563925767516e-08
6.477272727272727e-01, 2.769886363636364e-01, -1.527075109526143e-07, 2.644471639490401e-08
6.704545454545454e-01, 2.769886363636364e-01, -1.820207469850027e-07, 2.588397679581168e-08
6.931818181818182e-01, 2.769886363636364e-01, -1.993072591357811e-07, 2.568364809326478e-08
7.159090909090909e-01, 2.769886363636364e-01, -2.163722673771126e-07, 2.543357032406833e-08
7.386363636363636e-01, 2.769886363636364e-01, -2.278058478987824e-07, 2.391869197569939e-08
7.613636363636364e-01, 2.769886363636364e-01, -2.392394284204523e-07, 2.240381362733044e-08
7.840909090909091e-01, 2.769886363636364e-01, -2.506730089421222e-07, 2.088893527896150e-08
8.068181818181818e-01, 2.769886363636364e-01, -2.593526800671835e-07, 1.944081476020003e-08
8.295454545454546e-01, 2.769886363636364e-01, -2.512173381689942e-07, 1.732793445189093e-08
8.522727272727273e-01, 2.769886363636364e-01, -2.383382790719605e-07, 1.459942417073030e-08
8.750000000000000e-01, 2.769886363636364e-01, -2.254592199749269e-07, 1.187091388956967e-08
8.977272727272727e-01, 2.769886363636364e-01, -2.108254473891684e-07, 9.191259196357241e-09
9.204545454545454e-01, 2.769886363636364e-01, -1.681986585736391e-07, 7.290999700786207e-09
9.431818181818182e-01, 2.769886363636364e-01, -1.255718697581096e-07, 5.390740205215160e-09
9.659090909090909e-01, 2.769886363636364e-01, -8.272971680108100e-08, 3.483227171574403e-09
9.886363636363636e-01, 2.769886363636364e-01, -2.757657226702700e-08, 1.161075723858134e-09
1.136363636363636e-02, 2.911931818181818e-01, 1.514876674253263e-08, 5.992659508479910e-10
3.409090909090909e-02, 2.911931818181818e-01, 4.544630022759789e-08, 1.797797852543973e-09
5.681818181818182e-02, 2.911931818181818e-01, 7.574383371266316e-08, 2.996329754239955e-09
7.954545454545454e-02, 2.911931818181818e-01, 1.070730892202211e-07, 4.154542407201407e-09
1.022727272727273e-01, 2.911931818181818e-01, 1.465526107687540e-07, 4.994246201580246e-09
1.250000000000000e-01, 2.911931818181818e-01, 1.684379178414945e-07, 6.877191716270904e-09
1.477272727272727e-01, 2.911931818181818e-01, 1.875109124500320e-07, 8.866842729381633e-09
1.704545454545454e-01, 2.911931818181818e-01, 1.976213781819644e-07, 9.554539001688559e-09
1.931818181818182e-01, 2.911931818181818e-01, 2.077318439138969e-07, 1.024223527399549e-08
2.159090909090909e-01, 2.911931818181818e-01, 2.178423096458293e-07, 1.092993154630241e-08
2.386363636363636e-01, 2.911931818181818e-01, 2.168074325976107e-07, 1.262056302603859e-08
2.613636363636364e-01, 2.911931818181818e-01, 2.140408817347085e-07, 1.446702252029060e-08
2.840909090909091e-01, 2.911931818181818e-01, 2.112743308718064e-07, 1.631348201454262e-08
3.068181818181818e-01, 2.911931818181818e-01, 2.062832500885124e-07, 1.787120416235513e-08
3.295454545454545e-01, 2.911931818181818e-01, 1.987555450082923e-07, 1.909968004483560e-08
3.522727272727273e-01, 2.911931818181818e-01, 1.815274009371129e-07, 2.067817616095829e-08
3.750000000000000e-01, 2.911931818181818e-01, 1.611318120604837e-07, 2.237096295731572e-08
3.977272727272727e-01, 2.911931818181818e-01, 1.407362231838545e-07, 2.406374975367316e-08
4.204545454545455e-01, 2.911931818181818e-01, 1.203406343072252e-07, 2.575653655003060e-08
4.431818181818182e-01, 2.911931818181818e-01, 1.010978438285281e-07, 2.672371760015338e-08
4.659090909090909e-01, 2.911931818181818e-01, 7.646527867805431e-08, 2.746582426934773e-08
4.886363636363636e-01, 2.911931818181818e-01, 4.566416403584434e-08, 2.816614651544041e-08
5.113636363636364e-01, 2.911931818181818e-01, 1.486304939363445e-08, 2.886646876153311e-08
5.340909090909091e-01, 2.911931818181818e-01, -1.593806524857545e-08, 2.956679100762579e-08
5.568181818181818e-01, 2.911931818181818e-01, -4.443966832855768e-08, 3.006805970338448e-08
5.795454545454546e-01, 2.911931818181818e-01, -6.773798993933068e-08, 3.007131177976753e-08
6.022727272727273e-01, 2.911931818181818e-01, -9.772473096732741e-08, 2.949038891699639e-08
6.250000000000000e-01, 2.911931818181818e-01, -1.277114719953241e-07, 2.890946605422523e-08
6.477272727272727e-01, 2.911931818181818e-01, -1.576982130233208e-07, 2.832854319145408e-08
6.704545454545454e-01, 2.911931818181818e-01, -1.876849540513176e-07, 2.774762032868293e-08
6.931818181818182e-01, 2.911931818181818e-01, -2.092533469956883e-07, 2.741897434614268e-08
7.159090909090909e-01, 2.911931818181818e-01, -2.246744855418508e-07, 2.679968872308804e-08
7.386363636363636e-01, 2.911931818181818e-01, -2.361080660635207e-07, 2.528481037471910e-08
7.613636363636364e-01, 2.911931818181818e-01, -2.475416465851905e-07, 2.376993202635015e-08
7.840909090909091e-01, 2.911931818181818e-01, -2.589752271068604e-07, 2.225505367798122e-08
8.068181818181818e-01, 2.911931818181818e-01, -2.709655690179013e-07, 2.071751690436757e-08
8.295454545454546e-01, 2.911931818181818e-01, -2.585605807446481e-07, 1.773886720292355e-08
8.522727272727273e-01, 2.911931818181818e-01, -2.456815216476144e-07, 1.501035692176292e-08
8.750000000000000e-01, 2.911931818181818e-01, -2.328024625505807e-07, 1.228184664060229e-08
8.977272727272727e-01, 2.911931818181818e-01, -2.199234034535471e-07, 9.553336359441665e-09
9.204545454545454e-01, 2.911931818181818e-01, -1.782012363206319e-07, 7.627889946200719e-09
9.431818181818182e-01, 2.911931818181818e-01, -1.355744475051024e-07, 5.727630450629674e-09
9.659090909090909e-01, 2.911931818181818e-01, -8.272971680108100e-08, 3.483227171574403e-09
9.886363636363636e-01, 2.911931818181818e-01, -2.757657226702700e-08, 1.161075723858134e-09
1.136363636363636e-02, 3.053977272727273e-01, 1.514876674253263e-08, 5.992659508479910e-10
3.409090909090909e-02, 3.053977272727273e-01, 4.544630022759789e-08, 1.797797852543973e-09
5.681818181818182e-02, 3.053977272727273e-01, 7.574383371266316e-08, 2.996329754239955e-09
7.954545454545454e-02, 3.053977272727273e-01, 1.123451631523641e-07, 3.948512046714039e-09
1.022727272727273e-01, 3.053977272727273e-01, 1.518246847008970e-07, 4.788215841092878e-09
1.250000000000000e-01, 3.053977272727273e-01, 1.723421427729660e-07, 6.752267400418316e-09
1.477272727272727e-01, 3.053977272727273e-01, 1.917086899298047e-07, 8.784561749712150e-09
1.704545454545454e-01, 3.053977272727273e-01, 2.078733142531681e-07, 1.035172414014414e-08
1.931818181818182e-01, 3.053977272727273e-01, 2.179837799851006e-07, 1.103942041245107e-08
2.159090909090909e-01, 3.053977272727273e-01, 2.267223261801895e-07, 1.185057151539010e-08
2.386363636363636e-01, 3.053977272727273e-01, 2.239557753172874e-07, 1.369703100964212e-08
2.613636363636364e-01, 3.053977272727273e-01, 2.211892244543852e-07, 1.554349050389414e-08
2.840909090909091e-01, 3.053977272727273e-01, 2.184226735914831e-07, 1.738994999814616e-08
3.068181818181818e-01, 3.053977272727273e-01, 2.156561227285809e-07, 1.923640949239817e-08
3.295454545454545e-01, 3.053977272727273e-01, 2.072733450941767e-07, 2.050177284687426e-08
3.522727272727273e-01, 3.053977272727273e-01, 1.868777562175474e-07, 2.219455964323170e-08
3.750000000000000e-01, 3.053977272727273e-01, 1.664821673409182e-07, 2.388734643958914e-08
3.977272727272727e-01, 3.053977272727273e-01, 1.460865784642889e-07, 2.558013323594657e-08
4.204545454545455e-01, 3.053977272727273e-01, 1.256909895876597e-07, 2.727292003230402e-08
4.431818181818182e-01, 3.053977272727273e-01, 1.058620848954551e-07, 2.860901887588808e-08
4.659090909090909e-01, 3.053977272727273e-01, 7.700911323697801e-08, 2.932253742214888e-08
4.886363636363636e-01, 3.053977272727273e-01, 4.620799859476804e-08, 3.002285966824157e-08
5.113636363636364e-01, 3.053977272727273e-01, 1.540688395255814e-08, 3.072318191433425e-08
5.340909090909091e-01, 3.053977272727273e-01, -1.539423068965175e-08, 3.142350416042694e-08
5.568181818181818e-01, 3.053977272727273e-01, -4.619534533186164e-08, 3.212382640651962e-08
5.795454545454546e-01, 3.053977272727273e-01, -7.272869201003720e-08, 3.195513857631761e-08
6.022727272727273e-01, 3.053977272727273e-01, -1.027154330380339e-07, 3.137421571354646e-08
6.250000000000000e-01, 3.053977272727273e-01, -1.327021740660307e-07, 3.079329285077531e-08
6.477272727272727e-01, 3.053977272727273e-01, -1.626889150940274e-07, 3.021236998800416e-08
6.704545454545454e-01, 3.053977272727273e-01, -1.926756561220241e-07, 2.963144712523300e-08
6.931818181818182e-01, 3.053977272727273e-01, -2.191994348555954e-07, 2.915430059902058e-08
7.159090909090909e-01, 3.053977272727273e-01, -2.329767037065890e-07, 2.816580712210775e-08
7.386363636363636e-01, 3.053977272727273e-01, -2.444102842282588e-07, 2.665092877373881e-08
7.613636363636364e-01, 3.053977272727273e-01, -2.564746557741979e-07, 2.511037922844190e-08
7.840909090909091e-01, 3.053977272727273e-01, -2.687138515492095e-07, 2.356271489070243e-08
8.068181818181818e-01, 3.053977272727273e-01, -2.809530473242211e-07, 2.201505055296296e-08
8.295454545454546e-01, 3.053977272727273e-01, -2.676813432358704e-07, 1.878751890206631e-08
8.522727272727273e-01, 3.053977272727273e-01, -2.531869414554320e-07, 1.547947382758163e-08
8.750000000000000e-01, 3.053977272727273e-01, -2.401457051262347e-07, 1.269277939163491e-08
8.977272727272727e-01, 3.053977272727273e-01, -2.272666460292010e-07, 9.964269110474281e-09
9.204545454545454e-01, 3.053977272727273e-01, -1.882038140676248e-07, 7.964780191615234e-09
9.431818181818182e-01, 3.053977272727273e-01, -1.378828613351350e-07, 5.805378619290671e-09
9.659090909090909e-01, 3.053977272727273e-01, -8.272971680108100e-08, 3.483227171574403e-09
9.886363636363636e-01, 3.053977272727273e-01, -2.757657226702700e-08, 1.161075723858134e-09
1.136363636363636e-02, 3.196022727272727e-01, 1.514876674253263e-08, 5.992659508479910e-10
3.409090909090909e-02, 3.196022727272727e-01, 4.544630022759789e-08, 1.797797852543973e-09
5.681818181818182e-02, 3.196022727272727e-01, 7.813771553597424e-08, 2.902777891847833e-09
7.954545454545454e-02, 3.196022727272727e-01, 1.176172370845071e-07, 3.742481686226673e-09
1.022727272727273e-01, 3.196022727272727e-01, 1.568798205475986e-07, 4.595048735271895e-09
1.250000000000000e-01, 3.196022727272727e-01, 1.762463677044373e-07, 6.627343084565727e-09
1.477272727272727e-01, 3.196022727272727e-01, 1.956129148612761e-07, 8.659637433859561e-09
1.704545454545454e-01, 3.196022727272727e-01, 2.149794620181148e-07, 1.069193178315339e-08
1.931818181818182e-01, 3.196022727272727e-01, 2.282357160563042e-07, 1.183660555090665e-08
2.159090909090909e-01, 3.196022727272727e-01, 2.338706688998662e-07, 1.292703949899363e-08
2.386363636363636e-01, 3.196022727272727e-01, 2.311041180369640e-07, 1.477349899324565e-08
2.613636363636364e-01, 3.196022727272727e-01, 2.283375671740619e-07, 1.661995848749767e-08
2.840909090909091e-01, 3.196022727272727e-01, 2.255710163111598e-07, 1.846641798174969e-08
3.068181818181818e-01, 3.196022727272727e-01, 2.228044654482576e-07, 2.031287747600170e-08
3.295454545454545e-01, 3.196022727272727e-01, 2.126237003746111e-07, 2.201815632914767e-08
3.522727272727273e-01, 3.196022727272727e-01, 1.922281114979818e-07, 2.371094312550510e-08
3.750000000000000e-01, 3.196022727272727e-01, 1.718559218504725e-07, 2.542369256138962e-08
3.977272727272727e-01, 3.196022727272727e-01, 1.515207905086260e-07, 2.716805763698781e-08
4.204545454545455e-01, 3.196022727272727e-01, 1.311856591667794e-07, 2.891242271258601e-08
4.431818181818182e-01, 3.196022727272727e-01, 1.085165503410889e-07, 3.068252899667662e-08
4.659090909090909e-01, 3.196022727272727e-01, 7.771755572297700e-08, 3.139310920649061e-08
4.886363636363636e-01, 3.196022727272727e-01, 4.692257434321236e-08, 3.210139978762490e-08
5.113636363636364e-01, 3.196022727272727e-01, 1.612759296344780e-08, 3.280969036875919e-08
5.340909090909091e-01, 3.196022727272727e-01, -1.466738841631676e-08, 3.351798094989347e-08
5.568181818181818e-01, 3.196022727272727e-01, -4.546236979608131e-08, 3.422627153102777e-08
5.795454545454546e-01, 3.196022727272727e-01, -7.770850211089905e-08, 3.399919577952562e-08
6.022727272727273e-01, 3.196022727272727e-01, -1.076973935900930e-07, 3.338663789804379e-08
6.250000000000000e-01, 3.196022727272727e-01, -1.376862850692870e-07, 3.277408001656193e-08
6.477272727272727e-01, 3.196022727272727e-01, -1.676751765484809e-07, 3.216152213508008e-08
6.704545454545454e-01, 3.196022727272727e-01, -1.976640680276749e-07, 3.154896425359824e-08
6.931818181818182e-01, 3.196022727272727e-01, -2.276529595068690e-07, 3.093640637211639e-08
7.159090909090909e-01, 3.196022727272727e-01, -2.419837425304945e-07, 2.950324155251622e-08
7.386363636363636e-01, 3.196022727272727e-01, -2.542229383055061e-07, 2.795557721477675e-08
7.613636363636364e-01, 3.196022727272727e-01, -2.664621340805177e-07, 2.640791287703728e-08
7.840909090909091e-01, 3.196022727272727e-01, -2.787013298555293e-07, 2.486024853929781e-08
8.068181818181818e-01, 3.196022727272727e-01, -2.909405256305408e-07, 2.331258420155834e-08
8.295454545454546e-01, 3.196022727272727e-01, -2.774569248380575e-07, 2.007109936402599e-08
8.522727272727273e-01, 3.196022727272727e-01, -2.629625230576191e-07, 1.676305428954131e-08
8.750000000000000e-01, 3.196022727272727e-01, -2.484681212771806e-07, 1.345500921505663e-08
8.977272727272727e-01, 3.196022727272727e-01, -2.346098886048548e-07, 1.037520186150689e-08
9.204545454545454e-01, 3.196022727272727e-01, -1.930360058691893e-07, 8.127530067006951e-09
9.431818181818182e-01, 3.196022727272727e-01, -1.378828613351350e-07, 5.805378619290671e-09
9.659090909090909e-01, 3.196022727272727e-01, -8.272971680108100e-08, 3.483227171574403e-09
9.886363636363636e-01, 3.196022727272727e-01, -2.757657226702700e-08, 1.161075723858134e-09
1.136363636363636e-02, 3.338068181818182e-01, 1.514876674253263e-08, 5.992659508479910e-10
3.409090909090909e-02, 3.338068181818182e-01, 4.544630022759789e-08, 1.797797852543973e-09
5.681818181818182e-02, 3.338068181818182e-01, 8.340978946811729e-08, 2.696747531360466e-09
7.954545454545454e-02, 3.338068181818182e-01, 1.228893110166502e-07, 3.536451325739306e-09
1.022727272727273e-01, 3.338068181818182e-01, 1.607840454790700e-07, 4.470124419419307e-09
1.250000000000000e-01, 3.338068181818182e-01, 1.801505926359087e-07, 6.502418768713139e-09
1.477272727272727e-01, 3.338068181818182e-01, 1.995171397927475e-07, 8.534713118006974e-09
1.704545454545454e-01, 3.338068181818182e-01, 2.188836869495862e-07, 1.056700746730080e-08
1.931818181818182e-01, 3.338068181818182e-01, 2.382502341064250e-07, 1.259930181659464e-08
2.159090909090909e-01, 3.338068181818182e-01, 2.410190116195429e-07, 1.400350748259716e-08
2.386363636363636e-01, 3.338068181818182e-01, 2.382524607566407e-07, 1.584996697684918e-08
2.613636363636364e-01, 3.338068181818182e-01, 2.357430562825378e-07, 1.774193789645453e-08
2.840909090909091e-01, 3.338068181818182e-01, 2.332507099307765e-07, 1.963692787250180e-08
3.068181818181818e-01, 3.338068181818182e-01, 2.307583635790151e-07, 2.153191784854906e-08
3.295454545454545e-01, 3.338068181818182e-01, 2.186143919453781e-07, 2.408083142105177e-08
3.522727272727273e-01, 3.338068181818182e-01, 1.982792606035316e-07, 2.582519649664997e-08
3.750000000000000e-01, 3.338068181818182e-01, 1.779441292616851e-07, 2.756956157224816e-08
3.977272727272727e-01, 3.338068181818182e-01, 1.576089979198386e-07, 2.931392664784635e-08
4.204545454545455e-01, 3.338068181818182e-01, 1.372738665779920e-07, 3.105829172344455e-08
4.431818181818182e-01, 3.338068181818182e-01, 1.103907495400834e-07, 3.287487389032766e-08
4.659090909090909e-01, 3.338068181818182e-01, 7.884684188758582e-08, 3.401044113051167e-08
4.886363636363636e-01, 3.338068181818182e-01, 4.805186050782119e-08, 3.471873171164596e-08
5.113636363636364e-01, 3.338068181818182e-01, 1.725687912805664e-08, 3.542702229278024e-08
5.340909090909091e-01, 3.338068181818182e-01, -1.353810225170792e-08, 3.613531287391454e-08
5.568181818181818e-01, 3.338068181818182e-01, -4.579118865088186e-08, 3.669920274058481e-08
5.795454545454546e-01, 3.338068181818182e-01, -8.266148123880821e-08, 3.643796007140115e-08
6.022727272727273e-01, 3.338068181818182e-01, -1.126503727180022e-07, 3.582540218991931e-08
6.250000000000000e-01, 3.338068181818182e-01, -1.426392641971961e-07, 3.521284430843746e-08
6.477272727272727e-01, 3.338068181818182e-01, -1.726281556763901e-07, 3.460028642695561e-08
6.704545454545454e-01, 3.338068181818182e-01, -2.026170471555840e-07, 3.398772854547377e-08
6.931818181818182e-01, 3.338068181818182e-01, -2.334398186461231e-07, 3.287770760478315e-08
7.159090909090909e-01, 3.338068181818182e-01, -2.517898261891981e-07, 3.085313317769811e-08
7.386363636363636e-01, 3.338068181818182e-01, -2.642104166118259e-07, 2.925311086337214e-08
7.613636363636364e-01, 3.338068181818182e-01, -2.764496123868375e-07, 2.770544652563267e-08
7.840909090909091e-01, 3.338068181818182e-01, -2.886888081618491e-07, 2.615778218789320e-08
8.068181818181818e-01, 3.338068181818182e-01, -3.009280039368607e-07, 2.461011785015373e-08
8.295454545454546e-01, 3.338068181818182e-01, -2.872325064402447e-07, 2.135467982598568e-08
8.522727272727273e-01, 3.338068181818182e-01, -2.727381046598062e-07, 1.804663475150100e-08
8.750000000000000e-01, 3.338068181818182e-01, -2.582437028793677e-07, 1.473858967701632e-08
8.977272727272727e-01, 3.338068181818182e-01, -2.427354018265358e-07, 1.127761797450327e-08
9.204545454545454e-01, 3.338068181818182e-01, -1.930360058691893e-07, 8.127530067006951e-09
9.431818181818182e-01, 3.338068181818182e-01, -1.378828613351350e-07, 5.805378619290671e-09
9.659090909090909e-01, 3.338068181818182e-01, -8.272971680108100e-08, 3.483227171574403e-09
9.886363636363636e-01, 3.338068181818182e-01, -2.757657226702700e-08, 1.161075723858134e-09
1.136363636363636e-02, 3.480113636363636e-01, 1.514876674253263e-08, 5.992659508479910e-10
3.409090909090909e-02, 3.480113636363636e-01, 4.920234185172745e-08, 1.651013376494259e-09
5.681818181818182e-02, 3.480113636363636e-01, 8.868186340026034e-08, 2.490717170873099e-09
7.954545454545454e-02, 3.480113636363636e-01, 1.281613849487932e-07, 3.330420965251938e-09
1.022727272727273e-01, 3.480113636363636e-01, 1.646882704105414e-07, 4.345200103566719e-09
1.250000000000000e-01, 3.480113636363636e-01, 1.840548175673802e-07, 6.377494452860551e-09
1.477272727272727e-01, 3.480113636363636e-01, 2.034213647242189e-07, 8.409788802154385e-09
1.704545454545454e-01, 3.480113636363636e-01, 2.227879118810577e-07, 1.044208315144822e-08
1.931818181818182e-01, 3.480113636363636e-01, 2.430690726321425e-07, 1.262518192078612e-08
2.159090909090909e-01, 3.480113636363636e-01, 2.490296605498524e-07, 1.523259197744239e-08
2.386363636363636e-01, 3.480113636363636e-01, 2.465373141980911e-07, 1.712758195348966e-08
2.613636363636364e-01, 3.480113636363636e-01, 2.440449678463297e-07, 1.902257192953692e-08
2.840909090909091e-01, 3.480113636363636e-01, 2.415526214945684e-07, 2.091756190558419e-08
3.068181818181818e-01, 3.480113636363636e-01, 2.390602751428071e-07, 2.281255188163146e-08
3.295454545454545e-01, 3.480113636363636e-01, 2.235004722654780e-07, 2.582282855842909e-08
3.522727272727273e-01, 3.480113636363636e-01, 2.043674680147442e-07, 2.797106550750851e-08
3.750000000000000e-01, 3.480113636363636e-01, 1.840323366728977e-07, 2.971543058310670e-08
3.977272727272727e-01, 3.480113636363636e-01, 1.636972053310512e-07, 3.145979565870489e-08
4.204545454545455e-01, 3.480113636363636e-01, 1.433620739892047e-07, 3.320416073430308e-08
4.431818181818182e-01, 3.480113636363636e-01, 1.122649487390778e-07, 3.506721878397869e-08
4.659090909090909e-01, 3.480113636363636e-01, 7.997612805219468e-08, 3.662777305453271e-08
4.886363636363636e-01, 3.480113636363636e-01, 4.918114667243002e-08, 3.733606363566701e-08
5.113636363636364e-01, 3.480113636363636e-01, 1.838616529266548e-08, 3.804435421680131e-08
5.340909090909091e-01, 3.480113636363636e-01, -1.240881608709908e-08, 3.875264479793559e-08
5.568181818181818e-01, 3.480113636363636e-01, -4.792059871165519e-08, 3.899381575416897e-08
5.795454545454546e-01, 3.480113636363636e-01, -8.724199351353470e-08, 3.885770886490182e-08
6.022727272727273e-01, 3.480113636363636e-01, -1.176033518459113e-07, 3.826416648179484e-08
6.250000000000000e-01, 3.480113636363636e-01, -1.475922433251053e-07, 3.765160860031299e-08
6.477272727272727e-01, 3.480113636363636e-01, -1.775811348042993e-07, 3.703905071883114e-08
6.704545454545454e-01, 3.480113636363636e-01, -2.075700262834932e-07, 3.642649283734931e-08
6.931818181818182e-01, 3.480113636363636e-01, -2.394956102181299e-07, 3.465857334445622e-08
7.159090909090909e-01, 3.480113636363636e-01, -2.600599669557173e-07, 3.264636126866859e-08
7.386363636363636e-01, 3.480113636363636e-01, -2.740360217821532e-07, 3.059736777517100e-08
7.613636363636364e-01, 3.480113636363636e-01, -2.864370906931574e-07, 2.900298017422806e-08
7.840909090909091e-01, 3.480113636363636e-01, -2.986762864681689e-07, 2.745531583648859e-08
8.068181818181818e-01, 3.480113636363636e-01, -3.109154822431805e-07, 2.590765149874912e-08
8.295454545454546e-01, 3.480113636363636e-01, -2.970080880424318e-07, 2.263826028794536e-08
8.522727272727273e-01, 3.480113636363636e-01, -2.825136862619934e-07, 1.933021521346068e-08
8.750000000000000e-01, 3.480113636363636e-01, -2.672076771106489e-07, 1.589975523850703e-08
8.977272727272727e-01, 3.480113636363636e-01, -2.492572133262567e-07, 1.207043164759347e-08
9.204545454545454e-01, 3.480113636363636e-01, -1.984994905493315e-07, 8.904099979698452e-09
9.431818181818182e-01, 3.480113636363636e-01, -1.386936272540538e-07, 5.920619432751066e-09
9.659090909090909e-01, 3.480113636363636e-01, -8.272971680108100e-08, 3.483227171574403e-09
9.886363636363636e-01, 3.480113636363636e-01, -2.757657226702700e-08, 1.161075723858134e-09
1.136363636363636e-02, 3.622159090909091e-01, 1.514876674253263e-08, 5.992659508479910e-10
3.409090909090909e-02, 3.622159090909091e-01, 5.447441578387050e-08, 1.444983016006892e-09
5.681818181818182e-02, 3.622159090909091e-01, 9.395393733240339e-08, 2.284686810385732e-09
7.954545454545454e-02, 3.622159090909091e-01, 1.334334588809363e-07, 3.124390604764571e-09
1.022727272727273e-01, 3.622159090909091e-01, 1.685924953420128e-07, 4.220275787714130e-09
1.250000000000000e-01, 3.622159090909091e-01, 1.879590424988516e-07, 6.252570137007962e-09
1.477272727272727e-01, 3.622159090909091e-01, 2.073255896556903e-07, 8.284864486301797e-09
1.704545454545454e-01, 3.622159090909091e-01, 2.278045933893447e-07, 1.050058424053854e-08
1.931818181818182e-01, 3.622159090909091e-01, 2.501019984520184e-07, 1.301612783246509e-08
2.159090909090909e-01, 3.622159090909091e-01, 2.564866533396404e-07, 1.634936591265673e-08
2.386363636363636e-01, 3.622159090909091e-01, 2.548392257618830e-07, 1.840821598657205e-08
2.613636363636364e-01, 3.622159090909091e-01, 2.523468794101217e-07, 2.030320596261931e-08
2.840909090909091e-01, 3.622159090909091e-01, 2.498545330583604e-07, 2.219819593866658e-08
3.068181818181818e-01, 3.622159090909091e-01, 2.443465363058386e-07, 2.435056689620019e-08
3.295454545454545e-01, 3.622159090909091e-01, 2.279834617527883e-07, 2.742940153722509e-08
3.522727272727273e-01, 3.622159090909091e-01, 2.104556754259568e-07, 3.011693451836704e-08
3.750000000000000e-01, 3.622159090909091e-01, 1.901205440841103e-07, 3.186129959396523e-08
3.977272727272727e-01, 3.622159090909091e-01, 1.697854127422638e-07, 3.360566466956343e-08
4.204545454545455e-01, 3.622159090909091e-01, 1.469921374618791e-07, 3.537714037329077e-08
4.431818181818182e-01, 3.622159090909091e-01, 1.141391479380723e-07, 3.725956367762972e-08
4.659090909090909e-01, 3.622159090909091e-01, 8.128615841426545e-08, 3.914198698196867e-08
4.886363636363636e-01, 3.622159090909091e-01, 5.031043283703887e-08, 3.995339555968806e-08
5.113636363636364e-01, 3.622159090909091e-01, 1.951545145727431e-08, 4.066168614082236e-08
5.340909090909091e-01, 3.622159090909091e-01, -1.127952992249024e-08, 4.136997672195665e-08
5.568181818181818e-01, 3.622159090909091e-01, -5.005000877242853e-08, 4.128842876775312e-08
5.795454545454546e-01, 3.622159090909091e-01, -8.937140357430804e-08, 4.115232187848598e-08
6.022727272727273e-01, 3.622159090909091e-01, -1.225563309738205e-07, 4.070293077367037e-08
6.250000000000000e-01, 3.622159090909091e-01, -1.525452224530145e-07, 4.009037289218852e-08
6.477272727272727e-01, 3.622159090909091e-01, -1.825341139322084e-07, 3.947781501070668e-08
6.704545454545454e-01, 3.622159090909091e-01, -2.133254515769052e-07, 3.838654638078326e-08
6.931818181818182e-01, 3.622159090909091e-01, -2.455514017901368e-07, 3.643943908412929e-08
7.159090909090909e-01, 3.622159090909091e-01, -2.683301077222365e-07, 3.443958935963908e-08
7.386363636363636e-01, 3.622159090909091e-01, -2.823061625486725e-07, 3.239059586614149e-08
7.613636363636364e-01, 3.622159090909091e-01, -2.962822173751085e-07, 3.034160237264389e-08
7.840909090909091e-01, 3.622159090909091e-01, -3.086637647744888e-07, 2.875284948508398e-08
8.068181818181818e-01, 3.622159090909091e-01, -3.209029605495004e-07, 2.720518514734451e-08
8.295454545454546e-01, 3.622159090909091e-01, -3.067836696446190e-07, 2.392184074990505e-08
8.522727272727273e-01, 3.622159090909091e-01, -2.916799523947620e-07, 2.052189250251078e-08
8.750000000000000e-01, 3.622159090909091e-01, -2.737294886103699e-07, 1.669256891159723e-08
8.977272727272727e-01, 3.622159090909091e-01, -2.557790248259777e-07, 1.286324532068367e-08
9.204545454545454e-01, 3.622159090909091e-01, -2.041947700146684e-07, 9.713616787391803e-09
9.431818181818182e-01, 3.622159090909091e-01, -1.443889067193906e-07, 6.730136240444415e-09
9.659090909090909e-01, 3.622159090909091e-01, -8.458304342411310e-08, 3.746655693497044e-09
9.886363636363636e-01, 3.622159090909091e-01, -2.757657226702700e-08, 1.161075723858134e-09
1.136363636363636e-02, 3.764204545454545e-01, 2.026696816748066e-08, 3.992488611406864e-10
3.409090909090909e-02, 3.764204545454545e-01, 5.974648971601353e-08, 1.238952655519526e-09
5.681818181818182e-02, 3.764204545454545e-01, 9.922601126454642e-08, 2.078656449898365e-09
7.954545454545454e-02, 3.764204545454545e-01, 1.387055328130793e-07, 2.918360244277205e-09
1.022727272727273e-01, 3.764204545454545e-01, 1.724967202734842e-07, 4.095351471861542e-09
1.250000000000000e-01, 3.764204545454545e-01, 1.918632674303230e-07, 6.127645821155374e-09
1.477272727272727e-01, 3.764204545454545e-01, 2.125401141465469e-07, 8.375986560290970e-09
1.704545454545454e-01, 3.764204545454545e-01, 2.348375192092205e-07, 1.089153015221751e-08
1.931818181818182e-01, 3.764204545454545e-01, 2.556663854817096e-07, 1.348253625447870e-08
2.159090909090909e-01, 3.764204545454545e-01, 2.608961450289983e-07, 1.687511992508840e-08
2.386363636363636e-01, 3.764204545454545e-01, 2.631411373256750e-07, 1.968885001965444e-08
2.613636363636364e-01, 3.764204545454545e-01, 2.606487909739136e-07, 2.158383999570170e-08
2.840909090909091e-01, 3.764204545454545e-01, 2.581564446221523e-07, 2.347882997174897e-08
3.068181818181818e-01, 3.764204545454545e-01, 2.488295257931490e-07, 2.595713987499617e-08
3.295454545454545e-01, 3.764204545454545e-01, 2.324664512400987e-07, 2.903597451602107e-08
3.522727272727273e-01, 3.764204545454545e-01, 2.161033766870485e-07, 3.211480915704599e-08
3.750000000000000e-01, 3.764204545454545e-01, 1.962087514953228e-07, 3.400716860482377e-08
3.977272727272727e-01, 3.764204545454545e-01, 1.758736201534764e-07, 3.575153368042196e-08
4.204545454545455e-01, 3.764204545454545e-01, 1.488663366608736e-07, 3.756948526694178e-08
4.431818181818182e-01, 3.764204545454545e-01, 1.160133471370667e-07, 3.945190857128074e-08
4.659090909090909e-01, 3.764204545454545e-01, 8.316035761325992e-08, 4.133433187561970e-08
4.886363636363636e-01, 3.764204545454545e-01, 5.143971900164769e-08, 4.257072748370912e-08
5.113636363636364e-01, 3.764204545454545e-01, 2.064473762188315e-08, 4.327901806484340e-08
5.340909090909091e-01, 3.764204545454545e-01, -1.285802403132251e-08, 4.371914867060443e-08
5.568181818181818e-01, 3.764204545454545e-01, -5.217941883320185e-08, 4.358304178133727e-08
5.795454545454546e-01, 3.764204545454545e-01, -9.150081363508138e-08, 4.344693489207012e-08
6.022727272727273e-01, 3.764204545454545e-01, -1.275093101017296e-07, 4.314169506554589e-08
6.250000000000000e-01, 3.764204545454545e-01, -1.574982015809236e-07, 4.252913718406405e-08
6.477272727272727e-01, 3.764204545454545e-01, -1.874870930601176e-07, 4.191657930258220e-08
6.704545454545454e-01, 3.764204545454545e-01, -2.193812431489121e-07, 4.016741212045633e-08
6.931818181818182e-01, 3.764204545454545e-01, -2.516071933621436e-07, 3.822030482380236e-08
7.159090909090909e-01, 3.764204545454545e-01, -2.766002484887557e-07, 3.623281745060956e-08
7.386363636363636e-01, 3.764204545454545e-01, -2.905763033151917e-07, 3.418382395711197e-08
7.613636363636364e-01, 3.764204545454545e-01, -3.045523581416277e-07, 3.213483046361437e-08
7.840909090909091e-01, 3.764204545454545e-01, -3.185284129680637e-07, 3.008583697011678e-08
8.068181818181818e-01, 3.764204545454545e-01, -3.308904388558201e-07, 2.850271879593989e-08
8.295454545454546e-01, 3.764204545454545e-01, -3.161522276788752e-07, 2.514402976651453e-08
8.522727272727273e-01, 3.764204545454545e-01, -2.982017638944829e-07, 2.131470617560098e-08
8.750000000000000e-01, 3.764204545454545e-01, -2.802513001100908e-07, 1.748538258468742e-08
8.977272727272727e-01, 3.764204545454545e-01, -2.623008363256985e-07, 1.365605899377386e-08
9.204545454545454e-01, 3.764204545454545e-01, -2.098900494800052e-07, 1.052313359508515e-08
9.431818181818182e-01, 3.764204545454545e-01, -1.500841861847274e-07, 7.539653048137763e-09
9.659090909090909e-01, 3.764204545454545e-01, -9.027832288944992e-08, 4.556172501190391e-09
9.886363636363636e-01, 3.764204545454545e-01, -3.047245959417243e-08, 1.572691954243020e-09
1.136363636363636e-02, 3.906250000000000e-01, 2.098727075255880e-08, 3.710997488228880e-10
3.409090909090909e-02, 3.906250000000000e-01, 6.296181225767641e-08, 1.113299246468664e-09
5.681818181818182e-02, 3.906250000000000e-01, 1.044980851966895e-07, 1.872626089410998e-09
7.954545454545454e-02, 3.906250000000000e-01, 1.439776067452224e-07, 2.712329883789837e-09
1.022727272727273e-01, 3.906250000000000e-01, 1.764009452049556e-07, 3.970427156008953e-09
1.250000000000000e-01, 3.906250000000000e-01, 1.972756349037490e-07, 6.251388880043393e-09
1.477272727272727e-01, 3.906250000000000e-01, 2.195730399664227e-07, 8.766932471969936e-09
1.704545454545454e-01, 3.906250000000000e-01, 2.418704450290963e-07, 1.128247606389648e-08
1.931818181818182e-01, 3.906250000000000e-01, 2.600758771710675e-07, 1.400829026691037e-08
2.159090909090909e-01, 3.906250000000000e-01, 2.653056367183562e-07, 1.740087393752008e-08
2.386363636363636e-01, 3.906250000000000e-01, 2.705353962656450e-07, 2.079345760812979e-08
2.613636363636364e-01, 3.906250000000000e-01, 2.689507025377056e-07, 2.286447402878410e-08
2.840909090909091e-01, 3.906250000000000e-01, 2.664583561859442e-07, 2.475946400483136e-08
3.068181818181818e-01, 3.906250000000000e-01, 2.533125152804594e-07, 2.756371285379216e-08
3.295454545454545e-01, 3.906250000000000e-01, 2.369494407274092e-07, 3.064254749481706e-08
3.522727272727273e-01, 3.906250000000000e-01, 2.205863661743589e-07, 3.372138213584198e-08
3.750000000000000e-01, 3.906250000000000e-01, 2.022969589065355e-07, 3.615303761568230e-08
3.977272727272727e-01, 3.906250000000000e-01, 1.819618275646889e-07, 3.789740269128050e-08
4.204545454545455e-01, 3.906250000000000e-01, 1.507405358598681e-07, 3.976183016059282e-08
4.431818181818182e-01, 3.906250000000000e-01, 1.178875463360612e-07, 4.164425346493178e-08
4.659090909090909e-01, 3.906250000000000e-01, 8.503455681225438e-08, 4.352667676927073e-08
4.886363636363636e-01, 3.906250000000000e-01, 5.256900516625653e-08, 4.518805940773017e-08
5.113636363636364e-01, 3.906250000000000e-01, 2.177402378649198e-08, 4.589634998886446e-08
5.340909090909091e-01, 3.906250000000000e-01, -1.498743409209584e-08, 4.601376168418858e-08
5.568181818181818e-01, 3.906250000000000e-01, -5.430882889397517e-08, 4.587765479492143e-08
5.795454545454546e-01, 3.906250000000000e-01, -9.363022369585469e-08, 4.574154790565428e-08
6.022727272727273e-01, 3.906250000000000e-01, -1.324622892296388e-07, 4.558045935742142e-08
6.250000000000000e-01, 3.906250000000000e-01, -1.624511807088328e-07, 4.496790147593958e-08
6.477272727272727e-01, 3.906250000000000e-01, -1.932110845076874e-07, 4.389538515678336e-08
6.704545454545454e-01, 3.906250000000000e-01, -2.254370347209189e-07, 4.194827786012940e-08
6.931818181818182e-01, 3.906250000000000e-01, -2.576629849341506e-07, 4.000117056347544e-08
7.159090909090909e-01, 3.906250000000000e-01, -2.848703892552749e-07, 3.802604554158005e-08
7.386363636363636e-01, 3.906250000000000e-01, -2.988464440817110e-07, 3.597705204808246e-08
7.613636363636364e-01, 3.906250000000000e-01, -3.128224989081469e-07, 3.392805855458487e-08
7.840909090909091e-01, 3.906250000000000e-01, -3.267985537345830e-07, 3.187906506108727e-08
8.068181818181818e-01, 3.906250000000000e-01, -3.406371973090456e-07, 2.976040291011030e-08
8.295454545454546e-01, 3.906250000000000e-01, -3.226740391785962e-07, 2.593684343960473e-08
8.522727272727273e-01, 3.906250000000000e-01, -3.047235753942039e-07, 2.210751984869117e-08
8.750000000000000e-01, 3.906250000000000e-01, -2.867731116098117e-07, 1.827819625777762e-08
8.977272727272727e-01, 3.906250000000000e-01, -2.688226478254195e-07, 1.444887266686406e-08
9.204545454545454e-01, 3.906250000000000e-01, -2.155853289453421e-07, 1.133265040277850e-08
9.431818181818182e-01, 3.906250000000000e-01, -1.557794656500643e-07, 8.349169855831113e-09
9.659090909090909e-01, 3.906250000000000e-01, -9.597360235478677e-08, 5.365689308883741e-09
9.886363636363636e-01, 3.906250000000000e-01, -3.351064283127535e-08, 2.004533870035917e-09
1.136363636363636e-02, 4.048295454545455e-01, 2.098727075255880e-08, 3.710997488228880e-10
3.409090909090909e-02, 4.048295454545455e-01, 6.296181225767641e-08, 1.113299246468664e-09
5.681818181818182e-02, 4.048295454545455e-01, 1.049363537627940e-07, 1.855498744114440e-09
7.954545454545454e-02, 4.048295454545455e-01, 1.469108952679116e-07, 2.597698241760216e-09
1.022727272727273e-01, 4.048295454545455e-01, 1.820111556609511e-07, 4.126791199795818e-09
1.250000000000000e-01, 4.048295454545455e-01, 2.043085607236248e-07, 6.642334791722359e-09
1.477272727272727e-01, 4.048295454545455e-01, 2.266059657862985e-07, 9.157878383648903e-09
1.704545454545454e-01, 4.048295454545455e-01, 2.489033708489721e-07, 1.167342197557544e-08
1.931818181818182e-01, 4.048295454545455e-01, 2.644853688604255e-07, 1.453404427934205e-08
2.159090909090909e-01, 4.048295454545455e-01, 2.697151284077141e-07, 1.792662794995175e-08
2.386363636363636e-01, 4.048295454545455e-01, 2.749448879550029e-07, 2.131921162056146e-08
2.613636363636364e-01, 4.048295454545455e-01, 2.772526141014975e-07, 2.414510806186649e-08
2.840909090909091e-01, 4.048295454545455e-01, 2.741585793208200e-07, 2.609145119156325e-08
3.068181818181818e-01, 4.048295454545455e-01, 2.577955047677698e-07, 2.917028583258815e-08
3.295454545454545e-01, 4.048295454545455e-01, 2.414324302147196e-07, 3.224912047361306e-08
3.522727272727273e-01, 4.048295454545455e-01, 2.250693556616693e-07, 3.532795511463797e-08
3.750000000000000e-01, 4.048295454545455e-01, 2.083851663177481e-07, 3.829890662654084e-08
3.977272727272727e-01, 4.048295454545455e-01, 1.854677245826694e-07, 4.007175174990489e-08
4.204545454545455e-01, 4.048295454545455e-01, 1.526147350588625e-07, 4.195417505424385e-08
4.431818181818182e-01, 4.048295454545455e-01, 1.197617455350557e-07, 4.383659835858282e-08
4.659090909090909e-01, 4.048295454545455e-01, 8.690875601124885e-08, 4.571902166292177e-08
4.886363636363636e-01, 4.048295454545455e-01, 5.405576648744193e-08, 4.760144496726073e-08
5.113636363636364e-01, 4.048295454545455e-01, 2.220455064901017e-08, 4.844448158703989e-08
5.340909090909091e-01, 4.048295454545455e-01, -1.711684415286917e-08, 4.830837469777274e-08
5.568181818181818e-01, 4.048295454545455e-01, -5.643823895474849e-08, 4.817226780850559e-08
5.795454545454546e-01, 4.048295454545455e-01, -9.575963375662805e-08, 4.803616091923844e-08
6.022727272727273e-01, 4.048295454545455e-01, -1.350810285585074e-07, 4.790005402997129e-08
6.250000000000000e-01, 4.048295454545455e-01, -1.674041598367419e-07, 4.740666576781510e-08
6.477272727272727e-01, 4.048295454545455e-01, -1.992668760796943e-07, 4.567625089645642e-08
6.704545454545454e-01, 4.048295454545455e-01, -2.314928262929258e-07, 4.372914359980247e-08
6.931818181818182e-01, 4.048295454545455e-01, -2.637187765061574e-07, 4.178203630314851e-08
7.159090909090909e-01, 4.048295454545455e-01, -2.931405300217942e-07, 3.981927363255053e-08
7.386363636363636e-01, 4.048295454545455e-01, -3.071165848482301e-07, 3.777028013905294e-08
7.613636363636364e-01, 4.048295454545455e-01, -3.210926396746662e-07, 3.572128664555535e-08
7.840909090909091e-01, 4.048295454545455e-01, -3.353113218473923e-07, 3.337471549688878e-08
8.068181818181818e-01, 4.048295454545455e-01, -3.473705634347392e-07, 3.045715599595242e-08
8.295454545454546e-01, 4.048295454545455e-01, -3.291958506783171e-07, 2.672965711269493e-08
8.522727272727273e-01, 4.048295454545455e-01, -3.112453868939248e-07, 2.290033352178137e-08
8.750000000000000e-01, 4.048295454545455e-01, -2.932949231095327e-07, 1.907100993086782e-08
8.977272727272727e-01, 4.048295454545455e-01, -2.753444593251404e-07, 1.524168633995426e-08
9.204545454545454e-01, 4.048295454545455e-01, -2.212806084106789e-07, 1.214216721047185e-08
9.431818181818182e-01, 4.048295454545455e-01, -1.614747451154011e-07, 9.158686663524464e-09
9.659090909090909e-01, 4.048295454545455e-01, -1.005319284938261e-07, 6.013601610107750e-09
9.886363636363636e-01, 4.048295454545455e-01, -3.351064283127535e-08, 2.004533870035917e-09
1.136363636363636e-02, 4.190340909090909e-01, 2.098727075255880e-08, 3.710997488228880e-10
3.409090909090909e-02, 4.190340909090909e-01, 6.296181225767641e-08, 1.113299246468664e-09
5.681818181818182e-02, 4.190340909090909e-01, 1.049363537627940e-07, 1.855498744114440e-09
7.954545454545454e-02, 4.190340909090909e-01, 1.474328674908491e-07, 2.616412673349184e-09
1.022727272727273e-01, 4.190340909090909e-01, 1.863074081775712e-07, 4.236314956854640e-09
1.250000000000000e-01, 4.190340909090909e-01, 2.112650814252717e-07, 7.025423684819529e-09
1.477272727272727e-01, 4.190340909090909e-01, 2.336388916061743e-07, 9.548824295327867e-09
1.704545454545454e-01, 4.190340909090909e-01, 2.559362966688479e-07, 1.206436788725441e-08
1.931818181818182e-01, 4.190340909090909e-01, 2.688948605497834e-07, 1.505979829177372e-08
2.159090909090909e-01, 4.190340909090909e-01, 2.741246200970720e-07, 1.845238196238342e-08
2.386363636363636e-01, 4.190340909090909e-01, 2.793543796443608e-07, 2.184496563299313e-08
2.613636363636364e-01, 4.190340909090909e-01, 2.845841391916494e-07, 2.523754930360284e-08
2.840909090909091e-01, 4.190340909090909e-01, 2.786415688081304e-07, 2.769802417035924e-08
3.068181818181818e-01, 4.190340909090909e-01, 2.622784942550801e-07, 3.077685881138414e-08
3.295454545454545e-01, 4.190340909090909e-01, 2.459154197020299e-07, 3.385569345240904e-08
3.522727272727273e-01, 4.190340909090909e-01, 2.295523451489797e-07, 3.693452809343396e-08
3.750000000000000e-01, 4.190340909090909e-01, 2.131892705959295e-07, 4.001336273445886e-08
3.977272727272727e-01, 4.190340909090909e-01, 1.873419237816639e-07, 4.226409664355592e-08
4.204545454545455e-01, 4.190340909090909e-01, 1.544889342578569e-07, 4.414651994789487e-08
4.431818181818182e-01, 4.190340909090909e-01, 1.216359447340501e-07, 4.602894325223384e-08
4.659090909090909e-01, 4.190340909090909e-01, 8.878295521024330e-08, 4.791136655657279e-08
4.886363636363636e-01, 4.190340909090909e-01, 5.592996568643638e-08, 4.979378986091175e-08
5.113636363636364e-01, 4.190340909090909e-01, 2.007514058823684e-08, 5.073909460062404e-08
5.340909090909091e-01, 4.190340909090909e-01, -1.924625421364248e-08, 5.060298771135689e-08
5.568181818181818e-01, 4.190340909090909e-01, -5.856764901552184e-08, 5.046688082208973e-08
5.795454545454546e-01, 4.190340909090909e-01, -9.788904381740135e-08, 5.033077393282259e-08
6.022727272727273e-01, 4.190340909090909e-01, -1.372104386192807e-07, 5.019466704355544e-08
6.250000000000000e-01, 4.190340909090909e-01, -1.730967174384697e-07, 4.940422393278345e-08
6.477272727272727e-01, 4.190340909090909e-01, -2.053226676517011e-07, 4.745711663612949e-08
6.704545454545454e-01, 4.190340909090909e-01, -2.375486178649326e-07, 4.551000933947554e-08
6.931818181818182e-01, 4.190340909090909e-01, -2.697745680781643e-07, 4.356290204282157e-08
7.159090909090909e-01, 4.190340909090909e-01, -3.014106707883133e-07, 4.161250172352102e-08
7.386363636363636e-01, 4.190340909090909e-01, -3.153867256147494e-07, 3.956350823002342e-08
7.613636363636364e-01, 4.190340909090909e-01, -3.297953497819968e-07, 3.698397697108063e-08
7.840909090909091e-01, 4.190340909090909e-01, -3.444239186945572e-07, 3.413468781972493e-08
8.068181818181818e-01, 4.190340909090909e-01, -3.541039295604328e-07, 3.115390908179453e-08
8.295454545454546e-01, 4.190340909090909e-01, -3.359155181901204e-07, 2.743263032673675e-08
8.522727272727273e-01, 4.190340909090909e-01, -3.177671983936458e-07, 2.369314719487157e-08
8.750000000000000e-01, 4.190340909090909e-01, -2.998167346092535e-07, 1.986382360395801e-08
8.977272727272727e-01, 4.190340909090909e-01, -2.818662708248614e-07, 1.603450001304446e-08
9.204545454545454e-01, 4.190340909090909e-01, -2.269758878760157e-07, 1.295168401816519e-08
9.431818181818182e-01, 4.190340909090909e-01, -1.671700245807379e-07, 9.968203471217808e-09
9.659090909090909e-01, 4.190340909090909e-01, -1.005319284938261e-07, 6.013601610107750e-09
9.886363636363636e-01, 4.190340909090909e-01, -3.351064283127535e-08, 2.004533870035917e-09
1.136363636363636e-02, 4.332386363636364e-01, 2.098727075255880e-08, 3.710997488228880e-10
3.409090909090909e-02, 4.332386363636364e-01, 6.296181225767641e-08, 1.113299246468664e-09
5.681818181818182e-02, 4.332386363636364e-01, 1.049363537627940e-07, 1.855498744114440e-09
7.954545454545454e-02, 4.332386363636364e-01, 1.505032964200814e-07, 2.726497711632497e-09
1.022727272727273e-01, 4.332386363636364e-01, 1.900554879145141e-07, 4.289468096135536e-09
1.250000000000000e-01, 4.332386363636364e-01, 2.150131611622146e-07, 7.078576824100424e-09
1.477272727272727e-01, 4.332386363636364e-01, 2.399708344099150e-07, 9.867685552065315e-09
1.704545454545454e-01, 4.332386363636364e-01, 2.629692224887238e-07, 1.245531379893338e-08
1.931818181818182e-01, 4.332386363636364e-01, 2.733043522391413e-07, 1.558555230420539e-08
2.159090909090909e-01, 4.332386363636364e-01, 2.785341117864300e-07, 1.897813597481510e-08
2.386363636363636e-01, 4.332386363636364e-01, 2.837638713337187e-07, 2.237071964542481e-08
2.613636363636364e-01, 4.332386363636364e-01, 2.893735253914365e-07, 2.580961181840069e-08
2.840909090909091e-01, 4.332386363636364e-01, 2.836144884742893e-07, 2.948566400672951e-08
3.068181818181818e-01, 4.332386363636364e-01, 2.674062740600667e-07, 3.262173137174565e-08
3.295454545454545e-01, 4.332386363636364e-01, 2.511980596458440e-07, 3.575779873676179e-08
3.522727272727273e-01, 4.332386363636364e-01, 2.349898452316212e-07, 3.889386610177794e-08
3.750000000000000e-01, 4.332386363636364e-01, 2.187816308173985e-07, 4.202993346679409e-08
3.977272727272727e-01, 4.332386363636364e-01, 1.900676295278998e-07, 4.521352934450148e-08
4.204545454545455e-01, 4.332386363636364e-01, 1.572501840792520e-07, 4.712755544274923e-08
4.431818181818182e-01, 4.332386363636364e-01, 1.244327386306042e-07, 4.904158154099699e-08
4.659090909090909e-01, 4.332386363636364e-01, 9.161529318195637e-08, 5.095560763924475e-08
4.886363636363636e-01, 4.332386363636364e-01, 5.879784773330849e-08, 5.286963373749250e-08
5.113636363636364e-01, 4.332386363636364e-01, 1.833781856751784e-08, 5.415403014690116e-08
5.340909090909091e-01, 4.332386363636364e-01, -2.099507953288333e-08, 5.398505460769376e-08
5.568181818181818e-01, 4.332386363636364e-01, -6.032797763328449e-08, 5.381607906848636e-08
5.795454545454546e-01, 4.332386363636364e-01, -9.966087573368585e-08, 5.364710352927897e-08
6.022727272727273e-01, 4.332386363636364e-01, -1.389937738340870e-07, 5.347812799007159e-08
6.250000000000000e-01, 4.332386363636364e-01, -1.794064588338177e-07, 5.207488537503685e-08
6.477272727272727e-01, 4.332386363636364e-01, -2.115726774522253e-07, 4.991848903189608e-08
6.704545454545454e-01, 4.332386363636364e-01, -2.437388960706329e-07, 4.776209268875531e-08
6.931818181818182e-01, 4.332386363636364e-01, -2.759051146890407e-07, 4.560569634561452e-08
7.159090909090909e-01, 4.332386363636364e-01, -3.080713333074483e-07, 4.344930000247375e-08
7.386363636363636e-01, 4.332386363636364e-01, -3.242793777166014e-07, 4.059323844527247e-08
7.613636363636364e-01, 4.332386363636364e-01, -3.389079466291617e-07, 3.774394929391678e-08
7.840909090909091e-01, 4.332386363636364e-01, -3.535365155417221e-07, 3.489466014256108e-08
8.068181818181818e-01, 4.332386363636364e-01, -3.608372956861265e-07, 3.185066216763664e-08
8.295454545454546e-01, 4.332386363636364e-01, -3.426488843158140e-07, 2.812938341257887e-08
8.522727272727273e-01, 4.332386363636364e-01, -3.244604729455016e-07, 2.440810465752111e-08
8.750000000000000e-01, 4.332386363636364e-01, -3.063385461089744e-07, 2.065663727704821e-08
8.977272727272727e-01, 4.332386363636364e-01, -2.883880823245822e-07, 1.682731368613465e-08
9.204545454545454e-01, 4.332386363636364e-01, -2.326711673413526e-07, 1.376120082585855e-08
9.431818181818182e-01, 4.332386363636364e-01, -1.675532141563768e-07, 1.002266935017958e-08
9.659090909090909e-01, 4.332386363636364e-01, -1.005319284938261e-07, 6.013601610107750e-09
9.886363636363636e-01, 4.332386363636364e-01, -3.351064283127535e-08, 2.004533870035917e-09
1.136363636363636e-02, 4.474431818181818e-01, 2.098727075255880e-08, 3.710997488228880e-10
3.409090909090909e-02, 4.474431818181818e-01, 6.296181225767641e-08, 1.113299246468664e-09
5.681818181818182e-02, 4.474431818181818e-01, 1.064496360957499e-07, 1.909754923754647e-09
7.954545454545454e-02, 4.474431818181818e-01, 1.535737253493137e-07, 2.836582749915810e-09
1.022727272727273e-01, 4.474431818181818e-01, 1.938035676514570e-07, 4.342621235416433e-09
1.250000000000000e-01, 4.474431818181818e-01, 2.187612408991575e-07, 7.131729963381322e-09
1.477272727272727e-01, 4.474431818181818e-01, 2.437189141468579e-07, 9.920838691346210e-09
1.704545454545454e-01, 4.474431818181818e-01, 2.686765873945584e-07, 1.270994741931110e-08
1.931818181818182e-01, 4.474431818181818e-01, 2.787160205368572e-07, 1.623346996092624e-08
2.159090909090909e-01, 4.474431818181818e-01, 2.844806807810256e-07, 1.969125712752524e-08
2.386363636363636e-01, 4.474431818181818e-01, 2.902453410251940e-07, 2.314904429412425e-08
2.613636363636364e-01, 4.474431818181818e-01, 2.959799718253292e-07, 2.661149837663086e-08
2.840909090909091e-01, 4.474431818181818e-01, 2.895262599461862e-07, 3.162028174634394e-08
3.068181818181818e-01, 4.474431818181818e-01, 2.733180455319635e-07, 3.475634911136009e-08
3.295454545454545e-01, 4.474431818181818e-01, 2.571098311177408e-07, 3.789241647637623e-08
3.522727272727273e-01, 4.474431818181818e-01, 2.409016167035181e-07, 4.102848384139238e-08
3.750000000000000e-01, 4.474431818181818e-01, 2.214760909626258e-07, 4.435930917189278e-08
3.977272727272727e-01, 4.474431818181818e-01, 1.928315433330155e-07, 4.824820233124085e-08
4.204545454545455e-01, 4.474431818181818e-01, 1.601373833159855e-07, 5.022057453537809e-08
4.431818181818182e-01, 4.474431818181818e-01, 1.273199378673377e-07, 5.213460063362586e-08
4.659090909090909e-01, 4.474431818181818e-01, 9.450249241868989e-08, 5.404862673187361e-08
4.886363636363636e-01, 4.474431818181818e-01, 5.992521662804352e-08, 5.586313019942121e-08
5.113636363636364e-01, 4.474431818181818e-01, 1.736198836058855e-08, 5.722600888236830e-08
5.340909090909091e-01, 4.474431818181818e-01, -2.272695359137089e-08, 5.741555674672983e-08
5.568181818181818e-01, 4.474431818181818e-01, -6.205985169177206e-08, 5.724658120752244e-08
5.795454545454546e-01, 4.474431818181818e-01, -1.013927497921734e-07, 5.707760566831504e-08
6.022727272727273e-01, 4.474431818181818e-01, -1.408540380277382e-07, 5.683457273396848e-08
6.250000000000000e-01, 4.474431818181818e-01, -1.831915834162405e-07, 5.493247064897832e-08
6.477272727272727e-01, 4.474431818181818e-01, -2.179542942920876e-07, 5.284098944299948e-08
6.704545454545454e-01, 4.474431818181818e-01, -2.501205129104952e-07, 5.068459309985870e-08
6.931818181818182e-01, 4.474431818181818e-01, -2.822867315289030e-07, 4.852819675671792e-08
7.159090909090909e-01, 4.474431818181818e-01, -3.126571666620710e-07, 4.576754317461967e-08
7.386363636363636e-01, 4.474431818181818e-01, -3.333919745637662e-07, 4.135321076810862e-08
7.613636363636364e-01, 4.474431818181818e-01, -3.480205434763267e-07, 3.850392161675292e-08
7.840909090909091e-01, 4.474431818181818e-01, -3.626491123888871e-07, 3.565463246539724e-08
8.068181818181818e-01, 4.474431818181818e-01, -3.675706618118201e-07, 3.254741525347876e-08
8.295454545454546e-01, 4.474431818181818e-01, -3.493822504415076e-07, 2.882613649842099e-08
8.522727272727273e-01, 4.474431818181818e-01, -3.311938390711952e-07, 2.510485774336322e-08
8.750000000000000e-01, 4.474431818181818e-01, -3.130054277008828e-07, 2.138357898830547e-08
8.977272727272727e-01, 4.474431818181818e-01, -2.949098938243032e-07, 1.762012735922486e-08
9.204545454545454e-01, 4.474431818181818e-01, -2.345744998189278e-07, 1.403173709025144e-08
9.431818181818182e-01, 4.474431818181818e-01, -1.675532141563768e-07, 1.002266935017958e-08
9.659090909090909e-01, 4.474431818181818e-01, -1.005319284938261e-07, 6.013601610107750e-09
9.886363636363636e-01, 4.474431818181818e-01, -3.351064283127535e-08, 2.004533870035917e-09
1.136363636363636e-02, 4.616477272727273e-01, 2.098727075255880e-08, 3.710997488228880e-10
3.409090909090909e-02, 4.616477272727273e-01, 6.296181225767641e-08, 1.113299246468664e-09
5.681818181818182e-02, 4.616477272727273e-01, 1.095200650249822e-07, 2.019839962037961e-09
7.954545454545454e-02, 4.616477272727273e-01, 1.566441542785460e-07, 2.946667788199124e-09
1.022727272727273e-01, 4.616477272727273e-01, 1.975516473883999e-07, 4.395774374697330e-09
1.250000000000000e-01, 4.616477272727273e-01, 2.225093206361003e-07, 7.184883102662218e-09
1.477272727272727e-01, 4.616477272727273e-01, 2.474669938838008e-07, 9.973991830627108e-09
1.704545454545454e-01, 4.616477272727273e-01, 2.711482379119452e-07, 1.337325031464426e-08
1.931818181818182e-01, 4.616477272727273e-01, 2.853524964147831e-07, 1.703068960324881e-08
2.159090909090909e-01, 4.616477272727273e-01, 2.911171566589514e-07, 2.048847676984781e-08
2.386363636363636e-01, 4.616477272727273e-01, 2.968818169031198e-07, 2.394626393644681e-08
2.613636363636364e-01, 4.616477272727273e-01, 2.983661689368908e-07, 2.806925950499267e-08
2.840909090909091e-01, 4.616477272727273e-01, 2.929138421553752e-07, 3.327029357046883e-08
3.068181818181818e-01, 4.616477272727273e-01, 2.792298170038604e-07, 3.689096685097451e-08
3.295454545454545e-01, 4.616477272727273e-01, 2.630216025896377e-07, 4.002703421599066e-08
3.522727272727273e-01, 4.616477272727273e-01, 2.468133881754150e-07, 4.316310158100681e-08
3.750000000000000e-01, 4.616477272727273e-01, 2.229108391253828e-07, 4.676494076829062e-08
3.977272727272727e-01, 4.616477272727273e-01, 1.942662914957725e-07, 5.065383392763869e-08
4.204545454545455e-01, 4.616477272727273e-01, 1.630245825527190e-07, 5.331359362800697e-08
4.431818181818182e-01, 4.616477272727273e-01, 1.302071371040712e-07, 5.522761972625472e-08
4.659090909090909e-01, 4.616477272727273e-01, 9.738969165542339e-08, 5.714164582450247e-08
4.886363636363636e-01, 4.616477272727273e-01, 5.932134816160077e-08, 5.875872103235891e-08
5.113636363636364e-01, 4.616477272727273e-01, 1.675811989414580e-08, 6.012159971530600e-08
5.340909090909091e-01, 4.616477272727273e-01, -2.445882764985844e-08, 6.084605888576590e-08
5.568181818181818e-01, 4.616477272727273e-01, -6.379172575025961e-08, 6.067708334655851e-08
5.795454545454546e-01, 4.616477272727273e-01, -1.031246238506610e-07, 6.050810780735110e-08
6.022727272727273e-01, 4.616477272727273e-01, -1.436231891865144e-07, 5.966675756469281e-08
6.250000000000000e-01, 4.616477272727273e-01, -1.859607345750167e-07, 5.776465547970265e-08
6.477272727272727e-01, 4.616477272727273e-01, -2.243359111319499e-07, 5.576348985410287e-08
6.704545454545454e-01, 4.616477272727273e-01, -2.565021297503575e-07, 5.360709351096210e-08
6.931818181818182e-01, 4.616477272727273e-01, -2.886683483687653e-07, 5.145069716782132e-08
7.159090909090909e-01, 4.616477272727273e-01, -3.165715118014167e-07, 4.785983950056121e-08
7.386363636363636e-01, 4.616477272727273e-01, -3.399861626805310e-07, 4.275865710600551e-08
7.613636363636364e-01, 4.616477272727273e-01, -3.571331403234916e-07, 3.926389393958907e-08
7.840909090909091e-01, 4.616477272727273e-01, -3.717617092360520e-07, 3.641460478823339e-08
8.068181818181818e-01, 4.616477272727273e-01, -3.743040279375137e-07, 3.324416833932087e-08
8.295454545454546e-01, 4.616477272727273e-01, -3.561156165672013e-07, 2.952288958426310e-08
8.522727272727273e-01, 4.616477272727273e-01, -3.379272051968889e-07, 2.580161082920535e-08
8.750000000000000e-01, 4.616477272727273e-01, -3.197387938265765e-07, 2.208033207414759e-08
8.977272727272727e-01, 4.616477272727273e-01, -3.025897571676532e-07, 1.805288603245532e-08
9.204545454545454e-01, 4.616477272727273e-01, -2.345744998189278e-07, 1.403173709025144e-08
9.431818181818182e-01, 4.616477272727273e-01, -1.675532141563768e-07, 1.002266935017958e-08
9.659090909090909e-01, 4.616477272727273e-01, -1.005319284938261e-07, 6.013601610107750e-09
9.886363636363636e-01, 4.616477272727273e-01, -3.351064283127535e-08, 2.004533870035917e-09
1.136363636363636e-02, 4.758522727272727e-01, 2.098727075255880e-08, 3.710997488228880e-10
3.409090909090909e-02, 4.758522727272727e-01, 6.546640470065072e-08, 1.203097174160111e-09
5.681818181818182e-02, 4.758522727272727e-01, 1.125904939542145e-07, 2.129925000321274e-09
7.954545454545454e-02, 4.758522727272727e-01, 1.597145832077782e-07, 3.056752826482436e-09
1.022727272727273e-01, 4.758522727272727e-01, 2.012997271253428e-07, 4.448927513978226e-09
1.250000000000000e-01, 4.758522727272727e-01, 2.262574003730432e-07, 7.238036241943114e-09
1.477272727272727e-01, 4.758522727272727e-01, 2.508296348180608e-07, 1.021138972694341e-08
1.704545454545454e-01, 4.758522727272727e-01, 2.735493416414919e-07, 1.407027549142595e-08
1.931818181818182e-01, 4.758522727272727e-01, 2.919889722927089e-07, 1.782790924557137e-08
2.159090909090909e-01, 4.758522727272727e-01, 2.977536325368773e-07, 2.128569641217037e-08
2.386363636363636e-01, 4.758522727272727e-01, 3.035182927810456e-07, 2.474348357876938e-08
2.613636363636364e-01, 4.758522727272727e-01, 3.007523660484521e-07, 2.952702063335446e-08
2.840909090909091e-01, 4.758522727272727e-01, 2.953000392669366e-07, 3.472805469883064e-08
3.068181818181818e-01, 4.758522727272727e-01, 2.851415884757572e-07, 3.902558459058894e-08
3.295454545454545e-01, 4.758522727272727e-01, 2.689333740615345e-07, 4.216165195560508e-08
3.522727272727273e-01, 4.758522727272727e-01, 2.527251596473119e-07, 4.529771932062124e-08
3.750000000000000e-01, 4.758522727272727e-01, 2.243455872881397e-07, 4.917057236468845e-08
3.977272727272727e-01, 4.758522727272727e-01, 1.957010396585294e-07, 5.305946552403652e-08
4.204545454545455e-01, 4.758522727272727e-01, 1.659117817894525e-07, 5.640661272063582e-08
4.431818181818182e-01, 4.758522727272727e-01, 1.330943363408047e-07, 5.832063881888358e-08
4.659090909090909e-01, 4.758522727272727e-01, 1.002768908921569e-07, 6.023466491713134e-08
4.886363636363636e-01, 4.758522727272727e-01, 5.871747969515803e-08, 6.165431186529659e-08
5.113636363636364e-01, 4.758522727272727e-01, 1.615425142770307e-08, 6.301719054824368e-08
5.340909090909091e-01, 4.758522727272727e-01, -2.619070170834598e-08, 6.427656102480194e-08
5.568181818181818e-01, 4.758522727272727e-01, -6.552359980874715e-08, 6.410758548559455e-08
5.795454545454546e-01, 4.758522727272727e-01, -1.048564979091485e-07, 6.393860994638716e-08
6.022727272727273e-01, 4.758522727272727e-01, -1.463923403452906e-07, 6.249894239541712e-08
6.250000000000000e-01, 4.758522727272727e-01, -1.887298857337929e-07, 6.059684031042696e-08
6.477272727272727e-01, 4.758522727272727e-01, -2.307175279718122e-07, 5.868599026520626e-08
6.704545454545454e-01, 4.758522727272727e-01, -2.628837465902197e-07, 5.652959392206548e-08
6.931818181818182e-01, 4.758522727272727e-01, -2.950499652086275e-07, 5.437319757892470e-08
7.159090909090909e-01, 4.758522727272727e-01, -3.204858569407623e-07, 4.995213582650273e-08
7.386363636363636e-01, 4.758522727272727e-01, -3.439005078198766e-07, 4.485095343194704e-08
7.613636363636364e-01, 4.758522727272727e-01, -3.662457371706566e-07, 4.002386626242523e-08
7.840909090909091e-01, 4.758522727272727e-01, -3.808743060832170e-07, 3.717457711106954e-08
8.068181818181818e-01, 4.758522727272727e-01, -3.810373940632074e-07, 3.394092142516300e-08
8.295454545454546e-01, 4.758522727272727e-01, -3.628489826928949e-07, 3.021964267010522e-08
8.522727272727273e-01, 4.758522727272727e-01, -3.446605713225825e-07, 2.649836391504746e-08
8.750000000000000e-01, 4.758522727272727e-01, -3.278626146985429e-07, 2.236750067405828e-08
8.977272727272727e-01, 4.758522727272727e-01, -3.082720633592729e-07, 1.805288085194298e-08
9.204545454545454e-01, 4.758522727272727e-01, -2.381224024347635e-07, 1.403815452066367e-08
9.431818181818182e-01, 4.758522727272727e-01, -1.679727415102537e-07, 1.002342818938433e-08
9.659090909090909e-01, 4.758522727272727e-01, -1.005319284938261e-07, 6.013601610107750e-09
9.886363636363636e-01, 4.758522727272727e-01, -3.351064283127535e-08, 2.004533870035917e-09
1.136363636363636e-02, 4.900568181818182e-01, 2.141274437631925e-08, 3.863543862822613e-10
3.409090909090909e-02, 4.900568181818182e-01, 6.853683362988299e-08, 1.313182212443424e-09
5.681818181818182e-02, 4.900568181818182e-01, 1.156609228834467e-07, 2.240010038604587e-09
7.954545454545454e-02, 4.900568181818182e-01, 1.627850121370105e-07, 3.166837864765750e-09
1.022727272727273e-01, 4.900568181818182e-01, 2.050478068622856e-07, 4.502080653259123e-09
1.250000000000000e-01, 4.900568181818182e-01, 2.300054801099861e-07, 7.291189381224011e-09
1.477272727272727e-01, 4.900568181818182e-01, 2.532307385476075e-07, 1.090841490372510e-08
1.704545454545454e-01, 4.900568181818182e-01, 2.759504453710385e-07, 1.476730066820763e-08
1.931818181818182e-01, 4.900568181818182e-01, 2.986254481706348e-07, 1.862512888789393e-08
2.159090909090909e-01, 4.900568181818182e-01, 3.043901084148031e-07, 2.208291605449293e-08
2.386363636363636e-01, 4.900568181818182e-01, 3.085908899415292e-07, 2.578374769624011e-08
2.613636363636364e-01, 4.900568181818182e-01, 3.031385631600137e-07, 3.098478176171626e-08
2.840909090909091e-01, 4.900568181818182e-01, 2.976862363784981e-07, 3.618581582719243e-08
3.068181818181818e-01, 4.900568181818182e-01, 2.910533599476541e-07, 4.116020233020336e-08
3.295454545454545e-01, 4.900568181818182e-01, 2.748451455334315e-07, 4.429626969521951e-08
3.522727272727273e-01, 4.900568181818182e-01, 2.544248830805070e-07, 4.768731080173822e-08
3.750000000000000e-01, 4.900568181818182e-01, 2.257803354508967e-07, 5.157620396108628e-08
3.977272727272727e-01, 4.900568181818182e-01, 1.971357878212864e-07, 5.546509712043436e-08
4.204545454545455e-01, 4.900568181818182e-01, 1.684912401916760e-07, 5.935399027978244e-08
4.431818181818182e-01, 4.900568181818182e-01, 1.359815355775382e-07, 6.141365791151244e-08
4.659090909090909e-01, 4.900568181818182e-01, 1.006768394961704e-07, 6.318702401528719e-08
4.886363636363636e-01, 4.900568181818182e-01, 5.811361122871529e-08, 6.454990269823429e-08
5.113636363636364e-01, 4.900568181818182e-01, 1.555038296126032e-08, 6.591278138118139e-08
5.340909090909091e-01, 4.900568181818182e-01, -2.701284530619466e-08, 6.727566006412848e-08
5.568181818181818e-01, 4.900568181818182e-01, -6.725547386723471e-08, 6.753808762463061e-08
5.795454545454546e-01, 4.900568181818182e-01, -1.068239461155645e-07, 6.723322931113161e-08
6.022727272727273e-01, 4.900568181818182e-01, -1.491614915040668e-07, 6.533112722614145e-08
6.250000000000000e-01, 4.900568181818182e-01, -1.914990368925691e-07, 6.342902514115128e-08
6.477272727272727e-01, 4.900568181818182e-01, -2.338365822810715e-07, 6.152692305616113e-08
6.704545454545454e-01, 4.900568181818182e-01, -2.692653634300821e-07, 5.945209433316889e-08
6.931818181818182e-01, 4.900568181818182e-01, -3.009855512009938e-07, 5.714561454699996e-08
7.159090909090909e-01, 4.900568181818182e-01, -3.244002020801080e-07, 5.204443215244426e-08
7.386363636363636e-01, 4.900568181818182e-01, -3.478148529592223e-07, 4.694324975788857e-08
7.613636363636364e-01, 4.900568181818182e-01, -3.712295038383365e-07, 4.184206736333287e-08
7.840909090909091e-01, 4.900568181818182e-01, -3.899869029303818e-07, 3.793454943390568e-08
8.068181818181818e-01, 4.900568181818182e-01, -3.877707601889011e-07, 3.463767451100511e-08
8.295454545454546e-01, 4.900568181818182e-01, -3.695823488185886e-07, 3.091639575594733e-08
8.522727272727273e-01, 4.900568181818182e-01, -3.531354722294327e-07, 2.668211531566124e-08
8.750000000000000e-01, 4.900568181818182e-01, -3.370315390517987e-07, 2.234681447087203e-08
8.977272727272727e-01, 4.900568181818182e-01, -3.126258344186964e-07, 1.806075593359825e-08
9.204545454545454e-01, 4.900568181818182e-01, -2.424761734941869e-07, 1.404602960231893e-08
9.431818181818182e-01, 4.900568181818182e-01, -1.723265125696772e-07, 1.003130327103960e-08
9.659090909090909e-01, 4.900568181818182e-01, -1.021768516451677e-07, 6.016576939760286e-09
9.886363636363636e-01, 4.900568181818182e-01, -3.351064283127535e-08, 2.004533870035917e-09
1.136363636363636e-02, 5.042613636363636e-01, 2.412139445543965e-08, 4.834684555307638e-10
3.409090909090909e-02, 5.042613636363636e-01, 7.160726255911526e-08, 1.423267250726737e-09
5.681818181818182e-02, 5.042613636363636e-01, 1.187313518126790e-07, 2.350095076887900e-09
7.954545454545454e-02, 5.042613636363636e-01, 1.658554410662428e-07, 3.276922903049062e-09
1.022727272727273e-01, 5.042613636363636e-01, 2.087958865992285e-07, 4.555233792540021e-09
1.250000000000000e-01, 5.042613636363636e-01, 2.329121354537231e-07, 7.746554316024257e-09
1.477272727272727e-01, 5.042613636363636e-01, 2.556318422771542e-07, 1.160544008050679e-08
1.704545454545454e-01, 5.042613636363636e-01, 2.783515491005851e-07, 1.546432584498932e-08
1.931818181818182e-01, 5.042613636363636e-01, 3.010712559240162e-07, 1.932321160947186e-08
2.159090909090909e-01, 5.042613636363636e-01, 3.110265842927289e-07, 2.288013569681550e-08
2.386363636363636e-01, 5.042613636363636e-01, 3.109770870530907e-07, 2.724150882460191e-08
2.613636363636364e-01, 5.042613636363636e-01, 3.055247602715752e-07, 3.244254289007806e-08
2.840909090909091e-01, 5.042613636363636e-01, 3.000724334900596e-07, 3.764357695555424e-08
3.068181818181818e-01, 5.042613636363636e-01, 2.946201067085440e-07, 4.284461102103039e-08
3.295454545454545e-01, 5.042613636363636e-01, 2.807569170053283e-07, 4.643088743483395e-08
3.522727272727273e-01, 5.042613636363636e-01, 2.558596312432639e-07, 5.009294239813606e-08
3.750000000000000e-01, 5.042613636363636e-01, 2.272150836136536e-07, 5.398183555748413e-08
3.977272727272727e-01, 5.042613636363636e-01, 1.985705359840433e-07, 5.787072871683221e-08
4.204545454545455e-01, 5.042613636363636e-01, 1.699259883544329e-07, 6.175962187618027e-08
4.431818181818182e-01, 5.042613636363636e-01, 1.388687348142717e-07, 6.450667700414131e-08
4.659090909090909e-01, 5.042613636363636e-01, 1.000729710297277e-07, 6.608261484822488e-08
4.886363636363636e-01, 5.042613636363636e-01, 5.750974276227254e-08, 6.744549353117199e-08
5.113636363636364e-01, 5.042613636363636e-01, 1.494651449481758e-08, 6.880837221411909e-08
5.340909090909091e-01, 5.042613636363636e-01, -2.761671377263741e-08, 7.017125089706618e-08
5.568181818181818e-01, 5.042613636363636e-01, -6.898734792572225e-08, 7.096858976366666e-08
5.795454545454546e-01, 5.042613636363636e-01, -1.095930972743407e-07, 7.006541414185593e-08
6.022727272727273e-01, 5.042613636363636e-01, -1.519306426628430e-07, 6.816331205686578e-08
6.250000000000000e-01, 5.042613636363636e-01, -1.942681880513454e-07, 6.626120997187560e-08
6.477272727272727e-01, 5.042613636363636e-01, -2.366057334398477e-07, 6.435910788688546e-08
6.704545454545454e-01, 5.042613636363636e-01, -2.756469802699444e-07, 6.237459474427228e-08
6.931818181818182e-01, 5.042613636363636e-01, -3.048998963403395e-07, 5.923791087294150e-08
7.159090909090909e-01, 5.042613636363636e-01, -3.283145472194537e-07, 5.413672847838580e-08
7.386363636363636e-01, 5.042613636363636e-01, -3.517291980985680e-07, 4.903554608383009e-08
7.613636363636364e-01, 5.042613636363636e-01, -3.751438489776823e-07, 4.393436368927441e-08
7.840909090909091e-01, 5.042613636363636e-01, -3.985584998567965e-07, 3.883318129471870e-08
8.068181818181818e-01, 5.042613636363636e-01, -3.945122629379565e-07, 3.533203080205344e-08
8.295454545454546e-01, 5.042613636363636e-01, -3.784083297603224e-07, 3.099672995726420e-08
8.522727272727273e-01, 5.042613636363636e-01, -3.623043965826884e-07, 2.666142911247499e-08
8.750000000000000e-01, 5.042613636363636e-01, -3.462004634050545e-07, 2.232612826768577e-08
8.977272727272727e-01, 5.042613636363636e-01, -3.169796054781198e-07, 1.806863101525351e-08
9.204545454545454e-01, 5.042613636363636e-01, -2.468299445536104e-07, 1.405390468397420e-08
9.431818181818182e-01, 5.042613636363636e-01, -1.766802836291006e-07, 1.003917835269487e-08
9.659090909090909e-01, 5.042613636363636e-01, -1.065306227045912e-07, 6.024452021415552e-09
9.886363636363636e-01, 5.042613636363636e-01, -3.638096178008176e-08, 2.009725690136237e-09
1.136363636363636e-02, 5.184659090909091e-01, 2.412139445543965e-08, 4.834684555307638e-10
3.409090909090909e-02, 5.184659090909091e-01, 7.236418336631896e-08, 1.450405366592291e-09
5.681818181818182e-02, 5.184659090909091e-01, 1.206069722771982e-07, 2.417342277653818e-09
7.954545454545454e-02, 5.184659090909091e-01, 1.688497611880776e-07, 3.384279188715346e-09
1.022727272727273e-01, 5.184659090909091e-01, 2.125439663361714e-07, 4.608386931820918e-09
1.250000000000000e-01, 5.184659090909091e-01, 2.353132391832697e-07, 8.443579492805943e-09
1.477272727272727e-01, 5.184659090909091e-01, 2.580329460067008e-07, 1.230246525728848e-08
1.704545454545454e-01, 5.184659090909091e-01, 2.807526528301318e-07, 1.616135102177101e-08
1.931818181818182e-01, 5.184659090909091e-01, 3.034723596535628e-07, 2.002023678625354e-08
2.159090909090909e-01, 5.184659090909091e-01, 3.176630601706548e-07, 2.367735533913806e-08
2.386363636363636e-01, 5.184659090909091e-01, 3.133632841646522e-07, 2.869926995296371e-08
2.613636363636364e-01, 5.184659090909091e-01, 3.079109573831366e-07, 3.390030401843986e-08
2.840909090909091e-01, 5.184659090909091e-01, 3.024586306016211e-07, 3.910133808391604e-08
3.068181818181818e-01, 5.184659090909091e-01, 2.970063038201055e-07, 4.430237214939219e-08
3.295454545454545e-01, 5.184659090909091e-01, 2.859389270356312e-07, 4.860968083518582e-08
3.522727272727273e-01, 5.184659090909091e-01, 2.572943794060209e-07, 5.249857399453389e-08
3.750000000000000e-01, 5.184659090909091e-01, 2.286498317764106e-07, 5.638746715388196e-08
3.977272727272727e-01, 5.184659090909091e-01, 2.000052841468002e-07, 6.027636031323003e-08
4.204545454545455e-01, 5.184659090909091e-01, 1.713607365171899e-07, 6.416525347257810e-08
4.431818181818182e-01, 5.184659090909091e-01, 1.417559340510052e-07, 6.759969609677017e-08
4.659090909090909e-01, 5.184659090909091e-01, 9.946910256328489e-08, 6.897820568116257e-08
4.886363636363636e-01, 5.184659090909091e-01, 5.690587429582982e-08, 7.034108436410967e-08
5.113636363636364e-01, 5.184659090909091e-01, 1.434264602837483e-08, 7.170396304705676e-08
5.340909090909091e-01, 5.184659090909091e-01, -2.822058223908015e-08, 7.306684173000385e-08
5.568181818181818e-01, 5.184659090909091e-01, -7.071922198420981e-08, 7.439909190270273e-08
5.795454545454546e-01, 5.184659090909091e-01, -1.123622484331169e-07, 7.289759897258024e-08
6.022727272727273e-01, 5.184659090909091e-01, -1.546997938216193e-07, 7.099549688759008e-08
6.250000000000000e-01, 5.184659090909091e-01, -1.970373392101215e-07, 6.909339480259991e-08
6.477272727272727e-01, 5.184659090909091e-01, -2.393748845986239e-07, 6.719129271760976e-08
6.704545454545454e-01, 5.184659090909091e-01, -2.817124299871262e-07, 6.528919063261960e-08
6.931818181818182e-01, 5.184659090909091e-01, -3.088142414796851e-07, 6.133020719888301e-08
7.159090909090909e-01, 5.184659090909091e-01, -3.322288923587993e-07, 5.622902480432732e-08
7.386363636363636e-01, 5.184659090909091e-01, -3.556435432379137e-07, 5.112784240977162e-08
7.613636363636364e-01, 5.184659090909091e-01, -3.797365470111283e-07, 4.621965617129920e-08
7.840909090909091e-01, 5.184659090909091e-01, -4.038434000198980e-07, 4.131541013747553e-08
8.068181818181818e-01, 5.184659090909091e-01, -4.036811872912123e-07, 3.531134459886718e-08
8.295454545454546e-01, 5.184659090909091e-01, -3.875772541135782e-07, 3.097604375407795e-08
8.522727272727273e-01, 5.184659090909091e-01, -3.714733209359443e-07, 2.664074290928873e-08
8.750000000000000e-01, 5.184659090909091e-01, -3.553693877583103e-07, 2.230544206449952e-08
8.977272727272727e-01, 5.184659090909091e-01, -3.213333765375434e-07, 1.807650609690879e-08
9.204545454545454e-01, 5.184659090909091e-01, -2.511837156130339e-07, 1.406177976562947e-08
9.431818181818182e-01, 5.184659090909091e-01, -1.810340546885241e-07, 1.004705343435013e-08
9.659090909090909e-01, 5.184659090909091e-01, -1.108843937640147e-07, 6.032327103070819e-09
9.886363636363636e-01, 5.184659090909091e-01, -3.855784730979349e-08, 2.013663230963871e-09
1.136363636363636e-02, 5.326704545454546e-01, 2.412139445543965e-08, 4.834684555307638e-10
3.409090909090909e-02, 5.326704545454546e-01, 7.236418336631896e-08, 1.450405366592291e-09
5.681818181818182e-02, 5.326704545454546e-01, 1.206069722771982e-07, 2.417342277653818e-09
7.954545454545454e-02, 5.326704545454546e-01, 1.688497611880776e-07, 3.384279188715346e-09
1.022727272727273e-01, 5.326704545454546e-01, 2.165452623511943e-07, 4.606710515398334e-09
1.250000000000000e-01, 5.326704545454546e-01, 2.389548657033798e-07, 8.600588476210481e-09
1.477272727272727e-01, 5.326704545454546e-01, 2.613644690555652e-07, 1.259446643702263e-08
1.704545454545454e-01, 5.326704545454546e-01, 2.837740724077506e-07, 1.658834439783478e-08
1.931818181818182e-01, 5.326704545454546e-01, 3.061836757599360e-07, 2.058222235864693e-08
2.159090909090909e-01, 5.326704545454546e-01, 3.213550053984667e-07, 2.496995103944139e-08
2.386363636363636e-01, 5.326704545454546e-01, 3.161121337697358e-07, 3.019006338740836e-08
2.613636363636364e-01, 5.326704545454546e-01, 3.108692621410049e-07, 3.541017573537532e-08
2.840909090909091e-01, 5.326704545454546e-01, 3.056263905122740e-07, 4.063028808334230e-08
3.068181818181818e-01, 5.326704545454546e-01, 3.003835188835431e-07, 4.585040043130927e-08
3.295454545454545e-01, 5.326704545454546e-01, 2.882176449145527e-07, 5.137561380139013e-08
3.522727272727273e-01, 5.326704545454546e-01, 2.596515470003349e-07, 5.529799813865075e-08
3.750000000000000e-01, 5.326704545454546e-01, 2.310854490861171e-07, 5.922038247591136e-08
3.977272727272727e-01, 5.326704545454546e-01, 2.025193511718993e-07, 6.314276681317195e-08
4.204545454545455e-01, 5.326704545454546e-01, 1.739532532576815e-07, 6.706515115043259e-08
4.431818181818182e-01, 5.326704545454546e-01, 1.414489980049856e-07, 7.096074744862166e-08
4.659090909090909e-01, 5.326704545454546e-01, 9.928029964486332e-08, 7.264404234432849e-08
4.886363636363636e-01, 5.326704545454546e-01, 5.671761226191332e-08, 7.400792475797952e-08
5.113636363636364e-01, 5.326704545454546e-01, 1.415492487896345e-08, 7.537180717163054e-08
5.340909090909091e-01, 5.326704545454546e-01, -2.840776250398644e-08, 7.673568958528157e-08
5.568181818181818e-01, 5.326704545454546e-01, -7.161256271607098e-08, 7.787059933483622e-08
5.795454545454546e-01, 5.326704545454546e-01, -1.158526652144412e-07, 7.647186595762767e-08
6.022727272727273e-01, 5.326704545454546e-01, -1.581449809299163e-07, 7.452322882070914e-08
6.250000000000000e-01, 5.326704545454546e-01, -2.004372966453913e-07, 7.257459168379064e-08
6.477272727272727e-01, 5.326704545454546e-01, -2.427296123608663e-07, 7.062595454687212e-08
6.704545454545454e-01, 5.326704545454546e-01, -2.850219280763414e-07, 6.867731740995362e-08
6.931818181818182e-01, 5.326704545454546e-01, -3.148068228213548e-07, 6.401377630035174e-08
7.159090909090909e-01, 5.326704545454546e-01, -3.389136758301246e-07, 5.910953026652807e-08
7.386363636363636e-01, 5.326704545454546e-01, -3.630205288388942e-07, 5.420528423270437e-08
7.613636363636364e-01, 5.326704545454546e-01, -3.871273818476639e-07, 4.930103819888069e-08
7.840909090909091e-01, 5.326704545454546e-01, -4.112342348564335e-07, 4.439679216505701e-08
8.068181818181818e-01, 5.326704545454546e-01, -4.121361688837396e-07, 3.549615235433127e-08
8.295454545454546e-01, 5.326704545454546e-01, -3.967461784668340e-07, 3.095535755089169e-08
8.522727272727273e-01, 5.326704545454546e-01, -3.806422452892001e-07, 2.662005670610248e-08
8.750000000000000e-01, 5.326704545454546e-01, -3.645383121115661e-07, 2.228475586131326e-08
8.977272727272727e-01, 5.326704545454546e-01, -3.256871475969668e-07, 1.808438117856405e-08
9.204545454545454e-01, 5.326704545454546e-01, -2.555374866724573e-07, 1.406965484728474e-08
9.431818181818182e-01, 5.326704545454546e-01, -1.853878257479476e-07, 1.005492851600540e-08
9.659090909090909e-01, 5.326704545454546e-01, -1.152381648234381e-07, 6.040202184726086e-09
9.886363636363636e-01, 5.326704545454546e-01, -3.855784730979349e-08, 2.013663230963871e-09
1.136363636363636e-02, 5.468750000000000e-01, 2.412139445543965e-08, 4.834684555307638e-10
3.409090909090909e-02, 5.468750000000000e-01, 7.236418336631896e-08, 1.450405366592291e-09
5.681818181818182e-02, 5.468750000000000e-01, 1.206069722771982e-07, 2.417342277653818e-09
7.954545454545454e-02, 5.468750000000000e-01, 1.689747841561705e-07, 3.434074534500003e-09
1.022727272727273e-01, 5.468750000000000e-01, 2.178988081260100e-07, 4.672340272888210e-09
1.250000000000000e-01, 5.468750000000000e-01, 2.435898297234932e-07, 8.325184335429660e-09
1.477272727272727e-01, 5.468750000000000e-01, 2.659994330756787e-07, 1.231906229624181e-08
1.704545454545454e-01, 5.468750000000000e-01, 2.884090364278641e-07, 1.631294025705395e-08
1.931818181818182e-01, 5.468750000000000e-01, 3.108186397800495e-07, 2.030681821786610e-08
2.159090909090909e-01, 5.468750000000000e-01, 3.261048518756575e-07, 2.664714109839416e-08
2.386363636363636e-01, 5.468750000000000e-01, 3.211924460060961e-07, 3.189321876236818e-08
2.613636363636364e-01, 5.468750000000000e-01, 3.159495743773652e-07, 3.711333111033515e-08
2.840909090909091e-01, 5.468750000000000e-01, 3.107067027486344e-07, 4.233344345830212e-08
3.068181818181818e-01, 5.468750000000000e-01, 3.054638311199035e-07, 4.755355580626909e-08
3.295454545454545e-01, 5.468750000000000e-01, 2.892707347714152e-07, 5.406907247863231e-08
3.522727272727273e-01, 5.468750000000000e-01, 2.630233627434631e-07, 5.853058843895479e-08
3.750000000000000e-01, 5.468750000000000e-01, 2.344572648292453e-07, 6.245297277621541e-08
3.977272727272727e-01, 5.468750000000000e-01, 2.058911669150276e-07, 6.637535711347601e-08
4.204545454545455e-01, 5.468750000000000e-01, 1.773250690008097e-07, 7.029774145073663e-08
4.431818181818182e-01, 5.468750000000000e-01, 1.403809357732053e-07, 7.416313691781551e-08
4.659090909090909e-01, 5.468750000000000e-01, 9.933013708018812e-08, 7.675272890981388e-08
4.886363636363636e-01, 5.468750000000000e-01, 5.676744969723814e-08, 7.811661132346492e-08
5.113636363636364e-01, 5.468750000000000e-01, 1.420476231428827e-08, 7.948049373711594e-08
5.340909090909091e-01, 5.468750000000000e-01, -2.835792506866162e-08, 8.084437615076696e-08
5.568181818181818e-01, 5.468750000000000e-01, -7.341206585995643e-08, 8.131982479001500e-08
5.795454545454546e-01, 5.468750000000000e-01, -1.198150483786852e-07, 8.053172080275893e-08
6.022727272727273e-01, 5.468750000000000e-01, -1.621073640941603e-07, 7.858308366584042e-08
6.250000000000000e-01, 5.468750000000000e-01, -2.043996798096353e-07, 7.663444652892192e-08
6.477272727272727e-01, 5.468750000000000e-01, -2.466919955251104e-07, 7.468580939200340e-08
6.704545454545454e-01, 5.468750000000000e-01, -2.874597357542048e-07, 7.203380089644817e-08
6.931818181818182e-01, 5.468750000000000e-01, -3.221976576578904e-07, 6.709515832793321e-08
7.159090909090909e-01, 5.468750000000000e-01, -3.463045106666601e-07, 6.219091229410952e-08
7.386363636363636e-01, 5.468750000000000e-01, -3.704113636754298e-07, 5.728666626028584e-08
7.613636363636364e-01, 5.468750000000000e-01, -3.945182166841994e-07, 5.238242022646215e-08
7.840909090909091e-01, 5.468750000000000e-01, -4.137107819306134e-07, 4.663182652613413e-08
8.068181818181818e-01, 5.468750000000000e-01, -4.138965889536986e-07, 3.760785400713968e-08
8.295454545454546e-01, 5.468750000000000e-01, -4.059151028200898e-07, 3.093467134770544e-08
8.522727272727273e-01, 5.468750000000000e-01, -3.898111696424559e-07, 2.659937050291622e-08
8.750000000000000e-01, 5.468750000000000e-01, -3.737072364648219e-07, 2.226406965812701e-08
8.977272727272727e-01, 5.468750000000000e-01, -3.300409186563902e-07, 1.809225626021932e-08
9.204545454545454e-01, 5.468750000000000e-01, -2.598912577318808e-07, 1.407752992894000e-08
9.431818181818182e-01, 5.468750000000000e-01, -1.897415968073710e-07, 1.006280359766067e-08
9.659090909090909e-01, 5.468750000000000e-01, -1.156735419293805e-07, 6.040989692891613e-09
9.886363636363636e-01, 5.468750000000000e-01, -3.855784730979349e-08, 2.013663230963871e-09
1.136363636363636e-02, 5.610795454545454e-01, 2.412139445543965e-08, 4.834684555307638e-10
3.409090909090909e-02, 5.610795454545454e-01, 7.236418336631896e-08, 1.450405366592291e-09
5.681818181818182e-02, 5.610795454545454e-01, 1.206069722771982e-07, 2.417342277653818e-09
7.954545454545454e-02, 5.610795454545454e-01, 1.693855659267647e-07, 3.597684634474316e-09
1.022727272727273e-01, 5.610795454545454e-01, 2.183095898966042e-07, 4.835950372862523e-09
1.250000000000000e-01, 5.610795454545454e-01, 2.482247937436067e-07, 8.049780194648838e-09
1.477272727272727e-01, 5.610795454545454e-01, 2.706343970957921e-07, 1.204365815546099e-08
1.704545454545454e-01, 5.610795454545454e-01, 2.930440004479776e-07, 1.603753611627313e-08
1.931818181818182e-01, 5.610795454545454e-01, 3.118975509264058e-07, 2.120277781372745e-08
2.159090909090909e-01, 5.610795454545454e-01, 3.259758410459685e-07, 2.794099016599938e-08
2.386363636363636e-01, 5.610795454545454e-01, 3.262727582424564e-07, 3.359637413732802e-08
2.613636363636364e-01, 5.610795454545454e-01, 3.210298866137255e-07, 3.881648648529498e-08
2.840909090909091e-01, 5.610795454545454e-01, 3.157870149849946e-07, 4.403659883326196e-08
3.068181818181818e-01, 5.610795454545454e-01, 3.058608806263626e-07, 4.981073805719355e-08
3.295454545454545e-01, 5.610795454545454e-01, 2.888589758854059e-07, 5.642193622614935e-08
3.522727272727273e-01, 5.610795454545454e-01, 2.663951784865914e-07, 6.176317873925885e-08
3.750000000000000e-01, 5.610795454545454e-01, 2.378290805723736e-07, 6.568556307651945e-08
3.977272727272727e-01, 5.610795454545454e-01, 2.092629826581558e-07, 6.960794741378006e-08
4.204545454545455e-01, 5.610795454545454e-01, 1.788114261807707e-07, 7.351750653017800e-08
4.431818181818182e-01, 5.610795454545454e-01, 1.393128735414250e-07, 7.736552638700936e-08
4.659090909090909e-01, 5.610795454545454e-01, 9.937997451551295e-08, 8.086141547529927e-08
4.886363636363636e-01, 5.610795454545454e-01, 5.681728713256296e-08, 8.222529788895031e-08
5.113636363636364e-01, 5.610795454545454e-01, 1.425459974961308e-08, 8.358918030260134e-08
5.340909090909091e-01, 5.610795454545454e-01, -2.830808763333681e-08, 8.495306271625236e-08
5.568181818181818e-01, 5.610795454545454e-01, -7.521156900384185e-08, 8.476905024519377e-08
5.795454545454546e-01, 5.610795454545454e-01, -1.228393870243925e-07, 8.432674470640901e-08
6.022727272727273e-01, 5.610795454545454e-01, -1.660697472584044e-07, 8.264293851097169e-08
6.250000000000000e-01, 5.610795454545454e-01, -2.083620629738794e-07, 8.069430137405319e-08
6.477272727272727e-01, 5.610795454545454e-01, -2.506543786893545e-07, 7.874566423713468e-08
6.704545454545454e-01, 5.610795454545454e-01, -2.893399001230912e-07, 7.513301254866909e-08
6.931818181818182e-01, 5.610795454545454e-01, -3.251438264081427e-07, 7.019092095192874e-08
7.159090909090909e-01, 5.610795454545454e-01, -3.536953455031956e-07, 6.527229432169099e-08
7.386363636363636e-01, 5.610795454545454e-01, -3.778021985119653e-07, 6.036804828786730e-08
7.613636363636364e-01, 5.610795454545454e-01, -4.019090515207350e-07, 5.546380225404363e-08
7.840909090909091e-01, 5.610795454545454e-01, -4.154712020005724e-07, 4.874352817894254e-08
8.068181818181818e-01, 5.610795454545454e-01, -4.156570090236576e-07, 3.971955565994809e-08
8.295454545454546e-01, 5.610795454545454e-01, -4.150840271733456e-07, 3.091398514451918e-08
8.522727272727273e-01, 5.610795454545454e-01, -3.989800939957116e-07, 2.657868429972996e-08
8.750000000000000e-01, 5.610795454545454e-01, -3.828761608180776e-07, 2.224338345494075e-08
8.977272727272727e-01, 5.610795454545454e-01, -3.343946897158137e-07, 1.810013134187458e-08
9.204545454545454e-01, 5.610795454545454e-01, -2.642450287913043e-07, 1.408540501059527e-08
9.431818181818182e-01, 5.610795454545454e-01, -1.927892365489675e-07, 1.006831615481935e-08
9.659090909090909e-01, 5.610795454545454e-01, -1.156735419293805e-07, 6.040989692891613e-09
9.886363636363636e-01, 5.610795454545454e-01, -3.855784730979349e-08, 2.013663230963871e-09
1.136363636363636e-02, 5.752840909090909e-01, 2.412139445543965e-08, 4.834684555307638e-10
3.409090909090909e-02, 5.752840909090909e-01, 7.236418336631896e-08, 1.450405366592291e-09
5.681818181818182e-02, 5.752840909090909e-01, 1.208723237275193e-07, 2.523028996060422e-09
7.954545454545454e-02, 5.752840909090909e-01, 1.697963476973588e-07, 3.761294734448629e-09
1.022727272727273e-01, 5.752840909090909e-01, 2.187203716671983e-07, 4.999560472836837e-09
1.250000000000000e-01, 5.752840909090909e-01, 2.528597577637202e-07, 7.774376053868016e-09
1.477272727272727e-01, 5.752840909090909e-01, 2.752693611159056e-07, 1.176825401468017e-08
1.704545454545454e-01, 5.752840909090909e-01, 2.976789644680910e-07, 1.576213197549231e-08
1.931818181818182e-01, 5.752840909090909e-01, 3.117685400967169e-07, 2.249662688133267e-08
2.159090909090909e-01, 5.752840909090909e-01, 3.258468302162796e-07, 2.923483923360460e-08
2.386363636363636e-01, 5.752840909090909e-01, 3.313530704788168e-07, 3.529952951228787e-08
2.613636363636364e-01, 5.752840909090909e-01, 3.261101988500859e-07, 4.051964186025483e-08
2.840909090909091e-01, 5.752840909090909e-01, 3.208673272213550e-07, 4.573975420822180e-08
3.068181818181818e-01, 5.752840909090909e-01, 3.054491217403532e-07, 5.216360180471061e-08
3.295454545454545e-01, 5.752840909090909e-01, 2.884472169993966e-07, 5.877479997366642e-08
3.522727272727273e-01, 5.752840909090909e-01, 2.697669942297196e-07, 6.499576903956291e-08
3.750000000000000e-01, 5.752840909090909e-01, 2.412008963155019e-07, 6.891815337682353e-08
3.977272727272727e-01, 5.752840909090909e-01, 2.126347984012841e-07, 7.284053771408414e-08
4.204545454545455e-01, 5.752840909090909e-01, 1.777433639489904e-07, 7.671989599937191e-08
4.431818181818182e-01, 5.752840909090909e-01, 1.382448113096448e-07, 8.056791585620325e-08
4.659090909090909e-01, 5.752840909090909e-01, 9.874625867029914e-08, 8.441593571303459e-08
4.886363636363636e-01, 5.752840909090909e-01, 5.686712456788778e-08, 8.633398445443575e-08
5.113636363636364e-01, 5.752840909090909e-01, 1.430443718493790e-08, 8.769786686808677e-08
5.340909090909091e-01, 5.752840909090909e-01, -2.938325412717690e-08, 8.866058123915734e-08
5.568181818181818e-01, 5.752840909090909e-01, -7.701107214772728e-08, 8.821827570037255e-08
5.795454545454546e-01, 5.752840909090909e-01, -1.246388901682779e-07, 8.777597016158779e-08
6.022727272727273e-01, 5.752840909090909e-01, -1.700321304226485e-07, 8.670279335610301e-08
6.250000000000000e-01, 5.752840909090909e-01, -2.123244461381235e-07, 8.475415621918449e-08
6.477272727272727e-01, 5.752840909090909e-01, -2.546167618535985e-07, 8.280551908226597e-08
6.704545454545454e-01, 5.752840909090909e-01, -2.912200644919777e-07, 7.823222420089005e-08
6.931818181818182e-01, 5.752840909090909e-01, -3.270239907770293e-07, 7.329013260414968e-08
7.159090909090909e-01, 5.752840909090909e-01, -3.610861803397312e-07, 6.835367634927247e-08
7.386363636363636e-01, 5.752840909090909e-01, -3.851930333485009e-07, 6.344943031544878e-08
7.613636363636364e-01, 5.752840909090909e-01, -4.092998863572706e-07, 5.854518428162510e-08
7.840909090909091e-01, 5.752840909090909e-01, -4.172316220705315e-07, 5.085522983175096e-08
8.068181818181818e-01, 5.752840909090909e-01, -4.174174290936167e-07, 4.183125731275652e-08
8.295454545454546e-01, 5.752840909090909e-01, -4.176032361167018e-07, 3.280728479376203e-08
8.522727272727273e-01, 5.752840909090909e-01, -4.081490183489675e-07, 2.655799809654371e-08
8.750000000000000e-01, 5.752840909090909e-01, -3.920450851713335e-07, 2.222269725175449e-08
8.977272727272727e-01, 5.752840909090909e-01, -3.387484607752372e-07, 1.810800642352985e-08
9.204545454545454e-01, 5.752840909090909e-01, -2.685987998507278e-07, 1.409328009225054e-08
9.431818181818182e-01, 5.752840909090909e-01, -1.927892365489675e-07, 1.006831615481935e-08
9.659090909090909e-01, 5.752840909090909e-01, -1.156735419293805e-07, 6.040989692891613e-09
9.886363636363636e-01, 5.752840909090909e-01, -3.855784730979349e-08, 2.013663230963871e-09
1.136363636363636e-02, 5.894886363636364e-01, 2.412139445543965e-08, 4.834684555307638e-10
3.409090909090909e-02, 5.894886363636364e-01, 7.236418336631896e-08, 1.450405366592291e-09
5.681818181818182e-02, 5.894886363636364e-01, 1.212831054981134e-07, 2.686639096034735e-09
7.954545454545454e-02, 5.894886363636364e-01, 1.702071294679529e-07, 3.924904834422942e-09
1.022727272727273e-01, 5.894886363636364e-01, 2.191311534377925e-07, 5.163170572811150e-09
1.250000000000000e-01, 5.894886363636364e-01, 2.574947217838337e-07, 7.498971913087196e-09
1.477272727272727e-01, 5.894886363636364e-01, 2.799043251360191e-07, 1.149284987389934e-08
1.704545454545454e-01, 5.894886363636364e-01, 2.975612391474652e-07, 1.705226359666595e-08
1.931818181818182e-01, 5.894886363636364e-01, 3.116395292670279e-07, 2.379047594893789e-08
2.159090909090909e-01, 5.894886363636364e-01, 3.257178193865907e-07, 3.052868830120982e-08
2.386363636363636e-01, 5.894886363636364e-01, 3.364333827151771e-07, 3.700268488724769e-08
2.613636363636364e-01, 5.894886363636364e-01, 3.311905110864462e-07, 4.222279723521466e-08
2.840909090909091e-01, 5.894886363636364e-01, 3.220392675953007e-07, 4.790526738327186e-08
3.068181818181818e-01, 5.894886363636364e-01, 3.050373628543440e-07, 5.451646555222765e-08
3.295454545454545e-01, 5.894886363636364e-01, 2.880354581133873e-07, 6.112766372118346e-08
3.522727272727273e-01, 5.894886363636364e-01, 2.710335533724306e-07, 6.773886189013927e-08
3.750000000000000e-01, 5.894886363636364e-01, 2.445727120586301e-07, 7.215074367712756e-08
3.977272727272727e-01, 5.894886363636364e-01, 2.160066141444124e-07, 7.607312801438819e-08
4.204545454545455e-01, 5.894886363636364e-01, 1.766753017172101e-07, 7.992228546856576e-08
4.431818181818182e-01, 5.894886363636364e-01, 1.371767490778645e-07, 8.377030532539711e-08
4.659090909090909e-01, 5.894886363636364e-01, 9.767819643851889e-08, 8.761832518222847e-08
4.886363636363636e-01, 5.894886363636364e-01, 5.691696200321258e-08, 9.044267101992114e-08
5.113636363636364e-01, 5.894886363636364e-01, 1.435427462026271e-08, 9.180655343357216e-08
5.340909090909091e-01, 5.894886363636364e-01, -3.118275727106231e-08, 9.210980669433609e-08
5.568181818181818e-01, 5.894886363636364e-01, -7.881057529161271e-08, 9.166750115555133e-08
5.795454545454546e-01, 5.894886363636364e-01, -1.264383933121633e-07, 9.122519561676655e-08
6.022727272727273e-01, 5.894886363636364e-01, -1.739945135868925e-07, 9.076264820123427e-08
6.250000000000000e-01, 5.894886363636364e-01, -2.162868293023675e-07, 8.881401106431576e-08
6.477272727272727e-01, 5.894886363636364e-01, -2.572963025758128e-07, 8.627352744985131e-08
6.704545454545454e-01, 5.894886363636364e-01, -2.931002288608642e-07, 8.133143585311097e-08
6.931818181818182e-01, 5.894886363636364e-01, -3.289041551459157e-07, 7.638934425637060e-08
7.159090909090909e-01, 5.894886363636364e-01, -3.647080814309670e-07, 7.144725265963026e-08
7.386363636363636e-01, 5.894886363636364e-01, -3.925838681850364e-07, 6.653081234303025e-08
7.613636363636364e-01, 5.894886363636364e-01, -4.166907211938061e-07, 6.162656630920657e-08
7.840909090909091e-01, 5.894886363636364e-01, -4.189920421404905e-07, 5.296693148455937e-08
8.068181818181818e-01, 5.894886363636364e-01, -4.191778491635756e-07, 4.394295896556493e-08
8.295454545454546e-01, 5.894886363636364e-01, -4.193636561866608e-07, 3.491898644657044e-08
8.522727272727273e-01, 5.894886363636364e-01, -4.173179427022232e-07, 2.653731189335745e-08
8.750000000000000e-01, 5.894886363636364e-01, -4.012140095245893e-07, 2.220201104856824e-08
8.977272727272727e-01, 5.894886363636364e-01, -3.431022318346606e-07, 1.811588150518512e-08
9.204545454545454e-01, 5.894886363636364e-01, -2.699049311685548e-07, 1.409564261674712e-08
9.431818181818182e-01, 5.894886363636364e-01, -1.927892365489675e-07, 1.006831615481935e-08
9.659090909090909e-01, 5.894886363636364e-01, -1.156735419293805e-07, 6.040989692891613e-09
9.886363636363636e-01, 5.894886363636364e-01, -3.855784730979349e-08, 2.013663230963871e-09
1.136363636363636e-02, 6.036931818181818e-01, 2.412139445543965e-08, 4.834684555307638e-10
3.409090909090909e-02, 6.036931818181818e-01, 7.276986329886805e-08, 1.611983457620841e-09
5.681818181818182e-02, 6.036931818181818e-01, 1.216938872687076e-07, 2.850249196009048e-09
7.954545454545454e-02, 6.036931818181818e-01, 1.706179112385471e-07, 4.088514934397255e-09
1.022727272727273e-01, 6.036931818181818e-01, 2.195419352083866e-07, 5.326780672785462e-09
1.250000000000000e-01, 6.036931818181818e-01, 2.621296858039471e-07, 7.223567772306374e-09
1.477272727272727e-01, 6.036931818181818e-01, 2.833539381982135e-07, 1.160790031199924e-08
1.704545454545454e-01, 6.036931818181818e-01, 2.974322283177763e-07, 1.834611266427117e-08
1.931818181818182e-01, 6.036931818181818e-01, 3.115105184373390e-07, 2.508432501654311e-08
2.159090909090909e-01, 6.036931818181818e-01, 3.255888085569018e-07, 3.182253736881504e-08
2.386363636363636e-01, 6.036931818181818e-01, 3.396670986764645e-07, 3.856074972108697e-08
2.613636363636364e-01, 6.036931818181818e-01, 3.362708233228065e-07, 4.392595261017449e-08
2.840909090909091e-01, 6.036931818181818e-01, 3.216275087092914e-07, 5.025813113078890e-08
3.068181818181818e-01, 6.036931818181818e-01, 3.046256039683347e-07, 5.686932929974470e-08
3.295454545454545e-01, 6.036931818181818e-01, 2.876236992273781e-07, 6.348052746870051e-08
3.522727272727273e-01, 6.036931818181818e-01, 2.706217944864213e-07, 7.009172563765633e-08
3.750000000000000e-01, 6.036931818181818e-01, 2.479445278017583e-07, 7.538333397743160e-08
3.977272727272727e-01, 6.036931818181818e-01, 2.151057921247756e-07, 7.927665508092825e-08
4.204545454545455e-01, 6.036931818181818e-01, 1.756072394854299e-07, 8.312467493775961e-08
4.431818181818182e-01, 6.036931818181818e-01, 1.361086868460842e-07, 8.697269479459096e-08
4.659090909090909e-01, 6.036931818181818e-01, 9.661013420673861e-08, 9.082071465142232e-08
4.886363636363636e-01, 6.036931818181818e-01, 5.696679943853741e-08, 9.455135758540653e-08
5.113636363636364e-01, 6.036931818181818e-01, 1.440411205558753e-08, 9.591523999905755e-08
5.340909090909091e-01, 6.036931818181818e-01, -3.298226041494772e-08, 9.555903214951484e-08
5.568181818181818e-01, 6.036931818181818e-01, -8.061007843549812e-08, 9.511672661073009e-08
5.795454545454546e-01, 6.036931818181818e-01, -1.282378964560487e-07, 9.467442107194532e-08
6.022727272727273e-01, 6.036931818181818e-01, -1.758657144765991e-07, 9.423211553316056e-08
6.250000000000000e-01, 6.036931818181818e-01, -2.202492124666116e-07, 9.287386590944703e-08
6.477272727272727e-01, 6.036931818181818e-01, -2.591764669446993e-07, 8.937273910207223e-08
6.704545454545454e-01, 6.036931818181818e-01, -2.949803932297507e-07, 8.443064750533189e-08
6.931818181818182e-01, 6.036931818181818e-01, -3.307843195148021e-07, 7.948855590859152e-08
7.159090909090909e-01, 6.036931818181818e-01, -3.665882457998535e-07, 7.454646431185118e-08
7.386363636363636e-01, 6.036931818181818e-01, -3.999747030215719e-07, 6.961219437061171e-08
7.613636363636364e-01, 6.036931818181818e-01, -4.205666551873643e-07, 6.410260565636223e-08
7.840909090909091e-01, 6.036931818181818e-01, -4.207524622104495e-07, 5.507863313736779e-08
8.068181818181818e-01, 6.036931818181818e-01, -4.209382692335347e-07, 4.605466061837334e-08
8.295454545454546e-01, 6.036931818181818e-01, -4.211240762566199e-07, 3.703068809937885e-08
8.522727272727273e-01, 6.036931818181818e-01, -4.213098832797051e-07, 2.800671558038441e-08
8.750000000000000e-01, 6.036931818181818e-01, -4.103829338778450e-07, 2.218132484538198e-08
8.977272727272727e-01, 6.036931818181818e-01, -3.470206257881418e-07, 1.812296907867486e-08
9.204545454545454e-01, 6.036931818181818e-01, -2.699049311685548e-07, 1.409564261674712e-08
9.431818181818182e-01, 6.036931818181818e-01, -1.927892365489675e-07, 1.006831615481935e-08
9.659090909090909e-01, 6.036931818181818e-01, -1.156735419293805e-07, 6.040989692891613e-09
9.886363636363636e-01, 6.036931818181818e-01, -3.855784730979349e-08, 2.013663230963871e-09
1.136363636363636e-02, 6.178977272727273e-01, 2.425662109962269e-08, 5.373278192069475e-10
3.409090909090909e-02, 6.178977272727273e-01, 7.318064506946220e-08, 1.775593557595154e-09
5.681818181818182e-02, 6.178977272727273e-01, 1.221046690393017e-07, 3.013859295983362e-09
7.954545454545454e-02, 6.178977272727273e-01, 1.710286930091412e-07, 4.252125034371570e-09
1.022727272727273e-01, 6.178977272727273e-01, 2.199527169789808e-07, 5.490390772759776e-09
1.250000000000000e-01, 6.178977272727273e-01, 2.667646498240606e-07, 6.948163631525550e-09
1.477272727272727e-01, 6.178977272727273e-01, 2.832249273685246e-07, 1.290174937960447e-08
1.704545454545454e-01, 6.178977272727273e-01, 2.973032174880873e-07, 1.963996173187639e-08
1.931818181818182e-01, 6.178977272727273e-01, 3.113815076076501e-07, 2.637817408414833e-08
2.159090909090909e-01, 6.178977272727273e-01, 3.254597977272129e-07, 3.311638643642027e-08
2.386363636363636e-01, 6.178977272727273e-01, 3.395380878467756e-07, 3.985459878869220e-08
2.613636363636364e-01, 6.178977272727273e-01, 3.382176545642388e-07, 4.599979670935015e-08
2.840909090909091e-01, 6.178977272727273e-01, 3.212157498232821e-07, 5.261099487830596e-08
3.068181818181818e-01, 6.178977272727273e-01, 3.042138450823254e-07, 5.922219304726176e-08
3.295454545454545e-01, 6.178977272727273e-01, 2.872119403413688e-07, 6.583339121621757e-08
3.522727272727273e-01, 6.178977272727273e-01, 2.702100356004121e-07, 7.244458938517337e-08
3.750000000000000e-01, 6.178977272727273e-01, 2.513163435448866e-07, 7.861592427773568e-08
3.977272727272727e-01, 6.178977272727273e-01, 2.140377298929953e-07, 8.247904455012213e-08
4.204545454545455e-01, 6.178977272727273e-01, 1.745391772536496e-07, 8.632706440695348e-08
4.431818181818182e-01, 6.178977272727273e-01, 1.350406246143039e-07, 9.017508426378484e-08
4.659090909090909e-01, 6.178977272727273e-01, 9.554207197495834e-08, 9.402310412061620e-08
4.886363636363636e-01, 6.178977272727273e-01, 5.604351933561263e-08, 9.787112397744755e-08
5.113636363636364e-01, 6.178977272727273e-01, 1.284605446171723e-08, 9.945056314347839e-08
5.340909090909091e-01, 6.178977272727273e-01, -3.478176355883316e-08, 9.900825760469363e-08
5.568181818181818e-01, 6.178977272727273e-01, -8.240958157938357e-08, 9.856595206590887e-08
5.795454545454546e-01, 6.178977272727273e-01, -1.300373995999342e-07, 9.812364652712411e-08
6.022727272727273e-01, 6.178977272727273e-01, -1.776652176204846e-07, 9.768134098833935e-08
6.250000000000000e-01, 6.178977272727273e-01, -2.242115956308557e-07, 9.693372075457835e-08
6.477272727272727e-01, 6.178977272727273e-01, -2.610566313135857e-07, 9.247195075429318e-08
6.704545454545454e-01, 6.178977272727273e-01, -2.968605575986371e-07, 8.752985915755285e-08
6.931818181818182e-01, 6.178977272727273e-01, -3.326644838836886e-07, 8.258776756081247e-08
7.159090909090909e-01, 6.178977272727273e-01, -3.684684101687399e-07, 7.764567596407213e-08
7.386363636363636e-01, 6.178977272727273e-01, -4.042723364537912e-07, 7.270358436733180e-08
7.613636363636364e-01, 6.178977272727273e-01, -4.223270752573233e-07, 6.621430730917065e-08
7.840909090909091e-01, 6.178977272727273e-01, -4.225128822804085e-07, 5.719033479017621e-08
8.068181818181818e-01, 6.178977272727273e-01, -4.226986893034936e-07, 4.816636227118177e-08
8.295454545454546e-01, 6.178977272727273e-01, -4.228844963265788e-07, 3.914238975218728e-08
8.522727272727273e-01, 6.178977272727273e-01, -4.230703033496640e-07, 3.011841723319284e-08
8.750000000000000e-01, 6.178977272727273e-01, -4.195518582311009e-07, 2.216063864219573e-08
8.977272727272727e-01, 6.178977272727273e-01, -3.470206257881418e-07, 1.812296907867486e-08
9.204545454545454e-01, 6.178977272727273e-01, -2.699049311685548e-07, 1.409564261674712e-08
9.431818181818182e-01, 6.178977272727273e-01, -1.927892365489675e-07, 1.006831615481935e-08
9.659090909090909e-01, 6.178977272727273e-01, -1.156735419293805e-07, 6.040989692891613e-09
9.886363636363636e-01, 6.178977272727273e-01, -3.855784730979349e-08, 2.013663230963871e-09
