>>> repeatability probe start 2026-08-17 05:35:53
[preflight] custody controls verified for 1 problem(s); keys sealed and unreadable by execution
[phase: development] results are for post-mortems and convergence checking, NOT for the paper's evaluation table.
[DU1 27b BARE s1] done  calls=79 tok=3867828/35188 857.1s
2026-08-17 05:50:19,663 [oasis.registry] INFO: Loaded discovered config: 5 backends
2026-08-17 05:50:19,664 [oasis.registry] INFO: Registered backend: 4C Multiphysics (fourc)
2026-08-17 05:50:19,664 [oasis.registry] INFO: Registered backend: FEniCSx (dolfinx) (fenics)
2026-08-17 05:50:19,665 [oasis.registry] INFO: Registered backend: deal.II (dealii)
2026-08-17 05:50:19,669 [oasis.registry] INFO: Registered backend: FEBio (febio)
2026-08-17 05:50:19,671 [oasis.registry] INFO: Registered backend: NGSolve (ngsolve)
2026-08-17 05:50:19,671 [oasis.ngsolve] INFO: NGSolve backend registered
2026-08-17 05:50:19,674 [oasis.registry] INFO: Registered backend: scikit-fem (skfem)
2026-08-17 05:50:19,674 [oasis.skfem] INFO: scikit-fem backend registered
2026-08-17 05:50:19,677 [oasis.registry] INFO: Registered backend: Kratos Multiphysics (kratos)
2026-08-17 05:50:19,677 [oasis.kratos] INFO: Kratos Multiphysics backend registered
2026-08-17 05:50:19,680 [oasis.registry] INFO: Registered backend: DUNE-fem (dune)
2026-08-17 05:50:19,680 [oasis.dune] INFO: DUNE-fem backend registered
2026-08-17 05:50:19,685 [oasis.registry] INFO: Registered backend: SPARTA (DSMC) (sparta)
2026-08-17 05:50:19,685 [oasis.sparta] INFO: SPARTA (DSMC) backend registered
2026-08-17 05:50:19,685 [oasis] INFO: Starting OASiS MCP server
2026-08-17 05:50:19,694 [mcp.server.lowlevel.server] INFO: Processing request of type ListToolsRequest
2026-08-17 05:50:30,570 [oasis.registry] INFO: Loaded discovered config: 5 backends
2026-08-17 05:50:30,571 [oasis.registry] INFO: Registered backend: 4C Multiphysics (fourc)
2026-08-17 05:50:30,572 [oasis.registry] INFO: Registered backend: FEniCSx (dolfinx) (fenics)
2026-08-17 05:50:30,572 [oasis.registry] INFO: Registered backend: deal.II (dealii)
2026-08-17 05:50:30,576 [oasis.registry] INFO: Registered backend: FEBio (febio)
2026-08-17 05:50:30,578 [oasis.registry] INFO: Registered backend: NGSolve (ngsolve)
2026-08-17 05:50:30,578 [oasis.ngsolve] INFO: NGSolve backend registered
2026-08-17 05:50:30,581 [oasis.registry] INFO: Registered backend: scikit-fem (skfem)
2026-08-17 05:50:30,581 [oasis.skfem] INFO: scikit-fem backend registered
2026-08-17 05:50:30,585 [oasis.registry] INFO: Registered backend: Kratos Multiphysics (kratos)
2026-08-17 05:50:30,585 [oasis.kratos] INFO: Kratos Multiphysics backend registered
2026-08-17 05:50:30,587 [oasis.registry] INFO: Registered backend: DUNE-fem (dune)
2026-08-17 05:50:30,587 [oasis.dune] INFO: DUNE-fem backend registered
2026-08-17 05:50:30,592 [oasis.registry] INFO: Registered backend: SPARTA (DSMC) (sparta)
2026-08-17 05:50:30,592 [oasis.sparta] INFO: SPARTA (DSMC) backend registered
2026-08-17 05:50:30,592 [oasis] INFO: Starting OASiS MCP server
2026-08-17 05:50:30,600 [mcp.server.lowlevel.server] INFO: Processing request of type CallToolRequest
2026-08-17 05:50:33,883 [mcp.server.lowlevel.server] INFO: Processing request of type ListToolsRequest
2026-08-17 05:50:36,252 [oasis.registry] INFO: Loaded discovered config: 5 backends
2026-08-17 05:50:36,253 [oasis.registry] INFO: Registered backend: 4C Multiphysics (fourc)
2026-08-17 05:50:36,254 [oasis.registry] INFO: Registered backend: FEniCSx (dolfinx) (fenics)
2026-08-17 05:50:36,254 [oasis.registry] INFO: Registered backend: deal.II (dealii)
2026-08-17 05:50:36,258 [oasis.registry] INFO: Registered backend: FEBio (febio)
2026-08-17 05:50:36,261 [oasis.registry] INFO: Registered backend: NGSolve (ngsolve)
2026-08-17 05:50:36,261 [oasis.ngsolve] INFO: NGSolve backend registered
2026-08-17 05:50:36,263 [oasis.registry] INFO: Registered backend: scikit-fem (skfem)
2026-08-17 05:50:36,263 [oasis.skfem] INFO: scikit-fem backend registered
2026-08-17 05:50:36,267 [oasis.registry] INFO: Registered backend: Kratos Multiphysics (kratos)
2026-08-17 05:50:36,267 [oasis.kratos] INFO: Kratos Multiphysics backend registered
2026-08-17 05:50:36,269 [oasis.registry] INFO: Registered backend: DUNE-fem (dune)
2026-08-17 05:50:36,269 [oasis.dune] INFO: DUNE-fem backend registered
2026-08-17 05:50:36,275 [oasis.registry] INFO: Registered backend: SPARTA (DSMC) (sparta)
2026-08-17 05:50:36,275 [oasis.sparta] INFO: SPARTA (DSMC) backend registered
2026-08-17 05:50:36,275 [oasis] INFO: Starting OASiS MCP server
2026-08-17 05:50:36,282 [mcp.server.lowlevel.server] INFO: Processing request of type CallToolRequest
2026-08-17 05:50:37,572 [mcp.server.lowlevel.server] INFO: Processing request of type ListToolsRequest
2026-08-17 05:50:40,635 [oasis.registry] INFO: Loaded discovered config: 5 backends
2026-08-17 05:50:40,636 [oasis.registry] INFO: Registered backend: 4C Multiphysics (fourc)
2026-08-17 05:50:40,636 [oasis.registry] INFO: Registered backend: FEniCSx (dolfinx) (fenics)
2026-08-17 05:50:40,637 [oasis.registry] INFO: Registered backend: deal.II (dealii)
2026-08-17 05:50:40,640 [oasis.registry] INFO: Registered backend: FEBio (febio)
2026-08-17 05:50:40,643 [oasis.registry] INFO: Registered backend: NGSolve (ngsolve)
2026-08-17 05:50:40,643 [oasis.ngsolve] INFO: NGSolve backend registered
2026-08-17 05:50:40,646 [oasis.registry] INFO: Registered backend: scikit-fem (skfem)
2026-08-17 05:50:40,646 [oasis.skfem] INFO: scikit-fem backend registered
2026-08-17 05:50:40,649 [oasis.registry] INFO: Registered backend: Kratos Multiphysics (kratos)
2026-08-17 05:50:40,649 [oasis.kratos] INFO: Kratos Multiphysics backend registered
2026-08-17 05:50:40,652 [oasis.registry] INFO: Registered backend: DUNE-fem (dune)
2026-08-17 05:50:40,652 [oasis.dune] INFO: DUNE-fem backend registered
2026-08-17 05:50:40,657 [oasis.registry] INFO: Registered backend: SPARTA (DSMC) (sparta)
2026-08-17 05:50:40,657 [oasis.sparta] INFO: SPARTA (DSMC) backend registered
2026-08-17 05:50:40,657 [oasis] INFO: Starting OASiS MCP server
2026-08-17 05:50:40,664 [mcp.server.lowlevel.server] INFO: Processing request of type CallToolRequest
2026-08-17 05:50:43,918 [mcp.server.lowlevel.server] INFO: Processing request of type ListToolsRequest
2026-08-17 05:50:43,926 [oasis] INFO: Session journal saved: /home/alexander/Schreibtisch/ofa-v2/data/sessions/session_f7344253-69c2-4dfa-979e-6330812a2a1f.json (1 events)
2026-08-17 05:50:49,412 [oasis.registry] INFO: Loaded discovered config: 5 backends
2026-08-17 05:50:49,413 [oasis.registry] INFO: Registered backend: 4C Multiphysics (fourc)
2026-08-17 05:50:49,413 [oasis.registry] INFO: Registered backend: FEniCSx (dolfinx) (fenics)
2026-08-17 05:50:49,414 [oasis.registry] INFO: Registered backend: deal.II (dealii)
2026-08-17 05:50:49,418 [oasis.registry] INFO: Registered backend: FEBio (febio)
2026-08-17 05:50:49,420 [oasis.registry] INFO: Registered backend: NGSolve (ngsolve)
2026-08-17 05:50:49,420 [oasis.ngsolve] INFO: NGSolve backend registered
2026-08-17 05:50:49,423 [oasis.registry] INFO: Registered backend: scikit-fem (skfem)
2026-08-17 05:50:49,423 [oasis.skfem] INFO: scikit-fem backend registered
2026-08-17 05:50:49,426 [oasis.registry] INFO: Registered backend: Kratos Multiphysics (kratos)
2026-08-17 05:50:49,427 [oasis.kratos] INFO: Kratos Multiphysics backend registered
2026-08-17 05:50:49,429 [oasis.registry] INFO: Registered backend: DUNE-fem (dune)
2026-08-17 05:50:49,429 [oasis.dune] INFO: DUNE-fem backend registered
2026-08-17 05:50:49,434 [oasis.registry] INFO: Registered backend: SPARTA (DSMC) (sparta)
2026-08-17 05:50:49,434 [oasis.sparta] INFO: SPARTA (DSMC) backend registered
2026-08-17 05:50:49,434 [oasis] INFO: Starting OASiS MCP server
2026-08-17 05:50:49,441 [mcp.server.lowlevel.server] INFO: Processing request of type CallToolRequest
2026-08-17 05:50:49,446 [mcp.server.lowlevel.server] INFO: Processing request of type ListToolsRequest
2026-08-17 05:51:02,607 [oasis.registry] INFO: Loaded discovered config: 5 backends
2026-08-17 05:51:02,608 [oasis.registry] INFO: Registered backend: 4C Multiphysics (fourc)
2026-08-17 05:51:02,608 [oasis.registry] INFO: Registered backend: FEniCSx (dolfinx) (fenics)
2026-08-17 05:51:02,609 [oasis.registry] INFO: Registered backend: deal.II (dealii)
2026-08-17 05:51:02,613 [oasis.registry] INFO: Registered backend: FEBio (febio)
2026-08-17 05:51:02,615 [oasis.registry] INFO: Registered backend: NGSolve (ngsolve)
2026-08-17 05:51:02,615 [oasis.ngsolve] INFO: NGSolve backend registered
2026-08-17 05:51:02,618 [oasis.registry] INFO: Registered backend: scikit-fem (skfem)
2026-08-17 05:51:02,618 [oasis.skfem] INFO: scikit-fem backend registered
2026-08-17 05:51:02,620 [oasis.registry] INFO: Loaded discovered config: 5 backends
2026-08-17 05:51:02,621 [oasis.registry] INFO: Registered backend: 4C Multiphysics (fourc)
2026-08-17 05:51:02,621 [oasis.registry] INFO: Loaded discovered config: 5 backends
2026-08-17 05:51:02,622 [oasis.registry] INFO: Registered backend: FEniCSx (dolfinx) (fenics)
2026-08-17 05:51:02,622 [oasis.registry] INFO: Registered backend: deal.II (dealii)
2026-08-17 05:51:02,622 [oasis.registry] INFO: Registered backend: 4C Multiphysics (fourc)
2026-08-17 05:51:02,623 [oasis.registry] INFO: Registered backend: FEniCSx (dolfinx) (fenics)
2026-08-17 05:51:02,623 [oasis.registry] INFO: Registered backend: deal.II (dealii)
2026-08-17 05:51:02,624 [oasis.registry] INFO: Registered backend: Kratos Multiphysics (kratos)
2026-08-17 05:51:02,624 [oasis.kratos] INFO: Kratos Multiphysics backend registered
2026-08-17 05:51:02,626 [oasis.registry] INFO: Registered backend: FEBio (febio)
2026-08-17 05:51:02,627 [oasis.registry] INFO: Registered backend: FEBio (febio)
2026-08-17 05:51:02,628 [oasis.registry] INFO: Registered backend: DUNE-fem (dune)
2026-08-17 05:51:02,628 [oasis.dune] INFO: DUNE-fem backend registered
2026-08-17 05:51:02,629 [oasis.registry] INFO: Registered backend: NGSolve (ngsolve)
2026-08-17 05:51:02,629 [oasis.ngsolve] INFO: NGSolve backend registered
2026-08-17 05:51:02,630 [oasis.registry] INFO: Registered backend: NGSolve (ngsolve)
2026-08-17 05:51:02,630 [oasis.ngsolve] INFO: NGSolve backend registered
2026-08-17 05:51:02,631 [oasis.registry] INFO: Registered backend: scikit-fem (skfem)
2026-08-17 05:51:02,631 [oasis.skfem] INFO: scikit-fem backend registered
2026-08-17 05:51:02,632 [oasis.registry] INFO: Registered backend: scikit-fem (skfem)
2026-08-17 05:51:02,632 [oasis.skfem] INFO: scikit-fem backend registered
2026-08-17 05:51:02,633 [oasis.registry] INFO: Registered backend: SPARTA (DSMC) (sparta)
2026-08-17 05:51:02,633 [oasis.sparta] INFO: SPARTA (DSMC) backend registered
2026-08-17 05:51:02,633 [oasis] INFO: Starting OASiS MCP server
2026-08-17 05:51:02,635 [oasis.registry] INFO: Registered backend: Kratos Multiphysics (kratos)
2026-08-17 05:51:02,635 [oasis.kratos] INFO: Kratos Multiphysics backend registered
2026-08-17 05:51:02,636 [oasis.registry] INFO: Registered backend: Kratos Multiphysics (kratos)
2026-08-17 05:51:02,636 [oasis.kratos] INFO: Kratos Multiphysics backend registered
2026-08-17 05:51:02,638 [oasis.registry] INFO: Registered backend: DUNE-fem (dune)
2026-08-17 05:51:02,638 [oasis.dune] INFO: DUNE-fem backend registered
2026-08-17 05:51:02,639 [oasis.registry] INFO: Registered backend: DUNE-fem (dune)
2026-08-17 05:51:02,639 [oasis.dune] INFO: DUNE-fem backend registered
2026-08-17 05:51:02,641 [mcp.server.lowlevel.server] INFO: Processing request of type CallToolRequest
2026-08-17 05:51:02,643 [oasis.registry] INFO: Registered backend: SPARTA (DSMC) (sparta)
2026-08-17 05:51:02,643 [oasis.sparta] INFO: SPARTA (DSMC) backend registered
2026-08-17 05:51:02,643 [oasis] INFO: Starting OASiS MCP server
2026-08-17 05:51:02,644 [oasis.registry] INFO: Registered backend: SPARTA (DSMC) (sparta)
2026-08-17 05:51:02,644 [oasis.sparta] INFO: SPARTA (DSMC) backend registered
2026-08-17 05:51:02,644 [oasis] INFO: Starting OASiS MCP server
2026-08-17 05:51:02,644 [mcp.server.lowlevel.server] INFO: Processing request of type ListToolsRequest
2026-08-17 05:51:02,650 [oasis] INFO: Session journal saved: /home/alexander/Schreibtisch/ofa-v2/data/sessions/session_09c0f375-9139-4e79-a9cf-bd8dfd1b3032.json (1 events)
2026-08-17 05:51:02,651 [mcp.server.lowlevel.server] INFO: Processing request of type CallToolRequest
2026-08-17 05:51:02,651 [mcp.server.lowlevel.server] INFO: Processing request of type CallToolRequest
2026-08-17 05:51:02,655 [mcp.server.lowlevel.server] INFO: Processing request of type ListToolsRequest
2026-08-17 05:51:02,661 [mcp.server.lowlevel.server] INFO: Processing request of type ListToolsRequest
2026-08-17 05:51:02,667 [oasis] INFO: Session journal saved: /home/alexander/Schreibtisch/ofa-v2/data/sessions/session_15fa7ca1-b71b-4aad-9075-3d59139390cc.json (1 events)
/home/alexander/Schreibtisch/ofa-v2/langgraph_eval/agent.py:215: RuntimeWarning: This package (`duckduckgo_search`) has been renamed to `ddgs`! Use `pip install ddgs` instead.
  with DDGS() as ddgs:
2026-08-17 05:51:15,571 [oasis.registry] INFO: Loaded discovered config: 5 backends
2026-08-17 05:51:15,572 [oasis.registry] INFO: Registered backend: 4C Multiphysics (fourc)
2026-08-17 05:51:15,572 [oasis.registry] INFO: Registered backend: FEniCSx (dolfinx) (fenics)
2026-08-17 05:51:15,573 [oasis.registry] INFO: Registered backend: deal.II (dealii)
2026-08-17 05:51:15,576 [oasis.registry] INFO: Registered backend: FEBio (febio)
2026-08-17 05:51:15,579 [oasis.registry] INFO: Registered backend: NGSolve (ngsolve)
2026-08-17 05:51:15,579 [oasis.ngsolve] INFO: NGSolve backend registered
2026-08-17 05:51:15,581 [oasis.registry] INFO: Registered backend: scikit-fem (skfem)
2026-08-17 05:51:15,581 [oasis.skfem] INFO: scikit-fem backend registered
2026-08-17 05:51:15,585 [oasis.registry] INFO: Registered backend: Kratos Multiphysics (kratos)
2026-08-17 05:51:15,585 [oasis.kratos] INFO: Kratos Multiphysics backend registered
2026-08-17 05:51:15,588 [oasis.registry] INFO: Registered backend: DUNE-fem (dune)
2026-08-17 05:51:15,588 [oasis.dune] INFO: DUNE-fem backend registered
2026-08-17 05:51:15,593 [oasis.registry] INFO: Registered backend: SPARTA (DSMC) (sparta)
2026-08-17 05:51:15,593 [oasis.sparta] INFO: SPARTA (DSMC) backend registered
2026-08-17 05:51:15,593 [oasis] INFO: Starting OASiS MCP server
2026-08-17 05:51:15,601 [mcp.server.lowlevel.server] INFO: Processing request of type CallToolRequest
2026-08-17 05:51:15,608 [mcp.server.lowlevel.server] INFO: Processing request of type ListToolsRequest
2026-08-17 05:51:15,613 [oasis] INFO: Session journal saved: /home/alexander/Schreibtisch/ofa-v2/data/sessions/session_f5b342d7-51d3-484f-a00f-74b9b290ed29.json (1 events)
/home/alexander/Schreibtisch/ofa-v2/langgraph_eval/agent.py:215: RuntimeWarning: This package (`duckduckgo_search`) has been renamed to `ddgs`! Use `pip install ddgs` instead.
  with DDGS() as ddgs:
2026-08-17 05:51:21,771 [oasis.registry] INFO: Loaded discovered config: 5 backends
2026-08-17 05:51:21,772 [oasis.registry] INFO: Registered backend: 4C Multiphysics (fourc)
2026-08-17 05:51:21,773 [oasis.registry] INFO: Registered backend: FEniCSx (dolfinx) (fenics)
2026-08-17 05:51:21,774 [oasis.registry] INFO: Registered backend: deal.II (dealii)
2026-08-17 05:51:21,779 [oasis.registry] INFO: Registered backend: FEBio (febio)
2026-08-17 05:51:21,782 [oasis.registry] INFO: Registered backend: NGSolve (ngsolve)
2026-08-17 05:51:21,782 [oasis.ngsolve] INFO: NGSolve backend registered
2026-08-17 05:51:21,784 [oasis.registry] INFO: Registered backend: scikit-fem (skfem)
2026-08-17 05:51:21,784 [oasis.skfem] INFO: scikit-fem backend registered
2026-08-17 05:51:21,788 [oasis.registry] INFO: Registered backend: Kratos Multiphysics (kratos)
2026-08-17 05:51:21,788 [oasis.kratos] INFO: Kratos Multiphysics backend registered
2026-08-17 05:51:21,790 [oasis.registry] INFO: Registered backend: DUNE-fem (dune)
2026-08-17 05:51:21,790 [oasis.dune] INFO: DUNE-fem backend registered
2026-08-17 05:51:21,796 [oasis.registry] INFO: Registered backend: SPARTA (DSMC) (sparta)
2026-08-17 05:51:21,796 [oasis.sparta] INFO: SPARTA (DSMC) backend registered
2026-08-17 05:51:21,796 [oasis] INFO: Starting OASiS MCP server
2026-08-17 05:51:21,803 [mcp.server.lowlevel.server] INFO: Processing request of type CallToolRequest
2026-08-17 05:51:21,808 [mcp.server.lowlevel.server] INFO: Processing request of type ListToolsRequest
/home/alexander/Schreibtisch/ofa-v2/langgraph_eval/agent.py:215: RuntimeWarning: This package (`duckduckgo_search`) has been renamed to `ddgs`! Use `pip install ddgs` instead.
  with DDGS() as ddgs:
/home/alexander/Schreibtisch/ofa-v2/langgraph_eval/agent.py:215: RuntimeWarning: This package (`duckduckgo_search`) has been renamed to `ddgs`! Use `pip install ddgs` instead.
  with DDGS() as ddgs:
/home/alexander/Schreibtisch/ofa-v2/langgraph_eval/agent.py:215: RuntimeWarning: This package (`duckduckgo_search`) has been renamed to `ddgs`! Use `pip install ddgs` instead.
  with DDGS() as ddgs:
/home/alexander/Schreibtisch/ofa-v2/langgraph_eval/agent.py:215: RuntimeWarning: This package (`duckduckgo_search`) has been renamed to `ddgs`! Use `pip install ddgs` instead.
  with DDGS() as ddgs:
/home/alexander/Schreibtisch/ofa-v2/langgraph_eval/agent.py:215: RuntimeWarning: This package (`duckduckgo_search`) has been renamed to `ddgs`! Use `pip install ddgs` instead.
  with DDGS() as ddgs:
/home/alexander/Schreibtisch/ofa-v2/langgraph_eval/agent.py:215: RuntimeWarning: This package (`duckduckgo_search`) has been renamed to `ddgs`! Use `pip install ddgs` instead.
  with DDGS() as ddgs:
/home/alexander/Schreibtisch/ofa-v2/langgraph_eval/agent.py:215: RuntimeWarning: This package (`duckduckgo_search`) has been renamed to `ddgs`! Use `pip install ddgs` instead.
  with DDGS() as ddgs:
/home/alexander/Schreibtisch/ofa-v2/langgraph_eval/agent.py:215: RuntimeWarning: This package (`duckduckgo_search`) has been renamed to `ddgs`! Use `pip install ddgs` instead.
  with DDGS() as ddgs:
/home/alexander/Schreibtisch/ofa-v2/langgraph_eval/agent.py:215: RuntimeWarning: This package (`duckduckgo_search`) has been renamed to `ddgs`! Use `pip install ddgs` instead.
  with DDGS() as ddgs:
/home/alexander/Schreibtisch/ofa-v2/langgraph_eval/agent.py:215: RuntimeWarning: This package (`duckduckgo_search`) has been renamed to `ddgs`! Use `pip install ddgs` instead.
  with DDGS() as ddgs:
/home/alexander/Schreibtisch/ofa-v2/langgraph_eval/agent.py:215: RuntimeWarning: This package (`duckduckgo_search`) has been renamed to `ddgs`! Use `pip install ddgs` instead.
  with DDGS() as ddgs:
/home/alexander/Schreibtisch/ofa-v2/langgraph_eval/agent.py:215: RuntimeWarning: This package (`duckduckgo_search`) has been renamed to `ddgs`! Use `pip install ddgs` instead.
  with DDGS() as ddgs:
/home/alexander/Schreibtisch/ofa-v2/langgraph_eval/agent.py:215: RuntimeWarning: This package (`duckduckgo_search`) has been renamed to `ddgs`! Use `pip install ddgs` instead.
  with DDGS() as ddgs:
/home/alexander/Schreibtisch/ofa-v2/langgraph_eval/agent.py:215: RuntimeWarning: This package (`duckduckgo_search`) has been renamed to `ddgs`! Use `pip install ddgs` instead.
  with DDGS() as ddgs:
/home/alexander/Schreibtisch/ofa-v2/langgraph_eval/agent.py:215: RuntimeWarning: This package (`duckduckgo_search`) has been renamed to `ddgs`! Use `pip install ddgs` instead.
  with DDGS() as ddgs:
/home/alexander/Schreibtisch/ofa-v2/langgraph_eval/agent.py:215: RuntimeWarning: This package (`duckduckgo_search`) has been renamed to `ddgs`! Use `pip install ddgs` instead.
  with DDGS() as ddgs:
/home/alexander/Schreibtisch/ofa-v2/langgraph_eval/agent.py:215: RuntimeWarning: This package (`duckduckgo_search`) has been renamed to `ddgs`! Use `pip install ddgs` instead.
  with DDGS() as ddgs:
/home/alexander/Schreibtisch/ofa-v2/langgraph_eval/agent.py:215: RuntimeWarning: This package (`duckduckgo_search`) has been renamed to `ddgs`! Use `pip install ddgs` instead.
  with DDGS() as ddgs:
/home/alexander/Schreibtisch/ofa-v2/langgraph_eval/agent.py:215: RuntimeWarning: This package (`duckduckgo_search`) has been renamed to `ddgs`! Use `pip install ddgs` instead.
  with DDGS() as ddgs:
/home/alexander/Schreibtisch/ofa-v2/langgraph_eval/agent.py:215: RuntimeWarning: This package (`duckduckgo_search`) has been renamed to `ddgs`! Use `pip install ddgs` instead.
  with DDGS() as ddgs:
/home/alexander/Schreibtisch/ofa-v2/langgraph_eval/agent.py:215: RuntimeWarning: This package (`duckduckgo_search`) has been renamed to `ddgs`! Use `pip install ddgs` instead.
  with DDGS() as ddgs:
/home/alexander/Schreibtisch/ofa-v2/langgraph_eval/agent.py:215: RuntimeWarning: This package (`duckduckgo_search`) has been renamed to `ddgs`! Use `pip install ddgs` instead.
  with DDGS() as ddgs:
/home/alexander/Schreibtisch/ofa-v2/langgraph_eval/agent.py:215: RuntimeWarning: This package (`duckduckgo_search`) has been renamed to `ddgs`! Use `pip install ddgs` instead.
  with DDGS() as ddgs:
/home/alexander/Schreibtisch/ofa-v2/langgraph_eval/agent.py:215: RuntimeWarning: This package (`duckduckgo_search`) has been renamed to `ddgs`! Use `pip install ddgs` instead.
  with DDGS() as ddgs:
2026-08-17 05:52:00,677 [oasis.registry] INFO: Loaded discovered config: 5 backends
2026-08-17 05:52:00,678 [oasis.registry] INFO: Registered backend: 4C Multiphysics (fourc)
2026-08-17 05:52:00,679 [oasis.registry] INFO: Registered backend: FEniCSx (dolfinx) (fenics)
2026-08-17 05:52:00,679 [oasis.registry] INFO: Registered backend: deal.II (dealii)
2026-08-17 05:52:00,683 [oasis.registry] INFO: Registered backend: FEBio (febio)
2026-08-17 05:52:00,685 [oasis.registry] INFO: Registered backend: NGSolve (ngsolve)
2026-08-17 05:52:00,685 [oasis.ngsolve] INFO: NGSolve backend registered
2026-08-17 05:52:00,688 [oasis.registry] INFO: Registered backend: scikit-fem (skfem)
2026-08-17 05:52:00,688 [oasis.skfem] INFO: scikit-fem backend registered
2026-08-17 05:52:00,692 [oasis.registry] INFO: Registered backend: Kratos Multiphysics (kratos)
2026-08-17 05:52:00,692 [oasis.kratos] INFO: Kratos Multiphysics backend registered
2026-08-17 05:52:00,694 [oasis.registry] INFO: Registered backend: DUNE-fem (dune)
2026-08-17 05:52:00,694 [oasis.dune] INFO: DUNE-fem backend registered
2026-08-17 05:52:00,699 [oasis.registry] INFO: Registered backend: SPARTA (DSMC) (sparta)
2026-08-17 05:52:00,699 [oasis.sparta] INFO: SPARTA (DSMC) backend registered
2026-08-17 05:52:00,699 [oasis] INFO: Starting OASiS MCP server
2026-08-17 05:52:00,707 [mcp.server.lowlevel.server] INFO: Processing request of type CallToolRequest
2026-08-17 05:52:00,712 [mcp.server.lowlevel.server] INFO: Processing request of type ListToolsRequest
2026-08-17 05:52:00,718 [oasis] INFO: Session journal saved: /home/alexander/Schreibtisch/ofa-v2/data/sessions/session_9bfd0ebf-69dc-4428-9ee1-b1c5f45fe07e.json (1 events)
/home/alexander/Schreibtisch/ofa-v2/langgraph_eval/agent.py:290: LangGraphDeprecatedSinceV10: create_react_agent has been moved to `langchain.agents`. Please update your import to `from langchain.agents import create_agent`. Deprecated in LangGraph V1.0 to be removed in V2.0.
  sub_agent = create_react_agent(
2026-08-17 05:52:56,935 [oasis.registry] INFO: Loaded discovered config: 5 backends
2026-08-17 05:52:56,936 [oasis.registry] INFO: Registered backend: 4C Multiphysics (fourc)
2026-08-17 05:52:56,937 [oasis.registry] INFO: Registered backend: FEniCSx (dolfinx) (fenics)
2026-08-17 05:52:56,937 [oasis.registry] INFO: Registered backend: deal.II (dealii)
2026-08-17 05:52:56,941 [oasis.registry] INFO: Registered backend: FEBio (febio)
2026-08-17 05:52:56,942 [oasis.registry] INFO: Loaded discovered config: 5 backends
2026-08-17 05:52:56,943 [oasis.registry] INFO: Registered backend: 4C Multiphysics (fourc)
2026-08-17 05:52:56,943 [oasis.registry] INFO: Registered backend: NGSolve (ngsolve)
2026-08-17 05:52:56,944 [oasis.ngsolve] INFO: NGSolve backend registered
2026-08-17 05:52:56,944 [oasis.registry] INFO: Registered backend: FEniCSx (dolfinx) (fenics)
2026-08-17 05:52:56,944 [oasis.registry] INFO: Registered backend: deal.II (dealii)
2026-08-17 05:52:56,946 [oasis.registry] INFO: Loaded discovered config: 5 backends
2026-08-17 05:52:56,946 [oasis.registry] INFO: Registered backend: scikit-fem (skfem)
2026-08-17 05:52:56,946 [oasis.skfem] INFO: scikit-fem backend registered
2026-08-17 05:52:56,947 [oasis.registry] INFO: Registered backend: 4C Multiphysics (fourc)
2026-08-17 05:52:56,948 [oasis.registry] INFO: Registered backend: FEniCSx (dolfinx) (fenics)
2026-08-17 05:52:56,948 [oasis.registry] INFO: Registered backend: deal.II (dealii)
2026-08-17 05:52:56,948 [oasis.registry] INFO: Registered backend: FEBio (febio)
2026-08-17 05:52:56,950 [oasis.registry] INFO: Registered backend: Kratos Multiphysics (kratos)
2026-08-17 05:52:56,950 [oasis.kratos] INFO: Kratos Multiphysics backend registered
2026-08-17 05:52:56,951 [oasis.registry] INFO: Registered backend: NGSolve (ngsolve)
2026-08-17 05:52:56,951 [oasis.ngsolve] INFO: NGSolve backend registered
2026-08-17 05:52:56,952 [oasis.registry] INFO: Registered backend: FEBio (febio)
2026-08-17 05:52:56,952 [oasis.registry] INFO: Registered backend: DUNE-fem (dune)
2026-08-17 05:52:56,952 [oasis.dune] INFO: DUNE-fem backend registered
2026-08-17 05:52:56,954 [oasis.registry] INFO: Registered backend: scikit-fem (skfem)
2026-08-17 05:52:56,954 [oasis.skfem] INFO: scikit-fem backend registered
2026-08-17 05:52:56,954 [oasis.registry] INFO: Registered backend: NGSolve (ngsolve)
2026-08-17 05:52:56,954 [oasis.ngsolve] INFO: NGSolve backend registered
2026-08-17 05:52:56,957 [oasis.registry] INFO: Registered backend: scikit-fem (skfem)
2026-08-17 05:52:56,957 [oasis.skfem] INFO: scikit-fem backend registered
2026-08-17 05:52:56,958 [oasis.registry] INFO: Registered backend: SPARTA (DSMC) (sparta)
2026-08-17 05:52:56,958 [oasis.sparta] INFO: SPARTA (DSMC) backend registered
2026-08-17 05:52:56,958 [oasis] INFO: Starting OASiS MCP server
2026-08-17 05:52:56,958 [oasis.registry] INFO: Registered backend: Kratos Multiphysics (kratos)
2026-08-17 05:52:56,958 [oasis.kratos] INFO: Kratos Multiphysics backend registered
2026-08-17 05:52:56,960 [oasis.registry] INFO: Registered backend: DUNE-fem (dune)
2026-08-17 05:52:56,960 [oasis.dune] INFO: DUNE-fem backend registered
2026-08-17 05:52:56,961 [oasis.registry] INFO: Registered backend: Kratos Multiphysics (kratos)
2026-08-17 05:52:56,961 [oasis.kratos] INFO: Kratos Multiphysics backend registered
2026-08-17 05:52:56,964 [oasis.registry] INFO: Registered backend: DUNE-fem (dune)
2026-08-17 05:52:56,964 [oasis.dune] INFO: DUNE-fem backend registered
2026-08-17 05:52:56,965 [oasis.registry] INFO: Registered backend: SPARTA (DSMC) (sparta)
2026-08-17 05:52:56,965 [oasis.sparta] INFO: SPARTA (DSMC) backend registered
2026-08-17 05:52:56,965 [oasis] INFO: Starting OASiS MCP server
2026-08-17 05:52:56,965 [mcp.server.lowlevel.server] INFO: Processing request of type CallToolRequest
2026-08-17 05:52:56,969 [oasis.registry] INFO: Registered backend: SPARTA (DSMC) (sparta)
2026-08-17 05:52:56,969 [oasis.sparta] INFO: SPARTA (DSMC) backend registered
2026-08-17 05:52:56,969 [oasis] INFO: Starting OASiS MCP server
2026-08-17 05:52:56,973 [mcp.server.lowlevel.server] INFO: Processing request of type ListToolsRequest
2026-08-17 05:52:56,974 [mcp.server.lowlevel.server] INFO: Processing request of type CallToolRequest
2026-08-17 05:52:56,978 [oasis] INFO: Session journal saved: /home/alexander/Schreibtisch/ofa-v2/data/sessions/session_478fbff0-330c-4ba4-9ad6-d838717eb714.json (1 events)
2026-08-17 05:52:56,978 [mcp.server.lowlevel.server] INFO: Processing request of type CallToolRequest
2026-08-17 05:52:56,980 [mcp.server.lowlevel.server] INFO: Processing request of type ListToolsRequest
2026-08-17 05:52:56,985 [mcp.server.lowlevel.server] INFO: Processing request of type ListToolsRequest
2026-08-17 05:52:56,990 [oasis] INFO: Session journal saved: /home/alexander/Schreibtisch/ofa-v2/data/sessions/session_b89616c2-1559-40e3-80cd-7158cbb59cd5.json (1 events)
/home/alexander/Schreibtisch/ofa-v2/langgraph_eval/agent.py:215: RuntimeWarning: This package (`duckduckgo_search`) has been renamed to `ddgs`! Use `pip install ddgs` instead.
  with DDGS() as ddgs:
/home/alexander/Schreibtisch/ofa-v2/langgraph_eval/agent.py:215: RuntimeWarning: This package (`duckduckgo_search`) has been renamed to `ddgs`! Use `pip install ddgs` instead.
  with DDGS() as ddgs:
/home/alexander/Schreibtisch/ofa-v2/langgraph_eval/agent.py:215: RuntimeWarning: This package (`duckduckgo_search`) has been renamed to `ddgs`! Use `pip install ddgs` instead.
  with DDGS() as ddgs:
/home/alexander/Schreibtisch/ofa-v2/langgraph_eval/agent.py:215: RuntimeWarning: This package (`duckduckgo_search`) has been renamed to `ddgs`! Use `pip install ddgs` instead.
  with DDGS() as ddgs:
/home/alexander/Schreibtisch/ofa-v2/langgraph_eval/agent.py:215: RuntimeWarning: This package (`duckduckgo_search`) has been renamed to `ddgs`! Use `pip install ddgs` instead.
  with DDGS() as ddgs:
/home/alexander/Schreibtisch/ofa-v2/langgraph_eval/agent.py:215: RuntimeWarning: This package (`duckduckgo_search`) has been renamed to `ddgs`! Use `pip install ddgs` instead.
  with DDGS() as ddgs:
2026-08-17 05:53:01,526 [oasis.registry] INFO: Loaded discovered config: 5 backends
2026-08-17 05:53:01,527 [oasis.registry] INFO: Registered backend: 4C Multiphysics (fourc)
2026-08-17 05:53:01,527 [oasis.registry] INFO: Registered backend: FEniCSx (dolfinx) (fenics)
2026-08-17 05:53:01,528 [oasis.registry] INFO: Registered backend: deal.II (dealii)
2026-08-17 05:53:01,532 [oasis.registry] INFO: Registered backend: FEBio (febio)
2026-08-17 05:53:01,534 [oasis.registry] INFO: Registered backend: NGSolve (ngsolve)
2026-08-17 05:53:01,534 [oasis.ngsolve] INFO: NGSolve backend registered
2026-08-17 05:53:01,537 [oasis.registry] INFO: Registered backend: scikit-fem (skfem)
2026-08-17 05:53:01,537 [oasis.skfem] INFO: scikit-fem backend registered
2026-08-17 05:53:01,540 [oasis.registry] INFO: Registered backend: Kratos Multiphysics (kratos)
2026-08-17 05:53:01,540 [oasis.kratos] INFO: Kratos Multiphysics backend registered
2026-08-17 05:53:01,543 [oasis.registry] INFO: Registered backend: DUNE-fem (dune)
2026-08-17 05:53:01,543 [oasis.dune] INFO: DUNE-fem backend registered
2026-08-17 05:53:01,548 [oasis.registry] INFO: Registered backend: SPARTA (DSMC) (sparta)
2026-08-17 05:53:01,548 [oasis.sparta] INFO: SPARTA (DSMC) backend registered
2026-08-17 05:53:01,548 [oasis] INFO: Starting OASiS MCP server
2026-08-17 05:53:01,556 [mcp.server.lowlevel.server] INFO: Processing request of type CallToolRequest
2026-08-17 05:53:01,563 [mcp.server.lowlevel.server] INFO: Processing request of type ListToolsRequest
2026-08-17 05:53:01,568 [oasis] INFO: Session journal saved: /home/alexander/Schreibtisch/ofa-v2/data/sessions/session_36f379d0-8e2a-4001-832d-980434f98088.json (1 events)
/home/alexander/Schreibtisch/ofa-v2/langgraph_eval/agent.py:215: RuntimeWarning: This package (`duckduckgo_search`) has been renamed to `ddgs`! Use `pip install ddgs` instead.
  with DDGS() as ddgs:
/home/alexander/Schreibtisch/ofa-v2/langgraph_eval/agent.py:215: RuntimeWarning: This package (`duckduckgo_search`) has been renamed to `ddgs`! Use `pip install ddgs` instead.
  with DDGS() as ddgs:
/home/alexander/Schreibtisch/ofa-v2/langgraph_eval/agent.py:215: RuntimeWarning: This package (`duckduckgo_search`) has been renamed to `ddgs`! Use `pip install ddgs` instead.
  with DDGS() as ddgs:
/home/alexander/Schreibtisch/ofa-v2/langgraph_eval/agent.py:215: RuntimeWarning: This package (`duckduckgo_search`) has been renamed to `ddgs`! Use `pip install ddgs` instead.
  with DDGS() as ddgs:
/home/alexander/Schreibtisch/ofa-v2/langgraph_eval/agent.py:215: RuntimeWarning: This package (`duckduckgo_search`) has been renamed to `ddgs`! Use `pip install ddgs` instead.
  with DDGS() as ddgs:
2026-08-17 05:53:10,553 [oasis.registry] INFO: Loaded discovered config: 5 backends
2026-08-17 05:53:10,554 [oasis.registry] INFO: Registered backend: 4C Multiphysics (fourc)
2026-08-17 05:53:10,555 [oasis.registry] INFO: Registered backend: FEniCSx (dolfinx) (fenics)
2026-08-17 05:53:10,555 [oasis.registry] INFO: Registered backend: deal.II (dealii)
2026-08-17 05:53:10,558 [oasis.registry] INFO: Loaded discovered config: 5 backends
2026-08-17 05:53:10,559 [oasis.registry] INFO: Registered backend: FEBio (febio)
2026-08-17 05:53:10,559 [oasis.registry] INFO: Registered backend: 4C Multiphysics (fourc)
2026-08-17 05:53:10,560 [oasis.registry] INFO: Registered backend: FEniCSx (dolfinx) (fenics)
2026-08-17 05:53:10,560 [oasis.registry] INFO: Registered backend: deal.II (dealii)
2026-08-17 05:53:10,561 [oasis.registry] INFO: Registered backend: NGSolve (ngsolve)
2026-08-17 05:53:10,561 [oasis.ngsolve] INFO: NGSolve backend registered
2026-08-17 05:53:10,564 [oasis.registry] INFO: Registered backend: scikit-fem (skfem)
2026-08-17 05:53:10,564 [oasis.skfem] INFO: scikit-fem backend registered
2026-08-17 05:53:10,564 [oasis.registry] INFO: Registered backend: FEBio (febio)
2026-08-17 05:53:10,567 [oasis.registry] INFO: Registered backend: NGSolve (ngsolve)
2026-08-17 05:53:10,567 [oasis.ngsolve] INFO: NGSolve backend registered
2026-08-17 05:53:10,568 [oasis.registry] INFO: Registered backend: Kratos Multiphysics (kratos)
2026-08-17 05:53:10,568 [oasis.kratos] INFO: Kratos Multiphysics backend registered
2026-08-17 05:53:10,569 [oasis.registry] INFO: Registered backend: scikit-fem (skfem)
2026-08-17 05:53:10,569 [oasis.skfem] INFO: scikit-fem backend registered
2026-08-17 05:53:10,570 [oasis.registry] INFO: Registered backend: DUNE-fem (dune)
2026-08-17 05:53:10,570 [oasis.dune] INFO: DUNE-fem backend registered
2026-08-17 05:53:10,573 [oasis.registry] INFO: Registered backend: Kratos Multiphysics (kratos)
2026-08-17 05:53:10,573 [oasis.kratos] INFO: Kratos Multiphysics backend registered
2026-08-17 05:53:10,575 [oasis.registry] INFO: Registered backend: SPARTA (DSMC) (sparta)
2026-08-17 05:53:10,575 [oasis.sparta] INFO: SPARTA (DSMC) backend registered
2026-08-17 05:53:10,575 [oasis] INFO: Starting OASiS MCP server
2026-08-17 05:53:10,576 [oasis.registry] INFO: Registered backend: DUNE-fem (dune)
2026-08-17 05:53:10,576 [oasis.dune] INFO: DUNE-fem backend registered
2026-08-17 05:53:10,581 [oasis.registry] INFO: Registered backend: SPARTA (DSMC) (sparta)
2026-08-17 05:53:10,581 [oasis.sparta] INFO: SPARTA (DSMC) backend registered
2026-08-17 05:53:10,581 [oasis] INFO: Starting OASiS MCP server
2026-08-17 05:53:10,583 [mcp.server.lowlevel.server] INFO: Processing request of type CallToolRequest
2026-08-17 05:53:10,588 [mcp.server.lowlevel.server] INFO: Processing request of type CallToolRequest
2026-08-17 05:53:10,590 [mcp.server.lowlevel.server] INFO: Processing request of type ListToolsRequest
2026-08-17 05:53:10,595 [mcp.server.lowlevel.server] INFO: Processing request of type ListToolsRequest
2026-08-17 05:53:10,595 [oasis] INFO: Session journal saved: /home/alexander/Schreibtisch/ofa-v2/data/sessions/session_12245fd1-f0a2-4f14-a87d-675bd6ba9f07.json (1 events)
/home/alexander/Schreibtisch/ofa-v2/langgraph_eval/agent.py:215: RuntimeWarning: This package (`duckduckgo_search`) has been renamed to `ddgs`! Use `pip install ddgs` instead.
  with DDGS() as ddgs:
/home/alexander/Schreibtisch/ofa-v2/langgraph_eval/agent.py:215: RuntimeWarning: This package (`duckduckgo_search`) has been renamed to `ddgs`! Use `pip install ddgs` instead.
  with DDGS() as ddgs:
/home/alexander/Schreibtisch/ofa-v2/langgraph_eval/agent.py:215: RuntimeWarning: This package (`duckduckgo_search`) has been renamed to `ddgs`! Use `pip install ddgs` instead.
  with DDGS() as ddgs:
/home/alexander/Schreibtisch/ofa-v2/langgraph_eval/agent.py:215: RuntimeWarning: This package (`duckduckgo_search`) has been renamed to `ddgs`! Use `pip install ddgs` instead.
  with DDGS() as ddgs:
/home/alexander/Schreibtisch/ofa-v2/langgraph_eval/agent.py:215: RuntimeWarning: This package (`duckduckgo_search`) has been renamed to `ddgs`! Use `pip install ddgs` instead.
  with DDGS() as ddgs:
2026-08-17 05:53:20,575 [oasis.registry] INFO: Loaded discovered config: 5 backends
2026-08-17 05:53:20,576 [oasis.registry] INFO: Registered backend: 4C Multiphysics (fourc)
2026-08-17 05:53:20,577 [oasis.registry] INFO: Registered backend: FEniCSx (dolfinx) (fenics)
2026-08-17 05:53:20,577 [oasis.registry] INFO: Registered backend: deal.II (dealii)
2026-08-17 05:53:20,581 [oasis.registry] INFO: Registered backend: FEBio (febio)
2026-08-17 05:53:20,583 [oasis.registry] INFO: Registered backend: NGSolve (ngsolve)
2026-08-17 05:53:20,583 [oasis.ngsolve] INFO: NGSolve backend registered
2026-08-17 05:53:20,586 [oasis.registry] INFO: Registered backend: scikit-fem (skfem)
2026-08-17 05:53:20,586 [oasis.skfem] INFO: scikit-fem backend registered
2026-08-17 05:53:20,590 [oasis.registry] INFO: Registered backend: Kratos Multiphysics (kratos)
2026-08-17 05:53:20,590 [oasis.kratos] INFO: Kratos Multiphysics backend registered
2026-08-17 05:53:20,592 [oasis.registry] INFO: Registered backend: DUNE-fem (dune)
2026-08-17 05:53:20,592 [oasis.dune] INFO: DUNE-fem backend registered
2026-08-17 05:53:20,597 [oasis.registry] INFO: Registered backend: SPARTA (DSMC) (sparta)
2026-08-17 05:53:20,597 [oasis.sparta] INFO: SPARTA (DSMC) backend registered
2026-08-17 05:53:20,597 [oasis] INFO: Starting OASiS MCP server
2026-08-17 05:53:20,605 [mcp.server.lowlevel.server] INFO: Processing request of type CallToolRequest
2026-08-17 05:53:20,610 [mcp.server.lowlevel.server] INFO: Processing request of type ListToolsRequest
2026-08-17 05:53:20,616 [oasis] INFO: Session journal saved: /home/alexander/Schreibtisch/ofa-v2/data/sessions/session_db90c860-5bd0-45f4-ad83-877c992dce29.json (1 events)
2026-08-17 05:55:21,656 [oasis.registry] INFO: Loaded discovered config: 5 backends
2026-08-17 05:55:21,657 [oasis.registry] INFO: Registered backend: 4C Multiphysics (fourc)
2026-08-17 05:55:21,658 [oasis.registry] INFO: Registered backend: FEniCSx (dolfinx) (fenics)
2026-08-17 05:55:21,658 [oasis.registry] INFO: Registered backend: deal.II (dealii)
2026-08-17 05:55:21,662 [oasis.registry] INFO: Registered backend: FEBio (febio)
2026-08-17 05:55:21,664 [oasis.registry] INFO: Registered backend: NGSolve (ngsolve)
2026-08-17 05:55:21,664 [oasis.ngsolve] INFO: NGSolve backend registered
2026-08-17 05:55:21,667 [oasis.registry] INFO: Registered backend: scikit-fem (skfem)
2026-08-17 05:55:21,667 [oasis.skfem] INFO: scikit-fem backend registered
2026-08-17 05:55:21,671 [oasis.registry] INFO: Registered backend: Kratos Multiphysics (kratos)
2026-08-17 05:55:21,671 [oasis.kratos] INFO: Kratos Multiphysics backend registered
2026-08-17 05:55:21,673 [oasis.registry] INFO: Registered backend: DUNE-fem (dune)
2026-08-17 05:55:21,673 [oasis.dune] INFO: DUNE-fem backend registered
2026-08-17 05:55:21,678 [oasis.registry] INFO: Registered backend: SPARTA (DSMC) (sparta)
2026-08-17 05:55:21,678 [oasis.sparta] INFO: SPARTA (DSMC) backend registered
2026-08-17 05:55:21,678 [oasis] INFO: Starting OASiS MCP server
2026-08-17 05:55:21,686 [mcp.server.lowlevel.server] INFO: Processing request of type CallToolRequest
2026-08-17 05:55:25,169 [mcp.server.lowlevel.server] INFO: Processing request of type ListToolsRequest
2026-08-17 05:55:25,176 [oasis] INFO: Session journal saved: /home/alexander/Schreibtisch/ofa-v2/data/sessions/session_6f2192f0-66de-4ac1-bc2f-a3b311654fd1.json (2 events)
2026-08-17 05:56:56,345 [oasis.registry] INFO: Loaded discovered config: 5 backends
2026-08-17 05:56:56,346 [oasis.registry] INFO: Registered backend: 4C Multiphysics (fourc)
2026-08-17 05:56:56,347 [oasis.registry] INFO: Registered backend: FEniCSx (dolfinx) (fenics)
2026-08-17 05:56:56,347 [oasis.registry] INFO: Registered backend: deal.II (dealii)
2026-08-17 05:56:56,351 [oasis.registry] INFO: Registered backend: FEBio (febio)
2026-08-17 05:56:56,353 [oasis.registry] INFO: Registered backend: NGSolve (ngsolve)
2026-08-17 05:56:56,353 [oasis.ngsolve] INFO: NGSolve backend registered
2026-08-17 05:56:56,356 [oasis.registry] INFO: Registered backend: scikit-fem (skfem)
2026-08-17 05:56:56,356 [oasis.skfem] INFO: scikit-fem backend registered
2026-08-17 05:56:56,360 [oasis.registry] INFO: Registered backend: Kratos Multiphysics (kratos)
2026-08-17 05:56:56,360 [oasis.kratos] INFO: Kratos Multiphysics backend registered
2026-08-17 05:56:56,362 [oasis.registry] INFO: Registered backend: DUNE-fem (dune)
2026-08-17 05:56:56,362 [oasis.dune] INFO: DUNE-fem backend registered
2026-08-17 05:56:56,367 [oasis.registry] INFO: Registered backend: SPARTA (DSMC) (sparta)
2026-08-17 05:56:56,368 [oasis.sparta] INFO: SPARTA (DSMC) backend registered
2026-08-17 05:56:56,368 [oasis] INFO: Starting OASiS MCP server
2026-08-17 05:56:56,376 [mcp.server.lowlevel.server] INFO: Processing request of type CallToolRequest
2026-08-17 05:56:56,379 [mcp.server.lowlevel.server] INFO: Processing request of type ListToolsRequest
2026-08-17 05:57:42,806 [oasis.registry] INFO: Loaded discovered config: 5 backends
2026-08-17 05:57:42,807 [oasis.registry] INFO: Registered backend: 4C Multiphysics (fourc)
2026-08-17 05:57:42,808 [oasis.registry] INFO: Registered backend: FEniCSx (dolfinx) (fenics)
2026-08-17 05:57:42,808 [oasis.registry] INFO: Registered backend: deal.II (dealii)
2026-08-17 05:57:42,812 [oasis.registry] INFO: Registered backend: FEBio (febio)
2026-08-17 05:57:42,815 [oasis.registry] INFO: Registered backend: NGSolve (ngsolve)
2026-08-17 05:57:42,815 [oasis.ngsolve] INFO: NGSolve backend registered
2026-08-17 05:57:42,817 [oasis.registry] INFO: Registered backend: scikit-fem (skfem)
2026-08-17 05:57:42,817 [oasis.skfem] INFO: scikit-fem backend registered
2026-08-17 05:57:42,821 [oasis.registry] INFO: Registered backend: Kratos Multiphysics (kratos)
2026-08-17 05:57:42,821 [oasis.kratos] INFO: Kratos Multiphysics backend registered
2026-08-17 05:57:42,823 [oasis.registry] INFO: Registered backend: DUNE-fem (dune)
2026-08-17 05:57:42,823 [oasis.dune] INFO: DUNE-fem backend registered
2026-08-17 05:57:42,829 [oasis.registry] INFO: Registered backend: SPARTA (DSMC) (sparta)
2026-08-17 05:57:42,829 [oasis.sparta] INFO: SPARTA (DSMC) backend registered
2026-08-17 05:57:42,829 [oasis] INFO: Starting OASiS MCP server
2026-08-17 05:57:42,836 [mcp.server.lowlevel.server] INFO: Processing request of type CallToolRequest
2026-08-17 05:58:08,117 [mcp.server.lowlevel.server] INFO: Processing request of type ListToolsRequest
2026-08-17 05:58:08,122 [oasis] INFO: Session journal saved: /home/alexander/Schreibtisch/ofa-v2/data/sessions/session_79e74ec7-437c-4901-a761-691d6688c4d6.json (2 events)
[preflight] custody controls verified for 1 problem(s); keys sealed and unreadable by execution
[phase: development] results are for post-mortems and convergence checking, NOT for the paper's evaluation table.
[DU1 27b MCP s1] done  calls=22 tok=1588905/20058 481.6s
/home/alexander/Schreibtisch/ofa-v2/campaign3_blind/run_blind.py:598: ResourceWarning: unclosed file <_io.TextIOWrapper name='/home/alexander/Schreibtisch/ofa-v2/campaign3_blind/runs/DU1_27b_MCP_seed1/work/trajectory_live.txt' mode='a' encoding='utf-8'>
  run_one(pid, a.model, cond, a.seed, a.timeout)
ResourceWarning: Enable tracemalloc to get the object allocation traceback
/home/alexander/.local/share/python/cpython-3.12.13-linux-x86_64-gnu/lib/python3.12/asyncio/selector_events.py:879: ResourceWarning: unclosed transport <_SelectorSocketTransport fd=8>
<<< DU1 done 2026-08-17 05:58:22
[preflight] custody controls verified for 1 problem(s); keys sealed and unreadable by execution
[phase: development] results are for post-mortems and convergence checking, NOT for the paper's evaluation table.
[FE1 27b BARE s1] done  calls=85 tok=6659189/110379 1689.2s
2026-08-17 06:04:11,644 [oasis.registry] INFO: Loaded discovered config: 5 backends
2026-08-17 06:04:11,645 [oasis.registry] INFO: Registered backend: 4C Multiphysics (fourc)
2026-08-17 06:04:11,646 [oasis.registry] INFO: Registered backend: FEniCSx (dolfinx) (fenics)
2026-08-17 06:04:11,646 [oasis.registry] INFO: Registered backend: deal.II (dealii)
2026-08-17 06:04:11,650 [oasis.registry] INFO: Registered backend: FEBio (febio)
2026-08-17 06:04:11,652 [oasis.registry] INFO: Registered backend: NGSolve (ngsolve)
2026-08-17 06:04:11,652 [oasis.ngsolve] INFO: NGSolve backend registered
2026-08-17 06:04:11,655 [oasis.registry] INFO: Registered backend: scikit-fem (skfem)
2026-08-17 06:04:11,655 [oasis.skfem] INFO: scikit-fem backend registered
2026-08-17 06:04:11,659 [oasis.registry] INFO: Registered backend: Kratos Multiphysics (kratos)
2026-08-17 06:04:11,659 [oasis.kratos] INFO: Kratos Multiphysics backend registered
2026-08-17 06:04:11,661 [oasis.registry] INFO: Registered backend: DUNE-fem (dune)
2026-08-17 06:04:11,661 [oasis.dune] INFO: DUNE-fem backend registered
2026-08-17 06:04:11,667 [oasis.registry] INFO: Registered backend: SPARTA (DSMC) (sparta)
2026-08-17 06:04:11,667 [oasis.sparta] INFO: SPARTA (DSMC) backend registered
2026-08-17 06:04:11,667 [oasis] INFO: Starting OASiS MCP server
2026-08-17 06:04:11,675 [mcp.server.lowlevel.server] INFO: Processing request of type ListToolsRequest
2026-08-17 06:04:23,334 [oasis.registry] INFO: Loaded discovered config: 5 backends
2026-08-17 06:04:23,335 [oasis.registry] INFO: Registered backend: 4C Multiphysics (fourc)
2026-08-17 06:04:23,336 [oasis.registry] INFO: Registered backend: FEniCSx (dolfinx) (fenics)
2026-08-17 06:04:23,336 [oasis.registry] INFO: Registered backend: deal.II (dealii)
2026-08-17 06:04:23,340 [oasis.registry] INFO: Registered backend: FEBio (febio)
2026-08-17 06:04:23,342 [oasis.registry] INFO: Registered backend: NGSolve (ngsolve)
2026-08-17 06:04:23,342 [oasis.ngsolve] INFO: NGSolve backend registered
2026-08-17 06:04:23,345 [oasis.registry] INFO: Registered backend: scikit-fem (skfem)
2026-08-17 06:04:23,345 [oasis.skfem] INFO: scikit-fem backend registered
2026-08-17 06:04:23,348 [oasis.registry] INFO: Registered backend: Kratos Multiphysics (kratos)
2026-08-17 06:04:23,349 [oasis.kratos] INFO: Kratos Multiphysics backend registered
2026-08-17 06:04:23,351 [oasis.registry] INFO: Registered backend: DUNE-fem (dune)
2026-08-17 06:04:23,351 [oasis.dune] INFO: DUNE-fem backend registered
2026-08-17 06:04:23,356 [oasis.registry] INFO: Registered backend: SPARTA (DSMC) (sparta)
2026-08-17 06:04:23,356 [oasis.sparta] INFO: SPARTA (DSMC) backend registered
2026-08-17 06:04:23,356 [oasis] INFO: Starting OASiS MCP server
2026-08-17 06:04:23,364 [mcp.server.lowlevel.server] INFO: Processing request of type CallToolRequest
2026-08-17 06:04:27,558 [mcp.server.lowlevel.server] INFO: Processing request of type ListToolsRequest
2026-08-17 06:04:27,567 [oasis] INFO: Session journal saved: /home/alexander/Schreibtisch/ofa-v2/data/sessions/session_802622d8-3bfa-4f69-a737-6e48f537521e.json (1 events)
2026-08-17 06:04:33,168 [oasis.registry] INFO: Loaded discovered config: 5 backends
2026-08-17 06:04:33,169 [oasis.registry] INFO: Registered backend: 4C Multiphysics (fourc)
2026-08-17 06:04:33,169 [oasis.registry] INFO: Registered backend: FEniCSx (dolfinx) (fenics)
2026-08-17 06:04:33,170 [oasis.registry] INFO: Registered backend: deal.II (dealii)
2026-08-17 06:04:33,174 [oasis.registry] INFO: Registered backend: FEBio (febio)
2026-08-17 06:04:33,176 [oasis.registry] INFO: Registered backend: NGSolve (ngsolve)
2026-08-17 06:04:33,176 [oasis.ngsolve] INFO: NGSolve backend registered
2026-08-17 06:04:33,179 [oasis.registry] INFO: Registered backend: scikit-fem (skfem)
2026-08-17 06:04:33,179 [oasis.skfem] INFO: scikit-fem backend registered
2026-08-17 06:04:33,182 [oasis.registry] INFO: Registered backend: Kratos Multiphysics (kratos)
2026-08-17 06:04:33,182 [oasis.kratos] INFO: Kratos Multiphysics backend registered
2026-08-17 06:04:33,185 [oasis.registry] INFO: Registered backend: DUNE-fem (dune)
2026-08-17 06:04:33,185 [oasis.dune] INFO: DUNE-fem backend registered
2026-08-17 06:04:33,190 [oasis.registry] INFO: Registered backend: SPARTA (DSMC) (sparta)
2026-08-17 06:04:33,190 [oasis.sparta] INFO: SPARTA (DSMC) backend registered
2026-08-17 06:04:33,190 [oasis] INFO: Starting OASiS MCP server
2026-08-17 06:04:33,198 [mcp.server.lowlevel.server] INFO: Processing request of type CallToolRequest
2026-08-17 06:06:10,097 [mcp.server.lowlevel.server] INFO: Processing request of type ListToolsRequest
2026-08-17 06:06:10,103 [oasis] INFO: Session journal saved: /home/alexander/Schreibtisch/ofa-v2/data/sessions/session_2bcffbbd-9689-48f7-a9a0-524b240abe5f.json (1 events)
2026-08-17 06:06:13,627 [oasis.registry] INFO: Loaded discovered config: 5 backends
2026-08-17 06:06:13,628 [oasis.registry] INFO: Registered backend: 4C Multiphysics (fourc)
2026-08-17 06:06:13,629 [oasis.registry] INFO: Registered backend: FEniCSx (dolfinx) (fenics)
2026-08-17 06:06:13,629 [oasis.registry] INFO: Registered backend: deal.II (dealii)
2026-08-17 06:06:13,633 [oasis.registry] INFO: Registered backend: FEBio (febio)
2026-08-17 06:06:13,635 [oasis.registry] INFO: Registered backend: NGSolve (ngsolve)
2026-08-17 06:06:13,635 [oasis.ngsolve] INFO: NGSolve backend registered
2026-08-17 06:06:13,638 [oasis.registry] INFO: Registered backend: scikit-fem (skfem)
2026-08-17 06:06:13,638 [oasis.skfem] INFO: scikit-fem backend registered
2026-08-17 06:06:13,642 [oasis.registry] INFO: Registered backend: Kratos Multiphysics (kratos)
2026-08-17 06:06:13,642 [oasis.kratos] INFO: Kratos Multiphysics backend registered
2026-08-17 06:06:13,644 [oasis.registry] INFO: Registered backend: DUNE-fem (dune)
2026-08-17 06:06:13,644 [oasis.dune] INFO: DUNE-fem backend registered
2026-08-17 06:06:13,649 [oasis.registry] INFO: Registered backend: SPARTA (DSMC) (sparta)
2026-08-17 06:06:13,649 [oasis.sparta] INFO: SPARTA (DSMC) backend registered
2026-08-17 06:06:13,649 [oasis] INFO: Starting OASiS MCP server
2026-08-17 06:06:13,657 [mcp.server.lowlevel.server] INFO: Processing request of type CallToolRequest
[preflight] quarantined 1 directory(ies) of prior agent scratch so this run cannot read them:
             /tmp/coupled_elasticity -> runs_quarantine/stray_scratch/coupled_elasticity__4
[preflight] custody controls verified for 1 problem(s); keys sealed and unreadable by execution
[phase: development] results are for post-mortems and convergence checking, NOT for the paper's evaluation table.
[KR2 27b BARE s1] done  calls=187 tok=12660200/88275 1854.4s
2026-08-17 06:06:57,520 [oasis.registry] INFO: Loaded discovered config: 5 backends
2026-08-17 06:06:57,522 [oasis.registry] INFO: Registered backend: 4C Multiphysics (fourc)
2026-08-17 06:06:57,522 [oasis.registry] INFO: Registered backend: FEniCSx (dolfinx) (fenics)
2026-08-17 06:06:57,523 [oasis.registry] INFO: Registered backend: deal.II (dealii)
2026-08-17 06:06:57,528 [oasis.registry] INFO: Registered backend: FEBio (febio)
2026-08-17 06:06:57,531 [oasis.registry] INFO: Registered backend: NGSolve (ngsolve)
2026-08-17 06:06:57,531 [oasis.ngsolve] INFO: NGSolve backend registered
2026-08-17 06:06:57,534 [oasis.registry] INFO: Registered backend: scikit-fem (skfem)
2026-08-17 06:06:57,534 [oasis.skfem] INFO: scikit-fem backend registered
2026-08-17 06:06:57,539 [oasis.registry] INFO: Registered backend: Kratos Multiphysics (kratos)
2026-08-17 06:06:57,539 [oasis.kratos] INFO: Kratos Multiphysics backend registered
2026-08-17 06:06:57,542 [oasis.registry] INFO: Registered backend: DUNE-fem (dune)
2026-08-17 06:06:57,542 [oasis.dune] INFO: DUNE-fem backend registered
2026-08-17 06:06:57,548 [oasis.registry] INFO: Registered backend: SPARTA (DSMC) (sparta)
2026-08-17 06:06:57,548 [oasis.sparta] INFO: SPARTA (DSMC) backend registered
2026-08-17 06:06:57,548 [oasis] INFO: Starting OASiS MCP server
2026-08-17 06:06:57,561 [mcp.server.lowlevel.server] INFO: Processing request of type ListToolsRequest
2026-08-17 06:07:06,750 [oasis.registry] INFO: Loaded discovered config: 5 backends
2026-08-17 06:07:06,751 [oasis.registry] INFO: Registered backend: 4C Multiphysics (fourc)
2026-08-17 06:07:06,752 [oasis.registry] INFO: Registered backend: FEniCSx (dolfinx) (fenics)
2026-08-17 06:07:06,752 [oasis.registry] INFO: Registered backend: deal.II (dealii)
2026-08-17 06:07:06,756 [oasis.registry] INFO: Registered backend: FEBio (febio)
2026-08-17 06:07:06,757 [oasis.registry] INFO: Loaded discovered config: 5 backends
2026-08-17 06:07:06,758 [oasis.registry] INFO: Registered backend: 4C Multiphysics (fourc)
2026-08-17 06:07:06,758 [oasis.registry] INFO: Registered backend: NGSolve (ngsolve)
2026-08-17 06:07:06,758 [oasis.ngsolve] INFO: NGSolve backend registered
2026-08-17 06:07:06,759 [oasis.registry] INFO: Registered backend: FEniCSx (dolfinx) (fenics)
2026-08-17 06:07:06,759 [oasis.registry] INFO: Registered backend: deal.II (dealii)
2026-08-17 06:07:06,761 [oasis.registry] INFO: Registered backend: scikit-fem (skfem)
2026-08-17 06:07:06,761 [oasis.skfem] INFO: scikit-fem backend registered
2026-08-17 06:07:06,763 [oasis.registry] INFO: Registered backend: FEBio (febio)
2026-08-17 06:07:06,765 [oasis.registry] INFO: Registered backend: Kratos Multiphysics (kratos)
2026-08-17 06:07:06,765 [oasis.kratos] INFO: Kratos Multiphysics backend registered
2026-08-17 06:07:06,765 [oasis.registry] INFO: Registered backend: NGSolve (ngsolve)
2026-08-17 06:07:06,766 [oasis.ngsolve] INFO: NGSolve backend registered
2026-08-17 06:07:06,767 [oasis.registry] INFO: Registered backend: DUNE-fem (dune)
2026-08-17 06:07:06,767 [oasis.dune] INFO: DUNE-fem backend registered
2026-08-17 06:07:06,768 [oasis.registry] INFO: Registered backend: scikit-fem (skfem)
2026-08-17 06:07:06,768 [oasis.skfem] INFO: scikit-fem backend registered
2026-08-17 06:07:06,772 [oasis.registry] INFO: Registered backend: Kratos Multiphysics (kratos)
2026-08-17 06:07:06,772 [oasis.kratos] INFO: Kratos Multiphysics backend registered
2026-08-17 06:07:06,772 [oasis.registry] INFO: Registered backend: SPARTA (DSMC) (sparta)
2026-08-17 06:07:06,772 [oasis.sparta] INFO: SPARTA (DSMC) backend registered
2026-08-17 06:07:06,772 [oasis] INFO: Starting OASiS MCP server
2026-08-17 06:07:06,774 [oasis.registry] INFO: Registered backend: DUNE-fem (dune)
2026-08-17 06:07:06,774 [oasis.dune] INFO: DUNE-fem backend registered
2026-08-17 06:07:06,780 [oasis.registry] INFO: Registered backend: SPARTA (DSMC) (sparta)
2026-08-17 06:07:06,780 [oasis.sparta] INFO: SPARTA (DSMC) backend registered
2026-08-17 06:07:06,780 [oasis] INFO: Starting OASiS MCP server
2026-08-17 06:07:06,781 [mcp.server.lowlevel.server] INFO: Processing request of type CallToolRequest
2026-08-17 06:07:06,788 [mcp.server.lowlevel.server] INFO: Processing request of type CallToolRequest
2026-08-17 06:07:06,903 [mcp.server.lowlevel.server] INFO: Processing request of type ListToolsRequest
2026-08-17 06:07:10,275 [mcp.server.lowlevel.server] INFO: Processing request of type ListToolsRequest
2026-08-17 06:07:10,282 [oasis] INFO: Session journal saved: /home/alexander/Schreibtisch/ofa-v2/data/sessions/session_8620e5f1-4d60-42a2-b563-73c766f98b4c.json (1 events)
2026-08-17 06:07:18,133 [oasis.registry] INFO: Loaded discovered config: 5 backends
2026-08-17 06:07:18,134 [oasis.registry] INFO: Registered backend: 4C Multiphysics (fourc)
2026-08-17 06:07:18,134 [oasis.registry] INFO: Registered backend: FEniCSx (dolfinx) (fenics)
2026-08-17 06:07:18,135 [oasis.registry] INFO: Registered backend: deal.II (dealii)
2026-08-17 06:07:18,140 [oasis.registry] INFO: Registered backend: FEBio (febio)
2026-08-17 06:07:18,142 [oasis.registry] INFO: Loaded discovered config: 5 backends
2026-08-17 06:07:18,142 [oasis.registry] INFO: Registered backend: NGSolve (ngsolve)
2026-08-17 06:07:18,142 [oasis.ngsolve] INFO: NGSolve backend registered
2026-08-17 06:07:18,143 [oasis.registry] INFO: Registered backend: 4C Multiphysics (fourc)
2026-08-17 06:07:18,144 [oasis.registry] INFO: Registered backend: FEniCSx (dolfinx) (fenics)
2026-08-17 06:07:18,144 [oasis.registry] INFO: Registered backend: deal.II (dealii)
2026-08-17 06:07:18,146 [oasis.registry] INFO: Registered backend: scikit-fem (skfem)
2026-08-17 06:07:18,146 [oasis.skfem] INFO: scikit-fem backend registered
2026-08-17 06:07:18,149 [oasis.registry] INFO: Registered backend: FEBio (febio)
2026-08-17 06:07:18,150 [oasis.registry] INFO: Registered backend: Kratos Multiphysics (kratos)
2026-08-17 06:07:18,150 [oasis.kratos] INFO: Kratos Multiphysics backend registered
2026-08-17 06:07:18,152 [oasis.registry] INFO: Registered backend: NGSolve (ngsolve)
2026-08-17 06:07:18,152 [oasis.ngsolve] INFO: NGSolve backend registered
2026-08-17 06:07:18,153 [oasis.registry] INFO: Registered backend: DUNE-fem (dune)
2026-08-17 06:07:18,153 [oasis.dune] INFO: DUNE-fem backend registered
2026-08-17 06:07:18,155 [oasis.registry] INFO: Registered backend: scikit-fem (skfem)
2026-08-17 06:07:18,155 [oasis.skfem] INFO: scikit-fem backend registered
2026-08-17 06:07:18,159 [oasis.registry] INFO: Registered backend: Kratos Multiphysics (kratos)
2026-08-17 06:07:18,159 [oasis.kratos] INFO: Kratos Multiphysics backend registered
2026-08-17 06:07:18,159 [oasis.registry] INFO: Registered backend: SPARTA (DSMC) (sparta)
2026-08-17 06:07:18,159 [oasis.sparta] INFO: SPARTA (DSMC) backend registered
2026-08-17 06:07:18,159 [oasis] INFO: Starting OASiS MCP server
2026-08-17 06:07:18,162 [oasis.registry] INFO: Registered backend: DUNE-fem (dune)
2026-08-17 06:07:18,162 [oasis.dune] INFO: DUNE-fem backend registered
2026-08-17 06:07:18,168 [mcp.server.lowlevel.server] INFO: Processing request of type CallToolRequest
2026-08-17 06:07:18,168 [oasis.registry] INFO: Registered backend: SPARTA (DSMC) (sparta)
2026-08-17 06:07:18,169 [oasis.sparta] INFO: SPARTA (DSMC) backend registered
2026-08-17 06:07:18,169 [oasis] INFO: Starting OASiS MCP server
2026-08-17 06:07:18,173 [mcp.server.lowlevel.server] INFO: Processing request of type ListToolsRequest
2026-08-17 06:07:18,179 [mcp.server.lowlevel.server] INFO: Processing request of type CallToolRequest
2026-08-17 06:07:18,180 [oasis] INFO: Session journal saved: /home/alexander/Schreibtisch/ofa-v2/data/sessions/session_9a179661-b225-481c-9f74-11593267d4af.json (1 events)
2026-08-17 06:07:18,184 [mcp.server.lowlevel.server] INFO: Processing request of type ListToolsRequest
2026-08-17 06:07:34,872 [oasis.registry] INFO: Loaded discovered config: 5 backends
2026-08-17 06:07:34,873 [oasis.registry] INFO: Registered backend: 4C Multiphysics (fourc)
2026-08-17 06:07:34,873 [oasis.registry] INFO: Registered backend: FEniCSx (dolfinx) (fenics)
2026-08-17 06:07:34,874 [oasis.registry] INFO: Registered backend: deal.II (dealii)
2026-08-17 06:07:34,878 [oasis.registry] INFO: Registered backend: FEBio (febio)
2026-08-17 06:07:34,880 [oasis.registry] INFO: Registered backend: NGSolve (ngsolve)
2026-08-17 06:07:34,880 [oasis.ngsolve] INFO: NGSolve backend registered
2026-08-17 06:07:34,883 [oasis.registry] INFO: Registered backend: scikit-fem (skfem)
2026-08-17 06:07:34,883 [oasis.registry] INFO: Loaded discovered config: 5 backends
2026-08-17 06:07:34,883 [oasis.skfem] INFO: scikit-fem backend registered
2026-08-17 06:07:34,884 [oasis.registry] INFO: Registered backend: 4C Multiphysics (fourc)
2026-08-17 06:07:34,884 [oasis.registry] INFO: Registered backend: FEniCSx (dolfinx) (fenics)
2026-08-17 06:07:34,885 [oasis.registry] INFO: Registered backend: deal.II (dealii)
2026-08-17 06:07:34,886 [oasis.registry] INFO: Registered backend: Kratos Multiphysics (kratos)
2026-08-17 06:07:34,886 [oasis.kratos] INFO: Kratos Multiphysics backend registered
2026-08-17 06:07:34,888 [oasis.registry] INFO: Registered backend: FEBio (febio)
2026-08-17 06:07:34,889 [oasis.registry] INFO: Registered backend: DUNE-fem (dune)
2026-08-17 06:07:34,889 [oasis.dune] INFO: DUNE-fem backend registered
2026-08-17 06:07:34,891 [oasis.registry] INFO: Registered backend: NGSolve (ngsolve)
2026-08-17 06:07:34,891 [oasis.ngsolve] INFO: NGSolve backend registered
2026-08-17 06:07:34,893 [oasis.registry] INFO: Registered backend: scikit-fem (skfem)
2026-08-17 06:07:34,893 [oasis.skfem] INFO: scikit-fem backend registered
2026-08-17 06:07:34,894 [oasis.registry] INFO: Registered backend: SPARTA (DSMC) (sparta)
2026-08-17 06:07:34,894 [oasis.sparta] INFO: SPARTA (DSMC) backend registered
2026-08-17 06:07:34,894 [oasis] INFO: Starting OASiS MCP server
2026-08-17 06:07:34,897 [oasis.registry] INFO: Registered backend: Kratos Multiphysics (kratos)
2026-08-17 06:07:34,897 [oasis.kratos] INFO: Kratos Multiphysics backend registered
2026-08-17 06:07:34,899 [oasis.registry] INFO: Loaded discovered config: 5 backends
2026-08-17 06:07:34,900 [oasis.registry] INFO: Registered backend: DUNE-fem (dune)
2026-08-17 06:07:34,900 [oasis.dune] INFO: DUNE-fem backend registered
2026-08-17 06:07:34,901 [oasis.registry] INFO: Registered backend: 4C Multiphysics (fourc)
2026-08-17 06:07:34,901 [oasis.registry] INFO: Registered backend: FEniCSx (dolfinx) (fenics)
2026-08-17 06:07:34,902 [mcp.server.lowlevel.server] INFO: Processing request of type CallToolRequest
2026-08-17 06:07:34,902 [oasis.registry] INFO: Registered backend: deal.II (dealii)
2026-08-17 06:07:34,904 [oasis.registry] INFO: Registered backend: SPARTA (DSMC) (sparta)
2026-08-17 06:07:34,905 [oasis.sparta] INFO: SPARTA (DSMC) backend registered
2026-08-17 06:07:34,905 [oasis] INFO: Starting OASiS MCP server
2026-08-17 06:07:34,906 [oasis.registry] INFO: Registered backend: FEBio (febio)
2026-08-17 06:07:34,906 [mcp.server.lowlevel.server] INFO: Processing request of type ListToolsRequest
2026-08-17 06:07:34,910 [oasis.registry] INFO: Registered backend: NGSolve (ngsolve)
2026-08-17 06:07:34,910 [oasis.ngsolve] INFO: NGSolve backend registered
2026-08-17 06:07:34,913 [oasis.registry] INFO: Registered backend: scikit-fem (skfem)
2026-08-17 06:07:34,913 [oasis.skfem] INFO: scikit-fem backend registered
2026-08-17 06:07:34,913 [mcp.server.lowlevel.server] INFO: Processing request of type CallToolRequest
2026-08-17 06:07:34,917 [oasis.registry] INFO: Registered backend: Kratos Multiphysics (kratos)
2026-08-17 06:07:34,917 [oasis.kratos] INFO: Kratos Multiphysics backend registered
2026-08-17 06:07:34,919 [oasis.registry] INFO: Registered backend: DUNE-fem (dune)
2026-08-17 06:07:34,919 [oasis.dune] INFO: DUNE-fem backend registered
2026-08-17 06:07:34,924 [oasis.registry] INFO: Registered backend: SPARTA (DSMC) (sparta)
2026-08-17 06:07:34,924 [oasis.sparta] INFO: SPARTA (DSMC) backend registered
2026-08-17 06:07:34,924 [oasis] INFO: Starting OASiS MCP server
2026-08-17 06:07:34,927 [mcp.server.lowlevel.server] INFO: Processing request of type ListToolsRequest
2026-08-17 06:07:34,934 [oasis] INFO: Session journal saved: /home/alexander/Schreibtisch/ofa-v2/data/sessions/session_ec1815f4-9956-4cc1-bf18-eb894457102a.json (1 events)
2026-08-17 06:07:34,935 [mcp.server.lowlevel.server] INFO: Processing request of type CallToolRequest
2026-08-17 06:07:34,941 [mcp.server.lowlevel.server] INFO: Processing request of type ListToolsRequest
2026-08-17 06:07:34,948 [oasis] INFO: Session journal saved: /home/alexander/Schreibtisch/ofa-v2/data/sessions/session_6b826764-ab59-4f23-ace1-a9626b94fe7d.json (1 events)
/home/alexander/Schreibtisch/ofa-v2/langgraph_eval/agent.py:215: RuntimeWarning: This package (`duckduckgo_search`) has been renamed to `ddgs`! Use `pip install ddgs` instead.
  with DDGS() as ddgs:
2026-08-17 06:07:39,654 [oasis.registry] INFO: Loaded discovered config: 5 backends
2026-08-17 06:07:39,656 [oasis.registry] INFO: Registered backend: 4C Multiphysics (fourc)
2026-08-17 06:07:39,656 [oasis.registry] INFO: Registered backend: FEniCSx (dolfinx) (fenics)
2026-08-17 06:07:39,657 [oasis.registry] INFO: Registered backend: deal.II (dealii)
2026-08-17 06:07:39,660 [oasis.registry] INFO: Registered backend: FEBio (febio)
2026-08-17 06:07:39,663 [oasis.registry] INFO: Registered backend: NGSolve (ngsolve)
2026-08-17 06:07:39,663 [oasis.ngsolve] INFO: NGSolve backend registered
2026-08-17 06:07:39,665 [oasis.registry] INFO: Registered backend: scikit-fem (skfem)
2026-08-17 06:07:39,665 [oasis.skfem] INFO: scikit-fem backend registered
2026-08-17 06:07:39,669 [oasis.registry] INFO: Registered backend: Kratos Multiphysics (kratos)
2026-08-17 06:07:39,669 [oasis.kratos] INFO: Kratos Multiphysics backend registered
2026-08-17 06:07:39,672 [oasis.registry] INFO: Registered backend: DUNE-fem (dune)
2026-08-17 06:07:39,672 [oasis.dune] INFO: DUNE-fem backend registered
2026-08-17 06:07:39,677 [oasis.registry] INFO: Registered backend: SPARTA (DSMC) (sparta)
2026-08-17 06:07:39,677 [oasis.sparta] INFO: SPARTA (DSMC) backend registered
2026-08-17 06:07:39,677 [oasis] INFO: Starting OASiS MCP server
2026-08-17 06:07:39,685 [mcp.server.lowlevel.server] INFO: Processing request of type CallToolRequest
2026-08-17 06:07:39,689 [mcp.server.lowlevel.server] INFO: Processing request of type ListToolsRequest
/home/alexander/Schreibtisch/ofa-v2/langgraph_eval/agent.py:215: RuntimeWarning: This package (`duckduckgo_search`) has been renamed to `ddgs`! Use `pip install ddgs` instead.
  with DDGS() as ddgs:
/home/alexander/Schreibtisch/ofa-v2/langgraph_eval/agent.py:215: RuntimeWarning: This package (`duckduckgo_search`) has been renamed to `ddgs`! Use `pip install ddgs` instead.
  with DDGS() as ddgs:
2026-08-17 06:07:48,809 [mcp.server.lowlevel.server] INFO: Processing request of type ListToolsRequest
2026-08-17 06:07:48,817 [oasis] INFO: Session journal saved: /home/alexander/Schreibtisch/ofa-v2/data/sessions/session_61d2cbf9-e6ad-4ceb-8cea-36047dcfaf58.json (1 events)
/home/alexander/Schreibtisch/ofa-v2/langgraph_eval/agent.py:215: RuntimeWarning: This package (`duckduckgo_search`) has been renamed to `ddgs`! Use `pip install ddgs` instead.
  with DDGS() as ddgs:
/home/alexander/Schreibtisch/ofa-v2/langgraph_eval/agent.py:215: RuntimeWarning: This package (`duckduckgo_search`) has been renamed to `ddgs`! Use `pip install ddgs` instead.
  with DDGS() as ddgs:
2026-08-17 06:08:09,822 [oasis.registry] INFO: Loaded discovered config: 5 backends
2026-08-17 06:08:09,823 [oasis.registry] INFO: Registered backend: 4C Multiphysics (fourc)
2026-08-17 06:08:09,823 [oasis.registry] INFO: Loaded discovered config: 5 backends
2026-08-17 06:08:09,824 [oasis.registry] INFO: Registered backend: FEniCSx (dolfinx) (fenics)
2026-08-17 06:08:09,824 [oasis.registry] INFO: Registered backend: deal.II (dealii)
2026-08-17 06:08:09,825 [oasis.registry] INFO: Registered backend: 4C Multiphysics (fourc)
2026-08-17 06:08:09,825 [oasis.registry] INFO: Registered backend: FEniCSx (dolfinx) (fenics)
2026-08-17 06:08:09,826 [oasis.registry] INFO: Registered backend: deal.II (dealii)
2026-08-17 06:08:09,828 [oasis.registry] INFO: Registered backend: FEBio (febio)
2026-08-17 06:08:09,829 [oasis.registry] INFO: Registered backend: FEBio (febio)
2026-08-17 06:08:09,831 [oasis.registry] INFO: Registered backend: NGSolve (ngsolve)
2026-08-17 06:08:09,831 [oasis.ngsolve] INFO: NGSolve backend registered
2026-08-17 06:08:09,832 [oasis.registry] INFO: Registered backend: NGSolve (ngsolve)
2026-08-17 06:08:09,832 [oasis.ngsolve] INFO: NGSolve backend registered
2026-08-17 06:08:09,833 [oasis.registry] INFO: Registered backend: scikit-fem (skfem)
2026-08-17 06:08:09,833 [oasis.skfem] INFO: scikit-fem backend registered
2026-08-17 06:08:09,835 [oasis.registry] INFO: Registered backend: scikit-fem (skfem)
2026-08-17 06:08:09,835 [oasis.skfem] INFO: scikit-fem backend registered
2026-08-17 06:08:09,837 [oasis.registry] INFO: Registered backend: Kratos Multiphysics (kratos)
2026-08-17 06:08:09,837 [oasis.kratos] INFO: Kratos Multiphysics backend registered
2026-08-17 06:08:09,838 [oasis.registry] INFO: Registered backend: Kratos Multiphysics (kratos)
2026-08-17 06:08:09,838 [oasis.kratos] INFO: Kratos Multiphysics backend registered
2026-08-17 06:08:09,839 [oasis.registry] INFO: Registered backend: DUNE-fem (dune)
2026-08-17 06:08:09,839 [oasis.dune] INFO: DUNE-fem backend registered
2026-08-17 06:08:09,841 [oasis.registry] INFO: Registered backend: DUNE-fem (dune)
2026-08-17 06:08:09,841 [oasis.dune] INFO: DUNE-fem backend registered
2026-08-17 06:08:09,844 [oasis.registry] INFO: Registered backend: SPARTA (DSMC) (sparta)
2026-08-17 06:08:09,845 [oasis.sparta] INFO: SPARTA (DSMC) backend registered
2026-08-17 06:08:09,845 [oasis] INFO: Starting OASiS MCP server
2026-08-17 06:08:09,846 [oasis.registry] INFO: Registered backend: SPARTA (DSMC) (sparta)
2026-08-17 06:08:09,846 [oasis.sparta] INFO: SPARTA (DSMC) backend registered
2026-08-17 06:08:09,846 [oasis] INFO: Starting OASiS MCP server
2026-08-17 06:08:09,852 [mcp.server.lowlevel.server] INFO: Processing request of type CallToolRequest
2026-08-17 06:08:09,854 [mcp.server.lowlevel.server] INFO: Processing request of type CallToolRequest
2026-08-17 06:08:09,858 [mcp.server.lowlevel.server] INFO: Processing request of type ListToolsRequest
2026-08-17 06:08:09,864 [oasis] INFO: Session journal saved: /home/alexander/Schreibtisch/ofa-v2/data/sessions/session_0a091f5e-2388-4181-b088-7db95b8b7fc2.json (1 events)
/home/alexander/Schreibtisch/ofa-v2/langgraph_eval/agent.py:215: RuntimeWarning: This package (`duckduckgo_search`) has been renamed to `ddgs`! Use `pip install ddgs` instead.
  with DDGS() as ddgs:
/home/alexander/Schreibtisch/ofa-v2/langgraph_eval/agent.py:290: LangGraphDeprecatedSinceV10: create_react_agent has been moved to `langchain.agents`. Please update your import to `from langchain.agents import create_agent`. Deprecated in LangGraph V1.0 to be removed in V2.0.
  sub_agent = create_react_agent(
/home/alexander/Schreibtisch/ofa-v2/langgraph_eval/agent.py:290: LangGraphDeprecatedSinceV10: create_react_agent has been moved to `langchain.agents`. Please update your import to `from langchain.agents import create_agent`. Deprecated in LangGraph V1.0 to be removed in V2.0.
  sub_agent = create_react_agent(
2026-08-17 06:09:43,277 [mcp.server.lowlevel.server] INFO: Processing request of type ListToolsRequest
2026-08-17 06:09:43,284 [oasis] INFO: Session journal saved: /home/alexander/Schreibtisch/ofa-v2/data/sessions/session_e4b1e294-a60e-48eb-bd01-55e9e585500e.json (1 events)
/home/alexander/Schreibtisch/ofa-v2/langgraph_eval/agent.py:215: RuntimeWarning: This package (`duckduckgo_search`) has been renamed to `ddgs`! Use `pip install ddgs` instead.
  with DDGS() as ddgs:
/home/alexander/Schreibtisch/ofa-v2/langgraph_eval/agent.py:215: RuntimeWarning: This package (`duckduckgo_search`) has been renamed to `ddgs`! Use `pip install ddgs` instead.
  with DDGS() as ddgs:
/home/alexander/Schreibtisch/ofa-v2/langgraph_eval/agent.py:215: RuntimeWarning: This package (`duckduckgo_search`) has been renamed to `ddgs`! Use `pip install ddgs` instead.
  with DDGS() as ddgs:
/home/alexander/Schreibtisch/ofa-v2/langgraph_eval/agent.py:215: RuntimeWarning: This package (`duckduckgo_search`) has been renamed to `ddgs`! Use `pip install ddgs` instead.
  with DDGS() as ddgs:
2026-08-17 06:09:48,759 [oasis.registry] INFO: Loaded discovered config: 5 backends
2026-08-17 06:09:48,760 [oasis.registry] INFO: Registered backend: 4C Multiphysics (fourc)
2026-08-17 06:09:48,760 [oasis.registry] INFO: Registered backend: FEniCSx (dolfinx) (fenics)
2026-08-17 06:09:48,761 [oasis.registry] INFO: Registered backend: deal.II (dealii)
2026-08-17 06:09:48,764 [oasis.registry] INFO: Registered backend: FEBio (febio)
2026-08-17 06:09:48,767 [oasis.registry] INFO: Registered backend: NGSolve (ngsolve)
2026-08-17 06:09:48,767 [oasis.ngsolve] INFO: NGSolve backend registered
2026-08-17 06:09:48,770 [oasis.registry] INFO: Registered backend: scikit-fem (skfem)
2026-08-17 06:09:48,770 [oasis.skfem] INFO: scikit-fem backend registered
2026-08-17 06:09:48,773 [oasis.registry] INFO: Registered backend: Kratos Multiphysics (kratos)
2026-08-17 06:09:48,773 [oasis.kratos] INFO: Kratos Multiphysics backend registered
2026-08-17 06:09:48,776 [oasis.registry] INFO: Registered backend: DUNE-fem (dune)
2026-08-17 06:09:48,776 [oasis.dune] INFO: DUNE-fem backend registered
2026-08-17 06:09:48,781 [oasis.registry] INFO: Registered backend: SPARTA (DSMC) (sparta)
2026-08-17 06:09:48,781 [oasis.sparta] INFO: SPARTA (DSMC) backend registered
2026-08-17 06:09:48,781 [oasis] INFO: Starting OASiS MCP server
2026-08-17 06:09:48,788 [mcp.server.lowlevel.server] INFO: Processing request of type CallToolRequest
2026-08-17 06:09:48,794 [mcp.server.lowlevel.server] INFO: Processing request of type ListToolsRequest
/home/alexander/Schreibtisch/ofa-v2/langgraph_eval/agent.py:215: RuntimeWarning: This package (`duckduckgo_search`) has been renamed to `ddgs`! Use `pip install ddgs` instead.
  with DDGS() as ddgs:
/home/alexander/Schreibtisch/ofa-v2/langgraph_eval/agent.py:215: RuntimeWarning: This package (`duckduckgo_search`) has been renamed to `ddgs`! Use `pip install ddgs` instead.
  with DDGS() as ddgs:
/home/alexander/Schreibtisch/ofa-v2/langgraph_eval/agent.py:215: RuntimeWarning: This package (`duckduckgo_search`) has been renamed to `ddgs`! Use `pip install ddgs` instead.
  with DDGS() as ddgs:
/home/alexander/Schreibtisch/ofa-v2/langgraph_eval/agent.py:215: RuntimeWarning: This package (`duckduckgo_search`) has been renamed to `ddgs`! Use `pip install ddgs` instead.
  with DDGS() as ddgs:
/home/alexander/Schreibtisch/ofa-v2/langgraph_eval/agent.py:215: RuntimeWarning: This package (`duckduckgo_search`) has been renamed to `ddgs`! Use `pip install ddgs` instead.
  with DDGS() as ddgs:
/home/alexander/Schreibtisch/ofa-v2/langgraph_eval/agent.py:290: LangGraphDeprecatedSinceV10: create_react_agent has been moved to `langchain.agents`. Please update your import to `from langchain.agents import create_agent`. Deprecated in LangGraph V1.0 to be removed in V2.0.
  sub_agent = create_react_agent(
/home/alexander/Schreibtisch/ofa-v2/langgraph_eval/agent.py:290: LangGraphDeprecatedSinceV10: create_react_agent has been moved to `langchain.agents`. Please update your import to `from langchain.agents import create_agent`. Deprecated in LangGraph V1.0 to be removed in V2.0.
  sub_agent = create_react_agent(
/home/alexander/Schreibtisch/ofa-v2/langgraph_eval/agent.py:290: LangGraphDeprecatedSinceV10: create_react_agent has been moved to `langchain.agents`. Please update your import to `from langchain.agents import create_agent`. Deprecated in LangGraph V1.0 to be removed in V2.0.
  sub_agent = create_react_agent(
/home/alexander/Schreibtisch/ofa-v2/langgraph_eval/agent.py:215: RuntimeWarning: This package (`duckduckgo_search`) has been renamed to `ddgs`! Use `pip install ddgs` instead.
  with DDGS() as ddgs:
/home/alexander/Schreibtisch/ofa-v2/langgraph_eval/agent.py:215: RuntimeWarning: This package (`duckduckgo_search`) has been renamed to `ddgs`! Use `pip install ddgs` instead.
  with DDGS() as ddgs:
/home/alexander/Schreibtisch/ofa-v2/langgraph_eval/agent.py:215: RuntimeWarning: This package (`duckduckgo_search`) has been renamed to `ddgs`! Use `pip install ddgs` instead.
  with DDGS() as ddgs:
/home/alexander/Schreibtisch/ofa-v2/langgraph_eval/agent.py:215: RuntimeWarning: This package (`duckduckgo_search`) has been renamed to `ddgs`! Use `pip install ddgs` instead.
  with DDGS() as ddgs:
/home/alexander/Schreibtisch/ofa-v2/langgraph_eval/agent.py:215: RuntimeWarning: This package (`duckduckgo_search`) has been renamed to `ddgs`! Use `pip install ddgs` instead.
  with DDGS() as ddgs:
2026-08-17 06:11:52,752 [oasis.registry] INFO: Loaded discovered config: 5 backends
2026-08-17 06:11:52,753 [oasis.registry] INFO: Registered backend: 4C Multiphysics (fourc)
2026-08-17 06:11:52,754 [oasis.registry] INFO: Registered backend: FEniCSx (dolfinx) (fenics)
2026-08-17 06:11:52,754 [oasis.registry] INFO: Registered backend: deal.II (dealii)
2026-08-17 06:11:52,758 [oasis.registry] INFO: Registered backend: FEBio (febio)
2026-08-17 06:11:52,761 [oasis.registry] INFO: Registered backend: NGSolve (ngsolve)
2026-08-17 06:11:52,761 [oasis.ngsolve] INFO: NGSolve backend registered
2026-08-17 06:11:52,763 [oasis.registry] INFO: Registered backend: scikit-fem (skfem)
2026-08-17 06:11:52,763 [oasis.skfem] INFO: scikit-fem backend registered
2026-08-17 06:11:52,767 [oasis.registry] INFO: Registered backend: Kratos Multiphysics (kratos)
2026-08-17 06:11:52,767 [oasis.kratos] INFO: Kratos Multiphysics backend registered
2026-08-17 06:11:52,769 [oasis.registry] INFO: Registered backend: DUNE-fem (dune)
2026-08-17 06:11:52,769 [oasis.dune] INFO: DUNE-fem backend registered
2026-08-17 06:11:52,774 [oasis.registry] INFO: Registered backend: SPARTA (DSMC) (sparta)
2026-08-17 06:11:52,775 [oasis.sparta] INFO: SPARTA (DSMC) backend registered
2026-08-17 06:11:52,775 [oasis] INFO: Starting OASiS MCP server
2026-08-17 06:11:52,782 [mcp.server.lowlevel.server] INFO: Processing request of type CallToolRequest
2026-08-17 06:11:53,222 [mcp.server.lowlevel.server] INFO: Processing request of type ListToolsRequest
2026-08-17 06:11:53,229 [oasis] INFO: Session journal saved: /home/alexander/Schreibtisch/ofa-v2/data/sessions/session_32bd890c-20c3-4b05-8e2f-849dc2121bca.json (1 events)
/home/alexander/Schreibtisch/ofa-v2/langgraph_eval/agent.py:215: RuntimeWarning: This package (`duckduckgo_search`) has been renamed to `ddgs`! Use `pip install ddgs` instead.
  with DDGS() as ddgs:
/home/alexander/Schreibtisch/ofa-v2/langgraph_eval/agent.py:215: RuntimeWarning: This package (`duckduckgo_search`) has been renamed to `ddgs`! Use `pip install ddgs` instead.
  with DDGS() as ddgs:
/home/alexander/Schreibtisch/ofa-v2/langgraph_eval/agent.py:215: RuntimeWarning: This package (`duckduckgo_search`) has been renamed to `ddgs`! Use `pip install ddgs` instead.
  with DDGS() as ddgs:
2026-08-17 06:12:00,668 [oasis.registry] INFO: Loaded discovered config: 5 backends
2026-08-17 06:12:00,669 [oasis.registry] INFO: Registered backend: 4C Multiphysics (fourc)
2026-08-17 06:12:00,670 [oasis.registry] INFO: Registered backend: FEniCSx (dolfinx) (fenics)
2026-08-17 06:12:00,670 [oasis.registry] INFO: Registered backend: deal.II (dealii)
2026-08-17 06:12:00,674 [oasis.registry] INFO: Registered backend: FEBio (febio)
2026-08-17 06:12:00,676 [oasis.registry] INFO: Registered backend: NGSolve (ngsolve)
2026-08-17 06:12:00,676 [oasis.ngsolve] INFO: NGSolve backend registered
2026-08-17 06:12:00,679 [oasis.registry] INFO: Registered backend: scikit-fem (skfem)
2026-08-17 06:12:00,679 [oasis.skfem] INFO: scikit-fem backend registered
2026-08-17 06:12:00,683 [oasis.registry] INFO: Registered backend: Kratos Multiphysics (kratos)
2026-08-17 06:12:00,683 [oasis.kratos] INFO: Kratos Multiphysics backend registered
2026-08-17 06:12:00,685 [oasis.registry] INFO: Registered backend: DUNE-fem (dune)
2026-08-17 06:12:00,685 [oasis.dune] INFO: DUNE-fem backend registered
2026-08-17 06:12:00,690 [oasis.registry] INFO: Registered backend: SPARTA (DSMC) (sparta)
2026-08-17 06:12:00,690 [oasis.sparta] INFO: SPARTA (DSMC) backend registered
2026-08-17 06:12:00,690 [oasis] INFO: Starting OASiS MCP server
2026-08-17 06:12:00,698 [mcp.server.lowlevel.server] INFO: Processing request of type CallToolRequest
2026-08-17 06:12:00,704 [mcp.server.lowlevel.server] INFO: Processing request of type ListToolsRequest
/home/alexander/Schreibtisch/ofa-v2/langgraph_eval/agent.py:215: RuntimeWarning: This package (`duckduckgo_search`) has been renamed to `ddgs`! Use `pip install ddgs` instead.
  with DDGS() as ddgs:
/home/alexander/Schreibtisch/ofa-v2/langgraph_eval/agent.py:215: RuntimeWarning: This package (`duckduckgo_search`) has been renamed to `ddgs`! Use `pip install ddgs` instead.
  with DDGS() as ddgs:
/home/alexander/Schreibtisch/ofa-v2/langgraph_eval/agent.py:215: RuntimeWarning: This package (`duckduckgo_search`) has been renamed to `ddgs`! Use `pip install ddgs` instead.
  with DDGS() as ddgs:
/home/alexander/Schreibtisch/ofa-v2/langgraph_eval/agent.py:215: RuntimeWarning: This package (`duckduckgo_search`) has been renamed to `ddgs`! Use `pip install ddgs` instead.
  with DDGS() as ddgs:
/home/alexander/Schreibtisch/ofa-v2/langgraph_eval/agent.py:215: RuntimeWarning: This package (`duckduckgo_search`) has been renamed to `ddgs`! Use `pip install ddgs` instead.
  with DDGS() as ddgs:
/home/alexander/Schreibtisch/ofa-v2/langgraph_eval/agent.py:215: RuntimeWarning: This package (`duckduckgo_search`) has been renamed to `ddgs`! Use `pip install ddgs` instead.
  with DDGS() as ddgs:
2026-08-17 06:12:12,586 [oasis.registry] INFO: Loaded discovered config: 5 backends
2026-08-17 06:12:12,587 [oasis.registry] INFO: Registered backend: 4C Multiphysics (fourc)
2026-08-17 06:12:12,588 [oasis.registry] INFO: Registered backend: FEniCSx (dolfinx) (fenics)
2026-08-17 06:12:12,588 [oasis.registry] INFO: Registered backend: deal.II (dealii)
2026-08-17 06:12:12,592 [oasis.registry] INFO: Registered backend: FEBio (febio)
2026-08-17 06:12:12,595 [oasis.registry] INFO: Registered backend: NGSolve (ngsolve)
2026-08-17 06:12:12,595 [oasis.ngsolve] INFO: NGSolve backend registered
2026-08-17 06:12:12,597 [oasis.registry] INFO: Registered backend: scikit-fem (skfem)
2026-08-17 06:12:12,597 [oasis.skfem] INFO: scikit-fem backend registered
2026-08-17 06:12:12,601 [oasis.registry] INFO: Registered backend: Kratos Multiphysics (kratos)
2026-08-17 06:12:12,601 [oasis.kratos] INFO: Kratos Multiphysics backend registered
2026-08-17 06:12:12,603 [oasis.registry] INFO: Registered backend: DUNE-fem (dune)
2026-08-17 06:12:12,603 [oasis.dune] INFO: DUNE-fem backend registered
2026-08-17 06:12:12,608 [oasis.registry] INFO: Registered backend: SPARTA (DSMC) (sparta)
2026-08-17 06:12:12,608 [oasis.sparta] INFO: SPARTA (DSMC) backend registered
2026-08-17 06:12:12,608 [oasis] INFO: Starting OASiS MCP server
2026-08-17 06:12:12,616 [mcp.server.lowlevel.server] INFO: Processing request of type CallToolRequest
/home/alexander/Schreibtisch/ofa-v2/langgraph_eval/agent.py:290: LangGraphDeprecatedSinceV10: create_react_agent has been moved to `langchain.agents`. Please update your import to `from langchain.agents import create_agent`. Deprecated in LangGraph V1.0 to be removed in V2.0.
  sub_agent = create_react_agent(
2026-08-17 06:13:39,440 [oasis.registry] INFO: Loaded discovered config: 5 backends
2026-08-17 06:13:39,441 [oasis.registry] INFO: Registered backend: 4C Multiphysics (fourc)
2026-08-17 06:13:39,441 [oasis.registry] INFO: Registered backend: FEniCSx (dolfinx) (fenics)
2026-08-17 06:13:39,442 [oasis.registry] INFO: Registered backend: deal.II (dealii)
2026-08-17 06:13:39,446 [oasis.registry] INFO: Registered backend: FEBio (febio)
2026-08-17 06:13:39,448 [oasis.registry] INFO: Registered backend: NGSolve (ngsolve)
2026-08-17 06:13:39,448 [oasis.ngsolve] INFO: NGSolve backend registered
2026-08-17 06:13:39,451 [oasis.registry] INFO: Registered backend: scikit-fem (skfem)
2026-08-17 06:13:39,451 [oasis.skfem] INFO: scikit-fem backend registered
2026-08-17 06:13:39,453 [oasis.registry] INFO: Loaded discovered config: 5 backends
2026-08-17 06:13:39,454 [oasis.registry] INFO: Registered backend: 4C Multiphysics (fourc)
2026-08-17 06:13:39,454 [oasis.registry] INFO: Registered backend: Kratos Multiphysics (kratos)
2026-08-17 06:13:39,454 [oasis.kratos] INFO: Kratos Multiphysics backend registered
2026-08-17 06:13:39,455 [oasis.registry] INFO: Registered backend: FEniCSx (dolfinx) (fenics)
2026-08-17 06:13:39,455 [oasis.registry] INFO: Registered backend: deal.II (dealii)
2026-08-17 06:13:39,457 [oasis.registry] INFO: Registered backend: DUNE-fem (dune)
2026-08-17 06:13:39,457 [oasis.dune] INFO: DUNE-fem backend registered
2026-08-17 06:13:39,459 [oasis.registry] INFO: Registered backend: FEBio (febio)
2026-08-17 06:13:39,461 [oasis.registry] INFO: Registered backend: NGSolve (ngsolve)
2026-08-17 06:13:39,461 [oasis.ngsolve] INFO: NGSolve backend registered
2026-08-17 06:13:39,462 [oasis.registry] INFO: Registered backend: SPARTA (DSMC) (sparta)
2026-08-17 06:13:39,462 [oasis.sparta] INFO: SPARTA (DSMC) backend registered
2026-08-17 06:13:39,462 [oasis] INFO: Starting OASiS MCP server
2026-08-17 06:13:39,464 [oasis.registry] INFO: Registered backend: scikit-fem (skfem)
2026-08-17 06:13:39,464 [oasis.skfem] INFO: scikit-fem backend registered
2026-08-17 06:13:39,468 [oasis.registry] INFO: Registered backend: Kratos Multiphysics (kratos)
2026-08-17 06:13:39,468 [oasis.kratos] INFO: Kratos Multiphysics backend registered
2026-08-17 06:13:39,469 [mcp.server.lowlevel.server] INFO: Processing request of type CallToolRequest
2026-08-17 06:13:39,470 [oasis.registry] INFO: Registered backend: DUNE-fem (dune)
2026-08-17 06:13:39,470 [oasis.dune] INFO: DUNE-fem backend registered
2026-08-17 06:13:39,474 [mcp.server.lowlevel.server] INFO: Processing request of type ListToolsRequest
2026-08-17 06:13:39,475 [oasis.registry] INFO: Registered backend: SPARTA (DSMC) (sparta)
2026-08-17 06:13:39,475 [oasis.sparta] INFO: SPARTA (DSMC) backend registered
2026-08-17 06:13:39,475 [oasis] INFO: Starting OASiS MCP server
2026-08-17 06:13:39,481 [oasis] INFO: Session journal saved: /home/alexander/Schreibtisch/ofa-v2/data/sessions/session_86a9ae7e-a897-449a-8af7-88f9cda258ca.json (1 events)
2026-08-17 06:13:39,483 [mcp.server.lowlevel.server] INFO: Processing request of type CallToolRequest
2026-08-17 06:13:39,495 [mcp.server.lowlevel.server] INFO: Processing request of type ListToolsRequest
2026-08-17 06:13:39,500 [oasis] INFO: Session journal saved: /home/alexander/Schreibtisch/ofa-v2/data/sessions/session_eadc34d9-2624-4ad3-bf99-0dd6ef62fa2e.json (1 events)
2026-08-17 06:13:45,988 [mcp.server.lowlevel.server] INFO: Processing request of type ListToolsRequest
2026-08-17 06:13:45,996 [oasis] INFO: Session journal saved: /home/alexander/Schreibtisch/ofa-v2/data/sessions/session_384c6ff9-adbf-483d-8fad-c43656cb0de7.json (1 events)
/home/alexander/Schreibtisch/ofa-v2/langgraph_eval/agent.py:215: RuntimeWarning: This package (`duckduckgo_search`) has been renamed to `ddgs`! Use `pip install ddgs` instead.
  with DDGS() as ddgs:
/home/alexander/Schreibtisch/ofa-v2/langgraph_eval/agent.py:215: RuntimeWarning: This package (`duckduckgo_search`) has been renamed to `ddgs`! Use `pip install ddgs` instead.
  with DDGS() as ddgs:
/home/alexander/Schreibtisch/ofa-v2/langgraph_eval/agent.py:215: RuntimeWarning: This package (`duckduckgo_search`) has been renamed to `ddgs`! Use `pip install ddgs` instead.
  with DDGS() as ddgs:
/home/alexander/Schreibtisch/ofa-v2/langgraph_eval/agent.py:215: RuntimeWarning: This package (`duckduckgo_search`) has been renamed to `ddgs`! Use `pip install ddgs` instead.
  with DDGS() as ddgs:
/home/alexander/Schreibtisch/ofa-v2/langgraph_eval/agent.py:215: RuntimeWarning: This package (`duckduckgo_search`) has been renamed to `ddgs`! Use `pip install ddgs` instead.
  with DDGS() as ddgs:
/home/alexander/Schreibtisch/ofa-v2/langgraph_eval/agent.py:215: RuntimeWarning: This package (`duckduckgo_search`) has been renamed to `ddgs`! Use `pip install ddgs` instead.
  with DDGS() as ddgs:
2026-08-17 06:14:06,429 [oasis.registry] INFO: Loaded discovered config: 5 backends
2026-08-17 06:14:06,431 [oasis.registry] INFO: Registered backend: 4C Multiphysics (fourc)
2026-08-17 06:14:06,431 [oasis.registry] INFO: Registered backend: FEniCSx (dolfinx) (fenics)
2026-08-17 06:14:06,432 [oasis.registry] INFO: Registered backend: deal.II (dealii)
2026-08-17 06:14:06,435 [oasis.registry] INFO: Registered backend: FEBio (febio)
2026-08-17 06:14:06,438 [oasis.registry] INFO: Registered backend: NGSolve (ngsolve)
2026-08-17 06:14:06,438 [oasis.ngsolve] INFO: NGSolve backend registered
2026-08-17 06:14:06,440 [oasis.registry] INFO: Registered backend: scikit-fem (skfem)
2026-08-17 06:14:06,440 [oasis.skfem] INFO: scikit-fem backend registered
2026-08-17 06:14:06,444 [oasis.registry] INFO: Registered backend: Kratos Multiphysics (kratos)
2026-08-17 06:14:06,444 [oasis.kratos] INFO: Kratos Multiphysics backend registered
2026-08-17 06:14:06,447 [oasis.registry] INFO: Registered backend: DUNE-fem (dune)
2026-08-17 06:14:06,447 [oasis.dune] INFO: DUNE-fem backend registered
2026-08-17 06:14:06,452 [oasis.registry] INFO: Registered backend: SPARTA (DSMC) (sparta)
2026-08-17 06:14:06,452 [oasis.sparta] INFO: SPARTA (DSMC) backend registered
2026-08-17 06:14:06,452 [oasis] INFO: Starting OASiS MCP server
2026-08-17 06:14:06,460 [mcp.server.lowlevel.server] INFO: Processing request of type CallToolRequest
2026-08-17 06:14:06,464 [mcp.server.lowlevel.server] INFO: Processing request of type ListToolsRequest
2026-08-17 06:14:06,469 [oasis] INFO: Session journal saved: /home/alexander/Schreibtisch/ofa-v2/data/sessions/session_ea0bf1db-731b-4d11-a2ec-2f0903cfc5d4.json (1 events)
/home/alexander/Schreibtisch/ofa-v2/langgraph_eval/agent.py:215: RuntimeWarning: This package (`duckduckgo_search`) has been renamed to `ddgs`! Use `pip install ddgs` instead.
  with DDGS() as ddgs:
/home/alexander/Schreibtisch/ofa-v2/langgraph_eval/agent.py:215: RuntimeWarning: This package (`duckduckgo_search`) has been renamed to `ddgs`! Use `pip install ddgs` instead.
  with DDGS() as ddgs:
/home/alexander/Schreibtisch/ofa-v2/langgraph_eval/agent.py:215: RuntimeWarning: This package (`duckduckgo_search`) has been renamed to `ddgs`! Use `pip install ddgs` instead.
  with DDGS() as ddgs:
/home/alexander/Schreibtisch/ofa-v2/langgraph_eval/agent.py:215: RuntimeWarning: This package (`duckduckgo_search`) has been renamed to `ddgs`! Use `pip install ddgs` instead.
  with DDGS() as ddgs:
/home/alexander/Schreibtisch/ofa-v2/langgraph_eval/agent.py:215: RuntimeWarning: This package (`duckduckgo_search`) has been renamed to `ddgs`! Use `pip install ddgs` instead.
  with DDGS() as ddgs:
/home/alexander/Schreibtisch/ofa-v2/langgraph_eval/agent.py:215: RuntimeWarning: This package (`duckduckgo_search`) has been renamed to `ddgs`! Use `pip install ddgs` instead.
  with DDGS() as ddgs:
/home/alexander/Schreibtisch/ofa-v2/langgraph_eval/agent.py:215: RuntimeWarning: This package (`duckduckgo_search`) has been renamed to `ddgs`! Use `pip install ddgs` instead.
  with DDGS() as ddgs:
/home/alexander/Schreibtisch/ofa-v2/langgraph_eval/agent.py:215: RuntimeWarning: This package (`duckduckgo_search`) has been renamed to `ddgs`! Use `pip install ddgs` instead.
  with DDGS() as ddgs:
/home/alexander/Schreibtisch/ofa-v2/langgraph_eval/agent.py:215: RuntimeWarning: This package (`duckduckgo_search`) has been renamed to `ddgs`! Use `pip install ddgs` instead.
  with DDGS() as ddgs:
/home/alexander/Schreibtisch/ofa-v2/langgraph_eval/agent.py:215: RuntimeWarning: This package (`duckduckgo_search`) has been renamed to `ddgs`! Use `pip install ddgs` instead.
  with DDGS() as ddgs:
/home/alexander/Schreibtisch/ofa-v2/langgraph_eval/agent.py:215: RuntimeWarning: This package (`duckduckgo_search`) has been renamed to `ddgs`! Use `pip install ddgs` instead.
  with DDGS() as ddgs:
/home/alexander/Schreibtisch/ofa-v2/langgraph_eval/agent.py:215: RuntimeWarning: This package (`duckduckgo_search`) has been renamed to `ddgs`! Use `pip install ddgs` instead.
  with DDGS() as ddgs:
/home/alexander/Schreibtisch/ofa-v2/langgraph_eval/agent.py:215: RuntimeWarning: This package (`duckduckgo_search`) has been renamed to `ddgs`! Use `pip install ddgs` instead.
  with DDGS() as ddgs:
/home/alexander/Schreibtisch/ofa-v2/langgraph_eval/agent.py:215: RuntimeWarning: This package (`duckduckgo_search`) has been renamed to `ddgs`! Use `pip install ddgs` instead.
  with DDGS() as ddgs:
/home/alexander/Schreibtisch/ofa-v2/langgraph_eval/agent.py:215: RuntimeWarning: This package (`duckduckgo_search`) has been renamed to `ddgs`! Use `pip install ddgs` instead.
  with DDGS() as ddgs:
/home/alexander/Schreibtisch/ofa-v2/langgraph_eval/agent.py:215: RuntimeWarning: This package (`duckduckgo_search`) has been renamed to `ddgs`! Use `pip install ddgs` instead.
  with DDGS() as ddgs:
/home/alexander/Schreibtisch/ofa-v2/langgraph_eval/agent.py:215: RuntimeWarning: This package (`duckduckgo_search`) has been renamed to `ddgs`! Use `pip install ddgs` instead.
  with DDGS() as ddgs:
/home/alexander/Schreibtisch/ofa-v2/langgraph_eval/agent.py:215: RuntimeWarning: This package (`duckduckgo_search`) has been renamed to `ddgs`! Use `pip install ddgs` instead.
  with DDGS() as ddgs:
/home/alexander/Schreibtisch/ofa-v2/langgraph_eval/agent.py:215: RuntimeWarning: This package (`duckduckgo_search`) has been renamed to `ddgs`! Use `pip install ddgs` instead.
  with DDGS() as ddgs:
/home/alexander/Schreibtisch/ofa-v2/langgraph_eval/agent.py:215: RuntimeWarning: This package (`duckduckgo_search`) has been renamed to `ddgs`! Use `pip install ddgs` instead.
  with DDGS() as ddgs:
/home/alexander/Schreibtisch/ofa-v2/langgraph_eval/agent.py:215: RuntimeWarning: This package (`duckduckgo_search`) has been renamed to `ddgs`! Use `pip install ddgs` instead.
  with DDGS() as ddgs:
/home/alexander/Schreibtisch/ofa-v2/langgraph_eval/agent.py:215: RuntimeWarning: This package (`duckduckgo_search`) has been renamed to `ddgs`! Use `pip install ddgs` instead.
  with DDGS() as ddgs:
/home/alexander/Schreibtisch/ofa-v2/langgraph_eval/agent.py:215: RuntimeWarning: This package (`duckduckgo_search`) has been renamed to `ddgs`! Use `pip install ddgs` instead.
  with DDGS() as ddgs:
2026-08-17 06:14:28,011 [oasis.registry] INFO: Loaded discovered config: 5 backends
2026-08-17 06:14:28,012 [oasis.registry] INFO: Registered backend: 4C Multiphysics (fourc)
2026-08-17 06:14:28,013 [oasis.registry] INFO: Registered backend: FEniCSx (dolfinx) (fenics)
2026-08-17 06:14:28,013 [oasis.registry] INFO: Registered backend: deal.II (dealii)
2026-08-17 06:14:28,017 [oasis.registry] INFO: Registered backend: FEBio (febio)
2026-08-17 06:14:28,019 [oasis.registry] INFO: Registered backend: NGSolve (ngsolve)
2026-08-17 06:14:28,019 [oasis.ngsolve] INFO: NGSolve backend registered
2026-08-17 06:14:28,022 [oasis.registry] INFO: Registered backend: scikit-fem (skfem)
2026-08-17 06:14:28,022 [oasis.skfem] INFO: scikit-fem backend registered
2026-08-17 06:14:28,025 [oasis.registry] INFO: Registered backend: Kratos Multiphysics (kratos)
2026-08-17 06:14:28,025 [oasis.kratos] INFO: Kratos Multiphysics backend registered
2026-08-17 06:14:28,028 [oasis.registry] INFO: Registered backend: DUNE-fem (dune)
2026-08-17 06:14:28,028 [oasis.dune] INFO: DUNE-fem backend registered
2026-08-17 06:14:28,033 [oasis.registry] INFO: Registered backend: SPARTA (DSMC) (sparta)
2026-08-17 06:14:28,033 [oasis.sparta] INFO: SPARTA (DSMC) backend registered
2026-08-17 06:14:28,033 [oasis] INFO: Starting OASiS MCP server
2026-08-17 06:14:28,040 [mcp.server.lowlevel.server] INFO: Processing request of type CallToolRequest
2026-08-17 06:16:01,272 [mcp.server.lowlevel.server] INFO: Processing request of type ListToolsRequest
2026-08-17 06:16:01,280 [oasis] INFO: Session journal saved: /home/alexander/Schreibtisch/ofa-v2/data/sessions/session_13e45c0e-bbef-4752-b297-f3000e9ec3b8.json (1 events)
/home/alexander/Schreibtisch/ofa-v2/langgraph_eval/agent.py:215: RuntimeWarning: This package (`duckduckgo_search`) has been renamed to `ddgs`! Use `pip install ddgs` instead.
  with DDGS() as ddgs:
2026-08-17 06:16:31,507 [oasis.registry] INFO: Loaded discovered config: 5 backends
2026-08-17 06:16:31,508 [oasis.registry] INFO: Registered backend: 4C Multiphysics (fourc)
2026-08-17 06:16:31,508 [oasis.registry] INFO: Registered backend: FEniCSx (dolfinx) (fenics)
2026-08-17 06:16:31,509 [oasis.registry] INFO: Registered backend: deal.II (dealii)
2026-08-17 06:16:31,512 [oasis.registry] INFO: Registered backend: FEBio (febio)
2026-08-17 06:16:31,515 [oasis.registry] INFO: Registered backend: NGSolve (ngsolve)
2026-08-17 06:16:31,515 [oasis.ngsolve] INFO: NGSolve backend registered
2026-08-17 06:16:31,517 [oasis.registry] INFO: Registered backend: scikit-fem (skfem)
2026-08-17 06:16:31,518 [oasis.skfem] INFO: scikit-fem backend registered
2026-08-17 06:16:31,521 [oasis.registry] INFO: Registered backend: Kratos Multiphysics (kratos)
2026-08-17 06:16:31,521 [oasis.kratos] INFO: Kratos Multiphysics backend registered
2026-08-17 06:16:31,524 [oasis.registry] INFO: Registered backend: DUNE-fem (dune)
2026-08-17 06:16:31,524 [oasis.dune] INFO: DUNE-fem backend registered
2026-08-17 06:16:31,529 [oasis.registry] INFO: Registered backend: SPARTA (DSMC) (sparta)
2026-08-17 06:16:31,529 [oasis.sparta] INFO: SPARTA (DSMC) backend registered
2026-08-17 06:16:31,529 [oasis] INFO: Starting OASiS MCP server
2026-08-17 06:16:31,536 [mcp.server.lowlevel.server] INFO: Processing request of type CallToolRequest
2026-08-17 06:16:31,539 [oasis.registry] INFO: Loaded discovered config: 5 backends
2026-08-17 06:16:31,539 [oasis.registry] INFO: Registered backend: 4C Multiphysics (fourc)
2026-08-17 06:16:31,539 [oasis.registry] INFO: Registered backend: FEniCSx (dolfinx) (fenics)
2026-08-17 06:16:31,539 [oasis.registry] INFO: Registered backend: deal.II (dealii)
2026-08-17 06:16:31,539 [oasis.registry] INFO: Registered backend: FEBio (febio)
2026-08-17 06:16:31,539 [oasis.registry] INFO: Registered backend: NGSolve (ngsolve)
2026-08-17 06:16:31,539 [oasis.ngsolve] INFO: NGSolve backend registered
2026-08-17 06:16:31,539 [oasis.registry] INFO: Registered backend: scikit-fem (skfem)
2026-08-17 06:16:31,539 [oasis.skfem] INFO: scikit-fem backend registered
2026-08-17 06:16:31,539 [oasis.registry] INFO: Registered backend: Kratos Multiphysics (kratos)
2026-08-17 06:16:31,539 [oasis.kratos] INFO: Kratos Multiphysics backend registered
2026-08-17 06:16:31,539 [oasis.registry] INFO: Registered backend: DUNE-fem (dune)
2026-08-17 06:16:31,539 [oasis.dune] INFO: DUNE-fem backend registered
2026-08-17 06:16:31,539 [oasis.registry] INFO: Registered backend: SPARTA (DSMC) (sparta)
2026-08-17 06:16:31,539 [oasis.sparta] INFO: SPARTA (DSMC) backend registered
2026-08-17 06:16:31,642 [mcp.server.lowlevel.server] INFO: Processing request of type ListToolsRequest
/home/alexander/Schreibtisch/ofa-v2/langgraph_eval/agent.py:215: RuntimeWarning: This package (`duckduckgo_search`) has been renamed to `ddgs`! Use `pip install ddgs` instead.
  with DDGS() as ddgs:
/home/alexander/Schreibtisch/ofa-v2/langgraph_eval/agent.py:215: RuntimeWarning: This package (`duckduckgo_search`) has been renamed to `ddgs`! Use `pip install ddgs` instead.
  with DDGS() as ddgs:
/home/alexander/Schreibtisch/ofa-v2/langgraph_eval/agent.py:215: RuntimeWarning: This package (`duckduckgo_search`) has been renamed to `ddgs`! Use `pip install ddgs` instead.
  with DDGS() as ddgs:
2026-08-17 06:18:16,916 [oasis.registry] INFO: Loaded discovered config: 5 backends
2026-08-17 06:18:16,917 [oasis.registry] INFO: Registered backend: 4C Multiphysics (fourc)
2026-08-17 06:18:16,918 [oasis.registry] INFO: Registered backend: FEniCSx (dolfinx) (fenics)
2026-08-17 06:18:16,918 [oasis.registry] INFO: Registered backend: deal.II (dealii)
2026-08-17 06:18:16,922 [oasis.registry] INFO: Registered backend: FEBio (febio)
2026-08-17 06:18:16,924 [oasis.registry] INFO: Registered backend: NGSolve (ngsolve)
2026-08-17 06:18:16,924 [oasis.ngsolve] INFO: NGSolve backend registered
2026-08-17 06:18:16,927 [oasis.registry] INFO: Registered backend: scikit-fem (skfem)
2026-08-17 06:18:16,927 [oasis.skfem] INFO: scikit-fem backend registered
2026-08-17 06:18:16,931 [oasis.registry] INFO: Registered backend: Kratos Multiphysics (kratos)
2026-08-17 06:18:16,931 [oasis.kratos] INFO: Kratos Multiphysics backend registered
2026-08-17 06:18:16,933 [oasis.registry] INFO: Registered backend: DUNE-fem (dune)
2026-08-17 06:18:16,933 [oasis.dune] INFO: DUNE-fem backend registered
2026-08-17 06:18:16,938 [oasis.registry] INFO: Registered backend: SPARTA (DSMC) (sparta)
2026-08-17 06:18:16,938 [oasis.sparta] INFO: SPARTA (DSMC) backend registered
2026-08-17 06:18:16,938 [oasis] INFO: Starting OASiS MCP server
2026-08-17 06:18:16,946 [mcp.server.lowlevel.server] INFO: Processing request of type CallToolRequest
/home/alexander/Schreibtisch/ofa-v2/langgraph_eval/agent.py:290: LangGraphDeprecatedSinceV10: create_react_agent has been moved to `langchain.agents`. Please update your import to `from langchain.agents import create_agent`. Deprecated in LangGraph V1.0 to be removed in V2.0.
  sub_agent = create_react_agent(
[preflight] custody controls verified for 1 problem(s); keys sealed and unreadable by execution
[phase: development] results are for post-mortems and convergence checking, NOT for the paper's evaluation table.
[FC1 27b BARE s1] done  calls=137 tok=25718285/36595 1272.3s
2026-08-17 06:19:45,579 [oasis.registry] INFO: Loaded discovered config: 5 backends
2026-08-17 06:19:45,584 [oasis.registry] INFO: Registered backend: 4C Multiphysics (fourc)
2026-08-17 06:19:45,584 [oasis.registry] INFO: Registered backend: FEniCSx (dolfinx) (fenics)
2026-08-17 06:19:45,585 [oasis.registry] INFO: Registered backend: deal.II (dealii)
2026-08-17 06:19:45,589 [oasis.registry] INFO: Registered backend: FEBio (febio)
2026-08-17 06:19:45,592 [oasis.registry] INFO: Registered backend: NGSolve (ngsolve)
2026-08-17 06:19:45,592 [oasis.ngsolve] INFO: NGSolve backend registered
2026-08-17 06:19:45,595 [oasis.registry] INFO: Registered backend: scikit-fem (skfem)
2026-08-17 06:19:45,595 [oasis.skfem] INFO: scikit-fem backend registered
2026-08-17 06:19:45,600 [oasis.registry] INFO: Registered backend: Kratos Multiphysics (kratos)
2026-08-17 06:19:45,600 [oasis.kratos] INFO: Kratos Multiphysics backend registered
2026-08-17 06:19:45,603 [oasis.registry] INFO: Registered backend: DUNE-fem (dune)
2026-08-17 06:19:45,603 [oasis.dune] INFO: DUNE-fem backend registered
2026-08-17 06:19:45,609 [oasis.registry] INFO: Registered backend: SPARTA (DSMC) (sparta)
2026-08-17 06:19:45,609 [oasis.sparta] INFO: SPARTA (DSMC) backend registered
2026-08-17 06:19:45,609 [oasis] INFO: Starting OASiS MCP server
2026-08-17 06:19:45,618 [mcp.server.lowlevel.server] INFO: Processing request of type ListToolsRequest
2026-08-17 06:19:50,879 [mcp.server.lowlevel.server] INFO: Processing request of type ListToolsRequest
2026-08-17 06:19:50,887 [oasis] INFO: Session journal saved: /home/alexander/Schreibtisch/ofa-v2/data/sessions/session_9249504f-d55b-4954-85f8-c5ede0ea87bb.json (1 events)
2026-08-17 06:19:52,597 [oasis.registry] INFO: Loaded discovered config: 5 backends
2026-08-17 06:19:52,598 [oasis.registry] INFO: Registered backend: 4C Multiphysics (fourc)
2026-08-17 06:19:52,599 [oasis.registry] INFO: Registered backend: FEniCSx (dolfinx) (fenics)
2026-08-17 06:19:52,599 [oasis.registry] INFO: Registered backend: deal.II (dealii)
2026-08-17 06:19:52,602 [oasis.registry] INFO: Loaded discovered config: 5 backends
2026-08-17 06:19:52,603 [oasis.registry] INFO: Registered backend: FEBio (febio)
2026-08-17 06:19:52,603 [oasis.registry] INFO: Registered backend: 4C Multiphysics (fourc)
2026-08-17 06:19:52,604 [oasis.registry] INFO: Registered backend: FEniCSx (dolfinx) (fenics)
2026-08-17 06:19:52,604 [oasis.registry] INFO: Registered backend: deal.II (dealii)
2026-08-17 06:19:52,605 [oasis.registry] INFO: Registered backend: NGSolve (ngsolve)
2026-08-17 06:19:52,605 [oasis.ngsolve] INFO: NGSolve backend registered
2026-08-17 06:19:52,608 [oasis.registry] INFO: Registered backend: FEBio (febio)
2026-08-17 06:19:52,608 [oasis.registry] INFO: Registered backend: scikit-fem (skfem)
2026-08-17 06:19:52,608 [oasis.skfem] INFO: scikit-fem backend registered
2026-08-17 06:19:52,609 [oasis.registry] INFO: Loaded discovered config: 5 backends
2026-08-17 06:19:52,610 [oasis.registry] INFO: Registered backend: 4C Multiphysics (fourc)
2026-08-17 06:19:52,610 [oasis.registry] INFO: Registered backend: FEniCSx (dolfinx) (fenics)
2026-08-17 06:19:52,610 [oasis.registry] INFO: Registered backend: NGSolve (ngsolve)
2026-08-17 06:19:52,610 [oasis.ngsolve] INFO: NGSolve backend registered
2026-08-17 06:19:52,611 [oasis.registry] INFO: Registered backend: deal.II (dealii)
2026-08-17 06:19:52,612 [oasis.registry] INFO: Registered backend: Kratos Multiphysics (kratos)
2026-08-17 06:19:52,612 [oasis.kratos] INFO: Kratos Multiphysics backend registered
2026-08-17 06:19:52,613 [oasis.registry] INFO: Registered backend: scikit-fem (skfem)
2026-08-17 06:19:52,613 [oasis.skfem] INFO: scikit-fem backend registered
2026-08-17 06:19:52,614 [oasis.registry] INFO: Registered backend: DUNE-fem (dune)
2026-08-17 06:19:52,614 [oasis.dune] INFO: DUNE-fem backend registered
2026-08-17 06:19:52,614 [oasis.registry] INFO: Registered backend: FEBio (febio)
2026-08-17 06:19:52,617 [oasis.registry] INFO: Registered backend: Kratos Multiphysics (kratos)
2026-08-17 06:19:52,617 [oasis.kratos] INFO: Kratos Multiphysics backend registered
2026-08-17 06:19:52,617 [oasis.registry] INFO: Registered backend: NGSolve (ngsolve)
2026-08-17 06:19:52,617 [oasis.ngsolve] INFO: NGSolve backend registered
2026-08-17 06:19:52,619 [oasis.registry] INFO: Registered backend: DUNE-fem (dune)
2026-08-17 06:19:52,619 [oasis.dune] INFO: DUNE-fem backend registered
2026-08-17 06:19:52,619 [oasis.registry] INFO: Registered backend: SPARTA (DSMC) (sparta)
2026-08-17 06:19:52,619 [oasis.sparta] INFO: SPARTA (DSMC) backend registered
2026-08-17 06:19:52,619 [oasis] INFO: Starting OASiS MCP server
2026-08-17 06:19:52,619 [oasis.registry] INFO: Registered backend: scikit-fem (skfem)
2026-08-17 06:19:52,620 [oasis.skfem] INFO: scikit-fem backend registered
2026-08-17 06:19:52,623 [oasis.registry] INFO: Registered backend: Kratos Multiphysics (kratos)
2026-08-17 06:19:52,623 [oasis.kratos] INFO: Kratos Multiphysics backend registered
2026-08-17 06:19:52,624 [oasis.registry] INFO: Registered backend: SPARTA (DSMC) (sparta)
2026-08-17 06:19:52,624 [oasis.sparta] INFO: SPARTA (DSMC) backend registered
2026-08-17 06:19:52,624 [oasis] INFO: Starting OASiS MCP server
2026-08-17 06:19:52,626 [oasis.registry] INFO: Registered backend: DUNE-fem (dune)
2026-08-17 06:19:52,626 [oasis.dune] INFO: DUNE-fem backend registered
2026-08-17 06:19:52,627 [mcp.server.lowlevel.server] INFO: Processing request of type CallToolRequest
2026-08-17 06:19:52,631 [oasis.registry] INFO: Registered backend: SPARTA (DSMC) (sparta)
2026-08-17 06:19:52,631 [oasis.sparta] INFO: SPARTA (DSMC) backend registered
2026-08-17 06:19:52,631 [oasis] INFO: Starting OASiS MCP server
2026-08-17 06:19:52,632 [mcp.server.lowlevel.server] INFO: Processing request of type CallToolRequest
2026-08-17 06:19:52,639 [mcp.server.lowlevel.server] INFO: Processing request of type CallToolRequest
2026-08-17 06:19:52,670 [mcp.server.lowlevel.server] INFO: Processing request of type ListToolsRequest
2026-08-17 06:19:52,676 [oasis] INFO: Session journal saved: /home/alexander/Schreibtisch/ofa-v2/data/sessions/session_d767d5f3-4888-4c03-8b95-6fdaf6013ec3.json (1 events)
2026-08-17 06:19:52,683 [mcp.server.lowlevel.server] INFO: Processing request of type ListToolsRequest
2026-08-17 06:19:55,908 [mcp.server.lowlevel.server] INFO: Processing request of type ListToolsRequest
2026-08-17 06:20:15,174 [oasis.registry] INFO: Loaded discovered config: 5 backends
2026-08-17 06:20:15,175 [oasis.registry] INFO: Registered backend: 4C Multiphysics (fourc)
2026-08-17 06:20:15,175 [oasis.registry] INFO: Registered backend: FEniCSx (dolfinx) (fenics)
2026-08-17 06:20:15,176 [oasis.registry] INFO: Registered backend: deal.II (dealii)
2026-08-17 06:20:15,179 [oasis.registry] INFO: Registered backend: FEBio (febio)
2026-08-17 06:20:15,182 [oasis.registry] INFO: Registered backend: NGSolve (ngsolve)
2026-08-17 06:20:15,182 [oasis.ngsolve] INFO: NGSolve backend registered
2026-08-17 06:20:15,184 [oasis.registry] INFO: Registered backend: scikit-fem (skfem)
2026-08-17 06:20:15,184 [oasis.skfem] INFO: scikit-fem backend registered
2026-08-17 06:20:15,188 [oasis.registry] INFO: Registered backend: Kratos Multiphysics (kratos)
2026-08-17 06:20:15,188 [oasis.kratos] INFO: Kratos Multiphysics backend registered
2026-08-17 06:20:15,190 [oasis.registry] INFO: Registered backend: DUNE-fem (dune)
2026-08-17 06:20:15,191 [oasis.dune] INFO: DUNE-fem backend registered
2026-08-17 06:20:15,195 [oasis.registry] INFO: Registered backend: SPARTA (DSMC) (sparta)
2026-08-17 06:20:15,195 [oasis.sparta] INFO: SPARTA (DSMC) backend registered
2026-08-17 06:20:15,196 [oasis] INFO: Starting OASiS MCP server
2026-08-17 06:20:15,203 [mcp.server.lowlevel.server] INFO: Processing request of type CallToolRequest
2026-08-17 06:20:16,263 [oasis.registry] INFO: Loaded discovered config: 5 backends
2026-08-17 06:20:16,264 [oasis.registry] INFO: Registered backend: 4C Multiphysics (fourc)
2026-08-17 06:20:16,265 [oasis.registry] INFO: Registered backend: FEniCSx (dolfinx) (fenics)
2026-08-17 06:20:16,265 [oasis.registry] INFO: Registered backend: deal.II (dealii)
2026-08-17 06:20:16,269 [oasis.registry] INFO: Registered backend: FEBio (febio)
2026-08-17 06:20:16,271 [oasis.registry] INFO: Registered backend: NGSolve (ngsolve)
2026-08-17 06:20:16,271 [oasis.ngsolve] INFO: NGSolve backend registered
2026-08-17 06:20:16,274 [oasis.registry] INFO: Registered backend: scikit-fem (skfem)
2026-08-17 06:20:16,274 [oasis.skfem] INFO: scikit-fem backend registered
2026-08-17 06:20:16,275 [oasis.registry] INFO: Loaded discovered config: 5 backends
2026-08-17 06:20:16,277 [oasis.registry] INFO: Registered backend: 4C Multiphysics (fourc)
2026-08-17 06:20:16,277 [oasis.registry] INFO: Registered backend: FEniCSx (dolfinx) (fenics)
2026-08-17 06:20:16,278 [oasis.registry] INFO: Registered backend: deal.II (dealii)
2026-08-17 06:20:16,278 [oasis.registry] INFO: Registered backend: Kratos Multiphysics (kratos)
2026-08-17 06:20:16,278 [oasis.kratos] INFO: Kratos Multiphysics backend registered
2026-08-17 06:20:16,280 [oasis.registry] INFO: Registered backend: DUNE-fem (dune)
2026-08-17 06:20:16,280 [oasis.dune] INFO: DUNE-fem backend registered
2026-08-17 06:20:16,281 [oasis.registry] INFO: Registered backend: FEBio (febio)
2026-08-17 06:20:16,284 [oasis.registry] INFO: Registered backend: NGSolve (ngsolve)
2026-08-17 06:20:16,284 [oasis.ngsolve] INFO: NGSolve backend registered
2026-08-17 06:20:16,285 [oasis.registry] INFO: Registered backend: SPARTA (DSMC) (sparta)
2026-08-17 06:20:16,285 [oasis.sparta] INFO: SPARTA (DSMC) backend registered
2026-08-17 06:20:16,285 [oasis] INFO: Starting OASiS MCP server
2026-08-17 06:20:16,287 [oasis.registry] INFO: Registered backend: scikit-fem (skfem)
2026-08-17 06:20:16,287 [oasis.skfem] INFO: scikit-fem backend registered
2026-08-17 06:20:16,291 [oasis.registry] INFO: Registered backend: Kratos Multiphysics (kratos)
2026-08-17 06:20:16,291 [oasis.kratos] INFO: Kratos Multiphysics backend registered
2026-08-17 06:20:16,294 [oasis.registry] INFO: Registered backend: DUNE-fem (dune)
2026-08-17 06:20:16,294 [oasis.dune] INFO: DUNE-fem backend registered
2026-08-17 06:20:16,294 [mcp.server.lowlevel.server] INFO: Processing request of type CallToolRequest
2026-08-17 06:20:16,301 [oasis.registry] INFO: Registered backend: SPARTA (DSMC) (sparta)
2026-08-17 06:20:16,301 [oasis.sparta] INFO: SPARTA (DSMC) backend registered
2026-08-17 06:20:16,301 [oasis] INFO: Starting OASiS MCP server
2026-08-17 06:20:16,303 [mcp.server.lowlevel.server] INFO: Processing request of type ListToolsRequest
2026-08-17 06:20:16,309 [mcp.server.lowlevel.server] INFO: Processing request of type CallToolRequest
2026-08-17 06:20:19,819 [mcp.server.lowlevel.server] INFO: Processing request of type ListToolsRequest
2026-08-17 06:20:19,825 [oasis] INFO: Session journal saved: /home/alexander/Schreibtisch/ofa-v2/data/sessions/session_61b52aa6-e3a4-446a-bd29-dbebbb5b0343.json (1 events)
/home/alexander/Schreibtisch/ofa-v2/langgraph_eval/agent.py:215: RuntimeWarning: This package (`duckduckgo_search`) has been renamed to `ddgs`! Use `pip install ddgs` instead.
  with DDGS() as ddgs:
/home/alexander/Schreibtisch/ofa-v2/langgraph_eval/agent.py:215: RuntimeWarning: This package (`duckduckgo_search`) has been renamed to `ddgs`! Use `pip install ddgs` instead.
  with DDGS() as ddgs:
/home/alexander/Schreibtisch/ofa-v2/langgraph_eval/agent.py:215: RuntimeWarning: This package (`duckduckgo_search`) has been renamed to `ddgs`! Use `pip install ddgs` instead.
  with DDGS() as ddgs:
/home/alexander/Schreibtisch/ofa-v2/langgraph_eval/agent.py:215: RuntimeWarning: This package (`duckduckgo_search`) has been renamed to `ddgs`! Use `pip install ddgs` instead.
  with DDGS() as ddgs:
/home/alexander/Schreibtisch/ofa-v2/langgraph_eval/agent.py:215: RuntimeWarning: This package (`duckduckgo_search`) has been renamed to `ddgs`! Use `pip install ddgs` instead.
  with DDGS() as ddgs:
2026-08-17 06:21:03,357 [oasis.registry] INFO: Loaded discovered config: 5 backends
2026-08-17 06:21:03,358 [oasis.registry] INFO: Registered backend: 4C Multiphysics (fourc)
2026-08-17 06:21:03,359 [oasis.registry] INFO: Registered backend: FEniCSx (dolfinx) (fenics)
2026-08-17 06:21:03,359 [oasis.registry] INFO: Registered backend: deal.II (dealii)
2026-08-17 06:21:03,363 [oasis.registry] INFO: Registered backend: FEBio (febio)
2026-08-17 06:21:03,365 [oasis.registry] INFO: Registered backend: NGSolve (ngsolve)
2026-08-17 06:21:03,365 [oasis.ngsolve] INFO: NGSolve backend registered
2026-08-17 06:21:03,368 [oasis.registry] INFO: Registered backend: scikit-fem (skfem)
2026-08-17 06:21:03,368 [oasis.skfem] INFO: scikit-fem backend registered
2026-08-17 06:21:03,371 [oasis.registry] INFO: Loaded discovered config: 5 backends
2026-08-17 06:21:03,371 [oasis.registry] INFO: Registered backend: Kratos Multiphysics (kratos)
2026-08-17 06:21:03,371 [oasis.kratos] INFO: Kratos Multiphysics backend registered
2026-08-17 06:21:03,372 [oasis.registry] INFO: Registered backend: 4C Multiphysics (fourc)
2026-08-17 06:21:03,373 [oasis.registry] INFO: Registered backend: FEniCSx (dolfinx) (fenics)
2026-08-17 06:21:03,373 [oasis.registry] INFO: Registered backend: deal.II (dealii)
2026-08-17 06:21:03,374 [oasis.registry] INFO: Registered backend: DUNE-fem (dune)
2026-08-17 06:21:03,374 [oasis.dune] INFO: DUNE-fem backend registered
2026-08-17 06:21:03,377 [oasis.registry] INFO: Registered backend: FEBio (febio)
2026-08-17 06:21:03,379 [oasis.registry] INFO: Registered backend: SPARTA (DSMC) (sparta)
2026-08-17 06:21:03,379 [oasis.sparta] INFO: SPARTA (DSMC) backend registered
2026-08-17 06:21:03,379 [oasis] INFO: Starting OASiS MCP server
2026-08-17 06:21:03,379 [oasis.registry] INFO: Registered backend: NGSolve (ngsolve)
2026-08-17 06:21:03,379 [oasis.ngsolve] INFO: NGSolve backend registered
2026-08-17 06:21:03,382 [oasis.registry] INFO: Registered backend: scikit-fem (skfem)
2026-08-17 06:21:03,382 [oasis.skfem] INFO: scikit-fem backend registered
2026-08-17 06:21:03,386 [oasis.registry] INFO: Registered backend: Kratos Multiphysics (kratos)
2026-08-17 06:21:03,386 [oasis.kratos] INFO: Kratos Multiphysics backend registered
2026-08-17 06:21:03,387 [mcp.server.lowlevel.server] INFO: Processing request of type CallToolRequest
2026-08-17 06:21:03,388 [oasis.registry] INFO: Registered backend: DUNE-fem (dune)
2026-08-17 06:21:03,388 [oasis.dune] INFO: DUNE-fem backend registered
2026-08-17 06:21:03,393 [oasis.registry] INFO: Registered backend: SPARTA (DSMC) (sparta)
2026-08-17 06:21:03,394 [oasis.sparta] INFO: SPARTA (DSMC) backend registered
2026-08-17 06:21:03,394 [oasis] INFO: Starting OASiS MCP server
2026-08-17 06:21:03,403 [mcp.server.lowlevel.server] INFO: Processing request of type CallToolRequest
2026-08-17 06:21:03,408 [mcp.server.lowlevel.server] INFO: Processing request of type ListToolsRequest
2026-08-17 06:21:03,415 [oasis] INFO: Session journal saved: /home/alexander/Schreibtisch/ofa-v2/data/sessions/session_c4be9b34-8471-4ed6-b2ff-bc7f0349d3a5.json (1 events)
2026-08-17 06:21:03,447 [mcp.server.lowlevel.server] INFO: Processing request of type ListToolsRequest
/home/alexander/Schreibtisch/ofa-v2/langgraph_eval/agent.py:215: RuntimeWarning: This package (`duckduckgo_search`) has been renamed to `ddgs`! Use `pip install ddgs` instead.
  with DDGS() as ddgs:
/home/alexander/Schreibtisch/ofa-v2/langgraph_eval/agent.py:215: RuntimeWarning: This package (`duckduckgo_search`) has been renamed to `ddgs`! Use `pip install ddgs` instead.
  with DDGS() as ddgs:
/home/alexander/Schreibtisch/ofa-v2/langgraph_eval/agent.py:215: RuntimeWarning: This package (`duckduckgo_search`) has been renamed to `ddgs`! Use `pip install ddgs` instead.
  with DDGS() as ddgs:
2026-08-17 06:21:12,562 [oasis.registry] INFO: Loaded discovered config: 5 backends
2026-08-17 06:21:12,564 [oasis.registry] INFO: Registered backend: 4C Multiphysics (fourc)
2026-08-17 06:21:12,564 [oasis.registry] INFO: Registered backend: FEniCSx (dolfinx) (fenics)
2026-08-17 06:21:12,565 [oasis.registry] INFO: Registered backend: deal.II (dealii)
2026-08-17 06:21:12,568 [oasis.registry] INFO: Registered backend: FEBio (febio)
2026-08-17 06:21:12,571 [oasis.registry] INFO: Registered backend: NGSolve (ngsolve)
2026-08-17 06:21:12,571 [oasis.ngsolve] INFO: NGSolve backend registered
2026-08-17 06:21:12,574 [oasis.registry] INFO: Registered backend: scikit-fem (skfem)
2026-08-17 06:21:12,574 [oasis.skfem] INFO: scikit-fem backend registered
2026-08-17 06:21:12,578 [oasis.registry] INFO: Registered backend: Kratos Multiphysics (kratos)
2026-08-17 06:21:12,578 [oasis.kratos] INFO: Kratos Multiphysics backend registered
2026-08-17 06:21:12,580 [oasis.registry] INFO: Registered backend: DUNE-fem (dune)
2026-08-17 06:21:12,580 [oasis.dune] INFO: DUNE-fem backend registered
2026-08-17 06:21:12,585 [oasis.registry] INFO: Registered backend: SPARTA (DSMC) (sparta)
2026-08-17 06:21:12,585 [oasis.sparta] INFO: SPARTA (DSMC) backend registered
2026-08-17 06:21:12,586 [oasis] INFO: Starting OASiS MCP server
2026-08-17 06:21:12,594 [mcp.server.lowlevel.server] INFO: Processing request of type CallToolRequest
2026-08-17 06:21:16,411 [mcp.server.lowlevel.server] INFO: Processing request of type ListToolsRequest
2026-08-17 06:21:16,419 [oasis] INFO: Session journal saved: /home/alexander/Schreibtisch/ofa-v2/data/sessions/session_04fb0bc3-7dd0-456a-8b26-32cdcb46bde8.json (1 events)
2026-08-17 06:21:23,898 [oasis.registry] INFO: Loaded discovered config: 5 backends
2026-08-17 06:21:23,899 [oasis.registry] INFO: Registered backend: 4C Multiphysics (fourc)
2026-08-17 06:21:23,900 [oasis.registry] INFO: Registered backend: FEniCSx (dolfinx) (fenics)
2026-08-17 06:21:23,900 [oasis.registry] INFO: Registered backend: deal.II (dealii)
2026-08-17 06:21:23,905 [oasis.registry] INFO: Registered backend: FEBio (febio)
2026-08-17 06:21:23,908 [oasis.registry] INFO: Registered backend: NGSolve (ngsolve)
2026-08-17 06:21:23,908 [oasis.ngsolve] INFO: NGSolve backend registered
2026-08-17 06:21:23,911 [oasis.registry] INFO: Registered backend: scikit-fem (skfem)
2026-08-17 06:21:23,911 [oasis.skfem] INFO: scikit-fem backend registered
2026-08-17 06:21:23,911 [oasis.registry] INFO: Loaded discovered config: 5 backends
2026-08-17 06:21:23,912 [oasis.registry] INFO: Registered backend: 4C Multiphysics (fourc)
2026-08-17 06:21:23,912 [oasis.registry] INFO: Registered backend: FEniCSx (dolfinx) (fenics)
2026-08-17 06:21:23,913 [oasis.registry] INFO: Registered backend: deal.II (dealii)
2026-08-17 06:21:23,914 [oasis.registry] INFO: Registered backend: Kratos Multiphysics (kratos)
2026-08-17 06:21:23,914 [oasis.kratos] INFO: Kratos Multiphysics backend registered
2026-08-17 06:21:23,917 [oasis.registry] INFO: Registered backend: DUNE-fem (dune)
2026-08-17 06:21:23,917 [oasis.dune] INFO: DUNE-fem backend registered
2026-08-17 06:21:23,917 [oasis.registry] INFO: Registered backend: FEBio (febio)
2026-08-17 06:21:23,919 [oasis.registry] INFO: Registered backend: NGSolve (ngsolve)
2026-08-17 06:21:23,919 [oasis.ngsolve] INFO: NGSolve backend registered
2026-08-17 06:21:23,922 [oasis.registry] INFO: Registered backend: SPARTA (DSMC) (sparta)
2026-08-17 06:21:23,922 [oasis.registry] INFO: Registered backend: scikit-fem (skfem)
2026-08-17 06:21:23,922 [oasis.sparta] INFO: SPARTA (DSMC) backend registered
2026-08-17 06:21:23,922 [oasis.skfem] INFO: scikit-fem backend registered
2026-08-17 06:21:23,922 [oasis] INFO: Starting OASiS MCP server
2026-08-17 06:21:23,922 [oasis.registry] INFO: Loaded discovered config: 5 backends
2026-08-17 06:21:23,923 [oasis.registry] INFO: Registered backend: 4C Multiphysics (fourc)
2026-08-17 06:21:23,924 [oasis.registry] INFO: Registered backend: FEniCSx (dolfinx) (fenics)
2026-08-17 06:21:23,924 [oasis.registry] INFO: Registered backend: deal.II (dealii)
2026-08-17 06:21:23,925 [oasis.registry] INFO: Registered backend: Kratos Multiphysics (kratos)
2026-08-17 06:21:23,926 [oasis.kratos] INFO: Kratos Multiphysics backend registered
2026-08-17 06:21:23,928 [oasis.registry] INFO: Registered backend: DUNE-fem (dune)
2026-08-17 06:21:23,928 [oasis.dune] INFO: DUNE-fem backend registered
2026-08-17 06:21:23,928 [oasis.registry] INFO: Registered backend: FEBio (febio)
2026-08-17 06:21:23,929 [mcp.server.lowlevel.server] INFO: Processing request of type CallToolRequest
2026-08-17 06:21:23,930 [oasis.registry] INFO: Registered backend: NGSolve (ngsolve)
2026-08-17 06:21:23,930 [oasis.ngsolve] INFO: NGSolve backend registered
2026-08-17 06:21:23,933 [oasis.registry] INFO: Registered backend: SPARTA (DSMC) (sparta)
2026-08-17 06:21:23,933 [oasis.sparta] INFO: SPARTA (DSMC) backend registered
2026-08-17 06:21:23,933 [oasis] INFO: Starting OASiS MCP server
2026-08-17 06:21:23,933 [oasis.registry] INFO: Registered backend: scikit-fem (skfem)
2026-08-17 06:21:23,933 [oasis.skfem] INFO: scikit-fem backend registered
2026-08-17 06:21:23,937 [oasis.registry] INFO: Registered backend: Kratos Multiphysics (kratos)
2026-08-17 06:21:23,937 [oasis.kratos] INFO: Kratos Multiphysics backend registered
2026-08-17 06:21:23,939 [oasis.registry] INFO: Registered backend: DUNE-fem (dune)
2026-08-17 06:21:23,939 [oasis.dune] INFO: DUNE-fem backend registered
2026-08-17 06:21:23,940 [mcp.server.lowlevel.server] INFO: Processing request of type CallToolRequest
2026-08-17 06:21:23,944 [oasis.registry] INFO: Registered backend: SPARTA (DSMC) (sparta)
2026-08-17 06:21:23,944 [oasis.sparta] INFO: SPARTA (DSMC) backend registered
2026-08-17 06:21:23,944 [oasis] INFO: Starting OASiS MCP server
2026-08-17 06:21:23,952 [mcp.server.lowlevel.server] INFO: Processing request of type CallToolRequest
2026-08-17 06:21:27,827 [mcp.server.lowlevel.server] INFO: Processing request of type ListToolsRequest
2026-08-17 06:21:27,832 [oasis] INFO: Session journal saved: /home/alexander/Schreibtisch/ofa-v2/data/sessions/session_e5145746-d043-4ec2-aee3-97b5c87c2e20.json (1 events)
2026-08-17 06:21:27,857 [mcp.server.lowlevel.server] INFO: Processing request of type ListToolsRequest
2026-08-17 06:21:27,865 [oasis] INFO: Session journal saved: /home/alexander/Schreibtisch/ofa-v2/data/sessions/session_b333b598-9843-4149-9886-1fa6718ca759.json (1 events)
2026-08-17 06:21:27,872 [mcp.server.lowlevel.server] INFO: Processing request of type ListToolsRequest
2026-08-17 06:21:27,878 [oasis] INFO: Session journal saved: /home/alexander/Schreibtisch/ofa-v2/data/sessions/session_6119f248-deb6-4331-89a7-b05226c92404.json (1 events)
[preflight] custody controls verified for 1 problem(s); keys sealed and unreadable by execution
[phase: development] results are for post-mortems and convergence checking, NOT for the paper's evaluation table.
[KR2 27b MCP s1] done  calls=47 tok=2849688/51893 878.9s
/home/alexander/Schreibtisch/ofa-v2/campaign3_blind/run_blind.py:598: ResourceWarning: unclosed file <_io.TextIOWrapper name='/home/alexander/Schreibtisch/ofa-v2/campaign3_blind/runs/KR2_27b_MCP_seed1/work/trajectory_live.txt' mode='a' encoding='utf-8'>
  run_one(pid, a.model, cond, a.seed, a.timeout)
ResourceWarning: Enable tracemalloc to get the object allocation traceback
/home/alexander/.local/share/python/cpython-3.12.13-linux-x86_64-gnu/lib/python3.12/asyncio/selector_events.py:879: ResourceWarning: unclosed transport <_SelectorSocketTransport fd=8>
<<< KR2 done 2026-08-17 06:21:37
2026-08-17 06:21:50,406 [mcp.server.lowlevel.server] INFO: Processing request of type ListToolsRequest
2026-08-17 06:21:50,414 [oasis] INFO: Session journal saved: /home/alexander/Schreibtisch/ofa-v2/data/sessions/session_cbc07ecf-fdfc-4ff0-923d-38f7dccd9934.json (1 events)
2026-08-17 06:21:59,829 [oasis.registry] INFO: Loaded discovered config: 5 backends
2026-08-17 06:21:59,830 [oasis.registry] INFO: Registered backend: 4C Multiphysics (fourc)
2026-08-17 06:21:59,831 [oasis.registry] INFO: Registered backend: FEniCSx (dolfinx) (fenics)
2026-08-17 06:21:59,831 [oasis.registry] INFO: Registered backend: deal.II (dealii)
2026-08-17 06:21:59,833 [oasis.registry] INFO: Loaded discovered config: 5 backends
2026-08-17 06:21:59,835 [oasis.registry] INFO: Registered backend: 4C Multiphysics (fourc)
2026-08-17 06:21:59,835 [oasis.registry] INFO: Registered backend: FEBio (febio)
2026-08-17 06:21:59,835 [oasis.registry] INFO: Registered backend: FEniCSx (dolfinx) (fenics)
2026-08-17 06:21:59,836 [oasis.registry] INFO: Registered backend: deal.II (dealii)
2026-08-17 06:21:59,837 [oasis.registry] INFO: Registered backend: NGSolve (ngsolve)
2026-08-17 06:21:59,837 [oasis.ngsolve] INFO: NGSolve backend registered
2026-08-17 06:21:59,839 [oasis.registry] INFO: Registered backend: FEBio (febio)
2026-08-17 06:21:59,840 [oasis.registry] INFO: Registered backend: scikit-fem (skfem)
2026-08-17 06:21:59,840 [oasis.skfem] INFO: scikit-fem backend registered
2026-08-17 06:21:59,842 [oasis.registry] INFO: Registered backend: NGSolve (ngsolve)
2026-08-17 06:21:59,842 [oasis.ngsolve] INFO: NGSolve backend registered
2026-08-17 06:21:59,844 [oasis.registry] INFO: Registered backend: Kratos Multiphysics (kratos)
2026-08-17 06:21:59,844 [oasis.kratos] INFO: Kratos Multiphysics backend registered
2026-08-17 06:21:59,844 [oasis.registry] INFO: Registered backend: scikit-fem (skfem)
2026-08-17 06:21:59,845 [oasis.skfem] INFO: scikit-fem backend registered
2026-08-17 06:21:59,846 [oasis.registry] INFO: Registered backend: DUNE-fem (dune)
2026-08-17 06:21:59,846 [oasis.dune] INFO: DUNE-fem backend registered
2026-08-17 06:21:59,848 [oasis.registry] INFO: Registered backend: Kratos Multiphysics (kratos)
2026-08-17 06:21:59,848 [oasis.kratos] INFO: Kratos Multiphysics backend registered
2026-08-17 06:21:59,851 [oasis.registry] INFO: Registered backend: DUNE-fem (dune)
2026-08-17 06:21:59,851 [oasis.dune] INFO: DUNE-fem backend registered
2026-08-17 06:21:59,851 [oasis.registry] INFO: Registered backend: SPARTA (DSMC) (sparta)
2026-08-17 06:21:59,851 [oasis.sparta] INFO: SPARTA (DSMC) backend registered
2026-08-17 06:21:59,851 [oasis] INFO: Starting OASiS MCP server
2026-08-17 06:21:59,856 [oasis.registry] INFO: Registered backend: SPARTA (DSMC) (sparta)
2026-08-17 06:21:59,856 [oasis.sparta] INFO: SPARTA (DSMC) backend registered
2026-08-17 06:21:59,856 [oasis] INFO: Starting OASiS MCP server
2026-08-17 06:21:59,859 [mcp.server.lowlevel.server] INFO: Processing request of type CallToolRequest
2026-08-17 06:21:59,864 [mcp.server.lowlevel.server] INFO: Processing request of type CallToolRequest
2026-08-17 06:21:59,898 [mcp.server.lowlevel.server] INFO: Processing request of type ListToolsRequest
2026-08-17 06:21:59,905 [mcp.server.lowlevel.server] INFO: Processing request of type ListToolsRequest
2026-08-17 06:21:59,906 [oasis] INFO: Session journal saved: /home/alexander/Schreibtisch/ofa-v2/data/sessions/session_85f5beb0-e52d-40f6-8137-395cf3c8348d.json (1 events)
/home/alexander/Schreibtisch/ofa-v2/langgraph_eval/agent.py:290: LangGraphDeprecatedSinceV10: create_react_agent has been moved to `langchain.agents`. Please update your import to `from langchain.agents import create_agent`. Deprecated in LangGraph V1.0 to be removed in V2.0.
  sub_agent = create_react_agent(
2026-08-17 06:22:39,206 [oasis.registry] INFO: Loaded discovered config: 5 backends
2026-08-17 06:22:39,207 [oasis.registry] INFO: Registered backend: 4C Multiphysics (fourc)
2026-08-17 06:22:39,208 [oasis.registry] INFO: Registered backend: FEniCSx (dolfinx) (fenics)
2026-08-17 06:22:39,208 [oasis.registry] INFO: Registered backend: deal.II (dealii)
2026-08-17 06:22:39,212 [oasis.registry] INFO: Registered backend: FEBio (febio)
2026-08-17 06:22:39,212 [oasis.registry] INFO: Loaded discovered config: 5 backends
2026-08-17 06:22:39,214 [oasis.registry] INFO: Registered backend: 4C Multiphysics (fourc)
2026-08-17 06:22:39,214 [oasis.registry] INFO: Registered backend: FEniCSx (dolfinx) (fenics)
2026-08-17 06:22:39,214 [oasis.registry] INFO: Registered backend: NGSolve (ngsolve)
2026-08-17 06:22:39,214 [oasis.ngsolve] INFO: NGSolve backend registered
2026-08-17 06:22:39,215 [oasis.registry] INFO: Registered backend: deal.II (dealii)
2026-08-17 06:22:39,217 [oasis.registry] INFO: Registered backend: scikit-fem (skfem)
2026-08-17 06:22:39,217 [oasis.skfem] INFO: scikit-fem backend registered
2026-08-17 06:22:39,218 [oasis.registry] INFO: Registered backend: FEBio (febio)
2026-08-17 06:22:39,221 [oasis.registry] INFO: Registered backend: NGSolve (ngsolve)
2026-08-17 06:22:39,221 [oasis.registry] INFO: Registered backend: Kratos Multiphysics (kratos)
2026-08-17 06:22:39,221 [oasis.ngsolve] INFO: NGSolve backend registered
2026-08-17 06:22:39,221 [oasis.kratos] INFO: Kratos Multiphysics backend registered
2026-08-17 06:22:39,221 [oasis.registry] INFO: Loaded discovered config: 5 backends
2026-08-17 06:22:39,222 [oasis.registry] INFO: Registered backend: 4C Multiphysics (fourc)
2026-08-17 06:22:39,223 [oasis.registry] INFO: Registered backend: FEniCSx (dolfinx) (fenics)
2026-08-17 06:22:39,223 [oasis.registry] INFO: Registered backend: deal.II (dealii)
2026-08-17 06:22:39,223 [oasis.registry] INFO: Registered backend: DUNE-fem (dune)
2026-08-17 06:22:39,223 [oasis.dune] INFO: DUNE-fem backend registered
2026-08-17 06:22:39,223 [oasis.registry] INFO: Registered backend: scikit-fem (skfem)
2026-08-17 06:22:39,223 [oasis.skfem] INFO: scikit-fem backend registered
2026-08-17 06:22:39,227 [oasis.registry] INFO: Registered backend: FEBio (febio)
2026-08-17 06:22:39,227 [oasis.registry] INFO: Registered backend: Kratos Multiphysics (kratos)
2026-08-17 06:22:39,227 [oasis.kratos] INFO: Kratos Multiphysics backend registered
2026-08-17 06:22:39,228 [oasis.registry] INFO: Registered backend: SPARTA (DSMC) (sparta)
2026-08-17 06:22:39,228 [oasis.sparta] INFO: SPARTA (DSMC) backend registered
2026-08-17 06:22:39,228 [oasis] INFO: Starting OASiS MCP server
2026-08-17 06:22:39,229 [oasis.registry] INFO: Registered backend: NGSolve (ngsolve)
2026-08-17 06:22:39,229 [oasis.ngsolve] INFO: NGSolve backend registered
2026-08-17 06:22:39,230 [oasis.registry] INFO: Registered backend: DUNE-fem (dune)
2026-08-17 06:22:39,230 [oasis.dune] INFO: DUNE-fem backend registered
2026-08-17 06:22:39,232 [oasis.registry] INFO: Registered backend: scikit-fem (skfem)
2026-08-17 06:22:39,232 [oasis.skfem] INFO: scikit-fem backend registered
2026-08-17 06:22:39,235 [oasis.registry] INFO: Registered backend: SPARTA (DSMC) (sparta)
2026-08-17 06:22:39,235 [oasis.sparta] INFO: SPARTA (DSMC) backend registered
2026-08-17 06:22:39,235 [oasis] INFO: Starting OASiS MCP server
2026-08-17 06:22:39,236 [oasis.registry] INFO: Registered backend: Kratos Multiphysics (kratos)
2026-08-17 06:22:39,236 [oasis.kratos] INFO: Kratos Multiphysics backend registered
2026-08-17 06:22:39,236 [mcp.server.lowlevel.server] INFO: Processing request of type CallToolRequest
2026-08-17 06:22:39,238 [oasis.registry] INFO: Registered backend: DUNE-fem (dune)
2026-08-17 06:22:39,238 [oasis.dune] INFO: DUNE-fem backend registered
2026-08-17 06:22:39,243 [oasis.registry] INFO: Registered backend: SPARTA (DSMC) (sparta)
2026-08-17 06:22:39,243 [oasis.sparta] INFO: SPARTA (DSMC) backend registered
2026-08-17 06:22:39,243 [mcp.server.lowlevel.server] INFO: Processing request of type CallToolRequest
2026-08-17 06:22:39,243 [oasis] INFO: Starting OASiS MCP server
2026-08-17 06:22:39,248 [mcp.server.lowlevel.server] INFO: Processing request of type ListToolsRequest
2026-08-17 06:22:39,253 [mcp.server.lowlevel.server] INFO: Processing request of type CallToolRequest
2026-08-17 06:22:39,253 [oasis] INFO: Session journal saved: /home/alexander/Schreibtisch/ofa-v2/data/sessions/session_59d28dc6-1f0f-46f7-a6c5-8c52c6503abe.json (1 events)
2026-08-17 06:22:39,280 [mcp.server.lowlevel.server] INFO: Processing request of type ListToolsRequest
2026-08-17 06:22:39,301 [mcp.server.lowlevel.server] INFO: Processing request of type ListToolsRequest
/home/alexander/Schreibtisch/ofa-v2/langgraph_eval/agent.py:215: RuntimeWarning: This package (`duckduckgo_search`) has been renamed to `ddgs`! Use `pip install ddgs` instead.
  with DDGS() as ddgs:
/home/alexander/Schreibtisch/ofa-v2/langgraph_eval/agent.py:215: RuntimeWarning: This package (`duckduckgo_search`) has been renamed to `ddgs`! Use `pip install ddgs` instead.
  with DDGS() as ddgs:
/home/alexander/Schreibtisch/ofa-v2/langgraph_eval/agent.py:215: RuntimeWarning: This package (`duckduckgo_search`) has been renamed to `ddgs`! Use `pip install ddgs` instead.
  with DDGS() as ddgs:
2026-08-17 06:22:59,849 [oasis.registry] INFO: Loaded discovered config: 5 backends
2026-08-17 06:22:59,850 [oasis.registry] INFO: Registered backend: 4C Multiphysics (fourc)
2026-08-17 06:22:59,851 [oasis.registry] INFO: Registered backend: FEniCSx (dolfinx) (fenics)
2026-08-17 06:22:59,851 [oasis.registry] INFO: Registered backend: deal.II (dealii)
2026-08-17 06:22:59,855 [oasis.registry] INFO: Registered backend: FEBio (febio)
2026-08-17 06:22:59,859 [oasis.registry] INFO: Registered backend: NGSolve (ngsolve)
2026-08-17 06:22:59,859 [oasis.ngsolve] INFO: NGSolve backend registered
2026-08-17 06:22:59,862 [oasis.registry] INFO: Registered backend: scikit-fem (skfem)
2026-08-17 06:22:59,862 [oasis.skfem] INFO: scikit-fem backend registered
2026-08-17 06:22:59,866 [oasis.registry] INFO: Registered backend: Kratos Multiphysics (kratos)
2026-08-17 06:22:59,866 [oasis.kratos] INFO: Kratos Multiphysics backend registered
2026-08-17 06:22:59,868 [oasis.registry] INFO: Registered backend: DUNE-fem (dune)
2026-08-17 06:22:59,868 [oasis.dune] INFO: DUNE-fem backend registered
2026-08-17 06:22:59,873 [oasis.registry] INFO: Registered backend: SPARTA (DSMC) (sparta)
2026-08-17 06:22:59,873 [oasis.sparta] INFO: SPARTA (DSMC) backend registered
2026-08-17 06:22:59,873 [oasis] INFO: Starting OASiS MCP server
2026-08-17 06:22:59,881 [mcp.server.lowlevel.server] INFO: Processing request of type CallToolRequest
2026-08-17 06:23:03,397 [mcp.server.lowlevel.server] INFO: Processing request of type ListToolsRequest
2026-08-17 06:23:03,403 [oasis] INFO: Session journal saved: /home/alexander/Schreibtisch/ofa-v2/data/sessions/session_837d704e-4977-459c-b1f8-2d4853175e0a.json (1 events)
2026-08-17 06:23:30,072 [oasis.registry] INFO: Loaded discovered config: 5 backends
2026-08-17 06:23:30,073 [oasis.registry] INFO: Registered backend: 4C Multiphysics (fourc)
2026-08-17 06:23:30,074 [oasis.registry] INFO: Registered backend: FEniCSx (dolfinx) (fenics)
2026-08-17 06:23:30,074 [oasis.registry] INFO: Registered backend: deal.II (dealii)
2026-08-17 06:23:30,078 [oasis.registry] INFO: Registered backend: FEBio (febio)
2026-08-17 06:23:30,080 [oasis.registry] INFO: Registered backend: NGSolve (ngsolve)
2026-08-17 06:23:30,080 [oasis.ngsolve] INFO: NGSolve backend registered
2026-08-17 06:23:30,081 [oasis.registry] INFO: Loaded discovered config: 5 backends
2026-08-17 06:23:30,082 [oasis.registry] INFO: Registered backend: 4C Multiphysics (fourc)
2026-08-17 06:23:30,082 [oasis.registry] INFO: Registered backend: FEniCSx (dolfinx) (fenics)
2026-08-17 06:23:30,083 [oasis.registry] INFO: Registered backend: deal.II (dealii)
2026-08-17 06:23:30,083 [oasis.registry] INFO: Registered backend: scikit-fem (skfem)
2026-08-17 06:23:30,083 [oasis.skfem] INFO: scikit-fem backend registered
2026-08-17 06:23:30,087 [oasis.registry] INFO: Registered backend: FEBio (febio)
2026-08-17 06:23:30,087 [oasis.registry] INFO: Registered backend: Kratos Multiphysics (kratos)
2026-08-17 06:23:30,087 [oasis.kratos] INFO: Kratos Multiphysics backend registered
2026-08-17 06:23:30,089 [oasis.registry] INFO: Registered backend: NGSolve (ngsolve)
2026-08-17 06:23:30,089 [oasis.ngsolve] INFO: NGSolve backend registered
2026-08-17 06:23:30,089 [oasis.registry] INFO: Registered backend: DUNE-fem (dune)
2026-08-17 06:23:30,089 [oasis.dune] INFO: DUNE-fem backend registered
2026-08-17 06:23:30,092 [oasis.registry] INFO: Registered backend: scikit-fem (skfem)
2026-08-17 06:23:30,092 [oasis.skfem] INFO: scikit-fem backend registered
2026-08-17 06:23:30,094 [oasis.registry] INFO: Registered backend: SPARTA (DSMC) (sparta)
2026-08-17 06:23:30,094 [oasis.sparta] INFO: SPARTA (DSMC) backend registered
2026-08-17 06:23:30,094 [oasis] INFO: Starting OASiS MCP server
2026-08-17 06:23:30,095 [oasis.registry] INFO: Registered backend: Kratos Multiphysics (kratos)
2026-08-17 06:23:30,095 [oasis.kratos] INFO: Kratos Multiphysics backend registered
2026-08-17 06:23:30,098 [oasis.registry] INFO: Registered backend: DUNE-fem (dune)
2026-08-17 06:23:30,098 [oasis.dune] INFO: DUNE-fem backend registered
2026-08-17 06:23:30,102 [mcp.server.lowlevel.server] INFO: Processing request of type CallToolRequest
2026-08-17 06:23:30,103 [oasis.registry] INFO: Registered backend: SPARTA (DSMC) (sparta)
2026-08-17 06:23:30,103 [oasis.sparta] INFO: SPARTA (DSMC) backend registered
2026-08-17 06:23:30,103 [oasis] INFO: Starting OASiS MCP server
2026-08-17 06:23:30,111 [mcp.server.lowlevel.server] INFO: Processing request of type CallToolRequest
2026-08-17 06:23:30,150 [mcp.server.lowlevel.server] INFO: Processing request of type ListToolsRequest
2026-08-17 06:23:33,567 [mcp.server.lowlevel.server] INFO: Processing request of type ListToolsRequest
2026-08-17 06:23:33,574 [oasis] INFO: Session journal saved: /home/alexander/Schreibtisch/ofa-v2/data/sessions/session_8acb7804-b48f-48e6-87cd-afd6ff614984.json (1 events)
2026-08-17 06:23:38,849 [oasis.registry] INFO: Loaded discovered config: 5 backends
2026-08-17 06:23:38,850 [oasis.registry] INFO: Registered backend: 4C Multiphysics (fourc)
2026-08-17 06:23:38,850 [oasis.registry] INFO: Registered backend: FEniCSx (dolfinx) (fenics)
2026-08-17 06:23:38,851 [oasis.registry] INFO: Registered backend: deal.II (dealii)
2026-08-17 06:23:38,855 [oasis.registry] INFO: Registered backend: FEBio (febio)
2026-08-17 06:23:38,857 [oasis.registry] INFO: Registered backend: NGSolve (ngsolve)
2026-08-17 06:23:38,857 [oasis.ngsolve] INFO: NGSolve backend registered
2026-08-17 06:23:38,860 [oasis.registry] INFO: Registered backend: scikit-fem (skfem)
2026-08-17 06:23:38,860 [oasis.skfem] INFO: scikit-fem backend registered
2026-08-17 06:23:38,863 [oasis.registry] INFO: Registered backend: Kratos Multiphysics (kratos)
2026-08-17 06:23:38,863 [oasis.kratos] INFO: Kratos Multiphysics backend registered
2026-08-17 06:23:38,866 [oasis.registry] INFO: Registered backend: DUNE-fem (dune)
2026-08-17 06:23:38,866 [oasis.dune] INFO: DUNE-fem backend registered
2026-08-17 06:23:38,871 [oasis.registry] INFO: Registered backend: SPARTA (DSMC) (sparta)
2026-08-17 06:23:38,871 [oasis.sparta] INFO: SPARTA (DSMC) backend registered
2026-08-17 06:23:38,871 [oasis] INFO: Starting OASiS MCP server
2026-08-17 06:23:38,879 [mcp.server.lowlevel.server] INFO: Processing request of type CallToolRequest
2026-08-17 06:23:42,482 [mcp.server.lowlevel.server] INFO: Processing request of type ListToolsRequest
2026-08-17 06:23:42,491 [oasis] INFO: Session journal saved: /home/alexander/Schreibtisch/ofa-v2/data/sessions/session_8b09c075-304f-43fb-98e2-8f96aecaa6f3.json (1 events)
2026-08-17 06:23:47,056 [oasis.registry] INFO: Loaded discovered config: 5 backends
2026-08-17 06:23:47,057 [oasis.registry] INFO: Registered backend: 4C Multiphysics (fourc)
2026-08-17 06:23:47,058 [oasis.registry] INFO: Registered backend: FEniCSx (dolfinx) (fenics)
2026-08-17 06:23:47,059 [oasis.registry] INFO: Registered backend: deal.II (dealii)
2026-08-17 06:23:47,062 [oasis.registry] INFO: Registered backend: FEBio (febio)
2026-08-17 06:23:47,065 [oasis.registry] INFO: Registered backend: NGSolve (ngsolve)
2026-08-17 06:23:47,066 [oasis.ngsolve] INFO: NGSolve backend registered
2026-08-17 06:23:47,069 [oasis.registry] INFO: Registered backend: scikit-fem (skfem)
2026-08-17 06:23:47,069 [oasis.skfem] INFO: scikit-fem backend registered
2026-08-17 06:23:47,073 [oasis.registry] INFO: Registered backend: Kratos Multiphysics (kratos)
2026-08-17 06:23:47,073 [oasis.kratos] INFO: Kratos Multiphysics backend registered
2026-08-17 06:23:47,075 [oasis.registry] INFO: Registered backend: DUNE-fem (dune)
2026-08-17 06:23:47,075 [oasis.dune] INFO: DUNE-fem backend registered
2026-08-17 06:23:47,080 [oasis.registry] INFO: Registered backend: SPARTA (DSMC) (sparta)
2026-08-17 06:23:47,081 [oasis.sparta] INFO: SPARTA (DSMC) backend registered
2026-08-17 06:23:47,081 [oasis] INFO: Starting OASiS MCP server
2026-08-17 06:23:47,088 [mcp.server.lowlevel.server] INFO: Processing request of type CallToolRequest
2026-08-17 06:23:47,124 [mcp.server.lowlevel.server] INFO: Processing request of type ListToolsRequest
2026-08-17 06:23:50,170 [oasis.registry] INFO: Loaded discovered config: 5 backends
2026-08-17 06:23:50,171 [oasis.registry] INFO: Registered backend: 4C Multiphysics (fourc)
2026-08-17 06:23:50,172 [oasis.registry] INFO: Registered backend: FEniCSx (dolfinx) (fenics)
2026-08-17 06:23:50,172 [oasis.registry] INFO: Registered backend: deal.II (dealii)
2026-08-17 06:23:50,176 [oasis.registry] INFO: Registered backend: FEBio (febio)
2026-08-17 06:23:50,178 [oasis.registry] INFO: Registered backend: NGSolve (ngsolve)
2026-08-17 06:23:50,178 [oasis.ngsolve] INFO: NGSolve backend registered
2026-08-17 06:23:50,181 [oasis.registry] INFO: Registered backend: scikit-fem (skfem)
2026-08-17 06:23:50,181 [oasis.skfem] INFO: scikit-fem backend registered
2026-08-17 06:23:50,185 [oasis.registry] INFO: Registered backend: Kratos Multiphysics (kratos)
2026-08-17 06:23:50,185 [oasis.kratos] INFO: Kratos Multiphysics backend registered
2026-08-17 06:23:50,187 [oasis.registry] INFO: Registered backend: DUNE-fem (dune)
2026-08-17 06:23:50,187 [oasis.dune] INFO: DUNE-fem backend registered
2026-08-17 06:23:50,193 [oasis.registry] INFO: Registered backend: SPARTA (DSMC) (sparta)
2026-08-17 06:23:50,193 [oasis.sparta] INFO: SPARTA (DSMC) backend registered
2026-08-17 06:23:50,193 [oasis] INFO: Starting OASiS MCP server
2026-08-17 06:23:50,200 [mcp.server.lowlevel.server] INFO: Processing request of type CallToolRequest
2026-08-17 06:23:50,244 [mcp.server.lowlevel.server] INFO: Processing request of type ListToolsRequest
2026-08-17 06:24:00,487 [oasis.registry] INFO: Loaded discovered config: 5 backends
2026-08-17 06:24:00,488 [oasis.registry] INFO: Registered backend: 4C Multiphysics (fourc)
2026-08-17 06:24:00,489 [oasis.registry] INFO: Registered backend: FEniCSx (dolfinx) (fenics)
2026-08-17 06:24:00,489 [oasis.registry] INFO: Registered backend: deal.II (dealii)
2026-08-17 06:24:00,493 [oasis.registry] INFO: Registered backend: FEBio (febio)
2026-08-17 06:24:00,495 [oasis.registry] INFO: Registered backend: NGSolve (ngsolve)
2026-08-17 06:24:00,495 [oasis.ngsolve] INFO: NGSolve backend registered
2026-08-17 06:24:00,498 [oasis.registry] INFO: Registered backend: scikit-fem (skfem)
2026-08-17 06:24:00,498 [oasis.skfem] INFO: scikit-fem backend registered
2026-08-17 06:24:00,502 [oasis.registry] INFO: Registered backend: Kratos Multiphysics (kratos)
2026-08-17 06:24:00,502 [oasis.kratos] INFO: Kratos Multiphysics backend registered
2026-08-17 06:24:00,504 [oasis.registry] INFO: Registered backend: DUNE-fem (dune)
2026-08-17 06:24:00,504 [oasis.dune] INFO: DUNE-fem backend registered
2026-08-17 06:24:00,509 [oasis.registry] INFO: Registered backend: SPARTA (DSMC) (sparta)
2026-08-17 06:24:00,510 [oasis.sparta] INFO: SPARTA (DSMC) backend registered
2026-08-17 06:24:00,510 [oasis] INFO: Starting OASiS MCP server
2026-08-17 06:24:00,517 [mcp.server.lowlevel.server] INFO: Processing request of type CallToolRequest
2026-08-17 06:24:04,125 [mcp.server.lowlevel.server] INFO: Processing request of type ListToolsRequest
2026-08-17 06:24:04,134 [oasis] INFO: Session journal saved: /home/alexander/Schreibtisch/ofa-v2/data/sessions/session_aff9a3cd-e3b3-4297-b211-e1e635c06012.json (1 events)
2026-08-17 06:24:07,676 [oasis.registry] INFO: Loaded discovered config: 5 backends
2026-08-17 06:24:07,677 [oasis.registry] INFO: Registered backend: 4C Multiphysics (fourc)
2026-08-17 06:24:07,677 [oasis.registry] INFO: Registered backend: FEniCSx (dolfinx) (fenics)
2026-08-17 06:24:07,678 [oasis.registry] INFO: Registered backend: deal.II (dealii)
2026-08-17 06:24:07,682 [oasis.registry] INFO: Registered backend: FEBio (febio)
2026-08-17 06:24:07,684 [oasis.registry] INFO: Registered backend: NGSolve (ngsolve)
2026-08-17 06:24:07,684 [oasis.ngsolve] INFO: NGSolve backend registered
2026-08-17 06:24:07,687 [oasis.registry] INFO: Registered backend: scikit-fem (skfem)
2026-08-17 06:24:07,687 [oasis.skfem] INFO: scikit-fem backend registered
2026-08-17 06:24:07,690 [oasis.registry] INFO: Registered backend: Kratos Multiphysics (kratos)
2026-08-17 06:24:07,690 [oasis.kratos] INFO: Kratos Multiphysics backend registered
2026-08-17 06:24:07,693 [oasis.registry] INFO: Registered backend: DUNE-fem (dune)
2026-08-17 06:24:07,693 [oasis.dune] INFO: DUNE-fem backend registered
2026-08-17 06:24:07,698 [oasis.registry] INFO: Registered backend: SPARTA (DSMC) (sparta)
2026-08-17 06:24:07,698 [oasis.sparta] INFO: SPARTA (DSMC) backend registered
2026-08-17 06:24:07,698 [oasis] INFO: Starting OASiS MCP server
2026-08-17 06:24:07,705 [mcp.server.lowlevel.server] INFO: Processing request of type CallToolRequest
2026-08-17 06:24:07,982 [mcp.server.lowlevel.server] INFO: Processing request of type ListToolsRequest
2026-08-17 06:24:07,988 [oasis] INFO: Session journal saved: /home/alexander/Schreibtisch/ofa-v2/data/sessions/session_71efe350-e4cc-4193-890c-0207b77d3f24.json (1 events)
2026-08-17 06:24:09,250 [oasis.registry] INFO: Loaded discovered config: 5 backends
2026-08-17 06:24:09,251 [oasis.registry] INFO: Registered backend: 4C Multiphysics (fourc)
2026-08-17 06:24:09,252 [oasis.registry] INFO: Registered backend: FEniCSx (dolfinx) (fenics)
2026-08-17 06:24:09,252 [oasis.registry] INFO: Registered backend: deal.II (dealii)
2026-08-17 06:24:09,256 [oasis.registry] INFO: Registered backend: FEBio (febio)
2026-08-17 06:24:09,258 [oasis.registry] INFO: Registered backend: NGSolve (ngsolve)
2026-08-17 06:24:09,258 [oasis.ngsolve] INFO: NGSolve backend registered
2026-08-17 06:24:09,261 [oasis.registry] INFO: Registered backend: scikit-fem (skfem)
2026-08-17 06:24:09,261 [oasis.skfem] INFO: scikit-fem backend registered
2026-08-17 06:24:09,265 [oasis.registry] INFO: Registered backend: Kratos Multiphysics (kratos)
2026-08-17 06:24:09,265 [oasis.kratos] INFO: Kratos Multiphysics backend registered
2026-08-17 06:24:09,267 [oasis.registry] INFO: Registered backend: DUNE-fem (dune)
2026-08-17 06:24:09,267 [oasis.dune] INFO: DUNE-fem backend registered
2026-08-17 06:24:09,272 [oasis.registry] INFO: Registered backend: SPARTA (DSMC) (sparta)
2026-08-17 06:24:09,273 [oasis.sparta] INFO: SPARTA (DSMC) backend registered
2026-08-17 06:24:09,273 [oasis] INFO: Starting OASiS MCP server
2026-08-17 06:24:09,280 [mcp.server.lowlevel.server] INFO: Processing request of type CallToolRequest
2026-08-17 06:24:09,283 [mcp.server.lowlevel.server] INFO: Processing request of type ListToolsRequest
/home/alexander/Schreibtisch/ofa-v2/langgraph_eval/agent.py:290: LangGraphDeprecatedSinceV10: create_react_agent has been moved to `langchain.agents`. Please update your import to `from langchain.agents import create_agent`. Deprecated in LangGraph V1.0 to be removed in V2.0.
  sub_agent = create_react_agent(
2026-08-17 06:25:24,559 [oasis.registry] INFO: Loaded discovered config: 5 backends
2026-08-17 06:25:24,560 [oasis.registry] INFO: Registered backend: 4C Multiphysics (fourc)
2026-08-17 06:25:24,560 [oasis.registry] INFO: Registered backend: FEniCSx (dolfinx) (fenics)
2026-08-17 06:25:24,561 [oasis.registry] INFO: Registered backend: deal.II (dealii)
2026-08-17 06:25:24,562 [oasis.registry] INFO: Loaded discovered config: 5 backends
2026-08-17 06:25:24,563 [oasis.registry] INFO: Registered backend: 4C Multiphysics (fourc)
2026-08-17 06:25:24,564 [oasis.registry] INFO: Registered backend: FEniCSx (dolfinx) (fenics)
2026-08-17 06:25:24,564 [oasis.registry] INFO: Registered backend: deal.II (dealii)
2026-08-17 06:25:24,565 [oasis.registry] INFO: Registered backend: FEBio (febio)
2026-08-17 06:25:24,567 [oasis.registry] INFO: Loaded discovered config: 5 backends
2026-08-17 06:25:24,567 [oasis.registry] INFO: Registered backend: NGSolve (ngsolve)
2026-08-17 06:25:24,567 [oasis.ngsolve] INFO: NGSolve backend registered
2026-08-17 06:25:24,568 [oasis.registry] INFO: Registered backend: FEBio (febio)
2026-08-17 06:25:24,568 [oasis.registry] INFO: Registered backend: 4C Multiphysics (fourc)
2026-08-17 06:25:24,568 [oasis.registry] INFO: Registered backend: FEniCSx (dolfinx) (fenics)
2026-08-17 06:25:24,569 [oasis.registry] INFO: Registered backend: deal.II (dealii)
2026-08-17 06:25:24,570 [oasis.registry] INFO: Registered backend: scikit-fem (skfem)
2026-08-17 06:25:24,570 [oasis.skfem] INFO: scikit-fem backend registered
2026-08-17 06:25:24,570 [oasis.registry] INFO: Registered backend: NGSolve (ngsolve)
2026-08-17 06:25:24,570 [oasis.ngsolve] INFO: NGSolve backend registered
2026-08-17 06:25:24,573 [oasis.registry] INFO: Registered backend: FEBio (febio)
2026-08-17 06:25:24,573 [oasis.registry] INFO: Registered backend: scikit-fem (skfem)
2026-08-17 06:25:24,573 [oasis.skfem] INFO: scikit-fem backend registered
2026-08-17 06:25:24,574 [oasis.registry] INFO: Registered backend: Kratos Multiphysics (kratos)
2026-08-17 06:25:24,574 [oasis.kratos] INFO: Kratos Multiphysics backend registered
2026-08-17 06:25:24,575 [oasis.registry] INFO: Registered backend: NGSolve (ngsolve)
2026-08-17 06:25:24,575 [oasis.ngsolve] INFO: NGSolve backend registered
2026-08-17 06:25:24,576 [oasis.registry] INFO: Registered backend: DUNE-fem (dune)
2026-08-17 06:25:24,576 [oasis.dune] INFO: DUNE-fem backend registered
2026-08-17 06:25:24,577 [oasis.registry] INFO: Registered backend: Kratos Multiphysics (kratos)
2026-08-17 06:25:24,577 [oasis.kratos] INFO: Kratos Multiphysics backend registered
2026-08-17 06:25:24,578 [oasis.registry] INFO: Registered backend: scikit-fem (skfem)
2026-08-17 06:25:24,578 [oasis.skfem] INFO: scikit-fem backend registered
2026-08-17 06:25:24,579 [oasis.registry] INFO: Registered backend: DUNE-fem (dune)
2026-08-17 06:25:24,579 [oasis.dune] INFO: DUNE-fem backend registered
2026-08-17 06:25:24,581 [oasis.registry] INFO: Registered backend: SPARTA (DSMC) (sparta)
2026-08-17 06:25:24,581 [oasis.sparta] INFO: SPARTA (DSMC) backend registered
2026-08-17 06:25:24,581 [oasis] INFO: Starting OASiS MCP server
2026-08-17 06:25:24,582 [oasis.registry] INFO: Registered backend: Kratos Multiphysics (kratos)
2026-08-17 06:25:24,582 [oasis.kratos] INFO: Kratos Multiphysics backend registered
2026-08-17 06:25:24,584 [oasis.registry] INFO: Registered backend: SPARTA (DSMC) (sparta)
2026-08-17 06:25:24,585 [oasis.sparta] INFO: SPARTA (DSMC) backend registered
2026-08-17 06:25:24,585 [oasis] INFO: Starting OASiS MCP server
2026-08-17 06:25:24,585 [oasis.registry] INFO: Registered backend: DUNE-fem (dune)
2026-08-17 06:25:24,585 [oasis.dune] INFO: DUNE-fem backend registered
2026-08-17 06:25:24,589 [mcp.server.lowlevel.server] INFO: Processing request of type CallToolRequest
2026-08-17 06:25:24,590 [oasis.registry] INFO: Registered backend: SPARTA (DSMC) (sparta)
2026-08-17 06:25:24,590 [oasis.sparta] INFO: SPARTA (DSMC) backend registered
2026-08-17 06:25:24,590 [oasis] INFO: Starting OASiS MCP server
2026-08-17 06:25:24,592 [mcp.server.lowlevel.server] INFO: Processing request of type CallToolRequest
2026-08-17 06:25:24,593 [mcp.server.lowlevel.server] INFO: Processing request of type ListToolsRequest
2026-08-17 06:25:24,600 [oasis] INFO: Session journal saved: /home/alexander/Schreibtisch/ofa-v2/data/sessions/session_05a48cac-2b4c-412d-a28c-0f8bd4c94752.json (1 events)
2026-08-17 06:25:24,600 [mcp.server.lowlevel.server] INFO: Processing request of type CallToolRequest
2026-08-17 06:25:24,645 [mcp.server.lowlevel.server] INFO: Processing request of type ListToolsRequest
2026-08-17 06:25:24,645 [mcp.server.lowlevel.server] INFO: Processing request of type ListToolsRequest
/home/alexander/Schreibtisch/ofa-v2/langgraph_eval/agent.py:215: RuntimeWarning: This package (`duckduckgo_search`) has been renamed to `ddgs`! Use `pip install ddgs` instead.
  with DDGS() as ddgs:
/home/alexander/Schreibtisch/ofa-v2/langgraph_eval/agent.py:215: RuntimeWarning: This package (`duckduckgo_search`) has been renamed to `ddgs`! Use `pip install ddgs` instead.
  with DDGS() as ddgs:
/home/alexander/Schreibtisch/ofa-v2/langgraph_eval/agent.py:215: RuntimeWarning: This package (`duckduckgo_search`) has been renamed to `ddgs`! Use `pip install ddgs` instead.
  with DDGS() as ddgs:
2026-08-17 06:25:32,852 [oasis.registry] INFO: Loaded discovered config: 5 backends
2026-08-17 06:25:32,853 [oasis.registry] INFO: Registered backend: 4C Multiphysics (fourc)
2026-08-17 06:25:32,854 [oasis.registry] INFO: Registered backend: FEniCSx (dolfinx) (fenics)
2026-08-17 06:25:32,854 [oasis.registry] INFO: Loaded discovered config: 5 backends
2026-08-17 06:25:32,854 [oasis.registry] INFO: Registered backend: deal.II (dealii)
2026-08-17 06:25:32,855 [oasis.registry] INFO: Registered backend: 4C Multiphysics (fourc)
2026-08-17 06:25:32,855 [oasis.registry] INFO: Registered backend: FEniCSx (dolfinx) (fenics)
2026-08-17 06:25:32,856 [oasis.registry] INFO: Registered backend: deal.II (dealii)
2026-08-17 06:25:32,858 [oasis.registry] INFO: Registered backend: FEBio (febio)
2026-08-17 06:25:32,860 [oasis.registry] INFO: Registered backend: FEBio (febio)
2026-08-17 06:25:32,860 [oasis.registry] INFO: Registered backend: NGSolve (ngsolve)
2026-08-17 06:25:32,861 [oasis.ngsolve] INFO: NGSolve backend registered
2026-08-17 06:25:32,862 [oasis.registry] INFO: Registered backend: NGSolve (ngsolve)
2026-08-17 06:25:32,862 [oasis.ngsolve] INFO: NGSolve backend registered
2026-08-17 06:25:32,863 [oasis.registry] INFO: Registered backend: scikit-fem (skfem)
2026-08-17 06:25:32,863 [oasis.skfem] INFO: scikit-fem backend registered
2026-08-17 06:25:32,865 [oasis.registry] INFO: Registered backend: scikit-fem (skfem)
2026-08-17 06:25:32,865 [oasis.skfem] INFO: scikit-fem backend registered
2026-08-17 06:25:32,867 [oasis.registry] INFO: Registered backend: Kratos Multiphysics (kratos)
2026-08-17 06:25:32,867 [oasis.kratos] INFO: Kratos Multiphysics backend registered
2026-08-17 06:25:32,868 [oasis.registry] INFO: Registered backend: Kratos Multiphysics (kratos)
2026-08-17 06:25:32,868 [oasis.kratos] INFO: Kratos Multiphysics backend registered
2026-08-17 06:25:32,869 [oasis.registry] INFO: Registered backend: DUNE-fem (dune)
2026-08-17 06:25:32,869 [oasis.dune] INFO: DUNE-fem backend registered
2026-08-17 06:25:32,871 [oasis.registry] INFO: Registered backend: DUNE-fem (dune)
2026-08-17 06:25:32,871 [oasis.dune] INFO: DUNE-fem backend registered
2026-08-17 06:25:32,875 [oasis.registry] INFO: Registered backend: SPARTA (DSMC) (sparta)
2026-08-17 06:25:32,875 [oasis.sparta] INFO: SPARTA (DSMC) backend registered
2026-08-17 06:25:32,875 [oasis] INFO: Starting OASiS MCP server
2026-08-17 06:25:32,876 [oasis.registry] INFO: Registered backend: SPARTA (DSMC) (sparta)
2026-08-17 06:25:32,876 [oasis.sparta] INFO: SPARTA (DSMC) backend registered
2026-08-17 06:25:32,876 [oasis] INFO: Starting OASiS MCP server
2026-08-17 06:25:32,882 [mcp.server.lowlevel.server] INFO: Processing request of type CallToolRequest
2026-08-17 06:25:32,884 [mcp.server.lowlevel.server] INFO: Processing request of type CallToolRequest
2026-08-17 06:25:36,613 [mcp.server.lowlevel.server] INFO: Processing request of type ListToolsRequest
2026-08-17 06:25:36,622 [oasis] INFO: Session journal saved: /home/alexander/Schreibtisch/ofa-v2/data/sessions/session_735cb804-a649-4407-bd2d-2199458f8908.json (1 events)
2026-08-17 06:25:36,631 [mcp.server.lowlevel.server] INFO: Processing request of type ListToolsRequest
2026-08-17 06:25:36,640 [oasis] INFO: Session journal saved: /home/alexander/Schreibtisch/ofa-v2/data/sessions/session_50f154f8-0e30-4bbc-850b-77b51b6643d8.json (1 events)
2026-08-17 06:25:39,868 [oasis.registry] INFO: Loaded discovered config: 5 backends
2026-08-17 06:25:39,869 [oasis.registry] INFO: Registered backend: 4C Multiphysics (fourc)
2026-08-17 06:25:39,870 [oasis.registry] INFO: Registered backend: FEniCSx (dolfinx) (fenics)
2026-08-17 06:25:39,870 [oasis.registry] INFO: Registered backend: deal.II (dealii)
2026-08-17 06:25:39,871 [oasis.registry] INFO: Loaded discovered config: 5 backends
2026-08-17 06:25:39,872 [oasis.registry] INFO: Registered backend: 4C Multiphysics (fourc)
2026-08-17 06:25:39,873 [oasis.registry] INFO: Registered backend: FEniCSx (dolfinx) (fenics)
2026-08-17 06:25:39,873 [oasis.registry] INFO: Registered backend: deal.II (dealii)
2026-08-17 06:25:39,874 [oasis.registry] INFO: Registered backend: FEBio (febio)
2026-08-17 06:25:39,877 [oasis.registry] INFO: Registered backend: NGSolve (ngsolve)
2026-08-17 06:25:39,877 [oasis.ngsolve] INFO: NGSolve backend registered
2026-08-17 06:25:39,877 [oasis.registry] INFO: Registered backend: FEBio (febio)
2026-08-17 06:25:39,879 [oasis.registry] INFO: Registered backend: scikit-fem (skfem)
2026-08-17 06:25:39,879 [oasis.skfem] INFO: scikit-fem backend registered
2026-08-17 06:25:39,880 [oasis.registry] INFO: Registered backend: NGSolve (ngsolve)
2026-08-17 06:25:39,880 [oasis.ngsolve] INFO: NGSolve backend registered
2026-08-17 06:25:39,882 [oasis.registry] INFO: Registered backend: scikit-fem (skfem)
2026-08-17 06:25:39,882 [oasis.skfem] INFO: scikit-fem backend registered
2026-08-17 06:25:39,883 [oasis.registry] INFO: Registered backend: Kratos Multiphysics (kratos)
2026-08-17 06:25:39,883 [oasis.kratos] INFO: Kratos Multiphysics backend registered
2026-08-17 06:25:39,886 [oasis.registry] INFO: Registered backend: DUNE-fem (dune)
2026-08-17 06:25:39,886 [oasis.dune] INFO: DUNE-fem backend registered
2026-08-17 06:25:39,886 [oasis.registry] INFO: Registered backend: Kratos Multiphysics (kratos)
2026-08-17 06:25:39,886 [oasis.kratos] INFO: Kratos Multiphysics backend registered
2026-08-17 06:25:39,888 [oasis.registry] INFO: Registered backend: DUNE-fem (dune)
2026-08-17 06:25:39,888 [oasis.dune] INFO: DUNE-fem backend registered
2026-08-17 06:25:39,891 [oasis.registry] INFO: Registered backend: SPARTA (DSMC) (sparta)
2026-08-17 06:25:39,891 [oasis.sparta] INFO: SPARTA (DSMC) backend registered
2026-08-17 06:25:39,891 [oasis] INFO: Starting OASiS MCP server
2026-08-17 06:25:39,894 [oasis.registry] INFO: Registered backend: SPARTA (DSMC) (sparta)
2026-08-17 06:25:39,894 [oasis.sparta] INFO: SPARTA (DSMC) backend registered
2026-08-17 06:25:39,894 [oasis] INFO: Starting OASiS MCP server
2026-08-17 06:25:39,899 [mcp.server.lowlevel.server] INFO: Processing request of type CallToolRequest
2026-08-17 06:25:39,901 [mcp.server.lowlevel.server] INFO: Processing request of type CallToolRequest
2026-08-17 06:25:39,908 [mcp.server.lowlevel.server] INFO: Processing request of type ListToolsRequest
2026-08-17 06:25:43,423 [mcp.server.lowlevel.server] INFO: Processing request of type ListToolsRequest
2026-08-17 06:25:43,431 [oasis] INFO: Session journal saved: /home/alexander/Schreibtisch/ofa-v2/data/sessions/session_8e4c6463-2f64-4518-a552-aa58ca38d054.json (1 events)
/home/alexander/Schreibtisch/ofa-v2/langgraph_eval/agent.py:215: RuntimeWarning: This package (`duckduckgo_search`) has been renamed to `ddgs`! Use `pip install ddgs` instead.
  with DDGS() as ddgs:
/home/alexander/Schreibtisch/ofa-v2/langgraph_eval/agent.py:215: RuntimeWarning: This package (`duckduckgo_search`) has been renamed to `ddgs`! Use `pip install ddgs` instead.
  with DDGS() as ddgs:
/home/alexander/Schreibtisch/ofa-v2/langgraph_eval/agent.py:215: RuntimeWarning: This package (`duckduckgo_search`) has been renamed to `ddgs`! Use `pip install ddgs` instead.
  with DDGS() as ddgs:
/home/alexander/Schreibtisch/ofa-v2/langgraph_eval/agent.py:215: RuntimeWarning: This package (`duckduckgo_search`) has been renamed to `ddgs`! Use `pip install ddgs` instead.
  with DDGS() as ddgs:
2026-08-17 06:25:51,037 [oasis.registry] INFO: Loaded discovered config: 5 backends
2026-08-17 06:25:51,038 [oasis.registry] INFO: Registered backend: 4C Multiphysics (fourc)
2026-08-17 06:25:51,038 [oasis.registry] INFO: Registered backend: FEniCSx (dolfinx) (fenics)
2026-08-17 06:25:51,039 [oasis.registry] INFO: Registered backend: deal.II (dealii)
2026-08-17 06:25:51,043 [oasis.registry] INFO: Registered backend: FEBio (febio)
2026-08-17 06:25:51,046 [oasis.registry] INFO: Registered backend: NGSolve (ngsolve)
2026-08-17 06:25:51,046 [oasis.ngsolve] INFO: NGSolve backend registered
2026-08-17 06:25:51,048 [oasis.registry] INFO: Registered backend: scikit-fem (skfem)
2026-08-17 06:25:51,048 [oasis.skfem] INFO: scikit-fem backend registered
2026-08-17 06:25:51,052 [oasis.registry] INFO: Registered backend: Kratos Multiphysics (kratos)
2026-08-17 06:25:51,052 [oasis.kratos] INFO: Kratos Multiphysics backend registered
2026-08-17 06:25:51,055 [oasis.registry] INFO: Registered backend: DUNE-fem (dune)
2026-08-17 06:25:51,055 [oasis.dune] INFO: DUNE-fem backend registered
2026-08-17 06:25:51,060 [oasis.registry] INFO: Registered backend: SPARTA (DSMC) (sparta)
2026-08-17 06:25:51,060 [oasis.sparta] INFO: SPARTA (DSMC) backend registered
2026-08-17 06:25:51,060 [oasis] INFO: Starting OASiS MCP server
2026-08-17 06:25:51,068 [mcp.server.lowlevel.server] INFO: Processing request of type CallToolRequest
2026-08-17 06:25:54,608 [mcp.server.lowlevel.server] INFO: Processing request of type ListToolsRequest
2026-08-17 06:25:54,617 [oasis] INFO: Session journal saved: /home/alexander/Schreibtisch/ofa-v2/data/sessions/session_88fe02c5-a4da-4983-b841-af6d7f2dc2f7.json (1 events)
2026-08-17 06:25:58,489 [oasis.registry] INFO: Loaded discovered config: 5 backends
2026-08-17 06:25:58,491 [oasis.registry] INFO: Registered backend: 4C Multiphysics (fourc)
2026-08-17 06:25:58,491 [oasis.registry] INFO: Registered backend: FEniCSx (dolfinx) (fenics)
2026-08-17 06:25:58,491 [oasis.registry] INFO: Registered backend: deal.II (dealii)
2026-08-17 06:25:58,495 [oasis.registry] INFO: Registered backend: FEBio (febio)
2026-08-17 06:25:58,496 [oasis.registry] INFO: Loaded discovered config: 5 backends
2026-08-17 06:25:58,497 [oasis.registry] INFO: Registered backend: 4C Multiphysics (fourc)
2026-08-17 06:25:58,498 [oasis.registry] INFO: Registered backend: NGSolve (ngsolve)
2026-08-17 06:25:58,498 [oasis.ngsolve] INFO: NGSolve backend registered
2026-08-17 06:25:58,498 [oasis.registry] INFO: Registered backend: FEniCSx (dolfinx) (fenics)
2026-08-17 06:25:58,498 [oasis.registry] INFO: Registered backend: deal.II (dealii)
2026-08-17 06:25:58,500 [oasis.registry] INFO: Registered backend: scikit-fem (skfem)
2026-08-17 06:25:58,500 [oasis.skfem] INFO: scikit-fem backend registered
2026-08-17 06:25:58,502 [oasis.registry] INFO: Registered backend: FEBio (febio)
2026-08-17 06:25:58,504 [oasis.registry] INFO: Registered backend: Kratos Multiphysics (kratos)
2026-08-17 06:25:58,504 [oasis.kratos] INFO: Kratos Multiphysics backend registered
2026-08-17 06:25:58,505 [oasis.registry] INFO: Registered backend: NGSolve (ngsolve)
2026-08-17 06:25:58,505 [oasis.ngsolve] INFO: NGSolve backend registered
2026-08-17 06:25:58,507 [oasis.registry] INFO: Registered backend: DUNE-fem (dune)
2026-08-17 06:25:58,507 [oasis.dune] INFO: DUNE-fem backend registered
2026-08-17 06:25:58,508 [oasis.registry] INFO: Registered backend: scikit-fem (skfem)
2026-08-17 06:25:58,508 [oasis.skfem] INFO: scikit-fem backend registered
2026-08-17 06:25:58,512 [oasis.registry] INFO: Registered backend: Kratos Multiphysics (kratos)
2026-08-17 06:25:58,512 [oasis.kratos] INFO: Kratos Multiphysics backend registered
2026-08-17 06:25:58,512 [oasis.registry] INFO: Registered backend: SPARTA (DSMC) (sparta)
2026-08-17 06:25:58,512 [oasis.sparta] INFO: SPARTA (DSMC) backend registered
2026-08-17 06:25:58,512 [oasis] INFO: Starting OASiS MCP server
2026-08-17 06:25:58,514 [oasis.registry] INFO: Registered backend: DUNE-fem (dune)
2026-08-17 06:25:58,514 [oasis.dune] INFO: DUNE-fem backend registered
2026-08-17 06:25:58,519 [oasis.registry] INFO: Registered backend: SPARTA (DSMC) (sparta)
2026-08-17 06:25:58,519 [oasis.sparta] INFO: SPARTA (DSMC) backend registered
2026-08-17 06:25:58,519 [oasis] INFO: Starting OASiS MCP server
2026-08-17 06:25:58,519 [mcp.server.lowlevel.server] INFO: Processing request of type CallToolRequest
2026-08-17 06:25:58,528 [mcp.server.lowlevel.server] INFO: Processing request of type CallToolRequest
2026-08-17 06:26:02,280 [mcp.server.lowlevel.server] INFO: Processing request of type ListToolsRequest
2026-08-17 06:26:02,288 [oasis] INFO: Session journal saved: /home/alexander/Schreibtisch/ofa-v2/data/sessions/session_0005f1f1-e42c-4229-ab79-6831ad9474bb.json (1 events)
2026-08-17 06:26:02,300 [mcp.server.lowlevel.server] INFO: Processing request of type ListToolsRequest
2026-08-17 06:26:02,306 [oasis] INFO: Session journal saved: /home/alexander/Schreibtisch/ofa-v2/data/sessions/session_68cb0424-694c-408e-80e0-40b32bb72f00.json (1 events)
2026-08-17 06:26:05,640 [oasis.registry] INFO: Loaded discovered config: 5 backends
2026-08-17 06:26:05,641 [oasis.registry] INFO: Registered backend: 4C Multiphysics (fourc)
2026-08-17 06:26:05,641 [oasis.registry] INFO: Registered backend: FEniCSx (dolfinx) (fenics)
2026-08-17 06:26:05,642 [oasis.registry] INFO: Registered backend: deal.II (dealii)
2026-08-17 06:26:05,642 [oasis.registry] INFO: Loaded discovered config: 5 backends
2026-08-17 06:26:05,643 [oasis.registry] INFO: Registered backend: 4C Multiphysics (fourc)
2026-08-17 06:26:05,644 [oasis.registry] INFO: Registered backend: FEniCSx (dolfinx) (fenics)
2026-08-17 06:26:05,644 [oasis.registry] INFO: Registered backend: deal.II (dealii)
2026-08-17 06:26:05,646 [oasis.registry] INFO: Registered backend: FEBio (febio)
2026-08-17 06:26:05,648 [oasis.registry] INFO: Registered backend: FEBio (febio)
2026-08-17 06:26:05,648 [oasis.registry] INFO: Registered backend: NGSolve (ngsolve)
2026-08-17 06:26:05,648 [oasis.ngsolve] INFO: NGSolve backend registered
2026-08-17 06:26:05,651 [oasis.registry] INFO: Registered backend: NGSolve (ngsolve)
2026-08-17 06:26:05,651 [oasis.ngsolve] INFO: NGSolve backend registered
2026-08-17 06:26:05,651 [oasis.registry] INFO: Registered backend: scikit-fem (skfem)
2026-08-17 06:26:05,651 [oasis.skfem] INFO: scikit-fem backend registered
2026-08-17 06:26:05,654 [oasis.registry] INFO: Registered backend: scikit-fem (skfem)
2026-08-17 06:26:05,654 [oasis.skfem] INFO: scikit-fem backend registered
2026-08-17 06:26:05,655 [oasis.registry] INFO: Registered backend: Kratos Multiphysics (kratos)
2026-08-17 06:26:05,655 [oasis.kratos] INFO: Kratos Multiphysics backend registered
2026-08-17 06:26:05,657 [oasis.registry] INFO: Registered backend: Kratos Multiphysics (kratos)
2026-08-17 06:26:05,657 [oasis.kratos] INFO: Kratos Multiphysics backend registered
2026-08-17 06:26:05,658 [oasis.registry] INFO: Registered backend: DUNE-fem (dune)
2026-08-17 06:26:05,658 [oasis.dune] INFO: DUNE-fem backend registered
2026-08-17 06:26:05,660 [oasis.registry] INFO: Registered backend: DUNE-fem (dune)
2026-08-17 06:26:05,660 [oasis.dune] INFO: DUNE-fem backend registered
2026-08-17 06:26:05,663 [oasis.registry] INFO: Registered backend: SPARTA (DSMC) (sparta)
2026-08-17 06:26:05,663 [oasis.sparta] INFO: SPARTA (DSMC) backend registered
2026-08-17 06:26:05,663 [oasis] INFO: Starting OASiS MCP server
2026-08-17 06:26:05,665 [oasis.registry] INFO: Registered backend: SPARTA (DSMC) (sparta)
2026-08-17 06:26:05,665 [oasis.sparta] INFO: SPARTA (DSMC) backend registered
2026-08-17 06:26:05,665 [oasis] INFO: Starting OASiS MCP server
2026-08-17 06:26:05,671 [mcp.server.lowlevel.server] INFO: Processing request of type CallToolRequest
2026-08-17 06:26:05,673 [mcp.server.lowlevel.server] INFO: Processing request of type CallToolRequest
2026-08-17 06:26:05,708 [mcp.server.lowlevel.server] INFO: Processing request of type ListToolsRequest
2026-08-17 06:26:09,292 [mcp.server.lowlevel.server] INFO: Processing request of type ListToolsRequest
2026-08-17 06:26:09,300 [oasis] INFO: Session journal saved: /home/alexander/Schreibtisch/ofa-v2/data/sessions/session_c56e5f67-3a4d-4f23-bf97-c52edb9e2d0d.json (1 events)
2026-08-17 06:26:46,602 [oasis.registry] INFO: Loaded discovered config: 5 backends
2026-08-17 06:26:46,603 [oasis.registry] INFO: Registered backend: 4C Multiphysics (fourc)
2026-08-17 06:26:46,603 [oasis.registry] INFO: Registered backend: FEniCSx (dolfinx) (fenics)
2026-08-17 06:26:46,604 [oasis.registry] INFO: Registered backend: deal.II (dealii)
2026-08-17 06:26:46,606 [oasis.registry] INFO: Loaded discovered config: 5 backends
2026-08-17 06:26:46,607 [oasis.registry] INFO: Registered backend: 4C Multiphysics (fourc)
2026-08-17 06:26:46,608 [oasis.registry] INFO: Registered backend: FEBio (febio)
2026-08-17 06:26:46,608 [oasis.registry] INFO: Registered backend: FEniCSx (dolfinx) (fenics)
2026-08-17 06:26:46,608 [oasis.registry] INFO: Registered backend: deal.II (dealii)
2026-08-17 06:26:46,610 [oasis.registry] INFO: Registered backend: NGSolve (ngsolve)
2026-08-17 06:26:46,610 [oasis.ngsolve] INFO: NGSolve backend registered
2026-08-17 06:26:46,612 [oasis.registry] INFO: Registered backend: FEBio (febio)
2026-08-17 06:26:46,613 [oasis.registry] INFO: Registered backend: scikit-fem (skfem)
2026-08-17 06:26:46,613 [oasis.skfem] INFO: scikit-fem backend registered
2026-08-17 06:26:46,614 [oasis.registry] INFO: Registered backend: NGSolve (ngsolve)
2026-08-17 06:26:46,615 [oasis.ngsolve] INFO: NGSolve backend registered
2026-08-17 06:26:46,616 [oasis.registry] INFO: Registered backend: Kratos Multiphysics (kratos)
2026-08-17 06:26:46,616 [oasis.kratos] INFO: Kratos Multiphysics backend registered
2026-08-17 06:26:46,617 [oasis.registry] INFO: Registered backend: scikit-fem (skfem)
2026-08-17 06:26:46,617 [oasis.skfem] INFO: scikit-fem backend registered
2026-08-17 06:26:46,619 [oasis.registry] INFO: Registered backend: DUNE-fem (dune)
2026-08-17 06:26:46,619 [oasis.dune] INFO: DUNE-fem backend registered
2026-08-17 06:26:46,621 [oasis.registry] INFO: Registered backend: Kratos Multiphysics (kratos)
2026-08-17 06:26:46,621 [oasis.kratos] INFO: Kratos Multiphysics backend registered
2026-08-17 06:26:46,623 [oasis.registry] INFO: Registered backend: DUNE-fem (dune)
2026-08-17 06:26:46,623 [oasis.dune] INFO: DUNE-fem backend registered
2026-08-17 06:26:46,624 [oasis.registry] INFO: Registered backend: SPARTA (DSMC) (sparta)
2026-08-17 06:26:46,624 [oasis.sparta] INFO: SPARTA (DSMC) backend registered
2026-08-17 06:26:46,624 [oasis] INFO: Starting OASiS MCP server
2026-08-17 06:26:46,628 [oasis.registry] INFO: Registered backend: SPARTA (DSMC) (sparta)
2026-08-17 06:26:46,629 [oasis.sparta] INFO: SPARTA (DSMC) backend registered
2026-08-17 06:26:46,629 [oasis] INFO: Starting OASiS MCP server
2026-08-17 06:26:46,632 [mcp.server.lowlevel.server] INFO: Processing request of type CallToolRequest
2026-08-17 06:26:46,636 [mcp.server.lowlevel.server] INFO: Processing request of type CallToolRequest
2026-08-17 06:26:50,280 [mcp.server.lowlevel.server] INFO: Processing request of type ListToolsRequest
2026-08-17 06:26:50,280 [mcp.server.lowlevel.server] INFO: Processing request of type ListToolsRequest
2026-08-17 06:26:50,290 [oasis] INFO: Session journal saved: /home/alexander/Schreibtisch/ofa-v2/data/sessions/session_36ed66f6-f92a-43ec-ab3b-496f58e10a44.json (1 events)
2026-08-17 06:26:50,291 [oasis] INFO: Session journal saved: /home/alexander/Schreibtisch/ofa-v2/data/sessions/session_6acd8ec2-6dd9-45b3-8186-6dedf36ae543.json (1 events)
2026-08-17 06:27:00,662 [oasis.registry] INFO: Loaded discovered config: 5 backends
2026-08-17 06:27:00,663 [oasis.registry] INFO: Registered backend: 4C Multiphysics (fourc)
2026-08-17 06:27:00,663 [oasis.registry] INFO: Registered backend: FEniCSx (dolfinx) (fenics)
2026-08-17 06:27:00,664 [oasis.registry] INFO: Registered backend: deal.II (dealii)
2026-08-17 06:27:00,668 [oasis.registry] INFO: Registered backend: FEBio (febio)
2026-08-17 06:27:00,670 [oasis.registry] INFO: Registered backend: NGSolve (ngsolve)
2026-08-17 06:27:00,670 [oasis.ngsolve] INFO: NGSolve backend registered
2026-08-17 06:27:00,673 [oasis.registry] INFO: Registered backend: scikit-fem (skfem)
2026-08-17 06:27:00,673 [oasis.skfem] INFO: scikit-fem backend registered
2026-08-17 06:27:00,676 [oasis.registry] INFO: Registered backend: Kratos Multiphysics (kratos)
2026-08-17 06:27:00,676 [oasis.kratos] INFO: Kratos Multiphysics backend registered
2026-08-17 06:27:00,679 [oasis.registry] INFO: Registered backend: DUNE-fem (dune)
2026-08-17 06:27:00,679 [oasis.dune] INFO: DUNE-fem backend registered
2026-08-17 06:27:00,684 [oasis.registry] INFO: Registered backend: SPARTA (DSMC) (sparta)
2026-08-17 06:27:00,684 [oasis.sparta] INFO: SPARTA (DSMC) backend registered
2026-08-17 06:27:00,684 [oasis] INFO: Starting OASiS MCP server
2026-08-17 06:27:00,691 [mcp.server.lowlevel.server] INFO: Processing request of type CallToolRequest
2026-08-17 06:27:00,758 [mcp.server.lowlevel.server] INFO: Processing request of type ListToolsRequest
2026-08-17 06:27:00,765 [oasis] INFO: Session journal saved: /home/alexander/Schreibtisch/ofa-v2/data/sessions/session_3729359f-8ece-4575-b296-45c50df34287.json (1 events)
2026-08-17 06:29:51,084 [oasis.registry] INFO: Loaded discovered config: 5 backends
2026-08-17 06:29:51,085 [oasis.registry] INFO: Registered backend: 4C Multiphysics (fourc)
2026-08-17 06:29:51,085 [oasis.registry] INFO: Registered backend: FEniCSx (dolfinx) (fenics)
2026-08-17 06:29:51,086 [oasis.registry] INFO: Registered backend: deal.II (dealii)
2026-08-17 06:29:51,090 [oasis.registry] INFO: Registered backend: FEBio (febio)
2026-08-17 06:29:51,092 [oasis.registry] INFO: Registered backend: NGSolve (ngsolve)
2026-08-17 06:29:51,092 [oasis.ngsolve] INFO: NGSolve backend registered
2026-08-17 06:29:51,095 [oasis.registry] INFO: Registered backend: scikit-fem (skfem)
2026-08-17 06:29:51,095 [oasis.skfem] INFO: scikit-fem backend registered
2026-08-17 06:29:51,098 [oasis.registry] INFO: Registered backend: Kratos Multiphysics (kratos)
2026-08-17 06:29:51,099 [oasis.kratos] INFO: Kratos Multiphysics backend registered
2026-08-17 06:29:51,101 [oasis.registry] INFO: Registered backend: DUNE-fem (dune)
2026-08-17 06:29:51,101 [oasis.dune] INFO: DUNE-fem backend registered
2026-08-17 06:29:51,106 [oasis.registry] INFO: Registered backend: SPARTA (DSMC) (sparta)
2026-08-17 06:29:51,106 [oasis.sparta] INFO: SPARTA (DSMC) backend registered
2026-08-17 06:29:51,106 [oasis] INFO: Starting OASiS MCP server
2026-08-17 06:29:51,114 [mcp.server.lowlevel.server] INFO: Processing request of type CallToolRequest
2026-08-17 06:29:54,714 [mcp.server.lowlevel.server] INFO: Processing request of type ListToolsRequest
2026-08-17 06:29:54,722 [oasis] INFO: Session journal saved: /home/alexander/Schreibtisch/ofa-v2/data/sessions/session_dd094fd0-88e3-4455-885c-5095ad152786.json (1 events)
2026-08-17 06:31:04,630 [oasis.registry] INFO: Loaded discovered config: 5 backends
2026-08-17 06:31:04,631 [oasis.registry] INFO: Registered backend: 4C Multiphysics (fourc)
2026-08-17 06:31:04,631 [oasis.registry] INFO: Registered backend: FEniCSx (dolfinx) (fenics)
2026-08-17 06:31:04,632 [oasis.registry] INFO: Registered backend: deal.II (dealii)
2026-08-17 06:31:04,636 [oasis.registry] INFO: Registered backend: FEBio (febio)
2026-08-17 06:31:04,638 [oasis.registry] INFO: Registered backend: NGSolve (ngsolve)
2026-08-17 06:31:04,638 [oasis.ngsolve] INFO: NGSolve backend registered
2026-08-17 06:31:04,641 [oasis.registry] INFO: Registered backend: scikit-fem (skfem)
2026-08-17 06:31:04,641 [oasis.skfem] INFO: scikit-fem backend registered
2026-08-17 06:31:04,644 [oasis.registry] INFO: Registered backend: Kratos Multiphysics (kratos)
2026-08-17 06:31:04,644 [oasis.kratos] INFO: Kratos Multiphysics backend registered
2026-08-17 06:31:04,647 [oasis.registry] INFO: Registered backend: DUNE-fem (dune)
2026-08-17 06:31:04,647 [oasis.dune] INFO: DUNE-fem backend registered
2026-08-17 06:31:04,652 [oasis.registry] INFO: Registered backend: SPARTA (DSMC) (sparta)
2026-08-17 06:31:04,652 [oasis.sparta] INFO: SPARTA (DSMC) backend registered
2026-08-17 06:31:04,652 [oasis] INFO: Starting OASiS MCP server
2026-08-17 06:31:04,660 [mcp.server.lowlevel.server] INFO: Processing request of type CallToolRequest
2026-08-17 06:31:06,463 [mcp.server.lowlevel.server] INFO: Processing request of type ListToolsRequest
2026-08-17 06:31:06,470 [oasis] INFO: Session journal saved: /home/alexander/Schreibtisch/ofa-v2/data/sessions/session_d8b77e5a-39bb-4828-81e5-eeff92ffabb8.json (2 events)
2026-08-17 06:31:51,749 [oasis.registry] INFO: Loaded discovered config: 5 backends
2026-08-17 06:31:51,750 [oasis.registry] INFO: Registered backend: 4C Multiphysics (fourc)
2026-08-17 06:31:51,751 [oasis.registry] INFO: Registered backend: FEniCSx (dolfinx) (fenics)
2026-08-17 06:31:51,751 [oasis.registry] INFO: Registered backend: deal.II (dealii)
2026-08-17 06:31:51,755 [oasis.registry] INFO: Registered backend: FEBio (febio)
2026-08-17 06:31:51,757 [oasis.registry] INFO: Registered backend: NGSolve (ngsolve)
2026-08-17 06:31:51,757 [oasis.ngsolve] INFO: NGSolve backend registered
2026-08-17 06:31:51,760 [oasis.registry] INFO: Registered backend: scikit-fem (skfem)
2026-08-17 06:31:51,760 [oasis.skfem] INFO: scikit-fem backend registered
2026-08-17 06:31:51,763 [oasis.registry] INFO: Registered backend: Kratos Multiphysics (kratos)
2026-08-17 06:31:51,764 [oasis.kratos] INFO: Kratos Multiphysics backend registered
2026-08-17 06:31:51,766 [oasis.registry] INFO: Registered backend: DUNE-fem (dune)
2026-08-17 06:31:51,766 [oasis.dune] INFO: DUNE-fem backend registered
2026-08-17 06:31:51,771 [oasis.registry] INFO: Registered backend: SPARTA (DSMC) (sparta)
2026-08-17 06:31:51,771 [oasis.sparta] INFO: SPARTA (DSMC) backend registered
2026-08-17 06:31:51,771 [oasis] INFO: Starting OASiS MCP server
2026-08-17 06:31:51,780 [mcp.server.lowlevel.server] INFO: Processing request of type CallToolRequest
2026-08-17 06:31:53,625 [mcp.server.lowlevel.server] INFO: Processing request of type ListToolsRequest
2026-08-17 06:31:53,633 [oasis] INFO: Session journal saved: /home/alexander/Schreibtisch/ofa-v2/data/sessions/session_d915a37d-8806-4900-b3a1-3e93e2fea5f2.json (2 events)
2026-08-17 06:32:12,915 [oasis.registry] INFO: Loaded discovered config: 5 backends
2026-08-17 06:32:12,917 [oasis.registry] INFO: Registered backend: 4C Multiphysics (fourc)
2026-08-17 06:32:12,917 [oasis.registry] INFO: Registered backend: FEniCSx (dolfinx) (fenics)
2026-08-17 06:32:12,918 [oasis.registry] INFO: Registered backend: deal.II (dealii)
2026-08-17 06:32:12,921 [oasis.registry] INFO: Registered backend: FEBio (febio)
2026-08-17 06:32:12,924 [oasis.registry] INFO: Registered backend: NGSolve (ngsolve)
2026-08-17 06:32:12,924 [oasis.ngsolve] INFO: NGSolve backend registered
2026-08-17 06:32:12,926 [oasis.registry] INFO: Registered backend: scikit-fem (skfem)
2026-08-17 06:32:12,926 [oasis.skfem] INFO: scikit-fem backend registered
2026-08-17 06:32:12,930 [oasis.registry] INFO: Registered backend: Kratos Multiphysics (kratos)
2026-08-17 06:32:12,930 [oasis.kratos] INFO: Kratos Multiphysics backend registered
2026-08-17 06:32:12,932 [oasis.registry] INFO: Registered backend: DUNE-fem (dune)
2026-08-17 06:32:12,932 [oasis.dune] INFO: DUNE-fem backend registered
2026-08-17 06:32:12,938 [oasis.registry] INFO: Registered backend: SPARTA (DSMC) (sparta)
2026-08-17 06:32:12,938 [oasis.sparta] INFO: SPARTA (DSMC) backend registered
2026-08-17 06:32:12,938 [oasis] INFO: Starting OASiS MCP server
2026-08-17 06:32:12,945 [mcp.server.lowlevel.server] INFO: Processing request of type CallToolRequest
2026-08-17 06:32:16,564 [mcp.server.lowlevel.server] INFO: Processing request of type ListToolsRequest
2026-08-17 06:32:16,570 [oasis] INFO: Session journal saved: /home/alexander/Schreibtisch/ofa-v2/data/sessions/session_f17bf4b8-0862-4081-9249-de514f0ca8ab.json (1 events)
[preflight] custody controls verified for 1 problem(s); keys sealed and unreadable by execution
[phase: development] results are for post-mortems and convergence checking, NOT for the paper's evaluation table.
[FC1 27b MCP s1] done  calls=41 tok=5548879/31332 776.4s
/home/alexander/Schreibtisch/ofa-v2/campaign3_blind/run_blind.py:598: ResourceWarning: unclosed file <_io.TextIOWrapper name='/home/alexander/Schreibtisch/ofa-v2/campaign3_blind/runs/FC1_27b_MCP_seed1/work/trajectory_live.txt' mode='a' encoding='utf-8'>
  run_one(pid, a.model, cond, a.seed, a.timeout)
ResourceWarning: Enable tracemalloc to get the object allocation traceback
/home/alexander/.local/share/python/cpython-3.12.13-linux-x86_64-gnu/lib/python3.12/asyncio/selector_events.py:879: ResourceWarning: unclosed transport <_SelectorSocketTransport fd=8>
<<< FC1 done 2026-08-17 06:32:43
[preflight] custody controls verified for 1 problem(s); keys sealed and unreadable by execution
[phase: development] results are for post-mortems and convergence checking, NOT for the paper's evaluation table.
[FE1 27b MCP s1] done  calls=53 tok=4595009/68107 1994.8s
/home/alexander/Schreibtisch/ofa-v2/campaign3_blind/run_blind.py:598: ResourceWarning: unclosed file <_io.TextIOWrapper name='/home/alexander/Schreibtisch/ofa-v2/campaign3_blind/runs/FE1_27b_MCP_seed1/work/trajectory_live.txt' mode='a' encoding='utf-8'>
  run_one(pid, a.model, cond, a.seed, a.timeout)
ResourceWarning: Enable tracemalloc to get the object allocation traceback
/home/alexander/.local/share/python/cpython-3.12.13-linux-x86_64-gnu/lib/python3.12/asyncio/selector_events.py:879: ResourceWarning: unclosed transport <_SelectorSocketTransport fd=8>
<<< FE1 done 2026-08-17 06:37:27
>>> repeatability probe complete 2026-08-17 06:37:27
