x, y, u
1.136363636363636e-02, 1.136363636363636e-02, 2.317604038187537e-05
3.409090909090909e-02, 1.136363636363636e-02, 6.952812114562611e-05
5.681818181818182e-02, 1.136363636363636e-02, 1.158802019093769e-04
7.954545454545454e-02, 1.136363636363636e-02, 2.307782927120289e-04
1.022727272727273e-01, 1.136363636363636e-02, 3.685250535276481e-04
1.250000000000000e-01, 1.136363636363636e-02, 5.062718143432673e-04
1.477272727272727e-01, 1.136363636363636e-02, 3.221729727638972e-04
1.704545454545454e-01, 1.136363636363636e-02, 1.380741311845275e-04
1.931818181818182e-01, 1.136363636363636e-02, 0.000000000000000e+00
2.159090909090909e-01, 1.136363636363636e-02, 0.000000000000000e+00
2.386363636363636e-01, 1.136363636363636e-02, 0.000000000000000e+00
2.613636363636364e-01, 1.136363636363636e-02, 1.716518288141409e-05
2.840909090909091e-01, 1.136363636363636e-02, 5.149554864424234e-05
3.068181818181818e-01, 1.136363636363636e-02, 8.582591440707052e-05
3.295454545454545e-01, 1.136363636363636e-02, 2.602129145681146e-04
3.522727272727273e-01, 1.136363636363636e-02, 4.812854595285645e-04
3.750000000000000e-01, 1.136363636363636e-02, 7.023580044890138e-04
3.977272727272727e-01, 1.136363636363636e-02, 5.775876484184640e-04
4.204545454545455e-01, 1.136363636363636e-02, 4.528172923479136e-04
4.431818181818182e-01, 1.136363636363636e-02, 3.265813866318192e-04
4.659090909090909e-01, 1.136363636363636e-02, 1.959488319790917e-04
4.886363636363636e-01, 1.136363636363636e-02, 6.531627732636379e-05
5.113636363636364e-01, 1.136363636363636e-02, 9.510969049239543e-06
5.340909090909091e-01, 1.136363636363636e-02, 2.853290714771863e-05
5.568181818181818e-01, 1.136363636363636e-02, 4.755484524619771e-05
5.795454545454546e-01, 1.136363636363636e-02, 2.461990710741905e-04
6.022727272727273e-01, 1.136363636363636e-02, 5.047173928120201e-04
6.250000000000000e-01, 1.136363636363636e-02, 7.632357145498499e-04
6.477272727272727e-01, 1.136363636363636e-02, 6.947462846730679e-04
6.704545454545454e-01, 1.136363636363636e-02, 6.262568547962860e-04
6.931818181818182e-01, 1.136363636363636e-02, 5.226270748988171e-04
7.159090909090909e-01, 1.136363636363636e-02, 3.135762449392902e-04
7.386363636363636e-01, 1.136363636363636e-02, 1.045254149797634e-04
7.613636363636364e-01, 1.136363636363636e-02, 1.022308289815621e-06
7.840909090909091e-01, 1.136363636363636e-02, 3.066924869446863e-06
8.068181818181818e-01, 1.136363636363636e-02, 5.111541449078105e-06
8.295454545454546e-01, 1.136363636363636e-02, 1.988044051105397e-04
8.522727272727273e-01, 1.136363636363636e-02, 4.563800177992775e-04
8.750000000000000e-01, 1.136363636363636e-02, 7.139556304880149e-04
8.977272727272727e-01, 1.136363636363636e-02, 6.975452952931269e-04
9.204545454545454e-01, 1.136363636363636e-02, 6.811349600982386e-04
9.431818181818182e-01, 1.136363636363636e-02, 6.080247351837015e-04
9.659090909090909e-01, 1.136363636363636e-02, 3.648148411102209e-04
9.886363636363636e-01, 1.136363636363636e-02, 1.216049470367403e-04
1.136363636363636e-02, 3.409090909090909e-02, 6.952812114562611e-05
3.409090909090909e-02, 3.409090909090909e-02, 2.085843634368783e-04
5.681818181818182e-02, 3.409090909090909e-02, 3.476406057281305e-04
7.954545454545454e-02, 3.409090909090909e-02, 4.528418612727527e-04
1.022727272727273e-01, 3.409090909090909e-02, 5.467581212351648e-04
1.250000000000000e-01, 3.409090909090909e-02, 6.406743811975768e-04
1.477272727272727e-01, 3.409090909090909e-02, 4.077018789439124e-04
1.704545454545454e-01, 3.409090909090909e-02, 1.747293766902483e-04
1.931818181818182e-01, 3.409090909090909e-02, 0.000000000000000e+00
2.159090909090909e-01, 3.409090909090909e-02, 0.000000000000000e+00
2.386363636363636e-01, 3.409090909090909e-02, 0.000000000000000e+00
2.613636363636364e-01, 3.409090909090909e-02, 5.149554864424225e-05
2.840909090909091e-01, 3.409090909090909e-02, 1.544866459327270e-04
3.068181818181818e-01, 3.409090909090909e-02, 2.574777432212115e-04
3.295454545454545e-01, 3.409090909090909e-02, 3.973788887785446e-04
3.522727272727273e-01, 3.409090909090909e-02, 5.495833837588274e-04
3.750000000000000e-01, 3.409090909090909e-02, 7.017878787391098e-04
3.977272727272727e-01, 3.409090909090909e-02, 5.191659279440804e-04
4.204545454545455e-01, 3.409090909090909e-02, 3.365439771490506e-04
4.431818181818182e-01, 3.409090909090909e-02, 1.814341036843441e-04
4.659090909090909e-01, 3.409090909090909e-02, 1.088604622106065e-04
4.886363636363636e-01, 3.409090909090909e-02, 3.628682073686877e-05
5.113636363636364e-01, 3.409090909090909e-02, 2.853290714771862e-05
5.340909090909091e-01, 3.409090909090909e-02, 8.559872144315587e-05
5.568181818181818e-01, 3.409090909090909e-02, 1.426645357385931e-04
5.795454545454546e-01, 3.409090909090909e-02, 2.927124074211887e-04
6.022727272727273e-01, 3.409090909090909e-02, 4.737542982328363e-04
6.250000000000000e-01, 3.409090909090909e-02, 6.547961890444840e-04
6.477272727272727e-01, 3.409090909090909e-02, 5.328278339149141e-04
6.704545454545454e-01, 3.409090909090909e-02, 4.108594787853441e-04
6.931818181818182e-01, 3.409090909090909e-02, 2.903483749437873e-04
7.159090909090909e-01, 3.409090909090909e-02, 1.742090249662724e-04
7.386363636363636e-01, 3.409090909090909e-02, 5.806967498875746e-05
7.613636363636364e-01, 3.409090909090909e-02, 3.066924869446862e-06
7.840909090909091e-01, 3.409090909090909e-02, 9.200774608340588e-06
8.068181818181818e-01, 3.409090909090909e-02, 1.533462434723431e-05
8.295454545454546e-01, 3.409090909090909e-02, 1.553163481868200e-04
8.522727272727273e-01, 3.409090909090909e-02, 3.399140300599689e-04
8.750000000000000e-01, 3.409090909090909e-02, 5.245117119331179e-04
8.977272727272727e-01, 3.409090909090909e-02, 4.688967881396755e-04
9.204545454545454e-01, 3.409090909090909e-02, 4.132818643462332e-04
9.431818181818182e-01, 3.409090909090909e-02, 3.377915195465009e-04
9.659090909090909e-01, 3.409090909090909e-02, 2.026749117279006e-04
9.886363636363636e-01, 3.409090909090909e-02, 6.755830390930018e-05
1.136363636363636e-02, 5.681818181818182e-02, 1.158802019093769e-04
3.409090909090909e-02, 5.681818181818182e-02, 3.476406057281305e-04
5.681818181818182e-02, 5.681818181818182e-02, 5.794010095468842e-04
7.954545454545454e-02, 5.681818181818182e-02, 6.749054298334764e-04
1.022727272727273e-01, 5.681818181818182e-02, 7.249911889426813e-04
1.250000000000000e-01, 5.681818181818182e-02, 7.750769480518863e-04
1.477272727272727e-01, 5.681818181818182e-02, 4.932307851239275e-04
1.704545454545454e-01, 5.681818181818182e-02, 2.113846221959691e-04
1.931818181818182e-01, 5.681818181818182e-02, 0.000000000000000e+00
2.159090909090909e-01, 5.681818181818182e-02, 0.000000000000000e+00
2.386363636363636e-01, 5.681818181818182e-02, 0.000000000000000e+00
2.613636363636364e-01, 5.681818181818182e-02, 8.582591440707041e-05
2.840909090909091e-01, 5.681818181818182e-02, 2.574777432212117e-04
3.068181818181818e-01, 5.681818181818182e-02, 4.291295720353525e-04
3.295454545454545e-01, 5.681818181818182e-02, 5.345448629889745e-04
3.522727272727273e-01, 5.681818181818182e-02, 6.178813079890903e-04
3.750000000000000e-01, 5.681818181818182e-02, 7.012177529892060e-04
3.977272727272727e-01, 5.681818181818182e-02, 4.607442074696970e-04
4.204545454545455e-01, 5.681818181818182e-02, 2.202706619501874e-04
4.431818181818182e-01, 5.681818181818182e-02, 3.628682073686882e-05
4.659090909090909e-01, 5.681818181818182e-02, 2.177209244212130e-05
4.886363636363636e-01, 5.681818181818182e-02, 7.257364147373756e-06
5.113636363636364e-01, 5.681818181818182e-02, 4.755484524619771e-05
5.340909090909091e-01, 5.681818181818182e-02, 1.426645357385931e-04
5.568181818181818e-01, 5.681818181818182e-02, 2.377742262309885e-04
5.795454545454546e-01, 5.681818181818182e-02, 3.392257437681870e-04
6.022727272727273e-01, 5.681818181818182e-02, 4.427912036536525e-04
6.250000000000000e-01, 5.681818181818182e-02, 5.463566635391180e-04
6.477272727272727e-01, 5.681818181818182e-02, 3.709093831567601e-04
6.704545454545454e-01, 5.681818181818182e-02, 1.954621027744021e-04
6.931818181818182e-01, 5.681818181818182e-02, 5.806967498875748e-05
7.159090909090909e-01, 5.681818181818182e-02, 3.484180499325448e-05
7.386363636363636e-01, 5.681818181818182e-02, 1.161393499775149e-05
7.613636363636364e-01, 5.681818181818182e-02, 5.111541449078104e-06
7.840909090909091e-01, 5.681818181818182e-02, 1.533462434723431e-05
8.068181818181818e-01, 5.681818181818182e-02, 2.555770724539052e-05
8.295454545454546e-01, 5.681818181818182e-02, 1.118282912631001e-04
8.522727272727273e-01, 5.681818181818182e-02, 2.234480423206604e-04
8.750000000000000e-01, 5.681818181818182e-02, 3.350677933782207e-04
8.977272727272727e-01, 5.681818181818182e-02, 2.402482809862243e-04
9.204545454545454e-01, 5.681818181818182e-02, 1.454287685942278e-04
9.431818181818182e-01, 5.681818181818182e-02, 6.755830390930021e-05
9.659090909090909e-01, 5.681818181818182e-02, 4.053498234558012e-05
9.886363636363636e-01, 5.681818181818182e-02, 1.351166078186004e-05
1.136363636363636e-02, 7.954545454545454e-02, 4.366192393133051e-05
3.409090909090909e-02, 7.954545454545454e-02, 2.546152607584001e-04
5.681818181818182e-02, 7.954545454545454e-02, 4.655685975854696e-04
7.954545454545454e-02, 7.954545454545454e-02, 5.373493566288263e-04
1.022727272727273e-01, 7.954545454545454e-02, 5.627392564109455e-04
1.250000000000000e-01, 7.954545454545454e-02, 5.881291561930645e-04
1.477272727272727e-01, 7.954545454545454e-02, 3.742640084864955e-04
1.704545454545454e-01, 7.954545454545454e-02, 1.603988607799268e-04
1.931818181818182e-01, 7.954545454545454e-02, -1.141976834370348e-05
2.159090909090909e-01, 7.954545454545454e-02, -5.709884171851748e-05
2.386363636363636e-01, 7.954545454545454e-02, -1.027779150933315e-04
2.613636363636364e-01, 7.954545454545454e-02, -4.535622801898498e-05
2.840909090909091e-01, 7.954545454545454e-02, 1.151662195045223e-04
3.068181818181818e-01, 7.954545454545454e-02, 2.756886670280292e-04
3.295454545454545e-01, 7.954545454545454e-02, 3.687429905886384e-04
3.522727272727273e-01, 7.954545454545454e-02, 4.393079394949484e-04
3.750000000000000e-01, 7.954545454545454e-02, 5.098728884012581e-04
3.977272727272727e-01, 7.954545454545454e-02, 3.244645653462554e-04
4.204545454545455e-01, 7.954545454545454e-02, 1.390562422912521e-04
4.431818181818182e-01, 7.954545454545454e-02, -1.602837327896998e-05
4.659090909090909e-01, 7.954545454545454e-02, -8.014186639484988e-05
4.886363636363636e-01, 7.954545454545454e-02, -1.442553595107300e-04
5.113636363636364e-01, 7.954545454545454e-02, -1.290510200011788e-04
5.340909090909091e-01, 7.954545454545454e-02, -3.452884786619645e-05
5.568181818181818e-01, 7.954545454545454e-02, 5.999332426878587e-05
5.795454545454546e-01, 7.954545454545454e-02, 1.638084553266897e-04
6.022727272727273e-01, 7.954545454545454e-02, 2.707212393588999e-04
6.250000000000000e-01, 7.954545454545454e-02, 3.776340233911102e-04
6.477272727272727e-01, 7.954545454545454e-02, 2.403125603397975e-04
6.704545454545454e-01, 7.954545454545454e-02, 1.029910972884848e-04
6.931818181818182e-01, 7.954545454545454e-02, -1.883971437572737e-05
7.159090909090909e-01, 7.954545454545454e-02, -9.419857187863613e-05
7.386363636363636e-01, 7.954545454545454e-02, -1.695574293815449e-04
7.613636363636364e-01, 7.954545454545454e-02, -1.975249427802224e-04
7.840909090909091e-01, 7.954545454545454e-02, -1.781011120746686e-04
8.068181818181818e-01, 7.954545454545454e-02, -1.586772813691147e-04
8.295454545454546e-01, 7.954545454545454e-02, -5.480423929927247e-05
8.522727272727273e-01, 7.954545454545454e-02, 7.721853989199883e-05
8.750000000000000e-01, 7.954545454545454e-02, 2.092413190832701e-04
8.977272727272727e-01, 7.954545454545454e-02, 1.331535666893538e-04
9.204545454545454e-01, 7.954545454545454e-02, 5.706581429543744e-05
9.431818181818182e-01, 7.954545454545454e-02, -1.924811990677803e-05
9.659090909090909e-01, 7.954545454545454e-02, -9.624059953388943e-05
9.886363636363636e-01, 7.954545454545454e-02, -1.732330791610008e-04
1.136363636363636e-02, 1.022727272727273e-01, -6.807980696064823e-05
3.409090909090909e-02, 1.022727272727273e-01, 8.422938670167528e-05
5.681818181818182e-02, 1.022727272727273e-01, 2.365385803639989e-04
7.954545454545454e-02, 1.022727272727273e-01, 2.799200695023850e-04
1.022727272727273e-01, 1.022727272727273e-01, 2.869923237994586e-04
1.250000000000000e-01, 1.022727272727273e-01, 2.940645780965321e-04
1.477272727272727e-01, 1.022727272727273e-01, 1.871320042432477e-04
1.704545454545454e-01, 1.022727272727273e-01, 8.019943038996337e-05
1.931818181818182e-01, 1.022727272727273e-01, -2.664612613530814e-05
2.159090909090909e-01, 1.022727272727273e-01, -1.332306306765408e-04
2.386363636363636e-01, 1.022727272727273e-01, -2.398151352177735e-04
2.613636363636364e-01, 1.022727272727273e-01, -2.317092065080016e-04
2.840909090909091e-01, 1.022727272727273e-01, -1.089128445472252e-04
3.068181818181818e-01, 1.022727272727273e-01, 1.388351741355098e-05
3.295454545454545e-01, 1.022727272727273e-01, 1.019518359847133e-04
3.522727272727273e-01, 1.022727272727273e-01, 1.784441400926713e-04
3.750000000000000e-01, 1.022727272727273e-01, 2.549364442006290e-04
3.977272727272727e-01, 1.022727272727273e-01, 1.622322826731276e-04
4.204545454545455e-01, 1.022727272727273e-01, 6.952812114562603e-05
4.431818181818182e-01, 1.022727272727273e-01, -3.739953765092996e-05
4.659090909090909e-01, 1.022727272727273e-01, -1.869976882546498e-04
4.886363636363636e-01, 1.022727272727273e-01, -3.365958388583699e-04
5.113636363636364e-01, 1.022727272727273e-01, -3.708661530305071e-04
5.340909090909091e-01, 1.022727272727273e-01, -2.898086307710618e-04
5.568181818181818e-01, 1.022727272727273e-01, -2.087511085116163e-04
5.795454545454546e-01, 1.022727272727273e-01, -8.558570804430637e-05
6.022727272727273e-01, 1.022727272727273e-01, 5.161565182562433e-05
6.250000000000000e-01, 1.022727272727273e-01, 1.888170116955550e-04
6.477272727272727e-01, 1.022727272727273e-01, 1.201562801698987e-04
6.704545454545454e-01, 1.022727272727273e-01, 5.149554864424241e-05
6.931818181818182e-01, 1.022727272727273e-01, -4.395933354336388e-05
7.159090909090909e-01, 1.022727272727273e-01, -2.197966677168177e-04
7.386363636363636e-01, 1.022727272727273e-01, -3.956340018902714e-04
7.613636363636364e-01, 1.022727272727273e-01, -4.683884606125001e-04
7.840909090909091e-01, 1.022727272727273e-01, -4.380600438835037e-04
8.068181818181818e-01, 1.022727272727273e-01, -4.077316271545073e-04
8.295454545454546e-01, 1.022727272727273e-01, -2.624849277411960e-04
8.522727272727273e-01, 1.022727272727273e-01, -7.893213409978050e-05
8.750000000000000e-01, 1.022727272727273e-01, 1.046206595416350e-04
8.977272727272727e-01, 1.022727272727273e-01, 6.657678334467687e-05
9.204545454545454e-01, 1.022727272727273e-01, 2.853290714771871e-05
9.431818181818182e-01, 1.022727272727273e-01, -4.491227978248209e-05
9.659090909090909e-01, 1.022727272727273e-01, -2.245613989124087e-04
9.886363636363636e-01, 1.022727272727273e-01, -4.042105180423353e-04
1.136363636363636e-02, 1.250000000000000e-01, -1.798215378526269e-04
3.409090909090909e-02, 1.250000000000000e-01, -8.615648735504939e-05
5.681818181818182e-02, 1.250000000000000e-01, 7.508563142528161e-06
7.954545454545454e-02, 1.250000000000000e-01, 2.249078237594368e-05
1.022727272727273e-01, 1.250000000000000e-01, 1.124539118797184e-05
1.250000000000000e-01, 1.250000000000000e-01, 0.000000000000000e+00
1.477272727272727e-01, 1.250000000000000e-01, 0.000000000000000e+00
1.704545454545454e-01, 1.250000000000000e-01, 0.000000000000000e+00
1.931818181818182e-01, 1.250000000000000e-01, -4.187248392691278e-05
2.159090909090909e-01, 1.250000000000000e-01, -2.093624196345641e-04
2.386363636363636e-01, 1.250000000000000e-01, -3.768523553422154e-04
2.613636363636364e-01, 1.250000000000000e-01, -4.180621849970182e-04
2.840909090909091e-01, 1.250000000000000e-01, -3.329919085989726e-04
3.068181818181818e-01, 1.250000000000000e-01, -2.479216322009271e-04
3.295454545454545e-01, 1.250000000000000e-01, -1.648393186192115e-04
3.522727272727273e-01, 1.250000000000000e-01, -8.241965930960563e-05
3.750000000000000e-01, 1.250000000000000e-01, 0.000000000000000e+00
3.977272727272727e-01, 1.250000000000000e-01, 0.000000000000000e+00
4.204545454545455e-01, 1.250000000000000e-01, 0.000000000000000e+00
4.431818181818182e-01, 1.250000000000000e-01, -5.877070202288992e-05
4.659090909090909e-01, 1.250000000000000e-01, -2.938535101144496e-04
4.886363636363636e-01, 1.250000000000000e-01, -5.289363182060099e-04
5.113636363636364e-01, 1.250000000000000e-01, -6.126812860598354e-04
5.340909090909091e-01, 1.250000000000000e-01, -5.450884136759268e-04
5.568181818181818e-01, 1.250000000000000e-01, -4.774955412920183e-04
5.795454545454546e-01, 1.250000000000000e-01, -3.349798714153022e-04
6.022727272727273e-01, 1.250000000000000e-01, -1.674899357076511e-04
6.250000000000000e-01, 1.250000000000000e-01, 0.000000000000000e+00
6.477272727272727e-01, 1.250000000000000e-01, 0.000000000000000e+00
6.704545454545454e-01, 1.250000000000000e-01, 0.000000000000000e+00
6.931818181818182e-01, 1.250000000000000e-01, -6.907895271100037e-05
7.159090909090909e-01, 1.250000000000000e-01, -3.453947635549991e-04
7.386363636363636e-01, 1.250000000000000e-01, -6.217105743989979e-04
7.613636363636364e-01, 1.250000000000000e-01, -7.392519784447778e-04
7.840909090909091e-01, 1.250000000000000e-01, -6.980189756923387e-04
8.068181818181818e-01, 1.250000000000000e-01, -6.567859729398996e-04
8.295454545454546e-01, 1.250000000000000e-01, -4.701656161831194e-04
8.522727272727273e-01, 1.250000000000000e-01, -2.350828080915597e-04
8.750000000000000e-01, 1.250000000000000e-01, 0.000000000000000e+00
8.977272727272727e-01, 1.250000000000000e-01, 0.000000000000000e+00
9.204545454545454e-01, 1.250000000000000e-01, 0.000000000000000e+00
9.431818181818182e-01, 1.250000000000000e-01, -7.057643965818613e-05
9.659090909090909e-01, 1.250000000000000e-01, -3.528821982909279e-04
9.886363636363636e-01, 1.250000000000000e-01, -6.351879569236697e-04
1.136363636363636e-02, 1.477272727272727e-01, -3.405084602331254e-04
3.409090909090909e-02, 1.477272727272727e-01, -1.804249514277583e-04
5.681818181818182e-02, 1.477272727272727e-01, -2.034144262239110e-05
7.954545454545454e-02, 1.477272727272727e-01, 1.431231605741870e-05
1.022727272727273e-01, 1.477272727272727e-01, 7.156158028709349e-06
1.250000000000000e-01, 1.477272727272727e-01, 0.000000000000000e+00
1.477272727272727e-01, 1.477272727272727e-01, -8.878897565483872e-05
1.704545454545454e-01, 1.477272727272727e-01, -1.775779513096773e-04
1.931818181818182e-01, 1.477272727272727e-01, -2.742827251481086e-04
2.159090909090909e-01, 1.477272727272727e-01, -3.947348935373179e-04
2.386363636363636e-01, 1.477272727272727e-01, -5.151870619265272e-04
2.613636363636364e-01, 1.477272727272727e-01, -4.970170111521642e-04
2.840909090909091e-01, 1.477272727272727e-01, -3.402247412142289e-04
3.068181818181818e-01, 1.477272727272727e-01, -1.834324712762937e-04
3.295454545454545e-01, 1.477272727272727e-01, -1.048977482122255e-04
3.522727272727273e-01, 1.477272727272727e-01, -5.244887410611267e-05
3.750000000000000e-01, 1.477272727272727e-01, 0.000000000000000e+00
3.977272727272727e-01, 1.477272727272727e-01, -5.564480503439229e-05
4.204545454545455e-01, 1.477272727272727e-01, -1.112896100687847e-04
4.431818181818182e-01, 1.477272727272727e-01, -1.987087941506204e-04
4.659090909090909e-01, 1.477272727272727e-01, -3.814511153747865e-04
4.886363636363636e-01, 1.477272727272727e-01, -5.641934365989531e-04
5.113636363636364e-01, 1.477272727272727e-01, -5.896632863523733e-04
5.340909090909091e-01, 1.477272727272727e-01, -4.578606646350473e-04
5.568181818181818e-01, 1.477272727272727e-01, -3.260580429177215e-04
5.795454545454546e-01, 1.477272727272727e-01, -2.131690090824650e-04
6.022727272727273e-01, 1.477272727272727e-01, -1.065845045412325e-04
6.250000000000000e-01, 1.477272727272727e-01, 0.000000000000000e+00
6.477272727272727e-01, 1.477272727272727e-01, 0.000000000000000e+00
6.704545454545454e-01, 1.477272727272727e-01, 0.000000000000000e+00
6.931818181818182e-01, 1.477272727272727e-01, -5.787053480196207e-05
7.159090909090909e-01, 1.477272727272727e-01, -2.893526740098081e-04
7.386363636363636e-01, 1.477272727272727e-01, -5.208348132176542e-04
7.613636363636364e-01, 1.477272727272727e-01, -5.956338885195141e-04
7.840909090909091e-01, 1.477272727272727e-01, -5.137498999153877e-04
8.068181818181818e-01, 1.477272727272727e-01, -4.318659113112615e-04
8.295454545454546e-01, 1.477272727272727e-01, -2.556521163231969e-04
8.522727272727273e-01, 1.477272727272727e-01, -4.799505254048705e-05
8.750000000000000e-01, 1.477272727272727e-01, 1.596620112422228e-04
8.977272727272727e-01, 1.477272727272727e-01, 1.869719494113227e-04
9.204545454545454e-01, 1.477272727272727e-01, 2.142818875804226e-04
9.431818181818182e-01, 1.477272727272727e-01, 1.685098485877429e-04
9.659090909090909e-01, 1.477272727272727e-01, -9.650812189027368e-05
9.886363636363636e-01, 1.477272727272727e-01, -3.615260923682902e-04
1.136363636363636e-02, 1.704545454545454e-01, -5.011953826136238e-04
3.409090909090909e-02, 1.704545454545454e-01, -2.746934155004671e-04
5.681818181818182e-02, 1.704545454545454e-01, -4.819144838731032e-05
7.954545454545454e-02, 1.704545454545454e-01, 6.133849738893735e-06
1.022727272727273e-01, 1.704545454545454e-01, 3.066924869446867e-06
1.250000000000000e-01, 1.704545454545454e-01, 0.000000000000000e+00
1.477272727272727e-01, 1.704545454545454e-01, -1.775779513096773e-04
1.704545454545454e-01, 1.704545454545454e-01, -3.551559026193544e-04
1.931818181818182e-01, 1.704545454545454e-01, -5.066929663693042e-04
2.159090909090909e-01, 1.704545454545454e-01, -5.801073674400716e-04
2.386363636363636e-01, 1.704545454545454e-01, -6.535217685108387e-04
2.613636363636364e-01, 1.704545454545454e-01, -5.759718373073101e-04
2.840909090909091e-01, 1.704545454545454e-01, -3.474575738294850e-04
3.068181818181818e-01, 1.704545454545454e-01, -1.189433103516605e-04
3.295454545454545e-01, 1.704545454545454e-01, -4.495617780523953e-05
3.522727272727273e-01, 1.704545454545454e-01, -2.247808890261974e-05
3.750000000000000e-01, 1.704545454545454e-01, 0.000000000000000e+00
3.977272727272727e-01, 1.704545454545454e-01, -1.112896100687845e-04
4.204545454545455e-01, 1.704545454545454e-01, -2.225792201375693e-04
4.431818181818182e-01, 1.704545454545454e-01, -3.386468862783508e-04
4.659090909090909e-01, 1.704545454545454e-01, -4.690487206351234e-04
4.886363636363636e-01, 1.704545454545454e-01, -5.994505549918962e-04
5.113636363636364e-01, 1.704545454545454e-01, -5.666452866449110e-04
5.340909090909091e-01, 1.704545454545454e-01, -3.706329155941679e-04
5.568181818181818e-01, 1.704545454545454e-01, -1.746205445434248e-04
5.795454545454546e-01, 1.704545454545454e-01, -9.135814674962795e-05
6.022727272727273e-01, 1.704545454545454e-01, -4.567907337481398e-05
6.250000000000000e-01, 1.704545454545454e-01, 0.000000000000000e+00
6.477272727272727e-01, 1.704545454545454e-01, 0.000000000000000e+00
6.704545454545454e-01, 1.704545454545454e-01, 0.000000000000000e+00
6.931818181818182e-01, 1.704545454545454e-01, -4.666211689292379e-05
7.159090909090909e-01, 1.704545454545454e-01, -2.333105844646171e-04
7.386363636363636e-01, 1.704545454545454e-01, -4.199590520363104e-04
7.613636363636364e-01, 1.704545454545454e-01, -4.520157985942504e-04
7.840909090909091e-01, 1.704545454545454e-01, -3.294808241384371e-04
8.068181818181818e-01, 1.704545454545454e-01, -2.069458496826237e-04
8.295454545454546e-01, 1.704545454545454e-01, -4.113861646327463e-05
8.522727272727273e-01, 1.704545454545454e-01, 1.390927030105854e-04
8.750000000000000e-01, 1.704545454545454e-01, 3.193240224844454e-04
8.977272727272727e-01, 1.704545454545454e-01, 3.739438988226452e-04
9.204545454545454e-01, 1.704545454545454e-01, 4.285637751608450e-04
9.431818181818182e-01, 1.704545454545454e-01, 4.075961368336715e-04
9.659090909090909e-01, 1.704545454545454e-01, 1.598659545103802e-04
9.886363636363636e-01, 1.704545454545454e-01, -8.786422781291104e-05
1.136363636363636e-02, 1.931818181818182e-01, -5.209193576108828e-04
3.409090909090909e-02, 1.931818181818182e-01, -2.610100242337646e-04
5.681818181818182e-02, 1.931818181818182e-01, -1.100690856646385e-06
7.954545454545454e-02, 1.931818181818182e-01, 7.098617539244841e-05
1.022727272727273e-01, 1.931818181818182e-01, 8.046555259886871e-05
1.250000000000000e-01, 1.931818181818182e-01, 8.994492980528899e-05
1.477272727272727e-01, 1.931818181818182e-01, -1.433925436967085e-04
1.704545454545454e-01, 1.931818181818182e-01, -3.767300171987058e-04
1.931818181818182e-01, 1.931818181818182e-01, -5.599289979405692e-04
2.159090909090909e-01, 1.931818181818182e-01, -5.927125004020305e-04
2.386363636363636e-01, 1.931818181818182e-01, -6.254960028634914e-04
2.613636363636364e-01, 1.931818181818182e-01, -5.116692289315944e-04
2.840909090909091e-01, 1.931818181818182e-01, -2.512321786063386e-04
3.068181818181818e-01, 1.931818181818182e-01, 9.204871718916429e-06
3.295454545454545e-01, 1.931818181818182e-01, 8.079142583948683e-05
3.522727272727273e-01, 1.931818181818182e-01, 8.942781455849570e-05
3.750000000000000e-01, 1.931818181818182e-01, 9.806420327750454e-05
3.977272727272727e-01, 1.931818181818182e-01, -4.400027238928181e-05
4.204545454545455e-01, 1.931818181818182e-01, -1.860647480560685e-04
4.431818181818182e-01, 1.931818181818182e-01, -3.147491928534880e-04
4.659090909090909e-01, 1.931818181818182e-01, -4.032935450428069e-04
4.886363636363636e-01, 1.931818181818182e-01, -4.918378972321260e-04
5.113636363636364e-01, 1.931818181818182e-01, -4.252689428084368e-04
5.340909090909091e-01, 1.931818181818182e-01, -2.035866817717394e-04
5.568181818181818e-01, 1.931818181818182e-01, 1.809557926495809e-05
5.795454545454546e-01, 1.931818181818182e-01, 7.727255118186594e-05
6.022727272727273e-01, 1.931818181818182e-01, 8.228109339217651e-05
6.250000000000000e-01, 1.931818181818182e-01, 8.728963560248709e-05
6.477272727272727e-01, 1.931818181818182e-01, 9.120766021158435e-05
6.704545454545454e-01, 1.931818181818182e-01, 9.512568482068159e-05
6.931818181818182e-01, 1.931818181818182e-01, 6.105455842615706e-05
7.159090909090909e-01, 1.931818181818182e-01, -8.698402097923146e-05
7.386363636363636e-01, 1.931818181818182e-01, -2.350226003846200e-04
7.613636363636364e-01, 1.931818181818182e-01, -2.412644353350468e-04
7.840909090909091e-01, 1.931818181818182e-01, -1.057095258305118e-04
8.068181818181818e-01, 1.931818181818182e-01, 2.984538367402314e-05
8.295454545454546e-01, 1.931818181818182e-01, 1.720712097014826e-04
8.522727272727273e-01, 1.931818181818182e-01, 3.165206745699159e-04
8.750000000000000e-01, 1.931818181818182e-01, 4.609701394383493e-04
8.977272727272727e-01, 1.931818181818182e-01, 5.385084482318972e-04
9.204545454545454e-01, 1.931818181818182e-01, 6.160467570254449e-04
9.431818181818182e-01, 1.931818181818182e-01, 6.187035452051102e-04
9.659090909090909e-01, 1.931818181818182e-01, 3.967157715431290e-04
9.886363636363636e-01, 1.931818181818182e-01, 1.747279978811478e-04
1.136363636363636e-02, 2.159090909090909e-01, -1.177544904584226e-04
3.409090909090909e-02, 2.159090909090909e-01, 7.652893305117248e-05
5.681818181818182e-02, 2.159090909090909e-01, 2.708123565607676e-04
7.954545454545454e-02, 2.159090909090909e-01, 3.549308769622425e-04
1.022727272727273e-01, 2.159090909090909e-01, 4.023277629943439e-04
1.250000000000000e-01, 2.159090909090909e-01, 4.497246490264454e-04
1.477272727272727e-01, 2.159090909090909e-01, 2.597160137196834e-04
1.704545454545454e-01, 2.159090909090909e-01, 6.970737841292162e-05
1.931818181818182e-01, 2.159090909090909e-01, -7.564240056204057e-05
2.159090909090909e-01, 2.159090909090909e-01, -8.701561054160303e-05
2.386363636363636e-01, 2.159090909090909e-01, -9.838882052116548e-05
2.613636363636364e-01, 2.159090909090909e-01, -1.759431696329259e-05
2.840909090909091e-01, 2.159090909090909e-01, 1.553679001320160e-04
3.068181818181818e-01, 2.159090909090909e-01, 3.283301172273243e-04
3.295454545454545e-01, 2.159090909090909e-01, 4.039571291974346e-04
3.522727272727273e-01, 2.159090909090909e-01, 4.471390727924789e-04
3.750000000000000e-01, 2.159090909090909e-01, 4.903210163875232e-04
3.977272727272727e-01, 2.159090909090909e-01, 3.920914934319065e-04
4.204545454545455e-01, 2.159090909090909e-01, 2.938619704762896e-04
4.431818181818182e-01, 2.159090909090909e-01, 2.006558572291557e-04
4.659090909090909e-01, 2.159090909090909e-01, 1.225199731074703e-04
4.886363636363636e-01, 2.159090909090909e-01, 4.438408898578466e-05
5.113636363636364e-01, 2.159090909090909e-01, 7.118243341507340e-05
5.340909090909091e-01, 2.159090909090909e-01, 2.029150063953363e-04
5.568181818181818e-01, 2.159090909090909e-01, 3.346475793755993e-04
5.795454545454546e-01, 2.159090909090909e-01, 3.863627559093301e-04
6.022727272727273e-01, 2.159090909090909e-01, 4.114054669608830e-04
6.250000000000000e-01, 2.159090909090909e-01, 4.364481780124359e-04
6.477272727272727e-01, 2.159090909090909e-01, 4.560383010579222e-04
6.704545454545454e-01, 2.159090909090909e-01, 4.756284241034084e-04
6.931818181818182e-01, 2.159090909090909e-01, 4.582960059753660e-04
7.159090909090909e-01, 2.159090909090909e-01, 3.301959643267384e-04
7.386363636363636e-01, 2.159090909090909e-01, 2.020959226781108e-04
7.613636363636364e-01, 2.159090909090909e-01, 1.708867479259768e-04
7.840909090909091e-01, 2.159090909090909e-01, 2.365684400703366e-04
8.068181818181818e-01, 2.159090909090909e-01, 3.022501322146963e-04
8.295454545454546e-01, 2.159090909090909e-01, 3.813700147807438e-04
8.522727272727273e-01, 2.159090909090909e-01, 4.649692941540201e-04
8.750000000000000e-01, 2.159090909090909e-01, 5.485685735272963e-04
8.977272727272727e-01, 2.159090909090909e-01, 6.358507976349366e-04
9.204545454545454e-01, 2.159090909090909e-01, 7.231330217425769e-04
9.431818181818182e-01, 2.159090909090909e-01, 7.458743139530776e-04
9.659090909090909e-01, 2.159090909090909e-01, 5.749928104721611e-04
9.886363636363636e-01, 2.159090909090909e-01, 4.041113069912446e-04
1.136363636363636e-02, 2.386363636363636e-01, 2.854103766940378e-04
3.409090909090909e-02, 2.386363636363636e-01, 4.140678903361096e-04
5.681818181818182e-02, 2.386363636363636e-01, 5.427254039781814e-04
7.954545454545454e-02, 2.386363636363636e-01, 6.388755785320364e-04
1.022727272727273e-01, 2.386363636363636e-01, 7.241899733898191e-04
1.250000000000000e-01, 2.386363636363636e-01, 8.095043682476019e-04
1.477272727272727e-01, 2.386363636363636e-01, 6.628245711360753e-04
1.704545454545454e-01, 2.386363636363636e-01, 5.161447740245489e-04
1.931818181818182e-01, 2.386363636363636e-01, 4.086441968164881e-04
2.159090909090909e-01, 2.386363636363636e-01, 4.186812793188243e-04
2.386363636363636e-01, 2.386363636363636e-01, 4.287183618211604e-04
2.613636363636364e-01, 2.386363636363636e-01, 4.764805950050092e-04
2.840909090909091e-01, 2.386363636363636e-01, 5.619679788703708e-04
3.068181818181818e-01, 2.386363636363636e-01, 6.474553627357322e-04
3.295454545454545e-01, 2.386363636363636e-01, 7.271228325553822e-04
3.522727272727273e-01, 2.386363636363636e-01, 8.048503310264622e-04
3.750000000000000e-01, 2.386363636363636e-01, 8.825778294975419e-04
3.977272727272727e-01, 2.386363636363636e-01, 8.281832592530948e-04
4.204545454545455e-01, 2.386363636363636e-01, 7.737886890086477e-04
4.431818181818182e-01, 2.386363636363636e-01, 7.160609073117994e-04
4.659090909090909e-01, 2.386363636363636e-01, 6.483334912577474e-04
4.886363636363636e-01, 2.386363636363636e-01, 5.806060752036954e-04
5.113636363636364e-01, 2.386363636363636e-01, 5.676338096385836e-04
5.340909090909091e-01, 2.386363636363636e-01, 6.094166945624121e-04
5.568181818181818e-01, 2.386363636363636e-01, 6.511995794862404e-04
5.795454545454546e-01, 2.386363636363636e-01, 6.954529606367941e-04
6.022727272727273e-01, 2.386363636363636e-01, 7.405298405295895e-04
6.250000000000000e-01, 2.386363636363636e-01, 7.856067204223847e-04
6.477272727272727e-01, 2.386363636363636e-01, 8.208689419042601e-04
6.704545454545454e-01, 2.386363636363636e-01, 8.561311633861353e-04
6.931818181818182e-01, 2.386363636363636e-01, 8.555374535245751e-04
7.159090909090909e-01, 2.386363636363636e-01, 7.473759496327082e-04
7.386363636363636e-01, 2.386363636363636e-01, 6.392144457408415e-04
7.613636363636364e-01, 2.386363636363636e-01, 5.830379311870005e-04
7.840909090909091e-01, 2.386363636363636e-01, 5.788464059711849e-04
8.068181818181818e-01, 2.386363636363636e-01, 5.746548807553694e-04
8.295454545454546e-01, 2.386363636363636e-01, 5.906688198600050e-04
8.522727272727273e-01, 2.386363636363636e-01, 6.134179137381242e-04
8.750000000000000e-01, 2.386363636363636e-01, 6.361670076162434e-04
8.977272727272727e-01, 2.386363636363636e-01, 7.331931470379760e-04
9.204545454545454e-01, 2.386363636363636e-01, 8.302192864597087e-04
9.431818181818182e-01, 2.386363636363636e-01, 8.730450827010451e-04
9.659090909090909e-01, 2.386363636363636e-01, 7.532698494011932e-04
9.886363636363636e-01, 2.386363636363636e-01, 6.334946161013415e-04
1.136363636363636e-02, 2.613636363636364e-01, 4.850782740555333e-04
3.409090909090909e-02, 2.613636363636364e-01, 5.479387598810426e-04
5.681818181818182e-02, 2.613636363636364e-01, 6.107992457065521e-04
7.954545454545454e-02, 2.613636363636364e-01, 7.101380645493632e-04
1.022727272727273e-01, 2.613636363636364e-01, 8.216363277312749e-04
1.250000000000000e-01, 2.613636363636364e-01, 9.331345909131866e-04
1.477272727272727e-01, 2.613636363636364e-01, 8.202232027862405e-04
1.704545454545454e-01, 2.613636363636364e-01, 7.073118146592942e-04
1.931818181818182e-01, 2.613636363636364e-01, 6.230438952545785e-04
2.159090909090909e-01, 2.613636363636364e-01, 6.247063820165539e-04
2.386363636363636e-01, 2.613636363636364e-01, 6.263688687785292e-04
2.613636363636364e-01, 2.613636363636364e-01, 6.287470506563265e-04
2.840909090909091e-01, 2.613636363636364e-01, 6.318409276499455e-04
3.068181818181818e-01, 2.613636363636364e-01, 6.349348046435645e-04
3.295454545454545e-01, 2.613636363636364e-01, 7.171157667228244e-04
3.522727272727273e-01, 2.613636363636364e-01, 8.256590904972982e-04
3.750000000000000e-01, 2.613636363636364e-01, 9.342024142717718e-04
3.977272727272727e-01, 2.613636363636364e-01, 9.078796083614618e-04
4.204545454545455e-01, 2.613636363636364e-01, 8.815568024511519e-04
4.431818181818182e-01, 2.613636363636364e-01, 8.447815349527501e-04
4.659090909090909e-01, 2.613636363636364e-01, 7.766488826900736e-04
4.886363636363636e-01, 2.613636363636364e-01, 7.085162304273966e-04
5.113636363636364e-01, 2.613636363636364e-01, 6.498862556469376e-04
5.340909090909091e-01, 2.613636363636364e-01, 6.007589583486959e-04
5.568181818181818e-01, 2.613636363636364e-01, 5.516316610504541e-04
5.795454545454546e-01, 2.613636363636364e-01, 5.974783682403630e-04
6.022727272727273e-01, 2.613636363636364e-01, 6.749830769263223e-04
6.250000000000000e-01, 2.613636363636364e-01, 7.524877856122814e-04
6.477272727272727e-01, 2.613636363636364e-01, 8.018378726956437e-04
6.704545454545454e-01, 2.613636363636364e-01, 8.511879597790060e-04
6.931818181818182e-01, 2.613636363636364e-01, 8.638582474525156e-04
7.159090909090909e-01, 2.613636363636364e-01, 7.664891368964672e-04
7.386363636363636e-01, 2.613636363636364e-01, 6.691200263404188e-04
7.613636363636364e-01, 2.613636363636364e-01, 5.741743370346143e-04
7.840909090909091e-01, 2.613636363636364e-01, 4.816520689790535e-04
8.068181818181818e-01, 2.613636363636364e-01, 3.891298009234927e-04
8.295454545454546e-01, 2.613636363636364e-01, 3.845559532080275e-04
8.522727272727273e-01, 2.613636363636364e-01, 4.092982456059278e-04
8.750000000000000e-01, 2.613636363636364e-01, 4.340405380038281e-04
8.977272727272727e-01, 2.613636363636364e-01, 5.468973935542840e-04
9.204545454545454e-01, 2.613636363636364e-01, 6.597542491047397e-04
9.431818181818182e-01, 2.613636363636364e-01, 7.212573581157643e-04
9.659090909090909e-01, 2.613636363636364e-01, 6.286992275084945e-04
9.886363636363636e-01, 2.613636363636364e-01, 5.361410969012249e-04
1.136363636363636e-02, 2.840909090909091e-01, 4.812492016260647e-04
3.409090909090909e-02, 2.840909090909091e-01, 4.781415416859720e-04
5.681818181818182e-02, 2.840909090909091e-01, 4.750338817458794e-04
7.954545454545454e-02, 2.840909090909091e-01, 5.687183350142227e-04
1.022727272727273e-01, 2.840909090909091e-01, 6.946668260187114e-04
1.250000000000000e-01, 2.840909090909091e-01, 8.206153170232000e-04
1.477272727272727e-01, 2.840909090909091e-01, 7.319119086701788e-04
1.704545454545454e-01, 2.840909090909091e-01, 6.432085003171579e-04
1.931818181818182e-01, 2.840909090909091e-01, 5.675566947522309e-04
2.159090909090909e-01, 2.840909090909091e-01, 5.310596975515859e-04
2.386363636363636e-01, 2.840909090909091e-01, 4.945627003509411e-04
2.613636363636364e-01, 2.840909090909091e-01, 4.392050499906592e-04
2.840909090909091e-01, 2.840909090909091e-01, 3.649867464707399e-04
3.068181818181818e-01, 2.840909090909091e-01, 2.907684429508208e-04
3.295454545454545e-01, 2.840909090909091e-01, 3.739359316997606e-04
3.522727272727273e-01, 2.840909090909091e-01, 5.095653512049869e-04
3.750000000000000e-01, 2.840909090909091e-01, 6.451947707102129e-04
3.977272727272727e-01, 2.840909090909091e-01, 6.311805407570073e-04
4.204545454545455e-01, 2.840909090909091e-01, 6.171663108038017e-04
4.431818181818182e-01, 2.840909090909091e-01, 5.868177401520077e-04
4.659090909090909e-01, 2.840909090909091e-01, 5.074661474044483e-04
4.886363636363636e-01, 2.840909090909091e-01, 4.281145546568886e-04
5.113636363636364e-01, 2.840909090909091e-01, 3.179397714401350e-04
5.340909090909091e-01, 2.840909090909091e-01, 1.769417977541871e-04
5.568181818181818e-01, 2.840909090909091e-01, 3.594382406823946e-05
5.795454545454546e-01, 2.840909090909091e-01, 9.243897872003603e-05
6.022727272727273e-01, 2.840909090909091e-01, 2.147651761510808e-04
6.250000000000000e-01, 2.840909090909091e-01, 3.370913735821256e-04
6.477272727272727e-01, 2.840909090909091e-01, 3.989450934320728e-04
6.704545454545454e-01, 2.840909090909091e-01, 4.607988132820200e-04
6.931818181818182e-01, 2.840909090909091e-01, 4.832583877591872e-04
7.159090909090909e-01, 2.840909090909091e-01, 3.875355261180148e-04
7.386363636363636e-01, 2.840909090909091e-01, 2.918126644768424e-04
7.613636363636364e-01, 2.840909090909091e-01, 1.442959654688180e-04
7.840909090909091e-01, 2.840909090909091e-01, -5.501457090605856e-05
8.068181818181818e-01, 2.840909090909091e-01, -2.543251072809352e-04
8.295454545454546e-01, 2.840909090909091e-01, -2.369685851751899e-04
8.522727272727273e-01, 2.840909090909091e-01, -1.473897102425705e-04
8.750000000000000e-01, 2.840909090909091e-01, -5.781083530995092e-05
8.977272727272727e-01, 2.840909090909091e-01, 7.696353718385902e-05
9.204545454545454e-01, 2.840909090909091e-01, 2.117379096776690e-04
9.431818181818182e-01, 2.840909090909091e-01, 2.905111401972341e-04
9.659090909090909e-01, 2.840909090909091e-01, 2.012809447940640e-04
9.886363636363636e-01, 2.840909090909091e-01, 1.120507493908940e-04
1.136363636363636e-02, 3.068181818181818e-01, 4.774201291965961e-04
3.409090909090909e-02, 3.068181818181818e-01, 4.083443234909015e-04
5.681818181818182e-02, 3.068181818181818e-01, 3.392685177852069e-04
7.954545454545454e-02, 3.068181818181818e-01, 4.272986054790825e-04
1.022727272727273e-01, 3.068181818181818e-01, 5.676973243061481e-04
1.250000000000000e-01, 3.068181818181818e-01, 7.080960431332135e-04
1.477272727272727e-01, 3.068181818181818e-01, 6.436006145541175e-04
1.704545454545454e-01, 3.068181818181818e-01, 5.791051859750217e-04
1.931818181818182e-01, 3.068181818181818e-01, 5.120694942498834e-04
2.159090909090909e-01, 3.068181818181818e-01, 4.374130130866184e-04
2.386363636363636e-01, 3.068181818181818e-01, 3.627565319233533e-04
2.613636363636364e-01, 3.068181818181818e-01, 2.496630493249923e-04
2.840909090909091e-01, 3.068181818181818e-01, 9.813256529153503e-05
3.068181818181818e-01, 3.068181818181818e-01, -5.339791874192194e-05
3.295454545454545e-01, 3.068181818181818e-01, 3.075609667669756e-05
3.522727272727273e-01, 3.068181818181818e-01, 1.934716119126762e-04
3.750000000000000e-01, 3.068181818181818e-01, 3.561871271486546e-04
3.977272727272727e-01, 3.068181818181818e-01, 3.544814731525535e-04
4.204545454545455e-01, 3.068181818181818e-01, 3.527758191564525e-04
4.431818181818182e-01, 3.068181818181818e-01, 3.288539453512661e-04
4.659090909090909e-01, 3.068181818181818e-01, 2.382834121188237e-04
4.886363636363636e-01, 3.068181818181818e-01, 1.477128788863810e-04
5.113636363636364e-01, 3.068181818181818e-01, -1.400671276666697e-05
5.340909090909091e-01, 3.068181818181818e-01, -2.468753628403206e-04
5.568181818181818e-01, 3.068181818181818e-01, -4.797440129139740e-04
5.795454545454546e-01, 3.068181818181818e-01, -4.126004108002899e-04
6.022727272727273e-01, 3.068181818181818e-01, -2.454527246241596e-04
6.250000000000000e-01, 3.068181818181818e-01, -7.830503844802930e-05
6.477272727272727e-01, 3.068181818181818e-01, -3.947685831497193e-06
6.704545454545454e-01, 3.068181818181818e-01, 7.040966678503488e-05
6.931818181818182e-01, 3.068181818181818e-01, 1.026585280658598e-04
7.159090909090909e-01, 3.068181818181818e-01, 8.581915339563363e-06
7.386363636363636e-01, 3.068181818181818e-01, -8.549469738673307e-05
7.613636363636364e-01, 3.068181818181818e-01, -2.855824060969773e-04
7.840909090909091e-01, 3.068181818181818e-01, -5.916812107911694e-04
8.068181818181818e-01, 3.068181818181818e-01, -8.977800154853614e-04
8.295454545454546e-01, 3.068181818181818e-01, -8.584931235584059e-04
8.522727272727273e-01, 3.068181818181818e-01, -7.040776660910673e-04
8.750000000000000e-01, 3.068181818181818e-01, -5.496622086237287e-04
8.977272727272727e-01, 3.068181818181818e-01, -3.929703191865646e-04
9.204545454545454e-01, 3.068181818181818e-01, -2.362784297494006e-04
9.431818181818182e-01, 3.068181818181818e-01, -1.402350777212950e-04
9.659090909090909e-01, 3.068181818181818e-01, -2.261373379203654e-04
9.886363636363636e-01, 3.068181818181818e-01, -3.120395981194358e-04
1.136363636363636e-02, 3.295454545454545e-01, -5.467402379401694e-05
3.409090909090909e-02, 3.295454545454545e-01, -7.700259509258706e-05
5.681818181818182e-02, 3.295454545454545e-01, -9.933116639115726e-05
7.954545454545454e-02, 3.295454545454545e-01, 2.430944026530962e-05
1.022727272727273e-01, 3.295454545454545e-01, 1.966064395734556e-04
1.250000000000000e-01, 3.295454545454545e-01, 3.689034388816015e-04
1.477272727272727e-01, 3.295454545454545e-01, 3.079647037691793e-04
1.704545454545454e-01, 3.295454545454545e-01, 2.470259686567572e-04
1.931818181818182e-01, 3.295454545454545e-01, 1.565689718805173e-04
2.159090909090909e-01, 3.295454545454545e-01, -2.244280988717589e-05
2.386363636363636e-01, 3.295454545454545e-01, -2.014545916548690e-04
2.613636363636364e-01, 3.295454545454545e-01, -3.387166676728135e-04
2.840909090909091e-01, 3.295454545454545e-01, -4.342290379410100e-04
3.068181818181818e-01, 3.295454545454545e-01, -5.297414082092062e-04
3.295454545454545e-01, 3.295454545454545e-01, -3.943997551932084e-04
3.522727272727273e-01, 3.295454545454545e-01, -1.821067610824788e-04
3.750000000000000e-01, 3.295454545454545e-01, 3.018623302825031e-05
3.977272727272727e-01, 3.295454545454545e-01, 1.993831590898514e-05
4.204545454545455e-01, 3.295454545454545e-01, 9.690398789719960e-06
4.431818181818182e-01, 3.295454545454545e-01, -4.487385577861883e-05
4.659090909090909e-01, 3.295454545454545e-01, -2.323871226941785e-04
4.886363636363636e-01, 3.295454545454545e-01, -4.199003896097387e-04
5.113636363636364e-01, 3.295454545454545e-01, -6.001527747983701e-04
5.340909090909091e-01, 3.295454545454545e-01, -7.731442782600733e-04
5.568181818181818e-01, 3.295454545454545e-01, -9.461357817217765e-04
5.795454545454546e-01, 3.295454545454545e-01, -8.122006411652593e-04
6.022727272727273e-01, 3.295454545454545e-01, -5.759566192693358e-04
6.250000000000000e-01, 3.295454545454545e-01, -3.397125973734122e-04
6.477272727272727e-01, 3.295454545454545e-01, -2.849947570916670e-04
6.704545454545454e-01, 3.295454545454545e-01, -2.302769168099217e-04
6.931818181818182e-01, 3.295454545454545e-01, -2.339788086052077e-04
7.159090909090909e-01, 3.295454545454545e-01, -4.129398966315862e-04
7.386363636363636e-01, 3.295454545454545e-01, -5.919009846579648e-04
7.613636363636364e-01, 3.295454545454545e-01, -8.059628630238016e-04
7.840909090909091e-01, 3.295454545454545e-01, -1.055125531729097e-03
8.068181818181818e-01, 3.295454545454545e-01, -1.304288200434392e-03
8.295454545454546e-01, 3.295454545454545e-01, -1.185033133245913e-03
8.522727272727273e-01, 3.295454545454545e-01, -9.429721540928431e-04
8.750000000000000e-01, 3.295454545454545e-01, -7.009111749397733e-04
8.977272727272727e-01, 3.295454545454545e-01, -5.725676862006980e-04
9.204545454545454e-01, 3.295454545454545e-01, -4.442241974616228e-04
9.431818181818182e-01, 3.295454545454545e-01, -3.857809529049257e-04
9.659090909090909e-01, 3.295454545454545e-01, -5.370384408953626e-04
9.886363636363636e-01, 3.295454545454545e-01, -6.882959288857998e-04
1.136363636363636e-02, 3.522727272727273e-01, -7.628565369716797e-04
3.409090909090909e-02, 3.522727272727273e-01, -7.008660804722164e-04
5.681818181818182e-02, 3.522727272727273e-01, -6.388756239727535e-04
7.954545454545454e-02, 3.522727272727273e-01, -4.658695368413419e-04
1.022727272727273e-01, 3.522727272727273e-01, -2.558582394992811e-04
1.250000000000000e-01, 3.522727272727273e-01, -4.584694215722029e-05
1.477272727272727e-01, 3.522727272727273e-01, -1.101127459053857e-04
1.704545454545454e-01, 3.522727272727273e-01, -1.743785496535511e-04
1.931818181818182e-01, 3.522727272727273e-01, -2.989359911111894e-04
2.159090909090909e-01, 3.522727272727273e-01, -6.043683456972470e-04
2.386363636363636e-01, 3.522727272727273e-01, -9.098007002833046e-04
2.613636363636364e-01, 3.522727272727273e-01, -1.060042290114668e-03
2.840909090909091e-01, 3.522727272727273e-01, -1.055093115191337e-03
3.068181818181818e-01, 3.522727272727273e-01, -1.050143940268006e-03
3.295454545454545e-01, 3.522727272727273e-01, -8.468809460120631e-04
3.522727272727273e-01, 3.522727272727273e-01, -5.775133453119163e-04
3.750000000000000e-01, 3.522727272727273e-01, -3.081457446117701e-04
3.977272727272727e-01, 3.522727272727273e-01, -3.338862045476223e-04
4.204545454545455e-01, 3.522727272727273e-01, -3.596266644834745e-04
4.431818181818182e-01, 3.522727272727273e-01, -4.571896590182191e-04
4.659090909090909e-01, 3.522727272727273e-01, -7.702202573496412e-04
4.886363636363636e-01, 3.522727272727273e-01, -1.083250855681064e-03
5.113636363636364e-01, 3.522727272727273e-01, -1.271032029438375e-03
5.340909090909091e-01, 3.522727272727273e-01, -1.333563778621576e-03
5.568181818181818e-01, 3.522727272727273e-01, -1.396095527804776e-03
5.795454545454546e-01, 3.522727272727273e-01, -1.176654485145111e-03
6.022727272727273e-01, 3.522727272727273e-01, -8.632225118711580e-04
6.250000000000000e-01, 3.522727272727273e-01, -5.497905385972050e-04
6.477272727272727e-01, 3.522727272727273e-01, -5.254265923507039e-04
6.704545454545454e-01, 3.522727272727273e-01, -5.010626461042028e-04
6.931818181818182e-01, 3.522727272727273e-01, -5.559619709355227e-04
7.159090909090909e-01, 3.522727272727273e-01, -8.486511090003029e-04
7.386363636363636e-01, 3.522727272727273e-01, -1.141340247065083e-03
7.613636363636364e-01, 3.522727272727273e-01, -1.356510681737637e-03
7.840909090909091e-01, 3.522727272727273e-01, -1.494162413017964e-03
8.068181818181818e-01, 3.522727272727273e-01, -1.631814144298291e-03
8.295454545454546e-01, 3.522727272727273e-01, -1.413244966701518e-03
8.522727272727273e-01, 3.522727272727273e-01, -1.075935486145713e-03
8.750000000000000e-01, 3.522727272727273e-01, -7.386260055899070e-04
8.977272727272727e-01, 3.522727272727273e-01, -6.553862234294016e-04
9.204545454545454e-01, 3.522727272727273e-01, -5.721464412688961e-04
9.431818181818182e-01, 3.522727272727273e-01, -5.695933805102573e-04
9.659090909090909e-01, 3.522727272727273e-01, -8.091004839572166e-04
9.886363636363636e-01, 3.522727272727273e-01, -1.048607587404176e-03
1.136363636363636e-02, 3.750000000000000e-01, -1.471039050149341e-03
3.409090909090909e-02, 3.750000000000000e-01, -1.324729565851845e-03
5.681818181818182e-02, 3.750000000000000e-01, -1.178420081554348e-03
7.954545454545454e-02, 3.750000000000000e-01, -9.560485139479923e-04
1.022727272727273e-01, 3.750000000000000e-01, -7.083229185720166e-04
1.250000000000000e-01, 3.750000000000000e-01, -4.605973231960410e-04
1.477272727272727e-01, 3.750000000000000e-01, -5.281901955799496e-04
1.704545454545454e-01, 3.750000000000000e-01, -5.957830679638582e-04
1.931818181818182e-01, 3.750000000000000e-01, -7.544409541028951e-04
2.159090909090909e-01, 3.750000000000000e-01, -1.186293881507317e-03
2.386363636363636e-01, 3.750000000000000e-01, -1.618146808911738e-03
2.613636363636364e-01, 3.750000000000000e-01, -1.781367912556520e-03
2.840909090909091e-01, 3.750000000000000e-01, -1.675957192441662e-03
3.068181818181818e-01, 3.750000000000000e-01, -1.570546472326803e-03
3.295454545454545e-01, 3.750000000000000e-01, -1.299362136830917e-03
3.522727272727273e-01, 3.750000000000000e-01, -9.729199295413528e-04
3.750000000000000e-01, 3.750000000000000e-01, -6.464777222517897e-04
3.977272727272727e-01, 3.750000000000000e-01, -6.877107250042288e-04
4.204545454545455e-01, 3.750000000000000e-01, -7.289437277566680e-04
4.431818181818182e-01, 3.750000000000000e-01, -8.695054622578184e-04
4.659090909090909e-01, 3.750000000000000e-01, -1.308053392005102e-03
4.886363636363636e-01, 3.750000000000000e-01, -1.746601321752388e-03
5.113636363636364e-01, 3.750000000000000e-01, -1.941911284078379e-03
5.340909090909091e-01, 3.750000000000000e-01, -1.893983278983077e-03
5.568181818181818e-01, 3.750000000000000e-01, -1.846055273887775e-03
5.795454545454546e-01, 3.750000000000000e-01, -1.541108329124961e-03
6.022727272727273e-01, 3.750000000000000e-01, -1.150488404472979e-03
6.250000000000000e-01, 3.750000000000000e-01, -7.598684798209973e-04
6.477272727272727e-01, 3.750000000000000e-01, -7.658584276097403e-04
6.704545454545454e-01, 3.750000000000000e-01, -7.718483753984832e-04
6.931818181818182e-01, 3.750000000000000e-01, -8.779451332658370e-04
7.159090909090909e-01, 3.750000000000000e-01, -1.284362321369019e-03
7.386363636363636e-01, 3.750000000000000e-01, -1.690779509472200e-03
7.613636363636364e-01, 3.750000000000000e-01, -1.907058500451471e-03
7.840909090909091e-01, 3.750000000000000e-01, -1.933199294306830e-03
8.068181818181818e-01, 3.750000000000000e-01, -1.959340088162190e-03
8.295454545454546e-01, 3.750000000000000e-01, -1.641456800157123e-03
8.522727272727273e-01, 3.750000000000000e-01, -1.208898818198582e-03
8.750000000000000e-01, 3.750000000000000e-01, -7.763408362400406e-04
8.977272727272727e-01, 3.750000000000000e-01, -7.382047606581050e-04
9.204545454545454e-01, 3.750000000000000e-01, -7.000686850761693e-04
9.431818181818182e-01, 3.750000000000000e-01, -7.534058081155885e-04
9.659090909090909e-01, 3.750000000000000e-01, -1.081162527019070e-03
9.886363636363636e-01, 3.750000000000000e-01, -1.408919245922551e-03
1.136363636363636e-02, 3.977272727272727e-01, -1.544010839797301e-03
3.409090909090909e-02, 3.977272727272727e-01, -1.289249072086125e-03
5.681818181818182e-02, 3.977272727272727e-01, -1.034487304374948e-03
7.954545454545454e-02, 3.977272727272727e-01, -8.277060639614668e-04
1.022727272727273e-01, 3.977272727272727e-01, -6.369183326472176e-04
1.250000000000000e-01, 3.977272727272727e-01, -4.461306013329686e-04
1.477272727272727e-01, 3.977272727272727e-01, -5.600015611855123e-04
1.704545454545454e-01, 3.977272727272727e-01, -6.738725210380557e-04
1.931818181818182e-01, 3.977272727272727e-01, -8.483473953042628e-04
2.159090909090909e-01, 3.977272727272727e-01, -1.204634012811460e-03
2.386363636363636e-01, 3.977272727272727e-01, -1.560920630318657e-03
2.613636363636364e-01, 3.977272727272727e-01, -1.629359948470308e-03
2.840909090909091e-01, 3.977272727272727e-01, -1.409951967266413e-03
3.068181818181818e-01, 3.977272727272727e-01, -1.190543986062519e-03
3.295454545454545e-01, 3.977272727272727e-01, -9.381564244157319e-04
3.522727272727273e-01, 3.977272727272727e-01, -6.747756692879807e-04
3.750000000000000e-01, 3.977272727272727e-01, -4.113949141602300e-04
3.977272727272727e-01, 3.977272727272727e-01, -4.376340977299640e-04
4.204545454545455e-01, 3.977272727272727e-01, -4.638732812996981e-04
4.431818181818182e-01, 3.977272727272727e-01, -5.849471875065422e-04
4.659090909090909e-01, 3.977272727272727e-01, -9.905252616247170e-04
4.886363636363636e-01, 3.977272727272727e-01, -1.396103335742893e-03
5.113636363636364e-01, 3.977272727272727e-01, -1.520391493586706e-03
5.340909090909091e-01, 3.977272727272727e-01, -1.363389735156156e-03
5.568181818181818e-01, 3.977272727272727e-01, -1.206387976725606e-03
5.795454545454546e-01, 3.977272727272727e-01, -9.166786618411812e-04
6.022727272727273e-01, 3.977272727272727e-01, -5.827334948054661e-04
6.250000000000000e-01, 3.977272727272727e-01, -2.487883277697512e-04
6.477272727272727e-01, 3.977272727272727e-01, -2.508882804753505e-04
6.704545454545454e-01, 3.977272727272727e-01, -2.529882331809499e-04
6.931818181818182e-01, 3.977272727272727e-01, -3.409906485353972e-04
7.159090909090909e-01, 3.977272727272727e-01, -6.867004518363853e-04
7.386363636363636e-01, 3.977272727272727e-01, -1.032410255137374e-03
7.613636363636364e-01, 3.977272727272727e-01, -1.170898256431437e-03
7.840909090909091e-01, 3.977272727272727e-01, -1.102164455718576e-03
8.068181818181818e-01, 3.977272727272727e-01, -1.033430655005715e-03
8.295454545454546e-01, 3.977272727272727e-01, -7.757039739798565e-04
8.522727272727273e-01, 3.977272727272727e-01, -4.549796661829996e-04
8.750000000000000e-01, 3.977272727272727e-01, -1.342553583861429e-04
8.977272727272727e-01, 3.977272727272727e-01, -1.177890707300444e-04
9.204545454545454e-01, 3.977272727272727e-01, -1.013227830739460e-04
9.431818181818182e-01, 3.977272727272727e-01, -1.501027269855984e-04
9.659090909090909e-01, 3.977272727272727e-01, -3.946213656005010e-04
9.886363636363636e-01, 3.977272727272727e-01, -6.391400042154038e-04
1.136363636363636e-02, 4.204545454545455e-01, -1.616982629445262e-03
3.409090909090909e-02, 4.204545454545455e-01, -1.253768578320404e-03
5.681818181818182e-02, 4.204545454545455e-01, -8.905545271955471e-04
7.954545454545454e-02, 4.204545454545455e-01, -6.993636139749409e-04
1.022727272727273e-01, 4.204545454545455e-01, -5.655137467224185e-04
1.250000000000000e-01, 4.204545454545455e-01, -4.316638794698962e-04
1.477272727272727e-01, 4.204545454545455e-01, -5.918129267910750e-04
1.704545454545454e-01, 4.204545454545455e-01, -7.519619741122536e-04
1.931818181818182e-01, 4.204545454545455e-01, -9.422538365056309e-04
2.159090909090909e-01, 4.204545454545455e-01, -1.222974144115604e-03
2.386363636363636e-01, 4.204545454545455e-01, -1.503694451725576e-03
2.613636363636364e-01, 4.204545454545455e-01, -1.477351984384096e-03
2.840909090909091e-01, 4.204545454545455e-01, -1.143946742091164e-03
3.068181818181818e-01, 4.204545454545455e-01, -8.105414997982328e-04
3.295454545454545e-01, 4.204545454545455e-01, -5.769507120005464e-04
3.522727272727273e-01, 4.204545454545455e-01, -3.766314090346079e-04
3.750000000000000e-01, 4.204545454545455e-01, -1.763121060686698e-04
3.977272727272727e-01, 4.204545454545455e-01, -1.875574704556986e-04
4.204545454545455e-01, 4.204545454545455e-01, -1.988028348427275e-04
4.431818181818182e-01, 4.204545454545455e-01, -3.003889127552654e-04
4.659090909090909e-01, 4.204545454545455e-01, -6.729971312443311e-04
4.886363636363636e-01, 4.204545454545455e-01, -1.045605349733397e-03
5.113636363636364e-01, 4.204545454545455e-01, -1.098871703095031e-03
5.340909090909091e-01, 4.204545454545455e-01, -8.327961913292335e-04
5.568181818181818e-01, 4.204545454545455e-01, -5.667206795634358e-04
5.795454545454546e-01, 4.204545454545455e-01, -2.922489945573992e-04
6.022727272727273e-01, 4.204545454545455e-01, -1.497858513795151e-05
6.250000000000000e-01, 4.204545454545455e-01, 2.622918242814961e-04
6.477272727272727e-01, 4.204545454545455e-01, 2.640818666590405e-04
6.704545454545454e-01, 4.204545454545455e-01, 2.658719090365848e-04
6.931818181818182e-01, 4.204545454545455e-01, 1.959638361950439e-04
7.159090909090909e-01, 4.204545454545455e-01, -8.903858230375068e-05
7.386363636363636e-01, 4.204545454545455e-01, -3.740410008025453e-04
7.613636363636364e-01, 4.204545454545455e-01, -4.347380124114016e-04
7.840909090909091e-01, 4.204545454545455e-01, -2.711296171303197e-04
8.068181818181818e-01, 4.204545454545455e-01, -1.075212218492378e-04
8.295454545454546e-01, 4.204545454545455e-01, 9.004885219741253e-05
8.522727272727273e-01, 4.204545454545455e-01, 2.989394858325845e-04
8.750000000000000e-01, 4.204545454545455e-01, 5.078301194677565e-04
8.977272727272727e-01, 4.204545454545455e-01, 5.026266191980176e-04
9.204545454545454e-01, 4.204545454545455e-01, 4.974231189282787e-04
9.431818181818182e-01, 4.204545454545455e-01, 4.532003541443932e-04
9.659090909090909e-01, 4.204545454545455e-01, 2.919197958180695e-04
9.886363636363636e-01, 4.204545454545455e-01, 1.306392374917457e-04
1.136363636363636e-02, 4.431818181818182e-01, -1.428316540182701e-03
3.409090909090909e-02, 4.431818181818182e-01, -1.021224746479061e-03
5.681818181818182e-02, 4.431818181818182e-01, -6.141329527754213e-04
7.954545454545454e-02, 4.431818181818182e-01, -4.551335237507737e-04
1.022727272727273e-01, 4.431818181818182e-01, -3.788315496191236e-04
1.250000000000000e-01, 4.431818181818182e-01, -3.025295754874735e-04
1.477272727272727e-01, 4.431818181818182e-01, -4.780174016434195e-04
1.704545454545454e-01, 4.431818181818182e-01, -6.535052277993656e-04
1.931818181818182e-01, 4.431818181818182e-01, -8.348147977974061e-04
2.159090909090909e-01, 4.431818181818182e-01, -1.033589599321730e-03
2.386363636363636e-01, 4.431818181818182e-01, -1.232364400846054e-03
2.613636363636364e-01, 4.431818181818182e-01, -1.143300273862897e-03
2.840909090909091e-01, 4.431818181818182e-01, -7.663972183722576e-04
3.068181818181818e-01, 4.431818181818182e-01, -3.894941628816197e-04
3.295454545454545e-01, 4.431818181818182e-01, -2.005405278063981e-04
3.522727272727273e-01, 4.431818181818182e-01, -7.423669953631509e-05
3.750000000000000e-01, 4.431818181818182e-01, 5.206712873376763e-05
3.977272727272727e-01, 4.431818181818182e-01, 6.223488523929710e-05
4.204545454545455e-01, 4.431818181818182e-01, 7.240264174482659e-05
4.431818181818182e-01, 4.431818181818182e-01, 1.624741811285450e-06
4.659090909090909e-01, 4.431818181818182e-01, -3.119901274394676e-04
4.886363636363636e-01, 4.431818181818182e-01, -6.256049966902212e-04
5.113636363636364e-01, 4.431818181818182e-01, -6.289165144704361e-04
5.340909090909091e-01, 4.431818181818182e-01, -3.219246807801126e-04
5.568181818181818e-01, 4.431818181818182e-01, -1.493284708978922e-05
5.795454545454546e-01, 4.431818181818182e-01, 2.068016898216986e-04
6.022727272727273e-01, 4.431818181818182e-01, 4.001171278069062e-04
6.250000000000000e-01, 4.431818181818182e-01, 5.934325657921140e-04
6.477272727272727e-01, 4.431818181818182e-01, 6.142741158592150e-04
6.704545454545454e-01, 4.431818181818182e-01, 6.351156659263161e-04
6.931818181818182e-01, 4.431818181818182e-01, 5.972075814635641e-04
7.159090909090909e-01, 4.431818181818182e-01, 3.830505934112555e-04
7.386363636363636e-01, 4.431818181818182e-01, 1.688936053589467e-04
7.613636363636364e-01, 4.431818181818182e-01, 1.619802084368726e-04
7.840909090909091e-01, 4.431818181818182e-01, 3.623104026450329e-04
8.068181818181818e-01, 4.431818181818182e-01, 5.626405968531934e-04
8.295454545454546e-01, 4.431818181818182e-01, 6.770655822327518e-04
8.522727272727273e-01, 4.431818181818182e-01, 7.628554980027753e-04
8.750000000000000e-01, 4.431818181818182e-01, 8.486454137727991e-04
8.977272727272727e-01, 4.431818181818182e-01, 8.499857752341788e-04
9.204545454545454e-01, 4.431818181818182e-01, 8.513261366955587e-04
9.431818181818182e-01, 4.431818181818182e-01, 8.316187336405384e-04
9.659090909090909e-01, 4.431818181818182e-01, 7.487680370363188e-04
9.886363636363636e-01, 4.431818181818182e-01, 6.659173404320990e-04
1.136363636363636e-02, 4.659090909090909e-01, -4.547368141885771e-04
3.409090909090909e-02, 4.659090909090909e-01, -1.974909004108482e-04
5.681818181818182e-02, 4.659090909090909e-01, 5.975501336688075e-05
7.954545454545454e-02, 4.659090909090909e-01, 1.367594871863186e-04
1.022727272727273e-01, 4.659090909090909e-01, 1.536834810196593e-04
1.250000000000000e-01, 4.659090909090909e-01, 1.706074748530000e-04
1.477272727272727e-01, 4.659090909090909e-01, 7.259879576389008e-05
1.704545454545454e-01, 4.659090909090909e-01, -2.540988332521985e-05
1.931818181818182e-01, 4.659090909090909e-01, -1.233393193604031e-04
2.159090909090909e-01, 4.659090909090909e-01, -2.210310262338058e-04
2.386363636363636e-01, 4.659090909090909e-01, -3.187227331072085e-04
2.613636363636364e-01, 4.659090909090909e-01, -2.631173240367322e-04
2.840909090909091e-01, 4.659090909090909e-01, -5.421479902237685e-05
3.068181818181818e-01, 4.659090909090909e-01, 1.546877259919782e-04
3.295454545454545e-01, 4.659090909090909e-01, 2.214830717246409e-04
3.522727272727273e-01, 4.659090909090909e-01, 2.409093576967396e-04
3.750000000000000e-01, 4.659090909090909e-01, 2.603356436688381e-04
3.977272727272727e-01, 4.659090909090909e-01, 3.111744261964854e-04
4.204545454545455e-01, 4.659090909090909e-01, 3.620132087241330e-04
4.431818181818182e-01, 4.659090909090909e-01, 3.560045358236609e-04
4.659090909090909e-01, 4.659090909090909e-01, 1.794534966388304e-04
4.886363636363636e-01, 4.659090909090909e-01, 2.902457453999465e-06
5.113636363636364e-01, 4.659090909090909e-01, -1.365513144707442e-05
5.340909090909091e-01, 4.659090909090909e-01, 1.297807299356083e-04
5.568181818181818e-01, 4.659090909090909e-01, 2.732165913182909e-04
5.795454545454546e-01, 4.659090909090909e-01, 3.297154254867488e-04
6.022727272727273e-01, 4.659090909090909e-01, 3.572352505837978e-04
6.250000000000000e-01, 4.659090909090909e-01, 3.847550756808468e-04
6.477272727272727e-01, 4.659090909090909e-01, 4.701326712567435e-04
6.704545454545454e-01, 4.659090909090909e-01, 5.555102668326402e-04
6.931818181818182e-01, 4.659090909090909e-01, 5.913191083463262e-04
7.159090909090909e-01, 4.659090909090909e-01, 4.784216876733805e-04
7.386363636363636e-01, 4.659090909090909e-01, 3.655242670004348e-04
7.613636363636364e-01, 4.659090909090909e-01, 3.403723597698683e-04
7.840909090909091e-01, 4.659090909090909e-01, 4.029659659816807e-04
8.068181818181818e-01, 4.659090909090909e-01, 4.655595721934932e-04
8.295454545454546e-01, 4.659090909090909e-01, 4.278740238423091e-04
8.522727272727273e-01, 4.659090909090909e-01, 3.567620906367926e-04
8.750000000000000e-01, 4.659090909090909e-01, 2.856501574312761e-04
8.977272727272727e-01, 4.659090909090909e-01, 3.781753295946428e-04
9.204545454545454e-01, 4.659090909090909e-01, 4.707005017580096e-04
9.431818181818182e-01, 4.659090909090909e-01, 5.353830082351497e-04
9.659090909090909e-01, 4.659090909090909e-01, 5.165375176536096e-04
9.886363636363636e-01, 4.659090909090909e-01, 4.976920270720696e-04
1.136363636363636e-02, 4.886363636363636e-01, 5.188429118055490e-04
3.409090909090909e-02, 4.886363636363636e-01, 6.262429456573667e-04
5.681818181818182e-02, 4.886363636363636e-01, 7.336429795091843e-04
7.954545454545454e-02, 4.886363636363636e-01, 7.286524981234123e-04
1.022727272727273e-01, 4.886363636363636e-01, 6.861985116584434e-04
1.250000000000000e-01, 4.886363636363636e-01, 6.437445251934747e-04
1.477272727272727e-01, 4.886363636363636e-01, 6.232149931712011e-04
1.704545454545454e-01, 4.886363636363636e-01, 6.026854611489274e-04
1.931818181818182e-01, 4.886363636363636e-01, 5.881361590766017e-04
2.159090909090909e-01, 4.886363636363636e-01, 5.915275468541203e-04
2.386363636363636e-01, 4.886363636363636e-01, 5.949189346316388e-04
2.613636363636364e-01, 4.886363636363636e-01, 6.170656257894339e-04
2.840909090909091e-01, 4.886363636363636e-01, 6.579676203275058e-04
3.068181818181818e-01, 4.886363636363636e-01, 6.988696148655775e-04
3.295454545454545e-01, 4.886363636363636e-01, 6.435066712556810e-04
3.522727272727273e-01, 4.886363636363636e-01, 5.560554149297949e-04
3.750000000000000e-01, 4.886363636363636e-01, 4.686041586039092e-04
3.977272727272727e-01, 4.886363636363636e-01, 5.601139671536745e-04
4.204545454545455e-01, 4.886363636363636e-01, 6.516237757034401e-04
4.431818181818182e-01, 4.886363636363636e-01, 7.103843298360371e-04
4.659090909090909e-01, 4.886363636363636e-01, 6.708971207171294e-04
4.886363636363636e-01, 4.886363636363636e-01, 6.314099115982217e-04
5.113636363636364e-01, 4.886363636363636e-01, 6.016062515762886e-04
5.340909090909091e-01, 4.886363636363636e-01, 5.814861406513302e-04
5.568181818181818e-01, 4.886363636363636e-01, 5.613660297263719e-04
5.795454545454546e-01, 4.886363636363636e-01, 4.526291611517992e-04
6.022727272727273e-01, 4.886363636363636e-01, 3.143533733606892e-04
6.250000000000000e-01, 4.886363636363636e-01, 1.760775855695792e-04
6.477272727272727e-01, 4.886363636363636e-01, 3.259912266542717e-04
6.704545454545454e-01, 4.886363636363636e-01, 4.759048677389642e-04
6.931818181818182e-01, 4.886363636363636e-01, 5.854306352290883e-04
7.159090909090909e-01, 4.886363636363636e-01, 5.737927819355059e-04
7.386363636363636e-01, 4.886363636363636e-01, 5.621549286419233e-04
7.613636363636364e-01, 4.886363636363636e-01, 5.187645111028643e-04
7.840909090909091e-01, 4.886363636363636e-01, 4.436215293183286e-04
8.068181818181818e-01, 4.886363636363636e-01, 3.684785475337929e-04
8.295454545454546e-01, 4.886363636363636e-01, 1.786824654518655e-04
8.522727272727273e-01, 4.886363636363636e-01, -4.933131672919137e-05
8.750000000000000e-01, 4.886363636363636e-01, -2.773450989102482e-04
8.977272727272727e-01, 4.886363636363636e-01, -9.363511604489449e-05
9.204545454545454e-01, 4.886363636363636e-01, 9.007486682045932e-05
9.431818181818182e-01, 4.886363636363636e-01, 2.391472828297601e-04
9.659090909090909e-01, 4.886363636363636e-01, 2.843069982709000e-04
9.886363636363636e-01, 4.886363636363636e-01, 3.294667137120399e-04
1.136363636363636e-02, 5.113636363636364e-01, 7.541953582708288e-04
3.409090909090909e-02, 5.113636363636364e-01, 7.098152079374895e-04
5.681818181818182e-02, 5.113636363636364e-01, 6.654350576041500e-04
7.954545454545454e-02, 5.113636363636364e-01, 6.446059318939330e-04
1.022727272727273e-01, 5.113636363636364e-01, 6.316271477247567e-04
1.250000000000000e-01, 5.113636363636364e-01, 6.186483635555806e-04
1.477272727272727e-01, 5.113636363636364e-01, 6.584525188829096e-04
1.704545454545454e-01, 5.113636363636364e-01, 6.982566742102388e-04
1.931818181818182e-01, 5.113636363636364e-01, 7.310345702330540e-04
2.159090909090909e-01, 5.113636363636364e-01, 7.427336883423276e-04
2.386363636363636e-01, 5.113636363636364e-01, 7.544328064516010e-04
2.613636363636364e-01, 5.113636363636364e-01, 7.002902534808264e-04
2.840909090909091e-01, 5.113636363636364e-01, 5.803060294300036e-04
3.068181818181818e-01, 5.113636363636364e-01, 4.603218053791809e-04
3.295454545454545e-01, 5.113636363636364e-01, 3.785186402103044e-04
3.522727272727273e-01, 5.113636363636364e-01, 3.094424946687434e-04
3.750000000000000e-01, 5.113636363636364e-01, 2.403663491271825e-04
3.977272727272727e-01, 5.113636363636364e-01, 3.704006469443742e-04
4.204545454545455e-01, 5.113636363636364e-01, 5.004349447615662e-04
4.431818181818182e-01, 5.113636363636364e-01, 5.961459669204701e-04
4.659090909090909e-01, 5.113636363636364e-01, 5.888871621045107e-04
4.886363636363636e-01, 5.113636363636364e-01, 5.816283572885511e-04
5.113636363636364e-01, 5.113636363636364e-01, 4.883910683246962e-04
5.340909090909091e-01, 5.113636363636364e-01, 3.091752952129455e-04
5.568181818181818e-01, 5.113636363636364e-01, 1.299595221011950e-04
5.795454545454546e-01, 5.113636363636364e-01, -1.895563978943727e-05
6.022727272727273e-01, 5.113636363636364e-01, -1.577705979396957e-04
6.250000000000000e-01, 5.113636363636364e-01, -2.965855560899540e-04
6.477272727272727e-01, 5.113636363636364e-01, -9.382848367102696e-05
6.704545454545454e-01, 5.113636363636364e-01, 1.089285887479001e-04
6.931818181818182e-01, 5.113636363636364e-01, 2.623215840841391e-04
7.159090909090909e-01, 5.113636363636364e-01, 2.676223481723117e-04
7.386363636363636e-01, 5.113636363636364e-01, 2.729231122604844e-04
7.613636363636364e-01, 5.113636363636364e-01, 1.650922930142681e-04
7.840909090909091e-01, 5.113636363636364e-01, -5.587010956633733e-05
8.068181818181818e-01, 5.113636363636364e-01, -2.768325121469427e-04
8.295454545454546e-01, 5.113636363636364e-01, -4.947119134013514e-04
8.522727272727273e-01, 5.113636363636364e-01, -7.115636475470265e-04
8.750000000000000e-01, 5.113636363636364e-01, -9.284153816927016e-04
8.977272727272727e-01, 5.113636363636364e-01, -6.715614584315761e-04
9.204545454545454e-01, 5.113636363636364e-01, -4.147075351704505e-04
9.431818181818182e-01, 5.113636363636364e-01, -2.110752875918194e-04
9.659090909090909e-01, 5.113636363636364e-01, -1.671080670606738e-04
9.886363636363636e-01, 5.113636363636364e-01, -1.231408465295282e-04
1.136363636363636e-02, 5.340909090909091e-01, 2.513205252072647e-04
3.409090909090909e-02, 5.340909090909091e-01, 5.322588642952204e-05
5.681818181818182e-02, 5.340909090909091e-01, -1.448687523482208e-04
7.954545454545454e-02, 5.340909090909091e-01, -1.153802115021177e-04
1.022727272727273e-01, 5.340909090909091e-01, -1.003061078139937e-05
1.250000000000000e-01, 5.340909090909091e-01, 9.531898993931878e-05
1.477272727272727e-01, 5.340909090909091e-01, 1.783113728990174e-04
1.704545454545454e-01, 5.340909090909091e-01, 2.613037558587160e-04
1.931818181818182e-01, 5.340909090909091e-01, 3.053559141089556e-04
2.159090909090909e-01, 5.340909090909091e-01, 2.325873982308179e-04
2.386363636363636e-01, 5.340909090909091e-01, 1.598188823526803e-04
2.613636363636364e-01, 5.340909090909091e-01, -1.344344096255269e-05
2.840909090909091e-01, 5.340909090909091e-01, -2.871995717148817e-04
3.068181818181818e-01, 5.340909090909091e-01, -5.609557024672102e-04
3.295454545454545e-01, 5.340909090909091e-01, -5.734810214114874e-04
3.522727272727273e-01, 5.340909090909091e-01, -4.989294030864144e-04
3.750000000000000e-01, 5.340909090909091e-01, -4.243777847613414e-04
3.977272727272727e-01, 5.340909090909091e-01, -2.579655344314149e-04
4.204545454545455e-01, 5.340909090909091e-01, -9.155328410148796e-05
4.431818181818182e-01, 5.340909090909091e-01, 1.328944707696056e-05
4.659090909090909e-01, 5.340909090909091e-01, -6.657637919902496e-05
4.886363636363636e-01, 5.340909090909091e-01, -1.464422054750107e-04
5.113636363636364e-01, 5.340909090909091e-01, -3.533006812018506e-04
5.340909090909091e-01, 5.340909090909091e-01, -6.871518063795448e-04
5.568181818181818e-01, 5.340909090909091e-01, -1.021002931557239e-03
5.795454545454546e-01, 5.340909090909091e-01, -1.085038977336961e-03
6.022727272727273e-01, 5.340909090909091e-01, -1.059136663317357e-03
6.250000000000000e-01, 5.340909090909091e-01, -1.033234349297753e-03
6.477272727272727e-01, 5.340909090909091e-01, -7.893264597191525e-04
6.704545454545454e-01, 5.340909090909091e-01, -5.454185701405522e-04
6.931818181818182e-01, 5.340909090909091e-01, -3.780080450885214e-04
7.159090909090909e-01, 5.340909090909091e-01, -4.400896136162014e-04
7.386363636363636e-01, 5.340909090909091e-01, -5.021711821438815e-04
7.613636363636364e-01, 5.340909090909091e-01, -7.206442944959199e-04
7.840909090909091e-01, 5.340909090909091e-01, -1.095508950672317e-03
8.068181818181818e-01, 5.340909090909091e-01, -1.470373606848714e-03
8.295454545454546e-01, 5.340909090909091e-01, -1.592309112717342e-03
8.522727272727273e-01, 5.340909090909091e-01, -1.629934901816714e-03
8.750000000000000e-01, 5.340909090909091e-01, -1.667560690916085e-03
8.977272727272727e-01, 5.340909090909091e-01, -1.355603697565403e-03
9.204545454545454e-01, 5.340909090909091e-01, -1.043646704214721e-03
9.431818181818182e-01, 5.340909090909091e-01, -8.152847030295896e-04
9.659090909090909e-01, 5.340909090909091e-01, -8.377076783411123e-04
9.886363636363636e-01, 5.340909090909091e-01, -8.601306536526348e-04
1.136363636363636e-02, 5.568181818181818e-01, -2.515543078562994e-04
3.409090909090909e-02, 5.568181818181818e-01, -6.033634350784454e-04
5.681818181818182e-02, 5.568181818181818e-01, -9.551725623005913e-04
7.954545454545454e-02, 5.568181818181818e-01, -8.753663548981685e-04
1.022727272727273e-01, 5.568181818181818e-01, -6.516883692875557e-04
1.250000000000000e-01, 5.568181818181818e-01, -4.280103836769430e-04
1.477272727272727e-01, 5.568181818181818e-01, -3.018297730848749e-04
1.704545454545454e-01, 5.568181818181818e-01, -1.756491624928068e-04
1.931818181818182e-01, 5.568181818181818e-01, -1.203227420151428e-04
2.159090909090909e-01, 5.568181818181818e-01, -2.775588918806917e-04
2.386363636363636e-01, 5.568181818181818e-01, -4.347950417462406e-04
2.613636363636364e-01, 5.568181818181818e-01, -7.271771354059320e-04
2.840909090909091e-01, 5.568181818181818e-01, -1.154705172859767e-03
3.068181818181818e-01, 5.568181818181818e-01, -1.582233210313601e-03
3.295454545454545e-01, 5.568181818181818e-01, -1.525480683033280e-03
3.522727272727273e-01, 5.568181818181818e-01, -1.307301300841572e-03
3.750000000000000e-01, 5.568181818181818e-01, -1.089121918649866e-03
3.977272727272727e-01, 5.568181818181818e-01, -8.863317158072038e-04
4.204545454545455e-01, 5.568181818181818e-01, -6.835415129645421e-04
4.431818181818182e-01, 5.568181818181818e-01, -5.695670727665489e-04
4.659090909090909e-01, 5.568181818181818e-01, -7.220399205025605e-04
4.886363636363636e-01, 5.568181818181818e-01, -8.745127682385726e-04
5.113636363636364e-01, 5.568181818181818e-01, -1.194992430728397e-03
5.340909090909091e-01, 5.568181818181818e-01, -1.683478907972035e-03
5.568181818181818e-01, 5.568181818181818e-01, -2.171965385215674e-03
5.795454545454546e-01, 5.568181818181818e-01, -2.151122314884484e-03
6.022727272727273e-01, 5.568181818181818e-01, -1.960502728695018e-03
6.250000000000000e-01, 5.568181818181818e-01, -1.769883142505552e-03
6.477272727272727e-01, 5.568181818181818e-01, -1.484824435767278e-03
6.704545454545454e-01, 5.568181818181818e-01, -1.199765729029004e-03
6.931818181818182e-01, 5.568181818181818e-01, -1.018337674261182e-03
7.159090909090909e-01, 5.568181818181818e-01, -1.147801575404715e-03
7.386363636363636e-01, 5.568181818181818e-01, -1.277265476548248e-03
7.613636363636364e-01, 5.568181818181818e-01, -1.606380882006108e-03
7.840909090909091e-01, 5.568181818181818e-01, -2.135147791778297e-03
8.068181818181818e-01, 5.568181818181818e-01, -2.663914701550485e-03
8.295454545454546e-01, 5.568181818181818e-01, -2.689906312033333e-03
8.522727272727273e-01, 5.568181818181818e-01, -2.548306156086401e-03
8.750000000000000e-01, 5.568181818181818e-01, -2.406706000139469e-03
8.977272727272727e-01, 5.568181818181818e-01, -2.039645936699230e-03
9.204545454545454e-01, 5.568181818181818e-01, -1.672585873258992e-03
9.431818181818182e-01, 5.568181818181818e-01, -1.419494118467360e-03
9.659090909090909e-01, 5.568181818181818e-01, -1.508307289621551e-03
9.886363636363636e-01, 5.568181818181818e-01, -1.597120460775742e-03
1.136363636363636e-02, 5.795454545454546e-01, -1.193311216203805e-03
3.409090909090909e-02, 5.795454545454546e-01, -1.444962610922605e-03
5.681818181818182e-02, 5.795454545454546e-01, -1.696614005641404e-03
7.954545454545454e-02, 5.795454545454546e-01, -1.526919405650636e-03
1.022727272727273e-01, 5.795454545454546e-01, -1.216776140756679e-03
1.250000000000000e-01, 5.795454545454546e-01, -9.066328758627212e-04
1.477272727272727e-01, 5.795454545454546e-01, -8.200840281613233e-04
1.704545454545454e-01, 5.795454545454546e-01, -7.335351804599254e-04
1.931818181818182e-01, 5.795454545454546e-01, -7.391056739211999e-04
2.159090909090909e-01, 5.795454545454546e-01, -1.021034190870492e-03
2.386363636363636e-01, 5.795454545454546e-01, -1.302962707819784e-03
2.613636363636364e-01, 5.795454545454546e-01, -1.609782729482284e-03
2.840909090909091e-01, 5.795454545454546e-01, -1.941494255857994e-03
3.068181818181818e-01, 5.795454545454546e-01, -2.273205782233703e-03
3.295454545454545e-01, 5.795454545454546e-01, -2.108760585515651e-03
3.522727272727273e-01, 5.795454545454546e-01, -1.778929814433010e-03
3.750000000000000e-01, 5.795454545454546e-01, -1.449099043350371e-03
3.977272727272727e-01, 5.795454545454546e-01, -1.287871778865567e-03
4.204545454545455e-01, 5.795454545454546e-01, -1.126644514380763e-03
4.431818181818182e-01, 5.795454545454546e-01, -1.070556531633016e-03
4.659090909090909e-01, 5.795454545454546e-01, -1.329886394096438e-03
4.886363636363636e-01, 5.795454545454546e-01, -1.589216256559860e-03
5.113636363636364e-01, 5.795454545454546e-01, -1.922624026923415e-03
5.340909090909091e-01, 5.795454545454546e-01, -2.330109705187104e-03
5.568181818181818e-01, 5.795454545454546e-01, -2.737595383450791e-03
5.795454545454546e-01, 5.795454545454546e-01, -2.593521155178223e-03
6.022727272727273e-01, 5.795454545454546e-01, -2.265593624726903e-03
6.250000000000000e-01, 5.795454545454546e-01, -1.937666094275582e-03
6.477272727272727e-01, 5.795454545454546e-01, -1.691015101314633e-03
6.704545454545454e-01, 5.795454545454546e-01, -1.444364108353683e-03
6.931818181818182e-01, 5.795454545454546e-01, -1.312327216707279e-03
7.159090909090909e-01, 5.795454545454546e-01, -1.524132629004512e-03
7.386363636363636e-01, 5.795454545454546e-01, -1.735938041301745e-03
7.613636363636364e-01, 5.795454545454546e-01, -2.078957902955538e-03
7.840909090909091e-01, 5.795454545454546e-01, -2.553192213965893e-03
8.068181818181818e-01, 5.795454545454546e-01, -3.027426524976247e-03
8.295454545454546e-01, 5.795454545454546e-01, -2.918989118571849e-03
8.522727272727273e-01, 5.795454545454546e-01, -2.616327806362533e-03
8.750000000000000e-01, 5.795454545454546e-01, -2.313666494153219e-03
8.977272727272727e-01, 5.795454545454546e-01, -1.975591642038475e-03
9.204545454545454e-01, 5.795454545454546e-01, -1.637516789923730e-03
9.431818181818182e-01, 5.795454545454546e-01, -1.418354523930216e-03
9.659090909090909e-01, 5.795454545454546e-01, -1.555930016300395e-03
9.886363636363636e-01, 5.795454545454546e-01, -1.693505508670574e-03
1.136363636363636e-02, 6.022727272727273e-01, -2.281362149645953e-03
3.409090909090909e-02, 6.022727272727273e-01, -2.348231738212156e-03
5.681818181818182e-02, 6.022727272727273e-01, -2.415101326778359e-03
7.954545454545454e-02, 6.022727272727273e-01, -2.142328092188572e-03
1.022727272727273e-01, 6.022727272727273e-01, -1.756340583213454e-03
1.250000000000000e-01, 6.022727272727273e-01, -1.370353074238335e-03
1.477272727272727e-01, 6.022727272727273e-01, -1.351042652935287e-03
1.704545454545454e-01, 6.022727272727273e-01, -1.331732231632239e-03
1.931818181818182e-01, 6.022727272727273e-01, -1.422256697754573e-03
2.159090909090909e-01, 6.022727272727273e-01, -1.842285826153051e-03
2.386363636363636e-01, 6.022727272727273e-01, -2.262314954551529e-03
2.613636363636364e-01, 6.022727272727273e-01, -2.548678956769622e-03
2.840909090909091e-01, 6.022727272727273e-01, -2.701377832807330e-03
3.068181818181818e-01, 6.022727272727273e-01, -2.854076708845037e-03
3.295454545454545e-01, 6.022727272727273e-01, -2.569133901618210e-03
3.522727272727273e-01, 6.022727272727273e-01, -2.138310533303205e-03
3.750000000000000e-01, 6.022727272727273e-01, -1.707487164988200e-03
3.977272727272727e-01, 6.022727272727273e-01, -1.613803135818119e-03
4.204545454545455e-01, 6.022727272727273e-01, -1.520119106648037e-03
4.431818181818182e-01, 6.022727272727273e-01, -1.544256970173799e-03
4.659090909090909e-01, 6.022727272727273e-01, -1.921860511787092e-03
4.886363636363636e-01, 6.022727272727273e-01, -2.299464053400385e-03
5.113636363636364e-01, 6.022727272727273e-01, -2.612235572007919e-03
5.340909090909091e-01, 6.022727272727273e-01, -2.860175067609693e-03
5.568181818181818e-01, 6.022727272727273e-01, -3.108114563211466e-03
5.795454545454546e-01, 6.022727272727273e-01, -2.828025163054031e-03
6.022727272727273e-01, 6.022727272727273e-01, -2.371926130976859e-03
6.250000000000000e-01, 6.022727272727273e-01, -1.915827098899687e-03
6.477272727272727e-01, 6.022727272727273e-01, -1.734103330028394e-03
6.704545454545454e-01, 6.022727272727273e-01, -1.552379561157101e-03
6.931818181818182e-01, 6.022727272727273e-01, -1.490870063577852e-03
7.159090909090909e-01, 6.022727272727273e-01, -1.790003379874734e-03
7.386363636363636e-01, 6.022727272727273e-01, -2.089136696171615e-03
7.613636363636364e-01, 6.022727272727273e-01, -2.413815068384712e-03
7.840909090909091e-01, 6.022727272727273e-01, -2.764038496514023e-03
8.068181818181818e-01, 6.022727272727273e-01, -3.114261924643336e-03
8.295454545454546e-01, 6.022727272727273e-01, -2.858567127517870e-03
8.522727272727273e-01, 6.022727272727273e-01, -2.400899588640813e-03
8.750000000000000e-01, 6.022727272727273e-01, -1.943232049763755e-03
8.977272727272727e-01, 6.022727272727273e-01, -1.662171836112856e-03
9.204545454545454e-01, 6.022727272727273e-01, -1.381111622461957e-03
9.431818181818182e-01, 6.022727272727273e-01, -1.215431926068101e-03
9.659090909090909e-01, 6.022727272727273e-01, -1.395893781445373e-03
9.886363636363636e-01, 6.022727272727273e-01, -1.576355636822646e-03
1.136363636363636e-02, 6.250000000000000e-01, -3.369413083088100e-03
3.409090909090909e-02, 6.250000000000000e-01, -3.251500865501708e-03
5.681818181818182e-02, 6.250000000000000e-01, -3.133588647915314e-03
7.954545454545454e-02, 6.250000000000000e-01, -2.757736778726507e-03
1.022727272727273e-01, 6.250000000000000e-01, -2.295905025670228e-03
1.250000000000000e-01, 6.250000000000000e-01, -1.834073272613949e-03
1.477272727272727e-01, 6.250000000000000e-01, -1.882001277709251e-03
1.704545454545454e-01, 6.250000000000000e-01, -1.929929282804553e-03
1.931818181818182e-01, 6.250000000000000e-01, -2.105407721587946e-03
2.159090909090909e-01, 6.250000000000000e-01, -2.663537461435610e-03
2.386363636363636e-01, 6.250000000000000e-01, -3.221667201283275e-03
2.613636363636364e-01, 6.250000000000000e-01, -3.487575184056960e-03
2.840909090909091e-01, 6.250000000000000e-01, -3.461261409756665e-03
3.068181818181818e-01, 6.250000000000000e-01, -3.434947635456371e-03
3.295454545454545e-01, 6.250000000000000e-01, -3.029507217720770e-03
3.522727272727273e-01, 6.250000000000000e-01, -2.497691252173399e-03
3.750000000000000e-01, 6.250000000000000e-01, -1.965875286626030e-03
3.977272727272727e-01, 6.250000000000000e-01, -1.939734492770670e-03
4.204545454545455e-01, 6.250000000000000e-01, -1.913593698915311e-03
4.431818181818182e-01, 6.250000000000000e-01, -2.017957408714582e-03
4.659090909090909e-01, 6.250000000000000e-01, -2.513834629477745e-03
4.886363636363636e-01, 6.250000000000000e-01, -3.009711850240910e-03
5.113636363636364e-01, 6.250000000000000e-01, -3.301847117092422e-03
5.340909090909091e-01, 6.250000000000000e-01, -3.390240430032282e-03
5.568181818181818e-01, 6.250000000000000e-01, -3.478633742972142e-03
5.795454545454546e-01, 6.250000000000000e-01, -3.062529170929838e-03
6.022727272727273e-01, 6.250000000000000e-01, -2.478258637226814e-03
6.250000000000000e-01, 6.250000000000000e-01, -1.893988103523791e-03
6.477272727272727e-01, 6.250000000000000e-01, -1.777191558742155e-03
6.704545454545454e-01, 6.250000000000000e-01, -1.660395013960519e-03
6.931818181818182e-01, 6.250000000000000e-01, -1.669412910448426e-03
7.159090909090909e-01, 6.250000000000000e-01, -2.055874130744956e-03
7.386363636363636e-01, 6.250000000000000e-01, -2.442335351041486e-03
7.613636363636364e-01, 6.250000000000000e-01, -2.748672233813886e-03
7.840909090909091e-01, 6.250000000000000e-01, -2.974884779062155e-03
8.068181818181818e-01, 6.250000000000000e-01, -3.201097324310424e-03
8.295454545454546e-01, 6.250000000000000e-01, -2.798145136463891e-03
8.522727272727273e-01, 6.250000000000000e-01, -2.185471370919091e-03
8.750000000000000e-01, 6.250000000000000e-01, -1.572797605374292e-03
8.977272727272727e-01, 6.250000000000000e-01, -1.348752030187238e-03
9.204545454545454e-01, 6.250000000000000e-01, -1.124706455000184e-03
9.431818181818182e-01, 6.250000000000000e-01, -1.012509328205985e-03
9.659090909090909e-01, 6.250000000000000e-01, -1.235857546590351e-03
9.886363636363636e-01, 6.250000000000000e-01, -1.459205764974718e-03
1.136363636363636e-02, 6.477272727272727e-01, -2.991558348673504e-03
3.409090909090909e-02, 6.477272727272727e-01, -2.694520830033587e-03
5.681818181818182e-02, 6.477272727272727e-01, -2.397483311393670e-03
7.954545454545454e-02, 6.477272727272727e-01, -2.007927642293039e-03
1.022727272727273e-01, 6.477272727272727e-01, -1.587532589705503e-03
1.250000000000000e-01, 6.477272727272727e-01, -1.167137537117968e-03
1.477272727272727e-01, 6.477272727272727e-01, -1.197637176724070e-03
1.704545454545454e-01, 6.477272727272727e-01, -1.228136816330171e-03
1.931818181818182e-01, 6.477272727272727e-01, -1.391734826933384e-03
2.159090909090909e-01, 6.477272727272727e-01, -1.954627950527935e-03
2.386363636363636e-01, 6.477272727272727e-01, -2.517521074122485e-03
2.613636363636364e-01, 6.477272727272727e-01, -2.686735244978466e-03
2.840909090909091e-01, 6.477272727272727e-01, -2.462270463095878e-03
3.068181818181818e-01, 6.477272727272727e-01, -2.237805681213291e-03
3.295454545454545e-01, 6.477272727272727e-01, -1.862557716759450e-03
3.522727272727273e-01, 6.477272727272727e-01, -1.437048691448523e-03
3.750000000000000e-01, 6.477272727272727e-01, -1.011539666137597e-03
3.977272727272727e-01, 6.477272727272727e-01, -1.013847353137519e-03
4.204545454545455e-01, 6.477272727272727e-01, -1.016155040137440e-03
4.431818181818182e-01, 6.477272727272727e-01, -1.113809849727020e-03
4.659090909090909e-01, 6.477272727272727e-01, -1.497506027085573e-03
4.886363636363636e-01, 6.477272727272727e-01, -1.881202204444128e-03
5.113636363636364e-01, 6.477272727272727e-01, -2.057635096350242e-03
5.340909090909091e-01, 6.477272727272727e-01, -2.026804702803917e-03
5.568181818181818e-01, 6.477272727272727e-01, -1.995974309257592e-03
5.795454545454546e-01, 6.477272727272727e-01, -1.682450683937324e-03
6.022727272727273e-01, 6.477272727272727e-01, -1.274695981359076e-03
6.250000000000000e-01, 6.477272727272727e-01, -8.669412787808286e-04
6.477272727272727e-01, 6.477272727272727e-01, -8.369537223139268e-04
6.704545454545454e-01, 6.477272727272727e-01, -8.069661658470250e-04
6.931818181818182e-01, 6.477272727272727e-01, -8.485958156824493e-04
7.159090909090909e-01, 6.477272727272727e-01, -1.105077084424848e-03
7.386363636363636e-01, 6.477272727272727e-01, -1.361558353167247e-03
7.613636363636364e-01, 6.477272727272727e-01, -1.534331247098068e-03
7.840909090909091e-01, 6.477272727272727e-01, -1.623395766217312e-03
8.068181818181818e-01, 6.477272727272727e-01, -1.712460285336555e-03
8.295454545454546e-01, 6.477272727272727e-01, -1.447280311063932e-03
8.522727272727273e-01, 6.477272727272727e-01, -1.064018838994021e-03
8.750000000000000e-01, 6.477272727272727e-01, -6.807573669241097e-04
8.977272727272727e-01, 6.477272727272727e-01, -6.124754556190975e-04
9.204545454545454e-01, 6.477272727272727e-01, -5.441935443140850e-04
9.431818181818182e-01, 6.477272727272727e-01, -5.193705665859458e-04
9.659090909090909e-01, 6.477272727272727e-01, -6.249243895884257e-04
9.886363636363636e-01, 6.477272727272727e-01, -7.304782125909055e-04
1.136363636363636e-02, 6.704545454545454e-01, -2.613703614258907e-03
3.409090909090909e-02, 6.704545454545454e-01, -2.137540794565466e-03
5.681818181818182e-02, 6.704545454545454e-01, -1.661377974872025e-03
7.954545454545454e-02, 6.704545454545454e-01, -1.258118505859571e-03
1.022727272727273e-01, 6.704545454545454e-01, -8.791601537407789e-04
1.250000000000000e-01, 6.704545454545454e-01, -5.002018016219872e-04
1.477272727272727e-01, 6.704545454545454e-01, -5.132730757388879e-04
1.704545454545454e-01, 6.704545454545454e-01, -5.263443498557885e-04
1.931818181818182e-01, 6.704545454545454e-01, -6.780619322788229e-04
2.159090909090909e-01, 6.704545454545454e-01, -1.245718439620259e-03
2.386363636363636e-01, 6.704545454545454e-01, -1.813374946961695e-03
2.613636363636364e-01, 6.704545454545454e-01, -1.885895305899973e-03
2.840909090909091e-01, 6.704545454545454e-01, -1.463279516435092e-03
3.068181818181818e-01, 6.704545454545454e-01, -1.040663726970212e-03
3.295454545454545e-01, 6.704545454545454e-01, -6.956082157981306e-04
3.522727272727273e-01, 6.704545454545454e-01, -3.764061307236474e-04
3.750000000000000e-01, 6.704545454545454e-01, -5.720404564916499e-05
3.977272727272727e-01, 6.704545454545454e-01, -8.796021350436733e-05
4.204545454545455e-01, 6.704545454545454e-01, -1.187163813595698e-04
4.431818181818182e-01, 6.704545454545454e-01, -2.096622907394576e-04
4.659090909090909e-01, 6.704545454545454e-01, -4.811774246934016e-04
4.886363636363636e-01, 6.704545454545454e-01, -7.526925586473461e-04
5.113636363636364e-01, 6.704545454545454e-01, -8.134230756080629e-04
5.340909090909091e-01, 6.704545454545454e-01, -6.633689755755526e-04
5.568181818181818e-01, 6.704545454545454e-01, -5.133148755430422e-04
5.795454545454546e-01, 6.704545454545454e-01, -3.023721969448098e-04
6.022727272727273e-01, 6.704545454545454e-01, -7.113332549133787e-05
6.250000000000000e-01, 6.704545454545454e-01, 1.601055459621340e-04
6.477272727272727e-01, 6.704545454545454e-01, 1.032841141143014e-04
6.704545454545454e-01, 6.704545454545454e-01, 4.646268226646890e-05
6.931818181818182e-01, 6.704545454545454e-01, -2.777872091647306e-05
7.159090909090909e-01, 6.704545454545454e-01, -1.542800381047410e-04
7.386363636363636e-01, 6.704545454545454e-01, -2.807813552930088e-04
7.613636363636364e-01, 6.704545454545454e-01, -3.199902603822514e-04
7.840909090909091e-01, 6.704545454545454e-01, -2.719067533724685e-04
8.068181818181818e-01, 6.704545454545454e-01, -2.238232463626857e-04
8.295454545454546e-01, 6.704545454545454e-01, -9.641548566397256e-05
8.522727272727273e-01, 6.704545454545454e-01, 5.743369293105007e-05
8.750000000000000e-01, 6.704545454545454e-01, 2.112828715260725e-04
8.977272727272727e-01, 6.704545454545454e-01, 1.238011189490434e-04
9.204545454545454e-01, 6.704545454545454e-01, 3.631936637201426e-05
9.431818181818182e-01, 6.704545454545454e-01, -2.623180496590617e-05
9.659090909090909e-01, 6.704545454545454e-01, -1.399123258649966e-05
9.886363636363636e-01, 6.704545454545454e-01, -1.750660207093180e-06
1.136363636363636e-02, 6.931818181818182e-01, -2.043521385899660e-03
3.409090909090909e-02, 6.931818181818182e-01, -1.498682964692840e-03
5.681818181818182e-02, 6.931818181818182e-01, -9.538445434860210e-04
7.954545454545454e-02, 6.931818181818182e-01, -6.004863472226850e-04
1.022727272727273e-01, 6.931818181818182e-01, -3.109548926071768e-04
1.250000000000000e-01, 6.931818181818182e-01, -2.142343799166882e-05
1.477272727272727e-01, 6.931818181818182e-01, -3.104975448576951e-06
1.704545454545454e-01, 6.931818181818182e-01, 1.521348709451490e-05
1.931818181818182e-01, 6.931818181818182e-01, -9.877110401153565e-05
2.159090909090909e-01, 6.931818181818182e-01, -6.096648560650141e-04
2.386363636363636e-01, 6.931818181818182e-01, -1.120558608118493e-03
2.613636363636364e-01, 6.931818181818182e-01, -1.124636902887191e-03
2.840909090909091e-01, 6.931818181818182e-01, -6.218997403711074e-04
3.068181818181818e-01, 6.931818181818182e-01, -1.191625778550254e-04
3.295454545454545e-01, 6.931818181818182e-01, 1.435069667472083e-04
3.522727272727273e-01, 6.931818181818182e-01, 3.261539720448264e-04
3.750000000000000e-01, 6.931818181818182e-01, 5.088009773424441e-04
3.977272727272727e-01, 6.931818181818182e-01, 4.863369639486633e-04
4.204545454545455e-01, 6.931818181818182e-01, 4.638729505548825e-04
4.431818181818182e-01, 6.931818181818182e-01, 4.069791925335878e-04
4.659090909090909e-01, 6.931818181818182e-01, 2.467962006297508e-04
4.886363636363636e-01, 6.931818181818182e-01, 8.661320872591355e-05
5.113636363636364e-01, 6.931818181818182e-01, 1.049497314446834e-04
5.340909090909091e-01, 6.931818181818182e-01, 3.018057687860601e-04
5.568181818181818e-01, 6.931818181818182e-01, 4.986618061274368e-04
5.795454545454546e-01, 6.931818181818182e-01, 5.829634067673360e-04
6.022727272727273e-01, 6.931818181818182e-01, 6.297468618400753e-04
6.250000000000000e-01, 6.931818181818182e-01, 6.765303169128147e-04
6.477272727272727e-01, 6.931818181818182e-01, 5.945594889108674e-04
6.704545454545454e-01, 6.931818181818182e-01, 5.125886609089203e-04
6.931818181818182e-01, 6.931818181818182e-01, 4.480681721177927e-04
7.159090909090909e-01, 6.931818181818182e-01, 4.358987009591250e-04
7.386363636363636e-01, 6.931818181818182e-01, 4.237292298004574e-04
7.613636363636364e-01, 6.931818181818182e-01, 4.747438207771435e-04
7.840909090909091e-01, 6.931818181818182e-01, 5.889424738891834e-04
8.068181818181818e-01, 6.931818181818182e-01, 7.031411270012231e-04
8.295454545454546e-01, 6.931818181818182e-01, 6.815338402046266e-04
8.522727272727273e-01, 6.931818181818182e-01, 6.146579067718180e-04
8.750000000000000e-01, 6.931818181818182e-01, 5.477819733390094e-04
8.977272727272727e-01, 6.931818181818182e-01, 3.923136055479340e-04
9.204545454545454e-01, 6.931818181818182e-01, 2.368452377568590e-04
9.431818181818182e-01, 6.931818181818182e-01, 1.481190887913681e-04
9.659090909090909e-01, 6.931818181818182e-01, 2.596195963026307e-04
9.886363636363636e-01, 6.931818181818182e-01, 3.711201038138934e-04
1.136363636363636e-02, 7.159090909090909e-01, -8.963566757064763e-04
3.409090909090909e-02, 7.159090909090909e-01, -6.141917516067144e-04
5.681818181818182e-02, 7.159090909090909e-01, -3.320268275069523e-04
7.954545454545454e-02, 7.159090909090909e-01, -2.193851219755568e-04
1.022727272727273e-01, 7.159090909090909e-01, -1.632511559669500e-04
1.250000000000000e-01, 7.159090909090909e-01, -1.071171899583433e-04
1.477272727272727e-01, 7.159090909090909e-01, -1.552487724288463e-05
1.704545454545454e-01, 7.159090909090909e-01, 7.606743547257391e-05
1.931818181818182e-01, 7.159090909090909e-01, 7.737352509391989e-05
2.159090909090909e-01, 7.159090909090909e-01, -1.921790545670726e-04
2.386363636363636e-01, 7.159090909090909e-01, -4.617316342280650e-04
2.613636363636364e-01, 7.159090909090909e-01, -4.821231080715545e-04
2.840909090909091e-01, 7.159090909090909e-01, -2.533534760975410e-04
3.068181818181818e-01, 7.159090909090909e-01, -2.458384412352796e-05
3.295454545454545e-01, 7.159090909090909e-01, -8.808059554051856e-07
3.522727272727273e-01, 7.159090909090909e-01, -4.553329905591262e-05
3.750000000000000e-01, 7.159090909090909e-01, -9.018579215641995e-05
3.977272727272727e-01, 7.159090909090909e-01, 5.864254861327690e-06
4.204545454545455e-01, 7.159090909090909e-01, 1.019143018790755e-04
4.431818181818182e-01, 7.159090909090909e-01, 1.611024486630762e-04
4.659090909090909e-01, 7.159090909090909e-01, 1.097048947458358e-04
4.886363636363636e-01, 7.159090909090909e-01, 5.830734082859546e-05
5.113636363636364e-01, 7.159090909090909e-01, 4.580489742911888e-05
5.340909090909091e-01, 7.159090909090909e-01, 7.219756454740599e-05
5.568181818181818e-01, 7.159090909090909e-01, 9.859023166569310e-05
5.795454545454546e-01, 7.159090909090909e-01, -1.592963936163035e-05
6.022727272727273e-01, 7.159090909090909e-01, -1.774203564374905e-04
6.250000000000000e-01, 7.159090909090909e-01, -3.389110735133504e-04
6.477272727272727e-01, 7.159090909090909e-01, -2.610525211875543e-04
6.704545454545454e-01, 7.159090909090909e-01, -1.831939688617579e-04
6.931818181818182e-01, 7.159090909090909e-01, -1.109955400430758e-04
7.159090909090909e-01, 7.159090909090909e-01, -5.577748174573740e-05
7.386363636363636e-01, 7.159090909090909e-01, -5.594234483989504e-07
7.613636363636364e-01, 7.159090909090909e-01, 1.065718526726493e-05
7.840909090909091e-01, 7.159090909090909e-01, -2.212765559874576e-05
8.068181818181818e-01, 7.159090909090909e-01, -5.491249646475638e-05
8.295454545454546e-01, 7.159090909090909e-01, -2.592633325208578e-04
8.522727272727273e-01, 7.159090909090909e-01, -5.208028336403217e-04
8.750000000000000e-01, 7.159090909090909e-01, -7.823423347597855e-04
8.977272727272727e-01, 7.159090909090909e-01, -7.424661717609210e-04
9.204545454545454e-01, 7.159090909090909e-01, -7.025900087620564e-04
9.431818181818182e-01, 7.159090909090909e-01, -6.338936210396509e-04
9.659090909090909e-01, 7.159090909090909e-01, -4.787365591466243e-04
9.886363636363636e-01, 7.159090909090909e-01, -3.235794972535977e-04
1.136363636363636e-02, 7.386363636363636e-01, 2.508080344867074e-04
3.409090909090909e-02, 7.386363636363636e-01, 2.702994614794118e-04
5.681818181818182e-02, 7.386363636363636e-01, 2.897908884721161e-04
7.954545454545454e-02, 7.386363636363636e-01, 1.617161032715714e-04
1.022727272727273e-01, 7.386363636363636e-01, -1.554741932672323e-05
1.250000000000000e-01, 7.386363636363636e-01, -1.928109419250178e-04
1.477272727272727e-01, 7.386363636363636e-01, -2.794477903719233e-05
1.704545454545454e-01, 7.386363636363636e-01, 1.369213838506329e-04
1.931818181818182e-01, 7.386363636363636e-01, 2.535181541993754e-04
2.159090909090909e-01, 7.386363636363636e-01, 2.253067469308689e-04
2.386363636363636e-01, 7.386363636363636e-01, 1.970953396623624e-04
2.613636363636364e-01, 7.386363636363636e-01, 1.603906867440813e-04
2.840909090909091e-01, 7.386363636363636e-01, 1.151927881760253e-04
3.068181818181818e-01, 7.386363636363636e-01, 6.999488960796946e-05
3.295454545454545e-01, 7.386363636363636e-01, -1.452685786580187e-04
3.522727272727273e-01, 7.386363636363636e-01, -4.172205701566516e-04
3.750000000000000e-01, 7.386363636363636e-01, -6.891725616552840e-04
3.977272727272727e-01, 7.386363636363636e-01, -4.746084542260080e-04
4.204545454545455e-01, 7.386363636363636e-01, -2.600443467967315e-04
4.431818181818182e-01, 7.386363636363636e-01, -8.477429520743548e-05
4.659090909090909e-01, 7.386363636363636e-01, -2.738641113807915e-05
4.886363636363636e-01, 7.386363636363636e-01, 3.000147293127732e-05
5.113636363636364e-01, 7.386363636363636e-01, -1.333993658644570e-05
5.340909090909091e-01, 7.386363636363636e-01, -1.574106396912481e-04
5.568181818181818e-01, 7.386363636363636e-01, -3.014813427960505e-04
5.795454545454546e-01, 7.386363636363636e-01, -6.148226854905969e-04
6.022727272727273e-01, 7.386363636363636e-01, -9.845875747150560e-04
6.250000000000000e-01, 7.386363636363636e-01, -1.354352463939515e-03
6.477272727272727e-01, 7.386363636363636e-01, -1.116664531285976e-03
6.704545454545454e-01, 7.386363636363636e-01, -8.789765986324362e-04
6.931818181818182e-01, 7.386363636363636e-01, -6.700592522039444e-04
7.159090909090909e-01, 7.386363636363636e-01, -5.474536644505998e-04
7.386363636363636e-01, 7.386363636363636e-01, -4.248480766972552e-04
7.613636363636364e-01, 7.386363636363636e-01, -4.534294502426136e-04
7.840909090909091e-01, 7.386363636363636e-01, -6.331977850866748e-04
8.068181818181818e-01, 7.386363636363636e-01, -8.129661199307361e-04
8.295454545454546e-01, 7.386363636363636e-01, -1.200060505246342e-03
8.522727272727273e-01, 7.386363636363636e-01, -1.656263574052461e-03
8.750000000000000e-01, 7.386363636363636e-01, -2.112466642858581e-03
8.977272727272727e-01, 7.386363636363636e-01, -1.877245949069776e-03
9.204545454545454e-01, 7.386363636363636e-01, -1.642025255280972e-03
9.431818181818182e-01, 7.386363636363636e-01, -1.415906330870670e-03
9.659090909090909e-01, 7.386363636363636e-01, -1.217092714595879e-03
9.886363636363636e-01, 7.386363636363636e-01, -1.018279098321089e-03
1.136363636363636e-02, 7.613636363636364e-01, 2.629321014574536e-04
3.409090909090909e-02, 7.613636363636364e-01, 5.884598225265199e-05
5.681818181818182e-02, 7.613636363636364e-01, -1.452401369521497e-04
7.954545454545454e-02, 7.613636363636364e-01, -3.330492606551096e-04
1.022727272727273e-01, 7.613636363636364e-01, -5.154327191907886e-04
1.250000000000000e-01, 7.613636363636364e-01, -6.978161777264678e-04
1.477272727272727e-01, 7.613636363636364e-01, -4.785048276584458e-04
1.704545454545454e-01, 7.613636363636364e-01, -2.591934775904241e-04
1.931818181818182e-01, 7.613636363636364e-01, -8.633417408745827e-05
2.159090909090909e-01, 7.613636363636364e-01, -5.283101027966144e-05
2.386363636363636e-01, 7.613636363636364e-01, -1.932784647186465e-05
2.613636363636364e-01, 7.613636363636364e-01, -1.376028108603615e-04
2.840909090909091e-01, 7.613636363636364e-01, -4.076559034451525e-04
3.068181818181818e-01, 7.613636363636364e-01, -6.777089960299429e-04
3.295454545454545e-01, 7.613636363636364e-01, -9.439182849356796e-04
3.522727272727273e-01, 7.613636363636364e-01, -1.208846305948399e-03
3.750000000000000e-01, 7.613636363636364e-01, -1.473774326961118e-03
3.977272727272727e-01, 7.613636363636364e-01, -1.179307795374127e-03
4.204545454545455e-01, 7.613636363636364e-01, -8.848412637871360e-04
4.431818181818182e-01, 7.613636363636364e-01, -6.496001800253733e-04
4.659090909090909e-01, 7.613636363636364e-01, -5.920354397392937e-04
4.886363636363636e-01, 7.613636363636364e-01, -5.344706994532139e-04
5.113636363636364e-01, 7.613636363636364e-01, -6.619589274518290e-04
5.340909090909091e-01, 7.613636363636364e-01, -9.745001237351389e-04
5.568181818181818e-01, 7.613636363636364e-01, -1.287041320018448e-03
5.795454545454546e-01, 7.613636363636364e-01, -1.627609928542692e-03
6.022727272727273e-01, 7.613636363636364e-01, -1.977521007813912e-03
6.250000000000000e-01, 7.613636363636364e-01, -2.327432087085131e-03
6.477272727272727e-01, 7.613636363636364e-01, -1.980472144828716e-03
6.704545454545454e-01, 7.613636363636364e-01, -1.633512202572301e-03
6.931818181818182e-01, 7.613636363636364e-01, -1.346681570035457e-03
7.159090909090909e-01, 7.613636363636364e-01, -1.240238866657336e-03
7.386363636363636e-01, 7.613636363636364e-01, -1.133796163279213e-03
7.613636363636364e-01, 7.613636363636364e-01, -1.245886497395973e-03
7.840909090909091e-01, 7.613636363636364e-01, -1.576509869007614e-03
8.068181818181818e-01, 7.613636363636364e-01, -1.907133240619255e-03
8.295454545454546e-01, 7.613636363636364e-01, -2.314518939382025e-03
8.522727272727273e-01, 7.613636363636364e-01, -2.747492080528501e-03
8.750000000000000e-01, 7.613636363636364e-01, -3.180465221674978e-03
8.977272727272727e-01, 7.613636363636364e-01, -2.804606688706754e-03
9.204545454545454e-01, 7.613636363636364e-01, -2.428748155738530e-03
9.431818181818182e-01, 7.613636363636364e-01, -2.102919040271668e-03
9.659090909090909e-01, 7.613636363636364e-01, -1.927178177308899e-03
9.886363636363636e-01, 7.613636363636364e-01, -1.751437314346129e-03
1.136363636363636e-02, 7.840909090909091e-01, -8.599844747942373e-04
3.409090909090909e-02, 7.840909090909091e-01, -1.248552189286994e-03
5.681818181818182e-02, 7.840909090909091e-01, -1.637119903779750e-03
7.954545454545454e-02, 7.840909090909091e-01, -1.703681213755599e-03
1.022727272727273e-01, 7.840909090909091e-01, -1.662907055559147e-03
1.250000000000000e-01, 7.840909090909091e-01, -1.622132897362694e-03
1.477272727272727e-01, 7.840909090909091e-01, -1.367205023106645e-03
1.704545454545454e-01, 7.840909090909091e-01, -1.112277148850597e-03
1.931818181818182e-01, 7.840909090909091e-01, -9.421834597665812e-04
2.159090909090909e-01, 7.840909090909091e-01, -1.026592326198664e-03
2.386363636363636e-01, 7.840909090909091e-01, -1.111001192630746e-03
2.613636363636364e-01, 7.840909090909091e-01, -1.376103600884883e-03
2.840909090909091e-01, 7.840909090909091e-01, -1.821899550961075e-03
3.068181818181818e-01, 7.840909090909091e-01, -2.267695501037265e-03
3.295454545454545e-01, 7.840909090909091e-01, -2.396829924788388e-03
3.522727272727273e-01, 7.840909090909091e-01, -2.420410506431155e-03
3.750000000000000e-01, 7.840909090909091e-01, -2.443991088073922e-03
3.977272727272727e-01, 7.840909090909091e-01, -2.108233768583030e-03
4.204545454545455e-01, 7.840909090909091e-01, -1.772476449092138e-03
4.431818181818182e-01, 7.840909090909091e-01, -1.533375205790737e-03
4.659090909090909e-01, 7.840909090909091e-01, -1.584242191057808e-03
4.886363636363636e-01, 7.840909090909091e-01, -1.635109176324878e-03
5.113636363636364e-01, 7.840909090909091e-01, -1.900052075167031e-03
5.340909090909091e-01, 7.840909090909091e-01, -2.379070887584266e-03
5.568181818181818e-01, 7.840909090909091e-01, -2.858089700001501e-03
5.795454545454546e-01, 7.840909090909091e-01, -3.054291368517916e-03
6.022727272727273e-01, 7.840909090909091e-01, -3.156220655734057e-03
6.250000000000000e-01, 7.840909090909091e-01, -3.258149942950197e-03
6.477272727272727e-01, 7.840909090909091e-01, -2.852475361815775e-03
6.704545454545454e-01, 7.840909090909091e-01, -2.446800780681351e-03
6.931818181818182e-01, 7.840909090909091e-01, -2.140862493537616e-03
7.159090909090909e-01, 7.840909090909091e-01, -2.134133088365944e-03
7.386363636363636e-01, 7.840909090909091e-01, -2.127403683194273e-03
7.613636363636364e-01, 7.840909090909091e-01, -2.366713956192813e-03
7.840909090909091e-01, 7.840909090909091e-01, -2.852063907361563e-03
8.068181818181818e-01, 7.840909090909091e-01, -3.337413858530314e-03
8.295454545454546e-01, 7.840909090909091e-01, -3.602638634927905e-03
8.522727272727273e-01, 7.840909090909091e-01, -3.794488353068442e-03
8.750000000000000e-01, 7.840909090909091e-01, -3.986338071208980e-03
8.977272727272727e-01, 7.840909090909091e-01, -3.524548390671856e-03
9.204545454545454e-01, 7.840909090909091e-01, -3.062758710134732e-03
9.431818181818182e-01, 7.840909090909091e-01, -2.694931749242646e-03
9.659090909090909e-01, 7.840909090909091e-01, -2.608992947285683e-03
9.886363636363636e-01, 7.840909090909091e-01, -2.523054145328720e-03
1.136363636363636e-02, 8.068181818181818e-01, -1.982901051045928e-03
3.409090909090909e-02, 8.068181818181818e-01, -2.555950360826640e-03
5.681818181818182e-02, 8.068181818181818e-01, -3.128999670607351e-03
7.954545454545454e-02, 8.068181818181818e-01, -3.074313166856090e-03
1.022727272727273e-01, 8.068181818181818e-01, -2.810381391927504e-03
1.250000000000000e-01, 8.068181818181818e-01, -2.546449616998920e-03
1.477272727272727e-01, 8.068181818181818e-01, -2.255905218554844e-03
1.704545454545454e-01, 8.068181818181818e-01, -1.965360820110770e-03
1.931818181818182e-01, 8.068181818181818e-01, -1.798032745445704e-03
2.159090909090909e-01, 8.068181818181818e-01, -2.000353642117666e-03
2.386363636363636e-01, 8.068181818181818e-01, -2.202674538789628e-03
2.613636363636364e-01, 8.068181818181818e-01, -2.614604390909404e-03
2.840909090909091e-01, 8.068181818181818e-01, -3.236143198476996e-03
3.068181818181818e-01, 8.068181818181818e-01, -3.857682006044587e-03
3.295454545454545e-01, 8.068181818181818e-01, -3.849741564641097e-03
3.522727272727273e-01, 8.068181818181818e-01, -3.631974706913911e-03
3.750000000000000e-01, 8.068181818181818e-01, -3.414207849186726e-03
3.977272727272727e-01, 8.068181818181818e-01, -3.037159741791933e-03
4.204545454545455e-01, 8.068181818181818e-01, -2.660111634397140e-03
4.431818181818182e-01, 8.068181818181818e-01, -2.417150231556101e-03
4.659090909090909e-01, 8.068181818181818e-01, -2.576448942376322e-03
4.886363636363636e-01, 8.068181818181818e-01, -2.735747653196543e-03
5.113636363636364e-01, 8.068181818181818e-01, -3.138145222882234e-03
5.340909090909091e-01, 8.068181818181818e-01, -3.783641651433393e-03
5.568181818181818e-01, 8.068181818181818e-01, -4.429138079984554e-03
5.795454545454546e-01, 8.068181818181818e-01, -4.480972808493140e-03
6.022727272727273e-01, 8.068181818181818e-01, -4.334920303654202e-03
6.250000000000000e-01, 8.068181818181818e-01, -4.188867798815264e-03
6.477272727272727e-01, 8.068181818181818e-01, -3.724478578802833e-03
6.704545454545454e-01, 8.068181818181818e-01, -3.260089358790402e-03
6.931818181818182e-01, 8.068181818181818e-01, -2.935043417039773e-03
7.159090909090909e-01, 8.068181818181818e-01, -3.028027310074553e-03
7.386363636363636e-01, 8.068181818181818e-01, -3.121011203109334e-03
7.613636363636364e-01, 8.068181818181818e-01, -3.487541414989653e-03
7.840909090909091e-01, 8.068181818181818e-01, -4.127617945715513e-03
8.068181818181818e-01, 8.068181818181818e-01, -4.767694476441372e-03
8.295454545454546e-01, 8.068181818181818e-01, -4.890758330473786e-03
8.522727272727273e-01, 8.068181818181818e-01, -4.841484625608383e-03
8.750000000000000e-01, 8.068181818181818e-01, -4.792210920742981e-03
8.977272727272727e-01, 8.068181818181818e-01, -4.244490092636956e-03
9.204545454545454e-01, 8.068181818181818e-01, -3.696769264530933e-03
9.431818181818182e-01, 8.068181818181818e-01, -3.286944458213625e-03
9.659090909090909e-01, 8.068181818181818e-01, -3.290807717262467e-03
9.886363636363636e-01, 8.068181818181818e-01, -3.294670976311310e-03
1.136363636363636e-02, 8.295454545454546e-01, -3.079689220205785e-03
3.409090909090909e-02, 8.295454545454546e-01, -3.534734772445162e-03
5.681818181818182e-02, 8.295454545454546e-01, -3.989780324684540e-03
7.954545454545454e-02, 8.295454545454546e-01, -3.795693805687283e-03
1.022727272727273e-01, 8.295454545454546e-01, -3.385229929611148e-03
1.250000000000000e-01, 8.295454545454546e-01, -2.974766053535013e-03
1.477272727272727e-01, 8.295454545454546e-01, -2.732878037648811e-03
1.704545454545454e-01, 8.295454545454546e-01, -2.490990021762608e-03
1.931818181818182e-01, 8.295454545454546e-01, -2.389266256588662e-03
2.159090909090909e-01, 8.295454545454546e-01, -2.708035243551489e-03
2.386363636363636e-01, 8.295454545454546e-01, -3.026804230514314e-03
2.613636363636364e-01, 8.295454545454546e-01, -3.451738646256657e-03
2.840909090909091e-01, 8.295454545454546e-01, -3.982838490778518e-03
3.068181818181818e-01, 8.295454545454546e-01, -4.513938335300378e-03
3.295454545454545e-01, 8.295454545454546e-01, -4.347040604782437e-03
3.522727272727273e-01, 8.295454545454546e-01, -3.947477015917896e-03
3.750000000000000e-01, 8.295454545454546e-01, -3.547913427053355e-03
3.977272727272727e-01, 8.295454545454546e-01, -3.204494875170542e-03
4.204545454545455e-01, 8.295454545454546e-01, -2.861076323287727e-03
4.431818181818182e-01, 8.295454545454546e-01, -2.666060683352693e-03
4.659090909090909e-01, 8.295454545454546e-01, -2.916253779260998e-03
4.886363636363636e-01, 8.295454545454546e-01, -3.166446875169304e-03
5.113636363636364e-01, 8.295454545454546e-01, -3.590032559570469e-03
5.340909090909091e-01, 8.295454545454546e-01, -4.187010832464495e-03
5.568181818181818e-01, 8.295454545454546e-01, -4.783989105358520e-03
5.795454545454546e-01, 8.295454545454546e-01, -4.660841249856883e-03
6.022727272727273e-01, 8.295454545454546e-01, -4.297651351556692e-03
6.250000000000000e-01, 8.295454545454546e-01, -3.934461453256500e-03
6.477272727272727e-01, 8.295454545454546e-01, -3.480459746969853e-03
6.704545454545454e-01, 8.295454545454546e-01, -3.026458040683206e-03
6.931818181818182e-01, 8.295454545454546e-01, -2.723657589109335e-03
7.159090909090909e-01, 8.295454545454546e-01, -2.874460901673792e-03
7.386363636363636e-01, 8.295454545454546e-01, -3.025264214238249e-03
7.613636363636364e-01, 8.295454545454546e-01, -3.425069204885211e-03
7.840909090909091e-01, 8.295454545454546e-01, -4.073875873614680e-03
8.068181818181818e-01, 8.295454545454546e-01, -4.722682542344148e-03
8.295454545454546e-01, 8.295454545454546e-01, -4.659967177693148e-03
8.522727272727273e-01, 8.295454545454546e-01, -4.360077801915326e-03
8.750000000000000e-01, 8.295454545454546e-01, -4.060188426137504e-03
8.977272727272727e-01, 8.295454545454546e-01, -3.490432421097432e-03
9.204545454545454e-01, 8.295454545454546e-01, -2.920676416057360e-03
9.431818181818182e-01, 8.295454545454546e-01, -2.498143734877358e-03
9.659090909090909e-01, 8.295454545454546e-01, -2.517281025277572e-03
9.886363636363636e-01, 8.295454545454546e-01, -2.536418315677786e-03
1.136363636363636e-02, 8.522727272727273e-01, -4.167767920335023e-03
3.409090909090909e-02, 8.522727272727273e-01, -4.403981264089970e-03
5.681818181818182e-02, 8.522727272727273e-01, -4.640194607844919e-03
7.954545454545454e-02, 8.522727272727273e-01, -4.300657339762038e-03
1.022727272727273e-01, 8.522727272727273e-01, -3.769203201066549e-03
1.250000000000000e-01, 8.522727272727273e-01, -3.237749062371060e-03
1.477272727272727e-01, 8.522727272727273e-01, -3.072608397958029e-03
1.704545454545454e-01, 8.522727272727273e-01, -2.907467733544998e-03
1.931818181818182e-01, 8.522727272727273e-01, -2.892294509552895e-03
2.159090909090909e-01, 8.522727272727273e-01, -3.327023606823578e-03
2.386363636363636e-01, 8.522727272727273e-01, -3.761752704094263e-03
2.613636363636364e-01, 8.522727272727273e-01, -4.155084056711481e-03
2.840909090909091e-01, 8.522727272727273e-01, -4.507017664675233e-03
3.068181818181818e-01, 8.522727272727273e-01, -4.858951272638984e-03
3.295454545454545e-01, 8.522727272727273e-01, -4.525802111686650e-03
3.522727272727273e-01, 8.522727272727273e-01, -3.964292027762286e-03
3.750000000000000e-01, 8.522727272727273e-01, -3.402781943837924e-03
3.977272727272727e-01, 8.522727272727273e-01, -3.117966395272382e-03
4.204545454545455e-01, 8.522727272727273e-01, -2.833150846706840e-03
4.431818181818182e-01, 8.522727272727273e-01, -2.703349610493026e-03
4.659090909090909e-01, 8.522727272727273e-01, -3.038591311334392e-03
4.886363636363636e-01, 8.522727272727273e-01, -3.373833012175759e-03
5.113636363636364e-01, 8.522727272727273e-01, -3.779851292583045e-03
5.340909090909091e-01, 8.522727272727273e-01, -4.256646152556249e-03
5.568181818181818e-01, 8.522727272727273e-01, -4.733441012529453e-03
5.795454545454546e-01, 8.522727272727273e-01, -4.425105358350128e-03
6.022727272727273e-01, 8.522727272727273e-01, -3.855059532786627e-03
6.250000000000000e-01, 8.522727272727273e-01, -3.285013707223125e-03
6.477272727272727e-01, 8.522727272727273e-01, -2.864433565530193e-03
6.704545454545454e-01, 8.522727272727273e-01, -2.443853423837261e-03
6.931818181818182e-01, 8.522727272727273e-01, -2.177082844034696e-03
7.159090909090909e-01, 8.522727272727273e-01, -2.371740949903239e-03
7.386363636363636e-01, 8.522727272727273e-01, -2.566399055771781e-03
7.613636363636364e-01, 8.522727272727273e-01, -2.968163771813674e-03
7.840909090909091e-01, 8.522727272727273e-01, -3.577035098028917e-03
8.068181818181818e-01, 8.522727272727273e-01, -4.185906424244160e-03
8.295454545454546e-01, 8.522727272727273e-01, -3.922872408803671e-03
8.522727272727273e-01, 8.522727272727273e-01, -3.369203279477937e-03
8.750000000000000e-01, 8.522727272727273e-01, -2.815534150152202e-03
8.977272727272727e-01, 8.522727272727273e-01, -2.245041625056367e-03
9.204545454545454e-01, 8.522727272727273e-01, -1.674549099960531e-03
9.431818181818182e-01, 8.522727272727273e-01, -1.249071867438679e-03
9.659090909090909e-01, 8.522727272727273e-01, -1.258640512638786e-03
9.886363636363636e-01, 8.522727272727273e-01, -1.268209157838893e-03
1.136363636363636e-02, 8.750000000000000e-01, -5.255846620464260e-03
3.409090909090909e-02, 8.750000000000000e-01, -5.273227755734779e-03
5.681818181818182e-02, 8.750000000000000e-01, -5.290608891005296e-03
7.954545454545454e-02, 8.750000000000000e-01, -4.805620873836794e-03
1.022727272727273e-01, 8.750000000000000e-01, -4.153176472521950e-03
1.250000000000000e-01, 8.750000000000000e-01, -3.500732071207107e-03
1.477272727272727e-01, 8.750000000000000e-01, -3.412338758267247e-03
1.704545454545454e-01, 8.750000000000000e-01, -3.323945445327387e-03
1.931818181818182e-01, 8.750000000000000e-01, -3.395322762517127e-03
2.159090909090909e-01, 8.750000000000000e-01, -3.946011970095670e-03
2.386363636363636e-01, 8.750000000000000e-01, -4.496701177674212e-03
2.613636363636364e-01, 8.750000000000000e-01, -4.858429467166304e-03
2.840909090909091e-01, 8.750000000000000e-01, -5.031196838571947e-03
3.068181818181818e-01, 8.750000000000000e-01, -5.203964209977590e-03
3.295454545454545e-01, 8.750000000000000e-01, -4.704563618590863e-03
3.522727272727273e-01, 8.750000000000000e-01, -3.981107039606677e-03
3.750000000000000e-01, 8.750000000000000e-01, -3.257650460622492e-03
3.977272727272727e-01, 8.750000000000000e-01, -3.031437915374223e-03
4.204545454545455e-01, 8.750000000000000e-01, -2.805225370125953e-03
4.431818181818182e-01, 8.750000000000000e-01, -2.740638537633358e-03
4.659090909090909e-01, 8.750000000000000e-01, -3.160928843407786e-03
4.886363636363636e-01, 8.750000000000000e-01, -3.581219149182215e-03
5.113636363636364e-01, 8.750000000000000e-01, -3.969670025595620e-03
5.340909090909091e-01, 8.750000000000000e-01, -4.326281472648004e-03
5.568181818181818e-01, 8.750000000000000e-01, -4.682892919700385e-03
5.795454545454546e-01, 8.750000000000000e-01, -4.189369466843372e-03
6.022727272727273e-01, 8.750000000000000e-01, -3.412467714016562e-03
6.250000000000000e-01, 8.750000000000000e-01, -2.635565961189751e-03
6.477272727272727e-01, 8.750000000000000e-01, -2.248407384090533e-03
6.704545454545454e-01, 8.750000000000000e-01, -1.861248806991315e-03
6.931818181818182e-01, 8.750000000000000e-01, -1.630508098960059e-03
7.159090909090909e-01, 8.750000000000000e-01, -1.869020998132686e-03
7.386363636363636e-01, 8.750000000000000e-01, -2.107533897305314e-03
7.613636363636364e-01, 8.750000000000000e-01, -2.511258338742137e-03
7.840909090909091e-01, 8.750000000000000e-01, -3.080194322443155e-03
8.068181818181818e-01, 8.750000000000000e-01, -3.649130306144173e-03
8.295454545454546e-01, 8.750000000000000e-01, -3.185777639914193e-03
8.522727272727273e-01, 8.750000000000000e-01, -2.378328757040547e-03
8.750000000000000e-01, 8.750000000000000e-01, -1.570879874166901e-03
8.977272727272727e-01, 8.750000000000000e-01, -9.996508290153012e-04
9.204545454545454e-01, 8.750000000000000e-01, -4.284217838637013e-04
9.431818181818182e-01, 8.750000000000000e-01, 0.000000000000000e+00
9.659090909090909e-01, 8.750000000000000e-01, 0.000000000000000e+00
9.886363636363636e-01, 8.750000000000000e-01, 0.000000000000000e+00
1.136363636363636e-02, 8.977272727272727e-01, -4.007145803833444e-03
3.409090909090909e-02, 8.977272727272727e-01, -3.723754910160419e-03
5.681818181818182e-02, 8.977272727272727e-01, -3.440364016487393e-03
7.954545454545454e-02, 8.977272727272727e-01, -3.007018914786920e-03
1.022727272727273e-01, 8.977272727272727e-01, -2.523689077077296e-03
1.250000000000000e-01, 8.977272727272727e-01, -2.040359239367674e-03
1.477272727272727e-01, 8.977272727272727e-01, -2.018816821254341e-03
1.704545454545454e-01, 8.977272727272727e-01, -1.997274403141008e-03
1.931818181818182e-01, 8.977272727272727e-01, -2.077084754722357e-03
2.159090909090909e-01, 8.977272727272727e-01, -2.460953415387756e-03
2.386363636363636e-01, 8.977272727272727e-01, -2.844822076053155e-03
2.613636363636364e-01, 8.977272727272727e-01, -3.057658869760289e-03
2.840909090909091e-01, 8.977272727272727e-01, -3.099463796509157e-03
3.068181818181818e-01, 8.977272727272727e-01, -3.141268723258026e-03
3.295454545454545e-01, 8.977272727272727e-01, -2.798520309469336e-03
3.522727272727273e-01, 8.977272727272727e-01, -2.327587448834793e-03
3.750000000000000e-01, 8.977272727272727e-01, -1.856654588200249e-03
3.977272727272727e-01, 8.977272727272727e-01, -1.784459331431924e-03
4.204545454545455e-01, 8.977272727272727e-01, -1.712264074663599e-03
4.431818181818182e-01, 8.977272727272727e-01, -1.718357271940940e-03
4.659090909090909e-01, 8.977272727272727e-01, -1.959315831355278e-03
4.886363636363636e-01, 8.977272727272727e-01, -2.200274390769618e-03
5.113636363636364e-01, 8.977272727272727e-01, -2.411591312474225e-03
5.340909090909091e-01, 8.977272727272727e-01, -2.593266596469102e-03
5.568181818181818e-01, 8.977272727272727e-01, -2.774941880463979e-03
5.795454545454546e-01, 8.977272727272727e-01, -2.476999329136035e-03
6.022727272727273e-01, 8.977272727272727e-01, -2.019184166033816e-03
6.250000000000000e-01, 8.977272727272727e-01, -1.561369002931599e-03
6.477272727272727e-01, 8.977272727272727e-01, -1.424674592670977e-03
6.704545454545454e-01, 8.977272727272727e-01, -1.287980182410354e-03
6.931818181818182e-01, 8.977272727272727e-01, -1.204780131169518e-03
7.159090909090909e-01, 8.977272727272727e-01, -1.282063156988040e-03
7.386363636363636e-01, 8.977272727272727e-01, -1.359346182806562e-03
7.613636363636364e-01, 8.977272727272727e-01, -1.561422121592372e-03
7.840909090909091e-01, 8.977272727272727e-01, -1.888290973345473e-03
8.068181818181818e-01, 8.977272727272727e-01, -2.215159825098574e-03
8.295454545454546e-01, 8.977272727272727e-01, -1.966459095203701e-03
8.522727272727273e-01, 8.977272727272727e-01, -1.525901838092838e-03
8.750000000000000e-01, 8.977272727272727e-01, -1.085344580981976e-03
8.977272727272727e-01, 8.977272727272727e-01, -8.688235407162124e-04
9.204545454545454e-01, 8.977272727272727e-01, -6.523025004504491e-04
9.431818181818182e-01, 8.977272727272727e-01, -4.622659771100768e-04
9.659090909090909e-01, 8.977272727272727e-01, -3.516830045458807e-04
9.886363636363636e-01, 8.977272727272727e-01, -2.411000319816845e-04
1.136363636363636e-02, 9.204545454545454e-01, -2.758444987202629e-03
3.409090909090909e-02, 9.204545454545454e-01, -2.174282064586059e-03
5.681818181818182e-02, 9.204545454545454e-01, -1.590119141969489e-03
7.954545454545454e-02, 9.204545454545454e-01, -1.208416955737045e-03
1.022727272727273e-01, 9.204545454545454e-01, -8.942016816326430e-04
1.250000000000000e-01, 9.204545454545454e-01, -5.799864075282405e-04
1.477272727272727e-01, 9.204545454545454e-01, -6.252948842414346e-04
1.704545454545454e-01, 9.204545454545454e-01, -6.706033609546289e-04
1.931818181818182e-01, 9.204545454545454e-01, -7.588467469275880e-04
2.159090909090909e-01, 9.204545454545454e-01, -9.758948606798431e-04
2.386363636363636e-01, 9.204545454545454e-01, -1.192942974432098e-03
2.613636363636364e-01, 9.204545454545454e-01, -1.256888272354273e-03
2.840909090909091e-01, 9.204545454545454e-01, -1.167730754446367e-03
3.068181818181818e-01, 9.204545454545454e-01, -1.078573236538462e-03
3.295454545454545e-01, 9.204545454545454e-01, -8.924770003478096e-04
3.522727272727273e-01, 9.204545454545454e-01, -6.740678580629078e-04
3.750000000000000e-01, 9.204545454545454e-01, -4.556587157780068e-04
3.977272727272727e-01, 9.204545454545454e-01, -5.374807474896259e-04
4.204545454545455e-01, 9.204545454545454e-01, -6.193027792012452e-04
4.431818181818182e-01, 9.204545454545454e-01, -6.960760062485217e-04
4.659090909090909e-01, 9.204545454545454e-01, -7.577028193027706e-04
4.886363636363636e-01, 9.204545454545454e-01, -8.193296323570194e-04
5.113636363636364e-01, 9.204545454545454e-01, -8.535125993528294e-04
5.340909090909091e-01, 9.204545454545454e-01, -8.602517202902006e-04
5.568181818181818e-01, 9.204545454545454e-01, -8.669908412275716e-04
5.795454545454546e-01, 9.204545454545454e-01, -7.646291914286958e-04
6.022727272727273e-01, 9.204545454545454e-01, -6.259006180510716e-04
6.250000000000000e-01, 9.204545454545454e-01, -4.871720446734474e-04
6.477272727272727e-01, 9.204545454545454e-01, -6.009418012514205e-04
6.704545454545454e-01, 9.204545454545454e-01, -7.147115578293938e-04
6.931818181818182e-01, 9.204545454545454e-01, -7.790521633789778e-04
7.159090909090909e-01, 9.204545454545454e-01, -6.951053158433932e-04
7.386363636363636e-01, 9.204545454545454e-01, -6.111584683078088e-04
7.613636363636364e-01, 9.204545454545454e-01, -6.115859044426079e-04
7.840909090909091e-01, 9.204545454545454e-01, -6.963876242477907e-04
8.068181818181818e-01, 9.204545454545454e-01, -7.811893440529736e-04
8.295454545454546e-01, 9.204545454545454e-01, -7.471405504932095e-04
8.522727272727273e-01, 9.204545454545454e-01, -6.734749191451298e-04
8.750000000000000e-01, 9.204545454545454e-01, -5.998092877970503e-04
8.977272727272727e-01, 9.204545454545454e-01, -7.379962524171235e-04
9.204545454545454e-01, 9.204545454545454e-01, -8.761832170371968e-04
9.431818181818182e-01, 9.204545454545454e-01, -9.245319542201537e-04
9.659090909090909e-01, 9.204545454545454e-01, -7.033660090917614e-04
9.886363636363636e-01, 9.204545454545454e-01, -4.822000639633689e-04
1.136363636363636e-02, 9.431818181818182e-01, -1.690160194001909e-03
3.409090909090909e-02, 9.431818181818182e-01, -9.789239844012515e-04
5.681818181818182e-02, 9.431818181818182e-01, -2.676877748005940e-04
7.954545454545454e-02, 9.431818181818182e-01, 3.718703841145503e-06
1.022727272727273e-01, 9.431818181818182e-01, 1.285152721632456e-04
1.250000000000000e-01, 9.431818181818182e-01, 2.533118404853456e-04
1.477272727272727e-01, 9.431818181818182e-01, 2.002361998927506e-04
1.704545454545454e-01, 9.431818181818182e-01, 1.471605593001557e-04
1.931818181818182e-01, 9.431818181818182e-01, 8.942359692333321e-05
2.159090909090909e-01, 9.431818181818182e-01, 1.770266919382808e-05
2.386363636363636e-01, 9.431818181818182e-01, -5.401825853567704e-05
2.613636363636364e-01, 9.431818181818182e-01, -1.914277280100011e-05
2.840909090909091e-01, 9.431818181818182e-01, 1.223291263978591e-04
3.068181818181818e-01, 9.431818181818182e-01, 2.638010255967180e-04
3.295454545454545e-01, 9.431818181818182e-01, 2.788664203884836e-04
3.522727272727273e-01, 9.431818181818182e-01, 2.517963137112180e-04
3.750000000000000e-01, 9.431818181818182e-01, 2.247262070339525e-04
3.977272727272727e-01, 9.431818181818182e-01, 8.210403324454256e-05
4.204545454545455e-01, 9.431818181818182e-01, -6.051814054486767e-05
4.431818181818182e-01, 9.431818181818182e-01, -1.467541207323220e-04
4.659090909090909e-01, 9.431818181818182e-01, -6.383152011390968e-05
4.886363636363636e-01, 9.431818181818182e-01, 1.909108050450290e-05
5.113636363636364e-01, 9.431818181818182e-01, 1.019949741943367e-04
5.340909090909091e-01, 9.431818181818182e-01, 1.848801609555921e-04
5.568181818181818e-01, 9.431818181818182e-01, 2.677653477168477e-04
5.795454545454546e-01, 9.431818181818182e-01, 1.748508903440163e-04
6.022727272727273e-01, 9.431818181818182e-01, 2.333655159315652e-05
6.250000000000000e-01, 9.431818181818182e-01, -1.281777871577032e-04
6.477272727272727e-01, 9.431818181818182e-01, -3.654892898359574e-04
6.704545454545454e-01, 9.431818181818182e-01, -6.028007925142114e-04
6.931818181818182e-01, 9.431818181818182e-01, -7.284268223637094e-04
7.159090909090909e-01, 9.431818181818182e-01, -5.189964337269386e-04
7.386363636363636e-01, 9.431818181818182e-01, -3.095660450901678e-04
7.613636363636364e-01, 9.431818181818182e-01, -1.754069820242397e-04
7.840909090909091e-01, 9.431818181818182e-01, -1.165192445291544e-04
8.068181818181818e-01, 9.431818181818182e-01, -5.763150703406905e-05
8.295454545454546e-01, 9.431818181818182e-01, -2.290799890392196e-04
8.522727272727273e-01, 9.431818181818182e-01, -4.773072108777815e-04
8.750000000000000e-01, 9.431818181818182e-01, -7.255344327163433e-04
8.977272727272727e-01, 9.431818181818182e-01, -1.058969340020892e-03
9.204545454545454e-01, 9.431818181818182e-01, -1.392404247325441e-03
9.431818181818182e-01, 9.431818181818182e-01, -1.565614414087830e-03
9.659090909090909e-01, 9.431818181818182e-01, -1.258150359223738e-03
9.886363636363636e-01, 9.431818181818182e-01, -9.506863043596452e-04
1.136363636363636e-02, 9.659090909090909e-01, -1.163123471091495e-03
3.409090909090909e-02, 9.659090909090909e-01, -8.459102003851171e-04
5.681818181818182e-02, 9.659090909090909e-01, -5.286969296787388e-04
7.954545454545454e-02, 9.659090909090909e-01, -5.435445349957267e-04
1.022727272727273e-01, 9.659090909090909e-01, -6.690790989871702e-04
1.250000000000000e-01, 9.659090909090909e-01, -7.946136629786134e-04
1.477272727272727e-01, 9.659090909090909e-01, -6.782052746092317e-04
1.704545454545454e-01, 9.659090909090909e-01, -5.617968862398500e-04
1.931818181818182e-01, 9.659090909090909e-01, -4.722090510572981e-04
2.159090909090909e-01, 9.659090909090909e-01, -4.630828754352365e-04
2.386363636363636e-01, 9.659090909090909e-01, -4.539566998131749e-04
2.613636363636364e-01, 9.659090909090909e-01, -4.704725668059687e-04
2.840909090909091e-01, 9.659090909090909e-01, -5.126304764136180e-04
3.068181818181818e-01, 9.659090909090909e-01, -5.547883860212671e-04
3.295454545454545e-01, 9.659090909090909e-01, -7.538898240309314e-04
3.522727272727273e-01, 9.659090909090909e-01, -1.005305771507935e-03
3.750000000000000e-01, 9.659090909090909e-01, -1.256721718984937e-03
3.977272727272727e-01, 9.659090909090909e-01, -1.180492595645679e-03
4.204545454545455e-01, 9.659090909090909e-01, -1.104263472306420e-03
4.431818181818182e-01, 9.659090909090909e-01, -1.016310375744779e-03
4.659090909090909e-01, 9.659090909090909e-01, -8.931853595159933e-04
4.886363636363636e-01, 9.659090909090909e-01, -7.700603432872067e-04
5.113636363636364e-01, 9.659090909090909e-01, -7.502108709811920e-04
5.340909090909091e-01, 9.659090909090909e-01, -8.336369425979485e-04
5.568181818181818e-01, 9.659090909090909e-01, -9.170630142147049e-04
5.795454545454546e-01, 9.659090909090909e-01, -1.204339195687153e-03
6.022727272727273e-01, 9.659090909090909e-01, -1.559565413778164e-03
6.250000000000000e-01, 9.659090909090909e-01, -1.914791631869175e-03
6.477272727272727e-01, 9.659090909090909e-01, -1.894877618432766e-03
6.704545454545454e-01, 9.659090909090909e-01, -1.874963604996357e-03
6.931818181818182e-01, 9.659090909090909e-01, -1.803109361674251e-03
7.159090909090909e-01, 9.659090909090909e-01, -1.575434428695055e-03
7.386363636363636e-01, 9.659090909090909e-01, -1.347759495715859e-03
7.613636363636364e-01, 9.659090909090909e-01, -1.280199943800059e-03
7.840909090909091e-01, 9.659090909090909e-01, -1.372755772947655e-03
8.068181818181818e-01, 9.659090909090909e-01, -1.465311602095251e-03
8.295454545454546e-01, 9.659090909090909e-01, -1.814793377354731e-03
8.522727272727273e-01, 9.659090909090909e-01, -2.249917134651505e-03
8.750000000000000e-01, 9.659090909090909e-01, -2.685040891948278e-03
8.977272727272727e-01, 9.659090909090909e-01, -2.735343555333219e-03
9.204545454545454e-01, 9.659090909090909e-01, -2.785646218718160e-03
9.431818181818182e-01, 9.659090909090909e-01, -2.743146322228289e-03
9.659090909090909e-01, 9.659090909090909e-01, -2.422238746113986e-03
9.886363636363636e-01, 9.659090909090909e-01, -2.101331169999683e-03
1.136363636363636e-02, 9.886363636363636e-01, -6.360867481810820e-04
3.409090909090909e-02, 9.886363636363636e-01, -7.128964163689827e-04
5.681818181818182e-02, 9.886363636363636e-01, -7.897060845568835e-04
7.954545454545454e-02, 9.886363636363636e-01, -1.090807773832599e-03
1.022727272727273e-01, 9.886363636363636e-01, -1.466673470137585e-03
1.250000000000000e-01, 9.886363636363636e-01, -1.842539166442572e-03
1.477272727272727e-01, 9.886363636363636e-01, -1.556646749111214e-03
1.704545454545454e-01, 9.886363636363636e-01, -1.270754331779856e-03
1.931818181818182e-01, 9.886363636363636e-01, -1.033841699037930e-03
2.159090909090909e-01, 9.886363636363636e-01, -9.438684200643011e-04
2.386363636363636e-01, 9.886363636363636e-01, -8.538951410906728e-04
2.613636363636364e-01, 9.886363636363636e-01, -9.218023608109373e-04
2.840909090909091e-01, 9.886363636363636e-01, -1.147590079225095e-03
3.068181818181818e-01, 9.886363636363636e-01, -1.373377797639252e-03
3.295454545454545e-01, 9.886363636363636e-01, -1.786646068450346e-03
3.522727272727273e-01, 9.886363636363636e-01, -2.262407856727087e-03
3.750000000000000e-01, 9.886363636363636e-01, -2.738169645003827e-03
3.977272727272727e-01, 9.886363636363636e-01, -2.443089224535900e-03
4.204545454545455e-01, 9.886363636363636e-01, -2.148008804067972e-03
4.431818181818182e-01, 9.886363636363636e-01, -1.885866630757237e-03
4.659090909090909e-01, 9.886363636363636e-01, -1.722539198918077e-03
4.886363636363636e-01, 9.886363636363636e-01, -1.559211767078916e-03
5.113636363636364e-01, 9.886363636363636e-01, -1.602416716156720e-03
5.340909090909091e-01, 9.886363636363636e-01, -1.852154046151489e-03
5.568181818181818e-01, 9.886363636363636e-01, -2.101891376146257e-03
5.795454545454546e-01, 9.886363636363636e-01, -2.583529281718323e-03
6.022727272727273e-01, 9.886363636363636e-01, -3.142467379149485e-03
6.250000000000000e-01, 9.886363636363636e-01, -3.701405476580647e-03
6.477272727272727e-01, 9.886363636363636e-01, -3.424265947029575e-03
6.704545454545454e-01, 9.886363636363636e-01, -3.147126417478502e-03
6.931818181818182e-01, 9.886363636363636e-01, -2.877791900984792e-03
7.159090909090909e-01, 9.886363636363636e-01, -2.631872423663171e-03
7.386363636363636e-01, 9.886363636363636e-01, -2.385952946341549e-03
7.613636363636364e-01, 9.886363636363636e-01, -2.384992905575877e-03
7.840909090909091e-01, 9.886363636363636e-01, -2.628992301366155e-03
8.068181818181818e-01, 9.886363636363636e-01, -2.872991697156433e-03
8.295454545454546e-01, 9.886363636363636e-01, -3.400506765670243e-03
8.522727272727273e-01, 9.886363636363636e-01, -4.022527058425228e-03
8.750000000000000e-01, 9.886363636363636e-01, -4.644547351180212e-03
8.977272727272727e-01, 9.886363636363636e-01, -4.411717770645546e-03
9.204545454545454e-01, 9.886363636363636e-01, -4.178888190110878e-03
9.431818181818182e-01, 9.886363636363636e-01, -3.920678230368748e-03
9.659090909090909e-01, 9.886363636363636e-01, -3.586327133004234e-03
9.886363636363636e-01, 9.886363636363636e-01, -3.251976035639720e-03
