x, y, u
1.136363636363636e-02, 1.136363636363636e-02, 2.642217655442790e-06
3.409090909090909e-02, 1.136363636363636e-02, 7.926652966328366e-06
5.681818181818182e-02, 1.136363636363636e-02, 1.321108827721394e-05
7.954545454545454e-02, 1.136363636363636e-02, 1.849552358809952e-05
1.022727272727273e-01, 1.136363636363636e-02, 2.377995889898510e-05
1.250000000000000e-01, 1.136363636363636e-02, 2.906439420987067e-05
1.477272727272727e-01, 1.136363636363636e-02, 2.120495918047860e-04
1.704545454545454e-01, 1.136363636363636e-02, 3.950347893997010e-04
1.931818181818182e-01, 1.136363636363636e-02, 5.780199869946165e-04
2.159090909090909e-01, 1.136363636363636e-02, 7.610051845895317e-04
2.386363636363636e-01, 1.136363636363636e-02, 9.439903821844470e-04
2.613636363636364e-01, 1.136363636363636e-02, 9.413481645290042e-04
2.840909090909091e-01, 1.136363636363636e-02, 7.530785316232030e-04
3.068181818181818e-01, 1.136363636363636e-02, 5.648088987174026e-04
3.295454545454545e-01, 1.136363636363636e-02, 3.765392658116018e-04
3.522727272727273e-01, 1.136363636363636e-02, 1.882696329058007e-04
3.750000000000000e-01, 1.136363636363636e-02, 0.000000000000000e+00
3.977272727272727e-01, 1.136363636363636e-02, 0.000000000000000e+00
4.204545454545455e-01, 1.136363636363636e-02, 0.000000000000000e+00
4.431818181818182e-01, 1.136363636363636e-02, 0.000000000000000e+00
4.659090909090909e-01, 1.136363636363636e-02, 0.000000000000000e+00
4.886363636363636e-01, 1.136363636363636e-02, 0.000000000000000e+00
5.113636363636364e-01, 1.136363636363636e-02, -5.427990901142156e-06
5.340909090909091e-01, 1.136363636363636e-02, -1.628397270342647e-05
5.568181818181818e-01, 1.136363636363636e-02, -2.713995450571079e-05
5.795454545454546e-01, 1.136363636363636e-02, -3.799593630799515e-05
6.022727272727273e-01, 1.136363636363636e-02, -4.885191811027947e-05
6.250000000000000e-01, 1.136363636363636e-02, -5.970789991256378e-05
6.477272727272727e-01, 1.136363636363636e-02, 1.234501100602838e-04
6.704545454545454e-01, 1.136363636363636e-02, 3.066081200331314e-04
6.931818181818182e-01, 1.136363636363636e-02, 4.897661300059798e-04
7.159090909090909e-01, 1.136363636363636e-02, 6.729241399788274e-04
7.386363636363636e-01, 1.136363636363636e-02, 8.560821499516749e-04
7.613636363636364e-01, 1.136363636363636e-02, 9.472940776627334e-04
7.840909090909091e-01, 1.136363636363636e-02, 9.465599231120033e-04
8.068181818181818e-01, 1.136363636363636e-02, 9.458257685612729e-04
8.295454545454546e-01, 1.136363636363636e-02, 9.450916140105425e-04
8.522727272727273e-01, 1.136363636363636e-02, 9.443574594598120e-04
8.750000000000000e-01, 1.136363636363636e-02, 9.436233049090817e-04
8.977272727272727e-01, 1.136363636363636e-02, 7.720554312892488e-04
9.204545454545454e-01, 1.136363636363636e-02, 6.004875576694160e-04
9.431818181818182e-01, 1.136363636363636e-02, 4.289196840495822e-04
9.659090909090909e-01, 1.136363636363636e-02, 2.573518104297494e-04
9.886363636363636e-01, 1.136363636363636e-02, 8.578393680991644e-05
1.136363636363636e-02, 3.409090909090909e-02, 7.926652966328366e-06
3.409090909090909e-02, 3.409090909090909e-02, 2.377995889898509e-05
5.681818181818182e-02, 3.409090909090909e-02, 3.963326483164182e-05
7.954545454545454e-02, 3.409090909090909e-02, 5.548657076429854e-05
1.022727272727273e-01, 3.409090909090909e-02, 7.133987669695527e-05
1.250000000000000e-01, 3.409090909090909e-02, 8.719318262961198e-05
1.477272727272727e-01, 3.409090909090909e-02, 2.586994534507251e-04
1.704545454545454e-01, 3.409090909090909e-02, 4.302057242718381e-04
1.931818181818182e-01, 3.409090909090909e-02, 6.017119950929511e-04
2.159090909090909e-01, 3.409090909090909e-02, 7.732182659140643e-04
2.386363636363636e-01, 3.409090909090909e-02, 9.447245367351773e-04
2.613636363636364e-01, 3.409090909090909e-02, 9.367978837688490e-04
2.840909090909091e-01, 3.409090909090909e-02, 7.494383070150790e-04
3.068181818181818e-01, 3.409090909090909e-02, 5.620787302613092e-04
3.295454545454545e-01, 3.409090909090909e-02, 3.747191535075398e-04
3.522727272727273e-01, 3.409090909090909e-02, 1.873595767537696e-04
3.750000000000000e-01, 3.409090909090909e-02, 0.000000000000000e+00
3.977272727272727e-01, 3.409090909090909e-02, 0.000000000000000e+00
4.204545454545455e-01, 3.409090909090909e-02, 0.000000000000000e+00
4.431818181818182e-01, 3.409090909090909e-02, 0.000000000000000e+00
4.659090909090909e-01, 3.409090909090909e-02, 0.000000000000000e+00
4.886363636363636e-01, 3.409090909090909e-02, 0.000000000000000e+00
5.113636363636364e-01, 3.409090909090909e-02, -1.628397270342647e-05
5.340909090909091e-01, 3.409090909090909e-02, -4.885191811027940e-05
5.568181818181818e-01, 3.409090909090909e-02, -8.141986351713231e-05
5.795454545454546e-01, 3.409090909090909e-02, -1.139878089239854e-04
6.022727272727273e-01, 3.409090909090909e-02, -1.465557543308383e-04
6.250000000000000e-01, 3.409090909090909e-02, -1.791236997376913e-04
6.477272727272727e-01, 3.409090909090909e-02, 2.911625889560530e-06
6.704545454545454e-01, 3.409090909090909e-02, 1.849469515168123e-04
6.931818181818182e-01, 3.409090909090909e-02, 3.669822771440650e-04
7.159090909090909e-01, 3.409090909090909e-02, 5.490176027713169e-04
7.386363636363636e-01, 3.409090909090909e-02, 7.310529283985687e-04
7.613636363636364e-01, 3.409090909090909e-02, 8.159640505499283e-04
7.840909090909091e-01, 3.409090909090909e-02, 8.037509692253957e-04
8.068181818181818e-01, 3.409090909090909e-02, 7.915378879008631e-04
8.295454545454546e-01, 3.409090909090909e-02, 7.793248065763305e-04
8.522727272727273e-01, 3.409090909090909e-02, 7.671117252517981e-04
8.750000000000000e-01, 3.409090909090909e-02, 7.548986439272654e-04
8.977272727272727e-01, 3.409090909090909e-02, 6.176443450313992e-04
9.204545454545454e-01, 3.409090909090909e-02, 4.803900461355328e-04
9.431818181818182e-01, 3.409090909090909e-02, 3.431357472396658e-04
9.659090909090909e-01, 3.409090909090909e-02, 2.058814483437995e-04
9.886363636363636e-01, 3.409090909090909e-02, 6.862714944793316e-05
1.136363636363636e-02, 5.681818181818182e-02, 1.321108827721394e-05
3.409090909090909e-02, 5.681818181818182e-02, 3.963326483164182e-05
5.681818181818182e-02, 5.681818181818182e-02, 6.605544138606969e-05
7.954545454545454e-02, 5.681818181818182e-02, 9.247761794049756e-05
1.022727272727273e-01, 5.681818181818182e-02, 1.188997944949255e-04
1.250000000000000e-01, 5.681818181818182e-02, 1.453219710493533e-04
1.477272727272727e-01, 5.681818181818182e-02, 3.053493150966643e-04
1.704545454545454e-01, 5.681818181818182e-02, 4.653766591439750e-04
1.931818181818182e-01, 5.681818181818182e-02, 6.254040031912859e-04
2.159090909090909e-01, 5.681818181818182e-02, 7.854313472385968e-04
2.386363636363636e-01, 5.681818181818182e-02, 9.454586912859077e-04
2.613636363636364e-01, 5.681818181818182e-02, 9.322476030086937e-04
2.840909090909091e-01, 5.681818181818182e-02, 7.457980824069547e-04
3.068181818181818e-01, 5.681818181818182e-02, 5.593485618052162e-04
3.295454545454545e-01, 5.681818181818182e-02, 3.728990412034776e-04
3.522727272727273e-01, 5.681818181818182e-02, 1.864495206017386e-04
3.750000000000000e-01, 5.681818181818182e-02, 0.000000000000000e+00
3.977272727272727e-01, 5.681818181818182e-02, 0.000000000000000e+00
4.204545454545455e-01, 5.681818181818182e-02, 0.000000000000000e+00
4.431818181818182e-01, 5.681818181818182e-02, 0.000000000000000e+00
4.659090909090909e-01, 5.681818181818182e-02, 0.000000000000000e+00
4.886363636363636e-01, 5.681818181818182e-02, 0.000000000000000e+00
5.113636363636364e-01, 5.681818181818182e-02, -2.713995450571077e-05
5.340909090909091e-01, 5.681818181818182e-02, -8.141986351713233e-05
5.568181818181818e-01, 5.681818181818182e-02, -1.356997725285539e-04
5.795454545454546e-01, 5.681818181818182e-02, -1.899796815399757e-04
6.022727272727273e-01, 5.681818181818182e-02, -2.442595905513972e-04
6.250000000000000e-01, 5.681818181818182e-02, -2.985394995628188e-04
6.477272727272727e-01, 5.681818181818182e-02, -1.176268582811628e-04
6.704545454545454e-01, 5.681818181818182e-02, 6.328578300049319e-05
6.931818181818182e-01, 5.681818181818182e-02, 2.441984242821502e-04
7.159090909090909e-01, 5.681818181818182e-02, 4.251110655638062e-04
7.386363636363636e-01, 5.681818181818182e-02, 6.060237068454622e-04
7.613636363636364e-01, 5.681818181818182e-02, 6.846340234371227e-04
7.840909090909091e-01, 5.681818181818182e-02, 6.609420153387880e-04
8.068181818181818e-01, 5.681818181818182e-02, 6.372500072404533e-04
8.295454545454546e-01, 5.681818181818182e-02, 6.135579991421185e-04
8.522727272727273e-01, 5.681818181818182e-02, 5.898659910437838e-04
8.750000000000000e-01, 5.681818181818182e-02, 5.661739829454490e-04
8.977272727272727e-01, 5.681818181818182e-02, 4.632332587735493e-04
9.204545454545454e-01, 5.681818181818182e-02, 3.602925346016496e-04
9.431818181818182e-01, 5.681818181818182e-02, 2.573518104297493e-04
9.659090909090909e-01, 5.681818181818182e-02, 1.544110862578496e-04
9.886363636363636e-01, 5.681818181818182e-02, 5.147036208594987e-05
1.136363636363636e-02, 7.954545454545454e-02, 1.849552358809952e-05
3.409090909090909e-02, 7.954545454545454e-02, 5.548657076429854e-05
5.681818181818182e-02, 7.954545454545454e-02, 9.247761794049756e-05
7.954545454545454e-02, 7.954545454545454e-02, 1.294686651166966e-04
1.022727272727273e-01, 7.954545454545454e-02, 1.664597122928956e-04
1.250000000000000e-01, 7.954545454545454e-02, 2.034507594690947e-04
1.477272727272727e-01, 7.954545454545454e-02, 3.519991767426034e-04
1.704545454545454e-01, 7.954545454545454e-02, 5.005475940161120e-04
1.931818181818182e-01, 7.954545454545454e-02, 6.490960112896207e-04
2.159090909090909e-01, 7.954545454545454e-02, 7.976444285631295e-04
2.386363636363636e-01, 7.954545454545454e-02, 9.461928458366381e-04
2.613636363636364e-01, 7.954545454545454e-02, 9.276973222485386e-04
2.840909090909091e-01, 7.954545454545454e-02, 7.421578577988306e-04
3.068181818181818e-01, 7.954545454545454e-02, 5.566183933491231e-04
3.295454545454545e-01, 7.954545454545454e-02, 3.710789288994156e-04
3.522727272727273e-01, 7.954545454545454e-02, 1.855394644497075e-04
3.750000000000000e-01, 7.954545454545454e-02, 0.000000000000000e+00
3.977272727272727e-01, 7.954545454545454e-02, 0.000000000000000e+00
4.204545454545455e-01, 7.954545454545454e-02, 0.000000000000000e+00
4.431818181818182e-01, 7.954545454545454e-02, 0.000000000000000e+00
4.659090909090909e-01, 7.954545454545454e-02, 0.000000000000000e+00
4.886363636363636e-01, 7.954545454545454e-02, 0.000000000000000e+00
5.113636363636364e-01, 7.954545454545454e-02, -3.799593630799508e-05
5.340909090909091e-01, 7.954545454545454e-02, -1.139878089239853e-04
5.568181818181818e-01, 7.954545454545454e-02, -1.899796815399754e-04
5.795454545454546e-01, 7.954545454545454e-02, -2.659715541559660e-04
6.022727272727273e-01, 7.954545454545454e-02, -3.419634267719561e-04
6.250000000000000e-01, 7.954545454545454e-02, -4.179552993879463e-04
6.477272727272727e-01, 7.954545454545454e-02, -2.381653424518860e-04
6.704545454545454e-01, 7.954545454545454e-02, -5.837538551582580e-05
6.931818181818182e-01, 7.954545454545454e-02, 1.214145714202353e-04
7.159090909090909e-01, 7.954545454545454e-02, 3.012045283562956e-04
7.386363636363636e-01, 7.954545454545454e-02, 4.809944852923559e-04
7.613636363636364e-01, 7.954545454545454e-02, 5.533039963243175e-04
7.840909090909091e-01, 7.954545454545454e-02, 5.181330614521805e-04
8.068181818181818e-01, 7.954545454545454e-02, 4.829621265800436e-04
8.295454545454546e-01, 7.954545454545454e-02, 4.477911917079065e-04
8.522727272727273e-01, 7.954545454545454e-02, 4.126202568357697e-04
8.750000000000000e-01, 7.954545454545454e-02, 3.774493219636327e-04
8.977272727272727e-01, 7.954545454545454e-02, 3.088221725156996e-04
9.204545454545454e-01, 7.954545454545454e-02, 2.401950230677664e-04
9.431818181818182e-01, 7.954545454545454e-02, 1.715678736198329e-04
9.659090909090909e-01, 7.954545454545454e-02, 1.029407241718997e-04
9.886363636363636e-01, 7.954545454545454e-02, 3.431357472396658e-05
1.136363636363636e-02, 1.022727272727273e-01, 2.377995889898510e-05
3.409090909090909e-02, 1.022727272727273e-01, 7.133987669695527e-05
5.681818181818182e-02, 1.022727272727273e-01, 1.188997944949255e-04
7.954545454545454e-02, 1.022727272727273e-01, 1.664597122928956e-04
1.022727272727273e-01, 1.022727272727273e-01, 2.140196300908658e-04
1.250000000000000e-01, 1.022727272727273e-01, 2.615795478888360e-04
1.477272727272727e-01, 1.022727272727273e-01, 3.986490383885426e-04
1.704545454545454e-01, 1.022727272727273e-01, 5.357185288882489e-04
1.931818181818182e-01, 1.022727272727273e-01, 6.727880193879554e-04
2.159090909090909e-01, 1.022727272727273e-01, 8.098575098876619e-04
2.386363636363636e-01, 1.022727272727273e-01, 9.469270003873685e-04
2.613636363636364e-01, 1.022727272727273e-01, 9.231470414883834e-04
2.840909090909091e-01, 1.022727272727273e-01, 7.385176331907064e-04
3.068181818181818e-01, 1.022727272727273e-01, 5.538882248930300e-04
3.295454545454545e-01, 1.022727272727273e-01, 3.692588165953535e-04
3.522727272727273e-01, 1.022727272727273e-01, 1.846294082976765e-04
3.750000000000000e-01, 1.022727272727273e-01, 0.000000000000000e+00
3.977272727272727e-01, 1.022727272727273e-01, 0.000000000000000e+00
4.204545454545455e-01, 1.022727272727273e-01, 0.000000000000000e+00
4.431818181818182e-01, 1.022727272727273e-01, 0.000000000000000e+00
4.659090909090909e-01, 1.022727272727273e-01, 0.000000000000000e+00
4.886363636363636e-01, 1.022727272727273e-01, 0.000000000000000e+00
5.113636363636364e-01, 1.022727272727273e-01, -4.885191811027940e-05
5.340909090909091e-01, 1.022727272727273e-01, -1.465557543308382e-04
5.568181818181818e-01, 1.022727272727273e-01, -2.442595905513970e-04
5.795454545454546e-01, 1.022727272727273e-01, -3.419634267719562e-04
6.022727272727273e-01, 1.022727272727273e-01, -4.396672629925151e-04
6.250000000000000e-01, 1.022727272727273e-01, -5.373710992130739e-04
6.477272727272727e-01, 1.022727272727273e-01, -3.587038266226094e-04
6.704545454545454e-01, 1.022727272727273e-01, -1.800365540321449e-04
6.931818181818182e-01, 1.022727272727273e-01, -1.369281441679593e-06
7.159090909090909e-01, 1.022727272727273e-01, 1.772979911487849e-04
7.386363636363636e-01, 1.022727272727273e-01, 3.559652637392493e-04
7.613636363636364e-01, 1.022727272727273e-01, 4.219739692115120e-04
7.840909090909091e-01, 1.022727272727273e-01, 3.753241075655729e-04
8.068181818181818e-01, 1.022727272727273e-01, 3.286742459196338e-04
8.295454545454546e-01, 1.022727272727273e-01, 2.820243842736945e-04
8.522727272727273e-01, 1.022727272727273e-01, 2.353745226277554e-04
8.750000000000000e-01, 1.022727272727273e-01, 1.887246609818163e-04
8.977272727272727e-01, 1.022727272727273e-01, 1.544110862578497e-04
9.204545454545454e-01, 1.022727272727273e-01, 1.200975115338832e-04
9.431818181818182e-01, 1.022727272727273e-01, 8.578393680991643e-05
9.659090909090909e-01, 1.022727272727273e-01, 5.147036208594985e-05
9.886363636363636e-01, 1.022727272727273e-01, 1.715678736198328e-05
1.136363636363636e-02, 1.250000000000000e-01, 2.906439420987067e-05
3.409090909090909e-02, 1.250000000000000e-01, 8.719318262961198e-05
5.681818181818182e-02, 1.250000000000000e-01, 1.453219710493533e-04
7.954545454545454e-02, 1.250000000000000e-01, 2.034507594690947e-04
1.022727272727273e-01, 1.250000000000000e-01, 2.615795478888360e-04
1.250000000000000e-01, 1.250000000000000e-01, 3.197083363085773e-04
1.477272727272727e-01, 1.250000000000000e-01, 4.452989000344816e-04
1.704545454545454e-01, 1.250000000000000e-01, 5.708894637603858e-04
1.931818181818182e-01, 1.250000000000000e-01, 6.964800274862901e-04
2.159090909090909e-01, 1.250000000000000e-01, 8.220705912121945e-04
2.386363636363636e-01, 1.250000000000000e-01, 9.476611549380988e-04
2.613636363636364e-01, 1.250000000000000e-01, 9.185967607282282e-04
2.840909090909091e-01, 1.250000000000000e-01, 7.348774085825823e-04
3.068181818181818e-01, 1.250000000000000e-01, 5.511580564369368e-04
3.295454545454545e-01, 1.250000000000000e-01, 3.674387042912913e-04
3.522727272727273e-01, 1.250000000000000e-01, 1.837193521456455e-04
3.750000000000000e-01, 1.250000000000000e-01, 0.000000000000000e+00
3.977272727272727e-01, 1.250000000000000e-01, 0.000000000000000e+00
4.204545454545455e-01, 1.250000000000000e-01, 0.000000000000000e+00
4.431818181818182e-01, 1.250000000000000e-01, 0.000000000000000e+00
4.659090909090909e-01, 1.250000000000000e-01, 0.000000000000000e+00
4.886363636363636e-01, 1.250000000000000e-01, 0.000000000000000e+00
5.113636363636364e-01, 1.250000000000000e-01, -5.970789991256371e-05
5.340909090909091e-01, 1.250000000000000e-01, -1.791236997376911e-04
5.568181818181818e-01, 1.250000000000000e-01, -2.985394995628185e-04
5.795454545454546e-01, 1.250000000000000e-01, -4.179552993879465e-04
6.022727272727273e-01, 1.250000000000000e-01, -5.373710992130739e-04
6.250000000000000e-01, 1.250000000000000e-01, -6.567868990382013e-04
6.477272727272727e-01, 1.250000000000000e-01, -4.792423107933326e-04
6.704545454545454e-01, 1.250000000000000e-01, -3.016977225484640e-04
6.931818181818182e-01, 1.250000000000000e-01, -1.241531343035944e-04
7.159090909090909e-01, 1.250000000000000e-01, 5.339145394127429e-05
7.386363636363636e-01, 1.250000000000000e-01, 2.309360421861430e-04
7.613636363636364e-01, 1.250000000000000e-01, 2.906439420987067e-04
7.840909090909091e-01, 1.250000000000000e-01, 2.325151536789654e-04
8.068181818181818e-01, 1.250000000000000e-01, 1.743863652592241e-04
8.295454545454546e-01, 1.250000000000000e-01, 1.162575768394826e-04
8.522727272727273e-01, 1.250000000000000e-01, 5.812878841974128e-05
8.750000000000000e-01, 1.250000000000000e-01, 0.000000000000000e+00
8.977272727272727e-01, 1.250000000000000e-01, 0.000000000000000e+00
9.204545454545454e-01, 1.250000000000000e-01, 0.000000000000000e+00
9.431818181818182e-01, 1.250000000000000e-01, 0.000000000000000e+00
9.659090909090909e-01, 1.250000000000000e-01, 0.000000000000000e+00
9.886363636363636e-01, 1.250000000000000e-01, 0.000000000000000e+00
1.136363636363636e-02, 1.477272727272727e-01, -2.428193265692079e-04
3.409090909090909e-02, 1.477272727272727e-01, -1.658227116426246e-04
5.681818181818182e-02, 1.477272727272727e-01, -8.882609671604136e-05
7.954545454545454e-02, 1.477272727272727e-01, -1.182948178945813e-05
1.022727272727273e-01, 1.477272727272727e-01, 6.516713313712519e-05
1.250000000000000e-01, 1.477272727272727e-01, 1.421637480637084e-04
1.477272727272727e-01, 1.477272727272727e-01, 2.666316274440169e-04
1.704545454545454e-01, 1.477272727272727e-01, 3.910995068243254e-04
1.931818181818182e-01, 1.477272727272727e-01, 5.155673862046339e-04
2.159090909090909e-01, 1.477272727272727e-01, 6.400352655849426e-04
2.386363636363636e-01, 1.477272727272727e-01, 7.645031449652511e-04
2.613636363636364e-01, 1.477272727272727e-01, 7.515791678685503e-04
2.840909090909091e-01, 1.477272727272727e-01, 6.012633342948400e-04
3.068181818181818e-01, 1.477272727272727e-01, 4.509475007211301e-04
3.295454545454545e-01, 1.477272727272727e-01, 3.006316671474202e-04
3.522727272727273e-01, 1.477272727272727e-01, 1.503158335737099e-04
3.750000000000000e-01, 1.477272727272727e-01, 0.000000000000000e+00
3.977272727272727e-01, 1.477272727272727e-01, -6.550324007115440e-05
4.204545454545455e-01, 1.477272727272727e-01, -1.310064801423090e-04
4.431818181818182e-01, 1.477272727272727e-01, -1.965097202134634e-04
4.659090909090909e-01, 1.477272727272727e-01, -2.620129602846178e-04
4.886363636363636e-01, 1.477272727272727e-01, -3.275162003557724e-04
5.113636363636364e-01, 1.477272727272727e-01, -4.019424488326426e-04
5.340909090909091e-01, 1.477272727272727e-01, -4.852917057152287e-04
5.568181818181818e-01, 1.477272727272727e-01, -5.686409625978146e-04
5.795454545454546e-01, 1.477272727272727e-01, -6.519902194804012e-04
6.022727272727273e-01, 1.477272727272727e-01, -7.353394763629873e-04
6.250000000000000e-01, 1.477272727272727e-01, -8.186887332455733e-04
6.477272727272727e-01, 1.477272727272727e-01, -6.222763184938627e-04
6.704545454545454e-01, 1.477272727272727e-01, -4.258639037421521e-04
6.931818181818182e-01, 1.477272727272727e-01, -2.294514889904405e-04
7.159090909090909e-01, 1.477272727272727e-01, -3.303907423872996e-05
7.386363636363636e-01, 1.477272727272727e-01, 1.633733405129806e-04
7.613636363636364e-01, 1.477272727272727e-01, 2.377995889898509e-04
7.840909090909091e-01, 1.477272727272727e-01, 1.902396711918808e-04
8.068181818181818e-01, 1.477272727272727e-01, 1.426797533939106e-04
8.295454545454546e-01, 1.477272727272727e-01, 9.511983559594027e-05
8.522727272727273e-01, 1.477272727272727e-01, 4.755991779797013e-05
8.750000000000000e-01, 1.477272727272727e-01, 0.000000000000000e+00
8.977272727272727e-01, 1.477272727272727e-01, -5.253261959000288e-05
9.204545454545454e-01, 1.477272727272727e-01, -1.050652391800058e-04
9.431818181818182e-01, 1.477272727272727e-01, -1.575978587700089e-04
9.659090909090909e-01, 1.477272727272727e-01, -2.101304783600118e-04
9.886363636363636e-01, 1.477272727272727e-01, -2.626630979500146e-04
1.136363636363636e-02, 1.704545454545454e-01, -5.147030473482861e-04
3.409090909090909e-02, 1.704545454545454e-01, -4.188386059148610e-04
5.681818181818182e-02, 1.704545454545454e-01, -3.229741644814357e-04
7.954545454545454e-02, 1.704545454545454e-01, -2.271097230480106e-04
1.022727272727273e-01, 1.704545454545454e-01, -1.312452816145854e-04
1.250000000000000e-01, 1.704545454545454e-01, -3.538084018116027e-05
1.477272727272727e-01, 1.704545454545454e-01, 8.796435485355247e-05
1.704545454545454e-01, 1.704545454545454e-01, 2.113095498882651e-04
1.931818181818182e-01, 1.704545454545454e-01, 3.346547449229779e-04
2.159090909090909e-01, 1.704545454545454e-01, 4.579999399576906e-04
2.386363636363636e-01, 1.704545454545454e-01, 5.813451349924035e-04
2.613636363636364e-01, 1.704545454545454e-01, 5.845615750088726e-04
2.840909090909091e-01, 1.704545454545454e-01, 4.676492600070979e-04
3.068181818181818e-01, 1.704545454545454e-01, 3.507369450053235e-04
3.295454545454545e-01, 1.704545454545454e-01, 2.338246300035491e-04
3.522727272727273e-01, 1.704545454545454e-01, 1.169123150017744e-04
3.750000000000000e-01, 1.704545454545454e-01, 0.000000000000000e+00
3.977272727272727e-01, 1.704545454545454e-01, -1.310064801423087e-04
4.204545454545455e-01, 1.704545454545454e-01, -2.620129602846178e-04
4.431818181818182e-01, 1.704545454545454e-01, -3.930194404269265e-04
4.659090909090909e-01, 1.704545454545454e-01, -5.240259205692352e-04
4.886363636363636e-01, 1.704545454545454e-01, -6.550324007115444e-04
5.113636363636364e-01, 1.704545454545454e-01, -7.441769977527212e-04
5.340909090909091e-01, 1.704545454545454e-01, -7.914597116927658e-04
5.568181818181818e-01, 1.704545454545454e-01, -8.387424256328106e-04
5.795454545454546e-01, 1.704545454545454e-01, -8.860251395728556e-04
6.022727272727273e-01, 1.704545454545454e-01, -9.333078535129003e-04
6.250000000000000e-01, 1.704545454545454e-01, -9.805905674529450e-04
6.477272727272727e-01, 1.704545454545454e-01, -7.653103261943926e-04
6.704545454545454e-01, 1.704545454545454e-01, -5.500300849358401e-04
6.931818181818182e-01, 1.704545454545454e-01, -3.347498436772866e-04
7.159090909090909e-01, 1.704545454545454e-01, -1.194696024187340e-04
7.386363636363636e-01, 1.704545454545454e-01, 9.581063883981847e-05
7.613636363636364e-01, 1.704545454545454e-01, 1.849552358809952e-04
7.840909090909091e-01, 1.704545454545454e-01, 1.479641887047962e-04
8.068181818181818e-01, 1.704545454545454e-01, 1.109731415285972e-04
8.295454545454546e-01, 1.704545454545454e-01, 7.398209435239800e-05
8.522727272727273e-01, 1.704545454545454e-01, 3.699104717619900e-05
8.750000000000000e-01, 1.704545454545454e-01, 0.000000000000000e+00
8.977272727272727e-01, 1.704545454545454e-01, -1.050652391800057e-04
9.204545454545454e-01, 1.704545454545454e-01, -2.101304783600114e-04
9.431818181818182e-01, 1.704545454545454e-01, -3.151957175400176e-04
9.659090909090909e-01, 1.704545454545454e-01, -4.202609567200233e-04
9.886363636363636e-01, 1.704545454545454e-01, -5.253261959000291e-04
1.136363636363636e-02, 1.931818181818182e-01, -7.865867681273647e-04
3.409090909090909e-02, 1.931818181818182e-01, -6.718545001870975e-04
5.681818181818182e-02, 1.931818181818182e-01, -5.571222322468304e-04
7.954545454545454e-02, 1.931818181818182e-01, -4.423899643065634e-04
1.022727272727273e-01, 1.931818181818182e-01, -3.276576963662962e-04
1.250000000000000e-01, 1.931818181818182e-01, -2.129254284260292e-04
1.477272727272727e-01, 1.931818181818182e-01, -9.070291773691222e-05
1.704545454545454e-01, 1.931818181818182e-01, 3.151959295220471e-05
1.931818181818182e-01, 1.931818181818182e-01, 1.537421036413217e-04
2.159090909090909e-01, 1.931818181818182e-01, 2.759646143304387e-04
2.386363636363636e-01, 1.931818181818182e-01, 3.981871250195556e-04
2.613636363636364e-01, 1.931818181818182e-01, 4.175439821491946e-04
2.840909090909091e-01, 1.931818181818182e-01, 3.340351857193556e-04
3.068181818181818e-01, 1.931818181818182e-01, 2.505263892895167e-04
3.295454545454545e-01, 1.931818181818182e-01, 1.670175928596779e-04
3.522727272727273e-01, 1.931818181818182e-01, 8.350879642983885e-05
3.750000000000000e-01, 1.931818181818182e-01, 0.000000000000000e+00
3.977272727272727e-01, 1.931818181818182e-01, -1.965097202134632e-04
4.204545454545455e-01, 1.931818181818182e-01, -3.930194404269268e-04
4.431818181818182e-01, 1.931818181818182e-01, -5.895291606403899e-04
4.659090909090909e-01, 1.931818181818182e-01, -7.860388808538530e-04
4.886363636363636e-01, 1.931818181818182e-01, -9.825486010673168e-04
5.113636363636364e-01, 1.931818181818182e-01, -1.086411546672800e-03
5.340909090909091e-01, 1.931818181818182e-01, -1.097627717670304e-03
5.568181818181818e-01, 1.931818181818182e-01, -1.108843888667807e-03
5.795454545454546e-01, 1.931818181818182e-01, -1.120060059665310e-03
6.022727272727273e-01, 1.931818181818182e-01, -1.131276230662814e-03
6.250000000000000e-01, 1.931818181818182e-01, -1.142492401660317e-03
6.477272727272727e-01, 1.931818181818182e-01, -9.083443338949227e-04
6.704545454545454e-01, 1.931818181818182e-01, -6.741962661295283e-04
6.931818181818182e-01, 1.931818181818182e-01, -4.400481983641327e-04
7.159090909090909e-01, 1.931818181818182e-01, -2.059001305987383e-04
7.386363636363636e-01, 1.931818181818182e-01, 2.824793716665614e-05
7.613636363636364e-01, 1.931818181818182e-01, 1.321108827721394e-04
7.840909090909091e-01, 1.931818181818182e-01, 1.056887062177116e-04
8.068181818181818e-01, 1.931818181818182e-01, 7.926652966328370e-05
8.295454545454546e-01, 1.931818181818182e-01, 5.284435310885571e-05
8.522727272727273e-01, 1.931818181818182e-01, 2.642217655442786e-05
8.750000000000000e-01, 1.931818181818182e-01, 0.000000000000000e+00
8.977272727272727e-01, 1.931818181818182e-01, -1.575978587700086e-04
9.204545454545454e-01, 1.931818181818182e-01, -3.151957175400171e-04
9.431818181818182e-01, 1.931818181818182e-01, -4.727935763100265e-04
9.659090909090909e-01, 1.931818181818182e-01, -6.303914350800352e-04
9.886363636363636e-01, 1.931818181818182e-01, -7.879892938500437e-04
1.136363636363636e-02, 2.159090909090909e-01, -1.058470488906443e-03
3.409090909090909e-02, 2.159090909090909e-01, -9.248703944593342e-04
5.681818181818182e-02, 2.159090909090909e-01, -7.912703000122251e-04
7.954545454545454e-02, 2.159090909090909e-01, -6.576702055651161e-04
1.022727272727273e-01, 2.159090909090909e-01, -5.240701111180070e-04
1.250000000000000e-01, 2.159090909090909e-01, -3.904700166708981e-04
1.477272727272727e-01, 2.159090909090909e-01, -2.693701903273769e-04
1.704545454545454e-01, 2.159090909090909e-01, -1.482703639838558e-04
1.931818181818182e-01, 2.159090909090909e-01, -2.717053764033460e-05
2.159090909090909e-01, 2.159090909090909e-01, 9.392928870318666e-05
2.386363636363636e-01, 2.159090909090909e-01, 2.150291150467079e-04
2.613636363636364e-01, 2.159090909090909e-01, 2.505263892895167e-04
2.840909090909091e-01, 2.159090909090909e-01, 2.004211114316133e-04
3.068181818181818e-01, 2.159090909090909e-01, 1.503158335737100e-04
3.295454545454545e-01, 2.159090909090909e-01, 1.002105557158067e-04
3.522727272727273e-01, 2.159090909090909e-01, 5.010527785790330e-05
3.750000000000000e-01, 2.159090909090909e-01, 0.000000000000000e+00
3.977272727272727e-01, 2.159090909090909e-01, -2.620129602846176e-04
4.204545454545455e-01, 2.159090909090909e-01, -5.240259205692358e-04
4.431818181818182e-01, 2.159090909090909e-01, -7.860388808538533e-04
4.659090909090909e-01, 2.159090909090909e-01, -1.048051841138471e-03
4.886363636363636e-01, 2.159090909090909e-01, -1.310064801423089e-03
5.113636363636364e-01, 2.159090909090909e-01, -1.428646095592879e-03
5.340909090909091e-01, 2.159090909090909e-01, -1.403795723647841e-03
5.568181818181818e-01, 2.159090909090909e-01, -1.378945351702803e-03
5.795454545454546e-01, 2.159090909090909e-01, -1.354094979757765e-03
6.022727272727273e-01, 2.159090909090909e-01, -1.329244607812727e-03
6.250000000000000e-01, 2.159090909090909e-01, -1.304394235867689e-03
6.477272727272727e-01, 2.159090909090909e-01, -1.051378341595453e-03
6.704545454545454e-01, 2.159090909090909e-01, -7.983624473232164e-04
6.931818181818182e-01, 2.159090909090909e-01, -5.453465530509788e-04
7.159090909090909e-01, 2.159090909090909e-01, -2.923306587787425e-04
7.386363636363636e-01, 2.159090909090909e-01, -3.931476450650618e-05
7.613636363636364e-01, 2.159090909090909e-01, 7.926652966328363e-05
7.840909090909091e-01, 2.159090909090909e-01, 6.341322373062693e-05
8.068181818181818e-01, 2.159090909090909e-01, 4.755991779797021e-05
8.295454545454546e-01, 2.159090909090909e-01, 3.170661186531343e-05
8.522727272727273e-01, 2.159090909090909e-01, 1.585330593265671e-05
8.750000000000000e-01, 2.159090909090909e-01, 0.000000000000000e+00
8.977272727272727e-01, 2.159090909090909e-01, -2.101304783600115e-04
9.204545454545454e-01, 2.159090909090909e-01, -4.202609567200230e-04
9.431818181818182e-01, 2.159090909090909e-01, -6.303914350800354e-04
9.659090909090909e-01, 2.159090909090909e-01, -8.405219134400469e-04
9.886363636363636e-01, 2.159090909090909e-01, -1.050652391800058e-03
1.136363636363636e-02, 2.386363636363636e-01, -1.330354209685522e-03
3.409090909090909e-02, 2.386363636363636e-01, -1.177886288731571e-03
5.681818181818182e-02, 2.386363636363636e-01, -1.025418367777620e-03
7.954545454545454e-02, 2.386363636363636e-01, -8.729504468236689e-04
1.022727272727273e-01, 2.386363636363636e-01, -7.204825258697179e-04
1.250000000000000e-01, 2.386363636363636e-01, -5.680146049157669e-04
1.477272727272727e-01, 2.386363636363636e-01, -4.480374629178415e-04
1.704545454545454e-01, 2.386363636363636e-01, -3.280603209199163e-04
1.931818181818182e-01, 2.386363636363636e-01, -2.080831789219908e-04
2.159090909090909e-01, 2.386363636363636e-01, -8.810603692406535e-05
2.386363636363636e-01, 2.386363636363636e-01, 3.187110507386009e-05
2.613636363636364e-01, 2.386363636363636e-01, 8.350879642983885e-05
2.840909090909091e-01, 2.386363636363636e-01, 6.680703714387105e-05
3.068181818181818e-01, 2.386363636363636e-01, 5.010527785790330e-05
3.295454545454545e-01, 2.386363636363636e-01, 3.340351857193555e-05
3.522727272727273e-01, 2.386363636363636e-01, 1.670175928596775e-05
3.750000000000000e-01, 2.386363636363636e-01, 0.000000000000000e+00
3.977272727272727e-01, 2.386363636363636e-01, -3.275162003557720e-04
4.204545454545455e-01, 2.386363636363636e-01, -6.550324007115447e-04
4.431818181818182e-01, 2.386363636363636e-01, -9.825486010673168e-04
4.659090909090909e-01, 2.386363636363636e-01, -1.310064801423089e-03
4.886363636363636e-01, 2.386363636363636e-01, -1.637581001778861e-03
5.113636363636364e-01, 2.386363636363636e-01, -1.770880644512958e-03
5.340909090909091e-01, 2.386363636363636e-01, -1.709963729625378e-03
5.568181818181818e-01, 2.386363636363636e-01, -1.649046814737799e-03
5.795454545454546e-01, 2.386363636363636e-01, -1.588129899850220e-03
6.022727272727273e-01, 2.386363636363636e-01, -1.527212984962640e-03
6.250000000000000e-01, 2.386363636363636e-01, -1.466296070075061e-03
6.477272727272727e-01, 2.386363636363636e-01, -1.194412349295983e-03
6.704545454545454e-01, 2.386363636363636e-01, -9.225286285169045e-04
6.931818181818182e-01, 2.386363636363636e-01, -6.506449077378249e-04
7.159090909090909e-01, 2.386363636363636e-01, -3.787611869587467e-04
7.386363636363636e-01, 2.386363636363636e-01, -1.068774661796685e-04
7.613636363636364e-01, 2.386363636363636e-01, 2.642217655442786e-05
7.840909090909091e-01, 2.386363636363636e-01, 2.113774124354229e-05
8.068181818181818e-01, 2.386363636363636e-01, 1.585330593265673e-05
8.295454545454546e-01, 2.386363636363636e-01, 1.056887062177113e-05
8.522727272727273e-01, 2.386363636363636e-01, 5.284435310885565e-06
8.750000000000000e-01, 2.386363636363636e-01, 0.000000000000000e+00
8.977272727272727e-01, 2.386363636363636e-01, -2.626630979500144e-04
9.204545454545454e-01, 2.386363636363636e-01, -5.253261959000287e-04
9.431818181818182e-01, 2.386363636363636e-01, -7.879892938500443e-04
9.659090909090909e-01, 2.386363636363636e-01, -1.050652391800059e-03
9.886363636363636e-01, 2.386363636363636e-01, -1.313315489750073e-03
1.136363636363636e-02, 2.613636363636364e-01, -1.496754527518851e-03
3.409090909090909e-02, 2.613636363636364e-01, -1.316819421840208e-03
5.681818181818182e-02, 2.613636363636364e-01, -1.136884316161565e-03
7.954545454545454e-02, 2.613636363636364e-01, -9.569492104829229e-04
1.022727272727273e-01, 2.613636363636364e-01, -7.770141048042801e-04
1.250000000000000e-01, 2.613636363636364e-01, -5.970789991256376e-04
1.477272727272727e-01, 2.613636363636364e-01, -4.885191811027943e-04
1.704545454545454e-01, 2.613636363636364e-01, -3.799593630799513e-04
1.931818181818182e-01, 2.613636363636364e-01, -2.713995450571080e-04
2.159090909090909e-01, 2.613636363636364e-01, -1.628397270342648e-04
2.386363636363636e-01, 2.613636363636364e-01, -5.427990901142155e-05
2.613636363636364e-01, 2.613636363636364e-01, 0.000000000000000e+00
2.840909090909091e-01, 2.613636363636364e-01, 0.000000000000000e+00
3.068181818181818e-01, 2.613636363636364e-01, 0.000000000000000e+00
3.295454545454545e-01, 2.613636363636364e-01, 0.000000000000000e+00
3.522727272727273e-01, 2.613636363636364e-01, 0.000000000000000e+00
3.750000000000000e-01, 2.613636363636364e-01, 0.000000000000000e+00
3.977272727272727e-01, 2.613636363636364e-01, -3.537825101507734e-04
4.204545454545455e-01, 2.613636363636364e-01, -7.075650203015476e-04
4.431818181818182e-01, 2.613636363636364e-01, -1.061347530452321e-03
4.659090909090909e-01, 2.613636363636364e-01, -1.415130040603095e-03
4.886363636363636e-01, 2.613636363636364e-01, -1.768912550753868e-03
5.113636363636364e-01, 2.613636363636364e-01, -1.896784202586823e-03
5.340909090909091e-01, 2.613636363636364e-01, -1.798744996101958e-03
5.568181818181818e-01, 2.613636363636364e-01, -1.700705789617093e-03
5.795454545454546e-01, 2.613636363636364e-01, -1.602666583132227e-03
6.022727272727273e-01, 2.613636363636364e-01, -1.504627376647362e-03
6.250000000000000e-01, 2.613636363636364e-01, -1.406588170162497e-03
6.477272727272727e-01, 2.613636363636364e-01, -1.133688079134606e-03
6.704545454545454e-01, 2.613636363636364e-01, -8.607879881067140e-04
6.931818181818182e-01, 2.613636363636364e-01, -5.878878970788210e-04
7.159090909090909e-01, 2.613636363636364e-01, -3.149878060509294e-04
7.386363636363636e-01, 2.613636363636364e-01, -4.208771502303772e-05
7.613636363636364e-01, 2.613636363636364e-01, 9.106766183520807e-05
7.840909090909091e-01, 2.613636363636364e-01, 8.447832452380803e-05
8.068181818181818e-01, 2.613636363636364e-01, 7.788898721240800e-05
8.295454545454546e-01, 2.613636363636364e-01, 7.129964990100792e-05
8.522727272727273e-01, 2.613636363636364e-01, 6.471031258960788e-05
8.750000000000000e-01, 2.613636363636364e-01, 5.812097527820785e-05
8.977272727272727e-01, 2.613636363636364e-01, -2.151095727223898e-04
9.204545454545454e-01, 2.613636363636364e-01, -4.883401207229874e-04
9.431818181818182e-01, 2.613636363636364e-01, -7.615706687235863e-04
9.659090909090909e-01, 2.613636363636364e-01, -1.034801216724184e-03
9.886363636363636e-01, 2.613636363636364e-01, -1.308031764724781e-03
1.136363636363636e-02, 2.840909090909091e-01, -1.557671442406430e-03
3.409090909090909e-02, 2.840909090909091e-01, -1.341669793785246e-03
5.681818181818182e-02, 2.840909090909091e-01, -1.125668145164062e-03
7.954545454545454e-02, 2.840909090909091e-01, -9.096664965428781e-04
1.022727272727273e-01, 2.840909090909091e-01, -6.936648479216939e-04
1.250000000000000e-01, 2.840909090909091e-01, -4.776631993005099e-04
1.477272727272727e-01, 2.840909090909091e-01, -3.908153448822354e-04
1.704545454545454e-01, 2.840909090909091e-01, -3.039674904639609e-04
1.931818181818182e-01, 2.840909090909091e-01, -2.171196360456864e-04
2.159090909090909e-01, 2.840909090909091e-01, -1.302717816274118e-04
2.386363636363636e-01, 2.840909090909091e-01, -4.342392720913722e-05
2.613636363636364e-01, 2.840909090909091e-01, 0.000000000000000e+00
2.840909090909091e-01, 2.840909090909091e-01, 0.000000000000000e+00
3.068181818181818e-01, 2.840909090909091e-01, 0.000000000000000e+00
3.295454545454545e-01, 2.840909090909091e-01, 0.000000000000000e+00
3.522727272727273e-01, 2.840909090909091e-01, 0.000000000000000e+00
3.750000000000000e-01, 2.840909090909091e-01, 0.000000000000000e+00
3.977272727272727e-01, 2.840909090909091e-01, -3.408118896696218e-04
4.204545454545455e-01, 2.840909090909091e-01, -6.816237793392444e-04
4.431818181818182e-01, 2.840909090909091e-01, -1.022435669008866e-03
4.659090909090909e-01, 2.840909090909091e-01, -1.363247558678488e-03
4.886363636363636e-01, 2.840909090909091e-01, -1.704059448348111e-03
5.113636363636364e-01, 2.840909090909091e-01, -1.806356769814474e-03
5.340909090909091e-01, 2.840909090909091e-01, -1.670139523077579e-03
5.568181818181818e-01, 2.840909090909091e-01, -1.533922276340684e-03
5.795454545454546e-01, 2.840909090909091e-01, -1.397705029603788e-03
6.022727272727273e-01, 2.840909090909091e-01, -1.261487782866893e-03
6.250000000000000e-01, 2.840909090909091e-01, -1.125270536129997e-03
6.477272727272727e-01, 2.840909090909091e-01, -8.692055311113208e-04
6.704545454545454e-01, 2.840909090909091e-01, -6.131405260926445e-04
6.931818181818182e-01, 2.840909090909091e-01, -3.570755210739666e-04
7.159090909090909e-01, 2.840909090909091e-01, -1.010105160552901e-04
7.386363636363636e-01, 2.840909090909091e-01, 1.550544889633865e-04
7.613636363636364e-01, 2.840909090909091e-01, 2.732029855056246e-04
7.840909090909091e-01, 2.840909090909091e-01, 2.534349735714245e-04
8.068181818181818e-01, 2.840909090909091e-01, 2.336669616372244e-04
8.295454545454546e-01, 2.840909090909091e-01, 2.138989497030241e-04
8.522727272727273e-01, 2.840909090909091e-01, 1.941309377688240e-04
8.750000000000000e-01, 2.840909090909091e-01, 1.743629258346238e-04
8.977272727272727e-01, 2.840909090909091e-01, -6.746990267713732e-05
9.204545454545454e-01, 2.840909090909091e-01, -3.093027311888985e-04
9.431818181818182e-01, 2.840909090909091e-01, -5.511355597006608e-04
9.659090909090909e-01, 2.840909090909091e-01, -7.929683882124220e-04
9.886363636363636e-01, 2.840909090909091e-01, -1.034801216724183e-03
1.136363636363636e-02, 3.068181818181818e-01, -1.618588357294009e-03
3.409090909090909e-02, 3.068181818181818e-01, -1.366520165730284e-03
5.681818181818182e-02, 3.068181818181818e-01, -1.114451974166558e-03
7.954545454545454e-02, 3.068181818181818e-01, -8.623837826028332e-04
1.022727272727273e-01, 3.068181818181818e-01, -6.103155910391078e-04
1.250000000000000e-01, 3.068181818181818e-01, -3.582473994753825e-04
1.477272727272727e-01, 3.068181818181818e-01, -2.931115086616766e-04
1.704545454545454e-01, 3.068181818181818e-01, -2.279756178479707e-04
1.931818181818182e-01, 3.068181818181818e-01, -1.628397270342648e-04
2.159090909090909e-01, 3.068181818181818e-01, -9.770383622055886e-05
2.386363636363636e-01, 3.068181818181818e-01, -3.256794540685293e-05
2.613636363636364e-01, 3.068181818181818e-01, 0.000000000000000e+00
2.840909090909091e-01, 3.068181818181818e-01, 0.000000000000000e+00
3.068181818181818e-01, 3.068181818181818e-01, 0.000000000000000e+00
3.295454545454545e-01, 3.068181818181818e-01, 0.000000000000000e+00
3.522727272727273e-01, 3.068181818181818e-01, 0.000000000000000e+00
3.750000000000000e-01, 3.068181818181818e-01, 0.000000000000000e+00
3.977272727272727e-01, 3.068181818181818e-01, -3.278412691884703e-04
4.204545454545455e-01, 3.068181818181818e-01, -6.556825383769414e-04
4.431818181818182e-01, 3.068181818181818e-01, -9.835238075654117e-04
4.659090909090909e-01, 3.068181818181818e-01, -1.311365076753882e-03
4.886363636363636e-01, 3.068181818181818e-01, -1.639206345942353e-03
5.113636363636364e-01, 3.068181818181818e-01, -1.715929337042126e-03
5.340909090909091e-01, 3.068181818181818e-01, -1.541534050053200e-03
5.568181818181818e-01, 3.068181818181818e-01, -1.367138763064275e-03
5.795454545454546e-01, 3.068181818181818e-01, -1.192743476075349e-03
6.022727272727273e-01, 3.068181818181818e-01, -1.018348189086424e-03
6.250000000000000e-01, 3.068181818181818e-01, -8.439529020974983e-04
6.477272727272727e-01, 3.068181818181818e-01, -6.047229830880368e-04
6.704545454545454e-01, 3.068181818181818e-01, -3.654930640785754e-04
6.931818181818182e-01, 3.068181818181818e-01, -1.262631450691127e-04
7.159090909090909e-01, 3.068181818181818e-01, 1.129667739403487e-04
7.386363636363636e-01, 3.068181818181818e-01, 3.521966929498102e-04
7.613636363636364e-01, 3.068181818181818e-01, 4.553383091760408e-04
7.840909090909091e-01, 3.068181818181818e-01, 4.223916226190406e-04
8.068181818181818e-01, 3.068181818181818e-01, 3.894449360620403e-04
8.295454545454546e-01, 3.068181818181818e-01, 3.564982495050400e-04
8.522727272727273e-01, 3.068181818181818e-01, 3.235515629480397e-04
8.750000000000000e-01, 3.068181818181818e-01, 2.906048763910395e-04
8.977272727272727e-01, 3.068181818181818e-01, 8.016976736811471e-05
9.204545454545454e-01, 3.068181818181818e-01, -1.302653416548101e-04
9.431818181818182e-01, 3.068181818181818e-01, -3.407004506777359e-04
9.659090909090909e-01, 3.068181818181818e-01, -5.511355597006608e-04
9.886363636363636e-01, 3.068181818181818e-01, -7.615706687235856e-04
1.136363636363636e-02, 3.295454545454545e-01, -1.679505272181588e-03
3.409090909090909e-02, 3.295454545454545e-01, -1.391370537675322e-03
5.681818181818182e-02, 3.295454545454545e-01, -1.103235803169055e-03
7.954545454545454e-02, 3.295454545454545e-01, -8.151010686627885e-04
1.022727272727273e-01, 3.295454545454545e-01, -5.269663341565217e-04
1.250000000000000e-01, 3.295454545454545e-01, -2.388315996502551e-04
1.477272727272727e-01, 3.295454545454545e-01, -1.954076724411178e-04
1.704545454545454e-01, 3.295454545454545e-01, -1.519837452319805e-04
1.931818181818182e-01, 3.295454545454545e-01, -1.085598180228432e-04
2.159090909090909e-01, 3.295454545454545e-01, -6.513589081370594e-05
2.386363636363636e-01, 3.295454545454545e-01, -2.171196360456862e-05
2.613636363636364e-01, 3.295454545454545e-01, 0.000000000000000e+00
2.840909090909091e-01, 3.295454545454545e-01, 0.000000000000000e+00
3.068181818181818e-01, 3.295454545454545e-01, 0.000000000000000e+00
3.295454545454545e-01, 3.295454545454545e-01, 0.000000000000000e+00
3.522727272727273e-01, 3.295454545454545e-01, 0.000000000000000e+00
3.750000000000000e-01, 3.295454545454545e-01, 0.000000000000000e+00
3.977272727272727e-01, 3.295454545454545e-01, -3.148706487073188e-04
4.204545454545455e-01, 3.295454545454545e-01, -6.297412974146383e-04
4.431818181818182e-01, 3.295454545454545e-01, -9.446119461219572e-04
4.659090909090909e-01, 3.295454545454545e-01, -1.259482594829276e-03
4.886363636363636e-01, 3.295454545454545e-01, -1.574353243536596e-03
5.113636363636364e-01, 3.295454545454545e-01, -1.625501904269777e-03
5.340909090909091e-01, 3.295454545454545e-01, -1.412928577028822e-03
5.568181818181818e-01, 3.295454545454545e-01, -1.200355249787866e-03
5.795454545454546e-01, 3.295454545454545e-01, -9.877819225469100e-04
6.022727272727273e-01, 3.295454545454545e-01, -7.752085953059545e-04
6.250000000000000e-01, 3.295454545454545e-01, -5.626352680649990e-04
6.477272727272727e-01, 3.295454545454545e-01, -3.402404350647527e-04
6.704545454545454e-01, 3.295454545454545e-01, -1.178456020645063e-04
6.931818181818182e-01, 3.295454545454545e-01, 1.045492309357411e-04
7.159090909090909e-01, 3.295454545454545e-01, 3.269440639359875e-04
7.386363636363636e-01, 3.295454545454545e-01, 5.493388969362340e-04
7.613636363636364e-01, 3.295454545454545e-01, 6.374736328464570e-04
7.840909090909091e-01, 3.295454545454545e-01, 5.913482716666566e-04
8.068181818181818e-01, 3.295454545454545e-01, 5.452229104868563e-04
8.295454545454546e-01, 3.295454545454545e-01, 4.990975493070558e-04
8.522727272727273e-01, 3.295454545454545e-01, 4.529721881272555e-04
8.750000000000000e-01, 3.295454545454545e-01, 4.068468269474552e-04
8.977272727272727e-01, 3.295454545454545e-01, 2.278094374133667e-04
9.204545454545454e-01, 3.295454545454545e-01, 4.877204787927830e-05
9.431818181818182e-01, 3.295454545454545e-01, -1.302653416548110e-04
9.659090909090909e-01, 3.295454545454545e-01, -3.093027311888995e-04
9.886363636363636e-01, 3.295454545454545e-01, -4.883401207229879e-04
1.136363636363636e-02, 3.522727272727273e-01, -1.740422187069168e-03
3.409090909090909e-02, 3.522727272727273e-01, -1.416220909620360e-03
5.681818181818182e-02, 3.522727272727273e-01, -1.092019632171552e-03
7.954545454545454e-02, 3.522727272727273e-01, -7.678183547227436e-04
1.022727272727273e-01, 3.522727272727273e-01, -4.436170772739354e-04
1.250000000000000e-01, 3.522727272727273e-01, -1.194157998251274e-04
1.477272727272727e-01, 3.522727272727273e-01, -9.770383622055879e-05
1.704545454545454e-01, 3.522727272727273e-01, -7.599187261599018e-05
1.931818181818182e-01, 3.522727272727273e-01, -5.427990901142155e-05
2.159090909090909e-01, 3.522727272727273e-01, -3.256794540685293e-05
2.386363636363636e-01, 3.522727272727273e-01, -1.085598180228430e-05
2.613636363636364e-01, 3.522727272727273e-01, 0.000000000000000e+00
2.840909090909091e-01, 3.522727272727273e-01, 0.000000000000000e+00
3.068181818181818e-01, 3.522727272727273e-01, 0.000000000000000e+00
3.295454545454545e-01, 3.522727272727273e-01, 0.000000000000000e+00
3.522727272727273e-01, 3.522727272727273e-01, 0.000000000000000e+00
3.750000000000000e-01, 3.522727272727273e-01, 0.000000000000000e+00
3.977272727272727e-01, 3.522727272727273e-01, -3.019000282261672e-04
4.204545454545455e-01, 3.522727272727273e-01, -6.038000564523353e-04
4.431818181818182e-01, 3.522727272727273e-01, -9.057000846785026e-04
4.659090909090909e-01, 3.522727272727273e-01, -1.207600112904670e-03
4.886363636363636e-01, 3.522727272727273e-01, -1.509500141130838e-03
5.113636363636364e-01, 3.522727272727273e-01, -1.535074471497429e-03
5.340909090909091e-01, 3.522727272727273e-01, -1.284323104004443e-03
5.568181818181818e-01, 3.522727272727273e-01, -1.033571736511457e-03
5.795454545454546e-01, 3.522727272727273e-01, -7.828203690184704e-04
6.022727272727273e-01, 3.522727272727273e-01, -5.320690015254848e-04
6.250000000000000e-01, 3.522727272727273e-01, -2.813176340324992e-04
6.477272727272727e-01, 3.522727272727273e-01, -7.575788704146792e-05
6.704545454545454e-01, 3.522727272727273e-01, 1.298018599495633e-04
6.931818181818182e-01, 3.522727272727273e-01, 3.353616069405956e-04
7.159090909090909e-01, 3.522727272727273e-01, 5.409213539316269e-04
7.386363636363636e-01, 3.522727272727273e-01, 7.464811009226580e-04
7.613636363636364e-01, 3.522727272727273e-01, 8.196089565168735e-04
7.840909090909091e-01, 3.522727272727273e-01, 7.603049207142732e-04
8.068181818181818e-01, 3.522727272727273e-01, 7.010008849116727e-04
8.295454545454546e-01, 3.522727272727273e-01, 6.416968491090720e-04
8.522727272727273e-01, 3.522727272727273e-01, 5.823928133064716e-04
8.750000000000000e-01, 3.522727272727273e-01, 5.230887775038712e-04
8.977272727272727e-01, 3.522727272727273e-01, 3.754491074586191e-04
9.204545454545454e-01, 3.522727272727273e-01, 2.278094374133671e-04
9.431818181818182e-01, 3.522727272727273e-01, 8.016976736811436e-05
9.659090909090909e-01, 3.522727272727273e-01, -6.746990267713767e-05
9.886363636363636e-01, 3.522727272727273e-01, -2.151095727223898e-04
1.136363636363636e-02, 3.750000000000000e-01, -1.801339101956747e-03
3.409090909090909e-02, 3.750000000000000e-01, -1.441071281565398e-03
5.681818181818182e-02, 3.750000000000000e-01, -1.080803461174048e-03
7.954545454545454e-02, 3.750000000000000e-01, -7.205356407826989e-04
1.022727272727273e-01, 3.750000000000000e-01, -3.602678203913494e-04
1.250000000000000e-01, 3.750000000000000e-01, 0.000000000000000e+00
1.477272727272727e-01, 3.750000000000000e-01, 0.000000000000000e+00
1.704545454545454e-01, 3.750000000000000e-01, 0.000000000000000e+00
1.931818181818182e-01, 3.750000000000000e-01, 0.000000000000000e+00
2.159090909090909e-01, 3.750000000000000e-01, 0.000000000000000e+00
2.386363636363636e-01, 3.750000000000000e-01, 0.000000000000000e+00
2.613636363636364e-01, 3.750000000000000e-01, 0.000000000000000e+00
2.840909090909091e-01, 3.750000000000000e-01, 0.000000000000000e+00
3.068181818181818e-01, 3.750000000000000e-01, 0.000000000000000e+00
3.295454545454545e-01, 3.750000000000000e-01, 0.000000000000000e+00
3.522727272727273e-01, 3.750000000000000e-01, 0.000000000000000e+00
3.750000000000000e-01, 3.750000000000000e-01, 0.000000000000000e+00
3.977272727272727e-01, 3.750000000000000e-01, -2.889294077450158e-04
4.204545454545455e-01, 3.750000000000000e-01, -5.778588154900323e-04
4.431818181818182e-01, 3.750000000000000e-01, -8.667882232350479e-04
4.659090909090909e-01, 3.750000000000000e-01, -1.155717630980064e-03
4.886363636363636e-01, 3.750000000000000e-01, -1.444647038725080e-03
5.113636363636364e-01, 3.750000000000000e-01, -1.444647038725080e-03
5.340909090909091e-01, 3.750000000000000e-01, -1.155717630980065e-03
5.568181818181818e-01, 3.750000000000000e-01, -8.667882232350487e-04
5.795454545454546e-01, 3.750000000000000e-01, -5.778588154900315e-04
6.022727272727273e-01, 3.750000000000000e-01, -2.889294077450158e-04
6.250000000000000e-01, 3.750000000000000e-01, 0.000000000000000e+00
6.477272727272727e-01, 3.750000000000000e-01, 1.887246609818162e-04
6.704545454545454e-01, 3.750000000000000e-01, 3.774493219636324e-04
6.931818181818182e-01, 3.750000000000000e-01, 5.661739829454495e-04
7.159090909090909e-01, 3.750000000000000e-01, 7.548986439272657e-04
7.386363636363636e-01, 3.750000000000000e-01, 9.436233049090819e-04
7.613636363636364e-01, 3.750000000000000e-01, 1.001744280187290e-03
7.840909090909091e-01, 3.750000000000000e-01, 9.292615697618893e-04
8.068181818181818e-01, 3.750000000000000e-01, 8.567788593364888e-04
8.295454545454546e-01, 3.750000000000000e-01, 7.842961489110879e-04
8.522727272727273e-01, 3.750000000000000e-01, 7.118134384856874e-04
8.750000000000000e-01, 3.750000000000000e-01, 6.393307280602869e-04
8.977272727272727e-01, 3.750000000000000e-01, 5.230887775038712e-04
9.204545454545454e-01, 3.750000000000000e-01, 4.068468269474555e-04
9.431818181818182e-01, 3.750000000000000e-01, 2.906048763910392e-04
9.659090909090909e-01, 3.750000000000000e-01, 1.743629258346235e-04
9.886363636363636e-01, 3.750000000000000e-01, 5.812097527820785e-05
1.136363636363636e-02, 3.977272727272727e-01, -1.285553268695175e-03
3.409090909090909e-02, 3.977272727272727e-01, -9.916987445270106e-04
5.681818181818182e-02, 3.977272727272727e-01, -6.978442203588466e-04
7.954545454545454e-02, 3.977272727272727e-01, -4.039896961906825e-04
1.022727272727273e-01, 3.977272727272727e-01, -1.101351720225185e-04
1.250000000000000e-01, 3.977272727272727e-01, 1.837193521456455e-04
1.477272727272727e-01, 3.977272727272727e-01, 1.439148208548658e-04
1.704545454545454e-01, 3.977272727272727e-01, 1.041102895640863e-04
1.931818181818182e-01, 3.977272727272727e-01, 6.430575827330664e-05
2.159090909090909e-01, 3.977272727272727e-01, 2.450122698252702e-05
2.386363636363636e-01, 3.977272727272727e-01, -1.530330430825260e-05
2.613636363636364e-01, 3.977272727272727e-01, -2.143761354363712e-05
2.840909090909091e-01, 3.977272727272727e-01, 6.098299276373487e-06
3.068181818181818e-01, 3.977272727272727e-01, 3.363421209638402e-05
3.295454545454545e-01, 3.977272727272727e-01, 6.117012491639456e-05
3.522727272727273e-01, 3.977272727272727e-01, 8.870603773640515e-05
3.750000000000000e-01, 3.977272727272727e-01, 1.162419505564157e-04
3.977272727272727e-01, 3.977272727272727e-01, -1.078862191278282e-04
4.204545454545455e-01, 3.977272727272727e-01, -3.320143888120727e-04
4.431818181818182e-01, 3.977272727272727e-01, -5.561425584963166e-04
4.659090909090909e-01, 3.977272727272727e-01, -7.802707281805603e-04
4.886363636363636e-01, 3.977272727272727e-01, -1.004398897864805e-03
5.113636363636364e-01, 3.977272727272727e-01, -1.009681912604503e-03
5.340909090909091e-01, 3.977272727272727e-01, -7.961197723996541e-04
5.568181818181818e-01, 3.977272727272727e-01, -5.825576321948053e-04
5.795454545454546e-01, 3.977272727272727e-01, -3.689954919899558e-04
6.022727272727273e-01, 3.977272727272727e-01, -1.554333517851073e-04
6.250000000000000e-01, 3.977272727272727e-01, 5.812878841974128e-05
6.477272727272727e-01, 3.977272727272727e-01, 1.409758962175124e-04
6.704545454545454e-01, 3.977272727272727e-01, 2.238230040152835e-04
6.931818181818182e-01, 3.977272727272727e-01, 3.066701118130550e-04
7.159090909090909e-01, 3.977272727272727e-01, 3.895172196108262e-04
7.386363636363636e-01, 3.977272727272727e-01, 4.723643274085972e-04
7.613636363636364e-01, 3.977272727272727e-01, 5.114329109659143e-04
7.840909090909091e-01, 3.977272727272727e-01, 5.067229702827773e-04
8.068181818181818e-01, 3.977272727272727e-01, 5.020130295996401e-04
8.295454545454546e-01, 3.977272727272727e-01, 4.973030889165029e-04
8.522727272727273e-01, 3.977272727272727e-01, 4.925931482333658e-04
8.750000000000000e-01, 3.977272727272727e-01, 4.878832075502288e-04
8.977272727272727e-01, 3.977272727272727e-01, 4.097460404355948e-04
9.204545454545454e-01, 3.977272727272727e-01, 3.316088733209607e-04
9.431818181818182e-01, 3.977272727272727e-01, 2.534717062063263e-04
9.659090909090909e-01, 3.977272727272727e-01, 1.753345390916923e-04
9.886363636363636e-01, 3.977272727272727e-01, 9.719737197705830e-05
1.136363636363636e-02, 4.204545454545455e-01, -7.697674354336006e-04
3.409090909090909e-02, 4.204545454545455e-01, -5.423262074886223e-04
5.681818181818182e-02, 4.204545454545455e-01, -3.148849795436439e-04
7.954545454545454e-02, 4.204545454545455e-01, -8.744375159866545e-05
1.022727272727273e-01, 4.204545454545455e-01, 1.399974763463130e-04
1.250000000000000e-01, 4.204545454545455e-01, 3.674387042912913e-04
1.477272727272727e-01, 4.204545454545455e-01, 2.878296417097320e-04
1.704545454545454e-01, 4.204545454545455e-01, 2.082205791281728e-04
1.931818181818182e-01, 4.204545454545455e-01, 1.286115165466134e-04
2.159090909090909e-01, 4.204545454545455e-01, 4.900245396505410e-05
2.386363636363636e-01, 4.204545454545455e-01, -3.060660861650524e-05
2.613636363636364e-01, 4.204545454545455e-01, -4.287522708727429e-05
2.840909090909091e-01, 4.204545454545455e-01, 1.219659855274697e-05
3.068181818181818e-01, 4.204545454545455e-01, 6.726842419276812e-05
3.295454545454545e-01, 4.204545454545455e-01, 1.223402498327893e-04
3.522727272727273e-01, 4.204545454545455e-01, 1.774120754728106e-04
3.750000000000000e-01, 4.204545454545455e-01, 2.324839011128317e-04
3.977272727272727e-01, 4.204545454545455e-01, 7.315696948935981e-05
4.204545454545455e-01, 4.204545454545455e-01, -8.616996213411246e-05
4.431818181818182e-01, 4.204545454545455e-01, -2.454968937575843e-04
4.659090909090909e-01, 4.204545454545455e-01, -4.048238253810563e-04
4.886363636363636e-01, 4.204545454545455e-01, -5.641507570045286e-04
5.113636363636364e-01, 4.204545454545455e-01, -5.747167864839240e-04
5.340909090909091e-01, 4.204545454545455e-01, -4.365219138192427e-04
5.568181818181818e-01, 4.204545454545455e-01, -2.983270411545615e-04
5.795454545454546e-01, 4.204545454545455e-01, -1.601321684898797e-04
6.022727272727273e-01, 4.204545454545455e-01, -2.193729582519847e-05
6.250000000000000e-01, 4.204545454545455e-01, 1.162575768394827e-04
6.477272727272727e-01, 4.204545454545455e-01, 9.322713145320850e-05
6.704545454545454e-01, 4.204545454545455e-01, 7.019668606693429e-05
6.931818181818182e-01, 4.204545454545455e-01, 4.716624068065990e-05
7.159090909090909e-01, 4.204545454545455e-01, 2.413579529438566e-05
7.386363636363636e-01, 4.204545454545455e-01, 1.105349908111534e-06
7.613636363636364e-01, 4.204545454545455e-01, 2.112154174453772e-05
7.840909090909091e-01, 4.204545454545455e-01, 8.418437080366398e-05
8.068181818181818e-01, 4.204545454545455e-01, 1.472471998627905e-04
8.295454545454546e-01, 4.204545454545455e-01, 2.103100289219173e-04
8.522727272727273e-01, 4.204545454545455e-01, 2.733728579810439e-04
8.750000000000000e-01, 4.204545454545455e-01, 3.364356870401704e-04
8.977272727272727e-01, 4.204545454545455e-01, 2.964033033673181e-04
9.204545454545454e-01, 4.204545454545455e-01, 2.563709196944658e-04
9.431818181818182e-01, 4.204545454545455e-01, 2.163385360216133e-04
9.659090909090909e-01, 4.204545454545455e-01, 1.763061523487611e-04
9.886363636363636e-01, 4.204545454545455e-01, 1.362737686759088e-04
1.136363636363636e-02, 4.431818181818182e-01, -2.539816021720280e-04
3.409090909090909e-02, 4.431818181818182e-01, -9.295367045023537e-05
5.681818181818182e-02, 4.431818181818182e-01, 6.807426127155777e-05
7.954545454545454e-02, 4.431818181818182e-01, 2.291021929933508e-04
1.022727272727273e-01, 4.431818181818182e-01, 3.901301247151438e-04
1.250000000000000e-01, 4.431818181818182e-01, 5.511580564369368e-04
1.477272727272727e-01, 4.431818181818182e-01, 4.317444625645979e-04
1.704545454545454e-01, 4.431818181818182e-01, 3.123308686922591e-04
1.931818181818182e-01, 4.431818181818182e-01, 1.929172748199200e-04
2.159090909090909e-01, 4.431818181818182e-01, 7.350368094758111e-05
2.386363636363636e-01, 4.431818181818182e-01, -4.590991292475785e-05
2.613636363636364e-01, 4.431818181818182e-01, -6.431284063091141e-05
2.840909090909091e-01, 4.431818181818182e-01, 1.829489782912047e-05
3.068181818181818e-01, 4.431818181818182e-01, 1.009026362891521e-04
3.295454545454545e-01, 4.431818181818182e-01, 1.835103747491838e-04
3.522727272727273e-01, 4.431818181818182e-01, 2.661181132092157e-04
3.750000000000000e-01, 4.431818181818182e-01, 3.487258516692474e-04
3.977272727272727e-01, 4.431818181818182e-01, 2.542001581065473e-04
4.204545454545455e-01, 4.431818181818182e-01, 1.596744645438471e-04
4.431818181818182e-01, 4.431818181818182e-01, 6.514877098114701e-05
4.659090909090909e-01, 4.431818181818182e-01, -2.937692258155303e-05
4.886363636363636e-01, 4.431818181818182e-01, -1.239026161442533e-04
5.113636363636364e-01, 4.431818181818182e-01, -1.397516603633463e-04
5.340909090909091e-01, 4.431818181818182e-01, -7.692405523883220e-05
5.568181818181818e-01, 4.431818181818182e-01, -1.409645011431833e-05
5.795454545454546e-01, 4.431818181818182e-01, 4.873115501019600e-05
6.022727272727273e-01, 4.431818181818182e-01, 1.115587601347100e-04
6.250000000000000e-01, 4.431818181818182e-01, 1.743863652592240e-04
6.477272727272727e-01, 4.431818181818182e-01, 4.547836668890469e-05
6.704545454545454e-01, 4.431818181818182e-01, -8.342963188141460e-05
6.931818181818182e-01, 4.431818181818182e-01, -2.123376304517345e-04
7.159090909090909e-01, 4.431818181818182e-01, -3.412456290220539e-04
7.386363636363636e-01, 4.431818181818182e-01, -4.701536275923732e-04
7.613636363636364e-01, 4.431818181818182e-01, -4.691898274768379e-04
7.840909090909091e-01, 4.431818181818182e-01, -3.383542286754480e-04
8.068181818181818e-01, 4.431818181818182e-01, -2.075186298740580e-04
8.295454545454546e-01, 4.431818181818182e-01, -7.668303107266752e-05
8.522727272727273e-01, 4.431818181818182e-01, 5.415256772872237e-05
8.750000000000000e-01, 4.431818181818182e-01, 1.849881665301123e-04
8.977272727272727e-01, 4.431818181818182e-01, 1.830605662990416e-04
9.204545454545454e-01, 4.431818181818182e-01, 1.811329660679711e-04
9.431818181818182e-01, 4.431818181818182e-01, 1.792053658369004e-04
9.659090909090909e-01, 4.431818181818182e-01, 1.772777656058299e-04
9.886363636363636e-01, 4.431818181818182e-01, 1.753501653747593e-04
1.136363636363636e-02, 4.659090909090909e-01, 2.618042310895444e-04
3.409090909090909e-02, 4.659090909090909e-01, 3.564188665881520e-04
5.681818181818182e-02, 4.659090909090909e-01, 4.510335020867596e-04
7.954545454545454e-02, 4.659090909090909e-01, 5.456481375853671e-04
1.022727272727273e-01, 4.659090909090909e-01, 6.402627730839747e-04
1.250000000000000e-01, 4.659090909090909e-01, 7.348774085825823e-04
1.477272727272727e-01, 4.659090909090909e-01, 5.756592834194636e-04
1.704545454545454e-01, 4.659090909090909e-01, 4.164411582563453e-04
1.931818181818182e-01, 4.659090909090909e-01, 2.572230330932267e-04
2.159090909090909e-01, 4.659090909090909e-01, 9.800490793010814e-05
2.386363636363636e-01, 4.659090909090909e-01, -6.121321723301047e-05
2.613636363636364e-01, 4.659090909090909e-01, -8.575045417454855e-05
2.840909090909091e-01, 4.659090909090909e-01, 2.439319710549394e-05
3.068181818181818e-01, 4.659090909090909e-01, 1.345368483855362e-04
3.295454545454545e-01, 4.659090909090909e-01, 2.446804996655784e-04
3.522727272727273e-01, 4.659090909090909e-01, 3.548241509456208e-04
3.750000000000000e-01, 4.659090909090909e-01, 4.649678022256631e-04
3.977272727272727e-01, 4.659090909090909e-01, 4.352433467237348e-04
4.204545454545455e-01, 4.659090909090909e-01, 4.055188912218066e-04
4.431818181818182e-01, 4.659090909090909e-01, 3.757944357198785e-04
4.659090909090909e-01, 4.659090909090909e-01, 3.460699802179502e-04
4.886363636363636e-01, 4.659090909090909e-01, 3.163455247160220e-04
5.113636363636364e-01, 4.659090909090909e-01, 2.952134657572313e-04
5.340909090909091e-01, 4.659090909090909e-01, 2.826738033415781e-04
5.568181818181818e-01, 4.659090909090909e-01, 2.701341409259249e-04
5.795454545454546e-01, 4.659090909090909e-01, 2.575944785102716e-04
6.022727272727273e-01, 4.659090909090909e-01, 2.450548160946185e-04
6.250000000000000e-01, 4.659090909090909e-01, 2.325151536789653e-04
6.477272727272727e-01, 4.659090909090909e-01, -2.270398075399104e-06
6.704545454545454e-01, 4.659090909090909e-01, -2.370559498297634e-04
6.931818181818182e-01, 4.659090909090909e-01, -4.718415015841290e-04
7.159090909090909e-01, 4.659090909090909e-01, -7.066270533384934e-04
7.386363636363636e-01, 4.659090909090909e-01, -9.414126050928577e-04
7.613636363636364e-01, 4.659090909090909e-01, -9.595011966982135e-04
7.840909090909091e-01, 4.659090909090909e-01, -7.608928281545600e-04
8.068181818181818e-01, 4.659090909090909e-01, -5.622844596109068e-04
8.295454545454546e-01, 4.659090909090909e-01, -3.636760910672524e-04
8.522727272727273e-01, 4.659090909090909e-01, -1.650677225235991e-04
8.750000000000000e-01, 4.659090909090909e-01, 3.354064602005419e-05
8.977272727272727e-01, 4.659090909090909e-01, 6.971782923076525e-05
9.204545454545454e-01, 4.659090909090909e-01, 1.058950124414763e-04
9.431818181818182e-01, 4.659090909090909e-01, 1.420721956521876e-04
9.659090909090909e-01, 4.659090909090909e-01, 1.782493788628986e-04
9.886363636363636e-01, 4.659090909090909e-01, 2.144265620736098e-04
1.136363636363636e-02, 4.886363636363636e-01, 7.775900643511183e-04
3.409090909090909e-02, 4.886363636363636e-01, 8.057914036265402e-04
5.681818181818182e-02, 4.886363636363636e-01, 8.339927429019621e-04
7.954545454545454e-02, 4.886363636363636e-01, 8.621940821773842e-04
1.022727272727273e-01, 4.886363636363636e-01, 8.903954214528062e-04
1.250000000000000e-01, 4.886363636363636e-01, 9.185967607282282e-04
1.477272727272727e-01, 4.886363636363636e-01, 7.195741042743299e-04
1.704545454545454e-01, 4.886363636363636e-01, 5.205514478204318e-04
1.931818181818182e-01, 4.886363636363636e-01, 3.215287913665335e-04
2.159090909090909e-01, 4.886363636363636e-01, 1.225061349126352e-04
2.386363636363636e-01, 4.886363636363636e-01, -7.651652154126307e-05
2.613636363636364e-01, 4.886363636363636e-01, -1.071880677181857e-04
2.840909090909091e-01, 4.886363636363636e-01, 3.049149638186742e-05
3.068181818181818e-01, 4.886363636363636e-01, 1.681710604819202e-04
3.295454545454545e-01, 4.886363636363636e-01, 3.058506245819731e-04
3.522727272727273e-01, 4.886363636363636e-01, 4.435301886820262e-04
3.750000000000000e-01, 4.886363636363636e-01, 5.812097527820790e-04
3.977272727272727e-01, 4.886363636363636e-01, 6.162865353409228e-04
4.204545454545455e-01, 4.886363636363636e-01, 6.513633178997668e-04
4.431818181818182e-01, 4.886363636363636e-01, 6.864401004586106e-04
4.659090909090909e-01, 4.886363636363636e-01, 7.215168830174546e-04
4.886363636363636e-01, 4.886363636363636e-01, 7.565936655762984e-04
5.113636363636364e-01, 4.886363636363636e-01, 7.301785918778099e-04
5.340909090909091e-01, 4.886363636363636e-01, 6.422716619219895e-04
5.568181818181818e-01, 4.886363636363636e-01, 5.543647319661688e-04
5.795454545454546e-01, 4.886363636363636e-01, 4.664578020103478e-04
6.022727272727273e-01, 4.886363636363636e-01, 3.785508720545273e-04
6.250000000000000e-01, 4.886363636363636e-01, 2.906439420987067e-04
6.477272727272727e-01, 4.886363636363636e-01, -5.001916283970301e-05
6.704545454545454e-01, 4.886363636363636e-01, -3.906822677781127e-04
6.931818181818182e-01, 4.886363636363636e-01, -7.313453727165240e-04
7.159090909090909e-01, 4.886363636363636e-01, -1.072008477654934e-03
7.386363636363636e-01, 4.886363636363636e-01, -1.412671582593343e-03
7.613636363636364e-01, 4.886363636363636e-01, -1.449812565919590e-03
7.840909090909091e-01, 4.886363636363636e-01, -1.183431427633673e-03
8.068181818181818e-01, 4.886363636363636e-01, -9.170502893477561e-04
8.295454545454546e-01, 4.886363636363636e-01, -6.506691510618379e-04
8.522727272727273e-01, 4.886363636363636e-01, -3.842880127759212e-04
8.750000000000000e-01, 4.886363636363636e-01, -1.179068744900043e-04
8.977272727272727e-01, 4.886363636363636e-01, -4.362490783751144e-05
9.204545454545454e-01, 4.886363636363636e-01, 3.065705881498141e-05
9.431818181818182e-01, 4.886363636363636e-01, 1.049390254674746e-04
9.659090909090909e-01, 4.886363636363636e-01, 1.792209921199674e-04
9.886363636363636e-01, 4.886363636363636e-01, 2.535029587724603e-04
1.136363636363636e-02, 5.113636363636364e-01, 8.567249919544946e-04
3.409090909090909e-02, 5.113636363636364e-01, 8.023441658704477e-04
5.681818181818182e-02, 5.113636363636364e-01, 7.479633397864008e-04
7.954545454545454e-02, 5.113636363636364e-01, 6.935825137023539e-04
1.022727272727273e-01, 5.113636363636364e-01, 6.392016876183069e-04
1.250000000000000e-01, 5.113636363636364e-01, 5.848208615342599e-04
1.477272727272727e-01, 5.113636363636364e-01, 4.159871782873840e-04
1.704545454545454e-01, 5.113636363636364e-01, 2.471534950405082e-04
1.931818181818182e-01, 5.113636363636364e-01, 7.831981179363219e-05
2.159090909090909e-01, 5.113636363636364e-01, -9.051387145324377e-05
2.386363636363636e-01, 5.113636363636364e-01, -2.593475547001197e-04
2.613636363636364e-01, 5.113636363636364e-01, -2.651038282150965e-04
2.840909090909091e-01, 5.113636363636364e-01, -1.077826919981739e-04
3.068181818181818e-01, 5.113636363636364e-01, 4.953844421874829e-05
3.295454545454545e-01, 5.113636363636364e-01, 2.068595804356705e-04
3.522727272727273e-01, 5.113636363636364e-01, 3.641807166525931e-04
3.750000000000000e-01, 5.113636363636364e-01, 5.215018528695153e-04
3.977272727272727e-01, 5.113636363636364e-01, 5.681265966590540e-04
4.204545454545455e-01, 5.113636363636364e-01, 6.147513404485929e-04
4.431818181818182e-01, 5.113636363636364e-01, 6.613760842381314e-04
4.659090909090909e-01, 5.113636363636364e-01, 7.080008280276705e-04
4.886363636363636e-01, 5.113636363636364e-01, 7.546255718172091e-04
5.113636363636364e-01, 5.113636363636364e-01, 6.920185430983768e-04
5.340909090909091e-01, 5.113636363636364e-01, 5.201797418711730e-04
5.568181818181818e-01, 5.113636363636364e-01, 3.483409406439693e-04
5.795454545454546e-01, 5.113636363636364e-01, 1.765021394167648e-04
6.022727272727273e-01, 5.113636363636364e-01, 4.663338189561051e-06
6.250000000000000e-01, 5.113636363636364e-01, -1.671754630376426e-04
6.477272727272727e-01, 5.113636363636364e-01, -5.024419906212391e-04
6.704545454545454e-01, 5.113636363636364e-01, -8.377085182048355e-04
6.931818181818182e-01, 5.113636363636364e-01, -1.172975045788434e-03
7.159090909090909e-01, 5.113636363636364e-01, -1.508241573372030e-03
7.386363636363636e-01, 5.113636363636364e-01, -1.843508100955626e-03
7.613636363636364e-01, 5.113636363636364e-01, -1.857100028568974e-03
7.840909090909091e-01, 5.113636363636364e-01, -1.549017356212072e-03
8.068181818181818e-01, 5.113636363636364e-01, -1.240934683855170e-03
8.295454545454546e-01, 5.113636363636364e-01, -9.328520114982658e-04
8.522727272727273e-01, 5.113636363636364e-01, -6.247693391413637e-04
8.750000000000000e-01, 5.113636363636364e-01, -3.166866667844617e-04
8.977272727272727e-01, 5.113636363636364e-01, -2.390145397503720e-04
9.204545454545454e-01, 5.113636363636364e-01, -1.613424127162823e-04
9.431818181818182e-01, 5.113636363636364e-01, -8.367028568219218e-05
9.659090909090909e-01, 5.113636363636364e-01, -5.998158648102440e-06
9.886363636363636e-01, 5.113636363636364e-01, 7.167396838598725e-05
1.136363636363636e-02, 5.340909090909091e-01, 4.992090138996749e-04
3.409090909090909e-02, 5.340909090909091e-01, 3.460771533198756e-04
5.681818181818182e-02, 5.340909090909091e-01, 1.929452927400760e-04
7.954545454545454e-02, 5.340909090909091e-01, 3.981343216027678e-05
1.022727272727273e-01, 5.340909090909091e-01, -1.133184284195226e-04
1.250000000000000e-01, 5.340909090909091e-01, -2.664502889993221e-04
1.477272727272727e-01, 5.340909090909091e-01, -3.351014945413736e-04
1.704545454545454e-01, 5.340909090909091e-01, -4.037527000834253e-04
1.931818181818182e-01, 5.340909090909091e-01, -4.724039056254770e-04
2.159090909090909e-01, 5.340909090909091e-01, -5.410551111675287e-04
2.386363636363636e-01, 5.340909090909091e-01, -6.097063167095804e-04
2.613636363636364e-01, 5.340909090909091e-01, -5.594977356652809e-04
2.840909090909091e-01, 5.340909090909091e-01, -3.904293680346300e-04
3.068181818181818e-01, 5.340909090909091e-01, -2.213610004039796e-04
3.295454545454545e-01, 5.340909090909091e-01, -5.229263277332908e-05
3.522727272727273e-01, 5.340909090909091e-01, 1.167757348573218e-04
3.750000000000000e-01, 5.340909090909091e-01, 2.858441024879723e-04
3.977272727272727e-01, 5.340909090909091e-01, 2.907635306781289e-04
4.204545454545455e-01, 5.340909090909091e-01, 2.956829588682855e-04
4.431818181818182e-01, 5.340909090909091e-01, 3.006023870584422e-04
4.659090909090909e-01, 5.340909090909091e-01, 3.055218152485989e-04
4.886363636363636e-01, 5.340909090909091e-01, 3.104412434387555e-04
5.113636363636364e-01, 5.340909090909091e-01, 1.807333194189325e-04
5.340909090909091e-01, 5.340909090909091e-01, -8.360195681087021e-05
5.568181818181818e-01, 5.340909090909091e-01, -3.479372330406730e-04
5.795454545454546e-01, 5.340909090909091e-01, -6.122725092704770e-04
6.022727272727273e-01, 5.340909090909091e-01, -8.766077855002798e-04
6.250000000000000e-01, 5.340909090909091e-01, -1.140943061730083e-03
6.477272727272727e-01, 5.340909090909091e-01, -1.359538881420007e-03
6.704545454545454e-01, 5.340909090909091e-01, -1.578134701109932e-03
6.931818181818182e-01, 5.340909090909091e-01, -1.796730520799858e-03
7.159090909090909e-01, 5.340909090909091e-01, -2.015326340489783e-03
7.386363636363636e-01, 5.340909090909091e-01, -2.233922160179708e-03
7.613636363636364e-01, 5.340909090909091e-01, -2.181363584646366e-03
7.840909090909091e-01, 5.340909090909091e-01, -1.857650613889757e-03
8.068181818181818e-01, 5.340909090909091e-01, -1.533937643133147e-03
8.295454545454546e-01, 5.340909090909091e-01, -1.210224672376537e-03
8.522727272727273e-01, 5.340909090909091e-01, -8.865117016199276e-04
8.750000000000000e-01, 5.340909090909091e-01, -5.627987308633185e-04
8.977272727272727e-01, 5.340909090909091e-01, -5.164510665078166e-04
9.204545454545454e-01, 5.340909090909091e-01, -4.701034021523148e-04
9.431818181818182e-01, 5.340909090909091e-01, -4.237557377968128e-04
9.659090909090909e-01, 5.340909090909091e-01, -3.774080734413111e-04
9.886363636363636e-01, 5.340909090909091e-01, -3.310604090858092e-04
1.136363636363636e-02, 5.568181818181818e-01, 1.416930358448549e-04
3.409090909090909e-02, 5.568181818181818e-01, -1.101898592306967e-04
5.681818181818182e-02, 5.568181818181818e-01, -3.620727543062486e-04
7.954545454545454e-02, 5.568181818181818e-01, -6.139556493818005e-04
1.022727272727273e-01, 5.568181818181818e-01, -8.658385444573522e-04
1.250000000000000e-01, 5.568181818181818e-01, -1.117721439532904e-03
1.477272727272727e-01, 5.568181818181818e-01, -1.086190167370131e-03
1.704545454545454e-01, 5.568181818181818e-01, -1.054658895207359e-03
1.931818181818182e-01, 5.568181818181818e-01, -1.023127623044586e-03
2.159090909090909e-01, 5.568181818181818e-01, -9.915963508818136e-04
2.386363636363636e-01, 5.568181818181818e-01, -9.600650787190411e-04
2.613636363636364e-01, 5.568181818181818e-01, -8.538916431154655e-04
2.840909090909091e-01, 5.568181818181818e-01, -6.730760440710862e-04
3.068181818181818e-01, 5.568181818181818e-01, -4.922604450267074e-04
3.295454545454545e-01, 5.568181818181818e-01, -3.114448459823288e-04
3.522727272727273e-01, 5.568181818181818e-01, -1.306292469379496e-04
3.750000000000000e-01, 5.568181818181818e-01, 5.018635210642911e-05
3.977272727272727e-01, 5.568181818181818e-01, 1.340046469720373e-05
4.204545454545455e-01, 5.568181818181818e-01, -2.338542271202175e-05
4.431818181818182e-01, 5.568181818181818e-01, -6.017131012124710e-05
4.659090909090909e-01, 5.568181818181818e-01, -9.695719753047252e-05
4.886363636363636e-01, 5.568181818181818e-01, -1.337430849396981e-04
5.113636363636364e-01, 5.568181818181818e-01, -3.305519042605116e-04
5.340909090909091e-01, 5.568181818181818e-01, -6.873836554929135e-04
5.568181818181818e-01, 5.568181818181818e-01, -1.044215406725315e-03
5.795454545454546e-01, 5.568181818181818e-01, -1.401047157957719e-03
6.022727272727273e-01, 5.568181818181818e-01, -1.757878909190121e-03
6.250000000000000e-01, 5.568181818181818e-01, -2.114710660422522e-03
6.477272727272727e-01, 5.568181818181818e-01, -2.216635772218776e-03
6.704545454545454e-01, 5.568181818181818e-01, -2.318560884015029e-03
6.931818181818182e-01, 5.568181818181818e-01, -2.420485995811282e-03
7.159090909090909e-01, 5.568181818181818e-01, -2.522411107607536e-03
7.386363636363636e-01, 5.568181818181818e-01, -2.624336219403789e-03
7.613636363636364e-01, 5.568181818181818e-01, -2.505627140723758e-03
7.840909090909091e-01, 5.568181818181818e-01, -2.166283871567442e-03
8.068181818181818e-01, 5.568181818181818e-01, -1.826940602411125e-03
8.295454545454546e-01, 5.568181818181818e-01, -1.487597333254808e-03
8.522727272727273e-01, 5.568181818181818e-01, -1.148254064098492e-03
8.750000000000000e-01, 5.568181818181818e-01, -8.089107949421753e-04
8.977272727272727e-01, 5.568181818181818e-01, -7.938875932652614e-04
9.204545454545454e-01, 5.568181818181818e-01, -7.788643915883475e-04
9.431818181818182e-01, 5.568181818181818e-01, -7.638411899114335e-04
9.659090909090909e-01, 5.568181818181818e-01, -7.488179882345198e-04
9.886363636363636e-01, 5.568181818181818e-01, -7.337947865576056e-04
1.136363636363636e-02, 5.795454545454546e-01, -2.158229422099666e-04
3.409090909090909e-02, 5.795454545454546e-01, -5.664568717812712e-04
5.681818181818182e-02, 5.795454545454546e-01, -9.170908013525759e-04
7.954545454545454e-02, 5.795454545454546e-01, -1.267724730923881e-03
1.022727272727273e-01, 5.795454545454546e-01, -1.618358660495185e-03
1.250000000000000e-01, 5.795454545454546e-01, -1.968992590066490e-03
1.477272727272727e-01, 5.795454545454546e-01, -1.837278840198893e-03
1.704545454545454e-01, 5.795454545454546e-01, -1.705565090331295e-03
1.931818181818182e-01, 5.795454545454546e-01, -1.573851340463698e-03
2.159090909090909e-01, 5.795454545454546e-01, -1.442137590596101e-03
2.386363636363636e-01, 5.795454545454546e-01, -1.310423840728503e-03
2.613636363636364e-01, 5.795454545454546e-01, -1.148285550565651e-03
2.840909090909091e-01, 5.795454545454546e-01, -9.557227201075438e-04
3.068181818181818e-01, 5.795454545454546e-01, -7.631598896494367e-04
3.295454545454545e-01, 5.795454545454546e-01, -5.705970591913297e-04
3.522727272727273e-01, 5.795454545454546e-01, -3.780342287332222e-04
3.750000000000000e-01, 5.795454545454546e-01, -1.854713982751151e-04
3.977272727272727e-01, 5.795454545454546e-01, -2.639626012837228e-04
4.204545454545455e-01, 5.795454545454546e-01, -3.424538042923307e-04
4.431818181818182e-01, 5.795454545454546e-01, -4.209450073009383e-04
4.659090909090909e-01, 5.795454545454546e-01, -4.994362103095461e-04
4.886363636363636e-01, 5.795454545454546e-01, -5.779274133181537e-04
5.113636363636364e-01, 5.795454545454546e-01, -8.418371279399582e-04
5.340909090909091e-01, 5.795454545454546e-01, -1.291165354174960e-03
5.568181818181818e-01, 5.795454545454546e-01, -1.740493580409961e-03
5.795454545454546e-01, 5.795454545454546e-01, -2.189821806644965e-03
6.022727272727273e-01, 5.795454545454546e-01, -2.639150032879966e-03
6.250000000000000e-01, 5.795454545454546e-01, -3.088478259114967e-03
6.477272727272727e-01, 5.795454545454546e-01, -3.073732663017548e-03
6.704545454545454e-01, 5.795454545454546e-01, -3.058987066920129e-03
6.931818181818182e-01, 5.795454545454546e-01, -3.044241470822710e-03
7.159090909090909e-01, 5.795454545454546e-01, -3.029495874725291e-03
7.386363636363636e-01, 5.795454545454546e-01, -3.014750278627872e-03
7.613636363636364e-01, 5.795454545454546e-01, -2.829890696801151e-03
7.840909090909091e-01, 5.795454545454546e-01, -2.474917129245128e-03
8.068181818181818e-01, 5.795454545454546e-01, -2.119943561689105e-03
8.295454545454546e-01, 5.795454545454546e-01, -1.764969994133080e-03
8.522727272727273e-01, 5.795454545454546e-01, -1.409996426577056e-03
8.750000000000000e-01, 5.795454545454546e-01, -1.055022859021033e-03
8.977272727272727e-01, 5.795454545454546e-01, -1.071324120022707e-03
9.204545454545454e-01, 5.795454545454546e-01, -1.087625381024382e-03
9.431818181818182e-01, 5.795454545454546e-01, -1.103926642026056e-03
9.659090909090909e-01, 5.795454545454546e-01, -1.120227903027730e-03
9.886363636363636e-01, 5.795454545454546e-01, -1.136529164029404e-03
1.136363636363636e-02, 6.022727272727273e-01, -5.733389202647863e-04
3.409090909090909e-02, 6.022727272727273e-01, -1.022723884331844e-03
5.681818181818182e-02, 6.022727272727273e-01, -1.472108848398900e-03
7.954545454545454e-02, 6.022727272727273e-01, -1.921493812465958e-03
1.022727272727273e-01, 6.022727272727273e-01, -2.370878776533015e-03
1.250000000000000e-01, 6.022727272727273e-01, -2.820263740600072e-03
1.477272727272727e-01, 6.022727272727273e-01, -2.588367513027651e-03
1.704545454545454e-01, 6.022727272727273e-01, -2.356471285455229e-03
1.931818181818182e-01, 6.022727272727273e-01, -2.124575057882807e-03
2.159090909090909e-01, 6.022727272727273e-01, -1.892678830310386e-03
2.386363636363636e-01, 6.022727272727273e-01, -1.660782602737964e-03
2.613636363636364e-01, 6.022727272727273e-01, -1.442679458015836e-03
2.840909090909091e-01, 6.022727272727273e-01, -1.238369396144000e-03
3.068181818181818e-01, 6.022727272727273e-01, -1.034059334272165e-03
3.295454545454545e-01, 6.022727272727273e-01, -8.297492724003294e-04
3.522727272727273e-01, 6.022727272727273e-01, -6.254392105284935e-04
3.750000000000000e-01, 6.022727272727273e-01, -4.211291486566582e-04
3.977272727272727e-01, 6.022727272727273e-01, -5.413256672646479e-04
4.204545454545455e-01, 6.022727272727273e-01, -6.615221858726379e-04
4.431818181818182e-01, 6.022727272727273e-01, -7.817187044806277e-04
4.659090909090909e-01, 6.022727272727273e-01, -9.019152230886173e-04
4.886363636363636e-01, 6.022727272727273e-01, -1.022111741696607e-03
5.113636363636364e-01, 6.022727272727273e-01, -1.353122351619402e-03
5.340909090909091e-01, 6.022727272727273e-01, -1.894947052857003e-03
5.568181818181818e-01, 6.022727272727273e-01, -2.436771754094604e-03
5.795454545454546e-01, 6.022727272727273e-01, -2.978596455332207e-03
6.022727272727273e-01, 6.022727272727273e-01, -3.520421156569807e-03
6.250000000000000e-01, 6.022727272727273e-01, -4.062245857807407e-03
6.477272727272727e-01, 6.022727272727273e-01, -3.930829553816317e-03
6.704545454545454e-01, 6.022727272727273e-01, -3.799413249825226e-03
6.931818181818182e-01, 6.022727272727273e-01, -3.667996945834135e-03
7.159090909090909e-01, 6.022727272727273e-01, -3.536580641843044e-03
7.386363636363636e-01, 6.022727272727273e-01, -3.405164337851954e-03
7.613636363636364e-01, 6.022727272727273e-01, -3.154154252878543e-03
7.840909090909091e-01, 6.022727272727273e-01, -2.783550386922813e-03
8.068181818181818e-01, 6.022727272727273e-01, -2.412946520967083e-03
8.295454545454546e-01, 6.022727272727273e-01, -2.042342655011351e-03
8.522727272727273e-01, 6.022727272727273e-01, -1.671738789055620e-03
8.750000000000000e-01, 6.022727272727273e-01, -1.301134923099890e-03
8.977272727272727e-01, 6.022727272727273e-01, -1.348760646780152e-03
9.204545454545454e-01, 6.022727272727273e-01, -1.396386370460414e-03
9.431818181818182e-01, 6.022727272727273e-01, -1.444012094140676e-03
9.659090909090909e-01, 6.022727272727273e-01, -1.491637817820938e-03
9.886363636363636e-01, 6.022727272727273e-01, -1.539263541501201e-03
1.136363636363636e-02, 6.250000000000000e-01, -9.308548983196063e-04
3.409090909090909e-02, 6.250000000000000e-01, -1.478990896882416e-03
5.681818181818182e-02, 6.250000000000000e-01, -2.027126895445225e-03
7.954545454545454e-02, 6.250000000000000e-01, -2.575262894008035e-03
1.022727272727273e-01, 6.250000000000000e-01, -3.123398892570844e-03
1.250000000000000e-01, 6.250000000000000e-01, -3.671534891133654e-03
1.477272727272727e-01, 6.250000000000000e-01, -3.339456185856408e-03
1.704545454545454e-01, 6.250000000000000e-01, -3.007377480579163e-03
1.931818181818182e-01, 6.250000000000000e-01, -2.675298775301917e-03
2.159090909090909e-01, 6.250000000000000e-01, -2.343220070024671e-03
2.386363636363636e-01, 6.250000000000000e-01, -2.011141364747425e-03
2.613636363636364e-01, 6.250000000000000e-01, -1.737073365466020e-03
2.840909090909091e-01, 6.250000000000000e-01, -1.521016072180456e-03
3.068181818181818e-01, 6.250000000000000e-01, -1.304958778894893e-03
3.295454545454545e-01, 6.250000000000000e-01, -1.088901485609329e-03
3.522727272727273e-01, 6.250000000000000e-01, -8.728441923237648e-04
3.750000000000000e-01, 6.250000000000000e-01, -6.567868990382013e-04
3.977272727272727e-01, 6.250000000000000e-01, -8.186887332455731e-04
4.204545454545455e-01, 6.250000000000000e-01, -9.805905674529452e-04
4.431818181818182e-01, 6.250000000000000e-01, -1.142492401660317e-03
4.659090909090909e-01, 6.250000000000000e-01, -1.304394235867689e-03
4.886363636363636e-01, 6.250000000000000e-01, -1.466296070075061e-03
5.113636363636364e-01, 6.250000000000000e-01, -1.864407575298847e-03
5.340909090909091e-01, 6.250000000000000e-01, -2.498728751539046e-03
5.568181818181818e-01, 6.250000000000000e-01, -3.133049927779246e-03
5.795454545454546e-01, 6.250000000000000e-01, -3.767371104019448e-03
6.022727272727273e-01, 6.250000000000000e-01, -4.401692280259648e-03
6.250000000000000e-01, 6.250000000000000e-01, -5.036013456499847e-03
6.477272727272727e-01, 6.250000000000000e-01, -4.787926444615085e-03
6.704545454545454e-01, 6.250000000000000e-01, -4.539839432730323e-03
6.931818181818182e-01, 6.250000000000000e-01, -4.291752420845559e-03
7.159090909090909e-01, 6.250000000000000e-01, -4.043665408960798e-03
7.386363636363636e-01, 6.250000000000000e-01, -3.795578397076035e-03
7.613636363636364e-01, 6.250000000000000e-01, -3.478417808955935e-03
7.840909090909091e-01, 6.250000000000000e-01, -3.092183644600498e-03
8.068181818181818e-01, 6.250000000000000e-01, -2.705949480245061e-03
8.295454545454546e-01, 6.250000000000000e-01, -2.319715315889622e-03
8.522727272727273e-01, 6.250000000000000e-01, -1.933481151534184e-03
8.750000000000000e-01, 6.250000000000000e-01, -1.547246987178747e-03
8.977272727272727e-01, 6.250000000000000e-01, -1.626197173537597e-03
9.204545454545454e-01, 6.250000000000000e-01, -1.705147359896447e-03
9.431818181818182e-01, 6.250000000000000e-01, -1.784097546255297e-03
9.659090909090909e-01, 6.250000000000000e-01, -1.863047732614147e-03
9.886363636363636e-01, 6.250000000000000e-01, -1.941997918972997e-03
1.136363636363636e-02, 6.477272727272727e-01, -1.721424978398812e-03
3.409090909090909e-02, 6.477272727272727e-01, -2.161064363322732e-03
5.681818181818182e-02, 6.477272727272727e-01, -2.600703748246653e-03
7.954545454545454e-02, 6.477272727272727e-01, -3.040343133170574e-03
1.022727272727273e-01, 6.477272727272727e-01, -3.479982518094495e-03
1.250000000000000e-01, 6.477272727272727e-01, -3.919621903018416e-03
1.477272727272727e-01, 6.477272727272727e-01, -3.546944600540424e-03
1.704545454545454e-01, 6.477272727272727e-01, -3.174267298062432e-03
1.931818181818182e-01, 6.477272727272727e-01, -2.801589995584440e-03
2.159090909090909e-01, 6.477272727272727e-01, -2.428912693106448e-03
2.386363636363636e-01, 6.477272727272727e-01, -2.056235390628456e-03
2.613636363636364e-01, 6.477272727272727e-01, -1.775024354622972e-03
2.840909090909091e-01, 6.477272727272727e-01, -1.585279585089995e-03
3.068181818181818e-01, 6.477272727272727e-01, -1.395534815557019e-03
3.295454545454545e-01, 6.477272727272727e-01, -1.205790046024043e-03
3.522727272727273e-01, 6.477272727272727e-01, -1.016045276491066e-03
3.750000000000000e-01, 6.477272727272727e-01, -8.263005069580896e-04
3.977272727272727e-01, 6.477272727272727e-01, -1.033079356871845e-03
4.204545454545455e-01, 6.477272727272727e-01, -1.239858206785601e-03
4.431818181818182e-01, 6.477272727272727e-01, -1.446637056699357e-03
4.659090909090909e-01, 6.477272727272727e-01, -1.653415906613112e-03
4.886363636363636e-01, 6.477272727272727e-01, -1.860194756526868e-03
5.113636363636364e-01, 6.477272727272727e-01, -2.247313695253489e-03
5.340909090909091e-01, 6.477272727272727e-01, -2.814772722792976e-03
5.568181818181818e-01, 6.477272727272727e-01, -3.382231750332463e-03
5.795454545454546e-01, 6.477272727272727e-01, -3.949690777871952e-03
6.022727272727273e-01, 6.477272727272727e-01, -4.517149805411440e-03
6.250000000000000e-01, 6.477272727272727e-01, -5.084608832950926e-03
6.477272727272727e-01, 6.477272727272727e-01, -4.758845863412709e-03
6.704545454545454e-01, 6.477272727272727e-01, -4.433082893874493e-03
6.931818181818182e-01, 6.477272727272727e-01, -4.107319924336275e-03
7.159090909090909e-01, 6.477272727272727e-01, -3.781556954798058e-03
7.386363636363636e-01, 6.477272727272727e-01, -3.455793985259842e-03
7.613636363636364e-01, 6.477272727272727e-01, -3.108641305277598e-03
7.840909090909091e-01, 6.477272727272727e-01, -2.740098914851329e-03
8.068181818181818e-01, 6.477272727272727e-01, -2.371556524425059e-03
8.295454545454546e-01, 6.477272727272727e-01, -2.003014133998787e-03
8.522727272727273e-01, 6.477272727272727e-01, -1.634471743572517e-03
8.750000000000000e-01, 6.477272727272727e-01, -1.265929353146248e-03
8.977272727272727e-01, 6.477272727272727e-01, -1.330524960167125e-03
9.204545454545454e-01, 6.477272727272727e-01, -1.395120567188002e-03
9.431818181818182e-01, 6.477272727272727e-01, -1.459716174208880e-03
9.659090909090909e-01, 6.477272727272727e-01, -1.524311781229757e-03
9.886363636363636e-01, 6.477272727272727e-01, -1.588907388250634e-03
1.136363636363636e-02, 6.704545454545454e-01, -2.511995058478017e-03
3.409090909090909e-02, 6.704545454545454e-01, -2.843137829763050e-03
5.681818181818182e-02, 6.704545454545454e-01, -3.174280601048081e-03
7.954545454545454e-02, 6.704545454545454e-01, -3.505423372333114e-03
1.022727272727273e-01, 6.704545454545454e-01, -3.836566143618146e-03
1.250000000000000e-01, 6.704545454545454e-01, -4.167708914903178e-03
1.477272727272727e-01, 6.704545454545454e-01, -3.754433015224440e-03
1.704545454545454e-01, 6.704545454545454e-01, -3.341157115545702e-03
1.931818181818182e-01, 6.704545454545454e-01, -2.927881215866964e-03
2.159090909090909e-01, 6.704545454545454e-01, -2.514605316188225e-03
2.386363636363636e-01, 6.704545454545454e-01, -2.101329416509487e-03
2.613636363636364e-01, 6.704545454545454e-01, -1.812975343779924e-03
2.840909090909091e-01, 6.704545454545454e-01, -1.649543097999535e-03
3.068181818181818e-01, 6.704545454545454e-01, -1.486110852219145e-03
3.295454545454545e-01, 6.704545454545454e-01, -1.322678606438756e-03
3.522727272727273e-01, 6.704545454545454e-01, -1.159246360658367e-03
3.750000000000000e-01, 6.704545454545454e-01, -9.958141148779780e-04
3.977272727272727e-01, 6.704545454545454e-01, -1.247469980498117e-03
4.204545454545455e-01, 6.704545454545454e-01, -1.499125846118257e-03
4.431818181818182e-01, 6.704545454545454e-01, -1.750781711738396e-03
4.659090909090909e-01, 6.704545454545454e-01, -2.002437577358535e-03
4.886363636363636e-01, 6.704545454545454e-01, -2.254093442978674e-03
5.113636363636364e-01, 6.704545454545454e-01, -2.630219815208131e-03
5.340909090909091e-01, 6.704545454545454e-01, -3.130816694046906e-03
5.568181818181818e-01, 6.704545454545454e-01, -3.631413572885679e-03
5.795454545454546e-01, 6.704545454545454e-01, -4.132010451724456e-03
6.022727272727273e-01, 6.704545454545454e-01, -4.632607330563230e-03
6.250000000000000e-01, 6.704545454545454e-01, -5.133204209402004e-03
6.477272727272727e-01, 6.704545454545454e-01, -4.729765282210334e-03
6.704545454545454e-01, 6.704545454545454e-01, -4.326326355018662e-03
6.931818181818182e-01, 6.704545454545454e-01, -3.922887427826989e-03
7.159090909090909e-01, 6.704545454545454e-01, -3.519448500635318e-03
7.386363636363636e-01, 6.704545454545454e-01, -3.116009573443648e-03
7.613636363636364e-01, 6.704545454545454e-01, -2.738864801599261e-03
7.840909090909091e-01, 6.704545454545454e-01, -2.388014185102159e-03
8.068181818181818e-01, 6.704545454545454e-01, -2.037163568605057e-03
8.295454545454546e-01, 6.704545454545454e-01, -1.686312952107953e-03
8.522727272727273e-01, 6.704545454545454e-01, -1.335462335610851e-03
8.750000000000000e-01, 6.704545454545454e-01, -9.846117191137486e-04
8.977272727272727e-01, 6.704545454545454e-01, -1.034852746796653e-03
9.204545454545454e-01, 6.704545454545454e-01, -1.085093774479558e-03
9.431818181818182e-01, 6.704545454545454e-01, -1.135334802162462e-03
9.659090909090909e-01, 6.704545454545454e-01, -1.185575829845367e-03
9.886363636363636e-01, 6.704545454545454e-01, -1.235816857528271e-03
1.136363636363636e-02, 6.931818181818182e-01, -3.302565138557226e-03
3.409090909090909e-02, 6.931818181818182e-01, -3.525211296203369e-03
5.681818181818182e-02, 6.931818181818182e-01, -3.747857453849512e-03
7.954545454545454e-02, 6.931818181818182e-01, -3.970503611495656e-03
1.022727272727273e-01, 6.931818181818182e-01, -4.193149769141799e-03
1.250000000000000e-01, 6.931818181818182e-01, -4.415795926787942e-03
1.477272727272727e-01, 6.931818181818182e-01, -3.961921429908457e-03
1.704545454545454e-01, 6.931818181818182e-01, -3.508046933028973e-03
1.931818181818182e-01, 6.931818181818182e-01, -3.054172436149488e-03
2.159090909090909e-01, 6.931818181818182e-01, -2.600297939270003e-03
2.386363636363636e-01, 6.931818181818182e-01, -2.146423442390519e-03
2.613636363636364e-01, 6.931818181818182e-01, -1.850926332936876e-03
2.840909090909091e-01, 6.931818181818182e-01, -1.713806610909074e-03
3.068181818181818e-01, 6.931818181818182e-01, -1.576686888881272e-03
3.295454545454545e-01, 6.931818181818182e-01, -1.439567166853471e-03
3.522727272727273e-01, 6.931818181818182e-01, -1.302447444825669e-03
3.750000000000000e-01, 6.931818181818182e-01, -1.165327722797867e-03
3.977272727272727e-01, 6.931818181818182e-01, -1.461860604124390e-03
4.204545454545455e-01, 6.931818181818182e-01, -1.758393485450914e-03
4.431818181818182e-01, 6.931818181818182e-01, -2.054926366777436e-03
4.659090909090909e-01, 6.931818181818182e-01, -2.351459248103959e-03
4.886363636363636e-01, 6.931818181818182e-01, -2.647992129430483e-03
5.113636363636364e-01, 6.931818181818182e-01, -3.013125935162776e-03
5.340909090909091e-01, 6.931818181818182e-01, -3.446860665300836e-03
5.568181818181818e-01, 6.931818181818182e-01, -3.880595395438897e-03
5.795454545454546e-01, 6.931818181818182e-01, -4.314330125576960e-03
6.022727272727273e-01, 6.931818181818182e-01, -4.748064855715022e-03
6.250000000000000e-01, 6.931818181818182e-01, -5.181799585853083e-03
6.477272727272727e-01, 6.931818181818182e-01, -4.700684701007958e-03
6.704545454545454e-01, 6.931818181818182e-01, -4.219569816162831e-03
6.931818181818182e-01, 6.931818181818182e-01, -3.738454931317704e-03
7.159090909090909e-01, 6.931818181818182e-01, -3.257340046472578e-03
7.386363636363636e-01, 6.931818181818182e-01, -2.776225161627453e-03
7.613636363636364e-01, 6.931818181818182e-01, -2.369088297920923e-03
7.840909090909091e-01, 6.931818181818182e-01, -2.035929455352988e-03
8.068181818181818e-01, 6.931818181818182e-01, -1.702770612785053e-03
8.295454545454546e-01, 6.931818181818182e-01, -1.369611770217117e-03
8.522727272727273e-01, 6.931818181818182e-01, -1.036452927649183e-03
8.750000000000000e-01, 6.931818181818182e-01, -7.032940850812480e-04
8.977272727272727e-01, 6.931818181818182e-01, -7.391805334261797e-04
9.204545454545454e-01, 6.931818181818182e-01, -7.750669817711115e-04
9.431818181818182e-01, 6.931818181818182e-01, -8.109534301160435e-04
9.659090909090909e-01, 6.931818181818182e-01, -8.468398784609752e-04
9.886363636363636e-01, 6.931818181818182e-01, -8.827263268059069e-04
1.136363636363636e-02, 7.159090909090909e-01, -4.093135218636432e-03
3.409090909090909e-02, 7.159090909090909e-01, -4.207284762643686e-03
5.681818181818182e-02, 7.159090909090909e-01, -4.321434306650941e-03
7.954545454545454e-02, 7.159090909090909e-01, -4.435583850658195e-03
1.022727272727273e-01, 7.159090909090909e-01, -4.549733394665449e-03
1.250000000000000e-01, 7.159090909090909e-01, -4.663882938672704e-03
1.477272727272727e-01, 7.159090909090909e-01, -4.169409844592473e-03
1.704545454545454e-01, 7.159090909090909e-01, -3.674936750512243e-03
1.931818181818182e-01, 7.159090909090909e-01, -3.180463656432012e-03
2.159090909090909e-01, 7.159090909090909e-01, -2.685990562351781e-03
2.386363636363636e-01, 7.159090909090909e-01, -2.191517468271550e-03
2.613636363636364e-01, 7.159090909090909e-01, -1.888877322093827e-03
2.840909090909091e-01, 7.159090909090909e-01, -1.778070123818613e-03
3.068181818181818e-01, 7.159090909090909e-01, -1.667262925543399e-03
3.295454545454545e-01, 7.159090909090909e-01, -1.556455727268184e-03
3.522727272727273e-01, 7.159090909090909e-01, -1.445648528992970e-03
3.750000000000000e-01, 7.159090909090909e-01, -1.334841330717756e-03
3.977272727272727e-01, 7.159090909090909e-01, -1.676251227750662e-03
4.204545454545455e-01, 7.159090909090909e-01, -2.017661124783569e-03
4.431818181818182e-01, 7.159090909090909e-01, -2.359071021816476e-03
4.659090909090909e-01, 7.159090909090909e-01, -2.700480918849382e-03
4.886363636363636e-01, 7.159090909090909e-01, -3.041890815882290e-03
5.113636363636364e-01, 7.159090909090909e-01, -3.396032055117417e-03
5.340909090909091e-01, 7.159090909090909e-01, -3.762904636554766e-03
5.568181818181818e-01, 7.159090909090909e-01, -4.129777217992114e-03
5.795454545454546e-01, 7.159090909090909e-01, -4.496649799429465e-03
6.022727272727273e-01, 7.159090909090909e-01, -4.863522380866813e-03
6.250000000000000e-01, 7.159090909090909e-01, -5.230394962304161e-03
6.477272727272727e-01, 7.159090909090909e-01, -4.671604119805581e-03
6.704545454545454e-01, 7.159090909090909e-01, -4.112813277307002e-03
6.931818181818182e-01, 7.159090909090909e-01, -3.554022434808419e-03
7.159090909090909e-01, 7.159090909090909e-01, -2.995231592309839e-03
7.386363636363636e-01, 7.159090909090909e-01, -2.436440749811259e-03
7.613636363636364e-01, 7.159090909090909e-01, -1.999311794242585e-03
7.840909090909091e-01, 7.159090909090909e-01, -1.683844725603819e-03
8.068181818181818e-01, 7.159090909090909e-01, -1.368377656965051e-03
8.295454545454546e-01, 7.159090909090909e-01, -1.052910588326283e-03
8.522727272727273e-01, 7.159090909090909e-01, -7.374435196875158e-04
8.750000000000000e-01, 7.159090909090909e-01, -4.219764510487488e-04
8.977272727272727e-01, 7.159090909090909e-01, -4.435083200557078e-04
9.204545454545454e-01, 7.159090909090909e-01, -4.650401890626669e-04
9.431818181818182e-01, 7.159090909090909e-01, -4.865720580696260e-04
9.659090909090909e-01, 7.159090909090909e-01, -5.081039270765851e-04
9.886363636363636e-01, 7.159090909090909e-01, -5.296357960835441e-04
1.136363636363636e-02, 7.386363636363636e-01, -4.883705298715637e-03
3.409090909090909e-02, 7.386363636363636e-01, -4.889358229084003e-03
5.681818181818182e-02, 7.386363636363636e-01, -4.895011159452369e-03
7.954545454545454e-02, 7.386363636363636e-01, -4.900664089820735e-03
1.022727272727273e-01, 7.386363636363636e-01, -4.906317020189101e-03
1.250000000000000e-01, 7.386363636363636e-01, -4.911969950557466e-03
1.477272727272727e-01, 7.386363636363636e-01, -4.376898259276489e-03
1.704545454545454e-01, 7.386363636363636e-01, -3.841826567995513e-03
1.931818181818182e-01, 7.386363636363636e-01, -3.306754876714535e-03
2.159090909090909e-01, 7.386363636363636e-01, -2.771683185433559e-03
2.386363636363636e-01, 7.386363636363636e-01, -2.236611494152581e-03
2.613636363636364e-01, 7.386363636363636e-01, -1.926828311250779e-03
2.840909090909091e-01, 7.386363636363636e-01, -1.842333636728152e-03
3.068181818181818e-01, 7.386363636363636e-01, -1.757838962205525e-03
3.295454545454545e-01, 7.386363636363636e-01, -1.673344287682898e-03
3.522727272727273e-01, 7.386363636363636e-01, -1.588849613160271e-03
3.750000000000000e-01, 7.386363636363636e-01, -1.504354938637644e-03
3.977272727272727e-01, 7.386363636363636e-01, -1.890641851376934e-03
4.204545454545455e-01, 7.386363636363636e-01, -2.276928764116225e-03
4.431818181818182e-01, 7.386363636363636e-01, -2.663215676855515e-03
4.659090909090909e-01, 7.386363636363636e-01, -3.049502589594806e-03
4.886363636363636e-01, 7.386363636363636e-01, -3.435789502334096e-03
5.113636363636364e-01, 7.386363636363636e-01, -3.778938175072060e-03
5.340909090909091e-01, 7.386363636363636e-01, -4.078948607808696e-03
5.568181818181818e-01, 7.386363636363636e-01, -4.378959040545331e-03
5.795454545454546e-01, 7.386363636363636e-01, -4.678969473281968e-03
6.022727272727273e-01, 7.386363636363636e-01, -4.978979906018604e-03
6.250000000000000e-01, 7.386363636363636e-01, -5.278990338755240e-03
6.477272727272727e-01, 7.386363636363636e-01, -4.642523538603206e-03
6.704545454545454e-01, 7.386363636363636e-01, -4.006056738451171e-03
6.931818181818182e-01, 7.386363636363636e-01, -3.369589938299134e-03
7.159090909090909e-01, 7.386363636363636e-01, -2.733123138147100e-03
7.386363636363636e-01, 7.386363636363636e-01, -2.096656337995066e-03
7.613636363636364e-01, 7.386363636363636e-01, -1.629535290564249e-03
7.840909090909091e-01, 7.386363636363636e-01, -1.331759995854649e-03
8.068181818181818e-01, 7.386363636363636e-01, -1.033984701145050e-03
8.295454545454546e-01, 7.386363636363636e-01, -7.362094064354487e-04
8.522727272727273e-01, 7.386363636363636e-01, -4.384341117258491e-04
8.750000000000000e-01, 7.386363636363636e-01, -1.406588170162496e-04
8.977272727272727e-01, 7.386363636363636e-01, -1.478361066852359e-04
9.204545454545454e-01, 7.386363636363636e-01, -1.550133963542223e-04
9.431818181818182e-01, 7.386363636363636e-01, -1.621906860232087e-04
9.659090909090909e-01, 7.386363636363636e-01, -1.693679756921950e-04
9.886363636363636e-01, 7.386363636363636e-01, -1.765452653611814e-04
1.136363636363636e-02, 7.613636363636364e-01, -5.116197957203627e-03
3.409090909090909e-02, 7.613636363636364e-01, -5.008597176035602e-03
5.681818181818182e-02, 7.613636363636364e-01, -4.900996394867575e-03
7.954545454545454e-02, 7.613636363636364e-01, -4.793395613699550e-03
1.022727272727273e-01, 7.613636363636364e-01, -4.685794832531523e-03
1.250000000000000e-01, 7.613636363636364e-01, -4.578194051363497e-03
1.477272727272727e-01, 7.613636363636364e-01, -4.062743883238960e-03
1.704545454545454e-01, 7.613636363636364e-01, -3.547293715114423e-03
1.931818181818182e-01, 7.613636363636364e-01, -3.031843546989884e-03
2.159090909090909e-01, 7.613636363636364e-01, -2.516393378865347e-03
2.386363636363636e-01, 7.613636363636364e-01, -2.000943210740808e-03
2.613636363636364e-01, 7.613636363636364e-01, -1.721105998369750e-03
2.840909090909091e-01, 7.613636363636364e-01, -1.676881741752173e-03
3.068181818181818e-01, 7.613636363636364e-01, -1.632657485134595e-03
3.295454545454545e-01, 7.613636363636364e-01, -1.588433228517018e-03
3.522727272727273e-01, 7.613636363636364e-01, -1.544208971899440e-03
3.750000000000000e-01, 7.613636363636364e-01, -1.499984715281863e-03
3.977272727272727e-01, 7.613636363636364e-01, -1.861491883719250e-03
4.204545454545455e-01, 7.613636363636364e-01, -2.222999052156637e-03
4.431818181818182e-01, 7.613636363636364e-01, -2.584506220594024e-03
4.659090909090909e-01, 7.613636363636364e-01, -2.946013389031411e-03
4.886363636363636e-01, 7.613636363636364e-01, -3.307520557468799e-03
5.113636363636364e-01, 7.613636363636364e-01, -3.604162852292328e-03
5.340909090909091e-01, 7.613636363636364e-01, -3.835940273501998e-03
5.568181818181818e-01, 7.613636363636364e-01, -4.067717694711669e-03
5.795454545454546e-01, 7.613636363636364e-01, -4.299495115921341e-03
6.022727272727273e-01, 7.613636363636364e-01, -4.531272537131012e-03
6.250000000000000e-01, 7.613636363636364e-01, -4.763049958340683e-03
6.477272727272727e-01, 7.613636363636364e-01, -4.162904479315450e-03
6.704545454545454e-01, 7.613636363636364e-01, -3.562759000290218e-03
6.931818181818182e-01, 7.613636363636364e-01, -2.962613521264982e-03
7.159090909090909e-01, 7.613636363636364e-01, -2.362468042239750e-03
7.386363636363636e-01, 7.613636363636364e-01, -1.762322563214518e-03
7.613636363636364e-01, 7.613636363636364e-01, -1.351142724496604e-03
7.840909090909091e-01, 7.613636363636364e-01, -1.128928526086009e-03
8.068181818181818e-01, 7.613636363636364e-01, -9.067143276754147e-04
8.295454545454546e-01, 7.613636363636364e-01, -6.845001292648189e-04
8.522727272727273e-01, 7.613636363636364e-01, -4.622859308542242e-04
8.750000000000000e-01, 7.613636363636364e-01, -2.400717324436295e-04
8.977272727272727e-01, 7.613636363636364e-01, -2.064837222823846e-04
9.204545454545454e-01, 7.613636363636364e-01, -1.728957121211397e-04
9.431818181818182e-01, 7.613636363636364e-01, -1.393077019598946e-04
9.659090909090909e-01, 7.613636363636364e-01, -1.057196917986497e-04
9.886363636363636e-01, 7.613636363636364e-01, -7.213168163740475e-05
1.136363636363636e-02, 7.840909090909091e-01, -4.790613194100401e-03
3.409090909090909e-02, 7.840909090909091e-01, -4.565001603498480e-03
5.681818181818182e-02, 7.840909090909091e-01, -4.339390012896560e-03
7.954545454545454e-02, 7.840909090909091e-01, -4.113778422294640e-03
1.022727272727273e-01, 7.840909090909091e-01, -3.888166831692719e-03
1.250000000000000e-01, 7.840909090909091e-01, -3.662555241090799e-03
1.477272727272727e-01, 7.840909090909091e-01, -3.226946716479885e-03
1.704545454545454e-01, 7.840909090909091e-01, -2.791338191868972e-03
1.931818181818182e-01, 7.840909090909091e-01, -2.355729667258059e-03
2.159090909090909e-01, 7.840909090909091e-01, -1.920121142647145e-03
2.386363636363636e-01, 7.840909090909091e-01, -1.484512618036231e-03
2.613636363636364e-01, 7.840909090909091e-01, -1.271710383450742e-03
2.840909090909091e-01, 7.840909090909091e-01, -1.281714438890676e-03
3.068181818181818e-01, 7.840909090909091e-01, -1.291718494330610e-03
3.295454545454545e-01, 7.840909090909091e-01, -1.301722549770543e-03
3.522727272727273e-01, 7.840909090909091e-01, -1.311726605210477e-03
3.750000000000000e-01, 7.840909090909091e-01, -1.321730660650411e-03
3.977272727272727e-01, 7.840909090909091e-01, -1.588801324777608e-03
4.204545454545455e-01, 7.840909090909091e-01, -1.855871988904805e-03
4.431818181818182e-01, 7.840909090909091e-01, -2.122942653032002e-03
4.659090909090909e-01, 7.840909090909091e-01, -2.390013317159199e-03
4.886363636363636e-01, 7.840909090909091e-01, -2.657083981286396e-03
5.113636363636364e-01, 7.840909090909091e-01, -2.871706086778221e-03
5.340909090909091e-01, 7.840909090909091e-01, -3.033879633634675e-03
5.568181818181818e-01, 7.840909090909091e-01, -3.196053180491128e-03
5.795454545454546e-01, 7.840909090909091e-01, -3.358226727347583e-03
6.022727272727273e-01, 7.840909090909091e-01, -3.520400274204037e-03
6.250000000000000e-01, 7.840909090909091e-01, -3.682573821060490e-03
6.477272727272727e-01, 7.840909090909091e-01, -3.232746941942316e-03
6.704545454545454e-01, 7.840909090909091e-01, -2.782920062824141e-03
6.931818181818182e-01, 7.840909090909091e-01, -2.333093183705964e-03
7.159090909090909e-01, 7.840909090909091e-01, -1.883266304587790e-03
7.386363636363636e-01, 7.840909090909091e-01, -1.433439425469615e-03
7.613636363636364e-01, 7.840909090909091e-01, -1.164134096039652e-03
7.840909090909091e-01, 7.840909090909091e-01, -1.075350316297899e-03
8.068181818181818e-01, 7.840909090909091e-01, -9.865665365561467e-04
8.295454545454546e-01, 7.840909090909091e-01, -8.977827568143936e-04
8.522727272727273e-01, 7.840909090909091e-01, -8.089989770726411e-04
8.750000000000000e-01, 7.840909090909091e-01, -7.202151973308886e-04
8.977272727272727e-01, 7.840909090909091e-01, -6.194511668471539e-04
9.204545454545454e-01, 7.840909090909091e-01, -5.186871363634190e-04
9.431818181818182e-01, 7.840909090909091e-01, -4.179231058796838e-04
9.659090909090909e-01, 7.840909090909091e-01, -3.171590753959490e-04
9.886363636363636e-01, 7.840909090909091e-01, -2.163950449122143e-04
1.136363636363636e-02, 8.068181818181818e-01, -4.465028430997173e-03
3.409090909090909e-02, 8.068181818181818e-01, -4.121406030961359e-03
5.681818181818182e-02, 8.068181818181818e-01, -3.777783630925544e-03
7.954545454545454e-02, 8.068181818181818e-01, -3.434161230889729e-03
1.022727272727273e-01, 8.068181818181818e-01, -3.090538830853915e-03
1.250000000000000e-01, 8.068181818181818e-01, -2.746916430818101e-03
1.477272727272727e-01, 8.068181818181818e-01, -2.391149549720811e-03
1.704545454545454e-01, 8.068181818181818e-01, -2.035382668623522e-03
1.931818181818182e-01, 8.068181818181818e-01, -1.679615787526233e-03
2.159090909090909e-01, 8.068181818181818e-01, -1.323848906428944e-03
2.386363636363636e-01, 8.068181818181818e-01, -9.680820253316542e-04
2.613636363636364e-01, 8.068181818181818e-01, -8.223147685317326e-04
2.840909090909091e-01, 8.068181818181818e-01, -8.865471360291782e-04
3.068181818181818e-01, 8.068181818181818e-01, -9.507795035266237e-04
3.295454545454545e-01, 8.068181818181818e-01, -1.015011871024069e-03
3.522727272727273e-01, 8.068181818181818e-01, -1.079244238521515e-03
3.750000000000000e-01, 8.068181818181818e-01, -1.143476606018960e-03
3.977272727272727e-01, 8.068181818181818e-01, -1.316110765835967e-03
4.204545454545455e-01, 8.068181818181818e-01, -1.488744925652974e-03
4.431818181818182e-01, 8.068181818181818e-01, -1.661379085469980e-03
4.659090909090909e-01, 8.068181818181818e-01, -1.834013245286986e-03
4.886363636363636e-01, 8.068181818181818e-01, -2.006647405103994e-03
5.113636363636364e-01, 8.068181818181818e-01, -2.139249321264115e-03
5.340909090909091e-01, 8.068181818181818e-01, -2.231818993767351e-03
5.568181818181818e-01, 8.068181818181818e-01, -2.324388666270588e-03
5.795454545454546e-01, 8.068181818181818e-01, -2.416958338773824e-03
6.022727272727273e-01, 8.068181818181818e-01, -2.509528011277060e-03
6.250000000000000e-01, 8.068181818181818e-01, -2.602097683780297e-03
6.477272727272727e-01, 8.068181818181818e-01, -2.302589404569181e-03
6.704545454545454e-01, 8.068181818181818e-01, -2.003081125358064e-03
6.931818181818182e-01, 8.068181818181818e-01, -1.703572846146946e-03
7.159090909090909e-01, 8.068181818181818e-01, -1.404064566935829e-03
7.386363636363636e-01, 8.068181818181818e-01, -1.104556287724713e-03
7.613636363636364e-01, 8.068181818181818e-01, -9.771254675826995e-04
7.840909090909091e-01, 8.068181818181818e-01, -1.021772106509789e-03
8.068181818181818e-01, 8.068181818181818e-01, -1.066418745436879e-03
8.295454545454546e-01, 8.068181818181818e-01, -1.111065384363968e-03
8.522727272727273e-01, 8.068181818181818e-01, -1.155712023291058e-03
8.750000000000000e-01, 8.068181818181818e-01, -1.200358662218148e-03
8.977272727272727e-01, 8.068181818181818e-01, -1.032418611411923e-03
9.204545454545454e-01, 8.068181818181818e-01, -8.644785606056984e-04
9.431818181818182e-01, 8.068181818181818e-01, -6.965385097994731e-04
9.659090909090909e-01, 8.068181818181818e-01, -5.285984589932485e-04
9.886363636363636e-01, 8.068181818181818e-01, -3.606584081870238e-04
1.136363636363636e-02, 8.295454545454546e-01, -4.139443667893945e-03
3.409090909090909e-02, 8.295454545454546e-01, -3.677810458424236e-03
5.681818181818182e-02, 8.295454545454546e-01, -3.216177248954526e-03
7.954545454545454e-02, 8.295454545454546e-01, -2.754544039484816e-03
1.022727272727273e-01, 8.295454545454546e-01, -2.292910830015107e-03
1.250000000000000e-01, 8.295454545454546e-01, -1.831277620545397e-03
1.477272727272727e-01, 8.295454545454546e-01, -1.555352382961733e-03
1.704545454545454e-01, 8.295454545454546e-01, -1.279427145378069e-03
1.931818181818182e-01, 8.295454545454546e-01, -1.003501907794404e-03
2.159090909090909e-01, 8.295454545454546e-01, -7.275766702107395e-04
2.386363636363636e-01, 8.295454545454546e-01, -4.516514326270749e-04
2.613636363636364e-01, 8.295454545454546e-01, -3.729191536127214e-04
2.840909090909091e-01, 8.295454545454546e-01, -4.913798331676789e-04
3.068181818181818e-01, 8.295454545454546e-01, -6.098405127226361e-04
3.295454545454545e-01, 8.295454545454546e-01, -7.283011922775934e-04
3.522727272727273e-01, 8.295454545454546e-01, -8.467618718325508e-04
3.750000000000000e-01, 8.295454545454546e-01, -9.652225513875081e-04
3.977272727272727e-01, 8.295454545454546e-01, -1.043420206894324e-03
4.204545454545455e-01, 8.295454545454546e-01, -1.121617862401140e-03
4.431818181818182e-01, 8.295454545454546e-01, -1.199815517907956e-03
4.659090909090909e-01, 8.295454545454546e-01, -1.278013173414771e-03
4.886363636363636e-01, 8.295454545454546e-01, -1.356210828921588e-03
5.113636363636364e-01, 8.295454545454546e-01, -1.406792555750005e-03
5.340909090909091e-01, 8.295454545454546e-01, -1.429758353900024e-03
5.568181818181818e-01, 8.295454545454546e-01, -1.452724152050043e-03
5.795454545454546e-01, 8.295454545454546e-01, -1.475689950200061e-03
6.022727272727273e-01, 8.295454545454546e-01, -1.498655748350080e-03
6.250000000000000e-01, 8.295454545454546e-01, -1.521621546500099e-03
6.477272727272727e-01, 8.295454545454546e-01, -1.372431867196041e-03
6.704545454545454e-01, 8.295454545454546e-01, -1.223242187891983e-03
6.931818181818182e-01, 8.295454545454546e-01, -1.074052508587925e-03
7.159090909090909e-01, 8.295454545454546e-01, -9.248628292838669e-04
7.386363636363636e-01, 8.295454545454546e-01, -7.756731499798090e-04
7.613636363636364e-01, 8.295454545454546e-01, -7.901168391257462e-04
7.840909090909091e-01, 8.295454545454546e-01, -9.681938967216786e-04
8.068181818181818e-01, 8.295454545454546e-01, -1.146270954317611e-03
8.295454545454546e-01, 8.295454545454546e-01, -1.324348011913545e-03
8.522727272727273e-01, 8.295454545454546e-01, -1.502425069509477e-03
8.750000000000000e-01, 8.295454545454546e-01, -1.680502127105409e-03
8.977272727272727e-01, 8.295454545454546e-01, -1.445386055976694e-03
9.204545454545454e-01, 8.295454545454546e-01, -1.210269984847980e-03
9.431818181818182e-01, 8.295454545454546e-01, -9.751539137192635e-04
9.659090909090909e-01, 8.295454545454546e-01, -7.400378425905488e-04
9.886363636363636e-01, 8.295454545454546e-01, -5.049217714618339e-04
1.136363636363636e-02, 8.522727272727273e-01, -3.813858904790718e-03
3.409090909090909e-02, 8.522727272727273e-01, -3.234214885887115e-03
5.681818181818182e-02, 8.522727272727273e-01, -2.654570866983510e-03
7.954545454545454e-02, 8.522727272727273e-01, -2.074926848079907e-03
1.022727272727273e-01, 8.522727272727273e-01, -1.495282829176302e-03
1.250000000000000e-01, 8.522727272727273e-01, -9.156388102726986e-04
1.477272727272727e-01, 8.522727272727273e-01, -7.195552162026585e-04
1.704545454545454e-01, 8.522727272727273e-01, -5.234716221326186e-04
1.931818181818182e-01, 8.522727272727273e-01, -3.273880280625784e-04
2.159090909090909e-01, 8.522727272727273e-01, -1.313044339925381e-04
2.386363636363636e-01, 8.522727272727273e-01, 6.477916007750209e-05
2.613636363636364e-01, 8.522727272727273e-01, 7.647646130628767e-05
2.840909090909091e-01, 8.522727272727273e-01, -9.621253030618154e-05
3.068181818181818e-01, 8.522727272727273e-01, -2.689015219186502e-04
3.295454545454545e-01, 8.522727272727273e-01, -4.415905135311191e-04
3.522727272727273e-01, 8.522727272727273e-01, -6.142795051435881e-04
3.750000000000000e-01, 8.522727272727273e-01, -7.869684967560569e-04
3.977272727272727e-01, 8.522727272727273e-01, -7.707296479526826e-04
4.204545454545455e-01, 8.522727272727273e-01, -7.544907991493082e-04
4.431818181818182e-01, 8.522727272727273e-01, -7.382519503459338e-04
4.659090909090909e-01, 8.522727272727273e-01, -7.220131015425593e-04
4.886363636363636e-01, 8.522727272727273e-01, -7.057742527391850e-04
5.113636363636364e-01, 8.522727272727273e-01, -6.743357902358985e-04
5.340909090909091e-01, 8.522727272727273e-01, -6.276977140327000e-04
5.568181818181818e-01, 8.522727272727273e-01, -5.810596378295017e-04
5.795454545454546e-01, 8.522727272727273e-01, -5.344215616263028e-04
6.022727272727273e-01, 8.522727272727273e-01, -4.877834854231044e-04
6.250000000000000e-01, 8.522727272727273e-01, -4.411454092199060e-04
6.477272727272727e-01, 8.522727272727273e-01, -4.422743298229061e-04
6.704545454545454e-01, 8.522727272727273e-01, -4.434032504259063e-04
6.931818181818182e-01, 8.522727272727273e-01, -4.445321710289064e-04
7.159090909090909e-01, 8.522727272727273e-01, -4.456610916319066e-04
7.386363636363636e-01, 8.522727272727273e-01, -4.467900122349066e-04
7.613636363636364e-01, 8.522727272727273e-01, -6.031082106687939e-04
7.840909090909091e-01, 8.522727272727273e-01, -9.146156869335685e-04
8.068181818181818e-01, 8.522727272727273e-01, -1.226123163198343e-03
8.295454545454546e-01, 8.522727272727273e-01, -1.537630639463119e-03
8.522727272727273e-01, 8.522727272727273e-01, -1.849138115727894e-03
8.750000000000000e-01, 8.522727272727273e-01, -2.160645591992668e-03
8.977272727272727e-01, 8.522727272727273e-01, -1.858353500541463e-03
9.204545454545454e-01, 8.522727272727273e-01, -1.556061409090259e-03
9.431818181818182e-01, 8.522727272727273e-01, -1.253769317639053e-03
9.659090909090909e-01, 8.522727272727273e-01, -9.514772261878482e-04
9.886363636363636e-01, 8.522727272727273e-01, -6.491851347366435e-04
1.136363636363636e-02, 8.750000000000000e-01, -3.488274141687492e-03
3.409090909090909e-02, 8.750000000000000e-01, -2.790619313349994e-03
5.681818181818182e-02, 8.750000000000000e-01, -2.092964485012495e-03
7.954545454545454e-02, 8.750000000000000e-01, -1.395309656674997e-03
1.022727272727273e-01, 8.750000000000000e-01, -6.976548283374982e-04
1.250000000000000e-01, 8.750000000000000e-01, 0.000000000000000e+00
1.477272727272727e-01, 8.750000000000000e-01, 1.162419505564158e-04
1.704545454545454e-01, 8.750000000000000e-01, 2.324839011128315e-04
1.931818181818182e-01, 8.750000000000000e-01, 3.487258516692474e-04
2.159090909090909e-01, 8.750000000000000e-01, 4.649678022256632e-04
2.386363636363636e-01, 8.750000000000000e-01, 5.812097527820790e-04
2.613636363636364e-01, 8.750000000000000e-01, 5.258720762252967e-04
2.840909090909091e-01, 8.750000000000000e-01, 2.989547725553159e-04
3.068181818181818e-01, 8.750000000000000e-01, 7.203746888533562e-05
3.295454545454545e-01, 8.750000000000000e-01, -1.548798347846447e-04
3.522727272727273e-01, 8.750000000000000e-01, -3.817971384546255e-04
3.750000000000000e-01, 8.750000000000000e-01, -6.087144421246058e-04
3.977272727272727e-01, 8.750000000000000e-01, -4.980390890110412e-04
4.204545454545455e-01, 8.750000000000000e-01, -3.873637358974764e-04
4.431818181818182e-01, 8.750000000000000e-01, -2.766883827839117e-04
4.659090909090909e-01, 8.750000000000000e-01, -1.660130296703472e-04
4.886363636363636e-01, 8.750000000000000e-01, -5.533767655678230e-05
5.113636363636364e-01, 8.750000000000000e-01, 5.812097527820785e-05
5.340909090909091e-01, 8.750000000000000e-01, 1.743629258346235e-04
5.568181818181818e-01, 8.750000000000000e-01, 2.906048763910392e-04
5.795454545454546e-01, 8.750000000000000e-01, 4.068468269474555e-04
6.022727272727273e-01, 8.750000000000000e-01, 5.230887775038712e-04
6.250000000000000e-01, 8.750000000000000e-01, 6.393307280602869e-04
6.477272727272727e-01, 8.750000000000000e-01, 4.878832075502288e-04
6.704545454545454e-01, 8.750000000000000e-01, 3.364356870401707e-04
6.931818181818182e-01, 8.750000000000000e-01, 1.849881665301119e-04
7.159090909090909e-01, 8.750000000000000e-01, 3.354064602005381e-05
7.386363636363636e-01, 8.750000000000000e-01, -1.179068744900043e-04
7.613636363636364e-01, 8.750000000000000e-01, -4.160995822118416e-04
7.840909090909091e-01, 8.750000000000000e-01, -8.610374771454583e-04
8.068181818181818e-01, 8.750000000000000e-01, -1.305975372079075e-03
8.295454545454546e-01, 8.750000000000000e-01, -1.750913267012694e-03
8.522727272727273e-01, 8.750000000000000e-01, -2.195851161946310e-03
8.750000000000000e-01, 8.750000000000000e-01, -2.640789056879927e-03
8.977272727272727e-01, 8.750000000000000e-01, -2.271320945106233e-03
9.204545454545454e-01, 8.750000000000000e-01, -1.901852833332538e-03
9.431818181818182e-01, 8.750000000000000e-01, -1.532384721558842e-03
9.659090909090909e-01, 8.750000000000000e-01, -1.162916609785147e-03
9.886363636363636e-01, 8.750000000000000e-01, -7.934484980114530e-04
1.136363636363636e-02, 8.977272727272727e-01, -2.916545097075868e-03
3.409090909090909e-02, 8.977272727272727e-01, -2.400330696282833e-03
5.681818181818182e-02, 8.977272727272727e-01, -1.884116295489797e-03
7.954545454545454e-02, 8.977272727272727e-01, -1.367901894696762e-03
1.022727272727273e-01, 8.977272727272727e-01, -8.516874939037261e-04
1.250000000000000e-01, 8.977272727272727e-01, -3.354730931106910e-04
1.477272727272727e-01, 8.977272727272727e-01, -3.543804150358493e-04
1.704545454545454e-01, 8.977272727272727e-01, -3.732877369610077e-04
1.931818181818182e-01, 8.977272727272727e-01, -3.921950588861660e-04
2.159090909090909e-01, 8.977272727272727e-01, -4.111023808113245e-04
2.386363636363636e-01, 8.977272727272727e-01, -4.300097027364828e-04
2.613636363636364e-01, 8.977272727272727e-01, -4.884378355353564e-04
2.840909090909091e-01, 8.977272727272727e-01, -5.863867792079453e-04
3.068181818181818e-01, 8.977272727272727e-01, -6.843357228805340e-04
3.295454545454545e-01, 8.977272727272727e-01, -7.822846665531227e-04
3.522727272727273e-01, 8.977272727272727e-01, -8.802336102257116e-04
3.750000000000000e-01, 8.977272727272727e-01, -9.781825538983002e-04
3.977272727272727e-01, 8.977272727272727e-01, -8.613262883005532e-04
4.204545454545455e-01, 8.977272727272727e-01, -7.444700227028059e-04
4.431818181818182e-01, 8.977272727272727e-01, -6.276137571050588e-04
4.659090909090909e-01, 8.977272727272727e-01, -5.107574915073118e-04
4.886363636363636e-01, 8.977272727272727e-01, -3.939012259095645e-04
5.113636363636364e-01, 8.977272727272727e-01, -3.181085410900886e-04
5.340909090909091e-01, 8.977272727272727e-01, -2.833794370488840e-04
5.568181818181818e-01, 8.977272727272727e-01, -2.486503330076794e-04
5.795454545454546e-01, 8.977272727272727e-01, -2.139212289664746e-04
6.022727272727273e-01, 8.977272727272727e-01, -1.791921249252699e-04
6.250000000000000e-01, 8.977272727272727e-01, -1.444630208840654e-04
6.477272727272727e-01, 8.977272727272727e-01, -4.038818297612201e-04
6.704545454545454e-01, 8.977272727272727e-01, -6.633006386383750e-04
6.931818181818182e-01, 8.977272727272727e-01, -9.227194475155309e-04
7.159090909090909e-01, 8.977272727272727e-01, -1.182138256392686e-03
7.386363636363636e-01, 8.977272727272727e-01, -1.441557065269841e-03
7.613636363636364e-01, 8.977272727272727e-01, -1.712351130025435e-03
7.840909090909091e-01, 8.977272727272727e-01, -1.994520450659468e-03
8.068181818181818e-01, 8.977272727272727e-01, -2.276689771293501e-03
8.295454545454546e-01, 8.977272727272727e-01, -2.558859091927535e-03
8.522727272727273e-01, 8.977272727272727e-01, -2.841028412561568e-03
8.750000000000000e-01, 8.977272727272727e-01, -3.123197733195601e-03
8.977272727272727e-01, 8.977272727272727e-01, -2.767269215778034e-03
9.204545454545454e-01, 8.977272727272727e-01, -2.411340698360466e-03
9.431818181818182e-01, 8.977272727272727e-01, -2.055412180942896e-03
9.659090909090909e-01, 8.977272727272727e-01, -1.699483663525329e-03
9.886363636363636e-01, 8.977272727272727e-01, -1.343555146107761e-03
1.136363636363636e-02, 9.204545454545454e-01, -2.344816052464244e-03
3.409090909090909e-02, 9.204545454545454e-01, -2.010042079215671e-03
5.681818181818182e-02, 9.204545454545454e-01, -1.675268105967099e-03
7.954545454545454e-02, 9.204545454545454e-01, -1.340494132718527e-03
1.022727272727273e-01, 9.204545454545454e-01, -1.005720159469954e-03
1.250000000000000e-01, 9.204545454545454e-01, -6.709461862213819e-04
1.477272727272727e-01, 9.204545454545454e-01, -8.250027806281145e-04
1.704545454545454e-01, 9.204545454545454e-01, -9.790593750348469e-04
1.931818181818182e-01, 9.204545454545454e-01, -1.133115969441579e-03
2.159090909090909e-01, 9.204545454545454e-01, -1.287172563848312e-03
2.386363636363636e-01, 9.204545454545454e-01, -1.441229158255045e-03
2.613636363636364e-01, 9.204545454545454e-01, -1.502747747296009e-03
2.840909090909091e-01, 9.204545454545454e-01, -1.471728330971206e-03
3.068181818181818e-01, 9.204545454545454e-01, -1.440708914646404e-03
3.295454545454545e-01, 9.204545454545454e-01, -1.409689498321601e-03
3.522727272727273e-01, 9.204545454545454e-01, -1.378670081996798e-03
3.750000000000000e-01, 9.204545454545454e-01, -1.347650665671995e-03
3.977272727272727e-01, 9.204545454545454e-01, -1.224613487590065e-03
4.204545454545455e-01, 9.204545454545454e-01, -1.101576309508135e-03
4.431818181818182e-01, 9.204545454545454e-01, -9.785391314262059e-04
4.659090909090909e-01, 9.204545454545454e-01, -8.555019533442764e-04
4.886363636363636e-01, 9.204545454545454e-01, -7.324647752623467e-04
5.113636363636364e-01, 9.204545454545454e-01, -6.943380574583851e-04
5.340909090909091e-01, 9.204545454545454e-01, -7.411217999323916e-04
5.568181818181818e-01, 9.204545454545454e-01, -7.879055424063980e-04
5.795454545454546e-01, 9.204545454545454e-01, -8.346892848804046e-04
6.022727272727273e-01, 9.204545454545454e-01, -8.814730273544110e-04
6.250000000000000e-01, 9.204545454545454e-01, -9.282567698284176e-04
6.477272727272727e-01, 9.204545454545454e-01, -1.295646867072669e-03
6.704545454545454e-01, 9.204545454545454e-01, -1.663036964316921e-03
6.931818181818182e-01, 9.204545454545454e-01, -2.030427061561174e-03
7.159090909090909e-01, 9.204545454545454e-01, -2.397817158805426e-03
7.386363636363636e-01, 9.204545454545454e-01, -2.765207256049677e-03
7.613636363636364e-01, 9.204545454545454e-01, -3.008602677839028e-03
7.840909090909091e-01, 9.204545454545454e-01, -3.128003424173477e-03
8.068181818181818e-01, 9.204545454545454e-01, -3.247404170507926e-03
8.295454545454546e-01, 9.204545454545454e-01, -3.366804916842376e-03
8.522727272727273e-01, 9.204545454545454e-01, -3.486205663176826e-03
8.750000000000000e-01, 9.204545454545454e-01, -3.605606409511275e-03
8.977272727272727e-01, 9.204545454545454e-01, -3.263217486449835e-03
9.204545454545454e-01, 9.204545454545454e-01, -2.920828563388394e-03
9.431818181818182e-01, 9.204545454545454e-01, -2.578439640326952e-03
9.659090909090909e-01, 9.204545454545454e-01, -2.236050717265511e-03
9.886363636363636e-01, 9.204545454545454e-01, -1.893661794204070e-03
1.136363636363636e-02, 9.431818181818182e-01, -1.773087007852617e-03
3.409090909090909e-02, 9.431818181818182e-01, -1.619753462148509e-03
5.681818181818182e-02, 9.431818181818182e-01, -1.466419916444400e-03
7.954545454545454e-02, 9.431818181818182e-01, -1.313086370740292e-03
1.022727272727273e-01, 9.431818181818182e-01, -1.159752825036183e-03
1.250000000000000e-01, 9.431818181818182e-01, -1.006419279332075e-03
1.477272727272727e-01, 9.431818181818182e-01, -1.295625146220382e-03
1.704545454545454e-01, 9.431818181818182e-01, -1.584831013108689e-03
1.931818181818182e-01, 9.431818181818182e-01, -1.874036879996996e-03
2.159090909090909e-01, 9.431818181818182e-01, -2.163242746885304e-03
2.386363636363636e-01, 9.431818181818182e-01, -2.452448613773611e-03
2.613636363636364e-01, 9.431818181818182e-01, -2.517057659056667e-03
2.840909090909091e-01, 9.431818181818182e-01, -2.357069882734472e-03
3.068181818181818e-01, 9.431818181818182e-01, -2.197082106412277e-03
3.295454545454545e-01, 9.431818181818182e-01, -2.037094330090082e-03
3.522727272727273e-01, 9.431818181818182e-01, -1.877106553767886e-03
3.750000000000000e-01, 9.431818181818182e-01, -1.717118777445691e-03
3.977272727272727e-01, 9.431818181818182e-01, -1.587900686879579e-03
4.204545454545455e-01, 9.431818181818182e-01, -1.458682596313467e-03
4.431818181818182e-01, 9.431818181818182e-01, -1.329464505747355e-03
4.659090909090909e-01, 9.431818181818182e-01, -1.200246415181243e-03
4.886363636363636e-01, 9.431818181818182e-01, -1.071028324615130e-03
5.113636363636364e-01, 9.431818181818182e-01, -1.070567573826683e-03
5.340909090909091e-01, 9.431818181818182e-01, -1.198864162815901e-03
5.568181818181818e-01, 9.431818181818182e-01, -1.327160751805119e-03
5.795454545454546e-01, 9.431818181818182e-01, -1.455457340794338e-03
6.022727272727273e-01, 9.431818181818182e-01, -1.583753929783556e-03
6.250000000000000e-01, 9.431818181818182e-01, -1.712050518772773e-03
6.477272727272727e-01, 9.431818181818182e-01, -2.187411904384122e-03
6.704545454545454e-01, 9.431818181818182e-01, -2.662773289995471e-03
6.931818181818182e-01, 9.431818181818182e-01, -3.138134675606823e-03
7.159090909090909e-01, 9.431818181818182e-01, -3.613496061218171e-03
7.386363636363636e-01, 9.431818181818182e-01, -4.088857446829521e-03
7.613636363636364e-01, 9.431818181818182e-01, -4.304854225652627e-03
7.840909090909091e-01, 9.431818181818182e-01, -4.261486397687492e-03
8.068181818181818e-01, 9.431818181818182e-01, -4.218118569722358e-03
8.295454545454546e-01, 9.431818181818182e-01, -4.174750741757222e-03
8.522727272727273e-01, 9.431818181818182e-01, -4.131382913792087e-03
8.750000000000000e-01, 9.431818181818182e-01, -4.088015085826952e-03
8.977272727272727e-01, 9.431818181818182e-01, -3.759165757121638e-03
9.204545454545454e-01, 9.431818181818182e-01, -3.430316428416324e-03
9.431818181818182e-01, 9.431818181818182e-01, -3.101467099711009e-03
9.659090909090909e-01, 9.431818181818182e-01, -2.772617771005695e-03
9.886363636363636e-01, 9.431818181818182e-01, -2.443768442300381e-03
1.136363636363636e-02, 9.659090909090909e-01, -1.201357963240994e-03
3.409090909090909e-02, 9.659090909090909e-01, -1.229464845081348e-03
5.681818181818182e-02, 9.659090909090909e-01, -1.257571726921702e-03
7.954545454545454e-02, 9.659090909090909e-01, -1.285678608762057e-03
1.022727272727273e-01, 9.659090909090909e-01, -1.313785490602411e-03
1.250000000000000e-01, 9.659090909090909e-01, -1.341892372442766e-03
1.477272727272727e-01, 9.659090909090909e-01, -1.766247511812647e-03
1.704545454545454e-01, 9.659090909090909e-01, -2.190602651182528e-03
1.931818181818182e-01, 9.659090909090909e-01, -2.614957790552410e-03
2.159090909090909e-01, 9.659090909090909e-01, -3.039312929922292e-03
2.386363636363636e-01, 9.659090909090909e-01, -3.463668069292173e-03
2.613636363636364e-01, 9.659090909090909e-01, -3.531367570817320e-03
2.840909090909091e-01, 9.659090909090909e-01, -3.242411434497733e-03
3.068181818181818e-01, 9.659090909090909e-01, -2.953455298178146e-03
3.295454545454545e-01, 9.659090909090909e-01, -2.664499161858559e-03
3.522727272727273e-01, 9.659090909090909e-01, -2.375543025538972e-03
3.750000000000000e-01, 9.659090909090909e-01, -2.086586889219385e-03
3.977272727272727e-01, 9.659090909090909e-01, -1.951187886169091e-03
4.204545454545455e-01, 9.659090909090909e-01, -1.815788883118796e-03
4.431818181818182e-01, 9.659090909090909e-01, -1.680389880068502e-03
4.659090909090909e-01, 9.659090909090909e-01, -1.544990877018207e-03
4.886363636363636e-01, 9.659090909090909e-01, -1.409591873967913e-03
5.113636363636364e-01, 9.659090909090909e-01, -1.446797090194980e-03
5.340909090909091e-01, 9.659090909090909e-01, -1.656606525699409e-03
5.568181818181818e-01, 9.659090909090909e-01, -1.866415961203838e-03
5.795454545454546e-01, 9.659090909090909e-01, -2.076225396708268e-03
6.022727272727273e-01, 9.659090909090909e-01, -2.286034832212697e-03
6.250000000000000e-01, 9.659090909090909e-01, -2.495844267717126e-03
6.477272727272727e-01, 9.659090909090909e-01, -3.079176941695572e-03
6.704545454545454e-01, 9.659090909090909e-01, -3.662509615674017e-03
6.931818181818182e-01, 9.659090909090909e-01, -4.245842289652465e-03
7.159090909090909e-01, 9.659090909090909e-01, -4.829174963630911e-03
7.386363636363636e-01, 9.659090909090909e-01, -5.412507637609356e-03
7.613636363636364e-01, 9.659090909090909e-01, -5.601105773466220e-03
7.840909090909091e-01, 9.659090909090909e-01, -5.394969371201501e-03
8.068181818181818e-01, 9.659090909090909e-01, -5.188832968936782e-03
8.295454545454546e-01, 9.659090909090909e-01, -4.982696566672063e-03
8.522727272727273e-01, 9.659090909090909e-01, -4.776560164407345e-03
8.750000000000000e-01, 9.659090909090909e-01, -4.570423762142626e-03
8.977272727272727e-01, 9.659090909090909e-01, -4.255114027793439e-03
9.204545454545454e-01, 9.659090909090909e-01, -3.939804293444251e-03
9.431818181818182e-01, 9.659090909090909e-01, -3.624494559095063e-03
9.659090909090909e-01, 9.659090909090909e-01, -3.309184824745876e-03
9.886363636363636e-01, 9.659090909090909e-01, -2.993875090396690e-03
1.136363636363636e-02, 9.886363636363636e-01, -6.296289186293698e-04
3.409090909090909e-02, 9.886363636363636e-01, -8.391762280141870e-04
5.681818181818182e-02, 9.886363636363636e-01, -1.048723537399004e-03
7.954545454545454e-02, 9.886363636363636e-01, -1.258270846783822e-03
1.022727272727273e-01, 9.886363636363636e-01, -1.467818156168639e-03
1.250000000000000e-01, 9.886363636363636e-01, -1.677365465553457e-03
1.477272727272727e-01, 9.886363636363636e-01, -2.236869877404912e-03
1.704545454545454e-01, 9.886363636363636e-01, -2.796374289256368e-03
1.931818181818182e-01, 9.886363636363636e-01, -3.355878701107823e-03
2.159090909090909e-01, 9.886363636363636e-01, -3.915383112959280e-03
2.386363636363636e-01, 9.886363636363636e-01, -4.474887524810735e-03
2.613636363636364e-01, 9.886363636363636e-01, -4.545677482577974e-03
2.840909090909091e-01, 9.886363636363636e-01, -4.127752986260994e-03
3.068181818181818e-01, 9.886363636363636e-01, -3.709828489944016e-03
3.295454545454545e-01, 9.886363636363636e-01, -3.291903993627038e-03
3.522727272727273e-01, 9.886363636363636e-01, -2.873979497310058e-03
3.750000000000000e-01, 9.886363636363636e-01, -2.456055000993080e-03
3.977272727272727e-01, 9.886363636363636e-01, -2.314475085458603e-03
4.204545454545455e-01, 9.886363636363636e-01, -2.172895169924126e-03
4.431818181818182e-01, 9.886363636363636e-01, -2.031315254389649e-03
4.659090909090909e-01, 9.886363636363636e-01, -1.889735338855172e-03
4.886363636363636e-01, 9.886363636363636e-01, -1.748155423320695e-03
5.113636363636364e-01, 9.886363636363636e-01, -1.823026606563276e-03
5.340909090909091e-01, 9.886363636363636e-01, -2.114348888582917e-03
5.568181818181818e-01, 9.886363636363636e-01, -2.405671170602557e-03
5.795454545454546e-01, 9.886363636363636e-01, -2.696993452622197e-03
6.022727272727273e-01, 9.886363636363636e-01, -2.988315734641838e-03
6.250000000000000e-01, 9.886363636363636e-01, -3.279638016661478e-03
6.477272727272727e-01, 9.886363636363636e-01, -3.970941979007020e-03
6.704545454545454e-01, 9.886363636363636e-01, -4.662245941352562e-03
6.931818181818182e-01, 9.886363636363636e-01, -5.353549903698109e-03
7.159090909090909e-01, 9.886363636363636e-01, -6.044853866043650e-03
7.386363636363636e-01, 9.886363636363636e-01, -6.736157828389193e-03
7.613636363636364e-01, 9.886363636363636e-01, -6.897357321279812e-03
7.840909090909091e-01, 9.886363636363636e-01, -6.528452344715510e-03
8.068181818181818e-01, 9.886363636363636e-01, -6.159547368151209e-03
8.295454545454546e-01, 9.886363636363636e-01, -5.790642391586904e-03
8.522727272727273e-01, 9.886363636363636e-01, -5.421737415022602e-03
8.750000000000000e-01, 9.886363636363636e-01, -5.052832438458300e-03
8.977272727272727e-01, 9.886363636363636e-01, -4.751062298465239e-03
9.204545454545454e-01, 9.886363636363636e-01, -4.449292158472179e-03
9.431818181818182e-01, 9.886363636363636e-01, -4.147522018479118e-03
9.659090909090909e-01, 9.886363636363636e-01, -3.845751878486059e-03
9.886363636363636e-01, 9.886363636363636e-01, -3.543981738492998e-03
