x,y,ux,uy
6.349431818181818e-01,1.136363636363636e-02,-2.855150101349035e-08,-3.952693786964074e-07
6.548295454545454e-01,1.136363636363636e-02,-3.151435554869605e-08,-2.626723955919151e-07
6.747159090909091e-01,1.136363636363636e-02,-3.447721008390175e-08,-1.300754124874228e-07
6.946022727272727e-01,1.136363636363636e-02,-3.452483426806314e-08,-4.359227276608814e-08
7.144886363636364e-01,1.136363636363636e-02,-2.932504382034474e-08,-4.011405113443769e-08
7.343750000000000e-01,1.136363636363636e-02,-2.412525337262634e-08,-3.663582950278724e-08
7.542613636363636e-01,1.136363636363636e-02,-1.949790737003066e-08,-3.384538057688331e-08
7.741477272727273e-01,1.136363636363636e-02,-1.696952433288496e-08,-3.357676490538323e-08
7.940340909090909e-01,1.136363636363636e-02,-1.444114129573925e-08,-3.330814923388315e-08
8.139204545454546e-01,1.136363636363636e-02,-1.198770203634880e-08,-3.303729453549434e-08
8.338068181818181e-01,1.136363636363636e-02,-1.050853188777664e-08,-3.273733248755221e-08
8.536931818181819e-01,1.136363636363636e-02,-9.029361739204452e-09,-3.243737043961007e-08
8.735795454545454e-01,1.136363636363636e-02,-7.550191590632285e-09,-3.213740839166793e-08
8.934659090909092e-01,1.136363636363636e-02,-6.608703716779297e-09,-3.173970348212528e-08
9.133522727272727e-01,1.136363636363636e-02,-5.708576017904721e-09,-3.133447989092106e-08
9.332386363636364e-01,1.136363636363636e-02,-4.808448319030139e-09,-3.092925629971683e-08
9.531250000000000e-01,1.136363636363636e-02,-4.190953889847845e-09,-3.041810275653005e-08
9.730113636363636e-01,1.136363636363636e-02,-3.650541261490720e-09,-2.987805922643893e-08
9.928977272727273e-01,1.136363636363636e-02,-3.110128633133595e-09,-2.933801569634782e-08
1.012784090909091e+00,1.136363636363636e-02,-2.709805181373919e-09,-2.871573354965724e-08
1.032670454545455e+00,1.136363636363636e-02,-2.387309049946154e-09,-2.804776328263363e-08
1.052556818181818e+00,1.136363636363636e-02,-2.064812918518393e-09,-2.737979301561001e-08
1.072443181818182e+00,1.136363636363636e-02,-1.806526173476518e-09,-2.664611674854451e-08
1.092329545454545e+00,1.136363636363636e-02,-1.612448814820533e-09,-2.584673448143712e-08
1.112215909090909e+00,1.136363636363636e-02,-1.418371456164547e-09,-2.504735221432972e-08
1.132102272727273e+00,1.136363636363636e-02,-1.250675466886903e-09,-2.419859917346389e-08
1.151988636363636e+00,1.136363636363636e-02,-1.130465942490273e-09,-2.326097873983289e-08
1.171875000000000e+00,1.136363636363636e-02,-1.010256418093641e-09,-2.232335830620187e-08
1.191761363636364e+00,1.136363636363636e-02,-8.990296296119002e-10,-2.135464468712133e-08
1.211647727272727e+00,1.136363636363636e-02,-8.207395394847554e-10,-2.027192272139251e-08
1.231534090909091e+00,1.136363636363636e-02,-7.424494493576106e-10,-1.918920075566369e-08
1.251420454545455e+00,1.136363636363636e-02,-6.658296843143413e-10,-1.809577658272682e-08
1.271306818181818e+00,1.136363636363636e-02,-6.109241453614644e-10,-1.686322371608539e-08
1.291193181818182e+00,1.136363636363636e-02,-5.560186064085889e-10,-1.563067084944398e-08
1.311079545454545e+00,1.136363636363636e-02,-5.011130674557120e-10,-1.439811798280254e-08
1.330965909090909e+00,1.136363636363636e-02,-4.569318101784025e-10,-1.302546967912956e-08
1.350852272727273e+00,1.136363636363636e-02,-4.135754976453678e-10,-1.164204480337724e-08
1.370738636363636e+00,1.136363636363636e-02,-3.702191851123331e-10,-1.025861992762492e-08
1.390625000000000e+00,1.136363636363636e-02,-3.265453287367276e-10,-8.759969076284980e-09
1.410511363636364e+00,1.136363636363636e-02,-2.827848694949666e-10,-7.229892958875692e-09
1.430397727272727e+00,1.136363636363636e-02,-2.390244102532062e-10,-5.699816841466420e-09
1.450284090909091e+00,1.136363636363636e-02,-1.777011049618718e-10,-4.099264499621198e-09
1.470170454545455e+00,1.136363636363636e-02,-1.066206629763288e-10,-2.459558699755986e-09
1.490056818181818e+00,1.136363636363636e-02,-3.554022099078592e-11,-8.198528998907729e-10
6.349431818181818e-01,3.409090909090909e-02,-1.357691570317194e-07,-3.791384646874883e-07
6.548295454545454e-01,3.409090909090909e-02,-1.256954191269893e-07,-2.865738775257747e-07
6.747159090909091e-01,3.409090909090909e-02,-1.156216812222592e-07,-1.940092903640611e-07
6.946022727272727e-01,3.409090909090909e-02,-1.035745028038990e-07,-1.307768182979189e-07
7.144886363636364e-01,3.409090909090909e-02,-8.797513146100473e-08,-1.203421534038054e-07
7.343750000000000e-01,3.409090909090909e-02,-7.237576011811046e-08,-1.099074885096919e-07
7.542613636363636e-01,3.409090909090909e-02,-5.849372211052139e-08,-1.015361417324614e-07
7.741477272727273e-01,3.409090909090909e-02,-5.090857299905131e-08,-1.007302947171353e-07
7.940340909090909e-01,3.409090909090909e-02,-4.332342388758122e-08,-9.992444770180925e-08
8.139204545454546e-01,3.409090909090909e-02,-3.596310610936284e-08,-9.911188360588114e-08
8.338068181818181e-01,3.409090909090909e-02,-3.152559566341643e-08,-9.821199746212663e-08
8.536931818181819e-01,3.409090909090909e-02,-2.708808521746996e-08,-9.731211131837210e-08
8.735795454545454e-01,3.409090909090909e-02,-2.265057477152354e-08,-9.641222517461755e-08
8.934659090909092e-01,3.409090909090909e-02,-1.982611115030700e-08,-9.521911044597516e-08
9.133522727272727e-01,3.409090909090909e-02,-1.712572805406972e-08,-9.400343967234140e-08
9.332386363636364e-01,3.409090909090909e-02,-1.442534495783243e-08,-9.278776889870765e-08
9.531250000000000e-01,3.409090909090909e-02,-1.257286167005073e-08,-9.125430826925108e-08
9.730113636363636e-01,3.409090909090909e-02,-1.095162378457510e-08,-8.963417767911557e-08
9.928977272727273e-01,3.409090909090909e-02,-9.330385899099474e-09,-8.801404708898008e-08
1.012784090909091e+00,3.409090909090909e-02,-8.129415543703818e-09,-8.614720064906411e-08
1.032670454545455e+00,3.409090909090909e-02,-7.161927149463691e-09,-8.414328984815900e-08
1.052556818181818e+00,3.409090909090909e-02,-6.194438755223572e-09,-8.213937904725391e-08
1.072443181818182e+00,3.409090909090909e-02,-5.419578520176114e-09,-7.993835024598670e-08
1.092329545454545e+00,3.409090909090909e-02,-4.837346444321333e-09,-7.754020344435741e-08
1.112215909090909e+00,3.409090909090909e-02,-4.255114368466545e-09,-7.514205664272811e-08
1.132102272727273e+00,3.409090909090909e-02,-3.752026400727115e-09,-7.259579751999317e-08
1.151988636363636e+00,3.409090909090909e-02,-3.391397827595313e-09,-6.978293621926799e-08
1.171875000000000e+00,3.409090909090909e-02,-3.030769254463509e-09,-6.697007491854280e-08
1.191761363636364e+00,3.409090909090909e-02,-2.697088889058564e-09,-6.406393406142169e-08
1.211647727272727e+00,3.409090909090909e-02,-2.462218618652107e-09,-6.081576816418225e-08
1.231534090909091e+00,3.409090909090909e-02,-2.227348348245651e-09,-5.756760226694281e-08
1.251420454545455e+00,3.409090909090909e-02,-1.997489053093386e-09,-5.428732974809442e-08
1.271306818181818e+00,3.409090909090909e-02,-1.832772436245652e-09,-5.058967114833018e-08
1.291193181818182e+00,3.409090909090909e-02,-1.668055819397923e-09,-4.689201254856601e-08
1.311079545454545e+00,3.409090909090909e-02,-1.503339202550189e-09,-4.319435394880176e-08
1.330965909090909e+00,3.409090909090909e-02,-1.370795430753928e-09,-3.907640903757917e-08
1.350852272727273e+00,3.409090909090909e-02,-1.240726493192397e-09,-3.492613441009059e-08
1.370738636363636e+00,3.409090909090909e-02,-1.110657555630867e-09,-3.077585978260201e-08
1.390625000000000e+00,3.409090909090909e-02,-9.796359864630287e-10,-2.627990722857828e-08
1.410511363636364e+00,3.409090909090909e-02,-8.483546086752890e-10,-2.168967887640861e-08
1.430397727272727e+00,3.409090909090909e-02,-7.170732308875510e-10,-1.709945052423899e-08
1.450284090909091e+00,3.409090909090909e-02,-5.331033149727910e-10,-1.229779349875264e-08
1.470170454545455e+00,3.409090909090909e-02,-3.198619889874605e-10,-7.378676099201384e-09
1.490056818181818e+00,3.409090909090909e-02,-1.066206630021301e-10,-2.459558699650128e-09
6.349431818181818e-01,5.681818181818182e-02,-2.429868130499485e-07,-3.630075506785693e-07
6.548295454545454e-01,5.681818181818182e-02,-2.198764827052825e-07,-3.104753594596343e-07
6.747159090909091e-01,5.681818181818182e-02,-1.967661523606165e-07,-2.579431682406994e-07
6.946022727272727e-01,5.681818181818182e-02,-1.726241713397348e-07,-2.179613638297496e-07
7.144886363636364e-01,5.681818181818182e-02,-1.466252191016647e-07,-2.005702556731730e-07
7.343750000000000e-01,5.681818181818182e-02,-1.206262668635946e-07,-1.831791475165965e-07
7.542613636363636e-01,5.681818181818182e-02,-9.748953685101213e-08,-1.692269028880395e-07
7.741477272727273e-01,5.681818181818182e-02,-8.484762166521766e-08,-1.678838245288875e-07
7.940340909090909e-01,5.681818181818182e-02,-7.220570647942321e-08,-1.665407461697354e-07
8.139204545454546e-01,5.681818181818182e-02,-5.993851018237689e-08,-1.651864726762680e-07
8.338068181818181e-01,5.681818181818182e-02,-5.254265943905622e-08,-1.636866624367011e-07
8.536931818181819e-01,5.681818181818182e-02,-4.514680869573547e-08,-1.621868521971341e-07
8.735795454545454e-01,5.681818181818182e-02,-3.775095795241481e-08,-1.606870419575672e-07
8.934659090909092e-01,5.681818181818182e-02,-3.304351858383471e-08,-1.586985174098250e-07
9.133522727272727e-01,5.681818181818182e-02,-2.854288009023473e-08,-1.566723994537618e-07
9.332386363636364e-01,5.681818181818182e-02,-2.404224159663472e-08,-1.546462814976985e-07
9.531250000000000e-01,5.681818181818182e-02,-2.095476945025361e-08,-1.520905137819722e-07
9.730113636363636e-01,5.681818181818182e-02,-1.825270630765948e-08,-1.493902961317922e-07
9.928977272727273e-01,5.681818181818182e-02,-1.555064316506535e-08,-1.466900784816123e-07
1.012784090909091e+00,5.681818181818182e-02,-1.354902590603372e-08,-1.435786677484710e-07
1.032670454545455e+00,5.681818181818182e-02,-1.193654524898123e-08,-1.402388164136844e-07
1.052556818181818e+00,5.681818181818182e-02,-1.032406459192875e-08,-1.368989650788978e-07
1.072443181818182e+00,5.681818181818182e-02,-9.032630866875712e-09,-1.332305837434289e-07
1.092329545454545e+00,5.681818181818182e-02,-8.062244073822134e-09,-1.292336724072777e-07
1.112215909090909e+00,5.681818181818182e-02,-7.091857280768545e-09,-1.252367610711265e-07
1.132102272727273e+00,5.681818181818182e-02,-6.253377334567326e-09,-1.209929958665224e-07
1.151988636363636e+00,5.681818181818182e-02,-5.652329712700355e-09,-1.163048936987031e-07
1.171875000000000e+00,5.681818181818182e-02,-5.051282090833376e-09,-1.116167915308837e-07
1.191761363636364e+00,5.681818181818182e-02,-4.495148148505228e-09,-1.067732234357221e-07
1.211647727272727e+00,5.681818181818182e-02,-4.103697697819460e-09,-1.013596136069720e-07
1.231534090909091e+00,5.681818181818182e-02,-3.712247247133691e-09,-9.594600377822194e-08
1.251420454545455e+00,5.681818181818182e-02,-3.329148421872431e-09,-9.047888291346203e-08
1.271306818181818e+00,5.681818181818182e-02,-3.054620727129841e-09,-8.431611858057497e-08
1.291193181818182e+00,5.681818181818182e-02,-2.780093032387256e-09,-7.815335424768805e-08
1.311079545454545e+00,5.681818181818182e-02,-2.505565337644665e-09,-7.199058991480097e-08
1.330965909090909e+00,5.681818181818182e-02,-2.284659051329453e-09,-6.512734839602876e-08
1.350852272727273e+00,5.681818181818182e-02,-2.067877488739427e-09,-5.821022401680394e-08
1.370738636363636e+00,5.681818181818182e-02,-1.851095926149400e-09,-5.129309963757910e-08
1.390625000000000e+00,5.681818181818182e-02,-1.632726644189330e-09,-4.379984538087158e-08
1.410511363636364e+00,5.681818181818182e-02,-1.413924347855612e-09,-3.614946479394153e-08
1.430397727272727e+00,5.681818181818182e-02,-1.195122051521896e-09,-2.849908420701157e-08
1.450284090909091e+00,5.681818181818182e-02,-8.885055249837101e-10,-2.049632249788408e-08
1.470170454545455e+00,5.681818181818182e-02,-5.331033149985921e-10,-1.229779349864678e-08
1.490056818181818e+00,5.681818181818182e-02,-1.777011050134742e-10,-4.099264499409483e-09
6.349431818181818e-01,7.954545454545454e-02,-2.755292652046226e-07,-3.592315217126904e-07
6.548295454545454e-01,7.954545454545454e-02,-2.513777128178779e-07,-3.291196282417178e-07
6.747159090909091e-01,7.954545454545454e-02,-2.272261604311333e-07,-2.990077347707453e-07
6.946022727272727e-01,7.954545454545454e-02,-2.019225842228519e-07,-2.737116102027271e-07
7.144886363636364e-01,7.954545454545454e-02,-1.745453651358043e-07,-2.570838696600266e-07
7.343750000000000e-01,7.954545454545454e-02,-1.471681460487568e-07,-2.404561291173261e-07
7.542613636363636e-01,7.954545454545454e-02,-1.223225869932183e-07,-2.267876631478254e-07
7.741477272727273e-01,7.954545454545454e-02,-1.067597813865462e-07,-2.239698706133902e-07
7.940340909090909e-01,7.954545454545454e-02,-9.119697577987412e-08,-2.211520780789551e-07
8.139204545454546e-01,7.954545454545454e-02,-7.607733639324762e-08,-2.183566490715980e-07
8.338068181818181e-01,7.954545454545454e-02,-6.671885786721347e-08,-2.158519459162546e-07
8.536931818181819e-01,7.954545454545454e-02,-5.736037934117921e-08,-2.133472427609112e-07
8.735795454545454e-01,7.954545454545454e-02,-4.800190081514505e-08,-2.108425396055677e-07
8.934659090909092e-01,7.954545454545454e-02,-4.201823026329884e-08,-2.078045361390723e-07
9.133522727272727e-01,7.954545454545454e-02,-3.629416032485178e-08,-2.047255095717190e-07
9.332386363636364e-01,7.954545454545454e-02,-3.057009038640470e-08,-2.016464830043657e-07
9.531250000000000e-01,7.954545454545454e-02,-2.662437806993601e-08,-1.980141035949087e-07
9.730113636363636e-01,7.954545454545454e-02,-2.316367237764326e-08,-1.942308097739689e-07
9.928977272727273e-01,7.954545454545454e-02,-1.970296668535050e-08,-1.904475159530291e-07
1.012784090909091e+00,7.954545454545454e-02,-1.712601639718320e-08,-1.862046105697353e-07
1.032670454545455e+00,7.954545454545454e-02,-1.504004133353001e-08,-1.817063654295782e-07
1.052556818181818e+00,7.954545454545454e-02,-1.295406626987683e-08,-1.772081202894212e-07
1.072443181818182e+00,7.954545454545454e-02,-1.127669008880947e-08,-1.723240035330481e-07
1.092329545454545e+00,7.954545454545454e-02,-1.000791279032795e-08,-1.670540151604590e-07
1.112215909090909e+00,7.954545454545454e-02,-8.739135491846418e-09,-1.617840267878698e-07
1.132102272727273e+00,7.954545454545454e-02,-7.641292065394473e-09,-1.562134362045047e-07
1.151988636363636e+00,7.954545454545454e-02,-6.851129608595764e-09,-1.501017616417428e-07
1.171875000000000e+00,7.954545454545454e-02,-6.060967151797046e-09,-1.439900870789809e-07
1.191761363636364e+00,7.954545454545454e-02,-5.330673528329763e-09,-1.376850124267132e-07
1.211647727272727e+00,7.954545454545454e-02,-4.819898960411075e-09,-1.306708041129247e-07
1.231534090909091e+00,7.954545454545454e-02,-4.309124392492387e-09,-1.236565957991361e-07
1.251420454545455e+00,7.954545454545454e-02,-3.809949248683462e-09,-1.165750514395319e-07
1.271306818181818e+00,7.954545454545454e-02,-3.461566618301543e-09,-1.086181384843252e-07
1.291193181818182e+00,7.954545454545454e-02,-3.113183987919632e-09,-1.006612255291186e-07
1.311079545454545e+00,7.954545454545454e-02,-2.764801357537712e-09,-9.270431257391182e-08
1.330965909090909e+00,7.954545454545454e-02,-2.496795989083181e-09,-8.386128611365755e-08
1.350852272727273e+00,7.954545454545454e-02,-2.234973486930759e-09,-7.495009707609200e-08
1.370738636363636e+00,7.954545454545454e-02,-1.973150984778338e-09,-6.603890803852647e-08
1.390625000000000e+00,7.954545454545454e-02,-1.721705632826918e-09,-5.640224889035381e-08
1.410511363636364e+00,7.954545454545454e-02,-1.473090412748499e-09,-4.656773425747014e-08
1.430397727272727e+00,7.954545454545454e-02,-1.224475192670083e-09,-3.673321962458657e-08
1.450284090909091e+00,7.954545454545454e-02,-9.033850339228719e-10,-2.642571031700357e-08
1.470170454545455e+00,7.954545454545454e-02,-5.420310203596601e-10,-1.585542619014297e-08
1.490056818181818e+00,7.954545454545454e-02,-1.806770067964482e-10,-5.285142063282376e-09
6.349431818181818e-01,1.022727272727273e-01,-2.831799827381117e-07,-3.595737877611581e-07
6.548295454545454e-01,1.022727272727273e-01,-2.619856651085740e-07,-3.460114926398759e-07
6.747159090909091e-01,1.022727272727273e-01,-2.407913474790364e-07,-3.324491975185937e-07
6.946022727272727e-01,1.022727272727273e-01,-2.179705785550626e-07,-3.189837568560869e-07
7.144886363636364e-01,1.022727272727273e-01,-1.922221973011038e-07,-3.056926542193755e-07
7.343750000000000e-01,1.022727272727273e-01,-1.664738160471450e-07,-2.924015515826641e-07
7.542613636363636e-01,1.022727272727273e-01,-1.424347156026630e-07,-2.809717564423472e-07
7.741477272727273e-01,1.022727272727273e-01,-1.246629781262622e-07,-2.763667554554767e-07
7.940340909090909e-01,1.022727272727273e-01,-1.068912406498614e-07,-2.717617544686061e-07
8.139204545454546e-01,1.022727272727273e-01,-8.960396998340391e-08,-2.672253545752424e-07
8.338068181818181e-01,1.022727272727273e-01,-7.861476784620986e-08,-2.635807688974678e-07
8.536931818181819e-01,1.022727272727273e-01,-6.762556570901567e-08,-2.599361832196931e-07
8.735795454545454e-01,1.022727272727273e-01,-5.663636357182162e-08,-2.562915975419185e-07
8.934659090909092e-01,1.022727272727273e-01,-4.957871002474178e-08,-2.521194254567853e-07
9.133522727272727e-01,1.022727272727273e-01,-4.282348329228621e-08,-2.479066698018552e-07
9.332386363636364e-01,1.022727272727273e-01,-3.606825655983058e-08,-2.436939141469252e-07
9.531250000000000e-01,1.022727272727273e-01,-3.138988696944493e-08,-2.389668215079172e-07
9.730113636363636e-01,1.022727272727273e-01,-2.727793296326017e-08,-2.340994551459789e-07
9.928977272727273e-01,1.022727272727273e-01,-2.316597895707542e-08,-2.292320887840406e-07
1.012784090909091e+00,1.022727272727273e-01,-2.008880026460588e-08,-2.238953786316188e-07
1.032670454545455e+00,1.022727272727273e-01,-1.758649674642253e-08,-2.182979219289282e-07
1.052556818181818e+00,1.022727272727273e-01,-1.508419322823922e-08,-2.127004652262377e-07
1.072443181818182e+00,1.022727272727273e-01,-1.306441826915461e-08,-2.066844854200595e-07
1.092329545454545e+00,1.022727272727273e-01,-1.152717186916877e-08,-2.002499825103939e-07
1.112215909090909e+00,1.022727272727273e-01,-9.989925469182916e-09,-1.938154796007281e-07
1.132102272727273e+00,1.022727272727273e-01,-8.658061395217267e-09,-1.870416238729713e-07
1.151988636363636e+00,1.022727272727273e-01,-7.695885508087963e-09,-1.796569330726508e-07
1.171875000000000e+00,1.022727272727273e-01,-6.733709620958649e-09,-1.722722422723301e-07
1.191761363636364e+00,1.022727272727273e-01,-5.845354281613587e-09,-1.646643012899346e-07
1.211647727272727e+00,1.022727272727273e-01,-5.227674284144110e-09,-1.562377763065983e-07
1.231534090909091e+00,1.022727272727273e-01,-4.609994286674634e-09,-1.478112513232620e-07
1.251420454545455e+00,1.022727272727273e-01,-4.007130561505157e-09,-1.393060917525026e-07
1.271306818181818e+00,1.022727272727273e-01,-3.596878376235751e-09,-1.297786825452438e-07
1.291193181818182e+00,1.022727272727273e-01,-3.186626190966355e-09,-1.202512733379853e-07
1.311079545454545e+00,1.022727272727273e-01,-2.776374005696948e-09,-1.107238641307265e-07
1.330965909090909e+00,1.022727272727273e-01,-2.475024032562976e-09,-1.001562232843460e-07
1.350852272727273e+00,1.022727272727273e-01,-2.182051152670193e-09,-8.950856461957165e-08
1.370738636363636e+00,1.022727272727273e-01,-1.889078272777411e-09,-7.886090595479725e-08
1.390625000000000e+00,1.022727272727273e-01,-1.622647398434935e-09,-6.736547418556567e-08
1.410511363636364e+00,1.022727272727273e-01,-1.363455252878908e-09,-5.563883156966397e-08
1.430397727272727e+00,1.022727272727273e-01,-1.104263107322883e-09,-4.391218895376240e-08
1.450284090909091e+00,1.022727272727273e-01,-8.047569758381145e-10,-3.159871774278573e-08
1.470170454545455e+00,1.022727272727273e-01,-4.828541855040400e-10,-1.895923064565609e-08
1.490056818181818e+00,1.022727272727273e-01,-1.609513951699655e-10,-6.319743548526450e-09
6.349431818181818e-01,1.250000000000000e-01,-2.908307002716008e-07,-3.599160538096258e-07
6.548295454545454e-01,1.250000000000000e-01,-2.725936173992702e-07,-3.629033570380340e-07
6.747159090909091e-01,1.250000000000000e-01,-2.543565345269395e-07,-3.658906602664422e-07
6.946022727272727e-01,1.250000000000000e-01,-2.340185728872734e-07,-3.642559035094467e-07
7.144886363636364e-01,1.250000000000000e-01,-2.098990294664033e-07,-3.543014387787244e-07
7.343750000000000e-01,1.250000000000000e-01,-1.857794860455333e-07,-3.443469740480021e-07
7.542613636363636e-01,1.250000000000000e-01,-1.625468442121077e-07,-3.351558497368690e-07
7.741477272727273e-01,1.250000000000000e-01,-1.425661748659781e-07,-3.287636402975631e-07
7.940340909090909e-01,1.250000000000000e-01,-1.225855055198486e-07,-3.223714308582571e-07
8.139204545454546e-01,1.250000000000000e-01,-1.031306035735602e-07,-3.160940600788868e-07
8.338068181818181e-01,1.250000000000000e-01,-9.051067782520625e-08,-3.113095918786810e-07
8.536931818181819e-01,1.250000000000000e-01,-7.789075207685214e-08,-3.065251236784752e-07
8.735795454545454e-01,1.250000000000000e-01,-6.527082632849819e-08,-3.017406554782694e-07
8.934659090909092e-01,1.250000000000000e-01,-5.713918978618471e-08,-2.964343147744982e-07
9.133522727272727e-01,1.250000000000000e-01,-4.935280625972061e-08,-2.910878300319914e-07
9.332386363636364e-01,1.250000000000000e-01,-4.156642273325646e-08,-2.857413452894845e-07
9.531250000000000e-01,1.250000000000000e-01,-3.615539586895384e-08,-2.799195394209256e-07
9.730113636363636e-01,1.250000000000000e-01,-3.139219354887708e-08,-2.739681005179889e-07
9.928977272727273e-01,1.250000000000000e-01,-2.662899122880033e-08,-2.680166616150521e-07
1.012784090909091e+00,1.250000000000000e-01,-2.305158413202856e-08,-2.615861466935021e-07
1.032670454545455e+00,1.250000000000000e-01,-2.013295215931506e-08,-2.548894784282782e-07
1.052556818181818e+00,1.250000000000000e-01,-1.721432018660160e-08,-2.481928101630542e-07
1.072443181818182e+00,1.250000000000000e-01,-1.485214644949976e-08,-2.410449673070710e-07
1.092329545454545e+00,1.250000000000000e-01,-1.304643094800959e-08,-2.334459498603287e-07
1.112215909090909e+00,1.250000000000000e-01,-1.124071544651941e-08,-2.258469324135864e-07
1.132102272727273e+00,1.250000000000000e-01,-9.674830725040059e-09,-2.178698115414379e-07
1.151988636363636e+00,1.250000000000000e-01,-8.540641407580162e-09,-2.092121045035587e-07
1.171875000000000e+00,1.250000000000000e-01,-7.406452090120253e-09,-2.005543974656793e-07
1.191761363636364e+00,1.250000000000000e-01,-6.360035034897410e-09,-1.916435901531560e-07
1.211647727272727e+00,1.250000000000000e-01,-5.635449607877146e-09,-1.818047485002720e-07
1.231534090909091e+00,1.250000000000000e-01,-4.910864180856882e-09,-1.719659068473879e-07
1.251420454545455e+00,1.250000000000000e-01,-4.204311874326851e-09,-1.620371320654732e-07
1.271306818181818e+00,1.250000000000000e-01,-3.732190134169959e-09,-1.509392266061625e-07
1.291193181818182e+00,1.250000000000000e-01,-3.260068394013077e-09,-1.398413211468520e-07
1.311079545454545e+00,1.250000000000000e-01,-2.787946653856185e-09,-1.287434156875413e-07
1.330965909090909e+00,1.250000000000000e-01,-2.453252076042771e-09,-1.164511604550345e-07
1.350852272727273e+00,1.250000000000000e-01,-2.129128818409627e-09,-1.040670321630513e-07
1.370738636363636e+00,1.250000000000000e-01,-1.805005560776484e-09,-9.168290387106804e-08
1.390625000000000e+00,1.250000000000000e-01,-1.523589164042953e-09,-7.832869948077753e-08
1.410511363636364e+00,1.250000000000000e-01,-1.253820093009316e-09,-6.470992888185781e-08
1.430397727272727e+00,1.250000000000000e-01,-9.840510219756836e-10,-5.109115828293822e-08
1.450284090909091e+00,1.250000000000000e-01,-7.061289177533571e-10,-3.677172516856790e-08
1.470170454545455e+00,1.250000000000000e-01,-4.236773506484200e-10,-2.206303510116921e-08
1.490056818181818e+00,1.250000000000000e-01,-1.412257835434829e-10,-7.354345033770522e-09
6.349431818181818e-01,1.477272727272727e-01,-2.761618776652591e-07,-3.611590044630289e-07
6.548295454545454e-01,1.477272727272727e-01,-2.587870475577009e-07,-3.706221362274011e-07
6.747159090909091e-01,1.477272727272727e-01,-2.414122174501427e-07,-3.800852679917733e-07
6.946022727272727e-01,1.477272727272727e-01,-2.224639995289347e-07,-3.840040732371936e-07
7.144886363636364e-01,1.477272727272727e-01,-2.006836835431572e-07,-3.779430907485006e-07
7.343750000000000e-01,1.477272727272727e-01,-1.789033675573796e-07,-3.718821082598074e-07
7.542613636363636e-01,1.477272727272727e-01,-1.577877977310972e-07,-3.657224364083880e-07
7.741477272727273e-01,1.477272727272727e-01,-1.391096304896304e-07,-3.592009035603056e-07
7.940340909090909e-01,1.477272727272727e-01,-1.204314632481636e-07,-3.526793707122232e-07
8.139204545454546e-01,1.477272727272727e-01,-1.022105718275702e-07,-3.461894044197808e-07
8.338068181818181e-01,1.477272727272727e-01,-8.993426607833205e-08,-3.401098033506602e-07
8.536931818181819e-01,1.477272727272727e-01,-7.765796032909376e-08,-3.340302022815395e-07
8.735795454545454e-01,1.477272727272727e-01,-6.538165457985561e-08,-3.279506012124188e-07
8.934659090909092e-01,1.477272727272727e-01,-5.736098871628636e-08,-3.215495633198429e-07
9.133522727272727e-01,1.477272727272727e-01,-4.966767976699943e-08,-3.151237995177705e-07
9.332386363636364e-01,1.477272727272727e-01,-4.197437081771247e-08,-3.086980357156981e-07
9.531250000000000e-01,1.477272727272727e-01,-3.656507498454999e-08,-3.019423473334411e-07
9.730113636363636e-01,1.477272727272727e-01,-3.177869181942147e-08,-2.950966795202245e-07
9.928977272727273e-01,1.477272727272727e-01,-2.699230865429294e-08,-2.882510117070080e-07
1.012784090909091e+00,1.477272727272727e-01,-2.335929094321692e-08,-2.810092443962575e-07
1.032670454545455e+00,1.477272727272727e-01,-2.036703181772557e-08,-2.735474218090990e-07
1.052556818181818e+00,1.477272727272727e-01,-1.737477269223425e-08,-2.660855992219406e-07
1.072443181818182e+00,1.477272727272727e-01,-1.493343921415146e-08,-2.582020363684107e-07
1.092329545454545e+00,1.477272727272727e-01,-1.304303138347726e-08,-2.498967332485096e-07
1.112215909090909e+00,1.477272727272727e-01,-1.115262355280303e-08,-2.415914301286083e-07
1.132102272727273e+00,1.477272727272727e-01,-9.506407655926376e-09,-2.329112305859861e-07
1.151988636363636e+00,1.477272727272727e-01,-8.299737239885295e-09,-2.235562174824661e-07
1.171875000000000e+00,1.477272727272727e-01,-7.093066823844202e-09,-2.142012043789460e-07
1.191761363636364e+00,1.477272727272727e-01,-5.979391697155866e-09,-2.045877682179822e-07
1.211647727272727e+00,1.477272727272727e-01,-5.206699298094313e-09,-1.940267808463914e-07
1.231534090909091e+00,1.477272727272727e-01,-4.434006899032760e-09,-1.834657934748006e-07
1.251420454545455e+00,1.477272727272727e-01,-3.681488777177974e-09,-1.728116217381760e-07
1.271306818181818e+00,1.477272727272727e-01,-3.191236259011259e-09,-1.609460532561125e-07
1.291193181818182e+00,1.477272727272727e-01,-2.700983740844555e-09,-1.490804847740493e-07
1.311079545454545e+00,1.477272727272727e-01,-2.210731222677838e-09,-1.372149162919858e-07
1.330965909090909e+00,1.477272727272727e-01,-1.888900705141003e-09,-1.241035514393299e-07
1.350852272727273e+00,1.477272727272727e-01,-1.580025726114161e-09,-1.108963560966286e-07
1.370738636363636e+00,1.477272727272727e-01,-1.271150747087320e-09,-9.768916075392725e-08
1.390625000000000e+00,1.477272727272727e-01,-1.038950843377814e-09,-8.346132395360399e-08
1.410511363636364e+00,1.477272727272727e-01,-8.276623238457656e-10,-6.895513039211113e-08
1.430397727272727e+00,1.477272727272727e-01,-6.163738043137194e-10,-5.444893683061843e-08
1.450284090909091e+00,1.477272727272727e-01,-4.302721967645622e-10,-3.919057658075818e-08
1.470170454545455e+00,1.477272727272727e-01,-2.581633180947860e-10,-2.351434594847134e-08
1.490056818181818e+00,1.477272727272727e-01,-8.605443942500981e-11,-7.838115316184496e-09
6.349431818181818e-01,1.704545454545454e-01,-2.614930550589175e-07,-3.624019551164322e-07
6.548295454545454e-01,1.704545454545454e-01,-2.449804777161316e-07,-3.783409154167683e-07
6.747159090909091e-01,1.704545454545454e-01,-2.284679003733459e-07,-3.942798757171045e-07
6.946022727272727e-01,1.704545454545454e-01,-2.109094261705961e-07,-4.037522429649407e-07
7.144886363636364e-01,1.704545454545454e-01,-1.914683376199111e-07,-4.015847427182767e-07
7.343750000000000e-01,1.704545454545454e-01,-1.720272490692260e-07,-3.994172424716127e-07
7.542613636363636e-01,1.704545454545454e-01,-1.530287512500869e-07,-3.962890230799070e-07
7.741477272727273e-01,1.704545454545454e-01,-1.356530861132827e-07,-3.896381668230482e-07
7.940340909090909e-01,1.704545454545454e-01,-1.182774209764785e-07,-3.829873105661892e-07
8.139204545454546e-01,1.704545454545454e-01,-1.012905400815802e-07,-3.762847487606748e-07
8.338068181818181e-01,1.704545454545454e-01,-8.935785433145786e-08,-3.689100148226393e-07
8.536931818181819e-01,1.704545454545454e-01,-7.742516858133538e-08,-3.615352808846038e-07
8.735795454545454e-01,1.704545454545454e-01,-6.549248283121304e-08,-3.541605469465682e-07
8.934659090909092e-01,1.704545454545454e-01,-5.758278764638801e-08,-3.466648118651876e-07
9.133522727272727e-01,1.704545454545454e-01,-4.998255327427827e-08,-3.391597690035496e-07
9.332386363636364e-01,1.704545454545454e-01,-4.238231890216847e-08,-3.316547261419118e-07
9.531250000000000e-01,1.704545454545454e-01,-3.697475410014614e-08,-3.239651552459565e-07
9.730113636363636e-01,1.704545454545454e-01,-3.216519008996584e-08,-3.162252585224602e-07
9.928977272727273e-01,1.704545454545454e-01,-2.735562607978556e-08,-3.084853617989640e-07
1.012784090909091e+00,1.704545454545454e-01,-2.366699775440528e-08,-3.004323420990128e-07
1.032670454545455e+00,1.704545454545454e-01,-2.060111147613607e-08,-2.922053651899198e-07
1.052556818181818e+00,1.704545454545454e-01,-1.753522519786690e-08,-2.839783882808269e-07
1.072443181818182e+00,1.704545454545454e-01,-1.501473197880316e-08,-2.753591054297504e-07
1.092329545454545e+00,1.704545454545454e-01,-1.303963181894492e-08,-2.663475166366904e-07
1.112215909090909e+00,1.704545454545454e-01,-1.106453165908666e-08,-2.573359278436302e-07
1.132102272727273e+00,1.704545454545454e-01,-9.337984586812695e-09,-2.479526496305343e-07
1.151988636363636e+00,1.704545454545454e-01,-8.058833072190430e-09,-2.379003304613736e-07
1.171875000000000e+00,1.704545454545454e-01,-6.779681557568150e-09,-2.278480112922128e-07
1.191761363636364e+00,1.704545454545454e-01,-5.598748359414322e-09,-2.175319462828084e-07
1.211647727272727e+00,1.704545454545454e-01,-4.777948988311481e-09,-2.062488131925109e-07
1.231534090909091e+00,1.704545454545454e-01,-3.957149617208641e-09,-1.949656801022133e-07
1.251420454545455e+00,1.704545454545454e-01,-3.158665680029099e-09,-1.835861114108786e-07
1.271306818181818e+00,1.704545454545454e-01,-2.650282383852561e-09,-1.709528799060625e-07
1.291193181818182e+00,1.704545454545454e-01,-2.141899087676032e-09,-1.583196484012466e-07
1.311079545454545e+00,1.704545454545454e-01,-1.633515791499493e-09,-1.456864168964304e-07
1.330965909090909e+00,1.704545454545454e-01,-1.324549334239236e-09,-1.317559424236253e-07
1.350852272727273e+00,1.704545454545454e-01,-1.030922633818696e-09,-1.177256800302059e-07
1.370738636363636e+00,1.704545454545454e-01,-7.372959333981562e-10,-1.036954176367865e-07
1.390625000000000e+00,1.704545454545454e-01,-5.543125227126767e-10,-8.859394842643043e-08
1.410511363636364e+00,1.704545454545454e-01,-4.015045546822152e-10,-7.320033190236445e-08
1.430397727272727e+00,1.704545454545454e-01,-2.486965866517556e-10,-5.780671537829863e-08
1.450284090909091e+00,1.704545454545454e-01,-1.544154757757676e-10,-4.160942799294846e-08
1.470170454545455e+00,1.704545454545454e-01,-9.264928554115224e-11,-2.496565679577347e-08
1.490056818181818e+00,1.704545454545454e-01,-3.088309530653685e-11,-8.321885598598470e-09
6.349431818181818e-01,1.931818181818182e-01,-2.437220725040471e-07,-3.627099143497415e-07
6.548295454545454e-01,1.931818181818182e-01,-2.281753881013153e-07,-3.842904497063974e-07
6.747159090909091e-01,1.931818181818182e-01,-2.126287036985836e-07,-4.058709850630534e-07
6.946022727272727e-01,1.931818181818182e-01,-1.964156523522500e-07,-4.201609578964849e-07
7.144886363636364e-01,1.931818181818182e-01,-1.790031405074332e-07,-4.213279181881124e-07
7.343750000000000e-01,1.931818181818182e-01,-1.615906286626163e-07,-4.224948784797399e-07
7.542613636363636e-01,1.931818181818182e-01,-1.445320581920663e-07,-4.219339115730371e-07
7.741477272727273e-01,1.931818181818182e-01,-1.287712727604949e-07,-4.150372116057899e-07
7.940340909090909e-01,1.931818181818182e-01,-1.130104873289235e-07,-4.081405116385428e-07
8.139204545454546e-01,1.931818181818182e-01,-9.757490155019798e-08,-4.011258941190283e-07
8.338068181818181e-01,1.931818181818182e-01,-8.636691125846894e-08,-3.925783484200383e-07
8.536931818181819e-01,1.931818181818182e-01,-7.515892096673980e-08,-3.840308027210483e-07
8.735795454545454e-01,1.931818181818182e-01,-6.395093067501081e-08,-3.754832570220584e-07
8.934659090909092e-01,1.931818181818182e-01,-5.639173066840441e-08,-3.669912041780900e-07
9.133522727272727e-01,1.931818181818182e-01,-4.911320683757677e-08,-3.585034200152773e-07
9.332386363636364e-01,1.931818181818182e-01,-4.183468300674910e-08,-3.500156358524643e-07
9.531250000000000e-01,1.931818181818182e-01,-3.657851980452325e-08,-3.414940056604080e-07
9.730113636363636e-01,1.931818181818182e-01,-3.187390950100700e-08,-3.329631447331034e-07
9.928977272727273e-01,1.931818181818182e-01,-2.716929919749076e-08,-3.244322838057987e-07
1.012784090909091e+00,1.931818181818182e-01,-2.351552361822648e-08,-3.156749107164621e-07
1.032670454545455e+00,1.931818181818182e-01,-2.044554510799102e-08,-3.067916975371075e-07
1.052556818181818e+00,1.931818181818182e-01,-1.737556659775559e-08,-2.979084843577532e-07
1.072443181818182e+00,1.931818181818182e-01,-1.482922200118492e-08,-2.886683557965213e-07
1.092329545454545e+00,1.931818181818182e-01,-1.280651131827906e-08,-2.790713118534118e-07
1.112215909090909e+00,1.931818181818182e-01,-1.078380063537318e-08,-2.694742679103023e-07
1.132102272727273e+00,1.931818181818182e-01,-9.007715495591217e-09,-2.595144560436623e-07
1.151988636363636e+00,1.931818181818182e-01,-7.675556333432269e-09,-2.489016619146672e-07
1.171875000000000e+00,1.931818181818182e-01,-6.343397171273306e-09,-2.382888677856719e-07
1.191761363636364e+00,1.931818181818182e-01,-5.112738253262287e-09,-2.274110634828874e-07
1.211647727272727e+00,1.931818181818182e-01,-4.254246897127062e-09,-2.155615552095423e-07
1.231534090909091e+00,1.931818181818182e-01,-3.395755540991837e-09,-2.037120469361972e-07
1.251420454545455e+00,1.931818181818182e-01,-2.561439269408929e-09,-1.917643202692125e-07
1.271306818181818e+00,1.931818181818182e-01,-2.041399097006278e-09,-1.785397544849158e-07
1.291193181818182e+00,1.931818181818182e-01,-1.521358924603637e-09,-1.653151887006194e-07
1.311079545454545e+00,1.931818181818182e-01,-1.001318752200986e-09,-1.520906229163227e-07
1.330965909090909e+00,1.931818181818182e-01,-7.110989423188495e-10,-1.375364679304798e-07
1.350852272727273e+00,1.931818181818182e-01,-4.385576218613723e-10,-1.228800368522105e-07
1.370738636363636e+00,1.931818181818182e-01,-1.660163014038949e-10,-1.082236057739411e-07
1.390625000000000e+00,1.931818181818182e-01,-3.801093580213878e-11,-9.246154159113016e-08
1.410511363636364e+00,1.931818181818182e-01,5.057553302078246e-11,-7.639794110708069e-08
1.430397727272727e+00,1.931818181818182e-01,1.391620018437026e-10,-6.033434062303140e-08
1.450284090909091e+00,1.931818181818182e-01,1.358636573364752e-10,-4.342970263080397e-08
1.470170454545455e+00,1.931818181818182e-01,8.151819431249836e-11,-2.605782157847740e-08
1.490056818181818e+00,1.931818181818182e-01,2.717273128852150e-11,-8.685940526150822e-09
6.349431818181818e-01,2.159090909090909e-01,-2.166446101035909e-07,-3.602128993227693e-07
6.548295454545454e-01,2.159090909090909e-01,-2.023747391667579e-07,-3.849322492968124e-07
6.747159090909091e-01,2.159090909090909e-01,-1.881048682299248e-07,-4.096515992708555e-07
6.946022727272727e-01,2.159090909090909e-01,-1.731042771538816e-07,-4.265513084394210e-07
7.144886363636364e-01,2.159090909090909e-01,-1.567883898272601e-07,-4.293756641581266e-07
7.343750000000000e-01,2.159090909090909e-01,-1.404725025006385e-07,-4.322000198768323e-07
7.542613636363636e-01,2.159090909090909e-01,-1.248224254030155e-07,-4.328137055310002e-07
7.741477272727273e-01,2.159090909090909e-01,-1.116136524783870e-07,-4.253216009485292e-07
7.940340909090909e-01,2.159090909090909e-01,-9.840487955375852e-08,-4.178294963660583e-07
8.139204545454546e-01,2.159090909090909e-01,-8.547244266263900e-08,-4.102044425297595e-07
8.338068181818181e-01,2.159090909090909e-01,-7.613237420713591e-08,-4.008510483936966e-07
8.536931818181819e-01,2.159090909090909e-01,-6.679230575163270e-08,-3.914976542576337e-07
8.735795454545454e-01,2.159090909090909e-01,-5.745223729612958e-08,-3.821442601215708e-07
8.934659090909092e-01,2.159090909090909e-01,-5.096210596616506e-08,-3.729510277936659e-07
9.133522727272727e-01,2.159090909090909e-01,-4.469120056893435e-08,-3.637701156048500e-07
9.332386363636364e-01,2.159090909090909e-01,-3.842029517170360e-08,-3.545892034160342e-07
9.531250000000000e-01,2.159090909090909e-01,-3.376454527524327e-08,-3.455409835806674e-07
9.730113636363636e-01,2.159090909090909e-01,-2.954929233353850e-08,-3.365289525689686e-07
9.928977272727273e-01,2.159090909090909e-01,-2.533403939183374e-08,-3.275169215572699e-07
1.012784090909091e+00,2.159090909090909e-01,-2.198650663994619e-08,-3.183758920779936e-07
1.032670454545455e+00,2.159090909090909e-01,-1.912104066017928e-08,-3.091631967833962e-07
1.052556818181818e+00,2.159090909090909e-01,-1.625557468041241e-08,-2.999505014887990e-07
1.072443181818182e+00,2.159090909090909e-01,-1.384330379675684e-08,-2.904341500795852e-07
1.092329545454545e+00,2.159090909090909e-01,-1.188422800921263e-08,-2.806141425557550e-07
1.112215909090909e+00,2.159090909090909e-01,-9.925152221668398e-09,-2.707941350319247e-07
1.132102272727273e+00,2.159090909090909e-01,-8.191908338046361e-09,-2.606374245625300e-07
1.151988636363636e+00,2.159090909090909e-01,-6.865161881484233e-09,-2.498746487911191e-07
1.171875000000000e+00,2.159090909090909e-01,-5.538415424922090e-09,-2.391118730197080e-07
1.191761363636364e+00,2.159090909090909e-01,-4.310627841878784e-09,-2.280949980887245e-07
1.211647727272727e+00,2.159090909090909e-01,-3.445689461737883e-09,-2.161464262393094e-07
1.231534090909091e+00,2.159090909090909e-01,-2.580751081596982e-09,-2.041978543898941e-07
1.251420454545455e+00,2.159090909090909e-01,-1.741002918374877e-09,-1.921536866844399e-07
1.271306818181818e+00,2.159090909090909e-01,-1.228727575097246e-09,-1.788667728504791e-07
1.291193181818182e+00,2.159090909090909e-01,-7.164522318196259e-10,-1.655798590165188e-07
1.311079545454545e+00,2.159090909090909e-01,-2.041768885419940e-10,-1.522929451825581e-07
1.330965909090909e+00,2.159090909090909e-01,4.964851265739166e-11,-1.377013970050113e-07
1.350852272727273e+00,2.159090909090909e-01,2.835931490815246e-10,-1.230094923394966e-07
1.370738636363636e+00,2.159090909090909e-01,5.175377855056575e-10,-1.083175876739818e-07
1.390625000000000e+00,2.159090909090909e-01,5.732804498445981e-10,-9.253404083144976e-08
1.410511363636364e+00,2.159090909090909e-01,5.804225763421205e-10,-7.645277339518571e-08
1.430397727272727e+00,2.159090909090909e-01,5.875647028396429e-10,-6.037150595892184e-08
1.450284090909091e+00,2.159090909090909e-01,4.694100268190619e-10,-4.345424694565517e-08
1.470170454545455e+00,2.159090909090909e-01,2.816460160661989e-10,-2.607254816738674e-08
1.490056818181818e+00,2.159090909090909e-01,9.388200531333580e-11,-8.690849389118310e-09
6.349431818181818e-01,2.386363636363636e-01,-1.895671477031347e-07,-3.577158842957970e-07
6.548295454545454e-01,2.386363636363636e-01,-1.765740902322004e-07,-3.855740488872274e-07
6.747159090909091e-01,2.386363636363636e-01,-1.635810327612661e-07,-4.134322134786577e-07
6.946022727272727e-01,2.386363636363636e-01,-1.497929019555132e-07,-4.329416589823571e-07
7.144886363636364e-01,2.386363636363636e-01,-1.345736391470869e-07,-4.374234101281409e-07
7.343750000000000e-01,2.386363636363636e-01,-1.193543763386607e-07,-4.419051612739247e-07
7.542613636363636e-01,2.386363636363636e-01,-1.051127926139646e-07,-4.436934994889632e-07
7.741477272727273e-01,2.386363636363636e-01,-9.445603219627907e-08,-4.356059902912686e-07
7.940340909090909e-01,2.386363636363636e-01,-8.379927177859353e-08,-4.275184810935740e-07
8.139204545454546e-01,2.386363636363636e-01,-7.336998377508003e-08,-4.192829909404907e-07
8.338068181818181e-01,2.386363636363636e-01,-6.589783715580285e-08,-4.091237483673550e-07
8.536931818181819e-01,2.386363636363636e-01,-5.842569053652558e-08,-3.989645057942191e-07
8.735795454545454e-01,2.386363636363636e-01,-5.095354391724838e-08,-3.888052632210832e-07
8.934659090909092e-01,2.386363636363636e-01,-4.553248126392571e-08,-3.789108514092416e-07
9.133522727272727e-01,2.386363636363636e-01,-4.026919430029192e-08,-3.690368111944228e-07
9.332386363636364e-01,2.386363636363636e-01,-3.500590733665810e-08,-3.591627709796039e-07
9.531250000000000e-01,2.386363636363636e-01,-3.095057074596328e-08,-3.495879615009269e-07
9.730113636363636e-01,2.386363636363636e-01,-2.722467516607000e-08,-3.400947604048340e-07
9.928977272727273e-01,2.386363636363636e-01,-2.349877958617672e-08,-3.306015593087410e-07
1.012784090909091e+00,2.386363636363636e-01,-2.045748966166592e-08,-3.210768734395250e-07
1.032670454545455e+00,2.386363636363636e-01,-1.779653621236755e-08,-3.115346960296848e-07
1.052556818181818e+00,2.386363636363636e-01,-1.513558276306922e-08,-3.019925186198447e-07
1.072443181818182e+00,2.386363636363636e-01,-1.285738559232875e-08,-2.921999443626492e-07
1.092329545454545e+00,2.386363636363636e-01,-1.096194470014620e-08,-2.821569732580983e-07
1.112215909090909e+00,2.386363636363636e-01,-9.066503807963617e-09,-2.721140021535472e-07
1.132102272727273e+00,2.386363636363636e-01,-7.376101180501505e-09,-2.617603930813977e-07
1.151988636363636e+00,2.386363636363636e-01,-6.054767429536196e-09,-2.508476356675709e-07
1.171875000000000e+00,2.386363636363636e-01,-4.733433678570872e-09,-2.399348782537440e-07
1.191761363636364e+00,2.386363636363636e-01,-3.508517430495280e-09,-2.287789326945617e-07
1.211647727272727e+00,2.386363636363636e-01,-2.637132026348704e-09,-2.167312972690764e-07
1.231534090909091e+00,2.386363636363636e-01,-1.765746622202127e-09,-2.046836618435911e-07
1.251420454545455e+00,2.386363636363636e-01,-9.205665673408256e-10,-1.925430530996672e-07
1.271306818181818e+00,2.386363636363636e-01,-4.160560531882142e-10,-1.791937912160425e-07
1.291193181818182e+00,2.386363636363636e-01,8.845446096438594e-11,-1.658445293324181e-07
1.311079545454545e+00,2.386363636363636e-01,5.929649751169973e-10,-1.524952674487934e-07
1.330965909090909e+00,2.386363636363636e-01,8.103959676336328e-10,-1.378663260795428e-07
1.350852272727273e+00,2.386363636363636e-01,1.005743920024421e-09,-1.231389478267827e-07
1.370738636363636e+00,2.386363636363636e-01,1.201091872415210e-09,-1.084115695740226e-07
1.390625000000000e+00,2.386363636363636e-01,1.184571835491335e-09,-9.260654007176937e-08
1.410511363636364e+00,2.386363636363636e-01,1.110269619663459e-09,-7.650760568329074e-08
1.430397727272727e+00,2.386363636363636e-01,1.035967403835583e-09,-6.040867129481230e-08
1.450284090909091e+00,2.386363636363636e-01,8.029563963016487e-10,-4.347879126050636e-08
1.470170454545455e+00,2.386363636363636e-01,4.817738378198995e-10,-2.608727475629608e-08
1.490056818181818e+00,2.386363636363636e-01,1.605912793381501e-10,-8.695758252085799e-09
6.349431818181818e-01,2.613636363636364e-01,-1.622023764884155e-07,-3.542042764827254e-07
6.548295454545454e-01,2.613636363636364e-01,-1.473911388643961e-07,-3.853248106230947e-07
6.747159090909091e-01,2.613636363636364e-01,-1.325799012403768e-07,-4.164453447634640e-07
6.946022727272727e-01,2.613636363636364e-01,-1.186010387733570e-07,-4.376418834486247e-07
7.144886363636364e-01,2.613636363636364e-01,-1.061204515889366e-07,-4.409752303144098e-07
7.343750000000000e-01,2.613636363636364e-01,-9.363986440451626e-08,-4.443085771801948e-07
7.542613636363636e-01,2.613636363636364e-01,-8.222547911303223e-08,-4.450289706938872e-07
7.741477272727273e-01,2.613636363636364e-01,-7.472050076231480e-08,-4.361685352499063e-07
7.940340909090909e-01,2.613636363636364e-01,-6.721552241159734e-08,-4.273080998059254e-07
8.139204545454546e-01,2.613636363636364e-01,-5.986137427496111e-08,-4.183156984754645e-07
8.338068181818181e-01,2.613636363636364e-01,-5.446801892138041e-08,-4.076077406207627e-07
8.536931818181819e-01,2.613636363636364e-01,-4.907466356779965e-08,-3.968997827660610e-07
8.735795454545454e-01,2.613636363636364e-01,-4.368130821421895e-08,-3.861918249113593e-07
8.934659090909092e-01,2.613636363636364e-01,-3.946063535987943e-08,-3.759018281165446e-07
9.133522727272727e-01,2.613636363636364e-01,-3.533016885163545e-08,-3.656439821724906e-07
9.332386363636364e-01,2.613636363636364e-01,-3.119970234339144e-08,-3.553861362284366e-07
9.531250000000000e-01,2.613636363636364e-01,-2.782466491601646e-08,-3.455551546604926e-07
9.730113636363636e-01,2.613636363636364e-01,-2.465565360160575e-08,-3.358405906496695e-07
9.928977272727273e-01,2.613636363636364e-01,-2.148664228719505e-08,-3.261260266388464e-07
1.012784090909091e+00,2.613636363636364e-01,-1.879952628536784e-08,-3.164625048850974e-07
1.032670454545455e+00,2.613636363636364e-01,-1.638012990164253e-08,-3.068273399408337e-07
1.052556818181818e+00,2.613636363636364e-01,-1.396073351791725e-08,-2.971921749965701e-07
1.072443181818182e+00,2.613636363636364e-01,-1.184464636976090e-08,-2.873584369326970e-07
1.092329545454545e+00,2.613636363636364e-01,-1.003186845717351e-08,-2.773261257492145e-07
1.112215909090909e+00,2.613636363636364e-01,-8.219090544586113e-09,-2.672938145657320e-07
1.132102272727273e+00,2.613636363636364e-01,-6.586709442382718e-09,-2.569816214692910e-07
1.151988636363636e+00,2.613636363636364e-01,-5.279042598870497e-09,-2.461656409295245e-07
1.171875000000000e+00,2.613636363636364e-01,-3.971375755358262e-09,-2.353496603897580e-07
1.191761363636364e+00,2.613636363636364e-01,-2.756222184121200e-09,-2.243063283439009e-07
1.211647727272727e+00,2.613636363636364e-01,-1.880283944559779e-09,-2.124293741090454e-07
1.231534090909091e+00,2.613636363636364e-01,-1.004345704998357e-09,-2.005524198741898e-07
1.251420454545455e+00,2.613636363636364e-01,-1.553818881192485e-10,-1.885871521955838e-07
1.271306818181818e+00,2.613636363636364e-01,3.429144338896730e-10,-1.754738097482228e-07
1.291193181818182e+00,2.613636363636364e-01,8.412107558985836e-10,-1.623604673008620e-07
1.311079545454545e+00,2.613636363636364e-01,1.339507077907505e-09,-1.492471248535010e-07
1.330965909090909e+00,2.613636363636364e-01,1.524007868682873e-09,-1.349081929186939e-07
1.350852272727273e+00,2.613636363636364e-01,1.684370541671043e-09,-1.204749848694680e-07
1.370738636363636e+00,2.613636363636364e-01,1.844733214659212e-09,-1.060417768202421e-07
1.390625000000000e+00,2.613636363636364e-01,1.760864168760315e-09,-9.057106280614620e-08
1.410511363636364e+00,2.613636363636364e-01,1.610386472255853e-09,-7.481739261981310e-08
1.430397727272727e+00,2.613636363636364e-01,1.459908775751392e-09,-5.906372243348018e-08
1.450284090909091e+00,2.613636363636364e-01,1.118541726056069e-09,-4.250703199641820e-08
1.470170454545455e+00,2.613636363636364e-01,6.711250356991516e-10,-2.550421919783991e-08
1.490056818181818e+00,2.613636363636364e-01,2.237083453422338e-10,-8.501406399261599e-09
6.349431818181818e-01,2.840909090909091e-01,-1.345502964594331e-07,-3.496780758835545e-07
6.548295454545454e-01,2.840909090909091e-01,-1.148258850633450e-07,-3.841845345044146e-07
6.747159090909091e-01,2.840909090909091e-01,-9.510147366725680e-08,-4.186909931252747e-07
6.946022727272727e-01,2.840909090909091e-01,-7.952868760741299e-08,-4.406519818382238e-07
7.144886363636364e-01,2.840909090909091e-01,-7.142882715280905e-08,-4.400311247169332e-07
7.343750000000000e-01,2.840909090909091e-01,-6.332896669820508e-08,-4.394102675956425e-07
7.542613636363636e-01,2.840909090909091e-01,-5.616048490021824e-08,-4.368201191457721e-07
7.741477272727273e-01,2.840909090909091e-01,-5.240705817649406e-08,-4.270092358244423e-07
7.940340909090909e-01,2.840909090909091e-01,-4.865363145276989e-08,-4.171983525031126e-07
8.139204545454546e-01,2.840909090909091e-01,-4.494661416228217e-08,-4.073025651346806e-07
8.338068181818181e-01,2.840909090909091e-01,-4.184291950386854e-08,-3.963030251539201e-07
8.536931818181819e-01,2.840909090909091e-01,-3.873922484545488e-08,-3.853034851731595e-07
8.735795454545454e-01,2.840909090909091e-01,-3.563553018704125e-08,-3.743039451923987e-07
8.934659090909092e-01,2.840909090909091e-01,-3.274656825402619e-08,-3.639239579155746e-07
9.133522727272727e-01,2.840909090909091e-01,-2.987412422296491e-08,-3.535916285390534e-07
9.332386363636364e-01,2.840909090909091e-01,-2.700168019190360e-08,-3.432592991625321e-07
9.531250000000000e-01,2.840909090909091e-01,-2.438682778540279e-08,-3.334425630593645e-07
9.730113636363636e-01,2.840909090909091e-01,-2.184222764014575e-08,-3.237664433034752e-07
9.928977272727273e-01,2.840909090909091e-01,-1.929762749488872e-08,-3.140903235475860e-07
1.012784090909091e+00,2.840909090909091e-01,-1.701261651105196e-08,-3.045327864147105e-07
1.032670454545455e+00,2.840909090909091e-01,-1.487182172800421e-08,-2.950411285168427e-07
1.052556818181818e+00,2.840909090909091e-01,-1.273102694495649e-08,-2.855494706189749e-07
1.072443181818182e+00,2.840909090909091e-01,-1.080508612905327e-08,-2.759096277897286e-07
1.092329545454545e+00,2.840909090909091e-01,-9.093999280294584e-09,-2.661216000291039e-07
1.112215909090909e+00,2.840909090909091e-01,-7.382912431535885e-09,-2.563335722684791e-07
1.132102272727273e+00,2.840909090909091e-01,-5.823733123689997e-09,-2.463011097262097e-07
1.151988636363636e+00,2.840909090909091e-01,-4.537987389487133e-09,-2.358286645769799e-07
1.171875000000000e+00,2.840909090909091e-01,-3.252241655284255e-09,-2.253562194277499e-07
1.191761363636364e+00,2.840909090909091e-01,-2.053742102756543e-09,-2.146771850367422e-07
1.211647727272727e+00,2.840909090909091e-01,-1.175145216371106e-09,-2.032406567592163e-07
1.231534090909091e+00,2.840909090909091e-01,-2.965483299856695e-10,-1.918041284816903e-07
1.251420454545455e+00,2.840909090909091e-01,5.545511192898559e-10,-1.802859839721897e-07
1.271306818181818e+00,2.840909090909091e-01,1.048183886136418e-09,-1.677068284470199e-07
1.291193181818182e+00,2.840909090909091e-01,1.541816652982970e-09,-1.551276729218503e-07
1.311079545454545e+00,2.840909090909091e-01,2.035449419829532e-09,-1.425485173966806e-07
1.330965909090909e+00,2.840909090909091e-01,2.190484215805115e-09,-1.288269975224643e-07
1.350852272727273e+00,2.840909090909091e-01,2.319473014021391e-09,-1.150176034675522e-07
1.370738636363636e+00,2.840909090909091e-01,2.448461812237665e-09,-1.012082094126402e-07
1.390625000000000e+00,2.840909090909091e-01,2.302157449651541e-09,-8.642760903458030e-08
1.410511363636364e+00,2.840909090909091e-01,2.080773134119304e-09,-7.138213420475280e-08
1.430397727272727e+00,2.840909090909091e-01,1.859388818587070e-09,-5.633665937492549e-08
1.450284090909091e+00,2.840909090909091e-01,1.416166016082325e-09,-4.053896915339069e-08
1.470170454545455e+00,2.840909090909091e-01,8.496996097039560e-10,-2.432338149201820e-08
1.490056818181818e+00,2.840909090909091e-01,2.832332033255871e-10,-8.107793830645711e-09
6.349431818181818e-01,3.068181818181818e-01,-1.068982164304508e-07,-3.451518752843835e-07
6.548295454545454e-01,3.068181818181818e-01,-8.226063126229389e-08,-3.830442583857344e-07
6.747159090909091e-01,3.068181818181818e-01,-5.762304609413696e-08,-4.209366414870852e-07
6.946022727272727e-01,3.068181818181818e-01,-4.045633644146906e-08,-4.436620802278229e-07
7.144886363636364e-01,3.068181818181818e-01,-3.673720271668154e-08,-4.390870191194566e-07
7.343750000000000e-01,3.068181818181818e-01,-3.301806899189400e-08,-4.345119580110903e-07
7.542613636363636e-01,3.068181818181818e-01,-3.009549068740431e-08,-4.286112675976570e-07
7.741477272727273e-01,3.068181818181818e-01,-3.009361559067338e-08,-4.178499363989784e-07
7.940340909090909e-01,3.068181818181818e-01,-3.009174049394246e-08,-4.070886052002998e-07
8.139204545454546e-01,3.068181818181818e-01,-3.003185404960328e-08,-3.962894317938969e-07
8.338068181818181e-01,3.068181818181818e-01,-2.921782008635671e-08,-3.849983096870774e-07
8.536931818181819e-01,3.068181818181818e-01,-2.840378612311014e-08,-3.737071875802578e-07
8.735795454545454e-01,3.068181818181818e-01,-2.758975215986358e-08,-3.624160654734384e-07
8.934659090909092e-01,3.068181818181818e-01,-2.603250114817297e-08,-3.519460877146047e-07
9.133522727272727e-01,3.068181818181818e-01,-2.441807959429437e-08,-3.415392749056162e-07
9.332386363636364e-01,3.068181818181818e-01,-2.280365804041576e-08,-3.311324620966276e-07
9.531250000000000e-01,3.068181818181818e-01,-2.094899065478913e-08,-3.213299714582365e-07
9.730113636363636e-01,3.068181818181818e-01,-1.902880167868576e-08,-3.116922959572810e-07
9.928977272727273e-01,3.068181818181818e-01,-1.710861270258239e-08,-3.020546204563255e-07
1.012784090909091e+00,3.068181818181818e-01,-1.522570673673609e-08,-2.926030679443238e-07
1.032670454545455e+00,3.068181818181818e-01,-1.336351355436590e-08,-2.832549170928517e-07
1.052556818181818e+00,3.068181818181818e-01,-1.150132037199573e-08,-2.739067662413797e-07
1.072443181818182e+00,3.068181818181818e-01,-9.765525888345635e-09,-2.644608186467602e-07
1.092329545454545e+00,3.068181818181818e-01,-8.156130103415656e-09,-2.549170743089933e-07
1.112215909090909e+00,3.068181818181818e-01,-6.546734318485661e-09,-2.453733299712262e-07
1.132102272727273e+00,3.068181818181818e-01,-5.060756804997278e-09,-2.356205979831285e-07
1.151988636363636e+00,3.068181818181818e-01,-3.796932180103772e-09,-2.254916882244352e-07
1.171875000000000e+00,3.068181818181818e-01,-2.533107555210250e-09,-2.153627784657419e-07
1.191761363636364e+00,3.068181818181818e-01,-1.351262021391887e-09,-2.050480417295836e-07
1.211647727272727e+00,3.068181818181818e-01,-4.700064881824351e-10,-1.940519394093872e-07
1.231534090909091e+00,3.068181818181818e-01,4.112490450270164e-10,-1.830558370891908e-07
1.251420454545455e+00,3.068181818181818e-01,1.264484126698959e-09,-1.719848157487956e-07
1.271306818181818e+00,3.068181818181818e-01,1.753453338383162e-09,-1.599398471458170e-07
1.291193181818182e+00,3.068181818181818e-01,2.242422550067354e-09,-1.478948785428387e-07
1.311079545454545e+00,3.068181818181818e-01,2.731391761751557e-09,-1.358499099398602e-07
1.330965909090909e+00,3.068181818181818e-01,2.856960562927357e-09,-1.227458021262347e-07
1.350852272727273e+00,3.068181818181818e-01,2.954575486371737e-09,-1.095602220656366e-07
1.370738636363636e+00,3.068181818181818e-01,3.052190409816118e-09,-9.637464200503834e-08
1.390625000000000e+00,3.068181818181818e-01,2.843450730542765e-09,-8.228415526301439e-08
1.410511363636364e+00,3.068181818181818e-01,2.551159795982754e-09,-6.794687578969253e-08
1.430397727272727e+00,3.068181818181818e-01,2.258868861422747e-09,-5.360959631637081e-08
1.450284090909091e+00,3.068181818181818e-01,1.713790306108580e-09,-3.857090631036317e-08
1.470170454545455e+00,3.068181818181818e-01,1.028274183708760e-09,-2.314254378619650e-08
1.490056818181818e+00,3.068181818181818e-01,3.427580613089401e-10,-7.714181262029823e-09
6.349431818181818e-01,3.295454545454545e-01,-2.420133906830044e-08,-3.598927095016221e-07
6.548295454545454e-01,3.295454545454545e-01,-1.513607121972535e-08,-3.876543561888619e-07
6.747159090909091e-01,3.295454545454545e-01,-6.070803371150247e-09,-4.154160028761015e-07
6.946022727272727e-01,3.295454545454545e-01,-1.425282265656798e-09,-4.304768179781859e-07
7.144886363636364e-01,3.295454545454545e-01,-4.735305297710350e-09,-4.226761362269905e-07
7.343750000000000e-01,3.295454545454545e-01,-8.045328329763910e-09,-4.148754544757950e-07
7.542613636363636e-01,3.295454545454545e-01,-1.130671949367174e-08,-4.063296552693010e-07
7.741477272727273e-01,3.295454545454545e-01,-1.438979380771190e-08,-3.950517587267120e-07
7.940340909090909e-01,3.295454545454545e-01,-1.747286812175207e-08,-3.837738621841232e-07
8.139204545454546e-01,3.295454545454545e-01,-2.039235270120925e-08,-3.725080259095924e-07
8.338068181818181e-01,3.295454545454545e-01,-2.118517073108765e-08,-3.613989731198168e-07
8.536931818181819e-01,3.295454545454545e-01,-2.197798876096605e-08,-3.502899203300411e-07
8.735795454545454e-01,3.295454545454545e-01,-2.277080679084445e-08,-3.391808675402654e-07
8.934659090909092e-01,3.295454545454545e-01,-2.210159609630897e-08,-3.290272822984065e-07
9.133522727272727e-01,3.295454545454545e-01,-2.131992165374168e-08,-3.189471945602337e-07
9.332386363636364e-01,3.295454545454545e-01,-2.053824721117436e-08,-3.088671068220607e-07
9.531250000000000e-01,3.295454545454545e-01,-1.917524910439099e-08,-2.994316604302899e-07
9.730113636363636e-01,3.295454545454545e-01,-1.765370818009414e-08,-2.901720253148105e-07
9.928977272727273e-01,3.295454545454545e-01,-1.613216725579728e-08,-2.809123901993312e-07
1.012784090909091e+00,3.295454545454545e-01,-1.449402251272749e-08,-2.718814830668145e-07
1.032670454545455e+00,3.295454545454545e-01,-1.279109787033936e-08,-2.629776470359435e-07
1.052556818181818e+00,3.295454545454545e-01,-1.108817322795125e-08,-2.540738110050726e-07
1.072443181818182e+00,3.295454545454545e-01,-9.450248993944798e-09,-2.451179107767767e-07
1.092329545454545e+00,3.295454545454545e-01,-7.877325168320036e-09,-2.361099463510561e-07
1.112215909090909e+00,3.295454545454545e-01,-6.304401342695255e-09,-2.271019819253355e-07
1.132102272727273e+00,3.295454545454545e-01,-4.835626663480155e-09,-2.179241360668158e-07
1.151988636363636e+00,3.295454545454545e-01,-3.554320447802446e-09,-2.084405036292576e-07
1.171875000000000e+00,3.295454545454545e-01,-2.273014232124722e-09,-1.989568711916994e-07
1.191761363636364e+00,3.295454545454545e-01,-1.070847420147891e-09,-1.893130926026941e-07
1.211647727272727e+00,3.295454545454545e-01,-1.588584217410087e-10,-1.790821114583827e-07
1.231534090909091e+00,3.295454545454545e-01,7.531305766658739e-10,-1.688511303140713e-07
1.251420454545455e+00,3.295454545454545e-01,1.636305956322750e-09,-1.585541063247140e-07
1.271306818181818e+00,3.295454545454545e-01,2.144904292229411e-09,-1.473985253497599e-07
1.291193181818182e+00,3.295454545454545e-01,2.653502628136062e-09,-1.362429443748060e-07
1.311079545454545e+00,3.295454545454545e-01,3.162100964042724e-09,-1.250873633998519e-07
1.330965909090909e+00,3.295454545454545e-01,3.282839557728052e-09,-1.129882205410309e-07
1.350852272727273e+00,3.295454545454545e-01,3.373742786627122e-09,-1.008164959988357e-07
1.370738636363636e+00,3.295454545454545e-01,3.464646015526194e-09,-8.864477145664041e-08
1.390625000000000e+00,3.295454545454545e-01,3.220409706069039e-09,-7.566395602033045e-08
1.410511363636364e+00,3.295454545454545e-01,2.884771704332913e-09,-6.246247943108018e-08
1.430397727272727e+00,3.295454545454545e-01,2.549133702596789e-09,-4.926100284183006e-08
1.450284090909091e+00,3.295454545454545e-01,1.932368285677655e-09,-3.543446913857725e-08
1.470170454545455e+00,3.295454545454545e-01,1.159420971434616e-09,-2.126068148310054e-08
1.490056818181818e+00,3.295454545454545e-01,3.864736571915765e-10,-7.086893827623835e-09
6.349431818181818e-01,3.522727272727273e-01,7.684380407157288e-08,-3.810558886576640e-07
6.548295454545454e-01,3.522727272727273e-01,6.350825757001589e-08,-3.941812452992585e-07
6.747159090909091e-01,3.522727272727273e-01,5.017271106845889e-08,-4.073066019408530e-07
6.946022727272727e-01,3.522727272727273e-01,3.759200624677837e-08,-4.118931021821367e-07
7.144886363636364e-01,3.522727272727273e-01,2.637001644887547e-08,-4.011096609028611e-07
7.343750000000000e-01,3.522727272727273e-01,1.514802665097257e-08,-3.903262196235854e-07
7.542613636363636e-01,3.522727272727273e-01,5.056644027033747e-09,-3.793571226808645e-07
7.741477272727273e-01,3.522727272727273e-01,-8.891789590367965e-10,-3.677072883055115e-07
7.940340909090909e-01,3.522727272727273e-01,-6.835001945107336e-09,-3.560574539301585e-07
8.139204545454546e-01,3.522727272727273e-01,-1.251127094091017e-08,-3.444705291774476e-07
8.338068181818181e-01,3.522727272727273e-01,-1.468333806323282e-08,-3.337014295190834e-07
8.536931818181819e-01,3.522727272727273e-01,-1.685540518555550e-08,-3.229323298607191e-07
8.735795454545454e-01,3.522727272727273e-01,-1.902747230787815e-08,-3.121632302023549e-07
8.934659090909092e-01,3.522727272727273e-01,-1.909841172910806e-08,-3.024614984771322e-07
9.133522727272727e-01,3.522727272727273e-01,-1.900772594256159e-08,-2.928418719775359e-07
9.332386363636364e-01,3.522727272727273e-01,-1.891704015601512e-08,-2.832222454779396e-07
9.531250000000000e-01,3.522727272727273e-01,-1.795620608073135e-08,-2.742714429267371e-07
9.730113636363636e-01,3.522727272727273e-01,-1.675805883579196e-08,-2.655030469069147e-07
9.928977272727273e-01,3.522727272727273e-01,-1.555991159085257e-08,-2.567346508870923e-07
1.012784090909091e+00,3.522727272727273e-01,-1.411408013882130e-08,-2.482292760535977e-07
1.032670454545455e+00,3.522727272727273e-01,-1.253064634951674e-08,-2.398700241013961e-07
1.052556818181818e+00,3.522727272727273e-01,-1.094721256021220e-08,-2.315107721491946e-07
1.072443181818182e+00,3.522727272727273e-01,-9.376399881646226e-09,-2.231436366644548e-07
1.092329545454545e+00,3.522727272727273e-01,-7.818208313818852e-09,-2.147686176471768e-07
1.112215909090909e+00,3.522727272727273e-01,-6.260016745991459e-09,-2.063935986298986e-07
1.132102272727273e+00,3.522727272727273e-01,-4.789778581021564e-09,-1.978890240927591e-07
1.151988636363636e+00,3.522727272727273e-01,-3.477856541195132e-09,-1.891512496198690e-07
1.171875000000000e+00,3.522727272727273e-01,-2.165934501368684e-09,-1.804134751469787e-07
1.191761363636364e+00,3.522727272727273e-01,-9.311213122774495e-10,-1.715428748692275e-07
1.211647727272727e+00,3.522727272727273e-01,2.095942411800313e-11,-1.621852466403197e-07
1.231534090909091e+00,3.522727272727273e-01,9.730401605134557e-10,-1.528276184114118e-07
1.251420454545455e+00,3.522727272727273e-01,1.895424060018104e-09,-1.434135498337365e-07
1.271306818181818e+00,3.522727272727273e-01,2.431749079942163e-09,-1.332657567220846e-07
1.291193181818182e+00,3.522727272727273e-01,2.968074099866211e-09,-1.231179636104329e-07
1.311079545454545e+00,3.522727272727273e-01,3.504399119790271e-09,-1.129701704987810e-07
1.330965909090909e+00,3.522727272727273e-01,3.628519435088235e-09,-1.020051768928357e-07
1.350852272727273e+00,3.522727272727273e-01,3.720931696184189e-09,-9.097732171040637e-08
1.370738636363636e+00,3.522727272727273e-01,3.813343957280144e-09,-7.994946652797707e-08
1.390625000000000e+00,3.522727272727273e-01,3.542590579806998e-09,-6.821817495394050e-08
1.410511363636364e+00,3.522727272727273e-01,3.172792028178641e-09,-5.629503709128383e-08
1.430397727272727e+00,3.522727272727273e-01,2.802993476550288e-09,-4.437189922862728e-08
1.450284090909091e+00,3.522727272727273e-01,2.124597495094337e-09,-3.190857385720516e-08
1.470170454545455e+00,3.522727272727273e-01,1.274758497067489e-09,-1.914514431424649e-08
1.490056818181818e+00,3.522727272727273e-01,4.249194990406406e-10,-6.381714771287811e-09
6.349431818181818e-01,3.750000000000000e-01,1.778889472114459e-07,-4.022190678137058e-07
6.548295454545454e-01,3.750000000000000e-01,1.421525863597569e-07,-4.007081344096552e-07
6.747159090909091e-01,3.750000000000000e-01,1.064162255080679e-07,-3.991972010056045e-07
6.946022727272727e-01,3.750000000000000e-01,7.660929475921342e-08,-3.933093863860877e-07
7.144886363636364e-01,3.750000000000000e-01,5.747533819546121e-08,-3.795431855787317e-07
7.343750000000000e-01,3.750000000000000e-01,3.834138163170899e-08,-3.657769847713759e-07
7.542613636363636e-01,3.750000000000000e-01,2.142000754773920e-08,-3.523845900924282e-07
7.741477272727273e-01,3.750000000000000e-01,1.261143588963829e-08,-3.403628178843110e-07
7.940340909090909e-01,3.750000000000000e-01,3.802864231537371e-09,-3.283410456761939e-07
8.139204545454546e-01,3.750000000000000e-01,-4.630189180611104e-09,-3.164330324453028e-07
8.338068181818181e-01,3.750000000000000e-01,-8.181505395378014e-09,-3.060038859183501e-07
8.536931818181819e-01,3.750000000000000e-01,-1.173282161014496e-08,-2.955747393913972e-07
8.735795454545454e-01,3.750000000000000e-01,-1.528413782491187e-08,-2.851455928644445e-07
8.934659090909092e-01,3.750000000000000e-01,-1.609522736190714e-08,-2.758957146558580e-07
9.133522727272727e-01,3.750000000000000e-01,-1.669553023138150e-08,-2.667365493948382e-07
9.332386363636364e-01,3.750000000000000e-01,-1.729583310085587e-08,-2.575773841338184e-07
9.531250000000000e-01,3.750000000000000e-01,-1.673716305707172e-08,-2.491112254231843e-07
9.730113636363636e-01,3.750000000000000e-01,-1.586240949148979e-08,-2.408340684990188e-07
9.928977272727273e-01,3.750000000000000e-01,-1.498765592590787e-08,-2.325569115748534e-07
1.012784090909091e+00,3.750000000000000e-01,-1.373413776491512e-08,-2.245770690403809e-07
1.032670454545455e+00,3.750000000000000e-01,-1.227019482869413e-08,-2.167624011668488e-07
1.052556818181818e+00,3.750000000000000e-01,-1.080625189247316e-08,-2.089477332933167e-07
1.072443181818182e+00,3.750000000000000e-01,-9.302550769347657e-09,-2.011693625521329e-07
1.092329545454545e+00,3.750000000000000e-01,-7.759091459317669e-09,-1.934272889432974e-07
1.112215909090909e+00,3.750000000000000e-01,-6.215632149287663e-09,-1.856852153344618e-07
1.132102272727273e+00,3.750000000000000e-01,-4.743930498562973e-09,-1.778539121187025e-07
1.151988636363636e+00,3.750000000000000e-01,-3.401392634587817e-09,-1.698619956104804e-07
1.171875000000000e+00,3.750000000000000e-01,-2.058854770612647e-09,-1.618700791022581e-07
1.191761363636364e+00,3.750000000000000e-01,-7.913952044070081e-10,-1.537726571357610e-07
1.211647727272727e+00,3.750000000000000e-01,2.007772699770145e-10,-1.452883818222567e-07
1.231534090909091e+00,3.750000000000000e-01,1.192949744361037e-09,-1.368041065087524e-07
1.251420454545455e+00,3.750000000000000e-01,2.154542163713458e-09,-1.282729933427590e-07
1.271306818181818e+00,3.750000000000000e-01,2.718593867654915e-09,-1.191329880944093e-07
1.291193181818182e+00,3.750000000000000e-01,3.282645571596360e-09,-1.099929828460598e-07
1.311079545454545e+00,3.750000000000000e-01,3.846697275537817e-09,-1.008529775977101e-07
1.330965909090909e+00,3.750000000000000e-01,3.974199312448416e-09,-9.102213324464048e-08
1.350852272727273e+00,3.750000000000000e-01,4.068120605741255e-09,-8.113814742197712e-08
1.370738636363636e+00,3.750000000000000e-01,4.162041899034093e-09,-7.125416159931374e-08
1.390625000000000e+00,3.750000000000000e-01,3.864771453544955e-09,-6.077239388755058e-08
1.410511363636364e+00,3.750000000000000e-01,3.460812352024368e-09,-5.012759475148748e-08
1.430397727272727e+00,3.750000000000000e-01,3.056853250503785e-09,-3.948279561542450e-08
1.450284090909091e+00,3.750000000000000e-01,2.316826704511019e-09,-2.838267857583310e-08
1.470170454545455e+00,3.750000000000000e-01,1.390096022700362e-09,-1.702960714539244e-08
1.490056818181818e+00,3.750000000000000e-01,4.633653408897046e-10,-5.676535714951789e-09
6.349431818181818e-01,3.977272727272727e-01,1.226681183076414e-07,-4.254645168606195e-07
6.548295454545454e-01,3.977272727272727e-01,1.002308242930281e-07,-4.024985953410935e-07
6.747159090909091e-01,3.977272727272727e-01,7.779353027841477e-08,-3.795326738215677e-07
6.946022727272727e-01,3.977272727272727e-01,5.773601658888335e-08,-3.592676176873303e-07
7.144886363636364e-01,3.977272727272727e-01,4.196210748449932e-08,-3.438641192466126e-07
7.343750000000000e-01,3.977272727272727e-01,2.618819838011529e-08,-3.284606208058949e-07
7.542613636363636e-01,3.977272727272727e-01,1.215884375845845e-08,-3.137955859356486e-07
7.741477272727273e-01,3.977272727272727e-01,4.526188906801293e-09,-3.018382508237977e-07
7.940340909090909e-01,3.977272727272727e-01,-3.106465944855859e-09,-2.898809157119468e-07
8.139204545454546e-01,3.977272727272727e-01,-1.040389697720113e-08,-2.780731163962797e-07
8.338068181818181e-01,3.977272727272727e-01,-1.334341835849206e-08,-2.682092824310003e-07
8.536931818181819e-01,3.977272727272727e-01,-1.628293973978302e-08,-2.583454484657208e-07
8.735795454545454e-01,3.977272727272727e-01,-1.922246112107394e-08,-2.484816145004414e-07
8.934659090909092e-01,3.977272727272727e-01,-1.967352871951411e-08,-2.398951856064383e-07
9.133522727272727e-01,3.977272727272727e-01,-1.993317679619651e-08,-2.314070186409951e-07
9.332386363636364e-01,3.977272727272727e-01,-2.019282487287890e-08,-2.229188516755517e-07
9.531250000000000e-01,3.977272727272727e-01,-1.938595875270971e-08,-2.151598234720906e-07
9.730113636363636e-01,3.977272727272727e-01,-1.828822512430826e-08,-2.075996512946246e-07
9.928977272727273e-01,3.977272727272727e-01,-1.719049149590681e-08,-2.000394791171586e-07
1.012784090909091e+00,3.977272727272727e-01,-1.574678594251945e-08,-1.928204534459803e-07
1.032670454545455e+00,3.977272727272727e-01,-1.411087376413989e-08,-1.857909536116284e-07
1.052556818181818e+00,3.977272727272727e-01,-1.247496158576034e-08,-1.787614537772766e-07
1.072443181818182e+00,3.977272727272727e-01,-1.081245359879598e-08,-1.718206704481852e-07
1.092329545454545e+00,3.977272727272727e-01,-9.123349803246840e-09,-1.649686036243543e-07
1.112215909090909e+00,3.977272727272727e-01,-7.434246007697682e-09,-1.581165368005234e-07
1.132102272727273e+00,3.977272727272727e-01,-5.824343475585693e-09,-1.512233451877704e-07
1.151988636363636e+00,3.977272727272727e-01,-4.357003217660576e-09,-1.442561289549575e-07
1.171875000000000e+00,3.977272727272727e-01,-2.889662959735440e-09,-1.372889127221446e-07
1.191761363636364e+00,3.977272727272727e-01,-1.502098970588162e-09,-1.302492528024087e-07
1.211647727272727e+00,3.977272727272727e-01,-4.070479669596974e-10,-1.229439660306219e-07
1.231534090909091e+00,3.977272727272727e-01,6.880030366687675e-10,-1.156386792588352e-07
1.251420454545455e+00,3.977272727272727e-01,1.750704196737606e-09,-1.082983408238695e-07
1.271306818181818e+00,3.977272727272727e-01,2.392857390531152e-09,-1.005023307675797e-07
1.291193181818182e+00,3.977272727272727e-01,3.035010584324684e-09,-9.270632071128995e-08
1.311079545454545e+00,3.977272727272727e-01,3.677163778118230e-09,-8.491031065500008e-08
1.330965909090909e+00,3.977272727272727e-01,3.856824987100438e-09,-7.658036405659488e-08
1.350852272727273e+00,3.977272727272727e-01,4.000909889558694e-09,-6.820934541648861e-08
1.370738636363636e+00,3.977272727272727e-01,4.144994792016952e-09,-5.983832677638233e-08
1.390625000000000e+00,3.977272727272727e-01,3.873237025778686e-09,-5.100190500029321e-08
1.410511363636364e+00,3.977272727272727e-01,3.488067622623183e-09,-4.203855509620881e-08
1.430397727272727e+00,3.977272727272727e-01,3.102898219467686e-09,-3.307520519212450e-08
1.450284090909091e+00,3.977272727272727e-01,2.358791366856565e-09,-2.376341608912899e-08
1.470170454545455e+00,3.977272727272727e-01,1.415274820103420e-09,-1.425804965340492e-08
1.490056818181818e+00,3.977272727272727e-01,4.717582733502753e-10,-4.752683217680859e-09
6.349431818181818e-01,4.204545454545455e-01,6.744728940383669e-08,-4.487099659075332e-07
6.548295454545454e-01,4.204545454545455e-01,5.830906222629914e-08,-4.042890562725320e-07
6.747159090909091e-01,4.204545454545455e-01,4.917083504876159e-08,-3.598681466375307e-07
6.946022727272727e-01,4.204545454545455e-01,3.886273841855322e-08,-3.252258489885729e-07
7.144886363636364e-01,4.204545454545455e-01,2.644887677353739e-08,-3.081850529144934e-07
7.343750000000000e-01,4.204545454545455e-01,1.403501512852155e-08,-2.911442568404139e-07
7.542613636363636e-01,4.204545454545455e-01,2.897679969177673e-09,-2.752065817788690e-07
7.741477272727273e-01,4.204545454545455e-01,-3.559058076035716e-09,-2.633136837632844e-07
7.940340909090909e-01,4.204545454545455e-01,-1.001579612124911e-08,-2.514207857476998e-07
8.139204545454546e-01,4.204545454545455e-01,-1.617760477379117e-08,-2.397132003472565e-07
8.338068181818181e-01,4.204545454545455e-01,-1.850533132160611e-08,-2.304146789436505e-07
8.536931818181819e-01,4.204545454545455e-01,-2.083305786942108e-08,-2.211161575400443e-07
8.735795454545454e-01,4.204545454545455e-01,-2.316078441723603e-08,-2.118176361364383e-07
8.934659090909092e-01,4.204545454545455e-01,-2.325183007712107e-08,-2.038946565570186e-07
9.133522727272727e-01,4.204545454545455e-01,-2.317082336101151e-08,-1.960774878871518e-07
9.332386363636364e-01,4.204545454545455e-01,-2.308981664490194e-08,-1.882603192172849e-07
9.531250000000000e-01,4.204545454545455e-01,-2.203475444834770e-08,-1.812084215209969e-07
9.730113636363636e-01,4.204545454545455e-01,-2.071404075712674e-08,-1.743652340902304e-07
9.928977272727273e-01,4.204545454545455e-01,-1.939332706590576e-08,-1.675220466594638e-07
1.012784090909091e+00,4.204545454545455e-01,-1.775943412012378e-08,-1.610638378515797e-07
1.032670454545455e+00,4.204545454545455e-01,-1.595155269958564e-08,-1.548195060564081e-07
1.052556818181818e+00,4.204545454545455e-01,-1.414367127904753e-08,-1.485751742612365e-07
1.072443181818182e+00,4.204545454545455e-01,-1.232235642824431e-08,-1.424719783442375e-07
1.092329545454545e+00,4.204545454545455e-01,-1.048760814717602e-08,-1.365099183054112e-07
1.112215909090909e+00,4.204545454545455e-01,-8.652859866107705e-09,-1.305478582665849e-07
1.132102272727273e+00,4.204545454545455e-01,-6.904756452608417e-09,-1.245927782568381e-07
1.151988636363636e+00,4.204545454545455e-01,-5.312613800733335e-09,-1.186502622994346e-07
1.171875000000000e+00,4.204545454545455e-01,-3.720471148858235e-09,-1.127077463420311e-07
1.191761363636364e+00,4.204545454545455e-01,-2.212802736769319e-09,-1.067258484690563e-07
1.211647727272727e+00,4.204545454545455e-01,-1.014873203896411e-09,-1.005995502389871e-07
1.231534090909091e+00,4.204545454545455e-01,1.830563289764967e-10,-9.447325200891790e-08
1.251420454545455e+00,4.204545454545455e-01,1.346866229761753e-09,-8.832368830498001e-08
1.271306818181818e+00,4.204545454545455e-01,2.067120913407388e-09,-8.187167344074995e-08
1.291193181818182e+00,4.204545454545455e-01,2.787375597053007e-09,-7.541965857652004e-08
1.311079545454545e+00,4.204545454545455e-01,3.507630280698642e-09,-6.896764371228999e-08
1.330965909090909e+00,4.204545454545455e-01,3.739450661752460e-09,-6.213859486854925e-08
1.350852272727273e+00,4.204545454545455e-01,3.933699173376135e-09,-5.528054341100007e-08
1.370738636363636e+00,4.204545454545455e-01,4.127947684999810e-09,-4.842249195345089e-08
1.390625000000000e+00,4.204545454545455e-01,3.881702598012416e-09,-4.123141611303583e-08
1.410511363636364e+00,4.204545454545455e-01,3.515322893221999e-09,-3.394951544093012e-08
1.430397727272727e+00,4.204545454545455e-01,3.148943188431586e-09,-2.666761476882448e-08
1.450284090909091e+00,4.204545454545455e-01,2.400756029202111e-09,-1.914415360242487e-08
1.470170454545455e+00,4.204545454545455e-01,1.440453617506478e-09,-1.148649216141740e-08
1.490056818181818e+00,4.204545454545455e-01,4.801512058108460e-10,-3.828830720409927e-09
6.349431818181818e-01,4.431818181818182e-01,8.362855262397576e-09,-4.630490241024951e-07
6.548295454545454e-01,4.431818181818182e-01,1.078184481386132e-08,-4.011414478948652e-07
6.747159090909091e-01,4.431818181818182e-01,1.320083436532506e-08,-3.392338716872353e-07
6.946022727272727e-01,4.431818181818182e-01,1.191800182266631e-08,-2.925766825090785e-07
7.144886363636364e-01,4.431818181818182e-01,3.971889510587040e-09,-2.733701899839735e-07
7.343750000000000e-01,4.431818181818182e-01,-3.974222801492232e-09,-2.541636974588685e-07
7.542613636363636e-01,4.431818181818182e-01,-1.119739130178949e-08,-2.365028448858910e-07
7.741477272727273e-01,4.431818181818182e-01,-1.576976582555270e-08,-2.245093388040479e-07
7.940340909090909e-01,4.431818181818182e-01,-2.034214034931590e-08,-2.125158327222048e-07
8.139204545454546e-01,4.431818181818182e-01,-2.468414556687844e-08,-2.007481104543387e-07
8.338068181818181e-01,4.431818181818182e-01,-2.603134980383245e-08,-1.919155777681740e-07
8.536931818181819e-01,4.431818181818182e-01,-2.737855404078648e-08,-1.830830450820092e-07
8.735795454545454e-01,4.431818181818182e-01,-2.872575827774050e-08,-1.742505123958445e-07
8.934659090909092e-01,4.431818181818182e-01,-2.824259666313042e-08,-1.669464172671591e-07
9.133522727272727e-01,4.431818181818182e-01,-2.761863767532310e-08,-1.597598942582800e-07
9.332386363636364e-01,4.431818181818182e-01,-2.699467868751577e-08,-1.525733712494009e-07
9.531250000000000e-01,4.431818181818182e-01,-2.555944322593927e-08,-1.462155539505482e-07
9.730113636363636e-01,4.431818181818182e-01,-2.390295054424389e-08,-1.400837472998847e-07
9.928977272727273e-01,4.431818181818182e-01,-2.224645786254852e-08,-1.339519406492211e-07
1.012784090909091e+00,4.431818181818182e-01,-2.034116454190445e-08,-1.282621541720653e-07
1.032670454545455e+00,4.431818181818182e-01,-1.829764864406665e-08,-1.228179344579693e-07
1.052556818181818e+00,4.431818181818182e-01,-1.625413274622886e-08,-1.173737147438734e-07
1.072443181818182e+00,4.431818181818182e-01,-1.422390483382885e-08,-1.121291607784034e-07
1.092329545454545e+00,4.431818181818182e-01,-1.220696490686666e-08,-1.070842725615595e-07
1.112215909090909e+00,4.431818181818182e-01,-1.019002497990445e-08,-1.020393843447155e-07
1.132102272727273e+00,4.431818181818182e-01,-8.272310863685447e-09,-9.705250054865305e-08
1.151988636363636e+00,4.431818181818182e-01,-6.533203206804187e-09,-9.217002470999738e-08
1.171875000000000e+00,4.431818181818182e-01,-4.794095549922906e-09,-8.728754887134166e-08
1.191761363636364e+00,4.431818181818182e-01,-3.145652702091165e-09,-8.240011333157981e-08
1.211647727272727e+00,4.431818181818182e-01,-1.829647487441068e-09,-7.749449222109553e-08
1.231534090909091e+00,4.431818181818182e-01,-5.136422727909700e-10,-7.258887111061124e-08
1.251420454545455e+00,4.431818181818182e-01,7.662903939375752e-10,-6.767216356073799e-08
1.271306818181818e+00,4.431818181818182e-01,1.577279937685756e-09,-6.261133229880925e-08
1.291193181818182e+00,4.431818181818182e-01,2.388269481433919e-09,-5.755050103688059e-08
1.311079545454545e+00,4.431818181818182e-01,3.199259025182100e-09,-5.248966977495183e-08
1.330965909090909e+00,4.431818181818182e-01,3.495947246737652e-09,-4.721334048378157e-08
1.350852272727273e+00,4.431818181818182e-01,3.753073828124537e-09,-4.192043442113127e-08
1.370738636363636e+00,4.431818181818182e-01,4.010200409511422e-09,-3.662752835848095e-08
1.390625000000000e+00,4.431818181818182e-01,3.803479566523135e-09,-3.113749569469577e-08
1.410511363636364e+00,4.431818181818182e-01,3.470254880523432e-09,-2.559370123060110e-08
1.430397727272727e+00,4.431818181818182e-01,3.137030194523733e-09,-2.004990676650650e-08
1.450284090909091e+00,4.431818181818182e-01,2.400698823479445e-09,-1.437384786423495e-08
1.470170454545455e+00,4.431818181818182e-01,1.440419294077039e-09,-8.624308718531700e-09
1.490056818181818e+00,4.431818181818182e-01,4.801397646746334e-10,-2.874769572828455e-09
6.349431818181818e-01,4.659090909090909e-01,-6.231239459194525e-08,-4.506689097416018e-07
6.548295454545454e-01,4.659090909090909e-01,-5.356173863570347e-08,-3.831796315898830e-07
6.747159090909091e-01,4.659090909090909e-01,-4.481108267946169e-08,-3.156903534381642e-07
6.946022727272727e-01,4.659090909090909e-01,-3.924111004989110e-08,-2.641053226873730e-07
7.144886363636364e-01,4.659090909090909e-01,-3.939636740832869e-08,-2.411479372582514e-07
7.343750000000000e-01,4.659090909090909e-01,-3.955162476676627e-08,-2.181905518291297e-07
7.542613636363636e-01,4.659090909090909e-01,-3.979418501781588e-08,-1.974549097843179e-07
7.741477272727273e-01,4.659090909090909e-01,-4.035685587510964e-08,-1.848656601486419e-07
7.940340909090909e-01,4.659090909090909e-01,-4.091952673240338e-08,-1.722764105129659e-07
8.139204545454546e-01,4.659090909090909e-01,-4.138918534945744e-08,-1.599674990297368e-07
8.338068181818181e-01,4.659090909090909e-01,-4.064968484339568e-08,-1.513029835283174e-07
8.536931818181819e-01,4.659090909090909e-01,-3.991018433733391e-08,-1.426384680268978e-07
8.735795454545454e-01,4.659090909090909e-01,-3.917068383127214e-08,-1.339739525254783e-07
8.934659090909092e-01,4.659090909090909e-01,-3.747075893434688e-08,-1.271550472559803e-07
9.133522727272727e-01,4.659090909090909e-01,-3.569695523812444e-08,-1.204781120043226e-07
9.332386363636364e-01,4.659090909090909e-01,-3.392315154190199e-08,-1.138011767526647e-07
9.531250000000000e-01,4.659090909090909e-01,-3.171181124939156e-08,-1.080982895220345e-07
9.730113636363636e-01,4.659090909090909e-01,-2.938114279425713e-08,-1.026610517516846e-07
9.928977272727273e-01,4.659090909090909e-01,-2.705047433912270e-08,-9.722381398133465e-08
1.012784090909091e+00,4.659090909090909e-01,-2.463014169621420e-08,-9.232526623720933e-08
1.032670454545455e+00,4.659090909090909e-01,-2.215999561565340e-08,-8.772599072987535e-08
1.052556818181818e+00,4.659090909090909e-01,-1.968984953509263e-08,-8.312671522254143e-08
1.072443181818182e+00,4.659090909090909e-01,-1.730038996782205e-08,-7.880396682691020e-08
1.092329545454545e+00,4.659090909090909e-01,-1.499161691384172e-08,-7.475774554298176e-08
1.112215909090909e+00,4.659090909090909e-01,-1.268284385986136e-08,-7.071152425905327e-08
1.132102272727273e+00,4.659090909090909e-01,-1.050128957692541e-08,-6.678309050870913e-08
1.151988636363636e+00,4.659090909090909e-01,-8.548729081869323e-09,-6.306667431881678e-08
1.171875000000000e+00,4.659090909090909e-01,-6.596168586813217e-09,-5.935025812892438e-08
1.191761363636364e+00,4.659090909090909e-01,-4.744941264835092e-09,-5.566738578173091e-08
1.211647727272727e+00,4.659090909090909e-01,-3.265268910809560e-09,-5.210750752443356e-08
1.231534090909091e+00,4.659090909090909e-01,-1.785596556784028e-09,-4.854762926713622e-08
1.251420454545455e+00,4.659090909090909e-01,-3.444990484315832e-10,-4.499002214043843e-08
1.271306818181818e+00,4.659090909090909e-01,5.951254661705158e-10,-4.146193971153534e-08
1.291193181818182e+00,4.659090909090909e-01,1.534749980772594e-09,-3.793385728263234e-08
1.311079545454545e+00,4.659090909090909e-01,2.474374495374692e-09,-3.440577485372926e-08
1.330965909090909e+00,4.659090909090909e-01,2.874056562722355e-09,-3.083763050884765e-08
1.350852272727273e+00,4.659090909090909e-01,3.232204595665825e-09,-2.726640447812157e-08
1.370738636363636e+00,4.659090909090909e-01,3.590352628609295e-09,-2.369517844739550e-08
1.390625000000000e+00,4.659090909090909e-01,3.465190723864821e-09,-2.007328068310761e-08
1.410511363636364e+00,4.659090909090909e-01,3.208217017932721e-09,-1.643756335512107e-08
1.430397727272727e+00,4.659090909090909e-01,2.951243312000623e-09,-1.280184602713456e-08
1.450284090909091e+00,4.659090909090909e-01,2.274576013552144e-09,-9.150412371587612e-09
1.470170454545455e+00,4.659090909090909e-01,1.364745608150107e-09,-5.490247422951483e-09
1.490056818181818e+00,4.659090909090909e-01,4.549152027480709e-10,-1.830082474315353e-09
6.349431818181818e-01,4.886363636363636e-01,-1.329876444462882e-07,-4.382887953807083e-07
6.548295454545454e-01,4.886363636363636e-01,-1.179053220852684e-07,-3.652178152849007e-07
6.747159090909091e-01,4.886363636363636e-01,-1.028229997242486e-07,-2.921468351890931e-07
6.946022727272727e-01,4.886363636363636e-01,-9.040022192244864e-08,-2.356339628656674e-07
7.144886363636364e-01,4.886363636363636e-01,-8.276462432724451e-08,-2.089256845325291e-07
7.343750000000000e-01,4.886363636363636e-01,-7.512902673204040e-08,-1.822174061993909e-07
7.542613636363636e-01,4.886363636363636e-01,-6.839097873384237e-08,-1.584069746827446e-07
7.741477272727273e-01,4.886363636363636e-01,-6.494394592466663e-08,-1.452219814932358e-07
7.940340909090909e-01,4.886363636363636e-01,-6.149691311549090e-08,-1.320369883037269e-07
8.139204545454546e-01,4.886363636363636e-01,-5.809422513203649e-08,-1.191868876051348e-07
8.338068181818181e-01,4.886363636363636e-01,-5.526801988295894e-08,-1.106903892884606e-07
8.536931818181819e-01,4.886363636363636e-01,-5.244181463388137e-08,-1.021938909717863e-07
8.735795454545454e-01,4.886363636363636e-01,-4.961560938480382e-08,-9.369739265511213e-08
8.934659090909092e-01,4.886363636363636e-01,-4.669892120556337e-08,-8.736367724480145e-08
9.133522727272727e-01,4.886363636363636e-01,-4.377527280092581e-08,-8.119632975036499e-08
9.332386363636364e-01,4.886363636363636e-01,-4.085162439628823e-08,-7.502898225592849e-08
9.531250000000000e-01,4.886363636363636e-01,-3.786417927284387e-08,-6.998102509352070e-08
9.730113636363636e-01,4.886363636363636e-01,-3.485933504427038e-08,-6.523835620348440e-08
9.928977272727273e-01,4.886363636363636e-01,-3.185449081569690e-08,-6.049568731344809e-08
1.012784090909091e+00,4.886363636363636e-01,-2.891911885052395e-08,-5.638837830235321e-08
1.032670454545455e+00,4.886363636363636e-01,-2.602234258724017e-08,-5.263404700178128e-08
1.052556818181818e+00,4.886363636363636e-01,-2.312556632395641e-08,-4.887971570120938e-08
1.072443181818182e+00,4.886363636363636e-01,-2.037687510181526e-08,-4.547877287541693e-08
1.092329545454545e+00,4.886363636363636e-01,-1.777626892081679e-08,-4.243121852440398e-08
1.112215909090909e+00,4.886363636363636e-01,-1.517566273981828e-08,-3.938366417339100e-08
1.132102272727273e+00,4.886363636363636e-01,-1.273026829016537e-08,-3.651368046876516e-08
1.151988636363636e+00,4.886363636363636e-01,-1.056425495693446e-08,-3.396332392763611e-08
1.171875000000000e+00,4.886363636363636e-01,-8.398241623703533e-09,-3.141296738650703e-08
1.191761363636364e+00,4.886363636363636e-01,-6.344229827579022e-09,-2.893465823188195e-08
1.211647727272727e+00,4.886363636363636e-01,-4.700890334178055e-09,-2.672052282777155e-08
1.231534090909091e+00,4.886363636363636e-01,-3.057550840777088e-09,-2.450638742366115e-08
1.251420454545455e+00,4.886363636363636e-01,-1.455288490800744e-09,-2.230788072013880e-08
1.271306818181818e+00,4.886363636363636e-01,-3.870290053447270e-10,-2.031254712426140e-08
1.291193181818182e+00,4.886363636363636e-01,6.812304801112662e-10,-1.831721352838405e-08
1.311079545454545e+00,4.886363636363636e-01,1.749489965567283e-09,-1.632187993250664e-08
1.330965909090909e+00,4.886363636363636e-01,2.252165878707056e-09,-1.446192053391368e-08
1.350852272727273e+00,4.886363636363636e-01,2.711335363207112e-09,-1.261237453511184e-08
1.370738636363636e+00,4.886363636363636e-01,3.170504847707167e-09,-1.076282853631001e-08
1.390625000000000e+00,4.886363636363636e-01,3.126901881206506e-09,-9.009065671519428e-09
1.410511363636364e+00,4.886363636363636e-01,2.946179155342009e-09,-7.281425479641010e-09
1.430397727272727e+00,4.886363636363636e-01,2.765456429477513e-09,-5.553785287762611e-09
1.450284090909091e+00,4.886363636363636e-01,2.148453203624842e-09,-3.926976878940261e-09
1.470170454545455e+00,4.886363636363636e-01,1.289071922223175e-09,-2.356186127371256e-09
1.490056818181818e+00,4.886363636363636e-01,4.296906408215083e-10,-7.853953758022500e-10
6.349431818181818e-01,5.113636363636364e-01,-1.895381305442054e-07,-4.081509540469434e-07
6.548295454545454e-01,5.113636363636364e-01,-1.703267708588517e-07,-3.354441718417021e-07
6.747159090909091e-01,5.113636363636364e-01,-1.511154111734979e-07,-2.627373896364608e-07
6.946022727272727e-01,5.113636363636364e-01,-1.341040459854188e-07,-2.055706605320064e-07
7.144886363636364e-01,5.113636363636364e-01,-1.210526708924342e-07,-1.763760270089687e-07
7.343750000000000e-01,5.113636363636364e-01,-1.080012957994496e-07,-1.471813934859309e-07
7.542613636363636e-01,5.113636363636364e-01,-9.625820715012135e-08,-1.212375172970770e-07
7.741477272727273e-01,5.113636363636364e-01,-8.931216879419999e-08,-1.072130846668967e-07
7.940340909090909e-01,5.113636363636364e-01,-8.236613043827864e-08,-9.318865203671635e-08
8.139204545454546e-01,5.113636363636364e-01,-7.556931710160382e-08,-7.955591830325325e-08
8.338068181818181e-01,5.113636363636364e-01,-7.071242901513373e-08,-7.101527022711355e-08
8.536931818181819e-01,5.113636363636364e-01,-6.585554092866357e-08,-6.247462215097375e-08
8.735795454545454e-01,5.113636363636364e-01,-6.099865284219346e-08,-5.393397407483405e-08
8.934659090909092e-01,5.113636363636364e-01,-5.682825485668126e-08,-4.793992716371059e-08
9.133522727272727e-01,5.113636363636364e-01,-5.271066380201203e-08,-4.214177264989617e-08
9.332386363636364e-01,5.113636363636364e-01,-4.859307274734277e-08,-3.634361813608171e-08
9.531250000000000e-01,5.113636363636364e-01,-4.477702841565991e-08,-3.186200314358426e-08
9.730113636363636e-01,5.113636363636364e-01,-4.104322409933698e-08,-2.773944438417327e-08
9.928977272727273e-01,5.113636363636364e-01,-3.730941978301405e-08,-2.361688562476228e-08
1.012784090909091e+00,5.113636363636364e-01,-3.381200466471593e-08,-2.025261816205964e-08
1.032670454545455e+00,5.113636363636364e-01,-3.044591687865379e-08,-1.730962364197270e-08
1.052556818181818e+00,5.113636363636364e-01,-2.707982909259167e-08,-1.436662912188579e-08
1.072443181818182e+00,5.113636363636364e-01,-2.393594545094580e-08,-1.186611155505207e-08
1.092329545454545e+00,5.113636363636364e-01,-2.101426595371626e-08,-9.808070941471595e-09
1.112215909090909e+00,5.113636363636364e-01,-1.809258645648667e-08,-7.750030327891094e-09
1.132102272727273e+00,5.113636363636364e-01,-1.535734176699498e-08,-5.934446236176840e-09
1.151988636363636e+00,5.113636363636364e-01,-1.295767973143144e-08,-4.555283883821783e-09
1.171875000000000e+00,5.113636363636364e-01,-1.055801769586786e-08,-3.176121531466714e-09
1.191761363636364e+00,5.113636363636364e-01,-8.281883605586947e-09,-1.909316155053762e-09
1.211647727272727e+00,5.113636363636364e-01,-6.458685314675776e-09,-1.054486357095240e-09
1.231534090909091e+00,5.113636363636364e-01,-4.635487023764606e-09,-1.996565591367143e-10
1.251420454545455e+00,5.113636363636364e-01,-2.855857814017317e-09,6.258322826837047e-10
1.271306818181818e+00,5.113636363636364e-01,-1.642626659400759e-09,1.069888694708674e-09
1.291193181818182e+00,5.113636363636364e-01,-4.293955047842276e-10,1.513945106733632e-09
1.311079545454545e+00,5.113636363636364e-01,7.838356498323308e-10,1.958001518758600e-09
1.330965909090909e+00,5.113636363636364e-01,1.408855822991056e-09,2.088831105715125e-09
1.350852272727273e+00,5.113636363636364e-01,1.988628997576094e-09,2.195566321512536e-09
1.370738636363636e+00,5.113636363636364e-01,2.568402172161132e-09,2.302301537309946e-09
1.390625000000000e+00,5.113636363636364e-01,2.630189331089394e-09,2.166468677900469e-09
1.410511363636364e+00,5.113636363636364e-01,2.550707576656711e-09,1.964480888889109e-09
1.430397727272727e+00,5.113636363636364e-01,2.471225822224030e-09,1.762493099877752e-09
1.450284090909091e+00,5.113636363636364e-01,1.943167769294265e-09,1.344600253018376e-09
1.470170454545455e+00,5.113636363636364e-01,1.165900661643890e-09,8.067601517989825e-10
1.490056818181818e+00,5.113636363636364e-01,3.886335539935155e-10,2.689200505795890e-10
6.349431818181818e-01,5.340909090909091e-01,-2.319638528856969e-07,-3.602553857403070e-07
6.548295454545454e-01,5.340909090909091e-01,-2.108260849564534e-07,-2.938587012602871e-07
6.747159090909091e-01,5.340909090909091e-01,-1.896883170272099e-07,-2.274620167802671e-07
6.946022727272727e-01,5.340909090909091e-01,-1.703525822388019e-07,-1.739154156863900e-07
7.144886363636364e-01,5.340909090909091e-01,-1.542605071038979e-07,-1.434989646875699e-07
7.343750000000000e-01,5.340909090909091e-01,-1.381684319689939e-07,-1.130825136887499e-07
7.542613636363636e-01,5.340909090909091e-01,-1.233958702666529e-07,-8.594653762731478e-08
7.741477272727273e-01,5.340909090909091e-01,-1.134615244837098e-07,-7.083896966962449e-08
7.940340909090909e-01,5.340909090909091e-01,-1.035271787007667e-07,-5.573140171193420e-08
8.139204545454546e-01,5.340909090909091e-01,-9.381446125815950e-08,-4.107459112409207e-08
8.338068181818181e-01,5.340909090909091e-01,-8.698291223992005e-08,-3.227762634427608e-08
8.536931818181819e-01,5.340909090909091e-01,-8.015136322168052e-08,-2.348066156446000e-08
8.735795454545454e-01,5.340909090909091e-01,-7.331981420344107e-08,-1.468369678464401e-08
8.934659090909092e-01,5.340909090909091e-01,-6.785875988770056e-08,-8.883797012707678e-09
9.133522727272727e-01,5.340909090909091e-01,-6.250312824138311e-08,-3.314440702915999e-09
9.332386363636364e-01,5.340909090909091e-01,-5.714749659506563e-08,2.254915606875692e-09
9.531250000000000e-01,5.340909090909091e-01,-5.245035867783972e-08,6.258776327774912e-09
9.730113636363636e-01,5.340909090909091e-01,-4.793280995945695e-08,9.835683706248901e-09
9.928977272727273e-01,5.340909090909091e-01,-4.341526124107418e-08,1.341259108472289e-08
1.012784090909091e+00,5.340909090909091e-01,-3.930879913879016e-08,1.608201418367150e-08
1.032670454545455e+00,5.340909090909091e-01,-3.543071848989427e-08,1.824727934955047e-08
1.052556818181818e+00,5.340909090909091e-01,-3.155263784099843e-08,2.041254451542942e-08
1.072443181818182e+00,5.340909090909091e-01,-2.797760101521369e-08,2.203401713418443e-08
1.092329545454545e+00,5.340909090909091e-01,-2.470560801254013e-08,2.311169720581547e-08
1.112215909090909e+00,5.340909090909091e-01,-2.143361500986654e-08,2.418937727744653e-08
1.132102272727273e+00,5.340909090909091e-01,-1.838251000741425e-08,2.495461218905590e-08
1.151988636363636e+00,5.340909090909091e-01,-1.572900340536024e-08,2.515744581262627e-08
1.171875000000000e+00,5.340909090909091e-01,-1.307549680330621e-08,2.536027943619664e-08
1.191761363636364e+00,5.340909090909091e-01,-1.055790259885887e-08,2.540864044875372e-08
1.211647727272727e+00,5.340909090909091e-01,-8.538653852302726e-09,2.489060188759544e-08
1.231534090909091e+00,5.340909090909091e-01,-6.519405105746583e-09,2.437256332643715e-08
1.251420454545455e+00,5.340909090909091e-01,-4.546207018081306e-09,2.381111686802916e-08
1.271306818181818e+00,5.340909090909091e-01,-3.171667495997582e-09,2.268536774537493e-08
1.291193181818182e+00,5.340909090909091e-01,-1.797127973913890e-09,2.155961862272074e-08
1.311079545454545e+00,5.340909090909091e-01,-4.225884518301669e-10,2.043386950006652e-08
1.330965909090909e+00,5.340909090909091e-01,3.441263955743525e-10,1.881462441003880e-08
1.350852272727273e+00,5.340909090909091e-01,1.064085498772770e-09,1.715741809175161e-08
1.370738636363636e+00,5.340909090909091e-01,1.784044601971187e-09,1.550021177346441e-08
1.390625000000000e+00,5.340909090909091e-01,1.975053073513482e-09,1.345332236515210e-08
1.410511363636364e+00,5.340909090909091e-01,2.021802281876828e-09,1.130015575046931e-08
1.430397727272727e+00,5.340909090909091e-01,2.068551490240173e-09,9.146989135786544e-09
1.450284090909091e+00,5.340909090909091e-01,1.658719710560413e-09,6.664319024288314e-09
1.470170454545455e+00,5.340909090909091e-01,9.952318264122527e-10,3.998591414559240e-09
1.490056818181818e+00,5.340909090909091e-01,3.317439422640923e-10,1.332863804830166e-09
6.349431818181818e-01,5.568181818181818e-01,-2.743895752271884e-07,-3.123598174336708e-07
6.548295454545454e-01,5.568181818181818e-01,-2.513253990540551e-07,-2.522732306788721e-07
6.747159090909091e-01,5.568181818181818e-01,-2.282612228809218e-07,-1.921866439240735e-07
6.946022727272727e-01,5.568181818181818e-01,-2.066011184921849e-07,-1.422601708407735e-07
7.144886363636364e-01,5.568181818181818e-01,-1.874683433153616e-07,-1.106219023661712e-07
7.343750000000000e-01,5.568181818181818e-01,-1.683355681385382e-07,-7.898363389156881e-08
7.542613636363636e-01,5.568181818181818e-01,-1.505335333831845e-07,-5.065555795755262e-08
7.741477272727273e-01,5.568181818181818e-01,-1.376108801732196e-07,-3.446485467235233e-08
7.940340909090909e-01,5.568181818181818e-01,-1.246882269632547e-07,-1.827415138715204e-08
8.139204545454546e-01,5.568181818181818e-01,-1.120596054147152e-07,-2.593263944930902e-09
8.338068181818181e-01,5.568181818181818e-01,-1.032533954647064e-07,6.460017538561376e-09
8.536931818181819e-01,5.568181818181818e-01,-9.444718551469749e-08,1.551329902205375e-08
8.735795454545454e-01,5.568181818181818e-01,-8.564097556468868e-08,2.456658050554603e-08
8.934659090909092e-01,5.568181818181818e-01,-7.888926491871988e-08,3.017233313829526e-08
9.133522727272727e-01,5.568181818181818e-01,-7.229559268075422e-08,3.551289124406416e-08
9.332386363636364e-01,5.568181818181818e-01,-6.570192044278850e-08,4.085344934983309e-08
9.531250000000000e-01,5.568181818181818e-01,-6.012368894001952e-08,4.437955579913409e-08
9.730113636363636e-01,5.568181818181818e-01,-5.482239581957692e-08,4.741081179667108e-08
9.928977272727273e-01,5.568181818181818e-01,-4.952110269913431e-08,5.044206779420807e-08
1.012784090909091e+00,5.568181818181818e-01,-4.480559361286438e-08,5.241664652940262e-08
1.032670454545455e+00,5.568181818181818e-01,-4.041552010113476e-08,5.380418234107364e-08
1.052556818181818e+00,5.568181818181818e-01,-3.602544658940519e-08,5.519171815274462e-08
1.072443181818182e+00,5.568181818181818e-01,-3.201925657948158e-08,5.593414582342093e-08
1.092329545454545e+00,5.568181818181818e-01,-2.839695007136400e-08,5.603146535310255e-08
1.112215909090909e+00,5.568181818181818e-01,-2.477464356324639e-08,5.612878488278415e-08
1.132102272727273e+00,5.568181818181818e-01,-2.140767824783351e-08,5.584367061428864e-08
1.151988636363636e+00,5.568181818181818e-01,-1.850032707928905e-08,5.487017550907432e-08
1.171875000000000e+00,5.568181818181818e-01,-1.559297591074456e-08,5.389668040385999e-08
1.191761363636364e+00,5.568181818181818e-01,-1.283392159213079e-08,5.272659705256120e-08
1.211647727272727e+00,5.568181818181818e-01,-1.061862238992968e-08,5.083569013228610e-08
1.231534090909091e+00,5.568181818181818e-01,-8.403323187728560e-09,4.894478321201102e-08
1.251420454545455e+00,5.568181818181818e-01,-6.236556222145294e-09,4.699640145337459e-08
1.271306818181818e+00,5.568181818181818e-01,-4.700708332594407e-09,4.430084679604119e-08
1.291193181818182e+00,5.568181818181818e-01,-3.164860443043552e-09,4.160529213870784e-08
1.311079545454545e+00,5.568181818181818e-01,-1.629012553492664e-09,3.890973748137444e-08
1.330965909090909e+00,5.568181818181818e-01,-7.206030318423510e-10,3.554041771436248e-08
1.350852272727273e+00,5.568181818181818e-01,1.395419999694460e-10,3.211926986199067e-08
1.370738636363636e+00,5.568181818181818e-01,9.996870317812430e-10,2.869812200961887e-08
1.390625000000000e+00,5.568181818181818e-01,1.319916815937570e-09,2.474017605240373e-08
1.410511363636364e+00,5.568181818181818e-01,1.492896987096945e-09,2.063583061204951e-08
1.430397727272727e+00,5.568181818181818e-01,1.665877158256317e-09,1.653148517169534e-08
1.450284090909091e+00,5.568181818181818e-01,1.374271651826561e-09,1.198403779555825e-08
1.470170454545455e+00,5.568181818181818e-01,8.245629911806150e-10,7.190422677319498e-09
1.490056818181818e+00,5.568181818181818e-01,2.748543305346691e-10,2.396807559080743e-09
6.349431818181818e-01,5.795454545454546e-01,-2.799448160020506e-07,-2.513090482247310e-07
6.548295454545454e-01,5.795454545454546e-01,-2.608242023645975e-07,-1.999027721089247e-07
6.747159090909091e-01,5.795454545454546e-01,-2.417035887271444e-07,-1.484964959931184e-07
6.946022727272727e-01,5.795454545454546e-01,-2.226566017258003e-07,-1.045530461435229e-07
7.144886363636364e-01,5.795454545454546e-01,-2.037421426694524e-07,-7.404268357310699e-08
7.343750000000000e-01,5.795454545454546e-01,-1.848276836131046e-07,-4.353232100269103e-08
7.542613636363636e-01,5.795454545454546e-01,-1.669823509153512e-07,-1.600574790414672e-08
7.741477272727273e-01,5.795454545454546e-01,-1.530571481991113e-07,5.802637975349908e-10
7.940340909090909e-01,5.795454545454546e-01,-1.391319454828713e-07,1.716627549921670e-08
8.139204545454546e-01,5.795454545454546e-01,-1.254961737579319e-07,3.322855334218236e-08
8.338068181818181e-01,5.795454545454546e-01,-1.156230049198989e-07,4.248229102183966e-08
8.536931818181819e-01,5.795454545454546e-01,-1.057498360818657e-07,5.173602870149706e-08
8.735795454545454e-01,5.795454545454546e-01,-9.587666724383261e-08,6.098976638115436e-08
8.934659090909092e-01,5.795454545454546e-01,-8.826597800981045e-08,6.645822957209901e-08
9.133522727272727e-01,5.795454545454546e-01,-8.082932566840459e-08,7.163551780237339e-08
9.332386363636364e-01,5.795454545454546e-01,-7.339267332699870e-08,7.681280603264780e-08
9.531250000000000e-01,5.795454545454546e-01,-6.715400922446540e-08,7.994716719004928e-08
9.730113636363636e-01,5.795454545454546e-01,-6.124206918707916e-08,8.252436641848541e-08
9.928977272727273e-01,5.795454545454546e-01,-5.533012914969291e-08,8.510156564692156e-08
1.012784090909091e+00,5.795454545454546e-01,-5.011879006681343e-08,8.647003165654539e-08
1.032670454545455e+00,5.795454545454546e-01,-4.529667373643763e-08,8.716697921127349e-08
1.052556818181818e+00,5.795454545454546e-01,-4.047455740606188e-08,8.786392676600159e-08
1.072443181818182e+00,5.795454545454546e-01,-3.609720140876427e-08,8.781107584891290e-08
1.092329545454545e+00,5.795454545454546e-01,-3.216460574454491e-08,8.700842646000741e-08
1.112215909090909e+00,5.795454545454546e-01,-2.823201008032550e-08,8.620577707110193e-08
1.132102272727273e+00,5.795454545454546e-01,-2.458229650930091e-08,8.494975104931532e-08
1.151988636363636e+00,5.795454545454546e-01,-2.144177070602692e-08,8.287764708834261e-08
1.171875000000000e+00,5.795454545454546e-01,-1.830124490275289e-08,8.080554312736989e-08
1.191761363636364e+00,5.795454545454546e-01,-1.531881889983524e-08,7.849521147545483e-08
1.211647727272727e+00,5.795454545454546e-01,-1.291609216489099e-08,7.531137829008446e-08
1.231534090909091e+00,5.795454545454546e-01,-1.051336542994675e-08,7.212754510471413e-08
1.251420454545455e+00,5.795454545454546e-01,-8.160923249306560e-09,6.887261291234009e-08
1.271306818181818e+00,5.795454545454546e-01,-6.462180274619410e-09,6.469339362891882e-08
1.291193181818182e+00,5.795454545454546e-01,-4.763437299932297e-09,6.051417434549762e-08
1.311079545454545e+00,5.795454545454546e-01,-3.064694325245146e-09,5.633495506207633e-08
1.330965909090909e+00,5.795454545454546e-01,-2.003173151891027e-09,5.131062650185441e-08
1.350852272727273e+00,5.795454545454546e-01,-9.906690401779238e-10,4.622128953572480e-08
1.370738636363636e+00,5.795454545454546e-01,2.183507153517964e-11,4.113195256959519e-08
1.390625000000000e+00,5.795454545454546e-01,4.926886612557174e-10,3.536918846073893e-08
1.410511363636364e+00,5.795454545454546e-01,8.158193813419118e-10,2.942276240386633e-08
1.430397727272727e+00,5.795454545454546e-01,1.138950101428102e-09,2.347633634699380e-08
1.450284090909091e+00,5.795454545454546e-01,9.977815352852151e-10,1.698503287349207e-08
1.470170454545455e+00,5.795454545454546e-01,5.986689212372799e-10,1.019101972408516e-08
1.490056818181818e+00,5.795454545454546e-01,1.995563071893445e-10,3.397006574678253e-09
6.349431818181818e-01,6.022727272727273e-01,-2.732098962547028e-07,-1.858732120483571e-07
6.548295454545454e-01,6.022727272727273e-01,-2.599895020794532e-07,-1.439373175428001e-07
6.747159090909091e-01,6.022727272727273e-01,-2.467691079042036e-07,-1.020014230372431e-07
6.946022727272727e-01,6.022727272727273e-01,-2.319810672861596e-07,-6.482862816239448e-08
7.144886363636364e-01,6.022727272727273e-01,-2.143712630710855e-07,-3.622941262282121e-08
7.343750000000000e-01,6.022727272727273e-01,-1.967614588560115e-07,-7.630197083247913e-09
7.542613636363636e-01,6.022727272727273e-01,-1.798682199193962e-07,1.843033894380686e-08
7.741477272727273e-01,6.022727272727273e-01,-1.656023870037969e-07,3.518238342496046e-08
7.940340909090909e-01,6.022727272727273e-01,-1.513365540881975e-07,5.193442790611405e-08
8.139204545454546e-01,6.022727272727273e-01,-1.373298834967023e-07,6.816386733194609e-08
8.338068181818181e-01,6.022727272727273e-01,-1.266923231185600e-07,7.759944103859798e-08
8.536931818181819e-01,6.022727272727273e-01,-1.160547627404175e-07,8.703501474524997e-08
8.735795454545454e-01,6.022727272727273e-01,-1.054172023622752e-07,9.647058845190185e-08
8.934659090909092e-01,6.022727272727273e-01,-9.709142712092471e-08,1.018207147668361e-07
9.133522727272727e-01,6.022727272727273e-01,-8.894348150548137e-08,1.068565758977920e-07
9.332386363636364e-01,6.022727272727273e-01,-8.079553589003799e-08,1.118924370287480e-07
9.531250000000000e-01,6.022727272727273e-01,-7.396999284966660e-08,1.146637225541496e-07
9.730113636363636e-01,6.022727272727273e-01,-6.750510505704212e-08,1.168173965507636e-07
9.928977272727273e-01,6.022727272727273e-01,-6.104021726441764e-08,1.189710705473776e-07
1.012784090909091e+00,6.022727272727273e-01,-5.537078718072072e-08,1.197630010441584e-07
1.032670454545455e+00,6.022727272727273e-01,-5.014327804642792e-08,1.197984073743653e-07
1.052556818181818e+00,6.022727272727273e-01,-4.491576891213517e-08,1.198338137045722e-07
1.072443181818182e+00,6.022727272727273e-01,-4.018724265971855e-08,1.190136063198231e-07
1.092329545454545e+00,6.022727272727273e-01,-3.595769928917813e-08,1.173377852201180e-07
1.112215909090909e+00,6.022727272727273e-01,-3.172815591863767e-08,1.156619641204129e-07
1.132102272727273e+00,6.022727272727273e-01,-2.780673144445101e-08,1.134615054876064e-07
1.151988636363636e+00,6.022727272727273e-01,-2.443992098370112e-08,1.103166992952175e-07
1.171875000000000e+00,6.022727272727273e-01,-2.107311052295119e-08,1.071718931028285e-07
1.191761363636364e+00,6.022727272727273e-01,-1.787334231235051e-08,1.037473785047103e-07
1.211647727272727e+00,6.022727272727273e-01,-1.528606235229709e-08,9.929726641891856e-08
1.231534090909091e+00,6.022727272727273e-01,-1.269878239224367e-08,9.484715433312681e-08
1.251420454545455e+00,6.022727272727273e-01,-1.016329621750024e-08,9.031246666251213e-08
1.271306818181818e+00,6.022727272727273e-01,-8.301129251787129e-09,8.467829638920009e-08
1.291193181818182e+00,6.022727272727273e-01,-6.438962286074057e-09,7.904412611588816e-08
1.311079545454545e+00,6.022727272727273e-01,-4.576795320360946e-09,7.340995584257611e-08
1.330965909090909e+00,6.022727272727273e-01,-3.358356836150353e-09,6.676230711706898e-08
1.350852272727273e+00,6.022727272727273e-01,-2.189435927439968e-09,6.003669851062385e-08
1.370738636363636e+00,6.022727272727273e-01,-1.020515018729584e-09,5.331108990417871e-08
1.390625000000000e+00,6.022727272727273e-01,-3.919034591281110e-10,4.577892044276858e-08
1.410511363636364e+00,6.022727272727273e-01,8.935100526183279e-11,3.802677983909529e-08
1.430397727272727e+00,6.022727272727273e-01,5.706054696517711e-10,3.027463923542210e-08
1.450284090909091e+00,6.022727272727273e-01,5.906107328080409e-10,2.187978672031381e-08
1.470170454545455e+00,6.022727272727273e-01,3.543664397233804e-10,1.312787203218594e-08
1.490056818181818e+00,6.022727272727273e-01,1.181221466387199e-10,4.375957344058070e-09
6.349431818181818e-01,6.250000000000000e-01,-2.664749765073550e-07,-1.204373758719832e-07
6.548295454545454e-01,6.250000000000000e-01,-2.591548017943089e-07,-8.797186297667549e-08
6.747159090909091e-01,6.250000000000000e-01,-2.518346270812629e-07,-5.550635008136772e-08
6.946022727272727e-01,6.250000000000000e-01,-2.413055328465189e-07,-2.510421018126607e-08
7.144886363636364e-01,6.250000000000000e-01,-2.250003834727186e-07,1.583858327464569e-09
7.343750000000000e-01,6.250000000000000e-01,-2.086952340989183e-07,2.827192683619521e-08
7.542613636363636e-01,6.250000000000000e-01,-1.927540889234412e-07,5.286642579176045e-08
7.741477272727273e-01,6.250000000000000e-01,-1.781476258084825e-07,6.978450305238593e-08
7.940340909090909e-01,6.250000000000000e-01,-1.635411626935237e-07,8.670258031301141e-08
8.139204545454546e-01,6.250000000000000e-01,-1.491635932354726e-07,1.030991813217098e-07
8.338068181818181e-01,6.250000000000000e-01,-1.377616413172211e-07,1.127165910553563e-07
8.536931818181819e-01,6.250000000000000e-01,-1.263596893989694e-07,1.223340007890029e-07
8.735795454545454e-01,6.250000000000000e-01,-1.149577374807178e-07,1.319514105226494e-07
8.934659090909092e-01,6.250000000000000e-01,-1.059168762320390e-07,1.371831999615732e-07
9.133522727272727e-01,6.250000000000000e-01,-9.705763734255815e-08,1.420776339932107e-07
9.332386363636364e-01,6.250000000000000e-01,-8.819839845307726e-08,1.469720680248482e-07
9.531250000000000e-01,6.250000000000000e-01,-8.078597647486779e-08,1.493802779182499e-07
9.730113636363636e-01,6.250000000000000e-01,-7.376814092700508e-08,1.511104266830417e-07
9.928977272727273e-01,6.250000000000000e-01,-6.675030537914237e-08,1.528405754478336e-07
1.012784090909091e+00,6.250000000000000e-01,-6.062278429462801e-08,1.530559704317715e-07
1.032670454545455e+00,6.250000000000000e-01,-5.498988235641822e-08,1.524298355374572e-07
1.052556818181818e+00,6.250000000000000e-01,-4.935698041820848e-08,1.518037006431429e-07
1.072443181818182e+00,6.250000000000000e-01,-4.427728391067282e-08,1.502161367907334e-07
1.092329545454545e+00,6.250000000000000e-01,-3.975079283381135e-08,1.476671439802286e-07
1.112215909090909e+00,6.250000000000000e-01,-3.522430175694983e-08,1.451181511697239e-07
1.132102272727273e+00,6.250000000000000e-01,-3.103116637960111e-08,1.419732599258975e-07
1.151988636363636e+00,6.250000000000000e-01,-2.743807126137532e-08,1.377557515020923e-07
1.171875000000000e+00,6.250000000000000e-01,-2.384497614314949e-08,1.335382430782871e-07
1.191761363636364e+00,6.250000000000000e-01,-2.042786572486578e-08,1.289995455339658e-07
1.211647727272727e+00,6.250000000000000e-01,-1.765603253970318e-08,1.232831545477527e-07
1.231534090909091e+00,6.250000000000000e-01,-1.488419935454058e-08,1.175667635615395e-07
1.251420454545455e+00,6.250000000000000e-01,-1.216566918569392e-08,1.117523204126842e-07
1.271306818181818e+00,6.250000000000000e-01,-1.014007822895485e-08,1.046631991494814e-07
1.291193181818182e+00,6.250000000000000e-01,-8.114487272215821e-09,9.757407788627871e-08
1.311079545454545e+00,6.250000000000000e-01,-6.088896315476746e-09,9.048495662307589e-08
1.330965909090909e+00,6.250000000000000e-01,-4.713540520409679e-09,8.221398773228356e-08
1.350852272727273e+00,6.250000000000000e-01,-3.388202814702013e-09,7.385210748552289e-08
1.370738636363636e+00,6.250000000000000e-01,-2.062865108994348e-09,6.549022723876222e-08
1.390625000000000e+00,6.250000000000000e-01,-1.276495579511939e-09,5.618865242479823e-08
1.410511363636364e+00,6.250000000000000e-01,-6.371173708182461e-10,4.663079727432426e-08
1.430397727272727e+00,6.250000000000000e-01,2.260837875439996e-12,3.707294212385040e-08
1.450284090909091e+00,6.250000000000000e-01,1.834399303308667e-10,2.677454056713556e-08
1.470170454545455e+00,6.250000000000000e-01,1.100639582094810e-10,1.606472434028673e-08
1.490056818181818e+00,6.250000000000000e-01,3.668798608809524e-11,5.354908113437886e-09
6.349431818181818e-01,6.477272727272727e-01,-2.615404161934809e-07,-6.042839495883479e-08
6.548295454545454e-01,6.477272727272727e-01,-2.529469460642799e-07,-3.437490737292522e-08
6.747159090909091e-01,6.477272727272727e-01,-2.443534759350788e-07,-8.321419787015642e-09
6.946022727272727e-01,6.477272727272727e-01,-2.338339653231416e-07,1.691529556032983e-08
7.144886363636364e-01,6.477272727272727e-01,-2.198475818422793e-07,4.068182087825990e-08
7.343750000000000e-01,6.477272727272727e-01,-2.058611983614169e-07,6.444834619618999e-08
7.542613636363636e-01,6.477272727272727e-01,-1.920380536715370e-07,8.653622981113929e-08
7.741477272727273e-01,6.477272727272727e-01,-1.788134512152596e-07,1.024690938484924e-07
7.940340909090909e-01,6.477272727272727e-01,-1.655888487589821e-07,1.184019578858455e-07
8.139204545454546e-01,6.477272727272727e-01,-1.525220710802081e-07,1.338553709799899e-07
8.338068181818181e-01,6.477272727272727e-01,-1.415070155089800e-07,1.430759218124213e-07
8.536931818181819e-01,6.477272727272727e-01,-1.304919599377518e-07,1.522964726448529e-07
8.735795454545454e-01,6.477272727272727e-01,-1.194769043665236e-07,1.615170234772843e-07
8.934659090909092e-01,6.477272727272727e-01,-1.104176049905752e-07,1.664443113149594e-07
9.133522727272727e-01,6.477272727272727e-01,-1.015087483988792e-07,1.710413481530377e-07
9.332386363636364e-01,6.477272727272727e-01,-9.259989180718313e-08,1.756383849911161e-07
9.531250000000000e-01,6.477272727272727e-01,-8.504142075481744e-08,1.776771605986913e-07
9.730113636363636e-01,6.477272727272727e-01,-7.785123666772368e-08,1.790182285979476e-07
9.928977272727273e-01,6.477272727272727e-01,-7.066105258062991e-08,1.803592965972038e-07
1.012784090909091e+00,6.477272727272727e-01,-6.435721343650493e-08,1.800892718475942e-07
1.032670454545455e+00,6.477272727272727e-01,-5.854578814958474e-08,1.789241955708368e-07
1.052556818181818e+00,6.477272727272727e-01,-5.273436286266461e-08,1.777591192940795e-07
1.072443181818182e+00,6.477272727272727e-01,-4.748700744558018e-08,1.755499968375453e-07
1.092329545454545e+00,6.477272727272727e-01,-4.280372189833153e-08,1.722968282012344e-07
1.112215909090909e+00,6.477272727272727e-01,-3.812043635108283e-08,1.690436595649235e-07
1.132102272727273e+00,6.477272727272727e-01,-3.377756367139128e-08,1.651355170035164e-07
1.151988636363636e+00,6.477272727272727e-01,-3.004743415330253e-08,1.600484213769359e-07
1.171875000000000e+00,6.477272727272727e-01,-2.631730463521373e-08,1.549613257503555e-07
1.191761363636364e+00,6.477272727272727e-01,-2.276516809529642e-08,1.495182974179926e-07
1.211647727272727e+00,6.477272727272727e-01,-1.986567247534129e-08,1.427701824977610e-07
1.231534090909091e+00,6.477272727272727e-01,-1.696617685538615e-08,1.360220675775294e-07
1.251420454545455e+00,6.477272727272727e-01,-1.411982830300225e-08,1.291647044022205e-07
1.271306818181818e+00,6.477272727272727e-01,-1.196439162904494e-08,1.208871139109070e-07
1.291193181818182e+00,6.477272727272727e-01,-9.808954955087669e-09,1.126095234195937e-07
1.311079545454545e+00,6.477272727272727e-01,-7.653518281130353e-09,1.043319329282803e-07
1.330965909090909e+00,6.477272727272727e-01,-6.136460061133964e-09,9.473558262839670e-08
1.350852272727273e+00,6.477272727272727e-01,-4.668507876057664e-09,8.503778926631547e-08
1.370738636363636e+00,6.477272727272727e-01,-3.200555690981364e-09,7.533999590423427e-08
1.390625000000000e+00,6.477272727272727e-01,-2.255067047838627e-09,6.459903843242815e-08
1.410511363636364e+00,6.477272727272727e-01,-1.452068461586869e-09,5.357358165796982e-08
1.430397727272727e+00,6.477272727272727e-01,-6.490698753351207e-10,4.254812488351162e-08
1.450284090909091e+00,6.477272727272727e-01,-2.881809842821625e-10,3.071286730095871e-08
1.470170454545455e+00,6.477272727272727e-01,-1.729085905618651e-10,1.842772038057527e-08
1.490056818181818e+00,6.477272727272727e-01,-5.763619684156762e-11,6.142573460191831e-09
6.349431818181818e-01,6.704545454545454e-01,-2.566058558796068e-07,-4.194140456863283e-10
6.548295454545454e-01,6.704545454545454e-01,-2.467390903342508e-07,1.922204823082505e-08
6.747159090909091e-01,6.704545454545454e-01,-2.368723247888948e-07,3.886351050733643e-08
6.946022727272727e-01,6.704545454545454e-01,-2.263623977997644e-07,5.893480130192571e-08
7.144886363636364e-01,6.704545454545454e-01,-2.146947802118399e-07,7.977978342905525e-08
7.343750000000000e-01,6.704545454545454e-01,-2.030271626239155e-07,1.006247655561848e-07
7.542613636363636e-01,6.704545454545454e-01,-1.913220184196328e-07,1.202060338305181e-07
7.741477272727273e-01,6.704545454545454e-01,-1.794792766220367e-07,1.351536846445989e-07
7.940340909090909e-01,6.704545454545454e-01,-1.676365348244405e-07,1.501013354586796e-07
8.139204545454546e-01,6.704545454545454e-01,-1.558805489249437e-07,1.646115606382700e-07
8.338068181818181e-01,6.704545454545454e-01,-1.452523897007390e-07,1.734352525694864e-07
8.536931818181819e-01,6.704545454545454e-01,-1.346242304765342e-07,1.822589445007029e-07
8.735795454545454e-01,6.704545454545454e-01,-1.239960712523295e-07,1.910826364319192e-07
8.934659090909092e-01,6.704545454545454e-01,-1.149183337491115e-07,1.957054226683455e-07
9.133522727272727e-01,6.704545454545454e-01,-1.059598594552002e-07,2.000050623128647e-07
9.332386363636364e-01,6.704545454545454e-01,-9.700138516128897e-08,2.043047019573838e-07
9.531250000000000e-01,6.704545454545454e-01,-8.929686503476707e-08,2.059740432791328e-07
9.730113636363636e-01,6.704545454545454e-01,-8.193433240844226e-08,2.069260305128534e-07
9.928977272727273e-01,6.704545454545454e-01,-7.457179978211743e-08,2.078780177465740e-07
1.012784090909091e+00,6.704545454545454e-01,-6.809164257838183e-08,2.071225732634168e-07
1.032670454545455e+00,6.704545454545454e-01,-6.210169394275126e-08,2.054185556042164e-07
1.052556818181818e+00,6.704545454545454e-01,-5.611174530712075e-08,2.037145379450160e-07
1.072443181818182e+00,6.704545454545454e-01,-5.069673098048753e-08,2.008838568843573e-07
1.092329545454545e+00,6.704545454545454e-01,-4.585665096285171e-08,1.969265124222403e-07
1.112215909090909e+00,6.704545454545454e-01,-4.101657094521582e-08,1.929691679601232e-07
1.132102272727273e+00,6.704545454545454e-01,-3.652396096318146e-08,1.882977740811352e-07
1.151988636363636e+00,6.704545454545454e-01,-3.265679704522974e-08,1.823410912517796e-07
1.171875000000000e+00,6.704545454545454e-01,-2.878963312727796e-08,1.763844084224239e-07
1.191761363636364e+00,6.704545454545454e-01,-2.510247046572707e-08,1.700370493020194e-07
1.211647727272727e+00,6.704545454545454e-01,-2.207531241097939e-08,1.622572104477694e-07
1.231534090909091e+00,6.704545454545454e-01,-1.904815435623172e-08,1.544773715935194e-07
1.251420454545455e+00,6.704545454545454e-01,-1.607398742031058e-08,1.465770883917568e-07
1.271306818181818e+00,6.704545454545454e-01,-1.378870502913503e-08,1.371110286723327e-07
1.291193181818182e+00,6.704545454545454e-01,-1.150342263795952e-08,1.276449689529088e-07
1.311079545454545e+00,6.704545454545454e-01,-9.218140246783959e-09,1.181789092334847e-07
1.330965909090909e+00,6.704545454545454e-01,-7.559379601858250e-09,1.072571775245098e-07
1.350852272727273e+00,6.704545454545454e-01,-5.948812937413315e-09,9.622347104710807e-08
1.370738636363636e+00,6.704545454545454e-01,-4.338246272968382e-09,8.518976456970631e-08
1.390625000000000e+00,6.704545454545454e-01,-3.233638516165314e-09,7.300942444005809e-08
1.410511363636364e+00,6.704545454545454e-01,-2.267019552355492e-09,6.051636604161539e-08
1.430397727272727e+00,6.704545454545454e-01,-1.300400588545681e-09,4.802330764317284e-08
1.450284090909091e+00,6.704545454545454e-01,-7.598018988951916e-10,3.465119403478185e-08
1.470170454545455e+00,6.704545454545454e-01,-4.558811393332111e-10,2.079071642086382e-08
1.490056818181818e+00,6.704545454545454e-01,-1.519603797712305e-10,6.930238806945774e-09
6.349431818181818e-01,6.931818181818182e-01,-2.433206254594814e-07,5.682814512121112e-08
6.548295454545454e-01,6.931818181818182e-01,-2.343862060989253e-07,7.063112564544404e-08
6.747159090909091e-01,6.931818181818182e-01,-2.254517867383692e-07,8.443410616967693e-08
6.946022727272727e-01,6.931818181818182e-01,-2.164553999047163e-07,9.973209688717438e-08
7.144886363636364e-01,6.931818181818182e-01,-2.073474716194892e-07,1.177211059525480e-07
7.343750000000000e-01,6.931818181818182e-01,-1.982395433342620e-07,1.357101150179216e-07
7.542613636363636e-01,6.931818181818182e-01,-1.888563806489955e-07,1.527851072396468e-07
7.741477272727273e-01,6.931818181818182e-01,-1.784640251635847e-07,1.665087043679948e-07
7.940340909090909e-01,6.931818181818182e-01,-1.680716696781738e-07,1.802323014963428e-07
8.139204545454546e-01,6.931818181818182e-01,-1.576974040036747e-07,1.935672509640852e-07
8.338068181818181e-01,6.931818181818182e-01,-1.475583058710272e-07,2.018497808439546e-07
8.536931818181819e-01,6.931818181818182e-01,-1.374192077383796e-07,2.101323107238241e-07
8.735795454545454e-01,6.931818181818182e-01,-1.272801096057321e-07,2.184148406036935e-07
8.934659090909092e-01,6.931818181818182e-01,-1.182876199539025e-07,2.226728613607878e-07
9.133522727272727e-01,6.931818181818182e-01,-1.093833309544435e-07,2.266213044930532e-07
9.332386363636364e-01,6.931818181818182e-01,-1.004790419549845e-07,2.305697476253186e-07
9.531250000000000e-01,6.931818181818182e-01,-9.271809553960149e-08,2.318602045445989e-07
9.730113636363636e-01,6.931818181818182e-01,-8.526896982896645e-08,2.324257561330651e-07
9.928977272727273e-01,6.931818181818182e-01,-7.781984411833141e-08,2.329913077215313e-07
1.012784090909091e+00,6.931818181818182e-01,-7.123465856022038e-08,2.317736932304284e-07
1.032670454545455e+00,6.931818181818182e-01,-6.512943975351151e-08,2.295654309173426e-07
1.052556818181818e+00,6.931818181818182e-01,-5.902422094680271e-08,2.273571686042568e-07
1.072443181818182e+00,6.931818181818182e-01,-5.349577389644383e-08,2.239508040263133e-07
1.092329545454545e+00,6.931818181818182e-01,-4.854409860243499e-08,2.193463371835121e-07
1.112215909090909e+00,6.931818181818182e-01,-4.359242330842610e-08,2.147418703407108e-07
1.132102272727273e+00,6.931818181818182e-01,-3.899067098654571e-08,2.093706296760912e-07
1.151988636363636e+00,6.931818181818182e-01,-3.501878001449649e-08,2.026191961321985e-07
1.171875000000000e+00,6.931818181818182e-01,-3.104688904244722e-08,1.958677625883057e-07
1.191761363636364e+00,6.931818181818182e-01,-2.725510081239282e-08,1.886942764525586e-07
1.211647727272727e+00,6.931818181818182e-01,-2.412368930298629e-08,1.799732641466789e-07
1.231534090909091e+00,6.931818181818182e-01,-2.099227779357976e-08,1.712522518407993e-07
1.251420454545455e+00,6.931818181818182e-01,-1.791324420754168e-08,1.624006424127575e-07
1.271306818181818e+00,6.931818181818182e-01,-1.551512362529391e-08,1.518512703966095e-07
1.291193181818182e+00,6.931818181818182e-01,-1.311700304304620e-08,1.413018983804618e-07
1.311079545454545e+00,6.931818181818182e-01,-1.071888246079843e-08,1.307525263643137e-07
1.330965909090909e+00,6.931818181818182e-01,-8.930604520812407e-09,1.186236785084424e-07
1.350852272727273e+00,6.931818181818182e-01,-7.189237553308073e-09,1.063733325110541e-07
1.370738636363636e+00,6.931818181818182e-01,-5.447870585803740e-09,9.412298651366572e-08
1.390625000000000e+00,6.931818181818182e-01,-4.191994319073785e-09,8.063391955104544e-08
1.410511363636364e+00,6.931818181818182e-01,-3.068524607100489e-09,6.680701959790740e-08
1.430397727272727e+00,6.931818181818182e-01,-1.945054895127205e-09,5.298011964476950e-08
1.450284090909091e+00,6.931818181818182e-01,-1.228035225679855e-09,3.821518041255701e-08
1.470170454545455e+00,6.931818181818182e-01,-7.368211354135740e-10,2.292910824752513e-08
1.490056818181818e+00,6.931818181818182e-01,-2.456070451472931e-10,7.643036082493246e-09
6.349431818181818e-01,7.159090909090909e-01,-2.049833847206028e-07,1.057914390493545e-07
6.548295454545454e-01,7.159090909090909e-01,-2.035982363477111e-07,1.154765684926682e-07
6.747159090909091e-01,7.159090909090909e-01,-2.022130879748195e-07,1.251616979359819e-07
6.946022727272727e-01,7.159090909090909e-01,-1.992421108946563e-07,1.368627620033805e-07
7.144886363636364e-01,7.159090909090909e-01,-1.934166421414044e-07,1.521925083941321e-07
7.343750000000000e-01,7.159090909090909e-01,-1.875911733881526e-07,1.675222547848837e-07
7.542613636363636e-01,7.159090909090909e-01,-1.811419353221589e-07,1.820919888180244e-07
7.741477272727273e-01,7.159090909090909e-01,-1.724055431094456e-07,1.938750108732585e-07
7.940340909090909e-01,7.159090909090909e-01,-1.636691508967323e-07,2.056580329284926e-07
8.139204545454546e-01,7.159090909090909e-01,-1.548893907843922e-07,2.171214432925048e-07
8.338068181818181e-01,7.159090909090909e-01,-1.455458479769033e-07,2.244299016706316e-07
8.536931818181819e-01,7.159090909090909e-01,-1.362023051694142e-07,2.317383600487584e-07
8.735795454545454e-01,7.159090909090909e-01,-1.268587623619253e-07,2.390468184268852e-07
8.934659090909092e-01,7.159090909090909e-01,-1.182625784974577e-07,2.427592820703984e-07
9.133522727272727e-01,7.159090909090909e-01,-1.097238837824534e-07,2.461951307343259e-07
9.332386363636364e-01,7.159090909090909e-01,-1.011851890674490e-07,2.496309793982533e-07
9.531250000000000e-01,7.159090909090909e-01,-9.363668471909021e-08,2.505142015651387e-07
9.730113636363636e-01,7.159090909090909e-01,-8.635823228890741e-08,2.507012528691942e-07
9.928977272727273e-01,7.159090909090909e-01,-7.907977985872458e-08,2.508883041732498e-07
1.012784090909091e+00,7.159090909090909e-01,-7.260343506194377e-08,2.492782688510064e-07
1.032670454545455e+00,7.159090909090909e-01,-6.657270561705287e-08,2.466698520697081e-07
1.052556818181818e+00,7.159090909090909e-01,-6.054197617216205e-08,2.440614352884098e-07
1.072443181818182e+00,7.159090909090909e-01,-5.506277495554690e-08,2.402170124537009e-07
1.092329545454545e+00,7.159090909090909e-01,-5.013510196720757e-08,2.351365835655817e-07
1.112215909090909e+00,7.159090909090909e-01,-4.520742897886817e-08,2.300561546774623e-07
1.132102272727273e+00,7.159090909090909e-01,-4.061831920463206e-08,2.241752808230585e-07
1.151988636363636e+00,7.159090909090909e-01,-3.663862321578179e-08,2.168536060293430e-07
1.171875000000000e+00,7.159090909090909e-01,-3.265892722693148e-08,2.095319312356273e-07
1.191761363636364e+00,7.159090909090909e-01,-2.885371508776386e-08,2.017669294026343e-07
1.211647727272727e+00,7.159090909090909e-01,-2.568827706409953e-08,1.923763950922917e-07
1.231534090909091e+00,7.159090909090909e-01,-2.252283904043520e-08,1.829858607819490e-07
1.251420454545455e+00,7.159090909090909e-01,-1.940779400454101e-08,1.734577065281513e-07
1.271306818181818e+00,7.159090909090909e-01,-1.694785780965915e-08,1.621404930094396e-07
1.291193181818182e+00,7.159090909090909e-01,-1.448792161477734e-08,1.508232794907281e-07
1.311079545454545e+00,7.159090909090909e-01,-1.202798541989547e-08,1.395060659720164e-07
1.330965909090909e+00,7.159090909090909e-01,-1.014674557445616e-08,1.265248977558333e-07
1.350852272727273e+00,7.159090909090909e-01,-8.310020832820129e-09,1.134157330244601e-07
1.370738636363636e+00,7.159090909090909e-01,-6.473296091184102e-09,1.003065682930870e-07
1.390625000000000e+00,7.159090909090909e-01,-5.089703125727590e-09,8.590074197210492e-08
1.410511363636364e+00,7.159090909090909e-01,-3.829691553774591e-09,7.114128067213859e-08
1.430397727272727e+00,7.159090909090909e-01,-2.569679981821605e-09,5.638181937217243e-08
1.450284090909091e+00,7.159090909090909e-01,-1.686105788979410e-09,4.065614572218814e-08
1.470170454545455e+00,7.159090909090909e-01,-1.011663473420982e-09,2.439368743330472e-08
1.490056818181818e+00,7.159090909090909e-01,-3.372211578625533e-10,8.131229144421293e-09
6.349431818181818e-01,7.386363636363636e-01,-1.666461439817241e-07,1.547547329774978e-07
6.548295454545454e-01,7.386363636363636e-01,-1.728102665964969e-07,1.603220113398923e-07
6.747159090909091e-01,7.386363636363636e-01,-1.789743892112698e-07,1.658892897022868e-07
6.946022727272727e-01,7.386363636363636e-01,-1.820288218845964e-07,1.739934271195867e-07
7.144886363636364e-01,7.386363636363636e-01,-1.794858126633197e-07,1.866639108357163e-07
7.343750000000000e-01,7.386363636363636e-01,-1.769428034420430e-07,1.993343945518459e-07
7.542613636363636e-01,7.386363636363636e-01,-1.734274899953222e-07,2.113988703964020e-07
7.741477272727273e-01,7.386363636363636e-01,-1.663470610553065e-07,2.212413173785222e-07
7.940340909090909e-01,7.386363636363636e-01,-1.592666321152908e-07,2.310837643606425e-07
8.139204545454546e-01,7.386363636363636e-01,-1.520813775651097e-07,2.406756356209244e-07
8.338068181818181e-01,7.386363636363636e-01,-1.435333900827793e-07,2.470100224973085e-07
8.536931818181819e-01,7.386363636363636e-01,-1.349854026004488e-07,2.533444093736927e-07
8.735795454545454e-01,7.386363636363636e-01,-1.264374151181184e-07,2.596787962500768e-07
8.934659090909092e-01,7.386363636363636e-01,-1.182375370410129e-07,2.628457027800090e-07
9.133522727272727e-01,7.386363636363636e-01,-1.100644366104633e-07,2.657689569755986e-07
9.332386363636364e-01,7.386363636363636e-01,-1.018913361799136e-07,2.686922111711882e-07
9.531250000000000e-01,7.386363636363636e-01,-9.455527389857893e-08,2.691681985856784e-07
9.730113636363636e-01,7.386363636363636e-01,-8.744749474884832e-08,2.689767496053233e-07
9.928977272727273e-01,7.386363636363636e-01,-8.033971559911775e-08,2.687853006249682e-07
1.012784090909091e+00,7.386363636363636e-01,-7.397221156366715e-08,2.667828444715845e-07
1.032670454545455e+00,7.386363636363636e-01,-6.801597148059423e-08,2.637742732220736e-07
1.052556818181818e+00,7.386363636363636e-01,-6.205973139752139e-08,2.607657019725628e-07
1.072443181818182e+00,7.386363636363636e-01,-5.662977601464998e-08,2.564832208810886e-07
1.092329545454545e+00,7.386363636363636e-01,-5.172610533198014e-08,2.509268299476512e-07
1.112215909090909e+00,7.386363636363636e-01,-4.682243464931024e-08,2.453704390142137e-07
1.132102272727273e+00,7.386363636363636e-01,-4.224596742271844e-08,2.389799319700259e-07
1.151988636363636e+00,7.386363636363636e-01,-3.825846641706711e-08,2.310880159264874e-07
1.171875000000000e+00,7.386363636363636e-01,-3.427096541141573e-08,2.231960998829488e-07
1.191761363636364e+00,7.386363636363636e-01,-3.045232936313490e-08,2.148395823527101e-07
1.211647727272727e+00,7.386363636363636e-01,-2.725286482521277e-08,2.047795260379044e-07
1.231534090909091e+00,7.386363636363636e-01,-2.405340028729064e-08,1.947194697230987e-07
1.251420454545455e+00,7.386363636363636e-01,-2.090234380154034e-08,1.845147706435450e-07
1.271306818181818e+00,7.386363636363636e-01,-1.838059199402438e-08,1.724297156222696e-07
1.291193181818182e+00,7.386363636363636e-01,-1.585884018650848e-08,1.603446606009945e-07
1.311079545454545e+00,7.386363636363636e-01,-1.333708837899252e-08,1.482596055797191e-07
1.330965909090909e+00,7.386363636363636e-01,-1.136288662809991e-08,1.344261170032241e-07
1.350852272727273e+00,7.386363636363636e-01,-9.430804112332185e-09,1.204581335378662e-07
1.370738636363636e+00,7.386363636363636e-01,-7.498721596564466e-09,1.064901500725083e-07
1.390625000000000e+00,7.386363636363636e-01,-5.987411932381394e-09,9.116756439316439e-08
1.410511363636364e+00,7.386363636363636e-01,-4.590858500448692e-09,7.547554174636979e-08
1.430397727272727e+00,7.386363636363636e-01,-3.194305068516005e-09,5.978351909957534e-08
1.450284090909091e+00,7.386363636363636e-01,-2.144176352278966e-09,4.309711103181927e-08
1.470170454545455e+00,7.386363636363636e-01,-1.286505811428390e-09,2.585826661908430e-08
1.490056818181818e+00,7.386363636363636e-01,-4.288352705778133e-10,8.619422206349337e-09
6.349431818181818e-01,7.613636363636364e-01,-1.449618659721365e-07,1.923501330228844e-07
6.548295454545454e-01,7.613636363636364e-01,-1.539796104116067e-07,1.963801696692792e-07
6.747159090909091e-01,7.613636363636364e-01,-1.629973548510768e-07,2.004102063156740e-07
6.946022727272727e-01,7.613636363636364e-01,-1.685830180351091e-07,2.064199188688217e-07
7.144886363636364e-01,7.613636363636364e-01,-1.679909349593529e-07,2.159930480541245e-07
7.343750000000000e-01,7.613636363636364e-01,-1.673988518835968e-07,2.255661772394274e-07
7.542613636363636e-01,7.613636363636364e-01,-1.656489954847174e-07,2.347473896737320e-07
7.741477272727273e-01,7.613636363636364e-01,-1.596539702343862e-07,2.424915740210430e-07
7.940340909090909e-01,7.613636363636364e-01,-1.536589449840548e-07,2.502357583683540e-07
8.139204545454546e-01,7.613636363636364e-01,-1.475290999058559e-07,2.578038551268355e-07
8.338068181818181e-01,7.613636363636364e-01,-1.396465970653777e-07,2.630828132305331e-07
8.536931818181819e-01,7.613636363636364e-01,-1.317640942248995e-07,2.683617713342309e-07
8.735795454545454e-01,7.613636363636364e-01,-1.238815913844212e-07,2.736407294379286e-07
8.934659090909092e-01,7.613636363636364e-01,-1.161445552612858e-07,2.762464981636667e-07
9.133522727272727e-01,7.613636363636364e-01,-1.084187088856383e-07,2.786466369372540e-07
9.332386363636364e-01,7.613636363636364e-01,-1.006928625099908e-07,2.810467757108414e-07
9.531250000000000e-01,7.613636363636364e-01,-9.368164210866099e-08,2.811428562155414e-07
9.730113636363636e-01,7.613636363636364e-01,-8.686531970032692e-08,2.806105571923633e-07
9.928977272727273e-01,7.613636363636364e-01,-8.004899729199284e-08,2.800782581691851e-07
1.012784090909091e+00,7.613636363636364e-01,-7.390518645288963e-08,2.777588574930224e-07
1.032670454545455e+00,7.613636363636364e-01,-6.813499315224792e-08,2.744466225652014e-07
1.052556818181818e+00,7.613636363636364e-01,-6.236479985160628e-08,2.711343876373805e-07
1.072443181818182e+00,7.613636363636364e-01,-5.708562807934931e-08,2.665376401241430e-07
1.092329545454545e+00,7.613636363636364e-01,-5.229747783547710e-08,2.606563800254890e-07
1.112215909090909e+00,7.613636363636364e-01,-4.750932759160485e-08,2.547751199268350e-07
1.132102272727273e+00,7.613636363636364e-01,-4.303044806171279e-08,2.480441210781429e-07
1.151988636363636e+00,7.613636363636364e-01,-3.910825581698500e-08,2.397835924793822e-07
1.171875000000000e+00,7.613636363636364e-01,-3.518606357225717e-08,2.315230638806215e-07
1.191761363636364e+00,7.613636363636364e-01,-3.142409185716284e-08,2.227866369021680e-07
1.211647727272727e+00,7.613636363636364e-01,-2.824959541739135e-08,2.123052491981747e-07
1.231534090909091e+00,7.613636363636364e-01,-2.507509897761986e-08,2.018238614941815e-07
1.251420454545455e+00,7.613636363636364e-01,-2.194631081520205e-08,1.911938630033569e-07
1.271306818181818e+00,7.613636363636364e-01,-1.941173025838255e-08,1.786319242837276e-07
1.291193181818182e+00,7.613636363636364e-01,-1.687714970156309e-08,1.660699855640986e-07
1.311079545454545e+00,7.613636363636364e-01,-1.434256914474357e-08,1.535080468444692e-07
1.330965909090909e+00,7.613636363636364e-01,-1.231687681304029e-08,1.391498508388986e-07
1.350852272727273e+00,7.613636363636364e-01,-1.033032972942289e-08,1.246534811959480e-07
1.370738636363636e+00,7.613636363636364e-01,-8.343782645805496e-09,1.101571115529974e-07
1.390625000000000e+00,7.613636363636364e-01,-6.739128209636303e-09,9.427822666800321e-08
1.410511363636364e+00,7.613636363636364e-01,-5.238626313680268e-09,7.802229217154252e-08
1.430397727272727e+00,7.613636363636364e-01,-3.738124417724249e-09,6.176635767508203e-08
1.450284090909091e+00,7.613636363636364e-01,-2.547229111868748e-09,4.451416675959254e-08
1.470170454545455e+00,7.613636363636364e-01,-1.528337467180193e-09,2.670850005575338e-08
1.490056818181818e+00,7.613636363636364e-01,-5.094458224916373e-10,8.902833351914231e-09
6.349431818181818e-01,7.840909090909091e-01,-1.399305506918401e-07,2.185776391855142e-07
6.548295454545454e-01,7.840909090909091e-01,-1.471062677930405e-07,2.236510434808288e-07
6.747159090909091e-01,7.840909090909091e-01,-1.542819848942408e-07,2.287244477761433e-07
6.946022727272727e-01,7.840909090909091e-01,-1.589046993461945e-07,2.341422372510854e-07
7.144886363636364e-01,7.840909090909091e-01,-1.589320090295042e-07,2.401799200493569e-07
7.343750000000000e-01,7.840909090909091e-01,-1.589593187128139e-07,2.462176028476285e-07
7.542613636363636e-01,7.840909090909091e-01,-1.578064517903444e-07,2.521375466500146e-07
7.741477272727273e-01,7.840909090909091e-01,-1.523262706466845e-07,2.576257808008209e-07
7.940340909090909e-01,7.840909090909091e-01,-1.468460895030245e-07,2.631140149516272e-07
8.139204545454546e-01,7.840909090909091e-01,-1.412325578066308e-07,2.685061018102378e-07
8.338068181818181e-01,7.840909090909091e-01,-1.338854689246985e-07,2.726482738703054e-07
8.536931818181819e-01,7.840909090909091e-01,-1.265383800427661e-07,2.767904459303730e-07
8.735795454545454e-01,7.840909090909091e-01,-1.191912911608338e-07,2.809326179904406e-07
8.934659090909092e-01,7.840909090909091e-01,-1.119836331582763e-07,2.829616682213716e-07
9.133522727272727e-01,7.840909090909091e-01,-1.047867006079785e-07,2.848281706192921e-07
9.332386363636364e-01,7.840909090909091e-01,-9.758976805768069e-08,2.866946730172126e-07
9.531250000000000e-01,7.840909090909091e-01,-9.101578934933644e-08,2.864381744547277e-07
9.730113636363636e-01,7.840909090909091e-01,-8.461170714334316e-08,2.856026756303141e-07
9.928977272727273e-01,7.840909090909091e-01,-7.820762493734988e-08,2.847671768059004e-07
1.012784090909091e+00,7.840909090909091e-01,-7.240235972961123e-08,2.822063079153200e-07
1.032670454545455e+00,7.840909090909091e-01,-6.692977063201396e-08,2.786869000990914e-07
1.052556818181818e+00,7.840909090909091e-01,-6.145718153441674e-08,2.751674922828628e-07
1.072443181818182e+00,7.840909090909091e-01,-5.643033114964487e-08,2.703802701828640e-07
1.092329545454545e+00,7.840909090909091e-01,-5.184921947769846e-08,2.643252337990952e-07
1.112215909090909e+00,7.840909090909091e-01,-4.726810780575200e-08,2.582701974153262e-07
1.132102272727273e+00,7.840909090909091e-01,-4.297176112161514e-08,2.513678481474097e-07
1.151988636363636e+00,7.840909090909091e-01,-3.918799141553549e-08,2.429403356880275e-07
1.171875000000000e+00,7.840909090909091e-01,-3.540422170945579e-08,2.345128232286452e-07
1.191761363636364e+00,7.840909090909091e-01,-3.176900256984765e-08,2.256080930510079e-07
1.211647727272727e+00,7.840909090909091e-01,-2.867846884063527e-08,2.149535645731026e-07
1.231534090909091e+00,7.840909090909091e-01,-2.558793511142287e-08,2.042990360951973e-07
1.251420454545455e+00,7.840909090909091e-01,-2.253969504552616e-08,1.934949836075870e-07
1.271306818181818e+00,7.840909090909091e-01,-2.004127260273363e-08,1.807471189938135e-07
1.291193181818182e+00,7.840909090909091e-01,-1.754285015994117e-08,1.679992543800404e-07
1.311079545454545e+00,7.840909090909091e-01,-1.504442771714865e-08,1.552513897662669e-07
1.330965909090909e+00,7.840909090909091e-01,-1.300871612927732e-08,1.406960992628568e-07
1.350852272727273e+00,7.840909090909091e-01,-1.100859768409226e-08,1.260017759987056e-07
1.370738636363636e+00,7.840909090909091e-01,-9.008479238907192e-09,1.113074527345544e-07
1.390625000000000e+00,7.840909090909091e-01,-7.344851957492316e-09,9.523272879662133e-08
1.410511363636364e+00,7.840909090909091e-01,-5.772994993469316e-09,7.878153194765680e-08
1.430397727272727e+00,7.840909090909091e-01,-4.201138029446335e-09,6.233033509869248e-08
1.450284090909091e+00,7.840909090909091e-01,-2.895264067748757e-09,4.490731290550793e-08
1.470170454545455e+00,7.840909090909091e-01,-1.737158440676391e-09,2.694438774331195e-08
1.490056818181818e+00,7.840909090909091e-01,-5.790528136040250e-10,8.981462581115974e-09
6.349431818181818e-01,8.068181818181818e-01,-1.348992354115438e-07,2.448051453481440e-07
6.548295454545454e-01,8.068181818181818e-01,-1.402329251744743e-07,2.509219172923783e-07
6.747159090909091e-01,8.068181818181818e-01,-1.455666149374048e-07,2.570386892366126e-07
6.946022727272727e-01,8.068181818181818e-01,-1.492263806572800e-07,2.618645556333490e-07
7.144886363636364e-01,8.068181818181818e-01,-1.498730830996555e-07,2.643667920445893e-07
7.343750000000000e-01,8.068181818181818e-01,-1.505197855420311e-07,2.668690284558296e-07
7.542613636363636e-01,8.068181818181818e-01,-1.499639080959714e-07,2.695277036262973e-07
7.741477272727273e-01,8.068181818181818e-01,-1.449985710589828e-07,2.727599875805988e-07
7.940340909090909e-01,8.068181818181818e-01,-1.400332340219942e-07,2.759922715349004e-07
8.139204545454546e-01,8.068181818181818e-01,-1.349360157074057e-07,2.792083484936401e-07
8.338068181818181e-01,8.068181818181818e-01,-1.281243407840193e-07,2.822137345100776e-07
8.536931818181819e-01,8.068181818181818e-01,-1.213126658606328e-07,2.852191205265151e-07
8.735795454545454e-01,8.068181818181818e-01,-1.145009909372464e-07,2.882245065429525e-07
8.934659090909092e-01,8.068181818181818e-01,-1.078227110552669e-07,2.896768382790765e-07
9.133522727272727e-01,8.068181818181818e-01,-1.011546923303188e-07,2.910097043013302e-07
9.332386363636364e-01,8.068181818181818e-01,-9.448667360537059e-08,2.923425703235838e-07
9.531250000000000e-01,8.068181818181818e-01,-8.834993659001189e-08,2.917334926939139e-07
9.730113636363636e-01,8.068181818181818e-01,-8.235809458635940e-08,2.905947940682649e-07
9.928977272727273e-01,8.068181818181818e-01,-7.636625258270692e-08,2.894560954426158e-07
1.012784090909091e+00,8.068181818181818e-01,-7.089953300633282e-08,2.866537583376178e-07
1.032670454545455e+00,8.068181818181818e-01,-6.572454811177999e-08,2.829271776329815e-07
1.052556818181818e+00,8.068181818181818e-01,-6.054956321722720e-08,2.792005969283452e-07
1.072443181818182e+00,8.068181818181818e-01,-5.577503421994044e-08,2.742229002415851e-07
1.092329545454545e+00,8.068181818181818e-01,-5.140096111991982e-08,2.679940875727013e-07
1.112215909090909e+00,8.068181818181818e-01,-4.702688801989914e-08,2.617652749038174e-07
1.132102272727273e+00,8.068181818181818e-01,-4.291307418151748e-08,2.546915752166765e-07
1.151988636363636e+00,8.068181818181818e-01,-3.926772701408597e-08,2.460970788966727e-07
1.171875000000000e+00,8.068181818181818e-01,-3.562237984665441e-08,2.375025825766689e-07
1.191761363636364e+00,8.068181818181818e-01,-3.211391328253249e-08,2.284295491998478e-07
1.211647727272727e+00,8.068181818181818e-01,-2.910734226387919e-08,2.176018799480305e-07
1.231534090909091e+00,8.068181818181818e-01,-2.610077124522588e-08,2.067742106962132e-07
1.251420454545455e+00,8.068181818181818e-01,-2.313307927585026e-08,1.957961042118171e-07
1.271306818181818e+00,8.068181818181818e-01,-2.067081494708472e-08,1.828623137038995e-07
1.291193181818182e+00,8.068181818181818e-01,-1.820855061831925e-08,1.699285231959821e-07
1.311079545454545e+00,8.068181818181818e-01,-1.574628628955372e-08,1.569947326880645e-07
1.330965909090909e+00,8.068181818181818e-01,-1.370055544551434e-08,1.422423476868150e-07
1.350852272727273e+00,8.068181818181818e-01,-1.168686563876162e-08,1.273500708014632e-07
1.370738636363636e+00,8.068181818181818e-01,-9.673175832008892e-09,1.124577939161114e-07
1.390625000000000e+00,8.068181818181818e-01,-7.950575705348328e-09,9.618723092523946e-08
1.410511363636364e+00,8.068181818181818e-01,-6.307363673258366e-09,7.954077172377110e-08
1.430397727272727e+00,8.068181818181818e-01,-4.664151641168421e-09,6.289431252230292e-08
1.450284090909091e+00,8.068181818181818e-01,-3.243299023628765e-09,4.530045905142333e-08
1.470170454545455e+00,8.068181818181818e-01,-1.945979414172589e-09,2.718027543087053e-08
1.490056818181818e+00,8.068181818181818e-01,-6.486598047164126e-10,9.060091810317717e-09
6.349431818181818e-01,8.295454545454546e-01,-1.363340204282158e-07,2.603070889182528e-07
6.548295454545454e-01,8.295454545454546e-01,-1.400487972019318e-07,2.652530153007303e-07
6.747159090909091e-01,8.295454545454546e-01,-1.437635739756478e-07,2.701989416832078e-07
6.946022727272727e-01,8.295454545454546e-01,-1.458039876979412e-07,2.730457611822408e-07
7.144886363636364e-01,8.295454545454546e-01,-1.448305479276739e-07,2.721141882910739e-07
7.343750000000000e-01,8.295454545454546e-01,-1.438571081574067e-07,2.711826153999069e-07
7.542613636363636e-01,8.295454545454546e-01,-1.419307739273414e-07,2.707569514277077e-07
7.741477272727273e-01,8.295454545454546e-01,-1.365104933446834e-07,2.721862868250568e-07
7.940340909090909e-01,8.295454545454546e-01,-1.310902127620253e-07,2.736156222224058e-07
8.139204545454546e-01,8.295454545454546e-01,-1.256046105272147e-07,2.751038519313288e-07
8.338068181818181e-01,8.295454545454546e-01,-1.192698268144200e-07,2.773577076907129e-07
8.536931818181819e-01,8.295454545454546e-01,-1.129350431016252e-07,2.796115634500969e-07
8.735795454545454e-01,8.295454545454546e-01,-1.066002593888305e-07,2.818654192094810e-07
8.934659090909092e-01,8.295454545454546e-01,-1.005303496802063e-07,2.828857614872539e-07
9.133522727272727e-01,8.295454545454546e-01,-9.448081489497993e-08,2.838112181125952e-07
9.332386363636364e-01,8.295454545454546e-01,-8.843128010975356e-08,2.847366747379365e-07
9.531250000000000e-01,8.295454545454546e-01,-8.285546406357890e-08,2.839092315749240e-07
9.730113636363636e-01,8.295454545454546e-01,-7.740884403714562e-08,2.826037248332695e-07
9.928977272727273e-01,8.295454545454546e-01,-7.196222401071233e-08,2.812982180916151e-07
1.012784090909091e+00,8.295454545454546e-01,-6.696871863251944e-08,2.784346583837763e-07
1.032670454545455e+00,8.295454545454546e-01,-6.222694361446001e-08,2.747055136947239e-07
1.052556818181818e+00,8.295454545454546e-01,-5.748516859640064e-08,2.709763690056716e-07
1.072443181818182e+00,8.295454545454546e-01,-5.309332127072069e-08,2.660585889184281e-07
1.092329545454545e+00,8.295454545454546e-01,-4.905140163742025e-08,2.599521734329935e-07
1.112215909090909e+00,8.295454545454546e-01,-4.500948200411977e-08,2.538457579475589e-07
1.132102272727273e+00,8.295454545454546e-01,-4.119839731060803e-08,2.469303673899491e-07
1.151988636363636e+00,8.295454545454546e-01,-3.780281550871593e-08,2.385588217024238e-07
1.171875000000000e+00,8.295454545454546e-01,-3.440723370682381e-08,2.301872760148985e-07
1.191761363636364e+00,8.295454545454546e-01,-3.113420412451288e-08,2.213553489577860e-07
1.211647727272727e+00,8.295454545454546e-01,-2.831053268066636e-08,2.108353568788539e-07
1.231534090909091e+00,8.295454545454546e-01,-2.548686123681984e-08,2.003153647999219e-07
1.251420454545455e+00,8.295454545454546e-01,-2.269805495706335e-08,1.896501608245222e-07
1.271306818181818e+00,8.295454545454546e-01,-2.036249581047751e-08,1.770972021950431e-07
1.291193181818182e+00,8.295454545454546e-01,-1.802693666389172e-08,1.645442435655642e-07
1.311079545454545e+00,8.295454545454546e-01,-1.569137751730588e-08,1.519912849360852e-07
1.330965909090909e+00,8.295454545454546e-01,-1.372402493991166e-08,1.376788225383514e-07
1.350852272727273e+00,8.295454545454546e-01,-1.178499594476297e-08,1.232310136969060e-07
1.370738636363636e+00,8.295454545454546e-01,-9.845966949614279e-09,1.087832048554605e-07
1.390625000000000e+00,8.295454545454546e-01,-8.147252139066193e-09,9.301225468709144e-08
1.410511363636364e+00,8.295454545454546e-01,-6.514077560681915e-09,7.688044779319780e-08
1.430397727272727e+00,8.295454545454546e-01,-4.880902982297655e-09,6.074864089930433e-08
1.450284090909091e+00,8.295454545454546e-01,-3.418566412509196e-09,4.373988284777947e-08
1.470170454545455e+00,8.295454545454546e-01,-2.051139847496169e-09,2.624392970868141e-08
1.490056818181818e+00,8.295454545454546e-01,-6.837132824831407e-10,8.747976569583352e-09
6.349431818181818e-01,8.522727272727273e-01,-1.399241722105441e-07,2.722338449575212e-07
6.548295454545454e-01,8.522727272727273e-01,-1.420944074447306e-07,2.752708547080163e-07
6.747159090909091e-01,8.522727272727273e-01,-1.442646426789171e-07,2.783078644585115e-07
6.946022727272727e-01,8.522727272727273e-01,-1.444669033151277e-07,2.787132624533420e-07
7.144886363636364e-01,8.522727272727273e-01,-1.411268096749814e-07,2.743817592879758e-07
7.343750000000000e-01,8.522727272727273e-01,-1.377867160348351e-07,2.700502561226097e-07
7.542613636363636e-01,8.522727272727273e-01,-1.338341096006257e-07,2.665992295041608e-07
7.741477272727273e-01,8.522727272727273e-01,-1.276356229215181e-07,2.663766168910748e-07
7.940340909090909e-01,8.522727272727273e-01,-1.214371362424104e-07,2.661540042779888e-07
8.139204545454546e-01,8.522727272727273e-01,-1.152615843200351e-07,2.660637742871130e-07
8.338068181818181e-01,8.522727272727273e-01,-1.093841842351807e-07,2.676945183849692e-07
8.536931818181819e-01,8.522727272727273e-01,-1.035067841503262e-07,2.693252624828254e-07
8.735795454545454e-01,8.522727272727273e-01,-9.762938406547173e-08,2.709560065806816e-07
8.934659090909092e-01,8.522727272727273e-01,-9.219417521446206e-08,2.715926024122555e-07
9.133522727272727e-01,8.522727272727273e-01,-8.679298107374817e-08,2.721527253002692e-07
9.332386363636364e-01,8.522727272727273e-01,-8.139178693303425e-08,2.727128481882829e-07
9.531250000000000e-01,8.522727272727273e-01,-7.641811828144313e-08,2.717117773365419e-07
9.730113636363636e-01,8.522727272727273e-01,-7.156104749052184e-08,2.702849263739588e-07
9.928977272727273e-01,8.522727272727273e-01,-6.670397669960057e-08,2.688580754113757e-07
1.012784090909091e+00,8.522727272727273e-01,-6.222857504186107e-08,2.659933749712217e-07
1.032670454545455e+00,8.522727272727273e-01,-5.796521179144472e-08,2.623298692657504e-07
1.052556818181818e+00,8.522727272727273e-01,-5.370184854102842e-08,2.586663635602793e-07
1.072443181818182e+00,8.522727272727273e-01,-4.973613631499583e-08,2.538919638013117e-07
1.092329545454545e+00,8.522727272727273e-01,-4.606807511334704e-08,2.480066699888478e-07
1.112215909090909e+00,8.522727272727273e-01,-4.240001391169823e-08,2.421213761763838e-07
1.132102272727273e+00,8.522727272727273e-01,-3.893172379609464e-08,2.354741812645570e-07
1.151988636363636e+00,8.522727272727273e-01,-3.582302163537240e-08,2.274555643738769e-07
1.171875000000000e+00,8.522727272727273e-01,-3.271431947465014e-08,2.194369474831967e-07
1.191761363636364e+00,8.522727272727273e-01,-2.971295500959181e-08,2.109825965854235e-07
1.211647727272727e+00,8.522727272727273e-01,-2.710516209530130e-08,2.009305543283093e-07
1.231534090909091e+00,8.522727272727273e-01,-2.449736918101079e-08,1.908785120711951e-07
1.251420454545455e+00,8.522727272727273e-01,-2.192022778857277e-08,1.806885294400522e-07
1.271306818181818e+00,8.522727272727273e-01,-1.974155618021752e-08,1.687053219465392e-07
1.291193181818182e+00,8.522727272727273e-01,-1.756288457186232e-08,1.567221144530264e-07
1.311079545454545e+00,8.522727272727273e-01,-1.538421296350708e-08,1.447389069595135e-07
1.330965909090909e+00,8.522727272727273e-01,-1.352470449369574e-08,1.310787061990806e-07
1.350852272727273e+00,8.522727272727273e-01,-1.168974703454165e-08,1.172895059565771e-07
1.370738636363636e+00,8.522727272727273e-01,-9.854789575387565e-09,1.035003057140736e-07
1.390625000000000e+00,8.522727272727273e-01,-8.207579468071339e-09,8.846078566002136e-08
1.410511363636364e+00,8.522727272727273e-01,-6.611573183983629e-09,7.308026929372865e-08
1.430397727272727e+00,8.522727272727273e-01,-5.015566899895935e-09,5.769975292743609e-08
1.450284090909091e+00,8.522727272727273e-01,-3.536244612389766e-09,4.152806586094921e-08
1.470170454545455e+00,8.522727272727273e-01,-2.121746767428874e-09,2.491683951657641e-08
1.490056818181818e+00,8.522727272727273e-01,-7.072489224679821e-10,8.305613172203619e-09
6.349431818181818e-01,8.750000000000000e-01,-1.435143239928723e-07,2.841606009967895e-07
6.548295454545454e-01,8.750000000000000e-01,-1.441400176875294e-07,2.852886941153024e-07
6.747159090909091e-01,8.750000000000000e-01,-1.447657113821865e-07,2.864167872338152e-07
6.946022727272727e-01,8.750000000000000e-01,-1.431298189323142e-07,2.843807637244431e-07
7.144886363636364e-01,8.750000000000000e-01,-1.374230714222889e-07,2.766493302848778e-07
7.343750000000000e-01,8.750000000000000e-01,-1.317163239122636e-07,2.689178968453125e-07
7.542613636363636e-01,8.750000000000000e-01,-1.257374452739101e-07,2.624415075806138e-07
7.741477272727273e-01,8.750000000000000e-01,-1.187607524983527e-07,2.605669469570928e-07
7.940340909090909e-01,8.750000000000000e-01,-1.117840597227954e-07,2.586923863335717e-07
8.139204545454546e-01,8.750000000000000e-01,-1.049185581128555e-07,2.570236966428971e-07
8.338068181818181e-01,8.750000000000000e-01,-9.949854165594135e-08,2.580313290792255e-07
8.536931818181819e-01,8.750000000000000e-01,-9.407852519902716e-08,2.590389615155539e-07
8.735795454545454e-01,8.750000000000000e-01,-8.865850874211303e-08,2.600465939518823e-07
8.934659090909092e-01,8.750000000000000e-01,-8.385800074871779e-08,2.602994433372571e-07
9.133522727272727e-01,8.750000000000000e-01,-7.910514725251639e-08,2.604942324879432e-07
9.332386363636364e-01,8.750000000000000e-01,-7.435229375631494e-08,2.606890216386293e-07
9.531250000000000e-01,8.750000000000000e-01,-6.998077249930736e-08,2.595143230981599e-07
9.730113636363636e-01,8.750000000000000e-01,-6.571325094389808e-08,2.579661279146482e-07
9.928977272727273e-01,8.750000000000000e-01,-6.144572938848881e-08,2.564179327311363e-07
1.012784090909091e+00,8.750000000000000e-01,-5.748843145120271e-08,2.535520915586671e-07
1.032670454545455e+00,8.750000000000000e-01,-5.370347996842943e-08,2.499542248367770e-07
1.052556818181818e+00,8.750000000000000e-01,-4.991852848565619e-08,2.463563581148870e-07
1.072443181818182e+00,8.750000000000000e-01,-4.637895135927098e-08,2.417253386841953e-07
1.092329545454545e+00,8.750000000000000e-01,-4.308474858927385e-08,2.360611665447020e-07
1.112215909090909e+00,8.750000000000000e-01,-3.979054581927670e-08,2.303969944052088e-07
1.132102272727273e+00,8.750000000000000e-01,-3.666505028158126e-08,2.240179951391649e-07
1.151988636363636e+00,8.750000000000000e-01,-3.384322776202888e-08,2.163523070453300e-07
1.171875000000000e+00,8.750000000000000e-01,-3.102140524247646e-08,2.086866189514949e-07
1.191761363636364e+00,8.750000000000000e-01,-2.829170589467074e-08,2.006098442130610e-07
1.211647727272727e+00,8.750000000000000e-01,-2.589979150993623e-08,1.910257517777646e-07
1.231534090909091e+00,8.750000000000000e-01,-2.350787712520173e-08,1.814416593424681e-07
1.251420454545455e+00,8.750000000000000e-01,-2.114240062008220e-08,1.717268980555823e-07
1.271306818181818e+00,8.750000000000000e-01,-1.912061654995753e-08,1.603134416980354e-07
1.291193181818182e+00,8.750000000000000e-01,-1.709883247983292e-08,1.488999853404887e-07
1.311079545454545e+00,8.750000000000000e-01,-1.507704840970827e-08,1.374865289829417e-07
1.330965909090909e+00,8.750000000000000e-01,-1.332538404747982e-08,1.244785898598097e-07
1.350852272727273e+00,8.750000000000000e-01,-1.159449812432034e-08,1.113479982162482e-07
1.370738636363636e+00,8.750000000000000e-01,-9.863612201160852e-09,9.821740657268665e-08
1.390625000000000e+00,8.750000000000000e-01,-8.267906797076487e-09,8.390931663295129e-08
1.410511363636364e+00,8.750000000000000e-01,-6.709068807285342e-09,6.928009079425949e-08
1.430397727272727e+00,8.750000000000000e-01,-5.150230817494215e-09,5.465086495556783e-08
1.450284090909091e+00,8.750000000000000e-01,-3.653922812270336e-09,3.931624887411894e-08
1.470170454545455e+00,8.750000000000000e-01,-2.192353687361580e-09,2.358974932447141e-08
1.490056818181818e+00,8.750000000000000e-01,-7.307845624528236e-10,7.863249774823884e-09
6.349431818181818e-01,8.977272727272727e-01,-1.443397435283722e-07,2.886570006000026e-07
6.548295454545454e-01,8.977272727272727e-01,-1.415931699936395e-07,2.785590805310146e-07
6.747159090909091e-01,8.977272727272727e-01,-1.388465964589069e-07,2.684611604620265e-07
6.946022727272727e-01,8.977272727272727e-01,-1.338807835997479e-07,2.581226091116884e-07
7.144886363636364e-01,8.977272727272727e-01,-1.249203399566214e-07,2.473509214549201e-07
7.343750000000000e-01,8.977272727272727e-01,-1.159598963134947e-07,2.365792337981517e-07
7.542613636363636e-01,8.977272727272727e-01,-1.075567056283820e-07,2.278358709867943e-07
7.741477272727273e-01,8.977272727272727e-01,-1.011967757893200e-07,2.265296992752768e-07
7.940340909090909e-01,8.977272727272727e-01,-9.483684595025797e-08,2.252235275637593e-07
8.139204545454546e-01,8.977272727272727e-01,-8.860598576477054e-08,2.240642950525050e-07
8.338068181818181e-01,8.977272727272727e-01,-8.405303107575264e-08,2.248152721446722e-07
8.536931818181819e-01,8.977272727272727e-01,-7.950007638673470e-08,2.255662492368395e-07
8.735795454545454e-01,8.977272727272727e-01,-7.494712169771682e-08,2.263172263290067e-07
8.934659090909092e-01,8.977272727272727e-01,-7.097363014438585e-08,2.264432787694261e-07
9.133522727272727e-01,8.977272727272727e-01,-6.704471267841548e-08,2.265212600827880e-07
9.332386363636364e-01,8.977272727272727e-01,-6.311579521244507e-08,2.265992413961500e-07
9.531250000000000e-01,8.977272727272727e-01,-5.949372922758711e-08,2.255005823150865e-07
9.730113636363636e-01,8.977272727272727e-01,-5.595535001030529e-08,2.240810213082706e-07
9.928977272727273e-01,8.977272727272727e-01,-5.241697079302345e-08,2.226614603014547e-07
1.012784090909091e+00,8.977272727272727e-01,-4.912118466124503e-08,2.201165476192882e-07
1.032670454545455e+00,8.977272727272727e-01,-4.596017246585737e-08,2.169464395619270e-07
1.052556818181818e+00,8.977272727272727e-01,-4.279916027046974e-08,2.137763315045658e-07
1.072443181818182e+00,8.977272727272727e-01,-3.983367997060691e-08,2.097202942695142e-07
1.092329545454545e+00,8.977272727272727e-01,-3.706373156626895e-08,2.047783278567723e-07
1.112215909090909e+00,8.977272727272727e-01,-3.429378316193097e-08,1.998363614440304e-07
1.132102272727273e+00,8.977272727272727e-01,-3.166058359941314e-08,1.942793018637718e-07
1.151988636363636e+00,8.977272727272727e-01,-2.927353195217152e-08,1.876150745819829e-07
1.171875000000000e+00,8.977272727272727e-01,-2.688648030492988e-08,1.809508473001939e-07
1.191761363636364e+00,8.977272727272727e-01,-2.457493418339855e-08,1.739317984552097e-07
1.211647727272727e+00,8.977272727272727e-01,-2.254024165613840e-08,1.656117372118435e-07
1.231534090909091e+00,8.977272727272727e-01,-2.050554912887823e-08,1.572916759684772e-07
1.251420454545455e+00,8.977272727272727e-01,-1.849268960427698e-08,1.488585051271644e-07
1.271306818181818e+00,8.977272727272727e-01,-1.676365911424186e-08,1.389549095125468e-07
1.291193181818182e+00,8.977272727272727e-01,-1.503462862420677e-08,1.290513138979294e-07
1.311079545454545e+00,8.977272727272727e-01,-1.330559813417165e-08,1.191477182833118e-07
1.330965909090909e+00,8.977272727272727e-01,-1.180085370492529e-08,1.078601376638761e-07
1.350852272727273e+00,8.977272727272727e-01,-1.031336204958578e-08,9.646609665945445e-08
1.370738636363636e+00,8.977272727272727e-01,-8.825870394246265e-09,8.507205565503286e-08
1.390625000000000e+00,8.977272727272727e-01,-7.446247689255282e-09,7.264498405133048e-08
1.410511363636364e+00,8.977272727272727e-01,-6.096043788904811e-09,5.993617682964249e-08
1.430397727272727e+00,8.977272727272727e-01,-4.745839888554357e-09,4.722736960795463e-08
1.450284090909091e+00,8.977272727272727e-01,-3.391519257841209e-09,3.395676922743903e-08
1.470170454545455e+00,8.977272727272727e-01,-2.034911554704328e-09,2.037406153646344e-08
1.490056818181818e+00,8.977272727272727e-01,-6.783038515674465e-10,6.791353845487835e-09
6.349431818181818e-01,9.204545454545454e-01,-1.451651630638720e-07,2.931534002032158e-07
6.548295454545454e-01,9.204545454545454e-01,-1.390463222997497e-07,2.718294669467268e-07
6.747159090909091e-01,9.204545454545454e-01,-1.329274815356273e-07,2.505055336902379e-07
6.946022727272727e-01,9.204545454545454e-01,-1.246317482671816e-07,2.318644544989338e-07
7.144886363636364e-01,9.204545454545454e-01,-1.124176084909537e-07,2.180525126249624e-07
7.343750000000000e-01,9.204545454545454e-01,-1.002034687147258e-07,2.042405707509910e-07
7.542613636363636e-01,9.204545454545454e-01,-8.937596598285394e-08,1.932302343929748e-07
7.741477272727273e-01,9.204545454545454e-01,-8.363279908028721e-08,1.924924515934608e-07
7.940340909090909e-01,9.204545454545454e-01,-7.788963217772050e-08,1.917546687939469e-07
8.139204545454546e-01,9.204545454545454e-01,-7.229341341668558e-08,1.911048934621129e-07
8.338068181818181e-01,9.204545454545454e-01,-6.860752049556394e-08,1.915992152101190e-07
8.536931818181819e-01,9.204545454545454e-01,-6.492162757444226e-08,1.920935369581251e-07
8.735795454545454e-01,9.204545454545454e-01,-6.123573465332061e-08,1.925878587061311e-07
8.934659090909092e-01,9.204545454545454e-01,-5.808925954005392e-08,1.925871142015952e-07
9.133522727272727e-01,9.204545454545454e-01,-5.498427810431456e-08,1.925482876776329e-07
9.332386363636364e-01,9.204545454545454e-01,-5.187929666857519e-08,1.925094611536707e-07
9.531250000000000e-01,9.204545454545454e-01,-4.900668595586688e-08,1.914868415320131e-07
9.730113636363636e-01,9.204545454545454e-01,-4.619744907671249e-08,1.901959147018931e-07
9.928977272727273e-01,9.204545454545454e-01,-4.338821219755811e-08,1.889049878717732e-07
1.012784090909091e+00,9.204545454545454e-01,-4.075393787128738e-08,1.866810036799094e-07
1.032670454545455e+00,9.204545454545454e-01,-3.821686496328531e-08,1.839386542870770e-07
1.052556818181818e+00,9.204545454545454e-01,-3.567979205528328e-08,1.811963048942445e-07
1.072443181818182e+00,9.204545454545454e-01,-3.328840858194284e-08,1.777152498548331e-07
1.092329545454545e+00,9.204545454545454e-01,-3.104271454326406e-08,1.734954891688427e-07
1.112215909090909e+00,9.204545454545454e-01,-2.879702050458525e-08,1.692757284828522e-07
1.132102272727273e+00,9.204545454545454e-01,-2.665611691724501e-08,1.645406085883787e-07
1.151988636363636e+00,9.204545454545454e-01,-2.470383614231417e-08,1.588778421186358e-07
1.171875000000000e+00,9.204545454545454e-01,-2.275155536738330e-08,1.532150756488928e-07
1.191761363636364e+00,9.204545454545454e-01,-2.085816247212637e-08,1.472537526973584e-07
1.211647727272727e+00,9.204545454545454e-01,-1.918069180234056e-08,1.401977226459224e-07
1.231534090909091e+00,9.204545454545454e-01,-1.750322113255474e-08,1.331416925944863e-07
1.251420454545455e+00,9.204545454545454e-01,-1.584297858847177e-08,1.259901121987465e-07
1.271306818181818e+00,9.204545454545454e-01,-1.440670167852618e-08,1.175963773270582e-07
1.291193181818182e+00,9.204545454545454e-01,-1.297042476858062e-08,1.092026424553701e-07
1.311079545454545e+00,9.204545454545454e-01,-1.153414785863503e-08,1.008089075836818e-07
1.330965909090909e+00,9.204545454545454e-01,-1.027632336237076e-08,9.124168546794241e-08
1.350852272727273e+00,9.204545454545454e-01,-9.032225974851222e-09,8.158419510266073e-08
1.370738636363636e+00,9.204545454545454e-01,-7.788128587331681e-09,7.192670473737906e-08
1.390625000000000e+00,9.204545454545454e-01,-6.624588581434079e-09,6.138065146970967e-08
1.410511363636364e+00,9.204545454545454e-01,-5.483018770524282e-09,5.059226286502549e-08
1.430397727272727e+00,9.204545454545454e-01,-4.341448959614499e-09,3.980387426034143e-08
1.450284090909091e+00,9.204545454545454e-01,-3.129115703412081e-09,2.859728958075912e-08
1.470170454545455e+00,9.204545454545454e-01,-1.877469422047075e-09,1.715837374845545e-08
1.490056818181818e+00,9.204545454545454e-01,-6.258231406820695e-10,5.719457916151787e-09
6.349431818181818e-01,9.431818181818182e-01,-1.298443550737882e-07,3.004221659422837e-07
6.548295454545454e-01,9.431818181818182e-01,-1.229991117320812e-07,2.617084324465673e-07
6.747159090909091e-01,9.431818181818182e-01,-1.161538683903742e-07,2.229946989508510e-07
6.946022727272727e-01,9.431818181818182e-01,-1.069954288797788e-07,1.928825804903341e-07
7.144886363636364e-01,9.431818181818182e-01,-9.367323626518446e-08,1.782533690931763e-07
7.343750000000000e-01,9.431818181818182e-01,-8.035104365059006e-08,1.636241576960184e-07
7.542613636363636e-01,9.431818181818182e-01,-6.885491931700707e-08,1.520690972250999e-07
7.741477272727273e-01,9.431818181818182e-01,-6.405437868046595e-08,1.517859234837261e-07
7.940340909090909e-01,9.431818181818182e-01,-5.925383804392482e-08,1.515027497423521e-07
8.139204545454546e-01,9.431818181818182e-01,-5.459907650511070e-08,1.512594020630169e-07
8.338068181818181e-01,9.431818181818182e-01,-5.183944323674756e-08,1.515337931901853e-07
8.536931818181819e-01,9.431818181818182e-01,-4.907980996838440e-08,1.518081843173537e-07
8.735795454545454e-01,9.431818181818182e-01,-4.632017670002126e-08,1.520825754445220e-07
8.934659090909092e-01,9.431818181818182e-01,-4.402361962436809e-08,1.519954461597470e-07
9.133522727272727e-01,9.431818181818182e-01,-4.176268379430801e-08,1.518805076125149e-07
9.332386363636364e-01,9.431818181818182e-01,-3.950174796424792e-08,1.517655690652827e-07
9.531250000000000e-01,9.431818181818182e-01,-3.740127591097876e-08,1.508877599497343e-07
9.730113636363636e-01,9.431818181818182e-01,-3.534456670592531e-08,1.498018952246452e-07
9.928977272727273e-01,9.431818181818182e-01,-3.328785750087185e-08,1.487160304995561e-07
1.012784090909091e+00,9.431818181818182e-01,-3.134409343529007e-08,1.469130415685228e-07
1.032670454545455e+00,9.431818181818182e-01,-2.946307666941475e-08,1.447116503008539e-07
1.052556818181818e+00,9.431818181818182e-01,-2.758205990353945e-08,1.425102590331849e-07
1.072443181818182e+00,9.431818181818182e-01,-2.579950458222250e-08,1.397376968580200e-07
1.092329545454545e+00,9.431818181818182e-01,-2.411541070546395e-08,1.363939637753592e-07
1.112215909090909e+00,9.431818181818182e-01,-2.243131682870538e-08,1.330502306926984e-07
1.132102272727273e+00,9.431818181818182e-01,-2.082069718692626e-08,1.293059896653033e-07
1.151988636363636e+00,9.431818181818182e-01,-1.934233116811011e-08,1.248408343373866e-07
1.171875000000000e+00,9.431818181818182e-01,-1.786396514929395e-08,1.203756790094698e-07
1.191761363636364e+00,9.431818181818182e-01,-1.642780335333838e-08,1.156774712536089e-07
1.211647727272727e+00,9.431818181818182e-01,-1.514639037453832e-08,1.101247379286194e-07
1.231534090909091e+00,9.431818181818182e-01,-1.386497739573827e-08,1.045720046036300e-07
1.251420454545455e+00,9.431818181818182e-01,-1.259608666056168e-08,9.894437954766628e-08
1.271306818181818e+00,9.431818181818182e-01,-1.148998509249037e-08,9.234316198903782e-08
1.291193181818182e+00,9.431818181818182e-01,-1.038388352441909e-08,8.574194443040952e-08
1.311079545454545e+00,9.431818181818182e-01,-9.277781956347777e-09,7.914072687178106e-08
1.330965909090909e+00,9.431818181818182e-01,-8.302659641322592e-09,7.161622392817460e-08
1.350852272727273e+00,9.431818181818182e-01,-7.337612653454811e-09,6.402069903187759e-08
1.370738636363636e+00,9.431818181818182e-01,-6.372565665587029e-09,5.642517413558057e-08
1.390625000000000e+00,9.431818181818182e-01,-5.462131136880153e-09,4.812036548499455e-08
1.410511363636364e+00,9.431818181818182e-01,-4.566590915217163e-09,3.962211581051154e-08
1.430397727272727e+00,9.431818181818182e-01,-3.671050693554182e-09,3.112386613602861e-08
1.450284090909091e+00,9.431818181818182e-01,-2.665739125082029e-09,2.234334531431741e-08
1.470170454545455e+00,9.431818181818182e-01,-1.599443475049213e-09,1.340600718859041e-08
1.490056818181818e+00,9.431818181818182e-01,-5.331478250163964e-10,4.468669062863404e-09
6.349431818181818e-01,9.659090909090909e-01,-6.608486450695432e-08,3.160080300889157e-07
6.548295454545454e-01,9.659090909090909e-01,-6.645081254307770e-08,2.414131351987931e-07
6.747159090909091e-01,9.659090909090909e-01,-6.681676057920106e-08,1.668182403086704e-07
6.946022727272727e-01,9.659090909090909e-01,-6.419725732786731e-08,1.157295482942005e-07
7.144886363636364e-01,9.659090909090909e-01,-5.620394175911067e-08,1.069520214559058e-07
7.343750000000000e-01,9.659090909090909e-01,-4.821062619035403e-08,9.817449461761102e-08
7.542613636363636e-01,9.659090909090909e-01,-4.131295159020424e-08,9.124145833505996e-08
7.741477272727273e-01,9.659090909090909e-01,-3.843262720827957e-08,9.107155409023562e-08
7.940340909090909e-01,9.659090909090909e-01,-3.555230282635490e-08,9.090164984541128e-08
8.139204545454546e-01,9.659090909090909e-01,-3.275944590306642e-08,9.075564123781018e-08
8.338068181818181e-01,9.659090909090909e-01,-3.110366594204854e-08,9.092027591411119e-08
8.536931818181819e-01,9.659090909090909e-01,-2.944788598103063e-08,9.108491059041221e-08
8.735795454545454e-01,9.659090909090909e-01,-2.779210602001276e-08,9.124954526671322e-08
8.934659090909092e-01,9.659090909090909e-01,-2.641417177462085e-08,9.119726769584822e-08
9.133522727272727e-01,9.659090909090909e-01,-2.505761027658481e-08,9.112830456750891e-08
9.332386363636364e-01,9.659090909090909e-01,-2.370104877854876e-08,9.105934143916960e-08
9.531250000000000e-01,9.659090909090909e-01,-2.244076554658726e-08,9.053265596984061e-08
9.730113636363636e-01,9.659090909090909e-01,-2.120674002355519e-08,8.988113713478714e-08
9.928977272727273e-01,9.659090909090909e-01,-1.997271450052311e-08,8.922961829973366e-08
1.012784090909091e+00,9.659090909090909e-01,-1.880645606117405e-08,8.814782494111372e-08
1.032670454545455e+00,9.659090909090909e-01,-1.767784600164885e-08,8.682699018051232e-08
1.052556818181818e+00,9.659090909090909e-01,-1.654923594212367e-08,8.550615541991095e-08
1.072443181818182e+00,9.659090909090909e-01,-1.547970274933350e-08,8.384261811481202e-08
1.092329545454545e+00,9.659090909090909e-01,-1.446924642327837e-08,8.183637826521553e-08
1.112215909090909e+00,9.659090909090909e-01,-1.345879009722323e-08,7.983013841561905e-08
1.132102272727273e+00,9.659090909090909e-01,-1.249241831215576e-08,7.758359379918201e-08
1.151988636363636e+00,9.659090909090909e-01,-1.160539870086607e-08,7.490450060243197e-08
1.171875000000000e+00,9.659090909090909e-01,-1.071837908957637e-08,7.222540740568190e-08
1.191761363636364e+00,9.659090909090909e-01,-9.856682012003026e-09,6.940648275216534e-08
1.211647727272727e+00,9.659090909090909e-01,-9.087834224722993e-09,6.607484275717167e-08
1.231534090909091e+00,9.659090909090909e-01,-8.318986437442960e-09,6.274320276217799e-08
1.251420454545455e+00,9.659090909090909e-01,-7.557651996337010e-09,5.936662772859977e-08
1.271306818181818e+00,9.659090909090909e-01,-6.893991055494222e-09,5.540589719342270e-08
1.291193181818182e+00,9.659090909090909e-01,-6.230330114651451e-09,5.144516665824570e-08
1.311079545454545e+00,9.659090909090909e-01,-5.566669173808667e-09,4.748443612306865e-08
1.330965909090909e+00,9.659090909090909e-01,-4.981595784793555e-09,4.296973435690475e-08
1.350852272727273e+00,9.659090909090909e-01,-4.402567592072886e-09,3.841241941912655e-08
1.370738636363636e+00,9.659090909090909e-01,-3.823539399352218e-09,3.385510448134834e-08
1.390625000000000e+00,9.659090909090909e-01,-3.277278682128092e-09,2.887221929099673e-08
1.410511363636364e+00,9.659090909090909e-01,-2.739954549130298e-09,2.377326948630692e-08
1.430397727272727e+00,9.659090909090909e-01,-2.202630416132509e-09,1.867431968161717e-08
1.450284090909091e+00,9.659090909090909e-01,-1.599443475049218e-09,1.340600718859045e-08
1.470170454545455e+00,9.659090909090909e-01,-9.596660850295278e-10,8.043604313154247e-09
1.490056818181818e+00,9.659090909090909e-01,-3.198886950098378e-10,2.681201437718042e-09
6.349431818181818e-01,9.886363636363636e-01,-2.325373940120408e-09,3.315938942355477e-07
6.548295454545454e-01,9.886363636363636e-01,-9.902513354074171e-09,2.211178379510187e-07
6.747159090909091e-01,9.886363636363636e-01,-1.747965276802794e-08,1.106417816664897e-07
6.946022727272727e-01,9.886363636363636e-01,-2.139908577595577e-08,3.857651609806682e-08
7.144886363636364e-01,9.886363636363636e-01,-1.873464725303689e-08,3.565067381863525e-08
7.343750000000000e-01,9.886363636363636e-01,-1.607020873011801e-08,3.272483153920368e-08
7.542613636363636e-01,9.886363636363636e-01,-1.377098386340141e-08,3.041381944501999e-08
7.741477272727273e-01,9.886363636363636e-01,-1.281087573609319e-08,3.035718469674521e-08
7.940340909090909e-01,9.886363636363636e-01,-1.185076760878496e-08,3.030054994847042e-08
8.139204545454546e-01,9.886363636363636e-01,-1.091981530102214e-08,3.025188041260339e-08
8.338068181818181e-01,9.886363636363636e-01,-1.036788864734951e-08,3.030675863803706e-08
8.536931818181819e-01,9.886363636363636e-01,-9.815961993676879e-09,3.036163686347073e-08
8.735795454545454e-01,9.886363636363636e-01,-9.264035340004252e-09,3.041651508890440e-08
8.934659090909092e-01,9.886363636363636e-01,-8.804723924873617e-09,3.039908923194941e-08
9.133522727272727e-01,9.886363636363636e-01,-8.352536758861602e-09,3.037610152250297e-08
9.332386363636364e-01,9.886363636363636e-01,-7.900349592849586e-09,3.035311381305654e-08
9.531250000000000e-01,9.886363636363636e-01,-7.480255182195753e-09,3.017755198994687e-08
9.730113636363636e-01,9.886363636363636e-01,-7.068913341185062e-09,2.996037904492905e-08
9.928977272727273e-01,9.886363636363636e-01,-6.657571500174370e-09,2.974320609991123e-08
1.012784090909091e+00,9.886363636363636e-01,-6.268818687058015e-09,2.938260831370457e-08
1.032670454545455e+00,9.886363636363636e-01,-5.892615333882950e-09,2.894233006017077e-08
1.052556818181818e+00,9.886363636363636e-01,-5.516411980707889e-09,2.850205180663698e-08
1.072443181818182e+00,9.886363636363636e-01,-5.159900916444500e-09,2.794753937160400e-08
1.092329545454545e+00,9.886363636363636e-01,-4.823082141092790e-09,2.727879275507185e-08
1.112215909090909e+00,9.886363636363636e-01,-4.486263365741077e-09,2.661004613853968e-08
1.132102272727273e+00,9.886363636363636e-01,-4.164139437385252e-09,2.586119793306067e-08
1.151988636363636e+00,9.886363636363636e-01,-3.868466233622022e-09,2.496816686747732e-08
1.171875000000000e+00,9.886363636363636e-01,-3.572793029858789e-09,2.407513580189397e-08
1.191761363636364e+00,9.886363636363636e-01,-3.285560670667675e-09,2.313549425072177e-08
1.211647727272727e+00,9.886363636363636e-01,-3.029278074907664e-09,2.202494758572389e-08
1.231534090909091e+00,9.886363636363636e-01,-2.772995479147653e-09,2.091440092072600e-08
1.251420454545455e+00,9.886363636363636e-01,-2.519217332112336e-09,1.978887590953325e-08
1.271306818181818e+00,9.886363636363636e-01,-2.297997018498075e-09,1.846863239780756e-08
1.291193181818182e+00,9.886363636363636e-01,-2.076776704883818e-09,1.714838888608190e-08
1.311079545454545e+00,9.886363636363636e-01,-1.855556391269555e-09,1.582814537435621e-08
1.330965909090909e+00,9.886363636363636e-01,-1.660531928264518e-09,1.432324478563492e-08
1.350852272727273e+00,9.886363636363636e-01,-1.467522530690962e-09,1.280413980637552e-08
1.370738636363636e+00,9.886363636363636e-01,-1.274513133117406e-09,1.128503482711611e-08
1.390625000000000e+00,9.886363636363636e-01,-1.092426227376031e-09,9.624073096998908e-09
1.410511363636364e+00,9.886363636363636e-01,-9.133181830434325e-10,7.924423162102306e-09
1.430397727272727e+00,9.886363636363636e-01,-7.342101387108364e-10,6.224773227205722e-09
1.450284090909091e+00,9.886363636363636e-01,-5.331478250164059e-10,4.468669062863483e-09
1.470170454545455e+00,9.886363636363636e-01,-3.198886950098426e-10,2.681201437718082e-09
1.490056818181818e+00,9.886363636363636e-01,-1.066295650032793e-10,8.937338125726807e-10
