x,y,ux,uy
7.102272727272727e-03,1.136363636363636e-02,-1.867279315527770e-10,-3.568037286069532e-10
2.130681818181818e-02,1.136363636363636e-02,-5.601837946521664e-10,-1.070411185845883e-09
3.551136363636364e-02,1.136363636363636e-02,-9.336396577515562e-10,-1.784018643084813e-09
4.971590909090909e-02,1.136363636363636e-02,-1.307095520850945e-09,-2.497626100323743e-09
6.392045454545454e-02,1.136363636363636e-02,-1.670403317751811e-09,-3.195903986577811e-09
7.812500000000000e-02,1.136363636363636e-02,-1.942378518865959e-09,-3.756215733968124e-09
9.232954545454546e-02,1.136363636363636e-02,-2.214353719980108e-09,-4.316527481358436e-09
1.065340909090909e-01,1.136363636363636e-02,-2.486328921094257e-09,-4.876839228748748e-09
1.207386363636364e-01,1.136363636363636e-02,-2.758304122208405e-09,-5.437150976139060e-09
1.349431818181818e-01,1.136363636363636e-02,-3.020846564624568e-09,-6.010547650216984e-09
1.491477272727273e-01,1.136363636363636e-02,-3.279346396170167e-09,-6.589552150018169e-09
1.633522727272727e-01,1.136363636363636e-02,-3.537846227715765e-09,-7.168556649819356e-09
1.775568181818182e-01,1.136363636363636e-02,-3.796346059261362e-09,-7.747561149620542e-09
1.917613636363636e-01,1.136363636363636e-02,-4.058038944900429e-09,-8.338525071555201e-09
2.059659090909091e-01,1.136363636363636e-02,-4.327182290090920e-09,-8.957394311801307e-09
2.201704545454546e-01,1.136363636363636e-02,-4.596325635281412e-09,-9.576263552047412e-09
2.343750000000000e-01,1.136363636363636e-02,-4.865468980471903e-09,-1.019513279229352e-08
2.485795454545454e-01,1.136363636363636e-02,-5.134612325662395e-09,-1.081400203253962e-08
2.627840909090909e-01,1.136363636363636e-02,-5.425293394591803e-09,-1.148005366546485e-08
2.769886363636364e-01,1.136363636363636e-02,-5.718367543936648e-09,-1.215134778646553e-08
2.911931818181818e-01,1.136363636363636e-02,-6.011441693281492e-09,-1.282264190746622e-08
3.053977272727273e-01,1.136363636363636e-02,-6.304515842626337e-09,-1.349393602846690e-08
3.196022727272727e-01,1.136363636363636e-02,-6.618105664113641e-09,-1.419423034691602e-08
3.338068181818182e-01,1.136363636363636e-02,-6.952211157743406e-09,-1.492352486281359e-08
3.480113636363636e-01,1.136363636363636e-02,-7.286316651373172e-09,-1.565281937871116e-08
3.622159090909091e-01,1.136363636363636e-02,-7.620422145002935e-09,-1.638211389460873e-08
3.764204545454545e-01,1.136363636363636e-02,-7.961792999614033e-09,-1.712089747545537e-08
3.906250000000000e-01,1.136363636363636e-02,-8.368552103057132e-09,-1.794508264084370e-08
4.048295454545455e-01,1.136363636363636e-02,-8.775311206500231e-09,-1.876926780623204e-08
4.190340909090909e-01,1.136363636363636e-02,-9.182070309943330e-09,-1.959345297162036e-08
4.332386363636364e-01,1.136363636363636e-02,-9.588829413386427e-09,-2.041763813700870e-08
4.474431818181818e-01,1.136363636363636e-02,-1.005290469357184e-08,-2.129626864405674e-08
4.616477272727273e-01,1.136363636363636e-02,-1.054154404950394e-08,-2.219823286895893e-08
4.758522727272727e-01,1.136363636363636e-02,-1.103018340543605e-08,-2.310019709386113e-08
4.900568181818182e-01,1.136363636363636e-02,-1.151882276136816e-08,-2.400216131876333e-08
5.042613636363636e-01,1.136363636363636e-02,-1.195502968117356e-08,-2.549244392674270e-08
5.184659090909091e-01,1.136363636363636e-02,-1.226889425001662e-08,-2.835546942856885e-08
5.326704545454546e-01,1.136363636363636e-02,-1.258275881885969e-08,-3.121849493039501e-08
5.468750000000000e-01,1.136363636363636e-02,-1.289662338770275e-08,-3.408152043222114e-08
5.610795454545454e-01,1.136363636363636e-02,-1.321048795654582e-08,-3.694454593404728e-08
5.752840909090909e-01,1.136363636363636e-02,-2.024360710439313e-08,-1.050519374239850e-07
5.894886363636364e-01,1.136363636363636e-02,-2.802331009435198e-08,-1.804087029126014e-07
6.036931818181818e-01,1.136363636363636e-02,-3.580301308431083e-08,-2.557654684012177e-07
6.178977272727273e-01,1.136363636363636e-02,-4.358271607426974e-08,-3.311222338898348e-07
7.102272727272727e-03,3.409090909090909e-02,-5.601837946544039e-10,-1.070411185830650e-09
2.130681818181818e-02,3.409090909090909e-02,-1.680551383958988e-09,-3.211233557545926e-09
3.551136363636364e-02,3.409090909090909e-02,-2.800918973263573e-09,-5.352055929261204e-09
4.971590909090909e-02,3.409090909090909e-02,-3.921286562568157e-09,-7.492878300976481e-09
6.392045454545454e-02,3.409090909090909e-02,-5.011209953274407e-09,-9.587711959734397e-09
7.812500000000000e-02,3.409090909090909e-02,-5.827135556595636e-09,-1.126864720187607e-08
9.232954545454546e-02,3.409090909090909e-02,-6.643061159916866e-09,-1.294958244401774e-08
1.065340909090909e-01,3.409090909090909e-02,-7.458986763238095e-09,-1.463051768615941e-08
1.207386363636364e-01,3.409090909090909e-02,-8.274912366559326e-09,-1.631145292830108e-08
1.349431818181818e-01,3.409090909090909e-02,-9.062539693786858e-09,-1.803164295058770e-08
1.491477272727273e-01,3.409090909090909e-02,-9.838039188402806e-09,-1.976865645007929e-08
1.633522727272727e-01,3.409090909090909e-02,-1.061353868301875e-08,-2.150566994957088e-08
1.775568181818182e-01,3.409090909090909e-02,-1.138903817763470e-08,-2.324268344906246e-08
1.917613636363636e-01,3.409090909090909e-02,-1.217411683454865e-08,-2.501557521491631e-08
2.059659090909091e-01,3.409090909090909e-02,-1.298154687015793e-08,-2.687218293561540e-08
2.201704545454546e-01,3.409090909090909e-02,-1.378897690576721e-08,-2.872879065631450e-08
2.343750000000000e-01,3.409090909090909e-02,-1.459640694137649e-08,-3.058539837701360e-08
2.485795454545454e-01,3.409090909090909e-02,-1.540383697698577e-08,-3.244200609771269e-08
2.627840909090909e-01,3.409090909090909e-02,-1.627588018377364e-08,-3.444016099647997e-08
2.769886363636364e-01,3.409090909090909e-02,-1.715510263180357e-08,-3.645404335947706e-08
2.911931818181818e-01,3.409090909090909e-02,-1.803432507983351e-08,-3.846792572247415e-08
3.053977272727273e-01,3.409090909090909e-02,-1.891354752786345e-08,-4.048180808547123e-08
3.196022727272727e-01,3.409090909090909e-02,-1.985431699232005e-08,-4.258269104078520e-08
3.338068181818182e-01,3.409090909090909e-02,-2.085663347320334e-08,-4.477057458841607e-08
3.480113636363636e-01,3.409090909090909e-02,-2.185894995408662e-08,-4.695845813604693e-08
3.622159090909091e-01,3.409090909090909e-02,-2.286126643496991e-08,-4.914634168367779e-08
3.764204545454545e-01,3.409090909090909e-02,-2.388537899879733e-08,-5.136269242616460e-08
3.906250000000000e-01,3.409090909090909e-02,-2.510565630912205e-08,-5.383524792235489e-08
4.048295454545455e-01,3.409090909090909e-02,-2.632593361944676e-08,-5.630780341854519e-08
4.190340909090909e-01,3.409090909090909e-02,-2.754621092977148e-08,-5.878035891473547e-08
4.332386363636364e-01,3.409090909090909e-02,-2.876648824009619e-08,-6.125291441092576e-08
4.474431818181818e-01,3.409090909090909e-02,-3.015871408066102e-08,-6.388880593209949e-08
4.616477272727273e-01,3.409090909090909e-02,-3.162463214847161e-08,-6.659469860683755e-08
4.758522727272727e-01,3.409090909090909e-02,-3.309055021628219e-08,-6.930059128157558e-08
4.900568181818182e-01,3.409090909090909e-02,-3.455646828409278e-08,-7.200648395631364e-08
5.042613636363636e-01,3.409090909090909e-02,-3.586508904351932e-08,-7.647733178027180e-08
5.184659090909091e-01,3.409090909090909e-02,-3.680668275004974e-08,-8.506640828574352e-08
5.326704545454546e-01,3.409090909090909e-02,-3.774827645658016e-08,-9.365548479121530e-08
5.468750000000000e-01,3.409090909090909e-02,-3.868987016311058e-08,-1.022445612966870e-07
5.610795454545454e-01,3.409090909090909e-02,-3.963146386964099e-08,-1.108336378021587e-07
5.752840909090909e-01,3.409090909090909e-02,-5.298607103638822e-08,-1.616826676023872e-07
5.894886363636364e-01,3.409090909090909e-02,-6.771990192093722e-08,-2.172272477686994e-07
6.036931818181818e-01,3.409090909090909e-02,-8.245373280548623e-08,-2.727718279350116e-07
6.178977272727273e-01,3.409090909090909e-02,-9.718756369003535e-08,-3.283164081013244e-07
7.102272727272727e-03,5.681818181818182e-02,-9.336396577560307e-10,-1.784018643054347e-09
2.130681818181818e-02,5.681818181818182e-02,-2.800918973265810e-09,-5.352055929245970e-09
3.551136363636364e-02,5.681818181818182e-02,-4.668198288775591e-09,-8.920093215437594e-09
4.971590909090909e-02,5.681818181818182e-02,-6.535477604285370e-09,-1.248813050162922e-08
6.392045454545454e-02,5.681818181818182e-02,-8.352016588797003e-09,-1.597951993289098e-08
7.812500000000000e-02,5.681818181818182e-02,-9.711892594325313e-09,-1.878107866978401e-08
9.232954545454546e-02,5.681818181818182e-02,-1.107176859985363e-08,-2.158263740667704e-08
1.065340909090909e-01,5.681818181818182e-02,-1.243164460538194e-08,-2.438419614357008e-08
1.207386363636364e-01,5.681818181818182e-02,-1.379152061091025e-08,-2.718575488046311e-08
1.349431818181818e-01,5.681818181818182e-02,-1.510423282294915e-08,-3.005273825095841e-08
1.491477272727273e-01,5.681818181818182e-02,-1.639673198063545e-08,-3.294776075014041e-08
1.633522727272727e-01,5.681818181818182e-02,-1.768923113832175e-08,-3.584278324932240e-08
1.775568181818182e-01,5.681818181818182e-02,-1.898173029600804e-08,-3.873780574850439e-08
1.917613636363636e-01,5.681818181818182e-02,-2.029019472419687e-08,-4.169262535827741e-08
2.059659090909091e-01,5.681818181818182e-02,-2.163591145022494e-08,-4.478697155942950e-08
2.201704545454546e-01,5.681818181818182e-02,-2.298162817625301e-08,-4.788131776058159e-08
2.343750000000000e-01,5.681818181818182e-02,-2.432734490228107e-08,-5.097566396173368e-08
2.485795454545454e-01,5.681818181818182e-02,-2.567306162830914e-08,-5.407001016288576e-08
2.627840909090909e-01,5.681818181818182e-02,-2.712646697295547e-08,-5.740026832749510e-08
2.769886363636364e-01,5.681818181818182e-02,-2.859183771967050e-08,-6.075673893248859e-08
2.911931818181818e-01,5.681818181818182e-02,-3.005720846638553e-08,-6.411320953748207e-08
3.053977272727273e-01,5.681818181818182e-02,-3.152257921310056e-08,-6.746968014247556e-08
3.196022727272727e-01,5.681818181818182e-02,-3.309052832052646e-08,-7.097115173465437e-08
3.338068181818182e-01,5.681818181818182e-02,-3.476105578866327e-08,-7.461762431401854e-08
3.480113636363636e-01,5.681818181818182e-02,-3.643158325680008e-08,-7.826409689338271e-08
3.622159090909091e-01,5.681818181818182e-02,-3.810211072493688e-08,-8.191056947274687e-08
3.764204545454545e-01,5.681818181818182e-02,-3.980896499798063e-08,-8.560448737687382e-08
3.906250000000000e-01,5.681818181818182e-02,-4.184276051518697e-08,-8.972541320386609e-08
4.048295454545455e-01,5.681818181818182e-02,-4.387655603239330e-08,-9.384633903085835e-08
4.190340909090909e-01,5.681818181818182e-02,-4.591035154959963e-08,-9.796726485785059e-08
4.332386363636364e-01,5.681818181818182e-02,-4.794414706680595e-08,-1.020881906848429e-07
4.474431818181818e-01,5.681818181818182e-02,-5.026452346775021e-08,-1.064813432201423e-07
4.616477272727273e-01,5.681818181818182e-02,-5.270772024743928e-08,-1.109911643447162e-07
4.758522727272727e-01,5.681818181818182e-02,-5.515091702712834e-08,-1.155009854692900e-07
4.900568181818182e-01,5.681818181818182e-02,-5.759411380681742e-08,-1.200108065938639e-07
5.042613636363636e-01,5.681818181818182e-02,-5.977514840586510e-08,-1.274622196338009e-07
5.184659090909091e-01,5.681818181818182e-02,-6.134447125008286e-08,-1.417773471429182e-07
5.326704545454546e-01,5.681818181818182e-02,-6.291379409430064e-08,-1.560924746520356e-07
5.468750000000000e-01,5.681818181818182e-02,-6.448311693851840e-08,-1.704076021611529e-07
5.610795454545454e-01,5.681818181818182e-02,-6.605243978273618e-08,-1.847227296702702e-07
5.752840909090909e-01,5.681818181818182e-02,-8.572853496838330e-08,-2.183133977807894e-07
5.894886363636364e-01,5.681818181818182e-02,-1.074164937475225e-07,-2.540457926247975e-07
6.036931818181818e-01,5.681818181818182e-02,-1.291044525266616e-07,-2.897781874688055e-07
6.178977272727273e-01,5.681818181818182e-02,-1.507924113058009e-07,-3.255105823128139e-07
7.102272727272727e-03,7.954545454545454e-02,-1.167952786083089e-09,-2.235070905203833e-09
2.130681818181818e-02,7.954545454545454e-02,-3.503858358241034e-09,-6.705212715681398e-09
3.551136363636364e-02,7.954545454545454e-02,-5.839763930398981e-09,-1.117535452615897e-08
4.971590909090909e-02,7.954545454545454e-02,-8.175669502556925e-09,-1.564549633663653e-08
6.392045454545454e-02,7.954545454545454e-02,-1.046475240976336e-08,-2.003698196607334e-08
7.812500000000000e-02,7.954545454545454e-02,-1.233243133240620e-08,-2.372056196614324e-08
9.232954545454546e-02,7.954545454545454e-02,-1.420011025504905e-08,-2.740414196621315e-08
1.065340909090909e-01,7.954545454545454e-02,-1.606778917769189e-08,-3.108772196628306e-08
1.207386363636364e-01,7.954545454545454e-02,-1.793546810033473e-08,-3.477130196635297e-08
1.349431818181818e-01,7.954545454545454e-02,-1.972658602323827e-08,-3.851069681506592e-08
1.491477272727273e-01,7.954545454545454e-02,-2.148489208911066e-08,-4.227401231319730e-08
1.633522727272727e-01,7.954545454545454e-02,-2.324319815498307e-08,-4.603732781132871e-08
1.775568181818182e-01,7.954545454545454e-02,-2.500150422085546e-08,-4.980064330946008e-08
1.917613636363636e-01,7.954545454545454e-02,-2.676883147439278e-08,-5.364012562898769e-08
2.059659090909091e-01,7.954545454545454e-02,-2.855720816581490e-08,-5.765733053177314e-08
2.201704545454546e-01,7.954545454545454e-02,-3.034558485723702e-08,-6.167453543455859e-08
2.343750000000000e-01,7.954545454545454e-02,-3.213396154865914e-08,-6.569174033734404e-08
2.485795454545454e-01,7.954545454545454e-02,-3.392233824008127e-08,-6.970894524012948e-08
2.627840909090909e-01,7.954545454545454e-02,-3.580696422032112e-08,-7.402819184604042e-08
2.769886363636364e-01,7.954545454545454e-02,-3.770228456598520e-08,-7.838099864118753e-08
2.911931818181818e-01,7.954545454545454e-02,-3.959760491164927e-08,-8.273380543633466e-08
3.053977272727273e-01,7.954545454545454e-02,-4.149292525731333e-08,-8.708661223148178e-08
3.196022727272727e-01,7.954545454545454e-02,-4.348471894987582e-08,-9.163240185207411e-08
3.338068181818182e-01,7.954545454545454e-02,-4.557298598933676e-08,-9.637117429811173e-08
3.480113636363636e-01,7.954545454545454e-02,-4.766125302879769e-08,-1.011099467441493e-07
3.622159090909091e-01,7.954545454545454e-02,-4.974952006825861e-08,-1.058487191901869e-07
3.764204545454545e-01,7.954545454545454e-02,-5.187050427716012e-08,-1.106439034118423e-07
3.906250000000000e-01,7.954545454545454e-02,-5.428594301102693e-08,-1.159467936140574e-07
4.048295454545455e-01,7.954545454545454e-02,-5.670138174489372e-08,-1.212496838162725e-07
4.190340909090909e-01,7.954545454545454e-02,-5.911682047876051e-08,-1.265525740184876e-07
4.332386363636364e-01,7.954545454545454e-02,-6.153225921262729e-08,-1.318554642207027e-07
4.474431818181818e-01,7.954545454545454e-02,-6.414680691408109e-08,-1.377871703041569e-07
4.616477272727273e-01,7.954545454545454e-02,-6.684668703021499e-08,-1.439883689081422e-07
4.758522727272727e-01,7.954545454545454e-02,-6.954656714634891e-08,-1.501895675121275e-07
4.900568181818182e-01,7.954545454545454e-02,-7.224644726248282e-08,-1.563907661161128e-07
5.042613636363636e-01,7.954545454545454e-02,-7.497452730498960e-08,-1.651799843567719e-07
5.184659090909091e-01,7.954545454545454e-02,-7.776840717569973e-08,-1.800079150830033e-07
5.326704545454546e-01,7.954545454545454e-02,-8.056228704640987e-08,-1.948358458092348e-07
5.468750000000000e-01,7.954545454545454e-02,-8.335616691711999e-08,-2.096637765354663e-07
5.610795454545454e-01,7.954545454545454e-02,-8.615004678783012e-08,-2.244917072616977e-07
5.752840909090909e-01,7.954545454545454e-02,-1.047316371453865e-07,-2.493385616546099e-07
5.894886363636364e-01,7.954545454545454e-02,-1.250674175570369e-07,-2.752986297882643e-07
6.036931818181818e-01,7.954545454545454e-02,-1.454031979686872e-07,-3.012586979219187e-07
6.178977272727273e-01,7.954545454545454e-02,-1.657389783803377e-07,-3.272187660555733e-07
7.102272727272727e-03,1.022727272727273e-01,-1.355885002818625e-09,-2.598604768995248e-09
2.130681818181818e-02,1.022727272727273e-01,-4.067655008439058e-09,-7.795814307028623e-09
3.551136363636364e-02,1.022727272727273e-01,-6.779425014059493e-09,-1.299302384506200e-08
4.971590909090909e-02,1.022727272727273e-01,-9.491195019679927e-09,-1.819023338309538e-08
6.392045454545454e-02,1.022727272727273e-01,-1.216813129254430e-08,-2.331632868593094e-08
7.812500000000000e-02,1.022727272727273e-01,-1.453156397060416e-08,-2.780239587198624e-08
9.232954545454546e-02,1.022727272727273e-01,-1.689499664866402e-08,-3.228846305804153e-08
1.065340909090909e-01,1.022727272727273e-01,-1.925842932672389e-08,-3.677453024409682e-08
1.207386363636364e-01,1.022727272727273e-01,-2.162186200478375e-08,-4.126059743015211e-08
1.349431818181818e-01,1.022727272727273e-01,-2.387582591390300e-08,-4.578094313375236e-08
1.491477272727273e-01,1.022727272727273e-01,-2.608287463633341e-08,-5.031597963058613e-08
1.633522727272727e-01,1.022727272727273e-01,-2.828992335876383e-08,-5.485101612741993e-08
1.775568181818182e-01,1.022727272727273e-01,-3.049697208119425e-08,-5.938605262425372e-08
1.917613636363636e-01,1.022727272727273e-01,-3.270165451143792e-08,-6.401110927548104e-08
2.059659090909091e-01,1.022727272727273e-01,-3.490081559324584e-08,-6.884621295362664e-08
2.201704545454546e-01,1.022727272727273e-01,-3.709997667505377e-08,-7.368131663177222e-08
2.343750000000000e-01,1.022727272727273e-01,-3.929913775686171e-08,-7.851642030991780e-08
2.485795454545454e-01,1.022727272727273e-01,-4.149829883866963e-08,-8.335152398806338e-08
2.627840909090909e-01,1.022727272727273e-01,-4.376409828708140e-08,-8.854538742709580e-08
2.769886363636364e-01,1.022727272727273e-01,-4.603730199844916e-08,-9.377911306178229e-08
2.911931818181818e-01,1.022727272727273e-01,-4.831050570981691e-08,-9.901283869646877e-08
3.053977272727273e-01,1.022727272727273e-01,-5.058370942118467e-08,-1.042465643311553e-07
3.196022727272727e-01,1.022727272727273e-01,-5.293156934627284e-08,-1.097179151106774e-07
3.338068181818182e-01,1.022727272727273e-01,-5.535408548508142e-08,-1.154268910350351e-07
3.480113636363636e-01,1.022727272727273e-01,-5.777660162389002e-08,-1.211358669593929e-07
3.622159090909091e-01,1.022727272727273e-01,-6.019911776269861e-08,-1.268448428837507e-07
3.764204545454545e-01,1.022727272727273e-01,-6.264469464967168e-08,-1.326158598082304e-07
3.906250000000000e-01,1.022727272727273e-01,-6.529781827012522e-08,-1.389452457338087e-07
4.048295454545455e-01,1.022727272727273e-01,-6.795094189057877e-08,-1.452746316593870e-07
4.190340909090909e-01,1.022727272727273e-01,-7.060406551103230e-08,-1.516040175849652e-07
4.332386363636364e-01,1.022727272727273e-01,-7.325718913148584e-08,-1.579334035105435e-07
4.474431818181818e-01,1.022727272727273e-01,-7.595458171349252e-08,-1.653307606534956e-07
4.616477272727273e-01,1.022727272727273e-01,-7.867094670759340e-08,-1.731858197467508e-07
4.758522727272727e-01,1.022727272727273e-01,-8.138731170169429e-08,-1.810408788400059e-07
4.900568181818182e-01,1.022727272727273e-01,-8.410367669579516e-08,-1.888959379332610e-07
5.042613636363636e-01,1.022727272727273e-01,-8.727034604970704e-08,-1.984753747028902e-07
5.184659090909091e-01,1.022727272727273e-01,-9.148772557651119e-08,-2.120783593840586e-07
5.326704545454546e-01,1.022727272727273e-01,-9.570510510331537e-08,-2.256813440652271e-07
5.468750000000000e-01,1.022727272727273e-01,-9.992248463011950e-08,-2.392843287463955e-07
5.610795454545454e-01,1.022727272727273e-01,-1.041398641569237e-07,-2.528873134275639e-07
5.752840909090909e-01,1.022727272727273e-01,-1.191549520707258e-07,-2.718285367602367e-07
5.894886363636364e-01,1.022727272727273e-01,-1.353697853608610e-07,-2.913628977208541e-07
6.036931818181818e-01,1.022727272727273e-01,-1.515846186509962e-07,-3.108972586814716e-07
6.178977272727273e-01,1.022727272727273e-01,-1.677994519411315e-07,-3.304316196420892e-07
7.102272727272727e-03,1.250000000000000e-01,-1.543817219554160e-09,-2.962138632786662e-09
2.130681818181818e-02,1.250000000000000e-01,-4.631451658637082e-09,-8.886415898375847e-09
3.551136363636364e-02,1.250000000000000e-01,-7.719086097720006e-09,-1.481069316396504e-08
4.971590909090909e-02,1.250000000000000e-01,-1.080672053680293e-08,-2.073497042955422e-08
6.392045454545454e-02,1.250000000000000e-01,-1.387151017532525e-08,-2.659567540578855e-08
7.812500000000000e-02,1.250000000000000e-01,-1.673069660880212e-08,-3.188422977782923e-08
9.232954545454546e-02,1.250000000000000e-01,-1.958988304227900e-08,-3.717278414986991e-08
1.065340909090909e-01,1.250000000000000e-01,-2.244906947575587e-08,-4.246133852191058e-08
1.207386363636364e-01,1.250000000000000e-01,-2.530825590923275e-08,-4.774989289395125e-08
1.349431818181818e-01,1.250000000000000e-01,-2.802506580456772e-08,-5.305118945243878e-08
1.491477272727273e-01,1.250000000000000e-01,-3.068085718355616e-08,-5.835794694797496e-08
1.633522727272727e-01,1.250000000000000e-01,-3.333664856254459e-08,-6.366470444351116e-08
1.775568181818182e-01,1.250000000000000e-01,-3.599243994153302e-08,-6.897146193904732e-08
1.917613636363636e-01,1.250000000000000e-01,-3.863447754848305e-08,-7.438209292197437e-08
2.059659090909091e-01,1.250000000000000e-01,-4.124442302067679e-08,-8.003509537548011e-08
2.201704545454546e-01,1.250000000000000e-01,-4.385436849287053e-08,-8.568809782898585e-08
2.343750000000000e-01,1.250000000000000e-01,-4.646431396506426e-08,-9.134110028249158e-08
2.485795454545454e-01,1.250000000000000e-01,-4.907425943725800e-08,-9.699410273599730e-08
2.627840909090909e-01,1.250000000000000e-01,-5.172123235384167e-08,-1.030625830081512e-07
2.769886363636364e-01,1.250000000000000e-01,-5.437231943091312e-08,-1.091772274823770e-07
2.911931818181818e-01,1.250000000000000e-01,-5.702340650798456e-08,-1.152918719566029e-07
3.053977272727273e-01,1.250000000000000e-01,-5.967449358505600e-08,-1.214065164308288e-07
3.196022727272727e-01,1.250000000000000e-01,-6.237841974266983e-08,-1.278034283692806e-07
3.338068181818182e-01,1.250000000000000e-01,-6.513518498082609e-08,-1.344826077719585e-07
3.480113636363636e-01,1.250000000000000e-01,-6.789195021898234e-08,-1.411617871746365e-07
3.622159090909091e-01,1.250000000000000e-01,-7.064871545713858e-08,-1.478409665773144e-07
3.764204545454545e-01,1.250000000000000e-01,-7.341888502218323e-08,-1.545878162046186e-07
3.906250000000000e-01,1.250000000000000e-01,-7.630969352922351e-08,-1.619436978535600e-07
4.048295454545455e-01,1.250000000000000e-01,-7.920050203626380e-08,-1.692995795025014e-07
4.190340909090909e-01,1.250000000000000e-01,-8.209131054330407e-08,-1.766554611514428e-07
4.332386363636364e-01,1.250000000000000e-01,-8.498211905034436e-08,-1.840113428003842e-07
4.474431818181818e-01,1.250000000000000e-01,-8.776235651290395e-08,-1.928743510028342e-07
4.616477272727273e-01,1.250000000000000e-01,-9.049520638497180e-08,-2.023832705853593e-07
4.758522727272727e-01,1.250000000000000e-01,-9.322805625703965e-08,-2.118921901678843e-07
4.900568181818182e-01,1.250000000000000e-01,-9.596090612910750e-08,-2.214011097504093e-07
5.042613636363636e-01,1.250000000000000e-01,-9.956616479442445e-08,-2.317707650490085e-07
5.184659090909091e-01,1.250000000000000e-01,-1.052070439773226e-07,-2.441488036851139e-07
5.326704545454546e-01,1.250000000000000e-01,-1.108479231602208e-07,-2.565268423212194e-07
5.468750000000000e-01,1.250000000000000e-01,-1.164888023431190e-07,-2.689048809573247e-07
5.610795454545454e-01,1.250000000000000e-01,-1.221296815260172e-07,-2.812829195934301e-07
5.752840909090909e-01,1.250000000000000e-01,-1.335782669960651e-07,-2.943185118658633e-07
5.894886363636364e-01,1.250000000000000e-01,-1.456721531646851e-07,-3.074271656534439e-07
6.036931818181818e-01,1.250000000000000e-01,-1.577660393333051e-07,-3.205358194410245e-07
6.178977272727273e-01,1.250000000000000e-01,-1.698599255019252e-07,-3.336444732286051e-07
7.102272727272727e-03,1.477272727272727e-01,-1.674886803998514e-09,-3.095704216829994e-09
2.130681818181818e-02,1.477272727272727e-01,-5.024660411972010e-09,-9.287112650485902e-09
3.551136363636364e-02,1.477272727272727e-01,-8.374434019945507e-09,-1.547852108414181e-08
4.971590909090909e-02,1.477272727272727e-01,-1.172420762791900e-08,-2.166992951779772e-08
6.392045454545454e-02,1.477272727272727e-01,-1.505570838438628e-08,-2.781027020216636e-08
7.812500000000000e-02,1.477272727272727e-01,-1.822275347729756e-08,-3.349100114294957e-08
9.232954545454546e-02,1.477272727272727e-01,-2.138979857020884e-08,-3.917173208373278e-08
1.065340909090909e-01,1.477272727272727e-01,-2.455684366312013e-08,-4.485246302451600e-08
1.207386363636364e-01,1.477272727272727e-01,-2.772388875603141e-08,-5.053319396529921e-08
1.349431818181818e-01,1.477272727272727e-01,-3.075288404121012e-08,-5.625667846365944e-08
1.491477272727273e-01,1.477272727272727e-01,-3.372271512307485e-08,-6.199848591526695e-08
1.633522727272727e-01,1.477272727272727e-01,-3.669254620493960e-08,-6.774029336687448e-08
1.775568181818182e-01,1.477272727272727e-01,-3.966237728680433e-08,-7.348210081848200e-08
1.917613636363636e-01,1.477272727272727e-01,-4.260378620063757e-08,-7.933721555098093e-08
2.059659090909091e-01,1.477272727272727e-01,-4.547887672239728e-08,-8.545671393889317e-08
2.201704545454546e-01,1.477272727272727e-01,-4.835396724415700e-08,-9.157621232680540e-08
2.343750000000000e-01,1.477272727272727e-01,-5.122905776591670e-08,-9.769571071471762e-08
2.485795454545454e-01,1.477272727272727e-01,-5.410414828767641e-08,-1.038152091026299e-07
2.627840909090909e-01,1.477272727272727e-01,-5.695181265550483e-08,-1.103973478548291e-07
2.769886363636364e-01,1.477272727272727e-01,-5.979642967289646e-08,-1.170308910919491e-07
2.911931818181818e-01,1.477272727272727e-01,-6.264104669028808e-08,-1.236644343290690e-07
3.053977272727273e-01,1.477272727272727e-01,-6.548566370767969e-08,-1.302979775661890e-07
3.196022727272727e-01,1.477272727272727e-01,-6.833917152420002e-08,-1.372393265482542e-07
3.338068181818182e-01,1.477272727272727e-01,-7.120157013984906e-08,-1.444884812752647e-07
3.480113636363636e-01,1.477272727272727e-01,-7.406396875549812e-08,-1.517376360022752e-07
3.622159090909091e-01,1.477272727272727e-01,-7.692636737114716e-08,-1.589867907292857e-07
3.764204545454545e-01,1.477272727272727e-01,-7.979439348892682e-08,-1.663140501972094e-07
3.906250000000000e-01,1.477272727272727e-01,-8.271306712588217e-08,-1.743442523333530e-07
4.048295454545455e-01,1.477272727272727e-01,-8.563174076283751e-08,-1.823744544694965e-07
4.190340909090909e-01,1.477272727272727e-01,-8.855041439979284e-08,-1.904046566056401e-07
4.332386363636364e-01,1.477272727272727e-01,-9.146908803674817e-08,-1.984348587417836e-07
4.474431818181818e-01,1.477272727272727e-01,-9.447143732675714e-08,-2.077190485997822e-07
4.616477272727273e-01,1.477272727272727e-01,-9.750964761093196e-08,-2.175406617671472e-07
4.758522727272727e-01,1.477272727272727e-01,-1.005478578951068e-07,-2.273622749345122e-07
4.900568181818182e-01,1.477272727272727e-01,-1.035860681792816e-07,-2.371838881018773e-07
5.042613636363636e-01,1.477272727272727e-01,-1.073296967160818e-07,-2.476032837335921e-07
5.184659090909091e-01,1.477272727272727e-01,-1.127193011756748e-07,-2.594175051154561e-07
5.326704545454546e-01,1.477272727272727e-01,-1.181089056352679e-07,-2.712317264973203e-07
5.468750000000000e-01,1.477272727272727e-01,-1.234985100948608e-07,-2.830459478791844e-07
5.610795454545454e-01,1.477272727272727e-01,-1.288881145544538e-07,-2.948601692610485e-07
5.752840909090909e-01,1.477272727272727e-01,-1.389343055065943e-07,-3.050737477289717e-07
5.894886363636364e-01,1.477272727272727e-01,-1.494978949579066e-07,-3.151094769842347e-07
6.036931818181818e-01,1.477272727272727e-01,-1.600614844092190e-07,-3.251452062394977e-07
6.178977272727273e-01,1.477272727272727e-01,-1.706250738605314e-07,-3.351809354947608e-07
7.102272727272727e-03,1.704545454545454e-01,-1.805956388442868e-09,-3.229269800873325e-09
2.130681818181818e-02,1.704545454545454e-01,-5.417869165306936e-09,-9.687809402595955e-09
3.551136363636364e-02,1.704545454545454e-01,-9.029781942171005e-09,-1.614634900431859e-08
4.971590909090909e-02,1.704545454545454e-01,-1.264169471903507e-08,-2.260488860604122e-08
6.392045454545454e-02,1.704545454545454e-01,-1.623990659344730e-08,-2.902486499854416e-08
7.812500000000000e-02,1.704545454545454e-01,-1.971481034579300e-08,-3.509777250806990e-08
9.232954545454546e-02,1.704545454545454e-01,-2.318971409813869e-08,-4.117068001759566e-08
1.065340909090909e-01,1.704545454545454e-01,-2.666461785048438e-08,-4.724358752712141e-08
1.207386363636364e-01,1.704545454545454e-01,-3.013952160283007e-08,-5.331649503664715e-08
1.349431818181818e-01,1.704545454545454e-01,-3.348070227785251e-08,-5.946216747488008e-08
1.491477272727273e-01,1.704545454545454e-01,-3.676457306259355e-08,-6.563902488255894e-08
1.633522727272727e-01,1.704545454545454e-01,-4.004844384733460e-08,-7.181588229023781e-08
1.775568181818182e-01,1.704545454545454e-01,-4.333231463207563e-08,-7.799273969791666e-08
1.917613636363636e-01,1.704545454545454e-01,-4.657309485279208e-08,-8.429233817998749e-08
2.059659090909091e-01,1.704545454545454e-01,-4.971333042411776e-08,-9.087833250230621e-08
2.201704545454546e-01,1.704545454545454e-01,-5.285356599544346e-08,-9.746432682462495e-08
2.343750000000000e-01,1.704545454545454e-01,-5.599380156676915e-08,-1.040503211469437e-07
2.485795454545454e-01,1.704545454545454e-01,-5.913403713809483e-08,-1.106363154692624e-07
2.627840909090909e-01,1.704545454545454e-01,-6.218239295716801e-08,-1.177321127015070e-07
2.769886363636364e-01,1.704545454545454e-01,-6.522053991487979e-08,-1.248845547015210e-07
2.911931818181818e-01,1.704545454545454e-01,-6.825868687259159e-08,-1.320369967015351e-07
3.053977272727273e-01,1.704545454545454e-01,-7.129683383030337e-08,-1.391894387015492e-07
3.196022727272727e-01,1.704545454545454e-01,-7.429992330573019e-08,-1.466752247272278e-07
3.338068181818182e-01,1.704545454545454e-01,-7.726795529887204e-08,-1.544943547785708e-07
3.480113636363636e-01,1.704545454545454e-01,-8.023598729201388e-08,-1.623134848299139e-07
3.622159090909091e-01,1.704545454545454e-01,-8.320401928515573e-08,-1.701326148812570e-07
3.764204545454545e-01,1.704545454545454e-01,-8.616990195567042e-08,-1.780402841898003e-07
3.906250000000000e-01,1.704545454545454e-01,-8.911644072254081e-08,-1.867448068131460e-07
4.048295454545455e-01,1.704545454545454e-01,-9.206297948941119e-08,-1.954493294364917e-07
4.190340909090909e-01,1.704545454545454e-01,-9.500951825628157e-08,-2.041538520598373e-07
4.332386363636364e-01,1.704545454545454e-01,-9.795605702315198e-08,-2.128583746831830e-07
4.474431818181818e-01,1.704545454545454e-01,-1.011805181406103e-07,-2.225637461967302e-07
4.616477272727273e-01,1.704545454545454e-01,-1.045240888368921e-07,-2.326980529489352e-07
4.758522727272727e-01,1.704545454545454e-01,-1.078676595331738e-07,-2.428323597011402e-07
4.900568181818182e-01,1.704545454545454e-01,-1.112112302294556e-07,-2.529666664533452e-07
5.042613636363636e-01,1.704545454545454e-01,-1.150932286377392e-07,-2.634358024181756e-07
5.184659090909091e-01,1.704545454545454e-01,-1.202315583740270e-07,-2.746862065457984e-07
5.326704545454546e-01,1.704545454545454e-01,-1.253698881103149e-07,-2.859366106734212e-07
5.468750000000000e-01,1.704545454545454e-01,-1.305082178466027e-07,-2.971870148010440e-07
5.610795454545454e-01,1.704545454545454e-01,-1.356465475828905e-07,-3.084374189286668e-07
5.752840909090909e-01,1.704545454545454e-01,-1.442903440171235e-07,-3.158289835920801e-07
5.894886363636364e-01,1.704545454545454e-01,-1.533236367511281e-07,-3.227917883150255e-07
6.036931818181818e-01,1.704545454545454e-01,-1.623569294851328e-07,-3.297545930379709e-07
6.178977272727273e-01,1.704545454545454e-01,-1.713902222191375e-07,-3.367173977609163e-07
7.102272727272727e-03,1.931818181818182e-01,-1.925495469990215e-09,-3.320810974841612e-09
2.130681818181818e-02,1.931818181818182e-01,-5.776486409945351e-09,-9.962432924498190e-09
3.551136363636364e-02,1.931818181818182e-01,-9.627477349900487e-09,-1.660405487415477e-08
4.971590909090909e-02,1.931818181818182e-01,-1.347846828985562e-08,-2.324567682381134e-08
6.392045454545454e-02,1.931818181818182e-01,-1.731961948931667e-08,-2.986114064180797e-08
7.812500000000000e-02,1.931818181818182e-01,-2.107221302433090e-08,-3.624118127486504e-08
9.232954545454546e-02,1.931818181818182e-01,-2.482480655934513e-08,-4.262122190792211e-08
1.065340909090909e-01,1.931818181818182e-01,-2.857740009435935e-08,-4.900126254097917e-08
1.207386363636364e-01,1.931818181818182e-01,-3.232999362937358e-08,-5.538130317403623e-08
1.349431818181818e-01,1.931818181818182e-01,-3.595071435587785e-08,-6.186853312221465e-08
1.491477272727273e-01,1.931818181818182e-01,-3.951491816444928e-08,-6.840170134830223e-08
1.633522727272727e-01,1.931818181818182e-01,-4.307912197302072e-08,-7.493486957438981e-08
1.775568181818182e-01,1.931818181818182e-01,-4.664332578159216e-08,-8.146803780047740e-08
1.917613636363636e-01,1.931818181818182e-01,-5.015019027752529e-08,-8.813483531198271e-08
2.059659090909091e-01,1.931818181818182e-01,-5.352326304396905e-08,-9.511343448946267e-08
2.201704545454546e-01,1.931818181818182e-01,-5.689633581041282e-08,-1.020920336669426e-07
2.343750000000000e-01,1.931818181818182e-01,-6.026940857685657e-08,-1.090706328444226e-07
2.485795454545454e-01,1.931818181818182e-01,-6.364248134330034e-08,-1.160492320219026e-07
2.627840909090909e-01,1.931818181818182e-01,-6.685695515754786e-08,-1.235847524165266e-07
2.769886363636364e-01,1.931818181818182e-01,-7.005380686599579e-08,-1.311821529463889e-07
2.911931818181818e-01,1.931818181818182e-01,-7.325065857444372e-08,-1.387795534762512e-07
3.053977272727273e-01,1.931818181818182e-01,-7.644751028289165e-08,-1.463769540061134e-07
3.196022727272727e-01,1.931818181818182e-01,-7.956181182747564e-08,-1.543336297693901e-07
3.338068181818182e-01,1.931818181818182e-01,-8.259356320819573e-08,-1.626495807660813e-07
3.480113636363636e-01,1.931818181818182e-01,-8.562531458891584e-08,-1.709655317627725e-07
3.622159090909091e-01,1.931818181818182e-01,-8.865706596963593e-08,-1.792814827594636e-07
3.764204545454545e-01,1.931818181818182e-01,-9.167839353278603e-08,-1.876921773722089e-07
3.906250000000000e-01,1.931818181818182e-01,-9.460590673780631e-08,-1.969555645294421e-07
4.048295454545455e-01,1.931818181818182e-01,-9.753341994282658e-08,-2.062189516866752e-07
4.190340909090909e-01,1.931818181818182e-01,-1.004609331478469e-07,-2.154823388439082e-07
4.332386363636364e-01,1.931818181818182e-01,-1.033884463528672e-07,-2.247457260011414e-07
4.474431818181818e-01,1.931818181818182e-01,-1.067186440711280e-07,-2.347676038681860e-07
4.616477272727273e-01,1.931818181818182e-01,-1.102214208664920e-07,-2.451145491822927e-07
4.758522727272727e-01,1.931818181818182e-01,-1.137241976618560e-07,-2.554614944963994e-07
4.900568181818182e-01,1.931818181818182e-01,-1.172269744572200e-07,-2.658084398105060e-07
5.042613636363636e-01,1.931818181818182e-01,-1.211615470990681e-07,-2.762569556766559e-07
5.184659090909091e-01,1.931818181818182e-01,-1.261036433827125e-07,-2.869424694975732e-07
5.326704545454546e-01,1.931818181818182e-01,-1.310457396663569e-07,-2.976279833184906e-07
5.468750000000000e-01,1.931818181818182e-01,-1.359878359500013e-07,-3.083134971394079e-07
5.610795454545454e-01,1.931818181818182e-01,-1.409299322336456e-07,-3.189990109603252e-07
5.752840909090909e-01,1.931818181818182e-01,-1.484774268737580e-07,-3.241853155246834e-07
5.894886363636364e-01,1.931818181818182e-01,-1.563144102201446e-07,-3.287605968383128e-07
6.036931818181818e-01,1.931818181818182e-01,-1.641513935665312e-07,-3.333358781519422e-07
6.178977272727273e-01,1.931818181818182e-01,-1.719883769129178e-07,-3.379111594655716e-07
7.102272727272727e-03,2.159090909090909e-01,-2.010443042846539e-09,-3.286278918584766e-09
2.130681818181818e-02,2.159090909090909e-01,-6.031329128494232e-09,-9.858836755776966e-09
3.551136363636364e-02,2.159090909090909e-01,-1.005221521414193e-08,-1.643139459296917e-08
4.971590909090909e-02,2.159090909090909e-01,-1.407310129978962e-08,-2.300395243016137e-08
6.392045454545454e-02,2.159090909090909e-01,-1.808587644561106e-08,-2.956245882572982e-08
7.812500000000000e-02,2.159090909090909e-01,-2.202565313299620e-08,-3.599450224668453e-08
9.232954545454546e-02,2.159090909090909e-01,-2.596542982038134e-08,-4.242654566763925e-08
1.065340909090909e-01,2.159090909090909e-01,-2.990520650776649e-08,-4.885858908859396e-08
1.207386363636364e-01,2.159090909090909e-01,-3.384498319515163e-08,-5.529063250954867e-08
1.349431818181818e-01,2.159090909090909e-01,-3.764730795805204e-08,-6.187752867789100e-08
1.491477272727273e-01,2.159090909090909e-01,-4.139072475331611e-08,-6.853079030939943e-08
1.633522727272727e-01,2.159090909090909e-01,-4.513414154858019e-08,-7.518405194090789e-08
1.775568181818182e-01,2.159090909090909e-01,-4.887755834384427e-08,-8.183731357241633e-08
1.917613636363636e-01,2.159090909090909e-01,-5.255064601999457e-08,-8.863945595294390e-08
2.059659090909091e-01,2.159090909090909e-01,-5.605963241821273e-08,-9.578898674784932e-08
2.201704545454546e-01,2.159090909090909e-01,-5.956861881643089e-08,-1.029385175427548e-07
2.343750000000000e-01,2.159090909090909e-01,-6.307760521464903e-08,-1.100880483376602e-07
2.485795454545454e-01,2.159090909090909e-01,-6.658659161286719e-08,-1.172375791325657e-07
2.627840909090909e-01,2.159090909090909e-01,-6.986346305407777e-08,-1.249910167365716e-07
2.769886363636364e-01,2.159090909090909e-01,-7.311454394450974e-08,-1.328115550971442e-07
2.911931818181818e-01,2.159090909090909e-01,-7.636562483494171e-08,-1.406320934577168e-07
3.053977272727273e-01,2.159090909090909e-01,-7.961670572537368e-08,-1.484526318182895e-07
3.196022727272727e-01,2.159090909090909e-01,-8.272711056986698e-08,-1.566595554011187e-07
3.338068181818182e-01,2.159090909090909e-01,-8.569683936842167e-08,-1.652528642062045e-07
3.480113636363636e-01,2.159090909090909e-01,-8.866656816697632e-08,-1.738461730112904e-07
3.622159090909091e-01,2.159090909090909e-01,-9.163629696553101e-08,-1.824394818163762e-07
3.764204545454545e-01,2.159090909090909e-01,-9.458583444101766e-08,-1.911210481240711e-07
3.906250000000000e-01,2.159090909090909e-01,-9.735365000889235e-08,-2.005969319552475e-07
4.048295454545455e-01,2.159090909090909e-01,-1.001214655767670e-07,-2.100728157864239e-07
4.190340909090909e-01,2.159090909090909e-01,-1.028892811446417e-07,-2.195486996176002e-07
4.332386363636364e-01,2.159090909090909e-01,-1.056570967125164e-07,-2.290245834487766e-07
4.474431818181818e-01,2.159090909090909e-01,-1.087439053516392e-07,-2.390489417631650e-07
4.616477272727273e-01,2.159090909090909e-01,-1.119674253070113e-07,-2.493083605703585e-07
4.758522727272727e-01,2.159090909090909e-01,-1.151909452623834e-07,-2.595677793775519e-07
4.900568181818182e-01,2.159090909090909e-01,-1.184144652177554e-07,-2.698271981847454e-07
5.042613636363636e-01,2.159090909090909e-01,-1.221442251794117e-07,-2.800440126568266e-07
5.184659090909091e-01,2.159090909090909e-01,-1.270552118223979e-07,-2.901614170136458e-07
5.326704545454546e-01,2.159090909090909e-01,-1.319661984653841e-07,-3.002788213704651e-07
5.468750000000000e-01,2.159090909090909e-01,-1.368771851083702e-07,-3.103962257272843e-07
5.610795454545454e-01,2.159090909090909e-01,-1.417881717513564e-07,-3.205136300841034e-07
5.752840909090909e-01,2.159090909090909e-01,-1.491576427687086e-07,-3.253449356657716e-07
5.894886363636364e-01,2.159090909090909e-01,-1.568002787165460e-07,-3.295888969390896e-07
6.036931818181818e-01,2.159090909090909e-01,-1.644429146643833e-07,-3.338328582124077e-07
6.178977272727273e-01,2.159090909090909e-01,-1.720855506122207e-07,-3.380768194857257e-07
7.102272727272727e-03,2.386363636363636e-01,-2.095390615702863e-09,-3.251746862327919e-09
2.130681818181818e-02,2.386363636363636e-01,-6.286171847043111e-09,-9.755240587055741e-09
3.551136363636364e-02,2.386363636363636e-01,-1.047695307838336e-08,-1.625873431178356e-08
4.971590909090909e-02,2.386363636363636e-01,-1.466773430972361e-08,-2.276222803651139e-08
6.392045454545454e-02,2.386363636363636e-01,-1.885213340190544e-08,-2.926377700965166e-08
7.812500000000000e-02,2.386363636363636e-01,-2.297909324166150e-08,-3.574782321850402e-08
9.232954545454546e-02,2.386363636363636e-01,-2.710605308141757e-08,-4.223186942735640e-08
1.065340909090909e-01,2.386363636363636e-01,-3.123301292117363e-08,-4.871591563620876e-08
1.207386363636364e-01,2.386363636363636e-01,-3.535997276092969e-08,-5.519996184506112e-08
1.349431818181818e-01,2.386363636363636e-01,-3.934390156022622e-08,-6.188652423356735e-08
1.491477272727273e-01,2.386363636363636e-01,-4.326653134218294e-08,-6.865987927049664e-08
1.633522727272727e-01,2.386363636363636e-01,-4.718916112413967e-08,-7.543323430742596e-08
1.775568181818182e-01,2.386363636363636e-01,-5.111179090609640e-08,-8.220658934435527e-08
1.917613636363636e-01,2.386363636363636e-01,-5.495110176246388e-08,-8.914407659390507e-08
2.059659090909091e-01,2.386363636363636e-01,-5.859600179245640e-08,-9.646453900623601e-08
2.201704545454546e-01,2.386363636363636e-01,-6.224090182244895e-08,-1.037850014185669e-07
2.343750000000000e-01,2.386363636363636e-01,-6.588580185244148e-08,-1.111054638308979e-07
2.485795454545454e-01,2.386363636363636e-01,-6.953070188243400e-08,-1.184259262432288e-07
2.627840909090909e-01,2.386363636363636e-01,-7.286997095060767e-08,-1.263972810566166e-07
2.769886363636364e-01,2.386363636363636e-01,-7.617528102302368e-08,-1.344409572478996e-07
2.911931818181818e-01,2.386363636363636e-01,-7.948059109543970e-08,-1.424846334391825e-07
3.053977272727273e-01,2.386363636363636e-01,-8.278590116785571e-08,-1.505283096304656e-07
3.196022727272727e-01,2.386363636363636e-01,-8.589240931225833e-08,-1.589854810328473e-07
3.338068181818182e-01,2.386363636363636e-01,-8.880011552864758e-08,-1.678561476463278e-07
3.480113636363636e-01,2.386363636363636e-01,-9.170782174503682e-08,-1.767268142598083e-07
3.622159090909091e-01,2.386363636363636e-01,-9.461552796142607e-08,-1.855974808732888e-07
3.764204545454545e-01,2.386363636363636e-01,-9.749327534924929e-08,-1.945499188759332e-07
3.906250000000000e-01,2.386363636363636e-01,-1.001013932799784e-07,-2.042382993810529e-07
4.048295454545455e-01,2.386363636363636e-01,-1.027095112107075e-07,-2.139266798861726e-07
4.190340909090909e-01,2.386363636363636e-01,-1.053176291414366e-07,-2.236150603912922e-07
4.332386363636364e-01,2.386363636363636e-01,-1.079257470721657e-07,-2.333034408964119e-07
4.474431818181818e-01,2.386363636363636e-01,-1.107691666321505e-07,-2.433302796581440e-07
4.616477272727273e-01,2.386363636363636e-01,-1.137134297475306e-07,-2.535021719584243e-07
4.758522727272727e-01,2.386363636363636e-01,-1.166576928629107e-07,-2.636740642587045e-07
4.900568181818182e-01,2.386363636363636e-01,-1.196019559782908e-07,-2.738459565589848e-07
5.042613636363636e-01,2.386363636363636e-01,-1.231269032597553e-07,-2.838310696369973e-07
5.184659090909091e-01,2.386363636363636e-01,-1.280067802620832e-07,-2.933803645297184e-07
5.326704545454546e-01,2.386363636363636e-01,-1.328866572644112e-07,-3.029296594224395e-07
5.468750000000000e-01,2.386363636363636e-01,-1.377665342667391e-07,-3.124789543151607e-07
5.610795454545454e-01,2.386363636363636e-01,-1.426464112690671e-07,-3.220282492078817e-07
5.752840909090909e-01,2.386363636363636e-01,-1.498378586636592e-07,-3.265045558068599e-07
5.894886363636364e-01,2.386363636363636e-01,-1.572861472129473e-07,-3.304171970398665e-07
6.036931818181818e-01,2.386363636363636e-01,-1.647344357622355e-07,-3.343298382728731e-07
6.178977272727273e-01,2.386363636363636e-01,-1.721827243115236e-07,-3.382424795058799e-07
7.102272727272727e-03,2.613636363636364e-01,-2.161987166206786e-09,-3.154395357496567e-09
2.130681818181818e-02,2.613636363636364e-01,-6.485961498555975e-09,-9.463186072549391e-09
3.551136363636364e-02,2.613636363636364e-01,-1.080993583090517e-08,-1.577197678760222e-08
4.971590909090909e-02,2.613636363636364e-01,-1.513391016325436e-08,-2.208076750265504e-08
6.392045454545454e-02,2.613636363636364e-01,-1.945233578085927e-08,-2.839880406177397e-08
7.812500000000000e-02,2.613636363636364e-01,-2.372082296576568e-08,-3.480005321748779e-08
9.232954545454546e-02,2.613636363636364e-01,-2.798931015067208e-08,-4.120130237320163e-08
1.065340909090909e-01,2.613636363636364e-01,-3.225779733557849e-08,-4.760255152891547e-08
1.207386363636364e-01,2.613636363636364e-01,-3.652628452048490e-08,-5.400380068462930e-08
1.349431818181818e-01,2.613636363636364e-01,-4.064508735940839e-08,-6.065696769060822e-08
1.491477272727273e-01,2.613636363636364e-01,-4.469973976433918e-08,-6.741809948955786e-08
1.633522727272727e-01,2.613636363636364e-01,-4.875439216926999e-08,-7.417923128850752e-08
1.775568181818182e-01,2.613636363636364e-01,-5.280904457420080e-08,-8.094036308745720e-08
1.917613636363636e-01,2.613636363636364e-01,-5.676844325940634e-08,-8.788282827174709e-08
2.059659090909091e-01,2.613636363636364e-01,-6.050558326525294e-08,-9.524840468849751e-08
2.201704545454546e-01,2.613636363636364e-01,-6.424272327109955e-08,-1.026139811052480e-07
2.343750000000000e-01,2.613636363636364e-01,-6.797986327694617e-08,-1.099795575219984e-07
2.485795454545454e-01,2.613636363636364e-01,-7.171700328279275e-08,-1.173451339387488e-07
2.627840909090909e-01,2.613636363636364e-01,-7.507754767777637e-08,-1.254187468852553e-07
2.769886363636364e-01,2.613636363636364e-01,-7.839624811599743e-08,-1.335710305572902e-07
2.911931818181818e-01,2.613636363636364e-01,-8.171494855421847e-08,-1.417233142293251e-07
3.053977272727273e-01,2.613636363636364e-01,-8.503364899243952e-08,-1.498755979013600e-07
3.196022727272727e-01,2.613636363636364e-01,-8.808808219611258e-08,-1.584751894320862e-07
3.338068181818182e-01,2.613636363636364e-01,-9.087824816523771e-08,-1.675220888215038e-07
3.480113636363636e-01,2.613636363636364e-01,-9.366841413436282e-08,-1.765689882109213e-07
3.622159090909091e-01,2.613636363636364e-01,-9.645858010348795e-08,-1.856158876003388e-07
3.764204545454545e-01,2.613636363636364e-01,-9.919778075907589e-08,-1.947441635638925e-07
3.906250000000000e-01,2.613636363636364e-01,-1.014782935928292e-07,-2.046048286946716e-07
4.048295454545455e-01,2.613636363636364e-01,-1.037588064265825e-07,-2.144654938254506e-07
4.190340909090909e-01,2.613636363636364e-01,-1.060393192603358e-07,-2.243261589562296e-07
4.332386363636364e-01,2.613636363636364e-01,-1.083198320940891e-07,-2.341868240870087e-07
4.474431818181818e-01,2.613636363636364e-01,-1.105532452993647e-07,-2.442449577264151e-07
4.616477272727273e-01,2.613636363636364e-01,-1.127664729495786e-07,-2.543877207266619e-07
4.758522727272727e-01,2.613636363636364e-01,-1.149797005997924e-07,-2.645304837269086e-07
4.900568181818182e-01,2.613636363636364e-01,-1.171929282500062e-07,-2.746732467271554e-07
5.042613636363636e-01,2.613636363636364e-01,-1.198621817617546e-07,-2.844742922354543e-07
5.184659090909091e-01,2.613636363636364e-01,-1.235954956170835e-07,-2.934779969292080e-07
5.326704545454546e-01,2.613636363636364e-01,-1.273288094724124e-07,-3.024817016229620e-07
5.468750000000000e-01,2.613636363636364e-01,-1.310621233277413e-07,-3.114854063167158e-07
5.610795454545454e-01,2.613636363636364e-01,-1.347954371830702e-07,-3.204891110104696e-07
5.752840909090909e-01,2.613636363636364e-01,-1.411590055733696e-07,-3.246586141613277e-07
5.894886363636364e-01,2.613636363636364e-01,-1.478148244675546e-07,-3.282909838074196e-07
6.036931818181818e-01,2.613636363636364e-01,-1.544706433617396e-07,-3.319233534535115e-07
6.178977272727273e-01,2.613636363636364e-01,-1.611264622559246e-07,-3.355557230996034e-07
7.102272727272727e-03,2.840909090909091e-01,-2.210232694358309e-09,-2.994224404090709e-09
2.130681818181818e-02,2.840909090909091e-01,-6.630698083032825e-09,-8.982673212257914e-09
3.551136363636364e-02,2.840909090909091e-01,-1.105116347170734e-08,-1.497112202042512e-08
4.971590909090909e-02,2.840909090909091e-01,-1.547162886038186e-08,-2.095957082859232e-08
6.392045454545454e-02,2.840909090909091e-01,-1.988648358247254e-08,-2.696753998209672e-08
7.812500000000000e-02,2.840909090909091e-01,-2.425084230530872e-08,-3.315119224363584e-08
9.232954545454546e-02,2.840909090909091e-01,-2.861520102814490e-08,-3.933484450517497e-08
1.065340909090909e-01,2.840909090909091e-01,-3.297955975098108e-08,-4.551849676671409e-08
1.207386363636364e-01,2.840909090909091e-01,-3.734391847381726e-08,-5.170214902825321e-08
1.349431818181818e-01,2.840909090909091e-01,-4.155086535559853e-08,-5.818885904901360e-08
1.491477272727273e-01,2.840909090909091e-01,-4.569035001978484e-08,-6.480545096658308e-08
1.633522727272727e-01,2.840909090909091e-01,-4.982983468397116e-08,-7.142204288415256e-08
1.775568181818182e-01,2.840909090909091e-01,-5.396931934815747e-08,-7.803863480172206e-08
1.917613636363636e-01,2.840909090909091e-01,-5.800267051082201e-08,-8.485571098646991e-08
2.059659090909091e-01,2.840909090909091e-01,-6.178837683660236e-08,-9.214058379463386e-08
2.201704545454546e-01,2.840909090909091e-01,-6.557408316238273e-08,-9.942545660279787e-08
2.343750000000000e-01,2.840909090909091e-01,-6.935978948816308e-08,-1.067103294109618e-07
2.485795454545454e-01,2.840909090909091e-01,-7.314549581394344e-08,-1.139952022191258e-07
2.627840909090909e-01,2.840909090909091e-01,-7.648619323558384e-08,-1.220554142224877e-07
2.769886363636364e-01,2.840909090909091e-01,-7.977744522343093e-08,-1.302017750253161e-07
2.911931818181818e-01,2.840909090909091e-01,-8.306869721127804e-08,-1.383481358281445e-07
3.053977272727273e-01,2.840909090909091e-01,-8.635994919912512e-08,-1.464944966309729e-07
3.196022727272727e-01,2.840909090909091e-01,-8.931412922142980e-08,-1.551286805988355e-07
3.338068181818182e-01,2.840909090909091e-01,-9.193123727819208e-08,-1.642506877317324e-07
3.480113636363636e-01,2.840909090909091e-01,-9.454834533495435e-08,-1.733726948646293e-07
3.622159090909091e-01,2.840909090909091e-01,-9.716545339171666e-08,-1.824947019975262e-07
3.764204545454545e-01,2.840909090909091e-01,-9.969935067049743e-08,-1.917037821879489e-07
3.906250000000000e-01,2.840909090909091e-01,-1.014843509474448e-07,-2.016965198961034e-07
4.048295454545455e-01,2.840909090909091e-01,-1.032693512243921e-07,-2.116892576042580e-07
4.190340909090909e-01,2.840909090909091e-01,-1.050543515013394e-07,-2.216819953124125e-07
4.332386363636364e-01,2.840909090909091e-01,-1.068393517782867e-07,-2.316747330205670e-07
4.474431818181818e-01,2.840909090909091e-01,-1.080961413532821e-07,-2.417929759679784e-07
4.616477272727273e-01,2.840909090909091e-01,-1.091265549131553e-07,-2.519650068750714e-07
4.758522727272727e-01,2.840909090909091e-01,-1.101569684730285e-07,-2.621370377821643e-07
4.900568181818182e-01,2.840909090909091e-01,-1.111873820329017e-07,-2.723090686892573e-07
5.042613636363636e-01,2.840909090909091e-01,-1.123500606854096e-07,-2.819736804521976e-07
5.184659090909091e-01,2.840909090909091e-01,-1.138213578873987e-07,-2.904543142121149e-07
5.326704545454546e-01,2.840909090909091e-01,-1.152926550893877e-07,-2.989349479720324e-07
5.468750000000000e-01,2.840909090909091e-01,-1.167639522913768e-07,-3.074155817319498e-07
5.610795454545454e-01,2.840909090909091e-01,-1.182352494933658e-07,-3.158962154918672e-07
5.752840909090909e-01,2.840909090909091e-01,-1.231210834978398e-07,-3.198071107291752e-07
5.894886363636364e-01,2.840909090909091e-01,-1.283863104803677e-07,-3.232102572417489e-07
6.036931818181818e-01,2.840909090909091e-01,-1.336515374628956e-07,-3.266134037543225e-07
6.178977272727273e-01,2.840909090909091e-01,-1.389167644454235e-07,-3.300165502668962e-07
7.102272727272727e-03,3.068181818181818e-01,-2.258478222509832e-09,-2.834053450684851e-09
2.130681818181818e-02,3.068181818181818e-01,-6.775434667509675e-09,-8.502160351966436e-09
3.551136363636364e-02,3.068181818181818e-01,-1.129239111250952e-08,-1.417026725324802e-08
4.971590909090909e-02,3.068181818181818e-01,-1.580934755750936e-08,-1.983837415452960e-08
6.392045454545454e-02,3.068181818181818e-01,-2.032063138408582e-08,-2.553627590241947e-08
7.812500000000000e-02,3.068181818181818e-01,-2.478086164485177e-08,-3.150233126978389e-08
9.232954545454546e-02,3.068181818181818e-01,-2.924109190561771e-08,-3.746838663714831e-08
1.065340909090909e-01,3.068181818181818e-01,-3.370132216638366e-08,-4.343444200451272e-08
1.207386363636364e-01,3.068181818181818e-01,-3.816155242714962e-08,-4.940049737187713e-08
1.349431818181818e-01,3.068181818181818e-01,-4.245664335178867e-08,-5.572075040741899e-08
1.491477272727273e-01,3.068181818181818e-01,-4.668096027523050e-08,-6.219280244360831e-08
1.633522727272727e-01,3.068181818181818e-01,-5.090527719867232e-08,-6.866485447979762e-08
1.775568181818182e-01,3.068181818181818e-01,-5.512959412211415e-08,-7.513690651598694e-08
1.917613636363636e-01,3.068181818181818e-01,-5.923689776223766e-08,-8.182859370119274e-08
2.059659090909091e-01,3.068181818181818e-01,-6.307117040795177e-08,-8.903276290077024e-08
2.201704545454546e-01,3.068181818181818e-01,-6.690544305366588e-08,-9.623693210034776e-08
2.343750000000000e-01,3.068181818181818e-01,-7.073971569938000e-08,-1.034411012999253e-07
2.485795454545454e-01,3.068181818181818e-01,-7.457398834509410e-08,-1.106452704995028e-07
2.627840909090909e-01,3.068181818181818e-01,-7.789483879339132e-08,-1.186920815597202e-07
2.769886363636364e-01,3.068181818181818e-01,-8.115864233086445e-08,-1.268325194933420e-07
2.911931818181818e-01,3.068181818181818e-01,-8.442244586833759e-08,-1.349729574269639e-07
3.053977272727273e-01,3.068181818181818e-01,-8.768624940581073e-08,-1.431133953605857e-07
3.196022727272727e-01,3.068181818181818e-01,-9.054017624674700e-08,-1.517821717655848e-07
3.338068181818182e-01,3.068181818181818e-01,-9.298422639114645e-08,-1.609792866419611e-07
3.480113636363636e-01,3.068181818181818e-01,-9.542827653554591e-08,-1.701764015183374e-07
3.622159090909091e-01,3.068181818181818e-01,-9.787232667994536e-08,-1.793735163947137e-07
3.764204545454545e-01,3.068181818181818e-01,-1.002009205819190e-07,-1.886634008120053e-07
3.906250000000000e-01,3.068181818181818e-01,-1.014904083020603e-07,-1.987882110975353e-07
4.048295454545455e-01,3.068181818181818e-01,-1.027798960222017e-07,-2.089130213830653e-07
4.190340909090909e-01,3.068181818181818e-01,-1.040693837423430e-07,-2.190378316685953e-07
4.332386363636364e-01,3.068181818181818e-01,-1.053588714624843e-07,-2.291626419541253e-07
4.474431818181818e-01,3.068181818181818e-01,-1.056390374071995e-07,-2.393409942095418e-07
4.616477272727273e-01,3.068181818181818e-01,-1.054866368767321e-07,-2.495422930234809e-07
4.758522727272727e-01,3.068181818181818e-01,-1.053342363462646e-07,-2.597435918374200e-07
4.900568181818182e-01,3.068181818181818e-01,-1.051818358157972e-07,-2.699448906513592e-07
5.042613636363636e-01,3.068181818181818e-01,-1.048379396090647e-07,-2.794730686689409e-07
5.184659090909091e-01,3.068181818181818e-01,-1.040472201577139e-07,-2.874306314950218e-07
5.326704545454546e-01,3.068181818181818e-01,-1.032565007063631e-07,-2.953881943211028e-07
5.468750000000000e-01,3.068181818181818e-01,-1.024657812550123e-07,-3.033457571471837e-07
5.610795454545454e-01,3.068181818181818e-01,-1.016750618036615e-07,-3.113033199732647e-07
5.752840909090909e-01,3.068181818181818e-01,-1.050831614223101e-07,-3.149556072970228e-07
5.894886363636364e-01,3.068181818181818e-01,-1.089577964931809e-07,-3.181295306760782e-07
6.036931818181818e-01,3.068181818181818e-01,-1.128324315640516e-07,-3.213034540551336e-07
6.178977272727273e-01,3.068181818181818e-01,-1.167070666349224e-07,-3.244773774341891e-07
7.102272727272727e-03,3.295454545454545e-01,-2.283723812848161e-09,-2.604730490338340e-09
2.130681818181818e-02,3.295454545454545e-01,-6.851171438565050e-09,-7.814191470940465e-09
3.551136363636364e-02,3.295454545454545e-01,-1.141861906428194e-08,-1.302365245154259e-08
4.971590909090909e-02,3.295454545454545e-01,-1.598606668999883e-08,-1.823311343214471e-08
6.392045454545454e-02,3.295454545454545e-01,-2.054747360041123e-08,-2.348088296796417e-08
7.812500000000000e-02,3.295454545454545e-01,-2.505451407308327e-08,-2.907342950073957e-08
9.232954545454546e-02,3.295454545454545e-01,-2.956155454575530e-08,-3.466597603351496e-08
1.065340909090909e-01,3.295454545454545e-01,-3.406859501842733e-08,-4.025852256629035e-08
1.207386363636364e-01,3.295454545454545e-01,-3.857563549109937e-08,-4.585106909906575e-08
1.349431818181818e-01,3.295454545454545e-01,-4.291323609867781e-08,-5.184466028340183e-08
1.491477272727273e-01,3.295454545454545e-01,-4.717821962121613e-08,-5.801012774697817e-08
1.633522727272727e-01,3.295454545454545e-01,-5.144320314375445e-08,-6.417559521055456e-08
1.775568181818182e-01,3.295454545454545e-01,-5.570818666629276e-08,-7.034106267413091e-08
1.917613636363636e-01,3.295454545454545e-01,-5.985043517363527e-08,-7.674605328576094e-08
2.059659090909091e-01,3.295454545454545e-01,-6.370630197885420e-08,-8.370993124284950e-08
2.201704545454546e-01,3.295454545454545e-01,-6.756216878407314e-08,-9.067380919993809e-08
2.343750000000000e-01,3.295454545454545e-01,-7.141803558929205e-08,-9.763768715702665e-08
2.485795454545454e-01,3.295454545454545e-01,-7.527390239451099e-08,-1.046015651141152e-07
2.627840909090909e-01,3.295454545454545e-01,-7.857554098188941e-08,-1.124886014486317e-07
2.769886363636364e-01,3.295454545454545e-01,-8.181559865617445e-08,-1.204782109361957e-07
2.911931818181818e-01,3.295454545454545e-01,-8.505565633045949e-08,-1.284678204237598e-07
3.053977272727273e-01,3.295454545454545e-01,-8.829571400474452e-08,-1.364574299113238e-07
3.196022727272727e-01,3.295454545454545e-01,-9.107030483897312e-08,-1.450467427915554e-07
3.338068181818182e-01,3.295454545454545e-01,-9.337942883314536e-08,-1.542357590644549e-07
3.480113636363636e-01,3.295454545454545e-01,-9.568855282731756e-08,-1.634247753373542e-07
3.622159090909091e-01,3.295454545454545e-01,-9.799767682148976e-08,-1.726137916102536e-07
3.764204545454545e-01,3.295454545454545e-01,-1.001605706047963e-07,-1.819201829022898e-07
3.906250000000000e-01,3.295454545454545e-01,-1.010073924903118e-07,-1.922829493665571e-07
4.048295454545455e-01,3.295454545454545e-01,-1.018542143758272e-07,-2.026457158308245e-07
4.190340909090909e-01,3.295454545454545e-01,-1.027010362613427e-07,-2.130084822950917e-07
4.332386363636364e-01,3.295454545454545e-01,-1.035478581468581e-07,-2.233712487593591e-07
4.474431818181818e-01,3.295454545454545e-01,-1.027441881930784e-07,-2.341144193917774e-07
4.616477272727273e-01,3.295454545454545e-01,-1.012331645938864e-07,-2.450206203819748e-07
4.758522727272727e-01,3.295454545454545e-01,-9.972214099469447e-08,-2.559268213721722e-07
4.900568181818182e-01,3.295454545454545e-01,-9.821111739550251e-08,-2.668330223623696e-07
5.042613636363636e-01,3.295454545454545e-01,-9.563109385896965e-08,-2.773088636886183e-07
5.184659090909091e-01,3.295454545454545e-01,-9.055673713530815e-08,-2.867805324656536e-07
5.326704545454546e-01,3.295454545454545e-01,-8.548238041164660e-08,-2.962522012426890e-07
5.468750000000000e-01,3.295454545454545e-01,-8.040802368798509e-08,-3.057238700197242e-07
5.610795454545454e-01,3.295454545454545e-01,-7.533366696432357e-08,-3.151955387967596e-07
5.752840909090909e-01,3.295454545454545e-01,-6.661240408847158e-08,-3.222906046036875e-07
5.894886363636364e-01,3.295454545454545e-01,-5.748592941793180e-08,-3.291216034139367e-07
6.036931818181818e-01,3.295454545454545e-01,-4.835945474739206e-08,-3.359526022241859e-07
6.178977272727273e-01,3.295454545454545e-01,-3.923298007685222e-08,-3.427836010344352e-07
7.102272727272727e-03,3.522727272727273e-01,-2.301302757248760e-09,-2.352356861011611e-09
2.130681818181818e-02,3.522727272727273e-01,-6.903908271813266e-09,-7.057070583002995e-09
3.551136363636364e-02,3.522727272727273e-01,-1.150651378637778e-08,-1.176178430499438e-08
4.971590909090909e-02,3.522727272727273e-01,-1.610911930094228e-08,-1.646649802698577e-08
6.392045454545454e-02,3.522727272727273e-01,-2.070521395497403e-08,-2.121744708191618e-08
7.812500000000000e-02,3.522727272727273e-01,-2.524271086421091e-08,-2.638451413329778e-08
9.232954545454546e-02,3.522727272727273e-01,-2.978020777344780e-08,-3.155158118467938e-08
1.065340909090909e-01,3.522727272727273e-01,-3.431770468268469e-08,-3.671864823606098e-08
1.207386363636364e-01,3.522727272727273e-01,-3.885520159192158e-08,-4.188571528744258e-08
1.349431818181818e-01,3.522727272727273e-01,-4.322010042913325e-08,-4.749924299857714e-08
1.491477272727273e-01,3.522727272727273e-01,-4.751102866404840e-08,-5.330411099246293e-08
1.633522727272727e-01,3.522727272727273e-01,-5.180195689896355e-08,-5.910897898634875e-08
1.775568181818182e-01,3.522727272727273e-01,-5.609288513387870e-08,-6.491384698023455e-08
1.917613636363636e-01,3.522727272727273e-01,-6.025707597169354e-08,-7.097837182694426e-08
2.059659090909091e-01,3.522727272727273e-01,-6.412554621627431e-08,-7.764876266357640e-08
2.201704545454546e-01,3.522727272727273e-01,-6.799401646085509e-08,-8.431915350020856e-08
2.343750000000000e-01,3.522727272727273e-01,-7.186248670543584e-08,-9.098954433684070e-08
2.485795454545454e-01,3.522727272727273e-01,-7.573095695001661e-08,-9.765993517347284e-08
2.627840909090909e-01,3.522727272727273e-01,-7.901359538061768e-08,-1.053384055214362e-07
2.769886363636364e-01,3.522727272727273e-01,-8.223114138744325e-08,-1.131288847039920e-07
2.911931818181818e-01,3.522727272727273e-01,-8.544868739426881e-08,-1.209193638865477e-07
3.053977272727273e-01,3.522727272727273e-01,-8.866623340109438e-08,-1.287098430691035e-07
3.196022727272727e-01,3.522727272727273e-01,-9.136846062016890e-08,-1.371816737705999e-07
3.338068181818182e-01,3.522727272727273e-01,-9.355536905149241e-08,-1.463348559910370e-07
3.480113636363636e-01,3.522727272727273e-01,-9.574227748281591e-08,-1.554880382114741e-07
3.622159090909091e-01,3.522727272727273e-01,-9.792918591413941e-08,-1.646412204319111e-07
3.764204545454545e-01,3.522727272727273e-01,-9.993958066482552e-08,-1.739426861479836e-07
3.906250000000000e-01,3.522727272727273e-01,-1.003613522897751e-07,-1.845787033247755e-07
4.048295454545455e-01,3.522727272727273e-01,-1.007831239147248e-07,-1.952147205015674e-07
4.190340909090909e-01,3.522727272727273e-01,-1.012048955396744e-07,-2.058507376783593e-07
4.332386363636364e-01,3.522727272727273e-01,-1.016266671646240e-07,-2.164867548551512e-07
4.474431818181818e-01,3.522727272727273e-01,-9.970342388961112e-08,-2.279629802209039e-07
4.616477272727273e-01,3.522727272727273e-01,-9.677517422890000e-08,-2.397992948104968e-07
4.758522727272727e-01,3.522727272727273e-01,-9.384692456818889e-08,-2.516356094000898e-07
4.900568181818182e-01,3.522727272727273e-01,-9.091867490747778e-08,-2.634719239896828e-07
5.042613636363636e-01,3.522727272727273e-01,-8.585933988429121e-08,-2.752567943092738e-07
5.184659090909091e-01,3.522727272727273e-01,-7.582747234866203e-08,-2.869216279988604e-07
5.326704545454546e-01,3.522727272727273e-01,-6.579560481303278e-08,-2.985864616884471e-07
5.468750000000000e-01,3.522727272727273e-01,-5.576373727740358e-08,-3.102512953780337e-07
5.610795454545454e-01,3.522727272727273e-01,-4.573186974177440e-08,-3.219161290676203e-07
5.752840909090909e-01,3.522727272727273e-01,-2.133070166853000e-08,-3.336877688232914e-07
5.894886363636364e-01,3.522727272727273e-01,4.667055353338130e-09,-3.454712759196384e-07
6.036931818181818e-01,3.522727272727273e-01,3.066481237520626e-08,-3.572547830159855e-07
6.178977272727273e-01,3.522727272727273e-01,5.666256939707461e-08,-3.690382901123326e-07
7.102272727272727e-03,3.750000000000000e-01,-2.318881701649359e-09,-2.099983231684883e-09
2.130681818181818e-02,3.750000000000000e-01,-6.956645105061483e-09,-6.299949695065529e-09
3.551136363636364e-02,3.750000000000000e-01,-1.159440850847361e-08,-1.049991615844618e-08
4.971590909090909e-02,3.750000000000000e-01,-1.623217191188573e-08,-1.469988262182682e-08
6.392045454545454e-02,3.750000000000000e-01,-2.086295430953682e-08,-1.895401119586819e-08
7.812500000000000e-02,3.750000000000000e-01,-2.543090765533856e-08,-2.369559876585600e-08
9.232954545454546e-02,3.750000000000000e-01,-2.999886100114031e-08,-2.843718633584381e-08
1.065340909090909e-01,3.750000000000000e-01,-3.456681434694205e-08,-3.317877390583162e-08
1.207386363636364e-01,3.750000000000000e-01,-3.913476769274379e-08,-3.792036147581944e-08
1.349431818181818e-01,3.750000000000000e-01,-4.352696475958870e-08,-4.315382571375246e-08
1.491477272727273e-01,3.750000000000000e-01,-4.784383770688067e-08,-4.859809423794771e-08
1.633522727272727e-01,3.750000000000000e-01,-5.216071065417266e-08,-5.404236276214296e-08
1.775568181818182e-01,3.750000000000000e-01,-5.647758360146464e-08,-5.948663128633820e-08
1.917613636363636e-01,3.750000000000000e-01,-6.066371676975181e-08,-6.521069036812760e-08
2.059659090909091e-01,3.750000000000000e-01,-6.454479045369441e-08,-7.158759408430331e-08
2.201704545454546e-01,3.750000000000000e-01,-6.842586413763702e-08,-7.796449780047904e-08
2.343750000000000e-01,3.750000000000000e-01,-7.230693782157963e-08,-8.434140151665473e-08
2.485795454545454e-01,3.750000000000000e-01,-7.618801150552223e-08,-9.071830523283046e-08
2.627840909090909e-01,3.750000000000000e-01,-7.945164977934596e-08,-9.818820959424076e-08
2.769886363636364e-01,3.750000000000000e-01,-8.264668411871206e-08,-1.057795584717883e-07
2.911931818181818e-01,3.750000000000000e-01,-8.584171845807814e-08,-1.133709073493358e-07
3.053977272727273e-01,3.750000000000000e-01,-8.903675279744423e-08,-1.209622562268833e-07
3.196022727272727e-01,3.750000000000000e-01,-9.166661640136466e-08,-1.293166047496444e-07
3.338068181818182e-01,3.750000000000000e-01,-9.373130926983946e-08,-1.384339529176191e-07
3.480113636363636e-01,3.750000000000000e-01,-9.579600213831426e-08,-1.475513010855938e-07
3.622159090909091e-01,3.750000000000000e-01,-9.786069500678906e-08,-1.566686492535686e-07
3.764204545454545e-01,3.750000000000000e-01,-9.971859072485476e-08,-1.659651893936774e-07
3.906250000000000e-01,3.750000000000000e-01,-9.971531208923854e-08,-1.768744572829940e-07
4.048295454545455e-01,3.750000000000000e-01,-9.971203345362233e-08,-1.877837251723105e-07
4.190340909090909e-01,3.750000000000000e-01,-9.970875481800610e-08,-1.986929930616270e-07
4.332386363636364e-01,3.750000000000000e-01,-9.970547618238990e-08,-2.096022609509434e-07
4.474431818181818e-01,3.750000000000000e-01,-9.666265958614384e-08,-2.218115410500304e-07
4.616477272727273e-01,3.750000000000000e-01,-9.231718386391357e-08,-2.345779692390189e-07
4.758522727272727e-01,3.750000000000000e-01,-8.797170814168332e-08,-2.473443974280074e-07
4.900568181818182e-01,3.750000000000000e-01,-8.362623241945306e-08,-2.601108256169960e-07
5.042613636363636e-01,3.750000000000000e-01,-7.608758590961280e-08,-2.732047249299293e-07
5.184659090909091e-01,3.750000000000000e-01,-6.109820756201595e-08,-2.870627235320672e-07
5.326704545454546e-01,3.750000000000000e-01,-4.610882921441899e-08,-3.009207221342052e-07
5.468750000000000e-01,3.750000000000000e-01,-3.111945086682215e-08,-3.147787207363431e-07
5.610795454545454e-01,3.750000000000000e-01,-1.613007251922531e-08,-3.286367193384810e-07
5.752840909090909e-01,3.750000000000000e-01,2.395100075141146e-08,-3.450849330428952e-07
5.894886363636364e-01,3.750000000000000e-01,6.682004012460793e-08,-3.618209484253401e-07
6.036931818181818e-01,3.750000000000000e-01,1.096890794978044e-07,-3.785569638077848e-07
6.178977272727273e-01,3.750000000000000e-01,1.525581188710012e-07,-3.952929791902298e-07
7.102272727272727e-03,3.977272727272727e-01,-2.310158024469710e-09,-1.783984628405852e-09
2.130681818181818e-02,3.977272727272727e-01,-6.930474073449466e-09,-5.351953885234983e-09
3.551136363636364e-02,3.977272727272727e-01,-1.155079012242922e-08,-8.919923142064118e-09
4.971590909090909e-02,3.977272727272727e-01,-1.617110617140898e-08,-1.248789239889325e-08
6.392045454545454e-02,3.977272727272727e-01,-2.078432074886202e-08,-1.611543348176436e-08
7.812500000000000e-02,3.977272727272727e-01,-2.533362208257462e-08,-2.027912099901327e-08
9.232954545454546e-02,3.977272727272727e-01,-2.988292341628723e-08,-2.444280851626218e-08
1.065340909090909e-01,3.977272727272727e-01,-3.443222474999984e-08,-2.860649603351110e-08
1.207386363636364e-01,3.977272727272727e-01,-3.898152608371244e-08,-3.277018355076000e-08
1.349431818181818e-01,3.977272727272727e-01,-4.336156255940117e-08,-3.745782816463785e-08
1.491477272727273e-01,3.977272727272727e-01,-4.766905695307965e-08,-4.237002581992808e-08
1.633522727272727e-01,3.977272727272727e-01,-5.197655134675814e-08,-4.728222347521832e-08
1.775568181818182e-01,3.977272727272727e-01,-5.628404574043663e-08,-5.219442113050856e-08
1.917613636363636e-01,3.977272727272727e-01,-6.046719004854061e-08,-5.740171503193792e-08
2.059659090909091e-01,3.977272727272727e-01,-6.436018415697067e-08,-6.329756684102522e-08
2.201704545454546e-01,3.977272727272727e-01,-6.825317826540073e-08,-6.919341865011254e-08
2.343750000000000e-01,3.977272727272727e-01,-7.214617237383080e-08,-7.508927045919985e-08
2.485795454545454e-01,3.977272727272727e-01,-7.603916648226086e-08,-8.098512226828715e-08
2.627840909090909e-01,3.977272727272727e-01,-7.935060563033770e-08,-8.804938031450140e-08
2.769886363636364e-01,3.977272727272727e-01,-8.259742756059750e-08,-9.524346127595201e-08
2.911931818181818e-01,3.977272727272727e-01,-8.584424949085733e-08,-1.024375422374026e-07
3.053977272727273e-01,3.977272727272727e-01,-8.909107142111714e-08,-1.096316231988532e-07
3.196022727272727e-01,3.977272727272727e-01,-9.181045855234102e-08,-1.176751633779916e-07
3.338068181818182e-01,3.977272727272727e-01,-9.400241088452899e-08,-1.265681627748179e-07
3.480113636363636e-01,3.977272727272727e-01,-9.619436321671698e-08,-1.354611621716441e-07
3.622159090909091e-01,3.977272727272727e-01,-9.838631554890497e-08,-1.443541615684703e-07
3.764204545454545e-01,3.977272727272727e-01,-1.003868839965844e-07,-1.534662198551240e-07
3.906250000000000e-01,3.977272727272727e-01,-1.006649974836870e-07,-1.645498081502247e-07
4.048295454545455e-01,3.977272727272727e-01,-1.009431109707896e-07,-1.756333964453255e-07
4.190340909090909e-01,3.977272727272727e-01,-1.012212244578922e-07,-1.867169847404262e-07
4.332386363636364e-01,3.977272727272727e-01,-1.014993379449949e-07,-1.978005730355270e-07
4.474431818181818e-01,3.977272727272727e-01,-9.902246296988803e-08,-2.108402185719700e-07
4.616477272727273e-01,3.977272727272727e-01,-9.536487865383429e-08,-2.247181743547025e-07
4.758522727272727e-01,3.977272727272727e-01,-9.170729433778058e-08,-2.385961301374349e-07
4.900568181818182e-01,3.977272727272727e-01,-8.804971002172685e-08,-2.524740859201674e-07
5.042613636363636e-01,3.977272727272727e-01,-8.164550945097548e-08,-2.674030354310809e-07
5.184659090909091e-01,3.977272727272727e-01,-6.883253761926299e-08,-2.847843036410832e-07
5.326704545454546e-01,3.977272727272727e-01,-5.601956578755041e-08,-3.021655718510857e-07
5.468750000000000e-01,3.977272727272727e-01,-4.320659395583792e-08,-3.195468400610880e-07
5.610795454545454e-01,3.977272727272727e-01,-3.039362212412543e-08,-3.369281082710903e-07
5.752840909090909e-01,3.977272727272727e-01,1.395417049363013e-09,-3.588585687890732e-07
5.894886363636364e-01,3.977272727272727e-01,3.529290814971522e-08,-3.812944951190538e-07
6.036931818181818e-01,3.977272727272727e-01,6.919039925006745e-08,-4.037304214490344e-07
6.178977272727273e-01,3.977272727272727e-01,1.030878903504199e-07,-4.261663477790150e-07
7.102272727272727e-03,4.204545454545455e-01,-2.301434347290061e-09,-1.467986025126820e-09
2.130681818181818e-02,4.204545454545455e-01,-6.904303041837448e-09,-4.403958075404436e-09
3.551136363636364e-02,4.204545454545455e-01,-1.150717173638484e-08,-7.339930125682053e-09
4.971590909090909e-02,4.204545454545455e-01,-1.611004043093222e-08,-1.027590217595967e-08
6.392045454545454e-02,4.204545454545455e-01,-2.070568718818722e-08,-1.327685576766053e-08
7.812500000000000e-02,4.204545454545455e-01,-2.523633650981068e-08,-1.686264323217053e-08
9.232954545454546e-02,4.204545454545455e-01,-2.976698583143416e-08,-2.044843069668054e-08
1.065340909090909e-01,4.204545454545455e-01,-3.429763515305762e-08,-2.403421816119055e-08
1.207386363636364e-01,4.204545454545455e-01,-3.882828447468110e-08,-2.762000562570056e-08
1.349431818181818e-01,4.204545454545455e-01,-4.319616035921363e-08,-3.176183061552322e-08
1.491477272727273e-01,4.204545454545455e-01,-4.749427619927863e-08,-3.614195740190844e-08
1.633522727272727e-01,4.204545454545455e-01,-5.179239203934364e-08,-4.052208418829366e-08
1.775568181818182e-01,4.204545454545455e-01,-5.609050787940863e-08,-4.490221097467889e-08
1.917613636363636e-01,4.204545454545455e-01,-6.027066332732939e-08,-4.959273969574821e-08
2.059659090909091e-01,4.204545454545455e-01,-6.417557786024692e-08,-5.500753959774711e-08
2.201704545454546e-01,4.204545454545455e-01,-6.808049239316445e-08,-6.042233949974603e-08
2.343750000000000e-01,4.204545454545455e-01,-7.198540692608199e-08,-6.583713940174492e-08
2.485795454545454e-01,4.204545454545455e-01,-7.589032145899950e-08,-7.125193930374382e-08
2.627840909090909e-01,4.204545454545455e-01,-7.924956148132943e-08,-7.791055103476202e-08
2.769886363636364e-01,4.204545454545455e-01,-8.254817100248296e-08,-8.470736408011571e-08
2.911931818181818e-01,4.204545454545455e-01,-8.584678052363651e-08,-9.150417712546943e-08
3.053977272727273e-01,4.204545454545455e-01,-8.914539004479002e-08,-9.830099017082310e-08
3.196022727272727e-01,4.204545454545455e-01,-9.195430070331738e-08,-1.060337220063388e-07
3.338068181818182e-01,4.204545454545455e-01,-9.427351249921855e-08,-1.147023726320165e-07
3.480113636363636e-01,4.204545454545455e-01,-9.659272429511971e-08,-1.233710232576943e-07
3.622159090909091e-01,4.204545454545455e-01,-9.891193609102088e-08,-1.320396738833721e-07
3.764204545454545e-01,4.204545454545455e-01,-1.010551772683141e-07,-1.409672503165705e-07
3.906250000000000e-01,4.204545454545455e-01,-1.016146828781355e-07,-1.522251590174555e-07
4.048295454545455e-01,4.204545454545455e-01,-1.021741884879569e-07,-1.634830677183405e-07
4.190340909090909e-01,4.204545454545455e-01,-1.027336940977784e-07,-1.747409764192255e-07
4.332386363636364e-01,4.204545454545455e-01,-1.032931997075998e-07,-1.859988851201105e-07
4.474431818181818e-01,4.204545454545455e-01,-1.013822663536322e-07,-1.998688960939095e-07
4.616477272727273e-01,4.204545454545455e-01,-9.841257344375502e-08,-2.148583794703860e-07
4.758522727272727e-01,4.204545454545455e-01,-9.544288053387784e-08,-2.298478628468624e-07
4.900568181818182e-01,4.204545454545455e-01,-9.247318762400066e-08,-2.448373462233388e-07
5.042613636363636e-01,4.204545454545455e-01,-8.720343299233818e-08,-2.616013459322324e-07
5.184659090909091e-01,4.204545454545455e-01,-7.656686767651006e-08,-2.825058837500992e-07
5.326704545454546e-01,4.204545454545455e-01,-6.593030236068184e-08,-3.034104215679661e-07
5.468750000000000e-01,4.204545454545455e-01,-5.529373704485372e-08,-3.243149593858329e-07
5.610795454545454e-01,4.204545454545455e-01,-4.465717172902559e-08,-3.452194972036997e-07
5.752840909090909e-01,4.204545454545455e-01,-2.116016665268549e-08,-3.726322045352512e-07
5.894886363636364e-01,4.204545454545455e-01,3.765776174822452e-09,-4.007680418127674e-07
6.036931818181818e-01,4.204545454545455e-01,2.869171900233039e-08,-4.289038790902837e-07
6.178977272727273e-01,4.204545454545455e-01,5.361766182983851e-08,-4.570397163678002e-07
7.102272727272727e-03,4.431818181818182e-01,-2.286762997011777e-09,-1.142917802144541e-09
2.130681818181818e-02,4.431818181818182e-01,-6.860288990954341e-09,-3.428753406459978e-09
3.551136363636364e-02,4.431818181818182e-01,-1.143381498489691e-08,-5.714589010775415e-09
4.971590909090909e-02,4.431818181818182e-01,-1.600734097883947e-08,-8.000424615090852e-09
6.392045454545454e-02,4.431818181818182e-01,-2.057365059612687e-08,-1.035603077779705e-08
7.812500000000000e-02,4.431818181818182e-01,-2.507501282351775e-08,-1.333957196602012e-08
9.232954545454546e-02,4.431818181818182e-01,-2.957637505090864e-08,-1.632311315424319e-08
1.065340909090909e-01,4.431818181818182e-01,-3.407773727829952e-08,-1.930665434246626e-08
1.207386363636364e-01,4.431818181818182e-01,-3.857909950569041e-08,-2.229019553068933e-08
1.349431818181818e-01,4.431818181818182e-01,-4.292632367783987e-08,-2.585705870023908e-08
1.491477272727273e-01,4.431818181818182e-01,-4.720748868345730e-08,-2.967391700464313e-08
1.633522727272727e-01,4.431818181818182e-01,-5.148865368907474e-08,-3.349077530904717e-08
1.775568181818182e-01,4.431818181818182e-01,-5.576981869469218e-08,-3.730763361345121e-08
1.917613636363636e-01,4.431818181818182e-01,-5.994148065921611e-08,-4.144753016960291e-08
2.059659090909091e-01,4.431818181818182e-01,-6.385763552785522e-08,-4.634118264649913e-08
2.201704545454546e-01,4.431818181818182e-01,-6.777379039649435e-08,-5.123483512339536e-08
2.343750000000000e-01,4.431818181818182e-01,-7.168994526513344e-08,-5.612848760029157e-08
2.485795454545454e-01,4.431818181818182e-01,-7.560610013377255e-08,-6.102214007718779e-08
2.627840909090909e-01,4.431818181818182e-01,-7.902589322683849e-08,-6.722227739965856e-08
2.769886363636364e-01,4.431818181818182e-01,-8.239053501150741e-08,-7.356757970497096e-08
2.911931818181818e-01,4.431818181818182e-01,-8.575517679617634e-08,-7.991288201028337e-08
3.053977272727273e-01,4.431818181818182e-01,-8.911981858084527e-08,-8.625818431559576e-08
3.196022727272727e-01,4.431818181818182e-01,-9.204906081224450e-08,-9.361227762016411e-08
3.338068181818182e-01,4.431818181818182e-01,-9.454290349037402e-08,-1.019751619239884e-07
3.480113636363636e-01,4.431818181818182e-01,-9.703674616850355e-08,-1.103380462278127e-07
3.622159090909091e-01,4.431818181818182e-01,-9.953058884663308e-08,-1.187009305316370e-07
3.764204545454545e-01,4.431818181818182e-01,-1.018718549938433e-07,-1.273562950990922e-07
3.906250000000000e-01,4.431818181818182e-01,-1.028399323627793e-07,-1.386439820392256e-07
4.048295454545455e-01,4.431818181818182e-01,-1.038080097317153e-07,-1.499316689793589e-07
4.190340909090909e-01,4.431818181818182e-01,-1.047760871006513e-07,-1.612193559194922e-07
4.332386363636364e-01,4.431818181818182e-01,-1.057441644695873e-07,-1.725070428596256e-07
4.474431818181818e-01,4.431818181818182e-01,-1.046538739846062e-07,-1.869518113602816e-07
4.616477272727273e-01,4.431818181818182e-01,-1.026814258479462e-07,-2.027496148154475e-07
4.758522727272727e-01,4.431818181818182e-01,-1.007089777112863e-07,-2.185474182706132e-07
4.900568181818182e-01,4.431818181818182e-01,-9.873652957462632e-08,-2.343452217257790e-07
5.042613636363636e-01,4.431818181818182e-01,-9.501228098074782e-08,-2.524838399267331e-07
5.184659090909091e-01,4.431818181818182e-01,-8.720049798669271e-08,-2.760843592011931e-07
5.326704545454546e-01,4.431818181818182e-01,-7.938871499263753e-08,-2.996848784756533e-07
5.468750000000000e-01,4.431818181818182e-01,-7.157693199858244e-08,-3.232853977501133e-07
5.610795454545454e-01,4.431818181818182e-01,-6.376514900452731e-08,-3.468859170245733e-07
5.752840909090909e-01,4.431818181818182e-01,-4.856691602711813e-08,-3.787589513056709e-07
5.894886363636364e-01,4.431818181818182e-01,-3.254796638489195e-08,-4.115511539208392e-07
6.036931818181818e-01,4.431818181818182e-01,-1.652901674266576e-08,-4.443433565360074e-07
6.178977272727273e-01,4.431818181818182e-01,-5.100671004394449e-10,-4.771355591511759e-07
7.102272727272727e-03,4.659090909090909e-01,-2.254248627437585e-09,-7.906407200525166e-10
2.130681818181818e-02,4.659090909090909e-01,-6.762745882257964e-09,-2.371922160173781e-09
3.551136363636364e-02,4.659090909090909e-01,-1.127124313707834e-08,-3.953203600295046e-09
4.971590909090909e-02,4.659090909090909e-01,-1.577974039189873e-08,-5.534485040416309e-09
6.392045454545454e-02,4.659090909090909e-01,-2.028140490990987e-08,-7.188463960654649e-09
7.812500000000000e-02,4.659090909090909e-01,-2.472157479663782e-08,-9.496720201946663e-09
9.232954545454546e-02,4.659090909090909e-01,-2.916174468336578e-08,-1.180497644323867e-08
1.065340909090909e-01,4.659090909090909e-01,-3.360191457009374e-08,-1.411323268453069e-08
1.207386363636364e-01,4.659090909090909e-01,-3.804208445682169e-08,-1.642148892582270e-08
1.349431818181818e-01,4.659090909090909e-01,-4.234318355290744e-08,-1.932596368644636e-08
1.491477272727273e-01,4.659090909090909e-01,-4.658468088157508e-08,-2.248596066964073e-08
1.633522727272727e-01,4.659090909090909e-01,-5.082617821024272e-08,-2.564595765283510e-08
1.775568181818182e-01,4.659090909090909e-01,-5.506767553891037e-08,-2.880595463602947e-08
1.917613636363636e-01,4.659090909090909e-01,-5.921433015039663e-08,-3.229361807359075e-08
2.059659090909091e-01,4.659090909090909e-01,-6.313968508845966e-08,-3.654583657134146e-08
2.201704545454546e-01,4.659090909090909e-01,-6.706504002652272e-08,-4.079805506909217e-08
2.343750000000000e-01,4.659090909090909e-01,-7.099039496458576e-08,-4.505027356684289e-08
2.485795454545454e-01,4.659090909090909e-01,-7.491574990264882e-08,-4.930249206459359e-08
2.627840909090909e-01,4.659090909090909e-01,-7.843435265589949e-08,-5.488567069846281e-08
2.769886363636364e-01,4.659090909090909e-01,-8.190776072194882e-08,-6.061673379190075e-08
2.911931818181818e-01,4.659090909090909e-01,-8.538116878799815e-08,-6.634779688533871e-08
3.053977272727273e-01,4.659090909090909e-01,-8.885457685404750e-08,-7.207885997877665e-08
3.196022727272727e-01,4.659090909090909e-01,-9.199657479502387e-08,-7.885082419042364e-08
3.338068181818182e-01,4.659090909090909e-01,-9.480716261092731e-08,-8.666368952027972e-08
3.480113636363636e-01,4.659090909090909e-01,-9.761775042683074e-08,-9.447655485013578e-08
3.622159090909091e-01,4.659090909090909e-01,-1.004283382427342e-07,-1.022894201799919e-07
3.764204545454545e-01,4.659090909090909e-01,-1.031336860807711e-07,-1.104093828448397e-07
3.906250000000000e-01,4.659090909090909e-01,-1.048918741180090e-07,-1.212932215246136e-07
4.048295454545455e-01,4.659090909090909e-01,-1.066500621552468e-07,-1.321770602043875e-07
4.190340909090909e-01,4.659090909090909e-01,-1.084082501924847e-07,-1.430608988841614e-07
4.332386363636364e-01,4.659090909090909e-01,-1.101664382297226e-07,-1.539447375639353e-07
4.474431818181818e-01,4.659090909090909e-01,-1.106608943572695e-07,-1.681974398599515e-07
4.616477272727273e-01,4.659090909090909e-01,-1.106137510949489e-07,-1.838939408486429e-07
4.758522727272727e-01,4.659090909090909e-01,-1.105666078326283e-07,-1.995904418373342e-07
4.900568181818182e-01,4.659090909090909e-01,-1.105194645703076e-07,-2.152869428260256e-07
5.042613636363636e-01,4.659090909090909e-01,-1.095739023102983e-07,-2.334188844012814e-07
5.184659090909091e-01,4.659090909090909e-01,-1.065320290556822e-07,-2.572335206785209e-07
5.326704545454546e-01,4.659090909090909e-01,-1.034901558010661e-07,-2.810481569557607e-07
5.468750000000000e-01,4.659090909090909e-01,-1.004482825464500e-07,-3.048627932330002e-07
5.610795454545454e-01,4.659090909090909e-01,-9.740640929183384e-08,-3.286774295102397e-07
5.752840909090909e-01,4.659090909090909e-01,-9.052716241870343e-08,-3.619450311488159e-07
5.894886363636364e-01,4.659090909090909e-01,-8.322154069907143e-08,-3.962629622719849e-07
6.036931818181818e-01,4.659090909090909e-01,-7.591591897943947e-08,-4.305808933951539e-07
6.178977272727273e-01,4.659090909090909e-01,-6.861029725980742e-08,-4.648988245183230e-07
7.102272727272727e-03,4.886363636363636e-01,-2.221734257863393e-09,-4.383636379604919e-10
2.130681818181818e-02,4.886363636363636e-01,-6.665202773561588e-09,-1.315090913887582e-09
3.551136363636364e-02,4.886363636363636e-01,-1.110867128925978e-08,-2.191818189814671e-09
4.971590909090909e-02,4.886363636363636e-01,-1.555213980495798e-08,-3.068545465741761e-09
6.392045454545454e-02,4.886363636363636e-01,-1.998915922369286e-08,-4.020897143512237e-09
7.812500000000000e-02,4.886363636363636e-01,-2.436813676975789e-08,-5.653868437873191e-09
9.232954545454546e-02,4.886363636363636e-01,-2.874711431582293e-08,-7.286839732234145e-09
1.065340909090909e-01,4.886363636363636e-01,-3.312609186188796e-08,-8.919811026595100e-09
1.207386363636364e-01,4.886363636363636e-01,-3.750506940795299e-08,-1.055278232095605e-08
1.349431818181818e-01,4.886363636363636e-01,-4.176004342797500e-08,-1.279486867265363e-08
1.491477272727273e-01,4.886363636363636e-01,-4.596187307969284e-08,-1.529800433463832e-08
1.633522727272727e-01,4.886363636363636e-01,-5.016370273141070e-08,-1.780113999662302e-08
1.775568181818182e-01,4.886363636363636e-01,-5.436553238312854e-08,-2.030427565860771e-08
1.917613636363636e-01,4.886363636363636e-01,-5.848717964157714e-08,-2.313970597757856e-08
2.059659090909091e-01,4.886363636363636e-01,-6.242173464906412e-08,-2.675049049618376e-08
2.201704545454546e-01,4.886363636363636e-01,-6.635628965655110e-08,-3.036127501478896e-08
2.343750000000000e-01,4.886363636363636e-01,-7.029084466403808e-08,-3.397205953339417e-08
2.485795454545454e-01,4.886363636363636e-01,-7.422539967152506e-08,-3.758284405199936e-08
2.627840909090909e-01,4.886363636363636e-01,-7.784281208496053e-08,-4.254906399726702e-08
2.769886363636364e-01,4.886363636363636e-01,-8.142498643239026e-08,-4.766588787883050e-08
2.911931818181818e-01,4.886363636363636e-01,-8.500716077981998e-08,-5.278271176039400e-08
3.053977272727273e-01,4.886363636363636e-01,-8.858933512724972e-08,-5.789953564195749e-08
3.196022727272727e-01,4.886363636363636e-01,-9.194408877780324e-08,-6.408937076068313e-08
3.338068181818182e-01,4.886363636363636e-01,-9.507142173148060e-08,-7.135221711657096e-08
3.480113636363636e-01,4.886363636363636e-01,-9.819875468515796e-08,-7.861506347245881e-08
3.622159090909091e-01,4.886363636363636e-01,-1.013260876388353e-07,-8.587790982834664e-08
3.764204545454545e-01,4.886363636363636e-01,-1.043955171676989e-07,-9.346247059058712e-08
3.906250000000000e-01,4.886363636363636e-01,-1.069438158732386e-07,-1.039424610100016e-07
4.048295454545455e-01,4.886363636363636e-01,-1.094921145787784e-07,-1.144224514294161e-07
4.190340909090909e-01,4.886363636363636e-01,-1.120404132843181e-07,-1.249024418488305e-07
4.332386363636364e-01,4.886363636363636e-01,-1.145887119898579e-07,-1.353824322682450e-07
4.474431818181818e-01,4.886363636363636e-01,-1.166679147299329e-07,-1.494430683596212e-07
4.616477272727273e-01,4.886363636363636e-01,-1.185460763419516e-07,-1.650382668818382e-07
4.758522727272727e-01,4.886363636363636e-01,-1.204242379539703e-07,-1.806334654040551e-07
4.900568181818182e-01,4.886363636363636e-01,-1.223023995659889e-07,-1.962286639262721e-07
5.042613636363636e-01,4.886363636363636e-01,-1.241355236398489e-07,-2.143539288758297e-07
5.184659090909091e-01,4.886363636363636e-01,-1.258635601246718e-07,-2.383826821558487e-07
5.326704545454546e-01,4.886363636363636e-01,-1.275915966094947e-07,-2.624114354358680e-07
5.468750000000000e-01,4.886363636363636e-01,-1.293196330943176e-07,-2.864401887158871e-07
5.610795454545454e-01,4.886363636363636e-01,-1.310476695791405e-07,-3.104689419959061e-07
5.752840909090909e-01,4.886363636363636e-01,-1.324874088102888e-07,-3.451311109919610e-07
5.894886363636364e-01,4.886363636363636e-01,-1.338951150132511e-07,-3.809747706231306e-07
6.036931818181818e-01,4.886363636363636e-01,-1.353028212162133e-07,-4.168184302543003e-07
6.178977272727273e-01,4.886363636363636e-01,-1.367105274191756e-07,-4.526620898854701e-07
7.102272727272727e-03,5.113636363636364e-01,-2.178036090813642e-09,-8.245636630825213e-11
2.130681818181818e-02,5.113636363636364e-01,-6.534108272423831e-09,-2.473690989316550e-10
3.551136363636364e-02,5.113636363636364e-01,-1.089018045403402e-08,-4.122818315550580e-10
4.971590909090909e-02,5.113636363636364e-01,-1.524625263564421e-08,-5.771945641784610e-10
6.392045454545454e-02,5.113636363636364e-01,-1.959635563567916e-08,-8.195350029688386e-10
7.812500000000000e-02,5.113636363636364e-01,-2.389273600153698e-08,-1.758724797261990e-09
9.232954545454546e-02,5.113636363636364e-01,-2.818911636739479e-08,-2.697914591555141e-09
1.065340909090909e-01,5.113636363636364e-01,-3.248549673325260e-08,-3.637104385848292e-09
1.207386363636364e-01,5.113636363636364e-01,-3.678187709911043e-08,-4.576294180141444e-09
1.349431818181818e-01,5.113636363636364e-01,-4.097068996054073e-08,-6.127175110357371e-09
1.491477272727273e-01,5.113636363636364e-01,-4.511340246293065e-08,-7.940209384540197e-09
1.633522727272727e-01,5.113636363636364e-01,-4.925611496532061e-08,-9.753243658723030e-09
1.775568181818182e-01,5.113636363636364e-01,-5.339882746771055e-08,-1.156627793290586e-08
1.917613636363636e-01,5.113636363636364e-01,-5.747696492033411e-08,-1.370982663868817e-08
2.059659090909091e-01,5.113636363636364e-01,-6.140442725683607e-08,-1.662457568486927e-08
2.201704545454546e-01,5.113636363636364e-01,-6.533188959333807e-08,-1.953932473105038e-08
2.343750000000000e-01,5.113636363636364e-01,-6.925935192984005e-08,-2.245407377723148e-08
2.485795454545454e-01,5.113636363636364e-01,-7.318681426634203e-08,-2.536882282341258e-08
2.627840909090909e-01,5.113636363636364e-01,-7.688899090790877e-08,-2.963067972291056e-08
2.769886363636364e-01,5.113636363636364e-01,-8.056613580559381e-08,-3.404221527277708e-08
2.911931818181818e-01,5.113636363636364e-01,-8.424328070327885e-08,-3.845375082264360e-08
3.053977272727273e-01,5.113636363636364e-01,-8.792042560096388e-08,-4.286528637251013e-08
3.196022727272727e-01,5.113636363636364e-01,-9.147124050589383e-08,-4.834656632728345e-08
3.338068181818182e-01,5.113636363636364e-01,-9.489572541806870e-08,-5.489759068696359e-08
3.480113636363636e-01,5.113636363636364e-01,-9.832021033024358e-08,-6.144861504664373e-08
3.622159090909091e-01,5.113636363636364e-01,-1.017446952424184e-07,-6.799963940632388e-08
3.764204545454545e-01,5.113636363636364e-01,-1.051534766983932e-07,-7.487140397758990e-08
3.906250000000000e-01,5.113636363636364e-01,-1.084209270485670e-07,-8.462983045312912e-08
4.048295454545455e-01,5.113636363636364e-01,-1.116883773987408e-07,-9.438825692866835e-08
4.190340909090909e-01,5.113636363636364e-01,-1.149558277489147e-07,-1.041466834042075e-07
4.332386363636364e-01,5.113636363636364e-01,-1.182232780990885e-07,-1.139051098797468e-07
4.474431818181818e-01,5.113636363636364e-01,-1.216747124277616e-07,-1.272162103331549e-07
4.616477272727273e-01,5.113636363636364e-01,-1.252049970329344e-07,-1.420498853485068e-07
4.758522727272727e-01,5.113636363636364e-01,-1.287352816381072e-07,-1.568835603638587e-07
4.900568181818182e-01,5.113636363636364e-01,-1.322655662432801e-07,-1.717172353792106e-07
5.042613636363636e-01,5.113636363636364e-01,-1.363487562545347e-07,-1.889965364099970e-07
5.184659090909091e-01,5.113636363636364e-01,-1.417220588799801e-07,-2.119822981434636e-07
5.326704545454546e-01,5.113636363636364e-01,-1.470953615054256e-07,-2.349680598769303e-07
5.468750000000000e-01,5.113636363636364e-01,-1.524686641308711e-07,-2.579538216103969e-07
5.610795454545454e-01,5.113636363636364e-01,-1.578419667563165e-07,-2.809395833438636e-07
5.752840909090909e-01,5.113636363636364e-01,-1.660804514360631e-07,-3.153570772250103e-07
5.894886363636364e-01,5.113636363636364e-01,-1.746372896773986e-07,-3.510447635670100e-07
6.036931818181818e-01,5.113636363636364e-01,-1.831941279187341e-07,-3.867324499090097e-07
6.178977272727273e-01,5.113636363636364e-01,-1.917509661600697e-07,-4.224201362510098e-07
7.102272727272727e-03,5.340909090909091e-01,-2.123154126288333e-09,2.770810949042037e-10
2.130681818181818e-02,5.340909090909091e-01,-6.369462378844695e-09,8.312432846940014e-10
3.551136363636364e-02,5.340909090909091e-01,-1.061577063140106e-08,1.385405474483799e-09
4.971590909090909e-02,5.340909090909091e-01,-1.486207888395742e-08,1.939567664273597e-09
6.392045454545454e-02,5.340909090909091e-01,-1.910299414586878e-08,2.415622460975555e-09
7.812500000000000e-02,5.340909090909091e-01,-2.329537249197508e-08,2.188710719886952e-09
9.232954545454546e-02,5.340909090909091e-01,-2.748775083808137e-08,1.961798978798350e-09
1.065340909090909e-01,5.340909090909091e-01,-3.168012918418767e-08,1.734887237709748e-09
1.207386363636364e-01,5.340909090909091e-01,-3.587250753029397e-08,1.507975496621146e-09
1.349431818181818e-01,5.340909090909091e-01,-3.997512315060460e-08,6.771170004424218e-10
1.491477272727273e-01,5.340909090909091e-01,-4.403926903128852e-08,-4.125758193463509e-10
1.633522727272727e-01,5.340909090909091e-01,-4.810341491197245e-08,-1.502268639135126e-09
1.775568181818182e-01,5.340909090909091e-01,-5.216756079265636e-08,-2.591961458923900e-09
1.917613636363636e-01,5.340909090909091e-01,-5.618368598666752e-08,-4.003980056919569e-09
2.059659090909091e-01,5.340909090909091e-01,-6.008776291177557e-08,-6.168092137397979e-09
2.201704545454546e-01,5.340909090909091e-01,-6.399183983688362e-08,-8.332204217876394e-09
2.343750000000000e-01,5.340909090909091e-01,-6.789591676199166e-08,-1.049631629835480e-08
2.485795454545454e-01,5.340909090909091e-01,-7.179999368709972e-08,-1.266042837883322e-08
2.627840909090909e-01,5.340909090909091e-01,-7.557288912474425e-08,-1.613051787539340e-08
2.769886363636364e-01,5.340909090909091e-01,-7.933120884155950e-08,-1.974571597374045e-08
2.911931818181818e-01,5.340909090909091e-01,-8.308952855837475e-08,-2.336091407208750e-08
3.053977272727273e-01,5.340909090909091e-01,-8.684784827519001e-08,-2.697611217043456e-08
3.196022727272727e-01,5.340909090909091e-01,-9.057802997929562e-08,-3.162241089022456e-08
3.338068181818182e-01,5.340909090909091e-01,-9.428007367069160e-08,-3.729981023145754e-08
3.480113636363636e-01,5.340909090909091e-01,-9.798211736208759e-08,-4.297720957269052e-08
3.622159090909091e-01,5.340909090909091e-01,-1.016841610534836e-07,-4.865460891392350e-08
3.764204545454545e-01,5.340909090909091e-01,-1.054075646728540e-07,-5.463618300584797e-08
3.906250000000000e-01,5.340909090909091e-01,-1.093232076439941e-07,-6.335532985399610e-08
4.048295454545455e-01,5.340909090909091e-01,-1.132388506151342e-07,-7.207447670214425e-08
4.190340909090909e-01,5.340909090909091e-01,-1.171544935862743e-07,-8.079362355029236e-08
4.332386363636364e-01,5.340909090909091e-01,-1.210701365574144e-07,-8.951277039844046e-08
4.474431818181818e-01,5.340909090909091e-01,-1.256812874507557e-07,-1.015168657805524e-07
4.616477272727273e-01,5.340909090909091e-01,-1.305905131678975e-07,-1.149287962486487e-07
4.758522727272727e-01,5.340909090909091e-01,-1.354997388850393e-07,-1.283407267167450e-07
4.900568181818182e-01,5.340909090909091e-01,-1.404089646021811e-07,-1.417526571848413e-07
5.042613636363636e-01,5.340909090909091e-01,-1.462136001543558e-07,-1.573467070037834e-07
5.184659090909091e-01,5.340909090909091e-01,-1.541075253216073e-07,-1.780323686413655e-07
5.326704545454546e-01,5.340909090909091e-01,-1.620014504888590e-07,-1.987180302789477e-07
5.468750000000000e-01,5.340909090909091e-01,-1.698953756561105e-07,-2.194036919165298e-07
5.610795454545454e-01,5.340909090909091e-01,-1.777893008233621e-07,-2.400893535541119e-07
5.752840909090909e-01,5.340909090909091e-01,-1.913062902960263e-07,-2.726229298479637e-07
5.894886363636364e-01,5.340909090909091e-01,-2.054480646915142e-07,-3.064729411036229e-07
6.036931818181818e-01,5.340909090909091e-01,-2.195898390870021e-07,-3.403229523592822e-07
6.178977272727273e-01,5.340909090909091e-01,-2.337316134824900e-07,-3.741729636149418e-07
7.102272727272727e-03,5.568181818181818e-01,-2.068272161763024e-09,6.366185561166594e-10
2.130681818181818e-02,5.568181818181818e-01,-6.204816485265560e-09,1.909855668319657e-09
3.551136363636364e-02,5.568181818181818e-01,-1.034136080876810e-08,3.183092780522656e-09
4.971590909090909e-02,5.568181818181818e-01,-1.447790513227063e-08,4.456329892725653e-09
6.392045454545454e-02,5.568181818181818e-01,-1.860963265605839e-08,5.650779924919947e-09
7.812500000000000e-02,5.568181818181818e-01,-2.269800898241318e-08,6.136146237035894e-09
9.232954545454546e-02,5.568181818181818e-01,-2.678638530876796e-08,6.621512549151841e-09
1.065340909090909e-01,5.568181818181818e-01,-3.087476163512274e-08,7.106878861267787e-09
1.207386363636364e-01,5.568181818181818e-01,-3.496313796147753e-08,7.592245173383736e-09
1.349431818181818e-01,5.568181818181818e-01,-3.897955634066849e-08,7.481409111242216e-09
1.491477272727273e-01,5.568181818181818e-01,-4.296513559964638e-08,7.115057745847496e-09
1.633522727272727e-01,5.568181818181818e-01,-4.695071485862428e-08,6.748706380452777e-09
1.775568181818182e-01,5.568181818181818e-01,-5.093629411760218e-08,6.382355015058058e-09
1.917613636363636e-01,5.568181818181818e-01,-5.489040705300094e-08,5.701866524849037e-09
2.059659090909091e-01,5.568181818181818e-01,-5.877109856671506e-08,4.288391410073316e-09
2.201704545454546e-01,5.568181818181818e-01,-6.265179008042917e-08,2.874916295297593e-09
2.343750000000000e-01,5.568181818181818e-01,-6.653248159414329e-08,1.461441180521873e-09
2.485795454545454e-01,5.568181818181818e-01,-7.041317310785741e-08,4.796606574615239e-11
2.627840909090909e-01,5.568181818181818e-01,-7.425678734157973e-08,-2.630356027876234e-09
2.769886363636364e-01,5.568181818181818e-01,-7.809628187752521e-08,-5.449216674703814e-09
2.911931818181818e-01,5.568181818181818e-01,-8.193577641347067e-08,-8.268077321531390e-09
3.053977272727273e-01,5.568181818181818e-01,-8.577527094941612e-08,-1.108693796835897e-08
3.196022727272727e-01,5.568181818181818e-01,-8.968481945269740e-08,-1.489825545316566e-08
3.338068181818182e-01,5.568181818181818e-01,-9.366442192331451e-08,-1.970202977595148e-08
3.480113636363636e-01,5.568181818181818e-01,-9.764402439393163e-08,-2.450580409873731e-08
3.622159090909091e-01,5.568181818181818e-01,-1.016236268645487e-07,-2.930957842152313e-08
3.764204545454545e-01,5.568181818181818e-01,-1.056616526473148e-07,-3.440096203410606e-08
3.906250000000000e-01,5.568181818181818e-01,-1.102254882394212e-07,-4.208082925486310e-08
4.048295454545455e-01,5.568181818181818e-01,-1.147893238315276e-07,-4.976069647562014e-08
4.190340909090909e-01,5.568181818181818e-01,-1.193531594236340e-07,-5.744056369637716e-08
4.332386363636364e-01,5.568181818181818e-01,-1.239169950157404e-07,-6.512043091713420e-08
4.474431818181818e-01,5.568181818181818e-01,-1.296878624737498e-07,-7.581752122794983e-08
4.616477272727273e-01,5.568181818181818e-01,-1.359760293028606e-07,-8.780770714879059e-08
4.758522727272727e-01,5.568181818181818e-01,-1.422641961319713e-07,-9.979789306963128e-08
4.900568181818182e-01,5.568181818181818e-01,-1.485523629610820e-07,-1.117880789904720e-07
5.042613636363636e-01,5.568181818181818e-01,-1.560784440541769e-07,-1.256968775975698e-07
5.184659090909091e-01,5.568181818181818e-01,-1.664929917632345e-07,-1.440824391392674e-07
5.326704545454546e-01,5.568181818181818e-01,-1.769075394722923e-07,-1.624680006809651e-07
5.468750000000000e-01,5.568181818181818e-01,-1.873220871813499e-07,-1.808535622226627e-07
5.610795454545454e-01,5.568181818181818e-01,-1.977366348904076e-07,-1.992391237643603e-07
5.752840909090909e-01,5.568181818181818e-01,-2.165321291559896e-07,-2.298887824709172e-07
5.894886363636364e-01,5.568181818181818e-01,-2.362588397056298e-07,-2.619011186402360e-07
6.036931818181818e-01,5.568181818181818e-01,-2.559855502552700e-07,-2.939134548095547e-07
6.178977272727273e-01,5.568181818181818e-01,-2.757122608049103e-07,-3.259257909788738e-07
7.102272727272727e-03,5.795454545454546e-01,-1.997862124858909e-09,9.774614867615599e-10
2.130681818181818e-02,5.795454545454546e-01,-5.993586374571212e-09,2.932384460274242e-09
3.551136363636364e-02,5.795454545454546e-01,-9.989310624283515e-09,4.887307433786925e-09
4.971590909090909e-02,5.795454545454546e-01,-1.398503487399582e-08,6.842230407299606e-09
6.392045454545454e-02,5.795454545454546e-01,-1.797632395178937e-08,8.719061162114678e-09
7.812500000000000e-02,5.795454545454546e-01,-2.192769648231419e-08,9.893061948651263e-09
9.232954545454546e-02,5.795454545454546e-01,-2.587906901283901e-08,1.106706273518785e-08
1.065340909090909e-01,5.795454545454546e-01,-2.983044154336382e-08,1.224106352172443e-08
1.207386363636364e-01,5.795454545454546e-01,-3.378181407388863e-08,1.341506430826101e-08
1.349431818181818e-01,5.795454545454546e-01,-3.767662917708167e-08,1.401345481747040e-08
1.491477272727273e-01,5.795454545454546e-01,-4.154720538284678e-08,1.436515520782528e-08
1.633522727272727e-01,5.795454545454546e-01,-4.541778158861189e-08,1.471685559818015e-08
1.775568181818182e-01,5.795454545454546e-01,-4.928835779437701e-08,1.506855598853503e-08
1.917613636363636e-01,5.795454545454546e-01,-5.314131100361139e-08,1.512198704865095e-08
2.059659090909091e-01,5.795454545454546e-01,-5.695314388760740e-08,1.447945633820932e-08
2.201704545454546e-01,5.795454545454546e-01,-6.076497677160340e-08,1.383692562776770e-08
2.343750000000000e-01,5.795454545454546e-01,-6.457680965559940e-08,1.319439491732607e-08
2.485795454545454e-01,5.795454545454546e-01,-6.838864253959539e-08,1.255186420688444e-08
2.627840909090909e-01,5.795454545454546e-01,-7.223499696125894e-08,1.071955544209388e-08
2.769886363636364e-01,5.795454545454546e-01,-7.608518710932998e-08,8.755049115708999e-09
2.911931818181818e-01,5.795454545454546e-01,-7.993537725740104e-08,6.790542789324118e-09
3.053977272727273e-01,5.795454545454546e-01,-8.378556740547209e-08,4.826036462939234e-09
3.196022727272727e-01,5.795454545454546e-01,-8.776790089707182e-08,1.938284591480311e-09
3.338068181818182e-01,5.795454545454546e-01,-9.188237773220026e-08,-1.872712825052673e-09
3.480113636363636e-01,5.795454545454546e-01,-9.599685456732870e-08,-5.683710241585656e-09
3.622159090909091e-01,5.795454545454546e-01,-1.001113314024572e-07,-9.494707658118636e-09
3.764204545454545e-01,5.795454545454546e-01,-1.043018198434214e-07,-1.356853877849368e-08
3.906250000000000e-01,5.795454545454546e-01,-1.091764127369082e-07,-2.000787323344749e-08
4.048295454545455e-01,5.795454545454546e-01,-1.140510056303950e-07,-2.644720768840130e-08
4.190340909090909e-01,5.795454545454546e-01,-1.189255985238818e-07,-3.288654214335509e-08
4.332386363636364e-01,5.795454545454546e-01,-1.238001914173685e-07,-3.932587659830890e-08
4.474431818181818e-01,5.795454545454546e-01,-1.300006248277224e-07,-4.841330356366629e-08
4.616477272727273e-01,5.795454545454546e-01,-1.367692756024478e-07,-5.863562731919666e-08
4.758522727272727e-01,5.795454545454546e-01,-1.435379263771733e-07,-6.885795107472697e-08
4.900568181818182e-01,5.795454545454546e-01,-1.503065771518987e-07,-7.908027483025733e-08
5.042613636363636e-01,5.795454545454546e-01,-1.583208398016881e-07,-9.098727747940325e-08
5.184659090909091e-01,5.795454545454546e-01,-1.692415301599598e-07,-1.068251975469854e-07
5.326704545454546e-01,5.795454545454546e-01,-1.801622205182315e-07,-1.226631176145677e-07
5.468750000000000e-01,5.795454545454546e-01,-1.910829108765032e-07,-1.385010376821498e-07
5.610795454545454e-01,5.795454545454546e-01,-2.020036012347749e-07,-1.543389577497320e-07
5.752840909090909e-01,5.795454545454546e-01,-2.208078961423209e-07,-1.807395489896643e-07
5.894886363636364e-01,5.795454545454546e-01,-2.404881471108972e-07,-2.083137703598576e-07
6.036931818181818e-01,5.795454545454546e-01,-2.601683980794735e-07,-2.358879917300509e-07
6.178977272727273e-01,5.795454545454546e-01,-2.798486490480500e-07,-2.634622131002445e-07
7.102272727272727e-03,6.022727272727273e-01,-1.922276063828526e-09,1.312072907217272e-09
2.130681818181818e-02,6.022727272727273e-01,-5.766828191505128e-09,3.936218721671795e-09
3.551136363636364e-02,6.022727272727273e-01,-9.611380319181732e-09,6.560364536126319e-09
4.971590909090909e-02,6.022727272727273e-01,-1.345593244685833e-08,9.184510350580841e-09
6.392045454545454e-02,6.022727272727273e-01,-1.729636617603414e-08,1.173171699039284e-08
7.812500000000000e-02,6.022727272727273e-01,-2.109973431870284e-08,1.358647105842208e-08
9.232954545454546e-02,6.022727272727273e-01,-2.490310246137155e-08,1.544122512645133e-08
1.065340909090909e-01,6.022727272727273e-01,-2.870647060404025e-08,1.729597919448057e-08
1.207386363636364e-01,6.022727272727273e-01,-3.250983874670895e-08,1.915073326250982e-08
1.349431818181818e-01,6.022727272727273e-01,-3.627124856227795e-08,2.045475172217468e-08
1.491477272727273e-01,6.022727272727273e-01,-4.001467623766136e-08,2.152274063539765e-08
1.633522727272727e-01,6.022727272727273e-01,-4.375810391304478e-08,2.259072954862063e-08
1.775568181818182e-01,6.022727272727273e-01,-4.750153158842819e-08,2.365871846184361e-08
1.917613636363636e-01,6.022727272727273e-01,-5.124027591564753e-08,2.444686555313057e-08
2.059659090909091e-01,6.022727272727273e-01,-5.496809243048402e-08,2.458204839323350e-08
2.201704545454546e-01,6.022727272727273e-01,-5.869590894532052e-08,2.471723123333643e-08
2.343750000000000e-01,6.022727272727273e-01,-6.242372546015701e-08,2.485241407343935e-08
2.485795454545454e-01,6.022727272727273e-01,-6.615154197499350e-08,2.498759691354228e-08
2.627840909090909e-01,6.022727272727273e-01,-6.997797704855272e-08,2.401938345288157e-08
2.769886363636364e-01,6.022727272727273e-01,-7.381536973974783e-08,2.292857040324712e-08
2.911931818181818e-01,6.022727272727273e-01,-7.765276243094290e-08,2.183775735361266e-08
3.053977272727273e-01,6.022727272727273e-01,-8.149015512213800e-08,2.074694430397821e-08
3.196022727272727e-01,6.022727272727273e-01,-8.550974633177045e-08,1.881228617198853e-08
3.338068181818182e-01,6.022727272727273e-01,-8.971153605984030e-08,1.603378295764360e-08
3.480113636363636e-01,6.022727272727273e-01,-9.391332578791014e-08,1.325527974329868e-08
3.622159090909091e-01,6.022727272727273e-01,-9.811511551597998e-08,1.047677652895376e-08
3.764204545454545e-01,6.022727272727273e-01,-1.024040134467433e-07,7.462951905075358e-09
3.906250000000000e-01,6.022727272727273e-01,-1.074768852017485e-07,2.331234595395496e-09
4.048295454545455e-01,6.022727272727273e-01,-1.125497569567537e-07,-2.800482714284366e-09
4.190340909090909e-01,6.022727272727273e-01,-1.176226287117589e-07,-7.932200023964215e-09
4.332386363636364e-01,6.022727272727273e-01,-1.226955004667641e-07,-1.306391733364408e-08
4.474431818181818e-01,6.022727272727273e-01,-1.290821162920211e-07,-2.044079486215591e-08
4.616477272727273e-01,6.022727272727273e-01,-1.360317652902432e-07,-2.877988391302431e-08
4.758522727272727e-01,6.022727272727273e-01,-1.429814142884652e-07,-3.711897296389268e-08
4.900568181818182e-01,6.022727272727273e-01,-1.499310632866873e-07,-4.545806201476107e-08
5.042613636363636e-01,6.022727272727273e-01,-1.580224194984293e-07,-5.525775379058589e-08
5.184659090909091e-01,6.022727272727273e-01,-1.687777592083843e-07,-6.846551859130900e-08
5.326704545454546e-01,6.022727272727273e-01,-1.795330989183394e-07,-8.167328339203221e-08
5.468750000000000e-01,6.022727272727273e-01,-1.902884386282944e-07,-9.488104819275528e-08
5.610795454545454e-01,6.022727272727273e-01,-2.010437783382494e-07,-1.080888129934784e-07
5.752840909090909e-01,6.022727272727273e-01,-2.181003058374414e-07,-1.294519534736764e-07
5.894886363636364e-01,6.022727272727273e-01,-2.358569653132152e-07,-1.517212468071492e-07
6.036931818181818e-01,6.022727272727273e-01,-2.536136247889889e-07,-1.739905401406221e-07
6.178977272727273e-01,6.022727272727273e-01,-2.713702842647628e-07,-1.962598334740951e-07
7.102272727272727e-03,6.250000000000000e-01,-1.846690002798144e-09,1.646684327672985e-09
2.130681818181818e-02,6.250000000000000e-01,-5.540070008439045e-09,4.940052983069349e-09
3.551136363636364e-02,6.250000000000000e-01,-9.233450014079948e-09,8.233421638465714e-09
4.971590909090909e-02,6.250000000000000e-01,-1.292683001972085e-08,1.152679029386208e-08
6.392045454545454e-02,6.250000000000000e-01,-1.661640840027892e-08,1.474437281867100e-08
7.812500000000000e-02,6.250000000000000e-01,-2.027177215509150e-08,1.727988016819290e-08
9.232954545454546e-02,6.250000000000000e-01,-2.392713590990409e-08,1.981538751771481e-08
1.065340909090909e-01,6.250000000000000e-01,-2.758249966471668e-08,2.235089486723672e-08
1.207386363636364e-01,6.250000000000000e-01,-3.123786341952926e-08,2.488640221675862e-08
1.349431818181818e-01,6.250000000000000e-01,-3.486586794747424e-08,2.689604862687895e-08
1.491477272727273e-01,6.250000000000000e-01,-3.848214709247594e-08,2.868032606297003e-08
1.633522727272727e-01,6.250000000000000e-01,-4.209842623747766e-08,3.046460349906111e-08
1.775568181818182e-01,6.250000000000000e-01,-4.571470538247937e-08,3.224888093515219e-08
1.917613636363636e-01,6.250000000000000e-01,-4.933924082768366e-08,3.377174405761020e-08
2.059659090909091e-01,6.250000000000000e-01,-5.298304097336065e-08,3.468464044825768e-08
2.201704545454546e-01,6.250000000000000e-01,-5.662684111903764e-08,3.559753683890516e-08
2.343750000000000e-01,6.250000000000000e-01,-6.027064126471462e-08,3.651043322955265e-08
2.485795454545454e-01,6.250000000000000e-01,-6.391444141039162e-08,3.742332962020013e-08
2.627840909090909e-01,6.250000000000000e-01,-6.772095713584651e-08,3.731921146366926e-08
2.769886363636364e-01,6.250000000000000e-01,-7.154555237016564e-08,3.710209169078523e-08
2.911931818181818e-01,6.250000000000000e-01,-7.537014760448477e-08,3.688497191790121e-08
3.053977272727273e-01,6.250000000000000e-01,-7.919474283880391e-08,3.666785214501718e-08
3.196022727272727e-01,6.250000000000000e-01,-8.325159176646907e-08,3.568628775249674e-08
3.338068181818182e-01,6.250000000000000e-01,-8.754069438748032e-08,3.394027874033988e-08
3.480113636363636e-01,6.250000000000000e-01,-9.182979700849156e-08,3.219426972818302e-08
3.622159090909091e-01,6.250000000000000e-01,-9.611889962950281e-08,3.044826071602617e-08
3.764204545454545e-01,6.250000000000000e-01,-1.005062070500653e-07,2.849444258864441e-08
3.906250000000000e-01,6.250000000000000e-01,-1.057773576665889e-07,2.467034242423849e-08
4.048295454545455e-01,6.250000000000000e-01,-1.110485082831125e-07,2.084624225983257e-08
4.190340909090909e-01,6.250000000000000e-01,-1.163196588996361e-07,1.702214209542666e-08
4.332386363636364e-01,6.250000000000000e-01,-1.215908095161597e-07,1.319804193102074e-08
4.474431818181818e-01,6.250000000000000e-01,-1.281636077563199e-07,7.531713839354467e-09
4.616477272727273e-01,6.250000000000000e-01,-1.352942549780385e-07,1.075859493148033e-09
4.758522727272727e-01,6.250000000000000e-01,-1.424249021997572e-07,-5.379994853058375e-09
4.900568181818182e-01,6.250000000000000e-01,-1.495555494214759e-07,-1.183584919926481e-08
5.042613636363636e-01,6.250000000000000e-01,-1.577239991951705e-07,-1.952823010176854e-08
5.184659090909091e-01,6.250000000000000e-01,-1.683139882568088e-07,-3.010583963563259e-08
5.326704545454546e-01,6.250000000000000e-01,-1.789039773184472e-07,-4.068344916949672e-08
5.468750000000000e-01,6.250000000000000e-01,-1.894939663800855e-07,-5.126105870336077e-08
5.610795454545454e-01,6.250000000000000e-01,-2.000839554417238e-07,-6.183866823722481e-08
5.752840909090909e-01,6.250000000000000e-01,-2.153927155325619e-07,-7.816435795768847e-08
5.894886363636364e-01,6.250000000000000e-01,-2.312257835155330e-07,-9.512872325444083e-08
6.036931818181818e-01,6.250000000000000e-01,-2.470588514985043e-07,-1.120930885511932e-07
6.178977272727273e-01,6.250000000000000e-01,-2.628919194814755e-07,-1.290574538479457e-07
7.102272727272727e-03,6.477272727272727e-01,-1.753477298101451e-09,1.921129915016327e-09
2.130681818181818e-02,6.477272727272727e-01,-5.260431894356009e-09,5.763389745100078e-09
3.551136363636364e-02,6.477272727272727e-01,-8.767386490610569e-09,9.605649575183831e-09
4.971590909090909e-02,6.477272727272727e-01,-1.227434108686513e-08,1.344790940526758e-08
6.392045454545454e-02,6.477272727272727e-01,-1.577721551375907e-08,1.721684848673607e-08
7.812500000000000e-02,6.477272727272727e-01,-1.924336841640751e-08,2.032590083066714e-08
9.232954545454546e-02,6.477272727272727e-01,-2.270952131905594e-08,2.343495317459822e-08
1.065340909090909e-01,6.477272727272727e-01,-2.617567422170438e-08,2.654400551852929e-08
1.207386363636364e-01,6.477272727272727e-01,-2.964182712435281e-08,2.965305786246036e-08
1.349431818181818e-01,6.477272727272727e-01,-3.308899864491963e-08,3.227216128944258e-08
1.491477272727273e-01,6.477272727272727e-01,-3.652803528745144e-08,3.468128660916100e-08
1.633522727272727e-01,6.477272727272727e-01,-3.996707192998326e-08,3.709041192887942e-08
1.775568181818182e-01,6.477272727272727e-01,-4.340610857251509e-08,3.949953724859784e-08
1.917613636363636e-01,6.477272727272727e-01,-4.686125465589802e-08,4.167099258485106e-08
2.059659090909091e-01,6.477272727272727e-01,-5.035398943460014e-08,4.328788462635214e-08
2.201704545454546e-01,6.477272727272727e-01,-5.384672421330228e-08,4.490477666785321e-08
2.343750000000000e-01,6.477272727272727e-01,-5.733945899200442e-08,4.652166870935429e-08
2.485795454545454e-01,6.477272727272727e-01,-6.083219377070654e-08,4.813856075085536e-08
2.627840909090909e-01,6.477272727272727e-01,-6.451965463655094e-08,4.884213756802568e-08
2.769886363636364e-01,6.477272727272727e-01,-6.822875173430005e-08,4.944423491582590e-08
2.911931818181818e-01,6.477272727272727e-01,-7.193784883204918e-08,5.004633226362614e-08
3.053977272727273e-01,6.477272727272727e-01,-7.564694592979828e-08,5.064842961142638e-08
3.196022727272727e-01,6.477272727272727e-01,-7.960416195217866e-08,5.056723851833878e-08
3.338068181818182e-01,6.477272727272727e-01,-8.380949689919036e-08,4.980275898436335e-08
3.480113636363636e-01,6.477272727272727e-01,-8.801483184620203e-08,4.903827945038790e-08
3.622159090909091e-01,6.477272727272727e-01,-9.222016679321370e-08,4.827379991641247e-08
3.764204545454545e-01,6.477272727272727e-01,-9.652129753930565e-08,4.732664786834405e-08
3.906250000000000e-01,6.477272727272727e-01,-1.016845904771201e-07,4.473544319343854e-08
4.048295454545455e-01,6.477272727272727e-01,-1.068478834149345e-07,4.214423851853305e-08
4.190340909090909e-01,6.477272727272727e-01,-1.120111763527489e-07,3.955303384362756e-08
4.332386363636364e-01,6.477272727272727e-01,-1.171744692905634e-07,3.696182916872206e-08
4.474431818181818e-01,6.477272727272727e-01,-1.235284413696319e-07,3.275332552353081e-08
4.616477272727273e-01,6.477272727272727e-01,-1.303927045092379e-07,2.785169374821709e-08
4.758522727272727e-01,6.477272727272727e-01,-1.372569676488438e-07,2.295006197290339e-08
4.900568181818182e-01,6.477272727272727e-01,-1.441212307884499e-07,1.804843019758967e-08
5.042613636363636e-01,6.477272727272727e-01,-1.519201464780629e-07,1.225513994488958e-08
5.184659090909091e-01,6.477272727272727e-01,-1.618999181176925e-07,4.381313244954638e-09
5.326704545454546e-01,6.477272727272727e-01,-1.718796897573222e-07,-3.492513454980348e-09
5.468750000000000e-01,6.477272727272727e-01,-1.818594613969517e-07,-1.136634015491528e-08
5.610795454545454e-01,6.477272727272727e-01,-1.918392330365813e-07,-1.924016685485022e-08
5.752840909090909e-01,6.477272727272727e-01,-2.078566682791970e-07,-3.106909931120714e-08
5.894886363636364e-01,6.477272727272727e-01,-2.245449550332555e-07,-4.333748796272197e-08
6.036931818181818e-01,6.477272727272727e-01,-2.412332417873139e-07,-5.560587661423682e-08
6.178977272727273e-01,6.477272727272727e-01,-2.579215285413725e-07,-6.787426526575174e-08
7.102272727272727e-03,6.704545454545454e-01,-1.660264593404759e-09,2.195575502359668e-09
2.130681818181818e-02,6.704545454545454e-01,-4.980793780272973e-09,6.586726507130807e-09
3.551136363636364e-02,6.704545454545454e-01,-8.301322967141188e-09,1.097787751190195e-08
4.971590909090909e-02,6.704545454545454e-01,-1.162185215400940e-08,1.536902851667309e-08
6.392045454545454e-02,6.704545454545454e-01,-1.493802262723922e-08,1.968932415480114e-08
7.812500000000000e-02,6.704545454545454e-01,-1.821496467772351e-08,2.337192149314138e-08
9.232954545454546e-02,6.704545454545454e-01,-2.149190672820780e-08,2.705451883148163e-08
1.065340909090909e-01,6.704545454545454e-01,-2.476884877869208e-08,3.073711616982187e-08
1.207386363636364e-01,6.704545454545454e-01,-2.804579082917637e-08,3.441971350816211e-08
1.349431818181818e-01,6.704545454545454e-01,-3.131212934236501e-08,3.764827395200621e-08
1.491477272727273e-01,6.704545454545454e-01,-3.457392348242695e-08,4.068224715535197e-08
1.633522727272727e-01,6.704545454545454e-01,-3.783571762248888e-08,4.371622035869773e-08
1.775568181818182e-01,6.704545454545454e-01,-4.109751176255082e-08,4.675019356204349e-08
1.917613636363636e-01,6.704545454545454e-01,-4.438326848411236e-08,4.957024111209192e-08
2.059659090909091e-01,6.704545454545454e-01,-4.772493789583964e-08,5.189112880444659e-08
2.201704545454546e-01,6.704545454545454e-01,-5.106660730756692e-08,5.421201649680126e-08
2.343750000000000e-01,6.704545454545454e-01,-5.440827671929420e-08,5.653290418915593e-08
2.485795454545454e-01,6.704545454545454e-01,-5.774994613102147e-08,5.885379188151059e-08
2.627840909090909e-01,6.704545454545454e-01,-6.131835213725536e-08,6.036506367238210e-08
2.769886363636364e-01,6.704545454545454e-01,-6.491195109843445e-08,6.178637814086658e-08
2.911931818181818e-01,6.704545454545454e-01,-6.850555005961357e-08,6.320769260935107e-08
3.053977272727273e-01,6.704545454545454e-01,-7.209914902079265e-08,6.462900707783557e-08
3.196022727272727e-01,6.704545454545454e-01,-7.595673213788823e-08,6.544818928418081e-08
3.338068181818182e-01,6.704545454545454e-01,-8.007829941090036e-08,6.566523922838681e-08
3.480113636363636e-01,6.704545454545454e-01,-8.419986668391248e-08,6.588228917259281e-08
3.622159090909091e-01,6.704545454545454e-01,-8.832143395692460e-08,6.609933911679879e-08
3.764204545454545e-01,6.704545454545454e-01,-9.253638802854602e-08,6.615885314804368e-08
3.906250000000000e-01,6.704545454545454e-01,-9.759182328765129e-08,6.480054396263861e-08
4.048295454545455e-01,6.704545454545454e-01,-1.026472585467566e-07,6.344223477723354e-08
4.190340909090909e-01,6.704545454545454e-01,-1.077026938058618e-07,6.208392559182847e-08
4.332386363636364e-01,6.704545454545454e-01,-1.127581290649671e-07,6.072561640642338e-08
4.474431818181818e-01,6.704545454545454e-01,-1.188932749829440e-07,5.797493720770715e-08
4.616477272727273e-01,6.704545454545454e-01,-1.254911540404372e-07,5.462752800328614e-08
4.758522727272727e-01,6.704545454545454e-01,-1.320890330979305e-07,5.128011879886516e-08
4.900568181818182e-01,6.704545454545454e-01,-1.386869121554238e-07,4.793270959444415e-08
5.042613636363636e-01,6.704545454545454e-01,-1.461162937609554e-07,4.403850999154769e-08
5.184659090909091e-01,6.704545454545454e-01,-1.554858479785762e-07,3.886846612554187e-08
5.326704545454546e-01,6.704545454545454e-01,-1.648554021961971e-07,3.369842225953602e-08
5.468750000000000e-01,6.704545454545454e-01,-1.742249564138180e-07,2.852837839353020e-08
5.610795454545454e-01,6.704545454545454e-01,-1.835945106314388e-07,2.335833452752439e-08
5.752840909090909e-01,6.704545454545454e-01,-2.003206210258322e-07,1.602615933527418e-08
5.894886363636364e-01,6.704545454545454e-01,-2.178641265509779e-07,8.453747328996866e-09
6.036931818181818e-01,6.704545454545454e-01,-2.354076320761237e-07,8.813353227195519e-10
6.178977272727273e-01,6.704545454545454e-01,-2.529511376012696e-07,-6.691076683557820e-09
7.102272727272727e-03,6.931818181818182e-01,-1.563880474860838e-09,2.445683424451785e-09
2.130681818181818e-02,6.931818181818182e-01,-4.691641424648056e-09,7.337050273396190e-09
3.551136363636364e-02,6.931818181818182e-01,-7.819402374435276e-09,1.222841712234060e-08
4.971590909090909e-02,6.931818181818182e-01,-1.094716332422249e-08,1.711978397128500e-08
6.392045454545454e-02,6.931818181818182e-01,-1.407009718809377e-08,2.194294990229458e-08
7.812500000000000e-02,6.931818181818182e-01,-1.714958727872159e-08,2.615230757189068e-08
9.232954545454546e-02,6.931818181818182e-01,-2.022907736934941e-08,3.036166524148679e-08
1.065340909090909e-01,6.931818181818182e-01,-2.330856745997723e-08,3.457102291108289e-08
1.207386363636364e-01,6.931818181818182e-01,-2.638805755060506e-08,3.878038058067900e-08
1.349431818181818e-01,6.931818181818182e-01,-2.946365598051215e-08,4.257282028004929e-08
1.491477272727273e-01,6.931818181818182e-01,-3.253758655582464e-08,4.618658084932279e-08
1.633522727272727e-01,6.931818181818182e-01,-3.561151713113714e-08,4.980034141859630e-08
1.775568181818182e-01,6.931818181818182e-01,-3.868544770644964e-08,5.341410198786981e-08
1.917613636363636e-01,6.931818181818182e-01,-4.179017490288655e-08,5.683805218638166e-08
2.059659090909091e-01,6.931818181818182e-01,-4.496676088194706e-08,5.981911151978299e-08
2.201704545454546e-01,6.931818181818182e-01,-4.814334686100759e-08,6.280017085318435e-08
2.343750000000000e-01,6.931818181818182e-01,-5.131993284006811e-08,6.578123018658567e-08
2.485795454545454e-01,6.931818181818182e-01,-5.449651881912862e-08,6.876228951998699e-08
2.627840909090909e-01,6.931818181818182e-01,-5.792758874065923e-08,7.103630639286873e-08
2.769886363636364e-01,6.931818181818182e-01,-6.138693465579764e-08,7.323176299235938e-08
2.911931818181818e-01,6.931818181818182e-01,-6.484628057093604e-08,7.542721959185004e-08
3.053977272727273e-01,6.931818181818182e-01,-6.830562648607443e-08,7.762267619134069e-08
3.196022727272727e-01,6.931818181818182e-01,-7.204160361735352e-08,7.929556758441101e-08
3.338068181818182e-01,6.931818181818182e-01,-7.605421196477329e-08,8.044589377106096e-08
3.480113636363636e-01,6.931818181818182e-01,-8.006682031219308e-08,8.159621995771094e-08
3.622159090909091e-01,6.931818181818182e-01,-8.407942865961286e-08,8.274654614436091e-08
3.764204545454545e-01,6.931818181818182e-01,-8.818334925478495e-08,8.376219167855273e-08
3.906250000000000e-01,6.931818181818182e-01,-9.310908007972802e-08,8.356571134062114e-08
4.048295454545455e-01,6.931818181818182e-01,-9.803481090467112e-08,8.336923100268954e-08
4.190340909090909e-01,6.931818181818182e-01,-1.029605417296142e-07,8.317275066475796e-08
4.332386363636364e-01,6.931818181818182e-01,-1.078862725545572e-07,8.297627032682637e-08
4.474431818181818e-01,6.931818181818182e-01,-1.137843933081148e-07,8.159900392702080e-08
4.616477272727273e-01,6.931818181818182e-01,-1.200992526025070e-07,7.971568635784067e-08
4.758522727272727e-01,6.931818181818182e-01,-1.264141118968992e-07,7.783236878866055e-08
4.900568181818182e-01,6.931818181818182e-01,-1.327289711912915e-07,7.594905121948042e-08
5.042613636363636e-01,6.931818181818182e-01,-1.397421797344229e-07,7.377283684425981e-08
5.184659090909091e-01,6.931818181818182e-01,-1.483848698579454e-07,7.091319658827806e-08
5.326704545454546e-01,6.931818181818182e-01,-1.570275599814680e-07,6.805355633229629e-08
5.468750000000000e-01,6.931818181818182e-01,-1.656702501049906e-07,6.519391607631453e-08
5.610795454545454e-01,6.931818181818182e-01,-1.743129402285132e-07,6.233427582033280e-08
5.752840909090909e-01,6.931818181818182e-01,-1.902251507398591e-07,5.933169189714058e-08
5.894886363636364e-01,6.931818181818182e-01,-2.069450857387408e-07,5.631322534425834e-08
6.036931818181818e-01,6.931818181818182e-01,-2.236650207376225e-07,5.329475879137610e-08
6.178977272727273e-01,6.931818181818182e-01,-2.403849557365043e-07,5.027629223849383e-08
7.102272727272727e-03,7.159090909090909e-01,-1.457982114775234e-09,2.622778350790224e-09
2.130681818181818e-02,7.159090909090909e-01,-4.373946344397500e-09,7.868335052365520e-09
3.551136363636364e-02,7.159090909090909e-01,-7.289910574019766e-09,1.311389175394082e-08
4.971590909090909e-02,7.159090909090909e-01,-1.020587480364203e-08,1.835944845551611e-08
6.392045454545454e-02,7.159090909090909e-01,-1.311597409107151e-08,2.354002588807309e-08
7.812500000000000e-02,7.159090909090909e-01,-1.597328889876594e-08,2.813578989946513e-08
9.232954545454546e-02,7.159090909090909e-01,-1.883060370646036e-08,3.273155391085718e-08
1.065340909090909e-01,7.159090909090909e-01,-2.168791851415478e-08,3.732731792224922e-08
1.207386363636364e-01,7.159090909090909e-01,-2.454523332184920e-08,4.192308193364127e-08
1.349431818181818e-01,7.159090909090909e-01,-2.740037044076460e-08,4.614266760453062e-08
1.491477272727273e-01,7.159090909090909e-01,-3.025457426448899e-08,5.020103398663310e-08
1.633522727272727e-01,7.159090909090909e-01,-3.310877808821339e-08,5.425940036873558e-08
1.775568181818182e-01,7.159090909090909e-01,-3.596298191193777e-08,5.831776675083806e-08
1.917613636363636e-01,7.159090909090909e-01,-3.885175909334027e-08,6.221155090181796e-08
2.059659090909091e-01,7.159090909090909e-01,-4.182120744265833e-08,6.572130984684516e-08
2.201704545454546e-01,7.159090909090909e-01,-4.479065579197639e-08,6.923106879187236e-08
2.343750000000000e-01,7.159090909090909e-01,-4.776010414129444e-08,7.274082773689954e-08
2.485795454545454e-01,7.159090909090909e-01,-5.072955249061250e-08,7.625058668192675e-08
2.627840909090909e-01,7.159090909090909e-01,-5.396844265216144e-08,7.915249896174575e-08
2.769886363636364e-01,7.159090909090909e-01,-5.723727079284715e-08,8.198687272320827e-08
2.911931818181818e-01,7.159090909090909e-01,-6.050609893353286e-08,8.482124648467080e-08
3.053977272727273e-01,7.159090909090909e-01,-6.377492707421856e-08,8.765562024613333e-08
3.196022727272727e-01,7.159090909090909e-01,-6.732337897808596e-08,9.004222848780539e-08
3.338068181818182e-01,7.159090909090909e-01,-7.115145464513508e-08,9.198107120968695e-08
3.480113636363636e-01,7.159090909090909e-01,-7.497953031218419e-08,9.391991393156853e-08
3.622159090909091e-01,7.159090909090909e-01,-7.880760597923331e-08,9.585875665345011e-08
3.764204545454545e-01,7.159090909090909e-01,-8.272592269201968e-08,9.767892996148962e-08
3.906250000000000e-01,7.159090909090909e-01,-8.745640881644146e-08,9.843107854495071e-08
4.048295454545455e-01,7.159090909090909e-01,-9.218689494086325e-08,9.918322712841181e-08
4.190340909090909e-01,7.159090909090909e-01,-9.691738106528504e-08,9.993537571187289e-08
4.332386363636364e-01,7.159090909090909e-01,-1.016478671897068e-07,1.006875242953340e-07
4.474431818181818e-01,7.159090909090909e-01,-1.072543657688618e-07,1.004304357517460e-07
4.616477272727273e-01,7.159090909090909e-01,-1.132362982571880e-07,9.974081701085116e-08
4.758522727272727e-01,7.159090909090909e-01,-1.192182307455143e-07,9.905119826995637e-08
4.900568181818182e-01,7.159090909090909e-01,-1.252001632338406e-07,9.836157952906158e-08
5.042613636363636e-01,7.159090909090909e-01,-1.316572817796157e-07,9.736003411513336e-08
5.184659090909091e-01,7.159090909090909e-01,-1.392231677927713e-07,9.563065979746051e-08
5.326704545454546e-01,7.159090909090909e-01,-1.467890538059270e-07,9.390128547978764e-08
5.468750000000000e-01,7.159090909090909e-01,-1.543549398190827e-07,9.217191116211478e-08
5.610795454545454e-01,7.159090909090909e-01,-1.619208258322383e-07,9.044253684444194e-08
5.752840909090909e-01,7.159090909090909e-01,-1.724514113560613e-07,9.126804620516147e-08
5.894886363636364e-01,7.159090909090909e-01,-1.833114079366251e-07,9.237743153014684e-08
6.036931818181818e-01,7.159090909090909e-01,-1.941714045171888e-07,9.348681685513219e-08
6.178977272727273e-01,7.159090909090909e-01,-2.050314010977527e-07,9.459620218011757e-08
7.102272727272727e-03,7.386363636363636e-01,-1.352083754689630e-09,2.799873277128663e-09
2.130681818181818e-02,7.386363636363636e-01,-4.056251264146943e-09,8.399619831334849e-09
3.551136363636364e-02,7.386363636363636e-01,-6.760418773604258e-09,1.399936638554104e-08
4.971590909090909e-02,7.386363636363636e-01,-9.464586283061571e-09,1.959911293974722e-08
6.392045454545454e-02,7.386363636363636e-01,-1.216185099404925e-08,2.513710187385159e-08
7.812500000000000e-02,7.386363636363636e-01,-1.479699051881028e-08,3.011927222703958e-08
9.232954545454546e-02,7.386363636363636e-01,-1.743213004357130e-08,3.510144258022757e-08
1.065340909090909e-01,7.386363636363636e-01,-2.006726956833232e-08,4.008361293341555e-08
1.207386363636364e-01,7.386363636363636e-01,-2.270240909309335e-08,4.506578328660354e-08
1.349431818181818e-01,7.386363636363636e-01,-2.533708490101705e-08,4.971251492901195e-08
1.491477272727273e-01,7.386363636363636e-01,-2.797156197315334e-08,5.421548712394340e-08
1.633522727272727e-01,7.386363636363636e-01,-3.060603904528963e-08,5.871845931887485e-08
1.775568181818182e-01,7.386363636363636e-01,-3.324051611742592e-08,6.322143151380632e-08
1.917613636363636e-01,7.386363636363636e-01,-3.591334328379400e-08,6.758504961725425e-08
2.059659090909091e-01,7.386363636363636e-01,-3.867565400336959e-08,7.162350817390731e-08
2.201704545454546e-01,7.386363636363636e-01,-4.143796472294519e-08,7.566196673056037e-08
2.343750000000000e-01,7.386363636363636e-01,-4.420027544252079e-08,7.970042528721343e-08
2.485795454545454e-01,7.386363636363636e-01,-4.696258616209639e-08,8.373888384386649e-08
2.627840909090909e-01,7.386363636363636e-01,-5.000929656366365e-08,8.726869153062276e-08
2.769886363636364e-01,7.386363636363636e-01,-5.308760692989666e-08,9.074198245405717e-08
2.911931818181818e-01,7.386363636363636e-01,-5.616591729612968e-08,9.421527337749159e-08
3.053977272727273e-01,7.386363636363636e-01,-5.924422766236269e-08,9.768856430092601e-08
3.196022727272727e-01,7.386363636363636e-01,-6.260515433881841e-08,1.007888893911998e-07
3.338068181818182e-01,7.386363636363636e-01,-6.624869732549685e-08,1.035162486483129e-07
3.480113636363636e-01,7.386363636363636e-01,-6.989224031217530e-08,1.062436079054261e-07
3.622159090909091e-01,7.386363636363636e-01,-7.353578329885375e-08,1.089709671625393e-07
3.764204545454545e-01,7.386363636363636e-01,-7.726849612925438e-08,1.115956682444265e-07
3.906250000000000e-01,7.386363636363636e-01,-8.180373755315489e-08,1.132964457492803e-07
4.048295454545455e-01,7.386363636363636e-01,-8.633897897705541e-08,1.149972232541341e-07
4.190340909090909e-01,7.386363636363636e-01,-9.087422040095590e-08,1.166980007589878e-07
4.332386363636364e-01,7.386363636363636e-01,-9.540946182485640e-08,1.183987782638416e-07
4.474431818181818e-01,7.386363636363636e-01,-1.007243382296088e-07,1.192618675764711e-07
4.616477272727273e-01,7.386363636363636e-01,-1.063733439118691e-07,1.197659476638617e-07
4.758522727272727e-01,7.386363636363636e-01,-1.120223495941293e-07,1.202700277512522e-07
4.900568181818182e-01,7.386363636363636e-01,-1.176713552763897e-07,1.207741078386428e-07
5.042613636363636e-01,7.386363636363636e-01,-1.235723838248085e-07,1.209472313860069e-07
5.184659090909091e-01,7.386363636363636e-01,-1.300614657275972e-07,1.203481230066430e-07
5.326704545454546e-01,7.386363636363636e-01,-1.365505476303860e-07,1.197490146272790e-07
5.468750000000000e-01,7.386363636363636e-01,-1.430396295331748e-07,1.191499062479150e-07
5.610795454545454e-01,7.386363636363636e-01,-1.495287114359635e-07,1.185507978685511e-07
5.752840909090909e-01,7.386363636363636e-01,-1.546776719722636e-07,1.232044005131824e-07
5.894886363636364e-01,7.386363636363636e-01,-1.596777301345094e-07,1.284416377160353e-07
6.036931818181818e-01,7.386363636363636e-01,-1.646777882967552e-07,1.336788749188883e-07
6.178977272727273e-01,7.386363636363636e-01,-1.696778464590010e-07,1.389161121217413e-07
7.102272727272727e-03,7.613636363636364e-01,-1.243149506167884e-09,2.909340680454398e-09
2.130681818181818e-02,7.613636363636364e-01,-3.729448518562618e-09,8.728022041290677e-09
3.551136363636364e-02,7.613636363636364e-01,-6.215747530957355e-09,1.454670340212696e-08
4.971590909090909e-02,7.613636363636364e-01,-8.702046543352090e-09,2.036538476296324e-08
6.392045454545454e-02,7.613636363636364e-01,-1.117996475361628e-08,2.612560559203751e-08
7.812500000000000e-02,7.613636363636364e-01,-1.358245574470560e-08,3.135968163525371e-08
9.232954545454546e-02,7.613636363636364e-01,-1.598494673579492e-08,3.659375767846991e-08
1.065340909090909e-01,7.613636363636364e-01,-1.838743772688423e-08,4.182783372168611e-08
1.207386363636364e-01,7.613636363636364e-01,-2.078992871797355e-08,4.706190976490231e-08
1.349431818181818e-01,7.613636363636364e-01,-2.319071188428267e-08,5.200144649793387e-08
1.491477272727273e-01,7.613636363636364e-01,-2.559076312568599e-08,5.681475209802915e-08
1.633522727272727e-01,7.613636363636364e-01,-2.799081436708932e-08,6.162805769812445e-08
1.775568181818182e-01,7.613636363636364e-01,-3.039086560849264e-08,6.644136329821973e-08
1.917613636363636e-01,7.613636363636364e-01,-3.283155457985881e-08,7.113981572964455e-08
2.059659090909091e-01,7.613636363636364e-01,-3.536706492113823e-08,7.557027743417159e-08
2.201704545454546e-01,7.613636363636364e-01,-3.790257526241767e-08,8.000073913869864e-08
2.343750000000000e-01,7.613636363636364e-01,-4.043808560369710e-08,8.443120084322567e-08
2.485795454545454e-01,7.613636363636364e-01,-4.297359594497653e-08,8.886166254775273e-08
2.627840909090909e-01,7.613636363636364e-01,-4.580375179365756e-08,9.287848541698046e-08
2.769886363636364e-01,7.613636363636364e-01,-4.866664603204987e-08,9.684934841561940e-08
2.911931818181818e-01,7.613636363636364e-01,-5.152954027044219e-08,1.008202114142583e-07
3.053977272727273e-01,7.613636363636364e-01,-5.439243450883450e-08,1.047910744128973e-07
3.196022727272727e-01,7.613636363636364e-01,-5.754128306216355e-08,1.084549837914966e-07
3.338068181818182e-01,7.613636363636364e-01,-6.097608593042937e-08,1.118119395500564e-07
3.480113636363636e-01,7.613636363636364e-01,-6.441088879869517e-08,1.151688953086161e-07
3.622159090909091e-01,7.613636363636364e-01,-6.784569166696098e-08,1.185258510671759e-07
3.764204545454545e-01,7.613636363636364e-01,-7.136925681918514e-08,1.217978293280423e-07
3.906250000000000e-01,7.613636363636364e-01,-7.569168252703443e-08,1.243050101096685e-07
4.048295454545455e-01,7.613636363636364e-01,-8.001410823488372e-08,1.268121908912947e-07
4.190340909090909e-01,7.613636363636364e-01,-8.433653394273299e-08,1.293193716729209e-07
4.332386363636364e-01,7.613636363636364e-01,-8.865895965058229e-08,1.318265524545472e-07
4.474431818181818e-01,7.613636363636364e-01,-9.378074240943431e-08,1.336044179348791e-07
4.616477272727273e-01,7.613636363636364e-01,-9.924510676157323e-08,1.350697197146562e-07
4.758522727272727e-01,7.613636363636364e-01,-1.047094711137121e-07,1.365350214944335e-07
4.900568181818182e-01,7.613636363636364e-01,-1.101738354658510e-07,1.380003232742107e-07
5.042613636363636e-01,7.613636363636364e-01,-1.158403638784702e-07,1.391238326625925e-07
5.184659090909091e-01,7.613636363636364e-01,-1.219786084322101e-07,1.394498264710518e-07
5.326704545454546e-01,7.613636363636364e-01,-1.281168529859501e-07,1.397758202795111e-07
5.468750000000000e-01,7.613636363636364e-01,-1.342550975396900e-07,1.401018140879703e-07
5.610795454545454e-01,7.613636363636364e-01,-1.403933420934299e-07,1.404278078964296e-07
5.752840909090909e-01,7.613636363636364e-01,-1.434676329944008e-07,1.454239566517199e-07
5.894886363636364e-01,7.613636363636364e-01,-1.462014846006196e-07,1.509390115122135e-07
6.036931818181818e-01,7.613636363636364e-01,-1.489353362068384e-07,1.564540663727072e-07
6.178977272727273e-01,7.613636363636364e-01,-1.516691878130572e-07,1.619691212332009e-07
7.102272727272727e-03,7.840909090909091e-01,-1.131179369209995e-09,2.951180560767426e-09
2.130681818181818e-02,7.840909090909091e-01,-3.393538107644526e-09,8.853541682233003e-09
3.551136363636364e-02,7.840909090909091e-01,-5.655896846079058e-09,1.475590280369858e-08
4.971590909090909e-02,7.840909090909091e-01,-7.918255584513586e-09,2.065826392516416e-08
6.392045454545454e-02,7.840909090909091e-01,-1.017031536977260e-08,2.650553704263084e-08
7.812500000000000e-02,7.840909090909091e-01,-1.232968457645190e-08,3.185701812410753e-08
9.232954545454546e-02,7.840909090909091e-01,-1.448905378313121e-08,3.720849920558421e-08
1.065340909090909e-01,7.840909090909091e-01,-1.664842298981051e-08,4.255998028706089e-08
1.207386363636364e-01,7.840909090909091e-01,-1.880779219648981e-08,4.791146136853757e-08
1.349431818181818e-01,7.840909090909091e-01,-2.096125139056146e-08,5.300946231129638e-08
1.491477272727273e-01,7.840909090909091e-01,-2.311217772208696e-08,5.799882890889035e-08
1.633522727272727e-01,7.840909090909091e-01,-2.526310405361246e-08,6.298819550648434e-08
1.775568181818182e-01,7.840909090909091e-01,-2.741403038513797e-08,6.797756210407831e-08
1.917613636363636e-01,7.840909090909091e-01,-2.960639298153469e-08,7.287584923898884e-08
2.059659090909091e-01,7.840909090909091e-01,-3.189544019596425e-08,7.756161762763800e-08
2.201704545454546e-01,7.840909090909091e-01,-3.418448741039381e-08,8.224738601628715e-08
2.343750000000000e-01,7.840909090909091e-01,-3.647353462482338e-08,8.693315440493629e-08
2.485795454545454e-01,7.840909090909091e-01,-3.876258183925295e-08,9.161892279358544e-08
2.627840909090909e-01,7.840909090909091e-01,-4.135180834214315e-08,9.598188062081883e-08
2.769886363636364e-01,7.840909090909091e-01,-4.397438809930677e-08,1.003089706078950e-07
2.911931818181818e-01,7.840909090909091e-01,-4.659696785647039e-08,1.046360605949711e-07
3.053977272727273e-01,7.840909090909091e-01,-4.921954761363401e-08,1.089631505820472e-07
3.196022727272727e-01,7.840909090909091e-01,-5.213176514812141e-08,1.130405116886959e-07
3.338068181818182e-01,7.840909090909091e-01,-5.533362045993262e-08,1.168681439149172e-07
3.480113636363636e-01,7.840909090909091e-01,-5.853547577174383e-08,1.206957761411385e-07
3.622159090909091e-01,7.840909090909091e-01,-6.173733108355504e-08,1.245234083673598e-07
3.764204545454545e-01,7.840909090909091e-01,-6.502820476181193e-08,1.282854132123368e-07
3.906250000000000e-01,7.840909090909091e-01,-6.912024373808007e-08,1.314567716261153e-07
4.048295454545455e-01,7.840909090909091e-01,-7.321228271434823e-08,1.346281300398937e-07
4.190340909090909e-01,7.840909090909091e-01,-7.730432169061636e-08,1.377994884536721e-07
4.332386363636364e-01,7.840909090909091e-01,-8.139636066688450e-08,1.409708468674506e-07
4.474431818181818e-01,7.840909090909091e-01,-8.642357830833843e-08,1.434580868269698e-07
4.616477272727273e-01,7.840909090909091e-01,-9.185158680630052e-08,1.456521331632350e-07
4.758522727272727e-01,7.840909090909091e-01,-9.727959530426259e-08,1.478461794995002e-07
4.900568181818182e-01,7.840909090909091e-01,-1.027076038022247e-07,1.500402258357654e-07
5.042613636363636e-01,7.840909090909091e-01,-1.084612219406009e-07,1.518898379448901e-07
5.184659090909091e-01,7.840909090909091e-01,-1.149745959066100e-07,1.529357701906870e-07
5.326704545454546e-01,7.840909090909091e-01,-1.214879698726192e-07,1.539817024364838e-07
5.468750000000000e-01,7.840909090909091e-01,-1.280013438386284e-07,1.550276346822808e-07
5.610795454545454e-01,7.840909090909091e-01,-1.345147178046375e-07,1.560735669280777e-07
5.752840909090909e-01,7.840909090909091e-01,-1.388212944224729e-07,1.579267146207741e-07
5.894886363636364e-01,7.840909090909091e-01,-1.428826713349557e-07,1.598695529186815e-07
6.036931818181818e-01,7.840909090909091e-01,-1.469440482474384e-07,1.618123912165890e-07
6.178977272727273e-01,7.840909090909091e-01,-1.510054251599212e-07,1.637552295144964e-07
7.102272727272727e-03,8.068181818181818e-01,-1.019209232252107e-09,2.993020441080455e-09
2.130681818181818e-02,8.068181818181818e-01,-3.057627696726433e-09,8.979061323175328e-09
3.551136363636364e-02,8.068181818181818e-01,-5.096046161200761e-09,1.496510220527020e-08
4.971590909090909e-02,8.068181818181818e-01,-7.134464625675086e-09,2.095114308736508e-08
6.392045454545454e-02,8.068181818181818e-01,-9.160665985928908e-09,2.688546849322418e-08
7.812500000000000e-02,8.068181818181818e-01,-1.107691340819820e-08,3.235435461296135e-08
9.232954545454546e-02,8.068181818181818e-01,-1.299316083046749e-08,3.782324073269851e-08
1.065340909090909e-01,8.068181818181818e-01,-1.490940825273678e-08,4.329212685243568e-08
1.207386363636364e-01,8.068181818181818e-01,-1.682565567500608e-08,4.876101297217285e-08
1.349431818181818e-01,8.068181818181818e-01,-1.873179089684024e-08,5.401747812465887e-08
1.491477272727273e-01,8.068181818181818e-01,-2.063359231848792e-08,5.918290571975155e-08
1.633522727272727e-01,8.068181818181818e-01,-2.253539374013561e-08,6.434833331484424e-08
1.775568181818182e-01,8.068181818181818e-01,-2.443719516178329e-08,6.951376090993690e-08
1.917613636363636e-01,8.068181818181818e-01,-2.638123138321057e-08,7.461188274833316e-08
2.059659090909091e-01,8.068181818181818e-01,-2.842381547079026e-08,7.955295782110440e-08
2.201704545454546e-01,8.068181818181818e-01,-3.046639955836996e-08,8.449403289387565e-08
2.343750000000000e-01,8.068181818181818e-01,-3.250898364594966e-08,8.943510796664687e-08
2.485795454545454e-01,8.068181818181818e-01,-3.455156773352935e-08,9.437618303941812e-08
2.627840909090909e-01,8.068181818181818e-01,-3.689986489062874e-08,9.908527582465720e-08
2.769886363636364e-01,8.068181818181818e-01,-3.928213016656367e-08,1.037685928001705e-07
2.911931818181818e-01,8.068181818181818e-01,-4.166439544249859e-08,1.084519097756838e-07
3.053977272727273e-01,8.068181818181818e-01,-4.404666071843351e-08,1.131352267511971e-07
3.196022727272727e-01,8.068181818181818e-01,-4.672224723407926e-08,1.176260395858951e-07
3.338068181818182e-01,8.068181818181818e-01,-4.969115498943588e-08,1.219243482797780e-07
3.480113636363636e-01,8.068181818181818e-01,-5.266006274479249e-08,1.262226569736609e-07
3.622159090909091e-01,8.068181818181818e-01,-5.562897050014909e-08,1.305209656675438e-07
3.764204545454545e-01,8.068181818181818e-01,-5.868715270443873e-08,1.347729970966314e-07
3.906250000000000e-01,8.068181818181818e-01,-6.254880494912573e-08,1.386085331425621e-07
4.048295454545455e-01,8.068181818181818e-01,-6.641045719381273e-08,1.424440691884927e-07
4.190340909090909e-01,8.068181818181818e-01,-7.027210943849973e-08,1.462796052344234e-07
4.332386363636364e-01,8.068181818181818e-01,-7.413376168318672e-08,1.501151412803541e-07
4.474431818181818e-01,8.068181818181818e-01,-7.906641420724251e-08,1.533117557190605e-07
4.616477272727273e-01,8.068181818181818e-01,-8.445806685102781e-08,1.562345466118137e-07
4.758522727272727e-01,8.068181818181818e-01,-8.984971949481308e-08,1.591573375045669e-07
4.900568181818182e-01,8.068181818181818e-01,-9.524137213859836e-08,1.620801283973200e-07
5.042613636363636e-01,8.068181818181818e-01,-1.010820800027316e-07,1.646558432271876e-07
5.184659090909091e-01,8.068181818181818e-01,-1.079705833810100e-07,1.664217139103221e-07
5.326704545454546e-01,8.068181818181818e-01,-1.148590867592884e-07,1.681875845934567e-07
5.468750000000000e-01,8.068181818181818e-01,-1.217475901375667e-07,1.699534552765911e-07
5.610795454545454e-01,8.068181818181818e-01,-1.286360935158451e-07,1.717193259597257e-07
5.752840909090909e-01,8.068181818181818e-01,-1.341749558505450e-07,1.704294725898282e-07
5.894886363636364e-01,8.068181818181818e-01,-1.395638580692917e-07,1.688000943251495e-07
6.036931818181818e-01,8.068181818181818e-01,-1.449527602880384e-07,1.671707160604707e-07
6.178977272727273e-01,8.068181818181818e-01,-1.503416625067852e-07,1.655413377957919e-07
7.102272727272727e-03,8.295454545454546e-01,-9.077210792967919e-10,2.904958463356348e-09
2.130681818181818e-02,8.295454545454546e-01,-2.723163237856509e-09,8.714875390033528e-09
3.551136363636364e-02,8.295454545454546e-01,-4.538605396416227e-09,1.452479231671071e-08
4.971590909090909e-02,8.295454545454546e-01,-6.354047554975942e-09,2.033470924338789e-08
6.392045454545454e-02,8.295454545454546e-01,-8.154828447116969e-09,2.609591391716665e-08
7.812500000000000e-02,8.295454545454546e-01,-9.823657941489776e-09,3.141870831485962e-08
9.232954545454546e-02,8.295454545454546e-01,-1.149248743586259e-08,3.674150271255260e-08
1.065340909090909e-01,8.295454545454546e-01,-1.316131693023540e-08,4.206429711024556e-08
1.207386363636364e-01,8.295454545454546e-01,-1.483014642460820e-08,4.738709150793853e-08
1.349431818181818e-01,8.295454545454546e-01,-1.648005451444627e-08,5.253672786901302e-08
1.491477272727273e-01,8.295454545454546e-01,-1.812185343091230e-08,5.761215364296530e-08
1.633522727272727e-01,8.295454545454546e-01,-1.976365234737833e-08,6.268757941691758e-08
1.775568181818182e-01,8.295454545454546e-01,-2.140545126384436e-08,6.776300519086986e-08
1.917613636363636e-01,8.295454545454546e-01,-2.308897065044167e-08,7.279242086656812e-08
2.059659090909091e-01,8.295454545454546e-01,-2.486983780067861e-08,7.771447964634036e-08
2.201704545454546e-01,8.295454545454546e-01,-2.665070495091555e-08,8.263653842611257e-08
2.343750000000000e-01,8.295454545454546e-01,-2.843157210115248e-08,8.755859720588481e-08
2.485795454545454e-01,8.295454545454546e-01,-3.021243925138942e-08,9.248065598565702e-08
2.627840909090909e-01,8.295454545454546e-01,-3.229416794341461e-08,9.724405178865273e-08
2.769886363636364e-01,8.295454545454546e-01,-3.440932569563850e-08,1.019898183720066e-07
2.911931818181818e-01,8.295454545454546e-01,-3.652448344786239e-08,1.067355849553605e-07
3.053977272727273e-01,8.295454545454546e-01,-3.863964120008626e-08,1.114813515387143e-07
3.196022727272727e-01,8.295454545454546e-01,-4.104244480990695e-08,1.160887043850479e-07
3.338068181818182e-01,8.295454545454546e-01,-4.373289427732445e-08,1.205576434943611e-07
3.480113636363636e-01,8.295454545454546e-01,-4.642334374474196e-08,1.250265826036744e-07
3.622159090909091e-01,8.295454545454546e-01,-4.911379321215946e-08,1.294955217129876e-07
3.764204545454545e-01,8.295454545454546e-01,-5.189222362252872e-08,1.339288557585501e-07
3.906250000000000e-01,8.295454545454546e-01,-5.546248251946395e-08,1.380417442303555e-07
4.048295454545455e-01,8.295454545454546e-01,-5.903274141639917e-08,1.421546327021608e-07
4.190340909090909e-01,8.295454545454546e-01,-6.260300031333440e-08,1.462675211739662e-07
4.332386363636364e-01,8.295454545454546e-01,-6.617325921026962e-08,1.503804096457716e-07
4.474431818181818e-01,8.295454545454546e-01,-7.077592726764167e-08,1.541367706101085e-07
4.616477272727273e-01,8.295454545454546e-01,-7.582105639377234e-08,1.577403340712446e-07
4.758522727272727e-01,8.295454545454546e-01,-8.086618551990300e-08,1.613438975323808e-07
4.900568181818182e-01,8.295454545454546e-01,-8.591131464603368e-08,1.649474609935169e-07
5.042613636363636e-01,8.295454545454546e-01,-9.164531758048103e-08,1.681675207509702e-07
5.184659090909091e-01,8.295454545454546e-01,-9.898669273433390e-08,1.704927385331636e-07
5.326704545454546e-01,8.295454545454546e-01,-1.063280678881868e-07,1.728179563153570e-07
5.468750000000000e-01,8.295454545454546e-01,-1.136694430420397e-07,1.751431740975503e-07
5.610795454545454e-01,8.295454545454546e-01,-1.210108181958926e-07,1.774683918797437e-07
5.752840909090909e-01,8.295454545454546e-01,-1.281454198281854e-07,1.750470867272677e-07
5.894886363636364e-01,8.295454545454546e-01,-1.352570466247491e-07,1.720983901376062e-07
6.036931818181818e-01,8.295454545454546e-01,-1.423686734213129e-07,1.691496935479447e-07
6.178977272727273e-01,8.295454545454546e-01,-1.494803002178767e-07,1.662009969582831e-07
7.102272727272727e-03,8.522727272727273e-01,-7.963935876756688e-10,2.773595866286531e-09
2.130681818181818e-02,8.522727272727273e-01,-2.389180763002643e-09,8.320787598863686e-09
3.551136363636364e-02,8.522727272727273e-01,-3.981967938329618e-09,1.386797933144084e-08
4.971590909090909e-02,8.522727272727273e-01,-5.574755113656591e-09,1.941517106401799e-08
6.392045454545454e-02,8.522727272727273e-01,-7.150261523315618e-09,2.491653066555882e-08
7.812500000000000e-02,8.522727272727273e-01,-8.570241041963123e-09,3.000540108777271e-08
9.232954545454546e-02,8.522727272727273e-01,-9.990220560610628e-09,3.509427150998660e-08
1.065340909090909e-01,8.522727272727273e-01,-1.141020007925813e-08,4.018314193220048e-08
1.207386363636364e-01,8.522727272727273e-01,-1.283017959790564e-08,4.527201235441436e-08
1.349431818181818e-01,8.522727272727273e-01,-1.422089283582807e-08,5.022638892369772e-08
1.491477272727273e-01,8.522727272727273e-01,-1.559906338201117e-08,5.512312527029656e-08
1.633522727272727e-01,8.522727272727273e-01,-1.697723392819427e-08,6.001986161689541e-08
1.775568181818182e-01,8.522727272727273e-01,-1.835540447437738e-08,6.491659796349427e-08
1.917613636363636e-01,8.522727272727273e-01,-1.977434353952452e-08,6.978779385443331e-08
2.059659090909091e-01,8.522727272727273e-01,-2.128840914892108e-08,7.459939534883281e-08
2.201704545454546e-01,8.522727272727273e-01,-2.280247475831763e-08,7.941099684323232e-08
2.343750000000000e-01,8.522727272727273e-01,-2.431654036771419e-08,8.422259833763183e-08
2.485795454545454e-01,8.522727272727273e-01,-2.583060597711075e-08,8.903419983203134e-08
2.627840909090909e-01,8.522727272727273e-01,-2.763721983096726e-08,9.375462133936731e-08
2.769886363636364e-01,8.522727272727273e-01,-2.947633904531933e-08,9.846491173702954e-08
2.911931818181818e-01,8.522727272727273e-01,-3.131545825967140e-08,1.031752021346918e-07
3.053977272727273e-01,8.522727272727273e-01,-3.315457747402347e-08,1.078854925323540e-07
3.196022727272727e-01,8.522727272727273e-01,-3.527254754902461e-08,1.125104148181851e-07
3.338068181818182e-01,8.522727272727273e-01,-3.766936848467484e-08,1.170499689921850e-07
3.480113636363636e-01,8.522727272727273e-01,-4.006618942032507e-08,1.215895231661849e-07
3.622159090909091e-01,8.522727272727273e-01,-4.246301035597530e-08,1.261290773401848e-07
3.764204545454545e-01,8.522727272727273e-01,-4.494600219910649e-08,1.306408060130101e-07
3.906250000000000e-01,8.522727272727273e-01,-4.820453220956641e-08,1.349021051752643e-07
4.048295454545455e-01,8.522727272727273e-01,-5.146306222002631e-08,1.391634043375186e-07
4.190340909090909e-01,8.522727272727273e-01,-5.472159223048622e-08,1.434247034997728e-07
4.332386363636364e-01,8.522727272727273e-01,-5.798012224094613e-08,1.476860026620271e-07
4.474431818181818e-01,8.522727272727273e-01,-6.217433271520587e-08,1.519522341674756e-07
4.616477272727273e-01,8.522727272727273e-01,-6.676954910252268e-08,1.562205795342929e-07
4.758522727272727e-01,8.522727272727273e-01,-7.136476548983947e-08,1.604889249011103e-07
4.900568181818182e-01,8.522727272727273e-01,-7.595998187715628e-08,1.647572702679278e-07
5.042613636363636e-01,8.522727272727273e-01,-8.152268166343680e-08,1.685944223552477e-07
5.184659090909091e-01,8.522727272727273e-01,-8.934284271396597e-08,1.714254567904071e-07
5.326704545454546e-01,8.522727272727273e-01,-9.716300376449516e-08,1.742564912255664e-07
5.468750000000000e-01,8.522727272727273e-01,-1.049831648150243e-07,1.770875256607257e-07
5.610795454545454e-01,8.522727272727273e-01,-1.128033258655535e-07,1.799185600958850e-07
5.752840909090909e-01,8.522727272727273e-01,-1.216548179890151e-07,1.770363195875022e-07
5.894886363636364e-01,8.522727272727273e-01,-1.306209024539136e-07,1.735192707520591e-07
6.036931818181818e-01,8.522727272727273e-01,-1.395869869188122e-07,1.700022219166161e-07
6.178977272727273e-01,8.522727272727273e-01,-1.485530713837108e-07,1.664851730811730e-07
7.102272727272727e-03,8.750000000000000e-01,-6.850660960545458e-10,2.642233269216712e-09
2.130681818181818e-02,8.750000000000000e-01,-2.055198288148777e-09,7.926699807693842e-09
3.551136363636364e-02,8.750000000000000e-01,-3.425330480243009e-09,1.321116634617098e-08
4.971590909090909e-02,8.750000000000000e-01,-4.795462672337239e-09,1.849563288464810e-08
6.392045454545454e-02,8.750000000000000e-01,-6.145694599514267e-09,2.373714741395100e-08
7.812500000000000e-02,8.750000000000000e-01,-7.316824142436469e-09,2.859209386068580e-08
9.232954545454546e-02,8.750000000000000e-01,-8.487953685358668e-09,3.344704030742060e-08
1.065340909090909e-01,8.750000000000000e-01,-9.659083228280869e-09,3.830198675415540e-08
1.207386363636364e-01,8.750000000000000e-01,-1.083021277120307e-08,4.315693320089019e-08
1.349431818181818e-01,8.750000000000000e-01,-1.196173115720986e-08,4.791604997838242e-08
1.491477272727273e-01,8.750000000000000e-01,-1.307627333311004e-08,5.263409689762783e-08
1.633522727272727e-01,8.750000000000000e-01,-1.419081550901021e-08,5.735214381687325e-08
1.775568181818182e-01,8.750000000000000e-01,-1.530535768491040e-08,6.207019073611866e-08
1.917613636363636e-01,8.750000000000000e-01,-1.645971642860738e-08,6.678316684229850e-08
2.059659090909091e-01,8.750000000000000e-01,-1.770698049716355e-08,7.148431105132528e-08
2.201704545454546e-01,8.750000000000000e-01,-1.895424456571972e-08,7.618545526035207e-08
2.343750000000000e-01,8.750000000000000e-01,-2.020150863427590e-08,8.088659946937886e-08
2.485795454545454e-01,8.750000000000000e-01,-2.144877270283207e-08,8.558774367840565e-08
2.627840909090909e-01,8.750000000000000e-01,-2.298027171851991e-08,9.026519089008187e-08
2.769886363636364e-01,8.750000000000000e-01,-2.454335239500017e-08,9.494000510205248e-08
2.911931818181818e-01,8.750000000000000e-01,-2.610643307148042e-08,9.961481931402311e-08
3.053977272727273e-01,8.750000000000000e-01,-2.766951374796067e-08,1.042896335259937e-07
3.196022727272727e-01,8.750000000000000e-01,-2.950265028814227e-08,1.089321252513223e-07
3.338068181818182e-01,8.750000000000000e-01,-3.160584269202524e-08,1.135422944900088e-07
3.480113636363636e-01,8.750000000000000e-01,-3.370903509590819e-08,1.181524637286954e-07
3.622159090909091e-01,8.750000000000000e-01,-3.581222749979115e-08,1.227626329673819e-07
3.764204545454545e-01,8.750000000000000e-01,-3.799978077568427e-08,1.273527562674701e-07
3.906250000000000e-01,8.750000000000000e-01,-4.094658189966886e-08,1.317624661201733e-07
4.048295454545455e-01,8.750000000000000e-01,-4.389338302365346e-08,1.361721759728764e-07
4.190340909090909e-01,8.750000000000000e-01,-4.684018414763805e-08,1.405818858255795e-07
4.332386363636364e-01,8.750000000000000e-01,-4.978698527162265e-08,1.449915956782826e-07
4.474431818181818e-01,8.750000000000000e-01,-5.357273816277008e-08,1.497676977248426e-07
4.616477272727273e-01,8.750000000000000e-01,-5.771804181127302e-08,1.547008249973413e-07
4.758522727272727e-01,8.750000000000000e-01,-6.186334545977594e-08,1.596339522698399e-07
4.900568181818182e-01,8.750000000000000e-01,-6.600864910827888e-08,1.645670795423386e-07
5.042613636363636e-01,8.750000000000000e-01,-7.140004574639258e-08,1.690213239595253e-07
5.184659090909091e-01,8.750000000000000e-01,-7.969899269359801e-08,1.723581750476505e-07
5.326704545454546e-01,8.750000000000000e-01,-8.799793964080350e-08,1.756950261357758e-07
5.468750000000000e-01,8.750000000000000e-01,-9.629688658800892e-08,1.790318772239011e-07
5.610795454545454e-01,8.750000000000000e-01,-1.045958335352144e-07,1.823687283120263e-07
5.752840909090909e-01,8.750000000000000e-01,-1.151642161498449e-07,1.790255524477367e-07
5.894886363636364e-01,8.750000000000000e-01,-1.259847582830782e-07,1.749401513665121e-07
6.036931818181818e-01,8.750000000000000e-01,-1.368053004163115e-07,1.708547502852875e-07
6.178977272727273e-01,8.750000000000000e-01,-1.476258425495448e-07,1.667693492040628e-07
7.102272727272727e-03,8.977272727272727e-01,-5.808757880042409e-10,2.297403496981018e-09
2.130681818181818e-02,8.977272727272727e-01,-1.742627364007868e-09,6.892210490970868e-09
3.551136363636364e-02,8.977272727272727e-01,-2.904378940011495e-09,1.148701748496072e-08
4.971590909090909e-02,8.977272727272727e-01,-4.066130516015122e-09,1.608182447895057e-08
6.392045454545454e-02,8.977272727272727e-01,-5.203403445648369e-09,2.063622098070940e-08
7.812500000000000e-02,8.977272727272727e-01,-6.120368557948191e-09,2.482692305238907e-08
9.232954545454546e-02,8.977272727272727e-01,-7.037333670248014e-09,2.901762512406874e-08
1.065340909090909e-01,8.977272727272727e-01,-7.954298782547835e-09,3.320832719574842e-08
1.207386363636364e-01,8.977272727272727e-01,-8.871263894847658e-09,3.739902926742808e-08
1.349431818181818e-01,8.977272727272727e-01,-9.755259643007073e-09,4.153551461766317e-08
1.491477272727273e-01,8.977272727272727e-01,-1.062512566367774e-08,4.564876423013628e-08
1.633522727272727e-01,8.977272727272727e-01,-1.149499168434841e-08,4.976201384260940e-08
1.775568181818182e-01,8.977272727272727e-01,-1.236485770501908e-08,5.387526345508252e-08
1.917613636363636e-01,8.977272727272727e-01,-1.327090945176030e-08,5.799281221106042e-08
2.059659090909091e-01,8.977272727272727e-01,-1.426139455933280e-08,6.212039230188280e-08
2.201704545454546e-01,8.977272727272727e-01,-1.525187966690530e-08,6.624797239270518e-08
2.343750000000000e-01,8.977272727272727e-01,-1.624236477447781e-08,7.037555248352758e-08
2.485795454545454e-01,8.977272727272727e-01,-1.723284988205031e-08,7.450313257434995e-08
2.627840909090909e-01,8.977272727272727e-01,-1.847332740053342e-08,7.864130357597130e-08
2.769886363636364e-01,8.977272727272727e-01,-1.974158185356215e-08,8.278065134545919e-08
2.911931818181818e-01,8.977272727272727e-01,-2.100983630659089e-08,8.691999911494709e-08
3.053977272727273e-01,8.977272727272727e-01,-2.227809075961962e-08,9.105934688443498e-08
3.196022727272727e-01,8.977272727272727e-01,-2.378292879218356e-08,9.518721585777211e-08
3.338068181818182e-01,8.977272727272727e-01,-2.552435040428272e-08,9.930360603495855e-08
3.480113636363636e-01,8.977272727272727e-01,-2.726577201638188e-08,1.034199962121450e-07
3.622159090909091e-01,8.977272727272727e-01,-2.900719362848104e-08,1.075363863893314e-07
3.764204545454545e-01,8.977272727272727e-01,-3.082371709162844e-08,1.116452846477762e-07
3.906250000000000e-01,8.977272727272727e-01,-3.331615721421005e-08,1.156867556375469e-07
4.048295454545455e-01,8.977272727272727e-01,-3.580859733679164e-08,1.197282266273176e-07
4.190340909090909e-01,8.977272727272727e-01,-3.830103745937323e-08,1.237696976170882e-07
4.332386363636364e-01,8.977272727272727e-01,-4.079347758195484e-08,1.278111686068589e-07
4.474431818181818e-01,8.977272727272727e-01,-4.400934615841911e-08,1.320231639081027e-07
4.616477272727273e-01,8.977272727272727e-01,-4.753525550083312e-08,1.363082410571207e-07
4.758522727272727e-01,8.977272727272727e-01,-5.106116484324710e-08,1.405933182061387e-07
4.900568181818182e-01,8.977272727272727e-01,-5.458707418566110e-08,1.448783953551568e-07
5.042613636363636e-01,8.977272727272727e-01,-5.896396093862325e-08,1.495421654950312e-07
5.184659090909091e-01,8.977272727272727e-01,-6.532646164953103e-08,1.550895526135705e-07
5.326704545454546e-01,8.977272727272727e-01,-7.168896236043888e-08,1.606369397321098e-07
5.468750000000000e-01,8.977272727272727e-01,-7.805146307134667e-08,1.661843268506492e-07
5.610795454545454e-01,8.977272727272727e-01,-8.441396378225445e-08,1.717317139691884e-07
5.752840909090909e-01,8.977272727272727e-01,-9.895642062301207e-08,1.707401291319896e-07
5.894886363636364e-01,8.977272727272727e-01,-1.144077614781974e-07,1.690219918552642e-07
6.036931818181818e-01,8.977272727272727e-01,-1.298591023333827e-07,1.673038545785389e-07
6.178977272727273e-01,8.977272727272727e-01,-1.453104431885681e-07,1.655857173018135e-07
7.102272727272727e-03,9.204545454545454e-01,-4.766854799539362e-10,1.952573724745325e-09
2.130681818181818e-02,9.204545454545454e-01,-1.430056439866959e-09,5.857721174247893e-09
3.551136363636364e-02,9.204545454545454e-01,-2.383427399779982e-09,9.762868623750464e-09
4.971590909090909e-02,9.204545454545454e-01,-3.336798359693004e-09,1.366801607325303e-08
6.392045454545454e-02,9.204545454545454e-01,-4.261112291782470e-09,1.753529454746780e-08
7.812500000000000e-02,9.204545454545454e-01,-4.923912973459914e-09,2.106175224409234e-08
9.232954545454546e-02,9.204545454545454e-01,-5.586713655137359e-09,2.458820994071689e-08
1.065340909090909e-01,9.204545454545454e-01,-6.249514336814803e-09,2.811466763734143e-08
1.207386363636364e-01,9.204545454545454e-01,-6.912315018492246e-09,3.164112533396598e-08
1.349431818181818e-01,9.204545454545454e-01,-7.548788128804289e-09,3.515497925694391e-08
1.491477272727273e-01,9.204545454545454e-01,-8.173977994245447e-09,3.866343156264473e-08
1.633522727272727e-01,9.204545454545454e-01,-8.799167859686606e-09,4.217188386834555e-08
1.775568181818182e-01,9.204545454545454e-01,-9.424357725127761e-09,4.568033617404637e-08
1.917613636363636e-01,9.204545454545454e-01,-1.008210247491322e-08,4.920245757982233e-08
2.059659090909091e-01,9.204545454545454e-01,-1.081580862150205e-08,5.275647355244031e-08
2.201704545454546e-01,9.204545454545454e-01,-1.154951476809089e-08,5.631048952505829e-08
2.343750000000000e-01,9.204545454545454e-01,-1.228322091467972e-08,5.986450549767628e-08
2.485795454545454e-01,9.204545454545454e-01,-1.301692706126855e-08,6.341852147029424e-08
2.627840909090909e-01,9.204545454545454e-01,-1.396638308254692e-08,6.701741626186071e-08
2.769886363636364e-01,9.204545454545454e-01,-1.493981131212413e-08,7.062129758886588e-08
2.911931818181818e-01,9.204545454545454e-01,-1.591323954170135e-08,7.422517891587107e-08
3.053977272727273e-01,9.204545454545454e-01,-1.688666777127856e-08,7.782906024287624e-08
3.196022727272727e-01,9.204545454545454e-01,-1.806320729622484e-08,8.144230646422196e-08
3.338068181818182e-01,9.204545454545454e-01,-1.944285811654020e-08,8.506491757990826e-08
3.480113636363636e-01,9.204545454545454e-01,-2.082250893685557e-08,8.868752869559455e-08
3.622159090909091e-01,9.204545454545454e-01,-2.220215975717093e-08,9.231013981128085e-08
3.764204545454545e-01,9.204545454545454e-01,-2.364765340757261e-08,9.593781302808232e-08
3.906250000000000e-01,9.204545454545454e-01,-2.568573252875122e-08,9.961104515492055e-08
4.048295454545455e-01,9.204545454545454e-01,-2.772381164992982e-08,1.032842772817587e-07
4.190340909090909e-01,9.204545454545454e-01,-2.976189077110842e-08,1.069575094085970e-07
4.332386363636364e-01,9.204545454545454e-01,-3.179996989228703e-08,1.106307415354352e-07
4.474431818181818e-01,9.204545454545454e-01,-3.444595415406815e-08,1.142786300913628e-07
4.616477272727273e-01,9.204545454545454e-01,-3.735246919039322e-08,1.179156571169002e-07
4.758522727272727e-01,9.204545454545454e-01,-4.025898422671827e-08,1.215526841424376e-07
4.900568181818182e-01,9.204545454545454e-01,-4.316549926304333e-08,1.251897111679749e-07
5.042613636363636e-01,9.204545454545454e-01,-4.652787613085392e-08,1.300630070305371e-07
5.184659090909091e-01,9.204545454545454e-01,-5.095393060546407e-08,1.378209301794905e-07
5.326704545454546e-01,9.204545454545454e-01,-5.537998508007425e-08,1.455788533284439e-07
5.468750000000000e-01,9.204545454545454e-01,-5.980603955468439e-08,1.533367764773972e-07
5.610795454545454e-01,9.204545454545454e-01,-6.423209402929454e-08,1.610946996263506e-07
5.752840909090909e-01,9.204545454545454e-01,-8.274862509617927e-08,1.624547058162425e-07
5.894886363636364e-01,9.204545454545454e-01,-1.028307646733166e-07,1.631038323440164e-07
6.036931818181818e-01,9.204545454545454e-01,-1.229129042504539e-07,1.637529588717903e-07
6.178977272727273e-01,9.204545454545454e-01,-1.429950438275914e-07,1.644020853995642e-07
7.102272727272727e-03,9.431818181818182e-01,-3.623115899238245e-10,1.539955814153229e-09
2.130681818181818e-02,9.431818181818182e-01,-1.086934769782978e-09,4.619867442459686e-09
3.551136363636364e-02,9.431818181818182e-01,-1.811557949642131e-09,7.699779070766145e-09
4.971590909090909e-02,9.431818181818182e-01,-2.536181129501284e-09,1.077969069907260e-08
6.392045454545454e-02,9.431818181818182e-01,-3.231267205802764e-09,1.382690883866961e-08
7.812500000000000e-02,9.431818181818182e-01,-3.660519350085181e-09,1.657988557988161e-08
9.232954545454546e-02,9.431818181818182e-01,-4.089771494367599e-09,1.933286232109361e-08
1.065340909090909e-01,9.431818181818182e-01,-4.519023638650016e-09,2.208583906230560e-08
1.207386363636364e-01,9.431818181818182e-01,-4.948275782932434e-09,2.483881580351760e-08
1.349431818181818e-01,9.431818181818182e-01,-5.358122266501993e-09,2.760870703309494e-08
1.491477272727273e-01,9.431818181818182e-01,-5.759652038337467e-09,3.038584732911456e-08
1.633522727272727e-01,9.431818181818182e-01,-6.161181810172943e-09,3.316298762513419e-08
1.775568181818182e-01,9.431818181818182e-01,-6.562711582008418e-09,3.594012792115382e-08
1.917613636363636e-01,9.431818181818182e-01,-6.991361129343546e-09,3.873608327853974e-08
2.059659090909091e-01,9.431818181818182e-01,-7.483290152844526e-09,4.157594044578035e-08
2.201704545454546e-01,9.431818181818182e-01,-7.975219176345505e-09,4.441579761302097e-08
2.343750000000000e-01,9.431818181818182e-01,-8.467148199846485e-09,4.725565478026158e-08
2.485795454545454e-01,9.431818181818182e-01,-8.959077223347465e-09,5.009551194750219e-08
2.627840909090909e-01,9.431818181818182e-01,-9.623795312779118e-09,5.299954616025244e-08
2.769886363636364e-01,9.431818181818182e-01,-1.030771218731418e-08,5.591071115583712e-08
2.911931818181818e-01,9.431818181818182e-01,-1.099162906184925e-08,5.882187615142179e-08
3.053977272727273e-01,9.431818181818182e-01,-1.167554593638431e-08,6.173304114700645e-08
3.196022727272727e-01,9.431818181818182e-01,-1.252128743114162e-08,6.466693129005387e-08
3.338068181818182e-01,9.431818181818182e-01,-1.352885354612118e-08,6.762354658056405e-08
3.480113636363636e-01,9.431818181818182e-01,-1.453641966110073e-08,7.058016187107422e-08
3.622159090909091e-01,9.431818181818182e-01,-1.554398577608029e-08,7.353677716158439e-08
3.764204545454545e-01,9.431818181818182e-01,-1.660509604048246e-08,7.650655392119254e-08
3.906250000000000e-01,9.431818181818182e-01,-1.814810364968824e-08,7.959478390268242e-08
4.048295454545455e-01,9.431818181818182e-01,-1.969111125889402e-08,8.268301388417229e-08
4.190340909090909e-01,9.431818181818182e-01,-2.123411886809979e-08,8.577124386566217e-08
4.332386363636364e-01,9.431818181818182e-01,-2.277712647730557e-08,8.885947384715206e-08
4.474431818181818e-01,9.431818181818182e-01,-2.479400922800443e-08,9.179111793527978e-08
4.616477272727273e-01,9.431818181818182e-01,-2.701398132505749e-08,9.465565378339513e-08
4.758522727272727e-01,9.431818181818182e-01,-2.923395342211054e-08,9.752018963151048e-08
4.900568181818182e-01,9.431818181818182e-01,-3.145392551916358e-08,1.003847254796258e-07
5.042613636363636e-01,9.431818181818182e-01,-3.381892047729715e-08,1.049578528928786e-07
5.184659090909091e-01,9.431818181818182e-01,-3.652230211128525e-08,1.135176939581185e-07
5.326704545454546e-01,9.431818181818182e-01,-3.922568374527337e-08,1.220775350233584e-07
5.468750000000000e-01,9.431818181818182e-01,-4.192906537926147e-08,1.306373760885983e-07
5.610795454545454e-01,9.431818181818182e-01,-4.463244701324956e-08,1.391972171538382e-07
5.752840909090909e-01,9.431818181818182e-01,-6.411205366793242e-08,1.463978487827133e-07
5.894886363636364e-01,9.431818181818182e-01,-8.545568532491458e-08,1.534474571408811e-07
6.036931818181818e-01,9.431818181818182e-01,-1.067993169818967e-07,1.604970654990490e-07
6.178977272727273e-01,9.431818181818182e-01,-1.281429486388790e-07,1.675466738572168e-07
7.102272727272727e-03,9.659090909090909e-01,-2.173869539542947e-10,9.239734884919375e-10
2.130681818181818e-02,9.659090909090909e-01,-6.521608618697865e-10,2.771920465475812e-09
3.551136363636364e-02,9.659090909090909e-01,-1.086934769785279e-09,4.619867442459687e-09
4.971590909090909e-02,9.659090909090909e-01,-1.521708677700770e-09,6.467814419443561e-09
6.392045454545454e-02,9.659090909090909e-01,-1.938760323481658e-09,8.296145303201768e-09
7.812500000000000e-02,9.659090909090909e-01,-2.196311610051109e-09,9.947931347928966e-09
9.232954545454546e-02,9.659090909090909e-01,-2.453862896620560e-09,1.159971739265616e-08
1.065340909090909e-01,9.659090909090909e-01,-2.711414183190010e-09,1.325150343738336e-08
1.207386363636364e-01,9.659090909090909e-01,-2.968965469759461e-09,1.490328948211056e-08
1.349431818181818e-01,9.659090909090909e-01,-3.214873359901195e-09,1.656522421985696e-08
1.491477272727273e-01,9.659090909090909e-01,-3.455791223002481e-09,1.823150839746874e-08
1.633522727272727e-01,9.659090909090909e-01,-3.696709086103766e-09,1.989779257508052e-08
1.775568181818182e-01,9.659090909090909e-01,-3.937626949205051e-09,2.156407675269229e-08
1.917613636363636e-01,9.659090909090909e-01,-4.194816677606127e-09,2.324164996712384e-08
2.059659090909091e-01,9.659090909090909e-01,-4.489974091706715e-09,2.494556426746821e-08
2.201704545454546e-01,9.659090909090909e-01,-4.785131505807304e-09,2.664947856781258e-08
2.343750000000000e-01,9.659090909090909e-01,-5.080288919907891e-09,2.835339286815694e-08
2.485795454545454e-01,9.659090909090909e-01,-5.375446334008479e-09,3.005730716850131e-08
2.627840909090909e-01,9.659090909090909e-01,-5.774277187667471e-09,3.179972769615147e-08
2.769886363636364e-01,9.659090909090909e-01,-6.184627312388509e-09,3.354642669350227e-08
2.911931818181818e-01,9.659090909090909e-01,-6.594977437109548e-09,3.529312569085307e-08
3.053977272727273e-01,9.659090909090909e-01,-7.005327561830586e-09,3.703982468820387e-08
3.196022727272727e-01,9.659090909090909e-01,-7.512772458684970e-09,3.880015877403232e-08
3.338068181818182e-01,9.659090909090909e-01,-8.117312127672705e-09,4.057412794833843e-08
3.480113636363636e-01,9.659090909090909e-01,-8.721851796660440e-09,4.234809712264453e-08
3.622159090909091e-01,9.659090909090909e-01,-9.326391465648173e-09,4.412206629695064e-08
3.764204545454545e-01,9.659090909090909e-01,-9.963057624289479e-09,4.590393235271552e-08
3.906250000000000e-01,9.659090909090909e-01,-1.088886218981294e-08,4.775687034160945e-08
4.048295454545455e-01,9.659090909090909e-01,-1.181466675533641e-08,4.960980833050339e-08
4.190340909090909e-01,9.659090909090909e-01,-1.274047132085987e-08,5.146274631939731e-08
4.332386363636364e-01,9.659090909090909e-01,-1.366627588638334e-08,5.331568430829123e-08
4.474431818181818e-01,9.659090909090909e-01,-1.487640553680266e-08,5.507467076116786e-08
4.616477272727273e-01,9.659090909090909e-01,-1.620838879503449e-08,5.679339227003708e-08
4.758522727272727e-01,9.659090909090909e-01,-1.754037205326632e-08,5.851211377890629e-08
4.900568181818182e-01,9.659090909090909e-01,-1.887235531149815e-08,6.023083528777549e-08
5.042613636363636e-01,9.659090909090909e-01,-2.029135228637829e-08,6.297471173572713e-08
5.184659090909091e-01,9.659090909090909e-01,-2.191338126677115e-08,6.811061637487107e-08
5.326704545454546e-01,9.659090909090909e-01,-2.353541024716402e-08,7.324652101401505e-08
5.468750000000000e-01,9.659090909090909e-01,-2.515743922755688e-08,7.838242565315898e-08
5.610795454545454e-01,9.659090909090909e-01,-2.677946820794974e-08,8.351833029230292e-08
5.752840909090909e-01,9.659090909090909e-01,-3.818915453544395e-08,1.070266905958384e-07
5.894886363636364e-01,9.659090909090909e-01,-5.068635834594936e-08,1.325764348620838e-07
6.036931818181818e-01,9.659090909090909e-01,-6.318356215645477e-08,1.581261791283294e-07
6.178977272727273e-01,9.659090909090909e-01,-7.568076596696026e-08,1.836759233945750e-07
7.102272727272727e-03,9.886363636363636e-01,-7.246231798476490e-11,3.079911628306458e-10
2.130681818181818e-02,9.886363636363636e-01,-2.173869539565955e-10,9.239734884919372e-10
3.551136363636364e-02,9.886363636363636e-01,-3.623115899284262e-10,1.539955814153229e-09
4.971590909090909e-02,9.886363636363636e-01,-5.072362259002568e-10,2.155938139814520e-09
6.392045454545454e-02,9.886363636363636e-01,-6.462534411605527e-10,2.765381767733923e-09
7.812500000000000e-02,9.886363636363636e-01,-7.321038700170363e-10,3.315977115976322e-09
9.232954545454546e-02,9.886363636363636e-01,-8.179542988735199e-10,3.866572464218721e-09
1.065340909090909e-01,9.886363636363636e-01,-9.038047277300035e-10,4.417167812461121e-09
1.207386363636364e-01,9.886363636363636e-01,-9.896551565864868e-10,4.967763160703520e-09
1.349431818181818e-01,9.886363636363636e-01,-1.071624453300399e-09,5.521741406618988e-09
1.491477272727273e-01,9.886363636363636e-01,-1.151930407667494e-09,6.077169465822912e-09
1.633522727272727e-01,9.886363636363636e-01,-1.232236362034589e-09,6.632597525026839e-09
1.775568181818182e-01,9.886363636363636e-01,-1.312542316401684e-09,7.188025584230764e-09
1.917613636363636e-01,9.886363636363636e-01,-1.398272225868709e-09,7.747216655707948e-09
2.059659090909091e-01,9.886363636363636e-01,-1.496658030568905e-09,8.315188089156072e-09
2.201704545454546e-01,9.886363636363636e-01,-1.595043835269101e-09,8.883159522604193e-09
2.343750000000000e-01,9.886363636363636e-01,-1.693429639969297e-09,9.451130956052316e-09
2.485795454545454e-01,9.886363636363636e-01,-1.791815444669493e-09,1.001910238950044e-08
2.627840909090909e-01,9.886363636363636e-01,-1.924759062555824e-09,1.059990923205049e-08
2.769886363636364e-01,9.886363636363636e-01,-2.061542437462836e-09,1.118214223116742e-08
2.911931818181818e-01,9.886363636363636e-01,-2.198325812369849e-09,1.176437523028436e-08
3.053977272727273e-01,9.886363636363636e-01,-2.335109187276862e-09,1.234660822940129e-08
3.196022727272727e-01,9.886363636363636e-01,-2.504257486228324e-09,1.293338625801077e-08
3.338068181818182e-01,9.886363636363636e-01,-2.705770709224235e-09,1.352470931611281e-08
3.480113636363636e-01,9.886363636363636e-01,-2.907283932220146e-09,1.411603237421484e-08
3.622159090909091e-01,9.886363636363636e-01,-3.108797155216058e-09,1.470735543231688e-08
3.764204545454545e-01,9.886363636363636e-01,-3.321019208096492e-09,1.530131078423851e-08
3.906250000000000e-01,9.886363636363636e-01,-3.629620729937648e-09,1.591895678053648e-08
4.048295454545455e-01,9.886363636363636e-01,-3.938222251778804e-09,1.653660277683446e-08
4.190340909090909e-01,9.886363636363636e-01,-4.246823773619958e-09,1.715424877313244e-08
4.332386363636364e-01,9.886363636363636e-01,-4.555425295461114e-09,1.777189476943041e-08
4.474431818181818e-01,9.886363636363636e-01,-4.958801845600887e-09,1.835822358705596e-08
4.616477272727273e-01,9.886363636363636e-01,-5.402796265011498e-09,1.893113075667902e-08
4.758522727272727e-01,9.886363636363636e-01,-5.846790684422106e-09,1.950403792630209e-08
4.900568181818182e-01,9.886363636363636e-01,-6.290785103832716e-09,2.007694509592517e-08
5.042613636363636e-01,9.886363636363636e-01,-6.763784095459429e-09,2.099157057857571e-08
5.184659090909091e-01,9.886363636363636e-01,-7.304460422257048e-09,2.270353879162369e-08
5.326704545454546e-01,9.886363636363636e-01,-7.845136749054671e-09,2.441550700467168e-08
5.468750000000000e-01,9.886363636363636e-01,-8.385813075852290e-09,2.612747521771966e-08
5.610795454545454e-01,9.886363636363636e-01,-8.926489402649910e-09,2.783944343076764e-08
5.752840909090909e-01,9.886363636363636e-01,-1.226625540295549e-08,6.765553240896347e-08
5.894886363636364e-01,9.886363636363636e-01,-1.591703136698416e-08,1.117054125832866e-07
6.036931818181818e-01,9.886363636363636e-01,-1.956780733101283e-08,1.557552927576098e-07
6.178977272727273e-01,9.886363636363636e-01,-2.321858329504152e-08,1.998051729319332e-07
