>>> round 2 (27b, seed 1) start 2026-08-16 12:26:29
[preflight] custody controls verified for 1 problem(s); keys sealed and unreadable by execution
[phase: development] results are for post-mortems and convergence checking, NOT for the paper's evaluation table.
[DL1 27b BARE s1] done  calls=129 tok=8831949/92395 2297.2s
2026-08-16 13:04:52,997 [oasis.registry] INFO: Loaded discovered config: 5 backends
2026-08-16 13:04:52,998 [oasis.registry] INFO: Registered backend: 4C Multiphysics (fourc)
2026-08-16 13:04:52,999 [oasis.registry] INFO: Registered backend: FEniCSx (dolfinx) (fenics)
2026-08-16 13:04:52,999 [oasis.registry] INFO: Registered backend: deal.II (dealii)
2026-08-16 13:04:53,003 [oasis.registry] INFO: Registered backend: FEBio (febio)
2026-08-16 13:04:53,005 [oasis.registry] INFO: Registered backend: NGSolve (ngsolve)
2026-08-16 13:04:53,005 [oasis.ngsolve] INFO: NGSolve backend registered
2026-08-16 13:04:53,008 [oasis.registry] INFO: Registered backend: scikit-fem (skfem)
2026-08-16 13:04:53,008 [oasis.skfem] INFO: scikit-fem backend registered
2026-08-16 13:04:53,012 [oasis.registry] INFO: Registered backend: Kratos Multiphysics (kratos)
2026-08-16 13:04:53,012 [oasis.kratos] INFO: Kratos Multiphysics backend registered
2026-08-16 13:04:53,014 [oasis.registry] INFO: Registered backend: DUNE-fem (dune)
2026-08-16 13:04:53,014 [oasis.dune] INFO: DUNE-fem backend registered
2026-08-16 13:04:53,019 [oasis.registry] INFO: Registered backend: SPARTA (DSMC) (sparta)
2026-08-16 13:04:53,019 [oasis.sparta] INFO: SPARTA (DSMC) backend registered
2026-08-16 13:04:53,019 [oasis] INFO: Starting OASiS MCP server
2026-08-16 13:04:53,027 [mcp.server.lowlevel.server] INFO: Processing request of type ListToolsRequest
/home/alexander/Schreibtisch/ofa-v2/langgraph_eval/agent.py:215: RuntimeWarning: This package (`duckduckgo_search`) has been renamed to `ddgs`! Use `pip install ddgs` instead.
  with DDGS() as ddgs:
2026-08-16 13:05:22,778 [oasis.registry] INFO: Loaded discovered config: 5 backends
2026-08-16 13:05:22,779 [oasis.registry] INFO: Registered backend: 4C Multiphysics (fourc)
2026-08-16 13:05:22,780 [oasis.registry] INFO: Registered backend: FEniCSx (dolfinx) (fenics)
2026-08-16 13:05:22,780 [oasis.registry] INFO: Registered backend: deal.II (dealii)
2026-08-16 13:05:22,784 [oasis.registry] INFO: Registered backend: FEBio (febio)
2026-08-16 13:05:22,786 [oasis.registry] INFO: Registered backend: NGSolve (ngsolve)
2026-08-16 13:05:22,786 [oasis.ngsolve] INFO: NGSolve backend registered
2026-08-16 13:05:22,789 [oasis.registry] INFO: Registered backend: scikit-fem (skfem)
2026-08-16 13:05:22,789 [oasis.skfem] INFO: scikit-fem backend registered
2026-08-16 13:05:22,793 [oasis.registry] INFO: Registered backend: Kratos Multiphysics (kratos)
2026-08-16 13:05:22,793 [oasis.kratos] INFO: Kratos Multiphysics backend registered
2026-08-16 13:05:22,795 [oasis.registry] INFO: Registered backend: DUNE-fem (dune)
2026-08-16 13:05:22,795 [oasis.dune] INFO: DUNE-fem backend registered
2026-08-16 13:05:22,798 [oasis.registry] INFO: Loaded discovered config: 5 backends
2026-08-16 13:05:22,799 [oasis.registry] INFO: Registered backend: 4C Multiphysics (fourc)
2026-08-16 13:05:22,799 [oasis.registry] INFO: Registered backend: FEniCSx (dolfinx) (fenics)
2026-08-16 13:05:22,800 [oasis.registry] INFO: Registered backend: deal.II (dealii)
2026-08-16 13:05:22,800 [oasis.registry] INFO: Registered backend: SPARTA (DSMC) (sparta)
2026-08-16 13:05:22,800 [oasis.sparta] INFO: SPARTA (DSMC) backend registered
2026-08-16 13:05:22,800 [oasis] INFO: Starting OASiS MCP server
2026-08-16 13:05:22,804 [oasis.registry] INFO: Registered backend: FEBio (febio)
2026-08-16 13:05:22,806 [oasis.registry] INFO: Registered backend: NGSolve (ngsolve)
2026-08-16 13:05:22,806 [oasis.ngsolve] INFO: NGSolve backend registered
2026-08-16 13:05:22,808 [mcp.server.lowlevel.server] INFO: Processing request of type CallToolRequest
2026-08-16 13:05:22,809 [oasis.registry] INFO: Registered backend: scikit-fem (skfem)
2026-08-16 13:05:22,809 [oasis.skfem] INFO: scikit-fem backend registered
2026-08-16 13:05:22,812 [oasis.registry] INFO: Registered backend: Kratos Multiphysics (kratos)
2026-08-16 13:05:22,812 [oasis.kratos] INFO: Kratos Multiphysics backend registered
2026-08-16 13:05:22,815 [oasis.registry] INFO: Registered backend: DUNE-fem (dune)
2026-08-16 13:05:22,815 [oasis.dune] INFO: DUNE-fem backend registered
2026-08-16 13:05:22,818 [mcp.server.lowlevel.server] INFO: Processing request of type ListToolsRequest
2026-08-16 13:05:22,820 [oasis.registry] INFO: Registered backend: SPARTA (DSMC) (sparta)
2026-08-16 13:05:22,820 [oasis.sparta] INFO: SPARTA (DSMC) backend registered
2026-08-16 13:05:22,820 [oasis] INFO: Starting OASiS MCP server
2026-08-16 13:05:22,827 [mcp.server.lowlevel.server] INFO: Processing request of type CallToolRequest
2026-08-16 13:05:22,856 [mcp.server.lowlevel.server] INFO: Processing request of type ListToolsRequest
2026-08-16 13:05:22,861 [oasis] INFO: Session journal saved: /home/alexander/Schreibtisch/ofa-v2/data/sessions/session_bf54105f-6508-413d-a501-1ac8bacbb85e.json (1 events)
/home/alexander/Schreibtisch/ofa-v2/langgraph_eval/agent.py:215: RuntimeWarning: This package (`duckduckgo_search`) has been renamed to `ddgs`! Use `pip install ddgs` instead.
  with DDGS() as ddgs:
/home/alexander/Schreibtisch/ofa-v2/langgraph_eval/agent.py:215: RuntimeWarning: This package (`duckduckgo_search`) has been renamed to `ddgs`! Use `pip install ddgs` instead.
  with DDGS() as ddgs:
2026-08-16 13:05:30,246 [oasis.registry] INFO: Loaded discovered config: 5 backends
2026-08-16 13:05:30,247 [oasis.registry] INFO: Registered backend: 4C Multiphysics (fourc)
2026-08-16 13:05:30,248 [oasis.registry] INFO: Registered backend: FEniCSx (dolfinx) (fenics)
2026-08-16 13:05:30,248 [oasis.registry] INFO: Registered backend: deal.II (dealii)
2026-08-16 13:05:30,252 [oasis.registry] INFO: Registered backend: FEBio (febio)
2026-08-16 13:05:30,254 [oasis.registry] INFO: Registered backend: NGSolve (ngsolve)
2026-08-16 13:05:30,255 [oasis.ngsolve] INFO: NGSolve backend registered
2026-08-16 13:05:30,257 [oasis.registry] INFO: Registered backend: scikit-fem (skfem)
2026-08-16 13:05:30,257 [oasis.skfem] INFO: scikit-fem backend registered
2026-08-16 13:05:30,261 [oasis.registry] INFO: Registered backend: Kratos Multiphysics (kratos)
2026-08-16 13:05:30,261 [oasis.kratos] INFO: Kratos Multiphysics backend registered
2026-08-16 13:05:30,263 [oasis.registry] INFO: Registered backend: DUNE-fem (dune)
2026-08-16 13:05:30,263 [oasis.dune] INFO: DUNE-fem backend registered
2026-08-16 13:05:30,268 [oasis.registry] INFO: Registered backend: SPARTA (DSMC) (sparta)
2026-08-16 13:05:30,268 [oasis.sparta] INFO: SPARTA (DSMC) backend registered
2026-08-16 13:05:30,268 [oasis] INFO: Starting OASiS MCP server
2026-08-16 13:05:30,276 [mcp.server.lowlevel.server] INFO: Processing request of type CallToolRequest
2026-08-16 13:05:30,304 [mcp.server.lowlevel.server] INFO: Processing request of type ListToolsRequest
2026-08-16 13:05:30,310 [oasis] INFO: Session journal saved: /home/alexander/Schreibtisch/ofa-v2/data/sessions/session_9db7dabc-97b5-41b1-8fa2-bb67e216f186.json (1 events)
/home/alexander/Schreibtisch/ofa-v2/langgraph_eval/agent.py:215: RuntimeWarning: This package (`duckduckgo_search`) has been renamed to `ddgs`! Use `pip install ddgs` instead.
  with DDGS() as ddgs:
2026-08-16 13:05:59,185 [oasis.registry] INFO: Loaded discovered config: 5 backends
2026-08-16 13:05:59,186 [oasis.registry] INFO: Registered backend: 4C Multiphysics (fourc)
2026-08-16 13:05:59,186 [oasis.registry] INFO: Registered backend: FEniCSx (dolfinx) (fenics)
2026-08-16 13:05:59,187 [oasis.registry] INFO: Registered backend: deal.II (dealii)
2026-08-16 13:05:59,191 [oasis.registry] INFO: Registered backend: FEBio (febio)
2026-08-16 13:05:59,194 [oasis.registry] INFO: Registered backend: NGSolve (ngsolve)
2026-08-16 13:05:59,194 [oasis.ngsolve] INFO: NGSolve backend registered
2026-08-16 13:05:59,197 [oasis.registry] INFO: Registered backend: scikit-fem (skfem)
2026-08-16 13:05:59,197 [oasis.skfem] INFO: scikit-fem backend registered
2026-08-16 13:05:59,201 [oasis.registry] INFO: Registered backend: Kratos Multiphysics (kratos)
2026-08-16 13:05:59,201 [oasis.kratos] INFO: Kratos Multiphysics backend registered
2026-08-16 13:05:59,204 [oasis.registry] INFO: Registered backend: DUNE-fem (dune)
2026-08-16 13:05:59,204 [oasis.dune] INFO: DUNE-fem backend registered
2026-08-16 13:05:59,208 [oasis.registry] INFO: Registered backend: SPARTA (DSMC) (sparta)
2026-08-16 13:05:59,209 [oasis.sparta] INFO: SPARTA (DSMC) backend registered
2026-08-16 13:05:59,209 [oasis] INFO: Starting OASiS MCP server
2026-08-16 13:05:59,216 [mcp.server.lowlevel.server] INFO: Processing request of type CallToolRequest
2026-08-16 13:06:02,516 [mcp.server.lowlevel.server] INFO: Processing request of type ListToolsRequest
2026-08-16 13:06:02,524 [oasis] INFO: Session journal saved: /home/alexander/Schreibtisch/ofa-v2/data/sessions/session_6ef375ec-9409-4a30-aa97-62929dbf98a0.json (1 events)
2026-08-16 13:06:16,082 [oasis.registry] INFO: Loaded discovered config: 5 backends
2026-08-16 13:06:16,083 [oasis.registry] INFO: Registered backend: 4C Multiphysics (fourc)
2026-08-16 13:06:16,083 [oasis.registry] INFO: Registered backend: FEniCSx (dolfinx) (fenics)
2026-08-16 13:06:16,084 [oasis.registry] INFO: Registered backend: deal.II (dealii)
2026-08-16 13:06:16,087 [oasis.registry] INFO: Registered backend: FEBio (febio)
2026-08-16 13:06:16,090 [oasis.registry] INFO: Registered backend: NGSolve (ngsolve)
2026-08-16 13:06:16,090 [oasis.ngsolve] INFO: NGSolve backend registered
2026-08-16 13:06:16,093 [oasis.registry] INFO: Registered backend: scikit-fem (skfem)
2026-08-16 13:06:16,093 [oasis.skfem] INFO: scikit-fem backend registered
2026-08-16 13:06:16,096 [oasis.registry] INFO: Registered backend: Kratos Multiphysics (kratos)
2026-08-16 13:06:16,096 [oasis.kratos] INFO: Kratos Multiphysics backend registered
2026-08-16 13:06:16,099 [oasis.registry] INFO: Registered backend: DUNE-fem (dune)
2026-08-16 13:06:16,099 [oasis.dune] INFO: DUNE-fem backend registered
2026-08-16 13:06:16,104 [oasis.registry] INFO: Registered backend: SPARTA (DSMC) (sparta)
2026-08-16 13:06:16,104 [oasis.sparta] INFO: SPARTA (DSMC) backend registered
2026-08-16 13:06:16,104 [oasis] INFO: Starting OASiS MCP server
2026-08-16 13:06:16,111 [mcp.server.lowlevel.server] INFO: Processing request of type CallToolRequest
2026-08-16 13:06:16,145 [mcp.server.lowlevel.server] INFO: Processing request of type ListToolsRequest
2026-08-16 13:06:16,151 [oasis] INFO: Session journal saved: /home/alexander/Schreibtisch/ofa-v2/data/sessions/session_f48e2a7b-bb44-4491-acb8-0ddd4ba5d8fb.json (1 events)
2026-08-16 13:06:21,875 [oasis.registry] INFO: Loaded discovered config: 5 backends
2026-08-16 13:06:21,876 [oasis.registry] INFO: Registered backend: 4C Multiphysics (fourc)
2026-08-16 13:06:21,876 [oasis.registry] INFO: Registered backend: FEniCSx (dolfinx) (fenics)
2026-08-16 13:06:21,877 [oasis.registry] INFO: Registered backend: deal.II (dealii)
2026-08-16 13:06:21,880 [oasis.registry] INFO: Registered backend: FEBio (febio)
2026-08-16 13:06:21,883 [oasis.registry] INFO: Registered backend: NGSolve (ngsolve)
2026-08-16 13:06:21,883 [oasis.ngsolve] INFO: NGSolve backend registered
2026-08-16 13:06:21,885 [oasis.registry] INFO: Registered backend: scikit-fem (skfem)
2026-08-16 13:06:21,885 [oasis.skfem] INFO: scikit-fem backend registered
2026-08-16 13:06:21,889 [oasis.registry] INFO: Registered backend: Kratos Multiphysics (kratos)
2026-08-16 13:06:21,889 [oasis.kratos] INFO: Kratos Multiphysics backend registered
2026-08-16 13:06:21,891 [oasis.registry] INFO: Registered backend: DUNE-fem (dune)
2026-08-16 13:06:21,891 [oasis.dune] INFO: DUNE-fem backend registered
2026-08-16 13:06:21,897 [oasis.registry] INFO: Registered backend: SPARTA (DSMC) (sparta)
2026-08-16 13:06:21,897 [oasis.sparta] INFO: SPARTA (DSMC) backend registered
2026-08-16 13:06:21,897 [oasis] INFO: Starting OASiS MCP server
2026-08-16 13:06:21,904 [mcp.server.lowlevel.server] INFO: Processing request of type CallToolRequest
2026-08-16 13:06:21,934 [mcp.server.lowlevel.server] INFO: Processing request of type ListToolsRequest
2026-08-16 13:06:21,939 [oasis] INFO: Session journal saved: /home/alexander/Schreibtisch/ofa-v2/data/sessions/session_aadd5237-6616-4f77-bbb2-bfeab7d893de.json (1 events)
/home/alexander/Schreibtisch/ofa-v2/langgraph_eval/agent.py:290: LangGraphDeprecatedSinceV10: create_react_agent has been moved to `langchain.agents`. Please update your import to `from langchain.agents import create_agent`. Deprecated in LangGraph V1.0 to be removed in V2.0.
  sub_agent = create_react_agent(
/home/alexander/Schreibtisch/ofa-v2/langgraph_eval/agent.py:290: LangGraphDeprecatedSinceV10: create_react_agent has been moved to `langchain.agents`. Please update your import to `from langchain.agents import create_agent`. Deprecated in LangGraph V1.0 to be removed in V2.0.
  sub_agent = create_react_agent(
/home/alexander/Schreibtisch/ofa-v2/langgraph_eval/agent.py:215: RuntimeWarning: This package (`duckduckgo_search`) has been renamed to `ddgs`! Use `pip install ddgs` instead.
  with DDGS() as ddgs:
2026-08-16 13:08:30,799 [oasis.registry] INFO: Loaded discovered config: 5 backends
2026-08-16 13:08:30,800 [oasis.registry] INFO: Registered backend: 4C Multiphysics (fourc)
2026-08-16 13:08:30,800 [oasis.registry] INFO: Registered backend: FEniCSx (dolfinx) (fenics)
2026-08-16 13:08:30,801 [oasis.registry] INFO: Registered backend: deal.II (dealii)
2026-08-16 13:08:30,805 [oasis.registry] INFO: Registered backend: FEBio (febio)
2026-08-16 13:08:30,807 [oasis.registry] INFO: Registered backend: NGSolve (ngsolve)
2026-08-16 13:08:30,807 [oasis.ngsolve] INFO: NGSolve backend registered
2026-08-16 13:08:30,810 [oasis.registry] INFO: Registered backend: scikit-fem (skfem)
2026-08-16 13:08:30,810 [oasis.skfem] INFO: scikit-fem backend registered
2026-08-16 13:08:30,813 [oasis.registry] INFO: Registered backend: Kratos Multiphysics (kratos)
2026-08-16 13:08:30,813 [oasis.kratos] INFO: Kratos Multiphysics backend registered
2026-08-16 13:08:30,816 [oasis.registry] INFO: Registered backend: DUNE-fem (dune)
2026-08-16 13:08:30,816 [oasis.dune] INFO: DUNE-fem backend registered
2026-08-16 13:08:30,821 [oasis.registry] INFO: Registered backend: SPARTA (DSMC) (sparta)
2026-08-16 13:08:30,821 [oasis.sparta] INFO: SPARTA (DSMC) backend registered
2026-08-16 13:08:30,821 [oasis] INFO: Starting OASiS MCP server
2026-08-16 13:08:30,828 [mcp.server.lowlevel.server] INFO: Processing request of type CallToolRequest
2026-08-16 13:08:30,857 [mcp.server.lowlevel.server] INFO: Processing request of type ListToolsRequest
2026-08-16 13:08:30,862 [oasis] INFO: Session journal saved: /home/alexander/Schreibtisch/ofa-v2/data/sessions/session_15db12d1-a2d5-4d84-8ba0-8480d9477cab.json (1 events)
/home/alexander/Schreibtisch/ofa-v2/langgraph_eval/agent.py:215: RuntimeWarning: This package (`duckduckgo_search`) has been renamed to `ddgs`! Use `pip install ddgs` instead.
  with DDGS() as ddgs:
/home/alexander/Schreibtisch/ofa-v2/langgraph_eval/agent.py:215: RuntimeWarning: This package (`duckduckgo_search`) has been renamed to `ddgs`! Use `pip install ddgs` instead.
  with DDGS() as ddgs:
/home/alexander/Schreibtisch/ofa-v2/langgraph_eval/agent.py:215: RuntimeWarning: This package (`duckduckgo_search`) has been renamed to `ddgs`! Use `pip install ddgs` instead.
  with DDGS() as ddgs:
/home/alexander/Schreibtisch/ofa-v2/langgraph_eval/agent.py:215: RuntimeWarning: This package (`duckduckgo_search`) has been renamed to `ddgs`! Use `pip install ddgs` instead.
  with DDGS() as ddgs:
2026-08-16 13:08:37,461 [oasis.registry] INFO: Loaded discovered config: 5 backends
2026-08-16 13:08:37,462 [oasis.registry] INFO: Registered backend: 4C Multiphysics (fourc)
2026-08-16 13:08:37,462 [oasis.registry] INFO: Registered backend: FEniCSx (dolfinx) (fenics)
2026-08-16 13:08:37,463 [oasis.registry] INFO: Registered backend: deal.II (dealii)
2026-08-16 13:08:37,466 [oasis.registry] INFO: Registered backend: FEBio (febio)
2026-08-16 13:08:37,469 [oasis.registry] INFO: Registered backend: NGSolve (ngsolve)
2026-08-16 13:08:37,469 [oasis.ngsolve] INFO: NGSolve backend registered
2026-08-16 13:08:37,471 [oasis.registry] INFO: Registered backend: scikit-fem (skfem)
2026-08-16 13:08:37,472 [oasis.skfem] INFO: scikit-fem backend registered
2026-08-16 13:08:37,475 [oasis.registry] INFO: Registered backend: Kratos Multiphysics (kratos)
2026-08-16 13:08:37,475 [oasis.kratos] INFO: Kratos Multiphysics backend registered
2026-08-16 13:08:37,478 [oasis.registry] INFO: Registered backend: DUNE-fem (dune)
2026-08-16 13:08:37,478 [oasis.dune] INFO: DUNE-fem backend registered
2026-08-16 13:08:37,483 [oasis.registry] INFO: Registered backend: SPARTA (DSMC) (sparta)
2026-08-16 13:08:37,483 [oasis.sparta] INFO: SPARTA (DSMC) backend registered
2026-08-16 13:08:37,483 [oasis] INFO: Starting OASiS MCP server
2026-08-16 13:08:37,490 [mcp.server.lowlevel.server] INFO: Processing request of type CallToolRequest
2026-08-16 13:08:37,500 [mcp.server.lowlevel.server] INFO: Processing request of type ListToolsRequest
[preflight] custody controls verified for 1 problem(s); keys sealed and unreadable by execution
[phase: development] results are for post-mortems and convergence checking, NOT for the paper's evaluation table.
[FE1 27b BARE s1] done  calls=274 tok=22664607/99811 2700.0s  ERR TimeoutError: exceeded 2700s
[preflight] custody controls verified for 1 problem(s); keys sealed and unreadable by execution
[phase: development] results are for post-mortems and convergence checking, NOT for the paper's evaluation table.
[FE2 27b BARE s1] done  calls=105 tok=8228804/136236 2700.0s  ERR TimeoutError: exceeded 2700s
2026-08-16 13:11:35,918 [oasis.registry] INFO: Loaded discovered config: 5 backends
2026-08-16 13:11:35,921 [oasis.registry] INFO: Registered backend: 4C Multiphysics (fourc)
2026-08-16 13:11:35,922 [oasis.registry] INFO: Registered backend: FEniCSx (dolfinx) (fenics)
2026-08-16 13:11:35,922 [oasis.registry] INFO: Registered backend: deal.II (dealii)
2026-08-16 13:11:35,931 [oasis.registry] INFO: Registered backend: FEBio (febio)
2026-08-16 13:11:35,937 [oasis.registry] INFO: Registered backend: NGSolve (ngsolve)
2026-08-16 13:11:35,937 [oasis.ngsolve] INFO: NGSolve backend registered
2026-08-16 13:11:35,940 [oasis.registry] INFO: Registered backend: scikit-fem (skfem)
2026-08-16 13:11:35,940 [oasis.skfem] INFO: scikit-fem backend registered
2026-08-16 13:11:35,949 [oasis.registry] INFO: Registered backend: Kratos Multiphysics (kratos)
2026-08-16 13:11:35,949 [oasis.kratos] INFO: Kratos Multiphysics backend registered
2026-08-16 13:11:35,955 [oasis.registry] INFO: Registered backend: DUNE-fem (dune)
2026-08-16 13:11:35,955 [oasis.dune] INFO: DUNE-fem backend registered
2026-08-16 13:11:35,965 [oasis.registry] INFO: Registered backend: SPARTA (DSMC) (sparta)
2026-08-16 13:11:35,965 [oasis.sparta] INFO: SPARTA (DSMC) backend registered
2026-08-16 13:11:35,965 [oasis] INFO: Starting OASiS MCP server
2026-08-16 13:11:35,979 [mcp.server.lowlevel.server] INFO: Processing request of type ListToolsRequest
2026-08-16 13:11:36,016 [oasis.registry] INFO: Loaded discovered config: 5 backends
2026-08-16 13:11:36,017 [oasis.registry] INFO: Registered backend: 4C Multiphysics (fourc)
2026-08-16 13:11:36,018 [oasis.registry] INFO: Registered backend: FEniCSx (dolfinx) (fenics)
2026-08-16 13:11:36,019 [oasis.registry] INFO: Registered backend: deal.II (dealii)
2026-08-16 13:11:36,022 [oasis.registry] INFO: Registered backend: FEBio (febio)
2026-08-16 13:11:36,025 [oasis.registry] INFO: Registered backend: NGSolve (ngsolve)
2026-08-16 13:11:36,025 [oasis.ngsolve] INFO: NGSolve backend registered
2026-08-16 13:11:36,027 [oasis.registry] INFO: Registered backend: scikit-fem (skfem)
2026-08-16 13:11:36,027 [oasis.skfem] INFO: scikit-fem backend registered
2026-08-16 13:11:36,031 [oasis.registry] INFO: Registered backend: Kratos Multiphysics (kratos)
2026-08-16 13:11:36,031 [oasis.kratos] INFO: Kratos Multiphysics backend registered
2026-08-16 13:11:36,034 [oasis.registry] INFO: Registered backend: DUNE-fem (dune)
2026-08-16 13:11:36,034 [oasis.dune] INFO: DUNE-fem backend registered
2026-08-16 13:11:36,039 [oasis.registry] INFO: Registered backend: SPARTA (DSMC) (sparta)
2026-08-16 13:11:36,039 [oasis.sparta] INFO: SPARTA (DSMC) backend registered
2026-08-16 13:11:36,039 [oasis] INFO: Starting OASiS MCP server
2026-08-16 13:11:36,047 [mcp.server.lowlevel.server] INFO: Processing request of type ListToolsRequest
2026-08-16 13:11:47,708 [oasis.registry] INFO: Loaded discovered config: 5 backends
2026-08-16 13:11:47,709 [oasis.registry] INFO: Registered backend: 4C Multiphysics (fourc)
2026-08-16 13:11:47,710 [oasis.registry] INFO: Registered backend: FEniCSx (dolfinx) (fenics)
2026-08-16 13:11:47,711 [oasis.registry] INFO: Registered backend: deal.II (dealii)
2026-08-16 13:11:47,712 [oasis.registry] INFO: Loaded discovered config: 5 backends
2026-08-16 13:11:47,713 [oasis.registry] INFO: Registered backend: 4C Multiphysics (fourc)
2026-08-16 13:11:47,713 [oasis.registry] INFO: Registered backend: FEniCSx (dolfinx) (fenics)
2026-08-16 13:11:47,714 [oasis.registry] INFO: Registered backend: deal.II (dealii)
2026-08-16 13:11:47,714 [oasis.registry] INFO: Registered backend: FEBio (febio)
2026-08-16 13:11:47,717 [oasis.registry] INFO: Registered backend: NGSolve (ngsolve)
2026-08-16 13:11:47,717 [oasis.ngsolve] INFO: NGSolve backend registered
2026-08-16 13:11:47,718 [oasis.registry] INFO: Registered backend: FEBio (febio)
2026-08-16 13:11:47,719 [oasis.registry] INFO: Registered backend: scikit-fem (skfem)
2026-08-16 13:11:47,719 [oasis.skfem] INFO: scikit-fem backend registered
2026-08-16 13:11:47,720 [oasis.registry] INFO: Registered backend: NGSolve (ngsolve)
2026-08-16 13:11:47,720 [oasis.ngsolve] INFO: NGSolve backend registered
2026-08-16 13:11:47,723 [oasis.registry] INFO: Registered backend: scikit-fem (skfem)
2026-08-16 13:11:47,723 [oasis.skfem] INFO: scikit-fem backend registered
2026-08-16 13:11:47,723 [oasis.registry] INFO: Registered backend: Kratos Multiphysics (kratos)
2026-08-16 13:11:47,723 [oasis.kratos] INFO: Kratos Multiphysics backend registered
2026-08-16 13:11:47,726 [oasis.registry] INFO: Registered backend: DUNE-fem (dune)
2026-08-16 13:11:47,726 [oasis.dune] INFO: DUNE-fem backend registered
2026-08-16 13:11:47,727 [oasis.registry] INFO: Registered backend: Kratos Multiphysics (kratos)
2026-08-16 13:11:47,727 [oasis.kratos] INFO: Kratos Multiphysics backend registered
2026-08-16 13:11:47,729 [oasis.registry] INFO: Registered backend: DUNE-fem (dune)
2026-08-16 13:11:47,729 [oasis.dune] INFO: DUNE-fem backend registered
2026-08-16 13:11:47,731 [oasis.registry] INFO: Registered backend: SPARTA (DSMC) (sparta)
2026-08-16 13:11:47,731 [oasis.sparta] INFO: SPARTA (DSMC) backend registered
2026-08-16 13:11:47,731 [oasis] INFO: Starting OASiS MCP server
2026-08-16 13:11:47,734 [oasis.registry] INFO: Registered backend: SPARTA (DSMC) (sparta)
2026-08-16 13:11:47,734 [oasis.sparta] INFO: SPARTA (DSMC) backend registered
2026-08-16 13:11:47,734 [oasis] INFO: Starting OASiS MCP server
2026-08-16 13:11:47,739 [mcp.server.lowlevel.server] INFO: Processing request of type CallToolRequest
2026-08-16 13:11:47,742 [mcp.server.lowlevel.server] INFO: Processing request of type CallToolRequest
2026-08-16 13:11:47,883 [oasis.registry] INFO: Loaded discovered config: 5 backends
2026-08-16 13:11:47,884 [oasis.registry] INFO: Registered backend: 4C Multiphysics (fourc)
2026-08-16 13:11:47,884 [oasis.registry] INFO: Registered backend: FEniCSx (dolfinx) (fenics)
2026-08-16 13:11:47,885 [oasis.registry] INFO: Registered backend: deal.II (dealii)
2026-08-16 13:11:47,889 [oasis.registry] INFO: Registered backend: FEBio (febio)
2026-08-16 13:11:47,892 [oasis.registry] INFO: Registered backend: NGSolve (ngsolve)
2026-08-16 13:11:47,892 [oasis.ngsolve] INFO: NGSolve backend registered
2026-08-16 13:11:47,896 [oasis.registry] INFO: Registered backend: scikit-fem (skfem)
2026-08-16 13:11:47,896 [oasis.skfem] INFO: scikit-fem backend registered
2026-08-16 13:11:47,900 [oasis.registry] INFO: Registered backend: Kratos Multiphysics (kratos)
2026-08-16 13:11:47,900 [oasis.kratos] INFO: Kratos Multiphysics backend registered
2026-08-16 13:11:47,903 [oasis.registry] INFO: Registered backend: DUNE-fem (dune)
2026-08-16 13:11:47,903 [oasis.dune] INFO: DUNE-fem backend registered
2026-08-16 13:11:47,909 [oasis.registry] INFO: Registered backend: SPARTA (DSMC) (sparta)
2026-08-16 13:11:47,909 [oasis.sparta] INFO: SPARTA (DSMC) backend registered
2026-08-16 13:11:47,909 [oasis] INFO: Starting OASiS MCP server
2026-08-16 13:11:47,919 [mcp.server.lowlevel.server] INFO: Processing request of type CallToolRequest
2026-08-16 13:11:51,272 [mcp.server.lowlevel.server] INFO: Processing request of type ListToolsRequest
2026-08-16 13:11:52,198 [mcp.server.lowlevel.server] INFO: Processing request of type ListToolsRequest
2026-08-16 13:11:52,198 [mcp.server.lowlevel.server] INFO: Processing request of type ListToolsRequest
2026-08-16 13:11:52,204 [oasis] INFO: Session journal saved: /home/alexander/Schreibtisch/ofa-v2/data/sessions/session_b577a5e0-7dcc-4ad3-a939-1bcbd1d53e53.json (1 events)
2026-08-16 13:11:52,206 [oasis] INFO: Session journal saved: /home/alexander/Schreibtisch/ofa-v2/data/sessions/session_af701684-a348-4b16-9437-c0213008ed76.json (1 events)
2026-08-16 13:12:00,473 [oasis.registry] INFO: Loaded discovered config: 5 backends
2026-08-16 13:12:00,474 [oasis.registry] INFO: Registered backend: 4C Multiphysics (fourc)
2026-08-16 13:12:00,474 [oasis.registry] INFO: Registered backend: FEniCSx (dolfinx) (fenics)
2026-08-16 13:12:00,475 [oasis.registry] INFO: Registered backend: deal.II (dealii)
2026-08-16 13:12:00,479 [oasis.registry] INFO: Registered backend: FEBio (febio)
2026-08-16 13:12:00,481 [oasis.registry] INFO: Registered backend: NGSolve (ngsolve)
2026-08-16 13:12:00,481 [oasis.ngsolve] INFO: NGSolve backend registered
2026-08-16 13:12:00,484 [oasis.registry] INFO: Registered backend: scikit-fem (skfem)
2026-08-16 13:12:00,484 [oasis.skfem] INFO: scikit-fem backend registered
2026-08-16 13:12:00,487 [oasis.registry] INFO: Registered backend: Kratos Multiphysics (kratos)
2026-08-16 13:12:00,488 [oasis.kratos] INFO: Kratos Multiphysics backend registered
2026-08-16 13:12:00,490 [oasis.registry] INFO: Registered backend: DUNE-fem (dune)
2026-08-16 13:12:00,490 [oasis.dune] INFO: DUNE-fem backend registered
2026-08-16 13:12:00,495 [oasis.registry] INFO: Registered backend: SPARTA (DSMC) (sparta)
2026-08-16 13:12:00,495 [oasis.sparta] INFO: SPARTA (DSMC) backend registered
2026-08-16 13:12:00,495 [oasis] INFO: Starting OASiS MCP server
2026-08-16 13:12:00,503 [mcp.server.lowlevel.server] INFO: Processing request of type CallToolRequest
2026-08-16 13:12:02,020 [oasis.registry] INFO: Loaded discovered config: 5 backends
2026-08-16 13:12:02,021 [oasis.registry] INFO: Registered backend: 4C Multiphysics (fourc)
2026-08-16 13:12:02,022 [oasis.registry] INFO: Registered backend: FEniCSx (dolfinx) (fenics)
2026-08-16 13:12:02,022 [oasis.registry] INFO: Registered backend: deal.II (dealii)
2026-08-16 13:12:02,027 [oasis.registry] INFO: Registered backend: FEBio (febio)
2026-08-16 13:12:02,030 [oasis.registry] INFO: Registered backend: NGSolve (ngsolve)
2026-08-16 13:12:02,030 [oasis.ngsolve] INFO: NGSolve backend registered
2026-08-16 13:12:02,033 [oasis.registry] INFO: Registered backend: scikit-fem (skfem)
2026-08-16 13:12:02,033 [oasis.skfem] INFO: scikit-fem backend registered
2026-08-16 13:12:02,034 [oasis.registry] INFO: Loaded discovered config: 5 backends
2026-08-16 13:12:02,036 [oasis.registry] INFO: Registered backend: 4C Multiphysics (fourc)
2026-08-16 13:12:02,036 [oasis.registry] INFO: Registered backend: FEniCSx (dolfinx) (fenics)
2026-08-16 13:12:02,037 [oasis.registry] INFO: Registered backend: deal.II (dealii)
2026-08-16 13:12:02,037 [oasis.registry] INFO: Registered backend: Kratos Multiphysics (kratos)
2026-08-16 13:12:02,037 [oasis.kratos] INFO: Kratos Multiphysics backend registered
2026-08-16 13:12:02,040 [oasis.registry] INFO: Registered backend: DUNE-fem (dune)
2026-08-16 13:12:02,040 [oasis.dune] INFO: DUNE-fem backend registered
2026-08-16 13:12:02,041 [oasis.registry] INFO: Registered backend: FEBio (febio)
2026-08-16 13:12:02,044 [oasis.registry] INFO: Registered backend: NGSolve (ngsolve)
2026-08-16 13:12:02,044 [oasis.ngsolve] INFO: NGSolve backend registered
2026-08-16 13:12:02,047 [oasis.registry] INFO: Registered backend: SPARTA (DSMC) (sparta)
2026-08-16 13:12:02,047 [oasis.sparta] INFO: SPARTA (DSMC) backend registered
2026-08-16 13:12:02,047 [oasis] INFO: Starting OASiS MCP server
2026-08-16 13:12:02,048 [oasis.registry] INFO: Registered backend: scikit-fem (skfem)
2026-08-16 13:12:02,048 [oasis.skfem] INFO: scikit-fem backend registered
2026-08-16 13:12:02,052 [oasis.registry] INFO: Registered backend: Kratos Multiphysics (kratos)
2026-08-16 13:12:02,052 [oasis.kratos] INFO: Kratos Multiphysics backend registered
2026-08-16 13:12:02,055 [mcp.server.lowlevel.server] INFO: Processing request of type CallToolRequest
2026-08-16 13:12:02,055 [oasis.registry] INFO: Registered backend: DUNE-fem (dune)
2026-08-16 13:12:02,055 [oasis.dune] INFO: DUNE-fem backend registered
2026-08-16 13:12:02,062 [oasis.registry] INFO: Registered backend: SPARTA (DSMC) (sparta)
2026-08-16 13:12:02,062 [oasis.sparta] INFO: SPARTA (DSMC) backend registered
2026-08-16 13:12:02,062 [oasis] INFO: Starting OASiS MCP server
2026-08-16 13:12:02,062 [mcp.server.lowlevel.server] INFO: Processing request of type ListToolsRequest
2026-08-16 13:12:02,079 [mcp.server.lowlevel.server] INFO: Processing request of type CallToolRequest
2026-08-16 13:13:43,960 [mcp.server.lowlevel.server] INFO: Processing request of type ListToolsRequest
2026-08-16 13:13:43,968 [oasis] INFO: Session journal saved: /home/alexander/Schreibtisch/ofa-v2/data/sessions/session_e6eb5a03-f10b-4052-aae8-54fb641598db.json (1 events)
2026-08-16 13:13:45,631 [mcp.server.lowlevel.server] INFO: Processing request of type ListToolsRequest
2026-08-16 13:13:45,638 [oasis] INFO: Session journal saved: /home/alexander/Schreibtisch/ofa-v2/data/sessions/session_ea17f515-81d5-4e00-8a97-08eacdeecefd.json (1 events)
2026-08-16 13:13:53,589 [oasis.registry] INFO: Loaded discovered config: 5 backends
2026-08-16 13:13:53,590 [oasis.registry] INFO: Registered backend: 4C Multiphysics (fourc)
2026-08-16 13:13:53,591 [oasis.registry] INFO: Registered backend: FEniCSx (dolfinx) (fenics)
2026-08-16 13:13:53,591 [oasis.registry] INFO: Registered backend: deal.II (dealii)
2026-08-16 13:13:53,595 [oasis.registry] INFO: Registered backend: FEBio (febio)
2026-08-16 13:13:53,597 [oasis.registry] INFO: Registered backend: NGSolve (ngsolve)
2026-08-16 13:13:53,597 [oasis.ngsolve] INFO: NGSolve backend registered
2026-08-16 13:13:53,600 [oasis.registry] INFO: Registered backend: scikit-fem (skfem)
2026-08-16 13:13:53,600 [oasis.skfem] INFO: scikit-fem backend registered
2026-08-16 13:13:53,604 [oasis.registry] INFO: Registered backend: Kratos Multiphysics (kratos)
2026-08-16 13:13:53,604 [oasis.kratos] INFO: Kratos Multiphysics backend registered
2026-08-16 13:13:53,606 [oasis.registry] INFO: Registered backend: DUNE-fem (dune)
2026-08-16 13:13:53,606 [oasis.dune] INFO: DUNE-fem backend registered
2026-08-16 13:13:53,611 [oasis.registry] INFO: Registered backend: SPARTA (DSMC) (sparta)
2026-08-16 13:13:53,611 [oasis.sparta] INFO: SPARTA (DSMC) backend registered
2026-08-16 13:13:53,611 [oasis] INFO: Starting OASiS MCP server
2026-08-16 13:13:53,620 [mcp.server.lowlevel.server] INFO: Processing request of type CallToolRequest
2026-08-16 13:13:54,557 [oasis.registry] INFO: Loaded discovered config: 5 backends
2026-08-16 13:13:54,558 [oasis.registry] INFO: Registered backend: 4C Multiphysics (fourc)
2026-08-16 13:13:54,559 [oasis.registry] INFO: Registered backend: FEniCSx (dolfinx) (fenics)
2026-08-16 13:13:54,559 [oasis.registry] INFO: Registered backend: deal.II (dealii)
2026-08-16 13:13:54,563 [oasis.registry] INFO: Registered backend: FEBio (febio)
2026-08-16 13:13:54,566 [oasis.registry] INFO: Registered backend: NGSolve (ngsolve)
2026-08-16 13:13:54,566 [oasis.ngsolve] INFO: NGSolve backend registered
2026-08-16 13:13:54,568 [oasis.registry] INFO: Registered backend: scikit-fem (skfem)
2026-08-16 13:13:54,568 [oasis.skfem] INFO: scikit-fem backend registered
2026-08-16 13:13:54,572 [oasis.registry] INFO: Registered backend: Kratos Multiphysics (kratos)
2026-08-16 13:13:54,572 [oasis.kratos] INFO: Kratos Multiphysics backend registered
2026-08-16 13:13:54,574 [oasis.registry] INFO: Registered backend: DUNE-fem (dune)
2026-08-16 13:13:54,574 [oasis.dune] INFO: DUNE-fem backend registered
2026-08-16 13:13:54,580 [oasis.registry] INFO: Registered backend: SPARTA (DSMC) (sparta)
2026-08-16 13:13:54,580 [oasis.sparta] INFO: SPARTA (DSMC) backend registered
2026-08-16 13:13:54,580 [oasis] INFO: Starting OASiS MCP server
2026-08-16 13:13:54,588 [mcp.server.lowlevel.server] INFO: Processing request of type CallToolRequest
2026-08-16 13:13:54,597 [mcp.server.lowlevel.server] INFO: Processing request of type ListToolsRequest
/home/alexander/Schreibtisch/ofa-v2/langgraph_eval/agent.py:215: RuntimeWarning: This package (`duckduckgo_search`) has been renamed to `ddgs`! Use `pip install ddgs` instead.
  with DDGS() as ddgs:
2026-08-16 13:14:18,057 [oasis.registry] INFO: Loaded discovered config: 5 backends
2026-08-16 13:14:18,058 [oasis.registry] INFO: Registered backend: 4C Multiphysics (fourc)
2026-08-16 13:14:18,058 [oasis.registry] INFO: Registered backend: FEniCSx (dolfinx) (fenics)
2026-08-16 13:14:18,059 [oasis.registry] INFO: Registered backend: deal.II (dealii)
2026-08-16 13:14:18,060 [oasis.registry] INFO: Loaded discovered config: 5 backends
2026-08-16 13:14:18,061 [oasis.registry] INFO: Registered backend: 4C Multiphysics (fourc)
2026-08-16 13:14:18,062 [oasis.registry] INFO: Registered backend: FEniCSx (dolfinx) (fenics)
2026-08-16 13:14:18,063 [oasis.registry] INFO: Registered backend: deal.II (dealii)
2026-08-16 13:14:18,063 [oasis.registry] INFO: Registered backend: FEBio (febio)
2026-08-16 13:14:18,065 [oasis.registry] INFO: Registered backend: NGSolve (ngsolve)
2026-08-16 13:14:18,065 [oasis.ngsolve] INFO: NGSolve backend registered
2026-08-16 13:14:18,066 [oasis.registry] INFO: Registered backend: FEBio (febio)
2026-08-16 13:14:18,068 [oasis.registry] INFO: Registered backend: scikit-fem (skfem)
2026-08-16 13:14:18,068 [oasis.skfem] INFO: scikit-fem backend registered
2026-08-16 13:14:18,069 [oasis.registry] INFO: Registered backend: NGSolve (ngsolve)
2026-08-16 13:14:18,069 [oasis.ngsolve] INFO: NGSolve backend registered
2026-08-16 13:14:18,071 [oasis.registry] INFO: Registered backend: scikit-fem (skfem)
2026-08-16 13:14:18,071 [oasis.skfem] INFO: scikit-fem backend registered
2026-08-16 13:14:18,072 [oasis.registry] INFO: Registered backend: Kratos Multiphysics (kratos)
2026-08-16 13:14:18,072 [oasis.kratos] INFO: Kratos Multiphysics backend registered
2026-08-16 13:14:18,074 [oasis.registry] INFO: Registered backend: DUNE-fem (dune)
2026-08-16 13:14:18,074 [oasis.dune] INFO: DUNE-fem backend registered
2026-08-16 13:14:18,075 [oasis.registry] INFO: Registered backend: Kratos Multiphysics (kratos)
2026-08-16 13:14:18,075 [oasis.kratos] INFO: Kratos Multiphysics backend registered
2026-08-16 13:14:18,077 [oasis.registry] INFO: Registered backend: DUNE-fem (dune)
2026-08-16 13:14:18,077 [oasis.dune] INFO: DUNE-fem backend registered
2026-08-16 13:14:18,079 [oasis.registry] INFO: Registered backend: SPARTA (DSMC) (sparta)
2026-08-16 13:14:18,079 [oasis.sparta] INFO: SPARTA (DSMC) backend registered
2026-08-16 13:14:18,079 [oasis] INFO: Starting OASiS MCP server
2026-08-16 13:14:18,083 [oasis.registry] INFO: Registered backend: SPARTA (DSMC) (sparta)
2026-08-16 13:14:18,083 [oasis.sparta] INFO: SPARTA (DSMC) backend registered
2026-08-16 13:14:18,083 [oasis] INFO: Starting OASiS MCP server
/home/alexander/Schreibtisch/ofa-v2/langgraph_eval/agent.py:215: RuntimeWarning: This package (`duckduckgo_search`) has been renamed to `ddgs`! Use `pip install ddgs` instead.
  with DDGS() as ddgs:
2026-08-16 13:14:18,088 [mcp.server.lowlevel.server] INFO: Processing request of type CallToolRequest
2026-08-16 13:14:18,090 [mcp.server.lowlevel.server] INFO: Processing request of type CallToolRequest
2026-08-16 13:14:18,094 [mcp.server.lowlevel.server] INFO: Processing request of type ListToolsRequest
2026-08-16 13:14:18,099 [oasis] INFO: Session journal saved: /home/alexander/Schreibtisch/ofa-v2/data/sessions/session_9d191b7a-c6bf-49a4-9578-faa8088e534f.json (1 events)
/home/alexander/Schreibtisch/ofa-v2/langgraph_eval/agent.py:215: RuntimeWarning: This package (`duckduckgo_search`) has been renamed to `ddgs`! Use `pip install ddgs` instead.
  with DDGS() as ddgs:
2026-08-16 13:15:35,296 [mcp.server.lowlevel.server] INFO: Processing request of type ListToolsRequest
2026-08-16 13:15:35,303 [oasis] INFO: Session journal saved: /home/alexander/Schreibtisch/ofa-v2/data/sessions/session_1773a896-8b0e-424d-9856-dc40504f4505.json (1 events)
/home/alexander/Schreibtisch/ofa-v2/langgraph_eval/agent.py:215: RuntimeWarning: This package (`duckduckgo_search`) has been renamed to `ddgs`! Use `pip install ddgs` instead.
  with DDGS() as ddgs:
/home/alexander/Schreibtisch/ofa-v2/langgraph_eval/agent.py:215: RuntimeWarning: This package (`duckduckgo_search`) has been renamed to `ddgs`! Use `pip install ddgs` instead.
  with DDGS() as ddgs:
/home/alexander/Schreibtisch/ofa-v2/langgraph_eval/agent.py:215: RuntimeWarning: This package (`duckduckgo_search`) has been renamed to `ddgs`! Use `pip install ddgs` instead.
  with DDGS() as ddgs:
2026-08-16 13:15:57,696 [oasis.registry] INFO: Loaded discovered config: 5 backends
2026-08-16 13:15:57,697 [oasis.registry] INFO: Registered backend: 4C Multiphysics (fourc)
2026-08-16 13:15:57,698 [oasis.registry] INFO: Registered backend: FEniCSx (dolfinx) (fenics)
2026-08-16 13:15:57,698 [oasis.registry] INFO: Registered backend: deal.II (dealii)
2026-08-16 13:15:57,702 [oasis.registry] INFO: Registered backend: FEBio (febio)
2026-08-16 13:15:57,704 [oasis.registry] INFO: Registered backend: NGSolve (ngsolve)
2026-08-16 13:15:57,705 [oasis.ngsolve] INFO: NGSolve backend registered
2026-08-16 13:15:57,707 [oasis.registry] INFO: Registered backend: scikit-fem (skfem)
2026-08-16 13:15:57,707 [oasis.skfem] INFO: scikit-fem backend registered
2026-08-16 13:15:57,711 [oasis.registry] INFO: Registered backend: Kratos Multiphysics (kratos)
2026-08-16 13:15:57,711 [oasis.kratos] INFO: Kratos Multiphysics backend registered
2026-08-16 13:15:57,713 [oasis.registry] INFO: Registered backend: DUNE-fem (dune)
2026-08-16 13:15:57,713 [oasis.dune] INFO: DUNE-fem backend registered
2026-08-16 13:15:57,719 [oasis.registry] INFO: Registered backend: SPARTA (DSMC) (sparta)
2026-08-16 13:15:57,719 [oasis.sparta] INFO: SPARTA (DSMC) backend registered
2026-08-16 13:15:57,719 [oasis] INFO: Starting OASiS MCP server
2026-08-16 13:15:57,727 [mcp.server.lowlevel.server] INFO: Processing request of type CallToolRequest
2026-08-16 13:16:01,050 [mcp.server.lowlevel.server] INFO: Processing request of type ListToolsRequest
2026-08-16 13:16:01,058 [oasis] INFO: Session journal saved: /home/alexander/Schreibtisch/ofa-v2/data/sessions/session_85732d0a-f4ac-4f0e-8575-616527be7661.json (1 events)
/home/alexander/Schreibtisch/ofa-v2/langgraph_eval/agent.py:215: RuntimeWarning: This package (`duckduckgo_search`) has been renamed to `ddgs`! Use `pip install ddgs` instead.
  with DDGS() as ddgs:
/home/alexander/Schreibtisch/ofa-v2/langgraph_eval/agent.py:215: RuntimeWarning: This package (`duckduckgo_search`) has been renamed to `ddgs`! Use `pip install ddgs` instead.
  with DDGS() as ddgs:
/home/alexander/Schreibtisch/ofa-v2/langgraph_eval/agent.py:215: RuntimeWarning: This package (`duckduckgo_search`) has been renamed to `ddgs`! Use `pip install ddgs` instead.
  with DDGS() as ddgs:
/home/alexander/Schreibtisch/ofa-v2/langgraph_eval/agent.py:215: RuntimeWarning: This package (`duckduckgo_search`) has been renamed to `ddgs`! Use `pip install ddgs` instead.
  with DDGS() as ddgs:
/home/alexander/Schreibtisch/ofa-v2/langgraph_eval/agent.py:215: RuntimeWarning: This package (`duckduckgo_search`) has been renamed to `ddgs`! Use `pip install ddgs` instead.
  with DDGS() as ddgs:
/home/alexander/Schreibtisch/ofa-v2/langgraph_eval/agent.py:215: RuntimeWarning: This package (`duckduckgo_search`) has been renamed to `ddgs`! Use `pip install ddgs` instead.
  with DDGS() as ddgs:
/home/alexander/Schreibtisch/ofa-v2/langgraph_eval/agent.py:215: RuntimeWarning: This package (`duckduckgo_search`) has been renamed to `ddgs`! Use `pip install ddgs` instead.
  with DDGS() as ddgs:
/home/alexander/Schreibtisch/ofa-v2/langgraph_eval/agent.py:215: RuntimeWarning: This package (`duckduckgo_search`) has been renamed to `ddgs`! Use `pip install ddgs` instead.
  with DDGS() as ddgs:
/home/alexander/Schreibtisch/ofa-v2/langgraph_eval/agent.py:215: RuntimeWarning: This package (`duckduckgo_search`) has been renamed to `ddgs`! Use `pip install ddgs` instead.
  with DDGS() as ddgs:
/home/alexander/Schreibtisch/ofa-v2/langgraph_eval/agent.py:215: RuntimeWarning: This package (`duckduckgo_search`) has been renamed to `ddgs`! Use `pip install ddgs` instead.
  with DDGS() as ddgs:
/home/alexander/Schreibtisch/ofa-v2/langgraph_eval/agent.py:215: RuntimeWarning: This package (`duckduckgo_search`) has been renamed to `ddgs`! Use `pip install ddgs` instead.
  with DDGS() as ddgs:
2026-08-16 13:16:22,477 [oasis.registry] INFO: Loaded discovered config: 5 backends
2026-08-16 13:16:22,478 [oasis.registry] INFO: Registered backend: 4C Multiphysics (fourc)
2026-08-16 13:16:22,479 [oasis.registry] INFO: Registered backend: FEniCSx (dolfinx) (fenics)
2026-08-16 13:16:22,479 [oasis.registry] INFO: Registered backend: deal.II (dealii)
2026-08-16 13:16:22,484 [oasis.registry] INFO: Registered backend: FEBio (febio)
2026-08-16 13:16:22,486 [oasis.registry] INFO: Registered backend: NGSolve (ngsolve)
2026-08-16 13:16:22,487 [oasis.ngsolve] INFO: NGSolve backend registered
2026-08-16 13:16:22,489 [oasis.registry] INFO: Registered backend: scikit-fem (skfem)
2026-08-16 13:16:22,489 [oasis.skfem] INFO: scikit-fem backend registered
2026-08-16 13:16:22,493 [oasis.registry] INFO: Registered backend: Kratos Multiphysics (kratos)
2026-08-16 13:16:22,493 [oasis.kratos] INFO: Kratos Multiphysics backend registered
2026-08-16 13:16:22,495 [oasis.registry] INFO: Registered backend: DUNE-fem (dune)
2026-08-16 13:16:22,495 [oasis.dune] INFO: DUNE-fem backend registered
2026-08-16 13:16:22,500 [oasis.registry] INFO: Registered backend: SPARTA (DSMC) (sparta)
2026-08-16 13:16:22,500 [oasis.sparta] INFO: SPARTA (DSMC) backend registered
2026-08-16 13:16:22,500 [oasis] INFO: Starting OASiS MCP server
2026-08-16 13:16:22,508 [mcp.server.lowlevel.server] INFO: Processing request of type CallToolRequest
2026-08-16 13:16:22,514 [mcp.server.lowlevel.server] INFO: Processing request of type ListToolsRequest
/home/alexander/Schreibtisch/ofa-v2/langgraph_eval/agent.py:215: RuntimeWarning: This package (`duckduckgo_search`) has been renamed to `ddgs`! Use `pip install ddgs` instead.
  with DDGS() as ddgs:
/home/alexander/Schreibtisch/ofa-v2/langgraph_eval/agent.py:215: RuntimeWarning: This package (`duckduckgo_search`) has been renamed to `ddgs`! Use `pip install ddgs` instead.
  with DDGS() as ddgs:
/home/alexander/Schreibtisch/ofa-v2/langgraph_eval/agent.py:215: RuntimeWarning: This package (`duckduckgo_search`) has been renamed to `ddgs`! Use `pip install ddgs` instead.
  with DDGS() as ddgs:
/home/alexander/Schreibtisch/ofa-v2/langgraph_eval/agent.py:215: RuntimeWarning: This package (`duckduckgo_search`) has been renamed to `ddgs`! Use `pip install ddgs` instead.
  with DDGS() as ddgs:
/home/alexander/Schreibtisch/ofa-v2/langgraph_eval/agent.py:215: RuntimeWarning: This package (`duckduckgo_search`) has been renamed to `ddgs`! Use `pip install ddgs` instead.
  with DDGS() as ddgs:
/home/alexander/Schreibtisch/ofa-v2/langgraph_eval/agent.py:215: RuntimeWarning: This package (`duckduckgo_search`) has been renamed to `ddgs`! Use `pip install ddgs` instead.
  with DDGS() as ddgs:
/home/alexander/Schreibtisch/ofa-v2/langgraph_eval/agent.py:215: RuntimeWarning: This package (`duckduckgo_search`) has been renamed to `ddgs`! Use `pip install ddgs` instead.
  with DDGS() as ddgs:
/home/alexander/Schreibtisch/ofa-v2/langgraph_eval/agent.py:215: RuntimeWarning: This package (`duckduckgo_search`) has been renamed to `ddgs`! Use `pip install ddgs` instead.
  with DDGS() as ddgs:
/home/alexander/Schreibtisch/ofa-v2/langgraph_eval/agent.py:215: RuntimeWarning: This package (`duckduckgo_search`) has been renamed to `ddgs`! Use `pip install ddgs` instead.
  with DDGS() as ddgs:
/home/alexander/Schreibtisch/ofa-v2/langgraph_eval/agent.py:215: RuntimeWarning: This package (`duckduckgo_search`) has been renamed to `ddgs`! Use `pip install ddgs` instead.
  with DDGS() as ddgs:
/home/alexander/Schreibtisch/ofa-v2/langgraph_eval/agent.py:215: RuntimeWarning: This package (`duckduckgo_search`) has been renamed to `ddgs`! Use `pip install ddgs` instead.
  with DDGS() as ddgs:
/home/alexander/Schreibtisch/ofa-v2/langgraph_eval/agent.py:215: RuntimeWarning: This package (`duckduckgo_search`) has been renamed to `ddgs`! Use `pip install ddgs` instead.
  with DDGS() as ddgs:
/home/alexander/Schreibtisch/ofa-v2/langgraph_eval/agent.py:215: RuntimeWarning: This package (`duckduckgo_search`) has been renamed to `ddgs`! Use `pip install ddgs` instead.
  with DDGS() as ddgs:
/home/alexander/Schreibtisch/ofa-v2/langgraph_eval/agent.py:215: RuntimeWarning: This package (`duckduckgo_search`) has been renamed to `ddgs`! Use `pip install ddgs` instead.
  with DDGS() as ddgs:
/home/alexander/Schreibtisch/ofa-v2/langgraph_eval/agent.py:215: RuntimeWarning: This package (`duckduckgo_search`) has been renamed to `ddgs`! Use `pip install ddgs` instead.
  with DDGS() as ddgs:
/home/alexander/Schreibtisch/ofa-v2/langgraph_eval/agent.py:215: RuntimeWarning: This package (`duckduckgo_search`) has been renamed to `ddgs`! Use `pip install ddgs` instead.
  with DDGS() as ddgs:
/home/alexander/Schreibtisch/ofa-v2/langgraph_eval/agent.py:215: RuntimeWarning: This package (`duckduckgo_search`) has been renamed to `ddgs`! Use `pip install ddgs` instead.
  with DDGS() as ddgs:
/home/alexander/Schreibtisch/ofa-v2/langgraph_eval/agent.py:215: RuntimeWarning: This package (`duckduckgo_search`) has been renamed to `ddgs`! Use `pip install ddgs` instead.
  with DDGS() as ddgs:
/home/alexander/Schreibtisch/ofa-v2/langgraph_eval/agent.py:215: RuntimeWarning: This package (`duckduckgo_search`) has been renamed to `ddgs`! Use `pip install ddgs` instead.
  with DDGS() as ddgs:
/home/alexander/Schreibtisch/ofa-v2/langgraph_eval/agent.py:215: RuntimeWarning: This package (`duckduckgo_search`) has been renamed to `ddgs`! Use `pip install ddgs` instead.
  with DDGS() as ddgs:
/home/alexander/Schreibtisch/ofa-v2/langgraph_eval/agent.py:215: RuntimeWarning: This package (`duckduckgo_search`) has been renamed to `ddgs`! Use `pip install ddgs` instead.
  with DDGS() as ddgs:
/home/alexander/Schreibtisch/ofa-v2/langgraph_eval/agent.py:215: RuntimeWarning: This package (`duckduckgo_search`) has been renamed to `ddgs`! Use `pip install ddgs` instead.
  with DDGS() as ddgs:
/home/alexander/Schreibtisch/ofa-v2/langgraph_eval/agent.py:215: RuntimeWarning: This package (`duckduckgo_search`) has been renamed to `ddgs`! Use `pip install ddgs` instead.
  with DDGS() as ddgs:
/home/alexander/Schreibtisch/ofa-v2/langgraph_eval/agent.py:215: RuntimeWarning: This package (`duckduckgo_search`) has been renamed to `ddgs`! Use `pip install ddgs` instead.
  with DDGS() as ddgs:
/home/alexander/Schreibtisch/ofa-v2/langgraph_eval/agent.py:215: RuntimeWarning: This package (`duckduckgo_search`) has been renamed to `ddgs`! Use `pip install ddgs` instead.
  with DDGS() as ddgs:
/home/alexander/Schreibtisch/ofa-v2/langgraph_eval/agent.py:215: RuntimeWarning: This package (`duckduckgo_search`) has been renamed to `ddgs`! Use `pip install ddgs` instead.
  with DDGS() as ddgs:
/home/alexander/Schreibtisch/ofa-v2/langgraph_eval/agent.py:215: RuntimeWarning: This package (`duckduckgo_search`) has been renamed to `ddgs`! Use `pip install ddgs` instead.
  with DDGS() as ddgs:
/home/alexander/Schreibtisch/ofa-v2/langgraph_eval/agent.py:215: RuntimeWarning: This package (`duckduckgo_search`) has been renamed to `ddgs`! Use `pip install ddgs` instead.
  with DDGS() as ddgs:
/home/alexander/Schreibtisch/ofa-v2/langgraph_eval/agent.py:215: RuntimeWarning: This package (`duckduckgo_search`) has been renamed to `ddgs`! Use `pip install ddgs` instead.
  with DDGS() as ddgs:
/home/alexander/Schreibtisch/ofa-v2/langgraph_eval/agent.py:215: RuntimeWarning: This package (`duckduckgo_search`) has been renamed to `ddgs`! Use `pip install ddgs` instead.
  with DDGS() as ddgs:
/home/alexander/Schreibtisch/ofa-v2/langgraph_eval/agent.py:215: RuntimeWarning: This package (`duckduckgo_search`) has been renamed to `ddgs`! Use `pip install ddgs` instead.
  with DDGS() as ddgs:
2026-08-16 13:17:31,772 [mcp.server.lowlevel.server] INFO: Processing request of type ListToolsRequest
2026-08-16 13:17:31,781 [oasis] INFO: Session journal saved: /home/alexander/Schreibtisch/ofa-v2/data/sessions/session_4207d9bf-a86c-471e-b1cf-b45aa82e00bf.json (1 events)
/home/alexander/Schreibtisch/ofa-v2/langgraph_eval/agent.py:290: LangGraphDeprecatedSinceV10: create_react_agent has been moved to `langchain.agents`. Please update your import to `from langchain.agents import create_agent`. Deprecated in LangGraph V1.0 to be removed in V2.0.
  sub_agent = create_react_agent(
/home/alexander/Schreibtisch/ofa-v2/langgraph_eval/agent.py:215: RuntimeWarning: This package (`duckduckgo_search`) has been renamed to `ddgs`! Use `pip install ddgs` instead.
  with DDGS() as ddgs:
/home/alexander/Schreibtisch/ofa-v2/langgraph_eval/agent.py:215: RuntimeWarning: This package (`duckduckgo_search`) has been renamed to `ddgs`! Use `pip install ddgs` instead.
  with DDGS() as ddgs:
/home/alexander/Schreibtisch/ofa-v2/langgraph_eval/agent.py:215: RuntimeWarning: This package (`duckduckgo_search`) has been renamed to `ddgs`! Use `pip install ddgs` instead.
  with DDGS() as ddgs:
/home/alexander/Schreibtisch/ofa-v2/langgraph_eval/agent.py:215: RuntimeWarning: This package (`duckduckgo_search`) has been renamed to `ddgs`! Use `pip install ddgs` instead.
  with DDGS() as ddgs:
/home/alexander/Schreibtisch/ofa-v2/langgraph_eval/agent.py:215: RuntimeWarning: This package (`duckduckgo_search`) has been renamed to `ddgs`! Use `pip install ddgs` instead.
  with DDGS() as ddgs:
/home/alexander/Schreibtisch/ofa-v2/langgraph_eval/agent.py:215: RuntimeWarning: This package (`duckduckgo_search`) has been renamed to `ddgs`! Use `pip install ddgs` instead.
  with DDGS() as ddgs:
2026-08-16 13:19:34,531 [oasis.registry] INFO: Loaded discovered config: 5 backends
2026-08-16 13:19:34,532 [oasis.registry] INFO: Registered backend: 4C Multiphysics (fourc)
2026-08-16 13:19:34,533 [oasis.registry] INFO: Registered backend: FEniCSx (dolfinx) (fenics)
2026-08-16 13:19:34,533 [oasis.registry] INFO: Registered backend: deal.II (dealii)
2026-08-16 13:19:34,537 [oasis.registry] INFO: Registered backend: FEBio (febio)
2026-08-16 13:19:34,539 [oasis.registry] INFO: Registered backend: NGSolve (ngsolve)
2026-08-16 13:19:34,539 [oasis.ngsolve] INFO: NGSolve backend registered
2026-08-16 13:19:34,542 [oasis.registry] INFO: Registered backend: scikit-fem (skfem)
2026-08-16 13:19:34,542 [oasis.skfem] INFO: scikit-fem backend registered
2026-08-16 13:19:34,546 [oasis.registry] INFO: Registered backend: Kratos Multiphysics (kratos)
2026-08-16 13:19:34,546 [oasis.kratos] INFO: Kratos Multiphysics backend registered
2026-08-16 13:19:34,548 [oasis.registry] INFO: Registered backend: DUNE-fem (dune)
2026-08-16 13:19:34,548 [oasis.dune] INFO: DUNE-fem backend registered
2026-08-16 13:19:34,553 [oasis.registry] INFO: Registered backend: SPARTA (DSMC) (sparta)
2026-08-16 13:19:34,553 [oasis.sparta] INFO: SPARTA (DSMC) backend registered
2026-08-16 13:19:34,553 [oasis] INFO: Starting OASiS MCP server
2026-08-16 13:19:34,561 [mcp.server.lowlevel.server] INFO: Processing request of type CallToolRequest
/home/alexander/Schreibtisch/ofa-v2/langgraph_eval/agent.py:290: LangGraphDeprecatedSinceV10: create_react_agent has been moved to `langchain.agents`. Please update your import to `from langchain.agents import create_agent`. Deprecated in LangGraph V1.0 to be removed in V2.0.
  sub_agent = create_react_agent(
/home/alexander/Schreibtisch/ofa-v2/langgraph_eval/agent.py:215: RuntimeWarning: This package (`duckduckgo_search`) has been renamed to `ddgs`! Use `pip install ddgs` instead.
  with DDGS() as ddgs:
/home/alexander/Schreibtisch/ofa-v2/langgraph_eval/agent.py:215: RuntimeWarning: This package (`duckduckgo_search`) has been renamed to `ddgs`! Use `pip install ddgs` instead.
  with DDGS() as ddgs:
2026-08-16 13:19:54,245 [oasis.registry] INFO: Loaded discovered config: 5 backends
2026-08-16 13:19:54,246 [oasis.registry] INFO: Registered backend: 4C Multiphysics (fourc)
2026-08-16 13:19:54,247 [oasis.registry] INFO: Registered backend: FEniCSx (dolfinx) (fenics)
2026-08-16 13:19:54,247 [oasis.registry] INFO: Registered backend: deal.II (dealii)
2026-08-16 13:19:54,251 [oasis.registry] INFO: Registered backend: FEBio (febio)
2026-08-16 13:19:54,254 [oasis.registry] INFO: Registered backend: NGSolve (ngsolve)
2026-08-16 13:19:54,254 [oasis.ngsolve] INFO: NGSolve backend registered
2026-08-16 13:19:54,256 [oasis.registry] INFO: Registered backend: scikit-fem (skfem)
2026-08-16 13:19:54,256 [oasis.skfem] INFO: scikit-fem backend registered
2026-08-16 13:19:54,260 [oasis.registry] INFO: Registered backend: Kratos Multiphysics (kratos)
2026-08-16 13:19:54,260 [oasis.kratos] INFO: Kratos Multiphysics backend registered
2026-08-16 13:19:54,262 [oasis.registry] INFO: Registered backend: DUNE-fem (dune)
2026-08-16 13:19:54,262 [oasis.dune] INFO: DUNE-fem backend registered
2026-08-16 13:19:54,263 [oasis.registry] INFO: Loaded discovered config: 5 backends
2026-08-16 13:19:54,264 [oasis.registry] INFO: Registered backend: 4C Multiphysics (fourc)
2026-08-16 13:19:54,265 [oasis.registry] INFO: Registered backend: FEniCSx (dolfinx) (fenics)
2026-08-16 13:19:54,265 [oasis.registry] INFO: Registered backend: deal.II (dealii)
2026-08-16 13:19:54,267 [oasis.registry] INFO: Registered backend: SPARTA (DSMC) (sparta)
2026-08-16 13:19:54,267 [oasis.sparta] INFO: SPARTA (DSMC) backend registered
2026-08-16 13:19:54,267 [oasis] INFO: Starting OASiS MCP server
2026-08-16 13:19:54,269 [oasis.registry] INFO: Registered backend: FEBio (febio)
2026-08-16 13:19:54,271 [oasis.registry] INFO: Registered backend: NGSolve (ngsolve)
2026-08-16 13:19:54,271 [oasis.ngsolve] INFO: NGSolve backend registered
2026-08-16 13:19:54,274 [oasis.registry] INFO: Registered backend: scikit-fem (skfem)
2026-08-16 13:19:54,274 [oasis.skfem] INFO: scikit-fem backend registered
2026-08-16 13:19:54,276 [mcp.server.lowlevel.server] INFO: Processing request of type CallToolRequest
2026-08-16 13:19:54,277 [oasis.registry] INFO: Registered backend: Kratos Multiphysics (kratos)
2026-08-16 13:19:54,277 [oasis.kratos] INFO: Kratos Multiphysics backend registered
2026-08-16 13:19:54,280 [oasis.registry] INFO: Registered backend: DUNE-fem (dune)
2026-08-16 13:19:54,280 [oasis.dune] INFO: DUNE-fem backend registered
2026-08-16 13:19:54,285 [oasis.registry] INFO: Registered backend: SPARTA (DSMC) (sparta)
2026-08-16 13:19:54,285 [oasis.sparta] INFO: SPARTA (DSMC) backend registered
2026-08-16 13:19:54,285 [oasis] INFO: Starting OASiS MCP server
2026-08-16 13:19:54,293 [mcp.server.lowlevel.server] INFO: Processing request of type CallToolRequest
/home/alexander/Schreibtisch/ofa-v2/langgraph_eval/agent.py:215: RuntimeWarning: This package (`duckduckgo_search`) has been renamed to `ddgs`! Use `pip install ddgs` instead.
  with DDGS() as ddgs:
2026-08-16 13:19:54,795 [mcp.server.lowlevel.server] INFO: Processing request of type ListToolsRequest
2026-08-16 13:19:54,803 [oasis] INFO: Session journal saved: /home/alexander/Schreibtisch/ofa-v2/data/sessions/session_fe0a955d-1b6e-4a9e-9d38-f98f306eae0d.json (1 events)
2026-08-16 13:21:16,349 [mcp.server.lowlevel.server] INFO: Processing request of type ListToolsRequest
2026-08-16 13:21:16,355 [oasis] INFO: Session journal saved: /home/alexander/Schreibtisch/ofa-v2/data/sessions/session_fc56ada6-1c65-4e6a-ad7e-9b44f88f43e6.json (1 events)
2026-08-16 13:21:36,045 [mcp.server.lowlevel.server] INFO: Processing request of type ListToolsRequest
2026-08-16 13:21:36,052 [oasis] INFO: Session journal saved: /home/alexander/Schreibtisch/ofa-v2/data/sessions/session_32c068cb-e156-4a76-b9d1-0e8f82639c82.json (1 events)
/home/alexander/Schreibtisch/ofa-v2/langgraph_eval/agent.py:215: RuntimeWarning: This package (`duckduckgo_search`) has been renamed to `ddgs`! Use `pip install ddgs` instead.
  with DDGS() as ddgs:
/home/alexander/Schreibtisch/ofa-v2/langgraph_eval/agent.py:215: RuntimeWarning: This package (`duckduckgo_search`) has been renamed to `ddgs`! Use `pip install ddgs` instead.
  with DDGS() as ddgs:
2026-08-16 13:21:41,103 [oasis.registry] INFO: Loaded discovered config: 5 backends
2026-08-16 13:21:41,104 [oasis.registry] INFO: Registered backend: 4C Multiphysics (fourc)
2026-08-16 13:21:41,104 [oasis.registry] INFO: Registered backend: FEniCSx (dolfinx) (fenics)
2026-08-16 13:21:41,105 [oasis.registry] INFO: Registered backend: deal.II (dealii)
2026-08-16 13:21:41,109 [oasis.registry] INFO: Registered backend: FEBio (febio)
2026-08-16 13:21:41,111 [oasis.registry] INFO: Registered backend: NGSolve (ngsolve)
2026-08-16 13:21:41,111 [oasis.ngsolve] INFO: NGSolve backend registered
2026-08-16 13:21:41,114 [oasis.registry] INFO: Registered backend: scikit-fem (skfem)
2026-08-16 13:21:41,114 [oasis.skfem] INFO: scikit-fem backend registered
2026-08-16 13:21:41,117 [oasis.registry] INFO: Registered backend: Kratos Multiphysics (kratos)
2026-08-16 13:21:41,117 [oasis.kratos] INFO: Kratos Multiphysics backend registered
2026-08-16 13:21:41,120 [oasis.registry] INFO: Registered backend: DUNE-fem (dune)
2026-08-16 13:21:41,120 [oasis.dune] INFO: DUNE-fem backend registered
2026-08-16 13:21:41,125 [oasis.registry] INFO: Registered backend: SPARTA (DSMC) (sparta)
2026-08-16 13:21:41,125 [oasis.sparta] INFO: SPARTA (DSMC) backend registered
2026-08-16 13:21:41,125 [oasis] INFO: Starting OASiS MCP server
2026-08-16 13:21:41,134 [mcp.server.lowlevel.server] INFO: Processing request of type CallToolRequest
/home/alexander/Schreibtisch/ofa-v2/langgraph_eval/agent.py:215: RuntimeWarning: This package (`duckduckgo_search`) has been renamed to `ddgs`! Use `pip install ddgs` instead.
  with DDGS() as ddgs:
2026-08-16 13:22:11,780 [oasis.registry] INFO: Loaded discovered config: 5 backends
2026-08-16 13:22:11,781 [oasis.registry] INFO: Registered backend: 4C Multiphysics (fourc)
2026-08-16 13:22:11,781 [oasis.registry] INFO: Registered backend: FEniCSx (dolfinx) (fenics)
2026-08-16 13:22:11,782 [oasis.registry] INFO: Registered backend: deal.II (dealii)
2026-08-16 13:22:11,785 [oasis.registry] INFO: Registered backend: FEBio (febio)
2026-08-16 13:22:11,788 [oasis.registry] INFO: Registered backend: NGSolve (ngsolve)
2026-08-16 13:22:11,788 [oasis.ngsolve] INFO: NGSolve backend registered
2026-08-16 13:22:11,790 [oasis.registry] INFO: Registered backend: scikit-fem (skfem)
2026-08-16 13:22:11,790 [oasis.skfem] INFO: scikit-fem backend registered
2026-08-16 13:22:11,794 [oasis.registry] INFO: Registered backend: Kratos Multiphysics (kratos)
2026-08-16 13:22:11,794 [oasis.kratos] INFO: Kratos Multiphysics backend registered
2026-08-16 13:22:11,796 [oasis.registry] INFO: Registered backend: DUNE-fem (dune)
2026-08-16 13:22:11,797 [oasis.dune] INFO: DUNE-fem backend registered
2026-08-16 13:22:11,802 [oasis.registry] INFO: Registered backend: SPARTA (DSMC) (sparta)
2026-08-16 13:22:11,802 [oasis.sparta] INFO: SPARTA (DSMC) backend registered
2026-08-16 13:22:11,802 [oasis] INFO: Starting OASiS MCP server
2026-08-16 13:22:11,809 [mcp.server.lowlevel.server] INFO: Processing request of type CallToolRequest
2026-08-16 13:22:11,815 [mcp.server.lowlevel.server] INFO: Processing request of type ListToolsRequest
2026-08-16 13:22:15,550 [oasis.registry] INFO: Loaded discovered config: 5 backends
2026-08-16 13:22:15,551 [oasis.registry] INFO: Registered backend: 4C Multiphysics (fourc)
2026-08-16 13:22:15,551 [oasis.registry] INFO: Registered backend: FEniCSx (dolfinx) (fenics)
2026-08-16 13:22:15,552 [oasis.registry] INFO: Registered backend: deal.II (dealii)
2026-08-16 13:22:15,556 [oasis.registry] INFO: Registered backend: FEBio (febio)
2026-08-16 13:22:15,559 [oasis.registry] INFO: Registered backend: NGSolve (ngsolve)
2026-08-16 13:22:15,559 [oasis.ngsolve] INFO: NGSolve backend registered
2026-08-16 13:22:15,561 [oasis.registry] INFO: Registered backend: scikit-fem (skfem)
2026-08-16 13:22:15,561 [oasis.skfem] INFO: scikit-fem backend registered
2026-08-16 13:22:15,565 [oasis.registry] INFO: Registered backend: Kratos Multiphysics (kratos)
2026-08-16 13:22:15,565 [oasis.kratos] INFO: Kratos Multiphysics backend registered
2026-08-16 13:22:15,568 [oasis.registry] INFO: Registered backend: DUNE-fem (dune)
2026-08-16 13:22:15,568 [oasis.dune] INFO: DUNE-fem backend registered
2026-08-16 13:22:15,573 [oasis.registry] INFO: Registered backend: SPARTA (DSMC) (sparta)
2026-08-16 13:22:15,573 [oasis.sparta] INFO: SPARTA (DSMC) backend registered
2026-08-16 13:22:15,573 [oasis] INFO: Starting OASiS MCP server
2026-08-16 13:22:15,580 [mcp.server.lowlevel.server] INFO: Processing request of type CallToolRequest
2026-08-16 13:22:15,585 [mcp.server.lowlevel.server] INFO: Processing request of type ListToolsRequest
2026-08-16 13:22:15,591 [oasis] INFO: Session journal saved: /home/alexander/Schreibtisch/ofa-v2/data/sessions/session_d6b5d5b0-d842-4760-a33d-a4d860e67d01.json (1 events)
/home/alexander/Schreibtisch/ofa-v2/langgraph_eval/agent.py:215: RuntimeWarning: This package (`duckduckgo_search`) has been renamed to `ddgs`! Use `pip install ddgs` instead.
  with DDGS() as ddgs:
/home/alexander/Schreibtisch/ofa-v2/langgraph_eval/agent.py:215: RuntimeWarning: This package (`duckduckgo_search`) has been renamed to `ddgs`! Use `pip install ddgs` instead.
  with DDGS() as ddgs:
/home/alexander/Schreibtisch/ofa-v2/langgraph_eval/agent.py:215: RuntimeWarning: This package (`duckduckgo_search`) has been renamed to `ddgs`! Use `pip install ddgs` instead.
  with DDGS() as ddgs:
/home/alexander/Schreibtisch/ofa-v2/langgraph_eval/agent.py:215: RuntimeWarning: This package (`duckduckgo_search`) has been renamed to `ddgs`! Use `pip install ddgs` instead.
  with DDGS() as ddgs:
/home/alexander/Schreibtisch/ofa-v2/langgraph_eval/agent.py:215: RuntimeWarning: This package (`duckduckgo_search`) has been renamed to `ddgs`! Use `pip install ddgs` instead.
  with DDGS() as ddgs:
/home/alexander/Schreibtisch/ofa-v2/langgraph_eval/agent.py:215: RuntimeWarning: This package (`duckduckgo_search`) has been renamed to `ddgs`! Use `pip install ddgs` instead.
  with DDGS() as ddgs:
/home/alexander/Schreibtisch/ofa-v2/langgraph_eval/agent.py:215: RuntimeWarning: This package (`duckduckgo_search`) has been renamed to `ddgs`! Use `pip install ddgs` instead.
  with DDGS() as ddgs:
/home/alexander/Schreibtisch/ofa-v2/langgraph_eval/agent.py:215: RuntimeWarning: This package (`duckduckgo_search`) has been renamed to `ddgs`! Use `pip install ddgs` instead.
  with DDGS() as ddgs:
/home/alexander/Schreibtisch/ofa-v2/langgraph_eval/agent.py:215: RuntimeWarning: This package (`duckduckgo_search`) has been renamed to `ddgs`! Use `pip install ddgs` instead.
  with DDGS() as ddgs:
/home/alexander/Schreibtisch/ofa-v2/langgraph_eval/agent.py:215: RuntimeWarning: This package (`duckduckgo_search`) has been renamed to `ddgs`! Use `pip install ddgs` instead.
  with DDGS() as ddgs:
/home/alexander/Schreibtisch/ofa-v2/langgraph_eval/agent.py:215: RuntimeWarning: This package (`duckduckgo_search`) has been renamed to `ddgs`! Use `pip install ddgs` instead.
  with DDGS() as ddgs:
2026-08-16 13:22:34,566 [oasis.registry] INFO: Loaded discovered config: 5 backends
2026-08-16 13:22:34,567 [oasis.registry] INFO: Registered backend: 4C Multiphysics (fourc)
2026-08-16 13:22:34,568 [oasis.registry] INFO: Registered backend: FEniCSx (dolfinx) (fenics)
2026-08-16 13:22:34,569 [oasis.registry] INFO: Registered backend: deal.II (dealii)
2026-08-16 13:22:34,573 [oasis.registry] INFO: Registered backend: FEBio (febio)
2026-08-16 13:22:34,576 [oasis.registry] INFO: Registered backend: NGSolve (ngsolve)
2026-08-16 13:22:34,576 [oasis.ngsolve] INFO: NGSolve backend registered
2026-08-16 13:22:34,579 [oasis.registry] INFO: Registered backend: scikit-fem (skfem)
2026-08-16 13:22:34,579 [oasis.skfem] INFO: scikit-fem backend registered
2026-08-16 13:22:34,584 [oasis.registry] INFO: Registered backend: Kratos Multiphysics (kratos)
2026-08-16 13:22:34,584 [oasis.kratos] INFO: Kratos Multiphysics backend registered
2026-08-16 13:22:34,587 [oasis.registry] INFO: Registered backend: DUNE-fem (dune)
2026-08-16 13:22:34,587 [oasis.dune] INFO: DUNE-fem backend registered
2026-08-16 13:22:34,593 [oasis.registry] INFO: Registered backend: SPARTA (DSMC) (sparta)
2026-08-16 13:22:34,593 [oasis.sparta] INFO: SPARTA (DSMC) backend registered
2026-08-16 13:22:34,593 [oasis] INFO: Starting OASiS MCP server
2026-08-16 13:22:34,602 [mcp.server.lowlevel.server] INFO: Processing request of type CallToolRequest
2026-08-16 13:23:21,029 [mcp.server.lowlevel.server] INFO: Processing request of type ListToolsRequest
2026-08-16 13:23:21,036 [oasis] INFO: Session journal saved: /home/alexander/Schreibtisch/ofa-v2/data/sessions/session_2853754b-4b64-4762-8344-4660b4c1c275.json (1 events)
/home/alexander/Schreibtisch/ofa-v2/langgraph_eval/agent.py:215: RuntimeWarning: This package (`duckduckgo_search`) has been renamed to `ddgs`! Use `pip install ddgs` instead.
  with DDGS() as ddgs:
/home/alexander/Schreibtisch/ofa-v2/langgraph_eval/agent.py:215: RuntimeWarning: This package (`duckduckgo_search`) has been renamed to `ddgs`! Use `pip install ddgs` instead.
  with DDGS() as ddgs:
/home/alexander/Schreibtisch/ofa-v2/langgraph_eval/agent.py:215: RuntimeWarning: This package (`duckduckgo_search`) has been renamed to `ddgs`! Use `pip install ddgs` instead.
  with DDGS() as ddgs:
/home/alexander/Schreibtisch/ofa-v2/langgraph_eval/agent.py:215: RuntimeWarning: This package (`duckduckgo_search`) has been renamed to `ddgs`! Use `pip install ddgs` instead.
  with DDGS() as ddgs:
2026-08-16 13:23:26,816 [oasis.registry] INFO: Loaded discovered config: 5 backends
2026-08-16 13:23:26,817 [oasis.registry] INFO: Registered backend: 4C Multiphysics (fourc)
2026-08-16 13:23:26,817 [oasis.registry] INFO: Registered backend: FEniCSx (dolfinx) (fenics)
2026-08-16 13:23:26,818 [oasis.registry] INFO: Registered backend: deal.II (dealii)
2026-08-16 13:23:26,821 [oasis.registry] INFO: Registered backend: FEBio (febio)
2026-08-16 13:23:26,824 [oasis.registry] INFO: Registered backend: NGSolve (ngsolve)
2026-08-16 13:23:26,824 [oasis.ngsolve] INFO: NGSolve backend registered
2026-08-16 13:23:26,826 [oasis.registry] INFO: Registered backend: scikit-fem (skfem)
2026-08-16 13:23:26,827 [oasis.skfem] INFO: scikit-fem backend registered
2026-08-16 13:23:26,830 [oasis.registry] INFO: Registered backend: Kratos Multiphysics (kratos)
2026-08-16 13:23:26,830 [oasis.kratos] INFO: Kratos Multiphysics backend registered
2026-08-16 13:23:26,833 [oasis.registry] INFO: Registered backend: DUNE-fem (dune)
2026-08-16 13:23:26,833 [oasis.dune] INFO: DUNE-fem backend registered
2026-08-16 13:23:26,838 [oasis.registry] INFO: Registered backend: SPARTA (DSMC) (sparta)
2026-08-16 13:23:26,838 [oasis.sparta] INFO: SPARTA (DSMC) backend registered
2026-08-16 13:23:26,838 [oasis] INFO: Starting OASiS MCP server
2026-08-16 13:23:26,846 [mcp.server.lowlevel.server] INFO: Processing request of type CallToolRequest
/home/alexander/Schreibtisch/ofa-v2/langgraph_eval/agent.py:215: RuntimeWarning: This package (`duckduckgo_search`) has been renamed to `ddgs`! Use `pip install ddgs` instead.
  with DDGS() as ddgs:
/home/alexander/Schreibtisch/ofa-v2/langgraph_eval/agent.py:215: RuntimeWarning: This package (`duckduckgo_search`) has been renamed to `ddgs`! Use `pip install ddgs` instead.
  with DDGS() as ddgs:
2026-08-16 13:24:18,002 [mcp.server.lowlevel.server] INFO: Processing request of type ListToolsRequest
2026-08-16 13:24:18,010 [oasis] INFO: Session journal saved: /home/alexander/Schreibtisch/ofa-v2/data/sessions/session_75cf040b-797b-426a-9b1c-57e96396c548.json (1 events)
2026-08-16 13:24:22,994 [oasis.registry] INFO: Loaded discovered config: 5 backends
2026-08-16 13:24:22,995 [oasis.registry] INFO: Registered backend: 4C Multiphysics (fourc)
2026-08-16 13:24:22,996 [oasis.registry] INFO: Registered backend: FEniCSx (dolfinx) (fenics)
2026-08-16 13:24:22,996 [oasis.registry] INFO: Registered backend: deal.II (dealii)
2026-08-16 13:24:23,000 [oasis.registry] INFO: Registered backend: FEBio (febio)
2026-08-16 13:24:23,003 [oasis.registry] INFO: Registered backend: NGSolve (ngsolve)
2026-08-16 13:24:23,003 [oasis.ngsolve] INFO: NGSolve backend registered
2026-08-16 13:24:23,005 [oasis.registry] INFO: Registered backend: scikit-fem (skfem)
2026-08-16 13:24:23,005 [oasis.skfem] INFO: scikit-fem backend registered
2026-08-16 13:24:23,009 [oasis.registry] INFO: Registered backend: Kratos Multiphysics (kratos)
2026-08-16 13:24:23,009 [oasis.kratos] INFO: Kratos Multiphysics backend registered
2026-08-16 13:24:23,011 [oasis.registry] INFO: Registered backend: DUNE-fem (dune)
2026-08-16 13:24:23,011 [oasis.dune] INFO: DUNE-fem backend registered
2026-08-16 13:24:23,017 [oasis.registry] INFO: Registered backend: SPARTA (DSMC) (sparta)
2026-08-16 13:24:23,017 [oasis.sparta] INFO: SPARTA (DSMC) backend registered
2026-08-16 13:24:23,017 [oasis] INFO: Starting OASiS MCP server
2026-08-16 13:24:23,024 [mcp.server.lowlevel.server] INFO: Processing request of type CallToolRequest
2026-08-16 13:25:09,707 [mcp.server.lowlevel.server] INFO: Processing request of type ListToolsRequest
2026-08-16 13:25:09,715 [oasis] INFO: Session journal saved: /home/alexander/Schreibtisch/ofa-v2/data/sessions/session_bb8e8f5c-9096-456e-af6b-e6295549afe7.json (1 events)
/home/alexander/Schreibtisch/ofa-v2/langgraph_eval/agent.py:215: RuntimeWarning: This package (`duckduckgo_search`) has been renamed to `ddgs`! Use `pip install ddgs` instead.
  with DDGS() as ddgs:
/home/alexander/Schreibtisch/ofa-v2/langgraph_eval/agent.py:215: RuntimeWarning: This package (`duckduckgo_search`) has been renamed to `ddgs`! Use `pip install ddgs` instead.
  with DDGS() as ddgs:
/home/alexander/Schreibtisch/ofa-v2/langgraph_eval/agent.py:215: RuntimeWarning: This package (`duckduckgo_search`) has been renamed to `ddgs`! Use `pip install ddgs` instead.
  with DDGS() as ddgs:
/home/alexander/Schreibtisch/ofa-v2/langgraph_eval/agent.py:215: RuntimeWarning: This package (`duckduckgo_search`) has been renamed to `ddgs`! Use `pip install ddgs` instead.
  with DDGS() as ddgs:
2026-08-16 13:26:01,131 [mcp.server.lowlevel.server] INFO: Processing request of type ListToolsRequest
2026-08-16 13:26:01,138 [oasis] INFO: Session journal saved: /home/alexander/Schreibtisch/ofa-v2/data/sessions/session_a4fda52f-8956-4cff-acad-1d9a86b9e4d8.json (1 events)
2026-08-16 13:26:04,997 [oasis.registry] INFO: Loaded discovered config: 5 backends
2026-08-16 13:26:04,998 [oasis.registry] INFO: Registered backend: 4C Multiphysics (fourc)
2026-08-16 13:26:04,998 [oasis.registry] INFO: Registered backend: FEniCSx (dolfinx) (fenics)
2026-08-16 13:26:04,999 [oasis.registry] INFO: Registered backend: deal.II (dealii)
2026-08-16 13:26:05,002 [oasis.registry] INFO: Registered backend: FEBio (febio)
2026-08-16 13:26:05,005 [oasis.registry] INFO: Registered backend: NGSolve (ngsolve)
2026-08-16 13:26:05,005 [oasis.ngsolve] INFO: NGSolve backend registered
2026-08-16 13:26:05,008 [oasis.registry] INFO: Registered backend: scikit-fem (skfem)
2026-08-16 13:26:05,008 [oasis.skfem] INFO: scikit-fem backend registered
2026-08-16 13:26:05,011 [oasis.registry] INFO: Registered backend: Kratos Multiphysics (kratos)
2026-08-16 13:26:05,011 [oasis.kratos] INFO: Kratos Multiphysics backend registered
2026-08-16 13:26:05,014 [oasis.registry] INFO: Registered backend: DUNE-fem (dune)
2026-08-16 13:26:05,014 [oasis.dune] INFO: DUNE-fem backend registered
2026-08-16 13:26:05,019 [oasis.registry] INFO: Registered backend: SPARTA (DSMC) (sparta)
2026-08-16 13:26:05,019 [oasis.sparta] INFO: SPARTA (DSMC) backend registered
2026-08-16 13:26:05,019 [oasis] INFO: Starting OASiS MCP server
2026-08-16 13:26:05,027 [mcp.server.lowlevel.server] INFO: Processing request of type CallToolRequest
2026-08-16 13:27:41,754 [mcp.server.lowlevel.server] INFO: Processing request of type ListToolsRequest
2026-08-16 13:27:41,761 [oasis] INFO: Session journal saved: /home/alexander/Schreibtisch/ofa-v2/data/sessions/session_4abebf1c-3451-4a66-908c-b87419fa3ee3.json (1 events)
[preflight] custody controls verified for 1 problem(s); keys sealed and unreadable by execution
[phase: development] results are for post-mortems and convergence checking, NOT for the paper's evaluation table.
[DL1 27b MCP s1] done  calls=130 tok=10147064/63932 1729.7s
/home/alexander/Schreibtisch/ofa-v2/campaign3_blind/run_blind.py:535: ResourceWarning: unclosed file <_io.TextIOWrapper name='/home/alexander/Schreibtisch/ofa-v2/campaign3_blind/runs/DL1_27b_MCP_seed1/work/trajectory_live.txt' mode='a' encoding='utf-8'>
  run_one(pid, a.model, cond, a.seed, a.timeout)
ResourceWarning: Enable tracemalloc to get the object allocation traceback
/home/alexander/.local/share/python/cpython-3.12.13-linux-x86_64-gnu/lib/python3.12/asyncio/selector_events.py:879: ResourceWarning: unclosed transport <_SelectorSocketTransport fd=8>
<<< cell DL1 done 2026-08-16 13:33:43
/home/alexander/Schreibtisch/ofa-v2/langgraph_eval/agent.py:290: LangGraphDeprecatedSinceV10: create_react_agent has been moved to `langchain.agents`. Please update your import to `from langchain.agents import create_agent`. Deprecated in LangGraph V1.0 to be removed in V2.0.
  sub_agent = create_react_agent(
/home/alexander/Schreibtisch/ofa-v2/langgraph_eval/agent.py:215: RuntimeWarning: This package (`duckduckgo_search`) has been renamed to `ddgs`! Use `pip install ddgs` instead.
  with DDGS() as ddgs:
/home/alexander/Schreibtisch/ofa-v2/langgraph_eval/agent.py:215: RuntimeWarning: This package (`duckduckgo_search`) has been renamed to `ddgs`! Use `pip install ddgs` instead.
  with DDGS() as ddgs:
/home/alexander/Schreibtisch/ofa-v2/langgraph_eval/agent.py:215: RuntimeWarning: This package (`duckduckgo_search`) has been renamed to `ddgs`! Use `pip install ddgs` instead.
  with DDGS() as ddgs:
/home/alexander/Schreibtisch/ofa-v2/langgraph_eval/agent.py:215: RuntimeWarning: This package (`duckduckgo_search`) has been renamed to `ddgs`! Use `pip install ddgs` instead.
  with DDGS() as ddgs:
/home/alexander/Schreibtisch/ofa-v2/langgraph_eval/agent.py:215: RuntimeWarning: This package (`duckduckgo_search`) has been renamed to `ddgs`! Use `pip install ddgs` instead.
  with DDGS() as ddgs:
/home/alexander/Schreibtisch/ofa-v2/langgraph_eval/agent.py:215: RuntimeWarning: This package (`duckduckgo_search`) has been renamed to `ddgs`! Use `pip install ddgs` instead.
  with DDGS() as ddgs:
/home/alexander/Schreibtisch/ofa-v2/langgraph_eval/agent.py:215: RuntimeWarning: This package (`duckduckgo_search`) has been renamed to `ddgs`! Use `pip install ddgs` instead.
  with DDGS() as ddgs:
/home/alexander/Schreibtisch/ofa-v2/langgraph_eval/agent.py:215: RuntimeWarning: This package (`duckduckgo_search`) has been renamed to `ddgs`! Use `pip install ddgs` instead.
  with DDGS() as ddgs:
/home/alexander/Schreibtisch/ofa-v2/langgraph_eval/agent.py:215: RuntimeWarning: This package (`duckduckgo_search`) has been renamed to `ddgs`! Use `pip install ddgs` instead.
  with DDGS() as ddgs:
/home/alexander/Schreibtisch/ofa-v2/langgraph_eval/agent.py:215: RuntimeWarning: This package (`duckduckgo_search`) has been renamed to `ddgs`! Use `pip install ddgs` instead.
  with DDGS() as ddgs:
/home/alexander/Schreibtisch/ofa-v2/langgraph_eval/agent.py:215: RuntimeWarning: This package (`duckduckgo_search`) has been renamed to `ddgs`! Use `pip install ddgs` instead.
  with DDGS() as ddgs:
/home/alexander/Schreibtisch/ofa-v2/langgraph_eval/agent.py:215: RuntimeWarning: This package (`duckduckgo_search`) has been renamed to `ddgs`! Use `pip install ddgs` instead.
  with DDGS() as ddgs:
/home/alexander/Schreibtisch/ofa-v2/langgraph_eval/agent.py:215: RuntimeWarning: This package (`duckduckgo_search`) has been renamed to `ddgs`! Use `pip install ddgs` instead.
  with DDGS() as ddgs:
/home/alexander/Schreibtisch/ofa-v2/langgraph_eval/agent.py:215: RuntimeWarning: This package (`duckduckgo_search`) has been renamed to `ddgs`! Use `pip install ddgs` instead.
  with DDGS() as ddgs:
/home/alexander/Schreibtisch/ofa-v2/langgraph_eval/agent.py:215: RuntimeWarning: This package (`duckduckgo_search`) has been renamed to `ddgs`! Use `pip install ddgs` instead.
  with DDGS() as ddgs:
/home/alexander/Schreibtisch/ofa-v2/langgraph_eval/agent.py:215: RuntimeWarning: This package (`duckduckgo_search`) has been renamed to `ddgs`! Use `pip install ddgs` instead.
  with DDGS() as ddgs:
/home/alexander/Schreibtisch/ofa-v2/langgraph_eval/agent.py:215: RuntimeWarning: This package (`duckduckgo_search`) has been renamed to `ddgs`! Use `pip install ddgs` instead.
  with DDGS() as ddgs:
/home/alexander/Schreibtisch/ofa-v2/langgraph_eval/agent.py:215: RuntimeWarning: This package (`duckduckgo_search`) has been renamed to `ddgs`! Use `pip install ddgs` instead.
  with DDGS() as ddgs:
/home/alexander/Schreibtisch/ofa-v2/langgraph_eval/agent.py:215: RuntimeWarning: This package (`duckduckgo_search`) has been renamed to `ddgs`! Use `pip install ddgs` instead.
  with DDGS() as ddgs:
/home/alexander/Schreibtisch/ofa-v2/langgraph_eval/agent.py:215: RuntimeWarning: This package (`duckduckgo_search`) has been renamed to `ddgs`! Use `pip install ddgs` instead.
  with DDGS() as ddgs:
[preflight] custody controls verified for 1 problem(s); keys sealed and unreadable by execution
[phase: development] results are for post-mortems and convergence checking, NOT for the paper's evaluation table.
[FE1 27b MCP s1] done  calls=58 tok=3693331/71333 1981.0s
/home/alexander/Schreibtisch/ofa-v2/campaign3_blind/run_blind.py:535: ResourceWarning: unclosed file <_io.TextIOWrapper name='/home/alexander/Schreibtisch/ofa-v2/campaign3_blind/runs/FE1_27b_MCP_seed1/work/trajectory_live.txt' mode='a' encoding='utf-8'>
  run_one(pid, a.model, cond, a.seed, a.timeout)
ResourceWarning: Enable tracemalloc to get the object allocation traceback
/home/alexander/.local/share/python/cpython-3.12.13-linux-x86_64-gnu/lib/python3.12/asyncio/selector_events.py:879: ResourceWarning: unclosed transport <_SelectorSocketTransport fd=8>
<<< cell FE1 done 2026-08-16 13:44:38
/home/alexander/Schreibtisch/ofa-v2/langgraph_eval/agent.py:290: LangGraphDeprecatedSinceV10: create_react_agent has been moved to `langchain.agents`. Please update your import to `from langchain.agents import create_agent`. Deprecated in LangGraph V1.0 to be removed in V2.0.
  sub_agent = create_react_agent(
/home/alexander/Schreibtisch/ofa-v2/langgraph_eval/agent.py:215: RuntimeWarning: This package (`duckduckgo_search`) has been renamed to `ddgs`! Use `pip install ddgs` instead.
  with DDGS() as ddgs:
/home/alexander/Schreibtisch/ofa-v2/langgraph_eval/agent.py:215: RuntimeWarning: This package (`duckduckgo_search`) has been renamed to `ddgs`! Use `pip install ddgs` instead.
  with DDGS() as ddgs:
/home/alexander/Schreibtisch/ofa-v2/langgraph_eval/agent.py:215: RuntimeWarning: This package (`duckduckgo_search`) has been renamed to `ddgs`! Use `pip install ddgs` instead.
  with DDGS() as ddgs:
/home/alexander/Schreibtisch/ofa-v2/langgraph_eval/agent.py:215: RuntimeWarning: This package (`duckduckgo_search`) has been renamed to `ddgs`! Use `pip install ddgs` instead.
  with DDGS() as ddgs:
/home/alexander/Schreibtisch/ofa-v2/langgraph_eval/agent.py:215: RuntimeWarning: This package (`duckduckgo_search`) has been renamed to `ddgs`! Use `pip install ddgs` instead.
  with DDGS() as ddgs:
/home/alexander/Schreibtisch/ofa-v2/langgraph_eval/agent.py:215: RuntimeWarning: This package (`duckduckgo_search`) has been renamed to `ddgs`! Use `pip install ddgs` instead.
  with DDGS() as ddgs:
/home/alexander/Schreibtisch/ofa-v2/langgraph_eval/agent.py:215: RuntimeWarning: This package (`duckduckgo_search`) has been renamed to `ddgs`! Use `pip install ddgs` instead.
  with DDGS() as ddgs:
/home/alexander/Schreibtisch/ofa-v2/langgraph_eval/agent.py:215: RuntimeWarning: This package (`duckduckgo_search`) has been renamed to `ddgs`! Use `pip install ddgs` instead.
  with DDGS() as ddgs:
2026-08-16 13:49:24,315 [oasis.registry] INFO: Loaded discovered config: 5 backends
2026-08-16 13:49:24,316 [oasis.registry] INFO: Registered backend: 4C Multiphysics (fourc)
2026-08-16 13:49:24,317 [oasis.registry] INFO: Registered backend: FEniCSx (dolfinx) (fenics)
2026-08-16 13:49:24,317 [oasis.registry] INFO: Registered backend: deal.II (dealii)
2026-08-16 13:49:24,321 [oasis.registry] INFO: Registered backend: FEBio (febio)
2026-08-16 13:49:24,324 [oasis.registry] INFO: Registered backend: NGSolve (ngsolve)
2026-08-16 13:49:24,324 [oasis.ngsolve] INFO: NGSolve backend registered
2026-08-16 13:49:24,326 [oasis.registry] INFO: Registered backend: scikit-fem (skfem)
2026-08-16 13:49:24,326 [oasis.skfem] INFO: scikit-fem backend registered
2026-08-16 13:49:24,330 [oasis.registry] INFO: Registered backend: Kratos Multiphysics (kratos)
2026-08-16 13:49:24,330 [oasis.kratos] INFO: Kratos Multiphysics backend registered
2026-08-16 13:49:24,332 [oasis.registry] INFO: Registered backend: DUNE-fem (dune)
2026-08-16 13:49:24,332 [oasis.dune] INFO: DUNE-fem backend registered
2026-08-16 13:49:24,338 [oasis.registry] INFO: Registered backend: SPARTA (DSMC) (sparta)
2026-08-16 13:49:24,338 [oasis.sparta] INFO: SPARTA (DSMC) backend registered
2026-08-16 13:49:24,338 [oasis] INFO: Starting OASiS MCP server
2026-08-16 13:49:24,345 [mcp.server.lowlevel.server] INFO: Processing request of type CallToolRequest
2026-08-16 13:50:58,331 [mcp.server.lowlevel.server] INFO: Processing request of type ListToolsRequest
2026-08-16 13:50:58,339 [oasis] INFO: Session journal saved: /home/alexander/Schreibtisch/ofa-v2/data/sessions/session_a03b166e-425b-404c-837d-8096a47b4244.json (1 events)
2026-08-16 13:51:01,826 [oasis.registry] INFO: Loaded discovered config: 5 backends
2026-08-16 13:51:01,827 [oasis.registry] INFO: Registered backend: 4C Multiphysics (fourc)
2026-08-16 13:51:01,828 [oasis.registry] INFO: Registered backend: FEniCSx (dolfinx) (fenics)
2026-08-16 13:51:01,829 [oasis.registry] INFO: Registered backend: deal.II (dealii)
2026-08-16 13:51:01,833 [oasis.registry] INFO: Registered backend: FEBio (febio)
2026-08-16 13:51:01,835 [oasis.registry] INFO: Registered backend: NGSolve (ngsolve)
2026-08-16 13:51:01,835 [oasis.ngsolve] INFO: NGSolve backend registered
2026-08-16 13:51:01,838 [oasis.registry] INFO: Registered backend: scikit-fem (skfem)
2026-08-16 13:51:01,838 [oasis.skfem] INFO: scikit-fem backend registered
2026-08-16 13:51:01,842 [oasis.registry] INFO: Registered backend: Kratos Multiphysics (kratos)
2026-08-16 13:51:01,842 [oasis.kratos] INFO: Kratos Multiphysics backend registered
2026-08-16 13:51:01,844 [oasis.registry] INFO: Registered backend: DUNE-fem (dune)
2026-08-16 13:51:01,844 [oasis.dune] INFO: DUNE-fem backend registered
2026-08-16 13:51:01,849 [oasis.registry] INFO: Registered backend: SPARTA (DSMC) (sparta)
2026-08-16 13:51:01,850 [oasis.sparta] INFO: SPARTA (DSMC) backend registered
2026-08-16 13:51:01,850 [oasis] INFO: Starting OASiS MCP server
2026-08-16 13:51:01,858 [mcp.server.lowlevel.server] INFO: Processing request of type CallToolRequest
/home/alexander/Schreibtisch/ofa-v2/langgraph_eval/agent.py:215: RuntimeWarning: This package (`duckduckgo_search`) has been renamed to `ddgs`! Use `pip install ddgs` instead.
  with DDGS() as ddgs:
/home/alexander/Schreibtisch/ofa-v2/langgraph_eval/agent.py:215: RuntimeWarning: This package (`duckduckgo_search`) has been renamed to `ddgs`! Use `pip install ddgs` instead.
  with DDGS() as ddgs:
/home/alexander/Schreibtisch/ofa-v2/langgraph_eval/agent.py:215: RuntimeWarning: This package (`duckduckgo_search`) has been renamed to `ddgs`! Use `pip install ddgs` instead.
  with DDGS() as ddgs:
2026-08-16 13:52:35,428 [mcp.server.lowlevel.server] INFO: Processing request of type ListToolsRequest
2026-08-16 13:52:35,436 [oasis] INFO: Session journal saved: /home/alexander/Schreibtisch/ofa-v2/data/sessions/session_e15d5b2f-5d52-4d91-aa56-0423d1eef880.json (1 events)
2026-08-16 13:52:38,382 [oasis.registry] INFO: Loaded discovered config: 5 backends
2026-08-16 13:52:38,383 [oasis.registry] INFO: Registered backend: 4C Multiphysics (fourc)
2026-08-16 13:52:38,383 [oasis.registry] INFO: Registered backend: FEniCSx (dolfinx) (fenics)
2026-08-16 13:52:38,384 [oasis.registry] INFO: Registered backend: deal.II (dealii)
2026-08-16 13:52:38,387 [oasis.registry] INFO: Registered backend: FEBio (febio)
2026-08-16 13:52:38,390 [oasis.registry] INFO: Registered backend: NGSolve (ngsolve)
2026-08-16 13:52:38,390 [oasis.ngsolve] INFO: NGSolve backend registered
2026-08-16 13:52:38,393 [oasis.registry] INFO: Registered backend: scikit-fem (skfem)
2026-08-16 13:52:38,393 [oasis.skfem] INFO: scikit-fem backend registered
2026-08-16 13:52:38,396 [oasis.registry] INFO: Registered backend: Kratos Multiphysics (kratos)
2026-08-16 13:52:38,396 [oasis.kratos] INFO: Kratos Multiphysics backend registered
2026-08-16 13:52:38,399 [oasis.registry] INFO: Registered backend: DUNE-fem (dune)
2026-08-16 13:52:38,399 [oasis.dune] INFO: DUNE-fem backend registered
2026-08-16 13:52:38,404 [oasis.registry] INFO: Registered backend: SPARTA (DSMC) (sparta)
2026-08-16 13:52:38,404 [oasis.sparta] INFO: SPARTA (DSMC) backend registered
2026-08-16 13:52:38,404 [oasis] INFO: Starting OASiS MCP server
2026-08-16 13:52:38,411 [mcp.server.lowlevel.server] INFO: Processing request of type CallToolRequest
2026-08-16 13:52:38,415 [mcp.server.lowlevel.server] INFO: Processing request of type ListToolsRequest
2026-08-16 13:52:38,420 [oasis] INFO: Session journal saved: /home/alexander/Schreibtisch/ofa-v2/data/sessions/session_2164f8da-3fa9-4d30-8ce4-4881e16ce9c9.json (1 events)
/home/alexander/Schreibtisch/ofa-v2/langgraph_eval/agent.py:215: RuntimeWarning: This package (`duckduckgo_search`) has been renamed to `ddgs`! Use `pip install ddgs` instead.
  with DDGS() as ddgs:
/home/alexander/Schreibtisch/ofa-v2/langgraph_eval/agent.py:215: RuntimeWarning: This package (`duckduckgo_search`) has been renamed to `ddgs`! Use `pip install ddgs` instead.
  with DDGS() as ddgs:
/home/alexander/Schreibtisch/ofa-v2/langgraph_eval/agent.py:215: RuntimeWarning: This package (`duckduckgo_search`) has been renamed to `ddgs`! Use `pip install ddgs` instead.
  with DDGS() as ddgs:
/home/alexander/Schreibtisch/ofa-v2/langgraph_eval/agent.py:215: RuntimeWarning: This package (`duckduckgo_search`) has been renamed to `ddgs`! Use `pip install ddgs` instead.
  with DDGS() as ddgs:
/home/alexander/Schreibtisch/ofa-v2/langgraph_eval/agent.py:215: RuntimeWarning: This package (`duckduckgo_search`) has been renamed to `ddgs`! Use `pip install ddgs` instead.
  with DDGS() as ddgs:
/home/alexander/Schreibtisch/ofa-v2/langgraph_eval/agent.py:215: RuntimeWarning: This package (`duckduckgo_search`) has been renamed to `ddgs`! Use `pip install ddgs` instead.
  with DDGS() as ddgs:
/home/alexander/Schreibtisch/ofa-v2/langgraph_eval/agent.py:215: RuntimeWarning: This package (`duckduckgo_search`) has been renamed to `ddgs`! Use `pip install ddgs` instead.
  with DDGS() as ddgs:
/home/alexander/Schreibtisch/ofa-v2/langgraph_eval/agent.py:215: RuntimeWarning: This package (`duckduckgo_search`) has been renamed to `ddgs`! Use `pip install ddgs` instead.
  with DDGS() as ddgs:
/home/alexander/Schreibtisch/ofa-v2/langgraph_eval/agent.py:290: LangGraphDeprecatedSinceV10: create_react_agent has been moved to `langchain.agents`. Please update your import to `from langchain.agents import create_agent`. Deprecated in LangGraph V1.0 to be removed in V2.0.
  sub_agent = create_react_agent(
/home/alexander/Schreibtisch/ofa-v2/langgraph_eval/agent.py:215: RuntimeWarning: This package (`duckduckgo_search`) has been renamed to `ddgs`! Use `pip install ddgs` instead.
  with DDGS() as ddgs:
/home/alexander/Schreibtisch/ofa-v2/langgraph_eval/agent.py:215: RuntimeWarning: This package (`duckduckgo_search`) has been renamed to `ddgs`! Use `pip install ddgs` instead.
  with DDGS() as ddgs:
2026-08-16 13:54:22,848 [oasis.registry] INFO: Loaded discovered config: 5 backends
2026-08-16 13:54:22,849 [oasis.registry] INFO: Registered backend: 4C Multiphysics (fourc)
2026-08-16 13:54:22,850 [oasis.registry] INFO: Registered backend: FEniCSx (dolfinx) (fenics)
2026-08-16 13:54:22,850 [oasis.registry] INFO: Registered backend: deal.II (dealii)
2026-08-16 13:54:22,854 [oasis.registry] INFO: Registered backend: FEBio (febio)
2026-08-16 13:54:22,857 [oasis.registry] INFO: Registered backend: NGSolve (ngsolve)
2026-08-16 13:54:22,857 [oasis.ngsolve] INFO: NGSolve backend registered
2026-08-16 13:54:22,859 [oasis.registry] INFO: Registered backend: scikit-fem (skfem)
2026-08-16 13:54:22,859 [oasis.skfem] INFO: scikit-fem backend registered
2026-08-16 13:54:22,863 [oasis.registry] INFO: Registered backend: Kratos Multiphysics (kratos)
2026-08-16 13:54:22,863 [oasis.kratos] INFO: Kratos Multiphysics backend registered
2026-08-16 13:54:22,865 [oasis.registry] INFO: Registered backend: DUNE-fem (dune)
2026-08-16 13:54:22,865 [oasis.dune] INFO: DUNE-fem backend registered
2026-08-16 13:54:22,870 [oasis.registry] INFO: Registered backend: SPARTA (DSMC) (sparta)
2026-08-16 13:54:22,870 [oasis.sparta] INFO: SPARTA (DSMC) backend registered
2026-08-16 13:54:22,871 [oasis] INFO: Starting OASiS MCP server
2026-08-16 13:54:22,878 [mcp.server.lowlevel.server] INFO: Processing request of type CallToolRequest
/home/alexander/Schreibtisch/ofa-v2/langgraph_eval/agent.py:215: RuntimeWarning: This package (`duckduckgo_search`) has been renamed to `ddgs`! Use `pip install ddgs` instead.
  with DDGS() as ddgs:
/home/alexander/Schreibtisch/ofa-v2/langgraph_eval/agent.py:215: RuntimeWarning: This package (`duckduckgo_search`) has been renamed to `ddgs`! Use `pip install ddgs` instead.
  with DDGS() as ddgs:
/home/alexander/Schreibtisch/ofa-v2/langgraph_eval/agent.py:215: RuntimeWarning: This package (`duckduckgo_search`) has been renamed to `ddgs`! Use `pip install ddgs` instead.
  with DDGS() as ddgs:
/home/alexander/Schreibtisch/ofa-v2/langgraph_eval/agent.py:215: RuntimeWarning: This package (`duckduckgo_search`) has been renamed to `ddgs`! Use `pip install ddgs` instead.
  with DDGS() as ddgs:
2026-08-16 13:55:56,847 [mcp.server.lowlevel.server] INFO: Processing request of type ListToolsRequest
2026-08-16 13:55:56,855 [oasis] INFO: Session journal saved: /home/alexander/Schreibtisch/ofa-v2/data/sessions/session_5a0c6760-3b2e-4928-b6dc-177c1004add1.json (1 events)
/home/alexander/Schreibtisch/ofa-v2/langgraph_eval/agent.py:215: RuntimeWarning: This package (`duckduckgo_search`) has been renamed to `ddgs`! Use `pip install ddgs` instead.
  with DDGS() as ddgs:
/home/alexander/Schreibtisch/ofa-v2/langgraph_eval/agent.py:215: RuntimeWarning: This package (`duckduckgo_search`) has been renamed to `ddgs`! Use `pip install ddgs` instead.
  with DDGS() as ddgs:
/home/alexander/Schreibtisch/ofa-v2/langgraph_eval/agent.py:215: RuntimeWarning: This package (`duckduckgo_search`) has been renamed to `ddgs`! Use `pip install ddgs` instead.
  with DDGS() as ddgs:
/home/alexander/Schreibtisch/ofa-v2/langgraph_eval/agent.py:215: RuntimeWarning: This package (`duckduckgo_search`) has been renamed to `ddgs`! Use `pip install ddgs` instead.
  with DDGS() as ddgs:
/home/alexander/Schreibtisch/ofa-v2/langgraph_eval/agent.py:215: RuntimeWarning: This package (`duckduckgo_search`) has been renamed to `ddgs`! Use `pip install ddgs` instead.
  with DDGS() as ddgs:
/home/alexander/Schreibtisch/ofa-v2/langgraph_eval/agent.py:215: RuntimeWarning: This package (`duckduckgo_search`) has been renamed to `ddgs`! Use `pip install ddgs` instead.
  with DDGS() as ddgs:
/home/alexander/Schreibtisch/ofa-v2/langgraph_eval/agent.py:215: RuntimeWarning: This package (`duckduckgo_search`) has been renamed to `ddgs`! Use `pip install ddgs` instead.
  with DDGS() as ddgs:
/home/alexander/Schreibtisch/ofa-v2/langgraph_eval/agent.py:215: RuntimeWarning: This package (`duckduckgo_search`) has been renamed to `ddgs`! Use `pip install ddgs` instead.
  with DDGS() as ddgs:
/home/alexander/Schreibtisch/ofa-v2/langgraph_eval/agent.py:215: RuntimeWarning: This package (`duckduckgo_search`) has been renamed to `ddgs`! Use `pip install ddgs` instead.
  with DDGS() as ddgs:
/home/alexander/Schreibtisch/ofa-v2/langgraph_eval/agent.py:215: RuntimeWarning: This package (`duckduckgo_search`) has been renamed to `ddgs`! Use `pip install ddgs` instead.
  with DDGS() as ddgs:
/home/alexander/Schreibtisch/ofa-v2/langgraph_eval/agent.py:215: RuntimeWarning: This package (`duckduckgo_search`) has been renamed to `ddgs`! Use `pip install ddgs` instead.
  with DDGS() as ddgs:
/home/alexander/Schreibtisch/ofa-v2/langgraph_eval/agent.py:215: RuntimeWarning: This package (`duckduckgo_search`) has been renamed to `ddgs`! Use `pip install ddgs` instead.
  with DDGS() as ddgs:
/home/alexander/Schreibtisch/ofa-v2/langgraph_eval/agent.py:215: RuntimeWarning: This package (`duckduckgo_search`) has been renamed to `ddgs`! Use `pip install ddgs` instead.
  with DDGS() as ddgs:
/home/alexander/Schreibtisch/ofa-v2/langgraph_eval/agent.py:215: RuntimeWarning: This package (`duckduckgo_search`) has been renamed to `ddgs`! Use `pip install ddgs` instead.
  with DDGS() as ddgs:
/home/alexander/Schreibtisch/ofa-v2/langgraph_eval/agent.py:215: RuntimeWarning: This package (`duckduckgo_search`) has been renamed to `ddgs`! Use `pip install ddgs` instead.
  with DDGS() as ddgs:
/home/alexander/Schreibtisch/ofa-v2/langgraph_eval/agent.py:215: RuntimeWarning: This package (`duckduckgo_search`) has been renamed to `ddgs`! Use `pip install ddgs` instead.
  with DDGS() as ddgs:
/home/alexander/Schreibtisch/ofa-v2/langgraph_eval/agent.py:215: RuntimeWarning: This package (`duckduckgo_search`) has been renamed to `ddgs`! Use `pip install ddgs` instead.
  with DDGS() as ddgs:
/home/alexander/Schreibtisch/ofa-v2/langgraph_eval/agent.py:215: RuntimeWarning: This package (`duckduckgo_search`) has been renamed to `ddgs`! Use `pip install ddgs` instead.
  with DDGS() as ddgs:
/home/alexander/Schreibtisch/ofa-v2/langgraph_eval/agent.py:215: RuntimeWarning: This package (`duckduckgo_search`) has been renamed to `ddgs`! Use `pip install ddgs` instead.
  with DDGS() as ddgs:
/home/alexander/Schreibtisch/ofa-v2/langgraph_eval/agent.py:215: RuntimeWarning: This package (`duckduckgo_search`) has been renamed to `ddgs`! Use `pip install ddgs` instead.
  with DDGS() as ddgs:
/home/alexander/Schreibtisch/ofa-v2/langgraph_eval/agent.py:215: RuntimeWarning: This package (`duckduckgo_search`) has been renamed to `ddgs`! Use `pip install ddgs` instead.
  with DDGS() as ddgs:
/home/alexander/Schreibtisch/ofa-v2/langgraph_eval/agent.py:215: RuntimeWarning: This package (`duckduckgo_search`) has been renamed to `ddgs`! Use `pip install ddgs` instead.
  with DDGS() as ddgs:
/home/alexander/Schreibtisch/ofa-v2/langgraph_eval/agent.py:215: RuntimeWarning: This package (`duckduckgo_search`) has been renamed to `ddgs`! Use `pip install ddgs` instead.
  with DDGS() as ddgs:
/home/alexander/Schreibtisch/ofa-v2/langgraph_eval/agent.py:215: RuntimeWarning: This package (`duckduckgo_search`) has been renamed to `ddgs`! Use `pip install ddgs` instead.
  with DDGS() as ddgs:
/home/alexander/Schreibtisch/ofa-v2/langgraph_eval/agent.py:215: RuntimeWarning: This package (`duckduckgo_search`) has been renamed to `ddgs`! Use `pip install ddgs` instead.
  with DDGS() as ddgs:
/home/alexander/Schreibtisch/ofa-v2/langgraph_eval/agent.py:215: RuntimeWarning: This package (`duckduckgo_search`) has been renamed to `ddgs`! Use `pip install ddgs` instead.
  with DDGS() as ddgs:
/home/alexander/Schreibtisch/ofa-v2/langgraph_eval/agent.py:215: RuntimeWarning: This package (`duckduckgo_search`) has been renamed to `ddgs`! Use `pip install ddgs` instead.
  with DDGS() as ddgs:
/home/alexander/Schreibtisch/ofa-v2/langgraph_eval/agent.py:215: RuntimeWarning: This package (`duckduckgo_search`) has been renamed to `ddgs`! Use `pip install ddgs` instead.
  with DDGS() as ddgs:
/home/alexander/Schreibtisch/ofa-v2/langgraph_eval/agent.py:215: RuntimeWarning: This package (`duckduckgo_search`) has been renamed to `ddgs`! Use `pip install ddgs` instead.
  with DDGS() as ddgs:
/home/alexander/Schreibtisch/ofa-v2/langgraph_eval/agent.py:215: RuntimeWarning: This package (`duckduckgo_search`) has been renamed to `ddgs`! Use `pip install ddgs` instead.
  with DDGS() as ddgs:
/home/alexander/Schreibtisch/ofa-v2/langgraph_eval/agent.py:215: RuntimeWarning: This package (`duckduckgo_search`) has been renamed to `ddgs`! Use `pip install ddgs` instead.
  with DDGS() as ddgs:
/home/alexander/Schreibtisch/ofa-v2/langgraph_eval/agent.py:215: RuntimeWarning: This package (`duckduckgo_search`) has been renamed to `ddgs`! Use `pip install ddgs` instead.
  with DDGS() as ddgs:
/home/alexander/Schreibtisch/ofa-v2/langgraph_eval/agent.py:215: RuntimeWarning: This package (`duckduckgo_search`) has been renamed to `ddgs`! Use `pip install ddgs` instead.
  with DDGS() as ddgs:
/home/alexander/Schreibtisch/ofa-v2/langgraph_eval/agent.py:215: RuntimeWarning: This package (`duckduckgo_search`) has been renamed to `ddgs`! Use `pip install ddgs` instead.
  with DDGS() as ddgs:
/home/alexander/Schreibtisch/ofa-v2/langgraph_eval/agent.py:215: RuntimeWarning: This package (`duckduckgo_search`) has been renamed to `ddgs`! Use `pip install ddgs` instead.
  with DDGS() as ddgs:
/home/alexander/Schreibtisch/ofa-v2/langgraph_eval/agent.py:215: RuntimeWarning: This package (`duckduckgo_search`) has been renamed to `ddgs`! Use `pip install ddgs` instead.
  with DDGS() as ddgs:
/home/alexander/Schreibtisch/ofa-v2/langgraph_eval/agent.py:215: RuntimeWarning: This package (`duckduckgo_search`) has been renamed to `ddgs`! Use `pip install ddgs` instead.
  with DDGS() as ddgs:
/home/alexander/Schreibtisch/ofa-v2/langgraph_eval/agent.py:215: RuntimeWarning: This package (`duckduckgo_search`) has been renamed to `ddgs`! Use `pip install ddgs` instead.
  with DDGS() as ddgs:
/home/alexander/Schreibtisch/ofa-v2/langgraph_eval/agent.py:215: RuntimeWarning: This package (`duckduckgo_search`) has been renamed to `ddgs`! Use `pip install ddgs` instead.
  with DDGS() as ddgs:
/home/alexander/Schreibtisch/ofa-v2/langgraph_eval/agent.py:215: RuntimeWarning: This package (`duckduckgo_search`) has been renamed to `ddgs`! Use `pip install ddgs` instead.
  with DDGS() as ddgs:
/home/alexander/Schreibtisch/ofa-v2/langgraph_eval/agent.py:215: RuntimeWarning: This package (`duckduckgo_search`) has been renamed to `ddgs`! Use `pip install ddgs` instead.
  with DDGS() as ddgs:
/home/alexander/Schreibtisch/ofa-v2/langgraph_eval/agent.py:215: RuntimeWarning: This package (`duckduckgo_search`) has been renamed to `ddgs`! Use `pip install ddgs` instead.
  with DDGS() as ddgs:
/home/alexander/Schreibtisch/ofa-v2/langgraph_eval/agent.py:215: RuntimeWarning: This package (`duckduckgo_search`) has been renamed to `ddgs`! Use `pip install ddgs` instead.
  with DDGS() as ddgs:
/home/alexander/Schreibtisch/ofa-v2/langgraph_eval/agent.py:215: RuntimeWarning: This package (`duckduckgo_search`) has been renamed to `ddgs`! Use `pip install ddgs` instead.
  with DDGS() as ddgs:
/home/alexander/Schreibtisch/ofa-v2/langgraph_eval/agent.py:215: RuntimeWarning: This package (`duckduckgo_search`) has been renamed to `ddgs`! Use `pip install ddgs` instead.
  with DDGS() as ddgs:
/home/alexander/Schreibtisch/ofa-v2/langgraph_eval/agent.py:215: RuntimeWarning: This package (`duckduckgo_search`) has been renamed to `ddgs`! Use `pip install ddgs` instead.
  with DDGS() as ddgs:
/home/alexander/Schreibtisch/ofa-v2/langgraph_eval/agent.py:215: RuntimeWarning: This package (`duckduckgo_search`) has been renamed to `ddgs`! Use `pip install ddgs` instead.
  with DDGS() as ddgs:
/home/alexander/Schreibtisch/ofa-v2/langgraph_eval/agent.py:215: RuntimeWarning: This package (`duckduckgo_search`) has been renamed to `ddgs`! Use `pip install ddgs` instead.
  with DDGS() as ddgs:
/home/alexander/Schreibtisch/ofa-v2/langgraph_eval/agent.py:215: RuntimeWarning: This package (`duckduckgo_search`) has been renamed to `ddgs`! Use `pip install ddgs` instead.
  with DDGS() as ddgs:
/home/alexander/Schreibtisch/ofa-v2/langgraph_eval/agent.py:215: RuntimeWarning: This package (`duckduckgo_search`) has been renamed to `ddgs`! Use `pip install ddgs` instead.
  with DDGS() as ddgs:
/home/alexander/Schreibtisch/ofa-v2/langgraph_eval/agent.py:215: RuntimeWarning: This package (`duckduckgo_search`) has been renamed to `ddgs`! Use `pip install ddgs` instead.
  with DDGS() as ddgs:
[preflight] custody controls verified for 1 problem(s); keys sealed and unreadable by execution
[phase: development] results are for post-mortems and convergence checking, NOT for the paper's evaluation table.
[FE2 27b MCP s1] done  calls=125 tok=4761010/96723 2700.0s  ERR TimeoutError: exceeded 2700s
sys:1: ResourceWarning: unclosed file <_io.TextIOWrapper name='/home/alexander/Schreibtisch/ofa-v2/campaign3_blind/runs/FE2_27b_MCP_seed1/work/trajectory_live.txt' mode='a' encoding='utf-8'>
ResourceWarning: Enable tracemalloc to get the object allocation traceback
<<< cell FE2 done 2026-08-16 13:56:37
[preflight] custody controls verified for 1 problem(s); keys sealed and unreadable by execution
[phase: development] results are for post-mortems and convergence checking, NOT for the paper's evaluation table.
[NG1 27b BARE s1] done  calls=128 tok=3651658/32498 758.7s
/home/alexander/Schreibtisch/ofa-v2/campaign3_blind/run_blind.py:535: ResourceWarning: unclosed file <_io.TextIOWrapper name='/home/alexander/Schreibtisch/ofa-v2/campaign3_blind/runs/NG1_27b_BARE_seed1/work/trajectory_live.txt' mode='a' encoding='utf-8'>
  run_one(pid, a.model, cond, a.seed, a.timeout)
ResourceWarning: Enable tracemalloc to get the object allocation traceback
/home/alexander/.local/share/python/cpython-3.12.13-linux-x86_64-gnu/lib/python3.12/asyncio/selector_events.py:879: ResourceWarning: unclosed transport <_SelectorSocketTransport fd=8>
2026-08-16 13:57:45,540 [oasis.registry] INFO: Loaded discovered config: 5 backends
2026-08-16 13:57:45,541 [oasis.registry] INFO: Registered backend: 4C Multiphysics (fourc)
2026-08-16 13:57:45,542 [oasis.registry] INFO: Registered backend: FEniCSx (dolfinx) (fenics)
2026-08-16 13:57:45,542 [oasis.registry] INFO: Registered backend: deal.II (dealii)
2026-08-16 13:57:45,546 [oasis.registry] INFO: Registered backend: FEBio (febio)
2026-08-16 13:57:45,548 [oasis.registry] INFO: Registered backend: NGSolve (ngsolve)
2026-08-16 13:57:45,548 [oasis.ngsolve] INFO: NGSolve backend registered
2026-08-16 13:57:45,551 [oasis.registry] INFO: Registered backend: scikit-fem (skfem)
2026-08-16 13:57:45,551 [oasis.skfem] INFO: scikit-fem backend registered
2026-08-16 13:57:45,555 [oasis.registry] INFO: Registered backend: Kratos Multiphysics (kratos)
2026-08-16 13:57:45,555 [oasis.kratos] INFO: Kratos Multiphysics backend registered
2026-08-16 13:57:45,557 [oasis.registry] INFO: Registered backend: DUNE-fem (dune)
2026-08-16 13:57:45,557 [oasis.dune] INFO: DUNE-fem backend registered
2026-08-16 13:57:45,562 [oasis.registry] INFO: Registered backend: SPARTA (DSMC) (sparta)
2026-08-16 13:57:45,562 [oasis.sparta] INFO: SPARTA (DSMC) backend registered
2026-08-16 13:57:45,562 [oasis] INFO: Starting OASiS MCP server
2026-08-16 13:57:45,570 [mcp.server.lowlevel.server] INFO: Processing request of type ListToolsRequest
2026-08-16 13:57:51,795 [oasis.registry] INFO: Loaded discovered config: 5 backends
2026-08-16 13:57:51,796 [oasis.registry] INFO: Registered backend: 4C Multiphysics (fourc)
2026-08-16 13:57:51,797 [oasis.registry] INFO: Registered backend: FEniCSx (dolfinx) (fenics)
2026-08-16 13:57:51,797 [oasis.registry] INFO: Registered backend: deal.II (dealii)
2026-08-16 13:57:51,801 [oasis.registry] INFO: Registered backend: FEBio (febio)
2026-08-16 13:57:51,804 [oasis.registry] INFO: Registered backend: NGSolve (ngsolve)
2026-08-16 13:57:51,804 [oasis.ngsolve] INFO: NGSolve backend registered
2026-08-16 13:57:51,806 [oasis.registry] INFO: Registered backend: scikit-fem (skfem)
2026-08-16 13:57:51,806 [oasis.skfem] INFO: scikit-fem backend registered
2026-08-16 13:57:51,810 [oasis.registry] INFO: Registered backend: Kratos Multiphysics (kratos)
2026-08-16 13:57:51,810 [oasis.kratos] INFO: Kratos Multiphysics backend registered
2026-08-16 13:57:51,812 [oasis.registry] INFO: Registered backend: DUNE-fem (dune)
2026-08-16 13:57:51,812 [oasis.dune] INFO: DUNE-fem backend registered
2026-08-16 13:57:51,818 [oasis.registry] INFO: Registered backend: SPARTA (DSMC) (sparta)
2026-08-16 13:57:51,818 [oasis.sparta] INFO: SPARTA (DSMC) backend registered
2026-08-16 13:57:51,818 [oasis] INFO: Starting OASiS MCP server
2026-08-16 13:57:51,825 [mcp.server.lowlevel.server] INFO: Processing request of type CallToolRequest
2026-08-16 13:57:55,051 [mcp.server.lowlevel.server] INFO: Processing request of type ListToolsRequest
2026-08-16 13:57:55,059 [oasis] INFO: Session journal saved: /home/alexander/Schreibtisch/ofa-v2/data/sessions/session_b821aa6e-8c72-4618-9a1e-82ff6d337ed3.json (1 events)
/home/alexander/Schreibtisch/ofa-v2/langgraph_eval/agent.py:215: RuntimeWarning: This package (`duckduckgo_search`) has been renamed to `ddgs`! Use `pip install ddgs` instead.
  with DDGS() as ddgs:
/home/alexander/Schreibtisch/ofa-v2/langgraph_eval/agent.py:215: RuntimeWarning: This package (`duckduckgo_search`) has been renamed to `ddgs`! Use `pip install ddgs` instead.
  with DDGS() as ddgs:
2026-08-16 13:58:14,390 [oasis.registry] INFO: Loaded discovered config: 5 backends
2026-08-16 13:58:14,391 [oasis.registry] INFO: Registered backend: 4C Multiphysics (fourc)
2026-08-16 13:58:14,392 [oasis.registry] INFO: Registered backend: FEniCSx (dolfinx) (fenics)
2026-08-16 13:58:14,392 [oasis.registry] INFO: Registered backend: deal.II (dealii)
2026-08-16 13:58:14,396 [oasis.registry] INFO: Registered backend: FEBio (febio)
2026-08-16 13:58:14,398 [oasis.registry] INFO: Registered backend: NGSolve (ngsolve)
2026-08-16 13:58:14,398 [oasis.ngsolve] INFO: NGSolve backend registered
2026-08-16 13:58:14,401 [oasis.registry] INFO: Registered backend: scikit-fem (skfem)
2026-08-16 13:58:14,401 [oasis.skfem] INFO: scikit-fem backend registered
2026-08-16 13:58:14,405 [oasis.registry] INFO: Registered backend: Kratos Multiphysics (kratos)
2026-08-16 13:58:14,405 [oasis.kratos] INFO: Kratos Multiphysics backend registered
2026-08-16 13:58:14,405 [oasis.registry] INFO: Loaded discovered config: 5 backends
2026-08-16 13:58:14,406 [oasis.registry] INFO: Registered backend: 4C Multiphysics (fourc)
2026-08-16 13:58:14,407 [oasis.registry] INFO: Registered backend: FEniCSx (dolfinx) (fenics)
2026-08-16 13:58:14,407 [oasis.registry] INFO: Registered backend: DUNE-fem (dune)
2026-08-16 13:58:14,407 [oasis.dune] INFO: DUNE-fem backend registered
2026-08-16 13:58:14,407 [oasis.registry] INFO: Registered backend: deal.II (dealii)
2026-08-16 13:58:14,411 [oasis.registry] INFO: Registered backend: FEBio (febio)
2026-08-16 13:58:14,412 [oasis.registry] INFO: Registered backend: SPARTA (DSMC) (sparta)
2026-08-16 13:58:14,412 [oasis.sparta] INFO: SPARTA (DSMC) backend registered
2026-08-16 13:58:14,412 [oasis] INFO: Starting OASiS MCP server
2026-08-16 13:58:14,413 [oasis.registry] INFO: Registered backend: NGSolve (ngsolve)
2026-08-16 13:58:14,413 [oasis.ngsolve] INFO: NGSolve backend registered
2026-08-16 13:58:14,416 [oasis.registry] INFO: Registered backend: scikit-fem (skfem)
2026-08-16 13:58:14,416 [oasis.skfem] INFO: scikit-fem backend registered
2026-08-16 13:58:14,420 [oasis.registry] INFO: Registered backend: Kratos Multiphysics (kratos)
2026-08-16 13:58:14,420 [oasis.kratos] INFO: Kratos Multiphysics backend registered
2026-08-16 13:58:14,421 [mcp.server.lowlevel.server] INFO: Processing request of type CallToolRequest
2026-08-16 13:58:14,422 [oasis.registry] INFO: Registered backend: DUNE-fem (dune)
2026-08-16 13:58:14,422 [oasis.dune] INFO: DUNE-fem backend registered
2026-08-16 13:58:14,427 [oasis.registry] INFO: Registered backend: SPARTA (DSMC) (sparta)
2026-08-16 13:58:14,427 [oasis.sparta] INFO: SPARTA (DSMC) backend registered
2026-08-16 13:58:14,427 [oasis] INFO: Starting OASiS MCP server
2026-08-16 13:58:14,429 [mcp.server.lowlevel.server] INFO: Processing request of type ListToolsRequest
2026-08-16 13:58:14,435 [oasis] INFO: Session journal saved: /home/alexander/Schreibtisch/ofa-v2/data/sessions/session_6479d52e-b158-4b59-aadf-1fd2b2499fe1.json (1 events)
2026-08-16 13:58:14,436 [mcp.server.lowlevel.server] INFO: Processing request of type CallToolRequest
2026-08-16 13:58:14,448 [mcp.server.lowlevel.server] INFO: Processing request of type ListToolsRequest
2026-08-16 13:58:14,454 [oasis] INFO: Session journal saved: /home/alexander/Schreibtisch/ofa-v2/data/sessions/session_3135e152-fcf7-4d49-b719-7fe7555ae22b.json (1 events)
/home/alexander/Schreibtisch/ofa-v2/langgraph_eval/agent.py:215: RuntimeWarning: This package (`duckduckgo_search`) has been renamed to `ddgs`! Use `pip install ddgs` instead.
  with DDGS() as ddgs:
/home/alexander/Schreibtisch/ofa-v2/langgraph_eval/agent.py:290: LangGraphDeprecatedSinceV10: create_react_agent has been moved to `langchain.agents`. Please update your import to `from langchain.agents import create_agent`. Deprecated in LangGraph V1.0 to be removed in V2.0.
  sub_agent = create_react_agent(
/home/alexander/Schreibtisch/ofa-v2/langgraph_eval/agent.py:215: RuntimeWarning: This package (`duckduckgo_search`) has been renamed to `ddgs`! Use `pip install ddgs` instead.
  with DDGS() as ddgs:
/home/alexander/Schreibtisch/ofa-v2/langgraph_eval/agent.py:215: RuntimeWarning: This package (`duckduckgo_search`) has been renamed to `ddgs`! Use `pip install ddgs` instead.
  with DDGS() as ddgs:
2026-08-16 13:59:05,096 [oasis.registry] INFO: Loaded discovered config: 5 backends
2026-08-16 13:59:05,097 [oasis.registry] INFO: Registered backend: 4C Multiphysics (fourc)
2026-08-16 13:59:05,098 [oasis.registry] INFO: Registered backend: FEniCSx (dolfinx) (fenics)
2026-08-16 13:59:05,098 [oasis.registry] INFO: Registered backend: deal.II (dealii)
2026-08-16 13:59:05,102 [oasis.registry] INFO: Registered backend: FEBio (febio)
2026-08-16 13:59:05,104 [oasis.registry] INFO: Registered backend: NGSolve (ngsolve)
2026-08-16 13:59:05,104 [oasis.ngsolve] INFO: NGSolve backend registered
2026-08-16 13:59:05,107 [oasis.registry] INFO: Registered backend: scikit-fem (skfem)
2026-08-16 13:59:05,107 [oasis.skfem] INFO: scikit-fem backend registered
2026-08-16 13:59:05,111 [oasis.registry] INFO: Registered backend: Kratos Multiphysics (kratos)
2026-08-16 13:59:05,111 [oasis.kratos] INFO: Kratos Multiphysics backend registered
2026-08-16 13:59:05,113 [oasis.registry] INFO: Registered backend: DUNE-fem (dune)
2026-08-16 13:59:05,113 [oasis.dune] INFO: DUNE-fem backend registered
2026-08-16 13:59:05,118 [oasis.registry] INFO: Registered backend: SPARTA (DSMC) (sparta)
2026-08-16 13:59:05,118 [oasis.sparta] INFO: SPARTA (DSMC) backend registered
2026-08-16 13:59:05,118 [oasis] INFO: Starting OASiS MCP server
2026-08-16 13:59:05,118 [oasis.registry] INFO: Loaded discovered config: 5 backends
2026-08-16 13:59:05,119 [oasis.registry] INFO: Registered backend: 4C Multiphysics (fourc)
2026-08-16 13:59:05,120 [oasis.registry] INFO: Registered backend: FEniCSx (dolfinx) (fenics)
2026-08-16 13:59:05,120 [oasis.registry] INFO: Registered backend: deal.II (dealii)
2026-08-16 13:59:05,124 [oasis.registry] INFO: Registered backend: FEBio (febio)
2026-08-16 13:59:05,125 [mcp.server.lowlevel.server] INFO: Processing request of type CallToolRequest
2026-08-16 13:59:05,126 [oasis.registry] INFO: Registered backend: NGSolve (ngsolve)
2026-08-16 13:59:05,127 [oasis.ngsolve] INFO: NGSolve backend registered
2026-08-16 13:59:05,129 [oasis.registry] INFO: Registered backend: scikit-fem (skfem)
2026-08-16 13:59:05,129 [oasis.skfem] INFO: scikit-fem backend registered
2026-08-16 13:59:05,130 [mcp.server.lowlevel.server] INFO: Processing request of type ListToolsRequest
2026-08-16 13:59:05,133 [oasis.registry] INFO: Registered backend: Kratos Multiphysics (kratos)
2026-08-16 13:59:05,133 [oasis.kratos] INFO: Kratos Multiphysics backend registered
2026-08-16 13:59:05,135 [oasis.registry] INFO: Registered backend: DUNE-fem (dune)
2026-08-16 13:59:05,135 [oasis.dune] INFO: DUNE-fem backend registered
2026-08-16 13:59:05,140 [oasis.registry] INFO: Registered backend: SPARTA (DSMC) (sparta)
2026-08-16 13:59:05,140 [oasis.sparta] INFO: SPARTA (DSMC) backend registered
2026-08-16 13:59:05,141 [oasis] INFO: Starting OASiS MCP server
2026-08-16 13:59:05,148 [mcp.server.lowlevel.server] INFO: Processing request of type CallToolRequest
2026-08-16 13:59:05,155 [mcp.server.lowlevel.server] INFO: Processing request of type ListToolsRequest
2026-08-16 13:59:05,161 [oasis] INFO: Session journal saved: /home/alexander/Schreibtisch/ofa-v2/data/sessions/session_e7b0aece-8d69-4bdd-9c93-dc0e6a47afc5.json (1 events)
/home/alexander/Schreibtisch/ofa-v2/langgraph_eval/agent.py:215: RuntimeWarning: This package (`duckduckgo_search`) has been renamed to `ddgs`! Use `pip install ddgs` instead.
  with DDGS() as ddgs:
/home/alexander/Schreibtisch/ofa-v2/langgraph_eval/agent.py:215: RuntimeWarning: This package (`duckduckgo_search`) has been renamed to `ddgs`! Use `pip install ddgs` instead.
  with DDGS() as ddgs:
/home/alexander/Schreibtisch/ofa-v2/langgraph_eval/agent.py:215: RuntimeWarning: This package (`duckduckgo_search`) has been renamed to `ddgs`! Use `pip install ddgs` instead.
  with DDGS() as ddgs:
/home/alexander/Schreibtisch/ofa-v2/langgraph_eval/agent.py:215: RuntimeWarning: This package (`duckduckgo_search`) has been renamed to `ddgs`! Use `pip install ddgs` instead.
  with DDGS() as ddgs:
/home/alexander/Schreibtisch/ofa-v2/langgraph_eval/agent.py:215: RuntimeWarning: This package (`duckduckgo_search`) has been renamed to `ddgs`! Use `pip install ddgs` instead.
  with DDGS() as ddgs:
/home/alexander/Schreibtisch/ofa-v2/langgraph_eval/agent.py:215: RuntimeWarning: This package (`duckduckgo_search`) has been renamed to `ddgs`! Use `pip install ddgs` instead.
  with DDGS() as ddgs:
2026-08-16 13:59:09,284 [oasis.registry] INFO: Loaded discovered config: 5 backends
2026-08-16 13:59:09,285 [oasis.registry] INFO: Registered backend: 4C Multiphysics (fourc)
2026-08-16 13:59:09,286 [oasis.registry] INFO: Registered backend: FEniCSx (dolfinx) (fenics)
2026-08-16 13:59:09,287 [oasis.registry] INFO: Registered backend: deal.II (dealii)
2026-08-16 13:59:09,290 [oasis.registry] INFO: Registered backend: FEBio (febio)
2026-08-16 13:59:09,293 [oasis.registry] INFO: Registered backend: NGSolve (ngsolve)
2026-08-16 13:59:09,293 [oasis.ngsolve] INFO: NGSolve backend registered
2026-08-16 13:59:09,295 [oasis.registry] INFO: Registered backend: scikit-fem (skfem)
2026-08-16 13:59:09,295 [oasis.skfem] INFO: scikit-fem backend registered
2026-08-16 13:59:09,299 [oasis.registry] INFO: Registered backend: Kratos Multiphysics (kratos)
2026-08-16 13:59:09,299 [oasis.kratos] INFO: Kratos Multiphysics backend registered
2026-08-16 13:59:09,302 [oasis.registry] INFO: Registered backend: DUNE-fem (dune)
2026-08-16 13:59:09,302 [oasis.dune] INFO: DUNE-fem backend registered
2026-08-16 13:59:09,307 [oasis.registry] INFO: Registered backend: SPARTA (DSMC) (sparta)
2026-08-16 13:59:09,307 [oasis.sparta] INFO: SPARTA (DSMC) backend registered
2026-08-16 13:59:09,307 [oasis] INFO: Starting OASiS MCP server
2026-08-16 13:59:09,315 [mcp.server.lowlevel.server] INFO: Processing request of type CallToolRequest
2026-08-16 13:59:09,320 [mcp.server.lowlevel.server] INFO: Processing request of type ListToolsRequest
/home/alexander/Schreibtisch/ofa-v2/langgraph_eval/agent.py:215: RuntimeWarning: This package (`duckduckgo_search`) has been renamed to `ddgs`! Use `pip install ddgs` instead.
  with DDGS() as ddgs:
/home/alexander/Schreibtisch/ofa-v2/langgraph_eval/agent.py:215: RuntimeWarning: This package (`duckduckgo_search`) has been renamed to `ddgs`! Use `pip install ddgs` instead.
  with DDGS() as ddgs:
/home/alexander/Schreibtisch/ofa-v2/langgraph_eval/agent.py:215: RuntimeWarning: This package (`duckduckgo_search`) has been renamed to `ddgs`! Use `pip install ddgs` instead.
  with DDGS() as ddgs:
/home/alexander/Schreibtisch/ofa-v2/langgraph_eval/agent.py:215: RuntimeWarning: This package (`duckduckgo_search`) has been renamed to `ddgs`! Use `pip install ddgs` instead.
  with DDGS() as ddgs:
/home/alexander/Schreibtisch/ofa-v2/langgraph_eval/agent.py:215: RuntimeWarning: This package (`duckduckgo_search`) has been renamed to `ddgs`! Use `pip install ddgs` instead.
  with DDGS() as ddgs:
2026-08-16 13:59:13,543 [oasis.registry] INFO: Loaded discovered config: 5 backends
2026-08-16 13:59:13,544 [oasis.registry] INFO: Registered backend: 4C Multiphysics (fourc)
2026-08-16 13:59:13,545 [oasis.registry] INFO: Registered backend: FEniCSx (dolfinx) (fenics)
2026-08-16 13:59:13,545 [oasis.registry] INFO: Registered backend: deal.II (dealii)
2026-08-16 13:59:13,549 [oasis.registry] INFO: Registered backend: FEBio (febio)
2026-08-16 13:59:13,551 [oasis.registry] INFO: Registered backend: NGSolve (ngsolve)
2026-08-16 13:59:13,551 [oasis.ngsolve] INFO: NGSolve backend registered
2026-08-16 13:59:13,554 [oasis.registry] INFO: Registered backend: scikit-fem (skfem)
2026-08-16 13:59:13,554 [oasis.skfem] INFO: scikit-fem backend registered
2026-08-16 13:59:13,558 [oasis.registry] INFO: Registered backend: Kratos Multiphysics (kratos)
2026-08-16 13:59:13,558 [oasis.kratos] INFO: Kratos Multiphysics backend registered
2026-08-16 13:59:13,560 [oasis.registry] INFO: Registered backend: DUNE-fem (dune)
2026-08-16 13:59:13,560 [oasis.dune] INFO: DUNE-fem backend registered
2026-08-16 13:59:13,565 [oasis.registry] INFO: Registered backend: SPARTA (DSMC) (sparta)
2026-08-16 13:59:13,565 [oasis.sparta] INFO: SPARTA (DSMC) backend registered
2026-08-16 13:59:13,565 [oasis] INFO: Starting OASiS MCP server
2026-08-16 13:59:13,573 [mcp.server.lowlevel.server] INFO: Processing request of type CallToolRequest
2026-08-16 13:59:13,576 [mcp.server.lowlevel.server] INFO: Processing request of type ListToolsRequest
/home/alexander/Schreibtisch/ofa-v2/langgraph_eval/agent.py:215: RuntimeWarning: This package (`duckduckgo_search`) has been renamed to `ddgs`! Use `pip install ddgs` instead.
  with DDGS() as ddgs:
/home/alexander/Schreibtisch/ofa-v2/langgraph_eval/agent.py:215: RuntimeWarning: This package (`duckduckgo_search`) has been renamed to `ddgs`! Use `pip install ddgs` instead.
  with DDGS() as ddgs:
/home/alexander/Schreibtisch/ofa-v2/langgraph_eval/agent.py:215: RuntimeWarning: This package (`duckduckgo_search`) has been renamed to `ddgs`! Use `pip install ddgs` instead.
  with DDGS() as ddgs:
/home/alexander/Schreibtisch/ofa-v2/langgraph_eval/agent.py:215: RuntimeWarning: This package (`duckduckgo_search`) has been renamed to `ddgs`! Use `pip install ddgs` instead.
  with DDGS() as ddgs:
/home/alexander/Schreibtisch/ofa-v2/langgraph_eval/agent.py:215: RuntimeWarning: This package (`duckduckgo_search`) has been renamed to `ddgs`! Use `pip install ddgs` instead.
  with DDGS() as ddgs:
/home/alexander/Schreibtisch/ofa-v2/langgraph_eval/agent.py:215: RuntimeWarning: This package (`duckduckgo_search`) has been renamed to `ddgs`! Use `pip install ddgs` instead.
  with DDGS() as ddgs:
/home/alexander/Schreibtisch/ofa-v2/langgraph_eval/agent.py:215: RuntimeWarning: This package (`duckduckgo_search`) has been renamed to `ddgs`! Use `pip install ddgs` instead.
  with DDGS() as ddgs:
/home/alexander/Schreibtisch/ofa-v2/langgraph_eval/agent.py:215: RuntimeWarning: This package (`duckduckgo_search`) has been renamed to `ddgs`! Use `pip install ddgs` instead.
  with DDGS() as ddgs:
2026-08-16 13:59:25,174 [oasis.registry] INFO: Loaded discovered config: 5 backends
2026-08-16 13:59:25,175 [oasis.registry] INFO: Registered backend: 4C Multiphysics (fourc)
2026-08-16 13:59:25,175 [oasis.registry] INFO: Registered backend: FEniCSx (dolfinx) (fenics)
2026-08-16 13:59:25,176 [oasis.registry] INFO: Registered backend: deal.II (dealii)
2026-08-16 13:59:25,180 [oasis.registry] INFO: Registered backend: FEBio (febio)
2026-08-16 13:59:25,183 [oasis.registry] INFO: Registered backend: NGSolve (ngsolve)
2026-08-16 13:59:25,183 [oasis.ngsolve] INFO: NGSolve backend registered
2026-08-16 13:59:25,186 [oasis.registry] INFO: Registered backend: scikit-fem (skfem)
2026-08-16 13:59:25,186 [oasis.skfem] INFO: scikit-fem backend registered
2026-08-16 13:59:25,189 [oasis.registry] INFO: Registered backend: Kratos Multiphysics (kratos)
2026-08-16 13:59:25,189 [oasis.kratos] INFO: Kratos Multiphysics backend registered
2026-08-16 13:59:25,192 [oasis.registry] INFO: Registered backend: DUNE-fem (dune)
2026-08-16 13:59:25,192 [oasis.dune] INFO: DUNE-fem backend registered
2026-08-16 13:59:25,197 [oasis.registry] INFO: Registered backend: SPARTA (DSMC) (sparta)
2026-08-16 13:59:25,197 [oasis.sparta] INFO: SPARTA (DSMC) backend registered
2026-08-16 13:59:25,197 [oasis] INFO: Starting OASiS MCP server
2026-08-16 13:59:25,204 [mcp.server.lowlevel.server] INFO: Processing request of type CallToolRequest
2026-08-16 13:59:25,208 [mcp.server.lowlevel.server] INFO: Processing request of type ListToolsRequest
2026-08-16 13:59:25,213 [oasis] INFO: Session journal saved: /home/alexander/Schreibtisch/ofa-v2/data/sessions/session_79db2602-5430-477d-bf0e-99efe11cd987.json (1 events)
/home/alexander/Schreibtisch/ofa-v2/langgraph_eval/agent.py:215: RuntimeWarning: This package (`duckduckgo_search`) has been renamed to `ddgs`! Use `pip install ddgs` instead.
  with DDGS() as ddgs:
/home/alexander/Schreibtisch/ofa-v2/langgraph_eval/agent.py:215: RuntimeWarning: This package (`duckduckgo_search`) has been renamed to `ddgs`! Use `pip install ddgs` instead.
  with DDGS() as ddgs:
/home/alexander/Schreibtisch/ofa-v2/langgraph_eval/agent.py:215: RuntimeWarning: This package (`duckduckgo_search`) has been renamed to `ddgs`! Use `pip install ddgs` instead.
  with DDGS() as ddgs:
/home/alexander/Schreibtisch/ofa-v2/langgraph_eval/agent.py:215: RuntimeWarning: This package (`duckduckgo_search`) has been renamed to `ddgs`! Use `pip install ddgs` instead.
  with DDGS() as ddgs:
2026-08-16 13:59:36,923 [oasis.registry] INFO: Loaded discovered config: 5 backends
2026-08-16 13:59:36,924 [oasis.registry] INFO: Registered backend: 4C Multiphysics (fourc)
2026-08-16 13:59:36,925 [oasis.registry] INFO: Registered backend: FEniCSx (dolfinx) (fenics)
2026-08-16 13:59:36,925 [oasis.registry] INFO: Registered backend: deal.II (dealii)
2026-08-16 13:59:36,929 [oasis.registry] INFO: Registered backend: FEBio (febio)
2026-08-16 13:59:36,931 [oasis.registry] INFO: Registered backend: NGSolve (ngsolve)
2026-08-16 13:59:36,931 [oasis.ngsolve] INFO: NGSolve backend registered
2026-08-16 13:59:36,934 [oasis.registry] INFO: Registered backend: scikit-fem (skfem)
2026-08-16 13:59:36,934 [oasis.skfem] INFO: scikit-fem backend registered
2026-08-16 13:59:36,938 [oasis.registry] INFO: Registered backend: Kratos Multiphysics (kratos)
2026-08-16 13:59:36,938 [oasis.kratos] INFO: Kratos Multiphysics backend registered
2026-08-16 13:59:36,940 [oasis.registry] INFO: Registered backend: DUNE-fem (dune)
2026-08-16 13:59:36,940 [oasis.dune] INFO: DUNE-fem backend registered
2026-08-16 13:59:36,945 [oasis.registry] INFO: Registered backend: SPARTA (DSMC) (sparta)
2026-08-16 13:59:36,945 [oasis.sparta] INFO: SPARTA (DSMC) backend registered
2026-08-16 13:59:36,945 [oasis] INFO: Starting OASiS MCP server
2026-08-16 13:59:36,953 [mcp.server.lowlevel.server] INFO: Processing request of type CallToolRequest
2026-08-16 13:59:36,961 [mcp.server.lowlevel.server] INFO: Processing request of type ListToolsRequest
2026-08-16 13:59:36,967 [oasis] INFO: Session journal saved: /home/alexander/Schreibtisch/ofa-v2/data/sessions/session_c1698c9b-e13c-4076-8f0b-500aa575b1d2.json (1 events)
2026-08-16 14:01:00,125 [oasis.registry] INFO: Loaded discovered config: 5 backends
2026-08-16 14:01:00,126 [oasis.registry] INFO: Registered backend: 4C Multiphysics (fourc)
2026-08-16 14:01:00,127 [oasis.registry] INFO: Registered backend: FEniCSx (dolfinx) (fenics)
2026-08-16 14:01:00,127 [oasis.registry] INFO: Registered backend: deal.II (dealii)
2026-08-16 14:01:00,131 [oasis.registry] INFO: Registered backend: FEBio (febio)
2026-08-16 14:01:00,133 [oasis.registry] INFO: Registered backend: NGSolve (ngsolve)
2026-08-16 14:01:00,133 [oasis.ngsolve] INFO: NGSolve backend registered
2026-08-16 14:01:00,136 [oasis.registry] INFO: Registered backend: scikit-fem (skfem)
2026-08-16 14:01:00,136 [oasis.skfem] INFO: scikit-fem backend registered
2026-08-16 14:01:00,140 [oasis.registry] INFO: Registered backend: Kratos Multiphysics (kratos)
2026-08-16 14:01:00,140 [oasis.kratos] INFO: Kratos Multiphysics backend registered
2026-08-16 14:01:00,142 [oasis.registry] INFO: Registered backend: DUNE-fem (dune)
2026-08-16 14:01:00,142 [oasis.dune] INFO: DUNE-fem backend registered
2026-08-16 14:01:00,147 [oasis.registry] INFO: Registered backend: SPARTA (DSMC) (sparta)
2026-08-16 14:01:00,147 [oasis.sparta] INFO: SPARTA (DSMC) backend registered
2026-08-16 14:01:00,147 [oasis] INFO: Starting OASiS MCP server
2026-08-16 14:01:00,155 [mcp.server.lowlevel.server] INFO: Processing request of type CallToolRequest
2026-08-16 14:01:00,159 [mcp.server.lowlevel.server] INFO: Processing request of type ListToolsRequest
2026-08-16 14:01:03,028 [oasis.registry] INFO: Loaded discovered config: 5 backends
2026-08-16 14:01:03,029 [oasis.registry] INFO: Registered backend: 4C Multiphysics (fourc)
2026-08-16 14:01:03,030 [oasis.registry] INFO: Registered backend: FEniCSx (dolfinx) (fenics)
2026-08-16 14:01:03,030 [oasis.registry] INFO: Registered backend: deal.II (dealii)
2026-08-16 14:01:03,034 [oasis.registry] INFO: Registered backend: FEBio (febio)
2026-08-16 14:01:03,037 [oasis.registry] INFO: Registered backend: NGSolve (ngsolve)
2026-08-16 14:01:03,037 [oasis.ngsolve] INFO: NGSolve backend registered
2026-08-16 14:01:03,039 [oasis.registry] INFO: Registered backend: scikit-fem (skfem)
2026-08-16 14:01:03,039 [oasis.skfem] INFO: scikit-fem backend registered
2026-08-16 14:01:03,043 [oasis.registry] INFO: Registered backend: Kratos Multiphysics (kratos)
2026-08-16 14:01:03,043 [oasis.kratos] INFO: Kratos Multiphysics backend registered
2026-08-16 14:01:03,045 [oasis.registry] INFO: Registered backend: DUNE-fem (dune)
2026-08-16 14:01:03,045 [oasis.dune] INFO: DUNE-fem backend registered
2026-08-16 14:01:03,050 [oasis.registry] INFO: Registered backend: SPARTA (DSMC) (sparta)
2026-08-16 14:01:03,050 [oasis.sparta] INFO: SPARTA (DSMC) backend registered
2026-08-16 14:01:03,050 [oasis] INFO: Starting OASiS MCP server
2026-08-16 14:01:03,058 [mcp.server.lowlevel.server] INFO: Processing request of type CallToolRequest
2026-08-16 14:01:03,062 [mcp.server.lowlevel.server] INFO: Processing request of type ListToolsRequest
2026-08-16 14:04:09,632 [oasis.registry] INFO: Loaded discovered config: 5 backends
2026-08-16 14:04:09,633 [oasis.registry] INFO: Registered backend: 4C Multiphysics (fourc)
2026-08-16 14:04:09,636 [oasis.registry] INFO: Registered backend: FEniCSx (dolfinx) (fenics)
2026-08-16 14:04:09,637 [oasis.registry] INFO: Registered backend: deal.II (dealii)
2026-08-16 14:04:09,641 [oasis.registry] INFO: Registered backend: FEBio (febio)
2026-08-16 14:04:09,643 [oasis.registry] INFO: Registered backend: NGSolve (ngsolve)
2026-08-16 14:04:09,643 [oasis.ngsolve] INFO: NGSolve backend registered
2026-08-16 14:04:09,646 [oasis.registry] INFO: Registered backend: scikit-fem (skfem)
2026-08-16 14:04:09,646 [oasis.skfem] INFO: scikit-fem backend registered
2026-08-16 14:04:09,649 [oasis.registry] INFO: Registered backend: Kratos Multiphysics (kratos)
2026-08-16 14:04:09,649 [oasis.kratos] INFO: Kratos Multiphysics backend registered
2026-08-16 14:04:09,652 [oasis.registry] INFO: Registered backend: DUNE-fem (dune)
2026-08-16 14:04:09,652 [oasis.dune] INFO: DUNE-fem backend registered
2026-08-16 14:04:09,657 [oasis.registry] INFO: Registered backend: SPARTA (DSMC) (sparta)
2026-08-16 14:04:09,657 [oasis.sparta] INFO: SPARTA (DSMC) backend registered
2026-08-16 14:04:09,657 [oasis] INFO: Starting OASiS MCP server
2026-08-16 14:04:09,665 [mcp.server.lowlevel.server] INFO: Processing request of type CallToolRequest
2026-08-16 14:04:09,677 [mcp.server.lowlevel.server] INFO: Processing request of type ListToolsRequest
2026-08-16 14:04:09,682 [oasis] INFO: Session journal saved: /home/alexander/Schreibtisch/ofa-v2/data/sessions/session_2755a14a-c446-424a-b4a7-2b18cf9afdff.json (1 events)
[preflight] custody controls verified for 1 problem(s); keys sealed and unreadable by execution
[phase: development] results are for post-mortems and convergence checking, NOT for the paper's evaluation table.
[DL2 27b BARE s1] done  calls=137 tok=10423130/88391 1832.5s
2026-08-16 14:04:39,045 [oasis.registry] INFO: Loaded discovered config: 5 backends
2026-08-16 14:04:39,046 [oasis.registry] INFO: Registered backend: 4C Multiphysics (fourc)
2026-08-16 14:04:39,047 [oasis.registry] INFO: Registered backend: FEniCSx (dolfinx) (fenics)
2026-08-16 14:04:39,047 [oasis.registry] INFO: Registered backend: deal.II (dealii)
2026-08-16 14:04:39,051 [oasis.registry] INFO: Registered backend: FEBio (febio)
2026-08-16 14:04:39,053 [oasis.registry] INFO: Registered backend: NGSolve (ngsolve)
2026-08-16 14:04:39,053 [oasis.ngsolve] INFO: NGSolve backend registered
2026-08-16 14:04:39,056 [oasis.registry] INFO: Registered backend: scikit-fem (skfem)
2026-08-16 14:04:39,056 [oasis.skfem] INFO: scikit-fem backend registered
2026-08-16 14:04:39,060 [oasis.registry] INFO: Registered backend: Kratos Multiphysics (kratos)
2026-08-16 14:04:39,060 [oasis.kratos] INFO: Kratos Multiphysics backend registered
2026-08-16 14:04:39,062 [oasis.registry] INFO: Registered backend: DUNE-fem (dune)
2026-08-16 14:04:39,062 [oasis.dune] INFO: DUNE-fem backend registered
2026-08-16 14:04:39,067 [oasis.registry] INFO: Registered backend: SPARTA (DSMC) (sparta)
2026-08-16 14:04:39,067 [oasis.sparta] INFO: SPARTA (DSMC) backend registered
2026-08-16 14:04:39,067 [oasis] INFO: Starting OASiS MCP server
2026-08-16 14:04:39,075 [mcp.server.lowlevel.server] INFO: Processing request of type ListToolsRequest
/home/alexander/Schreibtisch/ofa-v2/langgraph_eval/agent.py:215: RuntimeWarning: This package (`duckduckgo_search`) has been renamed to `ddgs`! Use `pip install ddgs` instead.
  with DDGS() as ddgs:
2026-08-16 14:05:02,749 [oasis.registry] INFO: Loaded discovered config: 5 backends
2026-08-16 14:05:02,750 [oasis.registry] INFO: Registered backend: 4C Multiphysics (fourc)
2026-08-16 14:05:02,751 [oasis.registry] INFO: Registered backend: FEniCSx (dolfinx) (fenics)
2026-08-16 14:05:02,751 [oasis.registry] INFO: Registered backend: deal.II (dealii)
2026-08-16 14:05:02,755 [oasis.registry] INFO: Registered backend: FEBio (febio)
2026-08-16 14:05:02,757 [oasis.registry] INFO: Registered backend: NGSolve (ngsolve)
2026-08-16 14:05:02,757 [oasis.ngsolve] INFO: NGSolve backend registered
2026-08-16 14:05:02,760 [oasis.registry] INFO: Registered backend: scikit-fem (skfem)
2026-08-16 14:05:02,760 [oasis.skfem] INFO: scikit-fem backend registered
2026-08-16 14:05:02,763 [oasis.registry] INFO: Registered backend: Kratos Multiphysics (kratos)
2026-08-16 14:05:02,764 [oasis.kratos] INFO: Kratos Multiphysics backend registered
2026-08-16 14:05:02,766 [oasis.registry] INFO: Registered backend: DUNE-fem (dune)
2026-08-16 14:05:02,766 [oasis.dune] INFO: DUNE-fem backend registered
2026-08-16 14:05:02,771 [oasis.registry] INFO: Registered backend: SPARTA (DSMC) (sparta)
2026-08-16 14:05:02,771 [oasis.sparta] INFO: SPARTA (DSMC) backend registered
2026-08-16 14:05:02,771 [oasis] INFO: Starting OASiS MCP server
2026-08-16 14:05:02,779 [mcp.server.lowlevel.server] INFO: Processing request of type CallToolRequest
2026-08-16 14:05:02,808 [mcp.server.lowlevel.server] INFO: Processing request of type ListToolsRequest
2026-08-16 14:05:02,813 [oasis] INFO: Session journal saved: /home/alexander/Schreibtisch/ofa-v2/data/sessions/session_d6ad96a4-f1a3-4b7e-998c-2802042943ef.json (1 events)
/home/alexander/Schreibtisch/ofa-v2/langgraph_eval/agent.py:215: RuntimeWarning: This package (`duckduckgo_search`) has been renamed to `ddgs`! Use `pip install ddgs` instead.
  with DDGS() as ddgs:
/home/alexander/Schreibtisch/ofa-v2/langgraph_eval/agent.py:215: RuntimeWarning: This package (`duckduckgo_search`) has been renamed to `ddgs`! Use `pip install ddgs` instead.
  with DDGS() as ddgs:
/home/alexander/Schreibtisch/ofa-v2/langgraph_eval/agent.py:215: RuntimeWarning: This package (`duckduckgo_search`) has been renamed to `ddgs`! Use `pip install ddgs` instead.
  with DDGS() as ddgs:
/home/alexander/Schreibtisch/ofa-v2/langgraph_eval/agent.py:215: RuntimeWarning: This package (`duckduckgo_search`) has been renamed to `ddgs`! Use `pip install ddgs` instead.
  with DDGS() as ddgs:
/home/alexander/Schreibtisch/ofa-v2/langgraph_eval/agent.py:215: RuntimeWarning: This package (`duckduckgo_search`) has been renamed to `ddgs`! Use `pip install ddgs` instead.
  with DDGS() as ddgs:
/home/alexander/Schreibtisch/ofa-v2/langgraph_eval/agent.py:215: RuntimeWarning: This package (`duckduckgo_search`) has been renamed to `ddgs`! Use `pip install ddgs` instead.
  with DDGS() as ddgs:
/home/alexander/Schreibtisch/ofa-v2/langgraph_eval/agent.py:215: RuntimeWarning: This package (`duckduckgo_search`) has been renamed to `ddgs`! Use `pip install ddgs` instead.
  with DDGS() as ddgs:
/home/alexander/Schreibtisch/ofa-v2/langgraph_eval/agent.py:215: RuntimeWarning: This package (`duckduckgo_search`) has been renamed to `ddgs`! Use `pip install ddgs` instead.
  with DDGS() as ddgs:
2026-08-16 14:05:30,324 [oasis.registry] INFO: Loaded discovered config: 5 backends
2026-08-16 14:05:30,325 [oasis.registry] INFO: Registered backend: 4C Multiphysics (fourc)
2026-08-16 14:05:30,325 [oasis.registry] INFO: Registered backend: FEniCSx (dolfinx) (fenics)
2026-08-16 14:05:30,326 [oasis.registry] INFO: Registered backend: deal.II (dealii)
2026-08-16 14:05:30,329 [oasis.registry] INFO: Registered backend: FEBio (febio)
2026-08-16 14:05:30,332 [oasis.registry] INFO: Registered backend: NGSolve (ngsolve)
2026-08-16 14:05:30,332 [oasis.ngsolve] INFO: NGSolve backend registered
2026-08-16 14:05:30,334 [oasis.registry] INFO: Registered backend: scikit-fem (skfem)
2026-08-16 14:05:30,334 [oasis.skfem] INFO: scikit-fem backend registered
2026-08-16 14:05:30,338 [oasis.registry] INFO: Registered backend: Kratos Multiphysics (kratos)
2026-08-16 14:05:30,338 [oasis.kratos] INFO: Kratos Multiphysics backend registered
2026-08-16 14:05:30,340 [oasis.registry] INFO: Registered backend: DUNE-fem (dune)
2026-08-16 14:05:30,340 [oasis.dune] INFO: DUNE-fem backend registered
2026-08-16 14:05:30,346 [oasis.registry] INFO: Registered backend: SPARTA (DSMC) (sparta)
2026-08-16 14:05:30,346 [oasis.sparta] INFO: SPARTA (DSMC) backend registered
2026-08-16 14:05:30,346 [oasis] INFO: Starting OASiS MCP server
2026-08-16 14:05:30,353 [mcp.server.lowlevel.server] INFO: Processing request of type CallToolRequest
2026-08-16 14:05:33,649 [mcp.server.lowlevel.server] INFO: Processing request of type ListToolsRequest
2026-08-16 14:05:33,656 [oasis] INFO: Session journal saved: /home/alexander/Schreibtisch/ofa-v2/data/sessions/session_a5c6ba06-148e-4521-aa2b-0da8b36291bd.json (1 events)
2026-08-16 14:05:40,535 [oasis.registry] INFO: Loaded discovered config: 5 backends
2026-08-16 14:05:40,536 [oasis.registry] INFO: Registered backend: 4C Multiphysics (fourc)
2026-08-16 14:05:40,537 [oasis.registry] INFO: Registered backend: FEniCSx (dolfinx) (fenics)
2026-08-16 14:05:40,537 [oasis.registry] INFO: Registered backend: deal.II (dealii)
2026-08-16 14:05:40,541 [oasis.registry] INFO: Registered backend: FEBio (febio)
2026-08-16 14:05:40,543 [oasis.registry] INFO: Registered backend: NGSolve (ngsolve)
2026-08-16 14:05:40,543 [oasis.ngsolve] INFO: NGSolve backend registered
2026-08-16 14:05:40,546 [oasis.registry] INFO: Registered backend: scikit-fem (skfem)
2026-08-16 14:05:40,546 [oasis.skfem] INFO: scikit-fem backend registered
2026-08-16 14:05:40,550 [oasis.registry] INFO: Registered backend: Kratos Multiphysics (kratos)
2026-08-16 14:05:40,550 [oasis.kratos] INFO: Kratos Multiphysics backend registered
2026-08-16 14:05:40,552 [oasis.registry] INFO: Registered backend: DUNE-fem (dune)
2026-08-16 14:05:40,552 [oasis.dune] INFO: DUNE-fem backend registered
2026-08-16 14:05:40,557 [oasis.registry] INFO: Registered backend: SPARTA (DSMC) (sparta)
2026-08-16 14:05:40,557 [oasis.sparta] INFO: SPARTA (DSMC) backend registered
2026-08-16 14:05:40,557 [oasis] INFO: Starting OASiS MCP server
2026-08-16 14:05:40,565 [mcp.server.lowlevel.server] INFO: Processing request of type CallToolRequest
2026-08-16 14:05:40,573 [mcp.server.lowlevel.server] INFO: Processing request of type ListToolsRequest
/home/alexander/Schreibtisch/ofa-v2/langgraph_eval/agent.py:290: LangGraphDeprecatedSinceV10: create_react_agent has been moved to `langchain.agents`. Please update your import to `from langchain.agents import create_agent`. Deprecated in LangGraph V1.0 to be removed in V2.0.
  sub_agent = create_react_agent(
/home/alexander/Schreibtisch/ofa-v2/langgraph_eval/agent.py:215: RuntimeWarning: This package (`duckduckgo_search`) has been renamed to `ddgs`! Use `pip install ddgs` instead.
  with DDGS() as ddgs:
/home/alexander/Schreibtisch/ofa-v2/langgraph_eval/agent.py:215: RuntimeWarning: This package (`duckduckgo_search`) has been renamed to `ddgs`! Use `pip install ddgs` instead.
  with DDGS() as ddgs:
2026-08-16 14:06:01,664 [oasis.registry] INFO: Loaded discovered config: 5 backends
2026-08-16 14:06:01,665 [oasis.registry] INFO: Registered backend: 4C Multiphysics (fourc)
2026-08-16 14:06:01,665 [oasis.registry] INFO: Registered backend: FEniCSx (dolfinx) (fenics)
2026-08-16 14:06:01,666 [oasis.registry] INFO: Registered backend: deal.II (dealii)
2026-08-16 14:06:01,667 [oasis.registry] INFO: Loaded discovered config: 5 backends
2026-08-16 14:06:01,668 [oasis.registry] INFO: Registered backend: 4C Multiphysics (fourc)
2026-08-16 14:06:01,669 [oasis.registry] INFO: Registered backend: FEniCSx (dolfinx) (fenics)
2026-08-16 14:06:01,669 [oasis.registry] INFO: Registered backend: deal.II (dealii)
2026-08-16 14:06:01,669 [oasis.registry] INFO: Registered backend: FEBio (febio)
2026-08-16 14:06:01,672 [oasis.registry] INFO: Registered backend: NGSolve (ngsolve)
2026-08-16 14:06:01,672 [oasis.ngsolve] INFO: NGSolve backend registered
2026-08-16 14:06:01,673 [oasis.registry] INFO: Registered backend: FEBio (febio)
2026-08-16 14:06:01,674 [oasis.registry] INFO: Registered backend: scikit-fem (skfem)
2026-08-16 14:06:01,675 [oasis.skfem] INFO: scikit-fem backend registered
2026-08-16 14:06:01,676 [oasis.registry] INFO: Registered backend: NGSolve (ngsolve)
2026-08-16 14:06:01,676 [oasis.ngsolve] INFO: NGSolve backend registered
2026-08-16 14:06:01,678 [oasis.registry] INFO: Registered backend: Kratos Multiphysics (kratos)
2026-08-16 14:06:01,678 [oasis.kratos] INFO: Kratos Multiphysics backend registered
2026-08-16 14:06:01,678 [oasis.registry] INFO: Registered backend: scikit-fem (skfem)
2026-08-16 14:06:01,678 [oasis.skfem] INFO: scikit-fem backend registered
2026-08-16 14:06:01,681 [oasis.registry] INFO: Registered backend: DUNE-fem (dune)
2026-08-16 14:06:01,681 [oasis.dune] INFO: DUNE-fem backend registered
2026-08-16 14:06:01,682 [oasis.registry] INFO: Registered backend: Kratos Multiphysics (kratos)
2026-08-16 14:06:01,682 [oasis.kratos] INFO: Kratos Multiphysics backend registered
2026-08-16 14:06:01,684 [oasis.registry] INFO: Registered backend: DUNE-fem (dune)
2026-08-16 14:06:01,684 [oasis.dune] INFO: DUNE-fem backend registered
2026-08-16 14:06:01,685 [oasis.registry] INFO: Registered backend: SPARTA (DSMC) (sparta)
2026-08-16 14:06:01,686 [oasis.sparta] INFO: SPARTA (DSMC) backend registered
2026-08-16 14:06:01,686 [oasis] INFO: Starting OASiS MCP server
2026-08-16 14:06:01,689 [oasis.registry] INFO: Registered backend: SPARTA (DSMC) (sparta)
2026-08-16 14:06:01,690 [oasis.sparta] INFO: SPARTA (DSMC) backend registered
2026-08-16 14:06:01,690 [oasis] INFO: Starting OASiS MCP server
2026-08-16 14:06:01,693 [mcp.server.lowlevel.server] INFO: Processing request of type CallToolRequest
2026-08-16 14:06:01,697 [mcp.server.lowlevel.server] INFO: Processing request of type CallToolRequest
2026-08-16 14:06:01,701 [mcp.server.lowlevel.server] INFO: Processing request of type ListToolsRequest
2026-08-16 14:06:01,730 [mcp.server.lowlevel.server] INFO: Processing request of type ListToolsRequest
2026-08-16 14:06:01,736 [oasis] INFO: Session journal saved: /home/alexander/Schreibtisch/ofa-v2/data/sessions/session_a5b9350b-8b2d-40da-85f3-1e8e5d5594ed.json (1 events)
/home/alexander/Schreibtisch/ofa-v2/langgraph_eval/agent.py:215: RuntimeWarning: This package (`duckduckgo_search`) has been renamed to `ddgs`! Use `pip install ddgs` instead.
  with DDGS() as ddgs:
2026-08-16 14:06:07,229 [oasis.registry] INFO: Loaded discovered config: 5 backends
2026-08-16 14:06:07,230 [oasis.registry] INFO: Registered backend: 4C Multiphysics (fourc)
2026-08-16 14:06:07,231 [oasis.registry] INFO: Registered backend: FEniCSx (dolfinx) (fenics)
2026-08-16 14:06:07,231 [oasis.registry] INFO: Registered backend: deal.II (dealii)
2026-08-16 14:06:07,235 [oasis.registry] INFO: Registered backend: FEBio (febio)
2026-08-16 14:06:07,237 [oasis.registry] INFO: Registered backend: NGSolve (ngsolve)
2026-08-16 14:06:07,237 [oasis.ngsolve] INFO: NGSolve backend registered
2026-08-16 14:06:07,240 [oasis.registry] INFO: Registered backend: scikit-fem (skfem)
2026-08-16 14:06:07,240 [oasis.skfem] INFO: scikit-fem backend registered
2026-08-16 14:06:07,244 [oasis.registry] INFO: Registered backend: Kratos Multiphysics (kratos)
2026-08-16 14:06:07,244 [oasis.kratos] INFO: Kratos Multiphysics backend registered
2026-08-16 14:06:07,246 [oasis.registry] INFO: Registered backend: DUNE-fem (dune)
2026-08-16 14:06:07,246 [oasis.dune] INFO: DUNE-fem backend registered
2026-08-16 14:06:07,251 [oasis.registry] INFO: Registered backend: SPARTA (DSMC) (sparta)
2026-08-16 14:06:07,251 [oasis.sparta] INFO: SPARTA (DSMC) backend registered
2026-08-16 14:06:07,251 [oasis] INFO: Starting OASiS MCP server
/home/alexander/Schreibtisch/ofa-v2/langgraph_eval/agent.py:215: RuntimeWarning: This package (`duckduckgo_search`) has been renamed to `ddgs`! Use `pip install ddgs` instead.
  with DDGS() as ddgs:
2026-08-16 14:06:07,259 [mcp.server.lowlevel.server] INFO: Processing request of type CallToolRequest
2026-08-16 14:06:07,263 [mcp.server.lowlevel.server] INFO: Processing request of type ListToolsRequest
2026-08-16 14:06:07,268 [oasis] INFO: Session journal saved: /home/alexander/Schreibtisch/ofa-v2/data/sessions/session_c143ca5f-a70e-4e46-9960-cb7c8750ee1f.json (1 events)
/home/alexander/Schreibtisch/ofa-v2/langgraph_eval/agent.py:215: RuntimeWarning: This package (`duckduckgo_search`) has been renamed to `ddgs`! Use `pip install ddgs` instead.
  with DDGS() as ddgs:
2026-08-16 14:06:11,887 [oasis.registry] INFO: Loaded discovered config: 5 backends
2026-08-16 14:06:11,888 [oasis.registry] INFO: Registered backend: 4C Multiphysics (fourc)
2026-08-16 14:06:11,888 [oasis.registry] INFO: Registered backend: FEniCSx (dolfinx) (fenics)
2026-08-16 14:06:11,889 [oasis.registry] INFO: Registered backend: deal.II (dealii)
2026-08-16 14:06:11,892 [oasis.registry] INFO: Registered backend: FEBio (febio)
2026-08-16 14:06:11,895 [oasis.registry] INFO: Registered backend: NGSolve (ngsolve)
2026-08-16 14:06:11,895 [oasis.ngsolve] INFO: NGSolve backend registered
2026-08-16 14:06:11,897 [oasis.registry] INFO: Registered backend: scikit-fem (skfem)
2026-08-16 14:06:11,897 [oasis.skfem] INFO: scikit-fem backend registered
2026-08-16 14:06:11,901 [oasis.registry] INFO: Registered backend: Kratos Multiphysics (kratos)
2026-08-16 14:06:11,901 [oasis.kratos] INFO: Kratos Multiphysics backend registered
2026-08-16 14:06:11,903 [oasis.registry] INFO: Registered backend: DUNE-fem (dune)
2026-08-16 14:06:11,903 [oasis.dune] INFO: DUNE-fem backend registered
2026-08-16 14:06:11,908 [oasis.registry] INFO: Registered backend: SPARTA (DSMC) (sparta)
2026-08-16 14:06:11,908 [oasis.sparta] INFO: SPARTA (DSMC) backend registered
2026-08-16 14:06:11,908 [oasis] INFO: Starting OASiS MCP server
2026-08-16 14:06:11,917 [mcp.server.lowlevel.server] INFO: Processing request of type CallToolRequest
2026-08-16 14:06:11,922 [mcp.server.lowlevel.server] INFO: Processing request of type ListToolsRequest
/home/alexander/Schreibtisch/ofa-v2/langgraph_eval/agent.py:215: RuntimeWarning: This package (`duckduckgo_search`) has been renamed to `ddgs`! Use `pip install ddgs` instead.
  with DDGS() as ddgs:
2026-08-16 14:07:13,643 [oasis.registry] INFO: Loaded discovered config: 5 backends
2026-08-16 14:07:13,644 [oasis.registry] INFO: Registered backend: 4C Multiphysics (fourc)
2026-08-16 14:07:13,644 [oasis.registry] INFO: Registered backend: FEniCSx (dolfinx) (fenics)
2026-08-16 14:07:13,645 [oasis.registry] INFO: Registered backend: deal.II (dealii)
2026-08-16 14:07:13,648 [oasis.registry] INFO: Registered backend: FEBio (febio)
2026-08-16 14:07:13,651 [oasis.registry] INFO: Registered backend: NGSolve (ngsolve)
2026-08-16 14:07:13,651 [oasis.ngsolve] INFO: NGSolve backend registered
2026-08-16 14:07:13,653 [oasis.registry] INFO: Registered backend: scikit-fem (skfem)
2026-08-16 14:07:13,653 [oasis.skfem] INFO: scikit-fem backend registered
2026-08-16 14:07:13,657 [oasis.registry] INFO: Registered backend: Kratos Multiphysics (kratos)
2026-08-16 14:07:13,657 [oasis.kratos] INFO: Kratos Multiphysics backend registered
2026-08-16 14:07:13,659 [oasis.registry] INFO: Registered backend: DUNE-fem (dune)
2026-08-16 14:07:13,659 [oasis.dune] INFO: DUNE-fem backend registered
2026-08-16 14:07:13,664 [oasis.registry] INFO: Registered backend: SPARTA (DSMC) (sparta)
2026-08-16 14:07:13,664 [oasis.sparta] INFO: SPARTA (DSMC) backend registered
2026-08-16 14:07:13,664 [oasis] INFO: Starting OASiS MCP server
2026-08-16 14:07:13,672 [mcp.server.lowlevel.server] INFO: Processing request of type CallToolRequest
2026-08-16 14:07:13,675 [mcp.server.lowlevel.server] INFO: Processing request of type ListToolsRequest
/home/alexander/Schreibtisch/ofa-v2/langgraph_eval/agent.py:290: LangGraphDeprecatedSinceV10: create_react_agent has been moved to `langchain.agents`. Please update your import to `from langchain.agents import create_agent`. Deprecated in LangGraph V1.0 to be removed in V2.0.
  sub_agent = create_react_agent(
/home/alexander/Schreibtisch/ofa-v2/langgraph_eval/agent.py:215: RuntimeWarning: This package (`duckduckgo_search`) has been renamed to `ddgs`! Use `pip install ddgs` instead.
  with DDGS() as ddgs:
2026-08-16 14:08:07,211 [oasis.registry] INFO: Loaded discovered config: 5 backends
2026-08-16 14:08:07,212 [oasis.registry] INFO: Registered backend: 4C Multiphysics (fourc)
2026-08-16 14:08:07,213 [oasis.registry] INFO: Registered backend: FEniCSx (dolfinx) (fenics)
2026-08-16 14:08:07,213 [oasis.registry] INFO: Registered backend: deal.II (dealii)
2026-08-16 14:08:07,217 [oasis.registry] INFO: Loaded discovered config: 5 backends
2026-08-16 14:08:07,217 [oasis.registry] INFO: Registered backend: FEBio (febio)
2026-08-16 14:08:07,218 [oasis.registry] INFO: Registered backend: 4C Multiphysics (fourc)
2026-08-16 14:08:07,218 [oasis.registry] INFO: Registered backend: FEniCSx (dolfinx) (fenics)
2026-08-16 14:08:07,219 [oasis.registry] INFO: Registered backend: deal.II (dealii)
2026-08-16 14:08:07,219 [oasis.registry] INFO: Registered backend: NGSolve (ngsolve)
2026-08-16 14:08:07,219 [oasis.ngsolve] INFO: NGSolve backend registered
2026-08-16 14:08:07,223 [oasis.registry] INFO: Registered backend: scikit-fem (skfem)
2026-08-16 14:08:07,223 [oasis.skfem] INFO: scikit-fem backend registered
2026-08-16 14:08:07,223 [oasis.registry] INFO: Registered backend: FEBio (febio)
2026-08-16 14:08:07,226 [oasis.registry] INFO: Registered backend: NGSolve (ngsolve)
2026-08-16 14:08:07,226 [oasis.ngsolve] INFO: NGSolve backend registered
2026-08-16 14:08:07,227 [oasis.registry] INFO: Registered backend: Kratos Multiphysics (kratos)
2026-08-16 14:08:07,227 [oasis.kratos] INFO: Kratos Multiphysics backend registered
2026-08-16 14:08:07,229 [oasis.registry] INFO: Registered backend: scikit-fem (skfem)
2026-08-16 14:08:07,229 [oasis.skfem] INFO: scikit-fem backend registered
2026-08-16 14:08:07,230 [oasis.registry] INFO: Registered backend: DUNE-fem (dune)
2026-08-16 14:08:07,230 [oasis.dune] INFO: DUNE-fem backend registered
2026-08-16 14:08:07,234 [oasis.registry] INFO: Registered backend: Kratos Multiphysics (kratos)
2026-08-16 14:08:07,234 [oasis.kratos] INFO: Kratos Multiphysics backend registered
2026-08-16 14:08:07,236 [oasis.registry] INFO: Registered backend: SPARTA (DSMC) (sparta)
2026-08-16 14:08:07,236 [oasis.sparta] INFO: SPARTA (DSMC) backend registered
2026-08-16 14:08:07,236 [oasis] INFO: Starting OASiS MCP server
2026-08-16 14:08:07,237 [oasis.registry] INFO: Registered backend: DUNE-fem (dune)
2026-08-16 14:08:07,237 [oasis.dune] INFO: DUNE-fem backend registered
2026-08-16 14:08:07,243 [oasis.registry] INFO: Registered backend: SPARTA (DSMC) (sparta)
2026-08-16 14:08:07,243 [oasis.sparta] INFO: SPARTA (DSMC) backend registered
2026-08-16 14:08:07,243 [oasis] INFO: Starting OASiS MCP server
2026-08-16 14:08:07,251 [mcp.server.lowlevel.server] INFO: Processing request of type CallToolRequest
2026-08-16 14:08:07,255 [mcp.server.lowlevel.server] INFO: Processing request of type ListToolsRequest
2026-08-16 14:08:07,261 [oasis] INFO: Session journal saved: /home/alexander/Schreibtisch/ofa-v2/data/sessions/session_bc053f76-06b0-4ad7-8e69-e8c75c2aa962.json (1 events)
2026-08-16 14:08:07,287 [mcp.server.lowlevel.server] INFO: Processing request of type CallToolRequest
2026-08-16 14:08:07,320 [mcp.server.lowlevel.server] INFO: Processing request of type ListToolsRequest
2026-08-16 14:08:07,325 [oasis] INFO: Session journal saved: /home/alexander/Schreibtisch/ofa-v2/data/sessions/session_4dc68e07-79e4-4dc4-a55b-2d6839d53666.json (1 events)
/home/alexander/Schreibtisch/ofa-v2/langgraph_eval/agent.py:215: RuntimeWarning: This package (`duckduckgo_search`) has been renamed to `ddgs`! Use `pip install ddgs` instead.
  with DDGS() as ddgs:
2026-08-16 14:08:14,015 [oasis.registry] INFO: Loaded discovered config: 5 backends
2026-08-16 14:08:14,016 [oasis.registry] INFO: Registered backend: 4C Multiphysics (fourc)
2026-08-16 14:08:14,017 [oasis.registry] INFO: Registered backend: FEniCSx (dolfinx) (fenics)
2026-08-16 14:08:14,017 [oasis.registry] INFO: Registered backend: deal.II (dealii)
2026-08-16 14:08:14,021 [oasis.registry] INFO: Registered backend: FEBio (febio)
2026-08-16 14:08:14,024 [oasis.registry] INFO: Registered backend: NGSolve (ngsolve)
2026-08-16 14:08:14,024 [oasis.ngsolve] INFO: NGSolve backend registered
2026-08-16 14:08:14,026 [oasis.registry] INFO: Registered backend: scikit-fem (skfem)
2026-08-16 14:08:14,026 [oasis.skfem] INFO: scikit-fem backend registered
/home/alexander/Schreibtisch/ofa-v2/langgraph_eval/agent.py:215: RuntimeWarning: This package (`duckduckgo_search`) has been renamed to `ddgs`! Use `pip install ddgs` instead.
  with DDGS() as ddgs:
2026-08-16 14:08:14,030 [oasis.registry] INFO: Registered backend: Kratos Multiphysics (kratos)
2026-08-16 14:08:14,030 [oasis.kratos] INFO: Kratos Multiphysics backend registered
2026-08-16 14:08:14,032 [oasis.registry] INFO: Registered backend: DUNE-fem (dune)
2026-08-16 14:08:14,032 [oasis.dune] INFO: DUNE-fem backend registered
2026-08-16 14:08:14,037 [oasis.registry] INFO: Registered backend: SPARTA (DSMC) (sparta)
2026-08-16 14:08:14,037 [oasis.sparta] INFO: SPARTA (DSMC) backend registered
2026-08-16 14:08:14,037 [oasis] INFO: Starting OASiS MCP server
2026-08-16 14:08:14,045 [mcp.server.lowlevel.server] INFO: Processing request of type CallToolRequest
2026-08-16 14:08:14,052 [mcp.server.lowlevel.server] INFO: Processing request of type ListToolsRequest
/home/alexander/Schreibtisch/ofa-v2/langgraph_eval/agent.py:215: RuntimeWarning: This package (`duckduckgo_search`) has been renamed to `ddgs`! Use `pip install ddgs` instead.
  with DDGS() as ddgs:
/home/alexander/Schreibtisch/ofa-v2/langgraph_eval/agent.py:215: RuntimeWarning: This package (`duckduckgo_search`) has been renamed to `ddgs`! Use `pip install ddgs` instead.
  with DDGS() as ddgs:
/home/alexander/Schreibtisch/ofa-v2/langgraph_eval/agent.py:215: RuntimeWarning: This package (`duckduckgo_search`) has been renamed to `ddgs`! Use `pip install ddgs` instead.
  with DDGS() as ddgs:
/home/alexander/Schreibtisch/ofa-v2/langgraph_eval/agent.py:215: RuntimeWarning: This package (`duckduckgo_search`) has been renamed to `ddgs`! Use `pip install ddgs` instead.
  with DDGS() as ddgs:
/home/alexander/Schreibtisch/ofa-v2/langgraph_eval/agent.py:290: LangGraphDeprecatedSinceV10: create_react_agent has been moved to `langchain.agents`. Please update your import to `from langchain.agents import create_agent`. Deprecated in LangGraph V1.0 to be removed in V2.0.
  sub_agent = create_react_agent(
/home/alexander/Schreibtisch/ofa-v2/langgraph_eval/agent.py:215: RuntimeWarning: This package (`duckduckgo_search`) has been renamed to `ddgs`! Use `pip install ddgs` instead.
  with DDGS() as ddgs:
/home/alexander/Schreibtisch/ofa-v2/langgraph_eval/agent.py:215: RuntimeWarning: This package (`duckduckgo_search`) has been renamed to `ddgs`! Use `pip install ddgs` instead.
  with DDGS() as ddgs:
2026-08-16 14:13:53,484 [oasis.registry] INFO: Loaded discovered config: 5 backends
2026-08-16 14:13:53,485 [oasis.registry] INFO: Registered backend: 4C Multiphysics (fourc)
2026-08-16 14:13:53,485 [oasis.registry] INFO: Registered backend: FEniCSx (dolfinx) (fenics)
2026-08-16 14:13:53,486 [oasis.registry] INFO: Registered backend: deal.II (dealii)
2026-08-16 14:13:53,489 [oasis.registry] INFO: Registered backend: FEBio (febio)
/home/alexander/Schreibtisch/ofa-v2/langgraph_eval/agent.py:215: RuntimeWarning: This package (`duckduckgo_search`) has been renamed to `ddgs`! Use `pip install ddgs` instead.
  with DDGS() as ddgs:
2026-08-16 14:13:53,492 [oasis.registry] INFO: Registered backend: NGSolve (ngsolve)
2026-08-16 14:13:53,492 [oasis.ngsolve] INFO: NGSolve backend registered
2026-08-16 14:13:53,494 [oasis.registry] INFO: Registered backend: scikit-fem (skfem)
2026-08-16 14:13:53,494 [oasis.skfem] INFO: scikit-fem backend registered
2026-08-16 14:13:53,498 [oasis.registry] INFO: Registered backend: Kratos Multiphysics (kratos)
2026-08-16 14:13:53,498 [oasis.kratos] INFO: Kratos Multiphysics backend registered
2026-08-16 14:13:53,500 [oasis.registry] INFO: Registered backend: DUNE-fem (dune)
2026-08-16 14:13:53,500 [oasis.dune] INFO: DUNE-fem backend registered
2026-08-16 14:13:53,505 [oasis.registry] INFO: Registered backend: SPARTA (DSMC) (sparta)
2026-08-16 14:13:53,505 [oasis.sparta] INFO: SPARTA (DSMC) backend registered
2026-08-16 14:13:53,505 [oasis] INFO: Starting OASiS MCP server
2026-08-16 14:13:53,513 [mcp.server.lowlevel.server] INFO: Processing request of type CallToolRequest
2026-08-16 14:13:53,516 [mcp.server.lowlevel.server] INFO: Processing request of type ListToolsRequest
2026-08-16 14:13:53,521 [oasis] INFO: Session journal saved: /home/alexander/Schreibtisch/ofa-v2/data/sessions/session_acda43ac-d239-494c-b71a-4cae25f53d43.json (1 events)
/home/alexander/Schreibtisch/ofa-v2/langgraph_eval/agent.py:215: RuntimeWarning: This package (`duckduckgo_search`) has been renamed to `ddgs`! Use `pip install ddgs` instead.
  with DDGS() as ddgs:
/home/alexander/Schreibtisch/ofa-v2/langgraph_eval/agent.py:215: RuntimeWarning: This package (`duckduckgo_search`) has been renamed to `ddgs`! Use `pip install ddgs` instead.
  with DDGS() as ddgs:
/home/alexander/Schreibtisch/ofa-v2/langgraph_eval/agent.py:215: RuntimeWarning: This package (`duckduckgo_search`) has been renamed to `ddgs`! Use `pip install ddgs` instead.
  with DDGS() as ddgs:
2026-08-16 14:13:56,913 [oasis.registry] INFO: Loaded discovered config: 5 backends
2026-08-16 14:13:56,914 [oasis.registry] INFO: Registered backend: 4C Multiphysics (fourc)
2026-08-16 14:13:56,915 [oasis.registry] INFO: Registered backend: FEniCSx (dolfinx) (fenics)
2026-08-16 14:13:56,915 [oasis.registry] INFO: Registered backend: deal.II (dealii)
2026-08-16 14:13:56,919 [oasis.registry] INFO: Registered backend: FEBio (febio)
2026-08-16 14:13:56,922 [oasis.registry] INFO: Registered backend: NGSolve (ngsolve)
2026-08-16 14:13:56,922 [oasis.ngsolve] INFO: NGSolve backend registered
2026-08-16 14:13:56,924 [oasis.registry] INFO: Registered backend: scikit-fem (skfem)
2026-08-16 14:13:56,924 [oasis.skfem] INFO: scikit-fem backend registered
2026-08-16 14:13:56,928 [oasis.registry] INFO: Registered backend: Kratos Multiphysics (kratos)
2026-08-16 14:13:56,928 [oasis.kratos] INFO: Kratos Multiphysics backend registered
2026-08-16 14:13:56,930 [oasis.registry] INFO: Registered backend: DUNE-fem (dune)
2026-08-16 14:13:56,930 [oasis.dune] INFO: DUNE-fem backend registered
2026-08-16 14:13:56,935 [oasis.registry] INFO: Registered backend: SPARTA (DSMC) (sparta)
2026-08-16 14:13:56,935 [oasis.sparta] INFO: SPARTA (DSMC) backend registered
2026-08-16 14:13:56,935 [oasis] INFO: Starting OASiS MCP server
2026-08-16 14:13:56,943 [mcp.server.lowlevel.server] INFO: Processing request of type CallToolRequest
2026-08-16 14:13:56,948 [mcp.server.lowlevel.server] INFO: Processing request of type ListToolsRequest
2026-08-16 14:13:56,954 [oasis] INFO: Session journal saved: /home/alexander/Schreibtisch/ofa-v2/data/sessions/session_d47e884f-4d56-4e6c-8195-5b9baf6a2c82.json (1 events)
/home/alexander/Schreibtisch/ofa-v2/langgraph_eval/agent.py:215: RuntimeWarning: This package (`duckduckgo_search`) has been renamed to `ddgs`! Use `pip install ddgs` instead.
  with DDGS() as ddgs:
/home/alexander/Schreibtisch/ofa-v2/langgraph_eval/agent.py:215: RuntimeWarning: This package (`duckduckgo_search`) has been renamed to `ddgs`! Use `pip install ddgs` instead.
  with DDGS() as ddgs:
/home/alexander/Schreibtisch/ofa-v2/langgraph_eval/agent.py:215: RuntimeWarning: This package (`duckduckgo_search`) has been renamed to `ddgs`! Use `pip install ddgs` instead.
  with DDGS() as ddgs:
/home/alexander/Schreibtisch/ofa-v2/langgraph_eval/agent.py:215: RuntimeWarning: This package (`duckduckgo_search`) has been renamed to `ddgs`! Use `pip install ddgs` instead.
  with DDGS() as ddgs:
/home/alexander/Schreibtisch/ofa-v2/langgraph_eval/agent.py:215: RuntimeWarning: This package (`duckduckgo_search`) has been renamed to `ddgs`! Use `pip install ddgs` instead.
  with DDGS() as ddgs:
/home/alexander/Schreibtisch/ofa-v2/langgraph_eval/agent.py:215: RuntimeWarning: This package (`duckduckgo_search`) has been renamed to `ddgs`! Use `pip install ddgs` instead.
  with DDGS() as ddgs:
/home/alexander/Schreibtisch/ofa-v2/langgraph_eval/agent.py:290: LangGraphDeprecatedSinceV10: create_react_agent has been moved to `langchain.agents`. Please update your import to `from langchain.agents import create_agent`. Deprecated in LangGraph V1.0 to be removed in V2.0.
  sub_agent = create_react_agent(
/home/alexander/Schreibtisch/ofa-v2/langgraph_eval/agent.py:215: RuntimeWarning: This package (`duckduckgo_search`) has been renamed to `ddgs`! Use `pip install ddgs` instead.
  with DDGS() as ddgs:
/home/alexander/Schreibtisch/ofa-v2/langgraph_eval/agent.py:215: RuntimeWarning: This package (`duckduckgo_search`) has been renamed to `ddgs`! Use `pip install ddgs` instead.
  with DDGS() as ddgs:
[preflight] custody controls verified for 1 problem(s); keys sealed and unreadable by execution
[phase: development] results are for post-mortems and convergence checking, NOT for the paper's evaluation table.
[NG1 27b MCP s1] done  calls=106 tok=6254382/48708 1269.9s
/home/alexander/Schreibtisch/ofa-v2/campaign3_blind/run_blind.py:535: ResourceWarning: unclosed file <_io.TextIOWrapper name='/home/alexander/Schreibtisch/ofa-v2/campaign3_blind/runs/NG1_27b_MCP_seed1/work/trajectory_live.txt' mode='a' encoding='utf-8'>
  run_one(pid, a.model, cond, a.seed, a.timeout)
ResourceWarning: Enable tracemalloc to get the object allocation traceback
/home/alexander/.local/share/python/cpython-3.12.13-linux-x86_64-gnu/lib/python3.12/asyncio/selector_events.py:879: ResourceWarning: unclosed transport <_SelectorSocketTransport fd=8>
<<< cell NG1 done 2026-08-16 14:18:56
/home/alexander/Schreibtisch/ofa-v2/langgraph_eval/agent.py:290: LangGraphDeprecatedSinceV10: create_react_agent has been moved to `langchain.agents`. Please update your import to `from langchain.agents import create_agent`. Deprecated in LangGraph V1.0 to be removed in V2.0.
  sub_agent = create_react_agent(
/home/alexander/Schreibtisch/ofa-v2/langgraph_eval/agent.py:215: RuntimeWarning: This package (`duckduckgo_search`) has been renamed to `ddgs`! Use `pip install ddgs` instead.
  with DDGS() as ddgs:
[preflight] custody controls verified for 1 problem(s); keys sealed and unreadable by execution
[phase: development] results are for post-mortems and convergence checking, NOT for the paper's evaluation table.
[DL2 27b MCP s1] done  calls=46 tok=2906486/46055 1260.5s
sys:1: ResourceWarning: unclosed file <_io.TextIOWrapper name='/home/alexander/Schreibtisch/ofa-v2/campaign3_blind/runs/DL2_27b_MCP_seed1/work/trajectory_live.txt' mode='a' encoding='utf-8'>
ResourceWarning: Enable tracemalloc to get the object allocation traceback
/home/alexander/.local/share/python/cpython-3.12.13-linux-x86_64-gnu/lib/python3.12/asyncio/selector_events.py:879: ResourceWarning: unclosed transport <_SelectorSocketTransport fd=8>
<<< cell DL2 done 2026-08-16 14:25:40
[preflight] custody controls verified for 1 problem(s); keys sealed and unreadable by execution
[phase: development] results are for post-mortems and convergence checking, NOT for the paper's evaluation table.
[NG2 27b BARE s1] done  calls=143 tok=14123961/144875 2612.1s
2026-08-16 14:40:39,131 [oasis.registry] INFO: Loaded discovered config: 5 backends
2026-08-16 14:40:39,132 [oasis.registry] INFO: Registered backend: 4C Multiphysics (fourc)
2026-08-16 14:40:39,133 [oasis.registry] INFO: Registered backend: FEniCSx (dolfinx) (fenics)
2026-08-16 14:40:39,133 [oasis.registry] INFO: Registered backend: deal.II (dealii)
2026-08-16 14:40:39,137 [oasis.registry] INFO: Registered backend: FEBio (febio)
2026-08-16 14:40:39,139 [oasis.registry] INFO: Registered backend: NGSolve (ngsolve)
2026-08-16 14:40:39,139 [oasis.ngsolve] INFO: NGSolve backend registered
2026-08-16 14:40:39,142 [oasis.registry] INFO: Registered backend: scikit-fem (skfem)
2026-08-16 14:40:39,142 [oasis.skfem] INFO: scikit-fem backend registered
2026-08-16 14:40:39,145 [oasis.registry] INFO: Registered backend: Kratos Multiphysics (kratos)
2026-08-16 14:40:39,145 [oasis.kratos] INFO: Kratos Multiphysics backend registered
2026-08-16 14:40:39,148 [oasis.registry] INFO: Registered backend: DUNE-fem (dune)
2026-08-16 14:40:39,148 [oasis.dune] INFO: DUNE-fem backend registered
2026-08-16 14:40:39,153 [oasis.registry] INFO: Registered backend: SPARTA (DSMC) (sparta)
2026-08-16 14:40:39,153 [oasis.sparta] INFO: SPARTA (DSMC) backend registered
2026-08-16 14:40:39,153 [oasis] INFO: Starting OASiS MCP server
2026-08-16 14:40:39,161 [mcp.server.lowlevel.server] INFO: Processing request of type ListToolsRequest
2026-08-16 14:40:55,831 [oasis.registry] INFO: Loaded discovered config: 5 backends
2026-08-16 14:40:55,832 [oasis.registry] INFO: Registered backend: 4C Multiphysics (fourc)
2026-08-16 14:40:55,833 [oasis.registry] INFO: Registered backend: FEniCSx (dolfinx) (fenics)
2026-08-16 14:40:55,833 [oasis.registry] INFO: Registered backend: deal.II (dealii)
2026-08-16 14:40:55,837 [oasis.registry] INFO: Registered backend: FEBio (febio)
2026-08-16 14:40:55,839 [oasis.registry] INFO: Loaded discovered config: 5 backends
2026-08-16 14:40:55,839 [oasis.registry] INFO: Registered backend: NGSolve (ngsolve)
2026-08-16 14:40:55,839 [oasis.ngsolve] INFO: NGSolve backend registered
2026-08-16 14:40:55,840 [oasis.registry] INFO: Registered backend: 4C Multiphysics (fourc)
2026-08-16 14:40:55,841 [oasis.registry] INFO: Registered backend: FEniCSx (dolfinx) (fenics)
2026-08-16 14:40:55,841 [oasis.registry] INFO: Registered backend: deal.II (dealii)
2026-08-16 14:40:55,842 [oasis.registry] INFO: Registered backend: scikit-fem (skfem)
2026-08-16 14:40:55,842 [oasis.skfem] INFO: scikit-fem backend registered
2026-08-16 14:40:55,845 [oasis.registry] INFO: Registered backend: FEBio (febio)
2026-08-16 14:40:55,846 [oasis.registry] INFO: Registered backend: Kratos Multiphysics (kratos)
2026-08-16 14:40:55,846 [oasis.kratos] INFO: Kratos Multiphysics backend registered
2026-08-16 14:40:55,847 [oasis.registry] INFO: Registered backend: NGSolve (ngsolve)
2026-08-16 14:40:55,847 [oasis.ngsolve] INFO: NGSolve backend registered
2026-08-16 14:40:55,848 [oasis.registry] INFO: Registered backend: DUNE-fem (dune)
2026-08-16 14:40:55,848 [oasis.dune] INFO: DUNE-fem backend registered
2026-08-16 14:40:55,850 [oasis.registry] INFO: Registered backend: scikit-fem (skfem)
2026-08-16 14:40:55,850 [oasis.skfem] INFO: scikit-fem backend registered
2026-08-16 14:40:55,854 [oasis.registry] INFO: Registered backend: Kratos Multiphysics (kratos)
2026-08-16 14:40:55,854 [oasis.registry] INFO: Registered backend: SPARTA (DSMC) (sparta)
2026-08-16 14:40:55,854 [oasis.kratos] INFO: Kratos Multiphysics backend registered
2026-08-16 14:40:55,854 [oasis.sparta] INFO: SPARTA (DSMC) backend registered
2026-08-16 14:40:55,854 [oasis] INFO: Starting OASiS MCP server
2026-08-16 14:40:55,856 [oasis.registry] INFO: Registered backend: DUNE-fem (dune)
2026-08-16 14:40:55,856 [oasis.dune] INFO: DUNE-fem backend registered
2026-08-16 14:40:55,861 [oasis.registry] INFO: Registered backend: SPARTA (DSMC) (sparta)
2026-08-16 14:40:55,861 [oasis.sparta] INFO: SPARTA (DSMC) backend registered
2026-08-16 14:40:55,861 [oasis] INFO: Starting OASiS MCP server
2026-08-16 14:40:55,862 [mcp.server.lowlevel.server] INFO: Processing request of type CallToolRequest
2026-08-16 14:40:55,869 [mcp.server.lowlevel.server] INFO: Processing request of type CallToolRequest
2026-08-16 14:40:59,238 [mcp.server.lowlevel.server] INFO: Processing request of type ListToolsRequest
2026-08-16 14:40:59,247 [oasis] INFO: Session journal saved: /home/alexander/Schreibtisch/ofa-v2/data/sessions/session_2e8cc04b-040b-4160-95b4-abe4aaf56169.json (1 events)
2026-08-16 14:40:59,283 [mcp.server.lowlevel.server] INFO: Processing request of type ListToolsRequest
2026-08-16 14:41:08,187 [oasis.registry] INFO: Loaded discovered config: 5 backends
2026-08-16 14:41:08,188 [oasis.registry] INFO: Registered backend: 4C Multiphysics (fourc)
2026-08-16 14:41:08,188 [oasis.registry] INFO: Registered backend: FEniCSx (dolfinx) (fenics)
2026-08-16 14:41:08,189 [oasis.registry] INFO: Registered backend: deal.II (dealii)
2026-08-16 14:41:08,193 [oasis.registry] INFO: Registered backend: FEBio (febio)
2026-08-16 14:41:08,195 [oasis.registry] INFO: Registered backend: NGSolve (ngsolve)
2026-08-16 14:41:08,195 [oasis.ngsolve] INFO: NGSolve backend registered
2026-08-16 14:41:08,198 [oasis.registry] INFO: Registered backend: scikit-fem (skfem)
2026-08-16 14:41:08,198 [oasis.skfem] INFO: scikit-fem backend registered
2026-08-16 14:41:08,202 [oasis.registry] INFO: Registered backend: Kratos Multiphysics (kratos)
2026-08-16 14:41:08,202 [oasis.kratos] INFO: Kratos Multiphysics backend registered
2026-08-16 14:41:08,204 [oasis.registry] INFO: Registered backend: DUNE-fem (dune)
2026-08-16 14:41:08,204 [oasis.dune] INFO: DUNE-fem backend registered
2026-08-16 14:41:08,209 [oasis.registry] INFO: Registered backend: SPARTA (DSMC) (sparta)
2026-08-16 14:41:08,209 [oasis.sparta] INFO: SPARTA (DSMC) backend registered
2026-08-16 14:41:08,209 [oasis] INFO: Starting OASiS MCP server
2026-08-16 14:41:08,217 [mcp.server.lowlevel.server] INFO: Processing request of type CallToolRequest
2026-08-16 14:41:08,221 [mcp.server.lowlevel.server] INFO: Processing request of type ListToolsRequest
2026-08-16 14:41:11,450 [oasis.registry] INFO: Loaded discovered config: 5 backends
2026-08-16 14:41:11,451 [oasis.registry] INFO: Registered backend: 4C Multiphysics (fourc)
2026-08-16 14:41:11,451 [oasis.registry] INFO: Registered backend: FEniCSx (dolfinx) (fenics)
2026-08-16 14:41:11,452 [oasis.registry] INFO: Registered backend: deal.II (dealii)
2026-08-16 14:41:11,456 [oasis.registry] INFO: Registered backend: FEBio (febio)
2026-08-16 14:41:11,458 [oasis.registry] INFO: Registered backend: NGSolve (ngsolve)
2026-08-16 14:41:11,458 [oasis.ngsolve] INFO: NGSolve backend registered
2026-08-16 14:41:11,461 [oasis.registry] INFO: Registered backend: scikit-fem (skfem)
2026-08-16 14:41:11,461 [oasis.skfem] INFO: scikit-fem backend registered
2026-08-16 14:41:11,464 [oasis.registry] INFO: Registered backend: Kratos Multiphysics (kratos)
2026-08-16 14:41:11,464 [oasis.kratos] INFO: Kratos Multiphysics backend registered
2026-08-16 14:41:11,467 [oasis.registry] INFO: Registered backend: DUNE-fem (dune)
2026-08-16 14:41:11,467 [oasis.dune] INFO: DUNE-fem backend registered
2026-08-16 14:41:11,472 [oasis.registry] INFO: Registered backend: SPARTA (DSMC) (sparta)
2026-08-16 14:41:11,472 [oasis.sparta] INFO: SPARTA (DSMC) backend registered
2026-08-16 14:41:11,472 [oasis] INFO: Starting OASiS MCP server
2026-08-16 14:41:11,480 [mcp.server.lowlevel.server] INFO: Processing request of type CallToolRequest
2026-08-16 14:41:11,485 [mcp.server.lowlevel.server] INFO: Processing request of type ListToolsRequest
2026-08-16 14:41:11,490 [oasis] INFO: Session journal saved: /home/alexander/Schreibtisch/ofa-v2/data/sessions/session_fbb1ba9e-0a7c-4eda-ae57-7e2a72701571.json (1 events)
[preflight] custody controls verified for 1 problem(s); keys sealed and unreadable by execution
[phase: development] results are for post-mortems and convergence checking, NOT for the paper's evaluation table.
[SK1 27b BARE s1] done  calls=103 tok=4468467/60269 1333.5s
2026-08-16 14:41:20,757 [oasis.registry] INFO: Loaded discovered config: 5 backends
2026-08-16 14:41:20,758 [oasis.registry] INFO: Registered backend: 4C Multiphysics (fourc)
2026-08-16 14:41:20,758 [oasis.registry] INFO: Registered backend: FEniCSx (dolfinx) (fenics)
2026-08-16 14:41:20,759 [oasis.registry] INFO: Registered backend: deal.II (dealii)
2026-08-16 14:41:20,763 [oasis.registry] INFO: Registered backend: FEBio (febio)
2026-08-16 14:41:20,765 [oasis.registry] INFO: Registered backend: NGSolve (ngsolve)
2026-08-16 14:41:20,765 [oasis.ngsolve] INFO: NGSolve backend registered
2026-08-16 14:41:20,768 [oasis.registry] INFO: Registered backend: scikit-fem (skfem)
2026-08-16 14:41:20,768 [oasis.skfem] INFO: scikit-fem backend registered
2026-08-16 14:41:20,772 [oasis.registry] INFO: Registered backend: Kratos Multiphysics (kratos)
2026-08-16 14:41:20,772 [oasis.kratos] INFO: Kratos Multiphysics backend registered
2026-08-16 14:41:20,774 [oasis.registry] INFO: Registered backend: DUNE-fem (dune)
2026-08-16 14:41:20,774 [oasis.dune] INFO: DUNE-fem backend registered
2026-08-16 14:41:20,779 [oasis.registry] INFO: Registered backend: SPARTA (DSMC) (sparta)
2026-08-16 14:41:20,779 [oasis.sparta] INFO: SPARTA (DSMC) backend registered
2026-08-16 14:41:20,779 [oasis] INFO: Starting OASiS MCP server
2026-08-16 14:41:20,787 [mcp.server.lowlevel.server] INFO: Processing request of type ListToolsRequest
2026-08-16 14:41:30,448 [oasis.registry] INFO: Loaded discovered config: 5 backends
2026-08-16 14:41:30,449 [oasis.registry] INFO: Registered backend: 4C Multiphysics (fourc)
2026-08-16 14:41:30,450 [oasis.registry] INFO: Registered backend: FEniCSx (dolfinx) (fenics)
2026-08-16 14:41:30,450 [oasis.registry] INFO: Registered backend: deal.II (dealii)
2026-08-16 14:41:30,454 [oasis.registry] INFO: Loaded discovered config: 5 backends
2026-08-16 14:41:30,454 [oasis.registry] INFO: Registered backend: FEBio (febio)
2026-08-16 14:41:30,455 [oasis.registry] INFO: Registered backend: 4C Multiphysics (fourc)
2026-08-16 14:41:30,456 [oasis.registry] INFO: Registered backend: FEniCSx (dolfinx) (fenics)
2026-08-16 14:41:30,456 [oasis.registry] INFO: Registered backend: deal.II (dealii)
2026-08-16 14:41:30,457 [oasis.registry] INFO: Registered backend: NGSolve (ngsolve)
2026-08-16 14:41:30,457 [oasis.ngsolve] INFO: NGSolve backend registered
2026-08-16 14:41:30,459 [oasis.registry] INFO: Registered backend: scikit-fem (skfem)
2026-08-16 14:41:30,460 [oasis.skfem] INFO: scikit-fem backend registered
2026-08-16 14:41:30,460 [oasis.registry] INFO: Registered backend: FEBio (febio)
2026-08-16 14:41:30,463 [oasis.registry] INFO: Registered backend: NGSolve (ngsolve)
2026-08-16 14:41:30,463 [oasis.ngsolve] INFO: NGSolve backend registered
2026-08-16 14:41:30,463 [oasis.registry] INFO: Registered backend: Kratos Multiphysics (kratos)
2026-08-16 14:41:30,463 [oasis.kratos] INFO: Kratos Multiphysics backend registered
2026-08-16 14:41:30,466 [oasis.registry] INFO: Registered backend: DUNE-fem (dune)
2026-08-16 14:41:30,466 [oasis.dune] INFO: DUNE-fem backend registered
2026-08-16 14:41:30,466 [oasis.registry] INFO: Registered backend: scikit-fem (skfem)
2026-08-16 14:41:30,466 [oasis.skfem] INFO: scikit-fem backend registered
2026-08-16 14:41:30,470 [oasis.registry] INFO: Registered backend: Kratos Multiphysics (kratos)
2026-08-16 14:41:30,470 [oasis.kratos] INFO: Kratos Multiphysics backend registered
2026-08-16 14:41:30,471 [oasis.registry] INFO: Registered backend: SPARTA (DSMC) (sparta)
2026-08-16 14:41:30,471 [oasis.sparta] INFO: SPARTA (DSMC) backend registered
2026-08-16 14:41:30,471 [oasis] INFO: Starting OASiS MCP server
2026-08-16 14:41:30,473 [oasis.registry] INFO: Registered backend: DUNE-fem (dune)
2026-08-16 14:41:30,473 [oasis.dune] INFO: DUNE-fem backend registered
2026-08-16 14:41:30,478 [oasis.registry] INFO: Registered backend: SPARTA (DSMC) (sparta)
2026-08-16 14:41:30,478 [oasis.sparta] INFO: SPARTA (DSMC) backend registered
2026-08-16 14:41:30,478 [oasis] INFO: Starting OASiS MCP server
2026-08-16 14:41:30,479 [mcp.server.lowlevel.server] INFO: Processing request of type CallToolRequest
2026-08-16 14:41:30,486 [mcp.server.lowlevel.server] INFO: Processing request of type CallToolRequest
2026-08-16 14:41:33,840 [mcp.server.lowlevel.server] INFO: Processing request of type ListToolsRequest
2026-08-16 14:41:33,883 [mcp.server.lowlevel.server] INFO: Processing request of type ListToolsRequest
2026-08-16 14:41:33,890 [oasis] INFO: Session journal saved: /home/alexander/Schreibtisch/ofa-v2/data/sessions/session_770a38c8-85db-436f-9431-eee55428e880.json (1 events)
/home/alexander/Schreibtisch/ofa-v2/langgraph_eval/agent.py:215: RuntimeWarning: This package (`duckduckgo_search`) has been renamed to `ddgs`! Use `pip install ddgs` instead.
  with DDGS() as ddgs:
/home/alexander/Schreibtisch/ofa-v2/langgraph_eval/agent.py:215: RuntimeWarning: This package (`duckduckgo_search`) has been renamed to `ddgs`! Use `pip install ddgs` instead.
  with DDGS() as ddgs:
2026-08-16 14:41:34,998 [oasis.registry] INFO: Loaded discovered config: 5 backends
2026-08-16 14:41:34,999 [oasis.registry] INFO: Registered backend: 4C Multiphysics (fourc)
2026-08-16 14:41:35,000 [oasis.registry] INFO: Registered backend: FEniCSx (dolfinx) (fenics)
2026-08-16 14:41:35,000 [oasis.registry] INFO: Registered backend: deal.II (dealii)
2026-08-16 14:41:35,001 [oasis.registry] INFO: Loaded discovered config: 5 backends
2026-08-16 14:41:35,002 [oasis.registry] INFO: Registered backend: 4C Multiphysics (fourc)
2026-08-16 14:41:35,003 [oasis.registry] INFO: Registered backend: FEniCSx (dolfinx) (fenics)
2026-08-16 14:41:35,003 [oasis.registry] INFO: Registered backend: deal.II (dealii)
2026-08-16 14:41:35,004 [oasis.registry] INFO: Registered backend: FEBio (febio)
2026-08-16 14:41:35,006 [oasis.registry] INFO: Registered backend: NGSolve (ngsolve)
2026-08-16 14:41:35,006 [oasis.ngsolve] INFO: NGSolve backend registered
2026-08-16 14:41:35,007 [oasis.registry] INFO: Registered backend: FEBio (febio)
2026-08-16 14:41:35,009 [oasis.registry] INFO: Registered backend: scikit-fem (skfem)
2026-08-16 14:41:35,009 [oasis.skfem] INFO: scikit-fem backend registered
2026-08-16 14:41:35,010 [oasis.registry] INFO: Registered backend: NGSolve (ngsolve)
2026-08-16 14:41:35,010 [oasis.ngsolve] INFO: NGSolve backend registered
2026-08-16 14:41:35,010 [oasis.registry] INFO: Loaded discovered config: 5 backends
2026-08-16 14:41:35,011 [oasis.registry] INFO: Registered backend: 4C Multiphysics (fourc)
2026-08-16 14:41:35,012 [oasis.registry] INFO: Registered backend: FEniCSx (dolfinx) (fenics)
2026-08-16 14:41:35,012 [oasis.registry] INFO: Registered backend: scikit-fem (skfem)
2026-08-16 14:41:35,012 [oasis.registry] INFO: Registered backend: deal.II (dealii)
2026-08-16 14:41:35,012 [oasis.skfem] INFO: scikit-fem backend registered
2026-08-16 14:41:35,012 [oasis.registry] INFO: Registered backend: Kratos Multiphysics (kratos)
2026-08-16 14:41:35,012 [oasis.kratos] INFO: Kratos Multiphysics backend registered
2026-08-16 14:41:35,015 [oasis.registry] INFO: Registered backend: DUNE-fem (dune)
2026-08-16 14:41:35,015 [oasis.dune] INFO: DUNE-fem backend registered
2026-08-16 14:41:35,016 [oasis.registry] INFO: Registered backend: Kratos Multiphysics (kratos)
2026-08-16 14:41:35,016 [oasis.registry] INFO: Registered backend: FEBio (febio)
2026-08-16 14:41:35,016 [oasis.kratos] INFO: Kratos Multiphysics backend registered
2026-08-16 14:41:35,018 [oasis.registry] INFO: Registered backend: NGSolve (ngsolve)
2026-08-16 14:41:35,018 [oasis.registry] INFO: Registered backend: DUNE-fem (dune)
2026-08-16 14:41:35,018 [oasis.ngsolve] INFO: NGSolve backend registered
2026-08-16 14:41:35,018 [oasis.dune] INFO: DUNE-fem backend registered
2026-08-16 14:41:35,020 [oasis.registry] INFO: Registered backend: SPARTA (DSMC) (sparta)
2026-08-16 14:41:35,020 [oasis.sparta] INFO: SPARTA (DSMC) backend registered
2026-08-16 14:41:35,020 [oasis] INFO: Starting OASiS MCP server
2026-08-16 14:41:35,021 [oasis.registry] INFO: Registered backend: scikit-fem (skfem)
2026-08-16 14:41:35,021 [oasis.skfem] INFO: scikit-fem backend registered
2026-08-16 14:41:35,023 [oasis.registry] INFO: Registered backend: SPARTA (DSMC) (sparta)
2026-08-16 14:41:35,023 [oasis.sparta] INFO: SPARTA (DSMC) backend registered
2026-08-16 14:41:35,023 [oasis] INFO: Starting OASiS MCP server
2026-08-16 14:41:35,025 [oasis.registry] INFO: Registered backend: Kratos Multiphysics (kratos)
2026-08-16 14:41:35,025 [oasis.kratos] INFO: Kratos Multiphysics backend registered
2026-08-16 14:41:35,027 [mcp.server.lowlevel.server] INFO: Processing request of type CallToolRequest
2026-08-16 14:41:35,027 [oasis.registry] INFO: Registered backend: DUNE-fem (dune)
2026-08-16 14:41:35,027 [oasis.dune] INFO: DUNE-fem backend registered
2026-08-16 14:41:35,031 [mcp.server.lowlevel.server] INFO: Processing request of type CallToolRequest
2026-08-16 14:41:35,032 [oasis.registry] INFO: Registered backend: SPARTA (DSMC) (sparta)
2026-08-16 14:41:35,032 [oasis.sparta] INFO: SPARTA (DSMC) backend registered
2026-08-16 14:41:35,032 [oasis] INFO: Starting OASiS MCP server
2026-08-16 14:41:35,035 [mcp.server.lowlevel.server] INFO: Processing request of type ListToolsRequest
2026-08-16 14:41:35,036 [mcp.server.lowlevel.server] INFO: Processing request of type ListToolsRequest
2026-08-16 14:41:35,041 [oasis] INFO: Session journal saved: /home/alexander/Schreibtisch/ofa-v2/data/sessions/session_97bee17f-3387-46b0-8e2e-951263bfe404.json (1 events)
2026-08-16 14:41:35,042 [oasis] INFO: Session journal saved: /home/alexander/Schreibtisch/ofa-v2/data/sessions/session_56a935ee-2518-4fa8-8b08-4c24674c646f.json (1 events)
2026-08-16 14:41:35,042 [mcp.server.lowlevel.server] INFO: Processing request of type CallToolRequest
2026-08-16 14:41:35,048 [mcp.server.lowlevel.server] INFO: Processing request of type ListToolsRequest
/home/alexander/Schreibtisch/ofa-v2/langgraph_eval/agent.py:215: RuntimeWarning: This package (`duckduckgo_search`) has been renamed to `ddgs`! Use `pip install ddgs` instead.
  with DDGS() as ddgs:
2026-08-16 14:41:40,459 [oasis.registry] INFO: Loaded discovered config: 5 backends
2026-08-16 14:41:40,460 [oasis.registry] INFO: Registered backend: 4C Multiphysics (fourc)
2026-08-16 14:41:40,461 [oasis.registry] INFO: Registered backend: FEniCSx (dolfinx) (fenics)
2026-08-16 14:41:40,461 [oasis.registry] INFO: Registered backend: deal.II (dealii)
2026-08-16 14:41:40,465 [oasis.registry] INFO: Registered backend: FEBio (febio)
2026-08-16 14:41:40,467 [oasis.registry] INFO: Registered backend: NGSolve (ngsolve)
2026-08-16 14:41:40,467 [oasis.ngsolve] INFO: NGSolve backend registered
2026-08-16 14:41:40,470 [oasis.registry] INFO: Registered backend: scikit-fem (skfem)
2026-08-16 14:41:40,470 [oasis.skfem] INFO: scikit-fem backend registered
2026-08-16 14:41:40,474 [oasis.registry] INFO: Registered backend: Kratos Multiphysics (kratos)
2026-08-16 14:41:40,474 [oasis.kratos] INFO: Kratos Multiphysics backend registered
2026-08-16 14:41:40,476 [oasis.registry] INFO: Registered backend: DUNE-fem (dune)
2026-08-16 14:41:40,476 [oasis.dune] INFO: DUNE-fem backend registered
2026-08-16 14:41:40,481 [oasis.registry] INFO: Registered backend: SPARTA (DSMC) (sparta)
2026-08-16 14:41:40,481 [oasis.sparta] INFO: SPARTA (DSMC) backend registered
2026-08-16 14:41:40,481 [oasis] INFO: Starting OASiS MCP server
2026-08-16 14:41:40,489 [mcp.server.lowlevel.server] INFO: Processing request of type CallToolRequest
2026-08-16 14:41:40,493 [mcp.server.lowlevel.server] INFO: Processing request of type ListToolsRequest
/home/alexander/Schreibtisch/ofa-v2/langgraph_eval/agent.py:215: RuntimeWarning: This package (`duckduckgo_search`) has been renamed to `ddgs`! Use `pip install ddgs` instead.
  with DDGS() as ddgs:
2026-08-16 14:41:51,989 [oasis.registry] INFO: Loaded discovered config: 5 backends
2026-08-16 14:41:51,990 [oasis.registry] INFO: Registered backend: 4C Multiphysics (fourc)
2026-08-16 14:41:51,991 [oasis.registry] INFO: Registered backend: FEniCSx (dolfinx) (fenics)
2026-08-16 14:41:51,991 [oasis.registry] INFO: Registered backend: deal.II (dealii)
2026-08-16 14:41:51,995 [oasis.registry] INFO: Registered backend: FEBio (febio)
2026-08-16 14:41:51,997 [oasis.registry] INFO: Registered backend: NGSolve (ngsolve)
2026-08-16 14:41:51,997 [oasis.ngsolve] INFO: NGSolve backend registered
2026-08-16 14:41:52,000 [oasis.registry] INFO: Registered backend: scikit-fem (skfem)
2026-08-16 14:41:52,000 [oasis.skfem] INFO: scikit-fem backend registered
2026-08-16 14:41:52,004 [oasis.registry] INFO: Registered backend: Kratos Multiphysics (kratos)
2026-08-16 14:41:52,004 [oasis.kratos] INFO: Kratos Multiphysics backend registered
2026-08-16 14:41:52,006 [oasis.registry] INFO: Registered backend: DUNE-fem (dune)
2026-08-16 14:41:52,006 [oasis.dune] INFO: DUNE-fem backend registered
2026-08-16 14:41:52,011 [oasis.registry] INFO: Registered backend: SPARTA (DSMC) (sparta)
2026-08-16 14:41:52,011 [oasis.sparta] INFO: SPARTA (DSMC) backend registered
2026-08-16 14:41:52,011 [oasis] INFO: Starting OASiS MCP server
2026-08-16 14:41:52,019 [mcp.server.lowlevel.server] INFO: Processing request of type CallToolRequest
2026-08-16 14:41:52,022 [mcp.server.lowlevel.server] INFO: Processing request of type ListToolsRequest
2026-08-16 14:41:52,029 [oasis] INFO: Session journal saved: /home/alexander/Schreibtisch/ofa-v2/data/sessions/session_b57c98f2-6be3-4c1d-a330-eefa76bd1802.json (1 events)
/home/alexander/Schreibtisch/ofa-v2/langgraph_eval/agent.py:215: RuntimeWarning: This package (`duckduckgo_search`) has been renamed to `ddgs`! Use `pip install ddgs` instead.
  with DDGS() as ddgs:
/home/alexander/Schreibtisch/ofa-v2/langgraph_eval/agent.py:215: RuntimeWarning: This package (`duckduckgo_search`) has been renamed to `ddgs`! Use `pip install ddgs` instead.
  with DDGS() as ddgs:
2026-08-16 14:41:55,511 [oasis.registry] INFO: Loaded discovered config: 5 backends
2026-08-16 14:41:55,512 [oasis.registry] INFO: Registered backend: 4C Multiphysics (fourc)
2026-08-16 14:41:55,513 [oasis.registry] INFO: Registered backend: FEniCSx (dolfinx) (fenics)
2026-08-16 14:41:55,514 [oasis.registry] INFO: Registered backend: deal.II (dealii)
2026-08-16 14:41:55,517 [oasis.registry] INFO: Registered backend: FEBio (febio)
2026-08-16 14:41:55,520 [oasis.registry] INFO: Registered backend: NGSolve (ngsolve)
2026-08-16 14:41:55,520 [oasis.ngsolve] INFO: NGSolve backend registered
2026-08-16 14:41:55,522 [oasis.registry] INFO: Registered backend: scikit-fem (skfem)
2026-08-16 14:41:55,522 [oasis.skfem] INFO: scikit-fem backend registered
2026-08-16 14:41:55,526 [oasis.registry] INFO: Registered backend: Kratos Multiphysics (kratos)
2026-08-16 14:41:55,526 [oasis.kratos] INFO: Kratos Multiphysics backend registered
2026-08-16 14:41:55,528 [oasis.registry] INFO: Registered backend: DUNE-fem (dune)
2026-08-16 14:41:55,529 [oasis.dune] INFO: DUNE-fem backend registered
2026-08-16 14:41:55,534 [oasis.registry] INFO: Registered backend: SPARTA (DSMC) (sparta)
2026-08-16 14:41:55,534 [oasis.sparta] INFO: SPARTA (DSMC) backend registered
2026-08-16 14:41:55,534 [oasis] INFO: Starting OASiS MCP server
2026-08-16 14:41:55,542 [mcp.server.lowlevel.server] INFO: Processing request of type CallToolRequest
2026-08-16 14:41:55,544 [mcp.server.lowlevel.server] INFO: Processing request of type ListToolsRequest
2026-08-16 14:41:55,550 [oasis] INFO: Session journal saved: /home/alexander/Schreibtisch/ofa-v2/data/sessions/session_647fd94e-ad8c-4da3-b5c1-f4764d24d385.json (1 events)
/home/alexander/Schreibtisch/ofa-v2/langgraph_eval/agent.py:215: RuntimeWarning: This package (`duckduckgo_search`) has been renamed to `ddgs`! Use `pip install ddgs` instead.
  with DDGS() as ddgs:
/home/alexander/Schreibtisch/ofa-v2/langgraph_eval/agent.py:215: RuntimeWarning: This package (`duckduckgo_search`) has been renamed to `ddgs`! Use `pip install ddgs` instead.
  with DDGS() as ddgs:
/home/alexander/Schreibtisch/ofa-v2/langgraph_eval/agent.py:215: RuntimeWarning: This package (`duckduckgo_search`) has been renamed to `ddgs`! Use `pip install ddgs` instead.
  with DDGS() as ddgs:
2026-08-16 14:42:00,692 [oasis.registry] INFO: Loaded discovered config: 5 backends
2026-08-16 14:42:00,693 [oasis.registry] INFO: Registered backend: 4C Multiphysics (fourc)
2026-08-16 14:42:00,694 [oasis.registry] INFO: Registered backend: FEniCSx (dolfinx) (fenics)
2026-08-16 14:42:00,694 [oasis.registry] INFO: Registered backend: deal.II (dealii)
2026-08-16 14:42:00,698 [oasis.registry] INFO: Registered backend: FEBio (febio)
2026-08-16 14:42:00,700 [oasis.registry] INFO: Registered backend: NGSolve (ngsolve)
2026-08-16 14:42:00,700 [oasis.ngsolve] INFO: NGSolve backend registered
2026-08-16 14:42:00,703 [oasis.registry] INFO: Registered backend: scikit-fem (skfem)
2026-08-16 14:42:00,703 [oasis.skfem] INFO: scikit-fem backend registered
2026-08-16 14:42:00,707 [oasis.registry] INFO: Registered backend: Kratos Multiphysics (kratos)
2026-08-16 14:42:00,707 [oasis.kratos] INFO: Kratos Multiphysics backend registered
2026-08-16 14:42:00,709 [oasis.registry] INFO: Registered backend: DUNE-fem (dune)
2026-08-16 14:42:00,709 [oasis.dune] INFO: DUNE-fem backend registered
2026-08-16 14:42:00,714 [oasis.registry] INFO: Registered backend: SPARTA (DSMC) (sparta)
2026-08-16 14:42:00,714 [oasis.sparta] INFO: SPARTA (DSMC) backend registered
2026-08-16 14:42:00,714 [oasis] INFO: Starting OASiS MCP server
2026-08-16 14:42:00,722 [mcp.server.lowlevel.server] INFO: Processing request of type CallToolRequest
/home/alexander/Schreibtisch/ofa-v2/langgraph_eval/agent.py:215: RuntimeWarning: This package (`duckduckgo_search`) has been renamed to `ddgs`! Use `pip install ddgs` instead.
  with DDGS() as ddgs:
2026-08-16 14:42:01,192 [mcp.server.lowlevel.server] INFO: Processing request of type ListToolsRequest
2026-08-16 14:42:01,199 [oasis] INFO: Session journal saved: /home/alexander/Schreibtisch/ofa-v2/data/sessions/session_29b1a61f-4de9-460f-adf2-c478d837886c.json (1 events)
/home/alexander/Schreibtisch/ofa-v2/langgraph_eval/agent.py:215: RuntimeWarning: This package (`duckduckgo_search`) has been renamed to `ddgs`! Use `pip install ddgs` instead.
  with DDGS() as ddgs:
/home/alexander/Schreibtisch/ofa-v2/langgraph_eval/agent.py:215: RuntimeWarning: This package (`duckduckgo_search`) has been renamed to `ddgs`! Use `pip install ddgs` instead.
  with DDGS() as ddgs:
/home/alexander/Schreibtisch/ofa-v2/langgraph_eval/agent.py:215: RuntimeWarning: This package (`duckduckgo_search`) has been renamed to `ddgs`! Use `pip install ddgs` instead.
  with DDGS() as ddgs:
/home/alexander/Schreibtisch/ofa-v2/langgraph_eval/agent.py:290: LangGraphDeprecatedSinceV10: create_react_agent has been moved to `langchain.agents`. Please update your import to `from langchain.agents import create_agent`. Deprecated in LangGraph V1.0 to be removed in V2.0.
  sub_agent = create_react_agent(
/home/alexander/Schreibtisch/ofa-v2/langgraph_eval/agent.py:215: RuntimeWarning: This package (`duckduckgo_search`) has been renamed to `ddgs`! Use `pip install ddgs` instead.
  with DDGS() as ddgs:
2026-08-16 14:43:32,286 [oasis.registry] INFO: Loaded discovered config: 5 backends
2026-08-16 14:43:32,287 [oasis.registry] INFO: Registered backend: 4C Multiphysics (fourc)
2026-08-16 14:43:32,287 [oasis.registry] INFO: Registered backend: FEniCSx (dolfinx) (fenics)
2026-08-16 14:43:32,288 [oasis.registry] INFO: Registered backend: deal.II (dealii)
2026-08-16 14:43:32,291 [oasis.registry] INFO: Registered backend: FEBio (febio)
2026-08-16 14:43:32,294 [oasis.registry] INFO: Registered backend: NGSolve (ngsolve)
2026-08-16 14:43:32,294 [oasis.ngsolve] INFO: NGSolve backend registered
2026-08-16 14:43:32,296 [oasis.registry] INFO: Registered backend: scikit-fem (skfem)
2026-08-16 14:43:32,296 [oasis.skfem] INFO: scikit-fem backend registered
2026-08-16 14:43:32,300 [oasis.registry] INFO: Registered backend: Kratos Multiphysics (kratos)
2026-08-16 14:43:32,300 [oasis.kratos] INFO: Kratos Multiphysics backend registered
2026-08-16 14:43:32,302 [oasis.registry] INFO: Registered backend: DUNE-fem (dune)
2026-08-16 14:43:32,303 [oasis.dune] INFO: DUNE-fem backend registered
2026-08-16 14:43:32,308 [oasis.registry] INFO: Registered backend: SPARTA (DSMC) (sparta)
2026-08-16 14:43:32,308 [oasis.sparta] INFO: SPARTA (DSMC) backend registered
2026-08-16 14:43:32,308 [oasis] INFO: Starting OASiS MCP server
2026-08-16 14:43:32,315 [mcp.server.lowlevel.server] INFO: Processing request of type CallToolRequest
2026-08-16 14:43:32,323 [mcp.server.lowlevel.server] INFO: Processing request of type ListToolsRequest
2026-08-16 14:43:32,329 [oasis] INFO: Session journal saved: /home/alexander/Schreibtisch/ofa-v2/data/sessions/session_62aa2b0a-590d-4570-baa2-d3d3e9a41b59.json (1 events)
/home/alexander/Schreibtisch/ofa-v2/langgraph_eval/agent.py:215: RuntimeWarning: This package (`duckduckgo_search`) has been renamed to `ddgs`! Use `pip install ddgs` instead.
  with DDGS() as ddgs:
/home/alexander/Schreibtisch/ofa-v2/langgraph_eval/agent.py:215: RuntimeWarning: This package (`duckduckgo_search`) has been renamed to `ddgs`! Use `pip install ddgs` instead.
  with DDGS() as ddgs:
2026-08-16 14:43:37,909 [oasis.registry] INFO: Loaded discovered config: 5 backends
2026-08-16 14:43:37,910 [oasis.registry] INFO: Registered backend: 4C Multiphysics (fourc)
2026-08-16 14:43:37,910 [oasis.registry] INFO: Registered backend: FEniCSx (dolfinx) (fenics)
2026-08-16 14:43:37,911 [oasis.registry] INFO: Registered backend: deal.II (dealii)
2026-08-16 14:43:37,915 [oasis.registry] INFO: Registered backend: FEBio (febio)
2026-08-16 14:43:37,917 [oasis.registry] INFO: Registered backend: NGSolve (ngsolve)
2026-08-16 14:43:37,917 [oasis.ngsolve] INFO: NGSolve backend registered
2026-08-16 14:43:37,920 [oasis.registry] INFO: Registered backend: scikit-fem (skfem)
2026-08-16 14:43:37,920 [oasis.skfem] INFO: scikit-fem backend registered
2026-08-16 14:43:37,920 [oasis.registry] INFO: Loaded discovered config: 5 backends
2026-08-16 14:43:37,921 [oasis.registry] INFO: Registered backend: 4C Multiphysics (fourc)
2026-08-16 14:43:37,921 [oasis.registry] INFO: Registered backend: FEniCSx (dolfinx) (fenics)
2026-08-16 14:43:37,922 [oasis.registry] INFO: Registered backend: deal.II (dealii)
2026-08-16 14:43:37,923 [oasis.registry] INFO: Registered backend: Kratos Multiphysics (kratos)
2026-08-16 14:43:37,923 [oasis.kratos] INFO: Kratos Multiphysics backend registered
2026-08-16 14:43:37,926 [oasis.registry] INFO: Registered backend: DUNE-fem (dune)
2026-08-16 14:43:37,926 [oasis.registry] INFO: Registered backend: FEBio (febio)
2026-08-16 14:43:37,926 [oasis.dune] INFO: DUNE-fem backend registered
2026-08-16 14:43:37,928 [oasis.registry] INFO: Registered backend: NGSolve (ngsolve)
2026-08-16 14:43:37,928 [oasis.ngsolve] INFO: NGSolve backend registered
2026-08-16 14:43:37,931 [oasis.registry] INFO: Registered backend: SPARTA (DSMC) (sparta)
2026-08-16 14:43:37,931 [oasis.sparta] INFO: SPARTA (DSMC) backend registered
2026-08-16 14:43:37,931 [oasis] INFO: Starting OASiS MCP server
2026-08-16 14:43:37,931 [oasis.registry] INFO: Registered backend: scikit-fem (skfem)
2026-08-16 14:43:37,931 [oasis.skfem] INFO: scikit-fem backend registered
2026-08-16 14:43:37,934 [oasis.registry] INFO: Registered backend: Kratos Multiphysics (kratos)
2026-08-16 14:43:37,934 [oasis.kratos] INFO: Kratos Multiphysics backend registered
2026-08-16 14:43:37,937 [oasis.registry] INFO: Registered backend: DUNE-fem (dune)
2026-08-16 14:43:37,937 [oasis.dune] INFO: DUNE-fem backend registered
2026-08-16 14:43:37,938 [mcp.server.lowlevel.server] INFO: Processing request of type CallToolRequest
2026-08-16 14:43:37,942 [oasis.registry] INFO: Registered backend: SPARTA (DSMC) (sparta)
2026-08-16 14:43:37,942 [oasis.sparta] INFO: SPARTA (DSMC) backend registered
2026-08-16 14:43:37,942 [oasis] INFO: Starting OASiS MCP server
2026-08-16 14:43:37,942 [mcp.server.lowlevel.server] INFO: Processing request of type ListToolsRequest
2026-08-16 14:43:37,950 [mcp.server.lowlevel.server] INFO: Processing request of type CallToolRequest
2026-08-16 14:43:37,955 [mcp.server.lowlevel.server] INFO: Processing request of type ListToolsRequest
2026-08-16 14:43:37,961 [oasis] INFO: Session journal saved: /home/alexander/Schreibtisch/ofa-v2/data/sessions/session_58f1046d-f612-4f90-b138-6020e207e833.json (1 events)
/home/alexander/Schreibtisch/ofa-v2/langgraph_eval/agent.py:290: LangGraphDeprecatedSinceV10: create_react_agent has been moved to `langchain.agents`. Please update your import to `from langchain.agents import create_agent`. Deprecated in LangGraph V1.0 to be removed in V2.0.
  sub_agent = create_react_agent(
/home/alexander/Schreibtisch/ofa-v2/langgraph_eval/agent.py:290: LangGraphDeprecatedSinceV10: create_react_agent has been moved to `langchain.agents`. Please update your import to `from langchain.agents import create_agent`. Deprecated in LangGraph V1.0 to be removed in V2.0.
  sub_agent = create_react_agent(
/home/alexander/Schreibtisch/ofa-v2/langgraph_eval/agent.py:215: RuntimeWarning: This package (`duckduckgo_search`) has been renamed to `ddgs`! Use `pip install ddgs` instead.
  with DDGS() as ddgs:
2026-08-16 14:44:12,332 [oasis.registry] INFO: Loaded discovered config: 5 backends
2026-08-16 14:44:12,333 [oasis.registry] INFO: Registered backend: 4C Multiphysics (fourc)
2026-08-16 14:44:12,334 [oasis.registry] INFO: Registered backend: FEniCSx (dolfinx) (fenics)
2026-08-16 14:44:12,334 [oasis.registry] INFO: Registered backend: deal.II (dealii)
2026-08-16 14:44:12,338 [oasis.registry] INFO: Registered backend: FEBio (febio)
2026-08-16 14:44:12,340 [oasis.registry] INFO: Registered backend: NGSolve (ngsolve)
2026-08-16 14:44:12,341 [oasis.ngsolve] INFO: NGSolve backend registered
2026-08-16 14:44:12,343 [oasis.registry] INFO: Registered backend: scikit-fem (skfem)
2026-08-16 14:44:12,343 [oasis.skfem] INFO: scikit-fem backend registered
2026-08-16 14:44:12,347 [oasis.registry] INFO: Registered backend: Kratos Multiphysics (kratos)
2026-08-16 14:44:12,347 [oasis.kratos] INFO: Kratos Multiphysics backend registered
2026-08-16 14:44:12,349 [oasis.registry] INFO: Registered backend: DUNE-fem (dune)
2026-08-16 14:44:12,349 [oasis.dune] INFO: DUNE-fem backend registered
2026-08-16 14:44:12,354 [oasis.registry] INFO: Registered backend: SPARTA (DSMC) (sparta)
2026-08-16 14:44:12,354 [oasis.sparta] INFO: SPARTA (DSMC) backend registered
2026-08-16 14:44:12,354 [oasis] INFO: Starting OASiS MCP server
2026-08-16 14:44:12,362 [mcp.server.lowlevel.server] INFO: Processing request of type CallToolRequest
2026-08-16 14:44:12,364 [mcp.server.lowlevel.server] INFO: Processing request of type ListToolsRequest
2026-08-16 14:44:12,370 [oasis] INFO: Session journal saved: /home/alexander/Schreibtisch/ofa-v2/data/sessions/session_111aea54-6ddb-4589-a4e6-9fb1998504ea.json (1 events)
/home/alexander/Schreibtisch/ofa-v2/langgraph_eval/agent.py:215: RuntimeWarning: This package (`duckduckgo_search`) has been renamed to `ddgs`! Use `pip install ddgs` instead.
  with DDGS() as ddgs:
/home/alexander/Schreibtisch/ofa-v2/langgraph_eval/agent.py:215: RuntimeWarning: This package (`duckduckgo_search`) has been renamed to `ddgs`! Use `pip install ddgs` instead.
  with DDGS() as ddgs:
/home/alexander/Schreibtisch/ofa-v2/langgraph_eval/agent.py:215: RuntimeWarning: This package (`duckduckgo_search`) has been renamed to `ddgs`! Use `pip install ddgs` instead.
  with DDGS() as ddgs:
2026-08-16 14:44:17,184 [oasis.registry] INFO: Loaded discovered config: 5 backends
2026-08-16 14:44:17,185 [oasis.registry] INFO: Registered backend: 4C Multiphysics (fourc)
2026-08-16 14:44:17,186 [oasis.registry] INFO: Registered backend: FEniCSx (dolfinx) (fenics)
2026-08-16 14:44:17,186 [oasis.registry] INFO: Registered backend: deal.II (dealii)
2026-08-16 14:44:17,190 [oasis.registry] INFO: Registered backend: FEBio (febio)
2026-08-16 14:44:17,192 [oasis.registry] INFO: Registered backend: NGSolve (ngsolve)
2026-08-16 14:44:17,192 [oasis.ngsolve] INFO: NGSolve backend registered
2026-08-16 14:44:17,195 [oasis.registry] INFO: Registered backend: scikit-fem (skfem)
2026-08-16 14:44:17,195 [oasis.skfem] INFO: scikit-fem backend registered
2026-08-16 14:44:17,199 [oasis.registry] INFO: Registered backend: Kratos Multiphysics (kratos)
2026-08-16 14:44:17,199 [oasis.kratos] INFO: Kratos Multiphysics backend registered
2026-08-16 14:44:17,201 [oasis.registry] INFO: Registered backend: DUNE-fem (dune)
2026-08-16 14:44:17,201 [oasis.dune] INFO: DUNE-fem backend registered
2026-08-16 14:44:17,206 [oasis.registry] INFO: Registered backend: SPARTA (DSMC) (sparta)
2026-08-16 14:44:17,206 [oasis.sparta] INFO: SPARTA (DSMC) backend registered
2026-08-16 14:44:17,206 [oasis] INFO: Starting OASiS MCP server
2026-08-16 14:44:17,214 [mcp.server.lowlevel.server] INFO: Processing request of type CallToolRequest
2026-08-16 14:44:17,218 [mcp.server.lowlevel.server] INFO: Processing request of type ListToolsRequest
2026-08-16 14:44:17,223 [oasis] INFO: Session journal saved: /home/alexander/Schreibtisch/ofa-v2/data/sessions/session_8dfbb1a5-2bdb-415a-b7fb-1da715f8fb1f.json (1 events)
/home/alexander/Schreibtisch/ofa-v2/langgraph_eval/agent.py:215: RuntimeWarning: This package (`duckduckgo_search`) has been renamed to `ddgs`! Use `pip install ddgs` instead.
  with DDGS() as ddgs:
/home/alexander/Schreibtisch/ofa-v2/langgraph_eval/agent.py:215: RuntimeWarning: This package (`duckduckgo_search`) has been renamed to `ddgs`! Use `pip install ddgs` instead.
  with DDGS() as ddgs:
/home/alexander/Schreibtisch/ofa-v2/langgraph_eval/agent.py:215: RuntimeWarning: This package (`duckduckgo_search`) has been renamed to `ddgs`! Use `pip install ddgs` instead.
  with DDGS() as ddgs:
/home/alexander/Schreibtisch/ofa-v2/langgraph_eval/agent.py:215: RuntimeWarning: This package (`duckduckgo_search`) has been renamed to `ddgs`! Use `pip install ddgs` instead.
  with DDGS() as ddgs:
/home/alexander/Schreibtisch/ofa-v2/langgraph_eval/agent.py:215: RuntimeWarning: This package (`duckduckgo_search`) has been renamed to `ddgs`! Use `pip install ddgs` instead.
  with DDGS() as ddgs:
2026-08-16 14:44:18,453 [oasis.registry] INFO: Loaded discovered config: 5 backends
2026-08-16 14:44:18,454 [oasis.registry] INFO: Registered backend: 4C Multiphysics (fourc)
2026-08-16 14:44:18,455 [oasis.registry] INFO: Registered backend: FEniCSx (dolfinx) (fenics)
2026-08-16 14:44:18,456 [oasis.registry] INFO: Registered backend: deal.II (dealii)
2026-08-16 14:44:18,459 [oasis.registry] INFO: Registered backend: FEBio (febio)
2026-08-16 14:44:18,462 [oasis.registry] INFO: Registered backend: NGSolve (ngsolve)
2026-08-16 14:44:18,462 [oasis.ngsolve] INFO: NGSolve backend registered
2026-08-16 14:44:18,464 [oasis.registry] INFO: Registered backend: scikit-fem (skfem)
2026-08-16 14:44:18,464 [oasis.skfem] INFO: scikit-fem backend registered
2026-08-16 14:44:18,468 [oasis.registry] INFO: Registered backend: Kratos Multiphysics (kratos)
2026-08-16 14:44:18,468 [oasis.kratos] INFO: Kratos Multiphysics backend registered
2026-08-16 14:44:18,470 [oasis.registry] INFO: Registered backend: DUNE-fem (dune)
2026-08-16 14:44:18,470 [oasis.dune] INFO: DUNE-fem backend registered
2026-08-16 14:44:18,475 [oasis.registry] INFO: Registered backend: SPARTA (DSMC) (sparta)
2026-08-16 14:44:18,475 [oasis.sparta] INFO: SPARTA (DSMC) backend registered
2026-08-16 14:44:18,475 [oasis] INFO: Starting OASiS MCP server
2026-08-16 14:44:18,484 [mcp.server.lowlevel.server] INFO: Processing request of type CallToolRequest
2026-08-16 14:44:18,489 [mcp.server.lowlevel.server] INFO: Processing request of type ListToolsRequest
2026-08-16 14:44:18,494 [oasis] INFO: Session journal saved: /home/alexander/Schreibtisch/ofa-v2/data/sessions/session_4f7fba29-64a7-40fa-a579-ef860361a6e7.json (1 events)
/home/alexander/Schreibtisch/ofa-v2/langgraph_eval/agent.py:215: RuntimeWarning: This package (`duckduckgo_search`) has been renamed to `ddgs`! Use `pip install ddgs` instead.
  with DDGS() as ddgs:
2026-08-16 14:44:22,449 [oasis.registry] INFO: Loaded discovered config: 5 backends
2026-08-16 14:44:22,450 [oasis.registry] INFO: Registered backend: 4C Multiphysics (fourc)
2026-08-16 14:44:22,451 [oasis.registry] INFO: Registered backend: FEniCSx (dolfinx) (fenics)
2026-08-16 14:44:22,451 [oasis.registry] INFO: Registered backend: deal.II (dealii)
2026-08-16 14:44:22,455 [oasis.registry] INFO: Registered backend: FEBio (febio)
2026-08-16 14:44:22,457 [oasis.registry] INFO: Registered backend: NGSolve (ngsolve)
2026-08-16 14:44:22,457 [oasis.ngsolve] INFO: NGSolve backend registered
2026-08-16 14:44:22,460 [oasis.registry] INFO: Registered backend: scikit-fem (skfem)
2026-08-16 14:44:22,460 [oasis.skfem] INFO: scikit-fem backend registered
2026-08-16 14:44:22,464 [oasis.registry] INFO: Registered backend: Kratos Multiphysics (kratos)
2026-08-16 14:44:22,464 [oasis.kratos] INFO: Kratos Multiphysics backend registered
2026-08-16 14:44:22,466 [oasis.registry] INFO: Registered backend: DUNE-fem (dune)
2026-08-16 14:44:22,466 [oasis.dune] INFO: DUNE-fem backend registered
2026-08-16 14:44:22,471 [oasis.registry] INFO: Registered backend: SPARTA (DSMC) (sparta)
2026-08-16 14:44:22,471 [oasis.sparta] INFO: SPARTA (DSMC) backend registered
2026-08-16 14:44:22,471 [oasis] INFO: Starting OASiS MCP server
2026-08-16 14:44:22,479 [mcp.server.lowlevel.server] INFO: Processing request of type CallToolRequest
2026-08-16 14:44:22,483 [mcp.server.lowlevel.server] INFO: Processing request of type ListToolsRequest
[preflight] custody controls verified for 1 problem(s); keys sealed and unreadable by execution
[phase: development] results are for post-mortems and convergence checking, NOT for the paper's evaluation table.
[SK1 27b MCP s1] done  calls=8 tok=290480/15271 257.0s
/home/alexander/Schreibtisch/ofa-v2/campaign3_blind/run_blind.py:535: ResourceWarning: unclosed file <_io.TextIOWrapper name='/home/alexander/Schreibtisch/ofa-v2/campaign3_blind/runs/SK1_27b_MCP_seed1/work/trajectory_live.txt' mode='a' encoding='utf-8'>
  run_one(pid, a.model, cond, a.seed, a.timeout)
ResourceWarning: Enable tracemalloc to get the object allocation traceback
/home/alexander/.local/share/python/cpython-3.12.13-linux-x86_64-gnu/lib/python3.12/asyncio/selector_events.py:879: ResourceWarning: unclosed transport <_SelectorSocketTransport fd=8>
<<< cell SK1 done 2026-08-16 14:45:38
2026-08-16 14:45:59,702 [oasis.registry] INFO: Loaded discovered config: 5 backends
2026-08-16 14:45:59,703 [oasis.registry] INFO: Registered backend: 4C Multiphysics (fourc)
2026-08-16 14:45:59,703 [oasis.registry] INFO: Registered backend: FEniCSx (dolfinx) (fenics)
2026-08-16 14:45:59,704 [oasis.registry] INFO: Registered backend: deal.II (dealii)
2026-08-16 14:45:59,708 [oasis.registry] INFO: Registered backend: FEBio (febio)
2026-08-16 14:45:59,710 [oasis.registry] INFO: Registered backend: NGSolve (ngsolve)
2026-08-16 14:45:59,710 [oasis.ngsolve] INFO: NGSolve backend registered
2026-08-16 14:45:59,713 [oasis.registry] INFO: Registered backend: scikit-fem (skfem)
2026-08-16 14:45:59,713 [oasis.skfem] INFO: scikit-fem backend registered
2026-08-16 14:45:59,716 [oasis.registry] INFO: Registered backend: Kratos Multiphysics (kratos)
2026-08-16 14:45:59,716 [oasis.kratos] INFO: Kratos Multiphysics backend registered
2026-08-16 14:45:59,719 [oasis.registry] INFO: Registered backend: DUNE-fem (dune)
2026-08-16 14:45:59,719 [oasis.dune] INFO: DUNE-fem backend registered
2026-08-16 14:45:59,724 [oasis.registry] INFO: Registered backend: SPARTA (DSMC) (sparta)
2026-08-16 14:45:59,724 [oasis.sparta] INFO: SPARTA (DSMC) backend registered
2026-08-16 14:45:59,724 [oasis] INFO: Starting OASiS MCP server
2026-08-16 14:45:59,732 [mcp.server.lowlevel.server] INFO: Processing request of type CallToolRequest
2026-08-16 14:45:59,735 [mcp.server.lowlevel.server] INFO: Processing request of type ListToolsRequest
2026-08-16 14:47:04,384 [oasis.registry] INFO: Loaded discovered config: 5 backends
2026-08-16 14:47:04,385 [oasis.registry] INFO: Registered backend: 4C Multiphysics (fourc)
2026-08-16 14:47:04,386 [oasis.registry] INFO: Registered backend: FEniCSx (dolfinx) (fenics)
2026-08-16 14:47:04,386 [oasis.registry] INFO: Registered backend: deal.II (dealii)
2026-08-16 14:47:04,390 [oasis.registry] INFO: Registered backend: FEBio (febio)
2026-08-16 14:47:04,392 [oasis.registry] INFO: Registered backend: NGSolve (ngsolve)
2026-08-16 14:47:04,392 [oasis.ngsolve] INFO: NGSolve backend registered
2026-08-16 14:47:04,395 [oasis.registry] INFO: Registered backend: scikit-fem (skfem)
2026-08-16 14:47:04,395 [oasis.skfem] INFO: scikit-fem backend registered
2026-08-16 14:47:04,399 [oasis.registry] INFO: Registered backend: Kratos Multiphysics (kratos)
2026-08-16 14:47:04,399 [oasis.kratos] INFO: Kratos Multiphysics backend registered
2026-08-16 14:47:04,401 [oasis.registry] INFO: Registered backend: DUNE-fem (dune)
2026-08-16 14:47:04,401 [oasis.dune] INFO: DUNE-fem backend registered
2026-08-16 14:47:04,406 [oasis.registry] INFO: Registered backend: SPARTA (DSMC) (sparta)
2026-08-16 14:47:04,406 [oasis.sparta] INFO: SPARTA (DSMC) backend registered
2026-08-16 14:47:04,406 [oasis] INFO: Starting OASiS MCP server
2026-08-16 14:47:04,414 [mcp.server.lowlevel.server] INFO: Processing request of type CallToolRequest
2026-08-16 14:47:05,182 [mcp.server.lowlevel.server] INFO: Processing request of type ListToolsRequest
2026-08-16 14:47:05,190 [oasis] INFO: Session journal saved: /home/alexander/Schreibtisch/ofa-v2/data/sessions/session_5bfecffb-f125-4d0f-8af4-9c8250fffdc0.json (2 events)
2026-08-16 14:49:26,937 [oasis.registry] INFO: Loaded discovered config: 5 backends
2026-08-16 14:49:26,939 [oasis.registry] INFO: Registered backend: 4C Multiphysics (fourc)
2026-08-16 14:49:26,939 [oasis.registry] INFO: Registered backend: FEniCSx (dolfinx) (fenics)
2026-08-16 14:49:26,940 [oasis.registry] INFO: Registered backend: deal.II (dealii)
2026-08-16 14:49:26,943 [oasis.registry] INFO: Registered backend: FEBio (febio)
2026-08-16 14:49:26,946 [oasis.registry] INFO: Registered backend: NGSolve (ngsolve)
2026-08-16 14:49:26,946 [oasis.ngsolve] INFO: NGSolve backend registered
2026-08-16 14:49:26,948 [oasis.registry] INFO: Registered backend: scikit-fem (skfem)
2026-08-16 14:49:26,948 [oasis.skfem] INFO: scikit-fem backend registered
2026-08-16 14:49:26,952 [oasis.registry] INFO: Registered backend: Kratos Multiphysics (kratos)
2026-08-16 14:49:26,952 [oasis.kratos] INFO: Kratos Multiphysics backend registered
2026-08-16 14:49:26,955 [oasis.registry] INFO: Registered backend: DUNE-fem (dune)
2026-08-16 14:49:26,955 [oasis.dune] INFO: DUNE-fem backend registered
2026-08-16 14:49:26,960 [oasis.registry] INFO: Registered backend: SPARTA (DSMC) (sparta)
2026-08-16 14:49:26,960 [oasis.sparta] INFO: SPARTA (DSMC) backend registered
2026-08-16 14:49:26,960 [oasis] INFO: Starting OASiS MCP server
2026-08-16 14:49:26,968 [mcp.server.lowlevel.server] INFO: Processing request of type CallToolRequest
2026-08-16 14:49:27,732 [mcp.server.lowlevel.server] INFO: Processing request of type ListToolsRequest
2026-08-16 14:49:27,739 [oasis] INFO: Session journal saved: /home/alexander/Schreibtisch/ofa-v2/data/sessions/session_be5118d1-79a9-40f7-ae5e-d17159cf5d0f.json (2 events)
2026-08-16 14:51:48,135 [oasis.registry] INFO: Loaded discovered config: 5 backends
2026-08-16 14:51:48,136 [oasis.registry] INFO: Registered backend: 4C Multiphysics (fourc)
2026-08-16 14:51:48,136 [oasis.registry] INFO: Registered backend: FEniCSx (dolfinx) (fenics)
2026-08-16 14:51:48,137 [oasis.registry] INFO: Registered backend: deal.II (dealii)
2026-08-16 14:51:48,141 [oasis.registry] INFO: Registered backend: FEBio (febio)
2026-08-16 14:51:48,143 [oasis.registry] INFO: Registered backend: NGSolve (ngsolve)
2026-08-16 14:51:48,143 [oasis.ngsolve] INFO: NGSolve backend registered
2026-08-16 14:51:48,146 [oasis.registry] INFO: Registered backend: scikit-fem (skfem)
2026-08-16 14:51:48,146 [oasis.skfem] INFO: scikit-fem backend registered
2026-08-16 14:51:48,149 [oasis.registry] INFO: Registered backend: Kratos Multiphysics (kratos)
2026-08-16 14:51:48,149 [oasis.kratos] INFO: Kratos Multiphysics backend registered
2026-08-16 14:51:48,152 [oasis.registry] INFO: Registered backend: DUNE-fem (dune)
2026-08-16 14:51:48,152 [oasis.dune] INFO: DUNE-fem backend registered
2026-08-16 14:51:48,157 [oasis.registry] INFO: Registered backend: SPARTA (DSMC) (sparta)
2026-08-16 14:51:48,157 [oasis.sparta] INFO: SPARTA (DSMC) backend registered
2026-08-16 14:51:48,157 [oasis] INFO: Starting OASiS MCP server
2026-08-16 14:51:48,165 [mcp.server.lowlevel.server] INFO: Processing request of type CallToolRequest
2026-08-16 14:51:48,928 [mcp.server.lowlevel.server] INFO: Processing request of type ListToolsRequest
2026-08-16 14:51:48,935 [oasis] INFO: Session journal saved: /home/alexander/Schreibtisch/ofa-v2/data/sessions/session_9a2a13be-5afd-40e8-9ac1-99b59f5a5957.json (2 events)
2026-08-16 14:55:00,638 [oasis.registry] INFO: Loaded discovered config: 5 backends
2026-08-16 14:55:00,639 [oasis.registry] INFO: Registered backend: 4C Multiphysics (fourc)
2026-08-16 14:55:00,639 [oasis.registry] INFO: Registered backend: FEniCSx (dolfinx) (fenics)
2026-08-16 14:55:00,640 [oasis.registry] INFO: Registered backend: deal.II (dealii)
2026-08-16 14:55:00,643 [oasis.registry] INFO: Registered backend: FEBio (febio)
2026-08-16 14:55:00,646 [oasis.registry] INFO: Registered backend: NGSolve (ngsolve)
2026-08-16 14:55:00,646 [oasis.ngsolve] INFO: NGSolve backend registered
2026-08-16 14:55:00,648 [oasis.registry] INFO: Registered backend: scikit-fem (skfem)
2026-08-16 14:55:00,648 [oasis.skfem] INFO: scikit-fem backend registered
2026-08-16 14:55:00,652 [oasis.registry] INFO: Registered backend: Kratos Multiphysics (kratos)
2026-08-16 14:55:00,652 [oasis.kratos] INFO: Kratos Multiphysics backend registered
2026-08-16 14:55:00,654 [oasis.registry] INFO: Registered backend: DUNE-fem (dune)
2026-08-16 14:55:00,655 [oasis.dune] INFO: DUNE-fem backend registered
2026-08-16 14:55:00,660 [oasis.registry] INFO: Registered backend: SPARTA (DSMC) (sparta)
2026-08-16 14:55:00,660 [oasis.sparta] INFO: SPARTA (DSMC) backend registered
2026-08-16 14:55:00,660 [oasis] INFO: Starting OASiS MCP server
2026-08-16 14:55:00,667 [mcp.server.lowlevel.server] INFO: Processing request of type CallToolRequest
2026-08-16 14:55:01,437 [mcp.server.lowlevel.server] INFO: Processing request of type ListToolsRequest
2026-08-16 14:55:01,444 [oasis] INFO: Session journal saved: /home/alexander/Schreibtisch/ofa-v2/data/sessions/session_9eaf1b4d-b39f-49f4-9d68-d3670ffa6f8c.json (2 events)
2026-08-16 14:57:29,693 [oasis.registry] INFO: Loaded discovered config: 5 backends
2026-08-16 14:57:29,694 [oasis.registry] INFO: Registered backend: 4C Multiphysics (fourc)
2026-08-16 14:57:29,694 [oasis.registry] INFO: Registered backend: FEniCSx (dolfinx) (fenics)
2026-08-16 14:57:29,695 [oasis.registry] INFO: Registered backend: deal.II (dealii)
2026-08-16 14:57:29,698 [oasis.registry] INFO: Registered backend: FEBio (febio)
2026-08-16 14:57:29,701 [oasis.registry] INFO: Registered backend: NGSolve (ngsolve)
2026-08-16 14:57:29,701 [oasis.ngsolve] INFO: NGSolve backend registered
2026-08-16 14:57:29,703 [oasis.registry] INFO: Registered backend: scikit-fem (skfem)
2026-08-16 14:57:29,703 [oasis.skfem] INFO: scikit-fem backend registered
2026-08-16 14:57:29,707 [oasis.registry] INFO: Registered backend: Kratos Multiphysics (kratos)
2026-08-16 14:57:29,707 [oasis.kratos] INFO: Kratos Multiphysics backend registered
2026-08-16 14:57:29,709 [oasis.registry] INFO: Registered backend: DUNE-fem (dune)
2026-08-16 14:57:29,709 [oasis.dune] INFO: DUNE-fem backend registered
2026-08-16 14:57:29,715 [oasis.registry] INFO: Registered backend: SPARTA (DSMC) (sparta)
2026-08-16 14:57:29,715 [oasis.sparta] INFO: SPARTA (DSMC) backend registered
2026-08-16 14:57:29,715 [oasis] INFO: Starting OASiS MCP server
2026-08-16 14:57:29,722 [mcp.server.lowlevel.server] INFO: Processing request of type CallToolRequest
2026-08-16 14:57:30,480 [mcp.server.lowlevel.server] INFO: Processing request of type ListToolsRequest
2026-08-16 14:57:30,486 [oasis] INFO: Session journal saved: /home/alexander/Schreibtisch/ofa-v2/data/sessions/session_6dfe6a58-b5d7-40e3-8d66-85d9aeaef16f.json (2 events)
2026-08-16 15:00:06,589 [oasis.registry] INFO: Loaded discovered config: 5 backends
2026-08-16 15:00:06,590 [oasis.registry] INFO: Registered backend: 4C Multiphysics (fourc)
2026-08-16 15:00:06,590 [oasis.registry] INFO: Registered backend: FEniCSx (dolfinx) (fenics)
2026-08-16 15:00:06,591 [oasis.registry] INFO: Registered backend: deal.II (dealii)
2026-08-16 15:00:06,595 [oasis.registry] INFO: Registered backend: FEBio (febio)
2026-08-16 15:00:06,597 [oasis.registry] INFO: Registered backend: NGSolve (ngsolve)
2026-08-16 15:00:06,597 [oasis.ngsolve] INFO: NGSolve backend registered
2026-08-16 15:00:06,600 [oasis.registry] INFO: Registered backend: scikit-fem (skfem)
2026-08-16 15:00:06,600 [oasis.skfem] INFO: scikit-fem backend registered
2026-08-16 15:00:06,603 [oasis.registry] INFO: Registered backend: Kratos Multiphysics (kratos)
2026-08-16 15:00:06,603 [oasis.kratos] INFO: Kratos Multiphysics backend registered
2026-08-16 15:00:06,606 [oasis.registry] INFO: Registered backend: DUNE-fem (dune)
2026-08-16 15:00:06,606 [oasis.dune] INFO: DUNE-fem backend registered
2026-08-16 15:00:06,611 [oasis.registry] INFO: Registered backend: SPARTA (DSMC) (sparta)
2026-08-16 15:00:06,611 [oasis.sparta] INFO: SPARTA (DSMC) backend registered
2026-08-16 15:00:06,611 [oasis] INFO: Starting OASiS MCP server
2026-08-16 15:00:06,619 [mcp.server.lowlevel.server] INFO: Processing request of type CallToolRequest
2026-08-16 15:00:07,392 [mcp.server.lowlevel.server] INFO: Processing request of type ListToolsRequest
2026-08-16 15:00:07,399 [oasis] INFO: Session journal saved: /home/alexander/Schreibtisch/ofa-v2/data/sessions/session_0d0ff265-113e-44d4-9a46-7cbc589dfe24.json (2 events)
[preflight] custody controls verified for 1 problem(s); keys sealed and unreadable by execution
[phase: development] results are for post-mortems and convergence checking, NOT for the paper's evaluation table.
[SK2 27b BARE s1] done  calls=118 tok=4792410/55526 2085.4s
2026-08-16 15:00:52,757 [oasis.registry] INFO: Loaded discovered config: 5 backends
2026-08-16 15:00:52,758 [oasis.registry] INFO: Registered backend: 4C Multiphysics (fourc)
2026-08-16 15:00:52,759 [oasis.registry] INFO: Registered backend: FEniCSx (dolfinx) (fenics)
2026-08-16 15:00:52,759 [oasis.registry] INFO: Registered backend: deal.II (dealii)
2026-08-16 15:00:52,763 [oasis.registry] INFO: Registered backend: FEBio (febio)
2026-08-16 15:00:52,766 [oasis.registry] INFO: Registered backend: NGSolve (ngsolve)
2026-08-16 15:00:52,766 [oasis.ngsolve] INFO: NGSolve backend registered
2026-08-16 15:00:52,768 [oasis.registry] INFO: Registered backend: scikit-fem (skfem)
2026-08-16 15:00:52,768 [oasis.skfem] INFO: scikit-fem backend registered
2026-08-16 15:00:52,772 [oasis.registry] INFO: Registered backend: Kratos Multiphysics (kratos)
2026-08-16 15:00:52,772 [oasis.kratos] INFO: Kratos Multiphysics backend registered
2026-08-16 15:00:52,774 [oasis.registry] INFO: Registered backend: DUNE-fem (dune)
2026-08-16 15:00:52,774 [oasis.dune] INFO: DUNE-fem backend registered
2026-08-16 15:00:52,779 [oasis.registry] INFO: Registered backend: SPARTA (DSMC) (sparta)
2026-08-16 15:00:52,779 [oasis.sparta] INFO: SPARTA (DSMC) backend registered
2026-08-16 15:00:52,779 [oasis] INFO: Starting OASiS MCP server
2026-08-16 15:00:52,788 [mcp.server.lowlevel.server] INFO: Processing request of type ListToolsRequest
2026-08-16 15:01:01,238 [oasis.registry] INFO: Loaded discovered config: 5 backends
2026-08-16 15:01:01,239 [oasis.registry] INFO: Registered backend: 4C Multiphysics (fourc)
2026-08-16 15:01:01,240 [oasis.registry] INFO: Registered backend: FEniCSx (dolfinx) (fenics)
2026-08-16 15:01:01,241 [oasis.registry] INFO: Registered backend: deal.II (dealii)
2026-08-16 15:01:01,242 [oasis.registry] INFO: Loaded discovered config: 5 backends
2026-08-16 15:01:01,243 [oasis.registry] INFO: Registered backend: 4C Multiphysics (fourc)
2026-08-16 15:01:01,243 [oasis.registry] INFO: Registered backend: FEniCSx (dolfinx) (fenics)
2026-08-16 15:01:01,244 [oasis.registry] INFO: Registered backend: deal.II (dealii)
2026-08-16 15:01:01,244 [oasis.registry] INFO: Registered backend: FEBio (febio)
2026-08-16 15:01:01,247 [oasis.registry] INFO: Registered backend: NGSolve (ngsolve)
2026-08-16 15:01:01,247 [oasis.ngsolve] INFO: NGSolve backend registered
2026-08-16 15:01:01,247 [oasis.registry] INFO: Registered backend: FEBio (febio)
2026-08-16 15:01:01,249 [oasis.registry] INFO: Registered backend: scikit-fem (skfem)
2026-08-16 15:01:01,250 [oasis.skfem] INFO: scikit-fem backend registered
2026-08-16 15:01:01,250 [oasis.registry] INFO: Registered backend: NGSolve (ngsolve)
2026-08-16 15:01:01,250 [oasis.ngsolve] INFO: NGSolve backend registered
2026-08-16 15:01:01,253 [oasis.registry] INFO: Registered backend: scikit-fem (skfem)
2026-08-16 15:01:01,253 [oasis.skfem] INFO: scikit-fem backend registered
2026-08-16 15:01:01,253 [oasis.registry] INFO: Registered backend: Kratos Multiphysics (kratos)
2026-08-16 15:01:01,253 [oasis.kratos] INFO: Kratos Multiphysics backend registered
2026-08-16 15:01:01,256 [oasis.registry] INFO: Registered backend: DUNE-fem (dune)
2026-08-16 15:01:01,256 [oasis.dune] INFO: DUNE-fem backend registered
2026-08-16 15:01:01,256 [oasis.registry] INFO: Registered backend: Kratos Multiphysics (kratos)
2026-08-16 15:01:01,256 [oasis.kratos] INFO: Kratos Multiphysics backend registered
2026-08-16 15:01:01,259 [oasis.registry] INFO: Registered backend: DUNE-fem (dune)
2026-08-16 15:01:01,259 [oasis.dune] INFO: DUNE-fem backend registered
2026-08-16 15:01:01,261 [oasis.registry] INFO: Registered backend: SPARTA (DSMC) (sparta)
2026-08-16 15:01:01,261 [oasis.sparta] INFO: SPARTA (DSMC) backend registered
2026-08-16 15:01:01,261 [oasis] INFO: Starting OASiS MCP server
2026-08-16 15:01:01,264 [oasis.registry] INFO: Registered backend: SPARTA (DSMC) (sparta)
2026-08-16 15:01:01,264 [oasis.sparta] INFO: SPARTA (DSMC) backend registered
2026-08-16 15:01:01,264 [oasis] INFO: Starting OASiS MCP server
2026-08-16 15:01:01,269 [mcp.server.lowlevel.server] INFO: Processing request of type CallToolRequest
2026-08-16 15:01:01,272 [mcp.server.lowlevel.server] INFO: Processing request of type CallToolRequest
2026-08-16 15:01:04,623 [mcp.server.lowlevel.server] INFO: Processing request of type ListToolsRequest
2026-08-16 15:01:04,656 [mcp.server.lowlevel.server] INFO: Processing request of type ListToolsRequest
2026-08-16 15:01:04,664 [oasis] INFO: Session journal saved: /home/alexander/Schreibtisch/ofa-v2/data/sessions/session_47bfc169-f276-438a-a4f4-12e286b89b75.json (1 events)
2026-08-16 15:01:08,968 [oasis.registry] INFO: Loaded discovered config: 5 backends
2026-08-16 15:01:08,969 [oasis.registry] INFO: Registered backend: 4C Multiphysics (fourc)
2026-08-16 15:01:08,969 [oasis.registry] INFO: Registered backend: FEniCSx (dolfinx) (fenics)
2026-08-16 15:01:08,970 [oasis.registry] INFO: Registered backend: deal.II (dealii)
2026-08-16 15:01:08,973 [oasis.registry] INFO: Registered backend: FEBio (febio)
2026-08-16 15:01:08,976 [oasis.registry] INFO: Registered backend: NGSolve (ngsolve)
2026-08-16 15:01:08,976 [oasis.ngsolve] INFO: NGSolve backend registered
2026-08-16 15:01:08,978 [oasis.registry] INFO: Registered backend: scikit-fem (skfem)
2026-08-16 15:01:08,978 [oasis.skfem] INFO: scikit-fem backend registered
2026-08-16 15:01:08,982 [oasis.registry] INFO: Registered backend: Kratos Multiphysics (kratos)
2026-08-16 15:01:08,982 [oasis.kratos] INFO: Kratos Multiphysics backend registered
2026-08-16 15:01:08,985 [oasis.registry] INFO: Registered backend: DUNE-fem (dune)
2026-08-16 15:01:08,985 [oasis.dune] INFO: DUNE-fem backend registered
2026-08-16 15:01:08,990 [oasis.registry] INFO: Registered backend: SPARTA (DSMC) (sparta)
2026-08-16 15:01:08,990 [oasis.sparta] INFO: SPARTA (DSMC) backend registered
2026-08-16 15:01:08,990 [oasis] INFO: Starting OASiS MCP server
2026-08-16 15:01:08,998 [mcp.server.lowlevel.server] INFO: Processing request of type CallToolRequest
2026-08-16 15:01:09,003 [mcp.server.lowlevel.server] INFO: Processing request of type ListToolsRequest
2026-08-16 15:01:13,001 [oasis.registry] INFO: Loaded discovered config: 5 backends
2026-08-16 15:01:13,002 [oasis.registry] INFO: Registered backend: 4C Multiphysics (fourc)
2026-08-16 15:01:13,003 [oasis.registry] INFO: Registered backend: FEniCSx (dolfinx) (fenics)
2026-08-16 15:01:13,003 [oasis.registry] INFO: Registered backend: deal.II (dealii)
2026-08-16 15:01:13,007 [oasis.registry] INFO: Registered backend: FEBio (febio)
2026-08-16 15:01:13,009 [oasis.registry] INFO: Registered backend: NGSolve (ngsolve)
2026-08-16 15:01:13,009 [oasis.ngsolve] INFO: NGSolve backend registered
2026-08-16 15:01:13,012 [oasis.registry] INFO: Registered backend: scikit-fem (skfem)
2026-08-16 15:01:13,012 [oasis.skfem] INFO: scikit-fem backend registered
2026-08-16 15:01:13,016 [oasis.registry] INFO: Registered backend: Kratos Multiphysics (kratos)
2026-08-16 15:01:13,016 [oasis.kratos] INFO: Kratos Multiphysics backend registered
2026-08-16 15:01:13,018 [oasis.registry] INFO: Registered backend: DUNE-fem (dune)
2026-08-16 15:01:13,018 [oasis.dune] INFO: DUNE-fem backend registered
2026-08-16 15:01:13,023 [oasis.registry] INFO: Registered backend: SPARTA (DSMC) (sparta)
2026-08-16 15:01:13,023 [oasis.sparta] INFO: SPARTA (DSMC) backend registered
2026-08-16 15:01:13,023 [oasis] INFO: Starting OASiS MCP server
2026-08-16 15:01:13,031 [mcp.server.lowlevel.server] INFO: Processing request of type CallToolRequest
2026-08-16 15:01:13,039 [mcp.server.lowlevel.server] INFO: Processing request of type ListToolsRequest
2026-08-16 15:01:13,044 [oasis] INFO: Session journal saved: /home/alexander/Schreibtisch/ofa-v2/data/sessions/session_28e85ec6-c96a-4173-8d57-29085e8d4f0f.json (1 events)
2026-08-16 15:01:15,976 [oasis.registry] INFO: Loaded discovered config: 5 backends
2026-08-16 15:01:15,977 [oasis.registry] INFO: Registered backend: 4C Multiphysics (fourc)
2026-08-16 15:01:15,977 [oasis.registry] INFO: Registered backend: FEniCSx (dolfinx) (fenics)
2026-08-16 15:01:15,978 [oasis.registry] INFO: Registered backend: deal.II (dealii)
2026-08-16 15:01:15,981 [oasis.registry] INFO: Registered backend: FEBio (febio)
2026-08-16 15:01:15,984 [oasis.registry] INFO: Registered backend: NGSolve (ngsolve)
2026-08-16 15:01:15,984 [oasis.ngsolve] INFO: NGSolve backend registered
2026-08-16 15:01:15,986 [oasis.registry] INFO: Registered backend: scikit-fem (skfem)
2026-08-16 15:01:15,987 [oasis.skfem] INFO: scikit-fem backend registered
2026-08-16 15:01:15,990 [oasis.registry] INFO: Registered backend: Kratos Multiphysics (kratos)
2026-08-16 15:01:15,990 [oasis.kratos] INFO: Kratos Multiphysics backend registered
2026-08-16 15:01:15,993 [oasis.registry] INFO: Registered backend: DUNE-fem (dune)
2026-08-16 15:01:15,993 [oasis.dune] INFO: DUNE-fem backend registered
2026-08-16 15:01:15,997 [oasis.registry] INFO: Registered backend: SPARTA (DSMC) (sparta)
2026-08-16 15:01:15,997 [oasis.sparta] INFO: SPARTA (DSMC) backend registered
2026-08-16 15:01:15,998 [oasis] INFO: Starting OASiS MCP server
2026-08-16 15:01:16,005 [mcp.server.lowlevel.server] INFO: Processing request of type CallToolRequest
2026-08-16 15:01:16,013 [mcp.server.lowlevel.server] INFO: Processing request of type ListToolsRequest
2026-08-16 15:01:16,019 [oasis] INFO: Session journal saved: /home/alexander/Schreibtisch/ofa-v2/data/sessions/session_4d4939ff-6d18-47ef-a066-5cc8c1bd5236.json (1 events)
2026-08-16 15:01:19,103 [oasis.registry] INFO: Loaded discovered config: 5 backends
2026-08-16 15:01:19,104 [oasis.registry] INFO: Registered backend: 4C Multiphysics (fourc)
2026-08-16 15:01:19,104 [oasis.registry] INFO: Registered backend: FEniCSx (dolfinx) (fenics)
2026-08-16 15:01:19,105 [oasis.registry] INFO: Registered backend: deal.II (dealii)
2026-08-16 15:01:19,109 [oasis.registry] INFO: Registered backend: FEBio (febio)
2026-08-16 15:01:19,111 [oasis.registry] INFO: Registered backend: NGSolve (ngsolve)
2026-08-16 15:01:19,111 [oasis.ngsolve] INFO: NGSolve backend registered
2026-08-16 15:01:19,114 [oasis.registry] INFO: Registered backend: scikit-fem (skfem)
2026-08-16 15:01:19,114 [oasis.skfem] INFO: scikit-fem backend registered
2026-08-16 15:01:19,117 [oasis.registry] INFO: Registered backend: Kratos Multiphysics (kratos)
2026-08-16 15:01:19,117 [oasis.kratos] INFO: Kratos Multiphysics backend registered
2026-08-16 15:01:19,120 [oasis.registry] INFO: Registered backend: DUNE-fem (dune)
2026-08-16 15:01:19,120 [oasis.dune] INFO: DUNE-fem backend registered
2026-08-16 15:01:19,124 [oasis.registry] INFO: Registered backend: SPARTA (DSMC) (sparta)
2026-08-16 15:01:19,125 [oasis.sparta] INFO: SPARTA (DSMC) backend registered
2026-08-16 15:01:19,125 [oasis] INFO: Starting OASiS MCP server
2026-08-16 15:01:19,132 [mcp.server.lowlevel.server] INFO: Processing request of type CallToolRequest
2026-08-16 15:01:19,140 [mcp.server.lowlevel.server] INFO: Processing request of type ListToolsRequest
2026-08-16 15:01:19,145 [oasis] INFO: Session journal saved: /home/alexander/Schreibtisch/ofa-v2/data/sessions/session_ec4e0a54-d644-46bd-a2b4-44fcda6c26ca.json (1 events)
/home/alexander/Schreibtisch/ofa-v2/langgraph_eval/agent.py:215: RuntimeWarning: This package (`duckduckgo_search`) has been renamed to `ddgs`! Use `pip install ddgs` instead.
  with DDGS() as ddgs:
/home/alexander/Schreibtisch/ofa-v2/langgraph_eval/agent.py:215: RuntimeWarning: This package (`duckduckgo_search`) has been renamed to `ddgs`! Use `pip install ddgs` instead.
  with DDGS() as ddgs:
2026-08-16 15:01:38,409 [oasis.registry] INFO: Loaded discovered config: 5 backends
2026-08-16 15:01:38,410 [oasis.registry] INFO: Registered backend: 4C Multiphysics (fourc)
2026-08-16 15:01:38,411 [oasis.registry] INFO: Registered backend: FEniCSx (dolfinx) (fenics)
2026-08-16 15:01:38,411 [oasis.registry] INFO: Registered backend: deal.II (dealii)
2026-08-16 15:01:38,415 [oasis.registry] INFO: Registered backend: FEBio (febio)
2026-08-16 15:01:38,417 [oasis.registry] INFO: Registered backend: NGSolve (ngsolve)
2026-08-16 15:01:38,417 [oasis.ngsolve] INFO: NGSolve backend registered
2026-08-16 15:01:38,420 [oasis.registry] INFO: Registered backend: scikit-fem (skfem)
2026-08-16 15:01:38,420 [oasis.skfem] INFO: scikit-fem backend registered
2026-08-16 15:01:38,424 [oasis.registry] INFO: Registered backend: Kratos Multiphysics (kratos)
2026-08-16 15:01:38,424 [oasis.kratos] INFO: Kratos Multiphysics backend registered
2026-08-16 15:01:38,424 [oasis.registry] INFO: Loaded discovered config: 5 backends
2026-08-16 15:01:38,425 [oasis.registry] INFO: Registered backend: 4C Multiphysics (fourc)
2026-08-16 15:01:38,426 [oasis.registry] INFO: Registered backend: FEniCSx (dolfinx) (fenics)
2026-08-16 15:01:38,426 [oasis.registry] INFO: Registered backend: deal.II (dealii)
2026-08-16 15:01:38,426 [oasis.registry] INFO: Registered backend: DUNE-fem (dune)
2026-08-16 15:01:38,426 [oasis.dune] INFO: DUNE-fem backend registered
2026-08-16 15:01:38,430 [oasis.registry] INFO: Registered backend: FEBio (febio)
2026-08-16 15:01:38,431 [oasis.registry] INFO: Registered backend: SPARTA (DSMC) (sparta)
2026-08-16 15:01:38,431 [oasis.sparta] INFO: SPARTA (DSMC) backend registered
2026-08-16 15:01:38,431 [oasis] INFO: Starting OASiS MCP server
2026-08-16 15:01:38,432 [oasis.registry] INFO: Registered backend: NGSolve (ngsolve)
2026-08-16 15:01:38,432 [oasis.ngsolve] INFO: NGSolve backend registered
2026-08-16 15:01:38,435 [oasis.registry] INFO: Registered backend: scikit-fem (skfem)
2026-08-16 15:01:38,435 [oasis.skfem] INFO: scikit-fem backend registered
2026-08-16 15:01:38,438 [oasis.registry] INFO: Registered backend: Kratos Multiphysics (kratos)
2026-08-16 15:01:38,439 [oasis.kratos] INFO: Kratos Multiphysics backend registered
2026-08-16 15:01:38,439 [mcp.server.lowlevel.server] INFO: Processing request of type CallToolRequest
2026-08-16 15:01:38,441 [oasis.registry] INFO: Registered backend: DUNE-fem (dune)
2026-08-16 15:01:38,441 [oasis.dune] INFO: DUNE-fem backend registered
2026-08-16 15:01:38,446 [oasis.registry] INFO: Registered backend: SPARTA (DSMC) (sparta)
2026-08-16 15:01:38,446 [oasis.sparta] INFO: SPARTA (DSMC) backend registered
2026-08-16 15:01:38,446 [oasis] INFO: Starting OASiS MCP server
2026-08-16 15:01:38,447 [mcp.server.lowlevel.server] INFO: Processing request of type ListToolsRequest
2026-08-16 15:01:38,453 [oasis] INFO: Session journal saved: /home/alexander/Schreibtisch/ofa-v2/data/sessions/session_dede7a62-426f-475f-85e7-7ca1a26bac8b.json (1 events)
2026-08-16 15:01:38,454 [mcp.server.lowlevel.server] INFO: Processing request of type CallToolRequest
2026-08-16 15:01:38,458 [mcp.server.lowlevel.server] INFO: Processing request of type ListToolsRequest
/home/alexander/Schreibtisch/ofa-v2/langgraph_eval/agent.py:215: RuntimeWarning: This package (`duckduckgo_search`) has been renamed to `ddgs`! Use `pip install ddgs` instead.
  with DDGS() as ddgs:
/home/alexander/Schreibtisch/ofa-v2/langgraph_eval/agent.py:215: RuntimeWarning: This package (`duckduckgo_search`) has been renamed to `ddgs`! Use `pip install ddgs` instead.
  with DDGS() as ddgs:
/home/alexander/Schreibtisch/ofa-v2/langgraph_eval/agent.py:215: RuntimeWarning: This package (`duckduckgo_search`) has been renamed to `ddgs`! Use `pip install ddgs` instead.
  with DDGS() as ddgs:
/home/alexander/Schreibtisch/ofa-v2/langgraph_eval/agent.py:215: RuntimeWarning: This package (`duckduckgo_search`) has been renamed to `ddgs`! Use `pip install ddgs` instead.
  with DDGS() as ddgs:
/home/alexander/Schreibtisch/ofa-v2/langgraph_eval/agent.py:215: RuntimeWarning: This package (`duckduckgo_search`) has been renamed to `ddgs`! Use `pip install ddgs` instead.
  with DDGS() as ddgs:
2026-08-16 15:01:43,967 [oasis.registry] INFO: Loaded discovered config: 5 backends
2026-08-16 15:01:43,968 [oasis.registry] INFO: Registered backend: 4C Multiphysics (fourc)
2026-08-16 15:01:43,968 [oasis.registry] INFO: Registered backend: FEniCSx (dolfinx) (fenics)
2026-08-16 15:01:43,969 [oasis.registry] INFO: Registered backend: deal.II (dealii)
2026-08-16 15:01:43,973 [oasis.registry] INFO: Registered backend: FEBio (febio)
2026-08-16 15:01:43,975 [oasis.registry] INFO: Registered backend: NGSolve (ngsolve)
2026-08-16 15:01:43,975 [oasis.ngsolve] INFO: NGSolve backend registered
2026-08-16 15:01:43,978 [oasis.registry] INFO: Registered backend: scikit-fem (skfem)
2026-08-16 15:01:43,978 [oasis.skfem] INFO: scikit-fem backend registered
2026-08-16 15:01:43,981 [oasis.registry] INFO: Registered backend: Kratos Multiphysics (kratos)
2026-08-16 15:01:43,982 [oasis.kratos] INFO: Kratos Multiphysics backend registered
2026-08-16 15:01:43,984 [oasis.registry] INFO: Registered backend: DUNE-fem (dune)
2026-08-16 15:01:43,984 [oasis.dune] INFO: DUNE-fem backend registered
2026-08-16 15:01:43,989 [oasis.registry] INFO: Registered backend: SPARTA (DSMC) (sparta)
2026-08-16 15:01:43,989 [oasis.sparta] INFO: SPARTA (DSMC) backend registered
2026-08-16 15:01:43,989 [oasis] INFO: Starting OASiS MCP server
2026-08-16 15:01:43,997 [mcp.server.lowlevel.server] INFO: Processing request of type CallToolRequest
2026-08-16 15:01:44,001 [mcp.server.lowlevel.server] INFO: Processing request of type ListToolsRequest
2026-08-16 15:01:44,006 [oasis] INFO: Session journal saved: /home/alexander/Schreibtisch/ofa-v2/data/sessions/session_19151fcc-d5db-4387-be30-287eb820ca79.json (1 events)
/home/alexander/Schreibtisch/ofa-v2/langgraph_eval/agent.py:215: RuntimeWarning: This package (`duckduckgo_search`) has been renamed to `ddgs`! Use `pip install ddgs` instead.
  with DDGS() as ddgs:
/home/alexander/Schreibtisch/ofa-v2/langgraph_eval/agent.py:215: RuntimeWarning: This package (`duckduckgo_search`) has been renamed to `ddgs`! Use `pip install ddgs` instead.
  with DDGS() as ddgs:
/home/alexander/Schreibtisch/ofa-v2/langgraph_eval/agent.py:215: RuntimeWarning: This package (`duckduckgo_search`) has been renamed to `ddgs`! Use `pip install ddgs` instead.
  with DDGS() as ddgs:
/home/alexander/Schreibtisch/ofa-v2/langgraph_eval/agent.py:215: RuntimeWarning: This package (`duckduckgo_search`) has been renamed to `ddgs`! Use `pip install ddgs` instead.
  with DDGS() as ddgs:
/home/alexander/Schreibtisch/ofa-v2/langgraph_eval/agent.py:215: RuntimeWarning: This package (`duckduckgo_search`) has been renamed to `ddgs`! Use `pip install ddgs` instead.
  with DDGS() as ddgs:
/home/alexander/Schreibtisch/ofa-v2/langgraph_eval/agent.py:215: RuntimeWarning: This package (`duckduckgo_search`) has been renamed to `ddgs`! Use `pip install ddgs` instead.
  with DDGS() as ddgs:
/home/alexander/Schreibtisch/ofa-v2/langgraph_eval/agent.py:215: RuntimeWarning: This package (`duckduckgo_search`) has been renamed to `ddgs`! Use `pip install ddgs` instead.
  with DDGS() as ddgs:
/home/alexander/Schreibtisch/ofa-v2/langgraph_eval/agent.py:215: RuntimeWarning: This package (`duckduckgo_search`) has been renamed to `ddgs`! Use `pip install ddgs` instead.
  with DDGS() as ddgs:
/home/alexander/Schreibtisch/ofa-v2/langgraph_eval/agent.py:215: RuntimeWarning: This package (`duckduckgo_search`) has been renamed to `ddgs`! Use `pip install ddgs` instead.
  with DDGS() as ddgs:
/home/alexander/Schreibtisch/ofa-v2/langgraph_eval/agent.py:215: RuntimeWarning: This package (`duckduckgo_search`) has been renamed to `ddgs`! Use `pip install ddgs` instead.
  with DDGS() as ddgs:
/home/alexander/Schreibtisch/ofa-v2/langgraph_eval/agent.py:215: RuntimeWarning: This package (`duckduckgo_search`) has been renamed to `ddgs`! Use `pip install ddgs` instead.
  with DDGS() as ddgs:
/home/alexander/Schreibtisch/ofa-v2/langgraph_eval/agent.py:215: RuntimeWarning: This package (`duckduckgo_search`) has been renamed to `ddgs`! Use `pip install ddgs` instead.
  with DDGS() as ddgs:
/home/alexander/Schreibtisch/ofa-v2/langgraph_eval/agent.py:215: RuntimeWarning: This package (`duckduckgo_search`) has been renamed to `ddgs`! Use `pip install ddgs` instead.
  with DDGS() as ddgs:
/home/alexander/Schreibtisch/ofa-v2/langgraph_eval/agent.py:215: RuntimeWarning: This package (`duckduckgo_search`) has been renamed to `ddgs`! Use `pip install ddgs` instead.
  with DDGS() as ddgs:
/home/alexander/Schreibtisch/ofa-v2/langgraph_eval/agent.py:215: RuntimeWarning: This package (`duckduckgo_search`) has been renamed to `ddgs`! Use `pip install ddgs` instead.
  with DDGS() as ddgs:
/home/alexander/Schreibtisch/ofa-v2/langgraph_eval/agent.py:215: RuntimeWarning: This package (`duckduckgo_search`) has been renamed to `ddgs`! Use `pip install ddgs` instead.
  with DDGS() as ddgs:
/home/alexander/Schreibtisch/ofa-v2/langgraph_eval/agent.py:215: RuntimeWarning: This package (`duckduckgo_search`) has been renamed to `ddgs`! Use `pip install ddgs` instead.
  with DDGS() as ddgs:
/home/alexander/Schreibtisch/ofa-v2/langgraph_eval/agent.py:215: RuntimeWarning: This package (`duckduckgo_search`) has been renamed to `ddgs`! Use `pip install ddgs` instead.
  with DDGS() as ddgs:
/home/alexander/Schreibtisch/ofa-v2/langgraph_eval/agent.py:215: RuntimeWarning: This package (`duckduckgo_search`) has been renamed to `ddgs`! Use `pip install ddgs` instead.
  with DDGS() as ddgs:
/home/alexander/Schreibtisch/ofa-v2/langgraph_eval/agent.py:215: RuntimeWarning: This package (`duckduckgo_search`) has been renamed to `ddgs`! Use `pip install ddgs` instead.
  with DDGS() as ddgs:
/home/alexander/Schreibtisch/ofa-v2/langgraph_eval/agent.py:215: RuntimeWarning: This package (`duckduckgo_search`) has been renamed to `ddgs`! Use `pip install ddgs` instead.
  with DDGS() as ddgs:
/home/alexander/Schreibtisch/ofa-v2/langgraph_eval/agent.py:215: RuntimeWarning: This package (`duckduckgo_search`) has been renamed to `ddgs`! Use `pip install ddgs` instead.
  with DDGS() as ddgs:
/home/alexander/Schreibtisch/ofa-v2/langgraph_eval/agent.py:215: RuntimeWarning: This package (`duckduckgo_search`) has been renamed to `ddgs`! Use `pip install ddgs` instead.
  with DDGS() as ddgs:
/home/alexander/Schreibtisch/ofa-v2/langgraph_eval/agent.py:215: RuntimeWarning: This package (`duckduckgo_search`) has been renamed to `ddgs`! Use `pip install ddgs` instead.
  with DDGS() as ddgs:
/home/alexander/Schreibtisch/ofa-v2/langgraph_eval/agent.py:215: RuntimeWarning: This package (`duckduckgo_search`) has been renamed to `ddgs`! Use `pip install ddgs` instead.
  with DDGS() as ddgs:
/home/alexander/Schreibtisch/ofa-v2/langgraph_eval/agent.py:215: RuntimeWarning: This package (`duckduckgo_search`) has been renamed to `ddgs`! Use `pip install ddgs` instead.
  with DDGS() as ddgs:
/home/alexander/Schreibtisch/ofa-v2/langgraph_eval/agent.py:215: RuntimeWarning: This package (`duckduckgo_search`) has been renamed to `ddgs`! Use `pip install ddgs` instead.
  with DDGS() as ddgs:
/home/alexander/Schreibtisch/ofa-v2/langgraph_eval/agent.py:215: RuntimeWarning: This package (`duckduckgo_search`) has been renamed to `ddgs`! Use `pip install ddgs` instead.
  with DDGS() as ddgs:
/home/alexander/Schreibtisch/ofa-v2/langgraph_eval/agent.py:215: RuntimeWarning: This package (`duckduckgo_search`) has been renamed to `ddgs`! Use `pip install ddgs` instead.
  with DDGS() as ddgs:
/home/alexander/Schreibtisch/ofa-v2/langgraph_eval/agent.py:215: RuntimeWarning: This package (`duckduckgo_search`) has been renamed to `ddgs`! Use `pip install ddgs` instead.
  with DDGS() as ddgs:
/home/alexander/Schreibtisch/ofa-v2/langgraph_eval/agent.py:215: RuntimeWarning: This package (`duckduckgo_search`) has been renamed to `ddgs`! Use `pip install ddgs` instead.
  with DDGS() as ddgs:
/home/alexander/Schreibtisch/ofa-v2/langgraph_eval/agent.py:215: RuntimeWarning: This package (`duckduckgo_search`) has been renamed to `ddgs`! Use `pip install ddgs` instead.
  with DDGS() as ddgs:
/home/alexander/Schreibtisch/ofa-v2/langgraph_eval/agent.py:215: RuntimeWarning: This package (`duckduckgo_search`) has been renamed to `ddgs`! Use `pip install ddgs` instead.
  with DDGS() as ddgs:
/home/alexander/Schreibtisch/ofa-v2/langgraph_eval/agent.py:215: RuntimeWarning: This package (`duckduckgo_search`) has been renamed to `ddgs`! Use `pip install ddgs` instead.
  with DDGS() as ddgs:
/home/alexander/Schreibtisch/ofa-v2/langgraph_eval/agent.py:215: RuntimeWarning: This package (`duckduckgo_search`) has been renamed to `ddgs`! Use `pip install ddgs` instead.
  with DDGS() as ddgs:
/home/alexander/Schreibtisch/ofa-v2/langgraph_eval/agent.py:215: RuntimeWarning: This package (`duckduckgo_search`) has been renamed to `ddgs`! Use `pip install ddgs` instead.
  with DDGS() as ddgs:
/home/alexander/Schreibtisch/ofa-v2/langgraph_eval/agent.py:215: RuntimeWarning: This package (`duckduckgo_search`) has been renamed to `ddgs`! Use `pip install ddgs` instead.
  with DDGS() as ddgs:
/home/alexander/Schreibtisch/ofa-v2/langgraph_eval/agent.py:215: RuntimeWarning: This package (`duckduckgo_search`) has been renamed to `ddgs`! Use `pip install ddgs` instead.
  with DDGS() as ddgs:
/home/alexander/Schreibtisch/ofa-v2/langgraph_eval/agent.py:215: RuntimeWarning: This package (`duckduckgo_search`) has been renamed to `ddgs`! Use `pip install ddgs` instead.
  with DDGS() as ddgs:
/home/alexander/Schreibtisch/ofa-v2/langgraph_eval/agent.py:215: RuntimeWarning: This package (`duckduckgo_search`) has been renamed to `ddgs`! Use `pip install ddgs` instead.
  with DDGS() as ddgs:
/home/alexander/Schreibtisch/ofa-v2/langgraph_eval/agent.py:215: RuntimeWarning: This package (`duckduckgo_search`) has been renamed to `ddgs`! Use `pip install ddgs` instead.
  with DDGS() as ddgs:
/home/alexander/Schreibtisch/ofa-v2/langgraph_eval/agent.py:215: RuntimeWarning: This package (`duckduckgo_search`) has been renamed to `ddgs`! Use `pip install ddgs` instead.
  with DDGS() as ddgs:
/home/alexander/Schreibtisch/ofa-v2/langgraph_eval/agent.py:215: RuntimeWarning: This package (`duckduckgo_search`) has been renamed to `ddgs`! Use `pip install ddgs` instead.
  with DDGS() as ddgs:
/home/alexander/Schreibtisch/ofa-v2/langgraph_eval/agent.py:215: RuntimeWarning: This package (`duckduckgo_search`) has been renamed to `ddgs`! Use `pip install ddgs` instead.
  with DDGS() as ddgs:
/home/alexander/Schreibtisch/ofa-v2/langgraph_eval/agent.py:215: RuntimeWarning: This package (`duckduckgo_search`) has been renamed to `ddgs`! Use `pip install ddgs` instead.
  with DDGS() as ddgs:
/home/alexander/Schreibtisch/ofa-v2/langgraph_eval/agent.py:215: RuntimeWarning: This package (`duckduckgo_search`) has been renamed to `ddgs`! Use `pip install ddgs` instead.
  with DDGS() as ddgs:
/home/alexander/Schreibtisch/ofa-v2/langgraph_eval/agent.py:215: RuntimeWarning: This package (`duckduckgo_search`) has been renamed to `ddgs`! Use `pip install ddgs` instead.
  with DDGS() as ddgs:
/home/alexander/Schreibtisch/ofa-v2/langgraph_eval/agent.py:215: RuntimeWarning: This package (`duckduckgo_search`) has been renamed to `ddgs`! Use `pip install ddgs` instead.
  with DDGS() as ddgs:
/home/alexander/Schreibtisch/ofa-v2/langgraph_eval/agent.py:215: RuntimeWarning: This package (`duckduckgo_search`) has been renamed to `ddgs`! Use `pip install ddgs` instead.
  with DDGS() as ddgs:
/home/alexander/Schreibtisch/ofa-v2/langgraph_eval/agent.py:215: RuntimeWarning: This package (`duckduckgo_search`) has been renamed to `ddgs`! Use `pip install ddgs` instead.
  with DDGS() as ddgs:
/home/alexander/Schreibtisch/ofa-v2/langgraph_eval/agent.py:215: RuntimeWarning: This package (`duckduckgo_search`) has been renamed to `ddgs`! Use `pip install ddgs` instead.
  with DDGS() as ddgs:
/home/alexander/Schreibtisch/ofa-v2/langgraph_eval/agent.py:215: RuntimeWarning: This package (`duckduckgo_search`) has been renamed to `ddgs`! Use `pip install ddgs` instead.
  with DDGS() as ddgs:
/home/alexander/Schreibtisch/ofa-v2/langgraph_eval/agent.py:215: RuntimeWarning: This package (`duckduckgo_search`) has been renamed to `ddgs`! Use `pip install ddgs` instead.
  with DDGS() as ddgs:
/home/alexander/Schreibtisch/ofa-v2/langgraph_eval/agent.py:215: RuntimeWarning: This package (`duckduckgo_search`) has been renamed to `ddgs`! Use `pip install ddgs` instead.
  with DDGS() as ddgs:
/home/alexander/Schreibtisch/ofa-v2/langgraph_eval/agent.py:215: RuntimeWarning: This package (`duckduckgo_search`) has been renamed to `ddgs`! Use `pip install ddgs` instead.
  with DDGS() as ddgs:
/home/alexander/Schreibtisch/ofa-v2/langgraph_eval/agent.py:215: RuntimeWarning: This package (`duckduckgo_search`) has been renamed to `ddgs`! Use `pip install ddgs` instead.
  with DDGS() as ddgs:
/home/alexander/Schreibtisch/ofa-v2/langgraph_eval/agent.py:215: RuntimeWarning: This package (`duckduckgo_search`) has been renamed to `ddgs`! Use `pip install ddgs` instead.
  with DDGS() as ddgs:
/home/alexander/Schreibtisch/ofa-v2/langgraph_eval/agent.py:215: RuntimeWarning: This package (`duckduckgo_search`) has been renamed to `ddgs`! Use `pip install ddgs` instead.
  with DDGS() as ddgs:
/home/alexander/Schreibtisch/ofa-v2/langgraph_eval/agent.py:215: RuntimeWarning: This package (`duckduckgo_search`) has been renamed to `ddgs`! Use `pip install ddgs` instead.
  with DDGS() as ddgs:
/home/alexander/Schreibtisch/ofa-v2/langgraph_eval/agent.py:215: RuntimeWarning: This package (`duckduckgo_search`) has been renamed to `ddgs`! Use `pip install ddgs` instead.
  with DDGS() as ddgs:
/home/alexander/Schreibtisch/ofa-v2/langgraph_eval/agent.py:215: RuntimeWarning: This package (`duckduckgo_search`) has been renamed to `ddgs`! Use `pip install ddgs` instead.
  with DDGS() as ddgs:
/home/alexander/Schreibtisch/ofa-v2/langgraph_eval/agent.py:215: RuntimeWarning: This package (`duckduckgo_search`) has been renamed to `ddgs`! Use `pip install ddgs` instead.
  with DDGS() as ddgs:
/home/alexander/Schreibtisch/ofa-v2/langgraph_eval/agent.py:215: RuntimeWarning: This package (`duckduckgo_search`) has been renamed to `ddgs`! Use `pip install ddgs` instead.
  with DDGS() as ddgs:
/home/alexander/Schreibtisch/ofa-v2/langgraph_eval/agent.py:215: RuntimeWarning: This package (`duckduckgo_search`) has been renamed to `ddgs`! Use `pip install ddgs` instead.
  with DDGS() as ddgs:
/home/alexander/Schreibtisch/ofa-v2/langgraph_eval/agent.py:215: RuntimeWarning: This package (`duckduckgo_search`) has been renamed to `ddgs`! Use `pip install ddgs` instead.
  with DDGS() as ddgs:
/home/alexander/Schreibtisch/ofa-v2/langgraph_eval/agent.py:215: RuntimeWarning: This package (`duckduckgo_search`) has been renamed to `ddgs`! Use `pip install ddgs` instead.
  with DDGS() as ddgs:
/home/alexander/Schreibtisch/ofa-v2/langgraph_eval/agent.py:215: RuntimeWarning: This package (`duckduckgo_search`) has been renamed to `ddgs`! Use `pip install ddgs` instead.
  with DDGS() as ddgs:
/home/alexander/Schreibtisch/ofa-v2/langgraph_eval/agent.py:215: RuntimeWarning: This package (`duckduckgo_search`) has been renamed to `ddgs`! Use `pip install ddgs` instead.
  with DDGS() as ddgs:
/home/alexander/Schreibtisch/ofa-v2/langgraph_eval/agent.py:215: RuntimeWarning: This package (`duckduckgo_search`) has been renamed to `ddgs`! Use `pip install ddgs` instead.
  with DDGS() as ddgs:
/home/alexander/Schreibtisch/ofa-v2/langgraph_eval/agent.py:215: RuntimeWarning: This package (`duckduckgo_search`) has been renamed to `ddgs`! Use `pip install ddgs` instead.
  with DDGS() as ddgs:
/home/alexander/Schreibtisch/ofa-v2/langgraph_eval/agent.py:215: RuntimeWarning: This package (`duckduckgo_search`) has been renamed to `ddgs`! Use `pip install ddgs` instead.
  with DDGS() as ddgs:
/home/alexander/Schreibtisch/ofa-v2/langgraph_eval/agent.py:215: RuntimeWarning: This package (`duckduckgo_search`) has been renamed to `ddgs`! Use `pip install ddgs` instead.
  with DDGS() as ddgs:
/home/alexander/Schreibtisch/ofa-v2/langgraph_eval/agent.py:215: RuntimeWarning: This package (`duckduckgo_search`) has been renamed to `ddgs`! Use `pip install ddgs` instead.
  with DDGS() as ddgs:
/home/alexander/Schreibtisch/ofa-v2/langgraph_eval/agent.py:215: RuntimeWarning: This package (`duckduckgo_search`) has been renamed to `ddgs`! Use `pip install ddgs` instead.
  with DDGS() as ddgs:
/home/alexander/Schreibtisch/ofa-v2/langgraph_eval/agent.py:215: RuntimeWarning: This package (`duckduckgo_search`) has been renamed to `ddgs`! Use `pip install ddgs` instead.
  with DDGS() as ddgs:
/home/alexander/Schreibtisch/ofa-v2/langgraph_eval/agent.py:215: RuntimeWarning: This package (`duckduckgo_search`) has been renamed to `ddgs`! Use `pip install ddgs` instead.
  with DDGS() as ddgs:
/home/alexander/Schreibtisch/ofa-v2/langgraph_eval/agent.py:215: RuntimeWarning: This package (`duckduckgo_search`) has been renamed to `ddgs`! Use `pip install ddgs` instead.
  with DDGS() as ddgs:
/home/alexander/Schreibtisch/ofa-v2/langgraph_eval/agent.py:215: RuntimeWarning: This package (`duckduckgo_search`) has been renamed to `ddgs`! Use `pip install ddgs` instead.
  with DDGS() as ddgs:
/home/alexander/Schreibtisch/ofa-v2/langgraph_eval/agent.py:215: RuntimeWarning: This package (`duckduckgo_search`) has been renamed to `ddgs`! Use `pip install ddgs` instead.
  with DDGS() as ddgs:
/home/alexander/Schreibtisch/ofa-v2/langgraph_eval/agent.py:215: RuntimeWarning: This package (`duckduckgo_search`) has been renamed to `ddgs`! Use `pip install ddgs` instead.
  with DDGS() as ddgs:
/home/alexander/Schreibtisch/ofa-v2/langgraph_eval/agent.py:215: RuntimeWarning: This package (`duckduckgo_search`) has been renamed to `ddgs`! Use `pip install ddgs` instead.
  with DDGS() as ddgs:
/home/alexander/Schreibtisch/ofa-v2/langgraph_eval/agent.py:215: RuntimeWarning: This package (`duckduckgo_search`) has been renamed to `ddgs`! Use `pip install ddgs` instead.
  with DDGS() as ddgs:
/home/alexander/Schreibtisch/ofa-v2/langgraph_eval/agent.py:215: RuntimeWarning: This package (`duckduckgo_search`) has been renamed to `ddgs`! Use `pip install ddgs` instead.
  with DDGS() as ddgs:
/home/alexander/Schreibtisch/ofa-v2/langgraph_eval/agent.py:215: RuntimeWarning: This package (`duckduckgo_search`) has been renamed to `ddgs`! Use `pip install ddgs` instead.
  with DDGS() as ddgs:
/home/alexander/Schreibtisch/ofa-v2/langgraph_eval/agent.py:215: RuntimeWarning: This package (`duckduckgo_search`) has been renamed to `ddgs`! Use `pip install ddgs` instead.
  with DDGS() as ddgs:
/home/alexander/Schreibtisch/ofa-v2/langgraph_eval/agent.py:290: LangGraphDeprecatedSinceV10: create_react_agent has been moved to `langchain.agents`. Please update your import to `from langchain.agents import create_agent`. Deprecated in LangGraph V1.0 to be removed in V2.0.
  sub_agent = create_react_agent(
/home/alexander/Schreibtisch/ofa-v2/langgraph_eval/agent.py:215: RuntimeWarning: This package (`duckduckgo_search`) has been renamed to `ddgs`! Use `pip install ddgs` instead.
  with DDGS() as ddgs:
/home/alexander/Schreibtisch/ofa-v2/langgraph_eval/agent.py:215: RuntimeWarning: This package (`duckduckgo_search`) has been renamed to `ddgs`! Use `pip install ddgs` instead.
  with DDGS() as ddgs:
2026-08-16 15:03:28,497 [oasis.registry] INFO: Loaded discovered config: 5 backends
2026-08-16 15:03:28,498 [oasis.registry] INFO: Registered backend: 4C Multiphysics (fourc)
2026-08-16 15:03:28,499 [oasis.registry] INFO: Registered backend: FEniCSx (dolfinx) (fenics)
2026-08-16 15:03:28,499 [oasis.registry] INFO: Registered backend: deal.II (dealii)
2026-08-16 15:03:28,503 [oasis.registry] INFO: Registered backend: FEBio (febio)
2026-08-16 15:03:28,505 [oasis.registry] INFO: Registered backend: NGSolve (ngsolve)
2026-08-16 15:03:28,506 [oasis.ngsolve] INFO: NGSolve backend registered
2026-08-16 15:03:28,508 [oasis.registry] INFO: Registered backend: scikit-fem (skfem)
2026-08-16 15:03:28,508 [oasis.skfem] INFO: scikit-fem backend registered
2026-08-16 15:03:28,512 [oasis.registry] INFO: Registered backend: Kratos Multiphysics (kratos)
2026-08-16 15:03:28,512 [oasis.kratos] INFO: Kratos Multiphysics backend registered
2026-08-16 15:03:28,513 [oasis.registry] INFO: Loaded discovered config: 5 backends
2026-08-16 15:03:28,514 [oasis.registry] INFO: Registered backend: 4C Multiphysics (fourc)
2026-08-16 15:03:28,514 [oasis.registry] INFO: Registered backend: DUNE-fem (dune)
2026-08-16 15:03:28,514 [oasis.dune] INFO: DUNE-fem backend registered
2026-08-16 15:03:28,515 [oasis.registry] INFO: Registered backend: FEniCSx (dolfinx) (fenics)
2026-08-16 15:03:28,515 [oasis.registry] INFO: Registered backend: deal.II (dealii)
2026-08-16 15:03:28,519 [oasis.registry] INFO: Registered backend: FEBio (febio)
2026-08-16 15:03:28,519 [oasis.registry] INFO: Registered backend: SPARTA (DSMC) (sparta)
2026-08-16 15:03:28,519 [oasis.sparta] INFO: SPARTA (DSMC) backend registered
2026-08-16 15:03:28,519 [oasis] INFO: Starting OASiS MCP server
2026-08-16 15:03:28,521 [oasis.registry] INFO: Registered backend: NGSolve (ngsolve)
2026-08-16 15:03:28,521 [oasis.ngsolve] INFO: NGSolve backend registered
2026-08-16 15:03:28,524 [oasis.registry] INFO: Registered backend: scikit-fem (skfem)
2026-08-16 15:03:28,524 [oasis.skfem] INFO: scikit-fem backend registered
2026-08-16 15:03:28,527 [mcp.server.lowlevel.server] INFO: Processing request of type CallToolRequest
2026-08-16 15:03:28,528 [oasis.registry] INFO: Registered backend: Kratos Multiphysics (kratos)
2026-08-16 15:03:28,528 [oasis.kratos] INFO: Kratos Multiphysics backend registered
2026-08-16 15:03:28,530 [oasis.registry] INFO: Registered backend: DUNE-fem (dune)
2026-08-16 15:03:28,530 [oasis.dune] INFO: DUNE-fem backend registered
2026-08-16 15:03:28,535 [mcp.server.lowlevel.server] INFO: Processing request of type ListToolsRequest
2026-08-16 15:03:28,535 [oasis.registry] INFO: Registered backend: SPARTA (DSMC) (sparta)
2026-08-16 15:03:28,535 [oasis.sparta] INFO: SPARTA (DSMC) backend registered
2026-08-16 15:03:28,535 [oasis] INFO: Starting OASiS MCP server
2026-08-16 15:03:28,541 [oasis] INFO: Session journal saved: /home/alexander/Schreibtisch/ofa-v2/data/sessions/session_98d3e282-73cb-4d2c-a522-c9a0ee8cd9f7.json (1 events)
2026-08-16 15:03:28,543 [mcp.server.lowlevel.server] INFO: Processing request of type CallToolRequest
2026-08-16 15:03:28,548 [mcp.server.lowlevel.server] INFO: Processing request of type ListToolsRequest
/home/alexander/Schreibtisch/ofa-v2/langgraph_eval/agent.py:215: RuntimeWarning: This package (`duckduckgo_search`) has been renamed to `ddgs`! Use `pip install ddgs` instead.
  with DDGS() as ddgs:
/home/alexander/Schreibtisch/ofa-v2/langgraph_eval/agent.py:215: RuntimeWarning: This package (`duckduckgo_search`) has been renamed to `ddgs`! Use `pip install ddgs` instead.
  with DDGS() as ddgs:
/home/alexander/Schreibtisch/ofa-v2/langgraph_eval/agent.py:215: RuntimeWarning: This package (`duckduckgo_search`) has been renamed to `ddgs`! Use `pip install ddgs` instead.
  with DDGS() as ddgs:
/home/alexander/Schreibtisch/ofa-v2/langgraph_eval/agent.py:215: RuntimeWarning: This package (`duckduckgo_search`) has been renamed to `ddgs`! Use `pip install ddgs` instead.
  with DDGS() as ddgs:
/home/alexander/Schreibtisch/ofa-v2/langgraph_eval/agent.py:215: RuntimeWarning: This package (`duckduckgo_search`) has been renamed to `ddgs`! Use `pip install ddgs` instead.
  with DDGS() as ddgs:
/home/alexander/Schreibtisch/ofa-v2/langgraph_eval/agent.py:215: RuntimeWarning: This package (`duckduckgo_search`) has been renamed to `ddgs`! Use `pip install ddgs` instead.
  with DDGS() as ddgs:
/home/alexander/Schreibtisch/ofa-v2/langgraph_eval/agent.py:215: RuntimeWarning: This package (`duckduckgo_search`) has been renamed to `ddgs`! Use `pip install ddgs` instead.
  with DDGS() as ddgs:
/home/alexander/Schreibtisch/ofa-v2/langgraph_eval/agent.py:215: RuntimeWarning: This package (`duckduckgo_search`) has been renamed to `ddgs`! Use `pip install ddgs` instead.
  with DDGS() as ddgs:
/home/alexander/Schreibtisch/ofa-v2/langgraph_eval/agent.py:215: RuntimeWarning: This package (`duckduckgo_search`) has been renamed to `ddgs`! Use `pip install ddgs` instead.
  with DDGS() as ddgs:
/home/alexander/Schreibtisch/ofa-v2/langgraph_eval/agent.py:215: RuntimeWarning: This package (`duckduckgo_search`) has been renamed to `ddgs`! Use `pip install ddgs` instead.
  with DDGS() as ddgs:
/home/alexander/Schreibtisch/ofa-v2/langgraph_eval/agent.py:215: RuntimeWarning: This package (`duckduckgo_search`) has been renamed to `ddgs`! Use `pip install ddgs` instead.
  with DDGS() as ddgs:
2026-08-16 15:03:36,718 [oasis.registry] INFO: Loaded discovered config: 5 backends
2026-08-16 15:03:36,719 [oasis.registry] INFO: Registered backend: 4C Multiphysics (fourc)
2026-08-16 15:03:36,720 [oasis.registry] INFO: Registered backend: FEniCSx (dolfinx) (fenics)
2026-08-16 15:03:36,720 [oasis.registry] INFO: Registered backend: deal.II (dealii)
2026-08-16 15:03:36,724 [oasis.registry] INFO: Registered backend: FEBio (febio)
2026-08-16 15:03:36,726 [oasis.registry] INFO: Registered backend: NGSolve (ngsolve)
2026-08-16 15:03:36,726 [oasis.ngsolve] INFO: NGSolve backend registered
2026-08-16 15:03:36,729 [oasis.registry] INFO: Registered backend: scikit-fem (skfem)
2026-08-16 15:03:36,729 [oasis.skfem] INFO: scikit-fem backend registered
2026-08-16 15:03:36,732 [oasis.registry] INFO: Registered backend: Kratos Multiphysics (kratos)
2026-08-16 15:03:36,732 [oasis.kratos] INFO: Kratos Multiphysics backend registered
2026-08-16 15:03:36,735 [oasis.registry] INFO: Registered backend: DUNE-fem (dune)
2026-08-16 15:03:36,735 [oasis.dune] INFO: DUNE-fem backend registered
/home/alexander/Schreibtisch/ofa-v2/langgraph_eval/agent.py:215: RuntimeWarning: This package (`duckduckgo_search`) has been renamed to `ddgs`! Use `pip install ddgs` instead.
  with DDGS() as ddgs:
2026-08-16 15:03:36,740 [oasis.registry] INFO: Registered backend: SPARTA (DSMC) (sparta)
2026-08-16 15:03:36,740 [oasis.sparta] INFO: SPARTA (DSMC) backend registered
2026-08-16 15:03:36,740 [oasis] INFO: Starting OASiS MCP server
2026-08-16 15:03:36,748 [mcp.server.lowlevel.server] INFO: Processing request of type CallToolRequest
/home/alexander/Schreibtisch/ofa-v2/langgraph_eval/agent.py:215: RuntimeWarning: This package (`duckduckgo_search`) has been renamed to `ddgs`! Use `pip install ddgs` instead.
  with DDGS() as ddgs:
2026-08-16 15:03:37,504 [mcp.server.lowlevel.server] INFO: Processing request of type ListToolsRequest
2026-08-16 15:03:37,511 [oasis] INFO: Session journal saved: /home/alexander/Schreibtisch/ofa-v2/data/sessions/session_b50d8e8f-8e26-4e93-968e-c60cf7271f36.json (2 events)
/home/alexander/Schreibtisch/ofa-v2/langgraph_eval/agent.py:215: RuntimeWarning: This package (`duckduckgo_search`) has been renamed to `ddgs`! Use `pip install ddgs` instead.
  with DDGS() as ddgs:
/home/alexander/Schreibtisch/ofa-v2/langgraph_eval/agent.py:215: RuntimeWarning: This package (`duckduckgo_search`) has been renamed to `ddgs`! Use `pip install ddgs` instead.
  with DDGS() as ddgs:
/home/alexander/Schreibtisch/ofa-v2/langgraph_eval/agent.py:215: RuntimeWarning: This package (`duckduckgo_search`) has been renamed to `ddgs`! Use `pip install ddgs` instead.
  with DDGS() as ddgs:
/home/alexander/Schreibtisch/ofa-v2/langgraph_eval/agent.py:215: RuntimeWarning: This package (`duckduckgo_search`) has been renamed to `ddgs`! Use `pip install ddgs` instead.
  with DDGS() as ddgs:
/home/alexander/Schreibtisch/ofa-v2/langgraph_eval/agent.py:215: RuntimeWarning: This package (`duckduckgo_search`) has been renamed to `ddgs`! Use `pip install ddgs` instead.
  with DDGS() as ddgs:
/home/alexander/Schreibtisch/ofa-v2/langgraph_eval/agent.py:215: RuntimeWarning: This package (`duckduckgo_search`) has been renamed to `ddgs`! Use `pip install ddgs` instead.
  with DDGS() as ddgs:
/home/alexander/Schreibtisch/ofa-v2/langgraph_eval/agent.py:215: RuntimeWarning: This package (`duckduckgo_search`) has been renamed to `ddgs`! Use `pip install ddgs` instead.
  with DDGS() as ddgs:
/home/alexander/Schreibtisch/ofa-v2/langgraph_eval/agent.py:215: RuntimeWarning: This package (`duckduckgo_search`) has been renamed to `ddgs`! Use `pip install ddgs` instead.
  with DDGS() as ddgs:
/home/alexander/Schreibtisch/ofa-v2/langgraph_eval/agent.py:215: RuntimeWarning: This package (`duckduckgo_search`) has been renamed to `ddgs`! Use `pip install ddgs` instead.
  with DDGS() as ddgs:
/home/alexander/Schreibtisch/ofa-v2/langgraph_eval/agent.py:215: RuntimeWarning: This package (`duckduckgo_search`) has been renamed to `ddgs`! Use `pip install ddgs` instead.
  with DDGS() as ddgs:
/home/alexander/Schreibtisch/ofa-v2/langgraph_eval/agent.py:215: RuntimeWarning: This package (`duckduckgo_search`) has been renamed to `ddgs`! Use `pip install ddgs` instead.
  with DDGS() as ddgs:
/home/alexander/Schreibtisch/ofa-v2/langgraph_eval/agent.py:215: RuntimeWarning: This package (`duckduckgo_search`) has been renamed to `ddgs`! Use `pip install ddgs` instead.
  with DDGS() as ddgs:
/home/alexander/Schreibtisch/ofa-v2/langgraph_eval/agent.py:215: RuntimeWarning: This package (`duckduckgo_search`) has been renamed to `ddgs`! Use `pip install ddgs` instead.
  with DDGS() as ddgs:
/home/alexander/Schreibtisch/ofa-v2/langgraph_eval/agent.py:215: RuntimeWarning: This package (`duckduckgo_search`) has been renamed to `ddgs`! Use `pip install ddgs` instead.
  with DDGS() as ddgs:
/home/alexander/Schreibtisch/ofa-v2/langgraph_eval/agent.py:215: RuntimeWarning: This package (`duckduckgo_search`) has been renamed to `ddgs`! Use `pip install ddgs` instead.
  with DDGS() as ddgs:
/home/alexander/Schreibtisch/ofa-v2/langgraph_eval/agent.py:215: RuntimeWarning: This package (`duckduckgo_search`) has been renamed to `ddgs`! Use `pip install ddgs` instead.
  with DDGS() as ddgs:
/home/alexander/Schreibtisch/ofa-v2/langgraph_eval/agent.py:215: RuntimeWarning: This package (`duckduckgo_search`) has been renamed to `ddgs`! Use `pip install ddgs` instead.
  with DDGS() as ddgs:
/home/alexander/Schreibtisch/ofa-v2/langgraph_eval/agent.py:215: RuntimeWarning: This package (`duckduckgo_search`) has been renamed to `ddgs`! Use `pip install ddgs` instead.
  with DDGS() as ddgs:
/home/alexander/Schreibtisch/ofa-v2/langgraph_eval/agent.py:215: RuntimeWarning: This package (`duckduckgo_search`) has been renamed to `ddgs`! Use `pip install ddgs` instead.
  with DDGS() as ddgs:
/home/alexander/Schreibtisch/ofa-v2/langgraph_eval/agent.py:215: RuntimeWarning: This package (`duckduckgo_search`) has been renamed to `ddgs`! Use `pip install ddgs` instead.
  with DDGS() as ddgs:
/home/alexander/Schreibtisch/ofa-v2/langgraph_eval/agent.py:215: RuntimeWarning: This package (`duckduckgo_search`) has been renamed to `ddgs`! Use `pip install ddgs` instead.
  with DDGS() as ddgs:
/home/alexander/Schreibtisch/ofa-v2/langgraph_eval/agent.py:215: RuntimeWarning: This package (`duckduckgo_search`) has been renamed to `ddgs`! Use `pip install ddgs` instead.
  with DDGS() as ddgs:
/home/alexander/Schreibtisch/ofa-v2/langgraph_eval/agent.py:215: RuntimeWarning: This package (`duckduckgo_search`) has been renamed to `ddgs`! Use `pip install ddgs` instead.
  with DDGS() as ddgs:
/home/alexander/Schreibtisch/ofa-v2/langgraph_eval/agent.py:215: RuntimeWarning: This package (`duckduckgo_search`) has been renamed to `ddgs`! Use `pip install ddgs` instead.
  with DDGS() as ddgs:
/home/alexander/Schreibtisch/ofa-v2/langgraph_eval/agent.py:215: RuntimeWarning: This package (`duckduckgo_search`) has been renamed to `ddgs`! Use `pip install ddgs` instead.
  with DDGS() as ddgs:
/home/alexander/Schreibtisch/ofa-v2/langgraph_eval/agent.py:215: RuntimeWarning: This package (`duckduckgo_search`) has been renamed to `ddgs`! Use `pip install ddgs` instead.
  with DDGS() as ddgs:
/home/alexander/Schreibtisch/ofa-v2/langgraph_eval/agent.py:215: RuntimeWarning: This package (`duckduckgo_search`) has been renamed to `ddgs`! Use `pip install ddgs` instead.
  with DDGS() as ddgs:
/home/alexander/Schreibtisch/ofa-v2/langgraph_eval/agent.py:215: RuntimeWarning: This package (`duckduckgo_search`) has been renamed to `ddgs`! Use `pip install ddgs` instead.
  with DDGS() as ddgs:
/home/alexander/Schreibtisch/ofa-v2/langgraph_eval/agent.py:215: RuntimeWarning: This package (`duckduckgo_search`) has been renamed to `ddgs`! Use `pip install ddgs` instead.
  with DDGS() as ddgs:
/home/alexander/Schreibtisch/ofa-v2/langgraph_eval/agent.py:215: RuntimeWarning: This package (`duckduckgo_search`) has been renamed to `ddgs`! Use `pip install ddgs` instead.
  with DDGS() as ddgs:
/home/alexander/Schreibtisch/ofa-v2/langgraph_eval/agent.py:215: RuntimeWarning: This package (`duckduckgo_search`) has been renamed to `ddgs`! Use `pip install ddgs` instead.
  with DDGS() as ddgs:
/home/alexander/Schreibtisch/ofa-v2/langgraph_eval/agent.py:215: RuntimeWarning: This package (`duckduckgo_search`) has been renamed to `ddgs`! Use `pip install ddgs` instead.
  with DDGS() as ddgs:
/home/alexander/Schreibtisch/ofa-v2/langgraph_eval/agent.py:215: RuntimeWarning: This package (`duckduckgo_search`) has been renamed to `ddgs`! Use `pip install ddgs` instead.
  with DDGS() as ddgs:
/home/alexander/Schreibtisch/ofa-v2/langgraph_eval/agent.py:215: RuntimeWarning: This package (`duckduckgo_search`) has been renamed to `ddgs`! Use `pip install ddgs` instead.
  with DDGS() as ddgs:
/home/alexander/Schreibtisch/ofa-v2/langgraph_eval/agent.py:215: RuntimeWarning: This package (`duckduckgo_search`) has been renamed to `ddgs`! Use `pip install ddgs` instead.
  with DDGS() as ddgs:
/home/alexander/Schreibtisch/ofa-v2/langgraph_eval/agent.py:215: RuntimeWarning: This package (`duckduckgo_search`) has been renamed to `ddgs`! Use `pip install ddgs` instead.
  with DDGS() as ddgs:
/home/alexander/Schreibtisch/ofa-v2/langgraph_eval/agent.py:215: RuntimeWarning: This package (`duckduckgo_search`) has been renamed to `ddgs`! Use `pip install ddgs` instead.
  with DDGS() as ddgs:
/home/alexander/Schreibtisch/ofa-v2/langgraph_eval/agent.py:215: RuntimeWarning: This package (`duckduckgo_search`) has been renamed to `ddgs`! Use `pip install ddgs` instead.
  with DDGS() as ddgs:
/home/alexander/Schreibtisch/ofa-v2/langgraph_eval/agent.py:215: RuntimeWarning: This package (`duckduckgo_search`) has been renamed to `ddgs`! Use `pip install ddgs` instead.
  with DDGS() as ddgs:
/home/alexander/Schreibtisch/ofa-v2/langgraph_eval/agent.py:215: RuntimeWarning: This package (`duckduckgo_search`) has been renamed to `ddgs`! Use `pip install ddgs` instead.
  with DDGS() as ddgs:
/home/alexander/Schreibtisch/ofa-v2/langgraph_eval/agent.py:215: RuntimeWarning: This package (`duckduckgo_search`) has been renamed to `ddgs`! Use `pip install ddgs` instead.
  with DDGS() as ddgs:
/home/alexander/Schreibtisch/ofa-v2/langgraph_eval/agent.py:215: RuntimeWarning: This package (`duckduckgo_search`) has been renamed to `ddgs`! Use `pip install ddgs` instead.
  with DDGS() as ddgs:
/home/alexander/Schreibtisch/ofa-v2/langgraph_eval/agent.py:215: RuntimeWarning: This package (`duckduckgo_search`) has been renamed to `ddgs`! Use `pip install ddgs` instead.
  with DDGS() as ddgs:
/home/alexander/Schreibtisch/ofa-v2/langgraph_eval/agent.py:215: RuntimeWarning: This package (`duckduckgo_search`) has been renamed to `ddgs`! Use `pip install ddgs` instead.
  with DDGS() as ddgs:
/home/alexander/Schreibtisch/ofa-v2/langgraph_eval/agent.py:215: RuntimeWarning: This package (`duckduckgo_search`) has been renamed to `ddgs`! Use `pip install ddgs` instead.
  with DDGS() as ddgs:
/home/alexander/Schreibtisch/ofa-v2/langgraph_eval/agent.py:215: RuntimeWarning: This package (`duckduckgo_search`) has been renamed to `ddgs`! Use `pip install ddgs` instead.
  with DDGS() as ddgs:
/home/alexander/Schreibtisch/ofa-v2/langgraph_eval/agent.py:215: RuntimeWarning: This package (`duckduckgo_search`) has been renamed to `ddgs`! Use `pip install ddgs` instead.
  with DDGS() as ddgs:
/home/alexander/Schreibtisch/ofa-v2/langgraph_eval/agent.py:215: RuntimeWarning: This package (`duckduckgo_search`) has been renamed to `ddgs`! Use `pip install ddgs` instead.
  with DDGS() as ddgs:
/home/alexander/Schreibtisch/ofa-v2/langgraph_eval/agent.py:215: RuntimeWarning: This package (`duckduckgo_search`) has been renamed to `ddgs`! Use `pip install ddgs` instead.
  with DDGS() as ddgs:
/home/alexander/Schreibtisch/ofa-v2/langgraph_eval/agent.py:215: RuntimeWarning: This package (`duckduckgo_search`) has been renamed to `ddgs`! Use `pip install ddgs` instead.
  with DDGS() as ddgs:
/home/alexander/Schreibtisch/ofa-v2/langgraph_eval/agent.py:215: RuntimeWarning: This package (`duckduckgo_search`) has been renamed to `ddgs`! Use `pip install ddgs` instead.
  with DDGS() as ddgs:
/home/alexander/Schreibtisch/ofa-v2/langgraph_eval/agent.py:215: RuntimeWarning: This package (`duckduckgo_search`) has been renamed to `ddgs`! Use `pip install ddgs` instead.
  with DDGS() as ddgs:
/home/alexander/Schreibtisch/ofa-v2/langgraph_eval/agent.py:215: RuntimeWarning: This package (`duckduckgo_search`) has been renamed to `ddgs`! Use `pip install ddgs` instead.
  with DDGS() as ddgs:
/home/alexander/Schreibtisch/ofa-v2/langgraph_eval/agent.py:215: RuntimeWarning: This package (`duckduckgo_search`) has been renamed to `ddgs`! Use `pip install ddgs` instead.
  with DDGS() as ddgs:
/home/alexander/Schreibtisch/ofa-v2/langgraph_eval/agent.py:215: RuntimeWarning: This package (`duckduckgo_search`) has been renamed to `ddgs`! Use `pip install ddgs` instead.
  with DDGS() as ddgs:
/home/alexander/Schreibtisch/ofa-v2/langgraph_eval/agent.py:215: RuntimeWarning: This package (`duckduckgo_search`) has been renamed to `ddgs`! Use `pip install ddgs` instead.
  with DDGS() as ddgs:
/home/alexander/Schreibtisch/ofa-v2/langgraph_eval/agent.py:215: RuntimeWarning: This package (`duckduckgo_search`) has been renamed to `ddgs`! Use `pip install ddgs` instead.
  with DDGS() as ddgs:
/home/alexander/Schreibtisch/ofa-v2/langgraph_eval/agent.py:215: RuntimeWarning: This package (`duckduckgo_search`) has been renamed to `ddgs`! Use `pip install ddgs` instead.
  with DDGS() as ddgs:
/home/alexander/Schreibtisch/ofa-v2/langgraph_eval/agent.py:215: RuntimeWarning: This package (`duckduckgo_search`) has been renamed to `ddgs`! Use `pip install ddgs` instead.
  with DDGS() as ddgs:
/home/alexander/Schreibtisch/ofa-v2/langgraph_eval/agent.py:215: RuntimeWarning: This package (`duckduckgo_search`) has been renamed to `ddgs`! Use `pip install ddgs` instead.
  with DDGS() as ddgs:
/home/alexander/Schreibtisch/ofa-v2/langgraph_eval/agent.py:215: RuntimeWarning: This package (`duckduckgo_search`) has been renamed to `ddgs`! Use `pip install ddgs` instead.
  with DDGS() as ddgs:
/home/alexander/Schreibtisch/ofa-v2/langgraph_eval/agent.py:215: RuntimeWarning: This package (`duckduckgo_search`) has been renamed to `ddgs`! Use `pip install ddgs` instead.
  with DDGS() as ddgs:
/home/alexander/Schreibtisch/ofa-v2/langgraph_eval/agent.py:215: RuntimeWarning: This package (`duckduckgo_search`) has been renamed to `ddgs`! Use `pip install ddgs` instead.
  with DDGS() as ddgs:
/home/alexander/Schreibtisch/ofa-v2/langgraph_eval/agent.py:215: RuntimeWarning: This package (`duckduckgo_search`) has been renamed to `ddgs`! Use `pip install ddgs` instead.
  with DDGS() as ddgs:
/home/alexander/Schreibtisch/ofa-v2/langgraph_eval/agent.py:215: RuntimeWarning: This package (`duckduckgo_search`) has been renamed to `ddgs`! Use `pip install ddgs` instead.
  with DDGS() as ddgs:
/home/alexander/Schreibtisch/ofa-v2/langgraph_eval/agent.py:215: RuntimeWarning: This package (`duckduckgo_search`) has been renamed to `ddgs`! Use `pip install ddgs` instead.
  with DDGS() as ddgs:
/home/alexander/Schreibtisch/ofa-v2/langgraph_eval/agent.py:215: RuntimeWarning: This package (`duckduckgo_search`) has been renamed to `ddgs`! Use `pip install ddgs` instead.
  with DDGS() as ddgs:
/home/alexander/Schreibtisch/ofa-v2/langgraph_eval/agent.py:215: RuntimeWarning: This package (`duckduckgo_search`) has been renamed to `ddgs`! Use `pip install ddgs` instead.
  with DDGS() as ddgs:
/home/alexander/Schreibtisch/ofa-v2/langgraph_eval/agent.py:215: RuntimeWarning: This package (`duckduckgo_search`) has been renamed to `ddgs`! Use `pip install ddgs` instead.
  with DDGS() as ddgs:
/home/alexander/Schreibtisch/ofa-v2/langgraph_eval/agent.py:215: RuntimeWarning: This package (`duckduckgo_search`) has been renamed to `ddgs`! Use `pip install ddgs` instead.
  with DDGS() as ddgs:
/home/alexander/Schreibtisch/ofa-v2/langgraph_eval/agent.py:215: RuntimeWarning: This package (`duckduckgo_search`) has been renamed to `ddgs`! Use `pip install ddgs` instead.
  with DDGS() as ddgs:
/home/alexander/Schreibtisch/ofa-v2/langgraph_eval/agent.py:215: RuntimeWarning: This package (`duckduckgo_search`) has been renamed to `ddgs`! Use `pip install ddgs` instead.
  with DDGS() as ddgs:
/home/alexander/Schreibtisch/ofa-v2/langgraph_eval/agent.py:215: RuntimeWarning: This package (`duckduckgo_search`) has been renamed to `ddgs`! Use `pip install ddgs` instead.
  with DDGS() as ddgs:
/home/alexander/Schreibtisch/ofa-v2/langgraph_eval/agent.py:215: RuntimeWarning: This package (`duckduckgo_search`) has been renamed to `ddgs`! Use `pip install ddgs` instead.
  with DDGS() as ddgs:
/home/alexander/Schreibtisch/ofa-v2/langgraph_eval/agent.py:215: RuntimeWarning: This package (`duckduckgo_search`) has been renamed to `ddgs`! Use `pip install ddgs` instead.
  with DDGS() as ddgs:
/home/alexander/Schreibtisch/ofa-v2/langgraph_eval/agent.py:215: RuntimeWarning: This package (`duckduckgo_search`) has been renamed to `ddgs`! Use `pip install ddgs` instead.
  with DDGS() as ddgs:
2026-08-16 15:07:17,886 [oasis.registry] INFO: Loaded discovered config: 5 backends
2026-08-16 15:07:17,887 [oasis.registry] INFO: Registered backend: 4C Multiphysics (fourc)
2026-08-16 15:07:17,888 [oasis.registry] INFO: Registered backend: FEniCSx (dolfinx) (fenics)
2026-08-16 15:07:17,888 [oasis.registry] INFO: Registered backend: deal.II (dealii)
2026-08-16 15:07:17,892 [oasis.registry] INFO: Registered backend: FEBio (febio)
2026-08-16 15:07:17,895 [oasis.registry] INFO: Registered backend: NGSolve (ngsolve)
2026-08-16 15:07:17,895 [oasis.ngsolve] INFO: NGSolve backend registered
2026-08-16 15:07:17,897 [oasis.registry] INFO: Registered backend: scikit-fem (skfem)
2026-08-16 15:07:17,897 [oasis.skfem] INFO: scikit-fem backend registered
2026-08-16 15:07:17,901 [oasis.registry] INFO: Registered backend: Kratos Multiphysics (kratos)
2026-08-16 15:07:17,901 [oasis.kratos] INFO: Kratos Multiphysics backend registered
2026-08-16 15:07:17,903 [oasis.registry] INFO: Registered backend: DUNE-fem (dune)
2026-08-16 15:07:17,903 [oasis.dune] INFO: DUNE-fem backend registered
2026-08-16 15:07:17,908 [oasis.registry] INFO: Registered backend: SPARTA (DSMC) (sparta)
2026-08-16 15:07:17,908 [oasis.sparta] INFO: SPARTA (DSMC) backend registered
2026-08-16 15:07:17,908 [oasis] INFO: Starting OASiS MCP server
2026-08-16 15:07:17,916 [mcp.server.lowlevel.server] INFO: Processing request of type CallToolRequest
2026-08-16 15:07:18,679 [mcp.server.lowlevel.server] INFO: Processing request of type ListToolsRequest
2026-08-16 15:07:18,686 [oasis] INFO: Session journal saved: /home/alexander/Schreibtisch/ofa-v2/data/sessions/session_60c0c496-57df-43de-8d8d-06a67ec4d97a.json (2 events)
2026-08-16 15:10:48,937 [oasis.registry] INFO: Loaded discovered config: 5 backends
2026-08-16 15:10:48,938 [oasis.registry] INFO: Registered backend: 4C Multiphysics (fourc)
2026-08-16 15:10:48,939 [oasis.registry] INFO: Registered backend: FEniCSx (dolfinx) (fenics)
2026-08-16 15:10:48,939 [oasis.registry] INFO: Registered backend: deal.II (dealii)
2026-08-16 15:10:48,943 [oasis.registry] INFO: Registered backend: FEBio (febio)
2026-08-16 15:10:48,945 [oasis.registry] INFO: Registered backend: NGSolve (ngsolve)
2026-08-16 15:10:48,945 [oasis.ngsolve] INFO: NGSolve backend registered
2026-08-16 15:10:48,948 [oasis.registry] INFO: Registered backend: scikit-fem (skfem)
2026-08-16 15:10:48,948 [oasis.skfem] INFO: scikit-fem backend registered
2026-08-16 15:10:48,952 [oasis.registry] INFO: Registered backend: Kratos Multiphysics (kratos)
2026-08-16 15:10:48,952 [oasis.kratos] INFO: Kratos Multiphysics backend registered
2026-08-16 15:10:48,954 [oasis.registry] INFO: Registered backend: DUNE-fem (dune)
2026-08-16 15:10:48,954 [oasis.dune] INFO: DUNE-fem backend registered
2026-08-16 15:10:48,959 [oasis.registry] INFO: Registered backend: SPARTA (DSMC) (sparta)
2026-08-16 15:10:48,959 [oasis.sparta] INFO: SPARTA (DSMC) backend registered
2026-08-16 15:10:48,959 [oasis] INFO: Starting OASiS MCP server
2026-08-16 15:10:48,967 [mcp.server.lowlevel.server] INFO: Processing request of type CallToolRequest
2026-08-16 15:10:49,767 [mcp.server.lowlevel.server] INFO: Processing request of type ListToolsRequest
2026-08-16 15:10:49,773 [oasis] INFO: Session journal saved: /home/alexander/Schreibtisch/ofa-v2/data/sessions/session_fb881188-0e86-4b26-8b59-383d1e2ed414.json (2 events)
2026-08-16 15:14:25,271 [oasis.registry] INFO: Loaded discovered config: 5 backends
2026-08-16 15:14:25,272 [oasis.registry] INFO: Registered backend: 4C Multiphysics (fourc)
2026-08-16 15:14:25,273 [oasis.registry] INFO: Registered backend: FEniCSx (dolfinx) (fenics)
2026-08-16 15:14:25,273 [oasis.registry] INFO: Registered backend: deal.II (dealii)
2026-08-16 15:14:25,277 [oasis.registry] INFO: Registered backend: FEBio (febio)
2026-08-16 15:14:25,279 [oasis.registry] INFO: Registered backend: NGSolve (ngsolve)
2026-08-16 15:14:25,279 [oasis.ngsolve] INFO: NGSolve backend registered
2026-08-16 15:14:25,282 [oasis.registry] INFO: Registered backend: scikit-fem (skfem)
2026-08-16 15:14:25,282 [oasis.skfem] INFO: scikit-fem backend registered
2026-08-16 15:14:25,286 [oasis.registry] INFO: Registered backend: Kratos Multiphysics (kratos)
2026-08-16 15:14:25,286 [oasis.kratos] INFO: Kratos Multiphysics backend registered
2026-08-16 15:14:25,288 [oasis.registry] INFO: Registered backend: DUNE-fem (dune)
2026-08-16 15:14:25,288 [oasis.dune] INFO: DUNE-fem backend registered
2026-08-16 15:14:25,293 [oasis.registry] INFO: Registered backend: SPARTA (DSMC) (sparta)
2026-08-16 15:14:25,293 [oasis.sparta] INFO: SPARTA (DSMC) backend registered
2026-08-16 15:14:25,293 [oasis] INFO: Starting OASiS MCP server
2026-08-16 15:14:25,303 [mcp.server.lowlevel.server] INFO: Processing request of type CallToolRequest
2026-08-16 15:14:26,101 [mcp.server.lowlevel.server] INFO: Processing request of type ListToolsRequest
2026-08-16 15:14:26,108 [oasis] INFO: Session journal saved: /home/alexander/Schreibtisch/ofa-v2/data/sessions/session_01a42d9b-644e-42c6-9ab0-77d89e0f75e8.json (2 events)
2026-08-16 15:17:43,752 [oasis.registry] INFO: Loaded discovered config: 5 backends
2026-08-16 15:17:43,753 [oasis.registry] INFO: Registered backend: 4C Multiphysics (fourc)
2026-08-16 15:17:43,753 [oasis.registry] INFO: Registered backend: FEniCSx (dolfinx) (fenics)
2026-08-16 15:17:43,754 [oasis.registry] INFO: Registered backend: deal.II (dealii)
2026-08-16 15:17:43,758 [oasis.registry] INFO: Registered backend: FEBio (febio)
2026-08-16 15:17:43,760 [oasis.registry] INFO: Registered backend: NGSolve (ngsolve)
2026-08-16 15:17:43,760 [oasis.ngsolve] INFO: NGSolve backend registered
2026-08-16 15:17:43,763 [oasis.registry] INFO: Registered backend: scikit-fem (skfem)
2026-08-16 15:17:43,763 [oasis.skfem] INFO: scikit-fem backend registered
2026-08-16 15:17:43,766 [oasis.registry] INFO: Registered backend: Kratos Multiphysics (kratos)
2026-08-16 15:17:43,766 [oasis.kratos] INFO: Kratos Multiphysics backend registered
2026-08-16 15:17:43,769 [oasis.registry] INFO: Registered backend: DUNE-fem (dune)
2026-08-16 15:17:43,769 [oasis.dune] INFO: DUNE-fem backend registered
2026-08-16 15:17:43,774 [oasis.registry] INFO: Registered backend: SPARTA (DSMC) (sparta)
2026-08-16 15:17:43,774 [oasis.sparta] INFO: SPARTA (DSMC) backend registered
2026-08-16 15:17:43,774 [oasis] INFO: Starting OASiS MCP server
2026-08-16 15:17:43,781 [mcp.server.lowlevel.server] INFO: Processing request of type CallToolRequest
2026-08-16 15:17:44,574 [mcp.server.lowlevel.server] INFO: Processing request of type ListToolsRequest
2026-08-16 15:17:44,582 [oasis] INFO: Session journal saved: /home/alexander/Schreibtisch/ofa-v2/data/sessions/session_1b330d5d-5a70-4abc-aa7c-5b4d61182271.json (2 events)
/home/alexander/Schreibtisch/ofa-v2/langgraph_eval/agent.py:290: LangGraphDeprecatedSinceV10: create_react_agent has been moved to `langchain.agents`. Please update your import to `from langchain.agents import create_agent`. Deprecated in LangGraph V1.0 to be removed in V2.0.
  sub_agent = create_react_agent(
/home/alexander/Schreibtisch/ofa-v2/langgraph_eval/agent.py:215: RuntimeWarning: This package (`duckduckgo_search`) has been renamed to `ddgs`! Use `pip install ddgs` instead.
  with DDGS() as ddgs:
/home/alexander/Schreibtisch/ofa-v2/langgraph_eval/agent.py:215: RuntimeWarning: This package (`duckduckgo_search`) has been renamed to `ddgs`! Use `pip install ddgs` instead.
  with DDGS() as ddgs:
/home/alexander/Schreibtisch/ofa-v2/langgraph_eval/agent.py:215: RuntimeWarning: This package (`duckduckgo_search`) has been renamed to `ddgs`! Use `pip install ddgs` instead.
  with DDGS() as ddgs:
2026-08-16 15:18:23,500 [oasis.registry] INFO: Loaded discovered config: 5 backends
2026-08-16 15:18:23,501 [oasis.registry] INFO: Registered backend: 4C Multiphysics (fourc)
2026-08-16 15:18:23,502 [oasis.registry] INFO: Registered backend: FEniCSx (dolfinx) (fenics)
2026-08-16 15:18:23,502 [oasis.registry] INFO: Registered backend: deal.II (dealii)
2026-08-16 15:18:23,506 [oasis.registry] INFO: Registered backend: FEBio (febio)
2026-08-16 15:18:23,508 [oasis.registry] INFO: Registered backend: NGSolve (ngsolve)
2026-08-16 15:18:23,508 [oasis.ngsolve] INFO: NGSolve backend registered
2026-08-16 15:18:23,511 [oasis.registry] INFO: Registered backend: scikit-fem (skfem)
2026-08-16 15:18:23,511 [oasis.skfem] INFO: scikit-fem backend registered
2026-08-16 15:18:23,514 [oasis.registry] INFO: Registered backend: Kratos Multiphysics (kratos)
2026-08-16 15:18:23,514 [oasis.kratos] INFO: Kratos Multiphysics backend registered
2026-08-16 15:18:23,517 [oasis.registry] INFO: Registered backend: DUNE-fem (dune)
2026-08-16 15:18:23,517 [oasis.dune] INFO: DUNE-fem backend registered
2026-08-16 15:18:23,521 [oasis.registry] INFO: Registered backend: SPARTA (DSMC) (sparta)
2026-08-16 15:18:23,522 [oasis.sparta] INFO: SPARTA (DSMC) backend registered
2026-08-16 15:18:23,522 [oasis] INFO: Starting OASiS MCP server
2026-08-16 15:18:23,529 [mcp.server.lowlevel.server] INFO: Processing request of type CallToolRequest
2026-08-16 15:18:23,538 [mcp.server.lowlevel.server] INFO: Processing request of type ListToolsRequest
2026-08-16 15:18:23,543 [oasis] INFO: Session journal saved: /home/alexander/Schreibtisch/ofa-v2/data/sessions/session_3005d9b7-8654-4975-8cc4-7d8eed9fedb0.json (1 events)
/home/alexander/Schreibtisch/ofa-v2/langgraph_eval/agent.py:215: RuntimeWarning: This package (`duckduckgo_search`) has been renamed to `ddgs`! Use `pip install ddgs` instead.
  with DDGS() as ddgs:
/home/alexander/Schreibtisch/ofa-v2/langgraph_eval/agent.py:215: RuntimeWarning: This package (`duckduckgo_search`) has been renamed to `ddgs`! Use `pip install ddgs` instead.
  with DDGS() as ddgs:
/home/alexander/Schreibtisch/ofa-v2/langgraph_eval/agent.py:215: RuntimeWarning: This package (`duckduckgo_search`) has been renamed to `ddgs`! Use `pip install ddgs` instead.
  with DDGS() as ddgs:
/home/alexander/Schreibtisch/ofa-v2/langgraph_eval/agent.py:215: RuntimeWarning: This package (`duckduckgo_search`) has been renamed to `ddgs`! Use `pip install ddgs` instead.
  with DDGS() as ddgs:
/home/alexander/Schreibtisch/ofa-v2/langgraph_eval/agent.py:215: RuntimeWarning: This package (`duckduckgo_search`) has been renamed to `ddgs`! Use `pip install ddgs` instead.
  with DDGS() as ddgs:
2026-08-16 15:18:29,171 [oasis.registry] INFO: Loaded discovered config: 5 backends
2026-08-16 15:18:29,172 [oasis.registry] INFO: Registered backend: 4C Multiphysics (fourc)
2026-08-16 15:18:29,173 [oasis.registry] INFO: Registered backend: FEniCSx (dolfinx) (fenics)
2026-08-16 15:18:29,173 [oasis.registry] INFO: Registered backend: deal.II (dealii)
2026-08-16 15:18:29,177 [oasis.registry] INFO: Registered backend: FEBio (febio)
2026-08-16 15:18:29,180 [oasis.registry] INFO: Registered backend: NGSolve (ngsolve)
2026-08-16 15:18:29,180 [oasis.ngsolve] INFO: NGSolve backend registered
2026-08-16 15:18:29,182 [oasis.registry] INFO: Registered backend: scikit-fem (skfem)
2026-08-16 15:18:29,182 [oasis.skfem] INFO: scikit-fem backend registered
2026-08-16 15:18:29,186 [oasis.registry] INFO: Registered backend: Kratos Multiphysics (kratos)
2026-08-16 15:18:29,186 [oasis.kratos] INFO: Kratos Multiphysics backend registered
2026-08-16 15:18:29,188 [oasis.registry] INFO: Registered backend: DUNE-fem (dune)
2026-08-16 15:18:29,188 [oasis.dune] INFO: DUNE-fem backend registered
2026-08-16 15:18:29,193 [oasis.registry] INFO: Registered backend: SPARTA (DSMC) (sparta)
2026-08-16 15:18:29,193 [oasis.sparta] INFO: SPARTA (DSMC) backend registered
2026-08-16 15:18:29,193 [oasis] INFO: Starting OASiS MCP server
2026-08-16 15:18:29,201 [mcp.server.lowlevel.server] INFO: Processing request of type CallToolRequest
2026-08-16 15:18:29,206 [mcp.server.lowlevel.server] INFO: Processing request of type ListToolsRequest
/home/alexander/Schreibtisch/ofa-v2/langgraph_eval/agent.py:215: RuntimeWarning: This package (`duckduckgo_search`) has been renamed to `ddgs`! Use `pip install ddgs` instead.
  with DDGS() as ddgs:
/home/alexander/Schreibtisch/ofa-v2/langgraph_eval/agent.py:215: RuntimeWarning: This package (`duckduckgo_search`) has been renamed to `ddgs`! Use `pip install ddgs` instead.
  with DDGS() as ddgs:
/home/alexander/Schreibtisch/ofa-v2/langgraph_eval/agent.py:215: RuntimeWarning: This package (`duckduckgo_search`) has been renamed to `ddgs`! Use `pip install ddgs` instead.
  with DDGS() as ddgs:
/home/alexander/Schreibtisch/ofa-v2/langgraph_eval/agent.py:215: RuntimeWarning: This package (`duckduckgo_search`) has been renamed to `ddgs`! Use `pip install ddgs` instead.
  with DDGS() as ddgs:
/home/alexander/Schreibtisch/ofa-v2/langgraph_eval/agent.py:215: RuntimeWarning: This package (`duckduckgo_search`) has been renamed to `ddgs`! Use `pip install ddgs` instead.
  with DDGS() as ddgs:
/home/alexander/Schreibtisch/ofa-v2/langgraph_eval/agent.py:215: RuntimeWarning: This package (`duckduckgo_search`) has been renamed to `ddgs`! Use `pip install ddgs` instead.
  with DDGS() as ddgs:
/home/alexander/Schreibtisch/ofa-v2/langgraph_eval/agent.py:215: RuntimeWarning: This package (`duckduckgo_search`) has been renamed to `ddgs`! Use `pip install ddgs` instead.
  with DDGS() as ddgs:
/home/alexander/Schreibtisch/ofa-v2/langgraph_eval/agent.py:215: RuntimeWarning: This package (`duckduckgo_search`) has been renamed to `ddgs`! Use `pip install ddgs` instead.
  with DDGS() as ddgs:
/home/alexander/Schreibtisch/ofa-v2/langgraph_eval/agent.py:215: RuntimeWarning: This package (`duckduckgo_search`) has been renamed to `ddgs`! Use `pip install ddgs` instead.
  with DDGS() as ddgs:
/home/alexander/Schreibtisch/ofa-v2/langgraph_eval/agent.py:215: RuntimeWarning: This package (`duckduckgo_search`) has been renamed to `ddgs`! Use `pip install ddgs` instead.
  with DDGS() as ddgs:
/home/alexander/Schreibtisch/ofa-v2/langgraph_eval/agent.py:215: RuntimeWarning: This package (`duckduckgo_search`) has been renamed to `ddgs`! Use `pip install ddgs` instead.
  with DDGS() as ddgs:
/home/alexander/Schreibtisch/ofa-v2/langgraph_eval/agent.py:215: RuntimeWarning: This package (`duckduckgo_search`) has been renamed to `ddgs`! Use `pip install ddgs` instead.
  with DDGS() as ddgs:
/home/alexander/Schreibtisch/ofa-v2/langgraph_eval/agent.py:215: RuntimeWarning: This package (`duckduckgo_search`) has been renamed to `ddgs`! Use `pip install ddgs` instead.
  with DDGS() as ddgs:
/home/alexander/Schreibtisch/ofa-v2/langgraph_eval/agent.py:215: RuntimeWarning: This package (`duckduckgo_search`) has been renamed to `ddgs`! Use `pip install ddgs` instead.
  with DDGS() as ddgs:
/home/alexander/Schreibtisch/ofa-v2/langgraph_eval/agent.py:215: RuntimeWarning: This package (`duckduckgo_search`) has been renamed to `ddgs`! Use `pip install ddgs` instead.
  with DDGS() as ddgs:
/home/alexander/Schreibtisch/ofa-v2/langgraph_eval/agent.py:215: RuntimeWarning: This package (`duckduckgo_search`) has been renamed to `ddgs`! Use `pip install ddgs` instead.
  with DDGS() as ddgs:
/home/alexander/Schreibtisch/ofa-v2/langgraph_eval/agent.py:215: RuntimeWarning: This package (`duckduckgo_search`) has been renamed to `ddgs`! Use `pip install ddgs` instead.
  with DDGS() as ddgs:
/home/alexander/Schreibtisch/ofa-v2/langgraph_eval/agent.py:215: RuntimeWarning: This package (`duckduckgo_search`) has been renamed to `ddgs`! Use `pip install ddgs` instead.
  with DDGS() as ddgs:
/home/alexander/Schreibtisch/ofa-v2/langgraph_eval/agent.py:215: RuntimeWarning: This package (`duckduckgo_search`) has been renamed to `ddgs`! Use `pip install ddgs` instead.
  with DDGS() as ddgs:
/home/alexander/Schreibtisch/ofa-v2/langgraph_eval/agent.py:215: RuntimeWarning: This package (`duckduckgo_search`) has been renamed to `ddgs`! Use `pip install ddgs` instead.
  with DDGS() as ddgs:
/home/alexander/Schreibtisch/ofa-v2/langgraph_eval/agent.py:215: RuntimeWarning: This package (`duckduckgo_search`) has been renamed to `ddgs`! Use `pip install ddgs` instead.
  with DDGS() as ddgs:
/home/alexander/Schreibtisch/ofa-v2/langgraph_eval/agent.py:215: RuntimeWarning: This package (`duckduckgo_search`) has been renamed to `ddgs`! Use `pip install ddgs` instead.
  with DDGS() as ddgs:
/home/alexander/Schreibtisch/ofa-v2/langgraph_eval/agent.py:215: RuntimeWarning: This package (`duckduckgo_search`) has been renamed to `ddgs`! Use `pip install ddgs` instead.
  with DDGS() as ddgs:
/home/alexander/Schreibtisch/ofa-v2/langgraph_eval/agent.py:215: RuntimeWarning: This package (`duckduckgo_search`) has been renamed to `ddgs`! Use `pip install ddgs` instead.
  with DDGS() as ddgs:
/home/alexander/Schreibtisch/ofa-v2/langgraph_eval/agent.py:215: RuntimeWarning: This package (`duckduckgo_search`) has been renamed to `ddgs`! Use `pip install ddgs` instead.
  with DDGS() as ddgs:
/home/alexander/Schreibtisch/ofa-v2/langgraph_eval/agent.py:215: RuntimeWarning: This package (`duckduckgo_search`) has been renamed to `ddgs`! Use `pip install ddgs` instead.
  with DDGS() as ddgs:
/home/alexander/Schreibtisch/ofa-v2/langgraph_eval/agent.py:215: RuntimeWarning: This package (`duckduckgo_search`) has been renamed to `ddgs`! Use `pip install ddgs` instead.
  with DDGS() as ddgs:
/home/alexander/Schreibtisch/ofa-v2/langgraph_eval/agent.py:215: RuntimeWarning: This package (`duckduckgo_search`) has been renamed to `ddgs`! Use `pip install ddgs` instead.
  with DDGS() as ddgs:
/home/alexander/Schreibtisch/ofa-v2/langgraph_eval/agent.py:215: RuntimeWarning: This package (`duckduckgo_search`) has been renamed to `ddgs`! Use `pip install ddgs` instead.
  with DDGS() as ddgs:
/home/alexander/Schreibtisch/ofa-v2/langgraph_eval/agent.py:215: RuntimeWarning: This package (`duckduckgo_search`) has been renamed to `ddgs`! Use `pip install ddgs` instead.
  with DDGS() as ddgs:
/home/alexander/Schreibtisch/ofa-v2/langgraph_eval/agent.py:215: RuntimeWarning: This package (`duckduckgo_search`) has been renamed to `ddgs`! Use `pip install ddgs` instead.
  with DDGS() as ddgs:
/home/alexander/Schreibtisch/ofa-v2/langgraph_eval/agent.py:215: RuntimeWarning: This package (`duckduckgo_search`) has been renamed to `ddgs`! Use `pip install ddgs` instead.
  with DDGS() as ddgs:
/home/alexander/Schreibtisch/ofa-v2/langgraph_eval/agent.py:215: RuntimeWarning: This package (`duckduckgo_search`) has been renamed to `ddgs`! Use `pip install ddgs` instead.
  with DDGS() as ddgs:
/home/alexander/Schreibtisch/ofa-v2/langgraph_eval/agent.py:215: RuntimeWarning: This package (`duckduckgo_search`) has been renamed to `ddgs`! Use `pip install ddgs` instead.
  with DDGS() as ddgs:
/home/alexander/Schreibtisch/ofa-v2/langgraph_eval/agent.py:215: RuntimeWarning: This package (`duckduckgo_search`) has been renamed to `ddgs`! Use `pip install ddgs` instead.
  with DDGS() as ddgs:
/home/alexander/Schreibtisch/ofa-v2/langgraph_eval/agent.py:215: RuntimeWarning: This package (`duckduckgo_search`) has been renamed to `ddgs`! Use `pip install ddgs` instead.
  with DDGS() as ddgs:
/home/alexander/Schreibtisch/ofa-v2/langgraph_eval/agent.py:215: RuntimeWarning: This package (`duckduckgo_search`) has been renamed to `ddgs`! Use `pip install ddgs` instead.
  with DDGS() as ddgs:
/home/alexander/Schreibtisch/ofa-v2/langgraph_eval/agent.py:215: RuntimeWarning: This package (`duckduckgo_search`) has been renamed to `ddgs`! Use `pip install ddgs` instead.
  with DDGS() as ddgs:
/home/alexander/Schreibtisch/ofa-v2/langgraph_eval/agent.py:215: RuntimeWarning: This package (`duckduckgo_search`) has been renamed to `ddgs`! Use `pip install ddgs` instead.
  with DDGS() as ddgs:
/home/alexander/Schreibtisch/ofa-v2/langgraph_eval/agent.py:215: RuntimeWarning: This package (`duckduckgo_search`) has been renamed to `ddgs`! Use `pip install ddgs` instead.
  with DDGS() as ddgs:
/home/alexander/Schreibtisch/ofa-v2/langgraph_eval/agent.py:215: RuntimeWarning: This package (`duckduckgo_search`) has been renamed to `ddgs`! Use `pip install ddgs` instead.
  with DDGS() as ddgs:
/home/alexander/Schreibtisch/ofa-v2/langgraph_eval/agent.py:215: RuntimeWarning: This package (`duckduckgo_search`) has been renamed to `ddgs`! Use `pip install ddgs` instead.
  with DDGS() as ddgs:
/home/alexander/Schreibtisch/ofa-v2/langgraph_eval/agent.py:215: RuntimeWarning: This package (`duckduckgo_search`) has been renamed to `ddgs`! Use `pip install ddgs` instead.
  with DDGS() as ddgs:
/home/alexander/Schreibtisch/ofa-v2/langgraph_eval/agent.py:215: RuntimeWarning: This package (`duckduckgo_search`) has been renamed to `ddgs`! Use `pip install ddgs` instead.
  with DDGS() as ddgs:
/home/alexander/Schreibtisch/ofa-v2/langgraph_eval/agent.py:215: RuntimeWarning: This package (`duckduckgo_search`) has been renamed to `ddgs`! Use `pip install ddgs` instead.
  with DDGS() as ddgs:
/home/alexander/Schreibtisch/ofa-v2/langgraph_eval/agent.py:215: RuntimeWarning: This package (`duckduckgo_search`) has been renamed to `ddgs`! Use `pip install ddgs` instead.
  with DDGS() as ddgs:
/home/alexander/Schreibtisch/ofa-v2/langgraph_eval/agent.py:215: RuntimeWarning: This package (`duckduckgo_search`) has been renamed to `ddgs`! Use `pip install ddgs` instead.
  with DDGS() as ddgs:
/home/alexander/Schreibtisch/ofa-v2/langgraph_eval/agent.py:215: RuntimeWarning: This package (`duckduckgo_search`) has been renamed to `ddgs`! Use `pip install ddgs` instead.
  with DDGS() as ddgs:
/home/alexander/Schreibtisch/ofa-v2/langgraph_eval/agent.py:215: RuntimeWarning: This package (`duckduckgo_search`) has been renamed to `ddgs`! Use `pip install ddgs` instead.
  with DDGS() as ddgs:
/home/alexander/Schreibtisch/ofa-v2/langgraph_eval/agent.py:215: RuntimeWarning: This package (`duckduckgo_search`) has been renamed to `ddgs`! Use `pip install ddgs` instead.
  with DDGS() as ddgs:
/home/alexander/Schreibtisch/ofa-v2/langgraph_eval/agent.py:215: RuntimeWarning: This package (`duckduckgo_search`) has been renamed to `ddgs`! Use `pip install ddgs` instead.
  with DDGS() as ddgs:
/home/alexander/Schreibtisch/ofa-v2/langgraph_eval/agent.py:215: RuntimeWarning: This package (`duckduckgo_search`) has been renamed to `ddgs`! Use `pip install ddgs` instead.
  with DDGS() as ddgs:
/home/alexander/Schreibtisch/ofa-v2/langgraph_eval/agent.py:215: RuntimeWarning: This package (`duckduckgo_search`) has been renamed to `ddgs`! Use `pip install ddgs` instead.
  with DDGS() as ddgs:
/home/alexander/Schreibtisch/ofa-v2/langgraph_eval/agent.py:215: RuntimeWarning: This package (`duckduckgo_search`) has been renamed to `ddgs`! Use `pip install ddgs` instead.
  with DDGS() as ddgs:
/home/alexander/Schreibtisch/ofa-v2/langgraph_eval/agent.py:215: RuntimeWarning: This package (`duckduckgo_search`) has been renamed to `ddgs`! Use `pip install ddgs` instead.
  with DDGS() as ddgs:
/home/alexander/Schreibtisch/ofa-v2/langgraph_eval/agent.py:215: RuntimeWarning: This package (`duckduckgo_search`) has been renamed to `ddgs`! Use `pip install ddgs` instead.
  with DDGS() as ddgs:
/home/alexander/Schreibtisch/ofa-v2/langgraph_eval/agent.py:215: RuntimeWarning: This package (`duckduckgo_search`) has been renamed to `ddgs`! Use `pip install ddgs` instead.
  with DDGS() as ddgs:
/home/alexander/Schreibtisch/ofa-v2/langgraph_eval/agent.py:215: RuntimeWarning: This package (`duckduckgo_search`) has been renamed to `ddgs`! Use `pip install ddgs` instead.
  with DDGS() as ddgs:
/home/alexander/Schreibtisch/ofa-v2/langgraph_eval/agent.py:215: RuntimeWarning: This package (`duckduckgo_search`) has been renamed to `ddgs`! Use `pip install ddgs` instead.
  with DDGS() as ddgs:
/home/alexander/Schreibtisch/ofa-v2/langgraph_eval/agent.py:215: RuntimeWarning: This package (`duckduckgo_search`) has been renamed to `ddgs`! Use `pip install ddgs` instead.
  with DDGS() as ddgs:
/home/alexander/Schreibtisch/ofa-v2/langgraph_eval/agent.py:215: RuntimeWarning: This package (`duckduckgo_search`) has been renamed to `ddgs`! Use `pip install ddgs` instead.
  with DDGS() as ddgs:
/home/alexander/Schreibtisch/ofa-v2/langgraph_eval/agent.py:215: RuntimeWarning: This package (`duckduckgo_search`) has been renamed to `ddgs`! Use `pip install ddgs` instead.
  with DDGS() as ddgs:
/home/alexander/Schreibtisch/ofa-v2/langgraph_eval/agent.py:215: RuntimeWarning: This package (`duckduckgo_search`) has been renamed to `ddgs`! Use `pip install ddgs` instead.
  with DDGS() as ddgs:
/home/alexander/Schreibtisch/ofa-v2/langgraph_eval/agent.py:215: RuntimeWarning: This package (`duckduckgo_search`) has been renamed to `ddgs`! Use `pip install ddgs` instead.
  with DDGS() as ddgs:
/home/alexander/Schreibtisch/ofa-v2/langgraph_eval/agent.py:215: RuntimeWarning: This package (`duckduckgo_search`) has been renamed to `ddgs`! Use `pip install ddgs` instead.
  with DDGS() as ddgs:
/home/alexander/Schreibtisch/ofa-v2/langgraph_eval/agent.py:215: RuntimeWarning: This package (`duckduckgo_search`) has been renamed to `ddgs`! Use `pip install ddgs` instead.
  with DDGS() as ddgs:
/home/alexander/Schreibtisch/ofa-v2/langgraph_eval/agent.py:215: RuntimeWarning: This package (`duckduckgo_search`) has been renamed to `ddgs`! Use `pip install ddgs` instead.
  with DDGS() as ddgs:
/home/alexander/Schreibtisch/ofa-v2/langgraph_eval/agent.py:215: RuntimeWarning: This package (`duckduckgo_search`) has been renamed to `ddgs`! Use `pip install ddgs` instead.
  with DDGS() as ddgs:
/home/alexander/Schreibtisch/ofa-v2/langgraph_eval/agent.py:215: RuntimeWarning: This package (`duckduckgo_search`) has been renamed to `ddgs`! Use `pip install ddgs` instead.
  with DDGS() as ddgs:
/home/alexander/Schreibtisch/ofa-v2/langgraph_eval/agent.py:215: RuntimeWarning: This package (`duckduckgo_search`) has been renamed to `ddgs`! Use `pip install ddgs` instead.
  with DDGS() as ddgs:
/home/alexander/Schreibtisch/ofa-v2/langgraph_eval/agent.py:215: RuntimeWarning: This package (`duckduckgo_search`) has been renamed to `ddgs`! Use `pip install ddgs` instead.
  with DDGS() as ddgs:
/home/alexander/Schreibtisch/ofa-v2/langgraph_eval/agent.py:215: RuntimeWarning: This package (`duckduckgo_search`) has been renamed to `ddgs`! Use `pip install ddgs` instead.
  with DDGS() as ddgs:
/home/alexander/Schreibtisch/ofa-v2/langgraph_eval/agent.py:215: RuntimeWarning: This package (`duckduckgo_search`) has been renamed to `ddgs`! Use `pip install ddgs` instead.
  with DDGS() as ddgs:
/home/alexander/Schreibtisch/ofa-v2/langgraph_eval/agent.py:215: RuntimeWarning: This package (`duckduckgo_search`) has been renamed to `ddgs`! Use `pip install ddgs` instead.
  with DDGS() as ddgs:
/home/alexander/Schreibtisch/ofa-v2/langgraph_eval/agent.py:215: RuntimeWarning: This package (`duckduckgo_search`) has been renamed to `ddgs`! Use `pip install ddgs` instead.
  with DDGS() as ddgs:
/home/alexander/Schreibtisch/ofa-v2/langgraph_eval/agent.py:215: RuntimeWarning: This package (`duckduckgo_search`) has been renamed to `ddgs`! Use `pip install ddgs` instead.
  with DDGS() as ddgs:
/home/alexander/Schreibtisch/ofa-v2/langgraph_eval/agent.py:215: RuntimeWarning: This package (`duckduckgo_search`) has been renamed to `ddgs`! Use `pip install ddgs` instead.
  with DDGS() as ddgs:
/home/alexander/Schreibtisch/ofa-v2/langgraph_eval/agent.py:215: RuntimeWarning: This package (`duckduckgo_search`) has been renamed to `ddgs`! Use `pip install ddgs` instead.
  with DDGS() as ddgs:
/home/alexander/Schreibtisch/ofa-v2/langgraph_eval/agent.py:215: RuntimeWarning: This package (`duckduckgo_search`) has been renamed to `ddgs`! Use `pip install ddgs` instead.
  with DDGS() as ddgs:
/home/alexander/Schreibtisch/ofa-v2/langgraph_eval/agent.py:215: RuntimeWarning: This package (`duckduckgo_search`) has been renamed to `ddgs`! Use `pip install ddgs` instead.
  with DDGS() as ddgs:
/home/alexander/Schreibtisch/ofa-v2/langgraph_eval/agent.py:215: RuntimeWarning: This package (`duckduckgo_search`) has been renamed to `ddgs`! Use `pip install ddgs` instead.
  with DDGS() as ddgs:
/home/alexander/Schreibtisch/ofa-v2/langgraph_eval/agent.py:215: RuntimeWarning: This package (`duckduckgo_search`) has been renamed to `ddgs`! Use `pip install ddgs` instead.
  with DDGS() as ddgs:
[preflight] custody controls verified for 1 problem(s); keys sealed and unreadable by execution
[phase: development] results are for post-mortems and convergence checking, NOT for the paper's evaluation table.
[KR1 27b BARE s1] done  calls=118 tok=9308523/111521 2021.9s
/home/alexander/Schreibtisch/ofa-v2/langgraph_eval/agent.py:215: RuntimeWarning: This package (`duckduckgo_search`) has been renamed to `ddgs`! Use `pip install ddgs` instead.
  with DDGS() as ddgs:
/home/alexander/Schreibtisch/ofa-v2/langgraph_eval/agent.py:215: RuntimeWarning: This package (`duckduckgo_search`) has been renamed to `ddgs`! Use `pip install ddgs` instead.
  with DDGS() as ddgs:
2026-08-16 15:19:49,504 [oasis.registry] INFO: Loaded discovered config: 5 backends
2026-08-16 15:19:49,505 [oasis.registry] INFO: Registered backend: 4C Multiphysics (fourc)
2026-08-16 15:19:49,506 [oasis.registry] INFO: Registered backend: FEniCSx (dolfinx) (fenics)
2026-08-16 15:19:49,506 [oasis.registry] INFO: Registered backend: deal.II (dealii)
2026-08-16 15:19:49,510 [oasis.registry] INFO: Registered backend: FEBio (febio)
2026-08-16 15:19:49,512 [oasis.registry] INFO: Registered backend: NGSolve (ngsolve)
2026-08-16 15:19:49,512 [oasis.ngsolve] INFO: NGSolve backend registered
2026-08-16 15:19:49,515 [oasis.registry] INFO: Registered backend: scikit-fem (skfem)
2026-08-16 15:19:49,515 [oasis.skfem] INFO: scikit-fem backend registered
2026-08-16 15:19:49,519 [oasis.registry] INFO: Registered backend: Kratos Multiphysics (kratos)
2026-08-16 15:19:49,519 [oasis.kratos] INFO: Kratos Multiphysics backend registered
2026-08-16 15:19:49,521 [oasis.registry] INFO: Registered backend: DUNE-fem (dune)
2026-08-16 15:19:49,521 [oasis.dune] INFO: DUNE-fem backend registered
2026-08-16 15:19:49,526 [oasis.registry] INFO: Registered backend: SPARTA (DSMC) (sparta)
2026-08-16 15:19:49,526 [oasis.sparta] INFO: SPARTA (DSMC) backend registered
2026-08-16 15:19:49,526 [oasis] INFO: Starting OASiS MCP server
2026-08-16 15:19:49,534 [mcp.server.lowlevel.server] INFO: Processing request of type ListToolsRequest
2026-08-16 15:20:01,170 [oasis.registry] INFO: Loaded discovered config: 5 backends
2026-08-16 15:20:01,171 [oasis.registry] INFO: Registered backend: 4C Multiphysics (fourc)
2026-08-16 15:20:01,172 [oasis.registry] INFO: Registered backend: FEniCSx (dolfinx) (fenics)
2026-08-16 15:20:01,172 [oasis.registry] INFO: Registered backend: deal.II (dealii)
2026-08-16 15:20:01,175 [oasis.registry] INFO: Loaded discovered config: 5 backends
2026-08-16 15:20:01,176 [oasis.registry] INFO: Registered backend: 4C Multiphysics (fourc)
2026-08-16 15:20:01,176 [oasis.registry] INFO: Registered backend: FEBio (febio)
2026-08-16 15:20:01,177 [oasis.registry] INFO: Registered backend: FEniCSx (dolfinx) (fenics)
2026-08-16 15:20:01,177 [oasis.registry] INFO: Registered backend: deal.II (dealii)
2026-08-16 15:20:01,179 [oasis.registry] INFO: Registered backend: NGSolve (ngsolve)
2026-08-16 15:20:01,179 [oasis.ngsolve] INFO: NGSolve backend registered
2026-08-16 15:20:01,181 [oasis.registry] INFO: Registered backend: FEBio (febio)
2026-08-16 15:20:01,182 [oasis.registry] INFO: Registered backend: scikit-fem (skfem)
2026-08-16 15:20:01,182 [oasis.skfem] INFO: scikit-fem backend registered
2026-08-16 15:20:01,184 [oasis.registry] INFO: Registered backend: NGSolve (ngsolve)
2026-08-16 15:20:01,184 [oasis.ngsolve] INFO: NGSolve backend registered
2026-08-16 15:20:01,186 [oasis.registry] INFO: Registered backend: Kratos Multiphysics (kratos)
2026-08-16 15:20:01,186 [oasis.kratos] INFO: Kratos Multiphysics backend registered
2026-08-16 15:20:01,186 [oasis.registry] INFO: Registered backend: scikit-fem (skfem)
2026-08-16 15:20:01,187 [oasis.skfem] INFO: scikit-fem backend registered
2026-08-16 15:20:01,188 [oasis.registry] INFO: Registered backend: DUNE-fem (dune)
2026-08-16 15:20:01,188 [oasis.dune] INFO: DUNE-fem backend registered
2026-08-16 15:20:01,190 [oasis.registry] INFO: Registered backend: Kratos Multiphysics (kratos)
2026-08-16 15:20:01,190 [oasis.kratos] INFO: Kratos Multiphysics backend registered
2026-08-16 15:20:01,193 [oasis.registry] INFO: Registered backend: DUNE-fem (dune)
2026-08-16 15:20:01,193 [oasis.dune] INFO: DUNE-fem backend registered
2026-08-16 15:20:01,193 [oasis.registry] INFO: Registered backend: SPARTA (DSMC) (sparta)
2026-08-16 15:20:01,193 [oasis.sparta] INFO: SPARTA (DSMC) backend registered
2026-08-16 15:20:01,193 [oasis] INFO: Starting OASiS MCP server
2026-08-16 15:20:01,198 [oasis.registry] INFO: Registered backend: SPARTA (DSMC) (sparta)
2026-08-16 15:20:01,198 [oasis.sparta] INFO: SPARTA (DSMC) backend registered
2026-08-16 15:20:01,198 [oasis] INFO: Starting OASiS MCP server
2026-08-16 15:20:01,201 [mcp.server.lowlevel.server] INFO: Processing request of type CallToolRequest
2026-08-16 15:20:01,205 [mcp.server.lowlevel.server] INFO: Processing request of type CallToolRequest
2026-08-16 15:20:04,546 [mcp.server.lowlevel.server] INFO: Processing request of type ListToolsRequest
2026-08-16 15:20:04,554 [oasis] INFO: Session journal saved: /home/alexander/Schreibtisch/ofa-v2/data/sessions/session_3d01834b-a083-4e52-a028-4a35941a95d4.json (1 events)
2026-08-16 15:20:04,648 [mcp.server.lowlevel.server] INFO: Processing request of type ListToolsRequest
2026-08-16 15:20:10,070 [oasis.registry] INFO: Loaded discovered config: 5 backends
2026-08-16 15:20:10,071 [oasis.registry] INFO: Registered backend: 4C Multiphysics (fourc)
2026-08-16 15:20:10,072 [oasis.registry] INFO: Registered backend: FEniCSx (dolfinx) (fenics)
2026-08-16 15:20:10,072 [oasis.registry] INFO: Registered backend: deal.II (dealii)
2026-08-16 15:20:10,076 [oasis.registry] INFO: Registered backend: FEBio (febio)
2026-08-16 15:20:10,078 [oasis.registry] INFO: Registered backend: NGSolve (ngsolve)
2026-08-16 15:20:10,078 [oasis.ngsolve] INFO: NGSolve backend registered
2026-08-16 15:20:10,081 [oasis.registry] INFO: Registered backend: scikit-fem (skfem)
2026-08-16 15:20:10,081 [oasis.skfem] INFO: scikit-fem backend registered
2026-08-16 15:20:10,085 [oasis.registry] INFO: Registered backend: Kratos Multiphysics (kratos)
2026-08-16 15:20:10,085 [oasis.kratos] INFO: Kratos Multiphysics backend registered
2026-08-16 15:20:10,087 [oasis.registry] INFO: Registered backend: DUNE-fem (dune)
2026-08-16 15:20:10,087 [oasis.dune] INFO: DUNE-fem backend registered
2026-08-16 15:20:10,092 [oasis.registry] INFO: Registered backend: SPARTA (DSMC) (sparta)
2026-08-16 15:20:10,092 [oasis.sparta] INFO: SPARTA (DSMC) backend registered
2026-08-16 15:20:10,092 [oasis] INFO: Starting OASiS MCP server
2026-08-16 15:20:10,100 [mcp.server.lowlevel.server] INFO: Processing request of type CallToolRequest
2026-08-16 15:20:10,106 [mcp.server.lowlevel.server] INFO: Processing request of type ListToolsRequest
2026-08-16 15:20:15,816 [oasis.registry] INFO: Loaded discovered config: 5 backends
2026-08-16 15:20:15,817 [oasis.registry] INFO: Registered backend: 4C Multiphysics (fourc)
2026-08-16 15:20:15,817 [oasis.registry] INFO: Registered backend: FEniCSx (dolfinx) (fenics)
2026-08-16 15:20:15,818 [oasis.registry] INFO: Registered backend: deal.II (dealii)
2026-08-16 15:20:15,822 [oasis.registry] INFO: Registered backend: FEBio (febio)
2026-08-16 15:20:15,824 [oasis.registry] INFO: Registered backend: NGSolve (ngsolve)
2026-08-16 15:20:15,824 [oasis.ngsolve] INFO: NGSolve backend registered
2026-08-16 15:20:15,827 [oasis.registry] INFO: Registered backend: scikit-fem (skfem)
2026-08-16 15:20:15,827 [oasis.skfem] INFO: scikit-fem backend registered
2026-08-16 15:20:15,830 [oasis.registry] INFO: Registered backend: Kratos Multiphysics (kratos)
2026-08-16 15:20:15,830 [oasis.kratos] INFO: Kratos Multiphysics backend registered
2026-08-16 15:20:15,833 [oasis.registry] INFO: Registered backend: DUNE-fem (dune)
2026-08-16 15:20:15,833 [oasis.dune] INFO: DUNE-fem backend registered
2026-08-16 15:20:15,838 [oasis.registry] INFO: Registered backend: SPARTA (DSMC) (sparta)
2026-08-16 15:20:15,838 [oasis.sparta] INFO: SPARTA (DSMC) backend registered
2026-08-16 15:20:15,838 [oasis] INFO: Starting OASiS MCP server
2026-08-16 15:20:15,846 [mcp.server.lowlevel.server] INFO: Processing request of type CallToolRequest
2026-08-16 15:20:15,849 [mcp.server.lowlevel.server] INFO: Processing request of type ListToolsRequest
2026-08-16 15:20:15,855 [oasis] INFO: Session journal saved: /home/alexander/Schreibtisch/ofa-v2/data/sessions/session_c29331fa-24d8-4c5b-9bba-08da99179111.json (1 events)
2026-08-16 15:20:19,853 [oasis.registry] INFO: Loaded discovered config: 5 backends
2026-08-16 15:20:19,854 [oasis.registry] INFO: Registered backend: 4C Multiphysics (fourc)
2026-08-16 15:20:19,855 [oasis.registry] INFO: Registered backend: FEniCSx (dolfinx) (fenics)
2026-08-16 15:20:19,855 [oasis.registry] INFO: Registered backend: deal.II (dealii)
2026-08-16 15:20:19,859 [oasis.registry] INFO: Registered backend: FEBio (febio)
2026-08-16 15:20:19,861 [oasis.registry] INFO: Registered backend: NGSolve (ngsolve)
2026-08-16 15:20:19,861 [oasis.ngsolve] INFO: NGSolve backend registered
2026-08-16 15:20:19,864 [oasis.registry] INFO: Registered backend: scikit-fem (skfem)
2026-08-16 15:20:19,864 [oasis.skfem] INFO: scikit-fem backend registered
2026-08-16 15:20:19,867 [oasis.registry] INFO: Registered backend: Kratos Multiphysics (kratos)
2026-08-16 15:20:19,867 [oasis.kratos] INFO: Kratos Multiphysics backend registered
2026-08-16 15:20:19,870 [oasis.registry] INFO: Registered backend: DUNE-fem (dune)
2026-08-16 15:20:19,870 [oasis.dune] INFO: DUNE-fem backend registered
2026-08-16 15:20:19,875 [oasis.registry] INFO: Registered backend: SPARTA (DSMC) (sparta)
2026-08-16 15:20:19,875 [oasis.sparta] INFO: SPARTA (DSMC) backend registered
2026-08-16 15:20:19,875 [oasis] INFO: Starting OASiS MCP server
2026-08-16 15:20:19,882 [mcp.server.lowlevel.server] INFO: Processing request of type CallToolRequest
2026-08-16 15:20:19,886 [mcp.server.lowlevel.server] INFO: Processing request of type ListToolsRequest
/home/alexander/Schreibtisch/ofa-v2/langgraph_eval/agent.py:215: RuntimeWarning: This package (`duckduckgo_search`) has been renamed to `ddgs`! Use `pip install ddgs` instead.
  with DDGS() as ddgs:
2026-08-16 15:21:22,731 [oasis.registry] INFO: Loaded discovered config: 5 backends
2026-08-16 15:21:22,731 [oasis.registry] INFO: Loaded discovered config: 5 backends
2026-08-16 15:21:22,732 [oasis.registry] INFO: Registered backend: 4C Multiphysics (fourc)
2026-08-16 15:21:22,732 [oasis.registry] INFO: Registered backend: 4C Multiphysics (fourc)
2026-08-16 15:21:22,732 [oasis.registry] INFO: Registered backend: FEniCSx (dolfinx) (fenics)
2026-08-16 15:21:22,732 [oasis.registry] INFO: Registered backend: FEniCSx (dolfinx) (fenics)
2026-08-16 15:21:22,733 [oasis.registry] INFO: Registered backend: deal.II (dealii)
2026-08-16 15:21:22,733 [oasis.registry] INFO: Registered backend: deal.II (dealii)
2026-08-16 15:21:22,736 [oasis.registry] INFO: Registered backend: FEBio (febio)
2026-08-16 15:21:22,737 [oasis.registry] INFO: Registered backend: FEBio (febio)
2026-08-16 15:21:22,739 [oasis.registry] INFO: Registered backend: NGSolve (ngsolve)
2026-08-16 15:21:22,739 [oasis.ngsolve] INFO: NGSolve backend registered
2026-08-16 15:21:22,739 [oasis.registry] INFO: Registered backend: NGSolve (ngsolve)
2026-08-16 15:21:22,739 [oasis.ngsolve] INFO: NGSolve backend registered
2026-08-16 15:21:22,741 [oasis.registry] INFO: Loaded discovered config: 5 backends
2026-08-16 15:21:22,741 [oasis.registry] INFO: Registered backend: scikit-fem (skfem)
2026-08-16 15:21:22,742 [oasis.skfem] INFO: scikit-fem backend registered
2026-08-16 15:21:22,742 [oasis.registry] INFO: Registered backend: scikit-fem (skfem)
2026-08-16 15:21:22,742 [oasis.skfem] INFO: scikit-fem backend registered
2026-08-16 15:21:22,742 [oasis.registry] INFO: Registered backend: 4C Multiphysics (fourc)
2026-08-16 15:21:22,743 [oasis.registry] INFO: Registered backend: FEniCSx (dolfinx) (fenics)
2026-08-16 15:21:22,743 [oasis.registry] INFO: Registered backend: deal.II (dealii)
2026-08-16 15:21:22,745 [oasis.registry] INFO: Registered backend: Kratos Multiphysics (kratos)
2026-08-16 15:21:22,745 [oasis.kratos] INFO: Kratos Multiphysics backend registered
2026-08-16 15:21:22,745 [oasis.registry] INFO: Registered backend: Kratos Multiphysics (kratos)
2026-08-16 15:21:22,745 [oasis.kratos] INFO: Kratos Multiphysics backend registered
2026-08-16 15:21:22,747 [oasis.registry] INFO: Registered backend: FEBio (febio)
2026-08-16 15:21:22,748 [oasis.registry] INFO: Registered backend: DUNE-fem (dune)
2026-08-16 15:21:22,748 [oasis.dune] INFO: DUNE-fem backend registered
2026-08-16 15:21:22,748 [oasis.registry] INFO: Registered backend: DUNE-fem (dune)
2026-08-16 15:21:22,748 [oasis.dune] INFO: DUNE-fem backend registered
2026-08-16 15:21:22,750 [oasis.registry] INFO: Registered backend: NGSolve (ngsolve)
2026-08-16 15:21:22,750 [oasis.ngsolve] INFO: NGSolve backend registered
2026-08-16 15:21:22,752 [oasis.registry] INFO: Registered backend: scikit-fem (skfem)
2026-08-16 15:21:22,752 [oasis.skfem] INFO: scikit-fem backend registered
2026-08-16 15:21:22,753 [oasis.registry] INFO: Registered backend: SPARTA (DSMC) (sparta)
2026-08-16 15:21:22,753 [oasis.sparta] INFO: SPARTA (DSMC) backend registered
2026-08-16 15:21:22,753 [oasis] INFO: Starting OASiS MCP server
2026-08-16 15:21:22,753 [oasis.registry] INFO: Registered backend: SPARTA (DSMC) (sparta)
2026-08-16 15:21:22,753 [oasis.sparta] INFO: SPARTA (DSMC) backend registered
2026-08-16 15:21:22,753 [oasis] INFO: Starting OASiS MCP server
2026-08-16 15:21:22,756 [oasis.registry] INFO: Registered backend: Kratos Multiphysics (kratos)
2026-08-16 15:21:22,756 [oasis.kratos] INFO: Kratos Multiphysics backend registered
2026-08-16 15:21:22,759 [oasis.registry] INFO: Registered backend: DUNE-fem (dune)
2026-08-16 15:21:22,759 [oasis.dune] INFO: DUNE-fem backend registered
2026-08-16 15:21:22,761 [mcp.server.lowlevel.server] INFO: Processing request of type CallToolRequest
2026-08-16 15:21:22,761 [mcp.server.lowlevel.server] INFO: Processing request of type CallToolRequest
2026-08-16 15:21:22,764 [oasis.registry] INFO: Registered backend: SPARTA (DSMC) (sparta)
2026-08-16 15:21:22,764 [oasis.sparta] INFO: SPARTA (DSMC) backend registered
2026-08-16 15:21:22,764 [oasis] INFO: Starting OASiS MCP server
2026-08-16 15:21:22,765 [mcp.server.lowlevel.server] INFO: Processing request of type ListToolsRequest
2026-08-16 15:21:22,770 [mcp.server.lowlevel.server] INFO: Processing request of type ListToolsRequest
2026-08-16 15:21:22,771 [oasis] INFO: Session journal saved: /home/alexander/Schreibtisch/ofa-v2/data/sessions/session_b78bc9d4-eb48-478b-8365-30597e25a08b.json (1 events)
2026-08-16 15:21:22,771 [mcp.server.lowlevel.server] INFO: Processing request of type CallToolRequest
2026-08-16 15:21:22,776 [oasis] INFO: Session journal saved: /home/alexander/Schreibtisch/ofa-v2/data/sessions/session_4f9bc5b2-a3cb-47a6-957f-08454eb2bc05.json (1 events)
2026-08-16 15:21:22,777 [mcp.server.lowlevel.server] INFO: Processing request of type ListToolsRequest
/home/alexander/Schreibtisch/ofa-v2/langgraph_eval/agent.py:215: RuntimeWarning: This package (`duckduckgo_search`) has been renamed to `ddgs`! Use `pip install ddgs` instead.
  with DDGS() as ddgs:
/home/alexander/Schreibtisch/ofa-v2/langgraph_eval/agent.py:215: RuntimeWarning: This package (`duckduckgo_search`) has been renamed to `ddgs`! Use `pip install ddgs` instead.
  with DDGS() as ddgs:
/home/alexander/Schreibtisch/ofa-v2/langgraph_eval/agent.py:215: RuntimeWarning: This package (`duckduckgo_search`) has been renamed to `ddgs`! Use `pip install ddgs` instead.
  with DDGS() as ddgs:
/home/alexander/Schreibtisch/ofa-v2/langgraph_eval/agent.py:215: RuntimeWarning: This package (`duckduckgo_search`) has been renamed to `ddgs`! Use `pip install ddgs` instead.
  with DDGS() as ddgs:
2026-08-16 15:21:31,503 [oasis.registry] INFO: Loaded discovered config: 5 backends
2026-08-16 15:21:31,504 [oasis.registry] INFO: Registered backend: 4C Multiphysics (fourc)
2026-08-16 15:21:31,504 [oasis.registry] INFO: Registered backend: FEniCSx (dolfinx) (fenics)
2026-08-16 15:21:31,505 [oasis.registry] INFO: Registered backend: deal.II (dealii)
2026-08-16 15:21:31,508 [oasis.registry] INFO: Registered backend: FEBio (febio)
2026-08-16 15:21:31,511 [oasis.registry] INFO: Registered backend: NGSolve (ngsolve)
2026-08-16 15:21:31,511 [oasis.ngsolve] INFO: NGSolve backend registered
2026-08-16 15:21:31,513 [oasis.registry] INFO: Registered backend: scikit-fem (skfem)
2026-08-16 15:21:31,513 [oasis.skfem] INFO: scikit-fem backend registered
2026-08-16 15:21:31,517 [oasis.registry] INFO: Registered backend: Kratos Multiphysics (kratos)
2026-08-16 15:21:31,517 [oasis.kratos] INFO: Kratos Multiphysics backend registered
2026-08-16 15:21:31,519 [oasis.registry] INFO: Registered backend: DUNE-fem (dune)
2026-08-16 15:21:31,520 [oasis.dune] INFO: DUNE-fem backend registered
2026-08-16 15:21:31,524 [oasis.registry] INFO: Registered backend: SPARTA (DSMC) (sparta)
2026-08-16 15:21:31,524 [oasis.sparta] INFO: SPARTA (DSMC) backend registered
2026-08-16 15:21:31,524 [oasis] INFO: Starting OASiS MCP server
2026-08-16 15:21:31,532 [mcp.server.lowlevel.server] INFO: Processing request of type CallToolRequest
2026-08-16 15:21:31,535 [mcp.server.lowlevel.server] INFO: Processing request of type ListToolsRequest
/home/alexander/Schreibtisch/ofa-v2/langgraph_eval/agent.py:215: RuntimeWarning: This package (`duckduckgo_search`) has been renamed to `ddgs`! Use `pip install ddgs` instead.
  with DDGS() as ddgs:
/home/alexander/Schreibtisch/ofa-v2/langgraph_eval/agent.py:215: RuntimeWarning: This package (`duckduckgo_search`) has been renamed to `ddgs`! Use `pip install ddgs` instead.
  with DDGS() as ddgs:
2026-08-16 15:21:37,710 [oasis.registry] INFO: Loaded discovered config: 5 backends
2026-08-16 15:21:37,711 [oasis.registry] INFO: Registered backend: 4C Multiphysics (fourc)
2026-08-16 15:21:37,711 [oasis.registry] INFO: Registered backend: FEniCSx (dolfinx) (fenics)
2026-08-16 15:21:37,712 [oasis.registry] INFO: Registered backend: deal.II (dealii)
2026-08-16 15:21:37,715 [oasis.registry] INFO: Registered backend: FEBio (febio)
2026-08-16 15:21:37,718 [oasis.registry] INFO: Registered backend: NGSolve (ngsolve)
2026-08-16 15:21:37,718 [oasis.ngsolve] INFO: NGSolve backend registered
2026-08-16 15:21:37,720 [oasis.registry] INFO: Registered backend: scikit-fem (skfem)
2026-08-16 15:21:37,720 [oasis.skfem] INFO: scikit-fem backend registered
2026-08-16 15:21:37,724 [oasis.registry] INFO: Registered backend: Kratos Multiphysics (kratos)
2026-08-16 15:21:37,724 [oasis.kratos] INFO: Kratos Multiphysics backend registered
2026-08-16 15:21:37,726 [oasis.registry] INFO: Registered backend: DUNE-fem (dune)
2026-08-16 15:21:37,727 [oasis.dune] INFO: DUNE-fem backend registered
2026-08-16 15:21:37,732 [oasis.registry] INFO: Registered backend: SPARTA (DSMC) (sparta)
2026-08-16 15:21:37,732 [oasis.sparta] INFO: SPARTA (DSMC) backend registered
2026-08-16 15:21:37,732 [oasis] INFO: Starting OASiS MCP server
2026-08-16 15:21:37,739 [mcp.server.lowlevel.server] INFO: Processing request of type CallToolRequest
2026-08-16 15:21:37,744 [mcp.server.lowlevel.server] INFO: Processing request of type ListToolsRequest
2026-08-16 15:21:37,749 [oasis] INFO: Session journal saved: /home/alexander/Schreibtisch/ofa-v2/data/sessions/session_7ba1f250-1a27-4035-8d50-89e96eb2b5b9.json (1 events)
/home/alexander/Schreibtisch/ofa-v2/langgraph_eval/agent.py:215: RuntimeWarning: This package (`duckduckgo_search`) has been renamed to `ddgs`! Use `pip install ddgs` instead.
  with DDGS() as ddgs:
/home/alexander/Schreibtisch/ofa-v2/langgraph_eval/agent.py:215: RuntimeWarning: This package (`duckduckgo_search`) has been renamed to `ddgs`! Use `pip install ddgs` instead.
  with DDGS() as ddgs:
/home/alexander/Schreibtisch/ofa-v2/langgraph_eval/agent.py:215: RuntimeWarning: This package (`duckduckgo_search`) has been renamed to `ddgs`! Use `pip install ddgs` instead.
  with DDGS() as ddgs:
/home/alexander/Schreibtisch/ofa-v2/langgraph_eval/agent.py:215: RuntimeWarning: This package (`duckduckgo_search`) has been renamed to `ddgs`! Use `pip install ddgs` instead.
  with DDGS() as ddgs:
/home/alexander/Schreibtisch/ofa-v2/langgraph_eval/agent.py:215: RuntimeWarning: This package (`duckduckgo_search`) has been renamed to `ddgs`! Use `pip install ddgs` instead.
  with DDGS() as ddgs:
/home/alexander/Schreibtisch/ofa-v2/langgraph_eval/agent.py:215: RuntimeWarning: This package (`duckduckgo_search`) has been renamed to `ddgs`! Use `pip install ddgs` instead.
  with DDGS() as ddgs:
/home/alexander/Schreibtisch/ofa-v2/langgraph_eval/agent.py:215: RuntimeWarning: This package (`duckduckgo_search`) has been renamed to `ddgs`! Use `pip install ddgs` instead.
  with DDGS() as ddgs:
/home/alexander/Schreibtisch/ofa-v2/langgraph_eval/agent.py:215: RuntimeWarning: This package (`duckduckgo_search`) has been renamed to `ddgs`! Use `pip install ddgs` instead.
  with DDGS() as ddgs:
/home/alexander/Schreibtisch/ofa-v2/langgraph_eval/agent.py:215: RuntimeWarning: This package (`duckduckgo_search`) has been renamed to `ddgs`! Use `pip install ddgs` instead.
  with DDGS() as ddgs:
/home/alexander/Schreibtisch/ofa-v2/langgraph_eval/agent.py:215: RuntimeWarning: This package (`duckduckgo_search`) has been renamed to `ddgs`! Use `pip install ddgs` instead.
  with DDGS() as ddgs:
2026-08-16 15:21:52,160 [oasis.registry] INFO: Loaded discovered config: 5 backends
2026-08-16 15:21:52,161 [oasis.registry] INFO: Registered backend: 4C Multiphysics (fourc)
2026-08-16 15:21:52,162 [oasis.registry] INFO: Registered backend: FEniCSx (dolfinx) (fenics)
2026-08-16 15:21:52,162 [oasis.registry] INFO: Registered backend: deal.II (dealii)
2026-08-16 15:21:52,166 [oasis.registry] INFO: Registered backend: FEBio (febio)
2026-08-16 15:21:52,168 [oasis.registry] INFO: Registered backend: NGSolve (ngsolve)
2026-08-16 15:21:52,168 [oasis.ngsolve] INFO: NGSolve backend registered
2026-08-16 15:21:52,171 [oasis.registry] INFO: Registered backend: scikit-fem (skfem)
2026-08-16 15:21:52,171 [oasis.skfem] INFO: scikit-fem backend registered
2026-08-16 15:21:52,174 [oasis.registry] INFO: Registered backend: Kratos Multiphysics (kratos)
2026-08-16 15:21:52,174 [oasis.kratos] INFO: Kratos Multiphysics backend registered
2026-08-16 15:21:52,177 [oasis.registry] INFO: Registered backend: DUNE-fem (dune)
2026-08-16 15:21:52,177 [oasis.dune] INFO: DUNE-fem backend registered
2026-08-16 15:21:52,182 [oasis.registry] INFO: Registered backend: SPARTA (DSMC) (sparta)
2026-08-16 15:21:52,182 [oasis.sparta] INFO: SPARTA (DSMC) backend registered
2026-08-16 15:21:52,182 [oasis] INFO: Starting OASiS MCP server
2026-08-16 15:21:52,191 [mcp.server.lowlevel.server] INFO: Processing request of type CallToolRequest
2026-08-16 15:21:52,992 [mcp.server.lowlevel.server] INFO: Processing request of type ListToolsRequest
2026-08-16 15:21:52,999 [oasis] INFO: Session journal saved: /home/alexander/Schreibtisch/ofa-v2/data/sessions/session_f84d55e4-db87-4e3d-a22d-ae9225675724.json (2 events)
/home/alexander/Schreibtisch/ofa-v2/langgraph_eval/agent.py:215: RuntimeWarning: This package (`duckduckgo_search`) has been renamed to `ddgs`! Use `pip install ddgs` instead.
  with DDGS() as ddgs:
/home/alexander/Schreibtisch/ofa-v2/langgraph_eval/agent.py:215: RuntimeWarning: This package (`duckduckgo_search`) has been renamed to `ddgs`! Use `pip install ddgs` instead.
  with DDGS() as ddgs:
/home/alexander/Schreibtisch/ofa-v2/langgraph_eval/agent.py:215: RuntimeWarning: This package (`duckduckgo_search`) has been renamed to `ddgs`! Use `pip install ddgs` instead.
  with DDGS() as ddgs:
[preflight] custody controls verified for 1 problem(s); keys sealed and unreadable by execution
[phase: development] results are for post-mortems and convergence checking, NOT for the paper's evaluation table.
[SK2 27b MCP s1] done  calls=74 tok=4634780/50449 1280.3s
/home/alexander/Schreibtisch/ofa-v2/campaign3_blind/run_blind.py:535: ResourceWarning: unclosed file <_io.TextIOWrapper name='/home/alexander/Schreibtisch/ofa-v2/campaign3_blind/runs/SK2_27b_MCP_seed1/work/trajectory_live.txt' mode='a' encoding='utf-8'>
  run_one(pid, a.model, cond, a.seed, a.timeout)
ResourceWarning: Enable tracemalloc to get the object allocation traceback
/home/alexander/.local/share/python/cpython-3.12.13-linux-x86_64-gnu/lib/python3.12/asyncio/selector_events.py:879: ResourceWarning: unclosed transport <_SelectorSocketTransport fd=8>
<<< cell SK2 done 2026-08-16 15:22:14
/home/alexander/Schreibtisch/ofa-v2/langgraph_eval/agent.py:290: LangGraphDeprecatedSinceV10: create_react_agent has been moved to `langchain.agents`. Please update your import to `from langchain.agents import create_agent`. Deprecated in LangGraph V1.0 to be removed in V2.0.
  sub_agent = create_react_agent(
2026-08-16 15:25:34,789 [oasis.registry] INFO: Loaded discovered config: 5 backends
2026-08-16 15:25:34,790 [oasis.registry] INFO: Registered backend: 4C Multiphysics (fourc)
2026-08-16 15:25:34,790 [oasis.registry] INFO: Registered backend: FEniCSx (dolfinx) (fenics)
2026-08-16 15:25:34,791 [oasis.registry] INFO: Registered backend: deal.II (dealii)
2026-08-16 15:25:34,794 [oasis.registry] INFO: Registered backend: FEBio (febio)
2026-08-16 15:25:34,797 [oasis.registry] INFO: Registered backend: NGSolve (ngsolve)
2026-08-16 15:25:34,797 [oasis.ngsolve] INFO: NGSolve backend registered
2026-08-16 15:25:34,799 [oasis.registry] INFO: Registered backend: scikit-fem (skfem)
2026-08-16 15:25:34,799 [oasis.skfem] INFO: scikit-fem backend registered
2026-08-16 15:25:34,803 [oasis.registry] INFO: Registered backend: Kratos Multiphysics (kratos)
2026-08-16 15:25:34,803 [oasis.kratos] INFO: Kratos Multiphysics backend registered
2026-08-16 15:25:34,806 [oasis.registry] INFO: Registered backend: DUNE-fem (dune)
2026-08-16 15:25:34,806 [oasis.dune] INFO: DUNE-fem backend registered
2026-08-16 15:25:34,811 [oasis.registry] INFO: Registered backend: SPARTA (DSMC) (sparta)
2026-08-16 15:25:34,811 [oasis.sparta] INFO: SPARTA (DSMC) backend registered
2026-08-16 15:25:34,811 [oasis] INFO: Starting OASiS MCP server
2026-08-16 15:25:34,818 [mcp.server.lowlevel.server] INFO: Processing request of type CallToolRequest
2026-08-16 15:25:37,575 [mcp.server.lowlevel.server] INFO: Processing request of type ListToolsRequest
2026-08-16 15:25:37,582 [oasis] INFO: Session journal saved: /home/alexander/Schreibtisch/ofa-v2/data/sessions/session_12431448-d09b-4a05-9c64-dc88e0fd1910.json (2 events)
[preflight] custody controls verified for 1 problem(s); keys sealed and unreadable by execution
[phase: development] results are for post-mortems and convergence checking, NOT for the paper's evaluation table.
[NG2 27b MCP s1] done  calls=98 tok=9086780/154817 2700.0s  ERR TimeoutError: exceeded 2700s
sys:1: ResourceWarning: unclosed file <_io.TextIOWrapper name='/home/alexander/Schreibtisch/ofa-v2/campaign3_blind/runs/NG2_27b_MCP_seed1/work/trajectory_live.txt' mode='a' encoding='utf-8'>
ResourceWarning: Enable tracemalloc to get the object allocation traceback
<<< cell NG2 done 2026-08-16 15:25:40
2026-08-16 15:26:48,821 [oasis.registry] INFO: Loaded discovered config: 5 backends
2026-08-16 15:26:48,822 [oasis.registry] INFO: Registered backend: 4C Multiphysics (fourc)
2026-08-16 15:26:48,822 [oasis.registry] INFO: Registered backend: FEniCSx (dolfinx) (fenics)
2026-08-16 15:26:48,823 [oasis.registry] INFO: Registered backend: deal.II (dealii)
2026-08-16 15:26:48,827 [oasis.registry] INFO: Registered backend: FEBio (febio)
2026-08-16 15:26:48,829 [oasis.registry] INFO: Registered backend: NGSolve (ngsolve)
2026-08-16 15:26:48,829 [oasis.ngsolve] INFO: NGSolve backend registered
2026-08-16 15:26:48,832 [oasis.registry] INFO: Registered backend: scikit-fem (skfem)
2026-08-16 15:26:48,832 [oasis.skfem] INFO: scikit-fem backend registered
2026-08-16 15:26:48,835 [oasis.registry] INFO: Registered backend: Kratos Multiphysics (kratos)
2026-08-16 15:26:48,835 [oasis.kratos] INFO: Kratos Multiphysics backend registered
2026-08-16 15:26:48,838 [oasis.registry] INFO: Registered backend: DUNE-fem (dune)
2026-08-16 15:26:48,838 [oasis.dune] INFO: DUNE-fem backend registered
2026-08-16 15:26:48,843 [oasis.registry] INFO: Registered backend: SPARTA (DSMC) (sparta)
2026-08-16 15:26:48,843 [oasis.sparta] INFO: SPARTA (DSMC) backend registered
2026-08-16 15:26:48,843 [oasis] INFO: Starting OASiS MCP server
2026-08-16 15:26:48,851 [mcp.server.lowlevel.server] INFO: Processing request of type CallToolRequest
2026-08-16 15:26:48,854 [mcp.server.lowlevel.server] INFO: Processing request of type ListToolsRequest
2026-08-16 15:28:09,884 [oasis.registry] INFO: Loaded discovered config: 5 backends
2026-08-16 15:28:09,885 [oasis.registry] INFO: Registered backend: 4C Multiphysics (fourc)
2026-08-16 15:28:09,885 [oasis.registry] INFO: Registered backend: FEniCSx (dolfinx) (fenics)
2026-08-16 15:28:09,886 [oasis.registry] INFO: Registered backend: deal.II (dealii)
2026-08-16 15:28:09,889 [oasis.registry] INFO: Registered backend: FEBio (febio)
2026-08-16 15:28:09,892 [oasis.registry] INFO: Registered backend: NGSolve (ngsolve)
2026-08-16 15:28:09,892 [oasis.ngsolve] INFO: NGSolve backend registered
2026-08-16 15:28:09,894 [oasis.registry] INFO: Registered backend: scikit-fem (skfem)
2026-08-16 15:28:09,894 [oasis.skfem] INFO: scikit-fem backend registered
2026-08-16 15:28:09,898 [oasis.registry] INFO: Registered backend: Kratos Multiphysics (kratos)
2026-08-16 15:28:09,898 [oasis.kratos] INFO: Kratos Multiphysics backend registered
2026-08-16 15:28:09,900 [oasis.registry] INFO: Registered backend: DUNE-fem (dune)
2026-08-16 15:28:09,901 [oasis.dune] INFO: DUNE-fem backend registered
2026-08-16 15:28:09,905 [oasis.registry] INFO: Registered backend: SPARTA (DSMC) (sparta)
2026-08-16 15:28:09,906 [oasis.sparta] INFO: SPARTA (DSMC) backend registered
2026-08-16 15:28:09,906 [oasis] INFO: Starting OASiS MCP server
2026-08-16 15:28:09,913 [mcp.server.lowlevel.server] INFO: Processing request of type CallToolRequest
2026-08-16 15:28:09,917 [mcp.server.lowlevel.server] INFO: Processing request of type ListToolsRequest
[preflight] custody controls verified for 1 problem(s); keys sealed and unreadable by execution
[phase: development] results are for post-mortems and convergence checking, NOT for the paper's evaluation table.
[KR2 27b BARE s1] done  calls=117 tok=6924249/79520 1413.2s
/home/alexander/Schreibtisch/open-fem-agent/.venv-lg/lib/python3.12/site-packages/langchain_core/tools/structured.py:97: ResourceWarning: unclosed file <_io.TextIOWrapper name=11 encoding='UTF-8'>
  return self.func(*args, **kwargs)
ResourceWarning: Enable tracemalloc to get the object allocation traceback
/home/alexander/Schreibtisch/open-fem-agent/.venv-lg/lib/python3.12/site-packages/langchain_core/tools/structured.py:97: ResourceWarning: unclosed file <_io.TextIOWrapper name=13 encoding='UTF-8'>
  return self.func(*args, **kwargs)
ResourceWarning: Enable tracemalloc to get the object allocation traceback
2026-08-16 15:46:11,205 [oasis.registry] INFO: Loaded discovered config: 5 backends
2026-08-16 15:46:11,206 [oasis.registry] INFO: Registered backend: 4C Multiphysics (fourc)
2026-08-16 15:46:11,206 [oasis.registry] INFO: Registered backend: FEniCSx (dolfinx) (fenics)
2026-08-16 15:46:11,207 [oasis.registry] INFO: Registered backend: deal.II (dealii)
2026-08-16 15:46:11,211 [oasis.registry] INFO: Registered backend: FEBio (febio)
2026-08-16 15:46:11,213 [oasis.registry] INFO: Registered backend: NGSolve (ngsolve)
2026-08-16 15:46:11,213 [oasis.ngsolve] INFO: NGSolve backend registered
2026-08-16 15:46:11,216 [oasis.registry] INFO: Registered backend: scikit-fem (skfem)
2026-08-16 15:46:11,216 [oasis.skfem] INFO: scikit-fem backend registered
2026-08-16 15:46:11,219 [oasis.registry] INFO: Registered backend: Kratos Multiphysics (kratos)
2026-08-16 15:46:11,219 [oasis.kratos] INFO: Kratos Multiphysics backend registered
2026-08-16 15:46:11,222 [oasis.registry] INFO: Registered backend: DUNE-fem (dune)
2026-08-16 15:46:11,222 [oasis.dune] INFO: DUNE-fem backend registered
2026-08-16 15:46:11,227 [oasis.registry] INFO: Registered backend: SPARTA (DSMC) (sparta)
2026-08-16 15:46:11,227 [oasis.sparta] INFO: SPARTA (DSMC) backend registered
2026-08-16 15:46:11,227 [oasis] INFO: Starting OASiS MCP server
2026-08-16 15:46:11,235 [mcp.server.lowlevel.server] INFO: Processing request of type ListToolsRequest
2026-08-16 15:46:41,163 [oasis.registry] INFO: Loaded discovered config: 5 backends
2026-08-16 15:46:41,164 [oasis.registry] INFO: Registered backend: 4C Multiphysics (fourc)
2026-08-16 15:46:41,165 [oasis.registry] INFO: Registered backend: FEniCSx (dolfinx) (fenics)
2026-08-16 15:46:41,165 [oasis.registry] INFO: Registered backend: deal.II (dealii)
2026-08-16 15:46:41,169 [oasis.registry] INFO: Registered backend: FEBio (febio)
2026-08-16 15:46:41,171 [oasis.registry] INFO: Registered backend: NGSolve (ngsolve)
2026-08-16 15:46:41,171 [oasis.ngsolve] INFO: NGSolve backend registered
2026-08-16 15:46:41,174 [oasis.registry] INFO: Registered backend: scikit-fem (skfem)
2026-08-16 15:46:41,174 [oasis.skfem] INFO: scikit-fem backend registered
2026-08-16 15:46:41,178 [oasis.registry] INFO: Registered backend: Kratos Multiphysics (kratos)
2026-08-16 15:46:41,178 [oasis.kratos] INFO: Kratos Multiphysics backend registered
2026-08-16 15:46:41,180 [oasis.registry] INFO: Registered backend: DUNE-fem (dune)
2026-08-16 15:46:41,180 [oasis.dune] INFO: DUNE-fem backend registered
2026-08-16 15:46:41,182 [oasis.registry] INFO: Loaded discovered config: 5 backends
2026-08-16 15:46:41,183 [oasis.registry] INFO: Registered backend: 4C Multiphysics (fourc)
2026-08-16 15:46:41,184 [oasis.registry] INFO: Registered backend: FEniCSx (dolfinx) (fenics)
2026-08-16 15:46:41,184 [oasis.registry] INFO: Registered backend: deal.II (dealii)
2026-08-16 15:46:41,185 [oasis.registry] INFO: Registered backend: SPARTA (DSMC) (sparta)
2026-08-16 15:46:41,185 [oasis.sparta] INFO: SPARTA (DSMC) backend registered
2026-08-16 15:46:41,185 [oasis] INFO: Starting OASiS MCP server
2026-08-16 15:46:41,188 [oasis.registry] INFO: Registered backend: FEBio (febio)
2026-08-16 15:46:41,190 [oasis.registry] INFO: Registered backend: NGSolve (ngsolve)
2026-08-16 15:46:41,190 [oasis.ngsolve] INFO: NGSolve backend registered
2026-08-16 15:46:41,193 [mcp.server.lowlevel.server] INFO: Processing request of type CallToolRequest
2026-08-16 15:46:41,193 [oasis.registry] INFO: Registered backend: scikit-fem (skfem)
2026-08-16 15:46:41,193 [oasis.skfem] INFO: scikit-fem backend registered
2026-08-16 15:46:41,197 [oasis.registry] INFO: Registered backend: Kratos Multiphysics (kratos)
2026-08-16 15:46:41,197 [oasis.kratos] INFO: Kratos Multiphysics backend registered
2026-08-16 15:46:41,199 [oasis.registry] INFO: Registered backend: DUNE-fem (dune)
2026-08-16 15:46:41,199 [oasis.dune] INFO: DUNE-fem backend registered
2026-08-16 15:46:41,204 [oasis.registry] INFO: Registered backend: SPARTA (DSMC) (sparta)
2026-08-16 15:46:41,204 [oasis.sparta] INFO: SPARTA (DSMC) backend registered
2026-08-16 15:46:41,204 [oasis] INFO: Starting OASiS MCP server
2026-08-16 15:46:41,213 [mcp.server.lowlevel.server] INFO: Processing request of type CallToolRequest
2026-08-16 15:46:44,531 [mcp.server.lowlevel.server] INFO: Processing request of type ListToolsRequest
2026-08-16 15:46:44,539 [oasis] INFO: Session journal saved: /home/alexander/Schreibtisch/ofa-v2/data/sessions/session_6073969a-4d42-4633-9276-54e2b98c14e4.json (1 events)
2026-08-16 15:46:44,579 [mcp.server.lowlevel.server] INFO: Processing request of type ListToolsRequest
2026-08-16 15:46:56,276 [oasis.registry] INFO: Loaded discovered config: 5 backends
2026-08-16 15:46:56,277 [oasis.registry] INFO: Registered backend: 4C Multiphysics (fourc)
2026-08-16 15:46:56,277 [oasis.registry] INFO: Registered backend: FEniCSx (dolfinx) (fenics)
2026-08-16 15:46:56,278 [oasis.registry] INFO: Registered backend: deal.II (dealii)
2026-08-16 15:46:56,281 [oasis.registry] INFO: Registered backend: FEBio (febio)
2026-08-16 15:46:56,284 [oasis.registry] INFO: Registered backend: NGSolve (ngsolve)
2026-08-16 15:46:56,284 [oasis.ngsolve] INFO: NGSolve backend registered
2026-08-16 15:46:56,286 [oasis.registry] INFO: Registered backend: scikit-fem (skfem)
2026-08-16 15:46:56,287 [oasis.skfem] INFO: scikit-fem backend registered
2026-08-16 15:46:56,290 [oasis.registry] INFO: Registered backend: Kratos Multiphysics (kratos)
2026-08-16 15:46:56,290 [oasis.kratos] INFO: Kratos Multiphysics backend registered
2026-08-16 15:46:56,293 [oasis.registry] INFO: Registered backend: DUNE-fem (dune)
2026-08-16 15:46:56,293 [oasis.dune] INFO: DUNE-fem backend registered
2026-08-16 15:46:56,297 [oasis.registry] INFO: Registered backend: SPARTA (DSMC) (sparta)
2026-08-16 15:46:56,297 [oasis.sparta] INFO: SPARTA (DSMC) backend registered
2026-08-16 15:46:56,297 [oasis] INFO: Starting OASiS MCP server
2026-08-16 15:46:56,305 [mcp.server.lowlevel.server] INFO: Processing request of type CallToolRequest
2026-08-16 15:46:56,310 [mcp.server.lowlevel.server] INFO: Processing request of type ListToolsRequest
2026-08-16 15:47:00,098 [oasis.registry] INFO: Loaded discovered config: 5 backends
2026-08-16 15:47:00,099 [oasis.registry] INFO: Registered backend: 4C Multiphysics (fourc)
2026-08-16 15:47:00,099 [oasis.registry] INFO: Registered backend: FEniCSx (dolfinx) (fenics)
2026-08-16 15:47:00,100 [oasis.registry] INFO: Registered backend: deal.II (dealii)
2026-08-16 15:47:00,103 [oasis.registry] INFO: Registered backend: FEBio (febio)
2026-08-16 15:47:00,106 [oasis.registry] INFO: Registered backend: NGSolve (ngsolve)
2026-08-16 15:47:00,106 [oasis.ngsolve] INFO: NGSolve backend registered
2026-08-16 15:47:00,108 [oasis.registry] INFO: Registered backend: scikit-fem (skfem)
2026-08-16 15:47:00,108 [oasis.skfem] INFO: scikit-fem backend registered
2026-08-16 15:47:00,112 [oasis.registry] INFO: Registered backend: Kratos Multiphysics (kratos)
2026-08-16 15:47:00,112 [oasis.kratos] INFO: Kratos Multiphysics backend registered
2026-08-16 15:47:00,114 [oasis.registry] INFO: Registered backend: DUNE-fem (dune)
2026-08-16 15:47:00,115 [oasis.dune] INFO: DUNE-fem backend registered
2026-08-16 15:47:00,119 [oasis.registry] INFO: Registered backend: SPARTA (DSMC) (sparta)
2026-08-16 15:47:00,119 [oasis.sparta] INFO: SPARTA (DSMC) backend registered
2026-08-16 15:47:00,119 [oasis] INFO: Starting OASiS MCP server
2026-08-16 15:47:00,127 [mcp.server.lowlevel.server] INFO: Processing request of type CallToolRequest
2026-08-16 15:47:00,131 [mcp.server.lowlevel.server] INFO: Processing request of type ListToolsRequest
2026-08-16 15:47:00,136 [oasis] INFO: Session journal saved: /home/alexander/Schreibtisch/ofa-v2/data/sessions/session_d5f7d5ed-d7ba-449f-882d-aeb80bc04c53.json (1 events)
2026-08-16 15:47:02,433 [oasis.registry] INFO: Loaded discovered config: 5 backends
2026-08-16 15:47:02,434 [oasis.registry] INFO: Registered backend: 4C Multiphysics (fourc)
2026-08-16 15:47:02,434 [oasis.registry] INFO: Registered backend: FEniCSx (dolfinx) (fenics)
2026-08-16 15:47:02,435 [oasis.registry] INFO: Registered backend: deal.II (dealii)
2026-08-16 15:47:02,439 [oasis.registry] INFO: Registered backend: FEBio (febio)
2026-08-16 15:47:02,441 [oasis.registry] INFO: Registered backend: NGSolve (ngsolve)
2026-08-16 15:47:02,441 [oasis.ngsolve] INFO: NGSolve backend registered
2026-08-16 15:47:02,443 [oasis.registry] INFO: Registered backend: scikit-fem (skfem)
2026-08-16 15:47:02,444 [oasis.skfem] INFO: scikit-fem backend registered
2026-08-16 15:47:02,447 [oasis.registry] INFO: Registered backend: Kratos Multiphysics (kratos)
2026-08-16 15:47:02,447 [oasis.kratos] INFO: Kratos Multiphysics backend registered
2026-08-16 15:47:02,450 [oasis.registry] INFO: Registered backend: DUNE-fem (dune)
2026-08-16 15:47:02,450 [oasis.dune] INFO: DUNE-fem backend registered
2026-08-16 15:47:02,455 [oasis.registry] INFO: Registered backend: SPARTA (DSMC) (sparta)
2026-08-16 15:47:02,455 [oasis.sparta] INFO: SPARTA (DSMC) backend registered
2026-08-16 15:47:02,455 [oasis] INFO: Starting OASiS MCP server
2026-08-16 15:47:02,462 [mcp.server.lowlevel.server] INFO: Processing request of type CallToolRequest
2026-08-16 15:47:02,466 [mcp.server.lowlevel.server] INFO: Processing request of type ListToolsRequest
2026-08-16 15:47:02,472 [oasis] INFO: Session journal saved: /home/alexander/Schreibtisch/ofa-v2/data/sessions/session_8aee66f6-9ad7-4385-8a4a-5e6f7b110d4f.json (1 events)
/home/alexander/Schreibtisch/ofa-v2/langgraph_eval/agent.py:215: RuntimeWarning: This package (`duckduckgo_search`) has been renamed to `ddgs`! Use `pip install ddgs` instead.
  with DDGS() as ddgs:
2026-08-16 15:48:06,149 [oasis.registry] INFO: Loaded discovered config: 5 backends
2026-08-16 15:48:06,150 [oasis.registry] INFO: Registered backend: 4C Multiphysics (fourc)
2026-08-16 15:48:06,150 [oasis.registry] INFO: Registered backend: FEniCSx (dolfinx) (fenics)
2026-08-16 15:48:06,151 [oasis.registry] INFO: Registered backend: deal.II (dealii)
2026-08-16 15:48:06,154 [oasis.registry] INFO: Registered backend: FEBio (febio)
2026-08-16 15:48:06,157 [oasis.registry] INFO: Registered backend: NGSolve (ngsolve)
2026-08-16 15:48:06,157 [oasis.ngsolve] INFO: NGSolve backend registered
2026-08-16 15:48:06,159 [oasis.registry] INFO: Registered backend: scikit-fem (skfem)
2026-08-16 15:48:06,160 [oasis.skfem] INFO: scikit-fem backend registered
2026-08-16 15:48:06,163 [oasis.registry] INFO: Registered backend: Kratos Multiphysics (kratos)
2026-08-16 15:48:06,163 [oasis.kratos] INFO: Kratos Multiphysics backend registered
2026-08-16 15:48:06,166 [oasis.registry] INFO: Registered backend: DUNE-fem (dune)
2026-08-16 15:48:06,166 [oasis.dune] INFO: DUNE-fem backend registered
2026-08-16 15:48:06,170 [oasis.registry] INFO: Registered backend: SPARTA (DSMC) (sparta)
2026-08-16 15:48:06,170 [oasis.sparta] INFO: SPARTA (DSMC) backend registered
2026-08-16 15:48:06,170 [oasis] INFO: Starting OASiS MCP server
2026-08-16 15:48:06,175 [oasis.registry] INFO: Loaded discovered config: 5 backends
2026-08-16 15:48:06,176 [oasis.registry] INFO: Registered backend: 4C Multiphysics (fourc)
2026-08-16 15:48:06,177 [oasis.registry] INFO: Registered backend: FEniCSx (dolfinx) (fenics)
2026-08-16 15:48:06,178 [oasis.registry] INFO: Registered backend: deal.II (dealii)
2026-08-16 15:48:06,178 [mcp.server.lowlevel.server] INFO: Processing request of type CallToolRequest
2026-08-16 15:48:06,181 [oasis.registry] INFO: Registered backend: FEBio (febio)
2026-08-16 15:48:06,183 [mcp.server.lowlevel.server] INFO: Processing request of type ListToolsRequest
2026-08-16 15:48:06,184 [oasis.registry] INFO: Registered backend: NGSolve (ngsolve)
2026-08-16 15:48:06,184 [oasis.ngsolve] INFO: NGSolve backend registered
2026-08-16 15:48:06,186 [oasis.registry] INFO: Registered backend: scikit-fem (skfem)
2026-08-16 15:48:06,186 [oasis.skfem] INFO: scikit-fem backend registered
2026-08-16 15:48:06,190 [oasis.registry] INFO: Registered backend: Kratos Multiphysics (kratos)
2026-08-16 15:48:06,190 [oasis.kratos] INFO: Kratos Multiphysics backend registered
2026-08-16 15:48:06,192 [oasis.registry] INFO: Registered backend: DUNE-fem (dune)
2026-08-16 15:48:06,192 [oasis.dune] INFO: DUNE-fem backend registered
2026-08-16 15:48:06,197 [oasis.registry] INFO: Registered backend: SPARTA (DSMC) (sparta)
2026-08-16 15:48:06,197 [oasis.sparta] INFO: SPARTA (DSMC) backend registered
2026-08-16 15:48:06,197 [oasis] INFO: Starting OASiS MCP server
2026-08-16 15:48:06,205 [mcp.server.lowlevel.server] INFO: Processing request of type CallToolRequest
2026-08-16 15:48:06,209 [mcp.server.lowlevel.server] INFO: Processing request of type ListToolsRequest
2026-08-16 15:48:06,214 [oasis] INFO: Session journal saved: /home/alexander/Schreibtisch/ofa-v2/data/sessions/session_d0682e45-0899-4779-88b5-38f5aaed4924.json (1 events)
2026-08-16 15:48:10,261 [oasis.registry] INFO: Loaded discovered config: 5 backends
2026-08-16 15:48:10,262 [oasis.registry] INFO: Registered backend: 4C Multiphysics (fourc)
2026-08-16 15:48:10,264 [oasis.registry] INFO: Registered backend: FEniCSx (dolfinx) (fenics)
2026-08-16 15:48:10,265 [oasis.registry] INFO: Registered backend: deal.II (dealii)
2026-08-16 15:48:10,268 [oasis.registry] INFO: Loaded discovered config: 5 backends
2026-08-16 15:48:10,269 [oasis.registry] INFO: Registered backend: FEBio (febio)
2026-08-16 15:48:10,269 [oasis.registry] INFO: Registered backend: 4C Multiphysics (fourc)
2026-08-16 15:48:10,270 [oasis.registry] INFO: Registered backend: FEniCSx (dolfinx) (fenics)
2026-08-16 15:48:10,270 [oasis.registry] INFO: Registered backend: deal.II (dealii)
2026-08-16 15:48:10,271 [oasis.registry] INFO: Registered backend: NGSolve (ngsolve)
2026-08-16 15:48:10,271 [oasis.ngsolve] INFO: NGSolve backend registered
2026-08-16 15:48:10,274 [oasis.registry] INFO: Registered backend: scikit-fem (skfem)
2026-08-16 15:48:10,274 [oasis.skfem] INFO: scikit-fem backend registered
2026-08-16 15:48:10,274 [oasis.registry] INFO: Registered backend: FEBio (febio)
2026-08-16 15:48:10,276 [oasis.registry] INFO: Registered backend: NGSolve (ngsolve)
2026-08-16 15:48:10,276 [oasis.ngsolve] INFO: NGSolve backend registered
2026-08-16 15:48:10,277 [oasis.registry] INFO: Registered backend: Kratos Multiphysics (kratos)
2026-08-16 15:48:10,277 [oasis.kratos] INFO: Kratos Multiphysics backend registered
2026-08-16 15:48:10,279 [oasis.registry] INFO: Registered backend: scikit-fem (skfem)
2026-08-16 15:48:10,279 [oasis.skfem] INFO: scikit-fem backend registered
2026-08-16 15:48:10,280 [oasis.registry] INFO: Registered backend: DUNE-fem (dune)
2026-08-16 15:48:10,280 [oasis.dune] INFO: DUNE-fem backend registered
2026-08-16 15:48:10,283 [oasis.registry] INFO: Registered backend: Kratos Multiphysics (kratos)
2026-08-16 15:48:10,283 [oasis.kratos] INFO: Kratos Multiphysics backend registered
2026-08-16 15:48:10,285 [oasis.registry] INFO: Registered backend: SPARTA (DSMC) (sparta)
2026-08-16 15:48:10,285 [oasis.sparta] INFO: SPARTA (DSMC) backend registered
2026-08-16 15:48:10,285 [oasis] INFO: Starting OASiS MCP server
2026-08-16 15:48:10,285 [oasis.registry] INFO: Registered backend: DUNE-fem (dune)
2026-08-16 15:48:10,285 [oasis.dune] INFO: DUNE-fem backend registered
2026-08-16 15:48:10,290 [oasis.registry] INFO: Registered backend: SPARTA (DSMC) (sparta)
2026-08-16 15:48:10,290 [oasis.sparta] INFO: SPARTA (DSMC) backend registered
2026-08-16 15:48:10,290 [oasis] INFO: Starting OASiS MCP server
2026-08-16 15:48:10,292 [mcp.server.lowlevel.server] INFO: Processing request of type CallToolRequest
2026-08-16 15:48:10,298 [mcp.server.lowlevel.server] INFO: Processing request of type CallToolRequest
2026-08-16 15:48:10,301 [mcp.server.lowlevel.server] INFO: Processing request of type ListToolsRequest
2026-08-16 15:48:10,302 [mcp.server.lowlevel.server] INFO: Processing request of type ListToolsRequest
2026-08-16 15:48:10,308 [oasis] INFO: Session journal saved: /home/alexander/Schreibtisch/ofa-v2/data/sessions/session_31c844d4-15d7-4bee-a41b-796536196337.json (1 events)
2026-08-16 15:48:10,309 [oasis] INFO: Session journal saved: /home/alexander/Schreibtisch/ofa-v2/data/sessions/session_9c64b6d6-2639-40e2-90ca-460624dcda69.json (1 events)
2026-08-16 15:50:50,668 [oasis.registry] INFO: Loaded discovered config: 5 backends
2026-08-16 15:50:50,669 [oasis.registry] INFO: Registered backend: 4C Multiphysics (fourc)
2026-08-16 15:50:50,669 [oasis.registry] INFO: Registered backend: FEniCSx (dolfinx) (fenics)
2026-08-16 15:50:50,670 [oasis.registry] INFO: Registered backend: deal.II (dealii)
2026-08-16 15:50:50,674 [oasis.registry] INFO: Registered backend: FEBio (febio)
2026-08-16 15:50:50,677 [oasis.registry] INFO: Registered backend: NGSolve (ngsolve)
2026-08-16 15:50:50,677 [oasis.ngsolve] INFO: NGSolve backend registered
2026-08-16 15:50:50,680 [oasis.registry] INFO: Registered backend: scikit-fem (skfem)
2026-08-16 15:50:50,680 [oasis.skfem] INFO: scikit-fem backend registered
2026-08-16 15:50:50,683 [oasis.registry] INFO: Registered backend: Kratos Multiphysics (kratos)
2026-08-16 15:50:50,683 [oasis.kratos] INFO: Kratos Multiphysics backend registered
2026-08-16 15:50:50,686 [oasis.registry] INFO: Registered backend: DUNE-fem (dune)
2026-08-16 15:50:50,686 [oasis.dune] INFO: DUNE-fem backend registered
2026-08-16 15:50:50,691 [oasis.registry] INFO: Registered backend: SPARTA (DSMC) (sparta)
2026-08-16 15:50:50,691 [oasis.sparta] INFO: SPARTA (DSMC) backend registered
2026-08-16 15:50:50,691 [oasis] INFO: Starting OASiS MCP server
2026-08-16 15:50:50,698 [mcp.server.lowlevel.server] INFO: Processing request of type CallToolRequest
2026-08-16 15:50:50,701 [mcp.server.lowlevel.server] INFO: Processing request of type ListToolsRequest
[preflight] custody controls verified for 1 problem(s); keys sealed and unreadable by execution
[phase: development] results are for post-mortems and convergence checking, NOT for the paper's evaluation table.
[KR1 27b MCP s1] done  calls=35 tok=2177130/49737 1874.8s
/home/alexander/Schreibtisch/ofa-v2/campaign3_blind/run_blind.py:535: ResourceWarning: unclosed file <_io.TextIOWrapper name='/home/alexander/Schreibtisch/ofa-v2/campaign3_blind/runs/KR1_27b_MCP_seed1/work/trajectory_live.txt' mode='a' encoding='utf-8'>
  run_one(pid, a.model, cond, a.seed, a.timeout)
ResourceWarning: Enable tracemalloc to get the object allocation traceback
/home/alexander/.local/share/python/cpython-3.12.13-linux-x86_64-gnu/lib/python3.12/asyncio/selector_events.py:879: ResourceWarning: unclosed transport <_SelectorSocketTransport fd=8>
<<< cell KR1 done 2026-08-16 15:51:05
/home/alexander/Schreibtisch/ofa-v2/langgraph_eval/agent.py:290: LangGraphDeprecatedSinceV10: create_react_agent has been moved to `langchain.agents`. Please update your import to `from langchain.agents import create_agent`. Deprecated in LangGraph V1.0 to be removed in V2.0.
  sub_agent = create_react_agent(
/home/alexander/Schreibtisch/ofa-v2/langgraph_eval/agent.py:215: RuntimeWarning: This package (`duckduckgo_search`) has been renamed to `ddgs`! Use `pip install ddgs` instead.
  with DDGS() as ddgs:
/home/alexander/Schreibtisch/ofa-v2/langgraph_eval/agent.py:215: RuntimeWarning: This package (`duckduckgo_search`) has been renamed to `ddgs`! Use `pip install ddgs` instead.
  with DDGS() as ddgs:
/home/alexander/Schreibtisch/ofa-v2/langgraph_eval/agent.py:215: RuntimeWarning: This package (`duckduckgo_search`) has been renamed to `ddgs`! Use `pip install ddgs` instead.
  with DDGS() as ddgs:
/home/alexander/Schreibtisch/ofa-v2/langgraph_eval/agent.py:215: RuntimeWarning: This package (`duckduckgo_search`) has been renamed to `ddgs`! Use `pip install ddgs` instead.
  with DDGS() as ddgs:
2026-08-16 15:51:21,556 [oasis.registry] INFO: Loaded discovered config: 5 backends
2026-08-16 15:51:21,557 [oasis.registry] INFO: Registered backend: 4C Multiphysics (fourc)
2026-08-16 15:51:21,560 [oasis.registry] INFO: Registered backend: FEniCSx (dolfinx) (fenics)
2026-08-16 15:51:21,560 [oasis.registry] INFO: Registered backend: deal.II (dealii)
2026-08-16 15:51:21,564 [oasis.registry] INFO: Registered backend: FEBio (febio)
2026-08-16 15:51:21,566 [oasis.registry] INFO: Registered backend: NGSolve (ngsolve)
2026-08-16 15:51:21,566 [oasis.ngsolve] INFO: NGSolve backend registered
2026-08-16 15:51:21,569 [oasis.registry] INFO: Registered backend: scikit-fem (skfem)
2026-08-16 15:51:21,569 [oasis.skfem] INFO: scikit-fem backend registered
2026-08-16 15:51:21,573 [oasis.registry] INFO: Registered backend: Kratos Multiphysics (kratos)
2026-08-16 15:51:21,573 [oasis.kratos] INFO: Kratos Multiphysics backend registered
2026-08-16 15:51:21,575 [oasis.registry] INFO: Registered backend: DUNE-fem (dune)
2026-08-16 15:51:21,575 [oasis.dune] INFO: DUNE-fem backend registered
2026-08-16 15:51:21,580 [oasis.registry] INFO: Registered backend: SPARTA (DSMC) (sparta)
2026-08-16 15:51:21,580 [oasis.sparta] INFO: SPARTA (DSMC) backend registered
2026-08-16 15:51:21,580 [oasis] INFO: Starting OASiS MCP server
2026-08-16 15:51:21,588 [mcp.server.lowlevel.server] INFO: Processing request of type CallToolRequest
2026-08-16 15:51:21,593 [mcp.server.lowlevel.server] INFO: Processing request of type ListToolsRequest
2026-08-16 15:51:21,598 [oasis] INFO: Session journal saved: /home/alexander/Schreibtisch/ofa-v2/data/sessions/session_06f7c7d7-b321-4561-bf81-4a475e70ef16.json (1 events)
/home/alexander/Schreibtisch/ofa-v2/langgraph_eval/agent.py:215: RuntimeWarning: This package (`duckduckgo_search`) has been renamed to `ddgs`! Use `pip install ddgs` instead.
  with DDGS() as ddgs:
/home/alexander/Schreibtisch/ofa-v2/langgraph_eval/agent.py:215: RuntimeWarning: This package (`duckduckgo_search`) has been renamed to `ddgs`! Use `pip install ddgs` instead.
  with DDGS() as ddgs:
/home/alexander/Schreibtisch/ofa-v2/langgraph_eval/agent.py:215: RuntimeWarning: This package (`duckduckgo_search`) has been renamed to `ddgs`! Use `pip install ddgs` instead.
  with DDGS() as ddgs:
2026-08-16 15:51:28,091 [oasis.registry] INFO: Loaded discovered config: 5 backends
2026-08-16 15:51:28,092 [oasis.registry] INFO: Registered backend: 4C Multiphysics (fourc)
2026-08-16 15:51:28,092 [oasis.registry] INFO: Registered backend: FEniCSx (dolfinx) (fenics)
2026-08-16 15:51:28,093 [oasis.registry] INFO: Registered backend: deal.II (dealii)
2026-08-16 15:51:28,097 [oasis.registry] INFO: Registered backend: FEBio (febio)
2026-08-16 15:51:28,099 [oasis.registry] INFO: Registered backend: NGSolve (ngsolve)
2026-08-16 15:51:28,099 [oasis.ngsolve] INFO: NGSolve backend registered
2026-08-16 15:51:28,102 [oasis.registry] INFO: Registered backend: scikit-fem (skfem)
2026-08-16 15:51:28,102 [oasis.skfem] INFO: scikit-fem backend registered
2026-08-16 15:51:28,105 [oasis.registry] INFO: Registered backend: Kratos Multiphysics (kratos)
2026-08-16 15:51:28,105 [oasis.kratos] INFO: Kratos Multiphysics backend registered
2026-08-16 15:51:28,108 [oasis.registry] INFO: Registered backend: DUNE-fem (dune)
2026-08-16 15:51:28,108 [oasis.dune] INFO: DUNE-fem backend registered
2026-08-16 15:51:28,113 [oasis.registry] INFO: Registered backend: SPARTA (DSMC) (sparta)
2026-08-16 15:51:28,113 [oasis.sparta] INFO: SPARTA (DSMC) backend registered
2026-08-16 15:51:28,113 [oasis] INFO: Starting OASiS MCP server
2026-08-16 15:51:28,121 [mcp.server.lowlevel.server] INFO: Processing request of type CallToolRequest
2026-08-16 15:51:28,129 [mcp.server.lowlevel.server] INFO: Processing request of type ListToolsRequest
2026-08-16 15:51:28,135 [oasis] INFO: Session journal saved: /home/alexander/Schreibtisch/ofa-v2/data/sessions/session_728074d9-f5a4-46fa-a501-56cac50f8348.json (1 events)
/home/alexander/Schreibtisch/ofa-v2/langgraph_eval/agent.py:215: RuntimeWarning: This package (`duckduckgo_search`) has been renamed to `ddgs`! Use `pip install ddgs` instead.
  with DDGS() as ddgs:
/home/alexander/Schreibtisch/ofa-v2/langgraph_eval/agent.py:215: RuntimeWarning: This package (`duckduckgo_search`) has been renamed to `ddgs`! Use `pip install ddgs` instead.
  with DDGS() as ddgs:
/home/alexander/Schreibtisch/ofa-v2/langgraph_eval/agent.py:215: RuntimeWarning: This package (`duckduckgo_search`) has been renamed to `ddgs`! Use `pip install ddgs` instead.
  with DDGS() as ddgs:
/home/alexander/Schreibtisch/ofa-v2/langgraph_eval/agent.py:215: RuntimeWarning: This package (`duckduckgo_search`) has been renamed to `ddgs`! Use `pip install ddgs` instead.
  with DDGS() as ddgs:
/home/alexander/Schreibtisch/ofa-v2/langgraph_eval/agent.py:215: RuntimeWarning: This package (`duckduckgo_search`) has been renamed to `ddgs`! Use `pip install ddgs` instead.
  with DDGS() as ddgs:
/home/alexander/Schreibtisch/ofa-v2/langgraph_eval/agent.py:215: RuntimeWarning: This package (`duckduckgo_search`) has been renamed to `ddgs`! Use `pip install ddgs` instead.
  with DDGS() as ddgs:
2026-08-16 15:51:37,222 [oasis.registry] INFO: Loaded discovered config: 5 backends
2026-08-16 15:51:37,223 [oasis.registry] INFO: Registered backend: 4C Multiphysics (fourc)
2026-08-16 15:51:37,223 [oasis.registry] INFO: Registered backend: FEniCSx (dolfinx) (fenics)
2026-08-16 15:51:37,224 [oasis.registry] INFO: Registered backend: deal.II (dealii)
2026-08-16 15:51:37,228 [oasis.registry] INFO: Registered backend: FEBio (febio)
2026-08-16 15:51:37,230 [oasis.registry] INFO: Registered backend: NGSolve (ngsolve)
2026-08-16 15:51:37,230 [oasis.ngsolve] INFO: NGSolve backend registered
2026-08-16 15:51:37,233 [oasis.registry] INFO: Registered backend: scikit-fem (skfem)
2026-08-16 15:51:37,233 [oasis.skfem] INFO: scikit-fem backend registered
2026-08-16 15:51:37,236 [oasis.registry] INFO: Registered backend: Kratos Multiphysics (kratos)
2026-08-16 15:51:37,236 [oasis.kratos] INFO: Kratos Multiphysics backend registered
2026-08-16 15:51:37,239 [oasis.registry] INFO: Registered backend: DUNE-fem (dune)
2026-08-16 15:51:37,239 [oasis.dune] INFO: DUNE-fem backend registered
2026-08-16 15:51:37,244 [oasis.registry] INFO: Registered backend: SPARTA (DSMC) (sparta)
2026-08-16 15:51:37,244 [oasis.sparta] INFO: SPARTA (DSMC) backend registered
2026-08-16 15:51:37,244 [oasis] INFO: Starting OASiS MCP server
2026-08-16 15:51:37,251 [mcp.server.lowlevel.server] INFO: Processing request of type CallToolRequest
2026-08-16 15:51:37,256 [mcp.server.lowlevel.server] INFO: Processing request of type ListToolsRequest
2026-08-16 15:51:37,261 [oasis] INFO: Session journal saved: /home/alexander/Schreibtisch/ofa-v2/data/sessions/session_6f640ce0-0115-4021-b8c7-2edd03b25dcd.json (1 events)
/home/alexander/Schreibtisch/ofa-v2/langgraph_eval/agent.py:215: RuntimeWarning: This package (`duckduckgo_search`) has been renamed to `ddgs`! Use `pip install ddgs` instead.
  with DDGS() as ddgs:
/home/alexander/Schreibtisch/ofa-v2/langgraph_eval/agent.py:215: RuntimeWarning: This package (`duckduckgo_search`) has been renamed to `ddgs`! Use `pip install ddgs` instead.
  with DDGS() as ddgs:
/home/alexander/Schreibtisch/ofa-v2/langgraph_eval/agent.py:215: RuntimeWarning: This package (`duckduckgo_search`) has been renamed to `ddgs`! Use `pip install ddgs` instead.
  with DDGS() as ddgs:
/home/alexander/Schreibtisch/ofa-v2/langgraph_eval/agent.py:215: RuntimeWarning: This package (`duckduckgo_search`) has been renamed to `ddgs`! Use `pip install ddgs` instead.
  with DDGS() as ddgs:
/home/alexander/Schreibtisch/ofa-v2/langgraph_eval/agent.py:215: RuntimeWarning: This package (`duckduckgo_search`) has been renamed to `ddgs`! Use `pip install ddgs` instead.
  with DDGS() as ddgs:
/home/alexander/Schreibtisch/ofa-v2/langgraph_eval/agent.py:215: RuntimeWarning: This package (`duckduckgo_search`) has been renamed to `ddgs`! Use `pip install ddgs` instead.
  with DDGS() as ddgs:
/home/alexander/Schreibtisch/ofa-v2/langgraph_eval/agent.py:215: RuntimeWarning: This package (`duckduckgo_search`) has been renamed to `ddgs`! Use `pip install ddgs` instead.
  with DDGS() as ddgs:
/home/alexander/Schreibtisch/ofa-v2/langgraph_eval/agent.py:215: RuntimeWarning: This package (`duckduckgo_search`) has been renamed to `ddgs`! Use `pip install ddgs` instead.
  with DDGS() as ddgs:
2026-08-16 15:51:49,443 [oasis.registry] INFO: Loaded discovered config: 5 backends
2026-08-16 15:51:49,444 [oasis.registry] INFO: Registered backend: 4C Multiphysics (fourc)
2026-08-16 15:51:49,445 [oasis.registry] INFO: Registered backend: FEniCSx (dolfinx) (fenics)
2026-08-16 15:51:49,445 [oasis.registry] INFO: Registered backend: deal.II (dealii)
2026-08-16 15:51:49,449 [oasis.registry] INFO: Registered backend: FEBio (febio)
2026-08-16 15:51:49,451 [oasis.registry] INFO: Registered backend: NGSolve (ngsolve)
2026-08-16 15:51:49,451 [oasis.ngsolve] INFO: NGSolve backend registered
2026-08-16 15:51:49,454 [oasis.registry] INFO: Registered backend: scikit-fem (skfem)
2026-08-16 15:51:49,454 [oasis.skfem] INFO: scikit-fem backend registered
2026-08-16 15:51:49,457 [oasis.registry] INFO: Registered backend: Kratos Multiphysics (kratos)
2026-08-16 15:51:49,457 [oasis.kratos] INFO: Kratos Multiphysics backend registered
2026-08-16 15:51:49,460 [oasis.registry] INFO: Registered backend: DUNE-fem (dune)
2026-08-16 15:51:49,460 [oasis.dune] INFO: DUNE-fem backend registered
2026-08-16 15:51:49,465 [oasis.registry] INFO: Registered backend: SPARTA (DSMC) (sparta)
2026-08-16 15:51:49,465 [oasis.sparta] INFO: SPARTA (DSMC) backend registered
2026-08-16 15:51:49,465 [oasis] INFO: Starting OASiS MCP server
2026-08-16 15:51:49,474 [mcp.server.lowlevel.server] INFO: Processing request of type CallToolRequest
2026-08-16 15:51:49,480 [mcp.server.lowlevel.server] INFO: Processing request of type ListToolsRequest
2026-08-16 15:51:52,874 [oasis.registry] INFO: Loaded discovered config: 5 backends
2026-08-16 15:51:52,875 [oasis.registry] INFO: Registered backend: 4C Multiphysics (fourc)
2026-08-16 15:51:52,875 [oasis.registry] INFO: Registered backend: FEniCSx (dolfinx) (fenics)
2026-08-16 15:51:52,876 [oasis.registry] INFO: Registered backend: deal.II (dealii)
2026-08-16 15:51:52,880 [oasis.registry] INFO: Registered backend: FEBio (febio)
2026-08-16 15:51:52,882 [oasis.registry] INFO: Registered backend: NGSolve (ngsolve)
2026-08-16 15:51:52,882 [oasis.ngsolve] INFO: NGSolve backend registered
2026-08-16 15:51:52,885 [oasis.registry] INFO: Registered backend: scikit-fem (skfem)
2026-08-16 15:51:52,885 [oasis.skfem] INFO: scikit-fem backend registered
2026-08-16 15:51:52,889 [oasis.registry] INFO: Registered backend: Kratos Multiphysics (kratos)
2026-08-16 15:51:52,889 [oasis.kratos] INFO: Kratos Multiphysics backend registered
2026-08-16 15:51:52,891 [oasis.registry] INFO: Registered backend: DUNE-fem (dune)
2026-08-16 15:51:52,891 [oasis.dune] INFO: DUNE-fem backend registered
2026-08-16 15:51:52,896 [oasis.registry] INFO: Registered backend: SPARTA (DSMC) (sparta)
2026-08-16 15:51:52,896 [oasis.sparta] INFO: SPARTA (DSMC) backend registered
2026-08-16 15:51:52,896 [oasis] INFO: Starting OASiS MCP server
2026-08-16 15:51:52,904 [mcp.server.lowlevel.server] INFO: Processing request of type CallToolRequest
2026-08-16 15:51:52,908 [mcp.server.lowlevel.server] INFO: Processing request of type ListToolsRequest
/home/alexander/Schreibtisch/ofa-v2/langgraph_eval/agent.py:215: RuntimeWarning: This package (`duckduckgo_search`) has been renamed to `ddgs`! Use `pip install ddgs` instead.
  with DDGS() as ddgs:
/home/alexander/Schreibtisch/ofa-v2/langgraph_eval/agent.py:215: RuntimeWarning: This package (`duckduckgo_search`) has been renamed to `ddgs`! Use `pip install ddgs` instead.
  with DDGS() as ddgs:
/home/alexander/Schreibtisch/ofa-v2/langgraph_eval/agent.py:215: RuntimeWarning: This package (`duckduckgo_search`) has been renamed to `ddgs`! Use `pip install ddgs` instead.
  with DDGS() as ddgs:
/home/alexander/Schreibtisch/ofa-v2/langgraph_eval/agent.py:215: RuntimeWarning: This package (`duckduckgo_search`) has been renamed to `ddgs`! Use `pip install ddgs` instead.
  with DDGS() as ddgs:
/home/alexander/Schreibtisch/ofa-v2/langgraph_eval/agent.py:215: RuntimeWarning: This package (`duckduckgo_search`) has been renamed to `ddgs`! Use `pip install ddgs` instead.
  with DDGS() as ddgs:
/home/alexander/Schreibtisch/ofa-v2/langgraph_eval/agent.py:215: RuntimeWarning: This package (`duckduckgo_search`) has been renamed to `ddgs`! Use `pip install ddgs` instead.
  with DDGS() as ddgs:
2026-08-16 15:52:01,087 [oasis.registry] INFO: Loaded discovered config: 5 backends
2026-08-16 15:52:01,088 [oasis.registry] INFO: Registered backend: 4C Multiphysics (fourc)
2026-08-16 15:52:01,089 [oasis.registry] INFO: Registered backend: FEniCSx (dolfinx) (fenics)
2026-08-16 15:52:01,089 [oasis.registry] INFO: Registered backend: deal.II (dealii)
2026-08-16 15:52:01,093 [oasis.registry] INFO: Registered backend: FEBio (febio)
2026-08-16 15:52:01,095 [oasis.registry] INFO: Registered backend: NGSolve (ngsolve)
2026-08-16 15:52:01,095 [oasis.ngsolve] INFO: NGSolve backend registered
2026-08-16 15:52:01,098 [oasis.registry] INFO: Registered backend: scikit-fem (skfem)
2026-08-16 15:52:01,098 [oasis.skfem] INFO: scikit-fem backend registered
2026-08-16 15:52:01,102 [oasis.registry] INFO: Registered backend: Kratos Multiphysics (kratos)
2026-08-16 15:52:01,102 [oasis.kratos] INFO: Kratos Multiphysics backend registered
2026-08-16 15:52:01,104 [oasis.registry] INFO: Registered backend: DUNE-fem (dune)
2026-08-16 15:52:01,104 [oasis.dune] INFO: DUNE-fem backend registered
2026-08-16 15:52:01,109 [oasis.registry] INFO: Registered backend: SPARTA (DSMC) (sparta)
2026-08-16 15:52:01,109 [oasis.sparta] INFO: SPARTA (DSMC) backend registered
2026-08-16 15:52:01,109 [oasis] INFO: Starting OASiS MCP server
2026-08-16 15:52:01,117 [mcp.server.lowlevel.server] INFO: Processing request of type CallToolRequest
2026-08-16 15:52:01,121 [mcp.server.lowlevel.server] INFO: Processing request of type ListToolsRequest
2026-08-16 15:52:01,127 [oasis] INFO: Session journal saved: /home/alexander/Schreibtisch/ofa-v2/data/sessions/session_d5d643b0-8410-42f6-ad80-e3f0cddf9892.json (1 events)
2026-08-16 15:52:03,556 [oasis.registry] INFO: Loaded discovered config: 5 backends
2026-08-16 15:52:03,557 [oasis.registry] INFO: Registered backend: 4C Multiphysics (fourc)
2026-08-16 15:52:03,557 [oasis.registry] INFO: Registered backend: FEniCSx (dolfinx) (fenics)
2026-08-16 15:52:03,558 [oasis.registry] INFO: Registered backend: deal.II (dealii)
2026-08-16 15:52:03,561 [oasis.registry] INFO: Registered backend: FEBio (febio)
2026-08-16 15:52:03,564 [oasis.registry] INFO: Registered backend: NGSolve (ngsolve)
2026-08-16 15:52:03,564 [oasis.ngsolve] INFO: NGSolve backend registered
2026-08-16 15:52:03,566 [oasis.registry] INFO: Registered backend: scikit-fem (skfem)
2026-08-16 15:52:03,567 [oasis.skfem] INFO: scikit-fem backend registered
2026-08-16 15:52:03,570 [oasis.registry] INFO: Registered backend: Kratos Multiphysics (kratos)
2026-08-16 15:52:03,570 [oasis.kratos] INFO: Kratos Multiphysics backend registered
2026-08-16 15:52:03,573 [oasis.registry] INFO: Registered backend: DUNE-fem (dune)
2026-08-16 15:52:03,573 [oasis.dune] INFO: DUNE-fem backend registered
2026-08-16 15:52:03,577 [oasis.registry] INFO: Registered backend: SPARTA (DSMC) (sparta)
2026-08-16 15:52:03,578 [oasis.sparta] INFO: SPARTA (DSMC) backend registered
2026-08-16 15:52:03,578 [oasis] INFO: Starting OASiS MCP server
2026-08-16 15:52:03,585 [mcp.server.lowlevel.server] INFO: Processing request of type CallToolRequest
2026-08-16 15:52:03,589 [mcp.server.lowlevel.server] INFO: Processing request of type ListToolsRequest
2026-08-16 15:52:03,595 [oasis] INFO: Session journal saved: /home/alexander/Schreibtisch/ofa-v2/data/sessions/session_d4de3177-2d22-418d-8c7e-7feda89cb857.json (1 events)
2026-08-16 15:52:06,989 [oasis.registry] INFO: Loaded discovered config: 5 backends
2026-08-16 15:52:06,990 [oasis.registry] INFO: Registered backend: 4C Multiphysics (fourc)
2026-08-16 15:52:06,990 [oasis.registry] INFO: Registered backend: FEniCSx (dolfinx) (fenics)
2026-08-16 15:52:06,991 [oasis.registry] INFO: Registered backend: deal.II (dealii)
2026-08-16 15:52:06,994 [oasis.registry] INFO: Registered backend: FEBio (febio)
2026-08-16 15:52:06,997 [oasis.registry] INFO: Registered backend: NGSolve (ngsolve)
2026-08-16 15:52:06,997 [oasis.ngsolve] INFO: NGSolve backend registered
2026-08-16 15:52:07,000 [oasis.registry] INFO: Registered backend: scikit-fem (skfem)
2026-08-16 15:52:07,000 [oasis.skfem] INFO: scikit-fem backend registered
2026-08-16 15:52:07,003 [oasis.registry] INFO: Registered backend: Kratos Multiphysics (kratos)
2026-08-16 15:52:07,003 [oasis.kratos] INFO: Kratos Multiphysics backend registered
2026-08-16 15:52:07,006 [oasis.registry] INFO: Registered backend: DUNE-fem (dune)
2026-08-16 15:52:07,006 [oasis.dune] INFO: DUNE-fem backend registered
2026-08-16 15:52:07,011 [oasis.registry] INFO: Registered backend: SPARTA (DSMC) (sparta)
2026-08-16 15:52:07,011 [oasis.sparta] INFO: SPARTA (DSMC) backend registered
2026-08-16 15:52:07,011 [oasis] INFO: Starting OASiS MCP server
2026-08-16 15:52:07,019 [mcp.server.lowlevel.server] INFO: Processing request of type CallToolRequest
2026-08-16 15:52:07,077 [mcp.server.lowlevel.server] INFO: Processing request of type ListToolsRequest
2026-08-16 15:52:07,083 [oasis] INFO: Session journal saved: /home/alexander/Schreibtisch/ofa-v2/data/sessions/session_50e31a70-7a79-4544-81ed-8eb843620d68.json (1 events)
/home/alexander/Schreibtisch/ofa-v2/langgraph_eval/agent.py:290: LangGraphDeprecatedSinceV10: create_react_agent has been moved to `langchain.agents`. Please update your import to `from langchain.agents import create_agent`. Deprecated in LangGraph V1.0 to be removed in V2.0.
  sub_agent = create_react_agent(
2026-08-16 15:52:26,022 [oasis.registry] INFO: Loaded discovered config: 5 backends
2026-08-16 15:52:26,023 [oasis.registry] INFO: Registered backend: 4C Multiphysics (fourc)
2026-08-16 15:52:26,023 [oasis.registry] INFO: Registered backend: FEniCSx (dolfinx) (fenics)
2026-08-16 15:52:26,024 [oasis.registry] INFO: Registered backend: deal.II (dealii)
2026-08-16 15:52:26,024 [oasis.registry] INFO: Loaded discovered config: 5 backends
2026-08-16 15:52:26,025 [oasis.registry] INFO: Registered backend: 4C Multiphysics (fourc)
2026-08-16 15:52:26,026 [oasis.registry] INFO: Registered backend: FEniCSx (dolfinx) (fenics)
2026-08-16 15:52:26,026 [oasis.registry] INFO: Registered backend: deal.II (dealii)
2026-08-16 15:52:26,027 [oasis.registry] INFO: Registered backend: FEBio (febio)
2026-08-16 15:52:26,030 [oasis.registry] INFO: Registered backend: NGSolve (ngsolve)
2026-08-16 15:52:26,030 [oasis.ngsolve] INFO: NGSolve backend registered
2026-08-16 15:52:26,030 [oasis.registry] INFO: Registered backend: FEBio (febio)
2026-08-16 15:52:26,032 [oasis.registry] INFO: Registered backend: scikit-fem (skfem)
2026-08-16 15:52:26,032 [oasis.skfem] INFO: scikit-fem backend registered
2026-08-16 15:52:26,033 [oasis.registry] INFO: Registered backend: NGSolve (ngsolve)
2026-08-16 15:52:26,033 [oasis.ngsolve] INFO: NGSolve backend registered
2026-08-16 15:52:26,035 [oasis.registry] INFO: Registered backend: scikit-fem (skfem)
2026-08-16 15:52:26,036 [oasis.skfem] INFO: scikit-fem backend registered
2026-08-16 15:52:26,036 [oasis.registry] INFO: Registered backend: Kratos Multiphysics (kratos)
2026-08-16 15:52:26,036 [oasis.kratos] INFO: Kratos Multiphysics backend registered
2026-08-16 15:52:26,039 [oasis.registry] INFO: Registered backend: DUNE-fem (dune)
2026-08-16 15:52:26,039 [oasis.dune] INFO: DUNE-fem backend registered
2026-08-16 15:52:26,039 [oasis.registry] INFO: Registered backend: Kratos Multiphysics (kratos)
2026-08-16 15:52:26,039 [oasis.kratos] INFO: Kratos Multiphysics backend registered
2026-08-16 15:52:26,042 [oasis.registry] INFO: Registered backend: DUNE-fem (dune)
2026-08-16 15:52:26,042 [oasis.dune] INFO: DUNE-fem backend registered
2026-08-16 15:52:26,044 [oasis.registry] INFO: Registered backend: SPARTA (DSMC) (sparta)
2026-08-16 15:52:26,044 [oasis.sparta] INFO: SPARTA (DSMC) backend registered
2026-08-16 15:52:26,044 [oasis] INFO: Starting OASiS MCP server
2026-08-16 15:52:26,047 [oasis.registry] INFO: Registered backend: SPARTA (DSMC) (sparta)
2026-08-16 15:52:26,047 [oasis.sparta] INFO: SPARTA (DSMC) backend registered
2026-08-16 15:52:26,047 [oasis] INFO: Starting OASiS MCP server
2026-08-16 15:52:26,051 [mcp.server.lowlevel.server] INFO: Processing request of type CallToolRequest
2026-08-16 15:52:26,054 [mcp.server.lowlevel.server] INFO: Processing request of type CallToolRequest
2026-08-16 15:52:26,059 [mcp.server.lowlevel.server] INFO: Processing request of type ListToolsRequest
2026-08-16 15:52:26,059 [mcp.server.lowlevel.server] INFO: Processing request of type ListToolsRequest
2026-08-16 15:52:26,065 [oasis] INFO: Session journal saved: /home/alexander/Schreibtisch/ofa-v2/data/sessions/session_a8391767-742a-4c14-983b-ccd1ec21cbd2.json (1 events)
2026-08-16 15:52:26,066 [oasis] INFO: Session journal saved: /home/alexander/Schreibtisch/ofa-v2/data/sessions/session_737c9788-6b47-44e0-91d4-4fbd9b819bb8.json (1 events)
2026-08-16 15:52:29,865 [oasis.registry] INFO: Loaded discovered config: 5 backends
2026-08-16 15:52:29,866 [oasis.registry] INFO: Registered backend: 4C Multiphysics (fourc)
2026-08-16 15:52:29,866 [oasis.registry] INFO: Registered backend: FEniCSx (dolfinx) (fenics)
2026-08-16 15:52:29,867 [oasis.registry] INFO: Registered backend: deal.II (dealii)
2026-08-16 15:52:29,871 [oasis.registry] INFO: Registered backend: FEBio (febio)
2026-08-16 15:52:29,873 [oasis.registry] INFO: Registered backend: NGSolve (ngsolve)
2026-08-16 15:52:29,873 [oasis.ngsolve] INFO: NGSolve backend registered
2026-08-16 15:52:29,876 [oasis.registry] INFO: Registered backend: scikit-fem (skfem)
2026-08-16 15:52:29,876 [oasis.skfem] INFO: scikit-fem backend registered
2026-08-16 15:52:29,879 [oasis.registry] INFO: Registered backend: Kratos Multiphysics (kratos)
2026-08-16 15:52:29,879 [oasis.kratos] INFO: Kratos Multiphysics backend registered
2026-08-16 15:52:29,882 [oasis.registry] INFO: Registered backend: DUNE-fem (dune)
2026-08-16 15:52:29,882 [oasis.dune] INFO: DUNE-fem backend registered
2026-08-16 15:52:29,887 [oasis.registry] INFO: Registered backend: SPARTA (DSMC) (sparta)
2026-08-16 15:52:29,887 [oasis.sparta] INFO: SPARTA (DSMC) backend registered
2026-08-16 15:52:29,887 [oasis] INFO: Starting OASiS MCP server
2026-08-16 15:52:29,895 [mcp.server.lowlevel.server] INFO: Processing request of type CallToolRequest
2026-08-16 15:52:29,903 [mcp.server.lowlevel.server] INFO: Processing request of type ListToolsRequest
2026-08-16 15:52:29,909 [oasis] INFO: Session journal saved: /home/alexander/Schreibtisch/ofa-v2/data/sessions/session_173f415a-ef91-4173-8d23-adf85d4fe05c.json (1 events)
/home/alexander/Schreibtisch/ofa-v2/langgraph_eval/agent.py:215: RuntimeWarning: This package (`duckduckgo_search`) has been renamed to `ddgs`! Use `pip install ddgs` instead.
  with DDGS() as ddgs:
/home/alexander/Schreibtisch/ofa-v2/langgraph_eval/agent.py:215: RuntimeWarning: This package (`duckduckgo_search`) has been renamed to `ddgs`! Use `pip install ddgs` instead.
  with DDGS() as ddgs:
/home/alexander/Schreibtisch/ofa-v2/langgraph_eval/agent.py:215: RuntimeWarning: This package (`duckduckgo_search`) has been renamed to `ddgs`! Use `pip install ddgs` instead.
  with DDGS() as ddgs:
2026-08-16 15:52:36,286 [oasis.registry] INFO: Loaded discovered config: 5 backends
2026-08-16 15:52:36,287 [oasis.registry] INFO: Registered backend: 4C Multiphysics (fourc)
2026-08-16 15:52:36,288 [oasis.registry] INFO: Registered backend: FEniCSx (dolfinx) (fenics)
2026-08-16 15:52:36,289 [oasis.registry] INFO: Registered backend: deal.II (dealii)
2026-08-16 15:52:36,292 [oasis.registry] INFO: Registered backend: FEBio (febio)
2026-08-16 15:52:36,295 [oasis.registry] INFO: Registered backend: NGSolve (ngsolve)
2026-08-16 15:52:36,295 [oasis.ngsolve] INFO: NGSolve backend registered
2026-08-16 15:52:36,297 [oasis.registry] INFO: Registered backend: scikit-fem (skfem)
2026-08-16 15:52:36,297 [oasis.skfem] INFO: scikit-fem backend registered
2026-08-16 15:52:36,301 [oasis.registry] INFO: Registered backend: Kratos Multiphysics (kratos)
2026-08-16 15:52:36,301 [oasis.kratos] INFO: Kratos Multiphysics backend registered
2026-08-16 15:52:36,303 [oasis.registry] INFO: Registered backend: DUNE-fem (dune)
2026-08-16 15:52:36,303 [oasis.dune] INFO: DUNE-fem backend registered
2026-08-16 15:52:36,309 [oasis.registry] INFO: Registered backend: SPARTA (DSMC) (sparta)
2026-08-16 15:52:36,309 [oasis.sparta] INFO: SPARTA (DSMC) backend registered
2026-08-16 15:52:36,309 [oasis] INFO: Starting OASiS MCP server
2026-08-16 15:52:36,316 [mcp.server.lowlevel.server] INFO: Processing request of type CallToolRequest
2026-08-16 15:52:36,320 [mcp.server.lowlevel.server] INFO: Processing request of type ListToolsRequest
/home/alexander/Schreibtisch/ofa-v2/langgraph_eval/agent.py:215: RuntimeWarning: This package (`duckduckgo_search`) has been renamed to `ddgs`! Use `pip install ddgs` instead.
  with DDGS() as ddgs:
/home/alexander/Schreibtisch/ofa-v2/langgraph_eval/agent.py:215: RuntimeWarning: This package (`duckduckgo_search`) has been renamed to `ddgs`! Use `pip install ddgs` instead.
  with DDGS() as ddgs:
/home/alexander/Schreibtisch/ofa-v2/langgraph_eval/agent.py:215: RuntimeWarning: This package (`duckduckgo_search`) has been renamed to `ddgs`! Use `pip install ddgs` instead.
  with DDGS() as ddgs:
2026-08-16 15:52:42,824 [oasis.registry] INFO: Loaded discovered config: 5 backends
2026-08-16 15:52:42,825 [oasis.registry] INFO: Registered backend: 4C Multiphysics (fourc)
2026-08-16 15:52:42,826 [oasis.registry] INFO: Registered backend: FEniCSx (dolfinx) (fenics)
2026-08-16 15:52:42,826 [oasis.registry] INFO: Registered backend: deal.II (dealii)
2026-08-16 15:52:42,830 [oasis.registry] INFO: Registered backend: FEBio (febio)
2026-08-16 15:52:42,832 [oasis.registry] INFO: Registered backend: NGSolve (ngsolve)
2026-08-16 15:52:42,832 [oasis.ngsolve] INFO: NGSolve backend registered
2026-08-16 15:52:42,835 [oasis.registry] INFO: Registered backend: scikit-fem (skfem)
2026-08-16 15:52:42,835 [oasis.skfem] INFO: scikit-fem backend registered
2026-08-16 15:52:42,839 [oasis.registry] INFO: Registered backend: Kratos Multiphysics (kratos)
2026-08-16 15:52:42,839 [oasis.kratos] INFO: Kratos Multiphysics backend registered
2026-08-16 15:52:42,841 [oasis.registry] INFO: Registered backend: DUNE-fem (dune)
2026-08-16 15:52:42,841 [oasis.dune] INFO: DUNE-fem backend registered
2026-08-16 15:52:42,846 [oasis.registry] INFO: Registered backend: SPARTA (DSMC) (sparta)
2026-08-16 15:52:42,846 [oasis.sparta] INFO: SPARTA (DSMC) backend registered
2026-08-16 15:52:42,846 [oasis] INFO: Starting OASiS MCP server
2026-08-16 15:52:42,854 [mcp.server.lowlevel.server] INFO: Processing request of type CallToolRequest
2026-08-16 15:52:42,913 [mcp.server.lowlevel.server] INFO: Processing request of type ListToolsRequest
2026-08-16 15:52:42,920 [oasis] INFO: Session journal saved: /home/alexander/Schreibtisch/ofa-v2/data/sessions/session_1811826d-80fd-4d8e-8103-903b36c66a2d.json (1 events)
/home/alexander/Schreibtisch/ofa-v2/langgraph_eval/agent.py:215: RuntimeWarning: This package (`duckduckgo_search`) has been renamed to `ddgs`! Use `pip install ddgs` instead.
  with DDGS() as ddgs:
/home/alexander/Schreibtisch/ofa-v2/langgraph_eval/agent.py:215: RuntimeWarning: This package (`duckduckgo_search`) has been renamed to `ddgs`! Use `pip install ddgs` instead.
  with DDGS() as ddgs:
2026-08-16 15:53:47,352 [oasis.registry] INFO: Loaded discovered config: 5 backends
2026-08-16 15:53:47,353 [oasis.registry] INFO: Registered backend: 4C Multiphysics (fourc)
2026-08-16 15:53:47,353 [oasis.registry] INFO: Registered backend: FEniCSx (dolfinx) (fenics)
2026-08-16 15:53:47,354 [oasis.registry] INFO: Registered backend: deal.II (dealii)
2026-08-16 15:53:47,358 [oasis.registry] INFO: Registered backend: FEBio (febio)
2026-08-16 15:53:47,360 [oasis.registry] INFO: Registered backend: NGSolve (ngsolve)
2026-08-16 15:53:47,360 [oasis.ngsolve] INFO: NGSolve backend registered
2026-08-16 15:53:47,363 [oasis.registry] INFO: Registered backend: scikit-fem (skfem)
2026-08-16 15:53:47,363 [oasis.skfem] INFO: scikit-fem backend registered
2026-08-16 15:53:47,366 [oasis.registry] INFO: Registered backend: Kratos Multiphysics (kratos)
2026-08-16 15:53:47,366 [oasis.kratos] INFO: Kratos Multiphysics backend registered
2026-08-16 15:53:47,369 [oasis.registry] INFO: Registered backend: DUNE-fem (dune)
2026-08-16 15:53:47,369 [oasis.dune] INFO: DUNE-fem backend registered
2026-08-16 15:53:47,373 [oasis.registry] INFO: Registered backend: SPARTA (DSMC) (sparta)
2026-08-16 15:53:47,373 [oasis.sparta] INFO: SPARTA (DSMC) backend registered
2026-08-16 15:53:47,374 [oasis] INFO: Starting OASiS MCP server
2026-08-16 15:53:47,381 [mcp.server.lowlevel.server] INFO: Processing request of type CallToolRequest
2026-08-16 15:53:47,384 [mcp.server.lowlevel.server] INFO: Processing request of type ListToolsRequest
2026-08-16 15:53:52,539 [oasis.registry] INFO: Loaded discovered config: 5 backends
2026-08-16 15:53:52,540 [oasis.registry] INFO: Registered backend: 4C Multiphysics (fourc)
2026-08-16 15:53:52,540 [oasis.registry] INFO: Registered backend: FEniCSx (dolfinx) (fenics)
2026-08-16 15:53:52,541 [oasis.registry] INFO: Registered backend: deal.II (dealii)
2026-08-16 15:53:52,544 [oasis.registry] INFO: Registered backend: FEBio (febio)
2026-08-16 15:53:52,547 [oasis.registry] INFO: Registered backend: NGSolve (ngsolve)
2026-08-16 15:53:52,547 [oasis.ngsolve] INFO: NGSolve backend registered
2026-08-16 15:53:52,549 [oasis.registry] INFO: Registered backend: scikit-fem (skfem)
2026-08-16 15:53:52,549 [oasis.skfem] INFO: scikit-fem backend registered
2026-08-16 15:53:52,553 [oasis.registry] INFO: Registered backend: Kratos Multiphysics (kratos)
2026-08-16 15:53:52,553 [oasis.kratos] INFO: Kratos Multiphysics backend registered
2026-08-16 15:53:52,555 [oasis.registry] INFO: Registered backend: DUNE-fem (dune)
2026-08-16 15:53:52,555 [oasis.dune] INFO: DUNE-fem backend registered
2026-08-16 15:53:52,560 [oasis.registry] INFO: Registered backend: SPARTA (DSMC) (sparta)
2026-08-16 15:53:52,560 [oasis.sparta] INFO: SPARTA (DSMC) backend registered
2026-08-16 15:53:52,560 [oasis] INFO: Starting OASiS MCP server
2026-08-16 15:53:52,568 [mcp.server.lowlevel.server] INFO: Processing request of type CallToolRequest
2026-08-16 15:53:52,720 [mcp.server.lowlevel.server] INFO: Processing request of type ListToolsRequest
2026-08-16 15:53:52,726 [oasis] INFO: Session journal saved: /home/alexander/Schreibtisch/ofa-v2/data/sessions/session_74b989d4-5f51-48fe-b071-27a3f2c88d2e.json (2 events)
2026-08-16 15:56:19,102 [oasis.registry] INFO: Loaded discovered config: 5 backends
2026-08-16 15:56:19,103 [oasis.registry] INFO: Registered backend: 4C Multiphysics (fourc)
2026-08-16 15:56:19,104 [oasis.registry] INFO: Registered backend: FEniCSx (dolfinx) (fenics)
2026-08-16 15:56:19,104 [oasis.registry] INFO: Registered backend: deal.II (dealii)
2026-08-16 15:56:19,108 [oasis.registry] INFO: Registered backend: FEBio (febio)
2026-08-16 15:56:19,110 [oasis.registry] INFO: Registered backend: NGSolve (ngsolve)
2026-08-16 15:56:19,110 [oasis.ngsolve] INFO: NGSolve backend registered
2026-08-16 15:56:19,113 [oasis.registry] INFO: Registered backend: scikit-fem (skfem)
2026-08-16 15:56:19,113 [oasis.skfem] INFO: scikit-fem backend registered
2026-08-16 15:56:19,117 [oasis.registry] INFO: Registered backend: Kratos Multiphysics (kratos)
2026-08-16 15:56:19,117 [oasis.kratos] INFO: Kratos Multiphysics backend registered
2026-08-16 15:56:19,119 [oasis.registry] INFO: Registered backend: DUNE-fem (dune)
2026-08-16 15:56:19,119 [oasis.dune] INFO: DUNE-fem backend registered
2026-08-16 15:56:19,124 [oasis.registry] INFO: Registered backend: SPARTA (DSMC) (sparta)
2026-08-16 15:56:19,124 [oasis.sparta] INFO: SPARTA (DSMC) backend registered
2026-08-16 15:56:19,124 [oasis] INFO: Starting OASiS MCP server
2026-08-16 15:56:19,132 [mcp.server.lowlevel.server] INFO: Processing request of type CallToolRequest
2026-08-16 15:56:19,135 [oasis.registry] INFO: Loaded discovered config: 5 backends
2026-08-16 15:56:19,135 [oasis.registry] INFO: Registered backend: 4C Multiphysics (fourc)
2026-08-16 15:56:19,135 [oasis.registry] INFO: Registered backend: FEniCSx (dolfinx) (fenics)
2026-08-16 15:56:19,135 [oasis.registry] INFO: Registered backend: deal.II (dealii)
2026-08-16 15:56:19,135 [oasis.registry] INFO: Registered backend: FEBio (febio)
2026-08-16 15:56:19,135 [oasis.registry] INFO: Registered backend: NGSolve (ngsolve)
2026-08-16 15:56:19,135 [oasis.ngsolve] INFO: NGSolve backend registered
2026-08-16 15:56:19,135 [oasis.registry] INFO: Registered backend: scikit-fem (skfem)
2026-08-16 15:56:19,135 [oasis.skfem] INFO: scikit-fem backend registered
2026-08-16 15:56:19,135 [oasis.registry] INFO: Registered backend: Kratos Multiphysics (kratos)
2026-08-16 15:56:19,135 [oasis.kratos] INFO: Kratos Multiphysics backend registered
2026-08-16 15:56:19,135 [oasis.registry] INFO: Registered backend: DUNE-fem (dune)
2026-08-16 15:56:19,135 [oasis.dune] INFO: DUNE-fem backend registered
2026-08-16 15:56:19,135 [oasis.registry] INFO: Registered backend: SPARTA (DSMC) (sparta)
2026-08-16 15:56:19,135 [oasis.sparta] INFO: SPARTA (DSMC) backend registered
2026-08-16 15:56:19,140 [oasis.registry] INFO: Loaded discovered config: 5 backends
2026-08-16 15:56:19,140 [oasis.registry] INFO: Registered backend: 4C Multiphysics (fourc)
2026-08-16 15:56:19,140 [oasis.registry] INFO: Registered backend: FEniCSx (dolfinx) (fenics)
2026-08-16 15:56:19,140 [oasis.registry] INFO: Registered backend: deal.II (dealii)
2026-08-16 15:56:19,140 [oasis.registry] INFO: Registered backend: FEBio (febio)
2026-08-16 15:56:19,140 [oasis.registry] INFO: Registered backend: NGSolve (ngsolve)
2026-08-16 15:56:19,140 [oasis.ngsolve] INFO: NGSolve backend registered
2026-08-16 15:56:19,140 [oasis.registry] INFO: Registered backend: scikit-fem (skfem)
2026-08-16 15:56:19,140 [oasis.skfem] INFO: scikit-fem backend registered
2026-08-16 15:56:19,140 [oasis.registry] INFO: Registered backend: Kratos Multiphysics (kratos)
2026-08-16 15:56:19,140 [oasis.kratos] INFO: Kratos Multiphysics backend registered
2026-08-16 15:56:19,140 [oasis.registry] INFO: Registered backend: DUNE-fem (dune)
2026-08-16 15:56:19,140 [oasis.dune] INFO: DUNE-fem backend registered
2026-08-16 15:56:19,140 [oasis.registry] INFO: Registered backend: SPARTA (DSMC) (sparta)
2026-08-16 15:56:19,140 [oasis.sparta] INFO: SPARTA (DSMC) backend registered
2026-08-16 15:56:20,344 [oasis.registry] INFO: Loaded discovered config: 5 backends
2026-08-16 15:56:20,344 [oasis.registry] INFO: Registered backend: 4C Multiphysics (fourc)
2026-08-16 15:56:20,344 [oasis.registry] INFO: Registered backend: FEniCSx (dolfinx) (fenics)
2026-08-16 15:56:20,344 [oasis.registry] INFO: Registered backend: deal.II (dealii)
2026-08-16 15:56:20,344 [oasis.registry] INFO: Registered backend: FEBio (febio)
2026-08-16 15:56:20,344 [oasis.registry] INFO: Registered backend: NGSolve (ngsolve)
2026-08-16 15:56:20,345 [oasis.ngsolve] INFO: NGSolve backend registered
2026-08-16 15:56:20,345 [oasis.registry] INFO: Registered backend: scikit-fem (skfem)
2026-08-16 15:56:20,345 [oasis.skfem] INFO: scikit-fem backend registered
2026-08-16 15:56:20,345 [oasis.registry] INFO: Registered backend: Kratos Multiphysics (kratos)
2026-08-16 15:56:20,345 [oasis.kratos] INFO: Kratos Multiphysics backend registered
2026-08-16 15:56:20,345 [oasis.registry] INFO: Registered backend: DUNE-fem (dune)
2026-08-16 15:56:20,345 [oasis.dune] INFO: DUNE-fem backend registered
2026-08-16 15:56:20,345 [oasis.registry] INFO: Registered backend: SPARTA (DSMC) (sparta)
2026-08-16 15:56:20,345 [oasis.sparta] INFO: SPARTA (DSMC) backend registered
2026-08-16 15:56:20,362 [oasis.registry] INFO: Loaded discovered config: 5 backends
2026-08-16 15:56:20,362 [oasis.registry] INFO: Registered backend: 4C Multiphysics (fourc)
2026-08-16 15:56:20,362 [oasis.registry] INFO: Registered backend: FEniCSx (dolfinx) (fenics)
2026-08-16 15:56:20,363 [oasis.registry] INFO: Registered backend: deal.II (dealii)
2026-08-16 15:56:20,363 [oasis.registry] INFO: Registered backend: FEBio (febio)
2026-08-16 15:56:20,363 [oasis.registry] INFO: Registered backend: NGSolve (ngsolve)
2026-08-16 15:56:20,363 [oasis.ngsolve] INFO: NGSolve backend registered
2026-08-16 15:56:20,363 [oasis.registry] INFO: Registered backend: scikit-fem (skfem)
2026-08-16 15:56:20,363 [oasis.skfem] INFO: scikit-fem backend registered
2026-08-16 15:56:20,363 [oasis.registry] INFO: Registered backend: Kratos Multiphysics (kratos)
2026-08-16 15:56:20,363 [oasis.kratos] INFO: Kratos Multiphysics backend registered
2026-08-16 15:56:20,363 [oasis.registry] INFO: Registered backend: DUNE-fem (dune)
2026-08-16 15:56:20,363 [oasis.dune] INFO: DUNE-fem backend registered
2026-08-16 15:56:20,363 [oasis.registry] INFO: Registered backend: SPARTA (DSMC) (sparta)
2026-08-16 15:56:20,363 [oasis.sparta] INFO: SPARTA (DSMC) backend registered
2026-08-16 15:56:20,834 [oasis.registry] INFO: Loaded discovered config: 5 backends
2026-08-16 15:56:20,834 [oasis.registry] INFO: Registered backend: 4C Multiphysics (fourc)
2026-08-16 15:56:20,834 [oasis.registry] INFO: Registered backend: FEniCSx (dolfinx) (fenics)
2026-08-16 15:56:20,834 [oasis.registry] INFO: Registered backend: deal.II (dealii)
2026-08-16 15:56:20,834 [oasis.registry] INFO: Registered backend: FEBio (febio)
2026-08-16 15:56:20,834 [oasis.registry] INFO: Registered backend: NGSolve (ngsolve)
2026-08-16 15:56:20,834 [oasis.ngsolve] INFO: NGSolve backend registered
2026-08-16 15:56:20,834 [oasis.registry] INFO: Registered backend: scikit-fem (skfem)
2026-08-16 15:56:20,834 [oasis.skfem] INFO: scikit-fem backend registered
2026-08-16 15:56:20,834 [oasis.registry] INFO: Registered backend: Kratos Multiphysics (kratos)
2026-08-16 15:56:20,834 [oasis.kratos] INFO: Kratos Multiphysics backend registered
2026-08-16 15:56:20,834 [oasis.registry] INFO: Registered backend: DUNE-fem (dune)
2026-08-16 15:56:20,834 [oasis.dune] INFO: DUNE-fem backend registered
2026-08-16 15:56:20,834 [oasis.registry] INFO: Registered backend: SPARTA (DSMC) (sparta)
2026-08-16 15:56:20,834 [oasis.sparta] INFO: SPARTA (DSMC) backend registered
2026-08-16 15:56:21,579 [oasis.registry] INFO: Loaded discovered config: 5 backends
2026-08-16 15:56:21,579 [oasis.registry] INFO: Registered backend: 4C Multiphysics (fourc)
2026-08-16 15:56:21,579 [oasis.registry] INFO: Registered backend: FEniCSx (dolfinx) (fenics)
2026-08-16 15:56:21,580 [oasis.registry] INFO: Registered backend: deal.II (dealii)
2026-08-16 15:56:21,580 [oasis.registry] INFO: Registered backend: FEBio (febio)
2026-08-16 15:56:21,580 [oasis.registry] INFO: Registered backend: NGSolve (ngsolve)
2026-08-16 15:56:21,580 [oasis.ngsolve] INFO: NGSolve backend registered
2026-08-16 15:56:21,580 [oasis.registry] INFO: Registered backend: scikit-fem (skfem)
2026-08-16 15:56:21,580 [oasis.skfem] INFO: scikit-fem backend registered
2026-08-16 15:56:21,580 [oasis.registry] INFO: Registered backend: Kratos Multiphysics (kratos)
2026-08-16 15:56:21,580 [oasis.kratos] INFO: Kratos Multiphysics backend registered
2026-08-16 15:56:21,580 [oasis.registry] INFO: Registered backend: DUNE-fem (dune)
2026-08-16 15:56:21,580 [oasis.dune] INFO: DUNE-fem backend registered
2026-08-16 15:56:21,580 [oasis.registry] INFO: Registered backend: SPARTA (DSMC) (sparta)
2026-08-16 15:56:21,580 [oasis.sparta] INFO: SPARTA (DSMC) backend registered
2026-08-16 15:56:21,682 [oasis.registry] INFO: Loaded discovered config: 5 backends
2026-08-16 15:56:21,682 [oasis.registry] INFO: Registered backend: 4C Multiphysics (fourc)
2026-08-16 15:56:21,682 [oasis.registry] INFO: Registered backend: FEniCSx (dolfinx) (fenics)
2026-08-16 15:56:21,682 [oasis.registry] INFO: Registered backend: deal.II (dealii)
2026-08-16 15:56:21,682 [oasis.registry] INFO: Registered backend: FEBio (febio)
2026-08-16 15:56:21,682 [oasis.registry] INFO: Registered backend: NGSolve (ngsolve)
2026-08-16 15:56:21,682 [oasis.ngsolve] INFO: NGSolve backend registered
2026-08-16 15:56:21,682 [oasis.registry] INFO: Registered backend: scikit-fem (skfem)
2026-08-16 15:56:21,682 [oasis.skfem] INFO: scikit-fem backend registered
2026-08-16 15:56:21,682 [oasis.registry] INFO: Registered backend: Kratos Multiphysics (kratos)
2026-08-16 15:56:21,683 [oasis.kratos] INFO: Kratos Multiphysics backend registered
2026-08-16 15:56:21,683 [oasis.registry] INFO: Registered backend: DUNE-fem (dune)
2026-08-16 15:56:21,683 [oasis.dune] INFO: DUNE-fem backend registered
2026-08-16 15:56:21,683 [oasis.registry] INFO: Registered backend: SPARTA (DSMC) (sparta)
2026-08-16 15:56:21,683 [oasis.sparta] INFO: SPARTA (DSMC) backend registered
2026-08-16 15:56:22,058 [oasis.registry] INFO: Loaded discovered config: 5 backends
2026-08-16 15:56:22,058 [oasis.registry] INFO: Registered backend: 4C Multiphysics (fourc)
2026-08-16 15:56:22,058 [oasis.registry] INFO: Registered backend: FEniCSx (dolfinx) (fenics)
2026-08-16 15:56:22,058 [oasis.registry] INFO: Registered backend: deal.II (dealii)
2026-08-16 15:56:22,058 [oasis.registry] INFO: Registered backend: FEBio (febio)
2026-08-16 15:56:22,058 [oasis.registry] INFO: Registered backend: NGSolve (ngsolve)
2026-08-16 15:56:22,058 [oasis.ngsolve] INFO: NGSolve backend registered
2026-08-16 15:56:22,058 [oasis.registry] INFO: Registered backend: scikit-fem (skfem)
2026-08-16 15:56:22,058 [oasis.skfem] INFO: scikit-fem backend registered
2026-08-16 15:56:22,058 [oasis.registry] INFO: Registered backend: Kratos Multiphysics (kratos)
2026-08-16 15:56:22,058 [oasis.kratos] INFO: Kratos Multiphysics backend registered
2026-08-16 15:56:22,058 [oasis.registry] INFO: Registered backend: DUNE-fem (dune)
2026-08-16 15:56:22,058 [oasis.dune] INFO: DUNE-fem backend registered
2026-08-16 15:56:22,058 [oasis.registry] INFO: Registered backend: SPARTA (DSMC) (sparta)
2026-08-16 15:56:22,058 [oasis.sparta] INFO: SPARTA (DSMC) backend registered
2026-08-16 15:56:22,338 [oasis.registry] INFO: Loaded discovered config: 5 backends
2026-08-16 15:56:22,338 [oasis.registry] INFO: Registered backend: 4C Multiphysics (fourc)
2026-08-16 15:56:22,338 [oasis.registry] INFO: Registered backend: FEniCSx (dolfinx) (fenics)
2026-08-16 15:56:22,338 [oasis.registry] INFO: Registered backend: deal.II (dealii)
2026-08-16 15:56:22,338 [oasis.registry] INFO: Registered backend: FEBio (febio)
2026-08-16 15:56:22,338 [oasis.registry] INFO: Registered backend: NGSolve (ngsolve)
2026-08-16 15:56:22,338 [oasis.ngsolve] INFO: NGSolve backend registered
2026-08-16 15:56:22,338 [oasis.registry] INFO: Registered backend: scikit-fem (skfem)
2026-08-16 15:56:22,339 [oasis.skfem] INFO: scikit-fem backend registered
2026-08-16 15:56:22,339 [oasis.registry] INFO: Registered backend: Kratos Multiphysics (kratos)
2026-08-16 15:56:22,339 [oasis.kratos] INFO: Kratos Multiphysics backend registered
2026-08-16 15:56:22,339 [oasis.registry] INFO: Registered backend: DUNE-fem (dune)
2026-08-16 15:56:22,339 [oasis.dune] INFO: DUNE-fem backend registered
2026-08-16 15:56:22,339 [oasis.registry] INFO: Registered backend: SPARTA (DSMC) (sparta)
2026-08-16 15:56:22,339 [oasis.sparta] INFO: SPARTA (DSMC) backend registered
2026-08-16 15:56:22,346 [mcp.server.lowlevel.server] INFO: Processing request of type ListToolsRequest
2026-08-16 16:02:04,752 [oasis.registry] INFO: Loaded discovered config: 5 backends
2026-08-16 16:02:04,753 [oasis.registry] INFO: Registered backend: 4C Multiphysics (fourc)
2026-08-16 16:02:04,756 [oasis.registry] INFO: Registered backend: FEniCSx (dolfinx) (fenics)
2026-08-16 16:02:04,757 [oasis.registry] INFO: Registered backend: deal.II (dealii)
2026-08-16 16:02:04,760 [oasis.registry] INFO: Registered backend: FEBio (febio)
2026-08-16 16:02:04,763 [oasis.registry] INFO: Registered backend: NGSolve (ngsolve)
2026-08-16 16:02:04,763 [oasis.ngsolve] INFO: NGSolve backend registered
2026-08-16 16:02:04,765 [oasis.registry] INFO: Registered backend: scikit-fem (skfem)
2026-08-16 16:02:04,765 [oasis.skfem] INFO: scikit-fem backend registered
2026-08-16 16:02:04,769 [oasis.registry] INFO: Registered backend: Kratos Multiphysics (kratos)
2026-08-16 16:02:04,769 [oasis.kratos] INFO: Kratos Multiphysics backend registered
2026-08-16 16:02:04,771 [oasis.registry] INFO: Registered backend: DUNE-fem (dune)
2026-08-16 16:02:04,771 [oasis.dune] INFO: DUNE-fem backend registered
2026-08-16 16:02:04,777 [oasis.registry] INFO: Registered backend: SPARTA (DSMC) (sparta)
2026-08-16 16:02:04,777 [oasis.sparta] INFO: SPARTA (DSMC) backend registered
2026-08-16 16:02:04,777 [oasis] INFO: Starting OASiS MCP server
2026-08-16 16:02:04,784 [mcp.server.lowlevel.server] INFO: Processing request of type CallToolRequest
2026-08-16 16:02:04,787 [mcp.server.lowlevel.server] INFO: Processing request of type ListToolsRequest
[preflight] custody controls verified for 1 problem(s); keys sealed and unreadable by execution
[phase: development] results are for post-mortems and convergence checking, NOT for the paper's evaluation table.
[KR2 27b MCP s1] done  calls=91 tok=6350306/41498 974.6s
/home/alexander/Schreibtisch/ofa-v2/campaign3_blind/run_blind.py:535: ResourceWarning: unclosed file <_io.TextIOWrapper name='/home/alexander/Schreibtisch/ofa-v2/campaign3_blind/runs/KR2_27b_MCP_seed1/work/trajectory_live.txt' mode='a' encoding='utf-8'>
  run_one(pid, a.model, cond, a.seed, a.timeout)
ResourceWarning: Enable tracemalloc to get the object allocation traceback
/home/alexander/.local/share/python/cpython-3.12.13-linux-x86_64-gnu/lib/python3.12/asyncio/selector_events.py:879: ResourceWarning: unclosed transport <_SelectorSocketTransport fd=8>
<<< cell KR2 done 2026-08-16 16:02:26
/home/alexander/Schreibtisch/ofa-v2/langgraph_eval/agent.py:215: RuntimeWarning: This package (`duckduckgo_search`) has been renamed to `ddgs`! Use `pip install ddgs` instead.
  with DDGS() as ddgs:
/home/alexander/Schreibtisch/ofa-v2/langgraph_eval/agent.py:215: RuntimeWarning: This package (`duckduckgo_search`) has been renamed to `ddgs`! Use `pip install ddgs` instead.
  with DDGS() as ddgs:
/home/alexander/Schreibtisch/ofa-v2/langgraph_eval/agent.py:215: RuntimeWarning: This package (`duckduckgo_search`) has been renamed to `ddgs`! Use `pip install ddgs` instead.
  with DDGS() as ddgs:
[preflight] custody controls verified for 1 problem(s); keys sealed and unreadable by execution
[phase: development] results are for post-mortems and convergence checking, NOT for the paper's evaluation table.
[DU1 27b BARE s1] done  calls=94 tok=3797557/49215 2700.0s  ERR TimeoutError: exceeded 2700s
2026-08-16 16:11:08,245 [oasis.registry] INFO: Loaded discovered config: 5 backends
2026-08-16 16:11:08,246 [oasis.registry] INFO: Registered backend: 4C Multiphysics (fourc)
2026-08-16 16:11:08,247 [oasis.registry] INFO: Registered backend: FEniCSx (dolfinx) (fenics)
2026-08-16 16:11:08,247 [oasis.registry] INFO: Registered backend: deal.II (dealii)
2026-08-16 16:11:08,251 [oasis.registry] INFO: Registered backend: FEBio (febio)
2026-08-16 16:11:08,254 [oasis.registry] INFO: Registered backend: NGSolve (ngsolve)
2026-08-16 16:11:08,254 [oasis.ngsolve] INFO: NGSolve backend registered
2026-08-16 16:11:08,257 [oasis.registry] INFO: Registered backend: scikit-fem (skfem)
2026-08-16 16:11:08,257 [oasis.skfem] INFO: scikit-fem backend registered
2026-08-16 16:11:08,260 [oasis.registry] INFO: Registered backend: Kratos Multiphysics (kratos)
2026-08-16 16:11:08,260 [oasis.kratos] INFO: Kratos Multiphysics backend registered
2026-08-16 16:11:08,263 [oasis.registry] INFO: Registered backend: DUNE-fem (dune)
2026-08-16 16:11:08,263 [oasis.dune] INFO: DUNE-fem backend registered
2026-08-16 16:11:08,268 [oasis.registry] INFO: Registered backend: SPARTA (DSMC) (sparta)
2026-08-16 16:11:08,268 [oasis.sparta] INFO: SPARTA (DSMC) backend registered
2026-08-16 16:11:08,268 [oasis] INFO: Starting OASiS MCP server
2026-08-16 16:11:08,276 [mcp.server.lowlevel.server] INFO: Processing request of type ListToolsRequest
2026-08-16 16:11:18,985 [oasis.registry] INFO: Loaded discovered config: 5 backends
2026-08-16 16:11:18,986 [oasis.registry] INFO: Registered backend: 4C Multiphysics (fourc)
2026-08-16 16:11:18,987 [oasis.registry] INFO: Registered backend: FEniCSx (dolfinx) (fenics)
2026-08-16 16:11:18,987 [oasis.registry] INFO: Registered backend: deal.II (dealii)
2026-08-16 16:11:18,991 [oasis.registry] INFO: Registered backend: FEBio (febio)
2026-08-16 16:11:18,993 [oasis.registry] INFO: Registered backend: NGSolve (ngsolve)
2026-08-16 16:11:18,993 [oasis.ngsolve] INFO: NGSolve backend registered
2026-08-16 16:11:18,996 [oasis.registry] INFO: Registered backend: scikit-fem (skfem)
2026-08-16 16:11:18,996 [oasis.skfem] INFO: scikit-fem backend registered
2026-08-16 16:11:19,000 [oasis.registry] INFO: Registered backend: Kratos Multiphysics (kratos)
2026-08-16 16:11:19,000 [oasis.kratos] INFO: Kratos Multiphysics backend registered
2026-08-16 16:11:19,002 [oasis.registry] INFO: Registered backend: DUNE-fem (dune)
2026-08-16 16:11:19,002 [oasis.dune] INFO: DUNE-fem backend registered
2026-08-16 16:11:19,008 [oasis.registry] INFO: Registered backend: SPARTA (DSMC) (sparta)
2026-08-16 16:11:19,008 [oasis.sparta] INFO: SPARTA (DSMC) backend registered
2026-08-16 16:11:19,008 [oasis] INFO: Starting OASiS MCP server
2026-08-16 16:11:19,015 [mcp.server.lowlevel.server] INFO: Processing request of type CallToolRequest
2026-08-16 16:11:22,133 [mcp.server.lowlevel.server] INFO: Processing request of type ListToolsRequest
2026-08-16 16:11:24,499 [oasis.registry] INFO: Loaded discovered config: 5 backends
2026-08-16 16:11:24,500 [oasis.registry] INFO: Registered backend: 4C Multiphysics (fourc)
2026-08-16 16:11:24,501 [oasis.registry] INFO: Registered backend: FEniCSx (dolfinx) (fenics)
2026-08-16 16:11:24,501 [oasis.registry] INFO: Registered backend: deal.II (dealii)
2026-08-16 16:11:24,505 [oasis.registry] INFO: Registered backend: FEBio (febio)
2026-08-16 16:11:24,507 [oasis.registry] INFO: Registered backend: NGSolve (ngsolve)
2026-08-16 16:11:24,507 [oasis.ngsolve] INFO: NGSolve backend registered
2026-08-16 16:11:24,510 [oasis.registry] INFO: Registered backend: scikit-fem (skfem)
2026-08-16 16:11:24,510 [oasis.skfem] INFO: scikit-fem backend registered
2026-08-16 16:11:24,514 [oasis.registry] INFO: Registered backend: Kratos Multiphysics (kratos)
2026-08-16 16:11:24,514 [oasis.kratos] INFO: Kratos Multiphysics backend registered
2026-08-16 16:11:24,516 [oasis.registry] INFO: Registered backend: DUNE-fem (dune)
2026-08-16 16:11:24,516 [oasis.dune] INFO: DUNE-fem backend registered
2026-08-16 16:11:24,521 [oasis.registry] INFO: Registered backend: SPARTA (DSMC) (sparta)
2026-08-16 16:11:24,521 [oasis.sparta] INFO: SPARTA (DSMC) backend registered
2026-08-16 16:11:24,521 [oasis] INFO: Starting OASiS MCP server
2026-08-16 16:11:24,529 [mcp.server.lowlevel.server] INFO: Processing request of type CallToolRequest
2026-08-16 16:11:25,735 [mcp.server.lowlevel.server] INFO: Processing request of type ListToolsRequest
2026-08-16 16:11:29,189 [oasis.registry] INFO: Loaded discovered config: 5 backends
2026-08-16 16:11:29,190 [oasis.registry] INFO: Registered backend: 4C Multiphysics (fourc)
2026-08-16 16:11:29,190 [oasis.registry] INFO: Registered backend: FEniCSx (dolfinx) (fenics)
2026-08-16 16:11:29,191 [oasis.registry] INFO: Registered backend: deal.II (dealii)
2026-08-16 16:11:29,194 [oasis.registry] INFO: Registered backend: FEBio (febio)
2026-08-16 16:11:29,197 [oasis.registry] INFO: Registered backend: NGSolve (ngsolve)
2026-08-16 16:11:29,197 [oasis.ngsolve] INFO: NGSolve backend registered
2026-08-16 16:11:29,200 [oasis.registry] INFO: Registered backend: scikit-fem (skfem)
2026-08-16 16:11:29,200 [oasis.skfem] INFO: scikit-fem backend registered
2026-08-16 16:11:29,203 [oasis.registry] INFO: Registered backend: Kratos Multiphysics (kratos)
2026-08-16 16:11:29,203 [oasis.kratos] INFO: Kratos Multiphysics backend registered
2026-08-16 16:11:29,206 [oasis.registry] INFO: Registered backend: DUNE-fem (dune)
2026-08-16 16:11:29,206 [oasis.dune] INFO: DUNE-fem backend registered
2026-08-16 16:11:29,211 [oasis.registry] INFO: Registered backend: SPARTA (DSMC) (sparta)
2026-08-16 16:11:29,211 [oasis.sparta] INFO: SPARTA (DSMC) backend registered
2026-08-16 16:11:29,211 [oasis] INFO: Starting OASiS MCP server
2026-08-16 16:11:29,219 [mcp.server.lowlevel.server] INFO: Processing request of type CallToolRequest
2026-08-16 16:11:32,393 [mcp.server.lowlevel.server] INFO: Processing request of type ListToolsRequest
2026-08-16 16:11:32,400 [oasis] INFO: Session journal saved: /home/alexander/Schreibtisch/ofa-v2/data/sessions/session_d5c2b861-63a6-42da-9029-ba52f92d44ee.json (1 events)
2026-08-16 16:11:37,864 [oasis.registry] INFO: Loaded discovered config: 5 backends
2026-08-16 16:11:37,865 [oasis.registry] INFO: Registered backend: 4C Multiphysics (fourc)
2026-08-16 16:11:37,866 [oasis.registry] INFO: Registered backend: FEniCSx (dolfinx) (fenics)
2026-08-16 16:11:37,867 [oasis.registry] INFO: Registered backend: deal.II (dealii)
2026-08-16 16:11:37,870 [oasis.registry] INFO: Registered backend: FEBio (febio)
2026-08-16 16:11:37,873 [oasis.registry] INFO: Registered backend: NGSolve (ngsolve)
2026-08-16 16:11:37,873 [oasis.ngsolve] INFO: NGSolve backend registered
2026-08-16 16:11:37,875 [oasis.registry] INFO: Registered backend: scikit-fem (skfem)
2026-08-16 16:11:37,875 [oasis.skfem] INFO: scikit-fem backend registered
2026-08-16 16:11:37,879 [oasis.registry] INFO: Registered backend: Kratos Multiphysics (kratos)
2026-08-16 16:11:37,879 [oasis.kratos] INFO: Kratos Multiphysics backend registered
2026-08-16 16:11:37,882 [oasis.registry] INFO: Registered backend: DUNE-fem (dune)
2026-08-16 16:11:37,882 [oasis.dune] INFO: DUNE-fem backend registered
2026-08-16 16:11:37,887 [oasis.registry] INFO: Registered backend: SPARTA (DSMC) (sparta)
2026-08-16 16:11:37,887 [oasis.sparta] INFO: SPARTA (DSMC) backend registered
2026-08-16 16:11:37,887 [oasis] INFO: Starting OASiS MCP server
2026-08-16 16:11:37,894 [mcp.server.lowlevel.server] INFO: Processing request of type CallToolRequest
2026-08-16 16:11:37,899 [mcp.server.lowlevel.server] INFO: Processing request of type ListToolsRequest
/home/alexander/Schreibtisch/ofa-v2/langgraph_eval/agent.py:215: RuntimeWarning: This package (`duckduckgo_search`) has been renamed to `ddgs`! Use `pip install ddgs` instead.
  with DDGS() as ddgs:
2026-08-16 16:11:54,280 [oasis.registry] INFO: Loaded discovered config: 5 backends
2026-08-16 16:11:54,281 [oasis.registry] INFO: Registered backend: 4C Multiphysics (fourc)
2026-08-16 16:11:54,282 [oasis.registry] INFO: Loaded discovered config: 5 backends
2026-08-16 16:11:54,282 [oasis.registry] INFO: Registered backend: FEniCSx (dolfinx) (fenics)
2026-08-16 16:11:54,282 [oasis.registry] INFO: Registered backend: deal.II (dealii)
2026-08-16 16:11:54,283 [oasis.registry] INFO: Registered backend: 4C Multiphysics (fourc)
2026-08-16 16:11:54,283 [oasis.registry] INFO: Registered backend: FEniCSx (dolfinx) (fenics)
2026-08-16 16:11:54,284 [oasis.registry] INFO: Registered backend: deal.II (dealii)
2026-08-16 16:11:54,286 [oasis.registry] INFO: Registered backend: FEBio (febio)
2026-08-16 16:11:54,287 [oasis.registry] INFO: Registered backend: FEBio (febio)
2026-08-16 16:11:54,288 [oasis.registry] INFO: Registered backend: NGSolve (ngsolve)
2026-08-16 16:11:54,288 [oasis.ngsolve] INFO: NGSolve backend registered
2026-08-16 16:11:54,290 [oasis.registry] INFO: Registered backend: NGSolve (ngsolve)
2026-08-16 16:11:54,290 [oasis.ngsolve] INFO: NGSolve backend registered
2026-08-16 16:11:54,291 [oasis.registry] INFO: Registered backend: scikit-fem (skfem)
2026-08-16 16:11:54,291 [oasis.skfem] INFO: scikit-fem backend registered
2026-08-16 16:11:54,293 [oasis.registry] INFO: Registered backend: scikit-fem (skfem)
2026-08-16 16:11:54,293 [oasis.skfem] INFO: scikit-fem backend registered
2026-08-16 16:11:54,295 [oasis.registry] INFO: Registered backend: Kratos Multiphysics (kratos)
2026-08-16 16:11:54,295 [oasis.kratos] INFO: Kratos Multiphysics backend registered
2026-08-16 16:11:54,296 [oasis.registry] INFO: Registered backend: Kratos Multiphysics (kratos)
2026-08-16 16:11:54,296 [oasis.kratos] INFO: Kratos Multiphysics backend registered
2026-08-16 16:11:54,297 [oasis.registry] INFO: Registered backend: DUNE-fem (dune)
2026-08-16 16:11:54,297 [oasis.dune] INFO: DUNE-fem backend registered
2026-08-16 16:11:54,299 [oasis.registry] INFO: Registered backend: DUNE-fem (dune)
2026-08-16 16:11:54,299 [oasis.dune] INFO: DUNE-fem backend registered
2026-08-16 16:11:54,302 [oasis.registry] INFO: Registered backend: SPARTA (DSMC) (sparta)
2026-08-16 16:11:54,302 [oasis.sparta] INFO: SPARTA (DSMC) backend registered
2026-08-16 16:11:54,302 [oasis] INFO: Starting OASiS MCP server
2026-08-16 16:11:54,304 [oasis.registry] INFO: Registered backend: SPARTA (DSMC) (sparta)
2026-08-16 16:11:54,304 [oasis.sparta] INFO: SPARTA (DSMC) backend registered
2026-08-16 16:11:54,304 [oasis] INFO: Starting OASiS MCP server
2026-08-16 16:11:54,310 [mcp.server.lowlevel.server] INFO: Processing request of type CallToolRequest
2026-08-16 16:11:54,311 [mcp.server.lowlevel.server] INFO: Processing request of type CallToolRequest
2026-08-16 16:11:54,316 [mcp.server.lowlevel.server] INFO: Processing request of type ListToolsRequest
2026-08-16 16:11:54,317 [mcp.server.lowlevel.server] INFO: Processing request of type ListToolsRequest
2026-08-16 16:11:54,322 [oasis] INFO: Session journal saved: /home/alexander/Schreibtisch/ofa-v2/data/sessions/session_778d9759-d515-4db1-a726-fabf8efd73b3.json (1 events)
2026-08-16 16:11:54,323 [oasis] INFO: Session journal saved: /home/alexander/Schreibtisch/ofa-v2/data/sessions/session_c72a8ff9-eb76-4481-bdc4-6350e8e04bcc.json (1 events)
/home/alexander/Schreibtisch/ofa-v2/langgraph_eval/agent.py:215: RuntimeWarning: This package (`duckduckgo_search`) has been renamed to `ddgs`! Use `pip install ddgs` instead.
  with DDGS() as ddgs:
/home/alexander/Schreibtisch/ofa-v2/langgraph_eval/agent.py:215: RuntimeWarning: This package (`duckduckgo_search`) has been renamed to `ddgs`! Use `pip install ddgs` instead.
  with DDGS() as ddgs:
2026-08-16 16:12:12,301 [oasis.registry] INFO: Loaded discovered config: 5 backends
2026-08-16 16:12:12,301 [oasis.registry] INFO: Loaded discovered config: 5 backends
2026-08-16 16:12:12,302 [oasis.registry] INFO: Registered backend: 4C Multiphysics (fourc)
2026-08-16 16:12:12,302 [oasis.registry] INFO: Registered backend: 4C Multiphysics (fourc)
2026-08-16 16:12:12,302 [oasis.registry] INFO: Registered backend: FEniCSx (dolfinx) (fenics)
2026-08-16 16:12:12,303 [oasis.registry] INFO: Registered backend: FEniCSx (dolfinx) (fenics)
2026-08-16 16:12:12,303 [oasis.registry] INFO: Registered backend: deal.II (dealii)
2026-08-16 16:12:12,303 [oasis.registry] INFO: Registered backend: deal.II (dealii)
2026-08-16 16:12:12,307 [oasis.registry] INFO: Registered backend: FEBio (febio)
2026-08-16 16:12:12,307 [oasis.registry] INFO: Registered backend: FEBio (febio)
2026-08-16 16:12:12,310 [oasis.registry] INFO: Registered backend: NGSolve (ngsolve)
2026-08-16 16:12:12,310 [oasis.ngsolve] INFO: NGSolve backend registered
2026-08-16 16:12:12,310 [oasis.registry] INFO: Registered backend: NGSolve (ngsolve)
2026-08-16 16:12:12,310 [oasis.ngsolve] INFO: NGSolve backend registered
2026-08-16 16:12:12,312 [oasis.registry] INFO: Registered backend: scikit-fem (skfem)
2026-08-16 16:12:12,312 [oasis.skfem] INFO: scikit-fem backend registered
2026-08-16 16:12:12,312 [oasis.registry] INFO: Registered backend: scikit-fem (skfem)
2026-08-16 16:12:12,312 [oasis.skfem] INFO: scikit-fem backend registered
2026-08-16 16:12:12,316 [oasis.registry] INFO: Registered backend: Kratos Multiphysics (kratos)
2026-08-16 16:12:12,316 [oasis.registry] INFO: Registered backend: Kratos Multiphysics (kratos)
2026-08-16 16:12:12,316 [oasis.kratos] INFO: Kratos Multiphysics backend registered
2026-08-16 16:12:12,316 [oasis.kratos] INFO: Kratos Multiphysics backend registered
2026-08-16 16:12:12,319 [oasis.registry] INFO: Registered backend: DUNE-fem (dune)
2026-08-16 16:12:12,319 [oasis.registry] INFO: Registered backend: DUNE-fem (dune)
2026-08-16 16:12:12,319 [oasis.dune] INFO: DUNE-fem backend registered
2026-08-16 16:12:12,319 [oasis.dune] INFO: DUNE-fem backend registered
2026-08-16 16:12:12,324 [oasis.registry] INFO: Registered backend: SPARTA (DSMC) (sparta)
2026-08-16 16:12:12,324 [oasis.sparta] INFO: SPARTA (DSMC) backend registered
2026-08-16 16:12:12,324 [oasis] INFO: Starting OASiS MCP server
2026-08-16 16:12:12,324 [oasis.registry] INFO: Registered backend: SPARTA (DSMC) (sparta)
2026-08-16 16:12:12,324 [oasis.sparta] INFO: SPARTA (DSMC) backend registered
2026-08-16 16:12:12,324 [oasis] INFO: Starting OASiS MCP server
2026-08-16 16:12:12,332 [mcp.server.lowlevel.server] INFO: Processing request of type CallToolRequest
2026-08-16 16:12:12,332 [mcp.server.lowlevel.server] INFO: Processing request of type CallToolRequest
2026-08-16 16:12:12,336 [mcp.server.lowlevel.server] INFO: Processing request of type ListToolsRequest
2026-08-16 16:12:12,337 [mcp.server.lowlevel.server] INFO: Processing request of type ListToolsRequest
2026-08-16 16:12:12,342 [oasis] INFO: Session journal saved: /home/alexander/Schreibtisch/ofa-v2/data/sessions/session_86daa751-36d4-4ac1-a7c9-02a40342b96c.json (1 events)
2026-08-16 16:12:28,847 [oasis.registry] INFO: Loaded discovered config: 5 backends
2026-08-16 16:12:28,848 [oasis.registry] INFO: Registered backend: 4C Multiphysics (fourc)
2026-08-16 16:12:28,851 [oasis.registry] INFO: Registered backend: FEniCSx (dolfinx) (fenics)
2026-08-16 16:12:28,851 [oasis.registry] INFO: Registered backend: deal.II (dealii)
2026-08-16 16:12:28,855 [oasis.registry] INFO: Registered backend: FEBio (febio)
2026-08-16 16:12:28,857 [oasis.registry] INFO: Registered backend: NGSolve (ngsolve)
2026-08-16 16:12:28,857 [oasis.ngsolve] INFO: NGSolve backend registered
2026-08-16 16:12:28,860 [oasis.registry] INFO: Registered backend: scikit-fem (skfem)
2026-08-16 16:12:28,860 [oasis.skfem] INFO: scikit-fem backend registered
2026-08-16 16:12:28,864 [oasis.registry] INFO: Registered backend: Kratos Multiphysics (kratos)
2026-08-16 16:12:28,864 [oasis.kratos] INFO: Kratos Multiphysics backend registered
2026-08-16 16:12:28,866 [oasis.registry] INFO: Registered backend: DUNE-fem (dune)
2026-08-16 16:12:28,866 [oasis.dune] INFO: DUNE-fem backend registered
2026-08-16 16:12:28,871 [oasis.registry] INFO: Registered backend: SPARTA (DSMC) (sparta)
2026-08-16 16:12:28,871 [oasis.sparta] INFO: SPARTA (DSMC) backend registered
2026-08-16 16:12:28,871 [oasis] INFO: Starting OASiS MCP server
2026-08-16 16:12:28,879 [mcp.server.lowlevel.server] INFO: Processing request of type CallToolRequest
2026-08-16 16:12:28,884 [mcp.server.lowlevel.server] INFO: Processing request of type ListToolsRequest
2026-08-16 16:12:28,889 [oasis] INFO: Session journal saved: /home/alexander/Schreibtisch/ofa-v2/data/sessions/session_ad9587b7-8bde-41ee-a7b3-9f85b5a2dc7e.json (1 events)
/home/alexander/Schreibtisch/ofa-v2/langgraph_eval/agent.py:290: LangGraphDeprecatedSinceV10: create_react_agent has been moved to `langchain.agents`. Please update your import to `from langchain.agents import create_agent`. Deprecated in LangGraph V1.0 to be removed in V2.0.
  sub_agent = create_react_agent(
/home/alexander/Schreibtisch/ofa-v2/langgraph_eval/agent.py:215: RuntimeWarning: This package (`duckduckgo_search`) has been renamed to `ddgs`! Use `pip install ddgs` instead.
  with DDGS() as ddgs:
/home/alexander/Schreibtisch/ofa-v2/langgraph_eval/agent.py:215: RuntimeWarning: This package (`duckduckgo_search`) has been renamed to `ddgs`! Use `pip install ddgs` instead.
  with DDGS() as ddgs:
/home/alexander/Schreibtisch/ofa-v2/langgraph_eval/agent.py:215: RuntimeWarning: This package (`duckduckgo_search`) has been renamed to `ddgs`! Use `pip install ddgs` instead.
  with DDGS() as ddgs:
2026-08-16 16:12:54,416 [oasis.registry] INFO: Loaded discovered config: 5 backends
2026-08-16 16:12:54,417 [oasis.registry] INFO: Registered backend: 4C Multiphysics (fourc)
2026-08-16 16:12:54,417 [oasis.registry] INFO: Registered backend: FEniCSx (dolfinx) (fenics)
2026-08-16 16:12:54,418 [oasis.registry] INFO: Registered backend: deal.II (dealii)
2026-08-16 16:12:54,421 [oasis.registry] INFO: Registered backend: FEBio (febio)
2026-08-16 16:12:54,423 [oasis.registry] INFO: Loaded discovered config: 5 backends
2026-08-16 16:12:54,424 [oasis.registry] INFO: Registered backend: 4C Multiphysics (fourc)
2026-08-16 16:12:54,424 [oasis.registry] INFO: Registered backend: NGSolve (ngsolve)
2026-08-16 16:12:54,424 [oasis.ngsolve] INFO: NGSolve backend registered
2026-08-16 16:12:54,424 [oasis.registry] INFO: Registered backend: FEniCSx (dolfinx) (fenics)
2026-08-16 16:12:54,425 [oasis.registry] INFO: Registered backend: deal.II (dealii)
2026-08-16 16:12:54,426 [oasis.registry] INFO: Registered backend: scikit-fem (skfem)
2026-08-16 16:12:54,426 [oasis.skfem] INFO: scikit-fem backend registered
2026-08-16 16:12:54,429 [oasis.registry] INFO: Registered backend: FEBio (febio)
2026-08-16 16:12:54,430 [oasis.registry] INFO: Registered backend: Kratos Multiphysics (kratos)
2026-08-16 16:12:54,430 [oasis.kratos] INFO: Kratos Multiphysics backend registered
2026-08-16 16:12:54,431 [oasis.registry] INFO: Registered backend: NGSolve (ngsolve)
2026-08-16 16:12:54,431 [oasis.ngsolve] INFO: NGSolve backend registered
2026-08-16 16:12:54,433 [oasis.registry] INFO: Registered backend: DUNE-fem (dune)
2026-08-16 16:12:54,433 [oasis.dune] INFO: DUNE-fem backend registered
2026-08-16 16:12:54,434 [oasis.registry] INFO: Registered backend: scikit-fem (skfem)
2026-08-16 16:12:54,434 [oasis.skfem] INFO: scikit-fem backend registered
2026-08-16 16:12:54,437 [oasis.registry] INFO: Registered backend: Kratos Multiphysics (kratos)
2026-08-16 16:12:54,437 [oasis.kratos] INFO: Kratos Multiphysics backend registered
2026-08-16 16:12:54,438 [oasis.registry] INFO: Registered backend: SPARTA (DSMC) (sparta)
2026-08-16 16:12:54,438 [oasis.sparta] INFO: SPARTA (DSMC) backend registered
2026-08-16 16:12:54,438 [oasis] INFO: Starting OASiS MCP server
2026-08-16 16:12:54,440 [oasis.registry] INFO: Registered backend: DUNE-fem (dune)
2026-08-16 16:12:54,440 [oasis.dune] INFO: DUNE-fem backend registered
2026-08-16 16:12:54,445 [oasis.registry] INFO: Registered backend: SPARTA (DSMC) (sparta)
2026-08-16 16:12:54,445 [oasis.sparta] INFO: SPARTA (DSMC) backend registered
2026-08-16 16:12:54,445 [oasis] INFO: Starting OASiS MCP server
2026-08-16 16:12:54,445 [mcp.server.lowlevel.server] INFO: Processing request of type CallToolRequest
2026-08-16 16:12:54,452 [mcp.server.lowlevel.server] INFO: Processing request of type ListToolsRequest
2026-08-16 16:12:54,453 [mcp.server.lowlevel.server] INFO: Processing request of type CallToolRequest
2026-08-16 16:12:54,458 [oasis] INFO: Session journal saved: /home/alexander/Schreibtisch/ofa-v2/data/sessions/session_897f7506-32f9-4761-a9b0-66f8236b487b.json (1 events)
2026-08-16 16:12:54,458 [mcp.server.lowlevel.server] INFO: Processing request of type ListToolsRequest
2026-08-16 16:12:54,464 [oasis] INFO: Session journal saved: /home/alexander/Schreibtisch/ofa-v2/data/sessions/session_269badbf-c46f-4430-ba6f-e21824422434.json (1 events)
/home/alexander/Schreibtisch/ofa-v2/langgraph_eval/agent.py:215: RuntimeWarning: This package (`duckduckgo_search`) has been renamed to `ddgs`! Use `pip install ddgs` instead.
  with DDGS() as ddgs:
2026-08-16 16:13:09,968 [oasis.registry] INFO: Loaded discovered config: 5 backends
2026-08-16 16:13:09,969 [oasis.registry] INFO: Registered backend: 4C Multiphysics (fourc)
2026-08-16 16:13:09,969 [oasis.registry] INFO: Registered backend: FEniCSx (dolfinx) (fenics)
2026-08-16 16:13:09,970 [oasis.registry] INFO: Registered backend: deal.II (dealii)
2026-08-16 16:13:09,973 [oasis.registry] INFO: Loaded discovered config: 5 backends
2026-08-16 16:13:09,974 [oasis.registry] INFO: Registered backend: FEBio (febio)
2026-08-16 16:13:09,974 [oasis.registry] INFO: Loaded discovered config: 5 backends
2026-08-16 16:13:09,974 [oasis.registry] INFO: Registered backend: 4C Multiphysics (fourc)
2026-08-16 16:13:09,975 [oasis.registry] INFO: Registered backend: 4C Multiphysics (fourc)
2026-08-16 16:13:09,975 [oasis.registry] INFO: Registered backend: FEniCSx (dolfinx) (fenics)
2026-08-16 16:13:09,976 [oasis.registry] INFO: Registered backend: deal.II (dealii)
2026-08-16 16:13:09,976 [oasis.registry] INFO: Registered backend: FEniCSx (dolfinx) (fenics)
2026-08-16 16:13:09,976 [oasis.registry] INFO: Registered backend: NGSolve (ngsolve)
2026-08-16 16:13:09,976 [oasis.ngsolve] INFO: NGSolve backend registered
2026-08-16 16:13:09,976 [oasis.registry] INFO: Registered backend: deal.II (dealii)
2026-08-16 16:13:09,979 [oasis.registry] INFO: Registered backend: scikit-fem (skfem)
2026-08-16 16:13:09,979 [oasis.skfem] INFO: scikit-fem backend registered
2026-08-16 16:13:09,979 [oasis.registry] INFO: Registered backend: FEBio (febio)
2026-08-16 16:13:09,980 [oasis.registry] INFO: Registered backend: FEBio (febio)
2026-08-16 16:13:09,982 [oasis.registry] INFO: Registered backend: NGSolve (ngsolve)
2026-08-16 16:13:09,982 [oasis.ngsolve] INFO: NGSolve backend registered
2026-08-16 16:13:09,982 [oasis.registry] INFO: Registered backend: NGSolve (ngsolve)
2026-08-16 16:13:09,982 [oasis.registry] INFO: Registered backend: Kratos Multiphysics (kratos)
2026-08-16 16:13:09,982 [oasis.ngsolve] INFO: NGSolve backend registered
2026-08-16 16:13:09,982 [oasis.kratos] INFO: Kratos Multiphysics backend registered
2026-08-16 16:13:09,985 [oasis.registry] INFO: Registered backend: scikit-fem (skfem)
2026-08-16 16:13:09,985 [oasis.skfem] INFO: scikit-fem backend registered
2026-08-16 16:13:09,985 [oasis.registry] INFO: Registered backend: DUNE-fem (dune)
2026-08-16 16:13:09,985 [oasis.dune] INFO: DUNE-fem backend registered
2026-08-16 16:13:09,985 [oasis.registry] INFO: Registered backend: scikit-fem (skfem)
2026-08-16 16:13:09,985 [oasis.skfem] INFO: scikit-fem backend registered
2026-08-16 16:13:09,988 [oasis.registry] INFO: Registered backend: Kratos Multiphysics (kratos)
2026-08-16 16:13:09,988 [oasis.kratos] INFO: Kratos Multiphysics backend registered
2026-08-16 16:13:09,989 [oasis.registry] INFO: Registered backend: Kratos Multiphysics (kratos)
2026-08-16 16:13:09,989 [oasis.kratos] INFO: Kratos Multiphysics backend registered
2026-08-16 16:13:09,990 [oasis.registry] INFO: Registered backend: SPARTA (DSMC) (sparta)
2026-08-16 16:13:09,990 [oasis.sparta] INFO: SPARTA (DSMC) backend registered
2026-08-16 16:13:09,990 [oasis] INFO: Starting OASiS MCP server
2026-08-16 16:13:09,991 [oasis.registry] INFO: Registered backend: DUNE-fem (dune)
2026-08-16 16:13:09,991 [oasis.dune] INFO: DUNE-fem backend registered
2026-08-16 16:13:09,991 [oasis.registry] INFO: Registered backend: DUNE-fem (dune)
2026-08-16 16:13:09,991 [oasis.dune] INFO: DUNE-fem backend registered
2026-08-16 16:13:09,996 [oasis.registry] INFO: Registered backend: SPARTA (DSMC) (sparta)
2026-08-16 16:13:09,996 [oasis.sparta] INFO: SPARTA (DSMC) backend registered
2026-08-16 16:13:09,996 [oasis] INFO: Starting OASiS MCP server
2026-08-16 16:13:09,996 [oasis.registry] INFO: Registered backend: SPARTA (DSMC) (sparta)
2026-08-16 16:13:09,996 [oasis.sparta] INFO: SPARTA (DSMC) backend registered
2026-08-16 16:13:09,996 [oasis] INFO: Starting OASiS MCP server
2026-08-16 16:13:09,997 [mcp.server.lowlevel.server] INFO: Processing request of type CallToolRequest
2026-08-16 16:13:10,001 [mcp.server.lowlevel.server] INFO: Processing request of type ListToolsRequest
2026-08-16 16:13:10,003 [mcp.server.lowlevel.server] INFO: Processing request of type CallToolRequest
2026-08-16 16:13:10,004 [mcp.server.lowlevel.server] INFO: Processing request of type CallToolRequest
2026-08-16 16:13:10,007 [oasis] INFO: Session journal saved: /home/alexander/Schreibtisch/ofa-v2/data/sessions/session_e331798d-b22f-4230-9c90-12e04246db3f.json (1 events)
2026-08-16 16:13:10,010 [mcp.server.lowlevel.server] INFO: Processing request of type ListToolsRequest
2026-08-16 16:13:10,015 [oasis] INFO: Session journal saved: /home/alexander/Schreibtisch/ofa-v2/data/sessions/session_aaa0ff3c-3166-4f97-b6a6-cbd7cb40cdbf.json (1 events)
2026-08-16 16:13:10,035 [mcp.server.lowlevel.server] INFO: Processing request of type ListToolsRequest
2026-08-16 16:13:10,039 [oasis] INFO: Session journal saved: /home/alexander/Schreibtisch/ofa-v2/data/sessions/session_d3b93ca8-b3bd-4da6-a7d3-964a81b7d59a.json (1 events)
/home/alexander/Schreibtisch/ofa-v2/langgraph_eval/agent.py:290: LangGraphDeprecatedSinceV10: create_react_agent has been moved to `langchain.agents`. Please update your import to `from langchain.agents import create_agent`. Deprecated in LangGraph V1.0 to be removed in V2.0.
  sub_agent = create_react_agent(
/home/alexander/Schreibtisch/ofa-v2/langgraph_eval/agent.py:215: RuntimeWarning: This package (`duckduckgo_search`) has been renamed to `ddgs`! Use `pip install ddgs` instead.
  with DDGS() as ddgs:
/home/alexander/Schreibtisch/ofa-v2/langgraph_eval/agent.py:215: RuntimeWarning: This package (`duckduckgo_search`) has been renamed to `ddgs`! Use `pip install ddgs` instead.
  with DDGS() as ddgs:
/home/alexander/Schreibtisch/ofa-v2/langgraph_eval/agent.py:215: RuntimeWarning: This package (`duckduckgo_search`) has been renamed to `ddgs`! Use `pip install ddgs` instead.
  with DDGS() as ddgs:
2026-08-16 16:14:18,440 [oasis.registry] INFO: Loaded discovered config: 5 backends
2026-08-16 16:14:18,441 [oasis.registry] INFO: Registered backend: 4C Multiphysics (fourc)
2026-08-16 16:14:18,442 [oasis.registry] INFO: Registered backend: FEniCSx (dolfinx) (fenics)
2026-08-16 16:14:18,442 [oasis.registry] INFO: Registered backend: deal.II (dealii)
2026-08-16 16:14:18,446 [oasis.registry] INFO: Registered backend: FEBio (febio)
2026-08-16 16:14:18,449 [oasis.registry] INFO: Registered backend: NGSolve (ngsolve)
2026-08-16 16:14:18,449 [oasis.ngsolve] INFO: NGSolve backend registered
2026-08-16 16:14:18,451 [oasis.registry] INFO: Registered backend: scikit-fem (skfem)
2026-08-16 16:14:18,451 [oasis.skfem] INFO: scikit-fem backend registered
2026-08-16 16:14:18,455 [oasis.registry] INFO: Registered backend: Kratos Multiphysics (kratos)
2026-08-16 16:14:18,455 [oasis.kratos] INFO: Kratos Multiphysics backend registered
2026-08-16 16:14:18,457 [oasis.registry] INFO: Registered backend: DUNE-fem (dune)
2026-08-16 16:14:18,457 [oasis.dune] INFO: DUNE-fem backend registered
2026-08-16 16:14:18,462 [oasis.registry] INFO: Registered backend: SPARTA (DSMC) (sparta)
2026-08-16 16:14:18,462 [oasis.sparta] INFO: SPARTA (DSMC) backend registered
2026-08-16 16:14:18,462 [oasis] INFO: Starting OASiS MCP server
2026-08-16 16:14:18,470 [mcp.server.lowlevel.server] INFO: Processing request of type CallToolRequest
2026-08-16 16:14:18,474 [mcp.server.lowlevel.server] INFO: Processing request of type ListToolsRequest
2026-08-16 16:14:18,480 [oasis] INFO: Session journal saved: /home/alexander/Schreibtisch/ofa-v2/data/sessions/session_e7113cb8-7957-4211-8fd9-ae4ba10c6dda.json (1 events)
2026-08-16 16:14:21,798 [oasis.registry] INFO: Loaded discovered config: 5 backends
2026-08-16 16:14:21,799 [oasis.registry] INFO: Registered backend: 4C Multiphysics (fourc)
2026-08-16 16:14:21,800 [oasis.registry] INFO: Registered backend: FEniCSx (dolfinx) (fenics)
2026-08-16 16:14:21,800 [oasis.registry] INFO: Registered backend: deal.II (dealii)
2026-08-16 16:14:21,804 [oasis.registry] INFO: Registered backend: FEBio (febio)
2026-08-16 16:14:21,806 [oasis.registry] INFO: Registered backend: NGSolve (ngsolve)
2026-08-16 16:14:21,807 [oasis.ngsolve] INFO: NGSolve backend registered
2026-08-16 16:14:21,809 [oasis.registry] INFO: Registered backend: scikit-fem (skfem)
2026-08-16 16:14:21,809 [oasis.skfem] INFO: scikit-fem backend registered
2026-08-16 16:14:21,813 [oasis.registry] INFO: Registered backend: Kratos Multiphysics (kratos)
2026-08-16 16:14:21,813 [oasis.kratos] INFO: Kratos Multiphysics backend registered
2026-08-16 16:14:21,815 [oasis.registry] INFO: Registered backend: DUNE-fem (dune)
2026-08-16 16:14:21,815 [oasis.dune] INFO: DUNE-fem backend registered
2026-08-16 16:14:21,820 [oasis.registry] INFO: Registered backend: SPARTA (DSMC) (sparta)
2026-08-16 16:14:21,820 [oasis.sparta] INFO: SPARTA (DSMC) backend registered
2026-08-16 16:14:21,820 [oasis] INFO: Starting OASiS MCP server
2026-08-16 16:14:21,828 [mcp.server.lowlevel.server] INFO: Processing request of type CallToolRequest
2026-08-16 16:14:21,835 [mcp.server.lowlevel.server] INFO: Processing request of type ListToolsRequest
2026-08-16 16:14:21,841 [oasis] INFO: Session journal saved: /home/alexander/Schreibtisch/ofa-v2/data/sessions/session_34de63d9-999b-4664-b13d-9635a75f73a1.json (1 events)
2026-08-16 16:14:27,274 [oasis.registry] INFO: Loaded discovered config: 5 backends
2026-08-16 16:14:27,275 [oasis.registry] INFO: Registered backend: 4C Multiphysics (fourc)
2026-08-16 16:14:27,276 [oasis.registry] INFO: Registered backend: FEniCSx (dolfinx) (fenics)
2026-08-16 16:14:27,276 [oasis.registry] INFO: Registered backend: deal.II (dealii)
2026-08-16 16:14:27,280 [oasis.registry] INFO: Registered backend: FEBio (febio)
2026-08-16 16:14:27,282 [oasis.registry] INFO: Registered backend: NGSolve (ngsolve)
2026-08-16 16:14:27,282 [oasis.ngsolve] INFO: NGSolve backend registered
2026-08-16 16:14:27,285 [oasis.registry] INFO: Registered backend: scikit-fem (skfem)
2026-08-16 16:14:27,285 [oasis.skfem] INFO: scikit-fem backend registered
2026-08-16 16:14:27,289 [oasis.registry] INFO: Registered backend: Kratos Multiphysics (kratos)
2026-08-16 16:14:27,289 [oasis.kratos] INFO: Kratos Multiphysics backend registered
2026-08-16 16:14:27,291 [oasis.registry] INFO: Registered backend: DUNE-fem (dune)
2026-08-16 16:14:27,291 [oasis.dune] INFO: DUNE-fem backend registered
2026-08-16 16:14:27,296 [oasis.registry] INFO: Registered backend: SPARTA (DSMC) (sparta)
2026-08-16 16:14:27,296 [oasis.sparta] INFO: SPARTA (DSMC) backend registered
2026-08-16 16:14:27,296 [oasis] INFO: Starting OASiS MCP server
2026-08-16 16:14:27,304 [mcp.server.lowlevel.server] INFO: Processing request of type CallToolRequest
2026-08-16 16:14:27,308 [mcp.server.lowlevel.server] INFO: Processing request of type ListToolsRequest
/home/alexander/Schreibtisch/ofa-v2/langgraph_eval/agent.py:215: RuntimeWarning: This package (`duckduckgo_search`) has been renamed to `ddgs`! Use `pip install ddgs` instead.
  with DDGS() as ddgs:
2026-08-16 16:14:32,534 [oasis.registry] INFO: Loaded discovered config: 5 backends
2026-08-16 16:14:32,535 [oasis.registry] INFO: Registered backend: 4C Multiphysics (fourc)
2026-08-16 16:14:32,536 [oasis.registry] INFO: Registered backend: FEniCSx (dolfinx) (fenics)
2026-08-16 16:14:32,536 [oasis.registry] INFO: Registered backend: deal.II (dealii)
2026-08-16 16:14:32,540 [oasis.registry] INFO: Registered backend: FEBio (febio)
2026-08-16 16:14:32,542 [oasis.registry] INFO: Registered backend: NGSolve (ngsolve)
2026-08-16 16:14:32,542 [oasis.ngsolve] INFO: NGSolve backend registered
2026-08-16 16:14:32,545 [oasis.registry] INFO: Registered backend: scikit-fem (skfem)
2026-08-16 16:14:32,545 [oasis.skfem] INFO: scikit-fem backend registered
2026-08-16 16:14:32,549 [oasis.registry] INFO: Registered backend: Kratos Multiphysics (kratos)
2026-08-16 16:14:32,549 [oasis.kratos] INFO: Kratos Multiphysics backend registered
2026-08-16 16:14:32,551 [oasis.registry] INFO: Registered backend: DUNE-fem (dune)
2026-08-16 16:14:32,551 [oasis.dune] INFO: DUNE-fem backend registered
2026-08-16 16:14:32,556 [oasis.registry] INFO: Registered backend: SPARTA (DSMC) (sparta)
2026-08-16 16:14:32,556 [oasis.sparta] INFO: SPARTA (DSMC) backend registered
2026-08-16 16:14:32,556 [oasis] INFO: Starting OASiS MCP server
2026-08-16 16:14:32,564 [mcp.server.lowlevel.server] INFO: Processing request of type CallToolRequest
2026-08-16 16:14:32,571 [mcp.server.lowlevel.server] INFO: Processing request of type ListToolsRequest
2026-08-16 16:14:32,576 [oasis] INFO: Session journal saved: /home/alexander/Schreibtisch/ofa-v2/data/sessions/session_22bd8d6d-0f27-407c-a5e2-b34d0fb2769d.json (1 events)
/home/alexander/Schreibtisch/open-fem-agent/.venv-lg/lib/python3.12/site-packages/langchain_core/tools/structured.py:97: ResourceWarning: unclosed file <_io.TextIOWrapper name=16 encoding='UTF-8'>
  return self.func(*args, **kwargs)
ResourceWarning: Enable tracemalloc to get the object allocation traceback
/home/alexander/Schreibtisch/open-fem-agent/.venv-lg/lib/python3.12/site-packages/langchain_core/tools/structured.py:97: ResourceWarning: unclosed file <_io.TextIOWrapper name=18 encoding='UTF-8'>
  return self.func(*args, **kwargs)
ResourceWarning: Enable tracemalloc to get the object allocation traceback
2026-08-16 16:15:42,965 [oasis.registry] INFO: Loaded discovered config: 5 backends
2026-08-16 16:15:42,966 [oasis.registry] INFO: Registered backend: 4C Multiphysics (fourc)
2026-08-16 16:15:42,967 [oasis.registry] INFO: Registered backend: FEniCSx (dolfinx) (fenics)
2026-08-16 16:15:42,967 [oasis.registry] INFO: Registered backend: deal.II (dealii)
2026-08-16 16:15:42,971 [oasis.registry] INFO: Registered backend: FEBio (febio)
2026-08-16 16:15:42,973 [oasis.registry] INFO: Registered backend: NGSolve (ngsolve)
2026-08-16 16:15:42,973 [oasis.ngsolve] INFO: NGSolve backend registered
2026-08-16 16:15:42,976 [oasis.registry] INFO: Registered backend: scikit-fem (skfem)
2026-08-16 16:15:42,976 [oasis.skfem] INFO: scikit-fem backend registered
2026-08-16 16:15:42,980 [oasis.registry] INFO: Registered backend: Kratos Multiphysics (kratos)
2026-08-16 16:15:42,980 [oasis.kratos] INFO: Kratos Multiphysics backend registered
2026-08-16 16:15:42,982 [oasis.registry] INFO: Registered backend: DUNE-fem (dune)
2026-08-16 16:15:42,982 [oasis.dune] INFO: DUNE-fem backend registered
2026-08-16 16:15:42,987 [oasis.registry] INFO: Registered backend: SPARTA (DSMC) (sparta)
2026-08-16 16:15:42,987 [oasis.sparta] INFO: SPARTA (DSMC) backend registered
2026-08-16 16:15:42,987 [oasis] INFO: Starting OASiS MCP server
2026-08-16 16:15:42,995 [mcp.server.lowlevel.server] INFO: Processing request of type CallToolRequest
2026-08-16 16:15:43,000 [mcp.server.lowlevel.server] INFO: Processing request of type ListToolsRequest
/home/alexander/Schreibtisch/ofa-v2/langgraph_eval/agent.py:290: LangGraphDeprecatedSinceV10: create_react_agent has been moved to `langchain.agents`. Please update your import to `from langchain.agents import create_agent`. Deprecated in LangGraph V1.0 to be removed in V2.0.
  sub_agent = create_react_agent(
