x,y,ux,uy
0.63494318181818177,0.011363636363636364,0,0
0.63494318181818177,0.034090909090909088,0,0
0.63494318181818177,0.056818181818181816,0,0
0.63494318181818177,0.079545454545454544,-7.1487607274307999e-10,-6.2698743840845542e-09
0.63494318181818177,0.10227272727272728,-5.6542152097139546e-10,-6.8340823825903991e-09
0.63494318181818177,0.125,-5.9986739696599349e-09,-2.9998546263616569e-08
0.63494318181818177,0.14772727272727273,-5.195689042270046e-09,-3.4297574181559491e-08
0.63494318181818177,0.17045454545454544,-4.3927041148801562e-09,-3.8596602099502413e-08
0.63494318181818177,0.19318181818181818,-9.2868093841023045e-09,1.4312330105288687e-08
0.63494318181818177,0.21590909090909091,-9.3731170148304797e-09,6.3644109310219069e-09
0.63494318181818177,0.23863636363636365,-9.4594246455586549e-09,-1.5835082432448733e-09
0.63494318181818177,0.26136363636363635,-3.5800067271123936e-09,7.0029371735860608e-08
0.63494318181818177,0.28409090909090912,-4.464433183296068e-09,6.5602987123845615e-08
0.63494318181818177,0.30681818181818182,-5.348859639479742e-09,6.1176602511830635e-08
0.63494318181818177,0.32954545454545453,1.6646129778802952e-09,6.3347455055195672e-08
0.63494318181818177,0.35227272727272729,1.3225148970961069e-09,6.7547837317872071e-08
0.63494318181818177,0.375,1.7977898275122498e-11,-1.4813945277223129e-08
0.63494318181818177,0.39772727272727271,4.5379273425477192e-11,-1.4171534501268404e-08
0.63494318181818177,0.42045454545454547,7.2780648575831953e-11,-1.3529123725313675e-08
0.63494318181818177,0.44318181818181818,-2.4349051818336672e-10,-8.5487750735505202e-08
0.63494318181818177,0.46590909090909088,-5.2854351845424276e-11,-8.3375340625657491e-08
0.63494318181818177,0.48863636363636365,1.3778181449251868e-10,-8.1262930515809821e-08
0.63494318181818177,0.51136363636363635,-2.1748774050108933e-09,-3.9934625907616492e-08
0.63494318181818177,0.53409090909090906,-1.9352716678201085e-09,-4.8172685342876905e-08
0.63494318181818177,0.55681818181818177,-1.695665930629324e-09,-5.6410744778137325e-08
0.63494318181818177,0.57954545454545459,-1.4770058816352925e-09,3.1143636334577221e-08
0.63494318181818177,0.60227272727272729,-1.4811691869027703e-09,2.3027637524319128e-08
0.63494318181818177,0.625,-8.9454071018553791e-10,6.3122263468498571e-08
0.63494318181818177,0.64772727272727271,-8.5931054751382034e-10,6.2020293436612701e-08
0.63494318181818177,0.67045454545454541,-8.2408038484210267e-10,6.0918323404726818e-08
0.63494318181818177,0.69318181818181823,-1.1872253673199364e-09,2.1607859332582671e-08
0.63494318181818177,0.71590909090909094,-1.1750027669167022e-09,2.9697731273913352e-08
0.63494318181818177,0.73863636363636365,-1.1627801665134678e-09,3.7787603215244045e-08
0.63494318181818177,0.76136363636363635,-9.8499908054375177e-10,-3.3409079660242264e-08
0.63494318181818177,0.78409090909090906,-6.1387429808655412e-10,-2.2413004741539095e-08
0.63494318181818177,0.80681818181818177,-2.4274951562935652e-10,-1.141692982283593e-08
0.63494318181818177,0.82954545454545459,-3.6086969210147595e-10,-4.6706781300907226e-08
0.63494318181818177,0.85227272727272729,-5.3779516938141773e-10,-4.8121214341751159e-08
0.63494318181818177,0.875,6.078760955062716e-10,-5.7863088854017252e-09
0.63494318181818177,0.89772727272727271,5.6572829000900707e-10,-1.0177094154364094e-08
0.63494318181818177,0.92045454545454541,5.2358048451174274e-10,-1.4567879423326458e-08
0.63494318181818177,0.94318181818181823,2.0307017499183129e-10,1.7803627482192337e-08
0.63494318181818177,0.96590909090909094,2.7888943346552177e-10,1.5417605934365657e-08
0.63494318181818177,0.98863636363636365,3.547086919392121e-10,1.3031584386538973e-08
0.65482954545454541,0.011363636363636364,0,0
0.65482954545454541,0.034090909090909088,0,0
0.65482954545454541,0.056818181818181816,0,0
0.65482954545454541,0.079545454545454544,-2.144628218229248e-09,-1.8809623152253732e-08
0.65482954545454541,0.10227272727272728,-1.696264562914193e-09,-2.050224714777128e-08
0.65482954545454541,0.125,-7.5998655063623064e-09,-1.6494036233984266e-08
0.65482954545454541,0.14772727272727273,-7.0697679464652499e-09,-2.2298219435168093e-08
0.65482954545454541,0.17045454545454544,-6.5396703865681967e-09,-2.810240263635191e-08
0.65482954545454541,0.19318181818181818,-7.4405305327824758e-09,3.5691570412582623e-08
0.65482954545454541,0.21590909090909091,-7.8630186229989479e-09,2.8401689508512893e-08
0.65482954545454541,0.23863636363636365,-8.2855067132154201e-09,2.1111808604443157e-08
0.65482954545454541,0.26136363636363635,-1.4379116332780296e-09,7.1563308102823761e-08
0.65482954545454541,0.28409090909090912,-2.1416218830774204e-09,7.070179032998511e-08
0.65482954545454541,0.30681818181818182,-2.8453321328768117e-09,6.9840272557146459e-08
0.65482954545454541,0.32954545454545453,1.0347594186823461e-09,3.9378147737013539e-08
0.65482954545454541,0.35227272727272729,8.2210385495163412e-10,4.1989196170569132e-08
0.65482954545454541,0.375,5.3933694825367699e-11,-4.4441835831669549e-08
0.65482954545454541,0.39772727272727271,1.3613782027643209e-10,-4.2514603503805373e-08
0.65482954545454541,0.42045454545454547,2.1834194572749666e-10,-4.0587371175941178e-08
0.65482954545454541,0.44318181818181818,-1.0425980261956181e-09,-7.2249802588710105e-08
0.65482954545454541,0.46590909090909088,-8.1516395764339404e-10,-7.3988593442597923e-08
0.65482954545454541,0.48863636363636365,-5.8772988909116955e-10,-7.5727384296485768e-08
0.65482954545454541,0.51136363636363635,-1.9577410902676004e-09,-1.476750595202925e-08
0.65482954545454541,0.53409090909090906,-1.8146994087894774e-09,-2.3350156526332427e-08
0.65482954545454541,0.55681818181818177,-1.6716577273113545e-09,-3.1932807100635601e-08
0.65482954545454541,0.57954545454545459,-1.2211837220737268e-09,4.4848337633654559e-08
0.65482954545454541,0.60227272727272729,-1.2024751034908027e-09,3.8797870379769994e-08
0.65482954545454541,0.625,-9.9738732760571424e-10,5.0654741324311716e-08
0.65482954545454541,0.64772727272727271,-1.0042646836934443e-09,5.266301919405308e-08
0.65482954545454541,0.67045454545454541,-1.0111420397811746e-09,5.4671297063794431e-08
0.65482954545454541,0.69318181818181823,-1.1909498496286743e-09,9.198255402453609e-10
0.65482954545454541,0.71590909090909094,-1.0021740603196108e-09,1.0953499662265227e-08
0.65482954545454541,0.73863636363636365,-8.1339827101054727e-10,2.0987173784285094e-08
0.65482954545454541,0.76136363636363635,-8.0027368604379817e-10,-4.070545359582805e-08
0.65482954545454541,0.78409090909090906,-6.4455425226663031e-10,-3.4171355677451339e-08
0.65482954545454541,0.80681818181818177,-4.8883481848946266e-10,-2.7637257759074624e-08
0.65482954545454541,0.82954545454545459,1.0063819096192798e-11,-3.4337490203060945e-08
0.65482954545454541,0.85227272727272729,-1.2439104892072596e-10,-3.6988203589844974e-08
0.65482954545454541,0.875,4.8769652519258679e-10,3.6514792100362548e-09
0.65482954545454541,0.89772727272727271,4.906165571561274e-10,-1.5738582947962589e-10
0.65482954545454541,0.92045454545454541,4.9353658911966801e-10,-3.9662508689955082e-09
0.65482954545454541,0.94318181818181823,-9.786819703576823e-12,1.6524475472778026e-08
0.65482954545454541,0.96590909090909094,6.3750854419196563e-11,1.5072117297291298e-08
0.65482954545454541,0.98863636363636365,1.3728852854197001e-10,1.361975912180457e-08
0.67471590909090906,0.011363636363636364,0,0
0.67471590909090906,0.034090909090909088,0,0
0.67471590909090906,0.056818181818181816,0,0
0.67471590909090906,0.079545454545454544,-3.5743803637154155e-09,-3.1349371920422907e-08
0.67471590909090906,0.10227272727272728,-2.8271076048569901e-09,-3.4170411912952158e-08
0.67471590909090906,0.125,-9.2010570430646762e-09,-2.9895262043519644e-09
0.67471590909090906,0.14772727272727273,-8.9438468506604563e-09,-1.0298864688776688e-08
0.67471590909090906,0.17045454545454544,-8.6866366582562364e-09,-1.7608203173201403e-08
0.67471590909090906,0.19318181818181818,-5.5942516814626495e-09,5.7070810719876561e-08
0.67471590909090906,0.21590909090909091,-6.3529202311674161e-09,5.0438968086003883e-08
0.67471590909090906,0.23863636363636365,-7.1115887808721852e-09,4.3807125452131199e-08
0.67471590909090906,0.26136363636363635,7.0418346055633433e-10,7.3097244469786887e-08
0.67471590909090906,0.28409090909090912,1.8118941714122572e-10,7.5800593536124591e-08
0.67471590909090906,0.30681818181818182,-3.4180462627388195e-10,7.8503942602462283e-08
0.67471590909090906,0.32954545454545453,4.0490585948439673e-10,1.54088404188314e-08
0.67471590909090906,0.35227272727272729,3.2169281280716155e-10,1.6430555023266202e-08
0.67471590909090906,0.375,8.9889491375612903e-11,-7.4069726386115972e-08
0.67471590909090906,0.39772727272727271,2.2689636712738697e-10,-7.0857672506342333e-08
0.67471590909090906,0.42045454545454547,3.6390324287916137e-10,-6.7645618626568681e-08
0.67471590909090906,0.44318181818181818,-1.8417055342078694e-09,-5.9011854441915008e-08
0.67471590909090906,0.46590909090909088,-1.577473563441364e-09,-6.4601846259538355e-08
0.67471590909090906,0.48863636363636365,-1.3132415926748578e-09,-7.0191838077161716e-08
0.67471590909090906,0.51136363636363635,-1.7406047755243076e-09,1.0399614003557995e-08
0.67471590909090906,0.53409090909090906,-1.6941271497588466e-09,1.4723722902120606e-09
0.67471590909090906,0.55681818181818177,-1.6476495239933853e-09,-7.4548694231338737e-09
0.67471590909090906,0.57954545454545459,-9.6536156251216136e-10,5.8553038932731903e-08
0.67471590909090906,0.60227272727272729,-9.2378102007883557e-10,5.4568103235220857e-08
0.67471590909090906,0.625,-1.1002339450258909e-09,3.8187219180124862e-08
0.67471590909090906,0.64772727272727271,-1.1492188198730685e-09,4.3305744951493453e-08
0.67471590909090906,0.67045454545454541,-1.1982036947202464e-09,4.8424270722862044e-08
0.67471590909090906,0.69318181818181823,-1.1946743319374125e-09,-1.9768208252091946e-08
0.67471590909090906,0.71590909090909094,-8.2934535372251955e-10,-7.7907319493828966e-09
0.67471590909090906,0.73863636363636365,-4.6401637550762678e-10,4.1867443533261496e-09
0.67471590909090906,0.76136363636363635,-6.1554829154384456e-10,-4.8001827531413836e-08
0.67471590909090906,0.78409090909090906,-6.752342064467066e-10,-4.5929706613363577e-08
0.67471590909090906,0.80681818181818177,-7.3492012134956864e-10,-4.3857585695313317e-08
0.67471590909090906,0.82954545454545459,3.8099733029386162e-10,-2.196819910521467e-08
0.67471590909090906,0.85227272727272729,2.8901307153996566e-10,-2.5855192837938789e-08
0.67471590909090906,0.875,3.6751695487890197e-10,1.3089267305474236e-08
0.67471590909090906,0.89772727272727271,4.1550482430324768e-10,9.8623224954048375e-09
0.67471590909090906,0.92045454545454541,4.6349269372759333e-10,6.6353776853354418e-09
0.67471590909090906,0.94318181818181823,-2.2264381439898487e-10,1.5245323463363712e-08
0.67471590909090906,0.96590909090909094,-1.5138772462712854e-10,1.4726628660216936e-08
0.67471590909090906,0.98863636363636365,-8.0131634855272195e-11,1.4207933857070166e-08
0.69460227272727271,0.011363636363636364,0,0
0.69460227272727271,0.034090909090909088,0,0
0.69460227272727271,0.056818181818181816,0,0
0.69460227272727271,0.079545454545454544,-1.9426884299620622e-10,-5.4453568013020597e-09
0.69460227272727271,0.10227272727272728,-5.7134948705707673e-11,-5.6598416972321766e-09
0.69460227272727271,0.125,-3.4545180197223614e-09,-4.3158777752348132e-08
0.69460227272727271,0.14772727272727273,-2.3273345843315311e-09,-4.5744768205999845e-08
0.69460227272727271,0.17045454545454544,-1.2001511489407028e-09,-4.8330758659651538e-08
0.69460227272727271,0.19318181818181818,-9.5533009416330222e-09,-1.0860835928324925e-08
0.69460227272727271,0.21590909090909091,-9.1814321772746554e-09,-1.8917544901376577e-08
0.69460227272727271,0.23863636363636365,-8.8095634129162885e-09,-2.6974253874428225e-08
0.69460227272727271,0.26136363636363635,-6.2773715797858829e-09,5.5080123861579749e-08
0.69460227272727271,0.28409090909090912,-6.9639803585351969e-09,4.7830326511402558e-08
0.69460227272727271,0.30681818181818182,-7.6505891372845092e-09,4.0580529161225386e-08
0.69460227272727271,0.32954545454545453,5.4321283680397529e-10,7.7218367677941168e-08
0.69460227272727271,0.35227272727272729,-1.1038647398585464e-10,7.9340855621812709e-08
0.69460227272727271,0.375,6.6665485670427275e-11,-9.3195111738197582e-09
0.69460227272727271,0.39772727272727271,2.1857977301303187e-10,5.7239480626602305e-09
0.69460227272727271,0.42045454545454547,3.7049406035563681e-10,2.0767407299140264e-08
0.69460227272727271,0.44318181818181818,3.1608501742972224e-10,-7.8469038586177006e-08
0.69460227272727271,0.46590909090909088,2.439610665160577e-10,-6.9455464951651956e-08
0.69460227272727271,0.48863636363636365,1.7183711560239301e-10,-6.0441891317126867e-08
0.69460227272727271,0.51136363636363635,-1.5123927385688948e-09,-6.4838549532315388e-08
0.69460227272727271,0.53409090909090906,-1.2656871689320571e-09,-7.0606046496543868e-08
0.69460227272727271,0.55681818181818177,-1.0189815992952196e-09,-7.6373543460772374e-08
0.69460227272727271,0.57954545454545459,-1.490761334487099e-09,5.5657190347678171e-09
0.69460227272727271,0.60227272727272729,-1.4405586466691157e-09,-3.4982187448946913e-09
0.69460227272727271,0.625,-7.6642314940850661e-10,6.0651037368628401e-08
0.69460227272727271,0.64772727272727271,-7.3168214529698259e-10,5.6439256656051432e-08
0.69460227272727271,0.67045454545454541,-6.9694114118545837e-10,5.2227475943474475e-08
0.69460227272727271,0.69318181818181823,-1.1995189800541001e-09,4.4886613146527114e-08
0.69460227272727271,0.71590909090909094,-1.1208288693340527e-09,4.8058035651504233e-08
0.69460227272727271,0.73863636363636365,-1.0421387586140053e-09,5.1229458156481352e-08
0.69460227272727271,0.76136363636363635,-1.1531792362814583e-10,-6.0559746143780401e-09
0.69460227272727271,0.78409090909090906,-1.3171331372007101e-10,-5.7851937100482194e-09
0.69460227272727271,0.80681818181818177,-1.4810870381199616e-10,-5.5144128057183995e-09
0.69460227272727271,0.82954545454545459,-8.8619209572112452e-10,-4.9696290861084983e-08
0.69460227272727271,0.85227272727272729,-1.0279874126153426e-09,-4.802539065983989e-08
0.69460227272727271,0.875,4.9143291857400433e-10,-1.9437835335964775e-08
0.69460227272727271,0.89772727272727271,3.8712770600658208e-10,-2.3255870424682856e-08
0.69460227272727271,0.92045454545454541,2.8282249343915983e-10,-2.7073905513400937e-08
0.69460227272727271,0.94318181818181823,4.3412015773639434e-10,1.0936992020736367e-08
0.69460227272727271,0.96590909090909094,4.7523552936477125e-10,7.9335264654282209e-09
0.69460227272727271,0.98863636363636365,5.1635090099314836e-10,4.9300609101200747e-09
0.71448863636363635,0.011363636363636364,0,0
0.71448863636363635,0.034090909090909088,0,0
0.71448863636363635,0.056818181818181816,0,0
0.71448863636363635,0.079545454545454544,-7.3822160338558558e-10,-2.0692355844947881e-08
0.71448863636363635,0.10227272727272728,-2.1711280508168972e-10,-2.1507398449482325e-08
0.71448863636363635,0.125,-5.8061498170300273e-09,-3.3793444751628311e-08
0.71448863636363635,0.14772727272727273,-4.9018319178627676e-09,-3.8335300639786698e-08
0.71448863636363635,0.17045454545454544,-3.9975140186955096e-09,-4.2877156527945092e-08
0.71448863636363635,0.19318181818181818,-8.6416057131206948e-09,1.2147934688169717e-08
0.71448863636363635,0.21590909090909091,-8.6462668451093773e-09,4.0289642499503917e-09
0.71448863636363635,0.23863636363636365,-8.6509279770980599e-09,-4.0900061882689238e-09
0.71448863636363635,0.26136363636363635,-3.7420669861841444e-09,6.6007506602867838e-08
0.71448863636363635,0.28409090909090912,-4.4554796941279804e-09,6.1502701225046985e-08
0.71448863636363635,0.30681818181818182,-5.1688924020718147e-09,5.6997895847226145e-08
0.71448863636363635,0.32954545454545453,3.9836718021585132e-10,5.3693988780735202e-08
0.71448863636363635,0.35227272727272729,4.6265027429851919e-11,6.0647938163563771e-08
0.71448863636363635,0.375,2.5332884554762424e-10,-3.5414142460515171e-08
0.71448863636363635,0.39772727272727271,3.0900337523116918e-10,-2.1877362828596227e-08
0.71448863636363635,0.42045454545454547,3.6467790491471422e-10,-8.3405831966772547e-09
0.71448863636363635,0.44318181818181818,-3.601869743910471e-10,-7.6141987541195132e-08
0.71448863636363635,0.46590909090909088,-3.0894788268159942e-10,-7.2259992676567683e-08
0.71448863636363635,0.48863636363636365,-2.5770879097215158e-10,-6.8377997811940208e-08
0.71448863636363635,0.51136363636363635,-1.5472800866385258e-09,-4.1127101275228656e-08
0.71448863636363635,0.53409090909090906,-1.3700835919205574e-09,-4.8255281510765782e-08
0.71448863636363635,0.55681818181818177,-1.1928870972025892e-09,-5.5383461746302907e-08
0.71448863636363635,0.57954545454545459,-1.1952232907689391e-09,2.4438954871336251e-08
0.71448863636363635,0.60227272727272729,-1.1530578876765688e-09,1.6758312324665784e-08
0.71448863636363635,0.625,-9.8506544341716432e-10,5.6736696953916444e-08
0.71448863636363635,0.64772727272727271,-9.3092633282394581e-10,5.5321253211841075e-08
0.71448863636363635,0.67045454545454541,-8.7678722223072739e-10,5.3905809469765705e-08
0.71448863636363635,0.69318181818181823,-7.6892242311160262e-10,2.8773469965722512e-08
0.71448863636363635,0.71590909090909094,-7.1848004444490543e-10,3.080643310993861e-08
0.71448863636363635,0.73863636363636365,-6.6803766577820846e-10,3.2839396254154712e-08
0.71448863636363635,0.76136363636363635,-4.3820810978695523e-10,-2.3012703534636605e-08
0.71448863636363635,0.78409090909090906,-5.0051059213627097e-10,-2.198373609818329e-08
0.71448863636363635,0.80681818181818177,-5.6281307448558681e-10,-2.0954768661729972e-08
0.71448863636363635,0.82954545454545459,-4.2510072257648988e-10,-4.1294701144519293e-08
0.71448863636363635,0.85227272727272729,-5.5994051490948137e-10,-4.1617321862474736e-08
0.71448863636363635,0.875,4.9518990127753351e-10,-8.3997666095489573e-09
0.71448863636363635,0.89772727272727271,4.4160388924757115e-10,-1.2037357340399784e-08
0.71448863636363635,0.92045454545454541,3.8801787721760868e-10,-1.5674948071250608e-08
0.71448863636363635,0.94318181818181823,2.1845117005270652e-10,1.2210330617717746e-08
0.71448863636363635,0.96590909090909094,2.711344132371349e-10,1.0080193764592807e-08
0.71448863636363635,0.98863636363636365,3.2381765642156331e-10,7.9500569114678715e-09
0.734375,0.011363636363636364,0,0
0.734375,0.034090909090909088,0,0
0.734375,0.056818181818181816,0,0
0.734375,0.079545454545454544,-1.2821743637749646e-09,-3.59393548885937e-08
0.734375,0.10227272727272728,-3.7709066145767177e-10,-3.7354955201732472e-08
0.734375,0.125,-8.1577816143376928e-09,-2.4428111750908476e-08
0.734375,0.14772727272727273,-7.4763292513940046e-09,-3.0925833073573565e-08
0.734375,0.17045454545454544,-6.7948768884503164e-09,-3.7423554396238639e-08
0.734375,0.19318181818181818,-7.7299104846083691e-09,3.5156705304664354e-08
0.734375,0.21590909090909091,-8.1111015129440993e-09,2.6975473401277366e-08
0.734375,0.23863636363636365,-8.4922925412798312e-09,1.8794241497890377e-08
0.734375,0.26136363636363635,-1.2067623925824043e-09,7.693488934415592e-08
0.734375,0.28409090909090912,-1.9469790297207631e-09,7.5175075938691405e-08
0.734375,0.30681818181818182,-2.6871956668591199e-09,7.3415262533226904e-08
0.734375,0.32954545454545453,2.5352152362772746e-10,3.0169609883529237e-08
0.734375,0.35227272727272729,2.0291652884555841e-10,4.1955020705314833e-08
0.734375,0.375,4.3999220542482124e-10,-6.1508773747210586e-08
0.734375,0.39772727272727271,3.9942697744930646e-10,-4.9478673719852691e-08
0.734375,0.42045454545454547,3.5886174947379162e-10,-3.744857369249477e-08
0.734375,0.44318181818181818,-1.0364589662118165e-09,-7.3814936496213257e-08
0.734375,0.46590909090909088,-8.6185683187925664e-10,-7.5064520401483396e-08
0.734375,0.48863636363636365,-6.8725469754669617e-10,-7.6314104306753549e-08
0.734375,0.51136363636363635,-1.5821674347081568e-09,-1.7415653018141934e-08
0.734375,0.53409090909090906,-1.4744800149090577e-09,-2.5904516524987679e-08
0.734375,0.55681818181818177,-1.3667925951099588e-09,-3.4393380031833428e-08
0.734375,0.57954545454545459,-8.9968524705077951e-10,4.3312190707904681e-08
0.734375,0.60227272727272729,-8.6555712868402192e-10,3.7014843394226257e-08
0.734375,0.625,-1.2037077374258218e-09,5.2822356539204481e-08
0.734375,0.64772727272727271,-1.1301705203509091e-09,5.4203249767630705e-08
0.734375,0.67045454545454541,-1.0566333032759964e-09,5.5584142996056935e-08
0.734375,0.69318181818181823,-3.3832586616910502e-10,1.2660326784917901e-08
0.734375,0.71590909090909094,-3.1613121955575834e-10,1.3554830568372984e-08
0.734375,0.73863636363636365,-2.9393657294241166e-10,1.4449334351828068e-08
0.734375,0.76136363636363635,-7.6109829594576455e-10,-3.9969432454895177e-08
0.734375,0.78409090909090906,-8.6930787055247103e-10,-3.8182278486318362e-08
0.734375,0.80681818181818177,-9.7751744515917751e-10,-3.6395124517741539e-08
0.734375,0.82954545454545459,3.5990650568144626e-11,-3.2893111427953604e-08
0.734375,0.85227272727272729,-9.189361720361991e-11,-3.5209253065109575e-08
0.734375,0.875,4.9894688398106269e-10,2.6383021168668568e-09
0.734375,0.89772727272727271,4.9608007248856016e-10,-8.1884425611670879e-10
0.734375,0.92045454545454541,4.9321326099605754e-10,-4.2759906291002752e-09
0.734375,0.94318181818181823,2.7821823690186783e-12,1.3483669214699123e-08
0.734375,0.96590909090909094,6.7033297109498522e-11,1.2226861063757397e-08
0.734375,0.98863636363636365,1.3128441184997836e-10,1.097005291281567e-08
0.75426136363636365,0.011363636363636364,0,0
0.75426136363636365,0.034090909090909088,0,0
0.75426136363636365,0.056818181818181816,0,0
0.75426136363636365,0.079545454545454544,1.1597593462144304e-10,-3.4879329143846556e-09
0.75426136363636365,0.10227272727272728,2.0661135764886751e-10,-3.4390488590343369e-09
0.75426136363636365,0.125,6.873814501991305e-11,-5.0839780507865523e-08
0.75426136363636365,0.14772727272727273,1.3701568192239826e-09,-5.0652134554366751e-08
0.75426136363636365,0.17045454545454544,2.6715754934280511e-09,-5.0464488600867998e-08
0.75426136363636365,0.19318181818181818,-8.4101799744728473e-09,-3.6070674922693187e-08
0.75426136363636365,0.21590909090909091,-7.5733148993331159e-09,-4.3284017196178192e-08
0.75426136363636365,0.23863636363636365,-6.736449824193387e-09,-5.049735946966319e-08
0.75426136363636365,0.26136363636363635,-8.345443001285955e-09,3.178282367033672e-08
0.75426136363636365,0.28409090909090912,-8.6847046962244663e-09,2.2699058414816402e-08
0.75426136363636365,0.30681818181818182,-9.0239663911629742e-09,1.3615293159296114e-08
0.75426136363636365,0.32954545454545453,-1.4289826204344808e-09,8.1540029512967018e-08
0.75426136363636365,0.35227272727272729,-2.2283786566615408e-09,7.900200010566942e-08
0.75426136363636365,0.375,4.9557205781762122e-10,3.6369716040677106e-08
0.75426136363636365,0.39772727272727271,5.8303140947669926e-10,4.7096809266690484e-08
0.75426136363636365,0.42045454545454547,6.7049076113577761e-10,5.7823902492703889e-08
0.75426136363636365,0.44318181818181818,1.6841205986784876e-10,-5.0036450440718532e-08
0.75426136363636365,0.46590909090909088,8.8751518606724082e-11,-3.2442917563999361e-08
0.75426136363636365,0.48863636363636365,9.0909773455992196e-12,-1.4849384687280137e-08
0.75426136363636365,0.51136363636363635,-8.5221899925319329e-10,-8.1679705228286711e-08
0.75426136363636365,0.53409090909090906,-6.9669880302672791e-10,-8.350830573930337e-08
0.75426136363636365,0.55681818181818177,-5.4117860680026252e-10,-8.5336906250320042e-08
0.75426136363636365,0.57954545454545459,-1.3570701521305362e-09,-2.2321599776340607e-08
0.75426136363636365,0.60227272727272729,-1.2594579385474686e-09,-3.1212319102041835e-08
0.75426136363636365,0.625,-6.4727145936124438e-10,4.8529270944160691e-08
0.75426136363636365,0.64772727272727271,-6.2187870993974296e-10,4.1934859538851493e-08
0.75426136363636365,0.67045454545454541,-5.9648596051824165e-10,3.5340448133542289e-08
0.75426136363636365,0.69318181818181823,-1.0286085923991017e-09,5.5775449931498122e-08
0.75426136363636365,0.71590909090909094,-9.2616687651722994e-10,5.6782691117207017e-08
0.75426136363636365,0.73863636363636365,-8.2372516063535852e-10,5.7789932302915917e-08
0.75426136363636365,0.76136363636363635,-2.7531259632549756e-10,1.2404782636088806e-09
0.75426136363636365,0.78409090909090906,-6.4328872737451869e-10,1.0257495886389808e-08
0.75426136363636365,0.80681818181818177,-1.0112648584235398e-09,1.9274513509170734e-08
0.75426136363636365,0.82954545454545459,-1.2141380696114145e-09,-4.2687858361686608e-08
0.75426136363636365,0.85227272727272729,-1.1828018712201567e-09,-3.6958149303301512e-08
0.75426136363636365,0.875,1.8413147198765824e-10,-3.1585187645732462e-08
0.75426136363636365,0.89772727272727271,2.6613171859096737e-11,-3.418831695265105e-08
0.75426136363636365,0.92045454545454541,-1.3090512826946478e-10,-3.6791446259569638e-08
0.75426136363636365,0.94318181818181823,5.6277947112506935e-10,2.1096109572567397e-09
0.75426136363636365,0.96590909090909094,5.5954911765682398e-10,-1.1900232564720652e-09
0.75426136363636365,0.98863636363636365,5.563187641885785e-10,-4.4896574702008706e-09
0.77414772727272729,0.011363636363636364,0,0
0.77414772727272729,0.034090909090909088,0,0
0.77414772727272729,0.056818181818181816,0,0
0.77414772727272729,0.079545454545454544,6.5719696285484283e-10,-1.9764953181513017e-08
0.77414772727272729,0.10227272727272728,1.1707976933435806e-09,-1.9487943534527878e-08
0.77414772727272729,0.125,-2.8957738769025719e-09,-4.6853077452039081e-08
0.77414772727272729,0.14772727272727273,-1.7245592325121026e-09,-4.9135592392856806e-08
0.77414772727272729,0.17045454545454544,-5.5334458812163501e-10,-5.1418107333674543e-08
0.77414772727272729,0.19318181818181818,-8.5369249172067396e-09,-1.3412327845017442e-08
0.77414772727272729,0.21590909090909091,-8.0885215635813918e-09,-2.1404749622101345e-08
0.77414772727272729,0.23863636363636365,-7.640118209956044e-09,-2.9397171399185254e-08
0.77414772727272729,0.26136363636363635,-5.9602546148728317e-09,4.9845827999270016e-08
0.77414772727272729,0.28409090909090912,-6.4791310428132266e-09,4.2680842043436623e-08
0.77414772727272729,0.30681818181818182,-6.9980074707536207e-09,3.5515856087603257e-08
0.77414772727272729,0.32954545454545453,-7.4025314225555633e-10,7.092116114066359e-08
0.77414772727272729,0.35227272727272729,-1.2322080868034312e-09,7.2706581929350646e-08
0.77414772727272729,0.375,4.1757608413240381e-10,6.1317158414388042e-09
0.77414772727272729,0.39772727272727271,4.419989929779361e-10,1.9675562011113155e-08
0.77414772727272729,0.42045454545454547,4.6642190182346839e-10,3.3219408180787541e-08
0.77414772727272729,0.44318181818181818,-1.790510208557615e-10,-6.2151405952165563e-08
0.77414772727272729,0.46590909090909088,-1.7710634395937321e-10,-5.1010111602185902e-08
0.77414772727272729,0.48863636363636365,-1.751616670629849e-10,-3.9868817252206226e-08
0.77414772727272729,0.51136363636363635,-1.0523823691622421e-09,-6.225780897030801e-08
0.77414772727272729,0.53409090909090906,-9.1462337947970014e-10,-6.654243875865189e-08
0.77414772727272729,0.55681818181818177,-7.7686438979715821e-10,-7.082706854699577e-08
0.77414772727272729,0.57954545454545459,-1.0982322500402795e-09,-2.2488923258014727e-10
0.77414772727272729,0.60227272727272729,-1.0281207993594481e-09,-8.506429570004123e-09
0.77414772727272729,0.625,-8.1256896054524265e-10,5.2304857198328121e-08
0.77414772727272729,0.64772727272727271,-7.4835661754715319e-10,4.8101103248392642e-08
0.77414772727272729,0.67045454545454541,-6.8414427454906383e-10,4.3897349298457162e-08
0.77414772727272729,0.69318181818181823,-7.1137451610622415e-10,3.7516673399118553e-08
0.77414772727272729,0.71590909090909094,-7.7990540228932691e-10,4.1325974786137698e-08
0.77414772727272729,0.73863636363636365,-8.4843628847242968e-10,4.513527617315685e-08
0.77414772727272729,0.76136363636363635,-6.3082260212486156e-10,-1.4468263981823833e-08
0.77414772727272729,0.78409090909090906,-8.5745645729673395e-10,-6.3671124039469497e-09
0.77414772727272729,0.80681818181818177,-1.0840903124686062e-09,1.7340391739299307e-09
0.77414772727272729,0.82954545454545459,-7.9030082204412416e-10,-4.0391263498640933e-08
0.77414772727272729,0.85227272727272729,-8.2718485658592924e-10,-3.7485491793747761e-08
0.77414772727272729,0.875,3.2736625616920211e-10,-2.0050896935181683e-08
0.77414772727272729,0.89772727272727271,2.2087014636667953e-10,-2.2946794782461195e-08
0.77414772727272729,0.92045454545454541,1.1437403656415694e-10,-2.5842692629740703e-08
0.77414772727272729,0.94318181818181823,3.8170694982124599e-10,5.7539747646507103e-09
0.77414772727272729,0.96590909090909094,4.0118374631194385e-10,3.2051543707401634e-09
0.77414772727272729,0.98863636363636365,4.2066054280264167e-10,6.5633397682961843e-10
0.79403409090909094,0.011363636363636364,0,0
0.79403409090909094,0.034090909090909088,0,0
0.79403409090909094,0.056818181818181816,0,0
0.79403409090909094,0.079545454545454544,1.1984179910882426e-09,-3.6041973448641377e-08
0.79403409090909094,0.10227272727272728,2.1349840290382937e-09,-3.5536838210021413e-08
0.79403409090909094,0.125,-5.8602858988250563e-09,-4.2866374396212653e-08
0.79403409090909094,0.14772727272727273,-4.8192752842481874e-09,-4.7619050231346867e-08
0.79403409090909094,0.17045454545454544,-3.7782646696713194e-09,-5.2371726066481074e-08
0.79403409090909094,0.19318181818181818,-8.6636698599406286e-09,9.2460192326583016e-09
0.79403409090909094,0.21590909090909091,-8.603728227829666e-09,4.7451795197549414e-10
0.79403409090909094,0.23863636363636365,-8.5437865957187018e-09,-8.2969833287073142e-09
0.79403409090909094,0.26136363636363635,-3.5750662284597096e-09,6.7908832328203313e-08
0.79403409090909094,0.28409090909090912,-4.2735573894019886e-09,6.2662625672056851e-08
0.79403409090909094,0.30681818181818182,-4.9720485503442672e-09,5.7416419015910403e-08
0.79403409090909094,0.32954545454545453,-5.1523664076632121e-11,6.0302292768360163e-08
0.79403409090909094,0.35227272727272729,-2.3603751694532199e-10,6.6411163753031885e-08
0.79403409090909094,0.375,3.3958011044718646e-10,-2.4106284357799497e-08
0.79403409090909094,0.39772727272727271,3.0096657647917284e-10,-7.7456852444641749e-09
0.79403409090909094,0.42045454545454547,2.6235304251115917e-10,8.6149138688711872e-09
0.79403409090909094,0.44318181818181818,-5.2651410157937176e-10,-7.4266361463612602e-08
0.79403409090909094,0.46590909090909088,-4.4296420652547046e-10,-6.9577305640372455e-08
0.79403409090909094,0.48863636363636365,-3.5941431147156901e-10,-6.4888249817132309e-08
0.79403409090909094,0.51136363636363635,-1.2525457390712909e-09,-4.283591271232929e-08
0.79403409090909094,0.53409090909090906,-1.1325479559326723e-09,-4.9576571778000384e-08
0.79403409090909094,0.55681818181818177,-1.0125501727940537e-09,-5.6317230843671472e-08
0.79403409090909094,0.57954545454545459,-8.3939434795002256e-10,2.1871821311180309e-08
0.79403409090909094,0.60227272727272729,-7.9678366017142779e-10,1.4199459962033586e-08
0.79403409090909094,0.625,-9.7786646172924093e-10,5.6080443452495544e-08
0.79403409090909094,0.64772727272727271,-8.7483452515456341e-10,5.426734695793379e-08
0.79403409090909094,0.67045454545454541,-7.7180258857988601e-10,5.2454250463372029e-08
0.79403409090909094,0.69318181818181823,-3.9414043981334643e-10,1.925789686673897e-08
0.79403409090909094,0.71590909090909094,-6.3364392806142368e-10,2.5869258455068383e-08
0.79403409090909094,0.73863636363636365,-8.7314741630950073e-10,3.2480620043397795e-08
0.79403409090909094,0.76136363636363635,-9.863326079242255e-10,-3.0177006227256546e-08
0.79403409090909094,0.78409090909090906,-1.071624187218949e-09,-2.2991720694283712e-08
0.79403409090909094,0.80681818181818177,-1.1569157665136725e-09,-1.5806435161310869e-08
0.79403409090909094,0.82954545454545459,-3.6646357447683364e-10,-3.8094668635595264e-08
0.79403409090909094,0.85227272727272729,-4.71567841951702e-10,-3.8012834284194011e-08
0.79403409090909094,0.875,4.7060104035074597e-10,-8.5166062246309071e-09
0.79403409090909094,0.89772727272727271,4.1512712087426227e-10,-1.1705272612271342e-08
0.79403409090909094,0.92045454545454541,3.5965320139777857e-10,-1.4893938999911774e-08
0.79403409090909094,0.94318181818181823,2.0063442851742257e-10,9.3983385720446781e-09
0.79403409090909094,0.96590909090909094,2.4281837496706383e-10,7.6003319979523923e-09
0.79403409090909094,0.98863636363636365,2.8500232141670499e-10,5.8023254238601049e-09
0.81392045454545459,0.011363636363636364,2.6467285605139251e-11,1.1550544708999434e-10
0.81392045454545459,0.034090909090909088,7.9401856815417746e-11,3.46516341269983e-10
0.81392045454545459,0.056818181818181816,1.3233642802569625e-10,5.7752723544997173e-10
0.81392045454545459,0.079545454545454544,1.8251185945428167e-09,6.4046985055662282e-09
0.81392045454545459,0.10227272727272728,4.1265003736326616e-09,1.6451036425736363e-08
0.81392045454545459,0.125,4.1222927996396531e-09,-4.9922862792380514e-08
0.81392045454545459,0.14772727272727273,5.2347697291983155e-09,-4.5186902961398715e-08
0.81392045454545459,0.17045454545454544,6.3472466587569779e-09,-4.045094313041691e-08
0.81392045454545459,0.19318181818181818,-5.8478749663513601e-09,-5.8381667661638852e-08
0.81392045454545459,0.21590909090909091,-4.5946766832740443e-09,-6.3657559700469673e-08
0.81392045454545459,0.23863636363636365,-3.341478400196729e-09,-6.8933451739300502e-08
0.81392045454545459,0.26136363636363635,-9.3436519525756104e-09,3.2028988036433875e-09
0.81392045454545459,0.28409090909090912,-9.2473764458862357e-09,-6.6856479218366265e-09
0.81392045454545459,0.30681818181818182,-9.1511009391968643e-09,-1.6574194647316613e-08
0.81392045454545459,0.32954545454545453,-3.7825323329587059e-09,7.2044469275183879e-08
0.81392045454545459,0.35227272727272729,-4.5405688699022276e-09,6.5776187762298242e-08
0.81392045454545459,0.375,7.7199187365472424e-10,6.9082355212809696e-08
0.81392045454545459,0.39772727272727271,5.8891341607868405e-10,7.40249753815508e-08
0.81392045454545459,0.42045454545454547,4.0583495850264345e-10,7.8967595550291931e-08
0.81392045454545459,0.44318181818181818,-1.0240676393773451e-11,-1.9953789982046925e-09
0.81392045454545459,0.46590909090909088,-1.0217657588915353e-11,-1.9067373257958523e-09
0.81392045454545459,0.48863636363636365,-1.0194638784057254e-11,-1.818095653387012e-09
0.81392045454545459,0.51136363636363635,-4.662440920250145e-10,-8.5958362479087259e-08
0.81392045454545459,0.53409090909090906,-4.6274261334000145e-10,-8.2316737428544138e-08
0.81392045454545459,0.55681818181818177,-4.5924113465498824e-10,-7.8675112378000964e-08
0.81392045454545459,0.57954545454545459,-1.1095896136559534e-09,-4.9056189064816228e-08
0.81392045454545459,0.60227272727272729,-1.0010888221426364e-09,-5.6552757815139538e-08
0.81392045454545459,0.625,-5.6907802433091837e-10,2.8916083257211092e-08
0.81392045454545459,0.64772727272727271,-5.4464455454534474e-10,2.077941149533681e-08
0.81392045454545459,0.67045454545454541,-5.2021108475977122e-10,1.2642739733462525e-08
0.81392045454545459,0.69318181818181823,-7.2520376023350599e-10,5.936596277767796e-08
0.81392045454545459,0.71590909090909094,-5.9897154974387327e-10,5.7224958860106224e-08
0.81392045454545459,0.73863636363636365,-4.7273933925424035e-10,5.5083954942534487e-08
0.81392045454545459,0.76136363636363635,-1.1315093996039035e-09,2.7109637416798261e-08
0.81392045454545459,0.78409090909090906,-1.1987218121760551e-09,3.3194393321672351e-08
0.81392045454545459,0.80681818181818177,-1.2659342247482065e-09,3.9279149226546435e-08
0.81392045454545459,0.82954545454545459,-8.722988712640267e-10,-2.2628593399920706e-08
0.81392045454545459,0.85227272727272729,-4.4533422504397815e-10,-1.1800469957819459e-08
0.81392045454545459,0.875,-2.8955039730562172e-10,-4.0276532843266887e-08
0.81392045454545459,0.89772727272727271,-4.6794924003286921e-10,-4.0969212881989285e-08
0.81392045454545459,0.92045454545454541,-6.463480827601168e-10,-4.1661892920711683e-08
0.81392045454545459,0.94318181818181823,5.5916029632691034e-10,-7.7344996685050556e-09
0.81392045454545459,0.96590909090909094,5.0595590529875017e-10,-1.0959515258870129e-08
0.81392045454545459,0.98863636363636365,4.527515142705899e-10,-1.4184530849235202e-08
0.83380681818181812,0.011363636363636364,3.9700928407707641e-10,1.7325817063498612e-09
0.83380681818181812,0.034090909090909088,1.191027852231229e-09,5.1977451190495835e-09
0.83380681818181812,0.056818181818181816,1.9850464203853819e-09,8.6629085317493063e-09
0.83380681818181812,0.079545454545454544,2.9210070189942443e-09,-1.0656555527657726e-08
0.83380681818181812,0.10227272727272728,4.8340378398113014e-09,-2.2641975399746948e-09
0.83380681818181812,0.125,7.9971969572978608e-10,-5.2729102195924413e-08
0.83380681818181812,0.14772727272727273,1.9666199375818654e-09,-5.1217298516633436e-08
0.83380681818181812,0.17045454545454544,3.1335201794339435e-09,-4.9705494837342466e-08
0.83380681818181812,0.19318181818181818,-7.0383000827101472e-09,-3.8052822256628046e-08
0.83380681818181812,0.21590909090909091,-6.1552052789886079e-09,-4.4855925950129126e-08
0.83380681818181812,0.23863636363636365,-5.2721104752670677e-09,-5.16590296436302e-08
0.83380681818181812,0.26136363636363635,-7.5038313439831169e-09,2.6129624325738493e-08
0.83380681818181812,0.28409090909090912,-7.6900250944265011e-09,1.7334013137991202e-08
0.83380681818181812,0.30681818181818182,-7.8762188448698854e-09,8.5384019502439339e-09
0.83380681818181812,0.32954545454545453,-2.3395635870353377e-09,7.2838114935210119e-08
0.83380681818181812,0.35227272727272729,-2.9117906781307477e-09,7.025731827613824e-08
0.83380681818181812,0.375,5.2064568223225694e-10,4.6590425608639199e-08
0.83380681818181812,0.39772727272727271,3.9717416433213657e-10,4.992382060616228e-08
0.83380681818181812,0.42045454545454547,2.7370264643201589e-10,5.3257215603685368e-08
0.83380681818181812,0.44318181818181818,-1.5361014590659693e-10,-2.9930684973069448e-08
0.83380681818181812,0.46590909090909088,-1.5326486383372549e-10,-2.8601059886936889e-08
0.83380681818181812,0.48863636363636365,-1.5291958176085402e-10,-2.7271434800804323e-08
0.83380681818181812,0.51136363636363635,-6.8894961775909188e-10,-7.3872791843214773e-08
0.83380681818181812,0.53409090909090906,-6.5060702127648325e-10,-7.3851686288911455e-08
0.83380681818181812,0.55681818181818177,-6.1226442479387484e-10,-7.3830580734608123e-08
0.83380681818181812,0.57954545454545459,-9.2688650164543596e-10,-2.5930401699864467e-08
0.83380681818181812,0.60227272727272729,-8.4656339583247276e-10,-3.3679345324005204e-08
0.83380681818181812,0.625,-6.276216431792991e-10,3.9265977513656196e-08
0.83380681818181812,0.64772727272727271,-5.6849019246691417e-10,3.3019983164217604e-08
0.83380681818181812,0.67045454545454541,-5.0935874175452914e-10,2.6773988814779006e-08
0.83380681818181812,0.69318181818181823,-8.5210889160208143e-10,4.8772392019949281e-08
0.83380681818181812,0.71590909090909094,-7.9270749110851914e-10,4.9271609187878225e-08
0.83380681818181812,0.73863636363636365,-7.3330609061495665e-10,4.9770826355807181e-08
0.83380681818181812,0.76136363636363635,-1.0862492311966552e-09,1.0155761989187198e-08
0.83380681818181812,0.78409090909090906,-9.8796153680275358e-10,1.7871648731772585e-08
0.83380681818181812,0.80681818181818177,-8.8967384240885183e-10,2.558753547435797e-08
0.83380681818181812,0.82954545454545459,-7.3342142190000146e-10,-2.8778483619163326e-08
0.83380681818181812,0.85227272727272729,-5.0448255212946842e-10,-2.1681840677468009e-08
0.83380681818181812,0.875,-6.0045897274722985e-12,-2.9547355618708709e-08
0.83380681818181812,0.89772727272727271,-1.4438389038766358e-10,-3.107762287150639e-08
0.83380681818181812,0.92045454545454541,-2.8276319104785478e-10,-3.2607890124304065e-08
0.83380681818181812,0.94318181818181823,4.428261536463942e-10,-2.0722131910055251e-09
0.83380681818181812,0.96590909090909094,4.2150377752202644e-10,-4.7336762991308265e-09
0.83380681818181812,0.98863636363636365,4.0018140139765869e-10,-7.3951394072561276e-09
0.85369318181818188,0.011363636363636364,7.6755128254901767e-10,3.349657965609746e-09
0.85369318181818188,0.034090909090909088,2.302653847647053e-09,1.0048973896829238e-08
0.85369318181818188,0.056818181818181816,3.8377564127450883e-09,1.674828982804873e-08
0.85369318181818188,0.079545454545454544,4.0168954434456833e-09,-2.7717809560881874e-08
0.85369318181818188,0.10227272727272728,5.5415753059899485e-09,-2.0979431505685956e-08
0.85369318181818188,0.125,-2.5228534081801182e-09,-5.5535341599468332e-08
0.85369318181818188,0.14772727272727273,-1.3015298540346213e-09,-5.724769407186823e-08
0.85369318181818188,0.17045454545454544,-8.0206299889126297e-11,-5.8960046544268129e-08
0.85369318181818188,0.19318181818181818,-8.2287251990689475e-09,-1.7723976851617006e-08
0.85369318181818188,0.21590909090909091,-7.7157338747031879e-09,-2.6054292199788354e-08
0.85369318181818188,0.23863636363636365,-7.2027425503374275e-09,-3.4384607547959706e-08
0.85369318181818188,0.26136363636363635,-5.664010735390602e-09,4.9056349847833865e-08
0.85369318181818188,0.28409090909090912,-6.1326737429667484e-09,4.13536741978193e-08
0.85369318181818188,0.30681818181818182,-6.6013367505428924e-09,3.3650998547804762e-08
0.85369318181818188,0.32954545454545453,-8.9659484111195228e-10,7.3631760595236347e-08
0.85369318181818188,0.35227272727272729,-1.2830124863592498e-09,7.4738448789978291e-08
0.85369318181818188,0.375,2.6929949080978691e-10,2.4098496004468447e-08
0.85369318181818188,0.39772727272727271,2.0543491258558701e-10,2.5822665830773483e-08
0.85369318181818188,0.42045454545454547,1.4157033436138692e-10,2.7546835657078522e-08
0.85369318181818188,0.44318181818181818,-2.9697961541942202e-10,-5.7865990947934523e-08
0.85369318181818188,0.46590909090909088,-2.9631207007853723e-10,-5.5295382448078235e-08
0.85369318181818188,0.48863636363636365,-2.956445247376524e-10,-5.2724773948221926e-08
0.85369318181818188,0.51136363636363635,-9.1165514349317183e-10,-6.1787221207342141e-08
0.85369318181818188,0.53409090909090906,-8.3847142921296749e-10,-6.5386635149278679e-08
0.85369318181818188,0.55681818181818177,-7.6528771493276304e-10,-6.8986049091215217e-08
0.85369318181818188,0.57954545454545459,-7.4418338963491641e-10,-2.8046143349124527e-09
0.85369318181818188,0.60227272727272729,-6.9203796952230751e-10,-1.0805932832870618e-08
0.85369318181818188,0.625,-6.8616526202768045e-10,4.9615871770101426e-08
0.85369318181818188,0.64772727272727271,-5.9233583038848359e-10,4.5260554833098535e-08
0.85369318181818188,0.67045454545454541,-4.9850639874928664e-10,4.0905237896095644e-08
0.85369318181818188,0.69318181818181823,-9.7901402297065852e-10,3.8178821262220476e-08
0.85369318181818188,0.71590909090909094,-9.8644343247316719e-10,4.1318259515650146e-08
0.85369318181818188,0.73863636363636365,-9.9387284197567606e-10,4.4457697769079816e-08
0.85369318181818188,0.76136363636363635,-1.0409890627894068e-09,-6.7981134384240586e-09
0.85369318181818188,0.78409090909090906,-7.7720126142944978e-10,2.5489041418726513e-09
0.85369318181818188,0.80681818181818177,-5.1341346006949289e-10,1.1895921722169363e-08
0.85369318181818188,0.82954545454545459,-5.9454397253597466e-10,-3.4928373838406019e-08
0.85369318181818188,0.85227272727272729,-5.6363087921495932e-10,-3.1563211397116674e-08
0.85369318181818188,0.875,2.7754121785068033e-10,-1.8818178394150411e-08
0.85369318181818188,0.89772727272727271,1.7918145925754583e-10,-2.1186032861023376e-08
0.85369318181818188,0.92045454545454541,8.0821700664411383e-11,-2.3553887327896348e-08
0.85369318181818188,0.94318181818181823,3.2649201096587676e-10,3.5900732864940688e-09
0.85369318181818188,0.96590909090909094,3.3705164974530178e-10,1.4921626606085454e-09
0.85369318181818188,0.98863636363636365,3.4761128852472685e-10,-6.0574796527697629e-10
0.87357954545454541,0.011363636363636364,1.1380932810209548e-09,4.9667342248696123e-09
0.87357954545454541,0.034090909090909088,3.4142798430628637e-09,1.4900202674608835e-08
0.87357954545454541,0.056818181818181816,5.6904664051047737e-09,2.4833671124348063e-08
0.87357954545454541,0.079545454545454544,5.1127838678971103e-09,-4.4779063594105829e-08
0.87357954545454541,0.10227272727272728,6.2491127721685866e-09,-3.9694665471397018e-08
0.87357954545454541,0.125,-5.8454265120899848e-09,-5.834158100301223e-08
0.87357954545454541,0.14772727272727273,-4.5696796456510708e-09,-6.3278089627102958e-08
0.87357954545454541,0.17045454545454544,-3.2939327792121597e-09,-6.8214598251193685e-08
0.87357954545454541,0.19318181818181818,-9.4191503154277338e-09,2.6048685533938003e-09
0.87357954545454541,0.21590909090909091,-9.276262470417749e-09,-7.2526584494478048e-09
0.87357954545454541,0.23863636363636365,-9.1333746254077658e-09,-1.7110185452289407e-08
0.87357954545454541,0.26136363636363635,-3.8241901267981085e-09,7.1983075369928971e-08
0.87357954545454541,0.28409090909090912,-4.5753223915070122e-09,6.537333525764713e-08
0.87357954545454541,0.30681818181818182,-5.3264546562159134e-09,5.8763595145365309e-08
0.87357954545454541,0.32954545454545453,5.4637390481141675e-10,7.4425406255262574e-08
0.87357954545454541,0.35227272727272729,3.457657054122304e-10,7.9219579303818276e-08
0.87357954545454541,0.375,1.7953299387319691e-11,1.6065664002979466e-09
0.87357954545454541,0.39772727272727271,1.3695660839039562e-11,1.7215110553849527e-09
0.87357954545454541,0.42045454545454547,9.4380222907594239e-12,1.8364557104719589e-09
0.87357954545454541,0.44318181818181818,-4.4034908493224552e-10,-8.580129692279928e-08
0.87357954545454541,0.46590909090909088,-4.3935927632334732e-10,-8.1989705009219262e-08
0.87357954545454541,0.48863636363636365,-4.3836946771444922e-10,-7.8178113095639244e-08
0.87357954545454541,0.51136363636363635,-1.134360669227249e-09,-4.9701650571469649e-08
0.87357954545454541,0.53409090909090906,-1.0263358371494497e-09,-5.6921584009646009e-08
0.87357954545454541,0.55681818181818177,-9.183110050716497e-10,-6.4141517447822363e-08
0.87357954545454541,0.57954545454545459,-5.6148027762439892e-10,2.0321173030039302e-08
0.87357954545454541,0.60227272727272729,-5.3751254321214382e-10,1.2067479658263711e-08
0.87357954545454541,0.625,-7.4470888087606128e-10,5.9965766026546523e-08
0.87357954545454541,0.64772727272727271,-6.1618146831005271e-10,5.750112650197932e-08
0.87357954545454541,0.67045454545454541,-4.8765405574404435e-10,5.5036486977412116e-08
0.87357954545454541,0.69318181818181823,-1.105919154339234e-09,2.758525050449179e-08
0.87357954545454541,0.71590909090909094,-1.1801793738378131e-09,3.3364909843422154e-08
0.87357954545454541,0.73863636363636365,-1.2544395933363922e-09,3.9144569182352511e-08
0.87357954545454541,0.76136363636363635,-9.9572889438215851e-10,-2.3751988866035125e-08
0.87357954545454541,0.78409090909090906,-5.6644098605614835e-10,-1.277384044802711e-08
0.87357954545454541,0.80681818181818177,-1.3715307773013808e-10,-1.7956920300190965e-09
0.87357954545454541,0.82954545454545459,-4.5566652317194942e-10,-4.1078264057648636e-08
0.87357954545454541,0.85227272727272729,-6.2277920630044949e-10,-4.1444582116765216e-08
0.87357954545454541,0.875,5.6108702542882972e-10,-8.0890011695922311e-09
0.87357954545454541,0.89772727272727271,5.0274680890275154e-10,-1.129444285054048e-08
0.87357954545454541,0.92045454545454541,4.4440659237667346e-10,-1.449988453148873e-08
0.87357954545454541,0.94318181818181823,2.1015786828536057e-10,9.2523597639936001e-09
0.87357954545454541,0.96590909090909094,2.5259952196857816e-10,7.7180016203478495e-09
0.87357954545454541,0.98863636363636365,2.9504117565179564e-10,6.1836434767020972e-09
0.89346590909090917,0.011363636363636364,1.7885908222600159e-09,8.9554938929977607e-09
0.89346590909090917,0.034090909090909088,1.5809506252452262e-09,1.0349202745124491e-08
0.89346590909090917,0.056818181818181816,1.373310428230436e-09,1.1742911597251222e-08
0.89346590909090917,0.079545454545454544,5.7331690657633254e-09,1.4436723892945357e-08
0.89346590909090917,0.10227272727272728,4.4421003693539177e-09,2.1634958220271442e-08
0.89346590909090917,0.125,4.4619680744091224e-09,-4.6904117960632356e-08
0.89346590909090917,0.14772727272727273,3.0058249676958316e-09,-3.8304264887328271e-08
0.89346590909090917,0.17045454545454544,1.5496818609825425e-09,-2.9704411814024184e-08
0.89346590909090917,0.19318181818181818,-4.2251942652346135e-09,-5.8508052424388739e-08
0.89346590909090917,0.21590909090909091,-3.0126812124039459e-09,-6.2863184007086824e-08
0.89346590909090917,0.23863636363636365,-1.8001681595732783e-09,-6.7218315589784903e-08
0.89346590909090917,0.26136363636363635,-7.9854079281217513e-09,-1.956911766355392e-09
0.89346590909090917,0.28409090909090912,-7.7666135679627244e-09,-1.1296639182253977e-08
0.89346590909090917,0.30681818181818182,-7.5478192078036958e-09,-2.0636366598152543e-08
0.89346590909090917,0.32954545454545453,-4.1265044551890756e-09,6.1986351117167539e-08
0.89346590909090917,0.35227272727272729,-4.6375176293073482e-09,5.5955383853998298e-08
0.89346590909090917,0.375,1.9358859476602328e-10,5.9602590255401811e-08
0.89346590909090917,0.39772727272727271,-1.5361237991871387e-10,6.4364702448553429e-08
0.89346590909090917,0.42045454545454547,-5.0081335460345179e-10,6.9126814641705035e-08
0.89346590909090917,0.44318181818181818,-1.6031510930192587e-10,-1.9675274028960881e-08
0.89346590909090917,0.46590909090909088,-2.7205281866497532e-10,-6.140079651311827e-09
0.89346590909090917,0.48863636363636365,-3.83790528028025e-10,7.3951147263372565e-09
0.89346590909090917,0.51136363636363635,-5.9468249527895623e-10,-7.1466655649121535e-08
0.89346590909090917,0.53409090909090906,-6.1992222325884649e-10,-6.5623814892633488e-08
0.89346590909090917,0.55681818181818177,-6.4516195123873686e-10,-5.9780974136145468e-08
0.89346590909090917,0.57954545454545459,-7.4509770544880458e-10,-4.9152371878798335e-08
0.89346590909090917,0.60227272727272729,-6.9284135638123549e-10,-5.5142380049703245e-08
0.89346590909090917,0.625,-4.7027812924886148e-10,1.9868170604036824e-08
0.89346590909090917,0.64772727272727271,-4.1956756673661724e-10,1.2434299641498128e-08
0.89346590909090917,0.67045454545454541,-3.6885700422437311e-10,5.0004286789594322e-09
0.89346590909090917,0.69318181818181823,-6.3694072896806884e-10,5.0008596966325294e-08
0.89346590909090917,0.71590909090909094,-5.3827188700120795e-10,4.7679520475981648e-08
0.89346590909090917,0.73863636363636365,-4.3960304503434705e-10,4.5350443985637996e-08
0.89346590909090917,0.76136363636363635,-8.9291974877713659e-10,3.0468466809505968e-08
0.89346590909090917,0.78409090909090906,-8.2923100611612914e-10,3.25770058105778e-08
0.89346590909090917,0.80681818181818177,-7.655422634551218e-10,3.4685544811649632e-08
0.89346590909090917,0.82954545454545459,-2.6674155634624715e-10,-1.2227564229143916e-08
0.89346590909090917,0.85227272727272729,-3.0399093185980457e-10,-1.167697692888724e-08
0.89346590909090917,0.875,-4.4277617343764671e-10,-3.4959278047595302e-08
0.89346590909090917,0.89772727272727271,-5.6131224122341186e-10,-3.4446970839712142e-08
0.89346590909090917,0.92045454545454541,-6.7984830900917711e-10,-3.3934663631828988e-08
0.89346590909090917,0.94318181818181823,3.7859011962129521e-10,-1.0341527907654452e-08
0.89346590909090917,0.96590909090909094,3.139388273811295e-10,-1.2763488445512185e-08
0.89346590909090917,0.98863636363636365,2.4928753514096383e-10,-1.5185448983369922e-08
0.91335227272727271,0.011363636363636364,3.7147655539246302e-09,1.8599871931610646e-08
0.91335227272727271,0.034090909090909088,3.2835128370477612e-09,2.1494498009104612e-08
0.91335227272727271,0.056818181818181816,2.8522601201708913e-09,2.4389124086598575e-08
0.91335227272727271,0.079545454545454544,5.5772011000653246e-09,-3.9285521591139822e-09
0.91335227272727271,0.10227272727272728,3.6525931055174496e-09,5.9415992963971925e-09
0.91335227272727271,0.125,1.2890590793061507e-09,-5.8576786781326048e-08
0.91335227272727271,0.14772727272727273,1.1658910878265555e-09,-5.4838992825717737e-08
0.91335227272727271,0.17045454545454544,1.0427230963469606e-09,-5.1101198870109452e-08
0.91335227272727271,0.19318181818181818,-6.4170519711103247e-09,-4.2586581397120113e-08
0.91335227272727271,0.21590909090909091,-5.5092344827895977e-09,-4.9299093944084351e-08
0.91335227272727271,0.23863636363636365,-4.6014169944688714e-09,-5.6011606491048583e-08
0.91335227272727271,0.26136363636363635,-6.9529315787546807e-09,2.3555629032078494e-08
0.91335227272727271,0.28409090909090912,-7.0777140799490911e-09,1.4469322249060238e-08
0.91335227272727271,0.30681818181818182,-7.2024965811435006e-09,5.3830154660420017e-09
0.91335227272727271,0.32954545454545453,-2.2869027470651926e-09,7.2374193553220546e-08
0.91335227272727271,0.35227272727272729,-2.7645638271777418e-09,6.9302195714583636e-08
0.91335227272727271,0.375,1.0616148745233564e-10,3.2685291430381723e-08
0.91335227272727271,0.39772727272727271,-1.4415826585609148e-10,4.2014715948763233e-08
0.91335227272727271,0.42045454545454547,-3.9447801916451918e-10,5.1344140467144763e-08
0.91335227272727271,0.44318181818181818,-2.9724107734013901e-10,-4.4868958613731006e-08
0.91335227272727271,0.46590909090909088,-3.8642741348488051e-10,-3.2777112812940644e-08
0.91335227272727271,0.48863636363636365,-4.7561374962962216e-10,-2.068526701215025e-08
0.91335227272727271,0.51136363636363635,-7.1930784559934104e-10,-6.9948374834159177e-08
0.91335227272727271,0.53409090909090906,-7.0517225284102548e-10,-6.8947775986412253e-08
0.91335227272727271,0.55681818181818177,-6.9103666008271014e-10,-6.7947177138665328e-08
0.91335227272727271,0.57954545454545459,-6.2657822623629957e-10,-2.7428471904511803e-08
0.91335227272727271,0.60227272727272729,-5.8475955903180304e-10,-3.4614663599457199e-08
0.91335227272727271,0.625,-4.3340230054851042e-10,3.5417427744680073e-08
0.91335227272727271,0.64772727272727271,-3.5946657449928891e-10,2.9281065256170775e-08
0.91335227272727271,0.67045454545454541,-2.8553084845006739e-10,2.3144702767661484e-08
0.91335227272727271,0.69318181818181823,-9.3185681142839077e-10,4.6616431997652545e-08
0.91335227272727271,0.71590909090909094,-8.3692367386781192e-10,4.6690767808525737e-08
0.91335227272727271,0.73863636363636365,-7.4199053630723286e-10,4.6765103619398929e-08
0.91335227272727271,0.76136363636363635,-4.8966566868423748e-10,1.67085140568259e-08
0.91335227272727271,0.78409090909090906,-4.5473958399916878e-10,1.7864809638058838e-08
0.91335227272727271,0.80681818181818177,-4.1981349931410013e-10,1.9021105219291783e-08
0.91335227272727271,0.82954545454545459,-5.540016939498952e-10,-2.5395710322068004e-08
0.91335227272727271,0.85227272727272729,-6.3136578155497556e-10,-2.4252182852304145e-08
0.91335227272727271,0.875,-4.9176625175092256e-11,-2.6533465661744145e-08
0.91335227272727271,0.89772727272727271,-1.5959404811268017e-10,-2.7476317419088052e-08
0.91335227272727271,0.92045454545454541,-2.7001147105026814e-10,-2.8419169176431966e-08
0.91335227272727271,0.94318181818181823,3.5162849241843126e-10,-3.192856772984978e-09
0.91335227272727271,0.96590909090909094,3.2564711305094956e-10,-5.3048035045606599e-09
0.91335227272727271,0.98863636363636365,2.996657336834679e-10,-7.4167502361363406e-09
0.93323863636363635,0.011363636363636364,5.6409402855892554e-09,2.8244249970223584e-08
0.93323863636363635,0.034090909090909088,4.9860750488503057e-09,3.2639793273084789e-08
0.93323863636363635,0.056818181818181816,4.3312098121113551e-09,3.7035336575945997e-08
0.93323863636363635,0.079545454545454544,5.4212331343673246e-09,-2.2293828211173426e-08
0.93323863636363635,0.10227272727272728,2.8630858416809774e-09,-9.7517596274771463e-09
0.93323863636363635,0.125,-1.8838499157968384e-09,-7.0249455602019792e-08
0.93323863636363635,0.14772727272727273,-6.7404279204273059e-10,-7.1373720764107314e-08
0.93323863636363635,0.17045454545454544,5.3576433171137576e-10,-7.249798592619485e-08
0.93323863636363635,0.19318181818181818,-8.6089096769860475e-09,-2.6665110369851387e-08
0.93323863636363635,0.21590909090909091,-8.0057877531752652e-09,-3.5735003881081799e-08
0.93323863636363635,0.23863636363636365,-7.4026658293644828e-09,-4.4804897392312217e-08
0.93323863636363635,0.26136363636363635,-5.9204552293876035e-09,4.906816983051254e-08
0.93323863636363635,0.28409090909090912,-6.3888145919354545e-09,4.0235283680374593e-08
0.93323863636363635,0.30681818181818182,-6.8571739544833047e-09,3.1402397530236679e-08
0.93323863636363635,0.32954545454545453,-4.4730103894129906e-10,8.2762035989273607e-08
0.93323863636363635,0.35227272727272729,-8.9161002504812402e-10,8.2649007575169054e-08
0.93323863636363635,0.375,1.8734380138647495e-11,5.7679926053614895e-09
0.93323863636363635,0.39772727272727271,-1.3470415179346898e-10,1.9664729448972921e-08
0.93323863636363635,0.42045454545454547,-2.8814268372558585e-10,3.3561466292584385e-08
0.93323863636363635,0.44318181818181818,-4.3416704537835286e-10,-7.006264319850127e-08
0.93323863636363635,0.46590909090909088,-5.0080200830478621e-10,-5.9414145974569615e-08
0.93323863636363635,0.48863636363636365,-5.6743697123121988e-10,-4.8765648750637913e-08
0.93323863636363635,0.51136363636363635,-8.4393319591972647e-10,-6.8430094019196845e-08
0.93323863636363635,0.53409090909090906,-7.90422282423205e-10,-7.2271737080191017e-08
0.93323863636363635,0.55681818181818177,-7.3691136892668373e-10,-7.6113380141185228e-08
0.93323863636363635,0.57954545454545459,-5.0805874702379373e-10,-5.7045719302251495e-09
0.93323863636363635,0.60227272727272729,-4.7667776168237018e-10,-1.408694714921105e-08
0.93323863636363635,0.625,-3.9652647184815916e-10,5.096668488532341e-08
0.93323863636363635,0.64772727272727271,-2.9936558226196021e-10,4.612783087084352e-08
0.93323863636363635,0.67045454545454541,-2.0220469267576125e-10,4.1288976856363636e-08
0.93323863636363635,0.69318181818181823,-1.2267728938887143e-09,4.3224267028979769e-08
0.93323863636363635,0.71590909090909094,-1.1355754607344174e-09,4.5702015141069813e-08
0.93323863636363635,0.73863636363636365,-1.0443780275801205e-09,4.817976325315987e-08
0.93323863636363635,0.76136363636363635,-8.6411588591336157e-11,2.9485613041457515e-09
0.93323863636363635,0.78409090909090906,-8.0248161882206372e-11,3.1526134655397998e-09
0.93323863636363635,0.80681818181818177,-7.40847351730766e-11,3.356665626933849e-09
0.93323863636363635,0.82954545454545459,-8.412618315535448e-10,-3.8563856414992173e-08
0.93323863636363635,0.85227272727272729,-9.5874063125014831e-10,-3.6827388775721125e-08
0.93323863636363635,0.875,3.4442292308746442e-10,-1.8107653275892939e-08
0.93323863636363635,0.89772727272727271,2.4212414499805385e-10,-2.0505663998463929e-08
0.93323863636363635,0.92045454545454541,1.3982536690864332e-10,-2.290367472103491e-08
0.93323863636363635,0.94318181818181823,3.2466686521556717e-10,3.9558143616845353e-09
0.93323863636363635,0.96590909090909094,3.3735539872076967e-10,2.1538814363909095e-09
0.93323863636363635,0.98863636363636365,3.5004393222597218e-10,3.5194851109728361e-10
0.953125,0.011363636363636364,9.8963389700442955e-10,1.0436717289242859e-08
0.953125,0.034090909090909088,7.3268566505266432e-10,1.0847886188788367e-08
0.953125,0.056818181818181816,4.7573743310089899e-10,1.1259055088333876e-08
0.953125,0.079545454545454544,2.7761905170494645e-09,3.1618528542387709e-08
0.953125,0.10227272727272728,2.0053458211941687e-09,3.2852035241024234e-08
0.953125,0.125,3.8717844926332998e-10,-1.9676903238423549e-08
0.953125,0.14772727272727273,7.3403910021999179e-10,-1.9094761685562785e-08
0.953125,0.17045454545454544,1.080899751176653e-09,-1.8512620132702024e-08
0.953125,0.19318181818181818,-4.5444521594128108e-10,-7.090515488299994e-08
0.953125,0.21590909090909091,8.1565095741071014e-10,-7.1211952538118947e-08
0.953125,0.23863636363636365,2.0857471307627015e-09,-7.1518750193237941e-08
0.953125,0.26136363636363635,-7.2144881450950632e-09,-3.1048652107900566e-08
0.953125,0.28409090909090912,-6.5831007965224996e-09,-3.9751148784471495e-08
0.953125,0.30681818181818182,-5.9517134479499368e-09,-4.8453645461042397e-08
0.953125,0.32954545454545453,-5.6525870525937813e-09,4.1244172899875492e-08
0.953125,0.35227272727272729,-5.9615561665064948e-09,3.2776377747197984e-08
0.953125,0.375,-7.8678497868431485e-10,7.4749425919517073e-08
0.953125,0.39772727272727271,-1.1913649186045404e-09,7.4652283331635494e-08
0.953125,0.42045454545454547,-1.5959448585247669e-09,7.4555140743753902e-08
0.953125,0.44318181818181818,-4.0815961528408785e-10,2.122044708777338e-08
0.953125,0.46590909090909088,-3.2818770843506648e-10,3.2993070048552463e-08
0.953125,0.48863636363636365,-2.482158015860449e-10,4.4765693009331567e-08
0.953125,0.51136363636363635,-5.6538557609934876e-10,-5.0363485614867243e-08
0.953125,0.53409090909090906,-4.0350749859046274e-10,-3.7129004230470679e-08
0.953125,0.55681818181818177,-2.4162942108157662e-10,-2.3894522846074116e-08
0.953125,0.57954545454545459,-6.6546488071127123e-10,-6.6088767329432652e-08
0.953125,0.60227272727272729,-6.8003916610115169e-10,-6.901507606001649e-08
0.953125,0.625,-3.4521622925833857e-10,-3.306032463548141e-09
0.953125,0.64772727272727271,-3.1105596924780631e-10,-1.0971661080779244e-08
0.953125,0.67045454545454541,-2.7689570923727383e-10,-1.8637289698010351e-08
0.953125,0.69318181818181823,-3.2365657200890461e-10,4.266714378606919e-08
0.953125,0.71590909090909094,-2.3106856011287849e-10,3.8087162130978082e-08
0.953125,0.73863636363636365,-1.3848054821685243e-10,3.3507180475886974e-08
0.953125,0.76136363636363635,-7.8231480434380596e-10,3.8515514348043287e-08
0.953125,0.78409090909090906,-7.5097908612395036e-10,4.0577612363918074e-08
0.953125,0.80681818181818177,-7.1964336790409486e-10,4.2639710379792868e-08
0.953125,0.82954545454545459,-4.7376608247053395e-10,-4.4041331603330206e-09
0.953125,0.85227272727272729,-7.2046512770232564e-10,2.2765391299855609e-09
0.953125,0.875,-8.2816833436208076e-10,-3.4182451116127598e-08
0.953125,0.89772727272727271,-8.2916025183441367e-10,-3.0897079384487674e-08
0.953125,0.92045454545454541,-8.3015216930674657e-10,-2.7611707652847748e-08
0.953125,0.94318181818181823,1.8140891765835924e-10,-1.7974754150599505e-08
0.953125,0.96590909090909094,7.9033120767614835e-11,-1.9760221943588153e-08
0.953125,0.98863636363636365,-2.334267612312957e-11,-2.1545689736576797e-08
0.97301136363636365,0.011363636363636364,2.2491679477373407e-09,2.3719812021006506e-08
0.97301136363636365,0.034090909090909088,1.6651946933015104e-09,2.4654286792700842e-08
0.97301136363636365,0.056818181818181816,1.0812214388656797e-09,2.558876156439518e-08
0.97301136363636365,0.079545454545454544,1.5984127219375703e-09,1.8204607342586857e-08
0.97301136363636365,0.10227272727272728,1.154593048566339e-09,1.8914808169074552e-08
0.97301136363636365,0.125,8.7995102105302288e-10,-4.4720234632780808e-08
0.97301136363636365,0.14772727272727273,1.6682706823181635e-09,-4.3397185649006343e-08
0.97301136363636365,0.17045454545454544,2.4565903435833029e-09,-4.2074136665231884e-08
0.97301136363636365,0.19318181818181818,-3.4453793336974349e-09,-6.1715661133030014e-08
0.97301136363636365,0.21590909090909091,-2.3246331627677323e-09,-6.537655825468256e-08
0.97301136363636365,0.23863636363636365,-1.2038869918380306e-09,-6.9037455376335092e-08
0.97301136363636365,0.26136363636363635,-7.1374858004539747e-09,-5.2774832447912644e-09
0.97301136363636365,0.28409090909090912,-6.8709505852429059e-09,-1.4603116639973122e-08
0.97301136363636365,0.30681818181818182,-6.6044153700318387e-09,-2.3928750035154959e-08
0.97301136363636365,0.32954545454545453,-3.8229768433128385e-09,5.917604507467519e-08
0.97301136363636365,0.35227272727272729,-4.2342068730314154e-09,5.2876371108240281e-08
0.97301136363636365,0.375,-6.0778872721314865e-10,6.0392235988879157e-08
0.97301136363636365,0.39772727272727271,-8.2727242554352686e-10,6.4444287652010017e-08
0.97301136363636365,0.42045454545454547,-1.0467561238739057e-09,6.849633931514089e-08
0.97301136363636365,0.44318181818181818,-4.733537438605201e-10,-6.9167610437382121e-09
0.97301136363636365,0.46590909090909088,-3.3196821134745342e-10,7.5152534986625196e-09
0.97301136363636365,0.48863636363636365,-1.9058267883438637e-10,2.1947268041063288e-08
0.97301136363636365,0.51136363636363635,-6.4141478465310669e-10,-6.2799062924702883e-08
0.97301136363636365,0.53409090909090906,-5.5953336693289261e-10,-5.568220920056721e-08
0.97301136363636365,0.55681818181818177,-4.7765194921267833e-10,-4.8565355476431551e-08
0.97301136363636365,0.57954545454545459,-5.562600816492221e-10,-4.8418780913757658e-08
0.97301136363636365,0.60227272727272729,-5.5542012227151732e-10,-5.3560484991715724e-08
0.97301136363636365,0.625,-2.4447120083129936e-10,1.5811372980676073e-08
0.97301136363636365,0.64772727272727271,-1.9452789006845197e-10,8.7600687316529205e-09
0.97301136363636365,0.67045454545454541,-1.4458457930560461e-10,1.7087644826297696e-09
0.97301136363636365,0.69318181818181823,-6.2115855522196681e-10,4.58045630549635e-08
0.97301136363636365,0.71590909090909094,-5.0155710227407551e-10,4.3308795337972153e-08
0.97301136363636365,0.73863636363636365,-3.8195564932618421e-10,4.0813027620980813e-08
0.97301136363636365,0.76136363636363635,-5.232755986139463e-10,2.3713470966008826e-08
0.97301136363636365,0.78409090909090906,-6.5093766822844888e-10,2.7976483112450016e-08
0.97301136363636365,0.80681818181818177,-7.7859973784295156e-10,3.223949525889121e-08
0.97301136363636365,0.82954545454545459,-7.4890744128831449e-10,-1.6929816627866316e-08
0.97301136363636365,0.85227272727272729,-8.7247554922821929e-10,-1.0973701289045738e-08
0.97301136363636365,0.875,-4.1224251276703643e-10,-2.9758325884650854e-08
0.97301136363636365,0.89772727272727271,-4.6990907951208226e-10,-2.8620574918653393e-08
0.97301136363636365,0.92045454545454541,-5.2757564625712809e-10,-2.7482823952655929e-08
0.97301136363636365,0.94318181818181823,2.6136955250406406e-10,-1.0053781865647555e-08
0.97301136363636365,0.96590909090909094,1.9998367508075294e-10,-1.1850183120326988e-08
0.97301136363636365,0.98863636363636365,1.3859779765744184e-10,-1.3646584375006426e-08
0.99289772727272729,0.011363636363636364,3.5087019984702514e-09,3.7002906752770152e-08
0.99289772727272729,0.034090909090909088,2.5977037215503564e-09,3.8460687396613323e-08
0.99289772727272729,0.056818181818181816,1.6867054446304605e-09,3.9918468040456481e-08
0.99289772727272729,0.079545454545454544,4.2063492682567534e-10,4.7906861427860029e-09
0.99289772727272729,0.10227272727272728,3.038402759385095e-10,4.9775810971248695e-09
0.99289772727272729,0.125,1.3727235928427158e-09,-6.9763566027138065e-08
0.99289772727272729,0.14772727272727273,2.6025022644163349e-09,-6.7699609612449901e-08
0.99289772727272729,0.17045454545454544,3.8322809359899537e-09,-6.563565319776175e-08
0.99289772727272729,0.19318181818181818,-6.4363134514535875e-09,-5.2526167383060096e-08
0.99289772727272729,0.21590909090909091,-5.4649172829461759e-09,-5.9541163971246172e-08
0.99289772727272729,0.23863636363636365,-4.4935211144387626e-09,-6.6556160559432243e-08
0.99289772727272729,0.26136363636363635,-7.0604834558128855e-09,2.0493685618318038e-08
0.99289772727272729,0.28409090909090912,-7.1588003739633138e-09,1.0544915504525248e-08
0.99289772727272729,0.30681818181818182,-7.2571172921137413e-09,5.9614539073248269e-10
0.99289772727272729,0.32954545454545453,-1.9933666340318948e-09,7.7107917249474888e-08
0.99289772727272729,0.35227272727272729,-2.506857579556336e-09,7.2976364469282578e-08
0.99289772727272729,0.375,-4.2879247574198239e-10,4.6035046058241214e-08
0.99289772727272729,0.39772727272727271,-4.631799324825133e-10,5.4236291972384539e-08
0.99289772727272729,0.42045454545454547,-4.9756738922304427e-10,6.2437537886527891e-08
0.99289772727272729,0.44318181818181818,-5.3854787243695245e-10,-3.5053969175249804e-08
0.99289772727272729,0.46590909090909088,-3.3574871425984041e-10,-1.7962563051227421e-08
0.99289772727272729,0.48863636363636365,-1.329495560827278e-10,-8.711569272049872e-10
0.99289772727272729,0.51136363636363635,-7.1744399320686482e-10,-7.5234640234538529e-08
0.99289772727272729,0.53409090909090906,-7.1555923527532227e-10,-7.4235414170663754e-08
0.99289772727272729,0.55681818181818177,-7.1367447734377993e-10,-7.3236188106788979e-08
0.99289772727272729,0.57954545454545459,-4.4705528258717313e-10,-3.074879449808267e-08
0.99289772727272729,0.60227272727272729,-4.3080107844188295e-10,-3.8105893923414957e-08
0.99289772727272729,0.625,-1.4372617240426009e-10,3.4928778424900284e-08
0.99289772727272729,0.64772727272727271,-7.7999810889097714e-11,2.8491798544085092e-08
0.99289772727272729,0.67045454545454541,-1.2273449373935314e-11,2.2054818663269893e-08
0.99289772727272729,0.69318181818181823,-9.1866053843502881e-10,4.894198232385781e-08
0.99289772727272729,0.71590909090909094,-7.720456444352724e-10,4.8530428544966231e-08
0.99289772727272729,0.73863636363636365,-6.2543075043551598e-10,4.8118874766074652e-08
0.99289772727272729,0.76136363636363635,-2.6423639288408665e-10,8.9114275839743668e-09
0.99289772727272729,0.78409090909090906,-5.508962503329473e-10,1.5375353860981952e-08
0.99289772727272729,0.80681818181818177,-8.3755610778180806e-10,2.183928013798954e-08
0.99289772727272729,0.82954545454545459,-1.0240488001060952e-09,-2.9455500095399609e-08
0.99289772727272729,0.85227272727272729,-1.0244859707541129e-09,-2.4223941708077037e-08
0.99289772727272729,0.875,3.6833088280080812e-12,-2.5334200653174113e-08
0.99289772727272729,0.89772727272727271,-1.1065790718975074e-10,-2.6344070452819112e-08
0.99289772727272729,0.92045454545454541,-2.2499912320750959e-10,-2.7353940252464114e-08
0.99289772727272729,0.94318181818181823,3.4133018734976876e-10,-2.1328095806956002e-09
0.99289772727272729,0.96590909090909094,3.2093422939389103e-10,-3.940144297065828e-09
0.99289772727272729,0.98863636363636365,3.005382714380132e-10,-5.7474790134360574e-09
1.0127840909090908,0.011363636363636364,2.2919171152506522e-10,9.2445236450788814e-09
1.0127840909090908,0.034090909090909088,1.4210884390360246e-11,9.1414571499672568e-09
1.0127840909090908,0.056818181818181816,-2.0076994274434483e-10,9.0383906548556338e-09
1.0127840909090908,0.079545454545454544,9.9540297111072581e-10,3.7969442321872562e-08
1.0127840909090908,0.10227272727272728,5.7684776544580961e-10,4.0393588937374224e-08
1.0127840909090908,0.125,1.0972188322315699e-09,-1.4789465973864276e-08
1.0127840909090908,0.14772727272727273,2.7763357619835891e-09,-1.9759285053635671e-09
1.0127840909090908,0.17045454545454544,4.4554526917356058e-09,1.0837608963137121e-08
1.0127840909090908,0.19318181818181818,3.3162983504115878e-09,-7.0303138393826197e-08
1.0127840909090908,0.21590909090909091,3.7758485258391725e-09,-6.4367527266720526e-08
1.0127840909090908,0.23863636363636365,4.2353987012667569e-09,-5.8431916139614849e-08
1.0127840909090908,0.26136363636363635,-5.2017320482325175e-09,-5.7478661848660709e-08
1.0127840909090908,0.28409090909090912,-4.2300100532046131e-09,-6.4214843072401778e-08
1.0127840909090908,0.30681818181818182,-3.2582880581767119e-09,-7.0951024296142841e-08
1.0127840909090908,0.32954545454545453,-6.508772936017325e-09,1.3775126652328278e-08
1.0127840909090908,0.35227272727272729,-6.5168958334492422e-09,3.9720643574596833e-09
1.0127840909090908,0.375,-1.9976670871568312e-09,7.490327033717894e-08
1.0127840909090908,0.39772727272727271,-2.419380103161038e-09,7.0743337659453827e-08
1.0127840909090908,0.42045454545454547,-2.841093119165247e-09,6.6583404981728727e-08
1.0127840909090908,0.44318181818181818,-2.3079626322770839e-10,5.4691073384500809e-08
1.0127840909090908,0.46590909090909088,-2.7058196030172856e-10,5.8568075147929294e-08
1.0127840909090908,0.48863636363636365,-3.1036765737574888e-10,6.2445076911357793e-08
1.0127840909090908,0.51136363636363635,-1.7415430541566127e-10,-1.6471943648651507e-08
1.0127840909090908,0.53409090909090906,-1.9329216800349636e-10,-1.5729808673268457e-08
1.0127840909090908,0.55681818181818177,-2.1243003059133148e-10,-1.4987673697885407e-08
1.0127840909090908,0.57954545454545459,-7.723974443426275e-10,-7.2703577409827165e-08
1.0127840909090908,0.60227272727272729,-8.4943642745956894e-10,-7.1198082669572073e-08
1.0127840909090908,0.625,-2.7186814537164736e-10,-2.7358910797618939e-08
1.0127840909090908,0.64772727272727271,-2.7328994263195557e-10,-3.4207739323691196e-08
1.0127840909090908,0.67045454545454541,-2.7471173989226383e-10,-4.1056567849763456e-08
1.0127840909090908,0.69318181818181823,-4.2620797907924632e-11,2.8485697854767434e-08
1.0127840909090908,0.71590909090909094,2.4231676345216201e-11,2.2329990174268114e-08
1.0127840909090908,0.73863636363636365,9.1084150598357034e-11,1.6174282493768791e-08
1.0127840909090908,0.76136363636363635,-6.4099079315379057e-10,4.4262887957609887e-08
1.0127840909090908,0.78409090909090906,-5.2755516473380982e-10,4.3663912222946428e-08
1.0127840909090908,0.80681818181818177,-4.1411953631382897e-10,4.306493648828297e-08
1.0127840909090908,0.82954545454545459,-9.470327878137085e-10,1.508839104787663e-08
1.0127840909090908,0.85227272727272729,-9.2569179512630755e-10,2.0601431052158087e-08
1.0127840909090908,0.875,-8.6804904113886638e-10,-2.4935988586397788e-08
1.0127840909090908,0.89772727272727271,-5.9772737083345636e-10,-1.8090627346042446e-08
1.0127840909090908,0.92045454545454541,-3.2740570052804634e-10,-1.1245266105687114e-08
1.0127840909090908,0.94318181818181823,-1.306197338098806e-10,-2.374292121546272e-08
1.0127840909090908,0.96590909090909094,-2.5072755162437026e-10,-2.4450260898900438e-08
1.0127840909090908,0.98863636363636365,-3.7083536943885984e-10,-2.5157600582338153e-08
1.0326704545454546,0.011363636363636364,5.8571215167517102e-10,2.3624893759646206e-08
1.0326704545454546,0.034090909090909088,3.6316704553143063e-11,2.3361501605472055e-08
1.0326704545454546,0.056818181818181816,-5.13078742568885e-10,2.3098109451297905e-08
1.0326704545454546,0.079545454545454544,1.2095477543114092e-09,2.6924941179088559e-08
1.0326704545454546,0.10227272727272728,1.7748225931057613e-09,3.3903796863009668e-08
1.0326704545454546,0.125,2.8040036823695888e-09,-3.7795301933208989e-08
1.0326704545454546,0.14772727272727273,3.9201604276508078e-09,-2.6533247292785335e-08
1.0326704545454546,0.17045454545454544,5.0363171729320247e-09,-1.5271192652361688e-08
1.0326704545454546,0.19318181818181818,2.5035668153467251e-11,-7.0665256360102168e-08
1.0326704545454546,0.21590909090909091,7.7677160979614913e-10,-6.9395097432644777e-08
1.0326704545454546,0.23863636363636365,1.5285075514388314e-09,-6.8124938505187374e-08
1.0326704545454546,0.26136363636363635,-6.1154301338283505e-09,-3.389367648710173e-08
1.0326704545454546,0.28409090909090912,-5.4832743991475523e-09,-4.2198109480194555e-08
1.0326704545454546,0.30681818181818182,-4.8511186644667558e-09,-5.0502542473287354e-08
1.0326704545454546,0.32954545454545453,-5.0364353402055051e-09,3.7039280943907095e-08
1.0326704545454546,0.35227272727272729,-5.2482259467806289e-09,2.8564271641430245e-08
1.0326704545454546,0.375,-1.3096561713135805e-09,7.1956364596825274e-08
1.0326704545454546,0.39772727272727271,-1.582690502873326e-09,7.1409983019799971e-08
1.0326704545454546,0.42045454545454547,-1.8557248344330717e-09,7.0863601442774681e-08
1.0326704545454546,0.44318181818181818,-1.3847775793662463e-10,3.2814644030700384e-08
1.0326704545454546,0.46590909090909088,-1.623491761810367e-10,3.5140845088757476e-08
1.0326704545454546,0.48863636363636365,-1.8622059442544877e-10,3.7467046146814562e-08
1.0326704545454546,0.51136363636363635,-4.4506100272891555e-10,-4.2094967102109723e-08
1.0326704545454546,0.53409090909090906,-4.9396887378671666e-10,-4.0198399942797472e-08
1.0326704545454546,0.55681818181818177,-5.4287674484451783e-10,-3.8301832783485221e-08
1.0326704545454546,0.57954545454545459,-6.1308627165863023e-10,-6.1940889166343327e-08
1.0326704545454546,0.60227272727272729,-6.6442140932653595e-10,-6.3737404396011997e-08
1.0326704545454546,0.625,-1.2771972737574093e-10,-6.5521133408227292e-09
1.0326704545454546,0.64772727272727271,-1.1147419004975807e-10,-1.355540595370081e-08
1.0326704545454546,0.67045454545454541,-9.5228652723775166e-11,-2.0558698566578891e-08
1.0326704545454546,0.69318181818181823,-2.6321464819498876e-10,3.7253372382139677e-08
1.0326704545454546,0.71590909090909094,-1.5886405275650304e-10,3.2776546354554258e-08
1.0326704545454546,0.73863636363636365,-5.4513457318017251e-11,2.8299720326968831e-08
1.0326704545454546,0.76136363636363635,-7.7637828133742196e-10,3.5470311891000683e-08
1.0326704545454546,0.78409090909090906,-7.3630599548980948e-10,3.6986157199639033e-08
1.0326704545454546,0.80681818181818177,-6.96233709642197e-10,3.8502002508277383e-08
1.0326704545454546,0.82954545454545459,-8.6937959789965031e-10,2.0760506631527593e-09
1.0326704545454546,0.85227272727272729,-7.0599503968149635e-10,8.8723666485082213e-09
1.0326704545454546,0.875,-6.0797850504378129e-10,-2.6417820460437827e-08
1.0326704545454546,0.89772727272727271,-5.027452021743963e-10,-2.2490477223699821e-08
1.0326704545454546,0.92045454545454541,-3.9751189930501127e-10,-1.8563133986961819e-08
1.0326704545454546,0.94318181818181823,6.0484589331693455e-11,-1.5949482107140388e-08
1.0326704545454546,0.96590909090909094,-2.494766997365625e-11,-1.7057619880188842e-08
1.0326704545454546,0.98863636363636365,-1.1037992927900595e-10,-1.8165757653237295e-08
1.0525568181818181,0.011363636363636364,9.4223259182527299e-10,3.8005263874213377e-08
1.0525568181818181,0.034090909090909088,5.8422524715925673e-11,3.7581546060976697e-08
1.0525568181818181,0.056818181818181816,-8.2538754239342185e-10,3.7157828247740017e-08
1.0525568181818181,0.079545454545454544,1.4236925375120903e-09,1.5880440036304671e-08
1.0525568181818181,0.10227272727272728,2.9727974207657e-09,2.7414004788645177e-08
1.0525568181818181,0.125,4.5107885325075887e-09,-6.0801137892553448e-08
1.0525568181818181,0.14772727272727273,5.0639850933180136e-09,-5.1090566080206825e-08
1.0525568181818181,0.17045454545454544,5.617181654128436e-09,-4.1379994267860209e-08
1.0525568181818181,0.19318181818181818,-3.2662270141046169e-09,-7.1027374326378138e-08
1.0525568181818181,0.21590909090909091,-2.2223053062468404e-09,-7.4422667598568962e-08
1.0525568181818181,0.23863636363636365,-1.1783835983890642e-09,-7.7817960870759786e-08
1.0525568181818181,0.26136363636363635,-7.0291282194241727e-09,-1.0308691125543025e-08
1.0525568181818181,0.28409090909090912,-6.7365387450904767e-09,-2.018137588798757e-08
1.0525568181818181,0.30681818181818182,-6.4439492707567815e-09,-3.0054060650432092e-08
1.0525568181818181,0.32954545454545453,-3.5640977443937022e-09,6.0303435235485652e-08
1.0525568181818181,0.35227272727272729,-3.9795560601120314e-09,5.3156478925400531e-08
1.0525568181818181,0.375,-6.2164525547033766e-10,6.9009458856471647e-08
1.0525568181818181,0.39772727272727271,-7.4600090258562244e-10,7.2076628380146115e-08
1.0525568181818181,0.42045454545454547,-8.7035654970090774e-10,7.5143797903820583e-08
1.0525568181818181,0.44318181818181818,-4.6159252645541883e-11,1.0938214676900209e-08
1.0525568181818181,0.46590909090909088,-5.4116392060345961e-11,1.1713615029585911e-08
1.0525568181818181,0.48863636363636365,-6.2073531475150058e-11,1.2489015382271612e-08
1.0525568181818181,0.51136363636363635,-7.1596770004216672e-10,-6.7717990555567654e-08
1.0525568181818181,0.53409090909090906,-7.946455795699336e-10,-6.4666991212326212e-08
1.0525568181818181,0.55681818181818177,-8.7332345909770058e-10,-6.1615991869084783e-08
1.0525568181818181,0.57954545454545459,-4.5377509897463472e-10,-5.1178200922859649e-08
1.0525568181818181,0.60227272727272729,-4.7940639119350494e-10,-5.6276726122452e-08
1.0525568181818181,0.625,1.6428690620163835e-11,1.4254684115973244e-08
1.0525568181818181,0.64772727272727271,5.034156253243766e-11,7.0969274162893434e-09
1.0525568181818181,0.67045454545454541,8.4254434444711484e-11,-6.082928339455545e-11
1.0525568181818181,0.69318181818181823,-4.8380849848205052e-10,4.6021046909511832e-08
1.0525568181818181,0.71590909090909094,-3.4195978185822017e-10,4.3223102534840282e-08
1.0525568181818181,0.73863636363636365,-2.0011106523438991e-10,4.0425158160168739e-08
1.0525568181818181,0.76136363636363635,-9.1176576952105169e-10,2.6677735824391572e-08
1.0525568181818181,0.78409090909090906,-9.4505682624580686e-10,3.0308402176331704e-08
1.0525568181818181,0.80681818181818177,-9.7834788297056202e-10,3.3939068528271836e-08
1.0525568181818181,0.82954545454545459,-7.9172640798559285e-10,-1.093628972157097e-08
1.0525568181818181,0.85227272727272729,-4.8629828423668753e-10,-2.8566977551415189e-09
1.0525568181818181,0.875,-3.4790796894869909e-10,-2.7899652334477859e-08
1.0525568181818181,0.89772727272727271,-4.0776303351533728e-10,-2.6890327101357153e-08
1.0525568181818181,0.92045454545454541,-4.6761809808197547e-10,-2.5881001868236447e-08
1.0525568181818181,0.94318181818181823,2.5158891247326544e-10,-8.1560429988181417e-09
1.0525568181818181,0.96590909090909094,2.0083221167705517e-10,-9.6649788614773311e-09
1.0525568181818181,0.98863636363636365,1.5007551088084493e-10,-1.1173914724136517e-08
1.0724431818181819,0.011363636363636364,-2.7175125955256942e-10,6.8404426658781546e-09
1.0724431818181819,0.034090909090909088,-4.1934132383633729e-10,6.5016906159578243e-09
1.0724431818181819,0.056818181818181816,-5.669313881201051e-10,6.1629385660374958e-09
1.0724431818181819,0.079545454545454544,-7.4892109650458524e-10,4.2731534939880985e-08
1.0724431818181819,0.10227272727272728,-1.5429574244815865e-09,4.2248013549993511e-08
1.0724431818181819,0.125,5.692126911500578e-09,2.434382116973481e-08
1.0724431818181819,0.14772727272727273,5.265011284689694e-09,3.4013811702798978e-08
1.0724431818181819,0.17045454545454544,4.8378956578788108e-09,4.3683802235863133e-08
1.0724431818181819,0.19318181818181818,4.4133712627201473e-09,-5.0173330649523202e-08
1.0724431818181819,0.21590909090909091,2.7428478624098305e-09,-3.5882067209308473e-08
1.0724431818181819,0.23863636363636365,1.0723244620995141e-09,-2.1590803769093758e-08
1.0724431818181819,0.26136363636363635,-2.2146991994157888e-09,-7.711403507488918e-08
1.0724431818181819,0.28409090909090912,-1.0927316712298128e-09,-8.0341560626078088e-08
1.0724431818181819,0.30681818181818182,2.9235856956160487e-11,-8.3569086177266969e-08
1.0724431818181819,0.32954545454545453,-6.4275568347590317e-09,-1.6989080842940686e-08
1.0724431818181819,0.35227272727272729,-6.0947500823056495e-09,-2.6929332283390575e-08
1.0724431818181819,0.375,-3.3140746380348963e-09,6.246483264678198e-08
1.0724431818181819,0.39772727272727271,-3.6541883088908983e-09,5.5163353337090948e-08
1.0724431818181819,0.42045454545454547,-3.9943019797469008e-09,4.7861874027399896e-08
1.0724431818181819,0.44318181818181818,-4.0142963488371811e-10,6.8728417446658627e-08
1.0724431818181819,0.46590909090909088,-6.1061803513035647e-10,7.1391529708303542e-08
1.0724431818181819,0.48863636363636365,-8.1980643537699545e-10,7.4054641969948471e-08
1.0724431818181819,0.51136363636363635,-3.0381076876756383e-10,-4.934757571906003e-09
1.0724431818181819,0.53409090909090906,-5.7354308993201338e-10,8.2212783238995068e-09
1.0724431818181819,0.55681818181818177,-8.4327541109646309e-10,2.1377314219705015e-08
1.0724431818181819,0.57954545454545459,-9.7429524352090227e-10,-6.4766077756075916e-08
1.0724431818181819,0.60227272727272729,-9.9791809438350921e-10,-5.7405270229157157e-08
1.0724431818181819,0.625,-3.0331145756723731e-10,-4.9104906561186107e-08
1.0724431818181819,0.64772727272727271,-3.6337829469014072e-10,-5.4007315906939716e-08
1.0724431818181819,0.67045454545454541,-4.2344513181304403e-10,-5.8909725252693345e-08
1.0724431818181819,0.69318181818181823,1.5033860085482275e-10,9.5040353552845202e-09
1.0724431818181819,0.71590909090909094,1.8116656918943517e-10,2.542964253578302e-09
1.0724431818181819,0.73863636363636365,2.1199453752404757e-10,-4.4181068481279186e-09
1.0724431818181819,0.76136363636363635,-2.7979695173376572e-10,4.2069764484774607e-08
1.0724431818181819,0.78409090909090906,-1.5371388506118548e-10,3.9226271568181052e-08
1.0724431818181819,0.80681818181818177,-2.7630818388605219e-11,3.6382778651587497e-08
1.0724431818181819,0.82954545454545459,-9.0371188600929703e-10,2.9084653694354382e-08
1.0724431818181819,0.85227272727272729,-8.3395707915542823e-10,3.1055223226321722e-08
1.0724431818181819,0.875,-9.6961237176992033e-11,-4.7531906919938554e-09
1.0724431818181819,0.89772727272727271,-1.129602421187422e-10,-4.5478327878106748e-09
1.0724431818181819,0.92045454545454541,-1.2895924706049239e-10,-4.3424748836274943e-09
1.0724431818181819,0.94318181818181823,-4.9406629223587679e-10,-2.6266574326980102e-08
1.0724431818181819,0.96590909090909094,-5.8803536527244579e-10,-2.5406964861932415e-08
1.0724431818181819,0.98863636363636365,-6.8200443830901479e-10,-2.4547355396884724e-08
1.0923295454545454,0.011363636363636364,-8.1525377865770232e-10,2.0521327997634311e-08
1.0923295454545454,0.034090909090909088,-1.2580239715090025e-09,1.9505071847873331e-08
1.0923295454545454,0.056818181818181816,-1.7007941643603027e-09,1.8488815698112344e-08
1.0923295454545454,0.079545454545454544,1.6333927468960518e-09,4.3265117748353435e-08
1.0923295454545454,0.10227272727272728,1.1067017139609729e-09,4.6073150777689338e-08
1.0923295454545454,0.125,5.8507712543438939e-09,-2.9285925668214863e-09
1.0923295454545454,0.14772727272727273,4.7443861846436583e-09,9.6502055962508218e-09
1.0923295454545454,0.17045454545454544,3.6380011149434243e-09,2.2229003759323113e-08
1.0923295454545454,0.19318181818181818,2.1284751587824394e-09,-6.3732224172426629e-08
1.0923295454545454,0.21590909090909091,1.5615604096026897e-09,-5.557354096223953e-08
1.0923295454545454,0.23863636363636365,9.946456604229399e-10,-4.7414857752052432e-08
1.0923295454545454,0.26136363636363635,-4.0166104488556639e-09,-5.8368871720702377e-08
1.0923295454545454,0.28409090909090912,-3.1430210767958349e-09,-6.4218908324552305e-08
1.0923295454545454,0.30681818181818182,-2.2694317047360083e-09,-7.0068944928402213e-08
1.0923295454545454,0.32954545454545453,-5.561653844761012e-09,9.258473701150421e-09
1.0923295454545454,0.35227272727272729,-5.4943126756774653e-09,-2.4538538232732457e-10
1.0923295454545454,0.375,-2.2171973399693872e-09,6.9455192433352714e-08
1.0923295454545454,0.39772727272727271,-2.4999766310607437e-09,6.5124612069755166e-08
1.0923295454545454,0.42045454545454547,-2.7827559221521011e-09,6.0794031706157605e-08
1.0923295454545454,0.44318181818181818,-2.7962608476007231e-10,4.4031451364902972e-08
1.0923295454545454,0.46590909090909088,-5.3001709397253826e-10,5.0920423768439871e-08
1.0923295454545454,0.48863636363636365,-7.8040810318500468e-10,5.7809396171976797e-08
1.0923295454545454,0.51136363636363635,-5.9335129664636249e-10,-2.8635729638077227e-08
1.0923295454545454,0.53409090909090906,-7.6638624082706096e-10,-1.6830535795379655e-08
1.0923295454545454,0.55681818181818177,-9.3942118500775942e-10,-5.0253419526820828e-09
1.0923295454545454,0.57954545454545459,-7.7774820467165809e-10,-6.3945128152377544e-08
1.0923295454545454,0.60227272727272729,-8.2026682184469435e-10,-6.1034612225375985e-08
1.0923295454545454,0.625,-1.1057786945903244e-10,-2.8722885343106129e-08
1.0923295454545454,0.64772727272727271,-1.4365505717597299e-10,-3.4628758548927769e-08
1.0923295454545454,0.67045454545454541,-1.767322448929136e-10,-4.0534631754749413e-08
1.0923295454545454,0.69318181818181823,3.3272562402000638e-11,2.2765588952054952e-08
1.0923295454545454,0.71590909090909094,1.0323056622012595e-10,1.6991217598803069e-08
1.0923295454545454,0.73863636363636365,1.7318857003825127e-10,1.1216846245551183e-08
1.0923295454545454,0.76136363636363635,-5.8841195614511065e-10,3.9016836044077833e-08
1.0923295454545454,0.78409090909090906,-4.7864888035230633e-10,3.8135943684450919e-08
1.0923295454545454,0.80681818181818177,-3.6888580455950211e-10,3.7255051324824004e-08
1.0923295454545454,0.82954545454545459,-5.6176684805983468e-10,1.8079649593787901e-08
1.0923295454545454,0.85227272727272729,-5.1840575190742965e-10,1.9304598221767599e-08
1.0923295454545454,0.875,-2.9088371153097397e-10,-1.4259572075981462e-08
1.0923295454545454,0.89772727272727271,-3.3888072635622413e-10,-1.3643498363431925e-08
1.0923295454545454,0.92045454545454541,-3.8687774118147424e-10,-1.3027424650882385e-08
1.0923295454545454,0.94318181818181823,-2.1297502237995469e-10,-1.9690736266165121e-08
1.0923295454545454,0.96590909090909094,-2.9375189365051807e-10,-1.9693550095039158e-08
1.0923295454545454,0.98863636363636365,-3.7452876492108136e-10,-1.9696363923913188e-08
1.1122159090909092,0.011363636363636364,-1.3587562977628411e-09,3.4202213329390615e-08
1.1122159090909092,0.034090909090909088,-2.096706619181677e-09,3.2508453079788979e-08
1.1122159090909092,0.056818181818181816,-2.8346569406005127e-09,3.0814692830187337e-08
1.1122159090909092,0.079545454545454544,4.0157065902967149e-09,4.3798700556825885e-08
1.1122159090909092,0.10227272727272728,3.7563608524035618e-09,4.9898288005385224e-08
1.1122159090909092,0.125,6.0094155971872116e-09,-3.0201006303378087e-08
1.1122159090909092,0.14772727272727273,4.2237610845976168e-09,-1.4713400510297606e-08
1.1122159090909092,0.17045454545454544,2.4381065720080246e-09,7.7420528278285439e-10
1.1122159090909092,0.19318181818181818,-1.5642094515529317e-10,-7.7291117695330208e-08
1.1122159090909092,0.21590909090909091,3.8027295679553573e-10,-7.5265014715170806e-08
1.1122159090909092,0.23863636363636365,9.1696685874636483e-10,-7.3238911735011404e-08
1.1122159090909092,0.26136363636363635,-5.8185216982955584e-09,-3.9623708366515349e-08
1.1122159090909092,0.28409090909090912,-5.19331048236188e-09,-4.8096256023026351e-08
1.1122159090909092,0.30681818181818182,-4.5680992664282033e-09,-5.6568803679537332e-08
1.1122159090909092,0.32954545454545453,-4.695750854762984e-09,3.5506028245241836e-08
1.1122159090909092,0.35227272727272729,-4.8938752690492728e-09,2.6438561518736214e-08
1.1122159090909092,0.375,-1.1203200419038657e-09,7.6445552219923526e-08
1.1122159090909092,0.39772727272727271,-1.3457649532305761e-09,7.508587080241949e-08
1.1122159090909092,0.42045454545454547,-1.5712098645572877e-09,7.3726189384915454e-08
1.1122159090909092,0.44318181818181818,-1.5782253463642509e-10,1.9334485283147052e-08
1.1122159090909092,0.46590909090909088,-4.4941615281471892e-10,3.0449317828575976e-08
1.1122159090909092,0.48863636363636365,-7.4100977099301349e-10,4.1564150374004938e-08
1.1122159090909092,0.51136363636363635,-8.8289182452516431e-10,-5.2336701704248711e-08
1.1122159090909092,0.53409090909090906,-9.592293917221106e-10,-4.1882349914659091e-08
1.1122159090909092,0.55681818181818177,-1.0355669589190568e-09,-3.1427998125069465e-08
1.1122159090909092,0.57954545454545459,-5.8120116582241165e-10,-6.3124178548679158e-08
1.1122159090909092,0.60227272727272729,-6.4261554930587752e-10,-6.4663954221594851e-08
1.1122159090909092,0.625,8.2155718649174628e-11,-8.3408641250259356e-09
1.1122159090909092,0.64772727272727271,7.606818033819716e-11,-1.5250201190915604e-08
1.1122159090909092,0.67045454545454541,6.9980642027219731e-11,-2.2159538256805275e-08
1.1122159090909092,0.69318181818181823,-8.3793476050822745e-11,3.6027142548825523e-08
1.1122159090909092,0.71590909090909094,2.5294563250815884e-11,3.1439470944027992e-08
1.1122159090909092,0.73863636363636365,1.3438260255245454e-10,2.6851799339230465e-08
1.1122159090909092,0.76136363636363635,-8.9702696055645914e-10,3.5963907603381025e-08
1.1122159090909092,0.78409090909090906,-8.0358387564343094e-10,3.7045615800720778e-08
1.1122159090909092,0.80681818181818177,-7.1014079073040265e-10,3.8127323998060525e-08
1.1122159090909092,0.82954545454545459,-2.1982181011036843e-10,7.0746454932212995e-09
1.1122159090909092,0.85227272727272729,-2.0285442465942745e-10,7.5539732172133513e-09
1.1122159090909092,0.875,-4.8480618588495801e-10,-2.3765953459969173e-08
1.1122159090909092,0.89772727272727271,-5.6480121059370844e-10,-2.2739163939053272e-08
1.1122159090909092,0.92045454545454541,-6.4479623530245897e-10,-2.1712374418137374e-08
1.1122159090909092,0.94318181818181823,6.8116247475970534e-11,-1.3114898205350071e-08
1.1122159090909092,0.96590909090909094,5.3157797141306141e-13,-1.3980135328145835e-08
1.1122159090909092,0.98863636363636365,-6.705309153314445e-11,-1.4845372450941602e-08
1.1321022727272727,0.011363636363636364,-4.7333780317618419e-10,4.150180956016837e-09
1.1321022727272727,0.034090909090909088,-5.5740068925563602e-10,3.7673277915399997e-09
1.1321022727272727,0.056818181818181816,-6.4146357533508764e-10,3.3844746270631624e-09
1.1321022727272727,0.079545454545454544,-3.3384504829467592e-09,3.8798397572552793e-08
1.1321022727272727,0.10227272727272728,-4.1181062315053557e-09,3.6199165102847417e-08
1.1321022727272727,0.125,4.7617513127852849e-09,5.3689608386237634e-08
1.1321022727272727,0.14772727272727273,3.7948224631020958e-09,5.6708381649306684e-08
1.1321022727272727,0.17045454545454544,2.8278936134189075e-09,5.9727154912375748e-08
1.1321022727272727,0.19318181818181818,1.9437842901377152e-10,-1.0219432083921598e-08
1.1321022727272727,0.21590909090909091,2.9456996808498705e-10,-9.8252402796472069e-09
1.1321022727272727,0.23863636363636365,3.9476150715620258e-10,-9.431048475372814e-09
1.1321022727272727,0.26136363636363635,1.0800668746879614e-09,-8.5160731921721475e-08
1.1321022727272727,0.28409090909090912,1.9462416887089261e-09,-8.3060399639121797e-08
1.1321022727272727,0.30681818181818182,2.8124165027298886e-09,-8.096006735652212e-08
1.1321022727272727,0.32954545454545453,-5.326840757278622e-09,-4.7313971463523041e-08
1.1321022727272727,0.35227272727272729,-4.6828998370359713e-09,-5.6074042876807237e-08
1.1321022727272727,0.375,-4.4286082103772351e-09,4.0220002846799007e-08
1.1321022727272727,0.39772727272727271,-4.5895015862023131e-09,3.0810873369659617e-08
1.1321022727272727,0.42045454545454547,-4.7503949620273919e-09,2.1401743892520198e-08
1.1321022727272727,0.44318181818181818,-9.8946911060170158e-10,7.6957063966445782e-08
1.1321022727272727,0.46590909090909088,-1.239001852316347e-09,7.5164918442273057e-08
1.1321022727272727,0.48863636363636365,-1.4885345940309934e-09,7.337277291810032e-08
1.1321022727272727,0.51136363636363635,-8.8800086742666963e-10,3.3425045213887262e-08
1.1321022727272727,0.53409090909090906,-8.6314888512353121e-10,4.3302384487016088e-08
1.1321022727272727,0.55681818181818177,-8.3829690282039269e-10,5.3179723760144901e-08
1.1321022727272727,0.57954545454545459,-7.8962922689450691e-10,-3.7860408930758972e-08
1.1321022727272727,0.60227272727272729,-4.5017445838219294e-10,-2.3153981729955253e-08
1.1321022727272727,0.625,-5.0663170593730915e-10,-6.5104031633850496e-08
1.1321022727272727,0.64772727272727271,-6.3014212659797078e-10,-6.6861467184604616e-08
1.1321022727272727,0.67045454545454541,-7.5365254725863253e-10,-6.8618902735358736e-08
1.1321022727272727,0.69318181818181823,2.2604606242864636e-10,-1.1943710333110397e-08
1.1321022727272727,0.71590909090909094,2.0960139695265087e-10,-1.8850666087966778e-08
1.1321022727272727,0.73863636363636365,1.9315673147665535e-10,-2.5757621842823154e-08
1.1321022727272727,0.76136363636363635,1.0373951232738476e-10,3.3182679205198854e-08
1.1321022727272727,0.78409090909090906,2.0477150216854475e-10,2.8593633288569282e-08
1.1321022727272727,0.80681818181818177,3.0580349200970479e-10,2.4004587371939714e-08
1.1321022727272727,0.82954545454545459,-7.3027943891365064e-10,3.5412016783359864e-08
1.1321022727272727,0.85227272727272729,-6.2997135314947825e-10,3.6213411500874818e-08
1.1321022727272727,0.875,-1.0068464340485986e-10,-2.9917546110643368e-09
1.1321022727272727,0.89772727272727271,-3.3461326488873771e-10,1.9050459480752617e-09
1.1321022727272727,0.92045454545454541,-5.6854188637261555e-10,6.8018465072148589e-09
1.1321022727272727,0.94318181818181823,-7.6943727755695387e-10,-2.4006517253492549e-08
1.1321022727272727,0.96590909090909094,-7.5176090317788851e-10,-2.1036795138013102e-08
1.1321022727272727,0.98863636363636365,-7.3408452879882315e-10,-1.806707302253365e-08
1.1519886363636362,0.011363636363636364,-1.7986836520694971e-09,1.5770687632863954e-08
1.1519886363636362,0.034090909090909088,-2.1181226191714134e-09,1.4315845607851977e-08
1.1519886363636362,0.056818181818181816,-2.4375615862733291e-09,1.2861003582839996e-08
1.1519886363636362,0.079545454545454544,-5.052409866870559e-10,4.7531827512622725e-08
1.1519886363636362,0.10227272727272728,-1.396623318212023e-09,4.7088246100451646e-08
1.1519886363636362,0.125,3.0524046876828842e-09,3.4416415632203718e-08
1.1519886363636362,0.14772727272727273,2.4325785019885304e-09,3.6351526698273634e-08
1.1519886363636362,0.17045454545454544,1.8127523162941771e-09,3.8286637764343544e-08
1.1519886363636362,0.19318181818181818,7.3863803025233047e-10,-3.8833841918902013e-08
1.1519886363636362,0.21590909090909091,1.1193658787229488e-09,-3.7335913062659322e-08
1.1519886363636362,0.23863636363636365,1.5000937271935673e-09,-3.583798420641663e-08
1.1519886363636362,0.26136363636363635,-1.3024102477637736e-09,-7.4232196269042978e-08
1.1519886363636362,0.28409090909090912,-4.7966547719886813e-10,-7.5963819652485278e-08
1.1519886363636362,0.30681818181818182,3.4307929336603568e-10,-7.7695443035927565e-08
1.1519886363636362,0.32954545454545453,-5.2044943567367792e-09,-2.0583539320498156e-08
1.1519886363636362,0.35227272727272729,-4.844054000116142e-09,-2.9863486887129684e-08
1.1519886363636362,0.375,-3.1740613679589507e-09,5.5380334735126823e-08
1.1519886363636362,0.39772727272727271,-3.3771863765219586e-09,4.8208876675301999e-08
1.1519886363636362,0.42045454545454547,-3.5803113850849662e-09,4.1037418615477161e-08
1.1519886363636362,0.44318181818181818,-9.5036795517635924e-10,6.3793177742733321e-08
1.1519886363636362,0.46590909090909088,-1.1186841860259439e-09,6.5874750231813481e-08
1.1519886363636362,0.48863636363636365,-1.2870004168755287e-09,6.7956322720893668e-08
1.1519886363636362,0.51136363636363635,-8.9257807584086987e-10,7.9144569927589542e-09
1.1519886363636362,0.53409090909090906,-7.3293765103541509e-10,2.0251353194959321e-08
1.1519886363636362,0.55681818181818177,-5.7329722622996052e-10,3.2588249397159691e-08
1.1519886363636362,0.57954545454545459,-7.5872025826540718e-10,-5.0187365913846342e-08
1.1519886363636362,0.60227272727272729,-5.8972753988547332e-10,-4.1144036562311053e-08
1.1519886363636362,0.625,-2.396765819627064e-10,-4.7481536030957584e-08
1.1519886363636362,0.64772727272727271,-3.2988554127512799e-10,-5.1165624061779614e-08
1.1519886363636362,0.67045454545454541,-4.2009450058754963e-10,-5.4849712092601631e-08
1.1519886363636362,0.69318181818181823,2.1681329168480431e-10,4.4369008280567274e-09
1.1519886363636362,0.71590909090909094,2.4040134220959938e-10,-1.8608221537562508e-09
1.1519886363636362,0.73863636363636365,2.6398939273439452e-10,-8.1585451355692289e-09
1.1519886363636362,0.76136363636363635,-2.3325574652252275e-10,3.5414667976325273e-08
1.1519886363636362,0.78409090909090906,-1.1554430659949601e-10,3.2563753976992223e-08
1.1519886363636362,0.80681818181818177,2.167133323530652e-12,2.971283997765916e-08
1.1519886363636362,0.82954545454545459,-5.4021680390771054e-10,2.4067624490336977e-08
1.1519886363636362,0.85227272727272729,-5.7203536019766415e-10,2.6404824028543737e-08
1.1519886363636362,0.875,-3.8260164493846685e-10,-1.136866752204446e-08
1.1519886363636362,0.89772727272727271,-5.2180523869469759e-10,-6.984008207752053e-09
1.1519886363636362,0.92045454545454541,-6.6100883245092823e-10,-2.5993488934596465e-09
1.1519886363636362,0.94318181818181823,-4.639558102508703e-10,-1.9937016910591954e-08
1.1519886363636362,0.96590909090909094,-4.8064066373121524e-10,-1.8368412727552798e-08
1.1519886363636362,0.98863636363636365,-4.9732551721156028e-10,-1.6799808544513638e-08
1.171875,0.011363636363636364,-3.1240295009628244e-09,2.7391194309711201e-08
1.171875,0.034090909090909088,-3.6788445490872077e-09,2.486436342416407e-08
1.171875,0.056818181818181816,-4.2336595972115906e-09,2.2337532538616933e-08
1.171875,0.079545454545454544,2.327968509572678e-09,5.6265257452692756e-08
1.171875,0.10227272727272728,1.3248595950813396e-09,5.7977327098055994e-08
1.171875,0.125,1.3430580625804645e-09,1.5143222878169584e-08
1.171875,0.14772727272727273,1.0703345408749498e-09,1.5994671747240343e-08
1.171875,0.17045454545454544,7.9761101916943518e-10,1.6846120616311101e-08
1.171875,0.19318181818181818,1.2828976314908956e-09,-6.7448251753882742e-08
1.171875,0.21590909090909091,1.9441617893609198e-09,-6.4846585845671754e-08
1.171875,0.23863636363636365,2.605425947230944e-09,-6.2244919937460752e-08
1.171875,0.26136363636363635,-3.6848873702155349e-09,-6.3303660616364349e-08
1.171875,0.28409090909090912,-2.9055726431066895e-09,-6.8867239665848666e-08
1.171875,0.30681818181818182,-2.1262579159978457e-09,-7.4430818715332944e-08
1.171875,0.32954545454545453,-5.0821479561949347e-09,6.146892822527025e-09
1.171875,0.35227272727272729,-5.0052081631963136e-09,-3.652930897451837e-09
1.171875,0.375,-1.9195145255406526e-09,7.0540666623454805e-08
1.171875,0.39772727272727271,-2.1648711668415897e-09,6.5606879980944579e-08
1.171875,0.42045454545454547,-2.4102278081425281e-09,6.067309333843434e-08
1.171875,0.44318181818181818,-9.1126679975101637e-10,5.0629291519020702e-08
1.171875,0.46590909090909088,-9.9836651973553913e-10,5.6584582021353826e-08
1.171875,0.48863636363636365,-1.0854662397200622e-09,6.2539872523686962e-08
1.171875,0.51136363636363635,-8.9715528425507011e-10,-1.7596131228369641e-08
1.171875,0.53409090909090906,-6.0272641694729783e-10,-2.7996780970976981e-09
1.171875,0.55681818181818177,-3.0829754963952545e-10,1.1996775034174245e-08
1.171875,0.57954545454545459,-7.2781128963630693e-10,-6.2514322896933832e-08
1.171875,0.60227272727272729,-7.2928062138875504e-10,-5.9134091394667052e-08
1.171875,0.625,2.7278542011899258e-11,-2.9859040428064474e-08
1.171875,0.64772727272727271,-2.9628955952281783e-11,-3.5469780938954421e-08
1.171875,0.67045454545454541,-8.6536453916462824e-11,-4.1080521449844367e-08
1.171875,0.69318181818181823,2.0758052094096206e-10,2.0817511989224032e-08
1.171875,0.71590909090909094,2.7120128746654825e-10,1.5129021780454463e-08
1.171875,0.73863636363636365,3.3482205399213444e-10,9.4405315716848908e-09
1.171875,0.76136363636363635,-5.7025100537243404e-10,3.7646656747451733e-08
1.171875,0.78409090909090906,-4.3586011536754041e-10,3.6533874665415208e-08
1.171875,0.80681818181818177,-3.0146922536264679e-10,3.5421092583378669e-08
1.171875,0.82954545454545459,-3.5015416890176827e-10,1.2723232197313955e-08
1.171875,0.85227272727272729,-5.1409936724584921e-10,1.659623655621255e-08
1.171875,0.875,-6.6451864647207694e-10,-1.9745580433024679e-08
1.171875,0.89772727272727271,-7.0899721250065944e-10,-1.5873062363579469e-08
1.171875,0.92045454545454541,-7.5347577852924204e-10,-1.200054429413426e-08
1.171875,0.94318181818181823,-1.5847434294478324e-10,-1.5867516567691316e-08
1.171875,0.96590909090909094,-2.0952042428453899e-10,-1.5700030317092463e-08
1.171875,0.98863636363636365,-2.6056650562429482e-10,-1.5532544066493609e-08
1.1917613636363638,0.011363636363636364,-4.1490213820251275e-10,1.8274059926999197e-09
1.1917613636363638,0.034090909090909088,-4.4973125838157273e-10,1.5357043749668929e-09
1.1917613636363638,0.056818181818181816,-4.845603785606326e-10,1.2440027572338658e-09
1.1917613636363638,0.079545454545454544,-5.6943809117937726e-09,2.8733175800080259e-08
1.1917613636363638,0.10227272727272728,-6.2594430435617545e-09,2.4728877556976507e-08
1.1917613636363638,0.125,2.2105275903183823e-09,6.5170272544789054e-08
1.1917613636363638,0.14772727272727273,1.0835080603886551e-09,6.5977487646281376e-08
1.1917613636363638,0.17045454545454544,-4.3511469541070524e-11,6.6784702747773699e-08
1.1917613636363638,0.19318181818181818,5.737595311101265e-10,-1.776450685720499e-09
1.1917613636363638,0.21590909090909091,1.8011401914902561e-09,1.3279232747163694e-08
1.1917613636363638,0.23863636363636365,3.0285208518703857e-09,2.8334916180047886e-08
1.1917613636363638,0.26136363636363635,3.3780289263920629e-09,-7.6068805640268273e-08
1.1917613636363638,0.28409090909090912,3.3675393037837143e-09,-6.6677409662179279e-08
1.1917613636363638,0.30681818181818182,3.3570496811753653e-09,-5.7286013684090313e-08
1.1917613636363638,0.32954545454545453,-3.3456431908395813e-09,-7.3089479915968834e-08
1.1917613636363638,0.35227272727272729,-2.5059183613207193e-09,-7.920317125783795e-08
1.1917613636363638,0.375,-5.033694972808905e-09,1.1300049886673946e-08
1.1917613636363638,0.39772727272727271,-4.9530178282055516e-09,9.2447729470553791e-10
1.1917613636363638,0.42045454545454547,-4.872340683602199e-09,-9.4510952972628977e-09
1.1917613636363638,0.44318181818181818,-1.7131895239649824e-09,7.1606378566371327e-08
1.1917613636363638,0.46590909090909088,-1.9743766559356563e-09,6.6136754384612197e-08
1.1917613636363638,0.48863636363636365,-2.2355637879063308e-09,6.0667130202853053e-08
1.1917613636363638,0.51136363636363635,-8.6081069100386331e-10,6.0616638234165319e-08
1.1917613636363638,0.53409090909090906,-8.3292231931780311e-10,6.4844201794008429e-08
1.1917613636363638,0.55681818181818177,-8.050339476317428e-10,6.907176535385154e-08
1.1917613636363638,0.57954545454545459,-7.3499675316214299e-11,-4.9012650187607247e-09
1.1917613636363638,0.60227272727272729,-8.2923490508594037e-11,-4.6782414204535881e-09
1.1917613636363638,0.625,-8.9750452599445013e-10,-7.1697579581668e-08
1.1917613636363638,0.64772727272727271,-1.0322022096358955e-09,-6.9051988782545243e-08
1.1917613636363638,0.67045454545454541,-1.1668998932773406e-09,-6.64063979834225e-08
1.1917613636363638,0.69318181818181823,1.5263260907907779e-10,-3.3246927122089436e-08
1.1917613636363638,0.71590909090909094,7.5339175731119511e-11,-3.9159554961570428e-08
1.1917613636363638,0.73863636363636365,-1.9542576168387534e-12,-4.5072182801051413e-08
1.1917613636363638,0.76136363636363635,4.0250988054330016e-10,1.9103742404067337e-08
1.1917613636363638,0.78409090909090906,4.5984480664256949e-10,1.335165702236406e-08
1.1917613636363638,0.80681818181818177,5.1717973274183873e-10,7.5995716406607787e-09
1.1917613636363638,0.82954545454545459,-4.1235906818702286e-10,3.7285247181553031e-08
1.1917613636363638,0.85227272727272729,-2.7008502146594286e-10,3.6070067008315689e-08
1.1917613636363638,0.875,-7.4092789887372783e-10,1.187234711718521e-08
1.1917613636363638,0.89772727272727271,-7.6659116235476424e-10,1.5338711654275486e-08
1.1917613636363638,0.92045454545454541,-7.9225442583580045e-10,1.8805076191365766e-08
1.1917613636363638,0.94318181818181823,-6.8994505686000544e-10,-1.5245456765874216e-08
1.1917613636363638,0.96590909090909094,-4.2326654777284041e-10,-9.5746042491669598e-09
1.1917613636363638,0.98863636363636365,-1.5658803868567536e-10,-3.9037517324597021e-09
1.2116477272727273,0.011363636363636364,-2.3511121164808408e-09,1.035530062529926e-08
1.2116477272727273,0.034090909090909088,-2.5484771308288417e-09,8.7023247914788205e-09
1.2116477272727273,0.056818181818181816,-2.7458421451768422e-09,7.0493489576583784e-09
1.2116477272727273,0.079545454545454544,-3.2744472067963839e-09,4.2736880381317235e-08
1.2116477272727273,0.10227272727272728,-4.0926061723371307e-09,4.0011212173011437e-08
1.2116477272727273,0.125,1.4557132911852784e-09,4.2917008749007488e-08
1.2116477272727273,0.14772727272727273,1.1652159647285019e-09,4.8703342316375931e-08
1.2116477272727273,0.17045454545454544,8.7471863827172605e-10,5.448967588374438e-08
1.2116477272727273,0.19318181818181818,1.7080425993427726e-09,-2.802029292923309e-08
1.2116477272727273,0.21590909090909091,2.4901540337052221e-09,-1.4519709650160583e-08
1.2116477272727273,0.23863636363636365,3.2722654680676715e-09,-1.0191263710880801e-09
1.2116477272727273,0.26136363636363635,1.0521432569785635e-09,-7.6352323246326368e-08
1.2116477272727273,0.28409090909090912,1.3502717359989535e-09,-7.2141233288521705e-08
1.2116477272727273,0.30681818181818182,1.6484002150193418e-09,-6.7930143330717042e-08
1.2116477272727273,0.32954545454545453,-3.9778828767910938e-09,-4.8568468991577424e-08
1.2116477272727273,0.35227272727272729,-3.3882713262713381e-09,-5.624171888269828e-08
1.2116477272727273,0.375,-3.8952851204199264e-09,3.2613978172616841e-08
1.2116477272727273,0.39772727272727271,-3.9386156924344759e-09,2.3663593253292258e-08
1.2116477272727273,0.42045454545454547,-3.9819462644490254e-09,1.4713208333967657e-08
1.2116477272727273,0.44318181818181818,-1.4461957156021838e-09,6.898100263950218e-08
1.2116477272727273,0.46590909090909088,-1.6079773444736432e-09,6.6928239512587238e-08
1.2116477272727273,0.48863636363636365,-1.7697589733451034e-09,6.4875476385672295e-08
1.2116477272727273,0.51136363636363635,-5.6687533310010594e-10,3.9918273959084539e-08
1.2116477272727273,0.53409090909090906,-5.4850982003855409e-10,4.2702279230200739e-08
1.2116477272727273,0.55681818181818177,-5.3014430697700224e-10,4.5486284501316939e-08
1.2116477272727273,0.57954545454545459,-4.1649816012520281e-10,-2.7773835106310008e-08
1.2116477272727273,0.60227272727272729,-4.6989977954868659e-10,-2.6510034715902934e-08
1.2116477272727273,0.625,-5.3897038331218698e-10,-5.937337829896182e-08
1.2116477272727273,0.64772727272727271,-6.5724946189084839e-10,-5.9646423388065262e-08
1.2116477272727273,0.67045454545454541,-7.7552854046951011e-10,-5.9919468477168704e-08
1.2116477272727273,0.69318181818181823,2.5435635304843576e-10,-1.5355816488578639e-08
1.2116477272727273,0.71590909090909094,2.2056181854537105e-10,-2.1318774169118937e-08
1.2116477272727273,0.73863636363636365,1.8676728404230636e-10,-2.7281731849659238e-08
1.2116477272727273,0.76136363636363635,1.1993374764768288e-10,2.5965047637830834e-08
1.2116477272727273,0.78409090909090906,2.110494002871323e-10,2.1650001553567374e-08
1.2116477272727273,0.80681818181818177,3.0216505292658173e-10,1.7334955469303923e-08
1.2116477272727273,0.82954545454545459,-5.3551524214984326e-10,3.0161979960786255e-08
1.2116477272727273,0.85227272727272729,-4.585285619094412e-10,3.0479487028712224e-08
1.2116477272727273,0.875,-7.6235107415630503e-10,2.0870457828753062e-09
1.2116477272727273,0.89772727272727271,-6.7946111001128629e-10,6.4538933389291141e-09
1.2116477272727273,0.92045454545454541,-5.9657114586626745e-10,1.0820740894982923e-08
1.2116477272727273,0.94318181818181823,-5.0019145226190145e-10,-1.5183498925979933e-08
1.2116477272727273,0.96590909090909094,-3.5281211541254982e-10,-1.1531637096894994e-08
1.2116477272727273,0.98863636363636365,-2.054327785631983e-10,-7.8797752678100543e-09
1.2315340909090908,0.011363636363636364,-4.2873220947591688e-09,1.88831952578986e-08
1.2315340909090908,0.034090909090909088,-4.6472230032761102e-09,1.5868945207990747e-08
1.2315340909090908,0.056818181818181816,-5.0071239117930515e-09,1.2854695158082891e-08
1.2315340909090908,0.079545454545454544,-8.5451350179899547e-10,5.6740584962554217e-08
1.2315340909090908,0.10227272727272728,-1.9257693011125061e-09,5.5293546789046368e-08
1.2315340909090908,0.125,7.0089899205217449e-10,2.0663744953225928e-08
1.2315340909090908,0.14772727272727273,1.2469238690683487e-09,3.1429196986470491e-08
1.2315340909090908,0.17045454545454544,1.7929487460845225e-09,4.2194649019715042e-08
1.2315340909090908,0.19318181818181818,2.8423256675754186e-09,-5.4264135172745681e-08
1.2315340909090908,0.21590909090909091,3.1791678759201876e-09,-4.2318652047484864e-08
1.2315340909090908,0.23863636363636365,3.516010084264957e-09,-3.0373168922224046e-08
1.2315340909090908,0.26136363636363635,-1.273742412434936e-09,-7.6635840852384449e-08
1.2315340909090908,0.28409090909090912,-6.6699583178580871e-10,-7.7605056914864117e-08
1.2315340909090908,0.30681818181818182,-6.0249251136682587e-11,-7.8574272977343785e-08
1.2315340909090908,0.32954545454545453,-4.6101225627426063e-09,-2.4047458067186002e-08
1.2315340909090908,0.35227272727272729,-4.2706242912219577e-09,-3.3280266507558622e-08
1.2315340909090908,0.375,-2.7568752680309478e-09,5.392790645855973e-08
1.2315340909090908,0.39772727272727271,-2.9242135566634002e-09,4.6402709211878977e-08
1.2315340909090908,0.42045454545454547,-3.0915518452958527e-09,3.8877511965198198e-08
1.2315340909090908,0.44318181818181818,-1.1792019072393853e-09,6.635562671263302e-08
1.2315340909090908,0.46590909090909088,-1.2415780330116303e-09,6.7719724640562266e-08
1.2315340909090908,0.48863636363636365,-1.3039541587838755e-09,6.9083822568491511e-08
1.2315340909090908,0.51136363636363635,-2.7293997519634867e-10,1.9219909684003765e-08
1.2315340909090908,0.53409090909090906,-2.6409732075930512e-10,2.0560356666393048e-08
1.2315340909090908,0.55681818181818177,-2.5525466632226157e-10,2.1900803648782334e-08
1.2315340909090908,0.57954545454545459,-7.5949664493419143e-10,-5.0646405193859288e-08
1.2315340909090908,0.60227272727272729,-8.5687606858877912e-10,-4.8341828011352275e-08
1.2315340909090908,0.625,-1.8043624062992378e-10,-4.7049177016255641e-08
1.2315340909090908,0.64772727272727271,-2.822967141458017e-10,-5.0240857993585281e-08
1.2315340909090908,0.67045454545454541,-3.8415718766167956e-10,-5.3432538970914922e-08
1.2315340909090908,0.69318181818181823,3.5608009701779376e-10,2.5352941449321584e-09
1.2315340909090908,0.71590909090909094,3.6578446135962257e-10,-3.4779933766674519e-09
1.2315340909090908,0.73863636363636365,3.7548882570145143e-10,-9.4912808982670589e-09
1.2315340909090908,0.76136363636363635,-1.6264238524793441e-10,3.2826352871594321e-08
1.2315340909090908,0.78409090909090906,-3.7746006068304879e-11,2.9948346084770696e-08
1.2315340909090908,0.80681818181818177,8.7150373111324687e-11,2.7070339297947068e-08
1.2315340909090908,0.82954545454545459,-6.5867141611266366e-10,2.3038712740019473e-08
1.2315340909090908,0.85227272727272729,-6.4697210235293959e-10,2.4888907049108759e-08
1.2315340909090908,0.875,-7.8377424943888222e-10,-7.698255551434596e-09
1.2315340909090908,0.89772727272727271,-5.9233105766780844e-10,-2.4309249764172566e-09
1.2315340909090908,0.92045454545454541,-4.0088786589673461e-10,2.8364055986000824e-09
1.2315340909090908,0.94318181818181823,-3.1043784766379737e-10,-1.512154108608565e-08
1.2315340909090908,0.96590909090909094,-2.8235768305225929e-10,-1.3488669944623027e-08
1.2315340909090908,0.98863636363636365,-2.5427751844072121e-10,-1.1855798803160406e-08
1.2514204545454546,0.011363636363636364,-1.6729057973108141e-10,3.3500016309568743e-10
1.2514204545454546,0.034090909090909088,-1.7302663345631254e-10,2.2428225408665632e-10
1.2514204545454546,0.056818181818181816,-1.7876268718154365e-10,1.1356434507762519e-10
1.2514204545454546,0.079545454545454544,-7.3039693161311409e-09,1.4735234975308311e-08
1.2514204545454546,0.10227272727272728,-7.5787329253040741e-09,9.9039119811906596e-09
1.2514204545454546,0.125,-1.1095792256194464e-09,6.8613069504553326e-08
1.2514204545454546,0.14772727272727273,-2.3151733953544989e-09,6.5804074766947916e-08
1.2514204545454546,0.17045454545454544,-3.5207675650895496e-09,6.2995080029342493e-08
1.2514204545454546,0.19318181818181818,3.6667776384372133e-09,4.2645656487089724e-08
1.2514204545454546,0.21590909090909091,3.7771063229090934e-09,5.2559197919178523e-08
1.2514204545454546,0.23863636363636365,3.887435007380974e-09,6.2472739351267328e-08
1.2514204545454546,0.26136363636363635,2.9386799949731478e-09,-4.3944022864654918e-08
1.2514204545454546,0.28409090909090912,1.6410440222303423e-09,-2.5366940972456642e-08
1.2514204545454546,0.30681818181818182,3.4340804948753954e-10,-6.7898590802584054e-09
1.2514204545454546,0.32954545454545453,-8.9634621468201803e-10,-8.9747075526945202e-08
1.2514204545454546,0.35227272727272729,-8.5590981179326245e-11,-9.1577474891664872e-08
1.2514204545454546,0.375,-4.9257454868196509e-09,-2.083751679634124e-08
1.2514204545454546,0.39772727272727271,-4.5950354064371233e-09,-3.0927539786418084e-08
1.2514204545454546,0.42045454545454547,-4.2643253260545974e-09,-4.1017562776494952e-08
1.2514204545454546,0.44318181818181818,-2.4899965512791935e-09,5.5027418762162127e-08
1.2514204545454546,0.46590909090909088,-2.6907775887659502e-09,4.6788836625911777e-08
1.2514204545454546,0.48863636363636365,-2.891558626252707e-09,3.8550254489661408e-08
1.2514204545454546,0.51136363636363635,-8.5068129065241168e-10,7.394858136799333e-08
1.2514204545454546,0.53409090909090906,-8.7806046939431622e-10,7.4746611495007582e-08
1.2514204545454546,0.55681818181818177,-9.0543964813622045e-10,7.5544641622021835e-08
1.2514204545454546,0.57954545454545459,-3.2740253060630527e-10,7.8372571471407768e-09
1.2514204545454546,0.60227272727272729,-7.2289599110316702e-10,2.0267030153171312e-08
1.2514204545454546,0.625,-1.3255924855234151e-09,-6.5036198111235309e-08
1.2514204545454546,0.64772727272727271,-1.310384501972196e-09,-5.6670635632912366e-08
1.2514204545454546,0.67045454545454541,-1.2951765184209768e-09,-4.8305073154589424e-08
1.2514204545454546,0.69318181818181823,-1.0680842720857459e-10,-5.1543106469019674e-08
1.2514204545454546,0.71590909090909094,-2.5136910111868635e-10,-5.5449953444294667e-08
1.2514204545454546,0.73863636363636365,-3.9592977502879811e-10,-5.9356800419569647e-08
1.2514204545454546,0.76136363636363635,5.6234458706887001e-10,1.5938375275435795e-09
1.2514204545454546,0.78409090909090906,5.6498697605037824e-10,-4.6574041069810219e-09
1.2514204545454546,0.80681818181818177,5.6762936503188626e-10,-1.0908645741505625e-08
1.2514204545454546,0.82954545454545459,7.7184401437552933e-12,3.3259770502670704e-08
1.2514204545454546,0.85227272727272729,1.4009463010492489e-10,3.0360016775948083e-08
1.2514204545454546,0.875,-8.5108733068787533e-10,2.2448988598777832e-08
1.2514204545454546,0.89772727272727271,-7.8307516150727931e-10,2.4038727168065114e-08
1.2514204545454546,0.92045454545454541,-7.1506299232668349e-10,2.5628465737352397e-08
1.2514204545454546,0.94318181818181823,-8.0975814079995113e-12,-3.5232776908228639e-10
1.2514204545454546,0.96590909090909094,-9.4895281838737424e-12,-3.3720487993666677e-10
1.2514204545454546,0.98863636363636365,-1.088147495974797e-11,-3.2208199079104715e-10
1.2713068181818183,0.011363636363636364,-2.5093586959661687e-09,5.0250024464352059e-09
1.2713068181818183,0.034090909090909088,-2.5953995018446341e-09,3.3642338112997744e-09
1.2713068181818183,0.056818181818181816,-2.6814403077230991e-09,1.7034651761643421e-09
1.2713068181818183,0.079545454545454544,-5.6251903539383634e-09,3.1718982150076995e-08
1.2713068181818183,0.10227272727272728,-6.2132353967901038e-09,2.745136918787348e-08
1.2713068181818183,0.125,4.3604253479808045e-10,6.0052381489930983e-08
1.2713068181818183,0.14772727272727273,-3.3007783461811008e-10,6.1316450971188928e-08
1.2713068181818183,0.17045454545454544,-1.0961982040343001e-09,6.258052045244686e-08
1.2713068181818183,0.19318181818181818,3.5692742779221914e-09,1.3257500100196502e-08
1.2713068181818183,0.21590909090909091,3.2051495075801997e-09,2.6144786496881e-08
1.2713068181818183,0.23863636363636365,2.8410247372382083e-09,3.9032072893565514e-08
1.2713068181818183,0.26136363636363635,1.652181732219671e-09,-5.917396253439382e-08
1.2713068181818183,0.28409090909090912,1.0445391154676291e-09,-4.717834767827745e-08
1.2713068181818183,0.30681818181818182,4.3689649871558856e-10,-3.5182732822161114e-08
1.2713068181818183,0.32954545454545453,-2.1429905237560122e-09,-7.0371422985055309e-08
1.2713068181818183,0.35227272727272729,-1.4844727104189962e-09,-7.4903477395106038e-08
1.2713068181818183,0.375,-4.1283568551298965e-09,4.3956775893724612e-09
1.2713068181818183,0.39772727272727271,-3.9720698513056548e-09,-5.1579092064711884e-09
1.2713068181818183,0.42045454545454547,-3.815782847481414e-09,-1.4711496002314868e-08
1.2713068181818183,0.44318181818181818,-1.9596598247092888e-09,6.1657549372789444e-08
1.2713068181818183,0.46590909090909088,-2.1011242203597893e-09,5.6272382838082805e-08
1.2713068181818183,0.48863636363636365,-2.2425886160102915e-09,5.0887216303376166e-08
1.2713068181818183,0.51136363636363635,-6.3966715291931647e-10,5.1910061352939514e-08
1.2713068181818183,0.53409090909090906,-7.9003590819226354e-10,5.6523792299279323e-08
1.2713068181818183,0.55681818181818177,-9.404046634652106e-10,6.1137523245619125e-08
1.2713068181818183,0.57954545454545459,-6.5714273917846363e-10,-1.3876810549786211e-08
1.2713068181818183,0.60227272727272729,-9.1768435340993515e-10,-2.6777724685254744e-09
1.2713068181818183,0.625,-9.2190717891849229e-10,-6.0738245521151142e-08
1.2713068181818183,0.64772727272727271,-9.5980836810588026e-10,-5.635002866563357e-08
1.2713068181818183,0.67045454545454541,-9.9770955729326813e-10,-5.1961811810116011e-08
1.2713068181818183,0.69318181818181823,1.1539586969838341e-10,-3.3974788080592177e-08
1.2713068181818183,0.71590909090909094,1.7768419089726264e-11,-3.8669505625608032e-08
1.2713068181818183,0.73863636363636365,-7.9859031518930813e-11,-4.336422317062388e-08
1.2713068181818183,0.76136363636363635,3.771322281487268e-10,1.2216935815227984e-08
1.2713068181818183,0.78409090909090906,4.2248889565037675e-10,7.0226034500657621e-09
1.2713068181818183,0.80681818181818177,4.6784556315202669e-10,1.8282710849035372e-09
1.2713068181818183,0.82954545454545459,-2.6134303876854339e-10,3.0307176859214821e-08
1.2713068181818183,0.85227272727272729,-1.4940761145819969e-10,2.888115525913796e-08
1.2713068181818183,0.875,-5.7398912999879785e-10,1.5140015566617558e-08
1.2713068181818183,0.89772727272727271,-5.2812045776072159e-10,1.6212164834276419e-08
1.2713068181818183,0.92045454545454541,-4.8225178552264544e-10,1.7284314101935285e-08
1.2713068181818183,0.94318181818181823,-1.2146372111999013e-10,-5.2849165362341849e-09
1.2713068181818183,0.96590909090909094,-1.4234292275810314e-10,-5.0580731990498969e-09
1.2713068181818183,0.98863636363636365,-1.6322212439621617e-10,-4.8312298618656081e-09
1.2911931818181817,0.011363636363636364,-4.8514268122012038e-09,9.7150047297746204e-09
1.2911931818181817,0.034090909090909088,-5.0177723702329015e-09,6.5041853685128235e-09
1.2911931818181817,0.056818181818181816,-5.1841179282645984e-09,3.293366007251024e-09
1.2911931818181817,0.079545454545454544,-3.9464113917456232e-09,4.8702729324845294e-08
1.2911931818181817,0.10227272727272728,-4.84773786827616e-09,4.4998826394555903e-08
1.2911931818181817,0.125,1.9816642952155729e-09,5.1491693475308826e-08
1.2911931818181817,0.14772727272727273,1.6550177261182349e-09,5.6828827175430033e-08
1.2911931818181817,0.17045454545454544,1.3283711570208973e-09,6.2165960875551239e-08
1.2911931818181817,0.19318181818181818,3.4717709174071716e-09,-1.6130656286696066e-08
1.2911931818181817,0.21590909090909091,2.6331926922513187e-09,-2.6962492541592468e-10
1.2911931818181817,0.23863636363636365,1.7946144670954656e-09,1.5591406435864223e-08
1.2911931818181817,0.26136363636363635,3.6568346946622275e-10,-7.4403902204132384e-08
1.2911931818181817,0.28409090909090912,4.4803420870492921e-10,-6.8989754384097776e-08
1.2911931818181817,0.30681818181818182,5.3038494794363552e-10,-6.3575606564063181e-08
1.2911931818181817,0.32954545454545453,-3.3896348328299782e-09,-5.0995770443165866e-08
1.2911931818181817,0.35227272727272729,-2.8833544396586345e-09,-5.8229479898547561e-08
1.2911931818181817,0.375,-3.3309682234401603e-09,2.9628871975085597e-08
1.2911931818181817,0.39772727272727271,-3.3491042961742004e-09,2.061172137347513e-08
1.2911931818181817,0.42045454545454547,-3.3672403689082405e-09,1.159457077186464e-08
1.2911931818181817,0.44318181818181818,-1.4293230981393957e-09,6.8287679983416603e-08
1.2911931818181817,0.46590909090909088,-1.5114708519536424e-09,6.5755929050253622e-08
1.2911931818181817,0.48863636363636365,-1.5936186057678894e-09,6.322417811709064e-08
1.2911931818181817,0.51136363636363635,-4.2865301518622591e-10,2.9871541337886174e-08
1.2911931818181817,0.53409090909090906,-7.0201134699021292e-10,3.8300973103551453e-08
1.2911931818181817,0.55681818181818177,-9.7536967879419973e-10,4.6730404869216732e-08
1.2911931818181817,0.57954545454545459,-9.8688294775061459e-10,-3.5590878246712717e-08
1.2911931818181817,0.60227272727272729,-1.1124727157166988e-09,-2.5622575090221745e-08
1.2911931818181817,0.625,-5.1822187231357853e-10,-5.6440292931067054e-08
1.2911931818181817,0.64772727272727271,-6.0923223423957235e-10,-5.6029421698354786e-08
1.2911931818181817,0.67045454545454541,-7.0024259616556607e-10,-5.5618550465642511e-08
1.2911931818181817,0.69318181818181823,3.3760016660533647e-10,-1.6406469692165068e-08
1.2911931818181817,0.71590909090909094,2.8690593929813291e-10,-2.1889057806921768e-08
1.2911931818181817,0.73863636363636365,2.3621171199092941e-10,-2.7371645921678471e-08
1.2911931818181817,0.76136363636363635,1.9191986922858766e-10,2.2840034102912156e-08
1.2911931818181817,0.78409090909090906,2.7999081525037852e-10,1.8702611007112285e-08
1.2911931818181817,0.80681818181818177,3.680617612721694e-10,1.4565187911312415e-08
1.2911931818181817,0.82954545454545459,-5.3040451768083601e-10,2.7354583215759013e-08
1.2911931818181817,0.85227272727272729,-4.3890985302131786e-10,2.740229374232787e-08
1.2911931818181817,0.875,-2.9689092930972641e-10,7.831042534457447e-09
1.2911931818181817,0.89772727272727271,-2.7316575401416952e-10,8.3856025004879014e-09
1.2911931818181817,0.92045454545454541,-2.4944057871861257e-10,8.9401624665183525e-09
1.2911931818181817,0.94318181818181823,-2.3482986083197826e-10,-1.0217505303385975e-08
1.2911931818181817,0.96590909090909094,-2.7519631733232959e-10,-9.7789415181630208e-09
1.2911931818181817,0.98863636363636365,-3.1556277383268096e-10,-9.3403777329400683e-09
1.3110795454545454,0.011363636363636364,-7.1934949284362915e-09,1.4405007013114141e-08
1.3110795454545454,0.034090909090909088,-7.4401452386212224e-09,9.6441369257259416e-09
1.3110795454545454,0.056818181818181816,-7.6867955488061532e-09,4.8832668383377407e-09
1.3110795454545454,0.079545454545454544,-2.267632429552845e-09,6.5686476499613969e-08
1.3110795454545454,0.10227272727272728,-3.4822403397621873e-09,6.254628360123872e-08
1.3110795454545454,0.125,3.5272860556331001e-09,4.2931005460686484e-08
1.3110795454545454,0.14772727272727273,3.6401132868546235e-09,5.2341203379671044e-08
1.3110795454545454,0.17045454545454544,3.7529405180761478e-09,6.1751401298655605e-08
1.3110795454545454,0.19318181818181818,3.3742675568921502e-09,-4.5518812673589298e-08
1.3110795454545454,0.21590909090909091,2.0612358769224245e-09,-2.6684036347713441e-08
1.3110795454545454,0.23863636363636365,7.4820419695269967e-10,-7.8492600218375945e-09
1.3110795454545454,0.26136363636363635,-9.2081479328725389e-10,-8.9633841873871265e-08
1.3110795454545454,0.28409090909090912,-1.4847069805778382e-10,-9.0801161089918578e-08
1.3110795454545454,0.30681818181818182,6.2387339717168449e-10,-9.1968480305965891e-08
1.3110795454545454,0.32954545454545453,-4.6362791419039728e-09,-3.162011790127598e-08
1.3110795454545454,0.35227272727272729,-4.2822361688983042e-09,-4.155548240198872e-08
1.3110795454545454,0.375,-2.5335795917504055e-09,5.4862066360799302e-08
1.3110795454545454,0.39772727272727271,-2.7261387410427315e-09,4.6381351953422025e-08
1.3110795454545454,0.42045454545454547,-2.918697890335058e-09,3.7900637546044729e-08
1.3110795454545454,0.44318181818181818,-8.9898637156949102e-10,7.4917810594043921e-08
1.3110795454545454,0.46590909090909088,-9.2181748354748211e-10,7.5239475262424656e-08
1.3110795454545454,0.48863636363636365,-9.4464859552547319e-10,7.5561139930805391e-08
1.3110795454545454,0.51136363636363635,-2.1763887745313068e-10,7.8330213228323537e-09
1.3110795454545454,0.53409090909090906,-6.1398678578816024e-10,2.0078153907823187e-08
1.3110795454545454,0.55681818181818177,-1.0103346941231899e-09,3.2323286492814015e-08
1.3110795454545454,0.57954545454545459,-1.3166231563227727e-09,-5.7304945943639703e-08
1.3110795454545454,0.60227272727272729,-1.307261078023467e-09,-4.8567377711918525e-08
1.3110795454545454,0.625,-1.1453656570865566e-10,-5.2142340340982881e-08
1.3110795454545454,0.64772727272727271,-2.5865610037325647e-10,-5.5708814731075976e-08
1.3110795454545454,0.67045454545454541,-4.0277563503785729e-10,-5.9275289121169078e-08
1.3110795454545454,0.69318181818181823,5.5980446351229448e-10,1.1618486962624331e-09
1.3110795454545454,0.71590909090909094,5.5604345950654559e-10,-5.1086099882351336e-09
1.3110795454545454,0.73863636363636365,5.522824555007966e-10,-1.13790686727327e-08
1.3110795454545454,0.76136363636363635,6.7075103084443663e-12,3.346313239059656e-08
1.3110795454545454,0.78409090909090906,1.3749273485037713e-10,3.0382618564159074e-08
1.3110795454545454,0.80681818181818177,2.6827795939230984e-10,2.7302104737721574e-08
1.3110795454545454,0.82954545454545459,-7.9946599659313453e-10,2.440198957230313e-08
1.3110795454545454,0.85227272727272729,-7.2841209458444234e-10,2.592343222551775e-08
1.3110795454545454,0.875,-1.979272862064884e-11,5.2206950229717402e-10
1.3110795454545454,0.89772727272727271,-1.8211050267611682e-11,5.5904016669920504e-10
1.3110795454545454,0.92045454545454541,-1.6629371914574519e-11,5.9601083110123596e-10
1.3110795454545454,0.94318181818181823,-3.4819600054396887e-10,-1.5150094070537873e-08
1.3110795454545454,0.96590909090909094,-4.0804971190655903e-10,-1.4499809837276252e-08
1.3110795454545454,0.98863636363636365,-4.6790342326914914e-10,-1.3849525604014626e-08
1.3309659090909092,0.011363636363636364,-2.3382652226215395e-09,3.5732121964229827e-10
1.3309659090909092,0.034090909090909088,-2.3296814519305943e-09,-1.1610429045326028e-09
1.3309659090909092,0.056818181818181816,-2.3210976812396495e-09,-2.6794070287075044e-09
1.3309659090909092,0.079545454545454544,-7.160785723561707e-09,1.6711750048964249e-08
1.3309659090909092,0.10227272727272728,-7.4397039888195844e-09,1.1532154620708496e-08
1.3309659090909092,0.125,-2.0642420112813652e-09,6.3151395622354319e-08
1.3309659090909092,0.14772727272727273,-2.9926286728456427e-09,6.0772819894790322e-08
1.3309659090909092,0.17045454545454544,-3.9210153344099193e-09,5.8394244167226312e-08
1.3309659090909092,0.19318181818181818,2.7144860028014041e-09,4.9410076814845399e-08
1.3309659090909092,0.21590909090909091,2.2030737499954665e-09,5.2602494577793455e-08
1.3309659090909092,0.23863636363636365,1.6916614971895287e-09,5.5794912340741512e-08
1.3309659090909092,0.26136363636363635,3.1435697092673716e-10,-2.7309522364838624e-08
1.3309659090909092,0.28409090909090912,4.4909544893241074e-10,-2.6143263307087195e-08
1.3309659090909092,0.30681818181818182,5.8383392693808412e-10,-2.4977004249335769e-08
1.3309659090909092,0.32954545454545453,-2.5016441243413435e-10,-8.1221149447893957e-08
1.3309659090909092,0.35227272727272729,2.2210496720959099e-10,-8.0940574409404905e-08
1.3309659090909092,0.375,-3.7439569047781582e-09,-2.5692170944891257e-08
1.3309659090909092,0.39772727272727271,-3.4052243451891574e-09,-3.4556723943507774e-08
1.3309659090909092,0.42045454545454547,-3.0664917856001562e-09,-4.3421276942124318e-08
1.3309659090909092,0.44318181818181818,-2.4286077337930631e-09,4.4281312487130684e-08
1.3309659090909092,0.46590909090909088,-2.5019677958171167e-09,3.649298435698315e-08
1.3309659090909092,0.48863636363636365,-2.5753278578411699e-09,2.8704656226835596e-08
1.3309659090909092,0.51136363636363635,-1.0042539765367646e-09,6.437866807939716e-08
1.3309659090909092,0.53409090909090906,-1.075543199175328e-09,6.4710322796191441e-08
1.3309659090909092,0.55681818181818177,-1.1468324218138914e-09,6.5041977512985709e-08
1.3309659090909092,0.57954545454545459,-1.0957239487411432e-09,1.9621131825628553e-08
1.3309659090909092,0.60227272727272729,-9.9711868850105476e-10,2.9816089148254402e-08
1.3309659090909092,0.625,-1.0629404608372034e-09,-4.7722113758102e-08
1.3309659090909092,0.64772727272727271,-7.8455764011606591e-10,-3.735348699299878e-08
1.3309659090909092,0.67045454545454541,-5.0617481939492843e-10,-2.6984860227895553e-08
1.3309659090909092,0.69318181818181823,-2.1438118693675349e-10,-4.8546523649090772e-08
1.3309659090909092,0.71590909090909094,-3.6319356158467002e-10,-5.0972780779169063e-08
1.3309659090909092,0.73863636363636365,-5.1200593623258634e-10,-5.3399037909247354e-08
1.3309659090909092,0.76136363636363635,4.8555910210496078e-10,-4.0337718855295332e-09
1.3309659090909092,0.78409090909090906,4.7284920847433916e-10,-9.4460790313145312e-09
1.3309659090909092,0.80681818181818177,4.6013931484371753e-10,-1.4858386177099527e-08
1.3309659090909092,0.82954545454545459,8.3242009463065379e-11,2.5332485332940429e-08
1.3309659090909092,0.85227272727272729,1.8515750490353969e-10,2.2501310538081571e-08
1.3309659090909092,0.875,-4.7873650764368153e-10,1.9335903711484952e-08
1.3309659090909092,0.89772727272727271,-4.4466187514353824e-10,2.0248693416767983e-08
1.3309659090909092,0.92045454545454541,-4.1058724264339501e-10,2.1161483122051017e-08
1.3309659090909092,0.94318181818181823,-1.7966090667249959e-10,-3.4817358387291066e-09
1.3309659090909092,0.96590909090909094,-2.9627721928288684e-10,-1.0536107902976023e-09
1.3309659090909092,0.98863636363636365,-4.1289353189327401e-10,1.3745142581339016e-09
1.3508522727272727,0.011363636363636364,-4.8563970008293277e-09,7.4212868694938536e-10
1.3508522727272727,0.034090909090909088,-4.8385691693942879e-09,-2.4113968017215477e-09
1.3508522727272727,0.056818181818181816,-4.820741337959248e-09,-5.5649222903924822e-09
1.3508522727272727,0.079545454545454544,-6.3573154587083059e-09,3.479019213615208e-08
1.3508522727272727,0.10227272727272728,-6.9678948306085243e-09,2.9566963172684426e-08
1.3508522727272727,0.125,6.8993270001300116e-10,6.5791634209606184e-08
1.3508522727272727,0.14772727272727273,-1.4699728788796929e-10,6.6533590435984706e-08
1.3508522727272727,0.17045454545454544,-9.839272757889387e-10,6.7275546662363242e-08
1.3508522727272727,0.19318181818181818,1.4885890983104514e-09,2.7095848575883034e-08
1.3508522727272727,0.21590909090909091,1.2081372177394526e-09,2.8846529284596488e-08
1.3508522727272727,0.23863636363636365,9.276853371684538e-10,3.0597209993309942e-08
1.3508522727272727,0.26136363636363635,6.5289524730937402e-10,-5.6719777219279942e-08
1.3508522727272727,0.28409090909090912,9.327367016288485e-10,-5.4297546868565446e-08
1.3508522727272727,0.30681818181818182,1.2125781559483224e-09,-5.1875316517850964e-08
1.3508522727272727,0.32954545454545453,-1.7881735412314884e-09,-7.0210423516946739e-08
1.3508522727272727,0.35227272727272729,-1.2984241341104649e-09,-7.3878670505498268e-08
1.3508522727272727,0.375,-3.4262317336236931e-09,1.0162229749634288e-09
1.3508522727272727,0.39772727272727271,-3.2729911996164118e-09,-8.2805076914392201e-09
1.3508522727272727,0.42045454545454547,-3.1197506656091301e-09,-1.7577238357841889e-08
1.3508522727272727,0.44318181818181818,-1.7503456316623237e-09,5.8592379329692829e-08
1.3508522727272727,0.46590909090909088,-1.825170609805564e-09,5.2993640111848023e-08
1.3508522727272727,0.48863636363636365,-1.8999955879488047e-09,4.739490089400321e-08
1.3508522727272727,0.51136363636363635,-1.067104687879605e-09,5.2687109660741377e-08
1.3508522727272727,0.53409090909090906,-1.1326705142803482e-09,5.6542033883366391e-08
1.3508522727272727,0.55681818181818177,-1.1982363406810914e-09,6.0396958105991404e-08
1.3508522727272727,0.57954545454545459,-1.0285740718827882e-09,-2.8891240784788004e-09
1.3508522727272727,0.60227272727272729,-7.6065362110972426e-10,9.5262087672923116e-09
1.3508522727272727,0.625,-8.0530537926345293e-10,-5.4361861630732549e-08
1.3508522727272727,0.64772727272727271,-7.3706756314135756e-10,-4.9100947867384665e-08
1.3508522727272727,0.67045454545454541,-6.6882974701926219e-10,-4.3840034104036787e-08
1.3508522727272727,0.69318181818181823,1.3542082990467523e-10,-3.3347675367287244e-08
1.3508522727272727,0.71590909090909094,2.7667101980109887e-11,-3.7373107226452052e-08
1.3508522727272727,0.73863636363636365,-8.0086625944455373e-11,-4.1398539085616867e-08
1.3508522727272727,0.76136363636363635,4.2078528084814666e-10,9.2662075036734777e-09
1.3508522727272727,0.78409090909090906,4.5673820920354274e-10,4.451570848795283e-09
1.3508522727272727,0.80681818181818177,4.9269113755893882e-10,-3.6306580608291001e-10
1.3508522727272727,0.82954545454545459,-2.2115053520691312e-10,2.6343206002094619e-08
1.3508522727272727,0.85227272727272729,-1.1183442704114724e-10,2.4866497952993833e-08
1.3508522727272727,0.875,-2.6253292354653569e-10,1.0603560099846615e-08
1.3508522727272727,0.89772727272727271,-3.191652968655203e-10,1.2318429334628572e-08
1.3508522727272727,0.92045454545454541,-3.7579767018450491e-10,1.4033298569410532e-08
1.3508522727272727,0.94318181818181823,-3.2824049221613262e-10,-7.9552113821379019e-09
1.3508522727272727,0.96590909090909094,-3.9083803953070908e-10,-5.8078379191208707e-09
1.3508522727272727,0.98863636363636365,-4.5343558684528559e-10,-3.6604644561038399e-09
1.3707386363636362,0.011363636363636364,-7.374528779037116e-09,1.1269361542564723e-09
1.3707386363636362,0.034090909090909088,-7.3474568868579807e-09,-3.661750698910493e-09
1.3707386363636362,0.056818181818181816,-7.3203849946788462e-09,-8.45043755207746e-09
1.3707386363636362,0.079545454545454544,-5.5538451938549041e-09,5.2868634223339908e-08
1.3707386363636362,0.10227272727272728,-6.4960856723974635e-09,4.7601771724660358e-08
1.3707386363636362,0.125,3.4441074113073683e-09,6.8431872796858037e-08
1.3707386363636362,0.14772727272727273,2.6986340970697043e-09,7.2294360977179104e-08
1.3707386363636362,0.17045454545454544,1.9531607828320419e-09,7.6156849157500158e-08
1.3707386363636362,0.19318181818181818,2.6269219381949866e-10,4.7816203369206673e-09
1.3707386363636362,0.21590909090909091,2.1320068548343868e-10,5.090563991399521e-09
1.3707386363636362,0.23863636363636365,1.6370917714737872e-10,5.3995076458783747e-09
1.3707386363636362,0.26136363636363635,9.9143352369201078e-10,-8.6130032073721249e-08
1.3707386363636362,0.28409090909090912,1.4163779543252865e-09,-8.2451830430043704e-08
1.3707386363636362,0.30681818181818182,1.8413223849585607e-09,-7.8773628786366146e-08
1.3707386363636362,0.32954545454545453,-3.3261826700288428e-09,-5.9199697585999522e-08
1.3707386363636362,0.35227272727272729,-2.8189532354305207e-09,-6.6816766601591632e-08
1.3707386363636362,0.375,-3.108506562469228e-09,2.7724616894818121e-08
1.3707386363636362,0.39772727272727271,-3.1407580540436658e-09,1.799570856062934e-08
1.3707386363636362,0.42045454545454547,-3.173009545618104e-09,8.2668002264405335e-09
1.3707386363636362,0.44318181818181818,-1.0720835295315838e-09,7.2903446172254954e-08
1.3707386363636362,0.46590909090909088,-1.1483734237940115e-09,6.9494295866712896e-08
1.3707386363636362,0.48863636363636365,-1.2246633180564392e-09,6.6085145561170824e-08
1.3707386363636362,0.51136363636363635,-1.1299553992224451e-09,4.0995551242085581e-08
1.3707386363636362,0.53409090909090906,-1.1897978293853684e-09,4.8373744970541341e-08
1.3707386363636362,0.55681818181818177,-1.2496402595482915e-09,5.5751938698997107e-08
1.3707386363636362,0.57954545454545459,-9.6142419502443321e-10,-2.5399379982586161e-08
1.3707386363636362,0.60227272727272729,-5.2418855371839376e-10,-1.0763671613669784e-08
1.3707386363636362,0.625,-5.4767029768970246e-10,-6.1001609503363097e-08
1.3707386363636362,0.64772727272727271,-6.895774861666492e-10,-6.0848408741770562e-08
1.3707386363636362,0.67045454545454541,-8.3148467464359594e-10,-6.0695207980178028e-08
1.3707386363636362,0.69318181818181823,4.8522284674610389e-10,-1.8148827085483717e-08
1.3707386363636362,0.71590909090909094,4.1852776554488979e-10,-2.3773433673735052e-08
1.3707386363636362,0.73863636363636365,3.518326843436757e-10,-2.9398040261986383e-08
1.3707386363636362,0.76136363636363635,3.5601145959133254e-10,2.2566186892876489e-08
1.3707386363636362,0.78409090909090906,4.4062720993274633e-10,1.8349220728905099e-08
1.3707386363636362,0.80681818181818177,5.2524296027416011e-10,1.4132254564933707e-08
1.3707386363636362,0.82954545454545459,-5.2554307987689164e-10,2.7353926671248813e-08
1.3707386363636362,0.85227272727272729,-4.0882635898583427e-10,2.7231685367906095e-08
1.3707386363636362,0.875,-4.632933944938993e-11,1.8712164882082775e-09
1.3707386363636362,0.89772727272727271,-1.9366871858750238e-10,4.3881652524891625e-09
1.3707386363636362,0.92045454545454541,-3.410080977256148e-10,6.9051140167700467e-09
1.3707386363636362,0.94318181818181823,-4.7682007775976563e-10,-1.2428686925546698e-08
1.3707386363636362,0.96590909090909094,-4.8539885977853137e-10,-1.0562065047944141e-08
1.3707386363636362,0.98863636363636365,-4.9397764179729702e-10,-8.6954431703415815e-09
1.390625,0.011363636363636364,-1.9212188210044163e-09,-3.2196199623563715e-09
1.390625,0.034090909090909088,-1.8392765977461829e-09,-4.482093939797825e-09
1.390625,0.056818181818181816,-1.7573343744879497e-09,-5.7445679172392793e-09
1.390625,0.079545454545454544,-7.6853885186624639e-09,-3.4435769986663649e-10
1.390625,0.10227272727272728,-7.6143820044769932e-09,-5.8466897435754161e-09
1.390625,0.125,-5.0466882682786355e-09,5.5007212162896995e-08
1.390625,0.14772727272727273,-5.848788950002736e-09,4.9894375103995053e-08
1.390625,0.17045454545454544,-6.650889631726834e-09,4.4781538045093104e-08
1.390625,0.19318181818181818,1.3622821714504276e-09,6.210689921555209e-08
1.390625,0.21590909090909091,6.9702024616096639e-10,6.6159399260584215e-08
1.390625,0.23863636363636365,3.1758320871504842e-11,7.0211899305616328e-08
1.390625,0.26136363636363635,7.5556497807188571e-10,-1.3579467219552739e-08
1.390625,0.28409090909090912,1.2216635479334284e-09,1.0369574696304138e-09
1.390625,0.30681818181818182,1.6877621177949699e-09,1.5653382158813527e-08
1.390625,0.32954545454545453,9.3065547142072205e-10,-7.597520707027618e-08
1.390625,0.35227272727272729,9.5940190915958682e-10,-6.9135849359544045e-08
1.390625,0.375,-2.7849598088805104e-09,-5.371539245300723e-08
1.390625,0.39772727272727271,-2.3465939064928168e-09,-6.0477692336986686e-08
1.390625,0.42045454545454547,-1.9082280041051228e-09,-6.7239992220966143e-08
1.390625,0.44318181818181818,-2.6993670331809472e-09,1.9698766127188884e-08
1.390625,0.46590909090909088,-2.6633180037303538e-09,1.0557598630794054e-08
1.390625,0.48863636363636365,-2.6272689742797609e-09,1.4164311343992034e-09
1.390625,0.51136363636363635,-1.1855042355178716e-09,6.4013073395321188e-08
1.390625,0.53409090909090906,-1.2414812715516204e-09,6.0713951507155979e-08
1.390625,0.55681818181818177,-1.2974583075853695e-09,5.741482961899077e-08
1.390625,0.57954545454545459,-9.1613845865990389e-10,4.4896651795707045e-08
1.390625,0.60227272727272729,-8.623470214919505e-10,4.7968981779701327e-08
1.390625,0.625,-2.5163574941498516e-10,-1.6253253207288326e-08
1.390625,0.64772727272727271,-2.8939913261488677e-10,-1.5540098693584962e-08
1.390625,0.67045454545454541,-3.2716251581478838e-10,-1.4826944179881597e-08
1.390625,0.69318181818181823,-6.8687820945418032e-10,-5.5986519163570485e-08
1.390625,0.71590909090909094,-8.30200476673395e-10,-5.5083409086942094e-08
1.390625,0.73863636363636365,-9.7352274389260936e-10,-5.4180299010313704e-08
1.390625,0.76136363636363635,4.1143651561054859e-10,-2.0752358744262477e-08
1.390625,0.78409090909090906,3.3316230059144378e-10,-2.5649939450340484e-08
1.390625,0.80681818181818177,2.5488808557233902e-10,-3.0547520156418486e-08
1.390625,0.82954545454545459,3.7863039382259222e-10,1.6261583551815594e-08
1.390625,0.85227272727272729,4.4554666718080937e-10,1.2425352851019528e-08
1.390625,0.875,-3.802825994246507e-10,2.2778450387515653e-08
1.390625,0.89772727272727271,-2.8959880798668182e-10,2.239293329397939e-08
1.390625,0.92045454545454541,-1.9891501654871283e-10,2.2007416200443131e-08
1.390625,0.94318181818181823,-4.6062763374206229e-10,3.8493990315958163e-09
1.390625,0.96590909090909094,-4.2606437151878788e-10,5.9353425960403624e-09
1.390625,0.98863636363636365,-3.9150110929551336e-10,8.0212861604849086e-09
1.4105113636363638,0.011363636363636364,-4.3664064113736885e-09,-7.3173180962645061e-09
1.4105113636363638,0.034090909090909088,-4.1801740857867939e-09,-1.0186577135904183e-08
1.4105113636363638,0.056818181818181816,-3.9939417601998993e-09,-1.305583617554386e-08
1.4105113636363638,0.079545454545454544,-7.7903318287208678e-09,1.7214946461770217e-08
1.4105113636363638,0.10227272727272728,-8.0461137967048992e-09,1.1136786611224939e-08
1.4105113636363638,0.125,-2.0410077044101418e-09,6.6228913623490939e-08
1.4105113636363638,0.14772727272727273,-2.9739702798742874e-09,6.3339280874852651e-08
1.4105113636363638,0.17045454545454544,-3.9069328553384342e-09,6.044964812621435e-08
1.4105113636363638,0.19318181818181818,8.5547222217196216e-10,3.7437168732284229e-08
1.4105113636363638,0.21590909090909091,7.5695439538309184e-10,4.6485030342441542e-08
1.4105113636363638,0.23863636363636365,6.5843656859422131e-10,5.5532891952598849e-08
1.4105113636363638,0.26136363636363635,1.2904254821421566e-09,-4.0934331511691827e-08
1.4105113636363638,0.28409090909090912,1.4962051139668481e-09,-2.7858996516237422e-08
1.4105113636363638,0.30681818181818182,1.7019847457915392e-09,-1.478366152078305e-08
1.4105113636363638,0.32954545454545453,-4.0414848159260573e-10,-7.6818237316496421e-08
1.4105113636363638,0.35227272727272729,-1.5107521608114423e-10,-7.5253695769879415e-08
1.4105113636363638,0.375,-2.9773377080757756e-09,-2.8195487119564119e-08
1.4105113636363638,0.39772727272727271,-2.6906184249073581e-09,-3.6444539086285805e-08
1.4105113636363638,0.42045454545454547,-2.4038991417389399e-09,-4.4693591053007502e-08
1.4105113636363638,0.44318181818181818,-2.0390421710500623e-09,3.9841956890432599e-08
1.4105113636363638,0.46590909090909088,-2.0600929404070448e-09,3.2133395953735796e-08
1.4105113636363638,0.48863636363636365,-2.0811437097640276e-09,2.4424835017038977e-08
1.4105113636363638,0.51136363636363635,-1.2083896487861076e-09,6.1817626912292731e-08
1.4105113636363638,0.53409090909090906,-1.2101913717408376e-09,6.1656016119143891e-08
1.4105113636363638,0.55681818181818177,-1.2119930946955677e-09,6.149440532599505e-08
1.4105113636363638,0.57954545454545459,-5.2747365801630592e-10,2.584958739752818e-08
1.4105113636363638,0.60227272727272729,-4.9650283055596927e-10,2.7618504661040038e-08
1.4105113636363638,0.625,-5.7189943048860463e-10,-3.6939211834746319e-08
1.4105113636363638,0.64772727272727271,-6.5772530139747213e-10,-3.5318406121784123e-08
1.4105113636363638,0.67045454545454541,-7.4355117230633984e-10,-3.3697600408821928e-08
1.4105113636363638,0.69318181818181823,-2.3196962766515302e-10,-4.5405905697542037e-08
1.4105113636363638,0.71590909090909094,-3.654521023275049e-10,-4.6983987593149206e-08
1.4105113636363638,0.73863636363636365,-4.9893457698985696e-10,-4.8562069488756381e-08
1.4105113636363638,0.76136363636363635,4.8278857002341478e-10,-6.0771814720697465e-09
1.4105113636363638,0.78409090909090906,4.5778340740658978e-10,-1.0913883621249253e-08
1.4105113636363638,0.80681818181818177,4.3277824478976478e-10,-1.5750585770428757e-08
1.4105113636363638,0.82954545454545459,1.0777462742187218e-10,2.0857367782688014e-08
1.4105113636363638,0.85227272727272729,1.9967163787166096e-10,1.8189310508828015e-08
1.4105113636363638,0.875,-4.1352328133010711e-10,1.625182548199929e-08
1.4105113636363638,0.89772727272727271,-3.6753213270171415e-10,1.6753605425985527e-08
1.4105113636363638,0.92045454545454541,-3.2154098407332119e-10,1.7255385369971764e-08
1.4105113636363638,0.94318181818181823,-4.5849735596184393e-10,-1.2050544077699203e-09
1.4105113636363638,0.96590909090909094,-3.6128229340127143e-10,1.3644934269918132e-09
1.4105113636363638,0.98863636363636365,-2.6406723084069888e-10,3.9340412617535472e-09
1.4303977272727273,0.011363636363636364,-6.8115940017429329e-09,-1.1415016230172594e-08
1.4303977272727273,0.034090909090909088,-6.521071573827379e-09,-1.5891060332010478e-08
1.4303977272727273,0.056818181818181816,-6.2305491459118235e-09,-2.036710443384836e-08
1.4303977272727273,0.079545454545454544,-7.8952751387792716e-09,3.4774250623406877e-08
1.4303977272727273,0.10227272727272728,-8.4778455889327985e-09,2.8120262966025106e-08
1.4303977272727273,0.125,9.6467285945831898e-10,7.7450615084084765e-08
1.4303977272727273,0.14772727272727273,-9.9151609745873572e-11,7.6784186645710098e-08
1.4303977272727273,0.17045454545454544,-1.1629760789500646e-09,7.611775820733543e-08
1.4303977272727273,0.19318181818181818,3.4866227289350238e-10,1.276743824901665e-08
1.4303977272727273,0.21590909090909091,8.1688854460521646e-10,2.6810661424299091e-08
1.4303977272727273,0.23863636363636365,1.2851148163169306e-09,4.0853884599581535e-08
1.4303977272727273,0.26136363636363635,1.8252859862124212e-09,-6.8289195803830617e-08
1.4303977272727273,0.28409090909090912,1.7707466800002651e-09,-5.675495050210493e-08
1.4303977272727273,0.30681818181818182,1.7162073737881084e-09,-4.5220705200379276e-08
1.4303977272727273,0.32954545454545453,-1.7389524346059182e-09,-7.7661267562716663e-08
1.4303977272727273,0.35227272727272729,-1.2615523413218633e-09,-8.1371542180214705e-08
1.4303977272727273,0.375,-3.1697156072710391e-09,-2.6755817861212925e-09
1.4303977272727273,0.39772727272727271,-3.0346429433218953e-09,-1.2411385835585199e-08
1.4303977272727273,0.42045454545454547,-2.8995702793727516e-09,-2.2147189885049126e-08
1.4303977272727273,0.44318181818181818,-1.3787173089191841e-09,5.9985147653676072e-08
1.4303977272727273,0.46590909090909088,-1.4568678770837423e-09,5.3709193276677304e-08
1.4303977272727273,0.48863636363636365,-1.5350184452483003e-09,4.7433238899678495e-08
1.4303977272727273,0.51136363636363635,-1.2312750620543436e-09,5.9622180429264301e-08
1.4303977272727273,0.53409090909090906,-1.1789014719300552e-09,6.2598080731131803e-08
1.4303977272727273,0.55681818181818177,-1.126527881805767e-09,6.5573981032999291e-08
1.4303977272727273,0.57954545454545459,-1.3880885737271232e-10,6.8025229993495332e-09
1.4303977272727273,0.60227272727272729,-1.3065863961999212e-10,7.2680275423789689e-09
1.4303977272727273,0.625,-8.9216311156222038e-10,-5.7625170462204084e-08
1.4303977272727273,0.64772727272727271,-1.0260514701800536e-09,-5.5096713549983063e-08
1.4303977272727273,0.67045454545454541,-1.1599398287978866e-09,-5.2568256637762043e-08
1.4303977272727273,0.69318181818181823,2.229389541238693e-10,-3.4825292231513702e-08
1.4303977272727273,0.71590909090909094,9.9296272018379839e-11,-3.888456609935641e-08
1.4303977272727273,0.73863636363636365,-2.4346410087109674e-11,-4.2943839967199118e-08
1.4303977272727273,0.76136363636363635,5.5414062443628035e-10,8.597995800122822e-09
1.4303977272727273,0.78409090909090906,5.8240451422173443e-10,3.8221722078418192e-09
1.4303977272727273,0.80681818181818177,6.1066840400718852e-10,-9.5365138443918538e-10
1.4303977272727273,0.82954545454545459,-1.6308113897884471e-10,2.5453152013560387e-08
1.4303977272727273,0.85227272727272729,-4.6203391437484677e-11,2.3953268166636437e-08
1.4303977272727273,0.875,-4.4676396323556316e-10,9.7252005764830025e-09
1.4303977272727273,0.89772727272727271,-4.4546545741674561e-10,1.1114277557991727e-08
1.4303977272727273,0.92045454545454541,-4.4416695159792811e-10,1.250335453950045e-08
1.4303977272727273,0.94318181818181823,-4.5636707818162558e-10,-6.2595078471356015e-09
1.4303977272727273,0.96590909090909094,-2.9650021528375566e-10,-3.206355742056685e-09
1.4303977272727273,0.98863636363636365,-1.3663335238588575e-10,-1.5320363697776817e-10
1.4502840909090908,0.011363636363636364,-1.3560008778382897e-09,-5.4235843396075536e-09
1.4502840909090908,0.034090909090909088,-1.2258863847766105e-09,-6.3540843452960346e-09
1.4502840909090908,0.056818181818181816,-1.0957718917149313e-09,-7.2845843509845172e-09
1.4502840909090908,0.079545454545454544,-7.1056700420014505e-09,-1.7613796752190648e-08
1.4502840909090908,0.10227272727272728,-6.6665428298808608e-09,-2.2841563648644173e-08
1.4502840909090908,0.125,-7.6304380510318278e-09,3.8470408348942446e-08
1.4502840909090908,0.14772727272727273,-8.1246321815007675e-09,3.1510254665261143e-08
1.4502840909090908,0.17045454545454544,-8.6188263119697106e-09,2.455010098157985e-08
1.4502840909090908,0.19318181818181818,-6.5031695319945173e-10,7.3817313894990512e-08
1.4502840909090908,0.21590909090909091,-1.5280654577769113e-09,7.3173214122162968e-08
1.4502840909090908,0.23863636363636365,-2.4058139623543709e-09,7.2529114349335436e-08
1.4502840909090908,0.26136363636363635,1.8126041623324438e-09,2.9752965622196178e-08
1.4502840909090908,0.28409090909090912,1.8147083646158661e-09,4.1837544174932971e-08
1.4502840909090908,0.30681818181818182,1.816812566899288e-09,5.392212272766973e-08
1.4502840909090908,0.32954545454545453,8.1702484492840102e-10,-4.9317386418479044e-08
1.4502840909090908,0.35227272727272729,4.2006964278392167e-10,-3.4181943744597216e-08
1.4502840909090908,0.375,-1.492395562736026e-09,-7.5373336720508205e-08
1.4502840909090908,0.39772727272727271,-1.097568807556213e-09,-7.8505641521000857e-08
1.4502840909090908,0.42045454545454547,-7.0274205237639945e-10,-8.1637946321493521e-08
1.4502840909090908,0.44318181818181818,-2.644418303799694e-09,-8.8754222389034215e-09
1.4502840909090908,0.46590909090909088,-2.4893563292880665e-09,-1.8203525217901799e-08
1.4502840909090908,0.48863636363636365,-2.334294354776439e-09,-2.7531628196900192e-08
1.4502840909090908,0.51136363636363635,-1.3463587567543364e-09,5.281737034268019e-08
1.4502840909090908,0.53409090909090906,-1.3878828396012363e-09,4.6661713728644101e-08
1.4502840909090908,0.55681818181818177,-1.429406922448136e-09,4.0506057114607999e-08
1.4502840909090908,0.57954545454545459,-8.7165189789776159e-10,5.6100123946571662e-08
1.4502840909090908,0.60227272727272729,-8.9044249100023363e-10,5.8720656411521782e-08
1.4502840909090908,0.625,-2.9085140717567385e-10,-1.1693518604675985e-08
1.4502840909090908,0.64772727272727271,-6.2040309814973553e-10,-1.4193167695605445e-09
1.4502840909090908,0.67045454545454541,-9.499547891237972e-10,8.8548850655548927e-09
1.4502840909090908,0.69318181818181823,-1.1150578479290078e-09,-5.3015631411258975e-08
1.4502840909090908,0.71590909090909094,-1.1205491221040611e-09,-4.7661676290902781e-08
1.4502840909090908,0.73863636363636365,-1.1260403962791146e-09,-4.2307721170546588e-08
1.4502840909090908,0.76136363636363635,1.3750606018394775e-10,-3.5680395334691738e-08
1.4502840909090908,0.78409090909090906,-3.4901909924249056e-12,-3.9265311330995003e-08
1.4502840909090908,0.80681818181818177,-1.4448644216879751e-10,-4.2850227327298262e-08
1.4502840909090908,0.82954545454545459,5.5675244548852977e-10,4.3160346678887401e-09
1.4502840909090908,0.85227272727272729,5.7373001547499472e-10,-6.1009387653787342e-11
1.4502840909090908,0.875,-1.0859568016569392e-10,2.2302072387766588e-08
1.4502840909090908,0.89772727272727271,-1.3183177040185399e-11,2.0804610336710884e-08
1.4502840909090908,0.92045454545454541,8.2229326085323107e-11,1.9307148285655181e-08
1.4502840909090908,0.94318181818181823,-3.8807485380981433e-10,9.781155297508378e-09
1.4502840909090908,0.96590909090909094,-3.527764828144434e-10,1.0451348851814397e-08
1.4502840909090908,0.98863636363636365,-3.1747811181907241e-10,1.1121542406120415e-08
1.4701704545454546,0.011363636363636364,-3.4653355766978777e-09,-1.3860271090108296e-08
1.4701704545454546,0.034090909090909088,-3.1328207610958063e-09,-1.623821554908999e-08
1.4701704545454546,0.056818181818181816,-2.800305945493734e-09,-1.8616160008071685e-08
1.4701704545454546,0.079545454545454544,-8.0940097515729387e-09,-1.9979132546808352e-09
1.4701704545454546,0.10227272727272728,-7.9613084530177939e-09,-8.2813668850730785e-09
1.4701704545454546,0.125,-4.9846276949484627e-09,5.5805921662761441e-08
1.4701704545454546,0.14772727272727273,-5.7389986944688431e-09,5.0256392497598613e-08
1.4701704545454546,0.17045454545454544,-6.493369693989222e-09,4.4706863332435786e-08
1.4701704545454546,0.19318181818181818,3.6352304319803452e-10,6.2720790007974698e-08
1.4701704545454546,0.21590909090909091,-9.906666368152568e-11,6.6415900968903477e-08
1.4701704545454546,0.23863636363636365,-5.6165637056108598e-10,7.0111011929832243e-08
1.4701704545454546,0.26136363636363635,1.6388237211879068e-09,3.9337845674688674e-10
1.4701704545454546,0.28409090909090912,1.3950812542075403e-09,1.5403414884642628e-08
1.4701704545454546,0.30681818181818182,1.1513387872271744e-09,3.041345131253832e-08
1.4701704545454546,0.32954545454545453,1.8235802764709645e-10,-6.5683292987473915e-08
1.4701704545454546,0.35227272727272729,1.2071413241839247e-10,-5.7178842306317946e-08
1.4701704545454546,0.375,-2.1018016647843e-09,-5.3941999614606257e-08
1.4701704545454546,0.39772727272727271,-1.7793025028835969e-09,-5.9703609403525412e-08
1.4701704545454546,0.42045454545454547,-1.4568033409828934e-09,-6.5465219192444587e-08
1.4701704545454546,0.44318181818181818,-2.1497663043706869e-09,1.4996076592914459e-08
1.4701704545454546,0.46590909090909088,-2.086397792590812e-09,6.2551402912324311e-09
1.4701704545454546,0.48863636363636365,-2.0230292808109376e-09,-2.4857960104496033e-09
1.4701704545454546,0.51136363636363635,-1.2219571382285601e-09,5.9007069123627462e-08
1.4701704545454546,0.53409090909090906,-1.2126960663430201e-09,5.5502903109969132e-08
1.4701704545454546,0.55681818181818177,-1.2034349944574804e-09,5.1998737096310809e-08
1.4701704545454546,0.57954545454545459,-6.5022927993718146e-10,3.6951607115143438e-08
1.4701704545454546,0.60227272727272729,-8.3115449073003209e-10,4.2912636923714203e-08
1.4701704545454546,0.625,-7.4328692944894985e-10,-2.9883436434172185e-08
1.4701704545454546,0.64772727272727271,-9.2572125942734618e-10,-2.0694349692879842e-08
1.4701704545454546,0.67045454545454541,-1.1081555894057427e-09,-1.1505262951587505e-08
1.4701704545454546,0.69318181818181823,-6.5255705696066184e-10,-4.949645414589782e-08
1.4701704545454546,0.71590909090909094,-7.260774199870655e-10,-4.7576324105855116e-08
1.4701704545454546,0.73863636363636365,-7.9959778301346917e-10,-4.5656194065812419e-08
1.4701704545454546,0.76136363636363635,3.5559950648965407e-10,-2.114381452182518e-08
1.4701704545454546,0.78409090909090906,2.6837530328870221e-10,-2.5279876942824061e-08
1.4701704545454546,0.80681818181818177,1.8115110008775048e-10,-2.9415939363822942e-08
1.4701704545454546,0.82954545454545459,3.6332580469928702e-10,1.1931526755549695e-08
1.4701704545454546,0.85227272727272729,4.1692690992353063e-10,8.4656307038957073e-09
1.4701704545454546,0.875,-2.6474112979748434e-10,1.8215514335437097e-08
1.4701704545454546,0.89772727272727271,-1.8974358993593564e-10,1.7654048720683275e-08
1.4701704545454546,0.92045454545454541,-1.1474605007438696e-10,1.7092583105929456e-08
1.4701704545454546,0.94318181818181823,-2.3284491228588793e-10,5.8686931785050113e-09
1.4701704545454546,0.96590909090909094,-2.116658896886654e-10,6.2708093110886199e-09
1.4701704545454546,0.98863636363636365,-1.9048686709144287e-10,6.6729254436722286e-09
1.4900568181818183,0.011363636363636364,-5.574670275557465e-09,-2.2296957840609037e-08
1.4900568181818183,0.034090909090909088,-5.0397551374150017e-09,-2.6122346752883946e-08
1.4900568181818183,0.056818181818181816,-4.5048399992725376e-09,-2.994773566515885e-08
1.4900568181818183,0.079545454545454544,-9.0823494611444286e-09,1.3617970242828982e-08
1.4900568181818183,0.10227272727272728,-9.2560740761547296e-09,6.2788298784980214e-09
1.4900568181818183,0.125,-2.3388173388650976e-09,7.3141434976580422e-08
1.4900568181818183,0.14772727272727273,-3.3533652074369155e-09,6.9002530329936063e-08
1.4900568181818183,0.17045454545454544,-4.3679130760087325e-09,6.4863625683291732e-08
1.4900568181818183,0.19318181818181818,1.3773630395955207e-09,5.1624266120958904e-08
1.4900568181818183,0.21590909090909091,1.3299321304138597e-09,5.9658587815643987e-08
1.4900568181818183,0.23863636363636365,1.2825012212321986e-09,6.7692909510329063e-08
1.4900568181818183,0.26136363636363635,1.4650432800433694e-09,-2.8966208708702395e-08
1.4900568181818183,0.28409090909090912,9.7545414379921451e-10,-1.1030714405647719e-08
1.4900568181818183,0.30681818181818182,4.858650075550607e-10,6.9047798974069209e-09
1.4900568181818183,0.32954545454545453,-4.5230878963420807e-10,-8.2049199556468753e-08
1.4900568181818183,0.35227272727272729,-1.7864137794713667e-10,-8.0175740868038675e-08
1.4900568181818183,0.375,-2.7112077668325736e-09,-3.2510662508704308e-08
1.4900568181818183,0.39772727272727271,-2.4610361982109808e-09,-4.0901577286049967e-08
1.4900568181818183,0.42045454545454547,-2.2108646295893872e-09,-4.9292492063395652e-08
1.4900568181818183,0.44318181818181818,-1.6551143049416798e-09,3.8867575424732331e-08
1.4900568181818183,0.46590909090909088,-1.6834392558935579e-09,3.0713805800366673e-08
1.4900568181818183,0.48863636363636365,-1.7117642068454359e-09,2.2560036176000982e-08
1.4900568181818183,0.51136363636363635,-1.0975555197027836e-09,6.5196767904574728e-08
1.4900568181818183,0.53409090909090906,-1.0375092930848045e-09,6.4344092491294171e-08
1.4900568181818183,0.55681818181818177,-9.7746306646682486e-10,6.3491417078013614e-08
1.4900568181818183,0.57954545454545459,-4.2880666197660122e-10,1.7803090283715211e-08
1.4900568181818183,0.60227272727272729,-7.7186649045983055e-10,2.7104617435906631e-08
1.4900568181818183,0.625,-1.1957224517222259e-09,-4.8073354263668383e-08
1.4900568181818183,0.64772727272727271,-1.231039420704957e-09,-3.9969382616199146e-08
1.4900568181818183,0.67045454545454541,-1.266356389687688e-09,-3.1865410968729902e-08
1.4900568181818183,0.69318181818181823,-1.9005626599231574e-10,-4.5977276880536651e-08
1.4900568181818183,0.71590909090909094,-3.3160571787006981e-10,-4.7490971920807451e-08
1.4900568181818183,0.73863636363636365,-4.731551697478239e-10,-4.9004666961078258e-08
1.4900568181818183,0.76136363636363635,5.7369295279536022e-10,-6.6072337089586283e-09
1.4900568181818183,0.78409090909090906,5.4024079756982942e-10,-1.1294442554653122e-08
1.4900568181818183,0.80681818181818177,5.0678864234429852e-10,-1.5981651400347616e-08
1.4900568181818183,0.82954545454545459,1.6989916391004433e-10,1.9547018843210647e-08
1.4900568181818183,0.85227272727272729,2.6012380437206654e-10,1.6992270795445201e-08
1.4900568181818183,0.875,-4.2088657942927479e-10,1.4128956283107607e-08
1.4900568181818183,0.89772727272727271,-3.6630400283168594e-10,1.4503487104655669e-08
1.4900568181818183,0.92045454545454541,-3.1172142623409704e-10,1.4878017926203729e-08
1.4900568181818183,0.94318181818181823,-7.7614970761961483e-11,1.9562310595016412e-09
1.4900568181818183,0.96590909090909094,-7.055529656288741e-11,2.090269770362842e-09
1.4900568181818183,0.98863636363636365,-6.3495622363813336e-11,2.2243084812240428e-09
