x,y,ux,uy
0.007102272727272727,0.011363636363636364,0,0
0.007102272727272727,0.034090909090909088,0,0
0.007102272727272727,0.056818181818181816,0,0
0.007102272727272727,0.079545454545454544,0,0
0.007102272727272727,0.10227272727272728,0,0
0.007102272727272727,0.125,8.8509034370039232e-11,-4.1870686863249913e-10
0.007102272727272727,0.14772727272727273,2.0749342543231776e-10,-4.2048094606006882e-10
0.007102272727272727,0.17045454545454544,3.2647781649459608e-10,-4.2225502348763851e-10
0.007102272727272727,0.19318181818181818,4.4546220755687455e-10,-4.2402910091520825e-10
0.007102272727272727,0.21590909090909091,5.6444659861915308e-10,-4.2580317834277794e-10
0.007102272727272727,0.23863636363636365,6.834309896814315e-10,-4.2757725577034768e-10
0.007102272727272727,0.26136363636363635,3.2846903461798474e-09,-6.5209126690148528e-09
0.007102272727272727,0.28409090909090912,5.128152064000755e-09,-6.5447704400737876e-09
0.007102272727272727,0.30681818181818182,6.9716137818216576e-09,-6.5686282111327225e-09
0.007102272727272727,0.32954545454545453,8.8150754996425595e-09,-6.5924859821916565e-09
0.007102272727272727,0.35227272727272729,1.0658537217463468e-08,-6.6163437532505914e-09
0.007102272727272727,0.375,1.593783611866439e-08,7.2371093296699245e-09
0.007102272727272727,0.39772727272727271,1.3966947805934705e-08,7.3406839647999696e-09
0.007102272727272727,0.42045454545454547,1.1996059493205015e-08,7.4442585999300173e-09
0.007102272727272727,0.44318181818181818,1.0025171180475333e-08,7.5478332350600624e-09
0.007102272727272727,0.46590909090909088,8.0542828677456501e-09,7.6514078701901076e-09
0.007102272727272727,0.48863636363636365,6.083394555015961e-09,7.7549825053201527e-09
0.007102272727272727,0.51136363636363635,2.0236358755870108e-08,-1.3310260818631666e-09
0.007102272727272727,0.53409090909090906,2.3774227891849951e-08,-1.1760603260831203e-09
0.007102272727272727,0.55681818181818177,2.7312097027829798e-08,-1.0210945703030739e-09
0.007102272727272727,0.57954545454545459,3.0849966163809651e-08,-8.6612881452302655e-10
0.007102272727272727,0.60227272727272729,3.4387835299789491e-08,-7.1116305874297998e-10
0.007102272727272727,0.625,5.4053452895904559e-09,2.6541464380011047e-09
0.007102272727272727,0.64772727272727271,5.0177379643527738e-09,2.1808172354243537e-09
0.007102272727272727,0.67045454545454541,4.63013063911509e-09,1.7074880328476031e-09
0.007102272727272727,0.69318181818181823,4.2425233138774054e-09,1.2341588302708503e-09
0.007102272727272727,0.71590909090909094,3.8549159886397233e-09,7.6082962769409978e-10
0.007102272727272727,0.73863636363636365,3.4673086634020395e-09,2.8750042511734924e-10
0.007102272727272727,0.76136363636363635,4.3940314765390521e-08,7.7997084852452718e-09
0.007102272727272727,0.78409090909090906,4.6020288414912641e-08,6.4085417233084119e-09
0.007102272727272727,0.80681818181818177,4.8100262064434747e-08,5.0173749613715529e-09
0.007102272727272727,0.82954545454545459,5.0180235713956867e-08,3.6262081994346864e-09
0.007102272727272727,0.85227272727272729,5.2260209363478987e-08,2.235041437497827e-09
0.007102272727272727,0.875,2.6430021075137641e-09,1.0984954555866415e-10
0.007102272727272727,0.89772727272727271,2.5863020109017829e-09,-4.53748443215604e-11
0.007102272727272727,0.92045454545454541,2.5296019142898021e-09,-2.0059923420178494e-10
0.007102272727272727,0.94318181818181823,2.472901817677821e-09,-3.5582362408201024e-10
0.007102272727272727,0.96590909090909094,2.4162017210658402e-09,-5.1104801396223487e-10
0.007102272727272727,0.98863636363636365,2.359501624453859e-09,-6.6627240384245935e-10
0.02130681818181818,0.011363636363636364,0,0
0.02130681818181818,0.034090909090909088,0,0
0.02130681818181818,0.056818181818181816,0,0
0.02130681818181818,0.079545454545454544,0,0
0.02130681818181818,0.10227272727272728,0,0
0.02130681818181818,0.125,2.655271031101177e-10,-1.2561206058974973e-09
0.02130681818181818,0.14772727272727273,6.2248027629695322e-10,-1.2614428381802063e-09
0.02130681818181818,0.17045454545454544,9.7943344948378828e-10,-1.2667650704629156e-09
0.02130681818181818,0.19318181818181818,1.3363866226706236e-09,-1.2720873027456247e-09
0.02130681818181818,0.21590909090909091,1.693339795857459e-09,-1.2774095350283338e-09
0.02130681818181818,0.23863636363636365,2.0502929690442947e-09,-1.282731767311043e-09
0.02130681818181818,0.26136363636363635,4.6444277460180617e-09,-4.7930324684553622e-09
0.02130681818181818,0.28409090909090912,5.986562334088575e-09,-4.8021582561817115e-09
0.02130681818181818,0.30681818181818182,7.3286969221590842e-09,-4.8112840439080617e-09
0.02130681818181818,0.32954545454545453,8.670831510229595e-09,-4.8204098316344102e-09
0.02130681818181818,0.35227272727272729,1.0012966098300108e-08,-4.8295356193607596e-09
0.02130681818181818,0.375,1.6354933367211757e-08,6.1687596883534508e-09
0.02130681818181818,0.39772727272727271,1.5077375347237418e-08,6.2826482125405472e-09
0.02130681818181818,0.42045454545454547,1.379981732726308e-08,6.3965367367276436e-09
0.02130681818181818,0.44318181818181818,1.2522259307288744e-08,6.5104252609147391e-09
0.02130681818181818,0.46590909090909088,1.1244701287314409e-08,6.6243137851018363e-09
0.02130681818181818,0.48863636363636365,9.9671432673400707e-09,6.7382023092889319e-09
0.02130681818181818,0.51136363636363635,1.8125836587255569e-08,-9.2187277337946208e-10
0.02130681818181818,0.53409090909090906,2.1171937760915679e-08,-8.3533533464644712e-10
0.02130681818181818,0.55681818181818177,2.4218038934575802e-08,-7.4879789591343236e-10
0.02130681818181818,0.57954545454545459,2.7264140108235931e-08,-6.6226045718041708e-10
0.02130681818181818,0.60227272727272729,3.0310241281896044e-08,-5.7572301844740222e-10
0.02130681818181818,0.625,1.0234181404758673e-08,3.4195572811898315e-09
0.02130681818181818,0.64772727272727271,1.0158969331593385e-08,2.8255482248802117e-09
0.02130681818181818,0.67045454545454541,1.0083757258428099e-08,2.2315391685705928e-09
0.02130681818181818,0.69318181818181823,1.0008545185262812e-08,1.6375301122609701e-09
0.02130681818181818,0.71590909090909094,9.9333331120975254e-09,1.0435210559513509e-09
0.02130681818181818,0.73863636363636365,9.8581210389322384e-09,4.4951199964173158e-10
0.02130681818181818,0.76136363636363635,3.864630093823504e-08,6.8599845713602989e-09
0.02130681818181818,0.78409090909090906,4.0475675352874968e-08,5.6364282626688443e-09
0.02130681818181818,0.80681818181818177,4.2305049767514897e-08,4.4128719539773905e-09
0.02130681818181818,0.82954545454545459,4.4134424182154838e-08,3.1893156452859293e-09
0.02130681818181818,0.85227272727272729,4.5963798596794767e-08,1.9657593365944743e-09
0.02130681818181818,0.875,7.9290063225412918e-09,3.2954863667599245e-10
0.02130681818181818,0.89772727272727271,7.7589060327053483e-09,-1.3612453296468119e-10
0.02130681818181818,0.92045454545454541,7.5888057428694064e-09,-6.0179770260535487e-10
0.02130681818181818,0.94318181818181823,7.4187054530334629e-09,-1.0674708722460307e-09
0.02130681818181818,0.96590909090909094,7.2486051631975202e-09,-1.5331440418867042e-09
0.02130681818181818,0.98863636363636365,7.0785048733615775e-09,-1.9988172115273779e-09
0.03551136363636364,0.011363636363636364,0,0
0.03551136363636364,0.034090909090909088,0,0
0.03551136363636364,0.056818181818181816,0,0
0.03551136363636364,0.079545454545454544,0,0
0.03551136363636364,0.10227272727272728,0,0
0.03551136363636364,0.125,4.4254517185019621e-10,-2.0935343431624957e-09
0.03551136363636364,0.14772727272727273,1.0374671271615888e-09,-2.1024047303003442e-09
0.03551136363636364,0.17045454545454544,1.6323890824729805e-09,-2.1112751174381931e-09
0.03551136363636364,0.19318181818181818,2.2273110377843731e-09,-2.1201455045760415e-09
0.03551136363636364,0.21590909090909091,2.8222329930957656e-09,-2.1290158917138899e-09
0.03551136363636364,0.23863636363636365,3.4171549484071581e-09,-2.1378862788517384e-09
0.03551136363636364,0.26136363636363635,6.004165145856276e-09,-3.0651522678958708e-09
0.03551136363636364,0.28409090909090912,6.844972604176395e-09,-3.0595460722896346e-09
0.03551136363636364,0.30681818181818182,7.6857800624965123e-09,-3.0539398766833997e-09
0.03551136363636364,0.32954545454545453,8.5265875208166288e-09,-3.0483336810771635e-09
0.03551136363636364,0.35227272727272729,9.3673949791367486e-09,-3.0427274854709282e-09
0.03551136363636364,0.375,1.677203061575912e-08,5.1004100470369772e-09
0.03551136363636364,0.39772727272727271,1.6187802888540131e-08,5.224612460281124e-09
0.03551136363636364,0.42045454545454547,1.5603575161321143e-08,5.3488148735252699e-09
0.03551136363636364,0.44318181818181818,1.5019347434102157e-08,5.4730172867694167e-09
0.03551136363636364,0.46590909090909088,1.4435119706883168e-08,5.5972197000135626e-09
0.03551136363636364,0.48863636363636365,1.3850891979664181e-08,5.7214221132577094e-09
0.03551136363636364,0.51136363636363635,1.6015314418641024e-08,-5.12719464895757e-10
0.03551136363636364,0.53409090909090906,1.856964762998141e-08,-4.9461034320977384e-10
0.03551136363636364,0.55681818181818177,2.1123980841321802e-08,-4.7650122152379078e-10
0.03551136363636364,0.57954545454545459,2.3678314052662208e-08,-4.5839209983780736e-10
0.03551136363636364,0.60227272727272729,2.6232647264002598e-08,-4.4028297815182425e-10
0.03551136363636364,0.625,1.5063017519926891e-08,4.1849681243785583e-09
0.03551136363636364,0.64772727272727271,1.5300200698834e-08,3.4702792143360702e-09
0.03551136363636364,0.67045454545454541,1.5537383877741109e-08,2.755590304293582e-09
0.03551136363636364,0.69318181818181823,1.5774567056648222e-08,2.0409013942510905e-09
0.03551136363636364,0.71590909090909094,1.6011750235555327e-08,1.3262124842086019e-09
0.03551136363636364,0.73863636363636365,1.6248933414462436e-08,6.1152357416611382e-10
0.03551136363636364,0.76136363636363635,3.3352287111079552e-08,5.9202606574753261e-09
0.03551136363636364,0.78409090909090906,3.4931062290837296e-08,4.8643148020292767e-09
0.03551136363636364,0.80681818181818177,3.6509837470595046e-08,3.8083689465832265e-09
0.03551136363636364,0.82954545454545459,3.8088612650352797e-08,2.7524230911371709e-09
0.03551136363636364,0.85227272727272729,3.9667387830110554e-08,1.6964772356911213e-09
0.03551136363636364,0.875,1.3215010537568822e-08,5.4924772779332083e-10
0.03551136363636364,0.89772727272727271,1.2931510054508918e-08,-2.2687422160780207e-10
0.03551136363636364,0.92045454545454541,1.2648009571449012e-08,-1.0029961710089249e-09
0.03551136363636364,0.94318181818181823,1.2364509088389107e-08,-1.7791181204100515e-09
0.03551136363636364,0.96590909090909094,1.2081008605329201e-08,-2.5552400698111742e-09
0.03551136363636364,0.98863636363636365,1.1797508122269295e-08,-3.3313620192122969e-09
0.049715909090909088,0.011363636363636364,0,0
0.049715909090909088,0.034090909090909088,0,0
0.049715909090909088,0.056818181818181816,0,0
0.049715909090909088,0.079545454545454544,0,0
0.049715909090909088,0.10227272727272728,0,0
0.049715909090909088,0.125,6.1956324059027457e-10,-2.9309480804274938e-09
0.049715909090909088,0.14772727272727273,1.452453978026224e-09,-2.9433666224204816e-09
0.049715909090909088,0.17045454545454544,2.2853447154621726e-09,-2.9557851644134694e-09
0.049715909090909088,0.19318181818181818,3.118235452898122e-09,-2.9682037064064577e-09
0.049715909090909088,0.21590909090909091,3.9511261903340709e-09,-2.9806222483994455e-09
0.049715909090909088,0.23863636363636365,4.7840169277700211e-09,-2.9930407903924333e-09
0.049715909090909088,0.26136363636363635,7.3639025456944895e-09,-1.3372720673363812e-09
0.049715909090909088,0.28409090909090912,7.7033828742642167e-09,-1.3169338883975602e-09
0.049715909090909088,0.30681818181818182,8.0428632028339397e-09,-1.2965957094587395e-09
0.049715909090909088,0.32954545454545453,8.3823435314036627e-09,-1.2762575305199188e-09
0.049715909090909088,0.35227272727272729,8.721823859973389e-09,-1.2559193515810988e-09
0.049715909090909088,0.375,1.7189127864306487e-08,4.032060405720506e-09
0.049715909090909088,0.39772727272727271,1.7298230429842848e-08,4.1665767080217015e-09
0.049715909090909088,0.42045454545454547,1.7407332995379209e-08,4.3010930103228987e-09
0.049715909090909088,0.44318181818181818,1.7516435560915567e-08,4.435609312624095e-09
0.049715909090909088,0.46590909090909088,1.7625538126451928e-08,4.5701256149252905e-09
0.049715909090909088,0.48863636363636365,1.7734640691988289e-08,4.7046419172264893e-09
0.049715909090909088,0.51136363636363635,1.3904792250026482e-08,-1.0356615641205264e-10
0.049715909090909088,0.53409090909090906,1.5967357499047147e-08,-1.5388535177310087e-10
0.049715909090909088,0.55681818181818177,1.8029922748067813e-08,-2.0420454713414941e-10
0.049715909090909088,0.57954545454545459,2.0092487997088489e-08,-2.545237424951981e-10
0.049715909090909088,0.60227272727272729,2.2155053246109151e-08,-3.0484293785624659e-10
0.049715909090909088,0.625,1.989185363509511e-08,4.9503789675672852e-09
0.049715909090909088,0.64772727272727271,2.0441432066074615e-08,4.1150102037919282e-09
0.049715909090909088,0.67045454545454541,2.0991010497054116e-08,3.2796414400165712e-09
0.049715909090909088,0.69318181818181823,2.1540588928033625e-08,2.4442726762412105e-09
0.049715909090909088,0.71590909090909094,2.209016735901313e-08,1.6089039124658533e-09
0.049715909090909088,0.73863636363636365,2.2639745789992635e-08,7.7353514869049606e-10
0.049715909090909088,0.76136363636363635,2.8058273283924074e-08,4.9805367435903549e-09
0.049715909090909088,0.78409090909090906,2.9386449228799637e-08,4.0922013413897091e-09
0.049715909090909088,0.80681818181818177,3.0714625173675202e-08,3.2038659391890633e-09
0.049715909090909088,0.82954545454545459,3.2042801118550768e-08,2.3155305369884142e-09
0.049715909090909088,0.85227272727272729,3.3370977063426341e-08,1.427195134787769e-09
0.049715909090909088,0.875,1.8501014752596347e-08,7.6894681891064906e-10
0.049715909090909088,0.89772727272727271,1.8104114076312482e-08,-3.1762391025092269e-10
0.049715909090909088,0.92045454545454541,1.7707213400028617e-08,-1.4041946394124944e-09
0.049715909090909088,0.94318181818181823,1.7310312723744745e-08,-2.4907653685740712e-09
0.049715909090909088,0.96590909090909094,1.691341204746088e-08,-3.5773360977356435e-09
0.049715909090909088,0.98863636363636365,1.6516511371177012e-08,-4.6639068268972149e-09
0.063920454545454544,0.011363636363636364,0,0
0.063920454545454544,0.034090909090909088,0,0
0.063920454545454544,0.056818181818181816,0,0
0.063920454545454544,0.079545454545454544,0,0
0.063920454545454544,0.10227272727272728,0,0
0.063920454545454544,0.125,7.9658130933035304e-10,-3.7683618176924923e-09
0.063920454545454544,0.14772727272727273,1.8674408288908597e-09,-3.7843285145406199e-09
0.063920454545454544,0.17045454545454544,2.9383003484513646e-09,-3.8002952113887467e-09
0.063920454545454544,0.19318181818181818,4.0091598680118713e-09,-3.8162619082368743e-09
0.063920454545454544,0.21590909090909091,5.0800193875723775e-09,-3.8322286050850011e-09
0.063920454545454544,0.23863636363636365,6.1508789071328837e-09,-3.8481953019331287e-09
0.063920454545454544,0.26136363636363635,8.723639945532703e-09,3.9060813322310972e-10
0.063920454545454544,0.28409090909090912,8.5617931443520358e-09,4.2567829549451533e-10
0.063920454545454544,0.30681818181818182,8.3999463431713687e-09,4.6074845776592067e-10
0.063920454545454544,0.32954545454545453,8.2380995419906998e-09,4.9581862003732663e-10
0.063920454545454544,0.35227272727272729,8.0762527408100293e-09,5.3088878230873177e-10
0.063920454545454544,0.375,1.7606225112853854e-08,2.9637107644040324e-09
0.063920454545454544,0.39772727272727271,1.8408657971145561e-08,3.1085409557622791e-09
0.063920454545454544,0.42045454545454547,1.9211090829437272e-08,3.2533711471205262e-09
0.063920454545454544,0.44318181818181818,2.0013523687728979e-08,3.398201338478773e-09
0.063920454545454544,0.46590909090909088,2.0815956546020687e-08,3.5430315298370201e-09
0.063920454545454544,0.48863636363636365,2.1618389404312397e-08,3.6878617211952664e-09
0.063920454545454544,0.51136363636363635,1.1794270081411939e-08,3.0558715207165223e-10
0.063920454545454544,0.53409090909090906,1.3365067368112878e-08,1.8683963966357199e-10
0.063920454545454544,0.55681818181818177,1.493586465481382e-08,6.8092127255492065e-11
0.063920454545454544,0.57954545454545459,1.6506661941514762e-08,-5.0655385152588535e-11
0.063920454545454544,0.60227272727272729,1.8077459228215708e-08,-1.6940289756066864e-10
0.063920454545454544,0.625,2.4720689750263328e-08,5.715789810756012e-09
0.063920454545454544,0.64772727272727271,2.5582663433315229e-08,4.759741193247787e-09
0.063920454545454544,0.67045454545454541,2.644463711636713e-08,3.8036925757395604e-09
0.063920454545454544,0.69318181818181823,2.7306610799419031e-08,2.84764395823133e-09
0.063920454545454544,0.71590909090909094,2.8168584482470932e-08,1.8915953407231042e-09
0.063920454545454544,0.73863636363636365,2.9030558165522833e-08,9.3554672321487841e-10
0.063920454545454544,0.76136363636363635,2.2764259456768586e-08,4.0408128297053821e-09
0.063920454545454544,0.78409090909090906,2.3841836166761971e-08,3.3200878807501415e-09
0.063920454545454544,0.80681818181818177,2.4919412876755352e-08,2.5993629317949009e-09
0.063920454545454544,0.82954545454545459,2.599698958674874e-08,1.878637982839657e-09
0.063920454545454544,0.85227272727272729,2.7074566296742124e-08,1.1579130338844164e-09
0.063920454545454544,0.875,2.3787018967623875e-08,9.8864591002797739e-10
0.063920454545454544,0.89772727272727271,2.3276718098116048e-08,-4.0837359889404351e-10
0.063920454545454544,0.92045454545454541,2.2766417228608218e-08,-1.8053931078160646e-09
0.063920454545454544,0.94318181818181823,2.2256116359100387e-08,-3.2024126167380922e-09
0.063920454545454544,0.96590909090909094,2.174581548959256e-08,-4.5994321256601128e-09
0.063920454545454544,0.98863636363636365,2.1235514620084733e-08,-5.9964516345821338e-09
0.078125,0.011363636363636364,0,0
0.078125,0.034090909090909088,0,0
0.078125,0.056818181818181816,0,0
0.078125,0.079545454545454544,0,0
0.078125,0.10227272727272728,0,0
0.078125,0.125,9.7359937807043161e-10,-4.6057755549574907e-09
0.078125,0.14772727272727273,2.2824276797554949e-09,-4.6252904066607577e-09
0.078125,0.17045454545454544,3.5912559814405571e-09,-4.6448052583640247e-09
0.078125,0.19318181818181818,4.9000842831256202e-09,-4.6643201100672909e-09
0.078125,0.21590909090909091,6.2089125848106841e-09,-4.6838349617705579e-09
0.078125,0.23863636363636365,7.5177408864957471e-09,-4.7033498134738241e-09
0.078125,0.26136363636363635,1.0083377345370919e-08,2.118488333782601e-09
0.078125,0.28409090909090912,9.4202034144398567e-09,2.1682904793865912e-09
0.078125,0.30681818181818182,8.7570294835087943e-09,2.2180926249905819e-09
0.078125,0.32954545454545453,8.0938555525777337e-09,2.2678947705945725e-09
0.078125,0.35227272727272729,7.4306816216466713e-09,2.3176969161985632e-09
0.078125,0.375,1.802332236140122e-08,1.89536112308756e-09
0.078125,0.39772727272727271,1.9519085512448278e-08,2.0505052035028563e-09
0.078125,0.42045454545454547,2.1014848663495338e-08,2.2056492839181538e-09
0.078125,0.44318181818181818,2.2510611814542392e-08,2.3607933643334501e-09
0.078125,0.46590909090909088,2.4006374965589449e-08,2.5159374447487476e-09
0.078125,0.48863636363636365,2.550213811663651e-08,2.6710815251640447e-09
0.078125,0.51136363636363635,9.6837479127973972e-09,7.14740460555357e-10
0.078125,0.53409090909090906,1.0762777237178609e-08,5.2756463110024527e-10
0.078125,0.55681818181818177,1.1841806561559824e-08,3.4038880164513354e-10
0.078125,0.57954545454545459,1.2920835885941044e-08,1.5321297219002098e-10
0.078125,0.60227272727272729,1.3999865210322257e-08,-3.3962857265090752e-11
0.078125,0.625,2.9549525865431546e-08,6.4812006539447397e-09
0.078125,0.64772727272727271,3.0723894800555843e-08,5.4044721827036442e-09
0.078125,0.67045454545454541,3.1898263735680136e-08,4.3277437114625504e-09
0.078125,0.69318181818181823,3.3072632670804443e-08,3.25101524022145e-09
0.078125,0.71590909090909094,3.4247001605928737e-08,2.1742867689803554e-09
0.078125,0.73863636363636365,3.5421370541053037e-08,1.0975582977392607e-09
0.078125,0.76136363636363635,1.7470245629613101e-08,3.1010889158204092e-09
0.078125,0.78409090909090906,1.8297223104724301e-08,2.5479744201105735e-09
0.078125,0.80681818181818177,1.9124200579835501e-08,1.9948599244007377e-09
0.078125,0.82954545454545459,1.9951178054946708e-08,1.4417454286908994e-09
0.078125,0.85227272727272729,2.0778155530057908e-08,8.8863093298106367e-10
0.078125,0.875,2.9073023182651404e-08,1.2083450011453057e-09
0.078125,0.89772727272727271,2.8449322119919615e-08,-4.9912328753716444e-10
0.078125,0.92045454545454541,2.7825621057187829e-08,-2.2065915762196344e-09
0.078125,0.94318181818181823,2.7201919994456032e-08,-3.9140598649021132e-09
0.078125,0.96590909090909094,2.6578218931724243e-08,-5.6215281535845822e-09
0.078125,0.98863636363636365,2.5954517868992453e-08,-7.3289964422670528e-09
0.092329545454545456,0.011363636363636364,0,0
0.092329545454545456,0.034090909090909088,0,0
0.092329545454545456,0.056818181818181816,0,0
0.092329545454545456,0.079545454545454544,0,0
0.092329545454545456,0.10227272727272728,0,0
0.092329545454545456,0.125,1.15061744681051e-09,-5.4431892922224883e-09
0.092329545454545456,0.14772727272727273,2.6974145306201305e-09,-5.4662522987808947e-09
0.092329545454545456,0.17045454545454544,4.2442116144297492e-09,-5.4893153053393011e-09
0.092329545454545456,0.19318181818181818,5.7910086982393699e-09,-5.5123783118977075e-09
0.092329545454545456,0.21590909090909091,7.3378057820489898e-09,-5.535441318456113e-09
0.092329545454545456,0.23863636363636365,8.8846028658586089e-09,-5.5585043250145194e-09
0.092329545454545456,0.26136363636363635,1.1443114745209133e-08,3.8463685343420924e-09
0.092329545454545456,0.28409090909090912,1.0278613684527676e-08,3.9109026632786673e-09
0.092329545454545456,0.30681818181818182,9.1141126238462217e-09,3.9754367922152423e-09
0.092329545454545456,0.32954545454545453,7.9496115631647675e-09,4.039970921151818e-09
0.092329545454545456,0.35227272727272729,6.7851105024833117e-09,4.1045050500883938e-09
0.092329545454545456,0.375,1.8440419609948587e-08,8.2701148177108695e-10
0.092329545454545456,0.39772727272727271,2.0629513053750991e-08,9.9246945124343404e-10
0.092329545454545456,0.42045454545454547,2.2818606497553401e-08,1.1579274207157811e-09
0.092329545454545456,0.44318181818181818,2.5007699941355805e-08,1.323385390188128e-09
0.092329545454545456,0.46590909090909088,2.7196793385158208e-08,1.4888433596604751e-09
0.092329545454545456,0.48863636363636365,2.9385886828960618e-08,1.6543013291328226e-09
0.092329545454545456,0.51136363636363635,7.573225744182855e-09,1.1238937690390618e-09
0.092329545454545456,0.53409090909090906,8.1604871062443415e-09,8.6828962253691845e-10
0.092329545454545456,0.55681818181818177,8.7477484683058312e-09,6.1268547603477512e-10
0.092329545454545456,0.57954545454545459,9.3350098303673227e-09,3.570813295326305e-10
0.092329545454545456,0.60227272727272729,9.9222711924288091e-09,1.0147718303048712e-10
0.092329545454545456,0.625,3.4378361980599764e-08,7.2466114971334657e-09
0.092329545454545456,0.64772727272727271,3.5865126167796464e-08,6.0492031721595031e-09
0.092329545454545456,0.67045454545454541,3.735189035499315e-08,4.8517948471855388e-09
0.092329545454545456,0.69318181818181823,3.8838654542189849e-08,3.65438652221157e-09
0.092329545454545456,0.71590909090909094,4.0325418729386542e-08,2.4569781972376069e-09
0.092329545454545456,0.73863636363636365,4.1812182916583229e-08,1.2595698722636429e-09
0.092329545454545456,0.76136363636363635,1.2176231802457614e-08,2.1613650019354364e-09
0.092329545454545456,0.78409090909090906,1.2752610042686632e-08,1.7758609594710056e-09
0.092329545454545456,0.80681818181818177,1.3328988282915654e-08,1.3903569170065749e-09
0.092329545454545456,0.82954545454545459,1.3905366523144676e-08,1.0048528745421419e-09
0.092329545454545456,0.85227272727272729,1.4481744763373693e-08,6.1934883207771102e-10
0.092329545454545456,0.875,3.4359027397678933e-08,1.4280440922626341e-09
0.092329545454545456,0.89772727272727271,3.3621926141723182e-08,-5.8987297618028506e-10
0.092329545454545456,0.92045454545454541,3.288482488576743e-08,-2.6077900446232042e-09
0.092329545454545456,0.94318181818181823,3.2147723629811671e-08,-4.6257071130661338e-09
0.092329545454545456,0.96590909090909094,3.1410622373855919e-08,-6.6436241815090532e-09
0.092329545454545456,0.98863636363636365,3.0673521117900167e-08,-8.6615412499519725e-09
0.10653409090909091,0.011363636363636364,0,0
0.10653409090909091,0.034090909090909088,0,0
0.10653409090909091,0.056818181818181816,0,0
0.10653409090909091,0.079545454545454544,0,0
0.10653409090909091,0.10227272727272728,0,0
0.10653409090909091,0.125,1.3276355155505885e-09,-6.2806030294874868e-09
0.10653409090909091,0.14772727272727273,3.1124013814847661e-09,-6.3072141909010317e-09
0.10653409090909091,0.17045454545454544,4.8971672474189412e-09,-6.3338253523145775e-09
0.10653409090909091,0.19318181818181818,6.6819331133531188e-09,-6.3604365137281233e-09
0.10653409090909091,0.21590909090909091,8.4666989792872972e-09,-6.387047675141669e-09
0.10653409090909091,0.23863636363636365,1.0251464845221474e-08,-6.4136588365552156e-09
0.10653409090909091,0.26136363636363635,1.2802852145047348e-08,5.574248734901583e-09
0.10653409090909091,0.28409090909090912,1.1137023954615497e-08,5.6535148471707434e-09
0.10653409090909091,0.30681818181818182,9.4711957641836507e-09,5.7327809594399039e-09
0.10653409090909091,0.32954545454545453,7.805367573751803e-09,5.8120470717090643e-09
0.10653409090909091,0.35227272727272729,6.1395393833199521e-09,5.8913131839782248e-09
0.10653409090909091,0.375,1.885751685849595e-08,-2.4133815954538587e-10
0.10653409090909091,0.39772727272727271,2.1739940595053704e-08,-6.5566301015988694e-11
0.10653409090909091,0.42045454545454547,2.4622364331611467e-08,1.1020555751340866e-10
0.10653409090909091,0.44318181818181818,2.7504788068169217e-08,2.8597741604280586e-10
0.10653409090909091,0.46590909090909088,3.0387211804726971e-08,4.6174927457220293e-10
0.10653409090909091,0.48863636363636365,3.3269635541284737e-08,6.3752113310160031e-10
0.10653409090909091,0.51136363636363635,5.462703575568312e-09,1.5330470775227668e-09
0.10653409090909091,0.53409090909090906,5.558196975310074e-09,1.2090146139735916e-09
0.10653409090909091,0.55681818181818177,5.6536903750518368e-09,8.8498215042441649e-10
0.10653409090909091,0.57954545454545459,5.7491837747935996e-09,5.6094968687524001e-10
0.10653409090909091,0.60227272727272729,5.8446771745353615e-09,2.3691722332606498e-10
0.10653409090909091,0.625,3.9207198095767985e-08,8.0120223403221942e-09
0.10653409090909091,0.64772727272727271,4.1006357535037064e-08,6.6939341616153611e-09
0.10653409090909091,0.67045454545454541,4.2805516974306157e-08,5.375845982908528e-09
0.10653409090909091,0.69318181818181823,4.4604676413575256e-08,4.05775780420169e-09
0.10653409090909091,0.71590909090909094,4.6403835852844341e-08,2.7396696254948577e-09
0.10653409090909091,0.73863636363636365,4.820299529211344e-08,1.4215814467880254e-09
0.10653409090909091,0.76136363636363635,6.8822179753021298e-09,1.221641088050464e-09
0.10653409090909091,0.78409090909090906,7.2079969806489655e-09,1.0037474988314378e-09
0.10653409090909091,0.80681818181818177,7.533775985995802e-09,7.8585390961241178e-10
0.10653409090909091,0.82954545454545459,7.859554991342641e-09,5.6796032039338451e-10
0.10653409090909091,0.85227272727272729,8.1853339966894784e-09,3.5006673117435837e-10
0.10653409090909091,0.875,3.9645031612706466e-08,1.6477431833799624e-09
0.10653409090909091,0.89772727272727271,3.8794530163526745e-08,-6.8062266482340609e-10
0.10653409090909091,0.92045454545454541,3.7944028714347037e-08,-3.0089885130267748e-09
0.10653409090909091,0.94318181818181823,3.7093527265167316e-08,-5.3373543612301536e-09
0.10653409090909091,0.96590909090909094,3.6243025815987609e-08,-7.6657202094335225e-09
0.10653409090909091,0.98863636363636365,3.5392524366807888e-08,-9.9940860576368906e-09
0.12073863636363637,0.011363636363636364,0,0
0.12073863636363637,0.034090909090909088,0,0
0.12073863636363637,0.056818181818181816,0,0
0.12073863636363637,0.079545454545454544,0,0
0.12073863636363637,0.10227272727272728,0,0
0.12073863636363637,0.125,1.5046535842906669e-09,-7.1180167667524853e-09
0.12073863636363637,0.14772727272727273,3.5273882323494017e-09,-7.1481760830211704e-09
0.12073863636363637,0.17045454545454544,5.5501228804081341e-09,-7.1783353992898555e-09
0.12073863636363637,0.19318181818181818,7.5728575284668685e-09,-7.2084947155585407e-09
0.12073863636363637,0.21590909090909091,9.5955921765256029e-09,-7.238654031827225e-09
0.12073863636363637,0.23863636363636365,1.1618326824584337e-08,-7.268813348095911e-09
0.12073863636363637,0.26136363636363635,1.4162589544885564e-08,7.3021289354610744e-09
0.12073863636363637,0.28409090909090912,1.1995434224703318e-08,7.3961270310628195e-09
0.12073863636363637,0.30681818181818182,9.828278904521078e-09,7.4901251266645638e-09
0.12073863636363637,0.32954545454545453,7.6611235843388369e-09,7.584123222266309e-09
0.12073863636363637,0.35227272727272729,5.4939682641565932e-09,7.6781213178680557e-09
0.12073863636363637,0.375,1.9274614107043317e-08,-1.3096878008618589e-09
0.12073863636363637,0.39772727272727271,2.285036813635642e-08,-1.1236020532754114e-09
0.12073863636363637,0.42045454545454547,2.6426122165669527e-08,-9.3751630568896376e-10
0.12073863636363637,0.44318181818181818,3.000187619498263e-08,-7.5143055810251651e-10
0.12073863636363637,0.46590909090909088,3.3577630224295733e-08,-5.6534481051606925e-10
0.12073863636363637,0.48863636363636365,3.7153384253608843e-08,-3.7925906292962148e-10
0.12073863636363637,0.51136363636363635,3.352181406953769e-09,1.9422003860064717e-09
0.12073863636363637,0.53409090909090906,2.9559068443758057e-09,1.5497396054102647e-09
0.12073863636363637,0.55681818181818177,2.5596322817978423e-09,1.1572788248140583e-09
0.12073863636363637,0.57954545454545459,2.1633577192198773e-09,7.6481804421784948e-10
0.12073863636363637,0.60227272727272729,1.767083156641914e-09,3.7235726362164285e-10
0.12073863636363637,0.625,4.40360342109362e-08,8.777433183510921e-09
0.12073863636363637,0.64772727272727271,4.6147588902277692e-08,7.3386651510712199e-09
0.12073863636363637,0.67045454545454541,4.825914359361917e-08,5.8998971186315172e-09
0.12073863636363637,0.69318181818181823,5.0370698284960662e-08,4.4611290861918103e-09
0.12073863636363637,0.71590909090909094,5.2482252976302147e-08,3.0223610537521084e-09
0.12073863636363637,0.73863636363636365,5.4593807667643632e-08,1.5835930213124076e-09
0.12073863636363637,0.76136363636363635,1.5882041481466442e-09,2.8191717416549152e-10
0.12073863636363637,0.78409090909090906,1.6633839186112988e-09,2.316340381918701e-10
0.12073863636363637,0.80681818181818177,1.7385636890759532e-09,1.8135090221824873e-10
0.12073863636363637,0.82954545454545459,1.813743459540608e-09,1.3106776624462709e-10
0.12073863636363637,0.85227272727272729,1.8889232300052628e-09,8.0784630271005722e-11
0.12073863636363637,0.875,4.4931035827733991e-08,1.8674422744972907e-09
0.12073863636363637,0.89772727272727271,4.3967134185330321e-08,-7.7137235346652692e-10
0.12073863636363637,0.92045454545454541,4.3003232542926638e-08,-3.410186981430345e-09
0.12073863636363637,0.94318181818181823,4.2039330900522961e-08,-6.0490016093941742e-09
0.12073863636363637,0.96590909090909094,4.1075429258119285e-08,-8.6878162373579918e-09
0.12073863636363637,0.98863636363636365,4.0111527615715608e-08,-1.1326630865321809e-08
0.13494318181818182,0.011363636363636364,0,0
0.13494318181818182,0.034090909090909088,0,0
0.13494318181818182,0.056818181818181816,0,0
0.13494318181818182,0.079545454545454544,0,0
0.13494318181818182,0.10227272727272728,0,0
0.13494318181818182,0.125,1.0400924592975997e-09,-5.9985001227778584e-10
0.13494318181818182,0.14772727272727273,1.2117714492983516e-09,-5.5744478275759402e-10
0.13494318181818182,0.17045454545454544,1.3834504392991033e-09,-5.1503955323740219e-10
0.13494318181818182,0.19318181818181818,1.5551294292998552e-09,-4.7263432371721036e-10
0.13494318181818182,0.21590909090909091,1.726808419300607e-09,-4.3022909419701853e-10
0.13494318181818182,0.23863636363636365,1.8984874093013591e-09,-3.878238646768266e-10
0.13494318181818182,0.26136363636363635,1.3244335444591607e-08,-6.0946606013481558e-09
0.13494318181818182,0.28409090909090912,1.5187767762771584e-08,-5.7241948023143866e-09
0.13494318181818182,0.30681818181818182,1.7131200080951561e-08,-5.3537290032806173e-09
0.13494318181818182,0.32954545454545453,1.9074632399131535e-08,-4.9832632042468489e-09
0.13494318181818182,0.35227272727272729,2.1018064717311516e-08,-4.6127974052130796e-09
0.13494318181818182,0.375,5.9440331703914778e-09,7.6044451725846366e-09
0.13494318181818182,0.39772727272727271,5.5894916708829257e-09,6.2194211697774645e-09
0.13494318181818182,0.42045454545454547,5.2349501713743711e-09,4.8343971669702891e-09
0.13494318181818182,0.44318181818181818,4.880408671865819e-09,3.449373164163117e-09
0.13494318181818182,0.46590909090909088,4.525867172357266e-09,2.0643491613559453e-09
0.13494318181818182,0.48863636363636365,4.1713256728487123e-09,6.7932515854876943e-10
0.13494318181818182,0.51136363636363635,3.7848658331837896e-08,-5.0732183575540064e-10
0.13494318181818182,0.53409090909090906,3.9522310916060297e-08,-4.3637559063975332e-10
0.13494318181818182,0.55681818181818177,4.1195963500282691e-08,-3.6542934552410601e-10
0.13494318181818182,0.57954545454545459,4.2869616084505092e-08,-2.9448310040845833e-10
0.13494318181818182,0.60227272727272729,4.4543268668727486e-08,-2.2353685529281101e-10
0.13494318181818182,0.625,4.5829070010964797e-09,7.1170153360563547e-11
0.13494318181818182,0.64772727272727271,4.4750993095238571e-09,-6.1977426619503597e-11
0.13494318181818182,0.67045454545454541,4.3672916179512344e-09,-1.9512500659957075e-10
0.13494318181818182,0.69318181818181823,4.2594839263786101e-09,-3.2827258657963857e-10
0.13494318181818182,0.71590909090909094,4.1516762348059883e-09,-4.6142016655970576e-10
0.13494318181818182,0.73863636363636365,4.0438685432333648e-09,-5.9456774653977286e-10
0.13494318181818182,0.76136363636363635,5.2326426889469184e-08,2.5321309070606417e-10
0.13494318181818182,0.78409090909090906,5.091771864303192e-08,-8.8744141994056325e-10
0.13494318181818182,0.80681818181818177,4.9509010396594663e-08,-2.028095930587191e-09
0.13494318181818182,0.82954545454545459,4.8100302150157399e-08,-3.1687504412338236e-09
0.13494318181818182,0.85227272727272729,4.6691593903720136e-08,-4.3094049518804511e-09
0.13494318181818182,0.875,3.2636122066070178e-09,-1.0414384382956009e-09
0.13494318181818182,0.89772727272727271,1.102551044451709e-09,3.3679487580346114e-09
0.13494318181818182,0.92045454545454541,-1.0585101177035994e-09,7.7773359543648231e-09
0.13494318181818182,0.94318181818181823,-3.2195712798589192e-09,1.2186723150695059e-08
0.13494318181818182,0.96590909090909094,-5.3806324420142286e-09,1.659611034702527e-08
0.13494318181818182,0.98863636363636365,-7.5416936041695351e-09,2.1005497543355484e-08
0.14914772727272727,0.011363636363636364,0,0
0.14914772727272727,0.034090909090909088,0,0
0.14914772727272727,0.056818181818181816,0,0
0.14914772727272727,0.079545454545454544,0,0
0.14914772727272727,0.10227272727272728,0,0
0.14914772727272727,0.125,2.5259388297227398e-09,-1.4567786012460502e-09
0.14914772727272727,0.14772727272727273,2.9428735197245656e-09,-1.3537944724112985e-09
0.14914772727272727,0.17045454545454544,3.3598082097263909e-09,-1.2508103435765472e-09
0.14914772727272727,0.19318181818181818,3.776742899728217e-09,-1.1478262147417955e-09
0.14914772727272727,0.21590909090909091,4.1936775897300423e-09,-1.044842085907044e-09
0.14914772727272727,0.23863636363636365,4.6106122797318685e-09,-9.4185795707229256e-10
0.14914772727272727,0.26136363636363635,1.1943995880085375e-08,-4.4092837090788551e-09
0.14914772727272727,0.28409090909090912,1.3580545567080392e-08,-4.271144359951309e-09
0.14914772727272727,0.30681818181818182,1.5217095254075404e-08,-4.1330050108237622e-09
0.14914772727272727,0.32954545454545453,1.6853644941070415e-08,-3.994865661696217e-09
0.14914772727272727,0.35227272727272729,1.8490194628065432e-08,-3.8567263125686701e-09
0.14914772727272727,0.375,1.0174447029093258e-08,6.5928219210819405e-09
0.14914772727272727,0.39772727272727271,1.0088156236598519e-08,5.3883042645597215e-09
0.14914772727272727,0.42045454545454547,1.0001865444103781e-08,4.1837866080374992e-09
0.14914772727272727,0.44318181818181818,9.9155746516090402e-09,2.9792689515152814e-09
0.14914772727272727,0.46590909090909088,9.829283859114303e-09,1.7747512949930624e-09
0.14914772727272727,0.48863636363636365,9.7429930666195642e-09,5.7023363847084051e-10
0.14914772727272727,0.51136363636363635,3.3175984463709769e-08,-4.4468951035349939e-10
0.14914772727272727,0.53409090909090906,3.4643013272102236e-08,-3.8250206093114186e-10
0.14914772727272727,0.55681818181818177,3.611004208049471e-08,-3.2031461150878433e-10
0.14914772727272727,0.57954545454545459,3.7577070888887183e-08,-2.5812716208642644e-10
0.14914772727272727,0.60227272727272729,3.9044099697279657e-08,-1.9593971266406891e-10
0.14914772727272727,0.625,1.1129917002662871e-08,1.7284180101851134e-10
0.14914772727272727,0.64772727272727271,1.0868098323129358e-08,-1.5051660750450862e-10
0.14914772727272727,0.67045454545454541,1.0606279643595845e-08,-4.7387501602752856e-10
0.14914772727272727,0.69318181818181823,1.0344460964062332e-08,-7.9723342455055018e-10
0.14914772727272727,0.71590909090909094,1.0082642284528819e-08,-1.1205918330735701e-09
0.14914772727272727,0.73863636363636365,9.8208236049953081e-09,-1.4439502415965901e-09
0.14914772727272727,0.76136363636363635,4.5741265779058911e-08,5.3239914342765783e-10
0.14914772727272727,0.78409090909090906,4.4256255314933899e-08,1.5346003354011334e-10
0.14914772727272727,0.80681818181818177,4.2771244850808879e-08,-2.2547907634743136e-10
0.14914772727272727,0.82954545454545459,4.128623438668386e-08,-6.0441818623497646e-10
0.14914772727272727,0.85227272727272729,3.9801223922558847e-08,-9.833572961225224e-10
0.14914772727272727,0.875,7.925915358902751e-09,-2.5292076358607427e-09
0.14914772727272727,0.89772727272727271,5.5729899789656836e-09,9.9467521879556085e-10
0.14914772727272727,0.92045454545454541,3.2200645990286165e-09,4.5185580734518644e-09
0.14914772727272727,0.94318181818181823,8.6713921909153752e-10,8.0424409281081846e-09
0.14914772727272727,0.96590909090909094,-1.4857861608455299e-09,1.1566323782764487e-08
0.14914772727272727,0.98863636363636365,-3.8387115407825978e-09,1.5090206637420795e-08
0.16335227272727273,0.011363636363636364,0,0
0.16335227272727273,0.034090909090909088,0,0
0.16335227272727273,0.056818181818181816,0,0
0.16335227272727273,0.079545454545454544,0,0
0.16335227272727273,0.10227272727272728,0,0
0.16335227272727273,0.125,4.0117852001478833e-09,-2.3137071902143163e-09
0.16335227272727273,0.14772727272727273,4.6739755901507835e-09,-2.1501441620650048e-09
0.16335227272727273,0.17045454545454544,5.3361659801536828e-09,-1.9865811339156934e-09
0.16335227272727273,0.19318181818181818,5.9983563701565821e-09,-1.8230181057663823e-09
0.16335227272727273,0.21590909090909091,6.6605467601594831e-09,-1.6594550776170709e-09
0.16335227272727273,0.23863636363636365,7.3227371501623824e-09,-1.4958920494677594e-09
0.16335227272727273,0.26136363636363635,1.0643656315579138e-08,-2.7239068168095481e-09
0.16335227272727273,0.28409090909090912,1.197332337138919e-08,-2.8180939175882265e-09
0.16335227272727273,0.30681818181818182,1.3302990427199241e-08,-2.9122810183669037e-09
0.16335227272727273,0.32954545454545453,1.4632657483009291e-08,-3.0064681191455817e-09
0.16335227272727273,0.35227272727272729,1.5962324538819345e-08,-3.1006552199242602e-09
0.16335227272727273,0.375,1.4404860887795045e-08,5.5811986695792428e-09
0.16335227272727273,0.39772727272727271,1.4586820802314121e-08,4.5571873593419777e-09
0.16335227272727273,0.42045454545454547,1.4768780716833198e-08,3.5331760491047101e-09
0.16335227272727273,0.44318181818181818,1.4950740631352275e-08,2.5091647388674442e-09
0.16335227272727273,0.46590909090909088,1.513270054587135e-08,1.4851534286301789e-09
0.16335227272727273,0.48863636363636365,1.5314660460390424e-08,4.6114211839291143e-10
0.16335227272727273,0.51136363636363635,2.8503310595581625e-08,-3.8205718495159799e-10
0.16335227272727273,0.53409090909090906,2.9763715628144168e-08,-3.2862853122253024e-10
0.16335227272727273,0.55681818181818177,3.1024120660706715e-08,-2.751998774934625e-10
0.16335227272727273,0.57954545454545459,3.2284525693269268e-08,-2.2177122376439454e-10
0.16335227272727273,0.60227272727272729,3.3544930725831808e-08,-1.6834257003532682e-10
0.16335227272727273,0.625,1.7676927004229275e-08,2.7451344867645935e-10
0.16335227272727273,0.64772727272727271,1.726109733673487e-08,-2.3905578838951384e-10
0.16335227272727273,0.67045454545454541,1.6845267669240469e-08,-7.5262502545548699e-10
0.16335227272727273,0.69318181818181823,1.6429438001746064e-08,-1.2661942625214625e-09
0.16335227272727273,0.71590909090909094,1.6013608334251663e-08,-1.7797634995874358e-09
0.16335227272727273,0.73863636363636365,1.5597778666757261e-08,-2.293332736653409e-09
0.16335227272727273,0.76136363636363635,3.9156104668648626e-08,8.1158519614925185e-10
0.16335227272727273,0.78409090909090906,3.7594791986835864e-08,1.1943614870207922e-09
0.16335227272727273,0.80681818181818177,3.6033479305023095e-08,1.577137777892332e-09
0.16335227272727273,0.82954545454545459,3.4472166623210314e-08,1.9599140687638735e-09
0.16335227272727273,0.85227272727272729,3.2910853941397545e-08,2.342690359635413e-09
0.16335227272727273,0.875,1.2588218511198494e-08,-4.0169768334258877e-09
0.16335227272727273,0.89772727272727271,1.0043428913479666e-08,-1.3785983204434941e-09
0.16335227272727273,0.92045454545454541,7.4986393157608403e-09,1.2597801925388987e-09
0.16335227272727273,0.94318181818181823,4.9538497180420012e-09,3.8981587055213029e-09
0.16335227272727273,0.96590909090909094,2.4090601203231758e-09,6.5365372185036959e-09
0.16335227272727273,0.98863636363636365,-1.3572947739565045e-10,9.1749157314860864e-09
0.17755681818181818,0.011363636363636364,0,0
0.17755681818181818,0.034090909090909088,0,0
0.17755681818181818,0.056818181818181816,0,0
0.17755681818181818,0.079545454545454544,0,0
0.17755681818181818,0.10227272727272728,0,0
0.17755681818181818,0.125,5.4976315705730231e-09,-3.1706357791825805e-09
0.17755681818181818,0.14772727272727273,6.4050776605769972e-09,-2.9464938517187091e-09
0.17755681818181818,0.17045454545454544,7.3125237505809697e-09,-2.7223519242548385e-09
0.17755681818181818,0.19318181818181818,8.2199698405849439e-09,-2.4982099967909675e-09
0.17755681818181818,0.21590909090909091,9.1274159305889172e-09,-2.2740680693270965e-09
0.17755681818181818,0.23863636363636365,1.0034862020592892e-08,-2.0499261418632255e-09
0.17755681818181818,0.26136363636363635,9.3433167510729084e-09,-1.0385299245402457e-09
0.17755681818181818,0.28409090909090912,1.0366101175697997e-08,-1.3650434752251478e-09
0.17755681818181818,0.30681818181818182,1.1388885600323084e-08,-1.6915570259100482e-09
0.17755681818181818,0.32954545454545453,1.2411670024948171e-08,-2.018070576594949e-09
0.17755681818181818,0.35227272727272729,1.3434454449573261e-08,-2.3445841272798507e-09
0.17755681818181818,0.375,1.8635274746496826e-08,4.5695754180765475e-09
0.17755681818181818,0.39772727272727271,1.9085485368029715e-08,3.7260704541242347e-09
0.17755681818181818,0.42045454545454547,1.9535695989562608e-08,2.8825654901719207e-09
0.17755681818181818,0.44318181818181818,1.9985906611095497e-08,2.0390605262196087e-09
0.17755681818181818,0.46590909090909088,2.0436117232628384e-08,1.1955555622672967e-09
0.17755681818181818,0.48863636363636365,2.088632785416128e-08,3.520505983149825e-10
0.17755681818181818,0.51136363636363635,2.3830636727453494e-08,-3.1942485954969674e-10
0.17755681818181818,0.53409090909090906,2.4884417984186114e-08,-2.7475500151391878e-10
0.17755681818181818,0.55681818181818177,2.5938199240918733e-08,-2.3008514347814084e-10
0.17755681818181818,0.57954545454545459,2.6991980497651353e-08,-1.8541528544236268e-10
0.17755681818181818,0.60227272727272729,2.8045761754383972e-08,-1.4074542740658474e-10
0.17755681818181818,0.625,2.4223937005795666e-08,3.7618509633440713e-10
0.17755681818181818,0.64772727272727271,2.3654096350340373e-08,-3.2759496927451888e-10
0.17755681818181818,0.67045454545454541,2.3084255694885086e-08,-1.0313750348834448e-09
0.17755681818181818,0.69318181818181823,2.2514415039429786e-08,-1.735155100492374e-09
0.17755681818181818,0.71590909090909094,2.1944574383974496e-08,-2.4389351661013001e-09
0.17755681818181818,0.73863636363636365,2.1374733728519203e-08,-3.1427152317102262e-09
0.17755681818181818,0.76136363636363635,3.257094355823836e-08,1.0907712488708457e-09
0.17755681818181818,0.78409090909090906,3.0933328658737836e-08,2.2352629405014686e-09
0.17755681818181818,0.80681818181818177,2.9295713759237312e-08,3.3797546321320921e-09
0.17755681818181818,0.82954545454545459,2.7658098859736781e-08,4.5242463237627206e-09
0.17755681818181818,0.85227272727272729,2.6020483960236256e-08,5.6687380153933442e-09
0.17755681818181818,0.875,1.7250521663494228e-08,-5.5047460309910293e-09
0.17755681818181818,0.89772727272727271,1.4513867847993642e-08,-3.7518718596825452e-09
0.17755681818181818,0.92045454545454541,1.1777214032493058e-08,-1.9989976883740624e-09
0.17755681818181818,0.94318181818181823,9.0405602169924588e-09,-2.4612351706556803e-10
0.17755681818181818,0.96590909090909094,6.3039064014918737e-09,1.5067506542429127e-09
0.17755681818181818,0.98863636363636365,3.5672525859912878e-09,3.2596248255513993e-09
0.19176136363636365,0.011363636363636364,0,0
0.19176136363636365,0.034090909090909088,0,0
0.19176136363636365,0.056818181818181816,0,0
0.19176136363636365,0.079545454545454544,0,0
0.19176136363636365,0.10227272727272728,0,0
0.19176136363636365,0.125,6.9834779409981662e-09,-4.0275643681508463e-09
0.19176136363636365,0.14772727272727273,8.1361797310032143e-09,-3.742843541372415e-09
0.19176136363636365,0.17045454545454544,9.2888815210082616e-09,-3.4581227145939853e-09
0.19176136363636365,0.19318181818181818,1.0441583311013311e-08,-3.1734018878155539e-09
0.19176136363636365,0.21590909090909091,1.159428510101836e-08,-2.8886810610371234e-09
0.19176136363636365,0.23863636363636365,1.2746986891023405e-08,-2.603960234258692e-09
0.19176136363636365,0.26136363636363635,8.0429771865666735e-09,6.4684696772906004e-10
0.19176136363636365,0.28409090909090912,8.7588789800067984e-09,8.8006967137933507e-11
0.19176136363636365,0.30681818181818182,9.4747807734469234e-09,-4.7083303345318972e-10
0.19176136363636365,0.32954545454545453,1.0190682566887047e-08,-1.0296730340443142e-09
0.19176136363636365,0.35227272727272729,1.0906584360327175e-08,-1.5885130346354403e-09
0.19176136363636365,0.375,2.2865688605198613e-08,3.557952166573849e-09
0.19176136363636365,0.39772727272727271,2.3584149933745317e-08,2.8949535489064909e-09
0.19176136363636365,0.42045454545454547,2.4302611262292025e-08,2.2319549312391304e-09
0.19176136363636365,0.44318181818181818,2.5021072590838726e-08,1.5689563135717721e-09
0.19176136363636365,0.46590909090909088,2.5739533919385434e-08,9.0595769590441355e-10
0.19176136363636365,0.48863636363636365,2.6457995247932138e-08,2.4295907823705342e-10
0.19176136363636365,0.51136363636363635,1.9157962859325354e-08,-2.5679253414779539e-10
0.19176136363636365,0.53409090909090906,2.0005120340228046e-08,-2.2088147180530718e-10
0.19176136363636365,0.55681818181818177,2.0852277821130739e-08,-1.8497040946281906e-10
0.19176136363636365,0.57954545454545459,2.1699435302033438e-08,-1.4905934712033073e-10
0.19176136363636365,0.60227272727272729,2.254659278293613e-08,-1.1314828477784259e-10
0.19176136363636365,0.625,3.0770947007362071e-08,4.7785674399235507e-10
0.19176136363636365,0.64772727272727271,3.0047095363945889e-08,-4.1613415015952408e-10
0.19176136363636365,0.67045454545454541,2.9323243720529707e-08,-1.3101250443114032e-09
0.19176136363636365,0.69318181818181823,2.8599392077113518e-08,-2.2041159384632868e-09
0.19176136363636365,0.71590909090909094,2.7875540433697336e-08,-3.0981068326151662e-09
0.19176136363636365,0.73863636363636365,2.7151688790281154e-08,-3.9920977267670451e-09
0.19176136363636365,0.76136363636363635,2.5985782447828081e-08,1.3699573015924398e-09
0.19176136363636365,0.78409090909090906,2.4271865330639798e-08,3.2761643939821475e-09
0.19176136363636365,0.80681818181818177,2.2557948213451521e-08,5.1823714863718543e-09
0.19176136363636365,0.82954545454545459,2.0844031096263234e-08,7.0885785787615715e-09
0.19176136363636365,0.85227272727272729,1.9130113979074954e-08,8.9947856711512771e-09
0.19176136363636365,0.875,2.1912824815789971e-08,-6.9925152285561742e-09
0.19176136363636365,0.89772727272727271,1.8984306782507623e-08,-6.1251453989216016e-09
0.19176136363636365,0.92045454545454541,1.6055788749225279e-08,-5.2577755692870281e-09
0.19176136363636365,0.94318181818181823,1.3127270715942921e-08,-4.3904057396524505e-09
0.19176136363636365,0.96590909090909094,1.0198752682660579e-08,-3.5230359100178779e-09
0.19176136363636365,0.98863636363636365,7.2702346493782342e-09,-2.6556660803833044e-09
0.20596590909090909,0.011363636363636364,0,0
0.20596590909090909,0.034090909090909088,0,0
0.20596590909090909,0.056818181818181816,0,0
0.20596590909090909,0.079545454545454544,0,0
0.20596590909090909,0.10227272727272728,0,0
0.20596590909090909,0.125,8.4693243114233068e-09,-4.884492957119111e-09
0.20596590909090909,0.14772727272727273,9.8672818014294297e-09,-4.5391932310261201e-09
0.20596590909090909,0.17045454545454544,1.1265239291435549e-08,-4.19389350493313e-09
0.20596590909090909,0.19318181818181818,1.2663196781441672e-08,-3.8485937788401391e-09
0.20596590909090909,0.21590909090909091,1.4061154271447792e-08,-3.503294052747149e-09
0.20596590909090909,0.23863636363636365,1.5459111761453915e-08,-3.1579943266541576e-09
0.20596590909090909,0.26136363636363635,6.7426376220604403e-09,2.332223859998362e-09
0.20596590909090909,0.28409090909090912,7.1516567843156033e-09,1.5410574095010135e-09
0.20596590909090909,0.30681818181818182,7.5606759465707664e-09,7.4989095900366583e-10
0.20596590909090909,0.32954545454545453,7.9696951088259261e-09,-4.1275491493681449e-11
0.20596590909090909,0.35227272727272729,8.3787142710810875e-09,-8.3244194199103121e-10
0.20596590909090909,0.375,2.7096102463900397e-08,2.5463289150711533e-09
0.20596590909090909,0.39772727272727271,2.8082814499460913e-08,2.0638366436887479e-09
0.20596590909090909,0.42045454545454547,2.9069526535021435e-08,1.5813443723063415e-09
0.20596590909090909,0.44318181818181818,3.0056238570581951e-08,1.0988521009239364e-09
0.20596590909090909,0.46590909090909088,3.1042950606142467e-08,6.1635982954153101e-10
0.20596590909090909,0.48863636363636365,3.2029662641702984e-08,1.3386755815912453e-10
0.20596590909090909,0.51136363636363635,1.4485288991197221e-08,-1.9416020874589406e-10
0.20596590909090909,0.53409090909090906,1.5125822696269988e-08,-1.6700794209669572e-10
0.20596590909090909,0.55681818181818177,1.5766356401342757e-08,-1.3985567544749738e-10
0.20596590909090909,0.57954545454545459,1.6406890106415529e-08,-1.1270340879829889e-10
0.20596590909090909,0.60227272727272729,1.7047423811488298e-08,-8.5551142149100525e-11
0.20596590909090909,0.625,3.7317957008928462e-08,5.795283916503029e-10
0.20596590909090909,0.64772727272727271,3.6440094377551388e-08,-5.0467333104452896e-10
0.20596590909090909,0.67045454545454541,3.5562231746174314e-08,-1.5888750537393606e-09
0.20596590909090909,0.69318181818181823,3.468436911479724e-08,-2.6730767764341983e-09
0.20596590909090909,0.71590909090909094,3.3806506483420167e-08,-3.7572784991290297e-09
0.20596590909090909,0.73863636363636365,3.2928643852043093e-08,-4.8414802218238611e-09
0.20596590909090909,0.76136363636363635,1.9400621337417816e-08,1.6491433543140333e-09
0.20596590909090909,0.78409090909090906,1.7610402002541776e-08,4.3170658474628238e-09
0.20596590909090909,0.80681818181818177,1.5820182667665744e-08,6.984988340611614e-09
0.20596590909090909,0.82954545454545459,1.4029963332789698e-08,9.652910833760419e-09
0.20596590909090909,0.85227272727272729,1.2239743997913659e-08,1.2320833326909207e-08
0.20596590909090909,0.875,2.6575127968085704e-08,-8.4802844261213167e-09
0.20596590909090909,0.89772727272727271,2.3454745717021601e-08,-8.4984189381606513e-09
0.20596590909090909,0.92045454545454541,2.0334363465957498e-08,-8.5165534501999876e-09
0.20596590909090909,0.94318181818181823,1.7213981214893379e-08,-8.534687962239324e-09
0.20596590909090909,0.96590909090909094,1.4093598963829276e-08,-8.5528224742786603e-09
0.20596590909090909,0.98863636363636365,1.0973216712765172e-08,-8.5709569863179932e-09
0.22017045454545456,0.011363636363636364,0,0
0.22017045454545456,0.034090909090909088,0,0
0.22017045454545456,0.056818181818181816,0,0
0.22017045454545456,0.079545454545454544,0,0
0.22017045454545456,0.10227272727272728,0,0
0.22017045454545456,0.125,9.9551706818484498e-09,-5.7414215460873764e-09
0.22017045454545456,0.14772727272727273,1.1598383871855647e-08,-5.335542920679826e-09
0.22017045454545456,0.17045454545454544,1.3241597061862841e-08,-4.9296642952722763e-09
0.22017045454545456,0.19318181818181818,1.4884810251870037e-08,-4.5237856698647259e-09
0.22017045454545456,0.21590909090909091,1.6528023441877231e-08,-4.1179070444571754e-09
0.22017045454545456,0.23863636363636365,1.8171236631884428e-08,-3.7120284190496258e-09
0.22017045454545456,0.26136363636363635,5.4422980575542053e-09,4.0176007522676686e-09
0.22017045454545456,0.28409090909090912,5.544434588624404e-09,2.9941078518640952e-09
0.22017045454545456,0.30681818181818182,5.6465711196946027e-09,1.9706149514605239e-09
0.22017045454545456,0.32954545454545453,5.7487076507648014e-09,9.4712205105695295e-10
0.22017045454545456,0.35227272727272729,5.8508441818350001e-09,-7.6370849346620455e-11
0.22017045454545456,0.375,3.1326516322602184e-08,1.5347056635684556e-09
0.22017045454545456,0.39772727272727271,3.2581479065176508e-08,1.2327197384710041e-09
0.22017045454545456,0.42045454545454547,3.3836441807750852e-08,9.3073381337355135e-10
0.22017045454545456,0.44318181818181818,3.5091404550325183e-08,6.2874788827609949e-10
0.22017045454545456,0.46590909090909088,3.6346367292899514e-08,3.267619631786479e-10
0.22017045454545456,0.48863636363636365,3.7601330035473852e-08,2.4776038081195394e-11
0.22017045454545456,0.51136363636363635,9.8126151230690809e-09,-1.3152788334399268e-10
0.22017045454545456,0.53409090909090906,1.0246525052311924e-08,-1.1313441238808414e-10
0.22017045454545456,0.55681818181818177,1.0680434981554766e-08,-9.4740941432175589e-11
0.22017045454545456,0.57954545454545459,1.1114344910797612e-08,-7.6347470476266945e-11
0.22017045454545456,0.60227272727272729,1.1548254840040455e-08,-5.7953999520358391e-11
0.22017045454545456,0.625,4.3864967010494866e-08,6.8120003930825083e-10
0.22017045454545456,0.64772727272727271,4.28330933911569e-08,-5.932125119295342e-10
0.22017045454545456,0.67045454545454541,4.1801219771818941e-08,-1.8676250631673192e-09
0.22017045454545456,0.69318181818181823,4.0769346152480976e-08,-3.1420376144051106e-09
0.22017045454545456,0.71590909090909094,3.973747253314301e-08,-4.4164501656428961e-09
0.22017045454545456,0.73863636363636365,3.8705598913805051e-08,-5.6908627168806813e-09
0.22017045454545456,0.76136363636363635,1.2815460227007532e-08,1.928329407035628e-09
0.22017045454545456,0.78409090909090906,1.0948938674443742e-08,5.3579673009435023e-09
0.22017045454545456,0.80681818181818177,9.0824171218799468e-09,8.787605194851377e-09
0.22017045454545456,0.82954545454545459,7.2158955693161501e-09,1.221724308875927e-08
0.22017045454545456,0.85227272727272729,5.3493740167523576e-09,1.5646880982667141e-08
0.22017045454545456,0.875,3.1237431120381446e-08,-9.9680536236864616e-09
0.22017045454545456,0.89772727272727271,2.7925184651535578e-08,-1.0871692477399708e-08
0.22017045454545456,0.92045454545454541,2.4612938182689721e-08,-1.1775331331112954e-08
0.22017045454545456,0.94318181818181823,2.1300691713843843e-08,-1.2678970184826206e-08
0.22017045454545456,0.96590909090909094,1.7988445244997982e-08,-1.3582609038539453e-08
0.22017045454545456,0.98863636363636365,1.4676198776152121e-08,-1.44862478922527e-08
0.234375,0.011363636363636364,0,0
0.234375,0.034090909090909088,0,0
0.234375,0.056818181818181816,0,0
0.234375,0.079545454545454544,0,0
0.234375,0.10227272727272728,0,0
0.234375,0.125,1.144101705227359e-08,-6.5983501350556411e-09
0.234375,0.14772727272727273,1.3329485942281861e-08,-6.1318926103335311e-09
0.234375,0.17045454545454544,1.521795483229013e-08,-5.6654350856114211e-09
0.234375,0.19318181818181818,1.7106423722298399e-08,-5.198977560889311e-09
0.234375,0.21590909090909091,1.8994892612306669e-08,-4.732520036167201e-09
0.234375,0.23863636363636365,2.0883361502314938e-08,-4.266062511445091e-09
0.234375,0.26136363636363635,4.1419584930479737e-09,5.7029776445369702e-09
0.234375,0.28409090909090912,3.9372123929332097e-09,4.4471582942271736e-09
0.234375,0.30681818181818182,3.7324662928184457e-09,3.1913389439173794e-09
0.234375,0.32954545454545453,3.5277201927036817e-09,1.9355195936075857e-09
0.234375,0.35227272727272729,3.3229740925889169e-09,6.7970024329778865e-10
0.234375,0.375,3.5556930181303964e-08,5.2308241206575971e-10
0.234375,0.39772727272727271,3.708014363089211e-08,4.0160283325326121e-10
0.234375,0.42045454545454547,3.8603357080480256e-08,2.8012325444076235e-10
0.234375,0.44318181818181818,4.0126570530068402e-08,1.5864367562826391e-10
0.234375,0.46590909090909088,4.1649783979656561e-08,3.716409681576533e-11
0.234375,0.48863636363636365,4.3172997429244701e-08,-8.431548199673353e-11
0.234375,0.51136363636363635,5.1399412549409495e-09,-6.8895557942091448e-11
0.234375,0.53409090909090906,5.3672274083538673e-09,-5.9260882679472666e-11
0.234375,0.55681818181818177,5.5945135617667843e-09,-4.9626207416853898e-11
0.234375,0.57954545454545459,5.8217997151797037e-09,-3.9991532154235084e-11
0.234375,0.60227272727272729,6.0490858685926215e-09,-3.0356856891616309e-11
0.234375,0.625,5.0411977012061257e-08,7.8287168696619866e-10
0.234375,0.64772727272727271,4.9226092404762406e-08,-6.8175169281453914e-10
0.234375,0.67045454545454541,4.8040207797463549e-08,-2.146375072595277e-09
0.234375,0.69318181818181823,4.6854323190164691e-08,-3.6109984523760221e-09
0.234375,0.71590909090909094,4.566843858286584e-08,-5.0756218321567601e-09
0.234375,0.73863636363636365,4.4482553975566989e-08,-6.5402452119374981e-09
0.234375,0.76136363636363635,6.2302991165972636e-09,2.2075154597572215e-09
0.234375,0.78409090909090906,4.287475346345717e-09,6.3988687544241791e-09
0.234375,0.80681818181818177,2.3446515760941704e-09,1.0590222049091138e-08
0.234375,0.82954545454545459,4.0182780584261383e-10,1.4781575343758116e-08
0.234375,0.85227272727272729,-1.5409959644089328e-09,1.8972928638425072e-08
0.234375,0.875,3.5899734272677176e-08,-1.1455822821251603e-08
0.234375,0.89772727272727271,3.2395623586049559e-08,-1.3244966016638757e-08
0.234375,0.92045454545454541,2.8891512899421937e-08,-1.5034109212025915e-08
0.234375,0.94318181818181823,2.53874022127943e-08,-1.6823252407413079e-08
0.234375,0.96590909090909094,2.1883291526166678e-08,-1.8612395602800233e-08
0.234375,0.98863636363636365,1.8379180839539058e-08,-2.0401538798187391e-08
0.24857954545454544,0.011363636363636364,0,0
0.24857954545454544,0.034090909090909088,0,0
0.24857954545454544,0.056818181818181816,0,0
0.24857954545454544,0.079545454545454544,0,0
0.24857954545454544,0.10227272727272728,0,0
0.24857954545454544,0.125,1.2926863422698729e-08,-7.4552787240239049e-09
0.24857954545454544,0.14772727272727273,1.5060588012708074e-08,-6.9282422999872362e-09
0.24857954545454544,0.17045454545454544,1.7194312602717413e-08,-6.4012058759505658e-09
0.24857954545454544,0.19318181818181818,1.9328037192726761e-08,-5.8741694519138962e-09
0.24857954545454544,0.21590909090909091,2.1461761782736106e-08,-5.3471330278772266e-09
0.24857954545454544,0.23863636363636365,2.3595486372745448e-08,-4.8200966038405571e-09
0.24857954545454544,0.26136363636363635,2.8416189285417405e-09,7.3883545368062726e-09
0.24857954545454544,0.28409090909090912,2.3299901972420138e-09,5.9002087365902519e-09
0.24857954545454544,0.30681818181818182,1.8183614659422875e-09,4.4120629363742354e-09
0.24857954545454544,0.32954545454545453,1.3067327346425612e-09,2.923917136158218e-09
0.24857954545454544,0.35227272727272729,7.9510400334283353e-10,1.435771335942198e-09
0.24857954545454544,0.375,3.9787344040005738e-08,-4.8854083943693606e-10
0.24857954545454544,0.39772727272727271,4.1578808196607706e-08,-4.295140719644814e-10
0.24857954545454544,0.42045454545454547,4.3370272353209666e-08,-3.7048730449202654e-10
0.24857954545454544,0.44318181818181818,4.5161736509811627e-08,-3.1146053701957194e-10
0.24857954545454544,0.46590909090909088,4.6953200666413595e-08,-2.5243376954711724e-10
0.24857954545454544,0.48863636363636365,4.8744664823015556e-08,-1.934070020746624e-10
0.24857954545454544,0.51136363636363635,4.6726738681281772e-10,-6.2632325401901868e-12
0.24857954545454544,0.53409090909090906,4.8792976439581051e-10,-5.3873529708611999e-12
0.24857954545454544,0.55681818181818177,5.0859214197880319e-10,-4.511473401532213e-12
0.24857954545454544,0.57954545454545459,5.2925451956179598e-10,-3.6355938322032213e-12
0.24857954545454544,0.60227272727272729,5.4991689714478877e-10,-2.7597142628742348e-12
0.24857954545454544,0.625,5.6958987013627648e-08,8.845433346241465e-10
0.24857954545454544,0.64772727272727271,5.5619091418367905e-08,-7.7029087369954418e-10
0.24857954545454544,0.67045454545454541,5.4279195823108156e-08,-2.4251250820232349e-09
0.24857954545454544,0.69318181818181823,5.2939300227848413e-08,-4.079959290346934e-09
0.24857954545454544,0.71590909090909094,5.1599404632588677e-08,-5.7347934986706241e-09
0.24857954545454544,0.73863636363636365,5.0259509037328928e-08,-7.3896277069943158e-09
0.24857954545454544,0.76136363636363635,-3.5486199381300549e-10,2.486701512478815e-09
0.24857954545454544,0.78409090909090906,-2.3739879817523069e-09,7.4397702079048551e-09
0.24857954545454544,0.80681818181818177,-4.3931139696916093e-09,1.2392838903330896e-08
0.24857954545454544,0.82954545454545459,-6.4122399576309208e-09,1.7345907598756962e-08
0.24857954545454544,0.85227272727272729,-8.431365945570224e-09,2.2298976294183002e-08
0.24857954545454544,0.875,4.0562037424972912e-08,-1.2943592018816745e-08
0.24857954545454544,0.89772727272727271,3.6866062520563534e-08,-1.561823955587781e-08
0.24857954545454544,0.92045454545454541,3.3170087616154156e-08,-1.8292887092938874e-08
0.24857954545454544,0.94318181818181823,2.9474112711744755e-08,-2.0967534629999952e-08
0.24857954545454544,0.96590909090909094,2.5778137807335377e-08,-2.3642182167061019e-08
0.24857954545454544,0.98863636363636365,2.2082162902925999e-08,-2.631682970412208e-08
0.26278409090909088,0.011363636363636364,0,0
0.26278409090909088,0.034090909090909088,0,0
0.26278409090909088,0.056818181818181816,0,0
0.26278409090909088,0.079545454545454544,0,0
0.26278409090909088,0.10227272727272728,0,0
0.26278409090909088,0.125,2.5512774483879386e-09,-4.7137017846436698e-10
0.26278409090909088,0.14772727272727273,2.6560257369990818e-09,-3.9519755493958516e-10
0.26278409090909088,0.17045454545454544,2.7607740256102246e-09,-3.1902493141480345e-10
0.26278409090909088,0.19318181818181818,2.8655223142213678e-09,-2.4285230789002169e-10
0.26278409090909088,0.21590909090909091,2.9702706028325105e-09,-1.6667968436523988e-10
0.26278409090909088,0.23863636363636365,3.0750188914436541e-09,-9.0507060840458117e-11
0.26278409090909088,0.26136363636363635,2.2854275091420861e-08,-3.8032694966062426e-09
0.26278409090909088,0.28409090909090912,2.3773732291452006e-08,-3.1346431345553783e-09
0.26278409090909088,0.30681818181818182,2.4693189491483154e-08,-2.4660167725045156e-09
0.26278409090909088,0.32954545454545453,2.5612646691514302e-08,-1.7973904104536524e-09
0.26278409090909088,0.35227272727272729,2.653210389154545e-08,-1.1287640484027878e-09
0.26278409090909088,0.375,5.1352134725499762e-09,-1.6954512241907045e-11
0.26278409090909088,0.39772727272727271,5.0157931175381864e-09,-1.005781650893635e-11
0.26278409090909088,0.42045454545454547,4.8963727625263965e-09,-3.1611207759656366e-12
0.26278409090909088,0.44318181818181818,4.7769524075146067e-09,3.7355749570050562e-12
0.26278409090909088,0.46590909090909088,4.6575320525028169e-09,1.0632270689975752e-11
0.26278409090909088,0.48863636363636365,4.5381116974910271e-09,1.7528966422946463e-11
0.26278409090909088,0.51136363636363635,4.4510435068915682e-08,-1.6681327262928532e-11
0.26278409090909088,0.53409090909090906,4.3379779799758372e-08,2.4760189979136095e-10
0.26278409090909088,0.55681818181818177,4.2249124530601055e-08,5.1188512684565044e-10
0.26278409090909088,0.57954545454545459,4.1118469261443739e-08,7.7616835389994122e-10
0.26278409090909088,0.60227272727272729,3.9987813992286429e-08,1.0404515809542307e-09
0.26278409090909088,0.625,5.1299546110033417e-09,-8.5003911839546328e-10
0.26278409090909088,0.64772727272727271,3.9365973923540394e-09,7.9691168445818248e-10
0.26278409090909088,0.67045454545454541,2.7432401737047371e-09,2.443862487311828e-09
0.26278409090909088,0.69318181818181823,1.5498829550554282e-09,4.090813290165481e-09
0.26278409090909088,0.71590909090909094,3.5652573640612591e-10,5.7377640930191274e-09
0.26278409090909088,0.73863636363636365,-8.3683148224317638e-10,7.3847148958727721e-09
0.26278409090909088,0.76136363636363635,4.2068443530220002e-08,-5.2742651263364744e-09
0.26278409090909088,0.78409090909090906,3.842622815563385e-08,-6.5577816765620596e-09
0.26278409090909088,0.80681818181818177,3.4784012781047697e-08,-7.8412982267876416e-09
0.26278409090909088,0.82954545454545459,3.1141797406461518e-08,-9.124814777013231e-09
0.26278409090909088,0.85227272727272729,2.7499582031875372e-08,-1.0408331327238814e-08
0.26278409090909088,0.875,-7.9008141943479868e-09,2.193858252616627e-08
0.26278409090909088,0.89772727272727271,-4.2293416464507275e-09,2.1447951274784716e-08
0.26278409090909088,0.92045454545454541,-5.5786909855346871e-10,2.0957320023403159e-08
0.26278409090909088,0.94318181818181823,3.1136034493438067e-09,2.0466688772021602e-08
0.26278409090909088,0.96590909090909094,6.7850759972410651e-09,1.9976057520640045e-08
0.26278409090909088,0.98863636363636365,1.0456548545138322e-08,1.9485426269258488e-08
0.27698863636363635,0.011363636363636364,0,0
0.27698863636363635,0.034090909090909088,0,0
0.27698863636363635,0.056818181818181816,0,0
0.27698863636363635,0.079545454545454544,0,0
0.27698863636363635,0.10227272727272728,0,0
0.27698863636363635,0.125,5.38603016881899e-09,-9.9511482120255399e-10
0.27698863636363635,0.14772727272727273,5.6071654447758482e-09,-8.3430594931690323e-10
0.27698863636363635,0.17045454545454544,5.8283007207327056e-09,-6.7349707743125277e-10
0.27698863636363635,0.19318181818181818,6.0494359966895638e-09,-5.1268820554560211e-10
0.27698863636363635,0.21590909090909091,6.270571272646422e-09,-3.518793336599514e-10
0.27698863636363635,0.23863636363636365,6.4917065486032793e-09,-1.9107046177430076e-10
0.27698863636363635,0.26136363636363635,1.9961328877316954e-08,-3.3218429780484905e-09
0.27698863636363635,0.28409090909090912,2.0764399090002384e-08,-2.7378528643584944e-09
0.27698863636363635,0.30681818181818182,2.1567469302687817e-08,-2.1538627506685004e-09
0.27698863636363635,0.32954545454545453,2.2370539515373247e-08,-1.5698726369785064e-09
0.27698863636363635,0.35227272727272729,2.3173609728058677e-08,-9.8588252328851067e-10
0.27698863636363635,0.375,1.0841006219827746e-08,-3.5792859177359371e-11
0.27698863636363635,0.39772727272727271,1.0588896581469523e-08,-2.1233168185532327e-11
0.27698863636363635,0.42045454545454547,1.0336786943111299e-08,-6.673477193705248e-12
0.27698863636363635,0.44318181818181818,1.0084677304753074e-08,7.8862137981217959e-12
0.27698863636363635,0.46590909090909088,9.8325676663948502e-09,2.2445904789948846e-11
0.27698863636363635,0.48863636363636365,9.5804580280366276e-09,3.7005595781775926e-11
0.27698863636363635,0.51136363636363635,3.8825203668466418e-08,1.1151750232605394e-10
0.27698863636363635,0.53409090909090906,3.77356710929661e-08,5.9452169468740372e-10
0.27698863636363635,0.55681818181818177,3.6646138517465795e-08,1.0775258870487534e-09
0.27698863636363635,0.57954545454545459,3.5556605941965484e-08,1.5605300794101056e-09
0.27698863636363635,0.60227272727272729,3.4467073366465172e-08,2.0435342717714553e-09
0.27698863636363635,0.625,1.082990417878485e-08,-1.7945270277237588e-09
0.27698863636363635,0.64772727272727271,9.2059122608218625e-09,-5.3116294723280216e-10
0.27698863636363635,0.67045454545454541,7.5819203428588752e-09,7.322011332581545e-10
0.27698863636363635,0.69318181818181823,5.9579284248958789e-09,1.9955652137491179e-09
0.27698863636363635,0.71590909090909094,4.3339365069328924e-09,3.258929294240074e-09
0.27698863636363635,0.73863636363636365,2.7099445889699044e-09,4.522293374731031e-09
0.27698863636363635,0.76136363636363635,3.5631302425060535e-08,-1.1310199844938936e-09
0.27698863636363635,0.78409090909090906,3.3048149237853559e-08,-2.3035723640683546e-09
0.27698863636363635,0.80681818181818177,3.0464996050646589e-08,-3.4761247436428155e-09
0.27698863636363635,0.82954545454545459,2.7881842863439595e-08,-4.6486771232172827e-09
0.27698863636363635,0.85227272727272729,2.5298689676232622e-08,-5.821229502791742e-09
0.27698863636363635,0.875,-4.2937642398519195e-09,1.5580539449394615e-08
0.27698863636363635,0.89772727272727271,-1.7921843117458758e-09,1.4996873032124351e-08
0.27698863636363635,0.92045454545454541,7.0939561636016716e-10,1.4413206614854082e-08
0.27698863636363635,0.94318181818181823,3.2109755444662215e-09,1.382954019758381e-08
0.27698863636363635,0.96590909090909094,5.7125554725722644e-09,1.3245873780313549e-08
0.27698863636363635,0.98863636363636365,8.2141354006783081e-09,1.266220736304328e-08
0.29119318181818182,0.011363636363636364,0,0
0.29119318181818182,0.034090909090909088,0,0
0.29119318181818182,0.056818181818181816,0,0
0.29119318181818182,0.079545454545454544,0,0
0.29119318181818182,0.10227272727272728,0,0
0.29119318181818182,0.125,8.2207828892500417e-09,-1.5188594639407411e-09
0.29119318181818182,0.14772727272727273,8.5583051525526149e-09,-1.2734143436942214e-09
0.29119318181818182,0.17045454545454544,8.8958274158551865e-09,-1.0279692234477022e-09
0.29119318181818182,0.19318181818181818,9.2333496791577597e-09,-7.8252410320118263e-10
0.29119318181818182,0.21590909090909091,9.5708719424603329e-09,-5.3707898295466296e-10
0.29119318181818182,0.23863636363636365,9.9083942057629062e-09,-2.916338627081434e-10
0.29119318181818182,0.26136363636363635,1.7068382663213044e-08,-2.8404164594907379e-09
0.29119318181818182,0.28409090909090912,1.7755065888552762e-08,-2.3410625941616114e-09
0.29119318181818182,0.30681818181818182,1.8441749113892477e-08,-1.8417087288324856e-09
0.29119318181818182,0.32954545454545453,1.9128432339232192e-08,-1.3423548635033603e-09
0.29119318181818182,0.35227272727272729,1.981511556457191e-08,-8.4300099817423361e-10
0.29119318181818182,0.375,1.6546798967105513e-08,-5.4631206112811701e-11
0.29119318181818182,0.39772727272727271,1.6162000045400856e-08,-3.2408519862128301e-11
0.29119318181818182,0.42045454545454547,1.5777201123696199e-08,-1.0185833611444856e-11
0.29119318181818182,0.44318181818181818,1.5392402201991542e-08,1.2036852639238544e-11
0.29119318181818182,0.46590909090909088,1.5007603280286885e-08,3.4259538889921937e-11
0.29119318181818182,0.48863636363636365,1.4622804358582228e-08,5.6482225140605382e-11
0.29119318181818182,0.51136363636363635,3.3139972268017148e-08,2.397163319150364e-10
0.29119318181818182,0.53409090909090906,3.2091562386173841e-08,9.4144148958344655e-10
0.29119318181818182,0.55681818181818177,3.1043152504330535e-08,1.6431666472518566e-09
0.29119318181818182,0.57954545454545459,2.9994742622487228e-08,2.34489180492027e-09
0.29119318181818182,0.60227272727272729,2.8946332740643922e-08,3.04661696258868e-09
0.29119318181818182,0.625,1.6529853746566359e-08,-2.7390149370520542e-09
0.29119318181818182,0.64772727272727271,1.4475227129289683e-08,-1.859237578923786e-09
0.29119318181818182,0.67045454545454541,1.2420600512013013e-08,-9.7946022079551799e-10
0.29119318181818182,0.69318181818181823,1.036597389473633e-08,-9.968286266724609e-11
0.29119318181818182,0.71590909090909094,8.3113472774596582e-09,7.800944954610223e-10
0.29119318181818182,0.73863636363636365,6.2567206601829843e-09,1.6598718535892907e-09
0.29119318181818182,0.76136363636363635,2.9194161319901069e-08,3.012225157348686e-09
0.29119318181818182,0.78409090909090906,2.7670070320073271e-08,1.9506369484253489e-09
0.29119318181818182,0.80681818181818177,2.6145979320245473e-08,8.8904873950201051e-10
0.29119318181818182,0.82954545454545459,2.4621888320417666e-08,-1.7253946942133362e-10
0.29119318181818182,0.85227272727272729,2.3097797320589871e-08,-1.234127678344672e-09
0.29119318181818182,0.875,-6.867142853558514e-10,9.2224963726229563e-09
0.29119318181818182,0.89772727272727271,6.4497302295897457e-10,8.5457947894639822e-09
0.29119318181818182,0.92045454545454541,1.9766603312738024e-09,7.8690932063050047e-09
0.29119318181818182,0.94318181818181823,3.3083476395886372e-09,7.1923916231460239e-09
0.29119318181818182,0.96590909090909094,4.6400349479034653e-09,6.5156900399870497e-09
0.29119318181818182,0.98863636363636365,5.971722256218291e-09,5.8389884568280772e-09
0.30539772727272729,0.011363636363636364,0,0
0.30539772727272729,0.034090909090909088,0,0
0.30539772727272729,0.056818181818181816,0,0
0.30539772727272729,0.079545454545454544,0,0
0.30539772727272729,0.10227272727272728,0,0
0.30539772727272729,0.125,1.1055535609681093e-08,-2.0426041066789284e-09
0.30539772727272729,0.14772727272727273,1.1509444860329381e-08,-1.7125227380715397e-09
0.30539772727272729,0.17045454545454544,1.1963354110977667e-08,-1.3824413694641515e-09
0.30539772727272729,0.19318181818181818,1.2417263361625956e-08,-1.0523600008567631e-09
0.30539772727272729,0.21590909090909091,1.2871172612274244e-08,-7.2227863224937458e-10
0.30539772727272729,0.23863636363636365,1.3325081862922529e-08,-3.9219726364198602e-10
0.30539772727272729,0.26136363636363635,1.4175436449109135e-08,-2.358989940932985e-09
0.30539772727272729,0.28409090909090912,1.4745732687103137e-08,-1.9442723239647275e-09
0.30539772727272729,0.30681818181818182,1.5316028925097137e-08,-1.5295547069964706e-09
0.30539772727272729,0.32954545454545453,1.588632516309114e-08,-1.1148370900282142e-09
0.30539772727272729,0.35227272727272729,1.6456621401085143e-08,-7.0011947305995654e-10
0.30539772727272729,0.375,2.2252591714383283e-08,-7.3469553048264037e-11
0.30539772727272729,0.39772727272727271,2.1735103509332193e-08,-4.3583871538724288e-11
0.30539772727272729,0.42045454545454547,2.12176153042811e-08,-1.3698190029184461e-11
0.30539772727272729,0.44318181818181818,2.0700127099230013e-08,1.6187491480355288e-11
0.30539772727272729,0.46590909090909088,2.018263889417892e-08,4.6073172989895024e-11
0.30539772727272729,0.48863636363636365,1.9665150689127827e-08,7.5958854499434851e-11
0.30539772727272729,0.51136363636363635,2.7454740867567881e-08,3.6791516150401883e-10
0.30539772727272729,0.53409090909090906,2.6447453679381579e-08,1.2883612844794891e-09
0.30539772727272729,0.55681818181818177,2.5440166491195278e-08,2.2088074074549594e-09
0.30539772727272729,0.57954545454545459,2.4432879303008969e-08,3.1292535304304345e-09
0.30539772727272729,0.60227272727272729,2.3425592114822668e-08,4.0496996534059047e-09
0.30539772727272729,0.625,2.2229803314347864e-08,-3.6835028463803495e-09
0.30539772727272729,0.64772727272727271,1.9744541997757509e-08,-3.1873122106147701e-09
0.30539772727272729,0.67045454545454541,1.725928068116715e-08,-2.6911215748491907e-09
0.30539772727272729,0.69318181818181823,1.4774019364576781e-08,-2.1949309390836092e-09
0.30539772727272729,0.71590909090909094,1.2288758047986422e-08,-1.698740303318029e-09
0.30539772727272729,0.73863636363636365,9.803496731396065e-09,-1.2025496675524488e-09
0.30539772727272729,0.76136363636363635,2.2757020214741599e-08,7.1554702991912684e-09
0.30539772727272729,0.78409090909090906,2.229199140229298e-08,6.2048462609190519e-09
0.30539772727272729,0.80681818181818177,2.1826962589844358e-08,5.254222222646837e-09
0.30539772727272729,0.82954545454545459,2.136193377739574e-08,4.3035981843746146e-09
0.30539772727272729,0.85227272727272729,2.0896904964947121e-08,3.3529741461023989e-09
0.30539772727272729,0.875,2.9203356691402142e-09,2.8644532958512978e-09
0.30539772727272729,0.89772727272727271,3.082130357663826e-09,2.0947165468036129e-09
0.30539772727272729,0.92045454545454541,3.2439250461874398e-09,1.3249797977559265e-09
0.30539772727272729,0.94318181818181823,3.4057197347110528e-09,5.5524304870823627e-10
0.30539772727272729,0.96590909090909094,3.567514423234665e-09,-2.1449370033944813e-10
0.30539772727272729,0.98863636363636365,3.729309111758278e-09,-9.8423044938713254e-10
0.31960227272727271,0.011363636363636364,0,0
0.31960227272727271,0.034090909090909088,0,0
0.31960227272727271,0.056818181818181816,0,0
0.31960227272727271,0.079545454545454544,0,0
0.31960227272727271,0.10227272727272728,0,0
0.31960227272727271,0.125,1.3890288330112134e-08,-2.5663487494171131e-09
0.31960227272727271,0.14772727272727273,1.4460584568106135e-08,-2.151631132448856e-09
0.31960227272727271,0.17045454545454544,1.5030880806100139e-08,-1.7369135154805996e-09
0.31960227272727271,0.19318181818181818,1.5601177044094138e-08,-1.3221958985123425e-09
0.31960227272727271,0.21590909090909091,1.6171473282088138e-08,-9.0747828154408527e-10
0.31960227272727271,0.23863636363636365,1.6741769520082142e-08,-4.9276066457582822e-10
0.31960227272727271,0.26136363636363635,1.1282490235005237e-08,-1.877563422375234e-09
0.31960227272727271,0.28409090909090912,1.1736399485653525e-08,-1.5474820537678453e-09
0.31960227272727271,0.30681818181818182,1.2190308736301812e-08,-1.2174006851604571e-09
0.31960227272727271,0.32954545454545453,1.2644217986950098e-08,-8.8731931655306897e-10
0.31960227272727271,0.35227272727272729,1.3098127237598386e-08,-5.5723794794568009e-10
0.31960227272727271,0.375,2.7958384461661032e-08,-9.2307899983716283e-11
0.31960227272727271,0.39772727272727271,2.7308206973263509e-08,-5.4759223215320216e-11
0.31960227272727271,0.42045454545454547,2.6658029484865984e-08,-1.7210546446924059e-11
0.31960227272727271,0.44318181818181818,2.6007851996468458e-08,2.0338130321472e-11
0.31960227272727271,0.46590909090909088,2.5357674508070935e-08,5.7886807089868073e-11
0.31960227272727271,0.48863636363636365,2.4707497019673409e-08,9.5435483858264243e-11
0.31960227272727271,0.51136363636363635,2.1769509467118631e-08,4.9611399109300084e-10
0.31960227272727271,0.53409090909090906,2.0803344972589334e-08,1.6352810793755306e-09
0.31960227272727271,0.55681818181818177,1.9837180478060034e-08,2.7744481676580602e-09
0.31960227272727271,0.57954545454545459,1.8871015983530731e-08,3.9136152559405954e-09
0.31960227272727271,0.60227272727272729,1.7904851489001434e-08,5.052782344223126e-09
0.31960227272727271,0.625,2.7929752882129353e-08,-4.6279907557086411e-09
0.31960227272727271,0.64772727272727271,2.5013856866225313e-08,-4.515386842305749e-09
0.31960227272727271,0.67045454545454541,2.2097960850321269e-08,-4.402782928902857e-09
0.31960227272727271,0.69318181818181823,1.9182064834417212e-08,-4.2901790154999649e-09
0.31960227272727271,0.71590909090909094,1.6266168818513175e-08,-4.1775751020970729e-09
0.31960227272727271,0.73863636363636365,1.3350272802609133e-08,-4.0649711886941808e-09
0.31960227272727271,0.76136363636363635,1.6319879109582149e-08,1.1298715441033834e-08
0.31960227272727271,0.78409090909090906,1.6913912484512706e-08,1.045905557341274e-08
0.31960227272727271,0.80681818181818177,1.7507945859443266e-08,9.6193957057916444e-09
0.31960227272727271,0.82954545454545459,1.810197923437382e-08,8.7797358381705455e-09
0.31960227272727271,0.85227272727272729,1.8696012609304377e-08,7.9400759705494516e-09
0.31960227272727271,0.875,6.5273856236362674e-09,-3.4935897809203344e-09
0.31960227272727271,0.89772727272727271,5.5192876923686678e-09,-4.3563616958567306e-09
0.31960227272727271,0.92045454545454541,4.5111897611010698e-09,-5.2191336107931261e-09
0.31960227272727271,0.94318181818181823,3.5030918298334677e-09,-6.0819055257295257e-09
0.31960227272727271,0.96590909090909094,2.4949938985658689e-09,-6.9446774406659212e-09
0.31960227272727271,0.98863636363636365,1.4868959672982701e-09,-7.8074493556023174e-09
0.33380681818181818,0.011363636363636364,0,0
0.33380681818181818,0.034090909090909088,0,0
0.33380681818181818,0.056818181818181816,0,0
0.33380681818181818,0.079545454545454544,0,0
0.33380681818181818,0.10227272727272728,0,0
0.33380681818181818,0.125,1.6725041050543186e-08,-3.0900933921553002e-09
0.33380681818181818,0.14772727272727273,1.7411724275882901e-08,-2.5907395268261749e-09
0.33380681818181818,0.17045454545454544,1.8098407501222616e-08,-2.0913856614970491e-09
0.33380681818181818,0.19318181818181818,1.8785090726562334e-08,-1.5920317961679229e-09
0.33380681818181818,0.21590909090909091,1.9471773951902053e-08,-1.0926779308387968e-09
0.33380681818181818,0.23863636363636365,2.0158457177241771e-08,-5.9332406550967084e-10
0.33380681818181818,0.26136363636363635,8.3895440209013267e-09,-1.3961369038174815e-09
0.33380681818181818,0.28409090909090912,8.7270662842038999e-09,-1.1506917835709614e-09
0.33380681818181818,0.30681818181818182,9.0645885475064731e-09,-9.0524666332444225e-10
0.33380681818181818,0.32954545454545453,9.4021108108090463e-09,-6.59801543077923e-10
0.33380681818181818,0.35227272727272729,9.7396330741116179e-09,-4.1435642283140303e-10
0.33380681818181818,0.375,3.3664177208938798e-08,-1.1114624691916862e-10
0.33380681818181818,0.39772727272727271,3.2881310437194846e-08,-6.5934574891916209e-11
0.33380681818181818,0.42045454545454547,3.2098443665450887e-08,-2.0722902864663664e-11
0.33380681818181818,0.44318181818181818,3.1315576893706929e-08,2.4488769162588745e-11
0.33380681818181818,0.46590909090909088,3.053271012196297e-08,6.9700441189841174e-11
0.33380681818181818,0.48863636363636365,2.9749843350219012e-08,1.1491211321709369e-10
0.33380681818181818,0.51136363636363635,1.6084278066669367e-08,6.2431282068198336e-10
0.33380681818181818,0.53409090909090906,1.5159236265797072e-08,1.9822008742715735e-09
0.33380681818181818,0.55681818181818177,1.4234194464924775e-08,3.3400889278611638e-09
0.33380681818181818,0.57954545454545459,1.3309152664052472e-08,4.6979769814507604e-09
0.33380681818181818,0.60227272727272729,1.2384110863180178e-08,6.0558650350403499e-09
0.33380681818181818,0.625,3.3629702449910862e-08,-5.5724786650369364e-09
0.33380681818181818,0.64772727272727271,3.028317173469313e-08,-5.8434614739967334e-09
0.33380681818181818,0.67045454545454541,2.6936641019475411e-08,-6.1144442829565303e-09
0.33380681818181818,0.69318181818181823,2.3590110304257666e-08,-6.3854270919163273e-09
0.33380681818181818,0.71590909090909094,2.024357958903994e-08,-6.656409900876125e-09
0.33380681818181818,0.73863636363636365,1.6897048873822212e-08,-6.9273927098359212e-09
0.33380681818181818,0.76136363636363635,9.882738004422684e-09,1.5441960582876416e-08
0.33380681818181818,0.78409090909090906,1.1535833566732418e-08,1.4713264885906443e-08
0.33380681818181818,0.80681818181818177,1.3188929129042151e-08,1.398456918893647e-08
0.33380681818181818,0.82954545454545459,1.4842024691351892e-08,1.3255873491966495e-08
0.33380681818181818,0.85227272727272729,1.6495120253661627e-08,1.2527177794996522e-08
0.33380681818181818,0.875,1.0134435578132334e-08,-9.851632857691993e-09
0.33380681818181818,0.89772727272727271,7.9564450270735203e-09,-1.0807439938517098e-08
0.33380681818181818,0.92045454545454541,5.7784544760147068e-09,-1.1763247019342204e-08
0.33380681818181818,0.94318181818181823,3.6004639249558825e-09,-1.2719054100167312e-08
0.33380681818181818,0.96590909090909094,1.422473373897069e-09,-1.3674861180992421e-08
0.33380681818181818,0.98863636363636365,-7.5551717716174618e-10,-1.4630668261817525e-08
0.34801136363636365,0.011363636363636364,0,0
0.34801136363636365,0.034090909090909088,0,0
0.34801136363636365,0.056818181818181816,0,0
0.34801136363636365,0.079545454545454544,0,0
0.34801136363636365,0.10227272727272728,0,0
0.34801136363636365,0.125,1.9559793770974237e-08,-3.6138380348934873e-09
0.34801136363636365,0.14772727272727273,2.036286398365967e-08,-3.0298479212034924e-09
0.34801136363636365,0.17045454545454544,2.11659341963451e-08,-2.4458578075134984e-09
0.34801136363636365,0.19318181818181818,2.1969004409030534e-08,-1.8618676938235036e-09
0.34801136363636365,0.21590909090909091,2.277207462171596e-08,-1.2778775801335085e-09
0.34801136363636365,0.23863636363636365,2.3575144834401394e-08,-6.9388746644351345e-10
0.34801136363636365,0.26136363636363635,5.4965978067974191e-09,-9.1471038525972882e-10
0.34801136363636365,0.28409090909090912,5.7177330827542773e-09,-7.5390151337407784e-10
0.34801136363636365,0.30681818181818182,5.9388683587111347e-09,-5.9309264148842739e-10
0.34801136363636365,0.32954545454545453,6.1600036346679929e-09,-4.3228376960277693e-10
0.34801136363636365,0.35227272727272729,6.3811389106248511e-09,-2.7147489771712601e-10
0.34801136363636365,0.375,3.9369969956216567e-08,-1.2998459385462094e-10
0.34801136363636365,0.39772727272727271,3.8454413901126176e-08,-7.7109926568512164e-11
0.34801136363636365,0.42045454545454547,3.7538857846035785e-08,-2.4235259282403282e-11
0.34801136363636365,0.44318181818181818,3.6623301790945393e-08,2.8639408003705496e-11
0.34801136363636365,0.46590909090909088,3.5707745735855002e-08,8.1514075289814261e-11
0.34801136363636365,0.48863636363636365,3.479218968076461e-08,1.3438874257592318e-10
0.34801136363636365,0.51136363636363635,1.03990466662201e-08,7.5251165027096579e-10
0.34801136363636365,0.53409090909090906,9.5151275590048069e-09,2.3291206691676162e-09
0.34801136363636365,0.55681818181818177,8.6312084517895134e-09,3.9057296880642662e-09
0.34801136363636365,0.57954545454545459,7.7472893445742165e-09,5.4823387069609245e-09
0.34801136363636365,0.60227272727272729,6.8633702373589247e-09,7.0589477258575745e-09
0.34801136363636365,0.625,3.9329652017692365e-08,-6.5169665743652326e-09
0.34801136363636365,0.64772727272727271,3.5552486603160954e-08,-7.1715361056877169e-09
0.34801136363636365,0.67045454545454541,3.1775321188629544e-08,-7.826105637010202e-09
0.34801136363636365,0.69318181818181823,2.7998155774098117e-08,-8.4806751683326912e-09
0.34801136363636365,0.71590909090909094,2.4220990359566703e-08,-9.1352446996551755e-09
0.34801136363636365,0.73863636363636365,2.0443824945035292e-08,-9.7898142309776615e-09
0.34801136363636365,0.76136363636363635,3.4455968992632133e-09,1.9585205724718996e-08
0.34801136363636365,0.78409090909090906,6.1577546489521276e-09,1.8967474198400146e-08
0.34801136363636365,0.80681818181818177,8.8699123986410394e-09,1.8349742672081296e-08
0.34801136363636365,0.82954545454545459,1.1582070148329964e-08,1.7732011145762442e-08
0.34801136363636365,0.85227272727272729,1.4294227898018876e-08,1.7114279619443592e-08
0.34801136363636365,0.875,1.3741485532628399e-08,-1.6209675934463652e-08
0.34801136363636365,0.89772727272727271,1.039360236177837e-08,-1.7258518181177463e-08
0.34801136363636365,0.92045454545454541,7.0457191909283438e-09,-1.8307360427891282e-08
0.34801136363636365,0.94318181818181823,3.6978360200782965e-09,-1.93562026746051e-08
0.34801136363636365,0.96590909090909094,3.4995284922826912e-10,-2.0405044921318915e-08
0.34801136363636365,0.98863636363636365,-2.99793032162176e-09,-2.1453887168032734e-08
0.36221590909090912,0.011363636363636364,0,0
0.36221590909090912,0.034090909090909088,0,0
0.36221590909090912,0.056818181818181816,0,0
0.36221590909090912,0.079545454545454544,0,0
0.36221590909090912,0.10227272727272728,0,0
0.36221590909090912,0.125,2.2394546491405288e-08,-4.1375826776316744e-09
0.36221590909090912,0.14772727272727273,2.3314003691436436e-08,-3.4689563155808109e-09
0.36221590909090912,0.17045454545454544,2.4233460891467578e-08,-2.8003299535299473e-09
0.36221590909090912,0.19318181818181818,2.5152918091498726e-08,-2.1317035914790838e-09
0.36221590909090912,0.21590909090909091,2.6072375291529875e-08,-1.46307722942822e-09
0.36221590909090912,0.23863636363636365,2.699183249156102e-08,-7.9445086737735628e-10
0.36221590909090912,0.26136363636363635,2.6036515926935102e-09,-4.3328386670197615e-10
0.36221590909090912,0.28409090909090912,2.7083998813046534e-09,-3.5711124317719423e-10
0.36221590909090912,0.30681818181818182,2.8131481699157962e-09,-2.8093861965241252e-10
0.36221590909090912,0.32954545454545453,2.917896458526939e-09,-2.0476599612763081e-10
0.36221590909090912,0.35227272727272729,3.0226447471380821e-09,-1.2859337260284895e-10
0.36221590909090912,0.375,4.5075762703494337e-08,-1.4882294079007326e-10
0.36221590909090912,0.39772727272727271,4.4027517365057519e-08,-8.828527824510817e-11
0.36221590909090912,0.42045454545454547,4.2979272026620688e-08,-2.7747615700142881e-11
0.36221590909090912,0.44318181818181818,4.1931026688183864e-08,3.2790046844822241e-11
0.36221590909090912,0.46590909090909088,4.088278134974704e-08,9.3327709389787349e-11
0.36221590909090912,0.48863636363636365,3.9834536011310209e-08,1.5386537193475261e-10
0.36221590909090912,0.51136363636363635,4.7138152657708319e-09,8.8071047985994831e-10
0.36221590909090912,0.53409090909090906,3.8710188522125425e-09,2.6760404640636589e-09
0.36221590909090912,0.55681818181818177,3.0282224386542518e-09,4.4713704482673691e-09
0.36221590909090912,0.57954545454545459,2.1854260250959587e-09,6.2667004324710887e-09
0.36221590909090912,0.60227272727272729,1.3426296115376676e-09,8.0620304166747992e-09
0.36221590909090912,0.625,4.5029601585473874e-08,-7.4614544836935279e-09
0.36221590909090912,0.64772727272727271,4.0821801471628785e-08,-8.499610737378702e-09
0.36221590909090912,0.67045454545454541,3.6614001357783683e-08,-9.5377669910638761e-09
0.36221590909090912,0.69318181818181823,3.2406201243938567e-08,-1.0575923244749054e-08
0.36221590909090912,0.71590909090909094,2.8198401130093472e-08,-1.1614079498434228e-08
0.36221590909090912,0.73863636363636365,2.3990601016248373e-08,-1.2652235752119402e-08
0.36221590909090912,0.76136363636363635,-2.9915442058962554e-09,2.3728450866561577e-08
0.36221590909090912,0.78409090909090906,7.7967573117183508e-10,2.3221683510893854e-08
0.36221590909090912,0.80681818181818177,4.5508956682399251e-09,2.2714916155226121e-08
0.36221590909090912,0.82954545454545459,8.322115605308035e-09,2.2208148799558392e-08
0.36221590909090912,0.85227272727272729,1.2093335542376126e-08,2.1701381443890666e-08
0.36221590909090912,0.875,1.7348535487124468e-08,-2.2567719011235307e-08
0.36221590909090912,0.89772727272727271,1.2830759696483222e-08,-2.3709596423837835e-08
0.36221590909090912,0.92045454545454541,8.3129839058419775e-09,-2.4851473836440357e-08
0.36221590909090912,0.94318181818181823,3.7952081152007122e-09,-2.5993351249042889e-08
0.36221590909090912,0.96590909090909094,-7.2256767544053158e-10,-2.7135228661645415e-08
0.36221590909090912,0.98863636363636365,-5.2403434660817746e-09,-2.8277106074247937e-08
0.37642045454545453,0.011363636363636364,0,0
0.37642045454545453,0.034090909090909088,0,0
0.37642045454545453,0.056818181818181816,0,0
0.37642045454545453,0.079545454545454544,0,0
0.37642045454545453,0.10227272727272728,0,0
0.37642045454545453,0.125,3.4748811508324424e-10,-5.8245276753407559e-12
0.37642045454545453,0.14772727272727273,3.4007952816192527e-10,3.3938951901881778e-12
0.37642045454545453,0.17045454545454544,3.3267094124060631e-10,1.2612318055717095e-11
0.37642045454545453,0.19318181818181818,3.2526235431928735e-10,2.1830740921246026e-11
0.37642045454545453,0.21590909090909091,3.1785376739796838e-10,3.1049163786774953e-11
0.37642045454545453,0.23863636363636365,3.1044518047664947e-10,4.0267586652303893e-11
0.37642045454545453,0.26136363636363635,2.9909753157064762e-08,-1.0820200365332861e-10
0.37642045454545453,0.28409090909090912,2.9266327446709146e-08,6.8886180454931841e-10
0.37642045454545453,0.30681818181818182,2.862290173635353e-08,1.4859256127519635e-09
0.37642045454545453,0.32954545454545453,2.7979476025997921e-08,2.2829894209546083e-09
0.37642045454545453,0.35227272727272729,2.7336050315642302e-08,3.0800532291572556e-09
0.37642045454545453,0.375,4.9760016888723254e-10,2.3308126988257365e-12
0.37642045454545453,0.39772727272727271,5.5416429527591672e-10,-4.2510350241860879e-10
0.37642045454545453,0.42045454545454547,6.1072842166460091e-10,-8.5253781753604448e-10
0.37642045454545453,0.44318181818181818,6.6729254805328488e-10,-1.279972132653479e-09
0.37642045454545453,0.46590909090909088,7.2385667444196906e-10,-1.7074064477709136e-09
0.37642045454545453,0.48863636363636365,7.8042080083065304e-10,-2.134840762888349e-09
0.37642045454545453,0.51136363636363635,4.1482143175621862e-08,4.2870409771077e-10
0.37642045454545453,0.53409090909090906,3.7964723389144595e-08,6.3152852691412193e-10
0.37642045454545453,0.55681818181818177,3.4447303602667295e-08,8.3435295611747381e-10
0.37642045454545453,0.57954545454545459,3.0929883816190002e-08,1.0371773853208267e-09
0.37642045454545453,0.60227272727272729,2.7412464029712708e-08,1.2400018145241786e-09
0.37642045454545453,0.625,-4.0986770688128132e-09,1.0651562203158059e-08
0.37642045454545453,0.64772727272727271,1.1011737909341968e-10,1.1217971615598318e-08
0.37642045454545453,0.67045454545454541,4.3189118269996521e-09,1.1784381028038578e-08
0.37642045454545453,0.69318181818181823,8.5277062749059055e-09,1.2350790440478841e-08
0.37642045454545453,0.71590909090909094,1.2736500722812139e-08,1.2917199852919103e-08
0.37642045454545453,0.73863636363636365,1.6945295170718371e-08,1.348360926535936e-08
0.37642045454545453,0.76136363636363635,2.2386057653882268e-08,-1.5277257411049572e-08
0.37642045454545453,0.78409090909090906,1.7616511377846659e-08,-1.4931170886062834e-08
0.37642045454545453,0.80681818181818177,1.2846965101811054e-08,-1.4585084361076091e-08
0.37642045454545453,0.82954545454545459,8.077418825775424e-09,-1.4238997836089349e-08
0.37642045454545453,0.85227272727272729,3.3078725497398154e-09,-1.3892911311102611e-08
0.37642045454545453,0.875,1.4554172382571446e-08,2.4735899834895347e-08
0.37642045454545453,0.89772727272727271,1.8457144007140085e-08,2.2952599532924237e-08
0.37642045454545453,0.92045454545454541,2.2360115631708722e-08,2.116929923095313e-08
0.37642045454545453,0.94318181818181823,2.6263087256277378e-08,1.938599892898201e-08
0.37642045454545453,0.96590909090909094,3.0166058880846018e-08,1.76026986270109e-08
0.37642045454545453,0.98863636363636365,3.4069030505414649e-08,1.5819398325039787e-08
0.390625,0.011363636363636364,0,0
0.390625,0.034090909090909088,0,0
0.390625,0.056818181818181816,0,0
0.390625,0.079545454545454544,0,0
0.390625,0.10227272727272728,0,0
0.390625,0.125,3.8223692659157272e-09,-6.4069804428748993e-11
0.390625,0.14772727272727273,3.740874809781218e-09,3.7332847092070344e-11
0.390625,0.17045454545454544,3.6593803536467084e-09,1.3873549861288953e-10
0.390625,0.19318181818181818,3.5778858975121992e-09,2.4013815013370888e-10
0.390625,0.21590909090909091,3.4963914413776895e-09,3.415408016545282e-10
0.390625,0.23863636363636365,3.4148969852431803e-09,4.4294345317534752e-10
0.390625,0.26136363636363635,2.6477521699834576e-08,-1.2074374671946414e-10
0.390625,0.28409090909090912,2.5919395376683551e-08,5.3474602184409505e-10
0.390625,0.30681818181818182,2.536126905353252e-08,1.1902357904076529e-09
0.390625,0.32954545454545453,2.4803142730381488e-08,1.8457255589712099e-09
0.390625,0.35227272727272729,2.424501640723046e-08,2.50121532753477e-09
0.390625,0.375,5.4736018577596163e-09,2.5638939687083374e-11
0.390625,0.39772727272727271,5.1090176647921825e-09,-3.2983516003055162e-10
0.390625,0.42045454545454547,4.7444334718247479e-09,-6.853092597481875e-10
0.390625,0.44318181818181818,4.3798492788573149e-09,-1.0407833594658226e-09
0.390625,0.46590909090909088,4.015265085889882e-09,-1.3962574591834577e-09
0.390625,0.48863636363636365,3.6506808929224474e-09,-1.7517315589010935e-09
0.390625,0.51136363636363635,3.6452557571118857e-08,1.6715321055477103e-09
0.390625,0.53409090909090906,3.3835202439964076e-08,1.9164052381763727e-09
0.390625,0.55681818181818177,3.1217847308809283e-08,2.1612783708050355e-09
0.390625,0.57954545454545459,2.8600492177654479e-08,2.4061515034336992e-09
0.390625,0.60227272727272729,2.5983137046499693e-08,2.651024636062362e-09
0.390625,0.625,-7.6721834725657532e-10,7.5973473208349723e-09
0.390625,0.64772727272727271,2.3980934314277709e-09,8.1413693676422878e-09
0.390625,0.67045454545454541,5.5634052101121159e-09,8.6853914144496016e-09
0.390625,0.69318181818181823,8.7287169887964779e-09,9.2294134612569171e-09
0.390625,0.71590909090909094,1.1894028767480823e-08,9.7734355080642325e-09
0.390625,0.73863636363636365,1.5059340546165165e-08,1.0317457554871548e-08
0.390625,0.76136363636363635,2.1744019977061536e-08,-1.0706955448185852e-08
0.390625,0.78409090909090906,1.7974058683911605e-08,-1.0616396987668049e-08
0.390625,0.80681818181818177,1.420409739076168e-08,-1.0525838527150246e-08
0.390625,0.82954545454545459,1.0434136097611732e-08,-1.0435280066632439e-08
0.390625,0.85227272727272729,6.6641748044618061e-09,-1.034472160611464e-08
0.390625,0.875,1.1726812928215822e-08,1.7866163345735789e-08
0.390625,0.89772727272727271,1.5391070047772861e-08,1.7019936382983772e-08
0.390625,0.92045454545454541,1.9055327167329899e-08,1.6173709420231766e-08
0.390625,0.94318181818181823,2.2719584286886953e-08,1.5327482457479749e-08
0.390625,0.96590909090909094,2.6383841406443987e-08,1.4481255494727739e-08
0.390625,0.98863636363636365,3.0048098526001025e-08,1.3635028531975727e-08
0.40482954545454547,0.011363636363636364,0,0
0.40482954545454547,0.034090909090909088,0,0
0.40482954545454547,0.056818181818181816,0,0
0.40482954545454547,0.079545454545454544,0,0
0.40482954545454547,0.10227272727272728,0,0
0.40482954545454547,0.125,7.2972504167482099e-09,-1.2231508118215724e-10
0.40482954545454547,0.14772727272727273,7.1416700914005107e-09,7.127179899395251e-11
0.40482954545454547,0.17045454545454544,6.9860897660528114e-09,2.6485867917006195e-10
0.40482954545454547,0.19318181818181818,6.8305094407051113e-09,4.5844555934617171e-10
0.40482954545454547,0.21590909090909091,6.6749291153574112e-09,6.5203243952228136e-10
0.40482954545454547,0.23863636363636365,6.5193487900097111e-09,8.4561931969839123e-10
0.40482954545454547,0.26136363636363635,2.304529024260439e-08,-1.3328548978559965e-10
0.40482954545454547,0.28409090909090912,2.2572463306657943e-08,3.8063023913887194e-10
0.40482954545454547,0.30681818181818182,2.2099636370711506e-08,8.945459680633419e-10
0.40482954545454547,0.32954545454545453,2.1626809434765062e-08,1.4084616969878125e-09
0.40482954545454547,0.35227272727272729,2.1153982498818625e-08,1.922377425912284e-09
0.40482954545454547,0.375,1.0449603546632e-08,4.8947066675341015e-11
0.40482954545454547,0.39772727272727271,9.6638710343084491e-09,-2.3456681764249441e-10
0.40482954545454547,0.42045454545454547,8.8781385219848969e-09,-5.1808070196033053e-10
0.40482954545454547,0.44318181818181818,8.0924060096613448e-09,-8.0159458627816597e-10
0.40482954545454547,0.46590909090909088,7.3066734973377943e-09,-1.0851084705960014e-09
0.40482954545454547,0.48863636363636365,6.5209409850142422e-09,-1.3686223549138376e-09
0.40482954545454547,0.51136363636363635,3.1422971966615858e-08,2.9143601133846503e-09
0.40482954545454547,0.53409090909090906,2.9705681490783564e-08,3.2012819494386237e-09
0.40482954545454547,0.55681818181818177,2.7988391014951271e-08,3.488203785492597e-09
0.40482954545454547,0.57954545454545459,2.6271100539118967e-08,3.775125621546572e-09
0.40482954545454547,0.60227272727272729,2.4553810063286674e-08,4.0620474576005446e-09
0.40482954545454547,0.625,2.5642403742996629e-09,4.5431324385118888e-09
0.40482954545454547,0.64772727272727271,4.6860694837621207e-09,5.0647671196862571e-09
0.40482954545454547,0.67045454545454541,6.8078985932245797e-09,5.5864018008606254e-09
0.40482954545454547,0.69318181818181823,8.929727702687047e-09,6.1080364820349962e-09
0.40482954545454547,0.71590909090909094,1.1051556812149508e-08,6.6296711632093662e-09
0.40482954545454547,0.73863636363636365,1.3173385921611968e-08,7.1513058443837345e-09
0.40482954545454547,0.76136363636363635,2.1101982300240807e-08,-6.1366534853221261e-09
0.40482954545454547,0.78409090909090906,1.8331605989976555e-08,-6.3016230892732605e-09
0.40482954545454547,0.80681818181818177,1.5561229679712309e-08,-6.4665926932243983e-09
0.40482954545454547,0.82954545454545459,1.2790853369448046e-08,-6.6315622971755344e-09
0.40482954545454547,0.85227272727272729,1.0020477059183796e-08,-6.7965319011266714e-09
0.40482954545454547,0.875,8.8994534738601991e-09,1.0996426856576224e-08
0.40482954545454547,0.89772727272727271,1.2324996088405638e-08,1.1087273233043317e-08
0.40482954545454547,0.92045454545454541,1.5750538702951073e-08,1.1178119609510401e-08
0.40482954545454547,0.94318181818181823,1.9176081317496525e-08,1.1268965985977488e-08
0.40482954545454547,0.96590909090909094,2.2601623932041963e-08,1.1359812362444578e-08
0.40482954545454547,0.98863636363636365,2.6027166546587402e-08,1.1450658738911666e-08
0.41903409090909088,0.011363636363636364,0,0
0.41903409090909088,0.034090909090909088,0,0
0.41903409090909088,0.056818181818181816,0,0
0.41903409090909088,0.079545454545454544,0,0
0.41903409090909088,0.10227272727272728,0,0
0.41903409090909088,0.125,1.077213156758068e-08,-1.8056035793556525e-10
0.41903409090909088,0.14772727272727273,1.0542465373019789e-08,1.0521075089583453e-10
0.41903409090909088,0.17045454545454544,1.03127991784589e-08,3.9098185972723393e-10
0.41903409090909088,0.19318181818181818,1.0083132983898011e-08,6.7675296855863381e-10
0.41903409090909088,0.21590909090909091,9.8534667893371213e-09,9.6252407739003349e-10
0.41903409090909088,0.23863636363636365,9.6238005947762303e-09,1.2482951862214332e-09
0.41903409090909088,0.26136363636363635,1.9613058785374213e-08,-1.4582723285173501e-10
0.41903409090909088,0.28409090909090912,1.9225531236632358e-08,2.2651445643364924e-10
0.41903409090909088,0.30681818181818182,1.8838003687890502e-08,5.9885614571903246e-10
0.41903409090909088,0.32954545454545453,1.845047613914865e-08,9.7119783500441579e-10
0.41903409090909088,0.35227272727272729,1.8062948590406797e-08,1.3435395242898005e-09
0.41903409090909088,0.375,1.5425605235504364e-08,7.2255193663598565e-11
0.41903409090909088,0.39772727272727271,1.4218724403824699e-08,-1.3929847525443763e-10
0.41903409090909088,0.42045454545454547,1.3011843572145028e-08,-3.5085214417247438e-10
0.41903409090909088,0.44318181818181818,1.1804962740465361e-08,-5.6240581309051063e-10
0.41903409090909088,0.46590909090909088,1.0598081908785695e-08,-7.7395948200854698e-10
0.41903409090909088,0.48863636363636365,9.3912010771060237e-09,-9.8551315092658354e-10
0.41903409090909088,0.51136363636363635,2.6393386362112872e-08,4.1571881212215858e-09
0.41903409090909088,0.53409090909090906,2.5576160541603075e-08,4.4861586607008697e-09
0.41903409090909088,0.55681818181818177,2.4758934721093272e-08,4.8151292001801536e-09
0.41903409090909088,0.57954545454545459,2.3941708900583465e-08,5.1440997396594391e-09
0.41903409090909088,0.60227272727272729,2.3124483080073665e-08,5.473070279138723e-09
0.41903409090909088,0.625,5.8956990958558884e-09,1.4889175561888143e-09
0.41903409090909088,0.64772727272727271,6.9740455360964635e-09,1.9881648717302388e-09
0.41903409090909088,0.67045454545454541,8.0523919763370386e-09,2.4874121872716608e-09
0.41903409090909088,0.69318181818181823,9.1307384165776211e-09,2.9866595028130878e-09
0.41903409090909088,0.71590909090909094,1.0209084856818197e-08,3.4859068183545106e-09
0.41903409090909088,0.73863636363636365,1.1287431297058771e-08,3.9851541338959351e-09
0.41903409090909088,0.76136363636363635,2.0459944623420075e-08,-1.5663515224584186e-09
0.41903409090909088,0.78409090909090906,1.8689153296041501e-08,-1.986849190878493e-09
0.41903409090909088,0.80681818181818177,1.691836196866293e-08,-2.4073468592985633e-09
0.41903409090909088,0.82954545454545459,1.5147570641284349e-08,-2.827844527718641e-09
0.41903409090909088,0.85227272727272729,1.3376779313905775e-08,-3.2483421961387154e-09
0.41903409090909088,0.875,6.0720940195045887e-09,4.126690367416689e-09
0.41903409090909088,0.89772727272727271,9.2589221290384272e-09,5.1546100831028725e-09
0.41903409090909088,0.92045454545454541,1.2445750238572262e-08,6.1825297987890561e-09
0.41903409090909088,0.94318181818181823,1.5632578348106116e-08,7.2104495144752445e-09
0.41903409090909088,0.96590909090909094,1.8819406457639955e-08,8.2383692301614314e-09
0.41903409090909088,0.98863636363636365,2.2006234567173791e-08,9.2662889458476132e-09
0.43323863636363635,0.011363636363636364,0,0
0.43323863636363635,0.034090909090909088,0,0
0.43323863636363635,0.056818181818181816,0,0
0.43323863636363635,0.079545454545454544,0,0
0.43323863636363635,0.10227272727272728,0,0
0.43323863636363635,0.125,1.4247012718413162e-08,-2.3880563468897349e-10
0.43323863636363635,0.14772727272727273,1.3943260654639083e-08,1.3914970279771667e-10
0.43323863636363635,0.17045454545454544,1.3639508590865002e-08,5.1710504028440653e-10
0.43323863636363635,0.19318181818181818,1.3335756527090921e-08,8.9506037777109644e-10
0.43323863636363635,0.21590909090909091,1.303200446331684e-08,1.2730157152577868e-09
0.43323863636363635,0.23863636363636365,1.272825239954276e-08,1.650971052744477e-09
0.43323863636363635,0.26136363636363635,1.6180827328144024e-08,-1.583689759178705e-10
0.43323863636363635,0.28409090909090912,1.5878599166606752e-08,7.2398673728425981e-11
0.43323863636363635,0.30681818181818182,1.5576371005069488e-08,3.0316632337472179e-10
0.43323863636363635,0.32954545454545453,1.5274142843532224e-08,5.3393397302101801e-10
0.43323863636363635,0.35227272727272729,1.4971914681994956e-08,7.6470162266731413e-10
0.43323863636363635,0.375,2.0401606924376746e-08,9.55633206518562e-11
0.43323863636363635,0.39772727272727271,1.8773577773340962e-08,-4.4030132866380431e-11
0.43323863636363635,0.42045454545454547,1.7145548622305175e-08,-1.8362358638461748e-10
0.43323863636363635,0.44318181818181818,1.5517519471269391e-08,-3.2321703990285414e-10
0.43323863636363635,0.46590909090909088,1.3889490320233607e-08,-4.6281049342109053e-10
0.43323863636363635,0.48863636363636365,1.226146116919782e-08,-6.0240394693932764e-10
0.43323863636363635,0.51136363636363635,2.1363800757609873e-08,5.4000161290585271e-09
0.43323863636363635,0.53409090909090906,2.1446639592422567e-08,5.7710353719631207e-09
0.43323863636363635,0.55681818181818177,2.152947842723526e-08,6.1420546148677151e-09
0.43323863636363635,0.57954545454545459,2.1612317262047953e-08,6.5130738577723112e-09
0.43323863636363635,0.60227272727272729,2.1695156096860646e-08,6.8840931006769056e-09
0.43323863636363635,0.625,9.2271578174121266e-09,-1.5652973261342709e-09
0.43323863636363635,0.64772727272727271,9.2620215884308161e-09,-1.0884373762257932e-09
0.43323863636363635,0.67045454545454541,9.296885359449504e-09,-6.1157742631731457e-10
0.43323863636363635,0.69318181818181823,9.3317491304681935e-09,-1.3471747640883432e-10
0.43323863636363635,0.71590909090909094,9.3666129014868831e-09,3.4214247349964428e-10
0.43323863636363635,0.73863636363636365,9.401476672505571e-09,8.1900242340812081e-10
0.43323863636363635,0.76136363636363635,1.9817906946599343e-08,3.0039504404053053e-09
0.43323863636363635,0.78409090909090906,1.9046700602106451e-08,2.3279247075162918e-09
0.43323863636363635,0.80681818181818177,1.8275494257613558e-08,1.6518989746272821e-09
0.43323863636363635,0.82954545454545459,1.7504287913120659e-08,9.7587324173826817e-10
0.43323863636363635,0.85227272727272729,1.6733081568627767e-08,2.9984750884925634e-10
0.43323863636363635,0.875,3.2447345651489651e-09,-2.7430461217428758e-09
0.43323863636363635,0.89772727272727271,6.192848169671202e-09,-7.780530668375922e-10
0.43323863636363635,0.92045454545454541,9.1409617741934406e-09,1.1869399880676947e-09
0.43323863636363635,0.94318181818181823,1.2089075378715691e-08,3.1519330429729866e-09
0.43323863636363635,0.96590909090909094,1.5037188983237928e-08,5.116926097878271e-09
0.43323863636363635,0.98863636363636365,1.7985302587760165e-08,7.0819191527835538e-09
0.44744318181818182,0.011363636363636364,0,0
0.44744318181818182,0.034090909090909088,0,0
0.44744318181818182,0.056818181818181816,0,0
0.44744318181818182,0.079545454545454544,0,0
0.44744318181818182,0.10227272727272728,0,0
0.44744318181818182,0.125,1.7721893869245646e-08,-2.9705091144238171e-10
0.44744318181818182,0.14772727272727273,1.7344055936258376e-08,1.7308865469959884e-10
0.44744318181818182,0.17045454545454544,1.6966218003271107e-08,6.4322822084157882e-10
0.44744318181818182,0.19318181818181818,1.6588380070283834e-08,1.1133677869835595e-09
0.44744318181818182,0.21590909090909091,1.6210542137296565e-08,1.58350735312554e-09
0.44744318181818182,0.23863636363636365,1.5832704204309292e-08,2.0536469192675206e-09
0.44744318181818182,0.26136363636363635,1.2748595870913832e-08,-1.7091071898400599e-10
0.44744318181818182,0.28409090909090912,1.2531667096581152e-08,-8.1717108976797333e-11
0.44744318181818182,0.30681818181818182,1.2314738322248476e-08,7.4765010304112169e-12
0.44744318181818182,0.32954545454545453,1.2097809547915799e-08,9.6670111037619612e-11
0.44744318181818182,0.35227272727272729,1.1880880773583121e-08,1.8586372104482863e-10
0.44744318181818182,0.375,2.5377608613249132e-08,1.1887144764011383e-10
0.44744318181818182,0.39772727272727271,2.3328431142857229e-08,5.1238209521676733e-11
0.44744318181818182,0.42045454545454547,2.1279253672465326e-08,-1.6395028596760576e-11
0.44744318181818182,0.44318181818181818,1.9230076202073423e-08,-8.4028266715197664e-11
0.44744318181818182,0.46590909090909088,1.718089873168152e-08,-1.516615048336346e-10
0.44744318181818182,0.48863636363636365,1.5131721261289613e-08,-2.1929474295207205e-10
0.44744318181818182,0.51136363636363635,1.6334215153106868e-08,6.6428441368954675e-09
0.44744318181818182,0.53409090909090906,1.7317118643242061e-08,7.0559120832253716e-09
0.44744318181818182,0.55681818181818177,1.8300022133377248e-08,7.4689800295552783e-09
0.44744318181818182,0.57954545454545459,1.9282925623512444e-08,7.8820479758851832e-09
0.44744318181818182,0.60227272727272729,2.0265829113647631e-08,8.2951159222150882e-09
0.44744318181818182,0.625,1.2558616538968365e-08,-4.6195122084573545e-09
0.44744318181818182,0.64772727272727271,1.1549997640765166e-08,-4.1650396241818243e-09
0.44744318181818182,0.67045454545454541,1.0541378742561968e-08,-3.7105670399062895e-09
0.44744318181818182,0.69318181818181823,9.532759844358766e-09,-3.2560944556307564e-09
0.44744318181818182,0.71590909090909094,8.5241409461555675e-09,-2.8016218713552229e-09
0.44744318181818182,0.73863636363636365,7.5155220479523689e-09,-2.3471492870796918e-09
0.44744318181818182,0.76136363636363635,1.9175869269778614e-08,7.5742524032690276e-09
0.44744318181818182,0.78409090909090906,1.9404247908171397e-08,6.6426986059110792e-09
0.44744318181818182,0.80681818181818177,1.9632626546564183e-08,5.7111448085531307e-09
0.44744318181818182,0.82954545454545459,1.9861005184956969e-08,4.7795910111951748e-09
0.44744318181818182,0.85227272727272729,2.0089383823349759e-08,3.8480372138372272e-09
0.44744318181818182,0.875,4.173751107933423e-10,-9.6127826109024357e-09
0.44744318181818182,0.89772727272727271,3.1267742103039784e-09,-6.7107162167780536e-09
0.44744318181818182,0.92045454545454541,5.8361733098146162e-09,-3.8086498226536683e-09
0.44744318181818182,0.94318181818181823,8.5455724093252655e-09,-9.0658342852927469e-10
0.44744318181818182,0.96590909090909094,1.1254971508835903e-08,1.9954829655951106e-09
0.44744318181818182,0.98863636363636365,1.3964370608346539e-08,4.8975493597194927e-09
0.46164772727272729,0.011363636363636364,0,0
0.46164772727272729,0.034090909090909088,0,0
0.46164772727272729,0.056818181818181816,0,0
0.46164772727272729,0.079545454545454544,0,0
0.46164772727272729,0.10227272727272728,0,0
0.46164772727272729,0.125,2.1196775020078127e-08,-3.5529618819578998e-10
0.46164772727272729,0.14772727272727273,2.0744851217877666e-08,2.0702760660148106e-10
0.46164772727272729,0.17045454545454544,2.0292927415677205e-08,7.6935140139875132e-10
0.46164772727272729,0.19318181818181818,1.9841003613476744e-08,1.3316751961960222e-09
0.46164772727272729,0.21590909090909091,1.9389079811276283e-08,1.8939989909932931e-09
0.46164772727272729,0.23863636363636365,1.8937156009075822e-08,2.4563227857905642e-09
0.46164772727272729,0.26136363636363635,9.3163644136836461e-09,-1.8345246205014148e-10
0.46164772727272729,0.28409090909090912,9.1847350265555524e-09,-2.3583289168202054e-10
0.46164772727272729,0.30681818181818182,9.0531056394274636e-09,-2.8821332131389941e-10
0.46164772727272729,0.32954545454545453,8.9214762522993716e-09,-3.4059375094577827e-10
0.46164772727272729,0.35227272727272729,8.7898468651712795e-09,-3.9297418057765739e-10
0.46164772727272729,0.375,3.0353610302121515e-08,1.4217957462837147e-10
0.46164772727272729,0.39772727272727271,2.7883284512373492e-08,1.4650655190973393e-10
0.46164772727272729,0.42045454545454547,2.5412958722625473e-08,1.5083352919109638e-10
0.46164772727272729,0.44318181818181818,2.2942632932877451e-08,1.5516050647245887e-10
0.46164772727272729,0.46590909090909088,2.0472307143129435e-08,1.5948748375382128e-10
0.46164772727272729,0.48863636363636365,1.8001981353381406e-08,1.6381446103518354e-10
0.46164772727272729,0.51136363636363635,1.1304629548603868e-08,7.8856721447324071e-09
0.46164772727272729,0.53409090909090906,1.3187597694061549e-08,8.3407887944876226e-09
0.46164772727272729,0.55681818181818177,1.5070565839519236e-08,8.7959054442428381e-09
0.46164772727272729,0.57954545454545459,1.6953533984976929e-08,9.2510220939980569e-09
0.46164772727272729,0.60227272727272729,1.8836502130434612e-08,9.7061387437532707e-09
0.46164772727272729,0.625,1.5890075260524603e-08,-7.6737270907804406e-09
0.46164772727272729,0.64772727272727271,1.3837973693099517e-08,-7.2416418721378525e-09
0.46164772727272729,0.67045454545454541,1.1785872125674432e-08,-6.809556653495267e-09
0.46164772727272729,0.69318181818181823,9.7337705582493367e-09,-6.3774714348526781e-09
0.46164772727272729,0.71590909090909094,7.6816689908242535e-09,-5.9453862162100917e-09
0.46164772727272729,0.73863636363636365,5.6295674233991686e-09,-5.5133009975675028e-09
0.46164772727272729,0.76136363636363635,1.8533831592957879e-08,1.214455436613275e-08
0.46164772727272729,0.78409090909090906,1.9761795214236347e-08,1.0957472504305866e-08
0.46164772727272729,0.80681818181818177,2.0989758835514812e-08,9.7703906424789782e-09
0.46164772727272729,0.82954545454545459,2.2217722456793283e-08,8.583308780652084e-09
0.46164772727272729,0.85227272727272729,2.3445686078071744e-08,7.3962269188251965e-09
0.46164772727272729,0.875,-2.4099843435622805e-09,-1.6482519100061999e-08
0.46164772727272729,0.89772727272727271,6.0700250936755661e-11,-1.2643379366718515e-08
0.46164772727272729,0.92045454545454541,2.5313848454357918e-09,-8.8042396333750346e-09
0.46164772727272729,0.94318181818181823,5.0020694399348404e-09,-4.9650999000315343e-09
0.46164772727272729,0.96590909090909094,7.4727540344338773e-09,-1.1259601666880514e-09
0.46164772727272729,0.98863636363636365,9.9434386289329143e-09,2.7131795666554324e-09
0.47585227272727271,0.011363636363636364,0,0
0.47585227272727271,0.034090909090909088,0,0
0.47585227272727271,0.056818181818181816,0,0
0.47585227272727271,0.079545454545454544,0,0
0.47585227272727271,0.10227272727272728,0,0
0.47585227272727271,0.125,2.4671656170910599e-08,-4.1354146494919794e-10
0.47585227272727271,0.14772727272727273,2.4145646499496947e-08,2.4096655850336302e-10
0.47585227272727271,0.17045454545454544,2.3619636828083294e-08,8.9547458195592309e-10
0.47585227272727271,0.19318181818181818,2.3093627156669644e-08,1.5499826054084841e-09
0.47585227272727271,0.21590909090909091,2.2567617485255995e-08,2.2044906288610457e-09
0.47585227272727271,0.23863636363636365,2.2041607813842342e-08,2.8589986523136065e-09
0.47585227272727271,0.26136363636363635,5.8841329564534681e-09,-1.9599420511627691e-10
0.47585227272727271,0.28409090909090912,5.8378029565299639e-09,-3.8994867438724329e-10
0.47585227272727271,0.30681818181818182,5.7914729566064605e-09,-5.83903143658209e-10
0.47585227272727271,0.32954545454545453,5.7451429566829572e-09,-7.7785761292917491e-10
0.47585227272727271,0.35227272727272729,5.6988129567594546e-09,-9.7181208220014113e-10
0.47585227272727271,0.375,3.5329611990993877e-08,1.6548770161662902e-10
0.47585227272727271,0.39772727272727271,3.2438137881889746e-08,2.4177489429779074e-10
0.47585227272727271,0.42045454545454547,2.9546663772785601e-08,3.1806208697895255e-10
0.47585227272727271,0.44318181818181818,2.6655189663681469e-08,3.9434927966011432e-10
0.47585227272727271,0.46590909090909088,2.3763715554577334e-08,4.7063647234127592e-10
0.47585227272727271,0.48863636363636365,2.0872241445473193e-08,5.4692366502243779e-10
0.47585227272727271,0.51136363636363635,6.2750439441008819e-09,9.1285001525693426e-09
0.47585227272727271,0.53409090909090906,9.0580767448810602e-09,9.6256655057498686e-09
0.47585227272727271,0.55681818181818177,1.1841109545661237e-08,1.0122830858930395e-08
0.47585227272727271,0.57954545454545459,1.4624142346441427e-08,1.0619996212110924e-08
0.47585227272727271,0.60227272727272729,1.7407175147221607e-08,1.1117161565291452e-08
0.47585227272727271,0.625,1.9221533982080828e-08,-1.0727941973103514e-08
0.47585227272727271,0.64772727272727271,1.6125949745433862e-08,-1.0318244120093873e-08
0.47585227272727271,0.67045454545454541,1.3030365508786892e-08,-9.9085462670842307e-09
0.47585227272727271,0.69318181818181823,9.9347812721399075e-09,-9.4988484140745882e-09
0.47585227272727271,0.71590909090909094,6.8391970354929412e-09,-9.0891505610649473e-09
0.47585227272727271,0.73863636363636365,3.743612798845974e-09,-8.6794527080553047e-09
0.47585227272727271,0.76136363636363635,1.789179391613715e-08,1.6714856328996462e-08
0.47585227272727271,0.78409090909090906,2.011934252030129e-08,1.5272246402700634e-08
0.47585227272727271,0.80681818181818177,2.2346891124465433e-08,1.3829636476404809e-08
0.47585227272727271,0.82954545454545459,2.4574439728629583e-08,1.2387026550108977e-08
0.47585227272727271,0.85227272727272729,2.680198833279373e-08,1.0944416623813152e-08
0.47585227272727271,0.875,-5.2373437979178933e-09,-2.3352255589221534e-08
0.47585227272727271,0.89772727272727271,-3.0053737084304563e-09,-1.857604251665896e-08
0.47585227272727271,0.92045454545454541,-7.7340361894301851e-10,-1.3799829444096379e-08
0.47585227272727271,0.94318181818181823,1.4585664705444297e-09,-9.0236163715337774e-09
0.47585227272727271,0.96590909090909094,3.6905365600318667e-09,-4.2474032989711985e-09
0.47585227272727271,0.98863636363636365,5.9225066495193041e-09,5.2880977359137913e-10
0.49005681818181818,0.011363636363636364,0,0
0.49005681818181818,0.034090909090909088,0,0
0.49005681818181818,0.056818181818181816,0,0
0.49005681818181818,0.079545454545454544,0,0
0.49005681818181818,0.10227272727272728,0,0
0.49005681818181818,0.125,2.8146537321743081e-08,-4.7178674170260616e-10
0.49005681818181818,0.14772727272727273,2.754644178111624e-08,2.7490551040524528e-10
0.49005681818181818,0.17045454545454544,2.6946346240489396e-08,1.0215977625130957e-09
0.49005681818181818,0.19318181818181818,2.6346250699862558e-08,1.768290014620947e-09
0.49005681818181818,0.21590909090909091,2.5746155159235713e-08,2.5149822667287984e-09
0.49005681818181818,0.23863636363636365,2.5146059618608875e-08,3.2616745188366497e-09
0.49005681818181818,0.26136363636363635,2.4519014992232785e-09,-2.0853594818241235e-10
0.49005681818181818,0.28409090909090912,2.490870886504363e-09,-5.4406445709246645e-10
0.49005681818181818,0.30681818181818182,2.5298402737854471e-09,-8.7959296600251967e-10
0.49005681818181818,0.32954545454545453,2.5688096610665312e-09,-1.2151214749125727e-09
0.49005681818181818,0.35227272727272729,2.6077790483476153e-09,-1.5506499838226269e-09
0.49005681818181818,0.375,4.0305613679866266e-08,1.8879582860488666e-10
0.49005681818181818,0.39772727272727271,3.6992991251406009e-08,3.370432366858479e-10
0.49005681818181818,0.42045454545454547,3.3680368822945752e-08,4.8529064476680948e-10
0.49005681818181818,0.44318181818181818,3.0367746394485494e-08,6.3353805284777074e-10
0.49005681818181818,0.46590909090909088,2.705512396602525e-08,7.8178546092873191e-10
0.49005681818181818,0.48863636363636365,2.3742501537564986e-08,9.3003286900969348e-10
0.49005681818181818,0.51136363636363635,1.2454583395978769e-09,1.0371328160406283e-08
0.49005681818181818,0.53409090909090906,4.9285557957005506e-09,1.091054221701212e-08
0.49005681818181818,0.55681818181818177,8.6116532518032247e-09,1.1449756273617958e-08
0.49005681818181818,0.57954545454545459,1.2294750707905915e-08,1.1988970330223796e-08
0.49005681818181818,0.60227272727272729,1.5977848164008588e-08,1.2528184386829633e-08
0.49005681818181818,0.625,2.2552992703637063e-08,-1.3782156855426599e-08
0.49005681818181818,0.64772727272727271,1.8413925797768209e-08,-1.3394846368049902e-08
0.49005681818181818,0.67045454545454541,1.4274858891899358e-08,-1.3007535880673205e-08
0.49005681818181818,0.69318181818181823,1.0135791986030482e-08,-1.2620225393296511e-08
0.49005681818181818,0.71590909090909094,5.9967250801616255e-09,-1.2232914905919814e-08
0.49005681818181818,0.73863636363636365,1.8576581742927722e-09,-1.1845604418543118e-08
0.49005681818181818,0.76136363636363635,1.7249756239316415e-08,2.1285158291860183e-08
0.49005681818181818,0.78409090909090906,2.0476889826366236e-08,1.9587020301095419e-08
0.49005681818181818,0.80681818181818177,2.3704023413416065e-08,1.7888882310330661e-08
0.49005681818181818,0.82954545454545459,2.69311570004659e-08,1.6190744319565884e-08
0.49005681818181818,0.85227272727272729,3.0158290587515721e-08,1.4492606328801123e-08
0.49005681818181818,0.875,-8.0647032522735161e-09,-3.0221992078381095e-08
0.49005681818181818,0.89772727272727271,-6.0714476677976799e-09,-2.4508705666599421e-08
0.49005681818181818,0.92045454545454541,-4.0781920833218421e-09,-1.8795419254817744e-08
0.49005681818181818,0.94318181818181823,-2.0849364988459955e-09,-1.3082132843036037e-08
0.49005681818181818,0.96590909090909094,-9.1680914370158501e-11,-7.368846431254358e-09
0.49005681818181818,0.98863636363636365,1.9015746701056781e-09,-1.6555600194726816e-09
0.50426136363636365,0.011363636363636364,4.8277655110930603e-12,-2.2838556470863645e-11
0.50426136363636365,0.034090909090909088,1.448329653327918e-11,-6.8515669412590917e-11
0.50426136363636365,0.056818181818181816,2.4138827555465302e-11,-1.1419278235431821e-10
0.50426136363636365,0.079545454545454544,3.3794358577651424e-11,-1.598698952960455e-10
0.50426136363636365,0.10227272727272728,4.3449889599837546e-11,-2.0554700823777279e-10
0.50426136363636365,0.125,9.2022266104798191e-10,1.3463039425520682e-10
0.50426136363636365,0.14772727272727273,1.1239784125532061e-09,-1.1358636092937445e-09
0.50426136363636365,0.17045454545454544,1.32773416405843e-09,-2.4063576128426941e-09
0.50426136363636365,0.19318181818181818,1.5314899155636545e-09,-3.6768516163916458e-09
0.50426136363636365,0.21590909090909091,1.7352456670688786e-09,-4.9473456199405971e-09
0.50426136363636365,0.23863636363636365,1.9390014185741029e-09,-6.2178396234895488e-09
0.50426136363636365,0.26136363636363635,2.5160835789037021e-08,4.0710114317280965e-09
0.50426136363636365,0.28409090909090912,2.3299551965020596e-08,4.7469649969691216e-09
0.50426136363636365,0.30681818181818182,2.1438268141004178e-08,5.422918562210145e-09
0.50426136363636365,0.32954545454545453,1.9576984316987759e-08,6.0988721274511685e-09
0.50426136363636365,0.35227272727272729,1.7715700492971334e-08,6.7748256926921928e-09
0.50426136363636365,0.375,1.3406400505077467e-09,-2.2647400581096343e-09
0.50426136363636365,0.39772727272727271,4.5224058277556312e-09,-2.125184129935998e-09
0.50426136363636365,0.42045454545454547,7.704171605003522e-09,-1.9856282017623618e-09
0.50426136363636365,0.44318181818181818,1.0885937382251406e-08,-1.8460722735887254e-09
0.50426136363636365,0.46590909090909088,1.4067703159499289e-08,-1.7065163454150887e-09
0.50426136363636365,0.48863636363636365,1.7249468936747181e-08,-1.5669604172414521e-09
0.50426136363636365,0.51136363636363635,2.2030135985739092e-08,1.8032245233241522e-09
0.50426136363636365,0.53409090909090906,1.851202440190264e-08,1.9427924725319938e-09
0.50426136363636365,0.55681818181818177,1.4993912818066188e-08,2.0823604217398347e-09
0.50426136363636365,0.57954545454545459,1.1475801234229719e-08,2.2219283709476768e-09
0.50426136363636365,0.60227272727272729,7.9576896503932668e-09,2.3614963201555185e-09
0.50426136363636365,0.625,1.8568153202838649e-08,1.3131344892918629e-08
0.50426136363636365,0.64772727272727271,2.3180138217335682e-08,1.2325645402263467e-08
0.50426136363636365,0.67045454545454541,2.7792123231832717e-08,1.1519945911608306e-08
0.50426136363636365,0.69318181818181823,3.2404108246329766e-08,1.0714246420953138e-08
0.50426136363636365,0.71590909090909094,3.7016093260826801e-08,9.9085469302979788e-09
0.50426136363636365,0.73863636363636365,4.162807827532383e-08,9.102847439642816e-09
0.50426136363636365,0.76136363636363635,-3.9265104756675115e-10,-1.1710637713889582e-08
0.50426136363636365,0.78409090909090906,3.0394148482510298e-12,-9.3553282256446277e-09
0.50426136363636365,0.80681818181818177,3.9872987726325372e-10,-7.0000187373996735e-09
0.50426136363636365,0.82954545454545459,7.9442033967825766e-10,-4.6447092491547086e-09
0.50426136363636365,0.85227272727272729,1.1901108020932597e-09,-2.2893997609097549e-09
0.50426136363636365,0.875,3.5192458471315081e-08,1.4584581549363327e-08
0.50426136363636365,0.89772727272727271,3.6963108899754878e-08,1.2272374408478596e-08
0.50426136363636365,0.92045454545454541,3.8733759328194675e-08,9.9601672675938643e-09
0.50426136363636365,0.94318181818181823,4.0504409756634485e-08,7.6479601267091199e-09
0.50426136363636365,0.96590909090909094,4.2275060185074289e-08,5.3357529858243887e-09
0.50426136363636365,0.98863636363636365,4.4045710613514086e-08,3.0235458449396567e-09
0.51846590909090906,0.011363636363636364,2.092031721473651e-11,-9.8967078040408718e-11
0.51846590909090906,0.034090909090909088,6.2760951644209526e-11,-2.9690123412122612e-10
0.51846590909090906,0.056818181818181816,1.0460158607368255e-10,-4.9483539020204358e-10
0.51846590909090906,0.079545454545454544,1.4644222050315556e-10,-6.9276954628286099e-10
0.51846590909090906,0.10227272727272728,1.8828285493262862e-10,-8.907037023636785e-10
0.51846590909090906,0.125,3.9876315312079056e-09,5.8339837510589387e-10
0.51846590909090906,0.14772727272727273,3.9264767544501271e-09,-4.5586904152623825e-10
0.51846590909090906,0.17045454545454544,3.8653219776923478e-09,-1.4951364581583694e-09
0.51846590909090906,0.19318181818181818,3.8041672009345694e-09,-2.5344038747905015e-09
0.51846590909090906,0.21590909090909091,3.7430124241767893e-09,-3.5736712914226335e-09
0.51846590909090906,0.23863636363636365,3.6818576474190108e-09,-4.6129387080547647e-09
0.51846590909090906,0.26136363636363635,2.2466267792352924e-08,3.3189687904615353e-09
0.51846590909090906,0.28409090909090912,2.1227317017382794e-08,3.9316609556925787e-09
0.51846590909090906,0.30681818181818182,1.9988366242412664e-08,4.5443531209236205e-09
0.51846590909090906,0.32954545454545453,1.8749415467442541e-08,5.1570452861546623e-09
0.51846590909090906,0.35227272727272729,1.7510464692472408e-08,5.7697374513857058e-09
0.51846590909090906,0.375,4.0003259829214723e-09,-1.8456507464224806e-09
0.51846590909090906,0.39772727272727271,6.359487374738737e-09,-1.7016806081906507e-09
0.51846590909090906,0.42045454545454547,8.7186487665560099e-09,-1.5577104699588203e-09
0.51846590909090906,0.44318181818181818,1.1077810158373278e-08,-1.4137403317269903e-09
0.51846590909090906,0.46590909090909088,1.3436971550190543e-08,-1.2697701934951599e-09
0.51846590909090906,0.48863636363636365,1.5796132942007814e-08,-1.1258000552633293e-09
0.51846590909090906,0.51136363636363635,2.1987973516308456e-08,3.1937814408535713e-09
0.51846590909090906,0.53409090909090906,1.9444061649391773e-08,3.2083201751932736e-09
0.51846590909090906,0.55681818181818177,1.6900149782475084e-08,3.2228589095329764e-09
0.51846590909090906,0.57954545454545459,1.4356237915558388e-08,3.2373976438726791e-09
0.51846590909090906,0.60227272727272729,1.1812326048641706e-08,3.2519363782123815e-09
0.51846590909090906,0.625,1.6160457243674515e-08,9.9539994996143543e-09
0.51846590909090906,0.64772727272727271,2.0270438939889688e-08,9.5399029640131206e-09
0.51846590909090906,0.67045454545454541,2.4380420636104854e-08,9.1258064284118852e-09
0.51846590909090906,0.69318181818181823,2.8490402332320044e-08,8.7117098928106497e-09
0.51846590909090906,0.71590909090909094,3.2600384028535207e-08,8.297613357209416e-09
0.51846590909090906,0.73863636363636365,3.6710365724750377e-08,7.8835168216081805e-09
0.51846590909090906,0.76136363636363635,4.0477922788972536e-09,-8.6973363051343511e-09
0.51846590909090906,0.78409090909090906,4.6125949190249585e-09,-6.9007472804169777e-09
0.51846590909090906,0.80681818181818177,5.1773975591526616e-09,-5.1041582556996042e-09
0.51846590909090906,0.82954545454545459,5.7422001992803681e-09,-3.3075692309822212e-09
0.51846590909090906,0.85227272727272729,6.3070028394080713e-09,-1.5109802062648473e-09
0.51846590909090906,0.875,3.1052169239395668e-08,1.2868748425908824e-08
0.51846590909090906,0.89772727272727271,3.2614507852724906e-08,1.0828565654539941e-08
0.51846590909090906,0.92045454545454541,3.4176846466054137e-08,8.7883828831710587e-09
0.51846590909090906,0.94318181818181823,3.5739185079383381e-08,6.7482001118021679e-09
0.51846590909090906,0.96590909090909094,3.7301523692712619e-08,4.7080173404332853e-09
0.51846590909090906,0.98863636363636365,3.8863862306041857e-08,2.6678345690644035e-09
0.53267045454545459,0.011363636363636364,3.7012868918380084e-11,-1.750955996099544e-10
0.53267045454545459,0.034090909090909088,1.1103860675514026e-10,-5.2528679882986314e-10
0.53267045454545459,0.056818181818181816,1.8506434459190044e-10,-8.7547799804977193e-10
0.53267045454545459,0.079545454545454544,2.5909008242866062e-10,-1.2256691972696806e-09
0.53267045454545459,0.10227272727272728,3.3311582026542083e-10,-1.5758603964895897e-09
0.53267045454545459,0.125,7.0550404013678538e-09,1.0321663559565843e-09
0.53267045454545459,0.14772727272727273,6.7289750963470692e-09,2.2412552624127354e-10
0.53267045454545459,0.17045454545454544,6.4029097913262847e-09,-5.839153034740365e-10
0.53267045454545459,0.19318181818181818,6.0768444863055002e-09,-1.3919561331893466e-09
0.53267045454545459,0.21590909090909091,5.7507791812847156e-09,-2.1999969629046579e-09
0.53267045454545459,0.23863636363636365,5.4247138762639319e-09,-3.008037792619969e-09
0.53267045454545459,0.26136363636363635,1.9771699795668813e-08,2.5669261491949683e-09
0.53267045454545459,0.28409090909090912,1.9155082069744979e-08,3.1163569144160293e-09
0.53267045454545459,0.30681818181818182,1.8538464343821145e-08,3.665787679637089e-09
0.53267045454545459,0.32954545454545453,1.7921846617897314e-08,4.2152184448581487e-09
0.53267045454545459,0.35227272727272729,1.730522889197348e-08,4.7646492100792097e-09
0.53267045454545459,0.375,6.6600119153352182e-09,-1.4265614347353237e-09
0.53267045454545459,0.39772727272727271,8.1965689217218609e-09,-1.2781770864452996e-09
0.53267045454545459,0.42045454545454547,9.7331259281085077e-09,-1.1297927381552757e-09
0.53267045454545459,0.44318181818181818,1.1269682934495148e-08,-9.8140838986525175e-10
0.53267045454545459,0.46590909090909088,1.2806239940881791e-08,-8.3302404157522805e-10
0.53267045454545459,0.48863636363636365,1.434279694726844e-08,-6.8463969328520383e-10
0.53267045454545459,0.51136363636363635,2.1945811046877824e-08,4.5843383583830009e-09
0.53267045454545459,0.53409090909090906,2.0376098896880914e-08,4.4738478778545639e-09
0.53267045454545459,0.55681818181818177,1.8806386746884001e-08,4.363357397326126e-09
0.53267045454545459,0.57954545454545459,1.7236674596887084e-08,4.2528669167976889e-09
0.53267045454545459,0.60227272727272729,1.5666962446890174e-08,4.1423764362692518e-09
0.53267045454545459,0.625,1.3752761284510364e-08,6.7766541063100561e-09
0.53267045454545459,0.64772727272727271,1.7360739662443665e-08,6.7541605257627523e-09
0.53267045454545459,0.67045454545454541,2.0968718040376966e-08,6.7316669452154476e-09
0.53267045454545459,0.69318181818181823,2.457669641831029e-08,6.7091733646681445e-09
0.53267045454545459,0.71590909090909094,2.8184674796243594e-08,6.6866797841208399e-09
0.53267045454545459,0.73863636363636365,3.1792653174176891e-08,6.664186203573536e-09
0.53267045454545459,0.76136363636363635,8.4882356053612937e-09,-5.6840348963790998e-09
0.53267045454545459,0.78409090909090906,9.2221504232016996e-09,-4.4461663351893095e-09
0.53267045454545459,0.80681818181818177,9.9560652410421055e-09,-3.2082977739995191e-09
0.53267045454545459,0.82954545454545459,1.0689980058882516e-08,-1.9704292128097239e-09
0.53267045454545459,0.85227272727272729,1.1423894876722924e-08,-7.3256065161993397e-10
0.53267045454545459,0.875,2.6911880007476228e-08,1.1152915302454305e-08
0.53267045454545459,0.89772727272727271,2.8265906805694897e-08,9.3847569006012755e-09
0.53267045454545459,0.92045454545454541,2.9619933603913569e-08,7.6165984987482448e-09
0.53267045454545459,0.94318181818181823,3.0973960402132244e-08,5.8484400968952083e-09
0.53267045454545459,0.96590909090909094,3.2327987200350916e-08,4.0802816950421785e-09
0.53267045454545459,0.98863636363636365,3.3682013998569588e-08,2.3121232931891486e-09
0.546875,0.011363636363636364,5.3105420622023533e-11,-2.5122412117949947e-10
0.546875,0.034090909090909088,1.5931626186607062e-10,-7.5367236353849835e-10
0.546875,0.056818181818181816,2.655271031101177e-10,-1.2561206058974973e-09
0.546875,0.079545454545454544,3.7173794435416477e-10,-1.7585688482564963e-09
0.546875,0.10227272727272728,4.7794878559821191e-10,-2.2610170906154954e-09
0.546875,0.125,1.0122449271527777e-08,1.4809343368072715e-09
0.546875,0.14772727272727273,9.5314734382439874e-09,9.0412009400877984e-10
0.546875,0.17045454545454544,8.9404976049602026e-09,3.27305851210289e-10
0.546875,0.19318181818181818,8.3495217716764144e-09,-2.4950839158820204e-10
0.546875,0.21590909090909091,7.7585459383926263e-09,-8.2632263438669391e-10
0.546875,0.23863636363636365,7.1675701051088399e-09,-1.403136877185185e-09
0.546875,0.26136363636363635,1.7077131798984716e-08,1.8148835079284066e-09
0.546875,0.28409090909090912,1.7082847122107177e-08,2.301052873139486e-09
0.546875,0.30681818181818182,1.7088562445229638e-08,2.7872222383505641e-09
0.546875,0.32954545454545453,1.7094277768352096e-08,3.2733916035616425e-09
0.546875,0.35227272727272729,1.7099993091474554e-08,3.7595609687727218e-09
0.546875,0.375,9.3196978477489427e-09,-1.0074721230481696e-09
0.546875,0.39772727272727271,1.0033650468704968e-08,-8.5467356469995219e-10
0.546875,0.42045454545454547,1.0747603089660996e-08,-7.0187500635173434e-10
0.546875,0.44318181818181818,1.1461555710617021e-08,-5.490764480035167e-10
0.546875,0.46590909090909088,1.2175508331573045e-08,-3.9627788965529906e-10
0.546875,0.48863636363636365,1.2889460952529073e-08,-2.4347933130708111e-10
0.546875,0.51136363636363635,2.1903648577447185e-08,5.9748952759124189e-09
0.546875,0.53409090909090906,2.1308136144370041e-08,5.7393755805158441e-09
0.546875,0.55681818181818177,2.0712623711292897e-08,5.5038558851192685e-09
0.546875,0.57954545454545459,2.0117111278215753e-08,5.2683361897226921e-09
0.546875,0.60227272727272729,1.952159884513861e-08,5.0328164943261156e-09
0.546875,0.625,1.1345065325346226e-08,3.5993087130057827e-09
0.546875,0.64772727272727271,1.4451040384997668e-08,3.9684180875124071e-09
0.546875,0.67045454545454541,1.7557015444649106e-08,4.3375274620190299e-09
0.546875,0.69318181818181823,2.0662990504300565e-08,4.7066368365256543e-09
0.546875,0.71590909090909094,2.3768965563952003e-08,5.0757462110322778e-09
0.546875,0.73863636363636365,2.6874940623603445e-08,5.4448555855388997e-09
0.546875,0.76136363636363635,1.2928678931825299e-08,-2.6707334876238703e-09
0.546875,0.78409090909090906,1.3831705927378406e-08,-1.9915853899616599e-09
0.546875,0.80681818181818177,1.4734732922931513e-08,-1.3124372922994502e-09
0.546875,0.82954545454545459,1.5637759918484627e-08,-6.3328919463723666e-10
0.546875,0.85227272727272729,1.6540786914037734e-08,4.5858903024973388e-11
0.546875,0.875,2.2771590775556818e-08,9.4370821789998001e-09
0.546875,0.89772727272727271,2.3917305758664921e-08,7.9409481466626213e-09
0.546875,0.92045454545454541,2.5063020741773027e-08,6.4448141143254417e-09
0.546875,0.94318181818181823,2.620873572488114e-08,4.9486800819882546e-09
0.546875,0.96590909090909094,2.7354450707989246e-08,3.452546049651075e-09
0.546875,0.98863636363636365,2.8500165691097355e-08,1.9564120173138953e-09
0.56107954545454541,0.011363636363636364,6.9197972325666988e-11,-3.2735264274904454e-10
0.56107954545454541,0.034090909090909088,2.0759391697700092e-10,-9.8205792824713345e-10
0.56107954545454541,0.056818181818181816,3.4598986162833493e-10,-1.6367632137452226e-09
0.56107954545454541,0.079545454545454544,4.8438580627966893e-10,-2.2914684992433118e-09
0.56107954545454541,0.10227272727272728,6.2278175093100298e-10,-2.9461737847414012e-09
0.56107954545454541,0.125,1.3189858141687701e-08,1.9297023176579585e-09
0.56107954545454541,0.14772727272727273,1.233397178014091e-08,1.5841146617762863e-09
0.56107954545454541,0.17045454545454544,1.147808541859412e-08,1.2385270058946147e-09
0.56107954545454541,0.19318181818181818,1.062219905704733e-08,8.9293935001294271e-10
0.56107954545454541,0.21590909090909091,9.7663126955005378e-09,5.4735169413127091e-10
0.56107954545454541,0.23863636363636365,8.9104263339537461e-09,2.0176403824959911e-10
0.56107954545454541,0.26136363636363635,1.4382563802300625e-08,1.0628408666618454e-09
0.56107954545454541,0.28409090909090912,1.5010612174469378e-08,1.4857488318629434e-09
0.56107954545454541,0.30681818181818182,1.5638660546638125e-08,1.9086567970640396e-09
0.56107954545454541,0.32954545454545453,1.6266708918806875e-08,2.3315647622651364e-09
0.56107954545454541,0.35227272727272729,1.6894757290975629e-08,2.7544727274662336e-09
0.56107954545454541,0.375,1.197938378016267e-08,-5.8838281136101599e-10
0.56107954545454541,0.39772727272727271,1.1870732015688076e-08,-4.3117004295460472e-10
0.56107954545454541,0.42045454545454547,1.1762080251213484e-08,-2.7395727454819319e-10
0.56107954545454541,0.44318181818181818,1.1653428486738891e-08,-1.1674450614178186e-10
0.56107954545454541,0.46590909090909088,1.1544776722264299e-08,4.046826226462951e-11
0.56107954545454541,0.48863636363636365,1.1436124957789707e-08,1.976810306710414e-10
0.56107954545454541,0.51136363636363635,2.1861486108016552e-08,7.3654521934418386e-09
0.56107954545454541,0.53409090909090906,2.2240173391859175e-08,7.0049032831771244e-09
0.56107954545454541,0.55681818181818177,2.2618860675701797e-08,6.6443543729124094e-09
0.56107954545454541,0.57954545454545459,2.2997547959544423e-08,6.2838054626476927e-09
0.56107954545454541,0.60227272727272729,2.3376235243387045e-08,5.9232565523829794e-09
0.56107954545454541,0.625,8.9373693661820916e-09,4.2196331970151101e-10
0.56107954545454541,0.64772727272727271,1.1541341107551669e-08,1.1826756492620603e-09
0.56107954545454541,0.67045454545454541,1.4145312848921249e-08,1.9433879788226113e-09
0.56107954545454541,0.69318181818181823,1.6749284590290843e-08,2.7041003083831648e-09
0.56107954545454541,0.71590909090909094,1.9353256331660419e-08,3.4648126379437149e-09
0.56107954545454541,0.73863636363636365,2.1957228073029999e-08,4.2255249675042651e-09
0.56107954545454541,0.76136363636363635,1.7369122258289301e-08,3.4256792113135971e-10
0.56107954545454541,0.78409090909090906,1.8441261431555114e-08,4.6299555526598903e-10
0.56107954545454541,0.80681818181818177,1.9513400604820917e-08,5.8342318940061912e-10
0.56107954545454541,0.82954545454545459,2.0585539778086734e-08,7.0385082353525004e-10
0.56107954545454541,0.85227272727272729,2.1657678951352543e-08,8.2427845766988054e-10
0.56107954545454541,0.875,1.8631301543637409e-08,7.7212490555452973e-09
0.56107954545454541,0.89772727272727271,1.9568704711634952e-08,6.4971393927239671e-09
0.56107954545454541,0.92045454545454541,2.0506107879632495e-08,5.2730297299026377e-09
0.56107954545454541,0.94318181818181823,2.1443511047630039e-08,4.0489200670813017e-09
0.56107954545454541,0.96590909090909094,2.2380914215627579e-08,2.8248104042599723e-09
0.56107954545454541,0.98863636363636365,2.3318317383625122e-08,1.6007007414386429e-09
0.57528409090909094,0.011363636363636364,8.5290524029310579e-11,-4.0348116431859023e-10
0.57528409090909094,0.034090909090909088,2.558715720879317e-10,-1.2104434929557707e-09
0.57528409090909094,0.056818181818181816,4.2645262014655283e-10,-2.0174058215929513e-09
0.57528409090909094,0.079545454545454544,5.9703366820517396e-10,-2.8243681502301316e-09
0.57528409090909094,0.10227272727272728,7.6761471626379509e-10,-3.631330478867312e-09
0.57528409090909094,0.125,1.6257267011847649e-08,2.3784702985086488e-09
0.57528409090909094,0.14772727272727273,1.5136470122037852e-08,2.2641092295437979e-09
0.57528409090909094,0.17045454545454544,1.4015673232228056e-08,2.149748160578947e-09
0.57528409090909094,0.19318181818181818,1.2894876342418261e-08,2.0353870916140966e-09
0.57528409090909094,0.21590909090909091,1.1774079452608464e-08,1.9210260226492461e-09
0.57528409090909094,0.23863636363636365,1.0653282562798669e-08,1.8066649536843952e-09
0.57528409090909094,0.26136363636363635,1.1687995805616511e-08,3.1079822539527845e-10
0.57528409090909094,0.28409090909090912,1.293837722683156e-08,6.7044479058639366e-10
0.57528409090909094,0.30681818181818182,1.4188758648046602e-08,1.030091355777508e-09
0.57528409090909094,0.32954545454545453,1.5439140069261651e-08,1.3897379209686223e-09
0.57528409090909094,0.35227272727272729,1.66895214904767e-08,1.7493844861597383e-09
0.57528409090909094,0.375,1.4639069712576415e-08,-1.6929349967385894e-10
0.57528409090909094,0.39772727272727271,1.3707813562671198e-08,-7.6665212092538822e-12
0.57528409090909094,0.42045454545454547,1.277655741276598e-08,1.5396045725535159e-10
0.57528409090909094,0.44318181818181818,1.1845301262860765e-08,3.1558743571995675e-10
0.57528409090909094,0.46590909090909088,1.091404511295555e-08,4.7721441418456181e-10
0.57528409090909094,0.48863636363636365,9.9827889630503298e-09,6.3884139264916702e-10
0.57528409090909094,0.51136363636363635,2.1819323638585913e-08,8.7560091109712674e-09
0.57528409090909094,0.53409090909090906,2.3172210639348315e-08,8.2704309858384138e-09
0.57528409090909094,0.55681818181818177,2.452509764011071e-08,7.7848528607055586e-09
0.57528409090909094,0.57954545454545459,2.5877984640873115e-08,7.2992747355727033e-09
0.57528409090909094,0.60227272727272729,2.7230871641635514e-08,6.8136966104398497e-09
0.57528409090909094,0.625,6.5296734070179373e-09,-2.755382073602788e-09
0.57528409090909094,0.64772727272727271,8.6316418301056511e-09,-1.6030667889883071e-09
0.57528409090909094,0.67045454545454541,1.0733610253193365e-08,-4.5075150437382707e-10
0.57528409090909094,0.69318181818181823,1.2835578676281085e-08,7.0156378024065878e-10
0.57528409090909094,0.71590909090909094,1.4937547099368799e-08,1.8538790648551393e-09
0.57528409090909094,0.73863636363636365,1.7039515522456509e-08,3.0061943494696197e-09
0.57528409090909094,0.76136363636363635,2.1809565584753343e-08,3.3558693298866122e-09
0.57528409090909094,0.78409090909090906,2.3050816935731855e-08,2.9175765004936584e-09
0.57528409090909094,0.80681818181818177,2.4292068286710368e-08,2.4792836711007038e-09
0.57528409090909094,0.82954545454545459,2.5533319637688887e-08,2.0409908417077483e-09
0.57528409090909094,0.85227272727272729,2.6774570988667396e-08,1.6026980123147943e-09
0.57528409090909094,0.875,1.4491012311717966e-08,6.0054159320907788e-09
0.57528409090909094,0.89772727272727271,1.5220103664604943e-08,5.0533306387853021e-09
0.57528409090909094,0.92045454545454541,1.5949195017491917e-08,4.1012453454798238e-09
0.57528409090909094,0.94318181818181823,1.6678286370378898e-08,3.1491600521743422e-09
0.57528409090909094,0.96590909090909094,1.7407377723265875e-08,2.1970747588688647e-09
0.57528409090909094,0.98863636363636365,1.813646907615285e-08,1.2449894655633872e-09
0.58948863636363635,0.011363636363636364,1.0138307573295401e-10,-4.7960968588813525e-10
0.58948863636363635,0.034090909090909088,3.04149227198862e-10,-1.4388290576644057e-09
0.58948863636363635,0.056818181818181816,5.0691537866477006e-10,-2.3980484294406764e-09
0.58948863636363635,0.079545454545454544,7.0968153013067816e-10,-3.3572678012169469e-09
0.58948863636363635,0.10227272727272728,9.1244768159658617e-10,-4.3164871729932182e-09
0.58948863636363635,0.125,1.9324675882007571e-08,2.8272382793593358e-09
0.58948863636363635,0.14772727272727273,1.7938968463934774e-08,2.9441037973113046e-09
0.58948863636363635,0.17045454545454544,1.6553261045861973e-08,3.0609693152632734e-09
0.58948863636363635,0.19318181818181818,1.5167553627789176e-08,3.1778348332152417e-09
0.58948863636363635,0.21590909090909091,1.3781846209716374e-08,3.2947003511672101e-09
0.58948863636363635,0.23863636363636365,1.2396138791643575e-08,3.4115658691191788e-09
0.58948863636363635,0.26136363636363635,8.9934278089324146e-09,-4.4124441587128308e-10
0.58948863636363635,0.28409090909090912,1.0866142279193757e-08,-1.4485925069014943e-10
0.58948863636363635,0.30681818181818182,1.2738856749455094e-08,1.5152591449098334e-10
0.58948863636363635,0.32954545454545453,1.4611571219716432e-08,4.4791107967211627e-10
0.58948863636363635,0.35227272727272729,1.6484285689977774e-08,7.442962448532496e-10
0.58948863636363635,0.375,1.7298755644990138e-08,2.4979581201329501e-10
0.58948863636363635,0.39772727272727271,1.5544895109654305e-08,4.158370005360939e-10
0.58948863636363635,0.42045454545454547,1.3791034574318468e-08,5.8187818905889311e-10
0.58948863636363635,0.44318181818181818,1.2037174038982636e-08,7.4791937758169174e-10
0.58948863636363635,0.46590909090909088,1.0283313503646804e-08,9.1396056610449059e-10
0.58948863636363635,0.48863636363636365,8.5294529683109641e-09,1.0800017546272898e-09
0.58948863636363635,0.51136363636363635,2.1777161169155281e-08,1.0146566028500687e-08
0.58948863636363635,0.53409090909090906,2.4104247886837445e-08,9.5359586884996949e-09
0.58948863636363635,0.55681818181818177,2.643133460451961e-08,8.9253513484987011e-09
0.58948863636363635,0.57954545454545459,2.8758421322201788e-08,8.3147440084977056e-09
0.58948863636363635,0.60227272727272729,3.1085508039883956e-08,7.7041366684967135e-09
0.58948863636363635,0.625,4.121977447853802e-09,-5.9327274669070606e-09
0.58948863636363635,0.64772727272727271,5.7219425526596526e-09,-4.3888092272386539e-09
0.58948863636363635,0.67045454545454541,7.3219076574655032e-09,-2.844890987570246e-09
0.58948863636363635,0.69318181818181823,8.9218727622713621e-09,-1.3009727479018303e-09
0.58948863636363635,0.71590909090909094,1.0521837867077212e-08,2.429454917665768e-10
0.58948863636363635,0.73863636363636365,1.2121802971883062e-08,1.7868637314349841e-09
0.58948863636363635,0.76136363636363635,2.6250008911217348e-08,6.369170738641842e-09
0.58948863636363635,0.78409090909090906,2.7660372439908563e-08,5.372157445721308e-09
0.58948863636363635,0.80681818181818177,2.9070735968599772e-08,4.3751441528007739e-09
0.58948863636363635,0.82954545454545459,3.0481099497290994e-08,3.3781308598802353e-09
0.58948863636363635,0.85227272727272729,3.1891463025982209e-08,2.3811175669597017e-09
0.58948863636363635,0.875,1.0350723079798556e-08,4.2895828086362744e-09
0.58948863636363635,0.89772727272727271,1.0871502617574967e-08,3.6095218848466471e-09
0.58948863636363635,0.92045454545454541,1.1392282155351379e-08,2.9294609610570198e-09
0.58948863636363635,0.94318181818181823,1.1913061693127794e-08,2.2494000372673893e-09
0.58948863636363635,0.96590909090909094,1.2433841230904205e-08,1.5693391134777616e-09
0.58948863636363635,0.98863636363636365,1.2954620768680617e-08,8.8927818968813456e-10
0.60369318181818177,0.011363636363636364,1.1747562743659749e-10,-5.5573820745768042e-10
0.60369318181818177,0.034090909090909088,3.5242688230979241e-10,-1.6672146223730412e-09
0.60369318181818177,0.056818181818181816,5.8737813718298739e-10,-2.778691037288402e-09
0.60369318181818177,0.079545454545454544,8.2232939205618227e-10,-3.8901674522037622e-09
0.60369318181818177,0.10227272727272728,1.0572806469293772e-09,-5.0016438671191237e-09
0.60369318181818177,0.125,2.2392084752167497e-08,3.2760062602100228e-09
0.60369318181818177,0.14772727272727273,2.0741466805831693e-08,3.6240983650788109e-09
0.60369318181818177,0.17045454545454544,1.9090848859495892e-08,3.9721904699475989e-09
0.60369318181818177,0.19318181818181818,1.7440230913160088e-08,4.3202825748163869e-09
0.60369318181818177,0.21590909090909091,1.5789612966824287e-08,4.6683746796851757e-09
0.60369318181818177,0.23863636363636365,1.4138995020488483e-08,5.0164667845539621e-09
0.60369318181818177,0.26136363636363635,6.2988598122483212e-09,-1.1932870571378441e-09
0.60369318181818177,0.28409090909090912,8.7939073315559555e-09,-9.6016329196669252e-10
0.60369318181818177,0.30681818181818182,1.1288954850863584e-08,-7.2703952679554158e-10
0.60369318181818177,0.32954545454545453,1.3784002370171212e-08,-4.9391576162439022e-10
0.60369318181818177,0.35227272727272729,1.6279049889478849e-08,-2.6079199645323844e-10
0.60369318181818177,0.375,1.9958441577403865e-08,6.6888512370044885e-10
0.60369318181818177,0.39772727272727271,1.7381976656637416e-08,8.3934052228144133e-10
0.60369318181818177,0.42045454545454547,1.4805511735870957e-08,1.0097959208624342e-09
0.60369318181818177,0.44318181818181818,1.2229046815104506e-08,1.1802513194434268e-09
0.60369318181818177,0.46590909090909088,9.6525818943380541e-09,1.3507067180244192e-09
0.60369318181818177,0.48863636363636365,7.0761169735715985e-09,1.5211621166054119e-09
0.60369318181818177,0.51136363636363635,2.1734998699724645e-08,1.1537122946030105e-08
0.60369318181818177,0.53409090909090906,2.5036285134326576e-08,1.0801486391160974e-08
0.60369318181818177,0.55681818181818177,2.833757156892851e-08,1.0065849836291844e-08
0.60369318181818177,0.57954545454545459,3.1638858003530457e-08,9.330213281422708e-09
0.60369318181818177,0.60227272727272729,3.4940144438132391e-08,8.5945767265535772e-09
0.60369318181818177,0.625,1.7142814886896665e-09,-9.110072860211334e-09
0.60369318181818177,0.64772727272727271,2.8122432752136558e-09,-7.1745516654889982e-09
0.60369318181818177,0.67045454545454541,3.9102050617376432e-09,-5.2390304707666658e-09
0.60369318181818177,0.69318181818181823,5.0081668482616373e-09,-3.3035092760443202e-09
0.60369318181818177,0.71590909090909094,6.1061286347856255e-09,-1.3679880813219861e-09
0.60369318181818177,0.73863636363636365,7.2040904213096146e-09,5.6753311340034842e-10
0.60369318181818177,0.76136363636363635,3.0690452237681353e-08,9.3824721473970711e-09
0.60369318181818177,0.78409090909090906,3.2269927944085265e-08,7.8267383909489572e-09
0.60369318181818177,0.80681818181818177,3.3849403650489183e-08,6.2710046345008433e-09
0.60369318181818177,0.82954545454545459,3.5428879356893107e-08,4.7152708780527236e-09
0.60369318181818177,0.85227272727272729,3.7008355063297025e-08,3.1595371216046096e-09
0.60369318181818177,0.875,6.210433847879147e-09,2.5737496851817699e-09
0.60369318181818177,0.89772727272727271,6.522901570544995e-09,2.1657131309079929e-09
0.60369318181818177,0.92045454545454541,6.8353692932108423e-09,1.7576765766342157e-09
0.60369318181818177,0.94318181818181823,7.147837015876692e-09,1.3496400223604364e-09
0.60369318181818177,0.96590909090909094,7.46030473854254e-09,9.4160346808665916e-10
0.60369318181818177,0.98863636363636365,7.7727724612083872e-09,5.3356691381288183e-10
0.61789772727272729,0.011363636363636364,1.3356817914024105e-10,-6.3186672902722611e-10
0.61789772727272729,0.034090909090909088,4.0070453742072308e-10,-1.895600187081678e-09
0.61789772727272729,0.056818181818181816,6.6784089570120514e-10,-3.15933364513613e-09
0.61789772727272729,0.079545454545454544,9.3497725398168719e-10,-4.423067103190582e-09
0.61789772727272729,0.10227272727272728,1.2021136122621697e-09,-5.6868005612450349e-09
0.61789772727272729,0.125,2.5459493622327443e-08,3.7247742410607136e-09
0.61789772727272729,0.14772727272727273,2.3543965147728635e-08,4.3040929328463229e-09
0.61789772727272729,0.17045454545454544,2.1628436673129831e-08,4.883411624631931e-09
0.61789772727272729,0.19318181818181818,1.971290819853102e-08,5.4627303164175407e-09
0.61789772727272729,0.21590909090909091,1.7797379723932212e-08,6.0420490082031496e-09
0.61789772727272729,0.23863636363636365,1.5881851249333404e-08,6.6213676999887586e-09
0.61789772727272729,0.26136363636363635,3.6042918155642072e-09,-1.9453296984044115e-09
0.61789772727272729,0.28409090909090912,6.7216723839181385e-09,-1.7754673332432422e-09
0.61789772727272729,0.30681818181818182,9.8390529522720624e-09,-1.6056049680820729e-09
0.61789772727272729,0.32954545454545453,1.2956433520625988e-08,-1.435742602920904e-09
0.61789772727272729,0.35227272727272729,1.607381408897992e-08,-1.2658802377597343e-09
0.61789772727272729,0.375,2.2618127509817612e-08,1.087974435387606e-09
0.61789772727272729,0.39772727272727271,1.9219058203620537e-08,1.2628440440267921e-09
0.61789772727272729,0.42045454545454547,1.5819988897423455e-08,1.437713652665979e-09
0.61789772727272729,0.44318181818181818,1.2420919591226377e-08,1.6125832613051651e-09
0.61789772727272729,0.46590909090909088,9.0218502850293047e-09,1.7874528699443515e-09
0.61789772727272729,0.48863636363636365,5.6227809788322213e-09,1.9623224785835378e-09
0.61789772727272729,0.51136363636363635,2.1692836230294009e-08,1.2927679863559535e-08
0.61789772727272729,0.53409090909090906,2.596832238181572e-08,1.2067014093822265e-08
0.61789772727272729,0.55681818181818177,3.0243808533337426e-08,1.1206348324084993e-08
0.61789772727272729,0.57954545454545459,3.4519294684859153e-08,1.0345682554347719e-08
0.61789772727272729,0.60227272727272729,3.8794780836380853e-08,9.4850167846104476e-09
0.61789772727272729,0.625,-6.934144704744876e-10,-1.2287418253515631e-08
0.61789772727272729,0.64772727272727271,-9.7456002232364803e-11,-9.9602941037393665e-09
0.61789772727272729,0.67045454545454541,4.9850246600975778e-10,-7.6331699539631017e-09
0.61789772727272729,0.69318181818181823,1.0944609342518826e-09,-5.3060458041868262e-09
0.61789772727272729,0.71590909090909094,1.6904194024940056e-09,-2.9789216544105618e-09
0.61789772727272729,0.73863636363636365,2.2863778707361286e-09,-6.5179750463429633e-10
0.61789772727272729,0.76136363636363635,3.5130895564145392e-08,1.2395773556152323e-08
0.61789772727272729,0.78409090909090906,3.6879483448262012e-08,1.0281319336176625e-08
0.61789772727272729,0.80681818181818177,3.8628071332378627e-08,8.1668651162009275e-09
0.61789772727272729,0.82954545454545459,4.0376659216495254e-08,6.0524108962252205e-09
0.61789772727272729,0.85227272727272729,4.2125247100611875e-08,3.9379566762495226e-09
0.61789772727272729,0.875,2.0701446159597049e-09,8.5791656172725223e-10
0.61789772727272729,0.89772727272727271,2.174300523514987e-09,7.2190437696932721e-10
0.61789772727272729,0.92045454545454541,2.2784564310702688e-09,5.8589219221140209e-10
0.61789772727272729,0.94318181818181823,2.3826123386255513e-09,4.4988000745347645e-10
0.61789772727272729,0.96590909090909094,2.4867682461808334e-09,3.1386782269555138e-10
0.61789772727272729,0.98863636363636365,2.5909241537361156e-09,1.7785563793762636e-10
