x,y,ux,uy
0.007102272727272727,0.011363636363636364,0,0
0.007102272727272727,0.034090909090909088,0,0
0.007102272727272727,0.056818181818181816,0,0
0.007102272727272727,0.079545454545454544,5.5137915645855865e-10,-5.8894045469911481e-10
0.007102272727272727,0.10227272727272728,6.8627054568473142e-10,-5.7706962128333662e-10
0.007102272727272727,0.125,4.0834525562412766e-09,-4.0187716265653515e-09
0.007102272727272727,0.14772727272727273,5.0066608089537049e-09,-3.9379092741388585e-09
0.007102272727272727,0.17045454545454544,5.9298690616661315e-09,-3.8570469217123656e-09
0.007102272727272727,0.19318181818181818,6.9972659561204658e-09,4.5496284055604529e-09
0.007102272727272727,0.21590909090909091,6.145203817908319e-09,4.5298223214756836e-09
0.007102272727272727,0.23863636363636365,5.2931416796961722e-09,4.5100162373909134e-09
0.007102272727272727,0.26136363636363635,2.2050741539701856e-08,-3.4004898943271442e-09
0.007102272727272727,0.28409090909090912,2.3249645306681734e-08,-2.84131513269178e-09
0.007102272727272727,0.30681818181818182,2.4448549073661603e-08,-2.2821403710564175e-09
0.007102272727272727,0.32954545454545453,4.3616530276871221e-09,1.5765452395086673e-10
0.007102272727272727,0.35227272727272729,4.1933594157666766e-09,2.1787890865315656e-10
0.007102272727272727,0.375,3.5088983609565773e-08,6.9926549819389799e-10
0.007102272727272727,0.39772727272727271,3.4106796818395031e-08,1.1823178326085407e-09
0.007102272727272727,0.42045454545454547,3.3124610027224276e-08,1.6653701670231847e-09
0.007102272727272727,0.44318181818181818,3.8145141364875228e-09,-1.3230238840452939e-09
0.007102272727272727,0.46590909090909088,5.9326376731993543e-09,-1.198946337800319e-09
0.007102272727272727,0.48863636363636365,8.0507612099111892e-09,-1.0748687915553442e-09
0.007102272727272727,0.51136363636363635,2.2618168623767624e-08,9.297861292987329e-10
0.007102272727272727,0.53409090909090906,1.9470187877017346e-08,1.0360042818055347e-09
0.007102272727272727,0.55681818181818177,1.6322207130267065e-08,1.1422224343123364e-09
0.007102272727272727,0.57954545454545459,3.0743338160137278e-08,4.1142200027620928e-09
0.007102272727272727,0.60227272727272729,3.4324328031770971e-08,3.8400965138269627e-09
0.007102272727272727,0.625,2.8382289966934126e-09,-2.7676598148884307e-09
0.007102272727272727,0.64772727272727271,4.0412312506147785e-09,-1.9130534628994064e-09
0.007102272727272727,0.67045454545454541,5.2442335045361448e-09,-1.0584471109103827e-09
0.007102272727272727,0.69318181818181823,4.7868663706501491e-08,1.8605300801363147e-09
0.007102272727272727,0.71590909090909094,4.7589603519610648e-08,6.9914801640022927e-10
0.007102272727272727,0.73863636363636365,4.7310543332719798e-08,-4.622340473358562e-10
0.007102272727272727,0.76136363636363635,-4.3854216811905693e-09,9.6967040090334764e-09
0.007102272727272727,0.78409090909090906,-3.9842968173685072e-09,1.187084288253651e-08
0.007102272727272727,0.80681818181818177,-3.5831719535464442e-09,1.4044981756039544e-08
0.007102272727272727,0.82954545454545459,3.0379607872832203e-08,-1.4776293376926942e-08
0.007102272727272727,0.85227272727272729,2.6519087613511296e-08,-1.6667472189832777e-08
0.007102272727272727,0.875,1.1377557573579658e-08,1.8264955651084055e-08
0.007102272727272727,0.89772727272727271,1.4867802352795991e-08,1.7299495317236478e-08
0.007102272727272727,0.92045454545454541,1.8358047132012318e-08,1.6334034983388897e-08
0.007102272727272727,0.94318181818181823,-4.3633955770251332e-09,-2.679807082641407e-08
0.007102272727272727,0.96590909090909094,-6.0522749670586606e-09,-2.378863522678317e-08
0.007102272727272727,0.98863636363636365,-7.7411543570921904e-09,-2.0779199627152277e-08
0.02130681818181818,0.011363636363636364,0,0
0.02130681818181818,0.034090909090909088,0,0
0.02130681818181818,0.056818181818181816,0,0
0.02130681818181818,0.079545454545454544,1.6541374693756756e-09,-1.7668213640973444e-09
0.02130681818181818,0.10227272727272728,2.0588116370541941e-09,-1.7312088638500097e-09
0.02130681818181818,0.125,4.3266508528386787e-09,-1.5342678759033611e-09
0.02130681818181818,0.14772727272727273,4.7221871605953219e-09,-1.5006074867415797e-09
0.02130681818181818,0.17045454545454544,5.117723468351965e-09,-1.466947097579797e-09
0.02130681818181818,0.19318181818181818,1.1495302208726678e-08,2.358911866801472e-09
0.02130681818181818,0.21590909090909091,1.1208540459320502e-08,2.5059442231589257e-09
0.02130681818181818,0.23863636363636365,1.0921778709914326e-08,2.6529765795163787e-09
0.02130681818181818,0.26136363636363635,1.6396705247470615e-08,-2.5285694086022361e-09
0.02130681818181818,0.28409090909090912,1.7288197792147957e-08,-2.1127727909759393e-09
0.02130681818181818,0.30681818181818182,1.81796903368253e-08,-1.6969761733496439e-09
0.02130681818181818,0.32954545454545453,1.3084959083061364e-08,4.7296357185260009e-10
0.02130681818181818,0.35227272727272729,1.258007824730003e-08,6.5363672595946966e-10
0.02130681818181818,0.375,2.6280381864054127e-08,1.1803875111666421e-10
0.02130681818181818,0.39772727272727271,2.6295789060341702e-08,5.0724658360029374e-10
0.02130681818181818,0.42045454545454547,2.6311196256629267e-08,8.964544160839241e-10
0.02130681818181818,0.44318181818181818,8.5184539253635592e-09,-8.9256340976309895e-10
0.02130681818181818,0.46590909090909088,9.0559650156656648e-09,-7.54448324795556e-10
0.02130681818181818,0.48863636363636365,9.5934761059677721e-09,-6.1633323982801265e-10
0.02130681818181818,0.51136363636363635,2.5557879747237796e-08,1.9884024829541694e-09
0.02130681818181818,0.53409090909090906,2.4206467515559155e-08,1.9494090459485933e-09
0.02130681818181818,0.55681818181818177,2.2855055283880514e-08,1.9104156089430164e-09
0.02130681818181818,0.57954545454545459,2.2134612238794699e-08,2.4559337144721454e-09
0.02130681818181818,0.60227272727272729,2.5160308929637546e-08,2.5537773408497031e-09
0.02130681818181818,0.625,1.6299092556101937e-08,-1.8319640103513502e-09
0.02130681818181818,0.64772727272727271,1.7077406384767239e-08,-1.6212414759529821e-09
0.02130681818181818,0.67045454545454541,1.7855720213432541e-08,-1.410518941554614e-09
0.02130681818181818,0.69318181818181823,3.3161438665019757e-08,4.6467528631038478e-09
0.02130681818181818,0.71590909090909094,3.3230823313501831e-08,4.4756877451246616e-09
0.02130681818181818,0.73863636363636365,3.3300207961983885e-08,4.3046226271454736e-09
0.02130681818181818,0.76136363636363635,5.2828255314510487e-09,2.2860871473231429e-09
0.02130681818181818,0.78409090909090906,4.3264507807902952e-09,3.406795718400601e-09
0.02130681818181818,0.80681818181818177,3.3700760301295442e-09,4.5275042894780633e-09
0.02130681818181818,0.82954545454545459,2.6943900538603592e-08,-4.9523569745287911e-09
0.02130681818181818,0.85227272727272729,2.5148587025962718e-08,-6.7574148013328936e-09
0.02130681818181818,0.875,6.4626532611545711e-09,5.3877893177368722e-09
0.02130681818181818,0.89772727272727271,8.5458154933411563e-09,5.6020222504122635e-09
0.02130681818181818,0.92045454545454541,1.062897772552774e-08,5.8162551830876563e-09
0.02130681818181818,0.94318181818181823,3.4896403357808195e-09,-1.8299898084098277e-08
0.02130681818181818,0.96590909090909094,2.4177564740795889e-09,-1.6542278096389603e-08
0.02130681818181818,0.98863636363636365,1.3458726123783567e-09,-1.4784658108680936e-08
0.03551136363636364,0.011363636363636364,0,0
0.03551136363636364,0.034090909090909088,0,0
0.03551136363636364,0.056818181818181816,0,0
0.03551136363636364,0.079545454545454544,2.7568957822927938e-09,-2.9447022734955746e-09
0.03551136363636364,0.10227272727272728,3.4313527284236573e-09,-2.8853481064166832e-09
0.03551136363636364,0.125,4.56984914943608e-09,9.5023587475863092e-10
0.03551136363636364,0.14772727272727273,4.4377135122369388e-09,9.3669430065570165e-10
0.03551136363636364,0.17045454545454544,4.3055778750377969e-09,9.2315272655277238e-10
0.03551136363636364,0.19318181818181818,1.599333846133289e-08,1.6819532804249027e-10
0.03551136363636364,0.21590909090909091,1.6271877100732687e-08,4.8206612484216533e-10
0.03551136363636364,0.23863636363636365,1.6550415740132482e-08,7.9593692164184079e-10
0.03551136363636364,0.26136363636363635,1.0742668955239365e-08,-1.6566489228773267e-09
0.03551136363636364,0.28409090909090912,1.1326750277614176e-08,-1.3842304492600979e-09
0.03551136363636364,0.30681818181818182,1.1910831599988984e-08,-1.1118119756428698e-09
0.03551136363636364,0.32954545454545453,2.1808265138435611e-08,7.8827261975433366e-10
0.03551136363636364,0.35227272727272729,2.0966797078833386e-08,1.0893945432657832e-09
0.03551136363636364,0.375,1.7471780118542471e-08,-4.6318799596056984e-10
0.03551136363636364,0.39772727272727271,1.848478130228836e-08,-1.6782466540795394e-10
0.03551136363636364,0.42045454545454547,1.9497782486034252e-08,1.2753866514466283e-10
0.03551136363636364,0.44318181818181818,1.3222393714239594e-08,-4.6210293548090366e-10
0.03551136363636364,0.46590909090909088,1.2179292358131975e-08,-3.099503117907925e-10
0.03551136363636364,0.48863636363636365,1.1136191002024355e-08,-1.5779768810068093e-10
0.03551136363636364,0.51136363636363635,2.8497590870707961e-08,3.047018836609607e-09
0.03551136363636364,0.53409090909090906,2.8942747154100961e-08,2.8628138100916522e-09
0.03551136363636364,0.55681818181818177,2.9387903437493964e-08,2.6786087835736974e-09
0.03551136363636364,0.57954545454545459,1.352588631745211e-08,7.9764742618219664e-10
0.03551136363636364,0.60227272727272729,1.5996289827504112e-08,1.2674581678724422e-09
0.03551136363636364,0.625,2.9759956115510474e-08,-8.9626820581426823e-10
0.03551136363636364,0.64772727272727271,3.0113581518919703e-08,-1.3294294890065567e-09
0.03551136363636364,0.67045454545454541,3.0467206922328945e-08,-1.7625907721988451e-09
0.03551136363636364,0.69318181818181823,1.8454213623538026e-08,7.4329756460713834e-09
0.03551136363636364,0.71590909090909094,1.887204310739299e-08,8.2522274738490966e-09
0.03551136363636364,0.73863636363636365,1.9289872591247951e-08,9.0714793016268074e-09
0.03551136363636364,0.76136363636363635,1.4951072744092672e-08,-5.1245297143871964e-09
0.03551136363636364,0.78409090909090906,1.2637198378949105e-08,-5.0572514457353125e-09
0.03551136363636364,0.80681818181818177,1.0323324013805537e-08,-4.9899731770834294e-09
0.03551136363636364,0.82954545454545459,2.3508193204374975e-08,4.8715794278693631e-09
0.03551136363636364,0.85227272727272729,2.3778086438414126e-08,3.1526425871670004e-09
0.03551136363636364,0.875,1.5477489487294806e-09,-7.4893770156103204e-09
0.03551136363636364,0.89772727272727271,2.2238286338863183e-09,-6.0954508164119598e-09
0.03551136363636364,0.92045454545454541,2.8999083190431577e-09,-4.701524617213595e-09
0.03551136363636364,0.94318181818181823,1.134267624858678e-08,-9.8017253417824751e-09
0.03551136363636364,0.96590909090909094,1.0887787915217843e-08,-9.295920965996035e-09
0.03551136363636364,0.98863636363636365,1.0432899581848909e-08,-8.7901165902095932e-09
0.049715909090909088,0.011363636363636364,0,0
0.049715909090909088,0.034090909090909088,0,0
0.049715909090909088,0.056818181818181816,0,0
0.049715909090909088,0.079545454545454544,3.8596540952099096e-09,-4.1225831828938034e-09
0.049715909090909088,0.10227272727272728,4.8038938197931198e-09,-4.0394873489833558e-09
0.049715909090909088,0.125,4.8130474460334812e-09,3.4347396254206205e-09
0.049715909090909088,0.14772727272727273,4.1532398638785558e-09,3.3739960880529805e-09
0.049715909090909088,0.17045454545454544,3.4934322817236296e-09,3.3132525506853405e-09
0.049715909090909088,0.19318181818181818,2.0491374713939105e-08,-2.0225212107164898e-09
0.049715909090909088,0.21590909090909091,2.1335213742144868e-08,-1.5418119734745924e-09
0.049715909090909088,0.23863636363636365,2.2179052770350634e-08,-1.061102736232695e-09
0.049715909090909088,0.26136363636363635,5.088632663008122e-09,-7.8472843715241814e-10
0.049715909090909088,0.28409090909090912,5.3653027630804007e-09,-6.556881075442572e-10
0.049715909090909088,0.30681818181818182,5.6419728631526786e-09,-5.2664777793609635e-10
0.049715909090909088,0.32954545454545453,3.0531571193809851e-08,1.1035816676560669e-09
0.049715909090909088,0.35227272727272729,2.9353515910366739e-08,1.5251523605720959e-09
0.049715909090909088,0.375,8.6631783730308202e-09,-1.0444147430378034e-09
0.049715909090909088,0.39772727272727271,1.0673773544235028e-08,-8.4289591441620069e-10
0.049715909090909088,0.42045454545454547,1.268436871543924e-08,-6.4137708579459782e-10
0.049715909090909088,0.44318181818181818,1.7926333503115629e-08,-3.1642461198708815e-11
0.049715909090909088,0.46590909090909088,1.5302619700598284e-08,1.3454770121397066e-10
0.049715909090909088,0.48863636363636365,1.2678905898080935e-08,3.0073786362665058e-10
0.049715909090909088,0.51136363636363635,3.1437301994178133e-08,4.1056351902650437e-09
0.049715909090909088,0.53409090909090906,3.3679026792642773e-08,3.7762185742347107e-09
0.049715909090909088,0.55681818181818177,3.5920751591107406e-08,3.4468019582043772e-09
0.049715909090909088,0.57954545454545459,4.9171603961095298e-09,-8.6063886210775042e-10
0.049715909090909088,0.60227272727272729,6.8322707253706888e-09,-1.8861005104817437e-11
0.049715909090909088,0.625,4.3220819674918988e-08,3.9427598722812452e-11
0.049715909090909088,0.64772727272727271,4.3149756653072157e-08,-1.0376175020601318e-09
0.049715909090909088,0.67045454545454541,4.3078693631225327e-08,-2.1146626028430762e-09
0.049715909090909088,0.69318181818181823,3.7469885820563102e-09,1.0219198429038917e-08
0.049715909090909088,0.71590909090909094,4.5132629012841713e-09,1.2028767202573528e-08
0.049715909090909088,0.73863636363636365,5.2795372205120299e-09,1.3838335976108138e-08
0.049715909090909088,0.76136363636363635,2.4619319956734288e-08,-1.2535146576097531e-08
0.049715909090909088,0.78409090909090906,2.0947945977107908e-08,-1.3521298609871219e-08
0.049715909090909088,0.80681818181818177,1.7276571997481525e-08,-1.450745064364491e-08
0.049715909090909088,0.82954545454545459,2.0072485870146367e-08,1.4695515830267509e-08
0.049715909090909088,0.85227272727272729,2.2407585850865544e-08,1.3062699975666882e-08
0.049715909090909088,0.875,-3.3671553636956058e-09,-2.0366543348957503e-08
0.049715909090909088,0.89772727272727271,-4.0981582255685122e-09,-1.7792923883236172e-08
0.049715909090909088,0.92045454545454541,-4.8291610874414179e-09,-1.5219304417514835e-08
0.049715909090909088,0.94318181818181823,1.9195712161392731e-08,-1.3035525994666864e-09
0.049715909090909088,0.96590909090909094,1.935781935635609e-08,-2.0495638356024695e-09
0.049715909090909088,0.98863636363636365,1.9519926551319453e-08,-2.7955750717382524e-09
0.063920454545454544,0.011363636363636364,0,0
0.063920454545454544,0.034090909090909088,0,0
0.063920454545454544,0.056818181818181816,0,0
0.063920454545454544,0.079545454545454544,1.8443161295876414e-10,-1.0820782966736947e-10
0.063920454545454544,0.10227272727272728,2.1136391426087535e-10,-1.0176525912584665e-10
0.063920454545454544,0.125,7.1054350720128563e-09,-4.738279498066111e-09
0.063920454545454544,0.14772727272727273,8.2465170658550573e-09,-4.4749062451495835e-09
0.063920454545454544,0.17045454545454544,9.3875990596972516e-09,-4.2115329922330552e-09
0.063920454545454544,0.19318181818181818,2.3232096135817913e-09,5.0666638087613013e-09
0.063920454545454544,0.21590909090909091,1.6056651849423815e-09,4.495073562166903e-09
0.063920454545454544,0.23863636363636365,8.8812075630297219e-10,3.9234833155725047e-09
0.063920454545454544,0.26136363636363635,2.7575828714353289e-08,-2.0397418404863236e-09
0.063920454545454544,0.28409090909090912,2.8154366878317179e-08,-1.3950764308002109e-09
0.063920454545454544,0.30681818181818182,2.8732905042281062e-08,-7.5041102111409999e-10
0.063920454545454544,0.32954545454545453,3.4615740363974666e-10,-8.7949013169706752e-10
0.063920454545454544,0.35227272727272729,-2.6565027253292043e-10,-2.1263045188546124e-09
0.063920454545454544,0.375,3.4814057245846725e-08,2.3633790687891755e-09
0.063920454545454544,0.39772727272727271,3.2489158950284323e-08,2.865629353431847e-09
0.063920454545454544,0.42045454545454547,3.016426065472192e-08,3.3678796380745198e-09
0.063920454545454544,0.44318181818181818,9.7097159787272914e-09,-1.1597776577496572e-09
0.063920454545454544,0.46590909090909088,1.3313141857130788e-08,-1.0026813012750728e-09
0.063920454545454544,0.48863636363636365,1.6916567735534288e-08,-8.4558494480048744e-10
0.063920454545454544,0.51136363636363635,1.1124278280260091e-08,9.5083938877084391e-10
0.063920454545454544,0.53409090909090906,7.8880031795263818e-09,1.1004764432365255e-09
0.063920454545454544,0.55681818181818177,4.651728078792675e-09,1.2501134977022075e-09
0.063920454545454544,0.57954545454545459,4.3781667996665233e-08,3.4719226716101863e-09
0.063920454545454544,0.60227272727272729,4.643316823678637e-08,2.8588677698135534e-09
0.063920454545454544,0.625,1.2292970389954335e-09,-8.3498469383722427e-11
0.063920454545454544,0.64772727272727271,1.1789762716898859e-09,-1.2129931344979439e-10
0.063920454545454544,0.67045454545454541,1.1286555043843384e-09,-1.5910015751586633e-10
0.063920454545454544,0.69318181818181823,5.2186204950166793e-08,-3.5485713038770227e-09
0.063920454545454544,0.71590909090909094,5.0109191068857247e-08,-5.1519319667938487e-09
0.063920454545454544,0.73863636363636365,4.8032177187547702e-08,-6.7552926297106763e-09
0.063920454545454544,0.76136363636363635,-4.3240101609444874e-09,1.896393182000422e-08
0.063920454545454544,0.78409090909090906,-7.1515054360738085e-10,1.9890094477447735e-08
0.063920454545454544,0.80681818181818177,2.8937090737297252e-09,2.0816257134891253e-08
0.063920454545454544,0.82954545454545459,1.8484410588141966e-08,-2.3335654729181809e-08
0.063920454545454544,0.85227272727272729,1.328937818494751e-08,-2.4373697897985202e-08
0.063920454545454544,0.875,2.4489483243127331e-08,1.9463143673166818e-08
0.063920454545454544,0.89772727272727271,2.7978360950337022e-08,1.7701278879505405e-08
0.063920454545454544,0.92045454545454541,3.1467238657546717e-08,1.5939414085843994e-08
0.063920454545454544,0.94318181818181823,-1.1164423977450416e-08,-1.9482450940419967e-08
0.063920454545454544,0.96590909090909094,-6.4469041049975852e-09,-1.1724513452736216e-08
0.063920454545454544,0.98863636363636365,-1.7293842325447551e-09,-3.9665759650524659e-09
0.078125,0.011363636363636364,0,0
0.078125,0.034090909090909088,0,0
0.078125,0.056818181818181816,0,0
0.078125,0.079545454545454544,2.0287477425464072e-09,-1.1902861263410652e-09
0.078125,0.10227272727272728,2.325003056869631e-09,-1.1194178503843141e-09
0.078125,0.125,5.8975355199818506e-09,-2.3835811463820751e-09
0.078125,0.14772727272727273,6.5992248793170781e-09,-2.3212064025703101e-09
0.078125,0.17045454545454544,7.300914238652304e-09,-2.2588316587585451e-09
0.078125,0.19318181818181818,8.3114016029488523e-09,3.3663685952067636e-09
0.078125,0.21590909090909091,7.9014762332931333e-09,3.0880792450079188e-09
0.078125,0.23863636363636365,7.4915508636374125e-09,2.8097898948090744e-09
0.078125,0.26136363636363635,2.1096720366808498e-08,-1.7151131698836661e-09
0.078125,0.28409090909090912,2.1408464920506681e-08,-1.519829742401253e-09
0.078125,0.30681818181818182,2.1720209474204866e-08,-1.3245463149188405e-09
0.078125,0.32954545454545453,8.0727891413769518e-09,-1.6813095244299678e-11
0.078125,0.35227272727272729,7.0296483052639345e-09,-8.550002160793437e-10
0.078125,0.375,2.8748838965845451e-08,1.5240799414016544e-09
0.078125,0.39772727272727271,2.7840360353820722e-08,1.9460044921789538e-09
0.078125,0.42045454545454547,2.6931881741795997e-08,2.3679290429562546e-09
0.078125,0.44318181818181818,1.0056423488463764e-08,-6.9360651802851164e-10
0.078125,0.46590909090909088,1.2037044714406272e-08,-5.3404288702380829e-10
0.078125,0.48863636363636365,1.4017665940348781e-08,-3.7447925601910458e-10
0.078125,0.51136363636363635,1.8798063694866652e-08,1.5923867535813627e-09
0.078125,0.53409090909090906,1.6945378858583349e-08,1.5613379831629116e-09
0.078125,0.55681818181818177,1.5092694022300045e-08,1.5302892127444607e-09
0.078125,0.57954545454545459,3.3599884741626803e-08,2.6644987944915384e-09
0.078125,0.60227272727272729,3.5634757018929075e-08,2.1940148000894714e-09
0.078125,0.625,1.3522267428949781e-08,-9.1848316322094745e-10
0.078125,0.64772727272727271,1.2968738988588757e-08,-1.3342924479477394e-09
0.078125,0.67045454545454541,1.2415210548227733e-08,-1.7501017326745314e-09
0.078125,0.69318181818181823,3.8692841697453692e-08,1.8631350334586132e-09
0.078125,0.71590909090909094,3.7986826617489691e-08,8.5853913044519963e-10
0.078125,0.73863636363636365,3.7280811537525683e-08,-1.4605677256821516e-10
0.078125,0.76136363636363635,1.2427561834150469e-09,8.9572710417146843e-09
0.078125,0.78409090909090906,2.757402329360655e-09,9.4317822269148952e-09
0.078125,0.80681818181818177,4.2720484753062639e-09,9.906293412115106e-09
0.078125,0.82954545454545459,2.06883110456625e-08,-1.3505260071585379e-08
0.078125,0.85227272727272729,1.7505537706986829e-08,-1.4764348196395695e-08
0.078125,0.875,1.5705101926370437e-08,9.8301338227578023e-09
0.078125,0.89772727272727271,1.9505940963313799e-08,1.033498588881401e-08
0.078125,0.92045454545454541,2.3306780000257158e-08,1.0839837954870213e-08
0.078125,0.94318181818181823,-2.0508781253428193e-09,-1.4681517766511208e-08
0.078125,0.96590909090909094,1.538726220993615e-09,-9.1943824332333251e-09
0.078125,0.98863636363636365,5.1283305673300492e-09,-3.7072470999554426e-09
0.092329545454545456,0.011363636363636364,0,0
0.092329545454545456,0.034090909090909088,0,0
0.092329545454545456,0.056818181818181816,0,0
0.092329545454545456,0.079545454545454544,3.8730638721340502e-09,-2.2723644230147607e-09
0.092329545454545456,0.10227272727272728,4.4386421994783867e-09,-2.1370704416427814e-09
0.092329545454545456,0.125,4.6896359679508441e-09,-2.8882794698038699e-11
0.092329545454545456,0.14772727272727273,4.9519326927790999e-09,-1.6750655999103735e-10
0.092329545454545456,0.17045454545454544,5.2142294176073548e-09,-3.0613032528403579e-10
0.092329545454545456,0.19318181818181818,1.4299593592315914e-08,1.666073381652226e-09
0.092329545454545456,0.21590909090909091,1.4197287281643883e-08,1.6810849278489352e-09
0.092329545454545456,0.23863636363636365,1.4094980970971854e-08,1.6960964740456436e-09
0.092329545454545456,0.26136363636363635,1.4617612019263704e-08,-1.3904844992810085e-09
0.092329545454545456,0.28409090909090912,1.4662562962696191e-08,-1.6445830540022951e-09
0.092329545454545456,0.30681818181818182,1.4707513906128669e-08,-1.8986816087235807e-09
0.092329545454545456,0.32954545454545453,1.5799420879114158e-08,8.4586394120846816e-10
0.092329545454545456,0.35227272727272729,1.4324946883060789e-08,4.163040866959255e-10
0.092329545454545456,0.375,2.2683620685844177e-08,6.8478081401413326e-10
0.092329545454545456,0.39772727272727271,2.3191561757357118e-08,1.0263796309260613e-09
0.092329545454545456,0.42045454545454547,2.369950282887007e-08,1.3679784478379902e-09
0.092329545454545456,0.44318181818181818,1.0403130998200236e-08,-2.274353783073662e-10
0.092329545454545456,0.46590909090909088,1.0760947571681757e-08,-6.5404472772544246e-11
0.092329545454545456,0.48863636363636365,1.1118764145163278e-08,9.6626432762278382e-11
0.092329545454545456,0.51136363636363635,2.6471849109473217e-08,2.2339341183918816e-09
0.092329545454545456,0.53409090909090906,2.6002754537640319e-08,2.0221995230892977e-09
0.092329545454545456,0.55681818181818177,2.5533659965807414e-08,1.8104649277867139e-09
0.092329545454545456,0.57954545454545459,2.3418101486588377e-08,1.8570749173728902e-09
0.092329545454545456,0.60227272727272729,2.483634580107178e-08,1.529161830365389e-09
0.092329545454545456,0.625,2.5815237818904127e-08,-1.7534678570581724e-09
0.092329545454545456,0.64772727272727271,2.4758501705487627e-08,-2.5472855824456843e-09
0.092329545454545456,0.67045454545454541,2.3701765592071131e-08,-3.3411033078331967e-09
0.092329545454545456,0.69318181818181823,2.5199478444740608e-08,7.2748413707942491e-09
0.092329545454545456,0.71590909090909094,2.5864462166122134e-08,6.8690102276842488e-09
0.092329545454545456,0.73863636363636365,2.6529445887503664e-08,6.4631790845742468e-09
0.092329545454545456,0.76136363636363635,6.8095225277745803e-09,-1.0493897365748497e-09
0.092329545454545456,0.78409090909090906,6.2299552023286912e-09,-1.0265300236179452e-09
0.092329545454545456,0.80681818181818177,5.6503878768828022e-09,-1.0036703106610373e-09
0.092329545454545456,0.82954545454545459,2.2892211503183038e-08,-3.674865413988948e-09
0.092329545454545456,0.85227272727272729,2.1721697229026152e-08,-5.1549984948061909e-09
0.092329545454545456,0.875,6.9207206096135459e-09,1.9712397234878797e-10
0.092329545454545456,0.89772727272727271,1.1033520976290578e-08,2.9686928981226082e-09
0.092329545454545456,0.92045454545454541,1.5146321342967606e-08,5.7402618238964285e-09
0.092329545454545456,0.94318181818181823,7.0626677267647754e-09,-9.8805845926024519e-09
0.092329545454545456,0.96590909090909094,9.5243565469848176e-09,-6.6642514137304347e-09
0.092329545454545456,0.98863636363636365,1.1986045367204853e-08,-3.4479182348584197e-09
0.10653409090909091,0.011363636363636364,0,0
0.10653409090909091,0.034090909090909088,0,0
0.10653409090909091,0.056818181818181816,0,0
0.10653409090909091,0.079545454545454544,5.7173800017216933e-09,-3.3544427196884569e-09
0.10653409090909091,0.10227272727272728,6.5522813420871423e-09,-3.1547230329012492e-09
0.10653409090909091,0.125,3.4817364159198379e-09,2.3258155569859968e-09
0.10653409090909091,0.14772727272727273,3.3046405062411224e-09,1.9861932825882356e-09
0.10653409090909091,0.17045454545454544,3.1275445965624065e-09,1.6465710081904744e-09
0.10653409090909091,0.19318181818181818,2.0287785581682979e-08,-3.4221831902311272e-11
0.10653409090909091,0.21590909090909091,2.0493098329994635e-08,2.74090610689951e-10
0.10653409090909091,0.23863636363636365,2.0698411078306297e-08,5.8240305328221329e-10
0.10653409090909091,0.26136363636363635,8.1385036717189131e-09,-1.0658558286783508e-09
0.10653409090909091,0.28409090909090912,7.9166610048856928e-09,-1.7693363656033371e-09
0.10653409090909091,0.30681818181818182,7.6948183380524741e-09,-2.472816902528321e-09
0.10653409090909091,0.32954545454545453,2.3526052616851358e-08,1.7085409776612359e-09
0.10653409090909091,0.35227272727272729,2.1620245460857643e-08,1.6876083894711944e-09
0.10653409090909091,0.375,1.6618402405842902e-08,-1.5451831337338762e-10
0.10653409090909091,0.39772727272727271,1.8542763160893518e-08,1.0675476967316829e-10
0.10653409090909091,0.42045454545454547,2.0467123915944143e-08,3.6802785271972514e-10
0.10653409090909091,0.44318181818181818,1.0749838507936709e-08,2.3873576141377929e-10
0.10653409090909091,0.46590909090909088,9.4848504289572429e-09,4.0323394147871996e-10
0.10653409090909091,0.48863636363636365,8.2198623499777738e-09,5.6773212154366109e-10
0.10653409090909091,0.51136363636363635,3.4145634524079781e-08,2.8754814832024004e-09
0.10653409090909091,0.53409090909090906,3.5060130216697279e-08,2.4830610630156839e-09
0.10653409090909091,0.55681818181818177,3.5974625909314783e-08,2.0906406428289669e-09
0.10653409090909091,0.57954545454545459,1.3236318231549951e-08,1.0496510402542423e-09
0.10653409090909091,0.60227272727272729,1.4037934583214482e-08,8.643088606413068e-10
0.10653409090909091,0.625,3.8108208208858472e-08,-2.5884525508953974e-09
0.10653409090909091,0.64772727272727271,3.6548264422386501e-08,-3.7602787169436299e-09
0.10653409090909091,0.67045454545454541,3.4988320635914529e-08,-4.9321048829918616e-09
0.10653409090909091,0.69318181818181823,1.1706115192027517e-08,1.2686547708129885e-08
0.10653409090909091,0.71590909090909094,1.3742097714754581e-08,1.2879481324923298e-08
0.10653409090909091,0.73863636363636365,1.5778080237481641e-08,1.3072414941716708e-08
0.10653409090909091,0.76136363636363635,1.2376288872134114e-08,-1.1056050514864384e-08
0.10653409090909091,0.78409090909090906,9.7025080752967271e-09,-1.1484842274150782e-08
0.10653409090909091,0.80681818181818177,7.0287272784593404e-09,-1.1913634033437181e-08
0.10653409090909091,0.82954545454545459,2.5096111960703575e-08,6.1555292436074807e-09
0.10653409090909091,0.85227272727272729,2.5937856751065475e-08,4.4543512067833112e-09
0.10653409090909091,0.875,-1.8636607071433469e-09,-9.4358858780602263e-09
0.10653409090909091,0.89772727272727271,2.5611009892673536e-09,-4.3976000925687903e-09
0.10653409090909091,0.92045454545454541,6.9858626856780523e-09,6.4068569292264564e-10
0.10653409090909091,0.94318181818181823,1.6176213578872372e-08,-5.0796514186936941e-09
0.10653409090909091,0.96590909090909094,1.7509986872976016e-08,-4.1341203942275452e-09
0.10653409090909091,0.98863636363636365,1.8843760167079657e-08,-3.1885893697613964e-09
0.12073863636363637,0.011363636363636364,0,0
0.12073863636363637,0.034090909090909088,0,0
0.12073863636363637,0.056818181818181816,0,0
0.12073863636363637,0.079545454545454544,7.5616961313093363e-09,-4.4365210163621526e-09
0.12073863636363637,0.10227272727272728,8.6659204846958972e-09,-4.1723756241597171e-09
0.12073863636363637,0.125,2.2738368638888314e-09,4.6805139086700328e-09
0.12073863636363637,0.14772727272727273,1.6573483197031446e-09,4.1398931251675078e-09
0.12073863636363637,0.17045454545454544,1.0408597755174581e-09,3.5992723416649845e-09
0.12073863636363637,0.19318181818181818,2.6275977571050041e-08,-1.7345170454568488e-09
0.12073863636363637,0.21590909090909091,2.6788909378345388e-08,-1.132903706469033e-09
0.12073863636363637,0.23863636363636365,2.7301841185640734e-08,-5.3129036748121738e-10
0.12073863636363637,0.26136363636363635,1.6593953241741206e-09,-7.4122715807569324e-10
0.12073863636363637,0.28409090909090912,1.1707590470751989e-09,-1.8940896772043788e-09
0.12073863636363637,0.30681818181818182,6.8212276997627858e-10,-3.0469521963330616e-09
0.12073863636363637,0.32954545454545453,3.1252684354588566e-08,2.5712180141140036e-09
0.12073863636363637,0.35227272727272729,2.89155440386545e-08,2.9589126922464632e-09
0.12073863636363637,0.375,1.0553184125841628e-08,-9.9381744076090872e-10
0.12073863636363637,0.39772727272727271,1.3893964564429917e-08,-8.128700915797244e-10
0.12073863636363637,0.42045454545454547,1.7234745003018217e-08,-6.3192274239853967e-10
0.12073863636363637,0.44318181818181818,1.1096546017673183e-08,7.0490690113492473e-10
0.12073863636363637,0.46590909090909088,8.2087532862327285e-09,8.7187235572998416e-10
0.12073863636363637,0.48863636363636365,5.3209605547922675e-09,1.038837810325044e-09
0.12073863636363637,0.51136363636363635,4.1819419938686343e-08,3.5170288480129193e-09
0.12073863636363637,0.53409090909090906,4.4117505895754245e-08,2.9439226029420696e-09
0.12073863636363637,0.55681818181818177,4.6415591852822155e-08,2.3708163578712203e-09
0.12073863636363637,0.57954545454545459,3.0545349765115246e-09,2.4222716313559418e-10
0.12073863636363637,0.60227272727272729,3.2395233653571853e-09,1.9945589091722449e-10
0.12073863636363637,0.625,5.040117859881282e-08,-3.4234372447326225e-09
0.12073863636363637,0.64772727272727271,4.8338027139285368e-08,-4.9732718514415747e-09
0.12073863636363637,0.67045454545454541,4.6274875679757922e-08,-6.5231064581505257e-09
0.12073863636363637,0.69318181818181823,-1.7872480606855723e-09,1.8098254045465525e-08
0.12073863636363637,0.71590909090909094,1.6197332633870242e-09,1.8889952422162343e-08
0.12073863636363637,0.73863636363636365,5.0267145874596203e-09,1.9681650798859167e-08
0.12073863636363637,0.76136363636363635,1.7943055216493649e-08,-2.1062711293153916e-08
0.12073863636363637,0.78409090909090906,1.3175060948264763e-08,-2.1943154524683623e-08
0.12073863636363637,0.80681818181818177,8.4070666800358786e-09,-2.2823597756213327e-08
0.12073863636363637,0.82954545454545459,2.7300012418224106e-08,1.5985923901203907e-08
0.12073863636363637,0.85227272727272729,3.0154016273104795e-08,1.4063700908372813e-08
0.12073863636363637,0.875,-1.064804202390024e-08,-1.9068895728469242e-08
0.12073863636363637,0.89772727272727271,-5.9113189977558688e-09,-1.176389308326019e-08
0.12073863636363637,0.92045454545454541,-1.1745959716115005e-09,-4.4588904380511381e-09
0.12073863636363637,0.94318181818181823,2.5289759430979972e-08,-2.7871824478493732e-10
0.12073863636363637,0.96590909090909094,2.5495617198967211e-08,-1.6039893747246553e-09
0.12073863636363637,0.98863636363636365,2.5701474966954464e-08,-2.9292605046643735e-09
0.13494318181818182,0.011363636363636364,0,0
0.13494318181818182,0.034090909090909088,0,0
0.13494318181818182,0.056818181818181816,0,0
0.13494318181818182,0.079545454545454544,1.7891863649319807e-09,-6.1964479272400624e-10
0.13494318181818182,0.10227272727272728,1.950670172920077e-09,-5.5615942290232414e-10
0.13494318181818182,0.125,8.7936729769237942e-09,-2.9328315815580961e-09
0.13494318181818182,0.14772727272727273,9.6556982473204604e-09,-2.8133052902893726e-09
0.13494318181818182,0.17045454545454544,1.0517723517717123e-08,-2.6937789990206486e-09
0.13494318181818182,0.19318181818181818,4.5858287066319955e-09,2.8005894388186191e-09
0.13494318181818182,0.21590909090909091,4.5943742368438146e-09,1.7730975591494405e-09
0.13494318181818182,0.23863636363636365,4.6029197670556337e-09,7.4560567948026222e-10
0.13494318181818182,0.26136363636363635,2.4628312115397616e-08,-7.4759136298542373e-10
0.13494318181818182,0.28409090909090912,2.4625129944419937e-08,-2.4050780434432688e-10
0.13494318181818182,0.30681818181818182,2.4621947773442268e-08,2.6657575429676872e-10
0.13494318181818182,0.32954545454545453,3.6152100270822543e-09,-2.7000650351327224e-09
0.13494318181818182,0.35227272727272729,4.1142616605141665e-09,-3.1466051292383625e-09
0.13494318181818182,0.375,2.7118548442886517e-08,3.1084504142461467e-09
0.13494318181818182,0.39772727272727271,2.5114448720548283e-08,3.4991486785568616e-09
0.13494318181818182,0.42045454545454547,2.3110348998210036e-08,3.8898469428675769e-09
0.13494318181818182,0.44318181818181818,1.7237568586979148e-08,-4.5811121155212816e-10
0.13494318181818182,0.46590909090909088,2.0219450127350002e-08,-3.5602337401932188e-10
0.13494318181818182,0.48863636363636365,2.3201331667720873e-08,-2.5393553648651534e-10
0.13494318181818182,0.51136363636363635,9.6720475324332464e-09,1.3649316470034024e-09
0.13494318181818182,0.53409090909090906,8.3865877785372822e-09,1.2377443077874872e-09
0.13494318181818182,0.55681818181818177,7.1011280246413147e-09,1.1105569685715715e-09
0.13494318181818182,0.57954545454545459,4.2703400352829017e-08,1.7666190925909709e-09
0.13494318181818182,0.60227272727272729,4.3327074198598619e-08,1.5455197085533186e-09
0.13494318181818182,0.625,7.6364045023362538e-09,-1.3121555339579448e-09
0.13494318181818182,0.64772727272727271,4.9169365736448312e-09,5.3115420833945706e-10
0.13494318181818182,0.67045454545454541,2.1974686449534073e-09,2.3744639506368589e-09
0.13494318181818182,0.69318181818181823,4.0354592420688001e-08,-3.7458969487905506e-09
0.13494318181818182,0.71590909090909094,3.7956360114306509e-08,-5.0822766683023952e-09
0.13494318181818182,0.73863636363636365,3.5558127807925016e-08,-6.418656387814239e-09
0.13494318181818182,0.76136363636363635,5.9971111995449545e-09,1.4338702696909228e-08
0.13494318181818182,0.78409090909090906,9.3737424020324529e-09,1.4147964401227795e-08
0.13494318181818182,0.80681818181818177,1.275037360451995e-08,1.3957226105546363e-08
0.13494318181818182,0.82954545454545459,9.2242105074980544e-09,-1.9611329000760905e-08
0.13494318181818182,0.85227272727272729,5.7479619392449082e-09,-1.93880900425234e-08
0.13494318181818182,0.875,2.9328004341960404e-08,1.2578292398886592e-08
0.13494318181818182,0.89772727272727271,3.134244402772491e-08,1.0670818227526782e-08
0.13494318181818182,0.92045454545454541,3.3356883713489406e-08,8.7633440561669707e-09
0.13494318181818182,0.94318181818181823,4.3652365349465253e-09,-6.9797672918686627e-10
0.13494318181818182,0.96590909090909094,4.2036629716461239e-09,-1.0368814520377783e-09
0.13494318181818182,0.98863636363636365,4.0420894083457233e-09,-1.3757861748886903e-09
0.14914772727272727,0.011363636363636364,0,0
0.14914772727272727,0.034090909090909088,0,0
0.14914772727272727,0.056818181818181816,0,0
0.14914772727272727,0.079545454545454544,4.3451668862633776e-09,-1.5048516394725854e-09
0.14914772727272727,0.10227272727272728,4.7373418485201833e-09,-1.3506728841913575e-09
0.14914772727272727,0.125,6.3774436799986195e-09,-1.1308791299121604e-09
0.14914772727272727,0.14772727272727273,7.0208749384157792e-09,-1.4106737025766908e-09
0.14914772727272727,0.17045454545454544,7.6643061968329389e-09,-1.6904682752412209e-09
0.14914772727272727,0.19318181818181818,1.1327110523508036e-08,1.9515711182583722e-09
0.14914772727272727,0.21590909090909091,1.1271824773918886e-08,1.3961778466108203e-09
0.14914772727272727,0.23863636363636365,1.1216539024329738e-08,8.407845749632683e-10
0.14914772727272727,0.26136363636363635,1.7709238169093627e-08,-1.5856360176051909e-09
0.14914772727272727,0.28409090909090912,1.8026696046793206e-08,-1.3816801894923005e-09
0.14914772727272727,0.30681818181818182,1.8344153924492781e-08,-1.1777243613794104e-09
0.14914772727272727,0.32954545454545453,9.746174328121346e-09,-8.4018816224106962e-10
0.14914772727272727,0.35227272727272729,9.2678911391300476e-09,-1.046801184621529e-09
0.14914772727272727,0.375,2.4948484292613846e-08,2.0482555187288538e-09
0.14914772727272727,0.39772727272727271,2.4534366694840937e-08,2.3668226302298344e-09
0.14914772727272727,0.42045454545454547,2.4120249097068024e-08,2.6853897417308159e-09
0.14914772727272727,0.44318181818181818,1.3206924251926507e-08,6.4691282864947148e-12
0.14914772727272727,0.46590909090909088,1.490744493775078e-08,7.7521020988024928e-11
0.14914772727272727,0.48863636363636365,1.6607965623575056e-08,1.4857291368955534e-10
0.14914772727272727,0.51136363636363635,2.0797263804592883e-08,1.5181914909153359e-09
0.14914772727272727,0.53409090909090906,2.0188509575776266e-08,1.2275153218808488e-09
0.14914772727272727,0.55681818181818177,1.9579755346959646e-08,9.3683915284636156e-10
0.14914772727272727,0.57954545454545459,3.0651207411658546e-08,1.7918334147332188e-09
0.14914772727272727,0.60227272727272729,3.0425342910102404e-08,2.300729209991249e-09
0.14914772727272727,0.625,1.854555379138803e-08,-3.1866634396121489e-09
0.14914772727272727,0.64772727272727271,1.5540586020759769e-08,-2.2527437502561387e-09
0.14914772727272727,0.67045454545454541,1.2535618250131507e-08,-1.3188240609001285e-09
0.14914772727272727,0.69318181818181823,3.0780720827580273e-08,3.2288119076157178e-09
0.14914772727272727,0.71590909090909094,3.035046714616483e-08,2.1567946653523078e-09
0.14914772727272727,0.73863636363636365,2.9920213464749387e-08,1.0847774230888985e-09
0.14914772727272727,0.76136363636363635,5.7757133736269033e-09,3.4354691475088398e-09
0.14914772727272727,0.78409090909090906,6.9999768568209784e-09,3.4840169347005588e-09
0.14914772727272727,0.80681818181818177,8.2242403400150559e-09,3.5325647218922741e-09
0.14914772727272727,0.82954545454545459,1.6642858512604395e-08,-1.0728075597369461e-08
0.14914772727272727,0.85227272727272729,1.475358250241556e-08,-1.1178238428720114e-08
0.14914772727272727,0.875,2.1401516681971111e-08,9.1787539127010291e-09
0.14914772727272727,0.89772727272727271,2.2871513209420884e-08,7.7868133011681946e-09
0.14914772727272727,0.92045454545454541,2.4341509736870657e-08,6.3948726896353586e-09
0.14914772727272727,0.94318181818181823,1.0601288727727267e-08,-1.6950863423109596e-09
0.14914772727272727,0.96590909090909094,1.0208895788283435e-08,-2.5181406692346024e-09
0.14914772727272727,0.98863636363636365,9.8165028488396052e-09,-3.3411949961582449e-09
0.16335227272727273,0.011363636363636364,0,0
0.16335227272727273,0.034090909090909088,0,0
0.16335227272727273,0.056818181818181816,0,0
0.16335227272727273,0.079545454545454544,6.901147407594781e-09,-2.3900584862211664e-09
0.16335227272727273,0.10227272727272728,7.5240135241202933e-09,-2.1451863454803924e-09
0.16335227272727273,0.125,3.9612143830734407e-09,6.7107332173377898e-10
0.16335227272727273,0.14772727272727273,4.3860516295110939e-09,-8.0421148640064586e-12
0.16335227272727273,0.17045454545454544,4.8108888759487478e-09,-6.8715755146179066e-10
0.16335227272727273,0.19318181818181818,1.806839234038408e-08,1.1025527976981244e-09
0.16335227272727273,0.21590909090909091,1.7949275310993972e-08,1.0192581340721994e-09
0.16335227272727273,0.23863636363636365,1.7830158281603858e-08,9.3596347044627479e-10
0.16335227272727273,0.26136363636363635,1.0790164222789627e-08,-2.4236806722249594e-09
0.16335227272727273,0.28409090909090912,1.1428262149166462e-08,-2.5228525746402759e-09
0.16335227272727273,0.30681818181818182,1.2066360075543289e-08,-2.622024477055592e-09
0.16335227272727273,0.32954545454545453,1.5877138629160451e-08,1.0196887106505869e-09
0.16335227272727273,0.35227272727272729,1.4421520617745939e-08,1.0530027599953085e-09
0.16335227272727273,0.375,2.2778420142341176e-08,9.880606232115592e-10
0.16335227272727273,0.39772727272727271,2.3954284669133587e-08,1.2344965819028061e-09
0.16335227272727273,0.42045454545454547,2.5130149195926008e-08,1.4809325405940535e-09
0.16335227272727273,0.44318181818181818,9.1762799168738596e-09,4.7104946812511827e-10
0.16335227272727273,0.46590909090909088,9.5954397481515438e-09,5.1106541599537251e-10
0.16335227272727273,0.48863636363636365,1.0014599579429231e-08,5.5108136386562674e-10
0.16335227272727273,0.51136363636363635,3.1922480076752541e-08,1.6714513348272697e-09
0.16335227272727273,0.53409090909090906,3.199043137301527e-08,1.2172863359742107e-09
0.16335227272727273,0.55681818181818177,3.2058382669278005e-08,7.6312133712115144e-10
0.16335227272727273,0.57954545454545459,1.8599014470488062e-08,1.817047736875467e-09
0.16335227272727273,0.60227272727272729,1.7523611621606186e-08,3.0559387114291815e-09
0.16335227272727273,0.625,2.945470308043983e-08,-5.061171345266357e-09
0.16335227272727273,0.64772727272727271,2.6164235467874729e-08,-5.036641708851739e-09
0.16335227272727273,0.67045454545454541,2.2873767855309626e-08,-5.0121120724371217e-09
0.16335227272727273,0.69318181818181823,2.1206849234472525e-08,1.0203520764022004e-08
0.16335227272727273,0.71590909090909094,2.2744574178023137e-08,9.3958659990070264e-09
0.16335227272727273,0.73863636363636365,2.4282299121573744e-08,8.5882112339920493e-09
0.16335227272727273,0.76136363636363635,5.5543155477088496e-09,-7.467764401891564e-09
0.16335227272727273,0.78409090909090906,4.6262113116095021e-09,-7.1799305318266986e-09
0.16335227272727273,0.80681818181818177,3.6981070755101542e-09,-6.8920966617618317e-09
0.16335227272727273,0.82954545454545459,2.4061506517710748e-08,-1.8448221939780016e-09
0.16335227272727273,0.85227272727272729,2.3759203065586227e-08,-2.9683868149168186e-09
0.16335227272727273,0.875,1.3475029021981805e-08,5.7792154265154598e-09
0.16335227272727273,0.89772727272727271,1.4400582391116845e-08,4.9028083748096011e-09
0.16335227272727273,0.92045454545454541,1.5326135760251888e-08,4.0264013231037423e-09
0.16335227272727273,0.94318181818181823,1.6837340920508023e-08,-2.6921959554350545e-09
0.16335227272727273,0.96590909090909094,1.6214128604920759e-08,-3.9993998864314289e-09
0.16335227272727273,0.98863636363636365,1.5590916289333498e-08,-5.3066038174278032e-09
0.17755681818181818,0.011363636363636364,0,0
0.17755681818181818,0.034090909090909088,0,0
0.17755681818181818,0.056818181818181816,0,0
0.17755681818181818,0.079545454545454544,9.4571279289261778e-09,-3.2752653329697452e-09
0.17755681818181818,0.10227272727272728,1.0310685199720401e-08,-2.9396998067694257e-09
0.17755681818181818,0.125,1.5449850861482648e-09,2.4730257733797145e-09
0.17755681818181818,0.14772727272727273,1.7512283206064135e-09,1.3945894728486754e-09
0.17755681818181818,0.17045454545454544,1.9574715550645617e-09,3.161531723176376e-10
0.17755681818181818,0.19318181818181818,2.4809674157260121e-08,2.5353447713787759e-10
0.17755681818181818,0.21590909090909091,2.4626725848069042e-08,6.4233842153357928e-10
0.17755681818181818,0.23863636363636365,2.4443777538877969e-08,1.0311423659292809e-09
0.17755681818181818,0.26136363636363635,3.8710902764856418e-09,-3.2617253268447267e-09
0.17755681818181818,0.28409090909090912,4.8298282515397255e-09,-3.6640249597882493e-09
0.17755681818181818,0.30681818181818182,5.7885662265938067e-09,-4.0663245927317706e-09
0.17755681818181818,0.32954545454545453,2.2008102930199543e-08,2.8795655835422396e-09
0.17755681818181818,0.35227272727272729,1.957515009636182e-08,3.1528067046121421e-09
0.17755681818181818,0.375,2.0608355992068505e-08,-7.2134272305733423e-11
0.17755681818181818,0.39772727272727271,2.3374202643426244e-08,1.0217053357577963e-10
0.17755681818181818,0.42045454545454547,2.6140049294783993e-08,2.7647533945729325e-10
0.17755681818181818,0.44318181818181818,5.1456355818212186e-09,9.3562980796374105e-10
0.17755681818181818,0.46590909090909088,4.2834345585523202e-09,9.4460981100271939e-10
0.17755681818181818,0.48863636363636365,3.4212335352834193e-09,9.5358981404169752e-10
0.17755681818181818,0.51136363636363635,4.3047696348912186e-08,1.8247111787392033e-09
0.17755681818181818,0.53409090909090906,4.379235317025426e-08,1.2070573500675725e-09
0.17755681818181818,0.55681818181818177,4.4537009991596335e-08,5.8940352139594154e-10
0.17755681818181818,0.57954545454545459,6.5468215293176028e-09,1.8422620590177148e-09
0.17755681818181818,0.60227272727272729,4.6218803331099851e-09,3.8111482128671123e-09
0.17755681818181818,0.625,4.0363852369491603e-08,-6.9356792509205606e-09
0.17755681818181818,0.64772727272727271,3.6787884914989667e-08,-7.8205396674473342e-09
0.17755681818181818,0.67045454545454541,3.3211917460487725e-08,-8.7054000839741079e-09
0.17755681818181818,0.69318181818181823,1.1632977641364798e-08,1.7178229620428271e-08
0.17755681818181818,0.71590909090909094,1.5138681209881458e-08,1.6634937332661727e-08
0.17755681818181818,0.73863636363636365,1.8644384778398114e-08,1.6091645044895187e-08
0.17755681818181818,0.76136363636363635,5.3329177217907985e-09,-1.8370997951291952e-08
0.17755681818181818,0.78409090909090906,2.2524457663980292e-09,-1.7843877998353935e-08
0.17755681818181818,0.80681818181818177,-8.2802618899473926e-10,-1.7316758045415916e-08
0.17755681818181818,0.82954545454545459,3.1480154522817088e-08,7.0384312094134428e-09
0.17755681818181818,0.85227272727272729,3.276482362875688e-08,5.241464798886464e-09
0.17755681818181818,0.875,5.5485413619925116e-09,2.3796769403298972e-09
0.17755681818181818,0.89772727272727271,5.9296515728128238e-09,2.0188034484510141e-09
0.17755681818181818,0.92045454545454541,6.3107617836331351e-09,1.6579299565721306e-09
0.17755681818181818,0.94318181818181823,2.3073393113288765e-08,-3.6893055685591484e-09
0.17755681818181818,0.96590909090909094,2.2219361421558075e-08,-5.4806591036282533e-09
0.17755681818181818,0.98863636363636365,2.1365329729827379e-08,-7.2720126386973582e-09
0.19176136363636365,0.011363636363636364,0,0
0.19176136363636365,0.034090909090909088,0,0
0.19176136363636365,0.056818181818181816,0,0
0.19176136363636365,0.079545454545454544,9.4163570290348847e-10,-1.8695379989212172e-10
0.19176136363636365,0.10227272727272728,9.9020484149394341e-10,-1.5469750274982135e-10
0.19176136363636365,0.125,1.2371187602462148e-08,-2.8856623109009013e-09
0.19176136363636365,0.14772727272727273,1.303496582986503e-08,-2.4448262499561306e-09
0.19176136363636365,0.17045454545454544,1.3698744057267914e-08,-2.0039901890113608e-09
0.19176136363636365,0.19318181818181818,1.9566682623416819e-09,1.1158597702281452e-10
0.19176136363636365,0.21590909090909091,1.8852969708600346e-09,1.6045604572148851e-10
0.19176136363636365,0.23863636363636365,1.813925679378387e-09,2.0932611442016247e-10
0.19176136363636365,0.26136363636363635,2.6694830808285604e-08,1.3305214684611533e-09
0.19176136363636365,0.28409090909090912,2.588408089403698e-08,1.988805478822793e-09
0.19176136363636365,0.30681818181818182,2.5073330979788356e-08,2.6470894891844299e-09
0.19176136363636365,0.32954545454545453,4.4632915045281946e-09,-4.613389796716202e-09
0.19176136363636365,0.35227272727272729,6.490619601940447e-09,-4.7258593524967283e-09
0.19176136363636365,0.375,2.072631952954357e-08,4.6862928673982359e-09
0.19176136363636365,0.39772727272727271,1.7908031469870041e-08,4.9485531513724788e-09
0.19176136363636365,0.42045454545454547,1.5089743410196499e-08,5.2108134353467208e-09
0.19176136363636365,0.44318181818181818,2.8382188365668417e-08,-3.4827861428648279e-10
0.19176136363636365,0.46590909090909088,3.1567377722446297e-08,-3.1064183613527259e-10
0.19176136363636365,0.48863636363636365,3.4752567079224181e-08,-2.730050579840623e-10
0.19176136363636365,0.51136363636363635,2.0567173189929696e-09,9.2972613909772672e-10
0.19176136363636365,0.53409090909090906,2.7288687475148048e-09,4.5998613121411245e-10
0.19176136363636365,0.55681818181818177,3.4010201760366392e-09,-9.7538766695015379e-12
0.19176136363636365,0.57954545454545459,4.9197060941772285e-08,2.7400490221771247e-10
0.19176136363636365,0.60227272727272729,4.8858134332539334e-08,-3.3443983112162962e-10
0.19176136363636365,0.625,-3.8917421910553552e-09,5.5070784778571272e-09
0.19176136363636365,0.64772727272727271,-3.1585738787707195e-09,7.0712566721788414e-09
0.19176136363636365,0.67045454545454541,-2.4254055664860839e-09,8.6354348665005523e-09
0.19176136363636365,0.69318181818181823,3.5165370988439833e-08,-1.0426952948456475e-08
0.19176136363636365,0.71590909090909094,3.0944528274153951e-08,-1.1570395672757947e-08
0.19176136363636365,0.73863636363636365,2.6723685559868063e-08,-1.2713838397059426e-08
0.19176136363636365,0.76136363636363635,1.7807011955534376e-08,1.7608133613436157e-08
0.19176136363636365,0.78409090909090906,2.2180592900856863e-08,1.6713445886707813e-08
0.19176136363636365,0.80681818181818177,2.6554173846179353e-08,1.5818758159979477e-08
0.19176136363636365,0.82954545454545459,-3.0981405000701288e-09,-2.0125212559440173e-08
0.19176136363636365,0.85227272727272729,-4.6085626634939997e-09,-1.7386254620064496e-08
0.19176136363636365,0.875,3.8637196015954706e-08,8.1254669063116576e-09
0.19176136363636365,0.89772727272727271,3.9371535532166274e-08,6.274951338046026e-09
0.19176136363636365,0.92045454545454541,4.0105875048377835e-08,4.4244357697803927e-09
0.19176136363636365,0.94318181818181823,6.1838081987069536e-10,8.6680640864653561e-10
0.19176136363636365,0.96590909090909094,-3.6989004035531041e-09,6.9830123911997307e-09
0.19176136363636365,0.98863636363636365,-8.0161816269769063e-09,1.3099218373752928e-08
0.20596590909090909,0.011363636363636364,0,0
0.20596590909090909,0.034090909090909088,0,0
0.20596590909090909,0.056818181818181816,0,0
0.20596590909090909,0.079545454545454544,4.08042137924844e-09,-8.101331328658587e-10
0.20596590909090909,0.10227272727272728,4.2908876464737439e-09,-6.7035584524922409e-10
0.20596590909090909,0.125,9.3538247725933335e-09,-2.1818422350714135e-09
0.20596590909090909,0.14772727272727273,9.8557058713613673e-09,-1.8485271646009773e-09
0.20596590909090909,0.17045454545454544,1.03575869701294e-08,-1.5152120941305415e-09
0.20596590909090909,0.19318181818181818,8.4788958034805999e-09,4.8353923376552845e-10
0.20596590909090909,0.21590909090909091,8.1696202070601299e-09,6.953095314597818e-10
0.20596590909090909,0.23863636363636365,7.8603446106396582e-09,9.0707982915403515e-10
0.20596590909090909,0.26136363636363635,2.0890578683975769e-08,-2.8702224187859635e-10
0.20596590909090909,0.28409090909090912,2.0866592194667808e-08,1.7633844442000363e-10
0.20596590909090909,0.30681818181818182,2.0842605705359854e-08,6.3969913071860243e-10
0.20596590909090909,0.32954545454545453,7.6704560842312062e-09,-2.2025786240834483e-09
0.20596590909090909,0.35227272727272729,8.4056107463239053e-09,-2.2202746381429888e-09
0.20596590909090909,0.375,2.2928706221825546e-08,3.4277373016541755e-09
0.20596590909090909,0.39772727272727271,2.1618067921233259e-08,3.6438586479575098e-09
0.20596590909090909,0.42045454545454547,2.0307429620640964e-08,3.8599799942608453e-09
0.20596590909090909,0.44318181818181818,2.0999903064431247e-08,9.1669789970249674e-12
0.20596590909090909,0.46590909090909088,2.3592137101936863e-08,-7.1375780759464697e-11
0.20596590909090909,0.48863636363636365,2.6184371139442485e-08,-1.5191854051595457e-10
0.20596590909090909,0.51136363636363635,1.4567985823848193e-08,6.7706831489578265e-10
0.20596590909090909,0.53409090909090906,1.4967066854904132e-08,1.3119270496798712e-10
0.20596590909090909,0.55681818181818177,1.5366147885960071e-08,-4.1468290495980851e-10
0.20596590909090909,0.57954545454545459,3.5717067785588813e-08,2.1928376902648673e-09
0.20596590909090909,0.60227272727272729,3.5739843149207157e-08,2.162563766676912e-09
0.20596590909090909,0.625,6.2322825326701152e-09,1.1317479266140954e-09
0.20596590909090909,0.64772727272727271,5.5958402877123442e-09,2.0363348132037092e-09
0.20596590909090909,0.67045454545454541,4.9593980427545731e-09,2.9409216997933239e-09
0.20596590909090909,0.69318181818181823,3.1062606172850022e-08,-2.7940850296971007e-09
0.20596590909090909,0.71590909090909094,2.9046404318975301e-08,-3.9485162770704972e-09
0.20596590909090909,0.73863636363636365,2.7030202465100576e-08,-5.1029475244438911e-09
0.20596590909090909,0.76136363636363635,1.2001780314410462e-08,7.7329736541137044e-09
0.20596590909090909,0.78409090909090906,1.4893348366141633e-08,7.8176457346120745e-09
0.20596590909090909,0.80681818181818177,1.7784916417872795e-08,7.9023178151104381e-09
0.20596590909090909,0.82954545454545459,7.9750770086099857e-09,-1.354308659403874e-08
0.20596590909090909,0.85227272727272729,7.1054873617796471e-09,-1.2076560466414639e-08
0.20596590909090909,0.875,2.9213489670599907e-08,6.1436457096502801e-09
0.20596590909090909,0.89772727272727271,2.867232372548466e-08,6.3847865431851728e-09
0.20596590909090909,0.92045454545454541,2.8131157780369415e-08,6.6259273767200672e-09
0.20596590909090909,0.94318181818181823,6.4256776154633464e-09,-1.8482352951288343e-09
0.20596590909090909,0.96590909090909094,2.7015685647214762e-09,2.2377383655465813e-09
0.20596590909090909,0.98863636363636365,-1.0225404860203906e-09,6.3237120262219961e-09
0.22017045454545456,0.011363636363636364,0,0
0.22017045454545456,0.034090909090909088,0,0
0.22017045454545456,0.056818181818181816,0,0
0.22017045454545456,0.079545454545454544,7.2192070555933984e-09,-1.433312465839597e-09
0.22017045454545456,0.10227272727272728,7.5915704514535505e-09,-1.1860141877486278e-09
0.22017045454545456,0.125,6.3364619427245135e-09,-1.4780221592419247e-09
0.22017045454545456,0.14772727272727273,6.6764459128576975e-09,-1.2522280792458229e-09
0.22017045454545456,0.17045454545454544,7.0164298829908798e-09,-1.0264339992497211e-09
0.22017045454545456,0.19318181818181818,1.5001123344619529e-08,8.5549249050824297e-10
0.22017045454545456,0.21590909090909091,1.4453943443260236e-08,1.230163017198076e-09
0.22017045454545456,0.23863636363636365,1.3906763541900941e-08,1.6048335438879091e-09
0.22017045454545456,0.26136363636363635,1.5086326559665921e-08,-1.9045659522183488e-09
0.22017045454545456,0.28409090909090912,1.5849103495298636e-08,-1.6361285899827884e-09
0.22017045454545456,0.30681818181818182,1.6611880430931345e-08,-1.3676912277472286e-09
0.22017045454545456,0.32954545454545453,1.0877620663934224e-08,2.0823254854930874e-10
0.22017045454545456,0.35227272727272729,1.0320601890707368e-08,2.8531007621075413e-10
0.22017045454545456,0.375,2.5131092914107529e-08,2.1691817359101126e-09
0.22017045454545456,0.39772727272727271,2.5328104372596483e-08,2.3391641445425399e-09
0.22017045454545456,0.42045454545454547,2.5525115831085437e-08,2.5091465531749664e-09
0.22017045454545456,0.44318181818181818,1.3617617763194057e-08,3.6661257228053334e-10
0.22017045454545456,0.46590909090909088,1.5616896481427412e-08,1.6789027461634367e-10
0.22017045454545456,0.48863636363636365,1.761617519966077e-08,-3.0832023047846605e-11
0.22017045454545456,0.51136363636363635,2.7079254328703436e-08,4.2441049069383827e-10
0.22017045454545456,0.53409090909090906,2.7205264962293487e-08,-1.9760072127813908e-10
0.22017045454545456,0.55681818181818177,2.7331275595883529e-08,-8.1961193325011633e-10
0.22017045454545456,0.57954545454545459,2.2237074629405318e-08,4.1116704783120257e-09
0.22017045454545456,0.60227272727272729,2.262155196587496e-08,4.6595673644754583e-09
0.22017045454545456,0.625,1.6356307256395606e-08,-3.2435826246289459e-09
0.22017045454545456,0.64772727272727271,1.4350254454195422e-08,-2.9985870457714324e-09
0.22017045454545456,0.67045454545454541,1.2344201651995243e-08,-2.7535914669139202e-09
0.22017045454545456,0.69318181818181823,2.6959841357260203e-08,4.8387828890622865e-09
0.22017045454545456,0.71590909090909094,2.7148280363796647e-08,3.6733631186169727e-09
0.22017045454545456,0.73863636363636365,2.733671937033309e-08,2.5079433481716556e-09
0.22017045454545456,0.76136363636363635,6.1965486732865389e-09,-2.1421863052087597e-09
0.22017045454545456,0.78409090909090906,7.6061038314263802e-09,-1.0781544174836875e-09
0.22017045454545456,0.80681818181818177,9.0156589895662283e-09,-1.4122529758611997e-11
0.22017045454545456,0.82954545454545459,1.9048294517290119e-08,-6.960960628637294e-09
0.22017045454545456,0.85227272727272729,1.8819537387053314e-08,-6.7668663127647715e-09
0.22017045454545456,0.875,1.9789783325245088e-08,4.1618245129888968e-09
0.22017045454545456,0.89772727272727271,1.7973111918803025e-08,6.4946217483243213e-09
0.22017045454545456,0.92045454545454541,1.6156440512360959e-08,8.8274189836597449e-09
0.22017045454545456,0.94318181818181823,1.223297441105601e-08,-4.5632769989042105e-09
0.22017045454545456,0.96590909090909094,9.1020375329960739e-09,-2.5075356601065796e-09
0.22017045454545456,0.98863636363636365,5.9711006549361349e-09,-4.5179432130894793e-10
0.234375,0.011363636363636364,0,0
0.234375,0.034090909090909088,0,0
0.234375,0.056818181818181816,0,0
0.234375,0.079545454545454544,1.0357992731938349e-08,-2.0564917988133337e-09
0.234375,0.10227272727272728,1.0892253256433352e-08,-1.7016725302480308e-09
0.234375,0.125,3.319099112855699e-09,-7.7420208341243708e-10
0.234375,0.14772727272727273,3.4971859543540334e-09,-6.5592899389066932e-10
0.234375,0.17045454545454544,3.6752727958523679e-09,-5.3765590436890177e-10
0.234375,0.19318181818181818,2.1523350885758449e-08,1.2274457472509569e-09
0.234375,0.21590909090909091,2.0738266679460332e-08,1.7650165029363695e-09
0.234375,0.23863636363636365,1.9953182473162211e-08,2.3025872586217821e-09
0.234375,0.26136363636363635,9.2820744353560855e-09,-3.5221096625580983e-09
0.234375,0.28409090909090912,1.0831614795929466e-08,-3.4485956243855766e-09
0.234375,0.30681818181818182,1.2381155156502846e-08,-3.3750815862130552e-09
0.234375,0.32954545454545453,1.4084785243637233e-08,2.6190437211820615e-09
0.234375,0.35227272727272729,1.2235593035090828e-08,2.7908947905644921e-09
0.234375,0.375,2.7333479606389508e-08,9.1062617016605226e-10
0.234375,0.39772727272727271,2.90381408239597e-08,1.0344696411275711e-09
0.234375,0.42045454545454547,3.0742802041529902e-08,1.1583131120890902e-09
0.234375,0.44318181818181818,6.2353324619568852e-09,7.2405816556404109e-10
0.234375,0.46590909090909088,7.6416558609179786e-09,4.0715632999215146e-10
0.234375,0.48863636363636365,9.0479792598790745e-09,9.0254494420261151e-11
0.234375,0.51136363636363635,3.9590522833558665e-08,1.7175266649189425e-10
0.234375,0.53409090909090906,3.9443463069682816e-08,-5.2639414752426462e-10
0.234375,0.55681818181818177,3.9296403305806961e-08,-1.2245409615404234e-09
0.234375,0.57954545454545459,8.7570814732218456e-09,6.0305032663591816e-09
0.234375,0.60227272727272729,9.5032607825427812e-09,7.1565709622740001e-09
0.234375,0.625,2.6480331980121076e-08,-7.6189131758719777e-09
0.234375,0.64772727272727271,2.3104668620678484e-08,-8.0335089047465658e-09
0.234375,0.67045454545454541,1.9729005261235899e-08,-8.4481046336211523e-09
0.234375,0.69318181818181823,2.2857076541670395e-08,1.2471650807821661e-08
0.234375,0.71590909090909094,2.5250156408617999e-08,1.1295242514304424e-08
0.234375,0.73863636363636365,2.7643236275565603e-08,1.0118834220787187e-08
0.234375,0.76136363636363635,3.9131703216262448e-10,-1.2017346264531206e-08
0.234375,0.78409090909090906,3.1885929671114814e-10,-9.9739545695794264e-09
0.234375,0.80681818181818177,2.4640156125967181e-10,-7.9305628746276521e-09
0.234375,0.82954545454545459,3.0121512025970235e-08,-3.7883466323585921e-10
0.234375,0.85227272727272729,3.0533587412326961e-08,-1.4571721591149159e-09
0.234375,0.875,1.0366076979890289e-08,2.1800033163275185e-09
0.234375,0.89772727272727271,7.2739001121214086e-09,6.6044569534634698e-09
0.234375,0.92045454545454541,4.1817232443525279e-09,1.102891059059942e-08
0.234375,0.94318181818181823,1.8040271206648661e-08,-7.2783187026795794e-09
0.234375,0.96590909090909094,1.5502506501270655e-08,-7.2528096857597295e-09
0.234375,0.98863636363636365,1.2964741795892647e-08,-7.2273006688398787e-09
0.24857954545454544,0.011363636363636364,0,0
0.24857954545454544,0.034090909090909088,0,0
0.24857954545454544,0.056818181818181816,0,0
0.24857954545454544,0.079545454545454544,1.3496778408283301e-08,-2.6796711317870708e-09
0.24857954545454544,0.10227272727272728,1.4192936061413154e-08,-2.2173308727474334e-09
0.24857954545454544,0.125,3.0173628298688442e-10,-7.0382007582949445e-11
0.24857954545454544,0.14772727272727273,3.1792599585036949e-10,-5.9629908535515931e-11
0.24857954545454544,0.17045454545454544,3.3411570871385455e-10,-4.8877809488082417e-11
0.24857954545454544,0.19318181818181818,2.8045578426897366e-08,1.5993990039936708e-09
0.24857954545454544,0.21590909090909091,2.7022589915660425e-08,2.2998699886746627e-09
0.24857954545454544,0.23863636363636365,2.5999601404423481e-08,3.0003409733556546e-09
0.24857954545454544,0.26136363636363635,3.4778223110462495e-09,-5.1396533728978478e-09
0.24857954545454544,0.28409090909090912,5.8141260965603006e-09,-5.2610626587883664e-09
0.24857954545454544,0.30681818181818182,8.1504298820743459e-09,-5.3824719446788825e-09
0.24857954545454544,0.32954545454545453,1.7291949823340245e-08,5.0298548938148143e-09
0.24857954545454544,0.35227272727272729,1.4150584179474286e-08,5.2964795049182312e-09
0.24857954545454544,0.375,2.9535866298671484e-08,-3.4792939557800822e-10
0.24857954545454544,0.39772727272727271,3.2748177275322914e-08,-2.7022486228739713e-10
0.24857954545454544,0.42045454545454547,3.5960488251974358e-08,-1.9252032899678586e-10
0.24857954545454544,0.44318181818181818,-1.1469528392802858e-09,1.0815037588475488e-09
0.24857954545454544,0.46590909090909088,-3.3358475959145561e-10,6.4642238536795941e-10
0.24857954545454544,0.48863636363636365,4.7978332009737661e-10,2.1134101188836888e-10
0.24857954545454544,0.51136363636363635,5.2101791338413884e-08,-8.0905157710049664e-11
0.24857954545454544,0.53409090909090906,5.1681661177072145e-08,-8.5518757377038999e-10
0.24857954545454544,0.55681818181818177,5.12615310157304e-08,-1.6294699898307304e-09
0.24857954545454544,0.57954545454545459,-4.7229116829616232e-09,7.9493360544063359e-09
0.24857954545454544,0.60227272727272729,-3.6150304007893944e-09,9.6535745600725411e-09
0.24857954545454544,0.625,3.6604356703846543e-08,-1.199424372711501e-08
0.24857954545454544,0.64772727272727271,3.1859082787161549e-08,-1.3068430763721698e-08
0.24857954545454544,0.67045454545454541,2.7113808870476555e-08,-1.4142617800328384e-08
0.24857954545454544,0.69318181818181823,1.875431172608058e-08,2.0104518726581036e-08
0.24857954545454544,0.71590909090909094,2.3352032453439352e-08,1.8917121909991879e-08
0.24857954545454544,0.73863636363636365,2.7949753180798113e-08,1.7729725093402719e-08
0.24857954545454544,0.76136363636363635,-5.4139146089612882e-09,-2.189250622385365e-08
0.24857954545454544,0.78409090909090906,-6.9683852380040864e-09,-1.8869754721675172e-08
0.24857954545454544,0.80681818181818177,-8.522855867046883e-09,-1.5847003219496691e-08
0.24857954545454544,0.82954545454545459,4.1194729534650348e-08,6.2032913021655733e-09
0.24857954545454544,0.85227272727272729,4.2247637437600609e-08,3.8525219945349398e-09
0.24857954545454544,0.875,9.4237063453548924e-10,1.9818211966613981e-10
0.24857954545454544,0.89772727272727271,-3.4253116945602073e-09,6.7142921586026166e-09
0.24857954545454544,0.92045454545454541,-7.7929940236559035e-09,1.3230402197539094e-08
0.24857954545454544,0.94318181818181823,2.384756800224131e-08,-9.9933604064549515e-09
0.24857954545454544,0.96590909090909094,2.190297546954524e-08,-1.1998083711412882e-08
0.24857954545454544,0.98863636363636365,1.9958382936849156e-08,-1.4002807016370809e-08
0.26278409090909088,0.011363636363636364,0,0
0.26278409090909088,0.034090909090909088,0,0
0.26278409090909088,0.056818181818181816,0,0
0.26278409090909088,0.079545454545454544,3.1652575046285614e-09,-2.8770821112977421e-10
0.26278409090909088,0.10227272727272728,3.2305049237957349e-09,-1.8155433687272466e-10
0.26278409090909088,0.125,1.2119029767651291e-08,-1.4284807320877422e-09
0.26278409090909088,0.14772727272727273,1.2312339088239389e-08,-1.3284360986562751e-09
0.26278409090909088,0.17045454545454544,1.2505648408827488e-08,-1.2283914652248082e-09
0.26278409090909088,0.19318181818181818,5.1866546929652329e-09,4.3130533460554299e-10
0.26278409090909088,0.21590909090909091,4.5943930611754922e-09,-6.4860711220626786e-10
0.26278409090909088,0.23863636363636365,4.0021314293857515e-09,-1.7285195590180786e-09
0.26278409090909088,0.26136363636363635,2.2068122563772271e-08,1.8592015296276088e-09
0.26278409090909088,0.28409090909090912,2.130392199069641e-08,2.4216290327110452e-09
0.26278409090909088,0.30681818181818182,2.0539721417620543e-08,2.984056535794481e-09
0.26278409090909088,0.32954545454545453,1.028744957613471e-08,-3.19352043873443e-09
0.26278409090909088,0.35227272727272729,1.2148531244592944e-08,-3.0807290842037703e-09
0.26278409090909088,0.375,1.6785081483294577e-08,4.5762460617239722e-09
0.26278409090909088,0.39772727272727271,1.5053502722705018e-08,4.5396910927382786e-09
0.26278409090909088,0.42045454545454547,1.332192396211546e-08,4.5031361237525866e-09
0.26278409090909088,0.44318181818181818,3.1497729765801632e-08,-2.1092681457815099e-10
0.26278409090909088,0.46590909090909088,3.3383218437158368e-08,-1.8667959369114434e-10
0.26278409090909088,0.48863636363636365,3.5268707108515117e-08,-1.6243237280413764e-10
0.26278409090909088,0.51136363636363635,1.0492452758522414e-08,-4.599530341592398e-10
0.26278409090909088,0.53409090909090906,1.0063010076564743e-08,-6.167258306352855e-10
0.26278409090909088,0.55681818181818177,9.6335673946070701e-09,-7.734986271113311e-10
0.26278409090909088,0.57954545454545459,4.0164400063671774e-08,5.7105601557600011e-10
0.26278409090909088,0.60227272727272729,3.9229927885876966e-08,1.2950392958536305e-10
0.26278409090909088,0.625,1.9390280825126908e-09,6.0950445237380705e-09
0.26278409090909088,0.64772727272727271,3.7394588483849492e-09,6.6649787890948126e-09
0.26278409090909088,0.67045454545454541,5.5398896142572071e-09,7.2349130544515613e-09
0.26278409090909088,0.69318181818181823,2.4635051691660349e-08,-8.8906900467236779e-09
0.26278409090909088,0.71590909090909094,2.1340992042349884e-08,-9.5641630633686469e-09
0.26278409090909088,0.73863636363636365,1.8046932393039412e-08,-1.0237636080013618e-08
0.26278409090909088,0.76136363636363635,2.4140713065825146e-08,1.0906540112206992e-08
0.26278409090909088,0.78409090909090906,2.8094713814500697e-08,1.0735368351700995e-08
0.26278409090909088,0.80681818181818177,3.2048714563176251e-08,1.0564196591194999e-08
0.26278409090909088,0.82954545454545459,3.3812828172858123e-09,-9.1907040099806332e-09
0.26278409090909088,0.85227272727272729,6.1644003093970009e-09,-5.1450569892216818e-09
0.26278409090909088,0.875,3.2897821867134416e-08,5.2986894385552013e-09
0.26278409090909088,0.89772727272727271,3.3070414474500588e-08,3.5196533542609932e-09
0.26278409090909088,0.92045454545454541,3.3243007081866761e-08,1.7406172699667852e-09
0.26278409090909088,0.94318181818181823,-5.5468248811874739e-09,1.169024785789612e-08
0.26278409090909088,0.96590909090909094,-4.5313807966960503e-09,1.2519447849690018e-08
0.26278409090909088,0.98863636363636365,-3.5159367122046259e-09,1.3348647841483915e-08
0.27698863636363635,0.011363636363636364,0,0
0.27698863636363635,0.034090909090909088,0,0
0.27698863636363635,0.056818181818181816,0,0
0.27698863636363635,0.079545454545454544,6.6822102875491963e-09,-6.0738400127396884e-10
0.27698863636363635,0.10227272727272728,6.8199548391243398e-09,-3.832813778424193e-10
0.27698863636363635,0.125,8.6564498340366353e-09,-1.0203433800626728e-09
0.27698863636363635,0.14772727272727273,8.7101168635058724e-09,-1.3857763721160201e-09
0.27698863636363635,0.17045454545454544,8.763783892975108e-09,-1.7512093641693669e-09
0.27698863636363635,0.19318181818181818,1.1031670656906597e-08,1.335290999657644e-09
0.27698863636363635,0.21590909090909091,1.0109605765714825e-08,7.5450589612758121e-10
0.27698863636363635,0.23863636363636365,9.1875408745230524e-09,1.7372079259751887e-10
0.27698863636363635,0.26136363636363635,1.8579850627035039e-08,-2.5503396629335513e-10
0.27698863636363635,0.28409090909090912,1.8907175016871379e-08,1.9116492391133571e-10
0.27698863636363635,0.30681818181818182,1.9234499406707716e-08,6.3736381411602485e-10
0.27698863636363635,0.32954545454545453,9.9143880113164329e-09,-6.2885885222400627e-10
0.27698863636363635,0.35227272727272729,1.0447630647931745e-08,-5.6366305711242134e-10
0.27698863636363635,0.375,2.313350501304998e-08,3.190808417384912e-09
0.27698863636363635,0.39772727272727271,2.2573899788463129e-08,3.1734069311218934e-09
0.27698863636363635,0.42045454545454547,2.2014294563876274e-08,3.1560054448588735e-09
0.27698863636363635,0.44318181818181818,2.2498378404144015e-08,-1.5066201041296494e-10
0.27698863636363635,0.46590909090909088,2.3845156026541688e-08,-1.3334256692224594e-10
0.27698863636363635,0.48863636363636365,2.5191933648939364e-08,-1.1602312343152686e-10
0.27698863636363635,0.51136363636363635,2.2150733601325135e-08,-9.7101196100284108e-10
0.27698863636363635,0.53409090909090906,2.1244132383858934e-08,-1.3019767535633825e-09
0.27698863636363635,0.55681818181818177,2.0337531166392736e-08,-1.6329415461239239e-09
0.27698863636363635,0.57954545454545459,2.8378665335226462e-08,3.9169743371102221e-09
0.27698863636363635,0.60227272727272729,2.8738665800145775e-08,3.8364141364319666e-09
0.27698863636363635,0.625,8.2966237738215524e-09,-9.4162123768251004e-11
0.27698863636363635,0.64772727272727271,8.1017753109911788e-09,1.9578853353743465e-10
0.27698863636363635,0.67045454545454541,7.9069268481608069e-09,4.8573919084311783e-10
0.27698863636363635,0.69318181818181823,2.656860760634192e-08,-1.3584780617060349e-09
0.27698863636363635,0.71590909090909094,2.5373422274005319e-08,-2.3246895825987901e-09
0.27698863636363635,0.73863636363636365,2.4178236941668725e-08,-3.2909011034915412e-09
0.27698863636363635,0.76136363636363635,1.4946508129997114e-08,4.0832097308147359e-09
0.27698863636363635,0.78409090909090906,1.8791620310425424e-08,5.6085779936489778e-09
0.27698863636363635,0.80681818181818177,2.263673249085373e-08,7.1339462564832214e-09
0.27698863636363635,0.82954545454545459,1.5078020969403841e-08,-6.5876677517705908e-09
0.27698863636363635,0.85227272727272729,1.6983612608516136e-08,-4.4543221759292897e-09
0.27698863636363635,0.875,1.9966475503130845e-08,9.0689233468452833e-09
0.27698863636363635,0.89772727272727271,2.0651085444664922e-08,8.2547449871717604e-09
0.27698863636363635,0.92045454545454541,2.1335695386199e-08,7.4405666274982408e-09
0.27698863636363635,0.94318181818181823,1.479733125981566e-09,3.6860792494028657e-09
0.27698863636363635,0.96590909090909094,1.4405003299591937e-09,3.6610948411030928e-09
0.27698863636363635,0.98863636363636365,1.4012675339368197e-09,3.6361104328033153e-09
0.29119318181818182,0.011363636363636364,0,0
0.29119318181818182,0.034090909090909088,0,0
0.29119318181818182,0.056818181818181816,0,0
0.29119318181818182,0.079545454545454544,1.0199163070469832e-08,-9.2705979141816331e-10
0.29119318181818182,0.10227272727272728,1.0409404754452946e-08,-5.8500841881211407e-10
0.29119318181818182,0.125,5.1938699004219787e-09,-6.1220602803760333e-10
0.29119318181818182,0.14772727272727273,5.1078946387723562e-09,-1.4431166455757654e-09
0.29119318181818182,0.17045454545454544,5.0219193771227322e-09,-2.274027263113926e-09
0.29119318181818182,0.19318181818181818,1.6876686620847961e-08,2.2392766647097441e-09
0.29119318181818182,0.21590909090909091,1.5624818470254154e-08,2.15761890446143e-09
0.29119318181818182,0.23863636363636365,1.4372950319660351e-08,2.0759611442131155e-09
0.29119318181818182,0.26136363636363635,1.5091578690297797e-08,-2.3692694622143184e-09
0.29119318181818182,0.28409090909090912,1.6510428043046348e-08,-2.0392991848883742e-09
0.29119318181818182,0.30681818181818182,1.7929277395794895e-08,-1.7093289075624301e-09
0.29119318181818182,0.32954545454545453,9.5413264464981556e-09,1.9358027342864171e-09
0.29119318181818182,0.35227272727272729,8.7467300512705441e-09,1.9534029699789285e-09
0.29119318181818182,0.375,2.9481928542805383e-08,1.8053707730458526e-09
0.29119318181818182,0.39772727272727271,3.0094296854221233e-08,1.8071227695055069e-09
0.29119318181818182,0.42045454545454547,3.0706665165637088e-08,1.8088747659651616e-09
0.29119318181818182,0.44318181818181818,1.3499027042486403e-08,-9.0397206247778937e-11
0.29119318181818182,0.46590909090909088,1.4307093615925006e-08,-8.0005540153347525e-11
0.29119318181818182,0.48863636363636365,1.5115160189363614e-08,-6.9613874058916087e-11
0.29119318181818182,0.51136363636363635,3.3809014444127855e-08,-1.4820708878464424e-09
0.29119318181818182,0.53409090909090906,3.2425254691153126e-08,-1.9872276764914795e-09
0.29119318181818182,0.55681818181818177,3.1041494938178402e-08,-2.4923844651365166e-09
0.29119318181818182,0.57954545454545459,1.6592930606781153e-08,7.2628926586444435e-09
0.29119318181818182,0.60227272727272729,1.8247403714414594e-08,7.5433243432785703e-09
0.29119318181818182,0.625,1.4654219465130412e-08,-6.28336877127457e-09
0.29119318181818182,0.64772727272727271,1.2464091773597408e-08,-6.2734017220199474e-09
0.29119318181818182,0.67045454545454541,1.0273964082064407e-08,-6.263434672765324e-09
0.29119318181818182,0.69318181818181823,2.8502163521023487e-08,6.1737339233116056e-09
0.29119318181818182,0.71590909090909094,2.9405852505660761e-08,4.91478389817107e-09
0.29119318181818182,0.73863636363636365,3.0309541490298034e-08,3.6558338730305365e-09
0.29119318181818182,0.76136363636363635,5.7523031941690887e-09,-2.7401206505775173e-09
0.29119318181818182,0.78409090909090906,9.4885268063501476e-09,4.817876355969607e-10
0.29119318181818182,0.80681818181818177,1.3224750418531206e-08,3.7036959217714399e-09
0.29119318181818182,0.82954545454545459,2.6774759121521867e-08,-3.9846314935605468e-09
0.29119318181818182,0.85227272727272729,2.7802824907635267e-08,-3.7635873626368976e-09
0.29119318181818182,0.875,7.0351291391272771e-09,1.2839157255135364e-08
0.29119318181818182,0.89772727272727271,8.2317564148292579e-09,1.2989836620082529e-08
0.29119318181818182,0.92045454545454541,9.4283836905312387e-09,1.3140515985029698e-08
0.29119318181818182,0.94318181818181823,8.5062911331506084e-09,-4.3180893590903904e-09
0.29119318181818182,0.96590909090909094,7.4123814566144361e-09,-5.1972581674838343e-09
0.29119318181818182,0.98863636363636365,6.3184717800782646e-09,-6.076426975877279e-09
0.30539772727272729,0.011363636363636364,0,0
0.30539772727272729,0.034090909090909088,0,0
0.30539772727272729,0.056818181818181816,0,0
0.30539772727272729,0.079545454545454544,1.3716115853390468e-08,-1.246735581562358e-09
0.30539772727272729,0.10227272727272728,1.3998854669781552e-08,-7.8673545978180873e-10
0.30539772727272729,0.125,1.7312899668073217e-09,-2.0406867601253392e-10
0.30539772727272729,0.14772727272727273,1.5056724140388384e-09,-1.5004569190355102e-09
0.30539772727272729,0.17045454545454544,1.2800548612703555e-09,-2.7968451620584851e-09
0.30539772727272729,0.19318181818181818,2.2721702584789321e-08,3.1432623297618448e-09
0.30539772727272729,0.21590909090909091,2.1140031174793487e-08,3.560731912795279e-09
0.30539772727272729,0.23863636363636365,1.9558359764797649e-08,3.9782014958287125e-09
0.30539772727272729,0.26136363636363635,1.1603306753560558e-08,-4.4835049581352824e-09
0.30539772727272729,0.28409090909090912,1.4113681069221317e-08,-4.2697632936880844e-09
0.30539772727272729,0.30681818181818182,1.6624055384882068e-08,-4.0560216292408863e-09
0.30539772727272729,0.32954545454545453,9.1682648816798766e-09,4.5004643207968407e-09
0.30539772727272729,0.35227272727272729,7.0458294546093433e-09,4.4704689970702779e-09
0.30539772727272729,0.375,3.583035207256079e-08,4.199331287067925e-10
0.30539772727272729,0.39772727272727271,3.761469391997934e-08,4.4083860788912112e-10
0.30539772727272729,0.42045454545454547,3.9399035767397903e-08,4.6174408707144988e-10
0.30539772727272729,0.44318181818181818,4.4996756808287888e-09,-3.0132402082592899e-11
0.30539772727272729,0.46590909090909088,4.7690312053083228e-09,-2.6668513384449106e-11
0.30539772727272729,0.48863636363636365,5.0383867297878568e-09,-2.3204624686305303e-11
0.30539772727272729,0.51136363636363635,4.5467295286930575e-08,-1.9931298146900437e-09
0.30539772727272729,0.53409090909090906,4.360637699844732e-08,-2.6724785994195767e-09
0.30539772727272729,0.55681818181818177,4.1745458709964065e-08,-3.3518273841491093e-09
0.30539772727272729,0.57954545454545459,4.8071958783358412e-09,1.0608810980178665e-08
0.30539772727272729,0.60227272727272729,7.7561416286834015e-09,1.1250234550125175e-08
0.30539772727272729,0.625,2.1011815156439273e-08,-1.2472575418780892e-08
0.30539772727272729,0.64772727272727271,1.682640823620364e-08,-1.274259197757733e-08
0.30539772727272729,0.67045454545454541,1.2641001315968006e-08,-1.3012608536373768e-08
0.30539772727272729,0.69318181818181823,3.0435719435705055e-08,1.3705945908329244e-08
0.30539772727272729,0.71590909090909094,3.3438282737316202e-08,1.215425737894093e-08
0.30539772727272729,0.73863636363636365,3.6440846038927344e-08,1.0602568849552614e-08
0.30539772727272729,0.76136363636363635,-3.4419017416589415e-09,-9.5634510319697738e-09
0.30539772727272729,0.78409090909090906,1.8543330227487124e-10,-4.6450027224550573e-09
0.30539772727272729,0.80681818181818177,3.8127683462086852e-09,2.734455870596607e-10
0.30539772727272729,0.82954545454545459,3.84714972736399e-08,-1.3815952353505033e-09
0.30539772727272729,0.85227272727272729,3.8622037206754405e-08,-3.0728525493445055e-09
0.30539772727272729,0.875,-5.8962172248762948e-09,1.6609391163425444e-08
0.30539772727272729,0.89772727272727271,-4.1875726150064082e-09,1.7724928252993298e-08
0.30539772727272729,0.92045454545454541,-2.4789280051365207e-09,1.8840465342561152e-08
0.30539772727272729,0.94318181818181823,1.5532849140319649e-08,-1.2322257967583644e-08
0.30539772727272729,0.96590909090909094,1.338426258326968e-08,-1.4055611176070762e-08
0.30539772727272729,0.98863636363636365,1.1235676026219711e-08,-1.5788964384557877e-08
0.31960227272727271,0.011363636363636364,0,0
0.31960227272727271,0.034090909090909088,0,0
0.31960227272727271,0.056818181818181816,0,0
0.31960227272727271,0.079545454545454544,1.8208880438446903e-09,4.2943804146400184e-12
0.31960227272727271,0.10227272727272728,1.807440737146569e-09,6.5872415497623099e-11
0.31960227272727271,0.125,1.4189268892945164e-08,-8.0458754292794041e-10
0.31960227272727271,0.14772727272727273,1.4192581663322432e-08,-4.1522353129557696e-10
0.31960227272727271,0.17045454545454544,1.41958944336997e-08,-2.585951966321381e-11
0.31960227272727271,0.19318181818181818,1.8458013154833259e-09,-3.2911898313269614e-09
0.31960227272727271,0.21590909090909091,2.4378166281511445e-09,-3.939159589728532e-09
0.31960227272727271,0.23863636363636365,3.029831940818963e-09,-4.5871293481301018e-09
0.31960227272727271,0.26136363636363635,1.995665782348487e-08,4.3328714217328655e-09
0.31960227272727271,0.28409090909090912,1.8346758305603635e-08,4.8486875421494089e-09
0.31960227272727271,0.30681818181818182,1.6736858787722407e-08,5.3645036625659507e-09
0.31960227272727271,0.32954545454545453,1.7165364387234428e-08,-3.7923636729518899e-09
0.31960227272727271,0.35227272727272729,1.9757705217609914e-08,-3.5745473478983816e-09
0.31960227272727271,0.375,8.1946995901681628e-09,5.0088261237539971e-09
0.31960227272727271,0.39772727272727271,6.9144859600038728e-09,4.462821733765536e-09
0.31960227272727271,0.42045454545454547,5.6342723298395796e-09,3.9168173437770732e-09
0.31960227272727271,0.44318181818181818,4.0538041077012724e-08,-1.4405400687532641e-10
0.31960227272727271,0.46590909090909088,4.1290593233801272e-08,-5.0322407854947787e-11
0.31960227272727271,0.48863636363636365,4.2043145390589819e-08,4.3409191165431069e-11
0.31960227272727271,0.51136363636363635,4.3574570070119528e-09,-1.3699291213620685e-10
0.31960227272727271,0.53409090909090906,2.4876968831273682e-09,4.9201218162509292e-10
0.31960227272727271,0.55681818181818177,6.1793675924278241e-10,1.1210172753863929e-09
0.31960227272727271,0.57954545454545459,4.0032452617653059e-08,-2.3792059281911561e-09
0.31960227272727271,0.60227272727272729,3.7443494127471833e-08,-2.9658685080875419e-09
0.31960227272727271,0.625,6.5419815637107559e-09,1.0446028381327813e-08
0.31960227272727271,0.64772727272727271,1.0267583843616308e-08,1.049535227959503e-08
0.31960227272727271,0.67045454545454541,1.3993186123521861e-08,1.0544676177862247e-08
0.31960227272727271,0.69318181818181823,1.2665625306955393e-08,-1.3197019316456725e-08
0.31960227272727271,0.71590909090909094,9.2177029926262455e-09,-1.2807021069902144e-08
0.31960227272727271,0.73863636363636365,5.7697806782970978e-09,-1.2417022823347559e-08
0.31960227272727271,0.76136363636363635,3.8062632314160447e-08,1.0827666265967717e-08
0.31960227272727271,0.78409090909090906,4.0562104070283587e-08,9.0352992326647856e-09
0.31960227272727271,0.80681818181818177,4.3061575826406728e-08,7.2429321993618523e-09
0.31960227272727271,0.82954545454545459,4.8233296613082733e-09,-8.4612438246565133e-10
0.31960227272727271,0.85227272727272729,4.6266449123058369e-09,-1.1599124713363492e-09
0.31960227272727271,0.875,3.798177101540811e-08,-2.1630968536526612e-09
0.31960227272727271,0.89772727272727271,3.6762556447823501e-08,-4.6332160826491383e-09
0.31960227272727271,0.92045454545454541,3.5543341880238904e-08,-7.1033353116456138e-09
0.31960227272727271,0.94318181818181823,-4.2435268862742211e-09,1.7723165049272627e-08
0.31960227272727271,0.96590909090909094,-2.1609904621202169e-09,1.7339426522875838e-08
0.31960227272727271,0.98863636363636365,-7.845403796621204e-11,1.6955687996479052e-08
0.33380681818181818,0.011363636363636364,0,0
0.33380681818181818,0.034090909090909088,0,0
0.33380681818181818,0.056818181818181816,0,0
0.33380681818181818,0.079545454545454544,5.4626641315340848e-09,1.2883141243920087e-11
0.33380681818181818,0.10227272727272728,5.4223222114397216e-09,1.9761724649286981e-10
0.33380681818181818,0.125,1.0342672658753642e-08,-1.6765136609861103e-09
0.33380681818181818,0.14772727272727273,1.0589283567772376e-08,-1.5921950435495265e-09
0.33380681818181818,0.17045454545454544,1.083589447679111e-08,-1.5078764261129428e-09
0.33380681818181818,0.19318181818181818,6.6862290317140266e-09,-1.0632141744056877e-09
0.33380681818181818,0.21590909090909091,6.5579239475595108e-09,-1.4064973981480436e-09
0.33380681818181818,0.23863636363636365,6.4296188634049958e-09,-1.7497806218903989e-09
0.33380681818181818,0.26136363636363635,1.9531651770358149e-08,1.9326299404819017e-09
0.33380681818181818,0.28409090909090912,1.9136421686593027e-08,2.3994628481928014e-09
0.33380681818181818,0.30681818181818182,1.8741191602827909e-08,2.8662957559036999e-09
0.33380681818181818,0.32954545454545453,1.3334169091536134e-08,-1.4833411039961543e-09
0.33380681818181818,0.35227272727272729,1.4856569032319381e-08,-1.4794553105647007e-09
0.33380681818181818,0.375,1.7766050343931003e-08,3.6760605569022912e-09
0.33380681818181818,0.39772727272727271,1.7086266731506597e-08,3.271072883481908e-09
0.33380681818181818,0.42045454545454547,1.6406483119082191e-08,2.8660852100615236e-09
0.33380681818181818,0.44318181818181818,3.0037456451841083e-08,-5.6223249004191553e-11
0.33380681818181818,0.46590909090909088,3.0172186044164199e-08,2.170499388028586e-10
0.33380681818181818,0.48863636363636365,3.0306915636487308e-08,4.9032312660990955e-10
0.33380681818181818,0.51136363636363635,1.4729326865662527e-08,-1.2049225316970221e-09
0.33380681818181818,0.53409090909090906,1.2433958183262024e-08,-9.0579484098991773e-10
0.33380681818181818,0.55681818181818177,1.0138589500861519e-08,-6.0666715028281352e-10
0.33380681818181818,0.57954545454545459,3.2246675692509167e-08,1.7949774613483478e-09
0.33380681818181818,0.60227272727272729,3.1539067226158856e-08,1.3500232779593179e-09
0.33380681818181818,0.625,7.4125593760873782e-09,3.4868668116810746e-09
0.33380681818181818,0.64772727272727271,9.0927530102854414e-09,3.7028381735181211e-09
0.33380681818181818,0.67045454545454541,1.0772946644483503e-08,3.9188095353551658e-09
0.33380681818181818,0.69318181818181823,2.0248151576083895e-08,-6.5512789718760277e-09
0.33380681818181818,0.71590909090909094,1.8407367509803761e-08,-6.7797822445913814e-09
0.33380681818181818,0.73863636363636365,1.6566583443523632e-08,-7.0082855173067366e-09
0.33380681818181818,0.76136363636363635,2.8302983002837246e-08,8.0513415823862494e-09
0.33380681818181818,0.78409090909090906,3.0161564565082661e-08,6.7185558396738126e-09
0.33380681818181818,0.80681818181818177,3.2020146127328076e-08,5.3857700969613766e-09
0.33380681818181818,0.82954545454545459,1.4469988983924856e-08,-2.5383731473969606e-09
0.33380681818181818,0.85227272727272729,1.3879934736917547e-08,-3.4797374140090562e-09
0.33380681818181818,0.875,2.6458472320366283e-08,4.2604957973443125e-09
0.33380681818181818,0.89772727272727271,2.6262480200055346e-08,2.3728084744791783e-09
0.33380681818181818,0.92045454545454541,2.606648807974441e-08,4.8512115161404571e-10
0.33380681818181818,0.94318181818181823,-1.9806935670403065e-10,7.4909835748889212e-09
0.33380681818181818,0.96590909090909094,5.0683396219257452e-10,6.7370375858670408e-09
0.33380681818181818,0.98863636363636365,1.2117372810891794e-09,5.9830915968451554e-09
0.34801136363636365,0.011363636363636364,0,0
0.34801136363636365,0.034090909090909088,0,0
0.34801136363636365,0.056818181818181816,0,0
0.34801136363636365,0.079545454545454544,9.1044402192234803e-09,2.1471902073200163e-11
0.34801136363636365,0.10227272727272728,9.0372036857328754e-09,3.2936207748811656e-10
0.34801136363636365,0.125,6.4960764245621211e-09,-2.5484397790442807e-09
0.34801136363636365,0.14772727272727273,6.9859854722223196e-09,-2.769166555803476e-09
0.34801136363636365,0.17045454545454544,7.4758945198825182e-09,-2.9898933325626722e-09
0.34801136363636365,0.19318181818181818,1.1526656747944726e-08,1.1647614825155865e-09
0.34801136363636365,0.21590909090909091,1.0678031266967877e-08,1.1261647934324451e-09
0.34801136363636365,0.23863636363636365,9.8294057859910265e-09,1.0875681043493033e-09
0.34801136363636365,0.26136363636363635,1.9106645717231438e-08,-4.6761154076906232e-10
0.34801136363636365,0.28409090909090912,1.9926085067582423e-08,-4.976184576380523e-11
0.34801136363636365,0.30681818181818182,2.0745524417933415e-08,3.6808784924145041e-10
0.34801136363636365,0.32954545454545453,9.502973795837838e-09,8.2568146495958116e-10
0.34801136363636365,0.35227272727272729,9.9554328470288486e-09,6.1563672676898152e-10
0.34801136363636365,0.375,2.7337401097693843e-08,2.3432949900505843e-09
0.34801136363636365,0.39772727272727271,2.7258047503009321e-08,2.0793240331982795e-09
0.34801136363636365,0.42045454545454547,2.71786939083248e-08,1.8153530763459739e-09
0.34801136363636365,0.44318181818181818,1.9536871826669438e-08,3.1607508866943292e-11
0.34801136363636365,0.46590909090909088,1.9053778854527126e-08,4.8442228546066517e-10
0.34801136363636365,0.48863636363636365,1.857068588238481e-08,9.3723706205438794e-10
0.34801136363636365,0.51136363636363635,2.51011967243131e-08,-2.2728521512578372e-09
0.34801136363636365,0.53409090909090906,2.238021948339668e-08,-2.3036018636049286e-09
0.34801136363636365,0.55681818181818177,1.9659242242480256e-08,-2.3343515759520204e-09
0.34801136363636365,0.57954545454545459,2.4460898767365287e-08,5.9691608508878514e-09
0.34801136363636365,0.60227272727272729,2.5634640324845872e-08,5.6659150640061773e-09
0.34801136363636365,0.625,8.2831371884639997e-09,-3.4722947579656667e-09
0.34801136363636365,0.64772727272727271,7.9179221769545729e-09,-3.0896759325587901e-09
0.34801136363636365,0.67045454545454541,7.5527071654451462e-09,-2.7070571071519134e-09
0.34801136363636365,0.69318181818181823,2.7830677845212398e-08,9.4461372704673968e-11
0.34801136363636365,0.71590909090909094,2.7597032026981281e-08,-7.5254341928062243e-10
0.34801136363636365,0.73863636363636365,2.7363386208750164e-08,-1.5995482112659172e-09
0.34801136363636365,0.76136363636363635,1.8543333691514048e-08,5.2750168988047816e-09
0.34801136363636365,0.78409090909090906,1.9761025059881734e-08,4.4018124466828404e-09
0.34801136363636365,0.80681818181818177,2.097871642824942e-08,3.5286079945609004e-09
0.34801136363636365,0.82954545454545459,2.4116648306541439e-08,-4.2306219123282703e-09
0.34801136363636365,0.85227272727272729,2.3133224561529261e-08,-5.7995623566817633e-09
0.34801136363636365,0.875,1.4935173625324452e-08,1.0684088448341287e-08
0.34801136363636365,0.89772727272727271,1.5762403952287186e-08,9.3788330316074965e-09
0.34801136363636365,0.92045454545454541,1.6589634279249922e-08,8.0735776148737044e-09
0.34801136363636365,0.94318181818181823,3.8473881728661641e-09,-2.7411978994947851e-09
0.34801136363636365,0.96590909090909094,3.1746583865053666e-09,-3.8653513511417629e-09
0.34801136363636365,0.98863636363636365,2.5019286001445707e-09,-4.9895048027887398e-09
0.36221590909090912,0.011363636363636364,0,0
0.36221590909090912,0.034090909090909088,0,0
0.36221590909090912,0.056818181818181816,0,0
0.36221590909090912,0.079545454545454544,1.2746216306912874e-08,3.0060662902480187e-11
0.36221590909090912,0.10227272727272728,1.2652085160026029e-08,4.6110690848336338e-10
0.36221590909090912,0.125,2.6494801903705985e-09,-3.4203658971024506e-09
0.36221590909090912,0.14772727272727273,3.3826873766722639e-09,-3.946138068057426e-09
0.36221590909090912,0.17045454545454544,4.1158945629739289e-09,-4.4719102390124017e-09
0.36221590909090912,0.19318181818181818,1.6367084464175429e-08,3.3927371394368613e-09
0.36221590909090912,0.21590909090909091,1.4798138586376245e-08,3.6588269850129334e-09
0.36221590909090912,0.23863636363636365,1.322919270857706e-08,3.9249168305890054e-09
0.36221590909090912,0.26136363636363635,1.8681639664104716e-08,-2.8678530220200251e-09
0.36221590909090912,0.28409090909090912,2.0715748448571818e-08,-2.4989865397204127e-09
0.36221590909090912,0.30681818181818182,2.2749857233038917e-08,-2.1301200574208007e-09
0.36221590909090912,0.32954545454545453,5.6717785001395429e-09,3.1347040339153171e-09
0.36221590909090912,0.35227272727272729,5.0542966617383178e-09,2.7107287641026625e-09
0.36221590909090912,0.375,3.6908751851456689e-08,1.010529423198878e-09
0.36221590909090912,0.39772727272727271,3.7429828274512046e-08,8.87575182914651e-10
0.36221590909090912,0.42045454545454547,3.7950904697567415e-08,7.6462094263042384e-10
0.36221590909090912,0.44318181818181818,9.0362872014977953e-09,1.1943826673807814e-10
0.36221590909090912,0.46590909090909088,7.9353716648900532e-09,7.5179463211847137e-10
0.36221590909090912,0.48863636363636365,6.834456128282306e-09,1.3841509974988663e-09
0.36221590909090912,0.51136363636363635,3.5473066582963673e-08,-3.3407817708186523e-09
0.36221590909090912,0.53409090909090906,3.2326480783531339e-08,-3.7014088862199394e-09
0.36221590909090912,0.55681818181818177,2.9179894984098991e-08,-4.062036001621227e-09
0.36221590909090912,0.57954545454545459,1.6675121842221404e-08,1.0143344240427353e-08
0.36221590909090912,0.60227272727272729,1.9730213423532892e-08,9.9818068500530356e-09
0.36221590909090912,0.625,9.1537150008406229e-09,-1.0431456327612406e-08
0.36221590909090912,0.64772727272727271,6.7430913436237061e-09,-9.8821900386356987e-09
0.36221590909090912,0.67045454545454541,4.3324676864067902e-09,-9.3329237496589927e-09
0.36221590909090912,0.69318181818181823,3.5413204114340898e-08,6.7402017172853741e-09
0.36221590909090912,0.71590909090909094,3.67866965441588e-08,5.2746954060301382e-09
0.36221590909090912,0.73863636363636365,3.8160188973976689e-08,3.8091890947749038e-09
0.36221590909090912,0.76136363636363635,8.7836843801908505e-09,2.4986922152233134e-09
0.36221590909090912,0.78409090909090906,9.3604855546808058e-09,2.0850690536918686e-09
0.36221590909090912,0.80681818181818177,9.9372867291707612e-09,1.6714458921604237e-09
0.36221590909090912,0.82954545454545459,3.3763307629158025e-08,-5.9228706772595787e-09
0.36221590909090912,0.85227272727272729,3.2386514386140968e-08,-8.1193872993544707e-09
0.36221590909090912,0.875,3.4118749302826224e-09,1.7107681099338261e-08
0.36221590909090912,0.89772727272727271,5.2623277045190271e-09,1.6384857588735813e-08
0.36221590909090912,0.92045454545454541,7.1127804787554278e-09,1.5662034078133366e-08
0.36221590909090912,0.94318181818181823,7.8928457024363567e-09,-1.2973379373878491e-08
0.36221590909090912,0.96590909090909094,5.8424828108181587e-09,-1.4467740288150564e-08
0.36221590909090912,0.98863636363636365,3.7921199191999617e-09,-1.5962101202422633e-08
0.37642045454545453,0.011363636363636364,0,0
0.37642045454545453,0.034090909090909088,0,0
0.37642045454545453,0.056818181818181816,0,0
0.37642045454545453,0.079545454545454544,3.4943714368742498e-10,3.4679170647644566e-11
0.37642045454545453,0.10227272727272728,3.3695508715107581e-10,4.6931278023009277e-11
0.37642045454545453,0.125,1.5469389552653644e-08,9.5048386989968293e-10
0.37642045454545453,0.14772727272727273,1.4973330776762145e-08,1.4719134215268007e-09
0.37642045454545453,0.17045454545454544,1.4477272000870644e-08,1.9933429731539175e-09
0.37642045454545453,0.19318181818181818,2.5338292697225305e-09,-6.1635134575865534e-09
0.37642045454545453,0.21590909090909091,4.2291907186809417e-09,-6.3896031888983359e-09
0.37642045454545453,0.23863636363636365,5.9245521676393532e-09,-6.6156929202101176e-09
0.37642045454545453,0.26136363636363635,1.4293135285670998e-08,6.6439987656404239e-09
0.37642045454545453,0.28409090909090912,1.2057038179416407e-08,6.936717943710173e-09
0.37642045454545453,0.30681818181818182,9.8209410731618224e-09,7.2294371217799204e-09
0.37642045454545453,0.32954545454545453,2.6729369958892283e-08,-3.8269247510565422e-09
0.37642045454545453,0.35227272727272729,2.9383894066830681e-08,-3.450563585625896e-09
0.37642045454545453,0.375,1.8509878619736118e-10,3.8853018898015231e-09
0.37642045454545453,0.39772727272727271,5.090587194826409e-10,2.4709029496097907e-09
0.37642045454545453,0.42045454545454547,8.3301865276792156e-10,1.0565040094180556e-09
0.37642045454545453,0.44318181818181818,4.7146983680574254e-08,-1.210806288594905e-10
0.37642045454545453,0.46590909090909088,4.6785006868798591e-08,-1.0780753925943302e-10
0.37642045454545453,0.48863636363636365,4.6423030057022928e-08,-9.4534449659375456e-11
0.37642045454545453,0.51136363636363635,-3.0556894939160097e-09,2.3663931223600368e-09
0.37642045454545453,0.53409090909090906,-1.9366614566995015e-09,3.0945192482804697e-09
0.37642045454545453,0.55681818181818177,-8.1763341948299447e-10,3.8226453742009026e-09
0.37642045454545453,0.57954545454545459,3.3255342150574114e-08,-5.6535735629721552e-09
0.37642045454545453,0.60227272727272729,2.8977443166961673e-08,-6.077576765594213e-09
0.37642045454545453,0.625,1.8689106218778621e-08,1.3182021519494538e-08
0.37642045454545453,0.64772727272727271,2.3369723053648421e-08,1.256960317901973e-08
0.37642045454545453,0.67045454545454541,2.8050339888518224e-08,1.1957184838544929e-08
0.37642045454545453,0.69318181818181823,-1.0082326484432638e-09,-1.3772595758434822e-08
0.37642045454545453,0.71590909090909094,-2.6638463039447703e-09,-1.1815705517643708e-08
0.37642045454545453,0.73863636363636365,-4.3194599594462767e-09,-9.8588152768525928e-09
0.37642045454545453,0.76136363636363635,4.8745855651540412e-08,6.4648226409698463e-09
0.37642045454545453,0.78409090909090906,4.9903357625707716e-08,4.4109736170350299e-09
0.37642045454545453,0.80681818181818177,5.1060859599875034e-08,2.3571245931002136e-09
0.37642045454545453,0.82954545454545459,-2.471842461487046e-09,4.1025127270999884e-09
0.37642045454545453,0.85227272727272729,-6.9489551203506561e-09,9.9655165126218276e-09
0.37642045454545453,0.875,3.8112705740566127e-08,-1.2166036890536241e-08
0.37642045454545453,0.89772727272727271,3.5146008797776835e-08,-1.487952269329246e-08
0.37642045454545453,0.92045454545454541,3.2179311854987536e-08,-1.7593008496048679e-08
0.37642045454545453,0.94318181818181823,1.4189303442951263e-09,2.098486363647964e-08
0.37642045454545453,0.96590909090909094,4.205594651315144e-09,2.0016723039761283e-08
0.37642045454545453,0.98863636363636365,6.9922589583351612e-09,1.9048582443042935e-08
0.390625,0.011363636363636364,0,0
0.390625,0.034090909090909088,0,0
0.390625,0.056818181818181816,0,0
0.390625,0.079545454545454544,3.8438085805617153e-09,3.8147087712409429e-10
0.390625,0.10227272727272728,3.7065059586618729e-09,5.1624405825310762e-10
0.390625,0.125,1.2291863199726155e-08,-7.603170821968808e-10
0.390625,0.14772727272727273,1.2327321540913356e-08,-4.1551925945911956e-10
0.390625,0.17045454545454544,1.2362779882100558e-08,-7.0721436721358535e-11
0.390625,0.19318181818181818,5.3381975474261254e-09,-3.1438285858039142e-09
0.390625,0.21590909090909091,6.0925252104994568e-09,-3.2499468042623758e-09
0.390625,0.23863636363636365,6.8468528735727874e-09,-3.3560650227208383e-09
0.390625,0.26136363636363635,1.7176069079769748e-08,4.1482020763630386e-09
0.390625,0.28409090909090912,1.6089839214443615e-08,4.4702352955553421e-09
0.390625,0.30681818181818182,1.5003609349117478e-08,4.7922685147476447e-09
0.390625,0.32954545454545453,2.0354733470514391e-08,-2.263826166340563e-09
0.390625,0.35227272727272729,2.2471178360459285e-08,-2.3115488955707845e-09
0.390625,0.375,1.1407632088744886e-08,2.9403322935120314e-09
0.390625,0.39772727272727271,1.1563356649219771e-08,1.8539397675137754e-09
0.390625,0.42045454545454547,1.1719081209694656e-08,7.6754724151551659e-10
0.390625,0.44318181818181818,3.5195531039298423e-08,4.5871522287793785e-10
0.390625,0.46590909090909088,3.52083078077603e-08,6.4443280007645153e-10
0.390625,0.48863636363636365,3.5221084576222182e-08,8.3015037727496588e-10
0.390625,0.51136363636363635,5.7063833779274444e-09,4.229480441623478e-10
0.390625,0.53409090909090906,5.5210559548513489e-09,8.8449156655291409e-10
0.390625,0.55681818181818177,5.3357285317752516e-09,1.3460350889434808e-09
0.390625,0.57954545454545459,3.0820776211311404e-08,-1.2396543806484606e-09
0.390625,0.60227272727272729,2.8660891811991455e-08,-1.7218989169112126e-09
0.390625,0.625,1.3934810255459642e-08,6.6811404746648298e-09
0.390625,0.64772727272727271,1.7125958150574788e-08,6.6889481022124091e-09
0.390625,0.67045454545454541,2.031710604568993e-08,6.6967557297599891e-09
0.390625,0.69318181818181823,1.0763354117242051e-08,-8.9172669151047982e-09
0.390625,0.71590909090909094,9.7925999674776392e-09,-7.9370074866169846e-09
0.390625,0.73863636363636365,8.8218458177132241e-09,-6.9567480581291735e-09
0.390625,0.76136363636363635,3.6885302178988894e-08,5.666422002108321e-09
0.390625,0.78409090909090906,3.6725001703149376e-08,5.5003052599561578e-09
0.390625,0.80681818181818177,3.6564701227309845e-08,5.3341885178039937e-09
0.390625,0.82954545454545459,6.6275971301082961e-09,-3.4785840987970646e-10
0.390625,0.85227272727272729,2.4698434912293569e-09,3.5111853535546895e-09
0.390625,0.875,2.9403268775526894e-08,-4.1407564976780716e-09
0.390625,0.89772727272727271,2.7808291134139926e-08,-6.44885723345479e-09
0.390625,0.92045454545454541,2.6213313492752952e-08,-8.7569579692315101e-09
0.390625,0.94318181818181823,1.6577257451701198e-09,9.8326370505982439e-09
0.390625,0.96590909090909094,2.9940725899833629e-09,8.8863906341400796e-09
0.390625,0.98863636363636365,4.3304194347966067e-09,7.9401442176819153e-09
0.40482954545454547,0.011363636363636364,0,0
0.40482954545454547,0.034090909090909088,0,0
0.40482954545454547,0.056818181818181816,0,0
0.40482954545454547,0.079545454545454544,7.3381800174360065e-09,7.2826258360054395e-10
0.40482954545454547,0.10227272727272728,7.07605683017267e-09,9.8555683848320599e-10
0.40482954545454547,0.125,9.1143368467986626e-09,-2.4711180342934443e-09
0.40482954545454547,0.14772727272727273,9.6813123050645682e-09,-2.3029519404450399e-09
0.40482954545454547,0.17045454545454544,1.0248287763330471e-08,-2.1347858465966346e-09
0.40482954545454547,0.19318181818181818,8.1425658251297233e-09,-1.2414371402127401e-10
0.40482954545454547,0.21590909090909091,7.955859702317972e-09,-1.1029041962641633e-10
0.40482954545454547,0.23863636363636365,7.7691535795062224e-09,-9.6437125231559331e-11
0.40482954545454547,0.26136363636363635,2.0059002873868505e-08,1.6524053870856545e-09
0.40482954545454547,0.28409090909090912,2.0122640249470819e-08,2.003752647400512e-09
0.40482954545454547,0.30681818181818182,2.0186277625073133e-08,2.3550999077153682e-09
0.40482954545454547,0.32954545454545453,1.3980096982136497e-08,-7.0072758162458406e-10
0.40482954545454547,0.35227272727272729,1.5558462654087879e-08,-1.1725342055156734e-09
0.40482954545454547,0.375,2.263016539129241e-08,1.9953626972225406e-09
0.40482954545454547,0.39772727272727271,2.2617654578956899e-08,1.2369765854177599e-09
0.40482954545454547,0.42045454545454547,2.2605143766621392e-08,4.7859047361297739e-10
0.40482954545454547,0.44318181818181818,2.3244078398022586e-08,1.0385110746153659e-09
0.40482954545454547,0.46590909090909088,2.3631608746722012e-08,1.3966731394123362e-09
0.40482954545454547,0.48863636363636365,2.4019139095421434e-08,1.7548352042093069e-09
0.40482954545454547,0.51136363636363635,1.4468456249770899e-08,-1.5204970340353416e-09
0.40482954545454547,0.53409090909090906,1.2978773366402197e-08,-1.3255361151746413e-09
0.40482954545454547,0.55681818181818177,1.1489090483033499e-08,-1.1305751963139398e-09
0.40482954545454547,0.57954545454545459,2.83862102720487e-08,3.1742648016752343e-09
0.40482954545454547,0.60227272727272729,2.834434045702124e-08,2.6337789317717878e-09
0.40482954545454547,0.625,9.1805142921406645e-09,1.802594298351215e-10
0.40482954545454547,0.64772727272727271,1.0882193247501151e-08,8.0829302540508445e-10
0.40482954545454547,0.67045454545454541,1.2583872202861639e-08,1.4363266209750482e-09
0.40482954545454547,0.69318181818181823,2.2534940882927368e-08,-4.0619380717747731e-09
0.40482954545454547,0.71590909090909094,2.2249046238900049e-08,-4.0583094555902636e-09
0.40482954545454547,0.73863636363636365,2.1963151594872726e-08,-4.0546808394057534e-09
0.40482954545454547,0.76136363636363635,2.5024748706437393e-08,4.8680213632467966e-09
0.40482954545454547,0.78409090909090906,2.3546645780591029e-08,6.5896369028772847e-09
0.40482954545454547,0.80681818181818177,2.206854285474467e-08,8.3112524425077729e-09
0.40482954545454547,0.82954545454545459,1.5727036721703634e-08,-4.7982295468594009e-09
0.40482954545454547,0.85227272727272729,1.1888642102809368e-08,-2.9431458055124532e-09
0.40482954545454547,0.875,2.069383181048766e-08,3.8845238951800981e-09
0.40482954545454547,0.89772727272727271,2.0470573470503011e-08,1.9818082263828773e-09
0.40482954545454547,0.92045454545454541,2.0247315130518361e-08,7.9092557585658121e-11
0.40482954545454547,0.94318181818181823,1.8965211460451134e-09,-1.3195895352831531e-09
0.40482954545454547,0.96590909090909094,1.782550528651583e-09,-2.2439417714811283e-09
0.40482954545454547,0.98863636363636365,1.6685799112580522e-09,-3.1682940076790998e-09
0.41903409090909088,0.011363636363636364,0,0
0.41903409090909088,0.034090909090909088,0,0
0.41903409090909088,0.056818181818181816,0,0
0.41903409090909088,0.079545454545454544,1.0832551454310285e-08,1.0750542900769923e-09
0.41903409090909088,0.10227272727272728,1.0445607701683454e-08,1.4548696187133023e-09
0.41903409090909088,0.125,5.9368104938711844e-09,-4.1819189863900016e-09
0.41903409090909088,0.14772727272727273,7.0353030692157891e-09,-4.1903846214309526e-09
0.41903409090909088,0.17045454545454544,8.1337956445603913e-09,-4.1988502564719028e-09
0.41903409090909088,0.19318181818181818,1.0946934102833305e-08,2.8955411577613526e-09
0.41903409090909088,0.21590909090909091,9.8191941941364797e-09,3.0293659650095303e-09
0.41903409090909088,0.23863636363636365,8.6914542854396549e-09,3.1631907722577084e-09
0.41903409090909088,0.26136363636363635,2.2941936667967251e-08,-8.4339130219172021e-10
0.41903409090909088,0.28409090909090912,2.415544128449801e-08,-4.6273000075430881e-10
0.41903409090909088,0.30681818181818182,2.5368945901028763e-08,-8.2068699316898023e-11
0.41903409090909088,0.32954545454545453,7.6054604937586266e-09,8.623710030913885e-10
0.41903409090909088,0.35227272727272729,8.6457469477165048e-09,-3.3519515460566218e-11
0.41903409090909088,0.375,3.3852698693839887e-08,1.0503931009330532e-09
0.41903409090909088,0.39772727272727271,3.3671952508693984e-08,6.2001340332174678e-10
0.41903409090909088,0.42045454545454547,3.3491206323548082e-08,1.8963370571043946e-10
0.41903409090909088,0.44318181818181818,1.1292625756746801e-08,1.6183069263527921e-09
0.41903409090909088,0.46590909090909088,1.2054909685683764e-08,2.148913478748218e-09
0.41903409090909088,0.48863636363636365,1.2817193614620727e-08,2.6795200311436452e-09
0.41903409090909088,0.51136363636363635,2.3230529121614321e-08,-3.4639421122330237e-09
0.41903409090909088,0.53409090909090906,2.0436490777953019e-08,-3.535563796902188e-09
0.41903409090909088,0.55681818181818177,1.7642452434291721e-08,-3.6071854815713524e-09
0.41903409090909088,0.57954545454545459,2.5951644332785996e-08,7.588183983998913e-09
0.41903409090909088,0.60227272727272729,2.8027789102051019e-08,6.9894567804547733e-09
0.41903409090909088,0.625,4.4262183288217026e-09,-6.3206216149945604e-09
0.41903409090909088,0.64772727272727271,4.6384283444275398e-09,-5.0723620514022162e-09
0.41903409090909088,0.67045454545454541,4.8506383600333778e-09,-3.8241024878098737e-09
0.41903409090909088,0.69318181818181823,3.4306527648612636e-08,7.9339077155523128e-10
0.41903409090909088,0.71590909090909094,3.4705492510322405e-08,-1.7961142456355687e-10
0.41903409090909088,0.73863636363636365,3.5104457372032181e-08,-1.1526136206823436e-09
0.41903409090909088,0.76136363636363635,1.3164195233885928e-08,4.0696207243852746e-09
0.41903409090909088,0.78409090909090906,1.0368289858032736e-08,7.6789685457984084e-09
0.41903409090909088,0.80681818181818177,7.5723844821795435e-09,1.1288316367211543e-08
0.41903409090909088,0.82954545454545459,2.4826476313298945e-08,-9.2486006838390786e-09
0.41903409090909088,0.85227272727272729,2.1307440714389343e-08,-9.3974769645795666e-09
0.41903409090909088,0.875,1.1984394845448456e-08,1.1909804288038238e-08
0.41903409090909088,0.89772727272727271,1.3132855806866126e-08,1.0412473686220516e-08
0.41903409090909088,0.92045454545454541,1.4281316768283797e-08,8.9151430844027949e-09
0.41903409090909088,0.94318181818181823,2.1353165469201061e-09,-1.2471816121164508e-08
0.41903409090909088,0.96590909090909094,5.7102846731980686e-10,-1.3374274177102292e-08
0.41903409090909088,0.98863636363636365,-9.9325961228049276e-10,-1.4276732233040079e-08
0.43323863636363635,0.011363636363636364,0,0
0.43323863636363635,0.034090909090909088,0,0
0.43323863636363635,0.056818181818181816,0,0
0.43323863636363635,0.079545454545454544,1.4326922891184574e-08,1.4218459965534419e-09
0.43323863636363635,0.10227272727272728,1.3815158573194252e-08,1.9241823989434006e-09
0.43323863636363635,0.125,2.7592841409436938e-09,-5.892719938486566e-09
0.43323863636363635,0.14772727272727273,4.389293833367e-09,-6.0778173024168724e-09
0.43323863636363635,0.17045454545454544,6.0193035257903061e-09,-6.2629146663471797e-09
0.43323863636363635,0.19318181818181818,1.3751302380536902e-08,5.9152260295439926e-09
0.43323863636363635,0.21590909090909091,1.1682528685954996e-08,6.1690223496454904e-09
0.43323863636363635,0.23863636363636365,9.6137549913730908e-09,6.4228186697469874e-09
0.43323863636363635,0.26136363636363635,2.5824870462066008e-08,-3.3391879914691045e-09
0.43323863636363635,0.28409090909090912,2.8188242319525218e-08,-2.9292126489091391e-09
0.43323863636363635,0.30681818181818182,3.0551614176984421e-08,-2.5192373063491746e-09
0.43323863636363635,0.32954545454545453,1.2308240053807318e-09,2.4254695878073671e-09
0.43323863636363635,0.35227272727272729,1.7330312413451044e-09,1.1054951745945451e-09
0.43323863636363635,0.375,4.5075231996387417e-08,1.0542350464356199e-10
0.43323863636363635,0.39772727272727271,4.4726250438431116e-08,3.0502212257312917e-12
0.43323863636363635,0.42045454545454547,4.4377268880474814e-08,-9.9323062192099639e-11
0.43323863636363635,0.44318181818181818,-6.5882688452903207e-10,2.1981027780902204e-09
0.43323863636363635,0.46590909090909088,4.782106246454725e-10,2.9011538180841022e-09
0.43323863636363635,0.48863636363636365,1.6152481338199783e-09,3.6042048580779865e-09
0.43323863636363635,0.51136363636363635,3.1992601993457775e-08,-5.4073871904307142e-09
0.43323863636363635,0.53409090909090906,2.7894208189503867e-08,-5.7455914786297437e-09
0.43323863636363635,0.55681818181818177,2.3795814385549966e-08,-6.083795766828774e-09
0.43323863636363635,0.57954545454545459,2.3517078393523288e-08,1.2002103166322609e-08
0.43323863636363635,0.60227272727272729,2.7711237747080805e-08,1.1345134629137774e-08
0.43323863636363635,0.625,-3.2807763449727755e-10,-1.2821502659824267e-08
0.43323863636363635,0.64772727272727271,-1.6053365586460955e-09,-1.0953017128209538e-08
0.43323863636363635,0.67045454545454541,-2.8825954827949135e-09,-9.0845315965948129e-09
0.43323863636363635,0.69318181818181823,4.607811441429795e-08,5.648719614885253e-09
0.43323863636363635,0.71590909090909094,4.7161938781744808e-08,3.6990866064631646e-09
0.43323863636363635,0.73863636363636365,4.824576314919168e-08,1.7494535980410766e-09
0.43323863636363635,0.76136363636363635,1.3036417613344184e-09,3.2712200855237493e-09
0.43323863636363635,0.78409090909090906,-2.8100660645256067e-09,8.7683001887195354e-09
0.43323863636363635,0.80681818181818177,-6.9237738903856338e-09,1.4265380291915323e-08
0.43323863636363635,0.82954545454545459,3.3925915904894289e-08,-1.3698971820818773e-08
0.43323863636363635,0.85227272727272729,3.0726239325969354e-08,-1.5851808123646707e-08
0.43323863636363635,0.875,3.2749578804092208e-09,1.9935084680896404e-08
0.43323863636363635,0.89772727272727271,5.7951381432292158e-09,1.8843139146058186e-08
0.43323863636363635,0.92045454545454541,8.3153184060492124e-09,1.7751193611219964e-08
0.43323863636363635,0.94318181818181823,2.3741119477950996e-09,-2.3624042707045904e-08
0.43323863636363635,0.96590909090909094,-6.4049359401197382e-10,-2.4504606582723496e-08
0.43323863636363635,0.98863636363636365,-3.6550991358190481e-09,-2.5385170458401099e-08
0.44744318181818182,0.011363636363636364,-1.146871428527682e-11,-9.3461493765996307e-11
0.44744318181818182,0.034090909090909088,-3.4406142855830462e-11,-2.8038448129798893e-10
0.44744318181818182,0.056818181818181816,-5.7343571426384101e-11,-4.6730746882998157e-10
0.44744318181818182,0.079545454545454544,2.0705753573162995e-09,-2.6715240844892524e-10
0.44744318181818182,0.10227272727272728,1.8029275480005495e-09,-1.1757338834323226e-09
0.44744318181818182,0.125,1.307571535037538e-08,1.0664922129488784e-09
0.44744318181818182,0.14772727272727273,1.2652257237390831e-08,1.5086449428159773e-09
0.44744318181818182,0.17045454545454544,1.222879912440628e-08,1.9507976726830758e-09
0.44744318181818182,0.19318181818181818,7.4246424616471419e-09,-4.7133641305657836e-09
0.44744318181818182,0.21590909090909091,8.9499995885833332e-09,-4.6189422787631499e-09
0.44744318181818182,0.23863636363636365,1.0475356715519524e-08,-4.5245204269605162e-09
0.44744318181818182,0.26136363636363635,1.1832162682843412e-08,5.8209751614778506e-09
0.44744318181818182,0.28409090909090912,1.0408492351908546e-08,5.7734997679408042e-09
0.44744318181818182,0.30681818181818182,8.9848220209736841e-09,5.7260243744037568e-09
0.44744318181818182,0.32954545454545453,2.8771895105351361e-08,-2.3470225645727544e-09
0.44744318181818182,0.35227272727272729,3.0377166952286354e-08,-1.9493940600581536e-09
0.44744318181818182,0.375,7.531920219123253e-09,-3.0066370080202674e-11
0.44744318181818182,0.39772727272727271,7.2392031479198738e-09,-2.8358461561855674e-11
0.44744318181818182,0.42045454545454547,6.9464860767164937e-09,-2.6650553043508669e-11
0.44744318181818182,0.44318181818181818,3.9377487962485836e-08,5.3981627680833599e-10
0.44744318181818182,0.46590909090909088,3.8354238065525592e-08,6.2449603371849693e-10
0.44744318181818182,0.48863636363636365,3.7330988168565348e-08,7.0917579062865798e-10
0.44744318181818182,0.51136363636363635,3.9700154008531749e-09,2.6761109957552417e-09
0.44744318181818182,0.53409090909090906,5.9930713194951356e-09,3.0708862992715686e-09
0.44744318181818182,0.55681818181818177,8.0161272381370956e-09,3.4656616027878963e-09
0.44744318181818182,0.57954545454545459,2.3313683925102946e-08,-4.0746984480028666e-09
0.44744318181818182,0.60227272727272729,2.0024699663983419e-08,-4.2768056330855057e-09
0.44744318181818182,0.625,2.6250601186084006e-08,8.6207153035279288e-09
0.44744318181818182,0.64772727272727271,3.009787987986452e-08,8.2226495374793627e-09
0.44744318181818182,0.67045454545454541,3.3945158573645038e-08,7.8245837714307933e-09
0.44744318181818182,0.69318181818181823,3.4235499438450713e-09,-6.8298566677990007e-09
0.44744318181818182,0.71590909090909094,5.3458515959461047e-09,-4.4208070633391328e-09
0.44744318181818182,0.73863636363636365,7.2681532480471368e-09,-2.0117574588792658e-09
0.44744318181818182,0.76136363636363635,4.2387835638958926e-08,3.1589901671867867e-09
0.44744318181818182,0.78409090909090906,4.2253767512123344e-08,1.6508494331480071e-09
0.44744318181818182,0.80681818181818177,4.2119699385287762e-08,1.4270869910922762e-10
0.44744318181818182,0.82954545454545459,-5.2824735033343089e-09,1.2445638496350775e-08
0.44744318181818182,0.85227272727272729,-4.8815405740794587e-09,1.4701762372217248e-08
0.44744318181818182,0.875,2.6991963816185849e-08,-1.4144069251884768e-08
0.44744318181818182,0.89772727272727271,2.3833468268150904e-08,-1.6452619272297438e-08
0.44744318181818182,0.92045454545454541,2.0674972720115955e-08,-1.8761169292710105e-08
0.44744318181818182,0.94318181818181823,6.7988238186476573e-09,1.1685721381355448e-08
0.44744318181818182,0.96590909090909094,8.5805504569982597e-09,1.0804537052596461e-08
0.44744318181818182,0.98863636363636365,1.0362277095348862e-08,9.923352723837473e-09
0.46164772727272729,0.011363636363636364,-2.7852591835672286e-11,-2.2697791343170539e-10
0.46164772727272729,0.034090909090909088,-8.3557775507016849e-11,-6.8093374029511608e-10
0.46164772727272729,0.056818181818181816,-1.3926295917836142e-10,-1.1348895671585268e-09
0.46164772727272729,0.079545454545454544,5.1830167132433133e-09,6.1007039347215206e-10
0.46164772727272729,0.10227272727272728,4.7389836369671789e-09,8.2007515738528981e-11
0.46164772727272729,0.125,1.1359861069414321e-08,-1.130045993593415e-09
0.46164772727272729,0.14772727272727273,1.164613893369352e-08,-7.6958555654583986e-10
0.46164772727272729,0.17045454545454544,1.1932416797972719e-08,-4.0912511949826449e-10
0.46164772727272729,0.19318181818181818,7.6345663189397784e-09,-1.4099895461613557e-09
0.46164772727272729,0.21590909090909091,8.1924836230829301e-09,-1.3805239724047625e-09
0.46164772727272729,0.23863636363636365,8.7504009272260801e-09,-1.3510583986481706e-09
0.46164772727272729,0.26136363636363635,1.7752654830790597e-08,3.4614500528909788e-09
0.46164772727272729,0.28409090909090912,1.7229698623374578e-08,3.554604635683466e-09
0.46164772727272729,0.30681818181818182,1.6706742415958557e-08,3.6477592184759533e-09
0.46164772727272729,0.32954545454545453,2.0995707239040176e-08,-1.7126921417152523e-09
0.46164772727272729,0.35227272727272729,2.2167121830046785e-08,-1.4225308005829763e-09
0.46164772727272729,0.375,1.8291806246442192e-08,-7.3018327337635087e-11
0.46164772727272729,0.39772727272727271,1.7580921930662557e-08,-6.8870549507363808e-11
0.46164772727272729,0.42045454545454547,1.6870037614882918e-08,-6.4722771677092504e-11
0.46164772727272729,0.44318181818181818,2.865459283579504e-08,1.5771320375196533e-09
0.46164772727272729,0.46590909090909088,2.8798037194799475e-08,1.7674465543408059e-09
0.46164772727272729,0.48863636363636365,2.8941481553803917e-08,1.9577610711619589e-09
0.46164772727272729,0.51136363636363635,8.8898149645617457e-09,7.5174298854993627e-11
0.46164772727272729,0.53409090909090906,9.0979238382506632e-09,3.5458808085060496e-10
0.46164772727272729,0.55681818181818177,9.3060327119395791e-09,6.3400186284621568e-10
0.46164772727272729,0.57954545454545459,2.6618644175744617e-08,4.0547146711960323e-11
0.46164772727272729,0.60227272727272729,2.5334322609717606e-08,-4.0448126547398647e-10
0.46164772727272729,0.625,1.7400265638439717e-08,3.8254556707597775e-09
0.46164772727272729,0.64772727272727271,2.0846131450874131e-08,4.4314612751630798e-09
0.46164772727272729,0.67045454545454541,2.4291997263308542e-08,5.0374668795663813e-09
0.46164772727272729,0.69318181818181823,1.6750232123623511e-08,-4.7403722481427621e-09
0.46164772727272729,0.71590909090909094,1.8044320374726114e-08,-3.6283922153450085e-09
0.46164772727272729,0.73863636363636365,1.9338408625828717e-08,-2.5164121825472549e-09
0.46164772727272729,0.76136363636363635,2.7753669371576008e-08,7.2379636456584979e-09
0.46164772727272729,0.78409090909090906,2.8002486680108394e-08,6.9897758782642459e-09
0.46164772727272729,0.80681818181818177,2.8251303988640776e-08,6.7415881108699948e-09
0.46164772727272729,0.82954545454545459,3.5110322838328483e-09,3.0256744223253e-09
0.46164772727272729,0.85227272727272729,2.6524294205576666e-09,3.9995677743639339e-09
0.46164772727272729,0.875,2.205475493000301e-08,-5.0039799248329727e-09
0.46164772727272729,0.89772727272727271,2.0468907889212792e-08,-7.0559884568401121e-09
0.46164772727272729,0.92045454545454541,1.8883060848422575e-08,-9.1079969888472548e-09
0.46164772727272729,0.94318181818181823,3.0980479602843012e-09,7.5900245489353632e-10
0.46164772727272729,0.96590909090909094,3.6246641837492588e-09,5.609069612105937e-10
0.46164772727272729,0.98863636363636365,4.1512804072142171e-09,3.6281146752765108e-10
0.47585227272727271,0.011363636363636364,-4.4236469386067692e-11,-3.6049433309741396e-10
0.47585227272727271,0.034090909090909088,-1.3270940815820304e-10,-1.0814829992922417e-09
0.47585227272727271,0.056818181818181816,-2.2118234693033844e-10,-1.8024716654870697e-09
0.47585227272727271,0.079545454545454544,8.2954580691703164e-09,1.487293195393226e-09
0.47585227272727271,0.10227272727272728,7.6750397259337967e-09,1.3397489149093756e-09
0.47585227272727271,0.125,9.6440067884532691e-09,-3.3265842001357002e-09
0.47585227272727271,0.14772727272727273,1.0640020629996214e-08,-3.0478160559076473e-09
0.47585227272727271,0.17045454545454544,1.1636034471539159e-08,-2.7690479116795953e-09
0.47585227272727271,0.19318181818181818,7.844490176232414e-09,1.893385038243061e-09
0.47585227272727271,0.21590909090909091,7.4349676575825286e-09,1.8578943339536116e-09
0.47585227272727271,0.23863636363636365,7.0254451389326432e-09,1.8224036296641621e-09
0.47585227272727271,0.26136363636363635,2.3673146978737763e-08,1.1019249443041176e-09
0.47585227272727271,0.28409090909090912,2.4050904894840583e-08,1.335709503426138e-09
0.47585227272727271,0.30681818181818182,2.4428662810943403e-08,1.5694940625481578e-09
0.47585227272727271,0.32954545454545453,1.3219519372729017e-08,-1.0783617188577531e-09
0.47585227272727271,0.35227272727272729,1.3957076707807257e-08,-8.9566754110780109e-10
0.47585227272727271,0.375,2.905169227376109e-08,-1.1597028459506735e-10
0.47585227272727271,0.39772727272727271,2.7922640713405197e-08,-1.0938263745287177e-10
0.47585227272727271,0.42045454545454547,2.6793589153049304e-08,-1.0279499031067619e-10
0.47585227272727271,0.44318181818181818,1.793169770910427e-08,2.6144477982309666e-09
0.47585227272727271,0.46590909090909088,1.9241836324073391e-08,2.9103970749631099e-09
0.47585227272727271,0.48863636363636365,2.0551974939042519e-08,3.2063463516952544e-09
0.47585227272727271,0.51136363636363635,1.3809614528270297e-08,-2.5257623980452425e-09
0.47585227272727271,0.53409090909090906,1.2202776357006178e-08,-2.3617101375703483e-09
0.47585227272727271,0.55681818181818177,1.0595938185742058e-08,-2.1976578770954546e-09
0.47585227272727271,0.57954545454545459,2.9923604426386271e-08,4.1557927414267695e-09
0.47585227272727271,0.60227272727272729,3.0643945555451773e-08,3.4678431021375162e-09
0.47585227272727271,0.625,8.5499300907954647e-09,-9.6980396200835478e-10
0.47585227272727271,0.64772727272727271,1.1594383021883777e-08,6.4027301284681267e-10
0.47585227272727271,0.67045454545454541,1.4638835952972087e-08,2.2503499877019805e-09
0.47585227272727271,0.69318181818181823,3.0076914303401899e-08,-2.6508878284865322e-09
0.47585227272727271,0.71590909090909094,3.0742789153506075e-08,-2.8359773673508875e-09
0.47585227272727271,0.73863636363636365,3.1408664003610252e-08,-3.0210669062152424e-09
0.47585227272727271,0.76136363636363635,1.3119503104193159e-08,1.1316937124130193e-08
0.47585227272727271,0.78409090909090906,1.3751205848093495e-08,1.2328702323380464e-08
0.47585227272727271,0.80681818181818177,1.4382908591993839e-08,1.3340467522630736e-08
0.47585227272727271,0.82954545454545459,1.2304538070999968e-08,-6.3942896517001313e-09
0.47585227272727271,0.85227272727272729,1.018639941519476e-08,-6.702626823489336e-09
0.47585227272727271,0.875,1.7117546043820186e-08,4.1361094022187895e-09
0.47585227272727271,0.89772727272727271,1.7104347510274697e-08,2.340642358617172e-09
0.47585227272727271,0.92045454545454541,1.7091148976729208e-08,5.4517531501555708e-10
0.47585227272727271,0.94318181818181823,-6.0272789807904115e-10,-1.0167716471568334e-08
0.47585227272727271,0.96590909090909094,-1.3312220894997227e-09,-9.6827231301752319e-09
0.47585227272727271,0.98863636363636365,-2.0597162809204038e-09,-9.1977297887821295e-09
0.49005681818181818,0.011363636363636364,-6.0620346936463152e-11,-4.9401075276312308e-10
0.49005681818181818,0.034090909090909088,-1.8186104080938944e-10,-1.482032258289369e-09
0.49005681818181818,0.056818181818181816,-3.0310173468231575e-10,-2.470053763815615e-09
0.49005681818181818,0.079545454545454544,1.1407899425097331e-08,2.3645159973143029e-09
0.49005681818181818,0.10227272727272728,1.0611095814900427e-08,2.597490314080227e-09
0.49005681818181818,0.125,7.9281525074922088e-09,-5.5231224066779939e-09
0.49005681818181818,0.14772727272727273,9.6339023262989047e-09,-5.3260465552694647e-09
0.49005681818181818,0.17045454545454544,1.1339652145105596e-08,-5.1289707038609355e-09
0.49005681818181818,0.19318181818181818,8.0544140335250513e-09,5.1967596226474893e-09
0.49005681818181818,0.21590909090909091,6.6774516920821255e-09,5.0963126403119988e-09
0.49005681818181818,0.23863636363636365,5.3004893506391996e-09,4.9958656579765083e-09
0.49005681818181818,0.26136363636363635,2.9593639126684955e-08,-1.2576001642827534e-09
0.49005681818181818,0.28409090909090912,3.0872111166306613e-08,-8.8318562883119896e-10
0.49005681818181818,0.30681818181818182,3.2150583205928272e-08,-5.0877109337964583e-10
0.49005681818181818,0.32954545454545453,5.443331506417829e-09,-4.4403129600025104e-10
0.49005681818181818,0.35227272727272729,5.7470315855676921e-09,-3.688042816326239e-10
0.49005681818181818,0.375,3.9811578301080029e-08,-1.5892224185249976e-10
0.49005681818181818,0.39772727272727271,3.8264359496147884e-08,-1.4989472539837992e-10
0.49005681818181818,0.42045454545454547,3.6717140691215726e-08,-1.4086720894426003e-10
0.49005681818181818,0.44318181818181818,7.2088025824134654e-09,3.6517635589422841e-09
0.49005681818181818,0.46590909090909088,9.6856354533472743e-09,4.0533475955854197e-09
0.49005681818181818,0.48863636363636365,1.2162468324281092e-08,4.4549316322285553e-09
0.49005681818181818,0.51136363636363635,1.8729414091978869e-08,-5.1266990949454899e-09
0.49005681818181818,0.53409090909090906,1.5307628875761705e-08,-5.0780083559913116e-09
0.49005681818181818,0.55681818181818177,1.1885843659544541e-08,-5.0293176170371341e-09
0.49005681818181818,0.57954545454545459,3.3228564677027935e-08,8.2710383361415962e-09
0.49005681818181818,0.60227272727272729,3.5953568501185967e-08,7.3401674697490351e-09
0.49005681818181818,0.625,-3.0040545684882179e-10,-5.7650635947765061e-09
0.49005681818181818,0.64772727272727271,2.3426345928933841e-09,-3.1509152494694685e-09
0.49005681818181818,0.67045454545454541,4.9856746426355891e-09,-5.3676690416243058e-10
0.49005681818181818,0.69318181818181823,4.3403596483180336e-08,-5.6140340883029448e-10
0.49005681818181818,0.71590909090909094,4.3441257932286083e-08,-2.0435625193567637e-09
0.49005681818181818,0.73863636363636365,4.3478919381391837e-08,-3.525721629883232e-09
0.49005681818181818,0.76136363636363635,-1.5146631631897541e-09,1.5395910602601906e-08
0.49005681818181818,0.78409090909090906,-5.0007498392145459e-10,1.7667628768496701e-08
0.49005681818181818,0.80681818181818177,5.145131953468455e-10,1.99393469343915e-08
0.49005681818181818,0.82954545454545459,2.1098043858167124e-08,-1.5814253725725607e-08
0.49005681818181818,0.85227272727272729,1.7720369409831886e-08,-1.7404821421342655e-08
0.49005681818181818,0.875,1.2180337157637347e-08,1.3276198729270585e-08
0.49005681818181818,0.89772727272727271,1.373978713133659e-08,1.1737273174074498e-08
0.49005681818181818,0.92045454545454541,1.5299237105035831e-08,1.0198347618878409e-08
0.49005681818181818,0.94318181818181823,-4.3035037564423968e-09,-2.1094435398030238e-08
0.49005681818181818,0.96590909090909094,-6.2871083627487236e-09,-1.9926353221561094e-08
0.49005681818181818,0.98863636363636365,-8.2707129690550488e-09,-1.8758271045091953e-08
0.50426136363636365,0.011363636363636364,-6.864041363763288e-12,-2.3976116041051656e-10
0.50426136363636365,0.034090909090909088,3.3474671825015232e-11,-2.7867929633470914e-10
0.50426136363636365,0.056818181818181816,7.3813385013793777e-11,-3.1759743225890178e-10
0.50426136363636365,0.079545454545454544,7.8471479476522239e-10,-3.1179947263046365e-09
0.50426136363636365,0.10227272727272728,1.2557859746091135e-09,-3.6224952187321952e-09
0.50426136363636365,0.125,1.1816837677062166e-08,3.2508890248017916e-09
0.50426136363636365,0.14772727272727273,1.087245267567487e-08,3.6511825904222389e-09
0.50426136363636365,0.17045454545454544,9.9280676742875751e-09,4.0514761560426857e-09
0.50426136363636365,0.19318181818181818,1.2619741260297061e-08,-5.6587533658991273e-09
0.50426136363636365,0.21590909090909091,1.4612684066030885e-08,-5.3589546023959293e-09
0.50426136363636365,0.23863636363636365,1.6605626871764711e-08,-5.0591558388927305e-09
0.50426136363636365,0.26136363636363635,4.9008870640612804e-09,6.1606881615596509e-09
0.50426136363636365,0.28409090909090912,3.8025314563955551e-09,5.4192673031636255e-09
0.50426136363636365,0.30681818181818182,2.7041758487298323e-09,4.6778464447676033e-09
0.50426136363636365,0.32954545454545453,3.59851856970668e-08,-1.3912792048182832e-09
0.50426136363636365,0.35227272727272729,3.6712100292504521e-08,-9.5361948593506703e-10
0.50426136363636365,0.375,2.8829778314202736e-09,-1.08726949948922e-11
0.50426136363636365,0.39772727272727271,1.7312527911860091e-09,-4.6782281223970819e-10
0.50426136363636365,0.42045454545454547,5.795277509517423e-10,-9.2477292948452526e-10
0.50426136363636365,0.44318181818181818,3.9300558456503682e-08,2.451822620227195e-10
0.50426136363636365,0.46590909090909088,3.6735484223331036e-08,3.0209289056071409e-10
0.50426136363636365,0.48863636363636365,3.4170409990158383e-08,3.5900351909870867e-10
0.50426136363636365,0.51136363636363635,1.007783532763236e-08,4.7767220826604955e-09
0.50426136363636365,0.53409090909090906,1.3858658517353274e-08,4.913055294390043e-09
0.50426136363636365,0.55681818181818177,1.7639481707074194e-08,5.0493885061195905e-09
0.50426136363636365,0.57954545454545459,1.1266745218951354e-08,-5.68093212988773e-09
0.50426136363636365,0.60227272727272729,7.8757373155088882e-09,-5.3479428705761377e-09
0.50426136363636365,0.625,4.0812305982518861e-08,8.3396597925045671e-09
0.50426136363636365,0.64772727272727271,4.350492707560017e-08,7.0557884191878787e-09
0.50426136363636365,0.67045454545454541,4.6197548168681486e-08,5.7719170458711912e-09
0.50426136363636365,0.69318181818181823,3.4907810932869497e-09,-3.8765866124625012e-10
0.50426136363636365,0.71590909090909094,3.3465270536958892e-09,-5.5446589483239177e-10
0.50426136363636365,0.73863636363636365,3.2022730141048291e-09,-7.2127312841853326e-10
0.50426136363636365,0.76136363636363635,4.6740238416010508e-08,-4.1202993386512285e-09
0.50426136363636365,0.78409090909090906,4.5030211310629803e-08,-6.361150924415235e-09
0.50426136363636365,0.80681818181818177,4.3320184205249099e-08,-8.6020025101792439e-09
0.50426136363636365,0.82954545454545459,-4.5631958091129789e-09,2.2062503235776879e-08
0.50426136363636365,0.85227272727272729,-1.3269484537070419e-09,2.2476965821137809e-08
0.50426136363636365,0.875,1.8551071255593662e-08,-2.4430813176086403e-08
0.50426136363636365,0.89772727272727271,1.4094861637676352e-08,-2.6130096078010259e-08
0.50426136363636365,0.92045454545454541,9.6386520197590414e-09,-2.7829378979934113e-08
0.50426136363636365,0.94318181818181823,1.4578405638352598e-08,1.29547010255354e-08
0.50426136363636365,0.96590909090909094,1.6937783500742399e-08,1.2092067947810249e-08
0.50426136363636365,0.98863636363636365,1.9297161363132202e-08,1.12294348700851e-08
0.51846590909090906,0.011363636363636364,-2.9744179242974128e-11,-1.0389650284455675e-09
0.51846590909090906,0.034090909090909088,1.450569112417321e-10,-1.2076102841170683e-09
0.51846590909090906,0.056818181818181816,3.1985800172643839e-10,-1.3762555397885689e-09
0.51846590909090906,0.079545454545454544,3.2429774161259749e-09,-1.3139876437325224e-09
0.51846590909090906,0.10227272727272728,3.3121709951092248e-09,-1.5974920212914204e-09
0.51846590909090906,0.125,1.2052757333576417e-08,8.2969701300581827e-10
0.51846590909090906,0.14772727272727273,1.1882512273180604e-08,1.2256905355812451e-09
0.51846590909090906,0.17045454545454544,1.1712267212784791e-08,1.6216840581566717e-09
0.51846590909090906,0.19318181818181818,1.0213860601487132e-08,-2.5868233313037025e-09
0.51846590909090906,0.21590909090909091,1.1417983570741065e-08,-2.563239986576053e-09
0.51846590909090906,0.23863636363636365,1.2622106539994998e-08,-2.5396566418484035e-09
0.51846590909090906,0.26136363636363635,1.3086090850205861e-08,4.2696864915151292e-09
0.51846590909090906,0.28409090909090912,1.24639449631002e-08,3.8324776167208862e-09
0.51846590909090906,0.30681818181818182,1.1841799075994539e-08,3.3952687419266465e-09
0.51846590909090906,0.32954545454545453,2.7023309190916874e-08,-1.1423544974456076e-09
0.51846590909090906,0.35227272727272729,2.7326258282378575e-08,-9.3198996352262643e-10
0.51846590909090906,0.375,1.2492903936154469e-08,-4.7115011644532674e-11
0.51846590909090906,0.39772727272727271,1.0873241998019275e-08,-3.7973038819290822e-10
0.51846590909090906,0.42045454545454547,9.2535800598840777e-09,-7.1234576474128466e-10
0.51846590909090906,0.44318181818181818,3.1915392376770827e-08,1.5499918466176805e-09
0.51846590909090906,0.46590909090909088,3.1034291771782933e-08,1.6205301715803529e-09
0.51846590909090906,0.48863636363636365,3.0153191166795038e-08,1.6910684965430255e-09
0.51846590909090906,0.51136363636363635,9.9833466190899641e-09,1.9554703420892687e-09
0.51846590909090906,0.53409090909090906,1.1902854966597654e-08,2.1703003133200649e-09
0.51846590909090906,0.55681818181818177,1.3822363314105343e-08,2.3851302845508607e-09
0.51846590909090906,0.57954545454545459,1.9729930259555187e-08,-2.3644806553122063e-09
0.51846590909090906,0.60227272727272729,1.787078822248225e-08,-2.4487602839108418e-09
0.51846590909090906,0.625,3.0858085011172823e-08,6.3055964284790682e-09
0.51846590909090906,0.64772727272727271,3.2893969252283082e-08,5.3348644145079134e-09
0.51846590909090906,0.67045454545454541,3.4929853493393342e-08,4.3641324005367578e-09
0.51846590909090906,0.69318181818181823,1.5126718070910055e-08,-1.6798541987337439e-09
0.51846590909090906,0.71590909090909094,1.4501617232682129e-08,-2.4026855442736875e-09
0.51846590909090906,0.73863636363636365,1.3876516394454204e-08,-3.1255168898136314e-09
0.51846590909090906,0.76136363636363635,3.3643729059241408e-08,3.1363258261585268e-09
0.51846590909090906,0.78409090909090906,3.3286031315932401e-08,1.5809892631702826e-09
0.51846590909090906,0.80681818181818177,3.2928333572623395e-08,2.5652700182036647e-11
0.51846590909090906,0.82954545454545459,2.1554858372579434e-10,9.6898345584565177e-09
0.51846590909090906,0.85227272727272729,1.4575428601073426e-09,9.5866390696317885e-09
0.51846590909090906,0.875,1.793864576433384e-08,-1.4585234755919446e-08
0.51846590909090906,0.89772727272727271,1.5095704982005741e-08,-1.6255675601588527e-08
0.51846590909090906,0.92045454545454541,1.2252764199677646e-08,-1.7926116447257595e-08
0.51846590909090906,0.94318181818181823,7.9075081214345947e-09,4.3343686813920628e-09
0.51846590909090906,0.96590909090909094,1.093750349846213e-08,5.8663935821805898e-09
0.51846590909090906,0.98863636363636365,1.3967498875489663e-08,7.3984184829691144e-09
0.53267045454545459,0.011363636363636364,-5.2624317122185174e-11,-1.838168896480625e-09
0.53267045454545459,0.034090909090909088,2.5663915065844987e-10,-2.1365412718994348e-09
0.53267045454545459,0.056818181818181816,5.6590261843908492e-10,-2.4349136473182442e-09
0.53267045454545459,0.079545454545454544,5.7012400374867464e-09,4.9001943883960603e-10
0.53267045454545459,0.10227272727272728,5.3685560156093522e-09,4.2751117614937105e-10
0.53267045454545459,0.125,1.2288676990090669e-08,-1.5914949987901745e-09
0.53267045454545459,0.14772727272727273,1.2892571870686346e-08,-1.1998015192597677e-09
0.53267045454545459,0.17045454545454544,1.3496466751282022e-08,-8.0810803972936136e-10
0.53267045454545459,0.19318181818181818,7.807979942677184e-09,4.8510670329174692e-10
0.53267045454545459,0.21590909090909091,8.2232830754512178e-09,2.3247462924384388e-10
0.53267045454545459,0.23863636363636365,8.6385862082252517e-09,-2.0157444804059269e-11
0.53267045454545459,0.26136363636363635,2.1271294636350509e-08,2.378684821470593e-09
0.53267045454545459,0.28409090909090912,2.1125358469804912e-08,2.2456879302781362e-09
0.53267045454545459,0.30681818181818182,2.0979422303259316e-08,2.112691039085679e-09
0.53267045454545459,0.32954545454545453,1.8061432684766883e-08,-8.9342979007293032e-10
0.53267045454545459,0.35227272727272729,1.7940416272252553e-08,-9.1036044111018582e-10
0.53267045454545459,0.375,2.2102830040888737e-08,-8.3357328294173439e-11
0.53267045454545459,0.39772727272727271,2.0015231204852611e-08,-2.9163796414610758e-10
0.53267045454545459,0.42045454545454547,1.7927632368816481e-08,-4.9991859999804231e-10
0.53267045454545459,0.44318181818181818,2.4530226297037899e-08,2.8548014312126514e-09
0.53267045454545459,0.46590909090909088,2.5333099320234783e-08,2.9389674526000018e-09
0.53267045454545459,0.48863636363636365,2.613597234343167e-08,3.0231334739873526e-09
0.53267045454545459,0.51136363636363635,9.8888579105475647e-09,-8.6578139848197842e-10
0.53267045454545459,0.53409090909090906,9.9470514158420154e-09,-5.7245466774993467e-10
0.53267045454545459,0.55681818181818177,1.0005244921136466e-08,-2.7912793701789144e-10
0.53267045454545459,0.57954545454545459,2.8193115300159085e-08,9.5197081926334387e-10
0.53267045454545459,0.60227272727272729,2.7865839129455693e-08,4.5042230275447596e-10
0.53267045454545459,0.625,2.0903864039826711e-08,4.2715330644535537e-09
0.53267045454545459,0.64772727272727271,2.2283011428965915e-08,3.613940409827934e-09
0.53267045454545459,0.67045454545454541,2.3662158818105122e-08,2.9563477552023135e-09
0.53267045454545459,0.69318181818181823,2.6762655048533246e-08,-2.9720497362212474e-09
0.53267045454545459,0.71590909090909094,2.5656707411668457e-08,-4.250905193714998e-09
0.53267045454545459,0.73863636363636365,2.4550759774803664e-08,-5.5297606512087486e-09
0.53267045454545459,0.76136363636363635,2.0547219702472205e-08,1.0392950990968338e-08
0.53267045454545459,0.78409090909090906,2.15418513212349e-08,9.5231294507558621e-09
0.53267045454545459,0.80681818181818177,2.2536482939997605e-08,8.653307910543385e-09
0.53267045454545459,0.82954545454545459,4.9942929765646025e-09,-2.6828341188639358e-09
0.53267045454545459,0.85227272727272729,4.2420341739217475e-09,-3.3036876818743319e-09
0.53267045454545459,0.875,1.7326220273074015e-08,-4.7396563357524097e-09
0.53267045454545459,0.89772727272727271,1.6096548326335143e-08,-6.3812551251667059e-09
0.53267045454545459,0.92045454545454541,1.4866876379596269e-08,-8.022853914581002e-09
0.53267045454545459,0.94318181818181823,1.2366106045165382e-09,-4.2859636627513385e-09
0.53267045454545459,0.96590909090909094,4.9372234961818103e-09,-3.5928078344911877e-10
0.53267045454545459,0.98863636363636365,8.6378363878470841e-09,3.5674020958531022e-09
0.546875,0.011363636363636364,-7.5504455001395988e-11,-2.6373727645156756e-09
0.546875,0.034090909090909088,3.6822139007516671e-10,-3.0654722596817939e-09
0.546875,0.056818181818181816,8.1194723515172949e-10,-3.4935717548479109e-09
0.546875,0.079545454545454544,8.1595026588474984e-09,2.2940265214117206e-09
0.546875,0.10227272727272728,7.4249410361094642e-09,2.4525143735901459e-09
0.546875,0.125,1.2524596646604918e-08,-4.0126870105861479e-09
0.546875,0.14772727272727273,1.3902631468192079e-08,-3.6252935741007611e-09
0.546875,0.17045454545454544,1.5280666289779238e-08,-3.2379001376153752e-09
0.546875,0.19318181818181818,5.402099283867257e-09,3.5570367378871718e-09
0.546875,0.21590909090909091,5.0285825801613973e-09,3.0281892450637193e-09
0.546875,0.23863636363636365,4.6550658764555393e-09,2.499341752240266e-09
0.546875,0.26136363636363635,2.9456498422495093e-08,4.8768315142607167e-10
0.546875,0.28409090909090912,2.9786771976509554e-08,6.5889824383539722e-10
0.546875,0.30681818181818182,3.0117045530524021e-08,8.3011333624472227e-10
0.546875,0.32954545454545453,9.0995561786169572e-09,-6.445050827002551e-10
0.546875,0.35227272727272729,8.5545742621266004e-09,-8.8873091869774532e-10
0.546875,0.375,3.1712756145622932e-08,-1.1959964494381391e-10
0.546875,0.39772727272727271,2.9157220411685877e-08,-2.0354554009930763e-10
0.546875,0.42045454545454547,2.6601684677748814e-08,-2.8749143525480155e-10
0.546875,0.44318181818181818,1.7145060217305034e-08,4.1596110158076124e-09
0.546875,0.46590909090909088,1.9631906868686679e-08,4.2574047336196406e-09
0.546875,0.48863636363636365,2.2118753520068328e-08,4.3551984514316697e-09
0.546875,0.51136363636363635,9.794369202005167e-09,-3.6870331390532034e-09
0.546875,0.53409090909090906,7.9912478650863936e-09,-3.3152096488199136e-09
0.546875,0.55681818181818177,6.1881265281676186e-09,-2.9433861585866229e-09
0.546875,0.57954545454545459,3.665630034076292e-08,4.268422293838868e-09
0.546875,0.60227272727272729,3.7860890036429056e-08,3.3496048894197718e-09
0.546875,0.625,1.0949643068480672e-08,2.2374697004280548e-09
0.546875,0.64772727272727271,1.1672053605648829e-08,1.8930164051479679e-09
0.546875,0.67045454545454541,1.2394464142816985e-08,1.5485631098678809e-09
0.546875,0.69318181818181823,3.8398592026156352e-08,-4.2642452737087415e-09
0.546875,0.71590909090909094,3.6811797590654693e-08,-6.0991248431562945e-09
0.546875,0.73863636363636365,3.522500315515304e-08,-7.9340044126038468e-09
0.546875,0.76136363636363635,7.4507103457031072e-09,1.7649576155778094e-08
0.546875,0.78409090909090906,9.7976713265374981e-09,1.7465269638341381e-08
0.546875,0.80681818181818177,1.2144632307371889e-08,1.7280963120904665e-08
0.546875,0.82954545454545459,9.7730373694033762e-09,-1.5055502796184295e-08
0.546875,0.85227272727272729,7.0265254877361325e-09,-1.6194014433380355e-08
0.546875,0.875,1.6713794781814193e-08,5.105922084414547e-09
0.546875,0.89772727272727271,1.7097391670664534e-08,3.4931653512550311e-09
0.546875,0.92045454545454541,1.7480988559514872e-08,1.8804086180955153e-09
0.546875,0.94318181818181823,-5.4342869124014678e-09,-1.2906296006894678e-08
0.546875,0.96590909090909094,-1.0630565060984602e-09,-6.5849551490787785e-09
0.546875,0.98863636363636365,3.3081739002045483e-09,-2.6361429126288101e-10
0.56107954545454541,0.011363636363636364,-9.8384592880606827e-11,-3.436576632550727e-09
0.56107954545454541,0.034090909090909088,4.7980362949188361e-10,-3.9944032474641525e-09
0.56107954545454541,0.056818181818181816,1.0579918518643741e-09,-4.552229862377578e-09
0.56107954545454541,0.079545454545454544,1.0617765280208252e-08,4.0980336039838347e-09
0.56107954545454541,0.10227272727272728,9.4813260566095763e-09,4.4775175710309212e-09
0.56107954545454541,0.125,1.2760516303119168e-08,-6.4338790223821212e-09
0.56107954545454541,0.14772727272727273,1.4912691065697811e-08,-6.0507856289417545e-09
0.56107954545454541,0.17045454545454544,1.7064865828276452e-08,-5.6676922355013885e-09
0.56107954545454541,0.19318181818181818,2.9962186250573288e-09,6.6289667724825973e-09
0.56107954545454541,0.21590909090909091,1.8338820848715769e-09,5.8239038608835939e-09
0.56107954545454541,0.23863636363636365,6.7154554468582536e-10,5.0188409492845912e-09
0.56107954545454541,0.26136363636363635,3.7641702208639678e-08,-1.4033185186184497e-09
0.56107954545454541,0.28409090909090912,3.8448185483214202e-08,-9.2789144260734173e-10
0.56107954545454541,0.30681818181818182,3.9254668757788725e-08,-4.5246436659623505e-10
0.56107954545454541,0.32954545454545453,1.3767967246703202e-10,-3.9558037532757961e-10
0.56107954545454541,0.35227272727272729,-8.3126774799935085e-10,-8.6710139628530482e-10
0.56107954545454541,0.375,4.1322682250357128e-08,-1.5584196159345439e-10
0.56107954545454541,0.39772727272727271,3.8299209618519136e-08,-1.1545311605250771e-10
0.56107954545454541,0.42045454545454547,3.5275736986681151e-08,-7.5064270511560925e-11
0.56107954545454541,0.44318181818181818,9.7598941375721684e-09,5.4644206004025733e-09
0.56107954545454541,0.46590909090909088,1.3930714417138571e-08,5.5758420146392794e-09
0.56107954545454541,0.48863636363636365,1.8101534696704987e-08,5.6872634288759863e-09
0.56107954545454541,0.51136363636363635,9.6998804934627709e-09,-6.508284879624429e-09
0.56107954545454541,0.53409090909090906,6.0354443143307719e-09,-6.0579646298898925e-09
0.56107954545454541,0.55681818181818177,2.3710081351987716e-09,-5.6076443801553544e-09
0.56107954545454541,0.57954545454545459,4.5119485381366752e-08,7.5848737684143921e-09
0.56107954545454541,0.60227272727272729,4.7855940943402423e-08,6.2487874760850673e-09
0.56107954545454541,0.625,9.9542209713463489e-10,2.0340633640255621e-10
0.56107954545454541,0.64772727272727271,1.0610957823317419e-09,1.7209240046800195e-10
0.56107954545454541,0.67045454545454541,1.1267694675288489e-09,1.4077846453344771e-10
0.56107954545454541,0.69318181818181823,5.0034529003779457e-08,-5.5564408111962355e-09
0.56107954545454541,0.71590909090909094,4.7966887769640939e-08,-7.9473444925975911e-09
0.56107954545454541,0.73863636363636365,4.5899246535502414e-08,-1.0338248173998945e-08
0.56107954545454541,0.76136363636363635,-5.645799011065991e-09,2.4906201320587848e-08
0.56107954545454541,0.78409090909090906,-1.9465086681599072e-09,2.5407409825926903e-08
0.56107954545454541,0.80681818181818177,1.7527816747461752e-09,2.5908618331265948e-08
0.56107954545454541,0.82954545454545459,1.4551781762242147e-08,-2.7428171473504653e-08
0.56107954545454541,0.85227272727272729,9.811016801550515e-09,-2.9084341184886375e-08
0.56107954545454541,0.875,1.6101369290554372e-08,1.4951500504581507e-08
0.56107954545454541,0.89772727272727271,1.8098235014993922e-08,1.336758582767677e-08
0.56107954545454541,0.92045454545454541,2.0095100739433476e-08,1.1783671150772036e-08
0.56107954545454541,0.94318181818181823,-1.2105184429319472e-08,-2.1526628351038014e-08
0.56107954545454541,0.96590909090909094,-7.0633365083787306e-09,-1.2810629514708438e-08
0.56107954545454541,0.98863636363636365,-2.0214885874379883e-09,-4.0946306783788638e-09
0.57528409090909094,0.011363636363636364,3.5327326561243959e-10,-9.990968159652788e-10
0.57528409090909094,0.034090909090909088,5.5643141697138823e-10,-1.0333286504561371e-09
0.57528409090909094,0.056818181818181816,7.5958956833033698e-10,-1.0675604849469953e-09
0.57528409090909094,0.079545454545454544,3.1180625885940221e-09,-2.8463708517358483e-09
0.57528409090909094,0.10227272727272728,3.6493972317371307e-09,-2.9356704890181994e-09
0.57528409090909094,0.125,1.0638661619791608e-08,2.8918860521561451e-09
0.57528409090909094,0.14772727272727273,1.002568137726208e-08,3.1717854757480294e-09
0.57528409090909094,0.17045454545454544,9.4127011347325483e-09,3.4516848993399133e-09
0.57528409090909094,0.19318181818181818,1.5364050784548912e-08,-3.4642590088659057e-09
0.57528409090909094,0.21590909090909091,1.6918893424241315e-08,-3.3996087861407626e-09
0.57528409090909094,0.23863636363636365,1.8473736063933718e-08,-3.3349585634156186e-09
0.57528409090909094,0.26136363636363635,8.0007886111968413e-09,3.1201943728695938e-09
0.57528409090909094,0.28409090909090912,8.0351811510779945e-09,1.8234303066002034e-09
0.57528409090909094,0.30681818181818182,8.0695736909591494e-09,5.2666624033081621e-10
0.57528409090909094,0.32954545454545453,3.1556515615448326e-08,-3.3768626532320217e-10
0.57528409090909094,0.35227272727272729,3.1561029263404707e-08,6.4544267019901014e-11
0.57528409090909094,0.375,4.7095937520800532e-09,-1.0840785852587936e-09
0.57528409090909094,0.39772727272727271,4.9332398104149291e-09,-1.1201455850795652e-09
0.57528409090909094,0.42045454545454547,5.1568858687498058e-09,-1.1562125849003369e-09
0.57528409090909094,0.44318181818181818,3.0439642402146473e-08,1.2033661090933656e-09
0.57528409090909094,0.46590909090909088,2.8267277338694488e-08,1.2536860304200133e-09
0.57528409090909094,0.48863636363636365,2.6094912275242504e-08,1.3040059517466612e-09
0.57528409090909094,0.51136363636363635,1.7608941805976774e-08,3.5054580408573251e-09
0.57528409090909094,0.53409090909090906,2.0796386933148074e-08,3.5229913425001363e-09
0.57528409090909094,0.55681818181818177,2.3983832060319378e-08,3.5405246441429482e-09
0.57528409090909094,0.57954545454545459,1.0534069006358917e-08,-3.2169625104829778e-09
0.57528409090909094,0.60227272727272729,9.3783217134078843e-09,-2.8051720017782873e-09
0.57528409090909094,0.625,4.1160865599932579e-08,4.1052554403884985e-09
0.57528409090909094,0.64772727272727271,4.147353056471862e-08,3.7638291037678324e-09
0.57528409090909094,0.67045454545454541,4.1786195529504655e-08,3.4224027671471672e-09
0.57528409090909094,0.69318181818181823,8.4961085931027748e-09,-1.662202588024102e-09
0.57528409090909094,0.71590909090909094,4.9187910338023168e-09,1.3451080024187089e-09
0.57528409090909094,0.73863636363636365,1.3414734745018596e-09,4.3524185928615208e-09
0.57528409090909094,0.76136363636363635,3.5846004936546175e-08,-4.8957724770110352e-09
0.57528409090909094,0.78409090909090906,3.3817181902360073e-08,-6.9217273770589264e-09
0.57528409090909094,0.80681818181818177,3.1788358868173951e-08,-8.9476822771068201e-09
0.57528409090909094,0.82954545454545459,4.30021111694655e-09,1.4374124312900448e-08
0.57528409090909094,0.85227272727272729,6.85590348277808e-09,1.3744106715322801e-08
0.57528409090909094,0.875,8.5909330902873701e-09,-2.3148904711456417e-08
0.57528409090909094,0.89772727272727271,5.1536261784637549e-09,-2.3467840841182531e-08
0.57528409090909094,0.92045454545454541,1.7163192666401404e-09,-2.3786776970908648e-08
0.57528409090909094,0.94318181818181823,1.7777371950122015e-08,8.8725874780264039e-09
0.57528409090909094,0.96590909090909094,1.8965907526078538e-08,7.4913138201039248e-09
0.57528409090909094,0.98863636363636365,2.0154443102035063e-08,6.1100401621814473e-09
0.58948863636363635,0.011363636363636364,7.4579911629292583e-10,-2.1092043892600274e-09
0.58948863636363635,0.034090909090909088,1.1746885469395942e-09,-2.1814715954073944e-09
0.58948863636363635,0.056818181818181816,1.6035779775862626e-09,-2.2537388015547618e-09
0.58948863636363635,0.079545454545454544,4.3876675201311103e-09,-5.3532487442117186e-10
0.58948863636363635,0.10227272727272728,4.405798845804374e-09,-5.3789562502986931e-10
0.58948863636363635,0.125,1.3003466114032436e-08,4.5886892198636695e-10
0.58948863636363635,0.14772727272727273,1.311481556647159e-08,8.1171052059652215e-10
0.58948863636363635,0.17045454545454544,1.3226165018910744e-08,1.1645521192066782e-09
0.58948863636363635,0.19318181818181818,1.0884084131714682e-08,-1.2135749693845474e-09
0.58948863636363635,0.21590909090909091,1.203078116010879e-08,-1.6717545393601716e-09
0.58948863636363635,0.23863636363636365,1.3177478188502901e-08,-2.1299341093357953e-09
0.58948863636363635,0.26136363636363635,1.7206386235119772e-08,2.1739418800725017e-09
0.58948863636363635,0.28409090909090912,1.7138622708037349e-08,1.3977222420899523e-09
0.58948863636363635,0.30681818181818182,1.707085918095493e-08,6.215026041074046e-10
0.58948863636363635,0.32954545454545453,2.2019764220052806e-08,-6.4577767819720641e-10
0.58948863636363635,0.35227272727272729,2.2388352692951137e-08,-3.801148129557174e-10
0.58948863636363635,0.375,1.3032693387586691e-08,-7.784003649932228e-10
0.58948863636363635,0.39772727272727271,1.2083973360456772e-08,-7.7036813960091036e-10
0.58948863636363635,0.42045454545454547,1.1135253333326855e-08,-7.6233591420859792e-10
0.58948863636363635,0.44318181818181818,2.7738652108803271e-08,2.5233670550004727e-09
0.58948863636363635,0.46590909090909088,2.7463253909062305e-08,2.4981754573289269e-09
0.58948863636363635,0.48863636363636365,2.7187855709321333e-08,2.4729838596573807e-09
0.58948863636363635,0.51136363636363635,1.2615620351140565e-08,9.8943717405826209e-10
0.58948863636363635,0.53409090909090906,1.4381316775683773e-08,1.2641968054897858e-09
0.58948863636363635,0.55681818181818177,1.6147013200226975e-08,1.5389564369213104e-09
0.58948863636363635,0.57954545454545459,2.258842581226516e-08,-1.15674460106009e-09
0.58948863636363635,0.60227272727272729,2.2135931896065248e-08,-1.3072151447983042e-09
0.58948863636363635,0.625,2.9400618285666157e-08,2.9323253145632158e-09
0.58948863636363635,0.64772727272727271,2.8609978182794563e-08,3.9405621315256694e-09
0.58948863636363635,0.67045454545454541,2.7819338079922966e-08,4.9487989484881237e-09
0.58948863636363635,0.69318181818181823,1.8922035577665723e-08,-4.7264262138620621e-09
0.58948863636363635,0.71590909090909094,1.5313146032493285e-08,-3.2469868572830784e-09
0.58948863636363635,0.73863636363636365,1.1704256487320849e-08,-1.7675475007040955e-09
0.58948863636363635,0.76136363636363635,2.6713901353141868e-08,4.0778636157290244e-09
0.58948863636363635,0.78409090909090906,2.6528407736362728e-08,2.4011129690508032e-09
0.58948863636363635,0.80681818181818177,2.6342914119583587e-08,7.243623223725804e-10
0.58948863636363635,0.82954545454545459,3.5345013843142503e-09,1.1109081669390919e-09
0.58948863636363635,0.85227272727272729,4.0155964602493954e-09,6.7391547566854794e-10
0.58948863636363635,0.875,1.2414996896897887e-08,-1.3224010636588817e-08
0.58948863636363635,0.89772727272727271,1.0386680248387849e-08,-1.394795310434085e-08
0.58948863636363635,0.92045454545454541,8.3583635998778118e-09,-1.4671895572092882e-08
0.58948863636363635,0.94318181818181823,1.2698122821515739e-08,6.337562484304581e-09
0.58948863636363635,0.96590909090909094,1.3547076804341825e-08,5.3509384429313807e-09
0.58948863636363635,0.98863636363636365,1.4396030787167914e-08,4.3643144015581803e-09
0.60369318181818177,0.011363636363636364,1.1383249669734122e-09,-3.2193119625547752e-09
0.60369318181818177,0.034090909090909088,1.7929456769078002e-09,-3.3296145403586519e-09
0.60369318181818177,0.056818181818181816,2.4475663868421883e-09,-3.4399171181625281e-09
0.60369318181818177,0.079545454545454544,5.6572724516681981e-09,1.7757211028935041e-09
0.60369318181818177,0.10227272727272728,5.1622004598716185e-09,1.8598792389584614e-09
0.60369318181818177,0.125,1.5368270608273268e-08,-1.9741482081834121e-09
0.60369318181818177,0.14772727272727273,1.6203949755681103e-08,-1.5483644345549837e-09
0.60369318181818177,0.17045454545454544,1.7039628903088939e-08,-1.1225806609265563e-09
0.60369318181818177,0.19318181818181818,6.4041174788804478e-09,1.0371090700968117e-09
0.60369318181818177,0.21590909090909091,7.1426688959762645e-09,5.6099707420419468e-11
0.60369318181818177,0.23863636363636365,7.8812203130720828e-09,-9.2490965525597195e-10
0.60369318181818177,0.26136363636363635,2.6411983859042706e-08,1.2276893872754099e-09
0.60369318181818177,0.28409090909090912,2.6242064264996704e-08,9.7201417757970101e-10
0.60369318181818177,0.30681818181818182,2.6072144670950706e-08,7.1633896788399289e-10
0.60369318181818177,0.32954545454545453,1.2483012824657287e-08,-9.538690910712107e-10
0.60369318181818177,0.35227272727272729,1.3215676122497566e-08,-8.2477389293133577e-10
0.60369318181818177,0.375,2.1355793023093327e-08,-4.7272214472765175e-10
0.60369318181818177,0.39772727272727271,1.9234706910498617e-08,-4.2059069412225558e-10
0.60369318181818177,0.42045454545454547,1.71136207979039e-08,-3.684592435168591e-10
0.60369318181818177,0.44318181818181818,2.5037661815460059e-08,3.84336800090758e-09
0.60369318181818177,0.46590909090909088,2.6659230479430116e-08,3.74266488423784e-09
0.60369318181818177,0.48863636363636365,2.8280799143400172e-08,3.6419617675681009e-09
0.60369318181818177,0.51136363636363635,7.6222988963043602e-09,-1.5265836927408013e-09
0.60369318181818177,0.53409090909090906,7.9662466182194661e-09,-9.9459773152056484e-10
0.60369318181818177,0.55681818181818177,8.3101943401345787e-09,-4.6261177030032813e-10
0.60369318181818177,0.57954545454545459,3.4642782618171399e-08,9.0347330836279754e-10
0.60369318181818177,0.60227272727272729,3.4893542078722621e-08,1.9074171218167907e-10
0.60369318181818177,0.625,1.7640370971399731e-08,1.7593951887379333e-09
0.60369318181818177,0.64772727272727271,1.5746425800870509e-08,4.1172951592835063e-09
0.60369318181818177,0.67045454545454541,1.3852480630341284e-08,6.4751951298290802e-09
0.60369318181818177,0.69318181818181823,2.9347962562228674e-08,-7.7906498397000232e-09
0.60369318181818177,0.71590909090909094,2.5707501031184253e-08,-7.8390817169848663e-09
0.60369318181818177,0.73863636363636365,2.2067039500139839e-08,-7.887513594269711e-09
0.60369318181818177,0.76136363636363635,1.7581797769737571e-08,1.3051499708469083e-08
0.60369318181818177,0.78409090909090906,1.9239633570365389e-08,1.1723953315160533e-08
0.60369318181818177,0.80681818181818177,2.0897469370993217e-08,1.0396406921851983e-08
0.60369318181818177,0.82954545454545459,2.7687916516819506e-09,-1.2152307979022264e-08
0.60369318181818177,0.85227272727272729,1.1752894377207067e-09,-1.2396275763985705e-08
0.60369318181818177,0.875,1.6239060703508402e-08,-3.2991165617212124e-09
0.60369318181818177,0.89772727272727271,1.5619734318311942e-08,-4.4280653674991648e-09
0.60369318181818177,0.92045454545454541,1.5000407933115482e-08,-5.5570141732771148e-09
0.60369318181818177,0.94318181818181823,7.6188736929094588e-09,3.8025374905827564e-09
0.60369318181818177,0.96590909090909094,8.1282460826051121e-09,3.2105630657588348e-09
0.60369318181818177,0.98863636363636365,8.6376184723007671e-09,2.6185886409349133e-09
0.61789772727272729,0.011363636363636364,1.5308508176539018e-09,-4.3294195358495329e-09
0.61789772727272729,0.034090909090909088,2.411202806876011e-09,-4.4777574853099184e-09
0.61789772727272729,0.056818181818181816,3.2915547960981206e-09,-4.626095434770304e-09
0.61789772727272729,0.079545454545454544,6.9268773832052975e-09,4.086767080208199e-09
0.61789772727272729,0.10227272727272728,5.9186020739388688e-09,4.25765410294681e-09
0.61789772727272729,0.125,1.7733075102514113e-08,-4.4071653383532093e-09
0.61789772727272729,0.14772727272727273,1.929308394489064e-08,-3.9084393897065078e-09
0.61789772727272729,0.17045454545454544,2.0853092787267164e-08,-3.4097134410598084e-09
0.61789772727272729,0.19318181818181818,1.9241508260461805e-09,3.2877931095781874e-09
0.61789772727272729,0.21590909090909091,2.2545566318437014e-09,1.7839539542010246e-09
0.61789772727272729,0.23863636363636365,2.5849624376412219e-09,2.8011479882386079e-10
0.61789772727272729,0.26136363636363635,3.561758148296571e-08,2.8143689447831036e-10
0.61789772727272729,0.28409090909090912,3.5345505821956135e-08,5.4630611306944649e-10
0.61789772727272729,0.30681818181818182,3.5073430160946554e-08,8.111753316605819e-10
0.61789772727272729,0.32954545454545453,2.9462614292616959e-09,-1.2619605039452173e-09
0.61789772727272729,0.35227272727272729,4.042999552043922e-09,-1.2694329729069575e-09
0.61789772727272729,0.375,2.9678892658600032e-08,-1.6704392446207836e-10
0.61789772727272729,0.39772727272727271,2.6385440460540518e-08,-7.0813248643597879e-11
0.61789772727272729,0.42045454545454547,2.3091988262480994e-08,2.5417427174882831e-11
0.61789772727272729,0.44318181818181818,2.2336671522116831e-08,5.1633689468146977e-09
0.61789772727272729,0.46590909090909088,2.5855207049797923e-08,4.9871543111467631e-09
0.61789772727272729,0.48863636363636365,2.9373742577479018e-08,4.8109396754788295e-09
0.61789772727272729,0.51136363636363635,2.6289774414681136e-09,-4.0426045595398838e-09
0.61789772727272729,0.53409090909090906,1.5511764607551145e-09,-3.2533922685309327e-09
0.61789772727272729,0.55681818181818177,4.7337548004211549e-10,-2.4641799775219815e-09
0.61789772727272729,0.57954545454545459,4.6697139424077725e-08,2.9636912177857014e-09
0.61789772727272729,0.60227272727272729,4.7651152261380077e-08,1.6886985691616738e-09
0.61789772727272729,0.625,5.8801236571332128e-09,5.8646506291264134e-10
0.61789772727272729,0.64772727272727271,2.8828734189463521e-09,4.294028187041344e-09
0.61789772727272729,0.67045454545454541,-1.1437681924050848e-10,8.0015913111700467e-09
0.61789772727272729,0.69318181818181823,3.97738895467917e-08,-1.0854873465538006e-08
0.61789772727272729,0.71590909090909094,3.6101856029875304e-08,-1.2431176576686689e-08
0.61789772727272729,0.73863636363636365,3.2429822512958907e-08,-1.4007479687835374e-08
0.61789772727272729,0.76136363636363635,8.4496941863331909e-09,2.2025135801209213e-08
0.61789772727272729,0.78409090909090906,1.1950859404367997e-08,2.1046793661270337e-08
0.61789772727272729,0.80681818181818177,1.5452024622402803e-08,2.0068451521331457e-08
0.61789772727272729,0.82954545454545459,2.0030819190496447e-09,-2.5415524124983719e-08
0.61789772727272729,0.85227272727272729,-1.6650175848080027e-09,-2.5466467003640062e-08
0.61789772727272729,0.875,2.0063124510118951e-08,6.6257775131464686e-09
0.61789772727272729,0.89772727272727271,2.0852788388236076e-08,5.091822369342596e-09
0.61789772727272729,0.92045454545454541,2.1642452266353204e-08,3.5578672255387231e-09
0.61789772727272729,0.94318181818181823,2.5396245643031396e-09,1.2675124968609123e-09
0.61789772727272729,0.96590909090909094,2.7094153608683568e-09,1.0701876885862727e-09
0.61789772727272729,0.98863636363636365,2.879206157433574e-09,8.728628803116334e-10
