x, y, u
0.6349431818181818, 0.011363636363636364, 0.0
0.6349431818181818, 0.03409090909090909, 0.0
0.6349431818181818, 0.056818181818181816, 0.0
0.6349431818181818, 0.07954545454545454, 4.9520487791348804e-05
0.6349431818181818, 0.10227272727272728, 4.9520487791348804e-05
0.6349431818181818, 0.125, 4.9520487791348804e-05
0.6349431818181818, 0.14772727272727273, 4.9520487791348804e-05
0.6349431818181818, 0.17045454545454544, 4.9520487791348804e-05
0.6349431818181818, 0.19318181818181818, 8.999212909256796e-05
0.6349431818181818, 0.2159090909090909, 8.999212909256796e-05
0.6349431818181818, 0.23863636363636365, 8.999212909256796e-05
0.6349431818181818, 0.26136363636363635, 8.999212909256796e-05
0.6349431818181818, 0.2840909090909091, 8.999212909256796e-05
0.6349431818181818, 0.3068181818181818, 8.999212909256796e-05
0.6349431818181818, 0.32954545454545453, 0.00011978908800855602
0.6349431818181818, 0.3522727272727273, 0.00011978908800855602
0.6349431818181818, 0.375, 0.00011978908800855602
0.6349431818181818, 0.3977272727272727, 0.00011978908800855602
0.6349431818181818, 0.42045454545454547, 0.00011978908800855602
0.6349431818181818, 0.4431818181818182, 0.00013669224523441199
0.6349431818181818, 0.4659090909090909, 0.00013669224523441199
0.6349431818181818, 0.48863636363636365, 0.00013669224523441199
0.6349431818181818, 0.5113636363636364, 0.00013669224523441199
0.6349431818181818, 0.5340909090909091, 0.00013669224523441199
0.6349431818181818, 0.5568181818181818, 0.00013669224523441199
0.6349431818181818, 0.5795454545454546, 0.0001377472190459736
0.6349431818181818, 0.6022727272727273, 0.0001377472190459736
0.6349431818181818, 0.625, 0.0001377472190459736
0.6349431818181818, 0.6477272727272727, 0.0001377472190459736
0.6349431818181818, 0.6704545454545454, 0.0001377472190459736
0.6349431818181818, 0.6931818181818182, 0.00011906204348205227
0.6349431818181818, 0.7159090909090909, 0.00011906204348205227
0.6349431818181818, 0.7386363636363636, 0.00011906204348205227
0.6349431818181818, 0.7613636363636364, 0.00011906204348205227
0.6349431818181818, 0.7840909090909091, 0.00011906204348205227
0.6349431818181818, 0.8068181818181818, 0.00011906204348205227
0.6349431818181818, 0.8295454545454546, 7.54784422067121e-05
0.6349431818181818, 0.8522727272727273, 7.54784422067121e-05
0.6349431818181818, 0.875, 7.54784422067121e-05
0.6349431818181818, 0.8977272727272727, 7.54784422067121e-05
0.6349431818181818, 0.9204545454545454, 7.54784422067121e-05
0.6349431818181818, 0.9431818181818182, 0.0
0.6349431818181818, 0.9659090909090909, 0.0
0.6349431818181818, 0.9886363636363636, 0.0
0.6548295454545454, 0.011363636363636364, 0.0
0.6548295454545454, 0.03409090909090909, 0.0
0.6548295454545454, 0.056818181818181816, 0.0
0.6548295454545454, 0.07954545454545454, 4.9520487791348804e-05
0.6548295454545454, 0.10227272727272728, 4.9520487791348804e-05
0.6548295454545454, 0.125, 4.9520487791348804e-05
0.6548295454545454, 0.14772727272727273, 4.9520487791348804e-05
0.6548295454545454, 0.17045454545454544, 4.9520487791348804e-05
0.6548295454545454, 0.19318181818181818, 8.999212909256796e-05
0.6548295454545454, 0.2159090909090909, 8.999212909256796e-05
0.6548295454545454, 0.23863636363636365, 8.999212909256796e-05
0.6548295454545454, 0.26136363636363635, 8.999212909256796e-05
0.6548295454545454, 0.2840909090909091, 8.999212909256796e-05
0.6548295454545454, 0.3068181818181818, 8.999212909256796e-05
0.6548295454545454, 0.32954545454545453, 0.00011978908800855602
0.6548295454545454, 0.3522727272727273, 0.00011978908800855602
0.6548295454545454, 0.375, 0.00011978908800855602
0.6548295454545454, 0.3977272727272727, 0.00011978908800855602
0.6548295454545454, 0.42045454545454547, 0.00011978908800855602
0.6548295454545454, 0.4431818181818182, 0.00013669224523441199
0.6548295454545454, 0.4659090909090909, 0.00013669224523441199
0.6548295454545454, 0.48863636363636365, 0.00013669224523441199
0.6548295454545454, 0.5113636363636364, 0.00013669224523441199
0.6548295454545454, 0.5340909090909091, 0.00013669224523441199
0.6548295454545454, 0.5568181818181818, 0.00013669224523441199
0.6548295454545454, 0.5795454545454546, 0.0001377472190459736
0.6548295454545454, 0.6022727272727273, 0.0001377472190459736
0.6548295454545454, 0.625, 0.0001377472190459736
0.6548295454545454, 0.6477272727272727, 0.0001377472190459736
0.6548295454545454, 0.6704545454545454, 0.0001377472190459736
0.6548295454545454, 0.6931818181818182, 0.00011906204348205227
0.6548295454545454, 0.7159090909090909, 0.00011906204348205227
0.6548295454545454, 0.7386363636363636, 0.00011906204348205227
0.6548295454545454, 0.7613636363636364, 0.00011906204348205227
0.6548295454545454, 0.7840909090909091, 0.00011906204348205227
0.6548295454545454, 0.8068181818181818, 0.00011906204348205227
0.6548295454545454, 0.8295454545454546, 7.54784422067121e-05
0.6548295454545454, 0.8522727272727273, 7.54784422067121e-05
0.6548295454545454, 0.875, 7.54784422067121e-05
0.6548295454545454, 0.8977272727272727, 7.54784422067121e-05
0.6548295454545454, 0.9204545454545454, 7.54784422067121e-05
0.6548295454545454, 0.9431818181818182, 0.0
0.6548295454545454, 0.9659090909090909, 0.0
0.6548295454545454, 0.9886363636363636, 0.0
0.6747159090909091, 0.011363636363636364, 0.0
0.6747159090909091, 0.03409090909090909, 0.0
0.6747159090909091, 0.056818181818181816, 0.0
0.6747159090909091, 0.07954545454545454, 4.9520487791348804e-05
0.6747159090909091, 0.10227272727272728, 4.9520487791348804e-05
0.6747159090909091, 0.125, 4.9520487791348804e-05
0.6747159090909091, 0.14772727272727273, 4.9520487791348804e-05
0.6747159090909091, 0.17045454545454544, 4.9520487791348804e-05
0.6747159090909091, 0.19318181818181818, 8.999212909256796e-05
0.6747159090909091, 0.2159090909090909, 8.999212909256796e-05
0.6747159090909091, 0.23863636363636365, 8.999212909256796e-05
0.6747159090909091, 0.26136363636363635, 8.999212909256796e-05
0.6747159090909091, 0.2840909090909091, 8.999212909256796e-05
0.6747159090909091, 0.3068181818181818, 8.999212909256796e-05
0.6747159090909091, 0.32954545454545453, 0.00011978908800855602
0.6747159090909091, 0.3522727272727273, 0.00011978908800855602
0.6747159090909091, 0.375, 0.00011978908800855602
0.6747159090909091, 0.3977272727272727, 0.00011978908800855602
0.6747159090909091, 0.42045454545454547, 0.00011978908800855602
0.6747159090909091, 0.4431818181818182, 0.00013669224523441199
0.6747159090909091, 0.4659090909090909, 0.00013669224523441199
0.6747159090909091, 0.48863636363636365, 0.00013669224523441199
0.6747159090909091, 0.5113636363636364, 0.00013669224523441199
0.6747159090909091, 0.5340909090909091, 0.00013669224523441199
0.6747159090909091, 0.5568181818181818, 0.00013669224523441199
0.6747159090909091, 0.5795454545454546, 0.0001377472190459736
0.6747159090909091, 0.6022727272727273, 0.0001377472190459736
0.6747159090909091, 0.625, 0.0001377472190459736
0.6747159090909091, 0.6477272727272727, 0.0001377472190459736
0.6747159090909091, 0.6704545454545454, 0.0001377472190459736
0.6747159090909091, 0.6931818181818182, 0.00011906204348205227
0.6747159090909091, 0.7159090909090909, 0.00011906204348205227
0.6747159090909091, 0.7386363636363636, 0.00011906204348205227
0.6747159090909091, 0.7613636363636364, 0.00011906204348205227
0.6747159090909091, 0.7840909090909091, 0.00011906204348205227
0.6747159090909091, 0.8068181818181818, 0.00011906204348205227
0.6747159090909091, 0.8295454545454546, 7.54784422067121e-05
0.6747159090909091, 0.8522727272727273, 7.54784422067121e-05
0.6747159090909091, 0.875, 7.54784422067121e-05
0.6747159090909091, 0.8977272727272727, 7.54784422067121e-05
0.6747159090909091, 0.9204545454545454, 7.54784422067121e-05
0.6747159090909091, 0.9431818181818182, 0.0
0.6747159090909091, 0.9659090909090909, 0.0
0.6747159090909091, 0.9886363636363636, 0.0
0.6946022727272727, 0.011363636363636364, 0.0
0.6946022727272727, 0.03409090909090909, 0.0
0.6946022727272727, 0.056818181818181816, 0.0
0.6946022727272727, 0.07954545454545454, 4.8014450745631966e-05
0.6946022727272727, 0.10227272727272728, 4.8014450745631966e-05
0.6946022727272727, 0.125, 4.8014450745631966e-05
0.6946022727272727, 0.14772727272727273, 4.8014450745631966e-05
0.6946022727272727, 0.17045454545454544, 4.8014450745631966e-05
0.6946022727272727, 0.19318181818181818, 8.717065162153697e-05
0.6946022727272727, 0.2159090909090909, 8.717065162153697e-05
0.6946022727272727, 0.23863636363636365, 8.717065162153697e-05
0.6946022727272727, 0.26136363636363635, 8.717065162153697e-05
0.6946022727272727, 0.2840909090909091, 8.717065162153697e-05
0.6946022727272727, 0.3068181818181818, 8.717065162153697e-05
0.6946022727272727, 0.32954545454545453, 0.00011594936784094145
0.6946022727272727, 0.3522727272727273, 0.00011594936784094145
0.6946022727272727, 0.375, 0.00011594936784094145
0.6946022727272727, 0.3977272727272727, 0.00011594936784094145
0.6946022727272727, 0.42045454545454547, 0.00011594936784094145
0.6946022727272727, 0.4431818181818182, 0.00013220266789011332
0.6946022727272727, 0.4659090909090909, 0.00013220266789011332
0.6946022727272727, 0.48863636363636365, 0.00013220266789011332
0.6946022727272727, 0.5113636363636364, 0.00013220266789011332
0.6946022727272727, 0.5340909090909091, 0.00013220266789011332
0.6946022727272727, 0.5568181818181818, 0.00013220266789011332
0.6946022727272727, 0.5795454545454546, 0.0001330775292402107
0.6946022727272727, 0.6022727272727273, 0.0001330775292402107
0.6946022727272727, 0.625, 0.0001330775292402107
0.6946022727272727, 0.6477272727272727, 0.0001330775292402107
0.6946022727272727, 0.6704545454545454, 0.0001330775292402107
0.6946022727272727, 0.6931818181818182, 0.00011484654728534381
0.6946022727272727, 0.7159090909090909, 0.00011484654728534381
0.6946022727272727, 0.7386363636363636, 0.00011484654728534381
0.6946022727272727, 0.7613636363636364, 0.00011484654728534381
0.6946022727272727, 0.7840909090909091, 0.00011484654728534381
0.6946022727272727, 0.8068181818181818, 0.00011484654728534381
0.6946022727272727, 0.8295454545454546, 7.26375582306493e-05
0.6946022727272727, 0.8522727272727273, 7.26375582306493e-05
0.6946022727272727, 0.875, 7.26375582306493e-05
0.6946022727272727, 0.8977272727272727, 7.26375582306493e-05
0.6946022727272727, 0.9204545454545454, 7.26375582306493e-05
0.6946022727272727, 0.9431818181818182, 0.0
0.6946022727272727, 0.9659090909090909, 0.0
0.6946022727272727, 0.9886363636363636, 0.0
0.7144886363636364, 0.011363636363636364, 0.0
0.7144886363636364, 0.03409090909090909, 0.0
0.7144886363636364, 0.056818181818181816, 0.0
0.7144886363636364, 0.07954545454545454, 4.8014450745631966e-05
0.7144886363636364, 0.10227272727272728, 4.8014450745631966e-05
0.7144886363636364, 0.125, 4.8014450745631966e-05
0.7144886363636364, 0.14772727272727273, 4.8014450745631966e-05
0.7144886363636364, 0.17045454545454544, 4.8014450745631966e-05
0.7144886363636364, 0.19318181818181818, 8.717065162153697e-05
0.7144886363636364, 0.2159090909090909, 8.717065162153697e-05
0.7144886363636364, 0.23863636363636365, 8.717065162153697e-05
0.7144886363636364, 0.26136363636363635, 8.717065162153697e-05
0.7144886363636364, 0.2840909090909091, 8.717065162153697e-05
0.7144886363636364, 0.3068181818181818, 8.717065162153697e-05
0.7144886363636364, 0.32954545454545453, 0.00011594936784094145
0.7144886363636364, 0.3522727272727273, 0.00011594936784094145
0.7144886363636364, 0.375, 0.00011594936784094145
0.7144886363636364, 0.3977272727272727, 0.00011594936784094145
0.7144886363636364, 0.42045454545454547, 0.00011594936784094145
0.7144886363636364, 0.4431818181818182, 0.00013220266789011332
0.7144886363636364, 0.4659090909090909, 0.00013220266789011332
0.7144886363636364, 0.48863636363636365, 0.00013220266789011332
0.7144886363636364, 0.5113636363636364, 0.00013220266789011332
0.7144886363636364, 0.5340909090909091, 0.00013220266789011332
0.7144886363636364, 0.5568181818181818, 0.00013220266789011332
0.7144886363636364, 0.5795454545454546, 0.0001330775292402107
0.7144886363636364, 0.6022727272727273, 0.0001330775292402107
0.7144886363636364, 0.625, 0.0001330775292402107
0.7144886363636364, 0.6477272727272727, 0.0001330775292402107
0.7144886363636364, 0.6704545454545454, 0.0001330775292402107
0.7144886363636364, 0.6931818181818182, 0.00011484654728534381
0.7144886363636364, 0.7159090909090909, 0.00011484654728534381
0.7144886363636364, 0.7386363636363636, 0.00011484654728534381
0.7144886363636364, 0.7613636363636364, 0.00011484654728534381
0.7144886363636364, 0.7840909090909091, 0.00011484654728534381
0.7144886363636364, 0.8068181818181818, 0.00011484654728534381
0.7144886363636364, 0.8295454545454546, 7.26375582306493e-05
0.7144886363636364, 0.8522727272727273, 7.26375582306493e-05
0.7144886363636364, 0.875, 7.26375582306493e-05
0.7144886363636364, 0.8977272727272727, 7.26375582306493e-05
0.7144886363636364, 0.9204545454545454, 7.26375582306493e-05
0.7144886363636364, 0.9431818181818182, 0.0
0.7144886363636364, 0.9659090909090909, 0.0
0.7144886363636364, 0.9886363636363636, 0.0
0.734375, 0.011363636363636364, 0.0
0.734375, 0.03409090909090909, 0.0
0.734375, 0.056818181818181816, 0.0
0.734375, 0.07954545454545454, 4.8014450745631966e-05
0.734375, 0.10227272727272728, 4.8014450745631966e-05
0.734375, 0.125, 4.8014450745631966e-05
0.734375, 0.14772727272727273, 4.8014450745631966e-05
0.734375, 0.17045454545454544, 4.8014450745631966e-05
0.734375, 0.19318181818181818, 8.717065162153697e-05
0.734375, 0.2159090909090909, 8.717065162153697e-05
0.734375, 0.23863636363636365, 8.717065162153697e-05
0.734375, 0.26136363636363635, 8.717065162153697e-05
0.734375, 0.2840909090909091, 8.717065162153697e-05
0.734375, 0.3068181818181818, 8.717065162153697e-05
0.734375, 0.32954545454545453, 0.00011594936784094145
0.734375, 0.3522727272727273, 0.00011594936784094145
0.734375, 0.375, 0.00011594936784094145
0.734375, 0.3977272727272727, 0.00011594936784094145
0.734375, 0.42045454545454547, 0.00011594936784094145
0.734375, 0.4431818181818182, 0.00013220266789011332
0.734375, 0.4659090909090909, 0.00013220266789011332
0.734375, 0.48863636363636365, 0.00013220266789011332
0.734375, 0.5113636363636364, 0.00013220266789011332
0.734375, 0.5340909090909091, 0.00013220266789011332
0.734375, 0.5568181818181818, 0.00013220266789011332
0.734375, 0.5795454545454546, 0.0001330775292402107
0.734375, 0.6022727272727273, 0.0001330775292402107
0.734375, 0.625, 0.0001330775292402107
0.734375, 0.6477272727272727, 0.0001330775292402107
0.734375, 0.6704545454545454, 0.0001330775292402107
0.734375, 0.6931818181818182, 0.00011484654728534381
0.734375, 0.7159090909090909, 0.00011484654728534381
0.734375, 0.7386363636363636, 0.00011484654728534381
0.734375, 0.7613636363636364, 0.00011484654728534381
0.734375, 0.7840909090909091, 0.00011484654728534381
0.734375, 0.8068181818181818, 0.00011484654728534381
0.734375, 0.8295454545454546, 7.26375582306493e-05
0.734375, 0.8522727272727273, 7.26375582306493e-05
0.734375, 0.875, 7.26375582306493e-05
0.734375, 0.8977272727272727, 7.26375582306493e-05
0.734375, 0.9204545454545454, 7.26375582306493e-05
0.734375, 0.9431818181818182, 0.0
0.734375, 0.9659090909090909, 0.0
0.734375, 0.9886363636363636, 0.0
0.7542613636363636, 0.011363636363636364, 0.0
0.7542613636363636, 0.03409090909090909, 0.0
0.7542613636363636, 0.056818181818181816, 0.0
0.7542613636363636, 0.07954545454545454, 4.8014450745631966e-05
0.7542613636363636, 0.10227272727272728, 4.8014450745631966e-05
0.7542613636363636, 0.125, 4.8014450745631966e-05
0.7542613636363636, 0.14772727272727273, 4.8014450745631966e-05
0.7542613636363636, 0.17045454545454544, 4.8014450745631966e-05
0.7542613636363636, 0.19318181818181818, 8.717065162153697e-05
0.7542613636363636, 0.2159090909090909, 8.717065162153697e-05
0.7542613636363636, 0.23863636363636365, 8.717065162153697e-05
0.7542613636363636, 0.26136363636363635, 8.717065162153697e-05
0.7542613636363636, 0.2840909090909091, 8.717065162153697e-05
0.7542613636363636, 0.3068181818181818, 8.717065162153697e-05
0.7542613636363636, 0.32954545454545453, 0.00011594936784094145
0.7542613636363636, 0.3522727272727273, 0.00011594936784094145
0.7542613636363636, 0.375, 0.00011594936784094145
0.7542613636363636, 0.3977272727272727, 0.00011594936784094145
0.7542613636363636, 0.42045454545454547, 0.00011594936784094145
0.7542613636363636, 0.4431818181818182, 0.00013220266789011332
0.7542613636363636, 0.4659090909090909, 0.00013220266789011332
0.7542613636363636, 0.48863636363636365, 0.00013220266789011332
0.7542613636363636, 0.5113636363636364, 0.00013220266789011332
0.7542613636363636, 0.5340909090909091, 0.00013220266789011332
0.7542613636363636, 0.5568181818181818, 0.00013220266789011332
0.7542613636363636, 0.5795454545454546, 0.0001330775292402107
0.7542613636363636, 0.6022727272727273, 0.0001330775292402107
0.7542613636363636, 0.625, 0.0001330775292402107
0.7542613636363636, 0.6477272727272727, 0.0001330775292402107
0.7542613636363636, 0.6704545454545454, 0.0001330775292402107
0.7542613636363636, 0.6931818181818182, 0.00011484654728534381
0.7542613636363636, 0.7159090909090909, 0.00011484654728534381
0.7542613636363636, 0.7386363636363636, 0.00011484654728534381
0.7542613636363636, 0.7613636363636364, 0.00011484654728534381
0.7542613636363636, 0.7840909090909091, 0.00011484654728534381
0.7542613636363636, 0.8068181818181818, 0.00011484654728534381
0.7542613636363636, 0.8295454545454546, 7.26375582306493e-05
0.7542613636363636, 0.8522727272727273, 7.26375582306493e-05
0.7542613636363636, 0.875, 7.26375582306493e-05
0.7542613636363636, 0.8977272727272727, 7.26375582306493e-05
0.7542613636363636, 0.9204545454545454, 7.26375582306493e-05
0.7542613636363636, 0.9431818181818182, 0.0
0.7542613636363636, 0.9659090909090909, 0.0
0.7542613636363636, 0.9886363636363636, 0.0
0.7741477272727273, 0.011363636363636364, 0.0
0.7741477272727273, 0.03409090909090909, 0.0
0.7741477272727273, 0.056818181818181816, 0.0
0.7741477272727273, 0.07954545454545454, 4.8014450745631966e-05
0.7741477272727273, 0.10227272727272728, 4.8014450745631966e-05
0.7741477272727273, 0.125, 4.8014450745631966e-05
0.7741477272727273, 0.14772727272727273, 4.8014450745631966e-05
0.7741477272727273, 0.17045454545454544, 4.8014450745631966e-05
0.7741477272727273, 0.19318181818181818, 8.717065162153697e-05
0.7741477272727273, 0.2159090909090909, 8.717065162153697e-05
0.7741477272727273, 0.23863636363636365, 8.717065162153697e-05
0.7741477272727273, 0.26136363636363635, 8.717065162153697e-05
0.7741477272727273, 0.2840909090909091, 8.717065162153697e-05
0.7741477272727273, 0.3068181818181818, 8.717065162153697e-05
0.7741477272727273, 0.32954545454545453, 0.00011594936784094145
0.7741477272727273, 0.3522727272727273, 0.00011594936784094145
0.7741477272727273, 0.375, 0.00011594936784094145
0.7741477272727273, 0.3977272727272727, 0.00011594936784094145
0.7741477272727273, 0.42045454545454547, 0.00011594936784094145
0.7741477272727273, 0.4431818181818182, 0.00013220266789011332
0.7741477272727273, 0.4659090909090909, 0.00013220266789011332
0.7741477272727273, 0.48863636363636365, 0.00013220266789011332
0.7741477272727273, 0.5113636363636364, 0.00013220266789011332
0.7741477272727273, 0.5340909090909091, 0.00013220266789011332
0.7741477272727273, 0.5568181818181818, 0.00013220266789011332
0.7741477272727273, 0.5795454545454546, 0.0001330775292402107
0.7741477272727273, 0.6022727272727273, 0.0001330775292402107
0.7741477272727273, 0.625, 0.0001330775292402107
0.7741477272727273, 0.6477272727272727, 0.0001330775292402107
0.7741477272727273, 0.6704545454545454, 0.0001330775292402107
0.7741477272727273, 0.6931818181818182, 0.00011484654728534381
0.7741477272727273, 0.7159090909090909, 0.00011484654728534381
0.7741477272727273, 0.7386363636363636, 0.00011484654728534381
0.7741477272727273, 0.7613636363636364, 0.00011484654728534381
0.7741477272727273, 0.7840909090909091, 0.00011484654728534381
0.7741477272727273, 0.8068181818181818, 0.00011484654728534381
0.7741477272727273, 0.8295454545454546, 7.26375582306493e-05
0.7741477272727273, 0.8522727272727273, 7.26375582306493e-05
0.7741477272727273, 0.875, 7.26375582306493e-05
0.7741477272727273, 0.8977272727272727, 7.26375582306493e-05
0.7741477272727273, 0.9204545454545454, 7.26375582306493e-05
0.7741477272727273, 0.9431818181818182, 0.0
0.7741477272727273, 0.9659090909090909, 0.0
0.7741477272727273, 0.9886363636363636, 0.0
0.7940340909090909, 0.011363636363636364, 0.0
0.7940340909090909, 0.03409090909090909, 0.0
0.7940340909090909, 0.056818181818181816, 0.0
0.7940340909090909, 0.07954545454545454, 4.8014450745631966e-05
0.7940340909090909, 0.10227272727272728, 4.8014450745631966e-05
0.7940340909090909, 0.125, 4.8014450745631966e-05
0.7940340909090909, 0.14772727272727273, 4.8014450745631966e-05
0.7940340909090909, 0.17045454545454544, 4.8014450745631966e-05
0.7940340909090909, 0.19318181818181818, 8.717065162153697e-05
0.7940340909090909, 0.2159090909090909, 8.717065162153697e-05
0.7940340909090909, 0.23863636363636365, 8.717065162153697e-05
0.7940340909090909, 0.26136363636363635, 8.717065162153697e-05
0.7940340909090909, 0.2840909090909091, 8.717065162153697e-05
0.7940340909090909, 0.3068181818181818, 8.717065162153697e-05
0.7940340909090909, 0.32954545454545453, 0.00011594936784094145
0.7940340909090909, 0.3522727272727273, 0.00011594936784094145
0.7940340909090909, 0.375, 0.00011594936784094145
0.7940340909090909, 0.3977272727272727, 0.00011594936784094145
0.7940340909090909, 0.42045454545454547, 0.00011594936784094145
0.7940340909090909, 0.4431818181818182, 0.00013220266789011332
0.7940340909090909, 0.4659090909090909, 0.00013220266789011332
0.7940340909090909, 0.48863636363636365, 0.00013220266789011332
0.7940340909090909, 0.5113636363636364, 0.00013220266789011332
0.7940340909090909, 0.5340909090909091, 0.00013220266789011332
0.7940340909090909, 0.5568181818181818, 0.00013220266789011332
0.7940340909090909, 0.5795454545454546, 0.0001330775292402107
0.7940340909090909, 0.6022727272727273, 0.0001330775292402107
0.7940340909090909, 0.625, 0.0001330775292402107
0.7940340909090909, 0.6477272727272727, 0.0001330775292402107
0.7940340909090909, 0.6704545454545454, 0.0001330775292402107
0.7940340909090909, 0.6931818181818182, 0.00011484654728534381
0.7940340909090909, 0.7159090909090909, 0.00011484654728534381
0.7940340909090909, 0.7386363636363636, 0.00011484654728534381
0.7940340909090909, 0.7613636363636364, 0.00011484654728534381
0.7940340909090909, 0.7840909090909091, 0.00011484654728534381
0.7940340909090909, 0.8068181818181818, 0.00011484654728534381
0.7940340909090909, 0.8295454545454546, 7.26375582306493e-05
0.7940340909090909, 0.8522727272727273, 7.26375582306493e-05
0.7940340909090909, 0.875, 7.26375582306493e-05
0.7940340909090909, 0.8977272727272727, 7.26375582306493e-05
0.7940340909090909, 0.9204545454545454, 7.26375582306493e-05
0.7940340909090909, 0.9431818181818182, 0.0
0.7940340909090909, 0.9659090909090909, 0.0
0.7940340909090909, 0.9886363636363636, 0.0
0.8139204545454546, 0.011363636363636364, 0.0
0.8139204545454546, 0.03409090909090909, 0.0
0.8139204545454546, 0.056818181818181816, 0.0
0.8139204545454546, 0.07954545454545454, 4.3389569104287446e-05
0.8139204545454546, 0.10227272727272728, 4.3389569104287446e-05
0.8139204545454546, 0.125, 4.3389569104287446e-05
0.8139204545454546, 0.14772727272727273, 4.3389569104287446e-05
0.8139204545454546, 0.17045454545454544, 4.3389569104287446e-05
0.8139204545454546, 0.19318181818181818, 7.88527737525948e-05
0.8139204545454546, 0.2159090909090909, 7.88527737525948e-05
0.8139204545454546, 0.23863636363636365, 7.88527737525948e-05
0.8139204545454546, 0.26136363636363635, 7.88527737525948e-05
0.8139204545454546, 0.2840909090909091, 7.88527737525948e-05
0.8139204545454546, 0.3068181818181818, 7.88527737525948e-05
0.8139204545454546, 0.32954545454545453, 0.00010486558841778273
0.8139204545454546, 0.3522727272727273, 0.00010486558841778273
0.8139204545454546, 0.375, 0.00010486558841778273
0.8139204545454546, 0.3977272727272727, 0.00010486558841778273
0.8139204545454546, 0.42045454545454547, 0.00010486558841778273
0.8139204545454546, 0.4431818181818182, 0.00011942806028409183
0.8139204545454546, 0.4659090909090909, 0.00011942806028409183
0.8139204545454546, 0.48863636363636365, 0.00011942806028409183
0.8139204545454546, 0.5113636363636364, 0.00011942806028409183
0.8139204545454546, 0.5340909090909091, 0.00011942806028409183
0.8139204545454546, 0.5568181818181818, 0.00011942806028409183
0.8139204545454546, 0.5795454545454546, 0.00011995821369859087
0.8139204545454546, 0.6022727272727273, 0.00011995821369859087
0.8139204545454546, 0.625, 0.00011995821369859087
0.8139204545454546, 0.6477272727272727, 0.00011995821369859087
0.8139204545454546, 0.6704545454545454, 0.00011995821369859087
0.8139204545454546, 0.6931818181818182, 0.00010316397914126696
0.8139204545454546, 0.7159090909090909, 0.00010316397914126696
0.8139204545454546, 0.7386363636363636, 0.00010316397914126696
0.8139204545454546, 0.7613636363636364, 0.00010316397914126696
0.8139204545454546, 0.7840909090909091, 0.00010316397914126696
0.8139204545454546, 0.8068181818181818, 0.00010316397914126696
0.8139204545454546, 0.8295454545454546, 6.489334106927195e-05
0.8139204545454546, 0.8522727272727273, 6.489334106927195e-05
0.8139204545454546, 0.875, 6.489334106927195e-05
0.8139204545454546, 0.8977272727272727, 6.489334106927195e-05
0.8139204545454546, 0.9204545454545454, 6.489334106927195e-05
0.8139204545454546, 0.9431818181818182, 0.0
0.8139204545454546, 0.9659090909090909, 0.0
0.8139204545454546, 0.9886363636363636, 0.0
0.8338068181818181, 0.011363636363636364, 0.0
0.8338068181818181, 0.03409090909090909, 0.0
0.8338068181818181, 0.056818181818181816, 0.0
0.8338068181818181, 0.07954545454545454, 4.3389569104287446e-05
0.8338068181818181, 0.10227272727272728, 4.3389569104287446e-05
0.8338068181818181, 0.125, 4.3389569104287446e-05
0.8338068181818181, 0.14772727272727273, 4.3389569104287446e-05
0.8338068181818181, 0.17045454545454544, 4.3389569104287446e-05
0.8338068181818181, 0.19318181818181818, 7.88527737525948e-05
0.8338068181818181, 0.2159090909090909, 7.88527737525948e-05
0.8338068181818181, 0.23863636363636365, 7.88527737525948e-05
0.8338068181818181, 0.26136363636363635, 7.88527737525948e-05
0.8338068181818181, 0.2840909090909091, 7.88527737525948e-05
0.8338068181818181, 0.3068181818181818, 7.88527737525948e-05
0.8338068181818181, 0.32954545454545453, 0.00010486558841778273
0.8338068181818181, 0.3522727272727273, 0.00010486558841778273
0.8338068181818181, 0.375, 0.00010486558841778273
0.8338068181818181, 0.3977272727272727, 0.00010486558841778273
0.8338068181818181, 0.42045454545454547, 0.00010486558841778273
0.8338068181818181, 0.4431818181818182, 0.00011942806028409183
0.8338068181818181, 0.4659090909090909, 0.00011942806028409183
0.8338068181818181, 0.48863636363636365, 0.00011942806028409183
0.8338068181818181, 0.5113636363636364, 0.00011942806028409183
0.8338068181818181, 0.5340909090909091, 0.00011942806028409183
0.8338068181818181, 0.5568181818181818, 0.00011942806028409183
0.8338068181818181, 0.5795454545454546, 0.00011995821369859087
0.8338068181818181, 0.6022727272727273, 0.00011995821369859087
0.8338068181818181, 0.625, 0.00011995821369859087
0.8338068181818181, 0.6477272727272727, 0.00011995821369859087
0.8338068181818181, 0.6704545454545454, 0.00011995821369859087
0.8338068181818181, 0.6931818181818182, 0.00010316397914126696
0.8338068181818181, 0.7159090909090909, 0.00010316397914126696
0.8338068181818181, 0.7386363636363636, 0.00010316397914126696
0.8338068181818181, 0.7613636363636364, 0.00010316397914126696
0.8338068181818181, 0.7840909090909091, 0.00010316397914126696
0.8338068181818181, 0.8068181818181818, 0.00010316397914126696
0.8338068181818181, 0.8295454545454546, 6.489334106927195e-05
0.8338068181818181, 0.8522727272727273, 6.489334106927195e-05
0.8338068181818181, 0.875, 6.489334106927195e-05
0.8338068181818181, 0.8977272727272727, 6.489334106927195e-05
0.8338068181818181, 0.9204545454545454, 6.489334106927195e-05
0.8338068181818181, 0.9431818181818182, 0.0
0.8338068181818181, 0.9659090909090909, 0.0
0.8338068181818181, 0.9886363636363636, 0.0
0.8536931818181819, 0.011363636363636364, 0.0
0.8536931818181819, 0.03409090909090909, 0.0
0.8536931818181819, 0.056818181818181816, 0.0
0.8536931818181819, 0.07954545454545454, 4.3389569104287446e-05
0.8536931818181819, 0.10227272727272728, 4.3389569104287446e-05
0.8536931818181819, 0.125, 4.3389569104287446e-05
0.8536931818181819, 0.14772727272727273, 4.3389569104287446e-05
0.8536931818181819, 0.17045454545454544, 4.3389569104287446e-05
0.8536931818181819, 0.19318181818181818, 7.88527737525948e-05
0.8536931818181819, 0.2159090909090909, 7.88527737525948e-05
0.8536931818181819, 0.23863636363636365, 7.88527737525948e-05
0.8536931818181819, 0.26136363636363635, 7.88527737525948e-05
0.8536931818181819, 0.2840909090909091, 7.88527737525948e-05
0.8536931818181819, 0.3068181818181818, 7.88527737525948e-05
0.8536931818181819, 0.32954545454545453, 0.00010486558841778273
0.8536931818181819, 0.3522727272727273, 0.00010486558841778273
0.8536931818181819, 0.375, 0.00010486558841778273
0.8536931818181819, 0.3977272727272727, 0.00010486558841778273
0.8536931818181819, 0.42045454545454547, 0.00010486558841778273
0.8536931818181819, 0.4431818181818182, 0.00011942806028409183
0.8536931818181819, 0.4659090909090909, 0.00011942806028409183
0.8536931818181819, 0.48863636363636365, 0.00011942806028409183
0.8536931818181819, 0.5113636363636364, 0.00011942806028409183
0.8536931818181819, 0.5340909090909091, 0.00011942806028409183
0.8536931818181819, 0.5568181818181818, 0.00011942806028409183
0.8536931818181819, 0.5795454545454546, 0.00011995821369859087
0.8536931818181819, 0.6022727272727273, 0.00011995821369859087
0.8536931818181819, 0.625, 0.00011995821369859087
0.8536931818181819, 0.6477272727272727, 0.00011995821369859087
0.8536931818181819, 0.6704545454545454, 0.00011995821369859087
0.8536931818181819, 0.6931818181818182, 0.00010316397914126696
0.8536931818181819, 0.7159090909090909, 0.00010316397914126696
0.8536931818181819, 0.7386363636363636, 0.00010316397914126696
0.8536931818181819, 0.7613636363636364, 0.00010316397914126696
0.8536931818181819, 0.7840909090909091, 0.00010316397914126696
0.8536931818181819, 0.8068181818181818, 0.00010316397914126696
0.8536931818181819, 0.8295454545454546, 6.489334106927195e-05
0.8536931818181819, 0.8522727272727273, 6.489334106927195e-05
0.8536931818181819, 0.875, 6.489334106927195e-05
0.8536931818181819, 0.8977272727272727, 6.489334106927195e-05
0.8536931818181819, 0.9204545454545454, 6.489334106927195e-05
0.8536931818181819, 0.9431818181818182, 0.0
0.8536931818181819, 0.9659090909090909, 0.0
0.8536931818181819, 0.9886363636363636, 0.0
0.8735795454545454, 0.011363636363636364, 0.0
0.8735795454545454, 0.03409090909090909, 0.0
0.8735795454545454, 0.056818181818181816, 0.0
0.8735795454545454, 0.07954545454545454, 4.3389569104287446e-05
0.8735795454545454, 0.10227272727272728, 4.3389569104287446e-05
0.8735795454545454, 0.125, 4.3389569104287446e-05
0.8735795454545454, 0.14772727272727273, 4.3389569104287446e-05
0.8735795454545454, 0.17045454545454544, 4.3389569104287446e-05
0.8735795454545454, 0.19318181818181818, 7.88527737525948e-05
0.8735795454545454, 0.2159090909090909, 7.88527737525948e-05
0.8735795454545454, 0.23863636363636365, 7.88527737525948e-05
0.8735795454545454, 0.26136363636363635, 7.88527737525948e-05
0.8735795454545454, 0.2840909090909091, 7.88527737525948e-05
0.8735795454545454, 0.3068181818181818, 7.88527737525948e-05
0.8735795454545454, 0.32954545454545453, 0.00010486558841778273
0.8735795454545454, 0.3522727272727273, 0.00010486558841778273
0.8735795454545454, 0.375, 0.00010486558841778273
0.8735795454545454, 0.3977272727272727, 0.00010486558841778273
0.8735795454545454, 0.42045454545454547, 0.00010486558841778273
0.8735795454545454, 0.4431818181818182, 0.00011942806028409183
0.8735795454545454, 0.4659090909090909, 0.00011942806028409183
0.8735795454545454, 0.48863636363636365, 0.00011942806028409183
0.8735795454545454, 0.5113636363636364, 0.00011942806028409183
0.8735795454545454, 0.5340909090909091, 0.00011942806028409183
0.8735795454545454, 0.5568181818181818, 0.00011942806028409183
0.8735795454545454, 0.5795454545454546, 0.00011995821369859087
0.8735795454545454, 0.6022727272727273, 0.00011995821369859087
0.8735795454545454, 0.625, 0.00011995821369859087
0.8735795454545454, 0.6477272727272727, 0.00011995821369859087
0.8735795454545454, 0.6704545454545454, 0.00011995821369859087
0.8735795454545454, 0.6931818181818182, 0.00010316397914126696
0.8735795454545454, 0.7159090909090909, 0.00010316397914126696
0.8735795454545454, 0.7386363636363636, 0.00010316397914126696
0.8735795454545454, 0.7613636363636364, 0.00010316397914126696
0.8735795454545454, 0.7840909090909091, 0.00010316397914126696
0.8735795454545454, 0.8068181818181818, 0.00010316397914126696
0.8735795454545454, 0.8295454545454546, 6.489334106927195e-05
0.8735795454545454, 0.8522727272727273, 6.489334106927195e-05
0.8735795454545454, 0.875, 6.489334106927195e-05
0.8735795454545454, 0.8977272727272727, 6.489334106927195e-05
0.8735795454545454, 0.9204545454545454, 6.489334106927195e-05
0.8735795454545454, 0.9431818181818182, 0.0
0.8735795454545454, 0.9659090909090909, 0.0
0.8735795454545454, 0.9886363636363636, 0.0
0.8934659090909092, 0.011363636363636364, 0.0
0.8934659090909092, 0.03409090909090909, 0.0
0.8934659090909092, 0.056818181818181816, 0.0
0.8934659090909092, 0.07954545454545454, 4.3389569104287446e-05
0.8934659090909092, 0.10227272727272728, 4.3389569104287446e-05
0.8934659090909092, 0.125, 4.3389569104287446e-05
0.8934659090909092, 0.14772727272727273, 4.3389569104287446e-05
0.8934659090909092, 0.17045454545454544, 4.3389569104287446e-05
0.8934659090909092, 0.19318181818181818, 7.88527737525948e-05
0.8934659090909092, 0.2159090909090909, 7.88527737525948e-05
0.8934659090909092, 0.23863636363636365, 7.88527737525948e-05
0.8934659090909092, 0.26136363636363635, 7.88527737525948e-05
0.8934659090909092, 0.2840909090909091, 7.88527737525948e-05
0.8934659090909092, 0.3068181818181818, 7.88527737525948e-05
0.8934659090909092, 0.32954545454545453, 0.00010486558841778273
0.8934659090909092, 0.3522727272727273, 0.00010486558841778273
0.8934659090909092, 0.375, 0.00010486558841778273
0.8934659090909092, 0.3977272727272727, 0.00010486558841778273
0.8934659090909092, 0.42045454545454547, 0.00010486558841778273
0.8934659090909092, 0.4431818181818182, 0.00011942806028409183
0.8934659090909092, 0.4659090909090909, 0.00011942806028409183
0.8934659090909092, 0.48863636363636365, 0.00011942806028409183
0.8934659090909092, 0.5113636363636364, 0.00011942806028409183
0.8934659090909092, 0.5340909090909091, 0.00011942806028409183
0.8934659090909092, 0.5568181818181818, 0.00011942806028409183
0.8934659090909092, 0.5795454545454546, 0.00011995821369859087
0.8934659090909092, 0.6022727272727273, 0.00011995821369859087
0.8934659090909092, 0.625, 0.00011995821369859087
0.8934659090909092, 0.6477272727272727, 0.00011995821369859087
0.8934659090909092, 0.6704545454545454, 0.00011995821369859087
0.8934659090909092, 0.6931818181818182, 0.00010316397914126696
0.8934659090909092, 0.7159090909090909, 0.00010316397914126696
0.8934659090909092, 0.7386363636363636, 0.00010316397914126696
0.8934659090909092, 0.7613636363636364, 0.00010316397914126696
0.8934659090909092, 0.7840909090909091, 0.00010316397914126696
0.8934659090909092, 0.8068181818181818, 0.00010316397914126696
0.8934659090909092, 0.8295454545454546, 6.489334106927195e-05
0.8934659090909092, 0.8522727272727273, 6.489334106927195e-05
0.8934659090909092, 0.875, 6.489334106927195e-05
0.8934659090909092, 0.8977272727272727, 6.489334106927195e-05
0.8934659090909092, 0.9204545454545454, 6.489334106927195e-05
0.8934659090909092, 0.9431818181818182, 0.0
0.8934659090909092, 0.9659090909090909, 0.0
0.8934659090909092, 0.9886363636363636, 0.0
0.9133522727272727, 0.011363636363636364, 0.0
0.9133522727272727, 0.03409090909090909, 0.0
0.9133522727272727, 0.056818181818181816, 0.0
0.9133522727272727, 0.07954545454545454, 4.3389569104287446e-05
0.9133522727272727, 0.10227272727272728, 4.3389569104287446e-05
0.9133522727272727, 0.125, 4.3389569104287446e-05
0.9133522727272727, 0.14772727272727273, 4.3389569104287446e-05
0.9133522727272727, 0.17045454545454544, 4.3389569104287446e-05
0.9133522727272727, 0.19318181818181818, 7.88527737525948e-05
0.9133522727272727, 0.2159090909090909, 7.88527737525948e-05
0.9133522727272727, 0.23863636363636365, 7.88527737525948e-05
0.9133522727272727, 0.26136363636363635, 7.88527737525948e-05
0.9133522727272727, 0.2840909090909091, 7.88527737525948e-05
0.9133522727272727, 0.3068181818181818, 7.88527737525948e-05
0.9133522727272727, 0.32954545454545453, 0.00010486558841778273
0.9133522727272727, 0.3522727272727273, 0.00010486558841778273
0.9133522727272727, 0.375, 0.00010486558841778273
0.9133522727272727, 0.3977272727272727, 0.00010486558841778273
0.9133522727272727, 0.42045454545454547, 0.00010486558841778273
0.9133522727272727, 0.4431818181818182, 0.00011942806028409183
0.9133522727272727, 0.4659090909090909, 0.00011942806028409183
0.9133522727272727, 0.48863636363636365, 0.00011942806028409183
0.9133522727272727, 0.5113636363636364, 0.00011942806028409183
0.9133522727272727, 0.5340909090909091, 0.00011942806028409183
0.9133522727272727, 0.5568181818181818, 0.00011942806028409183
0.9133522727272727, 0.5795454545454546, 0.00011995821369859087
0.9133522727272727, 0.6022727272727273, 0.00011995821369859087
0.9133522727272727, 0.625, 0.00011995821369859087
0.9133522727272727, 0.6477272727272727, 0.00011995821369859087
0.9133522727272727, 0.6704545454545454, 0.00011995821369859087
0.9133522727272727, 0.6931818181818182, 0.00010316397914126696
0.9133522727272727, 0.7159090909090909, 0.00010316397914126696
0.9133522727272727, 0.7386363636363636, 0.00010316397914126696
0.9133522727272727, 0.7613636363636364, 0.00010316397914126696
0.9133522727272727, 0.7840909090909091, 0.00010316397914126696
0.9133522727272727, 0.8068181818181818, 0.00010316397914126696
0.9133522727272727, 0.8295454545454546, 6.489334106927195e-05
0.9133522727272727, 0.8522727272727273, 6.489334106927195e-05
0.9133522727272727, 0.875, 6.489334106927195e-05
0.9133522727272727, 0.8977272727272727, 6.489334106927195e-05
0.9133522727272727, 0.9204545454545454, 6.489334106927195e-05
0.9133522727272727, 0.9431818181818182, 0.0
0.9133522727272727, 0.9659090909090909, 0.0
0.9133522727272727, 0.9886363636363636, 0.0
0.9332386363636364, 0.011363636363636364, 0.0
0.9332386363636364, 0.03409090909090909, 0.0
0.9332386363636364, 0.056818181818181816, 0.0
0.9332386363636364, 0.07954545454545454, 4.3389569104287446e-05
0.9332386363636364, 0.10227272727272728, 4.3389569104287446e-05
0.9332386363636364, 0.125, 4.3389569104287446e-05
0.9332386363636364, 0.14772727272727273, 4.3389569104287446e-05
0.9332386363636364, 0.17045454545454544, 4.3389569104287446e-05
0.9332386363636364, 0.19318181818181818, 7.88527737525948e-05
0.9332386363636364, 0.2159090909090909, 7.88527737525948e-05
0.9332386363636364, 0.23863636363636365, 7.88527737525948e-05
0.9332386363636364, 0.26136363636363635, 7.88527737525948e-05
0.9332386363636364, 0.2840909090909091, 7.88527737525948e-05
0.9332386363636364, 0.3068181818181818, 7.88527737525948e-05
0.9332386363636364, 0.32954545454545453, 0.00010486558841778273
0.9332386363636364, 0.3522727272727273, 0.00010486558841778273
0.9332386363636364, 0.375, 0.00010486558841778273
0.9332386363636364, 0.3977272727272727, 0.00010486558841778273
0.9332386363636364, 0.42045454545454547, 0.00010486558841778273
0.9332386363636364, 0.4431818181818182, 0.00011942806028409183
0.9332386363636364, 0.4659090909090909, 0.00011942806028409183
0.9332386363636364, 0.48863636363636365, 0.00011942806028409183
0.9332386363636364, 0.5113636363636364, 0.00011942806028409183
0.9332386363636364, 0.5340909090909091, 0.00011942806028409183
0.9332386363636364, 0.5568181818181818, 0.00011942806028409183
0.9332386363636364, 0.5795454545454546, 0.00011995821369859087
0.9332386363636364, 0.6022727272727273, 0.00011995821369859087
0.9332386363636364, 0.625, 0.00011995821369859087
0.9332386363636364, 0.6477272727272727, 0.00011995821369859087
0.9332386363636364, 0.6704545454545454, 0.00011995821369859087
0.9332386363636364, 0.6931818181818182, 0.00010316397914126696
0.9332386363636364, 0.7159090909090909, 0.00010316397914126696
0.9332386363636364, 0.7386363636363636, 0.00010316397914126696
0.9332386363636364, 0.7613636363636364, 0.00010316397914126696
0.9332386363636364, 0.7840909090909091, 0.00010316397914126696
0.9332386363636364, 0.8068181818181818, 0.00010316397914126696
0.9332386363636364, 0.8295454545454546, 6.489334106927195e-05
0.9332386363636364, 0.8522727272727273, 6.489334106927195e-05
0.9332386363636364, 0.875, 6.489334106927195e-05
0.9332386363636364, 0.8977272727272727, 6.489334106927195e-05
0.9332386363636364, 0.9204545454545454, 6.489334106927195e-05
0.9332386363636364, 0.9431818181818182, 0.0
0.9332386363636364, 0.9659090909090909, 0.0
0.9332386363636364, 0.9886363636363636, 0.0
0.953125, 0.011363636363636364, 0.0
0.953125, 0.03409090909090909, 0.0
0.953125, 0.056818181818181816, 0.0
0.953125, 0.07954545454545454, 3.668318834227414e-05
0.953125, 0.10227272727272728, 3.668318834227414e-05
0.953125, 0.125, 3.668318834227414e-05
0.953125, 0.14772727272727273, 3.668318834227414e-05
0.953125, 0.17045454545454544, 3.668318834227414e-05
0.953125, 0.19318181818181818, 6.672833602388111e-05
0.953125, 0.2159090909090909, 6.672833602388111e-05
0.953125, 0.23863636363636365, 6.672833602388111e-05
0.953125, 0.26136363636363635, 6.672833602388111e-05
0.953125, 0.2840909090909091, 6.672833602388111e-05
0.953125, 0.3068181818181818, 6.672833602388111e-05
0.953125, 0.32954545454545453, 8.872731599361455e-05
0.953125, 0.3522727272727273, 8.872731599361455e-05
0.953125, 0.375, 8.872731599361455e-05
0.953125, 0.3977272727272727, 8.872731599361455e-05
0.953125, 0.42045454545454547, 8.872731599361455e-05
0.953125, 0.4431818181818182, 0.00010093464638328947
0.953125, 0.4659090909090909, 0.00010093464638328947
0.953125, 0.48863636363636365, 0.00010093464638328947
0.953125, 0.5113636363636364, 0.00010093464638328947
0.953125, 0.5340909090909091, 0.00010093464638328947
0.953125, 0.5568181818181818, 0.00010093464638328947
0.953125, 0.5795454545454546, 0.00010116786614684456
0.953125, 0.6022727272727273, 0.00010116786614684456
0.953125, 0.625, 0.00010116786614684456
0.953125, 0.6477272727272727, 0.00010116786614684456
0.953125, 0.6704545454545454, 0.00010116786614684456
0.953125, 0.6931818181818182, 8.672048970694762e-05
0.953125, 0.7159090909090909, 8.672048970694762e-05
0.953125, 0.7386363636363636, 8.672048970694762e-05
0.953125, 0.7613636363636364, 8.672048970694762e-05
0.953125, 0.7840909090909091, 8.672048970694762e-05
0.953125, 0.8068181818181818, 8.672048970694762e-05
0.953125, 0.8295454545454546, 5.4295384390737916e-05
0.953125, 0.8522727272727273, 5.4295384390737916e-05
0.953125, 0.875, 5.4295384390737916e-05
0.953125, 0.8977272727272727, 5.4295384390737916e-05
0.953125, 0.9204545454545454, 5.4295384390737916e-05
0.953125, 0.9431818181818182, 0.0
0.953125, 0.9659090909090909, 0.0
0.953125, 0.9886363636363636, 0.0
0.9730113636363636, 0.011363636363636364, 0.0
0.9730113636363636, 0.03409090909090909, 0.0
0.9730113636363636, 0.056818181818181816, 0.0
0.9730113636363636, 0.07954545454545454, 3.668318834227414e-05
0.9730113636363636, 0.10227272727272728, 3.668318834227414e-05
0.9730113636363636, 0.125, 3.668318834227414e-05
0.9730113636363636, 0.14772727272727273, 3.668318834227414e-05
0.9730113636363636, 0.17045454545454544, 3.668318834227414e-05
0.9730113636363636, 0.19318181818181818, 6.672833602388111e-05
0.9730113636363636, 0.2159090909090909, 6.672833602388111e-05
0.9730113636363636, 0.23863636363636365, 6.672833602388111e-05
0.9730113636363636, 0.26136363636363635, 6.672833602388111e-05
0.9730113636363636, 0.2840909090909091, 6.672833602388111e-05
0.9730113636363636, 0.3068181818181818, 6.672833602388111e-05
0.9730113636363636, 0.32954545454545453, 8.872731599361455e-05
0.9730113636363636, 0.3522727272727273, 8.872731599361455e-05
0.9730113636363636, 0.375, 8.872731599361455e-05
0.9730113636363636, 0.3977272727272727, 8.872731599361455e-05
0.9730113636363636, 0.42045454545454547, 8.872731599361455e-05
0.9730113636363636, 0.4431818181818182, 0.00010093464638328947
0.9730113636363636, 0.4659090909090909, 0.00010093464638328947
0.9730113636363636, 0.48863636363636365, 0.00010093464638328947
0.9730113636363636, 0.5113636363636364, 0.00010093464638328947
0.9730113636363636, 0.5340909090909091, 0.00010093464638328947
0.9730113636363636, 0.5568181818181818, 0.00010093464638328947
0.9730113636363636, 0.5795454545454546, 0.00010116786614684456
0.9730113636363636, 0.6022727272727273, 0.00010116786614684456
0.9730113636363636, 0.625, 0.00010116786614684456
0.9730113636363636, 0.6477272727272727, 0.00010116786614684456
0.9730113636363636, 0.6704545454545454, 0.00010116786614684456
0.9730113636363636, 0.6931818181818182, 8.672048970694762e-05
0.9730113636363636, 0.7159090909090909, 8.672048970694762e-05
0.9730113636363636, 0.7386363636363636, 8.672048970694762e-05
0.9730113636363636, 0.7613636363636364, 8.672048970694762e-05
0.9730113636363636, 0.7840909090909091, 8.672048970694762e-05
0.9730113636363636, 0.8068181818181818, 8.672048970694762e-05
0.9730113636363636, 0.8295454545454546, 5.4295384390737916e-05
0.9730113636363636, 0.8522727272727273, 5.4295384390737916e-05
0.9730113636363636, 0.875, 5.4295384390737916e-05
0.9730113636363636, 0.8977272727272727, 5.4295384390737916e-05
0.9730113636363636, 0.9204545454545454, 5.4295384390737916e-05
0.9730113636363636, 0.9431818181818182, 0.0
0.9730113636363636, 0.9659090909090909, 0.0
0.9730113636363636, 0.9886363636363636, 0.0
0.9928977272727273, 0.011363636363636364, 0.0
0.9928977272727273, 0.03409090909090909, 0.0
0.9928977272727273, 0.056818181818181816, 0.0
0.9928977272727273, 0.07954545454545454, 3.668318834227414e-05
0.9928977272727273, 0.10227272727272728, 3.668318834227414e-05
0.9928977272727273, 0.125, 3.668318834227414e-05
0.9928977272727273, 0.14772727272727273, 3.668318834227414e-05
0.9928977272727273, 0.17045454545454544, 3.668318834227414e-05
0.9928977272727273, 0.19318181818181818, 6.672833602388111e-05
0.9928977272727273, 0.2159090909090909, 6.672833602388111e-05
0.9928977272727273, 0.23863636363636365, 6.672833602388111e-05
0.9928977272727273, 0.26136363636363635, 6.672833602388111e-05
0.9928977272727273, 0.2840909090909091, 6.672833602388111e-05
0.9928977272727273, 0.3068181818181818, 6.672833602388111e-05
0.9928977272727273, 0.32954545454545453, 8.872731599361455e-05
0.9928977272727273, 0.3522727272727273, 8.872731599361455e-05
0.9928977272727273, 0.375, 8.872731599361455e-05
0.9928977272727273, 0.3977272727272727, 8.872731599361455e-05
0.9928977272727273, 0.42045454545454547, 8.872731599361455e-05
0.9928977272727273, 0.4431818181818182, 0.00010093464638328947
0.9928977272727273, 0.4659090909090909, 0.00010093464638328947
0.9928977272727273, 0.48863636363636365, 0.00010093464638328947
0.9928977272727273, 0.5113636363636364, 0.00010093464638328947
0.9928977272727273, 0.5340909090909091, 0.00010093464638328947
0.9928977272727273, 0.5568181818181818, 0.00010093464638328947
0.9928977272727273, 0.5795454545454546, 0.00010116786614684456
0.9928977272727273, 0.6022727272727273, 0.00010116786614684456
0.9928977272727273, 0.625, 0.00010116786614684456
0.9928977272727273, 0.6477272727272727, 0.00010116786614684456
0.9928977272727273, 0.6704545454545454, 0.00010116786614684456
0.9928977272727273, 0.6931818181818182, 8.672048970694762e-05
0.9928977272727273, 0.7159090909090909, 8.672048970694762e-05
0.9928977272727273, 0.7386363636363636, 8.672048970694762e-05
0.9928977272727273, 0.7613636363636364, 8.672048970694762e-05
0.9928977272727273, 0.7840909090909091, 8.672048970694762e-05
0.9928977272727273, 0.8068181818181818, 8.672048970694762e-05
0.9928977272727273, 0.8295454545454546, 5.4295384390737916e-05
0.9928977272727273, 0.8522727272727273, 5.4295384390737916e-05
0.9928977272727273, 0.875, 5.4295384390737916e-05
0.9928977272727273, 0.8977272727272727, 5.4295384390737916e-05
0.9928977272727273, 0.9204545454545454, 5.4295384390737916e-05
0.9928977272727273, 0.9431818181818182, 0.0
0.9928977272727273, 0.9659090909090909, 0.0
0.9928977272727273, 0.9886363636363636, 0.0
1.0127840909090908, 0.011363636363636364, 0.0
1.0127840909090908, 0.03409090909090909, 0.0
1.0127840909090908, 0.056818181818181816, 0.0
1.0127840909090908, 0.07954545454545454, 3.668318834227414e-05
1.0127840909090908, 0.10227272727272728, 3.668318834227414e-05
1.0127840909090908, 0.125, 3.668318834227414e-05
1.0127840909090908, 0.14772727272727273, 3.668318834227414e-05
1.0127840909090908, 0.17045454545454544, 3.668318834227414e-05
1.0127840909090908, 0.19318181818181818, 6.672833602388111e-05
1.0127840909090908, 0.2159090909090909, 6.672833602388111e-05
1.0127840909090908, 0.23863636363636365, 6.672833602388111e-05
1.0127840909090908, 0.26136363636363635, 6.672833602388111e-05
1.0127840909090908, 0.2840909090909091, 6.672833602388111e-05
1.0127840909090908, 0.3068181818181818, 6.672833602388111e-05
1.0127840909090908, 0.32954545454545453, 8.872731599361455e-05
1.0127840909090908, 0.3522727272727273, 8.872731599361455e-05
1.0127840909090908, 0.375, 8.872731599361455e-05
1.0127840909090908, 0.3977272727272727, 8.872731599361455e-05
1.0127840909090908, 0.42045454545454547, 8.872731599361455e-05
1.0127840909090908, 0.4431818181818182, 0.00010093464638328947
1.0127840909090908, 0.4659090909090909, 0.00010093464638328947
1.0127840909090908, 0.48863636363636365, 0.00010093464638328947
1.0127840909090908, 0.5113636363636364, 0.00010093464638328947
1.0127840909090908, 0.5340909090909091, 0.00010093464638328947
1.0127840909090908, 0.5568181818181818, 0.00010093464638328947
1.0127840909090908, 0.5795454545454546, 0.00010116786614684456
1.0127840909090908, 0.6022727272727273, 0.00010116786614684456
1.0127840909090908, 0.625, 0.00010116786614684456
1.0127840909090908, 0.6477272727272727, 0.00010116786614684456
1.0127840909090908, 0.6704545454545454, 0.00010116786614684456
1.0127840909090908, 0.6931818181818182, 8.672048970694762e-05
1.0127840909090908, 0.7159090909090909, 8.672048970694762e-05
1.0127840909090908, 0.7386363636363636, 8.672048970694762e-05
1.0127840909090908, 0.7613636363636364, 8.672048970694762e-05
1.0127840909090908, 0.7840909090909091, 8.672048970694762e-05
1.0127840909090908, 0.8068181818181818, 8.672048970694762e-05
1.0127840909090908, 0.8295454545454546, 5.4295384390737916e-05
1.0127840909090908, 0.8522727272727273, 5.4295384390737916e-05
1.0127840909090908, 0.875, 5.4295384390737916e-05
1.0127840909090908, 0.8977272727272727, 5.4295384390737916e-05
1.0127840909090908, 0.9204545454545454, 5.4295384390737916e-05
1.0127840909090908, 0.9431818181818182, 0.0
1.0127840909090908, 0.9659090909090909, 0.0
1.0127840909090908, 0.9886363636363636, 0.0
1.0326704545454546, 0.011363636363636364, 0.0
1.0326704545454546, 0.03409090909090909, 0.0
1.0326704545454546, 0.056818181818181816, 0.0
1.0326704545454546, 0.07954545454545454, 3.668318834227414e-05
1.0326704545454546, 0.10227272727272728, 3.668318834227414e-05
1.0326704545454546, 0.125, 3.668318834227414e-05
1.0326704545454546, 0.14772727272727273, 3.668318834227414e-05
1.0326704545454546, 0.17045454545454544, 3.668318834227414e-05
1.0326704545454546, 0.19318181818181818, 6.672833602388111e-05
1.0326704545454546, 0.2159090909090909, 6.672833602388111e-05
1.0326704545454546, 0.23863636363636365, 6.672833602388111e-05
1.0326704545454546, 0.26136363636363635, 6.672833602388111e-05
1.0326704545454546, 0.2840909090909091, 6.672833602388111e-05
1.0326704545454546, 0.3068181818181818, 6.672833602388111e-05
1.0326704545454546, 0.32954545454545453, 8.872731599361455e-05
1.0326704545454546, 0.3522727272727273, 8.872731599361455e-05
1.0326704545454546, 0.375, 8.872731599361455e-05
1.0326704545454546, 0.3977272727272727, 8.872731599361455e-05
1.0326704545454546, 0.42045454545454547, 8.872731599361455e-05
1.0326704545454546, 0.4431818181818182, 0.00010093464638328947
1.0326704545454546, 0.4659090909090909, 0.00010093464638328947
1.0326704545454546, 0.48863636363636365, 0.00010093464638328947
1.0326704545454546, 0.5113636363636364, 0.00010093464638328947
1.0326704545454546, 0.5340909090909091, 0.00010093464638328947
1.0326704545454546, 0.5568181818181818, 0.00010093464638328947
1.0326704545454546, 0.5795454545454546, 0.00010116786614684456
1.0326704545454546, 0.6022727272727273, 0.00010116786614684456
1.0326704545454546, 0.625, 0.00010116786614684456
1.0326704545454546, 0.6477272727272727, 0.00010116786614684456
1.0326704545454546, 0.6704545454545454, 0.00010116786614684456
1.0326704545454546, 0.6931818181818182, 8.672048970694762e-05
1.0326704545454546, 0.7159090909090909, 8.672048970694762e-05
1.0326704545454546, 0.7386363636363636, 8.672048970694762e-05
1.0326704545454546, 0.7613636363636364, 8.672048970694762e-05
1.0326704545454546, 0.7840909090909091, 8.672048970694762e-05
1.0326704545454546, 0.8068181818181818, 8.672048970694762e-05
1.0326704545454546, 0.8295454545454546, 5.4295384390737916e-05
1.0326704545454546, 0.8522727272727273, 5.4295384390737916e-05
1.0326704545454546, 0.875, 5.4295384390737916e-05
1.0326704545454546, 0.8977272727272727, 5.4295384390737916e-05
1.0326704545454546, 0.9204545454545454, 5.4295384390737916e-05
1.0326704545454546, 0.9431818181818182, 0.0
1.0326704545454546, 0.9659090909090909, 0.0
1.0326704545454546, 0.9886363636363636, 0.0
1.0525568181818181, 0.011363636363636364, 0.0
1.0525568181818181, 0.03409090909090909, 0.0
1.0525568181818181, 0.056818181818181816, 0.0
1.0525568181818181, 0.07954545454545454, 3.668318834227414e-05
1.0525568181818181, 0.10227272727272728, 3.668318834227414e-05
1.0525568181818181, 0.125, 3.668318834227414e-05
1.0525568181818181, 0.14772727272727273, 3.668318834227414e-05
1.0525568181818181, 0.17045454545454544, 3.668318834227414e-05
1.0525568181818181, 0.19318181818181818, 6.672833602388111e-05
1.0525568181818181, 0.2159090909090909, 6.672833602388111e-05
1.0525568181818181, 0.23863636363636365, 6.672833602388111e-05
1.0525568181818181, 0.26136363636363635, 6.672833602388111e-05
1.0525568181818181, 0.2840909090909091, 6.672833602388111e-05
1.0525568181818181, 0.3068181818181818, 6.672833602388111e-05
1.0525568181818181, 0.32954545454545453, 8.872731599361455e-05
1.0525568181818181, 0.3522727272727273, 8.872731599361455e-05
1.0525568181818181, 0.375, 8.872731599361455e-05
1.0525568181818181, 0.3977272727272727, 8.872731599361455e-05
1.0525568181818181, 0.42045454545454547, 8.872731599361455e-05
1.0525568181818181, 0.4431818181818182, 0.00010093464638328947
1.0525568181818181, 0.4659090909090909, 0.00010093464638328947
1.0525568181818181, 0.48863636363636365, 0.00010093464638328947
1.0525568181818181, 0.5113636363636364, 0.00010093464638328947
1.0525568181818181, 0.5340909090909091, 0.00010093464638328947
1.0525568181818181, 0.5568181818181818, 0.00010093464638328947
1.0525568181818181, 0.5795454545454546, 0.00010116786614684456
1.0525568181818181, 0.6022727272727273, 0.00010116786614684456
1.0525568181818181, 0.625, 0.00010116786614684456
1.0525568181818181, 0.6477272727272727, 0.00010116786614684456
1.0525568181818181, 0.6704545454545454, 0.00010116786614684456
1.0525568181818181, 0.6931818181818182, 8.672048970694762e-05
1.0525568181818181, 0.7159090909090909, 8.672048970694762e-05
1.0525568181818181, 0.7386363636363636, 8.672048970694762e-05
1.0525568181818181, 0.7613636363636364, 8.672048970694762e-05
1.0525568181818181, 0.7840909090909091, 8.672048970694762e-05
1.0525568181818181, 0.8068181818181818, 8.672048970694762e-05
1.0525568181818181, 0.8295454545454546, 5.4295384390737916e-05
1.0525568181818181, 0.8522727272727273, 5.4295384390737916e-05
1.0525568181818181, 0.875, 5.4295384390737916e-05
1.0525568181818181, 0.8977272727272727, 5.4295384390737916e-05
1.0525568181818181, 0.9204545454545454, 5.4295384390737916e-05
1.0525568181818181, 0.9431818181818182, 0.0
1.0525568181818181, 0.9659090909090909, 0.0
1.0525568181818181, 0.9886363636363636, 0.0
1.0724431818181819, 0.011363636363636364, 0.0
1.0724431818181819, 0.03409090909090909, 0.0
1.0724431818181819, 0.056818181818181816, 0.0
1.0724431818181819, 0.07954545454545454, 2.857701916117991e-05
1.0724431818181819, 0.10227272727272728, 2.857701916117991e-05
1.0724431818181819, 0.125, 2.857701916117991e-05
1.0724431818181819, 0.14772727272727273, 2.857701916117991e-05
1.0724431818181819, 0.17045454545454544, 2.857701916117991e-05
1.0724431818181819, 0.19318181818181818, 5.201125168491549e-05
1.0724431818181819, 0.2159090909090909, 5.201125168491549e-05
1.0724431818181819, 0.23863636363636365, 5.201125168491549e-05
1.0724431818181819, 0.26136363636363635, 5.201125168491549e-05
1.0724431818181819, 0.2840909090909091, 5.201125168491549e-05
1.0724431818181819, 0.3068181818181818, 5.201125168491549e-05
1.0724431818181819, 0.32954545454545453, 6.91420939857996e-05
1.0724431818181819, 0.3522727272727273, 6.91420939857996e-05
1.0724431818181819, 0.375, 6.91420939857996e-05
1.0724431818181819, 0.3977272727272727, 6.91420939857996e-05
1.0724431818181819, 0.42045454545454547, 6.91420939857996e-05
1.0724431818181819, 0.4431818181818182, 7.857855628756654e-05
1.0724431818181819, 0.4659090909090909, 7.857855628756654e-05
1.0724431818181819, 0.48863636363636365, 7.857855628756654e-05
1.0724431818181819, 0.5113636363636364, 7.857855628756654e-05
1.0724431818181819, 0.5340909090909091, 7.857855628756654e-05
1.0724431818181819, 0.5568181818181818, 7.857855628756654e-05
1.0724431818181819, 0.5795454545454546, 7.862513428786686e-05
1.0724431818181819, 0.6022727272727273, 7.862513428786686e-05
1.0724431818181819, 0.625, 7.862513428786686e-05
1.0724431818181819, 0.6477272727272727, 7.862513428786686e-05
1.0724431818181819, 0.6704545454545454, 7.862513428786686e-05
1.0724431818181819, 0.6931818181818182, 6.722794569975395e-05
1.0724431818181819, 0.7159090909090909, 6.722794569975395e-05
1.0724431818181819, 0.7386363636363636, 6.722794569975395e-05
1.0724431818181819, 0.7613636363636364, 6.722794569975395e-05
1.0724431818181819, 0.7840909090909091, 6.722794569975395e-05
1.0724431818181819, 0.8068181818181818, 6.722794569975395e-05
1.0724431818181819, 0.8295454545454546, 4.194990793362791e-05
1.0724431818181819, 0.8522727272727273, 4.194990793362791e-05
1.0724431818181819, 0.875, 4.194990793362791e-05
1.0724431818181819, 0.8977272727272727, 4.194990793362791e-05
1.0724431818181819, 0.9204545454545454, 4.194990793362791e-05
1.0724431818181819, 0.9431818181818182, 0.0
1.0724431818181819, 0.9659090909090909, 0.0
1.0724431818181819, 0.9886363636363636, 0.0
1.0923295454545454, 0.011363636363636364, 0.0
1.0923295454545454, 0.03409090909090909, 0.0
1.0923295454545454, 0.056818181818181816, 0.0
1.0923295454545454, 0.07954545454545454, 2.857701916117991e-05
1.0923295454545454, 0.10227272727272728, 2.857701916117991e-05
1.0923295454545454, 0.125, 2.857701916117991e-05
1.0923295454545454, 0.14772727272727273, 2.857701916117991e-05
1.0923295454545454, 0.17045454545454544, 2.857701916117991e-05
1.0923295454545454, 0.19318181818181818, 5.201125168491549e-05
1.0923295454545454, 0.2159090909090909, 5.201125168491549e-05
1.0923295454545454, 0.23863636363636365, 5.201125168491549e-05
1.0923295454545454, 0.26136363636363635, 5.201125168491549e-05
1.0923295454545454, 0.2840909090909091, 5.201125168491549e-05
1.0923295454545454, 0.3068181818181818, 5.201125168491549e-05
1.0923295454545454, 0.32954545454545453, 6.91420939857996e-05
1.0923295454545454, 0.3522727272727273, 6.91420939857996e-05
1.0923295454545454, 0.375, 6.91420939857996e-05
1.0923295454545454, 0.3977272727272727, 6.91420939857996e-05
1.0923295454545454, 0.42045454545454547, 6.91420939857996e-05
1.0923295454545454, 0.4431818181818182, 7.857855628756654e-05
1.0923295454545454, 0.4659090909090909, 7.857855628756654e-05
1.0923295454545454, 0.48863636363636365, 7.857855628756654e-05
1.0923295454545454, 0.5113636363636364, 7.857855628756654e-05
1.0923295454545454, 0.5340909090909091, 7.857855628756654e-05
1.0923295454545454, 0.5568181818181818, 7.857855628756654e-05
1.0923295454545454, 0.5795454545454546, 7.862513428786686e-05
1.0923295454545454, 0.6022727272727273, 7.862513428786686e-05
1.0923295454545454, 0.625, 7.862513428786686e-05
1.0923295454545454, 0.6477272727272727, 7.862513428786686e-05
1.0923295454545454, 0.6704545454545454, 7.862513428786686e-05
1.0923295454545454, 0.6931818181818182, 6.722794569975395e-05
1.0923295454545454, 0.7159090909090909, 6.722794569975395e-05
1.0923295454545454, 0.7386363636363636, 6.722794569975395e-05
1.0923295454545454, 0.7613636363636364, 6.722794569975395e-05
1.0923295454545454, 0.7840909090909091, 6.722794569975395e-05
1.0923295454545454, 0.8068181818181818, 6.722794569975395e-05
1.0923295454545454, 0.8295454545454546, 4.194990793362791e-05
1.0923295454545454, 0.8522727272727273, 4.194990793362791e-05
1.0923295454545454, 0.875, 4.194990793362791e-05
1.0923295454545454, 0.8977272727272727, 4.194990793362791e-05
1.0923295454545454, 0.9204545454545454, 4.194990793362791e-05
1.0923295454545454, 0.9431818181818182, 0.0
1.0923295454545454, 0.9659090909090909, 0.0
1.0923295454545454, 0.9886363636363636, 0.0
1.1122159090909092, 0.011363636363636364, 0.0
1.1122159090909092, 0.03409090909090909, 0.0
1.1122159090909092, 0.056818181818181816, 0.0
1.1122159090909092, 0.07954545454545454, 2.857701916117991e-05
1.1122159090909092, 0.10227272727272728, 2.857701916117991e-05
1.1122159090909092, 0.125, 2.857701916117991e-05
1.1122159090909092, 0.14772727272727273, 2.857701916117991e-05
1.1122159090909092, 0.17045454545454544, 2.857701916117991e-05
1.1122159090909092, 0.19318181818181818, 5.201125168491549e-05
1.1122159090909092, 0.2159090909090909, 5.201125168491549e-05
1.1122159090909092, 0.23863636363636365, 5.201125168491549e-05
1.1122159090909092, 0.26136363636363635, 5.201125168491549e-05
1.1122159090909092, 0.2840909090909091, 5.201125168491549e-05
1.1122159090909092, 0.3068181818181818, 5.201125168491549e-05
1.1122159090909092, 0.32954545454545453, 6.91420939857996e-05
1.1122159090909092, 0.3522727272727273, 6.91420939857996e-05
1.1122159090909092, 0.375, 6.91420939857996e-05
1.1122159090909092, 0.3977272727272727, 6.91420939857996e-05
1.1122159090909092, 0.42045454545454547, 6.91420939857996e-05
1.1122159090909092, 0.4431818181818182, 7.857855628756654e-05
1.1122159090909092, 0.4659090909090909, 7.857855628756654e-05
1.1122159090909092, 0.48863636363636365, 7.857855628756654e-05
1.1122159090909092, 0.5113636363636364, 7.857855628756654e-05
1.1122159090909092, 0.5340909090909091, 7.857855628756654e-05
1.1122159090909092, 0.5568181818181818, 7.857855628756654e-05
1.1122159090909092, 0.5795454545454546, 7.862513428786686e-05
1.1122159090909092, 0.6022727272727273, 7.862513428786686e-05
1.1122159090909092, 0.625, 7.862513428786686e-05
1.1122159090909092, 0.6477272727272727, 7.862513428786686e-05
1.1122159090909092, 0.6704545454545454, 7.862513428786686e-05
1.1122159090909092, 0.6931818181818182, 6.722794569975395e-05
1.1122159090909092, 0.7159090909090909, 6.722794569975395e-05
1.1122159090909092, 0.7386363636363636, 6.722794569975395e-05
1.1122159090909092, 0.7613636363636364, 6.722794569975395e-05
1.1122159090909092, 0.7840909090909091, 6.722794569975395e-05
1.1122159090909092, 0.8068181818181818, 6.722794569975395e-05
1.1122159090909092, 0.8295454545454546, 4.194990793362791e-05
1.1122159090909092, 0.8522727272727273, 4.194990793362791e-05
1.1122159090909092, 0.875, 4.194990793362791e-05
1.1122159090909092, 0.8977272727272727, 4.194990793362791e-05
1.1122159090909092, 0.9204545454545454, 4.194990793362791e-05
1.1122159090909092, 0.9431818181818182, 0.0
1.1122159090909092, 0.9659090909090909, 0.0
1.1122159090909092, 0.9886363636363636, 0.0
1.1321022727272727, 0.011363636363636364, 0.0
1.1321022727272727, 0.03409090909090909, 0.0
1.1321022727272727, 0.056818181818181816, 0.0
1.1321022727272727, 0.07954545454545454, 2.857701916117991e-05
1.1321022727272727, 0.10227272727272728, 2.857701916117991e-05
1.1321022727272727, 0.125, 2.857701916117991e-05
1.1321022727272727, 0.14772727272727273, 2.857701916117991e-05
1.1321022727272727, 0.17045454545454544, 2.857701916117991e-05
1.1321022727272727, 0.19318181818181818, 5.201125168491549e-05
1.1321022727272727, 0.2159090909090909, 5.201125168491549e-05
1.1321022727272727, 0.23863636363636365, 5.201125168491549e-05
1.1321022727272727, 0.26136363636363635, 5.201125168491549e-05
1.1321022727272727, 0.2840909090909091, 5.201125168491549e-05
1.1321022727272727, 0.3068181818181818, 5.201125168491549e-05
1.1321022727272727, 0.32954545454545453, 6.91420939857996e-05
1.1321022727272727, 0.3522727272727273, 6.91420939857996e-05
1.1321022727272727, 0.375, 6.91420939857996e-05
1.1321022727272727, 0.3977272727272727, 6.91420939857996e-05
1.1321022727272727, 0.42045454545454547, 6.91420939857996e-05
1.1321022727272727, 0.4431818181818182, 7.857855628756654e-05
1.1321022727272727, 0.4659090909090909, 7.857855628756654e-05
1.1321022727272727, 0.48863636363636365, 7.857855628756654e-05
1.1321022727272727, 0.5113636363636364, 7.857855628756654e-05
1.1321022727272727, 0.5340909090909091, 7.857855628756654e-05
1.1321022727272727, 0.5568181818181818, 7.857855628756654e-05
1.1321022727272727, 0.5795454545454546, 7.862513428786686e-05
1.1321022727272727, 0.6022727272727273, 7.862513428786686e-05
1.1321022727272727, 0.625, 7.862513428786686e-05
1.1321022727272727, 0.6477272727272727, 7.862513428786686e-05
1.1321022727272727, 0.6704545454545454, 7.862513428786686e-05
1.1321022727272727, 0.6931818181818182, 6.722794569975395e-05
1.1321022727272727, 0.7159090909090909, 6.722794569975395e-05
1.1321022727272727, 0.7386363636363636, 6.722794569975395e-05
1.1321022727272727, 0.7613636363636364, 6.722794569975395e-05
1.1321022727272727, 0.7840909090909091, 6.722794569975395e-05
1.1321022727272727, 0.8068181818181818, 6.722794569975395e-05
1.1321022727272727, 0.8295454545454546, 4.194990793362791e-05
1.1321022727272727, 0.8522727272727273, 4.194990793362791e-05
1.1321022727272727, 0.875, 4.194990793362791e-05
1.1321022727272727, 0.8977272727272727, 4.194990793362791e-05
1.1321022727272727, 0.9204545454545454, 4.194990793362791e-05
1.1321022727272727, 0.9431818181818182, 0.0
1.1321022727272727, 0.9659090909090909, 0.0
1.1321022727272727, 0.9886363636363636, 0.0
1.1519886363636362, 0.011363636363636364, 0.0
1.1519886363636362, 0.03409090909090909, 0.0
1.1519886363636362, 0.056818181818181816, 0.0
1.1519886363636362, 0.07954545454545454, 2.857701916117991e-05
1.1519886363636362, 0.10227272727272728, 2.857701916117991e-05
1.1519886363636362, 0.125, 2.857701916117991e-05
1.1519886363636362, 0.14772727272727273, 2.857701916117991e-05
1.1519886363636362, 0.17045454545454544, 2.857701916117991e-05
1.1519886363636362, 0.19318181818181818, 5.201125168491549e-05
1.1519886363636362, 0.2159090909090909, 5.201125168491549e-05
1.1519886363636362, 0.23863636363636365, 5.201125168491549e-05
1.1519886363636362, 0.26136363636363635, 5.201125168491549e-05
1.1519886363636362, 0.2840909090909091, 5.201125168491549e-05
1.1519886363636362, 0.3068181818181818, 5.201125168491549e-05
1.1519886363636362, 0.32954545454545453, 6.91420939857996e-05
1.1519886363636362, 0.3522727272727273, 6.91420939857996e-05
1.1519886363636362, 0.375, 6.91420939857996e-05
1.1519886363636362, 0.3977272727272727, 6.91420939857996e-05
1.1519886363636362, 0.42045454545454547, 6.91420939857996e-05
1.1519886363636362, 0.4431818181818182, 7.857855628756654e-05
1.1519886363636362, 0.4659090909090909, 7.857855628756654e-05
1.1519886363636362, 0.48863636363636365, 7.857855628756654e-05
1.1519886363636362, 0.5113636363636364, 7.857855628756654e-05
1.1519886363636362, 0.5340909090909091, 7.857855628756654e-05
1.1519886363636362, 0.5568181818181818, 7.857855628756654e-05
1.1519886363636362, 0.5795454545454546, 7.862513428786686e-05
1.1519886363636362, 0.6022727272727273, 7.862513428786686e-05
1.1519886363636362, 0.625, 7.862513428786686e-05
1.1519886363636362, 0.6477272727272727, 7.862513428786686e-05
1.1519886363636362, 0.6704545454545454, 7.862513428786686e-05
1.1519886363636362, 0.6931818181818182, 6.722794569975395e-05
1.1519886363636362, 0.7159090909090909, 6.722794569975395e-05
1.1519886363636362, 0.7386363636363636, 6.722794569975395e-05
1.1519886363636362, 0.7613636363636364, 6.722794569975395e-05
1.1519886363636362, 0.7840909090909091, 6.722794569975395e-05
1.1519886363636362, 0.8068181818181818, 6.722794569975395e-05
1.1519886363636362, 0.8295454545454546, 4.194990793362791e-05
1.1519886363636362, 0.8522727272727273, 4.194990793362791e-05
1.1519886363636362, 0.875, 4.194990793362791e-05
1.1519886363636362, 0.8977272727272727, 4.194990793362791e-05
1.1519886363636362, 0.9204545454545454, 4.194990793362791e-05
1.1519886363636362, 0.9431818181818182, 0.0
1.1519886363636362, 0.9659090909090909, 0.0
1.1519886363636362, 0.9886363636363636, 0.0
1.171875, 0.011363636363636364, 0.0
1.171875, 0.03409090909090909, 0.0
1.171875, 0.056818181818181816, 0.0
1.171875, 0.07954545454545454, 2.857701916117991e-05
1.171875, 0.10227272727272728, 2.857701916117991e-05
1.171875, 0.125, 2.857701916117991e-05
1.171875, 0.14772727272727273, 2.857701916117991e-05
1.171875, 0.17045454545454544, 2.857701916117991e-05
1.171875, 0.19318181818181818, 5.201125168491549e-05
1.171875, 0.2159090909090909, 5.201125168491549e-05
1.171875, 0.23863636363636365, 5.201125168491549e-05
1.171875, 0.26136363636363635, 5.201125168491549e-05
1.171875, 0.2840909090909091, 5.201125168491549e-05
1.171875, 0.3068181818181818, 5.201125168491549e-05
1.171875, 0.32954545454545453, 6.91420939857996e-05
1.171875, 0.3522727272727273, 6.91420939857996e-05
1.171875, 0.375, 6.91420939857996e-05
1.171875, 0.3977272727272727, 6.91420939857996e-05
1.171875, 0.42045454545454547, 6.91420939857996e-05
1.171875, 0.4431818181818182, 7.857855628756654e-05
1.171875, 0.4659090909090909, 7.857855628756654e-05
1.171875, 0.48863636363636365, 7.857855628756654e-05
1.171875, 0.5113636363636364, 7.857855628756654e-05
1.171875, 0.5340909090909091, 7.857855628756654e-05
1.171875, 0.5568181818181818, 7.857855628756654e-05
1.171875, 0.5795454545454546, 7.862513428786686e-05
1.171875, 0.6022727272727273, 7.862513428786686e-05
1.171875, 0.625, 7.862513428786686e-05
1.171875, 0.6477272727272727, 7.862513428786686e-05
1.171875, 0.6704545454545454, 7.862513428786686e-05
1.171875, 0.6931818181818182, 6.722794569975395e-05
1.171875, 0.7159090909090909, 6.722794569975395e-05
1.171875, 0.7386363636363636, 6.722794569975395e-05
1.171875, 0.7613636363636364, 6.722794569975395e-05
1.171875, 0.7840909090909091, 6.722794569975395e-05
1.171875, 0.8068181818181818, 6.722794569975395e-05
1.171875, 0.8295454545454546, 4.194990793362791e-05
1.171875, 0.8522727272727273, 4.194990793362791e-05
1.171875, 0.875, 4.194990793362791e-05
1.171875, 0.8977272727272727, 4.194990793362791e-05
1.171875, 0.9204545454545454, 4.194990793362791e-05
1.171875, 0.9431818181818182, 0.0
1.171875, 0.9659090909090909, 0.0
1.171875, 0.9886363636363636, 0.0
1.1917613636363638, 0.011363636363636364, 0.0
1.1917613636363638, 0.03409090909090909, 0.0
1.1917613636363638, 0.056818181818181816, 0.0
1.1917613636363638, 0.07954545454545454, 1.9546645652032952e-05
1.1917613636363638, 0.10227272727272728, 1.9546645652032952e-05
1.1917613636363638, 0.125, 1.9546645652032952e-05
1.1917613636363638, 0.14772727272727273, 1.9546645652032952e-05
1.1917613636363638, 0.17045454545454544, 1.9546645652032952e-05
1.1917613636363638, 0.19318181818181818, 3.5578079168238924e-05
1.1917613636363638, 0.2159090909090909, 3.5578079168238924e-05
1.1917613636363638, 0.23863636363636365, 3.5578079168238924e-05
1.1917613636363638, 0.26136363636363635, 3.5578079168238924e-05
1.1917613636363638, 0.2840909090909091, 3.5578079168238924e-05
1.1917613636363638, 0.3068181818181818, 3.5578079168238924e-05
1.1917613636363638, 0.32954545454545453, 4.728048663382426e-05
1.1917613636363638, 0.3522727272727273, 4.728048663382426e-05
1.1917613636363638, 0.375, 4.728048663382426e-05
1.1917613636363638, 0.3977272727272727, 4.728048663382426e-05
1.1917613636363638, 0.42045454545454547, 4.728048663382426e-05
1.1917613636363638, 0.4431818181818182, 5.369189556551256e-05
1.1917613636363638, 0.4659090909090909, 5.369189556551256e-05
1.1917613636363638, 0.48863636363636365, 5.369189556551256e-05
1.1917613636363638, 0.5113636363636364, 5.369189556551256e-05
1.1917613636363638, 0.5340909090909091, 5.369189556551256e-05
1.1917613636363638, 0.5568181818181818, 5.369189556551256e-05
1.1917613636363638, 0.5795454545454546, 5.3658018729024333e-05
1.1917613636363638, 0.6022727272727273, 5.3658018729024333e-05
1.1917613636363638, 0.625, 5.3658018729024333e-05
1.1917613636363638, 0.6477272727272727, 5.3658018729024333e-05
1.1917613636363638, 0.6704545454545454, 5.3658018729024333e-05
1.1917613636363638, 0.6931818181818182, 4.580279631169928e-05
1.1917613636363638, 0.7159090909090909, 4.580279631169928e-05
1.1917613636363638, 0.7386363636363636, 4.580279631169928e-05
1.1917613636363638, 0.7613636363636364, 4.580279631169928e-05
1.1917613636363638, 0.7840909090909091, 4.580279631169928e-05
1.1917613636363638, 0.8068181818181818, 4.580279631169928e-05
1.1917613636363638, 0.8295454545454546, 2.8520330770278922e-05
1.1917613636363638, 0.8522727272727273, 2.8520330770278922e-05
1.1917613636363638, 0.875, 2.8520330770278922e-05
1.1917613636363638, 0.8977272727272727, 2.8520330770278922e-05
1.1917613636363638, 0.9204545454545454, 2.8520330770278922e-05
1.1917613636363638, 0.9431818181818182, 0.0
1.1917613636363638, 0.9659090909090909, 0.0
1.1917613636363638, 0.9886363636363636, 0.0
1.2116477272727273, 0.011363636363636364, 0.0
1.2116477272727273, 0.03409090909090909, 0.0
1.2116477272727273, 0.056818181818181816, 0.0
1.2116477272727273, 0.07954545454545454, 1.9546645652032952e-05
1.2116477272727273, 0.10227272727272728, 1.9546645652032952e-05
1.2116477272727273, 0.125, 1.9546645652032952e-05
1.2116477272727273, 0.14772727272727273, 1.9546645652032952e-05
1.2116477272727273, 0.17045454545454544, 1.9546645652032952e-05
1.2116477272727273, 0.19318181818181818, 3.5578079168238924e-05
1.2116477272727273, 0.2159090909090909, 3.5578079168238924e-05
1.2116477272727273, 0.23863636363636365, 3.5578079168238924e-05
1.2116477272727273, 0.26136363636363635, 3.5578079168238924e-05
1.2116477272727273, 0.2840909090909091, 3.5578079168238924e-05
1.2116477272727273, 0.3068181818181818, 3.5578079168238924e-05
1.2116477272727273, 0.32954545454545453, 4.728048663382426e-05
1.2116477272727273, 0.3522727272727273, 4.728048663382426e-05
1.2116477272727273, 0.375, 4.728048663382426e-05
1.2116477272727273, 0.3977272727272727, 4.728048663382426e-05
1.2116477272727273, 0.42045454545454547, 4.728048663382426e-05
1.2116477272727273, 0.4431818181818182, 5.369189556551256e-05
1.2116477272727273, 0.4659090909090909, 5.369189556551256e-05
1.2116477272727273, 0.48863636363636365, 5.369189556551256e-05
1.2116477272727273, 0.5113636363636364, 5.369189556551256e-05
1.2116477272727273, 0.5340909090909091, 5.369189556551256e-05
1.2116477272727273, 0.5568181818181818, 5.369189556551256e-05
1.2116477272727273, 0.5795454545454546, 5.3658018729024333e-05
1.2116477272727273, 0.6022727272727273, 5.3658018729024333e-05
1.2116477272727273, 0.625, 5.3658018729024333e-05
1.2116477272727273, 0.6477272727272727, 5.3658018729024333e-05
1.2116477272727273, 0.6704545454545454, 5.3658018729024333e-05
1.2116477272727273, 0.6931818181818182, 4.580279631169928e-05
1.2116477272727273, 0.7159090909090909, 4.580279631169928e-05
1.2116477272727273, 0.7386363636363636, 4.580279631169928e-05
1.2116477272727273, 0.7613636363636364, 4.580279631169928e-05
1.2116477272727273, 0.7840909090909091, 4.580279631169928e-05
1.2116477272727273, 0.8068181818181818, 4.580279631169928e-05
1.2116477272727273, 0.8295454545454546, 2.8520330770278922e-05
1.2116477272727273, 0.8522727272727273, 2.8520330770278922e-05
1.2116477272727273, 0.875, 2.8520330770278922e-05
1.2116477272727273, 0.8977272727272727, 2.8520330770278922e-05
1.2116477272727273, 0.9204545454545454, 2.8520330770278922e-05
1.2116477272727273, 0.9431818181818182, 0.0
1.2116477272727273, 0.9659090909090909, 0.0
1.2116477272727273, 0.9886363636363636, 0.0
1.2315340909090908, 0.011363636363636364, 0.0
1.2315340909090908, 0.03409090909090909, 0.0
1.2315340909090908, 0.056818181818181816, 0.0
1.2315340909090908, 0.07954545454545454, 1.9546645652032952e-05
1.2315340909090908, 0.10227272727272728, 1.9546645652032952e-05
1.2315340909090908, 0.125, 1.9546645652032952e-05
1.2315340909090908, 0.14772727272727273, 1.9546645652032952e-05
1.2315340909090908, 0.17045454545454544, 1.9546645652032952e-05
1.2315340909090908, 0.19318181818181818, 3.5578079168238924e-05
1.2315340909090908, 0.2159090909090909, 3.5578079168238924e-05
1.2315340909090908, 0.23863636363636365, 3.5578079168238924e-05
1.2315340909090908, 0.26136363636363635, 3.5578079168238924e-05
1.2315340909090908, 0.2840909090909091, 3.5578079168238924e-05
1.2315340909090908, 0.3068181818181818, 3.5578079168238924e-05
1.2315340909090908, 0.32954545454545453, 4.728048663382426e-05
1.2315340909090908, 0.3522727272727273, 4.728048663382426e-05
1.2315340909090908, 0.375, 4.728048663382426e-05
1.2315340909090908, 0.3977272727272727, 4.728048663382426e-05
1.2315340909090908, 0.42045454545454547, 4.728048663382426e-05
1.2315340909090908, 0.4431818181818182, 5.369189556551256e-05
1.2315340909090908, 0.4659090909090909, 5.369189556551256e-05
1.2315340909090908, 0.48863636363636365, 5.369189556551256e-05
1.2315340909090908, 0.5113636363636364, 5.369189556551256e-05
1.2315340909090908, 0.5340909090909091, 5.369189556551256e-05
1.2315340909090908, 0.5568181818181818, 5.369189556551256e-05
1.2315340909090908, 0.5795454545454546, 5.3658018729024333e-05
1.2315340909090908, 0.6022727272727273, 5.3658018729024333e-05
1.2315340909090908, 0.625, 5.3658018729024333e-05
1.2315340909090908, 0.6477272727272727, 5.3658018729024333e-05
1.2315340909090908, 0.6704545454545454, 5.3658018729024333e-05
1.2315340909090908, 0.6931818181818182, 4.580279631169928e-05
1.2315340909090908, 0.7159090909090909, 4.580279631169928e-05
1.2315340909090908, 0.7386363636363636, 4.580279631169928e-05
1.2315340909090908, 0.7613636363636364, 4.580279631169928e-05
1.2315340909090908, 0.7840909090909091, 4.580279631169928e-05
1.2315340909090908, 0.8068181818181818, 4.580279631169928e-05
1.2315340909090908, 0.8295454545454546, 2.8520330770278922e-05
1.2315340909090908, 0.8522727272727273, 2.8520330770278922e-05
1.2315340909090908, 0.875, 2.8520330770278922e-05
1.2315340909090908, 0.8977272727272727, 2.8520330770278922e-05
1.2315340909090908, 0.9204545454545454, 2.8520330770278922e-05
1.2315340909090908, 0.9431818181818182, 0.0
1.2315340909090908, 0.9659090909090909, 0.0
1.2315340909090908, 0.9886363636363636, 0.0
1.2514204545454546, 0.011363636363636364, 0.0
1.2514204545454546, 0.03409090909090909, 0.0
1.2514204545454546, 0.056818181818181816, 0.0
1.2514204545454546, 0.07954545454545454, 1.9546645652032952e-05
1.2514204545454546, 0.10227272727272728, 1.9546645652032952e-05
1.2514204545454546, 0.125, 1.9546645652032952e-05
1.2514204545454546, 0.14772727272727273, 1.9546645652032952e-05
1.2514204545454546, 0.17045454545454544, 1.9546645652032952e-05
1.2514204545454546, 0.19318181818181818, 3.5578079168238924e-05
1.2514204545454546, 0.2159090909090909, 3.5578079168238924e-05
1.2514204545454546, 0.23863636363636365, 3.5578079168238924e-05
1.2514204545454546, 0.26136363636363635, 3.5578079168238924e-05
1.2514204545454546, 0.2840909090909091, 3.5578079168238924e-05
1.2514204545454546, 0.3068181818181818, 3.5578079168238924e-05
1.2514204545454546, 0.32954545454545453, 4.728048663382426e-05
1.2514204545454546, 0.3522727272727273, 4.728048663382426e-05
1.2514204545454546, 0.375, 4.728048663382426e-05
1.2514204545454546, 0.3977272727272727, 4.728048663382426e-05
1.2514204545454546, 0.42045454545454547, 4.728048663382426e-05
1.2514204545454546, 0.4431818181818182, 5.369189556551256e-05
1.2514204545454546, 0.4659090909090909, 5.369189556551256e-05
1.2514204545454546, 0.48863636363636365, 5.369189556551256e-05
1.2514204545454546, 0.5113636363636364, 5.369189556551256e-05
1.2514204545454546, 0.5340909090909091, 5.369189556551256e-05
1.2514204545454546, 0.5568181818181818, 5.369189556551256e-05
1.2514204545454546, 0.5795454545454546, 5.3658018729024333e-05
1.2514204545454546, 0.6022727272727273, 5.3658018729024333e-05
1.2514204545454546, 0.625, 5.3658018729024333e-05
1.2514204545454546, 0.6477272727272727, 5.3658018729024333e-05
1.2514204545454546, 0.6704545454545454, 5.3658018729024333e-05
1.2514204545454546, 0.6931818181818182, 4.580279631169928e-05
1.2514204545454546, 0.7159090909090909, 4.580279631169928e-05
1.2514204545454546, 0.7386363636363636, 4.580279631169928e-05
1.2514204545454546, 0.7613636363636364, 4.580279631169928e-05
1.2514204545454546, 0.7840909090909091, 4.580279631169928e-05
1.2514204545454546, 0.8068181818181818, 4.580279631169928e-05
1.2514204545454546, 0.8295454545454546, 2.8520330770278922e-05
1.2514204545454546, 0.8522727272727273, 2.8520330770278922e-05
1.2514204545454546, 0.875, 2.8520330770278922e-05
1.2514204545454546, 0.8977272727272727, 2.8520330770278922e-05
1.2514204545454546, 0.9204545454545454, 2.8520330770278922e-05
1.2514204545454546, 0.9431818181818182, 0.0
1.2514204545454546, 0.9659090909090909, 0.0
1.2514204545454546, 0.9886363636363636, 0.0
1.2713068181818183, 0.011363636363636364, 0.0
1.2713068181818183, 0.03409090909090909, 0.0
1.2713068181818183, 0.056818181818181816, 0.0
1.2713068181818183, 0.07954545454545454, 1.9546645652032952e-05
1.2713068181818183, 0.10227272727272728, 1.9546645652032952e-05
1.2713068181818183, 0.125, 1.9546645652032952e-05
1.2713068181818183, 0.14772727272727273, 1.9546645652032952e-05
1.2713068181818183, 0.17045454545454544, 1.9546645652032952e-05
1.2713068181818183, 0.19318181818181818, 3.5578079168238924e-05
1.2713068181818183, 0.2159090909090909, 3.5578079168238924e-05
1.2713068181818183, 0.23863636363636365, 3.5578079168238924e-05
1.2713068181818183, 0.26136363636363635, 3.5578079168238924e-05
1.2713068181818183, 0.2840909090909091, 3.5578079168238924e-05
1.2713068181818183, 0.3068181818181818, 3.5578079168238924e-05
1.2713068181818183, 0.32954545454545453, 4.728048663382426e-05
1.2713068181818183, 0.3522727272727273, 4.728048663382426e-05
1.2713068181818183, 0.375, 4.728048663382426e-05
1.2713068181818183, 0.3977272727272727, 4.728048663382426e-05
1.2713068181818183, 0.42045454545454547, 4.728048663382426e-05
1.2713068181818183, 0.4431818181818182, 5.369189556551256e-05
1.2713068181818183, 0.4659090909090909, 5.369189556551256e-05
1.2713068181818183, 0.48863636363636365, 5.369189556551256e-05
1.2713068181818183, 0.5113636363636364, 5.369189556551256e-05
1.2713068181818183, 0.5340909090909091, 5.369189556551256e-05
1.2713068181818183, 0.5568181818181818, 5.369189556551256e-05
1.2713068181818183, 0.5795454545454546, 5.3658018729024333e-05
1.2713068181818183, 0.6022727272727273, 5.3658018729024333e-05
1.2713068181818183, 0.625, 5.3658018729024333e-05
1.2713068181818183, 0.6477272727272727, 5.3658018729024333e-05
1.2713068181818183, 0.6704545454545454, 5.3658018729024333e-05
1.2713068181818183, 0.6931818181818182, 4.580279631169928e-05
1.2713068181818183, 0.7159090909090909, 4.580279631169928e-05
1.2713068181818183, 0.7386363636363636, 4.580279631169928e-05
1.2713068181818183, 0.7613636363636364, 4.580279631169928e-05
1.2713068181818183, 0.7840909090909091, 4.580279631169928e-05
1.2713068181818183, 0.8068181818181818, 4.580279631169928e-05
1.2713068181818183, 0.8295454545454546, 2.8520330770278922e-05
1.2713068181818183, 0.8522727272727273, 2.8520330770278922e-05
1.2713068181818183, 0.875, 2.8520330770278922e-05
1.2713068181818183, 0.8977272727272727, 2.8520330770278922e-05
1.2713068181818183, 0.9204545454545454, 2.8520330770278922e-05
1.2713068181818183, 0.9431818181818182, 0.0
1.2713068181818183, 0.9659090909090909, 0.0
1.2713068181818183, 0.9886363636363636, 0.0
1.2911931818181817, 0.011363636363636364, 0.0
1.2911931818181817, 0.03409090909090909, 0.0
1.2911931818181817, 0.056818181818181816, 0.0
1.2911931818181817, 0.07954545454545454, 1.9546645652032952e-05
1.2911931818181817, 0.10227272727272728, 1.9546645652032952e-05
1.2911931818181817, 0.125, 1.9546645652032952e-05
1.2911931818181817, 0.14772727272727273, 1.9546645652032952e-05
1.2911931818181817, 0.17045454545454544, 1.9546645652032952e-05
1.2911931818181817, 0.19318181818181818, 3.5578079168238924e-05
1.2911931818181817, 0.2159090909090909, 3.5578079168238924e-05
1.2911931818181817, 0.23863636363636365, 3.5578079168238924e-05
1.2911931818181817, 0.26136363636363635, 3.5578079168238924e-05
1.2911931818181817, 0.2840909090909091, 3.5578079168238924e-05
1.2911931818181817, 0.3068181818181818, 3.5578079168238924e-05
1.2911931818181817, 0.32954545454545453, 4.728048663382426e-05
1.2911931818181817, 0.3522727272727273, 4.728048663382426e-05
1.2911931818181817, 0.375, 4.728048663382426e-05
1.2911931818181817, 0.3977272727272727, 4.728048663382426e-05
1.2911931818181817, 0.42045454545454547, 4.728048663382426e-05
1.2911931818181817, 0.4431818181818182, 5.369189556551256e-05
1.2911931818181817, 0.4659090909090909, 5.369189556551256e-05
1.2911931818181817, 0.48863636363636365, 5.369189556551256e-05
1.2911931818181817, 0.5113636363636364, 5.369189556551256e-05
1.2911931818181817, 0.5340909090909091, 5.369189556551256e-05
1.2911931818181817, 0.5568181818181818, 5.369189556551256e-05
1.2911931818181817, 0.5795454545454546, 5.3658018729024333e-05
1.2911931818181817, 0.6022727272727273, 5.3658018729024333e-05
1.2911931818181817, 0.625, 5.3658018729024333e-05
1.2911931818181817, 0.6477272727272727, 5.3658018729024333e-05
1.2911931818181817, 0.6704545454545454, 5.3658018729024333e-05
1.2911931818181817, 0.6931818181818182, 4.580279631169928e-05
1.2911931818181817, 0.7159090909090909, 4.580279631169928e-05
1.2911931818181817, 0.7386363636363636, 4.580279631169928e-05
1.2911931818181817, 0.7613636363636364, 4.580279631169928e-05
1.2911931818181817, 0.7840909090909091, 4.580279631169928e-05
1.2911931818181817, 0.8068181818181818, 4.580279631169928e-05
1.2911931818181817, 0.8295454545454546, 2.8520330770278922e-05
1.2911931818181817, 0.8522727272727273, 2.8520330770278922e-05
1.2911931818181817, 0.875, 2.8520330770278922e-05
1.2911931818181817, 0.8977272727272727, 2.8520330770278922e-05
1.2911931818181817, 0.9204545454545454, 2.8520330770278922e-05
1.2911931818181817, 0.9431818181818182, 0.0
1.2911931818181817, 0.9659090909090909, 0.0
1.2911931818181817, 0.9886363636363636, 0.0
1.3110795454545454, 0.011363636363636364, 0.0
1.3110795454545454, 0.03409090909090909, 0.0
1.3110795454545454, 0.056818181818181816, 0.0
1.3110795454545454, 0.07954545454545454, 1.9546645652032952e-05
1.3110795454545454, 0.10227272727272728, 1.9546645652032952e-05
1.3110795454545454, 0.125, 1.9546645652032952e-05
1.3110795454545454, 0.14772727272727273, 1.9546645652032952e-05
1.3110795454545454, 0.17045454545454544, 1.9546645652032952e-05
1.3110795454545454, 0.19318181818181818, 3.5578079168238924e-05
1.3110795454545454, 0.2159090909090909, 3.5578079168238924e-05
1.3110795454545454, 0.23863636363636365, 3.5578079168238924e-05
1.3110795454545454, 0.26136363636363635, 3.5578079168238924e-05
1.3110795454545454, 0.2840909090909091, 3.5578079168238924e-05
1.3110795454545454, 0.3068181818181818, 3.5578079168238924e-05
1.3110795454545454, 0.32954545454545453, 4.728048663382426e-05
1.3110795454545454, 0.3522727272727273, 4.728048663382426e-05
1.3110795454545454, 0.375, 4.728048663382426e-05
1.3110795454545454, 0.3977272727272727, 4.728048663382426e-05
1.3110795454545454, 0.42045454545454547, 4.728048663382426e-05
1.3110795454545454, 0.4431818181818182, 5.369189556551256e-05
1.3110795454545454, 0.4659090909090909, 5.369189556551256e-05
1.3110795454545454, 0.48863636363636365, 5.369189556551256e-05
1.3110795454545454, 0.5113636363636364, 5.369189556551256e-05
1.3110795454545454, 0.5340909090909091, 5.369189556551256e-05
1.3110795454545454, 0.5568181818181818, 5.369189556551256e-05
1.3110795454545454, 0.5795454545454546, 5.3658018729024333e-05
1.3110795454545454, 0.6022727272727273, 5.3658018729024333e-05
1.3110795454545454, 0.625, 5.3658018729024333e-05
1.3110795454545454, 0.6477272727272727, 5.3658018729024333e-05
1.3110795454545454, 0.6704545454545454, 5.3658018729024333e-05
1.3110795454545454, 0.6931818181818182, 4.580279631169928e-05
1.3110795454545454, 0.7159090909090909, 4.580279631169928e-05
1.3110795454545454, 0.7386363636363636, 4.580279631169928e-05
1.3110795454545454, 0.7613636363636364, 4.580279631169928e-05
1.3110795454545454, 0.7840909090909091, 4.580279631169928e-05
1.3110795454545454, 0.8068181818181818, 4.580279631169928e-05
1.3110795454545454, 0.8295454545454546, 2.8520330770278922e-05
1.3110795454545454, 0.8522727272727273, 2.8520330770278922e-05
1.3110795454545454, 0.875, 2.8520330770278922e-05
1.3110795454545454, 0.8977272727272727, 2.8520330770278922e-05
1.3110795454545454, 0.9204545454545454, 2.8520330770278922e-05
1.3110795454545454, 0.9431818181818182, 0.0
1.3110795454545454, 0.9659090909090909, 0.0
1.3110795454545454, 0.9886363636363636, 0.0
1.3309659090909092, 0.011363636363636364, 0.0
1.3309659090909092, 0.03409090909090909, 0.0
1.3309659090909092, 0.056818181818181816, 0.0
1.3309659090909092, 0.07954545454545454, 9.936135053972479e-06
1.3309659090909092, 0.10227272727272728, 9.936135053972479e-06
1.3309659090909092, 0.125, 9.936135053972479e-06
1.3309659090909092, 0.14772727272727273, 9.936135053972479e-06
1.3309659090909092, 0.17045454545454544, 9.936135053972479e-06
1.3309659090909092, 0.19318181818181818, 1.807499071553386e-05
1.3309659090909092, 0.2159090909090909, 1.807499071553386e-05
1.3309659090909092, 0.23863636363636365, 1.807499071553386e-05
1.3309659090909092, 0.26136363636363635, 1.807499071553386e-05
1.3309659090909092, 0.2840909090909091, 1.807499071553386e-05
1.3309659090909092, 0.3068181818181818, 1.807499071553386e-05
1.3309659090909092, 0.32954545454545453, 2.40085436510912e-05
1.3309659090909092, 0.3522727272727273, 2.40085436510912e-05
1.3309659090909092, 0.375, 2.40085436510912e-05
1.3309659090909092, 0.3977272727272727, 2.40085436510912e-05
1.3309659090909092, 0.42045454545454547, 2.40085436510912e-05
1.3309659090909092, 0.4431818181818182, 2.7248391801119872e-05
1.3309659090909092, 0.4659090909090909, 2.7248391801119872e-05
1.3309659090909092, 0.48863636363636365, 2.7248391801119872e-05
1.3309659090909092, 0.5113636363636364, 2.7248391801119872e-05
1.3309659090909092, 0.5340909090909091, 2.7248391801119872e-05
1.3309659090909092, 0.5568181818181818, 2.7248391801119872e-05
1.3309659090909092, 0.5795454545454546, 2.7211319775030322e-05
1.3309659090909092, 0.6022727272727273, 2.7211319775030322e-05
1.3309659090909092, 0.625, 2.7211319775030322e-05
1.3309659090909092, 0.6477272727272727, 2.7211319775030322e-05
1.3309659090909092, 0.6704545454545454, 2.7211319775030322e-05
1.3309659090909092, 0.6931818181818182, 2.3207552334908093e-05
1.3309659090909092, 0.7159090909090909, 2.3207552334908093e-05
1.3309659090909092, 0.7386363636363636, 2.3207552334908093e-05
1.3309659090909092, 0.7613636363636364, 2.3207552334908093e-05
1.3309659090909092, 0.7840909090909091, 2.3207552334908093e-05
1.3309659090909092, 0.8068181818181818, 2.3207552334908093e-05
1.3309659090909092, 0.8295454545454546, 1.4437660762984873e-05
1.3309659090909092, 0.8522727272727273, 1.4437660762984873e-05
1.3309659090909092, 0.875, 1.4437660762984873e-05
1.3309659090909092, 0.8977272727272727, 1.4437660762984873e-05
1.3309659090909092, 0.9204545454545454, 1.4437660762984873e-05
1.3309659090909092, 0.9431818181818182, 0.0
1.3309659090909092, 0.9659090909090909, 0.0
1.3309659090909092, 0.9886363636363636, 0.0
1.3508522727272727, 0.011363636363636364, 0.0
1.3508522727272727, 0.03409090909090909, 0.0
1.3508522727272727, 0.056818181818181816, 0.0
1.3508522727272727, 0.07954545454545454, 9.936135053972479e-06
1.3508522727272727, 0.10227272727272728, 9.936135053972479e-06
1.3508522727272727, 0.125, 9.936135053972479e-06
1.3508522727272727, 0.14772727272727273, 9.936135053972479e-06
1.3508522727272727, 0.17045454545454544, 9.936135053972479e-06
1.3508522727272727, 0.19318181818181818, 1.807499071553386e-05
1.3508522727272727, 0.2159090909090909, 1.807499071553386e-05
1.3508522727272727, 0.23863636363636365, 1.807499071553386e-05
1.3508522727272727, 0.26136363636363635, 1.807499071553386e-05
1.3508522727272727, 0.2840909090909091, 1.807499071553386e-05
1.3508522727272727, 0.3068181818181818, 1.807499071553386e-05
1.3508522727272727, 0.32954545454545453, 2.40085436510912e-05
1.3508522727272727, 0.3522727272727273, 2.40085436510912e-05
1.3508522727272727, 0.375, 2.40085436510912e-05
1.3508522727272727, 0.3977272727272727, 2.40085436510912e-05
1.3508522727272727, 0.42045454545454547, 2.40085436510912e-05
1.3508522727272727, 0.4431818181818182, 2.7248391801119872e-05
1.3508522727272727, 0.4659090909090909, 2.7248391801119872e-05
1.3508522727272727, 0.48863636363636365, 2.7248391801119872e-05
1.3508522727272727, 0.5113636363636364, 2.7248391801119872e-05
1.3508522727272727, 0.5340909090909091, 2.7248391801119872e-05
1.3508522727272727, 0.5568181818181818, 2.7248391801119872e-05
1.3508522727272727, 0.5795454545454546, 2.7211319775030322e-05
1.3508522727272727, 0.6022727272727273, 2.7211319775030322e-05
1.3508522727272727, 0.625, 2.7211319775030322e-05
1.3508522727272727, 0.6477272727272727, 2.7211319775030322e-05
1.3508522727272727, 0.6704545454545454, 2.7211319775030322e-05
1.3508522727272727, 0.6931818181818182, 2.3207552334908093e-05
1.3508522727272727, 0.7159090909090909, 2.3207552334908093e-05
1.3508522727272727, 0.7386363636363636, 2.3207552334908093e-05
1.3508522727272727, 0.7613636363636364, 2.3207552334908093e-05
1.3508522727272727, 0.7840909090909091, 2.3207552334908093e-05
1.3508522727272727, 0.8068181818181818, 2.3207552334908093e-05
1.3508522727272727, 0.8295454545454546, 1.4437660762984873e-05
1.3508522727272727, 0.8522727272727273, 1.4437660762984873e-05
1.3508522727272727, 0.875, 1.4437660762984873e-05
1.3508522727272727, 0.8977272727272727, 1.4437660762984873e-05
1.3508522727272727, 0.9204545454545454, 1.4437660762984873e-05
1.3508522727272727, 0.9431818181818182, 0.0
1.3508522727272727, 0.9659090909090909, 0.0
1.3508522727272727, 0.9886363636363636, 0.0
1.3707386363636362, 0.011363636363636364, 0.0
1.3707386363636362, 0.03409090909090909, 0.0
1.3707386363636362, 0.056818181818181816, 0.0
1.3707386363636362, 0.07954545454545454, 9.936135053972479e-06
1.3707386363636362, 0.10227272727272728, 9.936135053972479e-06
1.3707386363636362, 0.125, 9.936135053972479e-06
1.3707386363636362, 0.14772727272727273, 9.936135053972479e-06
1.3707386363636362, 0.17045454545454544, 9.936135053972479e-06
1.3707386363636362, 0.19318181818181818, 1.807499071553386e-05
1.3707386363636362, 0.2159090909090909, 1.807499071553386e-05
1.3707386363636362, 0.23863636363636365, 1.807499071553386e-05
1.3707386363636362, 0.26136363636363635, 1.807499071553386e-05
1.3707386363636362, 0.2840909090909091, 1.807499071553386e-05
1.3707386363636362, 0.3068181818181818, 1.807499071553386e-05
1.3707386363636362, 0.32954545454545453, 2.40085436510912e-05
1.3707386363636362, 0.3522727272727273, 2.40085436510912e-05
1.3707386363636362, 0.375, 2.40085436510912e-05
1.3707386363636362, 0.3977272727272727, 2.40085436510912e-05
1.3707386363636362, 0.42045454545454547, 2.40085436510912e-05
1.3707386363636362, 0.4431818181818182, 2.7248391801119872e-05
1.3707386363636362, 0.4659090909090909, 2.7248391801119872e-05
1.3707386363636362, 0.48863636363636365, 2.7248391801119872e-05
1.3707386363636362, 0.5113636363636364, 2.7248391801119872e-05
1.3707386363636362, 0.5340909090909091, 2.7248391801119872e-05
1.3707386363636362, 0.5568181818181818, 2.7248391801119872e-05
1.3707386363636362, 0.5795454545454546, 2.7211319775030322e-05
1.3707386363636362, 0.6022727272727273, 2.7211319775030322e-05
1.3707386363636362, 0.625, 2.7211319775030322e-05
1.3707386363636362, 0.6477272727272727, 2.7211319775030322e-05
1.3707386363636362, 0.6704545454545454, 2.7211319775030322e-05
1.3707386363636362, 0.6931818181818182, 2.3207552334908093e-05
1.3707386363636362, 0.7159090909090909, 2.3207552334908093e-05
1.3707386363636362, 0.7386363636363636, 2.3207552334908093e-05
1.3707386363636362, 0.7613636363636364, 2.3207552334908093e-05
1.3707386363636362, 0.7840909090909091, 2.3207552334908093e-05
1.3707386363636362, 0.8068181818181818, 2.3207552334908093e-05
1.3707386363636362, 0.8295454545454546, 1.4437660762984873e-05
1.3707386363636362, 0.8522727272727273, 1.4437660762984873e-05
1.3707386363636362, 0.875, 1.4437660762984873e-05
1.3707386363636362, 0.8977272727272727, 1.4437660762984873e-05
1.3707386363636362, 0.9204545454545454, 1.4437660762984873e-05
1.3707386363636362, 0.9431818181818182, 0.0
1.3707386363636362, 0.9659090909090909, 0.0
1.3707386363636362, 0.9886363636363636, 0.0
1.390625, 0.011363636363636364, 0.0
1.390625, 0.03409090909090909, 0.0
1.390625, 0.056818181818181816, 0.0
1.390625, 0.07954545454545454, 9.936135053972479e-06
1.390625, 0.10227272727272728, 9.936135053972479e-06
1.390625, 0.125, 9.936135053972479e-06
1.390625, 0.14772727272727273, 9.936135053972479e-06
1.390625, 0.17045454545454544, 9.936135053972479e-06
1.390625, 0.19318181818181818, 1.807499071553386e-05
1.390625, 0.2159090909090909, 1.807499071553386e-05
1.390625, 0.23863636363636365, 1.807499071553386e-05
1.390625, 0.26136363636363635, 1.807499071553386e-05
1.390625, 0.2840909090909091, 1.807499071553386e-05
1.390625, 0.3068181818181818, 1.807499071553386e-05
1.390625, 0.32954545454545453, 2.40085436510912e-05
1.390625, 0.3522727272727273, 2.40085436510912e-05
1.390625, 0.375, 2.40085436510912e-05
1.390625, 0.3977272727272727, 2.40085436510912e-05
1.390625, 0.42045454545454547, 2.40085436510912e-05
1.390625, 0.4431818181818182, 2.7248391801119872e-05
1.390625, 0.4659090909090909, 2.7248391801119872e-05
1.390625, 0.48863636363636365, 2.7248391801119872e-05
1.390625, 0.5113636363636364, 2.7248391801119872e-05
1.390625, 0.5340909090909091, 2.7248391801119872e-05
1.390625, 0.5568181818181818, 2.7248391801119872e-05
1.390625, 0.5795454545454546, 2.7211319775030322e-05
1.390625, 0.6022727272727273, 2.7211319775030322e-05
1.390625, 0.625, 2.7211319775030322e-05
1.390625, 0.6477272727272727, 2.7211319775030322e-05
1.390625, 0.6704545454545454, 2.7211319775030322e-05
1.390625, 0.6931818181818182, 2.3207552334908093e-05
1.390625, 0.7159090909090909, 2.3207552334908093e-05
1.390625, 0.7386363636363636, 2.3207552334908093e-05
1.390625, 0.7613636363636364, 2.3207552334908093e-05
1.390625, 0.7840909090909091, 2.3207552334908093e-05
1.390625, 0.8068181818181818, 2.3207552334908093e-05
1.390625, 0.8295454545454546, 1.4437660762984873e-05
1.390625, 0.8522727272727273, 1.4437660762984873e-05
1.390625, 0.875, 1.4437660762984873e-05
1.390625, 0.8977272727272727, 1.4437660762984873e-05
1.390625, 0.9204545454545454, 1.4437660762984873e-05
1.390625, 0.9431818181818182, 0.0
1.390625, 0.9659090909090909, 0.0
1.390625, 0.9886363636363636, 0.0
1.4105113636363638, 0.011363636363636364, 0.0
1.4105113636363638, 0.03409090909090909, 0.0
1.4105113636363638, 0.056818181818181816, 0.0
1.4105113636363638, 0.07954545454545454, 9.936135053972479e-06
1.4105113636363638, 0.10227272727272728, 9.936135053972479e-06
1.4105113636363638, 0.125, 9.936135053972479e-06
1.4105113636363638, 0.14772727272727273, 9.936135053972479e-06
1.4105113636363638, 0.17045454545454544, 9.936135053972479e-06
1.4105113636363638, 0.19318181818181818, 1.807499071553386e-05
1.4105113636363638, 0.2159090909090909, 1.807499071553386e-05
1.4105113636363638, 0.23863636363636365, 1.807499071553386e-05
1.4105113636363638, 0.26136363636363635, 1.807499071553386e-05
1.4105113636363638, 0.2840909090909091, 1.807499071553386e-05
1.4105113636363638, 0.3068181818181818, 1.807499071553386e-05
1.4105113636363638, 0.32954545454545453, 2.40085436510912e-05
1.4105113636363638, 0.3522727272727273, 2.40085436510912e-05
1.4105113636363638, 0.375, 2.40085436510912e-05
1.4105113636363638, 0.3977272727272727, 2.40085436510912e-05
1.4105113636363638, 0.42045454545454547, 2.40085436510912e-05
1.4105113636363638, 0.4431818181818182, 2.7248391801119872e-05
1.4105113636363638, 0.4659090909090909, 2.7248391801119872e-05
1.4105113636363638, 0.48863636363636365, 2.7248391801119872e-05
1.4105113636363638, 0.5113636363636364, 2.7248391801119872e-05
1.4105113636363638, 0.5340909090909091, 2.7248391801119872e-05
1.4105113636363638, 0.5568181818181818, 2.7248391801119872e-05
1.4105113636363638, 0.5795454545454546, 2.7211319775030322e-05
1.4105113636363638, 0.6022727272727273, 2.7211319775030322e-05
1.4105113636363638, 0.625, 2.7211319775030322e-05
1.4105113636363638, 0.6477272727272727, 2.7211319775030322e-05
1.4105113636363638, 0.6704545454545454, 2.7211319775030322e-05
1.4105113636363638, 0.6931818181818182, 2.3207552334908093e-05
1.4105113636363638, 0.7159090909090909, 2.3207552334908093e-05
1.4105113636363638, 0.7386363636363636, 2.3207552334908093e-05
1.4105113636363638, 0.7613636363636364, 2.3207552334908093e-05
1.4105113636363638, 0.7840909090909091, 2.3207552334908093e-05
1.4105113636363638, 0.8068181818181818, 2.3207552334908093e-05
1.4105113636363638, 0.8295454545454546, 1.4437660762984873e-05
1.4105113636363638, 0.8522727272727273, 1.4437660762984873e-05
1.4105113636363638, 0.875, 1.4437660762984873e-05
1.4105113636363638, 0.8977272727272727, 1.4437660762984873e-05
1.4105113636363638, 0.9204545454545454, 1.4437660762984873e-05
1.4105113636363638, 0.9431818181818182, 0.0
1.4105113636363638, 0.9659090909090909, 0.0
1.4105113636363638, 0.9886363636363636, 0.0
1.4303977272727273, 0.011363636363636364, 0.0
1.4303977272727273, 0.03409090909090909, 0.0
1.4303977272727273, 0.056818181818181816, 0.0
1.4303977272727273, 0.07954545454545454, 9.936135053972479e-06
1.4303977272727273, 0.10227272727272728, 9.936135053972479e-06
1.4303977272727273, 0.125, 9.936135053972479e-06
1.4303977272727273, 0.14772727272727273, 9.936135053972479e-06
1.4303977272727273, 0.17045454545454544, 9.936135053972479e-06
1.4303977272727273, 0.19318181818181818, 1.807499071553386e-05
1.4303977272727273, 0.2159090909090909, 1.807499071553386e-05
1.4303977272727273, 0.23863636363636365, 1.807499071553386e-05
1.4303977272727273, 0.26136363636363635, 1.807499071553386e-05
1.4303977272727273, 0.2840909090909091, 1.807499071553386e-05
1.4303977272727273, 0.3068181818181818, 1.807499071553386e-05
1.4303977272727273, 0.32954545454545453, 2.40085436510912e-05
1.4303977272727273, 0.3522727272727273, 2.40085436510912e-05
1.4303977272727273, 0.375, 2.40085436510912e-05
1.4303977272727273, 0.3977272727272727, 2.40085436510912e-05
1.4303977272727273, 0.42045454545454547, 2.40085436510912e-05
1.4303977272727273, 0.4431818181818182, 2.7248391801119872e-05
1.4303977272727273, 0.4659090909090909, 2.7248391801119872e-05
1.4303977272727273, 0.48863636363636365, 2.7248391801119872e-05
1.4303977272727273, 0.5113636363636364, 2.7248391801119872e-05
1.4303977272727273, 0.5340909090909091, 2.7248391801119872e-05
1.4303977272727273, 0.5568181818181818, 2.7248391801119872e-05
1.4303977272727273, 0.5795454545454546, 2.7211319775030322e-05
1.4303977272727273, 0.6022727272727273, 2.7211319775030322e-05
1.4303977272727273, 0.625, 2.7211319775030322e-05
1.4303977272727273, 0.6477272727272727, 2.7211319775030322e-05
1.4303977272727273, 0.6704545454545454, 2.7211319775030322e-05
1.4303977272727273, 0.6931818181818182, 2.3207552334908093e-05
1.4303977272727273, 0.7159090909090909, 2.3207552334908093e-05
1.4303977272727273, 0.7386363636363636, 2.3207552334908093e-05
1.4303977272727273, 0.7613636363636364, 2.3207552334908093e-05
1.4303977272727273, 0.7840909090909091, 2.3207552334908093e-05
1.4303977272727273, 0.8068181818181818, 2.3207552334908093e-05
1.4303977272727273, 0.8295454545454546, 1.4437660762984873e-05
1.4303977272727273, 0.8522727272727273, 1.4437660762984873e-05
1.4303977272727273, 0.875, 1.4437660762984873e-05
1.4303977272727273, 0.8977272727272727, 1.4437660762984873e-05
1.4303977272727273, 0.9204545454545454, 1.4437660762984873e-05
1.4303977272727273, 0.9431818181818182, 0.0
1.4303977272727273, 0.9659090909090909, 0.0
1.4303977272727273, 0.9886363636363636, 0.0
1.4502840909090908, 0.011363636363636364, 0.0
1.4502840909090908, 0.03409090909090909, 0.0
1.4502840909090908, 0.056818181818181816, 0.0
1.4502840909090908, 0.07954545454545454, 0.0
1.4502840909090908, 0.10227272727272728, 0.0
1.4502840909090908, 0.125, 0.0
1.4502840909090908, 0.14772727272727273, 0.0
1.4502840909090908, 0.17045454545454544, 0.0
1.4502840909090908, 0.19318181818181818, 0.0
1.4502840909090908, 0.2159090909090909, 0.0
1.4502840909090908, 0.23863636363636365, 0.0
1.4502840909090908, 0.26136363636363635, 0.0
1.4502840909090908, 0.2840909090909091, 0.0
1.4502840909090908, 0.3068181818181818, 0.0
1.4502840909090908, 0.32954545454545453, 0.0
1.4502840909090908, 0.3522727272727273, 0.0
1.4502840909090908, 0.375, 0.0
1.4502840909090908, 0.3977272727272727, 0.0
1.4502840909090908, 0.42045454545454547, 0.0
1.4502840909090908, 0.4431818181818182, 0.0
1.4502840909090908, 0.4659090909090909, 0.0
1.4502840909090908, 0.48863636363636365, 0.0
1.4502840909090908, 0.5113636363636364, 0.0
1.4502840909090908, 0.5340909090909091, 0.0
1.4502840909090908, 0.5568181818181818, 0.0
1.4502840909090908, 0.5795454545454546, 0.0
1.4502840909090908, 0.6022727272727273, 0.0
1.4502840909090908, 0.625, 0.0
1.4502840909090908, 0.6477272727272727, 0.0
1.4502840909090908, 0.6704545454545454, 0.0
1.4502840909090908, 0.6931818181818182, 0.0
1.4502840909090908, 0.7159090909090909, 0.0
1.4502840909090908, 0.7386363636363636, 0.0
1.4502840909090908, 0.7613636363636364, 0.0
1.4502840909090908, 0.7840909090909091, 0.0
1.4502840909090908, 0.8068181818181818, 0.0
1.4502840909090908, 0.8295454545454546, 0.0
1.4502840909090908, 0.8522727272727273, 0.0
1.4502840909090908, 0.875, 0.0
1.4502840909090908, 0.8977272727272727, 0.0
1.4502840909090908, 0.9204545454545454, 0.0
1.4502840909090908, 0.9431818181818182, 0.0
1.4502840909090908, 0.9659090909090909, 0.0
1.4502840909090908, 0.9886363636363636, 0.0
1.4701704545454546, 0.011363636363636364, 0.0
1.4701704545454546, 0.03409090909090909, 0.0
1.4701704545454546, 0.056818181818181816, 0.0
1.4701704545454546, 0.07954545454545454, 0.0
1.4701704545454546, 0.10227272727272728, 0.0
1.4701704545454546, 0.125, 0.0
1.4701704545454546, 0.14772727272727273, 0.0
1.4701704545454546, 0.17045454545454544, 0.0
1.4701704545454546, 0.19318181818181818, 0.0
1.4701704545454546, 0.2159090909090909, 0.0
1.4701704545454546, 0.23863636363636365, 0.0
1.4701704545454546, 0.26136363636363635, 0.0
1.4701704545454546, 0.2840909090909091, 0.0
1.4701704545454546, 0.3068181818181818, 0.0
1.4701704545454546, 0.32954545454545453, 0.0
1.4701704545454546, 0.3522727272727273, 0.0
1.4701704545454546, 0.375, 0.0
1.4701704545454546, 0.3977272727272727, 0.0
1.4701704545454546, 0.42045454545454547, 0.0
1.4701704545454546, 0.4431818181818182, 0.0
1.4701704545454546, 0.4659090909090909, 0.0
1.4701704545454546, 0.48863636363636365, 0.0
1.4701704545454546, 0.5113636363636364, 0.0
1.4701704545454546, 0.5340909090909091, 0.0
1.4701704545454546, 0.5568181818181818, 0.0
1.4701704545454546, 0.5795454545454546, 0.0
1.4701704545454546, 0.6022727272727273, 0.0
1.4701704545454546, 0.625, 0.0
1.4701704545454546, 0.6477272727272727, 0.0
1.4701704545454546, 0.6704545454545454, 0.0
1.4701704545454546, 0.6931818181818182, 0.0
1.4701704545454546, 0.7159090909090909, 0.0
1.4701704545454546, 0.7386363636363636, 0.0
1.4701704545454546, 0.7613636363636364, 0.0
1.4701704545454546, 0.7840909090909091, 0.0
1.4701704545454546, 0.8068181818181818, 0.0
1.4701704545454546, 0.8295454545454546, 0.0
1.4701704545454546, 0.8522727272727273, 0.0
1.4701704545454546, 0.875, 0.0
1.4701704545454546, 0.8977272727272727, 0.0
1.4701704545454546, 0.9204545454545454, 0.0
1.4701704545454546, 0.9431818181818182, 0.0
1.4701704545454546, 0.9659090909090909, 0.0
1.4701704545454546, 0.9886363636363636, 0.0
1.4900568181818183, 0.011363636363636364, 0.0
1.4900568181818183, 0.03409090909090909, 0.0
1.4900568181818183, 0.056818181818181816, 0.0
1.4900568181818183, 0.07954545454545454, 0.0
1.4900568181818183, 0.10227272727272728, 0.0
1.4900568181818183, 0.125, 0.0
1.4900568181818183, 0.14772727272727273, 0.0
1.4900568181818183, 0.17045454545454544, 0.0
1.4900568181818183, 0.19318181818181818, 0.0
1.4900568181818183, 0.2159090909090909, 0.0
1.4900568181818183, 0.23863636363636365, 0.0
1.4900568181818183, 0.26136363636363635, 0.0
1.4900568181818183, 0.2840909090909091, 0.0
1.4900568181818183, 0.3068181818181818, 0.0
1.4900568181818183, 0.32954545454545453, 0.0
1.4900568181818183, 0.3522727272727273, 0.0
1.4900568181818183, 0.375, 0.0
1.4900568181818183, 0.3977272727272727, 0.0
1.4900568181818183, 0.42045454545454547, 0.0
1.4900568181818183, 0.4431818181818182, 0.0
1.4900568181818183, 0.4659090909090909, 0.0
1.4900568181818183, 0.48863636363636365, 0.0
1.4900568181818183, 0.5113636363636364, 0.0
1.4900568181818183, 0.5340909090909091, 0.0
1.4900568181818183, 0.5568181818181818, 0.0
1.4900568181818183, 0.5795454545454546, 0.0
1.4900568181818183, 0.6022727272727273, 0.0
1.4900568181818183, 0.625, 0.0
1.4900568181818183, 0.6477272727272727, 0.0
1.4900568181818183, 0.6704545454545454, 0.0
1.4900568181818183, 0.6931818181818182, 0.0
1.4900568181818183, 0.7159090909090909, 0.0
1.4900568181818183, 0.7386363636363636, 0.0
1.4900568181818183, 0.7613636363636364, 0.0
1.4900568181818183, 0.7840909090909091, 0.0
1.4900568181818183, 0.8068181818181818, 0.0
1.4900568181818183, 0.8295454545454546, 0.0
1.4900568181818183, 0.8522727272727273, 0.0
1.4900568181818183, 0.875, 0.0
1.4900568181818183, 0.8977272727272727, 0.0
1.4900568181818183, 0.9204545454545454, 0.0
1.4900568181818183, 0.9431818181818182, 0.0
1.4900568181818183, 0.9659090909090909, 0.0
1.4900568181818183, 0.9886363636363636, 0.0
