x, y, u
0.007102272727272727, 0.011363636363636364, 0.0
0.007102272727272727, 0.03409090909090909, 0.0
0.007102272727272727, 0.056818181818181816, 0.0
0.007102272727272727, 0.07954545454545454, 0.0
0.007102272727272727, 0.10227272727272728, 0.0
0.007102272727272727, 0.125, 0.0
0.007102272727272727, 0.14772727272727273, 0.0
0.007102272727272727, 0.17045454545454544, 0.0
0.007102272727272727, 0.19318181818181818, 0.0
0.007102272727272727, 0.2159090909090909, 0.0
0.007102272727272727, 0.23863636363636365, 0.0
0.007102272727272727, 0.26136363636363635, 0.0
0.007102272727272727, 0.2840909090909091, 0.0
0.007102272727272727, 0.3068181818181818, 0.0
0.007102272727272727, 0.32954545454545453, 0.0
0.007102272727272727, 0.3522727272727273, 0.0
0.007102272727272727, 0.375, 0.0
0.007102272727272727, 0.3977272727272727, 0.0
0.007102272727272727, 0.42045454545454547, 0.0
0.007102272727272727, 0.4431818181818182, 0.0
0.007102272727272727, 0.4659090909090909, 0.0
0.007102272727272727, 0.48863636363636365, 0.0
0.007102272727272727, 0.5113636363636364, 0.0
0.007102272727272727, 0.5340909090909091, 0.0
0.007102272727272727, 0.5568181818181818, 0.0
0.007102272727272727, 0.5795454545454546, 0.0
0.007102272727272727, 0.6022727272727273, 0.0
0.007102272727272727, 0.625, 0.0
0.007102272727272727, 0.6477272727272727, 0.0
0.007102272727272727, 0.6704545454545454, 0.0
0.007102272727272727, 0.6931818181818182, 0.0
0.007102272727272727, 0.7159090909090909, 0.0
0.007102272727272727, 0.7386363636363636, 0.0
0.007102272727272727, 0.7613636363636364, 0.0
0.007102272727272727, 0.7840909090909091, 0.0
0.007102272727272727, 0.8068181818181818, 0.0
0.007102272727272727, 0.8295454545454546, 0.0
0.007102272727272727, 0.8522727272727273, 0.0
0.007102272727272727, 0.875, 0.0
0.007102272727272727, 0.8977272727272727, 0.0
0.007102272727272727, 0.9204545454545454, 0.0
0.007102272727272727, 0.9431818181818182, 0.0
0.007102272727272727, 0.9659090909090909, 0.0
0.007102272727272727, 0.9886363636363636, 0.0
0.02130681818181818, 0.011363636363636364, 0.0036011853361486083
0.02130681818181818, 0.03409090909090909, 0.0
0.02130681818181818, 0.056818181818181816, 0.0035046148174165993
0.02130681818181818, 0.07954545454545454, 0.0035046148174165993
0.02130681818181818, 0.10227272727272728, 0.0034383037572969085
0.02130681818181818, 0.125, 0.0035188086550883542
0.02130681818181818, 0.14772727272727273, 0.0035188086550883542
0.02130681818181818, 0.17045454545454544, 0.0036887101132992515
0.02130681818181818, 0.19318181818181818, 0.003860132609513065
0.02130681818181818, 0.2159090909090909, 0.00405014982457643
0.02130681818181818, 0.23863636363636365, 0.00405014982457643
0.02130681818181818, 0.26136363636363635, 0.00422817586832519
0.02130681818181818, 0.2840909090909091, 0.004416416651369369
0.02130681818181818, 0.3068181818181818, 0.004416416651369369
0.02130681818181818, 0.32954545454545453, 0.004580883932077898
0.02130681818181818, 0.3522727272727273, 0.004745397822153482
0.02130681818181818, 0.375, 0.0048796163185004775
0.02130681818181818, 0.3977272727272727, 0.0048796163185004775
0.02130681818181818, 0.42045454545454547, 0.005010355478370786
0.02130681818181818, 0.4431818181818182, 0.005107350590686178
0.02130681818181818, 0.4659090909090909, 0.00519853182629086
0.02130681818181818, 0.48863636363636365, 0.00519853182629086
0.02130681818181818, 0.5113636363636364, 0.005253587084858881
0.02130681818181818, 0.5340909090909091, 0.005301058978122825
0.02130681818181818, 0.5568181818181818, 0.005301058978122825
0.02130681818181818, 0.5795454545454546, 0.005311646251899274
0.02130681818181818, 0.6022727272727273, 0.005314371161694356
0.02130681818181818, 0.625, 0.00528189132454587
0.02130681818181818, 0.6477272727272727, 0.00528189132454587
0.02130681818181818, 0.6704545454545454, 0.0052443590454472
0.02130681818181818, 0.6931818181818182, 0.005174958471623583
0.02130681818181818, 0.7159090909090909, 0.0051012875057091485
0.02130681818181818, 0.7386363636363636, 0.0051012875057091485
0.02130681818181818, 0.7613636363636364, 0.004989998925079847
0.02130681818181818, 0.7840909090909091, 0.004867106758538283
0.02130681818181818, 0.8068181818181818, 0.004867106758538283
0.02130681818181818, 0.8295454545454546, 0.004727080262903724
0.02130681818181818, 0.8522727272727273, 0.0046147868519794445
0.02130681818181818, 0.875, 0.004482675890354234
0.02130681818181818, 0.8977272727272727, 0.004482675890354234
0.02130681818181818, 0.9204545454545454, 0.004188947296884289
0.02130681818181818, 0.9431818181818182, 0.0037514340206408156
0.02130681818181818, 0.9659090909090909, 0.004040249210930594
0.02130681818181818, 0.9886363636363636, 0.004040249210930594
0.03551136363636364, 0.011363636363636364, 0.0036011853361486083
0.03551136363636364, 0.03409090909090909, 0.005015016734688271
0.03551136363636364, 0.056818181818181816, 0.0035046148174165993
0.03551136363636364, 0.07954545454545454, 0.0035046148174165993
0.03551136363636364, 0.10227272727272728, 0.0034383037572969085
0.03551136363636364, 0.125, 0.0035188086550883542
0.03551136363636364, 0.14772727272727273, 0.0035188086550883542
0.03551136363636364, 0.17045454545454544, 0.0036887101132992515
0.03551136363636364, 0.19318181818181818, 0.003860132609513065
0.03551136363636364, 0.2159090909090909, 0.007677671106715031
0.03551136363636364, 0.23863636363636365, 0.00405014982457643
0.03551136363636364, 0.26136363636363635, 0.00422817586832519
0.03551136363636364, 0.2840909090909091, 0.004416416651369369
0.03551136363636364, 0.3068181818181818, 0.004416416651369369
0.03551136363636364, 0.32954545454545453, 0.004580883932077898
0.03551136363636364, 0.3522727272727273, 0.004745397822153482
0.03551136363636364, 0.375, 0.0048796163185004775
0.03551136363636364, 0.3977272727272727, 0.0048796163185004775
0.03551136363636364, 0.42045454545454547, 0.005010355478370786
0.03551136363636364, 0.4431818181818182, 0.005107350590686178
0.03551136363636364, 0.4659090909090909, 0.00519853182629086
0.03551136363636364, 0.48863636363636365, 0.00519853182629086
0.03551136363636364, 0.5113636363636364, 0.005253587084858881
0.03551136363636364, 0.5340909090909091, 0.005301058978122825
0.03551136363636364, 0.5568181818181818, 0.005301058978122825
0.03551136363636364, 0.5795454545454546, 0.005311646251899274
0.03551136363636364, 0.6022727272727273, 0.005314371161694356
0.03551136363636364, 0.625, 0.00528189132454587
0.03551136363636364, 0.6477272727272727, 0.00528189132454587
0.03551136363636364, 0.6704545454545454, 0.0052443590454472
0.03551136363636364, 0.6931818181818182, 0.005174958471623583
0.03551136363636364, 0.7159090909090909, 0.0051012875057091485
0.03551136363636364, 0.7386363636363636, 0.0051012875057091485
0.03551136363636364, 0.7613636363636364, 0.004989998925079847
0.03551136363636364, 0.7840909090909091, 0.004867106758538283
0.03551136363636364, 0.8068181818181818, 0.009441563482657952
0.03551136363636364, 0.8295454545454546, 0.004727080262903724
0.03551136363636364, 0.8522727272727273, 0.0046147868519794445
0.03551136363636364, 0.875, 0.004482675890354234
0.03551136363636364, 0.8977272727272727, 0.004482675890354234
0.03551136363636364, 0.9204545454545454, 0.004188947296884289
0.03551136363636364, 0.9431818181818182, 0.0037514340206408156
0.03551136363636364, 0.9659090909090909, 0.004040249210930594
0.03551136363636364, 0.9886363636363636, 0.005037952633044897
0.04971590909090909, 0.011363636363636364, 0.007077076477818788
0.04971590909090909, 0.03409090909090909, 0.005015016734688271
0.04971590909090909, 0.056818181818181816, 0.007390573890429393
0.04971590909090909, 0.07954545454545454, 0.006684364427901177
0.04971590909090909, 0.10227272727272728, 0.006684364427901177
0.04971590909090909, 0.125, 0.006725678964163006
0.04971590909090909, 0.14772727272727273, 0.0070184894457787
0.04971590909090909, 0.17045454545454544, 0.007358827567958372
0.04971590909090909, 0.19318181818181818, 0.007358827567958372
0.04971590909090909, 0.2159090909090909, 0.007677671106715031
0.04971590909090909, 0.23863636363636365, 0.008038312740054489
0.04971590909090909, 0.26136363636363635, 0.00837678558268346
0.04971590909090909, 0.2840909090909091, 0.00837678558268346
0.04971590909090909, 0.3068181818181818, 0.008731372436392007
0.04971590909090909, 0.32954545454545453, 0.009038978992059321
0.04971590909090909, 0.3522727272727273, 0.009344939555060073
0.04971590909090909, 0.375, 0.009344939555060073
0.04971590909090909, 0.3977272727272727, 0.009594047688387957
0.04971590909090909, 0.42045454545454547, 0.009834116423907113
0.04971590909090909, 0.4431818181818182, 0.009834116423907113
0.04971590909090909, 0.4659090909090909, 0.01001124339497289
0.04971590909090909, 0.48863636363636365, 0.01017393300704091
0.04971590909090909, 0.5113636363636364, 0.01026980576199943
0.04971590909090909, 0.5340909090909091, 0.01026980576199943
0.04971590909090909, 0.5568181818181818, 0.010347502124910288
0.04971590909090909, 0.5795454545454546, 0.010357987445401484
0.04971590909090909, 0.6022727272727273, 0.010350120163410081
0.04971590909090909, 0.625, 0.010350120163410081
0.04971590909090909, 0.6477272727272727, 0.010279956402640388
0.04971590909090909, 0.6704545454545454, 0.010198506697624591
0.04971590909090909, 0.6931818181818182, 0.010198506697624591
0.04971590909090909, 0.7159090909090909, 0.01006302264808836
0.04971590909090909, 0.7386363636363636, 0.009916421410401713
0.04971590909090909, 0.7613636363636364, 0.009696144823040515
0.04971590909090909, 0.7840909090909091, 0.009696144823040515
0.04971590909090909, 0.8068181818181818, 0.009441563482657952
0.04971590909090909, 0.8295454545454546, 0.009179656641119407
0.04971590909090909, 0.8522727272727273, 0.008990675608867533
0.04971590909090909, 0.875, 0.008990675608867533
0.04971590909090909, 0.8977272727272727, 0.008790975588121844
0.04971590909090909, 0.9204545454545454, 0.008098483635905332
0.04971590909090909, 0.9431818181818182, 0.007104842063760736
0.04971590909090909, 0.9659090909090909, 0.008479982723790103
0.04971590909090909, 0.9886363636363636, 0.008479982723790103
0.06392045454545454, 0.011363636363636364, 0.007077076477818788
0.06392045454545454, 0.03409090909090909, 0.008766246875639644
0.06392045454545454, 0.056818181818181816, 0.007390573890429393
0.06392045454545454, 0.07954545454545454, 0.006684364427901177
0.06392045454545454, 0.10227272727272728, 0.009626409020060026
0.06392045454545454, 0.125, 0.006725678964163006
0.06392045454545454, 0.14772727272727273, 0.0070184894457787
0.06392045454545454, 0.17045454545454544, 0.007358827567958372
0.06392045454545454, 0.19318181818181818, 0.010998354247566379
0.06392045454545454, 0.2159090909090909, 0.007677671106715031
0.06392045454545454, 0.23863636363636365, 0.008038312740054489
0.06392045454545454, 0.26136363636363635, 0.011970266228941298
0.06392045454545454, 0.2840909090909091, 0.012464844150720088
0.06392045454545454, 0.3068181818181818, 0.008731372436392007
0.06392045454545454, 0.32954545454545453, 0.009038978992059321
0.06392045454545454, 0.3522727272727273, 0.013395572398098117
0.06392045454545454, 0.375, 0.009344939555060073
0.06392045454545454, 0.3977272727272727, 0.009594047688387957
0.06392045454545454, 0.42045454545454547, 0.009834116423907113
0.06392045454545454, 0.4431818181818182, 0.014484537240444295
0.06392045454545454, 0.4659090909090909, 0.01001124339497289
0.06392045454545454, 0.48863636363636365, 0.01017393300704091
0.06392045454545454, 0.5113636363636364, 0.0149375355144167
0.06392045454545454, 0.5340909090909091, 0.01506637304263934
0.06392045454545454, 0.5568181818181818, 0.010347502124910288
0.06392045454545454, 0.5795454545454546, 0.010357987445401484
0.06392045454545454, 0.6022727272727273, 0.015152069865513916
0.06392045454545454, 0.625, 0.010350120163410081
0.06392045454545454, 0.6477272727272727, 0.010279956402640388
0.06392045454545454, 0.6704545454545454, 0.010198506697624591
0.06392045454545454, 0.6931818181818182, 0.014881014253409696
0.06392045454545454, 0.7159090909090909, 0.01006302264808836
0.06392045454545454, 0.7386363636363636, 0.009916421410401713
0.06392045454545454, 0.7613636363636364, 0.009696144823040515
0.06392045454545454, 0.7840909090909091, 0.014135576793198226
0.06392045454545454, 0.8068181818181818, 0.009441563482657952
0.06392045454545454, 0.8295454545454546, 0.009179656641119407
0.06392045454545454, 0.8522727272727273, 0.013348367053147726
0.06392045454545454, 0.875, 0.008990675608867533
0.06392045454545454, 0.8977272727272727, 0.008790975588121844
0.06392045454545454, 0.9204545454545454, 0.008098483635905332
0.06392045454545454, 0.9431818181818182, 0.011009195236153232
0.06392045454545454, 0.9659090909090909, 0.008479982723790103
0.06392045454545454, 0.9886363636363636, 0.00992697074472729
0.078125, 0.011363636363636364, 0.008766246875639644
0.078125, 0.03409090909090909, 0.008766246875639644
0.078125, 0.056818181818181816, 0.007390573890429393
0.078125, 0.07954545454545454, 0.009839863462134443
0.078125, 0.10227272727272728, 0.009626409020060026
0.078125, 0.125, 0.010098574248768744
0.078125, 0.14772727272727273, 0.010098574248768744
0.078125, 0.17045454545454544, 0.010557433545086658
0.078125, 0.19318181818181818, 0.010998354247566379
0.078125, 0.2159090909090909, 0.011460984859150189
0.078125, 0.23863636363636365, 0.011460984859150189
0.078125, 0.26136363636363635, 0.011970266228941298
0.078125, 0.2840909090909091, 0.012464844150720088
0.078125, 0.3068181818181818, 0.012954592405983024
0.078125, 0.32954545454545453, 0.012954592405983024
0.078125, 0.3522727272727273, 0.013395572398098117
0.078125, 0.375, 0.013811793679311679
0.078125, 0.3977272727272727, 0.014165749808452371
0.078125, 0.42045454545454547, 0.014165749808452371
0.078125, 0.4431818181818182, 0.014484537240444295
0.078125, 0.4659090909090909, 0.014732917047786632
0.078125, 0.48863636363636365, 0.014732917047786632
0.078125, 0.5113636363636364, 0.0149375355144167
0.078125, 0.5340909090909091, 0.01506637304263934
0.078125, 0.5568181818181818, 0.015146331149729457
0.078125, 0.5795454545454546, 0.015146331149729457
0.078125, 0.6022727272727273, 0.015152069865513916
0.078125, 0.625, 0.015113396136562431
0.078125, 0.6477272727272727, 0.015011784418632986
0.078125, 0.6704545454545454, 0.015011784418632986
0.078125, 0.6931818181818182, 0.014881014253409696
0.078125, 0.7159090909090909, 0.01469760804259591
0.078125, 0.7386363636363636, 0.01469760804259591
0.078125, 0.7613636363636364, 0.014474335194370212
0.078125, 0.7840909090909091, 0.014135576793198226
0.078125, 0.8068181818181818, 0.013694375090124826
0.078125, 0.8295454545454546, 0.013694375090124826
0.078125, 0.8522727272727273, 0.013348367053147726
0.078125, 0.875, 0.013142816378895134
0.078125, 0.8977272727272727, 0.013094987422616665
0.078125, 0.9204545454545454, 0.013094987422616665
0.078125, 0.9431818181818182, 0.011009195236153232
0.078125, 0.9659090909090909, 0.012821108842263632
0.078125, 0.9886363636363636, 0.012821108842263632
0.09232954545454546, 0.011363636363636364, 0.010345293364067844
0.09232954545454546, 0.03409090909090909, 0.008766246875639644
0.09232954545454546, 0.056818181818181816, 0.010811971704943968
0.09232954545454546, 0.07954545454545454, 0.009839863462134443
0.09232954545454546, 0.10227272727272728, 0.012009107432699909
0.09232954545454546, 0.125, 0.01283723035909101
0.09232954545454546, 0.14772727272727273, 0.013502954036049265
0.09232954545454546, 0.17045454545454544, 0.010557433545086658
0.09232954545454546, 0.19318181818181818, 0.010998354247566379
0.09232954545454546, 0.2159090909090909, 0.014497181164549393
0.09232954545454546, 0.23863636363636365, 0.015123984599191311
0.09232954545454546, 0.26136363636363635, 0.011970266228941298
0.09232954545454546, 0.2840909090909091, 0.012464844150720088
0.09232954545454546, 0.3068181818181818, 0.016403412311883983
0.09232954545454546, 0.32954545454545453, 0.01700014319155333
0.09232954545454546, 0.3522727272727273, 0.013395572398098117
0.09232954545454546, 0.375, 0.013811793679311679
0.09232954545454546, 0.3977272727272727, 0.018056706393119258
0.09232954545454546, 0.42045454545454547, 0.018499922267746476
0.09232954545454546, 0.4431818181818182, 0.014484537240444295
0.09232954545454546, 0.4659090909090909, 0.014732917047786632
0.09232954545454546, 0.48863636363636365, 0.01917692744430137
0.09232954545454546, 0.5113636363636364, 0.0149375355144167
0.09232954545454546, 0.5340909090909091, 0.01506637304263934
0.09232954545454546, 0.5568181818181818, 0.019547868466286762
0.09232954545454546, 0.5795454545454546, 0.0196121620945748
0.09232954545454546, 0.6022727272727273, 0.015152069865513916
0.09232954545454546, 0.625, 0.015113396136562431
0.09232954545454546, 0.6477272727272727, 0.019521923383629812
0.09232954545454546, 0.6704545454545454, 0.019386853070867138
0.09232954545454546, 0.6931818181818182, 0.014881014253409696
0.09232954545454546, 0.7159090909090909, 0.01469760804259591
0.09232954545454546, 0.7386363636363636, 0.01898669275651764
0.09232954545454546, 0.7613636363636364, 0.014474335194370212
0.09232954545454546, 0.7840909090909091, 0.014135576793198226
0.09232954545454546, 0.8068181818181818, 0.018206480832049444
0.09232954545454546, 0.8295454545454546, 0.017485851837979013
0.09232954545454546, 0.8522727272727273, 0.017239889077849384
0.09232954545454546, 0.875, 0.013142816378895134
0.09232954545454546, 0.8977272727272727, 0.017106466946475014
0.09232954545454546, 0.9204545454545454, 0.013094987422616665
0.09232954545454546, 0.9431818181818182, 0.015239553778666074
0.09232954545454546, 0.9659090909090909, 0.012821108842263632
0.09232954545454546, 0.9886363636363636, 0.014557568464150643
0.10653409090909091, 0.011363636363636364, 0.012019847595462147
0.10653409090909091, 0.03409090909090909, 0.012019847595462147
0.10653409090909091, 0.056818181818181816, 0.010811971704943968
0.10653409090909091, 0.07954545454545454, 0.012891270497817593
0.10653409090909091, 0.10227272727272728, 0.012009107432699909
0.10653409090909091, 0.125, 0.01283723035909101
0.10653409090909091, 0.14772727272727273, 0.013502954036049265
0.10653409090909091, 0.17045454545454544, 0.01395653681956208
0.10653409090909091, 0.19318181818181818, 0.01395653681956208
0.10653409090909091, 0.2159090909090909, 0.014497181164549393
0.10653409090909091, 0.23863636363636365, 0.015123984599191311
0.10653409090909091, 0.26136363636363635, 0.015768959639696472
0.10653409090909091, 0.2840909090909091, 0.015768959639696472
0.10653409090909091, 0.3068181818181818, 0.016403412311883983
0.10653409090909091, 0.32954545454545453, 0.01700014319155333
0.10653409090909091, 0.3522727272727273, 0.017557909554361734
0.10653409090909091, 0.375, 0.017557909554361734
0.10653409090909091, 0.3977272727272727, 0.018056706393119258
0.10653409090909091, 0.42045454545454547, 0.018499922267746476
0.10653409090909091, 0.4431818181818182, 0.01887254001610362
0.10653409090909091, 0.4659090909090909, 0.01887254001610362
0.10653409090909091, 0.48863636363636365, 0.01917692744430137
0.10653409090909091, 0.5113636363636364, 0.01940129380501479
0.10653409090909091, 0.5340909090909091, 0.01940129380501479
0.10653409090909091, 0.5568181818181818, 0.019547868466286762
0.10653409090909091, 0.5795454545454546, 0.0196121620945748
0.10653409090909091, 0.6022727272727273, 0.019601699668327765
0.10653409090909091, 0.625, 0.019601699668327765
0.10653409090909091, 0.6477272727272727, 0.019521923383629812
0.10653409090909091, 0.6704545454545454, 0.019386853070867138
0.10653409090909091, 0.6931818181818182, 0.0192026966722443
0.10653409090909091, 0.7159090909090909, 0.0192026966722443
0.10653409090909091, 0.7386363636363636, 0.01898669275651764
0.10653409090909091, 0.7613636363636364, 0.018695214800591317
0.10653409090909091, 0.7840909090909091, 0.018206480832049444
0.10653409090909091, 0.8068181818181818, 0.018206480832049444
0.10653409090909091, 0.8295454545454546, 0.017485851837979013
0.10653409090909091, 0.8522727272727273, 0.017239889077849384
0.10653409090909091, 0.875, 0.017106466946475014
0.10653409090909091, 0.8977272727272727, 0.017106466946475014
0.10653409090909091, 0.9204545454545454, 0.0177776803146611
0.10653409090909091, 0.9431818181818182, 0.015239553778666074
0.10653409090909091, 0.9659090909090909, 0.017034608881396223
0.10653409090909091, 0.9886363636363636, 0.017034608881396223
0.12073863636363637, 0.011363636363636364, 0.013336221549691999
0.12073863636363637, 0.03409090909090909, 0.012019847595462147
0.12073863636363637, 0.056818181818181816, 0.01384394865605201
0.12073863636363637, 0.07954545454545454, 0.012891270497817593
0.12073863636363637, 0.10227272727272728, 0.014689541170845928
0.12073863636363637, 0.125, 0.01283723035909101
0.12073863636363637, 0.14772727272727273, 0.013502954036049265
0.12073863636363637, 0.17045454545454544, 0.016600636425230287
0.12073863636363637, 0.19318181818181818, 0.01715055675774398
0.12073863636363637, 0.2159090909090909, 0.01790194464531185
0.12073863636363637, 0.23863636363636365, 0.015123984599191311
0.12073863636363637, 0.26136363636363635, 0.01868336453068601
0.12073863636363637, 0.2840909090909091, 0.0194609370783793
0.12073863636363637, 0.3068181818181818, 0.0201957848675322
0.12073863636363637, 0.32954545454545453, 0.01700014319155333
0.12073863636363637, 0.3522727272727273, 0.020896849748230063
0.12073863636363637, 0.375, 0.02152956381849515
0.12073863636363637, 0.3977272727272727, 0.018056706393119258
0.12073863636363637, 0.42045454545454547, 0.022105090025077597
0.12073863636363637, 0.4431818181818182, 0.022599289339319928
0.12073863636363637, 0.4659090909090909, 0.02302214817422632
0.12073863636363637, 0.48863636363636365, 0.01917692744430137
0.12073863636363637, 0.5113636363636364, 0.023348279474904223
0.12073863636363637, 0.5340909090909091, 0.02358467987490436
0.12073863636363637, 0.5568181818181818, 0.023714138369404916
0.12073863636363637, 0.5795454545454546, 0.0196121620945748
0.12073863636363637, 0.6022727272727273, 0.023754567034284628
0.12073863636363637, 0.625, 0.023708377920779806
0.12073863636363637, 0.6477272727272727, 0.0236039169629995
0.12073863636363637, 0.6704545454545454, 0.019386853070867138
0.12073863636363637, 0.6931818181818182, 0.023430990002897292
0.12073863636363637, 0.7159090909090909, 0.023222065685279607
0.12073863636363637, 0.7386363636363636, 0.01898669275651764
0.12073863636363637, 0.7613636363636364, 0.018695214800591317
0.12073863636363637, 0.7840909090909091, 0.022640865059322036
0.12073863636363637, 0.8068181818181818, 0.02183042812674251
0.12073863636363637, 0.8295454545454546, 0.020588667646924127
0.12073863636363637, 0.8522727272727273, 0.020588667646924127
0.12073863636363637, 0.875, 0.02152947529822904
0.12073863636363637, 0.8977272727272727, 0.02044360830329099
0.12073863636363637, 0.9204545454545454, 0.0177776803146611
0.12073863636363637, 0.9431818181818182, 0.019365150671940057
0.12073863636363637, 0.9659090909090909, 0.017034608881396223
0.12073863636363637, 0.9886363636363636, 0.01883476316555358
0.13494318181818182, 0.011363636363636364, 0.013336221549691999
0.13494318181818182, 0.03409090909090909, 0.014875167156208955
0.13494318181818182, 0.056818181818181816, 0.01384394865605201
0.13494318181818182, 0.07954545454545454, 0.0156501862916132
0.13494318181818182, 0.10227272727272728, 0.014689541170845928
0.13494318181818182, 0.125, 0.016321442411932303
0.13494318181818182, 0.14772727272727273, 0.016321442411932303
0.13494318181818182, 0.17045454545454544, 0.016600636425230287
0.13494318181818182, 0.19318181818181818, 0.01715055675774398
0.13494318181818182, 0.2159090909090909, 0.01790194464531185
0.13494318181818182, 0.23863636363636365, 0.01790194464531185
0.13494318181818182, 0.26136363636363635, 0.01868336453068601
0.13494318181818182, 0.2840909090909091, 0.0194609370783793
0.13494318181818182, 0.3068181818181818, 0.0201957848675322
0.13494318181818182, 0.32954545454545453, 0.0201957848675322
0.13494318181818182, 0.3522727272727273, 0.020896849748230063
0.13494318181818182, 0.375, 0.02152956381849515
0.13494318181818182, 0.3977272727272727, 0.022105090025077597
0.13494318181818182, 0.42045454545454547, 0.022105090025077597
0.13494318181818182, 0.4431818181818182, 0.022599289339319928
0.13494318181818182, 0.4659090909090909, 0.02302214817422632
0.13494318181818182, 0.48863636363636365, 0.023348279474904223
0.13494318181818182, 0.5113636363636364, 0.023348279474904223
0.13494318181818182, 0.5340909090909091, 0.02358467987490436
0.13494318181818182, 0.5568181818181818, 0.023714138369404916
0.13494318181818182, 0.5795454545454546, 0.023714138369404916
0.13494318181818182, 0.6022727272727273, 0.023754567034284628
0.13494318181818182, 0.625, 0.023708377920779806
0.13494318181818182, 0.6477272727272727, 0.0236039169629995
0.13494318181818182, 0.6704545454545454, 0.0236039169629995
0.13494318181818182, 0.6931818181818182, 0.023430990002897292
0.13494318181818182, 0.7159090909090909, 0.023222065685279607
0.13494318181818182, 0.7386363636363636, 0.022964603744092028
0.13494318181818182, 0.7613636363636364, 0.022964603744092028
0.13494318181818182, 0.7840909090909091, 0.022640865059322036
0.13494318181818182, 0.8068181818181818, 0.02183042812674251
0.13494318181818182, 0.8295454545454546, 0.02183042812674251
0.13494318181818182, 0.8522727272727273, 0.020588667646924127
0.13494318181818182, 0.875, 0.02152947529822904
0.13494318181818182, 0.8977272727272727, 0.02044360830329099
0.13494318181818182, 0.9204545454545454, 0.021743507485429997
0.13494318181818182, 0.9431818181818182, 0.019365150671940057
0.13494318181818182, 0.9659090909090909, 0.021008513009384125
0.13494318181818182, 0.9886363636363636, 0.01883476316555358
0.14914772727272727, 0.011363636363636364, 0.01599186361693442
0.14914772727272727, 0.03409090909090909, 0.014875167156208955
0.14914772727272727, 0.056818181818181816, 0.01648459880257617
0.14914772727272727, 0.07954545454545454, 0.0156501862916132
0.14914772727272727, 0.10227272727272728, 0.01742188800202525
0.14914772727272727, 0.125, 0.016321442411932303
0.14914772727272727, 0.14772727272727273, 0.019012479871678617
0.14914772727272727, 0.17045454545454544, 0.019366107762234373
0.14914772727272727, 0.19318181818181818, 0.019366107762234373
0.14914772727272727, 0.2159090909090909, 0.02023344099994455
0.14914772727272727, 0.23863636363636365, 0.021152081610266122
0.14914772727272727, 0.26136363636363635, 0.022039830320360027
0.14914772727272727, 0.2840909090909091, 0.0194609370783793
0.14914772727272727, 0.3068181818181818, 0.02291276904848695
0.14914772727272727, 0.32954545454545453, 0.023734317932973502
0.14914772727272727, 0.3522727272727273, 0.024510395555315062
0.14914772727272727, 0.375, 0.024510395555315062
0.14914772727272727, 0.3977272727272727, 0.025203068407598284
0.14914772727272727, 0.42045454545454547, 0.02582902836011352
0.14914772727272727, 0.4431818181818182, 0.02636330808028061
0.14914772727272727, 0.4659090909090909, 0.02636330808028061
0.14914772727272727, 0.48863636363636365, 0.026814432874994378
0.14914772727272727, 0.5113636363636364, 0.027147204528755117
0.14914772727272727, 0.5340909090909091, 0.02358467987490436
0.14914772727272727, 0.5568181818181818, 0.027370059450156508
0.14914772727272727, 0.5795454545454546, 0.027465958618516507
0.14914772727272727, 0.6022727272727273, 0.02746682762097209
0.14914772727272727, 0.625, 0.02746682762097209
0.14914772727272727, 0.6477272727272727, 0.0273855986928079
0.14914772727272727, 0.6704545454545454, 0.02725786743680211
0.14914772727272727, 0.6931818181818182, 0.027084032942847468
0.14914772727272727, 0.7159090909090909, 0.027084032942847468
0.14914772727272727, 0.7386363636363636, 0.026792620860461913
0.14914772727272727, 0.7613636363636364, 0.026508309574554786
0.14914772727272727, 0.7840909090909091, 0.022640865059322036
0.14914772727272727, 0.8068181818181818, 0.02632765223904628
0.14914772727272727, 0.8295454545454546, 0.02426442548302404
0.14914772727272727, 0.8522727272727273, 0.02426442548302404
0.14914772727272727, 0.875, 0.02152947529822904
0.14914772727272727, 0.8977272727272727, 0.023832853914843882
0.14914772727272727, 0.9204545454545454, 0.021743507485429997
0.14914772727272727, 0.9431818181818182, 0.02313562255610277
0.14914772727272727, 0.9659090909090909, 0.021008513009384125
0.14914772727272727, 0.9886363636363636, 0.022675288256713652
0.16335227272727273, 0.011363636363636364, 0.01599186361693442
0.16335227272727273, 0.03409090909090909, 0.017335268440811607
0.16335227272727273, 0.056818181818181816, 0.01648459880257617
0.16335227272727273, 0.07954545454545454, 0.018133059520860858
0.16335227272727273, 0.10227272727272728, 0.01742188800202525
0.16335227272727273, 0.125, 0.019346952067512798
0.16335227272727273, 0.14772727272727273, 0.019012479871678617
0.16335227272727273, 0.17045454545454544, 0.019366107762234373
0.16335227272727273, 0.19318181818181818, 0.019366107762234373
0.16335227272727273, 0.2159090909090909, 0.02023344099994455
0.16335227272727273, 0.23863636363636365, 0.021152081610266122
0.16335227272727273, 0.26136363636363635, 0.022039830320360027
0.16335227272727273, 0.2840909090909091, 0.022039830320360027
0.16335227272727273, 0.3068181818181818, 0.02291276904848695
0.16335227272727273, 0.32954545454545453, 0.023734317932973502
0.16335227272727273, 0.3522727272727273, 0.024510395555315062
0.16335227272727273, 0.375, 0.024510395555315062
0.16335227272727273, 0.3977272727272727, 0.025203068407598284
0.16335227272727273, 0.42045454545454547, 0.02582902836011352
0.16335227272727273, 0.4431818181818182, 0.02636330808028061
0.16335227272727273, 0.4659090909090909, 0.02636330808028061
0.16335227272727273, 0.48863636363636365, 0.026814432874994378
0.16335227272727273, 0.5113636363636364, 0.027147204528755117
0.16335227272727273, 0.5340909090909091, 0.027370059450156508
0.16335227272727273, 0.5568181818181818, 0.027370059450156508
0.16335227272727273, 0.5795454545454546, 0.027465958618516507
0.16335227272727273, 0.6022727272727273, 0.02746682762097209
0.16335227272727273, 0.625, 0.02746682762097209
0.16335227272727273, 0.6477272727272727, 0.0273855986928079
0.16335227272727273, 0.6704545454545454, 0.02725786743680211
0.16335227272727273, 0.6931818181818182, 0.027084032942847468
0.16335227272727273, 0.7159090909090909, 0.027084032942847468
0.16335227272727273, 0.7386363636363636, 0.026792620860461913
0.16335227272727273, 0.7613636363636364, 0.026508309574554786
0.16335227272727273, 0.7840909090909091, 0.026508309574554786
0.16335227272727273, 0.8068181818181818, 0.02632765223904628
0.16335227272727273, 0.8295454545454546, 0.02426442548302404
0.16335227272727273, 0.8522727272727273, 0.025756659800225328
0.16335227272727273, 0.875, 0.025756659800225328
0.16335227272727273, 0.8977272727272727, 0.023832853914843882
0.16335227272727273, 0.9204545454545454, 0.025203013769193996
0.16335227272727273, 0.9431818181818182, 0.02313562255610277
0.16335227272727273, 0.9659090909090909, 0.024552962132749417
0.16335227272727273, 0.9886363636363636, 0.022675288256713652
0.17755681818181818, 0.011363636363636364, 0.018263374303752616
0.17755681818181818, 0.03409090909090909, 0.017335268440811607
0.17755681818181818, 0.056818181818181816, 0.018753536977333996
0.17755681818181818, 0.07954545454545454, 0.018133059520860858
0.17755681818181818, 0.10227272727272728, 0.01985023476618152
0.17755681818181818, 0.125, 0.019346952067512798
0.17755681818181818, 0.14772727272727273, 0.021370353287139553
0.17755681818181818, 0.17045454545454544, 0.0210501448238289
0.17755681818181818, 0.19318181818181818, 0.022068292571236877
0.17755681818181818, 0.2159090909090909, 0.023142168129983706
0.17755681818181818, 0.23863636363636365, 0.023142168129983706
0.17755681818181818, 0.26136363636363635, 0.024164022027282024
0.17755681818181818, 0.2840909090909091, 0.025148861015678897
0.17755681818181818, 0.3068181818181818, 0.02611798039972047
0.17755681818181818, 0.32954545454545453, 0.02611798039972047
0.17755681818181818, 0.3522727272727273, 0.027012883652494504
0.17755681818181818, 0.375, 0.02783333156072924
0.17755681818181818, 0.3977272727272727, 0.02856025063480826
0.17755681818181818, 0.42045454545454547, 0.02856025063480826
0.17755681818181818, 0.4431818181818182, 0.02921808961955375
0.17755681818181818, 0.4659090909090909, 0.029785397039881086
0.17755681818181818, 0.48863636363636365, 0.03025194700861474
0.17755681818181818, 0.5113636363636364, 0.03025194700861474
0.17755681818181818, 0.5340909090909091, 0.030570409630594517
0.17755681818181818, 0.5568181818181818, 0.030746963075873837
0.17755681818181818, 0.5795454545454546, 0.030746963075873837
0.17755681818181818, 0.6022727272727273, 0.03078653724683792
0.17755681818181818, 0.625, 0.030731764451033435
0.17755681818181818, 0.6477272727272727, 0.030650659122351404
0.17755681818181818, 0.6704545454545454, 0.030650659122351404
0.17755681818181818, 0.6931818181818182, 0.030498407294265905
0.17755681818181818, 0.7159090909090909, 0.03027328596107347
0.17755681818181818, 0.7386363636363636, 0.029950608557693107
0.17755681818181818, 0.7613636363636364, 0.026508309574554786
0.17755681818181818, 0.7840909090909091, 0.02961486918898886
0.17755681818181818, 0.8068181818181818, 0.02632765223904628
0.17755681818181818, 0.8295454545454546, 0.027899237558232003
0.17755681818181818, 0.8522727272727273, 0.025756659800225328
0.17755681818181818, 0.875, 0.025756659800225328
0.17755681818181818, 0.8977272727272727, 0.027150975797347925
0.17755681818181818, 0.9204545454545454, 0.025203013769193996
0.17755681818181818, 0.9431818181818182, 0.0264029547366783
0.17755681818181818, 0.9659090909090909, 0.024552962132749417
0.17755681818181818, 0.9886363636363636, 0.026004180570114253
0.19176136363636365, 0.011363636363636364, 0.018263374303752616
0.19176136363636365, 0.03409090909090909, 0.019388416933361064
0.19176136363636365, 0.056818181818181816, 0.018753536977333996
0.19176136363636365, 0.07954545454545454, 0.020247375924191024
0.19176136363636365, 0.10227272727272728, 0.01985023476618152
0.19176136363636365, 0.125, 0.021625355057436343
0.19176136363636365, 0.14772727272727273, 0.021370353287139553
0.19176136363636365, 0.17045454545454544, 0.0210501448238289
0.19176136363636365, 0.19318181818181818, 0.022068292571236877
0.19176136363636365, 0.2159090909090909, 0.023142168129983706
0.19176136363636365, 0.23863636363636365, 0.023142168129983706
0.19176136363636365, 0.26136363636363635, 0.024164022027282024
0.19176136363636365, 0.2840909090909091, 0.025148861015678897
0.19176136363636365, 0.3068181818181818, 0.02611798039972047
0.19176136363636365, 0.32954545454545453, 0.02611798039972047
0.19176136363636365, 0.3522727272727273, 0.027012883652494504
0.19176136363636365, 0.375, 0.02783333156072924
0.19176136363636365, 0.3977272727272727, 0.02856025063480826
0.19176136363636365, 0.42045454545454547, 0.02856025063480826
0.19176136363636365, 0.4431818181818182, 0.02921808961955375
0.19176136363636365, 0.4659090909090909, 0.029785397039881086
0.19176136363636365, 0.48863636363636365, 0.03025194700861474
0.19176136363636365, 0.5113636363636364, 0.03025194700861474
0.19176136363636365, 0.5340909090909091, 0.030570409630594517
0.19176136363636365, 0.5568181818181818, 0.030746963075873837
0.19176136363636365, 0.5795454545454546, 0.030746963075873837
0.19176136363636365, 0.6022727272727273, 0.03078653724683792
0.19176136363636365, 0.625, 0.030731764451033435
0.19176136363636365, 0.6477272727272727, 0.030650659122351404
0.19176136363636365, 0.6704545454545454, 0.030650659122351404
0.19176136363636365, 0.6931818181818182, 0.030498407294265905
0.19176136363636365, 0.7159090909090909, 0.03027328596107347
0.19176136363636365, 0.7386363636363636, 0.029950608557693107
0.19176136363636365, 0.7613636363636364, 0.029950608557693107
0.19176136363636365, 0.7840909090909091, 0.02961486918898886
0.19176136363636365, 0.8068181818181818, 0.03004626746716297
0.19176136363636365, 0.8295454545454546, 0.027899237558232003
0.19176136363636365, 0.8522727272727273, 0.02905973622214318
0.19176136363636365, 0.875, 0.02905973622214318
0.19176136363636365, 0.8977272727272727, 0.027150975797347925
0.19176136363636365, 0.9204545454545454, 0.028219898059219123
0.19176136363636365, 0.9431818181818182, 0.0264029547366783
0.19176136363636365, 0.9659090909090909, 0.027576360048856993
0.19176136363636365, 0.9886363636363636, 0.026004180570114253
0.2059659090909091, 0.011363636363636364, 0.019388416933361064
0.2059659090909091, 0.03409090909090909, 0.019388416933361064
0.2059659090909091, 0.056818181818181816, 0.020608277080932588
0.2059659090909091, 0.07954545454545454, 0.020247375924191024
0.2059659090909091, 0.10227272727272728, 0.021812805908620815
0.2059659090909091, 0.125, 0.021625355057436343
0.2059659090909091, 0.14772727272727273, 0.021370353287139553
0.2059659090909091, 0.17045454545454544, 0.023096031912641923
0.2059659090909091, 0.19318181818181818, 0.023096031912641923
0.2059659090909091, 0.2159090909090909, 0.02453517651887884
0.2059659090909091, 0.23863636363636365, 0.025741534536017414
0.2059659090909091, 0.26136363636363635, 0.026827673358066767
0.2059659090909091, 0.2840909090909091, 0.027933205007784727
0.2059659090909091, 0.3068181818181818, 0.027933205007784727
0.2059659090909091, 0.32954545454545453, 0.028980132031689792
0.2059659090909091, 0.3522727272727273, 0.02991611835253325
0.2059659090909091, 0.375, 0.02991611835253325
0.2059659090909091, 0.3977272727272727, 0.030752214490136775
0.2059659090909091, 0.42045454545454547, 0.03149734064215647
0.2059659090909091, 0.4431818181818182, 0.03218463682690693
0.2059659090909091, 0.4659090909090909, 0.03218463682690693
0.2059659090909091, 0.48863636363636365, 0.03278032894702632
0.2059659090909091, 0.5113636363636364, 0.03323768378465979
0.2059659090909091, 0.5340909090909091, 0.03350769499146765
0.2059659090909091, 0.5568181818181818, 0.03350769499146765
0.2059659090909091, 0.5795454545454546, 0.03361494354809344
0.2059659090909091, 0.6022727272727273, 0.033571487987249654
0.2059659090909091, 0.625, 0.033571487987249654
0.2059659090909091, 0.6477272727272727, 0.0334835462728432
0.2059659090909091, 0.6704545454545454, 0.03344270367908569
0.2059659090909091, 0.6931818181818182, 0.033324771936862306
0.2059659090909091, 0.7159090909090909, 0.03027328596107347
0.2059659090909091, 0.7386363636363636, 0.032960260832233565
0.2059659090909091, 0.7613636363636364, 0.032563532537822515
0.2059659090909091, 0.7840909090909091, 0.032054905425349424
0.2059659090909091, 0.8068181818181818, 0.03004626746716297
0.2059659090909091, 0.8295454545454546, 0.030981416143246197
0.2059659090909091, 0.8522727272727273, 0.02905973622214318
0.2059659090909091, 0.875, 0.02905973622214318
0.2059659090909091, 0.8977272727272727, 0.029982486249225393
0.2059659090909091, 0.9204545454545454, 0.028219898059219123
0.2059659090909091, 0.9431818181818182, 0.029142177737717857
0.2059659090909091, 0.9659090909090909, 0.027576360048856993
0.2059659090909091, 0.9886363636363636, 0.027576360048856993
0.22017045454545456, 0.011363636363636364, 0.020109957054330465
0.22017045454545456, 0.03409090909090909, 0.021005527842911143
0.22017045454545456, 0.056818181818181816, 0.020608277080932588
0.22017045454545456, 0.07954545454545454, 0.020247375924191024
0.22017045454545456, 0.10227272727272728, 0.021812805908620815
0.22017045454545456, 0.125, 0.021625355057436343
0.22017045454545456, 0.14772727272727273, 0.023405916807941636
0.22017045454545456, 0.17045454545454544, 0.023405916807941636
0.22017045454545456, 0.19318181818181818, 0.025082709673969215
0.22017045454545456, 0.2159090909090909, 0.02453517651887884
0.22017045454545456, 0.23863636363636365, 0.025741534536017414
0.22017045454545456, 0.26136363636363635, 0.026827673358066767
0.22017045454545456, 0.2840909090909091, 0.027933205007784727
0.22017045454545456, 0.3068181818181818, 0.027933205007784727
0.22017045454545456, 0.32954545454545453, 0.028980132031689792
0.22017045454545456, 0.3522727272727273, 0.02991611835253325
0.22017045454545456, 0.375, 0.02991611835253325
0.22017045454545456, 0.3977272727272727, 0.030752214490136775
0.22017045454545456, 0.42045454545454547, 0.03149734064215647
0.22017045454545456, 0.4431818181818182, 0.03218463682690693
0.22017045454545456, 0.4659090909090909, 0.03218463682690693
0.22017045454545456, 0.48863636363636365, 0.03278032894702632
0.22017045454545456, 0.5113636363636364, 0.03323768378465979
0.22017045454545456, 0.5340909090909091, 0.03350769499146765
0.22017045454545456, 0.5568181818181818, 0.03350769499146765
0.22017045454545456, 0.5795454545454546, 0.03361494354809344
0.22017045454545456, 0.6022727272727273, 0.033571487987249654
0.22017045454545456, 0.625, 0.033571487987249654
0.22017045454545456, 0.6477272727272727, 0.0334835462728432
0.22017045454545456, 0.6704545454545454, 0.03344270367908569
0.22017045454545456, 0.6931818181818182, 0.033324771936862306
0.22017045454545456, 0.7159090909090909, 0.033324771936862306
0.22017045454545456, 0.7386363636363636, 0.032960260832233565
0.22017045454545456, 0.7613636363636364, 0.032563532537822515
0.22017045454545456, 0.7840909090909091, 0.032054905425349424
0.22017045454545456, 0.8068181818181818, 0.03283106012256817
0.22017045454545456, 0.8295454545454546, 0.030981416143246197
0.22017045454545456, 0.8522727272727273, 0.030981416143246197
0.22017045454545456, 0.875, 0.029982486249225393
0.22017045454545456, 0.8977272727272727, 0.029982486249225393
0.22017045454545456, 0.9204545454545454, 0.030689933057543868
0.22017045454545456, 0.9431818181818182, 0.029142177737717857
0.22017045454545456, 0.9659090909090909, 0.030006637992123764
0.22017045454545456, 0.9886363636363636, 0.028755714071100853
0.234375, 0.011363636363636364, 0.021005527842911143
0.234375, 0.03409090909090909, 0.021005527842911143
0.234375, 0.056818181818181816, 0.020608277080932588
0.234375, 0.07954545454545454, 0.02191767277578668
0.234375, 0.10227272727272728, 0.021812805908620815
0.234375, 0.125, 0.023410227290927427
0.234375, 0.14772727272727273, 0.023405916807941636
0.234375, 0.17045454545454544, 0.025082709673969215
0.234375, 0.19318181818181818, 0.025082709673969215
0.234375, 0.2159090909090909, 0.026797809749604624
0.234375, 0.23863636363636365, 0.02790974675157315
0.234375, 0.26136363636363635, 0.02790974675157315
0.234375, 0.2840909090909091, 0.02918027977659648
0.234375, 0.3068181818181818, 0.030395478619701526
0.234375, 0.32954545454545453, 0.030395478619701526
0.234375, 0.3522727272727273, 0.031476541140557035
0.234375, 0.375, 0.03241907993838976
0.234375, 0.3977272727272727, 0.0332306347592527
0.234375, 0.42045454545454547, 0.0332306347592527
0.234375, 0.4431818181818182, 0.033986691985903414
0.234375, 0.4659090909090909, 0.0347216720874286
0.234375, 0.48863636363636365, 0.035346585510964965
0.234375, 0.5113636363636364, 0.035346585510964965
0.234375, 0.5340909090909091, 0.03574107903334207
0.234375, 0.5568181818181818, 0.035932067539744275
0.234375, 0.5795454545454546, 0.035932067539744275
0.234375, 0.6022727272727273, 0.03593623797530045
0.234375, 0.625, 0.03576669804488457
0.234375, 0.6477272727272727, 0.03571645099617437
0.234375, 0.6704545454545454, 0.03571645099617437
0.234375, 0.6931818181818182, 0.03583021948348946
0.234375, 0.7159090909090909, 0.03559869986497688
0.234375, 0.7386363636363636, 0.034948573530185004
0.234375, 0.7613636363636364, 0.032563532537822515
0.234375, 0.7840909090909091, 0.03446042097887852
0.234375, 0.8068181818181818, 0.03283106012256817
0.234375, 0.8295454545454546, 0.03333802487541212
0.234375, 0.8522727272727273, 0.03169560903757921
0.234375, 0.875, 0.03169560903757921
0.234375, 0.8977272727272727, 0.03219288563332252
0.234375, 0.9204545454545454, 0.030689933057543868
0.234375, 0.9431818181818182, 0.029142177737717857
0.234375, 0.9659090909090909, 0.030006637992123764
0.234375, 0.9886363636363636, 0.030006637992123764
0.24857954545454544, 0.011363636363636364, 0.021497830066092394
0.24857954545454544, 0.03409090909090909, 0.021005527842911143
0.24857954545454544, 0.056818181818181816, 0.022010423945318904
0.24857954545454544, 0.07954545454545454, 0.02191767277578668
0.24857954545454544, 0.10227272727272728, 0.023291798813653057
0.24857954545454544, 0.125, 0.023410227290927427
0.24857954545454544, 0.14772727272727273, 0.025018671907887074
0.24857954545454544, 0.17045454545454544, 0.025018671907887074
0.24857954545454544, 0.19318181818181818, 0.026608824845971147
0.24857954545454544, 0.2159090909090909, 0.026797809749604624
0.24857954545454544, 0.23863636363636365, 0.028549280823304823
0.24857954545454544, 0.26136363636363635, 0.02790974675157315
0.24857954545454544, 0.2840909090909091, 0.02918027977659648
0.24857954545454544, 0.3068181818181818, 0.030395478619701526
0.24857954545454544, 0.32954545454545453, 0.030395478619701526
0.24857954545454544, 0.3522727272727273, 0.031476541140557035
0.24857954545454544, 0.375, 0.03241907993838976
0.24857954545454544, 0.3977272727272727, 0.0332306347592527
0.24857954545454544, 0.42045454545454547, 0.0332306347592527
0.24857954545454544, 0.4431818181818182, 0.033986691985903414
0.24857954545454544, 0.4659090909090909, 0.0347216720874286
0.24857954545454544, 0.48863636363636365, 0.035346585510964965
0.24857954545454544, 0.5113636363636364, 0.035346585510964965
0.24857954545454544, 0.5340909090909091, 0.03574107903334207
0.24857954545454544, 0.5568181818181818, 0.035932067539744275
0.24857954545454544, 0.5795454545454546, 0.035932067539744275
0.24857954545454544, 0.6022727272727273, 0.03593623797530045
0.24857954545454544, 0.625, 0.03576669804488457
0.24857954545454544, 0.6477272727272727, 0.03571645099617437
0.24857954545454544, 0.6704545454545454, 0.03583021948348946
0.24857954545454544, 0.6931818181818182, 0.03583021948348946
0.24857954545454544, 0.7159090909090909, 0.03559869986497688
0.24857954545454544, 0.7386363636363636, 0.034948573530185004
0.24857954545454544, 0.7613636363636364, 0.034948573530185004
0.24857954545454544, 0.7840909090909091, 0.03446042097887852
0.24857954545454544, 0.8068181818181818, 0.03283106012256817
0.24857954545454544, 0.8295454545454546, 0.03333802487541212
0.24857954545454544, 0.8522727272727273, 0.03333802487541212
0.24857954545454544, 0.875, 0.03219288563332252
0.24857954545454544, 0.8977272727272727, 0.03219288563332252
0.24857954545454544, 0.9204545454545454, 0.030689933057543868
0.24857954545454544, 0.9431818181818182, 0.03126868511623026
0.24857954545454544, 0.9659090909090909, 0.030006637992123764
0.24857954545454544, 0.9886363636363636, 0.030872657079888732
0.2627840909090909, 0.011363636363636364, 0.02215118120474
0.2627840909090909, 0.03409090909090909, 0.02215118120474
0.2627840909090909, 0.056818181818181816, 0.022010423945318904
0.2627840909090909, 0.07954545454545454, 0.023106005145852895
0.2627840909090909, 0.10227272727272728, 0.023291798813653057
0.2627840909090909, 0.125, 0.02469988863841635
0.2627840909090909, 0.14772727272727273, 0.02469988863841635
0.2627840909090909, 0.17045454545454544, 0.025018671907887074
0.2627840909090909, 0.19318181818181818, 0.026608824845971147
0.2627840909090909, 0.2159090909090909, 0.028164621015368218
0.2627840909090909, 0.23863636363636365, 0.028549280823304823
0.2627840909090909, 0.26136363636363635, 0.0297982665871217
0.2627840909090909, 0.2840909090909091, 0.031160112209817396
0.2627840909090909, 0.3068181818181818, 0.031160112209817396
0.2627840909090909, 0.32954545454545453, 0.032427016166592534
0.2627840909090909, 0.3522727272727273, 0.033508876510900294
0.2627840909090909, 0.375, 0.033508876510900294
0.2627840909090909, 0.3977272727272727, 0.034439913726730914
0.2627840909090909, 0.42045454545454547, 0.03518593189256585
0.2627840909090909, 0.4431818181818182, 0.03596726703214628
0.2627840909090909, 0.4659090909090909, 0.03596726703214628
0.2627840909090909, 0.48863636363636365, 0.03678966674094547
0.2627840909090909, 0.5113636363636364, 0.037357509396368505
0.2627840909090909, 0.5340909090909091, 0.037357509396368505
0.2627840909090909, 0.5568181818181818, 0.03763139859901343
0.2627840909090909, 0.5795454545454546, 0.037748154996684304
0.2627840909090909, 0.6022727272727273, 0.037670251760328385
0.2627840909090909, 0.625, 0.037670251760328385
0.2627840909090909, 0.6477272727272727, 0.03728395225541413
0.2627840909090909, 0.6704545454545454, 0.037544400029134915
0.2627840909090909, 0.6931818181818182, 0.03583021948348946
0.2627840909090909, 0.7159090909090909, 0.03559869986497688
0.2627840909090909, 0.7386363636363636, 0.03703229720689514
0.2627840909090909, 0.7613636363636364, 0.0361437066126126
0.2627840909090909, 0.7840909090909091, 0.03446042097887852
0.2627840909090909, 0.8068181818181818, 0.03484384391780307
0.2627840909090909, 0.8295454545454546, 0.03333802487541212
0.2627840909090909, 0.8522727272727273, 0.033623907285133287
0.2627840909090909, 0.875, 0.033623907285133287
0.2627840909090909, 0.8977272727272727, 0.03219288563332252
0.2627840909090909, 0.9204545454545454, 0.03251619363225228
0.2627840909090909, 0.9431818181818182, 0.03126868511623026
0.2627840909090909, 0.9659090909090909, 0.03178906780950342
0.2627840909090909, 0.9886363636363636, 0.03178906780950342
0.27698863636363635, 0.011363636363636364, 0.02239933754854525
0.27698863636363635, 0.03409090909090909, 0.02215118120474
0.27698863636363635, 0.056818181818181816, 0.02292477551247377
0.27698863636363635, 0.07954545454545454, 0.023106005145852895
0.27698863636363635, 0.10227272727272728, 0.02426778591026006
0.27698863636363635, 0.125, 0.02469988863841635
0.27698863636363635, 0.14772727272727273, 0.026139969863242216
0.27698863636363635, 0.17045454545454544, 0.026139969863242216
0.27698863636363635, 0.19318181818181818, 0.026608824845971147
0.27698863636363635, 0.2159090909090909, 0.028164621015368218
0.27698863636363635, 0.23863636363636365, 0.028549280823304823
0.27698863636363635, 0.26136363636363635, 0.0297982665871217
0.27698863636363635, 0.2840909090909091, 0.031160112209817396
0.27698863636363635, 0.3068181818181818, 0.031160112209817396
0.27698863636363635, 0.32954545454545453, 0.032427016166592534
0.27698863636363635, 0.3522727272727273, 0.033508876510900294
0.27698863636363635, 0.375, 0.033508876510900294
0.27698863636363635, 0.3977272727272727, 0.034439913726730914
0.27698863636363635, 0.42045454545454547, 0.03518593189256585
0.27698863636363635, 0.4431818181818182, 0.03654355325588422
0.27698863636363635, 0.4659090909090909, 0.03596726703214628
0.27698863636363635, 0.48863636363636365, 0.03678966674094547
0.27698863636363635, 0.5113636363636364, 0.037357509396368505
0.27698863636363635, 0.5340909090909091, 0.037357509396368505
0.27698863636363635, 0.5568181818181818, 0.03763139859901343
0.27698863636363635, 0.5795454545454546, 0.037748154996684304
0.27698863636363635, 0.6022727272727273, 0.037670251760328385
0.27698863636363635, 0.625, 0.037670251760328385
0.27698863636363635, 0.6477272727272727, 0.03728395225541413
0.27698863636363635, 0.6704545454545454, 0.037544400029134915
0.27698863636363635, 0.6931818181818182, 0.03781109816408158
0.27698863636363635, 0.7159090909090909, 0.03703229720689514
0.27698863636363635, 0.7386363636363636, 0.03703229720689514
0.27698863636363635, 0.7613636363636364, 0.0361437066126126
0.27698863636363635, 0.7840909090909091, 0.03620162210935748
0.27698863636363635, 0.8068181818181818, 0.03484384391780307
0.27698863636363635, 0.8295454545454546, 0.03494184309386074
0.27698863636363635, 0.8522727272727273, 0.03494184309386074
0.27698863636363635, 0.875, 0.033623907285133287
0.27698863636363635, 0.8977272727272727, 0.03371141690829629
0.27698863636363635, 0.9204545454545454, 0.03251619363225228
0.27698863636363635, 0.9431818181818182, 0.03272313817360678
0.27698863636363635, 0.9659090909090909, 0.03178906780950342
0.27698863636363635, 0.9886363636363636, 0.03230658198877107
0.2911931818181818, 0.011363636363636364, 0.02239933754854525
0.2911931818181818, 0.03409090909090909, 0.02280221909202493
0.2911931818181818, 0.056818181818181816, 0.02292477551247377
0.2911931818181818, 0.07954545454545454, 0.0237901657853221
0.2911931818181818, 0.10227272727272728, 0.02426778591026006
0.2911931818181818, 0.125, 0.025468179336896456
0.2911931818181818, 0.14772727272727273, 0.025468179336896456
0.2911931818181818, 0.17045454545454544, 0.026139969863242216
0.2911931818181818, 0.19318181818181818, 0.027563848562590525
0.2911931818181818, 0.2159090909090909, 0.028164621015368218
0.2911931818181818, 0.23863636363636365, 0.029661216692013482
0.2911931818181818, 0.26136363636363635, 0.031092982364988257
0.2911931818181818, 0.2840909090909091, 0.031092982364988257
0.2911931818181818, 0.3068181818181818, 0.03267071062306503
0.2911931818181818, 0.32954545454545453, 0.032427016166592534
0.2911931818181818, 0.3522727272727273, 0.033980396158966704
0.2911931818181818, 0.375, 0.035078900120260936
0.2911931818181818, 0.3977272727272727, 0.03598799001021022
0.2911931818181818, 0.42045454545454547, 0.03598799001021022
0.2911931818181818, 0.4431818181818182, 0.03654355325588422
0.2911931818181818, 0.4659090909090909, 0.03742661705335362
0.2911931818181818, 0.48863636363636365, 0.038276797281772565
0.2911931818181818, 0.5113636363636364, 0.038276797281772565
0.2911931818181818, 0.5340909090909091, 0.038661682552713524
0.2911931818181818, 0.5568181818181818, 0.038885771972768345
0.2911931818181818, 0.5795454545454546, 0.038885771972768345
0.2911931818181818, 0.6022727272727273, 0.038932165855776864
0.2911931818181818, 0.625, 0.03874058006079102
0.2911931818181818, 0.6477272727272727, 0.03874058006079102
0.2911931818181818, 0.6704545454545454, 0.038654908580066094
0.2911931818181818, 0.6931818181818182, 0.03781109816408158
0.2911931818181818, 0.7159090909090909, 0.03781109816408158
0.2911931818181818, 0.7386363636363636, 0.03703229720689514
0.2911931818181818, 0.7613636363636364, 0.03735117462724065
0.2911931818181818, 0.7840909090909091, 0.03620162210935748
0.2911931818181818, 0.8068181818181818, 0.03610437038990896
0.2911931818181818, 0.8295454545454546, 0.03494184309386074
0.2911931818181818, 0.8522727272727273, 0.03481536898421789
0.2911931818181818, 0.875, 0.03481536898421789
0.2911931818181818, 0.8977272727272727, 0.03371141690829629
0.2911931818181818, 0.9204545454545454, 0.03363863543000152
0.2911931818181818, 0.9431818181818182, 0.03272313817360678
0.2911931818181818, 0.9659090909090909, 0.03287034128573819
0.2911931818181818, 0.9886363636363636, 0.03230658198877107
0.3053977272727273, 0.011363636363636364, 0.02279398917454149
0.3053977272727273, 0.03409090909090909, 0.02280221909202493
0.3053977272727273, 0.056818181818181816, 0.02333254086876329
0.3053977272727273, 0.07954545454545454, 0.0237901657853221
0.3053977272727273, 0.10227272727272728, 0.02471854085804354
0.3053977272727273, 0.125, 0.025468179336896456
0.3053977272727273, 0.14772727272727273, 0.025468179336896456
0.3053977272727273, 0.17045454545454544, 0.026688813144276572
0.3053977272727273, 0.19318181818181818, 0.027563848562590525
0.3053977272727273, 0.2159090909090909, 0.02896107675951441
0.3053977272727273, 0.23863636363636365, 0.029661216692013482
0.3053977272727273, 0.26136363636363635, 0.031092982364988257
0.3053977272727273, 0.2840909090909091, 0.031092982364988257
0.3053977272727273, 0.3068181818181818, 0.03267071062306503
0.3053977272727273, 0.32954545454545453, 0.03267071062306503
0.3053977272727273, 0.3522727272727273, 0.033980396158966704
0.3053977272727273, 0.375, 0.035078900120260936
0.3053977272727273, 0.3977272727272727, 0.03598799001021022
0.3053977272727273, 0.42045454545454547, 0.03598799001021022
0.3053977272727273, 0.4431818181818182, 0.03654355325588422
0.3053977272727273, 0.4659090909090909, 0.03742661705335362
0.3053977272727273, 0.48863636363636365, 0.038276797281772565
0.3053977272727273, 0.5113636363636364, 0.038276797281772565
0.3053977272727273, 0.5340909090909091, 0.038661682552713524
0.3053977272727273, 0.5568181818181818, 0.038885771972768345
0.3053977272727273, 0.5795454545454546, 0.038885771972768345
0.3053977272727273, 0.6022727272727273, 0.038932165855776864
0.3053977272727273, 0.625, 0.03874058006079102
0.3053977272727273, 0.6477272727272727, 0.03874058006079102
0.3053977272727273, 0.6704545454545454, 0.038654908580066094
0.3053977272727273, 0.6931818181818182, 0.03893889985901213
0.3053977272727273, 0.7159090909090909, 0.03837855292743627
0.3053977272727273, 0.7386363636363636, 0.03735117462724065
0.3053977272727273, 0.7613636363636364, 0.03735117462724065
0.3053977272727273, 0.7840909090909091, 0.03706755476511356
0.3053977272727273, 0.8068181818181818, 0.03610437038990896
0.3053977272727273, 0.8295454545454546, 0.035780897427632526
0.3053977272727273, 0.8522727272727273, 0.03481536898421789
0.3053977272727273, 0.875, 0.03481536898421789
0.3053977272727273, 0.8977272727272727, 0.03449169046347099
0.3053977272727273, 0.9204545454545454, 0.03363863543000152
0.3053977272727273, 0.9431818181818182, 0.033453553135403644
0.3053977272727273, 0.9659090909090909, 0.03287034128573819
0.3053977272727273, 0.9886363636363636, 0.033017639236056134
0.3196022727272727, 0.011363636363636364, 0.02279398917454149
0.3196022727272727, 0.03409090909090909, 0.022940463684838264
0.3196022727272727, 0.056818181818181816, 0.02333254086876329
0.3196022727272727, 0.07954545454545454, 0.023953659158697103
0.3196022727272727, 0.10227272727272728, 0.02471854085804354
0.3196022727272727, 0.125, 0.02567253069083911
0.3196022727272727, 0.14772727272727273, 0.02567253069083911
0.3196022727272727, 0.17045454545454544, 0.026688813144276572
0.3196022727272727, 0.19318181818181818, 0.027908508840257994
0.3196022727272727, 0.2159090909090909, 0.02896107675951441
0.3196022727272727, 0.23863636363636365, 0.030346903659936048
0.3196022727272727, 0.26136363636363635, 0.030346903659936048
0.3196022727272727, 0.2840909090909091, 0.03168129295544631
0.3196022727272727, 0.3068181818181818, 0.03277490361416763
0.3196022727272727, 0.32954545454545453, 0.03390829616286114
0.3196022727272727, 0.3522727272727273, 0.03507420012725735
0.3196022727272727, 0.375, 0.03507420012725735
0.3196022727272727, 0.3977272727272727, 0.036159159918339984
0.3196022727272727, 0.42045454545454547, 0.037199426579652514
0.3196022727272727, 0.4431818181818182, 0.037199426579652514
0.3196022727272727, 0.4659090909090909, 0.03805358599265472
0.3196022727272727, 0.48863636363636365, 0.03857355779244692
0.3196022727272727, 0.5113636363636364, 0.03900275249902997
0.3196022727272727, 0.5340909090909091, 0.03900275249902997
0.3196022727272727, 0.5568181818181818, 0.03931659198360565
0.3196022727272727, 0.5795454545454546, 0.03947867554873287
0.3196022727272727, 0.6022727272727273, 0.03947867554873287
0.3196022727272727, 0.625, 0.03947189419889622
0.3196022727272727, 0.6477272727272727, 0.03929893354174065
0.3196022727272727, 0.6704545454545454, 0.03893889985901213
0.3196022727272727, 0.6931818181818182, 0.03893889985901213
0.3196022727272727, 0.7159090909090909, 0.03837855292743627
0.3196022727272727, 0.7386363636363636, 0.03837855292743627
0.3196022727272727, 0.7613636363636364, 0.03779984471961329
0.3196022727272727, 0.7840909090909091, 0.03706755476511356
0.3196022727272727, 0.8068181818181818, 0.0365607561388294
0.3196022727272727, 0.8295454545454546, 0.035780897427632526
0.3196022727272727, 0.8522727272727273, 0.0352345236368376
0.3196022727272727, 0.875, 0.0352345236368376
0.3196022727272727, 0.8977272727272727, 0.03449169046347099
0.3196022727272727, 0.9204545454545454, 0.03401123049967528
0.3196022727272727, 0.9431818181818182, 0.033453553135403644
0.3196022727272727, 0.9659090909090909, 0.03321244101172883
0.3196022727272727, 0.9886363636363636, 0.033017639236056134
0.3338068181818182, 0.011363636363636364, 0.02266806251514409
0.3338068181818182, 0.03409090909090909, 0.022940463684838264
0.3338068181818182, 0.056818181818181816, 0.02321928169384193
0.3338068181818182, 0.07954545454545454, 0.023953659158697103
0.3338068181818182, 0.10227272727272728, 0.024628171457851823
0.3338068181818182, 0.125, 0.02567253069083911
0.3338068181818182, 0.14772727272727273, 0.02567253069083911
0.3338068181818182, 0.17045454545454544, 0.02661843855477737
0.3338068181818182, 0.19318181818181818, 0.027908508840257994
0.3338068181818182, 0.2159090909090909, 0.02912928927688079
0.3338068181818182, 0.23863636363636365, 0.030346903659936048
0.3338068181818182, 0.26136363636363635, 0.030346903659936048
0.3338068181818182, 0.2840909090909091, 0.03168129295544631
0.3338068181818182, 0.3068181818181818, 0.03277490361416763
0.3338068181818182, 0.32954545454545453, 0.03390829616286114
0.3338068181818182, 0.3522727272727273, 0.03390829616286114
0.3338068181818182, 0.375, 0.03507420012725735
0.3338068181818182, 0.3977272727272727, 0.036159159918339984
0.3338068181818182, 0.42045454545454547, 0.03658583240108714
0.3338068181818182, 0.4431818181818182, 0.037199426579652514
0.3338068181818182, 0.4659090909090909, 0.03805358599265472
0.3338068181818182, 0.48863636363636365, 0.03857355779244692
0.3338068181818182, 0.5113636363636364, 0.03857355779244692
0.3338068181818182, 0.5340909090909091, 0.03900275249902997
0.3338068181818182, 0.5568181818181818, 0.03931659198360565
0.3338068181818182, 0.5795454545454546, 0.03947867554873287
0.3338068181818182, 0.6022727272727273, 0.03947867554873287
0.3338068181818182, 0.625, 0.03947189419889622
0.3338068181818182, 0.6477272727272727, 0.03929893354174065
0.3338068181818182, 0.6704545454545454, 0.039050012715559544
0.3338068181818182, 0.6931818181818182, 0.03893889985901213
0.3338068181818182, 0.7159090909090909, 0.03837855292743627
0.3338068181818182, 0.7386363636363636, 0.03779984471961329
0.3338068181818182, 0.7613636363636364, 0.03779984471961329
0.3338068181818182, 0.7840909090909091, 0.03711369966779714
0.3338068181818182, 0.8068181818181818, 0.0365607561388294
0.3338068181818182, 0.8295454545454546, 0.03581794897671884
0.3338068181818182, 0.8522727272727273, 0.0352345236368376
0.3338068181818182, 0.875, 0.0352345236368376
0.3338068181818182, 0.8977272727272727, 0.03449301893243938
0.3338068181818182, 0.9204545454545454, 0.03401123049967528
0.3338068181818182, 0.9431818181818182, 0.033425745537280054
0.3338068181818182, 0.9659090909090909, 0.03321244101172883
0.3338068181818182, 0.9886363636363636, 0.03297563732249042
0.34801136363636365, 0.011363636363636364, 0.02266806251514409
0.34801136363636365, 0.03409090909090909, 0.022555874531644107
0.34801136363636365, 0.056818181818181816, 0.02321928169384193
0.34801136363636365, 0.07954545454545454, 0.02359131361281055
0.34801136363636365, 0.10227272727272728, 0.024628171457851823
0.34801136363636365, 0.125, 0.0253064682986347
0.34801136363636365, 0.14772727272727273, 0.02661843855477737
0.34801136363636365, 0.17045454545454544, 0.02661843855477737
0.34801136363636365, 0.19318181818181818, 0.027908508840257994
0.34801136363636365, 0.2159090909090909, 0.02912928927688079
0.34801136363636365, 0.23863636363636365, 0.02912928927688079
0.34801136363636365, 0.26136363636363635, 0.03046112223197227
0.34801136363636365, 0.2840909090909091, 0.03176340476935718
0.34801136363636365, 0.3068181818181818, 0.03277490361416763
0.34801136363636365, 0.32954545454545453, 0.0331038500614405
0.34801136363636365, 0.3522727272727273, 0.03435842718930567
0.34801136363636365, 0.375, 0.03552505352994794
0.34801136363636365, 0.3977272727272727, 0.03552505352994794
0.34801136363636365, 0.42045454545454547, 0.03658583240108714
0.34801136363636365, 0.4431818181818182, 0.03744099366674528
0.34801136363636365, 0.4659090909090909, 0.03744099366674528
0.34801136363636365, 0.48863636363636365, 0.03805246959706174
0.34801136363636365, 0.5113636363636364, 0.03857397770168636
0.34801136363636365, 0.5340909090909091, 0.03900385310211789
0.34801136363636365, 0.5568181818181818, 0.03900385310211789
0.34801136363636365, 0.5795454545454546, 0.039269871702233304
0.34801136363636365, 0.6022727272727273, 0.039365433227265226
0.34801136363636365, 0.625, 0.03928626828014013
0.34801136363636365, 0.6477272727272727, 0.03928626828014013
0.34801136363636365, 0.6704545454545454, 0.039050012715559544
0.34801136363636365, 0.6931818181818182, 0.03865767152001398
0.34801136363636365, 0.7159090909090909, 0.03865767152001398
0.34801136363636365, 0.7386363636363636, 0.03808188778548987
0.34801136363636365, 0.7613636363636364, 0.03739387615232815
0.34801136363636365, 0.7840909090909091, 0.03711369966779714
0.34801136363636365, 0.8068181818181818, 0.036196899642491016
0.34801136363636365, 0.8295454545454546, 0.03581794897671884
0.34801136363636365, 0.8522727272727273, 0.03581794897671884
0.34801136363636365, 0.875, 0.034836290149016715
0.34801136363636365, 0.8977272727272727, 0.03449301893243938
0.34801136363636365, 0.9204545454545454, 0.033602167501388114
0.34801136363636365, 0.9431818181818182, 0.033425745537280054
0.34801136363636365, 0.9659090909090909, 0.03278936475928465
0.34801136363636365, 0.9886363636363636, 0.03297563732249042
0.3622159090909091, 0.011363636363636364, 0.022555874531644107
0.3622159090909091, 0.03409090909090909, 0.022555874531644107
0.3622159090909091, 0.056818181818181816, 0.02258032524323213
0.3622159090909091, 0.07954545454545454, 0.02359131361281055
0.3622159090909091, 0.10227272727272728, 0.024015969547970497
0.3622159090909091, 0.125, 0.0253064682986347
0.3622159090909091, 0.14772727272727273, 0.025892668087763863
0.3622159090909091, 0.17045454545454544, 0.025892668087763863
0.3622159090909091, 0.19318181818181818, 0.02735924064917907
0.3622159090909091, 0.2159090909090909, 0.02912928927688079
0.3622159090909091, 0.23863636363636365, 0.028644403612398173
0.3622159090909091, 0.26136363636363635, 0.03046112223197227
0.3622159090909091, 0.2840909090909091, 0.03176340476935718
0.3622159090909091, 0.3068181818181818, 0.0331038500614405
0.3622159090909091, 0.32954545454545453, 0.0331038500614405
0.3622159090909091, 0.3522727272727273, 0.03435842718930567
0.3622159090909091, 0.375, 0.03552505352994794
0.3622159090909091, 0.3977272727272727, 0.03552505352994794
0.3622159090909091, 0.42045454545454547, 0.03658583240108714
0.3622159090909091, 0.4431818181818182, 0.03744099366674528
0.3622159090909091, 0.4659090909090909, 0.03744099366674528
0.3622159090909091, 0.48863636363636365, 0.03805246959706174
0.3622159090909091, 0.5113636363636364, 0.03857397770168636
0.3622159090909091, 0.5340909090909091, 0.03900385310211789
0.3622159090909091, 0.5568181818181818, 0.03900385310211789
0.3622159090909091, 0.5795454545454546, 0.039269871702233304
0.3622159090909091, 0.6022727272727273, 0.039365433227265226
0.3622159090909091, 0.625, 0.03928626828014013
0.3622159090909091, 0.6477272727272727, 0.03928626828014013
0.3622159090909091, 0.6704545454545454, 0.039050012715559544
0.3622159090909091, 0.6931818181818182, 0.03865767152001398
0.3622159090909091, 0.7159090909090909, 0.03865767152001398
0.3622159090909091, 0.7386363636363636, 0.03808188778548987
0.3622159090909091, 0.7613636363636364, 0.03739387615232815
0.3622159090909091, 0.7840909090909091, 0.03639348145617945
0.3622159090909091, 0.8068181818181818, 0.036196899642491016
0.3622159090909091, 0.8295454545454546, 0.03499122749181112
0.3622159090909091, 0.8522727272727273, 0.034836290149016715
0.3622159090909091, 0.875, 0.034836290149016715
0.3622159090909091, 0.8977272727272727, 0.03367962137046541
0.3622159090909091, 0.9204545454545454, 0.033602167501388114
0.3622159090909091, 0.9431818181818182, 0.03261951916268482
0.3622159090909091, 0.9659090909090909, 0.03278936475928465
0.3622159090909091, 0.9886363636363636, 0.03278936475928465
0.37642045454545453, 0.011363636363636364, 0.02201502674084793
0.37642045454545453, 0.03409090909090909, 0.021645922515426647
0.37642045454545453, 0.056818181818181816, 0.02258032524323213
0.37642045454545453, 0.07954545454545454, 0.022707583761691946
0.37642045454545453, 0.10227272727272728, 0.024015969547970497
0.37642045454545453, 0.125, 0.0244932441278595
0.37642045454545453, 0.14772727272727273, 0.025892668087763863
0.37642045454545453, 0.17045454545454544, 0.025892668087763863
0.37642045454545453, 0.19318181818181818, 0.02735924064917907
0.37642045454545453, 0.2159090909090909, 0.028644403612398173
0.37642045454545453, 0.23863636363636365, 0.028644403612398173
0.37642045454545453, 0.26136363636363635, 0.030008785854194118
0.37642045454545453, 0.2840909090909091, 0.03176340476935718
0.37642045454545453, 0.3068181818181818, 0.031630687484112845
0.37642045454545453, 0.32954545454545453, 0.03297246828088935
0.37642045454545453, 0.3522727272727273, 0.03297246828088935
0.37642045454545453, 0.375, 0.03419171034033539
0.37642045454545453, 0.3977272727272727, 0.03528279509650737
0.37642045454545453, 0.42045454545454547, 0.03620146776901751
0.37642045454545453, 0.4431818181818182, 0.03620146776901751
0.37642045454545453, 0.4659090909090909, 0.03691327980037131
0.37642045454545453, 0.48863636363636365, 0.03748080255360864
0.37642045454545453, 0.5113636363636364, 0.03748080255360864
0.37642045454545453, 0.5340909090909091, 0.03795513820938807
0.37642045454545453, 0.5568181818181818, 0.038308678218145674
0.37642045454545453, 0.5795454545454546, 0.038494928324456446
0.37642045454545453, 0.6022727272727273, 0.038494928324456446
0.37642045454545453, 0.625, 0.0385132191607442
0.37642045454545453, 0.6477272727272727, 0.03835969951109541
0.37642045454545453, 0.6704545454545454, 0.03835969951109541
0.37642045454545453, 0.6931818181818182, 0.03804236911582733
0.37642045454545453, 0.7159090909090909, 0.03751008817859762
0.37642045454545453, 0.7386363636363636, 0.03668288039420867
0.37642045454545453, 0.7613636363636364, 0.03668288039420867
0.37642045454545453, 0.7840909090909091, 0.03639348145617945
0.37642045454545453, 0.8068181818181818, 0.036196899642491016
0.37642045454545453, 0.8295454545454546, 0.03499122749181112
0.37642045454545453, 0.8522727272727273, 0.03499122749181112
0.37642045454545453, 0.875, 0.03367962137046541
0.37642045454545453, 0.8977272727272727, 0.03367962137046541
0.37642045454545453, 0.9204545454545454, 0.032399673254073974
0.37642045454545453, 0.9431818181818182, 0.03261951916268482
0.37642045454545453, 0.9659090909090909, 0.031588779574217324
0.37642045454545453, 0.9886363636363636, 0.03216063630998568
0.390625, 0.011363636363636364, 0.021645922515426647
0.390625, 0.03409090909090909, 0.021645922515426647
0.390625, 0.056818181818181816, 0.021419690357373684
0.390625, 0.07954545454545454, 0.022707583761691946
0.390625, 0.10227272727272728, 0.022912935910972192
0.390625, 0.125, 0.0244932441278595
0.390625, 0.14772727272727273, 0.0244932441278595
0.390625, 0.17045454545454544, 0.02522518849686848
0.390625, 0.19318181818181818, 0.02614992080926309
0.390625, 0.2159090909090909, 0.028644403612398173
0.390625, 0.23863636363636365, 0.028644403612398173
0.390625, 0.26136363636363635, 0.030008785854194118
0.390625, 0.2840909090909091, 0.030008785854194118
0.390625, 0.3068181818181818, 0.031630687484112845
0.390625, 0.32954545454545453, 0.03297246828088935
0.390625, 0.3522727272727273, 0.03297246828088935
0.390625, 0.375, 0.03419171034033539
0.390625, 0.3977272727272727, 0.03528279509650737
0.390625, 0.42045454545454547, 0.03620146776901751
0.390625, 0.4431818181818182, 0.03620146776901751
0.390625, 0.4659090909090909, 0.03691327980037131
0.390625, 0.48863636363636365, 0.03748080255360864
0.390625, 0.5113636363636364, 0.03748080255360864
0.390625, 0.5340909090909091, 0.03795513820938807
0.390625, 0.5568181818181818, 0.038308678218145674
0.390625, 0.5795454545454546, 0.038494928324456446
0.390625, 0.6022727272727273, 0.038494928324456446
0.390625, 0.625, 0.0385132191607442
0.390625, 0.6477272727272727, 0.03835969951109541
0.390625, 0.6704545454545454, 0.03835969951109541
0.390625, 0.6931818181818182, 0.03804236911582733
0.390625, 0.7159090909090909, 0.03751008817859762
0.390625, 0.7386363636363636, 0.03668288039420867
0.390625, 0.7613636363636364, 0.03668288039420867
0.390625, 0.7840909090909091, 0.03639348145617945
0.390625, 0.8068181818181818, 0.034929475341351816
0.390625, 0.8295454545454546, 0.03499122749181112
0.390625, 0.8522727272727273, 0.0335666391624158
0.390625, 0.875, 0.0335666391624158
0.390625, 0.8977272727272727, 0.03367962137046541
0.390625, 0.9204545454545454, 0.032399673254073974
0.390625, 0.9431818181818182, 0.03261951916268482
0.390625, 0.9659090909090909, 0.031588779574217324
0.390625, 0.9886363636363636, 0.031588779574217324
0.40482954545454547, 0.011363636363636364, 0.020836160500666927
0.40482954545454547, 0.03409090909090909, 0.021645922515426647
0.40482954545454547, 0.056818181818181816, 0.021419690357373684
0.40482954545454547, 0.07954545454545454, 0.021323057515470593
0.40482954545454547, 0.10227272727272728, 0.022912935910972192
0.40482954545454547, 0.125, 0.022912935910972192
0.40482954545454547, 0.14772727272727273, 0.023222047024206827
0.40482954545454547, 0.17045454545454544, 0.02522518849686848
0.40482954545454547, 0.19318181818181818, 0.02614992080926309
0.40482954545454547, 0.2159090909090909, 0.02614992080926309
0.40482954545454547, 0.23863636363636365, 0.027578430709318827
0.40482954545454547, 0.26136363636363635, 0.028328582875305507
0.40482954545454547, 0.2840909090909091, 0.029745971634809968
0.40482954545454547, 0.3068181818181818, 0.029745971634809968
0.40482954545454547, 0.32954545454545453, 0.03103591451307368
0.40482954545454547, 0.3522727272727273, 0.03223878253678471
0.40482954545454547, 0.375, 0.03333776374891955
0.40482954545454547, 0.3977272727272727, 0.03333776374891955
0.40482954545454547, 0.42045454545454547, 0.034294773685427146
0.40482954545454547, 0.4431818181818182, 0.03508725768514158
0.40482954545454547, 0.4659090909090909, 0.03508725768514158
0.40482954545454547, 0.48863636363636365, 0.03571929058815618
0.40482954545454547, 0.5113636363636364, 0.03623108196274939
0.40482954545454547, 0.5340909090909091, 0.03662305185855284
0.40482954545454547, 0.5568181818181818, 0.03662305185855284
0.40482954545454547, 0.5795454545454546, 0.036878503460418856
0.40482954545454547, 0.6022727272727273, 0.03696689181104459
0.40482954545454547, 0.625, 0.03689885096192931
0.40482954545454547, 0.6477272727272727, 0.03689885096192931
0.40482954545454547, 0.6704545454545454, 0.03665691041645087
0.40482954545454547, 0.6931818181818182, 0.036244833599295305
0.40482954545454547, 0.7159090909090909, 0.036244833599295305
0.40482954545454547, 0.7386363636363636, 0.03563130278375099
0.40482954545454547, 0.7613636363636364, 0.03477298242715426
0.40482954545454547, 0.7840909090909091, 0.03487734995589414
0.40482954545454547, 0.8068181818181818, 0.034929475341351816
0.40482954545454547, 0.8295454545454546, 0.03319450142544642
0.40482954545454547, 0.8522727272727273, 0.03319450142544642
0.40482954545454547, 0.875, 0.0335666391624158
0.40482954545454547, 0.8977272727272727, 0.03204305492928419
0.40482954545454547, 0.9204545454545454, 0.032399673254073974
0.40482954545454547, 0.9431818181818182, 0.031033085879233015
0.40482954545454547, 0.9659090909090909, 0.031588779574217324
0.40482954545454547, 0.9886363636363636, 0.030563517941480156
0.4190340909090909, 0.011363636363636364, 0.020221816493754374
0.4190340909090909, 0.03409090909090909, 0.020221816493754374
0.4190340909090909, 0.056818181818181816, 0.021419690357373684
0.4190340909090909, 0.07954545454545454, 0.021323057515470593
0.4190340909090909, 0.10227272727272728, 0.022912935910972192
0.4190340909090909, 0.125, 0.023222047024206827
0.4190340909090909, 0.14772727272727273, 0.023222047024206827
0.4190340909090909, 0.17045454545454544, 0.02355203362671931
0.4190340909090909, 0.19318181818181818, 0.02614992080926309
0.4190340909090909, 0.2159090909090909, 0.02614992080926309
0.4190340909090909, 0.23863636363636365, 0.027578430709318827
0.4190340909090909, 0.26136363636363635, 0.028328582875305507
0.4190340909090909, 0.2840909090909091, 0.029745971634809968
0.4190340909090909, 0.3068181818181818, 0.029745971634809968
0.4190340909090909, 0.32954545454545453, 0.03103591451307368
0.4190340909090909, 0.3522727272727273, 0.03223878253678471
0.4190340909090909, 0.375, 0.03333776374891955
0.4190340909090909, 0.3977272727272727, 0.03333776374891955
0.4190340909090909, 0.42045454545454547, 0.034294773685427146
0.4190340909090909, 0.4431818181818182, 0.03508725768514158
0.4190340909090909, 0.4659090909090909, 0.03508725768514158
0.4190340909090909, 0.48863636363636365, 0.03571929058815618
0.4190340909090909, 0.5113636363636364, 0.03623108196274939
0.4190340909090909, 0.5340909090909091, 0.03662305185855284
0.4190340909090909, 0.5568181818181818, 0.03662305185855284
0.4190340909090909, 0.5795454545454546, 0.036878503460418856
0.4190340909090909, 0.6022727272727273, 0.03696689181104459
0.4190340909090909, 0.625, 0.03689885096192931
0.4190340909090909, 0.6477272727272727, 0.03689885096192931
0.4190340909090909, 0.6704545454545454, 0.03665691041645087
0.4190340909090909, 0.6931818181818182, 0.036244833599295305
0.4190340909090909, 0.7159090909090909, 0.03563130278375099
0.4190340909090909, 0.7386363636363636, 0.03563130278375099
0.4190340909090909, 0.7613636363636364, 0.03477298242715426
0.4190340909090909, 0.7840909090909091, 0.03487734995589414
0.4190340909090909, 0.8068181818181818, 0.032377933656994304
0.4190340909090909, 0.8295454545454546, 0.03319450142544642
0.4190340909090909, 0.8522727272727273, 0.03319450142544642
0.4190340909090909, 0.875, 0.03138059689973568
0.4190340909090909, 0.8977272727272727, 0.03204305492928419
0.4190340909090909, 0.9204545454545454, 0.030429439411985355
0.4190340909090909, 0.9431818181818182, 0.031033085879233015
0.4190340909090909, 0.9659090909090909, 0.029605890635953737
0.4190340909090909, 0.9886363636363636, 0.029605890635953737
0.43323863636363635, 0.011363636363636364, 0.01914008152320022
0.43323863636363635, 0.03409090909090909, 0.020221816493754374
0.43323863636363635, 0.056818181818181816, 0.019760483439038537
0.43323863636363635, 0.07954545454545454, 0.021323057515470593
0.43323863636363635, 0.10227272727272728, 0.02129804293294517
0.43323863636363635, 0.125, 0.02129804293294517
0.43323863636363635, 0.14772727272727273, 0.02131635976026746
0.43323863636363635, 0.17045454545454544, 0.02355203362671931
0.43323863636363635, 0.19318181818181818, 0.023716137046478746
0.43323863636363635, 0.2159090909090909, 0.025062500429289085
0.43323863636363635, 0.23863636363636365, 0.02611065066480424
0.43323863636363635, 0.26136363636363635, 0.02611065066480424
0.43323863636363635, 0.2840909090909091, 0.027262009400480153
0.43323863636363635, 0.3068181818181818, 0.028538816241005956
0.43323863636363635, 0.32954545454545453, 0.029718779345427812
0.43323863636363635, 0.3522727272727273, 0.029718779345427812
0.43323863636363635, 0.375, 0.03080009591611157
0.43323863636363635, 0.3977272727272727, 0.031769699426196084
0.43323863636363635, 0.42045454545454547, 0.03259707613923783
0.43323863636363635, 0.4431818181818182, 0.03259707613923783
0.43323863636363635, 0.4659090909090909, 0.03328490930324203
0.43323863636363635, 0.48863636363636365, 0.033833606273659354
0.43323863636363635, 0.5113636363636364, 0.033833606273659354
0.43323863636363635, 0.5340909090909091, 0.03426387542365835
0.43323863636363635, 0.5568181818181818, 0.03455982025314776
0.43323863636363635, 0.5795454545454546, 0.03471782965778152
0.43323863636363635, 0.6022727272727273, 0.03471782965778152
0.43323863636363635, 0.625, 0.03471249933138097
0.43323863636363635, 0.6477272727272727, 0.03455659884654568
0.43323863636363635, 0.6704545454545454, 0.03422230347231215
0.43323863636363635, 0.6931818181818182, 0.03422230347231215
0.43323863636363635, 0.7159090909090909, 0.033722825116872884
0.43323863636363635, 0.7386363636363636, 0.03304902397019523
0.43323863636363635, 0.7613636363636364, 0.03260648729728736
0.43323863636363635, 0.7840909090909091, 0.03260648729728736
0.43323863636363635, 0.8068181818181818, 0.032377933656994304
0.43323863636363635, 0.8295454545454546, 0.030469426180188698
0.43323863636363635, 0.8522727272727273, 0.030469426180188698
0.43323863636363635, 0.875, 0.03138059689973568
0.43323863636363635, 0.8977272727272727, 0.029655374464773364
0.43323863636363635, 0.9204545454545454, 0.030429439411985355
0.43323863636363635, 0.9431818181818182, 0.028675184873678553
0.43323863636363635, 0.9659090909090909, 0.029605890635953737
0.43323863636363635, 0.9886363636363636, 0.028187219039383864
0.4474431818181818, 0.011363636363636364, 0.01914008152320022
0.4474431818181818, 0.03409090909090909, 0.018293922630320602
0.4474431818181818, 0.056818181818181816, 0.019760483439038537
0.4474431818181818, 0.07954545454545454, 0.01943405602550703
0.4474431818181818, 0.10227272727272728, 0.02129804293294517
0.4474431818181818, 0.125, 0.02131635976026746
0.4474431818181818, 0.14772727272727273, 0.02131635976026746
0.4474431818181818, 0.17045454545454544, 0.021031674213602972
0.4474431818181818, 0.19318181818181818, 0.023716137046478746
0.4474431818181818, 0.2159090909090909, 0.025062500429289085
0.4474431818181818, 0.23863636363636365, 0.02611065066480424
0.4474431818181818, 0.26136363636363635, 0.02611065066480424
0.4474431818181818, 0.2840909090909091, 0.027262009400480153
0.4474431818181818, 0.3068181818181818, 0.028538816241005956
0.4474431818181818, 0.32954545454545453, 0.029718779345427812
0.4474431818181818, 0.3522727272727273, 0.029718779345427812
0.4474431818181818, 0.375, 0.03080009591611157
0.4474431818181818, 0.3977272727272727, 0.031769699426196084
0.4474431818181818, 0.42045454545454547, 0.03259707613923783
0.4474431818181818, 0.4431818181818182, 0.03259707613923783
0.4474431818181818, 0.4659090909090909, 0.03328490930324203
0.4474431818181818, 0.48863636363636365, 0.033833606273659354
0.4474431818181818, 0.5113636363636364, 0.033833606273659354
0.4474431818181818, 0.5340909090909091, 0.03426387542365835
0.4474431818181818, 0.5568181818181818, 0.03455982025314776
0.4474431818181818, 0.5795454545454546, 0.03471782965778152
0.4474431818181818, 0.6022727272727273, 0.03471782965778152
0.4474431818181818, 0.625, 0.03471249933138097
0.4474431818181818, 0.6477272727272727, 0.03455659884654568
0.4474431818181818, 0.6704545454545454, 0.03422230347231215
0.4474431818181818, 0.6931818181818182, 0.03422230347231215
0.4474431818181818, 0.7159090909090909, 0.033722825116872884
0.4474431818181818, 0.7386363636363636, 0.03304902397019523
0.4474431818181818, 0.7613636363636364, 0.03260648729728736
0.4474431818181818, 0.7840909090909091, 0.03260648729728736
0.4474431818181818, 0.8068181818181818, 0.032377933656994304
0.4474431818181818, 0.8295454545454546, 0.030469426180188698
0.4474431818181818, 0.8522727272727273, 0.030469426180188698
0.4474431818181818, 0.875, 0.02803239946267423
0.4474431818181818, 0.8977272727272727, 0.029655374464773364
0.4474431818181818, 0.9204545454545454, 0.027765485473219477
0.4474431818181818, 0.9431818181818182, 0.028675184873678553
0.4474431818181818, 0.9659090909090909, 0.026833063921703787
0.4474431818181818, 0.9886363636363636, 0.028187219039383864
0.4616477272727273, 0.011363636363636364, 0.016945491357335977
0.4616477272727273, 0.03409090909090909, 0.018293922630320602
0.4616477272727273, 0.056818181818181816, 0.017605997791940914
0.4616477272727273, 0.07954545454545454, 0.01943405602550703
0.4616477272727273, 0.10227272727272728, 0.0191909488901242
0.4616477272727273, 0.125, 0.0191909488901242
0.4616477272727273, 0.14772727272727273, 0.02131635976026746
0.4616477272727273, 0.17045454545454544, 0.021031674213602972
0.4616477272727273, 0.19318181818181818, 0.022098934560644868
0.4616477272727273, 0.2159090909090909, 0.022098934560644868
0.4616477272727273, 0.23863636363636365, 0.023278101504722135
0.4616477272727273, 0.26136363636363635, 0.024384726518136293
0.4616477272727273, 0.2840909090909091, 0.02552038919259043
0.4616477272727273, 0.3068181818181818, 0.02552038919259043
0.4616477272727273, 0.32954545454545453, 0.026648731996391475
0.4616477272727273, 0.3522727272727273, 0.027690799593771256
0.4616477272727273, 0.375, 0.02863023290931449
0.4616477272727273, 0.3977272727272727, 0.02863023290931449
0.4616477272727273, 0.42045454545454547, 0.02946398506526946
0.4616477272727273, 0.4431818181818182, 0.03016861181717864
0.4616477272727273, 0.4659090909090909, 0.03016861181717864
0.4616477272727273, 0.48863636363636365, 0.030753933113500113
0.4616477272727273, 0.5113636363636364, 0.03120717812330777
0.4616477272727273, 0.5340909090909091, 0.03154069213974513
0.4616477272727273, 0.5568181818181818, 0.03154069213974513
0.4616477272727273, 0.5795454545454546, 0.03173360751528766
0.4616477272727273, 0.6022727272727273, 0.031794208145419396
0.4616477272727273, 0.625, 0.03169786756162651
0.4616477272727273, 0.6477272727272727, 0.03169786756162651
0.4616477272727273, 0.6704545454545454, 0.031461944841409135
0.4616477272727273, 0.6931818181818182, 0.031060115375795453
0.4616477272727273, 0.7159090909090909, 0.03053783356342774
0.4616477272727273, 0.7386363636363636, 0.03053783356342774
0.4616477272727273, 0.7613636363636364, 0.030001750557596487
0.4616477272727273, 0.7840909090909091, 0.029507216630714046
0.4616477272727273, 0.8068181818181818, 0.029507216630714046
0.4616477272727273, 0.8295454545454546, 0.028622603413726116
0.4616477272727273, 0.8522727272727273, 0.027362016961202853
0.4616477272727273, 0.875, 0.02803239946267423
0.4616477272727273, 0.8977272727272727, 0.026879863827079412
0.4616477272727273, 0.9204545454545454, 0.027765485473219477
0.4616477272727273, 0.9431818181818182, 0.025525929378480666
0.4616477272727273, 0.9659090909090909, 0.026833063921703787
0.4616477272727273, 0.9886363636363636, 0.025048932605180388
0.4758522727272727, 0.011363636363636364, 0.016945491357335977
0.4758522727272727, 0.03409090909090909, 0.015900083117729336
0.4758522727272727, 0.056818181818181816, 0.017605997791940914
0.4758522727272727, 0.07954545454545454, 0.01707201626664853
0.4758522727272727, 0.10227272727272728, 0.0191909488901242
0.4758522727272727, 0.125, 0.018874470605810267
0.4758522727272727, 0.14772727272727273, 0.018874470605810267
0.4758522727272727, 0.17045454545454544, 0.021031674213602972
0.4758522727272727, 0.19318181818181818, 0.022098934560644868
0.4758522727272727, 0.2159090909090909, 0.022098934560644868
0.4758522727272727, 0.23863636363636365, 0.023278101504722135
0.4758522727272727, 0.26136363636363635, 0.024384726518136293
0.4758522727272727, 0.2840909090909091, 0.02552038919259043
0.4758522727272727, 0.3068181818181818, 0.02552038919259043
0.4758522727272727, 0.32954545454545453, 0.026648731996391475
0.4758522727272727, 0.3522727272727273, 0.027690799593771256
0.4758522727272727, 0.375, 0.02863023290931449
0.4758522727272727, 0.3977272727272727, 0.02863023290931449
0.4758522727272727, 0.42045454545454547, 0.02946398506526946
0.4758522727272727, 0.4431818181818182, 0.03016861181717864
0.4758522727272727, 0.4659090909090909, 0.02702747672172172
0.4758522727272727, 0.48863636363636365, 0.030753933113500113
0.4758522727272727, 0.5113636363636364, 0.03120717812330777
0.4758522727272727, 0.5340909090909091, 0.03154069213974513
0.4758522727272727, 0.5568181818181818, 0.03154069213974513
0.4758522727272727, 0.5795454545454546, 0.03173360751528766
0.4758522727272727, 0.6022727272727273, 0.031794208145419396
0.4758522727272727, 0.625, 0.03169786756162651
0.4758522727272727, 0.6477272727272727, 0.03169786756162651
0.4758522727272727, 0.6704545454545454, 0.031461944841409135
0.4758522727272727, 0.6931818181818182, 0.031060115375795453
0.4758522727272727, 0.7159090909090909, 0.027281626150141233
0.4758522727272727, 0.7386363636363636, 0.03053783356342774
0.4758522727272727, 0.7613636363636364, 0.030001750557596487
0.4758522727272727, 0.7840909090909091, 0.029507216630714046
0.4758522727272727, 0.8068181818181818, 0.025563914421706167
0.4758522727272727, 0.8295454545454546, 0.028622603413726116
0.4758522727272727, 0.8522727272727273, 0.027362016961202853
0.4758522727272727, 0.875, 0.02803239946267423
0.4758522727272727, 0.8977272727272727, 0.026879863827079412
0.4758522727272727, 0.9204545454545454, 0.024409927587991417
0.4758522727272727, 0.9431818181818182, 0.025525929378480666
0.4758522727272727, 0.9659090909090909, 0.02325986351887636
0.4758522727272727, 0.9886363636363636, 0.025048932605180388
0.4900568181818182, 0.011363636363636364, 0.014280800102452204
0.4900568181818182, 0.03409090909090909, 0.015900083117729336
0.4900568181818182, 0.056818181818181816, 0.01499791859699204
0.4900568181818182, 0.07954545454545454, 0.01707201626664853
0.4900568181818182, 0.10227272727272728, 0.016648924680821502
0.4900568181818182, 0.125, 0.01627554885914566
0.4900568181818182, 0.14772727272727273, 0.01762338877962505
0.4900568181818182, 0.17045454545454544, 0.01762338877962505
0.4900568181818182, 0.19318181818181818, 0.018911334614681776
0.4900568181818182, 0.2159090909090909, 0.019968502442388483
0.4900568181818182, 0.23863636363636365, 0.021022687098542905
0.4900568181818182, 0.26136363636363635, 0.021022687098542905
0.4900568181818182, 0.2840909090909091, 0.02205792743049533
0.4900568181818182, 0.3068181818181818, 0.023079923592081098
0.4900568181818182, 0.32954545454545453, 0.024054830601268118
0.4900568181818182, 0.3522727272727273, 0.024054830601268118
0.4900568181818182, 0.375, 0.02495154791360613
0.4900568181818182, 0.3977272727272727, 0.025747559046174786
0.4900568181818182, 0.42045454545454547, 0.026447542011083035
0.4900568181818182, 0.4431818181818182, 0.026447542011083035
0.4900568181818182, 0.4659090909090909, 0.02702747672172172
0.4900568181818182, 0.48863636363636365, 0.027502714878799697
0.4900568181818182, 0.5113636363636364, 0.027502714878799697
0.4900568181818182, 0.5340909090909091, 0.027850792582741764
0.4900568181818182, 0.5568181818181818, 0.028088848891258397
0.4900568181818182, 0.5795454545454546, 0.028188710078858398
0.4900568181818182, 0.6022727272727273, 0.028188710078858398
0.4900568181818182, 0.625, 0.028170241393511604
0.4900568181818182, 0.6477272727272727, 0.028001063184382485
0.4900568181818182, 0.6704545454545454, 0.027711607433207167
0.4900568181818182, 0.6931818181818182, 0.027711607433207167
0.4900568181818182, 0.7159090909090909, 0.027281626150141233
0.4900568181818182, 0.7386363636363636, 0.02679557636290867
0.4900568181818182, 0.7613636363636364, 0.026240987408736236
0.4900568181818182, 0.7840909090909091, 0.026240987408736236
0.4900568181818182, 0.8068181818181818, 0.025563914421706167
0.4900568181818182, 0.8295454545454546, 0.024681178746574887
0.4900568181818182, 0.8522727272727273, 0.02427613716882094
0.4900568181818182, 0.875, 0.02427613716882094
0.4900568181818182, 0.8977272727272727, 0.024078282213284688
0.4900568181818182, 0.9204545454545454, 0.024409927587991417
0.4900568181818182, 0.9431818181818182, 0.02152257019784868
0.4900568181818182, 0.9659090909090909, 0.02325986351887636
0.4900568181818182, 0.9886363636363636, 0.02118429336850603
0.5042613636363636, 0.011363636363636364, 0.014280800102452204
0.5042613636363636, 0.03409090909090909, 0.013081117010728152
0.5042613636363636, 0.056818181818181816, 0.01499791859699204
0.5042613636363636, 0.07954545454545454, 0.014181316125408246
0.5042613636363636, 0.10227272727272728, 0.016648924680821502
0.5042613636363636, 0.125, 0.01627554885914566
0.5042613636363636, 0.14772727272727273, 0.01762338877962505
0.5042613636363636, 0.17045454545454544, 0.01762338877962505
0.5042613636363636, 0.19318181818181818, 0.018911334614681776
0.5042613636363636, 0.2159090909090909, 0.019968502442388483
0.5042613636363636, 0.23863636363636365, 0.021022687098542905
0.5042613636363636, 0.26136363636363635, 0.018173153222564173
0.5042613636363636, 0.2840909090909091, 0.02205792743049533
0.5042613636363636, 0.3068181818181818, 0.023079923592081098
0.5042613636363636, 0.32954545454545453, 0.019931383180282727
0.5042613636363636, 0.3522727272727273, 0.020736586122162275
0.5042613636363636, 0.375, 0.02495154791360613
0.5042613636363636, 0.3977272727272727, 0.025747559046174786
0.5042613636363636, 0.42045454545454547, 0.022111894951435094
0.5042613636363636, 0.4431818181818182, 0.026447542011083035
0.5042613636363636, 0.4659090909090909, 0.02702747672172172
0.5042613636363636, 0.48863636363636365, 0.027502714878799697
0.5042613636363636, 0.5113636363636364, 0.023483628662020396
0.5042613636363636, 0.5340909090909091, 0.027850792582741764
0.5042613636363636, 0.5568181818181818, 0.028088848891258397
0.5042613636363636, 0.5795454545454546, 0.023874238899076184
0.5042613636363636, 0.6022727272727273, 0.023897779048598813
0.5042613636363636, 0.625, 0.028170241393511604
0.5042613636363636, 0.6477272727272727, 0.028001063184382485
0.5042613636363636, 0.6704545454545454, 0.023602913563088475
0.5042613636363636, 0.6931818181818182, 0.027711607433207167
0.5042613636363636, 0.7159090909090909, 0.027281626150141233
0.5042613636363636, 0.7386363636363636, 0.02679557636290867
0.5042613636363636, 0.7613636363636364, 0.022387667196452257
0.5042613636363636, 0.7840909090909091, 0.026240987408736236
0.5042613636363636, 0.8068181818181818, 0.025563914421706167
0.5042613636363636, 0.8295454545454546, 0.024681178746574887
0.5042613636363636, 0.8522727272727273, 0.020567259268224218
0.5042613636363636, 0.875, 0.020293104372826134
0.5042613636363636, 0.8977272727272727, 0.024078282213284688
0.5042613636363636, 0.9204545454545454, 0.020467162339969848
0.5042613636363636, 0.9431818181818182, 0.02152257019784868
0.5042613636363636, 0.9659090909090909, 0.01892833394731949
0.5042613636363636, 0.9886363636363636, 0.02118429336850603
0.5184659090909091, 0.011363636363636364, 0.013081117010728152
0.5184659090909091, 0.03409090909090909, 0.013081117010728152
0.5184659090909091, 0.056818181818181816, 0.011960209870199618
0.5184659090909091, 0.07954545454545454, 0.014181316125408246
0.5184659090909091, 0.10227272727272728, 0.01374503866856293
0.5184659090909091, 0.125, 0.01374503866856293
0.5184659090909091, 0.14772727272727273, 0.014174741767685082
0.5184659090909091, 0.17045454545454544, 0.015267310347208206
0.5184659090909091, 0.19318181818181818, 0.016299735564187505
0.5184659090909091, 0.2159090909090909, 0.016299735564187505
0.5184659090909091, 0.23863636363636365, 0.017253770314114854
0.5184659090909091, 0.26136363636363635, 0.018173153222564173
0.5184659090909091, 0.2840909090909091, 0.01907235134797431
0.5184659090909091, 0.3068181818181818, 0.01907235134797431
0.5184659090909091, 0.32954545454545453, 0.019931383180282727
0.5184659090909091, 0.3522727272727273, 0.020736586122162275
0.5184659090909091, 0.375, 0.021466205055976184
0.5184659090909091, 0.3977272727272727, 0.021466205055976184
0.5184659090909091, 0.42045454545454547, 0.022111894951435094
0.5184659090909091, 0.4431818181818182, 0.02266866848843535
0.5184659090909091, 0.4659090909090909, 0.023125536572939958
0.5184659090909091, 0.48863636363636365, 0.023125536572939958
0.5184659090909091, 0.5113636363636364, 0.023483628662020396
0.5184659090909091, 0.5340909090909091, 0.023731378735441365
0.5184659090909091, 0.5568181818181818, 0.023731378735441365
0.5184659090909091, 0.5795454545454546, 0.023874238899076184
0.5184659090909091, 0.6022727272727273, 0.023897779048598813
0.5184659090909091, 0.625, 0.023813020431721125
0.5184659090909091, 0.6477272727272727, 0.023813020431721125
0.5184659090909091, 0.6704545454545454, 0.023602913563088475
0.5184659090909091, 0.6931818181818182, 0.023290834018598237
0.5184659090909091, 0.7159090909090909, 0.022873619514258425
0.5184659090909091, 0.7386363636363636, 0.022873619514258425
0.5184659090909091, 0.7613636363636364, 0.022387667196452257
0.5184659090909091, 0.7840909090909091, 0.021791359630707594
0.5184659090909091, 0.8068181818181818, 0.021124244759327674
0.5184659090909091, 0.8295454545454546, 0.021124244759327674
0.5184659090909091, 0.8522727272727273, 0.020567259268224218
0.5184659090909091, 0.875, 0.020293104372826134
0.5184659090909091, 0.8977272727272727, 0.020293104372826134
0.5184659090909091, 0.9204545454545454, 0.020467162339969848
0.5184659090909091, 0.9431818181818182, 0.02152257019784868
0.5184659090909091, 0.9659090909090909, 0.01892833394731949
0.5184659090909091, 0.9886363636363636, 0.016651068645743717
0.5326704545454546, 0.011363636363636364, 0.011187999572434212
0.5326704545454546, 0.03409090909090909, 0.009969175209756613
0.5326704545454546, 0.056818181818181816, 0.011960209870199618
0.5326704545454546, 0.07954545454545454, 0.01057026851159647
0.5326704545454546, 0.10227272727272728, 0.01374503866856293
0.5326704545454546, 0.125, 0.010868850217613798
0.5326704545454546, 0.14772727272727273, 0.014174741767685082
0.5326704545454546, 0.17045454545454544, 0.015267310347208206
0.5326704545454546, 0.19318181818181818, 0.016299735564187505
0.5326704545454546, 0.2159090909090909, 0.013141275889235558
0.5326704545454546, 0.23863636363636365, 0.017253770314114854
0.5326704545454546, 0.26136363636363635, 0.018173153222564173
0.5326704545454546, 0.2840909090909091, 0.014676315420597332
0.5326704545454546, 0.3068181818181818, 0.015397903283256593
0.5326704545454546, 0.32954545454545453, 0.019931383180282727
0.5326704545454546, 0.3522727272727273, 0.020736586122162275
0.5326704545454546, 0.375, 0.016703031699172952
0.5326704545454546, 0.3977272727272727, 0.0172609293698939
0.5326704545454546, 0.42045454545454547, 0.022111894951435094
0.5326704545454546, 0.4431818181818182, 0.02266866848843535
0.5326704545454546, 0.4659090909090909, 0.018164473680778295
0.5326704545454546, 0.48863636363636365, 0.018501757307241934
0.5326704545454546, 0.5113636363636364, 0.023483628662020396
0.5326704545454546, 0.5340909090909091, 0.018743943311969265
0.5326704545454546, 0.5568181818181818, 0.018908588372255855
0.5326704545454546, 0.5795454545454546, 0.023874238899076184
0.5326704545454546, 0.6022727272727273, 0.023897779048598813
0.5326704545454546, 0.625, 0.018949805503905494
0.5326704545454546, 0.6477272727272727, 0.018820461245287228
0.5326704545454546, 0.6704545454545454, 0.023602913563088475
0.5326704545454546, 0.6931818181818182, 0.023290834018598237
0.5326704545454546, 0.7159090909090909, 0.018299532226156563
0.5326704545454546, 0.7386363636363636, 0.017922061427455588
0.5326704545454546, 0.7613636363636364, 0.022387667196452257
0.5326704545454546, 0.7840909090909091, 0.021791359630707594
0.5326704545454546, 0.8068181818181818, 0.016934433161872903
0.5326704545454546, 0.8295454545454546, 0.021124244759327674
0.5326704545454546, 0.8522727272727273, 0.020567259268224218
0.5326704545454546, 0.875, 0.016083023011432346
0.5326704545454546, 0.8977272727272727, 0.015966412728224886
0.5326704545454546, 0.9204545454545454, 0.016235779044555653
0.5326704545454546, 0.9431818181818182, 0.016235779044555653
0.5326704545454546, 0.9659090909090909, 0.014109063343212212
0.5326704545454546, 0.9886363636363636, 0.016651068645743717
0.546875, 0.011363636363636364, 0.009969175209756613
0.546875, 0.03409090909090909, 0.009969175209756613
0.546875, 0.056818181818181816, 0.008733508434090417
0.546875, 0.07954545454545454, 0.01057026851159647
0.546875, 0.10227272727272728, 0.01057026851159647
0.546875, 0.125, 0.010868850217613798
0.546875, 0.14772727272727273, 0.011474053021053929
0.546875, 0.17045454545454544, 0.012311189432472093
0.546875, 0.19318181818181818, 0.012311189432472093
0.546875, 0.2159090909090909, 0.013141275889235558
0.546875, 0.23863636363636365, 0.013923683997504377
0.546875, 0.26136363636363635, 0.014676315420597332
0.546875, 0.2840909090909091, 0.014676315420597332
0.546875, 0.3068181818181818, 0.015397903283256593
0.546875, 0.32954545454545453, 0.016075354081477443
0.546875, 0.3522727272727273, 0.016075354081477443
0.546875, 0.375, 0.016703031699172952
0.546875, 0.3977272727272727, 0.0172609293698939
0.546875, 0.42045454545454547, 0.017754751794246532
0.546875, 0.4431818181818182, 0.017754751794246532
0.546875, 0.4659090909090909, 0.018164473680778295
0.546875, 0.48863636363636365, 0.018501757307241934
0.546875, 0.5113636363636364, 0.018743943311969265
0.546875, 0.5340909090909091, 0.018743943311969265
0.546875, 0.5568181818181818, 0.018908588372255855
0.546875, 0.5795454545454546, 0.018969373178572203
0.546875, 0.6022727272727273, 0.018969373178572203
0.546875, 0.625, 0.018949805503905494
0.546875, 0.6477272727272727, 0.018820461245287228
0.546875, 0.6704545454545454, 0.0186119006471263
0.546875, 0.6931818181818182, 0.0186119006471263
0.546875, 0.7159090909090909, 0.018299532226156563
0.546875, 0.7386363636363636, 0.017922061427455588
0.546875, 0.7613636363636364, 0.017448649253285146
0.546875, 0.7840909090909091, 0.017448649253285146
0.546875, 0.8068181818181818, 0.016934433161872903
0.546875, 0.8295454545454546, 0.016424653495438216
0.546875, 0.8522727272727273, 0.016083023011432346
0.546875, 0.875, 0.016083023011432346
0.546875, 0.8977272727272727, 0.015966412728224886
0.546875, 0.9204545454545454, 0.016235779044555653
0.546875, 0.9431818181818182, 0.016235779044555653
0.546875, 0.9659090909090909, 0.014109063343212212
0.546875, 0.9886363636363636, 0.014109063343212212
0.5610795454545454, 0.011363636363636364, 0.007722632319844324
0.5610795454545454, 0.03409090909090909, 0.006655793887838148
0.5610795454545454, 0.056818181818181816, 0.008733508434090417
0.5610795454545454, 0.07954545454545454, 0.0065821467439638615
0.5610795454545454, 0.10227272727272728, 0.0073190431049087405
0.5610795454545454, 0.125, 0.010868850217613798
0.5610795454545454, 0.14772727272727273, 0.011474053021053929
0.5610795454545454, 0.17045454545454544, 0.008220936474705693
0.5610795454545454, 0.19318181818181818, 0.008814362821133915
0.5610795454545454, 0.2159090909090909, 0.013141275889235558
0.5610795454545454, 0.23863636363636365, 0.013923683997504377
0.5610795454545454, 0.26136363636363635, 0.009969145567111877
0.5610795454545454, 0.2840909090909091, 0.010501066482544355
0.5610795454545454, 0.3068181818181818, 0.015397903283256593
0.5610795454545454, 0.32954545454545453, 0.011016729031482313
0.5610795454545454, 0.3522727272727273, 0.011479827070226874
0.5610795454545454, 0.375, 0.011918446203498113
0.5610795454545454, 0.3977272727272727, 0.0172609293698939
0.5610795454545454, 0.42045454545454547, 0.012288439062596714
0.5610795454545454, 0.4431818181818182, 0.012627962141411864
0.5610795454545454, 0.4659090909090909, 0.018164473680778295
0.5610795454545454, 0.48863636363636365, 0.018501757307241934
0.5610795454545454, 0.5113636363636364, 0.013111086328651841
0.5610795454545454, 0.5340909090909091, 0.013245595735755183
0.5610795454545454, 0.5568181818181818, 0.018908588372255855
0.5610795454545454, 0.5795454545454546, 0.013341707053050237
0.5610795454545454, 0.6022727272727273, 0.013342254203570672
0.5610795454545454, 0.625, 0.013303635796386026
0.5610795454545454, 0.6477272727272727, 0.018820461245287228
0.5610795454545454, 0.6704545454545454, 0.013166077922783345
0.5610795454545454, 0.6931818181818182, 0.012991527238134688
0.5610795454545454, 0.7159090909090909, 0.018299532226156563
0.5610795454545454, 0.7386363636363636, 0.017922061427455588
0.5610795454545454, 0.7613636363636364, 0.012416027290883614
0.5610795454545454, 0.7840909090909091, 0.01202639062097991
0.5610795454545454, 0.8068181818181818, 0.016934433161872903
0.5610795454545454, 0.8295454545454546, 0.011660288916722564
0.5610795454545454, 0.8522727272727273, 0.01131662157407455
0.5610795454545454, 0.875, 0.011133041892963961
0.5610795454545454, 0.8977272727272727, 0.011133041892963961
0.5610795454545454, 0.9204545454545454, 0.011005911902458542
0.5610795454545454, 0.9431818181818182, 0.01046897597711371
0.5610795454545454, 0.9659090909090909, 0.014109063343212212
0.5610795454545454, 0.9886363636363636, 0.011530215468978576
0.5752840909090909, 0.011363636363636364, 0.006655793887838148
0.5752840909090909, 0.03409090909090909, 0.006655793887838148
0.5752840909090909, 0.056818181818181816, 0.00566359190377526
0.5752840909090909, 0.07954545454545454, 0.0065821467439638615
0.5752840909090909, 0.10227272727272728, 0.0073190431049087405
0.5752840909090909, 0.125, 0.007725179573039771
0.5752840909090909, 0.14772727272727273, 0.007725179573039771
0.5752840909090909, 0.17045454545454544, 0.008220936474705693
0.5752840909090909, 0.19318181818181818, 0.008814362821133915
0.5752840909090909, 0.2159090909090909, 0.009399617114132564
0.5752840909090909, 0.23863636363636365, 0.009399617114132564
0.5752840909090909, 0.26136363636363635, 0.009969145567111877
0.5752840909090909, 0.2840909090909091, 0.010501066482544355
0.5752840909090909, 0.3068181818181818, 0.011016729031482313
0.5752840909090909, 0.32954545454545453, 0.011016729031482313
0.5752840909090909, 0.3522727272727273, 0.011479827070226874
0.5752840909090909, 0.375, 0.011918446203498113
0.5752840909090909, 0.3977272727272727, 0.011918446203498113
0.5752840909090909, 0.42045454545454547, 0.012288439062596714
0.5752840909090909, 0.4431818181818182, 0.012627962141411864
0.5752840909090909, 0.4659090909090909, 0.012887271314428444
0.5752840909090909, 0.48863636363636365, 0.012887271314428444
0.5752840909090909, 0.5113636363636364, 0.013111086328651841
0.5752840909090909, 0.5340909090909091, 0.013245595735755183
0.5752840909090909, 0.5568181818181818, 0.013341707053050237
0.5752840909090909, 0.5795454545454546, 0.013341707053050237
0.5752840909090909, 0.6022727272727273, 0.013342254203570672
0.5752840909090909, 0.625, 0.013303635796386026
0.5752840909090909, 0.6477272727272727, 0.013303635796386026
0.5752840909090909, 0.6704545454545454, 0.013166077922783345
0.5752840909090909, 0.6931818181818182, 0.012991527238134688
0.5752840909090909, 0.7159090909090909, 0.012719560157053646
0.5752840909090909, 0.7386363636363636, 0.012719560157053646
0.5752840909090909, 0.7613636363636364, 0.012416027290883614
0.5752840909090909, 0.7840909090909091, 0.01202639062097991
0.5752840909090909, 0.8068181818181818, 0.011660288916722564
0.5752840909090909, 0.8295454545454546, 0.011660288916722564
0.5752840909090909, 0.8522727272727273, 0.01131662157407455
0.5752840909090909, 0.875, 0.011133041892963961
0.5752840909090909, 0.8977272727272727, 0.011133041892963961
0.5752840909090909, 0.9204545454545454, 0.011005911902458542
0.5752840909090909, 0.9431818181818182, 0.01046897597711371
0.5752840909090909, 0.9659090909090909, 0.009363429352224069
0.5752840909090909, 0.9886363636363636, 0.009363429352224069
0.5894886363636364, 0.011363636363636364, 0.00396018103790887
0.5894886363636364, 0.03409090909090909, 0.0032066630246033127
0.5894886363636364, 0.056818181818181816, 0.0030454258203881815
0.5894886363636364, 0.07954545454545454, 0.003499606658346188
0.5894886363636364, 0.10227272727272728, 0.0038657943493900352
0.5894886363636364, 0.125, 0.0038657943493900352
0.5894886363636364, 0.14772727272727273, 0.0041305442650691965
0.5894886363636364, 0.17045454545454544, 0.004418701910446467
0.5894886363636364, 0.19318181818181818, 0.008814362821133915
0.5894886363636364, 0.2159090909090909, 0.004744611014574321
0.5894886363636364, 0.23863636363636365, 0.005061473341762819
0.5894886363636364, 0.26136363636363635, 0.005373075045058475
0.5894886363636364, 0.2840909090909091, 0.005373075045058475
0.5894886363636364, 0.3068181818181818, 0.005658328879609272
0.5894886363636364, 0.32954545454545453, 0.005935348384346675
0.5894886363636364, 0.3522727272727273, 0.006177398625957602
0.5894886363636364, 0.375, 0.006177398625957602
0.5894886363636364, 0.3977272727272727, 0.006408105440330736
0.5894886363636364, 0.42045454545454547, 0.006595965440042326
0.5894886363636364, 0.4431818181818182, 0.006770052424120702
0.5894886363636364, 0.4659090909090909, 0.006770052424120702
0.5894886363636364, 0.48863636363636365, 0.006895442515590539
0.5894886363636364, 0.5113636363636364, 0.007004509046640243
0.5894886363636364, 0.5340909090909091, 0.007004509046640243
0.5894886363636364, 0.5568181818181818, 0.0070604536947266126
0.5894886363636364, 0.5795454545454546, 0.007098271193869532
0.5894886363636364, 0.6022727272727273, 0.007080010570231542
0.5894886363636364, 0.625, 0.007080010570231542
0.5894886363636364, 0.6477272727272727, 0.00704260617347621
0.5894886363636364, 0.6704545454545454, 0.006947828382881174
0.5894886363636364, 0.6931818181818182, 0.006834008914311277
0.5894886363636364, 0.7159090909090909, 0.006834008914311277
0.5894886363636364, 0.7386363636363636, 0.006663745895174158
0.5894886363636364, 0.7613636363636364, 0.006479443595992628
0.5894886363636364, 0.7840909090909091, 0.01202639062097991
0.5894886363636364, 0.8068181818181818, 0.006256732695278422
0.5894886363636364, 0.8295454545454546, 0.006064653120294885
0.5894886363636364, 0.8522727272727273, 0.00589275587509642
0.5894886363636364, 0.875, 0.00589275587509642
0.5894886363636364, 0.8977272727272727, 0.005779571119620375
0.5894886363636364, 0.9204545454545454, 0.005547989540399927
0.5894886363636364, 0.9431818181818182, 0.005093522090791259
0.5894886363636364, 0.9659090909090909, 0.005093522090791259
0.5894886363636364, 0.9886363636363636, 0.005926475200352855
0.6036931818181818, 0.011363636363636364, 0.0032066630246033127
0.6036931818181818, 0.03409090909090909, 0.0032066630246033127
0.6036931818181818, 0.056818181818181816, 0.0030454258203881815
0.6036931818181818, 0.07954545454545454, 0.003499606658346188
0.6036931818181818, 0.10227272727272728, 0.0038657943493900352
0.6036931818181818, 0.125, 0.0038657943493900352
0.6036931818181818, 0.14772727272727273, 0.0041305442650691965
0.6036931818181818, 0.17045454545454544, 0.004418701910446467
0.6036931818181818, 0.19318181818181818, 0.004744611014574321
0.6036931818181818, 0.2159090909090909, 0.004744611014574321
0.6036931818181818, 0.23863636363636365, 0.005061473341762819
0.6036931818181818, 0.26136363636363635, 0.005373075045058475
0.6036931818181818, 0.2840909090909091, 0.005373075045058475
0.6036931818181818, 0.3068181818181818, 0.005658328879609272
0.6036931818181818, 0.32954545454545453, 0.005935348384346675
0.6036931818181818, 0.3522727272727273, 0.006177398625957602
0.6036931818181818, 0.375, 0.006177398625957602
0.6036931818181818, 0.3977272727272727, 0.006408105440330736
0.6036931818181818, 0.42045454545454547, 0.006595965440042326
0.6036931818181818, 0.4431818181818182, 0.006770052424120702
0.6036931818181818, 0.4659090909090909, 0.006770052424120702
0.6036931818181818, 0.48863636363636365, 0.006895442515590539
0.6036931818181818, 0.5113636363636364, 0.007004509046640243
0.6036931818181818, 0.5340909090909091, 0.007004509046640243
0.6036931818181818, 0.5568181818181818, 0.0070604536947266126
0.6036931818181818, 0.5795454545454546, 0.007098271193869532
0.6036931818181818, 0.6022727272727273, 0.007080010570231542
0.6036931818181818, 0.625, 0.007080010570231542
0.6036931818181818, 0.6477272727272727, 0.00704260617347621
0.6036931818181818, 0.6704545454545454, 0.006947828382881174
0.6036931818181818, 0.6931818181818182, 0.006834008914311277
0.6036931818181818, 0.7159090909090909, 0.006834008914311277
0.6036931818181818, 0.7386363636363636, 0.006663745895174158
0.6036931818181818, 0.7613636363636364, 0.006479443595992628
0.6036931818181818, 0.7840909090909091, 0.006479443595992628
0.6036931818181818, 0.8068181818181818, 0.006256732695278422
0.6036931818181818, 0.8295454545454546, 0.006064653120294885
0.6036931818181818, 0.8522727272727273, 0.00589275587509642
0.6036931818181818, 0.875, 0.00589275587509642
0.6036931818181818, 0.8977272727272727, 0.005779571119620375
0.6036931818181818, 0.9204545454545454, 0.005547989540399927
0.6036931818181818, 0.9431818181818182, 0.005093522090791259
0.6036931818181818, 0.9659090909090909, 0.005093522090791259
0.6036931818181818, 0.9886363636363636, 0.005926475200352855
0.6178977272727273, 0.011363636363636364, 0.0
0.6178977272727273, 0.03409090909090909, 1.3435555521071404e-05
0.6178977272727273, 0.056818181818181816, 2.6315718363358044e-05
0.6178977272727273, 0.07954545454545454, 3.8635441261978175e-05
0.6178977272727273, 0.10227272727272728, 3.8635441261978175e-05
0.6178977272727273, 0.125, 5.0384861030737416e-05
0.6178977272727273, 0.14772727272727273, 6.154989368786974e-05
0.6178977272727273, 0.17045454545454544, 6.154989368786974e-05
0.6178977272727273, 0.19318181818181818, 7.211281614988513e-05
0.6178977272727273, 0.2159090909090909, 8.2052660012236e-05
0.6178977272727273, 0.23863636363636365, 9.134545330993152e-05
0.6178977272727273, 0.26136363636363635, 9.134545330993152e-05
0.6178977272727273, 0.2840909090909091, 9.996435590891099e-05
0.6178977272727273, 0.3068181818181818, 0.00010787971990273461
0.6178977272727273, 0.32954545454545453, 0.00011505909461538575
0.6178977272727273, 0.3522727272727273, 0.00011505909461538575
0.6178977272727273, 0.375, 0.00012146718822992994
0.6178977272727273, 0.3977272727272727, 0.00012706579329628163
0.6178977272727273, 0.42045454545454547, 0.00012706579329628163
0.6178977272727273, 0.4431818181818182, 0.0001318136802592728
0.6178977272727273, 0.4659090909090909, 0.00013566646097332846
0.6178977272727273, 0.48863636363636365, 0.00013857642250394156
0.6178977272727273, 0.5113636363636364, 0.00013857642250394156
0.6178977272727273, 0.5340909090909091, 0.00014049233008907723
0.6178977272727273, 0.5568181818181818, 0.00014135919675451229
0.6178977272727273, 0.5795454545454546, 0.00014111801558375022
0.6178977272727273, 0.6022727272727273, 0.00014111801558375022
0.6178977272727273, 0.625, 0.00013970544886559007
0.6178977272727273, 0.6477272727272727, 0.00013705346606662607
0.6178977272727273, 0.6704545454545454, 0.00013705346606662607
0.6178977272727273, 0.6931818181818182, 0.0001330889194949742
0.6178977272727273, 0.7159090909090909, 0.00012773304215654403
0.6178977272727273, 0.7386363636363636, 0.0001209008458621179
0.6178977272727273, 0.7613636363636364, 0.0001209008458621179
0.6178977272727273, 0.7840909090909091, 0.00011250038773434231
0.6178977272727273, 0.8068181818181818, 0.00010243185733118208
0.6178977272727273, 0.8295454545454546, 9.058640965990007e-05
0.6178977272727273, 0.8522727272727273, 9.058640965990007e-05
0.6178977272727273, 0.875, 7.684462105706646e-05
0.6178977272727273, 0.8977272727272727, 6.107435231924166e-05
0.6178977272727273, 0.9204545454545454, 6.107435231924166e-05
0.6178977272727273, 0.9431818181818182, 4.312761227009461e-05
0.6178977272727273, 0.9659090909090909, 2.283558889290067e-05
0.6178977272727273, 0.9886363636363636, 0.0
