x, y, u
0.007102272727272727, 0.011363636363636364, 0.0
0.007102272727272727, 0.03409090909090909, 0.0
0.007102272727272727, 0.056818181818181816, 0.0
0.007102272727272727, 0.07954545454545454, 0.0
0.007102272727272727, 0.10227272727272728, 0.0
0.007102272727272727, 0.125, 0.0
0.007102272727272727, 0.14772727272727273, 0.0
0.007102272727272727, 0.17045454545454544, 0.0
0.007102272727272727, 0.19318181818181818, 0.0
0.007102272727272727, 0.2159090909090909, 0.0
0.007102272727272727, 0.23863636363636365, 0.0
0.007102272727272727, 0.26136363636363635, 0.0
0.007102272727272727, 0.2840909090909091, 0.0
0.007102272727272727, 0.3068181818181818, 0.0
0.007102272727272727, 0.32954545454545453, 0.0
0.007102272727272727, 0.3522727272727273, 0.0
0.007102272727272727, 0.375, 0.0
0.007102272727272727, 0.3977272727272727, 0.0
0.007102272727272727, 0.42045454545454547, 0.0
0.007102272727272727, 0.4431818181818182, 0.0
0.007102272727272727, 0.4659090909090909, 0.0
0.007102272727272727, 0.48863636363636365, 0.0
0.007102272727272727, 0.5113636363636364, 0.0
0.007102272727272727, 0.5340909090909091, 0.0
0.007102272727272727, 0.5568181818181818, 0.0
0.007102272727272727, 0.5795454545454546, 0.0
0.007102272727272727, 0.6022727272727273, 0.0
0.007102272727272727, 0.625, 0.0
0.007102272727272727, 0.6477272727272727, 0.0
0.007102272727272727, 0.6704545454545454, 0.0
0.007102272727272727, 0.6931818181818182, 0.0
0.007102272727272727, 0.7159090909090909, 0.0
0.007102272727272727, 0.7386363636363636, 0.0
0.007102272727272727, 0.7613636363636364, 0.0
0.007102272727272727, 0.7840909090909091, 0.0
0.007102272727272727, 0.8068181818181818, 0.0
0.007102272727272727, 0.8295454545454546, 0.0
0.007102272727272727, 0.8522727272727273, 0.0
0.007102272727272727, 0.875, 0.0
0.007102272727272727, 0.8977272727272727, 0.0
0.007102272727272727, 0.9204545454545454, 0.0
0.007102272727272727, 0.9431818181818182, 0.0
0.007102272727272727, 0.9659090909090909, 0.0
0.007102272727272727, 0.9886363636363636, 0.0
0.02130681818181818, 0.011363636363636364, 0.0
0.02130681818181818, 0.03409090909090909, 0.0
0.02130681818181818, 0.056818181818181816, 0.0
0.02130681818181818, 0.07954545454545454, 0.0
0.02130681818181818, 0.10227272727272728, 0.0
0.02130681818181818, 0.125, 0.0
0.02130681818181818, 0.14772727272727273, 0.0
0.02130681818181818, 0.17045454545454544, 0.0
0.02130681818181818, 0.19318181818181818, 0.0
0.02130681818181818, 0.2159090909090909, 0.0
0.02130681818181818, 0.23863636363636365, 0.0
0.02130681818181818, 0.26136363636363635, 0.0
0.02130681818181818, 0.2840909090909091, 0.0
0.02130681818181818, 0.3068181818181818, 0.0
0.02130681818181818, 0.32954545454545453, 0.0
0.02130681818181818, 0.3522727272727273, 0.0
0.02130681818181818, 0.375, 0.0
0.02130681818181818, 0.3977272727272727, 0.0
0.02130681818181818, 0.42045454545454547, 0.0
0.02130681818181818, 0.4431818181818182, 0.0
0.02130681818181818, 0.4659090909090909, 0.0
0.02130681818181818, 0.48863636363636365, 0.0
0.02130681818181818, 0.5113636363636364, 0.0
0.02130681818181818, 0.5340909090909091, 0.0
0.02130681818181818, 0.5568181818181818, 0.0
0.02130681818181818, 0.5795454545454546, 0.0
0.02130681818181818, 0.6022727272727273, 0.0
0.02130681818181818, 0.625, 0.0
0.02130681818181818, 0.6477272727272727, 0.0
0.02130681818181818, 0.6704545454545454, 0.0
0.02130681818181818, 0.6931818181818182, 0.0
0.02130681818181818, 0.7159090909090909, 0.0
0.02130681818181818, 0.7386363636363636, 0.0
0.02130681818181818, 0.7613636363636364, 0.0
0.02130681818181818, 0.7840909090909091, 0.0
0.02130681818181818, 0.8068181818181818, 0.0
0.02130681818181818, 0.8295454545454546, 0.0
0.02130681818181818, 0.8522727272727273, 0.0
0.02130681818181818, 0.875, 0.0
0.02130681818181818, 0.8977272727272727, 0.0
0.02130681818181818, 0.9204545454545454, 0.0
0.02130681818181818, 0.9431818181818182, 0.0
0.02130681818181818, 0.9659090909090909, 0.0
0.02130681818181818, 0.9886363636363636, 0.0
0.03551136363636364, 0.011363636363636364, 0.0
0.03551136363636364, 0.03409090909090909, 0.0
0.03551136363636364, 0.056818181818181816, 0.0
0.03551136363636364, 0.07954545454545454, 0.0
0.03551136363636364, 0.10227272727272728, 0.0
0.03551136363636364, 0.125, 0.0
0.03551136363636364, 0.14772727272727273, 0.0
0.03551136363636364, 0.17045454545454544, 0.0
0.03551136363636364, 0.19318181818181818, 0.0
0.03551136363636364, 0.2159090909090909, 0.0
0.03551136363636364, 0.23863636363636365, 0.0
0.03551136363636364, 0.26136363636363635, 0.0
0.03551136363636364, 0.2840909090909091, 0.0
0.03551136363636364, 0.3068181818181818, 0.0
0.03551136363636364, 0.32954545454545453, 0.0
0.03551136363636364, 0.3522727272727273, 0.0
0.03551136363636364, 0.375, 0.0
0.03551136363636364, 0.3977272727272727, 0.0
0.03551136363636364, 0.42045454545454547, 0.0
0.03551136363636364, 0.4431818181818182, 0.0
0.03551136363636364, 0.4659090909090909, 0.0
0.03551136363636364, 0.48863636363636365, 0.0
0.03551136363636364, 0.5113636363636364, 0.0
0.03551136363636364, 0.5340909090909091, 0.0
0.03551136363636364, 0.5568181818181818, 0.0
0.03551136363636364, 0.5795454545454546, 0.0
0.03551136363636364, 0.6022727272727273, 0.0
0.03551136363636364, 0.625, 0.0
0.03551136363636364, 0.6477272727272727, 0.0
0.03551136363636364, 0.6704545454545454, 0.0
0.03551136363636364, 0.6931818181818182, 0.0
0.03551136363636364, 0.7159090909090909, 0.0
0.03551136363636364, 0.7386363636363636, 0.0
0.03551136363636364, 0.7613636363636364, 0.0
0.03551136363636364, 0.7840909090909091, 0.0
0.03551136363636364, 0.8068181818181818, 0.0
0.03551136363636364, 0.8295454545454546, 0.0
0.03551136363636364, 0.8522727272727273, 0.0
0.03551136363636364, 0.875, 0.0
0.03551136363636364, 0.8977272727272727, 0.0
0.03551136363636364, 0.9204545454545454, 0.0
0.03551136363636364, 0.9431818181818182, 0.0
0.03551136363636364, 0.9659090909090909, 0.0
0.03551136363636364, 0.9886363636363636, 0.0
0.04971590909090909, 0.011363636363636364, 0.0
0.04971590909090909, 0.03409090909090909, 0.0
0.04971590909090909, 0.056818181818181816, 0.0
0.04971590909090909, 0.07954545454545454, 0.0
0.04971590909090909, 0.10227272727272728, 0.0
0.04971590909090909, 0.125, 0.0
0.04971590909090909, 0.14772727272727273, 0.0
0.04971590909090909, 0.17045454545454544, 0.0
0.04971590909090909, 0.19318181818181818, 0.0
0.04971590909090909, 0.2159090909090909, 0.0
0.04971590909090909, 0.23863636363636365, 0.0
0.04971590909090909, 0.26136363636363635, 0.0
0.04971590909090909, 0.2840909090909091, 0.01647068440396081
0.04971590909090909, 0.3068181818181818, 0.01647068440396081
0.04971590909090909, 0.32954545454545453, 0.0
0.04971590909090909, 0.3522727272727273, 0.0
0.04971590909090909, 0.375, 0.0
0.04971590909090909, 0.3977272727272727, 0.0
0.04971590909090909, 0.42045454545454547, 0.017479417266511896
0.04971590909090909, 0.4431818181818182, 0.017479417266511896
0.04971590909090909, 0.4659090909090909, 0.0
0.04971590909090909, 0.48863636363636365, 0.0
0.04971590909090909, 0.5113636363636364, 0.0
0.04971590909090909, 0.5340909090909091, 0.019113285949819706
0.04971590909090909, 0.5568181818181818, 0.019113285949819706
0.04971590909090909, 0.5795454545454546, 0.019113285949819706
0.04971590909090909, 0.6022727272727273, 0.0
0.04971590909090909, 0.625, 0.0
0.04971590909090909, 0.6477272727272727, 0.0
0.04971590909090909, 0.6704545454545454, 0.019216902920995326
0.04971590909090909, 0.6931818181818182, 0.019216902920995326
0.04971590909090909, 0.7159090909090909, 0.0
0.04971590909090909, 0.7386363636363636, 0.0
0.04971590909090909, 0.7613636363636364, 0.0
0.04971590909090909, 0.7840909090909091, 0.018168468280627275
0.04971590909090909, 0.8068181818181818, 0.018168468280627275
0.04971590909090909, 0.8295454545454546, 0.0
0.04971590909090909, 0.8522727272727273, 0.0
0.04971590909090909, 0.875, 0.0
0.04971590909090909, 0.8977272727272727, 0.016741810211715127
0.04971590909090909, 0.9204545454545454, 0.016741810211715127
0.04971590909090909, 0.9431818181818182, 0.016741810211715127
0.04971590909090909, 0.9659090909090909, 0.0
0.04971590909090909, 0.9886363636363636, 0.0
0.06392045454545454, 0.011363636363636364, 0.013453298091509901
0.06392045454545454, 0.03409090909090909, 0.013453298091509901
0.06392045454545454, 0.056818181818181816, 0.013453298091509901
0.06392045454545454, 0.07954545454545454, 0.0
0.06392045454545454, 0.10227272727272728, 0.0
0.06392045454545454, 0.125, 0.0
0.06392045454545454, 0.14772727272727273, 0.0
0.06392045454545454, 0.17045454545454544, 0.0
0.06392045454545454, 0.19318181818181818, 0.0
0.06392045454545454, 0.2159090909090909, 0.0
0.06392045454545454, 0.23863636363636365, 0.0
0.06392045454545454, 0.26136363636363635, 0.01647068440396081
0.06392045454545454, 0.2840909090909091, 0.01647068440396081
0.06392045454545454, 0.3068181818181818, 0.01647068440396081
0.06392045454545454, 0.32954545454545453, 0.01647068440396081
0.06392045454545454, 0.3522727272727273, 0.0
0.06392045454545454, 0.375, 0.017479417266511896
0.06392045454545454, 0.3977272727272727, 0.017479417266511896
0.06392045454545454, 0.42045454545454547, 0.017479417266511896
0.06392045454545454, 0.4431818181818182, 0.017479417266511896
0.06392045454545454, 0.4659090909090909, 0.017479417266511896
0.06392045454545454, 0.48863636363636365, 0.019113285949819706
0.06392045454545454, 0.5113636363636364, 0.019113285949819706
0.06392045454545454, 0.5340909090909091, 0.019113285949819706
0.06392045454545454, 0.5568181818181818, 0.019113285949819706
0.06392045454545454, 0.5795454545454546, 0.019113285949819706
0.06392045454545454, 0.6022727272727273, 0.0
0.06392045454545454, 0.625, 0.019216902920995326
0.06392045454545454, 0.6477272727272727, 0.019216902920995326
0.06392045454545454, 0.6704545454545454, 0.019216902920995326
0.06392045454545454, 0.6931818181818182, 0.019216902920995326
0.06392045454545454, 0.7159090909090909, 0.019216902920995326
0.06392045454545454, 0.7386363636363636, 0.018168468280627275
0.06392045454545454, 0.7613636363636364, 0.018168468280627275
0.06392045454545454, 0.7840909090909091, 0.018168468280627275
0.06392045454545454, 0.8068181818181818, 0.018168468280627275
0.06392045454545454, 0.8295454545454546, 0.018168468280627275
0.06392045454545454, 0.8522727272727273, 0.016741810211715127
0.06392045454545454, 0.875, 0.016741810211715127
0.06392045454545454, 0.8977272727272727, 0.016741810211715127
0.06392045454545454, 0.9204545454545454, 0.016741810211715127
0.06392045454545454, 0.9431818181818182, 0.016741810211715127
0.06392045454545454, 0.9659090909090909, 0.01895821066409574
0.06392045454545454, 0.9886363636363636, 0.01895821066409574
0.078125, 0.011363636363636364, 0.013453298091509901
0.078125, 0.03409090909090909, 0.013453298091509901
0.078125, 0.056818181818181816, 0.013453298091509901
0.078125, 0.07954545454545454, 0.0
0.078125, 0.10227272727272728, 0.017560011136931637
0.078125, 0.125, 0.017560011136931637
0.078125, 0.14772727272727273, 0.017560011136931637
0.078125, 0.17045454545454544, 0.017560011136931637
0.078125, 0.19318181818181818, 0.017560011136931637
0.078125, 0.2159090909090909, 0.01647068440396081
0.078125, 0.23863636363636365, 0.01647068440396081
0.078125, 0.26136363636363635, 0.01647068440396081
0.078125, 0.2840909090909091, 0.01647068440396081
0.078125, 0.3068181818181818, 0.01647068440396081
0.078125, 0.32954545454545453, 0.01647068440396081
0.078125, 0.3522727272727273, 0.01647068440396081
0.078125, 0.375, 0.017479417266511896
0.078125, 0.3977272727272727, 0.017479417266511896
0.078125, 0.42045454545454547, 0.017479417266511896
0.078125, 0.4431818181818182, 0.017479417266511896
0.078125, 0.4659090909090909, 0.017479417266511896
0.078125, 0.48863636363636365, 0.019113285949819706
0.078125, 0.5113636363636364, 0.019113285949819706
0.078125, 0.5340909090909091, 0.019113285949819706
0.078125, 0.5568181818181818, 0.019113285949819706
0.078125, 0.5795454545454546, 0.019113285949819706
0.078125, 0.6022727272727273, 0.019216902920995326
0.078125, 0.625, 0.019216902920995326
0.078125, 0.6477272727272727, 0.019216902920995326
0.078125, 0.6704545454545454, 0.019216902920995326
0.078125, 0.6931818181818182, 0.019216902920995326
0.078125, 0.7159090909090909, 0.019216902920995326
0.078125, 0.7386363636363636, 0.018168468280627275
0.078125, 0.7613636363636364, 0.018168468280627275
0.078125, 0.7840909090909091, 0.018168468280627275
0.078125, 0.8068181818181818, 0.018168468280627275
0.078125, 0.8295454545454546, 0.018168468280627275
0.078125, 0.8522727272727273, 0.016741810211715127
0.078125, 0.875, 0.016741810211715127
0.078125, 0.8977272727272727, 0.016741810211715127
0.078125, 0.9204545454545454, 0.016741810211715127
0.078125, 0.9431818181818182, 0.016741810211715127
0.078125, 0.9659090909090909, 0.01895821066409574
0.078125, 0.9886363636363636, 0.01895821066409574
0.09232954545454546, 0.011363636363636364, 0.013453298091509901
0.09232954545454546, 0.03409090909090909, 0.013453298091509901
0.09232954545454546, 0.056818181818181816, 0.013453298091509901
0.09232954545454546, 0.07954545454545454, 0.017560011136931637
0.09232954545454546, 0.10227272727272728, 0.017560011136931637
0.09232954545454546, 0.125, 0.017560011136931637
0.09232954545454546, 0.14772727272727273, 0.017560011136931637
0.09232954545454546, 0.17045454545454544, 0.017560011136931637
0.09232954545454546, 0.19318181818181818, 0.017560011136931637
0.09232954545454546, 0.2159090909090909, 0.01647068440396081
0.09232954545454546, 0.23863636363636365, 0.01647068440396081
0.09232954545454546, 0.26136363636363635, 0.01647068440396081
0.09232954545454546, 0.2840909090909091, 0.01647068440396081
0.09232954545454546, 0.3068181818181818, 0.01647068440396081
0.09232954545454546, 0.32954545454545453, 0.01647068440396081
0.09232954545454546, 0.3522727272727273, 0.01647068440396081
0.09232954545454546, 0.375, 0.017479417266511896
0.09232954545454546, 0.3977272727272727, 0.017479417266511896
0.09232954545454546, 0.42045454545454547, 0.017479417266511896
0.09232954545454546, 0.4431818181818182, 0.017479417266511896
0.09232954545454546, 0.4659090909090909, 0.017479417266511896
0.09232954545454546, 0.48863636363636365, 0.019113285949819706
0.09232954545454546, 0.5113636363636364, 0.019113285949819706
0.09232954545454546, 0.5340909090909091, 0.019113285949819706
0.09232954545454546, 0.5568181818181818, 0.019113285949819706
0.09232954545454546, 0.5795454545454546, 0.019113285949819706
0.09232954545454546, 0.6022727272727273, 0.019216902920995326
0.09232954545454546, 0.625, 0.019216902920995326
0.09232954545454546, 0.6477272727272727, 0.019216902920995326
0.09232954545454546, 0.6704545454545454, 0.019216902920995326
0.09232954545454546, 0.6931818181818182, 0.019216902920995326
0.09232954545454546, 0.7159090909090909, 0.019216902920995326
0.09232954545454546, 0.7386363636363636, 0.018168468280627275
0.09232954545454546, 0.7613636363636364, 0.018168468280627275
0.09232954545454546, 0.7840909090909091, 0.018168468280627275
0.09232954545454546, 0.8068181818181818, 0.018168468280627275
0.09232954545454546, 0.8295454545454546, 0.018168468280627275
0.09232954545454546, 0.8522727272727273, 0.016741810211715127
0.09232954545454546, 0.875, 0.016741810211715127
0.09232954545454546, 0.8977272727272727, 0.016741810211715127
0.09232954545454546, 0.9204545454545454, 0.016741810211715127
0.09232954545454546, 0.9431818181818182, 0.016741810211715127
0.09232954545454546, 0.9659090909090909, 0.01895821066409574
0.09232954545454546, 0.9886363636363636, 0.01895821066409574
0.10653409090909091, 0.011363636363636364, 0.013453298091509901
0.10653409090909091, 0.03409090909090909, 0.013453298091509901
0.10653409090909091, 0.056818181818181816, 0.013453298091509901
0.10653409090909091, 0.07954545454545454, 0.017560011136931637
0.10653409090909091, 0.10227272727272728, 0.017560011136931637
0.10653409090909091, 0.125, 0.017560011136931637
0.10653409090909091, 0.14772727272727273, 0.017560011136931637
0.10653409090909091, 0.17045454545454544, 0.017560011136931637
0.10653409090909091, 0.19318181818181818, 0.017560011136931637
0.10653409090909091, 0.2159090909090909, 0.01647068440396081
0.10653409090909091, 0.23863636363636365, 0.01647068440396081
0.10653409090909091, 0.26136363636363635, 0.01647068440396081
0.10653409090909091, 0.2840909090909091, 0.01647068440396081
0.10653409090909091, 0.3068181818181818, 0.01647068440396081
0.10653409090909091, 0.32954545454545453, 0.01647068440396081
0.10653409090909091, 0.3522727272727273, 0.01647068440396081
0.10653409090909091, 0.375, 0.017479417266511896
0.10653409090909091, 0.3977272727272727, 0.017479417266511896
0.10653409090909091, 0.42045454545454547, 0.017479417266511896
0.10653409090909091, 0.4431818181818182, 0.017479417266511896
0.10653409090909091, 0.4659090909090909, 0.017479417266511896
0.10653409090909091, 0.48863636363636365, 0.019113285949819706
0.10653409090909091, 0.5113636363636364, 0.019113285949819706
0.10653409090909091, 0.5340909090909091, 0.019113285949819706
0.10653409090909091, 0.5568181818181818, 0.019113285949819706
0.10653409090909091, 0.5795454545454546, 0.019113285949819706
0.10653409090909091, 0.6022727272727273, 0.019216902920995326
0.10653409090909091, 0.625, 0.019216902920995326
0.10653409090909091, 0.6477272727272727, 0.019216902920995326
0.10653409090909091, 0.6704545454545454, 0.019216902920995326
0.10653409090909091, 0.6931818181818182, 0.019216902920995326
0.10653409090909091, 0.7159090909090909, 0.019216902920995326
0.10653409090909091, 0.7386363636363636, 0.018168468280627275
0.10653409090909091, 0.7613636363636364, 0.018168468280627275
0.10653409090909091, 0.7840909090909091, 0.018168468280627275
0.10653409090909091, 0.8068181818181818, 0.018168468280627275
0.10653409090909091, 0.8295454545454546, 0.018168468280627275
0.10653409090909091, 0.8522727272727273, 0.016741810211715127
0.10653409090909091, 0.875, 0.016741810211715127
0.10653409090909091, 0.8977272727272727, 0.016741810211715127
0.10653409090909091, 0.9204545454545454, 0.016741810211715127
0.10653409090909091, 0.9431818181818182, 0.016741810211715127
0.10653409090909091, 0.9659090909090909, 0.01895821066409574
0.10653409090909091, 0.9886363636363636, 0.01895821066409574
0.12073863636363637, 0.011363636363636364, 0.013453298091509901
0.12073863636363637, 0.03409090909090909, 0.013453298091509901
0.12073863636363637, 0.056818181818181816, 0.013453298091509901
0.12073863636363637, 0.07954545454545454, 0.017560011136931637
0.12073863636363637, 0.10227272727272728, 0.017560011136931637
0.12073863636363637, 0.125, 0.017560011136931637
0.12073863636363637, 0.14772727272727273, 0.017560011136931637
0.12073863636363637, 0.17045454545454544, 0.017560011136931637
0.12073863636363637, 0.19318181818181818, 0.017560011136931637
0.12073863636363637, 0.2159090909090909, 0.017560011136931637
0.12073863636363637, 0.23863636363636365, 0.01647068440396081
0.12073863636363637, 0.26136363636363635, 0.01647068440396081
0.12073863636363637, 0.2840909090909091, 0.01647068440396081
0.12073863636363637, 0.3068181818181818, 0.01647068440396081
0.12073863636363637, 0.32954545454545453, 0.01647068440396081
0.12073863636363637, 0.3522727272727273, 0.01647068440396081
0.12073863636363637, 0.375, 0.017479417266511896
0.12073863636363637, 0.3977272727272727, 0.017479417266511896
0.12073863636363637, 0.42045454545454547, 0.017479417266511896
0.12073863636363637, 0.4431818181818182, 0.017479417266511896
0.12073863636363637, 0.4659090909090909, 0.017479417266511896
0.12073863636363637, 0.48863636363636365, 0.019113285949819706
0.12073863636363637, 0.5113636363636364, 0.019113285949819706
0.12073863636363637, 0.5340909090909091, 0.019113285949819706
0.12073863636363637, 0.5568181818181818, 0.019113285949819706
0.12073863636363637, 0.5795454545454546, 0.019113285949819706
0.12073863636363637, 0.6022727272727273, 0.019216902920995326
0.12073863636363637, 0.625, 0.019216902920995326
0.12073863636363637, 0.6477272727272727, 0.019216902920995326
0.12073863636363637, 0.6704545454545454, 0.019216902920995326
0.12073863636363637, 0.6931818181818182, 0.019216902920995326
0.12073863636363637, 0.7159090909090909, 0.019216902920995326
0.12073863636363637, 0.7386363636363636, 0.018168468280627275
0.12073863636363637, 0.7613636363636364, 0.018168468280627275
0.12073863636363637, 0.7840909090909091, 0.018168468280627275
0.12073863636363637, 0.8068181818181818, 0.018168468280627275
0.12073863636363637, 0.8295454545454546, 0.018168468280627275
0.12073863636363637, 0.8522727272727273, 0.016741810211715127
0.12073863636363637, 0.875, 0.016741810211715127
0.12073863636363637, 0.8977272727272727, 0.016741810211715127
0.12073863636363637, 0.9204545454545454, 0.016741810211715127
0.12073863636363637, 0.9431818181818182, 0.016741810211715127
0.12073863636363637, 0.9659090909090909, 0.01895821066409574
0.12073863636363637, 0.9886363636363636, 0.01895821066409574
0.13494318181818182, 0.011363636363636364, 0.013453298091509901
0.13494318181818182, 0.03409090909090909, 0.013453298091509901
0.13494318181818182, 0.056818181818181816, 0.013453298091509901
0.13494318181818182, 0.07954545454545454, 0.017560011136931637
0.13494318181818182, 0.10227272727272728, 0.017560011136931637
0.13494318181818182, 0.125, 0.017560011136931637
0.13494318181818182, 0.14772727272727273, 0.017560011136931637
0.13494318181818182, 0.17045454545454544, 0.017560011136931637
0.13494318181818182, 0.19318181818181818, 0.017560011136931637
0.13494318181818182, 0.2159090909090909, 0.017560011136931637
0.13494318181818182, 0.23863636363636365, 0.01647068440396081
0.13494318181818182, 0.26136363636363635, 0.01647068440396081
0.13494318181818182, 0.2840909090909091, 0.01647068440396081
0.13494318181818182, 0.3068181818181818, 0.01647068440396081
0.13494318181818182, 0.32954545454545453, 0.01647068440396081
0.13494318181818182, 0.3522727272727273, 0.027424662842682447
0.13494318181818182, 0.375, 0.017479417266511896
0.13494318181818182, 0.3977272727272727, 0.017479417266511896
0.13494318181818182, 0.42045454545454547, 0.017479417266511896
0.13494318181818182, 0.4431818181818182, 0.017479417266511896
0.13494318181818182, 0.4659090909090909, 0.017479417266511896
0.13494318181818182, 0.48863636363636365, 0.019113285949819706
0.13494318181818182, 0.5113636363636364, 0.019113285949819706
0.13494318181818182, 0.5340909090909091, 0.019113285949819706
0.13494318181818182, 0.5568181818181818, 0.019113285949819706
0.13494318181818182, 0.5795454545454546, 0.019113285949819706
0.13494318181818182, 0.6022727272727273, 0.019216902920995326
0.13494318181818182, 0.625, 0.019216902920995326
0.13494318181818182, 0.6477272727272727, 0.019216902920995326
0.13494318181818182, 0.6704545454545454, 0.019216902920995326
0.13494318181818182, 0.6931818181818182, 0.019216902920995326
0.13494318181818182, 0.7159090909090909, 0.019216902920995326
0.13494318181818182, 0.7386363636363636, 0.018168468280627275
0.13494318181818182, 0.7613636363636364, 0.018168468280627275
0.13494318181818182, 0.7840909090909091, 0.018168468280627275
0.13494318181818182, 0.8068181818181818, 0.018168468280627275
0.13494318181818182, 0.8295454545454546, 0.018168468280627275
0.13494318181818182, 0.8522727272727273, 0.016741810211715127
0.13494318181818182, 0.875, 0.016741810211715127
0.13494318181818182, 0.8977272727272727, 0.016741810211715127
0.13494318181818182, 0.9204545454545454, 0.016741810211715127
0.13494318181818182, 0.9431818181818182, 0.016741810211715127
0.13494318181818182, 0.9659090909090909, 0.01895821066409574
0.13494318181818182, 0.9886363636363636, 0.01895821066409574
0.14914772727272727, 0.011363636363636364, 0.013453298091509901
0.14914772727272727, 0.03409090909090909, 0.013453298091509901
0.14914772727272727, 0.056818181818181816, 0.013453298091509901
0.14914772727272727, 0.07954545454545454, 0.017560011136931637
0.14914772727272727, 0.10227272727272728, 0.017560011136931637
0.14914772727272727, 0.125, 0.017560011136931637
0.14914772727272727, 0.14772727272727273, 0.017560011136931637
0.14914772727272727, 0.17045454545454544, 0.017560011136931637
0.14914772727272727, 0.19318181818181818, 0.017560011136931637
0.14914772727272727, 0.2159090909090909, 0.017560011136931637
0.14914772727272727, 0.23863636363636365, 0.01647068440396081
0.14914772727272727, 0.26136363636363635, 0.01647068440396081
0.14914772727272727, 0.2840909090909091, 0.01647068440396081
0.14914772727272727, 0.3068181818181818, 0.01647068440396081
0.14914772727272727, 0.32954545454545453, 0.027424662842682447
0.14914772727272727, 0.3522727272727273, 0.027424662842682447
0.14914772727272727, 0.375, 0.027424662842682447
0.14914772727272727, 0.3977272727272727, 0.017479417266511896
0.14914772727272727, 0.42045454545454547, 0.017479417266511896
0.14914772727272727, 0.4431818181818182, 0.017479417266511896
0.14914772727272727, 0.4659090909090909, 0.03149792839933319
0.14914772727272727, 0.48863636363636365, 0.03149792839933319
0.14914772727272727, 0.5113636363636364, 0.019113285949819706
0.14914772727272727, 0.5340909090909091, 0.019113285949819706
0.14914772727272727, 0.5568181818181818, 0.019113285949819706
0.14914772727272727, 0.5795454545454546, 0.03305157243012588
0.14914772727272727, 0.6022727272727273, 0.03305157243012588
0.14914772727272727, 0.625, 0.019216902920995326
0.14914772727272727, 0.6477272727272727, 0.019216902920995326
0.14914772727272727, 0.6704545454545454, 0.019216902920995326
0.14914772727272727, 0.6931818181818182, 0.019216902920995326
0.14914772727272727, 0.7159090909090909, 0.03261875704309483
0.14914772727272727, 0.7386363636363636, 0.018168468280627275
0.14914772727272727, 0.7613636363636364, 0.018168468280627275
0.14914772727272727, 0.7840909090909091, 0.018168468280627275
0.14914772727272727, 0.8068181818181818, 0.018168468280627275
0.14914772727272727, 0.8295454545454546, 0.030753246417748934
0.14914772727272727, 0.8522727272727273, 0.016741810211715127
0.14914772727272727, 0.875, 0.016741810211715127
0.14914772727272727, 0.8977272727272727, 0.016741810211715127
0.14914772727272727, 0.9204545454545454, 0.016741810211715127
0.14914772727272727, 0.9431818181818182, 0.027995560362900643
0.14914772727272727, 0.9659090909090909, 0.01895821066409574
0.14914772727272727, 0.9886363636363636, 0.01895821066409574
0.16335227272727273, 0.011363636363636364, 0.013453298091509901
0.16335227272727273, 0.03409090909090909, 0.013453298091509901
0.16335227272727273, 0.056818181818181816, 0.013453298091509901
0.16335227272727273, 0.07954545454545454, 0.017560011136931637
0.16335227272727273, 0.10227272727272728, 0.017560011136931637
0.16335227272727273, 0.125, 0.017560011136931637
0.16335227272727273, 0.14772727272727273, 0.017560011136931637
0.16335227272727273, 0.17045454545454544, 0.017560011136931637
0.16335227272727273, 0.19318181818181818, 0.017560011136931637
0.16335227272727273, 0.2159090909090909, 0.017560011136931637
0.16335227272727273, 0.23863636363636365, 0.027318900346812024
0.16335227272727273, 0.26136363636363635, 0.01647068440396081
0.16335227272727273, 0.2840909090909091, 0.01647068440396081
0.16335227272727273, 0.3068181818181818, 0.027424662842682447
0.16335227272727273, 0.32954545454545453, 0.027424662842682447
0.16335227272727273, 0.3522727272727273, 0.027424662842682447
0.16335227272727273, 0.375, 0.027424662842682447
0.16335227272727273, 0.3977272727272727, 0.027424662842682447
0.16335227272727273, 0.42045454545454547, 0.03149792839933319
0.16335227272727273, 0.4431818181818182, 0.03149792839933319
0.16335227272727273, 0.4659090909090909, 0.03149792839933319
0.16335227272727273, 0.48863636363636365, 0.03149792839933319
0.16335227272727273, 0.5113636363636364, 0.019113285949819706
0.16335227272727273, 0.5340909090909091, 0.019113285949819706
0.16335227272727273, 0.5568181818181818, 0.03305157243012588
0.16335227272727273, 0.5795454545454546, 0.03305157243012588
0.16335227272727273, 0.6022727272727273, 0.03305157243012588
0.16335227272727273, 0.625, 0.03305157243012588
0.16335227272727273, 0.6477272727272727, 0.019216902920995326
0.16335227272727273, 0.6704545454545454, 0.03261875704309483
0.16335227272727273, 0.6931818181818182, 0.03261875704309483
0.16335227272727273, 0.7159090909090909, 0.03261875704309483
0.16335227272727273, 0.7386363636363636, 0.03261875704309483
0.16335227272727273, 0.7613636363636364, 0.018168468280627275
0.16335227272727273, 0.7840909090909091, 0.030753246417748934
0.16335227272727273, 0.8068181818181818, 0.030753246417748934
0.16335227272727273, 0.8295454545454546, 0.030753246417748934
0.16335227272727273, 0.8522727272727273, 0.030753246417748934
0.16335227272727273, 0.875, 0.027995560362900643
0.16335227272727273, 0.8977272727272727, 0.027995560362900643
0.16335227272727273, 0.9204545454545454, 0.027995560362900643
0.16335227272727273, 0.9431818181818182, 0.027995560362900643
0.16335227272727273, 0.9659090909090909, 0.01895821066409574
0.16335227272727273, 0.9886363636363636, 0.01895821066409574
0.17755681818181818, 0.011363636363636364, 0.013453298091509901
0.17755681818181818, 0.03409090909090909, 0.013453298091509901
0.17755681818181818, 0.056818181818181816, 0.013453298091509901
0.17755681818181818, 0.07954545454545454, 0.017560011136931637
0.17755681818181818, 0.10227272727272728, 0.017560011136931637
0.17755681818181818, 0.125, 0.017560011136931637
0.17755681818181818, 0.14772727272727273, 0.017560011136931637
0.17755681818181818, 0.17045454545454544, 0.017560011136931637
0.17755681818181818, 0.19318181818181818, 0.017560011136931637
0.17755681818181818, 0.2159090909090909, 0.027318900346812024
0.17755681818181818, 0.23863636363636365, 0.027318900346812024
0.17755681818181818, 0.26136363636363635, 0.027318900346812024
0.17755681818181818, 0.2840909090909091, 0.01647068440396081
0.17755681818181818, 0.3068181818181818, 0.027424662842682447
0.17755681818181818, 0.32954545454545453, 0.027424662842682447
0.17755681818181818, 0.3522727272727273, 0.027424662842682447
0.17755681818181818, 0.375, 0.027424662842682447
0.17755681818181818, 0.3977272727272727, 0.027424662842682447
0.17755681818181818, 0.42045454545454547, 0.03149792839933319
0.17755681818181818, 0.4431818181818182, 0.03149792839933319
0.17755681818181818, 0.4659090909090909, 0.03149792839933319
0.17755681818181818, 0.48863636363636365, 0.03149792839933319
0.17755681818181818, 0.5113636363636364, 0.03149792839933319
0.17755681818181818, 0.5340909090909091, 0.03305157243012588
0.17755681818181818, 0.5568181818181818, 0.03305157243012588
0.17755681818181818, 0.5795454545454546, 0.03305157243012588
0.17755681818181818, 0.6022727272727273, 0.03305157243012588
0.17755681818181818, 0.625, 0.03305157243012588
0.17755681818181818, 0.6477272727272727, 0.03261875704309483
0.17755681818181818, 0.6704545454545454, 0.03261875704309483
0.17755681818181818, 0.6931818181818182, 0.03261875704309483
0.17755681818181818, 0.7159090909090909, 0.03261875704309483
0.17755681818181818, 0.7386363636363636, 0.03261875704309483
0.17755681818181818, 0.7613636363636364, 0.030753246417748934
0.17755681818181818, 0.7840909090909091, 0.030753246417748934
0.17755681818181818, 0.8068181818181818, 0.030753246417748934
0.17755681818181818, 0.8295454545454546, 0.030753246417748934
0.17755681818181818, 0.8522727272727273, 0.030753246417748934
0.17755681818181818, 0.875, 0.027995560362900643
0.17755681818181818, 0.8977272727272727, 0.027995560362900643
0.17755681818181818, 0.9204545454545454, 0.027995560362900643
0.17755681818181818, 0.9431818181818182, 0.027995560362900643
0.17755681818181818, 0.9659090909090909, 0.027995560362900643
0.17755681818181818, 0.9886363636363636, 0.01895821066409574
0.19176136363636365, 0.011363636363636364, 0.021591519311446948
0.19176136363636365, 0.03409090909090909, 0.021591519311446948
0.19176136363636365, 0.056818181818181816, 0.021591519311446948
0.19176136363636365, 0.07954545454545454, 0.017560011136931637
0.19176136363636365, 0.10227272727272728, 0.017560011136931637
0.19176136363636365, 0.125, 0.017560011136931637
0.19176136363636365, 0.14772727272727273, 0.017560011136931637
0.19176136363636365, 0.17045454545454544, 0.017560011136931637
0.19176136363636365, 0.19318181818181818, 0.027318900346812024
0.19176136363636365, 0.2159090909090909, 0.027318900346812024
0.19176136363636365, 0.23863636363636365, 0.027318900346812024
0.19176136363636365, 0.26136363636363635, 0.027318900346812024
0.19176136363636365, 0.2840909090909091, 0.027318900346812024
0.19176136363636365, 0.3068181818181818, 0.027424662842682447
0.19176136363636365, 0.32954545454545453, 0.027424662842682447
0.19176136363636365, 0.3522727272727273, 0.027424662842682447
0.19176136363636365, 0.375, 0.027424662842682447
0.19176136363636365, 0.3977272727272727, 0.027424662842682447
0.19176136363636365, 0.42045454545454547, 0.03149792839933319
0.19176136363636365, 0.4431818181818182, 0.03149792839933319
0.19176136363636365, 0.4659090909090909, 0.03149792839933319
0.19176136363636365, 0.48863636363636365, 0.03149792839933319
0.19176136363636365, 0.5113636363636364, 0.03149792839933319
0.19176136363636365, 0.5340909090909091, 0.03305157243012588
0.19176136363636365, 0.5568181818181818, 0.03305157243012588
0.19176136363636365, 0.5795454545454546, 0.03305157243012588
0.19176136363636365, 0.6022727272727273, 0.03305157243012588
0.19176136363636365, 0.625, 0.03305157243012588
0.19176136363636365, 0.6477272727272727, 0.03261875704309483
0.19176136363636365, 0.6704545454545454, 0.03261875704309483
0.19176136363636365, 0.6931818181818182, 0.03261875704309483
0.19176136363636365, 0.7159090909090909, 0.03261875704309483
0.19176136363636365, 0.7386363636363636, 0.03261875704309483
0.19176136363636365, 0.7613636363636364, 0.030753246417748934
0.19176136363636365, 0.7840909090909091, 0.030753246417748934
0.19176136363636365, 0.8068181818181818, 0.030753246417748934
0.19176136363636365, 0.8295454545454546, 0.030753246417748934
0.19176136363636365, 0.8522727272727273, 0.030753246417748934
0.19176136363636365, 0.875, 0.027995560362900643
0.19176136363636365, 0.8977272727272727, 0.027995560362900643
0.19176136363636365, 0.9204545454545454, 0.027995560362900643
0.19176136363636365, 0.9431818181818182, 0.027995560362900643
0.19176136363636365, 0.9659090909090909, 0.027995560362900643
0.19176136363636365, 0.9886363636363636, 0.030948745923355468
0.2059659090909091, 0.011363636363636364, 0.021591519311446948
0.2059659090909091, 0.03409090909090909, 0.021591519311446948
0.2059659090909091, 0.056818181818181816, 0.021591519311446948
0.2059659090909091, 0.07954545454545454, 0.017560011136931637
0.2059659090909091, 0.10227272727272728, 0.017560011136931637
0.2059659090909091, 0.125, 0.017560011136931637
0.2059659090909091, 0.14772727272727273, 0.017560011136931637
0.2059659090909091, 0.17045454545454544, 0.017560011136931637
0.2059659090909091, 0.19318181818181818, 0.027318900346812024
0.2059659090909091, 0.2159090909090909, 0.027318900346812024
0.2059659090909091, 0.23863636363636365, 0.027318900346812024
0.2059659090909091, 0.26136363636363635, 0.027318900346812024
0.2059659090909091, 0.2840909090909091, 0.027318900346812024
0.2059659090909091, 0.3068181818181818, 0.027424662842682447
0.2059659090909091, 0.32954545454545453, 0.027424662842682447
0.2059659090909091, 0.3522727272727273, 0.027424662842682447
0.2059659090909091, 0.375, 0.027424662842682447
0.2059659090909091, 0.3977272727272727, 0.027424662842682447
0.2059659090909091, 0.42045454545454547, 0.03149792839933319
0.2059659090909091, 0.4431818181818182, 0.03149792839933319
0.2059659090909091, 0.4659090909090909, 0.03149792839933319
0.2059659090909091, 0.48863636363636365, 0.03149792839933319
0.2059659090909091, 0.5113636363636364, 0.03149792839933319
0.2059659090909091, 0.5340909090909091, 0.03305157243012588
0.2059659090909091, 0.5568181818181818, 0.03305157243012588
0.2059659090909091, 0.5795454545454546, 0.03305157243012588
0.2059659090909091, 0.6022727272727273, 0.03305157243012588
0.2059659090909091, 0.625, 0.03305157243012588
0.2059659090909091, 0.6477272727272727, 0.03261875704309483
0.2059659090909091, 0.6704545454545454, 0.03261875704309483
0.2059659090909091, 0.6931818181818182, 0.03261875704309483
0.2059659090909091, 0.7159090909090909, 0.03261875704309483
0.2059659090909091, 0.7386363636363636, 0.03261875704309483
0.2059659090909091, 0.7613636363636364, 0.030753246417748934
0.2059659090909091, 0.7840909090909091, 0.030753246417748934
0.2059659090909091, 0.8068181818181818, 0.030753246417748934
0.2059659090909091, 0.8295454545454546, 0.030753246417748934
0.2059659090909091, 0.8522727272727273, 0.030753246417748934
0.2059659090909091, 0.875, 0.027995560362900643
0.2059659090909091, 0.8977272727272727, 0.027995560362900643
0.2059659090909091, 0.9204545454545454, 0.027995560362900643
0.2059659090909091, 0.9431818181818182, 0.027995560362900643
0.2059659090909091, 0.9659090909090909, 0.027995560362900643
0.2059659090909091, 0.9886363636363636, 0.030948745923355468
0.22017045454545456, 0.011363636363636364, 0.021591519311446948
0.22017045454545456, 0.03409090909090909, 0.021591519311446948
0.22017045454545456, 0.056818181818181816, 0.021591519311446948
0.22017045454545456, 0.07954545454545454, 0.021591519311446948
0.22017045454545456, 0.10227272727272728, 0.02521610690761246
0.22017045454545456, 0.125, 0.017560011136931637
0.22017045454545456, 0.14772727272727273, 0.017560011136931637
0.22017045454545456, 0.17045454545454544, 0.027318900346812024
0.22017045454545456, 0.19318181818181818, 0.027318900346812024
0.22017045454545456, 0.2159090909090909, 0.027318900346812024
0.22017045454545456, 0.23863636363636365, 0.027318900346812024
0.22017045454545456, 0.26136363636363635, 0.027318900346812024
0.22017045454545456, 0.2840909090909091, 0.027318900346812024
0.22017045454545456, 0.3068181818181818, 0.027424662842682447
0.22017045454545456, 0.32954545454545453, 0.027424662842682447
0.22017045454545456, 0.3522727272727273, 0.027424662842682447
0.22017045454545456, 0.375, 0.027424662842682447
0.22017045454545456, 0.3977272727272727, 0.027424662842682447
0.22017045454545456, 0.42045454545454547, 0.03149792839933319
0.22017045454545456, 0.4431818181818182, 0.03149792839933319
0.22017045454545456, 0.4659090909090909, 0.03149792839933319
0.22017045454545456, 0.48863636363636365, 0.03149792839933319
0.22017045454545456, 0.5113636363636364, 0.03149792839933319
0.22017045454545456, 0.5340909090909091, 0.03305157243012588
0.22017045454545456, 0.5568181818181818, 0.03305157243012588
0.22017045454545456, 0.5795454545454546, 0.03305157243012588
0.22017045454545456, 0.6022727272727273, 0.03305157243012588
0.22017045454545456, 0.625, 0.03305157243012588
0.22017045454545456, 0.6477272727272727, 0.03261875704309483
0.22017045454545456, 0.6704545454545454, 0.03261875704309483
0.22017045454545456, 0.6931818181818182, 0.03261875704309483
0.22017045454545456, 0.7159090909090909, 0.03261875704309483
0.22017045454545456, 0.7386363636363636, 0.03261875704309483
0.22017045454545456, 0.7613636363636364, 0.030753246417748934
0.22017045454545456, 0.7840909090909091, 0.030753246417748934
0.22017045454545456, 0.8068181818181818, 0.030753246417748934
0.22017045454545456, 0.8295454545454546, 0.030753246417748934
0.22017045454545456, 0.8522727272727273, 0.030753246417748934
0.22017045454545456, 0.875, 0.027995560362900643
0.22017045454545456, 0.8977272727272727, 0.027995560362900643
0.22017045454545456, 0.9204545454545454, 0.027995560362900643
0.22017045454545456, 0.9431818181818182, 0.027995560362900643
0.22017045454545456, 0.9659090909090909, 0.030948745923355468
0.22017045454545456, 0.9886363636363636, 0.030948745923355468
0.234375, 0.011363636363636364, 0.021591519311446948
0.234375, 0.03409090909090909, 0.021591519311446948
0.234375, 0.056818181818181816, 0.021591519311446948
0.234375, 0.07954545454545454, 0.02521610690761246
0.234375, 0.10227272727272728, 0.02521610690761246
0.234375, 0.125, 0.02521610690761246
0.234375, 0.14772727272727273, 0.02521610690761246
0.234375, 0.17045454545454544, 0.027318900346812024
0.234375, 0.19318181818181818, 0.027318900346812024
0.234375, 0.2159090909090909, 0.027318900346812024
0.234375, 0.23863636363636365, 0.027318900346812024
0.234375, 0.26136363636363635, 0.027318900346812024
0.234375, 0.2840909090909091, 0.027318900346812024
0.234375, 0.3068181818181818, 0.027424662842682447
0.234375, 0.32954545454545453, 0.027424662842682447
0.234375, 0.3522727272727273, 0.027424662842682447
0.234375, 0.375, 0.027424662842682447
0.234375, 0.3977272727272727, 0.027424662842682447
0.234375, 0.42045454545454547, 0.03149792839933319
0.234375, 0.4431818181818182, 0.03149792839933319
0.234375, 0.4659090909090909, 0.03149792839933319
0.234375, 0.48863636363636365, 0.03149792839933319
0.234375, 0.5113636363636364, 0.03149792839933319
0.234375, 0.5340909090909091, 0.03305157243012588
0.234375, 0.5568181818181818, 0.03305157243012588
0.234375, 0.5795454545454546, 0.03305157243012588
0.234375, 0.6022727272727273, 0.03305157243012588
0.234375, 0.625, 0.03305157243012588
0.234375, 0.6477272727272727, 0.03261875704309483
0.234375, 0.6704545454545454, 0.03261875704309483
0.234375, 0.6931818181818182, 0.03261875704309483
0.234375, 0.7159090909090909, 0.03261875704309483
0.234375, 0.7386363636363636, 0.03261875704309483
0.234375, 0.7613636363636364, 0.030753246417748934
0.234375, 0.7840909090909091, 0.030753246417748934
0.234375, 0.8068181818181818, 0.030753246417748934
0.234375, 0.8295454545454546, 0.030753246417748934
0.234375, 0.8522727272727273, 0.030753246417748934
0.234375, 0.875, 0.027995560362900643
0.234375, 0.8977272727272727, 0.027995560362900643
0.234375, 0.9204545454545454, 0.027995560362900643
0.234375, 0.9431818181818182, 0.027995560362900643
0.234375, 0.9659090909090909, 0.030948745923355468
0.234375, 0.9886363636363636, 0.030948745923355468
0.24857954545454544, 0.011363636363636364, 0.021591519311446948
0.24857954545454544, 0.03409090909090909, 0.021591519311446948
0.24857954545454544, 0.056818181818181816, 0.021591519311446948
0.24857954545454544, 0.07954545454545454, 0.02521610690761246
0.24857954545454544, 0.10227272727272728, 0.02521610690761246
0.24857954545454544, 0.125, 0.02521610690761246
0.24857954545454544, 0.14772727272727273, 0.02521610690761246
0.24857954545454544, 0.17045454545454544, 0.027318900346812024
0.24857954545454544, 0.19318181818181818, 0.027318900346812024
0.24857954545454544, 0.2159090909090909, 0.027318900346812024
0.24857954545454544, 0.23863636363636365, 0.027318900346812024
0.24857954545454544, 0.26136363636363635, 0.027318900346812024
0.24857954545454544, 0.2840909090909091, 0.027318900346812024
0.24857954545454544, 0.3068181818181818, 0.027318900346812024
0.24857954545454544, 0.32954545454545453, 0.027424662842682447
0.24857954545454544, 0.3522727272727273, 0.027424662842682447
0.24857954545454544, 0.375, 0.027424662842682447
0.24857954545454544, 0.3977272727272727, 0.027424662842682447
0.24857954545454544, 0.42045454545454547, 0.03149792839933319
0.24857954545454544, 0.4431818181818182, 0.03149792839933319
0.24857954545454544, 0.4659090909090909, 0.03149792839933319
0.24857954545454544, 0.48863636363636365, 0.03149792839933319
0.24857954545454544, 0.5113636363636364, 0.03817593363752772
0.24857954545454544, 0.5340909090909091, 0.03305157243012588
0.24857954545454544, 0.5568181818181818, 0.03305157243012588
0.24857954545454544, 0.5795454545454546, 0.03305157243012588
0.24857954545454544, 0.6022727272727273, 0.03305157243012588
0.24857954545454544, 0.625, 0.03305157243012588
0.24857954545454544, 0.6477272727272727, 0.03261875704309483
0.24857954545454544, 0.6704545454545454, 0.03261875704309483
0.24857954545454544, 0.6931818181818182, 0.03261875704309483
0.24857954545454544, 0.7159090909090909, 0.03261875704309483
0.24857954545454544, 0.7386363636363636, 0.03261875704309483
0.24857954545454544, 0.7613636363636364, 0.030753246417748934
0.24857954545454544, 0.7840909090909091, 0.030753246417748934
0.24857954545454544, 0.8068181818181818, 0.030753246417748934
0.24857954545454544, 0.8295454545454546, 0.030753246417748934
0.24857954545454544, 0.8522727272727273, 0.030753246417748934
0.24857954545454544, 0.875, 0.027995560362900643
0.24857954545454544, 0.8977272727272727, 0.027995560362900643
0.24857954545454544, 0.9204545454545454, 0.027995560362900643
0.24857954545454544, 0.9431818181818182, 0.027995560362900643
0.24857954545454544, 0.9659090909090909, 0.030948745923355468
0.24857954545454544, 0.9886363636363636, 0.030948745923355468
0.2627840909090909, 0.011363636363636364, 0.021591519311446948
0.2627840909090909, 0.03409090909090909, 0.021591519311446948
0.2627840909090909, 0.056818181818181816, 0.021591519311446948
0.2627840909090909, 0.07954545454545454, 0.02521610690761246
0.2627840909090909, 0.10227272727272728, 0.02521610690761246
0.2627840909090909, 0.125, 0.02521610690761246
0.2627840909090909, 0.14772727272727273, 0.02521610690761246
0.2627840909090909, 0.17045454545454544, 0.02521610690761246
0.2627840909090909, 0.19318181818181818, 0.027318900346812024
0.2627840909090909, 0.2159090909090909, 0.027318900346812024
0.2627840909090909, 0.23863636363636365, 0.027318900346812024
0.2627840909090909, 0.26136363636363635, 0.027318900346812024
0.2627840909090909, 0.2840909090909091, 0.027318900346812024
0.2627840909090909, 0.3068181818181818, 0.034399341884330234
0.2627840909090909, 0.32954545454545453, 0.034399341884330234
0.2627840909090909, 0.3522727272727273, 0.034399341884330234
0.2627840909090909, 0.375, 0.034399341884330234
0.2627840909090909, 0.3977272727272727, 0.034399341884330234
0.2627840909090909, 0.42045454545454547, 0.03149792839933319
0.2627840909090909, 0.4431818181818182, 0.03149792839933319
0.2627840909090909, 0.4659090909090909, 0.03817593363752772
0.2627840909090909, 0.48863636363636365, 0.03817593363752772
0.2627840909090909, 0.5113636363636364, 0.03817593363752772
0.2627840909090909, 0.5340909090909091, 0.03817593363752772
0.2627840909090909, 0.5568181818181818, 0.03305157243012588
0.2627840909090909, 0.5795454545454546, 0.03305157243012588
0.2627840909090909, 0.6022727272727273, 0.0392493684086363
0.2627840909090909, 0.625, 0.0392493684086363
0.2627840909090909, 0.6477272727272727, 0.0392493684086363
0.2627840909090909, 0.6704545454545454, 0.03261875704309483
0.2627840909090909, 0.6931818181818182, 0.03261875704309483
0.2627840909090909, 0.7159090909090909, 0.03261875704309483
0.2627840909090909, 0.7386363636363636, 0.037845361399641134
0.2627840909090909, 0.7613636363636364, 0.037845361399641134
0.2627840909090909, 0.7840909090909091, 0.030753246417748934
0.2627840909090909, 0.8068181818181818, 0.030753246417748934
0.2627840909090909, 0.8295454545454546, 0.030753246417748934
0.2627840909090909, 0.8522727272727273, 0.03482955579619627
0.2627840909090909, 0.875, 0.03482955579619627
0.2627840909090909, 0.8977272727272727, 0.03482955579619627
0.2627840909090909, 0.9204545454545454, 0.027995560362900643
0.2627840909090909, 0.9431818181818182, 0.030948745923355468
0.2627840909090909, 0.9659090909090909, 0.030948745923355468
0.2627840909090909, 0.9886363636363636, 0.030948745923355468
0.27698863636363635, 0.011363636363636364, 0.021591519311446948
0.27698863636363635, 0.03409090909090909, 0.021591519311446948
0.27698863636363635, 0.056818181818181816, 0.021591519311446948
0.27698863636363635, 0.07954545454545454, 0.02521610690761246
0.27698863636363635, 0.10227272727272728, 0.02521610690761246
0.27698863636363635, 0.125, 0.02521610690761246
0.27698863636363635, 0.14772727272727273, 0.02521610690761246
0.27698863636363635, 0.17045454545454544, 0.02521610690761246
0.27698863636363635, 0.19318181818181818, 0.027318900346812024
0.27698863636363635, 0.2159090909090909, 0.027318900346812024
0.27698863636363635, 0.23863636363636365, 0.027318900346812024
0.27698863636363635, 0.26136363636363635, 0.027318900346812024
0.27698863636363635, 0.2840909090909091, 0.027318900346812024
0.27698863636363635, 0.3068181818181818, 0.034399341884330234
0.27698863636363635, 0.32954545454545453, 0.034399341884330234
0.27698863636363635, 0.3522727272727273, 0.034399341884330234
0.27698863636363635, 0.375, 0.034399341884330234
0.27698863636363635, 0.3977272727272727, 0.034399341884330234
0.27698863636363635, 0.42045454545454547, 0.034399341884330234
0.27698863636363635, 0.4431818181818182, 0.03817593363752772
0.27698863636363635, 0.4659090909090909, 0.03817593363752772
0.27698863636363635, 0.48863636363636365, 0.03817593363752772
0.27698863636363635, 0.5113636363636364, 0.03817593363752772
0.27698863636363635, 0.5340909090909091, 0.03817593363752772
0.27698863636363635, 0.5568181818181818, 0.03817593363752772
0.27698863636363635, 0.5795454545454546, 0.0392493684086363
0.27698863636363635, 0.6022727272727273, 0.0392493684086363
0.27698863636363635, 0.625, 0.0392493684086363
0.27698863636363635, 0.6477272727272727, 0.0392493684086363
0.27698863636363635, 0.6704545454545454, 0.0392493684086363
0.27698863636363635, 0.6931818181818182, 0.037845361399641134
0.27698863636363635, 0.7159090909090909, 0.037845361399641134
0.27698863636363635, 0.7386363636363636, 0.037845361399641134
0.27698863636363635, 0.7613636363636364, 0.037845361399641134
0.27698863636363635, 0.7840909090909091, 0.037845361399641134
0.27698863636363635, 0.8068181818181818, 0.030753246417748934
0.27698863636363635, 0.8295454545454546, 0.03482955579619627
0.27698863636363635, 0.8522727272727273, 0.03482955579619627
0.27698863636363635, 0.875, 0.03482955579619627
0.27698863636363635, 0.8977272727272727, 0.03482955579619627
0.27698863636363635, 0.9204545454545454, 0.03482955579619627
0.27698863636363635, 0.9431818181818182, 0.030948745923355468
0.27698863636363635, 0.9659090909090909, 0.030948745923355468
0.27698863636363635, 0.9886363636363636, 0.030948745923355468
0.2911931818181818, 0.011363636363636364, 0.021591519311446948
0.2911931818181818, 0.03409090909090909, 0.021591519311446948
0.2911931818181818, 0.056818181818181816, 0.02521610690761246
0.2911931818181818, 0.07954545454545454, 0.02521610690761246
0.2911931818181818, 0.10227272727272728, 0.02521610690761246
0.2911931818181818, 0.125, 0.02521610690761246
0.2911931818181818, 0.14772727272727273, 0.02521610690761246
0.2911931818181818, 0.17045454545454544, 0.02521610690761246
0.2911931818181818, 0.19318181818181818, 0.027318900346812024
0.2911931818181818, 0.2159090909090909, 0.027318900346812024
0.2911931818181818, 0.23863636363636365, 0.027318900346812024
0.2911931818181818, 0.26136363636363635, 0.027318900346812024
0.2911931818181818, 0.2840909090909091, 0.027318900346812024
0.2911931818181818, 0.3068181818181818, 0.034399341884330234
0.2911931818181818, 0.32954545454545453, 0.034399341884330234
0.2911931818181818, 0.3522727272727273, 0.034399341884330234
0.2911931818181818, 0.375, 0.034399341884330234
0.2911931818181818, 0.3977272727272727, 0.034399341884330234
0.2911931818181818, 0.42045454545454547, 0.034399341884330234
0.2911931818181818, 0.4431818181818182, 0.03817593363752772
0.2911931818181818, 0.4659090909090909, 0.03817593363752772
0.2911931818181818, 0.48863636363636365, 0.03817593363752772
0.2911931818181818, 0.5113636363636364, 0.03817593363752772
0.2911931818181818, 0.5340909090909091, 0.03817593363752772
0.2911931818181818, 0.5568181818181818, 0.03817593363752772
0.2911931818181818, 0.5795454545454546, 0.0392493684086363
0.2911931818181818, 0.6022727272727273, 0.0392493684086363
0.2911931818181818, 0.625, 0.0392493684086363
0.2911931818181818, 0.6477272727272727, 0.0392493684086363
0.2911931818181818, 0.6704545454545454, 0.0392493684086363
0.2911931818181818, 0.6931818181818182, 0.037845361399641134
0.2911931818181818, 0.7159090909090909, 0.037845361399641134
0.2911931818181818, 0.7386363636363636, 0.037845361399641134
0.2911931818181818, 0.7613636363636364, 0.037845361399641134
0.2911931818181818, 0.7840909090909091, 0.037845361399641134
0.2911931818181818, 0.8068181818181818, 0.037845361399641134
0.2911931818181818, 0.8295454545454546, 0.03482955579619627
0.2911931818181818, 0.8522727272727273, 0.03482955579619627
0.2911931818181818, 0.875, 0.03482955579619627
0.2911931818181818, 0.8977272727272727, 0.03482955579619627
0.2911931818181818, 0.9204545454545454, 0.03482955579619627
0.2911931818181818, 0.9431818181818182, 0.03482955579619627
0.2911931818181818, 0.9659090909090909, 0.030948745923355468
0.2911931818181818, 0.9886363636363636, 0.030948745923355468
0.3053977272727273, 0.011363636363636364, 0.021591519311446948
0.3053977272727273, 0.03409090909090909, 0.021591519311446948
0.3053977272727273, 0.056818181818181816, 0.02521610690761246
0.3053977272727273, 0.07954545454545454, 0.02521610690761246
0.3053977272727273, 0.10227272727272728, 0.02521610690761246
0.3053977272727273, 0.125, 0.02521610690761246
0.3053977272727273, 0.14772727272727273, 0.02521610690761246
0.3053977272727273, 0.17045454545454544, 0.02521610690761246
0.3053977272727273, 0.19318181818181818, 0.028683482111763976
0.3053977272727273, 0.2159090909090909, 0.028683482111763976
0.3053977272727273, 0.23863636363636365, 0.028683482111763976
0.3053977272727273, 0.26136363636363635, 0.027318900346812024
0.3053977272727273, 0.2840909090909091, 0.034399341884330234
0.3053977272727273, 0.3068181818181818, 0.034399341884330234
0.3053977272727273, 0.32954545454545453, 0.034399341884330234
0.3053977272727273, 0.3522727272727273, 0.034399341884330234
0.3053977272727273, 0.375, 0.034399341884330234
0.3053977272727273, 0.3977272727272727, 0.034399341884330234
0.3053977272727273, 0.42045454545454547, 0.034399341884330234
0.3053977272727273, 0.4431818181818182, 0.03817593363752772
0.3053977272727273, 0.4659090909090909, 0.03817593363752772
0.3053977272727273, 0.48863636363636365, 0.03817593363752772
0.3053977272727273, 0.5113636363636364, 0.03817593363752772
0.3053977272727273, 0.5340909090909091, 0.03817593363752772
0.3053977272727273, 0.5568181818181818, 0.03817593363752772
0.3053977272727273, 0.5795454545454546, 0.0392493684086363
0.3053977272727273, 0.6022727272727273, 0.0392493684086363
0.3053977272727273, 0.625, 0.0392493684086363
0.3053977272727273, 0.6477272727272727, 0.0392493684086363
0.3053977272727273, 0.6704545454545454, 0.0392493684086363
0.3053977272727273, 0.6931818181818182, 0.037845361399641134
0.3053977272727273, 0.7159090909090909, 0.037845361399641134
0.3053977272727273, 0.7386363636363636, 0.037845361399641134
0.3053977272727273, 0.7613636363636364, 0.037845361399641134
0.3053977272727273, 0.7840909090909091, 0.037845361399641134
0.3053977272727273, 0.8068181818181818, 0.037845361399641134
0.3053977272727273, 0.8295454545454546, 0.03482955579619627
0.3053977272727273, 0.8522727272727273, 0.03482955579619627
0.3053977272727273, 0.875, 0.03482955579619627
0.3053977272727273, 0.8977272727272727, 0.03482955579619627
0.3053977272727273, 0.9204545454545454, 0.03482955579619627
0.3053977272727273, 0.9431818181818182, 0.03482955579619627
0.3053977272727273, 0.9659090909090909, 0.030948745923355468
0.3053977272727273, 0.9886363636363636, 0.030948745923355468
0.3196022727272727, 0.011363636363636364, 0.022043227945460236
0.3196022727272727, 0.03409090909090909, 0.022043227945460236
0.3196022727272727, 0.056818181818181816, 0.02521610690761246
0.3196022727272727, 0.07954545454545454, 0.02521610690761246
0.3196022727272727, 0.10227272727272728, 0.02521610690761246
0.3196022727272727, 0.125, 0.02521610690761246
0.3196022727272727, 0.14772727272727273, 0.02521610690761246
0.3196022727272727, 0.17045454545454544, 0.02521610690761246
0.3196022727272727, 0.19318181818181818, 0.028683482111763976
0.3196022727272727, 0.2159090909090909, 0.028683482111763976
0.3196022727272727, 0.23863636363636365, 0.028683482111763976
0.3196022727272727, 0.26136363636363635, 0.028683482111763976
0.3196022727272727, 0.2840909090909091, 0.034399341884330234
0.3196022727272727, 0.3068181818181818, 0.034399341884330234
0.3196022727272727, 0.32954545454545453, 0.034399341884330234
0.3196022727272727, 0.3522727272727273, 0.034399341884330234
0.3196022727272727, 0.375, 0.034399341884330234
0.3196022727272727, 0.3977272727272727, 0.034399341884330234
0.3196022727272727, 0.42045454545454547, 0.034399341884330234
0.3196022727272727, 0.4431818181818182, 0.03817593363752772
0.3196022727272727, 0.4659090909090909, 0.03817593363752772
0.3196022727272727, 0.48863636363636365, 0.03817593363752772
0.3196022727272727, 0.5113636363636364, 0.03817593363752772
0.3196022727272727, 0.5340909090909091, 0.03817593363752772
0.3196022727272727, 0.5568181818181818, 0.03817593363752772
0.3196022727272727, 0.5795454545454546, 0.0392493684086363
0.3196022727272727, 0.6022727272727273, 0.0392493684086363
0.3196022727272727, 0.625, 0.0392493684086363
0.3196022727272727, 0.6477272727272727, 0.0392493684086363
0.3196022727272727, 0.6704545454545454, 0.0392493684086363
0.3196022727272727, 0.6931818181818182, 0.037845361399641134
0.3196022727272727, 0.7159090909090909, 0.037845361399641134
0.3196022727272727, 0.7386363636363636, 0.037845361399641134
0.3196022727272727, 0.7613636363636364, 0.037845361399641134
0.3196022727272727, 0.7840909090909091, 0.037845361399641134
0.3196022727272727, 0.8068181818181818, 0.037845361399641134
0.3196022727272727, 0.8295454545454546, 0.03482955579619627
0.3196022727272727, 0.8522727272727273, 0.03482955579619627
0.3196022727272727, 0.875, 0.03482955579619627
0.3196022727272727, 0.8977272727272727, 0.03482955579619627
0.3196022727272727, 0.9204545454545454, 0.03482955579619627
0.3196022727272727, 0.9431818181818182, 0.03482955579619627
0.3196022727272727, 0.9659090909090909, 0.032346650124781114
0.3196022727272727, 0.9886363636363636, 0.032346650124781114
0.3338068181818182, 0.011363636363636364, 0.022043227945460236
0.3338068181818182, 0.03409090909090909, 0.022043227945460236
0.3338068181818182, 0.056818181818181816, 0.02521610690761246
0.3338068181818182, 0.07954545454545454, 0.02521610690761246
0.3338068181818182, 0.10227272727272728, 0.02521610690761246
0.3338068181818182, 0.125, 0.02521610690761246
0.3338068181818182, 0.14772727272727273, 0.02521610690761246
0.3338068181818182, 0.17045454545454544, 0.028683482111763976
0.3338068181818182, 0.19318181818181818, 0.028683482111763976
0.3338068181818182, 0.2159090909090909, 0.028683482111763976
0.3338068181818182, 0.23863636363636365, 0.028683482111763976
0.3338068181818182, 0.26136363636363635, 0.028683482111763976
0.3338068181818182, 0.2840909090909091, 0.028683482111763976
0.3338068181818182, 0.3068181818181818, 0.034399341884330234
0.3338068181818182, 0.32954545454545453, 0.034399341884330234
0.3338068181818182, 0.3522727272727273, 0.034399341884330234
0.3338068181818182, 0.375, 0.034399341884330234
0.3338068181818182, 0.3977272727272727, 0.034399341884330234
0.3338068181818182, 0.42045454545454547, 0.034399341884330234
0.3338068181818182, 0.4431818181818182, 0.03817593363752772
0.3338068181818182, 0.4659090909090909, 0.03817593363752772
0.3338068181818182, 0.48863636363636365, 0.03817593363752772
0.3338068181818182, 0.5113636363636364, 0.03817593363752772
0.3338068181818182, 0.5340909090909091, 0.03817593363752772
0.3338068181818182, 0.5568181818181818, 0.0392493684086363
0.3338068181818182, 0.5795454545454546, 0.0392493684086363
0.3338068181818182, 0.6022727272727273, 0.0392493684086363
0.3338068181818182, 0.625, 0.0392493684086363
0.3338068181818182, 0.6477272727272727, 0.0392493684086363
0.3338068181818182, 0.6704545454545454, 0.0392493684086363
0.3338068181818182, 0.6931818181818182, 0.037845361399641134
0.3338068181818182, 0.7159090909090909, 0.037845361399641134
0.3338068181818182, 0.7386363636363636, 0.037845361399641134
0.3338068181818182, 0.7613636363636364, 0.037845361399641134
0.3338068181818182, 0.7840909090909091, 0.037845361399641134
0.3338068181818182, 0.8068181818181818, 0.037845361399641134
0.3338068181818182, 0.8295454545454546, 0.03482955579619627
0.3338068181818182, 0.8522727272727273, 0.03482955579619627
0.3338068181818182, 0.875, 0.03482955579619627
0.3338068181818182, 0.8977272727272727, 0.03482955579619627
0.3338068181818182, 0.9204545454545454, 0.03482955579619627
0.3338068181818182, 0.9431818181818182, 0.03482955579619627
0.3338068181818182, 0.9659090909090909, 0.032346650124781114
0.3338068181818182, 0.9886363636363636, 0.032346650124781114
0.34801136363636365, 0.011363636363636364, 0.022043227945460236
0.34801136363636365, 0.03409090909090909, 0.022043227945460236
0.34801136363636365, 0.056818181818181816, 0.022043227945460236
0.34801136363636365, 0.07954545454545454, 0.02521610690761246
0.34801136363636365, 0.10227272727272728, 0.02521610690761246
0.34801136363636365, 0.125, 0.02521610690761246
0.34801136363636365, 0.14772727272727273, 0.02521610690761246
0.34801136363636365, 0.17045454545454544, 0.028683482111763976
0.34801136363636365, 0.19318181818181818, 0.028683482111763976
0.34801136363636365, 0.2159090909090909, 0.028683482111763976
0.34801136363636365, 0.23863636363636365, 0.028683482111763976
0.34801136363636365, 0.26136363636363635, 0.028683482111763976
0.34801136363636365, 0.2840909090909091, 0.028683482111763976
0.34801136363636365, 0.3068181818181818, 0.034399341884330234
0.34801136363636365, 0.32954545454545453, 0.034399341884330234
0.34801136363636365, 0.3522727272727273, 0.034399341884330234
0.34801136363636365, 0.375, 0.034399341884330234
0.34801136363636365, 0.3977272727272727, 0.034399341884330234
0.34801136363636365, 0.42045454545454547, 0.033874022310099186
0.34801136363636365, 0.4431818181818182, 0.03817593363752772
0.34801136363636365, 0.4659090909090909, 0.03817593363752772
0.34801136363636365, 0.48863636363636365, 0.03817593363752772
0.34801136363636365, 0.5113636363636364, 0.03817593363752772
0.34801136363636365, 0.5340909090909091, 0.03817593363752772
0.34801136363636365, 0.5568181818181818, 0.03616386624590701
0.34801136363636365, 0.5795454545454546, 0.0392493684086363
0.34801136363636365, 0.6022727272727273, 0.0392493684086363
0.34801136363636365, 0.625, 0.0392493684086363
0.34801136363636365, 0.6477272727272727, 0.0392493684086363
0.34801136363636365, 0.6704545454545454, 0.0392493684086363
0.34801136363636365, 0.6931818181818182, 0.037845361399641134
0.34801136363636365, 0.7159090909090909, 0.037845361399641134
0.34801136363636365, 0.7386363636363636, 0.037845361399641134
0.34801136363636365, 0.7613636363636364, 0.037845361399641134
0.34801136363636365, 0.7840909090909091, 0.037845361399641134
0.34801136363636365, 0.8068181818181818, 0.037845361399641134
0.34801136363636365, 0.8295454545454546, 0.03482955579619627
0.34801136363636365, 0.8522727272727273, 0.03482955579619627
0.34801136363636365, 0.875, 0.03482955579619627
0.34801136363636365, 0.8977272727272727, 0.03482955579619627
0.34801136363636365, 0.9204545454545454, 0.03482955579619627
0.34801136363636365, 0.9431818181818182, 0.032346650124781114
0.34801136363636365, 0.9659090909090909, 0.032346650124781114
0.34801136363636365, 0.9886363636363636, 0.032346650124781114
0.3622159090909091, 0.011363636363636364, 0.022043227945460236
0.3622159090909091, 0.03409090909090909, 0.022043227945460236
0.3622159090909091, 0.056818181818181816, 0.022043227945460236
0.3622159090909091, 0.07954545454545454, 0.02521610690761246
0.3622159090909091, 0.10227272727272728, 0.02521610690761246
0.3622159090909091, 0.125, 0.02521610690761246
0.3622159090909091, 0.14772727272727273, 0.02521610690761246
0.3622159090909091, 0.17045454545454544, 0.028683482111763976
0.3622159090909091, 0.19318181818181818, 0.028683482111763976
0.3622159090909091, 0.2159090909090909, 0.028683482111763976
0.3622159090909091, 0.23863636363636365, 0.028683482111763976
0.3622159090909091, 0.26136363636363635, 0.028683482111763976
0.3622159090909091, 0.2840909090909091, 0.028683482111763976
0.3622159090909091, 0.3068181818181818, 0.029552978537453665
0.3622159090909091, 0.32954545454545453, 0.034399341884330234
0.3622159090909091, 0.3522727272727273, 0.034399341884330234
0.3622159090909091, 0.375, 0.034399341884330234
0.3622159090909091, 0.3977272727272727, 0.033874022310099186
0.3622159090909091, 0.42045454545454547, 0.033874022310099186
0.3622159090909091, 0.4431818181818182, 0.033874022310099186
0.3622159090909091, 0.4659090909090909, 0.03817593363752772
0.3622159090909091, 0.48863636363636365, 0.03817593363752772
0.3622159090909091, 0.5113636363636364, 0.03817593363752772
0.3622159090909091, 0.5340909090909091, 0.03616386624590701
0.3622159090909091, 0.5568181818181818, 0.03616386624590701
0.3622159090909091, 0.5795454545454546, 0.0392493684086363
0.3622159090909091, 0.6022727272727273, 0.0392493684086363
0.3622159090909091, 0.625, 0.0392493684086363
0.3622159090909091, 0.6477272727272727, 0.0392493684086363
0.3622159090909091, 0.6704545454545454, 0.03616215840089574
0.3622159090909091, 0.6931818181818182, 0.03616215840089574
0.3622159090909091, 0.7159090909090909, 0.037845361399641134
0.3622159090909091, 0.7386363636363636, 0.037845361399641134
0.3622159090909091, 0.7613636363636364, 0.037845361399641134
0.3622159090909091, 0.7840909090909091, 0.033966039171129586
0.3622159090909091, 0.8068181818181818, 0.033966039171129586
0.3622159090909091, 0.8295454545454546, 0.03482955579619627
0.3622159090909091, 0.8522727272727273, 0.03482955579619627
0.3622159090909091, 0.875, 0.03482955579619627
0.3622159090909091, 0.8977272727272727, 0.03482955579619627
0.3622159090909091, 0.9204545454545454, 0.03482955579619627
0.3622159090909091, 0.9431818181818182, 0.032346650124781114
0.3622159090909091, 0.9659090909090909, 0.032346650124781114
0.3622159090909091, 0.9886363636363636, 0.032346650124781114
0.37642045454545453, 0.011363636363636364, 0.022043227945460236
0.37642045454545453, 0.03409090909090909, 0.022043227945460236
0.37642045454545453, 0.056818181818181816, 0.022043227945460236
0.37642045454545453, 0.07954545454545454, 0.02107721478541523
0.37642045454545453, 0.10227272727272728, 0.02107721478541523
0.37642045454545453, 0.125, 0.02107721478541523
0.37642045454545453, 0.14772727272727273, 0.028683482111763976
0.37642045454545453, 0.17045454545454544, 0.028683482111763976
0.37642045454545453, 0.19318181818181818, 0.028683482111763976
0.37642045454545453, 0.2159090909090909, 0.028683482111763976
0.37642045454545453, 0.23863636363636365, 0.028683482111763976
0.37642045454545453, 0.26136363636363635, 0.028683482111763976
0.37642045454545453, 0.2840909090909091, 0.029552978537453665
0.37642045454545453, 0.3068181818181818, 0.029552978537453665
0.37642045454545453, 0.32954545454545453, 0.029552978537453665
0.37642045454545453, 0.3522727272727273, 0.029552978537453665
0.37642045454545453, 0.375, 0.033874022310099186
0.37642045454545453, 0.3977272727272727, 0.033874022310099186
0.37642045454545453, 0.42045454545454547, 0.033874022310099186
0.37642045454545453, 0.4431818181818182, 0.033874022310099186
0.37642045454545453, 0.4659090909090909, 0.033874022310099186
0.37642045454545453, 0.48863636363636365, 0.03616386624590701
0.37642045454545453, 0.5113636363636364, 0.03616386624590701
0.37642045454545453, 0.5340909090909091, 0.03616386624590701
0.37642045454545453, 0.5568181818181818, 0.03616386624590701
0.37642045454545453, 0.5795454545454546, 0.03616386624590701
0.37642045454545453, 0.6022727272727273, 0.0392493684086363
0.37642045454545453, 0.625, 0.03616215840089574
0.37642045454545453, 0.6477272727272727, 0.03616215840089574
0.37642045454545453, 0.6704545454545454, 0.03616215840089574
0.37642045454545453, 0.6931818181818182, 0.03616215840089574
0.37642045454545453, 0.7159090909090909, 0.03616215840089574
0.37642045454545453, 0.7386363636363636, 0.037845361399641134
0.37642045454545453, 0.7613636363636364, 0.033966039171129586
0.37642045454545453, 0.7840909090909091, 0.033966039171129586
0.37642045454545453, 0.8068181818181818, 0.033966039171129586
0.37642045454545453, 0.8295454545454546, 0.033966039171129586
0.37642045454545453, 0.8522727272727273, 0.03482955579619627
0.37642045454545453, 0.875, 0.0304158848352118
0.37642045454545453, 0.8977272727272727, 0.0304158848352118
0.37642045454545453, 0.9204545454545454, 0.0304158848352118
0.37642045454545453, 0.9431818181818182, 0.032346650124781114
0.37642045454545453, 0.9659090909090909, 0.032346650124781114
0.37642045454545453, 0.9886363636363636, 0.032346650124781114
0.390625, 0.011363636363636364, 0.022043227945460236
0.390625, 0.03409090909090909, 0.022043227945460236
0.390625, 0.056818181818181816, 0.022043227945460236
0.390625, 0.07954545454545454, 0.02107721478541523
0.390625, 0.10227272727272728, 0.02107721478541523
0.390625, 0.125, 0.02107721478541523
0.390625, 0.14772727272727273, 0.02107721478541523
0.390625, 0.17045454545454544, 0.028683482111763976
0.390625, 0.19318181818181818, 0.028683482111763976
0.390625, 0.2159090909090909, 0.028683482111763976
0.390625, 0.23863636363636365, 0.028683482111763976
0.390625, 0.26136363636363635, 0.028683482111763976
0.390625, 0.2840909090909091, 0.029552978537453665
0.390625, 0.3068181818181818, 0.029552978537453665
0.390625, 0.32954545454545453, 0.029552978537453665
0.390625, 0.3522727272727273, 0.029552978537453665
0.390625, 0.375, 0.033874022310099186
0.390625, 0.3977272727272727, 0.033874022310099186
0.390625, 0.42045454545454547, 0.033874022310099186
0.390625, 0.4431818181818182, 0.033874022310099186
0.390625, 0.4659090909090909, 0.033874022310099186
0.390625, 0.48863636363636365, 0.03616386624590701
0.390625, 0.5113636363636364, 0.03616386624590701
0.390625, 0.5340909090909091, 0.03616386624590701
0.390625, 0.5568181818181818, 0.03616386624590701
0.390625, 0.5795454545454546, 0.03616386624590701
0.390625, 0.6022727272727273, 0.03616215840089574
0.390625, 0.625, 0.03616215840089574
0.390625, 0.6477272727272727, 0.03616215840089574
0.390625, 0.6704545454545454, 0.03616215840089574
0.390625, 0.6931818181818182, 0.03616215840089574
0.390625, 0.7159090909090909, 0.03616215840089574
0.390625, 0.7386363636363636, 0.033966039171129586
0.390625, 0.7613636363636364, 0.033966039171129586
0.390625, 0.7840909090909091, 0.033966039171129586
0.390625, 0.8068181818181818, 0.033966039171129586
0.390625, 0.8295454545454546, 0.033966039171129586
0.390625, 0.8522727272727273, 0.0304158848352118
0.390625, 0.875, 0.0304158848352118
0.390625, 0.8977272727272727, 0.0304158848352118
0.390625, 0.9204545454545454, 0.0304158848352118
0.390625, 0.9431818181818182, 0.0304158848352118
0.390625, 0.9659090909090909, 0.032346650124781114
0.390625, 0.9886363636363636, 0.032346650124781114
0.40482954545454547, 0.011363636363636364, 0.022043227945460236
0.40482954545454547, 0.03409090909090909, 0.022043227945460236
0.40482954545454547, 0.056818181818181816, 0.022043227945460236
0.40482954545454547, 0.07954545454545454, 0.02107721478541523
0.40482954545454547, 0.10227272727272728, 0.02107721478541523
0.40482954545454547, 0.125, 0.02107721478541523
0.40482954545454547, 0.14772727272727273, 0.02107721478541523
0.40482954545454547, 0.17045454545454544, 0.028683482111763976
0.40482954545454547, 0.19318181818181818, 0.028683482111763976
0.40482954545454547, 0.2159090909090909, 0.028683482111763976
0.40482954545454547, 0.23863636363636365, 0.028683482111763976
0.40482954545454547, 0.26136363636363635, 0.029552978537453665
0.40482954545454547, 0.2840909090909091, 0.029552978537453665
0.40482954545454547, 0.3068181818181818, 0.029552978537453665
0.40482954545454547, 0.32954545454545453, 0.029552978537453665
0.40482954545454547, 0.3522727272727273, 0.029552978537453665
0.40482954545454547, 0.375, 0.033874022310099186
0.40482954545454547, 0.3977272727272727, 0.033874022310099186
0.40482954545454547, 0.42045454545454547, 0.033874022310099186
0.40482954545454547, 0.4431818181818182, 0.033874022310099186
0.40482954545454547, 0.4659090909090909, 0.033874022310099186
0.40482954545454547, 0.48863636363636365, 0.03616386624590701
0.40482954545454547, 0.5113636363636364, 0.03616386624590701
0.40482954545454547, 0.5340909090909091, 0.03616386624590701
0.40482954545454547, 0.5568181818181818, 0.03616386624590701
0.40482954545454547, 0.5795454545454546, 0.03616386624590701
0.40482954545454547, 0.6022727272727273, 0.03616215840089574
0.40482954545454547, 0.625, 0.03616215840089574
0.40482954545454547, 0.6477272727272727, 0.03616215840089574
0.40482954545454547, 0.6704545454545454, 0.03616215840089574
0.40482954545454547, 0.6931818181818182, 0.03616215840089574
0.40482954545454547, 0.7159090909090909, 0.03616215840089574
0.40482954545454547, 0.7386363636363636, 0.033966039171129586
0.40482954545454547, 0.7613636363636364, 0.033966039171129586
0.40482954545454547, 0.7840909090909091, 0.033966039171129586
0.40482954545454547, 0.8068181818181818, 0.033966039171129586
0.40482954545454547, 0.8295454545454546, 0.033966039171129586
0.40482954545454547, 0.8522727272727273, 0.0304158848352118
0.40482954545454547, 0.875, 0.0304158848352118
0.40482954545454547, 0.8977272727272727, 0.0304158848352118
0.40482954545454547, 0.9204545454545454, 0.0304158848352118
0.40482954545454547, 0.9431818181818182, 0.0304158848352118
0.40482954545454547, 0.9659090909090909, 0.032346650124781114
0.40482954545454547, 0.9886363636363636, 0.032346650124781114
0.4190340909090909, 0.011363636363636364, 0.022043227945460236
0.4190340909090909, 0.03409090909090909, 0.022043227945460236
0.4190340909090909, 0.056818181818181816, 0.02107721478541523
0.4190340909090909, 0.07954545454545454, 0.02107721478541523
0.4190340909090909, 0.10227272727272728, 0.02107721478541523
0.4190340909090909, 0.125, 0.02107721478541523
0.4190340909090909, 0.14772727272727273, 0.02107721478541523
0.4190340909090909, 0.17045454545454544, 0.02107721478541523
0.4190340909090909, 0.19318181818181818, 0.028683482111763976
0.4190340909090909, 0.2159090909090909, 0.028683482111763976
0.4190340909090909, 0.23863636363636365, 0.028683482111763976
0.4190340909090909, 0.26136363636363635, 0.029552978537453665
0.4190340909090909, 0.2840909090909091, 0.029552978537453665
0.4190340909090909, 0.3068181818181818, 0.029552978537453665
0.4190340909090909, 0.32954545454545453, 0.029552978537453665
0.4190340909090909, 0.3522727272727273, 0.029552978537453665
0.4190340909090909, 0.375, 0.033874022310099186
0.4190340909090909, 0.3977272727272727, 0.033874022310099186
0.4190340909090909, 0.42045454545454547, 0.033874022310099186
0.4190340909090909, 0.4431818181818182, 0.033874022310099186
0.4190340909090909, 0.4659090909090909, 0.033874022310099186
0.4190340909090909, 0.48863636363636365, 0.03616386624590701
0.4190340909090909, 0.5113636363636364, 0.03616386624590701
0.4190340909090909, 0.5340909090909091, 0.03616386624590701
0.4190340909090909, 0.5568181818181818, 0.03616386624590701
0.4190340909090909, 0.5795454545454546, 0.03616386624590701
0.4190340909090909, 0.6022727272727273, 0.03616215840089574
0.4190340909090909, 0.625, 0.03616215840089574
0.4190340909090909, 0.6477272727272727, 0.03616215840089574
0.4190340909090909, 0.6704545454545454, 0.03616215840089574
0.4190340909090909, 0.6931818181818182, 0.03616215840089574
0.4190340909090909, 0.7159090909090909, 0.03616215840089574
0.4190340909090909, 0.7386363636363636, 0.033966039171129586
0.4190340909090909, 0.7613636363636364, 0.033966039171129586
0.4190340909090909, 0.7840909090909091, 0.033966039171129586
0.4190340909090909, 0.8068181818181818, 0.033966039171129586
0.4190340909090909, 0.8295454545454546, 0.033966039171129586
0.4190340909090909, 0.8522727272727273, 0.0304158848352118
0.4190340909090909, 0.875, 0.0304158848352118
0.4190340909090909, 0.8977272727272727, 0.0304158848352118
0.4190340909090909, 0.9204545454545454, 0.0304158848352118
0.4190340909090909, 0.9431818181818182, 0.0304158848352118
0.4190340909090909, 0.9659090909090909, 0.032346650124781114
0.4190340909090909, 0.9886363636363636, 0.032346650124781114
0.43323863636363635, 0.011363636363636364, 0.022043227945460236
0.43323863636363635, 0.03409090909090909, 0.022043227945460236
0.43323863636363635, 0.056818181818181816, 0.02107721478541523
0.43323863636363635, 0.07954545454545454, 0.02107721478541523
0.43323863636363635, 0.10227272727272728, 0.02107721478541523
0.43323863636363635, 0.125, 0.02107721478541523
0.43323863636363635, 0.14772727272727273, 0.02107721478541523
0.43323863636363635, 0.17045454545454544, 0.02107721478541523
0.43323863636363635, 0.19318181818181818, 0.01918666534435229
0.43323863636363635, 0.2159090909090909, 0.01918666534435229
0.43323863636363635, 0.23863636363636365, 0.01918666534435229
0.43323863636363635, 0.26136363636363635, 0.029552978537453665
0.43323863636363635, 0.2840909090909091, 0.029552978537453665
0.43323863636363635, 0.3068181818181818, 0.029552978537453665
0.43323863636363635, 0.32954545454545453, 0.029552978537453665
0.43323863636363635, 0.3522727272727273, 0.029552978537453665
0.43323863636363635, 0.375, 0.033874022310099186
0.43323863636363635, 0.3977272727272727, 0.033874022310099186
0.43323863636363635, 0.42045454545454547, 0.033874022310099186
0.43323863636363635, 0.4431818181818182, 0.033874022310099186
0.43323863636363635, 0.4659090909090909, 0.033874022310099186
0.43323863636363635, 0.48863636363636365, 0.03616386624590701
0.43323863636363635, 0.5113636363636364, 0.03616386624590701
0.43323863636363635, 0.5340909090909091, 0.03616386624590701
0.43323863636363635, 0.5568181818181818, 0.03616386624590701
0.43323863636363635, 0.5795454545454546, 0.03616386624590701
0.43323863636363635, 0.6022727272727273, 0.03616215840089574
0.43323863636363635, 0.625, 0.03616215840089574
0.43323863636363635, 0.6477272727272727, 0.03616215840089574
0.43323863636363635, 0.6704545454545454, 0.03616215840089574
0.43323863636363635, 0.6931818181818182, 0.03616215840089574
0.43323863636363635, 0.7159090909090909, 0.03616215840089574
0.43323863636363635, 0.7386363636363636, 0.033966039171129586
0.43323863636363635, 0.7613636363636364, 0.033966039171129586
0.43323863636363635, 0.7840909090909091, 0.033966039171129586
0.43323863636363635, 0.8068181818181818, 0.033966039171129586
0.43323863636363635, 0.8295454545454546, 0.033966039171129586
0.43323863636363635, 0.8522727272727273, 0.0304158848352118
0.43323863636363635, 0.875, 0.0304158848352118
0.43323863636363635, 0.8977272727272727, 0.0304158848352118
0.43323863636363635, 0.9204545454545454, 0.0304158848352118
0.43323863636363635, 0.9431818181818182, 0.0304158848352118
0.43323863636363635, 0.9659090909090909, 0.0304158848352118
0.43323863636363635, 0.9886363636363636, 0.032346650124781114
0.4474431818181818, 0.011363636363636364, 0.014178663098717514
0.4474431818181818, 0.03409090909090909, 0.014178663098717514
0.4474431818181818, 0.056818181818181816, 0.02107721478541523
0.4474431818181818, 0.07954545454545454, 0.02107721478541523
0.4474431818181818, 0.10227272727272728, 0.02107721478541523
0.4474431818181818, 0.125, 0.02107721478541523
0.4474431818181818, 0.14772727272727273, 0.02107721478541523
0.4474431818181818, 0.17045454545454544, 0.02107721478541523
0.4474431818181818, 0.19318181818181818, 0.01918666534435229
0.4474431818181818, 0.2159090909090909, 0.01918666534435229
0.4474431818181818, 0.23863636363636365, 0.01918666534435229
0.4474431818181818, 0.26136363636363635, 0.029552978537453665
0.4474431818181818, 0.2840909090909091, 0.029552978537453665
0.4474431818181818, 0.3068181818181818, 0.029552978537453665
0.4474431818181818, 0.32954545454545453, 0.029552978537453665
0.4474431818181818, 0.3522727272727273, 0.029552978537453665
0.4474431818181818, 0.375, 0.033874022310099186
0.4474431818181818, 0.3977272727272727, 0.033874022310099186
0.4474431818181818, 0.42045454545454547, 0.033874022310099186
0.4474431818181818, 0.4431818181818182, 0.033874022310099186
0.4474431818181818, 0.4659090909090909, 0.033874022310099186
0.4474431818181818, 0.48863636363636365, 0.03616386624590701
0.4474431818181818, 0.5113636363636364, 0.03616386624590701
0.4474431818181818, 0.5340909090909091, 0.03616386624590701
0.4474431818181818, 0.5568181818181818, 0.03616386624590701
0.4474431818181818, 0.5795454545454546, 0.03616386624590701
0.4474431818181818, 0.6022727272727273, 0.03616215840089574
0.4474431818181818, 0.625, 0.03616215840089574
0.4474431818181818, 0.6477272727272727, 0.03616215840089574
0.4474431818181818, 0.6704545454545454, 0.03616215840089574
0.4474431818181818, 0.6931818181818182, 0.03616215840089574
0.4474431818181818, 0.7159090909090909, 0.03616215840089574
0.4474431818181818, 0.7386363636363636, 0.033966039171129586
0.4474431818181818, 0.7613636363636364, 0.033966039171129586
0.4474431818181818, 0.7840909090909091, 0.033966039171129586
0.4474431818181818, 0.8068181818181818, 0.033966039171129586
0.4474431818181818, 0.8295454545454546, 0.033966039171129586
0.4474431818181818, 0.8522727272727273, 0.0304158848352118
0.4474431818181818, 0.875, 0.0304158848352118
0.4474431818181818, 0.8977272727272727, 0.0304158848352118
0.4474431818181818, 0.9204545454545454, 0.0304158848352118
0.4474431818181818, 0.9431818181818182, 0.0304158848352118
0.4474431818181818, 0.9659090909090909, 0.02157433838672948
0.4474431818181818, 0.9886363636363636, 0.02157433838672948
0.4616477272727273, 0.011363636363636364, 0.014178663098717514
0.4616477272727273, 0.03409090909090909, 0.014178663098717514
0.4616477272727273, 0.056818181818181816, 0.02107721478541523
0.4616477272727273, 0.07954545454545454, 0.02107721478541523
0.4616477272727273, 0.10227272727272728, 0.02107721478541523
0.4616477272727273, 0.125, 0.02107721478541523
0.4616477272727273, 0.14772727272727273, 0.02107721478541523
0.4616477272727273, 0.17045454545454544, 0.02107721478541523
0.4616477272727273, 0.19318181818181818, 0.01918666534435229
0.4616477272727273, 0.2159090909090909, 0.01918666534435229
0.4616477272727273, 0.23863636363636365, 0.01918666534435229
0.4616477272727273, 0.26136363636363635, 0.01918666534435229
0.4616477272727273, 0.2840909090909091, 0.029552978537453665
0.4616477272727273, 0.3068181818181818, 0.029552978537453665
0.4616477272727273, 0.32954545454545453, 0.029552978537453665
0.4616477272727273, 0.3522727272727273, 0.029552978537453665
0.4616477272727273, 0.375, 0.033874022310099186
0.4616477272727273, 0.3977272727272727, 0.033874022310099186
0.4616477272727273, 0.42045454545454547, 0.033874022310099186
0.4616477272727273, 0.4431818181818182, 0.033874022310099186
0.4616477272727273, 0.4659090909090909, 0.022589732707614607
0.4616477272727273, 0.48863636363636365, 0.022589732707614607
0.4616477272727273, 0.5113636363636364, 0.03616386624590701
0.4616477272727273, 0.5340909090909091, 0.03616386624590701
0.4616477272727273, 0.5568181818181818, 0.03616386624590701
0.4616477272727273, 0.5795454545454546, 0.023623169424667835
0.4616477272727273, 0.6022727272727273, 0.023623169424667835
0.4616477272727273, 0.625, 0.03616215840089574
0.4616477272727273, 0.6477272727272727, 0.03616215840089574
0.4616477272727273, 0.6704545454545454, 0.03616215840089574
0.4616477272727273, 0.6931818181818182, 0.03616215840089574
0.4616477272727273, 0.7159090909090909, 0.02281487483813077
0.4616477272727273, 0.7386363636363636, 0.033966039171129586
0.4616477272727273, 0.7613636363636364, 0.033966039171129586
0.4616477272727273, 0.7840909090909091, 0.033966039171129586
0.4616477272727273, 0.8068181818181818, 0.033966039171129586
0.4616477272727273, 0.8295454545454546, 0.033966039171129586
0.4616477272727273, 0.8522727272727273, 0.0304158848352118
0.4616477272727273, 0.875, 0.0304158848352118
0.4616477272727273, 0.8977272727272727, 0.0304158848352118
0.4616477272727273, 0.9204545454545454, 0.0304158848352118
0.4616477272727273, 0.9431818181818182, 0.0304158848352118
0.4616477272727273, 0.9659090909090909, 0.02157433838672948
0.4616477272727273, 0.9886363636363636, 0.02157433838672948
0.4758522727272727, 0.011363636363636364, 0.014178663098717514
0.4758522727272727, 0.03409090909090909, 0.014178663098717514
0.4758522727272727, 0.056818181818181816, 0.014178663098717514
0.4758522727272727, 0.07954545454545454, 0.02107721478541523
0.4758522727272727, 0.10227272727272728, 0.02107721478541523
0.4758522727272727, 0.125, 0.02107721478541523
0.4758522727272727, 0.14772727272727273, 0.02107721478541523
0.4758522727272727, 0.17045454545454544, 0.01918666534435229
0.4758522727272727, 0.19318181818181818, 0.01918666534435229
0.4758522727272727, 0.2159090909090909, 0.01918666534435229
0.4758522727272727, 0.23863636363636365, 0.01918666534435229
0.4758522727272727, 0.26136363636363635, 0.01918666534435229
0.4758522727272727, 0.2840909090909091, 0.029552978537453665
0.4758522727272727, 0.3068181818181818, 0.01999840453207112
0.4758522727272727, 0.32954545454545453, 0.01999840453207112
0.4758522727272727, 0.3522727272727273, 0.01999840453207112
0.4758522727272727, 0.375, 0.01999840453207112
0.4758522727272727, 0.3977272727272727, 0.033874022310099186
0.4758522727272727, 0.42045454545454547, 0.022589732707614607
0.4758522727272727, 0.4431818181818182, 0.022589732707614607
0.4758522727272727, 0.4659090909090909, 0.022589732707614607
0.4758522727272727, 0.48863636363636365, 0.022589732707614607
0.4758522727272727, 0.5113636363636364, 0.03616386624590701
0.4758522727272727, 0.5340909090909091, 0.03616386624590701
0.4758522727272727, 0.5568181818181818, 0.023623169424667835
0.4758522727272727, 0.5795454545454546, 0.023623169424667835
0.4758522727272727, 0.6022727272727273, 0.023623169424667835
0.4758522727272727, 0.625, 0.023623169424667835
0.4758522727272727, 0.6477272727272727, 0.03616215840089574
0.4758522727272727, 0.6704545454545454, 0.03616215840089574
0.4758522727272727, 0.6931818181818182, 0.02281487483813077
0.4758522727272727, 0.7159090909090909, 0.02281487483813077
0.4758522727272727, 0.7386363636363636, 0.02281487483813077
0.4758522727272727, 0.7613636363636364, 0.033966039171129586
0.4758522727272727, 0.7840909090909091, 0.033966039171129586
0.4758522727272727, 0.8068181818181818, 0.02011637415531223
0.4758522727272727, 0.8295454545454546, 0.02011637415531223
0.4758522727272727, 0.8522727272727273, 0.02011637415531223
0.4758522727272727, 0.875, 0.0304158848352118
0.4758522727272727, 0.8977272727272727, 0.0304158848352118
0.4758522727272727, 0.9204545454545454, 0.0304158848352118
0.4758522727272727, 0.9431818181818182, 0.02157433838672948
0.4758522727272727, 0.9659090909090909, 0.02157433838672948
0.4758522727272727, 0.9886363636363636, 0.02157433838672948
0.4900568181818182, 0.011363636363636364, 0.014178663098717514
0.4900568181818182, 0.03409090909090909, 0.014178663098717514
0.4900568181818182, 0.056818181818181816, 0.014178663098717514
0.4900568181818182, 0.07954545454545454, 0.02107721478541523
0.4900568181818182, 0.10227272727272728, 0.02107721478541523
0.4900568181818182, 0.125, 0.02107721478541523
0.4900568181818182, 0.14772727272727273, 0.02107721478541523
0.4900568181818182, 0.17045454545454544, 0.01918666534435229
0.4900568181818182, 0.19318181818181818, 0.01918666534435229
0.4900568181818182, 0.2159090909090909, 0.01918666534435229
0.4900568181818182, 0.23863636363636365, 0.01918666534435229
0.4900568181818182, 0.26136363636363635, 0.01918666534435229
0.4900568181818182, 0.2840909090909091, 0.01999840453207112
0.4900568181818182, 0.3068181818181818, 0.01999840453207112
0.4900568181818182, 0.32954545454545453, 0.01999840453207112
0.4900568181818182, 0.3522727272727273, 0.01999840453207112
0.4900568181818182, 0.375, 0.01999840453207112
0.4900568181818182, 0.3977272727272727, 0.01999840453207112
0.4900568181818182, 0.42045454545454547, 0.022589732707614607
0.4900568181818182, 0.4431818181818182, 0.022589732707614607
0.4900568181818182, 0.4659090909090909, 0.022589732707614607
0.4900568181818182, 0.48863636363636365, 0.022589732707614607
0.4900568181818182, 0.5113636363636364, 0.022589732707614607
0.4900568181818182, 0.5340909090909091, 0.023623169424667835
0.4900568181818182, 0.5568181818181818, 0.023623169424667835
0.4900568181818182, 0.5795454545454546, 0.023623169424667835
0.4900568181818182, 0.6022727272727273, 0.023623169424667835
0.4900568181818182, 0.625, 0.023623169424667835
0.4900568181818182, 0.6477272727272727, 0.02281487483813077
0.4900568181818182, 0.6704545454545454, 0.02281487483813077
0.4900568181818182, 0.6931818181818182, 0.02281487483813077
0.4900568181818182, 0.7159090909090909, 0.02281487483813077
0.4900568181818182, 0.7386363636363636, 0.02281487483813077
0.4900568181818182, 0.7613636363636364, 0.02281487483813077
0.4900568181818182, 0.7840909090909091, 0.02011637415531223
0.4900568181818182, 0.8068181818181818, 0.02011637415531223
0.4900568181818182, 0.8295454545454546, 0.02011637415531223
0.4900568181818182, 0.8522727272727273, 0.02011637415531223
0.4900568181818182, 0.875, 0.02011637415531223
0.4900568181818182, 0.8977272727272727, 0.0304158848352118
0.4900568181818182, 0.9204545454545454, 0.0304158848352118
0.4900568181818182, 0.9431818181818182, 0.02157433838672948
0.4900568181818182, 0.9659090909090909, 0.02157433838672948
0.4900568181818182, 0.9886363636363636, 0.02157433838672948
0.5042613636363636, 0.011363636363636364, 0.014178663098717514
0.5042613636363636, 0.03409090909090909, 0.014178663098717514
0.5042613636363636, 0.056818181818181816, 0.014178663098717514
0.5042613636363636, 0.07954545454545454, 0.02107721478541523
0.5042613636363636, 0.10227272727272728, 0.02107721478541523
0.5042613636363636, 0.125, 0.02107721478541523
0.5042613636363636, 0.14772727272727273, 0.02107721478541523
0.5042613636363636, 0.17045454545454544, 0.01918666534435229
0.5042613636363636, 0.19318181818181818, 0.01918666534435229
0.5042613636363636, 0.2159090909090909, 0.01918666534435229
0.5042613636363636, 0.23863636363636365, 0.01918666534435229
0.5042613636363636, 0.26136363636363635, 0.01918666534435229
0.5042613636363636, 0.2840909090909091, 0.01999840453207112
0.5042613636363636, 0.3068181818181818, 0.01999840453207112
0.5042613636363636, 0.32954545454545453, 0.01999840453207112
0.5042613636363636, 0.3522727272727273, 0.01999840453207112
0.5042613636363636, 0.375, 0.01999840453207112
0.5042613636363636, 0.3977272727272727, 0.01999840453207112
0.5042613636363636, 0.42045454545454547, 0.022589732707614607
0.5042613636363636, 0.4431818181818182, 0.022589732707614607
0.5042613636363636, 0.4659090909090909, 0.022589732707614607
0.5042613636363636, 0.48863636363636365, 0.022589732707614607
0.5042613636363636, 0.5113636363636364, 0.022589732707614607
0.5042613636363636, 0.5340909090909091, 0.023623169424667835
0.5042613636363636, 0.5568181818181818, 0.023623169424667835
0.5042613636363636, 0.5795454545454546, 0.023623169424667835
0.5042613636363636, 0.6022727272727273, 0.023623169424667835
0.5042613636363636, 0.625, 0.023623169424667835
0.5042613636363636, 0.6477272727272727, 0.02281487483813077
0.5042613636363636, 0.6704545454545454, 0.02281487483813077
0.5042613636363636, 0.6931818181818182, 0.02281487483813077
0.5042613636363636, 0.7159090909090909, 0.02281487483813077
0.5042613636363636, 0.7386363636363636, 0.02281487483813077
0.5042613636363636, 0.7613636363636364, 0.02281487483813077
0.5042613636363636, 0.7840909090909091, 0.02011637415531223
0.5042613636363636, 0.8068181818181818, 0.02011637415531223
0.5042613636363636, 0.8295454545454546, 0.02011637415531223
0.5042613636363636, 0.8522727272727273, 0.02011637415531223
0.5042613636363636, 0.875, 0.02011637415531223
0.5042613636363636, 0.8977272727272727, 0.02011637415531223
0.5042613636363636, 0.9204545454545454, 0.0304158848352118
0.5042613636363636, 0.9431818181818182, 0.02157433838672948
0.5042613636363636, 0.9659090909090909, 0.02157433838672948
0.5042613636363636, 0.9886363636363636, 0.02157433838672948
0.5184659090909091, 0.011363636363636364, 0.014178663098717514
0.5184659090909091, 0.03409090909090909, 0.014178663098717514
0.5184659090909091, 0.056818181818181816, 0.014178663098717514
0.5184659090909091, 0.07954545454545454, 0.014178663098717514
0.5184659090909091, 0.10227272727272728, 0.02107721478541523
0.5184659090909091, 0.125, 0.02107721478541523
0.5184659090909091, 0.14772727272727273, 0.01918666534435229
0.5184659090909091, 0.17045454545454544, 0.01918666534435229
0.5184659090909091, 0.19318181818181818, 0.01918666534435229
0.5184659090909091, 0.2159090909090909, 0.01918666534435229
0.5184659090909091, 0.23863636363636365, 0.01918666534435229
0.5184659090909091, 0.26136363636363635, 0.01918666534435229
0.5184659090909091, 0.2840909090909091, 0.01999840453207112
0.5184659090909091, 0.3068181818181818, 0.01999840453207112
0.5184659090909091, 0.32954545454545453, 0.01999840453207112
0.5184659090909091, 0.3522727272727273, 0.01999840453207112
0.5184659090909091, 0.375, 0.01999840453207112
0.5184659090909091, 0.3977272727272727, 0.01999840453207112
0.5184659090909091, 0.42045454545454547, 0.022589732707614607
0.5184659090909091, 0.4431818181818182, 0.022589732707614607
0.5184659090909091, 0.4659090909090909, 0.022589732707614607
0.5184659090909091, 0.48863636363636365, 0.022589732707614607
0.5184659090909091, 0.5113636363636364, 0.022589732707614607
0.5184659090909091, 0.5340909090909091, 0.023623169424667835
0.5184659090909091, 0.5568181818181818, 0.023623169424667835
0.5184659090909091, 0.5795454545454546, 0.023623169424667835
0.5184659090909091, 0.6022727272727273, 0.023623169424667835
0.5184659090909091, 0.625, 0.023623169424667835
0.5184659090909091, 0.6477272727272727, 0.02281487483813077
0.5184659090909091, 0.6704545454545454, 0.02281487483813077
0.5184659090909091, 0.6931818181818182, 0.02281487483813077
0.5184659090909091, 0.7159090909090909, 0.02281487483813077
0.5184659090909091, 0.7386363636363636, 0.02281487483813077
0.5184659090909091, 0.7613636363636364, 0.02281487483813077
0.5184659090909091, 0.7840909090909091, 0.02011637415531223
0.5184659090909091, 0.8068181818181818, 0.02011637415531223
0.5184659090909091, 0.8295454545454546, 0.02011637415531223
0.5184659090909091, 0.8522727272727273, 0.02011637415531223
0.5184659090909091, 0.875, 0.02011637415531223
0.5184659090909091, 0.8977272727272727, 0.02011637415531223
0.5184659090909091, 0.9204545454545454, 0.02157433838672948
0.5184659090909091, 0.9431818181818182, 0.02157433838672948
0.5184659090909091, 0.9659090909090909, 0.02157433838672948
0.5184659090909091, 0.9886363636363636, 0.02157433838672948
0.5326704545454546, 0.011363636363636364, 0.014178663098717514
0.5326704545454546, 0.03409090909090909, 0.014178663098717514
0.5326704545454546, 0.056818181818181816, 0.014178663098717514
0.5326704545454546, 0.07954545454545454, 0.014178663098717514
0.5326704545454546, 0.10227272727272728, 0.02107721478541523
0.5326704545454546, 0.125, 0.02107721478541523
0.5326704545454546, 0.14772727272727273, 0.01918666534435229
0.5326704545454546, 0.17045454545454544, 0.01918666534435229
0.5326704545454546, 0.19318181818181818, 0.01918666534435229
0.5326704545454546, 0.2159090909090909, 0.01918666534435229
0.5326704545454546, 0.23863636363636365, 0.01918666534435229
0.5326704545454546, 0.26136363636363635, 0.01918666534435229
0.5326704545454546, 0.2840909090909091, 0.01999840453207112
0.5326704545454546, 0.3068181818181818, 0.01999840453207112
0.5326704545454546, 0.32954545454545453, 0.01999840453207112
0.5326704545454546, 0.3522727272727273, 0.01999840453207112
0.5326704545454546, 0.375, 0.01999840453207112
0.5326704545454546, 0.3977272727272727, 0.01999840453207112
0.5326704545454546, 0.42045454545454547, 0.022589732707614607
0.5326704545454546, 0.4431818181818182, 0.022589732707614607
0.5326704545454546, 0.4659090909090909, 0.022589732707614607
0.5326704545454546, 0.48863636363636365, 0.022589732707614607
0.5326704545454546, 0.5113636363636364, 0.022589732707614607
0.5326704545454546, 0.5340909090909091, 0.023623169424667835
0.5326704545454546, 0.5568181818181818, 0.023623169424667835
0.5326704545454546, 0.5795454545454546, 0.023623169424667835
0.5326704545454546, 0.6022727272727273, 0.023623169424667835
0.5326704545454546, 0.625, 0.023623169424667835
0.5326704545454546, 0.6477272727272727, 0.02281487483813077
0.5326704545454546, 0.6704545454545454, 0.02281487483813077
0.5326704545454546, 0.6931818181818182, 0.02281487483813077
0.5326704545454546, 0.7159090909090909, 0.02281487483813077
0.5326704545454546, 0.7386363636363636, 0.02281487483813077
0.5326704545454546, 0.7613636363636364, 0.02281487483813077
0.5326704545454546, 0.7840909090909091, 0.02011637415531223
0.5326704545454546, 0.8068181818181818, 0.02011637415531223
0.5326704545454546, 0.8295454545454546, 0.02011637415531223
0.5326704545454546, 0.8522727272727273, 0.02011637415531223
0.5326704545454546, 0.875, 0.02011637415531223
0.5326704545454546, 0.8977272727272727, 0.02011637415531223
0.5326704545454546, 0.9204545454545454, 0.02011637415531223
0.5326704545454546, 0.9431818181818182, 0.02157433838672948
0.5326704545454546, 0.9659090909090909, 0.02157433838672948
0.5326704545454546, 0.9886363636363636, 0.02157433838672948
0.546875, 0.011363636363636364, 0.014178663098717514
0.546875, 0.03409090909090909, 0.014178663098717514
0.546875, 0.056818181818181816, 0.014178663098717514
0.546875, 0.07954545454545454, 4.9520487791348804e-05
0.546875, 0.10227272727272728, 4.9520487791348804e-05
0.546875, 0.125, 4.9520487791348804e-05
0.546875, 0.14772727272727273, 4.9520487791348804e-05
0.546875, 0.17045454545454544, 0.01918666534435229
0.546875, 0.19318181818181818, 0.01918666534435229
0.546875, 0.2159090909090909, 0.01918666534435229
0.546875, 0.23863636363636365, 0.01918666534435229
0.546875, 0.26136363636363635, 0.01918666534435229
0.546875, 0.2840909090909091, 0.01999840453207112
0.546875, 0.3068181818181818, 0.01999840453207112
0.546875, 0.32954545454545453, 0.01999840453207112
0.546875, 0.3522727272727273, 0.01999840453207112
0.546875, 0.375, 0.01999840453207112
0.546875, 0.3977272727272727, 0.01999840453207112
0.546875, 0.42045454545454547, 0.022589732707614607
0.546875, 0.4431818181818182, 0.022589732707614607
0.546875, 0.4659090909090909, 0.022589732707614607
0.546875, 0.48863636363636365, 0.022589732707614607
0.546875, 0.5113636363636364, 0.022589732707614607
0.546875, 0.5340909090909091, 0.023623169424667835
0.546875, 0.5568181818181818, 0.023623169424667835
0.546875, 0.5795454545454546, 0.023623169424667835
0.546875, 0.6022727272727273, 0.023623169424667835
0.546875, 0.625, 0.023623169424667835
0.546875, 0.6477272727272727, 0.02281487483813077
0.546875, 0.6704545454545454, 0.02281487483813077
0.546875, 0.6931818181818182, 0.02281487483813077
0.546875, 0.7159090909090909, 0.02281487483813077
0.546875, 0.7386363636363636, 0.02281487483813077
0.546875, 0.7613636363636364, 0.02281487483813077
0.546875, 0.7840909090909091, 0.02011637415531223
0.546875, 0.8068181818181818, 0.02011637415531223
0.546875, 0.8295454545454546, 0.02011637415531223
0.546875, 0.8522727272727273, 0.02011637415531223
0.546875, 0.875, 0.02011637415531223
0.546875, 0.8977272727272727, 0.02011637415531223
0.546875, 0.9204545454545454, 0.02011637415531223
0.546875, 0.9431818181818182, 0.02157433838672948
0.546875, 0.9659090909090909, 0.02157433838672948
0.546875, 0.9886363636363636, 0.02157433838672948
0.5610795454545454, 0.011363636363636364, 0.014178663098717514
0.5610795454545454, 0.03409090909090909, 0.014178663098717514
0.5610795454545454, 0.056818181818181816, 0.014178663098717514
0.5610795454545454, 0.07954545454545454, 4.9520487791348804e-05
0.5610795454545454, 0.10227272727272728, 4.9520487791348804e-05
0.5610795454545454, 0.125, 4.9520487791348804e-05
0.5610795454545454, 0.14772727272727273, 4.9520487791348804e-05
0.5610795454545454, 0.17045454545454544, 4.9520487791348804e-05
0.5610795454545454, 0.19318181818181818, 0.01918666534435229
0.5610795454545454, 0.2159090909090909, 0.01918666534435229
0.5610795454545454, 0.23863636363636365, 0.01918666534435229
0.5610795454545454, 0.26136363636363635, 8.999212909256796e-05
0.5610795454545454, 0.2840909090909091, 0.01999840453207112
0.5610795454545454, 0.3068181818181818, 0.01999840453207112
0.5610795454545454, 0.32954545454545453, 0.01999840453207112
0.5610795454545454, 0.3522727272727273, 0.01999840453207112
0.5610795454545454, 0.375, 0.01999840453207112
0.5610795454545454, 0.3977272727272727, 0.00011978908800855602
0.5610795454545454, 0.42045454545454547, 0.022589732707614607
0.5610795454545454, 0.4431818181818182, 0.022589732707614607
0.5610795454545454, 0.4659090909090909, 0.022589732707614607
0.5610795454545454, 0.48863636363636365, 0.022589732707614607
0.5610795454545454, 0.5113636363636364, 0.00013669224523441199
0.5610795454545454, 0.5340909090909091, 0.023623169424667835
0.5610795454545454, 0.5568181818181818, 0.023623169424667835
0.5610795454545454, 0.5795454545454546, 0.023623169424667835
0.5610795454545454, 0.6022727272727273, 0.023623169424667835
0.5610795454545454, 0.625, 0.023623169424667835
0.5610795454545454, 0.6477272727272727, 0.0001377472190459736
0.5610795454545454, 0.6704545454545454, 0.02281487483813077
0.5610795454545454, 0.6931818181818182, 0.02281487483813077
0.5610795454545454, 0.7159090909090909, 0.02281487483813077
0.5610795454545454, 0.7386363636363636, 0.02281487483813077
0.5610795454545454, 0.7613636363636364, 0.00011906204348205227
0.5610795454545454, 0.7840909090909091, 0.02011637415531223
0.5610795454545454, 0.8068181818181818, 0.02011637415531223
0.5610795454545454, 0.8295454545454546, 0.02011637415531223
0.5610795454545454, 0.8522727272727273, 0.02011637415531223
0.5610795454545454, 0.875, 0.02011637415531223
0.5610795454545454, 0.8977272727272727, 7.54784422067121e-05
0.5610795454545454, 0.9204545454545454, 7.54784422067121e-05
0.5610795454545454, 0.9431818181818182, 0.02157433838672948
0.5610795454545454, 0.9659090909090909, 0.02157433838672948
0.5610795454545454, 0.9886363636363636, 0.02157433838672948
0.5752840909090909, 0.011363636363636364, 0.0
0.5752840909090909, 0.03409090909090909, 0.0
0.5752840909090909, 0.056818181818181816, 0.0
0.5752840909090909, 0.07954545454545454, 4.9520487791348804e-05
0.5752840909090909, 0.10227272727272728, 4.9520487791348804e-05
0.5752840909090909, 0.125, 4.9520487791348804e-05
0.5752840909090909, 0.14772727272727273, 4.9520487791348804e-05
0.5752840909090909, 0.17045454545454544, 4.9520487791348804e-05
0.5752840909090909, 0.19318181818181818, 8.999212909256796e-05
0.5752840909090909, 0.2159090909090909, 8.999212909256796e-05
0.5752840909090909, 0.23863636363636365, 8.999212909256796e-05
0.5752840909090909, 0.26136363636363635, 8.999212909256796e-05
0.5752840909090909, 0.2840909090909091, 8.999212909256796e-05
0.5752840909090909, 0.3068181818181818, 0.01999840453207112
0.5752840909090909, 0.32954545454545453, 0.01999840453207112
0.5752840909090909, 0.3522727272727273, 0.00011978908800855602
0.5752840909090909, 0.375, 0.00011978908800855602
0.5752840909090909, 0.3977272727272727, 0.00011978908800855602
0.5752840909090909, 0.42045454545454547, 0.022589732707614607
0.5752840909090909, 0.4431818181818182, 0.022589732707614607
0.5752840909090909, 0.4659090909090909, 0.022589732707614607
0.5752840909090909, 0.48863636363636365, 0.00013669224523441199
0.5752840909090909, 0.5113636363636364, 0.00013669224523441199
0.5752840909090909, 0.5340909090909091, 0.00013669224523441199
0.5752840909090909, 0.5568181818181818, 0.023623169424667835
0.5752840909090909, 0.5795454545454546, 0.023623169424667835
0.5752840909090909, 0.6022727272727273, 0.0001377472190459736
0.5752840909090909, 0.625, 0.0001377472190459736
0.5752840909090909, 0.6477272727272727, 0.0001377472190459736
0.5752840909090909, 0.6704545454545454, 0.02281487483813077
0.5752840909090909, 0.6931818181818182, 0.02281487483813077
0.5752840909090909, 0.7159090909090909, 0.02281487483813077
0.5752840909090909, 0.7386363636363636, 0.00011906204348205227
0.5752840909090909, 0.7613636363636364, 0.00011906204348205227
0.5752840909090909, 0.7840909090909091, 0.00011906204348205227
0.5752840909090909, 0.8068181818181818, 0.02011637415531223
0.5752840909090909, 0.8295454545454546, 0.02011637415531223
0.5752840909090909, 0.8522727272727273, 0.02011637415531223
0.5752840909090909, 0.875, 7.54784422067121e-05
0.5752840909090909, 0.8977272727272727, 7.54784422067121e-05
0.5752840909090909, 0.9204545454545454, 7.54784422067121e-05
0.5752840909090909, 0.9431818181818182, 0.0
0.5752840909090909, 0.9659090909090909, 0.0
0.5752840909090909, 0.9886363636363636, 0.0
0.5894886363636364, 0.011363636363636364, 0.0
0.5894886363636364, 0.03409090909090909, 0.0
0.5894886363636364, 0.056818181818181816, 0.0
0.5894886363636364, 0.07954545454545454, 4.9520487791348804e-05
0.5894886363636364, 0.10227272727272728, 4.9520487791348804e-05
0.5894886363636364, 0.125, 4.9520487791348804e-05
0.5894886363636364, 0.14772727272727273, 4.9520487791348804e-05
0.5894886363636364, 0.17045454545454544, 4.9520487791348804e-05
0.5894886363636364, 0.19318181818181818, 8.999212909256796e-05
0.5894886363636364, 0.2159090909090909, 8.999212909256796e-05
0.5894886363636364, 0.23863636363636365, 8.999212909256796e-05
0.5894886363636364, 0.26136363636363635, 8.999212909256796e-05
0.5894886363636364, 0.2840909090909091, 8.999212909256796e-05
0.5894886363636364, 0.3068181818181818, 8.999212909256796e-05
0.5894886363636364, 0.32954545454545453, 0.00011978908800855602
0.5894886363636364, 0.3522727272727273, 0.00011978908800855602
0.5894886363636364, 0.375, 0.00011978908800855602
0.5894886363636364, 0.3977272727272727, 0.00011978908800855602
0.5894886363636364, 0.42045454545454547, 0.00011978908800855602
0.5894886363636364, 0.4431818181818182, 0.00013669224523441199
0.5894886363636364, 0.4659090909090909, 0.00013669224523441199
0.5894886363636364, 0.48863636363636365, 0.00013669224523441199
0.5894886363636364, 0.5113636363636364, 0.00013669224523441199
0.5894886363636364, 0.5340909090909091, 0.00013669224523441199
0.5894886363636364, 0.5568181818181818, 0.00013669224523441199
0.5894886363636364, 0.5795454545454546, 0.0001377472190459736
0.5894886363636364, 0.6022727272727273, 0.0001377472190459736
0.5894886363636364, 0.625, 0.0001377472190459736
0.5894886363636364, 0.6477272727272727, 0.0001377472190459736
0.5894886363636364, 0.6704545454545454, 0.0001377472190459736
0.5894886363636364, 0.6931818181818182, 0.00011906204348205227
0.5894886363636364, 0.7159090909090909, 0.00011906204348205227
0.5894886363636364, 0.7386363636363636, 0.00011906204348205227
0.5894886363636364, 0.7613636363636364, 0.00011906204348205227
0.5894886363636364, 0.7840909090909091, 0.00011906204348205227
0.5894886363636364, 0.8068181818181818, 0.00011906204348205227
0.5894886363636364, 0.8295454545454546, 7.54784422067121e-05
0.5894886363636364, 0.8522727272727273, 7.54784422067121e-05
0.5894886363636364, 0.875, 7.54784422067121e-05
0.5894886363636364, 0.8977272727272727, 7.54784422067121e-05
0.5894886363636364, 0.9204545454545454, 7.54784422067121e-05
0.5894886363636364, 0.9431818181818182, 0.0
0.5894886363636364, 0.9659090909090909, 0.0
0.5894886363636364, 0.9886363636363636, 0.0
0.6036931818181818, 0.011363636363636364, 0.0
0.6036931818181818, 0.03409090909090909, 0.0
0.6036931818181818, 0.056818181818181816, 0.0
0.6036931818181818, 0.07954545454545454, 4.9520487791348804e-05
0.6036931818181818, 0.10227272727272728, 4.9520487791348804e-05
0.6036931818181818, 0.125, 4.9520487791348804e-05
0.6036931818181818, 0.14772727272727273, 4.9520487791348804e-05
0.6036931818181818, 0.17045454545454544, 4.9520487791348804e-05
0.6036931818181818, 0.19318181818181818, 8.999212909256796e-05
0.6036931818181818, 0.2159090909090909, 8.999212909256796e-05
0.6036931818181818, 0.23863636363636365, 8.999212909256796e-05
0.6036931818181818, 0.26136363636363635, 8.999212909256796e-05
0.6036931818181818, 0.2840909090909091, 8.999212909256796e-05
0.6036931818181818, 0.3068181818181818, 8.999212909256796e-05
0.6036931818181818, 0.32954545454545453, 0.00011978908800855602
0.6036931818181818, 0.3522727272727273, 0.00011978908800855602
0.6036931818181818, 0.375, 0.00011978908800855602
0.6036931818181818, 0.3977272727272727, 0.00011978908800855602
0.6036931818181818, 0.42045454545454547, 0.00011978908800855602
0.6036931818181818, 0.4431818181818182, 0.00013669224523441199
0.6036931818181818, 0.4659090909090909, 0.00013669224523441199
0.6036931818181818, 0.48863636363636365, 0.00013669224523441199
0.6036931818181818, 0.5113636363636364, 0.00013669224523441199
0.6036931818181818, 0.5340909090909091, 0.00013669224523441199
0.6036931818181818, 0.5568181818181818, 0.00013669224523441199
0.6036931818181818, 0.5795454545454546, 0.0001377472190459736
0.6036931818181818, 0.6022727272727273, 0.0001377472190459736
0.6036931818181818, 0.625, 0.0001377472190459736
0.6036931818181818, 0.6477272727272727, 0.0001377472190459736
0.6036931818181818, 0.6704545454545454, 0.0001377472190459736
0.6036931818181818, 0.6931818181818182, 0.00011906204348205227
0.6036931818181818, 0.7159090909090909, 0.00011906204348205227
0.6036931818181818, 0.7386363636363636, 0.00011906204348205227
0.6036931818181818, 0.7613636363636364, 0.00011906204348205227
0.6036931818181818, 0.7840909090909091, 0.00011906204348205227
0.6036931818181818, 0.8068181818181818, 0.00011906204348205227
0.6036931818181818, 0.8295454545454546, 7.54784422067121e-05
0.6036931818181818, 0.8522727272727273, 7.54784422067121e-05
0.6036931818181818, 0.875, 7.54784422067121e-05
0.6036931818181818, 0.8977272727272727, 7.54784422067121e-05
0.6036931818181818, 0.9204545454545454, 7.54784422067121e-05
0.6036931818181818, 0.9431818181818182, 0.0
0.6036931818181818, 0.9659090909090909, 0.0
0.6036931818181818, 0.9886363636363636, 0.0
0.6178977272727273, 0.011363636363636364, 0.0
0.6178977272727273, 0.03409090909090909, 0.0
0.6178977272727273, 0.056818181818181816, 0.0
0.6178977272727273, 0.07954545454545454, 4.9520487791348804e-05
0.6178977272727273, 0.10227272727272728, 4.9520487791348804e-05
0.6178977272727273, 0.125, 4.9520487791348804e-05
0.6178977272727273, 0.14772727272727273, 4.9520487791348804e-05
0.6178977272727273, 0.17045454545454544, 4.9520487791348804e-05
0.6178977272727273, 0.19318181818181818, 8.999212909256796e-05
0.6178977272727273, 0.2159090909090909, 8.999212909256796e-05
0.6178977272727273, 0.23863636363636365, 8.999212909256796e-05
0.6178977272727273, 0.26136363636363635, 8.999212909256796e-05
0.6178977272727273, 0.2840909090909091, 8.999212909256796e-05
0.6178977272727273, 0.3068181818181818, 8.999212909256796e-05
0.6178977272727273, 0.32954545454545453, 0.00011978908800855602
0.6178977272727273, 0.3522727272727273, 0.00011978908800855602
0.6178977272727273, 0.375, 0.00011978908800855602
0.6178977272727273, 0.3977272727272727, 0.00011978908800855602
0.6178977272727273, 0.42045454545454547, 0.00011978908800855602
0.6178977272727273, 0.4431818181818182, 0.00013669224523441199
0.6178977272727273, 0.4659090909090909, 0.00013669224523441199
0.6178977272727273, 0.48863636363636365, 0.00013669224523441199
0.6178977272727273, 0.5113636363636364, 0.00013669224523441199
0.6178977272727273, 0.5340909090909091, 0.00013669224523441199
0.6178977272727273, 0.5568181818181818, 0.00013669224523441199
0.6178977272727273, 0.5795454545454546, 0.0001377472190459736
0.6178977272727273, 0.6022727272727273, 0.0001377472190459736
0.6178977272727273, 0.625, 0.0001377472190459736
0.6178977272727273, 0.6477272727272727, 0.0001377472190459736
0.6178977272727273, 0.6704545454545454, 0.0001377472190459736
0.6178977272727273, 0.6931818181818182, 0.00011906204348205227
0.6178977272727273, 0.7159090909090909, 0.00011906204348205227
0.6178977272727273, 0.7386363636363636, 0.00011906204348205227
0.6178977272727273, 0.7613636363636364, 0.00011906204348205227
0.6178977272727273, 0.7840909090909091, 0.00011906204348205227
0.6178977272727273, 0.8068181818181818, 0.00011906204348205227
0.6178977272727273, 0.8295454545454546, 7.54784422067121e-05
0.6178977272727273, 0.8522727272727273, 7.54784422067121e-05
0.6178977272727273, 0.875, 7.54784422067121e-05
0.6178977272727273, 0.8977272727272727, 7.54784422067121e-05
0.6178977272727273, 0.9204545454545454, 7.54784422067121e-05
0.6178977272727273, 0.9431818181818182, 0.0
0.6178977272727273, 0.9659090909090909, 0.0
0.6178977272727273, 0.9886363636363636, 0.0
