>>> C9 MCP seeds 21 22 23  start 2026-08-29 11:12:01
2026-08-29 11:12:15,880 [oasis.registry] INFO: Loaded discovered config: 5 backends
2026-08-29 11:12:15,882 [oasis.registry] INFO: Registered backend: 4C Multiphysics (fourc)
2026-08-29 11:12:15,883 [oasis.registry] INFO: Registered backend: FEniCSx (dolfinx) (fenics)
2026-08-29 11:12:15,884 [oasis.registry] INFO: Registered backend: deal.II (dealii)
2026-08-29 11:12:15,887 [oasis.registry] INFO: Registered backend: FEBio (febio)
2026-08-29 11:12:15,890 [oasis.registry] INFO: Registered backend: NGSolve (ngsolve)
2026-08-29 11:12:15,890 [oasis.ngsolve] INFO: NGSolve backend registered
2026-08-29 11:12:15,892 [oasis.registry] INFO: Registered backend: scikit-fem (skfem)
2026-08-29 11:12:15,892 [oasis.skfem] INFO: scikit-fem backend registered
2026-08-29 11:12:15,896 [oasis.registry] INFO: Registered backend: Kratos Multiphysics (kratos)
2026-08-29 11:12:15,896 [oasis.kratos] INFO: Kratos Multiphysics backend registered
2026-08-29 11:12:15,898 [oasis.registry] INFO: Registered backend: DUNE-fem (dune)
2026-08-29 11:12:15,898 [oasis.dune] INFO: DUNE-fem backend registered
2026-08-29 11:12:15,903 [oasis.registry] INFO: Registered backend: SPARTA (DSMC) (sparta)
2026-08-29 11:12:15,903 [oasis.sparta] INFO: SPARTA (DSMC) backend registered
2026-08-29 11:12:15,903 [oasis] INFO: Starting OASiS MCP server
2026-08-29 11:12:15,906 [oasis.registry] INFO: Loaded discovered config: 5 backends
2026-08-29 11:12:15,908 [oasis.registry] INFO: Registered backend: 4C Multiphysics (fourc)
2026-08-29 11:12:15,908 [oasis.registry] INFO: Registered backend: FEniCSx (dolfinx) (fenics)
2026-08-29 11:12:15,909 [oasis.registry] INFO: Registered backend: deal.II (dealii)
2026-08-29 11:12:15,911 [mcp.server.lowlevel.server] INFO: Processing request of type ListToolsRequest
2026-08-29 11:12:15,912 [oasis.registry] INFO: Registered backend: FEBio (febio)
2026-08-29 11:12:15,914 [oasis.registry] INFO: Registered backend: NGSolve (ngsolve)
2026-08-29 11:12:15,914 [oasis.ngsolve] INFO: NGSolve backend registered
2026-08-29 11:12:15,917 [oasis.registry] INFO: Registered backend: scikit-fem (skfem)
2026-08-29 11:12:15,917 [oasis.skfem] INFO: scikit-fem backend registered
2026-08-29 11:12:15,921 [oasis.registry] INFO: Registered backend: Kratos Multiphysics (kratos)
2026-08-29 11:12:15,921 [oasis.kratos] INFO: Kratos Multiphysics backend registered
2026-08-29 11:12:15,923 [oasis.registry] INFO: Registered backend: DUNE-fem (dune)
2026-08-29 11:12:15,923 [oasis.dune] INFO: DUNE-fem backend registered
2026-08-29 11:12:15,929 [oasis.registry] INFO: Registered backend: SPARTA (DSMC) (sparta)
2026-08-29 11:12:15,929 [oasis.sparta] INFO: SPARTA (DSMC) backend registered
2026-08-29 11:12:15,929 [oasis] INFO: Starting OASiS MCP server
2026-08-29 11:12:15,936 [mcp.server.lowlevel.server] INFO: Processing request of type ListToolsRequest
2026-08-29 11:12:16,078 [oasis.registry] INFO: Loaded discovered config: 5 backends
2026-08-29 11:12:16,080 [oasis.registry] INFO: Registered backend: 4C Multiphysics (fourc)
2026-08-29 11:12:16,080 [oasis.registry] INFO: Registered backend: FEniCSx (dolfinx) (fenics)
2026-08-29 11:12:16,081 [oasis.registry] INFO: Registered backend: deal.II (dealii)
2026-08-29 11:12:16,084 [oasis.registry] INFO: Registered backend: FEBio (febio)
2026-08-29 11:12:16,086 [oasis.registry] INFO: Registered backend: NGSolve (ngsolve)
2026-08-29 11:12:16,086 [oasis.ngsolve] INFO: NGSolve backend registered
2026-08-29 11:12:16,089 [oasis.registry] INFO: Registered backend: scikit-fem (skfem)
2026-08-29 11:12:16,089 [oasis.skfem] INFO: scikit-fem backend registered
2026-08-29 11:12:16,093 [oasis.registry] INFO: Registered backend: Kratos Multiphysics (kratos)
2026-08-29 11:12:16,093 [oasis.kratos] INFO: Kratos Multiphysics backend registered
2026-08-29 11:12:16,095 [oasis.registry] INFO: Registered backend: DUNE-fem (dune)
2026-08-29 11:12:16,095 [oasis.dune] INFO: DUNE-fem backend registered
2026-08-29 11:12:16,100 [oasis.registry] INFO: Registered backend: SPARTA (DSMC) (sparta)
2026-08-29 11:12:16,100 [oasis.sparta] INFO: SPARTA (DSMC) backend registered
2026-08-29 11:12:16,100 [oasis] INFO: Starting OASiS MCP server
2026-08-29 11:12:16,110 [mcp.server.lowlevel.server] INFO: Processing request of type ListToolsRequest
2026-08-29 11:12:23,478 [oasis.registry] INFO: Loaded discovered config: 5 backends
2026-08-29 11:12:23,480 [oasis.registry] INFO: Registered backend: 4C Multiphysics (fourc)
2026-08-29 11:12:23,480 [oasis.registry] INFO: Registered backend: FEniCSx (dolfinx) (fenics)
2026-08-29 11:12:23,480 [oasis.registry] INFO: Loaded discovered config: 5 backends
2026-08-29 11:12:23,481 [oasis.registry] INFO: Registered backend: deal.II (dealii)
2026-08-29 11:12:23,482 [oasis.registry] INFO: Registered backend: 4C Multiphysics (fourc)
2026-08-29 11:12:23,482 [oasis.registry] INFO: Registered backend: FEniCSx (dolfinx) (fenics)
2026-08-29 11:12:23,483 [oasis.registry] INFO: Registered backend: deal.II (dealii)
2026-08-29 11:12:23,484 [oasis.registry] INFO: Registered backend: FEBio (febio)
2026-08-29 11:12:23,485 [oasis.registry] INFO: Loaded discovered config: 5 backends
2026-08-29 11:12:23,486 [oasis.registry] INFO: Registered backend: NGSolve (ngsolve)
2026-08-29 11:12:23,486 [oasis.ngsolve] INFO: NGSolve backend registered
2026-08-29 11:12:23,486 [oasis.registry] INFO: Registered backend: FEBio (febio)
2026-08-29 11:12:23,487 [oasis.registry] INFO: Registered backend: 4C Multiphysics (fourc)
2026-08-29 11:12:23,488 [oasis.registry] INFO: Registered backend: FEniCSx (dolfinx) (fenics)
2026-08-29 11:12:23,488 [oasis.registry] INFO: Registered backend: deal.II (dealii)
2026-08-29 11:12:23,488 [oasis.registry] INFO: Registered backend: NGSolve (ngsolve)
2026-08-29 11:12:23,488 [oasis.ngsolve] INFO: NGSolve backend registered
2026-08-29 11:12:23,489 [oasis.registry] INFO: Registered backend: scikit-fem (skfem)
2026-08-29 11:12:23,489 [oasis.skfem] INFO: scikit-fem backend registered
2026-08-29 11:12:23,491 [oasis.registry] INFO: Registered backend: scikit-fem (skfem)
2026-08-29 11:12:23,491 [oasis.skfem] INFO: scikit-fem backend registered
2026-08-29 11:12:23,491 [oasis.registry] INFO: Registered backend: FEBio (febio)
2026-08-29 11:12:23,492 [oasis.registry] INFO: Registered backend: Kratos Multiphysics (kratos)
2026-08-29 11:12:23,492 [oasis.kratos] INFO: Kratos Multiphysics backend registered
2026-08-29 11:12:23,494 [oasis.registry] INFO: Registered backend: NGSolve (ngsolve)
2026-08-29 11:12:23,494 [oasis.ngsolve] INFO: NGSolve backend registered
2026-08-29 11:12:23,495 [oasis.registry] INFO: Registered backend: DUNE-fem (dune)
2026-08-29 11:12:23,495 [oasis.dune] INFO: DUNE-fem backend registered
2026-08-29 11:12:23,495 [oasis.registry] INFO: Registered backend: Kratos Multiphysics (kratos)
2026-08-29 11:12:23,495 [oasis.kratos] INFO: Kratos Multiphysics backend registered
2026-08-29 11:12:23,496 [oasis.registry] INFO: Registered backend: scikit-fem (skfem)
2026-08-29 11:12:23,496 [oasis.skfem] INFO: scikit-fem backend registered
2026-08-29 11:12:23,497 [oasis.registry] INFO: Registered backend: DUNE-fem (dune)
2026-08-29 11:12:23,497 [oasis.dune] INFO: DUNE-fem backend registered
2026-08-29 11:12:23,500 [oasis.registry] INFO: Registered backend: SPARTA (DSMC) (sparta)
2026-08-29 11:12:23,500 [oasis.sparta] INFO: SPARTA (DSMC) backend registered
2026-08-29 11:12:23,500 [oasis] INFO: Starting OASiS MCP server
2026-08-29 11:12:23,500 [oasis.registry] INFO: Registered backend: Kratos Multiphysics (kratos)
2026-08-29 11:12:23,500 [oasis.kratos] INFO: Kratos Multiphysics backend registered
2026-08-29 11:12:23,502 [oasis.registry] INFO: Registered backend: SPARTA (DSMC) (sparta)
2026-08-29 11:12:23,502 [oasis.sparta] INFO: SPARTA (DSMC) backend registered
2026-08-29 11:12:23,502 [oasis] INFO: Starting OASiS MCP server
2026-08-29 11:12:23,502 [oasis.registry] INFO: Registered backend: DUNE-fem (dune)
2026-08-29 11:12:23,502 [oasis.dune] INFO: DUNE-fem backend registered
2026-08-29 11:12:23,507 [oasis.registry] INFO: Registered backend: SPARTA (DSMC) (sparta)
2026-08-29 11:12:23,507 [oasis.sparta] INFO: SPARTA (DSMC) backend registered
2026-08-29 11:12:23,507 [oasis] INFO: Starting OASiS MCP server
2026-08-29 11:12:23,507 [mcp.server.lowlevel.server] INFO: Processing request of type CallToolRequest
2026-08-29 11:12:23,509 [mcp.server.lowlevel.server] INFO: Processing request of type CallToolRequest
2026-08-29 11:12:23,512 [mcp.server.lowlevel.server] INFO: Processing request of type ListToolsRequest
2026-08-29 11:12:23,513 [mcp.server.lowlevel.server] INFO: Processing request of type ListToolsRequest
2026-08-29 11:12:23,518 [oasis] INFO: Session journal saved: /home/alexander/Schreibtisch/ofa-v2/data/sessions/session_3706db34-ee12-41b2-af03-d5dfae6290bc.json (1 events)
2026-08-29 11:12:23,519 [mcp.server.lowlevel.server] INFO: Processing request of type CallToolRequest
2026-08-29 11:12:23,521 [oasis] INFO: Session journal saved: /home/alexander/Schreibtisch/ofa-v2/data/sessions/session_f9e4391d-9830-47c8-addc-47680551680c.json (1 events)
2026-08-29 11:12:23,537 [mcp.server.lowlevel.server] INFO: Processing request of type ListToolsRequest
2026-08-29 11:12:23,545 [oasis] INFO: Session journal saved: /home/alexander/Schreibtisch/ofa-v2/data/sessions/session_f6b0bca7-5797-4ff6-bd2e-02e199b4ed62.json (1 events)
2026-08-29 11:12:29,396 [oasis.registry] INFO: Loaded discovered config: 5 backends
2026-08-29 11:12:29,398 [oasis.registry] INFO: Registered backend: 4C Multiphysics (fourc)
2026-08-29 11:12:29,398 [oasis.registry] INFO: Registered backend: FEniCSx (dolfinx) (fenics)
2026-08-29 11:12:29,399 [oasis.registry] INFO: Registered backend: deal.II (dealii)
2026-08-29 11:12:29,402 [oasis.registry] INFO: Registered backend: FEBio (febio)
2026-08-29 11:12:29,402 [oasis.registry] INFO: Loaded discovered config: 5 backends
2026-08-29 11:12:29,404 [oasis.registry] INFO: Registered backend: 4C Multiphysics (fourc)
2026-08-29 11:12:29,404 [oasis.registry] INFO: Registered backend: FEniCSx (dolfinx) (fenics)
2026-08-29 11:12:29,404 [oasis.registry] INFO: Registered backend: NGSolve (ngsolve)
2026-08-29 11:12:29,404 [oasis.ngsolve] INFO: NGSolve backend registered
2026-08-29 11:12:29,405 [oasis.registry] INFO: Registered backend: deal.II (dealii)
2026-08-29 11:12:29,405 [oasis.registry] INFO: Loaded discovered config: 5 backends
2026-08-29 11:12:29,405 [oasis.registry] INFO: Loaded discovered config: 5 backends
2026-08-29 11:12:29,407 [oasis.registry] INFO: Registered backend: 4C Multiphysics (fourc)
2026-08-29 11:12:29,407 [oasis.registry] INFO: Registered backend: 4C Multiphysics (fourc)
2026-08-29 11:12:29,407 [oasis.registry] INFO: Registered backend: scikit-fem (skfem)
2026-08-29 11:12:29,407 [oasis.skfem] INFO: scikit-fem backend registered
2026-08-29 11:12:29,407 [oasis.registry] INFO: Registered backend: FEniCSx (dolfinx) (fenics)
2026-08-29 11:12:29,408 [oasis.registry] INFO: Registered backend: FEBio (febio)
2026-08-29 11:12:29,408 [oasis.registry] INFO: Registered backend: FEniCSx (dolfinx) (fenics)
2026-08-29 11:12:29,408 [oasis.registry] INFO: Registered backend: deal.II (dealii)
2026-08-29 11:12:29,409 [oasis.registry] INFO: Registered backend: deal.II (dealii)
2026-08-29 11:12:29,410 [oasis.registry] INFO: Registered backend: NGSolve (ngsolve)
2026-08-29 11:12:29,410 [oasis.ngsolve] INFO: NGSolve backend registered
2026-08-29 11:12:29,411 [oasis.registry] INFO: Registered backend: Kratos Multiphysics (kratos)
2026-08-29 11:12:29,411 [oasis.kratos] INFO: Kratos Multiphysics backend registered
2026-08-29 11:12:29,411 [oasis.registry] INFO: Registered backend: FEBio (febio)
2026-08-29 11:12:29,412 [oasis.registry] INFO: Registered backend: FEBio (febio)
2026-08-29 11:12:29,413 [oasis.registry] INFO: Registered backend: scikit-fem (skfem)
2026-08-29 11:12:29,413 [oasis.skfem] INFO: scikit-fem backend registered
2026-08-29 11:12:29,413 [oasis.registry] INFO: Registered backend: DUNE-fem (dune)
2026-08-29 11:12:29,413 [oasis.dune] INFO: DUNE-fem backend registered
2026-08-29 11:12:29,414 [oasis.registry] INFO: Registered backend: NGSolve (ngsolve)
2026-08-29 11:12:29,414 [oasis.ngsolve] INFO: NGSolve backend registered
2026-08-29 11:12:29,415 [oasis.registry] INFO: Registered backend: NGSolve (ngsolve)
2026-08-29 11:12:29,415 [oasis.ngsolve] INFO: NGSolve backend registered
2026-08-29 11:12:29,416 [oasis.registry] INFO: Registered backend: scikit-fem (skfem)
2026-08-29 11:12:29,416 [oasis.registry] INFO: Registered backend: Kratos Multiphysics (kratos)
2026-08-29 11:12:29,416 [oasis.skfem] INFO: scikit-fem backend registered
2026-08-29 11:12:29,416 [oasis.kratos] INFO: Kratos Multiphysics backend registered
2026-08-29 11:12:29,417 [oasis.registry] INFO: Registered backend: scikit-fem (skfem)
2026-08-29 11:12:29,417 [oasis.skfem] INFO: scikit-fem backend registered
2026-08-29 11:12:29,419 [oasis.registry] INFO: Registered backend: SPARTA (DSMC) (sparta)
2026-08-29 11:12:29,419 [oasis.sparta] INFO: SPARTA (DSMC) backend registered
2026-08-29 11:12:29,419 [oasis] INFO: Starting OASiS MCP server
2026-08-29 11:12:29,419 [oasis.registry] INFO: Registered backend: DUNE-fem (dune)
2026-08-29 11:12:29,419 [oasis.dune] INFO: DUNE-fem backend registered
2026-08-29 11:12:29,420 [oasis.registry] INFO: Registered backend: Kratos Multiphysics (kratos)
2026-08-29 11:12:29,420 [oasis.kratos] INFO: Kratos Multiphysics backend registered
2026-08-29 11:12:29,421 [oasis.registry] INFO: Registered backend: Kratos Multiphysics (kratos)
2026-08-29 11:12:29,421 [oasis.kratos] INFO: Kratos Multiphysics backend registered
2026-08-29 11:12:29,423 [oasis.registry] INFO: Registered backend: DUNE-fem (dune)
2026-08-29 11:12:29,423 [oasis.dune] INFO: DUNE-fem backend registered
2026-08-29 11:12:29,424 [oasis.registry] INFO: Registered backend: DUNE-fem (dune)
2026-08-29 11:12:29,424 [oasis.dune] INFO: DUNE-fem backend registered
2026-08-29 11:12:29,424 [oasis.registry] INFO: Registered backend: SPARTA (DSMC) (sparta)
2026-08-29 11:12:29,424 [oasis.sparta] INFO: SPARTA (DSMC) backend registered
2026-08-29 11:12:29,424 [oasis] INFO: Starting OASiS MCP server
2026-08-29 11:12:29,426 [mcp.server.lowlevel.server] INFO: Processing request of type CallToolRequest
2026-08-29 11:12:29,428 [oasis.registry] INFO: Registered backend: SPARTA (DSMC) (sparta)
2026-08-29 11:12:29,428 [oasis.sparta] INFO: SPARTA (DSMC) backend registered
2026-08-29 11:12:29,428 [oasis] INFO: Starting OASiS MCP server
2026-08-29 11:12:29,429 [oasis.registry] INFO: Registered backend: SPARTA (DSMC) (sparta)
2026-08-29 11:12:29,429 [oasis.sparta] INFO: SPARTA (DSMC) backend registered
2026-08-29 11:12:29,429 [oasis] INFO: Starting OASiS MCP server
2026-08-29 11:12:29,431 [mcp.server.lowlevel.server] INFO: Processing request of type CallToolRequest
2026-08-29 11:12:29,435 [mcp.server.lowlevel.server] INFO: Processing request of type CallToolRequest
2026-08-29 11:12:29,436 [mcp.server.lowlevel.server] INFO: Processing request of type CallToolRequest
2026-08-29 11:12:29,446 [mcp.server.lowlevel.server] INFO: Processing request of type ListToolsRequest
2026-08-29 11:12:29,454 [mcp.server.lowlevel.server] INFO: Processing request of type ListToolsRequest
2026-08-29 11:12:29,454 [oasis] INFO: Session journal saved: /home/alexander/Schreibtisch/ofa-v2/data/sessions/session_2b99204b-4f95-450f-a45f-78757b30295e.json (1 events)
2026-08-29 11:12:29,465 [oasis] INFO: Session journal saved: /home/alexander/Schreibtisch/ofa-v2/data/sessions/session_9bb44958-0cfa-4ce4-afbb-2c06514f4c77.json (1 events)
/home/alexander/Schreibtisch/ofa-v2/langgraph_eval/agent.py:270: RuntimeWarning: This package (`duckduckgo_search`) has been renamed to `ddgs`! Use `pip install ddgs` instead.
  with DDGS() as ddgs:
/home/alexander/Schreibtisch/ofa-v2/langgraph_eval/agent.py:270: RuntimeWarning: This package (`duckduckgo_search`) has been renamed to `ddgs`! Use `pip install ddgs` instead.
  with DDGS() as ddgs:
2026-08-29 11:12:32,831 [mcp.server.lowlevel.server] INFO: Processing request of type ListToolsRequest
2026-08-29 11:12:32,839 [oasis] INFO: Session journal saved: /home/alexander/Schreibtisch/ofa-v2/data/sessions/session_cb1cac8f-5c37-40b4-9b67-b60337bd07d6.json (1 events)
2026-08-29 11:12:32,929 [mcp.server.lowlevel.server] INFO: Processing request of type ListToolsRequest
2026-08-29 11:12:32,935 [oasis] INFO: Session journal saved: /home/alexander/Schreibtisch/ofa-v2/data/sessions/session_db785bd1-7195-4797-ba1e-6219c9d9fdea.json (1 events)
2026-08-29 11:12:33,148 [oasis.registry] INFO: Loaded discovered config: 5 backends
2026-08-29 11:12:33,150 [oasis.registry] INFO: Registered backend: 4C Multiphysics (fourc)
2026-08-29 11:12:33,151 [oasis.registry] INFO: Registered backend: FEniCSx (dolfinx) (fenics)
2026-08-29 11:12:33,151 [oasis.registry] INFO: Registered backend: deal.II (dealii)
2026-08-29 11:12:33,155 [oasis.registry] INFO: Registered backend: FEBio (febio)
2026-08-29 11:12:33,155 [oasis.registry] INFO: Loaded discovered config: 5 backends
2026-08-29 11:12:33,157 [oasis.registry] INFO: Registered backend: 4C Multiphysics (fourc)
2026-08-29 11:12:33,157 [oasis.registry] INFO: Registered backend: NGSolve (ngsolve)
2026-08-29 11:12:33,157 [oasis.ngsolve] INFO: NGSolve backend registered
2026-08-29 11:12:33,157 [oasis.registry] INFO: Registered backend: FEniCSx (dolfinx) (fenics)
2026-08-29 11:12:33,158 [oasis.registry] INFO: Registered backend: deal.II (dealii)
2026-08-29 11:12:33,160 [oasis.registry] INFO: Registered backend: scikit-fem (skfem)
2026-08-29 11:12:33,160 [oasis.skfem] INFO: scikit-fem backend registered
2026-08-29 11:12:33,161 [oasis.registry] INFO: Registered backend: FEBio (febio)
2026-08-29 11:12:33,163 [oasis.registry] INFO: Registered backend: NGSolve (ngsolve)
2026-08-29 11:12:33,163 [oasis.ngsolve] INFO: NGSolve backend registered
2026-08-29 11:12:33,164 [oasis.registry] INFO: Registered backend: Kratos Multiphysics (kratos)
2026-08-29 11:12:33,164 [oasis.kratos] INFO: Kratos Multiphysics backend registered
2026-08-29 11:12:33,166 [oasis.registry] INFO: Registered backend: DUNE-fem (dune)
2026-08-29 11:12:33,166 [oasis.dune] INFO: DUNE-fem backend registered
2026-08-29 11:12:33,166 [oasis.registry] INFO: Registered backend: scikit-fem (skfem)
2026-08-29 11:12:33,166 [oasis.skfem] INFO: scikit-fem backend registered
2026-08-29 11:12:33,170 [oasis.registry] INFO: Registered backend: Kratos Multiphysics (kratos)
2026-08-29 11:12:33,170 [oasis.kratos] INFO: Kratos Multiphysics backend registered
2026-08-29 11:12:33,171 [oasis.registry] INFO: Registered backend: SPARTA (DSMC) (sparta)
2026-08-29 11:12:33,171 [oasis.sparta] INFO: SPARTA (DSMC) backend registered
2026-08-29 11:12:33,171 [oasis] INFO: Starting OASiS MCP server
2026-08-29 11:12:33,173 [oasis.registry] INFO: Registered backend: DUNE-fem (dune)
2026-08-29 11:12:33,173 [oasis.dune] INFO: DUNE-fem backend registered
2026-08-29 11:12:33,178 [oasis.registry] INFO: Registered backend: SPARTA (DSMC) (sparta)
2026-08-29 11:12:33,178 [oasis.sparta] INFO: SPARTA (DSMC) backend registered
2026-08-29 11:12:33,178 [oasis] INFO: Starting OASiS MCP server
2026-08-29 11:12:33,180 [mcp.server.lowlevel.server] INFO: Processing request of type CallToolRequest
2026-08-29 11:12:33,186 [mcp.server.lowlevel.server] INFO: Processing request of type CallToolRequest
2026-08-29 11:12:33,201 [mcp.server.lowlevel.server] INFO: Processing request of type ListToolsRequest
2026-08-29 11:12:33,211 [oasis] INFO: Session journal saved: /home/alexander/Schreibtisch/ofa-v2/data/sessions/session_743111e3-6c21-46c2-9a3a-efd11795b994.json (1 events)
/home/alexander/Schreibtisch/ofa-v2/langgraph_eval/agent.py:270: RuntimeWarning: This package (`duckduckgo_search`) has been renamed to `ddgs`! Use `pip install ddgs` instead.
  with DDGS() as ddgs:
/home/alexander/Schreibtisch/ofa-v2/langgraph_eval/agent.py:270: RuntimeWarning: This package (`duckduckgo_search`) has been renamed to `ddgs`! Use `pip install ddgs` instead.
  with DDGS() as ddgs:
2026-08-29 11:12:40,881 [oasis.registry] INFO: Loaded discovered config: 5 backends
2026-08-29 11:12:40,883 [oasis.registry] INFO: Registered backend: 4C Multiphysics (fourc)
2026-08-29 11:12:40,884 [oasis.registry] INFO: Registered backend: FEniCSx (dolfinx) (fenics)
2026-08-29 11:12:40,884 [oasis.registry] INFO: Registered backend: deal.II (dealii)
2026-08-29 11:12:40,888 [oasis.registry] INFO: Registered backend: FEBio (febio)
2026-08-29 11:12:40,891 [oasis.registry] INFO: Registered backend: NGSolve (ngsolve)
2026-08-29 11:12:40,891 [oasis.ngsolve] INFO: NGSolve backend registered
2026-08-29 11:12:40,894 [oasis.registry] INFO: Registered backend: scikit-fem (skfem)
2026-08-29 11:12:40,894 [oasis.skfem] INFO: scikit-fem backend registered
2026-08-29 11:12:40,899 [oasis.registry] INFO: Registered backend: Kratos Multiphysics (kratos)
2026-08-29 11:12:40,899 [oasis.kratos] INFO: Kratos Multiphysics backend registered
2026-08-29 11:12:40,902 [oasis.registry] INFO: Registered backend: DUNE-fem (dune)
2026-08-29 11:12:40,902 [oasis.dune] INFO: DUNE-fem backend registered
2026-08-29 11:12:40,908 [oasis.registry] INFO: Registered backend: SPARTA (DSMC) (sparta)
2026-08-29 11:12:40,908 [oasis.sparta] INFO: SPARTA (DSMC) backend registered
2026-08-29 11:12:40,908 [oasis] INFO: Starting OASiS MCP server
2026-08-29 11:12:40,917 [mcp.server.lowlevel.server] INFO: Processing request of type CallToolRequest
2026-08-29 11:12:40,940 [mcp.server.lowlevel.server] INFO: Processing request of type ListToolsRequest
2026-08-29 11:12:40,947 [oasis] INFO: Session journal saved: /home/alexander/Schreibtisch/ofa-v2/data/sessions/session_c94cde10-c0f3-4193-bb9d-fc2adc5990a4.json (1 events)
/home/alexander/Schreibtisch/ofa-v2/langgraph_eval/agent.py:270: RuntimeWarning: This package (`duckduckgo_search`) has been renamed to `ddgs`! Use `pip install ddgs` instead.
  with DDGS() as ddgs:
/home/alexander/Schreibtisch/ofa-v2/langgraph_eval/agent.py:270: RuntimeWarning: This package (`duckduckgo_search`) has been renamed to `ddgs`! Use `pip install ddgs` instead.
  with DDGS() as ddgs:
/home/alexander/Schreibtisch/ofa-v2/langgraph_eval/agent.py:270: RuntimeWarning: This package (`duckduckgo_search`) has been renamed to `ddgs`! Use `pip install ddgs` instead.
  with DDGS() as ddgs:
/home/alexander/Schreibtisch/ofa-v2/langgraph_eval/agent.py:270: RuntimeWarning: This package (`duckduckgo_search`) has been renamed to `ddgs`! Use `pip install ddgs` instead.
  with DDGS() as ddgs:
/home/alexander/Schreibtisch/ofa-v2/langgraph_eval/agent.py:270: RuntimeWarning: This package (`duckduckgo_search`) has been renamed to `ddgs`! Use `pip install ddgs` instead.
  with DDGS() as ddgs:
2026-08-29 11:12:50,074 [oasis.registry] INFO: Loaded discovered config: 5 backends
2026-08-29 11:12:50,076 [oasis.registry] INFO: Registered backend: 4C Multiphysics (fourc)
2026-08-29 11:12:50,077 [oasis.registry] INFO: Registered backend: FEniCSx (dolfinx) (fenics)
2026-08-29 11:12:50,077 [oasis.registry] INFO: Registered backend: deal.II (dealii)
2026-08-29 11:12:50,080 [oasis.registry] INFO: Registered backend: FEBio (febio)
2026-08-29 11:12:50,083 [oasis.registry] INFO: Registered backend: NGSolve (ngsolve)
2026-08-29 11:12:50,083 [oasis.ngsolve] INFO: NGSolve backend registered
2026-08-29 11:12:50,085 [oasis.registry] INFO: Registered backend: scikit-fem (skfem)
2026-08-29 11:12:50,085 [oasis.skfem] INFO: scikit-fem backend registered
2026-08-29 11:12:50,089 [oasis.registry] INFO: Registered backend: Kratos Multiphysics (kratos)
2026-08-29 11:12:50,089 [oasis.kratos] INFO: Kratos Multiphysics backend registered
2026-08-29 11:12:50,091 [oasis.registry] INFO: Registered backend: DUNE-fem (dune)
2026-08-29 11:12:50,091 [oasis.dune] INFO: DUNE-fem backend registered
2026-08-29 11:12:50,096 [oasis.registry] INFO: Registered backend: SPARTA (DSMC) (sparta)
2026-08-29 11:12:50,096 [oasis.sparta] INFO: SPARTA (DSMC) backend registered
2026-08-29 11:12:50,096 [oasis] INFO: Starting OASiS MCP server
2026-08-29 11:12:50,105 [mcp.server.lowlevel.server] INFO: Processing request of type CallToolRequest
2026-08-29 11:12:50,125 [mcp.server.lowlevel.server] INFO: Processing request of type ListToolsRequest
2026-08-29 11:12:50,134 [oasis] INFO: Session journal saved: /home/alexander/Schreibtisch/ofa-v2/data/sessions/session_99183d78-1a60-4d8c-82d8-4bf17c5269b0.json (1 events)
/home/alexander/Schreibtisch/ofa-v2/langgraph_eval/agent.py:270: RuntimeWarning: This package (`duckduckgo_search`) has been renamed to `ddgs`! Use `pip install ddgs` instead.
  with DDGS() as ddgs:
/home/alexander/Schreibtisch/ofa-v2/langgraph_eval/agent.py:270: RuntimeWarning: This package (`duckduckgo_search`) has been renamed to `ddgs`! Use `pip install ddgs` instead.
  with DDGS() as ddgs:
/home/alexander/Schreibtisch/ofa-v2/langgraph_eval/agent.py:270: RuntimeWarning: This package (`duckduckgo_search`) has been renamed to `ddgs`! Use `pip install ddgs` instead.
  with DDGS() as ddgs:
/home/alexander/Schreibtisch/ofa-v2/langgraph_eval/agent.py:270: RuntimeWarning: This package (`duckduckgo_search`) has been renamed to `ddgs`! Use `pip install ddgs` instead.
  with DDGS() as ddgs:
/home/alexander/Schreibtisch/ofa-v2/langgraph_eval/agent.py:270: RuntimeWarning: This package (`duckduckgo_search`) has been renamed to `ddgs`! Use `pip install ddgs` instead.
  with DDGS() as ddgs:
/home/alexander/Schreibtisch/ofa-v2/langgraph_eval/agent.py:270: RuntimeWarning: This package (`duckduckgo_search`) has been renamed to `ddgs`! Use `pip install ddgs` instead.
  with DDGS() as ddgs:
/home/alexander/Schreibtisch/ofa-v2/langgraph_eval/agent.py:270: RuntimeWarning: This package (`duckduckgo_search`) has been renamed to `ddgs`! Use `pip install ddgs` instead.
  with DDGS() as ddgs:
/home/alexander/Schreibtisch/ofa-v2/langgraph_eval/agent.py:270: RuntimeWarning: This package (`duckduckgo_search`) has been renamed to `ddgs`! Use `pip install ddgs` instead.
  with DDGS() as ddgs:
2026-08-29 11:13:00,989 [oasis.registry] INFO: Loaded discovered config: 5 backends
2026-08-29 11:13:00,991 [oasis.registry] INFO: Registered backend: 4C Multiphysics (fourc)
2026-08-29 11:13:00,991 [oasis.registry] INFO: Registered backend: FEniCSx (dolfinx) (fenics)
2026-08-29 11:13:00,992 [oasis.registry] INFO: Registered backend: deal.II (dealii)
2026-08-29 11:13:00,995 [oasis.registry] INFO: Registered backend: FEBio (febio)
2026-08-29 11:13:00,998 [oasis.registry] INFO: Registered backend: NGSolve (ngsolve)
2026-08-29 11:13:00,998 [oasis.ngsolve] INFO: NGSolve backend registered
2026-08-29 11:13:01,000 [oasis.registry] INFO: Registered backend: scikit-fem (skfem)
2026-08-29 11:13:01,000 [oasis.skfem] INFO: scikit-fem backend registered
2026-08-29 11:13:01,004 [oasis.registry] INFO: Registered backend: Kratos Multiphysics (kratos)
2026-08-29 11:13:01,004 [oasis.kratos] INFO: Kratos Multiphysics backend registered
2026-08-29 11:13:01,006 [oasis.registry] INFO: Registered backend: DUNE-fem (dune)
2026-08-29 11:13:01,006 [oasis.dune] INFO: DUNE-fem backend registered
2026-08-29 11:13:01,012 [oasis.registry] INFO: Registered backend: SPARTA (DSMC) (sparta)
2026-08-29 11:13:01,012 [oasis.sparta] INFO: SPARTA (DSMC) backend registered
2026-08-29 11:13:01,012 [oasis] INFO: Starting OASiS MCP server
2026-08-29 11:13:01,021 [mcp.server.lowlevel.server] INFO: Processing request of type CallToolRequest
2026-08-29 11:13:04,472 [mcp.server.lowlevel.server] INFO: Processing request of type ListToolsRequest
2026-08-29 11:13:04,480 [oasis] INFO: Session journal saved: /home/alexander/Schreibtisch/ofa-v2/data/sessions/session_92929937-c97d-454f-9ec4-be78d650c765.json (1 events)
2026-08-29 11:13:07,461 [oasis.registry] INFO: Loaded discovered config: 5 backends
2026-08-29 11:13:07,463 [oasis.registry] INFO: Registered backend: 4C Multiphysics (fourc)
2026-08-29 11:13:07,464 [oasis.registry] INFO: Registered backend: FEniCSx (dolfinx) (fenics)
2026-08-29 11:13:07,464 [oasis.registry] INFO: Registered backend: deal.II (dealii)
2026-08-29 11:13:07,468 [oasis.registry] INFO: Registered backend: FEBio (febio)
2026-08-29 11:13:07,470 [oasis.registry] INFO: Registered backend: NGSolve (ngsolve)
2026-08-29 11:13:07,470 [oasis.ngsolve] INFO: NGSolve backend registered
2026-08-29 11:13:07,473 [oasis.registry] INFO: Registered backend: scikit-fem (skfem)
2026-08-29 11:13:07,473 [oasis.skfem] INFO: scikit-fem backend registered
2026-08-29 11:13:07,477 [oasis.registry] INFO: Registered backend: Kratos Multiphysics (kratos)
2026-08-29 11:13:07,477 [oasis.kratos] INFO: Kratos Multiphysics backend registered
2026-08-29 11:13:07,480 [oasis.registry] INFO: Registered backend: DUNE-fem (dune)
2026-08-29 11:13:07,480 [oasis.dune] INFO: DUNE-fem backend registered
2026-08-29 11:13:07,485 [oasis.registry] INFO: Registered backend: SPARTA (DSMC) (sparta)
2026-08-29 11:13:07,485 [oasis.sparta] INFO: SPARTA (DSMC) backend registered
2026-08-29 11:13:07,485 [oasis] INFO: Starting OASiS MCP server
2026-08-29 11:13:07,493 [mcp.server.lowlevel.server] INFO: Processing request of type CallToolRequest
2026-08-29 11:13:10,915 [mcp.server.lowlevel.server] INFO: Processing request of type ListToolsRequest
2026-08-29 11:13:10,924 [oasis] INFO: Session journal saved: /home/alexander/Schreibtisch/ofa-v2/data/sessions/session_d64c3d24-0452-4b46-a5ad-f16caed9d041.json (1 events)
2026-08-29 11:13:13,998 [oasis.registry] INFO: Loaded discovered config: 5 backends
2026-08-29 11:13:14,000 [oasis.registry] INFO: Registered backend: 4C Multiphysics (fourc)
2026-08-29 11:13:14,000 [oasis.registry] INFO: Registered backend: FEniCSx (dolfinx) (fenics)
2026-08-29 11:13:14,001 [oasis.registry] INFO: Registered backend: deal.II (dealii)
2026-08-29 11:13:14,004 [oasis.registry] INFO: Registered backend: FEBio (febio)
2026-08-29 11:13:14,007 [oasis.registry] INFO: Registered backend: NGSolve (ngsolve)
2026-08-29 11:13:14,007 [oasis.ngsolve] INFO: NGSolve backend registered
2026-08-29 11:13:14,010 [oasis.registry] INFO: Registered backend: scikit-fem (skfem)
2026-08-29 11:13:14,010 [oasis.skfem] INFO: scikit-fem backend registered
2026-08-29 11:13:14,014 [oasis.registry] INFO: Registered backend: Kratos Multiphysics (kratos)
2026-08-29 11:13:14,015 [oasis.kratos] INFO: Kratos Multiphysics backend registered
2026-08-29 11:13:14,017 [oasis.registry] INFO: Registered backend: DUNE-fem (dune)
2026-08-29 11:13:14,017 [oasis.dune] INFO: DUNE-fem backend registered
2026-08-29 11:13:14,024 [oasis.registry] INFO: Registered backend: SPARTA (DSMC) (sparta)
2026-08-29 11:13:14,024 [oasis.sparta] INFO: SPARTA (DSMC) backend registered
2026-08-29 11:13:14,024 [oasis] INFO: Starting OASiS MCP server
2026-08-29 11:13:14,032 [mcp.server.lowlevel.server] INFO: Processing request of type CallToolRequest
2026-08-29 11:13:14,037 [mcp.server.lowlevel.server] INFO: Processing request of type ListToolsRequest
2026-08-29 11:13:16,722 [oasis.registry] INFO: Loaded discovered config: 5 backends
2026-08-29 11:13:16,724 [oasis.registry] INFO: Registered backend: 4C Multiphysics (fourc)
2026-08-29 11:13:16,724 [oasis.registry] INFO: Registered backend: FEniCSx (dolfinx) (fenics)
2026-08-29 11:13:16,725 [oasis.registry] INFO: Registered backend: deal.II (dealii)
2026-08-29 11:13:16,728 [oasis.registry] INFO: Registered backend: FEBio (febio)
2026-08-29 11:13:16,730 [oasis.registry] INFO: Registered backend: NGSolve (ngsolve)
2026-08-29 11:13:16,730 [oasis.ngsolve] INFO: NGSolve backend registered
2026-08-29 11:13:16,733 [oasis.registry] INFO: Registered backend: scikit-fem (skfem)
2026-08-29 11:13:16,733 [oasis.skfem] INFO: scikit-fem backend registered
2026-08-29 11:13:16,736 [oasis.registry] INFO: Registered backend: Kratos Multiphysics (kratos)
2026-08-29 11:13:16,736 [oasis.kratos] INFO: Kratos Multiphysics backend registered
2026-08-29 11:13:16,739 [oasis.registry] INFO: Registered backend: DUNE-fem (dune)
2026-08-29 11:13:16,739 [oasis.dune] INFO: DUNE-fem backend registered
2026-08-29 11:13:16,744 [oasis.registry] INFO: Registered backend: SPARTA (DSMC) (sparta)
2026-08-29 11:13:16,744 [oasis.sparta] INFO: SPARTA (DSMC) backend registered
2026-08-29 11:13:16,744 [oasis] INFO: Starting OASiS MCP server
2026-08-29 11:13:16,751 [mcp.server.lowlevel.server] INFO: Processing request of type CallToolRequest
2026-08-29 11:13:16,756 [mcp.server.lowlevel.server] INFO: Processing request of type ListToolsRequest
2026-08-29 11:13:18,979 [oasis.registry] INFO: Loaded discovered config: 5 backends
2026-08-29 11:13:18,981 [oasis.registry] INFO: Registered backend: 4C Multiphysics (fourc)
2026-08-29 11:13:18,981 [oasis.registry] INFO: Registered backend: FEniCSx (dolfinx) (fenics)
2026-08-29 11:13:18,982 [oasis.registry] INFO: Registered backend: deal.II (dealii)
2026-08-29 11:13:18,985 [oasis.registry] INFO: Registered backend: FEBio (febio)
2026-08-29 11:13:18,987 [oasis.registry] INFO: Registered backend: NGSolve (ngsolve)
2026-08-29 11:13:18,987 [oasis.ngsolve] INFO: NGSolve backend registered
2026-08-29 11:13:18,990 [oasis.registry] INFO: Registered backend: scikit-fem (skfem)
2026-08-29 11:13:18,990 [oasis.skfem] INFO: scikit-fem backend registered
2026-08-29 11:13:18,993 [oasis.registry] INFO: Registered backend: Kratos Multiphysics (kratos)
2026-08-29 11:13:18,993 [oasis.kratos] INFO: Kratos Multiphysics backend registered
2026-08-29 11:13:18,996 [oasis.registry] INFO: Registered backend: DUNE-fem (dune)
2026-08-29 11:13:18,996 [oasis.dune] INFO: DUNE-fem backend registered
2026-08-29 11:13:19,001 [oasis.registry] INFO: Registered backend: SPARTA (DSMC) (sparta)
2026-08-29 11:13:19,001 [oasis.sparta] INFO: SPARTA (DSMC) backend registered
2026-08-29 11:13:19,001 [oasis] INFO: Starting OASiS MCP server
2026-08-29 11:13:19,009 [mcp.server.lowlevel.server] INFO: Processing request of type CallToolRequest
2026-08-29 11:13:19,024 [mcp.server.lowlevel.server] INFO: Processing request of type ListToolsRequest
2026-08-29 11:13:19,031 [oasis] INFO: Session journal saved: /home/alexander/Schreibtisch/ofa-v2/data/sessions/session_e3413e0b-18db-4c94-a7d9-bcb8662ac079.json (1 events)
2026-08-29 11:13:23,572 [oasis.registry] INFO: Loaded discovered config: 5 backends
2026-08-29 11:13:23,574 [oasis.registry] INFO: Registered backend: 4C Multiphysics (fourc)
2026-08-29 11:13:23,574 [oasis.registry] INFO: Registered backend: FEniCSx (dolfinx) (fenics)
2026-08-29 11:13:23,575 [oasis.registry] INFO: Registered backend: deal.II (dealii)
2026-08-29 11:13:23,578 [oasis.registry] INFO: Registered backend: FEBio (febio)
2026-08-29 11:13:23,580 [oasis.registry] INFO: Registered backend: NGSolve (ngsolve)
2026-08-29 11:13:23,580 [oasis.ngsolve] INFO: NGSolve backend registered
2026-08-29 11:13:23,583 [oasis.registry] INFO: Registered backend: scikit-fem (skfem)
2026-08-29 11:13:23,583 [oasis.skfem] INFO: scikit-fem backend registered
2026-08-29 11:13:23,586 [oasis.registry] INFO: Registered backend: Kratos Multiphysics (kratos)
2026-08-29 11:13:23,586 [oasis.kratos] INFO: Kratos Multiphysics backend registered
2026-08-29 11:13:23,589 [oasis.registry] INFO: Registered backend: DUNE-fem (dune)
2026-08-29 11:13:23,589 [oasis.dune] INFO: DUNE-fem backend registered
2026-08-29 11:13:23,594 [oasis.registry] INFO: Registered backend: SPARTA (DSMC) (sparta)
2026-08-29 11:13:23,594 [oasis.sparta] INFO: SPARTA (DSMC) backend registered
2026-08-29 11:13:23,594 [oasis] INFO: Starting OASiS MCP server
2026-08-29 11:13:23,601 [mcp.server.lowlevel.server] INFO: Processing request of type CallToolRequest
2026-08-29 11:13:23,605 [mcp.server.lowlevel.server] INFO: Processing request of type ListToolsRequest
2026-08-29 11:13:25,847 [oasis.registry] INFO: Loaded discovered config: 5 backends
2026-08-29 11:13:25,849 [oasis.registry] INFO: Registered backend: 4C Multiphysics (fourc)
2026-08-29 11:13:25,850 [oasis.registry] INFO: Registered backend: FEniCSx (dolfinx) (fenics)
2026-08-29 11:13:25,850 [oasis.registry] INFO: Registered backend: deal.II (dealii)
2026-08-29 11:13:25,854 [oasis.registry] INFO: Registered backend: FEBio (febio)
2026-08-29 11:13:25,857 [oasis.registry] INFO: Registered backend: NGSolve (ngsolve)
2026-08-29 11:13:25,857 [oasis.ngsolve] INFO: NGSolve backend registered
2026-08-29 11:13:25,860 [oasis.registry] INFO: Registered backend: scikit-fem (skfem)
2026-08-29 11:13:25,860 [oasis.skfem] INFO: scikit-fem backend registered
2026-08-29 11:13:25,865 [oasis.registry] INFO: Registered backend: Kratos Multiphysics (kratos)
2026-08-29 11:13:25,865 [oasis.kratos] INFO: Kratos Multiphysics backend registered
2026-08-29 11:13:25,868 [oasis.registry] INFO: Registered backend: DUNE-fem (dune)
2026-08-29 11:13:25,868 [oasis.dune] INFO: DUNE-fem backend registered
2026-08-29 11:13:25,874 [oasis.registry] INFO: Registered backend: SPARTA (DSMC) (sparta)
2026-08-29 11:13:25,874 [oasis.sparta] INFO: SPARTA (DSMC) backend registered
2026-08-29 11:13:25,874 [oasis] INFO: Starting OASiS MCP server
2026-08-29 11:13:25,884 [mcp.server.lowlevel.server] INFO: Processing request of type CallToolRequest
2026-08-29 11:13:25,888 [mcp.server.lowlevel.server] INFO: Processing request of type ListToolsRequest
/home/alexander/Schreibtisch/ofa-v2/langgraph_eval/agent.py:345: LangGraphDeprecatedSinceV10: create_react_agent has been moved to `langchain.agents`. Please update your import to `from langchain.agents import create_agent`. Deprecated in LangGraph V1.0 to be removed in V2.0.
  sub_agent = create_react_agent(
2026-08-29 11:13:53,474 [oasis.registry] INFO: Loaded discovered config: 5 backends
2026-08-29 11:13:53,475 [oasis.registry] INFO: Loaded discovered config: 5 backends
2026-08-29 11:13:53,475 [oasis.registry] INFO: Loaded discovered config: 5 backends
2026-08-29 11:13:53,476 [oasis.registry] INFO: Registered backend: 4C Multiphysics (fourc)
2026-08-29 11:13:53,476 [oasis.registry] INFO: Registered backend: 4C Multiphysics (fourc)
2026-08-29 11:13:53,476 [oasis.registry] INFO: Registered backend: 4C Multiphysics (fourc)
2026-08-29 11:13:53,477 [oasis.registry] INFO: Registered backend: FEniCSx (dolfinx) (fenics)
2026-08-29 11:13:53,477 [oasis.registry] INFO: Registered backend: FEniCSx (dolfinx) (fenics)
2026-08-29 11:13:53,477 [oasis.registry] INFO: Registered backend: FEniCSx (dolfinx) (fenics)
2026-08-29 11:13:53,477 [oasis.registry] INFO: Registered backend: deal.II (dealii)
2026-08-29 11:13:53,478 [oasis.registry] INFO: Registered backend: deal.II (dealii)
2026-08-29 11:13:53,478 [oasis.registry] INFO: Registered backend: deal.II (dealii)
2026-08-29 11:13:53,479 [oasis.registry] INFO: Loaded discovered config: 5 backends
2026-08-29 11:13:53,480 [oasis.registry] INFO: Registered backend: 4C Multiphysics (fourc)
2026-08-29 11:13:53,481 [oasis.registry] INFO: Registered backend: FEBio (febio)
2026-08-29 11:13:53,481 [oasis.registry] INFO: Registered backend: FEBio (febio)
2026-08-29 11:13:53,481 [oasis.registry] INFO: Registered backend: FEBio (febio)
2026-08-29 11:13:53,481 [oasis.registry] INFO: Registered backend: FEniCSx (dolfinx) (fenics)
2026-08-29 11:13:53,482 [oasis.registry] INFO: Registered backend: deal.II (dealii)
2026-08-29 11:13:53,483 [oasis.registry] INFO: Registered backend: NGSolve (ngsolve)
2026-08-29 11:13:53,483 [oasis.ngsolve] INFO: NGSolve backend registered
2026-08-29 11:13:53,483 [oasis.registry] INFO: Registered backend: NGSolve (ngsolve)
2026-08-29 11:13:53,483 [oasis.ngsolve] INFO: NGSolve backend registered
2026-08-29 11:13:53,483 [oasis.registry] INFO: Registered backend: NGSolve (ngsolve)
2026-08-29 11:13:53,483 [oasis.ngsolve] INFO: NGSolve backend registered
2026-08-29 11:13:53,485 [oasis.registry] INFO: Registered backend: FEBio (febio)
2026-08-29 11:13:53,486 [oasis.registry] INFO: Registered backend: scikit-fem (skfem)
2026-08-29 11:13:53,486 [oasis.skfem] INFO: scikit-fem backend registered
2026-08-29 11:13:53,486 [oasis.registry] INFO: Registered backend: scikit-fem (skfem)
2026-08-29 11:13:53,486 [oasis.skfem] INFO: scikit-fem backend registered
2026-08-29 11:13:53,486 [oasis.registry] INFO: Registered backend: scikit-fem (skfem)
2026-08-29 11:13:53,486 [oasis.skfem] INFO: scikit-fem backend registered
2026-08-29 11:13:53,487 [oasis.registry] INFO: Registered backend: NGSolve (ngsolve)
2026-08-29 11:13:53,487 [oasis.ngsolve] INFO: NGSolve backend registered
2026-08-29 11:13:53,490 [oasis.registry] INFO: Registered backend: Kratos Multiphysics (kratos)
2026-08-29 11:13:53,490 [oasis.kratos] INFO: Kratos Multiphysics backend registered
2026-08-29 11:13:53,490 [oasis.registry] INFO: Registered backend: Kratos Multiphysics (kratos)
2026-08-29 11:13:53,490 [oasis.kratos] INFO: Kratos Multiphysics backend registered
2026-08-29 11:13:53,490 [oasis.registry] INFO: Registered backend: Kratos Multiphysics (kratos)
2026-08-29 11:13:53,490 [oasis.kratos] INFO: Kratos Multiphysics backend registered
2026-08-29 11:13:53,490 [oasis.registry] INFO: Registered backend: scikit-fem (skfem)
2026-08-29 11:13:53,490 [oasis.skfem] INFO: scikit-fem backend registered
2026-08-29 11:13:53,493 [oasis.registry] INFO: Registered backend: DUNE-fem (dune)
2026-08-29 11:13:53,493 [oasis.dune] INFO: DUNE-fem backend registered
2026-08-29 11:13:53,493 [oasis.registry] INFO: Registered backend: DUNE-fem (dune)
2026-08-29 11:13:53,493 [oasis.dune] INFO: DUNE-fem backend registered
2026-08-29 11:13:53,493 [oasis.registry] INFO: Registered backend: DUNE-fem (dune)
2026-08-29 11:13:53,493 [oasis.dune] INFO: DUNE-fem backend registered
2026-08-29 11:13:53,495 [oasis.registry] INFO: Registered backend: Kratos Multiphysics (kratos)
2026-08-29 11:13:53,495 [oasis.kratos] INFO: Kratos Multiphysics backend registered
2026-08-29 11:13:53,498 [oasis.registry] INFO: Registered backend: DUNE-fem (dune)
2026-08-29 11:13:53,498 [oasis.dune] INFO: DUNE-fem backend registered
2026-08-29 11:13:53,499 [oasis.registry] INFO: Registered backend: SPARTA (DSMC) (sparta)
2026-08-29 11:13:53,499 [oasis.sparta] INFO: SPARTA (DSMC) backend registered
2026-08-29 11:13:53,499 [oasis] INFO: Starting OASiS MCP server
2026-08-29 11:13:53,500 [oasis.registry] INFO: Registered backend: SPARTA (DSMC) (sparta)
2026-08-29 11:13:53,500 [oasis.sparta] INFO: SPARTA (DSMC) backend registered
2026-08-29 11:13:53,500 [oasis] INFO: Starting OASiS MCP server
2026-08-29 11:13:53,500 [oasis.registry] INFO: Registered backend: SPARTA (DSMC) (sparta)
2026-08-29 11:13:53,500 [oasis.sparta] INFO: SPARTA (DSMC) backend registered
2026-08-29 11:13:53,500 [oasis] INFO: Starting OASiS MCP server
2026-08-29 11:13:53,504 [oasis.registry] INFO: Registered backend: SPARTA (DSMC) (sparta)
2026-08-29 11:13:53,504 [oasis.sparta] INFO: SPARTA (DSMC) backend registered
2026-08-29 11:13:53,504 [oasis] INFO: Starting OASiS MCP server
2026-08-29 11:13:53,508 [mcp.server.lowlevel.server] INFO: Processing request of type CallToolRequest
2026-08-29 11:13:53,511 [mcp.server.lowlevel.server] INFO: Processing request of type CallToolRequest
2026-08-29 11:13:53,513 [mcp.server.lowlevel.server] INFO: Processing request of type ListToolsRequest
2026-08-29 11:13:53,513 [mcp.server.lowlevel.server] INFO: Processing request of type CallToolRequest
2026-08-29 11:13:53,519 [mcp.server.lowlevel.server] INFO: Processing request of type ListToolsRequest
2026-08-29 11:13:53,525 [mcp.server.lowlevel.server] INFO: Processing request of type CallToolRequest
2026-08-29 11:13:53,536 [mcp.server.lowlevel.server] INFO: Processing request of type ListToolsRequest
2026-08-29 11:13:53,537 [mcp.server.lowlevel.server] INFO: Processing request of type ListToolsRequest
2026-08-29 11:13:53,544 [oasis] INFO: Session journal saved: /home/alexander/Schreibtisch/ofa-v2/data/sessions/session_bcceb46e-605c-4e32-b1c1-9313b8909592.json (1 events)
2026-08-29 11:13:53,546 [oasis] INFO: Session journal saved: /home/alexander/Schreibtisch/ofa-v2/data/sessions/session_2370e629-9b60-4fca-ba98-b4c495031ccc.json (1 events)
/home/alexander/Schreibtisch/ofa-v2/langgraph_eval/agent.py:270: RuntimeWarning: This package (`duckduckgo_search`) has been renamed to `ddgs`! Use `pip install ddgs` instead.
  with DDGS() as ddgs:
/home/alexander/Schreibtisch/ofa-v2/langgraph_eval/agent.py:270: RuntimeWarning: This package (`duckduckgo_search`) has been renamed to `ddgs`! Use `pip install ddgs` instead.
  with DDGS() as ddgs:
/home/alexander/Schreibtisch/ofa-v2/langgraph_eval/agent.py:270: RuntimeWarning: This package (`duckduckgo_search`) has been renamed to `ddgs`! Use `pip install ddgs` instead.
  with DDGS() as ddgs:
2026-08-29 11:14:10,473 [mcp.server.lowlevel.server] INFO: Processing request of type ListToolsRequest
2026-08-29 11:14:10,480 [oasis] INFO: Session journal saved: /home/alexander/Schreibtisch/ofa-v2/data/sessions/session_1d8d61f3-58ac-44d0-ba27-53a0eb740b83.json (1 events)
/home/alexander/Schreibtisch/ofa-v2/langgraph_eval/agent.py:270: RuntimeWarning: This package (`duckduckgo_search`) has been renamed to `ddgs`! Use `pip install ddgs` instead.
  with DDGS() as ddgs:
/home/alexander/Schreibtisch/ofa-v2/langgraph_eval/agent.py:270: RuntimeWarning: This package (`duckduckgo_search`) has been renamed to `ddgs`! Use `pip install ddgs` instead.
  with DDGS() as ddgs:
2026-08-29 11:14:13,712 [oasis.registry] INFO: Loaded discovered config: 5 backends
2026-08-29 11:14:13,714 [oasis.registry] INFO: Registered backend: 4C Multiphysics (fourc)
2026-08-29 11:14:13,714 [oasis.registry] INFO: Registered backend: FEniCSx (dolfinx) (fenics)
2026-08-29 11:14:13,715 [oasis.registry] INFO: Registered backend: deal.II (dealii)
2026-08-29 11:14:13,718 [oasis.registry] INFO: Registered backend: FEBio (febio)
2026-08-29 11:14:13,720 [oasis.registry] INFO: Registered backend: NGSolve (ngsolve)
2026-08-29 11:14:13,720 [oasis.ngsolve] INFO: NGSolve backend registered
2026-08-29 11:14:13,723 [oasis.registry] INFO: Registered backend: scikit-fem (skfem)
2026-08-29 11:14:13,723 [oasis.skfem] INFO: scikit-fem backend registered
2026-08-29 11:14:13,726 [oasis.registry] INFO: Registered backend: Kratos Multiphysics (kratos)
2026-08-29 11:14:13,726 [oasis.kratos] INFO: Kratos Multiphysics backend registered
2026-08-29 11:14:13,729 [oasis.registry] INFO: Registered backend: DUNE-fem (dune)
2026-08-29 11:14:13,729 [oasis.dune] INFO: DUNE-fem backend registered
2026-08-29 11:14:13,734 [oasis.registry] INFO: Registered backend: SPARTA (DSMC) (sparta)
2026-08-29 11:14:13,734 [oasis.sparta] INFO: SPARTA (DSMC) backend registered
2026-08-29 11:14:13,734 [oasis] INFO: Starting OASiS MCP server
2026-08-29 11:14:13,742 [mcp.server.lowlevel.server] INFO: Processing request of type CallToolRequest
2026-08-29 11:14:13,757 [mcp.server.lowlevel.server] INFO: Processing request of type ListToolsRequest
2026-08-29 11:14:13,764 [oasis] INFO: Session journal saved: /home/alexander/Schreibtisch/ofa-v2/data/sessions/session_50a4a026-46ec-407a-b9ed-75b01cee370f.json (1 events)
/home/alexander/Schreibtisch/ofa-v2/langgraph_eval/agent.py:270: RuntimeWarning: This package (`duckduckgo_search`) has been renamed to `ddgs`! Use `pip install ddgs` instead.
  with DDGS() as ddgs:
/home/alexander/Schreibtisch/ofa-v2/langgraph_eval/agent.py:270: RuntimeWarning: This package (`duckduckgo_search`) has been renamed to `ddgs`! Use `pip install ddgs` instead.
  with DDGS() as ddgs:
/home/alexander/Schreibtisch/ofa-v2/langgraph_eval/agent.py:270: RuntimeWarning: This package (`duckduckgo_search`) has been renamed to `ddgs`! Use `pip install ddgs` instead.
  with DDGS() as ddgs:
/home/alexander/Schreibtisch/ofa-v2/langgraph_eval/agent.py:270: RuntimeWarning: This package (`duckduckgo_search`) has been renamed to `ddgs`! Use `pip install ddgs` instead.
  with DDGS() as ddgs:
/home/alexander/Schreibtisch/ofa-v2/langgraph_eval/agent.py:270: RuntimeWarning: This package (`duckduckgo_search`) has been renamed to `ddgs`! Use `pip install ddgs` instead.
  with DDGS() as ddgs:
/home/alexander/Schreibtisch/ofa-v2/langgraph_eval/agent.py:270: RuntimeWarning: This package (`duckduckgo_search`) has been renamed to `ddgs`! Use `pip install ddgs` instead.
  with DDGS() as ddgs:
/home/alexander/Schreibtisch/ofa-v2/langgraph_eval/agent.py:345: LangGraphDeprecatedSinceV10: create_react_agent has been moved to `langchain.agents`. Please update your import to `from langchain.agents import create_agent`. Deprecated in LangGraph V1.0 to be removed in V2.0.
  sub_agent = create_react_agent(
/home/alexander/Schreibtisch/ofa-v2/langgraph_eval/agent.py:270: RuntimeWarning: This package (`duckduckgo_search`) has been renamed to `ddgs`! Use `pip install ddgs` instead.
  with DDGS() as ddgs:
/home/alexander/Schreibtisch/ofa-v2/langgraph_eval/agent.py:270: RuntimeWarning: This package (`duckduckgo_search`) has been renamed to `ddgs`! Use `pip install ddgs` instead.
  with DDGS() as ddgs:
/home/alexander/Schreibtisch/ofa-v2/langgraph_eval/agent.py:270: RuntimeWarning: This package (`duckduckgo_search`) has been renamed to `ddgs`! Use `pip install ddgs` instead.
  with DDGS() as ddgs:
/home/alexander/Schreibtisch/ofa-v2/langgraph_eval/agent.py:270: RuntimeWarning: This package (`duckduckgo_search`) has been renamed to `ddgs`! Use `pip install ddgs` instead.
  with DDGS() as ddgs:
/home/alexander/Schreibtisch/ofa-v2/langgraph_eval/agent.py:270: RuntimeWarning: This package (`duckduckgo_search`) has been renamed to `ddgs`! Use `pip install ddgs` instead.
  with DDGS() as ddgs:
2026-08-29 11:14:53,624 [oasis.registry] INFO: Loaded discovered config: 5 backends
2026-08-29 11:14:53,625 [oasis.registry] INFO: Registered backend: 4C Multiphysics (fourc)
2026-08-29 11:14:53,626 [oasis.registry] INFO: Registered backend: FEniCSx (dolfinx) (fenics)
2026-08-29 11:14:53,626 [oasis.registry] INFO: Registered backend: deal.II (dealii)
2026-08-29 11:14:53,630 [oasis.registry] INFO: Registered backend: FEBio (febio)
2026-08-29 11:14:53,632 [oasis.registry] INFO: Registered backend: NGSolve (ngsolve)
2026-08-29 11:14:53,632 [oasis.ngsolve] INFO: NGSolve backend registered
2026-08-29 11:14:53,635 [oasis.registry] INFO: Registered backend: scikit-fem (skfem)
2026-08-29 11:14:53,635 [oasis.skfem] INFO: scikit-fem backend registered
2026-08-29 11:14:53,638 [oasis.registry] INFO: Registered backend: Kratos Multiphysics (kratos)
2026-08-29 11:14:53,638 [oasis.kratos] INFO: Kratos Multiphysics backend registered
2026-08-29 11:14:53,641 [oasis.registry] INFO: Registered backend: DUNE-fem (dune)
2026-08-29 11:14:53,641 [oasis.dune] INFO: DUNE-fem backend registered
2026-08-29 11:14:53,646 [oasis.registry] INFO: Registered backend: SPARTA (DSMC) (sparta)
2026-08-29 11:14:53,646 [oasis.sparta] INFO: SPARTA (DSMC) backend registered
2026-08-29 11:14:53,646 [oasis] INFO: Starting OASiS MCP server
2026-08-29 11:14:53,654 [mcp.server.lowlevel.server] INFO: Processing request of type CallToolRequest
2026-08-29 11:14:53,669 [mcp.server.lowlevel.server] INFO: Processing request of type ListToolsRequest
2026-08-29 11:14:53,676 [oasis] INFO: Session journal saved: /home/alexander/Schreibtisch/ofa-v2/data/sessions/session_d1801e66-c69d-4003-ae63-c026b85c328e.json (1 events)
/home/alexander/Schreibtisch/ofa-v2/langgraph_eval/agent.py:270: RuntimeWarning: This package (`duckduckgo_search`) has been renamed to `ddgs`! Use `pip install ddgs` instead.
  with DDGS() as ddgs:
/home/alexander/Schreibtisch/ofa-v2/langgraph_eval/agent.py:270: RuntimeWarning: This package (`duckduckgo_search`) has been renamed to `ddgs`! Use `pip install ddgs` instead.
  with DDGS() as ddgs:
/home/alexander/Schreibtisch/ofa-v2/langgraph_eval/agent.py:270: RuntimeWarning: This package (`duckduckgo_search`) has been renamed to `ddgs`! Use `pip install ddgs` instead.
  with DDGS() as ddgs:
/home/alexander/Schreibtisch/ofa-v2/langgraph_eval/agent.py:270: RuntimeWarning: This package (`duckduckgo_search`) has been renamed to `ddgs`! Use `pip install ddgs` instead.
  with DDGS() as ddgs:
/home/alexander/Schreibtisch/ofa-v2/langgraph_eval/agent.py:270: RuntimeWarning: This package (`duckduckgo_search`) has been renamed to `ddgs`! Use `pip install ddgs` instead.
  with DDGS() as ddgs:
/home/alexander/Schreibtisch/ofa-v2/langgraph_eval/agent.py:270: RuntimeWarning: This package (`duckduckgo_search`) has been renamed to `ddgs`! Use `pip install ddgs` instead.
  with DDGS() as ddgs:
/home/alexander/Schreibtisch/ofa-v2/langgraph_eval/agent.py:270: RuntimeWarning: This package (`duckduckgo_search`) has been renamed to `ddgs`! Use `pip install ddgs` instead.
  with DDGS() as ddgs:
2026-08-29 11:15:01,390 [oasis.registry] INFO: Loaded discovered config: 5 backends
2026-08-29 11:15:01,392 [oasis.registry] INFO: Registered backend: 4C Multiphysics (fourc)
2026-08-29 11:15:01,392 [oasis.registry] INFO: Registered backend: FEniCSx (dolfinx) (fenics)
2026-08-29 11:15:01,393 [oasis.registry] INFO: Registered backend: deal.II (dealii)
2026-08-29 11:15:01,396 [oasis.registry] INFO: Registered backend: FEBio (febio)
2026-08-29 11:15:01,398 [oasis.registry] INFO: Registered backend: NGSolve (ngsolve)
2026-08-29 11:15:01,398 [oasis.ngsolve] INFO: NGSolve backend registered
2026-08-29 11:15:01,401 [oasis.registry] INFO: Registered backend: scikit-fem (skfem)
2026-08-29 11:15:01,401 [oasis.skfem] INFO: scikit-fem backend registered
2026-08-29 11:15:01,405 [oasis.registry] INFO: Registered backend: Kratos Multiphysics (kratos)
2026-08-29 11:15:01,405 [oasis.kratos] INFO: Kratos Multiphysics backend registered
2026-08-29 11:15:01,407 [oasis.registry] INFO: Registered backend: DUNE-fem (dune)
2026-08-29 11:15:01,407 [oasis.dune] INFO: DUNE-fem backend registered
2026-08-29 11:15:01,412 [oasis.registry] INFO: Registered backend: SPARTA (DSMC) (sparta)
2026-08-29 11:15:01,412 [oasis.sparta] INFO: SPARTA (DSMC) backend registered
2026-08-29 11:15:01,412 [oasis] INFO: Starting OASiS MCP server
2026-08-29 11:15:01,420 [mcp.server.lowlevel.server] INFO: Processing request of type CallToolRequest
2026-08-29 11:15:01,446 [mcp.server.lowlevel.server] INFO: Processing request of type ListToolsRequest
2026-08-29 11:15:01,451 [oasis] INFO: Session journal saved: /home/alexander/Schreibtisch/ofa-v2/data/sessions/session_d33c53db-423a-4434-800b-005505ef97a3.json (1 events)
2026-08-29 11:15:20,415 [oasis.registry] INFO: Loaded discovered config: 5 backends
2026-08-29 11:15:20,417 [oasis.registry] INFO: Registered backend: 4C Multiphysics (fourc)
2026-08-29 11:15:20,417 [oasis.registry] INFO: Registered backend: FEniCSx (dolfinx) (fenics)
2026-08-29 11:15:20,418 [oasis.registry] INFO: Registered backend: deal.II (dealii)
2026-08-29 11:15:20,421 [oasis.registry] INFO: Registered backend: FEBio (febio)
2026-08-29 11:15:20,423 [oasis.registry] INFO: Registered backend: NGSolve (ngsolve)
2026-08-29 11:15:20,423 [oasis.ngsolve] INFO: NGSolve backend registered
2026-08-29 11:15:20,426 [oasis.registry] INFO: Registered backend: scikit-fem (skfem)
2026-08-29 11:15:20,426 [oasis.skfem] INFO: scikit-fem backend registered
2026-08-29 11:15:20,430 [oasis.registry] INFO: Registered backend: Kratos Multiphysics (kratos)
2026-08-29 11:15:20,430 [oasis.kratos] INFO: Kratos Multiphysics backend registered
2026-08-29 11:15:20,432 [oasis.registry] INFO: Registered backend: DUNE-fem (dune)
2026-08-29 11:15:20,432 [oasis.dune] INFO: DUNE-fem backend registered
2026-08-29 11:15:20,437 [oasis.registry] INFO: Registered backend: SPARTA (DSMC) (sparta)
2026-08-29 11:15:20,437 [oasis.sparta] INFO: SPARTA (DSMC) backend registered
2026-08-29 11:15:20,437 [oasis] INFO: Starting OASiS MCP server
2026-08-29 11:15:20,445 [mcp.server.lowlevel.server] INFO: Processing request of type CallToolRequest
2026-08-29 11:15:20,460 [mcp.server.lowlevel.server] INFO: Processing request of type ListToolsRequest
2026-08-29 11:15:20,466 [oasis] INFO: Session journal saved: /home/alexander/Schreibtisch/ofa-v2/data/sessions/session_93567324-d7e3-4b48-a7ca-4af9a5ca1844.json (1 events)
2026-08-29 11:15:29,199 [oasis.registry] INFO: Loaded discovered config: 5 backends
2026-08-29 11:15:29,201 [oasis.registry] INFO: Registered backend: 4C Multiphysics (fourc)
2026-08-29 11:15:29,201 [oasis.registry] INFO: Registered backend: FEniCSx (dolfinx) (fenics)
2026-08-29 11:15:29,202 [oasis.registry] INFO: Registered backend: deal.II (dealii)
2026-08-29 11:15:29,205 [oasis.registry] INFO: Registered backend: FEBio (febio)
2026-08-29 11:15:29,207 [oasis.registry] INFO: Registered backend: NGSolve (ngsolve)
2026-08-29 11:15:29,207 [oasis.ngsolve] INFO: NGSolve backend registered
2026-08-29 11:15:29,210 [oasis.registry] INFO: Registered backend: scikit-fem (skfem)
2026-08-29 11:15:29,210 [oasis.skfem] INFO: scikit-fem backend registered
2026-08-29 11:15:29,214 [oasis.registry] INFO: Registered backend: Kratos Multiphysics (kratos)
2026-08-29 11:15:29,214 [oasis.kratos] INFO: Kratos Multiphysics backend registered
2026-08-29 11:15:29,216 [oasis.registry] INFO: Registered backend: DUNE-fem (dune)
2026-08-29 11:15:29,216 [oasis.dune] INFO: DUNE-fem backend registered
2026-08-29 11:15:29,221 [oasis.registry] INFO: Registered backend: SPARTA (DSMC) (sparta)
2026-08-29 11:15:29,221 [oasis.sparta] INFO: SPARTA (DSMC) backend registered
2026-08-29 11:15:29,221 [oasis] INFO: Starting OASiS MCP server
2026-08-29 11:15:29,229 [mcp.server.lowlevel.server] INFO: Processing request of type CallToolRequest
2026-08-29 11:15:29,243 [mcp.server.lowlevel.server] INFO: Processing request of type ListToolsRequest
2026-08-29 11:15:29,250 [oasis] INFO: Session journal saved: /home/alexander/Schreibtisch/ofa-v2/data/sessions/session_ef1a19c0-1035-42ee-b2a9-20bd9ea5d7d6.json (1 events)
2026-08-29 11:15:32,483 [oasis.registry] INFO: Loaded discovered config: 5 backends
2026-08-29 11:15:32,485 [oasis.registry] INFO: Registered backend: 4C Multiphysics (fourc)
2026-08-29 11:15:32,487 [oasis.registry] INFO: Registered backend: FEniCSx (dolfinx) (fenics)
2026-08-29 11:15:32,488 [oasis.registry] INFO: Registered backend: deal.II (dealii)
2026-08-29 11:15:32,491 [oasis.registry] INFO: Registered backend: FEBio (febio)
2026-08-29 11:15:32,493 [oasis.registry] INFO: Registered backend: NGSolve (ngsolve)
2026-08-29 11:15:32,493 [oasis.ngsolve] INFO: NGSolve backend registered
2026-08-29 11:15:32,496 [oasis.registry] INFO: Registered backend: scikit-fem (skfem)
2026-08-29 11:15:32,496 [oasis.skfem] INFO: scikit-fem backend registered
2026-08-29 11:15:32,500 [oasis.registry] INFO: Registered backend: Kratos Multiphysics (kratos)
2026-08-29 11:15:32,500 [oasis.kratos] INFO: Kratos Multiphysics backend registered
2026-08-29 11:15:32,502 [oasis.registry] INFO: Registered backend: DUNE-fem (dune)
2026-08-29 11:15:32,502 [oasis.dune] INFO: DUNE-fem backend registered
2026-08-29 11:15:32,507 [oasis.registry] INFO: Registered backend: SPARTA (DSMC) (sparta)
2026-08-29 11:15:32,507 [oasis.sparta] INFO: SPARTA (DSMC) backend registered
2026-08-29 11:15:32,507 [oasis] INFO: Starting OASiS MCP server
2026-08-29 11:15:32,515 [mcp.server.lowlevel.server] INFO: Processing request of type CallToolRequest
2026-08-29 11:15:32,530 [mcp.server.lowlevel.server] INFO: Processing request of type ListToolsRequest
2026-08-29 11:15:32,536 [oasis] INFO: Session journal saved: /home/alexander/Schreibtisch/ofa-v2/data/sessions/session_76f1f42a-de3a-40b5-8a3b-5532f4f1f80e.json (1 events)
2026-08-29 11:16:52,610 [oasis.registry] INFO: Loaded discovered config: 5 backends
2026-08-29 11:16:52,611 [oasis.registry] INFO: Loaded discovered config: 5 backends
2026-08-29 11:16:52,612 [oasis.registry] INFO: Registered backend: 4C Multiphysics (fourc)
2026-08-29 11:16:52,612 [oasis.registry] INFO: Registered backend: FEniCSx (dolfinx) (fenics)
2026-08-29 11:16:52,613 [oasis.registry] INFO: Registered backend: deal.II (dealii)
2026-08-29 11:16:52,613 [oasis.registry] INFO: Registered backend: 4C Multiphysics (fourc)
2026-08-29 11:16:52,613 [oasis.registry] INFO: Registered backend: FEniCSx (dolfinx) (fenics)
2026-08-29 11:16:52,614 [oasis.registry] INFO: Registered backend: deal.II (dealii)
2026-08-29 11:16:52,616 [oasis.registry] INFO: Registered backend: FEBio (febio)
2026-08-29 11:16:52,617 [oasis.registry] INFO: Registered backend: FEBio (febio)
2026-08-29 11:16:52,618 [oasis.registry] INFO: Registered backend: NGSolve (ngsolve)
2026-08-29 11:16:52,618 [oasis.ngsolve] INFO: NGSolve backend registered
2026-08-29 11:16:52,619 [oasis.registry] INFO: Registered backend: NGSolve (ngsolve)
2026-08-29 11:16:52,619 [oasis.ngsolve] INFO: NGSolve backend registered
2026-08-29 11:16:52,621 [oasis.registry] INFO: Registered backend: scikit-fem (skfem)
2026-08-29 11:16:52,621 [oasis.skfem] INFO: scikit-fem backend registered
2026-08-29 11:16:52,622 [oasis.registry] INFO: Registered backend: scikit-fem (skfem)
2026-08-29 11:16:52,622 [oasis.skfem] INFO: scikit-fem backend registered
2026-08-29 11:16:52,625 [oasis.registry] INFO: Registered backend: Kratos Multiphysics (kratos)
2026-08-29 11:16:52,625 [oasis.kratos] INFO: Kratos Multiphysics backend registered
2026-08-29 11:16:52,626 [oasis.registry] INFO: Registered backend: Kratos Multiphysics (kratos)
2026-08-29 11:16:52,626 [oasis.kratos] INFO: Kratos Multiphysics backend registered
2026-08-29 11:16:52,627 [oasis.registry] INFO: Registered backend: DUNE-fem (dune)
2026-08-29 11:16:52,627 [oasis.dune] INFO: DUNE-fem backend registered
2026-08-29 11:16:52,628 [oasis.registry] INFO: Registered backend: DUNE-fem (dune)
2026-08-29 11:16:52,628 [oasis.dune] INFO: DUNE-fem backend registered
2026-08-29 11:16:52,632 [oasis.registry] INFO: Registered backend: SPARTA (DSMC) (sparta)
2026-08-29 11:16:52,632 [oasis.sparta] INFO: SPARTA (DSMC) backend registered
2026-08-29 11:16:52,632 [oasis] INFO: Starting OASiS MCP server
2026-08-29 11:16:52,633 [oasis.registry] INFO: Registered backend: SPARTA (DSMC) (sparta)
2026-08-29 11:16:52,633 [oasis.sparta] INFO: SPARTA (DSMC) backend registered
2026-08-29 11:16:52,633 [oasis] INFO: Starting OASiS MCP server
2026-08-29 11:16:52,640 [mcp.server.lowlevel.server] INFO: Processing request of type CallToolRequest
2026-08-29 11:16:52,641 [mcp.server.lowlevel.server] INFO: Processing request of type CallToolRequest
2026-08-29 11:16:52,644 [mcp.server.lowlevel.server] INFO: Processing request of type ListToolsRequest
2026-08-29 11:16:52,644 [mcp.server.lowlevel.server] INFO: Processing request of type ListToolsRequest
/home/alexander/Schreibtisch/ofa-v2/langgraph_eval/agent.py:345: LangGraphDeprecatedSinceV10: create_react_agent has been moved to `langchain.agents`. Please update your import to `from langchain.agents import create_agent`. Deprecated in LangGraph V1.0 to be removed in V2.0.
  sub_agent = create_react_agent(
2026-08-29 11:19:08,879 [oasis.registry] INFO: Loaded discovered config: 5 backends
2026-08-29 11:19:08,881 [oasis.registry] INFO: Registered backend: 4C Multiphysics (fourc)
2026-08-29 11:19:08,881 [oasis.registry] INFO: Registered backend: FEniCSx (dolfinx) (fenics)
2026-08-29 11:19:08,882 [oasis.registry] INFO: Registered backend: deal.II (dealii)
2026-08-29 11:19:08,885 [oasis.registry] INFO: Registered backend: FEBio (febio)
2026-08-29 11:19:08,887 [oasis.registry] INFO: Registered backend: NGSolve (ngsolve)
2026-08-29 11:19:08,887 [oasis.ngsolve] INFO: NGSolve backend registered
2026-08-29 11:19:08,890 [oasis.registry] INFO: Registered backend: scikit-fem (skfem)
2026-08-29 11:19:08,890 [oasis.skfem] INFO: scikit-fem backend registered
2026-08-29 11:19:08,894 [oasis.registry] INFO: Registered backend: Kratos Multiphysics (kratos)
2026-08-29 11:19:08,894 [oasis.kratos] INFO: Kratos Multiphysics backend registered
2026-08-29 11:19:08,896 [oasis.registry] INFO: Registered backend: DUNE-fem (dune)
2026-08-29 11:19:08,896 [oasis.dune] INFO: DUNE-fem backend registered
2026-08-29 11:19:08,901 [oasis.registry] INFO: Registered backend: SPARTA (DSMC) (sparta)
2026-08-29 11:19:08,901 [oasis.sparta] INFO: SPARTA (DSMC) backend registered
2026-08-29 11:19:08,901 [oasis] INFO: Starting OASiS MCP server
2026-08-29 11:19:08,909 [mcp.server.lowlevel.server] INFO: Processing request of type CallToolRequest
2026-08-29 11:19:08,912 [mcp.server.lowlevel.server] INFO: Processing request of type ListToolsRequest
2026-08-29 11:19:21,989 [oasis.registry] INFO: Loaded discovered config: 5 backends
2026-08-29 11:19:21,990 [oasis.registry] INFO: Registered backend: 4C Multiphysics (fourc)
2026-08-29 11:19:21,991 [oasis.registry] INFO: Registered backend: FEniCSx (dolfinx) (fenics)
2026-08-29 11:19:21,991 [oasis.registry] INFO: Registered backend: deal.II (dealii)
2026-08-29 11:19:21,994 [oasis.registry] INFO: Registered backend: FEBio (febio)
2026-08-29 11:19:21,997 [oasis.registry] INFO: Registered backend: NGSolve (ngsolve)
2026-08-29 11:19:21,997 [oasis.ngsolve] INFO: NGSolve backend registered
2026-08-29 11:19:21,999 [oasis.registry] INFO: Registered backend: scikit-fem (skfem)
2026-08-29 11:19:21,999 [oasis.skfem] INFO: scikit-fem backend registered
2026-08-29 11:19:22,003 [oasis.registry] INFO: Registered backend: Kratos Multiphysics (kratos)
2026-08-29 11:19:22,003 [oasis.kratos] INFO: Kratos Multiphysics backend registered
2026-08-29 11:19:22,005 [oasis.registry] INFO: Registered backend: DUNE-fem (dune)
2026-08-29 11:19:22,006 [oasis.dune] INFO: DUNE-fem backend registered
2026-08-29 11:19:22,011 [oasis.registry] INFO: Registered backend: SPARTA (DSMC) (sparta)
2026-08-29 11:19:22,011 [oasis.sparta] INFO: SPARTA (DSMC) backend registered
2026-08-29 11:19:22,011 [oasis] INFO: Starting OASiS MCP server
2026-08-29 11:19:22,018 [mcp.server.lowlevel.server] INFO: Processing request of type CallToolRequest
2026-08-29 11:19:22,022 [mcp.server.lowlevel.server] INFO: Processing request of type ListToolsRequest
2026-08-29 11:19:29,444 [oasis.registry] INFO: Loaded discovered config: 5 backends
2026-08-29 11:19:29,446 [oasis.registry] INFO: Registered backend: 4C Multiphysics (fourc)
2026-08-29 11:19:29,446 [oasis.registry] INFO: Registered backend: FEniCSx (dolfinx) (fenics)
2026-08-29 11:19:29,447 [oasis.registry] INFO: Registered backend: deal.II (dealii)
2026-08-29 11:19:29,450 [oasis.registry] INFO: Registered backend: FEBio (febio)
2026-08-29 11:19:29,453 [oasis.registry] INFO: Registered backend: NGSolve (ngsolve)
2026-08-29 11:19:29,453 [oasis.ngsolve] INFO: NGSolve backend registered
2026-08-29 11:19:29,457 [oasis.registry] INFO: Registered backend: scikit-fem (skfem)
2026-08-29 11:19:29,457 [oasis.skfem] INFO: scikit-fem backend registered
2026-08-29 11:19:29,461 [oasis.registry] INFO: Registered backend: Kratos Multiphysics (kratos)
2026-08-29 11:19:29,461 [oasis.kratos] INFO: Kratos Multiphysics backend registered
2026-08-29 11:19:29,464 [oasis.registry] INFO: Registered backend: DUNE-fem (dune)
2026-08-29 11:19:29,464 [oasis.dune] INFO: DUNE-fem backend registered
2026-08-29 11:19:29,469 [oasis.registry] INFO: Registered backend: SPARTA (DSMC) (sparta)
2026-08-29 11:19:29,469 [oasis.sparta] INFO: SPARTA (DSMC) backend registered
2026-08-29 11:19:29,469 [oasis] INFO: Starting OASiS MCP server
2026-08-29 11:19:29,477 [mcp.server.lowlevel.server] INFO: Processing request of type CallToolRequest
2026-08-29 11:19:49,490 [mcp.server.lowlevel.server] INFO: Processing request of type ListToolsRequest
2026-08-29 11:19:49,499 [oasis] INFO: Session journal saved: /home/alexander/Schreibtisch/ofa-v2/data/sessions/session_59bdd324-2a22-4443-a0e3-ad4ecd975fd1.json (1 events)
2026-08-29 11:20:49,526 [oasis.registry] INFO: Loaded discovered config: 5 backends
2026-08-29 11:20:49,528 [oasis.registry] INFO: Registered backend: 4C Multiphysics (fourc)
2026-08-29 11:20:49,528 [oasis.registry] INFO: Registered backend: FEniCSx (dolfinx) (fenics)
2026-08-29 11:20:49,529 [oasis.registry] INFO: Registered backend: deal.II (dealii)
2026-08-29 11:20:49,532 [oasis.registry] INFO: Registered backend: FEBio (febio)
2026-08-29 11:20:49,534 [oasis.registry] INFO: Registered backend: NGSolve (ngsolve)
2026-08-29 11:20:49,534 [oasis.ngsolve] INFO: NGSolve backend registered
2026-08-29 11:20:49,537 [oasis.registry] INFO: Registered backend: scikit-fem (skfem)
2026-08-29 11:20:49,537 [oasis.skfem] INFO: scikit-fem backend registered
2026-08-29 11:20:49,541 [oasis.registry] INFO: Registered backend: Kratos Multiphysics (kratos)
2026-08-29 11:20:49,541 [oasis.kratos] INFO: Kratos Multiphysics backend registered
2026-08-29 11:20:49,543 [oasis.registry] INFO: Registered backend: DUNE-fem (dune)
2026-08-29 11:20:49,543 [oasis.dune] INFO: DUNE-fem backend registered
2026-08-29 11:20:49,549 [oasis.registry] INFO: Registered backend: SPARTA (DSMC) (sparta)
2026-08-29 11:20:49,549 [oasis.sparta] INFO: SPARTA (DSMC) backend registered
2026-08-29 11:20:49,549 [oasis] INFO: Starting OASiS MCP server
2026-08-29 11:20:49,556 [mcp.server.lowlevel.server] INFO: Processing request of type CallToolRequest
2026-08-29 11:20:49,560 [mcp.server.lowlevel.server] INFO: Processing request of type ListToolsRequest
2026-08-29 11:21:56,244 [oasis.registry] INFO: Loaded discovered config: 5 backends
2026-08-29 11:21:56,246 [oasis.registry] INFO: Registered backend: 4C Multiphysics (fourc)
2026-08-29 11:21:56,249 [oasis.registry] INFO: Registered backend: FEniCSx (dolfinx) (fenics)
2026-08-29 11:21:56,249 [oasis.registry] INFO: Registered backend: deal.II (dealii)
2026-08-29 11:21:56,252 [oasis.registry] INFO: Registered backend: FEBio (febio)
2026-08-29 11:21:56,255 [oasis.registry] INFO: Registered backend: NGSolve (ngsolve)
2026-08-29 11:21:56,255 [oasis.ngsolve] INFO: NGSolve backend registered
2026-08-29 11:21:56,257 [oasis.registry] INFO: Registered backend: scikit-fem (skfem)
2026-08-29 11:21:56,257 [oasis.skfem] INFO: scikit-fem backend registered
2026-08-29 11:21:56,261 [oasis.registry] INFO: Registered backend: Kratos Multiphysics (kratos)
2026-08-29 11:21:56,261 [oasis.kratos] INFO: Kratos Multiphysics backend registered
2026-08-29 11:21:56,263 [oasis.registry] INFO: Registered backend: DUNE-fem (dune)
2026-08-29 11:21:56,263 [oasis.dune] INFO: DUNE-fem backend registered
2026-08-29 11:21:56,269 [oasis.registry] INFO: Registered backend: SPARTA (DSMC) (sparta)
2026-08-29 11:21:56,269 [oasis.sparta] INFO: SPARTA (DSMC) backend registered
2026-08-29 11:21:56,269 [oasis] INFO: Starting OASiS MCP server
2026-08-29 11:21:56,277 [mcp.server.lowlevel.server] INFO: Processing request of type CallToolRequest
2026-08-29 11:21:56,280 [mcp.server.lowlevel.server] INFO: Processing request of type ListToolsRequest
2026-08-29 11:22:03,682 [oasis.registry] INFO: Loaded discovered config: 5 backends
2026-08-29 11:22:03,684 [oasis.registry] INFO: Registered backend: 4C Multiphysics (fourc)
2026-08-29 11:22:03,685 [oasis.registry] INFO: Registered backend: FEniCSx (dolfinx) (fenics)
2026-08-29 11:22:03,685 [oasis.registry] INFO: Registered backend: deal.II (dealii)
2026-08-29 11:22:03,688 [oasis.registry] INFO: Registered backend: FEBio (febio)
2026-08-29 11:22:03,691 [oasis.registry] INFO: Registered backend: NGSolve (ngsolve)
2026-08-29 11:22:03,691 [oasis.ngsolve] INFO: NGSolve backend registered
2026-08-29 11:22:03,693 [oasis.registry] INFO: Registered backend: scikit-fem (skfem)
2026-08-29 11:22:03,693 [oasis.skfem] INFO: scikit-fem backend registered
2026-08-29 11:22:03,697 [oasis.registry] INFO: Registered backend: Kratos Multiphysics (kratos)
2026-08-29 11:22:03,697 [oasis.kratos] INFO: Kratos Multiphysics backend registered
2026-08-29 11:22:03,700 [oasis.registry] INFO: Registered backend: DUNE-fem (dune)
2026-08-29 11:22:03,700 [oasis.dune] INFO: DUNE-fem backend registered
2026-08-29 11:22:03,705 [oasis.registry] INFO: Registered backend: SPARTA (DSMC) (sparta)
2026-08-29 11:22:03,705 [oasis.sparta] INFO: SPARTA (DSMC) backend registered
2026-08-29 11:22:03,705 [oasis] INFO: Starting OASiS MCP server
2026-08-29 11:22:03,713 [mcp.server.lowlevel.server] INFO: Processing request of type CallToolRequest
2026-08-29 11:22:04,623 [oasis.registry] INFO: Loaded discovered config: 5 backends
2026-08-29 11:22:04,624 [oasis.registry] INFO: Registered backend: 4C Multiphysics (fourc)
2026-08-29 11:22:04,625 [oasis.registry] INFO: Registered backend: FEniCSx (dolfinx) (fenics)
2026-08-29 11:22:04,625 [oasis.registry] INFO: Registered backend: deal.II (dealii)
2026-08-29 11:22:04,629 [oasis.registry] INFO: Registered backend: FEBio (febio)
2026-08-29 11:22:04,631 [oasis.registry] INFO: Registered backend: NGSolve (ngsolve)
2026-08-29 11:22:04,631 [oasis.ngsolve] INFO: NGSolve backend registered
2026-08-29 11:22:04,634 [oasis.registry] INFO: Registered backend: scikit-fem (skfem)
2026-08-29 11:22:04,634 [oasis.skfem] INFO: scikit-fem backend registered
2026-08-29 11:22:04,637 [oasis.registry] INFO: Registered backend: Kratos Multiphysics (kratos)
2026-08-29 11:22:04,637 [oasis.kratos] INFO: Kratos Multiphysics backend registered
2026-08-29 11:22:04,640 [oasis.registry] INFO: Registered backend: DUNE-fem (dune)
2026-08-29 11:22:04,640 [oasis.dune] INFO: DUNE-fem backend registered
2026-08-29 11:22:04,645 [oasis.registry] INFO: Registered backend: SPARTA (DSMC) (sparta)
2026-08-29 11:22:04,645 [oasis.sparta] INFO: SPARTA (DSMC) backend registered
2026-08-29 11:22:04,645 [oasis] INFO: Starting OASiS MCP server
2026-08-29 11:22:04,653 [mcp.server.lowlevel.server] INFO: Processing request of type CallToolRequest
2026-08-29 11:22:04,657 [mcp.server.lowlevel.server] INFO: Processing request of type ListToolsRequest
2026-08-29 11:22:26,108 [mcp.server.lowlevel.server] INFO: Processing request of type ListToolsRequest
2026-08-29 11:22:26,116 [oasis] INFO: Session journal saved: /home/alexander/Schreibtisch/ofa-v2/data/sessions/session_a5911e89-fb2d-4c2d-8e4e-177de857e5a8.json (1 events)
2026-08-29 11:22:37,462 [oasis.registry] INFO: Loaded discovered config: 5 backends
2026-08-29 11:22:37,464 [oasis.registry] INFO: Registered backend: 4C Multiphysics (fourc)
2026-08-29 11:22:37,464 [oasis.registry] INFO: Registered backend: FEniCSx (dolfinx) (fenics)
2026-08-29 11:22:37,464 [oasis.registry] INFO: Registered backend: deal.II (dealii)
2026-08-29 11:22:37,468 [oasis.registry] INFO: Registered backend: FEBio (febio)
2026-08-29 11:22:37,470 [oasis.registry] INFO: Registered backend: NGSolve (ngsolve)
2026-08-29 11:22:37,470 [oasis.ngsolve] INFO: NGSolve backend registered
2026-08-29 11:22:37,473 [oasis.registry] INFO: Registered backend: scikit-fem (skfem)
2026-08-29 11:22:37,473 [oasis.skfem] INFO: scikit-fem backend registered
2026-08-29 11:22:37,476 [oasis.registry] INFO: Registered backend: Kratos Multiphysics (kratos)
2026-08-29 11:22:37,476 [oasis.kratos] INFO: Kratos Multiphysics backend registered
2026-08-29 11:22:37,479 [oasis.registry] INFO: Registered backend: DUNE-fem (dune)
2026-08-29 11:22:37,479 [oasis.dune] INFO: DUNE-fem backend registered
2026-08-29 11:22:37,484 [oasis.registry] INFO: Registered backend: SPARTA (DSMC) (sparta)
2026-08-29 11:22:37,484 [oasis.sparta] INFO: SPARTA (DSMC) backend registered
2026-08-29 11:22:37,484 [oasis] INFO: Starting OASiS MCP server
2026-08-29 11:22:37,492 [mcp.server.lowlevel.server] INFO: Processing request of type CallToolRequest
2026-08-29 11:22:37,495 [mcp.server.lowlevel.server] INFO: Processing request of type ListToolsRequest
2026-08-29 11:22:48,922 [oasis.registry] INFO: Loaded discovered config: 5 backends
2026-08-29 11:22:48,923 [oasis.registry] INFO: Registered backend: 4C Multiphysics (fourc)
2026-08-29 11:22:48,924 [oasis.registry] INFO: Registered backend: FEniCSx (dolfinx) (fenics)
2026-08-29 11:22:48,924 [oasis.registry] INFO: Registered backend: deal.II (dealii)
2026-08-29 11:22:48,928 [oasis.registry] INFO: Registered backend: FEBio (febio)
2026-08-29 11:22:48,930 [oasis.registry] INFO: Registered backend: NGSolve (ngsolve)
2026-08-29 11:22:48,930 [oasis.ngsolve] INFO: NGSolve backend registered
2026-08-29 11:22:48,933 [oasis.registry] INFO: Registered backend: scikit-fem (skfem)
2026-08-29 11:22:48,933 [oasis.skfem] INFO: scikit-fem backend registered
2026-08-29 11:22:48,936 [oasis.registry] INFO: Registered backend: Kratos Multiphysics (kratos)
2026-08-29 11:22:48,936 [oasis.kratos] INFO: Kratos Multiphysics backend registered
2026-08-29 11:22:48,939 [oasis.registry] INFO: Registered backend: DUNE-fem (dune)
2026-08-29 11:22:48,939 [oasis.dune] INFO: DUNE-fem backend registered
2026-08-29 11:22:48,944 [oasis.registry] INFO: Registered backend: SPARTA (DSMC) (sparta)
2026-08-29 11:22:48,944 [oasis.sparta] INFO: SPARTA (DSMC) backend registered
2026-08-29 11:22:48,944 [oasis] INFO: Starting OASiS MCP server
2026-08-29 11:22:48,952 [mcp.server.lowlevel.server] INFO: Processing request of type CallToolRequest
2026-08-29 11:23:04,680 [oasis.registry] INFO: Loaded discovered config: 5 backends
2026-08-29 11:23:04,682 [oasis.registry] INFO: Registered backend: 4C Multiphysics (fourc)
2026-08-29 11:23:04,682 [oasis.registry] INFO: Registered backend: FEniCSx (dolfinx) (fenics)
2026-08-29 11:23:04,683 [oasis.registry] INFO: Registered backend: deal.II (dealii)
2026-08-29 11:23:04,687 [oasis.registry] INFO: Registered backend: FEBio (febio)
2026-08-29 11:23:04,690 [oasis.registry] INFO: Registered backend: NGSolve (ngsolve)
2026-08-29 11:23:04,690 [oasis.ngsolve] INFO: NGSolve backend registered
2026-08-29 11:23:04,693 [oasis.registry] INFO: Registered backend: scikit-fem (skfem)
2026-08-29 11:23:04,693 [oasis.skfem] INFO: scikit-fem backend registered
2026-08-29 11:23:04,697 [oasis.registry] INFO: Registered backend: Kratos Multiphysics (kratos)
2026-08-29 11:23:04,697 [oasis.kratos] INFO: Kratos Multiphysics backend registered
2026-08-29 11:23:04,700 [oasis.registry] INFO: Registered backend: DUNE-fem (dune)
2026-08-29 11:23:04,700 [oasis.dune] INFO: DUNE-fem backend registered
2026-08-29 11:23:04,707 [oasis.registry] INFO: Registered backend: SPARTA (DSMC) (sparta)
2026-08-29 11:23:04,707 [oasis.sparta] INFO: SPARTA (DSMC) backend registered
2026-08-29 11:23:04,707 [oasis] INFO: Starting OASiS MCP server
2026-08-29 11:23:04,716 [mcp.server.lowlevel.server] INFO: Processing request of type CallToolRequest
2026-08-29 11:23:08,405 [mcp.server.lowlevel.server] INFO: Processing request of type ListToolsRequest
2026-08-29 11:23:14,168 [mcp.server.lowlevel.server] INFO: Processing request of type ListToolsRequest
2026-08-29 11:23:14,176 [oasis] INFO: Session journal saved: /home/alexander/Schreibtisch/ofa-v2/data/sessions/session_18ce805a-72ff-4314-9706-cde9db18c089.json (1 events)
2026-08-29 11:24:22,979 [oasis.registry] INFO: Loaded discovered config: 5 backends
2026-08-29 11:24:22,981 [oasis.registry] INFO: Registered backend: 4C Multiphysics (fourc)
2026-08-29 11:24:22,981 [oasis.registry] INFO: Registered backend: FEniCSx (dolfinx) (fenics)
2026-08-29 11:24:22,982 [oasis.registry] INFO: Registered backend: deal.II (dealii)
2026-08-29 11:24:22,985 [oasis.registry] INFO: Registered backend: FEBio (febio)
2026-08-29 11:24:22,987 [oasis.registry] INFO: Registered backend: NGSolve (ngsolve)
2026-08-29 11:24:22,987 [oasis.ngsolve] INFO: NGSolve backend registered
2026-08-29 11:24:22,990 [oasis.registry] INFO: Registered backend: scikit-fem (skfem)
2026-08-29 11:24:22,990 [oasis.skfem] INFO: scikit-fem backend registered
2026-08-29 11:24:22,994 [oasis.registry] INFO: Registered backend: Kratos Multiphysics (kratos)
2026-08-29 11:24:22,994 [oasis.kratos] INFO: Kratos Multiphysics backend registered
2026-08-29 11:24:22,996 [oasis.registry] INFO: Registered backend: DUNE-fem (dune)
2026-08-29 11:24:22,996 [oasis.dune] INFO: DUNE-fem backend registered
2026-08-29 11:24:23,001 [oasis.registry] INFO: Registered backend: SPARTA (DSMC) (sparta)
2026-08-29 11:24:23,001 [oasis.sparta] INFO: SPARTA (DSMC) backend registered
2026-08-29 11:24:23,001 [oasis] INFO: Starting OASiS MCP server
2026-08-29 11:24:23,009 [mcp.server.lowlevel.server] INFO: Processing request of type CallToolRequest
2026-08-29 11:24:23,012 [mcp.server.lowlevel.server] INFO: Processing request of type ListToolsRequest
2026-08-29 11:24:31,010 [oasis.registry] INFO: Loaded discovered config: 5 backends
2026-08-29 11:24:31,012 [oasis.registry] INFO: Registered backend: 4C Multiphysics (fourc)
2026-08-29 11:24:31,013 [oasis.registry] INFO: Registered backend: FEniCSx (dolfinx) (fenics)
2026-08-29 11:24:31,013 [oasis.registry] INFO: Registered backend: deal.II (dealii)
2026-08-29 11:24:31,016 [oasis.registry] INFO: Registered backend: FEBio (febio)
2026-08-29 11:24:31,019 [oasis.registry] INFO: Registered backend: NGSolve (ngsolve)
2026-08-29 11:24:31,019 [oasis.ngsolve] INFO: NGSolve backend registered
2026-08-29 11:24:31,021 [oasis.registry] INFO: Registered backend: scikit-fem (skfem)
2026-08-29 11:24:31,021 [oasis.skfem] INFO: scikit-fem backend registered
2026-08-29 11:24:31,025 [oasis.registry] INFO: Registered backend: Kratos Multiphysics (kratos)
2026-08-29 11:24:31,025 [oasis.kratos] INFO: Kratos Multiphysics backend registered
2026-08-29 11:24:31,027 [oasis.registry] INFO: Registered backend: DUNE-fem (dune)
2026-08-29 11:24:31,028 [oasis.dune] INFO: DUNE-fem backend registered
2026-08-29 11:24:31,033 [oasis.registry] INFO: Registered backend: SPARTA (DSMC) (sparta)
2026-08-29 11:24:31,033 [oasis.sparta] INFO: SPARTA (DSMC) backend registered
2026-08-29 11:24:31,033 [oasis] INFO: Starting OASiS MCP server
2026-08-29 11:24:31,041 [mcp.server.lowlevel.server] INFO: Processing request of type CallToolRequest
2026-08-29 11:24:50,953 [mcp.server.lowlevel.server] INFO: Processing request of type ListToolsRequest
2026-08-29 11:24:50,961 [oasis] INFO: Session journal saved: /home/alexander/Schreibtisch/ofa-v2/data/sessions/session_c372ea94-2709-494c-90c0-7e2f5e43e214.json (1 events)
/home/alexander/Schreibtisch/ofa-v2/langgraph_eval/agent.py:270: RuntimeWarning: This package (`duckduckgo_search`) has been renamed to `ddgs`! Use `pip install ddgs` instead.
  with DDGS() as ddgs:
/home/alexander/Schreibtisch/ofa-v2/langgraph_eval/agent.py:270: RuntimeWarning: This package (`duckduckgo_search`) has been renamed to `ddgs`! Use `pip install ddgs` instead.
  with DDGS() as ddgs:
/home/alexander/Schreibtisch/ofa-v2/langgraph_eval/agent.py:270: RuntimeWarning: This package (`duckduckgo_search`) has been renamed to `ddgs`! Use `pip install ddgs` instead.
  with DDGS() as ddgs:
/home/alexander/Schreibtisch/ofa-v2/langgraph_eval/agent.py:270: RuntimeWarning: This package (`duckduckgo_search`) has been renamed to `ddgs`! Use `pip install ddgs` instead.
  with DDGS() as ddgs:
/home/alexander/Schreibtisch/ofa-v2/langgraph_eval/agent.py:270: RuntimeWarning: This package (`duckduckgo_search`) has been renamed to `ddgs`! Use `pip install ddgs` instead.
  with DDGS() as ddgs:
/home/alexander/Schreibtisch/ofa-v2/langgraph_eval/agent.py:270: RuntimeWarning: This package (`duckduckgo_search`) has been renamed to `ddgs`! Use `pip install ddgs` instead.
  with DDGS() as ddgs:
2026-08-29 11:25:22,665 [oasis.registry] INFO: Loaded discovered config: 5 backends
2026-08-29 11:25:22,667 [oasis.registry] INFO: Registered backend: 4C Multiphysics (fourc)
2026-08-29 11:25:22,667 [oasis.registry] INFO: Registered backend: FEniCSx (dolfinx) (fenics)
2026-08-29 11:25:22,668 [oasis.registry] INFO: Registered backend: deal.II (dealii)
2026-08-29 11:25:22,671 [oasis.registry] INFO: Registered backend: FEBio (febio)
2026-08-29 11:25:22,673 [oasis.registry] INFO: Registered backend: NGSolve (ngsolve)
2026-08-29 11:25:22,673 [oasis.ngsolve] INFO: NGSolve backend registered
2026-08-29 11:25:22,676 [oasis.registry] INFO: Registered backend: scikit-fem (skfem)
2026-08-29 11:25:22,676 [oasis.skfem] INFO: scikit-fem backend registered
2026-08-29 11:25:22,679 [oasis.registry] INFO: Registered backend: Kratos Multiphysics (kratos)
2026-08-29 11:25:22,679 [oasis.kratos] INFO: Kratos Multiphysics backend registered
2026-08-29 11:25:22,682 [oasis.registry] INFO: Registered backend: DUNE-fem (dune)
2026-08-29 11:25:22,682 [oasis.dune] INFO: DUNE-fem backend registered
2026-08-29 11:25:22,687 [oasis.registry] INFO: Registered backend: SPARTA (DSMC) (sparta)
2026-08-29 11:25:22,687 [oasis.sparta] INFO: SPARTA (DSMC) backend registered
2026-08-29 11:25:22,687 [oasis] INFO: Starting OASiS MCP server
2026-08-29 11:25:22,695 [mcp.server.lowlevel.server] INFO: Processing request of type CallToolRequest
2026-08-29 11:25:22,710 [mcp.server.lowlevel.server] INFO: Processing request of type ListToolsRequest
2026-08-29 11:25:22,717 [oasis] INFO: Session journal saved: /home/alexander/Schreibtisch/ofa-v2/data/sessions/session_1343f735-c7d3-4b3a-99e7-3119934c7852.json (1 events)
[preflight] custody controls verified for 1 problem(s); keys sealed and unreadable by execution
[phase: development] results are for post-mortems and convergence checking, NOT for the paper's evaluation table.
[C9 27b MCP s21] done  calls=71 tok=6197282/43043 915.6s
/home/alexander/Schreibtisch/ofa-v2/campaign3_blind/run_blind.py:768: ResourceWarning: unclosed file <_io.TextIOWrapper name='/home/alexander/Schreibtisch/ofa-v2/campaign3_blind/runs/C9_27b_MCP_seed21/work/trajectory_live.txt' mode='a' encoding='utf-8'>
  run_one(pid, a.model, cond, a.seed, a.timeout)
ResourceWarning: Enable tracemalloc to get the object allocation traceback
/home/alexander/.local/share/python/cpython-3.12.13-linux-x86_64-gnu/lib/python3.12/asyncio/selector_events.py:879: ResourceWarning: unclosed transport <_SelectorSocketTransport fd=8>
<<< C9 seed 21 done 2026-08-29 11:27:32
2026-08-29 11:29:35,874 [oasis.registry] INFO: Loaded discovered config: 5 backends
2026-08-29 11:29:35,876 [oasis.registry] INFO: Registered backend: 4C Multiphysics (fourc)
2026-08-29 11:29:35,877 [oasis.registry] INFO: Registered backend: FEniCSx (dolfinx) (fenics)
2026-08-29 11:29:35,877 [oasis.registry] INFO: Registered backend: deal.II (dealii)
2026-08-29 11:29:35,880 [oasis.registry] INFO: Registered backend: FEBio (febio)
2026-08-29 11:29:35,883 [oasis.registry] INFO: Registered backend: NGSolve (ngsolve)
2026-08-29 11:29:35,883 [oasis.ngsolve] INFO: NGSolve backend registered
2026-08-29 11:29:35,885 [oasis.registry] INFO: Registered backend: scikit-fem (skfem)
2026-08-29 11:29:35,885 [oasis.skfem] INFO: scikit-fem backend registered
2026-08-29 11:29:35,889 [oasis.registry] INFO: Registered backend: Kratos Multiphysics (kratos)
2026-08-29 11:29:35,889 [oasis.kratos] INFO: Kratos Multiphysics backend registered
2026-08-29 11:29:35,891 [oasis.registry] INFO: Registered backend: DUNE-fem (dune)
2026-08-29 11:29:35,891 [oasis.dune] INFO: DUNE-fem backend registered
2026-08-29 11:29:35,897 [oasis.registry] INFO: Registered backend: SPARTA (DSMC) (sparta)
2026-08-29 11:29:35,897 [oasis.sparta] INFO: SPARTA (DSMC) backend registered
2026-08-29 11:29:35,897 [oasis] INFO: Starting OASiS MCP server
2026-08-29 11:29:35,905 [mcp.server.lowlevel.server] INFO: Processing request of type CallToolRequest
2026-08-29 11:29:35,910 [mcp.server.lowlevel.server] INFO: Processing request of type ListToolsRequest
2026-08-29 11:29:51,751 [oasis.registry] INFO: Loaded discovered config: 5 backends
2026-08-29 11:29:51,753 [oasis.registry] INFO: Registered backend: 4C Multiphysics (fourc)
2026-08-29 11:29:51,754 [oasis.registry] INFO: Registered backend: FEniCSx (dolfinx) (fenics)
2026-08-29 11:29:51,754 [oasis.registry] INFO: Registered backend: deal.II (dealii)
2026-08-29 11:29:51,757 [oasis.registry] INFO: Registered backend: FEBio (febio)
2026-08-29 11:29:51,760 [oasis.registry] INFO: Registered backend: NGSolve (ngsolve)
2026-08-29 11:29:51,760 [oasis.ngsolve] INFO: NGSolve backend registered
2026-08-29 11:29:51,762 [oasis.registry] INFO: Registered backend: scikit-fem (skfem)
2026-08-29 11:29:51,762 [oasis.skfem] INFO: scikit-fem backend registered
2026-08-29 11:29:51,766 [oasis.registry] INFO: Registered backend: Kratos Multiphysics (kratos)
2026-08-29 11:29:51,766 [oasis.kratos] INFO: Kratos Multiphysics backend registered
2026-08-29 11:29:51,768 [oasis.registry] INFO: Registered backend: DUNE-fem (dune)
2026-08-29 11:29:51,768 [oasis.dune] INFO: DUNE-fem backend registered
2026-08-29 11:29:51,774 [oasis.registry] INFO: Registered backend: SPARTA (DSMC) (sparta)
2026-08-29 11:29:51,774 [oasis.sparta] INFO: SPARTA (DSMC) backend registered
2026-08-29 11:29:51,774 [oasis] INFO: Starting OASiS MCP server
2026-08-29 11:29:51,782 [mcp.server.lowlevel.server] INFO: Processing request of type CallToolRequest
2026-08-29 11:29:51,785 [mcp.server.lowlevel.server] INFO: Processing request of type ListToolsRequest
2026-08-29 11:29:57,344 [oasis.registry] INFO: Loaded discovered config: 5 backends
2026-08-29 11:29:57,346 [oasis.registry] INFO: Registered backend: 4C Multiphysics (fourc)
2026-08-29 11:29:57,346 [oasis.registry] INFO: Registered backend: FEniCSx (dolfinx) (fenics)
2026-08-29 11:29:57,347 [oasis.registry] INFO: Registered backend: deal.II (dealii)
2026-08-29 11:29:57,350 [oasis.registry] INFO: Registered backend: FEBio (febio)
2026-08-29 11:29:57,352 [oasis.registry] INFO: Registered backend: NGSolve (ngsolve)
2026-08-29 11:29:57,352 [oasis.ngsolve] INFO: NGSolve backend registered
2026-08-29 11:29:57,355 [oasis.registry] INFO: Registered backend: scikit-fem (skfem)
2026-08-29 11:29:57,355 [oasis.skfem] INFO: scikit-fem backend registered
2026-08-29 11:29:57,358 [oasis.registry] INFO: Registered backend: Kratos Multiphysics (kratos)
2026-08-29 11:29:57,358 [oasis.kratos] INFO: Kratos Multiphysics backend registered
2026-08-29 11:29:57,361 [oasis.registry] INFO: Registered backend: DUNE-fem (dune)
2026-08-29 11:29:57,361 [oasis.dune] INFO: DUNE-fem backend registered
2026-08-29 11:29:57,366 [oasis.registry] INFO: Registered backend: SPARTA (DSMC) (sparta)
2026-08-29 11:29:57,366 [oasis.sparta] INFO: SPARTA (DSMC) backend registered
2026-08-29 11:29:57,366 [oasis] INFO: Starting OASiS MCP server
2026-08-29 11:29:57,374 [mcp.server.lowlevel.server] INFO: Processing request of type CallToolRequest
2026-08-29 11:29:57,377 [mcp.server.lowlevel.server] INFO: Processing request of type ListToolsRequest
2026-08-29 11:30:00,049 [oasis.registry] INFO: Loaded discovered config: 5 backends
2026-08-29 11:30:00,050 [oasis.registry] INFO: Registered backend: 4C Multiphysics (fourc)
2026-08-29 11:30:00,051 [oasis.registry] INFO: Registered backend: FEniCSx (dolfinx) (fenics)
2026-08-29 11:30:00,051 [oasis.registry] INFO: Registered backend: deal.II (dealii)
2026-08-29 11:30:00,055 [oasis.registry] INFO: Registered backend: FEBio (febio)
2026-08-29 11:30:00,057 [oasis.registry] INFO: Registered backend: NGSolve (ngsolve)
2026-08-29 11:30:00,057 [oasis.ngsolve] INFO: NGSolve backend registered
2026-08-29 11:30:00,060 [oasis.registry] INFO: Registered backend: scikit-fem (skfem)
2026-08-29 11:30:00,060 [oasis.skfem] INFO: scikit-fem backend registered
2026-08-29 11:30:00,063 [oasis.registry] INFO: Registered backend: Kratos Multiphysics (kratos)
2026-08-29 11:30:00,063 [oasis.kratos] INFO: Kratos Multiphysics backend registered
2026-08-29 11:30:00,066 [oasis.registry] INFO: Registered backend: DUNE-fem (dune)
2026-08-29 11:30:00,066 [oasis.dune] INFO: DUNE-fem backend registered
2026-08-29 11:30:00,071 [oasis.registry] INFO: Registered backend: SPARTA (DSMC) (sparta)
2026-08-29 11:30:00,071 [oasis.sparta] INFO: SPARTA (DSMC) backend registered
2026-08-29 11:30:00,071 [oasis] INFO: Starting OASiS MCP server
2026-08-29 11:30:00,079 [mcp.server.lowlevel.server] INFO: Processing request of type CallToolRequest
2026-08-29 11:30:07,099 [oasis.registry] INFO: Loaded discovered config: 5 backends
2026-08-29 11:30:07,100 [oasis.registry] INFO: Registered backend: 4C Multiphysics (fourc)
2026-08-29 11:30:07,101 [oasis.registry] INFO: Registered backend: FEniCSx (dolfinx) (fenics)
2026-08-29 11:30:07,101 [oasis.registry] INFO: Registered backend: deal.II (dealii)
2026-08-29 11:30:07,105 [oasis.registry] INFO: Registered backend: FEBio (febio)
2026-08-29 11:30:07,107 [oasis.registry] INFO: Registered backend: NGSolve (ngsolve)
2026-08-29 11:30:07,107 [oasis.ngsolve] INFO: NGSolve backend registered
2026-08-29 11:30:07,110 [oasis.registry] INFO: Registered backend: scikit-fem (skfem)
2026-08-29 11:30:07,110 [oasis.skfem] INFO: scikit-fem backend registered
2026-08-29 11:30:07,115 [oasis.registry] INFO: Registered backend: Kratos Multiphysics (kratos)
2026-08-29 11:30:07,115 [oasis.kratos] INFO: Kratos Multiphysics backend registered
2026-08-29 11:30:07,117 [oasis.registry] INFO: Registered backend: DUNE-fem (dune)
2026-08-29 11:30:07,117 [oasis.dune] INFO: DUNE-fem backend registered
2026-08-29 11:30:07,123 [oasis.registry] INFO: Registered backend: SPARTA (DSMC) (sparta)
2026-08-29 11:30:07,123 [oasis.sparta] INFO: SPARTA (DSMC) backend registered
2026-08-29 11:30:07,123 [oasis] INFO: Starting OASiS MCP server
2026-08-29 11:30:07,132 [mcp.server.lowlevel.server] INFO: Processing request of type CallToolRequest
2026-08-29 11:30:07,137 [mcp.server.lowlevel.server] INFO: Processing request of type ListToolsRequest
2026-08-29 11:30:14,358 [oasis.registry] INFO: Loaded discovered config: 5 backends
2026-08-29 11:30:14,360 [oasis.registry] INFO: Registered backend: 4C Multiphysics (fourc)
2026-08-29 11:30:14,365 [oasis.registry] INFO: Registered backend: FEniCSx (dolfinx) (fenics)
2026-08-29 11:30:14,366 [oasis.registry] INFO: Registered backend: deal.II (dealii)
2026-08-29 11:30:14,369 [oasis.registry] INFO: Registered backend: FEBio (febio)
2026-08-29 11:30:14,372 [oasis.registry] INFO: Registered backend: NGSolve (ngsolve)
2026-08-29 11:30:14,372 [oasis.ngsolve] INFO: NGSolve backend registered
2026-08-29 11:30:14,379 [oasis.registry] INFO: Registered backend: scikit-fem (skfem)
2026-08-29 11:30:14,379 [oasis.skfem] INFO: scikit-fem backend registered
2026-08-29 11:30:14,388 [oasis.registry] INFO: Registered backend: Kratos Multiphysics (kratos)
2026-08-29 11:30:14,388 [oasis.kratos] INFO: Kratos Multiphysics backend registered
2026-08-29 11:30:14,391 [oasis.registry] INFO: Registered backend: DUNE-fem (dune)
2026-08-29 11:30:14,391 [oasis.dune] INFO: DUNE-fem backend registered
2026-08-29 11:30:14,397 [oasis.registry] INFO: Registered backend: SPARTA (DSMC) (sparta)
2026-08-29 11:30:14,397 [oasis.sparta] INFO: SPARTA (DSMC) backend registered
2026-08-29 11:30:14,397 [oasis] INFO: Starting OASiS MCP server
2026-08-29 11:30:14,408 [mcp.server.lowlevel.server] INFO: Processing request of type CallToolRequest
2026-08-29 11:30:14,879 [mcp.server.lowlevel.server] INFO: Processing request of type ListToolsRequest
2026-08-29 11:30:14,884 [oasis] INFO: Session journal saved: /home/alexander/Schreibtisch/ofa-v2/data/sessions/session_c4526cb2-5ad0-428d-bd42-3dbeac9d52e6.json (1 events)
2026-08-29 11:30:20,814 [mcp.server.lowlevel.server] INFO: Processing request of type ListToolsRequest
2026-08-29 11:30:20,822 [oasis] INFO: Session journal saved: /home/alexander/Schreibtisch/ofa-v2/data/sessions/session_d4b13da2-dbb6-4d76-a555-898d814af694.json (1 events)
[preflight] custody controls verified for 1 problem(s); keys sealed and unreadable by execution
[phase: development] results are for post-mortems and convergence checking, NOT for the paper's evaluation table.
[C9 27b MCP s22] done  calls=57 tok=5272370/60203 1321.0s
/home/alexander/Schreibtisch/ofa-v2/campaign3_blind/run_blind.py:768: ResourceWarning: unclosed file <_io.TextIOWrapper name='/home/alexander/Schreibtisch/ofa-v2/campaign3_blind/runs/C9_27b_MCP_seed22/work/trajectory_live.txt' mode='a' encoding='utf-8'>
  run_one(pid, a.model, cond, a.seed, a.timeout)
ResourceWarning: Enable tracemalloc to get the object allocation traceback
/home/alexander/.local/share/python/cpython-3.12.13-linux-x86_64-gnu/lib/python3.12/asyncio/selector_events.py:879: ResourceWarning: unclosed transport <_SelectorSocketTransport fd=8>
<<< C9 seed 22 done 2026-08-29 11:34:18
2026-08-29 11:34:48,355 [oasis.registry] INFO: Loaded discovered config: 5 backends
2026-08-29 11:34:48,356 [oasis.registry] INFO: Registered backend: 4C Multiphysics (fourc)
2026-08-29 11:34:48,357 [oasis.registry] INFO: Registered backend: FEniCSx (dolfinx) (fenics)
2026-08-29 11:34:48,357 [oasis.registry] INFO: Registered backend: deal.II (dealii)
2026-08-29 11:34:48,360 [oasis.registry] INFO: Registered backend: FEBio (febio)
2026-08-29 11:34:48,363 [oasis.registry] INFO: Registered backend: NGSolve (ngsolve)
2026-08-29 11:34:48,363 [oasis.ngsolve] INFO: NGSolve backend registered
2026-08-29 11:34:48,365 [oasis.registry] INFO: Registered backend: scikit-fem (skfem)
2026-08-29 11:34:48,365 [oasis.skfem] INFO: scikit-fem backend registered
2026-08-29 11:34:48,369 [oasis.registry] INFO: Registered backend: Kratos Multiphysics (kratos)
2026-08-29 11:34:48,369 [oasis.kratos] INFO: Kratos Multiphysics backend registered
2026-08-29 11:34:48,371 [oasis.registry] INFO: Registered backend: DUNE-fem (dune)
2026-08-29 11:34:48,372 [oasis.dune] INFO: DUNE-fem backend registered
2026-08-29 11:34:48,376 [oasis.registry] INFO: Registered backend: SPARTA (DSMC) (sparta)
2026-08-29 11:34:48,377 [oasis.sparta] INFO: SPARTA (DSMC) backend registered
2026-08-29 11:34:48,377 [oasis] INFO: Starting OASiS MCP server
2026-08-29 11:34:48,384 [mcp.server.lowlevel.server] INFO: Processing request of type CallToolRequest
2026-08-29 11:34:48,387 [mcp.server.lowlevel.server] INFO: Processing request of type ListToolsRequest
2026-08-29 11:35:09,244 [oasis.registry] INFO: Loaded discovered config: 5 backends
2026-08-29 11:35:09,246 [oasis.registry] INFO: Registered backend: 4C Multiphysics (fourc)
2026-08-29 11:35:09,247 [oasis.registry] INFO: Registered backend: FEniCSx (dolfinx) (fenics)
2026-08-29 11:35:09,247 [oasis.registry] INFO: Registered backend: deal.II (dealii)
2026-08-29 11:35:09,250 [oasis.registry] INFO: Registered backend: FEBio (febio)
2026-08-29 11:35:09,253 [oasis.registry] INFO: Registered backend: NGSolve (ngsolve)
2026-08-29 11:35:09,253 [oasis.ngsolve] INFO: NGSolve backend registered
2026-08-29 11:35:09,255 [oasis.registry] INFO: Registered backend: scikit-fem (skfem)
2026-08-29 11:35:09,255 [oasis.skfem] INFO: scikit-fem backend registered
2026-08-29 11:35:09,259 [oasis.registry] INFO: Registered backend: Kratos Multiphysics (kratos)
2026-08-29 11:35:09,259 [oasis.kratos] INFO: Kratos Multiphysics backend registered
2026-08-29 11:35:09,262 [oasis.registry] INFO: Registered backend: DUNE-fem (dune)
2026-08-29 11:35:09,262 [oasis.dune] INFO: DUNE-fem backend registered
2026-08-29 11:35:09,267 [oasis.registry] INFO: Registered backend: SPARTA (DSMC) (sparta)
2026-08-29 11:35:09,267 [oasis.sparta] INFO: SPARTA (DSMC) backend registered
2026-08-29 11:35:09,267 [oasis] INFO: Starting OASiS MCP server
2026-08-29 11:35:09,275 [mcp.server.lowlevel.server] INFO: Processing request of type CallToolRequest
2026-08-29 11:35:09,278 [mcp.server.lowlevel.server] INFO: Processing request of type ListToolsRequest
2026-08-29 11:35:17,125 [oasis.registry] INFO: Loaded discovered config: 5 backends
2026-08-29 11:35:17,127 [oasis.registry] INFO: Registered backend: 4C Multiphysics (fourc)
2026-08-29 11:35:17,127 [oasis.registry] INFO: Registered backend: FEniCSx (dolfinx) (fenics)
2026-08-29 11:35:17,128 [oasis.registry] INFO: Registered backend: deal.II (dealii)
2026-08-29 11:35:17,131 [oasis.registry] INFO: Registered backend: FEBio (febio)
2026-08-29 11:35:17,133 [oasis.registry] INFO: Registered backend: NGSolve (ngsolve)
2026-08-29 11:35:17,133 [oasis.ngsolve] INFO: NGSolve backend registered
2026-08-29 11:35:17,136 [oasis.registry] INFO: Registered backend: scikit-fem (skfem)
2026-08-29 11:35:17,136 [oasis.skfem] INFO: scikit-fem backend registered
2026-08-29 11:35:17,140 [oasis.registry] INFO: Registered backend: Kratos Multiphysics (kratos)
2026-08-29 11:35:17,140 [oasis.kratos] INFO: Kratos Multiphysics backend registered
2026-08-29 11:35:17,142 [oasis.registry] INFO: Registered backend: DUNE-fem (dune)
2026-08-29 11:35:17,142 [oasis.dune] INFO: DUNE-fem backend registered
2026-08-29 11:35:17,147 [oasis.registry] INFO: Registered backend: SPARTA (DSMC) (sparta)
2026-08-29 11:35:17,147 [oasis.sparta] INFO: SPARTA (DSMC) backend registered
2026-08-29 11:35:17,147 [oasis] INFO: Starting OASiS MCP server
2026-08-29 11:35:17,155 [mcp.server.lowlevel.server] INFO: Processing request of type CallToolRequest
2026-08-29 11:35:38,045 [mcp.server.lowlevel.server] INFO: Processing request of type ListToolsRequest
2026-08-29 11:35:38,052 [oasis] INFO: Session journal saved: /home/alexander/Schreibtisch/ofa-v2/data/sessions/session_41acbe83-eda1-46a4-94cf-8b2e454fa8f6.json (1 events)
2026-08-29 11:35:52,447 [oasis.registry] INFO: Loaded discovered config: 5 backends
2026-08-29 11:35:52,448 [oasis.registry] INFO: Registered backend: 4C Multiphysics (fourc)
2026-08-29 11:35:52,449 [oasis.registry] INFO: Registered backend: FEniCSx (dolfinx) (fenics)
2026-08-29 11:35:52,449 [oasis.registry] INFO: Registered backend: deal.II (dealii)
2026-08-29 11:35:52,452 [oasis.registry] INFO: Registered backend: FEBio (febio)
2026-08-29 11:35:52,455 [oasis.registry] INFO: Registered backend: NGSolve (ngsolve)
2026-08-29 11:35:52,455 [oasis.ngsolve] INFO: NGSolve backend registered
2026-08-29 11:35:52,458 [oasis.registry] INFO: Registered backend: scikit-fem (skfem)
2026-08-29 11:35:52,458 [oasis.skfem] INFO: scikit-fem backend registered
2026-08-29 11:35:52,461 [oasis.registry] INFO: Registered backend: Kratos Multiphysics (kratos)
2026-08-29 11:35:52,461 [oasis.kratos] INFO: Kratos Multiphysics backend registered
2026-08-29 11:35:52,464 [oasis.registry] INFO: Registered backend: DUNE-fem (dune)
2026-08-29 11:35:52,464 [oasis.dune] INFO: DUNE-fem backend registered
2026-08-29 11:35:52,469 [oasis.registry] INFO: Registered backend: SPARTA (DSMC) (sparta)
2026-08-29 11:35:52,469 [oasis.sparta] INFO: SPARTA (DSMC) backend registered
2026-08-29 11:35:52,469 [oasis] INFO: Starting OASiS MCP server
2026-08-29 11:35:52,477 [mcp.server.lowlevel.server] INFO: Processing request of type CallToolRequest
2026-08-29 11:35:52,481 [mcp.server.lowlevel.server] INFO: Processing request of type ListToolsRequest
2026-08-29 11:36:00,708 [oasis.registry] INFO: Loaded discovered config: 5 backends
2026-08-29 11:36:00,710 [oasis.registry] INFO: Registered backend: 4C Multiphysics (fourc)
2026-08-29 11:36:00,710 [oasis.registry] INFO: Registered backend: FEniCSx (dolfinx) (fenics)
2026-08-29 11:36:00,711 [oasis.registry] INFO: Registered backend: deal.II (dealii)
2026-08-29 11:36:00,714 [oasis.registry] INFO: Registered backend: FEBio (febio)
2026-08-29 11:36:00,716 [oasis.registry] INFO: Registered backend: NGSolve (ngsolve)
2026-08-29 11:36:00,716 [oasis.ngsolve] INFO: NGSolve backend registered
2026-08-29 11:36:00,719 [oasis.registry] INFO: Registered backend: scikit-fem (skfem)
2026-08-29 11:36:00,719 [oasis.skfem] INFO: scikit-fem backend registered
2026-08-29 11:36:00,722 [oasis.registry] INFO: Registered backend: Kratos Multiphysics (kratos)
2026-08-29 11:36:00,722 [oasis.kratos] INFO: Kratos Multiphysics backend registered
2026-08-29 11:36:00,725 [oasis.registry] INFO: Registered backend: DUNE-fem (dune)
2026-08-29 11:36:00,725 [oasis.dune] INFO: DUNE-fem backend registered
2026-08-29 11:36:00,730 [oasis.registry] INFO: Registered backend: SPARTA (DSMC) (sparta)
2026-08-29 11:36:00,730 [oasis.sparta] INFO: SPARTA (DSMC) backend registered
2026-08-29 11:36:00,730 [oasis] INFO: Starting OASiS MCP server
2026-08-29 11:36:00,738 [mcp.server.lowlevel.server] INFO: Processing request of type CallToolRequest
2026-08-29 11:36:23,831 [mcp.server.lowlevel.server] INFO: Processing request of type ListToolsRequest
2026-08-29 11:36:23,840 [oasis] INFO: Session journal saved: /home/alexander/Schreibtisch/ofa-v2/data/sessions/session_93bddd9f-00c3-47f1-90ff-d51a79f4211f.json (1 events)
2026-08-29 11:40:06,098 [oasis.registry] INFO: Loaded discovered config: 5 backends
2026-08-29 11:40:06,100 [oasis.registry] INFO: Registered backend: 4C Multiphysics (fourc)
2026-08-29 11:40:06,101 [oasis.registry] INFO: Registered backend: FEniCSx (dolfinx) (fenics)
2026-08-29 11:40:06,101 [oasis.registry] INFO: Registered backend: deal.II (dealii)
2026-08-29 11:40:06,104 [oasis.registry] INFO: Registered backend: FEBio (febio)
2026-08-29 11:40:06,107 [oasis.registry] INFO: Registered backend: NGSolve (ngsolve)
2026-08-29 11:40:06,107 [oasis.ngsolve] INFO: NGSolve backend registered
2026-08-29 11:40:06,109 [oasis.registry] INFO: Registered backend: scikit-fem (skfem)
2026-08-29 11:40:06,109 [oasis.skfem] INFO: scikit-fem backend registered
2026-08-29 11:40:06,113 [oasis.registry] INFO: Registered backend: Kratos Multiphysics (kratos)
2026-08-29 11:40:06,113 [oasis.kratos] INFO: Kratos Multiphysics backend registered
2026-08-29 11:40:06,115 [oasis.registry] INFO: Registered backend: DUNE-fem (dune)
2026-08-29 11:40:06,115 [oasis.dune] INFO: DUNE-fem backend registered
2026-08-29 11:40:06,121 [oasis.registry] INFO: Registered backend: SPARTA (DSMC) (sparta)
2026-08-29 11:40:06,121 [oasis.sparta] INFO: SPARTA (DSMC) backend registered
2026-08-29 11:40:06,121 [oasis] INFO: Starting OASiS MCP server
2026-08-29 11:40:06,128 [mcp.server.lowlevel.server] INFO: Processing request of type CallToolRequest
2026-08-29 11:40:06,132 [mcp.server.lowlevel.server] INFO: Processing request of type ListToolsRequest
[preflight] quarantined 2 directory(ies) of prior agent scratch so this run cannot read them:
             /tmp/coupled_elasticity -> runs_quarantine/stray_scratch/coupled_elasticity__39
             /tmp/coupled_sim -> runs_quarantine/stray_scratch/coupled_sim__26
[preflight] custody controls verified for 1 problem(s); keys sealed and unreadable by execution
[phase: development] results are for post-mortems and convergence checking, NOT for the paper's evaluation table.
[C9 27b MCP s23] done  calls=59 tok=5465676/58994 1728.4s
/home/alexander/Schreibtisch/ofa-v2/campaign3_blind/run_blind.py:768: ResourceWarning: unclosed file <_io.TextIOWrapper name='/home/alexander/Schreibtisch/ofa-v2/campaign3_blind/runs/C9_27b_MCP_seed23/work/trajectory_live.txt' mode='a' encoding='utf-8'>
  run_one(pid, a.model, cond, a.seed, a.timeout)
ResourceWarning: Enable tracemalloc to get the object allocation traceback
/home/alexander/.local/share/python/cpython-3.12.13-linux-x86_64-gnu/lib/python3.12/asyncio/selector_events.py:879: ResourceWarning: unclosed transport <_SelectorSocketTransport fd=8>
<<< C9 seed 23 done 2026-08-29 11:41:05
>>> C9 MCP complete 2026-08-29 11:41:05
