>>> probe 2 start 2026-08-27 22:35:17  seed=13  cells=6
2026-08-27 22:35:32,206 [oasis.registry] INFO: Loaded discovered config: 5 backends
2026-08-27 22:35:32,208 [oasis.registry] INFO: Registered backend: 4C Multiphysics (fourc)
2026-08-27 22:35:32,209 [oasis.registry] INFO: Registered backend: FEniCSx (dolfinx) (fenics)
2026-08-27 22:35:32,210 [oasis.registry] INFO: Registered backend: deal.II (dealii)
2026-08-27 22:35:32,214 [oasis.registry] INFO: Registered backend: FEBio (febio)
2026-08-27 22:35:32,217 [oasis.registry] INFO: Registered backend: NGSolve (ngsolve)
2026-08-27 22:35:32,217 [oasis.ngsolve] INFO: NGSolve backend registered
2026-08-27 22:35:32,220 [oasis.registry] INFO: Registered backend: scikit-fem (skfem)
2026-08-27 22:35:32,220 [oasis.skfem] INFO: scikit-fem backend registered
2026-08-27 22:35:32,225 [oasis.registry] INFO: Registered backend: Kratos Multiphysics (kratos)
2026-08-27 22:35:32,225 [oasis.kratos] INFO: Kratos Multiphysics backend registered
2026-08-27 22:35:32,228 [oasis.registry] INFO: Registered backend: DUNE-fem (dune)
2026-08-27 22:35:32,228 [oasis.dune] INFO: DUNE-fem backend registered
2026-08-27 22:35:32,235 [oasis.registry] INFO: Registered backend: SPARTA (DSMC) (sparta)
2026-08-27 22:35:32,235 [oasis.sparta] INFO: SPARTA (DSMC) backend registered
2026-08-27 22:35:32,235 [oasis] INFO: Starting OASiS MCP server
2026-08-27 22:35:32,244 [mcp.server.lowlevel.server] INFO: Processing request of type ListToolsRequest
2026-08-27 22:35:32,250 [oasis.registry] INFO: Loaded discovered config: 5 backends
2026-08-27 22:35:32,253 [oasis.registry] INFO: Registered backend: 4C Multiphysics (fourc)
2026-08-27 22:35:32,253 [oasis.registry] INFO: Registered backend: FEniCSx (dolfinx) (fenics)
2026-08-27 22:35:32,254 [oasis.registry] INFO: Registered backend: deal.II (dealii)
2026-08-27 22:35:32,257 [oasis.registry] INFO: Registered backend: FEBio (febio)
2026-08-27 22:35:32,259 [oasis.registry] INFO: Loaded discovered config: 5 backends
2026-08-27 22:35:32,260 [oasis.registry] INFO: Registered backend: NGSolve (ngsolve)
2026-08-27 22:35:32,260 [oasis.ngsolve] INFO: NGSolve backend registered
2026-08-27 22:35:32,261 [oasis.registry] INFO: Registered backend: 4C Multiphysics (fourc)
2026-08-27 22:35:32,261 [oasis.registry] INFO: Registered backend: FEniCSx (dolfinx) (fenics)
2026-08-27 22:35:32,262 [oasis.registry] INFO: Registered backend: deal.II (dealii)
2026-08-27 22:35:32,262 [oasis.registry] INFO: Registered backend: scikit-fem (skfem)
2026-08-27 22:35:32,262 [oasis.skfem] INFO: scikit-fem backend registered
2026-08-27 22:35:32,265 [oasis.registry] INFO: Registered backend: FEBio (febio)
2026-08-27 22:35:32,266 [oasis.registry] INFO: Registered backend: Kratos Multiphysics (kratos)
2026-08-27 22:35:32,266 [oasis.kratos] INFO: Kratos Multiphysics backend registered
2026-08-27 22:35:32,268 [oasis.registry] INFO: Registered backend: NGSolve (ngsolve)
2026-08-27 22:35:32,268 [oasis.ngsolve] INFO: NGSolve backend registered
2026-08-27 22:35:32,269 [oasis.registry] INFO: Registered backend: DUNE-fem (dune)
2026-08-27 22:35:32,269 [oasis.dune] INFO: DUNE-fem backend registered
2026-08-27 22:35:32,271 [oasis.registry] INFO: Registered backend: scikit-fem (skfem)
2026-08-27 22:35:32,271 [oasis.skfem] INFO: scikit-fem backend registered
2026-08-27 22:35:32,275 [oasis.registry] INFO: Registered backend: Kratos Multiphysics (kratos)
2026-08-27 22:35:32,275 [oasis.kratos] INFO: Kratos Multiphysics backend registered
2026-08-27 22:35:32,276 [oasis.registry] INFO: Registered backend: SPARTA (DSMC) (sparta)
2026-08-27 22:35:32,276 [oasis.sparta] INFO: SPARTA (DSMC) backend registered
2026-08-27 22:35:32,276 [oasis] INFO: Starting OASiS MCP server
2026-08-27 22:35:32,278 [oasis.registry] INFO: Registered backend: DUNE-fem (dune)
2026-08-27 22:35:32,278 [oasis.dune] INFO: DUNE-fem backend registered
2026-08-27 22:35:32,285 [oasis.registry] INFO: Registered backend: SPARTA (DSMC) (sparta)
2026-08-27 22:35:32,285 [oasis.sparta] INFO: SPARTA (DSMC) backend registered
2026-08-27 22:35:32,285 [oasis] INFO: Starting OASiS MCP server
2026-08-27 22:35:32,285 [mcp.server.lowlevel.server] INFO: Processing request of type ListToolsRequest
2026-08-27 22:35:32,294 [mcp.server.lowlevel.server] INFO: Processing request of type ListToolsRequest
2026-08-27 22:35:32,343 [oasis.registry] INFO: Loaded discovered config: 5 backends
2026-08-27 22:35:32,345 [oasis.registry] INFO: Registered backend: 4C Multiphysics (fourc)
2026-08-27 22:35:32,346 [oasis.registry] INFO: Registered backend: FEniCSx (dolfinx) (fenics)
2026-08-27 22:35:32,346 [oasis.registry] INFO: Registered backend: deal.II (dealii)
2026-08-27 22:35:32,350 [oasis.registry] INFO: Registered backend: FEBio (febio)
2026-08-27 22:35:32,352 [oasis.registry] INFO: Registered backend: NGSolve (ngsolve)
2026-08-27 22:35:32,352 [oasis.ngsolve] INFO: NGSolve backend registered
2026-08-27 22:35:32,355 [oasis.registry] INFO: Registered backend: scikit-fem (skfem)
2026-08-27 22:35:32,355 [oasis.skfem] INFO: scikit-fem backend registered
2026-08-27 22:35:32,358 [oasis.registry] INFO: Registered backend: Kratos Multiphysics (kratos)
2026-08-27 22:35:32,358 [oasis.kratos] INFO: Kratos Multiphysics backend registered
2026-08-27 22:35:32,361 [oasis.registry] INFO: Registered backend: DUNE-fem (dune)
2026-08-27 22:35:32,361 [oasis.dune] INFO: DUNE-fem backend registered
2026-08-27 22:35:32,366 [oasis.registry] INFO: Registered backend: SPARTA (DSMC) (sparta)
2026-08-27 22:35:32,366 [oasis.sparta] INFO: SPARTA (DSMC) backend registered
2026-08-27 22:35:32,366 [oasis] INFO: Starting OASiS MCP server
2026-08-27 22:35:32,373 [mcp.server.lowlevel.server] INFO: Processing request of type ListToolsRequest
2026-08-27 22:35:32,403 [oasis.registry] INFO: Loaded discovered config: 5 backends
2026-08-27 22:35:32,406 [oasis.registry] INFO: Registered backend: 4C Multiphysics (fourc)
2026-08-27 22:35:32,407 [oasis.registry] INFO: Registered backend: FEniCSx (dolfinx) (fenics)
2026-08-27 22:35:32,407 [oasis.registry] INFO: Registered backend: deal.II (dealii)
2026-08-27 22:35:32,411 [oasis.registry] INFO: Registered backend: FEBio (febio)
2026-08-27 22:35:32,414 [oasis.registry] INFO: Registered backend: NGSolve (ngsolve)
2026-08-27 22:35:32,415 [oasis.ngsolve] INFO: NGSolve backend registered
2026-08-27 22:35:32,418 [oasis.registry] INFO: Registered backend: scikit-fem (skfem)
2026-08-27 22:35:32,418 [oasis.skfem] INFO: scikit-fem backend registered
2026-08-27 22:35:32,423 [oasis.registry] INFO: Registered backend: Kratos Multiphysics (kratos)
2026-08-27 22:35:32,423 [oasis.kratos] INFO: Kratos Multiphysics backend registered
2026-08-27 22:35:32,426 [oasis.registry] INFO: Registered backend: DUNE-fem (dune)
2026-08-27 22:35:32,426 [oasis.dune] INFO: DUNE-fem backend registered
2026-08-27 22:35:32,433 [oasis.registry] INFO: Registered backend: SPARTA (DSMC) (sparta)
2026-08-27 22:35:32,433 [oasis.sparta] INFO: SPARTA (DSMC) backend registered
2026-08-27 22:35:32,433 [oasis] INFO: Starting OASiS MCP server
2026-08-27 22:35:32,444 [mcp.server.lowlevel.server] INFO: Processing request of type ListToolsRequest
2026-08-27 22:35:32,486 [oasis.registry] INFO: Loaded discovered config: 5 backends
2026-08-27 22:35:32,488 [oasis.registry] INFO: Registered backend: 4C Multiphysics (fourc)
2026-08-27 22:35:32,488 [oasis.registry] INFO: Registered backend: FEniCSx (dolfinx) (fenics)
2026-08-27 22:35:32,489 [oasis.registry] INFO: Registered backend: deal.II (dealii)
2026-08-27 22:35:32,492 [oasis.registry] INFO: Registered backend: FEBio (febio)
2026-08-27 22:35:32,495 [oasis.registry] INFO: Registered backend: NGSolve (ngsolve)
2026-08-27 22:35:32,495 [oasis.ngsolve] INFO: NGSolve backend registered
2026-08-27 22:35:32,498 [oasis.registry] INFO: Registered backend: scikit-fem (skfem)
2026-08-27 22:35:32,498 [oasis.skfem] INFO: scikit-fem backend registered
2026-08-27 22:35:32,502 [oasis.registry] INFO: Registered backend: Kratos Multiphysics (kratos)
2026-08-27 22:35:32,502 [oasis.kratos] INFO: Kratos Multiphysics backend registered
2026-08-27 22:35:32,504 [oasis.registry] INFO: Registered backend: DUNE-fem (dune)
2026-08-27 22:35:32,505 [oasis.dune] INFO: DUNE-fem backend registered
2026-08-27 22:35:32,510 [oasis.registry] INFO: Registered backend: SPARTA (DSMC) (sparta)
2026-08-27 22:35:32,510 [oasis.sparta] INFO: SPARTA (DSMC) backend registered
2026-08-27 22:35:32,510 [oasis] INFO: Starting OASiS MCP server
2026-08-27 22:35:32,519 [mcp.server.lowlevel.server] INFO: Processing request of type ListToolsRequest
2026-08-27 22:36:01,724 [oasis.registry] INFO: Loaded discovered config: 5 backends
2026-08-27 22:36:01,725 [oasis.registry] INFO: Registered backend: 4C Multiphysics (fourc)
2026-08-27 22:36:01,728 [oasis.registry] INFO: Registered backend: FEniCSx (dolfinx) (fenics)
2026-08-27 22:36:01,728 [oasis.registry] INFO: Registered backend: deal.II (dealii)
2026-08-27 22:36:01,731 [oasis.registry] INFO: Registered backend: FEBio (febio)
2026-08-27 22:36:01,734 [oasis.registry] INFO: Registered backend: NGSolve (ngsolve)
2026-08-27 22:36:01,734 [oasis.ngsolve] INFO: NGSolve backend registered
2026-08-27 22:36:01,736 [oasis.registry] INFO: Registered backend: scikit-fem (skfem)
2026-08-27 22:36:01,736 [oasis.skfem] INFO: scikit-fem backend registered
2026-08-27 22:36:01,739 [oasis.registry] INFO: Loaded discovered config: 5 backends
2026-08-27 22:36:01,740 [oasis.registry] INFO: Registered backend: Kratos Multiphysics (kratos)
2026-08-27 22:36:01,740 [oasis.kratos] INFO: Kratos Multiphysics backend registered
2026-08-27 22:36:01,741 [oasis.registry] INFO: Registered backend: 4C Multiphysics (fourc)
2026-08-27 22:36:01,742 [oasis.registry] INFO: Registered backend: FEniCSx (dolfinx) (fenics)
2026-08-27 22:36:01,742 [oasis.registry] INFO: Registered backend: deal.II (dealii)
2026-08-27 22:36:01,742 [oasis.registry] INFO: Registered backend: DUNE-fem (dune)
2026-08-27 22:36:01,742 [oasis.dune] INFO: DUNE-fem backend registered
2026-08-27 22:36:01,745 [oasis.registry] INFO: Registered backend: FEBio (febio)
2026-08-27 22:36:01,747 [oasis.registry] INFO: Registered backend: SPARTA (DSMC) (sparta)
2026-08-27 22:36:01,747 [oasis.sparta] INFO: SPARTA (DSMC) backend registered
2026-08-27 22:36:01,747 [oasis] INFO: Starting OASiS MCP server
2026-08-27 22:36:01,748 [oasis.registry] INFO: Registered backend: NGSolve (ngsolve)
2026-08-27 22:36:01,748 [oasis.ngsolve] INFO: NGSolve backend registered
2026-08-27 22:36:01,750 [oasis.registry] INFO: Registered backend: scikit-fem (skfem)
2026-08-27 22:36:01,750 [oasis.skfem] INFO: scikit-fem backend registered
2026-08-27 22:36:01,754 [oasis.registry] INFO: Registered backend: Kratos Multiphysics (kratos)
2026-08-27 22:36:01,754 [oasis.kratos] INFO: Kratos Multiphysics backend registered
2026-08-27 22:36:01,755 [mcp.server.lowlevel.server] INFO: Processing request of type CallToolRequest
2026-08-27 22:36:01,757 [oasis.registry] INFO: Registered backend: DUNE-fem (dune)
2026-08-27 22:36:01,757 [oasis.dune] INFO: DUNE-fem backend registered
2026-08-27 22:36:01,762 [oasis.registry] INFO: Registered backend: SPARTA (DSMC) (sparta)
2026-08-27 22:36:01,762 [oasis.sparta] INFO: SPARTA (DSMC) backend registered
2026-08-27 22:36:01,762 [oasis] INFO: Starting OASiS MCP server
2026-08-27 22:36:01,769 [mcp.server.lowlevel.server] INFO: Processing request of type CallToolRequest
2026-08-27 22:36:01,785 [mcp.server.lowlevel.server] INFO: Processing request of type ListToolsRequest
2026-08-27 22:36:01,793 [oasis] INFO: Session journal saved: /home/alexander/Schreibtisch/ofa-v2/data/sessions/session_f911b22d-fc1b-47fe-8d1e-0b70e6d08a42.json (1 events)
2026-08-27 22:36:02,074 [oasis.registry] INFO: Loaded discovered config: 5 backends
2026-08-27 22:36:02,076 [oasis.registry] INFO: Registered backend: 4C Multiphysics (fourc)
2026-08-27 22:36:02,077 [oasis.registry] INFO: Registered backend: FEniCSx (dolfinx) (fenics)
2026-08-27 22:36:02,078 [oasis.registry] INFO: Registered backend: deal.II (dealii)
2026-08-27 22:36:02,081 [oasis.registry] INFO: Registered backend: FEBio (febio)
2026-08-27 22:36:02,082 [oasis.registry] INFO: Loaded discovered config: 5 backends
2026-08-27 22:36:02,083 [oasis.registry] INFO: Loaded discovered config: 5 backends
2026-08-27 22:36:02,083 [oasis.registry] INFO: Registered backend: 4C Multiphysics (fourc)
2026-08-27 22:36:02,084 [oasis.registry] INFO: Registered backend: NGSolve (ngsolve)
2026-08-27 22:36:02,084 [oasis.ngsolve] INFO: NGSolve backend registered
2026-08-27 22:36:02,084 [oasis.registry] INFO: Registered backend: FEniCSx (dolfinx) (fenics)
2026-08-27 22:36:02,085 [oasis.registry] INFO: Registered backend: deal.II (dealii)
2026-08-27 22:36:02,085 [oasis.registry] INFO: Registered backend: 4C Multiphysics (fourc)
2026-08-27 22:36:02,085 [oasis.registry] INFO: Registered backend: FEniCSx (dolfinx) (fenics)
2026-08-27 22:36:02,086 [oasis.registry] INFO: Registered backend: deal.II (dealii)
2026-08-27 22:36:02,087 [oasis.registry] INFO: Registered backend: scikit-fem (skfem)
2026-08-27 22:36:02,087 [oasis.skfem] INFO: scikit-fem backend registered
2026-08-27 22:36:02,088 [oasis.registry] INFO: Registered backend: FEBio (febio)
2026-08-27 22:36:02,090 [oasis.registry] INFO: Registered backend: FEBio (febio)
2026-08-27 22:36:02,091 [oasis.registry] INFO: Registered backend: NGSolve (ngsolve)
2026-08-27 22:36:02,091 [oasis.ngsolve] INFO: NGSolve backend registered
2026-08-27 22:36:02,092 [oasis.registry] INFO: Registered backend: Kratos Multiphysics (kratos)
2026-08-27 22:36:02,092 [oasis.kratos] INFO: Kratos Multiphysics backend registered
2026-08-27 22:36:02,093 [oasis.registry] INFO: Registered backend: NGSolve (ngsolve)
2026-08-27 22:36:02,093 [oasis.ngsolve] INFO: NGSolve backend registered
2026-08-27 22:36:02,094 [oasis.registry] INFO: Registered backend: scikit-fem (skfem)
2026-08-27 22:36:02,094 [oasis.skfem] INFO: scikit-fem backend registered
2026-08-27 22:36:02,095 [oasis.registry] INFO: Registered backend: DUNE-fem (dune)
2026-08-27 22:36:02,095 [oasis.dune] INFO: DUNE-fem backend registered
2026-08-27 22:36:02,095 [oasis.registry] INFO: Registered backend: scikit-fem (skfem)
2026-08-27 22:36:02,095 [oasis.skfem] INFO: scikit-fem backend registered
2026-08-27 22:36:02,098 [oasis.registry] INFO: Registered backend: Kratos Multiphysics (kratos)
2026-08-27 22:36:02,098 [oasis.kratos] INFO: Kratos Multiphysics backend registered
2026-08-27 22:36:02,099 [oasis.registry] INFO: Registered backend: Kratos Multiphysics (kratos)
2026-08-27 22:36:02,099 [oasis.kratos] INFO: Kratos Multiphysics backend registered
2026-08-27 22:36:02,100 [oasis.registry] INFO: Registered backend: SPARTA (DSMC) (sparta)
2026-08-27 22:36:02,100 [oasis.sparta] INFO: SPARTA (DSMC) backend registered
2026-08-27 22:36:02,100 [oasis] INFO: Starting OASiS MCP server
2026-08-27 22:36:02,101 [oasis.registry] INFO: Registered backend: DUNE-fem (dune)
2026-08-27 22:36:02,101 [oasis.dune] INFO: DUNE-fem backend registered
2026-08-27 22:36:02,102 [oasis.registry] INFO: Registered backend: DUNE-fem (dune)
2026-08-27 22:36:02,102 [oasis.dune] INFO: DUNE-fem backend registered
2026-08-27 22:36:02,106 [oasis.registry] INFO: Registered backend: SPARTA (DSMC) (sparta)
2026-08-27 22:36:02,106 [oasis.sparta] INFO: SPARTA (DSMC) backend registered
2026-08-27 22:36:02,106 [oasis] INFO: Starting OASiS MCP server
2026-08-27 22:36:02,108 [oasis.registry] INFO: Registered backend: SPARTA (DSMC) (sparta)
2026-08-27 22:36:02,108 [oasis.sparta] INFO: SPARTA (DSMC) backend registered
2026-08-27 22:36:02,108 [oasis] INFO: Starting OASiS MCP server
2026-08-27 22:36:02,109 [mcp.server.lowlevel.server] INFO: Processing request of type CallToolRequest
2026-08-27 22:36:02,116 [mcp.server.lowlevel.server] INFO: Processing request of type CallToolRequest
2026-08-27 22:36:02,116 [mcp.server.lowlevel.server] INFO: Processing request of type CallToolRequest
2026-08-27 22:36:02,134 [mcp.server.lowlevel.server] INFO: Processing request of type ListToolsRequest
2026-08-27 22:36:02,146 [oasis] INFO: Session journal saved: /home/alexander/Schreibtisch/ofa-v2/data/sessions/session_bdea02db-6e29-48d5-9222-a061f09e42a5.json (1 events)
2026-08-27 22:36:02,738 [oasis.registry] INFO: Loaded discovered config: 5 backends
2026-08-27 22:36:02,741 [oasis.registry] INFO: Registered backend: 4C Multiphysics (fourc)
2026-08-27 22:36:02,741 [oasis.registry] INFO: Registered backend: FEniCSx (dolfinx) (fenics)
2026-08-27 22:36:02,742 [oasis.registry] INFO: Registered backend: deal.II (dealii)
2026-08-27 22:36:02,746 [oasis.registry] INFO: Registered backend: FEBio (febio)
2026-08-27 22:36:02,749 [oasis.registry] INFO: Registered backend: NGSolve (ngsolve)
2026-08-27 22:36:02,749 [oasis.ngsolve] INFO: NGSolve backend registered
2026-08-27 22:36:02,752 [oasis.registry] INFO: Registered backend: scikit-fem (skfem)
2026-08-27 22:36:02,752 [oasis.skfem] INFO: scikit-fem backend registered
2026-08-27 22:36:02,756 [oasis.registry] INFO: Registered backend: Kratos Multiphysics (kratos)
2026-08-27 22:36:02,756 [oasis.kratos] INFO: Kratos Multiphysics backend registered
2026-08-27 22:36:02,756 [oasis.registry] INFO: Loaded discovered config: 5 backends
2026-08-27 22:36:02,759 [oasis.registry] INFO: Registered backend: DUNE-fem (dune)
2026-08-27 22:36:02,759 [oasis.dune] INFO: DUNE-fem backend registered
2026-08-27 22:36:02,759 [oasis.registry] INFO: Registered backend: 4C Multiphysics (fourc)
2026-08-27 22:36:02,760 [oasis.registry] INFO: Registered backend: FEniCSx (dolfinx) (fenics)
2026-08-27 22:36:02,760 [oasis.registry] INFO: Registered backend: deal.II (dealii)
2026-08-27 22:36:02,764 [oasis.registry] INFO: Registered backend: SPARTA (DSMC) (sparta)
2026-08-27 22:36:02,764 [oasis.sparta] INFO: SPARTA (DSMC) backend registered
2026-08-27 22:36:02,764 [oasis] INFO: Starting OASiS MCP server
2026-08-27 22:36:02,766 [oasis.registry] INFO: Registered backend: FEBio (febio)
2026-08-27 22:36:02,766 [oasis.registry] INFO: Loaded discovered config: 5 backends
2026-08-27 22:36:02,768 [oasis.registry] INFO: Registered backend: 4C Multiphysics (fourc)
2026-08-27 22:36:02,769 [oasis.registry] INFO: Registered backend: FEniCSx (dolfinx) (fenics)
2026-08-27 22:36:02,769 [oasis.registry] INFO: Registered backend: deal.II (dealii)
2026-08-27 22:36:02,770 [oasis.registry] INFO: Registered backend: NGSolve (ngsolve)
2026-08-27 22:36:02,770 [oasis.ngsolve] INFO: NGSolve backend registered
2026-08-27 22:36:02,772 [mcp.server.lowlevel.server] INFO: Processing request of type CallToolRequest
2026-08-27 22:36:02,773 [oasis.registry] INFO: Registered backend: FEBio (febio)
2026-08-27 22:36:02,773 [oasis.registry] INFO: Registered backend: scikit-fem (skfem)
2026-08-27 22:36:02,773 [oasis.registry] INFO: Loaded discovered config: 5 backends
2026-08-27 22:36:02,773 [oasis.skfem] INFO: scikit-fem backend registered
2026-08-27 22:36:02,775 [oasis.registry] INFO: Registered backend: NGSolve (ngsolve)
2026-08-27 22:36:02,775 [oasis.ngsolve] INFO: NGSolve backend registered
2026-08-27 22:36:02,776 [oasis.registry] INFO: Registered backend: 4C Multiphysics (fourc)
2026-08-27 22:36:02,777 [oasis.registry] INFO: Registered backend: FEniCSx (dolfinx) (fenics)
2026-08-27 22:36:02,777 [oasis.registry] INFO: Registered backend: Kratos Multiphysics (kratos)
2026-08-27 22:36:02,777 [oasis.kratos] INFO: Kratos Multiphysics backend registered
2026-08-27 22:36:02,778 [oasis.registry] INFO: Registered backend: deal.II (dealii)
2026-08-27 22:36:02,778 [oasis.registry] INFO: Registered backend: scikit-fem (skfem)
2026-08-27 22:36:02,778 [oasis.skfem] INFO: scikit-fem backend registered
2026-08-27 22:36:02,780 [oasis.registry] INFO: Registered backend: DUNE-fem (dune)
2026-08-27 22:36:02,780 [oasis.dune] INFO: DUNE-fem backend registered
2026-08-27 22:36:02,783 [oasis.registry] INFO: Registered backend: FEBio (febio)
2026-08-27 22:36:02,783 [oasis.registry] INFO: Registered backend: Kratos Multiphysics (kratos)
2026-08-27 22:36:02,783 [oasis.kratos] INFO: Kratos Multiphysics backend registered
2026-08-27 22:36:02,785 [oasis.registry] INFO: Registered backend: SPARTA (DSMC) (sparta)
2026-08-27 22:36:02,785 [oasis.sparta] INFO: SPARTA (DSMC) backend registered
2026-08-27 22:36:02,785 [oasis] INFO: Starting OASiS MCP server
2026-08-27 22:36:02,785 [oasis.registry] INFO: Registered backend: DUNE-fem (dune)
2026-08-27 22:36:02,786 [oasis.dune] INFO: DUNE-fem backend registered
2026-08-27 22:36:02,786 [oasis.registry] INFO: Registered backend: NGSolve (ngsolve)
2026-08-27 22:36:02,786 [oasis.ngsolve] INFO: NGSolve backend registered
2026-08-27 22:36:02,789 [oasis.registry] INFO: Registered backend: scikit-fem (skfem)
2026-08-27 22:36:02,789 [oasis.skfem] INFO: scikit-fem backend registered
2026-08-27 22:36:02,791 [oasis.registry] INFO: Registered backend: SPARTA (DSMC) (sparta)
2026-08-27 22:36:02,791 [oasis.sparta] INFO: SPARTA (DSMC) backend registered
2026-08-27 22:36:02,791 [oasis] INFO: Starting OASiS MCP server
2026-08-27 22:36:02,793 [mcp.server.lowlevel.server] INFO: Processing request of type ListToolsRequest
2026-08-27 22:36:02,793 [oasis.registry] INFO: Registered backend: Kratos Multiphysics (kratos)
2026-08-27 22:36:02,793 [oasis.kratos] INFO: Kratos Multiphysics backend registered
2026-08-27 22:36:02,794 [mcp.server.lowlevel.server] INFO: Processing request of type CallToolRequest
2026-08-27 22:36:02,796 [oasis.registry] INFO: Registered backend: DUNE-fem (dune)
2026-08-27 22:36:02,796 [oasis.dune] INFO: DUNE-fem backend registered
2026-08-27 22:36:02,800 [oasis] INFO: Session journal saved: /home/alexander/Schreibtisch/ofa-v2/data/sessions/session_4733702b-8759-45b6-b414-061747aea2f3.json (1 events)
2026-08-27 22:36:02,801 [mcp.server.lowlevel.server] INFO: Processing request of type CallToolRequest
2026-08-27 22:36:02,802 [oasis.registry] INFO: Loaded discovered config: 5 backends
2026-08-27 22:36:02,802 [oasis.registry] INFO: Registered backend: SPARTA (DSMC) (sparta)
2026-08-27 22:36:02,802 [oasis.sparta] INFO: SPARTA (DSMC) backend registered
2026-08-27 22:36:02,802 [oasis] INFO: Starting OASiS MCP server
2026-08-27 22:36:02,804 [oasis.registry] INFO: Registered backend: 4C Multiphysics (fourc)
2026-08-27 22:36:02,805 [oasis.registry] INFO: Registered backend: FEniCSx (dolfinx) (fenics)
2026-08-27 22:36:02,806 [oasis.registry] INFO: Registered backend: deal.II (dealii)
2026-08-27 22:36:02,809 [oasis.registry] INFO: Registered backend: FEBio (febio)
2026-08-27 22:36:02,812 [mcp.server.lowlevel.server] INFO: Processing request of type CallToolRequest
2026-08-27 22:36:02,812 [oasis.registry] INFO: Registered backend: NGSolve (ngsolve)
2026-08-27 22:36:02,812 [oasis.ngsolve] INFO: NGSolve backend registered
2026-08-27 22:36:02,814 [oasis.registry] INFO: Loaded discovered config: 5 backends
2026-08-27 22:36:02,815 [oasis.registry] INFO: Loaded discovered config: 5 backends
2026-08-27 22:36:02,816 [oasis.registry] INFO: Registered backend: scikit-fem (skfem)
2026-08-27 22:36:02,816 [oasis.skfem] INFO: scikit-fem backend registered
2026-08-27 22:36:02,816 [oasis.registry] INFO: Registered backend: 4C Multiphysics (fourc)
2026-08-27 22:36:02,816 [oasis.registry] INFO: Registered backend: 4C Multiphysics (fourc)
2026-08-27 22:36:02,817 [oasis.registry] INFO: Registered backend: FEniCSx (dolfinx) (fenics)
2026-08-27 22:36:02,817 [oasis.registry] INFO: Registered backend: FEniCSx (dolfinx) (fenics)
2026-08-27 22:36:02,818 [oasis.registry] INFO: Registered backend: deal.II (dealii)
2026-08-27 22:36:02,818 [oasis.registry] INFO: Registered backend: deal.II (dealii)
2026-08-27 22:36:02,819 [mcp.server.lowlevel.server] INFO: Processing request of type ListToolsRequest
2026-08-27 22:36:02,820 [oasis.registry] INFO: Registered backend: Kratos Multiphysics (kratos)
2026-08-27 22:36:02,820 [oasis.kratos] INFO: Kratos Multiphysics backend registered
2026-08-27 22:36:02,821 [oasis.registry] INFO: Registered backend: FEBio (febio)
2026-08-27 22:36:02,823 [oasis.registry] INFO: Registered backend: DUNE-fem (dune)
2026-08-27 22:36:02,823 [oasis.dune] INFO: DUNE-fem backend registered
2026-08-27 22:36:02,823 [oasis.registry] INFO: Registered backend: FEBio (febio)
2026-08-27 22:36:02,823 [oasis.registry] INFO: Registered backend: NGSolve (ngsolve)
2026-08-27 22:36:02,824 [oasis.ngsolve] INFO: NGSolve backend registered
2026-08-27 22:36:02,826 [oasis.registry] INFO: Registered backend: scikit-fem (skfem)
2026-08-27 22:36:02,826 [oasis.skfem] INFO: scikit-fem backend registered
2026-08-27 22:36:02,827 [oasis.registry] INFO: Registered backend: NGSolve (ngsolve)
2026-08-27 22:36:02,827 [oasis.ngsolve] INFO: NGSolve backend registered
2026-08-27 22:36:02,827 [oasis] INFO: Session journal saved: /home/alexander/Schreibtisch/ofa-v2/data/sessions/session_646b303b-6b69-474a-bcb9-d29aa7846a43.json (1 events)
2026-08-27 22:36:02,829 [oasis.registry] INFO: Registered backend: SPARTA (DSMC) (sparta)
2026-08-27 22:36:02,829 [oasis.sparta] INFO: SPARTA (DSMC) backend registered
2026-08-27 22:36:02,829 [oasis] INFO: Starting OASiS MCP server
2026-08-27 22:36:02,830 [oasis.registry] INFO: Registered backend: scikit-fem (skfem)
2026-08-27 22:36:02,830 [oasis.skfem] INFO: scikit-fem backend registered
2026-08-27 22:36:02,830 [oasis.registry] INFO: Registered backend: Kratos Multiphysics (kratos)
2026-08-27 22:36:02,830 [oasis.kratos] INFO: Kratos Multiphysics backend registered
2026-08-27 22:36:02,833 [oasis.registry] INFO: Registered backend: DUNE-fem (dune)
2026-08-27 22:36:02,833 [oasis.dune] INFO: DUNE-fem backend registered
2026-08-27 22:36:02,835 [oasis.registry] INFO: Registered backend: Kratos Multiphysics (kratos)
2026-08-27 22:36:02,835 [oasis.kratos] INFO: Kratos Multiphysics backend registered
2026-08-27 22:36:02,838 [oasis.registry] INFO: Registered backend: DUNE-fem (dune)
2026-08-27 22:36:02,838 [oasis.dune] INFO: DUNE-fem backend registered
2026-08-27 22:36:02,838 [oasis.registry] INFO: Registered backend: SPARTA (DSMC) (sparta)
2026-08-27 22:36:02,838 [oasis.sparta] INFO: SPARTA (DSMC) backend registered
2026-08-27 22:36:02,838 [oasis] INFO: Starting OASiS MCP server
2026-08-27 22:36:02,839 [mcp.server.lowlevel.server] INFO: Processing request of type CallToolRequest
2026-08-27 22:36:02,844 [oasis.registry] INFO: Registered backend: SPARTA (DSMC) (sparta)
2026-08-27 22:36:02,844 [oasis.sparta] INFO: SPARTA (DSMC) backend registered
2026-08-27 22:36:02,844 [oasis] INFO: Starting OASiS MCP server
2026-08-27 22:36:02,847 [mcp.server.lowlevel.server] INFO: Processing request of type CallToolRequest
2026-08-27 22:36:02,848 [mcp.server.lowlevel.server] INFO: Processing request of type ListToolsRequest
2026-08-27 22:36:02,854 [mcp.server.lowlevel.server] INFO: Processing request of type CallToolRequest
2026-08-27 22:36:02,855 [oasis] INFO: Session journal saved: /home/alexander/Schreibtisch/ofa-v2/data/sessions/session_8deb34ac-cbb9-4a9a-ae20-1e1435c3501e.json (1 events)
2026-08-27 22:36:02,866 [mcp.server.lowlevel.server] INFO: Processing request of type ListToolsRequest
2026-08-27 22:36:02,875 [oasis] INFO: Session journal saved: /home/alexander/Schreibtisch/ofa-v2/data/sessions/session_113c57f1-c162-4b5b-84a4-66adfb2c84e8.json (1 events)
2026-08-27 22:36:03,201 [oasis.registry] INFO: Loaded discovered config: 5 backends
2026-08-27 22:36:03,203 [oasis.registry] INFO: Registered backend: 4C Multiphysics (fourc)
2026-08-27 22:36:03,204 [oasis.registry] INFO: Registered backend: FEniCSx (dolfinx) (fenics)
2026-08-27 22:36:03,204 [oasis.registry] INFO: Registered backend: deal.II (dealii)
2026-08-27 22:36:03,207 [oasis.registry] INFO: Loaded discovered config: 5 backends
2026-08-27 22:36:03,207 [oasis.registry] INFO: Registered backend: FEBio (febio)
2026-08-27 22:36:03,209 [oasis.registry] INFO: Registered backend: 4C Multiphysics (fourc)
2026-08-27 22:36:03,209 [oasis.registry] INFO: Registered backend: FEniCSx (dolfinx) (fenics)
2026-08-27 22:36:03,210 [oasis.registry] INFO: Registered backend: deal.II (dealii)
2026-08-27 22:36:03,210 [oasis.registry] INFO: Registered backend: NGSolve (ngsolve)
2026-08-27 22:36:03,210 [oasis.ngsolve] INFO: NGSolve backend registered
2026-08-27 22:36:03,213 [oasis.registry] INFO: Registered backend: scikit-fem (skfem)
2026-08-27 22:36:03,213 [oasis.skfem] INFO: scikit-fem backend registered
2026-08-27 22:36:03,213 [oasis.registry] INFO: Registered backend: FEBio (febio)
2026-08-27 22:36:03,216 [oasis.registry] INFO: Registered backend: NGSolve (ngsolve)
2026-08-27 22:36:03,216 [oasis.ngsolve] INFO: NGSolve backend registered
2026-08-27 22:36:03,217 [oasis.registry] INFO: Registered backend: Kratos Multiphysics (kratos)
2026-08-27 22:36:03,217 [oasis.kratos] INFO: Kratos Multiphysics backend registered
2026-08-27 22:36:03,218 [oasis.registry] INFO: Registered backend: scikit-fem (skfem)
2026-08-27 22:36:03,218 [oasis.skfem] INFO: scikit-fem backend registered
2026-08-27 22:36:03,219 [oasis.registry] INFO: Registered backend: DUNE-fem (dune)
2026-08-27 22:36:03,219 [oasis.dune] INFO: DUNE-fem backend registered
2026-08-27 22:36:03,222 [oasis.registry] INFO: Registered backend: Kratos Multiphysics (kratos)
2026-08-27 22:36:03,222 [oasis.kratos] INFO: Kratos Multiphysics backend registered
2026-08-27 22:36:03,225 [oasis.registry] INFO: Registered backend: SPARTA (DSMC) (sparta)
2026-08-27 22:36:03,225 [oasis.sparta] INFO: SPARTA (DSMC) backend registered
2026-08-27 22:36:03,225 [oasis] INFO: Starting OASiS MCP server
2026-08-27 22:36:03,226 [oasis.registry] INFO: Registered backend: DUNE-fem (dune)
2026-08-27 22:36:03,226 [oasis.dune] INFO: DUNE-fem backend registered
2026-08-27 22:36:03,231 [oasis.registry] INFO: Registered backend: SPARTA (DSMC) (sparta)
2026-08-27 22:36:03,231 [oasis.sparta] INFO: SPARTA (DSMC) backend registered
2026-08-27 22:36:03,231 [oasis] INFO: Starting OASiS MCP server
2026-08-27 22:36:03,234 [mcp.server.lowlevel.server] INFO: Processing request of type CallToolRequest
2026-08-27 22:36:03,238 [mcp.server.lowlevel.server] INFO: Processing request of type CallToolRequest
2026-08-27 22:36:03,240 [mcp.server.lowlevel.server] INFO: Processing request of type ListToolsRequest
2026-08-27 22:36:03,248 [oasis.registry] INFO: Loaded discovered config: 5 backends
2026-08-27 22:36:03,250 [oasis.registry] INFO: Registered backend: 4C Multiphysics (fourc)
2026-08-27 22:36:03,250 [mcp.server.lowlevel.server] INFO: Processing request of type ListToolsRequest
2026-08-27 22:36:03,250 [oasis.registry] INFO: Registered backend: FEniCSx (dolfinx) (fenics)
2026-08-27 22:36:03,250 [oasis] INFO: Session journal saved: /home/alexander/Schreibtisch/ofa-v2/data/sessions/session_73449c88-4c6e-4146-8ea7-1c00d6868fb1.json (1 events)
2026-08-27 22:36:03,251 [oasis.registry] INFO: Registered backend: deal.II (dealii)
2026-08-27 22:36:03,254 [oasis.registry] INFO: Registered backend: FEBio (febio)
2026-08-27 22:36:03,256 [oasis.registry] INFO: Registered backend: NGSolve (ngsolve)
2026-08-27 22:36:03,256 [oasis.ngsolve] INFO: NGSolve backend registered
2026-08-27 22:36:03,258 [oasis] INFO: Session journal saved: /home/alexander/Schreibtisch/ofa-v2/data/sessions/session_ef9b33b1-4a5f-4fc7-96dd-dc9c55169ccd.json (1 events)
2026-08-27 22:36:03,259 [oasis.registry] INFO: Registered backend: scikit-fem (skfem)
2026-08-27 22:36:03,259 [oasis.skfem] INFO: scikit-fem backend registered
2026-08-27 22:36:03,263 [oasis.registry] INFO: Registered backend: Kratos Multiphysics (kratos)
2026-08-27 22:36:03,263 [oasis.kratos] INFO: Kratos Multiphysics backend registered
2026-08-27 22:36:03,265 [oasis.registry] INFO: Registered backend: DUNE-fem (dune)
2026-08-27 22:36:03,265 [oasis.dune] INFO: DUNE-fem backend registered
2026-08-27 22:36:03,270 [oasis.registry] INFO: Registered backend: SPARTA (DSMC) (sparta)
2026-08-27 22:36:03,270 [oasis.sparta] INFO: SPARTA (DSMC) backend registered
2026-08-27 22:36:03,270 [oasis] INFO: Starting OASiS MCP server
2026-08-27 22:36:03,278 [mcp.server.lowlevel.server] INFO: Processing request of type CallToolRequest
2026-08-27 22:36:04,427 [oasis.registry] INFO: Loaded discovered config: 5 backends
2026-08-27 22:36:04,431 [oasis.registry] INFO: Registered backend: 4C Multiphysics (fourc)
2026-08-27 22:36:04,432 [oasis.registry] INFO: Registered backend: FEniCSx (dolfinx) (fenics)
2026-08-27 22:36:04,432 [oasis.registry] INFO: Registered backend: deal.II (dealii)
2026-08-27 22:36:04,436 [oasis.registry] INFO: Registered backend: FEBio (febio)
2026-08-27 22:36:04,443 [oasis.registry] INFO: Registered backend: NGSolve (ngsolve)
2026-08-27 22:36:04,443 [oasis.ngsolve] INFO: NGSolve backend registered
2026-08-27 22:36:04,448 [oasis.registry] INFO: Registered backend: scikit-fem (skfem)
2026-08-27 22:36:04,448 [oasis.skfem] INFO: scikit-fem backend registered
2026-08-27 22:36:04,452 [oasis.registry] INFO: Registered backend: Kratos Multiphysics (kratos)
2026-08-27 22:36:04,453 [oasis.kratos] INFO: Kratos Multiphysics backend registered
2026-08-27 22:36:04,458 [oasis.registry] INFO: Registered backend: DUNE-fem (dune)
2026-08-27 22:36:04,458 [oasis.dune] INFO: DUNE-fem backend registered
2026-08-27 22:36:04,464 [oasis.registry] INFO: Registered backend: SPARTA (DSMC) (sparta)
2026-08-27 22:36:04,464 [oasis.sparta] INFO: SPARTA (DSMC) backend registered
2026-08-27 22:36:04,464 [oasis] INFO: Starting OASiS MCP server
2026-08-27 22:36:04,471 [oasis.registry] INFO: Loaded discovered config: 5 backends
2026-08-27 22:36:04,472 [mcp.server.lowlevel.server] INFO: Processing request of type CallToolRequest
2026-08-27 22:36:04,473 [oasis.registry] INFO: Registered backend: 4C Multiphysics (fourc)
2026-08-27 22:36:04,474 [oasis.registry] INFO: Registered backend: FEniCSx (dolfinx) (fenics)
2026-08-27 22:36:04,475 [oasis.registry] INFO: Registered backend: deal.II (dealii)
2026-08-27 22:36:04,478 [mcp.server.lowlevel.server] INFO: Processing request of type ListToolsRequest
2026-08-27 22:36:04,479 [oasis.registry] INFO: Registered backend: FEBio (febio)
2026-08-27 22:36:04,482 [oasis.registry] INFO: Registered backend: NGSolve (ngsolve)
2026-08-27 22:36:04,482 [oasis.ngsolve] INFO: NGSolve backend registered
2026-08-27 22:36:04,485 [oasis.registry] INFO: Registered backend: scikit-fem (skfem)
2026-08-27 22:36:04,486 [oasis.skfem] INFO: scikit-fem backend registered
2026-08-27 22:36:04,487 [oasis] INFO: Session journal saved: /home/alexander/Schreibtisch/ofa-v2/data/sessions/session_7b733c1a-a08e-42b5-8ecb-d68bb5eb1b37.json (1 events)
2026-08-27 22:36:04,490 [oasis.registry] INFO: Registered backend: Kratos Multiphysics (kratos)
2026-08-27 22:36:04,490 [oasis.kratos] INFO: Kratos Multiphysics backend registered
2026-08-27 22:36:04,493 [oasis.registry] INFO: Registered backend: DUNE-fem (dune)
2026-08-27 22:36:04,493 [oasis.dune] INFO: DUNE-fem backend registered
2026-08-27 22:36:04,502 [oasis.registry] INFO: Registered backend: SPARTA (DSMC) (sparta)
2026-08-27 22:36:04,502 [oasis.sparta] INFO: SPARTA (DSMC) backend registered
2026-08-27 22:36:04,502 [oasis] INFO: Starting OASiS MCP server
2026-08-27 22:36:04,515 [mcp.server.lowlevel.server] INFO: Processing request of type CallToolRequest
2026-08-27 22:36:04,553 [oasis.registry] INFO: Loaded discovered config: 5 backends
2026-08-27 22:36:04,556 [oasis.registry] INFO: Registered backend: 4C Multiphysics (fourc)
2026-08-27 22:36:04,557 [oasis.registry] INFO: Registered backend: FEniCSx (dolfinx) (fenics)
2026-08-27 22:36:04,558 [oasis.registry] INFO: Registered backend: deal.II (dealii)
2026-08-27 22:36:04,562 [oasis.registry] INFO: Registered backend: FEBio (febio)
2026-08-27 22:36:04,565 [oasis.registry] INFO: Registered backend: NGSolve (ngsolve)
2026-08-27 22:36:04,565 [oasis.ngsolve] INFO: NGSolve backend registered
2026-08-27 22:36:04,569 [oasis.registry] INFO: Registered backend: scikit-fem (skfem)
2026-08-27 22:36:04,569 [oasis.skfem] INFO: scikit-fem backend registered
2026-08-27 22:36:04,574 [oasis.registry] INFO: Registered backend: Kratos Multiphysics (kratos)
2026-08-27 22:36:04,574 [oasis.kratos] INFO: Kratos Multiphysics backend registered
2026-08-27 22:36:04,578 [oasis.registry] INFO: Registered backend: DUNE-fem (dune)
2026-08-27 22:36:04,578 [oasis.dune] INFO: DUNE-fem backend registered
2026-08-27 22:36:04,585 [oasis.registry] INFO: Registered backend: SPARTA (DSMC) (sparta)
2026-08-27 22:36:04,586 [oasis.sparta] INFO: SPARTA (DSMC) backend registered
2026-08-27 22:36:04,586 [oasis] INFO: Starting OASiS MCP server
2026-08-27 22:36:04,596 [mcp.server.lowlevel.server] INFO: Processing request of type CallToolRequest
2026-08-27 22:36:04,649 [mcp.server.lowlevel.server] INFO: Processing request of type ListToolsRequest
2026-08-27 22:36:04,656 [oasis] INFO: Session journal saved: /home/alexander/Schreibtisch/ofa-v2/data/sessions/session_8fcc1afe-c68f-4cfd-878a-7503c09ea58c.json (1 events)
2026-08-27 22:36:06,058 [mcp.server.lowlevel.server] INFO: Processing request of type ListToolsRequest
2026-08-27 22:36:06,305 [mcp.server.lowlevel.server] INFO: Processing request of type ListToolsRequest
2026-08-27 22:36:06,311 [oasis] INFO: Session journal saved: /home/alexander/Schreibtisch/ofa-v2/data/sessions/session_74ca8bd8-d955-48f0-bcb2-b3fa7948763b.json (1 events)
2026-08-27 22:36:06,420 [mcp.server.lowlevel.server] INFO: Processing request of type ListToolsRequest
2026-08-27 22:36:06,428 [oasis] INFO: Session journal saved: /home/alexander/Schreibtisch/ofa-v2/data/sessions/session_8b24fcb9-6028-4fb5-b0b1-f93f34c90401.json (1 events)
2026-08-27 22:36:06,859 [mcp.server.lowlevel.server] INFO: Processing request of type ListToolsRequest
2026-08-27 22:36:06,866 [oasis] INFO: Session journal saved: /home/alexander/Schreibtisch/ofa-v2/data/sessions/session_0bfc1ed0-48ba-46d3-9505-a62f666b2336.json (1 events)
2026-08-27 22:36:06,899 [mcp.server.lowlevel.server] INFO: Processing request of type ListToolsRequest
2026-08-27 22:36:06,907 [oasis] INFO: Session journal saved: /home/alexander/Schreibtisch/ofa-v2/data/sessions/session_0cc75cc3-dc6e-4b96-8f9c-bd86f82c6dc0.json (1 events)
2026-08-27 22:36:07,066 [mcp.server.lowlevel.server] INFO: Processing request of type ListToolsRequest
2026-08-27 22:36:07,349 [mcp.server.lowlevel.server] INFO: Processing request of type ListToolsRequest
2026-08-27 22:36:08,236 [mcp.server.lowlevel.server] INFO: Processing request of type ListToolsRequest
2026-08-27 22:36:51,179 [oasis.registry] INFO: Loaded discovered config: 5 backends
2026-08-27 22:36:51,182 [oasis.registry] INFO: Registered backend: 4C Multiphysics (fourc)
2026-08-27 22:36:51,182 [oasis.registry] INFO: Registered backend: FEniCSx (dolfinx) (fenics)
2026-08-27 22:36:51,183 [oasis.registry] INFO: Registered backend: deal.II (dealii)
2026-08-27 22:36:51,186 [oasis.registry] INFO: Registered backend: FEBio (febio)
2026-08-27 22:36:51,189 [oasis.registry] INFO: Registered backend: NGSolve (ngsolve)
2026-08-27 22:36:51,189 [oasis.ngsolve] INFO: NGSolve backend registered
2026-08-27 22:36:51,192 [oasis.registry] INFO: Registered backend: scikit-fem (skfem)
2026-08-27 22:36:51,192 [oasis.skfem] INFO: scikit-fem backend registered
2026-08-27 22:36:51,196 [oasis.registry] INFO: Registered backend: Kratos Multiphysics (kratos)
2026-08-27 22:36:51,196 [oasis.kratos] INFO: Kratos Multiphysics backend registered
2026-08-27 22:36:51,198 [oasis.registry] INFO: Loaded discovered config: 5 backends
2026-08-27 22:36:51,198 [oasis.registry] INFO: Registered backend: DUNE-fem (dune)
2026-08-27 22:36:51,198 [oasis.dune] INFO: DUNE-fem backend registered
2026-08-27 22:36:51,200 [oasis.registry] INFO: Registered backend: 4C Multiphysics (fourc)
2026-08-27 22:36:51,201 [oasis.registry] INFO: Registered backend: FEniCSx (dolfinx) (fenics)
2026-08-27 22:36:51,201 [oasis.registry] INFO: Registered backend: deal.II (dealii)
2026-08-27 22:36:51,202 [oasis.registry] INFO: Loaded discovered config: 5 backends
2026-08-27 22:36:51,204 [oasis.registry] INFO: Registered backend: SPARTA (DSMC) (sparta)
2026-08-27 22:36:51,204 [oasis.sparta] INFO: SPARTA (DSMC) backend registered
2026-08-27 22:36:51,204 [oasis] INFO: Starting OASiS MCP server
2026-08-27 22:36:51,204 [oasis.registry] INFO: Registered backend: 4C Multiphysics (fourc)
2026-08-27 22:36:51,205 [oasis.registry] INFO: Registered backend: FEniCSx (dolfinx) (fenics)
2026-08-27 22:36:51,205 [oasis.registry] INFO: Registered backend: FEBio (febio)
2026-08-27 22:36:51,205 [oasis.registry] INFO: Registered backend: deal.II (dealii)
2026-08-27 22:36:51,208 [oasis.registry] INFO: Registered backend: NGSolve (ngsolve)
2026-08-27 22:36:51,208 [oasis.ngsolve] INFO: NGSolve backend registered
2026-08-27 22:36:51,209 [oasis.registry] INFO: Registered backend: FEBio (febio)
2026-08-27 22:36:51,211 [oasis.registry] INFO: Registered backend: scikit-fem (skfem)
2026-08-27 22:36:51,211 [oasis.skfem] INFO: scikit-fem backend registered
2026-08-27 22:36:51,212 [oasis.registry] INFO: Registered backend: NGSolve (ngsolve)
2026-08-27 22:36:51,212 [oasis.ngsolve] INFO: NGSolve backend registered
2026-08-27 22:36:51,212 [mcp.server.lowlevel.server] INFO: Processing request of type CallToolRequest
2026-08-27 22:36:51,214 [oasis.registry] INFO: Registered backend: scikit-fem (skfem)
2026-08-27 22:36:51,215 [oasis.skfem] INFO: scikit-fem backend registered
2026-08-27 22:36:51,215 [oasis.registry] INFO: Registered backend: Kratos Multiphysics (kratos)
2026-08-27 22:36:51,215 [oasis.kratos] INFO: Kratos Multiphysics backend registered
2026-08-27 22:36:51,217 [oasis.registry] INFO: Registered backend: DUNE-fem (dune)
2026-08-27 22:36:51,218 [oasis.dune] INFO: DUNE-fem backend registered
2026-08-27 22:36:51,218 [mcp.server.lowlevel.server] INFO: Processing request of type ListToolsRequest
2026-08-27 22:36:51,219 [oasis.registry] INFO: Registered backend: Kratos Multiphysics (kratos)
2026-08-27 22:36:51,219 [oasis.kratos] INFO: Kratos Multiphysics backend registered
2026-08-27 22:36:51,221 [oasis.registry] INFO: Registered backend: DUNE-fem (dune)
2026-08-27 22:36:51,221 [oasis.dune] INFO: DUNE-fem backend registered
2026-08-27 22:36:51,223 [oasis.registry] INFO: Registered backend: SPARTA (DSMC) (sparta)
2026-08-27 22:36:51,223 [oasis.sparta] INFO: SPARTA (DSMC) backend registered
2026-08-27 22:36:51,223 [oasis] INFO: Starting OASiS MCP server
2026-08-27 22:36:51,227 [oasis.registry] INFO: Registered backend: SPARTA (DSMC) (sparta)
2026-08-27 22:36:51,227 [oasis.sparta] INFO: SPARTA (DSMC) backend registered
2026-08-27 22:36:51,227 [oasis] INFO: Starting OASiS MCP server
2026-08-27 22:36:51,232 [mcp.server.lowlevel.server] INFO: Processing request of type CallToolRequest
2026-08-27 22:36:51,236 [mcp.server.lowlevel.server] INFO: Processing request of type CallToolRequest
2026-08-27 22:36:51,241 [mcp.server.lowlevel.server] INFO: Processing request of type ListToolsRequest
2026-08-27 22:36:51,257 [mcp.server.lowlevel.server] INFO: Processing request of type ListToolsRequest
2026-08-27 22:36:51,274 [oasis] INFO: Session journal saved: /home/alexander/Schreibtisch/ofa-v2/data/sessions/session_a751b510-720c-4a6b-bcd3-cc5ba58986e8.json (1 events)
2026-08-27 22:36:51,561 [oasis.registry] INFO: Loaded discovered config: 5 backends
2026-08-27 22:36:51,563 [oasis.registry] INFO: Registered backend: 4C Multiphysics (fourc)
2026-08-27 22:36:51,564 [oasis.registry] INFO: Registered backend: FEniCSx (dolfinx) (fenics)
2026-08-27 22:36:51,565 [oasis.registry] INFO: Registered backend: deal.II (dealii)
2026-08-27 22:36:51,569 [oasis.registry] INFO: Registered backend: FEBio (febio)
2026-08-27 22:36:51,572 [oasis.registry] INFO: Registered backend: NGSolve (ngsolve)
2026-08-27 22:36:51,572 [oasis.ngsolve] INFO: NGSolve backend registered
2026-08-27 22:36:51,574 [oasis.registry] INFO: Loaded discovered config: 5 backends
2026-08-27 22:36:51,575 [oasis.registry] INFO: Registered backend: scikit-fem (skfem)
2026-08-27 22:36:51,576 [oasis.skfem] INFO: scikit-fem backend registered
2026-08-27 22:36:51,577 [oasis.registry] INFO: Registered backend: 4C Multiphysics (fourc)
2026-08-27 22:36:51,577 [oasis.registry] INFO: Registered backend: FEniCSx (dolfinx) (fenics)
2026-08-27 22:36:51,578 [oasis.registry] INFO: Registered backend: deal.II (dealii)
2026-08-27 22:36:51,578 [oasis.registry] INFO: Loaded discovered config: 5 backends
2026-08-27 22:36:51,580 [oasis.registry] INFO: Registered backend: 4C Multiphysics (fourc)
2026-08-27 22:36:51,581 [oasis.registry] INFO: Registered backend: Kratos Multiphysics (kratos)
2026-08-27 22:36:51,581 [oasis.kratos] INFO: Kratos Multiphysics backend registered
2026-08-27 22:36:51,581 [oasis.registry] INFO: Registered backend: FEniCSx (dolfinx) (fenics)
2026-08-27 22:36:51,582 [oasis.registry] INFO: Registered backend: deal.II (dealii)
2026-08-27 22:36:51,582 [oasis.registry] INFO: Registered backend: FEBio (febio)
2026-08-27 22:36:51,583 [oasis.registry] INFO: Loaded discovered config: 5 backends
2026-08-27 22:36:51,584 [oasis.registry] INFO: Registered backend: DUNE-fem (dune)
2026-08-27 22:36:51,584 [oasis.dune] INFO: DUNE-fem backend registered
2026-08-27 22:36:51,585 [oasis.registry] INFO: Registered backend: NGSolve (ngsolve)
2026-08-27 22:36:51,585 [oasis.ngsolve] INFO: NGSolve backend registered
2026-08-27 22:36:51,586 [oasis.registry] INFO: Registered backend: FEBio (febio)
2026-08-27 22:36:51,586 [oasis.registry] INFO: Registered backend: 4C Multiphysics (fourc)
2026-08-27 22:36:51,587 [oasis.registry] INFO: Registered backend: FEniCSx (dolfinx) (fenics)
2026-08-27 22:36:51,587 [oasis.registry] INFO: Registered backend: deal.II (dealii)
2026-08-27 22:36:51,589 [oasis.registry] INFO: Registered backend: NGSolve (ngsolve)
2026-08-27 22:36:51,589 [oasis.ngsolve] INFO: NGSolve backend registered
2026-08-27 22:36:51,589 [oasis.registry] INFO: Registered backend: scikit-fem (skfem)
2026-08-27 22:36:51,589 [oasis.skfem] INFO: scikit-fem backend registered
2026-08-27 22:36:51,591 [oasis.registry] INFO: Registered backend: SPARTA (DSMC) (sparta)
2026-08-27 22:36:51,591 [oasis.sparta] INFO: SPARTA (DSMC) backend registered
2026-08-27 22:36:51,591 [oasis] INFO: Starting OASiS MCP server
2026-08-27 22:36:51,592 [oasis.registry] INFO: Registered backend: scikit-fem (skfem)
2026-08-27 22:36:51,592 [oasis.skfem] INFO: scikit-fem backend registered
2026-08-27 22:36:51,593 [oasis.registry] INFO: Registered backend: FEBio (febio)
2026-08-27 22:36:51,593 [oasis.registry] INFO: Registered backend: Kratos Multiphysics (kratos)
2026-08-27 22:36:51,593 [oasis.kratos] INFO: Kratos Multiphysics backend registered
2026-08-27 22:36:51,596 [oasis.registry] INFO: Registered backend: DUNE-fem (dune)
2026-08-27 22:36:51,596 [oasis.dune] INFO: DUNE-fem backend registered
2026-08-27 22:36:51,596 [oasis.registry] INFO: Registered backend: Kratos Multiphysics (kratos)
2026-08-27 22:36:51,596 [oasis.registry] INFO: Registered backend: NGSolve (ngsolve)
2026-08-27 22:36:51,597 [oasis.kratos] INFO: Kratos Multiphysics backend registered
2026-08-27 22:36:51,597 [oasis.ngsolve] INFO: NGSolve backend registered
2026-08-27 22:36:51,597 [oasis.registry] INFO: Loaded discovered config: 5 backends
2026-08-27 22:36:51,599 [oasis.registry] INFO: Registered backend: 4C Multiphysics (fourc)
2026-08-27 22:36:51,599 [mcp.server.lowlevel.server] INFO: Processing request of type CallToolRequest
2026-08-27 22:36:51,600 [oasis.registry] INFO: Registered backend: DUNE-fem (dune)
2026-08-27 22:36:51,600 [oasis.dune] INFO: DUNE-fem backend registered
2026-08-27 22:36:51,600 [oasis.registry] INFO: Registered backend: FEniCSx (dolfinx) (fenics)
2026-08-27 22:36:51,600 [oasis.registry] INFO: Registered backend: deal.II (dealii)
2026-08-27 22:36:51,601 [oasis.registry] INFO: Registered backend: scikit-fem (skfem)
2026-08-27 22:36:51,601 [oasis.skfem] INFO: scikit-fem backend registered
2026-08-27 22:36:51,602 [oasis.registry] INFO: Registered backend: SPARTA (DSMC) (sparta)
2026-08-27 22:36:51,602 [oasis.sparta] INFO: SPARTA (DSMC) backend registered
2026-08-27 22:36:51,602 [oasis] INFO: Starting OASiS MCP server
2026-08-27 22:36:51,604 [oasis.registry] INFO: Registered backend: FEBio (febio)
2026-08-27 22:36:51,606 [oasis.registry] INFO: Registered backend: Kratos Multiphysics (kratos)
2026-08-27 22:36:51,606 [oasis.registry] INFO: Registered backend: SPARTA (DSMC) (sparta)
2026-08-27 22:36:51,606 [oasis.kratos] INFO: Kratos Multiphysics backend registered
2026-08-27 22:36:51,606 [oasis.sparta] INFO: SPARTA (DSMC) backend registered
2026-08-27 22:36:51,606 [oasis] INFO: Starting OASiS MCP server
2026-08-27 22:36:51,607 [oasis.registry] INFO: Registered backend: NGSolve (ngsolve)
2026-08-27 22:36:51,607 [oasis.ngsolve] INFO: NGSolve backend registered
2026-08-27 22:36:51,609 [oasis.registry] INFO: Registered backend: DUNE-fem (dune)
2026-08-27 22:36:51,609 [oasis.dune] INFO: DUNE-fem backend registered
2026-08-27 22:36:51,610 [oasis.registry] INFO: Registered backend: scikit-fem (skfem)
2026-08-27 22:36:51,610 [oasis.skfem] INFO: scikit-fem backend registered
2026-08-27 22:36:51,610 [mcp.server.lowlevel.server] INFO: Processing request of type CallToolRequest
2026-08-27 22:36:51,614 [oasis.registry] INFO: Registered backend: Kratos Multiphysics (kratos)
2026-08-27 22:36:51,614 [oasis.kratos] INFO: Kratos Multiphysics backend registered
2026-08-27 22:36:51,614 [oasis.registry] INFO: Registered backend: SPARTA (DSMC) (sparta)
2026-08-27 22:36:51,615 [oasis.sparta] INFO: SPARTA (DSMC) backend registered
2026-08-27 22:36:51,615 [oasis] INFO: Starting OASiS MCP server
2026-08-27 22:36:51,616 [oasis.registry] INFO: Registered backend: DUNE-fem (dune)
2026-08-27 22:36:51,616 [oasis.dune] INFO: DUNE-fem backend registered
2026-08-27 22:36:51,617 [mcp.server.lowlevel.server] INFO: Processing request of type CallToolRequest
2026-08-27 22:36:51,621 [mcp.server.lowlevel.server] INFO: Processing request of type ListToolsRequest
2026-08-27 22:36:51,622 [oasis.registry] INFO: Registered backend: SPARTA (DSMC) (sparta)
2026-08-27 22:36:51,622 [oasis.sparta] INFO: SPARTA (DSMC) backend registered
2026-08-27 22:36:51,622 [oasis] INFO: Starting OASiS MCP server
2026-08-27 22:36:51,623 [mcp.server.lowlevel.server] INFO: Processing request of type CallToolRequest
2026-08-27 22:36:51,629 [mcp.server.lowlevel.server] INFO: Processing request of type ListToolsRequest
2026-08-27 22:36:51,630 [mcp.server.lowlevel.server] INFO: Processing request of type CallToolRequest
2026-08-27 22:36:51,631 [oasis] INFO: Session journal saved: /home/alexander/Schreibtisch/ofa-v2/data/sessions/session_5eecc075-b5f9-429d-9532-846b69d2784c.json (1 events)
2026-08-27 22:36:51,637 [oasis] INFO: Session journal saved: /home/alexander/Schreibtisch/ofa-v2/data/sessions/session_05bb84bd-fddb-42fe-b4a5-1c5f7aa7eaf3.json (1 events)
2026-08-27 22:36:51,638 [mcp.server.lowlevel.server] INFO: Processing request of type ListToolsRequest
2026-08-27 22:36:51,640 [oasis.registry] INFO: Loaded discovered config: 5 backends
2026-08-27 22:36:51,642 [oasis.registry] INFO: Registered backend: 4C Multiphysics (fourc)
2026-08-27 22:36:51,643 [oasis.registry] INFO: Registered backend: FEniCSx (dolfinx) (fenics)
2026-08-27 22:36:51,644 [oasis.registry] INFO: Registered backend: deal.II (dealii)
2026-08-27 22:36:51,646 [mcp.server.lowlevel.server] INFO: Processing request of type ListToolsRequest
2026-08-27 22:36:51,647 [oasis.registry] INFO: Registered backend: FEBio (febio)
2026-08-27 22:36:51,648 [mcp.server.lowlevel.server] INFO: Processing request of type ListToolsRequest
2026-08-27 22:36:51,650 [oasis] INFO: Session journal saved: /home/alexander/Schreibtisch/ofa-v2/data/sessions/session_901a5b6f-9905-4e12-9dcb-2710b5994229.json (1 events)
2026-08-27 22:36:51,650 [oasis.registry] INFO: Registered backend: NGSolve (ngsolve)
2026-08-27 22:36:51,650 [oasis.ngsolve] INFO: NGSolve backend registered
2026-08-27 22:36:51,653 [oasis.registry] INFO: Registered backend: scikit-fem (skfem)
2026-08-27 22:36:51,653 [oasis.skfem] INFO: scikit-fem backend registered
2026-08-27 22:36:51,654 [oasis] INFO: Session journal saved: /home/alexander/Schreibtisch/ofa-v2/data/sessions/session_9fea4690-f5c9-42e5-a548-f4abe05b5c3b.json (1 events)
2026-08-27 22:36:51,656 [oasis] INFO: Session journal saved: /home/alexander/Schreibtisch/ofa-v2/data/sessions/session_4adecdc9-2808-470b-b4a5-1d0de3abf890.json (1 events)
2026-08-27 22:36:51,657 [oasis.registry] INFO: Registered backend: Kratos Multiphysics (kratos)
2026-08-27 22:36:51,657 [oasis.kratos] INFO: Kratos Multiphysics backend registered
2026-08-27 22:36:51,660 [oasis.registry] INFO: Registered backend: DUNE-fem (dune)
2026-08-27 22:36:51,660 [oasis.dune] INFO: DUNE-fem backend registered
2026-08-27 22:36:51,666 [oasis.registry] INFO: Registered backend: SPARTA (DSMC) (sparta)
2026-08-27 22:36:51,666 [oasis.sparta] INFO: SPARTA (DSMC) backend registered
2026-08-27 22:36:51,666 [oasis] INFO: Starting OASiS MCP server
2026-08-27 22:36:51,675 [mcp.server.lowlevel.server] INFO: Processing request of type CallToolRequest
2026-08-27 22:36:51,697 [mcp.server.lowlevel.server] INFO: Processing request of type ListToolsRequest
2026-08-27 22:36:51,707 [oasis] INFO: Session journal saved: /home/alexander/Schreibtisch/ofa-v2/data/sessions/session_c2b2cad4-160d-4c87-90fb-a6afa2fe7696.json (1 events)
2026-08-27 22:36:51,904 [oasis.registry] INFO: Loaded discovered config: 5 backends
2026-08-27 22:36:51,906 [oasis.registry] INFO: Registered backend: 4C Multiphysics (fourc)
2026-08-27 22:36:51,906 [oasis.registry] INFO: Registered backend: FEniCSx (dolfinx) (fenics)
2026-08-27 22:36:51,910 [oasis.registry] INFO: Registered backend: deal.II (dealii)
2026-08-27 22:36:51,913 [oasis.registry] INFO: Registered backend: FEBio (febio)
2026-08-27 22:36:51,915 [oasis.registry] INFO: Loaded discovered config: 5 backends
2026-08-27 22:36:51,915 [oasis.registry] INFO: Loaded discovered config: 5 backends
2026-08-27 22:36:51,915 [oasis.registry] INFO: Registered backend: NGSolve (ngsolve)
2026-08-27 22:36:51,915 [oasis.ngsolve] INFO: NGSolve backend registered
2026-08-27 22:36:51,917 [oasis.registry] INFO: Registered backend: 4C Multiphysics (fourc)
2026-08-27 22:36:51,917 [oasis.registry] INFO: Registered backend: 4C Multiphysics (fourc)
2026-08-27 22:36:51,917 [oasis.registry] INFO: Registered backend: FEniCSx (dolfinx) (fenics)
2026-08-27 22:36:51,917 [oasis.registry] INFO: Registered backend: FEniCSx (dolfinx) (fenics)
2026-08-27 22:36:51,918 [oasis.registry] INFO: Registered backend: deal.II (dealii)
2026-08-27 22:36:51,918 [oasis.registry] INFO: Registered backend: scikit-fem (skfem)
2026-08-27 22:36:51,918 [oasis.skfem] INFO: scikit-fem backend registered
2026-08-27 22:36:51,918 [oasis.registry] INFO: Registered backend: deal.II (dealii)
2026-08-27 22:36:51,921 [oasis.registry] INFO: Registered backend: FEBio (febio)
2026-08-27 22:36:51,921 [oasis.registry] INFO: Registered backend: FEBio (febio)
2026-08-27 22:36:51,922 [oasis.registry] INFO: Registered backend: Kratos Multiphysics (kratos)
2026-08-27 22:36:51,922 [oasis.kratos] INFO: Kratos Multiphysics backend registered
2026-08-27 22:36:51,924 [oasis.registry] INFO: Registered backend: NGSolve (ngsolve)
2026-08-27 22:36:51,924 [oasis.ngsolve] INFO: NGSolve backend registered
2026-08-27 22:36:51,924 [oasis.registry] INFO: Registered backend: NGSolve (ngsolve)
2026-08-27 22:36:51,924 [oasis.ngsolve] INFO: NGSolve backend registered
2026-08-27 22:36:51,924 [oasis.registry] INFO: Registered backend: DUNE-fem (dune)
2026-08-27 22:36:51,924 [oasis.dune] INFO: DUNE-fem backend registered
2026-08-27 22:36:51,926 [oasis.registry] INFO: Registered backend: scikit-fem (skfem)
2026-08-27 22:36:51,926 [oasis.skfem] INFO: scikit-fem backend registered
2026-08-27 22:36:51,926 [oasis.registry] INFO: Registered backend: scikit-fem (skfem)
2026-08-27 22:36:51,927 [oasis.skfem] INFO: scikit-fem backend registered
2026-08-27 22:36:51,930 [oasis.registry] INFO: Registered backend: SPARTA (DSMC) (sparta)
2026-08-27 22:36:51,930 [oasis.sparta] INFO: SPARTA (DSMC) backend registered
2026-08-27 22:36:51,930 [oasis] INFO: Starting OASiS MCP server
2026-08-27 22:36:51,930 [oasis.registry] INFO: Registered backend: Kratos Multiphysics (kratos)
2026-08-27 22:36:51,930 [oasis.kratos] INFO: Kratos Multiphysics backend registered
2026-08-27 22:36:51,930 [oasis.registry] INFO: Registered backend: Kratos Multiphysics (kratos)
2026-08-27 22:36:51,930 [oasis.kratos] INFO: Kratos Multiphysics backend registered
2026-08-27 22:36:51,932 [oasis.registry] INFO: Registered backend: DUNE-fem (dune)
2026-08-27 22:36:51,932 [oasis.dune] INFO: DUNE-fem backend registered
2026-08-27 22:36:51,933 [oasis.registry] INFO: Registered backend: DUNE-fem (dune)
2026-08-27 22:36:51,933 [oasis.dune] INFO: DUNE-fem backend registered
2026-08-27 22:36:51,938 [oasis.registry] INFO: Registered backend: SPARTA (DSMC) (sparta)
2026-08-27 22:36:51,938 [oasis.sparta] INFO: SPARTA (DSMC) backend registered
2026-08-27 22:36:51,938 [oasis] INFO: Starting OASiS MCP server
2026-08-27 22:36:51,938 [mcp.server.lowlevel.server] INFO: Processing request of type CallToolRequest
2026-08-27 22:36:51,938 [oasis.registry] INFO: Registered backend: SPARTA (DSMC) (sparta)
2026-08-27 22:36:51,938 [oasis.sparta] INFO: SPARTA (DSMC) backend registered
2026-08-27 22:36:51,938 [oasis] INFO: Starting OASiS MCP server
2026-08-27 22:36:51,945 [mcp.server.lowlevel.server] INFO: Processing request of type CallToolRequest
2026-08-27 22:36:51,947 [mcp.server.lowlevel.server] INFO: Processing request of type CallToolRequest
2026-08-27 22:36:51,959 [mcp.server.lowlevel.server] INFO: Processing request of type ListToolsRequest
2026-08-27 22:36:51,971 [mcp.server.lowlevel.server] INFO: Processing request of type ListToolsRequest
2026-08-27 22:36:51,971 [oasis] INFO: Session journal saved: /home/alexander/Schreibtisch/ofa-v2/data/sessions/session_55bbc972-f84e-4688-99eb-892be95f714e.json (1 events)
2026-08-27 22:36:51,979 [oasis] INFO: Session journal saved: /home/alexander/Schreibtisch/ofa-v2/data/sessions/session_0a093bd6-7590-43d9-b24e-f94eca13fe73.json (1 events)
2026-08-27 22:36:52,014 [mcp.server.lowlevel.server] INFO: Processing request of type ListToolsRequest
2026-08-27 22:37:37,240 [oasis.registry] INFO: Loaded discovered config: 5 backends
2026-08-27 22:37:37,242 [oasis.registry] INFO: Registered backend: 4C Multiphysics (fourc)
2026-08-27 22:37:37,242 [oasis.registry] INFO: Loaded discovered config: 5 backends
2026-08-27 22:37:37,242 [oasis.registry] INFO: Registered backend: FEniCSx (dolfinx) (fenics)
2026-08-27 22:37:37,243 [oasis.registry] INFO: Registered backend: deal.II (dealii)
2026-08-27 22:37:37,244 [oasis.registry] INFO: Registered backend: 4C Multiphysics (fourc)
2026-08-27 22:37:37,244 [oasis.registry] INFO: Registered backend: FEniCSx (dolfinx) (fenics)
2026-08-27 22:37:37,245 [oasis.registry] INFO: Loaded discovered config: 5 backends
2026-08-27 22:37:37,245 [oasis.registry] INFO: Registered backend: deal.II (dealii)
2026-08-27 22:37:37,246 [oasis.registry] INFO: Registered backend: FEBio (febio)
2026-08-27 22:37:37,247 [oasis.registry] INFO: Registered backend: 4C Multiphysics (fourc)
2026-08-27 22:37:37,247 [oasis.registry] INFO: Registered backend: FEniCSx (dolfinx) (fenics)
2026-08-27 22:37:37,248 [oasis.registry] INFO: Registered backend: deal.II (dealii)
2026-08-27 22:37:37,248 [oasis.registry] INFO: Registered backend: FEBio (febio)
2026-08-27 22:37:37,248 [oasis.registry] INFO: Registered backend: NGSolve (ngsolve)
2026-08-27 22:37:37,248 [oasis.ngsolve] INFO: NGSolve backend registered
2026-08-27 22:37:37,250 [oasis.registry] INFO: Registered backend: NGSolve (ngsolve)
2026-08-27 22:37:37,250 [oasis.ngsolve] INFO: NGSolve backend registered
2026-08-27 22:37:37,251 [oasis.registry] INFO: Registered backend: FEBio (febio)
2026-08-27 22:37:37,251 [oasis.registry] INFO: Registered backend: scikit-fem (skfem)
2026-08-27 22:37:37,251 [oasis.skfem] INFO: scikit-fem backend registered
2026-08-27 22:37:37,253 [oasis.registry] INFO: Registered backend: scikit-fem (skfem)
2026-08-27 22:37:37,253 [oasis.skfem] INFO: scikit-fem backend registered
2026-08-27 22:37:37,253 [oasis.registry] INFO: Registered backend: NGSolve (ngsolve)
2026-08-27 22:37:37,253 [oasis.ngsolve] INFO: NGSolve backend registered
2026-08-27 22:37:37,254 [oasis.registry] INFO: Loaded discovered config: 5 backends
2026-08-27 22:37:37,255 [oasis.registry] INFO: Registered backend: Kratos Multiphysics (kratos)
2026-08-27 22:37:37,255 [oasis.kratos] INFO: Kratos Multiphysics backend registered
2026-08-27 22:37:37,256 [oasis.registry] INFO: Registered backend: scikit-fem (skfem)
2026-08-27 22:37:37,256 [oasis.skfem] INFO: scikit-fem backend registered
2026-08-27 22:37:37,256 [oasis.registry] INFO: Registered backend: 4C Multiphysics (fourc)
2026-08-27 22:37:37,257 [oasis.registry] INFO: Registered backend: Kratos Multiphysics (kratos)
2026-08-27 22:37:37,257 [oasis.kratos] INFO: Kratos Multiphysics backend registered
2026-08-27 22:37:37,257 [oasis.registry] INFO: Registered backend: FEniCSx (dolfinx) (fenics)
2026-08-27 22:37:37,257 [oasis.registry] INFO: Registered backend: deal.II (dealii)
2026-08-27 22:37:37,257 [oasis.registry] INFO: Registered backend: DUNE-fem (dune)
2026-08-27 22:37:37,257 [oasis.dune] INFO: DUNE-fem backend registered
2026-08-27 22:37:37,259 [oasis.registry] INFO: Registered backend: DUNE-fem (dune)
2026-08-27 22:37:37,259 [oasis.dune] INFO: DUNE-fem backend registered
2026-08-27 22:37:37,260 [oasis.registry] INFO: Registered backend: Kratos Multiphysics (kratos)
2026-08-27 22:37:37,260 [oasis.kratos] INFO: Kratos Multiphysics backend registered
2026-08-27 22:37:37,260 [oasis.registry] INFO: Registered backend: FEBio (febio)
2026-08-27 22:37:37,262 [oasis.registry] INFO: Registered backend: DUNE-fem (dune)
2026-08-27 22:37:37,262 [oasis.dune] INFO: DUNE-fem backend registered
2026-08-27 22:37:37,263 [oasis.registry] INFO: Registered backend: SPARTA (DSMC) (sparta)
2026-08-27 22:37:37,263 [oasis.sparta] INFO: SPARTA (DSMC) backend registered
2026-08-27 22:37:37,263 [oasis] INFO: Starting OASiS MCP server
2026-08-27 22:37:37,263 [oasis.registry] INFO: Registered backend: NGSolve (ngsolve)
2026-08-27 22:37:37,263 [oasis.ngsolve] INFO: NGSolve backend registered
2026-08-27 22:37:37,264 [oasis.registry] INFO: Registered backend: SPARTA (DSMC) (sparta)
2026-08-27 22:37:37,264 [oasis.sparta] INFO: SPARTA (DSMC) backend registered
2026-08-27 22:37:37,264 [oasis] INFO: Starting OASiS MCP server
2026-08-27 22:37:37,265 [oasis.registry] INFO: Registered backend: scikit-fem (skfem)
2026-08-27 22:37:37,265 [oasis.skfem] INFO: scikit-fem backend registered
2026-08-27 22:37:37,267 [oasis.registry] INFO: Registered backend: SPARTA (DSMC) (sparta)
2026-08-27 22:37:37,267 [oasis.sparta] INFO: SPARTA (DSMC) backend registered
2026-08-27 22:37:37,267 [oasis] INFO: Starting OASiS MCP server
2026-08-27 22:37:37,269 [oasis.registry] INFO: Registered backend: Kratos Multiphysics (kratos)
2026-08-27 22:37:37,269 [oasis.kratos] INFO: Kratos Multiphysics backend registered
2026-08-27 22:37:37,271 [mcp.server.lowlevel.server] INFO: Processing request of type CallToolRequest
2026-08-27 22:37:37,271 [mcp.server.lowlevel.server] INFO: Processing request of type CallToolRequest
2026-08-27 22:37:37,272 [oasis.registry] INFO: Registered backend: DUNE-fem (dune)
2026-08-27 22:37:37,272 [oasis.dune] INFO: DUNE-fem backend registered
2026-08-27 22:37:37,274 [mcp.server.lowlevel.server] INFO: Processing request of type CallToolRequest
2026-08-27 22:37:37,277 [oasis.registry] INFO: Registered backend: SPARTA (DSMC) (sparta)
2026-08-27 22:37:37,277 [oasis.sparta] INFO: SPARTA (DSMC) backend registered
2026-08-27 22:37:37,277 [oasis] INFO: Starting OASiS MCP server
2026-08-27 22:37:37,278 [mcp.server.lowlevel.server] INFO: Processing request of type ListToolsRequest
2026-08-27 22:37:37,285 [mcp.server.lowlevel.server] INFO: Processing request of type CallToolRequest
2026-08-27 22:37:37,289 [mcp.server.lowlevel.server] INFO: Processing request of type ListToolsRequest
2026-08-27 22:37:37,289 [mcp.server.lowlevel.server] INFO: Processing request of type ListToolsRequest
2026-08-27 22:37:37,293 [mcp.server.lowlevel.server] INFO: Processing request of type ListToolsRequest
2026-08-27 22:37:37,298 [oasis] INFO: Session journal saved: /home/alexander/Schreibtisch/ofa-v2/data/sessions/session_32a1ab25-a477-42fa-823e-4626eba9b1d5.json (1 events)
2026-08-27 22:37:37,301 [oasis] INFO: Session journal saved: /home/alexander/Schreibtisch/ofa-v2/data/sessions/session_8735fa02-a8f2-4fe1-855e-c4b477d0a409.json (1 events)
2026-08-27 22:38:52,620 [oasis.registry] INFO: Loaded discovered config: 5 backends
2026-08-27 22:38:52,622 [oasis.registry] INFO: Registered backend: 4C Multiphysics (fourc)
2026-08-27 22:38:52,622 [oasis.registry] INFO: Registered backend: FEniCSx (dolfinx) (fenics)
2026-08-27 22:38:52,623 [oasis.registry] INFO: Registered backend: deal.II (dealii)
2026-08-27 22:38:52,624 [oasis.registry] INFO: Loaded discovered config: 5 backends
2026-08-27 22:38:52,626 [oasis.registry] INFO: Registered backend: 4C Multiphysics (fourc)
2026-08-27 22:38:52,626 [oasis.registry] INFO: Registered backend: FEBio (febio)
2026-08-27 22:38:52,626 [oasis.registry] INFO: Registered backend: FEniCSx (dolfinx) (fenics)
2026-08-27 22:38:52,627 [oasis.registry] INFO: Registered backend: deal.II (dealii)
2026-08-27 22:38:52,628 [oasis.registry] INFO: Registered backend: NGSolve (ngsolve)
2026-08-27 22:38:52,628 [oasis.ngsolve] INFO: NGSolve backend registered
2026-08-27 22:38:52,630 [oasis.registry] INFO: Registered backend: FEBio (febio)
2026-08-27 22:38:52,631 [oasis.registry] INFO: Registered backend: scikit-fem (skfem)
2026-08-27 22:38:52,631 [oasis.skfem] INFO: scikit-fem backend registered
2026-08-27 22:38:52,632 [oasis.registry] INFO: Registered backend: NGSolve (ngsolve)
2026-08-27 22:38:52,632 [oasis.ngsolve] INFO: NGSolve backend registered
2026-08-27 22:38:52,635 [oasis.registry] INFO: Registered backend: Kratos Multiphysics (kratos)
2026-08-27 22:38:52,635 [oasis.kratos] INFO: Kratos Multiphysics backend registered
2026-08-27 22:38:52,635 [oasis.registry] INFO: Registered backend: scikit-fem (skfem)
2026-08-27 22:38:52,635 [oasis.skfem] INFO: scikit-fem backend registered
2026-08-27 22:38:52,637 [oasis.registry] INFO: Registered backend: DUNE-fem (dune)
2026-08-27 22:38:52,637 [oasis.dune] INFO: DUNE-fem backend registered
2026-08-27 22:38:52,638 [oasis.registry] INFO: Registered backend: Kratos Multiphysics (kratos)
2026-08-27 22:38:52,639 [oasis.kratos] INFO: Kratos Multiphysics backend registered
2026-08-27 22:38:52,641 [oasis.registry] INFO: Registered backend: DUNE-fem (dune)
2026-08-27 22:38:52,641 [oasis.dune] INFO: DUNE-fem backend registered
2026-08-27 22:38:52,642 [oasis.registry] INFO: Registered backend: SPARTA (DSMC) (sparta)
2026-08-27 22:38:52,642 [oasis.sparta] INFO: SPARTA (DSMC) backend registered
2026-08-27 22:38:52,642 [oasis] INFO: Starting OASiS MCP server
2026-08-27 22:38:52,646 [oasis.registry] INFO: Registered backend: SPARTA (DSMC) (sparta)
2026-08-27 22:38:52,646 [oasis.sparta] INFO: SPARTA (DSMC) backend registered
2026-08-27 22:38:52,646 [oasis] INFO: Starting OASiS MCP server
2026-08-27 22:38:52,650 [mcp.server.lowlevel.server] INFO: Processing request of type CallToolRequest
2026-08-27 22:38:52,653 [mcp.server.lowlevel.server] INFO: Processing request of type CallToolRequest
2026-08-27 22:38:52,666 [mcp.server.lowlevel.server] INFO: Processing request of type ListToolsRequest
2026-08-27 22:38:52,669 [mcp.server.lowlevel.server] INFO: Processing request of type ListToolsRequest
2026-08-27 22:38:52,673 [oasis] INFO: Session journal saved: /home/alexander/Schreibtisch/ofa-v2/data/sessions/session_21515aba-67f4-458e-9c5f-ab6a4649f30d.json (1 events)
2026-08-27 22:38:52,675 [oasis] INFO: Session journal saved: /home/alexander/Schreibtisch/ofa-v2/data/sessions/session_a633ccdd-9dd4-4208-bcbe-4dfb4055241a.json (1 events)
/home/alexander/Schreibtisch/ofa-v2/langgraph_eval/agent.py:258: RuntimeWarning: This package (`duckduckgo_search`) has been renamed to `ddgs`! Use `pip install ddgs` instead.
  with DDGS() as ddgs:
/home/alexander/Schreibtisch/ofa-v2/langgraph_eval/agent.py:258: RuntimeWarning: This package (`duckduckgo_search`) has been renamed to `ddgs`! Use `pip install ddgs` instead.
  with DDGS() as ddgs:
2026-08-27 22:38:56,797 [oasis.registry] INFO: Loaded discovered config: 5 backends
2026-08-27 22:38:56,799 [oasis.registry] INFO: Registered backend: 4C Multiphysics (fourc)
2026-08-27 22:38:56,800 [oasis.registry] INFO: Registered backend: FEniCSx (dolfinx) (fenics)
2026-08-27 22:38:56,800 [oasis.registry] INFO: Registered backend: deal.II (dealii)
2026-08-27 22:38:56,803 [oasis.registry] INFO: Registered backend: FEBio (febio)
2026-08-27 22:38:56,806 [oasis.registry] INFO: Registered backend: NGSolve (ngsolve)
2026-08-27 22:38:56,806 [oasis.ngsolve] INFO: NGSolve backend registered
2026-08-27 22:38:56,808 [oasis.registry] INFO: Registered backend: scikit-fem (skfem)
2026-08-27 22:38:56,808 [oasis.skfem] INFO: scikit-fem backend registered
2026-08-27 22:38:56,812 [oasis.registry] INFO: Registered backend: Kratos Multiphysics (kratos)
2026-08-27 22:38:56,812 [oasis.kratos] INFO: Kratos Multiphysics backend registered
2026-08-27 22:38:56,814 [oasis.registry] INFO: Registered backend: DUNE-fem (dune)
2026-08-27 22:38:56,814 [oasis.dune] INFO: DUNE-fem backend registered
2026-08-27 22:38:56,819 [oasis.registry] INFO: Registered backend: SPARTA (DSMC) (sparta)
2026-08-27 22:38:56,819 [oasis.sparta] INFO: SPARTA (DSMC) backend registered
2026-08-27 22:38:56,819 [oasis] INFO: Starting OASiS MCP server
2026-08-27 22:38:56,827 [mcp.server.lowlevel.server] INFO: Processing request of type CallToolRequest
2026-08-27 22:38:56,842 [mcp.server.lowlevel.server] INFO: Processing request of type ListToolsRequest
2026-08-27 22:38:56,849 [oasis] INFO: Session journal saved: /home/alexander/Schreibtisch/ofa-v2/data/sessions/session_6d0be2fe-26d2-4b36-8ea3-16d9d07486d8.json (1 events)
/home/alexander/Schreibtisch/ofa-v2/langgraph_eval/agent.py:258: RuntimeWarning: This package (`duckduckgo_search`) has been renamed to `ddgs`! Use `pip install ddgs` instead.
  with DDGS() as ddgs:
/home/alexander/Schreibtisch/ofa-v2/langgraph_eval/agent.py:258: RuntimeWarning: This package (`duckduckgo_search`) has been renamed to `ddgs`! Use `pip install ddgs` instead.
  with DDGS() as ddgs:
/home/alexander/Schreibtisch/ofa-v2/langgraph_eval/agent.py:258: RuntimeWarning: This package (`duckduckgo_search`) has been renamed to `ddgs`! Use `pip install ddgs` instead.
  with DDGS() as ddgs:
/home/alexander/Schreibtisch/ofa-v2/langgraph_eval/agent.py:258: RuntimeWarning: This package (`duckduckgo_search`) has been renamed to `ddgs`! Use `pip install ddgs` instead.
  with DDGS() as ddgs:
2026-08-27 22:39:55,339 [oasis.registry] INFO: Loaded discovered config: 5 backends
2026-08-27 22:39:55,341 [oasis.registry] INFO: Registered backend: 4C Multiphysics (fourc)
2026-08-27 22:39:55,341 [oasis.registry] INFO: Registered backend: FEniCSx (dolfinx) (fenics)
2026-08-27 22:39:55,342 [oasis.registry] INFO: Registered backend: deal.II (dealii)
2026-08-27 22:39:55,345 [oasis.registry] INFO: Registered backend: FEBio (febio)
2026-08-27 22:39:55,347 [oasis.registry] INFO: Registered backend: NGSolve (ngsolve)
2026-08-27 22:39:55,347 [oasis.ngsolve] INFO: NGSolve backend registered
2026-08-27 22:39:55,350 [oasis.registry] INFO: Registered backend: scikit-fem (skfem)
2026-08-27 22:39:55,350 [oasis.skfem] INFO: scikit-fem backend registered
2026-08-27 22:39:55,354 [oasis.registry] INFO: Registered backend: Kratos Multiphysics (kratos)
2026-08-27 22:39:55,354 [oasis.kratos] INFO: Kratos Multiphysics backend registered
2026-08-27 22:39:55,356 [oasis.registry] INFO: Registered backend: DUNE-fem (dune)
2026-08-27 22:39:55,356 [oasis.dune] INFO: DUNE-fem backend registered
2026-08-27 22:39:55,361 [oasis.registry] INFO: Registered backend: SPARTA (DSMC) (sparta)
2026-08-27 22:39:55,361 [oasis.sparta] INFO: SPARTA (DSMC) backend registered
2026-08-27 22:39:55,361 [oasis] INFO: Starting OASiS MCP server
2026-08-27 22:39:55,369 [mcp.server.lowlevel.server] INFO: Processing request of type CallToolRequest
2026-08-27 22:39:55,372 [mcp.server.lowlevel.server] INFO: Processing request of type ListToolsRequest
2026-08-27 22:39:55,381 [oasis] INFO: Session journal saved: /home/alexander/Schreibtisch/ofa-v2/data/sessions/session_f78d24e5-3fc1-46a0-8b17-15593b1fb8cb.json (1 events)
/home/alexander/Schreibtisch/ofa-v2/langgraph_eval/agent.py:258: RuntimeWarning: This package (`duckduckgo_search`) has been renamed to `ddgs`! Use `pip install ddgs` instead.
  with DDGS() as ddgs:
2026-08-27 22:39:59,960 [oasis.registry] INFO: Loaded discovered config: 5 backends
2026-08-27 22:39:59,962 [oasis.registry] INFO: Registered backend: 4C Multiphysics (fourc)
2026-08-27 22:39:59,962 [oasis.registry] INFO: Registered backend: FEniCSx (dolfinx) (fenics)
2026-08-27 22:39:59,963 [oasis.registry] INFO: Registered backend: deal.II (dealii)
2026-08-27 22:39:59,966 [oasis.registry] INFO: Registered backend: FEBio (febio)
2026-08-27 22:39:59,968 [oasis.registry] INFO: Registered backend: NGSolve (ngsolve)
2026-08-27 22:39:59,968 [oasis.ngsolve] INFO: NGSolve backend registered
2026-08-27 22:39:59,971 [oasis.registry] INFO: Registered backend: scikit-fem (skfem)
2026-08-27 22:39:59,971 [oasis.skfem] INFO: scikit-fem backend registered
2026-08-27 22:39:59,974 [oasis.registry] INFO: Registered backend: Kratos Multiphysics (kratos)
2026-08-27 22:39:59,974 [oasis.kratos] INFO: Kratos Multiphysics backend registered
2026-08-27 22:39:59,977 [oasis.registry] INFO: Registered backend: DUNE-fem (dune)
2026-08-27 22:39:59,977 [oasis.dune] INFO: DUNE-fem backend registered
2026-08-27 22:39:59,982 [oasis.registry] INFO: Registered backend: SPARTA (DSMC) (sparta)
2026-08-27 22:39:59,982 [oasis.sparta] INFO: SPARTA (DSMC) backend registered
2026-08-27 22:39:59,982 [oasis] INFO: Starting OASiS MCP server
2026-08-27 22:39:59,989 [mcp.server.lowlevel.server] INFO: Processing request of type CallToolRequest
2026-08-27 22:40:00,005 [mcp.server.lowlevel.server] INFO: Processing request of type ListToolsRequest
2026-08-27 22:40:00,012 [oasis] INFO: Session journal saved: /home/alexander/Schreibtisch/ofa-v2/data/sessions/session_11998b13-d815-4e10-94b7-010f888158e0.json (1 events)
/home/alexander/Schreibtisch/ofa-v2/langgraph_eval/agent.py:258: RuntimeWarning: This package (`duckduckgo_search`) has been renamed to `ddgs`! Use `pip install ddgs` instead.
  with DDGS() as ddgs:
/home/alexander/Schreibtisch/ofa-v2/langgraph_eval/agent.py:258: RuntimeWarning: This package (`duckduckgo_search`) has been renamed to `ddgs`! Use `pip install ddgs` instead.
  with DDGS() as ddgs:
/home/alexander/Schreibtisch/ofa-v2/langgraph_eval/agent.py:258: RuntimeWarning: This package (`duckduckgo_search`) has been renamed to `ddgs`! Use `pip install ddgs` instead.
  with DDGS() as ddgs:
/home/alexander/Schreibtisch/ofa-v2/langgraph_eval/agent.py:258: RuntimeWarning: This package (`duckduckgo_search`) has been renamed to `ddgs`! Use `pip install ddgs` instead.
  with DDGS() as ddgs:
/home/alexander/Schreibtisch/ofa-v2/langgraph_eval/agent.py:258: RuntimeWarning: This package (`duckduckgo_search`) has been renamed to `ddgs`! Use `pip install ddgs` instead.
  with DDGS() as ddgs:
2026-08-27 22:40:04,815 [oasis.registry] INFO: Loaded discovered config: 5 backends
2026-08-27 22:40:04,816 [oasis.registry] INFO: Registered backend: 4C Multiphysics (fourc)
2026-08-27 22:40:04,817 [oasis.registry] INFO: Registered backend: FEniCSx (dolfinx) (fenics)
2026-08-27 22:40:04,817 [oasis.registry] INFO: Registered backend: deal.II (dealii)
2026-08-27 22:40:04,820 [oasis.registry] INFO: Registered backend: FEBio (febio)
2026-08-27 22:40:04,823 [oasis.registry] INFO: Registered backend: NGSolve (ngsolve)
2026-08-27 22:40:04,823 [oasis.ngsolve] INFO: NGSolve backend registered
2026-08-27 22:40:04,825 [oasis.registry] INFO: Registered backend: scikit-fem (skfem)
2026-08-27 22:40:04,825 [oasis.skfem] INFO: scikit-fem backend registered
2026-08-27 22:40:04,829 [oasis.registry] INFO: Registered backend: Kratos Multiphysics (kratos)
2026-08-27 22:40:04,829 [oasis.kratos] INFO: Kratos Multiphysics backend registered
2026-08-27 22:40:04,831 [oasis.registry] INFO: Registered backend: DUNE-fem (dune)
2026-08-27 22:40:04,831 [oasis.dune] INFO: DUNE-fem backend registered
2026-08-27 22:40:04,836 [oasis.registry] INFO: Registered backend: SPARTA (DSMC) (sparta)
2026-08-27 22:40:04,836 [oasis.sparta] INFO: SPARTA (DSMC) backend registered
2026-08-27 22:40:04,836 [oasis] INFO: Starting OASiS MCP server
2026-08-27 22:40:04,844 [mcp.server.lowlevel.server] INFO: Processing request of type CallToolRequest
/home/alexander/Schreibtisch/ofa-v2/langgraph_eval/agent.py:258: RuntimeWarning: This package (`duckduckgo_search`) has been renamed to `ddgs`! Use `pip install ddgs` instead.
  with DDGS() as ddgs:
2026-08-27 22:40:04,860 [mcp.server.lowlevel.server] INFO: Processing request of type ListToolsRequest
2026-08-27 22:40:04,868 [oasis] INFO: Session journal saved: /home/alexander/Schreibtisch/ofa-v2/data/sessions/session_a71cc8fc-863b-4620-bb30-47a3361607df.json (1 events)
/home/alexander/Schreibtisch/ofa-v2/langgraph_eval/agent.py:258: RuntimeWarning: This package (`duckduckgo_search`) has been renamed to `ddgs`! Use `pip install ddgs` instead.
  with DDGS() as ddgs:
/home/alexander/Schreibtisch/ofa-v2/langgraph_eval/agent.py:258: RuntimeWarning: This package (`duckduckgo_search`) has been renamed to `ddgs`! Use `pip install ddgs` instead.
  with DDGS() as ddgs:
/home/alexander/Schreibtisch/ofa-v2/langgraph_eval/agent.py:258: RuntimeWarning: This package (`duckduckgo_search`) has been renamed to `ddgs`! Use `pip install ddgs` instead.
  with DDGS() as ddgs:
/home/alexander/Schreibtisch/ofa-v2/langgraph_eval/agent.py:258: RuntimeWarning: This package (`duckduckgo_search`) has been renamed to `ddgs`! Use `pip install ddgs` instead.
  with DDGS() as ddgs:
/home/alexander/Schreibtisch/ofa-v2/langgraph_eval/agent.py:258: RuntimeWarning: This package (`duckduckgo_search`) has been renamed to `ddgs`! Use `pip install ddgs` instead.
  with DDGS() as ddgs:
/home/alexander/Schreibtisch/ofa-v2/langgraph_eval/agent.py:258: RuntimeWarning: This package (`duckduckgo_search`) has been renamed to `ddgs`! Use `pip install ddgs` instead.
  with DDGS() as ddgs:
/home/alexander/Schreibtisch/ofa-v2/langgraph_eval/agent.py:258: RuntimeWarning: This package (`duckduckgo_search`) has been renamed to `ddgs`! Use `pip install ddgs` instead.
  with DDGS() as ddgs:
/home/alexander/Schreibtisch/ofa-v2/langgraph_eval/agent.py:258: RuntimeWarning: This package (`duckduckgo_search`) has been renamed to `ddgs`! Use `pip install ddgs` instead.
  with DDGS() as ddgs:
/home/alexander/Schreibtisch/ofa-v2/langgraph_eval/agent.py:258: RuntimeWarning: This package (`duckduckgo_search`) has been renamed to `ddgs`! Use `pip install ddgs` instead.
  with DDGS() as ddgs:
/home/alexander/Schreibtisch/ofa-v2/langgraph_eval/agent.py:258: RuntimeWarning: This package (`duckduckgo_search`) has been renamed to `ddgs`! Use `pip install ddgs` instead.
  with DDGS() as ddgs:
2026-08-27 22:40:22,157 [oasis.registry] INFO: Loaded discovered config: 5 backends
2026-08-27 22:40:22,159 [oasis.registry] INFO: Registered backend: 4C Multiphysics (fourc)
2026-08-27 22:40:22,159 [oasis.registry] INFO: Registered backend: FEniCSx (dolfinx) (fenics)
2026-08-27 22:40:22,160 [oasis.registry] INFO: Registered backend: deal.II (dealii)
2026-08-27 22:40:22,164 [oasis.registry] INFO: Registered backend: FEBio (febio)
2026-08-27 22:40:22,167 [oasis.registry] INFO: Registered backend: NGSolve (ngsolve)
2026-08-27 22:40:22,167 [oasis.ngsolve] INFO: NGSolve backend registered
2026-08-27 22:40:22,170 [oasis.registry] INFO: Registered backend: scikit-fem (skfem)
2026-08-27 22:40:22,170 [oasis.skfem] INFO: scikit-fem backend registered
2026-08-27 22:40:22,174 [oasis.registry] INFO: Registered backend: Kratos Multiphysics (kratos)
2026-08-27 22:40:22,174 [oasis.kratos] INFO: Kratos Multiphysics backend registered
2026-08-27 22:40:22,177 [oasis.registry] INFO: Registered backend: DUNE-fem (dune)
2026-08-27 22:40:22,177 [oasis.dune] INFO: DUNE-fem backend registered
2026-08-27 22:40:22,182 [oasis.registry] INFO: Registered backend: SPARTA (DSMC) (sparta)
2026-08-27 22:40:22,182 [oasis.sparta] INFO: SPARTA (DSMC) backend registered
2026-08-27 22:40:22,182 [oasis] INFO: Starting OASiS MCP server
2026-08-27 22:40:22,190 [mcp.server.lowlevel.server] INFO: Processing request of type CallToolRequest
2026-08-27 22:40:22,205 [mcp.server.lowlevel.server] INFO: Processing request of type ListToolsRequest
2026-08-27 22:40:22,211 [oasis] INFO: Session journal saved: /home/alexander/Schreibtisch/ofa-v2/data/sessions/session_2c93f1d8-46ce-4474-9a32-08269a1f48f0.json (1 events)
/home/alexander/Schreibtisch/ofa-v2/langgraph_eval/agent.py:258: RuntimeWarning: This package (`duckduckgo_search`) has been renamed to `ddgs`! Use `pip install ddgs` instead.
  with DDGS() as ddgs:
/home/alexander/Schreibtisch/ofa-v2/langgraph_eval/agent.py:258: RuntimeWarning: This package (`duckduckgo_search`) has been renamed to `ddgs`! Use `pip install ddgs` instead.
  with DDGS() as ddgs:
/home/alexander/Schreibtisch/ofa-v2/langgraph_eval/agent.py:258: RuntimeWarning: This package (`duckduckgo_search`) has been renamed to `ddgs`! Use `pip install ddgs` instead.
  with DDGS() as ddgs:
/home/alexander/Schreibtisch/ofa-v2/langgraph_eval/agent.py:258: RuntimeWarning: This package (`duckduckgo_search`) has been renamed to `ddgs`! Use `pip install ddgs` instead.
  with DDGS() as ddgs:
/home/alexander/Schreibtisch/ofa-v2/langgraph_eval/agent.py:258: RuntimeWarning: This package (`duckduckgo_search`) has been renamed to `ddgs`! Use `pip install ddgs` instead.
  with DDGS() as ddgs:
/home/alexander/Schreibtisch/ofa-v2/langgraph_eval/agent.py:258: RuntimeWarning: This package (`duckduckgo_search`) has been renamed to `ddgs`! Use `pip install ddgs` instead.
  with DDGS() as ddgs:
/home/alexander/Schreibtisch/ofa-v2/langgraph_eval/agent.py:258: RuntimeWarning: This package (`duckduckgo_search`) has been renamed to `ddgs`! Use `pip install ddgs` instead.
  with DDGS() as ddgs:
/home/alexander/Schreibtisch/ofa-v2/langgraph_eval/agent.py:258: RuntimeWarning: This package (`duckduckgo_search`) has been renamed to `ddgs`! Use `pip install ddgs` instead.
  with DDGS() as ddgs:
/home/alexander/Schreibtisch/ofa-v2/langgraph_eval/agent.py:258: RuntimeWarning: This package (`duckduckgo_search`) has been renamed to `ddgs`! Use `pip install ddgs` instead.
  with DDGS() as ddgs:
/home/alexander/Schreibtisch/ofa-v2/langgraph_eval/agent.py:258: RuntimeWarning: This package (`duckduckgo_search`) has been renamed to `ddgs`! Use `pip install ddgs` instead.
  with DDGS() as ddgs:
/home/alexander/Schreibtisch/ofa-v2/langgraph_eval/agent.py:258: RuntimeWarning: This package (`duckduckgo_search`) has been renamed to `ddgs`! Use `pip install ddgs` instead.
  with DDGS() as ddgs:
/home/alexander/Schreibtisch/ofa-v2/langgraph_eval/agent.py:258: RuntimeWarning: This package (`duckduckgo_search`) has been renamed to `ddgs`! Use `pip install ddgs` instead.
  with DDGS() as ddgs:
/home/alexander/Schreibtisch/ofa-v2/langgraph_eval/agent.py:258: RuntimeWarning: This package (`duckduckgo_search`) has been renamed to `ddgs`! Use `pip install ddgs` instead.
  with DDGS() as ddgs:
2026-08-27 22:40:58,512 [oasis.registry] INFO: Loaded discovered config: 5 backends
2026-08-27 22:40:58,514 [oasis.registry] INFO: Registered backend: 4C Multiphysics (fourc)
2026-08-27 22:40:58,514 [oasis.registry] INFO: Registered backend: FEniCSx (dolfinx) (fenics)
2026-08-27 22:40:58,515 [oasis.registry] INFO: Registered backend: deal.II (dealii)
2026-08-27 22:40:58,518 [oasis.registry] INFO: Registered backend: FEBio (febio)
2026-08-27 22:40:58,520 [oasis.registry] INFO: Registered backend: NGSolve (ngsolve)
2026-08-27 22:40:58,520 [oasis.ngsolve] INFO: NGSolve backend registered
2026-08-27 22:40:58,523 [oasis.registry] INFO: Registered backend: scikit-fem (skfem)
2026-08-27 22:40:58,523 [oasis.skfem] INFO: scikit-fem backend registered
2026-08-27 22:40:58,526 [oasis.registry] INFO: Registered backend: Kratos Multiphysics (kratos)
2026-08-27 22:40:58,526 [oasis.kratos] INFO: Kratos Multiphysics backend registered
2026-08-27 22:40:58,529 [oasis.registry] INFO: Registered backend: DUNE-fem (dune)
2026-08-27 22:40:58,529 [oasis.dune] INFO: DUNE-fem backend registered
2026-08-27 22:40:58,534 [oasis.registry] INFO: Registered backend: SPARTA (DSMC) (sparta)
2026-08-27 22:40:58,534 [oasis.sparta] INFO: SPARTA (DSMC) backend registered
2026-08-27 22:40:58,534 [oasis] INFO: Starting OASiS MCP server
2026-08-27 22:40:58,542 [mcp.server.lowlevel.server] INFO: Processing request of type CallToolRequest
2026-08-27 22:40:58,547 [mcp.server.lowlevel.server] INFO: Processing request of type ListToolsRequest
2026-08-27 22:40:58,554 [oasis] INFO: Session journal saved: /home/alexander/Schreibtisch/ofa-v2/data/sessions/session_97171b21-61df-403d-bd7a-8ebeef676928.json (1 events)
2026-08-27 22:41:05,238 [oasis.registry] INFO: Loaded discovered config: 5 backends
2026-08-27 22:41:05,240 [oasis.registry] INFO: Registered backend: 4C Multiphysics (fourc)
2026-08-27 22:41:05,240 [oasis.registry] INFO: Registered backend: FEniCSx (dolfinx) (fenics)
2026-08-27 22:41:05,241 [oasis.registry] INFO: Registered backend: deal.II (dealii)
2026-08-27 22:41:05,244 [oasis.registry] INFO: Registered backend: FEBio (febio)
2026-08-27 22:41:05,246 [oasis.registry] INFO: Registered backend: NGSolve (ngsolve)
2026-08-27 22:41:05,246 [oasis.ngsolve] INFO: NGSolve backend registered
2026-08-27 22:41:05,249 [oasis.registry] INFO: Registered backend: scikit-fem (skfem)
2026-08-27 22:41:05,249 [oasis.skfem] INFO: scikit-fem backend registered
2026-08-27 22:41:05,252 [oasis.registry] INFO: Registered backend: Kratos Multiphysics (kratos)
2026-08-27 22:41:05,252 [oasis.kratos] INFO: Kratos Multiphysics backend registered
2026-08-27 22:41:05,255 [oasis.registry] INFO: Registered backend: DUNE-fem (dune)
2026-08-27 22:41:05,255 [oasis.dune] INFO: DUNE-fem backend registered
2026-08-27 22:41:05,260 [oasis.registry] INFO: Registered backend: SPARTA (DSMC) (sparta)
2026-08-27 22:41:05,260 [oasis.sparta] INFO: SPARTA (DSMC) backend registered
2026-08-27 22:41:05,260 [oasis] INFO: Starting OASiS MCP server
2026-08-27 22:41:05,268 [mcp.server.lowlevel.server] INFO: Processing request of type CallToolRequest
2026-08-27 22:41:05,273 [mcp.server.lowlevel.server] INFO: Processing request of type ListToolsRequest
2026-08-27 22:41:05,280 [oasis] INFO: Session journal saved: /home/alexander/Schreibtisch/ofa-v2/data/sessions/session_08690e9f-fb2e-4f8a-ae25-ea6e797fbdb2.json (1 events)
/home/alexander/Schreibtisch/ofa-v2/langgraph_eval/agent.py:258: RuntimeWarning: This package (`duckduckgo_search`) has been renamed to `ddgs`! Use `pip install ddgs` instead.
  with DDGS() as ddgs:
/home/alexander/Schreibtisch/ofa-v2/langgraph_eval/agent.py:258: RuntimeWarning: This package (`duckduckgo_search`) has been renamed to `ddgs`! Use `pip install ddgs` instead.
  with DDGS() as ddgs:
/home/alexander/Schreibtisch/ofa-v2/langgraph_eval/agent.py:258: RuntimeWarning: This package (`duckduckgo_search`) has been renamed to `ddgs`! Use `pip install ddgs` instead.
  with DDGS() as ddgs:
2026-08-27 22:41:38,834 [oasis.registry] INFO: Loaded discovered config: 5 backends
2026-08-27 22:41:38,836 [oasis.registry] INFO: Registered backend: 4C Multiphysics (fourc)
2026-08-27 22:41:38,836 [oasis.registry] INFO: Registered backend: FEniCSx (dolfinx) (fenics)
2026-08-27 22:41:38,837 [oasis.registry] INFO: Registered backend: deal.II (dealii)
2026-08-27 22:41:38,840 [oasis.registry] INFO: Registered backend: FEBio (febio)
2026-08-27 22:41:38,842 [oasis.registry] INFO: Registered backend: NGSolve (ngsolve)
2026-08-27 22:41:38,842 [oasis.ngsolve] INFO: NGSolve backend registered
2026-08-27 22:41:38,845 [oasis.registry] INFO: Registered backend: scikit-fem (skfem)
2026-08-27 22:41:38,845 [oasis.skfem] INFO: scikit-fem backend registered
2026-08-27 22:41:38,848 [oasis.registry] INFO: Registered backend: Kratos Multiphysics (kratos)
2026-08-27 22:41:38,848 [oasis.kratos] INFO: Kratos Multiphysics backend registered
2026-08-27 22:41:38,851 [oasis.registry] INFO: Registered backend: DUNE-fem (dune)
2026-08-27 22:41:38,851 [oasis.dune] INFO: DUNE-fem backend registered
2026-08-27 22:41:38,856 [oasis.registry] INFO: Registered backend: SPARTA (DSMC) (sparta)
2026-08-27 22:41:38,856 [oasis.sparta] INFO: SPARTA (DSMC) backend registered
2026-08-27 22:41:38,856 [oasis] INFO: Starting OASiS MCP server
2026-08-27 22:41:38,864 [mcp.server.lowlevel.server] INFO: Processing request of type CallToolRequest
2026-08-27 22:41:38,868 [mcp.server.lowlevel.server] INFO: Processing request of type ListToolsRequest
2026-08-27 22:41:38,874 [oasis] INFO: Session journal saved: /home/alexander/Schreibtisch/ofa-v2/data/sessions/session_d5ad9169-c421-44de-b3fd-f23b27b12cc2.json (1 events)
/home/alexander/Schreibtisch/ofa-v2/langgraph_eval/agent.py:258: RuntimeWarning: This package (`duckduckgo_search`) has been renamed to `ddgs`! Use `pip install ddgs` instead.
  with DDGS() as ddgs:
/home/alexander/Schreibtisch/ofa-v2/langgraph_eval/agent.py:258: RuntimeWarning: This package (`duckduckgo_search`) has been renamed to `ddgs`! Use `pip install ddgs` instead.
  with DDGS() as ddgs:
2026-08-27 22:41:43,971 [oasis.registry] INFO: Loaded discovered config: 5 backends
2026-08-27 22:41:43,973 [oasis.registry] INFO: Registered backend: 4C Multiphysics (fourc)
2026-08-27 22:41:43,973 [oasis.registry] INFO: Registered backend: FEniCSx (dolfinx) (fenics)
2026-08-27 22:41:43,974 [oasis.registry] INFO: Registered backend: deal.II (dealii)
2026-08-27 22:41:43,977 [oasis.registry] INFO: Registered backend: FEBio (febio)
2026-08-27 22:41:43,979 [oasis.registry] INFO: Registered backend: NGSolve (ngsolve)
2026-08-27 22:41:43,979 [oasis.ngsolve] INFO: NGSolve backend registered
2026-08-27 22:41:43,982 [oasis.registry] INFO: Registered backend: scikit-fem (skfem)
2026-08-27 22:41:43,982 [oasis.skfem] INFO: scikit-fem backend registered
2026-08-27 22:41:43,986 [oasis.registry] INFO: Registered backend: Kratos Multiphysics (kratos)
2026-08-27 22:41:43,986 [oasis.kratos] INFO: Kratos Multiphysics backend registered
2026-08-27 22:41:43,988 [oasis.registry] INFO: Registered backend: DUNE-fem (dune)
2026-08-27 22:41:43,988 [oasis.dune] INFO: DUNE-fem backend registered
/home/alexander/Schreibtisch/ofa-v2/langgraph_eval/agent.py:258: RuntimeWarning: This package (`duckduckgo_search`) has been renamed to `ddgs`! Use `pip install ddgs` instead.
  with DDGS() as ddgs:
2026-08-27 22:41:43,993 [oasis.registry] INFO: Registered backend: SPARTA (DSMC) (sparta)
2026-08-27 22:41:43,993 [oasis.sparta] INFO: SPARTA (DSMC) backend registered
2026-08-27 22:41:43,993 [oasis] INFO: Starting OASiS MCP server
2026-08-27 22:41:44,001 [mcp.server.lowlevel.server] INFO: Processing request of type CallToolRequest
2026-08-27 22:41:44,016 [mcp.server.lowlevel.server] INFO: Processing request of type ListToolsRequest
2026-08-27 22:41:44,023 [oasis] INFO: Session journal saved: /home/alexander/Schreibtisch/ofa-v2/data/sessions/session_79be5446-992c-4551-87cd-bf602fb8272e.json (1 events)
/home/alexander/Schreibtisch/ofa-v2/langgraph_eval/agent.py:258: RuntimeWarning: This package (`duckduckgo_search`) has been renamed to `ddgs`! Use `pip install ddgs` instead.
  with DDGS() as ddgs:
/home/alexander/Schreibtisch/ofa-v2/langgraph_eval/agent.py:258: RuntimeWarning: This package (`duckduckgo_search`) has been renamed to `ddgs`! Use `pip install ddgs` instead.
  with DDGS() as ddgs:
/home/alexander/Schreibtisch/ofa-v2/langgraph_eval/agent.py:258: RuntimeWarning: This package (`duckduckgo_search`) has been renamed to `ddgs`! Use `pip install ddgs` instead.
  with DDGS() as ddgs:
/home/alexander/Schreibtisch/ofa-v2/langgraph_eval/agent.py:258: RuntimeWarning: This package (`duckduckgo_search`) has been renamed to `ddgs`! Use `pip install ddgs` instead.
  with DDGS() as ddgs:
/home/alexander/Schreibtisch/ofa-v2/langgraph_eval/agent.py:258: RuntimeWarning: This package (`duckduckgo_search`) has been renamed to `ddgs`! Use `pip install ddgs` instead.
  with DDGS() as ddgs:
/home/alexander/Schreibtisch/ofa-v2/langgraph_eval/agent.py:258: RuntimeWarning: This package (`duckduckgo_search`) has been renamed to `ddgs`! Use `pip install ddgs` instead.
  with DDGS() as ddgs:
/home/alexander/Schreibtisch/ofa-v2/langgraph_eval/agent.py:258: RuntimeWarning: This package (`duckduckgo_search`) has been renamed to `ddgs`! Use `pip install ddgs` instead.
  with DDGS() as ddgs:
2026-08-27 22:45:43,589 [oasis.registry] INFO: Loaded discovered config: 5 backends
2026-08-27 22:45:43,590 [oasis.registry] INFO: Registered backend: 4C Multiphysics (fourc)
2026-08-27 22:45:43,591 [oasis.registry] INFO: Registered backend: FEniCSx (dolfinx) (fenics)
2026-08-27 22:45:43,591 [oasis.registry] INFO: Registered backend: deal.II (dealii)
2026-08-27 22:45:43,594 [oasis.registry] INFO: Registered backend: FEBio (febio)
2026-08-27 22:45:43,597 [oasis.registry] INFO: Registered backend: NGSolve (ngsolve)
2026-08-27 22:45:43,597 [oasis.ngsolve] INFO: NGSolve backend registered
2026-08-27 22:45:43,599 [oasis.registry] INFO: Registered backend: scikit-fem (skfem)
2026-08-27 22:45:43,599 [oasis.skfem] INFO: scikit-fem backend registered
2026-08-27 22:45:43,603 [oasis.registry] INFO: Registered backend: Kratos Multiphysics (kratos)
2026-08-27 22:45:43,603 [oasis.kratos] INFO: Kratos Multiphysics backend registered
2026-08-27 22:45:43,605 [oasis.registry] INFO: Registered backend: DUNE-fem (dune)
2026-08-27 22:45:43,605 [oasis.dune] INFO: DUNE-fem backend registered
2026-08-27 22:45:43,610 [oasis.registry] INFO: Registered backend: SPARTA (DSMC) (sparta)
2026-08-27 22:45:43,610 [oasis.sparta] INFO: SPARTA (DSMC) backend registered
2026-08-27 22:45:43,610 [oasis] INFO: Starting OASiS MCP server
/home/alexander/Schreibtisch/ofa-v2/langgraph_eval/agent.py:258: RuntimeWarning: This package (`duckduckgo_search`) has been renamed to `ddgs`! Use `pip install ddgs` instead.
  with DDGS() as ddgs:
2026-08-27 22:45:43,619 [mcp.server.lowlevel.server] INFO: Processing request of type CallToolRequest
2026-08-27 22:45:43,634 [mcp.server.lowlevel.server] INFO: Processing request of type ListToolsRequest
2026-08-27 22:45:43,641 [oasis] INFO: Session journal saved: /home/alexander/Schreibtisch/ofa-v2/data/sessions/session_fcb31e25-b6f7-4b0b-b76d-4f3dfc933d3a.json (1 events)
/home/alexander/Schreibtisch/ofa-v2/langgraph_eval/agent.py:258: RuntimeWarning: This package (`duckduckgo_search`) has been renamed to `ddgs`! Use `pip install ddgs` instead.
  with DDGS() as ddgs:
/home/alexander/Schreibtisch/ofa-v2/langgraph_eval/agent.py:258: RuntimeWarning: This package (`duckduckgo_search`) has been renamed to `ddgs`! Use `pip install ddgs` instead.
  with DDGS() as ddgs:
/home/alexander/Schreibtisch/ofa-v2/langgraph_eval/agent.py:258: RuntimeWarning: This package (`duckduckgo_search`) has been renamed to `ddgs`! Use `pip install ddgs` instead.
  with DDGS() as ddgs:
/home/alexander/Schreibtisch/ofa-v2/langgraph_eval/agent.py:258: RuntimeWarning: This package (`duckduckgo_search`) has been renamed to `ddgs`! Use `pip install ddgs` instead.
  with DDGS() as ddgs:
2026-08-27 22:45:58,780 [oasis.registry] INFO: Loaded discovered config: 5 backends
2026-08-27 22:45:58,782 [oasis.registry] INFO: Registered backend: 4C Multiphysics (fourc)
2026-08-27 22:45:58,782 [oasis.registry] INFO: Registered backend: FEniCSx (dolfinx) (fenics)
2026-08-27 22:45:58,783 [oasis.registry] INFO: Registered backend: deal.II (dealii)
2026-08-27 22:45:58,786 [oasis.registry] INFO: Registered backend: FEBio (febio)
2026-08-27 22:45:58,788 [oasis.registry] INFO: Registered backend: NGSolve (ngsolve)
2026-08-27 22:45:58,788 [oasis.ngsolve] INFO: NGSolve backend registered
2026-08-27 22:45:58,791 [oasis.registry] INFO: Registered backend: scikit-fem (skfem)
2026-08-27 22:45:58,791 [oasis.skfem] INFO: scikit-fem backend registered
2026-08-27 22:45:58,795 [oasis.registry] INFO: Registered backend: Kratos Multiphysics (kratos)
2026-08-27 22:45:58,795 [oasis.kratos] INFO: Kratos Multiphysics backend registered
2026-08-27 22:45:58,797 [oasis.registry] INFO: Registered backend: DUNE-fem (dune)
2026-08-27 22:45:58,797 [oasis.dune] INFO: DUNE-fem backend registered
2026-08-27 22:45:58,802 [oasis.registry] INFO: Registered backend: SPARTA (DSMC) (sparta)
2026-08-27 22:45:58,802 [oasis.sparta] INFO: SPARTA (DSMC) backend registered
2026-08-27 22:45:58,802 [oasis] INFO: Starting OASiS MCP server
2026-08-27 22:45:58,810 [mcp.server.lowlevel.server] INFO: Processing request of type CallToolRequest
2026-08-27 22:46:02,275 [oasis.registry] INFO: Loaded discovered config: 5 backends
2026-08-27 22:46:02,277 [oasis.registry] INFO: Registered backend: 4C Multiphysics (fourc)
2026-08-27 22:46:02,278 [oasis.registry] INFO: Registered backend: FEniCSx (dolfinx) (fenics)
2026-08-27 22:46:02,278 [oasis.registry] INFO: Registered backend: deal.II (dealii)
2026-08-27 22:46:02,281 [oasis.registry] INFO: Registered backend: FEBio (febio)
2026-08-27 22:46:02,284 [oasis.registry] INFO: Registered backend: NGSolve (ngsolve)
2026-08-27 22:46:02,284 [oasis.ngsolve] INFO: NGSolve backend registered
2026-08-27 22:46:02,286 [oasis.registry] INFO: Registered backend: scikit-fem (skfem)
2026-08-27 22:46:02,286 [oasis.skfem] INFO: scikit-fem backend registered
2026-08-27 22:46:02,290 [oasis.registry] INFO: Registered backend: Kratos Multiphysics (kratos)
2026-08-27 22:46:02,290 [oasis.kratos] INFO: Kratos Multiphysics backend registered
2026-08-27 22:46:02,292 [oasis.registry] INFO: Registered backend: DUNE-fem (dune)
2026-08-27 22:46:02,292 [oasis.dune] INFO: DUNE-fem backend registered
2026-08-27 22:46:02,298 [oasis.registry] INFO: Registered backend: SPARTA (DSMC) (sparta)
2026-08-27 22:46:02,298 [oasis.sparta] INFO: SPARTA (DSMC) backend registered
2026-08-27 22:46:02,298 [oasis] INFO: Starting OASiS MCP server
2026-08-27 22:46:02,305 [mcp.server.lowlevel.server] INFO: Processing request of type CallToolRequest
2026-08-27 22:46:02,309 [mcp.server.lowlevel.server] INFO: Processing request of type ListToolsRequest
2026-08-27 22:46:02,315 [oasis] INFO: Session journal saved: /home/alexander/Schreibtisch/ofa-v2/data/sessions/session_18f11238-7e0b-4dac-9ef9-d7f59da4bfcd.json (1 events)
2026-08-27 22:46:15,396 [oasis.registry] INFO: Loaded discovered config: 5 backends
2026-08-27 22:46:15,397 [oasis.registry] INFO: Registered backend: 4C Multiphysics (fourc)
2026-08-27 22:46:15,398 [oasis.registry] INFO: Registered backend: FEniCSx (dolfinx) (fenics)
2026-08-27 22:46:15,398 [oasis.registry] INFO: Registered backend: deal.II (dealii)
2026-08-27 22:46:15,402 [oasis.registry] INFO: Registered backend: FEBio (febio)
2026-08-27 22:46:15,404 [oasis.registry] INFO: Registered backend: NGSolve (ngsolve)
2026-08-27 22:46:15,404 [oasis.ngsolve] INFO: NGSolve backend registered
2026-08-27 22:46:15,407 [oasis.registry] INFO: Registered backend: scikit-fem (skfem)
2026-08-27 22:46:15,407 [oasis.skfem] INFO: scikit-fem backend registered
2026-08-27 22:46:15,410 [oasis.registry] INFO: Registered backend: Kratos Multiphysics (kratos)
2026-08-27 22:46:15,410 [oasis.kratos] INFO: Kratos Multiphysics backend registered
2026-08-27 22:46:15,413 [oasis.registry] INFO: Registered backend: DUNE-fem (dune)
2026-08-27 22:46:15,413 [oasis.dune] INFO: DUNE-fem backend registered
2026-08-27 22:46:15,417 [oasis.registry] INFO: Registered backend: SPARTA (DSMC) (sparta)
2026-08-27 22:46:15,418 [oasis.sparta] INFO: SPARTA (DSMC) backend registered
2026-08-27 22:46:15,418 [oasis] INFO: Starting OASiS MCP server
2026-08-27 22:46:15,425 [mcp.server.lowlevel.server] INFO: Processing request of type CallToolRequest
2026-08-27 22:46:15,450 [mcp.server.lowlevel.server] INFO: Processing request of type ListToolsRequest
2026-08-27 22:46:15,456 [oasis] INFO: Session journal saved: /home/alexander/Schreibtisch/ofa-v2/data/sessions/session_639a6365-9267-436e-b98c-acfa7bba498f.json (1 events)
2026-08-27 22:46:20,650 [oasis.registry] INFO: Loaded discovered config: 5 backends
2026-08-27 22:46:20,651 [oasis.registry] INFO: Registered backend: 4C Multiphysics (fourc)
2026-08-27 22:46:20,652 [oasis.registry] INFO: Registered backend: FEniCSx (dolfinx) (fenics)
2026-08-27 22:46:20,652 [oasis.registry] INFO: Registered backend: deal.II (dealii)
2026-08-27 22:46:20,655 [oasis.registry] INFO: Registered backend: FEBio (febio)
2026-08-27 22:46:20,658 [oasis.registry] INFO: Registered backend: NGSolve (ngsolve)
2026-08-27 22:46:20,658 [oasis.ngsolve] INFO: NGSolve backend registered
2026-08-27 22:46:20,660 [oasis.registry] INFO: Registered backend: scikit-fem (skfem)
2026-08-27 22:46:20,660 [oasis.skfem] INFO: scikit-fem backend registered
2026-08-27 22:46:20,664 [oasis.registry] INFO: Registered backend: Kratos Multiphysics (kratos)
2026-08-27 22:46:20,664 [oasis.kratos] INFO: Kratos Multiphysics backend registered
2026-08-27 22:46:20,666 [oasis.registry] INFO: Registered backend: DUNE-fem (dune)
2026-08-27 22:46:20,666 [oasis.dune] INFO: DUNE-fem backend registered
2026-08-27 22:46:20,671 [oasis.registry] INFO: Registered backend: SPARTA (DSMC) (sparta)
2026-08-27 22:46:20,671 [oasis.sparta] INFO: SPARTA (DSMC) backend registered
2026-08-27 22:46:20,671 [oasis] INFO: Starting OASiS MCP server
2026-08-27 22:46:20,679 [mcp.server.lowlevel.server] INFO: Processing request of type CallToolRequest
2026-08-27 22:46:20,704 [mcp.server.lowlevel.server] INFO: Processing request of type ListToolsRequest
2026-08-27 22:46:20,711 [oasis] INFO: Session journal saved: /home/alexander/Schreibtisch/ofa-v2/data/sessions/session_f1748b61-db32-4498-95c8-f23dee28c7e4.json (1 events)
2026-08-27 22:46:24,906 [oasis.registry] INFO: Loaded discovered config: 5 backends
2026-08-27 22:46:24,908 [oasis.registry] INFO: Registered backend: 4C Multiphysics (fourc)
2026-08-27 22:46:24,909 [oasis.registry] INFO: Registered backend: FEniCSx (dolfinx) (fenics)
2026-08-27 22:46:24,909 [oasis.registry] INFO: Registered backend: deal.II (dealii)
2026-08-27 22:46:24,912 [oasis.registry] INFO: Registered backend: FEBio (febio)
2026-08-27 22:46:24,915 [oasis.registry] INFO: Registered backend: NGSolve (ngsolve)
2026-08-27 22:46:24,915 [oasis.ngsolve] INFO: NGSolve backend registered
2026-08-27 22:46:24,917 [oasis.registry] INFO: Registered backend: scikit-fem (skfem)
2026-08-27 22:46:24,917 [oasis.skfem] INFO: scikit-fem backend registered
2026-08-27 22:46:24,921 [oasis.registry] INFO: Registered backend: Kratos Multiphysics (kratos)
2026-08-27 22:46:24,921 [oasis.kratos] INFO: Kratos Multiphysics backend registered
2026-08-27 22:46:24,923 [oasis.registry] INFO: Registered backend: DUNE-fem (dune)
2026-08-27 22:46:24,923 [oasis.dune] INFO: DUNE-fem backend registered
2026-08-27 22:46:24,928 [oasis.registry] INFO: Registered backend: SPARTA (DSMC) (sparta)
2026-08-27 22:46:24,928 [oasis.sparta] INFO: SPARTA (DSMC) backend registered
2026-08-27 22:46:24,928 [oasis] INFO: Starting OASiS MCP server
2026-08-27 22:46:24,936 [mcp.server.lowlevel.server] INFO: Processing request of type CallToolRequest
2026-08-27 22:46:24,952 [mcp.server.lowlevel.server] INFO: Processing request of type ListToolsRequest
2026-08-27 22:46:24,959 [oasis] INFO: Session journal saved: /home/alexander/Schreibtisch/ofa-v2/data/sessions/session_b46cfb55-6d69-48c2-8e9b-969a3d066c33.json (1 events)
2026-08-27 22:46:40,549 [oasis.registry] INFO: Loaded discovered config: 5 backends
2026-08-27 22:46:40,551 [oasis.registry] INFO: Registered backend: 4C Multiphysics (fourc)
2026-08-27 22:46:40,551 [oasis.registry] INFO: Registered backend: FEniCSx (dolfinx) (fenics)
2026-08-27 22:46:40,552 [oasis.registry] INFO: Registered backend: deal.II (dealii)
2026-08-27 22:46:40,555 [oasis.registry] INFO: Registered backend: FEBio (febio)
2026-08-27 22:46:40,557 [oasis.registry] INFO: Registered backend: NGSolve (ngsolve)
2026-08-27 22:46:40,557 [oasis.ngsolve] INFO: NGSolve backend registered
2026-08-27 22:46:40,560 [oasis.registry] INFO: Registered backend: scikit-fem (skfem)
2026-08-27 22:46:40,560 [oasis.skfem] INFO: scikit-fem backend registered
2026-08-27 22:46:40,563 [oasis.registry] INFO: Registered backend: Kratos Multiphysics (kratos)
2026-08-27 22:46:40,563 [oasis.kratos] INFO: Kratos Multiphysics backend registered
2026-08-27 22:46:40,566 [oasis.registry] INFO: Registered backend: DUNE-fem (dune)
2026-08-27 22:46:40,566 [oasis.dune] INFO: DUNE-fem backend registered
2026-08-27 22:46:40,571 [oasis.registry] INFO: Registered backend: SPARTA (DSMC) (sparta)
2026-08-27 22:46:40,571 [oasis.sparta] INFO: SPARTA (DSMC) backend registered
2026-08-27 22:46:40,571 [oasis] INFO: Starting OASiS MCP server
2026-08-27 22:46:40,578 [mcp.server.lowlevel.server] INFO: Processing request of type CallToolRequest
2026-08-27 22:46:40,597 [mcp.server.lowlevel.server] INFO: Processing request of type ListToolsRequest
2026-08-27 22:46:40,607 [oasis] INFO: Session journal saved: /home/alexander/Schreibtisch/ofa-v2/data/sessions/session_63eb8564-d94a-45ae-bf39-32fbe6a1cda8.json (1 events)
2026-08-27 22:48:30,133 [oasis.registry] INFO: Loaded discovered config: 5 backends
2026-08-27 22:48:30,134 [oasis.registry] INFO: Registered backend: 4C Multiphysics (fourc)
2026-08-27 22:48:30,135 [oasis.registry] INFO: Registered backend: FEniCSx (dolfinx) (fenics)
2026-08-27 22:48:30,135 [oasis.registry] INFO: Registered backend: deal.II (dealii)
2026-08-27 22:48:30,138 [oasis.registry] INFO: Registered backend: FEBio (febio)
2026-08-27 22:48:30,141 [oasis.registry] INFO: Registered backend: NGSolve (ngsolve)
2026-08-27 22:48:30,141 [oasis.ngsolve] INFO: NGSolve backend registered
2026-08-27 22:48:30,143 [oasis.registry] INFO: Registered backend: scikit-fem (skfem)
2026-08-27 22:48:30,143 [oasis.skfem] INFO: scikit-fem backend registered
2026-08-27 22:48:30,147 [oasis.registry] INFO: Registered backend: Kratos Multiphysics (kratos)
2026-08-27 22:48:30,147 [oasis.kratos] INFO: Kratos Multiphysics backend registered
2026-08-27 22:48:30,149 [oasis.registry] INFO: Registered backend: DUNE-fem (dune)
2026-08-27 22:48:30,150 [oasis.dune] INFO: DUNE-fem backend registered
2026-08-27 22:48:30,155 [oasis.registry] INFO: Registered backend: SPARTA (DSMC) (sparta)
2026-08-27 22:48:30,155 [oasis.sparta] INFO: SPARTA (DSMC) backend registered
2026-08-27 22:48:30,155 [oasis] INFO: Starting OASiS MCP server
2026-08-27 22:48:30,163 [mcp.server.lowlevel.server] INFO: Processing request of type CallToolRequest
2026-08-27 22:48:33,458 [mcp.server.lowlevel.server] INFO: Processing request of type ListToolsRequest
2026-08-27 22:49:54,164 [oasis.registry] INFO: Loaded discovered config: 5 backends
2026-08-27 22:49:54,166 [oasis.registry] INFO: Registered backend: 4C Multiphysics (fourc)
2026-08-27 22:49:54,167 [oasis.registry] INFO: Registered backend: FEniCSx (dolfinx) (fenics)
2026-08-27 22:49:54,167 [oasis.registry] INFO: Registered backend: deal.II (dealii)
2026-08-27 22:49:54,170 [oasis.registry] INFO: Registered backend: FEBio (febio)
2026-08-27 22:49:54,173 [oasis.registry] INFO: Registered backend: NGSolve (ngsolve)
2026-08-27 22:49:54,173 [oasis.ngsolve] INFO: NGSolve backend registered
2026-08-27 22:49:54,175 [oasis.registry] INFO: Registered backend: scikit-fem (skfem)
2026-08-27 22:49:54,175 [oasis.skfem] INFO: scikit-fem backend registered
2026-08-27 22:49:54,179 [oasis.registry] INFO: Registered backend: Kratos Multiphysics (kratos)
2026-08-27 22:49:54,179 [oasis.kratos] INFO: Kratos Multiphysics backend registered
2026-08-27 22:49:54,181 [oasis.registry] INFO: Registered backend: DUNE-fem (dune)
2026-08-27 22:49:54,181 [oasis.dune] INFO: DUNE-fem backend registered
2026-08-27 22:49:54,186 [oasis.registry] INFO: Registered backend: SPARTA (DSMC) (sparta)
2026-08-27 22:49:54,186 [oasis.sparta] INFO: SPARTA (DSMC) backend registered
2026-08-27 22:49:54,186 [oasis] INFO: Starting OASiS MCP server
2026-08-27 22:49:54,194 [mcp.server.lowlevel.server] INFO: Processing request of type CallToolRequest
2026-08-27 22:49:57,435 [mcp.server.lowlevel.server] INFO: Processing request of type ListToolsRequest
2026-08-27 22:51:02,188 [oasis.registry] INFO: Loaded discovered config: 5 backends
2026-08-27 22:51:02,190 [oasis.registry] INFO: Registered backend: 4C Multiphysics (fourc)
2026-08-27 22:51:02,190 [oasis.registry] INFO: Registered backend: FEniCSx (dolfinx) (fenics)
2026-08-27 22:51:02,191 [oasis.registry] INFO: Registered backend: deal.II (dealii)
2026-08-27 22:51:02,194 [oasis.registry] INFO: Registered backend: FEBio (febio)
2026-08-27 22:51:02,197 [oasis.registry] INFO: Registered backend: NGSolve (ngsolve)
2026-08-27 22:51:02,197 [oasis.ngsolve] INFO: NGSolve backend registered
2026-08-27 22:51:02,199 [oasis.registry] INFO: Registered backend: scikit-fem (skfem)
2026-08-27 22:51:02,199 [oasis.skfem] INFO: scikit-fem backend registered
2026-08-27 22:51:02,203 [oasis.registry] INFO: Registered backend: Kratos Multiphysics (kratos)
2026-08-27 22:51:02,203 [oasis.kratos] INFO: Kratos Multiphysics backend registered
2026-08-27 22:51:02,205 [oasis.registry] INFO: Registered backend: DUNE-fem (dune)
2026-08-27 22:51:02,205 [oasis.dune] INFO: DUNE-fem backend registered
2026-08-27 22:51:02,210 [oasis.registry] INFO: Registered backend: SPARTA (DSMC) (sparta)
2026-08-27 22:51:02,210 [oasis.sparta] INFO: SPARTA (DSMC) backend registered
2026-08-27 22:51:02,211 [oasis] INFO: Starting OASiS MCP server
2026-08-27 22:51:02,218 [mcp.server.lowlevel.server] INFO: Processing request of type CallToolRequest
2026-08-27 22:51:05,476 [mcp.server.lowlevel.server] INFO: Processing request of type ListToolsRequest
2026-08-27 22:51:47,034 [oasis.registry] INFO: Loaded discovered config: 5 backends
2026-08-27 22:51:47,036 [oasis.registry] INFO: Registered backend: 4C Multiphysics (fourc)
2026-08-27 22:51:47,037 [oasis.registry] INFO: Registered backend: FEniCSx (dolfinx) (fenics)
2026-08-27 22:51:47,037 [oasis.registry] INFO: Registered backend: deal.II (dealii)
2026-08-27 22:51:47,040 [oasis.registry] INFO: Registered backend: FEBio (febio)
2026-08-27 22:51:47,043 [oasis.registry] INFO: Registered backend: NGSolve (ngsolve)
2026-08-27 22:51:47,043 [oasis.ngsolve] INFO: NGSolve backend registered
2026-08-27 22:51:47,045 [oasis.registry] INFO: Registered backend: scikit-fem (skfem)
2026-08-27 22:51:47,045 [oasis.skfem] INFO: scikit-fem backend registered
2026-08-27 22:51:47,049 [oasis.registry] INFO: Registered backend: Kratos Multiphysics (kratos)
2026-08-27 22:51:47,049 [oasis.kratos] INFO: Kratos Multiphysics backend registered
2026-08-27 22:51:47,051 [oasis.registry] INFO: Registered backend: DUNE-fem (dune)
2026-08-27 22:51:47,051 [oasis.dune] INFO: DUNE-fem backend registered
2026-08-27 22:51:47,056 [oasis.registry] INFO: Registered backend: SPARTA (DSMC) (sparta)
2026-08-27 22:51:47,056 [oasis.sparta] INFO: SPARTA (DSMC) backend registered
2026-08-27 22:51:47,056 [oasis] INFO: Starting OASiS MCP server
2026-08-27 22:51:47,065 [mcp.server.lowlevel.server] INFO: Processing request of type CallToolRequest
2026-08-27 22:51:47,070 [mcp.server.lowlevel.server] INFO: Processing request of type ListToolsRequest
2026-08-27 22:52:01,851 [oasis.registry] INFO: Loaded discovered config: 5 backends
2026-08-27 22:52:01,852 [oasis.registry] INFO: Registered backend: 4C Multiphysics (fourc)
2026-08-27 22:52:01,854 [oasis.registry] INFO: Registered backend: FEniCSx (dolfinx) (fenics)
2026-08-27 22:52:01,855 [oasis.registry] INFO: Registered backend: deal.II (dealii)
2026-08-27 22:52:01,858 [oasis.registry] INFO: Registered backend: FEBio (febio)
2026-08-27 22:52:01,860 [oasis.registry] INFO: Registered backend: NGSolve (ngsolve)
2026-08-27 22:52:01,860 [oasis.ngsolve] INFO: NGSolve backend registered
2026-08-27 22:52:01,863 [oasis.registry] INFO: Registered backend: scikit-fem (skfem)
2026-08-27 22:52:01,863 [oasis.skfem] INFO: scikit-fem backend registered
2026-08-27 22:52:01,867 [oasis.registry] INFO: Registered backend: Kratos Multiphysics (kratos)
2026-08-27 22:52:01,867 [oasis.kratos] INFO: Kratos Multiphysics backend registered
2026-08-27 22:52:01,869 [oasis.registry] INFO: Registered backend: DUNE-fem (dune)
2026-08-27 22:52:01,869 [oasis.dune] INFO: DUNE-fem backend registered
2026-08-27 22:52:01,874 [oasis.registry] INFO: Registered backend: SPARTA (DSMC) (sparta)
2026-08-27 22:52:01,874 [oasis.sparta] INFO: SPARTA (DSMC) backend registered
2026-08-27 22:52:01,874 [oasis] INFO: Starting OASiS MCP server
2026-08-27 22:52:01,882 [mcp.server.lowlevel.server] INFO: Processing request of type CallToolRequest
2026-08-27 22:52:07,698 [mcp.server.lowlevel.server] INFO: Processing request of type ListToolsRequest
2026-08-27 22:52:07,706 [oasis] INFO: Session journal saved: /home/alexander/Schreibtisch/ofa-v2/data/sessions/session_600fd07e-a4a3-4966-b6ad-8de27a4a9046.json (1 events)
/home/alexander/Schreibtisch/ofa-v2/langgraph_eval/agent.py:333: LangGraphDeprecatedSinceV10: create_react_agent has been moved to `langchain.agents`. Please update your import to `from langchain.agents import create_agent`. Deprecated in LangGraph V1.0 to be removed in V2.0.
  sub_agent = create_react_agent(
/home/alexander/Schreibtisch/ofa-v2/langgraph_eval/agent.py:258: RuntimeWarning: This package (`duckduckgo_search`) has been renamed to `ddgs`! Use `pip install ddgs` instead.
  with DDGS() as ddgs:
/home/alexander/Schreibtisch/ofa-v2/langgraph_eval/agent.py:258: RuntimeWarning: This package (`duckduckgo_search`) has been renamed to `ddgs`! Use `pip install ddgs` instead.
  with DDGS() as ddgs:
/home/alexander/Schreibtisch/ofa-v2/langgraph_eval/agent.py:258: RuntimeWarning: This package (`duckduckgo_search`) has been renamed to `ddgs`! Use `pip install ddgs` instead.
  with DDGS() as ddgs:
2026-08-27 22:53:41,269 [oasis.registry] INFO: Loaded discovered config: 5 backends
2026-08-27 22:53:41,270 [oasis.registry] INFO: Loaded discovered config: 5 backends
2026-08-27 22:53:41,271 [oasis.registry] INFO: Registered backend: 4C Multiphysics (fourc)
2026-08-27 22:53:41,271 [oasis.registry] INFO: Registered backend: 4C Multiphysics (fourc)
2026-08-27 22:53:41,271 [oasis.registry] INFO: Registered backend: FEniCSx (dolfinx) (fenics)
2026-08-27 22:53:41,272 [oasis.registry] INFO: Registered backend: FEniCSx (dolfinx) (fenics)
2026-08-27 22:53:41,272 [oasis.registry] INFO: Registered backend: deal.II (dealii)
2026-08-27 22:53:41,272 [oasis.registry] INFO: Registered backend: deal.II (dealii)
2026-08-27 22:53:41,275 [oasis.registry] INFO: Registered backend: FEBio (febio)
2026-08-27 22:53:41,275 [oasis.registry] INFO: Registered backend: FEBio (febio)
2026-08-27 22:53:41,277 [oasis.registry] INFO: Registered backend: NGSolve (ngsolve)
2026-08-27 22:53:41,277 [oasis.ngsolve] INFO: NGSolve backend registered
2026-08-27 22:53:41,278 [oasis.registry] INFO: Registered backend: NGSolve (ngsolve)
2026-08-27 22:53:41,278 [oasis.ngsolve] INFO: NGSolve backend registered
2026-08-27 22:53:41,280 [oasis.registry] INFO: Registered backend: scikit-fem (skfem)
2026-08-27 22:53:41,280 [oasis.skfem] INFO: scikit-fem backend registered
2026-08-27 22:53:41,280 [oasis.registry] INFO: Registered backend: scikit-fem (skfem)
2026-08-27 22:53:41,280 [oasis.skfem] INFO: scikit-fem backend registered
2026-08-27 22:53:41,281 [oasis.registry] INFO: Loaded discovered config: 5 backends
2026-08-27 22:53:41,283 [oasis.registry] INFO: Registered backend: 4C Multiphysics (fourc)
2026-08-27 22:53:41,283 [oasis.registry] INFO: Registered backend: FEniCSx (dolfinx) (fenics)
2026-08-27 22:53:41,284 [oasis.registry] INFO: Registered backend: Kratos Multiphysics (kratos)
2026-08-27 22:53:41,284 [oasis.kratos] INFO: Kratos Multiphysics backend registered
2026-08-27 22:53:41,284 [oasis.registry] INFO: Registered backend: deal.II (dealii)
2026-08-27 22:53:41,284 [oasis.registry] INFO: Registered backend: Kratos Multiphysics (kratos)
2026-08-27 22:53:41,284 [oasis.kratos] INFO: Kratos Multiphysics backend registered
2026-08-27 22:53:41,286 [oasis.registry] INFO: Registered backend: DUNE-fem (dune)
2026-08-27 22:53:41,286 [oasis.dune] INFO: DUNE-fem backend registered
2026-08-27 22:53:41,286 [oasis.registry] INFO: Registered backend: DUNE-fem (dune)
2026-08-27 22:53:41,287 [oasis.dune] INFO: DUNE-fem backend registered
2026-08-27 22:53:41,287 [oasis.registry] INFO: Registered backend: FEBio (febio)
2026-08-27 22:53:41,289 [oasis.registry] INFO: Registered backend: NGSolve (ngsolve)
2026-08-27 22:53:41,289 [oasis.ngsolve] INFO: NGSolve backend registered
2026-08-27 22:53:41,291 [oasis.registry] INFO: Registered backend: SPARTA (DSMC) (sparta)
2026-08-27 22:53:41,291 [oasis.sparta] INFO: SPARTA (DSMC) backend registered
2026-08-27 22:53:41,291 [oasis] INFO: Starting OASiS MCP server
2026-08-27 22:53:41,291 [oasis.registry] INFO: Registered backend: SPARTA (DSMC) (sparta)
2026-08-27 22:53:41,291 [oasis.sparta] INFO: SPARTA (DSMC) backend registered
2026-08-27 22:53:41,292 [oasis] INFO: Starting OASiS MCP server
2026-08-27 22:53:41,292 [oasis.registry] INFO: Registered backend: scikit-fem (skfem)
2026-08-27 22:53:41,292 [oasis.skfem] INFO: scikit-fem backend registered
2026-08-27 22:53:41,296 [oasis.registry] INFO: Registered backend: Kratos Multiphysics (kratos)
2026-08-27 22:53:41,296 [oasis.kratos] INFO: Kratos Multiphysics backend registered
2026-08-27 22:53:41,298 [oasis.registry] INFO: Registered backend: DUNE-fem (dune)
2026-08-27 22:53:41,298 [oasis.dune] INFO: DUNE-fem backend registered
2026-08-27 22:53:41,299 [mcp.server.lowlevel.server] INFO: Processing request of type CallToolRequest
2026-08-27 22:53:41,300 [mcp.server.lowlevel.server] INFO: Processing request of type CallToolRequest
2026-08-27 22:53:41,304 [oasis.registry] INFO: Registered backend: SPARTA (DSMC) (sparta)
2026-08-27 22:53:41,304 [oasis.sparta] INFO: SPARTA (DSMC) backend registered
2026-08-27 22:53:41,304 [oasis] INFO: Starting OASiS MCP server
2026-08-27 22:53:41,312 [mcp.server.lowlevel.server] INFO: Processing request of type ListToolsRequest
2026-08-27 22:53:41,312 [mcp.server.lowlevel.server] INFO: Processing request of type CallToolRequest
2026-08-27 22:53:41,318 [oasis] INFO: Session journal saved: /home/alexander/Schreibtisch/ofa-v2/data/sessions/session_d1b85853-f977-4a59-8d67-dbf9e1df803a.json (1 events)
2026-08-27 22:53:41,320 [mcp.server.lowlevel.server] INFO: Processing request of type ListToolsRequest
2026-08-27 22:53:41,321 [mcp.server.lowlevel.server] INFO: Processing request of type ListToolsRequest
2026-08-27 22:53:41,329 [oasis] INFO: Session journal saved: /home/alexander/Schreibtisch/ofa-v2/data/sessions/session_f608a4b9-3a15-4b9a-95b7-fb8e5bcf6d40.json (1 events)
2026-08-27 22:53:41,331 [oasis] INFO: Session journal saved: /home/alexander/Schreibtisch/ofa-v2/data/sessions/session_c50b1824-ee38-435c-af28-80cd08c89da0.json (1 events)
/home/alexander/Schreibtisch/ofa-v2/langgraph_eval/agent.py:258: RuntimeWarning: This package (`duckduckgo_search`) has been renamed to `ddgs`! Use `pip install ddgs` instead.
  with DDGS() as ddgs:
/home/alexander/Schreibtisch/ofa-v2/langgraph_eval/agent.py:258: RuntimeWarning: This package (`duckduckgo_search`) has been renamed to `ddgs`! Use `pip install ddgs` instead.
  with DDGS() as ddgs:
/home/alexander/Schreibtisch/ofa-v2/langgraph_eval/agent.py:258: RuntimeWarning: This package (`duckduckgo_search`) has been renamed to `ddgs`! Use `pip install ddgs` instead.
  with DDGS() as ddgs:
/home/alexander/Schreibtisch/ofa-v2/langgraph_eval/agent.py:258: RuntimeWarning: This package (`duckduckgo_search`) has been renamed to `ddgs`! Use `pip install ddgs` instead.
  with DDGS() as ddgs:
/home/alexander/Schreibtisch/ofa-v2/langgraph_eval/agent.py:258: RuntimeWarning: This package (`duckduckgo_search`) has been renamed to `ddgs`! Use `pip install ddgs` instead.
  with DDGS() as ddgs:
/home/alexander/Schreibtisch/ofa-v2/langgraph_eval/agent.py:258: RuntimeWarning: This package (`duckduckgo_search`) has been renamed to `ddgs`! Use `pip install ddgs` instead.
  with DDGS() as ddgs:
/home/alexander/Schreibtisch/ofa-v2/langgraph_eval/agent.py:258: RuntimeWarning: This package (`duckduckgo_search`) has been renamed to `ddgs`! Use `pip install ddgs` instead.
  with DDGS() as ddgs:
/home/alexander/Schreibtisch/ofa-v2/langgraph_eval/agent.py:258: RuntimeWarning: This package (`duckduckgo_search`) has been renamed to `ddgs`! Use `pip install ddgs` instead.
  with DDGS() as ddgs:
/home/alexander/Schreibtisch/ofa-v2/langgraph_eval/agent.py:258: RuntimeWarning: This package (`duckduckgo_search`) has been renamed to `ddgs`! Use `pip install ddgs` instead.
  with DDGS() as ddgs:
/home/alexander/Schreibtisch/ofa-v2/langgraph_eval/agent.py:258: RuntimeWarning: This package (`duckduckgo_search`) has been renamed to `ddgs`! Use `pip install ddgs` instead.
  with DDGS() as ddgs:
/home/alexander/Schreibtisch/ofa-v2/langgraph_eval/agent.py:258: RuntimeWarning: This package (`duckduckgo_search`) has been renamed to `ddgs`! Use `pip install ddgs` instead.
  with DDGS() as ddgs:
2026-08-27 22:54:10,993 [oasis.registry] INFO: Loaded discovered config: 5 backends
2026-08-27 22:54:10,994 [oasis.registry] INFO: Registered backend: 4C Multiphysics (fourc)
2026-08-27 22:54:10,995 [oasis.registry] INFO: Registered backend: FEniCSx (dolfinx) (fenics)
2026-08-27 22:54:10,995 [oasis.registry] INFO: Registered backend: deal.II (dealii)
2026-08-27 22:54:10,998 [oasis.registry] INFO: Registered backend: FEBio (febio)
2026-08-27 22:54:11,001 [oasis.registry] INFO: Registered backend: NGSolve (ngsolve)
2026-08-27 22:54:11,001 [oasis.ngsolve] INFO: NGSolve backend registered
2026-08-27 22:54:11,003 [oasis.registry] INFO: Registered backend: scikit-fem (skfem)
2026-08-27 22:54:11,004 [oasis.skfem] INFO: scikit-fem backend registered
2026-08-27 22:54:11,007 [oasis.registry] INFO: Registered backend: Kratos Multiphysics (kratos)
2026-08-27 22:54:11,007 [oasis.kratos] INFO: Kratos Multiphysics backend registered
2026-08-27 22:54:11,010 [oasis.registry] INFO: Registered backend: DUNE-fem (dune)
2026-08-27 22:54:11,010 [oasis.dune] INFO: DUNE-fem backend registered
2026-08-27 22:54:11,014 [oasis.registry] INFO: Registered backend: SPARTA (DSMC) (sparta)
2026-08-27 22:54:11,015 [oasis.sparta] INFO: SPARTA (DSMC) backend registered
2026-08-27 22:54:11,015 [oasis] INFO: Starting OASiS MCP server
2026-08-27 22:54:11,023 [mcp.server.lowlevel.server] INFO: Processing request of type CallToolRequest
2026-08-27 22:54:11,025 [oasis.registry] INFO: Loaded discovered config: 5 backends
2026-08-27 22:54:11,026 [oasis.registry] INFO: Registered backend: 4C Multiphysics (fourc)
2026-08-27 22:54:11,027 [oasis.registry] INFO: Registered backend: FEniCSx (dolfinx) (fenics)
2026-08-27 22:54:11,027 [oasis.registry] INFO: Registered backend: deal.II (dealii)
2026-08-27 22:54:11,031 [oasis.registry] INFO: Registered backend: FEBio (febio)
2026-08-27 22:54:11,033 [oasis.registry] INFO: Registered backend: NGSolve (ngsolve)
2026-08-27 22:54:11,033 [oasis.ngsolve] INFO: NGSolve backend registered
2026-08-27 22:54:11,036 [oasis.registry] INFO: Registered backend: scikit-fem (skfem)
2026-08-27 22:54:11,036 [oasis.skfem] INFO: scikit-fem backend registered
2026-08-27 22:54:11,040 [oasis.registry] INFO: Registered backend: Kratos Multiphysics (kratos)
2026-08-27 22:54:11,040 [oasis.kratos] INFO: Kratos Multiphysics backend registered
2026-08-27 22:54:11,042 [oasis.registry] INFO: Registered backend: DUNE-fem (dune)
2026-08-27 22:54:11,042 [oasis.dune] INFO: DUNE-fem backend registered
2026-08-27 22:54:11,043 [mcp.server.lowlevel.server] INFO: Processing request of type ListToolsRequest
2026-08-27 22:54:11,047 [oasis.registry] INFO: Registered backend: SPARTA (DSMC) (sparta)
2026-08-27 22:54:11,047 [oasis.sparta] INFO: SPARTA (DSMC) backend registered
2026-08-27 22:54:11,047 [oasis] INFO: Starting OASiS MCP server
2026-08-27 22:54:11,049 [oasis] INFO: Session journal saved: /home/alexander/Schreibtisch/ofa-v2/data/sessions/session_ba832818-8736-41d1-962c-3910a4f1135b.json (1 events)
2026-08-27 22:54:11,055 [mcp.server.lowlevel.server] INFO: Processing request of type CallToolRequest
2026-08-27 22:54:11,072 [mcp.server.lowlevel.server] INFO: Processing request of type ListToolsRequest
2026-08-27 22:54:11,079 [oasis] INFO: Session journal saved: /home/alexander/Schreibtisch/ofa-v2/data/sessions/session_c16f2f0f-8bf5-40bf-9b02-197eaa90acd6.json (1 events)
2026-08-27 22:54:24,835 [oasis.registry] INFO: Loaded discovered config: 5 backends
2026-08-27 22:54:24,836 [oasis.registry] INFO: Registered backend: 4C Multiphysics (fourc)
2026-08-27 22:54:24,837 [oasis.registry] INFO: Registered backend: FEniCSx (dolfinx) (fenics)
2026-08-27 22:54:24,837 [oasis.registry] INFO: Registered backend: deal.II (dealii)
2026-08-27 22:54:24,842 [oasis.registry] INFO: Registered backend: FEBio (febio)
2026-08-27 22:54:24,845 [oasis.registry] INFO: Registered backend: NGSolve (ngsolve)
2026-08-27 22:54:24,845 [oasis.ngsolve] INFO: NGSolve backend registered
2026-08-27 22:54:24,848 [oasis.registry] INFO: Registered backend: scikit-fem (skfem)
2026-08-27 22:54:24,848 [oasis.skfem] INFO: scikit-fem backend registered
2026-08-27 22:54:24,852 [oasis.registry] INFO: Registered backend: Kratos Multiphysics (kratos)
2026-08-27 22:54:24,852 [oasis.kratos] INFO: Kratos Multiphysics backend registered
2026-08-27 22:54:24,854 [oasis.registry] INFO: Registered backend: DUNE-fem (dune)
2026-08-27 22:54:24,854 [oasis.dune] INFO: DUNE-fem backend registered
2026-08-27 22:54:24,860 [oasis.registry] INFO: Registered backend: SPARTA (DSMC) (sparta)
2026-08-27 22:54:24,860 [oasis.sparta] INFO: SPARTA (DSMC) backend registered
2026-08-27 22:54:24,860 [oasis] INFO: Starting OASiS MCP server
2026-08-27 22:54:24,868 [mcp.server.lowlevel.server] INFO: Processing request of type CallToolRequest
2026-08-27 22:54:24,873 [mcp.server.lowlevel.server] INFO: Processing request of type ListToolsRequest
2026-08-27 22:54:32,727 [oasis.registry] INFO: Loaded discovered config: 5 backends
2026-08-27 22:54:32,729 [oasis.registry] INFO: Registered backend: 4C Multiphysics (fourc)
2026-08-27 22:54:32,730 [oasis.registry] INFO: Registered backend: FEniCSx (dolfinx) (fenics)
2026-08-27 22:54:32,730 [oasis.registry] INFO: Registered backend: deal.II (dealii)
2026-08-27 22:54:32,733 [oasis.registry] INFO: Registered backend: FEBio (febio)
2026-08-27 22:54:32,736 [oasis.registry] INFO: Registered backend: NGSolve (ngsolve)
2026-08-27 22:54:32,736 [oasis.ngsolve] INFO: NGSolve backend registered
2026-08-27 22:54:32,738 [oasis.registry] INFO: Registered backend: scikit-fem (skfem)
2026-08-27 22:54:32,738 [oasis.skfem] INFO: scikit-fem backend registered
2026-08-27 22:54:32,742 [oasis.registry] INFO: Registered backend: Kratos Multiphysics (kratos)
2026-08-27 22:54:32,742 [oasis.kratos] INFO: Kratos Multiphysics backend registered
2026-08-27 22:54:32,744 [oasis.registry] INFO: Registered backend: DUNE-fem (dune)
2026-08-27 22:54:32,744 [oasis.dune] INFO: DUNE-fem backend registered
2026-08-27 22:54:32,749 [oasis.registry] INFO: Registered backend: SPARTA (DSMC) (sparta)
2026-08-27 22:54:32,749 [oasis.sparta] INFO: SPARTA (DSMC) backend registered
2026-08-27 22:54:32,750 [oasis] INFO: Starting OASiS MCP server
2026-08-27 22:54:32,757 [mcp.server.lowlevel.server] INFO: Processing request of type CallToolRequest
2026-08-27 22:54:36,055 [mcp.server.lowlevel.server] INFO: Processing request of type ListToolsRequest
2026-08-27 22:54:42,619 [oasis.registry] INFO: Loaded discovered config: 5 backends
2026-08-27 22:54:42,620 [oasis.registry] INFO: Registered backend: 4C Multiphysics (fourc)
2026-08-27 22:54:42,621 [oasis.registry] INFO: Registered backend: FEniCSx (dolfinx) (fenics)
2026-08-27 22:54:42,621 [oasis.registry] INFO: Registered backend: deal.II (dealii)
2026-08-27 22:54:42,624 [oasis.registry] INFO: Registered backend: FEBio (febio)
2026-08-27 22:54:42,627 [oasis.registry] INFO: Registered backend: NGSolve (ngsolve)
2026-08-27 22:54:42,627 [oasis.ngsolve] INFO: NGSolve backend registered
2026-08-27 22:54:42,629 [oasis.registry] INFO: Registered backend: scikit-fem (skfem)
2026-08-27 22:54:42,629 [oasis.skfem] INFO: scikit-fem backend registered
2026-08-27 22:54:42,633 [oasis.registry] INFO: Registered backend: Kratos Multiphysics (kratos)
2026-08-27 22:54:42,633 [oasis.kratos] INFO: Kratos Multiphysics backend registered
2026-08-27 22:54:42,635 [oasis.registry] INFO: Registered backend: DUNE-fem (dune)
2026-08-27 22:54:42,636 [oasis.dune] INFO: DUNE-fem backend registered
2026-08-27 22:54:42,640 [oasis.registry] INFO: Registered backend: SPARTA (DSMC) (sparta)
2026-08-27 22:54:42,640 [oasis.sparta] INFO: SPARTA (DSMC) backend registered
2026-08-27 22:54:42,640 [oasis] INFO: Starting OASiS MCP server
2026-08-27 22:54:42,648 [mcp.server.lowlevel.server] INFO: Processing request of type CallToolRequest
2026-08-27 22:54:51,626 [mcp.server.lowlevel.server] INFO: Processing request of type ListToolsRequest
2026-08-27 22:54:51,635 [oasis] INFO: Session journal saved: /home/alexander/Schreibtisch/ofa-v2/data/sessions/session_37108f8f-e0b1-4016-b302-2fcc7d3cb8a6.json (1 events)
2026-08-27 22:55:41,288 [oasis.registry] INFO: Loaded discovered config: 5 backends
2026-08-27 22:55:41,290 [oasis.registry] INFO: Registered backend: 4C Multiphysics (fourc)
2026-08-27 22:55:41,291 [oasis.registry] INFO: Registered backend: FEniCSx (dolfinx) (fenics)
2026-08-27 22:55:41,291 [oasis.registry] INFO: Registered backend: deal.II (dealii)
2026-08-27 22:55:41,294 [oasis.registry] INFO: Registered backend: FEBio (febio)
2026-08-27 22:55:41,297 [oasis.registry] INFO: Registered backend: NGSolve (ngsolve)
2026-08-27 22:55:41,297 [oasis.ngsolve] INFO: NGSolve backend registered
2026-08-27 22:55:41,299 [oasis.registry] INFO: Registered backend: scikit-fem (skfem)
2026-08-27 22:55:41,299 [oasis.skfem] INFO: scikit-fem backend registered
2026-08-27 22:55:41,303 [oasis.registry] INFO: Registered backend: Kratos Multiphysics (kratos)
2026-08-27 22:55:41,303 [oasis.kratos] INFO: Kratos Multiphysics backend registered
2026-08-27 22:55:41,305 [oasis.registry] INFO: Registered backend: DUNE-fem (dune)
2026-08-27 22:55:41,305 [oasis.dune] INFO: DUNE-fem backend registered
2026-08-27 22:55:41,310 [oasis.registry] INFO: Registered backend: SPARTA (DSMC) (sparta)
2026-08-27 22:55:41,310 [oasis.sparta] INFO: SPARTA (DSMC) backend registered
2026-08-27 22:55:41,310 [oasis] INFO: Starting OASiS MCP server
2026-08-27 22:55:41,318 [mcp.server.lowlevel.server] INFO: Processing request of type CallToolRequest
2026-08-27 22:55:41,321 [mcp.server.lowlevel.server] INFO: Processing request of type ListToolsRequest
2026-08-27 22:55:46,414 [oasis.registry] INFO: Loaded discovered config: 5 backends
2026-08-27 22:55:46,416 [oasis.registry] INFO: Registered backend: 4C Multiphysics (fourc)
2026-08-27 22:55:46,417 [oasis.registry] INFO: Registered backend: FEniCSx (dolfinx) (fenics)
2026-08-27 22:55:46,417 [oasis.registry] INFO: Registered backend: deal.II (dealii)
2026-08-27 22:55:46,420 [oasis.registry] INFO: Registered backend: FEBio (febio)
2026-08-27 22:55:46,422 [oasis.registry] INFO: Registered backend: NGSolve (ngsolve)
2026-08-27 22:55:46,423 [oasis.ngsolve] INFO: NGSolve backend registered
2026-08-27 22:55:46,425 [oasis.registry] INFO: Registered backend: scikit-fem (skfem)
2026-08-27 22:55:46,425 [oasis.skfem] INFO: scikit-fem backend registered
2026-08-27 22:55:46,429 [oasis.registry] INFO: Registered backend: Kratos Multiphysics (kratos)
2026-08-27 22:55:46,429 [oasis.kratos] INFO: Kratos Multiphysics backend registered
2026-08-27 22:55:46,431 [oasis.registry] INFO: Registered backend: DUNE-fem (dune)
2026-08-27 22:55:46,431 [oasis.dune] INFO: DUNE-fem backend registered
2026-08-27 22:55:46,436 [oasis.registry] INFO: Registered backend: SPARTA (DSMC) (sparta)
2026-08-27 22:55:46,436 [oasis.sparta] INFO: SPARTA (DSMC) backend registered
2026-08-27 22:55:46,436 [oasis] INFO: Starting OASiS MCP server
2026-08-27 22:55:46,444 [mcp.server.lowlevel.server] INFO: Processing request of type CallToolRequest
2026-08-27 22:55:46,449 [mcp.server.lowlevel.server] INFO: Processing request of type ListToolsRequest
2026-08-27 22:55:54,119 [oasis.registry] INFO: Loaded discovered config: 5 backends
2026-08-27 22:55:54,121 [oasis.registry] INFO: Registered backend: 4C Multiphysics (fourc)
2026-08-27 22:55:54,121 [oasis.registry] INFO: Registered backend: FEniCSx (dolfinx) (fenics)
2026-08-27 22:55:54,122 [oasis.registry] INFO: Registered backend: deal.II (dealii)
2026-08-27 22:55:54,125 [oasis.registry] INFO: Registered backend: FEBio (febio)
2026-08-27 22:55:54,127 [oasis.registry] INFO: Registered backend: NGSolve (ngsolve)
2026-08-27 22:55:54,127 [oasis.ngsolve] INFO: NGSolve backend registered
2026-08-27 22:55:54,130 [oasis.registry] INFO: Registered backend: scikit-fem (skfem)
2026-08-27 22:55:54,130 [oasis.skfem] INFO: scikit-fem backend registered
2026-08-27 22:55:54,133 [oasis.registry] INFO: Registered backend: Kratos Multiphysics (kratos)
2026-08-27 22:55:54,133 [oasis.kratos] INFO: Kratos Multiphysics backend registered
2026-08-27 22:55:54,136 [oasis.registry] INFO: Registered backend: DUNE-fem (dune)
2026-08-27 22:55:54,136 [oasis.dune] INFO: DUNE-fem backend registered
2026-08-27 22:55:54,141 [oasis.registry] INFO: Registered backend: SPARTA (DSMC) (sparta)
2026-08-27 22:55:54,141 [oasis.sparta] INFO: SPARTA (DSMC) backend registered
2026-08-27 22:55:54,141 [oasis] INFO: Starting OASiS MCP server
2026-08-27 22:55:54,148 [mcp.server.lowlevel.server] INFO: Processing request of type CallToolRequest
2026-08-27 22:55:54,153 [mcp.server.lowlevel.server] INFO: Processing request of type ListToolsRequest
2026-08-27 22:56:38,678 [oasis.registry] INFO: Loaded discovered config: 5 backends
2026-08-27 22:56:38,680 [oasis.registry] INFO: Registered backend: 4C Multiphysics (fourc)
2026-08-27 22:56:38,680 [oasis.registry] INFO: Registered backend: FEniCSx (dolfinx) (fenics)
2026-08-27 22:56:38,681 [oasis.registry] INFO: Registered backend: deal.II (dealii)
2026-08-27 22:56:38,684 [oasis.registry] INFO: Registered backend: FEBio (febio)
2026-08-27 22:56:38,686 [oasis.registry] INFO: Registered backend: NGSolve (ngsolve)
2026-08-27 22:56:38,686 [oasis.ngsolve] INFO: NGSolve backend registered
2026-08-27 22:56:38,689 [oasis.registry] INFO: Registered backend: scikit-fem (skfem)
2026-08-27 22:56:38,689 [oasis.skfem] INFO: scikit-fem backend registered
2026-08-27 22:56:38,693 [oasis.registry] INFO: Registered backend: Kratos Multiphysics (kratos)
2026-08-27 22:56:38,693 [oasis.kratos] INFO: Kratos Multiphysics backend registered
2026-08-27 22:56:38,695 [oasis.registry] INFO: Registered backend: DUNE-fem (dune)
2026-08-27 22:56:38,695 [oasis.dune] INFO: DUNE-fem backend registered
2026-08-27 22:56:38,700 [oasis.registry] INFO: Registered backend: SPARTA (DSMC) (sparta)
2026-08-27 22:56:38,700 [oasis.sparta] INFO: SPARTA (DSMC) backend registered
2026-08-27 22:56:38,700 [oasis] INFO: Starting OASiS MCP server
2026-08-27 22:56:38,708 [mcp.server.lowlevel.server] INFO: Processing request of type CallToolRequest
2026-08-27 22:56:38,711 [mcp.server.lowlevel.server] INFO: Processing request of type ListToolsRequest
2026-08-27 22:56:53,714 [oasis.registry] INFO: Loaded discovered config: 5 backends
2026-08-27 22:56:53,716 [oasis.registry] INFO: Registered backend: 4C Multiphysics (fourc)
2026-08-27 22:56:53,716 [oasis.registry] INFO: Registered backend: FEniCSx (dolfinx) (fenics)
2026-08-27 22:56:53,717 [oasis.registry] INFO: Registered backend: deal.II (dealii)
2026-08-27 22:56:53,720 [oasis.registry] INFO: Registered backend: FEBio (febio)
2026-08-27 22:56:53,722 [oasis.registry] INFO: Registered backend: NGSolve (ngsolve)
2026-08-27 22:56:53,722 [oasis.ngsolve] INFO: NGSolve backend registered
2026-08-27 22:56:53,725 [oasis.registry] INFO: Registered backend: scikit-fem (skfem)
2026-08-27 22:56:53,725 [oasis.skfem] INFO: scikit-fem backend registered
2026-08-27 22:56:53,728 [oasis.registry] INFO: Registered backend: Kratos Multiphysics (kratos)
2026-08-27 22:56:53,728 [oasis.kratos] INFO: Kratos Multiphysics backend registered
2026-08-27 22:56:53,731 [oasis.registry] INFO: Registered backend: DUNE-fem (dune)
2026-08-27 22:56:53,731 [oasis.dune] INFO: DUNE-fem backend registered
2026-08-27 22:56:53,736 [oasis.registry] INFO: Registered backend: SPARTA (DSMC) (sparta)
2026-08-27 22:56:53,736 [oasis.sparta] INFO: SPARTA (DSMC) backend registered
2026-08-27 22:56:53,736 [oasis] INFO: Starting OASiS MCP server
2026-08-27 22:56:53,743 [mcp.server.lowlevel.server] INFO: Processing request of type CallToolRequest
2026-08-27 22:56:56,429 [mcp.server.lowlevel.server] INFO: Processing request of type ListToolsRequest
2026-08-27 22:56:56,438 [oasis] INFO: Session journal saved: /home/alexander/Schreibtisch/ofa-v2/data/sessions/session_fa5c8333-e14b-4cfd-9f1f-f182617be66d.json (1 events)
2026-08-27 22:57:31,269 [oasis.registry] INFO: Loaded discovered config: 5 backends
2026-08-27 22:57:31,270 [oasis.registry] INFO: Registered backend: 4C Multiphysics (fourc)
2026-08-27 22:57:31,271 [oasis.registry] INFO: Registered backend: FEniCSx (dolfinx) (fenics)
2026-08-27 22:57:31,271 [oasis.registry] INFO: Registered backend: deal.II (dealii)
2026-08-27 22:57:31,274 [oasis.registry] INFO: Registered backend: FEBio (febio)
2026-08-27 22:57:31,277 [oasis.registry] INFO: Registered backend: NGSolve (ngsolve)
2026-08-27 22:57:31,277 [oasis.ngsolve] INFO: NGSolve backend registered
2026-08-27 22:57:31,279 [oasis.registry] INFO: Registered backend: scikit-fem (skfem)
2026-08-27 22:57:31,279 [oasis.skfem] INFO: scikit-fem backend registered
2026-08-27 22:57:31,283 [oasis.registry] INFO: Registered backend: Kratos Multiphysics (kratos)
2026-08-27 22:57:31,283 [oasis.kratos] INFO: Kratos Multiphysics backend registered
2026-08-27 22:57:31,285 [oasis.registry] INFO: Registered backend: DUNE-fem (dune)
2026-08-27 22:57:31,286 [oasis.dune] INFO: DUNE-fem backend registered
2026-08-27 22:57:31,290 [oasis.registry] INFO: Registered backend: SPARTA (DSMC) (sparta)
2026-08-27 22:57:31,290 [oasis.sparta] INFO: SPARTA (DSMC) backend registered
2026-08-27 22:57:31,290 [oasis] INFO: Starting OASiS MCP server
2026-08-27 22:57:31,299 [mcp.server.lowlevel.server] INFO: Processing request of type CallToolRequest
2026-08-27 22:57:31,304 [mcp.server.lowlevel.server] INFO: Processing request of type ListToolsRequest
2026-08-27 22:57:38,003 [oasis.registry] INFO: Loaded discovered config: 5 backends
2026-08-27 22:57:38,004 [oasis.registry] INFO: Registered backend: 4C Multiphysics (fourc)
2026-08-27 22:57:38,005 [oasis.registry] INFO: Registered backend: FEniCSx (dolfinx) (fenics)
2026-08-27 22:57:38,005 [oasis.registry] INFO: Registered backend: deal.II (dealii)
2026-08-27 22:57:38,008 [oasis.registry] INFO: Registered backend: FEBio (febio)
2026-08-27 22:57:38,011 [oasis.registry] INFO: Registered backend: NGSolve (ngsolve)
2026-08-27 22:57:38,011 [oasis.ngsolve] INFO: NGSolve backend registered
2026-08-27 22:57:38,013 [oasis.registry] INFO: Registered backend: scikit-fem (skfem)
2026-08-27 22:57:38,013 [oasis.skfem] INFO: scikit-fem backend registered
2026-08-27 22:57:38,017 [oasis.registry] INFO: Registered backend: Kratos Multiphysics (kratos)
2026-08-27 22:57:38,017 [oasis.kratos] INFO: Kratos Multiphysics backend registered
2026-08-27 22:57:38,019 [oasis.registry] INFO: Registered backend: DUNE-fem (dune)
2026-08-27 22:57:38,019 [oasis.dune] INFO: DUNE-fem backend registered
2026-08-27 22:57:38,024 [oasis.registry] INFO: Registered backend: SPARTA (DSMC) (sparta)
2026-08-27 22:57:38,024 [oasis.sparta] INFO: SPARTA (DSMC) backend registered
2026-08-27 22:57:38,024 [oasis] INFO: Starting OASiS MCP server
2026-08-27 22:57:38,032 [mcp.server.lowlevel.server] INFO: Processing request of type CallToolRequest
2026-08-27 22:57:38,036 [mcp.server.lowlevel.server] INFO: Processing request of type ListToolsRequest
2026-08-27 23:00:07,953 [oasis.registry] INFO: Loaded discovered config: 5 backends
2026-08-27 23:00:07,955 [oasis.registry] INFO: Registered backend: 4C Multiphysics (fourc)
2026-08-27 23:00:07,956 [oasis.registry] INFO: Registered backend: FEniCSx (dolfinx) (fenics)
2026-08-27 23:00:07,956 [oasis.registry] INFO: Registered backend: deal.II (dealii)
2026-08-27 23:00:07,959 [oasis.registry] INFO: Registered backend: FEBio (febio)
2026-08-27 23:00:07,962 [oasis.registry] INFO: Registered backend: NGSolve (ngsolve)
2026-08-27 23:00:07,962 [oasis.ngsolve] INFO: NGSolve backend registered
2026-08-27 23:00:07,964 [oasis.registry] INFO: Registered backend: scikit-fem (skfem)
2026-08-27 23:00:07,964 [oasis.skfem] INFO: scikit-fem backend registered
2026-08-27 23:00:07,968 [oasis.registry] INFO: Registered backend: Kratos Multiphysics (kratos)
2026-08-27 23:00:07,968 [oasis.kratos] INFO: Kratos Multiphysics backend registered
2026-08-27 23:00:07,970 [oasis.registry] INFO: Registered backend: DUNE-fem (dune)
2026-08-27 23:00:07,970 [oasis.dune] INFO: DUNE-fem backend registered
2026-08-27 23:00:07,975 [oasis.registry] INFO: Registered backend: SPARTA (DSMC) (sparta)
2026-08-27 23:00:07,975 [oasis.sparta] INFO: SPARTA (DSMC) backend registered
2026-08-27 23:00:07,975 [oasis] INFO: Starting OASiS MCP server
2026-08-27 23:00:07,983 [mcp.server.lowlevel.server] INFO: Processing request of type CallToolRequest
2026-08-27 23:00:14,792 [mcp.server.lowlevel.server] INFO: Processing request of type ListToolsRequest
2026-08-27 23:00:14,800 [oasis] INFO: Session journal saved: /home/alexander/Schreibtisch/ofa-v2/data/sessions/session_b1e7f261-e611-407e-ba09-a8bea99cdd1a.json (1 events)
/home/alexander/Schreibtisch/ofa-v2/langgraph_eval/agent.py:333: LangGraphDeprecatedSinceV10: create_react_agent has been moved to `langchain.agents`. Please update your import to `from langchain.agents import create_agent`. Deprecated in LangGraph V1.0 to be removed in V2.0.
  sub_agent = create_react_agent(
2026-08-27 23:03:56,424 [oasis.registry] INFO: Loaded discovered config: 5 backends
2026-08-27 23:03:56,425 [oasis.registry] INFO: Loaded discovered config: 5 backends
2026-08-27 23:03:56,426 [oasis.registry] INFO: Registered backend: 4C Multiphysics (fourc)
2026-08-27 23:03:56,426 [oasis.registry] INFO: Registered backend: FEniCSx (dolfinx) (fenics)
2026-08-27 23:03:56,426 [oasis.registry] INFO: Registered backend: 4C Multiphysics (fourc)
2026-08-27 23:03:56,426 [oasis.registry] INFO: Registered backend: deal.II (dealii)
2026-08-27 23:03:56,427 [oasis.registry] INFO: Registered backend: FEniCSx (dolfinx) (fenics)
2026-08-27 23:03:56,427 [oasis.registry] INFO: Registered backend: deal.II (dealii)
2026-08-27 23:03:56,430 [oasis.registry] INFO: Registered backend: FEBio (febio)
2026-08-27 23:03:56,431 [oasis.registry] INFO: Registered backend: FEBio (febio)
2026-08-27 23:03:56,432 [oasis.registry] INFO: Registered backend: NGSolve (ngsolve)
2026-08-27 23:03:56,432 [oasis.ngsolve] INFO: NGSolve backend registered
2026-08-27 23:03:56,433 [oasis.registry] INFO: Registered backend: NGSolve (ngsolve)
2026-08-27 23:03:56,433 [oasis.ngsolve] INFO: NGSolve backend registered
2026-08-27 23:03:56,435 [oasis.registry] INFO: Registered backend: scikit-fem (skfem)
2026-08-27 23:03:56,435 [oasis.skfem] INFO: scikit-fem backend registered
2026-08-27 23:03:56,436 [oasis.registry] INFO: Registered backend: scikit-fem (skfem)
2026-08-27 23:03:56,436 [oasis.skfem] INFO: scikit-fem backend registered
2026-08-27 23:03:56,436 [oasis.registry] INFO: Loaded discovered config: 5 backends
2026-08-27 23:03:56,437 [oasis.registry] INFO: Registered backend: 4C Multiphysics (fourc)
2026-08-27 23:03:56,438 [oasis.registry] INFO: Registered backend: FEniCSx (dolfinx) (fenics)
2026-08-27 23:03:56,438 [oasis.registry] INFO: Registered backend: Kratos Multiphysics (kratos)
2026-08-27 23:03:56,438 [oasis.kratos] INFO: Kratos Multiphysics backend registered
2026-08-27 23:03:56,438 [oasis.registry] INFO: Registered backend: deal.II (dealii)
2026-08-27 23:03:56,439 [oasis.registry] INFO: Registered backend: Kratos Multiphysics (kratos)
2026-08-27 23:03:56,439 [oasis.kratos] INFO: Kratos Multiphysics backend registered
2026-08-27 23:03:56,441 [oasis.registry] INFO: Registered backend: DUNE-fem (dune)
2026-08-27 23:03:56,441 [oasis.dune] INFO: DUNE-fem backend registered
2026-08-27 23:03:56,442 [oasis.registry] INFO: Registered backend: FEBio (febio)
2026-08-27 23:03:56,442 [oasis.registry] INFO: Registered backend: DUNE-fem (dune)
2026-08-27 23:03:56,442 [oasis.dune] INFO: DUNE-fem backend registered
2026-08-27 23:03:56,444 [oasis.registry] INFO: Registered backend: NGSolve (ngsolve)
2026-08-27 23:03:56,444 [oasis.ngsolve] INFO: NGSolve backend registered
2026-08-27 23:03:56,446 [oasis.registry] INFO: Registered backend: SPARTA (DSMC) (sparta)
2026-08-27 23:03:56,446 [oasis.sparta] INFO: SPARTA (DSMC) backend registered
2026-08-27 23:03:56,446 [oasis] INFO: Starting OASiS MCP server
2026-08-27 23:03:56,447 [oasis.registry] INFO: Registered backend: scikit-fem (skfem)
2026-08-27 23:03:56,447 [oasis.skfem] INFO: scikit-fem backend registered
2026-08-27 23:03:56,447 [oasis.registry] INFO: Registered backend: SPARTA (DSMC) (sparta)
2026-08-27 23:03:56,447 [oasis.sparta] INFO: SPARTA (DSMC) backend registered
2026-08-27 23:03:56,447 [oasis] INFO: Starting OASiS MCP server
2026-08-27 23:03:56,450 [oasis.registry] INFO: Registered backend: Kratos Multiphysics (kratos)
2026-08-27 23:03:56,450 [oasis.kratos] INFO: Kratos Multiphysics backend registered
2026-08-27 23:03:56,453 [oasis.registry] INFO: Registered backend: DUNE-fem (dune)
2026-08-27 23:03:56,453 [oasis.dune] INFO: DUNE-fem backend registered
2026-08-27 23:03:56,453 [mcp.server.lowlevel.server] INFO: Processing request of type CallToolRequest
2026-08-27 23:03:56,455 [mcp.server.lowlevel.server] INFO: Processing request of type CallToolRequest
2026-08-27 23:03:56,457 [mcp.server.lowlevel.server] INFO: Processing request of type ListToolsRequest
2026-08-27 23:03:56,458 [oasis.registry] INFO: Registered backend: SPARTA (DSMC) (sparta)
2026-08-27 23:03:56,458 [oasis.sparta] INFO: SPARTA (DSMC) backend registered
2026-08-27 23:03:56,458 [oasis] INFO: Starting OASiS MCP server
2026-08-27 23:03:56,458 [mcp.server.lowlevel.server] INFO: Processing request of type ListToolsRequest
2026-08-27 23:03:56,464 [oasis] INFO: Session journal saved: /home/alexander/Schreibtisch/ofa-v2/data/sessions/session_e5c9beb6-fc48-4105-bbea-5bb0af2929ae.json (1 events)
2026-08-27 23:03:56,466 [mcp.server.lowlevel.server] INFO: Processing request of type CallToolRequest
2026-08-27 23:03:56,469 [mcp.server.lowlevel.server] INFO: Processing request of type ListToolsRequest
2026-08-27 23:04:02,659 [oasis.registry] INFO: Loaded discovered config: 5 backends
2026-08-27 23:04:02,660 [oasis.registry] INFO: Registered backend: 4C Multiphysics (fourc)
2026-08-27 23:04:02,661 [oasis.registry] INFO: Registered backend: FEniCSx (dolfinx) (fenics)
2026-08-27 23:04:02,661 [oasis.registry] INFO: Registered backend: deal.II (dealii)
2026-08-27 23:04:02,662 [oasis.registry] INFO: Loaded discovered config: 5 backends
2026-08-27 23:04:02,663 [oasis.registry] INFO: Registered backend: 4C Multiphysics (fourc)
2026-08-27 23:04:02,664 [oasis.registry] INFO: Registered backend: FEniCSx (dolfinx) (fenics)
2026-08-27 23:04:02,664 [oasis.registry] INFO: Registered backend: deal.II (dealii)
2026-08-27 23:04:02,664 [oasis.registry] INFO: Registered backend: FEBio (febio)
2026-08-27 23:04:02,667 [oasis.registry] INFO: Registered backend: NGSolve (ngsolve)
2026-08-27 23:04:02,667 [oasis.ngsolve] INFO: NGSolve backend registered
2026-08-27 23:04:02,667 [oasis.registry] INFO: Registered backend: FEBio (febio)
2026-08-27 23:04:02,669 [oasis.registry] INFO: Registered backend: scikit-fem (skfem)
2026-08-27 23:04:02,669 [oasis.skfem] INFO: scikit-fem backend registered
2026-08-27 23:04:02,670 [oasis.registry] INFO: Registered backend: NGSolve (ngsolve)
2026-08-27 23:04:02,670 [oasis.ngsolve] INFO: NGSolve backend registered
2026-08-27 23:04:02,673 [oasis.registry] INFO: Registered backend: scikit-fem (skfem)
2026-08-27 23:04:02,673 [oasis.skfem] INFO: scikit-fem backend registered
2026-08-27 23:04:02,673 [oasis.registry] INFO: Registered backend: Kratos Multiphysics (kratos)
2026-08-27 23:04:02,673 [oasis.kratos] INFO: Kratos Multiphysics backend registered
2026-08-27 23:04:02,676 [oasis.registry] INFO: Registered backend: DUNE-fem (dune)
2026-08-27 23:04:02,676 [oasis.dune] INFO: DUNE-fem backend registered
2026-08-27 23:04:02,676 [oasis.registry] INFO: Registered backend: Kratos Multiphysics (kratos)
2026-08-27 23:04:02,676 [oasis.kratos] INFO: Kratos Multiphysics backend registered
2026-08-27 23:04:02,679 [oasis.registry] INFO: Registered backend: DUNE-fem (dune)
2026-08-27 23:04:02,679 [oasis.dune] INFO: DUNE-fem backend registered
2026-08-27 23:04:02,681 [oasis.registry] INFO: Registered backend: SPARTA (DSMC) (sparta)
2026-08-27 23:04:02,681 [oasis.sparta] INFO: SPARTA (DSMC) backend registered
2026-08-27 23:04:02,681 [oasis] INFO: Starting OASiS MCP server
2026-08-27 23:04:02,684 [oasis.registry] INFO: Registered backend: SPARTA (DSMC) (sparta)
2026-08-27 23:04:02,684 [oasis.sparta] INFO: SPARTA (DSMC) backend registered
2026-08-27 23:04:02,684 [oasis] INFO: Starting OASiS MCP server
2026-08-27 23:04:02,688 [mcp.server.lowlevel.server] INFO: Processing request of type CallToolRequest
2026-08-27 23:04:02,691 [mcp.server.lowlevel.server] INFO: Processing request of type CallToolRequest
2026-08-27 23:04:02,699 [mcp.server.lowlevel.server] INFO: Processing request of type ListToolsRequest
2026-08-27 23:04:02,705 [oasis] INFO: Session journal saved: /home/alexander/Schreibtisch/ofa-v2/data/sessions/session_f468ba87-2efb-45f6-a60d-12234d3d80a1.json (1 events)
2026-08-27 23:04:02,717 [mcp.server.lowlevel.server] INFO: Processing request of type ListToolsRequest
2026-08-27 23:04:02,722 [oasis] INFO: Session journal saved: /home/alexander/Schreibtisch/ofa-v2/data/sessions/session_1a8733fc-0db3-4567-b8a3-39d2c7210804.json (1 events)
2026-08-27 23:04:10,843 [oasis.registry] INFO: Loaded discovered config: 5 backends
2026-08-27 23:04:10,845 [oasis.registry] INFO: Registered backend: 4C Multiphysics (fourc)
2026-08-27 23:04:10,845 [oasis.registry] INFO: Registered backend: FEniCSx (dolfinx) (fenics)
2026-08-27 23:04:10,846 [oasis.registry] INFO: Registered backend: deal.II (dealii)
2026-08-27 23:04:10,849 [oasis.registry] INFO: Registered backend: FEBio (febio)
2026-08-27 23:04:10,851 [oasis.registry] INFO: Registered backend: NGSolve (ngsolve)
2026-08-27 23:04:10,851 [oasis.ngsolve] INFO: NGSolve backend registered
2026-08-27 23:04:10,854 [oasis.registry] INFO: Registered backend: scikit-fem (skfem)
2026-08-27 23:04:10,854 [oasis.skfem] INFO: scikit-fem backend registered
2026-08-27 23:04:10,856 [oasis.registry] INFO: Loaded discovered config: 5 backends
2026-08-27 23:04:10,858 [oasis.registry] INFO: Registered backend: Kratos Multiphysics (kratos)
2026-08-27 23:04:10,858 [oasis.kratos] INFO: Kratos Multiphysics backend registered
2026-08-27 23:04:10,858 [oasis.registry] INFO: Registered backend: 4C Multiphysics (fourc)
2026-08-27 23:04:10,859 [oasis.registry] INFO: Registered backend: FEniCSx (dolfinx) (fenics)
2026-08-27 23:04:10,859 [oasis.registry] INFO: Loaded discovered config: 5 backends
2026-08-27 23:04:10,859 [oasis.registry] INFO: Registered backend: deal.II (dealii)
2026-08-27 23:04:10,860 [oasis.registry] INFO: Registered backend: DUNE-fem (dune)
2026-08-27 23:04:10,860 [oasis.dune] INFO: DUNE-fem backend registered
2026-08-27 23:04:10,860 [oasis.registry] INFO: Registered backend: 4C Multiphysics (fourc)
2026-08-27 23:04:10,861 [oasis.registry] INFO: Registered backend: FEniCSx (dolfinx) (fenics)
2026-08-27 23:04:10,861 [oasis.registry] INFO: Registered backend: deal.II (dealii)
2026-08-27 23:04:10,862 [oasis.registry] INFO: Registered backend: FEBio (febio)
2026-08-27 23:04:10,864 [oasis.registry] INFO: Registered backend: FEBio (febio)
2026-08-27 23:04:10,865 [oasis.registry] INFO: Registered backend: NGSolve (ngsolve)
2026-08-27 23:04:10,865 [oasis.ngsolve] INFO: NGSolve backend registered
2026-08-27 23:04:10,865 [oasis.registry] INFO: Registered backend: SPARTA (DSMC) (sparta)
2026-08-27 23:04:10,865 [oasis.sparta] INFO: SPARTA (DSMC) backend registered
2026-08-27 23:04:10,865 [oasis] INFO: Starting OASiS MCP server
2026-08-27 23:04:10,867 [oasis.registry] INFO: Registered backend: NGSolve (ngsolve)
2026-08-27 23:04:10,867 [oasis.ngsolve] INFO: NGSolve backend registered
2026-08-27 23:04:10,867 [oasis.registry] INFO: Registered backend: scikit-fem (skfem)
2026-08-27 23:04:10,867 [oasis.skfem] INFO: scikit-fem backend registered
2026-08-27 23:04:10,869 [oasis.registry] INFO: Registered backend: scikit-fem (skfem)
2026-08-27 23:04:10,869 [oasis.skfem] INFO: scikit-fem backend registered
2026-08-27 23:04:10,871 [oasis.registry] INFO: Registered backend: Kratos Multiphysics (kratos)
2026-08-27 23:04:10,871 [oasis.kratos] INFO: Kratos Multiphysics backend registered
2026-08-27 23:04:10,873 [oasis.registry] INFO: Registered backend: Kratos Multiphysics (kratos)
2026-08-27 23:04:10,873 [oasis.kratos] INFO: Kratos Multiphysics backend registered
2026-08-27 23:04:10,873 [oasis.registry] INFO: Registered backend: DUNE-fem (dune)
2026-08-27 23:04:10,874 [oasis.dune] INFO: DUNE-fem backend registered
2026-08-27 23:04:10,874 [mcp.server.lowlevel.server] INFO: Processing request of type CallToolRequest
2026-08-27 23:04:10,875 [oasis.registry] INFO: Registered backend: DUNE-fem (dune)
2026-08-27 23:04:10,875 [oasis.dune] INFO: DUNE-fem backend registered
2026-08-27 23:04:10,878 [oasis.registry] INFO: Registered backend: SPARTA (DSMC) (sparta)
2026-08-27 23:04:10,878 [oasis.sparta] INFO: SPARTA (DSMC) backend registered
2026-08-27 23:04:10,878 [oasis] INFO: Starting OASiS MCP server
2026-08-27 23:04:10,879 [mcp.server.lowlevel.server] INFO: Processing request of type ListToolsRequest
2026-08-27 23:04:10,881 [oasis.registry] INFO: Registered backend: SPARTA (DSMC) (sparta)
2026-08-27 23:04:10,881 [oasis.sparta] INFO: SPARTA (DSMC) backend registered
2026-08-27 23:04:10,881 [oasis] INFO: Starting OASiS MCP server
2026-08-27 23:04:10,887 [mcp.server.lowlevel.server] INFO: Processing request of type CallToolRequest
2026-08-27 23:04:10,888 [mcp.server.lowlevel.server] INFO: Processing request of type CallToolRequest
2026-08-27 23:04:10,892 [mcp.server.lowlevel.server] INFO: Processing request of type ListToolsRequest
2026-08-27 23:04:10,909 [mcp.server.lowlevel.server] INFO: Processing request of type ListToolsRequest
2026-08-27 23:04:10,916 [oasis] INFO: Session journal saved: /home/alexander/Schreibtisch/ofa-v2/data/sessions/session_061bad32-32d5-43d2-bd21-9a09214f022a.json (1 events)
2026-08-27 23:04:29,105 [oasis.registry] INFO: Loaded discovered config: 5 backends
2026-08-27 23:04:29,107 [oasis.registry] INFO: Registered backend: 4C Multiphysics (fourc)
2026-08-27 23:04:29,107 [oasis.registry] INFO: Registered backend: FEniCSx (dolfinx) (fenics)
2026-08-27 23:04:29,108 [oasis.registry] INFO: Registered backend: deal.II (dealii)
2026-08-27 23:04:29,111 [oasis.registry] INFO: Registered backend: FEBio (febio)
2026-08-27 23:04:29,113 [oasis.registry] INFO: Registered backend: NGSolve (ngsolve)
2026-08-27 23:04:29,113 [oasis.ngsolve] INFO: NGSolve backend registered
2026-08-27 23:04:29,116 [oasis.registry] INFO: Registered backend: scikit-fem (skfem)
2026-08-27 23:04:29,116 [oasis.skfem] INFO: scikit-fem backend registered
2026-08-27 23:04:29,119 [oasis.registry] INFO: Registered backend: Kratos Multiphysics (kratos)
2026-08-27 23:04:29,119 [oasis.kratos] INFO: Kratos Multiphysics backend registered
2026-08-27 23:04:29,122 [oasis.registry] INFO: Registered backend: DUNE-fem (dune)
2026-08-27 23:04:29,122 [oasis.dune] INFO: DUNE-fem backend registered
2026-08-27 23:04:29,127 [oasis.registry] INFO: Registered backend: SPARTA (DSMC) (sparta)
2026-08-27 23:04:29,127 [oasis.sparta] INFO: SPARTA (DSMC) backend registered
2026-08-27 23:04:29,127 [oasis] INFO: Starting OASiS MCP server
2026-08-27 23:04:29,135 [mcp.server.lowlevel.server] INFO: Processing request of type CallToolRequest
2026-08-27 23:04:29,139 [mcp.server.lowlevel.server] INFO: Processing request of type ListToolsRequest
/home/alexander/Schreibtisch/ofa-v2/langgraph_eval/agent.py:258: RuntimeWarning: This package (`duckduckgo_search`) has been renamed to `ddgs`! Use `pip install ddgs` instead.
  with DDGS() as ddgs:
2026-08-27 23:04:41,031 [oasis.registry] INFO: Loaded discovered config: 5 backends
2026-08-27 23:04:41,033 [oasis.registry] INFO: Registered backend: 4C Multiphysics (fourc)
2026-08-27 23:04:41,033 [oasis.registry] INFO: Registered backend: FEniCSx (dolfinx) (fenics)
2026-08-27 23:04:41,034 [oasis.registry] INFO: Registered backend: deal.II (dealii)
2026-08-27 23:04:41,037 [oasis.registry] INFO: Registered backend: FEBio (febio)
2026-08-27 23:04:41,039 [oasis.registry] INFO: Registered backend: NGSolve (ngsolve)
2026-08-27 23:04:41,039 [oasis.ngsolve] INFO: NGSolve backend registered
2026-08-27 23:04:41,042 [oasis.registry] INFO: Registered backend: scikit-fem (skfem)
2026-08-27 23:04:41,042 [oasis.skfem] INFO: scikit-fem backend registered
2026-08-27 23:04:41,045 [oasis.registry] INFO: Registered backend: Kratos Multiphysics (kratos)
2026-08-27 23:04:41,045 [oasis.kratos] INFO: Kratos Multiphysics backend registered
2026-08-27 23:04:41,048 [oasis.registry] INFO: Registered backend: DUNE-fem (dune)
2026-08-27 23:04:41,048 [oasis.dune] INFO: DUNE-fem backend registered
2026-08-27 23:04:41,053 [oasis.registry] INFO: Registered backend: SPARTA (DSMC) (sparta)
2026-08-27 23:04:41,053 [oasis.sparta] INFO: SPARTA (DSMC) backend registered
2026-08-27 23:04:41,053 [oasis] INFO: Starting OASiS MCP server
2026-08-27 23:04:41,060 [mcp.server.lowlevel.server] INFO: Processing request of type CallToolRequest
2026-08-27 23:04:41,066 [oasis.registry] INFO: Loaded discovered config: 5 backends
2026-08-27 23:04:41,068 [oasis.registry] INFO: Registered backend: 4C Multiphysics (fourc)
2026-08-27 23:04:41,068 [oasis.registry] INFO: Registered backend: FEniCSx (dolfinx) (fenics)
2026-08-27 23:04:41,069 [oasis.registry] INFO: Registered backend: deal.II (dealii)
2026-08-27 23:04:41,072 [oasis.registry] INFO: Registered backend: FEBio (febio)
2026-08-27 23:04:41,074 [oasis.registry] INFO: Registered backend: NGSolve (ngsolve)
2026-08-27 23:04:41,074 [oasis.ngsolve] INFO: NGSolve backend registered
2026-08-27 23:04:41,077 [oasis.registry] INFO: Registered backend: scikit-fem (skfem)
2026-08-27 23:04:41,077 [oasis.skfem] INFO: scikit-fem backend registered
2026-08-27 23:04:41,078 [mcp.server.lowlevel.server] INFO: Processing request of type ListToolsRequest
2026-08-27 23:04:41,080 [oasis.registry] INFO: Registered backend: Kratos Multiphysics (kratos)
2026-08-27 23:04:41,081 [oasis.kratos] INFO: Kratos Multiphysics backend registered
2026-08-27 23:04:41,083 [oasis.registry] INFO: Registered backend: DUNE-fem (dune)
2026-08-27 23:04:41,083 [oasis.dune] INFO: DUNE-fem backend registered
2026-08-27 23:04:41,084 [oasis] INFO: Session journal saved: /home/alexander/Schreibtisch/ofa-v2/data/sessions/session_d5b61fe2-440b-4eed-95bc-1bcd29059de3.json (1 events)
2026-08-27 23:04:41,088 [oasis.registry] INFO: Registered backend: SPARTA (DSMC) (sparta)
2026-08-27 23:04:41,088 [oasis.sparta] INFO: SPARTA (DSMC) backend registered
2026-08-27 23:04:41,088 [oasis] INFO: Starting OASiS MCP server
2026-08-27 23:04:41,096 [mcp.server.lowlevel.server] INFO: Processing request of type CallToolRequest
2026-08-27 23:04:41,113 [mcp.server.lowlevel.server] INFO: Processing request of type ListToolsRequest
2026-08-27 23:04:41,123 [oasis] INFO: Session journal saved: /home/alexander/Schreibtisch/ofa-v2/data/sessions/session_0804d963-ac75-4510-8c39-e259ef643e30.json (1 events)
2026-08-27 23:06:31,038 [oasis.registry] INFO: Loaded discovered config: 5 backends
2026-08-27 23:06:31,040 [oasis.registry] INFO: Registered backend: 4C Multiphysics (fourc)
2026-08-27 23:06:31,040 [oasis.registry] INFO: Registered backend: FEniCSx (dolfinx) (fenics)
2026-08-27 23:06:31,041 [oasis.registry] INFO: Registered backend: deal.II (dealii)
2026-08-27 23:06:31,044 [oasis.registry] INFO: Registered backend: FEBio (febio)
2026-08-27 23:06:31,046 [oasis.registry] INFO: Registered backend: NGSolve (ngsolve)
2026-08-27 23:06:31,046 [oasis.ngsolve] INFO: NGSolve backend registered
2026-08-27 23:06:31,049 [oasis.registry] INFO: Registered backend: scikit-fem (skfem)
2026-08-27 23:06:31,049 [oasis.skfem] INFO: scikit-fem backend registered
2026-08-27 23:06:31,052 [oasis.registry] INFO: Registered backend: Kratos Multiphysics (kratos)
2026-08-27 23:06:31,052 [oasis.kratos] INFO: Kratos Multiphysics backend registered
2026-08-27 23:06:31,055 [oasis.registry] INFO: Registered backend: DUNE-fem (dune)
2026-08-27 23:06:31,055 [oasis.dune] INFO: DUNE-fem backend registered
2026-08-27 23:06:31,060 [oasis.registry] INFO: Registered backend: SPARTA (DSMC) (sparta)
2026-08-27 23:06:31,060 [oasis.sparta] INFO: SPARTA (DSMC) backend registered
2026-08-27 23:06:31,060 [oasis] INFO: Starting OASiS MCP server
2026-08-27 23:06:31,068 [mcp.server.lowlevel.server] INFO: Processing request of type CallToolRequest
2026-08-27 23:06:46,878 [mcp.server.lowlevel.server] INFO: Processing request of type ListToolsRequest
2026-08-27 23:06:46,887 [oasis] INFO: Session journal saved: /home/alexander/Schreibtisch/ofa-v2/data/sessions/session_2c24952e-7268-41d5-af28-aa9fa2f4763a.json (1 events)
2026-08-27 23:07:42,984 [oasis.registry] INFO: Loaded discovered config: 5 backends
2026-08-27 23:07:42,986 [oasis.registry] INFO: Registered backend: 4C Multiphysics (fourc)
2026-08-27 23:07:42,986 [oasis.registry] INFO: Registered backend: FEniCSx (dolfinx) (fenics)
2026-08-27 23:07:42,987 [oasis.registry] INFO: Registered backend: deal.II (dealii)
2026-08-27 23:07:42,990 [oasis.registry] INFO: Registered backend: FEBio (febio)
2026-08-27 23:07:42,992 [oasis.registry] INFO: Registered backend: NGSolve (ngsolve)
2026-08-27 23:07:42,992 [oasis.ngsolve] INFO: NGSolve backend registered
2026-08-27 23:07:42,995 [oasis.registry] INFO: Registered backend: scikit-fem (skfem)
2026-08-27 23:07:42,995 [oasis.skfem] INFO: scikit-fem backend registered
2026-08-27 23:07:42,999 [oasis.registry] INFO: Registered backend: Kratos Multiphysics (kratos)
2026-08-27 23:07:42,999 [oasis.kratos] INFO: Kratos Multiphysics backend registered
2026-08-27 23:07:43,001 [oasis.registry] INFO: Registered backend: DUNE-fem (dune)
2026-08-27 23:07:43,001 [oasis.dune] INFO: DUNE-fem backend registered
2026-08-27 23:07:43,006 [oasis.registry] INFO: Registered backend: SPARTA (DSMC) (sparta)
2026-08-27 23:07:43,006 [oasis.sparta] INFO: SPARTA (DSMC) backend registered
2026-08-27 23:07:43,006 [oasis] INFO: Starting OASiS MCP server
2026-08-27 23:07:43,014 [mcp.server.lowlevel.server] INFO: Processing request of type CallToolRequest
2026-08-27 23:07:46,097 [oasis.registry] INFO: Loaded discovered config: 5 backends
2026-08-27 23:07:46,099 [oasis.registry] INFO: Registered backend: 4C Multiphysics (fourc)
2026-08-27 23:07:46,099 [oasis.registry] INFO: Registered backend: FEniCSx (dolfinx) (fenics)
2026-08-27 23:07:46,100 [oasis.registry] INFO: Registered backend: deal.II (dealii)
2026-08-27 23:07:46,103 [oasis.registry] INFO: Registered backend: FEBio (febio)
2026-08-27 23:07:46,106 [oasis.registry] INFO: Registered backend: NGSolve (ngsolve)
2026-08-27 23:07:46,106 [oasis.ngsolve] INFO: NGSolve backend registered
2026-08-27 23:07:46,108 [oasis.registry] INFO: Registered backend: scikit-fem (skfem)
2026-08-27 23:07:46,108 [oasis.skfem] INFO: scikit-fem backend registered
2026-08-27 23:07:46,112 [oasis.registry] INFO: Registered backend: Kratos Multiphysics (kratos)
2026-08-27 23:07:46,112 [oasis.kratos] INFO: Kratos Multiphysics backend registered
2026-08-27 23:07:46,114 [oasis.registry] INFO: Registered backend: DUNE-fem (dune)
2026-08-27 23:07:46,114 [oasis.dune] INFO: DUNE-fem backend registered
2026-08-27 23:07:46,119 [oasis.registry] INFO: Registered backend: SPARTA (DSMC) (sparta)
2026-08-27 23:07:46,120 [oasis.sparta] INFO: SPARTA (DSMC) backend registered
2026-08-27 23:07:46,120 [oasis] INFO: Starting OASiS MCP server
2026-08-27 23:07:46,128 [mcp.server.lowlevel.server] INFO: Processing request of type CallToolRequest
2026-08-27 23:07:46,133 [mcp.server.lowlevel.server] INFO: Processing request of type ListToolsRequest
2026-08-27 23:07:52,499 [oasis.registry] INFO: Loaded discovered config: 5 backends
2026-08-27 23:07:52,500 [oasis.registry] INFO: Registered backend: 4C Multiphysics (fourc)
2026-08-27 23:07:52,501 [oasis.registry] INFO: Registered backend: FEniCSx (dolfinx) (fenics)
2026-08-27 23:07:52,501 [oasis.registry] INFO: Registered backend: deal.II (dealii)
2026-08-27 23:07:52,504 [oasis.registry] INFO: Registered backend: FEBio (febio)
2026-08-27 23:07:52,507 [oasis.registry] INFO: Registered backend: NGSolve (ngsolve)
2026-08-27 23:07:52,507 [oasis.ngsolve] INFO: NGSolve backend registered
2026-08-27 23:07:52,510 [oasis.registry] INFO: Registered backend: scikit-fem (skfem)
2026-08-27 23:07:52,510 [oasis.skfem] INFO: scikit-fem backend registered
2026-08-27 23:07:52,513 [oasis.registry] INFO: Registered backend: Kratos Multiphysics (kratos)
2026-08-27 23:07:52,513 [oasis.kratos] INFO: Kratos Multiphysics backend registered
2026-08-27 23:07:52,516 [oasis.registry] INFO: Registered backend: DUNE-fem (dune)
2026-08-27 23:07:52,516 [oasis.dune] INFO: DUNE-fem backend registered
2026-08-27 23:07:52,521 [oasis.registry] INFO: Registered backend: SPARTA (DSMC) (sparta)
2026-08-27 23:07:52,521 [oasis.sparta] INFO: SPARTA (DSMC) backend registered
2026-08-27 23:07:52,521 [oasis] INFO: Starting OASiS MCP server
2026-08-27 23:07:52,530 [mcp.server.lowlevel.server] INFO: Processing request of type CallToolRequest
2026-08-27 23:07:52,535 [mcp.server.lowlevel.server] INFO: Processing request of type ListToolsRequest
2026-08-27 23:07:53,515 [oasis.registry] INFO: Loaded discovered config: 5 backends
2026-08-27 23:07:53,517 [oasis.registry] INFO: Registered backend: 4C Multiphysics (fourc)
2026-08-27 23:07:53,517 [oasis.registry] INFO: Registered backend: FEniCSx (dolfinx) (fenics)
2026-08-27 23:07:53,518 [oasis.registry] INFO: Registered backend: deal.II (dealii)
2026-08-27 23:07:53,521 [oasis.registry] INFO: Registered backend: FEBio (febio)
2026-08-27 23:07:53,524 [oasis.registry] INFO: Registered backend: NGSolve (ngsolve)
2026-08-27 23:07:53,524 [oasis.ngsolve] INFO: NGSolve backend registered
2026-08-27 23:07:53,527 [oasis.registry] INFO: Registered backend: scikit-fem (skfem)
2026-08-27 23:07:53,528 [oasis.skfem] INFO: scikit-fem backend registered
2026-08-27 23:07:53,532 [oasis.registry] INFO: Registered backend: Kratos Multiphysics (kratos)
2026-08-27 23:07:53,532 [oasis.kratos] INFO: Kratos Multiphysics backend registered
2026-08-27 23:07:53,534 [oasis.registry] INFO: Registered backend: DUNE-fem (dune)
2026-08-27 23:07:53,534 [oasis.dune] INFO: DUNE-fem backend registered
2026-08-27 23:07:53,539 [oasis.registry] INFO: Registered backend: SPARTA (DSMC) (sparta)
2026-08-27 23:07:53,539 [oasis.sparta] INFO: SPARTA (DSMC) backend registered
2026-08-27 23:07:53,539 [oasis] INFO: Starting OASiS MCP server
2026-08-27 23:07:53,547 [mcp.server.lowlevel.server] INFO: Processing request of type CallToolRequest
2026-08-27 23:07:53,550 [mcp.server.lowlevel.server] INFO: Processing request of type ListToolsRequest
2026-08-27 23:08:01,857 [mcp.server.lowlevel.server] INFO: Processing request of type ListToolsRequest
2026-08-27 23:08:01,865 [oasis] INFO: Session journal saved: /home/alexander/Schreibtisch/ofa-v2/data/sessions/session_fcf37b59-1993-4a09-a384-edc755802769.json (1 events)
2026-08-27 23:08:18,358 [oasis.registry] INFO: Loaded discovered config: 5 backends
2026-08-27 23:08:18,360 [oasis.registry] INFO: Registered backend: 4C Multiphysics (fourc)
2026-08-27 23:08:18,360 [oasis.registry] INFO: Registered backend: FEniCSx (dolfinx) (fenics)
2026-08-27 23:08:18,361 [oasis.registry] INFO: Registered backend: deal.II (dealii)
2026-08-27 23:08:18,364 [oasis.registry] INFO: Registered backend: FEBio (febio)
2026-08-27 23:08:18,366 [oasis.registry] INFO: Registered backend: NGSolve (ngsolve)
2026-08-27 23:08:18,366 [oasis.ngsolve] INFO: NGSolve backend registered
2026-08-27 23:08:18,369 [oasis.registry] INFO: Registered backend: scikit-fem (skfem)
2026-08-27 23:08:18,369 [oasis.skfem] INFO: scikit-fem backend registered
2026-08-27 23:08:18,373 [oasis.registry] INFO: Registered backend: Kratos Multiphysics (kratos)
2026-08-27 23:08:18,373 [oasis.kratos] INFO: Kratos Multiphysics backend registered
2026-08-27 23:08:18,375 [oasis.registry] INFO: Registered backend: DUNE-fem (dune)
2026-08-27 23:08:18,375 [oasis.dune] INFO: DUNE-fem backend registered
2026-08-27 23:08:18,380 [oasis.registry] INFO: Registered backend: SPARTA (DSMC) (sparta)
2026-08-27 23:08:18,380 [oasis.sparta] INFO: SPARTA (DSMC) backend registered
2026-08-27 23:08:18,380 [oasis] INFO: Starting OASiS MCP server
2026-08-27 23:08:18,388 [mcp.server.lowlevel.server] INFO: Processing request of type CallToolRequest
2026-08-27 23:08:25,691 [mcp.server.lowlevel.server] INFO: Processing request of type ListToolsRequest
2026-08-27 23:08:25,698 [oasis] INFO: Session journal saved: /home/alexander/Schreibtisch/ofa-v2/data/sessions/session_f7c62f82-6ccd-4e35-9d84-0c330a5f6e58.json (1 events)
[preflight] custody controls verified for 1 problem(s); keys sealed and unreadable by execution
[phase: development] results are for post-mortems and convergence checking, NOT for the paper's evaluation table.
[C2 27b MCP s13] done  calls=66 tok=6860608/43924 1982.4s
/home/alexander/Schreibtisch/ofa-v2/campaign3_blind/run_blind.py:768: ResourceWarning: unclosed file <_io.TextIOWrapper name='/home/alexander/Schreibtisch/ofa-v2/campaign3_blind/runs/C2_27b_MCP_seed13/work/trajectory_live.txt' mode='a' encoding='utf-8'>
  run_one(pid, a.model, cond, a.seed, a.timeout)
ResourceWarning: Enable tracemalloc to get the object allocation traceback
/home/alexander/.local/share/python/cpython-3.12.13-linux-x86_64-gnu/lib/python3.12/asyncio/selector_events.py:879: ResourceWarning: unclosed transport <_SelectorSocketTransport fd=8>
<<< cell C2 done 2026-08-27 23:08:35
2026-08-27 23:12:11,519 [oasis.registry] INFO: Loaded discovered config: 5 backends
2026-08-27 23:12:11,521 [oasis.registry] INFO: Registered backend: 4C Multiphysics (fourc)
2026-08-27 23:12:11,522 [oasis.registry] INFO: Registered backend: FEniCSx (dolfinx) (fenics)
2026-08-27 23:12:11,522 [oasis.registry] INFO: Registered backend: deal.II (dealii)
2026-08-27 23:12:11,525 [oasis.registry] INFO: Registered backend: FEBio (febio)
2026-08-27 23:12:11,528 [oasis.registry] INFO: Registered backend: NGSolve (ngsolve)
2026-08-27 23:12:11,528 [oasis.ngsolve] INFO: NGSolve backend registered
2026-08-27 23:12:11,530 [oasis.registry] INFO: Registered backend: scikit-fem (skfem)
2026-08-27 23:12:11,530 [oasis.skfem] INFO: scikit-fem backend registered
2026-08-27 23:12:11,534 [oasis.registry] INFO: Registered backend: Kratos Multiphysics (kratos)
2026-08-27 23:12:11,534 [oasis.kratos] INFO: Kratos Multiphysics backend registered
2026-08-27 23:12:11,536 [oasis.registry] INFO: Registered backend: DUNE-fem (dune)
2026-08-27 23:12:11,537 [oasis.dune] INFO: DUNE-fem backend registered
2026-08-27 23:12:11,542 [oasis.registry] INFO: Registered backend: SPARTA (DSMC) (sparta)
2026-08-27 23:12:11,542 [oasis.sparta] INFO: SPARTA (DSMC) backend registered
2026-08-27 23:12:11,542 [oasis] INFO: Starting OASiS MCP server
2026-08-27 23:12:11,549 [mcp.server.lowlevel.server] INFO: Processing request of type CallToolRequest
2026-08-27 23:12:14,813 [mcp.server.lowlevel.server] INFO: Processing request of type ListToolsRequest
2026-08-27 23:12:14,821 [oasis] INFO: Session journal saved: /home/alexander/Schreibtisch/ofa-v2/data/sessions/session_8fc1e790-edd8-48f3-a85d-e849cf6a547e.json (1 events)
[preflight] custody controls verified for 1 problem(s); keys sealed and unreadable by execution
[phase: development] results are for post-mortems and convergence checking, NOT for the paper's evaluation table.
[C8 27b MCP s13] done  calls=49 tok=3625282/34219 2241.2s
/home/alexander/Schreibtisch/ofa-v2/campaign3_blind/run_blind.py:768: ResourceWarning: unclosed file <_io.TextIOWrapper name='/home/alexander/Schreibtisch/ofa-v2/campaign3_blind/runs/C8_27b_MCP_seed13/work/trajectory_live.txt' mode='a' encoding='utf-8'>
  run_one(pid, a.model, cond, a.seed, a.timeout)
ResourceWarning: Enable tracemalloc to get the object allocation traceback
/home/alexander/.local/share/python/cpython-3.12.13-linux-x86_64-gnu/lib/python3.12/asyncio/selector_events.py:879: ResourceWarning: unclosed transport <_SelectorSocketTransport fd=8>
<<< cell C8 done 2026-08-27 23:12:54
[preflight] custody controls verified for 1 problem(s); keys sealed and unreadable by execution
[phase: development] results are for post-mortems and convergence checking, NOT for the paper's evaluation table.
[C10 27b MCP s13] done  calls=34 tok=2812948/36963 2293.5s
/home/alexander/Schreibtisch/ofa-v2/campaign3_blind/run_blind.py:768: ResourceWarning: unclosed file <_io.TextIOWrapper name='/home/alexander/Schreibtisch/ofa-v2/campaign3_blind/runs/C10_27b_MCP_seed13/work/trajectory_live.txt' mode='a' encoding='utf-8'>
  run_one(pid, a.model, cond, a.seed, a.timeout)
ResourceWarning: Enable tracemalloc to get the object allocation traceback
/home/alexander/.local/share/python/cpython-3.12.13-linux-x86_64-gnu/lib/python3.12/asyncio/selector_events.py:879: ResourceWarning: unclosed transport <_SelectorSocketTransport fd=8>
<<< cell C10 done 2026-08-27 23:13:46
2026-08-27 23:14:47,484 [oasis.registry] INFO: Loaded discovered config: 5 backends
2026-08-27 23:14:47,486 [oasis.registry] INFO: Registered backend: 4C Multiphysics (fourc)
2026-08-27 23:14:47,487 [oasis.registry] INFO: Registered backend: FEniCSx (dolfinx) (fenics)
2026-08-27 23:14:47,487 [oasis.registry] INFO: Registered backend: deal.II (dealii)
2026-08-27 23:14:47,490 [oasis.registry] INFO: Registered backend: FEBio (febio)
2026-08-27 23:14:47,493 [oasis.registry] INFO: Registered backend: NGSolve (ngsolve)
2026-08-27 23:14:47,493 [oasis.ngsolve] INFO: NGSolve backend registered
2026-08-27 23:14:47,495 [oasis.registry] INFO: Registered backend: scikit-fem (skfem)
2026-08-27 23:14:47,495 [oasis.skfem] INFO: scikit-fem backend registered
2026-08-27 23:14:47,499 [oasis.registry] INFO: Registered backend: Kratos Multiphysics (kratos)
2026-08-27 23:14:47,499 [oasis.kratos] INFO: Kratos Multiphysics backend registered
2026-08-27 23:14:47,501 [oasis.registry] INFO: Registered backend: DUNE-fem (dune)
2026-08-27 23:14:47,501 [oasis.dune] INFO: DUNE-fem backend registered
2026-08-27 23:14:47,507 [oasis.registry] INFO: Registered backend: SPARTA (DSMC) (sparta)
2026-08-27 23:14:47,507 [oasis.sparta] INFO: SPARTA (DSMC) backend registered
2026-08-27 23:14:47,507 [oasis] INFO: Starting OASiS MCP server
2026-08-27 23:14:47,514 [mcp.server.lowlevel.server] INFO: Processing request of type CallToolRequest
2026-08-27 23:14:54,348 [mcp.server.lowlevel.server] INFO: Processing request of type ListToolsRequest
2026-08-27 23:14:54,356 [oasis] INFO: Session journal saved: /home/alexander/Schreibtisch/ofa-v2/data/sessions/session_2d58acb3-6500-485f-9341-3cbe24b5a03b.json (1 events)
[preflight] quarantined 1 directory(ies) of prior agent scratch so this run cannot read them:
             /tmp/coupled_sim -> runs_quarantine/stray_scratch/coupled_sim__25
[preflight] custody controls verified for 1 problem(s); keys sealed and unreadable by execution
[phase: development] results are for post-mortems and convergence checking, NOT for the paper's evaluation table.
[C11 27b MCP s13] done  calls=41 tok=4143581/42442 2465.2s
/home/alexander/Schreibtisch/ofa-v2/campaign3_blind/run_blind.py:768: ResourceWarning: unclosed file <_io.TextIOWrapper name='/home/alexander/Schreibtisch/ofa-v2/campaign3_blind/runs/C11_27b_MCP_seed13/work/trajectory_live.txt' mode='a' encoding='utf-8'>
  run_one(pid, a.model, cond, a.seed, a.timeout)
ResourceWarning: Enable tracemalloc to get the object allocation traceback
/home/alexander/.local/share/python/cpython-3.12.13-linux-x86_64-gnu/lib/python3.12/asyncio/selector_events.py:879: ResourceWarning: unclosed transport <_SelectorSocketTransport fd=8>
<<< cell C11 done 2026-08-27 23:16:38
[preflight] custody controls verified for 1 problem(s); keys sealed and unreadable by execution
[phase: development] results are for post-mortems and convergence checking, NOT for the paper's evaluation table.
[C7 27b MCP s13] done  calls=61 tok=7810185/46493 2478.5s
/home/alexander/Schreibtisch/ofa-v2/campaign3_blind/run_blind.py:768: ResourceWarning: unclosed file <_io.TextIOWrapper name='/home/alexander/Schreibtisch/ofa-v2/campaign3_blind/runs/C7_27b_MCP_seed13/work/trajectory_live.txt' mode='a' encoding='utf-8'>
  run_one(pid, a.model, cond, a.seed, a.timeout)
ResourceWarning: Enable tracemalloc to get the object allocation traceback
/home/alexander/.local/share/python/cpython-3.12.13-linux-x86_64-gnu/lib/python3.12/asyncio/selector_events.py:879: ResourceWarning: unclosed transport <_SelectorSocketTransport fd=8>
<<< cell C7 done 2026-08-27 23:16:52
[preflight] custody controls verified for 1 problem(s); keys sealed and unreadable by execution
[phase: development] results are for post-mortems and convergence checking, NOT for the paper's evaluation table.
[C9 27b MCP s13] done  calls=51 tok=4763328/51057 2628.5s
/home/alexander/Schreibtisch/ofa-v2/campaign3_blind/run_blind.py:768: ResourceWarning: unclosed file <_io.TextIOWrapper name='/home/alexander/Schreibtisch/ofa-v2/campaign3_blind/runs/C9_27b_MCP_seed13/work/trajectory_live.txt' mode='a' encoding='utf-8'>
  run_one(pid, a.model, cond, a.seed, a.timeout)
ResourceWarning: Enable tracemalloc to get the object allocation traceback
/home/alexander/.local/share/python/cpython-3.12.13-linux-x86_64-gnu/lib/python3.12/asyncio/selector_events.py:879: ResourceWarning: unclosed transport <_SelectorSocketTransport fd=8>
<<< cell C9 done 2026-08-27 23:19:22
>>> probe 2 complete 2026-08-27 23:19:22
