x,y,ux,uy
6.349431818181818e-01,1.136363636363636e-02,-7.253594043806277e-08,-3.240485933274704e-07
6.548295454545454e-01,1.136363636363636e-02,-7.028812740246606e-08,-9.366413851831400e-08
6.747159090909091e-01,1.136363636363636e-02,-5.542399987907240e-08,-5.819856086600732e-08
6.946022727272727e-01,1.136363636363636e-02,-4.296674279663456e-08,-4.339283581420179e-08
7.144886363636364e-01,1.136363636363636e-02,-3.658872682161221e-08,-3.878607783696454e-08
7.343750000000000e-01,1.136363636363636e-02,-3.253654583393661e-08,-3.589823803261745e-08
7.542613636363636e-01,1.136363636363636e-02,-2.939053100067160e-08,-3.370482156075589e-08
7.741477272727273e-01,1.136363636363636e-02,-2.724129041289858e-08,-3.233870580178443e-08
7.940340909090909e-01,1.136363636363636e-02,-2.551736502478438e-08,-3.127953914433958e-08
8.139204545454546e-01,1.136363636363636e-02,-2.405569024867240e-08,-3.040976735274319e-08
8.338068181818181e-01,1.136363636363636e-02,-2.293155254216470e-08,-2.978527419503964e-08
8.536931818181819e-01,1.136363636363636e-02,-2.190958951973054e-08,-2.923295782062258e-08
8.735795454545454e-01,1.136363636363636e-02,-2.098980118136996e-08,-2.875281822949199e-08
8.934659090909092e-01,1.136363636363636e-02,-2.017591389281696e-08,-2.833910092055603e-08
9.133522727272727e-01,1.136363636363636e-02,-1.939247244988811e-08,-2.793851863717628e-08
9.332386363636364e-01,1.136363636363636e-02,-1.864917030680163e-08,-2.755238246841693e-08
9.531250000000000e-01,1.136363636363636e-02,-1.793215936476682e-08,-2.715680051320025e-08
9.730113636363636e-01,1.136363636363636e-02,-1.722617352024421e-08,-2.675074293334491e-08
9.928977272727273e-01,1.136363636363636e-02,-1.653432183221462e-08,-2.631572051627180e-08
1.012784090909091e+00,1.136363636363636e-02,-1.584924790186754e-08,-2.584540346996230e-08
1.032670454545455e+00,1.136363636363636e-02,-1.516849442793980e-08,-2.535062291603860e-08
1.052556818181818e+00,1.136363636363636e-02,-1.449495641531226e-08,-2.479272241872650e-08
1.072443181818182e+00,1.136363636363636e-02,-1.382521991364949e-08,-2.419615533815446e-08
1.092329545454545e+00,1.136363636363636e-02,-1.315928492295153e-08,-2.356092167432251e-08
1.112215909090909e+00,1.136363636363636e-02,-1.250149292538052e-08,-2.284782584956200e-08
1.132102272727273e+00,1.136363636363636e-02,-1.184807455543954e-08,-2.209726136152975e-08
1.151988636363636e+00,1.136363636363636e-02,-1.120140122387656e-08,-2.129003419419842e-08
1.171875000000000e+00,1.136363636363636e-02,-1.056438785149980e-08,-2.041160890164718e-08
1.191761363636364e+00,1.136363636363636e-02,-9.932980664915365e-09,-1.949415473857726e-08
1.211647727272727e+00,1.136363636363636e-02,-9.312469533716585e-09,-1.850479284215876e-08
1.231534090909091e+00,1.136363636363636e-02,-8.701585020589100e-09,-1.745696804011243e-08
1.251420454545455e+00,1.136363636363636e-02,-8.097145784459968e-09,-1.637032056136186e-08
1.271306818181818e+00,1.136363636363636e-02,-7.506969574350136e-09,-1.520121038165712e-08
1.291193181818182e+00,1.136363636363636e-02,-6.924113147579183e-09,-1.398970094182962e-08
1.311079545454545e+00,1.136363636363636e-02,-6.348576504147082e-09,-1.273579224187929e-08
1.330965909090909e+00,1.136363636363636e-02,-5.784282441339031e-09,-1.140923526914213e-08
1.350852272727273e+00,1.136363636363636e-02,-5.223117200705363e-09,-1.005293005276224e-08
1.370738636363636e+00,1.136363636363636e-02,-4.666027174976087e-09,-8.653136989442064e-09
1.390625000000000e+00,1.136363636363636e-02,-4.104264546251443e-09,-7.213990936337914e-09
1.410511363636364e+00,1.136363636363636e-02,-3.534203201476858e-09,-5.760772389269754e-09
1.430397727272727e+00,1.136363636363636e-02,-2.938385834181193e-09,-4.295307687450860e-09
1.450284090909091e+00,1.136363636363636e-02,-2.276286716867013e-09,-2.862263029536853e-09
1.470170454545455e+00,1.136363636363636e-02,-1.553319817033345e-09,-1.477925906056745e-09
1.490056818181818e+00,1.136363636363636e-02,-5.177732723579569e-10,-4.926419686822259e-10
6.349431818181818e-01,3.409090909090909e-02,-2.488530847079099e-07,-3.539990012555155e-07
6.548295454545454e-01,3.409090909090909e-02,-2.056713560384748e-07,-2.321971589333039e-07
6.747159090909091e-01,3.409090909090909e-02,-1.626833529740291e-07,-1.711653855348033e-07
6.946022727272727e-01,3.409090909090909e-02,-1.284105000458177e-07,-1.298719149958639e-07
7.144886363636364e-01,3.409090909090909e-02,-1.097980938175220e-07,-1.156930723685437e-07
7.343750000000000e-01,3.409090909090909e-02,-9.780079550824926e-08,-1.068661997316901e-07
7.542613636363636e-01,3.409090909090909e-02,-8.840521570950120e-08,-1.001764872661739e-07
7.741477272727273e-01,3.409090909090909e-02,-8.193416253032024e-08,-9.597105877176182e-08
7.940340909090909e-01,3.409090909090909e-02,-7.672621616677852e-08,-9.271563678469937e-08
8.139204545454546e-01,3.409090909090909e-02,-7.229777939365612e-08,-9.004647299646698e-08
8.338068181818181e-01,3.409090909090909e-02,-6.888052918303494e-08,-8.813750768438903e-08
8.536931818181819e-01,3.409090909090909e-02,-6.577182633946351e-08,-8.645430182512105e-08
8.735795454545454e-01,3.409090909090909e-02,-6.297167086294185e-08,-8.499685541866302e-08
8.934659090909092e-01,3.409090909090909e-02,-6.049485554396860e-08,-8.375040648652078e-08
9.133522727272727e-01,3.409090909090909e-02,-5.811213723928348e-08,-8.254752251930916e-08
9.332386363636364e-01,3.409090909090909e-02,-5.585402338465642e-08,-8.139384045406737e-08
9.531250000000000e-01,3.409090909090909e-02,-5.367967576418867e-08,-8.021726848821877e-08
9.730113636363636e-01,3.409090909090909e-02,-5.154093664178790e-08,-7.901195700206046e-08
9.928977272727273e-01,3.409090909090909e-02,-4.944899577814009e-08,-7.772415717537321e-08
1.012784090909091e+00,3.409090909090909e-02,-4.738049067289387e-08,-7.633357341480684e-08
1.032670454545455e+00,3.409090909090909e-02,-4.532695882018581e-08,-7.487163386807529e-08
1.052556818181818e+00,3.409090909090909e-02,-4.329882099535202e-08,-7.322439751254607e-08
1.072443181818182e+00,3.409090909090909e-02,-4.128372904851102e-08,-7.146323129070232e-08
1.092329545454545e+00,3.409090909090909e-02,-3.928168297966281e-08,-6.958813520254404e-08
1.112215909090909e+00,3.409090909090909e-02,-3.730647133298826e-08,-6.748319824237696e-08
1.132102272727273e+00,3.409090909090909e-02,-3.534526650841199e-08,-6.526757448557474e-08
1.151988636363636e+00,3.409090909090909e-02,-3.340555842823475e-08,-6.288453861556886e-08
1.171875000000000e+00,3.409090909090909e-02,-3.149592204866965e-08,-6.029107443939119e-08
1.191761363636364e+00,3.409090909090909e-02,-2.960358515520453e-08,-5.758226264709401e-08
1.211647727272727e+00,3.409090909090909e-02,-2.774460801016048e-08,-5.466093790186379e-08
1.231534090909091e+00,3.409090909090909e-02,-2.591472677789296e-08,-5.156690604572498e-08
1.251420454545455e+00,3.409090909090909e-02,-2.410428772976575e-08,-4.835820259416531e-08
1.271306818181818e+00,3.409090909090909e-02,-2.233645992763247e-08,-4.490609753647492e-08
1.291193181818182e+00,3.409090909090909e-02,-2.059021456923389e-08,-4.132902974961502e-08
1.311079545454545e+00,3.409090909090909e-02,-1.886555165456993e-08,-3.762699923358543e-08
1.330965909090909e+00,3.409090909090909e-02,-1.717334887074177e-08,-3.371143108194928e-08
1.350852272727273e+00,3.409090909090909e-02,-1.548972413149534e-08,-2.970879922745019e-08
1.370738636363636e+00,3.409090909090909e-02,-1.381704539284183e-08,-2.557901945734326e-08
1.390625000000000e+00,3.409090909090909e-02,-1.212853163206472e-08,-2.133588104746469e-08
1.410511363636364e+00,3.409090909090909e-02,-1.041441865096100e-08,-1.705303387220817e-08
1.430397727272727e+00,3.409090909090909e-02,-8.622276884116630e-09,-1.273794653033740e-08
1.450284090909091e+00,3.409090909090909e-02,-6.638451918907694e-09,-8.527546747997464e-09
1.470170454545455e+00,3.409090909090909e-02,-4.483924340596427e-09,-4.459536417298659e-09
1.490056818181818e+00,3.409090909090909e-02,-1.494641446810378e-09,-1.486512139101362e-09
6.349431818181818e-01,5.681818181818182e-02,-3.159138689211347e-07,-3.990453875109994e-07
6.548295454545454e-01,5.681818181818182e-02,-2.828385212554727e-07,-3.186382782957493e-07
6.747159090909091e-01,5.681818181818182e-02,-2.448221794317189e-07,-2.601201307632015e-07
6.946022727272727e-01,5.681818181818182e-02,-2.104261588844163e-07,-2.142048470495983e-07
7.144886363636364e-01,5.681818181818182e-02,-1.832308542873847e-07,-1.879439389001829e-07
7.343750000000000e-01,5.681818181818182e-02,-1.644031512290105e-07,-1.720345608686161e-07
7.542613636363636e-01,5.681818181818182e-02,-1.490552593674005e-07,-1.600823110645270e-07
7.741477272727273e-01,5.681818181818182e-02,-1.380990736886023e-07,-1.522880013100076e-07
7.940340909090909e-01,5.681818181818182e-02,-1.291539149628001e-07,-1.462908698905497e-07
8.139204545454546e-01,5.681818181818182e-02,-1.214548290881704e-07,-1.414033752130822e-07
8.338068181818181e-01,5.681818181818182e-02,-1.154306067293660e-07,-1.379615368727139e-07
8.536931818181819e-01,5.681818181818182e-02,-1.099354676271556e-07,-1.349636443810347e-07
8.735795454545454e-01,5.681818181818182e-02,-1.049694117815394e-07,-1.324096977380448e-07
8.934659090909092e-01,5.681818181818182e-02,-1.005835942522515e-07,-1.302934381375116e-07
9.133522727272727e-01,5.681818181818182e-02,-9.637484125092323e-08,-1.282802926610412e-07
9.332386363636364e-01,5.681818181818182e-02,-9.240446370996889e-08,-1.263921497866210e-07
9.531250000000000e-01,5.681818181818182e-02,-8.860957585471105e-08,-1.245058051106288e-07
9.730113636363636e-01,5.681818181818182e-02,-8.489261233452195e-08,-1.225912684923924e-07
9.928977272727273e-01,5.681818181818182e-02,-8.128588169055501e-08,-1.205715632208328e-07
1.012784090909091e+00,5.681818181818182e-02,-7.774096220859832e-08,-1.184032843962927e-07
1.032670454545455e+00,5.681818181818182e-02,-7.423575196149144e-08,-1.161310006677194e-07
1.052556818181818e+00,5.681818181818182e-02,-7.080034781958124e-08,-1.135796844026840e-07
1.072443181818182e+00,5.681818181818182e-02,-6.739872333626804e-08,-1.108536641759647e-07
1.092329545454545e+00,5.681818181818182e-02,-6.403087851155194e-08,-1.079529399875615e-07
1.112215909090909e+00,5.681818181818182e-02,-6.072539763681785e-08,-1.046966154859408e-07
1.132102272727273e+00,5.681818181818182e-02,-5.744975835370007e-08,-1.012684204106524e-07
1.151988636363636e+00,5.681818181818182e-02,-5.421919892703251e-08,-9.758009526920750e-08
1.171875000000000e+00,5.681818181818182e-02,-5.104676570298310e-08,-9.356427412206443e-08
1.191761363636364e+00,5.681818181818182e-02,-4.790669176656603e-08,-8.936895957839030e-08
1.211647727272727e+00,5.681818181818182e-02,-4.482714234884935e-08,-8.484299858646725e-08
1.231534090909091e+00,5.681818181818182e-02,-4.179767054784268e-08,-8.004885752815061e-08
1.251420454545455e+00,5.681818181818182e-02,-3.880138231024742e-08,-7.507677100206202e-08
1.271306818181818e+00,5.681818181818182e-02,-3.587480872076208e-08,-6.972824943000353e-08
1.291193181818182e+00,5.681818181818182e-02,-3.298144188523570e-08,-6.418784702265634e-08
1.311079545454545e+00,5.681818181818182e-02,-3.012128180366815e-08,-5.845556378002021e-08
1.330965909090909e+00,5.681818181818182e-02,-2.730592612805661e-08,-5.239970381161473e-08
1.350852272727273e+00,5.681818181818182e-02,-2.449893876844516e-08,-4.621473188036831e-08
1.370738636363636e+00,5.681818181818182e-02,-2.170081069065529e-08,-3.984216134726847e-08
1.390625000000000e+00,5.681818181818182e-02,-1.886296467406066e-08,-3.331512882758093e-08
1.410511363636364e+00,5.681818181818182e-02,-1.597729742674568e-08,-2.674031228542661e-08
1.430397727272727e+00,5.681818181818182e-02,-1.295600360559417e-08,-2.014474964748175e-08
1.450284090909091e+00,5.681818181818182e-02,-9.667759500380108e-09,-1.377813408186102e-08
1.470170454545455e+00,5.681818181818182e-02,-6.182283092984405e-09,-7.621457824535854e-09
1.490056818181818e+00,5.681818181818182e-02,-2.060761031012880e-09,-2.540485941602066e-09
6.349431818181818e-01,7.954545454545454e-02,-3.677917855389656e-07,-4.412491704931959e-07
6.548295454545454e-01,7.954545454545454e-02,-3.393624285869804e-07,-3.807404636510702e-07
6.747159090909091e-01,7.954545454545454e-02,-3.069173709480993e-07,-3.280761901086160e-07
6.946022727272727e-01,7.954545454545454e-02,-2.757827963655006e-07,-2.831749831458483e-07
7.144886363636364e-01,7.954545454545454e-02,-2.475631113793187e-07,-2.511611437234845e-07
7.343750000000000e-01,7.954545454545454e-02,-2.257422784746192e-07,-2.298966701235332e-07
7.542613636363636e-01,7.954545454545454e-02,-2.069001322728687e-07,-2.130683310245666e-07
7.741477272727273e-01,7.954545454545454e-02,-1.925809852337824e-07,-2.017564526067977e-07
7.940340909090909e-01,7.954545454545454e-02,-1.805698864807144e-07,-1.929797860762924e-07
8.139204545454546e-01,7.954545454545454e-02,-1.699992726796162e-07,-1.857770923239464e-07
8.338068181818181e-01,7.954545454545454e-02,-1.614857256328816e-07,-1.807261810574328e-07
8.536931818181819e-01,7.954545454545454e-02,-1.536554120830298e-07,-1.763567861546886e-07
8.735795454545454e-01,7.954545454545454e-02,-1.465083320300611e-07,-1.726689076157139e-07
8.934659090909092e-01,7.954545454545454e-02,-1.401485754662382e-07,-1.696826212102786e-07
9.133522727272727e-01,7.954545454545454e-02,-1.340396865254112e-07,-1.668743733471303e-07
9.332386363636364e-01,7.954545454545454e-02,-1.282733452844027e-07,-1.642894513339160e-07
9.531250000000000e-01,7.954545454545454e-02,-1.227773103162988e-07,-1.617551008691790e-07
9.730113636363636e-01,7.954545454545454e-02,-1.174050408261323e-07,-1.592055675759786e-07
9.928977272727273e-01,7.954545454545454e-02,-1.122162718154989e-07,-1.565497923632682e-07
1.012784090909091e+00,7.954545454545454e-02,-1.071377158965379e-07,-1.537160495697267e-07
1.032670454545455e+00,7.954545454545454e-02,-1.021303008631316e-07,-1.507565009233560e-07
1.052556818181818e+00,7.954545454545454e-02,-9.725173390208286e-08,-1.474467976073213e-07
1.072443181818182e+00,7.954545454545454e-02,-9.243488683491593e-08,-1.439135045272223e-07
1.092329545454545e+00,7.954545454545454e-02,-8.767975966163094e-08,-1.401566216830592e-07
1.112215909090909e+00,7.954545454545454e-02,-8.303400704184232e-08,-1.359402692081536e-07
1.132102272727273e+00,7.954545454545454e-02,-7.843840245989430e-08,-1.315009782802090e-07
1.151988636363636e+00,7.954545454545454e-02,-7.391792017711365e-08,-1.267240170087425e-07
1.171875000000000e+00,7.954545454545454e-02,-6.948966946262257e-08,-1.215211909486621e-07
1.191761363636364e+00,7.954545454545454e-02,-6.511165723322673e-08,-1.160849880883409e-07
1.211647727272727e+00,7.954545454545454e-02,-6.082562121422381e-08,-1.102189350824175e-07
1.231534090909091e+00,7.954545454545454e-02,-5.661283753876159e-08,-1.040049583675007e-07
1.251420454545455e+00,7.954545454545454e-02,-5.244831924331714e-08,-9.756027989675741e-08
1.271306818181818e+00,7.954545454545454e-02,-4.838220618475464e-08,-9.062926094300137e-08
1.291193181818182e+00,7.954545454545454e-02,-4.436125767031365e-08,-8.345212708679677e-08
1.311079545454545e+00,7.954545454545454e-02,-4.038547369999401e-08,-7.602887832814327e-08
1.330965909090909e+00,7.954545454545454e-02,-3.646782607611115e-08,-6.819578639033178e-08
1.350852272727273e+00,7.954545454545454e-02,-3.256016604914803e-08,-6.020232104785090e-08
1.370738636363636e+00,7.954545454545454e-02,-2.866243404867219e-08,-5.197693109407911e-08
1.390625000000000e+00,7.954545454545454e-02,-2.471481876188911e-08,-4.357106784690195e-08
1.410511363636364e+00,7.954545454545454e-02,-2.071209124256154e-08,-3.511497234880290e-08
1.430397727272727e+00,7.954545454545454e-02,-1.655716882354474e-08,-2.665516522406225e-08
1.450284090909091e+00,7.954545454545454e-02,-1.215569083196618e-08,-1.846075015952833e-08
1.470170454545455e+00,7.954545454545454e-02,-7.580439451478563e-09,-1.048907910199635e-08
1.490056818181818e+00,7.954545454545454e-02,-2.526813150342089e-09,-3.496359700664506e-09
6.349431818181818e-01,1.022727272727273e-01,-4.113881158367696e-07,-4.790274480180754e-07
6.548295454545454e-01,1.022727272727273e-01,-3.856640894378146e-07,-4.283845931900512e-07
6.747159090909091e-01,1.022727272727273e-01,-3.581082889076082e-07,-3.815765244056028e-07
6.946022727272727e-01,1.022727272727273e-01,-3.309113686119206e-07,-3.394232224938749e-07
7.144886363636364e-01,1.022727272727273e-01,-3.046140630026941e-07,-3.051175305777797e-07
7.343750000000000e-01,1.022727272727273e-01,-2.820440358517799e-07,-2.801477127802665e-07
7.542613636363636e-01,1.022727272727273e-01,-2.615406418848981e-07,-2.594296507760590e-07
7.741477272727273e-01,1.022727272727273e-01,-2.448876244678232e-07,-2.449654858953906e-07
7.940340909090909e-01,1.022727272727273e-01,-2.304921266016363e-07,-2.336168675615201e-07
8.139204545454546e-01,1.022727272727273e-01,-2.175183157140936e-07,-2.242135364543230e-07
8.338068181818181e-01,1.022727272727273e-01,-2.067221276814015e-07,-2.175977697892306e-07
8.536931818181819e-01,1.022727272727273e-01,-1.966923703430167e-07,-2.118935465855039e-07
8.735795454545454e-01,1.022727272727273e-01,-1.874290436989394e-07,-2.071008668431430e-07
8.934659090909092e-01,1.022727272727273e-01,-1.790965725045175e-07,-2.032787765937937e-07
9.133522727272727e-01,1.022727272727273e-01,-1.710734621590856e-07,-1.997147112694468e-07
9.332386363636364e-01,1.022727272727273e-01,-1.634783136641911e-07,-1.964807014956867e-07
9.531250000000000e-01,1.022727272727273e-01,-1.562417459421971e-07,-1.933585646596229e-07
9.730113636363636e-01,1.022727272727273e-01,-1.491735130551275e-07,-1.902413454504787e-07
9.928977272727273e-01,1.022727272727273e-01,-1.423639271232134e-07,-1.870302846023438e-07
1.012784090909091e+00,1.022727272727273e-01,-1.357177337441912e-07,-1.836232729752225e-07
1.032670454545455e+00,1.022727272727273e-01,-1.291774306446397e-07,-1.800762897162360e-07
1.052556818181818e+00,1.022727272727273e-01,-1.228336438517684e-07,-1.761248753134619e-07
1.072443181818182e+00,1.022727272727273e-01,-1.165842144968270e-07,-1.719102150422881e-07
1.092329545454545e+00,1.022727272727273e-01,-1.104291425798155e-07,-1.674323089027146e-07
1.112215909090909e+00,1.022727272727273e-01,-1.044384193352759e-07,-1.624084737603534e-07
1.132102272727273e+00,1.022727272727273e-01,-9.852137760873865e-08,-1.571187652156473e-07
1.151988636363636e+00,1.022727272727273e-01,-9.271420664457121e-08,-1.514260747163369e-07
1.171875000000000e+00,1.022727272727273e-01,-8.703802299995576e-08,-1.452242978420890e-07
1.191761363636364e+00,1.022727272727273e-01,-8.143220260719112e-08,-1.387435722612962e-07
1.211647727272727e+00,1.022727272727273e-01,-7.595339348499422e-08,-1.317491211314434e-07
1.231534090909091e+00,1.022727272727273e-01,-7.057320163957557e-08,-1.243396619974656e-07
1.251420454545455e+00,1.022727272727273e-01,-6.525776399175133e-08,-1.166551900948308e-07
1.271306818181818e+00,1.022727272727273e-01,-6.007189502481243e-08,-1.083928322294498e-07
1.291193181818182e+00,1.022727272727273e-01,-5.494449316204506e-08,-9.983992303371008e-08
1.311079545454545e+00,1.022727272727273e-01,-4.987555840344903e-08,-9.099646250761117e-08
1.330965909090909e+00,1.022727272727273e-01,-4.488199386127491e-08,-8.167431435711155e-08
1.350852272727273e+00,1.022727272727273e-01,-3.990343964433532e-08,-7.216763186775102e-08
1.370738636363636e+00,1.022727272727273e-01,-3.494146813669780e-08,-6.239506739335764e-08
1.390625000000000e+00,1.022727272727273e-01,-2.993429367927789e-08,-5.242293603622977e-08
1.410511363636364e+00,1.022727272727273e-01,-2.487731134891714e-08,-4.239730685201740e-08
1.430397727272727e+00,1.022727272727273e-01,-1.968290310088901e-08,-3.237508585122978e-08
1.450284090909091e+00,1.022727272727273e-01,-1.429862987409392e-08,-2.261008551517160e-08
1.470170454545455e+00,1.022727272727273e-01,-8.782774037717303e-09,-1.305367483938574e-08
1.490056818181818e+00,1.022727272727273e-01,-2.927591345653869e-09,-4.351224946317597e-09
6.349431818181818e-01,1.250000000000000e-01,-4.496167287097478e-07,-5.110091071548085e-07
6.548295454545454e-01,1.250000000000000e-01,-4.263971494239099e-07,-4.654535930390909e-07
6.747159090909091e-01,1.250000000000000e-01,-4.022607703508363e-07,-4.226499202235339e-07
6.946022727272727e-01,1.250000000000000e-01,-3.782481773325192e-07,-3.830031872379092e-07
7.144886363636364e-01,1.250000000000000e-01,-3.545853407217653e-07,-3.486579217661403e-07
7.343750000000000e-01,1.250000000000000e-01,-3.328741926010562e-07,-3.217726732633647e-07
7.542613636363636e-01,1.250000000000000e-01,-3.123989742036579e-07,-2.985941389790359e-07
7.741477272727273e-01,1.250000000000000e-01,-2.945038096350218e-07,-2.815468731933525e-07
7.940340909090909e-01,1.250000000000000e-01,-2.784868851042971e-07,-2.679932895015045e-07
8.139204545454546e-01,1.250000000000000e-01,-2.636686945442170e-07,-2.566340728981934e-07
8.338068181818181e-01,1.250000000000000e-01,-2.508689786620481e-07,-2.485694799903855e-07
8.536931818181819e-01,1.250000000000000e-01,-2.388375165164233e-07,-2.416231163239547e-07
8.735795454545454e-01,1.250000000000000e-01,-2.275743081073430e-07,-2.357949818989013e-07
8.934659090909092e-01,1.250000000000000e-01,-2.173072389690045e-07,-2.311942461497909e-07
9.133522727272727e-01,1.250000000000000e-01,-2.073875988009327e-07,-2.269314165052772e-07
9.332386363636364e-01,1.250000000000000e-01,-1.979554038033917e-07,-2.231068703400607e-07
9.531250000000000e-01,1.250000000000000e-01,-1.889574421913546e-07,-2.194629978720337e-07
9.730113636363636e-01,1.250000000000000e-01,-1.801683066248328e-07,-2.158490393135829e-07
9.928977272727273e-01,1.250000000000000e-01,-1.717106331730294e-07,-2.121640913930552e-07
1.012784090909091e+00,1.250000000000000e-01,-1.634719239956812e-07,-2.082751188830724e-07
1.032670454545455e+00,1.250000000000000e-01,-1.553756642479640e-07,-2.042387074845259e-07
1.052556818181818e+00,1.250000000000000e-01,-1.475498384366091e-07,-1.997591014584972e-07
1.072443181818182e+00,1.250000000000000e-01,-1.398548328692371e-07,-1.949853716825920e-07
1.092329545454545e+00,1.250000000000000e-01,-1.322906475458484e-07,-1.899175181568105e-07
1.112215909090909e+00,1.250000000000000e-01,-1.249526791642830e-07,-1.842341316521709e-07
1.132102272727273e+00,1.250000000000000e-01,-1.177148199059409e-07,-1.782498717361783e-07
1.151988636363636e+00,1.250000000000000e-01,-1.106258347236098e-07,-1.718092673229767e-07
1.171875000000000e+00,1.250000000000000e-01,-1.037109816638196e-07,-1.647912119891620e-07
1.191761363636364e+00,1.250000000000000e-01,-9.688879290705103e-08,-1.574567872177848e-07
1.211647727272727e+00,1.250000000000000e-01,-9.023224113882147e-08,-1.495397920959583e-07
1.231534090909091e+00,1.250000000000000e-01,-8.370210357856508e-08,-1.411530650801636e-07
1.251420454545455e+00,1.250000000000000e-01,-7.725480934768849e-08,-1.324552466392015e-07
1.271306818181818e+00,1.250000000000000e-01,-7.097148689672174e-08,-1.231057477941664e-07
1.291193181818182e+00,1.250000000000000e-01,-6.476199012648994e-08,-1.134305439013010e-07
1.311079545454545e+00,1.250000000000000e-01,-5.862631903699282e-08,-1.034296349606047e-07
1.330965909090909e+00,1.250000000000000e-01,-5.258920654676529e-08,-9.289702361007825e-08
1.350852272727273e+00,1.250000000000000e-01,-4.657678340602269e-08,-8.216155848914452e-08
1.370738636363636e+00,1.250000000000000e-01,-4.059515451906933e-08,-7.113457691514630e-08
1.390625000000000e+00,1.250000000000000e-01,-3.459012495380471e-08,-5.989207993156621e-08
1.410511363636364e+00,1.250000000000000e-01,-2.855328913948830e-08,-4.858833117154121e-08
1.430397727272727e+00,1.250000000000000e-01,-2.242323109029328e-08,-3.727550797413337e-08
1.450284090909091e+00,1.250000000000000e-01,-1.616734635039463e-08,-2.618615925421716e-08
1.470170454545455e+00,1.250000000000000e-01,-9.825518111249135e-09,-1.527672808208812e-08
1.490056818181818e+00,1.250000000000000e-01,-3.275172703643984e-09,-5.092242693754143e-09
6.349431818181818e-01,1.477272727272727e-01,-4.836893847366137e-07,-5.323035716444761e-07
6.548295454545454e-01,1.477272727272727e-01,-4.625688853339401e-07,-4.889089240179067e-07
6.747159090909091e-01,1.477272727272727e-01,-4.409976770813242e-07,-4.481202836417735e-07
6.946022727272727e-01,1.477272727272727e-01,-4.194582965275993e-07,-4.099765926901799e-07
7.144886363636364e-01,1.477272727272727e-01,-3.980386116726394e-07,-3.762329789296204e-07
7.343750000000000e-01,1.477272727272727e-01,-3.776479803703196e-07,-3.489021123956434e-07
7.542613636363636e-01,1.477272727272727e-01,-3.579659931539070e-07,-3.248713261606363e-07
7.741477272727273e-01,1.477272727272727e-01,-3.398533140331811e-07,-3.065280871286024e-07
7.940340909090909e-01,1.477272727272727e-01,-3.230494199811006e-07,-2.917024131713685e-07
8.139204545454546e-01,1.477272727272727e-01,-3.070952104839378e-07,-2.791019849775303e-07
8.338068181818181e-01,1.477272727272727e-01,-2.927345635938224e-07,-2.700251150565036e-07
8.536931818181819e-01,1.477272727272727e-01,-2.790428647574636e-07,-2.621897727287627e-07
8.735795454545454e-01,1.477272727272727e-01,-2.660201139748618e-07,-2.555959579943076e-07
8.934659090909092e-01,1.477272727272727e-01,-2.539437303188213e-07,-2.504083587842019e-07
9.133522727272727e-01,1.477272727272727e-01,-2.422190827625142e-07,-2.456188549284053e-07
9.332386363636364e-01,1.477272727272727e-01,-2.309965247374336e-07,-2.413512159454549e-07
9.531250000000000e-01,1.477272727272727e-01,-2.202560614163839e-07,-2.373237712200210e-07
9.730113636363636e-01,1.477272727272727e-01,-2.097541964982806e-07,-2.333495362667306e-07
9.928977272727273e-01,1.477272727272727e-01,-1.996450976869490e-07,-2.293302095537826e-07
1.012784090909091e+00,1.477272727272727e-01,-1.898087763324629e-07,-2.251074260127912e-07
1.032670454545455e+00,1.477272727272727e-01,-1.801507488627824e-07,-2.207359233443734e-07
1.052556818181818e+00,1.477272727272727e-01,-1.708404824850286e-07,-2.159004824441698e-07
1.072443181818182e+00,1.477272727272727e-01,-1.617008586279903e-07,-2.107516326152623e-07
1.092329545454545e+00,1.477272727272727e-01,-1.527318772916678e-07,-2.052893738576510e-07
1.112215909090909e+00,1.477272727272727e-01,-1.440582131708321e-07,-1.991657429411652e-07
1.132102272727273e+00,1.477272727272727e-01,-1.355144198801887e-07,-1.927177446962483e-07
1.151988636363636e+00,1.477272727272727e-01,-1.271635040079007e-07,-1.857774598667686e-07
1.171875000000000e+00,1.477272727272727e-01,-1.190355951110003e-07,-1.782133302367896e-07
1.191761363636364e+00,1.477272727272727e-01,-1.110256672535920e-07,-1.703074661766071e-07
1.211647727272727e+00,1.477272727272727e-01,-1.032253295656006e-07,-1.617724206728443e-07
1.231534090909091e+00,1.477272727272727e-01,-9.558346655933541e-08,-1.527309697815328e-07
1.251420454545455e+00,1.477272727272727e-01,-8.804542396625689e-08,-1.433543127355833e-07
1.271306818181818e+00,1.477272727272727e-01,-8.071250737658296e-08,-1.332773479227481e-07
1.291193181818182e+00,1.477272727272727e-01,-7.347338134887711e-08,-1.228519698483072e-07
1.311079545454545e+00,1.477272727272727e-01,-6.632804588313897e-08,-1.120781785122601e-07
1.330965909090909e+00,1.477272727272727e-01,-5.931658364597269e-08,-1.007386078280647e-07
1.350852272727273e+00,1.477272727272727e-01,-5.234720568541942e-08,-8.918362245334714e-08
1.370738636363636e+00,1.477272727272727e-01,-4.543504312958258e-08,-7.731922931466399e-08
1.390625000000000e+00,1.477272727272727e-01,-3.854136033648149e-08,-6.522023048714454e-08
1.410511363636364e+00,1.477272727272727e-01,-3.164346312343997e-08,-5.304715362575265e-08
1.430397727272727e+00,1.477272727272727e-01,-2.471163327454782e-08,-4.083706299566479e-08
1.450284090909091e+00,1.477272727272727e-01,-1.772034967722303e-08,-2.880491784075469e-08
1.470170454545455e+00,1.477272727272727e-01,-1.068878321813653e-08,-1.691837212649377e-08
1.490056818181818e+00,1.477272727272727e-01,-3.562927739273374e-09,-5.639457375501117e-09
6.349431818181818e-01,1.704545454545454e-01,-5.168287127585430e-07,-5.469698467203351e-07
6.548295454545454e-01,1.704545454545454e-01,-4.977196959808535e-07,-5.046023083887943e-07
6.747159090909091e-01,1.704545454545454e-01,-4.784303506228049e-07,-4.650409853610233e-07
6.946022727272727e-01,1.704545454545454e-01,-4.590662414232084e-07,-4.279290881200556e-07
7.144886363636364e-01,1.704545454545454e-01,-4.395925258814909e-07,-3.948376044071192e-07
7.343750000000000e-01,1.704545454545454e-01,-4.203857825609702e-07,-3.675277616666483e-07
7.542613636363636e-01,1.704545454545454e-01,-4.014491987543647e-07,-3.432412077333985e-07
7.741477272727273e-01,1.704545454545454e-01,-3.832362276109177e-07,-3.242584051208280e-07
7.940340909090909e-01,1.704545454545454e-01,-3.658069455757991e-07,-3.087208835768666e-07
8.139204545454546e-01,1.704545454545454e-01,-3.489007636211029e-07,-2.953743623615792e-07
8.338068181818181e-01,1.704545454545454e-01,-3.331349058184130e-07,-2.856282599235454e-07
8.536931818181819e-01,1.704545454545454e-01,-3.179150869825310e-07,-2.771902538340852e-07
8.735795454545454e-01,1.704545454545454e-01,-3.032413071134572e-07,-2.700603440931989e-07
8.934659090909092e-01,1.704545454545454e-01,-2.894270859230090e-07,-2.644496082048496e-07
9.133522727272727e-01,1.704545454545454e-01,-2.759563341535541e-07,-2.592777950921631e-07
9.332386363636364e-01,1.704545454545454e-01,-2.629848115248465e-07,-2.546856958268568e-07
9.531250000000000e-01,1.704545454545454e-01,-2.505304729917399e-07,-2.503778810959478e-07
9.730113636363636e-01,1.704545454545454e-01,-2.383392457627092e-07,-2.461409979646102e-07
9.928977272727273e-01,1.704545454545454e-01,-2.265955758863558e-07,-2.418799128306367e-07
1.012784090909091e+00,1.704545454545454e-01,-2.151765450261959e-07,-2.374173543843306e-07
1.032670454545455e+00,1.704545454545454e-01,-2.039705809367222e-07,-2.328061367624800e-07
1.052556818181818e+00,1.704545454545454e-01,-1.931898697492184e-07,-2.277174348920668e-07
1.072443181818182e+00,1.704545454545454e-01,-1.826206154577726e-07,-2.223017048265507e-07
1.092329545454545e+00,1.704545454545454e-01,-1.722628180623852e-07,-2.165589465659316e-07
1.112215909090909e+00,1.704545454545454e-01,-1.622721192012944e-07,-2.101216160830288e-07
1.132102272727273e+00,1.704545454545454e-01,-1.524424248396068e-07,-2.033427545127815e-07
1.151988636363636e+00,1.704545454545454e-01,-1.428517095490189e-07,-1.960453085237837e-07
1.171875000000000e+00,1.704545454545454e-01,-1.335355465297149e-07,-1.880899957427397e-07
1.191761363636364e+00,1.704545454545454e-01,-1.243641629674531e-07,-1.797743776509498e-07
1.211647727272727e+00,1.704545454545454e-01,-1.154490851430620e-07,-1.707955068784715e-07
1.231534090909091e+00,1.704545454545454e-01,-1.067269891092029e-07,-1.612836195497561e-07
1.251420454545455e+00,1.704545454545454e-01,-9.813136672625139e-08,-1.514190529954550e-07
1.271306818181818e+00,1.704545454545454e-01,-8.978614442903435e-08,-1.408192205258081e-07
1.291193181818182e+00,1.704545454545454e-01,-8.155744145913239e-08,-1.298547275588641e-07
1.311079545454545e+00,1.704545454545454e-01,-7.344525781654512e-08,-1.185255740946224e-07
1.330965909090909e+00,1.704545454545454e-01,-6.550878045274110e-08,-1.066057604597265e-07
1.350852272727273e+00,1.704545454545454e-01,-5.763528363748670e-08,-9.446054419596954e-08
1.370738636363636e+00,1.704545454545454e-01,-4.985082324794375e-08,-8.199138691619896e-08
1.390625000000000e+00,1.704545454545454e-01,-4.213278835164343e-08,-6.926841460508130e-08
1.410511363636364e+00,1.704545454545454e-01,-3.444063522295230e-08,-5.645779688175060e-08
1.430397727272727e+00,1.704545454545454e-01,-2.677695641558555e-08,-4.357962767831919e-08
1.450284090909091e+00,1.704545454545454e-01,-1.911831961619969e-08,-3.083395529135874e-08
1.470170454545455e+00,1.704545454545454e-01,-1.146345073205910e-08,-1.820035598869726e-08
1.490056818181818e+00,1.704545454545454e-01,-3.821150244024029e-09,-6.066785329633618e-09
6.349431818181818e-01,1.931818181818182e-01,-5.497203927474027e-07,-5.550969215667983e-07
6.548295454545454e-01,1.931818181818182e-01,-5.325288809469320e-07,-5.126571509772355e-07
6.747159090909091e-01,1.931818181818182e-01,-5.152652152277529e-07,-4.736584038855314e-07
6.946022727272727e-01,1.931818181818182e-01,-4.977766741978517e-07,-4.372028068037118e-07
7.144886363636364e-01,1.931818181818182e-01,-4.798933481512414e-07,-4.048484303322884e-07
7.343750000000000e-01,1.931818181818182e-01,-4.616320573265962e-07,-3.779810003641744e-07
7.542613636363636e-01,1.931818181818182e-01,-4.432762728823126e-07,-3.539682289162678e-07
7.741477272727273e-01,1.931818181818182e-01,-4.249519766107231e-07,-3.349355922058128e-07
7.940340909090909e-01,1.931818181818182e-01,-4.069493344165252e-07,-3.192038685934374e-07
8.139204545454546e-01,1.931818181818182e-01,-3.891790355823621e-07,-3.055789281036629e-07
8.338068181818181e-01,1.931818181818182e-01,-3.721061432030431e-07,-2.955022402771263e-07
8.536931818181819e-01,1.931818181818182e-01,-3.554472653275130e-07,-2.867476383282380e-07
8.735795454545454e-01,1.931818181818182e-01,-3.392024019557723e-07,-2.793151222569984e-07
8.934659090909092e-01,1.931818181818182e-01,-3.237095521257133e-07,-2.734503528892673e-07
9.133522727272727e-01,1.931818181818182e-01,-3.085440109847962e-07,-2.680456590857389e-07
9.332386363636364e-01,1.931818181818182e-01,-2.938635005324089e-07,-2.632520286772895e-07
9.531250000000000e-01,1.931818181818182e-01,-2.797262668026322e-07,-2.587698525926080e-07
9.730113636363636e-01,1.931818181818182e-01,-2.658728740118615e-07,-2.543699507303894e-07
9.928977272727273e-01,1.931818181818182e-01,-2.525169546081696e-07,-2.499602666934333e-07
1.012784090909091e+00,1.931818181818182e-01,-2.395359789776104e-07,-2.453514863860437e-07
1.032670454545455e+00,1.931818181818182e-01,-2.268019813740232e-07,-2.405947864252941e-07
1.052556818181818e+00,1.931818181818182e-01,-2.145707708706727e-07,-2.353530484795509e-07
1.072443181818182e+00,1.931818181818182e-01,-2.025925899506971e-07,-2.297758011076648e-07
1.092329545454545e+00,1.931818181818182e-01,-1.908674386140968e-07,-2.238630443096360e-07
1.112215909090909e+00,1.931818181818182e-01,-1.795833122542078e-07,-2.172343362931324e-07
1.132102272727273e+00,1.931818181818182e-01,-1.684924521382539e-07,-2.102529251856271e-07
1.151988636363636e+00,1.931818181818182e-01,-1.576884062646076e-07,-2.027357802214919e-07
1.171875000000000e+00,1.931818181818182e-01,-1.472127331739606e-07,-1.945385537602340e-07
1.191761363636364e+00,1.931818181818182e-01,-1.369099202292166e-07,-1.859689385074406e-07
1.211647727272727e+00,1.931818181818182e-01,-1.269125550364506e-07,-1.767139791828069e-07
1.231534090909091e+00,1.931818181818182e-01,-1.171448812714826e-07,-1.669089786566978e-07
1.251420454545455e+00,1.931818181818182e-01,-1.075278459344909e-07,-1.567401477440979e-07
1.271306818181818e+00,1.931818181818182e-01,-9.821022762709361e-08,-1.458140415955518e-07
1.291193181818182e+00,1.931818181818182e-01,-8.903433544356112e-08,-1.345131085950663e-07
1.311079545454545e+00,1.931818181818182e-01,-8.000016938389295e-08,-1.228373487426411e-07
1.330965909090909e+00,1.931818181818182e-01,-7.118918225913783e-08,-1.105547035273273e-07
1.350852272727273e+00,1.931818181818182e-01,-6.246494708344098e-08,-9.803921538211731e-08
1.370738636363636e+00,1.931818181818182e-01,-5.386596371736853e-08,-8.518864024410922e-08
1.390625000000000e+00,1.931818181818182e-01,-4.538592413435023e-08,-7.206579309817372e-08
1.410511363636364e+00,1.931818181818182e-01,-3.696359873970875e-08,-5.884168534583982e-08
1.430397727272727e+00,1.931818181818182e-01,-2.863394825272817e-08,-4.551856071130589e-08
1.450284090909091e+00,1.931818181818182e-01,-2.037167383238722e-08,-3.228377438083368e-08
1.470170454545455e+00,1.931818181818182e-01,-1.215548666692011e-08,-1.912899667487755e-08
1.490056818181818e+00,1.931818181818182e-01,-4.051828889083243e-09,-6.376332224964444e-09
6.349431818181818e-01,2.159090909090909e-01,-5.835491190459386e-07,-5.555371366699291e-07
6.548295454545454e-01,2.159090909090909e-01,-5.681508543441162e-07,-5.117678721126083e-07
6.747159090909091e-01,2.159090909090909e-01,-5.526542727633155e-07,-4.727553638839951e-07
6.946022727272727e-01,2.159090909090909e-01,-5.366784843486453e-07,-4.366778332890200e-07
7.144886363636364e-01,2.159090909090909e-01,-5.198537367393297e-07,-4.052246346352342e-07
7.343750000000000e-01,2.159090909090909e-01,-5.020685238586510e-07,-3.792238290915574e-07
7.542613636363636e-01,2.159090909090909e-01,-4.838858166223557e-07,-3.559998190253673e-07
7.741477272727273e-01,2.159090909090909e-01,-4.652060953534959e-07,-3.375049992665187e-07
7.940340909090909e-01,2.159090909090909e-01,-4.464953297031231e-07,-3.221235733190851e-07
8.139204545454546e-01,2.159090909090909e-01,-4.277931970605040e-07,-3.087320213713696e-07
8.338068181818181e-01,2.159090909090909e-01,-4.094275029407225e-07,-2.987232094486624e-07
8.536931818181819e-01,2.159090909090909e-01,-3.913589388609906e-07,-2.899948485279558e-07
8.735795454545454e-01,2.159090909090909e-01,-3.735875048213084e-07,-2.825469386092503e-07
8.934659090909092e-01,2.159090909090909e-01,-3.564649944660997e-07,-2.766407371497687e-07
9.133522727272727e-01,2.159090909090909e-01,-3.396525827636189e-07,-2.711915914356340e-07
9.332386363636364e-01,2.159090909090909e-01,-3.233084976643515e-07,-2.663516787380003e-07
9.531250000000000e-01,2.159090909090909e-01,-3.075297810895450e-07,-2.618274032011773e-07
9.730113636363636e-01,2.159090909090909e-01,-2.920537523114191e-07,-2.573876401593497e-07
9.928977272727273e-01,2.159090909090909e-01,-2.771222102633277e-07,-2.529421191050286e-07
1.012784090909091e+00,2.159090909090909e-01,-2.626147592595569e-07,-2.482985110430014e-07
1.032670454545455e+00,2.159090909090909e-01,-2.483875414749897e-07,-2.435073492173647e-07
1.052556818181818e+00,2.159090909090909e-01,-2.347404757755340e-07,-2.382286168537924e-07
1.072443181818182e+00,2.159090909090909e-01,-2.213885015051956e-07,-2.326111092967439e-07
1.092329545454545e+00,2.159090909090909e-01,-2.083316186639749e-07,-2.266548265462193e-07
1.112215909090909e+00,2.159090909090909e-01,-1.957912967314301e-07,-2.199739263727911e-07
1.132102272727273e+00,2.159090909090909e-01,-1.834774174812808e-07,-2.129357320857764e-07
1.151988636363636e+00,2.159090909090909e-01,-1.714996112413190e-07,-2.053547400374771e-07
1.171875000000000e+00,2.159090909090909e-01,-1.599060171460387e-07,-1.970846042473801e-07
1.191761363636364e+00,2.159090909090909e-01,-1.485145436735105e-07,-1.884372289824387e-07
1.211647727272727e+00,2.159090909090909e-01,-1.374799670063923e-07,-1.790957860515331e-07
1.231534090909091e+00,2.159090909090909e-01,-1.267139950466239e-07,-1.691979246594575e-07
1.251420454545455e+00,2.159090909090909e-01,-1.161243438328983e-07,-1.589320924647727e-07
1.271306818181818e+00,2.159090909090909e-01,-1.058869394313142e-07,-1.479012176112850e-07
1.291193181818182e+00,2.159090909090909e-01,-9.581892705234759e-08,-1.364919624338131e-07
1.311079545454545e+00,2.159090909090909e-01,-8.592030669599788e-08,-1.247043269323565e-07
1.330965909090909e+00,2.159090909090909e-01,-7.629752359080967e-08,-1.123029947581289e-07
1.350852272727273e+00,2.159090909090909e-01,-6.678758680024926e-08,-9.966439089768554e-08
1.370738636363636e+00,2.159090909090909e-01,-5.744258052585790e-08,-8.668367138751415e-08
1.390625000000000e+00,2.159090909090909e-01,-4.827183648121820e-08,-7.341469430448790e-08
1.410511363636364e+00,2.159090909090909e-01,-3.919133990018825e-08,-6.003203199098715e-08
1.430397727272727e+00,2.159090909090909e-01,-3.026748845597566e-08,-4.652078140526820e-08
1.450284090909091e+00,2.159090909090909e-01,-2.147024097834054e-08,-3.305743643160151e-08
1.470170454545455e+00,2.159090909090909e-01,-1.275910353193313e-08,-1.964499616095208e-08
1.490056818181818e+00,2.159090909090909e-01,-4.253034510649858e-09,-6.548332053596291e-09
6.349431818181818e-01,2.386363636363636e-01,-6.215339953383026e-07,-5.470346022237067e-07
6.548295454545454e-01,2.386363636363636e-01,-6.080400571133425e-07,-5.003037567860955e-07
6.747159090909091e-01,2.386363636363636e-01,-5.933760370941441e-07,-4.613727272040566e-07
6.946022727272727e-01,2.386363636363636e-01,-5.778644912262339e-07,-4.259652802051655e-07
7.144886363636364e-01,2.386363636363636e-01,-5.609894101559982e-07,-3.958203073528614e-07
7.343750000000000e-01,2.386363636363636e-01,-5.427735303547530e-07,-3.711456303825962e-07
7.542613636363636e-01,2.386363636363636e-01,-5.239778240215439e-07,-3.491880988252398e-07
7.741477272727273e-01,2.386363636363636e-01,-5.043968858021431e-07,-3.317231378998429e-07
7.940340909090909e-01,2.386363636363636e-01,-4.845934438598221e-07,-3.171590772903893e-07
8.139204545454546e-01,2.386363636363636e-01,-4.646765246529932e-07,-3.044485709644712e-07
8.338068181818181e-01,2.386363636363636e-01,-4.448913723397653e-07,-2.948833235982553e-07
8.536931818181819e-01,2.386363636363636e-01,-4.253350983555809e-07,-2.865150041051500e-07
8.735795454545454e-01,2.386363636363636e-01,-4.060077027004406e-07,-2.793436124851554e-07
8.934659090909092e-01,2.386363636363636e-01,-3.872727230703656e-07,-2.736229784117088e-07
9.133522727272727e-01,2.386363636363636e-01,-3.688427147143493e-07,-2.683335971581900e-07
9.332386363636364e-01,2.386363636363636e-01,-3.508796278173984e-07,-2.636195968587116e-07
9.531250000000000e-01,2.386363636363636e-01,-3.335120994534962e-07,-2.592010438085227e-07
9.730113636363636e-01,2.386363636363636e-01,-3.164691671566439e-07,-2.548592098163414e-07
9.928977272727273e-01,2.386363636363636e-01,-3.000208619059262e-07,-2.505032317875658e-07
1.012784090909091e+00,2.386363636363636e-01,-2.840466384043583e-07,-2.459473885901676e-07
1.032670454545455e+00,2.386363636363636e-01,-2.683863999389613e-07,-2.412430891125002e-07
1.052556818181818e+00,2.386363636363636e-01,-2.533840431999294e-07,-2.360523286536070e-07
1.072443181818182e+00,2.386363636363636e-01,-2.387189642169820e-07,-2.305243624944828e-07
1.092329545454545e+00,2.386363636363636e-01,-2.243911629901194e-07,-2.246591906351276e-07
1.112215909090909e+00,2.386363636363636e-01,-2.106558523549103e-07,-2.180732824553986e-07
1.132102272727273e+00,2.386363636363636e-01,-1.971804519571711e-07,-2.111321355955745e-07
1.151988636363636e+00,2.386363636363636e-01,-1.840908528280331e-07,-2.036513533713233e-07
1.171875000000000e+00,2.386363636363636e-01,-1.714421790136744e-07,-1.954858586416394e-07
1.191761363636364e+00,2.386363636363636e-01,-1.590254604520110e-07,-1.869457050724538e-07
1.211647727272727e+00,2.386363636363636e-01,-1.470183191687846e-07,-1.777165149305282e-07
1.231534090909091e+00,2.386363636363636e-01,-1.353200421575076e-07,-1.679354598723943e-07
1.251420454545455e+00,2.386363636363636e-01,-1.238247048807294e-07,-1.577894879391391e-07
1.271306818181818e+00,2.386363636363636e-01,-1.127368977439119e-07,-1.468852876908143e-07
1.291193181818182e+00,2.386363636363636e-01,-1.018476757712908e-07,-1.356059759687402e-07
1.311079545454545e+00,2.386363636363636e-01,-9.115703896286546e-08,-1.239515527729165e-07
1.330965909090909e+00,2.386363636363636e-01,-8.079768807910529e-08,-1.116868451659315e-07
1.350852272727273e+00,2.386363636363636e-01,-7.057823125845877e-08,-9.918418927511632e-08
1.370738636363636e+00,2.386363636363636e-01,-6.056471339261674e-08,-8.633772739187531e-08
1.390625000000000e+00,2.386363636363636e-01,-5.078070487112531e-08,-7.319211327791013e-08
1.410511363636364e+00,2.386363636363636e-01,-4.111876527524726e-08,-5.992320007265430e-08
1.430397727272727e+00,2.386363636363636e-01,-3.167490239560105e-08,-4.650134243005695e-08
1.450284090909091e+00,2.386363636363636e-01,-2.241272540733618e-08,-3.309292084817097e-08
1.470170454545455e+00,2.386363636363636e-01,-1.327377482300425e-08,-1.971057610405110e-08
1.490056818181818e+00,2.386363636363636e-01,-4.424591607603206e-09,-6.570192034643916e-09
6.349431818181818e-01,2.613636363636364e-01,-6.663765310986782e-07,-5.315775460696719e-07
6.548295454545454e-01,2.613636363636364e-01,-6.528232913340065e-07,-4.818211926428079e-07
6.747159090909091e-01,2.613636363636364e-01,-6.374713483580370e-07,-4.433536312083373e-07
6.946022727272727e-01,2.613636363636364e-01,-6.211047306387376e-07,-4.089889167851342e-07
7.144886363636364e-01,2.613636363636364e-01,-6.031607495953162e-07,-3.804462634755733e-07
7.343750000000000e-01,2.613636363636364e-01,-5.837653735729870e-07,-3.573571811262723e-07
7.542613636363636e-01,2.613636363636364e-01,-5.637352881556188e-07,-3.369151637960129e-07
7.741477272727273e-01,2.613636363636364e-01,-5.428293299353480e-07,-3.207254805753131e-07
7.940340909090909e-01,2.613636363636364e-01,-5.216270635139950e-07,-3.072154082203164e-07
8.139204545454546e-01,2.613636363636364e-01,-5.002635057588769e-07,-2.954156057265121e-07
8.338068181818181e-01,2.613636363636364e-01,-4.789431643392998e-07,-2.864965662870161e-07
8.536931818181819e-01,2.613636363636364e-01,-4.578228091725328e-07,-2.786729704618253e-07
8.735795454545454e-01,2.613636363636364e-01,-4.369024402585768e-07,-2.719448182509401e-07
8.934659090909092e-01,2.613636363636364e-01,-4.165605702734937e-07,-2.665455377871855e-07
9.133522727272727e-01,2.613636363636364e-01,-3.965307333773869e-07,-2.615401421195293e-07
9.332386363636364e-01,2.613636363636364e-01,-3.769824561897470e-07,-2.570597414583241e-07
9.531250000000000e-01,2.613636363636364e-01,-3.580698570623156e-07,-2.528412876732953e-07
9.730113636363636e-01,2.613636363636364e-01,-3.395077100096733e-07,-2.486862131964129e-07
9.928977272727273e-01,2.613636363636364e-01,-3.215948758377151e-07,-2.445015826398911e-07
1.012784090909091e+00,2.613636363636364e-01,-3.042075135631722e-07,-2.401137534520541e-07
1.032670454545455e+00,2.613636363636364e-01,-2.871686944056083e-07,-2.355758841499064e-07
1.052556818181818e+00,2.613636363636364e-01,-2.708658609541107e-07,-2.305550390323311e-07
1.072443181818182e+00,2.613636363636364e-01,-2.549423074432326e-07,-2.252016431486510e-07
1.092329545454545e+00,2.613636363636364e-01,-2.393980338729742e-07,-2.195156964988660e-07
1.112215909090909e+00,2.613636363636364e-01,-2.245216191342307e-07,-2.131209340961789e-07
1.132102272727273e+00,2.613636363636364e-01,-2.099383401464424e-07,-2.063772634134954e-07
1.151988636363636e+00,2.613636363636364e-01,-1.957902327490864e-07,-1.991037015464511e-07
1.171875000000000e+00,2.613636363636364e-01,-1.821394848258306e-07,-1.911585663611258e-07
1.191761363636364e+00,2.613636363636364e-01,-1.687504355044809e-07,-1.828461516153514e-07
1.211647727272727e+00,2.613636363636364e-01,-1.558235882493531e-07,-1.738586184662119e-07
1.231534090909091e+00,2.613636363636364e-01,-1.432460197610793e-07,-1.643308458428601e-07
1.251420454545455e+00,2.613636363636364e-01,-1.308981323699406e-07,-1.544458685725764e-07
1.271306818181818e+00,2.613636363636364e-01,-1.190135303698355e-07,-1.438189604281580e-07
1.291193181818182e+00,2.613636363636364e-01,-1.073570134409101e-07,-1.328247240793854e-07
1.311079545454545e+00,2.613636363636364e-01,-9.592858158316391e-08,-1.214631595262582e-07
1.330965909090909e+00,2.613636363636364e-01,-8.488724478767113e-08,-1.095017963455877e-07
1.350852272727273e+00,2.613636363636364e-01,-7.401275502761650e-08,-9.730460072740598e-08
1.370738636363636e+00,2.613636363636364e-01,-6.338499215349987e-08,-8.476595576244021e-08
1.390625000000000e+00,2.613636363636364e-01,-5.304069267820985e-08,-7.192160178154709e-08
1.410511363636364e+00,2.613636363636364e-01,-4.284921694055226e-08,-5.894674559104225e-08
1.430397727272727e+00,2.613636363636364e-01,-3.293463150872028e-08,-4.579909031455493e-08
1.450284090909091e+00,2.613636363636364e-01,-2.325363956697086e-08,-3.263491017377910e-08
1.470170454545455e+00,2.613636363636364e-01,-1.373080382657915e-08,-1.947511734277548e-08
1.490056818181818e+00,2.613636363636364e-01,-4.576934608798387e-09,-6.491705780896555e-09
6.349431818181818e-01,2.840909090909091e-01,-7.185563569342036e-07,-5.089834138599931e-07
6.548295454545454e-01,2.840909090909091e-01,-7.025686761145846e-07,-4.567349472085048e-07
6.747159090909091e-01,2.840909090909091e-01,-6.848647551311449e-07,-4.192086659042958e-07
6.946022727272727e-01,2.840909090909091e-01,-6.662452225589875e-07,-3.862864755317906e-07
7.144886363636364e-01,2.840909090909091e-01,-6.462152223805905e-07,-3.596131924036524e-07
7.343750000000000e-01,2.840909090909091e-01,-6.249095514431114e-07,-3.383273673322824e-07
7.542613636363636e-01,2.840909090909091e-01,-6.030448298519498e-07,-3.196033910034034e-07
7.741477272727273e-01,2.840909090909091e-01,-5.804059266230351e-07,-3.048854020068904e-07
7.940340909090909e-01,2.840909090909091e-01,-5.575085012098813e-07,-2.926212015830114e-07
8.139204545454546e-01,2.840909090909091e-01,-5.344725385271247e-07,-2.819201615535860e-07
8.338068181818181e-01,2.840909090909091e-01,-5.115026960034787e-07,-2.738184002941465e-07
8.536931818181819e-01,2.840909090909091e-01,-4.887429283538368e-07,-2.666977652004538e-07
8.735795454545454e-01,2.840909090909091e-01,-4.661932355781999e-07,-2.605582562725082e-07
8.934659090909092e-01,2.840909090909091e-01,-4.442519576773146e-07,-2.556018764826797e-07
9.133522727272727e-01,2.840909090909091e-01,-4.226426682402646e-07,-2.509927403714306e-07
9.332386363636364e-01,2.840909090909091e-01,-4.015467159785368e-07,-2.468448250009617e-07
9.531250000000000e-01,2.840909090909091e-01,-3.811375247373093e-07,-2.429142648313259e-07
9.730113636363636e-01,2.840909090909091e-01,-3.611090304993872e-07,-2.390291114138985e-07
9.928977272727273e-01,2.840909090909091e-01,-3.417896642530843e-07,-2.350930942204011e-07
1.012784090909091e+00,2.840909090909091e-01,-3.230487117404429e-07,-2.309493584171833e-07
1.032670454545455e+00,2.840909090909091e-01,-3.046917419317178e-07,-2.266535262482563e-07
1.052556818181818e+00,2.840909090909091e-01,-2.871491147530220e-07,-2.218806312842030e-07
1.072443181818182e+00,2.840909090909091e-01,-2.700274030421938e-07,-2.167828039345535e-07
1.092329545454545e+00,2.840909090909091e-01,-2.533266067992337e-07,-2.113600441993079e-07
1.112215909090909e+00,2.840909090909091e-01,-2.373680145123067e-07,-2.052480444584457e-07
1.132102272727273e+00,2.840909090909091e-01,-2.217353051732607e-07,-1.987975313579069e-07
1.151988636363636e+00,2.840909090909091e-01,-2.065864184387955e-07,-1.918331274414966e-07
1.171875000000000e+00,2.840909090909091e-01,-1.919905819373547e-07,-1.842185640880784e-07
1.191761363636364e+00,2.840909090909091e-01,-1.776858388326699e-07,-1.762486606628223e-07
1.211647727272727e+00,2.840909090909091e-01,-1.638953879497320e-07,-1.676260030778356e-07
1.231534090909091e+00,2.840909090909091e-01,-1.504943755336293e-07,-1.584814590320645e-07
1.251420454545455e+00,2.840909090909091e-01,-1.373496313460843e-07,-1.489918564570846e-07
1.271306818181818e+00,2.840909090909091e-01,-1.247237629804247e-07,-1.387856729969446e-07
1.291193181818182e+00,2.840909090909091e-01,-1.123554105503890e-07,-1.282242945267107e-07
1.311079545454545e+00,2.840909090909091e-01,-1.002445740559766e-07,-1.173077210463826e-07
1.330965909090909e+00,2.840909090909091e-01,-8.857625310451245e-08,-1.058087917524815e-07
1.350852272727273e+00,2.840909090909091e-01,-7.710129390352293e-08,-9.407897142154991e-08
1.370738636363636e+00,2.840909090909091e-01,-6.591311447051776e-08,-8.201418110584263e-08
1.390625000000000e+00,2.840909090909091e-01,-5.506052753516606e-08,-6.964170629773309e-08
1.410511363636364e+00,2.840909090909091e-01,-4.439021334073154e-08,-5.713407206564874e-08
1.430397727272727e+00,2.840909090909091e-01,-3.405264003200648e-08,-4.443853777139242e-08
1.450284090909091e+00,2.840909090909091e-01,-2.399728624235358e-08,-3.170106944613469e-08
1.470170454545455e+00,2.840909090909091e-01,-1.413277228702173e-08,-1.894943366774512e-08
1.490056818181818e+00,2.840909090909091e-01,-4.710924095677190e-09,-6.316477889209339e-09
6.349431818181818e-01,3.068181818181818e-01,-7.782497470135248e-07,-4.761686516661359e-07
6.548295454545454e-01,3.068181818181818e-01,-7.570581240265413e-07,-4.239772379926319e-07
6.747159090909091e-01,3.068181818181818e-01,-7.350627087325734e-07,-3.881582339740625e-07
6.946022727272727e-01,3.068181818181818e-01,-7.125920510158495e-07,-3.571605822293380e-07
7.144886363636364e-01,3.068181818181818e-01,-6.893772512575928e-07,-3.325744155483896e-07
7.343750000000000e-01,3.068181818181818e-01,-6.653807547855886e-07,-3.132587281698258e-07
7.542613636363636e-01,3.068181818181818e-01,-6.410431809990091e-07,-2.964049473615859e-07
7.741477272727273e-01,3.068181818181818e-01,-6.162366871060677e-07,-2.833076780088155e-07
7.940340909090909e-01,3.068181818181818e-01,-5.913282455855471e-07,-2.724432425103779e-07
8.139204545454546e-01,3.068181818181818e-01,-5.663795244525052e-07,-2.629974249787096e-07
8.338068181818181e-01,3.068181818181818e-01,-5.416434567780889e-07,-2.558676187337484e-07
8.536931818181819e-01,3.068181818181818e-01,-5.171735327901866e-07,-2.495986285338641e-07
8.735795454545454e-01,3.068181818181818e-01,-4.929697524887985e-07,-2.441904543790566e-07
8.934659090909092e-01,3.068181818181818e-01,-4.694595825578275e-07,-2.398043006249779e-07
9.133522727272727e-01,3.068181818181818e-01,-4.463183696877789e-07,-2.357120103584437e-07
9.332386363636364e-01,3.068181818181818e-01,-4.237452411684095e-07,-2.320071638524657e-07
9.531250000000000e-01,3.068181818181818e-01,-4.019252922384826e-07,-2.284662422389475e-07
9.730113636363636e-01,3.068181818181818e-01,-3.805224349369264e-07,-2.249491176597546e-07
9.928977272727273e-01,3.068181818181818e-01,-3.598957340166201e-07,-2.213553239806284e-07
1.012784090909091e+00,3.068181818181818e-01,-3.399022978116768e-07,-2.175490857921784e-07
1.032670454545455e+00,3.068181818181818e-01,-3.203293072183418e-07,-2.135888888803822e-07
1.052556818181818e+00,3.068181818181818e-01,-3.016485310760747e-07,-2.091615500213153e-07
1.072443181818182e+00,3.068181818181818e-01,-2.834291528061668e-07,-2.044208784562509e-07
1.092329545454545e+00,3.068181818181818e-01,-2.656711724086185e-07,-1.993668741851891e-07
1.112215909090909e+00,3.068181818181818e-01,-2.487269031370486e-07,-1.936530629668578e-07
1.132102272727273e+00,3.068181818181818e-01,-2.321399012021056e-07,-1.876163066405404e-07
1.151988636363636e+00,3.068181818181818e-01,-2.160833127787243e-07,-1.810896070048544e-07
1.171875000000000e+00,3.068181818181818e-01,-2.006330884283672e-07,-1.739446224978186e-07
1.191761363636364e+00,3.068181818181818e-01,-1.855021255073111e-07,-1.664619996871459e-07
1.211647727272727e+00,3.068181818181818e-01,-1.709354237540010e-07,-1.583596546344884e-07
1.231534090909091e+00,3.068181818181818e-01,-1.567967983759543e-07,-1.497622966599138e-07
1.251420454545455e+00,3.068181818181818e-01,-1.429400287905170e-07,-1.408376497392861e-07
1.271306818181818e+00,3.068181818181818e-01,-1.296557217987684e-07,-1.312333398449264e-07
1.291193181818182e+00,3.068181818181818e-01,-1.166572581943083e-07,-1.212916389969513e-07
1.311079545454545e+00,3.068181818181818e-01,-1.039446379771360e-07,-1.110125471953604e-07
1.330965909090909e+00,3.068181818181818e-01,-9.172750029401458e-08,-1.001779505240621e-07
1.350852272727273e+00,3.068181818181818e-01,-7.972878809143327e-08,-8.912138814652431e-08
1.370738636363636e+00,3.068181818181818e-01,-6.805463647987830e-08,-7.774220355663788e-08
1.390625000000000e+00,3.068181818181818e-01,-5.676441186402097e-08,-6.606015395736703e-08
1.410511363636364e+00,3.068181818181818e-01,-4.568352306788843e-08,-5.424204461325943e-08
1.430397727272727e+00,3.068181818181818e-01,-3.498627194838239e-08,-4.222791454746809e-08
1.450284090909091e+00,3.068181818181818e-01,-2.461496969654162e-08,-3.015270634825350e-08
1.470170454545455e+00,3.068181818181818e-01,-1.446386738406978e-08,-1.804902698407868e-08
1.490056818181818e+00,3.068181818181818e-01,-4.821289128035255e-09,-6.016342327923799e-09
6.349431818181818e-01,3.295454545454545e-01,-8.337964430425398e-07,-4.338611853776967e-07
6.548295454545454e-01,3.295454545454545e-01,-8.087118702168185e-07,-3.854391947033493e-07
6.747159090909091e-01,3.295454545454545e-01,-7.828535234856051e-07,-3.521783624512343e-07
6.946022727272727e-01,3.295454545454545e-01,-7.567522402446501e-07,-3.235882989498416e-07
7.144886363636364e-01,3.295454545454545e-01,-7.303208092115366e-07,-3.013063818797478e-07
7.343750000000000e-01,3.295454545454545e-01,-7.035391721591292e-07,-2.840764397109939e-07
7.542613636363636e-01,3.295454545454545e-01,-6.766218202705503e-07,-2.691753381720722e-07
7.741477272727273e-01,3.295454545454545e-01,-6.495570533353028e-07,-2.577613440411948e-07
7.940340909090909e-01,3.295454545454545e-01,-6.225772710977874e-07,-2.483601029263430e-07
8.139204545454546e-01,3.295454545454545e-01,-5.956758341268374e-07,-2.402337867689001e-07
8.338068181818181e-01,3.295454545454545e-01,-5.691791072487305e-07,-2.341449454975883e-07
8.536931818181819e-01,3.295454545454545e-01,-5.430250186043013e-07,-2.287974365851620e-07
8.735795454545454e-01,3.295454545454545e-01,-5.172135681935505e-07,-2.241912600316215e-07
8.934659090909092e-01,3.295454545454545e-01,-4.922083735050671e-07,-2.204443972393988e-07
9.133522727272727e-01,3.295454545454545e-01,-4.676179136153097e-07,-2.169368338188089e-07
9.332386363636364e-01,3.295454545454545e-01,-4.436623409555600e-07,-2.137410273617447e-07
9.531250000000000e-01,3.295454545454545e-01,-4.205342593548595e-07,-2.106539948649907e-07
9.730113636363636e-01,3.295454545454545e-01,-3.978626278533284e-07,-2.075686429026722e-07
9.928977272727273e-01,3.295454545454545e-01,-3.760371556563695e-07,-2.043806789396399e-07
1.012784090909091e+00,3.295454545454545e-01,-3.548995945495998e-07,-2.009770253655439e-07
1.032670454545455e+00,3.295454545454545e-01,-3.342186303617723e-07,-1.974187104953582e-07
1.052556818181818e+00,3.295454545454545e-01,-3.145051793577187e-07,-1.934075570781314e-07
1.072443181818182e+00,3.295454545454545e-01,-2.952915765276588e-07,-1.890980626422524e-07
1.092329545454545e+00,3.295454545454545e-01,-2.765778218715932e-07,-1.844902271877215e-07
1.112215909090909e+00,3.295454545454545e-01,-2.587450177560559e-07,-1.792597909269254e-07
1.132102272727273e+00,3.295454545454545e-01,-2.412988722827891e-07,-1.737259514069907e-07
1.151988636363636e+00,3.295454545454545e-01,-2.244267345984587e-07,-1.677321922860889e-07
1.171875000000000e+00,3.295454545454545e-01,-2.082107618465521e-07,-1.611599180828712e-07
1.191761363636364e+00,3.295454545454545e-01,-1.923403652395290e-07,-1.542720481282812e-07
1.211647727272727e+00,3.295454545454545e-01,-1.770809162313218e-07,-1.468055088343090e-07
1.231534090909091e+00,3.295454545454545e-01,-1.622856744698121e-07,-1.388772570193766e-07
1.251420454545455e+00,3.295454545454545e-01,-1.477962163369021e-07,-1.306437349606778e-07
1.271306818181818e+00,3.295454545454545e-01,-1.339293374829753e-07,-1.217762901621772e-07
1.291193181818182e+00,3.295454545454545e-01,-1.203747422727947e-07,-1.125936758101107e-07
1.311079545454545e+00,3.295454545454545e-01,-1.071324307063596e-07,-1.030958919044779e-07
1.330965909090909e+00,3.295454545454545e-01,-9.443478771441731e-08,-9.307701901739046e-08
1.350852272727273e+00,3.295454545454545e-01,-8.197868553916211e-08,-8.284840376132333e-08
1.370738636363636e+00,3.295454545454545e-01,-6.988194118516753e-08,-7.231440302314011e-08
1.390625000000000e+00,3.295454545454545e-01,-5.821319771465068e-08,-6.148813452671638e-08
1.410511363636364e+00,3.295454545454545e-01,-4.677834498589931e-08,-5.052807750417539e-08
1.430397727272727e+00,3.295454545454545e-01,-3.577309076014355e-08,-3.936973031077817e-08
1.450284090909091e+00,3.295454545454545e-01,-2.513298482946758e-08,-2.813616797207267e-08
1.470170454545455e+00,3.295454545454545e-01,-1.473938131670501e-08,-1.686319232126381e-08
1.490056818181818e+00,3.295454545454545e-01,-4.913127105686433e-09,-5.621064107006059e-09
6.349431818181818e-01,3.522727272727273e-01,-8.832646444773273e-07,-3.844166327648875e-07
6.548295454545454e-01,3.522727272727273e-01,-8.556706609274649e-07,-3.418891740127885e-07
6.747159090909091e-01,3.522727272727273e-01,-8.267551072536420e-07,-3.120622272767944e-07
6.946022727272727e-01,3.522727272727273e-01,-7.976179748257171e-07,-2.864818788752729e-07
7.144886363636364e-01,3.522727272727273e-01,-7.682649872729569e-07,-2.667868750428028e-07
7.343750000000000e-01,3.522727272727273e-01,-7.388580710866062e-07,-2.517907536741351e-07
7.542613636363636e-01,3.522727272727273e-01,-7.094718072729564e-07,-2.389420930747993e-07
7.741477272727273e-01,3.522727272727273e-01,-6.802151974594653e-07,-2.292685728325449e-07
7.940340909090909e-01,3.522727272727273e-01,-6.512249474155524e-07,-2.213789368766774e-07
8.139204545454546e-01,3.522727272727273e-01,-6.224292648106615e-07,-2.146155588289419e-07
8.338068181818181e-01,3.522727272727273e-01,-5.942392494661026e-07,-2.096099248519035e-07
8.536931818181819e-01,3.522727272727273e-01,-5.664752739434920e-07,-2.052266200563378e-07
8.735795454545454e-01,3.522727272727273e-01,-5.391373382428303e-07,-2.014656444422448e-07
8.934659090909092e-01,3.522727272727273e-01,-5.127291926352009e-07,-1.984016843848596e-07
9.133522727272727e-01,3.522727272727273e-01,-4.867850725373433e-07,-1.955224879545927e-07
9.332386363636364e-01,3.522727272727273e-01,-4.615474581903466e-07,-1.928793562068252e-07
9.531250000000000e-01,3.522727272727273e-01,-4.372141840119662e-07,-1.902901271606855e-07
9.730113636363636e-01,3.522727272727273e-01,-4.133773721575793e-07,-1.876808421111897e-07
9.928977272727273e-01,3.522727272727273e-01,-3.904565819892196e-07,-1.849441156810937e-07
1.012784090909091e+00,3.522727272727273e-01,-3.682767154027942e-07,-1.819902752823174e-07
1.032670454545455e+00,3.522727272727273e-01,-3.465884051856749e-07,-1.788823891317872e-07
1.052556818181818e+00,3.522727272727273e-01,-3.259392130111241e-07,-1.753399535378148e-07
1.072443181818182e+00,3.522727272727273e-01,-3.058259656308569e-07,-1.715169644223547e-07
1.092329545454545e+00,3.522727272727273e-01,-2.862486630448736e-07,-1.674134217854071e-07
1.112215909090909e+00,3.522727272727273e-01,-2.676149556589022e-07,-1.627306309440107e-07
1.132102272727273e+00,3.522727272727273e-01,-2.493952010062544e-07,-1.577670697631360e-07
1.151988636363636e+00,3.522727272727273e-01,-2.317899096305098e-07,-1.523783255687389e-07
1.171875000000000e+00,3.522727272727273e-01,-2.148869292427768e-07,-1.464569057756652e-07
1.191761363636364e+00,3.522727272727273e-01,-1.983539079232708e-07,-1.402452648896732e-07
1.211647727272727e+00,3.522727272727273e-01,-1.824750921992525e-07,-1.335021555949911e-07
1.231534090909091e+00,3.522727272727273e-01,-1.670939762752088e-07,-1.263355667848722e-07
1.251420454545455e+00,3.522727272727273e-01,-1.520408243681317e-07,-1.188889904071039e-07
1.271306818181818e+00,3.522727272727273e-01,-1.376567061262483e-07,-1.108610388169358e-07
1.291193181818182e+00,3.522727272727273e-01,-1.236093419327461e-07,-1.025435795106190e-07
1.311079545454545e+00,3.522727272727273e-01,-1.098987317876245e-07,-9.393661248815323e-08
1.330965909090909e+00,3.522727272727273e-01,-9.677814511758181e-08,-8.484893760048866e-08
1.350852272727273e+00,3.522727272727273e-01,-8.392031186905747e-08,-7.556636976145958e-08
1.370738636363636e+00,3.522727272727273e-01,-7.145373922117803e-08,-6.599955416054012e-08
1.390625000000000e+00,3.522727272727273e-01,-5.945529417638999e-08,-5.615570233412467e-08
1.410511363636364e+00,3.522727272727273e-01,-4.771301825672979e-08,-4.618286907313369e-08
1.430397727272727e+00,3.522727272727273e-01,-3.644190152611361e-08,-3.601414011086181e-08
1.450284090909091e+00,3.522727272727273e-01,-2.557119540038756e-08,-2.575998422629777e-08
1.470170454545455e+00,3.522727272727273e-01,-1.497064161407386e-08,-1.545809866719814e-08
1.490056818181818e+00,3.522727272727273e-01,-4.990213871470806e-09,-5.152699555691503e-09
6.349431818181818e-01,3.750000000000000e-01,-9.249057405052385e-07,-3.283506607751191e-07
6.548295454545454e-01,3.750000000000000e-01,-8.963799156841038e-07,-2.931971543608809e-07
6.747159090909091e-01,3.750000000000000e-01,-8.655119387402413e-07,-2.677908969011101e-07
6.946022727272727e-01,3.750000000000000e-01,-8.342077512317052e-07,-2.459554474628299e-07
7.144886363636364e-01,3.750000000000000e-01,-8.024426826929806e-07,-2.291978333772299e-07
7.343750000000000e-01,3.750000000000000e-01,-7.707293203644975e-07,-2.166180990607735e-07
7.542613636363636e-01,3.750000000000000e-01,-7.391183248687581e-07,-2.059423245466482e-07
7.741477272727273e-01,3.750000000000000e-01,-7.078309682161715e-07,-1.980698562052606e-07
7.940340909090909e-01,3.750000000000000e-01,-6.769652188888726e-07,-1.917372714461839e-07
8.139204545454546e-01,3.750000000000000e-01,-6.463949395386650e-07,-1.863735155803653e-07
8.338068181818181e-01,3.750000000000000e-01,-6.166208280968973e-07,-1.824831538991016e-07
8.536931818181819e-01,3.750000000000000e-01,-5.873563221701622e-07,-1.790964599395949e-07
8.735795454545454e-01,3.750000000000000e-01,-5.586014217584602e-07,-1.762134337018452e-07
8.934659090909092e-01,3.750000000000000e-01,-5.309027442553101e-07,-1.738666932642078e-07
9.133522727272727e-01,3.750000000000000e-01,-5.037183439613166e-07,-1.716508857308788e-07
9.332386363636364e-01,3.750000000000000e-01,-4.773133963949278e-07,-1.695965024683664e-07
9.531250000000000e-01,3.750000000000000e-01,-4.518894825618428e-07,-1.675425726733430e-07
9.730113636363636e-01,3.750000000000000e-01,-4.270014862866548e-07,-1.654477651528956e-07
9.928977272727273e-01,3.750000000000000e-01,-4.030974873237855e-07,-1.632026191717382e-07
1.012784090909091e+00,3.750000000000000e-01,-3.799848149666137e-07,-1.607411467723426e-07
1.032670454545455e+00,3.750000000000000e-01,-3.573968451121388e-07,-1.581277967023880e-07
1.052556818181818e+00,3.750000000000000e-01,-3.359148711960255e-07,-1.551023943802196e-07
1.072443181818182e+00,3.750000000000000e-01,-3.150021448382762e-07,-1.518170012680117e-07
1.092329545454545e+00,3.750000000000000e-01,-2.946586660388913e-07,-1.482716173657642e-07
1.112215909090909e+00,3.750000000000000e-01,-2.753161401491109e-07,-1.441962635829836e-07
1.132102272727273e+00,3.750000000000000e-01,-2.564124729944458e-07,-1.398657166110971e-07
1.151988636363636e+00,3.750000000000000e-01,-2.381601580831966e-07,-1.351492023438167e-07
1.171875000000000e+00,3.750000000000000e-01,-2.206521605317497e-07,-1.299515818839658e-07
1.191761363636364e+00,3.750000000000000e-01,-2.035363149386764e-07,-1.244922569532645e-07
1.211647727272727e+00,3.750000000000000e-01,-1.871140424998375e-07,-1.185544551553490e-07
1.231534090909091e+00,3.750000000000000e-01,-1.712199580156523e-07,-1.122360573761933e-07
1.251420454545455e+00,3.750000000000000e-01,-1.556740275952396e-07,-1.056660340401485e-07
1.271306818181818e+00,3.750000000000000e-01,-1.408394092202630e-07,-9.857362721794697e-08
1.291193181818182e+00,3.750000000000000e-01,-1.263637806537131e-07,-9.122065449953187e-08
1.311079545454545e+00,3.750000000000000e-01,-1.122471418955892e-07,-8.360711588490281e-08
1.330965909090909e+00,3.750000000000000e-01,-9.876159680818234e-08,-7.555898982112113e-08
1.350852272727273e+00,3.750000000000000e-01,-8.555792896933115e-08,-6.733336479836647e-08
1.370738636363636e+00,3.750000000000000e-01,-7.277425797731913e-08,-5.884841529626603e-08
1.390625000000000e+00,3.750000000000000e-01,-6.049462970010372e-08,-5.010617503290047e-08
1.410511363636364e+00,3.750000000000000e-01,-4.849104812067405e-08,-4.124222491477077e-08
1.430397727272727e+00,3.750000000000000e-01,-3.699559505166218e-08,-3.218929609043783e-08
1.450284090909091e+00,3.750000000000000e-01,-2.593176965755428e-08,-2.304448890803261e-08
1.470170454545455e+00,3.750000000000000e-01,-1.515902427733918e-08,-1.384614446057474e-08
1.490056818181818e+00,3.750000000000000e-01,-5.053008092314332e-09,-4.615381486844595e-09
6.349431818181818e-01,3.977272727272727e-01,-9.558119943727346e-07,-2.644056216790745e-07
6.548295454545454e-01,3.977272727272727e-01,-9.264357038662206e-07,-2.371327915397121e-07
6.747159090909091e-01,3.977272727272727e-01,-8.944006713076522e-07,-2.173545641163161e-07
6.946022727272727e-01,3.977272727272727e-01,-8.617988469095508e-07,-2.003152760517869e-07
7.144886363636364e-01,3.977272727272727e-01,-8.285449307151893e-07,-1.871683646110074e-07
7.343750000000000e-01,3.977272727272727e-01,-7.952660304150909e-07,-1.774050194980183e-07
7.542613636363636e-01,3.977272727272727e-01,-7.620811914971198e-07,-1.691905008457503e-07
7.741477272727273e-01,3.977272727272727e-01,-7.292662284193532e-07,-1.632714462216685e-07
7.940340909090909e-01,3.977272727272727e-01,-6.969532507073984e-07,-1.585980259040210e-07
8.139204545454546e-01,3.977272727272727e-01,-6.649902894311253e-07,-1.547058994373887e-07
8.338068181818181e-01,3.977272727272727e-01,-6.339520919545164e-07,-1.519743452652602e-07
8.536931818181819e-01,3.977272727272727e-01,-6.034879427136799e-07,-1.496232838792153e-07
8.735795454545454e-01,3.977272727272727e-01,-5.735978417086164e-07,-1.476527152792540e-07
8.934659090909092e-01,3.977272727272727e-01,-5.448684180411554e-07,-1.460576521480130e-07
9.133522727272727e-01,3.977272727272727e-01,-5.166957621309482e-07,-1.445408802279448e-07
9.332386363636364e-01,3.977272727272727e-01,-4.893645790139748e-07,-1.431130394230879e-07
9.531250000000000e-01,3.977272727272727e-01,-4.630798289011004e-07,-1.416358950182488e-07
9.730113636363636e-01,3.977272727272727e-01,-4.373644701483822e-07,-1.400992481187442e-07
9.928977272727273e-01,3.977272727272727e-01,-4.126904467121383e-07,-1.383937290054480e-07
1.012784090909091e+00,3.977272727272727e-01,-3.888496097608151e-07,-1.364767951132727e-07
1.032670454545455e+00,3.977272727272727e-01,-3.655609415513015e-07,-1.344129675356047e-07
1.052556818181818e+00,3.977272727272727e-01,-3.434330090386685e-07,-1.319664065606589e-07
1.072443181818182e+00,3.977272727272727e-01,-3.219012817687085e-07,-1.292845450062678e-07
1.092329545454545e+00,3.977272727272727e-01,-3.009657597414220e-07,-1.263673828724315e-07
1.112215909090909e+00,3.977272727272727e-01,-2.810772884676884e-07,-1.229779143878325e-07
1.132102272727273e+00,3.977272727272727e-01,-2.616476310818880e-07,-1.193629005836372e-07
1.151988636363636e+00,3.977272727272727e-01,-2.428988624361827e-07,-1.154073014681205e-07
1.171875000000000e+00,3.977272727272727e-01,-2.249280056363193e-07,-1.110299451138483e-07
1.191761363636364e+00,3.977272727272727e-01,-2.073670531778889e-07,-1.064236563558372e-07
1.211647727272727e+00,3.977272727272727e-01,-1.905311714588713e-07,-1.013997060228721e-07
1.231534090909091e+00,3.977272727272727e-01,-1.742478951218409e-07,-9.604433876201614e-08
1.251420454545455e+00,3.977272727272727e-01,-1.583289439494281e-07,-9.046988172592908e-08
1.271306818181818e+00,3.977272727272727e-01,-1.431551810471388e-07,-8.444082431327109e-08
1.291193181818182e+00,3.977272727272727e-01,-1.283582071290789e-07,-7.818467395863061e-08
1.311079545454545e+00,3.977272727272727e-01,-1.139380221952476e-07,-7.170143066200735e-08
1.330965909090909e+00,3.977272727272727e-01,-1.001817076013761e-07,-6.483776908864935e-08
1.350852272727273e+00,3.977272727272727e-01,-8.672246911874905e-08,-5.781760984680473e-08
1.370738636363636e+00,3.977272727272727e-01,-7.370604712775178e-08,-5.056842810153961e-08
1.390625000000000e+00,3.977272727272727e-01,-6.122201212779976e-08,-4.308814939592097e-08
1.410511363636364e+00,3.977272727272727e-01,-4.902966137221022e-08,-3.549694278374205e-08
1.430397727272727e+00,3.977272727272727e-01,-3.737443252157128e-08,-2.773009747452904e-08
1.450284090909091e+00,3.977272727272727e-01,-2.617518521060180e-08,-1.987018023658968e-08
1.470170454545455e+00,3.977272727272727e-01,-1.528333485780842e-08,-1.195441452730915e-08
1.490056818181818e+00,3.977272727272727e-01,-5.094444952582043e-09,-3.984804842507301e-09
6.349431818181818e-01,4.204545454545455e-01,-9.797615437405771e-07,-1.967684904264734e-07
6.548295454545454e-01,4.204545454545455e-01,-9.495256905819281e-07,-1.778219209605758e-07
6.747159090909091e-01,4.204545454545455e-01,-9.166840264190157e-07,-1.639358210442083e-07
6.946022727272727e-01,4.204545454545455e-01,-8.832108270461461e-07,-1.519687268185321e-07
7.144886363636364e-01,4.204545454545455e-01,-8.489616688959439e-07,-1.427551624369345e-07
7.343750000000000e-01,4.204545454545455e-01,-8.145732788403574e-07,-1.360414930431292e-07
7.542613636363636e-01,4.204545454545455e-01,-7.802445363819648e-07,-1.304766185272910e-07
7.741477272727273e-01,4.204545454545455e-01,-7.462737336853332e-07,-1.266240969095398e-07
7.940340909090909e-01,4.204545454545455e-01,-7.128444718697430e-07,-1.236871266012720e-07
8.139204545454546e-01,4.204545454545455e-01,-6.797936835128025e-07,-1.213220600556335e-07
8.338068181818181e-01,4.204545454545455e-01,-6.477519215330073e-07,-1.197794274112412e-07
8.536931818181819e-01,4.204545454545455e-01,-6.163313158065421e-07,-1.184885327957055e-07
8.735795454545454e-01,4.204545454545455e-01,-5.855318663334079e-07,-1.174493762090265e-07
8.934659090909092e-01,4.204545454545455e-01,-5.559738428560813e-07,-1.166221162649011e-07
9.133522727272727e-01,4.204545454545455e-01,-5.270062458479724e-07,-1.158205472069497e-07
9.332386363636364e-01,4.204545454545455e-01,-4.989295267311885e-07,-1.150358822089886e-07
9.531250000000000e-01,4.204545454545455e-01,-4.719521188723458e-07,-1.141540444428131e-07
9.730113636363636e-01,4.204545454545455e-01,-4.455712434834390e-07,-1.131952796453620e-07
9.928977272727273e-01,4.204545454545455e-01,-4.202783425596893e-07,-1.120516218347820e-07
1.012784090909091e+00,4.204545454545455e-01,-3.958527248475806e-07,-1.107038259227060e-07
1.032670454545455e+00,4.204545454545455e-01,-3.720016471058003e-07,-1.092157244390156e-07
1.052556818181818e+00,4.204545454545455e-01,-3.493558768942205e-07,-1.073779812573637e-07
1.072443181818182e+00,4.204545454545455e-01,-3.273282508512877e-07,-1.053318295021213e-07
1.092329545454545e+00,4.204545454545455e-01,-3.059187689770024e-07,-1.030772691732884e-07
1.112215909090909e+00,4.204545454545455e-01,-2.855938549183039e-07,-1.004124210070342e-07
1.132102272727273e+00,4.204545454545455e-01,-2.657440056933527e-07,-9.755375971627667e-08
1.151988636363636e+00,4.204545454545455e-01,-2.465991022408340e-07,-9.440304388659481e-08
1.171875000000000e+00,4.204545454545455e-01,-2.282595117428174e-07,-9.089385719577997e-08
1.191761363636364e+00,4.204545454545455e-01,-2.103443181416170e-07,-8.719066119276055e-08
1.211647727272727e+00,4.204545454545455e-01,-1.931799335409076e-07,-8.313456857279058e-08
1.231534090909091e+00,4.204545454545455e-01,-1.765881460957469e-07,-7.879942468553935e-08
1.251420454545455e+00,4.204545454545455e-01,-1.603739275165608e-07,-7.427984187185416e-08
1.271306818181818e+00,4.204545454545455e-01,-1.449326802938626e-07,-6.937792327822627e-08
1.291193181818182e+00,4.204545454545455e-01,-1.298828351884628e-07,-6.428471869212970e-08
1.311079545454545e+00,4.204545454545455e-01,-1.152243922003609e-07,-5.900022811356423e-08
1.330965909090909e+00,4.204545454545455e-01,-1.012567334768355e-07,-5.339368390262406e-08
1.350852272727273e+00,4.204545454545455e-01,-8.759862283569870e-08,-4.765353992683758e-08
1.370738636363636e+00,4.204545454545455e-01,-7.440205169084261e-08,-4.171750841573335e-08
1.390625000000000e+00,4.204545454545455e-01,-6.176108645699123e-08,-3.557999006609411e-08
1.410511363636364e+00,4.204545454545455e-01,-4.942460187778733e-08,-2.934418545724672e-08
1.430397727272727e+00,4.204545454545455e-01,-3.764894045461949e-08,-2.294948473650449e-08
1.450284090909091e+00,4.204545454545455e-01,-2.634912399067544e-08,-1.646329138833250e-08
1.470170454545455e+00,4.204545454545455e-01,-1.537000771888578e-08,-9.920780851602056e-09
1.490056818181818e+00,4.204545454545455e-01,-5.123335906266333e-09,-3.306926950605419e-09
6.349431818181818e-01,4.431818181818182e-01,-9.960146992609505e-07,-1.259092473153642e-07
6.548295454545454e-01,4.431818181818182e-01,-9.654638040734946e-07,-1.156019622963483e-07
6.747159090909091e-01,4.431818181818182e-01,-9.322884727100359e-07,-1.078340719354549e-07
6.946022727272727e-01,4.431818181818182e-01,-8.984078885424060e-07,-1.011792383778155e-07
7.144886363636364e-01,4.431818181818182e-01,-8.636212327977907e-07,-9.617629857490879e-08
7.343750000000000e-01,4.431818181818182e-01,-8.285541779850676e-07,-9.271969116974762e-08
7.542613636363636e-01,4.431818181818182e-01,-7.934934409545380e-07,-8.997524634917385e-08
7.741477272727273e-01,4.431818181818182e-01,-7.587362681934944e-07,-8.829573194100856e-08
7.940340909090909e-01,4.431818181818182e-01,-7.245260383407382e-07,-8.716930792379027e-08
8.139204545454546e-01,4.431818181818182e-01,-6.907005967574055e-07,-8.638555045375237e-08
8.338068181818181e-01,4.431818181818182e-01,-6.579272594500601e-07,-8.606191638466471e-08
8.536931818181819e-01,4.431818181818182e-01,-6.258047869118983e-07,-8.585555607648517e-08
8.735795454545454e-01,4.431818181818182e-01,-5.943331791429210e-07,-8.576646952921378e-08
8.934659090909092e-01,4.431818181818182e-01,-5.641586310930443e-07,-8.572228083564906e-08
9.133522727272727e-01,4.431818181818182e-01,-5.345985767251594e-07,-8.565097668365346e-08
9.332386363636364e-01,4.431818181818182e-01,-5.059650181006748e-07,-8.552464808058431e-08
9.531250000000000e-01,4.431818181818182e-01,-4.784698214931436e-07,-8.525479640764769e-08
9.730113636363636e-01,4.431818181818182e-01,-4.515913190033742e-07,-8.489160683635708e-08
9.928977272727273e-01,4.431818181818182e-01,-4.258356662617777e-07,-8.432970137430250e-08
1.012784090909091e+00,4.431818181818182e-01,-4.009729558964620e-07,-8.357305449508524e-08
1.032670454545455e+00,4.431818181818182e-01,-3.767016300217099e-07,-8.268412980756896e-08
1.052556818181818e+00,4.431818181818182e-01,-3.536692742511510e-07,-8.148205940278524e-08
1.072443181818182e+00,4.431818181818182e-01,-3.312716762901620e-07,-8.010045936888083e-08
1.092329545454545e+00,4.431818181818182e-01,-3.095088361387433e-07,-7.853932970585573e-08
1.112215909090909e+00,4.431818181818182e-01,-2.888590502320760e-07,-7.663385438116247e-08
1.132102272727273e+00,4.431818181818182e-01,-2.686966989023213e-07,-7.456817375961673e-08
1.151988636363636e+00,4.431818181818182e-01,-2.492576146078897e-07,-7.226180223381356e-08
1.171875000000000e+00,4.431818181818182e-01,-2.306447819182986e-07,-6.966378659552644e-08
1.191761363636364e+00,4.431818181818182e-01,-2.124674401515453e-07,-6.690861935096947e-08
1.211647727272727e+00,4.431818181818182e-01,-1.950606468303558e-07,-6.386887366257355e-08
1.231534090909091e+00,4.431818181818182e-01,-1.782418385664798e-07,-6.060531383253069e-08
1.251420454545455e+00,4.431818181818182e-01,-1.618107983642009e-07,-5.719387266529817e-08
1.271306818181818e+00,4.431818181818182e-01,-1.461741842154235e-07,-5.347640958205105e-08
1.291193181818182e+00,4.431818181818182e-01,-1.309402849255401e-07,-4.960558392164815e-08
1.311079545454545e+00,4.431818181818182e-01,-1.161091004945500e-07,-4.558139568408927e-08
1.330965909090909e+00,4.431818181818182e-01,-1.019895650042930e-07,-4.129733831098168e-08
1.350852272727273e+00,4.431818181818182e-01,-8.818924771279672e-08,-3.690431149538508e-08
1.370738636363636e+00,4.431818181818182e-01,-7.486498717189092e-08,-3.235112156361491e-08
1.390625000000000e+00,4.431818181818182e-01,-6.211431790001766e-08,-2.762918773138277e-08
1.410511363636364e+00,4.431818181818182e-01,-4.967803164315107e-08,-2.282331682574568e-08
1.430397727272727e+00,4.431818181818182e-01,-3.782089183894315e-08,-1.787842055141908e-08
1.450284090909091e+00,4.431818181818182e-01,-2.645491246587979e-08,-1.284616658757037e-08
1.470170454545455e+00,4.431818181818182e-01,-1.541988493997125e-08,-7.758825957915038e-09
1.490056818181818e+00,4.431818181818182e-01,-5.139961646588132e-09,-2.586275319322912e-09
6.349431818181818e-01,4.659090909090909e-01,-1.001700741338293e-06,-5.202943451053190e-08
6.548295454545454e-01,4.659090909090909e-01,-9.724847405321751e-07,-5.049845334118825e-08
6.747159090909091e-01,4.659090909090909e-01,-9.397458719609118e-07,-4.905164323392861e-08
6.946022727272727e-01,4.659090909090909e-01,-9.060826020919089e-07,-4.793241239469407e-08
7.144886363636364e-01,4.659090909090909e-01,-8.712431915775333e-07,-4.739116978315463e-08
7.343750000000000e-01,4.659090909090909e-01,-8.359690602136966e-07,-4.739386744672902e-08
7.542613636363636e-01,4.659090909090909e-01,-8.006381637286269e-07,-4.764311010369251e-08
7.741477272727273e-01,4.659090909090909e-01,-7.655338493151635e-07,-4.825241079463562e-08
7.940340909090909e-01,4.659090909090909e-01,-7.309528999188112e-07,-4.901970789116570e-08
8.139204545454546e-01,4.659090909090909e-01,-6.967435879501950e-07,-4.988023202129387e-08
8.338068181818181e-01,4.659090909090909e-01,-6.635857040852297e-07,-5.081162243673539e-08
8.536931818181819e-01,4.659090909090909e-01,-6.310873974659166e-07,-5.171873749176745e-08
8.735795454545454e-01,4.659090909090909e-01,-5.992486680922561e-07,-5.260157718639003e-08
8.934659090909092e-01,4.659090909090909e-01,-5.687299577437738e-07,-5.335723734842725e-08
9.133522727272727e-01,4.659090909090909e-01,-5.388369310975270e-07,-5.403228318596388e-08
9.332386363636364e-01,4.659090909090909e-01,-5.098873632502786e-07,-5.457983271314201e-08
9.531250000000000e-01,4.659090909090909e-01,-4.820962635250204e-07,-5.493866724990803e-08
9.730113636363636e-01,4.659090909090909e-01,-4.549324800259517e-07,-5.518863361109879e-08
9.928977272727273e-01,4.659090909090909e-01,-4.289103879009218e-07,-5.522813165225901e-08
1.012784090909091e+00,4.659090909090909e-01,-4.037955583050759e-07,-5.508438791299639e-08
1.032670454545455e+00,4.659090909090909e-01,-3.792815486142470e-07,-5.481782564520032e-08
1.052556818181818e+00,4.659090909090909e-01,-3.560257460889811e-07,-5.427803536507888e-08
1.072443181818182e+00,4.659090909090909e-01,-3.334143729240572e-07,-5.358959198468301e-08
1.092329545454545e+00,4.659090909090909e-01,-3.114474291194758e-07,-5.275249550401274e-08
1.112215909090909e+00,4.659090909090909e-01,-2.906103794976485e-07,-5.164092755423552e-08
1.132102272727273e+00,4.659090909090909e-01,-2.702681581605607e-07,-5.040463724687956e-08
1.151988636363636e+00,4.659090909090909e-01,-2.506601808491609e-07,-4.898185043775818e-08
1.171875000000000e+00,4.659090909090909e-01,-2.318911544972582e-07,-4.733778001502881e-08
1.191761363636364e+00,4.659090909090909e-01,-2.135643851959460e-07,-4.557534769120412e-08
1.211647727272727e+00,4.659090909090909e-01,-1.960202741206347e-07,-4.360020534363793e-08
1.231534090909091e+00,4.659090909090909e-01,-1.790736905658016e-07,-4.145936448206559e-08
1.251420454545455e+00,4.659090909090909e-01,-1.625212100700632e-07,-3.920911297303877e-08
1.271306818181818e+00,4.659090909090909e-01,-1.467765928057699e-07,-3.673323453714856e-08
1.291193181818182e+00,4.659090909090909e-01,-1.314418368444651e-07,-3.414406514530387e-08
1.311079545454545e+00,4.659090909090909e-01,-1.165169421861481e-07,-3.144160479750456e-08
1.330965909090909e+00,4.659090909090909e-01,-1.023169663396667e-07,-2.854536751888426e-08
1.350852272727273e+00,4.659090909090909e-01,-8.844238164878259e-08,-2.556657447260613e-08
1.370738636363636e+00,4.659090909090909e-01,-7.505312766402701e-08,-2.246601169650363e-08
1.390625000000000e+00,4.659090909090909e-01,-6.224897526185716e-08,-1.923269702914319e-08
1.410511363636364e+00,4.659090909090909e-01,-4.976554013060103e-08,-1.593156963106731e-08
1.430397727272727e+00,4.659090909090909e-01,-3.787296674344272e-08,-1.251454744495944e-08
1.450284090909091e+00,4.659090909090909e-01,-2.648130821782923e-08,-9.016978247559031e-09
1.470170454545455e+00,4.659090909090909e-01,-1.542712313598636e-08,-5.467334146682977e-09
1.490056818181818e+00,4.659090909090909e-01,-5.142374378672610e-09,-1.822444715514783e-09
6.349431818181818e-01,4.886363636363636e-01,-9.999817830328736e-07,2.289239448067943e-08
6.548295454545454e-01,4.886363636363636e-01,-9.709550645018689e-07,1.662496403364786e-08
6.747159090909091e-01,4.886363636363636e-01,-9.386366497082964e-07,1.162508496159139e-08
6.946022727272727e-01,4.886363636363636e-01,-9.053594889007647e-07,7.031193593161684e-09
7.144886363636364e-01,4.886363636363636e-01,-8.708123585967695e-07,2.992572977802043e-09
7.343750000000000e-01,4.886363636363636e-01,-8.357592987910266e-07,-5.677085305770840e-10
7.542613636363636e-01,4.886363636363636e-01,-8.006137087217682e-07,-3.898821914901512e-09
7.741477272727273e-01,4.886363636363636e-01,-7.656347705213674e-07,-6.867991284672580e-09
7.940340909090909e-01,4.886363636363636e-01,-7.311410678584656e-07,-9.585618629263226e-09
8.139204545454546e-01,4.886363636363636e-01,-6.969949303371083e-07,-1.213779568043750e-08
8.338068181818181e-01,4.886363636363636e-01,-6.638626607738879e-07,-1.435581132127979e-08
8.536931818181819e-01,4.886363636363636e-01,-6.313772454110208e-07,-1.640286589657551e-08
8.735795454545454e-01,4.886363636363636e-01,-5.995386842485071e-07,-1.827895940632462e-08
8.934659090909092e-01,4.886363636363636e-01,-5.690060576811049e-07,-1.985105653722639e-08
9.133522727272727e-01,4.886363636363636e-01,-5.390949742295650e-07,-2.128804438722387e-08
9.332386363636364e-01,4.886363636363636e-01,-5.101218466734069e-07,-2.252392733789563e-08
9.531250000000000e-01,4.886363636363636e-01,-4.823037559632378e-07,-2.352607129827894e-08
9.730113636363636e-01,4.886363636363636e-01,-4.551116884009177e-07,-2.440415717261544e-08
9.928977272727273e-01,4.886363636363636e-01,-4.290600022013880e-07,-2.506110238840206e-08
1.012784090909091e+00,4.886363636363636e-01,-4.039156512960244e-07,-2.554764532423587e-08
1.032670454545455e+00,4.886363636363636e-01,-3.793722542565047e-07,-2.592175571502271e-08
1.052556818181818e+00,4.886363636363636e-01,-3.560882803484280e-07,-2.606492615319137e-08
1.072443181818182e+00,4.886363636363636e-01,-3.334497953206818e-07,-2.609176163952242e-08
1.092329545454545e+00,4.886363636363636e-01,-3.114567991732665e-07,-2.600226217401588e-08
1.112215909090909e+00,4.886363636363636e-01,-2.905961734810206e-07,-2.571106323106160e-08
1.132102272727273e+00,4.886363636363636e-01,-2.702316524184255e-07,-2.533202051561758e-08
1.151988636363636e+00,4.886363636363636e-01,-2.506033299338704e-07,-2.482278662964631e-08
1.171875000000000e+00,4.886363636363636e-01,-2.318165566734770e-07,-2.416528712967272e-08
1.191761363636364e+00,4.886363636363636e-01,-2.134735029747125e-07,-2.342967450239018e-08
1.211647727272727e+00,4.886363636363636e-01,-1.959158717777584e-07,-2.255591268897717e-08
1.231534090909091e+00,4.886363636363636e-01,-1.789581548265151e-07,-2.157677320909445e-08
1.251420454545455e+00,4.886363636363636e-01,-1.623961465113498e-07,-2.052816246208695e-08
1.271306818181818e+00,4.886363636363636e-01,-1.466456364683999e-07,-1.933748616696085e-08
1.291193181818182e+00,4.886363636363636e-01,-1.313070544316559e-07,-1.807528273175285e-08
1.311079545454545e+00,4.886363636363636e-01,-1.163804004011173e-07,-1.674155215646289e-08
1.330965909090909e+00,4.886363636363636e-01,-1.021827169217668e-07,-1.528326791379698e-08
1.350852272727273e+00,4.886363636363636e-01,-8.831237412961228e-08,-1.377029202024131e-08
1.370738636363636e+00,4.886363636363636e-01,-7.493031019039953e-08,-1.217611704748992e-08
1.390625000000000e+00,4.886363636363636e-01,-6.213709805471691e-08,-1.048788196280332e-08
1.410511363636364e+00,4.886363636363636e-01,-4.966667431587065e-08,-8.749448243231450e-09
1.430397727272727e+00,4.886363636363636e-01,-3.779095622856089e-08,-6.921012974348832e-09
1.450284090909091e+00,4.886363636363636e-01,-2.641931214932806e-08,-5.021163512228591e-09
1.470170454545455e+00,4.886363636363636e-01,-1.538724078841177e-08,-3.073805249339366e-09
1.490056818181818e+00,4.886363636363636e-01,-5.129080262834155e-09,-1.024601749836427e-09
6.349431818181818e-01,5.113636363636364e-01,-9.924587387064255e-07,9.793403718202842e-08
6.548295454545454e-01,5.113636363636364e-01,-9.635979657807309e-07,8.397592508657731e-08
6.747159090909091e-01,5.113636363636364e-01,-9.316570615498918e-07,7.264875300547338e-08
6.946022727272727e-01,5.113636363636364e-01,-8.988167236019660e-07,6.244203882859095e-08
7.144886363636364e-01,5.113636363636364e-01,-8.647838846824583e-07,5.388786487732065e-08
7.343750000000000e-01,5.113636363636364e-01,-8.302382894137364e-07,4.679634787686860e-08
7.542613636363636e-01,5.113636363636364e-01,-7.955849376469883e-07,4.039458224497546e-08
7.741477272727273e-01,5.113636363636364e-01,-7.610492350700251e-07,3.505924801364667e-08
7.940340909090909e-01,5.113636363636364e-01,-7.269527575104482e-07,3.038125792902894e-08
8.139204545454546e-01,5.113636363636364e-01,-6.931737168137553e-07,2.612533364626672e-08
8.338068181818181e-01,5.113636363636364e-01,-6.603491746534312e-07,2.260877928360159e-08
8.536931818181819e-01,5.113636363636364e-01,-6.281453768041459e-07,1.941072288289674e-08
8.735795454545454e-01,5.113636363636364e-01,-5.965623232658997e-07,1.653116444415224e-08
8.934659090909092e-01,5.113636363636364e-01,-5.662470193613758e-07,1.413386750193136e-08
9.133522727272727e-01,5.113636363636364e-01,-5.365389047859127e-07,1.192663735001087e-08
9.332386363636364e-01,5.113636363636364e-01,-5.077481964380889e-07,9.994752751881595e-09
9.531250000000000e-01,5.113636363636364e-01,-4.800930104749296e-07,8.341933726737634e-09
9.730113636363636e-01,5.113636363636364e-01,-4.530543616847086e-07,6.828420239367810e-09
9.928977272727273e-01,5.113636363636364e-01,-4.271408268105966e-07,5.546628150851175e-09
1.012784090909091e+00,5.113636363636364e-01,-4.021247410786036e-07,4.422073259280507e-09
1.032670454545455e+00,5.113636363636364e-01,-3.777032352333054e-07,3.399327057504410e-09
1.052556818181818e+00,5.113636363636364e-01,-3.545296907775170e-07,2.564491845114799e-09
1.072443181818182e+00,5.113636363636364e-01,-3.319966072090814e-07,1.813168701539120e-09
1.092329545454545e+00,5.113636363636364e-01,-3.101039845279992e-07,1.145357626777389e-09
1.112215909090909e+00,5.113636363636364e-01,-2.893360162974059e-07,6.053983740305996e-10
1.132102272727273e+00,5.113636363636364e-01,-2.690610765042046e-07,1.158717433474840e-10
1.151988636363636e+00,5.113636363636364e-01,-2.495178665128556e-07,-3.005787275923388e-10
1.171875000000000e+00,5.113636363636364e-01,-2.308115919928125e-07,-6.428229912884367e-10
1.191761363636364e+00,5.113636363636364e-01,-2.125467083465916e-07,-9.477799080269687e-10
1.211647727272727e+00,5.113636363636364e-01,-1.950633224330801e-07,-1.190222759831461e-09
1.231534090909091e+00,5.113636363636364e-01,-1.781771057271635e-07,-1.388505554323250e-09
1.251420454545455e+00,5.113636363636364e-01,-1.616848108058051e-07,-1.557855917685122e-09
1.271306818181818e+00,5.113636363636364e-01,-1.460006103621880e-07,-1.670018423616487e-09
1.291193181818182e+00,5.113636363636364e-01,-1.307267549469905e-07,-1.753139290313532e-09
1.311079545454545e+00,5.113636363636364e-01,-1.158632445602119e-07,-1.807218517776262e-09
1.330965909090909e+00,5.113636363636364e-01,-1.017261351502741e-07,-1.807341420445618e-09
1.350852272727273e+00,5.113636363636364e-01,-8.791528466581286e-08,-1.781289996406149e-09
1.370738636363636e+00,5.113636363636364e-01,-7.459112165041567e-08,-1.715595660031418e-09
1.390625000000000e+00,5.113636363636364e-01,-6.185399939990249e-08,-1.595796269138586e-09
1.410511363636364e+00,5.113636363636364e-01,-4.943868371487912e-08,-1.444122654145226e-09
1.430397727272727e+00,5.113636363636364e-01,-3.761628467176769e-08,-1.229681938634699e-09
1.450284090909091e+00,5.113636363636364e-01,-2.629640468149449e-08,-9.541373107897188e-10
1.470170454545455e+00,5.113636363636364e-01,-1.531503613212879e-08,-6.364456469655720e-10
1.490056818181818e+00,5.113636363636364e-01,-5.105012044063832e-09,-2.121485489389403e-10
6.349431818181818e-01,5.340909090909091e-01,-9.789172087097166e-07,1.727521019656785e-07
6.548295454545454e-01,5.340909090909091e-01,-9.503342916075611e-07,1.510083732601319e-07
6.747159090909091e-01,5.340909090909091e-01,-9.188139572392211e-07,1.335620941277619e-07
6.946022727272727e-01,5.340909090909091e-01,-8.865223241315889e-07,1.179356220870795e-07
7.144886363636364e-01,5.340909090909091e-01,-8.532490726070101e-07,1.049897713320717e-07
7.343750000000000e-01,5.340909090909091e-01,-8.195005068190714e-07,9.443290177283460e-08
7.542613636363636e-01,5.340909090909091e-01,-7.856424723420039e-07,8.500282429668253e-08
7.741477272727273e-01,5.340909090909091e-01,-7.518583669348249e-07,7.731533659607163e-08
7.940340909090909e-01,5.340909090909091e-01,-7.184593975868479e-07,7.068138523789932e-08
8.139204545454546e-01,5.340909090909091e-01,-6.853416872921236e-07,6.472040470016774e-08
8.338068181818181e-01,5.340909090909091e-01,-6.530988064843338e-07,5.989917124388712e-08
8.536931818181819e-01,5.340909090909091e-01,-6.214380868923056e-07,5.554345657759622e-08
8.735795454545454e-01,5.340909090909091e-01,-5.903595285160397e-07,5.165326070129512e-08
8.934659090909092e-01,5.340909090909091e-01,-5.604878647597268e-07,4.842401621991551e-08
9.133522727272727e-01,5.340909090909091e-01,-5.311993553288653e-07,4.544009807688507e-08
9.332386363636364e-01,5.340909090909091e-01,-5.027934151979760e-07,4.280625099589395e-08
9.531250000000000e-01,5.340909090909091e-01,-4.754880844561229e-07,4.049724664847002e-08
9.730113636363636e-01,5.340909090909091e-01,-4.487819341123678e-07,3.834297237540500e-08
9.928977272727273e-01,5.340909090909091e-01,-4.231721691726025e-07,3.643119897475551e-08
1.012784090909091e+00,5.340909090909091e-01,-3.984403006707307e-07,3.466345819779060e-08
1.032670454545455e+00,5.340909090909091e-01,-3.742903159038861e-07,3.298685766099970e-08
1.052556818181818e+00,5.340909090909091e-01,-3.513644565298334e-07,3.145484463097180e-08
1.072443181818182e+00,5.340909090909091e-01,-3.290680600962403e-07,2.997326801070806e-08
1.092329545454545e+00,5.340909090909091e-01,-3.074011266031074e-07,2.854212780020851e-08
1.112215909090909e+00,5.340909090909091e-01,-2.868410968981260e-07,2.716440123749092e-08
1.132102272727273e+00,5.340909090909091e-01,-2.667667230252971e-07,2.579939239280358e-08
1.151988636363636e+00,5.340909090909091e-01,-2.474132660489058e-07,2.444987970472393e-08
1.171875000000000e+00,5.340909090909091e-01,-2.288849895375161e-07,2.309989896272352e-08
1.191761363636364e+00,5.340909090909091e-01,-2.107920175578525e-07,2.174603506537905e-08
1.211647727272727e+00,5.340909090909091e-01,-1.934699817295171e-07,2.037840098569382e-08
1.231534090909091e+00,5.340909090909091e-01,-1.767372702779860e-07,1.899315394557587e-08
1.251420454545455e+00,5.340909090909091e-01,-1.603933218028223e-07,1.759592741809879e-08
1.271306818181818e+00,5.340909090909091e-01,-1.448470604101828e-07,1.617017226918923e-08
1.291193181818182e+00,5.340909090909091e-01,-1.297059262972244e-07,1.473049840234119e-08
1.311079545454545e+00,5.340909090909091e-01,-1.149699194639464e-07,1.327690581755462e-08
1.330965909090909e+00,5.340909090909091e-01,-1.009511454366578e-07,1.180573655330450e-08
1.350852272727273e+00,5.340909090909091e-01,-8.725452661810211e-08,1.033176616329393e-08
1.370738636363636e+00,5.340909090909091e-01,-7.403847801751322e-08,8.855187440994061e-09
1.390625000000000e+00,5.340909090909091e-01,-6.140211339548421e-08,7.391835465329980e-09
1.410511363636364e+00,5.340909090909091e-01,-4.908352898234282e-08,5.941504100829791e-09
1.430397727272727e+00,5.340909090909091e-01,-3.735045468989626e-08,4.525688230628093e-09
1.450284090909091e+00,5.340909090909091e-01,-2.611364365541203e-08,3.159736070926806e-09
1.470170454545455e+00,5.340909090909091e-01,-1.521113122208058e-08,1.829935480583415e-09
1.490056818181818e+00,5.340909090909091e-01,-5.070377074008586e-09,6.099784938343232e-10
6.349431818181818e-01,5.568181818181818e-01,-9.564698807856159e-07,2.462084415408498e-07
6.548295454545454e-01,5.568181818181818e-01,-9.279659356170020e-07,2.162383339510847e-07
6.747159090909091e-01,5.568181818181818e-01,-8.974521796997235e-07,1.931688673543552e-07
6.946022727272727e-01,5.568181818181818e-01,-8.663062234730997e-07,1.725944767787016e-07
7.144886363636364e-01,5.568181818181818e-01,-8.343005881779309e-07,1.555557496727182e-07
7.343750000000000e-01,5.568181818181818e-01,-8.017994037338240e-07,1.417119908425189e-07
7.542613636363636e-01,5.568181818181818e-01,-7.691651821200865e-07,1.293832717369072e-07
7.741477272727273e-01,5.568181818181818e-01,-7.365387066999748e-07,1.194147300123325e-07
7.940340909090909e-01,5.568181818181818e-01,-7.042273450094526e-07,1.108692459553664e-07
8.139204545454546e-01,5.568181818181818e-01,-6.721501883485308e-07,1.032313348519084e-07
8.338068181818181e-01,5.568181818181818e-01,-6.408418756920454e-07,9.711423343354678e-08
8.536931818181819e-01,5.568181818181818e-01,-6.100621011006466e-07,9.160523739939763e-08
8.735795454545454e-01,5.568181818181818e-01,-5.798108645743348e-07,8.670434674946104e-08
8.934659090909092e-01,5.568181818181818e-01,-5.506786372706626e-07,8.264067241796474e-08
9.133522727272727e-01,5.568181818181818e-01,-5.220939225675556e-07,7.887745646282220e-08
9.332386363636364e-01,5.568181818181818e-01,-4.943397908069462e-07,7.553914332563995e-08
9.531250000000000e-01,5.568181818181818e-01,-4.676326106158458e-07,7.257231812738961e-08
9.730113636363636e-01,5.568181818181818e-01,-4.414975935377180e-07,6.977614397854507e-08
9.928977272727273e-01,5.568181818181818e-01,-4.164135563043134e-07,6.723420240525668e-08
1.012784090909091e+00,5.568181818181818e-01,-3.921756619706112e-07,6.482375166463685e-08
1.032670454545455e+00,5.568181818181818e-01,-3.684989541388460e-07,6.249419895263397e-08
1.052556818181818e+00,5.568181818181818e-01,-3.460066387788628e-07,6.026666459893446e-08
1.072443181818182e+00,5.568181818181818e-01,-3.241249992950173e-07,5.805681308628416e-08
1.092329545454545e+00,5.568181818181818e-01,-3.028540356873101e-07,5.586464441468312e-08
1.112215909090909e+00,5.568181818181818e-01,-2.826589648758955e-07,5.365194943234658e-08
1.132102272727273e+00,5.568181818181818e-01,-2.629364527978089e-07,5.141446330029968e-08
1.151988636363636e+00,5.568181818181818e-01,-2.439155766679181e-07,4.913519520333743e-08
1.171875000000000e+00,5.568181818181818e-01,-2.256985202552394e-07,4.678111315978987e-08
1.191761363636364e+00,5.568181818181818e-01,-2.079056132273636e-07,4.438214438228808e-08
1.211647727272727e+00,5.568181818181818e-01,-1.908641008932191e-07,4.189340486020614e-08
1.231534090909091e+00,5.568181818181818e-01,-1.743971361618752e-07,3.932546361127566e-08
1.251420454545455e+00,5.568181818181818e-01,-1.583091894810168e-07,3.670474687809945e-08
1.271306818181818e+00,5.568181818181818e-01,-1.429989669918000e-07,3.396996132141278e-08
1.291193181818182e+00,5.568181818181818e-01,-1.280836786630126e-07,3.117833229549212e-08
1.311079545454545e+00,5.568181818181818e-01,-1.135633244946537e-07,2.832985980033735e-08
1.330965909090909e+00,5.568181818181818e-01,-9.974197585005213e-08,2.539221548498692e-08
1.350852272727273e+00,5.568181818181818e-01,-8.623452064025996e-08,2.242270970334156e-08
1.370738636363636e+00,5.568181818181818e-01,-7.319528823291201e-08,1.940820014977694e-08
1.390625000000000e+00,5.568181818181818e-01,-6.072073150857828e-08,1.636571945825139e-08
1.410511363636364e+00,5.568181818181818e-01,-4.855572453064082e-08,1.331718380143112e-08
1.430397727272727e+00,5.568181818181818e-01,-3.696105760647530e-08,1.027441774315776e-08
1.450284090909091e+00,5.568181818181818e-01,-2.584989569646355e-08,7.269685847146884e-09
1.470170454545455e+00,5.568181818181818e-01,-1.506446015304477e-08,4.294689435258979e-09
1.490056818181818e+00,5.568181818181818e-01,-5.021486717559017e-09,1.431563145074331e-09
6.349431818181818e-01,5.795454545454546e-01,-9.230982798381468e-07,3.171207895863821e-07
6.548295454545454e-01,5.795454545454546e-01,-8.976000999441783e-07,2.794265869332032e-07
6.747159090909091e-01,5.795454545454546e-01,-8.691945432933822e-07,2.510375656091310e-07
6.946022727272727e-01,5.795454545454546e-01,-8.399675052501862e-07,2.257780592639281e-07
7.144886363636364e-01,5.795454545454546e-01,-8.096643605593081e-07,2.048632701581980e-07
7.343750000000000e-01,5.795454545454546e-01,-7.787623876215219e-07,1.879089878636866e-07
7.542613636363636e-01,5.795454545454546e-01,-7.476741909763942e-07,1.728328589137444e-07
7.741477272727273e-01,5.795454545454546e-01,-7.165020023179226e-07,1.606827854160037e-07
7.940340909090909e-01,5.795454545454546e-01,-6.855605238933448e-07,1.502953045806042e-07
8.139204545454546e-01,5.795454545454546e-01,-6.547967111110316e-07,1.410314117248120e-07
8.338068181818181e-01,5.795454545454546e-01,-6.246763111000367e-07,1.336443267092255e-07
8.536931818181819e-01,5.795454545454546e-01,-5.950211112564771e-07,1.270015161359810e-07
8.735795454545454e-01,5.795454545454546e-01,-5.658311115803535e-07,1.211029800050787e-07
8.934659090909092e-01,5.795454545454546e-01,-5.376558763292496e-07,1.162134960307776e-07
9.133522727272727e-01,5.795454545454546e-01,-5.099855683970402e-07,1.116789736440204e-07
9.332386363636364e-01,5.795454545454546e-01,-4.830836237953756e-07,1.076436672008513e-07
9.531250000000000e-01,5.795454545454546e-01,-4.571635474785372e-07,1.040271648415342e-07
9.730113636363636e-01,5.795454545454546e-01,-4.317826120733790e-07,1.005977243835963e-07
9.928977272727273e-01,5.795454545454546e-01,-4.073966583928880e-07,9.743537348019718e-08
1.012784090909091e+00,5.795454545454546e-01,-3.838169643609238e-07,9.439299932922563e-08
1.032670454545455e+00,5.795454545454546e-01,-3.607723904054456e-07,9.142197067389500e-08
1.052556818181818e+00,5.795454545454546e-01,-3.388613910938233e-07,8.851193469436470e-08
1.072443181818182e+00,5.795454545454546e-01,-3.175366374020305e-07,8.558769254671967e-08
1.092329545454545e+00,5.795454545454546e-01,-2.967981293300677e-07,8.264924423095994e-08
1.112215909090909e+00,5.795454545454546e-01,-2.770946053821041e-07,7.961801115427799e-08
1.132102272727273e+00,5.795454545454546e-01,-2.578461920011860e-07,7.652528061261150e-08
1.151988636363636e+00,5.795454545454546e-01,-2.392736721468571e-07,7.333470175471583e-08
1.171875000000000e+00,5.795454545454546e-01,-2.214761647136372e-07,6.999647590611233e-08
1.191761363636364e+00,5.795454545454546e-01,-2.040877002689138e-07,6.657318270722546e-08
1.211647727272727e+00,5.795454545454546e-01,-1.874240476942358e-07,6.298562288134078e-08
1.231534090909091e+00,5.795454545454546e-01,-1.713146826521110e-07,5.925846099608539e-08
1.251420454545455e+00,5.795454545454546e-01,-1.555709586140882e-07,5.543851159278996e-08
1.271306818181818e+00,5.795454545454546e-01,-1.405773798942869e-07,5.142056155042994e-08
1.291193181818182e+00,5.795454545454546e-01,-1.259645469600707e-07,4.730363248143176e-08
1.311079545454545e+00,5.795454545454546e-01,-1.117324598114389e-07,4.308772438579524e-08
1.330965909090909e+00,5.795454545454546e-01,-9.817381863822084e-08,3.871235161481563e-08
1.350852272727273e+00,5.795454545454546e-01,-8.491742061454155e-08,3.427659098565527e-08
1.370738636363636e+00,5.795454545454546e-01,-7.211181389420521e-08,2.975421193604777e-08
1.390625000000000e+00,5.795454545454546e-01,-5.984958182349612e-08,2.516345997753469e-08
1.410511363636364e+00,5.795454545454546e-01,-4.788520041223448e-08,2.054796165758412e-08
1.430397727272727e+00,5.795454545454546e-01,-3.646956343598610e-08,1.591009958793499e-08
1.450284090909091e+00,5.795454545454546e-01,-2.551927014202951e-08,1.129874737836622e-08
1.470170454545455e+00,5.795454545454546e-01,-1.488250804432811e-08,6.710887136814173e-09
1.490056818181818e+00,5.795454545454546e-01,-4.960836014727344e-09,2.236962378899987e-09
6.349431818181818e-01,6.022727272727273e-01,-8.852398242006726e-07,3.846171056696674e-07
6.548295454545454e-01,6.022727272727273e-01,-8.625077562930596e-07,3.403930011270076e-07
6.747159090909091e-01,6.022727272727273e-01,-8.363456649029867e-07,3.069689415497240e-07
6.946022727272727e-01,6.022727272727273e-01,-8.092160764701968e-07,2.772425728595610e-07
7.144886363636364e-01,6.022727272727273e-01,-7.808199196888574e-07,2.526766569248550e-07
7.343750000000000e-01,6.022727272727273e-01,-7.517304179914488e-07,2.327890707214733e-07
7.542613636363636e-01,6.022727272727273e-01,-7.224019606179957e-07,2.151158732874884e-07
7.741477272727273e-01,6.022727272727273e-01,-6.928906773484482e-07,2.008837716099677e-07
7.940340909090909e-01,6.022727272727273e-01,-6.635162155123608e-07,1.887252384903797e-07
8.139204545454546e-01,6.022727272727273e-01,-6.342566322720895e-07,1.778886882491874e-07
8.338068181818181e-01,6.022727272727273e-01,-6.055023159802148e-07,1.692621425087351e-07
8.536931818181819e-01,6.022727272727273e-01,-5.771441719212904e-07,1.615102181190274e-07
8.735795454545454e-01,6.022727272727273e-01,-5.491822000953172e-07,1.546329150800645e-07
8.934659090909092e-01,6.022727272727273e-01,-5.221218231124519e-07,1.489322862541499e-07
9.133522727272727e-01,6.022727272727273e-01,-4.955200091576559e-07,1.436404030179679e-07
9.332386363636364e-01,6.022727272727273e-01,-4.696187724443378e-07,1.389213377214976e-07
9.531250000000000e-01,6.022727272727273e-01,-4.446278010832202e-07,1.346687016743986e-07
9.730113636363636e-01,6.022727272727273e-01,-4.201394053255692e-07,1.306198435121117e-07
9.928977272727273e-01,6.022727272727273e-01,-3.965835214284290e-07,1.268517416780982e-07
1.012784090909091e+00,6.022727272727273e-01,-3.737887071325241e-07,1.231929758400708e-07
1.032670454545455e+00,6.022727272727273e-01,-3.514994107924665e-07,1.195966030716469e-07
1.052556818181818e+00,6.022727272727273e-01,-3.302852340917278e-07,1.160216913481669e-07
1.072443181818182e+00,6.022727272727273e-01,-3.096288257185139e-07,1.124016081780181e-07
1.092329545454545e+00,6.022727272727273e-01,-2.895301856728253e-07,1.087363535612005e-07
1.112215909090909e+00,6.022727272727273e-01,-2.704183204948684e-07,1.049079760841540e-07
1.132102272727273e+00,6.022727272727273e-01,-2.517408575737056e-07,1.009823442114866e-07
1.151988636363636e+00,6.022727272727273e-01,-2.337086883484703e-07,9.690424066888707e-08
1.171875000000000e+00,6.022727272727273e-01,-2.164170554599000e-07,9.260750679387823e-08
1.191761363636364e+00,6.022727272727273e-01,-1.995163387812660e-07,8.818654050327744e-08
1.211647727272727e+00,6.022727272727273e-01,-1.833084452023998e-07,8.352868568791552e-08
1.231534090909091e+00,6.022727272727273e-01,-1.676303426847923e-07,7.867233203395839e-08
1.251420454545455e+00,6.022727272727273e-01,-1.523016953369150e-07,7.368417329370824e-08
1.271306818181818e+00,6.022727272727273e-01,-1.376896964197730e-07,6.841615115483715e-08
1.291193181818182e+00,6.022727272727273e-01,-1.234411306723068e-07,6.300805108424405e-08
1.311079545454545e+00,6.022727272727273e-01,-1.095559980945159e-07,5.745987308192873e-08
1.330965909090909e+00,6.022727272727273e-01,-9.631297537293088e-08,5.168369840559331e-08
1.350852272727273e+00,6.022727272727273e-01,-8.335785737006242e-08,4.581935712457461e-08
1.370738636363636e+00,6.022727272727273e-01,-7.083206034233178e-08,3.982788472537481e-08
1.390625000000000e+00,6.022727272727273e-01,-5.882329636468982e-08,3.372884003151650e-08
1.410511363636364e+00,6.022727272727273e-01,-4.709789568516742e-08,2.758697001120784e-08
1.430397727272727e+00,6.022727272727273e-01,-3.589446071532801e-08,2.139564608857306e-08
1.450284090909091e+00,6.022727272727273e-01,-2.513382991280825e-08,1.521999248712800e-08
1.470170454545455e+00,6.022727272727273e-01,-1.467159875753652e-08,9.062016309745058e-09
1.490056818181818e+00,6.022727272727273e-01,-4.890532919182117e-09,3.020672103244808e-09
6.349431818181818e-01,6.250000000000000e-01,-8.459723179817278e-07,4.478333637767855e-07
6.548295454545454e-01,6.250000000000000e-01,-8.239809436127073e-07,3.987906327340858e-07
6.747159090909091e-01,6.250000000000000e-01,-7.996757492429688e-07,3.606370441732449e-07
6.946022727272727e-01,6.250000000000000e-01,-7.745115842975382e-07,3.266615673094252e-07
7.144886363636364e-01,6.250000000000000e-01,-7.481216473928846e-07,2.986989640796782e-07
7.343750000000000e-01,6.250000000000000e-01,-7.210045886245659e-07,2.760754588894678e-07
7.542613636363636e-01,6.250000000000000e-01,-6.936130543027394e-07,2.559717442468483e-07
7.741477272727273e-01,6.250000000000000e-01,-6.659422314817161e-07,2.397681635725258e-07
7.940340909090909e-01,6.250000000000000e-01,-6.383065219892015e-07,2.259181879256236e-07
8.139204545454546e-01,6.250000000000000e-01,-6.107177609273568e-07,2.135695493475920e-07
8.338068181818181e-01,6.250000000000000e-01,-5.834857332027709e-07,2.037400341335081e-07
8.536931818181819e-01,6.250000000000000e-01,-5.565767634635809e-07,1.949093488935225e-07
8.735795454545454e-01,6.250000000000000e-01,-5.299908517097873e-07,1.870774936276352e-07
8.934659090909092e-01,6.250000000000000e-01,-5.041875791324285e-07,1.805853722646975e-07
9.133522727272727e-01,6.250000000000000e-01,-4.787940644752706e-07,1.745549311602417e-07
9.332386363636364e-01,6.250000000000000e-01,-4.540297486500442e-07,1.691700129037218e-07
9.531250000000000e-01,6.250000000000000e-01,-4.300995766451287e-07,1.642992913522271e-07
9.730113636363636e-01,6.250000000000000e-01,-4.066328458218020e-07,1.596493000675617e-07
9.928977272727273e-01,6.250000000000000e-01,-3.840312555106562e-07,1.552944563895785e-07
1.012784090909091e+00,6.250000000000000e-01,-3.621412166004751e-07,1.510391925403757e-07
1.032670454545455e+00,6.250000000000000e-01,-3.407241835848338e-07,1.468379863582022e-07
1.052556818181818e+00,6.250000000000000e-01,-3.203172448579102e-07,1.426203421951074e-07
1.072443181818182e+00,6.250000000000000e-01,-3.004359872128718e-07,1.383276205469443e-07
1.092329545454545e+00,6.250000000000000e-01,-2.810804106497189e-07,1.339598214137130e-07
1.112215909090909e+00,6.250000000000000e-01,-2.626567307694256e-07,1.293608277344514e-07
1.132102272727273e+00,6.250000000000000e-01,-2.446437285220927e-07,1.246299591741809e-07
1.151988636363636e+00,6.250000000000000e-01,-2.272409141656921e-07,1.196937273806217e-07
1.171875000000000e+00,6.250000000000000e-01,-2.105388490522300e-07,1.144701242789079e-07
1.191761363636364e+00,6.250000000000000e-01,-1.942067345382659e-07,1.090843590800605e-07
1.211647727272727e+00,6.250000000000000e-01,-1.785303563128563e-07,1.033913708332115e-07
1.231534090909091e+00,6.250000000000000e-01,-1.633552582846902e-07,9.744283264965376e-08
1.251420454545455e+00,6.250000000000000e-01,-1.485107661232913e-07,9.132469371906751e-08
1.271306818181818e+00,6.250000000000000e-01,-1.343437932497745e-07,8.484738350889815e-08
1.291193181818182e+00,6.250000000000000e-01,-1.205199534480230e-07,7.819018577473944e-08
1.311079545454545e+00,6.250000000000000e-01,-1.070392467180361e-07,7.135310051659104e-08
1.330965909090909e+00,6.250000000000000e-01,-9.416375958811293e-08,6.422169785453815e-08
1.350852272727273e+00,6.250000000000000e-01,-8.155924100980218e-08,5.697529927880004e-08
1.370738636363636e+00,6.250000000000000e-01,-6.935866618746153e-08,4.956265969896898e-08
1.390625000000000e+00,6.250000000000000e-01,-5.764387783755231e-08,4.200481012868378e-08
1.410511363636364e+00,6.250000000000000e-01,-4.619524531405711e-08,3.438686355197637e-08
1.430397727272727e+00,6.250000000000000e-01,-3.523673101498187e-08,2.669377127550838e-08
1.450284090909091e+00,6.250000000000000e-01,-2.469418611198914e-08,1.900648147234988e-08
1.470170454545455e+00,6.250000000000000e-01,-1.443202808488719e-08,1.133167363114677e-08
1.490056818181818e+00,6.250000000000000e-01,-4.810676028215466e-09,3.777224543685104e-09
6.349431818181818e-01,6.477272727272727e-01,-8.023760238006086e-07,5.035401504292921e-07
6.548295454545454e-01,6.477272727272727e-01,-7.814965036697714e-07,4.500837348176080e-07
6.747159090909091e-01,6.477272727272727e-01,-7.585849807897434e-07,4.083794296702889e-07
6.946022727272727e-01,6.477272727272727e-01,-7.350680815934931e-07,3.711989911736932e-07
7.144886363636364e-01,6.477272727272727e-01,-7.107428592548531e-07,3.405342973533331e-07
7.343750000000000e-01,6.477272727272727e-01,-6.857426663542054e-07,3.156211328735973e-07
7.542613636363636e-01,6.477272727272727e-01,-6.604534660184088e-07,2.934284165886822e-07
7.741477272727273e-01,6.477272727272727e-01,-6.347795423157416e-07,2.754591476774847e-07
7.940340909090909e-01,6.477272727272727e-01,-6.090302248583483e-07,2.600706812607022e-07
8.139204545454546e-01,6.477272727272727e-01,-5.832549465977460e-07,2.463307686218324e-07
8.338068181818181e-01,6.477272727272727e-01,-5.576866883462243e-07,2.353829259694994e-07
8.536931818181819e-01,6.477272727272727e-01,-5.323716605068657e-07,2.255492420083989e-07
8.735795454545454e-01,6.477272727272727e-01,-5.073098630796710e-07,2.168297167385313e-07
8.934659090909092e-01,6.477272727272727e-01,-4.829194122872295e-07,2.096052913834856e-07
9.133522727272727e-01,6.477272727272727e-01,-4.588926989153414e-07,2.028934449403336e-07
9.332386363636364e-01,6.477272727272727e-01,-4.354277572125598e-07,1.968972267042297e-07
9.531250000000000e-01,6.477272727272727e-01,-4.127228113317752e-07,1.914615103134894e-07
9.730113636363636e-01,6.477272727272727e-01,-3.904424544585250e-07,1.862630166830224e-07
9.928977272727273e-01,6.477272727272727e-01,-3.689589281242377e-07,1.813738379948604e-07
1.012784090909091e+00,6.477272727272727e-01,-3.481346993816785e-07,1.765752462190324e-07
1.032670454545455e+00,6.477272727272727e-01,-3.277489842562157e-07,1.718229886190228e-07
1.052556818181818e+00,6.477272727272727e-01,-3.083023524349725e-07,1.670188364933512e-07
1.072443181818182e+00,6.477272727272727e-01,-2.893454087387134e-07,1.621116844173055e-07
1.092329545454545e+00,6.477272727272727e-01,-2.708781531674389e-07,1.571015323908858e-07
1.112215909090909e+00,6.477272727272727e-01,-2.532800114788538e-07,1.517968493672440e-07
1.132102272727273e+00,6.477272727272727e-01,-2.360650930622730e-07,1.463281626662509e-07
1.151988636363636e+00,6.477272727272727e-01,-2.194196376900044e-07,1.406050505610249e-07
1.171875000000000e+00,6.477272727272727e-01,-2.034283281182813e-07,1.345309389876344e-07
1.191761363636364e+00,6.477272727272727e-01,-1.877823295228795e-07,1.282595774212216e-07
1.211647727272727e+00,6.477272727272727e-01,-1.727483253734441e-07,1.216159653485581e-07
1.231534090909091e+00,6.477272727272727e-01,-1.581817876634765e-07,1.146640801992879e-07
1.251420454545455e+00,6.477272727272727e-01,-1.439234814104012e-07,1.075076673093566e-07
1.271306818181818e+00,6.477272727272727e-01,-1.302960375896580e-07,9.991881045521531e-08
1.291193181818182e+00,6.477272727272727e-01,-1.169873731410344e-07,9.211332250475058e-08
1.311079545454545e+00,6.477272727272727e-01,-1.039974880645297e-07,8.409120345796205e-08
1.330965909090909e+00,6.477272727272727e-01,-9.156824458781044e-08,7.571375180512703e-08
1.350852272727273e+00,6.477272727272727e-01,-7.938936604853647e-08,6.719678188841734e-08
1.370738636363636e+00,6.477272727272727e-01,-6.758351709823203e-08,5.847787899603174e-08
1.390625000000000e+00,6.477272727272727e-01,-5.622508690646569e-08,4.958003992333113e-08
1.410511363636364e+00,6.477272727272727e-01,-4.511161422244958e-08,4.060690060713901e-08
1.430397727272727e+00,6.477272727272727e-01,-3.444890030831293e-08,3.153659657845979e-08
1.450284090909091e+00,6.477272727272727e-01,-2.416886845394578e-08,2.246499526740120e-08
1.470170454545455e+00,6.477272727272727e-01,-1.414687903122932e-08,1.340248277987913e-08
1.490056818181818e+00,6.477272727272727e-01,-4.715626343860171e-09,4.467494259961925e-09
6.349431818181818e-01,6.704545454545454e-01,-7.559373383699520e-07,5.536985815796201e-07
6.548295454545454e-01,6.704545454545454e-01,-7.359849901224298e-07,4.959677076342488e-07
6.747159090909091e-01,6.704545454545454e-01,-7.149422568014098e-07,4.515644359505167e-07
6.946022727272727e-01,6.704545454545454e-01,-6.934798319337840e-07,4.119265464997739e-07
7.144886363636364e-01,6.704545454545454e-01,-6.714129386770598e-07,3.790209847552619e-07
7.343750000000000e-01,6.704545454545454e-01,-6.485989082940421e-07,3.520897166502231e-07
7.542613636363636e-01,6.704545454545454e-01,-6.254381087580414e-07,3.280084758987510e-07
7.741477272727273e-01,6.704545454545454e-01,-6.017529594540634e-07,3.084030418042166e-07
7.940340909090909e-01,6.704545454545454e-01,-5.778827289391046e-07,2.915811128760575e-07
8.139204545454546e-01,6.704545454545454e-01,-5.539154001819922e-07,2.765401951133163e-07
8.338068181818181e-01,6.704545454545454e-01,-5.300224919117455e-07,2.645493296327431e-07
8.536931818181819e-01,6.704545454545454e-01,-5.063239907341385e-07,2.537835997525270e-07
8.735795454545454e-01,6.704545454545454e-01,-4.828198966491717e-07,2.442430054726680e-07
8.934659090909092e-01,6.704545454545454e-01,-4.598937657670640e-07,2.363471063580869e-07
9.133522727272727e-01,6.704545454545454e-01,-4.372917971014747e-07,2.290124321864243e-07
9.332386363636364e-01,6.704545454545454e-01,-4.151932947513754e-07,2.224602358891298e-07
9.531250000000000e-01,6.704545454545454e-01,-3.937876213096484e-07,2.165118149893096e-07
9.730113636363636e-01,6.704545454545454e-01,-3.727705289404346e-07,2.108157831640434e-07
9.928977272727273e-01,6.704545454545454e-01,-3.524854049287307e-07,2.054414025480014e-07
1.012784090909091e+00,6.704545454545454e-01,-3.328079755575569e-07,2.001482226456779e-07
1.032670454545455e+00,6.704545454545454e-01,-3.135348366723809e-07,1.948935125748687e-07
1.052556818181818e+00,6.704545454545454e-01,-2.951285683680155e-07,1.895524607146672e-07
1.072443181818182e+00,6.704545454545454e-01,-2.771746292953434e-07,1.840817858941626e-07
1.092329545454545e+00,6.704545454545454e-01,-2.596730194543651e-07,1.784814881133548e-07
1.112215909090909e+00,6.704545454545454e-01,-2.429744631232874e-07,1.725268754459668e-07
1.132102272727273e+00,6.704545454545454e-01,-2.266300329996288e-07,1.663780916718967e-07
1.151988636363636e+00,6.704545454545454e-01,-2.108118380248764e-07,1.599288588900946e-07
1.171875000000000e+00,6.704545454545454e-01,-1.955980492901601e-07,1.530691628121926e-07
1.191761363636364e+00,6.704545454545454e-01,-1.807032292313228e-07,1.459794582995056e-07
1.211647727272727e+00,6.704545454545454e-01,-1.663735547440059e-07,1.384568528220407e-07
1.231534090909091e+00,6.704545454545454e-01,-1.524750356489738e-07,1.305768395133755e-07
1.251420454545455e+00,6.704545454545454e-01,-1.388607104272561e-07,1.224597502262232e-07
1.271306818181818e+00,6.704545454545454e-01,-1.258270055032397e-07,1.138419519996308e-07
1.291193181818182e+00,6.704545454545454e-01,-1.130857559956978e-07,1.049733179364296e-07
1.311079545454545e+00,6.704545454545454e-01,-1.006369619046300e-07,9.585384803661943e-08
1.330965909090909e+00,6.704545454545454e-01,-8.870037421859284e-08,8.632241333675689e-08
1.350852272727273e+00,6.704545454545454e-01,-7.699164437415699e-08,7.662884704541139e-08
1.370738636363636e+00,6.704545454545454e-01,-6.562213775775277e-08,6.670048516940359e-08
1.390625000000000e+00,6.704545454545454e-01,-5.465780363558599e-08,5.656274138459445e-08
1.410511363636364e+00,6.704545454545454e-01,-4.391501456705356e-08,4.633625472882414e-08
1.430397727272727e+00,6.704545454545454e-01,-3.357938486760964e-08,3.599375945499752e-08
1.450284090909091e+00,6.704545454545454e-01,-2.358942084877946e-08,2.564538858528326e-08
1.470170454545455e+00,6.704545454545454e-01,-1.383264777259998e-08,1.530437618375750e-08
1.490056818181818e+00,6.704545454545454e-01,-4.610882590892581e-09,5.101458727872260e-09
6.349431818181818e-01,6.931818181818182e-01,-7.057843961602776e-07,5.978333390706013e-07
6.548295454545454e-01,6.931818181818182e-01,-6.878633451664546e-07,5.365172282178019e-07
6.747159090909091e-01,6.931818181818182e-01,-6.693305153838917e-07,4.901514394583437e-07
6.946022727272727e-01,6.931818181818182e-01,-6.503513889572985e-07,4.486610679416287e-07
7.144886363636364e-01,6.931818181818182e-01,-6.306536364037380e-07,4.138764028643120e-07
7.343750000000000e-01,6.931818181818182e-01,-6.100158619384852e-07,3.851579900475208e-07
7.542613636363636e-01,6.931818181818182e-01,-5.889350974051515e-07,3.593692146191591e-07
7.741477272727273e-01,6.931818181818182e-01,-5.671700578672141e-07,3.382561906878467e-07
7.940340909090909e-01,6.931818181818182e-01,-5.451220481593822e-07,3.201122196923506e-07
8.139204545454546e-01,6.931818181818182e-01,-5.229146029706784e-07,3.038712928488162e-07
8.338068181818181e-01,6.931818181818182e-01,-5.006781699798790e-07,2.909267798887797e-07
8.536931818181819e-01,6.931818181818182e-01,-4.785928651423091e-07,2.793140220122627e-07
8.735795454545454e-01,6.931818181818182e-01,-4.566586884579693e-07,2.690330192192654e-07
8.934659090909092e-01,6.931818181818182e-01,-4.352325121860496e-07,2.605389874059894e-07
9.133522727272727e-01,6.931818181818182e-01,-4.140991187879242e-07,2.526517212919885e-07
9.332386363636364e-01,6.931818181818182e-01,-3.934223960439855e-07,2.456092066856439e-07
9.531250000000000e-01,6.931818181818182e-01,-3.733801191959372e-07,2.392092970029336e-07
9.730113636363636e-01,6.931818181818182e-01,-3.536940645850205e-07,2.330749537771913e-07
9.928977272727273e-01,6.931818181818182e-01,-3.346797122810292e-07,2.272717493033639e-07
1.012784090909091e+00,6.931818181818182e-01,-3.162227503744634e-07,2.215394708279416e-07
1.032670454545455e+00,6.931818181818182e-01,-2.981365402907879e-07,2.158373589251040e-07
1.052556818181818e+00,6.931818181818182e-01,-2.808445065899500e-07,2.100151691440533e-07
1.072443181818182e+00,6.931818181818182e-01,-2.639664088206798e-07,2.040380454455675e-07
1.092329545454545e+00,6.931818181818182e-01,-2.475022469829777e-07,1.979059878296467e-07
1.112215909090909e+00,6.931818181818182e-01,-2.317723674807722e-07,1.913636375013722e-07
1.132102272727273e+00,6.931818181818182e-01,-2.163661273117247e-07,1.845990859386920e-07
1.151988636363636e+00,6.931818181818182e-01,-2.014407680805236e-07,1.774913819142533e-07
1.171875000000000e+00,6.931818181818182e-01,-1.870673909952725e-07,1.699183367443088e-07
1.191761363636364e+00,6.931818181818182e-01,-1.729851827668236e-07,1.620850939228596e-07
1.211647727272727e+00,6.931818181818182e-01,-1.594186115340331e-07,1.537631341913999e-07
1.231534090909091e+00,6.931818181818182e-01,-1.462447507627626e-07,1.450385964403340e-07
1.251420454545455e+00,6.931818181818182e-01,-1.333296248219725e-07,1.360470618000195e-07
1.271306818181818e+00,6.931818181818182e-01,-1.209418094553393e-07,1.264920755188511e-07
1.291193181818182e+00,6.931818181818182e-01,-1.088184246970567e-07,1.166548374276493e-07
1.311079545454545e+00,6.931818181818182e-01,-9.695947054712404e-08,1.065353475264136e-07
1.330965909090909e+00,6.931818181818182e-01,-8.556089584496176e-08,9.595205019328341e-08
1.350852272727273e+00,6.931818181818182e-01,-7.436596131994520e-08,8.518608722156764e-08
1.370738636363636e+00,6.931818181818182e-01,-6.347383426717633e-08,7.415554559096751e-08
1.390625000000000e+00,6.931818181818182e-01,-5.294103656331007e-08,6.288875262803488e-08
1.410511363636364e+00,6.931818181818182e-01,-4.260429244601049e-08,5.152170433433502e-08
1.430397727272727e+00,6.931818181818182e-01,-3.262708213055283e-08,4.002330449348785e-08
1.450284090909091e+00,6.931818181818182e-01,-2.295492353211181e-08,2.851729362621278e-08
1.470170454545455e+00,6.931818181818182e-01,-1.348868311085965e-08,1.701879552055270e-08
1.490056818181818e+00,6.931818181818182e-01,-4.496227703499250e-09,5.672931840090680e-09
6.349431818181818e-01,7.159090909090909e-01,-6.496049878627176e-07,6.338841154874624e-07
6.548295454545454e-01,7.159090909090909e-01,-6.373600384725091e-07,5.707998247824782e-07
6.747159090909091e-01,7.159090909090909e-01,-6.224052416420155e-07,5.231477172392374e-07
6.946022727272727e-01,7.159090909090909e-01,-6.064629105506794e-07,4.802742510995418e-07
7.144886363636364e-01,7.159090909090909e-01,-5.891182274354042e-07,4.438655756638315e-07
7.343750000000000e-01,7.159090909090909e-01,-5.705022551183935e-07,4.135640946803397e-07
7.542613636363636e-01,7.159090909090909e-01,-5.513095079315613e-07,3.862498950277611e-07
7.741477272727273e-01,7.159090909090909e-01,-5.312732087571195e-07,3.637818658029795e-07
7.940340909090909e-01,7.159090909090909e-01,-5.108899706173284e-07,3.444610632069584e-07
8.139204545454546e-01,7.159090909090909e-01,-4.903081711277429e-07,3.271606313253257e-07
8.338068181818181e-01,7.159090909090909e-01,-4.696507443961274e-07,3.133950486341397e-07
8.536931818181819e-01,7.159090909090909e-01,-4.491279923619952e-07,3.010626014861680e-07
8.735795454545454e-01,7.159090909090909e-01,-4.287399150253469e-07,2.901632898814111e-07
8.934659090909092e-01,7.159090909090909e-01,-4.088279008374280e-07,2.811816541333313e-07
9.133522727272727e-01,7.159090909090909e-01,-3.891902762324112e-07,2.728470637371748e-07
9.332386363636364e-01,7.159090909090909e-01,-3.699806364406399e-07,2.654116306250936e-07
9.531250000000000e-01,7.159090909090909e-01,-3.513608452832651e-07,2.586497567437650e-07
9.730113636363636e-01,7.159090909090909e-01,-3.330707451962992e-07,2.521630470287110e-07
9.928977272727273e-01,7.159090909090909e-01,-3.153996637331037e-07,2.460117133592443e-07
1.012784090909091e+00,7.159090909090909e-01,-2.982383930040391e-07,2.399190733306796e-07
1.032670454545455e+00,7.159090909090909e-01,-2.814159043753111e-07,2.338472334074612e-07
1.052556818181818e+00,7.159090909090909e-01,-2.653156166377940e-07,2.276218963361188e-07
1.072443181818182e+00,7.159090909090909e-01,-2.495902269967163e-07,2.212179115289229e-07
1.092329545454545e+00,7.159090909090909e-01,-2.342397354520785e-07,2.146352789858737e-07
1.112215909090909e+00,7.159090909090909e-01,-2.195525222944009e-07,2.075913994841510e-07
1.132102272727273e+00,7.159090909090909e-01,-2.051572490331261e-07,2.003001700644982e-07
1.151988636363636e+00,7.159090909090909e-01,-1.911956290394892e-07,1.926275757560797e-07
1.171875000000000e+00,7.159090909090909e-01,-1.777311585095962e-07,1.844410245906021e-07
1.191761363636364e+00,7.159090909090909e-01,-1.645287492806038e-07,1.759676012146018e-07
1.211647727272727e+00,7.159090909090909e-01,-1.517900820245029e-07,1.669562699237442e-07
1.231534090909091e+00,7.159090909090909e-01,-1.394037737693467e-07,1.575026250298890e-07
1.251420454545455e+00,7.159090909090909e-01,-1.272494706367319e-07,1.477556625567649e-07
1.271306818181818e+00,7.159090909090909e-01,-1.155664190903360e-07,1.373900586859088e-07
1.291193181818182e+00,7.159090909090909e-01,-1.041182172475283e-07,1.267145834344881e-07
1.311079545454545e+00,7.159090909090909e-01,-9.290486510830808e-08,1.157292368025023e-07
1.330965909090909e+00,7.159090909090909e-01,-8.209683312213753e-08,1.042347193786260e-07
1.350852272727273e+00,7.159090909090909e-01,-7.146651820984128e-08,9.253980386993212e-08
1.370738636363636e+00,7.159090909090909e-01,-6.109997277855783e-08,8.055467237975126e-08
1.390625000000000e+00,7.159090909090909e-01,-5.104310429847297e-08,6.831124421809780e-08
1.410511363636364e+00,7.159090909090909e-01,-4.115454634284563e-08,5.595866967158264e-08
1.430397727272727e+00,7.159090909090909e-01,-3.157345002569728e-08,4.346418838538059e-08
1.450284090909091e+00,7.159090909090909e-01,-2.225271098576145e-08,3.096435069518931e-08
1.470170454545455e+00,7.159090909090909e-01,-1.310786620873504e-08,1.847484099683552e-08
1.490056818181818e+00,7.159090909090909e-01,-4.369288736330836e-09,6.158280332293018e-09
6.349431818181818e-01,7.386363636363636e-01,-6.039463207883265e-07,6.575123036128284e-07
6.548295454545454e-01,7.386363636363636e-01,-5.924154072588460e-07,5.970866443437148e-07
6.747159090909091e-01,7.386363636363636e-01,-5.790221847215483e-07,5.486276869896064e-07
6.946022727272727e-01,7.386363636363636e-01,-5.646304949363390e-07,5.045640453008826e-07
7.144886363636364e-01,7.386363636363636e-01,-5.486994222752017e-07,4.667550438523889e-07
7.343750000000000e-01,7.386363636363636e-01,-5.313955719100467e-07,4.350783962265628e-07
7.542613636363636e-01,7.386363636363636e-01,-5.134855093687193e-07,4.064482920341076e-07
7.741477272727273e-01,7.386363636363636e-01,-4.947254465521106e-07,3.828564932746774e-07
7.940340909090909e-01,7.386363636363636e-01,-4.756557244956652e-07,3.625952362389733e-07
8.139204545454546e-01,7.386363636363636e-01,-4.564135167892390e-07,3.444738826255945e-07
8.338068181818181e-01,7.386363636363636e-01,-4.371654234763287e-07,3.301173610533103e-07
8.536931818181819e-01,7.386363636363636e-01,-4.180818259487891e-07,3.172839630186822e-07
8.735795454545454e-01,7.386363636363636e-01,-3.991627242066205e-07,3.059736885217106e-07
8.934659090909092e-01,7.386363636363636e-01,-3.807463253938416e-07,2.966858719047657e-07
9.133522727272727e-01,7.386363636363636e-01,-3.626046796715747e-07,2.880740534285342e-07
9.332386363636364e-01,7.386363636363636e-01,-3.448879844912367e-07,2.803989989760445e-07
9.531250000000000e-01,7.386363636363636e-01,-3.277349656817938e-07,2.734124372238234e-07
9.730113636363636e-01,7.386363636363636e-01,-3.108928392614690e-07,2.667034195759531e-07
9.928977272727273e-01,7.386363636363636e-01,-2.946269752303493e-07,2.603235709437673e-07
1.012784090909091e+00,7.386363636363636e-01,-2.788271588381659e-07,2.539860548767244e-07
1.032670454545455e+00,7.386363636363636e-01,-2.633364191307791e-07,2.476576410629226e-07
1.052556818181818e+00,7.386363636363636e-01,-2.484977767112119e-07,2.411418213485592e-07
1.072443181818182e+00,7.386363636363636e-01,-2.339949299988529e-07,2.344257155533303e-07
1.092329545454545e+00,7.386363636363636e-01,-2.198278789937026e-07,2.275093236772361e-07
1.112215909090909e+00,7.386363636363636e-01,-2.062520049825774e-07,2.200878126981532e-07
1.132102272727273e+00,7.386363636363636e-01,-1.929357201925776e-07,2.123979267209255e-07
1.151988636363636e+00,7.386363636363636e-01,-1.800048407245078e-07,2.042949053151428e-07
1.171875000000000e+00,7.386363636363636e-01,-1.675149978126063e-07,1.956383301221936e-07
1.191761363636364e+00,7.386363636363636e-01,-1.552574385617687e-07,1.866732690354499e-07
1.211647727272727e+00,7.386363636363636e-01,-1.434105495119969e-07,1.771306467919603e-07
1.231534090909091e+00,7.386363636363636e-01,-1.318748104290239e-07,1.671137730626805e-07
1.251420454545455e+00,7.386363636363636e-01,-1.205437798329597e-07,1.567824204402983e-07
1.271306818181818e+00,7.386363636363636e-01,-1.096267653620523e-07,1.457879918271809e-07
1.291193181818182e+00,7.386363636363636e-01,-9.891430660883705e-08,1.344614029510383e-07
1.311079545454545e+00,7.386363636363636e-01,-8.840640357331339e-08,1.228026538118700e-07
1.330965909090909e+00,7.386363636363636e-01,-7.824696893359009e-08,1.105982777059151e-07
1.350852272727273e+00,7.386363636363636e-01,-6.823817585190604e-08,9.817955087682509e-08
1.370738636363636e+00,7.386363636363636e-01,-5.845228810450467e-08,8.545054109533913e-08
1.390625000000000e+00,7.386363636363636e-01,-4.892320428328119e-08,7.244761280457310e-08
1.410511363636364e+00,7.386363636363636e-01,-3.953263382777149e-08,5.933017652311150e-08
1.430397727272727e+00,7.386363636363636e-01,-3.039314178703443e-08,4.606679611837958e-08
1.450284090909091e+00,7.386363636363636e-01,-2.146502174147889e-08,3.280604889625901e-08
1.470170454545455e+00,7.386363636363636e-01,-1.267986268017951e-08,1.956231736977566e-08
1.490056818181818e+00,7.386363636363636e-01,-4.226620893455763e-09,6.520772456607074e-09
6.349431818181818e-01,7.613636363636364e-01,-5.652171526419206e-07,6.730992633636809e-07
6.548295454545454e-01,7.613636363636364e-01,-5.526574463098315e-07,6.159130546666863e-07
6.747159090909091e-01,7.613636363636364e-01,-5.392774645257524e-07,5.672318564537116e-07
6.946022727272727e-01,7.613636363636364e-01,-5.251225149848637e-07,5.224360485125986e-07
7.144886363636364e-01,7.613636363636364e-01,-5.096862000827627e-07,4.834563262245877e-07
7.343750000000000e-01,7.613636363636364e-01,-4.930245214102713e-07,4.506276499247690e-07
7.542613636363636e-01,7.613636363636364e-01,-4.758395713391345e-07,4.209062363214578e-07
7.741477272727273e-01,7.613636363636364e-01,-4.579613232433541e-07,3.964270732838153e-07
7.940340909090909e-01,7.613636363636364e-01,-4.399087852214241e-07,3.754639828651597e-07
8.139204545454546e-01,7.613636363636364e-01,-4.217721959490069e-07,3.567602455184394e-07
8.338068181818181e-01,7.613636363636364e-01,-4.038017009980051e-07,3.420342403030843e-07
8.536931818181819e-01,7.613636363636364e-01,-3.860623483219075e-07,3.289059974064709e-07
8.735795454545454e-01,7.613636363636364e-01,-3.685541379207144e-07,3.173755168285995e-07
8.934659090909092e-01,7.613636363636364e-01,-3.516175051511577e-07,3.079420983075048e-07
9.133522727272727e-01,7.613636363636364e-01,-3.349685793415788e-07,2.992014566769778e-07
9.332386363636364e-01,7.613636363636364e-01,-3.187583845417326e-07,2.914174510108420e-07
9.531250000000000e-01,7.613636363636364e-01,-3.030967611889154e-07,2.843211199912433e-07
9.730113636363636e-01,7.613636363636364e-01,-2.877317561210218e-07,2.774977650429050e-07
9.928977272727273e-01,7.613636363636364e-01,-2.729057799841532e-07,2.709876477093178e-07
1.012784090909091e+00,7.613636363636364e-01,-2.585041048814589e-07,2.644998408296434e-07
1.032670454545455e+00,7.613636363636364e-01,-2.443830015496051e-07,2.580073796604537e-07
1.052556818181818e+00,7.613636363636364e-01,-2.308449348807547e-07,2.512932816715270e-07
1.072443181818182e+00,7.613636363636364e-01,-2.176036507221662e-07,2.443591064135799e-07
1.092329545454545e+00,7.613636363636364e-01,-2.046591490738398e-07,2.372048538866125e-07
1.112215909090909e+00,7.613636363636364e-01,-1.922335575730948e-07,2.295077322426353e-07
1.132102272727273e+00,7.613636363636364e-01,-1.800351136049207e-07,2.215247309274870e-07
1.151988636363636e+00,7.613636363636364e-01,-1.681736860980166e-07,2.131023126973553e-07
1.171875000000000e+00,7.613636363636364e-01,-1.566971067427795e-07,2.040943631066152e-07
1.191761363636364e+00,7.613636363636364e-01,-1.454230347833495e-07,1.947605776420183e-07
1.211647727272727e+00,7.613636363636364e-01,-1.345066417902119e-07,1.848175920005552e-07
1.231534090909091e+00,7.613636363636364e-01,-1.238603888571077e-07,1.743749388860872e-07
1.251420454545455e+00,7.613636363636364e-01,-1.133916905873204e-07,1.636009559533781e-07
1.271306818181818e+00,7.613636363636364e-01,-1.032801913959677e-07,1.521283949107927e-07
1.291193181818182e+00,7.613636363636364e-01,-9.334316475818894e-08,1.403057506688480e-07
1.311079545454545e+00,7.613636363636364e-01,-8.358061067398357e-08,1.281330232275434e-07
1.330965909090909e+00,7.613636363636364e-01,-7.410976218790656e-08,1.153853233421606e-07
1.350852272727273e+00,7.613636363636364e-01,-6.476225901426816e-08,1.024122507248573e-07
1.370738636363636e+00,7.613636363636364e-01,-5.559638739712436e-08,8.911311875927699e-08
1.390625000000000e+00,7.613636363636364e-01,-4.663304989806761e-08,7.552926174788864e-08
1.410511363636364e+00,7.613636363636364e-01,-3.777737453644803e-08,6.182819833271383e-08
1.430397727272727e+00,7.613636363636364e-01,-2.911392622734434e-08,4.798210314946349e-08
1.450284090909091e+00,7.613636363636364e-01,-2.061006299889433e-08,3.415124581351437e-08
1.470170454545455e+00,7.613636363636364e-01,-1.221431038162513e-08,2.034725094145040e-08
1.490056818181818e+00,7.613636363636364e-01,-4.071436793875706e-09,6.782416980497364e-09
6.349431818181818e-01,7.840909090909091e-01,-5.325507936147801e-07,6.809421141514388e-07
6.548295454545454e-01,7.840909090909091e-01,-5.179183622645389e-07,6.267462258440387e-07
6.747159090909091e-01,7.840909090909091e-01,-5.031859226799464e-07,5.783605528736722e-07
6.946022727272727e-01,7.840909090909091e-01,-4.880402461891854e-07,5.332948058653162e-07
7.144886363636364e-01,7.840909090909091e-01,-4.721645905613080e-07,4.934004342342202e-07
7.343750000000000e-01,7.840909090909091e-01,-4.554543647287071e-07,4.596781384460660e-07
7.542613636363636e-01,7.840909090909091e-01,-4.384175725013287e-07,4.291287370219743e-07
7.741477272727273e-01,7.840909090909091e-01,-4.210179403644897e-07,4.040412057565035e-07
7.940340909090909e-01,7.840909090909091e-01,-4.036848545061336e-07,3.826550824773916e-07
8.139204545454546e-01,7.840909090909091e-01,-3.864229292494078e-07,3.636456921357759e-07
8.338068181818181e-01,7.840909090909091e-01,-3.696054798026090e-07,3.488014389690166e-07
8.536931818181819e-01,7.840909090909091e-01,-3.531222351352036e-07,3.356095707449970e-07
8.735795454545454e-01,7.840909090909091e-01,-3.369731952471921e-07,3.240700874637175e-07
8.934659090909092e-01,7.840909090909091e-01,-3.215039604912581e-07,3.146655477454817e-07
9.133522727272727e-01,7.840909090909091e-01,-3.063465906606562e-07,3.059563016819868e-07
9.332386363636364e-01,7.840909090909091e-01,-2.916564508312101e-07,2.982029766267578e-07
9.531250000000000e-01,7.840909090909091e-01,-2.775088444142863e-07,2.911188596775233e-07
9.730113636363636e-01,7.840909090909091e-01,-2.636472062616177e-07,2.842954588829908e-07
9.928977272727273e-01,7.840909090909091e-01,-2.502915849986961e-07,2.777588092163714e-07
1.012784090909091e+00,7.840909090909091e-01,-2.373199645508842e-07,2.712206469154636e-07
1.032670454545455e+00,7.840909090909091e-01,-2.246012721449629e-07,2.646619570832560e-07
1.052556818181818e+00,7.840909090909091e-01,-2.123973050633861e-07,2.578473339251250e-07
1.072443181818182e+00,7.840909090909091e-01,-2.004512304363066e-07,2.507949675382391e-07
1.092329545454545e+00,7.840909090909091e-01,-1.887630482637246e-07,2.435048579225983e-07
1.112215909090909e+00,7.840909090909091e-01,-1.775216295563998e-07,2.356409098543374e-07
1.132102272727273e+00,7.840909090909091e-01,-1.664750076025090e-07,2.274774302093104e-07
1.151988636363636e+00,7.840909090909091e-01,-1.557171602480712e-07,2.188542482810826e-07
1.171875000000000e+00,7.840909090909091e-01,-1.452883121091198e-07,2.096218243648295e-07
1.191761363636364e+00,7.840909090909091e-01,-1.350324339874251e-07,2.000508323642684e-07
1.211647727272727e+00,7.840909090909091e-01,-1.250817800468521e-07,1.898476660426033e-07
1.231534090909091e+00,7.840909090909091e-01,-1.153608592940278e-07,1.791264526934290e-07
1.251420454545455e+00,7.840909090909091e-01,-1.057907556478047e-07,1.680617070721319e-07
1.271306818181818e+00,7.840909090909091e-01,-9.652209025365843e-08,1.562724926674713e-07
1.291193181818182e+00,7.840909090909091e-01,-8.739840290943818e-08,1.441199408397021e-07
1.311079545454545e+00,7.840909090909091e-01,-7.841969361514354e-08,1.316040515888238e-07
1.330965909090909e+00,7.840909090909091e-01,-6.967676806137503e-08,1.184913436983845e-07
1.350852272727273e+00,7.840909090909091e-01,-6.103001545416101e-08,1.051452725448520e-07
1.370738636363636e+00,7.840909090909091e-01,-5.252372717128746e-08,9.146178394476751e-08
1.390625000000000e+00,7.840909090909091e-01,-4.416484406824244e-08,7.748760491064481e-08
1.410511363636364e+00,7.840909090909091e-01,-3.588196272383493e-08,6.339620055902402e-08
1.430397727272727e+00,7.840909090909091e-01,-2.773034931460311e-08,4.916566047728180e-08
1.450284090909091e+00,7.840909090909091e-01,-1.968386342277186e-08,3.496777490128977e-08
1.470170454545455e+00,7.840909090909091e-01,-1.170879720117859e-08,2.080992097004080e-08
1.490056818181818e+00,7.840909090909091e-01,-3.902932400342788e-09,6.936640323368951e-09
6.349431818181818e-01,8.068181818181818e-01,-5.043383471497720e-07,6.784422125276316e-07
6.548295454545454e-01,8.068181818181818e-01,-4.875634001730403e-07,6.258538106664715e-07
6.747159090909091e-01,8.068181818181818e-01,-4.707404890327801e-07,5.777752319579416e-07
6.946022727272727e-01,8.068181818181818e-01,-4.537229686363086e-07,5.326619901758476e-07
7.144886363636364e-01,8.068181818181818e-01,-4.363617927705298e-07,4.922619178094361e-07
7.343750000000000e-01,8.068181818181818e-01,-4.187479594263636e-07,4.581008025785215e-07
7.542613636363636e-01,8.068181818181818e-01,-4.011183151839214e-07,4.272040182453716e-07
7.741477272727273e-01,8.068181818181818e-01,-3.836833551261886e-07,4.020374900685283e-07
7.940340909090909e-01,8.068181818181818e-01,-3.667086671919330e-07,3.807459673501503e-07
8.139204545454546e-01,8.068181818181818e-01,-3.500564845507679e-07,3.619368565002793e-07
8.338068181818181e-01,8.068181818181818e-01,-3.342726831613347e-07,3.474129494076429e-07
8.536931818181819e-01,8.068181818181818e-01,-3.189695578925827e-07,3.345519888103721e-07
8.735795454545454e-01,8.068181818181818e-01,-3.041471087445123e-07,3.233539747084675e-07
8.934659090909092e-01,8.068181818181818e-01,-2.901510944095670e-07,3.142570490550833e-07
9.133522727272727e-01,8.068181818181818e-01,-2.765001559020413e-07,3.058319913295386e-07
9.332386363636364e-01,8.068181818181818e-01,-2.633559244482067e-07,2.983253759350787e-07
9.531250000000000e-01,8.068181818181818e-01,-2.507526102184530e-07,2.914402025235210e-07
9.730113636363636e-01,8.068181818181818e-01,-2.384260432627248e-07,2.847910601927682e-07
9.928977272727273e-01,8.068181818181818e-01,-2.265732990876759e-07,2.783859231753983e-07
1.012784090909091e+00,8.068181818181818e-01,-2.150640813436238e-07,2.719503421267769e-07
1.032670454545455e+00,8.068181818181818e-01,-2.037800370034837e-07,2.654756228615720e-07
1.052556818181818e+00,8.068181818181818e-01,-1.929422226903373e-07,2.587119803398188e-07
1.072443181818182e+00,8.068181818181818e-01,-1.823235838641013e-07,2.516969506039241e-07
1.092329545454545e+00,8.068181818181818e-01,-1.719241205247758e-07,2.444305336538878e-07
1.112215909090909e+00,8.068181818181818e-01,-1.619001758473792e-07,2.365710008544450e-07
1.132102272727273e+00,8.068181818181818e-01,-1.520392993646235e-07,2.284047346976470e-07
1.151988636363636e+00,8.068181818181818e-01,-1.424199507405694e-07,2.197684722306045e-07
1.171875000000000e+00,8.068181818181818e-01,-1.330753769271745e-07,2.105128090550800e-07
1.191761363636364e+00,8.068181818181818e-01,-1.238752282534364e-07,2.009133849253553e-07
1.211647727272727e+00,8.068181818181818e-01,-1.149298636144470e-07,1.906729046720452e-07
1.231534090909091e+00,8.068181818181818e-01,-1.061757950670503e-07,1.799073972972478e-07
1.251420454545455e+00,8.068181818181818e-01,-9.754715332569168e-08,1.687936811505653e-07
1.271306818181818e+00,8.068181818181818e-01,-8.916747717910184e-08,1.569451135134537e-07
1.291193181818182e+00,8.068181818181818e-01,-8.090521636850437e-08,1.447274042827629e-07
1.311079545454545e+00,8.068181818181818e-01,-7.276037089389890e-08,1.321405534584926e-07
1.330965909090909e+00,8.068181818181818e-01,-6.479885870313675e-08,1.189466650737088e-07
1.350852272727273e+00,8.068181818181818e-01,-5.690760694685616e-08,1.055159086391375e-07
1.370738636363636e+00,8.068181818181818e-01,-4.911743936411008e-08,9.174284106948088e-08
1.390625000000000e+00,8.068181818181818e-01,-4.142009096593426e-08,7.767972210801621e-08
1.410511363636364e+00,8.068181818181818e-01,-3.376674428403049e-08,6.350300251005589e-08
1.430397727272727e+00,8.068181818181818e-01,-2.618191804388729e-08,4.919979863675286e-08
1.450284090909091e+00,8.068181818181818e-01,-1.864438780206610e-08,3.495377930149898e-08
1.470170454545455e+00,8.068181818181818e-01,-1.113921261104802e-08,2.076597670255582e-08
1.490056818181818e+00,8.068181818181818e-01,-3.713070870368074e-09,6.921992234187716e-09
6.349431818181818e-01,8.295454545454546e-01,-4.776378190724582e-07,6.667935794964049e-07
6.548295454545454e-01,8.295454545454546e-01,-4.585756219104583e-07,6.146590891461691e-07
6.747159090909091e-01,8.295454545454546e-01,-4.393441938663292e-07,5.663048491074807e-07
6.946022727272727e-01,8.295454545454546e-01,-4.200495929932998e-07,5.208412065358731e-07
7.144886363636364e-01,8.295454545454546e-01,-4.006647129965445e-07,4.800572201311045e-07
7.343750000000000e-01,8.295454545454546e-01,-3.816772935087384e-07,4.458823584777799e-07
7.542613636363636e-01,8.295454545454546e-01,-3.630521605811430e-07,4.151718402900518e-07
7.741477272727273e-01,8.295454545454546e-01,-3.453579511987050e-07,3.905547900580664e-07
7.940340909090909e-01,8.295454545454546e-01,-3.286313111380883e-07,3.699508131078384e-07
8.139204545454546e-01,8.295454545454546e-01,-3.125475470429838e-07,3.519063181156298e-07
8.338068181818181e-01,8.295454545454546e-01,-2.978331698419415e-07,3.381517815427554e-07
8.536931818181819e-01,8.295454545454546e-01,-2.837556963649313e-07,3.260121728915280e-07
8.735795454545454e-01,8.295454545454546e-01,-2.703151266119538e-07,3.154874921619479e-07
8.934659090909092e-01,8.295454545454546e-01,-2.578419852646601e-07,3.069500788132055e-07
9.133522727272727e-01,8.295454545454546e-01,-2.457421324379949e-07,2.990348922470520e-07
9.332386363636364e-01,8.295454545454546e-01,-2.341802473230581e-07,2.919645537906735e-07
9.531250000000000e-01,8.295454545454546e-01,-2.231485905000977e-07,2.854423484685883e-07
9.730113636363636e-01,8.295454545454546e-01,-2.123802755735867e-07,2.791212340521793e-07
9.928977272727273e-01,8.295454545454546e-01,-2.020473193087480e-07,2.729893198222898e-07
1.012784090909091e+00,8.295454545454546e-01,-1.920146049901479e-07,2.667958909940991e-07
1.032670454545455e+00,8.295454545454546e-01,-1.821776421190584e-07,2.605438770695383e-07
1.052556818181818e+00,8.295454545454546e-01,-1.727170340094401e-07,2.539745289910090e-07
1.072443181818182e+00,8.295454545454546e-01,-1.634371677165441e-07,2.471454107737061e-07
1.092329545454545e+00,8.295454545454546e-01,-1.543380432403704e-07,2.400565224176298e-07
1.112215909090909e+00,8.295454545454546e-01,-1.455449775119926e-07,2.323684515840315e-07
1.132102272727273e+00,8.295454545454546e-01,-1.368843833950014e-07,2.243733819860235e-07
1.151988636363636e+00,8.295454545454546e-01,-1.284198608134262e-07,2.159086783397345e-07
1.171875000000000e+00,8.295454545454546e-01,-1.201785287419153e-07,2.068284871501786e-07
1.191761363636364e+00,8.295454545454546e-01,-1.120546172647012e-07,1.974071267566233e-07
1.211647727272727e+00,8.295454545454546e-01,-1.041380574565105e-07,1.873503001583369e-07
1.231534090909091e+00,8.295454545454546e-01,-9.637714222653724e-08,1.767731508730433e-07
1.251420454545455e+00,8.295454545454546e-01,-8.871816537497530e-08,1.658508330627211e-07
1.271306818181818e+00,8.295454545454546e-01,-8.126028771119193e-08,1.541992104998591e-07
1.291193181818182e+00,8.295454545454546e-01,-7.389510256111207e-08,1.421802753604437e-07
1.311079545454545e+00,8.295454545454546e-01,-6.662260992473537e-08,1.297940276444744e-07
1.330965909090909e+00,8.295454545454546e-01,-5.948679530772422e-08,1.168020777839546e-07
1.350852272727273e+00,8.295454545454546e-01,-5.239791005534231e-08,1.035738632559877e-07
1.370738636363636e+00,8.295454545454546e-01,-4.537457301045768e-08,9.000423877739982e-08
1.390625000000000e+00,8.295454545454546e-01,-3.839276555417245e-08,7.614995462310370e-08
1.410511363636364e+00,8.295454545454546e-01,-3.142397281687152e-08,6.218816424877151e-08
1.430397727272727e+00,8.295454545454546e-01,-2.446137112724692e-08,4.811684407668187e-08
1.450284090909091e+00,8.295454545454546e-01,-1.748585484562318e-08,3.413287121777974e-08
1.470170454545455e+00,8.295454545454546e-01,-1.050183982665842e-08,2.022950397201418e-08
1.490056818181818e+00,8.295454545454546e-01,-3.500613275588708e-09,6.743167990671948e-09
6.349431818181818e-01,8.522727272727273e-01,-4.512407100563732e-07,6.472861823000165e-07
6.548295454545454e-01,8.522727272727273e-01,-4.297636429878102e-07,5.945263002300362e-07
6.747159090909091e-01,8.522727272727273e-01,-4.077996588342322e-07,5.451888453877079e-07
6.946022727272727e-01,8.522727272727273e-01,-3.858668585416684e-07,4.989601053710495e-07
7.144886363636364e-01,8.522727272727273e-01,-3.640576084876244e-07,4.578531775013833e-07
7.343750000000000e-01,8.522727272727273e-01,-3.434411230344034e-07,4.241044901904219e-07
7.542613636363636e-01,8.522727272727273e-01,-3.236533410562786e-07,3.941444414192416e-07
7.741477272727273e-01,8.522727272727273e-01,-3.057113738860174e-07,3.707178267352212e-07
7.940340909090909e-01,8.522727272727273e-01,-2.893131747694341e-07,3.513684011037799e-07
8.139204545454546e-01,8.522727272727273e-01,-2.739167882885131e-07,3.346039118716107e-07
8.338068181818181e-01,8.522727272727273e-01,-2.603945301279704e-07,3.219972304502417e-07
8.536931818181819e-01,8.522727272727273e-01,-2.476505448259345e-07,3.109015302296394e-07
8.735795454545454e-01,8.522727272727273e-01,-2.356848323824055e-07,3.013168112098041e-07
8.934659090909092e-01,8.522727272727273e-01,-2.247967778512131e-07,2.935370506381261e-07
9.133522727272727e-01,8.522727272727273e-01,-2.142985357084144e-07,2.863089567685151e-07
9.332386363636364e-01,8.522727272727273e-01,-2.043527416922467e-07,2.798239456390335e-07
9.531250000000000e-01,8.522727272727273e-01,-1.949127699607084e-07,2.737957855816611e-07
9.730113636363636e-01,8.522727272727273e-01,-1.857168213698117e-07,2.679270094139695e-07
9.928977272727273e-01,8.522727272727273e-01,-1.769098020099714e-07,2.621857897696642e-07
1.012784090909091e+00,8.522727272727273e-01,-1.683566794004541e-07,2.563524736351815e-07
1.032670454545455e+00,8.522727272727273e-01,-1.599681049008722e-07,2.504419009366160e-07
1.052556818181818e+00,8.522727272727273e-01,-1.518849570781212e-07,2.441921342229242e-07
1.072443181818182e+00,8.522727272727273e-01,-1.439446918268205e-07,2.376798255997558e-07
1.092329545454545e+00,8.522727272727273e-01,-1.361473091469703e-07,2.309049750671110e-07
1.112215909090909e+00,8.522727272727273e-01,-1.285888360550382e-07,2.235378242716948e-07
1.132102272727273e+00,8.522727272727273e-01,-1.211335671274225e-07,2.158699978636940e-07
1.151988636363636e+00,8.522727272727273e-01,-1.138309859064802e-07,2.077429661586551e-07
1.171875000000000e+00,8.522727272727273e-01,-1.067028607394692e-07,1.990174268459811e-07
1.191761363636364e+00,8.522727272727273e-01,-9.966676819781760e-08,1.899605165793077e-07
1.211647727272727e+00,8.522727272727273e-01,-9.279367256188610e-08,1.802870870889381e-07
1.231534090909091e+00,8.522727272727273e-01,-8.604331654429226e-08,1.701088421012928e-07
1.251420454545455e+00,8.522727272727273e-01,-7.937328155306108e-08,1.595956119519575e-07
1.271306818181818e+00,8.522727272727273e-01,-7.286096710543961e-08,1.483734644031983e-07
1.291193181818182e+00,8.522727272727273e-01,-6.641945572635754e-08,1.367930197488905e-07
1.311079545454545e+00,8.522727272727273e-01,-6.004874741581458e-08,1.248542779890334e-07
1.330965909090909e+00,8.522727272727273e-01,-5.377424947035351e-08,1.123220910750315e-07
1.350852272727273e+00,8.522727272727273e-01,-4.752643836251892e-08,9.955794689004929e-08
1.370738636363636e+00,8.522727272727273e-01,-4.131334212724667e-08,8.645844894633791e-08
1.390625000000000e+00,8.522727272727273e-01,-3.509542801686334e-08,7.308287513319768e-08
1.410511363636364e+00,8.522727272727273e-01,-2.886151388662360e-08,5.960723048612204e-08
1.430397727272727e+00,8.522727272727273e-01,-2.257375089202153e-08,4.604073531737872e-08
1.450284090909091e+00,8.522727272727273e-01,-1.621132929161457e-08,3.259519479786964e-08
1.470170454545455e+00,8.522727272727273e-01,-9.798267834232013e-09,1.925551784810056e-08
1.490056818181818e+00,8.522727272727273e-01,-3.266089278091958e-09,6.418505949372594e-09
6.349431818181818e-01,8.750000000000000e-01,-4.245093448158391e-07,6.197634733880354e-07
6.548295454545454e-01,8.750000000000000e-01,-4.004851163934309e-07,5.652202358445935e-07
6.747159090909091e-01,8.750000000000000e-01,-3.754252026478829e-07,5.140440635161540e-07
6.946022727272727e-01,8.750000000000000e-01,-3.504774694590727e-07,4.665273460817584e-07
7.144886363636364e-01,8.750000000000000e-01,-3.258750638555944e-07,4.251314384268724e-07
7.343750000000000e-01,8.750000000000000e-01,-3.034648119740414e-07,3.923059750549236e-07
7.542613636363636e-01,8.750000000000000e-01,-2.824594673753653e-07,3.637402627885683e-07
7.741477272727273e-01,8.750000000000000e-01,-2.644132957586460e-07,3.422231936264524e-07
7.940340909090909e-01,8.750000000000000e-01,-2.485388316203438e-07,3.247439145607379e-07
8.139204545454546e-01,8.750000000000000e-01,-2.340510456835332e-07,3.098048940559496e-07
8.338068181818181e-01,8.750000000000000e-01,-2.219055223553242e-07,2.987274174803031e-07
8.536931818181819e-01,8.750000000000000e-01,-2.106494567597115e-07,2.889963063205762e-07
8.735795454545454e-01,8.750000000000000e-01,-2.002828488966953e-07,2.806115605767694e-07
8.934659090909092e-01,8.750000000000000e-01,-1.910559861364297e-07,2.737797434363106e-07
9.133522727272727e-01,8.750000000000000e-01,-1.822187550392939e-07,2.674087321465821e-07
9.332386363636364e-01,8.750000000000000e-01,-1.739250500754108e-07,2.616521505046276e-07
9.531250000000000e-01,8.750000000000000e-01,-1.660949400098859e-07,2.562453729197045e-07
9.730113636363636e-01,8.750000000000000e-01,-1.584820033584446e-07,2.509506914188172e-07
9.928977272727273e-01,8.750000000000000e-01,-1.512017743269513e-07,2.457172248356965e-07
1.012784090909091e+00,8.750000000000000e-01,-1.441255568316276e-07,2.403630827569703e-07
1.032670454545455e+00,8.750000000000000e-01,-1.371806414280544e-07,2.349147695524067e-07
1.052556818181818e+00,8.750000000000000e-01,-1.304692365671259e-07,2.291137769579945e-07
1.072443181818182e+00,8.750000000000000e-01,-1.238636550197927e-07,2.230538997950868e-07
1.092329545454545e+00,8.750000000000000e-01,-1.173638967860550e-07,2.167351380636839e-07
1.112215909090909e+00,8.750000000000000e-01,-1.110387586323404e-07,2.098452003731086e-07
1.132102272727273e+00,8.750000000000000e-01,-1.047891435475472e-07,2.026680376123879e-07
1.151988636363636e+00,8.750000000000000e-01,-9.865129182188578e-08,1.950529556274444e-07
1.171875000000000e+00,8.750000000000000e-01,-9.264244471021909e-08,1.868703062069299e-07
1.191761363636364e+00,8.750000000000000e-01,-8.670208080887928e-08,1.783737701264742e-07
1.211647727272727e+00,8.750000000000000e-01,-8.088381739807668e-08,1.692938837284718e-07
1.231534090909091e+00,8.750000000000000e-01,-7.515841868890269e-08,1.597362022103121e-07
1.251420454545455e+00,8.750000000000000e-01,-6.949378551726332e-08,1.498613370064823e-07
1.271306818181818e+00,8.750000000000000e-01,-6.394841482181281e-08,1.393138264234145e-07
1.291193181818182e+00,8.750000000000000e-01,-5.845510232736508e-08,1.284247709693807e-07
1.311079545454545e+00,8.750000000000000e-01,-5.301384803391991e-08,1.171941706443805e-07
1.330965909090909e+00,8.750000000000000e-01,-4.763542958370487e-08,1.053941657036485e-07
1.350852272727273e+00,8.750000000000000e-01,-4.226716888096239e-08,9.337040192914961e-08
1.370738636363636e+00,8.750000000000000e-01,-3.690849177614628e-08,8.102271289297155e-08
1.390625000000000e+00,8.750000000000000e-01,-3.150505488667177e-08,6.841021156957133e-08
1.410511363636364e+00,8.750000000000000e-01,-2.605932753309104e-08,5.570593767248426e-08
1.430397727272727e+00,8.750000000000000e-01,-2.050329492911251e-08,4.292997662576753e-08
1.450284090909091e+00,8.750000000000000e-01,-1.480962570596156e-08,3.031118919760172e-08
1.470170454545455e+00,8.750000000000000e-01,-9.022023936332596e-09,1.782596965915400e-08
1.490056818181818e+00,8.750000000000000e-01,-3.007341312068813e-09,5.941989886397565e-09
6.349431818181818e-01,8.977272727272727e-01,-3.945679272315306e-07,5.791298888095967e-07
6.548295454545454e-01,8.977272727272727e-01,-3.674683736435714e-07,5.195388929090101e-07
6.747159090909091e-01,8.977272727272727e-01,-3.382349124843986e-07,4.642271549996864e-07
6.946022727272727e-01,8.977272727272727e-01,-3.093517044432043e-07,4.142421432314711e-07
7.144886363636364e-01,8.977272727272727e-01,-2.813944161396162e-07,3.732527258723071e-07
7.343750000000000e-01,8.977272727272727e-01,-2.576504976208342e-07,3.430016273731190e-07
7.542613636363636e-01,8.977272727272727e-01,-2.362542979254657e-07,3.176403697466154e-07
7.741477272727273e-01,8.977272727272727e-01,-2.192530307978075e-07,2.994702097933124e-07
7.940340909090909e-01,8.977272727272727e-01,-2.048420754937757e-07,2.848971711113832e-07
8.139204545454546e-01,8.977272727272727e-01,-1.920631953428273e-07,2.725730795127917e-07
8.338068181818181e-01,8.977272727272727e-01,-1.817934845668804e-07,2.635060908154476e-07
8.536931818181819e-01,8.977272727272727e-01,-1.724075423715815e-07,2.555310852187305e-07
8.735795454545454e-01,8.977272727272727e-01,-1.639053687569306e-07,2.486480627226406e-07
8.934659090909092e-01,8.977272727272727e-01,-1.564690614982617e-07,2.429856306005247e-07
9.133522727272727e-01,8.977272727272727e-01,-1.493813980584198e-07,2.376739724020013e-07
9.332386363636364e-01,8.977272727272727e-01,-1.427737119970225e-07,2.328247024449328e-07
9.531250000000000e-01,8.977272727272727e-01,-1.365518913801625e-07,2.282119261951802e-07
9.730113636363636e-01,8.977272727272727e-01,-1.305063003233853e-07,2.236640594371010e-07
9.928977272727273e-01,8.977272727272727e-01,-1.247210188757082e-07,2.191177004411752e-07
1.012784090909091e+00,8.977272727272727e-01,-1.190860441795525e-07,2.144338319008274e-07
1.032670454545455e+00,8.977272727272727e-01,-1.135471723461530e-07,2.096471396814414e-07
1.052556818181818e+00,8.977272727272727e-01,-1.081720889675979e-07,2.045168641220534e-07
1.072443181818182e+00,8.977272727272727e-01,-1.028691209228336e-07,1.991454264870728e-07
1.092329545454545e+00,8.977272727272727e-01,-9.763826821186026e-08,1.935328267764996e-07
1.112215909090909e+00,8.977272727272727e-01,-9.252575727066986e-08,1.873985556972870e-07
1.132102272727273e+00,8.977272727272727e-01,-8.746497488670630e-08,1.810041583791320e-07
1.151988636363636e+00,8.977272727272727e-01,-8.248091812224251e-08,1.742137652511537e-07
1.171875000000000e+00,8.977272727272727e-01,-7.758747351090874e-08,1.669126829781875e-07
1.191761363636364e+00,8.977272727272727e-01,-7.274273461548427e-08,1.593294310150763e-07
1.211647727272727e+00,8.977272727272727e-01,-6.798597119193056e-08,1.512222459997547e-07
1.231534090909091e+00,8.977272727272727e-01,-6.329765596608989e-08,1.426856736619379e-07
1.251420454545455e+00,8.977272727272727e-01,-5.865422933617385e-08,1.338639162099386e-07
1.271306818181818e+00,8.977272727272727e-01,-5.410000635868426e-08,1.244358829360333e-07
1.291193181818182e+00,8.977272727272727e-01,-4.958449660020245e-08,1.146982524136296e-07
1.311079545454545e+00,8.977272727272727e-01,-4.510770006072823e-08,1.046510246427270e-07
1.330965909090909e+00,8.977272727272727e-01,-4.067367765939966e-08,9.408278684671012e-08
1.350852272727273e+00,8.977272727272727e-01,-3.624139023477957e-08,8.330745814216940e-08
1.370738636363636e+00,8.977272727272727e-01,-3.180630319526061e-08,7.223150565191683e-08
1.390625000000000e+00,8.977272727272727e-01,-2.730685617045227e-08,6.090479076774342e-08
1.410511363636364e+00,8.977272727272727e-01,-2.274860455544670e-08,4.949304129437944e-08
1.430397727272727e+00,8.977272727272727e-01,-1.803909609500728e-08,3.802026072123764e-08
1.450284090909091e+00,8.977272727272727e-01,-1.313218041081582e-08,2.673513446817489e-08
1.470170454545455e+00,8.977272727272727e-01,-8.088743387639485e-09,1.560958107717314e-08
1.490056818181818e+00,8.977272727272727e-01,-2.696247795869885e-09,5.203193692394659e-09
6.349431818181818e-01,9.204545454545454e-01,-3.595687018740883e-07,5.312621822877762e-07
6.548295454545454e-01,9.204545454545454e-01,-3.291653316292826e-07,4.610317732386069e-07
6.747159090909091e-01,9.204545454545454e-01,-2.939291236606224e-07,3.993506897281136e-07
6.946022727272727e-01,9.204545454545454e-01,-2.601258295348881e-07,3.465528348290590e-07
7.144886363636364e-01,9.204545454545454e-01,-2.295709424728004e-07,3.085610386637006e-07
7.343750000000000e-01,9.204545454545454e-01,-2.062940186865326e-07,2.829305444500144e-07
7.542613636363636e-01,9.204545454545454e-01,-1.864076362786619e-07,2.624014528614150e-07
7.741477272727273e-01,9.204545454545454e-01,-1.716752756490939e-07,2.482162022797947e-07
7.940340909090909e-01,9.204545454545454e-01,-1.595806515790918e-07,2.369562515444539e-07
8.139204545454546e-01,9.204545454545454e-01,-1.491329725061653e-07,2.275144837262502e-07
8.338068181818181e-01,9.204545454545454e-01,-1.410452587983535e-07,2.205819282743632e-07
8.536931818181819e-01,9.204545454545454e-01,-1.337431427403901e-07,2.144629730282409e-07
8.735795454545454e-01,9.204545454545454e-01,-1.272266243322751e-07,2.091576179878835e-07
8.934659090909092e-01,9.204545454545454e-01,-1.216119246284769e-07,2.047316114252986e-07
9.133522727272727e-01,9.204545454545454e-01,-1.162808792282642e-07,2.005483513027157e-07
9.332386363636364e-01,9.204545454545454e-01,-1.113355443692923e-07,1.966802788290604e-07
9.531250000000000e-01,9.204545454545454e-01,-1.066824346645001e-07,1.929472247330619e-07
9.730113636363636e-01,9.204545454545454e-01,-1.021591830443342e-07,1.892391246114554e-07
9.928977272727273e-01,9.204545454545454e-01,-9.781985258028540e-08,1.854875040182966e-07
1.012784090909091e+00,9.204545454545454e-01,-9.357903526158420e-08,1.815947401167232e-07
1.032670454545455e+00,9.204545454545454e-01,-8.940067534667566e-08,1.775993743768262e-07
1.052556818181818e+00,9.204545454545454e-01,-8.532277785356212e-08,1.732895530772710e-07
1.072443181818182e+00,9.204545454545454e-01,-8.128749011857096e-08,1.687674011510535e-07
1.092329545454545e+00,9.204545454545454e-01,-7.729481214170235e-08,1.640329185981740e-07
1.112215909090909e+00,9.204545454545454e-01,-7.337214440445426e-08,1.588473127334597e-07
1.132102272727273e+00,9.204545454545454e-01,-6.948087123218010e-08,1.534385102147319e-07
1.151988636363636e+00,9.204545454545454e-01,-6.563641455137300e-08,1.476904169465720e-07
1.171875000000000e+00,9.204545454545454e-01,-6.184972649012753e-08,1.415067802965979e-07
1.191761363636364e+00,9.204545454545454e-01,-5.809478436116937e-08,1.350826948419315e-07
1.211647727272727e+00,9.204545454545454e-01,-5.439847536436971e-08,1.282125071518744e-07
1.231534090909091e+00,9.204545454545454e-01,-5.074959674026578e-08,1.209764626340908e-07
1.251420454545455e+00,9.204545454545454e-01,-4.713197045619558e-08,1.134973067762764e-07
1.271306818181818e+00,9.204545454545454e-01,-4.357807190087280e-08,1.055000028094208e-07
1.291193181818182e+00,9.204545454545454e-01,-4.005226798335898e-08,9.723651804076352e-08
1.311079545454545e+00,9.204545454545454e-01,-3.655455870365397e-08,8.870685247030426e-08
1.330965909090909e+00,9.204545454545454e-01,-3.308659004789865e-08,7.972457857989081e-08
1.350852272727273e+00,9.204545454545454e-01,-2.961696504895112e-08,7.055975704324226e-08
1.370738636363636e+00,9.204545454545454e-01,-2.614024069971067e-08,6.112901858767165e-08
1.390625000000000e+00,9.204545454545454e-01,-2.259685069687076e-08,5.146896916445219e-08
1.410511363636364e+00,9.204545454545454e-01,-1.899072588514329e-08,4.172886011990399e-08
1.430397727272727e+00,9.204545454545454e-01,-1.522123909442750e-08,3.192451009813260e-08
1.450284090909091e+00,9.204545454545454e-01,-1.120226381434256e-08,2.231835293226618e-08
1.470170454545455e+00,9.204545454545454e-01,-7.007942280516930e-09,1.288692891434077e-08
1.490056818181818e+00,9.204545454545454e-01,-2.335980760173447e-09,4.295642971446959e-09
6.349431818181818e-01,9.431818181818182e-01,-3.161889112356195e-07,4.777634961201137e-07
6.548295454545454e-01,9.431818181818182e-01,-2.800917103790203e-07,3.850390844905142e-07
6.747159090909091e-01,9.431818181818182e-01,-2.379963598951371e-07,3.169188463375440e-07
6.946022727272727e-01,9.431818181818182e-01,-1.999894431133642e-07,2.632646105316635e-07
7.144886363636364e-01,9.431818181818182e-01,-1.701722200207058e-07,2.322424472383958e-07
7.343750000000000e-01,9.431818181818182e-01,-1.498952093531422e-07,2.131175471804931e-07
7.542613636363636e-01,9.431818181818182e-01,-1.335834397098762e-07,1.985415451047238e-07
7.741477272727273e-01,9.431818181818182e-01,-1.222706747306072e-07,1.887475723947453e-07
7.940340909090909e-01,9.431818181818182e-01,-1.132501091512542e-07,1.810269116398352e-07
8.139204545454546e-01,9.431818181818182e-01,-1.056503273539485e-07,1.745876446990695e-07
8.338068181818181e-01,9.431818181818182e-01,-9.996596127942106e-08,1.698325776666866e-07
8.536931818181819e-01,9.431818181818182e-01,-9.488860668894455e-08,1.656065808875041e-07
8.735795454545454e-01,9.431818181818182e-01,-9.041826358251913e-08,1.619096543615220e-07
8.934659090909092e-01,9.431818181818182e-01,-8.661264898837525e-08,1.587615077552497e-07
9.133522727272727e-01,9.431818181818182e-01,-8.300768822350750e-08,1.557559947052365e-07
9.332386363636364e-01,9.431818181818182e-01,-7.967186501886698e-08,1.529312371445297e-07
9.531250000000000e-01,9.431818181818182e-01,-7.652589347780384e-08,1.501577883412528e-07
9.730113636363636e-01,9.431818181818182e-01,-7.346130472405397e-08,1.473792043307179e-07
9.928977272727273e-01,9.431818181818182e-01,-7.050526786020863e-08,1.445304824694737e-07
1.012784090909091e+00,9.431818181818182e-01,-6.760072906968067e-08,1.415521721014743e-07
1.032670454545455e+00,9.431818181818182e-01,-6.472837186774734e-08,1.384816104240877e-07
1.052556818181818e+00,9.431818181818182e-01,-6.190244478803096e-08,1.351476987178975e-07
1.072443181818182e+00,9.431818181818182e-01,-5.909490931328581e-08,1.316421445946948e-07
1.092329545454545e+00,9.431818181818182e-01,-5.630576544351196e-08,1.279649480544796e-07
1.112215909090909e+00,9.431818181818182e-01,-5.354762162679083e-08,1.239292787714218e-07
1.132102272727273e+00,9.431818181818182e-01,-5.080444755991482e-08,1.197175910096742e-07
1.151988636363636e+00,9.431818181818182e-01,-4.808392672772190e-08,1.152387046737553e-07
1.171875000000000e+00,9.431818181818182e-01,-4.539430492147088e-08,1.104183554798461e-07
1.191761363636364e+00,9.431818181818182e-01,-4.272243835193056e-08,1.054096439953763e-07
1.211647727272727e+00,9.431818181818182e-01,-4.008477529105428e-08,1.000517336368411e-07
1.231534090909091e+00,9.431818181818182e-01,-3.747678218304251e-08,9.440720387978567e-08
1.251420454545455e+00,9.431818181818182e-01,-3.488851937414421e-08,8.857211377905790e-08
1.271306818181818e+00,9.431818181818182e-01,-3.234246746081102e-08,8.232976819990282e-08
1.291193181818182e+00,9.431818181818182e-01,-2.981599225587892e-08,7.587684596510671e-08
1.311079545454545e+00,9.431818181818182e-01,-2.730909375934782e-08,6.921334707466928e-08
1.330965909090909e+00,9.431818181818182e-01,-2.482407507989793e-08,6.218758758168094e-08
1.350852272727273e+00,9.431818181818182e-01,-2.233790149346825e-08,5.501308993790141e-08
1.370738636363636e+00,9.431818181818182e-01,-1.984661956134058e-08,4.762102278305077e-08
1.390625000000000e+00,9.431818181818182e-01,-1.730163250887319e-08,4.003242736931980e-08
1.410511363636364e+00,9.431818181818182e-01,-1.470255236821517e-08,3.237064494636050e-08
1.430397727272727e+00,9.431818181818182e-01,-1.195883602453122e-08,2.463703841511104e-08
1.450284090909091e+00,9.431818181818182e-01,-8.948752593883046e-09,1.707450236517163e-08
1.470170454545455e+00,9.431818181818182e-01,-5.742797005990522e-09,9.679470920104970e-09
1.490056818181818e+00,9.431818181818182e-01,-1.914265668663491e-09,3.226490306701588e-09
6.349431818181818e-01,9.659090909090909e-01,-2.567714787457132e-07,4.203932905130132e-07
6.548295454545454e-01,9.659090909090909e-01,-2.082216900968108e-07,2.796760866320306e-07
6.747159090909091e-01,9.659090909090909e-01,-1.599905688930514e-07,2.089280707491751e-07
6.946022727272727e-01,9.659090909090909e-01,-1.217017199586245e-07,1.609070285431443e-07
7.144886363636364e-01,9.659090909090909e-01,-1.012648379242839e-07,1.441064975402724e-07
7.343750000000000e-01,9.659090909090909e-01,-8.834530506845663e-08,1.334589303060632e-07
7.542613636363636e-01,9.659090909090909e-01,-7.838132432957443e-08,1.252689076514069e-07
7.741477272727273e-01,9.659090909090909e-01,-7.173701884097758e-08,1.199369180197818e-07
7.940340909090909e-01,9.659090909090909e-01,-6.652861320256453e-08,1.157018277337830e-07
8.139204545454546e-01,9.659090909090909e-01,-6.220668574778926e-08,1.121442821880632e-07
8.338068181818181e-01,9.659090909090909e-01,-5.903858687342227e-08,1.094727674364473e-07
8.536931818181819e-01,9.659090909090909e-01,-5.622413481424797e-08,1.070705528555860e-07
8.735795454545454e-01,9.659090909090909e-01,-5.376332957026644e-08,1.049376384454794e-07
8.934659090909092e-01,9.659090909090909e-01,-5.167333905423426e-08,1.030709820117260e-07
9.133522727272727e-01,9.659090909090909e-01,-4.969017202365433e-08,1.012669820516460e-07
9.332386363636364e-01,9.659090909090909e-01,-4.784794368917233e-08,9.953889725514451e-08
9.531250000000000e-01,9.659090909090909e-01,-4.609563343269673e-08,9.781040568804121e-08
9.730113636363636e-01,9.659090909090909e-01,-4.437968891927196e-08,9.606327280377771e-08
9.928977272727273e-01,9.659090909090909e-01,-4.270716738569391e-08,9.424819519386210e-08
1.012784090909091e+00,9.659090909090909e-01,-4.105002433457954e-08,9.233688906312233e-08
1.032670454545455e+00,9.659090909090909e-01,-3.940209920210320e-08,9.035809430755027e-08
1.052556818181818e+00,9.659090909090909e-01,-3.776294019412815e-08,8.819693119066669e-08
1.072443181818182e+00,9.659090909090909e-01,-3.612625257807982e-08,8.592038802772783e-08
1.092329545454545e+00,9.659090909090909e-01,-3.449203635395827e-08,8.352846481873374e-08
1.112215909090909e+00,9.659090909090909e-01,-3.286346982296534e-08,8.089914873316286e-08
1.132102272727273e+00,9.659090909090909e-01,-3.123894682306623e-08,7.815404275870434e-08
1.151988636363636e+00,9.659090909090909e-01,-2.962091991393356e-08,7.523338476715867e-08
1.171875000000000e+00,9.659090909090909e-01,-2.801485618783577e-08,7.208926727273372e-08
1.191761363636364e+00,9.659090909090909e-01,-2.641639238757618e-08,6.882196383973469e-08
1.211647727272727e+00,9.659090909090909e-01,-2.483383179902190e-08,6.532643813484338e-08
1.231534090909091e+00,9.659090909090909e-01,-2.326683533704237e-08,6.164343040915875e-08
1.251420454545455e+00,9.659090909090909e-01,-2.171035654387363e-08,5.783570963798443e-08
1.271306818181818e+00,9.659090909090909e-01,-2.017819986442774e-08,5.376075609228522e-08
1.291193181818182e+00,9.659090909090909e-01,-1.865849639791482e-08,4.954674925188477e-08
1.311079545454545e+00,9.659090909090909e-01,-1.715124614433480e-08,4.519368911678289e-08
1.330965909090909e+00,9.659090909090909e-01,-1.566088227935070e-08,4.059854132708542e-08
1.350852272727273e+00,9.659090909090909e-01,-1.417248660038435e-08,3.590208797482420e-08
1.370738636363636e+00,9.659090909090909e-01,-1.268529554090589e-08,3.105680443904597e-08
1.390625000000000e+00,9.659090909090909e-01,-1.117202834087919e-08,2.606844644129813e-08
1.410511363636364e+00,9.659090909090909e-01,-9.628374558199380e-09,2.102264040908029e-08
1.430397727272727e+00,9.659090909090909e-01,-7.999379446339688e-09,1.590926604577536e-08
1.450284090909091e+00,9.659090909090909e-01,-6.178905843854295e-09,1.086275295618703e-08
1.470170454545455e+00,9.659090909090909e-01,-4.190156234425581e-09,5.928869877191693e-09
1.490056818181818e+00,9.659090909090909e-01,-1.396718744808507e-09,1.976289959063866e-09
6.349431818181818e-01,9.886363636363636e-01,-6.944588069333686e-08,3.808550475530139e-07
6.548295454545454e-01,9.886363636363636e-01,-7.103517419745981e-08,1.122840010776844e-07
6.747159090909091e-01,9.886363636363636e-01,-5.463267091556026e-08,7.106517229113782e-08
6.946022727272727e-01,9.886363636363636e-01,-4.069663802337531e-08,5.385902937984706e-08
7.144886363636364e-01,9.886363636363636e-01,-3.369142369535680e-08,4.839618321018436e-08
7.343750000000000e-01,9.886363636363636e-01,-2.932784255740762e-08,4.490967388973071e-08
7.542613636363636e-01,9.886363636363636e-01,-2.599311269346790e-08,4.222175562536082e-08
7.741477272727273e-01,9.886363636363636e-01,-2.378920431082687e-08,4.048566771742233e-08
7.940340909090909e-01,9.886363636363636e-01,-2.206851862144666e-08,3.910406990746417e-08
8.139204545454546e-01,9.886363636363636e-01,-2.064590201709795e-08,3.794140431788632e-08
8.338068181818181e-01,9.886363636363636e-01,-1.960824184460815e-08,3.706465133006086e-08
8.536931818181819e-01,9.886363636363636e-01,-1.868766393814942e-08,3.627401794603499e-08
8.735795454545454e-01,9.886363636363636e-01,-1.788416829772176e-08,3.556950416580873e-08
8.934659090909092e-01,9.886363636363636e-01,-1.720215465907878e-08,3.494896956137654e-08
9.133522727272727e-01,9.886363636363636e-01,-1.655472090860825e-08,3.434758380725350e-08
9.332386363636364e-01,9.886363636363636e-01,-1.595271037198564e-08,3.376903809780776e-08
9.531250000000000e-01,9.886363636363636e-01,-1.537885488256667e-08,3.318799376595991e-08
9.730113636363636e-01,9.886363636363636e-01,-1.481617707042699e-08,3.259955685924007e-08
9.928977272727273e-01,9.886363636363636e-01,-1.426632902777439e-08,3.198651246705842e-08
1.012784090909091e+00,9.886363636363636e-01,-1.372043136097887e-08,3.133999224848302e-08
1.032670454545455e+00,9.886363636363636e-01,-1.317684186141734e-08,3.067005628835748e-08
1.052556818181818e+00,9.886363636363636e-01,-1.263472804359647e-08,2.993748554536830e-08
1.072443181818182e+00,9.886363636363636e-01,-1.209278926770148e-08,2.916551580249343e-08
1.092329545454545e+00,9.886363636363636e-01,-1.155102553373239e-08,2.835414705973291e-08
1.112215909090909e+00,9.886363636363636e-01,-1.101016394454078e-08,2.746195726486563e-08
1.132102272727273e+00,9.886363636363636e-01,-1.047027608398551e-08,2.653039971903022e-08
1.151988636363636e+00,9.886363636363636e-01,-9.932016022621826e-09,2.553917082866693e-08
1.171875000000000e+00,9.886363636363636e-01,-9.397245489502317e-09,2.447204772612533e-08
1.191761363636364e+00,9.886363636363636e-01,-8.864776960738867e-09,2.336309229828345e-08
1.211647727272727e+00,9.886363636363636e-01,-8.337259586370125e-09,2.217664588985224e-08
1.231534090909091e+00,9.886363636363636e-01,-7.814760720469943e-09,2.092653044557468e-08
1.251420454545455e+00,9.886363636363636e-01,-7.295667705487203e-09,1.963405786194554e-08
1.271306818181818e+00,9.886363636363636e-01,-6.784605969047210e-09,1.825077439230292e-08
1.291193181818182e+00,9.886363636363636e-01,-6.277748878425201e-09,1.682017715008437e-08
1.311079545454545e+00,9.886363636363636e-01,-5.775096433621153e-09,1.534226613528985e-08
1.330965909090909e+00,9.886363636363636e-01,-5.278357519739015e-09,1.378178565282217e-08
1.350852272727273e+00,9.886363636363636e-01,-4.782476268635951e-09,1.218662281070529e-08
1.370738636363636e+00,9.886363636363636e-01,-4.287320013946018e-09,1.054046441674377e-08
1.390625000000000e+00,9.886363636363636e-01,-3.783937389047252e-09,8.844708663743789e-09
1.410511363636364e+00,9.886363636363636e-01,-3.270582666162692e-09,7.128778124334639e-09
1.430397727272727e+00,9.886363636363636e-01,-2.728889954205726e-09,5.388470727130328e-09
1.450284090909091e+00,9.886363636363636e-01,-2.120972727309345e-09,3.667739738205075e-09
1.470170454545455e+00,9.886363636363636e-01,-1.453118595629077e-09,1.985470817028194e-09
1.490056818181818e+00,9.886363636363636e-01,-4.843728652096851e-10,6.618236056760547e-10
