x,y,ux,uy
6.349431818181818e-01,1.136363636363636e-02,1.977823444861268e-04,9.865810627660639e-04
6.548295454545454e-01,1.136363636363636e-02,1.880424526354739e-04,6.306890517311724e-04
6.747159090909091e-01,1.136363636363636e-02,1.783025607848210e-04,2.747970406962812e-04
6.946022727272727e-01,1.136363636363636e-02,1.674161930286071e-04,3.963286224194821e-05
7.144886363636364e-01,1.136363636363636e-02,1.544661686423833e-04,2.177878243262148e-05
7.343750000000000e-01,1.136363636363636e-02,1.415161442561596e-04,3.924702623294749e-06
7.542613636363636e-01,1.136363636363636e-02,1.300972453774354e-04,-1.098696365806542e-05
7.741477272727273e-01,1.136363636363636e-02,1.242924733595428e-04,-1.510978033688153e-05
7.940340909090909e-01,1.136363636363636e-02,1.184877013416502e-04,-1.923259701569766e-05
8.139204545454546e-01,1.136363636363636e-02,1.128033142685080e-04,-2.314989438066762e-05
8.338068181818181e-01,1.136363636363636e-02,1.086839314771213e-04,-2.439544066563771e-05
8.536931818181819e-01,1.136363636363636e-02,1.045645486857345e-04,-2.564098695060781e-05
8.735795454545454e-01,1.136363636363636e-02,1.004451658943478e-04,-2.688653323557790e-05
8.934659090909092e-01,1.136363636363636e-02,9.673862582827608e-05,-2.700206460886444e-05
9.133522727272727e-01,1.136363636363636e-02,9.306384289492097e-05,-2.703067175817530e-05
9.332386363636364e-01,1.136363636363636e-02,8.938905996156584e-05,-2.705927890748617e-05
9.531250000000000e-01,1.136363636363636e-02,8.586196911890956e-05,-2.673300183142000e-05
9.730113636363636e-01,1.136363636363636e-02,8.237515793735296e-05,-2.630993814843282e-05
9.928977272727273e-01,1.136363636363636e-02,7.888834675579637e-05,-2.588687446544564e-05
1.012784090909091e+00,1.136363636363636e-02,7.549237338976027e-05,-2.535897612086988e-05
1.032670454545455e+00,1.136363636363636e-02,7.214686547679113e-05,-2.477283629763379e-05
1.052556818181818e+00,1.136363636363636e-02,6.880135756382202e-05,-2.418669647439771e-05
1.072443181818182e+00,1.136363636363636e-02,6.552725206796794e-05,-2.358137218362609e-05
1.092329545454545e+00,1.136363636363636e-02,6.232454898922895e-05,-2.295686342531896e-05
1.112215909090909e+00,1.136363636363636e-02,5.912184591048993e-05,-2.233235466701181e-05
1.132102272727273e+00,1.136363636363636e-02,5.597181169248255e-05,-2.171003701936743e-05
1.151988636363636e+00,1.136363636363636e-02,5.291658142379205e-05,-2.109166337091598e-05
1.171875000000000e+00,1.136363636363636e-02,4.986135115510153e-05,-2.047328972246453e-05
1.191761363636364e+00,1.136363636363636e-02,4.683699383991403e-05,-1.985569628263933e-05
1.211647727272727e+00,1.136363636363636e-02,4.392583735423769e-05,-1.924096360777704e-05
1.231534090909091e+00,1.136363636363636e-02,4.101468086856134e-05,-1.862623093291474e-05
1.251420454545455e+00,1.136363636363636e-02,3.811228796431619e-05,-1.800849676730666e-05
1.271306818181818e+00,1.136363636363636e-02,3.532382161867704e-05,-1.735174322200338e-05
1.291193181818182e+00,1.136363636363636e-02,3.253535527303794e-05,-1.669498967670012e-05
1.311079545454545e+00,1.136363636363636e-02,2.974688892739878e-05,-1.603823613139685e-05
1.330965909090909e+00,1.136363636363636e-02,2.701269144928518e-05,-1.523095484871790e-05
1.350852272727273e+00,1.136363636363636e-02,2.428266849944280e-05,-1.441209450931776e-05
1.370738636363636e+00,1.136363636363636e-02,2.155264554960043e-05,-1.359323416991762e-05
1.390625000000000e+00,1.136363636363636e-02,1.870698858595630e-05,-1.244893703530661e-05
1.410511363636364e+00,1.136363636363636e-02,1.582979507309351e-05,-1.121588441109263e-05
1.430397727272727e+00,1.136363636363636e-02,1.295260156023076e-05,-9.982831786878672e-06
1.450284090909091e+00,1.136363636363636e-02,9.485821265871085e-06,-7.590589880355980e-06
1.470170454545455e+00,1.136363636363636e-02,5.691492759568634e-06,-4.554353928106181e-06
1.490056818181818e+00,1.136363636363636e-02,1.897164253266182e-06,-1.518117975856381e-06
6.349431818181818e-01,3.409090909090909e-02,6.478475710747650e-04,9.722080560879331e-04
6.548295454545454e-01,3.409090909090909e-02,5.980060704784575e-04,6.565723432785324e-04
6.747159090909091e-01,3.409090909090909e-02,5.481645698821500e-04,3.409366304691316e-04
6.946022727272727e-01,3.409090909090909e-02,5.022485790849409e-04,1.188985867236044e-04
7.144886363636364e-01,3.409090909090909e-02,4.633985059261088e-04,6.533634729305079e-05
7.343750000000000e-01,3.409090909090909e-02,4.245484327672766e-04,1.177410786249716e-05
7.542613636363636e-01,3.409090909090909e-02,3.902917361308237e-04,-3.296089098285596e-05
7.741477272727273e-01,3.409090909090909e-02,3.728774200764284e-04,-4.532934101580728e-05
7.940340909090909e-01,3.409090909090909e-02,3.554631040220331e-04,-5.769779104875862e-05
8.139204545454546e-01,3.409090909090909e-02,3.384099428018461e-04,-6.944968314048749e-05
8.338068181818181e-01,3.409090909090909e-02,3.260517944263680e-04,-7.318632199632487e-05
8.536931818181819e-01,3.409090909090909e-02,3.136936460508896e-04,-7.692296085216229e-05
8.735795454545454e-01,3.409090909090909e-02,3.013354976754113e-04,-8.065959970799964e-05
8.934659090909092e-01,3.409090909090909e-02,2.902158774822513e-04,-8.100619382826277e-05
9.133522727272727e-01,3.409090909090909e-02,2.791915286877313e-04,-8.109201527655863e-05
9.332386363636364e-01,3.409090909090909e-02,2.681671798932111e-04,-8.117783672485449e-05
9.531250000000000e-01,3.409090909090909e-02,2.575859073644528e-04,-8.019900549617438e-05
9.730113636363636e-01,3.409090909090909e-02,2.471254738172658e-04,-7.892981444650080e-05
9.928977272727273e-01,3.409090909090909e-02,2.366650402700787e-04,-7.766062339682723e-05
1.012784090909091e+00,3.409090909090909e-02,2.264771201709121e-04,-7.607692836279299e-05
1.032670454545455e+00,3.409090909090909e-02,2.164405964317565e-04,-7.431850889300285e-05
1.052556818181818e+00,3.409090909090909e-02,2.064040726926011e-04,-7.256008942321271e-05
1.072443181818182e+00,3.409090909090909e-02,1.965817562043261e-04,-7.074411655158495e-05
1.092329545454545e+00,3.409090909090909e-02,1.869736469669317e-04,-6.887059027811961e-05
1.112215909090909e+00,3.409090909090909e-02,1.773655377295372e-04,-6.699706400465425e-05
1.132102272727273e+00,3.409090909090909e-02,1.679154350757746e-04,-6.513011106128856e-05
1.151988636363636e+00,3.409090909090909e-02,1.587497442725492e-04,-6.327499011210228e-05
1.171875000000000e+00,3.409090909090909e-02,1.495840534693237e-04,-6.141986916291596e-05
1.191761363636364e+00,3.409090909090909e-02,1.405109815259080e-04,-5.956708884120975e-05
1.211647727272727e+00,3.409090909090909e-02,1.317775120684624e-04,-5.772289082026397e-05
1.231534090909091e+00,3.409090909090909e-02,1.230440426110167e-04,-5.587869279931819e-05
1.251420454545455e+00,3.409090909090909e-02,1.143368638977009e-04,-5.402549030586391e-05
1.271306818181818e+00,3.409090909090909e-02,1.059714648580753e-04,-5.205522966979945e-05
1.291193181818182e+00,3.409090909090909e-02,9.760606581844995e-05,-5.008496903373503e-05
1.311079545454545e+00,3.409090909090909e-02,8.924066677882439e-05,-4.811470839767057e-05
1.330965909090909e+00,3.409090909090909e-02,8.103807434462474e-05,-4.569286454681655e-05
1.350852272727273e+00,3.409090909090909e-02,7.284800549545792e-05,-4.323628352559415e-05
1.370738636363636e+00,3.409090909090909e-02,6.465793664629111e-05,-4.077970250437174e-05
1.390625000000000e+00,3.409090909090909e-02,5.612096575651210e-05,-3.734681110143426e-05
1.410511363636364e+00,3.409090909090909e-02,4.748938521929340e-05,-3.364765323075631e-05
1.430397727272727e+00,3.409090909090909e-02,3.885780468207480e-05,-2.994849536007839e-05
1.450284090909091e+00,3.409090909090909e-02,2.845746379911645e-05,-2.277176964118232e-05
1.470170454545455e+00,3.409090909090909e-02,1.707447827963589e-05,-1.366306178438717e-05
1.490056818181818e+00,3.409090909090909e-02,5.691492760155332e-06,-4.554353927592020e-06
6.349431818181818e-01,5.681818181818182e-02,1.097912797663403e-03,9.578350494098024e-04
6.548295454545454e-01,5.681818181818182e-02,1.007969688321441e-03,6.824556348258922e-04
6.747159090909091e-01,5.681818181818182e-02,9.180265789794792e-04,4.070762202419820e-04
6.946022727272727e-01,5.681818181818182e-02,8.370809651412749e-04,1.981643112052606e-04
7.144886363636364e-01,5.681818181818182e-02,7.723308432098343e-04,1.088939121534801e-04
7.343750000000000e-01,5.681818181818182e-02,7.075807212783936e-04,1.962351310169957e-05
7.542613636363636e-01,5.681818181818182e-02,6.504862268842122e-04,-5.493481830764651e-05
7.741477272727273e-01,5.681818181818182e-02,6.214623667933142e-04,-7.554890169473304e-05
7.940340909090909e-01,5.681818181818182e-02,5.924385067024162e-04,-9.616298508181957e-05
8.139204545454546e-01,5.681818181818182e-02,5.640165713351843e-04,-1.157494719003074e-04
8.338068181818181e-01,5.681818181818182e-02,5.434196573756147e-04,-1.219772033270120e-04
8.536931818181819e-01,5.681818181818182e-02,5.228227434160447e-04,-1.282049347537167e-04
8.735795454545454e-01,5.681818181818182e-02,5.022258294564749e-04,-1.344326661804214e-04
8.934659090909092e-01,5.681818181818182e-02,4.836931291362264e-04,-1.350103230476611e-04
9.133522727272727e-01,5.681818181818182e-02,4.653192144805416e-04,-1.351533587949420e-04
9.332386363636364e-01,5.681818181818182e-02,4.469452998248565e-04,-1.352963945422228e-04
9.531250000000000e-01,5.681818181818182e-02,4.293098456099960e-04,-1.336650091609288e-04
9.730113636363636e-01,5.681818181818182e-02,4.118757896971787e-04,-1.315496907445688e-04
9.928977272727273e-01,5.681818181818182e-02,3.944417337843612e-04,-1.294343723282088e-04
1.012784090909091e+00,5.681818181818182e-02,3.774618669520638e-04,-1.267948806047161e-04
1.032670454545455e+00,5.681818181818182e-02,3.607343273867219e-04,-1.238641814883719e-04
1.052556818181818e+00,5.681818181818182e-02,3.440067878213802e-04,-1.209334823720277e-04
1.072443181818182e+00,5.681818181818182e-02,3.276362603406843e-04,-1.179068609195438e-04
1.092329545454545e+00,5.681818181818182e-02,3.116227449446345e-04,-1.147843171309203e-04
1.112215909090909e+00,5.681818181818182e-02,2.956092295485845e-04,-1.116617733422967e-04
1.132102272727273e+00,5.681818181818182e-02,2.798590584590667e-04,-1.085501851032097e-04
1.151988636363636e+00,5.681818181818182e-02,2.645829071213063e-04,-1.054583168532886e-04
1.171875000000000e+00,5.681818181818182e-02,2.493067557835458e-04,-1.023664486033674e-04
1.191761363636364e+00,5.681818181818182e-02,2.341849692119021e-04,-9.927848139978019e-05
1.211647727272727e+00,5.681818181818182e-02,2.196291867826870e-04,-9.620481803275092e-05
1.231534090909091e+00,5.681818181818182e-02,2.050734043534720e-04,-9.313115466572165e-05
1.251420454545455e+00,5.681818181818182e-02,1.905614398310855e-04,-9.004248384442117e-05
1.271306818181818e+00,5.681818181818182e-02,1.766191080974736e-04,-8.675871611759552e-05
1.291193181818182e+00,5.681818181818182e-02,1.626767763638620e-04,-8.347494839076995e-05
1.311079545454545e+00,5.681818181818182e-02,1.487344446302500e-04,-8.019118066394429e-05
1.330965909090909e+00,5.681818181818182e-02,1.350634572399643e-04,-7.615477424491521e-05
1.350852272727273e+00,5.681818181818182e-02,1.214133424914731e-04,-7.206047254187054e-05
1.370738636363636e+00,5.681818181818182e-02,1.077632277429818e-04,-6.796617083882587e-05
1.390625000000000e+00,5.681818181818182e-02,9.353494292706790e-05,-6.224468516756191e-05
1.410511363636364e+00,5.681818181818182e-02,7.914897536549331e-05,-5.607942205041998e-05
1.430397727272727e+00,5.681818181818182e-02,6.476300780391885e-05,-4.991415893327812e-05
1.450284090909091e+00,5.681818181818182e-02,4.742910633236182e-05,-3.795294940200867e-05
1.470170454545455e+00,5.681818181818182e-02,2.845746379970315e-05,-2.277176964066816e-05
1.490056818181818e+00,5.681818181818182e-02,9.485821267044483e-06,-7.590589879327659e-06
6.349431818181818e-01,7.954545454545454e-02,1.403936825221958e-03,9.294914112987316e-04
6.548295454545454e-01,7.954545454545454e-02,1.310002516125364e-03,6.795448154020984e-04
6.747159090909091e-01,7.954545454545454e-02,1.216068207028769e-03,4.295982195054653e-04
6.946022727272727e-01,7.954545454545454e-02,1.129318658639679e-03,2.316839324007010e-04
7.144886363636364e-01,7.954545454545454e-02,1.055501679524096e-03,1.274278011213009e-04
7.343750000000000e-01,7.954545454545454e-02,9.816847004085140e-04,2.317166984190089e-05
7.542613636363636e-01,7.954545454545454e-02,9.149117040933196e-04,-6.501171174541820e-05
7.741477272727273e-01,7.954545454545454e-02,8.739666447128806e-04,-9.426167779510731e-05
7.940340909090909e-01,7.954545454545454e-02,8.330215853324416e-04,-1.235116438447964e-04
8.139204545454546e-01,7.954545454545454e-02,7.928301462617247e-04,-1.512826480270231e-04
8.338068181818181e-01,7.954545454545454e-02,7.624357712173956e-04,-1.598271479322391e-04
8.536931818181819e-01,7.954545454545454e-02,7.320413961730659e-04,-1.683716478374553e-04
8.735795454545454e-01,7.954545454545454e-02,7.016470211287368e-04,-1.769161477426713e-04
8.934659090909092e-01,7.954545454545454e-02,6.746369169059056e-04,-1.778349238892044e-04
9.133522727272727e-01,7.954545454545454e-02,6.478871412078054e-04,-1.781671059004542e-04
9.332386363636364e-01,7.954545454545454e-02,6.211373655097052e-04,-1.784992879117040e-04
9.531250000000000e-01,7.954545454545454e-02,5.958318940723747e-04,-1.763541944770270e-04
9.730113636363636e-01,7.954545454545454e-02,5.709203237970725e-04,-1.735334804661881e-04
9.928977272727273e-01,7.954545454545454e-02,5.460087535217703e-04,-1.707127664553493e-04
1.012784090909091e+00,7.954545454545454e-02,5.219479877312950e-04,-1.671676037911512e-04
1.032670454545455e+00,7.954545454545454e-02,4.983598910990568e-04,-1.632199696528648e-04
1.052556818181818e+00,7.954545454545454e-02,4.747717944668189e-04,-1.592723355145783e-04
1.072443181818182e+00,7.954545454545454e-02,4.517705767751338e-04,-1.551907440528596e-04
1.092329545454545e+00,7.954545454545454e-02,4.293562380240023e-04,-1.509751952677087e-04
1.112215909090909e+00,7.954545454545454e-02,4.069418992728706e-04,-1.467596464825577e-04
1.132102272727273e+00,7.954545454545454e-02,3.849197157492999e-04,-1.425581640791252e-04
1.151988636363636e+00,7.954545454545454e-02,3.636034116353388e-04,-1.383820011627858e-04
1.171875000000000e+00,7.954545454545454e-02,3.422871075213774e-04,-1.342058382464463e-04
1.191761363636364e+00,7.954545454545454e-02,3.211848209736885e-04,-1.300333661591735e-04
1.211647727272727e+00,7.954545454545454e-02,3.008672655023324e-04,-1.258744271118119e-04
1.231534090909091e+00,7.954545454545454e-02,2.805497100309763e-04,-1.217154880644504e-04
1.251420454545455e+00,7.954545454545454e-02,2.602889225004717e-04,-1.175341941757702e-04
1.271306818181818e+00,7.954545454545454e-02,2.407661182010386e-04,-1.130622873499482e-04
1.291193181818182e+00,7.954545454545454e-02,2.212433139016059e-04,-1.085903805241262e-04
1.311079545454545e+00,7.954545454545454e-02,2.017205096021728e-04,-1.041184736983042e-04
1.330965909090909e+00,7.954545454545454e-02,1.824999945123367e-04,-9.858875766220281e-05
1.350852272727273e+00,7.954545454545454e-02,1.633027324386237e-04,-9.297767168684922e-05
1.370738636363636e+00,7.954545454545454e-02,1.441054703649107e-04,-8.736658571149564e-05
1.390625000000000e+00,7.954545454545454e-02,1.241836605174495e-04,-7.939076147688948e-05
1.410511363636364e+00,7.954545454545454e-02,1.040642467316933e-04,-7.077000862612351e-05
1.430397727272727e+00,7.954545454545454e-02,8.394483294593744e-05,-6.214925577535764e-05
1.450284090909091e+00,7.954545454545454e-02,6.105855638159550e-05,-4.698783048849137e-05
1.470170454545455e+00,7.954545454545454e-02,3.663513382914991e-05,-2.819269829268024e-05
1.490056818181818e+00,7.954545454545454e-02,1.221171127670433e-05,-9.397566096869088e-06
6.349431818181818e-01,1.022727272727273e-01,1.661947119770486e-03,8.964908960433475e-04
6.548295454545454e-01,1.022727272727273e-01,1.576058413916265e-03,6.670359589879202e-04
6.747159090909091e-01,1.022727272727273e-01,1.490169708062045e-03,4.375810219324931e-04
6.946022727272727e-01,1.022727272727273e-01,1.407358121285439e-03,2.499548525007360e-04
7.144886363636364e-01,1.022727272727273e-01,1.330085348848537e-03,1.376204647915856e-04
7.343750000000000e-01,1.022727272727273e-01,1.252812576411636e-03,2.528607708243518e-05
7.542613636363636e-01,1.022727272727273e-01,1.180747510121000e-03,-7.112292722085027e-05
7.741477272727273e-01,1.022727272727273e-01,1.127777366366674e-03,-1.091388590359644e-04
7.940340909090909e-01,1.022727272727273e-01,1.074807222612348e-03,-1.471547908510785e-04
8.139204545454546e-01,1.022727272727273e-01,1.022712703319332e-03,-1.832269532760374e-04
8.338068181818181e-01,1.022727272727273e-01,9.820013020233544e-04,-1.940301136289796e-04
8.536931818181819e-01,1.022727272727273e-01,9.412899007273759e-04,-2.048332739819218e-04
8.735795454545454e-01,1.022727272727273e-01,9.005784994313980e-04,-2.156364343348640e-04
8.934659090909092e-01,1.022727272727273e-01,8.647362167141527e-04,-2.169330152714627e-04
9.133522727272727e-01,1.022727272727273e-01,8.292684815798873e-04,-2.174983208683427e-04
9.332386363636364e-01,1.022727272727273e-01,7.938007464456216e-04,-2.180636264652228e-04
9.531250000000000e-01,1.022727272727273e-01,7.606199792736987e-04,-2.154511070102398e-04
9.730113636363636e-01,1.022727272727273e-01,7.280629306369602e-04,-2.119719079956579e-04
9.928977272727273e-01,1.022727272727273e-01,6.955058820002217e-04,-2.084927089810760e-04
1.012784090909091e+00,1.022727272727273e-01,6.642678998432195e-04,-2.040919172924237e-04
1.032670454545455e+00,1.022727272727273e-01,6.337627323971815e-04,-1.991791296737322e-04
1.052556818181818e+00,1.022727272727273e-01,6.032575649511439e-04,-1.942663420550408e-04
1.072443181818182e+00,1.022727272727273e-01,5.735981639756138e-04,-1.891816734412943e-04
1.092329545454545e+00,1.022727272727273e-01,5.447845294705918e-04,-1.839251238324930e-04
1.112215909090909e+00,1.022727272727273e-01,5.159708949655697e-04,-1.786685742236916e-04
1.132102272727273e+00,1.022727272727273e-01,4.876860510085136e-04,-1.734287780330388e-04
1.151988636363636e+00,1.022727272727273e-01,4.603530300377963e-04,-1.682191379950533e-04
1.171875000000000e+00,1.022727272727273e-01,4.330200090670788e-04,-1.630094979570677e-04
1.191761363636364e+00,1.022727272727273e-01,4.059599607607390e-04,-1.578027483188411e-04
1.211647727272727e+00,1.022727272727273e-01,3.799008122237847e-04,-1.526065968130643e-04
1.231534090909091e+00,1.022727272727273e-01,3.538416636868304e-04,-1.474104453072876e-04
1.251420454545455e+00,1.022727272727273e-01,3.278507074151917e-04,-1.421841434380498e-04
1.271306818181818e+00,1.022727272727273e-01,3.027462505926591e-04,-1.365658868438197e-04
1.291193181818182e+00,1.022727272727273e-01,2.776417937701272e-04,-1.309476302495896e-04
1.311079545454545e+00,1.022727272727273e-01,2.525373369475947e-04,-1.253293736553595e-04
1.330965909090909e+00,1.022727272727273e-01,2.277402499103867e-04,-1.183467656525534e-04
1.350852272727273e+00,1.022727272727273e-01,2.029668067028195e-04,-1.112592075413954e-04
1.370738636363636e+00,1.022727272727273e-01,1.781933634952522e-04,-1.041716494302373e-04
1.390625000000000e+00,1.022727272727273e-01,1.525772915811063e-04,-9.395290520061702e-05
1.410511363636364e+00,1.022727272727273e-01,1.267314118378934e-04,-8.288020112050700e-05
1.430397727272727e+00,1.022727272727273e-01,1.008855320946809e-04,-7.180749704039711e-05
1.450284090909091e+00,1.022727272727273e-01,7.290727560282527e-05,-5.397394535019287e-05
1.470170454545455e+00,1.022727272727273e-01,4.374436536172317e-05,-3.238436720993600e-05
1.490056818181818e+00,1.022727272727273e-01,1.458145512062107e-05,-1.079478906967911e-05
6.349431818181818e-01,1.250000000000000e-01,1.919957414319013e-03,8.634903807879634e-04
6.548295454545454e-01,1.250000000000000e-01,1.842114311707167e-03,6.545271025737421e-04
6.747159090909091e-01,1.250000000000000e-01,1.764271209095321e-03,4.455638243595208e-04
6.946022727272727e-01,1.250000000000000e-01,1.685397583931199e-03,2.682257726007710e-04
7.144886363636364e-01,1.250000000000000e-01,1.604669018172978e-03,1.478131284618702e-04
7.343750000000000e-01,1.250000000000000e-01,1.523940452414757e-03,2.740048432296947e-05
7.542613636363636e-01,1.250000000000000e-01,1.446583316148681e-03,-7.723414269628233e-05
7.741477272727273e-01,1.250000000000000e-01,1.381588088020467e-03,-1.240160402768215e-04
7.940340909090909e-01,1.250000000000000e-01,1.316592859892254e-03,-1.707979378573606e-04
8.139204545454546e-01,1.250000000000000e-01,1.252595260376940e-03,-2.151712585250518e-04
8.338068181818181e-01,1.250000000000000e-01,1.201566832829313e-03,-2.282330793257200e-04
8.536931818181819e-01,1.250000000000000e-01,1.150538405281686e-03,-2.412949001263884e-04
8.735795454545454e-01,1.250000000000000e-01,1.099509977734059e-03,-2.543567209270566e-04
8.934659090909092e-01,1.250000000000000e-01,1.054835516522400e-03,-2.560311066537210e-04
9.133522727272727e-01,1.250000000000000e-01,1.010649821951969e-03,-2.568295358362313e-04
9.332386363636364e-01,1.250000000000000e-01,9.664641273815380e-04,-2.576279650187415e-04
9.531250000000000e-01,1.250000000000000e-01,9.254080644750225e-04,-2.545480195434526e-04
9.730113636363636e-01,1.250000000000000e-01,8.852055374768478e-04,-2.504103355251277e-04
9.928977272727273e-01,1.250000000000000e-01,8.450030104786729e-04,-2.462726515068027e-04
1.012784090909091e+00,1.250000000000000e-01,8.065878119551438e-04,-2.410162307936961e-04
1.032670454545455e+00,1.250000000000000e-01,7.691655736953061e-04,-2.351382896945996e-04
1.052556818181818e+00,1.250000000000000e-01,7.317433354354689e-04,-2.292603485955032e-04
1.072443181818182e+00,1.250000000000000e-01,6.954257511760937e-04,-2.231726028297290e-04
1.092329545454545e+00,1.250000000000000e-01,6.602128209171813e-04,-2.168750523972773e-04
1.112215909090909e+00,1.250000000000000e-01,6.249998906582685e-04,-2.105775019648255e-04
1.132102272727273e+00,1.250000000000000e-01,5.904523862677272e-04,-2.042993919869524e-04
1.151988636363636e+00,1.250000000000000e-01,5.571026484402538e-04,-1.980562748273207e-04
1.171875000000000e+00,1.250000000000000e-01,5.237529106127801e-04,-1.918131576676891e-04
1.191761363636364e+00,1.250000000000000e-01,4.907351005477895e-04,-1.855721304785087e-04
1.211647727272727e+00,1.250000000000000e-01,4.589343589452370e-04,-1.793387665143167e-04
1.231534090909091e+00,1.250000000000000e-01,4.271336173426845e-04,-1.731054025501247e-04
1.251420454545455e+00,1.250000000000000e-01,3.954124923299117e-04,-1.668340927003294e-04
1.271306818181818e+00,1.250000000000000e-01,3.647263829842797e-04,-1.600694863376911e-04
1.291193181818182e+00,1.250000000000000e-01,3.340402736386485e-04,-1.533048799750530e-04
1.311079545454545e+00,1.250000000000000e-01,3.033541642930165e-04,-1.465402736124148e-04
1.330965909090909e+00,1.250000000000000e-01,2.729805053084368e-04,-1.381047736429039e-04
1.350852272727273e+00,1.250000000000000e-01,2.426308809670153e-04,-1.295407433959415e-04
1.370738636363636e+00,1.250000000000000e-01,2.122812566255938e-04,-1.209767131489790e-04
1.390625000000000e+00,1.250000000000000e-01,1.809709226447631e-04,-1.085150489243445e-04
1.410511363636364e+00,1.250000000000000e-01,1.493985769440935e-04,-9.499039361489047e-05
1.430397727272727e+00,1.250000000000000e-01,1.178262312434243e-04,-8.146573830543656e-05
1.450284090909091e+00,1.250000000000000e-01,8.475599482405503e-05,-6.096006021189438e-05
1.470170454545455e+00,1.250000000000000e-01,5.085359689429642e-05,-3.657603612719175e-05
1.490056818181818e+00,1.250000000000000e-01,1.695119896453781e-05,-1.219201204248914e-05
6.349431818181818e-01,1.477272727272727e-01,2.145420173768815e-03,8.033969920860519e-04
6.548295454545454e-01,1.477272727272727e-01,2.069513586223968e-03,6.035322527331126e-04
6.747159090909091e-01,1.477272727272727e-01,1.993606998679121e-03,4.036675133801732e-04
6.946022727272727e-01,1.477272727272727e-01,1.916203286759613e-03,2.339987270832920e-04
7.144886363636364e-01,1.477272727272727e-01,1.836104750965719e-03,1.186826562873152e-04
7.343750000000000e-01,1.477272727272727e-01,1.756006215171824e-03,3.366585491338461e-06
7.542613636363636e-01,1.477272727272727e-01,1.677726622158367e-03,-9.734194396919462e-05
7.741477272727273e-01,1.477272727272727e-01,1.606116486006516e-03,-1.444894885331011e-04
7.940340909090909e-01,1.477272727272727e-01,1.534506349854664e-03,-1.916370330970076e-04
8.139204545454546e-01,1.477272727272727e-01,1.463724981017961e-03,-2.364322341848954e-04
8.338068181818181e-01,1.477272727272727e-01,1.403717587278188e-03,-2.506469700845421e-04
8.536931818181819e-01,1.477272727272727e-01,1.343710193538413e-03,-2.648617059841890e-04
8.735795454545454e-01,1.477272727272727e-01,1.283702799798639e-03,-2.790764418838357e-04
8.934659090909092e-01,1.477272727272727e-01,1.230619992012516e-03,-2.809238556535725e-04
9.133522727272727e-01,1.477272727272727e-01,1.178069844684368e-03,-2.818199369517777e-04
9.332386363636364e-01,1.477272727272727e-01,1.125519697356219e-03,-2.827160182499829e-04
9.531250000000000e-01,1.477272727272727e-01,1.076823576217020e-03,-2.793102457810936e-04
9.730113636363636e-01,1.477272727272727e-01,1.029178553129351e-03,-2.747312404666331e-04
9.928977272727273e-01,1.477272727272727e-01,9.815335300416830e-04,-2.701522351521726e-04
1.012784090909091e+00,1.477272727272727e-01,9.361683998880003e-04,-2.642816197178205e-04
1.032670454545455e+00,1.477272727272727e-01,8.920698769198643e-04,-2.576934431057507e-04
1.052556818181818e+00,1.477272727272727e-01,8.479713539517290e-04,-2.511052664936810e-04
1.072443181818182e+00,1.477272727272727e-01,8.052616283932216e-04,-2.442632207360171e-04
1.092329545454545e+00,1.477272727272727e-01,7.639407002443430e-04,-2.371673058327592e-04
1.112215909090909e+00,1.477272727272727e-01,7.226197720954640e-04,-2.300713909295011e-04
1.132102272727273e+00,1.477272727272727e-01,6.821105559422491e-04,-2.229902738213684e-04
1.151988636363636e+00,1.477272727272727e-01,6.430624213812288e-04,-2.159357927444611e-04
1.171875000000000e+00,1.477272727272727e-01,6.040142868202080e-04,-2.088813116675536e-04
1.191761363636364e+00,1.477272727272727e-01,5.653597375215099e-04,-2.018256686574711e-04
1.211647727272727e+00,1.477272727272727e-01,5.281483341846618e-04,-1.947657652257470e-04
1.231534090909091e+00,1.477272727272727e-01,4.909369308478138e-04,-1.877058617940228e-04
1.251420454545455e+00,1.477272727272727e-01,4.538192984428059e-04,-1.806020220191836e-04
1.271306818181818e+00,1.477272727272727e-01,4.179206881517262e-04,-1.729270097838499e-04
1.291193181818182e+00,1.477272727272727e-01,3.820220778606472e-04,-1.652519975485164e-04
1.311079545454545e+00,1.477272727272727e-01,3.461234675695673e-04,-1.575769853131827e-04
1.330965909090909e+00,1.477272727272727e-01,3.106990077298113e-04,-1.480136629891809e-04
1.350852272727273e+00,1.477272727272727e-01,2.753110210016960e-04,-1.383050860429740e-04
1.370738636363636e+00,1.477272727272727e-01,2.399230342735807e-04,-1.285965090967671e-04
1.390625000000000e+00,1.477272727272727e-01,2.039266299327369e-04,-1.148423025492055e-04
1.410511363636364e+00,1.477272727272727e-01,1.677642935156946e-04,-9.998474247400181e-05
1.430397727272727e+00,1.477272727272727e-01,1.316019570986527e-04,-8.512718239879825e-05
1.450284090909091e+00,1.477272727272727e-01,9.440998393702289e-05,-6.349390643206314e-05
1.470170454545455e+00,1.477272727272727e-01,5.664599036173275e-05,-3.809634385892131e-05
1.490056818181818e+00,1.477272727272727e-01,1.888199678644259e-05,-1.269878128577947e-05
6.349431818181818e-01,1.704545454545454e-01,2.370882933218617e-03,7.433036033841405e-04
6.548295454545454e-01,1.704545454545454e-01,2.296912860740769e-03,5.525374028924831e-04
6.747159090909091e-01,1.704545454545454e-01,2.222942788262920e-03,3.617712024008259e-04
6.946022727272727e-01,1.704545454545454e-01,2.147008989588028e-03,1.997716815658130e-04
7.144886363636364e-01,1.704545454545454e-01,2.067540483758459e-03,8.955218411276026e-05
7.343750000000000e-01,1.704545454545454e-01,1.988071977928890e-03,-2.066731334029251e-05
7.542613636363636e-01,1.704545454545454e-01,1.908869928168053e-03,-1.174497452421069e-04
7.741477272727273e-01,1.704545454545454e-01,1.830644883992564e-03,-1.649629367893807e-04
7.940340909090909e-01,1.704545454545454e-01,1.752419839817074e-03,-2.124761283366545e-04
8.139204545454546e-01,1.704545454545454e-01,1.674854701658983e-03,-2.576932098447391e-04
8.338068181818181e-01,1.704545454545454e-01,1.605868341727061e-03,-2.730608608433643e-04
8.536931818181819e-01,1.704545454545454e-01,1.536881981795139e-03,-2.884285118419897e-04
8.735795454545454e-01,1.704545454545454e-01,1.467895621863218e-03,-3.037961628406149e-04
8.934659090909092e-01,1.704545454545454e-01,1.406404467502633e-03,-3.058166046534240e-04
9.133522727272727e-01,1.704545454545454e-01,1.345489867416767e-03,-3.068103380673241e-04
9.332386363636364e-01,1.704545454545454e-01,1.284575267330901e-03,-3.078040714812242e-04
9.531250000000000e-01,1.704545454545454e-01,1.228239087959016e-03,-3.040724720187345e-04
9.730113636363636e-01,1.704545454545454e-01,1.173151568781855e-03,-2.990521454081385e-04
9.928977272727273e-01,1.704545454545454e-01,1.118064049604693e-03,-2.940318187975426e-04
1.012784090909091e+00,1.704545454545454e-01,1.065748987820857e-03,-2.875470086419449e-04
1.032670454545455e+00,1.704545454545454e-01,1.014974180144422e-03,-2.802485965169018e-04
1.052556818181818e+00,1.704545454545454e-01,9.641993724679890e-04,-2.729501843918588e-04
1.072443181818182e+00,1.704545454545454e-01,9.150975056103493e-04,-2.653538386423051e-04
1.092329545454545e+00,1.704545454545454e-01,8.676685795715048e-04,-2.574595592682410e-04
1.112215909090909e+00,1.704545454545454e-01,8.202396535326596e-04,-2.495652798941768e-04
1.132102272727273e+00,1.704545454545454e-01,7.737687256167711e-04,-2.416811556557844e-04
1.151988636363636e+00,1.704545454545454e-01,7.290221943222037e-04,-2.338153106616013e-04
1.171875000000000e+00,1.704545454545454e-01,6.842756630276359e-04,-2.259494656674182e-04
1.191761363636364e+00,1.704545454545454e-01,6.399843744952302e-04,-2.180792068364335e-04
1.211647727272727e+00,1.704545454545454e-01,5.973623094240867e-04,-2.101927639371772e-04
1.231534090909091e+00,1.704545454545454e-01,5.547402443529431e-04,-2.023063210379208e-04
1.251420454545455e+00,1.704545454545454e-01,5.122261045557002e-04,-1.943699513380378e-04
1.271306818181818e+00,1.704545454545454e-01,4.711149933191726e-04,-1.857845332300087e-04
1.291193181818182e+00,1.704545454545454e-01,4.300038820826458e-04,-1.771991151219797e-04
1.311079545454545e+00,1.704545454545454e-01,3.888927708461181e-04,-1.686136970139506e-04
1.330965909090909e+00,1.704545454545454e-01,3.484175101511858e-04,-1.579225523354579e-04
1.350852272727273e+00,1.704545454545454e-01,3.079911610363767e-04,-1.470694286900065e-04
1.370738636363636e+00,1.704545454545454e-01,2.675648119215677e-04,-1.362163050445551e-04
1.390625000000000e+00,1.704545454545454e-01,2.268823372207109e-04,-1.211695561740665e-04
1.410511363636364e+00,1.704545454545454e-01,1.861300100872957e-04,-1.049790913331131e-04
1.430397727272727e+00,1.704545454545454e-01,1.453776829538810e-04,-8.878862649215994e-05
1.450284090909091e+00,1.704545454545454e-01,1.040639730499907e-04,-6.602775265223190e-05
1.470170454545455e+00,1.704545454545454e-01,6.243838382916906e-05,-3.961665159065086e-05
1.490056818181818e+00,1.704545454545454e-01,2.081279460834738e-05,-1.320555052906981e-05
6.349431818181818e-01,1.931818181818182e-01,2.591992121672852e-03,6.739661599965089e-04
6.548295454545454e-01,1.931818181818182e-01,2.520636181066571e-03,4.921964763615572e-04
6.747159090909091e-01,1.931818181818182e-01,2.449280240460289e-03,3.104267927266055e-04
6.946022727272727e-01,1.931818181818182e-01,2.374571257242755e-03,1.567870183951456e-04
7.144886363636364e-01,1.931818181818182e-01,2.293826797324965e-03,5.378108080997114e-05
7.343750000000000e-01,1.931818181818182e-01,2.213082337407175e-03,-4.922485677520331e-05
7.542613636363636e-01,1.931818181818182e-01,2.131472060282882e-03,-1.401659956368052e-04
7.741477272727273e-01,1.931818181818182e-01,2.046687120068074e-03,-1.868695391786413e-04
7.940340909090909e-01,1.931818181818182e-01,1.961902179853266e-03,-2.335730827204772e-04
8.139204545454546e-01,1.931818181818182e-01,1.877643622242830e-03,-2.780785604454935e-04
8.338068181818181e-01,1.931818181818182e-01,1.800228038489224e-03,-2.940091825518532e-04
8.536931818181819e-01,1.931818181818182e-01,1.722812454735619e-03,-3.099398046582133e-04
8.735795454545454e-01,1.931818181818182e-01,1.645396870982013e-03,-3.258704267645731e-04
8.934659090909092e-01,1.931818181818182e-01,1.575905085437209e-03,-3.279031819656928e-04
9.133522727272727e-01,1.931818181818182e-01,1.507022822831545e-03,-3.288668704817939e-04
9.332386363636364e-01,1.931818181818182e-01,1.438140560225880e-03,-3.298305589978951e-04
9.531250000000000e-01,1.931818181818182e-01,1.374466397397084e-03,-3.257419959688002e-04
9.730113636363636e-01,1.931818181818182e-01,1.312212625416526e-03,-3.202755461546518e-04
9.928977272727273e-01,1.931818181818182e-01,1.249958853435967e-03,-3.148090963405034e-04
1.012784090909091e+00,1.931818181818182e-01,1.190925157078328e-03,-3.077332169639332e-04
1.032670454545455e+00,1.931818181818182e-01,1.133680391622310e-03,-2.997632100526841e-04
1.052556818181818e+00,1.931818181818182e-01,1.076435626166293e-03,-2.917932031414351e-04
1.072443181818182e+00,1.931818181818182e-01,1.021130280273246e-03,-2.834868730639716e-04
1.092329545454545e+00,1.931818181818182e-01,9.677643539431689e-04,-2.748442198202937e-04
1.112215909090909e+00,1.931818181818182e-01,9.143984276130917e-04,-2.662015665766158e-04
1.132102272727273e+00,1.931818181818182e-01,8.621312238370454e-04,-2.575659755621340e-04
1.151988636363636e+00,1.931818181818182e-01,8.118417206582541e-04,-2.489430965602052e-04
1.171875000000000e+00,1.931818181818182e-01,7.615522174794618e-04,-2.403202175582763e-04
1.191761363636364e+00,1.931818181818182e-01,7.117792916989760e-04,-2.316912991940589e-04
1.211647727272727e+00,1.931818181818182e-01,6.639004830456141e-04,-2.230402365014502e-04
1.231534090909091e+00,1.931818181818182e-01,6.160216743922520e-04,-2.143891738088415e-04
1.251420454545455e+00,1.931818181818182e-01,5.682659531670901e-04,-2.056836842669058e-04
1.271306818181818e+00,1.931818181818182e-01,5.221103685085386e-04,-1.962706456837209e-04
1.291193181818182e+00,1.931818181818182e-01,4.759547838499881e-04,-1.868576071005363e-04
1.311079545454545e+00,1.931818181818182e-01,4.297991991914366e-04,-1.774445685173514e-04
1.330965909090909e+00,1.931818181818182e-01,3.844747477365667e-04,-1.657687428413762e-04
1.350852272727273e+00,1.931818181818182e-01,3.392142296050574e-04,-1.539188566198020e-04
1.370738636363636e+00,1.931818181818182e-01,2.939537114735481e-04,-1.420689703982277e-04
1.390625000000000e+00,1.931818181818182e-01,2.487909364122393e-04,-1.259532884170359e-04
1.410511363636364e+00,1.931818181818182e-01,2.036548185518945e-04,-1.086742075923121e-04
1.430397727272727e+00,1.931818181818182e-01,1.585187006915501e-04,-9.139512676758844e-05
1.450284090909091e+00,1.931818181818182e-01,1.132716602483666e-04,-6.779183923946159e-05
1.470170454545455e+00,1.931818181818182e-01,6.796299614804976e-05,-4.067510354277710e-05
1.490056818181818e+00,1.931818181818182e-01,2.265433204773291e-05,-1.355836784609260e-05
6.349431818181818e-01,2.159090909090909e-01,2.800040597140386e-03,5.768965525517163e-04
6.548295454545454e-01,2.159090909090909e-01,2.733331638819379e-03,4.038173197597413e-04
6.747159090909091e-01,2.159090909090909e-01,2.666622680498371e-03,2.307380869677661e-04
6.946022727272727e-01,2.159090909090909e-01,2.592403219376419e-03,8.752950226491298e-05
7.144886363636364e-01,2.159090909090909e-01,2.504664853212767e-03,-1.911915877520262e-06
7.343750000000000e-01,2.159090909090909e-01,2.416926487049116e-03,-9.135333401995346e-05
7.542613636363636e-01,2.159090909090909e-01,2.328450670713139e-03,-1.707075933968616e-04
7.741477272727273e-01,2.159090909090909e-01,2.237270870411971e-03,-2.130756039668445e-04
7.940340909090909e-01,2.159090909090909e-01,2.146091070110803e-03,-2.554436145368275e-04
8.139204545454546e-01,2.159090909090909e-01,2.055410142655153e-03,-2.958370358689803e-04
8.338068181818181e-01,2.159090909090909e-01,1.971214562191255e-03,-3.105607971093429e-04
8.536931818181819e-01,2.159090909090909e-01,1.887018981727355e-03,-3.252845583497056e-04
8.735795454545454e-01,2.159090909090909e-01,1.802823401263456e-03,-3.400083195900682e-04
8.934659090909092e-01,2.159090909090909e-01,1.726554130705165e-03,-3.415712442152132e-04
9.133522727272727e-01,2.159090909090909e-01,1.650894576293460e-03,-3.421217967930338e-04
9.332386363636364e-01,2.159090909090909e-01,1.575235021881755e-03,-3.426723493708543e-04
9.531250000000000e-01,2.159090909090909e-01,1.505129099923366e-03,-3.381334130561399e-04
9.730113636363636e-01,2.159090909090909e-01,1.436537804997699e-03,-3.322064343161886e-04
9.928977272727273e-01,2.159090909090909e-01,1.367946510072033e-03,-3.262794555762373e-04
1.012784090909091e+00,2.159090909090909e-01,1.302888070309644e-03,-3.186818834795134e-04
1.032670454545455e+00,2.159090909090909e-01,1.239792327860186e-03,-3.101562039623600e-04
1.052556818181818e+00,2.159090909090909e-01,1.176696585410729e-03,-3.016305244452068e-04
1.072443181818182e+00,2.159090909090909e-01,1.115753747273446e-03,-2.927471570317730e-04
1.092329545454545e+00,2.159090909090909e-01,1.056963813448340e-03,-2.835061017220589e-04
1.112215909090909e+00,2.159090909090909e-01,9.981738796232338e-04,-2.742650464123447e-04
1.132102272727273e+00,2.159090909090909e-01,9.406067076945775e-04,-2.650326096842841e-04
1.151988636363636e+00,2.159090909090909e-01,8.852405071795302e-04,-2.558156864031997e-04
1.171875000000000e+00,2.159090909090909e-01,8.298743066644822e-04,-2.465987631221153e-04
1.191761363636364e+00,2.159090909090909e-01,7.750850495927982e-04,-2.373790540876729e-04
1.211647727272727e+00,2.159090909090909e-01,7.224112518134487e-04,-2.281491306242514e-04
1.231534090909091e+00,2.159090909090909e-01,6.697374540340992e-04,-2.189192071608299e-04
1.251420454545455e+00,2.159090909090909e-01,6.172049292739667e-04,-2.096348280258154e-04
1.271306818181818e+00,2.159090909090909e-01,5.665089537636635e-04,-1.996425251600937e-04
1.291193181818182e+00,2.159090909090909e-01,5.158129782533614e-04,-1.896502222943722e-04
1.311079545454545e+00,2.159090909090909e-01,4.651170027430582e-04,-1.796579194286505e-04
1.330965909090909e+00,2.159090909090909e-01,4.155481908139666e-04,-1.674268368262187e-04
1.350852272727273e+00,2.159090909090909e-01,3.660660837757379e-04,-1.550235403978863e-04
1.370738636363636e+00,2.159090909090909e-01,3.165839767375093e-04,-1.426202439695538e-04
1.390625000000000e+00,2.159090909090909e-01,2.675582113144316e-04,-1.261064565143308e-04
1.410511363636364e+00,2.159090909090909e-01,2.186569026954862e-04,-1.084716260517740e-04
1.430397727272727e+00,2.159090909090909e-01,1.697555940765412e-04,-9.083679558921739e-05
1.450284090909091e+00,2.159090909090909e-01,1.211404417029665e-04,-6.724664692787409e-05
1.470170454545455e+00,2.159090909090909e-01,7.268426502126361e-05,-4.034798815609342e-05
1.490056818181818e+00,2.159090909090909e-01,2.422808833956068e-05,-1.344932938431277e-05
6.349431818181818e-01,2.386363636363636e-01,3.008089072607921e-03,4.798269451069239e-04
6.548295454545454e-01,2.386363636363636e-01,2.946027096572186e-03,3.154381631579253e-04
6.747159090909091e-01,2.386363636363636e-01,2.883965120536453e-03,1.510493812089267e-04
6.946022727272727e-01,2.386363636363636e-01,2.810235181510083e-03,1.827198613468031e-05
7.144886363636364e-01,2.386363636363636e-01,2.715502909100569e-03,-5.760491256501166e-05
7.343750000000000e-01,2.386363636363636e-01,2.620770636691055e-03,-1.334818112647037e-04
7.542613636363636e-01,2.386363636363636e-01,2.525429281143396e-03,-2.012491911569180e-04
7.741477272727273e-01,2.386363636363636e-01,2.427854620755868e-03,-2.392816687550479e-04
7.940340909090909e-01,2.386363636363636e-01,2.330279960368339e-03,-2.773141463531776e-04
8.139204545454546e-01,2.386363636363636e-01,2.233176663067477e-03,-3.135955112924671e-04
8.338068181818181e-01,2.386363636363636e-01,2.142201085893284e-03,-3.271124116668324e-04
8.536931818181819e-01,2.386363636363636e-01,2.051225508719091e-03,-3.406293120411979e-04
8.735795454545454e-01,2.386363636363636e-01,1.960249931544898e-03,-3.541462124155632e-04
8.934659090909092e-01,2.386363636363636e-01,1.877203175973121e-03,-3.552393064647336e-04
9.133522727272727e-01,2.386363636363636e-01,1.794766329755376e-03,-3.553767231042736e-04
9.332386363636364e-01,2.386363636363636e-01,1.712329483537630e-03,-3.555141397438137e-04
9.531250000000000e-01,2.386363636363636e-01,1.635791802449648e-03,-3.505248301434796e-04
9.730113636363636e-01,2.386363636363636e-01,1.560862984578874e-03,-3.441373224777255e-04
9.928977272727273e-01,2.386363636363636e-01,1.485934166708099e-03,-3.377498148119712e-04
1.012784090909091e+00,2.386363636363636e-01,1.414850983540960e-03,-3.296305499950935e-04
1.032670454545455e+00,2.386363636363636e-01,1.345904264098062e-03,-3.205491978720359e-04
1.052556818181818e+00,2.386363636363636e-01,1.276957544655164e-03,-3.114678457489784e-04
1.072443181818182e+00,2.386363636363636e-01,1.210377214273647e-03,-3.020074409995744e-04
1.092329545454545e+00,2.386363636363636e-01,1.146163272953512e-03,-2.921679836238241e-04
1.112215909090909e+00,2.386363636363636e-01,1.081949331633376e-03,-2.823285262480737e-04
1.132102272727273e+00,2.386363636363636e-01,1.019082191552109e-03,-2.724992438064342e-04
1.151988636363636e+00,2.386363636363636e-01,9.586392937008064e-04,-2.626882762461943e-04
1.171875000000000e+00,2.386363636363636e-01,8.981963958495027e-04,-2.528773086859543e-04
1.191761363636364e+00,2.386363636363636e-01,8.383908074866203e-04,-2.430668089812869e-04
1.211647727272727e+00,2.386363636363636e-01,7.809220205812833e-04,-2.332580247470526e-04
1.231534090909091e+00,2.386363636363636e-01,7.234532336759463e-04,-2.234492405128182e-04
1.251420454545455e+00,2.386363636363636e-01,6.661439053808432e-04,-2.135859717847250e-04
1.271306818181818e+00,2.386363636363636e-01,6.109075390187884e-04,-2.030144046364665e-04
1.291193181818182e+00,2.386363636363636e-01,5.556711726567347e-04,-1.924428374882082e-04
1.311079545454545e+00,2.386363636363636e-01,5.004348062946798e-04,-1.818712703399497e-04
1.330965909090909e+00,2.386363636363636e-01,4.466216338913664e-04,-1.690849308110612e-04
1.350852272727273e+00,2.386363636363636e-01,3.929179379464185e-04,-1.561282241759706e-04
1.370738636363636e+00,2.386363636363636e-01,3.392142420014705e-04,-1.431715175408800e-04
1.390625000000000e+00,2.386363636363636e-01,2.863254862166239e-04,-1.262596246116257e-04
1.410511363636364e+00,2.386363636363636e-01,2.336589868390779e-04,-1.082690445112359e-04
1.430397727272727e+00,2.386363636363636e-01,1.809924874615324e-04,-9.027846441084631e-05
1.450284090909091e+00,2.386363636363636e-01,1.290092231575665e-04,-6.670145461628656e-05
1.470170454545455e+00,2.386363636363636e-01,7.740553389447745e-05,-4.002087276940974e-05
1.490056818181818e+00,2.386363636363636e-01,2.580184463138845e-05,-1.334029092253293e-05
6.349431818181818e-01,2.613636363636364e-01,3.241961728010480e-03,3.492178372162643e-04
6.548295454545454e-01,2.613636363636364e-01,3.166738781971188e-03,2.072721988369295e-04
6.747159090909091e-01,2.613636363636364e-01,3.091515835931896e-03,6.532656045759462e-05
6.946022727272727e-01,2.613636363636364e-01,3.006554261717579e-03,-4.868979682519060e-05
7.144886363636364e-01,2.613636363636364e-01,2.904063156788220e-03,-1.124334481341861e-04
7.343750000000000e-01,2.613636363636364e-01,2.801572051858859e-03,-1.761770994431817e-04
7.542613636363636e-01,2.613636363636364e-01,2.698940525619365e-03,-2.332913458517721e-04
7.741477272727273e-01,2.613636363636364e-01,2.595794121242708e-03,-2.660977742922105e-04
7.940340909090909e-01,2.613636363636364e-01,2.492647716866050e-03,-2.989042027326489e-04
8.139204545454546e-01,2.613636363636364e-01,2.389971991196413e-03,-3.301980984650859e-04
8.338068181818181e-01,2.613636363636364e-01,2.293415088718052e-03,-3.418290689935058e-04
8.536931818181819e-01,2.613636363636364e-01,2.196858186239691e-03,-3.534600395219258e-04
8.735795454545454e-01,2.613636363636364e-01,2.100301283761331e-03,-3.650910100503456e-04
8.934659090909092e-01,2.613636363636364e-01,2.011584938145265e-03,-3.652929189533990e-04
9.133522727272727e-01,2.613636363636364e-01,1.923471712287838e-03,-3.646156692698856e-04
9.332386363636364e-01,2.613636363636364e-01,1.835358486430411e-03,-3.639384195863723e-04
9.531250000000000e-01,2.613636363636364e-01,1.753275007387999e-03,-3.582986771917667e-04
9.730113636363636e-01,2.613636363636364e-01,1.672836004749683e-03,-3.513055276941360e-04
9.928977272727273e-01,2.613636363636364e-01,1.592397002111366e-03,-3.443123781965052e-04
1.012784090909091e+00,2.613636363636364e-01,1.515986603153581e-03,-3.356071252584083e-04
1.032670454545455e+00,2.613636363636364e-01,1.441814317351645e-03,-3.259507037422745e-04
1.052556818181818e+00,2.613636363636364e-01,1.367642031549709e-03,-3.162942822261407e-04
1.072443181818182e+00,2.613636363636364e-01,1.295988828629508e-03,-3.062714632744341e-04
1.092329545454545e+00,2.613636363636364e-01,1.226854708591042e-03,-2.958822468871547e-04
1.112215909090909e+00,2.613636363636364e-01,1.157720588552575e-03,-2.854930304998753e-04
1.132102272727273e+00,2.613636363636364e-01,1.090035215590609e-03,-2.751301851685112e-04
1.151988636363636e+00,2.613636363636364e-01,1.024957587366343e-03,-2.648148077377944e-04
1.171875000000000e+00,2.613636363636364e-01,9.598799591420775e-04,-2.544994303070775e-04
1.191761363636364e+00,2.613636363636364e-01,8.954952671980716e-04,-2.441961177530013e-04
1.211647727272727e+00,2.613636363636364e-01,8.336513416150211e-04,-2.339370430799408e-04
1.231534090909091e+00,2.613636363636364e-01,7.718074160319707e-04,-2.236779684068804e-04
1.251420454545455e+00,2.613636363636364e-01,7.101414208003766e-04,-2.133687875217761e-04
1.271306818181818e+00,2.613636363636364e-01,6.507885201377276e-04,-2.024082258801033e-04
1.291193181818182e+00,2.613636363636364e-01,5.914356194750799e-04,-1.914476642384308e-04
1.311079545454545e+00,2.613636363636364e-01,5.320827188124308e-04,-1.804871025967579e-04
1.330965909090909e+00,2.613636363636364e-01,4.744493257152749e-04,-1.674233321488017e-04
1.350852272727273e+00,2.613636363636364e-01,4.169482024308499e-04,-1.541977764080545e-04
1.370738636363636e+00,2.613636363636364e-01,3.594470791464249e-04,-1.409722206673073e-04
1.390625000000000e+00,2.613636363636364e-01,3.031000939461955e-04,-1.240308193169411e-04
1.410511363636364e+00,2.613636363636364e-01,2.470678736780196e-04,-1.060760055275878e-04
1.430397727272727e+00,2.613636363636364e-01,1.910356534098444e-04,-8.812119173823482e-05
1.450284090909091e+00,2.613636363636364e-01,1.360419344543676e-04,-6.499560314695611e-05
1.470170454545455e+00,2.613636363636364e-01,8.162516067261160e-05,-3.899736188794057e-05
1.490056818181818e+00,2.613636363636364e-01,2.720838689085554e-05,-1.299912062892506e-05
6.349431818181818e-01,2.840909090909091e-01,3.501658563348067e-03,1.850692288797373e-04
6.548295454545454e-01,2.840909090909091e-01,3.395466695016384e-03,7.931942679675346e-05
6.747159090909091e-01,2.840909090909091e-01,3.289274826684700e-03,-2.643037528623036e-05
6.946022727272727e-01,2.840909090909091e-01,3.181360459998908e-03,-1.133558466147000e-04
7.144886363636364e-01,2.840909090909091e-01,3.070345596275718e-03,-1.663975225850439e-04
7.343750000000000e-01,2.840909090909091e-01,2.959330732552529e-03,-2.194391985553878e-04
7.542613636363636e-01,2.840909090909091e-01,2.848984404141046e-03,-2.668340574814242e-04
7.741477272727273e-01,2.840909090909091e-01,2.741089371872491e-03,-2.935239205783328e-04
7.940340909090909e-01,2.840909090909091e-01,2.633194339603935e-03,-3.202137836752413e-04
8.139204545454546e-01,2.840909090909091e-01,2.525796127041961e-03,-3.456447973868369e-04
8.338068181818181e-01,2.840909090909091e-01,2.424856570665559e-03,-3.547107690893630e-04
8.536931818181819e-01,2.840909090909091e-01,2.323917014289155e-03,-3.637767407918893e-04
8.735795454545454e-01,2.840909090909091e-01,2.222977457912753e-03,-3.728427124944154e-04
8.934659090909092e-01,2.840909090909091e-01,2.129699417221597e-03,-3.717320816812093e-04
9.133522727272727e-01,2.840909090909091e-01,2.037010723890848e-03,-3.698386352898698e-04
9.332386363636364e-01,2.840909090909091e-01,1.944322030560097e-03,-3.679451888985303e-04
9.531250000000000e-01,2.840909090909091e-01,1.857578714738421e-03,-3.614549542010012e-04
9.730113636363636e-01,2.840909090909091e-01,1.772456865510128e-03,-3.537110499654203e-04
9.928977272727273e-01,2.840909090909091e-01,1.687335016281835e-03,-3.459671457298394e-04
1.012784090909091e+00,2.840909090909091e-01,1.606294929147506e-03,-3.366116092694578e-04
1.032670454545455e+00,2.840909090909091e-01,1.527522487620935e-03,-3.263607215730756e-04
1.052556818181818e+00,2.840909090909091e-01,1.448750046094364e-03,-3.161098338766936e-04
1.072443181818182e+00,2.840909090909091e-01,1.372588590341028e-03,-3.055392238563519e-04
1.092329545454545e+00,2.840909090909091e-01,1.299038120360930e-03,-2.946488915120508e-04
1.112215909090909e+00,2.840909090909091e-01,1.225487650380831e-03,-2.837585591677495e-04
1.132102272727273e+00,2.840909090909091e-01,1.153465779810076e-03,-2.729254337705149e-04
1.151988636363636e+00,2.840909090909091e-01,1.084195388176142e-03,-2.621952808780000e-04
1.171875000000000e+00,2.840909090909091e-01,1.014924996542207e-03,-2.514651279854850e-04
1.191761363636364e+00,2.840909090909091e-01,9.463984287271523e-04,-2.407669804028161e-04
1.211647727272727e+00,2.840909090909091e-01,8.805992149146622e-04,-2.301861856229162e-04
1.231534090909091e+00,2.840909090909091e-01,8.148000011021720e-04,-2.196053908430163e-04
1.251420454545455e+00,2.840909090909091e-01,7.491974755325670e-04,-2.089832752369687e-04
1.271306818181818e+00,2.840909090909091e-01,6.861518971204814e-04,-1.978239888910041e-04
1.291193181818182e+00,2.840909090909091e-01,6.231063187083971e-04,-1.866647025450398e-04
1.311079545454545e+00,2.840909090909091e-01,5.600607402963114e-04,-1.755054161990752e-04
1.330965909090909e+00,2.840909090909091e-01,4.990312662856921e-04,-1.624420408394400e-04
1.350852272727273e+00,2.840909090909091e-01,4.381568772290325e-04,-1.492321970941380e-04
1.370738636363636e+00,2.840909090909091e-01,3.772824881723727e-04,-1.360223533488359e-04
1.390625000000000e+00,2.840909090909091e-01,3.178820345031467e-04,-1.194200406302770e-04
1.410511363636364e+00,2.840909090909091e-01,2.588835632123117e-04,-1.018925091008298e-04
1.430397727272727e+00,2.840909090909091e-01,1.998850919214774e-04,-8.436497757138291e-05
1.450284090909091e+00,2.840909090909091e-01,1.422385755933701e-04,-6.212909251988269e-05
1.470170454545455e+00,2.840909090909091e-01,8.534314535566605e-05,-3.727745551168592e-05
1.490056818181818e+00,2.840909090909091e-01,2.844771511796198e-05,-1.242581850348915e-05
6.349431818181818e-01,3.068181818181818e-01,3.761355398685652e-03,2.092062054321071e-05
6.548295454545454e-01,3.068181818181818e-01,3.624194608061579e-03,-4.863334524342221e-05
6.747159090909091e-01,3.068181818181818e-01,3.487033817437505e-03,-1.181873110300551e-04
6.946022727272727e-01,3.068181818181818e-01,3.356166658280236e-03,-1.780218964042093e-04
7.144886363636364e-01,3.068181818181818e-01,3.236628035763217e-03,-2.203615970359016e-04
7.343750000000000e-01,3.068181818181818e-01,3.117089413246197e-03,-2.627012976675939e-04
7.542613636363636e-01,3.068181818181818e-01,2.999028282662727e-03,-3.003767691110761e-04
7.741477272727273e-01,3.068181818181818e-01,2.886384622502273e-03,-3.209500668644549e-04
7.940340909090909e-01,3.068181818181818e-01,2.773740962341820e-03,-3.415233646178337e-04
8.139204545454546e-01,3.068181818181818e-01,2.661620262887509e-03,-3.610914963085878e-04
8.338068181818181e-01,3.068181818181818e-01,2.556298052613064e-03,-3.675924691852202e-04
8.536931818181819e-01,3.068181818181818e-01,2.450975842338618e-03,-3.740934420618528e-04
8.735795454545454e-01,3.068181818181818e-01,2.345653632064174e-03,-3.805944149384853e-04
8.934659090909092e-01,3.068181818181818e-01,2.247813896297930e-03,-3.781712444090195e-04
9.133522727272727e-01,3.068181818181818e-01,2.150549735493857e-03,-3.750616013098540e-04
9.332386363636364e-01,3.068181818181818e-01,2.053285574689783e-03,-3.719519582106883e-04
9.531250000000000e-01,3.068181818181818e-01,1.961882422088842e-03,-3.646112312102356e-04
9.730113636363636e-01,3.068181818181818e-01,1.872077726270573e-03,-3.561165722367045e-04
9.928977272727273e-01,3.068181818181818e-01,1.782273030452303e-03,-3.476219132631734e-04
1.012784090909091e+00,3.068181818181818e-01,1.696603255141432e-03,-3.376160932805072e-04
1.032670454545455e+00,3.068181818181818e-01,1.613230657890225e-03,-3.267707394038769e-04
1.052556818181818e+00,3.068181818181818e-01,1.529858060639018e-03,-3.159253855272466e-04
1.072443181818182e+00,3.068181818181818e-01,1.449188352052549e-03,-3.048069844382699e-04
1.092329545454545e+00,3.068181818181818e-01,1.371221532130818e-03,-2.934155361369469e-04
1.112215909090909e+00,3.068181818181818e-01,1.293254712209086e-03,-2.820240878356237e-04
1.132102272727273e+00,3.068181818181818e-01,1.216896344029543e-03,-2.707206823725186e-04
1.151988636363636e+00,3.068181818181818e-01,1.143433188985940e-03,-2.595757540182056e-04
1.171875000000000e+00,3.068181818181818e-01,1.069970033942336e-03,-2.484308256638925e-04
1.191761363636364e+00,3.068181818181818e-01,9.973015902562329e-04,-2.373378430526309e-04
1.211647727272727e+00,3.068181818181818e-01,9.275470882143032e-04,-2.264353281658915e-04
1.231534090909091e+00,3.068181818181818e-01,8.577925861723731e-04,-2.155328132791521e-04
1.251420454545455e+00,3.068181818181818e-01,7.882535302647575e-04,-2.045977629521614e-04
1.271306818181818e+00,3.068181818181818e-01,7.215152741032351e-04,-1.932397519019050e-04
1.291193181818182e+00,3.068181818181818e-01,6.547770179417141e-04,-1.818817408516488e-04
1.311079545454545e+00,3.068181818181818e-01,5.880387617801918e-04,-1.705237298013924e-04
1.330965909090909e+00,3.068181818181818e-01,5.236132068561091e-04,-1.574607495300783e-04
1.350852272727273e+00,3.068181818181818e-01,4.593655520272148e-04,-1.442666177802214e-04
1.370738636363636e+00,3.068181818181818e-01,3.951178971983205e-04,-1.310724860303645e-04
1.390625000000000e+00,3.068181818181818e-01,3.326639750600977e-04,-1.148092619436129e-04
1.410511363636364e+00,3.068181818181818e-01,2.706992527466037e-04,-9.770901267407186e-05
1.430397727272727e+00,3.068181818181818e-01,2.087345304331103e-04,-8.060876340453099e-05
1.450284090909091e+00,3.068181818181818e-01,1.484352167323725e-04,-5.926258189280928e-05
1.470170454545455e+00,3.068181818181818e-01,8.906113003872048e-05,-3.555754913543126e-05
1.490056818181818e+00,3.068181818181818e-01,2.968704334506841e-05,-1.185251637805323e-05
6.349431818181818e-01,3.295454545454545e-01,3.812644335902336e-03,-1.480833365229973e-04
6.548295454545454e-01,3.295454545454545e-01,3.694284560220221e-03,-1.833218231494577e-04
6.747159090909091e-01,3.295454545454545e-01,3.575924784538104e-03,-2.185603097759182e-04
6.946022727272727e-01,3.295454545454545e-01,3.457585976072121e-03,-2.515234417306776e-04
7.144886363636364e-01,3.295454545454545e-01,3.339284908595174e-03,-2.803909352763752e-04
7.343750000000000e-01,3.295454545454545e-01,3.220983841118227e-03,-3.092584288220728e-04
7.542613636363636e-01,3.295454545454545e-01,3.103619797071912e-03,-3.349896467686346e-04
7.741477272727273e-01,3.295454545454545e-01,2.989691505604582e-03,-3.492211875183651e-04
7.940340909090909e-01,3.295454545454545e-01,2.875763214137251e-03,-3.634527282680955e-04
8.139204545454546e-01,3.295454545454545e-01,2.762300972304471e-03,-3.768936085059298e-04
8.338068181818181e-01,3.295454545454545e-01,2.654897375720847e-03,-3.800559020891141e-04
8.536931818181819e-01,3.295454545454545e-01,2.547493779137224e-03,-3.832181956722987e-04
8.735795454545454e-01,3.295454545454545e-01,2.440090182553601e-03,-3.863804892554831e-04
8.934659090909092e-01,3.295454545454545e-01,2.339436656616036e-03,-3.819851825949304e-04
9.133522727272727e-01,3.295454545454545e-01,2.239302366882015e-03,-3.770085220694750e-04
9.332386363636364e-01,3.295454545454545e-01,2.139168077147994e-03,-3.720318615440194e-04
9.531250000000000e-01,3.295454545454545e-01,2.044503308274296e-03,-3.633900325715439e-04
9.730113636363636e-01,3.295454545454545e-01,1.951330226907958e-03,-3.537486122044266e-04
9.928977272727273e-01,3.295454545454545e-01,1.858157145541621e-03,-3.441071918373092e-04
1.012784090909091e+00,3.295454545454545e-01,1.768994444583195e-03,-3.332043932799983e-04
1.032670454545455e+00,3.295454545454545e-01,1.682059732740272e-03,-3.216008290614685e-04
1.052556818181818e+00,3.295454545454545e-01,1.595125020897351e-03,-3.099972648429388e-04
1.072443181818182e+00,3.295454545454545e-01,1.510901537993346e-03,-2.982450509293310e-04
1.092329545454545e+00,3.295454545454545e-01,1.429389284028257e-03,-2.863441873206454e-04
1.112215909090909e+00,3.295454545454545e-01,1.347877030063168e-03,-2.744433237119596e-04
1.132102272727273e+00,3.295454545454545e-01,1.268020286170504e-03,-2.626980182818105e-04
1.151988636363636e+00,3.295454545454545e-01,1.191143460408205e-03,-2.512327175730273e-04
1.171875000000000e+00,3.295454545454545e-01,1.114266634645904e-03,-2.397674168642440e-04
1.191761363636364e+00,3.295454545454545e-01,1.038225518404455e-03,-2.283913354379400e-04
1.211647727272727e+00,3.295454545454545e-01,9.652486704061275e-04,-2.173423913807271e-04
1.231534090909091e+00,3.295454545454545e-01,8.922718224078002e-04,-2.062934473235142e-04
1.251420454545455e+00,3.295454545454545e-01,8.195271352588297e-04,-1.952267858511465e-04
1.271306818181818e+00,3.295454545454545e-01,7.498005391515058e-04,-1.839297979817676e-04
1.291193181818182e+00,3.295454545454545e-01,6.800739430441837e-04,-1.726328101123889e-04
1.311079545454545e+00,3.295454545454545e-01,6.103473469368600e-04,-1.613358222430100e-04
1.330965909090909e+00,3.295454545454545e-01,5.431968884642060e-04,-1.486230283996892e-04
1.350852272727273e+00,3.295454545454545e-01,4.762445944249887e-04,-1.358013264045269e-04
1.370738636363636e+00,3.295454545454545e-01,4.092923003857717e-04,-1.229796244093645e-04
1.390625000000000e+00,3.295454545454545e-01,3.444034178115853e-04,-1.074871460267249e-04
1.410511363636364e+00,3.295454545454545e-01,2.800772838187712e-04,-9.126627408386418e-05
1.430397727272727e+00,3.295454545454545e-01,2.157511498259577e-04,-7.504540214100367e-05
1.450284090909091e+00,3.295454545454545e-01,1.533457629315401e-04,-5.508700399194397e-05
1.470170454545455e+00,3.295454545454545e-01,9.200745775845261e-05,-3.305220239499557e-05
1.490056818181818e+00,3.295454545454545e-01,3.066915258536517e-05,-1.101740079804718e-05
6.349431818181818e-01,3.522727272727273e-01,3.794463973745386e-03,-3.187057431657662e-04
6.548295454545454e-01,3.522727272727273e-01,3.711495192083344e-03,-3.202555363441135e-04
6.747159090909091e-01,3.522727272727273e-01,3.628526410421303e-03,-3.218053295224608e-04
6.946022727272727e-01,3.522727272727273e-01,3.534543000367524e-03,-3.279701522361324e-04
7.144886363636364e-01,3.522727272727273e-01,3.420733259208618e-03,-3.424420281133877e-04
7.343750000000000e-01,3.522727272727273e-01,3.306923518049711e-03,-3.569139039906430e-04
7.542613636363636e-01,3.522727272727273e-01,3.193060523443599e-03,-3.699592464354955e-04
7.741477272727273e-01,3.522727272727273e-01,3.079002266197731e-03,-3.777739662948713e-04
7.940340909090909e-01,3.522727272727273e-01,2.964944008951864e-03,-3.855886861542470e-04
8.139204545454546e-01,3.522727272727273e-01,2.851267206245236e-03,-3.928141917951354e-04
8.338068181818181e-01,3.522727272727273e-01,2.742549312548724e-03,-3.923799125956871e-04
8.536931818181819e-01,3.522727272727273e-01,2.633831418852210e-03,-3.919456333962388e-04
8.735795454545454e-01,3.522727272727273e-01,2.525113525155697e-03,-3.915113541967904e-04
8.934659090909092e-01,3.522727272727273e-01,2.422228844014734e-03,-3.849240459335416e-04
9.133522727272727e-01,3.522727272727273e-01,2.319792871531891e-03,-3.778634277423082e-04
9.332386363636364e-01,3.522727272727273e-01,2.217356899049047e-03,-3.708028095510748e-04
9.531250000000000e-01,3.522727272727273e-01,2.119896587404761e-03,-3.607096753835435e-04
9.730113636363636e-01,3.522727272727273e-01,2.023793274170992e-03,-3.497894914042945e-04
9.928977272727273e-01,3.522727272727273e-01,1.927689960937222e-03,-3.388693074250455e-04
1.012784090909091e+00,3.522727272727273e-01,1.835413255174236e-03,-3.269872986089698e-04
1.032670454545455e+00,3.522727272727273e-01,1.745262442450573e-03,-3.145709426613236e-04
1.052556818181818e+00,3.522727272727273e-01,1.655111629726910e-03,-3.021545867136774e-04
1.072443181818182e+00,3.522727272727273e-01,1.567652532010568e-03,-2.897398860567732e-04
1.092329545454545e+00,3.522727272727273e-01,1.482885149301547e-03,-2.773268406906113e-04
1.112215909090909e+00,3.522727272727273e-01,1.398117766592526e-03,-2.649137953244492e-04
1.132102272727273e+00,3.522727272727273e-01,1.315042020951963e-03,-2.527360499601983e-04
1.151988636363636e+00,3.522727272727273e-01,1.235011222034625e-03,-2.409818445993876e-04
1.171875000000000e+00,3.522727272727273e-01,1.154980423117285e-03,-2.292276392385767e-04
1.191761363636364e+00,3.522727272727273e-01,1.075823035425724e-03,-2.176057044017472e-04
1.211647727272727e+00,3.522727272727273e-01,9.998681555620130e-04,-2.064687614861828e-04
1.231534090909091e+00,3.522727272727273e-01,9.239132756983025e-04,-1.953318185706184e-04
1.251420454545455e+00,3.522727272727273e-01,8.482065903401956e-04,-1.841939871447291e-04
1.271306818181818e+00,3.522727272727273e-01,7.757264335549489e-04,-1.730446050846174e-04
1.291193181818182e+00,3.522727272727273e-01,7.032462767697039e-04,-1.618952230245060e-04
1.311079545454545e+00,3.522727272727273e-01,6.307661199844573e-04,-1.507458409643943e-04
1.330965909090909e+00,3.522727272727273e-01,5.611144837515294e-04,-1.384998306622910e-04
1.350852272727273e+00,3.522727272727273e-01,4.916804260226267e-04,-1.261694643415730e-04
1.370738636363636e+00,3.522727272727273e-01,4.222463682937241e-04,-1.138390980208550e-04
1.390625000000000e+00,3.522727272727273e-01,3.551286946279185e-04,-9.926125103309554e-05
1.410511363636364e+00,3.522727272727273e-01,2.886427620702306e-04,-8.407045477250660e-05
1.430397727272727e+00,3.522727272727273e-01,2.221568295125433e-04,-6.887965851191784e-05
1.450284090909091e+00,3.522727272727273e-01,1.578276108174292e-04,-5.047507033314800e-05
1.470170454545455e+00,3.522727272727273e-01,9.469656649041065e-05,-3.028504219983287e-05
1.490056818181818e+00,3.522727272727273e-01,3.156552216339206e-05,-1.009501406651774e-05
6.349431818181818e-01,3.750000000000000e-01,3.776283611588435e-03,-4.893281498085345e-04
6.548295454545454e-01,3.750000000000000e-01,3.728705823946468e-03,-4.571892495387689e-04
6.747159090909091e-01,3.750000000000000e-01,3.681128036304502e-03,-4.250503492690033e-04
6.946022727272727e-01,3.750000000000000e-01,3.611500024662928e-03,-4.044168627415871e-04
7.144886363636364e-01,3.750000000000000e-01,3.502181609822061e-03,-4.044931209504001e-04
7.343750000000000e-01,3.750000000000000e-01,3.392863194981195e-03,-4.045693791592131e-04
7.542613636363636e-01,3.750000000000000e-01,3.282501249815285e-03,-4.049288461023563e-04
7.741477272727273e-01,3.750000000000000e-01,3.168313026790881e-03,-4.063267450713775e-04
7.940340909090909e-01,3.750000000000000e-01,3.054124803766477e-03,-4.077246440403986e-04
8.139204545454546e-01,3.750000000000000e-01,2.940233440186002e-03,-4.087347750843410e-04
8.338068181818181e-01,3.750000000000000e-01,2.830201249376600e-03,-4.047039231022600e-04
8.536931818181819e-01,3.750000000000000e-01,2.720169058567196e-03,-4.006730711201788e-04
8.735795454545454e-01,3.750000000000000e-01,2.610136867757794e-03,-3.966422191380977e-04
8.934659090909092e-01,3.750000000000000e-01,2.505021031413431e-03,-3.878629092721528e-04
9.133522727272727e-01,3.750000000000000e-01,2.400283376181765e-03,-3.787183334151415e-04
9.332386363636364e-01,3.750000000000000e-01,2.295545720950099e-03,-3.695737575581303e-04
9.531250000000000e-01,3.750000000000000e-01,2.195289866535226e-03,-3.580293181955431e-04
9.730113636363636e-01,3.750000000000000e-01,2.096256321434025e-03,-3.458303706041625e-04
9.928977272727273e-01,3.750000000000000e-01,1.997222776332823e-03,-3.336314230127819e-04
1.012784090909091e+00,3.750000000000000e-01,1.901832065765277e-03,-3.207702039379415e-04
1.032670454545455e+00,3.750000000000000e-01,1.808465152160873e-03,-3.075410562611787e-04
1.052556818181818e+00,3.750000000000000e-01,1.715098238556469e-03,-2.943119085844161e-04
1.072443181818182e+00,3.750000000000000e-01,1.624403526027790e-03,-2.812347211842155e-04
1.092329545454545e+00,3.750000000000000e-01,1.536381014574838e-03,-2.683094940605772e-04
1.112215909090909e+00,3.750000000000000e-01,1.448358503121884e-03,-2.553842669369388e-04
1.132102272727273e+00,3.750000000000000e-01,1.362063755733422e-03,-2.427740816385862e-04
1.151988636363636e+00,3.750000000000000e-01,1.278878983661045e-03,-2.307309716257479e-04
1.171875000000000e+00,3.750000000000000e-01,1.195694211588667e-03,-2.186878616129095e-04
1.191761363636364e+00,3.750000000000000e-01,1.113420552446992e-03,-2.068200733655545e-04
1.211647727272727e+00,3.750000000000000e-01,1.034487640717899e-03,-1.955951315916385e-04
1.231534090909091e+00,3.750000000000000e-01,9.555547289888046e-04,-1.843701898177226e-04
1.251420454545455e+00,3.750000000000000e-01,8.768860454215617e-04,-1.731611884383117e-04
1.271306818181818e+00,3.750000000000000e-01,8.016523279583921e-04,-1.621594121874673e-04
1.291193181818182e+00,3.750000000000000e-01,7.264186104952242e-04,-1.511576359366231e-04
1.311079545454545e+00,3.750000000000000e-01,6.511848930320545e-04,-1.401558596857787e-04
1.330965909090909e+00,3.750000000000000e-01,5.790320790388527e-04,-1.283766329248928e-04
1.350852272727273e+00,3.750000000000000e-01,5.071162576202645e-04,-1.165376022786191e-04
1.370738636363636e+00,3.750000000000000e-01,4.352004362016764e-04,-1.046985716323455e-04
1.390625000000000e+00,3.750000000000000e-01,3.658539714442517e-04,-9.103535603946622e-05
1.410511363636364e+00,3.750000000000000e-01,2.972082403216899e-04,-7.687463546114906e-05
1.430397727272727e+00,3.750000000000000e-01,2.285625091991289e-04,-6.271391488283204e-05
1.450284090909091e+00,3.750000000000000e-01,1.623094587033184e-04,-4.586313667435204e-05
1.470170454545455e+00,3.750000000000000e-01,9.738567522236868e-05,-2.751788200467017e-05
1.490056818181818e+00,3.750000000000000e-01,3.246189174141894e-05,-9.172627334988300e-06
6.349431818181818e-01,3.977272727272727e-01,3.890587551821334e-03,-6.232616901069141e-04
6.548295454545454e-01,3.977272727272727e-01,3.810777371768615e-03,-5.715576277465449e-04
6.747159090909091e-01,3.977272727272727e-01,3.730967191715896e-03,-5.198535653861761e-04
6.946022727272727e-01,3.977272727272727e-01,3.641460565776204e-03,-4.821545048239517e-04
7.144886363636364e-01,3.977272727272727e-01,3.534500337239959e-03,-4.696644474983876e-04
7.343750000000000e-01,3.977272727272727e-01,3.427540108703715e-03,-4.571743901728234e-04
7.542613636363636e-01,3.977272727272727e-01,3.319743574264828e-03,-4.461162691145780e-04
7.741477272727273e-01,3.977272727272727e-01,3.208880584849587e-03,-4.403085810365017e-04
7.940340909090909e-01,3.977272727272727e-01,3.098017595434346e-03,-4.345008929584254e-04
8.139204545454546e-01,3.977272727272727e-01,2.987285835465995e-03,-4.284825449850968e-04
8.338068181818181e-01,3.977272727272727e-01,2.878260058307217e-03,-4.197256183734874e-04
8.536931818181819e-01,3.977272727272727e-01,2.769234281148438e-03,-4.109686917618782e-04
8.735795454545454e-01,3.977272727272727e-01,2.660208503989659e-03,-4.022117651502689e-04
8.934659090909092e-01,3.977272727272727e-01,2.554614969872573e-03,-3.902463115494337e-04
9.133522727272727e-01,3.977272727272727e-01,2.449285454451004e-03,-3.780340481801966e-04
9.332386363636364e-01,3.977272727272727e-01,2.343955939029433e-03,-3.658217848109594e-04
9.531250000000000e-01,3.977272727272727e-01,2.242362930351620e-03,-3.521212394053574e-04
9.730113636363636e-01,3.977272727272727e-01,2.141788968967558e-03,-3.380147988989284e-04
9.928977272727273e-01,3.977272727272727e-01,2.041215007583497e-03,-3.239083583924995e-04
1.012784090909091e+00,3.977272727272727e-01,1.943997447083093e-03,-3.096530371037444e-04
1.032670454545455e+00,3.977272727272727e-01,1.848644553740276e-03,-2.953150042692523e-04
1.052556818181818e+00,3.977272727272727e-01,1.753291660397460e-03,-2.809769714347604e-04
1.072443181818182e+00,3.977272727272727e-01,1.660546305271334e-03,-2.670597206655089e-04
1.092329545454545e+00,3.977272727272727e-01,1.570408488361902e-03,-2.535632519614981e-04
1.112215909090909e+00,3.977272727272727e-01,1.480270671452468e-03,-2.400667832574870e-04
1.132102272727273e+00,3.977272727272727e-01,1.391877124875459e-03,-2.270194330816529e-04
1.151988636363636e+00,3.977272727272727e-01,1.306623264896814e-03,-2.147804962565367e-04
1.171875000000000e+00,3.977272727272727e-01,1.221369404918168e-03,-2.025415594314205e-04
1.191761363636364e+00,3.977272727272727e-01,1.137055294752315e-03,-1.905430927453856e-04
1.211647727272727e+00,3.977272727272727e-01,1.056186933900040e-03,-1.794263499026493e-04
1.231534090909091e+00,3.977272727272727e-01,9.753185730477643e-04,-1.683096070599129e-04
1.251420454545455e+00,3.977272727272727e-01,8.947271155292297e-04,-1.572316468073409e-04
1.271306818181818e+00,3.977272727272727e-01,8.177354013493387e-04,-1.466578602269051e-04
1.291193181818182e+00,3.977272727272727e-01,7.407436871694497e-04,-1.360840736464696e-04
1.311079545454545e+00,3.977272727272727e-01,6.637519729895588e-04,-1.255102870660339e-04
1.330965909090909e+00,3.977272727272727e-01,5.900312454679446e-04,-1.145516732384039e-04
1.350852272727273e+00,3.977272727272727e-01,5.165621323046601e-04,-1.035634573148360e-04
1.370738636363636e+00,3.977272727272727e-01,4.430930191413757e-04,-9.257524139126805e-05
1.390625000000000e+00,3.977272727272727e-01,3.723716904798666e-04,-8.024311744818324e-05
1.410511363636364e+00,3.977272727272727e-01,3.023997575915690e-04,-6.754447313613929e-05
1.430397727272727e+00,3.977272727272727e-01,2.324278247032721e-04,-5.484582882409550e-05
1.450284090909091e+00,3.977272727272727e-01,1.650073796254164e-04,-4.001979443053846e-05
1.470170454545455e+00,3.977272727272727e-01,9.900442777558297e-05,-2.401187665836279e-05
1.490056818181818e+00,3.977272727272727e-01,3.300147592574947e-05,-8.003958886187110e-06
6.349431818181818e-01,4.204545454545455e-01,4.004891492054234e-03,-7.571952304052936e-04
6.548295454545454e-01,4.204545454545455e-01,3.892848919590762e-03,-6.859260059543214e-04
6.747159090909091e-01,4.204545454545455e-01,3.780806347127290e-03,-6.146567815033492e-04
6.946022727272727e-01,4.204545454545455e-01,3.671421106889479e-03,-5.598921469063165e-04
7.144886363636364e-01,4.204545454545455e-01,3.566819064657857e-03,-5.348357740463752e-04
7.343750000000000e-01,4.204545454545455e-01,3.462217022426235e-03,-5.097794011864338e-04
7.542613636363636e-01,4.204545454545455e-01,3.356985898714372e-03,-4.873036921267998e-04
7.741477272727273e-01,4.204545454545455e-01,3.249448142908294e-03,-4.742904170016261e-04
7.940340909090909e-01,4.204545454545455e-01,3.141910387102215e-03,-4.612771418764523e-04
8.139204545454546e-01,4.204545454545455e-01,3.034338230745988e-03,-4.482303148858525e-04
8.338068181818181e-01,4.204545454545455e-01,2.926318867237834e-03,-4.347473136447151e-04
8.536931818181819e-01,4.204545454545455e-01,2.818299503729678e-03,-4.212643124035775e-04
8.735795454545454e-01,4.204545454545455e-01,2.710280140221524e-03,-4.077813111624401e-04
8.934659090909092e-01,4.204545454545455e-01,2.604208908331715e-03,-3.926297138267146e-04
9.133522727272727e-01,4.204545454545455e-01,2.498287532720242e-03,-3.773497629452516e-04
9.332386363636364e-01,4.204545454545455e-01,2.392366157108767e-03,-3.620698120637887e-04
9.531250000000000e-01,4.204545454545455e-01,2.289435994168013e-03,-3.462131606151716e-04
9.730113636363636e-01,4.204545454545455e-01,2.187321616501092e-03,-3.301992271936943e-04
9.928977272727273e-01,4.204545454545455e-01,2.085207238834170e-03,-3.141852937722169e-04
1.012784090909091e+00,4.204545454545455e-01,1.986162828400909e-03,-2.985358702695472e-04
1.032670454545455e+00,4.204545454545455e-01,1.888823955319679e-03,-2.830889522773259e-04
1.052556818181818e+00,4.204545454545455e-01,1.791485082238451e-03,-2.676420342851048e-04
1.072443181818182e+00,4.204545454545455e-01,1.696689084514879e-03,-2.528847201468023e-04
1.092329545454545e+00,4.204545454545455e-01,1.604435962148966e-03,-2.388170098624188e-04
1.112215909090909e+00,4.204545454545455e-01,1.512182839783052e-03,-2.247492995780353e-04
1.132102272727273e+00,4.204545454545455e-01,1.421690494017496e-03,-2.112647845247195e-04
1.151988636363636e+00,4.204545454545455e-01,1.334367546132583e-03,-1.988300208873255e-04
1.171875000000000e+00,4.204545454545455e-01,1.247044598247669e-03,-1.863952572499314e-04
1.191761363636364e+00,4.204545454545455e-01,1.160690037057638e-03,-1.742661121252168e-04
1.211647727272727e+00,4.204545454545455e-01,1.077886227082181e-03,-1.632575682136601e-04
1.231534090909091e+00,4.204545454545455e-01,9.950824171067237e-04,-1.522490243021033e-04
1.251420454545455e+00,4.204545454545455e-01,9.125681856368979e-04,-1.413021051763701e-04
1.271306818181818e+00,4.204545454545455e-01,8.338184747402857e-04,-1.311563082663430e-04
1.291193181818182e+00,4.204545454545455e-01,7.550687638436752e-04,-1.210105113563162e-04
1.311079545454545e+00,4.204545454545455e-01,6.763190529470630e-04,-1.108647144462891e-04
1.330965909090909e+00,4.204545454545455e-01,6.010304118970365e-04,-1.007267135519150e-04
1.350852272727273e+00,4.204545454545455e-01,5.260080069890558e-04,-9.058931235105279e-05
1.370738636363636e+00,4.204545454545455e-01,4.509856020810753e-04,-8.045191115019057e-05
1.390625000000000e+00,4.204545454545455e-01,3.788894095154815e-04,-6.945087885690023e-05
1.410511363636364e+00,4.204545454545455e-01,3.075912748614480e-04,-5.821431081112951e-05
1.430397727272727e+00,4.204545454545455e-01,2.362931402074153e-04,-4.697774276535892e-05
1.450284090909091e+00,4.204545454545455e-01,1.677053005475145e-04,-3.417645218672487e-05
1.470170454545455e+00,4.204545454545455e-01,1.006231803287972e-04,-2.050587131205539e-05
1.490056818181818e+00,4.204545454545455e-01,3.354106011008000e-05,-6.835290437385915e-06
6.349431818181818e-01,4.431818181818182e-01,4.060571103187932e-03,-8.822585931895555e-04
6.548295454545454e-01,4.431818181818182e-01,3.933677549157337e-03,-7.938677572215086e-04
6.747159090909091e-01,4.431818181818182e-01,3.806783995126743e-03,-7.054769212534616e-04
6.946022727272727e-01,4.431818181818182e-01,3.689264382956322e-03,-6.356889781436120e-04
7.144886363636364e-01,4.431818181818182e-01,3.588617866134218e-03,-5.993862421785190e-04
7.343750000000000e-01,4.431818181818182e-01,3.487971349312113e-03,-5.630835062134258e-04
7.542613636363636e-01,4.431818181818182e-01,3.386584662487483e-03,-5.301852466512341e-04
7.741477272727273e-01,4.431818181818182e-01,3.282484018986929e-03,-5.097700672330149e-04
7.940340909090909e-01,4.431818181818182e-01,3.178383375486374e-03,-4.893548878147959e-04
8.139204545454546e-01,4.431818181818182e-01,3.074081923404443e-03,-4.690771561503547e-04
8.338068181818181e-01,4.431818181818182e-01,2.967169959764625e-03,-4.505862452850279e-04
8.536931818181819e-01,4.431818181818182e-01,2.860257996124805e-03,-4.320953344197008e-04
8.735795454545454e-01,4.431818181818182e-01,2.753346032484988e-03,-4.136044235543741e-04
8.934659090909092e-01,4.431818181818182e-01,2.646922995046926e-03,-3.950397503234458e-04
9.133522727272727e-01,4.431818181818182e-01,2.540537567316693e-03,-3.764694030643947e-04
9.332386363636364e-01,4.431818181818182e-01,2.434152139586461e-03,-3.578990558053433e-04
9.531250000000000e-01,4.431818181818182e-01,2.330056239548409e-03,-3.397410017604085e-04
9.730113636363636e-01,4.431818181818182e-01,2.226584756153681e-03,-3.216953913193235e-04
9.928977272727273e-01,4.431818181818182e-01,2.123113272758952e-03,-3.036497808782384e-04
1.012784090909091e+00,4.431818181818182e-01,2.022454107079152e-03,-2.865307794526324e-04
1.032670454545455e+00,4.431818181818182e-01,1.923357340129866e-03,-2.699265608134032e-04
1.052556818181818e+00,4.431818181818182e-01,1.824260573180582e-03,-2.533223421741742e-04
1.072443181818182e+00,4.431818181818182e-01,1.727655798415911e-03,-2.377008413283405e-04
1.092329545454545e+00,4.431818181818182e-01,1.633543015835856e-03,-2.230620582759024e-04
1.112215909090909e+00,4.431818181818182e-01,1.539430233255801e-03,-2.084232752234641e-04
1.132102272727273e+00,4.431818181818182e-01,1.447098938000435e-03,-1.945115604562369e-04
1.151988636363636e+00,4.431818181818182e-01,1.357974319929508e-03,-1.819085686023894e-04
1.171875000000000e+00,4.431818181818182e-01,1.268849701858580e-03,-1.693055767485417e-04
1.191761363636364e+00,4.431818181818182e-01,1.180722071104184e-03,-1.570765816095132e-04
1.211647727272727e+00,4.431818181818182e-01,1.096250060510400e-03,-1.462189077581553e-04
1.231534090909091e+00,4.431818181818182e-01,1.011778049916616e-03,-1.353612339067974e-04
1.251420454545455e+00,4.431818181818182e-01,9.276076097181258e-04,-1.245886981109918e-04
1.271306818181818e+00,4.431818181818182e-01,8.473575846584661e-04,-1.149229570373663e-04
1.291193181818182e+00,4.431818181818182e-01,7.671075595988081e-04,-1.052572159637411e-04
1.311079545454545e+00,4.431818181818182e-01,6.868575345391482e-04,-9.559147489011561e-05
1.330965909090909e+00,4.431818181818182e-01,6.102422268567233e-04,-8.633298787215227e-05
1.350852272727273e+00,4.431818181818182e-01,5.339065128187017e-04,-7.710582808923998e-05
1.370738636363636e+00,4.431818181818182e-01,4.575707987806800e-04,-6.787866830632767e-05
1.390625000000000e+00,4.431818181818182e-01,3.843201608399590e-04,-5.827342341413140e-05
1.410511363636364e+00,4.431818181818182e-01,3.119109072894110e-04,-4.856506440122132e-05
1.430397727272727e+00,4.431818181818182e-01,2.395016537388638e-04,-3.885670538831134e-05
1.450284090909091e+00,4.431818181818182e-01,1.699418684427802e-04,-2.815068638475897e-05
1.470170454545455e+00,4.431818181818182e-01,1.019651210658421e-04,-1.689041183084956e-05
1.490056818181818e+00,4.431818181818182e-01,3.398837368890399e-05,-5.630137276940150e-06
6.349431818181818e-01,4.659090909090909e-01,3.940377727024024e-03,-9.807114234314650e-04
6.548295454545454e-01,4.659090909090909e-01,3.850777423957195e-03,-8.825296276669286e-04
6.747159090909091e-01,4.659090909090909e-01,3.761177120890366e-03,-7.843478319023924e-04
6.946022727272727e-01,4.659090909090909e-01,3.670755863883868e-03,-7.056633768457014e-04
7.144886363636364e-01,4.659090909090909e-01,3.578856889785968e-03,-6.620741350631320e-04
7.343750000000000e-01,4.659090909090909e-01,3.486957915688067e-03,-6.184848932805625e-04
7.542613636363636e-01,4.659090909090909e-01,3.393252744231298e-03,-5.781491957123062e-04
7.741477272727273e-01,4.659090909090909e-01,3.292924849125350e-03,-5.497431602631979e-04
7.940340909090909e-01,4.659090909090909e-01,3.192596954019402e-03,-5.213371248140897e-04
8.139204545454546e-01,4.659090909090909e-01,3.091899508198283e-03,-4.932212115060962e-04
8.338068181818181e-01,4.659090909090909e-01,2.986397903079937e-03,-4.688768860325963e-04
8.536931818181819e-01,4.659090909090909e-01,2.880896297961591e-03,-4.445325605590960e-04
8.735795454545454e-01,4.659090909090909e-01,2.775394692843245e-03,-4.201882350855962e-04
8.934659090909092e-01,4.659090909090909e-01,2.668997526530345e-03,-3.975296894785281e-04
9.133522727272727e-01,4.659090909090909e-01,2.562531470894787e-03,-3.750008192458013e-04
9.332386363636364e-01,4.659090909090909e-01,2.456065415259228e-03,-3.524719490130744e-04
9.531250000000000e-01,4.659090909090909e-01,2.351318029620813e-03,-3.315766027119131e-04
9.730113636363636e-01,4.659090909090909e-01,2.247039372163436e-03,-3.111267629375427e-04
9.928977272727273e-01,4.659090909090909e-01,2.142760714706060e-03,-2.906769231631721e-04
1.012784090909091e+00,4.659090909090909e-01,2.041123077838679e-03,-2.718619166875646e-04
1.032670454545455e+00,4.659090909090909e-01,1.940952674632406e-03,-2.539551509334917e-04
1.052556818181818e+00,4.659090909090909e-01,1.840782271426134e-03,-2.360483851794191e-04
1.072443181818182e+00,4.659090909090909e-01,1.743094316289406e-03,-2.194903276106131e-04
1.092329545454545e+00,4.659090909090909e-01,1.647888809222224e-03,-2.042809782270741e-04
1.112215909090909e+00,4.659090909090909e-01,1.552683302155041e-03,-1.890716288435350e-04
1.132102272727273e+00,4.659090909090909e-01,1.459292606506076e-03,-1.747626098531069e-04
1.151988636363636e+00,4.659090909090909e-01,1.369168571409902e-03,-1.620741855702783e-04
1.171875000000000e+00,4.659090909090909e-01,1.279044536313726e-03,-1.493857612874496e-04
1.191761363636364e+00,4.659090909090909e-01,1.189945980374400e-03,-1.371494014072054e-04
1.211647727272727e+00,4.659090909090909e-01,1.104607514676853e-03,-1.265706110031040e-04
1.231534090909091e+00,4.659090909090909e-01,1.019269048979306e-03,-1.159918205990027e-04
1.251420454545455e+00,4.659090909090909e-01,9.342420957200337e-04,-1.055236947423910e-04
1.271306818181818e+00,4.659090909090909e-01,8.532648041583476e-04,-9.649420800314586e-05
1.291193181818182e+00,4.659090909090909e-01,7.722875125966634e-04,-8.746472126390097e-05
1.311079545454545e+00,4.659090909090909e-01,6.913102210349773e-04,-7.843523452465586e-05
1.330965909090909e+00,4.659090909090909e-01,6.140919874081948e-04,-7.023296421256784e-05
1.350852272727273e+00,4.659090909090909e-01,5.371629120840980e-04,-6.209432593333816e-05
1.370738636363636e+00,4.659090909090909e-01,4.602338367600012e-04,-5.395568765410847e-05
1.390625000000000e+00,4.659090909090909e-01,3.864900090310243e-04,-4.594031741690500e-05
1.410511363636364e+00,4.659090909090909e-01,3.136148851916258e-04,-3.795856573661779e-05
1.430397727272727e+00,4.659090909090909e-01,2.407397613522282e-04,-2.997681405633069e-05
1.450284090909091e+00,4.659090909090909e-01,1.707943772575487e-04,-2.157764990833610e-05
1.470170454545455e+00,4.659090909090909e-01,1.024766263543785e-04,-1.294658994494839e-05
1.490056818181818e+00,4.659090909090909e-01,3.415887545120831e-05,-4.315529981560670e-06
6.349431818181818e-01,4.886363636363636e-01,3.820184350860116e-03,-1.079164253673374e-03
6.548295454545454e-01,4.886363636363636e-01,3.767877298757053e-03,-9.711914981123490e-04
6.747159090909091e-01,4.886363636363636e-01,3.715570246653990e-03,-8.632187425513236e-04
6.946022727272727e-01,4.886363636363636e-01,3.652247344811414e-03,-7.756377755477907e-04
7.144886363636364e-01,4.886363636363636e-01,3.569095913437717e-03,-7.247620279477451e-04
7.343750000000000e-01,4.886363636363636e-01,3.485944482064020e-03,-6.738862803476994e-04
7.542613636363636e-01,4.886363636363636e-01,3.399920825975114e-03,-6.261131447733785e-04
7.741477272727273e-01,4.886363636363636e-01,3.303365679263772e-03,-5.897162532933810e-04
7.940340909090909e-01,4.886363636363636e-01,3.206810532552431e-03,-5.533193618133835e-04
8.139204545454546e-01,4.886363636363636e-01,3.109717092992123e-03,-5.173652668618378e-04
8.338068181818181e-01,4.886363636363636e-01,3.005625846395250e-03,-4.871675267801647e-04
8.536931818181819e-01,4.886363636363636e-01,2.901534599798376e-03,-4.569697866984913e-04
8.735795454545454e-01,4.886363636363636e-01,2.797443353201503e-03,-4.267720466168183e-04
8.934659090909092e-01,4.886363636363636e-01,2.691072058013762e-03,-4.000196286336104e-04
9.133522727272727e-01,4.886363636363636e-01,2.584525374472880e-03,-3.735322354272079e-04
9.332386363636364e-01,4.886363636363636e-01,2.477978690931996e-03,-3.470448422208053e-04
9.531250000000000e-01,4.886363636363636e-01,2.372579819693216e-03,-3.234122036634179e-04
9.730113636363636e-01,4.886363636363636e-01,2.267493988173191e-03,-3.005581345557618e-04
9.928977272727273e-01,4.886363636363636e-01,2.162408156653166e-03,-2.777040654481057e-04
1.012784090909091e+00,4.886363636363636e-01,2.059792048598205e-03,-2.571930539224967e-04
1.032670454545455e+00,4.886363636363636e-01,1.958548009134945e-03,-2.379837410535802e-04
1.052556818181818e+00,4.886363636363636e-01,1.857303969671686e-03,-2.187744281846639e-04
1.072443181818182e+00,4.886363636363636e-01,1.758532834162901e-03,-2.012798138928857e-04
1.092329545454545e+00,4.886363636363636e-01,1.662234602608592e-03,-1.854998981782459e-04
1.112215909090909e+00,4.886363636363636e-01,1.565936371054282e-03,-1.697199824636058e-04
1.132102272727273e+00,4.886363636363636e-01,1.471486275011718e-03,-1.550136592499768e-04
1.151988636363636e+00,4.886363636363636e-01,1.380362822890296e-03,-1.422398025381673e-04
1.171875000000000e+00,4.886363636363636e-01,1.289239370768872e-03,-1.294659458263576e-04
1.191761363636364e+00,4.886363636363636e-01,1.199169889644616e-03,-1.172222212048975e-04
1.211647727272727e+00,4.886363636363636e-01,1.112964968843306e-03,-1.069223142480527e-04
1.231534090909091e+00,4.886363636363636e-01,1.026760048041996e-03,-9.662240729120791e-05
1.251420454545455e+00,4.886363636363636e-01,9.408765817219414e-04,-8.645869137379016e-05
1.271306818181818e+00,4.886363636363636e-01,8.591720236582292e-04,-7.806545896892541e-05
1.291193181818182e+00,4.886363636363636e-01,7.774674655945187e-04,-6.967222656406083e-05
1.311079545454545e+00,4.886363636363636e-01,6.957629075308062e-04,-6.127899415919607e-05
1.330965909090909e+00,4.886363636363636e-01,6.179417479596663e-04,-5.413294055298337e-05
1.350852272727273e+00,4.886363636363636e-01,5.404193113494944e-04,-4.708282377743629e-05
1.370738636363636e+00,4.886363636363636e-01,4.628968747393223e-04,-4.003270700188922e-05
1.390625000000000e+00,4.886363636363636e-01,3.886598572220896e-04,-3.360721141967858e-05
1.410511363636364e+00,4.886363636363636e-01,3.153188630938406e-04,-2.735206707201425e-05
1.430397727272727e+00,4.886363636363636e-01,2.419778689655925e-04,-2.109692272435000e-05
1.450284090909091e+00,4.886363636363636e-01,1.716468860723172e-04,-1.500461343191323e-05
1.470170454545455e+00,4.886363636363636e-01,1.029881316429149e-04,-9.002768059047206e-06
1.490056818181818e+00,4.886363636363636e-01,3.432937721351263e-05,-3.000922686181184e-06
6.349431818181818e-01,5.113636363636364e-01,3.788437023902259e-03,-1.154057922288016e-03
6.548295454545454e-01,5.113636363636364e-01,3.744367504306222e-03,-1.045809346208018e-03
6.747159090909091e-01,5.113636363636364e-01,3.700297984710185e-03,-9.375607701280197e-04
6.946022727272727e-01,5.113636363636364e-01,3.643827909946669e-03,-8.470147033696009e-04
7.144886363636364e-01,5.113636363636364e-01,3.565036835881693e-03,-7.883331533900256e-04
7.343750000000000e-01,5.113636363636364e-01,3.486245761816716e-03,-7.296516034104503e-04
7.542613636363636e-01,5.113636363636364e-01,3.404081161953064e-03,-6.740374050482004e-04
7.741477272727273e-01,5.113636363636364e-01,3.309546967494266e-03,-6.296701626161444e-04
7.940340909090909e-01,5.113636363636364e-01,3.215012773035468e-03,-5.853029201840884e-04
8.139204545454546e-01,5.113636363636364e-01,3.119826477563629e-03,-5.415042823155402e-04
8.338068181818181e-01,5.113636363636364e-01,3.016162868922257e-03,-5.050975037725943e-04
8.536931818181819e-01,5.113636363636364e-01,2.912499260280884e-03,-4.686907252296478e-04
8.735795454545454e-01,5.113636363636364e-01,2.808835651639511e-03,-4.322839466867018e-04
8.934659090909092e-01,5.113636363636364e-01,2.702087351563820e-03,-4.012655367161190e-04
9.133522727272727e-01,5.113636363636364e-01,2.595101767531644e-03,-3.706616166357182e-04
9.332386363636364e-01,5.113636363636364e-01,2.488116183499467e-03,-3.400576965553173e-04
9.531250000000000e-01,5.113636363636364e-01,2.382038650479049e-03,-3.136355702342532e-04
9.730113636363636e-01,5.113636363636364e-01,2.276208767734566e-03,-2.883539331202808e-04
9.928977272727273e-01,5.113636363636364e-01,2.170378884990082e-03,-2.630722960063085e-04
1.012784090909091e+00,5.113636363636364e-01,2.067015858793891e-03,-2.408930973774361e-04
1.032670454545455e+00,5.113636363636364e-01,1.965023308457861e-03,-2.204374756847300e-04
1.052556818181818e+00,5.113636363636364e-01,1.863030758121831e-03,-1.999818539920242e-04
1.072443181818182e+00,5.113636363636364e-01,1.763572807912659e-03,-1.816221145597318e-04
1.092329545454545e+00,5.113636363636364e-01,1.666649457830345e-03,-1.653582573878531e-04
1.112215909090909e+00,5.113636363636364e-01,1.569726107748031e-03,-1.490944002159743e-04
1.132102272727273e+00,5.113636363636364e-01,1.474706912232071e-03,-1.340786687448176e-04
1.151988636363636e+00,5.113636363636364e-01,1.383115194935549e-03,-1.213095635349603e-04
1.171875000000000e+00,5.113636363636364e-01,1.291523477639025e-03,-1.085404583251029e-04
1.191761363636364e+00,5.113636363636364e-01,1.201017334174496e-03,-9.637768037864426e-05
1.211647727272727e+00,5.113636363636364e-01,1.114491628093944e-03,-8.643810239798124e-05
1.231534090909091e+00,5.113636363636364e-01,1.027965922013392e-03,-7.649852441731824e-05
1.251420454545455e+00,5.113636363636364e-01,9.417704603543410e-04,-6.671976036882953e-05
1.271306818181818e+00,5.113636363636364e-01,8.598681761748123e-04,-5.903157743860818e-05
1.291193181818182e+00,5.113636363636364e-01,7.779658919952854e-04,-5.134339450838701e-05
1.311079545454545e+00,5.113636363636364e-01,6.960636078157566e-04,-4.365521157816565e-05
1.330965909090909e+00,5.113636363636364e-01,6.181347142641270e-04,-3.762281020654201e-05
1.350852272727273e+00,5.113636363636364e-01,5.405114661454137e-04,-3.171777664711825e-05
1.370738636363636e+00,5.113636363636364e-01,4.628882180267003e-04,-2.581274308769450e-05
1.390625000000000e+00,5.113636363636364e-01,3.886093960125557e-04,-2.102639974417859e-05
1.410511363636364e+00,5.113636363636364e-01,3.152426902087484e-04,-1.654515373227394e-05
1.430397727272727e+00,5.113636363636364e-01,2.418759844049418e-04,-1.206390772036934e-05
1.450284090909091e+00,5.113636363636364e-01,1.715585370821265e-04,-8.323208978651346e-06
1.470170454545455e+00,5.113636363636364e-01,1.029351222487500e-04,-4.993925387036990e-06
1.490056818181818e+00,5.113636363636364e-01,3.431170741537357e-05,-1.664641795422637e-06
6.349431818181818e-01,5.340909090909091e-01,3.845135746150451e-03,-1.205392429275389e-03
6.548295454545454e-01,5.340909090909091e-01,3.780248040604701e-03,-1.106383171953935e-03
6.747159090909091e-01,5.340909090909091e-01,3.715360335058950e-03,-1.007373914632481e-03
6.946022727272727e-01,5.340909090909091e-01,3.645497559289633e-03,-9.197941603111325e-04
7.144886363636364e-01,5.340909090909091e-01,3.566679657117895e-03,-8.527875113899738e-04
7.343750000000000e-01,5.340909090909091e-01,3.487861754946156e-03,-7.857808624688150e-04
7.542613636363636e-01,5.340909090909091e-01,3.405733752165150e-03,-7.219219765367723e-04
7.741477272727273e-01,5.340909090909091e-01,3.311468713816832e-03,-6.696048882314883e-04
7.940340909090909e-01,5.340909090909091e-01,3.217203675468514e-03,-6.172877999262044e-04
8.139204545454546e-01,5.340909090909091e-01,3.122227661912801e-03,-5.656382578672036e-04
8.338068181818181e-01,5.340909090909091e-01,3.018008970660958e-03,-5.226668170098848e-04
8.536931818181819e-01,5.340909090909091e-01,2.913790279409113e-03,-4.796953761525657e-04
8.735795454545454e-01,5.340909090909091e-01,2.809571588157271e-03,-4.367239352952470e-04
8.934659090909092e-01,5.340909090909091e-01,2.702043407180517e-03,-4.012674137260538e-04
9.133522727272727e-01,5.340909090909091e-01,2.594260650071079e-03,-3.663889628713322e-04
9.332386363636364e-01,5.340909090909091e-01,2.486477892961640e-03,-3.315105120166104e-04
9.531250000000000e-01,5.340909090909091e-01,2.379694521978312e-03,-3.022467024244191e-04
9.730113636363636e-01,5.340909090909091e-01,2.273183710847560e-03,-2.745141586310997e-04
9.928977272727273e-01,5.340909090909091e-01,2.166672899716808e-03,-2.467816148377804e-04
1.012784090909091e+00,5.340909090909091e-01,2.062794508425736e-03,-2.229620470523827e-04
1.032670454545455e+00,5.340909090909091e-01,1.960378572601152e-03,-2.013163548269412e-04
1.052556818181818e+00,5.340909090909091e-01,1.857962636776569e-03,-1.796706626014999e-04
1.072443181818182e+00,5.340909090909091e-01,1.758214237538679e-03,-1.605172296111514e-04
1.092329545454545e+00,5.340909090909091e-01,1.661133374887484e-03,-1.438560558558960e-04
1.112215909090909e+00,5.340909090909091e-01,1.564052512236287e-03,-1.271948821006403e-04
1.132102272727273e+00,5.340909090909091e-01,1.468954518167135e-03,-1.119576383376291e-04
1.151988636363636e+00,5.340909090909091e-01,1.377425687545661e-03,-9.928346856065739e-05
1.171875000000000e+00,5.340909090909091e-01,1.285896856924186e-03,-8.660929878368552e-05
1.191761363636364e+00,5.340909090909091e-01,1.195488313964039e-03,-7.461577892844560e-05
1.211647727272727e+00,5.340909090909091e-01,1.109187492428767e-03,-6.511797545288961e-05
1.231534090909091e+00,5.340909090909091e-01,1.022886670893495e-03,-5.562017197733363e-05
1.251420454545455e+00,5.340909090909091e-01,9.369237316172322e-04,-4.630690172750905e-05
1.271306818181818e+00,5.340909090909091e-01,8.553532617080971e-04,-3.939256341219418e-05
1.291193181818182e+00,5.340909090909091e-01,7.737827917989636e-04,-3.247822509687945e-05
1.311079545454545e+00,5.340909090909091e-01,6.922123218898284e-04,-2.556388678156457e-05
1.330965909090909e+00,5.340909090909091e-01,6.146708863215770e-04,-2.070257317324371e-05
1.350852272727273e+00,5.340909090909091e-01,5.374393764718560e-04,-1.599918454238399e-05
1.370738636363636e+00,5.340909090909091e-01,4.602078666221351e-04,-1.129579591152426e-05
1.390625000000000e+00,5.340909090909091e-01,3.863386254024225e-04,-8.197882390405011e-06
1.410511363636364e+00,5.340909090909091e-01,3.133863665363489e-04,-5.537825717396825e-06
1.430397727272727e+00,5.340909090909091e-01,2.404341076702761e-04,-2.877769044388669e-06
1.450284090909091e+00,5.340909090909091e-01,1.705293302869766e-04,-1.533436548550444e-06
1.470170454545455e+00,5.340909090909091e-01,1.023175981718839e-04,-9.200619289177342e-07
1.490056818181818e+00,5.340909090909091e-01,3.410586605679113e-05,-3.066873092850249e-07
6.349431818181818e-01,5.568181818181818e-01,3.901834468398643e-03,-1.256726936262762e-03
6.548295454545454e-01,5.568181818181818e-01,3.816128576903180e-03,-1.166956997699852e-03
6.747159090909091e-01,5.568181818181818e-01,3.730422685407716e-03,-1.077187059136943e-03
6.946022727272727e-01,5.568181818181818e-01,3.647167208632597e-03,-9.925736172526638e-04
7.144886363636364e-01,5.568181818181818e-01,3.568322478354096e-03,-9.172418693899219e-04
7.343750000000000e-01,5.568181818181818e-01,3.489477748075596e-03,-8.419101215271800e-04
7.542613636363636e-01,5.568181818181818e-01,3.407386342377237e-03,-7.698065480253442e-04
7.741477272727273e-01,5.568181818181818e-01,3.313390460139399e-03,-7.095396138468324e-04
7.940340909090909e-01,5.568181818181818e-01,3.219394577901560e-03,-6.492726796683203e-04
8.139204545454546e-01,5.568181818181818e-01,3.124628846261973e-03,-5.897722334188669e-04
8.338068181818181e-01,5.568181818181818e-01,3.019855072399658e-03,-5.402361302471756e-04
8.536931818181819e-01,5.568181818181818e-01,2.915081298537344e-03,-4.907000270754835e-04
8.735795454545454e-01,5.568181818181818e-01,2.810307524675029e-03,-4.411639239037921e-04
8.934659090909092e-01,5.568181818181818e-01,2.701999462797213e-03,-4.012692907359886e-04
9.133522727272727e-01,5.568181818181818e-01,2.593419532610514e-03,-3.621163091069461e-04
9.332386363636364e-01,5.568181818181818e-01,2.484839602423813e-03,-3.229633274779034e-04
9.531250000000000e-01,5.568181818181818e-01,2.377350393477575e-03,-2.908578346145850e-04
9.730113636363636e-01,5.568181818181818e-01,2.270158653960555e-03,-2.606743841419187e-04
9.928977272727273e-01,5.568181818181818e-01,2.162966914443534e-03,-2.304909336692522e-04
1.012784090909091e+00,5.568181818181818e-01,2.058573158057582e-03,-2.050309967273292e-04
1.032670454545455e+00,5.568181818181818e-01,1.955733836744444e-03,-1.821952339691523e-04
1.052556818181818e+00,5.568181818181818e-01,1.852894515431307e-03,-1.593594712109756e-04
1.072443181818182e+00,5.568181818181818e-01,1.752855667164699e-03,-1.394123446625710e-04
1.092329545454545e+00,5.568181818181818e-01,1.655617291944622e-03,-1.223538543239388e-04
1.112215909090909e+00,5.568181818181818e-01,1.558378916724544e-03,-1.052953639853064e-04
1.132102272727273e+00,5.568181818181818e-01,1.463202124102199e-03,-8.983660793044067e-05
1.151988636363636e+00,5.568181818181818e-01,1.371736180155773e-03,-7.725737358635449e-05
1.171875000000000e+00,5.568181818181818e-01,1.280270236209346e-03,-6.467813924226814e-05
1.191761363636364e+00,5.568181818181818e-01,1.189959293753583e-03,-5.285387747824695e-05
1.211647727272727e+00,5.568181818181818e-01,1.103883356763591e-03,-4.379784850779797e-05
1.231534090909091e+00,5.568181818181818e-01,1.017807419773599e-03,-3.474181953734901e-05
1.251420454545455e+00,5.568181818181818e-01,9.320770028801236e-04,-2.589404308618856e-05
1.271306818181818e+00,5.568181818181818e-01,8.508383472413817e-04,-1.975354938578016e-05
1.291193181818182e+00,5.568181818181818e-01,7.695996916026417e-04,-1.361305568537189e-05
1.311079545454545e+00,5.568181818181818e-01,6.883610359638999e-04,-7.472561984963490e-06
1.330965909090909e+00,5.568181818181818e-01,6.112070583790269e-04,-3.782336139945417e-06
1.350852272727273e+00,5.568181818181818e-01,5.343672867982984e-04,-2.805924376497212e-07
1.370738636363636e+00,5.568181818181818e-01,4.575275152175699e-04,3.221151264645974e-06
1.390625000000000e+00,5.568181818181818e-01,3.840678547922894e-04,4.630634963368568e-06
1.410511363636364e+00,5.568181818181818e-01,3.115300428639495e-04,5.469502297480288e-06
1.430397727272727e+00,5.568181818181818e-01,2.389922309356104e-04,6.308369631592000e-06
1.450284090909091e+00,5.568181818181818e-01,1.695001234918268e-04,5.256335881550456e-06
1.470170454545455e+00,5.568181818181818e-01,1.017000740950178e-04,3.153801529201522e-06
1.490056818181818e+00,5.568181818181818e-01,3.390002469820869e-05,1.051267176852587e-06
6.349431818181818e-01,5.795454545454546e-01,3.928678381583327e-03,-1.299198205512083e-03
6.548295454545454e-01,5.795454545454546e-01,3.840497189128727e-03,-1.216058547367285e-03
6.747159090909091e-01,5.795454545454546e-01,3.752315996674127e-03,-1.132918889222488e-03
6.946022727272727e-01,5.795454545454546e-01,3.665921516802373e-03,-1.050662914102675e-03
7.144886363636364e-01,5.795454545454546e-01,3.582743119579745e-03,-9.699975684278319e-04
7.343750000000000e-01,5.795454545454546e-01,3.499564722357116e-03,-8.893322227529891e-04
7.542613636363636e-01,5.795454545454546e-01,3.413238133918409e-03,-8.112622314347271e-04
7.741477272727273e-01,5.795454545454546e-01,3.315368177687417e-03,-7.427085394239275e-04
7.940340909090909e-01,5.795454545454546e-01,3.217498221456424e-03,-6.741548474131278e-04
8.139204545454546e-01,5.795454545454546e-01,3.118930214805590e-03,-6.065217137656930e-04
8.338068181818181e-01,5.795454545454546e-01,3.011287552696810e-03,-5.508558388420007e-04
8.536931818181819e-01,5.795454545454546e-01,2.903644890588029e-03,-4.951899639183078e-04
8.735795454545454e-01,5.795454545454546e-01,2.796002228479249e-03,-4.395240889946156e-04
8.934659090909092e-01,5.795454545454546e-01,2.685916460476159e-03,-3.956928643714140e-04
9.133522727272727e-01,5.795454545454546e-01,2.575642761250429e-03,-3.527719974636351e-04
9.332386363636364e-01,5.795454545454546e-01,2.465369062024700e-03,-3.098511305558560e-04
9.531250000000000e-01,5.795454545454546e-01,2.356982819483199e-03,-2.754117484735293e-04
9.730113636363636e-01,5.795454545454546e-01,2.249111337855578e-03,-2.432854986163258e-04
9.928977272727273e-01,5.795454545454546e-01,2.141239856227958e-03,-2.111592487591224e-04
1.012784090909091e+00,5.795454545454546e-01,2.036653410743402e-03,-1.845063441126281e-04
1.032670454545455e+00,5.795454545454546e-01,1.933891985338326e-03,-1.608941868054164e-04
1.052556818181818e+00,5.795454545454546e-01,1.831130559933251e-03,-1.372820294982050e-04
1.072443181818182e+00,5.795454545454546e-01,1.731424015517941e-03,-1.168993656896182e-04
1.092329545454545e+00,5.795454545454546e-01,1.634772352092397e-03,-9.974619537965663e-05
1.112215909090909e+00,5.795454545454546e-01,1.538120688666853e-03,-8.259302506969484e-05
1.132102272727273e+00,5.795454545454546e-01,1.443642730392168e-03,-6.717947127022615e-05
1.151988636363636e+00,5.795454545454546e-01,1.353077441389025e-03,-5.489722718964467e-05
1.171875000000000e+00,5.795454545454546e-01,1.262512152385881e-03,-4.261498310906305e-05
1.191761363636364e+00,5.795454545454546e-01,1.173139153210796e-03,-3.114398251229224e-05
1.211647727272727e+00,5.795454545454546e-01,1.088137883405260e-03,-2.264754135616118e-05
1.231534090909091e+00,5.795454545454546e-01,1.003136613599725e-03,-1.415110020003012e-05
1.251420454545455e+00,5.795454545454546e-01,9.184860800508399e-04,-5.881553000928153e-06
1.271306818181818e+00,5.795454545454546e-01,8.383951178384306e-04,-5.616272432056915e-07
1.291193181818182e+00,5.795454545454546e-01,7.583041556260229e-04,4.758298514516648e-06
1.311079545454545e+00,5.795454545454546e-01,6.782131934136135e-04,1.007822427223911e-05
1.330965909090909e+00,5.795454545454546e-01,6.022037437983835e-04,1.260672869267479e-05
1.350852272727273e+00,5.795454545454546e-01,5.265082566906297e-04,1.492050839485761e-05
1.370738636363636e+00,5.795454545454546e-01,4.508127695828758e-04,1.723428809704043e-05
1.390625000000000e+00,5.795454545454546e-01,3.784482359763362e-04,1.700744097431247e-05
1.410511363636364e+00,5.795454545454546e-01,3.069921442337642e-04,1.608769562660882e-05
1.430397727272727e+00,5.795454545454546e-01,2.355360524911931e-04,1.516795027890518e-05
1.450284090909091e+00,5.795454545454546e-01,1.670581975093087e-04,1.180412370272525e-05
1.470170454545455e+00,5.795454545454546e-01,1.002349185055827e-04,7.082474221836219e-06
1.490056818181818e+00,5.795454545454546e-01,3.341163950185677e-05,2.360824740947187e-06
6.349431818181818e-01,6.022727272727273e-01,3.945570691746842e-03,-1.338715062182051e-03
6.548295454545454e-01,6.022727272727273e-01,3.861028493329963e-03,-1.261336005008557e-03
6.747159090909091e-01,6.022727272727273e-01,3.776486294913084e-03,-1.183956947835062e-03
6.946022727272727e-01,6.022727272727273e-01,3.690370711247753e-03,-1.103855490922178e-03
7.144886363636364e-01,6.022727272727273e-01,3.601423034135208e-03,-1.018853714478396e-03
7.343750000000000e-01,6.022727272727273e-01,3.512475357022663e-03,-9.338519380346131e-04
7.542613636363636e-01,6.022727272727273e-01,3.420489659235943e-03,-8.505749521510466e-04
7.741477272727273e-01,6.022727272727273e-01,3.317364552310586e-03,-7.736221983216062e-04
7.940340909090909e-01,6.022727272727273e-01,3.214239445385229e-03,-6.966694444921658e-04
8.139204545454546e-01,6.022727272727273e-01,3.110531644747355e-03,-6.208096957109064e-04
8.338068181818181e-01,6.022727272727273e-01,2.999248825846778e-03,-5.591590125560040e-04
8.536931818181819e-01,6.022727272727273e-01,2.887966006946199e-03,-4.975083294011010e-04
8.735795454545454e-01,6.022727272727273e-01,2.776683188045621e-03,-4.358576462461986e-04
8.934659090909092e-01,6.022727272727273e-01,2.664487105509186e-03,-3.882570035486695e-04
9.133522727272727e-01,6.022727272727273e-01,2.552220771923839e-03,-3.417371331940159e-04
9.332386363636364e-01,6.022727272727273e-01,2.439954438338491e-03,-2.952172628393619e-04
9.531250000000000e-01,6.022727272727273e-01,2.330607430324276e-03,-2.586132562220664e-04
9.730113636363636e-01,6.022727272727273e-01,2.222056602011279e-03,-2.247135760785959e-04
9.928977272727273e-01,6.022727272727273e-01,2.113505773698281e-03,-1.908138959351255e-04
1.012784090909091e+00,6.022727272727273e-01,2.008834197780548e-03,-1.631171574013779e-04
1.032670454545455e+00,6.022727272727273e-01,1.906317762082405e-03,-1.388664975396983e-04
1.052556818181818e+00,6.022727272727273e-01,1.803801326384263e-03,-1.146158376780190e-04
1.072443181818182e+00,6.022727272727273e-01,1.704634670113589e-03,-9.391702204187482e-05
1.092329545454545e+00,6.022727272727273e-01,1.608817793270385e-03,-7.677005063126628e-05
1.112215909090909e+00,6.022727272727273e-01,1.513000916427180e-03,-5.962307922065754e-05
1.132102272727273e+00,6.022727272727273e-01,1.419481003467104e-03,-4.434363252566977e-05
1.151988636363636e+00,6.022727272727273e-01,1.330095625496657e-03,-3.242573031879937e-05
1.171875000000000e+00,6.022727272727273e-01,1.240710247526208e-03,-2.050782811192885e-05
1.191761363636364e+00,6.022727272727273e-01,1.152555305890565e-03,-9.451423041085669e-06
1.211647727272727e+00,6.022727272727273e-01,1.068911964149212e-03,-1.553840802342805e-06
1.231534090909091e+00,6.022727272727273e-01,9.852686224078580e-04,6.343741436400065e-06
1.251420454545455e+00,6.022727272727273e-01,9.019804258574981e-04,1.399748089897876e-05
1.271306818181818e+00,6.022727272727273e-01,8.233091167900674e-04,1.848126427142213e-05
1.291193181818182e+00,6.022727272727273e-01,7.446378077226384e-04,2.296504764386539e-05
1.311079545454545e+00,6.022727272727273e-01,6.659664986552077e-04,2.744883101630876e-05
1.330965909090909e+00,6.022727272727273e-01,5.913539336717089e-04,2.881873612506885e-05
1.350852272727273e+00,6.022727272727273e-01,5.170535797715905e-04,2.994911213662252e-05
1.370738636363636e+00,6.022727272727273e-01,4.427532258714721e-04,3.107948814817620e-05
1.390625000000000e+00,6.022727272727273e-01,3.717123344251096e-04,2.923367653764640e-05
1.410511363636364e+00,6.022727272727273e-01,3.015603872843171e-04,2.657617739382109e-05
1.430397727272727e+00,6.022727272727273e-01,2.314084401435254e-04,2.391867824999580e-05
1.450284090909091e+00,6.022727272727273e-01,1.641453651310012e-04,1.827124998759130e-05
1.470170454545455e+00,6.022727272727273e-01,9.848721907862476e-05,1.096274999264271e-05
1.490056818181818e+00,6.022727272727273e-01,3.282907302624834e-05,3.654249997694107e-06
6.349431818181818e-01,6.250000000000000e-01,3.962463001910357e-03,-1.378231918852020e-03
6.548295454545454e-01,6.250000000000000e-01,3.881559797531199e-03,-1.306613462649828e-03
6.747159090909091e-01,6.250000000000000e-01,3.800656593152042e-03,-1.234995006447635e-03
6.946022727272727e-01,6.250000000000000e-01,3.714819905693133e-03,-1.157048067741682e-03
7.144886363636364e-01,6.250000000000000e-01,3.620102948690671e-03,-1.067709860528959e-03
7.343750000000000e-01,6.250000000000000e-01,3.525385991688209e-03,-9.783716533162368e-04
7.542613636363636e-01,6.250000000000000e-01,3.427741184553477e-03,-8.898876728673662e-04
7.741477272727273e-01,6.250000000000000e-01,3.319360926933755e-03,-8.045358572192848e-04
7.940340909090909e-01,6.250000000000000e-01,3.210980669314033e-03,-7.191840415712034e-04
8.139204545454546e-01,6.250000000000000e-01,3.102133074689121e-03,-6.350976776561200e-04
8.338068181818181e-01,6.250000000000000e-01,2.987210098996746e-03,-5.674621862700074e-04
8.536931818181819e-01,6.250000000000000e-01,2.872287123304370e-03,-4.998266948838941e-04
8.735795454545454e-01,6.250000000000000e-01,2.757364147611995e-03,-4.321912034977816e-04
8.934659090909092e-01,6.250000000000000e-01,2.643057750542213e-03,-3.808211427259250e-04
9.133522727272727e-01,6.250000000000000e-01,2.528798782597247e-03,-3.307022689243965e-04
9.332386363636364e-01,6.250000000000000e-01,2.414539814652282e-03,-2.805833951228678e-04
9.531250000000000e-01,6.250000000000000e-01,2.304232041165352e-03,-2.418147639706035e-04
9.730113636363636e-01,6.250000000000000e-01,2.195001866166978e-03,-2.061416535408660e-04
9.928977272727273e-01,6.250000000000000e-01,2.085771691168605e-03,-1.704685431111285e-04
1.012784090909091e+00,6.250000000000000e-01,1.981014984817694e-03,-1.417279706901277e-04
1.032670454545455e+00,6.250000000000000e-01,1.878743538826484e-03,-1.168388082739802e-04
1.052556818181818e+00,6.250000000000000e-01,1.776472092835274e-03,-9.194964585783302e-05
1.072443181818182e+00,6.250000000000000e-01,1.677845324709237e-03,-7.093467839413143e-05
1.092329545454545e+00,6.250000000000000e-01,1.582863234448373e-03,-5.379390588287593e-05
1.112215909090909e+00,6.250000000000000e-01,1.487881144187507e-03,-3.665313337162023e-05
1.132102272727273e+00,6.250000000000000e-01,1.395319276542040e-03,-2.150779378111338e-05
1.151988636363636e+00,6.250000000000000e-01,1.307113809604288e-03,-9.954233447954078e-06
1.171875000000000e+00,6.250000000000000e-01,1.218908342666535e-03,1.599326885205350e-06
1.191761363636364e+00,6.250000000000000e-01,1.131971458570334e-03,1.224113643012090e-05
1.211647727272727e+00,6.250000000000000e-01,1.049686044893163e-03,1.953985975147558e-05
1.231534090909091e+00,6.250000000000000e-01,9.674006312159914e-04,2.683858307283025e-05
1.251420454545455e+00,6.250000000000000e-01,8.854747716641563e-04,3.387651479888568e-05
1.271306818181818e+00,6.250000000000000e-01,8.082231157417043e-04,3.752415578604996e-05
1.291193181818182e+00,6.250000000000000e-01,7.309714598192538e-04,4.117179677321414e-05
1.311079545454545e+00,6.250000000000000e-01,6.537198038968018e-04,4.481943776037841e-05
1.330965909090909e+00,6.250000000000000e-01,5.805041235450345e-04,4.503074355746292e-05
1.350852272727273e+00,6.250000000000000e-01,5.075989028525515e-04,4.497771587838744e-05
1.370738636363636e+00,6.250000000000000e-01,4.346936821600684e-04,4.492468819931196e-05
1.390625000000000e+00,6.250000000000000e-01,3.649764328738830e-04,4.145991210098033e-05
1.410511363636364e+00,6.250000000000000e-01,2.961286303348699e-04,3.706465916103335e-05
1.430397727272727e+00,6.250000000000000e-01,2.272808277958576e-04,3.266940622108643e-05
1.450284090909091e+00,6.250000000000000e-01,1.612325327526936e-04,2.473837627245735e-05
1.470170454545455e+00,6.250000000000000e-01,9.673951965166677e-05,1.484302576344919e-05
1.490056818181818e+00,6.250000000000000e-01,3.224650655063992e-05,4.947675254441026e-06
6.349431818181818e-01,6.477272727272727e-01,4.037158066010479e-03,-1.424925143538549e-03
6.548295454545454e-01,6.477272727272727e-01,3.945533682885569e-03,-1.354520864352419e-03
6.747159090909091e-01,6.477272727272727e-01,3.853909299760658e-03,-1.284116585166290e-03
6.946022727272727e-01,6.477272727272727e-01,3.756313979584133e-03,-1.203126965645329e-03
7.144886363636364e-01,6.477272727272727e-01,3.647970972714702e-03,-1.103083733521669e-03
7.343750000000000e-01,6.477272727272727e-01,3.539627965845269e-03,-1.003040501398010e-03
7.542613636363636e-01,6.477272727272727e-01,3.429076918363739e-03,-9.046682976795823e-04
7.741477272727273e-01,6.477272727272727e-01,3.310429721971185e-03,-8.124231981136701e-04
7.940340909090909e-01,6.477272727272727e-01,3.191782525578630e-03,-7.201780985477580e-04
8.139204545454546e-01,6.477272727272727e-01,3.072987126138309e-03,-6.294000564986367e-04
8.338068181818181e-01,6.477272727272727e-01,2.952265087077032e-03,-5.576937621677975e-04
8.536931818181819e-01,6.477272727272727e-01,2.831543048015754e-03,-4.859874678369575e-04
8.735795454545454e-01,6.477272727272727e-01,2.710821008954478e-03,-4.142811735061184e-04
8.934659090909092e-01,6.477272727272727e-01,2.593895430952009e-03,-3.610434031886759e-04
9.133522727272727e-01,6.477272727272727e-01,2.477261888415603e-03,-3.092262885645723e-04
9.332386363636364e-01,6.477272727272727e-01,2.360628345879196e-03,-2.574091739404684e-04
9.531250000000000e-01,6.477272727272727e-01,2.249765875691144e-03,-2.180065978238151e-04
9.730113636363636e-01,6.477272727272727e-01,2.140477334325370e-03,-1.819898049364665e-04
9.928977272727273e-01,6.477272727272727e-01,2.031188792959595e-03,-1.459730120491180e-04
1.012784090909091e+00,6.477272727272727e-01,1.927259935707610e-03,-1.173131271324749e-04
1.032670454545455e+00,6.477272727272727e-01,1.826308680741063e-03,-9.274041331066772e-05
1.052556818181818e+00,6.477272727272727e-01,1.725357425774517e-03,-6.816769948886084e-05
1.072443181818182e+00,6.477272727272727e-01,1.628421543957589e-03,-4.760541753793860e-05
1.092329545454545e+00,6.477272727272727e-01,1.535501035290283e-03,-3.105356745790149e-05
1.112215909090909e+00,6.477272727272727e-01,1.442580526622976e-03,-1.450171737786420e-05
1.132102272727273e+00,6.477272727272727e-01,1.352207579699264e-03,2.105372776905516e-08
1.151988636363636e+00,6.477272727272727e-01,1.266420243914021e-03,1.089148267947538e-05
1.171875000000000e+00,6.477272727272727e-01,1.180632908128776e-03,2.176191163118183e-05
1.191761363636364e+00,6.477272727272727e-01,1.096141720946808e-03,3.171164300649410e-05
1.211647727272727e+00,6.477272727272727e-01,1.016403078643519e-03,3.828548326836112e-05
1.231534090909091e+00,6.477272727272727e-01,9.366644363402311e-04,4.485932353022813e-05
1.251420454545455e+00,6.477272727272727e-01,8.572841632413283e-04,5.116645001744284e-05
1.271306818181818e+00,6.477272727272727e-01,7.825626897994474e-04,5.400629743417677e-05
1.291193181818182e+00,6.477272727272727e-01,7.078412163575681e-04,5.684614485091065e-05
1.311079545454545e+00,6.477272727272727e-01,6.331197429156872e-04,5.968599226764457e-05
1.330965909090909e+00,6.477272727272727e-01,5.623177300689236e-04,5.889077681640528e-05
1.350852272727273e+00,6.477272727272727e-01,4.918172141910160e-04,5.781594114455268e-05
1.370738636363636e+00,6.477272727272727e-01,4.213166983131084e-04,5.674110547270006e-05
1.390625000000000e+00,6.477272727272727e-01,3.538348533834894e-04,5.190767106547169e-05
1.410511363636364e+00,6.477272727272727e-01,2.871762823488583e-04,4.604916427586809e-05
1.430397727272727e+00,6.477272727272727e-01,2.205177113142279e-04,4.019065748626455e-05
1.450284090909091e+00,6.477272727272727e-01,1.564747217742539e-04,3.030549266248318e-05
1.470170454545455e+00,6.477272727272727e-01,9.388483306464396e-05,1.818329559749177e-05
1.490056818181818e+00,6.477272727272727e-01,3.129494435503395e-05,6.061098532500360e-06
6.349431818181818e-01,6.704545454545454e-01,4.111853130110601e-03,-1.471618368225077e-03
6.548295454545454e-01,6.704545454545454e-01,4.009507568239938e-03,-1.402428266055011e-03
6.747159090909091e-01,6.704545454545454e-01,3.907162006369275e-03,-1.333238163884945e-03
6.946022727272727e-01,6.704545454545454e-01,3.797808053475134e-03,-1.249205863548975e-03
7.144886363636364e-01,6.704545454545454e-01,3.675838996738732e-03,-1.138457606514379e-03
7.343750000000000e-01,6.704545454545454e-01,3.553869940002329e-03,-1.027709349479783e-03
7.542613636363636e-01,6.704545454545454e-01,3.430412652174002e-03,-9.194489224917985e-04
7.741477272727273e-01,6.704545454545454e-01,3.301498517008615e-03,-8.203105390080553e-04
7.940340909090909e-01,6.704545454545454e-01,3.172584381843227e-03,-7.211721555243124e-04
8.139204545454546e-01,6.704545454545454e-01,3.043841177587498e-03,-6.237024353411534e-04
8.338068181818181e-01,6.704545454545454e-01,2.917320075157319e-03,-5.479253380655876e-04
8.536931818181819e-01,6.704545454545454e-01,2.790798972727139e-03,-4.721482407900210e-04
8.735795454545454e-01,6.704545454545454e-01,2.664277870296960e-03,-3.963711435144552e-04
8.934659090909092e-01,6.704545454545454e-01,2.544733111361804e-03,-3.412656636514267e-04
9.133522727272727e-01,6.704545454545454e-01,2.425724994233958e-03,-2.877503082047480e-04
9.332386363636364e-01,6.704545454545454e-01,2.306716877106112e-03,-2.342349527580690e-04
9.531250000000000e-01,6.704545454545454e-01,2.195299710216936e-03,-1.941984316770267e-04
9.730113636363636e-01,6.704545454545454e-01,2.085952802483761e-03,-1.578379563320671e-04
9.928977272727273e-01,6.704545454545454e-01,1.976605894750586e-03,-1.214774809871075e-04
1.012784090909091e+00,6.704545454545454e-01,1.873504886597527e-03,-9.289828357482206e-05
1.032670454545455e+00,6.704545454545454e-01,1.773873822655642e-03,-6.864201834735522e-05
1.052556818181818e+00,6.704545454545454e-01,1.674242758713759e-03,-4.438575311988865e-05
1.072443181818182e+00,6.704545454545454e-01,1.578997763205942e-03,-2.427615668174578e-05
1.092329545454545e+00,6.704545454545454e-01,1.488138836132194e-03,-8.313229032927062e-06
1.112215909090909e+00,6.704545454545454e-01,1.397279909058445e-03,7.649698615891834e-06
1.132102272727273e+00,6.704545454545454e-01,1.309095882856488e-03,2.154990123665149e-05
1.151988636363636e+00,6.704545454545454e-01,1.225726678223753e-03,3.173719880690484e-05
1.171875000000000e+00,6.704545454545454e-01,1.142357473591017e-03,4.192449637715830e-05
1.191761363636364e+00,6.704545454545454e-01,1.060311983323281e-03,5.118214958286730e-05
1.211647727272727e+00,6.704545454545454e-01,9.831201123938760e-04,5.703110678524666e-05
1.231534090909091e+00,6.704545454545454e-01,9.059282414644709e-04,6.288006398762602e-05
1.251420454545455e+00,6.704545454545454e-01,8.290935548185003e-04,6.845638523600001e-05
1.271306818181818e+00,6.704545454545454e-01,7.569022638571905e-04,7.048843908230360e-05
1.291193181818182e+00,6.704545454545454e-01,6.847109728958823e-04,7.252049292860716e-05
1.311079545454545e+00,6.704545454545454e-01,6.125196819345725e-04,7.455254677491074e-05
1.330965909090909e+00,6.704545454545454e-01,5.441313365928128e-04,7.275081007534766e-05
1.350852272727273e+00,6.704545454545454e-01,4.760355255294807e-04,7.065416641071792e-05
1.370738636363636e+00,6.704545454545454e-01,4.079397144661487e-04,6.855752274608818e-05
1.390625000000000e+00,6.704545454545454e-01,3.426932738930958e-04,6.235543002996308e-05
1.410511363636364e+00,6.704545454545454e-01,2.782239343628466e-04,5.503366939070283e-05
1.430397727272727e+00,6.704545454545454e-01,2.137545948325982e-04,4.771190875144267e-05
1.450284090909091e+00,6.704545454545454e-01,1.517169107958143e-04,3.587260905250902e-05
1.470170454545455e+00,6.704545454545454e-01,9.103014647762113e-05,2.152356543153436e-05
1.490056818181818e+00,6.704545454545454e-01,3.034338215942798e-05,7.174521810559693e-06
6.349431818181818e-01,6.931818181818182e-01,4.195232906135604e-03,-1.525603839734051e-03
6.548295454545454e-01,6.931818181818182e-01,4.076617282003982e-03,-1.451468966729080e-03
6.747159090909091e-01,6.931818181818182e-01,3.958001657872361e-03,-1.377334093724108e-03
6.946022727272727e-01,6.931818181818182e-01,3.832802898657909e-03,-1.286338206310590e-03
7.144886363636364e-01,6.931818181818182e-01,3.695754496294363e-03,-1.164992492961688e-03
7.343750000000000e-01,6.931818181818182e-01,3.558706093930816e-03,-1.043646779612786e-03
7.542613636363636e-01,6.931818181818182e-01,3.421170450252193e-03,-9.257063057608963e-04
7.741477272727273e-01,6.931818181818182e-01,3.281848255084957e-03,-8.202517100647211e-04
7.940340909090909e-01,6.931818181818182e-01,3.142526059917720e-03,-7.147971143685458e-04
8.139204545454546e-01,6.931818181818182e-01,3.003719065851781e-03,-6.112342874665044e-04
8.338068181818181e-01,6.931818181818182e-01,2.871609686102714e-03,-5.322644548882043e-04
8.536931818181819e-01,6.931818181818182e-01,2.739500306353647e-03,-4.532946223099031e-04
8.735795454545454e-01,6.931818181818182e-01,2.607390926604580e-03,-3.743247897316029e-04
8.934659090909092e-01,6.931818181818182e-01,2.485638859459962e-03,-3.180746274564889e-04
9.133522727272727e-01,6.931818181818182e-01,2.364683508669533e-03,-2.635721321277747e-04
9.332386363636364e-01,6.931818181818182e-01,2.243728157879104e-03,-2.090696367990600e-04
9.531250000000000e-01,6.931818181818182e-01,2.132219377280201e-03,-1.689196698348555e-04
9.730113636363636e-01,6.931818181818182e-01,2.023286934006259e-03,-1.326840287882446e-04
9.928977272727273e-01,6.931818181818182e-01,1.914354490732318e-03,-9.644838774163377e-05
1.012784090909091e+00,6.931818181818182e-01,1.812531460746899e-03,-6.829336117735528e-05
1.032670454545455e+00,6.931818181818182e-01,1.714658104810658e-03,-4.462756488103887e-05
1.052556818181818e+00,6.931818181818182e-01,1.616784748874419e-03,-2.096176858472271e-05
1.072443181818182e+00,6.931818181818182e-01,1.523642653903243e-03,-1.516066984793817e-06
1.092329545454545e+00,6.931818181818182e-01,1.435231819897134e-03,1.370953991874737e-05
1.112215909090909e+00,6.931818181818182e-01,1.346820985891023e-03,2.893514682228872e-05
1.132102272727273e+00,6.931818181818182e-01,1.261195977385354e-03,4.209304150304689e-05
1.151988636363636e+00,6.931818181818182e-01,1.180585454780478e-03,5.152905418279566e-05
1.171875000000000e+00,6.931818181818182e-01,1.099974932175600e-03,6.096506686254452e-05
1.191761363636364e+00,6.931818181818182e-01,1.020707986572020e-03,6.947444250655087e-05
1.211647727272727e+00,6.931818181818182e-01,9.463674899731951e-04,7.458614901950138e-05
1.231534090909091e+00,6.931818181818182e-01,8.720269933743705e-04,7.969785553245187e-05
1.251420454545455e+00,6.931818181818182e-01,7.980404434806308e-04,8.453433447818341e-05
1.271306818181818e+00,6.931818181818182e-01,7.286552007530062e-04,8.579285505006747e-05
1.291193181818182e+00,6.931818181818182e-01,6.592699580253830e-04,8.705137562195153e-05
1.311079545454545e+00,6.931818181818182e-01,5.898847152977582e-04,8.830989619383560e-05
1.330965909090909e+00,6.931818181818182e-01,5.241605718537417e-04,8.557749779856396e-05
1.350852272727273e+00,6.931818181818182e-01,4.587180514315420e-04,8.253810563658805e-05
1.370738636363636e+00,6.931818181818182e-01,3.932755310093422e-04,7.949871347461213e-05
1.390625000000000e+00,6.931818181818182e-01,3.304874559443104e-04,7.203953890099226e-05
1.410511363636364e+00,6.931818181818182e-01,2.684233205221430e-04,6.337496912419675e-05
1.430397727272727e+00,6.931818181818182e-01,2.063591850999761e-04,5.471039934740132e-05
1.450284090909091e+00,6.931818181818182e-01,1.465174951301187e-04,4.105811033977817e-05
1.470170454545455e+00,6.931818181818182e-01,8.791049707821028e-05,2.463486620391719e-05
1.490056818181818e+00,6.931818181818182e-01,2.930349902630189e-05,8.211622068056212e-06
6.349431818181818e-01,7.159090909090909e-01,4.304666817935248e-03,-1.601466051710362e-03
6.548295454545454e-01,7.159090909090909e-01,4.153134480997052e-03,-1.503909564317579e-03
6.747159090909091e-01,7.159090909090909e-01,4.001602144058854e-03,-1.406353076924797e-03
6.946022727272727e-01,7.159090909090909e-01,3.848300057716009e-03,-1.296630883646109e-03
7.144886363636364e-01,7.159090909090909e-01,3.691812422444795e-03,-1.165010419772793e-03
7.343750000000000e-01,7.159090909090909e-01,3.535324787173582e-03,-1.033389955899477e-03
7.542613636363636e-01,7.159090909090909e-01,3.380194441134170e-03,-9.063939644006398e-04
7.741477272727273e-01,7.159090909090909e-01,3.230040822278033e-03,-7.963543716082279e-04
7.940340909090909e-01,7.159090909090909e-01,3.079887203421895e-03,-6.863147788158160e-04
8.139204545454546e-01,7.159090909090909e-01,2.930668464561345e-03,-5.784545594403581e-04
8.338068181818181e-01,7.159090909090909e-01,2.793603165643435e-03,-4.989261944853005e-04
8.536931818181819e-01,7.159090909090909e-01,2.656537866725522e-03,-4.193978295302418e-04
8.735795454545454e-01,7.159090909090909e-01,2.519472567807612e-03,-3.398694645751842e-04
8.934659090909092e-01,7.159090909090909e-01,2.396748810623208e-03,-2.846437012884858e-04
9.133522727272727e-01,7.159090909090909e-01,2.275128248956768e-03,-2.312873688993544e-04
9.332386363636364e-01,7.159090909090909e-01,2.153507687290327e-03,-1.779310365102226e-04
9.531250000000000e-01,7.159090909090909e-01,2.043296541955886e-03,-1.392291209065364e-04
9.730113636363636e-01,7.159090909090909e-01,1.936197055621080e-03,-1.045238644261537e-04
9.928977272727273e-01,7.159090909090909e-01,1.829097569286275e-03,-6.981860794577086e-05
1.012784090909091e+00,7.159090909090909e-01,1.729902904674640e-03,-4.311820226044714e-05
1.032670454545455e+00,7.159090909090909e-01,1.635099807686986e-03,-2.086493590571141e-05
1.052556818181818e+00,7.159090909090909e-01,1.540296710699334e-03,1.388330449024059e-06
1.072443181818182e+00,7.159090909090909e-01,1.450493558947392e-03,1.953650923443512e-05
1.092329545454545e+00,7.159090909090909e-01,1.365690352431161e-03,3.357960045052136e-05
1.112215909090909e+00,7.159090909090909e-01,1.280887145914929e-03,4.762269166660776e-05
1.132102272727273e+00,7.159090909090909e-01,1.198931446029149e-03,5.967906004198082e-05
1.151988636363636e+00,7.159090909090909e-01,1.122101258078179e-03,6.815932730407017e-05
1.171875000000000e+00,7.159090909090909e-01,1.045271070127208e-03,7.663959456615961e-05
1.191761363636364e+00,7.159090909090909e-01,9.697812124375547e-04,8.423209447216520e-05
1.211647727272727e+00,7.159090909090909e-01,8.992058990394025e-04,8.856944740586326e-05
1.231534090909091e+00,7.159090909090909e-01,8.286305856412504e-04,9.290680033956136e-05
1.251420454545455e+00,7.159090909090909e-01,7.583998233976371e-04,9.697632579124511e-05
1.271306818181818e+00,7.159090909090909e-01,6.926482261630394e-04,9.756409397674220e-05
1.291193181818182e+00,7.159090909090909e-01,6.268966289284433e-04,9.815186216223927e-05
1.311079545454545e+00,7.159090909090909e-01,5.611450316938457e-04,9.873963034773635e-05
1.330965909090909e+00,7.159090909090909e-01,4.988366933257908e-04,9.530414891460184e-05
1.350852272727273e+00,7.159090909090909e-01,4.367932210243935e-04,9.155918674157261e-05
1.370738636363636e+00,7.159090909090909e-01,3.747497487229964e-04,8.781422456854340e-05
1.390625000000000e+00,7.159090909090909e-01,3.150889226203501e-04,7.943269749163473e-05
1.410511363636364e+00,7.159090909090909e-01,2.560779091173633e-04,6.978665271366801e-05
1.430397727272727e+00,7.159090909090909e-01,1.970668956143771e-04,6.014060793570139e-05
1.450284090909091e+00,7.159090909090909e-01,1.399932654026553e-04,4.509876631877716e-05
1.470170454545455e+00,7.159090909090909e-01,8.399595924163541e-05,2.705925979132072e-05
1.490056818181818e+00,7.159090909090909e-01,2.799865308061545e-05,9.019753263864269e-06
6.349431818181818e-01,7.386363636363636e-01,4.414100729734893e-03,-1.677328263686674e-03
6.548295454545454e-01,7.386363636363636e-01,4.229651679990121e-03,-1.556350161906079e-03
6.747159090909091e-01,7.386363636363636e-01,4.045202630245348e-03,-1.435372060125485e-03
6.946022727272727e-01,7.386363636363636e-01,3.863797216774109e-03,-1.306923560981628e-03
7.144886363636364e-01,7.386363636363636e-01,3.687870348595228e-03,-1.165028346583898e-03
7.343750000000000e-01,7.386363636363636e-01,3.511943480416347e-03,-1.023133132186167e-03
7.542613636363636e-01,7.386363636363636e-01,3.339218432016148e-03,-8.870816230403835e-04
7.741477272727273e-01,7.386363636363636e-01,3.178233389471109e-03,-7.724570331517349e-04
7.940340909090909e-01,7.386363636363636e-01,3.017248346926070e-03,-6.578324432630864e-04
8.139204545454546e-01,7.386363636363636e-01,2.857617863270909e-03,-5.456748314142118e-04
8.338068181818181e-01,7.386363636363636e-01,2.715596645184155e-03,-4.655879340823966e-04
8.536931818181819e-01,7.386363636363636e-01,2.573575427097398e-03,-3.855010367505806e-04
8.735795454545454e-01,7.386363636363636e-01,2.431554209010644e-03,-3.054141394187654e-04
8.934659090909092e-01,7.386363636363636e-01,2.307858761786455e-03,-2.512127751204827e-04
9.133522727272727e-01,7.386363636363636e-01,2.185572989244002e-03,-1.990026056709341e-04
9.332386363636364e-01,7.386363636363636e-01,2.063287216701550e-03,-1.467924362213852e-04
9.531250000000000e-01,7.386363636363636e-01,1.954373706631570e-03,-1.095385719782174e-04
9.730113636363636e-01,7.386363636363636e-01,1.849107177235901e-03,-7.636370006406267e-05
9.928977272727273e-01,7.386363636363636e-01,1.743840647840232e-03,-4.318882814990795e-05
1.012784090909091e+00,7.386363636363636e-01,1.647274348602380e-03,-1.794304334353896e-05
1.032670454545455e+00,7.386363636363636e-01,1.555541510563314e-03,2.897693069616049e-06
1.052556818181818e+00,7.386363636363636e-01,1.463808672524249e-03,2.373842948277083e-05
1.072443181818182e+00,7.386363636363636e-01,1.377344463991540e-03,4.058908545366406e-05
1.092329545454545e+00,7.386363636363636e-01,1.296148884965188e-03,5.344966098229536e-05
1.112215909090909e+00,7.386363636363636e-01,1.214953305938835e-03,6.631023651092679e-05
1.132102272727273e+00,7.386363636363636e-01,1.136666914672943e-03,7.726507858091475e-05
1.151988636363636e+00,7.386363636363636e-01,1.063617061375880e-03,8.478960042534469e-05
1.171875000000000e+00,7.386363636363636e-01,9.905672080788150e-04,9.231412226977471e-05
1.191761363636364e+00,7.386363636363636e-01,9.188544383030897e-04,9.898974643777950e-05
1.211647727272727e+00,7.386363636363636e-01,8.520443081056100e-04,1.025527457922252e-04
1.231534090909091e+00,7.386363636363636e-01,7.852341779081302e-04,1.061157451466708e-04
1.251420454545455e+00,7.386363636363636e-01,7.187592033146432e-04,1.094183171043068e-04
1.271306818181818e+00,7.386363636363636e-01,6.566412515730728e-04,1.093353329034169e-04
1.291193181818182e+00,7.386363636363636e-01,5.945232998315036e-04,1.092523487025270e-04
1.311079545454545e+00,7.386363636363636e-01,5.324053480899332e-04,1.091693645016371e-04
1.330965909090909e+00,7.386363636363636e-01,4.735128147978397e-04,1.050308000306397e-04
1.350852272727273e+00,7.386363636363636e-01,4.148683906172451e-04,1.005802678465572e-04
1.370738636363636e+00,7.386363636363636e-01,3.562239664366506e-04,9.612973566247466e-05
1.390625000000000e+00,7.386363636363636e-01,2.996903892963897e-04,8.682585608227721e-05
1.410511363636364e+00,7.386363636363636e-01,2.437324977125836e-04,7.619833630313927e-05
1.430397727272727e+00,7.386363636363636e-01,1.877746061287781e-04,6.557081652400146e-05
1.450284090909091e+00,7.386363636363636e-01,1.334690356751920e-04,4.913942229777616e-05
1.470170454545455e+00,7.386363636363636e-01,8.008142140506051e-05,2.948365337872424e-05
1.490056818181818e+00,7.386363636363636e-01,2.669380713492902e-05,9.827884459672325e-06
6.349431818181818e-01,7.613636363636364e-01,4.419350976575641e-03,-1.754338722228803e-03
6.548295454545454e-01,7.613636363636364e-01,4.218120398093799e-03,-1.603096067248760e-03
6.747159090909091e-01,7.613636363636364e-01,4.016889819611957e-03,-1.451853412268718e-03
6.946022727272727e-01,7.613636363636364e-01,3.819697316211885e-03,-1.300008574959082e-03
7.144886363636364e-01,7.613636363636364e-01,3.629773347959000e-03,-1.147079809456179e-03
7.343750000000000e-01,7.613636363636364e-01,3.439849379706116e-03,-9.941510439532759e-04
7.542613636363636e-01,7.613636363636364e-01,3.254368980952531e-03,-8.488791229709588e-04
7.741477272727273e-01,7.613636363636364e-01,3.085181670363044e-03,-7.316822985641244e-04
7.940340909090909e-01,7.613636363636364e-01,2.915994359773557e-03,-6.144854741572900e-04
8.139204545454546e-01,7.613636363636364e-01,2.748581209216415e-03,-5.000658752092493e-04
8.338068181818181e-01,7.613636363636364e-01,2.604232139079752e-03,-4.217502072255230e-04
8.536931818181819e-01,7.613636363636364e-01,2.459883068943089e-03,-3.434345392417957e-04
8.735795454545454e-01,7.613636363636364e-01,2.315533998806427e-03,-2.651188712580695e-04
8.934659090909092e-01,7.613636363636364e-01,2.193115033251299e-03,-2.135235756823882e-04
9.133522727272727e-01,7.613636363636364e-01,2.072382998817829e-03,-1.639836933688649e-04
9.332386363636364e-01,7.613636363636364e-01,1.951650964384359e-03,-1.144438110553414e-04
9.531250000000000e-01,7.613636363636364e-01,1.845780294082316e-03,-7.960286798430359e-05
9.730113636363636e-01,7.613636363636364e-01,1.743962723088844e-03,-4.877072652485287e-05
9.928977272727273e-01,7.613636363636364e-01,1.642145152095371e-03,-1.793858506540215e-05
1.012784090909091e+00,7.613636363636364e-01,1.549536488953498e-03,5.296703713723054e-06
1.032670454545455e+00,7.613636363636364e-01,1.462043885729180e-03,2.431151878155660e-05
1.052556818181818e+00,7.613636363636364e-01,1.374551282504861e-03,4.332633384938992e-05
1.072443181818182e+00,7.613636363636364e-01,1.292448242005290e-03,5.857961411186571e-05
1.092329545454545e+00,7.613636363636364e-01,1.215734764230469e-03,7.007135956898364e-05
1.112215909090909e+00,7.613636363636364e-01,1.139021286455646e-03,8.156310502610168e-05
1.132102272727273e+00,7.613636363636364e-01,1.065212194480220e-03,9.127677906237696e-05
1.151988636363636e+00,7.613636363636364e-01,9.966309969437067e-04,9.778992454113548e-05
1.171875000000000e+00,7.613636363636364e-01,9.280497994071923e-04,1.043030700198941e-04
1.191761363636364e+00,7.613636363636364e-01,8.607784927630970e-04,1.100253145802260e-04
1.211647727272727e+00,7.613636363636364e-01,7.983101193912055e-04,1.128475891063267e-04
1.231534090909091e+00,7.613636363636364e-01,7.358417460193139e-04,1.156698636324275e-04
1.251420454545455e+00,7.613636363636364e-01,6.736947959109481e-04,1.182454766972231e-04
1.271306818181818e+00,7.613636363636364e-01,6.157263482284256e-04,1.176144907650524e-04
1.291193181818182e+00,7.613636363636364e-01,5.577579005459042e-04,1.169835048328818e-04
1.311079545454545e+00,7.613636363636364e-01,4.997894528633815e-04,1.163525189007111e-04
1.330965909090909e+00,7.613636363636364e-01,4.447873126019883e-04,1.117354866380448e-04
1.350852272727273e+00,7.613636363636364e-01,3.900133498345287e-04,1.068118354268789e-04
1.370738636363636e+00,7.613636363636364e-01,3.352393870670690e-04,1.018881842157130e-04
1.390625000000000e+00,7.613636363636364e-01,2.822620458813535e-04,9.198875176387560e-05
1.410511363636364e+00,7.613636363636364e-01,2.297746923997501e-04,8.073228806458229e-05
1.430397727272727e+00,7.613636363636364e-01,1.772873389181473e-04,6.947582436528909e-05
1.450284090909091e+00,7.613636363636364e-01,1.261128396275724e-04,5.206700128511568e-05
1.470170454545455e+00,7.613636363636364e-01,7.566770377645678e-05,3.124020077111969e-05
1.490056818181818e+00,7.613636363636364e-01,2.522256792534123e-05,1.041340025712369e-05
6.349431818181818e-01,7.840909090909091e-01,4.320417558457495e-03,-1.832497427336749e-03
6.548295454545454e-01,7.840909090909091e-01,4.118540635308088e-03,-1.644147280345622e-03
6.747159090909091e-01,7.840909090909091e-01,3.916663712158680e-03,-1.455797133354495e-03
6.946022727272727e-01,7.840909090909091e-01,3.716000356029339e-03,-1.275885925578472e-03
7.144886363636364e-01,7.840909090909091e-01,3.517521420536113e-03,-1.111164808389637e-03
7.343750000000000e-01,7.840909090909091e-01,3.319042485042887e-03,-9.464436912008015e-04
7.542613636363636e-01,7.840909090909091e-01,3.125646087943320e-03,-7.917864641923658e-04
7.741477272727273e-01,7.840909090909091e-01,2.950885664953838e-03,-6.740301678453966e-04
7.940340909090909e-01,7.840909090909091e-01,2.776125241964354e-03,-5.562738714984272e-04
8.139204545454546e-01,7.840909090909091e-01,2.603558502397860e-03,-4.416276908254706e-04
8.338068181818181e-01,7.840909090909091e-01,2.459509647330228e-03,-3.674130139146795e-04
8.536931818181819e-01,7.840909090909091e-01,2.315460792262595e-03,-2.931983370038876e-04
8.735795454545454e-01,7.840909090909091e-01,2.171411937194963e-03,-2.189836600930966e-04
8.934659090909092e-01,7.840909090909091e-01,2.052517625017743e-03,-1.715761029742023e-04
9.133522727272727e-01,7.840909090909091e-01,1.935558277678249e-03,-1.262306319931469e-04
9.332386363636364e-01,7.840909090909091e-01,1.818598930338754e-03,-8.088516101209117e-05
9.531250000000000e-01,7.840909090909091e-01,1.717516304308123e-03,-4.942200892479504e-05
9.730113636363636e-01,7.840909090909091e-01,1.620763693179908e-03,-2.174494380852425e-05
9.928977272727273e-01,7.840909090909091e-01,1.524011082051694e-03,5.932121307746549e-06
1.012784090909091e+00,7.840909090909091e-01,1.436689325727995e-03,2.660103891133893e-05
1.032670454545455e+00,7.840909090909091e-01,1.354606933184582e-03,4.337654123011022e-05
1.052556818181818e+00,7.840909090909091e-01,1.272524540641170e-03,6.015204354888133e-05
1.072443181818182e+00,7.840909090909091e-01,1.195804892988642e-03,7.350809520904010e-05
1.092329545454545e+00,7.840909090909091e-01,1.124447990227002e-03,8.344469621058621e-05
1.112215909090909e+00,7.840909090909091e-01,1.053091087465361e-03,9.338129721213242e-05
1.132102272727273e+00,7.840909090909091e-01,9.845672854509788e-04,1.017141614863675e-04
1.151988636363636e+00,7.840909090909091e-01,9.211430647816596e-04,1.071602996514426e-04
1.171875000000000e+00,7.840909090909091e-01,8.577188441123397e-04,1.126064378165178e-04
1.191761363636364e+00,7.840909090909091e-01,7.955533758175766e-04,1.173387988995047e-04
1.211647727272727e+00,7.840909090909091e-01,7.380033328961891e-04,1.194539773481680e-04
1.231534090909091e+00,7.840909090909091e-01,6.804532899748016e-04,1.215691557968313e-04
1.251420454545455e+00,7.840909090909091e-01,6.232066011865517e-04,1.234578045699940e-04
1.271306818181818e+00,7.840909090909091e-01,5.699035161290977e-04,1.224015675616487e-04
1.291193181818182e+00,7.840909090909091e-01,5.166004310716449e-04,1.213453305533035e-04
1.311079545454545e+00,7.840909090909091e-01,4.632973460141910e-04,1.202890935449583e-04
1.330965909090909e+00,7.840909090909091e-01,4.126601867382364e-04,1.154182087368171e-04
1.350852272727273e+00,7.840909090909091e-01,3.622280986762440e-04,1.102538894825378e-04
1.370738636363636e+00,7.840909090909091e-01,3.117960106142516e-04,1.050895702282585e-04
1.390625000000000e+00,7.840909090909091e-01,2.628038923752413e-04,9.492138453642994e-05
1.410511363636364e+00,7.840909090909091e-01,2.142044931788627e-04,8.338850799799704e-05
1.430397727272727e+00,7.840909090909091e-01,1.656050939824846e-04,7.185563145956429e-05
1.450284090909091e+00,7.840909090909091e-01,1.179246772597964e-04,5.388150328079574e-05
1.470170454545455e+00,7.840909090909091e-01,7.075480635582423e-05,3.232890196850706e-05
1.490056818181818e+00,7.840909090909091e-01,2.358493545185208e-05,1.077630065621838e-05
6.349431818181818e-01,8.068181818181818e-01,4.221484140339349e-03,-1.910656132444696e-03
6.548295454545454e-01,8.068181818181818e-01,4.018960872522377e-03,-1.685198493442485e-03
6.747159090909091e-01,8.068181818181818e-01,3.816437604705405e-03,-1.459740854440273e-03
6.946022727272727e-01,8.068181818181818e-01,3.612303395846792e-03,-1.251763276197863e-03
7.144886363636364e-01,8.068181818181818e-01,3.405269493113225e-03,-1.075249807323095e-03
7.343750000000000e-01,8.068181818181818e-01,3.198235590379658e-03,-8.987363384483273e-04
7.542613636363636e-01,8.068181818181818e-01,2.996923194934110e-03,-7.346938054137731e-04
7.741477272727273e-01,8.068181818181818e-01,2.816589659544631e-03,-6.163780371266687e-04
7.940340909090909e-01,8.068181818181818e-01,2.636256124155151e-03,-4.980622688395642e-04
8.139204545454546e-01,8.068181818181818e-01,2.458535795579306e-03,-3.831895064416919e-04
8.338068181818181e-01,8.068181818181818e-01,2.314787155580704e-03,-3.130758206038361e-04
8.536931818181819e-01,8.068181818181818e-01,2.171038515582100e-03,-2.429621347659794e-04
8.735795454545454e-01,8.068181818181818e-01,2.027289875583498e-03,-1.728484489281236e-04
8.934659090909092e-01,8.068181818181818e-01,1.911920216784187e-03,-1.296286302660163e-04
9.133522727272727e-01,8.068181818181818e-01,1.798733556538669e-03,-8.847757061742877e-05
9.332386363636364e-01,8.068181818181818e-01,1.685546896293150e-03,-4.732651096884098e-05
9.531250000000000e-01,8.068181818181818e-01,1.589252314533930e-03,-1.924114986528648e-05
9.730113636363636e-01,8.068181818181818e-01,1.497564663270973e-03,5.280838907804382e-06
9.928977272727273e-01,8.068181818181818e-01,1.405877012008016e-03,2.980282768089524e-05
1.012784090909091e+00,8.068181818181818e-01,1.323842162502491e-03,4.790537410895480e-05
1.032670454545455e+00,8.068181818181818e-01,1.247169980639984e-03,6.244156367866385e-05
1.052556818181818e+00,8.068181818181818e-01,1.170497798777478e-03,7.697775324837275e-05
1.072443181818182e+00,8.068181818181818e-01,1.099161543971995e-03,8.843657630621448e-05
1.092329545454545e+00,8.068181818181818e-01,1.033161216223536e-03,9.681803285218878e-05
1.112215909090909e+00,8.068181818181818e-01,9.671608884750767e-04,1.051994893981632e-04
1.132102272727273e+00,8.068181818181818e-01,9.039223764217374e-04,1.121515439103580e-04
1.151988636363636e+00,8.068181818181818e-01,8.456551326196126e-04,1.165306747617497e-04
1.171875000000000e+00,8.068181818181818e-01,7.873878888174870e-04,1.209098056131414e-04
1.191761363636364e+00,8.068181818181818e-01,7.303282588720562e-04,1.246522832187833e-04
1.211647727272727e+00,8.068181818181818e-01,6.776965464011728e-04,1.260603655900092e-04
1.231534090909091e+00,8.068181818181818e-01,6.250648339302893e-04,1.274684479612351e-04
1.251420454545455e+00,8.068181818181818e-01,5.727184064621551e-04,1.286701324427648e-04
1.271306818181818e+00,8.068181818181818e-01,5.240806840297698e-04,1.271886443582450e-04
1.291193181818182e+00,8.068181818181818e-01,4.754429615973856e-04,1.257071562737253e-04
1.311079545454545e+00,8.068181818181818e-01,4.268052391650003e-04,1.242256681892055e-04
1.330965909090909e+00,8.068181818181818e-01,3.805330608744847e-04,1.191009308355894e-04
1.350852272727273e+00,8.068181818181818e-01,3.344428475179595e-04,1.136959435381967e-04
1.370738636363636e+00,8.068181818181818e-01,2.883526341614342e-04,1.082909562408039e-04
1.390625000000000e+00,8.068181818181818e-01,2.433457388691292e-04,9.785401730898429e-05
1.410511363636364e+00,8.068181818181818e-01,1.986342939579753e-04,8.604472793141181e-05
1.430397727272727e+00,8.068181818181818e-01,1.539228490468219e-04,7.423543855383949e-05
1.450284090909091e+00,8.068181818181818e-01,1.097365148920204e-04,5.569600527647579e-05
1.470170454545455e+00,8.068181818181818e-01,6.584190893519167e-05,3.341760316589443e-05
1.490056818181818e+00,8.068181818181818e-01,2.194730297836292e-05,1.113920105531306e-05
6.349431818181818e-01,8.295454545454546e-01,4.021432646118896e-03,-1.973259867531193e-03
6.548295454545454e-01,8.295454545454546e-01,3.816456416927250e-03,-1.707434716120158e-03
6.747159090909091e-01,8.295454545454546e-01,3.611480187735604e-03,-1.441609564709123e-03
6.946022727272727e-01,8.295454545454546e-01,3.404045939439783e-03,-1.202941165268129e-03
7.144886363636364e-01,8.295454545454546e-01,3.192187256756448e-03,-1.013154919373212e-03
7.343750000000000e-01,8.295454545454546e-01,2.980328574073115e-03,-8.233686734782936e-04
7.542613636363636e-01,8.295454545454546e-01,2.775771402217243e-03,-6.501018356827602e-04
7.741477272727273e-01,8.295454545454546e-01,2.597986436728733e-03,-5.374061609183017e-04
7.940340909090909e-01,8.295454545454546e-01,2.420201471240225e-03,-4.247104861538435e-04
8.139204545454546e-01,8.295454545454546e-01,2.245402307266094e-03,-3.156080802372478e-04
8.338068181818181e-01,8.295454545454546e-01,2.109418562978882e-03,-2.532181693428657e-04
8.536931818181819e-01,8.295454545454546e-01,1.973434818691668e-03,-1.908282584484829e-04
8.735795454545454e-01,8.295454545454546e-01,1.837451074404456e-03,-1.284383475541008e-04
8.934659090909092e-01,8.295454545454546e-01,1.730402633887678e-03,-9.085199487017726e-05
9.133522727272727e-01,8.295454545454546e-01,1.625579985968627e-03,-5.517360820244331e-05
9.332386363636364e-01,8.295454545454546e-01,1.520757338049576e-03,-1.949522153470917e-05
9.531250000000000e-01,8.295454545454546e-01,1.432452783242602e-03,4.549258542399590e-06
9.730113636363636e-01,8.295454545454546e-01,1.348653162920740e-03,2.542085500388324e-05
9.928977272727273e-01,8.295454545454546e-01,1.264853542598878e-03,4.629245146536688e-05
1.012784090909091e+00,8.295454545454546e-01,1.190272987640093e-03,6.156600989690175e-05
1.032670454545455e+00,8.295454545454546e-01,1.120814135660794e-03,7.372954720068751e-05
1.052556818181818e+00,8.295454545454546e-01,1.051355283681496e-03,8.589308450447312e-05
1.072443181818182e+00,8.295454545454546e-01,9.869144217285245e-04,9.539906390480731e-05
1.092329545454545e+00,8.295454545454546e-01,9.274915498018807e-04,1.022474854016898e-04
1.112215909090909e+00,8.295454545454546e-01,8.680686778752366e-04,1.090959068985724e-04
1.132102272727273e+00,8.295454545454546e-01,8.112161657587091e-04,1.147164584497646e-04
1.151988636363636e+00,8.295454545454546e-01,7.589903013003907e-04,1.181268440987139e-04
1.171875000000000e+00,8.295454545454546e-01,7.067644368420719e-04,1.215372297476633e-04
1.191761363636364e+00,8.295454545454546e-01,6.556549143856331e-04,1.243993569077278e-04
1.211647727272727e+00,8.295454545454546e-01,6.086386459360881e-04,1.252512029418814e-04
1.231534090909091e+00,8.295454545454546e-01,5.616223774865434e-04,1.261030489760349e-04
1.251420454545455e+00,8.295454545454546e-01,5.148677439806263e-04,1.267739004694919e-04
1.271306818181818e+00,8.295454545454546e-01,4.715143647418752e-04,1.250918229338938e-04
1.291193181818182e+00,8.295454545454546e-01,4.281609855031251e-04,1.234097453982956e-04
1.311079545454545e+00,8.295454545454546e-01,3.848076062643740e-04,1.217276678626974e-04
1.330965909090909e+00,8.295454545454546e-01,3.435418784966291e-04,1.167516749950241e-04
1.350852272727273e+00,8.295454545454546e-01,3.024367393035773e-04,1.115223040248835e-04
1.370738636363636e+00,8.295454545454546e-01,2.613316001105257e-04,1.062929330547429e-04
1.390625000000000e+00,8.295454545454546e-01,2.209204281059713e-04,9.622916165154916e-05
1.410511363636364e+00,8.295454545454546e-01,1.806985198800982e-04,8.484691740297734e-05
1.430397727272727e+00,8.295454545454546e-01,1.404766116542256e-04,7.346467315440564e-05
1.450284090909091e+00,8.295454545454546e-01,1.003160807971433e-04,5.520421607493465e-05
1.470170454545455e+00,8.295454545454546e-01,6.018964847827744e-05,3.312252964496378e-05
1.490056818181818e+00,8.295454545454546e-01,2.006321615941157e-05,1.104084321499293e-05
6.349431818181818e-01,8.522727272727273e-01,3.787675126531010e-03,-2.030678612610540e-03
6.548295454545454e-01,8.522727272727273e-01,3.579643730395652e-03,-1.723399275324768e-03
6.747159090909091e-01,8.522727272727273e-01,3.371612334260294e-03,-1.416119938038996e-03
6.946022727272727e-01,8.522727272727273e-01,3.160934984291287e-03,-1.145885900488688e-03
7.144886363636364e-01,8.522727272727273e-01,2.945494917421711e-03,-9.423334024622143e-04
7.343750000000000e-01,8.522727272727273e-01,2.730054850552133e-03,-7.387809044357408e-04
7.542613636363636e-01,8.522727272727273e-01,2.523809976264490e-03,-5.563434289676077e-04
7.741477272727273e-01,8.522727272727273e-01,2.351280808110607e-03,-4.513277028800558e-04
7.940340909090909e-01,8.522727272727273e-01,2.178751639956725e-03,-3.463119767925038e-04
8.139204545454546e-01,8.522727272727273e-01,2.009565225121331e-03,-2.449789067592489e-04
8.338068181818181e-01,8.522727272727273e-01,1.883834603426296e-03,-1.915203654318534e-04
8.536931818181819e-01,8.522727272727273e-01,1.758103981731258e-03,-1.380618241044572e-04
8.735795454545454e-01,8.522727272727273e-01,1.632373360036222e-03,-8.460328277706166e-05
8.934659090909092e-01,8.522727272727273e-01,1.535244992770186e-03,-5.313230524512069e-05
9.133522727272727e-01,8.522727272727273e-01,1.440316798921766e-03,-2.335267877436893e-05
9.332386363636364e-01,8.522727272727273e-01,1.345388605073346e-03,6.426947696382987e-06
9.531250000000000e-01,8.522727272727273e-01,1.266141404778896e-03,2.620951673281133e-05
9.730113636363636e-01,8.522727272727273e-01,1.191170839090075e-03,4.326561555987868e-05
9.928977272727273e-01,8.522727272727273e-01,1.116200273401253e-03,6.032171438694604e-05
1.012784090909091e+00,8.522727272727273e-01,1.049796475565396e-03,7.267874588162563e-05
1.032670454545455e+00,8.522727272727273e-01,9.881519932034065e-04,8.242518441386773e-05
1.052556818181818e+00,8.522727272727273e-01,9.265075108414178e-04,9.217162294610973e-05
1.072443181818182e+00,8.522727272727273e-01,8.694660417427807e-04,9.970622033720620e-05
1.092329545454545e+00,8.522727272727273e-01,8.170275859074967e-04,1.050289765871570e-04
1.112215909090909e+00,8.522727272727273e-01,7.645891300722119e-04,1.103517328371079e-04
1.132102272727273e+00,8.522727272727273e-01,7.144895212177526e-04,1.146572170276432e-04
1.151988636363636e+00,8.522727272727273e-01,6.685998369287780e-04,1.171316115112305e-04
1.171875000000000e+00,8.522727272727273e-01,6.227101526398029e-04,1.196060059948178e-04
1.191761363636364e+00,8.522727272727273e-01,5.778321607189092e-04,1.216242937198942e-04
1.211647727272727e+00,8.522727272727273e-01,5.366637074809813e-04,1.219701899970972e-04
1.231534090909091e+00,8.522727272727273e-01,4.954952542430534e-04,1.223160862743002e-04
1.251420454545455e+00,8.522727272727273e-01,4.545629255800535e-04,1.225081485475378e-04
1.271306818181818e+00,8.522727272727273e-01,4.167002163911252e-04,1.207003687692266e-04
1.291193181818182e+00,8.522727272727273e-01,3.788375072021978e-04,1.188925889909154e-04
1.311079545454545e+00,8.522727272727273e-01,3.409747980132695e-04,1.170848092126042e-04
1.330965909090909e+00,8.522727272727273e-01,3.049293439474059e-04,1.123917598413463e-04
1.350852272727273e+00,8.522727272727273e-01,2.690236787371630e-04,1.074767666552463e-04
1.370738636363636e+00,8.522727272727273e-01,2.331180135269202e-04,1.025617734691463e-04
1.390625000000000e+00,8.522727272727273e-01,1.975060649237983e-04,9.308514318411756e-05
1.410511363636364e+00,8.522727272727273e-01,1.619742208498913e-04,8.236443005392644e-05
1.430397727272727e+00,8.522727272727273e-01,1.264423767759848e-04,7.164371692373544e-05
1.450284090909091e+00,8.522727272727273e-01,9.048488945989918e-05,5.394366314098643e-05
1.470170454545455e+00,8.522727272727273e-01,5.429093367593600e-05,3.236619788459382e-05
1.490056818181818e+00,8.522727272727273e-01,1.809697789197281e-05,1.078873262820120e-05
6.349431818181818e-01,8.750000000000000e-01,3.553917606943123e-03,-2.088097357689886e-03
6.548295454545454e-01,8.750000000000000e-01,3.342831043864054e-03,-1.739363834529378e-03
6.747159090909091e-01,8.750000000000000e-01,3.131744480784986e-03,-1.390630311368870e-03
6.946022727272727e-01,8.750000000000000e-01,2.917824029142792e-03,-1.088830635709247e-03
7.144886363636364e-01,8.750000000000000e-01,2.698802578086972e-03,-8.715118855512174e-04
7.343750000000000e-01,8.750000000000000e-01,2.479781127031152e-03,-6.541931353931879e-04
7.542613636363636e-01,8.750000000000000e-01,2.271848550311738e-03,-4.625850222524551e-04
7.741477272727273e-01,8.750000000000000e-01,2.104575179492482e-03,-3.652492448418097e-04
7.940340909090909e-01,8.750000000000000e-01,1.937301808673225e-03,-2.679134674311642e-04
8.139204545454546e-01,8.750000000000000e-01,1.773728142976568e-03,-1.743497332812500e-04
8.338068181818181e-01,8.750000000000000e-01,1.658250643873708e-03,-1.298225615208410e-04
8.536931818181819e-01,8.750000000000000e-01,1.542773144770848e-03,-8.529538976043153e-05
8.735795454545454e-01,8.750000000000000e-01,1.427295645667988e-03,-4.076821800002254e-05
8.934659090909092e-01,8.750000000000000e-01,1.340087351652694e-03,-1.541261562006413e-05
9.133522727272727e-01,8.750000000000000e-01,1.255053611874905e-03,8.468250653705444e-06
9.332386363636364e-01,8.750000000000000e-01,1.170019872097116e-03,3.234911692747515e-05
9.531250000000000e-01,8.750000000000000e-01,1.099830026315191e-03,4.786977492322307e-05
9.730113636363636e-01,8.750000000000000e-01,1.033688515259410e-03,6.111037611587414e-05
9.928977272727273e-01,8.750000000000000e-01,9.675470042036290e-04,7.435097730852521e-05
1.012784090909091e+00,8.750000000000000e-01,9.093199634906991e-04,8.379148186634950e-05
1.032670454545455e+00,8.750000000000000e-01,8.554898507460192e-04,9.112082162704795e-05
1.052556818181818e+00,8.750000000000000e-01,8.016597380013398e-04,9.845016138774633e-05
1.072443181818182e+00,8.750000000000000e-01,7.520176617570372e-04,1.040133767696051e-04
1.092329545454545e+00,8.750000000000000e-01,7.065636220131125e-04,1.078104677726242e-04
1.112215909090909e+00,8.750000000000000e-01,6.611095822691872e-04,1.116075587756433e-04
1.132102272727273e+00,8.750000000000000e-01,6.177628766767959e-04,1.145979756055218e-04
1.151988636363636e+00,8.750000000000000e-01,5.782093725571651e-04,1.161363789237471e-04
1.171875000000000e+00,8.750000000000000e-01,5.386558684375340e-04,1.176747822419724e-04
1.191761363636364e+00,8.750000000000000e-01,5.000094070521856e-04,1.188492305320607e-04
1.211647727272727e+00,8.750000000000000e-01,4.646887690258744e-04,1.186891770523130e-04
1.231534090909091e+00,8.750000000000000e-01,4.293681309995633e-04,1.185291235725654e-04
1.251420454545455e+00,8.750000000000000e-01,3.942581071794808e-04,1.182423966255837e-04
1.271306818181818e+00,8.750000000000000e-01,3.618860680403753e-04,1.163089146045595e-04
1.291193181818182e+00,8.750000000000000e-01,3.295140289012704e-04,1.143754325835353e-04
1.311079545454545e+00,8.750000000000000e-01,2.971419897621649e-04,1.124419505625111e-04
1.330965909090909e+00,8.750000000000000e-01,2.663168093981826e-04,1.080318446876684e-04
1.350852272727273e+00,8.750000000000000e-01,2.356106181707487e-04,1.034312292856091e-04
1.370738636363636e+00,8.750000000000000e-01,2.049044269433148e-04,9.883061388354971e-05
1.390625000000000e+00,8.750000000000000e-01,1.740917017416253e-04,8.994112471668597e-05
1.410511363636364e+00,8.750000000000000e-01,1.432499218196845e-04,7.988194270487555e-05
1.430397727272727e+00,8.750000000000000e-01,1.124081418977439e-04,6.982276069306526e-05
1.450284090909091e+00,8.750000000000000e-01,8.065369812265506e-05,5.268311020703821e-05
1.470170454545455e+00,8.750000000000000e-01,4.839221887359456e-05,3.160986612422384e-05
1.490056818181818e+00,8.750000000000000e-01,1.613073962453406e-05,1.053662204140947e-05
6.349431818181818e-01,8.977272727272727e-01,3.163600650733308e-03,-2.122357239442465e-03
6.548295454545454e-01,8.977272727272727e-01,2.936278686574222e-03,-1.704447670939803e-03
6.747159090909091e-01,8.977272727272727e-01,2.708956722415136e-03,-1.286538102437140e-03
6.946022727272727e-01,8.977272727272727e-01,2.488583001477212e-03,-9.439842274488177e-04
7.144886363636364e-01,8.977272727272727e-01,2.280716118337383e-03,-7.370706007863066e-04
7.343750000000000e-01,8.977272727272727e-01,2.072849235197553e-03,-5.301569741237955e-04
7.542613636363636e-01,8.977272727272727e-01,1.879473313359159e-03,-3.510300781321675e-04
7.741477272727273e-01,8.977272727272727e-01,1.739230916292701e-03,-2.737878612671109e-04
7.940340909090909e-01,8.977272727272727e-01,1.598988519226242e-03,-1.965456444020543e-04
8.139204545454546e-01,8.977272727272727e-01,1.461945844694022e-03,-1.223125318911038e-04
8.338068181818181e-01,8.977272727272727e-01,1.366499563106904e-03,-8.719777598353200e-05
8.536931818181819e-01,8.977272727272727e-01,1.271053281519784e-03,-5.208302007595980e-05
8.735795454545454e-01,8.977272727272727e-01,1.175606999932665e-03,-1.696826416838800e-05
8.934659090909092e-01,8.977272727272727e-01,1.103670721231608e-03,2.638013383372377e-06
9.133522727272727e-01,8.977272727272727e-01,1.033542904291017e-03,2.105133106160853e-05
9.332386363636364e-01,8.977272727272727e-01,9.634150873504267e-04,3.946464873984479e-05
9.531250000000000e-01,8.977272727272727e-01,9.055761476791672e-04,5.133174966302251e-05
9.730113636363636e-01,8.977272727272727e-01,8.510887199904526e-04,6.141351874391153e-05
9.928977272727273e-01,8.977272727272727e-01,7.966012923017379e-04,7.149528782480057e-05
1.012784090909091e+00,8.977272727272727e-01,7.486647362643541e-04,7.861421279037624e-05
1.032670454545455e+00,8.977272727272727e-01,7.043675533665981e-04,8.408711324744454e-05
1.052556818181818e+00,8.977272727272727e-01,6.600703704688422e-04,8.956001370451280e-05
1.072443181818182e+00,8.977272727272727e-01,6.192420802658839e-04,9.366300980156863e-05
1.092329545454545e+00,8.977272727272727e-01,5.818826827577240e-04,9.639610153861190e-05
1.112215909090909e+00,8.977272727272727e-01,5.445232852495633e-04,9.912919327565522e-05
1.132102272727273e+00,8.977272727272727e-01,5.089121766535624e-04,1.012368522722955e-04
1.151988636363636e+00,8.977272727272727e-01,4.764479880994474e-04,1.022187323362103e-04
1.171875000000000e+00,8.977272727272727e-01,4.439837995453321e-04,1.032006124001251e-04
1.191761363636364e+00,8.977272727272727e-01,4.122758515386261e-04,1.038985950511161e-04
1.211647727272727e+00,8.977272727272727e-01,3.833407855390876e-04,1.035556205213867e-04
1.231534090909091e+00,8.977272727272727e-01,3.544057195395491e-04,1.032126459916574e-04
1.251420454545455e+00,8.977272727272727e-01,3.256483053589926e-04,1.027695095851367e-04
1.271306818181818e+00,8.977272727272727e-01,2.992003648252068e-04,1.010242687803288e-04
1.291193181818182e+00,8.977272727272727e-01,2.727524242914216e-04,9.927902797552105e-05
1.311079545454545e+00,8.977272727272727e-01,2.463044837576358e-04,9.753378717071323e-05
1.330965909090909e+00,8.977272727272727e-01,2.211935279929218e-04,9.378520180220151e-05
1.350852272727273e+00,8.977272727272727e-01,1.961854172104443e-04,8.988251300571258e-05
1.370738636363636e+00,8.977272727272727e-01,1.711773064279668e-04,8.597982420922366e-05
1.390625000000000e+00,8.977272727272727e-01,1.460492467251019e-04,7.862926653895057e-05
1.410511363636364e+00,8.977272727272727e-01,1.208884736803133e-04,7.033838099400906e-05
1.430397727272727e+00,8.977272727272727e-01,9.572770063552491e-05,6.204749544906765e-05
1.450284090909091e+00,8.977272727272727e-01,6.899908770871694e-05,4.700059707740039e-05
1.470170454545455e+00,8.977272727272727e-01,4.139945262523111e-05,2.820035824644080e-05
1.490056818181818e+00,8.977272727272727e-01,1.379981754174526e-05,9.400119415481194e-06
6.349431818181818e-01,9.204545454545454e-01,2.773283694523493e-03,-2.156617121195043e-03
6.548295454545454e-01,9.204545454545454e-01,2.529726329284390e-03,-1.669531507350227e-03
6.747159090909091e-01,9.204545454545454e-01,2.286168964045286e-03,-1.182445893505411e-03
6.946022727272727e-01,9.204545454545454e-01,2.059341973811633e-03,-7.991378191883885e-04
7.144886363636364e-01,9.204545454545454e-01,1.862629658587793e-03,-6.026293160213957e-04
7.343750000000000e-01,9.204545454545454e-01,1.665917343363954e-03,-4.061208128544030e-04
7.542613636363636e-01,9.204545454545454e-01,1.487098076406581e-03,-2.394751340118799e-04
7.741477272727273e-01,9.204545454545454e-01,1.373886653092920e-03,-1.823264776924122e-04
7.940340909090909e-01,9.204545454545454e-01,1.260675229779260e-03,-1.251778213729444e-04
8.139204545454546e-01,9.204545454545454e-01,1.150163546411476e-03,-7.027533050095756e-05
8.338068181818181e-01,9.204545454545454e-01,1.074748482340099e-03,-4.457299044622295e-05
8.536931818181819e-01,9.204545454545454e-01,9.993334182687200e-04,-1.887065039148806e-05
8.735795454545454e-01,9.204545454545454e-01,9.239183541973424e-04,6.831689663246540e-06
8.934659090909092e-01,9.204545454545454e-01,8.672540908105221e-04,2.068864238680888e-05
9.133522727272727e-01,9.204545454545454e-01,8.120321967071300e-04,3.363441146951162e-05
9.332386363636364e-01,9.204545454545454e-01,7.568103026037377e-04,4.658018055221443e-05
9.531250000000000e-01,9.204545454545454e-01,7.113222690431440e-04,5.479372440282196e-05
9.730113636363636e-01,9.204545454545454e-01,6.684889247214955e-04,6.171666137194895e-05
9.928977272727273e-01,9.204545454545454e-01,6.256555803998470e-04,6.863959834107595e-05
1.012784090909091e+00,9.204545454545454e-01,5.880095090380092e-04,7.343694371440295e-05
1.032670454545455e+00,9.204545454545454e-01,5.532452559871767e-04,7.705340486784114e-05
1.052556818181818e+00,9.204545454545454e-01,5.184810029363447e-04,8.066986602127928e-05
1.072443181818182e+00,9.204545454545454e-01,4.864664987747307e-04,8.331264283353212e-05
1.092329545454545e+00,9.204545454545454e-01,4.572017435023354e-04,8.498173530459963e-05
1.112215909090909e+00,9.204545454545454e-01,4.279369882299397e-04,8.665082777566714e-05
1.132102272727273e+00,9.204545454545454e-01,4.000614766303287e-04,8.787572893906919e-05
1.151988636363636e+00,9.204545454545454e-01,3.746866036417296e-04,8.830108574867348e-05
1.171875000000000e+00,9.204545454545454e-01,3.493117306531302e-04,8.872644255827776e-05
1.191761363636364e+00,9.204545454545454e-01,3.245422960250666e-04,8.894795957017159e-05
1.211647727272727e+00,9.204545454545454e-01,3.019928020523007e-04,8.842206399046045e-05
1.231534090909091e+00,9.204545454545454e-01,2.794433080795349e-04,8.789616841074929e-05
1.251420454545455e+00,9.204545454545454e-01,2.570385035385044e-04,8.729662254468957e-05
1.271306818181818e+00,9.204545454545454e-01,2.365146616100384e-04,8.573962295609818e-05
1.291193181818182e+00,9.204545454545454e-01,2.159908196815729e-04,8.418262336750683e-05
1.311079545454545e+00,9.204545454545454e-01,1.954669777531068e-04,8.262562377891542e-05
1.330965909090909e+00,9.204545454545454e-01,1.760702465876609e-04,7.953855891673457e-05
1.350852272727273e+00,9.204545454545454e-01,1.567602162501399e-04,7.633379672581609e-05
1.370738636363636e+00,9.204545454545454e-01,1.374501859126189e-04,7.312903453489762e-05
1.390625000000000e+00,9.204545454545454e-01,1.180067917085786e-04,6.731740836121518e-05
1.410511363636364e+00,9.204545454545454e-01,9.852702554094212e-05,6.079481928314258e-05
1.430397727272727e+00,9.204545454545454e-01,7.904725937330592e-05,5.427223020507004e-05
1.450284090909091e+00,9.204545454545454e-01,5.734447729477883e-05,4.131808394776259e-05
1.470170454545455e+00,9.204545454545454e-01,3.440668637686765e-05,2.479085036865775e-05
1.490056818181818e+00,9.204545454545454e-01,1.146889545895647e-05,8.263616789552919e-06
6.349431818181818e-01,9.431818181818182e-01,2.244025034906876e-03,-2.187128232168670e-03
6.548295454545454e-01,9.431818181818182e-01,2.015708161485319e-03,-1.620268053034325e-03
6.747159090909091e-01,9.431818181818182e-01,1.787391288063760e-03,-1.053407873899981e-03
6.946022727272727e-01,9.431818181818182e-01,1.579464730056769e-03,-6.277300118118779e-04
7.144886363636364e-01,9.431818181818182e-01,1.408240739795999e-03,-4.561803204070108e-04
7.343750000000000e-01,9.431818181818182e-01,1.237016749535229e-03,-2.846306290021437e-04
7.542613636363636e-01,9.431818181818182e-01,1.084378771538313e-03,-1.416444781106035e-04
7.741477272727273e-01,9.431818181818182e-01,9.998895051755300e-04,-1.033913091012616e-04
7.940340909090909e-01,9.431818181818182e-01,9.154002388127463e-04,-6.513814009191971e-05
8.139204545454546e-01,9.431818181818182e-01,8.330243842723323e-04,-2.840675405304340e-05
8.338068181818181e-01,9.431818181818182e-01,7.781228834227215e-04,-1.145854663021915e-05
8.536931818181819e-01,9.431818181818182e-01,7.232213825731099e-04,5.489660792605285e-06
8.735795454545454e-01,9.431818181818182e-01,6.683198817234991e-04,2.243786821542953e-05
8.934659090909092e-01,9.431818181818182e-01,6.272196527224606e-04,3.111510376307842e-05
9.133522727272727e-01,9.431818181818182e-01,5.871810600174667e-04,3.915611070494448e-05
9.332386363636364e-01,9.431818181818182e-01,5.471424673124724e-04,4.719711764681057e-05
9.531250000000000e-01,9.431818181818182e-01,5.142107818782960e-04,5.217291405242864e-05
9.730113636363636e-01,9.431818181818182e-01,4.832173438816153e-04,5.631274394816087e-05
9.928977272727273e-01,9.431818181818182e-01,4.522239058849345e-04,6.045257384389310e-05
1.012784090909091e+00,9.431818181818182e-01,4.250164441984088e-04,6.323090173402084e-05
1.032670454545455e+00,9.431818181818182e-01,3.999123026841910e-04,6.525283962103499e-05
1.052556818181818e+00,9.431818181818182e-01,3.748081611699735e-04,6.727477750804913e-05
1.072443181818182e+00,9.431818181818182e-01,3.517134660512410e-04,6.868169782500423e-05
1.092329545454545e+00,9.431818181818182e-01,3.306282173279939e-04,6.947360057190028e-05
1.112215909090909e+00,9.431818181818182e-01,3.095429686047466e-04,7.026550331879633e-05
1.132102272727273e+00,9.431818181818182e-01,2.894758651026391e-04,7.077716949013580e-05
1.151988636363636e+00,9.431818181818182e-01,2.712414229985825e-04,7.078440982547342e-05
1.171875000000000e+00,9.431818181818182e-01,2.530069808945258e-04,7.079165016081105e-05
1.191761363636364e+00,9.431818181818182e-01,2.352201176271787e-04,7.066816632678462e-05
1.211647727272727e+00,9.431818181818182e-01,2.190743767611002e-04,7.006536053842330e-05
1.231534090909091e+00,9.431818181818182e-01,2.029286358950217e-04,6.946255475006197e-05
1.251420454545455e+00,9.431818181818182e-01,1.868919565210346e-04,6.881087024032194e-05
1.271306818181818e+00,9.431818181818182e-01,1.722730765442380e-04,6.752376235265916e-05
1.291193181818182e+00,9.431818181818182e-01,1.576541965674418e-04,6.623665446499641e-05
1.311079545454545e+00,9.431818181818182e-01,1.430353165906452e-04,6.494954657733361e-05
1.330965909090909e+00,9.431818181818182e-01,1.292979868488319e-04,6.259416068421297e-05
1.350852272727273e+00,9.431818181818182e-01,1.156284686635558e-04,6.015659955990331e-05
1.370738636363636e+00,9.431818181818182e-01,1.019589504782797e-04,5.771903843559364e-05
1.390625000000000e+00,9.431818181818182e-01,8.815904586016897e-05,5.348501338901233e-05
1.410511363636364e+00,9.431818181818182e-01,7.432358130583057e-05,4.876104363635695e-05
1.430397727272727e+00,9.431818181818182e-01,6.048811675149234e-05,4.403707388370162e-05
1.450284090909091e+00,9.431818181818182e-01,4.418501771302288e-05,3.368745372775834e-05
1.470170454545455e+00,9.431818181818182e-01,2.651101062781365e-05,2.021247223665495e-05
1.490056818181818e+00,9.431818181818182e-01,8.837003542604419e-06,6.737490745551548e-06
6.349431818181818e-01,9.659090909090909e-01,1.297941265069866e-03,-2.206393030805438e-03
6.548295454545454e-01,9.659090909090909e-01,1.179292562158543e-03,-1.527962726539445e-03
6.747159090909091e-01,9.659090909090909e-01,1.060643859247220e-03,-8.495324222734517e-04
6.946022727272727e-01,9.659090909090909e-01,9.476788380340616e-04,-3.766380070871267e-04
7.144886363636364e-01,9.659090909090909e-01,8.449444438775996e-04,-2.737081922442065e-04
7.343750000000000e-01,9.659090909090909e-01,7.422100497211375e-04,-1.707783774012862e-04
7.542613636363636e-01,9.659090909090909e-01,6.506272629229879e-04,-8.498668686636208e-05
7.741477272727273e-01,9.659090909090909e-01,5.999337031053180e-04,-6.203478546075696e-05
7.940340909090909e-01,9.659090909090909e-01,5.492401432876479e-04,-3.908288405515183e-05
8.139204545454546e-01,9.659090909090909e-01,4.998146305633995e-04,-1.704405243182604e-05
8.338068181818181e-01,9.659090909090909e-01,4.668737300536328e-04,-6.875127978131489e-06
8.536931818181819e-01,9.659090909090909e-01,4.339328295438660e-04,3.293796475563171e-06
8.735795454545454e-01,9.659090909090909e-01,4.009919290340995e-04,1.346272092925772e-05
8.934659090909092e-01,9.659090909090909e-01,3.763317916334764e-04,1.866906225784705e-05
9.133522727272727e-01,9.659090909090909e-01,3.523086360104800e-04,2.349366642296668e-05
9.332386363636364e-01,9.659090909090909e-01,3.282854803874834e-04,2.831827058808634e-05
9.531250000000000e-01,9.659090909090909e-01,3.085264691269776e-04,3.130374843145719e-05
9.730113636363636e-01,9.659090909090909e-01,2.899304063289692e-04,3.378764636889652e-05
9.928977272727273e-01,9.659090909090909e-01,2.713343435309607e-04,3.627154430633586e-05
1.012784090909091e+00,9.659090909090909e-01,2.550098665190453e-04,3.793854104041251e-05
1.032670454545455e+00,9.659090909090909e-01,2.399473816105146e-04,3.915170377262100e-05
1.052556818181818e+00,9.659090909090909e-01,2.248848967019841e-04,4.036486650482948e-05
1.072443181818182e+00,9.659090909090909e-01,2.110280796307446e-04,4.120901869500254e-05
1.092329545454545e+00,9.659090909090909e-01,1.983769303967964e-04,4.168416034314016e-05
1.112215909090909e+00,9.659090909090909e-01,1.857257811628480e-04,4.215930199127780e-05
1.132102272727273e+00,9.659090909090909e-01,1.736855190615834e-04,4.246630169408148e-05
1.151988636363636e+00,9.659090909090909e-01,1.627448537991495e-04,4.247064589528405e-05
1.171875000000000e+00,9.659090909090909e-01,1.518041885367155e-04,4.247499009648664e-05
1.191761363636364e+00,9.659090909090909e-01,1.411320705763072e-04,4.240089979607077e-05
1.211647727272727e+00,9.659090909090909e-01,1.314446260566601e-04,4.203921632305397e-05
1.231534090909091e+00,9.659090909090909e-01,1.217571815370130e-04,4.167753285003718e-05
1.251420454545455e+00,9.659090909090909e-01,1.121351739126208e-04,4.128652214419318e-05
1.271306818181818e+00,9.659090909090909e-01,1.033638459265428e-04,4.051425741159550e-05
1.291193181818182e+00,9.659090909090909e-01,9.459251794046507e-05,3.974199267899784e-05
1.311079545454545e+00,9.659090909090909e-01,8.582118995438713e-05,3.896972794640017e-05
1.330965909090909e+00,9.659090909090909e-01,7.757879210929910e-05,3.755649641052779e-05
1.350852272727273e+00,9.659090909090909e-01,6.937708119813347e-05,3.609395973594199e-05
1.370738636363636e+00,9.659090909090909e-01,6.117537028696785e-05,3.463142306135618e-05
1.390625000000000e+00,9.659090909090909e-01,5.289542751610138e-05,3.209100803340740e-05
1.410511363636364e+00,9.659090909090909e-01,4.459414878349835e-05,2.925662618181417e-05
1.430397727272727e+00,9.659090909090909e-01,3.629287005089540e-05,2.642224433022097e-05
1.450284090909091e+00,9.659090909090909e-01,2.651101062781373e-05,2.021247223665501e-05
1.470170454545455e+00,9.659090909090909e-01,1.590660637668819e-05,1.212748334199297e-05
1.490056818181818e+00,9.659090909090909e-01,5.302202125562652e-06,4.042494447330930e-06
6.349431818181818e-01,9.886363636363636e-01,3.518574952328566e-04,-2.225657829442207e-03
6.548295454545454e-01,9.886363636363636e-01,3.428769628317682e-04,-1.435657400044565e-03
6.747159090909091e-01,9.886363636363636e-01,3.338964304306800e-04,-6.456569706469226e-04
6.946022727272727e-01,9.886363636363636e-01,3.158929460113539e-04,-1.255460023623756e-04
7.144886363636364e-01,9.886363636363636e-01,2.816481479591999e-04,-9.123606408140215e-05
7.343750000000000e-01,9.886363636363636e-01,2.474033499070458e-04,-5.692612580042874e-05
7.542613636363636e-01,9.886363636363636e-01,2.168757543076627e-04,-2.832889562212070e-05
7.741477272727273e-01,9.886363636363636e-01,1.999779010351060e-04,-2.067826182025232e-05
7.940340909090909e-01,9.886363636363636e-01,1.830800477625492e-04,-1.302762801838394e-05
8.139204545454546e-01,9.886363636363636e-01,1.666048768544665e-04,-5.681350810608679e-06
8.338068181818181e-01,9.886363636363636e-01,1.556245766845443e-04,-2.291709326043830e-06
8.536931818181819e-01,9.886363636363636e-01,1.446442765146220e-04,1.097932158521057e-06
8.735795454545454e-01,9.886363636363636e-01,1.336639763446998e-04,4.487573643085905e-06
8.934659090909092e-01,9.886363636363636e-01,1.254439305444921e-04,6.223020752615685e-06
9.133522727272727e-01,9.886363636363636e-01,1.174362120034933e-04,7.831222140988896e-06
9.332386363636364e-01,9.886363636363636e-01,1.094284934624945e-04,9.439423529362115e-06
9.531250000000000e-01,9.886363636363636e-01,1.028421563756592e-04,1.043458281048573e-05
9.730113636363636e-01,9.886363636363636e-01,9.664346877632306e-05,1.126254878963217e-05
9.928977272727273e-01,9.886363636363636e-01,9.044478117698690e-05,1.209051476877862e-05
1.012784090909091e+00,9.886363636363636e-01,8.500328883968176e-05,1.264618034680417e-05
1.032670454545455e+00,9.886363636363636e-01,7.998246053683819e-05,1.305056792420700e-05
1.052556818181818e+00,9.886363636363636e-01,7.496163223399471e-05,1.345495550160983e-05
1.072443181818182e+00,9.886363636363636e-01,7.034269321024819e-05,1.373633956500085e-05
1.092329545454545e+00,9.886363636363636e-01,6.612564346559879e-05,1.389472011438006e-05
1.112215909090909e+00,9.886363636363636e-01,6.190859372094933e-05,1.405310066375927e-05
1.132102272727273e+00,9.886363636363636e-01,5.789517302052781e-05,1.415543389802716e-05
1.151988636363636e+00,9.886363636363636e-01,5.424828459971651e-05,1.415688196509469e-05
1.171875000000000e+00,9.886363636363636e-01,5.060139617890516e-05,1.415833003216221e-05
1.191761363636364e+00,9.886363636363636e-01,4.704402352543573e-05,1.413363326535692e-05
1.211647727272727e+00,9.886363636363636e-01,4.381487535222003e-05,1.401307210768466e-05
1.231534090909091e+00,9.886363636363636e-01,4.058572717900433e-05,1.389251095001239e-05
1.251420454545455e+00,9.886363636363636e-01,3.737839130420691e-05,1.376217404806439e-05
1.271306818181818e+00,9.886363636363636e-01,3.445461530884761e-05,1.350475247053183e-05
1.291193181818182e+00,9.886363636363636e-01,3.153083931348836e-05,1.324733089299928e-05
1.311079545454545e+00,9.886363636363636e-01,2.860706331812904e-05,1.298990931546672e-05
1.330965909090909e+00,9.886363636363636e-01,2.585959736976637e-05,1.251883213684260e-05
1.350852272727273e+00,9.886363636363636e-01,2.312569373271116e-05,1.203131991198066e-05
1.370738636363636e+00,9.886363636363636e-01,2.039179009565595e-05,1.154380768711873e-05
1.390625000000000e+00,9.886363636363636e-01,1.763180917203379e-05,1.069700267780247e-05
1.410511363636364e+00,9.886363636363636e-01,1.486471626116611e-05,9.752208727271389e-06
1.430397727272727e+00,9.886363636363636e-01,1.209762335029847e-05,8.807414776740324e-06
1.450284090909091e+00,9.886363636363636e-01,8.837003542604576e-06,6.737490745551668e-06
1.470170454545455e+00,9.886363636363636e-01,5.302202125562730e-06,4.042494447330990e-06
1.490056818181818e+00,9.886363636363636e-01,1.767400708520884e-06,1.347498149110310e-06
