x,y,ux,uy
7.102272727272727e-03,1.136363636363636e-02,1.523460267576253e-08,3.017037871884792e-08
7.102272727272727e-03,3.409090909090909e-02,1.523460267580546e-08,3.017037871887452e-08
7.102272727272727e-03,5.681818181818182e-02,1.523460267584840e-08,3.017037871890112e-08
7.102272727272727e-03,7.954545454545454e-02,1.523460267589134e-08,3.017037871892772e-08
7.102272727272727e-03,1.022727272727273e-01,1.523460267593428e-08,3.017037871895432e-08
7.102272727272727e-03,1.250000000000000e-01,1.523460267597721e-08,3.017037871898092e-08
7.102272727272727e-03,1.477272727272727e-01,7.437203319426151e-09,1.353122116344671e-08
7.102272727272727e-03,1.704545454545454e-01,7.437203319373026e-09,1.353122116336098e-08
7.102272727272727e-03,1.931818181818182e-01,7.437203319319899e-09,1.353122116327525e-08
7.102272727272727e-03,2.159090909090909e-01,7.437203319266775e-09,1.353122116318951e-08
7.102272727272727e-03,2.386363636363636e-01,7.437203319213650e-09,1.353122116310378e-08
7.102272727272727e-03,2.613636363636364e-01,-9.037067222587935e-09,-1.123441647309038e-08
7.102272727272727e-03,2.840909090909091e-01,-9.037067222665394e-09,-1.123441647319232e-08
7.102272727272727e-03,3.068181818181818e-01,-9.037067222742851e-09,-1.123441647329426e-08
7.102272727272727e-03,3.295454545454545e-01,-9.037067222820308e-09,-1.123441647339620e-08
7.102272727272727e-03,3.522727272727273e-01,-9.037067222897767e-09,-1.123441647349814e-08
7.102272727272727e-03,3.750000000000000e-01,-9.037067222975226e-09,-1.123441647360007e-08
7.102272727272727e-03,3.977272727272727e-01,-2.306390286267347e-08,-3.175624460408835e-08
7.102272727272727e-03,4.204545454545455e-01,-2.306390286273570e-08,-3.175624460416337e-08
7.102272727272727e-03,4.431818181818182e-01,-2.306390286279794e-08,-3.175624460423839e-08
7.102272727272727e-03,4.659090909090909e-01,-2.306390286286017e-08,-3.175624460431341e-08
7.102272727272727e-03,4.886363636363636e-01,-2.306390286292240e-08,-3.175624460438842e-08
7.102272727272727e-03,5.113636363636364e-01,-3.033456735876287e-08,-4.298029490278536e-08
7.102272727272727e-03,5.340909090909091e-01,-3.033456735879433e-08,-4.298029490281610e-08
7.102272727272727e-03,5.568181818181818e-01,-3.033456735882578e-08,-4.298029490284684e-08
7.102272727272727e-03,5.795454545454546e-01,-3.033456735885723e-08,-4.298029490287758e-08
7.102272727272727e-03,6.022727272727273e-01,-3.033456735888868e-08,-4.298029490290832e-08
7.102272727272727e-03,6.250000000000000e-01,-3.033456735892012e-08,-4.298029490293907e-08
7.102272727272727e-03,6.477272727272727e-01,-2.899418545421156e-08,-4.261618914979992e-08
7.102272727272727e-03,6.704545454545454e-01,-2.899418545420404e-08,-4.261618914977750e-08
7.102272727272727e-03,6.931818181818182e-01,-2.899418545419653e-08,-4.261618914975508e-08
7.102272727272727e-03,7.159090909090909e-01,-2.899418545418901e-08,-4.261618914973266e-08
7.102272727272727e-03,7.386363636363636e-01,-2.899418545418149e-08,-4.261618914971024e-08
7.102272727272727e-03,7.613636363636364e-01,-1.746212588546325e-08,-2.920202331056501e-08
7.102272727272727e-03,7.840909090909091e-01,-1.746212588541746e-08,-2.920202331048726e-08
7.102272727272727e-03,8.068181818181818e-01,-1.746212588537168e-08,-2.920202331040951e-08
7.102272727272727e-03,8.295454545454546e-01,-1.746212588532589e-08,-2.920202331033177e-08
7.102272727272727e-03,8.522727272727273e-01,-1.746212588528011e-08,-2.920202331025402e-08
7.102272727272727e-03,8.750000000000000e-01,-1.746212588523432e-08,-2.920202331017627e-08
7.102272727272727e-03,8.977272727272727e-01,-4.917943835962960e-19,-4.418037657113233e-19
7.102272727272727e-03,9.204545454545454e-01,-4.119688992456953e-19,-3.602921459570376e-19
7.102272727272727e-03,9.431818181818182e-01,-3.321434148950943e-19,-2.787805262027516e-19
7.102272727272727e-03,9.659090909090909e-01,-2.523179305444937e-19,-1.972689064484659e-19
7.102272727272727e-03,9.886363636363636e-01,-1.724924461938930e-19,-1.157572866941803e-19
2.130681818181818e-02,1.136363636363636e-02,2.437536428115353e-08,4.827260594994606e-08
2.130681818181818e-02,3.409090909090909e-02,4.570380802700368e-08,9.051113615571109e-08
2.130681818181818e-02,5.681818181818182e-02,4.570380802704661e-08,9.051113615573767e-08
2.130681818181818e-02,7.954545454545454e-02,4.570380802708955e-08,9.051113615576428e-08
2.130681818181818e-02,1.022727272727273e-01,4.570380802713249e-08,9.051113615579088e-08
2.130681818181818e-02,1.250000000000000e-01,4.570380802717542e-08,9.051113615581748e-08
2.130681818181818e-02,1.477272727272727e-01,2.231160995762849e-08,4.059366348938632e-08
2.130681818181818e-02,1.704545454545454e-01,2.231160995757537e-08,4.059366348930059e-08
2.130681818181818e-02,1.931818181818182e-01,2.231160995752224e-08,4.059366348921485e-08
2.130681818181818e-02,2.159090909090909e-01,2.231160995746912e-08,4.059366348912912e-08
2.130681818181818e-02,2.386363636363636e-01,2.231160995741599e-08,4.059366348904339e-08
2.130681818181818e-02,2.613636363636364e-01,-4.047222909427351e-09,9.686432711890584e-10
2.130681818181818e-02,2.840909090909091e-01,-2.711120166793563e-08,-3.370324941945337e-08
2.130681818181818e-02,3.068181818181818e-01,-2.711120166801309e-08,-3.370324941955530e-08
2.130681818181818e-02,3.295454545454545e-01,-2.711120166809055e-08,-3.370324941965724e-08
2.130681818181818e-02,3.522727272727273e-01,-2.711120166816801e-08,-3.370324941975918e-08
2.130681818181818e-02,3.750000000000000e-01,-2.711120166824546e-08,-3.370324941986112e-08
2.130681818181818e-02,3.977272727272727e-01,-6.919170858721573e-08,-9.526873381117591e-08
2.130681818181818e-02,4.204545454545455e-01,-6.919170858727796e-08,-9.526873381125093e-08
2.130681818181818e-02,4.431818181818182e-01,-6.919170858734020e-08,-9.526873381132594e-08
2.130681818181818e-02,4.659090909090909e-01,-6.919170858740242e-08,-9.526873381140097e-08
2.130681818181818e-02,4.886363636363636e-01,-6.919170858746466e-08,-9.526873381147598e-08
2.130681818181818e-02,5.113636363636364e-01,-8.082477178078131e-08,-1.132272142888793e-07
2.130681818181818e-02,5.340909090909091e-01,-9.100370207492388e-08,-1.289408847065918e-07
2.130681818181818e-02,5.568181818181818e-01,-9.100370207495531e-08,-1.289408847066225e-07
2.130681818181818e-02,5.795454545454546e-01,-9.100370207498677e-08,-1.289408847066533e-07
2.130681818181818e-02,6.022727272727273e-01,-9.100370207501822e-08,-1.289408847066840e-07
2.130681818181818e-02,6.250000000000000e-01,-9.100370207504966e-08,-1.289408847067148e-07
2.130681818181818e-02,6.477272727272727e-01,-8.698255636093900e-08,-1.278485674473421e-07
2.130681818181818e-02,6.704545454545454e-01,-8.698255636093148e-08,-1.278485674473197e-07
2.130681818181818e-02,6.931818181818182e-01,-8.698255636092396e-08,-1.278485674472973e-07
2.130681818181818e-02,7.159090909090909e-01,-8.698255636091645e-08,-1.278485674472749e-07
2.130681818181818e-02,7.386363636363636e-01,-8.698255636090893e-08,-1.278485674472524e-07
2.130681818181818e-02,7.613636363636364e-01,-6.853126105097574e-08,-1.063859021046501e-07
2.130681818181818e-02,7.840909090909091e-01,-5.238637765476172e-08,-8.760606992983919e-08
2.130681818181818e-02,8.068181818181818e-01,-5.238637765471593e-08,-8.760606992976143e-08
2.130681818181818e-02,8.295454545454546e-01,-5.238637765467015e-08,-8.760606992968369e-08
2.130681818181818e-02,8.522727272727273e-01,-5.238637765462436e-08,-8.760606992960595e-08
2.130681818181818e-02,8.750000000000000e-01,-5.238637765457858e-08,-8.760606992952821e-08
2.130681818181818e-02,8.977272727272727e-01,-5.106506702206236e-19,-4.878192374859133e-19
2.130681818181818e-02,9.204545454545454e-01,-4.308251858700230e-19,-4.063076177316276e-19
2.130681818181818e-02,9.431818181818182e-01,-3.509997015194220e-19,-3.247959979773415e-19
2.130681818181818e-02,9.659090909090909e-01,-2.711742171688213e-19,-2.432843782230560e-19
2.130681818181818e-02,9.886363636363636e-01,-1.913487328182207e-19,-1.617727584687703e-19
3.551136363636364e-02,1.136363636363636e-02,2.437536428119858e-08,4.827260595001341e-08
3.551136363636364e-02,3.409090909090909e-02,7.312609284308657e-08,1.448178178488707e-07
3.551136363636364e-02,5.681818181818182e-02,7.617301337824484e-08,1.508518935925742e-07
3.551136363636364e-02,7.954545454545454e-02,7.617301337828777e-08,1.508518935926009e-07
3.551136363636364e-02,1.022727272727273e-01,7.617301337833070e-08,1.508518935926275e-07
3.551136363636364e-02,1.250000000000000e-01,7.617301337837365e-08,1.508518935926540e-07
3.551136363636364e-02,1.477272727272727e-01,5.122133543752713e-08,9.760658941513320e-08
3.551136363636364e-02,1.704545454545454e-01,3.718601659577771e-08,6.765610581524021e-08
3.551136363636364e-02,1.931818181818182e-01,3.718601659572459e-08,6.765610581515447e-08
3.551136363636364e-02,2.159090909090909e-01,3.718601659567146e-08,6.765610581506873e-08
3.551136363636364e-02,2.386363636363636e-01,3.718601659561833e-08,6.765610581498301e-08
3.551136363636364e-02,2.613636363636364e-01,1.082718372877501e-08,2.803108559712870e-08
3.551136363636364e-02,2.840909090909091e-01,-4.189048200485866e-08,-5.121895483849441e-08
3.551136363636364e-02,3.068181818181818e-01,-4.518533611328334e-08,-5.617208236581635e-08
3.551136363636364e-02,3.295454545454545e-01,-4.518533611336080e-08,-5.617208236591829e-08
3.551136363636364e-02,3.522727272727273e-01,-4.518533611343826e-08,-5.617208236602023e-08
3.551136363636364e-02,3.750000000000000e-01,-4.518533611351571e-08,-5.617208236612216e-08
3.551136363636364e-02,3.977272727272727e-01,-9.007121016041316e-08,-1.218419323835196e-07
3.551136363636364e-02,4.204545454545455e-01,-1.153195143118203e-07,-1.587812230183385e-07
3.551136363636364e-02,4.431818181818182e-01,-1.153195143118825e-07,-1.587812230184135e-07
3.551136363636364e-02,4.659090909090909e-01,-1.153195143119447e-07,-1.587812230184886e-07
3.551136363636364e-02,4.886363636363636e-01,-1.153195143120070e-07,-1.587812230185636e-07
3.551136363636364e-02,5.113636363636364e-01,-1.269525775053236e-07,-1.767397034959669e-07
3.551136363636364e-02,5.340909090909091e-01,-1.502187038918947e-07,-2.126566644506987e-07
3.551136363636364e-02,5.568181818181818e-01,-1.516728367910849e-07,-2.149014745103982e-07
3.551136363636364e-02,5.795454545454546e-01,-1.516728367911163e-07,-2.149014745104290e-07
3.551136363636364e-02,6.022727272727273e-01,-1.516728367911478e-07,-2.149014745104597e-07
3.551136363636364e-02,6.250000000000000e-01,-1.516728367911792e-07,-2.149014745104905e-07
3.551136363636364e-02,6.477272727272727e-01,-1.473836146961284e-07,-2.137363361004946e-07
3.551136363636364e-02,6.704545454545454e-01,-1.449709272676590e-07,-2.130809457448620e-07
3.551136363636364e-02,6.931818181818182e-01,-1.449709272676514e-07,-2.130809457448396e-07
3.551136363636364e-02,7.159090909090909e-01,-1.449709272676439e-07,-2.130809457448172e-07
3.551136363636364e-02,7.386363636363636e-01,-1.449709272676364e-07,-2.130809457447947e-07
3.551136363636364e-02,7.613636363636364e-01,-1.265196319577032e-07,-1.916182804021925e-07
3.551136363636364e-02,7.840909090909091e-01,-8.961704133784439e-08,-1.486929497170103e-07
3.551136363636364e-02,8.068181818181818e-01,-8.731062942406020e-08,-1.460101165491134e-07
3.551136363636364e-02,8.295454545454546e-01,-8.731062942401441e-08,-1.460101165490356e-07
3.551136363636364e-02,8.522727272727273e-01,-8.731062942396863e-08,-1.460101165489579e-07
3.551136363636364e-02,8.750000000000000e-01,-8.731062942392284e-08,-1.460101165488801e-07
3.551136363636364e-02,8.977272727272727e-01,-3.143182659292244e-08,-5.256364195790928e-08
3.551136363636364e-02,9.204545454545454e-01,-4.496814724943507e-19,-4.523230895062175e-19
3.551136363636364e-02,9.431818181818182e-01,-3.698559881437497e-19,-3.708114697519316e-19
3.551136363636364e-02,9.659090909090909e-01,-2.900305037931490e-19,-2.892998499976459e-19
3.551136363636364e-02,9.886363636363636e-01,-2.102050194425484e-19,-2.077882302433603e-19
4.971590909090909e-02,1.136363636363636e-02,2.437536428124362e-08,4.827260595008077e-08
4.971590909090909e-02,3.409090909090909e-02,7.312609284313161e-08,1.448178178489381e-07
4.971590909090909e-02,5.681818181818182e-02,1.066422187294430e-07,2.111926510294108e-07
4.971590909090909e-02,7.954545454545454e-02,1.066422187294860e-07,2.111926510294374e-07
4.971590909090909e-02,1.022727272727273e-01,1.066422187295289e-07,2.111926510294640e-07
4.971590909090909e-02,1.250000000000000e-01,1.066422187295718e-07,2.111926510294906e-07
4.971590909090909e-02,1.477272727272727e-01,8.169054078872532e-08,1.579473468519697e-07
4.971590909090909e-02,1.704545454545454e-01,5.673886284787882e-08,1.047020426744489e-07
4.971590909090909e-02,1.931818181818182e-01,5.206042323392693e-08,9.471854814109408e-08
4.971590909090909e-02,2.159090909090909e-01,5.206042323387380e-08,9.471854814100834e-08
4.971590909090909e-02,2.386363636363636e-01,5.206042323382067e-08,9.471854814092261e-08
4.971590909090909e-02,2.613636363636364e-01,2.570159036697734e-08,5.509352792306828e-08
4.971590909090909e-02,2.840909090909091e-01,-2.701607536665634e-08,-2.415651251255483e-08
4.971590909090909e-02,3.068181818181818e-01,-6.325947055855357e-08,-7.864091531207740e-08
4.971590909090909e-02,3.295454545454545e-01,-6.325947055863102e-08,-7.864091531217933e-08
4.971590909090909e-02,3.522727272727273e-01,-6.325947055870850e-08,-7.864091531228127e-08
4.971590909090909e-02,3.750000000000000e-01,-6.325947055878595e-08,-7.864091531238322e-08
4.971590909090909e-02,3.977272727272727e-01,-1.081453446056834e-07,-1.443107653297806e-07
4.971590909090909e-02,4.204545454545455e-01,-1.530312186525809e-07,-2.099806153471781e-07
4.971590909090909e-02,4.431818181818182e-01,-1.614473200364247e-07,-2.222937122255011e-07
4.971590909090909e-02,4.659090909090909e-01,-1.614473200364870e-07,-2.222937122255761e-07
4.971590909090909e-02,4.886363636363636e-01,-1.614473200365492e-07,-2.222937122256511e-07
4.971590909090909e-02,5.113636363636364e-01,-1.730803832298659e-07,-2.402521927030545e-07
4.971590909090909e-02,5.340909090909091e-01,-1.963465096164369e-07,-2.761691536577862e-07
4.971590909090909e-02,5.568181818181818e-01,-2.123419715072144e-07,-3.008620643141739e-07
4.971590909090909e-02,5.795454545454546e-01,-2.123419715072458e-07,-3.008620643142046e-07
4.971590909090909e-02,6.022727272727273e-01,-2.123419715072773e-07,-3.008620643142354e-07
4.971590909090909e-02,6.250000000000000e-01,-2.123419715073087e-07,-3.008620643142661e-07
4.971590909090909e-02,6.477272727272727e-01,-2.080527494122579e-07,-2.996969259042702e-07
4.971590909090909e-02,6.704545454545454e-01,-2.037635273172070e-07,-2.985317874942742e-07
4.971590909090909e-02,6.931818181818182e-01,-2.029592981743788e-07,-2.983133240423818e-07
4.971590909090909e-02,7.159090909090909e-01,-2.029592981743713e-07,-2.983133240423594e-07
4.971590909090909e-02,7.386363636363636e-01,-2.029592981743638e-07,-2.983133240423369e-07
4.971590909090909e-02,7.613636363636364e-01,-1.845080028644306e-07,-2.768506586997347e-07
4.971590909090909e-02,7.840909090909091e-01,-1.476054122445718e-07,-2.339253280145524e-07
4.971590909090909e-02,8.068181818181818e-01,-1.222348811934045e-07,-2.044141631684653e-07
4.971590909090909e-02,8.295454545454546e-01,-1.222348811933587e-07,-2.044141631683875e-07
4.971590909090909e-02,8.522727272727273e-01,-1.222348811933129e-07,-2.044141631683098e-07
4.971590909090909e-02,8.750000000000000e-01,-1.222348811932671e-07,-2.044141631682321e-07
4.971590909090909e-02,8.977272727272727e-01,-6.635607836226665e-08,-1.109676885772612e-07
4.971590909090909e-02,9.204545454545454e-01,-1.047727553126625e-08,-1.752121398629027e-08
4.971590909090909e-02,9.431818181818182e-01,-3.887122747680773e-19,-4.168269415265215e-19
4.971590909090909e-02,9.659090909090909e-01,-3.088867904174767e-19,-3.353153217722359e-19
4.971590909090909e-02,9.886363636363636e-01,-2.290613060668761e-19,-2.538037020179502e-19
6.392045454545454e-02,1.136363636363636e-02,2.437536428128867e-08,4.827260595014812e-08
6.392045454545454e-02,3.409090909090909e-02,7.312609284317666e-08,1.448178178490054e-07
6.392045454545454e-02,5.681818181818182e-02,1.218768214050647e-07,2.413630297478628e-07
6.392045454545454e-02,7.954545454545454e-02,1.371114240806842e-07,2.715334084662739e-07
6.392045454545454e-02,1.022727272727273e-01,1.371114240807271e-07,2.715334084663006e-07
6.392045454545454e-02,1.250000000000000e-01,1.371114240807701e-07,2.715334084663271e-07
6.392045454545454e-02,1.477272727272727e-01,1.121597461399235e-07,2.182881042888063e-07
6.392045454545454e-02,1.704545454545454e-01,8.720806819907705e-08,1.650428001112855e-07
6.392045454545454e-02,1.931818181818182e-01,6.693482987212926e-08,1.217809904670337e-07
6.392045454545454e-02,2.159090909090909e-01,6.693482987207614e-08,1.217809904669479e-07
6.392045454545454e-02,2.386363636363636e-01,6.693482987202301e-08,1.217809904668622e-07
6.392045454545454e-02,2.613636363636364e-01,4.057599700517968e-08,8.215597024900790e-08
6.392045454545454e-02,2.840909090909091e-01,-1.214166872845399e-08,2.905929813384789e-09
6.392045454545454e-02,3.068181818181818e-01,-6.485933446208754e-08,-7.634411062223815e-08
6.392045454545454e-02,3.295454545454545e-01,-8.133360500390126e-08,-1.011097482584404e-07
6.392045454545454e-02,3.522727272727273e-01,-8.133360500397873e-08,-1.011097482585423e-07
6.392045454545454e-02,3.750000000000000e-01,-8.133360500405619e-08,-1.011097482586443e-07
6.392045454545454e-02,3.977272727272727e-01,-1.262194790509536e-07,-1.667795982760417e-07
6.392045454545454e-02,4.204545454545455e-01,-1.711053530978512e-07,-2.324494482934392e-07
6.392045454545454e-02,4.431818181818182e-01,-2.075751257609670e-07,-2.858062014325886e-07
6.392045454545454e-02,4.659090909090909e-01,-2.075751257610293e-07,-2.858062014326637e-07
6.392045454545454e-02,4.886363636363636e-01,-2.075751257610915e-07,-2.858062014327386e-07
6.392045454545454e-02,5.113636363636364e-01,-2.192081889544081e-07,-3.037646819101420e-07
6.392045454545454e-02,5.340909090909091e-01,-2.424743153409792e-07,-3.396816428648738e-07
6.392045454545454e-02,5.568181818181818e-01,-2.657404417275503e-07,-3.755986038196055e-07
6.392045454545454e-02,5.795454545454546e-01,-2.730111062233754e-07,-3.868226541179803e-07
6.392045454545454e-02,6.022727272727273e-01,-2.730111062234069e-07,-3.868226541180111e-07
6.392045454545454e-02,6.250000000000000e-01,-2.730111062234383e-07,-3.868226541180418e-07
6.392045454545454e-02,6.477272727272727e-01,-2.687218841283874e-07,-3.856575157080459e-07
6.392045454545454e-02,6.704545454545454e-01,-2.644326620333365e-07,-3.844923772980499e-07
6.392045454545454e-02,6.931818181818182e-01,-2.609476690811063e-07,-3.835457023399241e-07
6.392045454545454e-02,7.159090909090909e-01,-2.609476690810988e-07,-3.835457023399016e-07
6.392045454545454e-02,7.386363636363636e-01,-2.609476690810913e-07,-3.835457023398792e-07
6.392045454545454e-02,7.613636363636364e-01,-2.424963737711581e-07,-3.620830369972769e-07
6.392045454545454e-02,7.840909090909091e-01,-2.055937831512992e-07,-3.191577063120947e-07
6.392045454545454e-02,8.068181818181818e-01,-1.686911925314404e-07,-2.762323756269125e-07
6.392045454545454e-02,8.295454545454546e-01,-1.571591329627029e-07,-2.628182097877395e-07
6.392045454545454e-02,8.522727272727273e-01,-1.571591329626571e-07,-2.628182097876618e-07
6.392045454545454e-02,8.750000000000000e-01,-1.571591329626113e-07,-2.628182097875840e-07
6.392045454545454e-02,8.977272727272727e-01,-1.012803301316109e-07,-1.693717351966131e-07
6.392045454545454e-02,9.204545454545454e-01,-4.540152730061052e-08,-7.592526060564221e-08
6.392045454545454e-02,9.431818181818182e-01,-4.075685613924050e-19,-4.628424133011115e-19
6.392045454545454e-02,9.659090909090909e-01,-3.277430770418044e-19,-3.813307935468258e-19
6.392045454545454e-02,9.886363636363636e-01,-2.479175926912038e-19,-2.998191737925402e-19
7.812500000000000e-02,1.136363636363636e-02,2.437536428133371e-08,4.827260595021548e-08
7.812500000000000e-02,3.409090909090909e-02,7.312609284322170e-08,1.448178178490728e-07
7.812500000000000e-02,5.681818181818182e-02,1.218768214051097e-07,2.413630297479301e-07
7.812500000000000e-02,7.954545454545454e-02,1.675806294318824e-07,3.318741659031105e-07
7.812500000000000e-02,1.022727272727273e-01,1.675806294319253e-07,3.318741659031371e-07
7.812500000000000e-02,1.250000000000000e-01,1.675806294319683e-07,3.318741659031637e-07
7.812500000000000e-02,1.477272727272727e-01,1.426289514911218e-07,2.786288617256429e-07
7.812500000000000e-02,1.704545454545454e-01,1.176772735502752e-07,2.253835575481220e-07
7.812500000000000e-02,1.931818181818182e-01,9.272559560942874e-08,1.721382533706012e-07
7.812500000000000e-02,2.159090909090909e-01,8.180923651027848e-08,1.488434327928876e-07
7.812500000000000e-02,2.386363636363636e-01,8.180923651022535e-08,1.488434327928018e-07
7.812500000000000e-02,2.613636363636364e-01,5.545040364338203e-08,1.092184125749475e-07
7.812500000000000e-02,2.840909090909091e-01,2.732737909748353e-09,2.996837213932440e-08
7.812500000000000e-02,3.068181818181818e-01,-4.998492782388520e-08,-4.928166829629853e-08
7.812500000000000e-02,3.295454545454545e-01,-9.940773944917152e-08,-1.235785812047014e-07
7.812500000000000e-02,3.522727272727273e-01,-9.940773944924898e-08,-1.235785812048034e-07
7.812500000000000e-02,3.750000000000000e-01,-9.940773944932645e-08,-1.235785812049053e-07
7.812500000000000e-02,3.977272727272727e-01,-1.442936134962239e-07,-1.892484312223027e-07
7.812500000000000e-02,4.204545454545455e-01,-1.891794875431214e-07,-2.549182812397002e-07
7.812500000000000e-02,4.431818181818182e-01,-2.340653615900189e-07,-3.205881312570977e-07
7.812500000000000e-02,4.659090909090909e-01,-2.537029314855715e-07,-3.493186906397512e-07
7.812500000000000e-02,4.886363636363636e-01,-2.537029314856338e-07,-3.493186906398263e-07
7.812500000000000e-02,5.113636363636364e-01,-2.653359946789504e-07,-3.672771711172296e-07
7.812500000000000e-02,5.340909090909091e-01,-2.886021210655214e-07,-4.031941320719613e-07
7.812500000000000e-02,5.568181818181818e-01,-3.118682474520926e-07,-4.391110930266930e-07
7.812500000000000e-02,5.795454545454546e-01,-3.336802409395049e-07,-4.727832439217561e-07
7.812500000000000e-02,6.022727272727273e-01,-3.336802409395364e-07,-4.727832439217868e-07
7.812500000000000e-02,6.250000000000000e-01,-3.336802409395678e-07,-4.727832439218175e-07
7.812500000000000e-02,6.477272727272727e-01,-3.293910188445170e-07,-4.716181055118216e-07
7.812500000000000e-02,6.704545454545454e-01,-3.251017967494661e-07,-4.704529671018256e-07
7.812500000000000e-02,6.931818181818182e-01,-3.208125746544153e-07,-4.692878286918297e-07
7.812500000000000e-02,7.159090909090909e-01,-3.189360399878262e-07,-4.687780806374439e-07
7.812500000000000e-02,7.386363636363636e-01,-3.189360399878187e-07,-4.687780806374214e-07
7.812500000000000e-02,7.613636363636364e-01,-3.004847446778856e-07,-4.473154152948191e-07
7.812500000000000e-02,7.840909090909091e-01,-2.635821540580267e-07,-4.043900846096370e-07
7.812500000000000e-02,8.068181818181818e-01,-2.266795634381678e-07,-3.614647539244547e-07
7.812500000000000e-02,8.295454545454546e-01,-1.920833847320472e-07,-3.212222564070914e-07
7.812500000000000e-02,8.522727272727273e-01,-1.920833847320014e-07,-3.212222564070137e-07
7.812500000000000e-02,8.750000000000000e-01,-1.920833847319556e-07,-3.212222564069360e-07
7.812500000000000e-02,8.977272727272727e-01,-1.362045819009552e-07,-2.277757818159651e-07
7.812500000000000e-02,9.204545454545454e-01,-8.032577906995478e-08,-1.343293072249941e-07
7.812500000000000e-02,9.431818181818182e-01,-2.444697623895408e-08,-4.088283263402280e-08
7.812500000000000e-02,9.659090909090909e-01,-3.465993636661321e-19,-4.273462653214159e-19
7.812500000000000e-02,9.886363636363636e-01,-2.667738793155315e-19,-3.458346455671302e-19
9.232954545454546e-02,1.136363636363636e-02,2.437536428137875e-08,4.827260595028283e-08
9.232954545454546e-02,3.409090909090909e-02,7.312609284326675e-08,1.448178178491401e-07
9.232954545454546e-02,5.681818181818182e-02,1.218768214051548e-07,2.413630297479974e-07
9.232954545454546e-02,7.954545454545454e-02,1.706275499670428e-07,3.379082416468548e-07
9.232954545454546e-02,1.022727272727273e-01,1.980498347831236e-07,3.922149233399737e-07
9.232954545454546e-02,1.250000000000000e-01,1.980498347831665e-07,3.922149233400003e-07
9.232954545454546e-02,1.477272727272727e-01,1.730981568423200e-07,3.389696191624794e-07
9.232954545454546e-02,1.704545454545454e-01,1.481464789014735e-07,2.857243149849586e-07
9.232954545454546e-02,1.931818181818182e-01,1.231948009606269e-07,2.324790108074377e-07
9.232954545454546e-02,2.159090909090909e-01,9.824312301978043e-08,1.792337066299169e-07
9.232954545454546e-02,2.386363636363636e-01,9.668364314842771e-08,1.759058751187414e-07
9.232954545454546e-02,2.613636363636364e-01,7.032481028158437e-08,1.362808549008871e-07
9.232954545454546e-02,2.840909090909091e-01,1.760714454795070e-08,5.703081446526401e-08
9.232954545454546e-02,3.068181818181818e-01,-3.511052118568285e-08,-2.221922597035892e-08
9.232954545454546e-02,3.295454545454545e-01,-8.782818691931639e-08,-1.014692664059818e-07
9.232954545454546e-02,3.522727272727273e-01,-1.174818738945192e-07,-1.460474141510644e-07
9.232954545454546e-02,3.750000000000000e-01,-1.174818738945967e-07,-1.460474141511663e-07
9.232954545454546e-02,3.977272727272727e-01,-1.623677479414941e-07,-2.117172641685638e-07
9.232954545454546e-02,4.204545454545455e-01,-2.072536219883916e-07,-2.773871141859613e-07
9.232954545454546e-02,4.431818181818182e-01,-2.521394960352891e-07,-3.430569642033587e-07
9.232954545454546e-02,4.659090909090909e-01,-2.970253700821865e-07,-4.087268142207561e-07
9.232954545454546e-02,4.886363636363636e-01,-2.998307372101760e-07,-4.128311798469138e-07
9.232954545454546e-02,5.113636363636364e-01,-3.114638004034927e-07,-4.307896603243172e-07
9.232954545454546e-02,5.340909090909091e-01,-3.347299267900638e-07,-4.667066212790489e-07
9.232954545454546e-02,5.568181818181818e-01,-3.579960531766348e-07,-5.026235822337806e-07
9.232954545454546e-02,5.795454545454546e-01,-3.812621795632060e-07,-5.385405431885125e-07
9.232954545454546e-02,6.022727272727273e-01,-3.943493756556660e-07,-5.587438337255625e-07
9.232954545454546e-02,6.250000000000000e-01,-3.943493756556974e-07,-5.587438337255932e-07
9.232954545454546e-02,6.477272727272727e-01,-3.900601535606466e-07,-5.575786953155974e-07
9.232954545454546e-02,6.704545454545454e-01,-3.857709314655957e-07,-5.564135569056014e-07
9.232954545454546e-02,6.931818181818182e-01,-3.814817093705448e-07,-5.552484184956054e-07
9.232954545454546e-02,7.159090909090909e-01,-3.771924872754939e-07,-5.540832800856093e-07
9.232954545454546e-02,7.386363636363636e-01,-3.769244108945462e-07,-5.540104589349637e-07
9.232954545454546e-02,7.613636363636364e-01,-3.584731155846130e-07,-5.325477935923614e-07
9.232954545454546e-02,7.840909090909091e-01,-3.215705249647542e-07,-4.896224629071792e-07
9.232954545454546e-02,8.068181818181818e-01,-2.846679343448953e-07,-4.466971322219970e-07
9.232954545454546e-02,8.295454545454546e-01,-2.477653437250362e-07,-4.037718015368146e-07
9.232954545454546e-02,8.522727272727273e-01,-2.270076365013456e-07,-3.796263030263656e-07
9.232954545454546e-02,8.750000000000000e-01,-2.270076365012999e-07,-3.796263030262879e-07
9.232954545454546e-02,8.977272727272727e-01,-1.711288336702995e-07,-2.861798284353170e-07
9.232954545454546e-02,9.204545454545454e-01,-1.152500308392990e-07,-1.927333538443461e-07
9.232954545454546e-02,9.431818181818182e-01,-5.937122800829834e-08,-9.928687925337474e-08
9.232954545454546e-02,9.659090909090909e-01,-3.492425177297925e-09,-5.840404662403834e-09
9.232954545454546e-02,9.886363636363636e-01,-2.856301659398592e-19,-3.918501173417202e-19
1.065340909090909e-01,1.136363636363636e-02,2.437536428142380e-08,4.827260595035019e-08
1.065340909090909e-01,3.409090909090909e-02,7.312609284331179e-08,1.448178178492075e-07
1.065340909090909e-01,5.681818181818182e-02,1.218768214051998e-07,2.413630297480648e-07
1.065340909090909e-01,7.954545454545454e-02,1.706275499670878e-07,3.379082416469222e-07
1.065340909090909e-01,1.022727272727273e-01,2.193782785289758e-07,4.344534535457795e-07
1.065340909090909e-01,1.250000000000000e-01,2.285190401343647e-07,4.525556807768369e-07
1.065340909090909e-01,1.477272727272727e-01,2.035673621935182e-07,3.993103765993160e-07
1.065340909090909e-01,1.704545454545454e-01,1.786156842526717e-07,3.460650724217952e-07
1.065340909090909e-01,1.931818181818182e-01,1.536640063118252e-07,2.928197682442743e-07
1.065340909090909e-01,2.159090909090909e-01,1.287123283709786e-07,2.395744640667534e-07
1.065340909090909e-01,2.386363636363636e-01,1.115580497866301e-07,2.029683174446811e-07
1.065340909090909e-01,2.613636363636364e-01,8.519921691978671e-08,1.633432972268267e-07
1.065340909090909e-01,2.840909090909091e-01,3.248155118615304e-08,8.409325679120359e-08
1.065340909090909e-01,3.068181818181818e-01,-2.023611454748051e-08,4.843216355580701e-09
1.065340909090909e-01,3.295454545454545e-01,-7.295378028111405e-08,-7.440682408004221e-08
1.065340909090909e-01,3.522727272727273e-01,-1.256714460147477e-07,-1.536568645156653e-07
1.065340909090909e-01,3.750000000000000e-01,-1.355560083398669e-07,-1.685162470974274e-07
1.065340909090909e-01,3.977272727272727e-01,-1.804418823867643e-07,-2.341860971148248e-07
1.065340909090909e-01,4.204545454545455e-01,-2.253277564336619e-07,-2.998559471322223e-07
1.065340909090909e-01,4.431818181818182e-01,-2.702136304805593e-07,-3.655257971496198e-07
1.065340909090909e-01,4.659090909090909e-01,-3.150995045274568e-07,-4.311956471670171e-07
1.065340909090909e-01,4.886363636363636e-01,-3.459585429347183e-07,-4.763436690540014e-07
1.065340909090909e-01,5.113636363636364e-01,-3.575916061280350e-07,-4.943021495314048e-07
1.065340909090909e-01,5.340909090909091e-01,-3.808577325146060e-07,-5.302191104861364e-07
1.065340909090909e-01,5.568181818181818e-01,-4.041238589011771e-07,-5.661360714408682e-07
1.065340909090909e-01,5.795454545454546e-01,-4.273899852877483e-07,-6.020530323956000e-07
1.065340909090909e-01,6.022727272727273e-01,-4.506561116743193e-07,-6.379699933503317e-07
1.065340909090909e-01,6.250000000000000e-01,-4.550185103718270e-07,-6.447044235293690e-07
1.065340909090909e-01,6.477272727272727e-01,-4.507292882767761e-07,-6.435392851193730e-07
1.065340909090909e-01,6.704545454545454e-01,-4.464400661817252e-07,-6.423741467093770e-07
1.065340909090909e-01,6.931818181818182e-01,-4.421508440866744e-07,-6.412090082993811e-07
1.065340909090909e-01,7.159090909090909e-01,-4.378616219916235e-07,-6.400438698893850e-07
1.065340909090909e-01,7.386363636363636e-01,-4.349127818012736e-07,-6.392428372325059e-07
1.065340909090909e-01,7.613636363636364e-01,-4.164614864913404e-07,-6.177801718899036e-07
1.065340909090909e-01,7.840909090909091e-01,-3.795588958714816e-07,-5.748548412047214e-07
1.065340909090909e-01,8.068181818181818e-01,-3.426563052516227e-07,-5.319295105195392e-07
1.065340909090909e-01,8.295454545454546e-01,-3.057537146317637e-07,-4.890041798343568e-07
1.065340909090909e-01,8.522727272727273e-01,-2.688511240119049e-07,-4.460788491491746e-07
1.065340909090909e-01,8.750000000000000e-01,-2.619318882706442e-07,-4.380303496456398e-07
1.065340909090909e-01,8.977272727272727e-01,-2.060530854396437e-07,-3.445838750546689e-07
1.065340909090909e-01,9.204545454545454e-01,-1.501742826086433e-07,-2.511374004636980e-07
1.065340909090909e-01,9.431818181818182e-01,-9.429547977764259e-08,-1.576909258727267e-07
1.065340909090909e-01,9.659090909090909e-01,-3.841667694664218e-08,-6.424445128175577e-08
1.065340909090909e-01,9.886363636363636e-01,-3.044864525641869e-19,-4.378655891163102e-19
1.207386363636364e-01,1.136363636363636e-02,2.437536428146884e-08,4.827260595041754e-08
1.207386363636364e-01,3.409090909090909e-02,7.312609284335683e-08,1.448178178492748e-07
1.207386363636364e-01,5.681818181818182e-02,1.218768214052448e-07,2.413630297481322e-07
1.207386363636364e-01,7.954545454545454e-02,1.706275499671328e-07,3.379082416469895e-07
1.207386363636364e-01,1.022727272727273e-01,2.193782785290209e-07,4.344534535458469e-07
1.207386363636364e-01,1.250000000000000e-01,2.589882454855629e-07,5.128964382136734e-07
1.207386363636364e-01,1.477272727272727e-01,2.340365675447164e-07,4.596511340361525e-07
1.207386363636364e-01,1.704545454545454e-01,2.090848896038699e-07,4.064058298586317e-07
1.207386363636364e-01,1.931818181818182e-01,1.841332116630234e-07,3.531605256811109e-07
1.207386363636364e-01,2.159090909090909e-01,1.591815337221769e-07,2.999152215035900e-07
1.207386363636364e-01,2.386363636363636e-01,1.342298557813303e-07,2.466699173260691e-07
1.207386363636364e-01,2.613636363636364e-01,1.000736235579891e-07,1.904057395527663e-07
1.207386363636364e-01,2.840909090909091e-01,4.735595782435538e-08,1.111556991171432e-07
1.207386363636364e-01,3.068181818181818e-01,-5.361707909278170e-09,3.190565868152030e-08
1.207386363636364e-01,3.295454545454545e-01,-5.807937364291170e-08,-4.734438175410260e-08
1.207386363636364e-01,3.522727272727273e-01,-1.107970393765454e-07,-1.265944221897257e-07
1.207386363636364e-01,3.750000000000000e-01,-1.536301427851372e-07,-1.909850800436885e-07
1.207386363636364e-01,3.977272727272727e-01,-1.985160168320346e-07,-2.566549300610858e-07
1.207386363636364e-01,4.204545454545455e-01,-2.434018908789322e-07,-3.223247800784834e-07
1.207386363636364e-01,4.431818181818182e-01,-2.882877649258296e-07,-3.879946300958808e-07
1.207386363636364e-01,4.659090909090909e-01,-3.331736389727271e-07,-4.536644801132782e-07
1.207386363636364e-01,4.886363636363636e-01,-3.780595130196246e-07,-5.193343301306757e-07
1.207386363636364e-01,5.113636363636364e-01,-4.037194118525772e-07,-5.578146387384923e-07
1.207386363636364e-01,5.340909090909091e-01,-4.269855382391483e-07,-5.937315996932240e-07
1.207386363636364e-01,5.568181818181818e-01,-4.502516646257194e-07,-6.296485606479557e-07
1.207386363636364e-01,5.795454545454546e-01,-4.735177910122906e-07,-6.655655216026877e-07
1.207386363636364e-01,6.022727272727273e-01,-4.967839173988616e-07,-7.014824825574193e-07
1.207386363636364e-01,6.250000000000000e-01,-5.156876450879565e-07,-7.306650133331446e-07
1.207386363636364e-01,6.477272727272727e-01,-5.113984229929057e-07,-7.294998749231486e-07
1.207386363636364e-01,6.704545454545454e-01,-5.071092008978548e-07,-7.283347365131528e-07
1.207386363636364e-01,6.931818181818182e-01,-5.028199788028039e-07,-7.271695981031568e-07
1.207386363636364e-01,7.159090909090909e-01,-4.985307567077530e-07,-7.260044596931608e-07
1.207386363636364e-01,7.386363636363636e-01,-4.942415346127021e-07,-7.248393212831649e-07
1.207386363636364e-01,7.613636363636364e-01,-4.744498573980679e-07,-7.030125501874458e-07
1.207386363636364e-01,7.840909090909091e-01,-4.375472667782090e-07,-6.600872195022637e-07
1.207386363636364e-01,8.068181818181818e-01,-4.006446761583502e-07,-6.171618888170815e-07
1.207386363636364e-01,8.295454545454546e-01,-3.637420855384911e-07,-5.742365581318991e-07
1.207386363636364e-01,8.522727272727273e-01,-3.268394949186323e-07,-5.313112274467169e-07
1.207386363636364e-01,8.750000000000000e-01,-2.968561400399884e-07,-4.964343962649918e-07
1.207386363636364e-01,8.977272727272727e-01,-2.409773372089880e-07,-4.029879216740209e-07
1.207386363636364e-01,9.204545454545454e-01,-1.850985343779875e-07,-3.095414470830500e-07
1.207386363636364e-01,9.431818181818182e-01,-1.292197315469869e-07,-2.160949724920786e-07
1.207386363636364e-01,9.659090909090909e-01,-7.334092871598645e-08,-1.226484979011077e-07
1.207386363636364e-01,9.886363636363636e-01,-1.746212588498603e-08,-2.920202331013682e-08
1.349431818181818e-01,1.136363636363636e-02,6.025228006601580e-08,8.944681517222021e-08
1.349431818181818e-01,3.409090909090909e-02,1.090030086279038e-07,1.859920270710775e-07
1.349431818181818e-01,5.681818181818182e-02,1.577537371897918e-07,2.825372389699349e-07
1.349431818181818e-01,7.954545454545454e-02,2.065044657516798e-07,3.790824508687922e-07
1.349431818181818e-01,1.022727272727273e-01,2.552551943135678e-07,4.756276627676495e-07
1.349431818181818e-01,1.250000000000000e-01,3.040059228754558e-07,5.721728746665068e-07
1.349431818181818e-01,1.477272727272727e-01,2.747674884756464e-07,5.092530394033962e-07
1.349431818181818e-01,1.704545454545454e-01,2.498158105347999e-07,4.560077352258754e-07
1.349431818181818e-01,1.931818181818182e-01,2.248641325939534e-07,4.027624310483544e-07
1.349431818181818e-01,2.159090909090909e-01,1.999124546531069e-07,3.495171268708336e-07
1.349431818181818e-01,2.386363636363636e-01,1.749607767122604e-07,2.962718226933128e-07
1.349431818181818e-01,2.613636363636364e-01,1.038970166700947e-07,1.964372092459813e-07
1.349431818181818e-01,2.840909090909091e-01,5.117935093646104e-08,1.171871688103582e-07
1.349431818181818e-01,3.068181818181818e-01,-1.538314797172490e-09,3.793712837473528e-08
1.349431818181818e-01,3.295454545454545e-01,-5.425598053080605e-08,-4.131291206088763e-08
1.349431818181818e-01,3.522727272727273e-01,-1.069736462644397e-07,-1.205629524965108e-07
1.349431818181818e-01,3.750000000000000e-01,-1.596913119980733e-07,-1.998129929321336e-07
1.349431818181818e-01,3.977272727272727e-01,-2.378404843959853e-07,-2.991777932430649e-07
1.349431818181818e-01,4.204545454545455e-01,-2.827263584428828e-07,-3.648476432604625e-07
1.349431818181818e-01,4.431818181818182e-01,-3.276122324897803e-07,-4.305174932778599e-07
1.349431818181818e-01,4.659090909090909e-01,-3.724981065366777e-07,-4.961873432952572e-07
1.349431818181818e-01,4.886363636363636e-01,-4.173839805835752e-07,-5.618571933126548e-07
1.349431818181818e-01,5.113636363636364e-01,-4.720594553392347e-07,-6.330995661942386e-07
1.349431818181818e-01,5.340909090909091e-01,-4.953255817258057e-07,-6.690165271489704e-07
1.349431818181818e-01,5.568181818181818e-01,-5.185917081123767e-07,-7.049334881037021e-07
1.349431818181818e-01,5.795454545454546e-01,-5.418578344989479e-07,-7.408504490584340e-07
1.349431818181818e-01,6.022727272727273e-01,-5.651239608855189e-07,-7.767674100131657e-07
1.349431818181818e-01,6.250000000000000e-01,-5.883900872720901e-07,-8.126843709678975e-07
1.349431818181818e-01,6.477272727272727e-01,-5.876459057266111e-07,-8.149184205671772e-07
1.349431818181818e-01,6.704545454545454e-01,-5.833566836315602e-07,-8.137532821571811e-07
1.349431818181818e-01,6.931818181818182e-01,-5.790674615365093e-07,-8.125881437471853e-07
1.349431818181818e-01,7.159090909090909e-01,-5.747782394414585e-07,-8.114230053371894e-07
1.349431818181818e-01,7.386363636363636e-01,-5.704890173464076e-07,-8.102578669271934e-07
1.349431818181818e-01,7.613636363636364e-01,-5.336730021281588e-07,-7.708886281410079e-07
1.349431818181818e-01,7.840909090909091e-01,-4.967704115083000e-07,-7.279632974558257e-07
1.349431818181818e-01,8.068181818181818e-01,-4.598678208884411e-07,-6.850379667706437e-07
1.349431818181818e-01,8.295454545454546e-01,-4.229652302685821e-07,-6.421126360854612e-07
1.349431818181818e-01,8.522727272727273e-01,-3.860626396487233e-07,-5.991873054002790e-07
1.349431818181818e-01,8.750000000000000e-01,-3.491600490288644e-07,-5.562619747150969e-07
1.349431818181818e-01,8.977272727272727e-01,-2.514546127398320e-07,-4.205091356598760e-07
1.349431818181818e-01,9.204545454545454e-01,-1.955758099088316e-07,-3.270626610689051e-07
1.349431818181818e-01,9.431818181818182e-01,-1.396970070778309e-07,-2.336161864779338e-07
1.349431818181818e-01,9.659090909090909e-01,-8.381820424683051e-08,-1.401697118869629e-07
1.349431818181818e-01,9.886363636363636e-01,-2.793940141583009e-08,-4.672323729599198e-08
1.491477272727273e-01,1.136363636363636e-02,6.537755374957171e-08,9.532884506112825e-08
1.491477272727273e-01,3.409090909090909e-02,1.602557454629515e-07,2.448123259593381e-07
1.491477272727273e-01,5.681818181818182e-02,2.090064740248395e-07,3.413575378581955e-07
1.491477272727273e-01,7.954545454545454e-02,2.577572025867275e-07,4.379027497570527e-07
1.491477272727273e-01,1.022727272727273e-01,3.065079311486156e-07,5.344479616559101e-07
1.491477272727273e-01,1.250000000000000e-01,3.552586597105035e-07,6.309931735547674e-07
1.491477272727273e-01,1.477272727272727e-01,3.205086812920275e-07,5.556346554673270e-07
1.491477272727273e-01,1.704545454545454e-01,2.949446095713292e-07,5.010072754204363e-07
1.491477272727273e-01,1.931818181818182e-01,2.699929316304827e-07,4.477619712429154e-07
1.491477272727273e-01,2.159090909090909e-01,2.450412536896361e-07,3.945166670653945e-07
1.491477272727273e-01,2.386363636363636e-01,2.200895757487896e-07,3.412713628878736e-07
1.491477272727273e-01,2.613636363636364e-01,1.444216602487776e-07,2.366386149918623e-07
1.491477272727273e-01,2.840909090909091e-01,5.026659539452528e-08,1.142053645181198e-07
1.491477272727273e-01,3.068181818181818e-01,-2.451070339108260e-09,3.495532408249684e-08
1.491477272727273e-01,3.295454545454545e-01,-5.516873607274181e-08,-4.429471635312606e-08
1.491477272727273e-01,3.522727272727273e-01,-1.078864018063755e-07,-1.235447567887492e-07
1.491477272727273e-01,3.750000000000000e-01,-1.606040675400091e-07,-2.027947972243721e-07
1.491477272727273e-01,3.977272727272727e-01,-2.815203378177969e-07,-3.454816764841325e-07
1.491477272727273e-01,4.204545454545455e-01,-3.311581116291251e-07,-4.159650908291778e-07
1.491477272727273e-01,4.431818181818182e-01,-3.760439856760226e-07,-4.816349408465752e-07
1.491477272727273e-01,4.659090909090909e-01,-4.209298597229200e-07,-5.473047908639726e-07
1.491477272727273e-01,4.886363636363636e-01,-4.658157337698175e-07,-6.129746408813702e-07
1.491477272727273e-01,5.113636363636364e-01,-5.234339906024662e-07,-6.871382948194568e-07
1.491477272727273e-01,5.340909090909091e-01,-5.731851556819408e-07,-7.493467852827133e-07
1.491477272727273e-01,5.568181818181818e-01,-5.964512820685120e-07,-7.852637462374448e-07
1.491477272727273e-01,5.795454545454546e-01,-6.197174084550831e-07,-8.211807071921768e-07
1.491477272727273e-01,6.022727272727273e-01,-6.429835348416543e-07,-8.570976681469086e-07
1.491477272727273e-01,6.250000000000000e-01,-6.662496612282253e-07,-8.930146291016402e-07
1.491477272727273e-01,6.477272727272727e-01,-6.700633889607674e-07,-8.996190632842745e-07
1.491477272727273e-01,6.704545454545454e-01,-6.662806012299410e-07,-8.989395231613181e-07
1.491477272727273e-01,6.931818181818182e-01,-6.619913791348901e-07,-8.977743847513221e-07
1.491477272727273e-01,7.159090909090909e-01,-6.577021570398393e-07,-8.966092463413261e-07
1.491477272727273e-01,7.386363636363636e-01,-6.534129349447885e-07,-8.954441079313302e-07
1.491477272727273e-01,7.613636363636364e-01,-6.142797613178548e-07,-8.536000113967740e-07
1.491477272727273e-01,7.840909090909091e-01,-5.565227450198323e-07,-7.884009609762535e-07
1.491477272727273e-01,8.068181818181818e-01,-5.196201543999735e-07,-7.454756302910714e-07
1.491477272727273e-01,8.295454545454546e-01,-4.827175637801145e-07,-7.025502996058889e-07
1.491477272727273e-01,8.522727272727273e-01,-4.458149731602556e-07,-6.596249689207068e-07
1.491477272727273e-01,8.750000000000000e-01,-4.089123825403968e-07,-6.166996382355246e-07
1.491477272727273e-01,8.977272727272727e-01,-2.574298460910378e-07,-4.265529020119827e-07
1.491477272727273e-01,9.204545454545454e-01,-1.955758099088899e-07,-3.270626610689759e-07
1.491477272727273e-01,9.431818181818182e-01,-1.396970070778892e-07,-2.336161864780046e-07
1.491477272727273e-01,9.659090909090909e-01,-8.381820424688878e-08,-1.401697118870337e-07
1.491477272727273e-01,9.886363636363636e-01,-2.793940141588836e-08,-4.672323729606282e-08
1.633522727272727e-01,1.136363636363636e-02,6.537755374962854e-08,9.532884506121933e-08
1.633522727272727e-01,3.409090909090909e-02,1.961326612475020e-07,2.859865351811479e-07
1.633522727272727e-01,5.681818181818182e-02,2.602592108598873e-07,4.001778367464562e-07
1.633522727272727e-01,7.954545454545454e-02,3.090099394217754e-07,4.967230486453134e-07
1.633522727272727e-01,1.022727272727273e-01,3.577606679836634e-07,5.932682605441708e-07
1.633522727272727e-01,1.250000000000000e-01,4.065113965455514e-07,6.898134724430282e-07
1.633522727272727e-01,1.477272727272727e-01,3.717614181270754e-07,6.144549543555878e-07
1.633522727272727e-01,1.704545454545454e-01,3.400734086078586e-07,5.460068156149973e-07
1.633522727272727e-01,1.931818181818182e-01,3.151217306670120e-07,4.927615114374763e-07
1.633522727272727e-01,2.159090909090909e-01,2.901700527261656e-07,4.395162072599555e-07
1.633522727272727e-01,2.386363636363636e-01,2.652183747853190e-07,3.862709030824346e-07
1.633522727272727e-01,2.613636363636364e-01,1.895504592853070e-07,2.816381551864233e-07
1.633522727272727e-01,2.840909090909091e-01,6.316630622612899e-08,1.256179635719211e-07
1.633522727272727e-01,3.068181818181818e-01,-3.363825881044023e-09,3.197351979025841e-08
1.633522727272727e-01,3.295454545454545e-01,-5.608149161467757e-08,-4.727652064536450e-08
1.633522727272727e-01,3.522727272727273e-01,-1.087991573483113e-07,-1.265265610809876e-07
1.633522727272727e-01,3.750000000000000e-01,-1.615168230819448e-07,-2.057766015166105e-07
1.633522727272727e-01,3.977272727272727e-01,-2.824330933597326e-07,-3.484634807763710e-07
1.633522727272727e-01,4.204545454545455e-01,-3.795898648153675e-07,-4.670825383978932e-07
1.633522727272727e-01,4.431818181818182e-01,-4.244757388622649e-07,-5.327523884152906e-07
1.633522727272727e-01,4.659090909090909e-01,-4.693616129091624e-07,-5.984222384326880e-07
1.633522727272727e-01,4.886363636363636e-01,-5.142474869560598e-07,-6.640920884500856e-07
1.633522727272727e-01,5.113636363636364e-01,-5.718657437887085e-07,-7.382557423881722e-07
1.633522727272727e-01,5.340909090909091e-01,-6.422163834071082e-07,-8.209132002469479e-07
1.633522727272727e-01,5.568181818181818e-01,-6.743108560246473e-07,-8.655940043711879e-07
1.633522727272727e-01,5.795454545454546e-01,-6.975769824112184e-07,-9.015109653259199e-07
1.633522727272727e-01,6.022727272727273e-01,-7.208431087977896e-07,-9.374279262806517e-07
1.633522727272727e-01,6.250000000000000e-01,-7.441092351843607e-07,-9.733448872353832e-07
1.633522727272727e-01,6.477272727272727e-01,-7.479229629169026e-07,-9.799493214180175e-07
1.633522727272727e-01,6.704545454545454e-01,-7.492045188283220e-07,-9.841257641654549e-07
1.633522727272727e-01,6.931818181818182e-01,-7.449152967332711e-07,-9.829606257554591e-07
1.633522727272727e-01,7.159090909090909e-01,-7.406260746382201e-07,-9.817954873454631e-07
1.633522727272727e-01,7.386363636363636e-01,-7.363368525431693e-07,-9.806303489354670e-07
1.633522727272727e-01,7.613636363636364e-01,-6.972036789162357e-07,-9.387862524009110e-07
1.633522727272727e-01,7.840909090909091e-01,-6.232265537574194e-07,-8.562631977417943e-07
1.633522727272727e-01,8.068181818181818e-01,-5.793724879115060e-07,-8.059132938114993e-07
1.633522727272727e-01,8.295454545454546e-01,-5.424698972916470e-07,-7.629879631263168e-07
1.633522727272727e-01,8.522727272727273e-01,-5.055673066717880e-07,-7.200626324411346e-07
1.633522727272727e-01,8.750000000000000e-01,-4.686647160519292e-07,-6.771373017559525e-07
1.633522727272727e-01,8.977272727272727e-01,-3.171821796025703e-07,-4.869905655324105e-07
1.633522727272727e-01,9.204545454545454e-01,-1.955758099089482e-07,-3.270626610690468e-07
1.633522727272727e-01,9.431818181818182e-01,-1.396970070779475e-07,-2.336161864780755e-07
1.633522727272727e-01,9.659090909090909e-01,-8.381820424694706e-08,-1.401697118871046e-07
1.633522727272727e-01,9.886363636363636e-01,-2.793940141594663e-08,-4.672323729613367e-08
1.775568181818182e-01,1.136363636363636e-02,6.537755374968537e-08,9.532884506131041e-08
1.775568181818182e-01,3.409090909090909e-02,1.961326612475588e-07,2.859865351812390e-07
1.775568181818182e-01,5.681818181818182e-02,3.115119476949351e-07,4.589981356347167e-07
1.775568181818182e-01,7.954545454545454e-02,3.602626762568231e-07,5.555433475335740e-07
1.775568181818182e-01,1.022727272727273e-01,4.090134048187111e-07,6.520885594324314e-07
1.775568181818182e-01,1.250000000000000e-01,4.577641333805991e-07,7.486337713312887e-07
1.775568181818182e-01,1.477272727272727e-01,4.230141549621231e-07,6.732752532438483e-07
1.775568181818182e-01,1.704545454545454e-01,3.882641765436472e-07,5.979167351564081e-07
1.775568181818182e-01,1.931818181818182e-01,3.602505297035414e-07,5.377610516320374e-07
1.775568181818182e-01,2.159090909090909e-01,3.352988517626949e-07,4.845157474545164e-07
1.775568181818182e-01,2.386363636363636e-01,3.103471738218484e-07,4.312704432769956e-07
1.775568181818182e-01,2.613636363636364e-01,2.346792583218363e-07,3.266376953809842e-07
1.775568181818182e-01,2.840909090909091e-01,1.082951052626583e-07,1.706175037664820e-07
1.775568181818182e-01,3.068181818181818e-01,-4.276581422979779e-09,2.899171549801999e-08
1.775568181818182e-01,3.295454545454545e-01,-5.699424715661332e-08,-5.025832493760293e-08
1.775568181818182e-01,3.522727272727273e-01,-1.097119128902470e-07,-1.295083653732260e-07
1.775568181818182e-01,3.750000000000000e-01,-1.624295786238805e-07,-2.087584058088489e-07
1.775568181818182e-01,3.977272727272727e-01,-2.833458489016684e-07,-3.514452850686094e-07
1.775568181818182e-01,4.204545454545455e-01,-4.042621191794565e-07,-4.941321643283702e-07
1.775568181818182e-01,4.431818181818182e-01,-4.729074920485072e-07,-5.838698359840059e-07
1.775568181818182e-01,4.659090909090909e-01,-5.177933660954046e-07,-6.495396860014034e-07
1.775568181818182e-01,4.886363636363636e-01,-5.626792401423022e-07,-7.152095360188009e-07
1.775568181818182e-01,5.113636363636364e-01,-6.202974969749508e-07,-7.893731899568876e-07
1.775568181818182e-01,5.340909090909091e-01,-6.906481365933505e-07,-8.720306478156633e-07
1.775568181818182e-01,5.568181818181818e-01,-7.521704299807825e-07,-9.459242625049308e-07
1.775568181818182e-01,5.795454545454546e-01,-7.754365563673537e-07,-9.818412234596628e-07
1.775568181818182e-01,6.022727272727273e-01,-7.987026827539247e-07,-1.017758184414395e-06
1.775568181818182e-01,6.250000000000000e-01,-8.219688091404958e-07,-1.053675145369126e-06
1.775568181818182e-01,6.477272727272727e-01,-8.257825368730378e-07,-1.060279579551760e-06
1.775568181818182e-01,6.704545454545454e-01,-8.295962646055799e-07,-1.066884013734395e-06
1.775568181818182e-01,6.931818181818182e-01,-8.278392143316519e-07,-1.068146866759596e-06
1.775568181818182e-01,7.159090909090909e-01,-8.235499922366010e-07,-1.066981728349600e-06
1.775568181818182e-01,7.386363636363636e-01,-8.192607701415501e-07,-1.065816589939604e-06
1.775568181818182e-01,7.613636363636364e-01,-7.801275965146166e-07,-1.023972493405048e-06
1.775568181818182e-01,7.840909090909091e-01,-7.061504713558002e-07,-9.414494387459310e-07
1.775568181818182e-01,8.068181818181818e-01,-6.391248214230383e-07,-8.663509573319272e-07
1.775568181818182e-01,8.295454545454546e-01,-6.022222308031793e-07,-8.234256266467446e-07
1.775568181818182e-01,8.522727272727273e-01,-5.653196401833204e-07,-7.805002959615625e-07
1.775568181818182e-01,8.750000000000000e-01,-5.284170495634616e-07,-7.375749652763804e-07
1.775568181818182e-01,8.977272727272727e-01,-3.769345131141026e-07,-5.474282290528383e-07
1.775568181818182e-01,9.204545454545454e-01,-2.254519766647436e-07,-3.572814928292963e-07
1.775568181818182e-01,9.431818181818182e-01,-1.396970070780058e-07,-2.336161864781463e-07
1.775568181818182e-01,9.659090909090909e-01,-8.381820424700533e-08,-1.401697118871754e-07
1.775568181818182e-01,9.886363636363636e-01,-2.793940141600491e-08,-4.672323729620452e-08
1.917613636363636e-01,1.136363636363636e-02,6.537755374974220e-08,9.532884506140151e-08
1.917613636363636e-01,3.409090909090909e-02,1.961326612476156e-07,2.859865351813301e-07
1.917613636363636e-01,5.681818181818182e-02,3.268877687454892e-07,4.766442253012587e-07
1.917613636363636e-01,7.954545454545454e-02,4.115154130918708e-07,6.143636464218348e-07
1.917613636363636e-01,1.022727272727273e-01,4.602661416537589e-07,7.109088583206922e-07
1.917613636363636e-01,1.250000000000000e-01,5.090168702156469e-07,8.074540702195494e-07
1.917613636363636e-01,1.477272727272727e-01,4.742668917971709e-07,7.320955521321090e-07
1.917613636363636e-01,1.704545454545454e-01,4.395169133786949e-07,6.567370340446688e-07
1.917613636363636e-01,1.931818181818182e-01,4.053793287400707e-07,5.827605918265983e-07
1.917613636363636e-01,2.159090909090909e-01,3.804276507992243e-07,5.295152876490774e-07
1.917613636363636e-01,2.386363636363636e-01,3.554759728583777e-07,4.762699834715565e-07
1.917613636363636e-01,2.613636363636364e-01,2.798080573583656e-07,3.716372355755452e-07
1.917613636363636e-01,2.840909090909091e-01,1.534239042991877e-07,2.156170439610430e-07
1.917613636363636e-01,3.068181818181818e-01,2.703975124001003e-08,5.959685234654114e-08
1.917613636363636e-01,3.295454545454545e-01,-5.790700269854910e-08,-5.324012922984138e-08
1.917613636363636e-01,3.522727272727273e-01,-1.106246684321828e-07,-1.324901696654645e-07
1.917613636363636e-01,3.750000000000000e-01,-1.633423341658163e-07,-2.117402101010874e-07
1.917613636363636e-01,3.977272727272727e-01,-2.842586044436041e-07,-3.544270893608478e-07
1.917613636363636e-01,4.204545454545455e-01,-4.051748747213923e-07,-4.971139686206086e-07
1.917613636363636e-01,4.431818181818182e-01,-5.213392452347496e-07,-6.349872835527214e-07
1.917613636363636e-01,4.659090909090909e-01,-5.662251192816470e-07,-7.006571335701188e-07
1.917613636363636e-01,4.886363636363636e-01,-6.111109933285445e-07,-7.663269835875164e-07
1.917613636363636e-01,5.113636363636364e-01,-6.687292501611932e-07,-8.404906375256030e-07
1.917613636363636e-01,5.340909090909091e-01,-7.390798897795929e-07,-9.231480953843787e-07
1.917613636363636e-01,5.568181818181818e-01,-8.094305293979928e-07,-1.005805553243154e-06
1.917613636363636e-01,5.795454545454546e-01,-8.532961303234890e-07,-1.062171481593406e-06
1.917613636363636e-01,6.022727272727273e-01,-8.765622567100600e-07,-1.098088442548137e-06
1.917613636363636e-01,6.250000000000000e-01,-8.998283830966311e-07,-1.134005403502869e-06
1.917613636363636e-01,6.477272727272727e-01,-9.036421108291731e-07,-1.140609837685503e-06
1.917613636363636e-01,6.704545454545454e-01,-9.074558385617153e-07,-1.147214271868138e-06
1.917613636363636e-01,6.931818181818182e-01,-9.107631319300329e-07,-1.153333107763733e-06
1.917613636363636e-01,7.159090909090909e-01,-9.064739098349819e-07,-1.152167969353737e-06
1.917613636363636e-01,7.386363636363636e-01,-9.021846877399310e-07,-1.151002830943741e-06
1.917613636363636e-01,7.613636363636364e-01,-8.630515141129975e-07,-1.109158734409185e-06
1.917613636363636e-01,7.840909090909091e-01,-7.890743889541812e-07,-1.026635679750068e-06
1.917613636363636e-01,8.068181818181818e-01,-7.150972637953649e-07,-9.441126250909514e-07
1.917613636363636e-01,8.295454545454546e-01,-6.619745643147117e-07,-8.838632901671725e-07
1.917613636363636e-01,8.522727272727273e-01,-6.250719736948529e-07,-8.409379594819904e-07
1.917613636363636e-01,8.750000000000000e-01,-5.881693830749941e-07,-7.980126287968081e-07
1.917613636363636e-01,8.977272727272727e-01,-4.366868466256351e-07,-6.078658925732662e-07
1.917613636363636e-01,9.204545454545454e-01,-2.852043101762761e-07,-4.177191563497241e-07
1.917613636363636e-01,9.431818181818182e-01,-1.396970070780640e-07,-2.336161864782172e-07
1.917613636363636e-01,9.659090909090909e-01,-8.381820424706360e-08,-1.401697118872463e-07
1.917613636363636e-01,9.886363636363636e-01,-2.793940141606318e-08,-4.672323729627536e-08
2.059659090909091e-01,1.136363636363636e-02,6.537755374979902e-08,9.532884506149259e-08
2.059659090909091e-01,3.409090909090909e-02,1.961326612476725e-07,2.859865351814211e-07
2.059659090909091e-01,5.681818181818182e-02,3.268877687455461e-07,4.766442253013498e-07
2.059659090909091e-01,7.954545454545454e-02,4.576428762434194e-07,6.673019154212784e-07
2.059659090909091e-01,1.022727272727273e-01,5.115188784888066e-07,7.697291572089527e-07
2.059659090909091e-01,1.250000000000000e-01,5.602696070506946e-07,8.662743691078099e-07
2.059659090909091e-01,1.477272727272727e-01,5.255196286322185e-07,7.909158510203695e-07
2.059659090909091e-01,1.704545454545454e-01,4.907696502137427e-07,7.155573329329293e-07
2.059659090909091e-01,1.931818181818182e-01,4.560196717952667e-07,6.401988148454890e-07
2.059659090909091e-01,2.159090909090909e-01,4.255564498357536e-07,5.745148278436383e-07
2.059659090909091e-01,2.386363636363636e-01,4.006047718949071e-07,5.212695236661174e-07
2.059659090909091e-01,2.613636363636364e-01,3.249368563948949e-07,4.166367757701061e-07
2.059659090909091e-01,2.840909090909091e-01,1.985527033357170e-07,2.606165841556039e-07
2.059659090909091e-01,3.068181818181818e-01,7.216855027653935e-08,1.045963925411020e-07
2.059659090909091e-01,3.295454545454545e-01,-5.421560278263831e-08,-5.142379907339982e-08
2.059659090909091e-01,3.522727272727273e-01,-1.115374239741185e-07,-1.354719739577029e-07
2.059659090909091e-01,3.750000000000000e-01,-1.642550897077521e-07,-2.147220143933258e-07
2.059659090909091e-01,3.977272727272727e-01,-2.851713599855399e-07,-3.574088936530863e-07
2.059659090909091e-01,4.204545454545455e-01,-4.060876302633281e-07,-5.000957729128470e-07
2.059659090909091e-01,4.431818181818182e-01,-5.270039005411159e-07,-6.427826521726075e-07
2.059659090909091e-01,4.659090909090909e-01,-6.146568724678892e-07,-7.517745811388341e-07
2.059659090909091e-01,4.886363636363636e-01,-6.595427465147868e-07,-8.174444311562317e-07
2.059659090909091e-01,5.113636363636364e-01,-7.171610033474353e-07,-8.916080850943182e-07
2.059659090909091e-01,5.340909090909091e-01,-7.875116429658352e-07,-9.742655429530940e-07
2.059659090909091e-01,5.568181818181818e-01,-8.578622825842350e-07,-1.056923000811870e-06
2.059659090909091e-01,5.795454545454546e-01,-9.282129222026350e-07,-1.139580458670646e-06
2.059659090909091e-01,6.022727272727273e-01,-9.544218306661953e-07,-1.178418700681880e-06
2.059659090909091e-01,6.250000000000000e-01,-9.776879570527664e-07,-1.214335661636612e-06
2.059659090909091e-01,6.477272727272727e-01,-9.815016847853084e-07,-1.220940095819246e-06
2.059659090909091e-01,6.704545454545454e-01,-9.853154125178504e-07,-1.227544530001881e-06
2.059659090909091e-01,6.931818181818182e-01,-9.891291402503925e-07,-1.234148964184515e-06
2.059659090909091e-01,7.159090909090909e-01,-9.893978274333627e-07,-1.237354210357874e-06
2.059659090909091e-01,7.386363636363636e-01,-9.851086053383118e-07,-1.236189071947878e-06
2.059659090909091e-01,7.613636363636364e-01,-9.459754317113783e-07,-1.194344975413321e-06
2.059659090909091e-01,7.840909090909091e-01,-8.719983065525619e-07,-1.111821920754205e-06
2.059659090909091e-01,8.068181818181818e-01,-7.980211813937456e-07,-1.029298866095088e-06
2.059659090909091e-01,8.295454545454546e-01,-7.240440562349288e-07,-9.467758114359711e-07
2.059659090909091e-01,8.522727272727273e-01,-6.848243072063853e-07,-9.013756230024181e-07
2.059659090909091e-01,8.750000000000000e-01,-6.479217165865263e-07,-8.584502923172359e-07
2.059659090909091e-01,8.977272727272727e-01,-4.964391801371674e-07,-6.683035560936939e-07
2.059659090909091e-01,9.204545454545454e-01,-3.449566436878085e-07,-4.781568198701521e-07
2.059659090909091e-01,9.431818181818182e-01,-1.934741072384488e-07,-2.880100836466091e-07
2.059659090909091e-01,9.659090909090909e-01,-8.381820424712188e-08,-1.401697118873171e-07
2.059659090909091e-01,9.886363636363636e-01,-2.793940141612146e-08,-4.672323729634622e-08
2.201704545454546e-01,1.136363636363636e-02,6.537755374985585e-08,9.532884506158368e-08
2.201704545454546e-01,3.409090909090909e-02,1.961326612477293e-07,2.859865351815122e-07
2.201704545454546e-01,5.681818181818182e-02,3.268877687456029e-07,4.766442253014409e-07
2.201704545454546e-01,7.954545454545454e-02,4.576428762434763e-07,6.673019154213695e-07
2.201704545454546e-01,1.022727272727273e-01,5.627716153238544e-07,8.285494560972134e-07
2.201704545454546e-01,1.250000000000000e-01,6.115223438857424e-07,9.250946679960706e-07
2.201704545454546e-01,1.477272727272727e-01,5.767723654672664e-07,8.497361499086302e-07
2.201704545454546e-01,1.704545454545454e-01,5.420223870487904e-07,7.743776318211900e-07
2.201704545454546e-01,1.931818181818182e-01,5.072724086303146e-07,6.990191137337497e-07
2.201704545454546e-01,2.159090909090909e-01,4.725224302118385e-07,6.236605956463092e-07
2.201704545454546e-01,2.386363636363636e-01,4.457335709314364e-07,5.662690638606784e-07
2.201704545454546e-01,2.613636363636364e-01,3.700656554314244e-07,4.616363159646671e-07
2.201704545454546e-01,2.840909090909091e-01,2.436815023722464e-07,3.056161243501649e-07
2.201704545454546e-01,3.068181818181818e-01,1.172973493130687e-07,1.495959327356630e-07
2.201704545454546e-01,3.295454545454545e-01,-9.086803746108913e-09,-6.424258878838811e-09
2.201704545454546e-01,3.522727272727273e-01,-1.124501795160543e-07,-1.384537782499413e-07
2.201704545454546e-01,3.750000000000000e-01,-1.651678452496879e-07,-2.177038186855643e-07
2.201704545454546e-01,3.977272727272727e-01,-2.860841155274757e-07,-3.603906979453247e-07
2.201704545454546e-01,4.204545454545455e-01,-4.070003858052638e-07,-5.030775772050855e-07
2.201704545454546e-01,4.431818181818182e-01,-5.279166560830517e-07,-6.457644564648459e-07
2.201704545454546e-01,4.659090909090909e-01,-6.488329263608396e-07,-7.884513357246063e-07
2.201704545454546e-01,4.886363636363636e-01,-7.079744997010292e-07,-8.685618787249472e-07
2.201704545454546e-01,5.113636363636364e-01,-7.655927565336779e-07,-9.427255326630337e-07
2.201704545454546e-01,5.340909090909091e-01,-8.359433961520776e-07,-1.025382990521809e-06
2.201704545454546e-01,5.568181818181818e-01,-9.062940357704772e-07,-1.108040448380585e-06
2.201704545454546e-01,5.795454545454546e-01,-9.766446753888773e-07,-1.190697906239361e-06
2.201704545454546e-01,6.022727272727273e-01,-1.032281404622330e-06,-1.258748958815624e-06
2.201704545454546e-01,6.250000000000000e-01,-1.055547531008902e-06,-1.294665919770355e-06
2.201704545454546e-01,6.477272727272727e-01,-1.059361258741444e-06,-1.301270353952990e-06
2.201704545454546e-01,6.704545454545454e-01,-1.063174986473986e-06,-1.307874788135624e-06
2.201704545454546e-01,6.931818181818182e-01,-1.066988714206528e-06,-1.314479222318258e-06
2.201704545454546e-01,7.159090909090909e-01,-1.070802441939070e-06,-1.321083656500892e-06
2.201704545454546e-01,7.386363636363636e-01,-1.068032522936693e-06,-1.321375312952015e-06
2.201704545454546e-01,7.613636363636364e-01,-1.028899349309759e-06,-1.279531216417458e-06
2.201704545454546e-01,7.840909090909091e-01,-9.549222241509429e-07,-1.197008161758342e-06
2.201704545454546e-01,8.068181818181818e-01,-8.809450989921265e-07,-1.114485107099225e-06
2.201704545454546e-01,8.295454545454546e-01,-8.069679738333098e-07,-1.031962052440108e-06
2.201704545454546e-01,8.522727272727273e-01,-7.445766407179178e-07,-9.618132865228461e-07
2.201704545454546e-01,8.750000000000000e-01,-7.076740500980589e-07,-9.188879558376638e-07
2.201704545454546e-01,8.977272727272727e-01,-5.561915136487000e-07,-7.287412196141218e-07
2.201704545454546e-01,9.204545454545454e-01,-4.047089771993410e-07,-5.385944833905799e-07
2.201704545454546e-01,9.431818181818182e-01,-2.532264407499813e-07,-3.484477471670370e-07
2.201704545454546e-01,9.659090909090909e-01,-1.017439043006223e-07,-1.583010109434950e-07
2.201704545454546e-01,9.886363636363636e-01,-2.793940141617973e-08,-4.672323729641706e-08
2.343750000000000e-01,1.136363636363636e-02,6.537755374991268e-08,9.532884506167476e-08
2.343750000000000e-01,3.409090909090909e-02,1.961326612477861e-07,2.859865351816033e-07
2.343750000000000e-01,5.681818181818182e-02,3.268877687456597e-07,4.766442253015320e-07
2.343750000000000e-01,7.954545454545454e-02,4.576428762435331e-07,6.673019154214605e-07
2.343750000000000e-01,1.022727272727273e-01,5.883979837414067e-07,8.579596055413891e-07
2.343750000000000e-01,1.250000000000000e-01,6.627750807207900e-07,9.839149668843313e-07
2.343750000000000e-01,1.477272727272727e-01,6.280251023023141e-07,9.085564487968909e-07
2.343750000000000e-01,1.704545454545454e-01,5.932751238838382e-07,8.331979307094507e-07
2.343750000000000e-01,1.931818181818182e-01,5.585251454653622e-07,7.578394126220102e-07
2.343750000000000e-01,2.159090909090909e-01,5.237751670468862e-07,6.824808945345699e-07
2.343750000000000e-01,2.386363636363636e-01,4.908623699679658e-07,6.112686040552393e-07
2.343750000000000e-01,2.613636363636364e-01,4.151944544679537e-07,5.066358561592281e-07
2.343750000000000e-01,2.840909090909091e-01,2.888103014087757e-07,3.506156645447258e-07
2.343750000000000e-01,3.068181818181818e-01,1.624261483495980e-07,1.945954729302239e-07
2.343750000000000e-01,3.295454545454545e-01,3.604199529042038e-08,3.857528131572208e-08
2.343750000000000e-01,3.522727272727273e-01,-9.034215776875756e-08,-1.174449102987802e-07
2.343750000000000e-01,3.750000000000000e-01,-1.660806007916236e-07,-2.206856229778027e-07
2.343750000000000e-01,3.977272727272727e-01,-2.869968710694114e-07,-3.633725022375631e-07
2.343750000000000e-01,4.204545454545455e-01,-4.079131413471996e-07,-5.060593814973239e-07
2.343750000000000e-01,4.431818181818182e-01,-5.288294116249875e-07,-6.487462607570843e-07
2.343750000000000e-01,4.659090909090909e-01,-6.497456819027753e-07,-7.914331400168447e-07
2.343750000000000e-01,4.886363636363636e-01,-7.564062528872715e-07,-9.196793262936624e-07
2.343750000000000e-01,5.113636363636364e-01,-8.140245097199200e-07,-9.938429802317488e-07
2.343750000000000e-01,5.340909090909091e-01,-8.843751493383199e-07,-1.076500438090525e-06
2.343750000000000e-01,5.568181818181818e-01,-9.547257889567196e-07,-1.159157895949300e-06
2.343750000000000e-01,5.795454545454546e-01,-1.025076428575120e-06,-1.241815353808077e-06
2.343750000000000e-01,6.022727272727273e-01,-1.095427068193519e-06,-1.324472811666852e-06
2.343750000000000e-01,6.250000000000000e-01,-1.133407104965037e-06,-1.374996177904098e-06
2.343750000000000e-01,6.477272727272727e-01,-1.137220832697579e-06,-1.381600612086733e-06
2.343750000000000e-01,6.704545454545454e-01,-1.141034560430121e-06,-1.388205046269367e-06
2.343750000000000e-01,6.931818181818182e-01,-1.144848288162663e-06,-1.394809480452001e-06
2.343750000000000e-01,7.159090909090909e-01,-1.148662015895205e-06,-1.401413914634635e-06
2.343750000000000e-01,7.386363636363636e-01,-1.150956440535073e-06,-1.406561553956152e-06
2.343750000000000e-01,7.613636363636364e-01,-1.111823266908140e-06,-1.364717457421595e-06
2.343750000000000e-01,7.840909090909091e-01,-1.037846141749324e-06,-1.282194402762478e-06
2.343750000000000e-01,8.068181818181818e-01,-9.638690165905074e-07,-1.199671348103362e-06
2.343750000000000e-01,8.295454545454546e-01,-8.898918914316906e-07,-1.117148293444245e-06
2.343750000000000e-01,8.522727272727273e-01,-8.159147662728743e-07,-1.034625238785128e-06
2.343750000000000e-01,8.750000000000000e-01,-7.674263836095913e-07,-9.793256193580916e-07
2.343750000000000e-01,8.977272727272727e-01,-6.159438471602323e-07,-7.891788831345496e-07
2.343750000000000e-01,9.204545454545454e-01,-4.644613107108733e-07,-5.990321469110077e-07
2.343750000000000e-01,9.431818181818182e-01,-3.129787742615136e-07,-4.088854106874647e-07
2.343750000000000e-01,9.659090909090909e-01,-1.614962378121547e-07,-2.187386744639227e-07
2.343750000000000e-01,9.886363636363636e-01,-2.793940141623801e-08,-4.672323729648791e-08
2.485795454545454e-01,1.136363636363636e-02,6.537755374996951e-08,9.532884506176585e-08
2.485795454545454e-01,3.409090909090909e-02,1.961326612478430e-07,2.859865351816944e-07
2.485795454545454e-01,5.681818181818182e-02,3.268877687457165e-07,4.766442253016230e-07
2.485795454545454e-01,7.954545454545454e-02,4.576428762435899e-07,6.673019154215516e-07
2.485795454545454e-01,1.022727272727273e-01,5.883979837414636e-07,8.579596055414802e-07
2.485795454545454e-01,1.250000000000000e-01,7.140278175558378e-07,1.042735265772592e-06
2.485795454545454e-01,1.477272727272727e-01,6.792778391373618e-07,9.673767476851515e-07
2.485795454545454e-01,1.704545454545454e-01,6.445278607188859e-07,8.920182295977112e-07
2.485795454545454e-01,1.931818181818182e-01,6.097778823004099e-07,8.166597115102707e-07
2.485795454545454e-01,2.159090909090909e-01,5.750279038819339e-07,7.413011934228304e-07
2.485795454545454e-01,2.386363636363636e-01,5.402779254634579e-07,6.659426753353900e-07
2.485795454545454e-01,2.613636363636364e-01,4.603232535044830e-07,5.516353963537889e-07
2.485795454545454e-01,2.840909090909091e-01,3.339391004453050e-07,3.956152047392867e-07
2.485795454545454e-01,3.068181818181818e-01,2.075549473861274e-07,2.395950131247848e-07
2.485795454545454e-01,3.295454545454545e-01,8.117079432694970e-08,8.357482151028297e-08
2.485795454545454e-01,3.522727272727273e-01,-4.521335873222826e-08,-7.244537010421925e-08
2.485795454545454e-01,3.750000000000000e-01,-1.669933563335594e-07,-2.236674272700411e-07
2.485795454545454e-01,3.977272727272727e-01,-2.879096266113472e-07,-3.663543065298016e-07
2.485795454545454e-01,4.204545454545455e-01,-4.088258968891354e-07,-5.090411857895623e-07
2.485795454545454e-01,4.431818181818182e-01,-5.297421671669233e-07,-6.517280650493227e-07
2.485795454545454e-01,4.659090909090909e-01,-6.506584374447111e-07,-7.944149443090831e-07
2.485795454545454e-01,4.886363636363636e-01,-7.715747077224993e-07,-9.371018235688440e-07
2.485795454545454e-01,5.113636363636364e-01,-8.624562629061624e-07,-1.044960427800464e-06
2.485795454545454e-01,5.340909090909091e-01,-9.328069025245620e-07,-1.127617885659240e-06
2.485795454545454e-01,5.568181818181818e-01,-1.003157542142962e-06,-1.210275343518016e-06
2.485795454545454e-01,5.795454545454546e-01,-1.073508181761362e-06,-1.292932801376792e-06
2.485795454545454e-01,6.022727272727273e-01,-1.143858821379761e-06,-1.375590259235568e-06
2.485795454545454e-01,6.250000000000000e-01,-1.211266678921172e-06,-1.455326436037841e-06
2.485795454545454e-01,6.477272727272727e-01,-1.215080406653714e-06,-1.461930870220475e-06
2.485795454545454e-01,6.704545454545454e-01,-1.218894134386256e-06,-1.468535304403109e-06
2.485795454545454e-01,6.931818181818182e-01,-1.222707862118798e-06,-1.475139738585744e-06
2.485795454545454e-01,7.159090909090909e-01,-1.226521589851340e-06,-1.481744172768378e-06
2.485795454545454e-01,7.386363636363636e-01,-1.230335317583882e-06,-1.488348606951013e-06
2.485795454545454e-01,7.613636363636364e-01,-1.194747184506521e-06,-1.449903698425732e-06
2.485795454545454e-01,7.840909090909091e-01,-1.120770059347704e-06,-1.367380643766615e-06
2.485795454545454e-01,8.068181818181818e-01,-1.046792934188888e-06,-1.284857589107499e-06
2.485795454545454e-01,8.295454545454546e-01,-9.728158090300712e-07,-1.202334534448382e-06
2.485795454545454e-01,8.522727272727273e-01,-8.988386838712551e-07,-1.119811479789265e-06
2.485795454545454e-01,8.750000000000000e-01,-8.271787171211237e-07,-1.039763282878519e-06
2.485795454545454e-01,8.977272727272727e-01,-6.756961806717646e-07,-8.496165466549774e-07
2.485795454545454e-01,9.204545454545454e-01,-5.242136442224057e-07,-6.594698104314355e-07
2.485795454545454e-01,9.431818181818182e-01,-3.727311077730460e-07,-4.693230742078925e-07
2.485795454545454e-01,9.659090909090909e-01,-2.212485713236871e-07,-2.791763379843505e-07
2.485795454545454e-01,9.886363636363636e-01,-6.976603487432809e-08,-8.902960176080855e-08
2.627840909090909e-01,1.136363636363636e-02,1.104211094933974e-07,1.562556154567766e-07
2.627840909090909e-01,3.409090909090909e-02,2.468066614591907e-07,3.545291518760683e-07
2.627840909090909e-01,5.681818181818182e-02,3.775617689570642e-07,5.451868419959969e-07
2.627840909090909e-01,7.954545454545454e-02,5.083168764549377e-07,7.358445321159255e-07
2.627840909090909e-01,1.022727272727273e-01,6.390719839528112e-07,9.265022222358542e-07
2.627840909090909e-01,1.250000000000000e-01,7.698270914506847e-07,1.117159912355783e-06
2.627840909090909e-01,1.477272727272727e-01,7.397943057060459e-07,1.032922431442117e-06
2.627840909090909e-01,1.704545454545454e-01,7.050443272875699e-07,9.575639133546766e-07
2.627840909090909e-01,1.931818181818182e-01,6.702943488690939e-07,8.822053952672361e-07
2.627840909090909e-01,2.159090909090909e-01,6.355443704506179e-07,8.068468771797958e-07
2.627840909090909e-01,2.386363636363636e-01,6.007943920321420e-07,7.314883590923553e-07
2.627840909090909e-01,2.613636363636364e-01,4.861932036683487e-07,5.736870199985326e-07
2.627840909090909e-01,2.840909090909091e-01,3.555547852810499e-07,4.124028303536739e-07
2.627840909090909e-01,3.068181818181818e-01,2.291706322218723e-07,2.563826387391720e-07
2.627840909090909e-01,3.295454545454545e-01,1.027864791626946e-07,1.003624471246702e-07
2.627840909090909e-01,3.522727272727273e-01,-2.359767389648334e-08,-5.565774448983201e-08
2.627840909090909e-01,3.750000000000000e-01,-1.499818269556610e-07,-2.116779361043339e-07
2.627840909090909e-01,3.977272727272727e-01,-3.237105139463034e-07,-4.099178289815578e-07
2.627840909090909e-01,4.204545454545455e-01,-4.446267842240916e-07,-5.526047082413186e-07
2.627840909090909e-01,4.431818181818182e-01,-5.655430545018794e-07,-6.952915875010791e-07
2.627840909090909e-01,4.659090909090909e-01,-6.864593247796673e-07,-8.379784667608395e-07
2.627840909090909e-01,4.886363636363636e-01,-8.073755950574555e-07,-9.806653460206003e-07
2.627840909090909e-01,5.113636363636364e-01,-9.332449595637921e-07,-1.125993217482123e-06
2.627840909090909e-01,5.340909090909091e-01,-1.007375087876972e-06,-1.212732638203680e-06
2.627840909090909e-01,5.568181818181818e-01,-1.077725727495372e-06,-1.295390096062456e-06
2.627840909090909e-01,5.795454545454546e-01,-1.148076367113772e-06,-1.378047553921232e-06
2.627840909090909e-01,6.022727272727273e-01,-1.218427006732172e-06,-1.460705011780008e-06
2.627840909090909e-01,6.250000000000000e-01,-1.288777646350572e-06,-1.543362469638784e-06
2.627840909090909e-01,6.477272727272727e-01,-1.300178402424239e-06,-1.555105620540085e-06
2.627840909090909e-01,6.704545454545454e-01,-1.303992130156781e-06,-1.561710054722719e-06
2.627840909090909e-01,6.931818181818182e-01,-1.307805857889324e-06,-1.568314488905354e-06
2.627840909090909e-01,7.159090909090909e-01,-1.311619585621865e-06,-1.574918923087988e-06
2.627840909090909e-01,7.386363636363636e-01,-1.315433313354408e-06,-1.581523357270623e-06
2.627840909090909e-01,7.613636363636364e-01,-1.262366984369505e-06,-1.523954242103484e-06
2.627840909090909e-01,7.840909090909091e-01,-1.186141780426719e-06,-1.438979961828255e-06
2.627840909090909e-01,8.068181818181818e-01,-1.112164655267902e-06,-1.356456907169139e-06
2.627840909090909e-01,8.295454545454546e-01,-1.038187530109086e-06,-1.273933852510022e-06
2.627840909090909e-01,8.522727272727273e-01,-9.642104049502692e-07,-1.191410797850905e-06
2.627840909090909e-01,8.750000000000000e-01,-8.902332797914530e-07,-1.108887743191789e-06
2.627840909090909e-01,8.977272727272727e-01,-6.816714140229831e-07,-8.556603130070944e-07
2.627840909090909e-01,9.204545454545454e-01,-5.301888775736241e-07,-6.655135767835523e-07
2.627840909090909e-01,9.431818181818182e-01,-3.787063411242644e-07,-4.753668405600093e-07
2.627840909090909e-01,9.659090909090909e-01,-2.272238046749055e-07,-2.852201043364674e-07
2.627840909090909e-01,9.886363636363636e-01,-7.574126822554655e-08,-9.507336811292543e-08
2.769886363636364e-01,1.136363636363636e-02,1.104211094934670e-07,1.562556154568823e-07
2.769886363636364e-01,3.409090909090909e-02,3.031111061384599e-07,4.306876148698073e-07
2.769886363636364e-01,5.681818181818182e-02,4.338662136363334e-07,6.213453049897359e-07
2.769886363636364e-01,7.954545454545454e-02,5.646213211342069e-07,8.120029951096645e-07
2.769886363636364e-01,1.022727272727273e-01,6.953764286320803e-07,1.002660685229593e-06
2.769886363636364e-01,1.250000000000000e-01,8.261315361299539e-07,1.193318375349522e-06
2.769886363636364e-01,1.477272727272727e-01,7.997676780205217e-07,1.102175034459903e-06
2.769886363636364e-01,1.704545454545454e-01,7.665900971599915e-07,1.023856862097054e-06
2.769886363636364e-01,1.931818181818182e-01,7.318401187415155e-07,9.484983440096133e-07
2.769886363636364e-01,2.159090909090909e-01,6.970901403230395e-07,8.731398259221730e-07
2.769886363636364e-01,2.386363636363636e-01,6.623401619045635e-07,7.977813078347326e-07
2.769886363636364e-01,2.613636363636364e-01,5.477389735407703e-07,6.399799687409098e-07
2.769886363636364e-01,2.840909090909091e-01,3.745579018722633e-07,4.260557987924862e-07
2.769886363636364e-01,3.068181818181818e-01,2.481737488130856e-07,2.700356071779844e-07
2.769886363636364e-01,3.295454545454545e-01,1.217895957539080e-07,1.140154155634826e-07
2.769886363636364e-01,3.522727272727273e-01,-4.594557305270003e-09,-4.200477605101967e-08
2.769886363636364e-01,3.750000000000000e-01,-1.309787103644477e-07,-1.980249676655215e-07
2.769886363636364e-01,3.977272727272727e-01,-3.457837214650882e-07,-4.394727600229950e-07
2.769886363636364e-01,4.204545454545455e-01,-4.843041306471612e-07,-6.006773104885770e-07
2.769886363636364e-01,4.431818181818182e-01,-6.052204009249492e-07,-7.433641897483375e-07
2.769886363636364e-01,4.659090909090909e-01,-7.261366712027370e-07,-8.860510690080978e-07
2.769886363636364e-01,4.886363636363636e-01,-8.470529414805252e-07,-1.028737948267859e-06
2.769886363636364e-01,5.113636363636364e-01,-9.729223059868617e-07,-1.174065819729381e-06
2.769886363636364e-01,5.340909090909091e-01,-1.084847321247845e-06,-1.301624869078757e-06
2.769886363636364e-01,5.568181818181818e-01,-1.155197960866245e-06,-1.384282326937532e-06
2.769886363636364e-01,5.795454545454546e-01,-1.225548600484645e-06,-1.466939784796309e-06
2.769886363636364e-01,6.022727272727273e-01,-1.295899240103045e-06,-1.549597242655084e-06
2.769886363636364e-01,6.250000000000000e-01,-1.366249879721445e-06,-1.632254700513860e-06
2.769886363636364e-01,6.477272727272727e-01,-1.383551657838211e-06,-1.647994631085236e-06
2.769886363636364e-01,6.704545454545454e-01,-1.389894395017795e-06,-1.656311970840759e-06
2.769886363636364e-01,6.931818181818182e-01,-1.393708122750337e-06,-1.662916405023394e-06
2.769886363636364e-01,7.159090909090909e-01,-1.397521850482879e-06,-1.669520839206028e-06
2.769886363636364e-01,7.386363636363636e-01,-1.401335578215421e-06,-1.676125273388662e-06
2.769886363636364e-01,7.613636363636364e-01,-1.348269249230519e-06,-1.618556158221524e-06
2.769886363636364e-01,7.840909090909091e-01,-1.249563257448025e-06,-1.509069621785174e-06
2.769886363636364e-01,8.068181818181818e-01,-1.175586132289209e-06,-1.426546567126057e-06
2.769886363636364e-01,8.295454545454546e-01,-1.101609007130393e-06,-1.344023512466940e-06
2.769886363636364e-01,8.522727272727273e-01,-1.027631881971576e-06,-1.261500457807824e-06
2.769886363636364e-01,8.750000000000000e-01,-9.536547568127598e-07,-1.178977403148707e-06
2.769886363636364e-01,8.977272727272727e-01,-7.006978571294259e-07,-8.766872109942275e-07
2.769886363636364e-01,9.204545454545454e-01,-5.301888775736966e-07,-6.655135767836346e-07
2.769886363636364e-01,9.431818181818182e-01,-3.787063411243369e-07,-4.753668405600916e-07
2.769886363636364e-01,9.659090909090909e-01,-2.272238046749780e-07,-2.852201043365497e-07
2.769886363636364e-01,9.886363636363636e-01,-7.574126822561896e-08,-9.507336811300773e-08
2.911931818181818e-01,1.136363636363636e-02,1.104211094935366e-07,1.562556154569880e-07
2.911931818181818e-01,3.409090909090909e-02,3.312633284781293e-07,4.687668463667296e-07
2.911931818181818e-01,5.681818181818182e-02,4.901706583156025e-07,6.975037679834748e-07
2.911931818181818e-01,7.954545454545454e-02,6.209257658134761e-07,8.881614581034033e-07
2.911931818181818e-01,1.022727272727273e-01,7.516808733113495e-07,1.078819148223332e-06
2.911931818181818e-01,1.250000000000000e-01,8.824359808092231e-07,1.269476838343260e-06
2.911931818181818e-01,1.477272727272727e-01,8.560721226997909e-07,1.178333497453641e-06
2.911931818181818e-01,1.704545454545454e-01,8.281358670324130e-07,1.090149810839431e-06
2.911931818181818e-01,1.931818181818182e-01,7.933858886139370e-07,1.014791292751991e-06
2.911931818181818e-01,2.159090909090909e-01,7.586359101954611e-07,9.394327746645502e-07
2.911931818181818e-01,2.386363636363636e-01,7.238859317769851e-07,8.640742565771097e-07
2.911931818181818e-01,2.613636363636364e-01,6.092847434131918e-07,7.062729174832870e-07
2.911931818181818e-01,2.840909090909091e-01,4.148323451040806e-07,4.660287573830809e-07
2.911931818181818e-01,3.068181818181818e-01,2.671768654042989e-07,2.836885756167968e-07
2.911931818181818e-01,3.295454545454545e-01,1.407927123451213e-07,1.276683840022949e-07
2.911931818181818e-01,3.522727272727273e-01,1.440855928594334e-08,-2.835180761220729e-08
2.911931818181818e-01,3.750000000000000e-01,-1.119755937732343e-07,-1.843719992267091e-07
2.911931818181818e-01,3.977272727272727e-01,-3.267806048738748e-07,-4.258197915841827e-07
2.911931818181818e-01,4.204545454545455e-01,-5.239814770702309e-07,-6.487499127358354e-07
2.911931818181818e-01,4.431818181818182e-01,-6.448977473480189e-07,-7.914367919955959e-07
2.911931818181818e-01,4.659090909090909e-01,-7.658140176258066e-07,-9.341236712553564e-07
2.911931818181818e-01,4.886363636363636e-01,-8.867302879035948e-07,-1.076810550515117e-06
2.911931818181818e-01,5.113636363636364e-01,-1.012599652409932e-06,-1.222138421976640e-06
2.911931818181818e-01,5.340909090909091e-01,-1.143422111144817e-06,-1.370107285639924e-06
2.911931818181818e-01,5.568181818181818e-01,-1.232670194237118e-06,-1.473174557812609e-06
2.911931818181818e-01,5.795454545454546e-01,-1.303020833855519e-06,-1.555832015671385e-06
2.911931818181818e-01,6.022727272727273e-01,-1.373371473473918e-06,-1.638489473530161e-06
2.911931818181818e-01,6.250000000000000e-01,-1.443722113092318e-06,-1.721146931388937e-06
2.911931818181818e-01,6.477272727272727e-01,-1.461023891209084e-06,-1.736886861960313e-06
2.911931818181818e-01,6.704545454545454e-01,-1.475796659878808e-06,-1.750913886958799e-06
2.911931818181818e-01,6.931818181818182e-01,-1.479610387611350e-06,-1.757518321141434e-06
2.911931818181818e-01,7.159090909090909e-01,-1.483424115343892e-06,-1.764122755324068e-06
2.911931818181818e-01,7.386363636363636e-01,-1.487237843076434e-06,-1.770727189506702e-06
2.911931818181818e-01,7.613636363636364e-01,-1.434171514091532e-06,-1.713158074339564e-06
2.911931818181818e-01,7.840909090909091e-01,-1.324225128389185e-06,-1.591415409822653e-06
2.911931818181818e-01,8.068181818181818e-01,-1.239007609310516e-06,-1.496636227082976e-06
2.911931818181818e-01,8.295454545454546e-01,-1.165030484151699e-06,-1.414113172423859e-06
2.911931818181818e-01,8.522727272727273e-01,-1.091053358992883e-06,-1.331590117764742e-06
2.911931818181818e-01,8.750000000000000e-01,-1.017076233834067e-06,-1.249067063105626e-06
2.911931818181818e-01,8.977272727272727e-01,-7.641193341507329e-07,-9.467768709511459e-07
2.911931818181818e-01,9.204545454545454e-01,-5.301888775737689e-07,-6.655135767837168e-07
2.911931818181818e-01,9.431818181818182e-01,-3.787063411244092e-07,-4.753668405601739e-07
2.911931818181818e-01,9.659090909090909e-01,-2.272238046750503e-07,-2.852201043366320e-07
2.911931818181818e-01,9.886363636363636e-01,-7.574126822569137e-08,-9.507336811308999e-08
3.053977272727273e-01,1.136363636363636e-02,1.104211094936062e-07,1.562556154570938e-07
3.053977272727273e-01,3.409090909090909e-02,3.312633284781988e-07,4.687668463668353e-07
3.053977272727273e-01,5.681818181818182e-02,5.464751029948718e-07,7.736622309772138e-07
3.053977272727273e-01,7.954545454545454e-02,6.772302104927452e-07,9.643199210971424e-07
3.053977272727273e-01,1.022727272727273e-01,8.079853179906187e-07,1.154977611217071e-06
3.053977272727273e-01,1.250000000000000e-01,9.387404254884922e-07,1.345635301337000e-06
3.053977272727273e-01,1.477272727272727e-01,9.123765673790599e-07,1.254491960447380e-06
3.053977272727273e-01,1.704545454545454e-01,8.860127092696279e-07,1.163348619557761e-06
3.053977272727273e-01,1.931818181818182e-01,8.549316584863586e-07,1.081084241494368e-06
3.053977272727273e-01,2.159090909090909e-01,8.201816800678826e-07,1.005725723406927e-06
3.053977272727273e-01,2.386363636363636e-01,7.854317016494067e-07,9.303672053194870e-07
3.053977272727273e-01,2.613636363636364e-01,6.708305132856133e-07,7.725658662256641e-07
3.053977272727273e-01,2.840909090909091e-01,4.763781149765022e-07,5.323217061254581e-07
3.053977272727273e-01,3.068181818181818e-01,2.861799819955123e-07,2.973415440556091e-07
3.053977272727273e-01,3.295454545454545e-01,1.597958289363346e-07,1.413213524411073e-07
3.053977272727273e-01,3.522727272727273e-01,3.341167587715668e-08,-1.469883917339494e-08
3.053977272727273e-01,3.750000000000000e-01,-9.297247718202096e-08,-1.707190307878968e-07
3.053977272727273e-01,3.977272727272727e-01,-3.077774882826615e-07,-4.121668231453703e-07
3.053977272727273e-01,4.204545454545455e-01,-5.225824993833025e-07,-6.536146155028443e-07
3.053977272727273e-01,4.431818181818182e-01,-6.845750937710885e-07,-8.395093942428544e-07
3.053977272727273e-01,4.659090909090909e-01,-8.054913640488764e-07,-9.821962735026148e-07
3.053977272727273e-01,4.886363636363636e-01,-9.264076343266646e-07,-1.124883152762375e-06
3.053977272727273e-01,5.113636363636364e-01,-1.052276998833001e-06,-1.270211024223898e-06
3.053977272727273e-01,5.340909090909091e-01,-1.183099457567887e-06,-1.418179887887182e-06
3.053977272727273e-01,5.568181818181818e-01,-1.310142427607992e-06,-1.562066788687685e-06
3.053977272727273e-01,5.795454545454546e-01,-1.380493067226392e-06,-1.644724246546461e-06
3.053977272727273e-01,6.022727272727273e-01,-1.450843706844792e-06,-1.727381704405237e-06
3.053977272727273e-01,6.250000000000000e-01,-1.521194346463191e-06,-1.810039162264013e-06
3.053977272727273e-01,6.477272727272727e-01,-1.538496124579957e-06,-1.825779092835389e-06
3.053977272727273e-01,6.704545454545454e-01,-1.555797902696723e-06,-1.841519023406765e-06
3.053977272727273e-01,6.931818181818182e-01,-1.565512652472363e-06,-1.852120237259474e-06
3.053977272727273e-01,7.159090909090909e-01,-1.569326380204905e-06,-1.858724671442108e-06
3.053977272727273e-01,7.386363636363636e-01,-1.573140107937447e-06,-1.865329105624742e-06
3.053977272727273e-01,7.613636363636364e-01,-1.520073778952545e-06,-1.807759990457604e-06
3.053977272727273e-01,7.840909090909091e-01,-1.410127393250199e-06,-1.686017325940693e-06
3.053977272727273e-01,8.068181818181818e-01,-1.302429086331823e-06,-1.566725887039894e-06
3.053977272727273e-01,8.295454545454546e-01,-1.228451961173006e-06,-1.484202832380777e-06
3.053977272727273e-01,8.522727272727273e-01,-1.154474836014190e-06,-1.401679777721661e-06
3.053977272727273e-01,8.750000000000000e-01,-1.080497710855374e-06,-1.319156723062544e-06
3.053977272727273e-01,8.977272727272727e-01,-8.275408111720396e-07,-1.016866530908064e-06
3.053977272727273e-01,9.204545454545454e-01,-5.745839114887058e-07,-7.145763387535846e-07
3.053977272727273e-01,9.431818181818182e-01,-3.787063411244817e-07,-4.753668405602562e-07
3.053977272727273e-01,9.659090909090909e-01,-2.272238046751227e-07,-2.852201043367142e-07
3.053977272727273e-01,9.886363636363636e-01,-7.574126822576378e-08,-9.507336811317228e-08
3.196022727272727e-01,1.136363636363636e-02,1.104211094936758e-07,1.562556154571995e-07
3.196022727272727e-01,3.409090909090909e-02,3.312633284782684e-07,4.687668463669410e-07
3.196022727272727e-01,5.681818181818182e-02,5.521055474628611e-07,7.812780772766827e-07
3.196022727272727e-01,7.954545454545454e-02,7.335346551720141e-07,1.040478384090881e-06
3.196022727272727e-01,1.022727272727273e-01,8.642897626698875e-07,1.231136074210810e-06
3.196022727272727e-01,1.250000000000000e-01,9.950448701677609e-07,1.421793764330738e-06
3.196022727272727e-01,1.477272727272727e-01,9.686810120583289e-07,1.330650423441119e-06
3.196022727272727e-01,1.704545454545454e-01,9.423171539488968e-07,1.239507082551500e-06
3.196022727272727e-01,1.931818181818182e-01,9.159532958394646e-07,1.148363741661881e-06
3.196022727272727e-01,2.159090909090909e-01,8.817274499403039e-07,1.072018672149304e-06
3.196022727272727e-01,2.386363636363636e-01,8.469774715218279e-07,9.966601540618639e-07
3.196022727272727e-01,2.613636363636364e-01,7.323762831580347e-07,8.388588149680409e-07
3.196022727272727e-01,2.840909090909091e-01,5.379238848489235e-07,5.986146548678350e-07
3.196022727272727e-01,3.068181818181818e-01,3.434714865398129e-07,3.583704947676296e-07
3.196022727272727e-01,3.295454545454545e-01,1.787989455275479e-07,1.549743208799196e-07
3.196022727272727e-01,3.522727272727273e-01,5.241479246836995e-08,-1.045870734582613e-09
3.196022727272727e-01,3.750000000000000e-01,-7.396936059080771e-08,-1.570660623490845e-07
3.196022727272727e-01,3.977272727272727e-01,-2.887743716914482e-07,-3.985138547065580e-07
3.196022727272727e-01,4.204545454545455e-01,-5.035793827920893e-07,-6.399616470640320e-07
3.196022727272727e-01,4.431818181818182e-01,-7.183843938927300e-07,-8.814094394215055e-07
3.196022727272727e-01,4.659090909090909e-01,-8.451687104719460e-07,-1.030268875749873e-06
3.196022727272727e-01,4.886363636363636e-01,-9.660849807497342e-07,-1.172955755009634e-06
3.196022727272727e-01,5.113636363636364e-01,-1.091954345256071e-06,-1.318283626471156e-06
3.196022727272727e-01,5.340909090909091e-01,-1.222776803990956e-06,-1.466252490134441e-06
3.196022727272727e-01,5.568181818181818e-01,-1.353599262725842e-06,-1.614221353797725e-06
3.196022727272727e-01,5.795454545454546e-01,-1.457965300597265e-06,-1.733616477421538e-06
3.196022727272727e-01,6.022727272727273e-01,-1.528315940215664e-06,-1.816273935280313e-06
3.196022727272727e-01,6.250000000000000e-01,-1.598666579834064e-06,-1.898931393139089e-06
3.196022727272727e-01,6.477272727272727e-01,-1.615968357950830e-06,-1.914671323710465e-06
3.196022727272727e-01,6.704545454545454e-01,-1.633270136067596e-06,-1.930411254281841e-06
3.196022727272727e-01,6.931818181818182e-01,-1.650571914184362e-06,-1.946151184853217e-06
3.196022727272727e-01,7.159090909090909e-01,-1.655228645065918e-06,-1.953326587560147e-06
3.196022727272727e-01,7.386363636363636e-01,-1.659042372798460e-06,-1.959931021742782e-06
3.196022727272727e-01,7.613636363636364e-01,-1.605976043813558e-06,-1.902361906575643e-06
3.196022727272727e-01,7.840909090909091e-01,-1.496029658111212e-06,-1.780619242058733e-06
3.196022727272727e-01,8.068181818181818e-01,-1.386083272408865e-06,-1.658876577541822e-06
3.196022727272727e-01,8.295454545454546e-01,-1.291873438194313e-06,-1.554292492337695e-06
3.196022727272727e-01,8.522727272727273e-01,-1.217896313035497e-06,-1.471769437678579e-06
3.196022727272727e-01,8.750000000000000e-01,-1.143919187876680e-06,-1.389246383019462e-06
3.196022727272727e-01,8.977272727272727e-01,-8.909622881933463e-07,-1.086956190864982e-06
3.196022727272727e-01,9.204545454545454e-01,-6.380053885100124e-07,-7.846659987105029e-07
3.196022727272727e-01,9.431818181818182e-01,-3.850484888266773e-07,-4.823758065560218e-07
3.196022727272727e-01,9.659090909090909e-01,-2.272238046751952e-07,-2.852201043367965e-07
3.196022727272727e-01,9.886363636363636e-01,-7.574126822583618e-08,-9.507336811325457e-08
3.338068181818182e-01,1.136363636363636e-02,1.104211094937454e-07,1.562556154573052e-07
3.338068181818182e-01,3.409090909090909e-02,3.312633284783380e-07,4.687668463670467e-07
3.338068181818182e-01,5.681818181818182e-02,5.521055474629307e-07,7.812780772767885e-07
3.338068181818182e-01,7.954545454545454e-02,7.729477664475234e-07,1.093789308186530e-06
3.338068181818182e-01,1.022727272727273e-01,9.205942073491567e-07,1.307294537204549e-06
3.338068181818182e-01,1.250000000000000e-01,1.051349314847030e-06,1.497952227324477e-06
3.338068181818182e-01,1.477272727272727e-01,1.024985456737598e-06,1.406808886434858e-06
3.338068181818182e-01,1.704545454545454e-01,9.986215986281658e-07,1.315665545545239e-06
3.338068181818182e-01,1.931818181818182e-01,9.722577405187338e-07,1.224522204655620e-06
3.338068181818182e-01,2.159090909090909e-01,9.432732198127254e-07,1.138311620891682e-06
3.338068181818182e-01,2.386363636363636e-01,9.085232413942495e-07,1.062953102804241e-06
3.338068181818182e-01,2.613636363636364e-01,7.939220530304561e-07,9.051517637104183e-07
3.338068181818182e-01,2.840909090909091e-01,5.994696547213451e-07,6.649076036102122e-07
3.338068181818182e-01,3.068181818181818e-01,4.050172564122344e-07,4.246634435100068e-07
3.338068181818182e-01,3.295454545454545e-01,2.105648581031237e-07,1.844192834098014e-07
3.338068181818182e-01,3.522727272727273e-01,7.141790905958329e-08,1.260709770422975e-08
3.338068181818182e-01,3.750000000000000e-01,-5.496624399959436e-08,-1.434130939102721e-07
3.338068181818182e-01,3.977272727272727e-01,-2.697712551002349e-07,-3.848608862677456e-07
3.338068181818182e-01,4.204545454545455e-01,-4.845762662008760e-07,-6.263086786252197e-07
3.338068181818182e-01,4.431818181818182e-01,-6.993812773015166e-07,-8.677564709826932e-07
3.338068181818182e-01,4.659090909090909e-01,-8.848460568950157e-07,-1.078341477997132e-06
3.338068181818182e-01,4.886363636363636e-01,-1.005762327172804e-06,-1.221028357256892e-06
3.338068181818182e-01,5.113636363636364e-01,-1.131631691679141e-06,-1.366356228718415e-06
3.338068181818182e-01,5.340909090909091e-01,-1.262454150414026e-06,-1.514325092381699e-06
3.338068181818182e-01,5.568181818181818e-01,-1.393276609148911e-06,-1.662293956044983e-06
3.338068181818182e-01,5.795454545454546e-01,-1.524099067883797e-06,-1.810262819708269e-06
3.338068181818182e-01,6.022727272727273e-01,-1.605788173586538e-06,-1.905166166155390e-06
3.338068181818182e-01,6.250000000000000e-01,-1.676138813204938e-06,-1.987823624014166e-06
3.338068181818182e-01,6.477272727272727e-01,-1.693440591321704e-06,-2.003563554585541e-06
3.338068181818182e-01,6.704545454545454e-01,-1.710742369438469e-06,-2.019303485156917e-06
3.338068181818182e-01,6.931818181818182e-01,-1.728044147555235e-06,-2.035043415728293e-06
3.338068181818182e-01,7.159090909090909e-01,-1.741130909926931e-06,-2.047928503678187e-06
3.338068181818182e-01,7.386363636363636e-01,-1.744944637659473e-06,-2.054532937860822e-06
3.338068181818182e-01,7.613636363636364e-01,-1.691878308674571e-06,-1.996963822693684e-06
3.338068181818182e-01,7.840909090909091e-01,-1.581931922972225e-06,-1.875221158176773e-06
3.338068181818182e-01,8.068181818181818e-01,-1.471985537269878e-06,-1.753478493659862e-06
3.338068181818182e-01,8.295454545454546e-01,-1.362039151567532e-06,-1.631735829142950e-06
3.338068181818182e-01,8.522727272727273e-01,-1.281317790056803e-06,-1.541859097635497e-06
3.338068181818182e-01,8.750000000000000e-01,-1.207340664897987e-06,-1.459336042976381e-06
3.338068181818182e-01,8.977272727272727e-01,-9.543837652146534e-07,-1.157045850821901e-06
3.338068181818182e-01,9.204545454545454e-01,-7.014268655313193e-07,-8.547556586674213e-07
3.338068181818182e-01,9.431818181818182e-01,-4.484699658479842e-07,-5.524654665129402e-07
3.338068181818182e-01,9.659090909090909e-01,-2.272238046752676e-07,-2.852201043368788e-07
3.338068181818182e-01,9.886363636363636e-01,-7.574126822590859e-08,-9.507336811333684e-08
3.480113636363636e-01,1.136363636363636e-02,1.104211094938149e-07,1.562556154574109e-07
3.480113636363636e-01,3.409090909090909e-02,3.312633284784076e-07,4.687668463671524e-07
3.480113636363636e-01,5.681818181818182e-02,5.521055474630003e-07,7.812780772768941e-07
3.480113636363636e-01,7.954545454545454e-02,7.729477664475930e-07,1.093789308186636e-06
3.480113636363636e-01,1.022727272727273e-01,9.768986520284259e-07,1.383453000198288e-06
3.480113636363636e-01,1.250000000000000e-01,1.107653759526299e-06,1.574110690318216e-06
3.480113636363636e-01,1.477272727272727e-01,1.081289901416867e-06,1.482967349428597e-06
3.480113636363636e-01,1.704545454545454e-01,1.054926043307435e-06,1.391824008538978e-06
3.480113636363636e-01,1.931818181818182e-01,1.028562185198003e-06,1.300680667649359e-06
3.480113636363636e-01,2.159090909090909e-01,1.002198327088571e-06,1.209537326759740e-06
3.480113636363636e-01,2.386363636363636e-01,9.700690112666709e-07,1.129246051546618e-06
3.480113636363636e-01,2.613636363636364e-01,8.554678229028777e-07,9.714447124527953e-07
3.480113636363636e-01,2.840909090909091e-01,6.610154245937667e-07,7.312005523525894e-07
3.480113636363636e-01,3.068181818181818e-01,4.665630262846559e-07,4.909563922523841e-07
3.480113636363636e-01,3.295454545454545e-01,2.721106279755453e-07,2.507122321521786e-07
3.480113636363636e-01,3.522727272727273e-01,9.042102565079663e-08,2.626006614304212e-08
3.480113636363636e-01,3.750000000000000e-01,-3.596312740838102e-08,-1.297601254714597e-07
3.480113636363636e-01,3.977272727272727e-01,-2.507681385090216e-07,-3.712079178289332e-07
3.480113636363636e-01,4.204545454545455e-01,-4.655731496096627e-07,-6.126557101864073e-07
3.480113636363636e-01,4.431818181818182e-01,-6.803781607103033e-07,-8.541035025438808e-07
3.480113636363636e-01,4.659090909090909e-01,-8.951831718109438e-07,-1.095551294901354e-06
3.480113636363636e-01,4.886363636363636e-01,-1.045439673595873e-06,-1.269100959504151e-06
3.480113636363636e-01,5.113636363636364e-01,-1.171309038102210e-06,-1.414428830965673e-06
3.480113636363636e-01,5.340909090909091e-01,-1.302131496837096e-06,-1.562397694628957e-06
3.480113636363636e-01,5.568181818181818e-01,-1.432953955571981e-06,-1.710366558292242e-06
3.480113636363636e-01,5.795454545454546e-01,-1.563776414306867e-06,-1.858335421955527e-06
3.480113636363636e-01,6.022727272727273e-01,-1.683260406957411e-06,-1.994058397030466e-06
3.480113636363636e-01,6.250000000000000e-01,-1.753611046575811e-06,-2.076715854889242e-06
3.480113636363636e-01,6.477272727272727e-01,-1.770912824692577e-06,-2.092455785460618e-06
3.480113636363636e-01,6.704545454545454e-01,-1.788214602809343e-06,-2.108195716031994e-06
3.480113636363636e-01,6.931818181818182e-01,-1.805516380926109e-06,-2.123935646603370e-06
3.480113636363636e-01,7.159090909090909e-01,-1.822818159042874e-06,-2.139675577174745e-06
3.480113636363636e-01,7.386363636363636e-01,-1.830846902520486e-06,-2.149134853978861e-06
3.480113636363636e-01,7.613636363636364e-01,-1.777780573535584e-06,-2.091565738811723e-06
3.480113636363636e-01,7.840909090909091e-01,-1.667834187833238e-06,-1.969823074294812e-06
3.480113636363636e-01,8.068181818181818e-01,-1.557887802130892e-06,-1.848080409777902e-06
3.480113636363636e-01,8.295454545454546e-01,-1.447941416428545e-06,-1.726337745260990e-06
3.480113636363636e-01,8.522727272727273e-01,-1.344739267078110e-06,-1.611948757592416e-06
3.480113636363636e-01,8.750000000000000e-01,-1.270762141919294e-06,-1.529425702933299e-06
3.480113636363636e-01,8.977272727272727e-01,-1.017805242235960e-06,-1.227135510778819e-06
3.480113636363636e-01,9.204545454545454e-01,-7.648483425526262e-07,-9.248453186243398e-07
3.480113636363636e-01,9.431818181818182e-01,-5.118914428692911e-07,-6.225551264698586e-07
3.480113636363636e-01,9.659090909090909e-01,-2.589345431859571e-07,-3.202649343153790e-07
3.480113636363636e-01,9.886363636363636e-01,-7.574126822598101e-08,-9.507336811341913e-08
3.622159090909091e-01,1.136363636363636e-02,1.104211094938845e-07,1.562556154575166e-07
3.622159090909091e-01,3.409090909090909e-02,3.312633284784772e-07,4.687668463672581e-07
3.622159090909091e-01,5.681818181818182e-02,5.521055474630699e-07,7.812780772769998e-07
3.622159090909091e-01,7.954545454545454e-02,7.729477664476625e-07,1.093789308186741e-06
3.622159090909091e-01,1.022727272727273e-01,9.937899854322554e-07,1.406300539096483e-06
3.622159090909091e-01,1.250000000000000e-01,1.163958204205569e-06,1.650269153311955e-06
3.622159090909091e-01,1.477272727272727e-01,1.137594346096136e-06,1.559125812422336e-06
3.622159090909091e-01,1.704545454545454e-01,1.111230487986704e-06,1.467982471532717e-06
3.622159090909091e-01,1.931818181818182e-01,1.084866629877272e-06,1.376839130643097e-06
3.622159090909091e-01,2.159090909090909e-01,1.058502771767840e-06,1.285695789753478e-06
3.622159090909091e-01,2.386363636363636e-01,1.031614781139092e-06,1.195539000288996e-06
3.622159090909091e-01,2.613636363636364e-01,9.170135927752992e-07,1.037737661195172e-06
3.622159090909091e-01,2.840909090909091e-01,7.225611944661882e-07,7.974935010949666e-07
3.622159090909091e-01,3.068181818181818e-01,5.281087961570774e-07,5.572493409947613e-07
3.622159090909091e-01,3.295454545454545e-01,3.336563978479668e-07,3.170051808945558e-07
3.622159090909091e-01,3.522727272727273e-01,1.392039995388557e-07,7.676102079434983e-08
3.622159090909091e-01,3.750000000000000e-01,-1.696001081716768e-08,-1.161071570326474e-07
3.622159090909091e-01,3.977272727272727e-01,-2.317650219178082e-07,-3.575549493901209e-07
3.622159090909091e-01,4.204545454545455e-01,-4.465700330184493e-07,-5.990027417475950e-07
3.622159090909091e-01,4.431818181818182e-01,-6.613750441190899e-07,-8.404505341050684e-07
3.622159090909091e-01,4.659090909090909e-01,-8.761800552197304e-07,-1.081898326462542e-06
3.622159090909091e-01,4.886363636363636e-01,-1.085117020018943e-06,-1.317173561751409e-06
3.622159090909091e-01,5.113636363636364e-01,-1.210986384525280e-06,-1.462501433212932e-06
3.622159090909091e-01,5.340909090909091e-01,-1.341808843260165e-06,-1.610470296876216e-06
3.622159090909091e-01,5.568181818181818e-01,-1.472631301995051e-06,-1.758439160539500e-06
3.622159090909091e-01,5.795454545454546e-01,-1.603453760729937e-06,-1.906408024202786e-06
3.622159090909091e-01,6.022727272727273e-01,-1.734276219464822e-06,-2.054376887866070e-06
3.622159090909091e-01,6.250000000000000e-01,-1.831083279946684e-06,-2.165608085764319e-06
3.622159090909091e-01,6.477272727272727e-01,-1.848385058063450e-06,-2.181348016335694e-06
3.622159090909091e-01,6.704545454545454e-01,-1.865686836180216e-06,-2.197087946907070e-06
3.622159090909091e-01,6.931818181818182e-01,-1.882988614296982e-06,-2.212827877478446e-06
3.622159090909091e-01,7.159090909090909e-01,-1.900290392413748e-06,-2.228567808049822e-06
3.622159090909091e-01,7.386363636363636e-01,-1.916749167381499e-06,-2.243736770096901e-06
3.622159090909091e-01,7.613636363636364e-01,-1.863682838396597e-06,-2.186167654929763e-06
3.622159090909091e-01,7.840909090909091e-01,-1.753736452694251e-06,-2.064424990412852e-06
3.622159090909091e-01,8.068181818181818e-01,-1.643790066991905e-06,-1.942682325895942e-06
3.622159090909091e-01,8.295454545454546e-01,-1.533843681289558e-06,-1.820939661379030e-06
3.622159090909091e-01,8.522727272727273e-01,-1.423897295587212e-06,-1.699196996862119e-06
3.622159090909091e-01,8.750000000000000e-01,-1.334183618940601e-06,-1.599515362890218e-06
3.622159090909091e-01,8.977272727272727e-01,-1.081226719257267e-06,-1.297225170735738e-06
3.622159090909091e-01,9.204545454545454e-01,-8.282698195739331e-07,-9.949349785812584e-07
3.622159090909091e-01,9.431818181818182e-01,-5.753129198905978e-07,-6.926447864267771e-07
3.622159090909091e-01,9.659090909090909e-01,-3.223560202072640e-07,-3.903545942722975e-07
3.622159090909091e-01,9.886363636363636e-01,-7.574126822605342e-08,-9.507336811350141e-08
3.764204545454545e-01,1.136363636363636e-02,1.191997622474020e-07,1.637057081743048e-07
3.764204545454545e-01,3.409090909090909e-02,3.400419812319946e-07,4.762169390840463e-07
3.764204545454545e-01,5.681818181818182e-02,5.608842002165875e-07,7.887281699937880e-07
3.764204545454545e-01,7.954545454545454e-02,7.817264192011800e-07,1.101239400903530e-06
3.764204545454545e-01,1.022727272727273e-01,1.002568638185773e-06,1.413750631813271e-06
3.764204545454545e-01,1.250000000000000e-01,1.223410857170366e-06,1.726261862723013e-06
3.764204545454545e-01,1.477272727272727e-01,1.197230568967066e-06,1.635290547629101e-06
3.764204545454545e-01,1.704545454545454e-01,1.170866710857634e-06,1.544147206739482e-06
3.764204545454545e-01,1.931818181818182e-01,1.144502852748202e-06,1.453003865849863e-06
3.764204545454545e-01,2.159090909090909e-01,1.118138994638770e-06,1.361860524960244e-06
3.764204545454545e-01,2.386363636363636e-01,1.091775136529338e-06,1.270717184070624e-06
3.764204545454545e-01,2.613636363636364e-01,9.763368571652469e-07,1.100616351904780e-06
3.764204545454545e-01,2.840909090909091e-01,7.818844588561357e-07,8.603721918045739e-07
3.764204545454545e-01,3.068181818181818e-01,5.874320605470251e-07,6.201280317043685e-07
3.764204545454545e-01,3.295454545454545e-01,3.929796622379145e-07,3.798838716041631e-07
3.764204545454545e-01,3.522727272727273e-01,1.985272639288033e-07,1.396397115039571e-07
3.764204545454545e-01,3.750000000000000e-01,4.074865619692679e-09,-1.006044485962483e-07
3.764204545454545e-01,3.977272727272727e-01,-2.181527291702054e-07,-3.485872734533421e-07
3.764204545454545e-01,4.204545454545455e-01,-4.329577402708464e-07,-5.900350658108163e-07
3.764204545454545e-01,4.431818181818182e-01,-6.477627513714870e-07,-8.314828581682896e-07
3.764204545454545e-01,4.659090909090909e-01,-8.625677624721275e-07,-1.072930650525763e-06
3.764204545454545e-01,4.886363636363636e-01,-1.077372773572769e-06,-1.314378442883237e-06
3.764204545454545e-01,5.113636363636364e-01,-1.256595712987299e-06,-1.514192359541524e-06
3.764204545454545e-01,5.340909090909091e-01,-1.387418171722185e-06,-1.662161223204808e-06
3.764204545454545e-01,5.568181818181818e-01,-1.518240630457070e-06,-1.810130086868093e-06
3.764204545454545e-01,5.795454545454546e-01,-1.649063089191956e-06,-1.958098950531378e-06
3.764204545454545e-01,6.022727272727273e-01,-1.779885547926841e-06,-2.106067814194662e-06
3.764204545454545e-01,6.250000000000000e-01,-1.910708006661726e-06,-2.254036677857946e-06
3.764204545454545e-01,6.477272727272727e-01,-1.928171907295171e-06,-2.270351811841601e-06
3.764204545454545e-01,6.704545454545454e-01,-1.945473685411937e-06,-2.286091742412977e-06
3.764204545454545e-01,6.931818181818182e-01,-1.962775463528702e-06,-2.301831672984353e-06
3.764204545454545e-01,7.159090909090909e-01,-1.980077241645468e-06,-2.317571603555729e-06
3.764204545454545e-01,7.386363636363636e-01,-1.997379019762234e-06,-2.333311534127104e-06
3.764204545454545e-01,7.613636363636364e-01,-1.948641343253193e-06,-2.276627514233034e-06
3.764204545454545e-01,7.840909090909091e-01,-1.838694957550847e-06,-2.154884849716123e-06
3.764204545454545e-01,8.068181818181818e-01,-1.728748571848501e-06,-2.033142185199213e-06
3.764204545454545e-01,8.295454545454546e-01,-1.618802186146154e-06,-1.911399520682301e-06
3.764204545454545e-01,8.522727272727273e-01,-1.508855800443808e-06,-1.789656856165390e-06
3.764204545454545e-01,8.750000000000000e-01,-1.398909414741462e-06,-1.667914191648479e-06
3.764204545454545e-01,8.977272727272727e-01,-1.138306048576450e-06,-1.360305864696973e-06
3.764204545454545e-01,9.204545454545454e-01,-8.853491488931165e-07,-1.058015672542493e-06
3.764204545454545e-01,9.431818181818182e-01,-6.323922492097814e-07,-7.557254803880119e-07
3.764204545454545e-01,9.659090909090909e-01,-3.794353495264474e-07,-4.534352882335323e-07
3.764204545454545e-01,9.886363636363636e-01,-1.264784498431135e-07,-1.511450960790527e-07
3.906250000000000e-01,1.136363636363636e-02,1.806503315216100e-07,2.158563571911963e-07
3.906250000000000e-01,3.409090909090909e-02,4.278285087665441e-07,5.507178662509779e-07
3.906250000000000e-01,5.681818181818182e-02,6.486707277511368e-07,8.632290971607197e-07
3.906250000000000e-01,7.954545454545454e-02,8.695129467357295e-07,1.175740328070461e-06
3.906250000000000e-01,1.022727272727273e-01,1.090355165720322e-06,1.488251558980203e-06
3.906250000000000e-01,1.250000000000000e-01,1.311197384704915e-06,1.800762789889944e-06
3.906250000000000e-01,1.477272727272727e-01,1.286852795562948e-06,1.711511732753103e-06
3.906250000000000e-01,1.704545454545454e-01,1.260488937453516e-06,1.620368391863484e-06
3.906250000000000e-01,1.931818181818182e-01,1.234125079344084e-06,1.529225050973865e-06
3.906250000000000e-01,2.159090909090909e-01,1.207761221234651e-06,1.438081710084246e-06
3.906250000000000e-01,2.386363636363636e-01,1.181397363125219e-06,1.346938369194627e-06
3.906250000000000e-01,2.613636363636364e-01,1.030748025677390e-06,1.145987965332256e-06
3.906250000000000e-01,2.840909090909091e-01,8.212051739038201e-07,8.925225602192538e-07
3.906250000000000e-01,3.068181818181818e-01,6.267527755947095e-07,6.522784001190483e-07
3.906250000000000e-01,3.295454545454545e-01,4.323003772855989e-07,4.120342400188429e-07
3.906250000000000e-01,3.522727272727273e-01,2.378479789764878e-07,1.717900799186370e-07
3.906250000000000e-01,3.750000000000000e-01,4.339558066737716e-08,-6.845408018156843e-08
3.906250000000000e-01,3.977272727272727e-01,-2.530578510150972e-07,-3.817872300348659e-07
3.906250000000000e-01,4.204545454545455e-01,-4.678628621157383e-07,-6.232350223923400e-07
3.906250000000000e-01,4.431818181818182e-01,-6.826678732163789e-07,-8.646828147498133e-07
3.906250000000000e-01,4.659090909090909e-01,-8.974728843170194e-07,-1.106130607107287e-06
3.906250000000000e-01,4.886363636363636e-01,-1.112277895417660e-06,-1.347578399464761e-06
3.906250000000000e-01,5.113636363636364e-01,-1.336365266309563e-06,-1.583131436658400e-06
3.906250000000000e-01,5.340909090909091e-01,-1.486415338534751e-06,-1.746417066265407e-06
3.906250000000000e-01,5.568181818181818e-01,-1.617237797269636e-06,-1.894385929928691e-06
3.906250000000000e-01,5.795454545454546e-01,-1.748060256004522e-06,-2.042354793591977e-06
3.906250000000000e-01,6.022727272727273e-01,-1.878882714739408e-06,-2.190323657255261e-06
3.906250000000000e-01,6.250000000000000e-01,-2.009705173474293e-06,-2.338292520918545e-06
3.906250000000000e-01,6.477272727272727e-01,-2.028790299274522e-06,-2.360359689024986e-06
3.906250000000000e-01,6.704545454545454e-01,-2.046092077391288e-06,-2.376099619596362e-06
3.906250000000000e-01,6.931818181818182e-01,-2.063393855508054e-06,-2.391839550167737e-06
3.906250000000000e-01,7.159090909090909e-01,-2.080695633624820e-06,-2.407579480739113e-06
3.906250000000000e-01,7.386363636363636e-01,-2.097997411741585e-06,-2.423319411310489e-06
3.906250000000000e-01,7.613636363636364e-01,-2.032352126218793e-06,-2.340856820967300e-06
3.906250000000000e-01,7.840909090909091e-01,-1.915159622367695e-06,-2.208066197686481e-06
3.906250000000000e-01,8.068181818181818e-01,-1.805213236665349e-06,-2.086323533169569e-06
3.906250000000000e-01,8.295454545454546e-01,-1.695266850963002e-06,-1.964580868652658e-06
3.906250000000000e-01,8.522727272727273e-01,-1.585320465260656e-06,-1.842838204135747e-06
3.906250000000000e-01,8.750000000000000e-01,-1.475374079558310e-06,-1.721095539618836e-06
3.906250000000000e-01,8.977272727272727e-01,-1.138306048576525e-06,-1.360305864697057e-06
3.906250000000000e-01,9.204545454545454e-01,-8.853491488931908e-07,-1.058015672542577e-06
3.906250000000000e-01,9.431818181818182e-01,-6.323922492098557e-07,-7.557254803880962e-07
3.906250000000000e-01,9.659090909090909e-01,-3.794353495265217e-07,-4.534352882336165e-07
3.906250000000000e-01,9.886363636363636e-01,-1.264784498431878e-07,-1.511450960791368e-07
4.048295454545455e-01,1.136363636363636e-02,1.806503315216878e-07,2.158563571913274e-07
4.048295454545455e-01,3.409090909090909e-02,5.156150363010935e-07,6.252187934179096e-07
4.048295454545455e-01,5.681818181818182e-02,7.364572552856863e-07,9.377300243276512e-07
4.048295454545455e-01,7.954545454545454e-02,9.572994742702790e-07,1.250241255237393e-06
4.048295454545455e-01,1.022727272727273e-01,1.178141693254872e-06,1.562752486147135e-06
4.048295454545455e-01,1.250000000000000e-01,1.398983912239464e-06,1.875263717056876e-06
4.048295454545455e-01,1.477272727272727e-01,1.375557172628163e-06,1.786872788898570e-06
4.048295454545455e-01,1.704545454545454e-01,1.350111164049397e-06,1.696589576987487e-06
4.048295454545455e-01,1.931818181818182e-01,1.323747305939965e-06,1.605446236097867e-06
4.048295454545455e-01,2.159090909090909e-01,1.297383447830533e-06,1.514302895208248e-06
4.048295454545455e-01,2.386363636363636e-01,1.271019589721101e-06,1.423159554318629e-06
4.048295454545455e-01,2.613636363636364e-01,1.120370252273272e-06,1.222209150456259e-06
4.048295454545455e-01,2.840909090909091e-01,8.605258889515046e-07,9.246729286339336e-07
4.048295454545455e-01,3.068181818181818e-01,6.660734906423940e-07,6.844287685337282e-07
4.048295454545455e-01,3.295454545454545e-01,4.716210923332834e-07,4.441846084335228e-07
4.048295454545455e-01,3.522727272727273e-01,2.771686940241723e-07,2.039404483333169e-07
4.048295454545455e-01,3.750000000000000e-01,8.271629571506162e-08,-3.630371176688854e-08
4.048295454545455e-01,3.977272727272727e-01,-2.508500544137007e-07,-3.823120241182876e-07
4.048295454545455e-01,4.204545454545455e-01,-5.027679839606300e-07,-6.564349789738637e-07
4.048295454545455e-01,4.431818181818182e-01,-7.175729950612705e-07,-8.978827713313371e-07
4.048295454545455e-01,4.659090909090909e-01,-9.323780061619111e-07,-1.139330563688811e-06
4.048295454545455e-01,4.886363636363636e-01,-1.147183017262552e-06,-1.380778356046285e-06
4.048295454545455e-01,5.113636363636364e-01,-1.371270388154455e-06,-1.616331393239924e-06
4.048295454545455e-01,5.340909090909091e-01,-1.585412505347317e-06,-1.830672909326006e-06
4.048295454545455e-01,5.568181818181818e-01,-1.716234964082203e-06,-1.978641772989290e-06
4.048295454545455e-01,5.795454545454546e-01,-1.847057422817089e-06,-2.126610636652576e-06
4.048295454545455e-01,6.022727272727273e-01,-1.977879881551974e-06,-2.274579500315860e-06
4.048295454545455e-01,6.250000000000000e-01,-2.108702340286860e-06,-2.422548363979145e-06
4.048295454545455e-01,6.477272727272727e-01,-2.128598078670481e-06,-2.447491549146978e-06
4.048295454545455e-01,6.704545454545454e-01,-2.146710469370639e-06,-2.466107496779746e-06
4.048295454545455e-01,6.931818181818182e-01,-2.164012247487405e-06,-2.481847427351122e-06
4.048295454545455e-01,7.159090909090909e-01,-2.181314025604171e-06,-2.497587357922498e-06
4.048295454545455e-01,7.386363636363636e-01,-2.198615803720937e-06,-2.513327288493874e-06
4.048295454545455e-01,7.613636363636364e-01,-2.132970518198144e-06,-2.430864698150684e-06
4.048295454545455e-01,7.840909090909091e-01,-1.991624287184543e-06,-2.261247545656837e-06
4.048295454545455e-01,8.068181818181818e-01,-1.881677901482197e-06,-2.139504881139926e-06
4.048295454545455e-01,8.295454545454546e-01,-1.771731515779851e-06,-2.017762216623014e-06
4.048295454545455e-01,8.522727272727273e-01,-1.661785130077504e-06,-1.896019552106104e-06
4.048295454545455e-01,8.750000000000000e-01,-1.551838744375158e-06,-1.774276887589193e-06
4.048295454545455e-01,8.977272727272727e-01,-1.176538380984986e-06,-1.386896538682277e-06
4.048295454545455e-01,9.204545454545454e-01,-8.853491488932652e-07,-1.058015672542661e-06
4.048295454545455e-01,9.431818181818182e-01,-6.323922492099300e-07,-7.557254803881803e-07
4.048295454545455e-01,9.659090909090909e-01,-3.794353495265961e-07,-4.534352882337006e-07
4.048295454545455e-01,9.886363636363636e-01,-1.264784498432622e-07,-1.511450960792210e-07
4.190340909090909e-01,1.136363636363636e-02,1.806503315217656e-07,2.158563571914586e-07
4.190340909090909e-01,3.409090909090909e-02,5.419509945615126e-07,6.475690715680807e-07
4.190340909090909e-01,5.681818181818182e-02,8.242437828202353e-07,1.012230951494582e-06
4.190340909090909e-01,7.954545454545454e-02,1.045086001804828e-06,1.324742182404324e-06
4.190340909090909e-01,1.022727272727273e-01,1.265928220789421e-06,1.637253413314066e-06
4.190340909090909e-01,1.250000000000000e-01,1.486770439774014e-06,1.949764644223807e-06
4.190340909090909e-01,1.477272727272727e-01,1.463343700162712e-06,1.861373716065502e-06
4.190340909090909e-01,1.704545454545454e-01,1.439733390645278e-06,1.772810762111489e-06
4.190340909090909e-01,1.931818181818182e-01,1.413369532535846e-06,1.681667421221869e-06
4.190340909090909e-01,2.159090909090909e-01,1.387005674426414e-06,1.590524080332250e-06
4.190340909090909e-01,2.386363636363636e-01,1.360641816316982e-06,1.499380739442631e-06
4.190340909090909e-01,2.613636363636364e-01,1.209992478869153e-06,1.298430335580261e-06
4.190340909090909e-01,2.840909090909091e-01,9.350576620829266e-07,9.876728687451390e-07
4.190340909090909e-01,3.068181818181818e-01,7.053942056900783e-07,7.165791369484079e-07
4.190340909090909e-01,3.295454545454545e-01,5.109418073809677e-07,4.763349768482026e-07
4.190340909090909e-01,3.522727272727273e-01,3.164894090718566e-07,2.360908167479966e-07
4.190340909090909e-01,3.750000000000000e-01,1.220370107627459e-07,-4.153343352208778e-09
4.190340909090909e-01,3.977272727272727e-01,-2.115293393660164e-07,-3.501616557036079e-07
4.190340909090909e-01,4.204545454545455e-01,-5.376731058055218e-07,-6.896349355553872e-07
4.190340909090909e-01,4.431818181818182e-01,-7.524781169061623e-07,-9.310827279128607e-07
4.190340909090909e-01,4.659090909090909e-01,-9.672831280068028e-07,-1.172530520270334e-06
4.190340909090909e-01,4.886363636363636e-01,-1.182088139107444e-06,-1.413978312627808e-06
4.190340909090909e-01,5.113636363636364e-01,-1.406175509999346e-06,-1.649531349821447e-06
4.190340909090909e-01,5.340909090909091e-01,-1.639545240682511e-06,-1.879189631851252e-06
4.190340909090909e-01,5.568181818181818e-01,-1.815232130894769e-06,-2.062897616049889e-06
4.190340909090909e-01,5.795454545454546e-01,-1.946054589629655e-06,-2.210866479713174e-06
4.190340909090909e-01,6.022727272727273e-01,-2.076877048364540e-06,-2.358835343376458e-06
4.190340909090909e-01,6.250000000000000e-01,-2.207699507099426e-06,-2.506804207039743e-06
4.190340909090909e-01,6.477272727272727e-01,-2.227595245483047e-06,-2.531747392207576e-06
4.190340909090909e-01,6.704545454545454e-01,-2.247328861349990e-06,-2.556115373963130e-06
4.190340909090909e-01,6.931818181818182e-01,-2.264630639466756e-06,-2.571855304534506e-06
4.190340909090909e-01,7.159090909090909e-01,-2.281932417583522e-06,-2.587595235105882e-06
4.190340909090909e-01,7.386363636363636e-01,-2.299234195700287e-06,-2.603335165677258e-06
4.190340909090909e-01,7.613636363636364e-01,-2.233588910177495e-06,-2.520872575334068e-06
4.190340909090909e-01,7.840909090909091e-01,-2.084996561015143e-06,-2.340207464076313e-06
4.190340909090909e-01,8.068181818181818e-01,-1.958142566299045e-06,-2.192686229110282e-06
4.190340909090909e-01,8.295454545454546e-01,-1.848196180596698e-06,-2.070943564593371e-06
4.190340909090909e-01,8.522727272727273e-01,-1.738249794894352e-06,-1.949200900076460e-06
4.190340909090909e-01,8.750000000000000e-01,-1.628303409192006e-06,-1.827458235559549e-06
4.190340909090909e-01,8.977272727272727e-01,-1.253003045801834e-06,-1.440077886652634e-06
4.190340909090909e-01,9.204545454545454e-01,-8.853491488933394e-07,-1.058015672542746e-06
4.190340909090909e-01,9.431818181818182e-01,-6.323922492100044e-07,-7.557254803882644e-07
4.190340909090909e-01,9.659090909090909e-01,-3.794353495266705e-07,-4.534352882337848e-07
4.190340909090909e-01,9.886363636363636e-01,-1.264784498433365e-07,-1.511450960793052e-07
4.332386363636364e-01,1.136363636363636e-02,1.806503315218434e-07,2.158563571915897e-07
4.332386363636364e-01,3.409090909090909e-02,5.419509945615904e-07,6.475690715682118e-07
4.332386363636364e-01,5.681818181818182e-02,9.032516576013378e-07,1.079281785944834e-06
4.332386363636364e-01,7.954545454545454e-02,1.132872529339377e-06,1.399243109571256e-06
4.332386363636364e-01,1.022727272727273e-01,1.353714748323970e-06,1.711754340480997e-06
4.332386363636364e-01,1.250000000000000e-01,1.574556967308563e-06,2.024265571390739e-06
4.332386363636364e-01,1.477272727272727e-01,1.551130227697262e-06,1.935874643232433e-06
4.332386363636364e-01,1.704545454545454e-01,1.527703488085961e-06,1.847483715074127e-06
4.332386363636364e-01,1.931818181818182e-01,1.502991759131727e-06,1.757888606345872e-06
4.332386363636364e-01,2.159090909090909e-01,1.476627901022295e-06,1.666745265456253e-06
4.332386363636364e-01,2.386363636363636e-01,1.450264042912863e-06,1.575601924566634e-06
4.332386363636364e-01,2.613636363636364e-01,1.299614705465034e-06,1.374651520704264e-06
4.332386363636364e-01,2.840909090909091e-01,1.024679888678808e-06,1.063894053869142e-06
4.332386363636364e-01,3.068181818181818e-01,7.497450718925824e-07,7.531365870340201e-07
4.332386363636364e-01,3.295454545454545e-01,5.502625224286522e-07,5.084853452628826e-07
4.332386363636364e-01,3.522727272727273e-01,3.558101241195411e-07,2.682411851626765e-07
4.332386363636364e-01,3.750000000000000e-01,1.613577258104304e-07,2.799702506247112e-08
4.332386363636364e-01,3.977272727272727e-01,-1.722086243183319e-07,-3.180112872889280e-07
4.332386363636364e-01,4.204545454545455e-01,-5.057749744470951e-07,-6.640195996403279e-07
4.332386363636364e-01,4.431818181818182e-01,-7.873832387510540e-07,-9.642826844943844e-07
4.332386363636364e-01,4.659090909090909e-01,-1.002188249851695e-06,-1.205730476851858e-06
4.332386363636364e-01,4.886363636363636e-01,-1.216993260952336e-06,-1.447178269209332e-06
4.332386363636364e-01,5.113636363636364e-01,-1.441080631844238e-06,-1.682731306402971e-06
4.332386363636364e-01,5.340909090909091e-01,-1.674450362527403e-06,-1.912389588432775e-06
4.332386363636364e-01,5.568181818181818e-01,-1.907820093210568e-06,-2.142047870462580e-06
4.332386363636364e-01,5.795454545454546e-01,-2.045051756442222e-06,-2.295122322773773e-06
4.332386363636364e-01,6.022727272727273e-01,-2.175874215177107e-06,-2.443091186437058e-06
4.332386363636364e-01,6.250000000000000e-01,-2.306696673911992e-06,-2.591060050100342e-06
4.332386363636364e-01,6.477272727272727e-01,-2.326592412295614e-06,-2.616003235268175e-06
4.332386363636364e-01,6.704545454545454e-01,-2.346488150679235e-06,-2.640946420436008e-06
4.332386363636364e-01,6.931818181818182e-01,-2.365249031446108e-06,-2.661863181717891e-06
4.332386363636364e-01,7.159090909090909e-01,-2.382550809562873e-06,-2.677603112289267e-06
4.332386363636364e-01,7.386363636363636e-01,-2.399852587679639e-06,-2.693343042860642e-06
4.332386363636364e-01,7.613636363636364e-01,-2.334207302156847e-06,-2.610880452517453e-06
4.332386363636364e-01,7.840909090909091e-01,-2.185614952994495e-06,-2.430215341259697e-06
4.332386363636364e-01,8.068181818181818e-01,-2.037022603832143e-06,-2.249550230001942e-06
4.332386363636364e-01,8.295454545454546e-01,-1.924660845413546e-06,-2.124124912563727e-06
4.332386363636364e-01,8.522727272727273e-01,-1.814714459711200e-06,-2.002382248046817e-06
4.332386363636364e-01,8.750000000000000e-01,-1.704768074008854e-06,-1.880639583529906e-06
4.332386363636364e-01,8.977272727272727e-01,-1.329467710618682e-06,-1.493259234622990e-06
4.332386363636364e-01,9.204545454545454e-01,-9.541673472285104e-07,-1.105878885716075e-06
4.332386363636364e-01,9.431818181818182e-01,-6.323922492100787e-07,-7.557254803883486e-07
4.332386363636364e-01,9.659090909090909e-01,-3.794353495267448e-07,-4.534352882338689e-07
4.332386363636364e-01,9.886363636363636e-01,-1.264784498434108e-07,-1.511450960793893e-07
4.474431818181818e-01,1.136363636363636e-02,1.806503315219212e-07,2.158563571917208e-07
4.474431818181818e-01,3.409090909090909e-02,5.419509945616682e-07,6.475690715683430e-07
4.474431818181818e-01,5.681818181818182e-02,9.032516576014155e-07,1.079281785944965e-06
4.474431818181818e-01,7.954545454545454e-02,1.220659056873927e-06,1.473744036738187e-06
4.474431818181818e-01,1.022727272727273e-01,1.441501275858520e-06,1.786255267647929e-06
4.474431818181818e-01,1.250000000000000e-01,1.662343494843112e-06,2.098766498557671e-06
4.474431818181818e-01,1.477272727272727e-01,1.638916755231811e-06,2.010375570399365e-06
4.474431818181818e-01,1.704545454545454e-01,1.615490015620510e-06,1.921984642241059e-06
4.474431818181818e-01,1.931818181818182e-01,1.592063276009209e-06,1.833593714082753e-06
4.474431818181818e-01,2.159090909090909e-01,1.566250127618177e-06,1.742966450580255e-06
4.474431818181818e-01,2.386363636363636e-01,1.539886269508744e-06,1.651823109690636e-06
4.474431818181818e-01,2.613636363636364e-01,1.389236932060916e-06,1.450872705828266e-06
4.474431818181818e-01,2.840909090909091e-01,1.114302115274689e-06,1.140115238993144e-06
4.474431818181818e-01,3.068181818181818e-01,8.393672984884638e-07,8.293577721580225e-07
4.474431818181818e-01,3.295454545454545e-01,5.895832374763366e-07,5.406357136775624e-07
4.474431818181818e-01,3.522727272727273e-01,3.951308391672255e-07,3.003915535773564e-07
4.474431818181818e-01,3.750000000000000e-01,2.006784408581149e-07,6.014739347715101e-08
4.474431818181818e-01,3.977272727272727e-01,-1.328879092706474e-07,-2.858609188742481e-07
4.474431818181818e-01,4.204545454545455e-01,-4.664542593994106e-07,-6.318692312256480e-07
4.474431818181818e-01,4.431818181818182e-01,-8.000206095281729e-07,-9.778775435770471e-07
4.474431818181818e-01,4.659090909090909e-01,-1.037093371696586e-06,-1.238930433433382e-06
4.474431818181818e-01,4.886363636363636e-01,-1.251898382797228e-06,-1.480378225790856e-06
4.474431818181818e-01,5.113636363636364e-01,-1.475985753689130e-06,-1.715931262984495e-06
4.474431818181818e-01,5.340909090909091e-01,-1.709355484372295e-06,-1.945589545014299e-06
4.474431818181818e-01,5.568181818181818e-01,-1.942725215055460e-06,-2.175247827044104e-06
4.474431818181818e-01,5.795454545454546e-01,-2.144048923254788e-06,-2.379378165834372e-06
4.474431818181818e-01,6.022727272727273e-01,-2.274871381989674e-06,-2.527347029497656e-06
4.474431818181818e-01,6.250000000000000e-01,-2.405693840724559e-06,-2.675315893160940e-06
4.474431818181818e-01,6.477272727272727e-01,-2.425589579108180e-06,-2.700259078328774e-06
4.474431818181818e-01,6.704545454545454e-01,-2.445485317491802e-06,-2.725202263496607e-06
4.474431818181818e-01,6.931818181818182e-01,-2.465381055875424e-06,-2.750145448664440e-06
4.474431818181818e-01,7.159090909090909e-01,-2.483169201542225e-06,-2.767610989472651e-06
4.474431818181818e-01,7.386363636363636e-01,-2.500470979658991e-06,-2.783350920044027e-06
4.474431818181818e-01,7.613636363636364e-01,-2.434825694136198e-06,-2.700888329700837e-06
4.474431818181818e-01,7.840909090909091e-01,-2.286233344973847e-06,-2.520223218443082e-06
4.474431818181818e-01,8.068181818181818e-01,-2.137640995811495e-06,-2.339558107185327e-06
4.474431818181818e-01,8.295454545454546e-01,-2.001125510230394e-06,-2.177306260534084e-06
4.474431818181818e-01,8.522727272727273e-01,-1.891179124528048e-06,-2.055563596017173e-06
4.474431818181818e-01,8.750000000000000e-01,-1.781232738825702e-06,-1.933820931500263e-06
4.474431818181818e-01,8.977272727272727e-01,-1.405932375435530e-06,-1.546440582593347e-06
4.474431818181818e-01,9.204545454545454e-01,-1.030632012045358e-06,-1.159060233686432e-06
4.474431818181818e-01,9.431818181818182e-01,-6.553316486551849e-07,-7.716798847795143e-07
4.474431818181818e-01,9.659090909090909e-01,-3.794353495268191e-07,-4.534352882339531e-07
4.474431818181818e-01,9.886363636363636e-01,-1.264784498434852e-07,-1.511450960794734e-07
4.616477272727273e-01,1.136363636363636e-02,1.806503315219990e-07,2.158563571918520e-07
4.616477272727273e-01,3.409090909090909e-02,5.419509945617460e-07,6.475690715684741e-07
4.616477272727273e-01,5.681818181818182e-02,9.032516576014933e-07,1.079281785945096e-06
4.616477272727273e-01,7.954545454545454e-02,1.264552320641240e-06,1.510994500321719e-06
4.616477272727273e-01,1.022727272727273e-01,1.529287803393069e-06,1.860756194814861e-06
4.616477272727273e-01,1.250000000000000e-01,1.750130022377662e-06,2.173267425724602e-06
4.616477272727273e-01,1.477272727272727e-01,1.726703282766361e-06,2.084876497566296e-06
4.616477272727273e-01,1.704545454545454e-01,1.703276543155060e-06,1.996485569407991e-06
4.616477272727273e-01,1.931818181818182e-01,1.679849803543759e-06,1.908094641249685e-06
4.616477272727273e-01,2.159090909090909e-01,1.655872354214058e-06,1.819187635704258e-06
4.616477272727273e-01,2.386363636363636e-01,1.629508496104626e-06,1.728044294814639e-06
4.616477272727273e-01,2.613636363636364e-01,1.478859158656797e-06,1.527093890952268e-06
4.616477272727273e-01,2.840909090909091e-01,1.203924341870571e-06,1.216336424117146e-06
4.616477272727273e-01,3.068181818181818e-01,9.289895250843451e-07,9.055789572820249e-07
4.616477272727273e-01,3.295454545454545e-01,6.540547082981196e-07,5.948214904469036e-07
4.616477272727273e-01,3.522727272727273e-01,4.344515542149100e-07,3.325419219920363e-07
4.616477272727273e-01,3.750000000000000e-01,2.399991559057994e-07,9.229776189183091e-08
4.616477272727273e-01,3.977272727272727e-01,-9.356719422296294e-08,-2.537105504595682e-07
4.616477272727273e-01,4.204545454545455e-01,-4.271335443517261e-07,-5.997188628109682e-07
4.616477272727273e-01,4.431818181818182e-01,-7.606998944804885e-07,-9.457271751623672e-07
4.616477272727273e-01,4.659090909090909e-01,-1.071998493541478e-06,-1.272130390014905e-06
4.616477272727273e-01,4.886363636363636e-01,-1.286803504642119e-06,-1.513578182372379e-06
4.616477272727273e-01,5.113636363636364e-01,-1.510890875534022e-06,-1.749131219566019e-06
4.616477272727273e-01,5.340909090909091e-01,-1.744260606217186e-06,-1.978789501595823e-06
4.616477272727273e-01,5.568181818181818e-01,-1.977630336900351e-06,-2.208447783625628e-06
4.616477272727273e-01,5.795454545454546e-01,-2.211000067583517e-06,-2.438106065655433e-06
4.616477272727273e-01,6.022727272727273e-01,-2.373868548802240e-06,-2.611602872558255e-06
4.616477272727273e-01,6.250000000000000e-01,-2.504691007537125e-06,-2.759571736221540e-06
4.616477272727273e-01,6.477272727272727e-01,-2.524586745920746e-06,-2.784514921389372e-06
4.616477272727273e-01,6.704545454545454e-01,-2.544482484304368e-06,-2.809458106557205e-06
4.616477272727273e-01,6.931818181818182e-01,-2.564378222687990e-06,-2.834401291725038e-06
4.616477272727273e-01,7.159090909090909e-01,-2.583787593521576e-06,-2.857618866656035e-06
4.616477272727273e-01,7.386363636363636e-01,-2.601089371638342e-06,-2.873358797227412e-06
4.616477272727273e-01,7.613636363636364e-01,-2.535444086115549e-06,-2.790896206884222e-06
4.616477272727273e-01,7.840909090909091e-01,-2.386851736953198e-06,-2.610231095626466e-06
4.616477272727273e-01,8.068181818181818e-01,-2.238259387790846e-06,-2.429565984368711e-06
4.616477272727273e-01,8.295454545454546e-01,-2.089667038628494e-06,-2.248900873110955e-06
4.616477272727273e-01,8.522727272727273e-01,-1.967643789344897e-06,-2.108744943987530e-06
4.616477272727273e-01,8.750000000000000e-01,-1.857697403642550e-06,-1.987002279470619e-06
4.616477272727273e-01,8.977272727272727e-01,-1.482397040252378e-06,-1.599621930563704e-06
4.616477272727273e-01,9.204545454545454e-01,-1.107096676862207e-06,-1.212241581656788e-06
4.616477272727273e-01,9.431818181818182e-01,-7.317963134720330e-07,-8.248612327498710e-07
4.616477272727273e-01,9.659090909090909e-01,-3.794353495268934e-07,-4.534352882340372e-07
4.616477272727273e-01,9.886363636363636e-01,-1.264784498435595e-07,-1.511450960795576e-07
4.758522727272727e-01,1.136363636363636e-02,1.806503315220768e-07,2.158563571919831e-07
4.758522727272727e-01,3.409090909090909e-02,5.419509945618238e-07,6.475690715686053e-07
4.758522727272727e-01,5.681818181818182e-02,9.032516576015711e-07,1.079281785945228e-06
4.758522727272727e-01,7.954545454545454e-02,1.264552320641318e-06,1.510994500321850e-06
4.758522727272727e-01,1.022727272727273e-01,1.617074330927618e-06,1.935257121981792e-06
4.758522727272727e-01,1.250000000000000e-01,1.837916549912211e-06,2.247768352891534e-06
4.758522727272727e-01,1.477272727272727e-01,1.814489810300910e-06,2.159377424733228e-06
4.758522727272727e-01,1.704545454545454e-01,1.791063070689609e-06,2.070986496574922e-06
4.758522727272727e-01,1.931818181818182e-01,1.767636331078308e-06,1.982595568416616e-06
4.758522727272727e-01,2.159090909090909e-01,1.744209591467006e-06,1.894204640258310e-06
4.758522727272727e-01,2.386363636363636e-01,1.719130722700507e-06,1.804265479938641e-06
4.758522727272727e-01,2.613636363636364e-01,1.568481385252678e-06,1.603315076076270e-06
4.758522727272727e-01,2.840909090909091e-01,1.293546568466452e-06,1.292557609241148e-06
4.758522727272727e-01,3.068181818181818e-01,1.018611751680226e-06,9.818001424060271e-07
4.758522727272727e-01,3.295454545454545e-01,7.436769348940007e-07,6.710426755709057e-07
4.758522727272727e-01,3.522727272727273e-01,4.737722692625944e-07,3.646922904067161e-07
4.758522727272727e-01,3.750000000000000e-01,2.793198709534837e-07,1.244481303065107e-07
4.758522727272727e-01,3.977272727272727e-01,-5.424647917527866e-08,-2.215601820448884e-07
4.758522727272727e-01,4.204545454545455e-01,-3.878128293040418e-07,-5.675684943962883e-07
4.758522727272727e-01,4.431818181818182e-01,-7.213791794328041e-07,-9.135768067476875e-07
4.758522727272727e-01,4.659090909090909e-01,-1.054945529561566e-06,-1.259585119099087e-06
4.758522727272727e-01,4.886363636363636e-01,-1.321708626487011e-06,-1.546778138953903e-06
4.758522727272727e-01,5.113636363636364e-01,-1.545795997378913e-06,-1.782331176147542e-06
4.758522727272727e-01,5.340909090909091e-01,-1.779165728062078e-06,-2.011989458177347e-06
4.758522727272727e-01,5.568181818181818e-01,-2.012535458745243e-06,-2.241647740207151e-06
4.758522727272727e-01,5.795454545454546e-01,-2.245905189428409e-06,-2.471306022236957e-06
4.758522727272727e-01,6.022727272727273e-01,-2.472865715614806e-06,-2.695858715618853e-06
4.758522727272727e-01,6.250000000000000e-01,-2.603688174349691e-06,-2.843827579282138e-06
4.758522727272727e-01,6.477272727272727e-01,-2.623583912733313e-06,-2.868770764449971e-06
4.758522727272727e-01,6.704545454545454e-01,-2.643479651116934e-06,-2.893713949617804e-06
4.758522727272727e-01,6.931818181818182e-01,-2.663375389500556e-06,-2.918657134785637e-06
4.758522727272727e-01,7.159090909090909e-01,-2.683271127884178e-06,-2.943600319953470e-06
4.758522727272727e-01,7.386363636363636e-01,-2.701707763617693e-06,-2.963366674410796e-06
4.758522727272727e-01,7.613636363636364e-01,-2.636062478094900e-06,-2.880904084067606e-06
4.758522727272727e-01,7.840909090909091e-01,-2.487470128932549e-06,-2.700238972809851e-06
4.758522727272727e-01,8.068181818181818e-01,-2.338877779770197e-06,-2.519573861552096e-06
4.758522727272727e-01,8.295454545454546e-01,-2.190285430607845e-06,-2.338908750294339e-06
4.758522727272727e-01,8.522727272727273e-01,-2.044108454161744e-06,-2.161926291957886e-06
4.758522727272727e-01,8.750000000000000e-01,-1.934162068459398e-06,-2.040183627440975e-06
4.758522727272727e-01,8.977272727272727e-01,-1.558861705069226e-06,-1.652803278534060e-06
4.758522727272727e-01,9.204545454545454e-01,-1.183561341679054e-06,-1.265422929627145e-06
4.758522727272727e-01,9.431818181818182e-01,-8.082609782888808e-07,-8.780425807202273e-07
4.758522727272727e-01,9.659090909090909e-01,-4.329606148987090e-07,-4.906622318133118e-07
4.758522727272727e-01,9.886363636363636e-01,-1.264784498436338e-07,-1.511450960796417e-07
4.900568181818182e-01,1.136363636363636e-02,1.806503315221545e-07,2.158563571921142e-07
4.900568181818182e-01,3.409090909090909e-02,5.419509945619016e-07,6.475690715687363e-07
4.900568181818182e-01,5.681818181818182e-02,9.032516576016490e-07,1.079281785945359e-06
4.900568181818182e-01,7.954545454545454e-02,1.264552320641396e-06,1.510994500321981e-06
4.900568181818182e-01,1.022727272727273e-01,1.625852983681143e-06,1.942707214698603e-06
4.900568181818182e-01,1.250000000000000e-01,1.925703077446760e-06,2.322269280058465e-06
4.900568181818182e-01,1.477272727272727e-01,1.902276337835459e-06,2.233878351900160e-06
4.900568181818182e-01,1.704545454545454e-01,1.878849598224158e-06,2.145487423741853e-06
4.900568181818182e-01,1.931818181818182e-01,1.855422858612857e-06,2.057096495583548e-06
4.900568181818182e-01,2.159090909090909e-01,1.831996119001556e-06,1.968705567425242e-06
4.900568181818182e-01,2.386363636363636e-01,1.808569379390255e-06,1.880314639266936e-06
4.900568181818182e-01,2.613636363636364e-01,1.658103611848559e-06,1.679536261200273e-06
4.900568181818182e-01,2.840909090909091e-01,1.383168795062333e-06,1.368778794365151e-06
4.900568181818182e-01,3.068181818181818e-01,1.108233978276108e-06,1.058021327530029e-06
4.900568181818182e-01,3.295454545454545e-01,8.332991614898820e-07,7.472638606949082e-07
4.900568181818182e-01,3.522727272727273e-01,5.583643447036560e-07,4.365063938597861e-07
4.900568181818182e-01,3.750000000000000e-01,3.186405860011682e-07,1.565984987211905e-07
4.900568181818182e-01,3.977272727272727e-01,-1.492576412759416e-08,-1.894098136302085e-07
4.900568181818182e-01,4.204545454545455e-01,-3.484921142563573e-07,-5.354181259816085e-07
4.900568181818182e-01,4.431818181818182e-01,-6.820584643851196e-07,-8.814264383330075e-07
4.900568181818182e-01,4.659090909090909e-01,-1.015624814513882e-06,-1.227434750684407e-06
4.900568181818182e-01,4.886363636363636e-01,-1.349191164642645e-06,-1.573443063035807e-06
4.900568181818182e-01,5.113636363636364e-01,-1.580701119223805e-06,-1.815531132729066e-06
4.900568181818182e-01,5.340909090909091e-01,-1.814070849906970e-06,-2.045189414758870e-06
4.900568181818182e-01,5.568181818181818e-01,-2.047440580590135e-06,-2.274847696788675e-06
4.900568181818182e-01,5.795454545454546e-01,-2.280810311273300e-06,-2.504505978818481e-06
4.900568181818182e-01,6.022727272727273e-01,-2.514180041956466e-06,-2.734164260848285e-06
4.900568181818182e-01,6.250000000000000e-01,-2.702685341162258e-06,-2.928083422342737e-06
4.900568181818182e-01,6.477272727272727e-01,-2.722581079545879e-06,-2.953026607510569e-06
4.900568181818182e-01,6.704545454545454e-01,-2.742476817929501e-06,-2.977969792678403e-06
4.900568181818182e-01,6.931818181818182e-01,-2.762372556313123e-06,-3.002912977846236e-06
4.900568181818182e-01,7.159090909090909e-01,-2.782268294696744e-06,-3.027856163014069e-06
4.900568181818182e-01,7.386363636363636e-01,-2.802164033080366e-06,-3.052799348181902e-06
4.900568181818182e-01,7.613636363636364e-01,-2.736680870074252e-06,-2.970911961250991e-06
4.900568181818182e-01,7.840909090909091e-01,-2.588088520911900e-06,-2.790246849993235e-06
4.900568181818182e-01,8.068181818181818e-01,-2.439496171749549e-06,-2.609581738735480e-06
4.900568181818182e-01,8.295454545454546e-01,-2.290903822587196e-06,-2.428916627477723e-06
4.900568181818182e-01,8.522727272727273e-01,-2.142311473424845e-06,-2.248251516219968e-06
4.900568181818182e-01,8.750000000000000e-01,-2.010626733276246e-06,-2.093364975411332e-06
4.900568181818182e-01,8.977272727272727e-01,-1.635326369886074e-06,-1.705984626504417e-06
4.900568181818182e-01,9.204545454545454e-01,-1.260026006495902e-06,-1.318604277597501e-06
4.900568181818182e-01,9.431818181818182e-01,-8.847256431057289e-07,-9.312239286905840e-07
4.900568181818182e-01,9.659090909090909e-01,-5.094252797155571e-07,-5.438435797836685e-07
4.900568181818182e-01,9.886363636363636e-01,-1.341249163253854e-07,-1.564632308767531e-07
5.042613636363636e-01,1.136363636363636e-02,1.840614236443798e-07,2.779761411444382e-07
5.042613636363636e-01,3.409090909090909e-02,5.453620866841268e-07,7.096888555210602e-07
5.042613636363636e-01,5.681818181818182e-02,9.066627497238742e-07,1.141401569897683e-06
5.042613636363636e-01,7.954545454545454e-02,1.267963412763621e-06,1.573114284274305e-06
5.042613636363636e-01,1.022727272727273e-01,1.629264075803369e-06,2.004826998650927e-06
5.042613636363636e-01,1.250000000000000e-01,1.990564738843116e-06,2.436539713027550e-06
5.042613636363636e-01,1.477272727272727e-01,1.983718351919536e-06,2.332755456880850e-06
5.042613636363636e-01,1.704545454545454e-01,1.960291612308235e-06,2.244364528722544e-06
5.042613636363636e-01,1.931818181818182e-01,1.936864872696934e-06,2.155973600564238e-06
5.042613636363636e-01,2.159090909090909e-01,1.913438133085633e-06,2.067582672405932e-06
5.042613636363636e-01,2.386363636363636e-01,1.890011393474332e-06,1.979191744247626e-06
5.042613636363636e-01,2.613636363636364e-01,1.742383221328302e-06,1.747412714033810e-06
5.042613636363636e-01,2.840909090909091e-01,1.467448404542076e-06,1.436655247198688e-06
5.042613636363636e-01,3.068181818181818e-01,1.192513587755851e-06,1.125897780363567e-06
5.042613636363636e-01,3.295454545454545e-01,9.175787709696250e-07,8.151403135284455e-07
5.042613636363636e-01,3.522727272727273e-01,6.426439541833987e-07,5.043828466933234e-07
5.042613636363636e-01,3.750000000000000e-01,3.677091373971733e-07,1.936253798582021e-07
5.042613636363636e-01,3.977272727272727e-01,2.212518589291048e-08,-1.883247466986256e-07
5.042613636363636e-01,4.204545454545455e-01,-3.114411642358526e-07,-5.343330590500255e-07
5.042613636363636e-01,4.431818181818182e-01,-6.450075143646150e-07,-8.803413714014247e-07
5.042613636363636e-01,4.659090909090909e-01,-9.785738644933773e-07,-1.226349683752824e-06
5.042613636363636e-01,4.886363636363636e-01,-1.312140214622140e-06,-1.572357996104224e-06
5.042613636363636e-01,5.113636363636364e-01,-1.613508502124388e-06,-1.890118571651351e-06
5.042613636363636e-01,5.340909090909091e-01,-1.846878232807553e-06,-2.119776853681155e-06
5.042613636363636e-01,5.568181818181818e-01,-2.080247963490718e-06,-2.349435135710960e-06
5.042613636363636e-01,5.795454545454546e-01,-2.313617694173884e-06,-2.579093417740766e-06
5.042613636363636e-01,6.022727272727273e-01,-2.546987424857048e-06,-2.808751699770570e-06
5.042613636363636e-01,6.250000000000000e-01,-2.780357155540213e-06,-3.038409981800375e-06
5.042613636363636e-01,6.477272727272727e-01,-2.811692784252495e-06,-3.072357579878111e-06
5.042613636363636e-01,6.704545454545454e-01,-2.831588522636116e-06,-3.097300765045944e-06
5.042613636363636e-01,6.931818181818182e-01,-2.851484261019738e-06,-3.122243950213777e-06
5.042613636363636e-01,7.159090909090909e-01,-2.871379999403359e-06,-3.147187135381610e-06
5.042613636363636e-01,7.386363636363636e-01,-2.891275737786981e-06,-3.172130320549443e-06
5.042613636363636e-01,7.613636363636364e-01,-2.802243314665029e-06,-3.068772915669569e-06
5.042613636363636e-01,7.840909090909091e-01,-2.653650965502678e-06,-2.888107804411814e-06
5.042613636363636e-01,8.068181818181818e-01,-2.505058616340326e-06,-2.707442693154058e-06
5.042613636363636e-01,8.295454545454546e-01,-2.356466267177974e-06,-2.526777581896302e-06
5.042613636363636e-01,8.522727272727273e-01,-2.207873918015622e-06,-2.346112470638546e-06
5.042613636363636e-01,8.750000000000000e-01,-2.059281568853271e-06,-2.165447359380791e-06
5.042613636363636e-01,8.977272727272727e-01,-1.688851635257892e-06,-1.743211570083661e-06
5.042613636363636e-01,9.204545454545454e-01,-1.313551271867720e-06,-1.355831221176746e-06
5.042613636363636e-01,9.431818181818182e-01,-9.382509084775464e-07,-9.684508722698287e-07
5.042613636363636e-01,9.659090909090909e-01,-5.629505450873746e-07,-5.810705233629132e-07
5.042613636363636e-01,9.886363636363636e-01,-1.876501816972029e-07,-1.936901744559978e-07
5.184659090909091e-01,1.136363636363636e-02,1.897465771812173e-07,3.815091143979451e-07
5.184659090909091e-01,3.409090909090909e-02,5.567323937580294e-07,9.167548020284997e-07
5.184659090909091e-01,5.681818181818182e-02,9.180330567977767e-07,1.348467516405122e-06
5.184659090909091e-01,7.954545454545454e-02,1.279333719837524e-06,1.780180230781744e-06
5.184659090909091e-01,1.022727272727273e-01,1.640634382877271e-06,2.211892945158366e-06
5.184659090909091e-01,1.250000000000000e-01,2.001935045917018e-06,2.643605659534989e-06
5.184659090909091e-01,1.477272727272727e-01,2.050356501285845e-06,2.488510310093643e-06
5.184659090909091e-01,1.704545454545454e-01,2.026929761674543e-06,2.400119381935337e-06
5.184659090909091e-01,1.931818181818182e-01,2.003503022063243e-06,2.311728453777032e-06
5.184659090909091e-01,2.159090909090909e-01,1.980076282451941e-06,2.223337525618726e-06
5.184659090909091e-01,2.386363636363636e-01,1.956649542840640e-06,2.134946597460420e-06
5.184659090909091e-01,2.613636363636364e-01,1.811609047449166e-06,1.849492846051433e-06
5.184659090909091e-01,2.840909090909091e-01,1.539261907417496e-06,1.485060658021140e-06
5.184659090909091e-01,3.068181818181818e-01,1.264327090631270e-06,1.174303191186019e-06
5.184659090909091e-01,3.295454545454545e-01,9.893922738450446e-07,8.635457243508973e-07
5.184659090909091e-01,3.522727272727273e-01,7.144574570588183e-07,5.527882575157752e-07
5.184659090909091e-01,3.750000000000000e-01,4.395226402725928e-07,2.420307906806539e-07
5.184659090909091e-01,3.977272727272727e-01,5.388001751666194e-08,-2.597253832276018e-07
5.184659090909091e-01,4.204545454545455e-01,-2.796863326121012e-07,-6.057336955790018e-07
5.184659090909091e-01,4.431818181818182e-01,-6.132526827408635e-07,-9.517420079304008e-07
5.184659090909091e-01,4.659090909090909e-01,-9.468190328696259e-07,-1.297750320281800e-06
5.184659090909091e-01,4.886363636363636e-01,-1.280385382998389e-06,-1.643758632633200e-06
5.184659090909091e-01,5.113636363636364e-01,-1.611587415661110e-06,-2.011398005441203e-06
5.184659090909091e-01,5.340909090909091e-01,-1.874790891504748e-06,-2.290935084731884e-06
5.184659090909091e-01,5.568181818181818e-01,-2.108160622187913e-06,-2.520593366761688e-06
5.184659090909091e-01,5.795454545454546e-01,-2.341530352871079e-06,-2.750251648791494e-06
5.184659090909091e-01,6.022727272727273e-01,-2.574900083554244e-06,-2.979909930821299e-06
5.184659090909091e-01,6.250000000000000e-01,-2.808269814237409e-06,-3.209568212851103e-06
5.184659090909091e-01,6.477272727272727e-01,-2.877738410711889e-06,-3.273530520628515e-06
5.184659090909091e-01,6.704545454545454e-01,-2.897634149095512e-06,-3.298473705796349e-06
5.184659090909091e-01,6.931818181818182e-01,-2.917529887479133e-06,-3.323416890964181e-06
5.184659090909091e-01,7.159090909090909e-01,-2.937425625862754e-06,-3.348360076132014e-06
5.184659090909091e-01,7.386363636363636e-01,-2.957321364246376e-06,-3.373303261299847e-06
5.184659090909091e-01,7.613636363636364e-01,-2.827148744903446e-06,-3.227451786695119e-06
5.184659090909091e-01,7.840909090909091e-01,-2.637416199520116e-06,-3.004292605712510e-06
5.184659090909091e-01,8.068181818181818e-01,-2.488823850357765e-06,-2.823627494454754e-06
5.184659090909091e-01,8.295454545454546e-01,-2.340231501195413e-06,-2.642962383196998e-06
5.184659090909091e-01,8.522727272727273e-01,-2.191639152033061e-06,-2.462297271939243e-06
5.184659090909091e-01,8.750000000000000e-01,-2.043046802870710e-06,-2.281632160681487e-06
5.184659090909091e-01,8.977272727272727e-01,-1.688851635257971e-06,-1.743211570083645e-06
5.184659090909091e-01,9.204545454545454e-01,-1.313551271867799e-06,-1.355831221176729e-06
5.184659090909091e-01,9.431818181818182e-01,-9.382509084776259e-07,-9.684508722698122e-07
5.184659090909091e-01,9.659090909090909e-01,-5.629505450874543e-07,-5.810705233628966e-07
5.184659090909091e-01,9.886363636363636e-01,-1.876501816972826e-07,-1.936901744559812e-07
5.326704545454546e-01,1.136363636363636e-02,1.897465771809898e-07,3.815091143975191e-07
5.326704545454546e-01,3.409090909090909e-02,5.681027008319319e-07,1.123820748535941e-06
5.326704545454546e-01,5.681818181818182e-02,9.294033638716792e-07,1.555533462912563e-06
5.326704545454546e-01,7.954545454545454e-02,1.290704026911426e-06,1.987246177289185e-06
5.326704545454546e-01,1.022727272727273e-01,1.652004689951174e-06,2.418958891665808e-06
5.326704545454546e-01,1.250000000000000e-01,2.013305352990921e-06,2.850671606042430e-06
5.326704545454546e-01,1.477272727272727e-01,2.078307161047469e-06,2.680182928612690e-06
5.326704545454546e-01,1.704545454545454e-01,2.093567911040852e-06,2.555874235148132e-06
5.326704545454546e-01,1.931818181818182e-01,2.070141171429551e-06,2.467483306989826e-06
5.326704545454546e-01,2.159090909090909e-01,2.046714431818250e-06,2.379092378831521e-06
5.326704545454546e-01,2.386363636363636e-01,2.023287692206949e-06,2.290701450673215e-06
5.326704545454546e-01,2.613636363636364e-01,1.878247196815475e-06,2.005247699264228e-06
5.326704545454546e-01,2.840909090909091e-01,1.611075410292916e-06,1.533466068843592e-06
5.326704545454546e-01,3.068181818181818e-01,1.336140593506690e-06,1.222708602008471e-06
5.326704545454546e-01,3.295454545454545e-01,1.061205776720465e-06,9.119511351733495e-07
5.326704545454546e-01,3.522727272727273e-01,7.862709599342386e-07,6.011936683382274e-07
5.326704545454546e-01,3.750000000000000e-01,5.113361431480130e-07,2.904362015031061e-07
5.326704545454546e-01,3.977272727272727e-01,1.136759190165816e-07,-2.472617866105782e-07
5.326704545454546e-01,4.204545454545455e-01,-2.479315009883495e-07,-6.771343321079786e-07
5.326704545454546e-01,4.431818181818182e-01,-5.814978511171118e-07,-1.023142644459378e-06
5.326704545454546e-01,4.659090909090909e-01,-9.150642012458742e-07,-1.369150956810777e-06
5.326704545454546e-01,4.886363636363636e-01,-1.248630551374637e-06,-1.715159269162177e-06
5.326704545454546e-01,5.113636363636364e-01,-1.579832584037358e-06,-2.082798641970180e-06
5.326704545454546e-01,5.340909090909091e-01,-1.902703550201944e-06,-2.462093315782613e-06
5.326704545454546e-01,5.568181818181818e-01,-2.136073280885109e-06,-2.691751597812418e-06
5.326704545454546e-01,5.795454545454546e-01,-2.369443011568274e-06,-2.921409879842223e-06
5.326704545454546e-01,6.022727272727273e-01,-2.602812742251439e-06,-3.151068161872027e-06
5.326704545454546e-01,6.250000000000000e-01,-2.836182472934604e-06,-3.380726443901832e-06
5.326704545454546e-01,6.477272727272727e-01,-2.917090959737745e-06,-3.453693164589148e-06
5.326704545454546e-01,6.704545454545454e-01,-2.963679775554907e-06,-3.499646646546755e-06
5.326704545454546e-01,6.931818181818182e-01,-2.983575513938529e-06,-3.524589831714587e-06
5.326704545454546e-01,7.159090909090909e-01,-3.003471252322150e-06,-3.549533016882420e-06
5.326704545454546e-01,7.386363636363636e-01,-3.023366990705772e-06,-3.574476202050254e-06
5.326704545454546e-01,7.613636363636364e-01,-2.893194371362842e-06,-3.428624727445525e-06
5.326704545454546e-01,7.840909090909091e-01,-2.621181433537555e-06,-3.120477407013207e-06
5.326704545454546e-01,8.068181818181818e-01,-2.472589084375204e-06,-2.939812295755451e-06
5.326704545454546e-01,8.295454545454546e-01,-2.323996735212852e-06,-2.759147184497695e-06
5.326704545454546e-01,8.522727272727273e-01,-2.175404386050500e-06,-2.578482073239939e-06
5.326704545454546e-01,8.750000000000000e-01,-2.026812036888149e-06,-2.397816961982184e-06
5.326704545454546e-01,8.977272727272727e-01,-1.677487299070202e-06,-1.824540930994128e-06
5.326704545454546e-01,9.204545454545454e-01,-1.313551271867879e-06,-1.355831221176713e-06
5.326704545454546e-01,9.431818181818182e-01,-9.382509084777055e-07,-9.684508722697957e-07
5.326704545454546e-01,9.659090909090909e-01,-5.629505450875339e-07,-5.810705233628802e-07
5.326704545454546e-01,9.886363636363636e-01,-1.876501816973622e-07,-1.936901744559647e-07
5.468750000000000e-01,1.136363636363636e-02,1.897465771807623e-07,3.815091143970931e-07
5.468750000000000e-01,3.409090909090909e-02,5.692397315391175e-07,1.144527343186301e-06
5.468750000000000e-01,5.681818181818182e-02,9.407736709455818e-07,1.762599409420003e-06
5.468750000000000e-01,7.954545454545454e-02,1.302074333985329e-06,2.194312123796625e-06
5.468750000000000e-01,1.022727272727273e-01,1.663374997025076e-06,2.626024838173247e-06
5.468750000000000e-01,1.250000000000000e-01,2.024675660064823e-06,3.057737552549869e-06
5.468750000000000e-01,1.477272727272727e-01,2.089677468121371e-06,2.887248875120130e-06
5.468750000000000e-01,1.704545454545454e-01,2.154679276177920e-06,2.716760197690391e-06
5.468750000000000e-01,1.931818181818182e-01,2.136779320795859e-06,2.623238160202620e-06
5.468750000000000e-01,2.159090909090909e-01,2.113352581184558e-06,2.534847232044314e-06
5.468750000000000e-01,2.386363636363636e-01,2.089925841573257e-06,2.446456303886009e-06
5.468750000000000e-01,2.613636363636364e-01,1.944885346181783e-06,2.161002552477021e-06
5.468750000000000e-01,2.840909090909091e-01,1.678231095010135e-06,1.678485977817352e-06
5.468750000000000e-01,3.068181818181818e-01,1.407954096382110e-06,1.271114012830923e-06
5.468750000000000e-01,3.295454545454545e-01,1.133019279595884e-06,9.603565459958013e-07
5.468750000000000e-01,3.522727272727273e-01,8.580844628096581e-07,6.495990791606792e-07
5.468750000000000e-01,3.750000000000000e-01,5.831496460234326e-07,3.388416123255580e-07
5.468750000000000e-01,3.977272727272727e-01,1.854894218920012e-07,-1.988563757881264e-07
5.468750000000000e-01,4.204545454545455e-01,-2.121708022394313e-07,-7.365543639018121e-07
5.468750000000000e-01,4.431818181818182e-01,-5.497430194933604e-07,-1.094543280988354e-06
5.468750000000000e-01,4.659090909090909e-01,-8.833093696221227e-07,-1.440551593339753e-06
5.468750000000000e-01,4.886363636363636e-01,-1.216875719750886e-06,-1.786559905691153e-06
5.468750000000000e-01,5.113636363636364e-01,-1.548077752413607e-06,-2.154199278499156e-06
5.468750000000000e-01,5.340909090909091e-01,-1.876915467610287e-06,-2.543469711763764e-06
5.468750000000000e-01,5.568181818181818e-01,-2.163985939582304e-06,-2.862909828863145e-06
5.468750000000000e-01,5.795454545454546e-01,-2.397355670265470e-06,-3.092568110892951e-06
5.468750000000000e-01,6.022727272727273e-01,-2.630725400948634e-06,-3.322226392922755e-06
5.468750000000000e-01,6.250000000000000e-01,-2.864095131631799e-06,-3.551884674952560e-06
5.468750000000000e-01,6.477272727272727e-01,-2.945003618434940e-06,-3.624851395639876e-06
5.468750000000000e-01,6.704545454545454e-01,-3.025912105238082e-06,-3.697818116327191e-06
5.468750000000000e-01,6.931818181818182e-01,-3.049621140397924e-06,-3.725762772464992e-06
5.468750000000000e-01,7.159090909090909e-01,-3.069516878781545e-06,-3.750705957632825e-06
5.468750000000000e-01,7.386363636363636e-01,-3.089412617165167e-06,-3.775649142800658e-06
5.468750000000000e-01,7.613636363636364e-01,-2.959239997822237e-06,-3.629797668195930e-06
5.468750000000000e-01,7.840909090909091e-01,-2.678999020752755e-06,-3.313151533818641e-06
5.468750000000000e-01,8.068181818181818e-01,-2.456354318392643e-06,-3.055997097056147e-06
5.468750000000000e-01,8.295454545454546e-01,-2.307761969230290e-06,-2.875331985798391e-06
5.468750000000000e-01,8.522727272727273e-01,-2.159169620067939e-06,-2.694666874540635e-06
5.468750000000000e-01,8.750000000000000e-01,-2.010577270905587e-06,-2.514001763282880e-06
5.468750000000000e-01,8.977272727272727e-01,-1.661252533087641e-06,-1.940725732294824e-06
5.468750000000000e-01,9.204545454545454e-01,-1.311927795269694e-06,-1.367449701306768e-06
5.468750000000000e-01,9.431818181818182e-01,-9.382509084777852e-07,-9.684508722697794e-07
5.468750000000000e-01,9.659090909090909e-01,-5.629505450876135e-07,-5.810705233628636e-07
5.468750000000000e-01,9.886363636363636e-01,-1.876501816974418e-07,-1.936901744559482e-07
5.610795454545454e-01,1.136363636363636e-02,1.897465771805349e-07,3.815091143966671e-07
5.610795454545454e-01,3.409090909090909e-02,5.692397315388900e-07,1.144527343185875e-06
5.610795454545454e-01,5.681818181818182e-02,9.487328858972453e-07,1.907545571975083e-06
5.610795454545454e-01,7.954545454545454e-02,1.313444641059231e-06,2.401378070304064e-06
5.610795454545454e-01,1.022727272727273e-01,1.674745304098979e-06,2.833090784680686e-06
5.610795454545454e-01,1.250000000000000e-01,2.036045967138726e-06,3.264803499057309e-06
5.610795454545454e-01,1.477272727272727e-01,2.101047775195274e-06,3.094314821627569e-06
5.610795454545454e-01,1.704545454545454e-01,2.166049583251822e-06,2.923826144197830e-06
5.610795454545454e-01,1.931818181818182e-01,2.203417470162167e-06,2.778993013415414e-06
5.610795454545454e-01,2.159090909090909e-01,2.179990730550867e-06,2.690602085257108e-06
5.610795454545454e-01,2.386363636363636e-01,2.156563990939565e-06,2.602211157098802e-06
5.610795454545454e-01,2.613636363636364e-01,2.011523495548091e-06,2.316757405689815e-06
5.610795454545454e-01,2.840909090909091e-01,1.744869244376443e-06,1.834240831030145e-06
5.610795454545454e-01,3.068181818181818e-01,1.478214993204796e-06,1.351724256370477e-06
5.610795454545454e-01,3.295454545454545e-01,1.204832782471304e-06,1.008761956818253e-06
5.610795454545454e-01,3.522727272727273e-01,9.298979656850776e-07,6.980044899831311e-07
5.610795454545454e-01,3.750000000000000e-01,6.549631488988522e-07,3.872470231480098e-07
5.610795454545454e-01,3.977272727272727e-01,2.573029247674208e-07,-1.504509649656746e-07
5.610795454545454e-01,4.204545454545455e-01,-1.403572993640116e-07,-6.881489530793603e-07
5.610795454545454e-01,4.431818181818182e-01,-5.179881878696089e-07,-1.165943917517330e-06
5.610795454545454e-01,4.659090909090909e-01,-8.515545379983712e-07,-1.511952229868729e-06
5.610795454545454e-01,4.886363636363636e-01,-1.185120888127134e-06,-1.857960542220129e-06
5.610795454545454e-01,5.113636363636364e-01,-1.516322920789855e-06,-2.225599915028133e-06
5.610795454545454e-01,5.340909090909091e-01,-1.845160635986535e-06,-2.614870348292740e-06
5.610795454545454e-01,5.568181818181818e-01,-2.173998351183215e-06,-3.004140781557348e-06
5.610795454545454e-01,5.795454545454546e-01,-2.425268328962665e-06,-3.263726341943679e-06
5.610795454545454e-01,6.022727272727273e-01,-2.658638059645830e-06,-3.493384623973484e-06
5.610795454545454e-01,6.250000000000000e-01,-2.892007790328994e-06,-3.723042906003288e-06
5.610795454545454e-01,6.477272727272727e-01,-2.972916277132136e-06,-3.796009626690603e-06
5.610795454545454e-01,6.704545454545454e-01,-3.053824763935277e-06,-3.868976347377919e-06
5.610795454545454e-01,6.931818181818182e-01,-3.115666766857318e-06,-3.926935713215397e-06
5.610795454545454e-01,7.159090909090909e-01,-3.135562505240940e-06,-3.951878898383230e-06
5.610795454545454e-01,7.386363636363636e-01,-3.155458243624562e-06,-3.976822083551062e-06
5.610795454545454e-01,7.613636363636364e-01,-3.025285624281632e-06,-3.830970608946335e-06
5.610795454545454e-01,7.840909090909091e-01,-2.745044647212150e-06,-3.514324474569045e-06
5.610795454545454e-01,8.068181818181818e-01,-2.464803670142668e-06,-3.197678340191756e-06
5.610795454545454e-01,8.295454545454546e-01,-2.291527203247729e-06,-2.991516787099087e-06
5.610795454545454e-01,8.522727272727273e-01,-2.142934854085378e-06,-2.810851675841332e-06
5.610795454545454e-01,8.750000000000000e-01,-1.994342504923026e-06,-2.630186564583577e-06
5.610795454545454e-01,8.977272727272727e-01,-1.645017767105080e-06,-2.056910533595520e-06
5.610795454545454e-01,9.204545454545454e-01,-1.295693029287134e-06,-1.483634502607464e-06
5.610795454545454e-01,9.431818181818182e-01,-9.382509084778647e-07,-9.684508722697626e-07
5.610795454545454e-01,9.659090909090909e-01,-5.629505450876931e-07,-5.810705233628471e-07
5.610795454545454e-01,9.886363636363636e-01,-1.876501816975215e-07,-1.936901744559317e-07
5.752840909090909e-01,1.136363636363636e-02,1.897465771803074e-07,3.815091143962410e-07
5.752840909090909e-01,3.409090909090909e-02,5.692397315386626e-07,1.144527343185449e-06
5.752840909090909e-01,5.681818181818182e-02,9.487328858970178e-07,1.907545571974657e-06
5.752840909090909e-01,7.954545454545454e-02,1.324814948133134e-06,2.608444016811506e-06
5.752840909090909e-01,1.022727272727273e-01,1.686115611172881e-06,3.040156731188128e-06
5.752840909090909e-01,1.250000000000000e-01,2.047416274212628e-06,3.471869445564750e-06
5.752840909090909e-01,1.477272727272727e-01,2.112418082269177e-06,3.301380768135010e-06
5.752840909090909e-01,1.704545454545454e-01,2.177419890325725e-06,3.130892090705271e-06
5.752840909090909e-01,1.931818181818182e-01,2.242421698382273e-06,2.960403413275531e-06
5.752840909090909e-01,2.159090909090909e-01,2.246628879917175e-06,2.846356938469903e-06
5.752840909090909e-01,2.386363636363636e-01,2.223202140305874e-06,2.757966010311597e-06
5.752840909090909e-01,2.613636363636364e-01,2.078161644914400e-06,2.472512258902610e-06
5.752840909090909e-01,2.840909090909091e-01,1.811507393742752e-06,1.989995684242940e-06
5.752840909090909e-01,3.068181818181818e-01,1.544853142571105e-06,1.507479109583272e-06
5.752840909090909e-01,3.295454545454545e-01,1.276646285346724e-06,1.057167367640705e-06
5.752840909090909e-01,3.522727272727273e-01,1.001711468560498e-06,7.464099008055834e-07
5.752840909090909e-01,3.750000000000000e-01,7.267766517742724e-07,4.356524339704620e-07
5.752840909090909e-01,3.977272727272727e-01,3.291164276428409e-07,-1.020455541432224e-07
5.752840909090909e-01,4.204545454545455e-01,-6.854379648859154e-08,-6.397435422569080e-07
5.752840909090909e-01,4.431818181818182e-01,-4.662040206200230e-07,-1.177441530370593e-06
5.752840909090909e-01,4.659090909090909e-01,-8.197997063746196e-07,-1.583352866397706e-06
5.752840909090909e-01,4.886363636363636e-01,-1.153366056503383e-06,-1.929361178749106e-06
5.752840909090909e-01,5.113636363636364e-01,-1.484568089166104e-06,-2.297000551557109e-06
5.752840909090909e-01,5.340909090909091e-01,-1.813405804362784e-06,-2.686270984821717e-06
5.752840909090909e-01,5.568181818181818e-01,-2.142243519559463e-06,-3.075541418086325e-06
5.752840909090909e-01,5.795454545454546e-01,-2.453180987659861e-06,-3.434884572994408e-06
5.752840909090909e-01,6.022727272727273e-01,-2.686550718343025e-06,-3.664542855024213e-06
5.752840909090909e-01,6.250000000000000e-01,-2.919920449026190e-06,-3.894201137054018e-06
5.752840909090909e-01,6.477272727272727e-01,-3.000828935829331e-06,-3.967167857741333e-06
5.752840909090909e-01,6.704545454545454e-01,-3.081737422632473e-06,-4.040134578428649e-06
5.752840909090909e-01,6.931818181818182e-01,-3.162645909435614e-06,-4.113101299115964e-06
5.752840909090909e-01,7.159090909090909e-01,-3.201608131700336e-06,-4.153051839133636e-06
5.752840909090909e-01,7.386363636363636e-01,-3.221503870083957e-06,-4.177995024301469e-06
5.752840909090909e-01,7.613636363636364e-01,-3.091331250741028e-06,-4.032143549696741e-06
5.752840909090909e-01,7.840909090909091e-01,-2.811090273671546e-06,-3.715497415319452e-06
5.752840909090909e-01,8.068181818181818e-01,-2.530849296602064e-06,-3.398851280942162e-06
5.752840909090909e-01,8.295454545454546e-01,-2.275292437265168e-06,-3.107701588399784e-06
5.752840909090909e-01,8.522727272727273e-01,-2.126700088102816e-06,-2.927036477142029e-06
5.752840909090909e-01,8.750000000000000e-01,-1.978107738940465e-06,-2.746371365884273e-06
5.752840909090909e-01,8.977272727272727e-01,-1.628783001122518e-06,-2.173095334896217e-06
5.752840909090909e-01,9.204545454545454e-01,-1.279458263304572e-06,-1.599819303908161e-06
5.752840909090909e-01,9.431818181818182e-01,-9.301335254866242e-07,-1.026543272920102e-06
5.752840909090909e-01,9.659090909090909e-01,-5.629505450877727e-07,-5.810705233628306e-07
5.752840909090909e-01,9.886363636363636e-01,-1.876501816976011e-07,-1.936901744559152e-07
5.894886363636364e-01,1.136363636363636e-02,1.897465771800799e-07,3.815091143958150e-07
5.894886363636364e-01,3.409090909090909e-02,5.692397315384350e-07,1.144527343185023e-06
5.894886363636364e-01,5.681818181818182e-02,9.487328858967904e-07,1.907545571974231e-06
5.894886363636364e-01,7.954545454545454e-02,1.328226040255145e-06,2.670563800763439e-06
5.894886363636364e-01,1.022727272727273e-01,1.697485918246784e-06,3.247222677695567e-06
5.894886363636364e-01,1.250000000000000e-01,2.058786581286531e-06,3.678935392072189e-06
5.894886363636364e-01,1.477272727272727e-01,2.123788389343079e-06,3.508446714642450e-06
5.894886363636364e-01,1.704545454545454e-01,2.188790197399627e-06,3.337958037212711e-06
5.894886363636364e-01,1.931818181818182e-01,2.253792005456176e-06,3.167469359782971e-06
5.894886363636364e-01,2.159090909090909e-01,2.313267029283484e-06,3.002111791682696e-06
5.894886363636364e-01,2.386363636363636e-01,2.289840289672182e-06,2.913720863524391e-06
5.894886363636364e-01,2.613636363636364e-01,2.144799794280708e-06,2.628267112115403e-06
5.894886363636364e-01,2.840909090909091e-01,1.878145543109060e-06,2.145750537455734e-06
5.894886363636364e-01,3.068181818181818e-01,1.611491291937413e-06,1.663233962796065e-06
5.894886363636364e-01,3.295454545454545e-01,1.344837040765766e-06,1.180717388136397e-06
5.894886363636364e-01,3.522727272727273e-01,1.073524971435917e-06,7.948153116280352e-07
5.894886363636364e-01,3.750000000000000e-01,7.985901546496919e-07,4.840578447929138e-07
5.894886363636364e-01,3.977272727272727e-01,4.009299305182605e-07,-5.364014332077052e-08
5.894886363636364e-01,4.204545454545455e-01,3.269706386828083e-09,-5.913381314344562e-07
5.894886363636364e-01,4.431818181818182e-01,-3.943905177446034e-07,-1.129036119548141e-06
5.894886363636364e-01,4.659090909090909e-01,-7.880448747508681e-07,-1.654753502926682e-06
5.894886363636364e-01,4.886363636363636e-01,-1.121611224879631e-06,-2.000761815278082e-06
5.894886363636364e-01,5.113636363636364e-01,-1.452813257542352e-06,-2.368401188086086e-06
5.894886363636364e-01,5.340909090909091e-01,-1.781650972739032e-06,-2.757671621350693e-06
5.894886363636364e-01,5.568181818181818e-01,-2.110488687935712e-06,-3.146942054615301e-06
5.894886363636364e-01,5.795454545454546e-01,-2.439326403132394e-06,-3.536212487879911e-06
5.894886363636364e-01,6.022727272727273e-01,-2.714463377040221e-06,-3.835701086074941e-06
5.894886363636364e-01,6.250000000000000e-01,-2.947833107723386e-06,-4.065359368104746e-06
5.894886363636364e-01,6.477272727272727e-01,-3.028741594526527e-06,-4.138326088792061e-06
5.894886363636364e-01,6.704545454545454e-01,-3.109650081329668e-06,-4.211292809479377e-06
5.894886363636364e-01,6.931818181818182e-01,-3.190558568132810e-06,-4.284259530166693e-06
5.894886363636364e-01,7.159090909090909e-01,-3.267653758159731e-06,-4.354224779884040e-06
5.894886363636364e-01,7.386363636363636e-01,-3.287549496543352e-06,-4.379167965051873e-06
5.894886363636364e-01,7.613636363636364e-01,-3.157376877200423e-06,-4.233316490447145e-06
5.894886363636364e-01,7.840909090909091e-01,-2.877135900130941e-06,-3.916670356069856e-06
5.894886363636364e-01,8.068181818181818e-01,-2.596894923061459e-06,-3.600024221692567e-06
5.894886363636364e-01,8.295454545454546e-01,-2.316653945991976e-06,-3.283378087315276e-06
5.894886363636364e-01,8.522727272727273e-01,-2.110465322120255e-06,-3.043221278442725e-06
5.894886363636364e-01,8.750000000000000e-01,-1.961872972957904e-06,-2.862556167184970e-06
5.894886363636364e-01,8.977272727272727e-01,-1.612548235139957e-06,-2.289280136196913e-06
5.894886363636364e-01,9.204545454545454e-01,-1.263223497322011e-06,-1.716004105208857e-06
5.894886363636364e-01,9.431818181818182e-01,-9.138987595040628e-07,-1.142728074220798e-06
5.894886363636364e-01,9.659090909090909e-01,-5.629505450878525e-07,-5.810705233628141e-07
5.894886363636364e-01,9.886363636363636e-01,-1.876501816976807e-07,-1.936901744558987e-07
6.036931818181818e-01,1.136363636363636e-02,1.897465771798525e-07,3.815091143953890e-07
6.036931818181818e-01,3.409090909090909e-02,5.692397315382076e-07,1.144527343184597e-06
6.036931818181818e-01,5.681818181818182e-02,9.487328858965629e-07,1.907545571973805e-06
6.036931818181818e-01,7.954545454545454e-02,1.328226040254918e-06,2.670563800763013e-06
6.036931818181818e-01,1.022727272727273e-01,1.707719194613273e-06,3.433582029552221e-06
6.036931818181818e-01,1.250000000000000e-01,2.070156888360433e-06,3.886001338579629e-06
6.036931818181818e-01,1.477272727272727e-01,2.135158696416982e-06,3.715512661149889e-06
6.036931818181818e-01,1.704545454545454e-01,2.200160504473530e-06,3.545023983720150e-06
6.036931818181818e-01,1.931818181818182e-01,2.265162312530078e-06,3.374535306290411e-06
6.036931818181818e-01,2.159090909090909e-01,2.330164120586627e-06,3.204046628860671e-06
6.036931818181818e-01,2.386363636363636e-01,2.356478439038490e-06,3.069475716737184e-06
6.036931818181818e-01,2.613636363636364e-01,2.211437943647017e-06,2.784021965328197e-06
6.036931818181818e-01,2.840909090909091e-01,1.944783692475368e-06,2.301505390668527e-06
6.036931818181818e-01,3.068181818181818e-01,1.678129441303721e-06,1.818988816008859e-06
6.036931818181818e-01,3.295454545454545e-01,1.411475190132074e-06,1.336472241349190e-06
6.036931818181818e-01,3.522727272727273e-01,1.144820938960426e-06,8.539556666895207e-07
6.036931818181818e-01,3.750000000000000e-01,8.704036575251115e-07,5.324632556153657e-07
6.036931818181818e-01,3.977272727272727e-01,4.727434333936801e-07,-5.234732498318761e-09
6.036931818181818e-01,4.204545454545455e-01,7.508320926224760e-08,-5.429327206120044e-07
6.036931818181818e-01,4.431818181818182e-01,-3.225770148691838e-07,-1.080630708725689e-06
6.036931818181818e-01,4.659090909090909e-01,-7.202372390006151e-07,-1.618328696839373e-06
6.036931818181818e-01,4.886363636363636e-01,-1.089856393255880e-06,-2.072162451807059e-06
6.036931818181818e-01,5.113636363636364e-01,-1.421058425918601e-06,-2.439801824615062e-06
6.036931818181818e-01,5.340909090909091e-01,-1.749896141115281e-06,-2.829072257879669e-06
6.036931818181818e-01,5.568181818181818e-01,-2.078733856311961e-06,-3.218342691144277e-06
6.036931818181818e-01,5.795454545454546e-01,-2.407571571508642e-06,-3.607613124408887e-06
6.036931818181818e-01,6.022727272727273e-01,-2.736409286705322e-06,-3.996883557673495e-06
6.036931818181818e-01,6.250000000000000e-01,-2.975745766420581e-06,-4.236517599155474e-06
6.036931818181818e-01,6.477272727272727e-01,-3.056654253223722e-06,-4.309484319842789e-06
6.036931818181818e-01,6.704545454545454e-01,-3.137562740026864e-06,-4.382451040530105e-06
6.036931818181818e-01,6.931818181818182e-01,-3.218471226830005e-06,-4.455417761217421e-06
6.036931818181818e-01,7.159090909090909e-01,-3.299379713633147e-06,-4.528384481904737e-06
6.036931818181818e-01,7.386363636363636e-01,-3.353595123002748e-06,-4.580340905802278e-06
6.036931818181818e-01,7.613636363636364e-01,-3.223422503659818e-06,-4.434489431197550e-06
6.036931818181818e-01,7.840909090909091e-01,-2.943181526590336e-06,-4.117843296820261e-06
6.036931818181818e-01,8.068181818181818e-01,-2.662940549520854e-06,-3.801197162442972e-06
6.036931818181818e-01,8.295454545454546e-01,-2.382699572451371e-06,-3.484551028065680e-06
6.036931818181818e-01,8.522727272727273e-01,-2.102458595381889e-06,-3.167904893688392e-06
6.036931818181818e-01,8.750000000000000e-01,-1.945638206975343e-06,-2.978740968485666e-06
6.036931818181818e-01,8.977272727272727e-01,-1.596313469157396e-06,-2.405464937497610e-06
6.036931818181818e-01,9.204545454545454e-01,-1.246988731339450e-06,-1.832188906509554e-06
6.036931818181818e-01,9.431818181818182e-01,-8.976639935215018e-07,-1.258912875521495e-06
6.036931818181818e-01,9.659090909090909e-01,-5.483392557035553e-07,-6.856368445334387e-07
6.036931818181818e-01,9.886363636363636e-01,-1.876501816977603e-07,-1.936901744558822e-07
6.178977272727273e-01,1.136363636363636e-02,1.897465771796250e-07,3.815091143949629e-07
6.178977272727273e-01,3.409090909090909e-02,5.692397315379801e-07,1.144527343184171e-06
6.178977272727273e-01,5.681818181818182e-02,9.487328858963354e-07,1.907545571973379e-06
6.178977272727273e-01,7.954545454545454e-02,1.328226040254691e-06,2.670563800762587e-06
6.178977272727273e-01,1.022727272727273e-01,1.707719194613046e-06,3.433582029551795e-06
6.178977272727273e-01,1.250000000000000e-01,2.081527195434336e-06,4.093067285087070e-06
6.178977272727273e-01,1.477272727272727e-01,2.146529003490884e-06,3.922578607657330e-06
6.178977272727273e-01,1.704545454545454e-01,2.211530811547432e-06,3.752089930227591e-06
6.178977272727273e-01,1.931818181818182e-01,2.276532619603981e-06,3.581601252797852e-06
6.178977272727273e-01,2.159090909090909e-01,2.341534427660529e-06,3.411112575368112e-06
6.178977272727273e-01,2.386363636363636e-01,2.406536235717077e-06,3.240623897938373e-06
6.178977272727273e-01,2.613636363636364e-01,2.278076093013325e-06,2.939776818540992e-06
6.178977272727273e-01,2.840909090909091e-01,2.011421841841677e-06,2.457260243881322e-06
6.178977272727273e-01,3.068181818181818e-01,1.744767590670030e-06,1.974743669221654e-06
6.178977272727273e-01,3.295454545454545e-01,1.478113339498383e-06,1.492227094561985e-06
6.178977272727273e-01,3.522727272727273e-01,1.211459088326734e-06,1.009710519902315e-06
6.178977272727273e-01,3.750000000000000e-01,9.422171604005316e-07,5.808686664378178e-07
6.178977272727273e-01,3.977272727272727e-01,5.445569362691003e-07,4.317067832413347e-08
6.178977272727273e-01,4.204545454545455e-01,1.468967121376677e-07,-4.945273097895522e-07
6.178977272727273e-01,4.431818181818182e-01,-2.507635119937637e-07,-1.032225297903237e-06
6.178977272727273e-01,4.659090909090909e-01,-6.484237361251950e-07,-1.569923286016921e-06
6.178977272727273e-01,4.886363636363636e-01,-1.046083960256628e-06,-2.107621274130606e-06
6.178977272727273e-01,5.113636363636364e-01,-1.389303594294849e-06,-2.511202461144039e-06
6.178977272727273e-01,5.340909090909091e-01,-1.718141309491529e-06,-2.900472894408646e-06
6.178977272727273e-01,5.568181818181818e-01,-2.046979024688209e-06,-3.289743327673254e-06
6.178977272727273e-01,5.795454545454546e-01,-2.375816739884890e-06,-3.679013760937863e-06
6.178977272727273e-01,6.022727272727273e-01,-2.704654455081570e-06,-4.068284194202472e-06
6.178977272727273e-01,6.250000000000000e-01,-3.003658425117777e-06,-4.407675830206203e-06
6.178977272727273e-01,6.477272727272727e-01,-3.084566911920918e-06,-4.480642550893518e-06
6.178977272727273e-01,6.704545454545454e-01,-3.165475398724059e-06,-4.553609271580834e-06
6.178977272727273e-01,6.931818181818182e-01,-3.246383885527201e-06,-4.626575992268149e-06
6.178977272727273e-01,7.159090909090909e-01,-3.327292372330342e-06,-4.699542712955466e-06
6.178977272727273e-01,7.386363636363636e-01,-3.408200859133484e-06,-4.772509433642781e-06
6.178977272727273e-01,7.613636363636364e-01,-3.289468130119213e-06,-4.635662371947956e-06
6.178977272727273e-01,7.840909090909091e-01,-3.009227153049731e-06,-4.319016237570667e-06
6.178977272727273e-01,8.068181818181818e-01,-2.728986175980250e-06,-4.002370103193377e-06
6.178977272727273e-01,8.295454545454546e-01,-2.448745198910766e-06,-3.685723968816087e-06
6.178977272727273e-01,8.522727272727273e-01,-2.168504221841285e-06,-3.369077834438798e-06
6.178977272727273e-01,8.750000000000000e-01,-1.929403440992781e-06,-3.094925769786363e-06
6.178977272727273e-01,8.977272727272727e-01,-1.580078703174835e-06,-2.521649738798306e-06
6.178977272727273e-01,9.204545454545454e-01,-1.230753965356889e-06,-1.948373707810250e-06
6.178977272727273e-01,9.431818181818182e-01,-8.814292275389406e-07,-1.375097676822192e-06
6.178977272727273e-01,9.659090909090909e-01,-5.321044897209941e-07,-8.018216458341357e-07
6.178977272727273e-01,9.886363636363636e-01,-1.827797519030477e-07,-2.285456148460796e-07
