x,y,ux,uy
6.349431818181818e-01,1.136363636363636e-02,3.512573757485104e-07,4.145438208925361e-07
6.349431818181818e-01,3.409090909090909e-02,9.865662615566880e-07,1.546009495190946e-06
6.349431818181818e-01,5.681818181818182e-02,1.621875147364866e-06,2.677475169489356e-06
6.349431818181818e-01,7.954545454545454e-02,2.145695150288059e-06,3.259517913038681e-06
6.349431818181818e-01,1.022727272727273e-01,2.601826276795610e-06,3.575366727275442e-06
6.349431818181818e-01,1.250000000000000e-01,3.057957403303160e-06,3.891215541512203e-06
6.349431818181818e-01,1.477272727272727e-01,3.205743005708911e-06,3.931609115995026e-06
6.349431818181818e-01,1.704545454545454e-01,3.344594209165219e-06,3.907623357862763e-06
6.349431818181818e-01,1.931818181818182e-01,3.423722521981978e-06,3.858282178772613e-06
6.349431818181818e-01,2.159090909090909e-01,3.318877610648989e-06,3.638096336247926e-06
6.349431818181818e-01,2.386363636363636e-01,3.212923956493440e-06,3.396038555132270e-06
6.349431818181818e-01,2.613636363636364e-01,3.016674803924160e-06,3.117672085463405e-06
6.349431818181818e-01,2.840909090909091e-01,2.735913781392221e-06,2.726773594300478e-06
6.349431818181818e-01,3.068181818181818e-01,2.455152758860282e-06,2.335875103137552e-06
6.349431818181818e-01,3.295454545454545e-01,2.080070711631366e-06,1.902510352854587e-06
6.349431818181818e-01,3.522727272727273e-01,1.683990011938622e-06,1.420123526952234e-06
6.349431818181818e-01,3.750000000000000e-01,1.287909312245880e-06,9.377367010498808e-07
6.349431818181818e-01,3.977272727272727e-01,8.181707213456462e-07,4.318244674081134e-07
6.349431818181818e-01,4.204545454545455e-01,3.608458342404224e-07,-8.872850634376362e-08
6.349431818181818e-01,4.431818181818182e-01,-1.084161741003694e-07,-6.040409720239842e-07
6.349431818181818e-01,4.659090909090909e-01,-5.827775945369617e-07,-1.109766831497410e-06
6.349431818181818e-01,4.886363636363636e-01,-1.050051641524884e-06,-1.616908441280415e-06
6.349431818181818e-01,5.113636363636364e-01,-1.517535482058334e-06,-2.100091050550346e-06
6.349431818181818e-01,5.340909090909091e-01,-1.945360835865157e-06,-2.543579580797692e-06
6.349431818181818e-01,5.568181818181818e-01,-2.373186189671982e-06,-2.987068111045039e-06
6.349431818181818e-01,5.795454545454546e-01,-2.758275569478672e-06,-3.365392931950454e-06
6.349431818181818e-01,6.022727272727273e-01,-3.099498179085208e-06,-3.697190372466751e-06
6.349431818181818e-01,6.250000000000000e-01,-3.440720788691743e-06,-4.028987812983048e-06
6.349431818181818e-01,6.477272727272727e-01,-3.674789613783680e-06,-4.233742000243009e-06
6.349431818181818e-01,6.704545454545454e-01,-3.885950390432318e-06,-4.410182666018703e-06
6.349431818181818e-01,6.931818181818182e-01,-4.067593884984379e-06,-4.559448718330245e-06
6.349431818181818e-01,7.159090909090909e-01,-4.120828755294522e-06,-4.560524348259445e-06
6.349431818181818e-01,7.386363636363636e-01,-4.164865907615702e-06,-4.546215382344826e-06
6.349431818181818e-01,7.613636363636364e-01,-4.129491090031495e-06,-4.465706033842581e-06
6.349431818181818e-01,7.840909090909091e-01,-3.980136966038360e-06,-4.240545961383961e-06
6.349431818181818e-01,8.068181818181818e-01,-3.830782842045226e-06,-4.015385888925341e-06
6.349431818181818e-01,8.295454545454546e-01,-3.540034036143528e-06,-3.672801998982317e-06
6.349431818181818e-01,8.522727272727273e-01,-3.188896315239508e-06,-3.246454375757178e-06
6.349431818181818e-01,8.750000000000000e-01,-2.837758594335487e-06,-2.820106752532038e-06
6.349431818181818e-01,8.977272727272727e-01,-2.309253612982068e-06,-2.274478160623931e-06
6.349431818181818e-01,9.204545454545454e-01,-1.784152089009908e-06,-1.721987631552410e-06
6.349431818181818e-01,9.431818181818182e-01,-1.224531043796521e-06,-1.159185268309031e-06
6.349431818181818e-01,9.659090909090909e-01,-7.136334273218214e-07,-6.796925957706907e-07
6.349431818181818e-01,9.886363636363636e-01,-2.378778091076654e-07,-2.265641985909503e-07
6.548295454545454e-01,1.136363636363636e-02,3.560577947256950e-07,3.929453899978834e-07
6.548295454545454e-01,3.409090909090909e-02,1.053772127239805e-06,1.243631462664521e-06
6.548295454545454e-01,5.681818181818182e-02,1.689081013047982e-06,2.375097136962931e-06
6.548295454545454e-01,7.954545454545454e-02,2.229254184964381e-06,3.001632533581652e-06
6.548295454545454e-01,1.022727272727273e-01,2.714821015659700e-06,3.397568123343323e-06
6.548295454545454e-01,1.250000000000000e-01,3.170952142167250e-06,3.713416937580084e-06
6.548295454545454e-01,1.477272727272727e-01,3.330224828936570e-06,3.836583939710876e-06
6.548295454545454e-01,1.704545454545454e-01,3.475457745928194e-06,3.858583419160816e-06
6.548295454545454e-01,1.931818181818182e-01,3.554586058744953e-06,3.809242240070666e-06
6.548295454545454e-01,2.159090909090909e-01,3.454545699643061e-06,3.683834798106855e-06
6.548295454545454e-01,2.386363636363636e-01,3.348961626428365e-06,3.449067663188189e-06
6.548295454545454e-01,2.613636363636364e-01,3.152299357541152e-06,3.176145717300814e-06
6.548295454545454e-01,2.840909090909091e-01,2.866167822876076e-06,2.856026035297252e-06
6.548295454545454e-01,3.068181818181818e-01,2.585406800344138e-06,2.465127544134325e-06
6.548295454545454e-01,3.295454545454545e-01,2.204730991096382e-06,2.050441359518884e-06
6.548295454545454e-01,3.522727272727273e-01,1.798581519769728e-06,1.601675951818071e-06
6.548295454545454e-01,3.750000000000000e-01,1.402500820076985e-06,1.119289125915718e-06
6.548295454545454e-01,3.977272727272727e-01,9.168017528688810e-07,6.322007009869475e-07
6.548295454545454e-01,4.204545454545455e-01,4.506099344815066e-07,1.221053987422907e-07
6.548295454545454e-01,4.431818181818182e-01,-1.865207385928531e-08,-3.932070669379298e-07
6.548295454545454e-01,4.659090909090909e-01,-5.237254459067852e-07,-8.927980084031846e-07
6.548295454545454e-01,4.886363636363636e-01,-9.933619507109314e-07,-1.399467701416330e-06
6.548295454545454e-01,5.113636363636364e-01,-1.463693525549534e-06,-1.883774244865512e-06
6.548295454545454e-01,5.340909090909091e-01,-1.928539425323358e-06,-2.341873919443118e-06
6.548295454545454e-01,5.568181818181818e-01,-2.356364779130182e-06,-2.785362449690465e-06
6.548295454545454e-01,5.795454545454546e-01,-2.757322790472643e-06,-3.176976276278989e-06
6.548295454545454e-01,6.022727272727273e-01,-3.127108936843568e-06,-3.532693927024883e-06
6.548295454545454e-01,6.250000000000000e-01,-3.468331546450104e-06,-3.864491367541180e-06
6.548295454545454e-01,6.477272727272727e-01,-3.731853576683423e-06,-4.105648653852343e-06
6.548295454545454e-01,6.704545454545454e-01,-3.959377245077274e-06,-4.302313263545370e-06
6.548295454545454e-01,6.931818181818182e-01,-4.141020739629334e-06,-4.451579315856913e-06
6.548295454545454e-01,7.159090909090909e-01,-4.234112387891656e-06,-4.519321527775992e-06
6.548295454545454e-01,7.386363636363636e-01,-4.281215446209157e-06,-4.510140760475981e-06
6.548295454545454e-01,7.613636363636364e-01,-4.248309724089490e-06,-4.435235007785787e-06
6.548295454545454e-01,7.840909090909091e-01,-4.131053841135357e-06,-4.282921680883861e-06
6.548295454545454e-01,8.068181818181818e-01,-3.981699717142222e-06,-4.057761608425242e-06
6.548295454545454e-01,8.295454545454546e-01,-3.698053065365242e-06,-3.739082608189709e-06
6.548295454545454e-01,8.522727272727273e-01,-3.359699221885712e-06,-3.355763786438053e-06
6.548295454545454e-01,8.750000000000000e-01,-3.008561500981691e-06,-2.929416163212913e-06
6.548295454545454e-01,8.977272727272727e-01,-2.475680645852367e-06,-2.392610061943480e-06
6.548295454545454e-01,9.204545454545454e-01,-1.948148080893593e-06,-1.845020916560112e-06
6.548295454545454e-01,9.431818181818182e-01,-1.388527035680206e-06,-1.282218553316732e-06
6.548295454545454e-01,9.659090909090909e-01,-7.253474267431472e-07,-6.884806875577897e-07
6.548295454545454e-01,9.886363636363636e-01,-2.378778091088103e-07,-2.265641985918497e-07
6.747159090909091e-01,1.136363636363636e-02,3.560577947254999e-07,3.929453899979831e-07
6.747159090909091e-01,3.409090909090909e-02,1.068173384171748e-06,1.178836169980365e-06
6.747159090909091e-01,5.681818181818182e-02,1.756286878731099e-06,2.072719104436506e-06
6.747159090909091e-01,7.954545454545454e-02,2.296460050647498e-06,2.699254501055227e-06
6.747159090909091e-01,1.022727272727273e-01,2.804921317933304e-06,3.157479805114051e-06
6.747159090909091e-01,1.250000000000000e-01,3.283946881031340e-06,3.535618333647965e-06
6.747159090909091e-01,1.477272727272727e-01,3.443219567800660e-06,3.658785335778756e-06
6.747159090909091e-01,1.704545454545454e-01,3.602492254569979e-06,3.781952337909548e-06
6.747159090909091e-01,1.931818181818182e-01,3.685449595507927e-06,3.760202301368720e-06
6.747159090909091e-01,2.159090909090909e-01,3.585409236406035e-06,3.634794859404909e-06
6.747159090909091e-01,2.386363636363636e-01,3.484999296363289e-06,3.502096771244107e-06
6.747159090909091e-01,2.613636363636364e-01,3.288337027476076e-06,3.229174825356733e-06
6.747159090909091e-01,2.840909090909091e-01,3.000966143857200e-06,2.925388714697640e-06
6.747159090909091e-01,3.068181818181818e-01,2.715660841827992e-06,2.594379985131099e-06
6.747159090909091e-01,3.295454545454545e-01,2.334985032580237e-06,2.179693800515658e-06
6.747159090909091e-01,3.522727272727273e-01,1.921004294427208e-06,1.757078384749377e-06
6.747159090909091e-01,3.750000000000000e-01,1.517092327908091e-06,1.300841550781556e-06
6.747159090909091e-01,3.977272727272727e-01,1.031393260699987e-06,8.137531258527851e-07
6.747159090909091e-01,4.204545454545455e-01,5.456941934918811e-07,3.266647009240130e-07
6.747159090909091e-01,4.431818181818182e-01,7.111202638179883e-08,-1.823731618518754e-07
6.747159090909091e-01,4.659090909090909e-01,-4.339613456657010e-07,-6.819641033171302e-07
6.747159090909091e-01,4.886363636363636e-01,-9.366722598969785e-07,-1.182026961552246e-06
6.747159090909091e-01,5.113636363636364e-01,-1.407003834735582e-06,-1.666333505001427e-06
6.747159090909091e-01,5.340909090909091e-01,-1.880392937424866e-06,-2.127804982116785e-06
6.747159090909091e-01,5.568181818181818e-01,-2.339543368588383e-06,-2.583656788335891e-06
6.747159090909091e-01,5.795454545454546e-01,-2.740501379930844e-06,-2.975270614924415e-06
6.747159090909091e-01,6.022727272727273e-01,-3.132503610451848e-06,-3.349592873626662e-06
6.747159090909091e-01,6.250000000000000e-01,-3.495942304208464e-06,-3.699994922099313e-06
6.747159090909091e-01,6.477272727272727e-01,-3.759464334441783e-06,-3.941152208410475e-06
6.747159090909091e-01,6.704545454545454e-01,-4.022986364675102e-06,-4.182309494721638e-06
6.747159090909091e-01,6.931818181818182e-01,-4.214447594274290e-06,-4.343709913383579e-06
6.747159090909091e-01,7.159090909090909e-01,-4.307539242536612e-06,-4.411452125302660e-06
6.747159090909091e-01,7.386363636363636e-01,-4.397564984802613e-06,-4.474066138607134e-06
6.747159090909091e-01,7.613636363636364e-01,-4.364659262682945e-06,-4.399160385916942e-06
6.747159090909091e-01,7.840909090909091e-01,-4.254810666122428e-06,-4.263657846451175e-06
6.747159090909091e-01,8.068181818181818e-01,-4.132616592239218e-06,-4.100137327925142e-06
6.747159090909091e-01,8.295454545454546e-01,-3.848969940462238e-06,-3.781458327689610e-06
6.747159090909091e-01,8.522727272727273e-01,-3.520559112757312e-06,-3.431606351528441e-06
6.747159090909091e-01,8.750000000000000e-01,-3.179364407627895e-06,-3.038725573893788e-06
6.747159090909091e-01,8.977272727272727e-01,-2.646483552498571e-06,-2.501919472624355e-06
6.747159090909091e-01,9.204545454545454e-01,-2.113602697369246e-06,-1.965113371354922e-06
6.747159090909091e-01,9.431818181818182e-01,-1.552523027563891e-06,-1.405251838324434e-06
6.747159090909091e-01,9.659090909090909e-01,-8.893434186268319e-07,-8.115139725654914e-07
6.747159090909091e-01,9.886363636363636e-01,-2.378778091099551e-07,-2.265641985927490e-07
6.946022727272727e-01,1.136363636363636e-02,3.221733467356736e-07,3.847080812013073e-07
6.946022727272727e-01,3.409090909090909e-02,1.034288936181922e-06,1.170598861183689e-06
6.946022727272727e-01,5.681818181818182e-02,1.746404525628170e-06,1.956489641166071e-06
6.946022727272727e-01,7.954545454545454e-02,2.310806309589349e-06,2.496099458991690e-06
6.946022727272727e-01,1.022727272727273e-01,2.819267576875155e-06,2.954324763050514e-06
6.946022727272727e-01,1.250000000000000e-01,3.327728844160960e-06,3.412550067109339e-06
6.946022727272727e-01,1.477272727272727e-01,3.511610696102123e-06,3.551786791771875e-06
6.946022727272727e-01,1.704545454545454e-01,3.670883382871441e-06,3.674953793902666e-06
6.946022727272727e-01,1.931818181818182e-01,3.782704268822013e-06,3.748220271847674e-06
6.946022727272727e-01,2.159090909090909e-01,3.687008024882385e-06,3.625873601593330e-06
6.946022727272727e-01,2.386363636363636e-01,3.586967665780492e-06,3.500466159629519e-06
6.946022727272727e-01,2.613636363636364e-01,3.410095207060615e-06,3.297385870364187e-06
6.946022727272727e-01,2.840909090909091e-01,3.122724323441738e-06,2.993599759705094e-06
6.946022727272727e-01,3.068181818181818e-01,2.835353439822862e-06,2.689813649046001e-06
6.946022727272727e-01,3.295454545454545e-01,2.464498110242034e-06,2.303984854817217e-06
6.946022727272727e-01,3.522727272727273e-01,2.050517372089005e-06,1.881369439050936e-06
6.946022727272727e-01,3.750000000000000e-01,1.636536633935978e-06,1.458754023284656e-06
6.946022727272727e-01,3.977272727272727e-01,1.156852976831227e-06,9.741262301108306e-07
6.946022727272727e-01,4.204545454545455e-01,6.711539096231217e-07,4.870378051820585e-07
6.946022727272727e-01,4.431818181818182e-01,1.810129749437979e-07,-4.926944225902228e-09
6.946022727272727e-01,4.659090909090909e-01,-3.239599699190446e-07,-5.049555595274243e-07
6.946022727272727e-01,4.886363636363636e-01,-8.290333419665456e-07,-1.004546500992680e-06
6.946022727272727e-01,5.113636363636364e-01,-1.323210240594523e-06,-1.491753612751447e-06
6.946022727272727e-01,5.340909090909091e-01,-1.796599343283807e-06,-1.953225089866806e-06
6.946022727272727e-01,5.568181818181818e-01,-2.269988445973092e-06,-2.414696566982165e-06
6.946022727272727e-01,5.795454545454546e-01,-2.692414541506952e-06,-2.821505375758923e-06
6.946022727272727e-01,6.022727272727273e-01,-3.084416772027956e-06,-3.195827634461171e-06
6.946022727272727e-01,6.250000000000000e-01,-3.476419002548961e-06,-3.570149893163418e-06
6.946022727272727e-01,6.477272727272727e-01,-3.754432194369799e-06,-3.825129381751110e-06
6.946022727272727e-01,6.704545454545454e-01,-4.017954224603117e-06,-4.066286668062272e-06
6.946022727272727e-01,6.931818181818182e-01,-4.252942744299191e-06,-4.276432653658754e-06
6.946022727272727e-01,7.159090909090909e-01,-4.349552913800389e-06,-4.347260482548668e-06
6.946022727272727e-01,7.386363636363636e-01,-4.442644562062711e-06,-4.415002694467748e-06
6.946022727272727e-01,7.613636363636364e-01,-4.452713247399683e-06,-4.395696281369170e-06
6.946022727272727e-01,7.840909090909091e-01,-4.342864650839166e-06,-4.260193741903404e-06
6.946022727272727e-01,8.068181818181818e-01,-4.233016054278649e-06,-4.124691202437638e-06
6.946022727272727e-01,8.295454545454546e-01,-3.974599827898724e-06,-3.838002179508023e-06
6.946022727272727e-01,8.522727272727273e-01,-3.646189000193798e-06,-3.488150203346855e-06
6.946022727272727e-01,8.750000000000000e-01,-3.317778172488870e-06,-3.138298227185686e-06
6.946022727272727e-01,8.977272727272727e-01,-2.789660973127735e-06,-2.597971071166211e-06
6.946022727272727e-01,9.204545454545454e-01,-2.256780117998410e-06,-2.061164969896778e-06
6.946022727272727e-01,9.431818181818182e-01,-1.664624132760533e-06,-1.489500917021712e-06
6.946022727272727e-01,9.659090909090909e-01,-9.947694134093214e-07,-8.906067986419561e-07
6.946022727272727e-01,9.886363636363636e-01,-3.315898044722625e-07,-2.968689328830133e-07
7.144886363636364e-01,1.136363636363636e-02,3.018426779418615e-07,3.797656959231638e-07
7.144886363636364e-01,3.409090909090909e-02,9.394124818107589e-07,1.147534396552817e-06
7.144886363636364e-01,5.681818181818182e-02,1.651528071257007e-06,1.933425176535199e-06
7.144886363636364e-01,7.954545454545454e-02,2.222967565807554e-06,2.472290397061085e-06
7.144886363636364e-01,1.022727272727273e-01,2.738466543682728e-06,2.929771103820176e-06
7.144886363636364e-01,1.250000000000000e-01,3.246927810968534e-06,3.387996407879001e-06
7.144886363636364e-01,1.477272727272727e-01,3.484949826287749e-06,3.562586522111373e-06
7.144886363636364e-01,1.704545454545454e-01,3.658988012160174e-06,3.695395357761211e-06
7.144886363636364e-01,1.931818181818182e-01,3.770808898110746e-06,3.768661835706220e-06
7.144886363636364e-01,2.159090909090909e-01,3.735930266442808e-06,3.689165969384412e-06
7.144886363636364e-01,2.386363636363636e-01,3.635889907340916e-06,3.563758527420601e-06
7.144886363636364e-01,2.613636363636364e-01,3.469117346205342e-06,3.367588130382940e-06
7.144886363636364e-01,2.840909090909091e-01,3.218779420395580e-06,3.089138291225311e-06
7.144886363636364e-01,3.068181818181818e-01,2.931408536776704e-06,2.785352180566218e-06
7.144886363636364e-01,3.295454545454545e-01,2.576615330110000e-06,2.409434399702412e-06
7.144886363636364e-01,3.522727272727273e-01,2.178696714871097e-06,1.996729997301109e-06
7.144886363636364e-01,3.750000000000000e-01,1.764715976718070e-06,1.574114581534829e-06
7.144886363636364e-01,3.977272727272727e-01,1.298266221840699e-06,1.094900178221883e-06
7.144886363636364e-01,4.204545454545455e-01,8.161764006946051e-07,6.092881323460782e-07
7.144886363636364e-01,4.431818181818182e-01,3.260354660152813e-07,1.173233829381174e-07
7.144886363636364e-01,4.659090909090909e-01,-1.775314982623577e-07,-3.888326660711458e-07
7.144886363636364e-01,4.886363636363636e-01,-6.826048703098588e-07,-8.884236075364018e-07
7.144886363636364e-01,5.113636363636364e-01,-1.179749165693587e-06,-1.379636260776245e-06
7.144886363636364e-01,5.340909090909091e-01,-1.664018723153957e-06,-1.855794723322216e-06
7.144886363636364e-01,5.568181818181818e-01,-2.137407825843242e-06,-2.317266200437575e-06
7.144886363636364e-01,5.795454545454546e-01,-2.573941927136198e-06,-2.739053952874058e-06
7.144886363636364e-01,6.022727272727273e-01,-2.980052163416299e-06,-3.128355155236030e-06
7.144886363636364e-01,6.250000000000000e-01,-3.372054393937303e-06,-3.502677413938278e-06
7.144886363636364e-01,6.477272727272727e-01,-3.681948141250681e-06,-3.788065747534332e-06
7.144886363636364e-01,6.704545454545454e-01,-3.954164868436512e-06,-4.037516355211412e-06
7.144886363636364e-01,6.931818181818182e-01,-4.189153388132586e-06,-4.247662340807893e-06
7.144886363636364e-01,7.159090909090909e-01,-4.335022854978044e-06,-4.361688807289492e-06
7.144886363636364e-01,7.386363636363636e-01,-4.428114503240366e-06,-4.429431019208572e-06
7.144886363636364e-01,7.613636363636364e-01,-4.449251484268978e-06,-4.418868856514853e-06
7.144886363636364e-01,7.840909090909091e-01,-4.379986638577812e-06,-4.315428568533569e-06
7.144886363636364e-01,8.068181818181818e-01,-4.270138042017295e-06,-4.179926029067802e-06
7.144886363636364e-01,8.295454545454546e-01,-4.033217476591830e-06,-3.906642837818974e-06
7.144886363636364e-01,8.522727272727273e-01,-3.726302309841362e-06,-3.570196693338592e-06
7.144886363636364e-01,8.750000000000000e-01,-3.397891482136435e-06,-3.220344717177423e-06
7.144886363636364e-01,8.977272727272727e-01,-2.880254325465313e-06,-2.672271240707859e-06
7.144886363636364e-01,9.204545454545454e-01,-2.350231663796902e-06,-2.133352506588402e-06
7.144886363636364e-01,9.431818181818182e-01,-1.758075678559025e-06,-1.561688453713335e-06
7.144886363636364e-01,9.659090909090909e-01,-9.947694134096578e-07,-8.906067986421937e-07
7.144886363636364e-01,9.886363636363636e-01,-3.315898044725992e-07,-2.968689328832509e-07
7.343750000000000e-01,1.136363636363636e-02,3.018426779418725e-07,3.797656959230372e-07
7.343750000000000e-01,3.409090909090909e-02,9.055280338210647e-07,1.139297087755995e-06
7.343750000000000e-01,5.681818181818182e-02,1.556651616885844e-06,1.910360711904327e-06
7.343750000000000e-01,7.954545454545454e-02,2.128091111436391e-06,2.449225932430213e-06
7.343750000000000e-01,1.022727272727273e-01,2.652638574355038e-06,2.905749299803934e-06
7.343750000000000e-01,1.250000000000000e-01,3.166126777776107e-06,3.363442748648663e-06
7.343750000000000e-01,1.477272727272727e-01,3.404148793095322e-06,3.538032862881035e-06
7.343750000000000e-01,1.704545454545454e-01,3.642170808414538e-06,3.712622977113408e-06
7.343750000000000e-01,1.931818181818182e-01,3.758913527399478e-06,3.789103399564766e-06
7.343750000000000e-01,2.159090909090909e-01,3.728379010893804e-06,3.712668304952424e-06
7.343750000000000e-01,2.386363636363636e-01,3.684812148901340e-06,3.627050895211684e-06
7.343750000000000e-01,2.613636363636364e-01,3.518039587765766e-06,3.430880498174023e-06
7.343750000000000e-01,2.840909090909091e-01,3.284534824596510e-06,3.163947146062512e-06
7.343750000000000e-01,3.068181818181818e-01,3.027463633730546e-06,2.880890712086435e-06
7.343750000000000e-01,3.295454545454545e-01,2.672670427063842e-06,2.504972931222629e-06
7.343750000000000e-01,3.522727272727273e-01,2.295403112714528e-06,2.105011260290584e-06
7.343750000000000e-01,3.750000000000000e-01,1.892895319500162e-06,1.689475139785003e-06
7.343750000000000e-01,3.977272727272727e-01,1.426445564622790e-06,1.210260736472056e-06
7.343750000000000e-01,4.204545454545455e-01,9.599958097454179e-07,7.310463331591088e-07
7.343750000000000e-01,4.431818181818182e-01,4.710579570867648e-07,2.395737101021371e-07
7.343750000000000e-01,4.659090909090909e-01,-3.240858000621695e-08,-2.670200127433934e-07
7.343750000000000e-01,4.886363636363636e-01,-5.361763986531720e-07,-7.723007140801233e-07
7.343750000000000e-01,5.113636363636364e-01,-1.033320694036900e-06,-1.263513367319966e-06
7.343750000000000e-01,5.340909090909091e-01,-1.522535912756855e-06,-1.746347732334398e-06
7.343750000000000e-01,5.568181818181818e-01,-2.004827205713392e-06,-2.219835833892985e-06
7.343750000000000e-01,5.795454545454546e-01,-2.441361307006348e-06,-2.641623586329469e-06
7.343750000000000e-01,6.022727272727273e-01,-2.865610407833858e-06,-3.050183430539658e-06
7.343750000000000e-01,6.250000000000000e-01,-3.267689785325646e-06,-3.435204934713137e-06
7.343750000000000e-01,6.477272727272727e-01,-3.577583532639024e-06,-3.720593268309191e-06
7.343750000000000e-01,6.704545454545454e-01,-3.887477279952403e-06,-4.005981601905245e-06
7.343750000000000e-01,6.931818181818182e-01,-4.125364031965980e-06,-4.218892027957032e-06
7.343750000000000e-01,7.159090909090909e-01,-4.274752020050314e-06,-4.336004111409466e-06
7.343750000000000e-01,7.386363636363636e-01,-4.413584444418021e-06,-4.443859343949396e-06
7.343750000000000e-01,7.613636363636364e-01,-4.434721425446633e-06,-4.433297181255676e-06
7.343750000000000e-01,7.840909090909091e-01,-4.383903739241535e-06,-4.344430643949157e-06
7.343750000000000e-01,8.068181818181818e-01,-4.307260029755941e-06,-4.235160855697967e-06
7.343750000000000e-01,8.295454545454546e-01,-4.070339464330475e-06,-3.961877664449139e-06
7.343750000000000e-01,8.522727272727273e-01,-3.791061575950027e-06,-3.642667589272624e-06
7.343750000000000e-01,8.750000000000000e-01,-3.478004791784000e-06,-3.302391207169160e-06
7.343750000000000e-01,8.977272727272727e-01,-2.960367635112878e-06,-2.754317730699596e-06
7.343750000000000e-01,9.204545454545454e-01,-2.442730478441756e-06,-2.206244254230033e-06
7.343750000000000e-01,9.431818181818182e-01,-1.851527224357516e-06,-1.633875990404958e-06
7.343750000000000e-01,9.659090909090909e-01,-1.081545848793995e-06,-9.576380827130033e-07
7.343750000000000e-01,9.886363636363636e-01,-3.315898044729358e-07,-2.968689328834885e-07
7.542613636363636e-01,1.136363636363636e-02,2.968083080335297e-07,3.707224441829540e-07
7.542613636363636e-01,3.409090909090909e-02,9.004936639127219e-07,1.130253836015912e-06
7.542613636363636e-01,5.681818181818182e-02,1.504179019791915e-06,1.889785227848871e-06
7.542613636363636e-01,7.954545454545454e-02,2.041994518682519e-06,2.419333237391585e-06
7.542613636363636e-01,1.022727272727273e-01,2.566541981601166e-06,2.875856604765306e-06
7.542613636363636e-01,1.250000000000000e-01,3.091089444519812e-06,3.332379972139027e-06
7.542613636363636e-01,1.477272727272727e-01,3.333824407597802e-06,3.512965271286176e-06
7.542613636363636e-01,1.704545454545454e-01,3.571846422917018e-06,3.687555385518549e-06
7.542613636363636e-01,1.931818181818182e-01,3.752481579185976e-06,3.809048749706124e-06
7.542613636363636e-01,2.159090909090909e-01,3.721947062680303e-06,3.732613655093782e-06
7.542613636363636e-01,2.386363636363636e-01,3.691412546174630e-06,3.656178560481442e-06
7.542613636363636e-01,2.613636363636364e-01,3.568494448749912e-06,3.493507176385217e-06
7.542613636363636e-01,2.840909090909091e-01,3.334989685580656e-06,3.226573824273707e-06
7.542613636363636e-01,3.068181818181818e-01,3.101484922411401e-06,2.959640472162197e-06
7.542613636363636e-01,3.295454545454545e-01,2.767346372489869e-06,2.600006726588389e-06
7.542613636363636e-01,3.522727272727273e-01,2.390079058140556e-06,2.200045055656344e-06
7.542613636363636e-01,3.750000000000000e-01,2.012811743791243e-06,1.800083384724300e-06
7.542613636363636e-01,3.977272727272727e-01,1.551109827408139e-06,1.325465814103303e-06
7.542613636363636e-01,4.204545454545455e-01,1.084660072530767e-06,8.462514107903554e-07
7.542613636363636e-01,4.431818181818182e-01,6.110012518387574e-07,3.620410636206511e-07
7.542613636363636e-01,4.659090909090909e-01,1.075347147457757e-07,-1.445526592248794e-07
7.542613636363636e-01,4.886363636363636e-01,-3.959318223472072e-07,-6.511463820704110e-07
7.542613636363636e-01,5.113636363636364e-01,-8.930497766474388e-07,-1.146871824839973e-06
7.542613636363636e-01,5.340909090909091e-01,-1.382264995367394e-06,-1.629706189854404e-06
7.542613636363636e-01,5.568181818181818e-01,-1.871480214087350e-06,-2.112540554868835e-06
7.542613636363636e-01,5.795454545454546e-01,-2.315507822718198e-06,-2.543452131687681e-06
7.542613636363636e-01,6.022727272727273e-01,-2.739756923545708e-06,-2.952011975897870e-06
7.542613636363636e-01,6.250000000000000e-01,-3.164006024373218e-06,-3.360571820108059e-06
7.542613636363636e-01,6.477272727272727e-01,-3.479879825088806e-06,-3.652147987845819e-06
7.542613636363636e-01,6.704545454545454e-01,-3.789773572402184e-06,-3.937536321441873e-06
7.542613636363636e-01,6.931818181818182e-01,-4.067306518055430e-06,-4.188703157281222e-06
7.542613636363636e-01,7.159090909090909e-01,-4.216694506139764e-06,-4.305815240733656e-06
7.542613636363636e-01,7.386363636363636e-01,-4.366082494224098e-06,-4.422927324186089e-06
7.542613636363636e-01,7.613636363636364e-01,-4.423794612720722e-06,-4.445272907214413e-06
7.542613636363636e-01,7.840909090909091e-01,-4.372976926515623e-06,-4.356406369907894e-06
7.542613636363636e-01,8.068181818181818e-01,-4.322159240310525e-06,-4.267539832601374e-06
7.542613636363636e-01,8.295454545454546e-01,-4.107245974393495e-06,-4.012351012421660e-06
7.542613636363636e-01,8.522727272727273e-01,-3.827968086013047e-06,-3.693140937245146e-06
7.542613636363636e-01,8.750000000000000e-01,-3.548690197632599e-06,-3.373930862068632e-06
7.542613636363636e-01,8.977272727272727e-01,-3.033874461911799e-06,-2.826793364357720e-06
7.542613636363636e-01,9.204545454545454e-01,-2.516237305240677e-06,-2.278719887888156e-06
7.542613636363636e-01,9.431818181818182e-01,-1.924953438913515e-06,-1.690594769234119e-06
7.542613636363636e-01,9.659090909090909e-01,-1.154972063349993e-06,-1.014356861542164e-06
7.542613636363636e-01,9.886363636363636e-01,-3.849906877864721e-07,-3.381189538502093e-07
7.741477272727273e-01,1.136363636363636e-02,2.884176915195934e-07,3.556503579495854e-07
7.741477272727273e-01,3.409090909090909e-02,8.769999376737487e-07,1.088051994562654e-06
7.741477272727273e-01,5.681818181818182e-02,1.480685293552941e-06,1.847583386395613e-06
7.741477272727273e-01,7.954545454545454e-02,1.998951480639009e-06,2.368949304100882e-06
7.741477272727273e-01,1.022727272727273e-01,2.512638214777358e-06,2.820927064898245e-06
7.741477272727273e-01,1.250000000000000e-01,3.037185677696004e-06,3.277450432271965e-06
7.741477272727273e-01,1.477272727272727e-01,3.300343414395348e-06,3.484014866049814e-06
7.741477272727273e-01,1.704545454545454e-01,3.539936412300821e-06,3.660603375253779e-06
7.741477272727273e-01,1.931818181818182e-01,3.723822326538435e-06,3.785316590163480e-06
7.741477272727273e-01,2.159090909090909e-01,3.735547663625279e-06,3.750739554938787e-06
7.741477272727273e-01,2.386363636363636e-01,3.705013147119606e-06,3.674304460326446e-06
7.741477272727273e-01,2.613636363636364e-01,3.597264287049467e-06,3.526654475006388e-06
7.741477272727273e-01,2.840909090909091e-01,3.391064151118452e-06,3.286759640691979e-06
7.741477272727273e-01,3.068181818181818e-01,3.157559387949196e-06,3.019826288580469e-06
7.741477272727273e-01,3.295454545454545e-01,2.844985217925967e-06,2.681405079965969e-06
7.741477272727273e-01,3.522727272727273e-01,2.479698114631265e-06,2.293228151789094e-06
7.741477272727273e-01,3.750000000000000e-01,2.102430800281953e-06,1.893266480857050e-06
7.741477272727273e-01,3.977272727272727e-01,1.661302850707342e-06,1.438568518567835e-06
7.741477272727273e-01,4.204545454545455e-01,1.196435708661392e-06,9.608863928188703e-07
7.741477272727273e-01,4.431818181818182e-01,7.234585978824711e-07,4.772923409912954e-07
7.741477272727273e-01,4.659090909090909e-01,2.288542896596354e-07,-2.128954240655257e-08
7.741477272727273e-01,4.886363636363636e-01,-2.746122474333476e-07,-5.278832652520842e-07
7.741477272727273e-01,5.113636363636364e-01,-7.730253290565176e-07,-1.025294372754280e-06
7.741477272727273e-01,5.340909090909091e-01,-1.264571776957762e-06,-1.511162934287453e-06
7.741477272727273e-01,5.568181818181818e-01,-1.753786995677718e-06,-1.993997299301885e-06
7.741477272727273e-01,5.795454545454546e-01,-2.208425539299239e-06,-2.436258183343510e-06
7.741477272727273e-01,6.022727272727273e-01,-2.638569604010457e-06,-2.851123198233022e-06
7.741477272727273e-01,6.250000000000000e-01,-3.062818704837967e-06,-3.259683042443211e-06
7.741477272727273e-01,6.477272727272727e-01,-3.404606070296461e-06,-3.578073158128366e-06
7.741477272727273e-01,6.704545454545454e-01,-3.716493168743910e-06,-3.865524103104988e-06
7.741477272727273e-01,6.931818181818182e-01,-3.996614660446197e-06,-4.119306793870737e-06
7.741477272727273e-01,7.159090909090909e-01,-4.179653747168080e-06,-4.270424991366365e-06
7.741477272727273e-01,7.386363636363636e-01,-4.329041735252414e-06,-4.387537074818799e-06
7.741477272727273e-01,7.613636363636364e-01,-4.400798799677381e-06,-4.423587341106067e-06
7.741477272727273e-01,7.840909090909091e-01,-4.375262016143300e-06,-4.359389233665649e-06
7.741477272727273e-01,8.068181818181818e-01,-4.324444329938201e-06,-4.270522696359129e-06
7.741477272727273e-01,8.295454545454546e-01,-4.131279779779918e-06,-4.034639987767321e-06
7.741477272727273e-01,8.522727272727273e-01,-3.864084511265442e-06,-3.726155530139645e-06
7.741477272727273e-01,8.750000000000000e-01,-3.584806622884993e-06,-3.406945454963131e-06
7.741477272727273e-01,8.977272727272727e-01,-3.082217044615589e-06,-2.863863865206374e-06
7.741477272727273e-01,9.204545454545454e-01,-2.565520361594574e-06,-2.316102381656361e-06
7.741477272727273e-01,9.431818181818182e-01,-1.970716276956432e-06,-1.725307084876032e-06
7.741477272727273e-01,9.659090909090909e-01,-1.154972063350183e-06,-1.014356861542295e-06
7.741477272727273e-01,9.886363636363636e-01,-3.849906877866613e-07,-3.381189538503405e-07
7.940340909090909e-01,1.136363636363636e-02,2.884176915195667e-07,3.556503579494884e-07
7.940340909090909e-01,3.409090909090909e-02,8.652530745542485e-07,1.066951073835977e-06
7.940340909090909e-01,5.681818181818182e-02,1.457191567313968e-06,1.805381544942355e-06
7.940340909090909e-01,7.954545454545454e-02,1.975457754400035e-06,2.326747462647625e-06
7.940340909090909e-01,1.022727272727273e-01,2.465250885221729e-06,2.768724888976999e-06
7.940340909090909e-01,1.250000000000000e-01,2.983281910872196e-06,3.222520892404904e-06
7.940340909090909e-01,1.477272727272727e-01,3.246439647571539e-06,3.429085326182752e-06
7.940340909090909e-01,1.704545454545454e-01,3.508026401684625e-06,3.633651364989009e-06
7.940340909090909e-01,1.931818181818182e-01,3.691912315922239e-06,3.758364579898710e-06
7.940340909090909e-01,2.159090909090909e-01,3.713389926915048e-06,3.733447096840397e-06
7.940340909090909e-01,2.386363636363636e-01,3.718613748064581e-06,3.692430360171450e-06
7.940340909090909e-01,2.613636363636364e-01,3.610864887994443e-06,3.544780374851392e-06
7.940340909090909e-01,2.840909090909091e-01,3.425901684359838e-06,3.325915498823617e-06
7.940340909090909e-01,3.068181818181818e-01,3.213633853486992e-06,3.080012104998742e-06
7.940340909090909e-01,3.295454545454545e-01,2.901059683463762e-06,2.741590896384241e-06
7.940340909090909e-01,3.522727272727273e-01,2.562129044489208e-06,2.379340402268742e-06
7.940340909090909e-01,3.750000000000000e-01,2.192049856772662e-06,1.986449576989801e-06
7.940340909090909e-01,3.977272727272727e-01,1.750921907198052e-06,1.531751614700585e-06
7.940340909090909e-01,4.204545454545455e-01,1.308211344792018e-06,1.075521374847385e-06
7.940340909090909e-01,4.431818181818182e-01,8.352342340130967e-07,5.919273230198103e-07
7.940340909090909e-01,4.659090909090909e-01,3.426750555295254e-07,9.519432564835058e-08
7.940340909090909e-01,4.886363636363636e-01,-1.532926725194879e-07,-4.046201484337575e-07
7.940340909090909e-01,5.113636363636364e-01,-6.517057541426579e-07,-9.020312559359533e-07
7.940340909090909e-01,5.340909090909091e-01,-1.145065380296016e-06,-1.390259748094814e-06
7.940340909090909e-01,5.568181818181818e-01,-1.636093777268086e-06,-1.875454043734934e-06
7.940340909090909e-01,5.795454545454546e-01,-2.090732320889607e-06,-2.317714927776560e-06
7.940340909090909e-01,6.022727272727273e-01,-2.533845306144980e-06,-2.746451318160581e-06
7.940340909090909e-01,6.250000000000000e-01,-2.961631385302715e-06,-3.158794264778364e-06
7.940340909090909e-01,6.477272727272727e-01,-3.303418750761210e-06,-3.477184380463518e-06
7.940340909090909e-01,6.704545454545454e-01,-3.643212765085635e-06,-3.793511884768104e-06
7.940340909090909e-01,6.931818181818182e-01,-3.923334256787923e-06,-4.047294575533852e-06
7.940340909090909e-01,7.159090909090909e-01,-4.114138981656932e-06,-4.206260337808680e-06
7.940340909090909e-01,7.386363636363636e-01,-4.292000976280731e-06,-4.352146825451509e-06
7.940340909090909e-01,7.613636363636364e-01,-4.363758040705698e-06,-4.388197091738777e-06
7.940340909090909e-01,7.840909090909091e-01,-4.357884181471296e-06,-4.343185540860882e-06
7.940340909090909e-01,8.068181818181818e-01,-4.326729419565879e-06,-4.273505560116885e-06
7.940340909090909e-01,8.295454545454546e-01,-4.133564869407596e-06,-4.037622851525077e-06
7.940340909090909e-01,8.522727272727273e-01,-3.892951364598253e-06,-3.752734752504841e-06
7.940340909090909e-01,8.750000000000000e-01,-3.620923048137387e-06,-3.439960047857629e-06
7.940340909090909e-01,8.977272727272727e-01,-3.118333469867983e-06,-2.896878458100872e-06
7.940340909090909e-01,9.204545454545454e-01,-2.614803417948471e-06,-2.353484875424565e-06
7.940340909090909e-01,9.431818181818182e-01,-2.019999333310329e-06,-1.762689578644237e-06
7.940340909090909e-01,9.659090909090909e-01,-1.193694464771142e-06,-1.043728820931627e-06
7.940340909090909e-01,9.886363636363636e-01,-3.849906877868504e-07,-3.381189538504718e-07
8.139204545454546e-01,1.136363636363636e-02,2.862633920935003e-07,3.532406525142958e-07
8.139204545454546e-01,3.409090909090909e-02,8.630987751281822e-07,1.064541368400785e-06
8.139204545454546e-01,5.681818181818182e-02,1.439934158162864e-06,1.775842084287274e-06
8.139204545454546e-01,7.954545454545454e-02,1.949949938841622e-06,2.283793429298784e-06
8.139204545454546e-01,1.022727272727273e-01,2.439743069663314e-06,2.725770855628158e-06
8.139204545454546e-01,1.250000000000000e-01,2.929536200485007e-06,3.167748281957531e-06
8.139204545454546e-01,1.477272727272727e-01,3.192776724652177e-06,3.374802666538541e-06
8.139204545454546e-01,1.704545454545454e-01,3.455934461351520e-06,3.581367100316389e-06
8.139204545454546e-01,1.931818181818182e-01,3.660840356476484e-06,3.732302489650835e-06
8.139204545454546e-01,2.159090909090909e-01,3.682317967469293e-06,3.707385006592521e-06
8.139204545454546e-01,2.386363636363636e-01,3.703795578462103e-06,3.682467523534208e-06
8.139204545454546e-01,2.613636363636364e-01,3.624985988802406e-06,3.563412177748408e-06
8.139204545454546e-01,2.840909090909091e-01,3.440022785167801e-06,3.344547301720633e-06
8.139204545454546e-01,3.068181818181818e-01,3.255059581533196e-06,3.125682425692859e-06
8.139204545454546e-01,3.295454545454545e-01,2.957369604042948e-06,2.801915708636262e-06
8.139204545454546e-01,3.522727272727273e-01,2.618438965068393e-06,2.439665214520763e-06
8.139204545454546e-01,3.750000000000000e-01,2.279508326093839e-06,2.077414720405266e-06
8.139204545454546e-01,3.977272727272727e-01,1.840578412939837e-06,1.624798612191004e-06
8.139204545454546e-01,4.204545454545455e-01,1.399450463365226e-06,1.170100649901787e-06
8.139204545454546e-01,4.431818181818182e-01,9.469076840495576e-07,7.062204948661467e-07
8.139204545454546e-01,4.659090909090909e-01,4.543485055659864e-07,2.094874974946869e-07
8.139204545454546e-01,4.886363636363636e-01,-3.821067291758613e-08,-2.872454998767740e-07
8.139204545454546e-01,5.113636363636364e-01,-5.306054733992916e-07,-7.792729042454658e-07
8.139204545454546e-01,5.340909090909091e-01,-1.023965099552650e-06,-1.267501396404327e-06
8.139204545454546e-01,5.568181818181818e-01,-1.517324725706008e-06,-1.755729888563188e-06
8.139204545454546e-01,5.795454545454546e-01,-1.973365658060496e-06,-2.199800438851622e-06
8.139204545454546e-01,6.022727272727273e-01,-2.416478643315869e-06,-2.628536829235643e-06
8.139204545454546e-01,6.250000000000000e-01,-2.859591628571243e-06,-3.057273219619664e-06
8.139204545454546e-01,6.477272727272727e-01,-3.202636758794124e-06,-3.376982018935745e-06
8.139204545454546e-01,6.704545454545454e-01,-3.544424124252619e-06,-3.695372134620899e-06
8.139204545454546e-01,6.931818181818182e-01,-3.850457604929210e-06,-3.975900093039698e-06
8.139204545454546e-01,7.159090909090909e-01,-4.041262329798220e-06,-4.134865855314526e-06
8.139204545454546e-01,7.386363636363636e-01,-4.232067054667230e-06,-4.293831617589353e-06
8.139204545454546e-01,7.613636363636364e-01,-4.326952751176009e-06,-4.353136463689513e-06
8.139204545454546e-01,7.840909090909091e-01,-4.321078891941607e-06,-4.308124912811618e-06
8.139204545454546e-01,8.068181818181818e-01,-4.315205032707207e-06,-4.263113361933721e-06
8.139204545454546e-01,8.295454545454546e-01,-4.135618000045281e-06,-4.040294932584874e-06
8.139204545454546e-01,8.522727272727273e-01,-3.895004495235939e-06,-3.755406833564638e-06
8.139204545454546e-01,8.750000000000000e-01,-3.654390990426596e-06,-3.470518734544403e-06
8.139204545454546e-01,8.977272727272727e-01,-3.153228759848043e-06,-2.928422666363599e-06
8.139204545454546e-01,9.204545454545454e-01,-2.650639181578639e-06,-2.385341076606843e-06
8.139204545454546e-01,9.431818181818182e-01,-2.065762171353240e-06,-1.797401894286145e-06
8.139204545454546e-01,9.659090909090909e-01,-1.239457302814053e-06,-1.078441136573536e-06
8.139204545454546e-01,9.886363636363636e-01,-4.131524342748657e-07,-3.594803788609256e-07
8.338068181818181e-01,1.136363636363636e-02,2.711832961111905e-07,3.363727144685247e-07
8.338068181818181e-01,3.409090909090909e-02,8.329385831636014e-07,1.030805492309350e-06
8.338068181818181e-01,5.681818181818182e-02,1.409773966198283e-06,1.742106208195840e-06
8.338068181818181e-01,7.954545454545454e-02,1.902872701719025e-06,2.235131612428788e-06
8.338068181818181e-01,1.022727272727273e-01,2.388052092952169e-06,2.673038327636736e-06
8.338068181818181e-01,1.250000000000000e-01,2.877845223773861e-06,3.115015753966109e-06
8.338068181818181e-01,1.477272727272727e-01,3.142244772490611e-06,3.328929449791388e-06
8.338068181818181e-01,1.704545454545454e-01,3.405402509189953e-06,3.535493883569237e-06
8.338068181818181e-01,1.931818181818182e-01,3.616812973871681e-06,3.693153577200594e-06
8.338068181818181e-01,2.159090909090909e-01,3.662140673239286e-06,3.692891876564289e-06
8.338068181818181e-01,2.386363636363636e-01,3.683618284232095e-06,3.667974393505976e-06
8.338068181818181e-01,2.613636363636364e-01,3.625341141200802e-06,3.568769884020878e-06
8.338068181818181e-01,2.840909090909091e-01,3.460910384194601e-06,3.369755844293807e-06
8.338068181818181e-01,3.068181818181818e-01,3.275947180559996e-06,3.150890968266032e-06
8.338068181818181e-01,3.295454545454545e-01,3.008494032212251e-06,2.856135349116110e-06
8.338068181818181e-01,3.522727272727273e-01,2.677809801185652e-06,2.501796972611522e-06
8.338068181818181e-01,3.750000000000000e-01,2.338879162211098e-06,2.139546478496024e-06
8.338068181818181e-01,3.977272727272727e-01,1.930721758945606e-06,1.716076327331118e-06
8.338068181818181e-01,4.204545454545455e-01,1.489593809370995e-06,1.261378365041901e-06
8.338068181818181e-01,4.431818181818182e-01,1.041379962513874e-06,8.014779080786674e-07
8.338068181818181e-01,4.659090909090909e-01,5.646935363783075e-07,3.193371369727013e-07
8.338068181818181e-01,4.886363636363636e-01,7.213435789473501e-08,-1.773958603987596e-07
8.338068181818181e-01,5.113636363636364e-01,-4.163082297296555e-07,-6.662498819921701e-07
8.338068181818181e-01,5.340909090909091e-01,-9.057156430256989e-07,-1.151304991375750e-06
8.338068181818181e-01,5.568181818181818e-01,-1.399075269179057e-06,-1.639533483534611e-06
8.338068181818181e-01,5.795454545454546e-01,-1.859145357154319e-06,-2.088676512890746e-06
8.338068181818181e-01,6.022727272727273e-01,-2.303357203033540e-06,-2.518796306656867e-06
8.338068181818181e-01,6.250000000000000e-01,-2.746470188288913e-06,-2.947532697040888e-06
8.338068181818181e-01,6.477272727272727e-01,-3.107124025213191e-06,-3.285703067189945e-06
8.338068181818181e-01,6.704545454545454e-01,-3.448911390671687e-06,-3.604093182875099e-06
8.338068181818181e-01,6.931818181818182e-01,-3.760920197444676e-06,-3.890602934552573e-06
8.338068181818181e-01,7.159090909090909e-01,-3.973634451333812e-06,-4.071501938775875e-06
8.338068181818181e-01,7.386363636363636e-01,-4.164439176202821e-06,-4.230467701050703e-06
8.338068181818181e-01,7.613636363636364e-01,-4.276266718551929e-06,-4.306066729962726e-06
8.338068181818181e-01,7.840909090909091e-01,-4.287334705157857e-06,-4.277349361896692e-06
8.338068181818181e-01,8.068181818181818e-01,-4.281460845923456e-06,-4.232337811018797e-06
8.338068181818181e-01,8.295454545454546e-01,-4.127630981552037e-06,-4.032625240663803e-06
8.338068181818181e-01,8.522727272727273e-01,-3.894042159003742e-06,-3.754038739550981e-06
8.338068181818181e-01,8.750000000000000e-01,-3.653428654194400e-06,-3.469150640530745e-06
8.338068181818181e-01,8.977272727272727e-01,-3.172249291287766e-06,-2.940851874413295e-06
8.338068181818181e-01,9.204545454545454e-01,-2.669659713018362e-06,-2.397770284656538e-06
8.338068181818181e-01,9.431818181818182e-01,-2.080706874627328e-06,-1.807167700610919e-06
8.338068181818181e-01,9.659090909090909e-01,-1.239457302814146e-06,-1.078441136573595e-06
8.338068181818181e-01,9.886363636363636e-01,-4.131524342749584e-07,-3.594803788609850e-07
8.536931818181819e-01,1.136363636363636e-02,2.711832961111516e-07,3.363727144684170e-07
8.536931818181819e-01,3.409090909090909e-02,8.135498883292140e-07,1.009118143393390e-06
8.536931818181819e-01,5.681818181818182e-02,1.379613774233702e-06,1.708370332104405e-06
8.536931818181819e-01,7.954545454545454e-02,1.872712509754444e-06,2.201395736337353e-06
8.536931818181819e-01,1.022727272727273e-01,2.337899029437205e-06,2.621662703352455e-06
8.536931818181819e-01,1.250000000000000e-01,2.826154247062715e-06,3.062283225974686e-06
8.536931818181819e-01,1.477272727272727e-01,3.090636583247292e-06,3.276686872603127e-06
8.536931818181819e-01,1.704545454545454e-01,3.354870557028387e-06,3.489620666822083e-06
8.536931818181819e-01,1.931818181818182e-01,3.566281021710114e-06,3.647280360453440e-06
8.536931818181819e-01,2.159090909090909e-01,3.622449670338990e-06,3.658225833645321e-06
8.536931818181819e-01,2.386363636363636e-01,3.663440990002088e-06,3.653481263477742e-06
8.536931818181819e-01,2.613636363636364e-01,3.605163846970795e-06,3.554276753992645e-06
8.536931818181819e-01,2.840909090909091e-01,3.467131949915398e-06,3.380785218080764e-06
8.536931818181819e-01,3.068181818181818e-01,3.296834779586796e-06,3.176099510839206e-06
8.536931818181819e-01,3.295454545454545e-01,3.029381631239051e-06,2.881343891689284e-06
8.536931818181819e-01,3.522727272727273e-01,2.734431834653592e-06,2.561291358165311e-06
8.536931818181819e-01,3.750000000000000e-01,2.398249998328357e-06,2.201678236586784e-06
8.536931818181819e-01,3.977272727272727e-01,1.992290631483474e-06,1.780289939496831e-06
8.536931818181819e-01,4.204545454545455e-01,1.579737155376765e-06,1.352656080182016e-06
8.536931818181819e-01,4.431818181818182e-01,1.131523308519644e-06,8.927556232187822e-07
8.536931818181819e-01,4.659090909090909e-01,6.620517698149892e-07,4.172476822334948e-07
8.536931818181819e-01,4.886363636363636e-01,1.824793887070574e-07,-6.754622092074398e-08
8.536931818181819e-01,5.113636363636364e-01,-3.059631989173332e-07,-5.564002425141544e-07
8.536931818181819e-01,5.340909090909091e-01,-7.902891956825430e-07,-1.037375288329515e-06
8.536931818181819e-01,5.568181818181818e-01,-1.280825812652105e-06,-1.523337078506033e-06
8.536931818181819e-01,5.795454545454546e-01,-1.740895900627367e-06,-1.972480107862168e-06
8.536931818181819e-01,6.022727272727273e-01,-2.189869475876593e-06,-2.408594649617390e-06
8.536931818181819e-01,6.250000000000000e-01,-2.633348748006582e-06,-2.837792174462111e-06
8.536931818181819e-01,6.477272727272727e-01,-2.995260349695246e-06,-3.177281228242094e-06
8.536931818181819e-01,6.704545454545454e-01,-3.353398657090754e-06,-3.512814231129298e-06
8.536931818181819e-01,6.931818181818182e-01,-3.665407463863743e-06,-3.799323982806772e-06
8.536931818181819e-01,7.159090909090909e-01,-3.888080594580208e-06,-3.990192642461200e-06
8.536931818181819e-01,7.386363636363636e-01,-4.096811297738413e-06,-4.167103784512053e-06
8.536931818181819e-01,7.613636363636364e-01,-4.208638840087521e-06,-4.242702813424076e-06
8.536931818181819e-01,7.840909090909091e-01,-4.241489199916727e-06,-4.234935108973294e-06
8.536931818181819e-01,8.068181818181818e-01,-4.247716659139704e-06,-4.201562260103871e-06
8.536931818181819e-01,8.295454545454546e-01,-4.093886794768286e-06,-4.001849689748878e-06
8.536931818181819e-01,8.522727272727273e-01,-3.890738262017863e-06,-3.750570112901519e-06
8.536931818181819e-01,8.750000000000000e-01,-3.652466317962203e-06,-3.467782546517087e-06
8.536931818181819e-01,8.977272727272727e-01,-3.172714302746421e-06,-2.940469301975592e-06
8.536931818181819e-01,9.204545454545454e-01,-2.688680244458086e-06,-2.410199492706235e-06
8.536931818181819e-01,9.431818181818182e-01,-2.099727406067052e-06,-1.819596908660615e-06
8.536931818181819e-01,9.659090909090909e-01,-1.251684787311144e-06,-1.086431341748420e-06
8.536931818181819e-01,9.886363636363636e-01,-4.131524342750512e-07,-3.594803788610445e-07
8.735795454545454e-01,1.136363636363636e-02,2.711832961111127e-07,3.363727144683092e-07
8.735795454545454e-01,3.409090909090909e-02,8.135498883291752e-07,1.009118143393282e-06
8.735795454545454e-01,5.681818181818182e-02,1.355916480547238e-06,1.681863572318255e-06
8.735795454545454e-01,7.954545454545454e-02,1.842552317789863e-06,2.167659860245919e-06
8.735795454545454e-01,1.022727272727273e-01,2.307738837472625e-06,2.587926827261021e-06
8.735795454545454e-01,1.250000000000000e-01,2.774463270351569e-06,3.009550697983264e-06
8.735795454545454e-01,1.477272727272727e-01,3.038945606536146e-06,3.223954344611706e-06
8.735795454545454e-01,1.704545454545454e-01,3.303427942720722e-06,3.438357991240147e-06
8.735795454545454e-01,1.931818181818182e-01,3.515749069548548e-06,3.601407143706287e-06
8.735795454545454e-01,2.159090909090909e-01,3.571917718177424e-06,3.612352616898168e-06
8.735795454545454e-01,2.386363636363636e-01,3.628086366806301e-06,3.623298090090049e-06
8.735795454545454e-01,2.613636363636364e-01,3.584986552740787e-06,3.539783623964413e-06
8.735795454545454e-01,2.840909090909091e-01,3.446954655685391e-06,3.366292088052531e-06
8.735795454545454e-01,3.068181818181818e-01,3.308922758629995e-06,3.192800552140650e-06
8.735795454545454e-01,3.295454545454545e-01,3.050269230265852e-06,2.906552434262457e-06
8.735795454545454e-01,3.522727272727273e-01,2.755319433680393e-06,2.586499900738485e-06
8.735795454545454e-01,3.750000000000000e-01,2.457620834445616e-06,2.263809994677542e-06
8.735795454545454e-01,3.977272727272727e-01,2.051661467600732e-06,1.842421697587589e-06
8.735795454545454e-01,4.204545454545455e-01,1.645702100755847e-06,1.421033400497636e-06
8.735795454545454e-01,4.431818181818182e-01,1.221666654525413e-06,9.840333383588957e-07
8.735795454545454e-01,4.659090909090909e-01,7.521951158207586e-07,5.085253973736084e-07
8.735795454545454e-01,4.886363636363636e-01,2.827235771161026e-07,3.301745638832000e-08
8.735795454545454e-01,5.113636363636364e-01,-1.956181681050120e-07,-4.465506030361400e-07
8.735795454545454e-01,5.340909090909091e-01,-6.799441648702219e-07,-9.275256488515011e-07
8.735795454545454e-01,5.568181818181818e-01,-1.164270161635432e-06,-1.408500694666862e-06
8.735795454545454e-01,5.795454545454546e-01,-1.622646444100416e-06,-1.856283702833591e-06
8.735795454545454e-01,6.022727272727273e-01,-2.071620019349643e-06,-2.292398244588813e-06
8.735795454545454e-01,6.250000000000000e-01,-2.520227307724253e-06,-2.728051651883336e-06
8.735795454545454e-01,6.477272727272727e-01,-2.882138909412917e-06,-3.067540705663319e-06
8.735795454545454e-01,6.704545454545454e-01,-3.244050511101581e-06,-3.407029759443302e-06
8.735795454545454e-01,6.931818181818182e-01,-3.569894730282810e-06,-3.708045031060971e-06
8.735795454545454e-01,7.159090909090909e-01,-3.792567860999276e-06,-3.898913690715399e-06
8.735795454545454e-01,7.386363636363636e-01,-4.015240991715742e-06,-4.089782350369827e-06
8.735795454545454e-01,7.613636363636364e-01,-4.141010961623112e-06,-4.179338896885426e-06
8.735795454545454e-01,7.840909090909091e-01,-4.173861321452320e-06,-4.171571192434644e-06
8.735795454545454e-01,8.068181818181818e-01,-4.206711681281526e-06,-4.163803487983862e-06
8.735795454545454e-01,8.295454545454546e-01,-4.060142607984535e-06,-3.971074138833953e-06
8.735795454545454e-01,8.522727272727273e-01,-3.856994075234112e-06,-3.719794561986594e-06
8.735795454545454e-01,8.750000000000000e-01,-3.651503981730006e-06,-3.466414452503430e-06
8.735795454545454e-01,8.977272727272727e-01,-3.171751966514225e-06,-2.939101207961934e-06
8.735795454545454e-01,9.204545454545454e-01,-2.691999951298443e-06,-2.411787963420438e-06
8.735795454545454e-01,9.431818181818182e-01,-2.118747937506775e-06,-1.832026116710311e-06
8.735795454545454e-01,9.659090909090909e-01,-1.270705318750867e-06,-1.098860549798116e-06
8.735795454545454e-01,9.886363636363636e-01,-4.226626999949593e-07,-3.656949828859221e-07
8.934659090909092e-01,1.136363636363636e-02,2.527685168322608e-07,3.135299043102518e-07
8.934659090909092e-01,3.409090909090909e-02,7.836258720010718e-07,9.719985768865181e-07
8.934659090909092e-01,5.681818181818182e-02,1.325992464219134e-06,1.644744005811491e-06
8.934659090909092e-01,7.954545454545454e-02,1.789328444791671e-06,2.110524431130127e-06
8.934659090909092e-01,1.022727272727273e-01,2.252752834704095e-06,2.529324218380734e-06
8.934659090909092e-01,1.250000000000000e-01,2.717939354386856e-06,2.949591185395835e-06
8.934659090909092e-01,1.477272727272727e-01,2.977287804335181e-06,3.162990248379320e-06
8.934659090909092e-01,1.704545454545454e-01,3.241770140519758e-06,3.377393895007762e-06
8.934659090909092e-01,1.931818181818182e-01,3.458998605820479e-06,3.546727012011077e-06
8.934659090909092e-01,2.159090909090909e-01,3.526022494210762e-06,3.570709016104490e-06
8.934659090909092e-01,2.386363636363636e-01,3.582191142839638e-06,3.581654489296372e-06
8.934659090909092e-01,2.613636363636364e-01,3.560819170160178e-06,3.520391742679069e-06
8.934659090909092e-01,2.840909090909091e-01,3.435012055313406e-06,3.359406634731373e-06
8.934659090909092e-01,3.068181818181818e-01,3.296980158258010e-06,3.185915098819492e-06
8.934659090909092e-01,3.295454545454545e-01,3.075192481674523e-06,2.935995238995121e-06
8.934659090909092e-01,3.522727272727273e-01,2.783070405515686e-06,2.618733740829196e-06
8.934659090909092e-01,3.750000000000000e-01,2.488120608930228e-06,2.298681207305224e-06
8.934659090909092e-01,3.977272727272727e-01,2.116208161835340e-06,1.910448941848707e-06
8.934659090909092e-01,4.204545454545455e-01,1.710248794990455e-06,1.489060644758754e-06
8.934659090909092e-01,4.431818181818182e-01,1.296731044503451e-06,1.062103272901002e-06
8.934659090909092e-01,4.659090909090909e-01,8.459787392751472e-07,6.045072133792925e-07
8.934659090909092e-01,4.886363636363636e-01,3.765072005704913e-07,1.289992723940041e-07
8.934659090909092e-01,5.113636363636364e-01,-8.984180415872264e-08,-3.395204741996426e-07
8.934659090909092e-01,5.340909090909091e-01,-5.675741990453584e-07,-8.144194282608302e-07
8.934659090909092e-01,5.568181818181818e-01,-1.051900195810568e-06,-1.295394474076191e-06
8.934659090909092e-01,5.795454545454546e-01,-1.504721059384742e-06,-1.739012437048579e-06
8.934659090909092e-01,6.022727272727273e-01,-1.953278733212798e-06,-2.174817670070645e-06
8.934659090909092e-01,6.250000000000000e-01,-2.402252308462025e-06,-2.610932211825868e-06
8.934659090909092e-01,6.477272727272727e-01,-2.771077240634103e-06,-2.958546558119920e-06
8.934659090909092e-01,6.704545454545454e-01,-3.132988842322766e-06,-3.298035611899903e-06
8.934659090909092e-01,6.931818181818182e-01,-3.465687746186826e-06,-3.606198102226222e-06
8.934659090909092e-01,7.159090909090909e-01,-3.700953946719790e-06,-3.810180965805528e-06
8.934659090909092e-01,7.386363636363636e-01,-3.923627077436256e-06,-4.001049625459957e-06
8.934659090909092e-01,7.613636363636364e-01,-4.067705710317697e-06,-4.108867359113862e-06
8.934659090909092e-01,7.840909090909091e-01,-4.110754124902283e-06,-4.111266689695631e-06
8.934659090909092e-01,8.068181818181818e-01,-4.143604484731489e-06,-4.103498985244850e-06
8.934659090909092e-01,8.295454545454546e-01,-4.026834189484055e-06,-3.939162266304555e-06
8.934659090909092e-01,8.522727272727273e-01,-3.825967199596805e-06,-3.690054763607856e-06
8.934659090909092e-01,8.750000000000000e-01,-3.622818666846382e-06,-3.438775186760497e-06
8.934659090909092e-01,8.977272727272727e-01,-3.167684508619406e-06,-2.932827163832785e-06
8.934659090909092e-01,9.204545454545454e-01,-2.687932493403624e-06,-2.405513919291288e-06
8.934659090909092e-01,9.431818181818182e-01,-2.117338202562052e-06,-1.828638001273478e-06
8.934659090909092e-01,9.659090909090909e-01,-1.272063928139442e-06,-1.099748350373102e-06
8.934659090909092e-01,9.886363636363636e-01,-4.240213093835344e-07,-3.665827834609077e-07
9.133522727272727e-01,1.136363636363636e-02,2.527685168322100e-07,3.135299043101232e-07
9.133522727272727e-01,3.409090909090909e-02,7.583055504926683e-07,9.405897129192355e-07
9.133522727272727e-01,5.681818181818182e-02,1.293766600481180e-06,1.604769088034985e-06
9.133522727272727e-01,7.954545454545454e-02,1.757102581053717e-06,2.070549513353620e-06
9.133522727272727e-01,1.022727272727273e-01,2.195857154181415e-06,2.468808783901305e-06
9.133522727272727e-01,1.250000000000000e-01,2.661043673864177e-06,2.889075750916406e-06
9.133522727272727e-01,1.477272727272727e-01,2.919207380834906e-06,3.102242986904901e-06
9.133522727272727e-01,1.704545454545454e-01,3.179345659434961e-06,3.315796601218379e-06
9.133522727272727e-01,1.931818181818182e-01,3.396574124735682e-06,3.485129718221695e-06
9.133522727272727e-01,2.159090909090909e-01,3.472040977384836e-06,3.519251246349633e-06
9.133522727272727e-01,2.386363636363636e-01,3.536652590272584e-06,3.540336243576039e-06
9.133522727272727e-01,2.613636363636364e-01,3.515280617593123e-06,3.479073496958737e-06
9.133522727272727e-01,2.840909090909091e-01,3.416368023605325e-06,3.345602530532249e-06
9.133522727272727e-01,3.068181818181818e-01,3.285670995875104e-06,3.179614851398879e-06
9.133522727272727e-01,3.295454545454545e-01,3.063883319291617e-06,2.929694991574507e-06
9.133522727272727e-01,3.522727272727273e-01,2.811349329105478e-06,2.651507988421256e-06
9.133522727272727e-01,3.750000000000000e-01,2.516399532520020e-06,2.331455454897284e-06
9.133522727272727e-01,3.977272727272727e-01,2.152344066905900e-06,1.950874581356175e-06
9.133522727272727e-01,4.204545454545455e-01,1.775193632157166e-06,1.557541387956052e-06
9.133522727272727e-01,4.431818181818182e-01,1.361675881670162e-06,1.130584016098300e-06
9.133522727272727e-01,4.659090909090909e-01,9.254829802567969e-07,6.869194199371511e-07
9.133522727272727e-01,4.886363636363636e-01,4.705708453670804e-07,2.253429423124232e-07
9.133522727272727e-01,5.113636363636364e-01,4.221840637866418e-09,-2.431768042812234e-07
9.133522727272727e-01,5.340909090909091e-01,-4.590046301159066e-07,-7.047083564832296e-07
9.133522727272727e-01,5.568181818181818e-01,-9.393744657539721e-07,-1.182037747246087e-06
9.133522727272727e-01,5.795454545454546e-01,-1.392195329328146e-06,-1.625655710218474e-06
9.133522727272727e-01,6.022727272727273e-01,-1.834930383259810e-06,-2.057130620976357e-06
9.133522727272727e-01,6.250000000000000e-01,-2.283903958509037e-06,-2.493245162731580e-06
9.133522727272727e-01,6.477272727272727e-01,-2.654324274638825e-06,-2.842734576528878e-06
9.133522727272727e-01,6.704545454545454e-01,-3.022085617505762e-06,-3.189098877820765e-06
9.133522727272727e-01,6.931818181818182e-01,-3.354784521369821e-06,-3.497261368147084e-06
9.133522727272727e-01,7.159090909090909e-01,-3.599845331760063e-06,-3.711444168112406e-06
9.133522727272727e-01,7.386363636363636e-01,-3.832313072333805e-06,-3.912512764152850e-06
9.133522727272727e-01,7.613636363636364e-01,-3.976391705215246e-06,-4.020330497806755e-06
9.133522727272727e-01,7.840909090909091e-01,-4.041875840261664e-06,-4.045097305460138e-06
9.133522727272727e-01,8.068181818181818e-01,-4.080845032944097e-06,-4.043429822028887e-06
9.133522727272727e-01,8.295454545454546e-01,-3.964074737696663e-06,-3.879093103088592e-06
9.133522727272727e-01,8.522727272727273e-01,-3.795149347893842e-06,-3.660394638501133e-06
9.133522727272727e-01,8.750000000000000e-01,-3.592000815143419e-06,-3.409115061653774e-06
9.133522727272727e-01,8.977272727272727e-01,-3.142547700836935e-06,-2.908097474483088e-06
9.133522727272727e-01,9.204545454545454e-01,-2.683626179996297e-06,-2.398862494384024e-06
9.133522727272727e-01,9.431818181818182e-01,-2.113031889154724e-06,-1.821986576366214e-06
9.133522727272727e-01,9.659090909090909e-01,-1.269910771435791e-06,-1.096422637919474e-06
9.133522727272727e-01,9.886363636363636e-01,-4.240213093835596e-07,-3.665827834609155e-07
9.332386363636364e-01,1.136363636363636e-02,2.527685168321592e-07,3.135299043099945e-07
9.332386363636364e-01,3.409090909090909e-02,7.583055504926174e-07,9.405897129191069e-07
9.332386363636364e-01,5.681818181818182e-02,1.263842584153076e-06,1.567649521528219e-06
9.332386363636364e-01,7.954545454545454e-02,1.724876717315762e-06,2.030574595577114e-06
9.332386363636364e-01,1.022727272727273e-01,2.161869160673123e-06,2.427366686360304e-06
9.332386363636364e-01,1.250000000000000e-01,2.604147993341497e-06,2.828560316436977e-06
9.332386363636364e-01,1.477272727272727e-01,2.862311700312226e-06,3.041727552425472e-06
9.332386363636364e-01,1.704545454545454e-01,3.120475407282954e-06,3.254894788413966e-06
9.332386363636364e-01,1.931818181818182e-01,3.334149643650886e-06,3.423532424432312e-06
9.332386363636364e-01,2.159090909090909e-01,3.409616496300039e-06,3.457653952560250e-06
9.332386363636364e-01,2.386363636363636e-01,3.485083348949193e-06,3.491775480688189e-06
9.332386363636364e-01,2.613636363636364e-01,3.469742065026068e-06,3.437755251238404e-06
9.332386363636364e-01,2.840909090909091e-01,3.370829471038270e-06,3.304284284811916e-06
9.332386363636364e-01,3.068181818181818e-01,3.271916877050472e-06,3.170813318385428e-06
9.332386363636364e-01,3.295454545454545e-01,3.052574156908711e-06,2.923394744153893e-06
9.332386363636364e-01,3.522727272727273e-01,2.802867887149193e-06,2.647998776358691e-06
9.332386363636364e-01,3.750000000000000e-01,2.544678456109812e-06,2.364229702489345e-06
9.332386363636364e-01,3.977272727272727e-01,2.180622990495693e-06,1.983648828948236e-06
9.332386363636364e-01,4.204545454545455e-01,1.816567524881572e-06,1.603067955407126e-06
9.332386363636364e-01,4.431818181818182e-01,1.426620718836873e-06,1.199064759295598e-06
9.332386363636364e-01,4.659090909090909e-01,9.904278174235079e-07,7.554001631344495e-07
9.332386363636364e-01,4.886363636363636e-01,5.542349160101419e-07,3.117355669732996e-07
9.332386363636364e-01,5.113636363636364e-01,9.828548543445603e-08,-1.468331343628038e-07
9.332386363636364e-01,5.340909090909091e-01,-3.649409853193170e-07,-6.083646865648099e-07
9.332386363636364e-01,5.568181818181818e-01,-8.281674560730901e-07,-1.069896238766816e-06
9.332386363636364e-01,5.795454545454546e-01,-1.279669599271549e-06,-1.512298983388369e-06
9.332386363636364e-01,6.022727272727273e-01,-1.721988751782042e-06,-1.943464585413096e-06
9.332386363636364e-01,6.250000000000000e-01,-2.165555608556047e-06,-2.375558113637290e-06
9.332386363636364e-01,6.477272727272727e-01,-2.535975924685836e-06,-2.725047527434588e-06
9.332386363636364e-01,6.704545454545454e-01,-2.906396240815625e-06,-3.074536941231887e-06
9.332386363636364e-01,6.931818181818182e-01,-3.243881296552817e-06,-3.388324634067946e-06
9.332386363636364e-01,7.159090909090909e-01,-3.488942106943057e-06,-3.602507434033268e-06
9.332386363636364e-01,7.386363636363636e-01,-3.734002917333299e-06,-3.816690233998589e-06
9.332386363636364e-01,7.613636363636364e-01,-3.885077700112795e-06,-3.931793636499648e-06
9.332386363636364e-01,7.840909090909091e-01,-3.950561835159212e-06,-3.956560444153031e-06
9.332386363636364e-01,8.068181818181818e-01,-4.016045970205629e-06,-3.981327251806414e-06
9.332386363636364e-01,8.295454545454546e-01,-3.901315285909270e-06,-3.819023939872628e-06
9.332386363636364e-01,8.522727272727273e-01,-3.734671438969622e-06,-3.602497549435830e-06
9.332386363636364e-01,8.750000000000000e-01,-3.561182963440454e-06,-3.379454936547051e-06
9.332386363636364e-01,8.977272727272727e-01,-3.111729849133971e-06,-2.878437349376365e-06
9.332386363636364e-01,9.204545454545454e-01,-2.662276734827489e-06,-2.377419762205678e-06
9.332386363636364e-01,9.431818181818182e-01,-2.108725575747396e-06,-1.815335151458949e-06
9.332386363636364e-01,9.659090909090909e-01,-1.265604458028463e-06,-1.089771213012209e-06
9.332386363636364e-01,9.886363636363636e-01,-4.224833403095301e-07,-3.642072745654687e-07
9.531250000000000e-01,1.136363636363636e-02,2.309815629037839e-07,2.868600456416318e-07
9.531250000000000e-01,3.409090909090909e-02,7.283484888411234e-07,9.039186572501635e-07
9.531250000000000e-01,5.681818181818182e-02,1.233885522501582e-06,1.530978465859276e-06
9.531250000000000e-01,7.954545454545454e-02,1.666107344802924e-06,1.966008940889772e-06
9.531250000000000e-01,1.022727272727273e-01,2.103099788160285e-06,2.362801031672962e-06
9.531250000000000e-01,1.250000000000000e-01,2.540092231517646e-06,2.759593122456152e-06
9.531250000000000e-01,1.477272727272727e-01,2.790399486661282e-06,2.968187763951518e-06
9.531250000000000e-01,1.704545454545454e-01,3.048563193632011e-06,3.181354999940013e-06
9.531250000000000e-01,1.931818181818182e-01,3.263788766598016e-06,3.353534564954526e-06
9.531250000000000e-01,2.159090909090909e-01,3.344043758504591e-06,3.394260166066992e-06
9.531250000000000e-01,2.386363636363636e-01,3.419510611153745e-06,3.428381694194930e-06
9.531250000000000e-01,2.613636363636364e-01,3.423381329085974e-06,3.395548777655798e-06
9.531250000000000e-01,2.840909090909091e-01,3.330316330823757e-06,3.268393487208113e-06
9.531250000000000e-01,3.068181818181818e-01,3.231403736835960e-06,3.134922520781625e-06
9.531250000000000e-01,3.295454545454545e-01,3.049319476796329e-06,2.925392518071831e-06
9.531250000000000e-01,3.522727272727273e-01,2.799613207036812e-06,2.649996550276629e-06
9.531250000000000e-01,3.750000000000000e-01,2.549906937277295e-06,2.374600582481427e-06
9.531250000000000e-01,3.977272727272727e-01,2.217630281355938e-06,2.025531378840317e-06
9.531250000000000e-01,4.204545454545455e-01,1.853574815741818e-06,1.644950505299207e-06
9.531250000000000e-01,4.431818181818182e-01,1.481922692375527e-06,1.258780339152199e-06
9.531250000000000e-01,4.659090909090909e-01,1.063995768058032e-06,8.329336095769953e-07
9.531250000000000e-01,4.886363636363636e-01,6.278028666446664e-07,3.892690134158453e-07
9.531250000000000e-01,5.113636363636364e-01,1.941694154932890e-07,-4.800997516828066e-08
9.531250000000000e-01,5.340909090909091e-01,-2.630284671609122e-07,-5.037968702712424e-07
9.531250000000000e-01,5.568181818181818e-01,-7.262549379146853e-07,-9.653284224732486e-07
9.531250000000000e-01,5.795454545454546e-01,-1.160955891938515e-06,-1.392498935776657e-06
9.531250000000000e-01,6.022727272727273e-01,-1.603275044449008e-06,-1.823664537801384e-06
9.531250000000000e-01,6.250000000000000e-01,-2.045594196959500e-06,-2.254830139826111e-06
9.531250000000000e-01,6.477272727272727e-01,-2.414066788335381e-06,-2.603666241911936e-06
9.531250000000000e-01,6.704545454545454e-01,-2.784487104465170e-06,-2.953155655709234e-06
9.531250000000000e-01,6.931818181818182e-01,-3.126889106703348e-06,-3.272538399863083e-06
9.531250000000000e-01,7.159090909090909e-01,-3.377762651544318e-06,-3.493231171503855e-06
9.531250000000000e-01,7.386363636363636e-01,-3.622823461934560e-06,-3.707413971469177e-06
9.531250000000000e-01,7.613636363636364e-01,-3.791666007916284e-06,-3.840915562974673e-06
9.531250000000000e-01,7.840909090909091e-01,-3.862238920436476e-06,-3.870942416014109e-06
9.531250000000000e-01,8.068181818181818e-01,-3.927723055482893e-06,-3.895709223667492e-06
9.531250000000000e-01,8.295454545454546e-01,-3.843942766328992e-06,-3.764182626861034e-06
9.531250000000000e-01,8.522727272727273e-01,-3.677298919389344e-06,-3.547656236424235e-06
9.531250000000000e-01,8.750000000000000e-01,-3.510655072449696e-06,-3.331129845987436e-06
9.531250000000000e-01,8.977272727272727e-01,-3.086931751633254e-06,-2.854551891978951e-06
9.531250000000000e-01,9.204545454545454e-01,-2.637478637326771e-06,-2.353534304808265e-06
9.531250000000000e-01,9.431818181818182e-01,-2.096224621125636e-06,-1.802754572110595e-06
9.531250000000000e-01,9.659090909090909e-01,-1.264681676584014e-06,-1.088345907674912e-06
9.531250000000000e-01,9.886363636363636e-01,-4.215605588650811e-07,-3.627819692281715e-07
9.730113636363636e-01,1.136363636363636e-02,2.309815629037236e-07,2.868600456414792e-07
9.730113636363636e-01,3.409090909090909e-02,6.929446887075482e-07,8.605801369141612e-07
9.730113636363636e-01,5.681818181818182e-02,1.195758353126967e-06,1.484306213189747e-06
9.730113636363636e-01,7.954545454545454e-02,1.625988651007237e-06,1.917579547746682e-06
9.730113636363636e-01,1.022727272727273e-01,2.037091276890661e-06,2.291528812373575e-06
9.730113636363636e-01,1.250000000000000e-01,2.474083720248021e-06,2.688320903156765e-06
9.730113636363636e-01,1.477272727272727e-01,2.720819860924797e-06,2.894837092609799e-06
9.730113636363636e-01,1.704545454545454e-01,2.972555561855177e-06,3.104263114922098e-06
9.730113636363636e-01,1.931818181818182e-01,3.187781134821183e-06,3.276442679936611e-06
9.730113636363636e-01,2.159090909090909e-01,3.274192305773015e-06,3.325659232029183e-06
9.730113636363636e-01,2.386363636363636e-01,3.353079257891756e-06,3.364497955146068e-06
9.730113636363636e-01,2.613636363636364e-01,3.356949975823985e-06,3.331665038606936e-06
9.730113636363636e-01,2.840909090909091e-01,3.289224559039289e-06,3.231877677400733e-06
9.730113636363636e-01,3.068181818181818e-01,3.192261163626686e-06,3.100511936300512e-06
9.730113636363636e-01,3.295454545454545e-01,3.012897230021324e-06,2.893744180385558e-06
9.730113636363636e-01,3.522727272727273e-01,2.798555203907300e-06,2.654257420923262e-06
9.730113636363636e-01,3.750000000000000e-01,2.548848934147783e-06,2.378861453128060e-06
9.730113636363636e-01,3.977272727272727e-01,2.231017191723138e-06,2.044115735805132e-06
9.730113636363636e-01,4.204545454545455e-01,1.892962570403096e-06,1.689317137636749e-06
9.730113636363636e-01,4.431818181818182e-01,1.521310447036805e-06,1.303146971489741e-06
9.730113636363636e-01,4.659090909090909e-01,1.126868350414001e-06,9.002089275250374e-07
9.730113636363636e-01,4.886363636363636e-01,7.037225754976854e-07,4.692713789252765e-07
9.730113636363636e-01,5.113636363636364e-01,2.700891243463080e-07,3.199239034115059e-08
9.730113636363636e-01,5.340909090909091e-01,-1.609848765430819e-07,-3.989009906659525e-07
9.730113636363636e-01,5.568181818181818e-01,-6.222018179303309e-07,-8.585176571682772e-07
9.730113636363636e-01,5.795454545454546e-01,-1.055735042131662e-06,-1.284634845356628e-06
9.730113636363636e-01,6.022727272727273e-01,-1.482873706949672e-06,-1.702107220885597e-06
9.730113636363636e-01,6.250000000000000e-01,-1.925192859460164e-06,-2.133272822910324e-06
9.730113636363636e-01,6.477272727272727e-01,-2.292780121402451e-06,-2.481811965127298e-06
9.730113636363636e-01,6.704545454545454e-01,-2.661606844551770e-06,-2.830766851160663e-06
9.730113636363636e-01,6.931818181818182e-01,-3.004008846789947e-06,-3.150149595314512e-06
9.730113636363636e-01,7.159090909090909e-01,-3.262355907353286e-06,-3.379212330538008e-06
9.730113636363636e-01,7.386363636363636e-01,-3.511568670922620e-06,-3.598045110271509e-06
9.730113636363636e-01,7.613636363636364e-01,-3.680411216904345e-06,-3.731546701777005e-06
9.730113636363636e-01,7.840909090909091e-01,-3.773035498477555e-06,-3.784367084822675e-06
9.730113636363636e-01,8.068181818181818e-01,-3.840215892681897e-06,-3.810887240938075e-06
9.730113636363636e-01,8.295454545454546e-01,-3.758693018281563e-06,-3.681603961777781e-06
9.730113636363636e-01,8.522727272727273e-01,-3.621395563138279e-06,-3.494240700741105e-06
9.730113636363636e-01,8.750000000000000e-01,-3.454751716198631e-06,-3.277714310304306e-06
9.730113636363636e-01,8.977272727272727e-01,-3.042723756059480e-06,-2.812245280460457e-06
9.730113636363636e-01,9.204545454545454e-01,-2.614322290972121e-06,-2.331223756786117e-06
9.730113636363636e-01,9.431818181818182e-01,-2.073068274770986e-06,-1.780444024088447e-06
9.730113636363636e-01,9.659090909090909e-01,-1.256411552885907e-06,-1.080377854809838e-06
9.730113636363636e-01,9.886363636363636e-01,-4.215605588650537e-07,-3.627819692281382e-07
9.928977272727273e-01,1.136363636363636e-02,2.309815629036633e-07,2.868600456413266e-07
9.928977272727273e-01,3.409090909090909e-02,6.929446887074878e-07,8.605801369140086e-07
9.928977272727273e-01,5.681818181818182e-02,1.157631183752352e-06,1.437633960520218e-06
9.928977272727273e-01,7.954545454545454e-02,1.587861481632622e-06,1.870907295077152e-06
9.928977272727273e-01,1.022727272727273e-01,1.992989534252829e-06,2.239585138283362e-06
9.928977272727273e-01,1.250000000000000e-01,2.408075208978397e-06,2.617048683857377e-06
9.928977272727273e-01,1.477272727272727e-01,2.654811349655173e-06,2.823564873310412e-06
9.928977272727273e-01,1.704545454545454e-01,2.901547490331948e-06,3.030081062763446e-06
9.928977272727273e-01,1.931818181818182e-01,3.111773503044349e-06,3.199350794918696e-06
9.928977272727273e-01,2.159090909090909e-01,3.198184673996182e-06,3.248567347011267e-06
9.928977272727273e-01,2.386363636363636e-01,3.284595844948015e-06,3.297783899103838e-06
9.928977272727273e-01,2.613636363636364e-01,3.290518622561996e-06,3.267781299558074e-06
9.928977272727273e-01,2.840909090909091e-01,3.222793205777300e-06,3.167993938351871e-06
9.928977272727273e-01,3.068181818181818e-01,3.153118590417411e-06,3.066101351819400e-06
9.928977272727273e-01,3.295454545454545e-01,2.973754656812050e-06,2.859333595904445e-06
9.928977272727273e-01,3.522727272727273e-01,2.767573610000832e-06,2.628133576826667e-06
9.928977272727273e-01,3.750000000000000e-01,2.547790931018272e-06,2.383122323774694e-06
9.928977272727273e-01,3.977272727272727e-01,2.229959188593627e-06,2.048376606451766e-06
9.928977272727273e-01,4.204545454545455e-01,1.912127446168979e-06,1.713630889128836e-06
9.928977272727273e-01,4.431818181818182e-01,1.560698201698084e-06,1.347513603827283e-06
9.928977272727273e-01,4.659090909090909e-01,1.166256105075279e-06,9.445755598625792e-07
9.928977272727273e-01,4.886363636363636e-01,7.718140084524743e-07,5.416375158978744e-07
9.928977272727273e-01,5.113636363636364e-01,3.460088331993270e-07,1.119947558505818e-07
9.928977272727273e-01,5.340909090909091e-01,-8.506516769006281e-08,-3.188986251565213e-07
9.928977272727273e-01,5.568181818181818e-01,-5.181486979459765e-07,-7.517068918633058e-07
9.928977272727273e-01,5.795454545454546e-01,-9.516819221473074e-07,-1.177824080051656e-06
9.928977272727273e-01,6.022727272727273e-01,-1.375317397497821e-06,-1.592136480235451e-06
9.928977272727273e-01,6.250000000000000e-01,-1.804791521960829e-06,-2.011715505994538e-06
9.928977272727273e-01,6.477272727272727e-01,-2.172378783903115e-06,-2.360254648211512e-06
9.928977272727273e-01,6.704545454545454e-01,-2.539966045845402e-06,-2.708793790428485e-06
9.928977272727273e-01,6.931818181818182e-01,-2.881128586876548e-06,-3.027760790765942e-06
9.928977272727273e-01,7.159090909090909e-01,-3.139475647439886e-06,-3.256823525989437e-06
9.928977272727273e-01,7.386363636363636e-01,-3.397822708003224e-06,-3.485886261212933e-06
9.928977272727273e-01,7.613636363636364e-01,-3.569156425892405e-06,-3.622177840579337e-06
9.928977272727273e-01,7.840909090909091e-01,-3.661780707465615e-06,-3.674998223625007e-06
9.928977272727273e-01,8.068181818181818e-01,-3.752708729880901e-06,-3.726065258208659e-06
9.928977272727273e-01,8.295454545454546e-01,-3.671185855480566e-06,-3.596781979048364e-06
9.928977272727273e-01,8.522727272727273e-01,-3.540660644597982e-06,-3.416148670950179e-06
9.928977272727273e-01,8.750000000000000e-01,-3.398848359947565e-06,-3.224298774621176e-06
9.928977272727273e-01,8.977272727272727e-01,-2.986820399808415e-06,-2.758829744777327e-06
9.928977272727273e-01,9.204545454545454e-01,-2.574792439669264e-06,-2.293360714933479e-06
9.928977272727273e-01,9.431818181818182e-01,-2.049911928416337e-06,-1.758133476066300e-06
9.928977272727273e-01,9.659090909090909e-01,-1.233255206531258e-06,-1.058067306787690e-06
9.928977272727273e-01,9.886363636363636e-01,-4.165984846461785e-07,-3.580011375090804e-07
1.012784090909091e+00,1.136363636363636e-02,2.059414456489785e-07,2.560104287865632e-07
1.012784090909091e+00,3.409090909090909e-02,6.647745567959759e-07,8.258743179524208e-07
1.012784090909091e+00,5.681818181818182e-02,1.126737682599801e-06,1.399594409225103e-06
1.012784090909091e+00,7.954545454545454e-02,1.524938590379710e-06,1.800730501471387e-06
1.012784090909091e+00,1.022727272727273e-01,1.930066642999918e-06,2.169408344677596e-06
1.012784090909091e+00,1.250000000000000e-01,2.335194695620124e-06,2.538086187883805e-06
1.012784090909091e+00,1.477272727272727e-01,2.573041806782709e-06,2.738278890188087e-06
1.012784090909091e+00,1.704545454545454e-01,2.819777947459484e-06,2.944795079641122e-06
1.012784090909091e+00,1.931818181818182e-01,3.027772112411195e-06,3.114405687576420e-06
1.012784090909091e+00,2.159090909090909e-01,3.115857366745742e-06,3.166646399446964e-06
1.012784090909091e+00,2.386363636363636e-01,3.202268537697574e-06,3.215862951539535e-06
1.012784090909091e+00,2.613636363636364e-01,3.224223069958143e-06,3.204839102443534e-06
1.012784090909091e+00,2.840909090909091e-01,3.158074110070573e-06,3.106834435669933e-06
1.012784090909091e+00,3.068181818181818e-01,3.090348693285878e-06,3.007047074463730e-06
1.012784090909091e+00,3.295454545454545e-01,2.941507001629177e-06,2.832461955192900e-06
1.012784090909091e+00,3.522727272727273e-01,2.735325954817959e-06,2.601261936115121e-06
1.012784090909091e+00,3.750000000000000e-01,2.529144908006743e-06,2.370061917037344e-06
1.012784090909091e+00,3.977272727272727e-01,2.238367969799070e-06,2.062662393622986e-06
1.012784090909091e+00,4.204545454545455e-01,1.920536227374424e-06,1.727916676300057e-06
1.012784090909091e+00,4.431818181818182e-01,1.595593286975723e-06,1.388052338943563e-06
1.012784090909091e+00,4.659090909090909e-01,1.216202928572274e-06,1.000026122012457e-06
1.012784090909091e+00,4.886363636363636e-01,8.217608319494693e-07,5.970880780477527e-07
1.012784090909091e+00,5.113636363636364e-01,4.299291880971086e-07,2.004838603499686e-07
1.012784090909091e+00,5.340909090909091e-01,1.470987820685755e-09,-2.278705838086197e-07
1.012784090909091e+00,5.568181818181818e-01,-4.296030130687041e-07,-6.587639648157228e-07
1.012784090909091e+00,5.795454545454546e-01,-8.381345795635166e-07,-1.061310811761811e-06
1.012784090909091e+00,6.022727272727273e-01,-1.261770054914030e-06,-1.475623211945606e-06
1.012784090909091e+00,6.250000000000000e-01,-1.685405530264544e-06,-1.889935612129402e-06
1.012784090909091e+00,6.477272727272727e-01,-2.045013668827097e-06,-2.231761982662200e-06
1.012784090909091e+00,6.704545454545454e-01,-2.412600930769384e-06,-2.580301124879174e-06
1.012784090909091e+00,6.931818181818182e-01,-2.753886573065224e-06,-2.900547755120759e-06
1.012784090909091e+00,7.159090909090909e-01,-3.013494172001425e-06,-3.131581227560479e-06
1.012784090909091e+00,7.386363636363636e-01,-3.271841232564763e-06,-3.360643962783974e-06
1.012784090909091e+00,7.613636363636364e-01,-3.458142026007010e-06,-3.513353684328237e-06
1.012784090909091e+00,7.840909090909091e-01,-3.552118197876966e-06,-3.567645087675116e-06
1.012784090909091e+00,8.068181818181818e-01,-3.644742479450176e-06,-3.620465470720786e-06
1.012784090909091e+00,8.295454545454546e-01,-3.590093356232929e-06,-3.518936577485906e-06
1.012784090909091e+00,8.522727272727273e-01,-3.459568145350345e-06,-3.338303269387720e-06
1.012784090909091e+00,8.750000000000000e-01,-3.329042934467760e-06,-3.157669961289534e-06
1.012784090909091e+00,8.977272727272727e-01,-2.941712101389015e-06,-2.716819715495787e-06
1.012784090909091e+00,9.204545454545454e-01,-2.529684141249865e-06,-2.251350685651937e-06
1.012784090909091e+00,9.431818181818182e-01,-2.027673574693773e-06,-1.737424838616866e-06
1.012784090909091e+00,9.659090909090909e-01,-1.224985082833123e-06,-1.050099253922594e-06
1.012784090909091e+00,9.886363636363636e-01,-4.083283609480438e-07,-3.500330846439842e-07
1.032670454545455e+00,1.136363636363636e-02,2.059414456489103e-07,2.560104287863875e-07
1.032670454545455e+00,3.409090909090909e-02,6.209543516003236e-07,7.718874884567017e-07
1.032670454545455e+00,5.681818181818182e-02,1.082917477404148e-06,1.345607579729384e-06
1.032670454545455e+00,7.954545454545454e-02,1.474073080805324e-06,1.740476234316820e-06
1.032670454545455e+00,1.022727272727273e-01,1.853368350703506e-06,2.086173472773920e-06
1.032670454545455e+00,1.250000000000000e-01,2.258496403323713e-06,2.454851315980129e-06
1.032670454545455e+00,1.477272727272727e-01,2.489429824864148e-06,2.650125750502048e-06
1.032670454545455e+00,1.704545454545454e-01,2.729252275918775e-06,2.851723672172719e-06
1.032670454545455e+00,1.931818181818182e-01,2.937246440870486e-06,3.021334280108017e-06
1.032670454545455e+00,2.159090909090909e-01,3.029014678647002e-06,3.080228143490105e-06
1.032670454545455e+00,2.386363636363636e-01,3.116430299628463e-06,3.131259191449461e-06
1.032670454545455e+00,2.613636363636364e-01,3.138384831889032e-06,3.120235342353460e-06
1.032670454545455e+00,2.840909090909091e-01,3.094306268561213e-06,3.047188397636285e-06
1.032670454545455e+00,3.068181818181818e-01,3.026580851776518e-06,2.947401036430081e-06
1.032670454545455e+00,3.295454545454545e-01,2.885314309335777e-06,2.780736495605603e-06
1.032670454545455e+00,3.522727272727273e-01,2.706908809649753e-06,2.578578597497780e-06
1.032670454545455e+00,3.750000000000000e-01,2.500727762838537e-06,2.347378578420003e-06
1.032670454545455e+00,3.977272727272727e-01,2.230993450132955e-06,2.061248316934533e-06
1.032670454545455e+00,4.204545454545455e-01,1.934204333210399e-06,1.747771861540492e-06
1.032670454545455e+00,4.431818181818182e-01,1.609261392811698e-06,1.407907524183999e-06
1.032670454545455e+00,4.659090909090909e-01,1.262984858490832e-06,1.052687326726809e-06
1.032670454545455e+00,4.886363636363636e-01,8.775738047996408e-07,6.586963789822632e-07
1.032670454545455e+00,5.113636363636364e-01,4.857421609472804e-07,2.620921612844792e-07
1.032670454545455e+00,5.340909090909091e-01,9.390516925239643e-08,-1.307171669948998e-07
1.032670454545455e+00,5.568181818181818e-01,-3.371688316369934e-07,-5.616105480020030e-07
1.032670454545455e+00,5.795454545454546e-01,-7.400458847183315e-07,-9.588537954669117e-07
1.032670454545455e+00,6.022727272727273e-01,-1.142948144219440e-06,-1.353719664219718e-06
1.032670454545455e+00,6.250000000000000e-01,-1.566583619569954e-06,-1.768032064403513e-06
1.032670454545455e+00,6.477272727272727e-01,-1.919985773281603e-06,-2.104637390293065e-06
1.032670454545455e+00,6.704545454545454e-01,-2.281367050372985e-06,-2.447955487866791e-06
1.032670454545455e+00,6.931818181818182e-01,-2.622652692668826e-06,-2.768202118108376e-06
1.032670454545455e+00,7.159090909090909e-01,-2.885033476025321e-06,-3.003571212423791e-06
1.032670454545455e+00,7.386363636363636e-01,-3.144136859612377e-06,-3.233816389977021e-06
1.032670454545455e+00,7.613636363636364e-01,-3.330437653054624e-06,-3.386526111521284e-06
1.032670454545455e+00,7.840909090909091e-01,-3.443340289079032e-06,-3.461411799085102e-06
1.032670454545455e+00,8.068181818181818e-01,-3.535964570652242e-06,-3.514232182130771e-06
1.032670454545455e+00,8.295454545454546e-01,-3.488011685618792e-06,-3.419616952921671e-06
1.032670454545455e+00,8.522727272727273e-01,-3.382039348076794e-06,-3.264333746251347e-06
1.032670454545455e+00,8.750000000000000e-01,-3.251514137194209e-06,-3.083700438153161e-06
1.032670454545455e+00,8.977272727272727e-01,-2.883392180718004e-06,-2.661998135509493e-06
1.032670454545455e+00,9.204545454545454e-01,-2.490573097181391e-06,-2.215677048815723e-06
1.032670454545455e+00,9.431818181818182e-01,-1.988562530625299e-06,-1.701751201780652e-06
1.032670454545455e+00,9.659090909090909e-01,-1.216604144818394e-06,-1.042454903171923e-06
1.032670454545455e+00,9.886363636363636e-01,-4.083283609479729e-07,-3.500330846439162e-07
1.052556818181818e+00,1.136363636363636e-02,2.059414456488421e-07,2.560104287862118e-07
1.052556818181818e+00,3.409090909090909e-02,6.178243369434282e-07,7.680312863497017e-07
1.052556818181818e+00,5.681818181818182e-02,1.039097272208497e-06,1.291620750233665e-06
1.052556818181818e+00,7.954545454545454e-02,1.430252875609672e-06,1.686489404821101e-06
1.052556818181818e+00,1.022727272727273e-01,1.797805971543297e-06,2.021740913846789e-06
1.052556818181818e+00,1.250000000000000e-01,2.181798111027302e-06,2.371616444076454e-06
1.052556818181818e+00,1.477272727272727e-01,2.412731532567738e-06,2.566890878598373e-06
1.052556818181818e+00,1.704545454545454e-01,2.643664954108173e-06,2.762165313120291e-06
1.052556818181818e+00,1.931818181818182e-01,2.846720769329778e-06,2.928262872639616e-06
1.052556818181818e+00,2.159090909090909e-01,2.938489007106294e-06,2.987156736021704e-06
1.052556818181818e+00,2.386363636363636e-01,3.030257244882809e-06,3.046050599403792e-06
1.052556818181818e+00,2.613636363636364e-01,3.052546593819921e-06,3.035631582263386e-06
1.052556818181818e+00,2.840909090909091e-01,3.010044487389227e-06,2.964367331978813e-06
1.052556818181818e+00,3.068181818181818e-01,2.962813010267159e-06,2.887754998396434e-06
1.052556818181818e+00,3.295454545454545e-01,2.821546467826418e-06,2.721090457571955e-06
1.052556818181818e+00,3.522727272727273e-01,2.655766216833662e-06,2.532133523541385e-06
1.052556818181818e+00,3.750000000000000e-01,2.472310617670330e-06,2.324695239802662e-06
1.052556818181818e+00,3.977272727272727e-01,2.202576304964748e-06,2.038564978317192e-06
1.052556818181818e+00,4.204545454545455e-01,1.932841992259166e-06,1.752434716831722e-06
1.052556818181818e+00,4.431818181818182e-01,1.622929498647673e-06,1.427762709424434e-06
1.052556818181818e+00,4.659090909090909e-01,1.276652964326807e-06,1.072542511967244e-06
1.052556818181818e+00,4.886363636363636e-01,9.303764300059409e-07,7.173223145100535e-07
1.052556818181818e+00,5.113636363636364e-01,5.415551337974514e-07,3.237004622189890e-07
1.052556818181818e+00,5.340909090909091e-01,1.523339427155344e-07,-6.656992921187518e-08
1.052556818181818e+00,5.568181818181818e-01,-2.447346502052839e-07,-4.644571311882842e-07
1.052556818181818e+00,5.795454545454546e-01,-6.476117032866218e-07,-8.617003786531931e-07
1.052556818181818e+00,6.022727272727273e-01,-1.041089773765273e-06,-1.247726914937368e-06
1.052556818181818e+00,6.250000000000000e-01,-1.447761708875364e-06,-1.646128516677627e-06
1.052556818181818e+00,6.477272727272727e-01,-1.801163862587014e-06,-1.982733842567178e-06
1.052556818181818e+00,6.704545454545454e-01,-2.154566016298663e-06,-2.319339168456730e-06
1.052556818181818e+00,6.931818181818182e-01,-2.491418812272429e-06,-2.635856481095996e-06
1.052556818181818e+00,7.159090909090909e-01,-2.753799595628924e-06,-2.871225575411411e-06
1.052556818181818e+00,7.386363636363636e-01,-3.016180378985420e-06,-3.106594669726825e-06
1.052556818181818e+00,7.613636363636364e-01,-3.202733280102239e-06,-3.259698538714332e-06
1.052556818181818e+00,7.840909090909091e-01,-3.316987806423394e-06,-3.336055246579359e-06
1.052556818181818e+00,8.068181818181818e-01,-3.427186661854310e-06,-3.407998893540758e-06
1.052556818181818e+00,8.295454545454546e-01,-3.379233776820859e-06,-3.313383664331657e-06
1.052556818181818e+00,8.522727272727273e-01,-3.284421836251855e-06,-3.169623231037634e-06
1.052556818181818e+00,8.750000000000000e-01,-3.173985339920660e-06,-3.009730915016790e-06
1.052556818181818e+00,8.977272727272727e-01,-2.805863383444454e-06,-2.588028612373121e-06
1.052556818181818e+00,9.204545454545454e-01,-2.437741426968248e-06,-2.166326309729453e-06
1.052556818181818e+00,9.431818181818182e-01,-1.949451486556826e-06,-1.666077564944438e-06
1.052556818181818e+00,9.659090909090909e-01,-1.177493100749921e-06,-1.006781266335709e-06
1.052556818181818e+00,9.886363636363636e-01,-4.055347149430164e-07,-3.474849677269808e-07
1.072443181818182e+00,1.136363636363636e-02,1.814499615009805e-07,2.256955965976950e-07
1.072443181818182e+00,3.409090909090909e-02,5.933328527955664e-07,7.377164541611848e-07
1.072443181818182e+00,5.681818181818182e-02,1.005215744090153e-06,1.249737311724675e-06
1.072443181818182e+00,7.954545454545454e-02,1.364824459671518e-06,1.612080430369139e-06
1.072443181818182e+00,1.022727272727273e-01,1.732377555605143e-06,1.947331939394827e-06
1.072443181818182e+00,1.250000000000000e-01,2.099930651538768e-06,2.282583448420514e-06
1.072443181818182e+00,1.477272727272727e-01,2.321865814395154e-06,2.470924663972131e-06
1.072443181818182e+00,1.704545454545454e-01,2.552799235935589e-06,2.666199098494049e-06
1.072443181818182e+00,1.931818181818182e-01,2.749151244535687e-06,2.828687126222146e-06
1.072443181818182e+00,2.159090909090909e-01,2.841076894562685e-06,2.888562541597587e-06
1.072443181818182e+00,2.386363636363636e-01,2.932845132339201e-06,2.947456404979676e-06
1.072443181818182e+00,2.613636363636364e-01,2.966468746255096e-06,2.951898605973864e-06
1.072443181818182e+00,2.840909090909091e-01,2.923966639824402e-06,2.880634355689291e-06
1.072443181818182e+00,3.068181818181818e-01,2.881464533393708e-06,2.809370105404718e-06
1.072443181818182e+00,3.295454545454545e-01,2.762738278329937e-06,2.667228311137740e-06
1.072443181818182e+00,3.522727272727273e-01,2.596958027337180e-06,2.478271377107169e-06
1.072443181818182e+00,3.750000000000000e-01,2.431177776344426e-06,2.289314443076600e-06
1.072443181818182e+00,3.977272727272727e-01,2.182518342866827e-06,2.024869397988802e-06
1.072443181818182e+00,4.204545454545455e-01,1.912784030161244e-06,1.738739136503332e-06
1.072443181818182e+00,4.431818181818182e-01,1.637017382819554e-06,1.448501719345794e-06
1.072443181818182e+00,4.659090909090909e-01,1.300568264074473e-06,1.103155518129251e-06
1.072443181818182e+00,4.886363636363636e-01,9.542917297536068e-07,7.479353206720600e-07
1.072443181818182e+00,5.113636363636364e-01,6.083465607482404e-07,3.966480595105225e-07
1.072443181818182e+00,5.340909090909091e-01,2.191253696663234e-07,6.377668079658306e-09
1.072443181818182e+00,5.568181818181818e-01,-1.700958214155935e-07,-3.838927233512059e-07
1.072443181818182e+00,5.795454545454546e-01,-5.446626065806109e-07,-7.539047357725351e-07
1.072443181818182e+00,6.022727272727273e-01,-9.381406770592623e-07,-1.139931272056710e-06
1.072443181818182e+00,6.250000000000000e-01,-1.331618747537914e-06,-1.525957808340885e-06
1.072443181818182e+00,6.477272727272727e-01,-1.673799115673920e-06,-1.852454283991352e-06
1.072443181818182e+00,6.704545454545454e-01,-2.027201269385569e-06,-2.189059609880903e-06
1.072443181818182e+00,6.931818181818182e-01,-2.356402434889899e-06,-2.499638617308624e-06
1.072443181818182e+00,7.159090909090909e-01,-2.617698984032496e-06,-2.734469766197814e-06
1.072443181818182e+00,7.386363636363636e-01,-2.880079767388991e-06,-2.969838860513229e-06
1.072443181818182e+00,7.613636363636364e-01,-3.075255219072331e-06,-3.133809927964803e-06
1.072443181818182e+00,7.840909090909091e-01,-3.189509745393486e-06,-3.210166635829831e-06
1.072443181818182e+00,8.068181818181818e-01,-3.303764271714642e-06,-3.286523343694859e-06
1.072443181818182e+00,8.295454545454546e-01,-3.276552217351603e-06,-3.214179692872378e-06
1.072443181818182e+00,8.522727272727273e-01,-3.181740276782599e-06,-3.070419259578355e-06
1.072443181818182e+00,8.750000000000000e-01,-3.086928336213595e-06,-2.926658826284332e-06
1.072443181818182e+00,8.977272727272727e-01,-2.740573212068394e-06,-2.527315616926047e-06
1.072443181818182e+00,9.204545454545454e-01,-2.372451255592187e-06,-2.105613314282378e-06
1.072443181818182e+00,9.431818181818182e-01,-1.918527776205722e-06,-1.638071503435350e-06
1.072443181818182e+00,9.659090909090909e-01,-1.157937578715630e-06,-9.889444479175530e-07
1.072443181818182e+00,9.886363636363636e-01,-3.859791929087254e-07,-3.296481493088245e-07
1.092329545454545e+00,1.136363636363636e-02,1.779511780512222e-07,2.213649062848805e-07
1.092329545454545e+00,3.409090909090909e-02,5.443498844999120e-07,6.770867897843275e-07
1.092329545454545e+00,5.681818181818182e-02,9.562327757944981e-07,1.189107647347818e-06
1.092329545454545e+00,7.954545454545454e-02,1.302250899095506e-06,1.539235960623944e-06
1.092329545454545e+00,1.022727272727273e-01,1.645340928924488e-06,1.852500819986622e-06
1.092329545454545e+00,1.250000000000000e-01,2.012894024858113e-06,2.187752329012309e-06
1.092329545454545e+00,1.477272727272727e-01,2.223259997977863e-06,2.367179405887825e-06
1.092329545454545e+00,1.704545454545454e-01,2.447766091886833e-06,2.557501541145242e-06
1.092329545454545e+00,1.931818181818182e-01,2.644118100486932e-06,2.719989568873340e-06
1.092329545454545e+00,2.159090909090909e-01,2.736725870266020e-06,2.784118376219973e-06
1.092329545454545e+00,2.386363636363636e-01,2.828546578792697e-06,2.843339423599846e-06
1.092329545454545e+00,2.613636363636364e-01,2.863454556743303e-06,2.849299823800524e-06
1.092329545454545e+00,2.840909090909091e-01,2.837649182763863e-06,2.797772163200323e-06
1.092329545454545e+00,3.068181818181818e-01,2.795147076333170e-06,2.726507912915750e-06
1.092329545454545e+00,3.295454545454545e-01,2.688016863975446e-06,2.596788953525267e-06
1.092329545454545e+00,3.522727272727273e-01,2.543109489853578e-06,2.430193122272388e-06
1.092329545454545e+00,3.750000000000000e-01,2.377329238860823e-06,2.241236188241818e-06
1.092329545454545e+00,3.977272727272727e-01,2.155766078676345e-06,2.004672135665313e-06
1.092329545454545e+00,4.204545454545455e-01,1.901085251133608e-06,1.734031314463894e-06
1.092329545454545e+00,4.431818181818182e-01,1.625318603791917e-06,1.443793897306356e-06
1.092329545454545e+00,4.659090909090909e-01,1.331454952541901e-06,1.141235013132612e-06
1.092329545454545e+00,4.886363636363636e-01,9.884542234129631e-07,7.893061477556368e-07
1.092329545454545e+00,5.113636363636364e-01,6.456238677927430e-07,4.410843199201692e-07
1.092329545454545e+00,5.340909090909091e-01,2.968952507177291e-07,9.066456172821383e-08
1.092329545454545e+00,5.568181818181818e-01,-9.232594036418787e-08,-2.996058297026504e-07
1.092329545454545e+00,5.795454545454546e-01,-4.541448216260251e-07,-6.574210652314656e-07
1.092329545454545e+00,6.022727272727273e-01,-8.246766650789523e-07,-1.021493403109115e-06
1.092329545454545e+00,6.250000000000000e-01,-1.218154735557604e-06,-1.407519939393290e-06
1.092329545454545e+00,6.477272727272727e-01,-1.545907093667783e-06,-1.721019321879220e-06
1.092329545454545e+00,6.704545454545454e-01,-1.891293686253973e-06,-2.050404040455140e-06
1.092329545454545e+00,6.931818181818182e-01,-2.220494851758303e-06,-2.360983047882860e-06
1.092329545454545e+00,7.159090909090909e-01,-2.477093052640670e-06,-2.593483099925080e-06
1.092329545454545e+00,7.386363636363636e-01,-2.739112424592533e-06,-2.828672879098420e-06
1.092329545454545e+00,7.613636363636364e-01,-2.935267561539376e-06,-2.993802256030188e-06
1.092329545454545e+00,7.840909090909091e-01,-3.062257996286060e-06,-3.085216987137729e-06
1.092329545454545e+00,8.068181818181818e-01,-3.176512522607215e-06,-3.161573695002757e-06
1.092329545454545e+00,8.295454545454546e-01,-3.160252803589479e-06,-3.100935399310120e-06
1.092329545454545e+00,8.522727272727273e-01,-3.085155066642021e-06,-2.978244605249813e-06
1.092329545454545e+00,8.750000000000000e-01,-2.990343126073017e-06,-2.834484171955790e-06
1.092329545454545e+00,8.977272727272727e-01,-2.671973929210535e-06,-2.463888368250139e-06
1.092329545454545e+00,9.204545454545454e-01,-2.319399710113617e-06,-2.058156846524601e-06
1.092329545454545e+00,9.431818181818182e-01,-1.865476230727151e-06,-1.590615035677574e-06
1.092329545454545e+00,9.659090909090909e-01,-1.154148182609917e-06,-9.855547002204779e-07
1.092329545454545e+00,9.886363636363636e-01,-3.859791929086173e-07,-3.296481493087263e-07
1.112215909090909e+00,1.136363636363636e-02,1.779511780511482e-07,2.213649062846845e-07
1.112215909090909e+00,3.409090909090909e-02,5.338535341507848e-07,6.640947188462753e-07
1.112215909090909e+00,5.681818181818182e-02,9.072498074988430e-07,1.128477982970959e-06
1.112215909090909e+00,7.954545454545454e-02,1.253267930799851e-06,1.478606296247086e-06
1.112215909090909e+00,1.022727272727273e-01,1.577331131436333e-06,1.774770428094090e-06
1.112215909090909e+00,1.250000000000000e-01,1.925857398177457e-06,2.092921209604104e-06
1.112215909090909e+00,1.477272727272727e-01,2.136223371297206e-06,2.272348286479619e-06
1.112215909090909e+00,1.704545454545454e-01,2.346589344416955e-06,2.451775363355135e-06
1.112215909090909e+00,1.931818181818182e-01,2.539084956438175e-06,2.611292011524531e-06
1.112215909090909e+00,2.159090909090909e-01,2.631692726217264e-06,2.675420818871165e-06
1.112215909090909e+00,2.386363636363636e-01,2.724248025246191e-06,2.739222442220015e-06
1.112215909090909e+00,2.613636363636364e-01,2.759156003196797e-06,2.745182842420693e-06
1.112215909090909e+00,2.840909090909091e-01,2.737203721321493e-06,2.698209779439962e-06
1.112215909090909e+00,3.068181818181818e-01,2.708829619272630e-06,2.643645720426781e-06
1.112215909090909e+00,3.295454545454545e-01,2.601699406914907e-06,2.513926761036298e-06
1.112215909090909e+00,3.522727272727273e-01,2.473026492581507e-06,2.364722898610512e-06
1.112215909090909e+00,3.750000000000000e-01,2.323480701377219e-06,2.193157933407035e-06
1.112215909090909e+00,3.977272727272727e-01,2.101917541192742e-06,1.956593880830530e-06
1.112215909090909e+00,4.204545454545455e-01,1.880354381008263e-06,1.720029828254025e-06
1.112215909090909e+00,4.431818181818182e-01,1.613619824764280e-06,1.439086075266918e-06
1.112215909090909e+00,4.659090909090909e-01,1.319756173514264e-06,1.136527191093174e-06
1.112215909090909e+00,4.886363636363636e-01,1.022616717072320e-06,8.306769748392142e-07
1.112215909090909e+00,5.113636363636364e-01,6.797863614520997e-07,4.824551470037465e-07
1.112215909090909e+00,5.340909090909091e-01,3.404021845325250e-07,1.412316887900010e-07
1.112215909090909e+00,5.568181818181818e-01,-1.455605931278135e-08,-2.153189360540940e-07
1.112215909090909e+00,5.795454545454546e-01,-3.763749405746186e-07,-5.731341715829092e-07
1.112215909090909e+00,6.022727272727273e-01,-7.290597185630934e-07,-9.201310218110389e-07
1.112215909090909e+00,6.250000000000000e-01,-1.104690723577292e-06,-1.289082070445694e-06
1.112215909090909e+00,6.477272727272727e-01,-1.432443081687472e-06,-1.602581452931624e-06
1.112215909090909e+00,6.704545454545454e-01,-1.760195439797651e-06,-1.916080835417554e-06
1.112215909090909e+00,6.931818181818182e-01,-2.084587268626706e-06,-2.222327478457094e-06
1.112215909090909e+00,7.159090909090909e-01,-2.341185469509073e-06,-2.454827530499315e-06
1.112215909090909e+00,7.386363636363636e-01,-2.598145081796073e-06,-2.687506897683610e-06
1.112215909090909e+00,7.613636363636364e-01,-2.794300218742917e-06,-2.852636274615378e-06
1.112215909090909e+00,7.840909090909091e-01,-2.924229709280107e-06,-2.947525934163500e-06
1.112215909090909e+00,8.068181818181818e-01,-3.049260773499786e-06,-3.036624046310654e-06
1.112215909090909e+00,8.295454545454546e-01,-3.033001054482050e-06,-2.975985750618017e-06
1.112215909090909e+00,8.522727272727273e-01,-2.973236587018017e-06,-2.869682453739491e-06
1.112215909090909e+00,8.750000000000000e-01,-2.893757915932438e-06,-2.742309517627247e-06
1.112215909090909e+00,8.977272727272727e-01,-2.575388719069956e-06,-2.371713713921597e-06
1.112215909090909e+00,9.204545454545454e-01,-2.257019522207473e-06,-2.001117910215946e-06
1.112215909090909e+00,9.431818181818182e-01,-1.812424685248581e-06,-1.543158567919797e-06
1.112215909090909e+00,9.659090909090909e-01,-1.101096637131347e-06,-9.380982324627006e-07
1.112215909090909e+00,9.886363636363636e-01,-3.859791929085092e-07,-3.296481493086280e-07
1.132102272727273e+00,1.136363636363636e-02,1.590218129269120e-07,1.977824961735267e-07
1.132102272727273e+00,3.409090909090909e-02,5.149241690265487e-07,6.405123087351176e-07
1.132102272727273e+00,5.681818181818182e-02,8.708265251261854e-07,1.083242121296708e-06
1.132102272727273e+00,7.954545454545454e-02,1.187526540216111e-06,1.402177481763880e-06
1.132102272727273e+00,1.022727272727273e-01,1.511589740852593e-06,1.698341613610885e-06
1.132102272727273e+00,1.250000000000000e-01,1.835652941489074e-06,1.994505745457889e-06
1.132102272727273e+00,1.477272727272727e-01,2.038057144338569e-06,2.167506787399221e-06
1.132102272727273e+00,1.704545454545454e-01,2.248423117458318e-06,2.346933864274736e-06
1.132102272727273e+00,1.931818181818182e-01,2.428447370025673e-06,2.497767935600293e-06
1.132102272727273e+00,2.159090909090909e-01,2.520829597375453e-06,2.561954633404991e-06
1.132102272727273e+00,2.386363636363636e-01,2.613437367154541e-06,2.626083440751625e-06
1.132102272727273e+00,2.613636363636364e-01,2.653871529331231e-06,2.641017651268244e-06
1.132102272727273e+00,2.840909090909091e-01,2.631919247455928e-06,2.594044588287513e-06
1.132102272727273e+00,3.068181818181818e-01,2.609966965580624e-06,2.547071525306782e-06
1.132102272727273e+00,3.295454545454545e-01,2.518511378723265e-06,2.434955651701301e-06
1.132102272727273e+00,3.522727272727273e-01,2.389838464389865e-06,2.285751789275515e-06
1.132102272727273e+00,3.750000000000000e-01,2.261165550056465e-06,2.136547926849729e-06
1.132102272727273e+00,3.977272727272727e-01,2.054286558555932e-06,1.915326792005944e-06
1.132102272727273e+00,4.204545454545455e-01,1.832723398371454e-06,1.678762739429438e-06
1.132102272727273e+00,4.431818181818182e-01,1.606735595534365e-06,1.439590036770201e-06
1.132102272727273e+00,4.659090909090909e-01,1.316284564312793e-06,1.140503667050601e-06
1.132102272727273e+00,4.886363636363636e-01,1.022420913062776e-06,8.379447828768562e-07
1.132102272727273e+00,5.113636363636364e-01,7.232123787604931e-07,5.334073612420176e-07
1.132102272727273e+00,5.340909090909091e-01,3.838282018409184e-07,1.921839030282720e-07
1.132102272727273e+00,5.568181818181818e-01,4.444402492134370e-08,-1.490395551854736e-07
1.132102272727273e+00,5.795454545454546e-01,-2.892710074108180e-07,-4.794036963197248e-07
1.132102272727273e+00,6.022727272727273e-01,-6.419557853992929e-07,-8.264005465478546e-07
1.132102272727273e+00,6.250000000000000e-01,-9.946405633877677e-07,-1.173397396775984e-06
1.132102272727273e+00,6.477272727272727e-01,-1.310814914277086e-06,-1.476154795434780e-06
1.132102272727273e+00,6.704545454545454e-01,-1.638567272387265e-06,-1.789654177920710e-06
1.132102272727273e+00,6.931818181818182e-01,-1.944367137391323e-06,-2.079625458563649e-06
1.132102272727273e+00,7.159090909090909e-01,-2.199924349823899e-06,-2.311305943297853e-06
1.132102272727273e+00,7.386363636363636e-01,-2.456522550706266e-06,-2.543805995340074e-06
1.132102272727273e+00,7.613636363636364e-01,-2.652488781950234e-06,-2.711382204150573e-06
1.132102272727273e+00,7.840909090909091e-01,-2.782418272487424e-06,-2.806271863698695e-06
1.132102272727273e+00,8.068181818181818e-01,-2.912347763024615e-06,-2.901161523246817e-06
1.132102272727273e+00,8.295454545454546e-01,-2.910569756021773e-06,-2.856851526259512e-06
1.132102272727273e+00,8.522727272727273e-01,-2.850805288557739e-06,-2.750548229380986e-06
1.132102272727273e+00,8.750000000000000e-01,-2.791040821093706e-06,-2.644244932502459e-06
1.132102272727273e+00,8.977272727272727e-01,-2.489882167367067e-06,-2.291695334596464e-06
1.132102272727273e+00,9.204545454545454e-01,-2.171512970504584e-06,-1.921099530890813e-06
1.132102272727273e+00,9.431818181818182e-01,-1.773636908404100e-06,-1.508498189766976e-06
1.132102272727273e+00,9.659090909090909e-01,-1.066992072180787e-06,-9.075905031897995e-07
1.132102272727273e+00,9.886363636363636e-01,-3.556640240635538e-07,-3.025301677327036e-07
1.151988636363636e+00,1.136363636363636e-02,1.476641938523380e-07,1.836330501067410e-07
1.151988636363636e+00,3.409090909090909e-02,4.619219466788208e-07,5.744815604242284e-07
1.151988636363636e+00,5.681818181818182e-02,8.178243027784575e-07,1.017211372985819e-06
1.151988636363636e+00,7.954545454545454e-02,1.113072153691100e-06,1.316728465271119e-06
1.151988636363636e+00,1.022727272727273e-01,1.415683190150299e-06,1.593474328936252e-06
1.151988636363636e+00,1.250000000000000e-01,1.739746390786781e-06,1.889638460783256e-06
1.151988636363636e+00,1.477272727272727e-01,1.924634699041716e-06,2.048502225869385e-06
1.151988636363636e+00,1.704545454545454e-01,2.130223609999313e-06,2.224073681784390e-06
1.151988636363636e+00,1.931818181818182e-01,2.310247862566668e-06,2.374907753109946e-06
1.151988636363636e+00,2.159090909090909e-01,2.399472495906146e-06,2.439904917327558e-06
1.151988636363636e+00,2.386363636363636e-01,2.492080265685234e-06,2.504033724674192e-06
1.151988636363636e+00,2.613636363636364e-01,2.535578278796801e-06,2.522781738191011e-06
1.151988636363636e+00,2.840909090909091e-01,2.524860117016052e-06,2.489792619544349e-06
1.151988636363636e+00,3.068181818181818e-01,2.502907835140748e-06,2.442819556563619e-06
1.151988636363636e+00,3.295454545454545e-01,2.426204285389514e-06,2.346846087500795e-06
1.151988636363636e+00,3.522727272727273e-01,2.312283408162238e-06,2.213784629617666e-06
1.151988636363636e+00,3.750000000000000e-01,2.183610493828838e-06,2.064580767191880e-06
1.151988636363636e+00,3.977272727272727e-01,2.009036673432985e-06,1.877114051360076e-06
1.151988636363636e+00,4.204545454545455e-01,1.796284014458874e-06,1.649755749423202e-06
1.151988636363636e+00,4.431818181818182e-01,1.570296211621785e-06,1.410583046763965e-06
1.151988636363636e+00,4.659090909090909e-01,1.327621860798419e-06,1.160111879402385e-06
1.151988636363636e+00,4.886363636363636e-01,1.033758209548402e-06,8.575529952286401e-07
1.151988636363636e+00,5.113636363636364e-01,7.449989031156264e-07,5.634278233291450e-07
1.151988636363636e+00,5.340909090909091e-01,4.439285617175783e-07,2.603826141449925e-07
1.151988636363636e+00,5.568181818181818e-01,1.045443847980035e-07,-8.084084406875315e-08
1.151988636363636e+00,5.795454545454546e-01,-2.072682139894320e-07,-3.899398796766063e-07
1.151988636363636e+00,6.022727272727273e-01,-5.380505584331813e-07,-7.156716243783385e-07
1.151988636363636e+00,6.250000000000000e-01,-8.907353364216562e-07,-1.062668474606468e-06
1.151988636363636e+00,6.477272727272727e-01,-1.181438071425080e-06,-1.341793508845568e-06
1.151988636363636e+00,6.704545454545454e-01,-1.502243625202743e-06,-1.648847701035217e-06
1.151988636363636e+00,6.931818181818182e-01,-1.808043490206801e-06,-1.938818981678157e-06
1.151988636363636e+00,7.159090909090909e-01,-2.049026864342282e-06,-2.159025524100135e-06
1.151988636363636e+00,7.386363636363636e-01,-2.305625065224650e-06,-2.391525576142355e-06
1.151988636363636e+00,7.613636363636364e-01,-2.503212727789132e-06,-2.561430596762052e-06
1.151988636363636e+00,7.840909090909091e-01,-2.639087466501539e-06,-2.664859232943898e-06
1.151988636363636e+00,8.068181818181818e-01,-2.769016957038729e-06,-2.759748892492019e-06
1.151988636363636e+00,8.295454545454546e-01,-2.782027109381126e-06,-2.731811980603097e-06
1.151988636363636e+00,8.522727272727273e-01,-2.737050801262332e-06,-2.641881768822954e-06
1.151988636363636e+00,8.750000000000000e-01,-2.677286333798299e-06,-2.535578471944428e-06
1.151988636363636e+00,8.977272727272727e-01,-2.413990874970513e-06,-2.222730526797675e-06
1.151988636363636e+00,9.204545454545454e-01,-2.105948003989536e-06,-1.862962446571818e-06
1.151988636363636e+00,9.431818181818182e-01,-1.708071941889051e-06,-1.450361105447981e-06
1.151988636363636e+00,9.659090909090909e-01,-1.066992072180646e-06,-9.075905031896738e-07
1.151988636363636e+00,9.886363636363636e-01,-3.556640240634126e-07,-3.025301677325780e-07
1.171875000000000e+00,1.136363636363636e-02,1.476641938522606e-07,1.836330501065293e-07
1.171875000000000e+00,3.409090909090909e-02,4.429925815545821e-07,5.508991503130601e-07
1.171875000000000e+00,5.681818181818182e-02,7.648220804307291e-07,9.511806246749297e-07
1.171875000000000e+00,7.954545454545454e-02,1.060069931343372e-06,1.250697716960229e-06
1.171875000000000e+00,1.022727272727273e-01,1.335099613860350e-06,1.502477235820098e-06
1.171875000000000e+00,1.250000000000000e-01,1.643839840084486e-06,1.784771176108623e-06
1.171875000000000e+00,1.477272727272727e-01,1.828728148339422e-06,1.943634941194751e-06
1.171875000000000e+00,1.704545454545454e-01,2.013616456594357e-06,2.102498706280879e-06
1.171875000000000e+00,1.931818181818182e-01,2.192048355107661e-06,2.252047570619598e-06
1.171875000000000e+00,2.159090909090909e-01,2.281047446017832e-06,2.317102625295276e-06
1.171875000000000e+00,2.386363636363636e-01,2.370723164215924e-06,2.381984008596757e-06
1.171875000000000e+00,2.613636363636364e-01,2.414221177327492e-06,2.400732022113577e-06
1.171875000000000e+00,2.840909090909091e-01,2.408609433771540e-06,2.374099241800583e-06
1.171875000000000e+00,3.068181818181818e-01,2.395848704700871e-06,2.338567587820454e-06
1.171875000000000e+00,3.295454545454545e-01,2.319145154949637e-06,2.242594118757630e-06
1.171875000000000e+00,3.522727272727273e-01,2.224191182573093e-06,2.130287181000775e-06
1.171875000000000e+00,3.750000000000000e-01,2.106055437601210e-06,1.992613607534030e-06
1.171875000000000e+00,3.977272727272727e-01,1.931481617205357e-06,1.805146891702226e-06
1.171875000000000e+00,4.204545454545455e-01,1.756907796809503e-06,1.617680175870422e-06
1.171875000000000e+00,4.431818181818182e-01,1.533856827709204e-06,1.381576056757729e-06
1.171875000000000e+00,4.659090909090909e-01,1.294595096914281e-06,1.134577403850293e-06
1.171875000000000e+00,4.886363636363636e-01,1.045095506034028e-06,8.771612075804240e-07
1.171875000000000e+00,5.113636363636364e-01,7.563361996012523e-07,5.830360356809291e-07
1.171875000000000e+00,5.340909090909091e-01,4.726812379857168e-07,2.973445760556827e-07
1.171875000000000e+00,5.568181818181818e-01,1.646447446746641e-07,-1.264213295203190e-08
1.171875000000000e+00,5.795454545454546e-01,-1.471678541127715e-07,-3.217411685598851e-07
1.171875000000000e+00,6.022727272727273e-01,-4.497899268561586e-07,-6.201320632991054e-07
1.171875000000000e+00,6.250000000000000e-01,-7.868301094555436e-07,-9.519395524369509e-07
1.171875000000000e+00,6.477272727272727e-01,-1.077532844458967e-06,-1.231064586676050e-06
1.171875000000000e+00,6.704545454545454e-01,-1.368235579462391e-06,-1.510189620915150e-06
1.171875000000000e+00,6.931818181818182e-01,-1.671719843022277e-06,-1.798012504792663e-06
1.171875000000000e+00,7.159090909090909e-01,-1.911662228707966e-06,-2.017399479906625e-06
1.171875000000000e+00,7.386363636363636e-01,-2.154727579743033e-06,-2.239245156944635e-06
1.171875000000000e+00,7.613636363636364e-01,-2.352315242307514e-06,-2.409150177564332e-06
1.171875000000000e+00,7.840909090909091e-01,-2.490892366554110e-06,-2.516460166761506e-06
1.171875000000000e+00,8.068181818181818e-01,-2.625686151052842e-06,-2.618336261737220e-06
1.171875000000000e+00,8.295454545454546e-01,-2.638696303395239e-06,-2.590399349848298e-06
1.171875000000000e+00,8.522727272727273e-01,-2.612733343006038e-06,-2.521520247480362e-06
1.171875000000000e+00,8.750000000000000e-01,-2.563531846502890e-06,-2.426912011386395e-06
1.171875000000000e+00,8.977272727272727e-01,-2.300236387675104e-06,-2.114064066239643e-06
1.171875000000000e+00,9.204545454545454e-01,-2.036940928847319e-06,-1.801216121092890e-06
1.171875000000000e+00,9.431818181818182e-01,-1.642506975374002e-06,-1.392224021128984e-06
1.171875000000000e+00,9.659090909090909e-01,-1.006110317559520e-06,-8.536060677505972e-07
1.171875000000000e+00,9.886363636363636e-01,-3.556640240632714e-07,-3.025301677324523e-07
1.191761363636364e+00,1.136363636363636e-02,1.357832924055828e-07,1.687155475708692e-07
1.191761363636364e+00,3.409090909090909e-02,4.311116801079044e-07,5.359816477774000e-07
1.191761363636364e+00,5.681818181818182e-02,7.264400678102259e-07,9.032477479839308e-07
1.191761363636364e+00,7.954545454545454e-02,9.964960462749570e-07,1.174744825612738e-06
1.191761363636364e+00,1.022727272727273e-01,1.271525728791935e-06,1.426524344472607e-06
1.191761363636364e+00,1.250000000000000e-01,1.546555411308913e-06,1.678303863332475e-06
1.191761363636364e+00,1.477272727272727e-01,1.725769925787224e-06,1.832446395106604e-06
1.191761363636364e+00,1.704545454545454e-01,1.910658234042159e-06,1.991310160192733e-06
1.191761363636364e+00,1.931818181818182e-01,2.070030583131828e-06,2.126052682938891e-06
1.191761363636364e+00,2.159090909090909e-01,2.159029674041999e-06,2.191107737614568e-06
1.191761363636364e+00,2.386363636363636e-01,2.248028764952169e-06,2.256162792290245e-06
1.191761363636364e+00,2.613636363636364e-01,2.291965838210412e-06,2.278401119018528e-06
1.191761363636364e+00,2.840909090909091e-01,2.286354094654460e-06,2.251768338705534e-06
1.191761363636364e+00,3.068181818181818e-01,2.280742351098507e-06,2.225135558392540e-06
1.191761363636364e+00,3.295454545454545e-01,2.213738140323765e-06,2.140521264061225e-06
1.191761363636364e+00,3.522727272727273e-01,2.118784167947221e-06,2.028214326304370e-06
1.191761363636364e+00,3.750000000000000e-01,2.023830195570676e-06,1.915907388547515e-06
1.191761363636364e+00,3.977272727272727e-01,1.857636023441312e-06,1.737314551579380e-06
1.191761363636364e+00,4.204545454545455e-01,1.683062203045458e-06,1.549847835747576e-06
1.191761363636364e+00,4.431818181818182e-01,1.502604422549761e-06,1.358083606663747e-06
1.191761363636364e+00,4.659090909090909e-01,1.263342691754839e-06,1.111084953756311e-06
1.191761363636364e+00,4.886363636363636e-01,1.024080960959916e-06,8.640863008488748e-07
1.191761363636364e+00,5.113636363636364e-01,7.737452663214629e-07,6.089442975461696e-07
1.191761363636364e+00,5.340909090909091e-01,4.900903047059272e-07,3.232528379209232e-07
1.191761363636364e+00,5.568181818181818e-01,2.064353430903915e-07,3.756137829567697e-08
1.191761363636364e+00,5.795454545454546e-01,-8.071956619786455e-08,-2.470930285570846e-07
1.191761363636364e+00,6.022727272727273e-01,-3.833416389412517e-07,-5.454839232963049e-07
1.191761363636364e+00,6.250000000000000e-01,-6.859637116846388e-07,-8.438748180355252e-07
1.191761363636364e+00,6.477272727272727e-01,-9.677254588228214e-07,-1.114543163618030e-06
1.191761363636364e+00,6.704545454545454e-01,-1.258428193826245e-06,-1.393668197857130e-06
1.191761363636364e+00,6.931818181818182e-01,-1.531044879200568e-06,-1.653216234561182e-06
1.191761363636364e+00,7.159090909090909e-01,-1.770987264886257e-06,-1.872603209675144e-06
1.191761363636364e+00,7.386363636363636e-01,-2.010929650571946e-06,-2.091990184789106e-06
1.191761363636364e+00,7.613636363636364e-01,-2.200075975702095e-06,-2.256133393326750e-06
1.191761363636364e+00,7.840909090909091e-01,-2.338653099948691e-06,-2.363443382523925e-06
1.191761363636364e+00,8.068181818181818e-01,-2.477230224195287e-06,-2.470753371721099e-06
1.191761363636364e+00,8.295454545454546e-01,-2.498300437791166e-06,-2.452700684471666e-06
1.191761363636364e+00,8.522727272727273e-01,-2.472337477401966e-06,-2.383821582103730e-06
1.191761363636364e+00,8.750000000000000e-01,-2.446374517012765e-06,-2.314942479735793e-06
1.191761363636364e+00,8.977272727272727e-01,-2.194319454525529e-06,-2.014090362652186e-06
1.191761363636364e+00,9.204545454545454e-01,-1.931023995697743e-06,-1.701242417505433e-06
1.191761363636364e+00,9.431818181818182e-01,-1.590991644540713e-06,-1.346544883449741e-06
1.191761363636364e+00,9.659090909090909e-01,-9.545949867262305e-07,-8.079269300713539e-07
1.191761363636364e+00,9.886363636363636e-01,-3.181983289117481e-07,-2.693089766929668e-07
1.211647727272727e+00,1.136363636363636e-02,1.159817899945056e-07,1.438530433449050e-07
1.211647727272727e+00,3.409090909090909e-02,3.756674733570272e-07,4.663666359450985e-07
1.211647727272727e+00,5.681818181818182e-02,6.709958610593488e-07,8.336327361516294e-07
1.211647727272727e+00,7.954545454545454e-02,9.109066984783322e-07,1.077667554077255e-06
1.211647727272727e+00,1.022727272727273e-01,1.169189080414339e-06,1.314190261990912e-06
1.211647727272727e+00,1.250000000000000e-01,1.444218762931317e-06,1.565969780850781e-06
1.211647727272727e+00,1.477272727272727e-01,1.598846837710922e-06,1.699653634939581e-06
1.211647727272727e+00,1.704545454545454e-01,1.781843881373649e-06,1.856943655588376e-06
1.211647727272727e+00,1.931818181818182e-01,1.940701678853626e-06,1.991463156755415e-06
1.211647727272727e+00,2.159090909090909e-01,2.023011598837803e-06,2.053618930902543e-06
1.211647727272727e+00,2.386363636363636e-01,2.112010689747973e-06,2.118673985578220e-06
1.211647727272727e+00,2.613636363636364e-01,2.159686762308104e-06,2.145957628218071e-06
1.211647727272727e+00,2.840909090909091e-01,2.160805217495552e-06,2.128406416545901e-06
1.211647727272727e+00,3.068181818181818e-01,2.155193473939600e-06,2.101773636232907e-06
1.211647727272727e+00,3.295454545454545e-01,2.105031876354822e-06,2.035981654095316e-06
1.211647727272727e+00,3.522727272727273e-01,2.019434911306035e-06,1.934131556446086e-06
1.211647727272727e+00,3.750000000000000e-01,1.924480938929491e-06,1.821824618689231e-06
1.211647727272727e+00,3.977272727272727e-01,1.794598575954907e-06,1.681685256796990e-06
1.211647727272727e+00,4.204545454545455e-01,1.622817971647883e-06,1.497176500586409e-06
1.211647727272727e+00,4.431818181818182e-01,1.445789530318827e-06,1.308940761841540e-06
1.211647727272727e+00,4.659090909090909e-01,1.251109208690238e-06,1.107812483340593e-06
1.211647727272727e+00,4.886363636363636e-01,1.011847477895315e-06,8.608138304331570e-07
1.211647727272727e+00,5.113636363636364e-01,7.800495358681546e-07,6.243435820698435e-07
1.211647727272727e+00,5.340909090909091e-01,5.297625289529462e-07,3.722612813355031e-07
1.211647727272727e+00,5.568181818181818e-01,2.461075673374106e-07,8.656982171025690e-08
1.211647727272727e+00,5.795454545454546e-01,-8.871184931337812e-09,-1.663996978186057e-07
1.211647727272727e+00,6.022727272727273e-01,-2.936176148861095e-07,-4.471878773778821e-07
1.211647727272727e+00,6.250000000000000e-01,-5.962396876294966e-07,-7.455787721171024e-07
1.211647727272727e+00,6.477272727272727e-01,-8.392571540183033e-07,-9.796014668543644e-07
1.211647727272727e+00,6.704545454545454e-01,-1.126979559733313e-06,-1.255907604874599e-06
1.211647727272727e+00,6.931818181818182e-01,-1.397797591007746e-06,-1.513908147327397e-06
1.211647727272727e+00,7.159090909090909e-01,-1.614357473394872e-06,-1.713177697175050e-06
1.211647727272727e+00,7.386363636363636e-01,-1.854299859080561e-06,-1.932564672289012e-06
1.211647727272727e+00,7.613636363636364e-01,-2.043257134484054e-06,-2.098032424796783e-06
1.211647727272727e+00,7.840909090909091e-01,-2.181493969222670e-06,-2.207726593140184e-06
1.211647727272727e+00,8.068181818181818e-01,-2.320071093469266e-06,-2.315036582337358e-06
1.211647727272727e+00,8.295454545454546e-01,-2.358835765543534e-06,-2.317321321769604e-06
1.211647727272727e+00,8.522727272727273e-01,-2.342703059864550e-06,-2.259740789780378e-06
1.211647727272727e+00,8.750000000000000e-01,-2.316740099475350e-06,-2.190861687412441e-06
1.211647727272727e+00,8.977272727272727e-01,-2.113393421130494e-06,-1.941991491935791e-06
1.211647727272727e+00,9.204545454545454e-01,-1.853844761082891e-06,-1.633142156143420e-06
1.211647727272727e+00,9.431818181818182e-01,-1.519325212398338e-06,-1.283308926470717e-06
1.211647727272727e+00,9.659090909090909e-01,-9.545949867260592e-07,-8.079269300712031e-07
1.211647727272727e+00,9.886363636363636e-01,-3.181983289115768e-07,-2.693089766928159e-07
1.231534090909091e+00,1.136363636363636e-02,1.159817899944278e-07,1.438530433446834e-07
1.231534090909091e+00,3.409090909090909e-02,3.479453699815497e-07,4.315591300288368e-07
1.231534090909091e+00,5.681818181818182e-02,6.155516543084717e-07,7.640177243193278e-07
1.231534090909091e+00,7.954545454545454e-02,8.554624917274550e-07,1.008052542244954e-06
1.231534090909091e+00,1.022727272727273e-01,1.076900812385326e-06,1.211010266076945e-06
1.231534090909091e+00,1.250000000000000e-01,1.341882114553721e-06,1.453635698369086e-06
1.231534090909091e+00,1.477272727272727e-01,1.496510189333327e-06,1.587319552457886e-06
1.231534090909091e+00,1.704545454545454e-01,1.653029528705140e-06,1.722577150984019e-06
1.231534090909091e+00,1.931818181818182e-01,1.811887326185116e-06,1.857096652151058e-06
1.231534090909091e+00,2.159090909090909e-01,1.892653591340217e-06,1.918583361560829e-06
1.231534090909091e+00,2.386363636363636e-01,1.975992614543777e-06,1.981185178866195e-06
1.231534090909091e+00,2.613636363636364e-01,2.023668687103908e-06,2.008468821506046e-06
1.231534090909091e+00,2.840909090909091e-01,2.030021741314000e-06,1.997981052110072e-06
1.231534090909091e+00,3.068181818181818e-01,2.029644596780692e-06,1.978411714073273e-06
1.231534090909091e+00,3.295454545454545e-01,1.979482999195915e-06,1.912619731935683e-06
1.231534090909091e+00,3.522727272727273e-01,1.914471450268195e-06,1.833774682523227e-06
1.231534090909091e+00,3.750000000000000e-01,1.825131682288305e-06,1.727741848830946e-06
1.231534090909091e+00,3.977272727272727e-01,1.695249319313722e-06,1.587602486938706e-06
1.231534090909091e+00,4.204545454545455e-01,1.562573740250309e-06,1.444505165425241e-06
1.231534090909091e+00,4.431818181818182e-01,1.385545298921252e-06,1.256269426680373e-06
1.231534090909091e+00,4.659090909090909e-01,1.201152994792586e-06,1.065726619196308e-06
1.231534090909091e+00,4.886363636363636e-01,9.996139948307143e-07,8.575413600174392e-07
1.231534090909091e+00,5.113636363636364e-01,7.678160528035538e-07,6.210711116541257e-07
1.231534090909091e+00,5.340909090909091e-01,5.434818995441553e-07,3.951292678349343e-07
1.231534090909091e+00,5.568181818181818e-01,2.857797915844296e-07,1.355782651248368e-07
1.231534090909091e+00,5.795454545454546e-01,3.080103931568122e-08,-1.173912544040258e-07
1.231534090909091e+00,6.022727272727273e-01,-2.146189765041363e-07,-3.594534605674255e-07
1.231534090909091e+00,6.250000000000000e-01,-5.065156635743544e-07,-6.472827261986796e-07
1.231534090909091e+00,6.477272727272727e-01,-7.495331299631611e-07,-8.813054209359416e-07
1.231534090909091e+00,6.704545454545454e-01,-9.955309256403814e-07,-1.118147011892069e-06
1.231534090909091e+00,6.931818181818182e-01,-1.266348956914815e-06,-1.376147554344867e-06
1.231534090909091e+00,7.159090909090909e-01,-1.477512877002271e-06,-1.570774621438756e-06
1.231534090909091e+00,7.386363636363636e-01,-1.697670067589176e-06,-1.773139159788918e-06
1.231534090909091e+00,7.613636363636364e-01,-1.886627342992669e-06,-1.938606912296689e-06
1.231534090909091e+00,7.840909090909091e-01,-2.024599508113967e-06,-2.050155442198267e-06
1.231534090909091e+00,8.068181818181818e-01,-2.162911962743245e-06,-2.159319792953617e-06
1.231534090909091e+00,8.295454545454546e-01,-2.201676634817513e-06,-2.161604532385863e-06
1.231534090909091e+00,8.522727272727273e-01,-2.207170489501005e-06,-2.128880855229799e-06
1.231534090909091e+00,8.750000000000000e-01,-2.187105681937934e-06,-2.066780895089088e-06
1.231534090909091e+00,8.977272727272727e-01,-1.983759003593079e-06,-1.817910699612438e-06
1.231534090909091e+00,9.204545454545454e-01,-1.776665526468040e-06,-1.565041894781406e-06
1.231534090909091e+00,9.431818181818182e-01,-1.442145977783486e-06,-1.215208665108704e-06
1.231534090909091e+00,9.659090909090909e-01,-8.939541595286392e-07,-7.544195818581603e-07
1.231534090909091e+00,9.886363636363636e-01,-3.181983289114055e-07,-2.693089766926650e-07
1.251420454545455e+00,1.136363636363636e-02,1.119951956994218e-07,1.387914777992266e-07
1.251420454545455e+00,3.409090909090909e-02,3.439587756865436e-07,4.264975644833800e-07
1.251420454545455e+00,5.681818181818182e-02,5.759223556736656e-07,7.142036511675335e-07
1.251420454545455e+00,7.954545454545454e-02,7.964509071512274e-07,9.351042183824035e-07
1.251420454545455e+00,1.022727272727273e-01,1.017889227809098e-06,1.138061942214395e-06
1.251420454545455e+00,1.250000000000000e-01,1.239327548466969e-06,1.341019666046385e-06
1.251420454545455e+00,1.477272727272727e-01,1.391795836506184e-06,1.472864236682489e-06
1.251420454545455e+00,1.704545454545454e-01,1.546423911285789e-06,1.606548090771288e-06
1.251420454545455e+00,1.931818181818182e-01,1.681772778546255e-06,1.721664405977021e-06
1.251420454545455e+00,2.159090909090909e-01,1.762539043701356e-06,1.783151115386792e-06
1.251420454545455e+00,2.386363636363636e-01,1.843305308856457e-06,1.844637824796563e-06
1.251420454545455e+00,2.613636363636364e-01,1.887310011798172e-06,1.870850031201163e-06
1.251420454545455e+00,2.840909090909091e-01,1.893663066008264e-06,1.860362261805188e-06
1.251420454545455e+00,3.068181818181818e-01,1.900016120218356e-06,1.849874492409212e-06
1.251420454545455e+00,3.295454545454545e-01,1.854435491811479e-06,1.789941752177297e-06
1.251420454545455e+00,3.522727272727273e-01,1.789423942883759e-06,1.711096702764841e-06
1.251420454545455e+00,3.750000000000000e-01,1.724412393956040e-06,1.632251653352385e-06
1.251420454545455e+00,3.977272727272727e-01,1.597103190894596e-06,1.494873287267621e-06
1.251420454545455e+00,4.204545454545455e-01,1.467220827920012e-06,1.354733925375380e-06
1.251420454545455e+00,4.431818181818182e-01,1.327037953689383e-06,1.205451863130538e-06
1.251420454545455e+00,4.659090909090909e-01,1.142645649560716e-06,1.014909055646473e-06
1.251420454545455e+00,4.886363636363636e-01,9.582533454320495e-07,8.243662481624078e-07
1.251420454545455e+00,5.113636363636364e-01,7.576678840404396e-07,6.199664420094260e-07
1.251420454545455e+00,5.340909090909091e-01,5.333337307810411e-07,3.940245981902346e-07
1.251420454545455e+00,5.568181818181818e-01,3.089995775216427e-07,1.680827543710431e-07
1.251420454545455e+00,5.795454545454546e-01,7.270967803247854e-08,-6.610454990317726e-08
1.251420454545455e+00,6.022727272727273e-01,-1.727103377873390e-07,-3.081667560665769e-07
1.251420454545455e+00,6.250000000000000e-01,-4.181303536071566e-07,-5.502289622299766e-07
1.251420454545455e+00,6.477272727272727e-01,-6.576512215728641e-07,-7.808675707874790e-07
1.251420454545455e+00,6.704545454545454e-01,-9.006686879616707e-07,-1.014890265524741e-06
1.251420454545455e+00,6.931818181818182e-01,-1.133124693423780e-06,-1.236745484021016e-06
1.251420454545455e+00,7.159090909090909e-01,-1.344288613511237e-06,-1.431372551114905e-06
1.251420454545455e+00,7.386363636363636e-01,-1.555452533598694e-06,-1.625999618208794e-06
1.251420454545455e+00,7.613636363636364e-01,-1.729192876881542e-06,-1.778610280274316e-06
1.251420454545455e+00,7.840909090909091e-01,-1.867165042002840e-06,-1.890158810175894e-06
1.251420454545455e+00,8.068181818181818e-01,-2.005137207124137e-06,-2.001707340077472e-06
1.251420454545455e+00,8.295454545454546e-01,-2.045376742025151e-06,-2.007075006523110e-06
1.251420454545455e+00,8.522727272727273e-01,-2.050870596708643e-06,-1.974351329367046e-06
1.251420454545455e+00,8.750000000000000e-01,-2.056364451392135e-06,-1.941627652210982e-06
1.251420454545455e+00,8.977272727272727e-01,-1.857072200492689e-06,-1.697112033970560e-06
1.251420454545455e+00,9.204545454545454e-01,-1.653725522147834e-06,-1.448241838493909e-06
1.251420454545455e+00,9.431818181818182e-01,-1.370479545641109e-06,-1.151972708129679e-06
1.251420454545455e+00,9.659090909090909e-01,-8.222877273862620e-07,-6.911836248791347e-07
1.251420454545455e+00,9.886363636363636e-01,-2.740959091314146e-07,-2.303945416285908e-07
1.271306818181818e+00,1.136363636363636e-02,8.408903563484816e-08,1.033605189823587e-07
1.271306818181818e+00,3.409090909090909e-02,2.881464555574704e-07,3.556356468498674e-07
1.271306818181818e+00,5.681818181818182e-02,5.201100355445923e-07,6.433417335340208e-07
1.271306818181818e+00,7.954545454545454e-02,7.016866628833185e-07,8.285555801171167e-07
1.271306818181818e+00,1.022727272727273e-01,9.125017315033243e-07,1.021780561958623e-06
1.271306818181818e+00,1.250000000000000e-01,1.133940052161195e-06,1.224738285790614e-06
1.271306818181818e+00,1.477272727272727e-01,1.256171325834957e-06,1.330832888088963e-06
1.271306818181818e+00,1.704545454545454e-01,1.410799400614562e-06,1.464516742177762e-06
1.271306818181818e+00,1.931818181818182e-01,1.543707002535988e-06,1.578078299243567e-06
1.271306818181818e+00,2.159090909090909e-01,1.615521961447943e-06,1.633864228806933e-06
1.271306818181818e+00,2.386363636363636e-01,1.696288226603044e-06,1.695350938216704e-06
1.271306818181818e+00,2.613636363636364e-01,1.743408232358597e-06,1.726552299405218e-06
1.271306818181818e+00,2.840909090909091e-01,1.752876589382527e-06,1.721053684793156e-06
1.271306818181818e+00,3.068181818181818e-01,1.759229643592619e-06,1.710565915397182e-06
1.271306818181818e+00,3.295454545454545e-01,1.731136482286026e-06,1.670686056105884e-06
1.271306818181818e+00,3.522727272727273e-01,1.670894242567475e-06,1.597309974222687e-06
1.271306818181818e+00,3.750000000000000e-01,1.605882693639756e-06,1.518464924810231e-06
1.271306818181818e+00,3.977272727272727e-01,1.514597729362262e-06,1.419740500030148e-06
1.271306818181818e+00,4.204545454545455e-01,1.384715366387678e-06,1.279601138137907e-06
1.271306818181818e+00,4.431818181818182e-01,1.254513414254470e-06,1.140693559029128e-06
1.271306818181818e+00,4.659090909090909e-01,1.106717824483020e-06,9.881905230439627e-07
1.271306818181818e+00,4.886363636363636e-01,9.223255203543531e-07,7.976477155598974e-07
1.271306818181818e+00,5.113636363636364e-01,7.481844300796979e-07,6.201455458974392e-07
1.271306818181818e+00,5.340909090909091e-01,5.502946479372549e-07,4.211013385687718e-07
1.271306818181818e+00,5.568181818181818e-01,3.259604946778565e-07,1.951594947495804e-07
1.271306818181818e+00,5.795454545454546e-01,1.321157527847381e-07,3.265114809770313e-09
1.271306818181818e+00,6.022727272727273e-01,-1.017283109634302e-07,-2.272626574442443e-07
1.271306818181818e+00,6.250000000000000e-01,-3.471483267832478e-07,-4.693248636076441e-07
1.271306818181818e+00,6.477272727272727e-01,-5.377168168255688e-07,-6.525862656485146e-07
1.271306818181818e+00,6.704545454545454e-01,-7.807342832143755e-07,-8.866089603857765e-07
1.271306818181818e+00,6.931818181818182e-01,-1.005396065622404e-06,-1.101508470891615e-06
1.271306818181818e+00,7.159090909090909e-01,-1.187981167844895e-06,-1.270631275353905e-06
1.271306818181818e+00,7.386363636363636e-01,-1.399145087932352e-06,-1.465258342447794e-06
1.271306818181818e+00,7.613636363636364e-01,-1.567091535964498e-06,-1.614529049487830e-06
1.271306818181818e+00,7.840909090909091e-01,-1.699269805835093e-06,-1.722737624363922e-06
1.271306818181818e+00,8.068181818181818e-01,-1.837241970956391e-06,-1.834286154265500e-06
1.271306818181818e+00,8.295454545454546e-01,-1.895368634546170e-06,-1.861910030921344e-06
1.271306818181818e+00,8.522727272727273e-01,-1.905740797053872e-06,-1.835256229277155e-06
1.271306818181818e+00,8.750000000000000e-01,-1.911234651737363e-06,-1.802532552121091e-06
1.271306818181818e+00,8.977272727272727e-01,-1.768704385073661e-06,-1.618981015187859e-06
1.271306818181818e+00,9.204545454545454e-01,-1.565357706728805e-06,-1.370110819711208e-06
1.271306818181818e+00,9.431818181818182e-01,-1.301047690668973e-06,-1.090584050514662e-06
1.271306818181818e+00,9.659090909090909e-01,-8.222877273860623e-07,-6.911836248789596e-07
1.271306818181818e+00,9.886363636363636e-01,-2.740959091312149e-07,-2.303945416284157e-07
1.291193181818182e+00,1.136363636363636e-02,8.408903563477368e-08,1.033605189821349e-07
1.291193181818182e+00,3.409090909090909e-02,2.522671069030402e-07,3.100815569425302e-07
1.291193181818182e+00,5.681818181818182e-02,4.642977154155203e-07,5.724798159005097e-07
1.291193181818182e+00,7.954545454545454e-02,6.458743427542463e-07,7.576936624836055e-07
1.291193181818182e+00,1.022727272727273e-01,8.106553192101739e-07,9.087434290330155e-07
1.291193181818182e+00,1.250000000000000e-01,1.028552555855423e-06,1.108456905534845e-06
1.291193181818182e+00,1.477272727272727e-01,1.148624042788796e-06,1.212712224380498e-06
1.291193181818182e+00,1.704545454545454e-01,1.275174889943337e-06,1.322485393584240e-06
1.291193181818182e+00,1.931818181818182e-01,1.408082491864763e-06,1.436046950650044e-06
1.291193181818182e+00,2.159090909090909e-01,1.475828675211653e-06,1.489241616646863e-06
1.291193181818182e+00,2.386363636363636e-01,1.549271144349634e-06,1.546064051636848e-06
1.291193181818182e+00,2.613636363636364e-01,1.596391150105188e-06,1.577265412825362e-06
1.291193181818182e+00,2.840909090909091e-01,1.609864896461195e-06,1.578181425792619e-06
1.291193181818182e+00,3.068181818181818e-01,1.618443166966884e-06,1.571257338385154e-06
1.291193181818182e+00,3.295454545454545e-01,1.590350005660292e-06,1.531377479093856e-06
1.291193181818182e+00,3.522727272727273e-01,1.550774772514805e-06,1.481700256504117e-06
1.291193181818182e+00,3.750000000000000e-01,1.487352993323475e-06,1.404678196268081e-06
1.291193181818182e+00,3.977272727272727e-01,1.398641188959119e-06,1.308714767295474e-06
1.291193181818182e+00,4.204545454545455e-01,1.302209904855346e-06,1.204468350900435e-06
1.291193181818182e+00,4.431818181818182e-01,1.172007952722138e-06,1.065560771791656e-06
1.291193181818182e+00,4.659090909090909e-01,1.040847233113058e-06,9.303485410332630e-07
1.291193181818182e+00,4.886363636363636e-01,8.863976952766576e-07,7.709291829573879e-07
1.291193181818182e+00,5.113636363636364e-01,7.122566050020022e-07,5.934270132949295e-07
1.291193181818182e+00,5.340909090909091e-01,5.483667285813580e-07,4.289654814540776e-07
1.291193181818182e+00,5.568181818181818e-01,3.429214118340699e-07,2.222362351281169e-07
1.291193181818182e+00,5.795454545454546e-01,1.490766699409515e-07,3.034185518830688e-08
1.291193181818182e+00,6.022727272727273e-01,-3.460493483007214e-08,-1.502033701250413e-07
1.291193181818182e+00,6.250000000000000e-01,-2.761662999593406e-07,-3.884207649853133e-07
1.291193181818182e+00,6.477272727272727e-01,-4.632381915785630e-07,-5.682980808464248e-07
1.291193181818182e+00,6.704545454545454e-01,-6.607998784670828e-07,-7.583276552468150e-07
1.291193181818182e+00,6.931818181818182e-01,-8.854616608751112e-07,-9.732271657526532e-07
1.291193181818182e+00,7.159090909090909e-01,-1.055056391340801e-06,-1.130757123564217e-06
1.291193181818182e+00,7.386363636363636e-01,-1.242837642266014e-06,-1.304517066686798e-06
1.291193181818182e+00,7.613636363636364e-01,-1.410784090298159e-06,-1.453787773726834e-06
1.291193181818182e+00,7.840909090909091e-01,-1.535513066274994e-06,-1.557702120713016e-06
1.291193181818182e+00,8.068181818181818e-01,-1.669346734788647e-06,-1.666864968453533e-06
1.291193181818182e+00,8.295454545454546e-01,-1.727473398378427e-06,-1.694488845109377e-06
1.291193181818182e+00,8.522727272727273e-01,-1.758984894791034e-06,-1.694137837349976e-06
1.291193181818182e+00,8.750000000000000e-01,-1.766104852082596e-06,-1.663437452031203e-06
1.291193181818182e+00,8.977272727272727e-01,-1.627629012864303e-06,-1.484240492334198e-06
1.291193181818182e+00,9.204545454545454e-01,-1.476989891309779e-06,-1.291979800928510e-06
1.291193181818182e+00,9.431818181818182e-01,-1.212679875249946e-06,-1.012453031731963e-06
1.291193181818182e+00,9.659090909090909e-01,-7.654798460451880e-07,-6.409565413757333e-07
1.291193181818182e+00,9.886363636363636e-01,-2.740959091310152e-07,-2.303945416282406e-07
1.311079545454545e+00,1.136363636363636e-02,8.408903563469921e-08,1.033605189819110e-07
1.311079545454545e+00,3.409090909090909e-02,2.522671069029658e-07,3.100815569423063e-07
1.311079545454545e+00,5.681818181818182e-02,4.204451781712323e-07,5.168025949027016e-07
1.311079545454545e+00,7.954545454545454e-02,5.900620226251732e-07,6.868317448500929e-07
1.311079545454545e+00,1.022727272727273e-01,7.548429990811006e-07,8.378815113995029e-07
1.311079545454545e+00,1.250000000000000e-01,9.231650595496496e-07,9.921755252790743e-07
1.311079545454545e+00,1.477272727272727e-01,1.043236546483022e-06,1.096430844124726e-06
1.311079545454545e+00,1.704545454545454e-01,1.163308033416395e-06,1.200686162970378e-06
1.311079545454545e+00,1.931818181818182e-01,1.272457981193536e-06,1.294015602056518e-06
1.311079545454545e+00,2.159090909090909e-01,1.340204164540425e-06,1.347210268053337e-06
1.311079545454545e+00,2.386363636363636e-01,1.407950347887314e-06,1.400404934050155e-06
1.311079545454545e+00,2.613636363636364e-01,1.449374067851775e-06,1.427978526245503e-06
1.311079545454545e+00,2.840909090909091e-01,1.462847814207782e-06,1.428894539212760e-06
1.311079545454545e+00,3.068181818181818e-01,1.476321560563789e-06,1.429810552180017e-06
1.311079545454545e+00,3.295454545454545e-01,1.449563529034555e-06,1.392068902081825e-06
1.311079545454545e+00,3.522727272727273e-01,1.409988295889068e-06,1.342391679492086e-06
1.311079545454545e+00,3.750000000000000e-01,1.368823293007191e-06,1.290891467725927e-06
1.311079545454545e+00,3.977272727272727e-01,1.280111488642836e-06,1.194928038753320e-06
1.311079545454545e+00,4.204545454545455e-01,1.191399684278480e-06,1.098964609780713e-06
1.311079545454545e+00,4.431818181818182e-01,1.089502491189804e-06,9.904279845541829e-07
1.311079545454545e+00,4.659090909090909e-01,9.583417715807235e-07,8.552157537957897e-07
1.311079545454545e+00,4.886363636363636e-01,8.271810519716426e-07,7.200035230373965e-07
1.311079545454545e+00,5.113636363636364e-01,6.763287799243058e-07,5.667084806924192e-07
1.311079545454545e+00,5.340909090909091e-01,5.124389035036616e-07,4.022469488515673e-07
1.311079545454545e+00,5.568181818181818e-01,3.485490270830173e-07,2.377854170107154e-07
1.311079545454545e+00,5.795454545454546e-01,1.660375870971653e-07,5.741859556684404e-08
1.311079545454545e+00,6.022727272727273e-01,-1.764401767385839e-08,-1.231266297465042e-07
1.311079545454545e+00,6.250000000000000e-01,-2.051842731354318e-07,-3.075166663629807e-07
1.311079545454545e+00,6.477272727272727e-01,-3.922561647546543e-07,-4.873939822240923e-07
1.311079545454545e+00,6.704545454545454e-01,-5.793280563738767e-07,-6.672712980852038e-07
1.311079545454545e+00,6.931818181818182e-01,-7.655272561278159e-07,-8.449458606136887e-07
1.311079545454545e+00,7.159090909090909e-01,-9.351219865935055e-07,-1.002475818425252e-06
1.311079545454545e+00,7.386363636363636e-01,-1.104716717059195e-06,-1.160005776236815e-06
1.311079545454545e+00,7.613636363636364e-01,-1.254476644631818e-06,-1.293046497965834e-06
1.311079545454545e+00,7.840909090909091e-01,-1.379205620608652e-06,-1.396960844952016e-06
1.311079545454545e+00,8.068181818181818e-01,-1.503934596585487e-06,-1.500875191938198e-06
1.311079545454545e+00,8.295454545454546e-01,-1.559578162210680e-06,-1.527067659297406e-06
1.311079545454545e+00,8.522727272727273e-01,-1.591089658623287e-06,-1.526716651538004e-06
1.311079545454545e+00,8.750000000000000e-01,-1.620975052427825e-06,-1.524342351941311e-06
1.311079545454545e+00,8.977272727272727e-01,-1.482499213209532e-06,-1.345145392244307e-06
1.311079545454545e+00,9.204545454545454e-01,-1.344023373991238e-06,-1.165948432547302e-06
1.311079545454545e+00,9.431818181818182e-01,-1.124312059830918e-06,-9.343220129492620e-07
1.311079545454545e+00,9.659090909090909e-01,-6.771120306261596e-07,-5.628255225930325e-07
1.311079545454545e+00,9.886363636363636e-01,-2.299120014214016e-07,-1.913290322368030e-07
1.330965909090909e+00,1.136363636363636e-02,5.333868877792925e-08,6.396882526501602e-08
1.330965909090909e+00,3.409090909090909e-02,2.022977932607562e-07,2.460700546524875e-07
1.330965909090909e+00,5.681818181818182e-02,3.704758645290228e-07,4.527910926128829e-07
1.330965909090909e+00,7.954545454545454e-02,4.928474506053479e-07,5.779239922440598e-07
1.330965909090909e+00,1.022727272727273e-01,6.540235383877181e-07,7.256542017292213e-07
1.330965909090909e+00,1.250000000000000e-01,8.188045148436455e-07,8.767039682786312e-07
1.330965909090909e+00,1.477272727272727e-01,9.079571680655095e-07,9.541815676455749e-07
1.330965909090909e+00,1.704545454545454e-01,1.028028654998882e-06,1.058436886491227e-06
1.330965909090909e+00,1.931818181818182e-01,1.130553288959480e-06,1.146646831396759e-06
1.330965909090909e+00,2.159090909090909e-01,1.188252036385023e-06,1.192461023255775e-06
1.330965909090909e+00,2.386363636363636e-01,1.255998219731912e-06,1.245655689252594e-06
1.330965909090909e+00,2.613636363636364e-01,1.297452267726108e-06,1.275715060310999e-06
1.330965909090909e+00,2.840909090909091e-01,1.311453566046332e-06,1.278508593013487e-06
1.330965909090909e+00,3.068181818181818e-01,1.324927312402339e-06,1.279424605980744e-06
1.330965909090909e+00,3.295454545454545e-01,1.313594400305788e-06,1.260234961076404e-06
1.330965909090909e+00,3.522727272727273e-01,1.275267506841431e-06,1.212044344219678e-06
1.330965909090909e+00,3.750000000000000e-01,1.235692273695944e-06,1.162367121629939e-06
1.330965909090909e+00,3.977272727272727e-01,1.176453233873112e-06,1.098450187297298e-06
1.330965909090909e+00,4.204545454545455e-01,1.087741429508757e-06,1.002486758324690e-06
1.330965909090909e+00,4.431818181818182e-01,1.000832855427819e-06,9.097165813525845e-07
1.330965909090909e+00,4.659090909090909e-01,8.976069187815857e-07,8.037666185998239e-07
1.330965909090909e+00,4.886363636363636e-01,7.664461991725046e-07,6.685543878414305e-07
1.330965909090909e+00,5.113636363636364e-01,6.484486839198258e-07,5.489396881794327e-07
1.330965909090909e+00,5.340909090909091e-01,5.030136717255464e-07,4.033670198620964e-07
1.330965909090909e+00,5.568181818181818e-01,3.391237953049021e-07,2.389054880212445e-07
1.330965909090909e+00,5.795454545454546e-01,2.078932435212605e-07,1.100608362381701e-07
1.330965909090909e+00,6.022727272727273e-01,2.817023215855258e-08,-6.651108489499877e-08
1.330965909090909e+00,6.250000000000000e-01,-1.555113726124711e-07,-2.470563102083470e-07
1.330965909090909e+00,6.477272727272727e-01,-2.927631708650165e-07,-3.781173846487512e-07
1.330965909090909e+00,6.704545454545454e-01,-4.798350624842389e-07,-5.579947005098627e-07
1.330965909090909e+00,6.931818181818182e-01,-6.497271994173676e-07,-7.202872819074040e-07
1.330965909090909e+00,7.159090909090909e-01,-7.904983849882067e-07,-8.508219760788034e-07
1.330965909090909e+00,7.386363636363636e-01,-9.600931154538962e-07,-1.008351933890367e-06
1.330965909090909e+00,7.613636363636364e-01,-1.091780024288397e-06,-1.127751149467854e-06
1.330965909090909e+00,7.840909090909091e-01,-1.206837160023506e-06,-1.224588660940670e-06
1.330965909090909e+00,8.068181818181818e-01,-1.331566136000341e-06,-1.328503007926852e-06
1.330965909090909e+00,8.295454545454546e-01,-1.397475393708351e-06,-1.370072922846157e-06
1.330965909090909e+00,8.522727272727273e-01,-1.429911339404653e-06,-1.371043130419448e-06
1.330965909090909e+00,8.750000000000000e-01,-1.461422835817261e-06,-1.370692122660047e-06
1.330965909090909e+00,8.977272727272727e-01,-1.377850912231582e-06,-1.252867516566130e-06
1.330965909090909e+00,9.204545454545454e-01,-1.239375073013289e-06,-1.073670556869125e-06
1.330965909090909e+00,9.431818181818182e-01,-1.052727997595819e-06,-8.717348718568078e-07
1.330965909090909e+00,9.659090909090909e-01,-6.708000438103042e-07,-5.572447355369413e-07
1.330965909090909e+00,9.886363636363636e-01,-2.236000146055461e-07,-1.857482451807118e-07
1.350852272727273e+00,1.136363636363636e-02,5.333868877786288e-08,6.396882526479907e-08
1.350852272727273e+00,3.409090909090909e-02,1.600160663327234e-07,1.919064757918393e-07
1.350852272727273e+00,5.681818181818182e-02,3.166627575297264e-07,3.838556286084806e-07
1.350852272727273e+00,7.954545454545454e-02,4.390343436060516e-07,5.089885282396575e-07
1.350852272727273e+00,1.022727272727273e-01,5.497419899586203e-07,6.102449388253432e-07
1.350852272727273e+00,1.250000000000000e-01,7.145229664145476e-07,7.612947053747531e-07
1.350852272727273e+00,1.477272727272727e-01,7.965405041645254e-07,8.325928310158412e-07
1.350852272727273e+00,1.704545454545454e-01,8.904499010343139e-07,9.141900795333554e-07
1.350852272727273e+00,1.931818181818182e-01,9.929745349949120e-07,1.002400024438887e-06
1.350852272727273e+00,2.159090909090909e-01,1.042858610037187e-06,1.042473847524058e-06
1.350852272727273e+00,2.386363636363636e-01,1.102790121000807e-06,1.089928144747031e-06
1.350852272727273e+00,2.613636363636364e-01,1.144244168995002e-06,1.119987515805436e-06
1.350852272727273e+00,2.840909090909091e-01,1.159406081636505e-06,1.126911591925430e-06
1.350852272727273e+00,3.068181818181818e-01,1.173196359171042e-06,1.128954116733825e-06
1.350852272727273e+00,3.295454545454545e-01,1.161863447074491e-06,1.109764471829485e-06
1.350852272727273e+00,3.522727272727273e-01,1.141013309145957e-06,1.082386335234934e-06
1.350852272727273e+00,3.750000000000000e-01,1.101438076000470e-06,1.032709112645196e-06
1.350852272727273e+00,3.977272727272727e-01,1.049000443379528e-06,9.761875232294689e-07
1.350852272727273e+00,4.204545454545455e-01,9.852271320887700e-07,9.073403589522168e-07
1.350852272727273e+00,4.431818181818182e-01,8.983185580078322e-07,8.145701819801111e-07
1.350852272727273e+00,4.659090909090909e-01,8.168196747771464e-07,7.313797610095084e-07
1.350852272727273e+00,4.886363636363636e-01,7.073860085836132e-07,6.189270720332736e-07
1.350852272727273e+00,5.113636363636364e-01,5.893884933309345e-07,4.993123723712757e-07
1.350852272727273e+00,5.340909090909091e-01,4.845541824346573e-07,3.952952038056731e-07
1.350852272727273e+00,5.568181818181818e-01,3.317372245498319e-07,2.421669900789305e-07
1.350852272727273e+00,5.795454545454546e-01,2.005066727661903e-07,1.133223382958561e-07
1.350852272727273e+00,6.022727272727273e-01,7.620396911990130e-08,-7.623324314804131e-09
1.350852272727273e+00,6.250000000000000e-01,-1.074776356511224e-07,-1.881685496281523e-07
1.350852272727273e+00,6.477272727272727e-01,-2.332324892805887e-07,-3.079643375868552e-07
1.350852272727273e+00,6.704545454545454e-01,-3.781489172818537e-07,-4.465356030150606e-07
1.350852272727273e+00,6.931818181818182e-01,-5.480410542149824e-07,-6.088281844126019e-07
1.350852272727273e+00,7.159090909090909e-01,-6.663939270898270e-07,-7.183665624194294e-07
1.350852272727273e+00,7.386363636363636e-01,-8.135703448595219e-07,-8.549002040664210e-07
1.350852272727273e+00,7.613636363636364e-01,-9.452572536940229e-07,-9.742994196439079e-07
1.350852272727273e+00,7.840909090909091e-01,-1.039036340897336e-06,-1.055567892987319e-06
1.350852272727273e+00,8.068181818181818e-01,-1.157962212729135e-06,-1.155236138665481e-06
1.350852272727273e+00,8.295454545454546e-01,-1.223871470437145e-06,-1.196806053584786e-06
1.350852272727273e+00,8.522727272727273e-01,-1.269249706105184e-06,-1.216273275815772e-06
1.350852272727273e+00,8.750000000000000e-01,-1.300761202517791e-06,-1.215922268056370e-06
1.350852272727273e+00,8.977272727272727e-01,-1.229859413308869e-06,-1.112260512793935e-06
1.350852272727273e+00,9.204545454545454e-01,-1.137840733472019e-06,-9.849940061456966e-07
1.350852272727273e+00,9.431818181818182e-01,-9.511936580545496e-07,-7.830583211333793e-07
1.350852272727273e+00,9.659090909090909e-01,-6.200328740395559e-07,-5.129064601751279e-07
1.350852272727273e+00,9.886363636363636e-01,-2.236000146053195e-07,-1.857482451805138e-07
1.370738636363636e+00,1.136363636363636e-02,5.333868877779651e-08,6.396882526458212e-08
1.370738636363636e+00,3.409090909090909e-02,1.600160663326571e-07,1.919064757916224e-07
1.370738636363636e+00,5.681818181818182e-02,2.666934438875176e-07,3.198441263186627e-07
1.370738636363636e+00,7.954545454545454e-02,3.852212366067553e-07,4.400530642352552e-07
1.370738636363636e+00,1.022727272727273e-01,4.923239942857666e-07,5.379899177566926e-07
1.370738636363636e+00,1.250000000000000e-01,6.102414179854500e-07,6.458854424708750e-07
1.370738636363636e+00,1.477272727272727e-01,6.922589557354277e-07,7.171835681119631e-07
1.370738636363636e+00,1.704545454545454e-01,7.742764934854054e-07,7.884816937530511e-07
1.370738636363636e+00,1.931818181818182e-01,8.553957810303440e-07,8.581532174810157e-07
1.370738636363636e+00,2.159090909090909e-01,9.052798560726187e-07,8.982270405661867e-07
1.370738636363636e+00,2.386363636363636e-01,9.551639311148934e-07,9.383008636513576e-07
1.370738636363636e+00,2.613636363636364e-01,9.910360702638970e-07,9.642599712998736e-07
1.370738636363636e+00,2.840909090909091e-01,1.006197982905399e-06,9.711840474198668e-07
1.370738636363636e+00,3.068181818181818e-01,1.021359895546901e-06,9.781081235398598e-07
1.370738636363636e+00,3.295454545454545e-01,1.010132493843194e-06,9.592939825825664e-07
1.370738636363636e+00,3.522727272727273e-01,9.905306955957900e-07,9.334024517210283e-07
1.370738636363636e+00,3.750000000000000e-01,9.671838783049958e-07,9.030511036604523e-07
1.370738636363636e+00,3.977272727272727e-01,9.147462456840544e-07,8.465295142447256e-07
1.370738636363636e+00,4.204545454545455e-01,8.623086130631132e-07,7.900079248289986e-07
1.370738636363636e+00,4.431818181818182e-01,7.958042605878454e-07,7.194237826076376e-07
1.370738636363636e+00,4.659090909090909e-01,7.143053773571597e-07,6.362333616370350e-07
1.370738636363636e+00,4.886363636363636e-01,6.328064941264738e-07,5.530429406664323e-07
1.370738636363636e+00,5.113636363636364e-01,5.303283027420430e-07,4.496850565631187e-07
1.370738636363636e+00,5.340909090909091e-01,4.254939918457660e-07,3.456678879975161e-07
1.370738636363636e+00,5.568181818181818e-01,3.206596809494889e-07,2.416507194319135e-07
1.370738636363636e+00,5.795454545454546e-01,1.931201020111200e-07,1.165838403535421e-07
1.370738636363636e+00,6.022727272727273e-01,7.277599177314683e-08,-3.885180769387981e-10
1.370738636363636e+00,6.250000000000000e-01,-5.944389868977367e-08,-1.292807890479577e-07
1.370738636363636e+00,6.477272727272727e-01,-1.851987523192400e-07,-2.490765770066605e-07
1.370738636363636e+00,6.704545454545454e-01,-3.109536059487062e-07,-3.688723649653633e-07
1.370738636363636e+00,6.931818181818182e-01,-4.463549090125973e-07,-4.973690869177998e-07
1.370738636363636e+00,7.159090909090909e-01,-5.647077818874418e-07,-6.069074649246273e-07
1.370738636363636e+00,7.386363636363636e-01,-6.830606547622863e-07,-7.164458429314549e-07
1.370738636363636e+00,7.613636363636364e-01,-7.987344830996487e-07,-8.208476898199621e-07
1.370738636363636e+00,7.840909090909091e-01,-8.925135703029615e-07,-9.021161631633728e-07
1.370738636363636e+00,8.068181818181818e-01,-9.862926575062741e-07,-9.833846365067833e-07
1.370738636363636e+00,8.295454545454546e-01,-1.050267547165939e-06,-1.023539184323415e-06
1.370738636363636e+00,8.522727272727273e-01,-1.096570232117674e-06,-1.044327621887093e-06
1.370738636363636e+00,8.750000000000000e-01,-1.140099569218322e-06,-1.061152413452694e-06
1.370738636363636e+00,8.977272727272727e-01,-1.069197780009400e-06,-9.574906581902588e-07
1.370738636363636e+00,9.204545454545454e-01,-9.982959908004780e-07,-8.538289029278234e-07
1.370738636363636e+00,9.431818181818182e-01,-8.496593185132797e-07,-6.943817704099507e-07
1.370738636363636e+00,9.659090909090909e-01,-5.184985344982861e-07,-4.242299094516994e-07
1.370738636363636e+00,9.886363636363636e-01,-1.873377504832922e-07,-1.540780484934481e-07
1.390625000000000e+00,1.136363636363636e-02,2.616357613305444e-08,2.694820661974319e-08
1.390625000000000e+00,3.409090909090909e-02,1.226502864461589e-07,1.410031251550447e-07
1.390625000000000e+00,5.681818181818182e-02,2.293276640010195e-07,2.689407756820849e-07
1.390625000000000e+00,7.954545454545454e-02,2.978007214532685e-07,3.386022896016905e-07
1.390625000000000e+00,1.022727272727273e-01,4.049034791322799e-07,4.365391431231279e-07
1.390625000000000e+00,1.250000000000000e-01,5.120062368112912e-07,5.344759966445652e-07
1.390625000000000e+00,1.477272727272727e-01,5.664202098038370e-07,5.812273061025483e-07
1.390625000000000e+00,1.704545454545454e-01,6.484377475538147e-07,6.525254317436363e-07
1.390625000000000e+00,1.931818181818182e-01,7.168167718947192e-07,7.114853830860514e-07
1.390625000000000e+00,2.159090909090909e-01,7.568918384057359e-07,7.436280335167580e-07
1.390625000000000e+00,2.386363636363636e-01,8.067759134480106e-07,7.837018566019289e-07
1.390625000000000e+00,2.613636363636364e-01,8.371575789400431e-07,8.071347185786823e-07
1.390625000000000e+00,2.840909090909091e-01,8.515164934503492e-07,8.140340118389897e-07
1.390625000000000e+00,3.068181818181818e-01,8.666784060918514e-07,8.209580879589829e-07
1.390625000000000e+00,3.295454545454545e-01,8.649299536776607e-07,8.151623916042307e-07
1.390625000000000e+00,3.522727272727273e-01,8.453281554302571e-07,7.892708607426924e-07
1.390625000000000e+00,3.750000000000000e-01,8.257263571828534e-07,7.633793298811543e-07
1.390625000000000e+00,3.977272727272727e-01,7.936338960917255e-07,7.297374251705663e-07
1.390625000000000e+00,4.204545454545455e-01,7.411962634707842e-07,6.732158357548394e-07
1.390625000000000e+00,4.431818181818182e-01,6.924057872955242e-07,6.217518142558416e-07
1.390625000000000e+00,4.659090909090909e-01,6.300037249865442e-07,5.590797509447729e-07
1.390625000000000e+00,4.886363636363636e-01,5.485048417558582e-07,4.758893299741702e-07
1.390625000000000e+00,5.113636363636364e-01,4.825998009691474e-07,4.108602629262606e-07
1.390625000000000e+00,5.340909090909091e-01,3.879885736766595e-07,3.175586172557305e-07
1.390625000000000e+00,5.568181818181818e-01,2.831542627803824e-07,2.135414486901279e-07
1.390625000000000e+00,5.795454545454546e-01,2.087317444016616e-07,1.430785109224064e-07
1.390625000000000e+00,6.022727272727273e-01,8.838763416368837e-08,2.610615249192549e-08
1.390625000000000e+00,6.250000000000000e-01,-3.195647607428481e-08,-9.086620593855543e-08
1.390625000000000e+00,6.477272727272727e-01,-1.148120144161829e-07,-1.673235204648289e-07
1.390625000000000e+00,6.704545454545454e-01,-2.405668680456492e-07,-2.871193084235317e-07
1.390625000000000e+00,6.931818181818182e-01,-3.502612697752906e-07,-3.904151425831677e-07
1.390625000000000e+00,7.159090909090909e-01,-4.437467184055877e-07,-4.755662182955730e-07
1.390625000000000e+00,7.386363636363636e-01,-5.620995912804323e-07,-5.851045963024006e-07
1.390625000000000e+00,7.613636363636364e-01,-6.472249391532385e-07,-6.614664774192568e-07
1.390625000000000e+00,7.840909090909091e-01,-7.331512892941990e-07,-7.355943715533188e-07
1.390625000000000e+00,8.068181818181818e-01,-8.269303764975117e-07,-8.168628448967294e-07
1.390625000000000e+00,8.295454545454546e-01,-8.743979697537480e-07,-8.529708339024615e-07
1.390625000000000e+00,8.522727272727273e-01,-9.207006547054827e-07,-8.737592714661400e-07
1.390625000000000e+00,8.750000000000000e-01,-9.670033396572173e-07,-8.945477090298186e-07
1.390625000000000e+00,8.977272727272727e-01,-9.437192421287579e-07,-8.381669727720421e-07
1.390625000000000e+00,9.204545454545454e-01,-8.728174529198359e-07,-7.345052175096065e-07
1.390625000000000e+00,9.431818181818182e-01,-7.699603859295947e-07,-6.205513782139039e-07
1.390625000000000e+00,9.659090909090909e-01,-4.967411760249495e-07,-4.052277914393556e-07
1.390625000000000e+00,9.886363636363636e-01,-1.655803920099558e-07,-1.350759304811043e-07
1.410511363636364e+00,1.136363636363636e-02,2.616357613299720e-08,2.694820661954505e-08
1.410511363636364e+00,3.409090909090909e-02,7.849072839849204e-08,8.084461985731181e-08
1.410511363636364e+00,5.681818181818182e-02,1.817712168727670e-07,2.041546930537721e-07
1.410511363636364e+00,7.954545454545454e-02,2.467421511254047e-07,2.705638852594475e-07
1.410511363636364e+00,1.022727272727273e-01,3.083173072094685e-07,3.262205564997916e-07
1.410511363636364e+00,1.250000000000000e-01,4.154200648884798e-07,4.241574100212289e-07
1.410511363636364e+00,1.477272727272727e-01,4.572869629912838e-07,4.597510757596188e-07
1.410511363636364e+00,1.704545454545454e-01,5.167197659397261e-07,5.109654427054389e-07
1.410511363636364e+00,1.931818181818182e-01,5.850987902806306e-07,5.699253940478539e-07
1.410511363636364e+00,2.159090909090909e-01,6.125622743943157e-07,5.918708224942497e-07
1.410511363636364e+00,2.386363636363636e-01,6.554399147714059e-07,6.262795222548033e-07
1.410511363636364e+00,2.613636363636364e-01,6.858215802634384e-07,6.497123842315566e-07
1.410511363636364e+00,2.840909090909091e-01,6.967008362052289e-07,6.565042850998926e-07
1.410511363636364e+00,3.068181818181818e-01,7.115950828029990e-07,6.634201002666571e-07
1.410511363636364e+00,3.295454545454545e-01,7.106795774898069e-07,6.587054887083960e-07
1.410511363636364e+00,3.522727272727273e-01,7.019060915553873e-07,6.468680602012435e-07
1.410511363636364e+00,3.750000000000000e-01,6.823042933079837e-07,6.209765293397053e-07
1.410511363636364e+00,3.977272727272727e-01,6.594596374576801e-07,5.977344813132713e-07
1.410511363636364e+00,4.204545454545455e-01,6.236680542702225e-07,5.599326339290217e-07
1.410511363636364e+00,4.431818181818182e-01,5.748775780949625e-07,5.084686124300240e-07
1.410511363636364e+00,4.659090909090909e-01,5.370285712567468e-07,4.721772946812132e-07
1.410511363636364e+00,4.886363636363636e-01,4.691702743987080e-07,4.036428434674206e-07
1.410511363636364e+00,5.113636363636364e-01,4.032652336119973e-07,3.386137764195111e-07
1.410511363636364e+00,5.340909090909091e-01,3.529540352692615e-07,2.917460632942947e-07
1.410511363636364e+00,5.568181818181818e-01,2.515274189075811e-07,1.913007356937166e-07
1.410511363636364e+00,5.795454545454546e-01,1.809270952582994e-07,1.247714909438625e-07
1.410511363636364e+00,6.022727272727273e-01,1.102715165030333e-07,5.893714174565674e-08
1.410511363636364e+00,6.250000000000000e-01,-1.007259373493985e-08,-5.803521668482417e-08
1.410511363636364e+00,6.477272727272727e-01,-7.342844330976162e-08,-1.147932251054480e-07
1.410511363636364e+00,6.704545454545454e-01,-1.640838571584900e-07,-1.991302620739810e-07
1.410511363636364e+00,6.931818181818182e-01,-2.737782588881313e-07,-3.024260962336170e-07
1.410511363636364e+00,7.159090909090909e-01,-3.352913049182958e-07,-3.562220689960507e-07
1.410511363636364e+00,7.386363636363636e-01,-4.358817319041776e-07,-4.483409453640050e-07
1.410511363636364e+00,7.613636363636364e-01,-5.210070797769839e-07,-5.247028264808611e-07
1.410511363636364e+00,7.840909090909091e-01,-5.729049026477520e-07,-5.678882107077459e-07
1.410511363636364e+00,8.068181818181818e-01,-6.640664108302804e-07,-6.467764909813734e-07
1.410511363636364e+00,8.295454545454546e-01,-7.105608956993900e-07,-6.829026202141166e-07
1.410511363636364e+00,8.522727272727273e-01,-7.442131716184780e-07,-7.039268807289374e-07
1.410511363636364e+00,8.750000000000000e-01,-7.905158565702126e-07,-7.247153182926159e-07
1.410511363636364e+00,8.977272727272727e-01,-7.888761643510543e-07,-6.898259543096844e-07
1.410511363636364e+00,9.204545454545454e-01,-7.569343046988747e-07,-6.248486691419704e-07
1.410511363636364e+00,9.431818181818182e-01,-6.540772377086336e-07,-5.108948298462678e-07
1.410511363636364e+00,9.659090909090909e-01,-4.553543373744371e-07,-3.660647384507667e-07
1.410511363636364e+00,9.886363636363636e-01,-1.655803920096931e-07,-1.350759304808753e-07
1.430397727272727e+00,1.136363636363636e-02,2.616357613293996e-08,2.694820661934692e-08
1.430397727272727e+00,3.409090909090909e-02,7.849072839843480e-08,8.084461985711367e-08
1.430397727272727e+00,5.681818181818182e-02,1.342147697445150e-07,1.393686104254600e-07
1.430397727272727e+00,7.954545454545454e-02,1.991857039971527e-07,2.057778026311353e-07
1.430397727272727e+00,1.022727272727273e-01,2.502544904823827e-07,2.516775087296891e-07
1.430397727272727e+00,1.250000000000000e-01,3.188338929656693e-07,3.138388233978939e-07
1.430397727272727e+00,1.477272727272727e-01,3.607007910684734e-07,3.494324891362838e-07
1.430397727272727e+00,1.704545454545454e-01,4.025676891712774e-07,3.850261548746736e-07
1.430397727272727e+00,1.931818181818182e-01,4.533808086665434e-07,4.283654050096582e-07
1.430397727272727e+00,2.159090909090909e-01,4.808442927802285e-07,4.503108334560539e-07
1.430397727272727e+00,2.386363636363636e-01,5.083077768939135e-07,4.722562619024497e-07
1.430397727272727e+00,2.613636363636364e-01,5.344855815868355e-07,4.922900498844327e-07
1.430397727272727e+00,2.840909090909091e-01,5.453648375286260e-07,4.990819507527687e-07
1.430397727272727e+00,3.068181818181818e-01,5.565117595141484e-07,5.058821125743332e-07
1.430397727272727e+00,3.295454545454545e-01,5.555962542009563e-07,5.011675010160722e-07
1.430397727272727e+00,3.522727272727273e-01,5.493216095695328e-07,4.925733268983930e-07
1.430397727272727e+00,3.750000000000000e-01,5.388822294331156e-07,4.785737287982580e-07
1.430397727272727e+00,3.977272727272727e-01,5.160375735828119e-07,4.553316807718239e-07
1.430397727272727e+00,4.204545454545455e-01,4.931929177325081e-07,4.320896327453899e-07
1.430397727272727e+00,4.431818181818182e-01,4.573493688944021e-07,3.951854106042077e-07
1.430397727272727e+00,4.659090909090909e-01,4.195003620561863e-07,3.588940928553969e-07
1.430397727272727e+00,4.886363636363636e-01,3.816513552179706e-07,3.226027751065860e-07
1.430397727272727e+00,5.113636363636364e-01,3.239306662548480e-07,2.663672899127625e-07
1.430397727272727e+00,5.340909090909091e-01,2.736194679121121e-07,2.194995767875460e-07
1.430397727272727e+00,5.568181818181818e-01,2.199005750347802e-07,1.690600226973055e-07
1.430397727272727e+00,5.795454545454546e-01,1.493002513854985e-07,1.025307779474514e-07
1.430397727272727e+00,6.022727272727273e-01,9.011125681854913e-08,4.849750780284729e-08
1.430397727272727e+00,6.250000000000000e-01,1.181128860440486e-08,-2.520422743109328e-08
1.430397727272727e+00,6.477272727272727e-01,-5.154456097041692e-08,-8.196223585171715e-08
1.430397727272727e+00,6.704545454545454e-01,-1.149004105452387e-07,-1.387202442723410e-07
1.430397727272727e+00,6.931818181818182e-01,-1.972952480009728e-07,-2.144370498840673e-07
1.430397727272727e+00,7.159090909090909e-01,-2.588082940311374e-07,-2.682330226465010e-07
1.430397727272727e+00,7.386363636363636e-01,-3.203213400613020e-07,-3.220289954089348e-07
1.430397727272727e+00,7.613636363636364e-01,-3.947892204007307e-07,-3.879391755424670e-07
1.430397727272727e+00,7.840909090909091e-01,-4.466870432714988e-07,-4.311245597693518e-07
1.430397727272727e+00,8.068181818181818e-01,-5.012024451630507e-07,-4.766901370660193e-07
1.430397727272727e+00,8.295454545454546e-01,-5.476969300321604e-07,-5.128162662987625e-07
1.430397727272727e+00,8.522727272727273e-01,-5.784298807898686e-07,-5.338949474946162e-07
1.430397727272727e+00,8.750000000000000e-01,-6.140283734832100e-07,-5.548829275554150e-07
1.430397727272727e+00,8.977272727272727e-01,-6.123886812640516e-07,-5.199935635724837e-07
1.430397727272727e+00,9.204545454545454e-01,-6.107489890448931e-07,-4.851041995895522e-07
1.430397727272727e+00,9.431818181818182e-01,-5.381940894876738e-07,-4.012382814786329e-07
1.430397727272727e+00,9.659090909090909e-01,-3.394711891534772e-07,-2.564081900831317e-07
1.430397727272727e+00,9.886363636363636e-01,-1.407482888192808e-07,-1.115780986876306e-07
1.450284090909091e+00,1.136363636363636e-02,2.416767173097466e-19,4.026338724279251e-19
1.450284090909091e+00,3.409090909090909e-02,4.905670524915560e-08,5.052788741081708e-08
1.450284090909091e+00,5.681818181818182e-02,1.013838575146505e-07,1.044243006485838e-07
1.450284090909091e+00,7.954545454545454e-02,1.240410430471276e-07,1.265045988515889e-07
1.450284090909091e+00,1.022727272727273e-01,1.751098295323577e-07,1.724043049501426e-07
1.450284090909091e+00,1.250000000000000e-01,2.261786160175877e-07,2.183040110486964e-07
1.450284090909091e+00,1.477272727272727e-01,2.444953839376688e-07,2.338762398093143e-07
1.450284090909091e+00,1.704545454545454e-01,2.863622820404728e-07,2.694699055477042e-07
1.450284090909091e+00,1.931818181818182e-01,3.177624556176085e-07,2.961651548515191e-07
1.450284090909091e+00,2.159090909090909e-01,3.366436009458077e-07,3.112526369084443e-07
1.450284090909091e+00,2.386363636363636e-01,3.641070850594927e-07,3.331980653548401e-07
1.450284090909091e+00,2.613636363636364e-01,3.778388271163659e-07,3.441707795780582e-07
1.450284090909091e+00,2.840909090909091e-01,3.880381295617984e-07,3.505381866421256e-07
1.450284090909091e+00,3.068181818181818e-01,3.989173855035889e-07,3.573300875104615e-07
1.450284090909091e+00,3.295454545454545e-01,4.004607036206376e-07,3.574166550804734e-07
1.450284090909091e+00,3.522727272727273e-01,3.941860589892142e-07,3.488224809627943e-07
1.450284090909091e+00,3.750000000000000e-01,3.879114143577907e-07,3.402283068451152e-07
1.450284090909091e+00,3.977272727272727e-01,3.779168774232349e-07,3.300599108335136e-07
1.450284090909091e+00,4.204545454545455e-01,3.550722215729311e-07,3.068178628070796e-07
1.450284090909091e+00,4.431818181818182e-01,3.379387296851652e-07,2.893863267872258e-07
1.450284090909091e+00,4.659090909090909e-01,3.119175374838442e-07,2.644360458348829e-07
1.450284090909091e+00,4.886363636363636e-01,2.740685306456283e-07,2.281447280860720e-07
1.450284090909091e+00,5.113636363636364e-01,2.551440272264158e-07,2.099990692115898e-07
1.450284090909091e+00,5.340909090909091e-01,2.079772787800878e-07,1.660605881566895e-07
1.450284090909091e+00,5.568181818181818e-01,1.576660804373520e-07,1.191928750314730e-07
1.450284090909091e+00,5.795454545454546e-01,1.339903443702229e-07,9.734470859795220e-08
1.450284090909091e+00,6.022727272727273e-01,7.480134980327355e-08,4.331143845334810e-08
1.450284090909091e+00,6.250000000000000e-01,1.561235523632419e-08,-1.072183169125601e-08
1.450284090909091e+00,6.477272727272727e-01,-1.210582895281526e-08,-3.555346037539049e-08
1.450284090909091e+00,6.704545454545454e-01,-7.546167852763703e-08,-9.231146879601438e-08
1.450284090909091e+00,6.931818181818182e-01,-1.229785657088219e-07,-1.348799751115309e-07
1.450284090909091e+00,7.159090909090909e-01,-1.652687848546458e-07,-1.718647063857651e-07
1.450284090909091e+00,7.386363636363636e-01,-2.267818308848104e-07,-2.256606791481988e-07
1.450284090909091e+00,7.613636363636364e-01,-2.575383539000122e-07,-2.525586655294987e-07
1.450284090909091e+00,7.840909090909091e-01,-3.061925628413724e-07,-2.930449632422136e-07
1.450284090909091e+00,8.068181818181818e-01,-3.580903857121404e-07,-3.362303474690984e-07
1.450284090909091e+00,8.295454545454546e-01,-3.768272696969923e-07,-3.509789462501007e-07
1.450284090909091e+00,8.522727272727273e-01,-4.075602204547005e-07,-3.720576274459544e-07
1.450284090909091e+00,8.750000000000000e-01,-4.382931712124087e-07,-3.931363086418081e-07
1.450284090909091e+00,8.977272727272727e-01,-4.375758058665134e-07,-3.778722118992733e-07
1.450284090909091e+00,9.204545454545454e-01,-4.359361136473549e-07,-3.429828479163418e-07
1.450284090909091e+00,9.431818181818182e-01,-4.347063444828802e-07,-3.168158249290579e-07
1.450284090909091e+00,9.659090909090909e-01,-2.980843505029865e-07,-2.172451370945437e-07
1.450284090909091e+00,9.886363636363636e-01,-9.936145016879003e-08,-7.241504569904254e-08
1.470170454545455e+00,1.136363636363636e-02,1.966123804815112e-19,3.194503274862823e-19
1.470170454545455e+00,3.409090909090909e-02,3.270447016974748e-09,3.368525827798533e-09
1.470170454545455e+00,5.681818181818182e-02,5.559759928246960e-08,5.726493906556530e-08
1.470170454545455e+00,7.954545454545454e-02,6.867938734900681e-08,7.073904237511950e-08
1.470170454545455e+00,1.022727272727273e-01,8.463838312579100e-08,8.508270053102059e-08
1.470170454545455e+00,1.250000000000000e-01,1.357071696110210e-07,1.309824066295743e-07
1.470170454545455e+00,1.477272727272727e-01,1.357071696112062e-07,1.309824066297028e-07
1.470170454545455e+00,1.704545454545454e-01,1.592572997941144e-07,1.510038436076032e-07
1.470170454545455e+00,1.931818181818182e-01,1.906574733712500e-07,1.776990929114181e-07
1.470170454545455e+00,2.159090909090909e-01,1.906574733713804e-07,1.776990929115078e-07
1.470170454545455e+00,2.386363636363636e-01,2.129715542137739e-07,1.955297535242212e-07
1.470170454545455e+00,2.613636363636364e-01,2.267032962706471e-07,2.065024677474393e-07
1.470170454545455e+00,2.840909090909091e-01,2.273832497670665e-07,2.069269615517481e-07
1.470170454545455e+00,3.068181818181818e-01,2.382625057088570e-07,2.137188624200840e-07
1.470170454545455e+00,3.295454545454545e-01,2.409823196942954e-07,2.154168376371584e-07
1.470170454545455e+00,3.522727272727273e-01,2.390214932469670e-07,2.127311582253749e-07
1.470170454545455e+00,3.750000000000000e-01,2.327468486155436e-07,2.041369841076958e-07
1.470170454545455e+00,3.977272727272727e-01,2.327468486154585e-07,2.041369841076306e-07
1.470170454545455e+00,4.204545454545455e-01,2.198967296996254e-07,1.910633320927330e-07
1.470170454545455e+00,4.431818181818182e-01,2.027632378118595e-07,1.736317960728793e-07
1.470170454545455e+00,4.659090909090909e-01,2.027632378117072e-07,1.736317960727661e-07
1.470170454545455e+00,4.886363636363636e-01,1.720109197556285e-07,1.441451004018361e-07
1.470170454545455e+00,5.113636363636364e-01,1.530864163364159e-07,1.259994415273539e-07
1.470170454545455e+00,5.340909090909091e-01,1.499419664397989e-07,1.230702094568839e-07
1.470170454545455e+00,5.568181818181818e-01,9.963076809706310e-08,7.620249633166741e-08
1.470170454545455e+00,5.795454545454546e-01,8.705296851119015e-08,6.448556805022582e-08
1.470170454545455e+00,6.022727272727273e-01,6.855640770884535e-08,4.760017112991114e-08
1.470170454545455e+00,6.250000000000000e-01,9.367413141895981e-09,-6.433099014692963e-09
1.470170454545455e+00,6.477272727272727e-01,9.367413141620901e-09,-6.433099014890943e-09
1.470170454545455e+00,6.704545454545454e-01,-2.627025224433650e-08,-3.835947875157832e-08
1.470170454545455e+00,6.931818181818182e-01,-7.378713942552133e-08,-8.092798506709488e-08
1.470170454545455e+00,7.159090909090909e-01,-7.378713942579471e-08,-8.092798506728889e-08
1.470170454545455e+00,7.386363636363636e-01,-1.237664893253547e-07,-1.246372129368027e-07
1.470170454545455e+00,7.613636363636364e-01,-1.545230123405565e-07,-1.515351993181025e-07
1.470170454545455e+00,7.840909090909091e-01,-1.577666262702035e-07,-1.542342858324383e-07
1.470170454545455e+00,8.068181818181818e-01,-2.096644491409716e-07,-1.974196700593230e-07
1.470170454545455e+00,8.295454545454546e-01,-2.226389048587828e-07,-2.082160161161221e-07
1.470170454545455e+00,8.522727272727273e-01,-2.322429519706758e-07,-2.148031039898978e-07
1.470170454545455e+00,8.750000000000000e-01,-2.629759027283840e-07,-2.358817851857515e-07
1.470170454545455e+00,8.977272727272727e-01,-2.629759027283599e-07,-2.358817851857475e-07
1.470170454545455e+00,9.204545454545454e-01,-2.620535758550728e-07,-2.162565179453469e-07
1.470170454545455e+00,9.431818181818182e-01,-2.608238066905980e-07,-1.900894949580631e-07
1.470170454545455e+00,9.659090909090909e-01,-2.608238066901741e-07,-1.900894949577224e-07
1.470170454545455e+00,9.886363636363636e-01,-9.936145016856009e-08,-7.241504569881397e-08
1.490056818181818e+00,1.136363636363636e-02,1.515480436532757e-19,2.362667825446394e-19
1.490056818181818e+00,3.409090909090909e-02,3.486743619553748e-19,3.629459027651325e-19
1.490056818181818e+00,5.681818181818182e-02,9.811341050288747e-09,1.010557748254675e-08
1.490056818181818e+00,7.954545454545454e-02,2.289312911682597e-08,2.357968079210096e-08
1.490056818181818e+00,1.022727272727273e-01,2.289312911704397e-08,2.357968079225096e-08
1.490056818181818e+00,1.250000000000000e-01,4.523572320445437e-08,4.366080221045226e-08
1.490056818181818e+00,1.477272727272727e-01,4.523572320463953e-08,4.366080221058073e-08
1.490056818181818e+00,1.704545454545454e-01,4.523572320482470e-08,4.366080221070920e-08
1.490056818181818e+00,1.931818181818182e-01,6.355249112489164e-08,5.923303097131712e-08
1.490056818181818e+00,2.159090909090909e-01,6.355249112502199e-08,5.923303097140688e-08
1.490056818181818e+00,2.386363636363636e-01,6.355249112515233e-08,5.923303097149664e-08
1.490056818181818e+00,2.613636363636364e-01,7.556776542492819e-08,6.883415591682041e-08
1.490056818181818e+00,2.840909090909091e-01,7.556776542498960e-08,6.883415591686077e-08
1.490056818181818e+00,3.068181818181818e-01,7.760762591412514e-08,7.010763732970649e-08
1.490056818181818e+00,3.295454545454545e-01,8.032743989956348e-08,7.180561254678089e-08
1.490056818181818e+00,3.522727272727273e-01,8.032743989955111e-08,7.180561254676812e-08
1.490056818181818e+00,3.750000000000000e-01,7.758228287329644e-08,6.804566137027638e-08
1.490056818181818e+00,3.977272727272727e-01,7.758228287321131e-08,6.804566137021125e-08
1.490056818181818e+00,4.204545454545455e-01,7.758228287312617e-08,6.804566137014611e-08
1.490056818181818e+00,4.431818181818182e-01,6.758774593855378e-08,5.787726535853275e-08
1.490056818181818e+00,4.659090909090909e-01,6.758774593840156e-08,5.787726535841955e-08
1.490056818181818e+00,4.886363636363636e-01,6.758774593824934e-08,5.787726535830636e-08
1.490056818181818e+00,5.113636363636364e-01,5.102880544641606e-08,4.199981384311798e-08
1.490056818181818e+00,5.340909090909091e-01,5.102880544620677e-08,4.199981384296431e-08
1.490056818181818e+00,5.568181818181818e-01,4.159545575677422e-08,3.321211763186179e-08
1.490056818181818e+00,5.795454545454546e-01,2.901765617090125e-08,2.149518935042019e-08
1.490056818181818e+00,6.022727272727273e-01,2.901765617064939e-08,2.149518935023704e-08
1.490056818181818e+00,6.250000000000000e-01,3.122471047467771e-09,-2.144366338129916e-09
1.490056818181818e+00,6.477272727272727e-01,3.122471047192691e-09,-2.144366338327895e-09
1.490056818181818e+00,6.704545454545454e-01,3.122471046917612e-09,-2.144366338525874e-09
1.490056818181818e+00,6.931818181818182e-01,-2.459571314222080e-08,-2.697599502265881e-08
1.490056818181818e+00,7.159090909090909e-01,-2.459571314249418e-08,-2.697599502285283e-08
1.490056818181818e+00,7.386363636363636e-01,-2.459571314276756e-08,-2.697599502304686e-08
1.490056818181818e+00,7.613636363636364e-01,-5.150767078110080e-08,-5.051173310670636e-08
1.490056818181818e+00,7.840909090909091e-01,-5.150767078133991e-08,-5.051173310687229e-08
1.490056818181818e+00,8.068181818181818e-01,-6.123851256980272e-08,-5.860899264954760e-08
1.490056818181818e+00,8.295454545454546e-01,-7.421296828761395e-08,-6.940533870634676e-08
1.490056818181818e+00,8.522727272727273e-01,-7.421296828777274e-08,-6.940533870645060e-08
1.490056818181818e+00,8.750000000000000e-01,-8.765863424435921e-08,-7.862726172969486e-08
1.490056818181818e+00,8.977272727272727e-01,-8.765863424433516e-08,-7.862726172969088e-08
1.490056818181818e+00,9.204545454545454e-01,-8.765863424431113e-08,-7.862726172968688e-08
1.490056818181818e+00,9.431818181818182e-01,-8.694126889831585e-08,-6.336316498706819e-08
1.490056818181818e+00,9.659090909090909e-01,-8.694126889789193e-08,-6.336316498672755e-08
1.490056818181818e+00,9.886363636363636e-01,-8.694126889746803e-08,-6.336316498638688e-08
