x,y,ux,uy
7.102272727272727e-03,1.136363636363636e-02,1.686706427123775e-08,2.482695775725952e-08
7.102272727272727e-03,3.409090909090909e-02,1.686706427129332e-08,2.482695775731735e-08
7.102272727272727e-03,5.681818181818182e-02,1.686706427134889e-08,2.482695775737519e-08
7.102272727272727e-03,7.954545454545454e-02,1.913585743626405e-08,2.527679788488100e-08
7.102272727272727e-03,1.022727272727273e-01,1.913585743626157e-08,2.527679788487044e-08
7.102272727272727e-03,1.250000000000000e-01,1.913585743625909e-08,2.527679788485988e-08
7.102272727272727e-03,1.477272727272727e-01,1.432992985116459e-08,1.804633367084134e-08
7.102272727272727e-03,1.704545454545454e-01,1.432992985113360e-08,1.804633367080261e-08
7.102272727272727e-03,1.931818181818182e-01,7.888093640288167e-09,9.568411141759517e-09
7.102272727272727e-03,2.159090909090909e-01,6.277634587541589e-09,7.448930509458488e-09
7.102272727272727e-03,2.386363636363636e-01,6.277634587497830e-09,7.448930509407816e-09
7.102272727272727e-03,2.613636363636364e-01,-3.004563087718158e-09,-4.255907941110105e-09
7.102272727272727e-03,2.840909090909091e-01,-3.004563087765574e-09,-4.255907941163414e-09
7.102272727272727e-03,3.068181818181818e-01,-3.004563087812990e-09,-4.255907941216722e-09
7.102272727272727e-03,3.295454545454545e-01,-1.214250913203558e-08,-1.553810443495200e-08
7.102272727272727e-03,3.522727272727273e-01,-1.214250913208045e-08,-1.553810443500158e-08
7.102272727272727e-03,3.750000000000000e-01,-1.214250913212531e-08,-1.553810443505115e-08
7.102272727272727e-03,3.977272727272727e-01,-2.017894144323822e-08,-2.533948111737166e-08
7.102272727272727e-03,4.204545454545455e-01,-2.017894144327645e-08,-2.533948111741325e-08
7.102272727272727e-03,4.431818181818182e-01,-2.524958701177216e-08,-3.146848502858342e-08
7.102272727272727e-03,4.659090909090909e-01,-2.651724840391642e-08,-3.300073600639739e-08
7.102272727272727e-03,4.886363636363636e-01,-2.651724840394575e-08,-3.300073600642856e-08
7.102272727272727e-03,5.113636363636364e-01,-3.086956058020992e-08,-3.819238526058406e-08
7.102272727272727e-03,5.340909090909091e-01,-3.086956058022937e-08,-3.819238526060370e-08
7.102272727272727e-03,5.568181818181818e-01,-3.086956058024882e-08,-3.819238526062335e-08
7.102272727272727e-03,5.795454545454546e-01,-3.313487655024753e-08,-4.078124133460230e-08
7.102272727272727e-03,6.022727272727273e-01,-3.313487655025664e-08,-4.078124133460992e-08
7.102272727272727e-03,6.250000000000000e-01,-3.313487655026576e-08,-4.078124133461755e-08
7.102272727272727e-03,6.477272727272727e-01,-3.323535293479897e-08,-4.066625802558244e-08
7.102272727272727e-03,6.704545454545454e-01,-3.323535293479721e-08,-4.066625802557749e-08
7.102272727272727e-03,6.931818181818182e-01,-3.147363909364403e-08,-3.829558660410223e-08
7.102272727272727e-03,7.159090909090909e-01,-3.103321063334367e-08,-3.770291874871734e-08
7.102272727272727e-03,7.386363636363636e-01,-3.103321063333044e-08,-3.770291874869919e-08
7.102272727272727e-03,7.613636363636364e-01,-2.640755197666480e-08,-3.178974004002317e-08
7.102272727272727e-03,7.840909090909091e-01,-2.640755197664014e-08,-3.178974003999173e-08
7.102272727272727e-03,8.068181818181818e-01,-2.640755197661546e-08,-3.178974003996030e-08
7.102272727272727e-03,8.295454545454546e-01,-1.942018378716012e-08,-2.305051464307386e-08
7.102272727272727e-03,8.522727272727273e-01,-1.942018378712551e-08,-2.305051464303047e-08
7.102272727272727e-03,8.750000000000000e-01,-1.942018378709090e-08,-2.305051464298709e-08
7.102272727272727e-03,8.977272727272727e-01,-1.044650031448681e-08,-1.200780739377546e-08
7.102272727272727e-03,9.204545454545454e-01,-1.044650031444584e-08,-1.200780739372355e-08
7.102272727272727e-03,9.431818181818182e-01,-2.089300063005756e-09,-2.401561478821329e-09
7.102272727272727e-03,9.659090909090909e-01,-1.099774426386898e-19,-7.074623996503039e-20
7.102272727272727e-03,9.886363636363636e-01,-6.354224621963315e-20,-3.355476301013117e-20
2.130681818181818e-02,1.136363636363636e-02,2.698730283392245e-08,3.972313241153329e-08
2.130681818181818e-02,3.409090909090909e-02,5.060119281351871e-08,7.448087327147311e-08
2.130681818181818e-02,5.681818181818182e-02,5.060119281357428e-08,7.448087327153095e-08
2.130681818181818e-02,7.954545454545454e-02,5.604629640935380e-08,7.556048957753575e-08
2.130681818181818e-02,1.022727272727273e-01,5.740757230829321e-08,7.583039365402477e-08
2.130681818181818e-02,1.250000000000000e-01,5.740757230829073e-08,7.583039365401421e-08
2.130681818181818e-02,1.477272727272727e-01,4.298978955306918e-08,5.413900101203603e-08
2.130681818181818e-02,1.704545454545454e-01,4.298978955303819e-08,5.413900101199731e-08
2.130681818181818e-02,1.931818181818182e-01,3.654795334219275e-08,4.566107848295420e-08
2.130681818181818e-02,2.159090909090909e-01,1.883290376241805e-08,2.234679152814971e-08
2.130681818181818e-02,2.386363636363636e-01,1.883290376237429e-08,2.234679152809904e-08
2.130681818181818e-02,2.613636363636364e-01,3.981387482056073e-09,3.619050007301571e-09
2.130681818181818e-02,2.840909090909091e-01,-9.013689263229912e-09,-1.276772382340405e-08
2.130681818181818e-02,3.068181818181818e-01,-9.013689263277327e-09,-1.276772382345736e-08
2.130681818181818e-02,3.295454545454545e-01,-3.094475976934783e-08,-3.984499540835129e-08
2.130681818181818e-02,3.522727272727273e-01,-3.642752739589896e-08,-4.661431330461176e-08
2.130681818181818e-02,3.750000000000000e-01,-3.642752739594382e-08,-4.661431330466133e-08
2.130681818181818e-02,3.977272727272727e-01,-6.053682432920611e-08,-7.601844335153968e-08
2.130681818181818e-02,4.204545454545455e-01,-6.053682432924433e-08,-7.601844335158127e-08
2.130681818181818e-02,4.431818181818182e-01,-6.560746989774003e-08,-8.214744726275143e-08
2.130681818181818e-02,4.659090909090909e-01,-7.955174521103355e-08,-9.900220801839340e-08
2.130681818181818e-02,4.886363636363636e-01,-7.955174521106287e-08,-9.900220801842457e-08
2.130681818181818e-02,5.113636363636364e-01,-8.651544469307089e-08,-1.073088468250581e-07
2.130681818181818e-02,5.340909090909091e-01,-9.260868173982604e-08,-1.145771557808599e-07
2.130681818181818e-02,5.568181818181818e-01,-9.260868173984549e-08,-1.145771557808795e-07
2.130681818181818e-02,5.795454545454546e-01,-9.804544006782600e-08,-1.207904103584141e-07
2.130681818181818e-02,6.022727272727273e-01,-9.940462964982735e-08,-1.223437240028028e-07
2.130681818181818e-02,6.250000000000000e-01,-9.940462964983645e-08,-1.223437240028104e-07
2.130681818181818e-02,6.477272727272727e-01,-9.970605880343959e-08,-1.219987740757150e-07
2.130681818181818e-02,6.704545454545454e-01,-9.970605880343785e-08,-1.219987740757100e-07
2.130681818181818e-02,6.931818181818182e-01,-9.794434496228463e-08,-1.196281026542347e-07
2.130681818181818e-02,7.159090909090909e-01,-9.309963189911292e-08,-1.131087562451824e-07
2.130681818181818e-02,7.386363636363636e-01,-9.309963189909968e-08,-1.131087562451642e-07
2.130681818181818e-02,7.613636363636364e-01,-8.569857804844603e-08,-1.036476703112974e-07
2.130681818181818e-02,7.840909090909091e-01,-7.922265592911600e-08,-9.536922011915428e-08
2.130681818181818e-02,8.068181818181818e-01,-7.922265592909134e-08,-9.536922011912285e-08
2.130681818181818e-02,8.295454545454546e-01,-6.245297227444344e-08,-7.439507916665187e-08
2.130681818181818e-02,8.522727272727273e-01,-5.826055136075497e-08,-6.915154392850094e-08
2.130681818181818e-02,8.750000000000000e-01,-5.826055136072035e-08,-6.915154392845756e-08
2.130681818181818e-02,8.977272727272727e-01,-3.133950094299002e-08,-3.602342218092650e-08
2.130681818181818e-02,9.204545454545454e-01,-3.133950094294903e-08,-3.602342218087458e-08
2.130681818181818e-02,9.431818181818182e-01,-2.298230069150895e-08,-2.641717626597236e-08
2.130681818181818e-02,9.659090909090909e-01,-1.190151712264882e-19,-8.703028766169599e-20
2.130681818181818e-02,9.886363636363636e-01,-7.257997480743158e-20,-4.983881070679677e-20
3.551136363636364e-02,1.136363636363636e-02,2.698730283394684e-08,3.972313241157191e-08
3.551136363636364e-02,3.409090909090909e-02,8.096190850152400e-08,1.191693972342172e-07
3.551136363636364e-02,5.681818181818182e-02,8.433532135579969e-08,1.241347887856867e-07
3.551136363636364e-02,7.954545454545454e-02,8.978042495157921e-08,1.252144050916916e-07
3.551136363636364e-02,1.022727272727273e-01,9.567928718032485e-08,1.263839894231791e-07
3.551136363636364e-02,1.250000000000000e-01,9.567928718032237e-08,1.263839894231685e-07
3.551136363636364e-02,1.477272727272727e-01,8.030031890808813e-08,1.032465039383944e-07
3.551136363636364e-02,1.704545454545454e-01,7.164964925494280e-08,9.023166835319202e-08
3.551136363636364e-02,1.931818181818182e-01,6.520781304409738e-08,8.175374582414892e-08
3.551136363636364e-02,2.159090909090909e-01,3.944046820080859e-08,4.784205570809268e-08
3.551136363636364e-02,2.386363636363636e-01,3.138817293725076e-08,3.724465254679027e-08
3.551136363636364e-02,2.613636363636364e-01,1.653665665693255e-08,1.851691102599280e-08
3.551136363636364e-02,2.840909090909091e-01,-1.316637590366020e-08,-1.893857201555155e-08
3.551136363636364e-02,3.068181818181818e-01,-1.502281543874167e-08,-2.127953970569801e-08
3.551136363636364e-02,3.295454545454545e-01,-3.695388594481217e-08,-4.835681129059193e-08
3.551136363636364e-02,3.522727272727273e-01,-6.071254565971749e-08,-7.769052217422195e-08
3.551136363636364e-02,3.750000000000000e-01,-6.071254565976235e-08,-7.769052217427151e-08
3.551136363636364e-02,3.977272727272727e-01,-8.642912905523955e-08,-1.090549275576056e-07
3.551136363636364e-02,4.204545454545455e-01,-1.008947072152122e-07,-1.266974055857493e-07
3.551136363636364e-02,4.431818181818182e-01,-1.059653527837079e-07,-1.328264094969195e-07
3.551136363636364e-02,4.659090909090909e-01,-1.262479350575760e-07,-1.573424251414754e-07
3.551136363636364e-02,4.886363636363636e-01,-1.325862420181800e-07,-1.650036800304206e-07
3.551136363636364e-02,5.113636363636364e-01,-1.395499415001880e-07,-1.733103188370542e-07
3.551136363636364e-02,5.340909090909091e-01,-1.534773404641748e-07,-1.899235964502901e-07
3.551136363636364e-02,5.568181818181818e-01,-1.543478028994422e-07,-1.909619263011358e-07
3.551136363636364e-02,5.795454545454546e-01,-1.597845612274227e-07,-1.971751808786704e-07
3.551136363636364e-02,6.022727272727273e-01,-1.656743827493980e-07,-2.039062066709956e-07
3.551136363636364e-02,6.250000000000000e-01,-1.656743827494072e-07,-2.039062066710032e-07
3.551136363636364e-02,6.477272727272727e-01,-1.659959071799173e-07,-2.035382600821018e-07
3.551136363636364e-02,6.704545454545454e-01,-1.661767646720785e-07,-2.033312901258425e-07
3.551136363636364e-02,6.931818181818182e-01,-1.644150508309253e-07,-2.009606187043673e-07
3.551136363636364e-02,7.159090909090909e-01,-1.573681954663179e-07,-1.914779330184812e-07
3.551136363636364e-02,7.386363636363636e-01,-1.551660531648690e-07,-1.885145937416293e-07
3.551136363636364e-02,7.613636363636364e-01,-1.477649993142153e-07,-1.790535078077625e-07
3.551136363636364e-02,7.840909090909091e-01,-1.329628916129213e-07,-1.601313359400471e-07
3.551136363636364e-02,8.068181818181818e-01,-1.320377598815672e-07,-1.589487001982854e-07
3.551136363636364e-02,8.295454545454546e-01,-1.152680762269193e-07,-1.379745592458145e-07
3.551136363636364e-02,8.522727272727273e-01,-9.710091893438442e-08,-1.152525732139714e-07
3.551136363636364e-02,8.750000000000000e-01,-9.710091893434981e-08,-1.152525732139280e-07
3.551136363636364e-02,8.977272727272727e-01,-6.838513182210687e-08,-7.991591001656507e-08
3.551136363636364e-02,9.204545454545454e-01,-5.223250157145225e-08,-6.003903696802562e-08
3.551136363636364e-02,9.431818181818182e-01,-4.387530132001217e-08,-5.043279105312341e-08
3.551136363636364e-02,9.659090909090909e-01,-1.044650031437510e-08,-1.200780739367064e-08
3.551136363636364e-02,9.886363636363636e-01,-8.161770339523001e-20,-6.612285840346237e-20
4.971590909090909e-02,1.136363636363636e-02,2.698730283397123e-08,3.972313241161053e-08
4.971590909090909e-02,3.409090909090909e-02,8.096190850154840e-08,1.191693972342558e-07
4.971590909090909e-02,5.681818181818182e-02,1.180694498980251e-07,1.737887042998424e-07
4.971590909090909e-02,7.954545454545454e-02,1.235145534938046e-07,1.748683206058473e-07
4.971590909090909e-02,1.022727272727273e-01,1.307746916214921e-07,1.763078090138344e-07
4.971590909090909e-02,1.250000000000000e-01,1.339510020523540e-07,1.769375851923229e-07
4.971590909090909e-02,1.477272727272727e-01,1.185720337801198e-07,1.538000997075487e-07
4.971590909090909e-02,1.704545454545454e-01,1.031930655078855e-07,1.306626142227746e-07
4.971590909090909e-02,1.931818181818182e-01,9.386767274600196e-08,1.178464131653436e-07
4.971590909090909e-02,2.159090909090909e-01,6.810032790271318e-08,8.393472304928736e-08
4.971590909090909e-02,2.386363636363636e-01,4.394344211212722e-08,5.214251356548148e-08
4.971590909090909e-02,2.613636363636364e-01,2.909192583180900e-08,3.341477204468402e-08
4.971590909090909e-02,2.840909090909091e-01,-6.111067287837402e-10,-4.040710996860330e-09
4.971590909090909e-02,3.068181818181818e-01,-2.103194161420600e-08,-2.979135558793864e-08
4.971590909090909e-02,3.295454545454545e-01,-4.296301212027650e-08,-5.686862717283257e-08
4.971590909090909e-02,3.522727272727273e-01,-7.220443946168810e-08,-9.297165595267347e-08
4.971590909090909e-02,3.750000000000000e-01,-8.499756392358086e-08,-1.087667310438817e-07
4.971590909090909e-02,3.977272727272727e-01,-1.107141473190581e-07,-1.401311364272158e-07
4.971590909090909e-02,4.204545454545455e-01,-1.364307307145353e-07,-1.714955418105500e-07
4.971590909090909e-02,4.431818181818182e-01,-1.463232356696758e-07,-1.835053717310875e-07
4.971590909090909e-02,4.659090909090909e-01,-1.666058179435439e-07,-2.080213873756434e-07
4.971590909090909e-02,4.886363636363636e-01,-1.856207388252971e-07,-2.310051520424166e-07
4.971590909090909e-02,5.113636363636364e-01,-1.925844383073052e-07,-2.393117908490501e-07
4.971590909090909e-02,5.340909090909091e-01,-2.065118372712919e-07,-2.559250684622861e-07
4.971590909090909e-02,5.568181818181818e-01,-2.160869240590389e-07,-2.673466968213919e-07
4.971590909090909e-02,5.795454545454546e-01,-2.215236823870194e-07,-2.735599513989266e-07
4.971590909090909e-02,6.022727272727273e-01,-2.287726934909869e-07,-2.818442908356328e-07
4.971590909090909e-02,6.250000000000000e-01,-2.319441358489778e-07,-2.854686893391961e-07
4.971590909090909e-02,6.477272727272727e-01,-2.322656602794880e-07,-2.851007427502946e-07
4.971590909090909e-02,6.704545454545454e-01,-2.325871847099981e-07,-2.847327961613931e-07
4.971590909090909e-02,6.931818181818182e-01,-2.308857566995659e-07,-2.822931347544997e-07
4.971590909090909e-02,7.159090909090909e-01,-2.238389013349585e-07,-2.728104490686136e-07
4.971590909090909e-02,7.386363636363636e-01,-2.172324744306382e-07,-2.639204312380943e-07
4.971590909090909e-02,7.613636363636364e-01,-2.098314205799846e-07,-2.544593453042275e-07
4.971590909090909e-02,7.840909090909091e-01,-1.950293128786905e-07,-2.355371734365121e-07
4.971590909090909e-02,8.068181818181818e-01,-1.848528638340431e-07,-2.225281802774480e-07
4.971590909090909e-02,8.295454545454546e-01,-1.680831801793952e-07,-2.015540393249770e-07
4.971590909090909e-02,8.522727272727273e-01,-1.457236019732063e-07,-1.735885180550263e-07
4.971590909090909e-02,8.750000000000000e-01,-1.359412865079793e-07,-1.613536024993985e-07
4.971590909090909e-02,8.977272727272727e-01,-1.072254993957363e-07,-1.260169393020355e-07
4.971590909090909e-02,9.204545454545454e-01,-7.850971228349337e-08,-9.068027610467254e-08
4.971590909090909e-02,9.431818181818182e-01,-6.476830194851536e-08,-7.444840584027444e-08
4.971590909090909e-02,9.659090909090909e-01,-3.133950094287829e-08,-3.602342218082168e-08
4.971590909090909e-02,9.886363636363636e-01,-9.065543198302842e-20,-8.240690610012796e-20
6.392045454545454e-02,1.136363636363636e-02,3.048936923101608e-08,4.375429934467973e-08
6.392045454545454e-02,3.409090909090909e-02,8.446397489859324e-08,1.232005641673250e-07
6.392045454545454e-02,5.681818181818182e-02,1.384385805661704e-07,2.026468289899702e-07
6.392045454545454e-02,7.954545454545454e-02,1.592005533930282e-07,2.249632783594241e-07
6.392045454545454e-02,1.022727272727273e-01,1.664606915207157e-07,2.264027667674113e-07
6.392045454545454e-02,1.250000000000000e-01,1.737208296484032e-07,2.278422551753984e-07
6.392045454545454e-02,1.477272727272727e-01,1.577623568198605e-07,2.039738365591295e-07
6.392045454545454e-02,1.704545454545454e-01,1.423833885476263e-07,1.808363510743554e-07
6.392045454545454e-02,1.931818181818182e-01,1.226778009140806e-07,1.532095413871119e-07
6.392045454545454e-02,2.159090909090909e-01,9.691045607079181e-08,1.192978512710557e-07
6.392045454545454e-02,2.386363636363636e-01,7.114311122750301e-08,8.538616115499946e-08
6.392045454545454e-02,2.613636363636364e-01,4.114934468131469e-08,4.742635695345265e-08
6.392045454545454e-02,2.840909090909091e-01,1.144631212072195e-08,9.970873911908292e-09
6.392045454545454e-02,3.068181818181818e-01,-1.825672043987073e-08,-2.748460912963596e-08
6.392045454545454e-02,3.295454545454545e-01,-5.000015986420249e-08,-6.629886268368307e-08
6.392045454545454e-02,3.522727272727273e-01,-7.924158720561408e-08,-1.024018914635240e-07
6.392045454545454e-02,3.750000000000000e-01,-1.084830145470256e-07,-1.385049202433648e-07
6.392045454545454e-02,3.977272727272727e-01,-1.364226122457722e-07,-1.720605908363163e-07
6.392045454545454e-02,4.204545454545455e-01,-1.621391956412495e-07,-2.034249962196505e-07
6.392045454545454e-02,4.431818181818182e-01,-1.883488583547981e-07,-2.348903176772221e-07
6.392045454545454e-02,4.659090909090909e-01,-2.086314406286662e-07,-2.594063333217780e-07
6.392045454545454e-02,4.886363636363636e-01,-2.289140229025343e-07,-2.839223489663339e-07
6.392045454545454e-02,5.113636363636364e-01,-2.473737883935121e-07,-3.058048832307168e-07
6.392045454545454e-02,5.340909090909091e-01,-2.613011873574988e-07,-3.224181608439528e-07
6.392045454545454e-02,5.568181818181818e-01,-2.752285863214856e-07,-3.390314384571887e-07
6.392045454545454e-02,5.795454545454546e-01,-2.849550214187407e-07,-3.501731090232919e-07
6.392045454545454e-02,6.022727272727273e-01,-2.922040325227082e-07,-3.584574484599982e-07
6.392045454545454e-02,6.250000000000000e-01,-2.994530436266758e-07,-3.667417878967044e-07
6.392045454545454e-02,6.477272727272727e-01,-3.000252418730632e-07,-3.665933239212267e-07
6.392045454545454e-02,6.704545454545454e-01,-3.003467663035733e-07,-3.662253773323253e-07
6.392045454545454e-02,6.931818181818182e-01,-2.984999230257789e-07,-3.632202127246876e-07
6.392045454545454e-02,7.159090909090909e-01,-2.914530676611715e-07,-3.537375270388015e-07
6.392045454545454e-02,7.386363636363636e-01,-2.844062122965640e-07,-3.442548413529154e-07
6.392045454545454e-02,7.613636363636364e-01,-2.725307566755574e-07,-3.290696483740714e-07
6.392045454545454e-02,7.840909090909091e-01,-2.577286489742634e-07,-3.101474765063560e-07
6.392045454545454e-02,8.068181818181818e-01,-2.429265412729693e-07,-2.912253046386406e-07
6.392045454545454e-02,8.295454545454546e-01,-2.208362690139756e-07,-2.638738272444799e-07
6.392045454545454e-02,8.522727272727273e-01,-1.984766908077868e-07,-2.359083059745292e-07
6.392045454545454e-02,8.750000000000000e-01,-1.761171126015979e-07,-2.079427847045785e-07
6.392045454545454e-02,8.977272727272727e-01,-1.451114870770942e-07,-1.703093737195033e-07
6.392045454545454e-02,9.204545454545454e-01,-1.163956999648513e-07,-1.349727105221403e-07
6.392045454545454e-02,9.431818181818182e-01,-8.357200251417067e-08,-9.606245914871299e-08
6.392045454545454e-02,9.659090909090909e-01,-5.014320150853360e-08,-5.763747548926023e-08
6.392045454545454e-02,9.886363636363636e-01,-1.671440050289653e-08,-1.921249182980747e-08
7.812500000000000e-02,1.136363636363636e-02,5.500383401018449e-08,7.197246787593444e-08
7.812500000000000e-02,3.409090909090909e-02,1.194846388688222e-07,1.635122334976694e-07
7.812500000000000e-02,5.681818181818182e-02,1.734592445363994e-07,2.429584983203147e-07
7.812500000000000e-02,7.954545454545454e-02,2.124533955052354e-07,2.790276162677907e-07
7.812500000000000e-02,1.022727272727273e-01,2.197135336329228e-07,2.804671046757778e-07
7.812500000000000e-02,1.250000000000000e-01,2.269736717606104e-07,2.819065930837650e-07
7.812500000000000e-02,1.477272727272727e-01,2.052201533689833e-07,2.507288431525485e-07
7.812500000000000e-02,1.704545454545454e-01,1.898411850967491e-07,2.275913576677743e-07
7.812500000000000e-02,1.931818181818182e-01,1.649470218075600e-07,1.945772288465845e-07
7.812500000000000e-02,2.159090909090909e-01,1.270730004344366e-07,1.480951274179867e-07
7.812500000000000e-02,2.386363636363636e-01,1.013056555911479e-07,1.141834373019304e-07
7.812500000000000e-02,2.613636363636364e-01,5.550184413522626e-08,6.029010974115760e-08
7.812500000000000e-02,2.840909090909091e-01,1.902307804189065e-08,1.600597383137350e-08
7.812500000000000e-02,3.068181818181818e-01,-1.067995451870202e-08,-2.144950921017075e-08
7.812500000000000e-02,3.295454545454545e-01,-6.628950172428328e-08,-8.399487485202242e-08
7.812500000000000e-02,3.522727272727273e-01,-9.553092906569489e-08,-1.200979036318633e-07
7.812500000000000e-02,3.750000000000000e-01,-1.247723564071064e-07,-1.562009324117041e-07
7.812500000000000e-02,3.977272727272727e-01,-1.749420971385475e-07,-2.116692551008298e-07
7.812500000000000e-02,4.204545454545455e-01,-2.006586805340248e-07,-2.430336604841639e-07
7.812500000000000e-02,4.431818181818182e-01,-2.324230820429943e-07,-2.799380224685316e-07
7.812500000000000e-02,4.659090909090909e-01,-2.656667215061778e-07,-3.171451326756119e-07
7.812500000000000e-02,4.886363636363636e-01,-2.859493037800460e-07,-3.416611483201678e-07
7.812500000000000e-02,5.113636363636364e-01,-3.138924933753765e-07,-3.727688960329592e-07
7.812500000000000e-02,5.340909090909091e-01,-3.318842169555143e-07,-3.933358365526558e-07
7.812500000000000e-02,5.568181818181818e-01,-3.458116159195010e-07,-4.099491141658918e-07
7.812500000000000e-02,5.795454545454546e-01,-3.636163212995837e-07,-4.288417505846401e-07
7.812500000000000e-02,6.022727272727273e-01,-3.708653324035512e-07,-4.371260900213463e-07
7.812500000000000e-02,6.250000000000000e-01,-3.781143435075188e-07,-4.454104294580525e-07
7.812500000000000e-02,6.477272727272727e-01,-3.811932799126788e-07,-4.474567916168130e-07
7.812500000000000e-02,6.704545454545454e-01,-3.815148043431889e-07,-4.470888450279115e-07
7.812500000000000e-02,6.931818181818182e-01,-3.786891427868189e-07,-4.430080806868039e-07
7.812500000000000e-02,7.159090909090909e-01,-3.693583781055351e-07,-4.310156622894878e-07
7.812500000000000e-02,7.386363636363636e-01,-3.623115227409277e-07,-4.215329766036017e-07
7.812500000000000e-02,7.613636363636364e-01,-3.437792485035304e-07,-3.994684342104544e-07
7.812500000000000e-02,7.840909090909091e-01,-3.261242185380690e-07,-3.775979697366091e-07
7.812500000000000e-02,8.068181818181818e-01,-3.113221108367749e-07,-3.586757978688937e-07
7.812500000000000e-02,8.295454545454546e-01,-2.730312217874974e-07,-3.148563857270452e-07
7.812500000000000e-02,8.522727272727273e-01,-2.506716435813085e-07,-2.868908644570945e-07
7.812500000000000e-02,8.750000000000000e-01,-2.283120653751197e-07,-2.589253431871438e-07
7.812500000000000e-02,8.977272727272727e-01,-1.744080557280080e-07,-1.983244543249470e-07
7.812500000000000e-02,9.204545454545454e-01,-1.456922686157651e-07,-1.629877911275841e-07
7.812500000000000e-02,9.431818181818182e-01,-1.040796005698175e-07,-1.156730155725313e-07
7.812500000000000e-02,9.659090909090909e-01,-5.014320150855787e-08,-5.763747548928644e-08
7.812500000000000e-02,9.886363636363636e-01,-1.671440050292079e-08,-1.921249182983369e-08
9.232954545454546e-02,1.136363636363636e-02,5.500383401021164e-08,7.197246787597977e-08
9.232954545454546e-02,3.409090909090909e-02,1.545053028390511e-07,2.038239028280138e-07
9.232954545454546e-02,5.681818181818182e-02,2.084799085066283e-07,2.832701676506591e-07
9.232954545454546e-02,7.954545454545454e-02,2.492972772896621e-07,3.207145524559374e-07
9.232954545454546e-02,1.022727272727273e-01,2.729663757451300e-07,3.345314425841444e-07
9.232954545454546e-02,1.250000000000000e-01,2.802265138728175e-07,3.359709309921315e-07
9.232954545454546e-02,1.477272727272727e-01,2.555754726996483e-07,3.011385154034412e-07
9.232954545454546e-02,1.704545454545454e-01,2.372989816458718e-07,2.743463642611933e-07
9.232954545454546e-02,1.931818181818182e-01,2.124048183566827e-07,2.413322354400035e-07
9.232954545454546e-02,2.159090909090909e-01,1.589650700166293e-07,1.786881766095664e-07
9.232954545454546e-02,2.386363636363636e-01,1.314681999547927e-07,1.429807134488614e-07
9.232954545454546e-02,2.613636363636364e-01,8.566438849887110e-08,8.908738588808857e-08
9.232954545454546e-02,2.840909090909091e-01,2.659984396305936e-08,2.204107375083872e-08
9.232954545454546e-02,3.068181818181818e-01,-3.103188597533315e-09,-1.541440929070554e-08
9.232954545454546e-02,3.295454545454545e-01,-6.109934658123951e-08,-8.033288614133763e-08
9.232954545454546e-02,3.522727272727273e-01,-1.118202709257757e-07,-1.377939158002026e-07
9.232954545454546e-02,3.750000000000000e-01,-1.410616982671872e-07,-1.738969445800434e-07
9.232954545454546e-02,3.977272727272727e-01,-2.023465105149756e-07,-2.403215933172561e-07
9.232954545454546e-02,4.204545454545455e-01,-2.391781654268001e-07,-2.826423247486774e-07
9.232954545454546e-02,4.431818181818182e-01,-2.709425669357696e-07,-3.195466867330451e-07
9.232954545454546e-02,4.659090909090909e-01,-3.208504227852158e-07,-3.730709185205136e-07
9.232954545454546e-02,4.886363636363636e-01,-3.429845846575576e-07,-3.993999476740016e-07
9.232954545454546e-02,5.113636363636364e-01,-3.709277742528881e-07,-4.305076953867930e-07
9.232954545454546e-02,5.340909090909091e-01,-4.024672465535298e-07,-4.642535122613589e-07
9.232954545454546e-02,5.568181818181818e-01,-4.163946455175165e-07,-4.808667898745948e-07
9.232954545454546e-02,5.795454545454546e-01,-4.350071779258819e-07,-5.005345228786077e-07
9.232954545454546e-02,6.022727272727273e-01,-4.495266322843942e-07,-5.157947315826944e-07
9.232954545454546e-02,6.250000000000000e-01,-4.567756433883617e-07,-5.240790710194006e-07
9.232954545454546e-02,6.477272727272727e-01,-4.611079488729081e-07,-5.272228462452801e-07
9.232954545454546e-02,6.704545454545454e-01,-4.626828423828046e-07,-5.279523127234977e-07
9.232954545454546e-02,6.931818181818182e-01,-4.598571808264345e-07,-5.238715483823901e-07
9.232954545454546e-02,7.159090909090909e-01,-4.475899613094239e-07,-5.086523307846641e-07
9.232954545454546e-02,7.386363636363636e-01,-4.402168331852913e-07,-4.988111118542880e-07
9.232954545454546e-02,7.613636363636364e-01,-4.216845589478941e-07,-4.767465694611407e-07
9.232954545454546e-02,7.840909090909091e-01,-3.945197881018745e-07,-4.450484629668622e-07
9.232954545454546e-02,8.068181818181818e-01,-3.797176804005805e-07,-4.261262910991468e-07
9.232954545454546e-02,8.295454545454546e-01,-3.398067296722746e-07,-3.806600854825295e-07
9.232954545454546e-02,8.522727272727273e-01,-3.028665963548303e-07,-3.378734229396598e-07
9.232954545454546e-02,8.750000000000000e-01,-2.805070181486414e-07,-3.099079016697091e-07
9.232954545454546e-02,8.977272727272727e-01,-2.151538164402258e-07,-2.378232738689516e-07
9.232954545454546e-02,9.204545454545454e-01,-1.749888372666789e-07,-1.910028717330278e-07
9.232954545454546e-02,9.431818181818182e-01,-1.333761692207314e-07,-1.436880961779751e-07
9.232954545454546e-02,9.659090909090909e-01,-5.307285837367104e-08,-6.043898354985436e-08
9.232954545454546e-02,9.886363636363636e-01,-1.671440050294506e-08,-1.921249182985990e-08
1.065340909090909e-01,1.136363636363636e-02,5.500383401023878e-08,7.197246787602510e-08
1.065340909090909e-01,3.409090909090909e-02,1.650115020301388e-07,2.159174036271489e-07
1.065340909090909e-01,5.681818181818182e-02,2.435005724768572e-07,3.235818369810035e-07
1.065340909090909e-01,7.954545454545454e-02,2.843179412598910e-07,3.610262217862818e-07
1.065340909090909e-01,1.022727272727273e-01,3.207495644147437e-07,3.844699799191044e-07
1.065340909090909e-01,1.250000000000000e-01,3.334793559850247e-07,3.900352689004981e-07
1.065340909090909e-01,1.477272727272727e-01,3.088283148118554e-07,3.552028533118077e-07
1.065340909090909e-01,1.704545454545454e-01,2.847567781949946e-07,3.211013708546122e-07
1.065340909090909e-01,1.931818181818182e-01,2.598626149058056e-07,2.880872420334224e-07
1.065340909090909e-01,2.159090909090909e-01,2.064228665657521e-07,2.254431832029854e-07
1.065340909090909e-01,2.386363636363636e-01,1.616307443184375e-07,1.717779895957923e-07
1.065340909090909e-01,2.613636363636364e-01,1.158269328625160e-07,1.178846620350195e-07
1.065340909090909e-01,2.840909090909091e-01,4.998665479396133e-08,4.400969702952993e-08
1.065340909090909e-01,3.068181818181818e-01,4.473577323635391e-09,-9.379309371240325e-09
1.065340909090909e-01,3.295454545454545e-01,-5.352258066007080e-08,-7.429778622187241e-08
1.065340909090909e-01,3.522727272727273e-01,-1.209497804514817e-07,-1.483705943422006e-07
1.065340909090909e-01,3.750000000000000e-01,-1.573510401272680e-07,-1.915929567483828e-07
1.065340909090909e-01,3.977272727272727e-01,-2.186358523750564e-07,-2.580176054855954e-07
1.065340909090909e-01,4.204545454545455e-01,-2.776976503195754e-07,-3.222509890131908e-07
1.065340909090909e-01,4.431818181818182e-01,-3.094620518285449e-07,-3.591553509975586e-07
1.065340909090909e-01,4.659090909090909e-01,-3.593699076779911e-07,-4.126795827850270e-07
1.065340909090909e-01,4.886363636363636e-01,-4.000198655350692e-07,-4.571387470278355e-07
1.065340909090909e-01,5.113636363636364e-01,-4.279630551303997e-07,-4.882464947406268e-07
1.065340909090909e-01,5.340909090909091e-01,-4.635668520471926e-07,-5.259459745216535e-07
1.065340909090909e-01,5.568181818181818e-01,-4.869776751155320e-07,-5.517844655832979e-07
1.065340909090909e-01,5.795454545454546e-01,-5.055902075238974e-07,-5.714521985873107e-07
1.065340909090909e-01,6.022727272727273e-01,-5.257644510803889e-07,-5.921380833882490e-07
1.065340909090909e-01,6.250000000000000e-01,-5.354369432692047e-07,-6.027477125807487e-07
1.065340909090909e-01,6.477272727272727e-01,-5.397692487537511e-07,-6.058914878066283e-07
1.065340909090909e-01,6.704545454545454e-01,-5.438508804224202e-07,-6.088157804190839e-07
1.065340909090909e-01,6.931818181818182e-01,-5.410252188660501e-07,-6.047350160779763e-07
1.065340909090909e-01,7.159090909090909e-01,-5.287579993490395e-07,-5.895157984802503e-07
1.065340909090909e-01,7.386363636363636e-01,-5.181221436296550e-07,-5.760892471049742e-07
1.065340909090909e-01,7.613636363636364e-01,-4.995898693922578e-07,-5.540247047118271e-07
1.065340909090909e-01,7.840909090909091e-01,-4.695721762820708e-07,-5.193783056114186e-07
1.065340909090909e-01,8.068181818181818e-01,-4.481132499643861e-07,-4.935767843294000e-07
1.065340909090909e-01,8.295454545454546e-01,-4.082022992360801e-07,-4.481105787127826e-07
1.065340909090909e-01,8.522727272727273e-01,-3.599217341654372e-07,-3.937963618465314e-07
1.065340909090909e-01,8.750000000000000e-01,-3.327019709221631e-07,-3.608904601522744e-07
1.065340909090909e-01,8.977272727272727e-01,-2.673487692137476e-07,-2.888058323515169e-07
1.065340909090909e-01,9.204545454545454e-01,-2.042854059175927e-07,-2.190179523384715e-07
1.065340909090909e-01,9.431818181818182e-01,-1.626727378716452e-07,-1.717031767834188e-07
1.065340909090909e-01,9.659090909090909e-01,-8.236942702458484e-08,-8.845406415529808e-08
1.065340909090909e-01,9.886363636363636e-01,-1.671440050296932e-08,-1.921249182988612e-08
1.207386363636364e-01,1.136363636363636e-02,5.500383401026593e-08,7.197246787607042e-08
1.207386363636364e-01,3.409090909090909e-02,1.650115020301660e-07,2.159174036271942e-07
1.207386363636364e-01,5.681818181818182e-02,2.750191700500660e-07,3.598623393783181e-07
1.207386363636364e-01,7.954545454545454e-02,3.193386052301200e-07,4.013378911166263e-07
1.207386363636364e-01,1.022727272727273e-01,3.557702283849727e-07,4.247816492494488e-07
1.207386363636364e-01,1.250000000000000e-01,3.867321980972319e-07,4.440996068088647e-07
1.207386363636364e-01,1.477272727272727e-01,3.620811569240626e-07,4.092671912201744e-07
1.207386363636364e-01,1.704545454545454e-01,3.374301157508933e-07,3.744347756314840e-07
1.207386363636364e-01,1.931818181818182e-01,3.073204114549283e-07,3.348422486268413e-07
1.207386363636364e-01,2.159090909090909e-01,2.538806631148748e-07,2.721981897964043e-07
1.207386363636364e-01,2.386363636363636e-01,2.004409147748214e-07,2.095541309659673e-07
1.207386363636364e-01,2.613636363636364e-01,1.459894772261608e-07,1.466819381819505e-07
1.207386363636364e-01,2.840909090909091e-01,8.014919915760618e-08,7.280697317646088e-08
1.207386363636364e-01,3.068181818181818e-01,1.430892108905171e-08,-1.067991829028539e-09
1.207386363636364e-01,3.295454545454545e-01,-4.594581473890210e-08,-6.826268630240721e-08
1.207386363636364e-01,3.522727272727273e-01,-1.133730145303129e-07,-1.423354944227354e-07
1.207386363636364e-01,3.750000000000000e-01,-1.736403819873488e-07,-2.092889689167221e-07
1.207386363636364e-01,3.977272727272727e-01,-2.349251942351372e-07,-2.757136176539348e-07
1.207386363636364e-01,4.204545454545455e-01,-2.962100064829256e-07,-3.421382663911476e-07
1.207386363636364e-01,4.431818181818182e-01,-3.479815367213201e-07,-3.987640152620720e-07
1.207386363636364e-01,4.659090909090909e-01,-3.978893925707664e-07,-4.522882470495406e-07
1.207386363636364e-01,4.886363636363636e-01,-4.477972484202127e-07,-5.058124788370092e-07
1.207386363636364e-01,5.113636363636364e-01,-4.849983360079114e-07,-5.459852940944606e-07
1.207386363636364e-01,5.340909090909091e-01,-5.206021329247042e-07,-5.836847738754873e-07
1.207386363636364e-01,5.568181818181818e-01,-5.562059298414970e-07,-6.213842536565140e-07
1.207386363636364e-01,5.795454545454546e-01,-5.761732371219129e-07,-6.423698742960137e-07
1.207386363636364e-01,6.022727272727273e-01,-5.963474806784043e-07,-6.630557590969521e-07
1.207386363636364e-01,6.250000000000000e-01,-6.140982431500477e-07,-6.814163541420970e-07
1.207386363636364e-01,6.477272727272727e-01,-6.184305486345941e-07,-6.845601293679764e-07
1.207386363636364e-01,6.704545454545454e-01,-6.227628541191404e-07,-6.877039045938559e-07
1.207386363636364e-01,6.931818181818182e-01,-6.221932569056658e-07,-6.855984837735626e-07
1.207386363636364e-01,7.159090909090909e-01,-6.099260373886551e-07,-6.703792661758366e-07
1.207386363636364e-01,7.386363636363636e-01,-5.976588178716446e-07,-6.551600485781106e-07
1.207386363636364e-01,7.613636363636364e-01,-5.774951798366214e-07,-6.313028399625133e-07
1.207386363636364e-01,7.840909090909091e-01,-5.474774867264344e-07,-5.966564408621048e-07
1.207386363636364e-01,8.068181818181818e-01,-5.174597936162476e-07,-5.620100417616965e-07
1.207386363636364e-01,8.295454545454546e-01,-4.765978687998857e-07,-5.155610719430357e-07
1.207386363636364e-01,8.522727272727273e-01,-4.283173037292428e-07,-4.612468550767845e-07
1.207386363636364e-01,8.750000000000000e-01,-3.848969236956849e-07,-4.118730186348397e-07
1.207386363636364e-01,8.977272727272727e-01,-3.195437219872693e-07,-3.397883908340822e-07
1.207386363636364e-01,9.204545454545454e-01,-2.541905202788537e-07,-2.677037630333247e-07
1.207386363636364e-01,9.431818181818182e-01,-1.919693065225590e-07,-1.997182573888625e-07
1.207386363636364e-01,9.659090909090909e-01,-1.116659956754987e-07,-1.164691447607418e-07
1.207386363636364e-01,9.886363636363636e-01,-3.136268482843835e-08,-3.322003213262107e-08
1.349431818181818e-01,1.136363636363636e-02,7.889672240362889e-08,1.018888542651150e-07
1.349431818181818e-01,3.409090909090909e-02,1.889043904235289e-07,2.458337900162388e-07
1.349431818181818e-01,5.681818181818182e-02,2.989120584434290e-07,3.897787257673626e-07
1.349431818181818e-01,7.954545454545454e-02,3.692867929725503e-07,4.559009075506308e-07
1.349431818181818e-01,1.022727272727273e-01,4.057184161274029e-07,4.793446656834535e-07
1.349431818181818e-01,1.250000000000000e-01,4.421500392822556e-07,5.027884238162759e-07
1.349431818181818e-01,1.477272727272727e-01,4.187734702766348e-07,4.666648484624808e-07
1.349431818181818e-01,1.704545454545454e-01,3.941224291034656e-07,4.318324328737905e-07
1.349431818181818e-01,1.931818181818182e-01,3.566304730583333e-07,3.836030050326069e-07
1.349431818181818e-01,2.159090909090909e-01,2.989579211580984e-07,3.161258701206275e-07
1.349431818181818e-01,2.386363636363636e-01,2.455181728180450e-07,2.534818112901905e-07
1.349431818181818e-01,2.613636363636364e-01,1.701228184507632e-07,1.685976685921224e-07
1.349431818181818e-01,2.840909090909091e-01,1.042825403822086e-07,9.472270358663276e-08
1.349431818181818e-01,3.068181818181818e-01,3.844226231365412e-08,2.084773858114332e-08
1.349431818181818e-01,3.295454545454545e-01,-4.673513603434151e-08,-7.180573981051564e-08
1.349431818181818e-01,3.522727272727273e-01,-1.141623358257524e-07,-1.458785479308438e-07
1.349431818181818e-01,3.750000000000000e-01,-1.815895356171631e-07,-2.199513560511719e-07
1.349431818181818e-01,3.977272727272727e-01,-2.608100043869766e-07,-3.044834898961823e-07
1.349431818181818e-01,4.204545454545455e-01,-3.220948166347651e-07,-3.709081386333952e-07
1.349431818181818e-01,4.431818181818182e-01,-3.895108067704264e-07,-4.430451928928395e-07
1.349431818181818e-01,4.659090909090909e-01,-4.461502253604667e-07,-5.032725570000589e-07
1.349431818181818e-01,4.886363636363636e-01,-4.960580812099131e-07,-5.567967887875275e-07
1.349431818181818e-01,5.113636363636364e-01,-5.508609677007465e-07,-6.142380994972619e-07
1.349431818181818e-01,5.340909090909091e-01,-5.864647646175394e-07,-6.519375792782886e-07
1.349431818181818e-01,5.568181818181818e-01,-6.220685615343322e-07,-6.896370590593153e-07
1.349431818181818e-01,5.795454545454546e-01,-6.537639620561141e-07,-7.219368132536189e-07
1.349431818181818e-01,6.022727272727273e-01,-6.739382056126056e-07,-7.426226980545572e-07
1.349431818181818e-01,6.250000000000000e-01,-6.941124491690971e-07,-7.633085828554955e-07
1.349431818181818e-01,6.477272727272727e-01,-7.016434116140064e-07,-7.692585397329618e-07
1.349431818181818e-01,6.704545454545454e-01,-7.059757170985527e-07,-7.724023149588412e-07
1.349431818181818e-01,6.931818181818182e-01,-7.054758853441273e-07,-7.699711202311520e-07
1.349431818181818e-01,7.159090909090909e-01,-6.926969738356797e-07,-7.540137363226756e-07
1.349431818181818e-01,7.386363636363636e-01,-6.804297543186692e-07,-7.387945187249495e-07
1.349431818181818e-01,7.613636363636364e-01,-6.534038202641043e-07,-7.072795634727287e-07
1.349431818181818e-01,7.840909090909091e-01,-6.233861271539173e-07,-6.726331643723204e-07
1.349431818181818e-01,8.068181818181818e-01,-5.933684340437304e-07,-6.379867652719120e-07
1.349431818181818e-01,8.295454545454546e-01,-5.384313726265211e-07,-5.765150387610716e-07
1.349431818181818e-01,8.522727272727273e-01,-4.901508075558782e-07,-5.222008218948204e-07
1.349431818181818e-01,8.750000000000000e-01,-4.418702424852353e-07,-4.678866050285693e-07
1.349431818181818e-01,8.977272727272727e-01,-3.593921717831535e-07,-3.777952083677931e-07
1.349431818181818e-01,9.204545454545454e-01,-2.940389700747378e-07,-3.057105805670357e-07
1.349431818181818e-01,9.431818181818182e-01,-2.111254045309139e-07,-2.178565172800541e-07
1.349431818181818e-01,9.659090909090909e-01,-1.204549662707937e-07,-1.248736689423965e-07
1.349431818181818e-01,9.886363636363636e-01,-4.015165542373341e-08,-4.162455631427576e-08
1.491477272727273e-01,1.136363636363636e-02,8.230999217413453e-08,1.061626237493051e-07
1.491477272727273e-01,3.409090909090909e-02,2.230370881283215e-07,2.885714848577115e-07
1.491477272727273e-01,5.681818181818182e-02,3.330447561482215e-07,4.325164206088354e-07
1.491477272727273e-01,7.954545454545454e-02,4.145259907902048e-07,5.076051232820110e-07
1.491477272727273e-01,1.022727272727273e-01,4.620641140579194e-07,5.400154023047409e-07
1.491477272727273e-01,1.250000000000000e-01,4.984957372127721e-07,5.634591604375634e-07
1.491477272727273e-01,1.477272727272727e-01,4.767577752797137e-07,5.256755225286336e-07
1.491477272727273e-01,1.704545454545454e-01,4.522888015590514e-07,4.906586555449283e-07
1.491477272727273e-01,1.931818181818182e-01,4.147968455139191e-07,4.424292277037447e-07
1.491477272727273e-01,2.159090909090909e-01,3.430149484130795e-07,3.588418391866238e-07
1.491477272727273e-01,2.386363636363636e-01,2.895752000730261e-07,2.961977803561868e-07
1.491477272727273e-01,2.613636363636364e-01,2.119290826824618e-07,2.089386904038180e-07
1.491477272727273e-01,2.840909090909091e-01,1.258319374043642e-07,1.136892001096221e-07
1.491477272727273e-01,3.068181818181818e-01,5.999165933580975e-08,3.981423510413269e-08
1.491477272727273e-01,3.295454545454545e-01,-3.814783114597083e-08,-6.614647975184093e-08
1.491477272727273e-01,3.522727272727273e-01,-1.185371230711667e-07,-1.535265243364839e-07
1.491477272727273e-01,3.750000000000000e-01,-1.859643228625774e-07,-2.275993324568119e-07
1.491477272727273e-01,3.977272727272727e-01,-2.882449214464232e-07,-3.354125185832765e-07
1.491477272727273e-01,4.204545454545455e-01,-3.520919703402153e-07,-4.044239509073176e-07
1.491477272727273e-01,4.431818181818182e-01,-4.195079604758767e-07,-4.765610051667620e-07
1.491477272727273e-01,4.659090909090909e-01,-4.985859215345633e-07,-5.591321436731504e-07
1.491477272727273e-01,4.886363636363636e-01,-5.484937773840097e-07,-6.126563754606191e-07
1.491477272727273e-01,5.113636363636364e-01,-6.050176724616595e-07,-6.717876083025660e-07
1.491477272727273e-01,5.340909090909091e-01,-6.561105466597991e-07,-7.246963872735044e-07
1.491477272727273e-01,5.568181818181818e-01,-6.917143435765919e-07,-7.623958670545311e-07
1.491477272727273e-01,5.795454545454546e-01,-7.288838645449556e-07,-7.999531002833654e-07
1.491477272727273e-01,6.022727272727273e-01,-7.545322285480292e-07,-8.258964641188346e-07
1.491477272727273e-01,6.250000000000000e-01,-7.747064721045206e-07,-8.465823489197727e-07
1.491477272727273e-01,6.477272727272727e-01,-7.863499934984678e-07,-8.561402536349934e-07
1.491477272727273e-01,6.704545454545454e-01,-7.911392499773517e-07,-8.596849119539568e-07
1.491477272727273e-01,6.931818181818182e-01,-7.906394182229262e-07,-8.572537172262677e-07
1.491477272727273e-01,7.159090909090909e-01,-7.761548667430223e-07,-8.388357789486228e-07
1.491477272727273e-01,7.386363636363636e-01,-7.638876472260117e-07,-8.236165613508969e-07
1.491477272727273e-01,7.613636363636364e-01,-7.360212163513089e-07,-7.911612993982255e-07
1.491477272727273e-01,7.840909090909091e-01,-6.984390518598798e-07,-7.480521399937627e-07
1.491477272727273e-01,8.068181818181818e-01,-6.684213587496930e-07,-7.134057408933542e-07
1.491477272727273e-01,8.295454545454546e-01,-6.054684299491409e-07,-6.433093971781926e-07
1.491477272727273e-01,8.522727272727273e-01,-5.491719974951551e-07,-5.803705631076202e-07
1.491477272727273e-01,8.750000000000000e-01,-5.008914324245120e-07,-5.260563462413690e-07
1.491477272727273e-01,8.977272727272727e-01,-3.963956730162880e-07,-4.128133896177120e-07
1.491477272727273e-01,9.204545454545454e-01,-3.285960614516344e-07,-3.381563662655232e-07
1.491477272727273e-01,9.431818181818182e-01,-2.456824959078104e-07,-2.503023029785417e-07
1.491477272727273e-01,9.659090909090909e-01,-1.204549662708236e-07,-1.248736689424273e-07
1.491477272727273e-01,9.886363636363636e-01,-4.015165542376330e-08,-4.162455631430660e-08
1.633522727272727e-01,1.136363636363636e-02,8.230999217416383e-08,1.061626237493526e-07
1.633522727272727e-01,3.409090909090909e-02,2.469299765216851e-07,3.184878712467567e-07
1.633522727272727e-01,5.681818181818182e-02,3.671774538530141e-07,4.752541154503083e-07
1.633522727272727e-01,7.954545454545454e-02,4.486586884949974e-07,5.503428181234838e-07
1.633522727272727e-01,1.022727272727273e-01,5.184098119884361e-07,6.006861389260284e-07
1.633522727272727e-01,1.250000000000000e-01,5.548414351432887e-07,6.241298970588510e-07
1.633522727272727e-01,1.477272727272727e-01,5.331034732102303e-07,5.863462591499211e-07
1.633522727272727e-01,1.704545454545454e-01,5.104551740146373e-07,5.494848782160663e-07
1.633522727272727e-01,1.931818181818182e-01,4.729632179695051e-07,5.012554503748826e-07
1.633522727272727e-01,2.159090909090909e-01,3.969485173084841e-07,4.128349857762193e-07
1.633522727272727e-01,2.386363636363636e-01,3.336322273280073e-07,3.389137494221832e-07
1.633522727272727e-01,2.613636363636364e-01,2.559861099374430e-07,2.516546594698145e-07
1.633522727272727e-01,2.840909090909091e-01,1.541336234963675e-07,1.397805383955136e-07
1.633522727272727e-01,3.068181818181818e-01,8.154105635796542e-08,5.878073162712209e-08
1.633522727272727e-01,3.295454545454545e-01,-1.659843412381516e-08,-4.717998322885153e-08
1.633522727272727e-01,3.522727272727273e-01,-1.229119103165810e-07,-1.611745007421238e-07
1.633522727272727e-01,3.750000000000000e-01,-1.903391101079917e-07,-2.352473088624519e-07
1.633522727272727e-01,3.977272727272727e-01,-2.926197086918375e-07,-3.430604949889165e-07
1.633522727272727e-01,4.204545454545455e-01,-3.820891240456656e-07,-4.379397631812402e-07
1.633522727272727e-01,4.431818181818182e-01,-4.495051141813269e-07,-5.100768174406845e-07
1.633522727272727e-01,4.659090909090909e-01,-5.353146379806075e-07,-5.993510882668237e-07
1.633522727272727e-01,4.886363636363636e-01,-6.009294735581064e-07,-6.685159621337108e-07
1.633522727272727e-01,5.113636363636364e-01,-6.574533686357563e-07,-7.276471949756578e-07
1.633522727272727e-01,5.340909090909091e-01,-7.205933029416098e-07,-7.923854288720832e-07
1.633522727272727e-01,5.568181818181818e-01,-7.613601256188515e-07,-8.351546750497472e-07
1.633522727272727e-01,5.795454545454546e-01,-7.985296465872154e-07,-8.727119082785814e-07
1.633522727272727e-01,6.022727272727273e-01,-8.351262514834528e-07,-9.091702301831119e-07
1.633522727272727e-01,6.250000000000000e-01,-8.553004950399445e-07,-9.298561149840503e-07
1.633522727272727e-01,6.477272727272727e-01,-8.669440164338915e-07,-9.394140196992710e-07
1.633522727272727e-01,6.704545454545454e-01,-8.763027828561510e-07,-9.469675089490725e-07
1.633522727272727e-01,6.931818181818182e-01,-8.758029511017255e-07,-9.445363142213833e-07
1.633522727272727e-01,7.159090909090909e-01,-8.608067076303845e-07,-9.253802096329881e-07
1.633522727272727e-01,7.386363636363636e-01,-8.473455401333544e-07,-9.084386039768444e-07
1.633522727272727e-01,7.613636363636364e-01,-8.194791092586515e-07,-8.759833420241730e-07
1.633522727272727e-01,7.840909090909091e-01,-7.760134670262566e-07,-8.262920357165566e-07
1.633522727272727e-01,8.068181818181818e-01,-7.434742834556555e-07,-7.888247165147966e-07
1.633522727272727e-01,8.295454545454546e-01,-6.805213546551036e-07,-7.187283727996350e-07
1.633522727272727e-01,8.522727272727273e-01,-6.081931874344321e-07,-6.385403043204202e-07
1.633522727272727e-01,8.750000000000000e-01,-5.599126223637891e-07,-5.842260874541690e-07
1.633522727272727e-01,8.977272727272727e-01,-4.554168629555649e-07,-4.709831308305119e-07
1.633522727272727e-01,9.204545454545454e-01,-3.631531528285310e-07,-3.706021519640109e-07
1.633522727272727e-01,9.431818181818182e-01,-2.802395872847071e-07,-2.827480886770294e-07
1.633522727272727e-01,9.659090909090909e-01,-1.446449302346601e-07,-1.475857189313779e-07
1.633522727272727e-01,9.886363636363636e-01,-4.015165542379318e-08,-4.162455631433746e-08
1.775568181818182e-01,1.136363636363636e-02,8.230999217419313e-08,1.061626237494002e-07
1.775568181818182e-01,3.409090909090909e-02,2.469299765217144e-07,3.184878712468043e-07
1.775568181818182e-01,5.681818181818182e-02,4.013101515578067e-07,5.179918102917809e-07
1.775568181818182e-01,7.954545454545454e-02,4.827913861997900e-07,5.930805129649566e-07
1.775568181818182e-01,1.022727272727273e-01,5.547638097158009e-07,6.452171379454827e-07
1.775568181818182e-01,1.250000000000000e-01,6.111871330738051e-07,6.848006336801385e-07
1.775568181818182e-01,1.477272727272727e-01,5.894491711407468e-07,6.470169957712086e-07
1.775568181818182e-01,1.704545454545454e-01,5.677112092076884e-07,6.092333578622789e-07
1.775568181818182e-01,1.931818181818182e-01,5.311295904250910e-07,5.600816730460204e-07
1.775568181818182e-01,2.159090909090909e-01,4.551148897640699e-07,4.716612084473570e-07
1.775568181818182e-01,2.386363636363636e-01,3.791001891030489e-07,3.832407438486937e-07
1.775568181818182e-01,2.613636363636364e-01,3.000431371924241e-07,2.943706285358108e-07
1.775568181818182e-01,2.840909090909091e-01,1.981906507513486e-07,1.824965074615100e-07
1.775568181818182e-01,3.068181818181818e-01,1.030904533801211e-07,7.774722815011146e-08
1.775568181818182e-01,3.295454545454545e-01,4.950962898340483e-09,-2.821348670586216e-08
1.775568181818182e-01,3.522727272727273e-01,-1.039549317211824e-07,-1.448694515119974e-07
1.775568181818182e-01,3.750000000000000e-01,-1.947138973534061e-07,-2.428952852680919e-07
1.775568181818182e-01,3.977272727272727e-01,-2.969944959372518e-07,-3.507084713945565e-07
1.775568181818182e-01,4.204545454545455e-01,-3.992750945210978e-07,-4.585216575210214e-07
1.775568181818182e-01,4.431818181818182e-01,-4.795022678867771e-07,-5.435926297146070e-07
1.775568181818182e-01,4.659090909090909e-01,-5.653117916860577e-07,-6.328669005407462e-07
1.775568181818182e-01,4.886363636363636e-01,-6.511213154853385e-07,-7.221411713668856e-07
1.775568181818182e-01,5.113636363636364e-01,-7.098890648098530e-07,-7.835067816487494e-07
1.775568181818182e-01,5.340909090909091e-01,-7.730289991157065e-07,-8.482450155451749e-07
1.775568181818182e-01,5.568181818181818e-01,-8.310059076611110e-07,-9.079134830449630e-07
1.775568181818182e-01,5.795454545454546e-01,-8.681754286294749e-07,-9.454707162737974e-07
1.775568181818182e-01,6.022727272727273e-01,-9.058668576150290e-07,-9.829805339852342e-07
1.775568181818182e-01,6.250000000000000e-01,-9.358945179753680e-07,-1.013129881048328e-06
1.775568181818182e-01,6.477272727272727e-01,-9.475380393693151e-07,-1.022687785763548e-06
1.775568181818182e-01,6.704545454545454e-01,-9.591815607632623e-07,-1.032245690478769e-06
1.775568181818182e-01,6.931818181818182e-01,-9.609664839805243e-07,-1.031818911216499e-06
1.775568181818182e-01,7.159090909090909e-01,-9.459702405091835e-07,-1.012662806628104e-06
1.775568181818182e-01,7.386363636363636e-01,-9.309739970378425e-07,-9.935067020397085e-07
1.775568181818182e-01,7.613636363636364e-01,-9.029370021659941e-07,-9.608053846501205e-07
1.775568181818182e-01,7.840909090909091e-01,-8.594713599335990e-07,-9.111140783425038e-07
1.775568181818182e-01,8.068181818181818e-01,-8.185272081616180e-07,-8.642436921362388e-07
1.775568181818182e-01,8.295454545454546e-01,-7.555742793610660e-07,-7.941473484210772e-07
1.775568181818182e-01,8.522727272727273e-01,-6.816429386637260e-07,-7.122343565009982e-07
1.775568181818182e-01,8.750000000000000e-01,-6.189338123030659e-07,-6.423958286669689e-07
1.775568181818182e-01,8.977272727272727e-01,-5.144380528948419e-07,-5.291528720433117e-07
1.775568181818182e-01,9.204545454545454e-01,-4.099422934866177e-07,-4.159099154196547e-07
1.775568181818182e-01,9.431818181818182e-01,-3.147966786616036e-07,-3.151938743755169e-07
1.775568181818182e-01,9.659090909090909e-01,-1.792020216115566e-07,-1.800315046298654e-07
1.775568181818182e-01,9.886363636363636e-01,-4.360736456150969e-08,-4.486913488421394e-08
1.917613636363636e-01,1.136363636363636e-02,9.331345713200979e-08,1.197980130664157e-07
1.917613636363636e-01,3.409090909090909e-02,2.579334414795311e-07,3.321232605638198e-07
1.917613636363636e-01,5.681818181818182e-02,4.225534258270524e-07,5.444485080612239e-07
1.917613636363636e-01,7.954545454545454e-02,5.249903601805241e-07,6.428006658900805e-07
1.917613636363636e-01,1.022727272727273e-01,5.969627836965352e-07,6.949372908706066e-07
1.917613636363636e-01,1.250000000000000e-01,6.689352072125462e-07,7.470739158511327e-07
1.917613636363636e-01,1.477272727272727e-01,6.489085787540770e-07,7.098966386964805e-07
1.917613636363636e-01,1.704545454545454e-01,6.271706168210187e-07,6.721130007875507e-07
1.917613636363636e-01,1.931818181818182e-01,5.886787997532785e-07,6.176938418322508e-07
1.917613636363636e-01,2.159090909090909e-01,5.126640990922575e-07,5.292733772335874e-07
1.917613636363636e-01,2.386363636363636e-01,4.366493984312366e-07,4.408529126349240e-07
1.917613636363636e-01,2.613636363636364e-01,3.411808555782344e-07,3.336999498179991e-07
1.917613636363636e-01,2.840909090909091e-01,2.393283691371589e-07,2.218258287436982e-07
1.917613636363636e-01,3.068181818181818e-01,1.374758826960837e-07,1.099517076693976e-07
1.917613636363636e-01,3.295454545454545e-01,2.210346565047515e-08,-1.399656437338644e-08
1.917613636363636e-01,3.522727272727273e-01,-8.680242896904775e-08,-1.306525291795217e-07
1.917613636363636e-01,3.750000000000000e-01,-1.957083235885704e-07,-2.473084939856567e-07
1.917613636363636e-01,3.977272727272727e-01,-3.065989792361423e-07,-3.638168690263504e-07
1.917613636363636e-01,4.204545454545455e-01,-4.088795778199883e-07,-4.716300551528153e-07
1.917613636363636e-01,4.431818181818182e-01,-5.149451174301801e-07,-5.826527380773829e-07
1.917613636363636e-01,4.659090909090909e-01,-6.007546412294607e-07,-6.719270089035220e-07
1.917613636363636e-01,4.886363636363636e-01,-6.865641650287414e-07,-7.612012797296616e-07
1.917613636363636e-01,5.113636363636364e-01,-7.673533124567217e-07,-8.443651426216885e-07
1.917613636363636e-01,5.340909090909091e-01,-8.304932467625752e-07,-9.091033765181138e-07
1.917613636363636e-01,5.568181818181818e-01,-8.936331810684287e-07,-9.738416104145390e-07
1.917613636363636e-01,5.795454545454546e-01,-9.418381517412952e-07,-1.022110855197647e-06
1.917613636363636e-01,6.022727272727273e-01,-9.795295807268490e-07,-1.059620672909084e-06
1.917613636363636e-01,6.250000000000000e-01,-1.017221009712403e-06,-1.097130490620521e-06
1.917613636363636e-01,6.477272727272727e-01,-1.030714503449627e-06,-1.108324777002771e-06
1.917613636363636e-01,6.704545454545454e-01,-1.042358024843574e-06,-1.117882681717992e-06
1.917613636363636e-01,6.931818181818182e-01,-1.047065844759605e-06,-1.119728687893820e-06
1.917613636363636e-01,7.159090909090909e-01,-1.032069601288264e-06,-1.100572583305425e-06
1.917613636363636e-01,7.386363636363636e-01,-1.017073357816923e-06,-1.081416478717030e-06
1.917613636363636e-01,7.613636363636364e-01,-9.854773493225178e-07,-1.044292725975147e-06
1.917613636363636e-01,7.840909090909091e-01,-9.420117070901227e-07,-9.946014196675307e-07
1.917613636363636e-01,8.068181818181818e-01,-8.985460648577276e-07,-9.449101133599142e-07
1.917613636363636e-01,8.295454545454546e-01,-8.274321330106067e-07,-8.658270216422605e-07
1.917613636363636e-01,8.522727272727273e-01,-7.535007923132666e-07,-7.839140297221815e-07
1.917613636363636e-01,8.750000000000000e-01,-6.795694516159266e-07,-7.020010378021025e-07
1.917613636363636e-01,8.977272727272727e-01,-5.673354459841746e-07,-5.805671130694707e-07
1.917613636363636e-01,9.204545454545454e-01,-4.628396865759505e-07,-4.673241564458136e-07
1.917613636363636e-01,9.431818181818182e-01,-3.389866426254414e-07,-3.379059243644686e-07
1.917613636363636e-01,9.659090909090909e-01,-2.033919855753945e-07,-2.027435546188171e-07
1.917613636363636e-01,9.886363636363636e-01,-6.779732852534752e-08,-6.758118487316563e-08
2.059659090909091e-01,1.136363636363636e-02,1.116525653950192e-07,1.425236619280780e-07
2.059659090909091e-01,3.409090909090909e-02,2.946116580055181e-07,3.775745582870935e-07
2.059659090909091e-01,5.681818181818182e-02,4.592316423530395e-07,5.898998057844977e-07
2.059659090909091e-01,7.954545454545454e-02,5.835764385952605e-07,7.067570952706866e-07
2.059659090909091e-01,1.022727272727273e-01,6.579830689877993e-07,7.609498459909164e-07
2.059659090909091e-01,1.250000000000000e-01,7.299554925038102e-07,8.130864709714425e-07
2.059659090909091e-01,1.477272727272727e-01,7.156333089606391e-07,7.779303963310489e-07
2.059659090909091e-01,1.704545454545454e-01,6.938953470275808e-07,7.401467584221191e-07
2.059659090909091e-01,1.931818181818182e-01,6.543419731422769e-07,6.844021613421735e-07
2.059659090909091e-01,2.159090909090909e-01,5.687732611231827e-07,5.840527536216997e-07
2.059659090909091e-01,2.386363636363636e-01,4.927585604621616e-07,4.956322890230364e-07
2.059659090909091e-01,2.613636363636364e-01,3.863984354392360e-07,3.768032095720398e-07
2.059659090909091e-01,2.840909090909091e-01,2.736543668282371e-07,2.532529718636673e-07
2.059659090909091e-01,3.068181818181818e-01,1.718018803871619e-07,1.413788507893667e-07
2.059659090909091e-01,3.295454545454545e-01,3.173983992946006e-08,-8.032725762240110e-09
2.059659090909091e-01,3.522727272727273e-01,-7.990934618029543e-08,-1.275179466249113e-07
2.059659090909091e-01,3.750000000000000e-01,-1.888152407998181e-07,-2.441739114310463e-07
2.059659090909091e-01,3.977272727272727e-01,-3.284060866598105e-07,-3.896662495191698e-07
2.059659090909091e-01,4.204545454545455e-01,-4.306866852436565e-07,-4.974794356456348e-07
2.059659090909091e-01,4.431818181818182e-01,-5.393864614280107e-07,-6.111168604445970e-07
2.059659090909091e-01,4.659090909090909e-01,-6.489041143947531e-07,-7.239238081402890e-07
2.059659090909091e-01,4.886363636363636e-01,-7.347136381940338e-07,-8.131980789664284e-07
2.059659090909091e-01,5.113636363636364e-01,-8.260268162477028e-07,-9.066246260763631e-07
2.059659090909091e-01,5.340909090909091e-01,-8.996907811792451e-07,-9.816255441906963e-07
2.059659090909091e-01,5.568181818181818e-01,-9.628307154850988e-07,-1.046363778087122e-06
2.059659090909091e-01,5.795454545454546e-01,-1.023489932229677e-06,-1.106489991946501e-06
2.059659090909091e-01,6.022727272727273e-01,-1.062565166334310e-06,-1.145317250666412e-06
2.059659090909091e-01,6.250000000000000e-01,-1.100256595319864e-06,-1.182827068377849e-06
2.059659090909091e-01,6.477272727272727e-01,-1.119916663534676e-06,-1.199475960316866e-06
2.059659090909091e-01,6.704545454545454e-01,-1.131560184928623e-06,-1.209033865032087e-06
2.059659090909091e-01,6.931818181818182e-01,-1.136176084757457e-06,-1.210702072470086e-06
2.059659090909091e-01,7.159090909090909e-01,-1.120352560501335e-06,-1.189945779241226e-06
2.059659090909091e-01,7.386363636363636e-01,-1.105356317029994e-06,-1.170789674652831e-06
2.059659090909091e-01,7.613636363636364e-01,-1.069818532464692e-06,-1.129165843087820e-06
2.059659090909091e-01,7.840909090909091e-01,-1.022411114161401e-06,-1.074974457957076e-06
2.059659090909091e-01,8.068181818181818e-01,-9.789454719290062e-07,-1.025283151649459e-06
2.059659090909091e-01,8.295454545454546e-01,-8.934344927838349e-07,-9.305234963297359e-07
2.059659090909091e-01,8.522727272727273e-01,-8.179034801644893e-07,-8.468686640094270e-07
2.059659090909091e-01,8.750000000000000e-01,-7.439721394671492e-07,-7.649556720893480e-07
2.059659090909091e-01,8.977272727272727e-01,-6.059439797569712e-07,-6.162185203268005e-07
2.059659090909091e-01,9.204545454545454e-01,-5.014482203487472e-07,-5.029755637031434e-07
2.059659090909091e-01,9.431818181818182e-01,-3.737343230209616e-07,-3.699921908960688e-07
2.059659090909091e-01,9.659090909090909e-01,-2.033919855754285e-07,-2.027435546188516e-07
2.059659090909091e-01,9.886363636363636e-01,-6.779732852538162e-08,-6.758118487320008e-08
2.201704545454546e-01,1.136363636363636e-02,1.116525653950510e-07,1.425236619281290e-07
2.201704545454546e-01,3.409090909090909e-02,3.312898745315053e-07,4.230258560103673e-07
2.201704545454546e-01,5.681818181818182e-02,4.959098588790266e-07,6.353511035077715e-07
2.201704545454546e-01,7.954545454545454e-02,6.202546551212477e-07,7.522083929939605e-07
2.201704545454546e-01,1.022727272727273e-01,7.190033542790636e-07,8.269624011112264e-07
2.201704545454546e-01,1.250000000000000e-01,7.909757777950746e-07,8.790990260917526e-07
2.201704545454546e-01,1.477272727272727e-01,7.783649277264928e-07,8.445493122056364e-07
2.201704545454546e-01,1.704545454545454e-01,7.606200772341429e-07,8.081805160566876e-07
2.201704545454546e-01,1.931818181818182e-01,7.210667033488391e-07,7.524359189767420e-07
2.201704545454546e-01,2.159090909090909e-01,6.280670936067989e-07,6.428084443837491e-07
2.201704545454546e-01,2.386363636363636e-01,5.488677224930867e-07,5.504116654111489e-07
2.201704545454546e-01,2.613636363636364e-01,4.425075974701611e-07,4.315825859601522e-07
2.201704545454546e-01,2.840909090909091e-01,3.079803645193153e-07,2.846801149836365e-07
2.201704545454546e-01,3.068181818181818e-01,2.061278780782401e-07,1.728059939093359e-07
2.201704545454546e-01,3.295454545454545e-01,6.606583762053832e-08,2.339441735772905e-08
2.201704545454546e-01,3.522727272727273e-01,-7.301626339154310e-08,-1.243833640703009e-07
2.201704545454546e-01,3.750000000000000e-01,-1.819221580110657e-07,-2.410393288764358e-07
2.201704545454546e-01,3.977272727272727e-01,-3.301230609347843e-07,-3.952268558787884e-07
2.201704545454546e-01,4.204545454545455e-01,-4.524937926673247e-07,-5.233288161384543e-07
2.201704545454546e-01,4.431818181818182e-01,-5.611935688516789e-07,-6.369662409374166e-07
2.201704545454546e-01,4.659090909090909e-01,-6.891508778375583e-07,-7.680763817538717e-07
2.201704545454546e-01,4.886363636363636e-01,-7.828631113593264e-07,-8.651948782031954e-07
2.201704545454546e-01,5.113636363636364e-01,-8.741762894129954e-07,-9.586214253131302e-07
2.201704545454546e-01,5.340909090909091e-01,-9.688883155959152e-07,-1.054147711863279e-06
2.201704545454546e-01,5.568181818181818e-01,-1.032028249901769e-06,-1.118885945759704e-06
2.201704545454546e-01,5.795454545454546e-01,-1.092687466646347e-06,-1.179012159619084e-06
2.201704545454546e-01,6.022727272727273e-01,-1.145600751941772e-06,-1.231013828423741e-06
2.201704545454546e-01,6.250000000000000e-01,-1.183292180927325e-06,-1.268523646135178e-06
2.201704545454546e-01,6.477272727272727e-01,-1.204802221485414e-06,-1.286808919741225e-06
2.201704545454546e-01,6.704545454545454e-01,-1.220762345013673e-06,-1.300185048346181e-06
2.201704545454546e-01,6.931818181818182e-01,-1.225378244842507e-06,-1.301853255784181e-06
2.201704545454546e-01,7.159090909090909e-01,-1.208911279976000e-06,-1.279852371390516e-06
2.201704545454546e-01,7.386363636363636e-01,-1.193639276243065e-06,-1.260162870588632e-06
2.201704545454546e-01,7.613636363636364e-01,-1.158101491677764e-06,-1.218539039023622e-06
2.201704545454546e-01,7.840909090909091e-01,-1.102810521232680e-06,-1.155347496246621e-06
2.201704545454546e-01,8.068181818181818e-01,-1.059344879000285e-06,-1.105656189939005e-06
2.201704545454546e-01,8.295454545454546e-01,-9.738338998551138e-07,-1.010896534619281e-06
2.201704545454546e-01,8.522727272727273e-01,-8.823061680157121e-07,-9.098232982966726e-07
2.201704545454546e-01,8.750000000000000e-01,-8.083748273183720e-07,-8.279103063765936e-07
2.201704545454546e-01,8.977272727272727e-01,-6.626084213846661e-07,-6.709821865050714e-07
2.201704545454546e-01,9.204545454545454e-01,-5.400567541215438e-07,-5.386269709604733e-07
2.201704545454546e-01,9.431818181818182e-01,-4.123428567937583e-07,-4.056435981533987e-07
2.201704545454546e-01,9.659090909090909e-01,-2.149745457072913e-07,-2.134389767960746e-07
2.201704545454546e-01,9.886363636363636e-01,-6.779732852541571e-08,-6.758118487323454e-08
2.343750000000000e-01,1.136363636363636e-02,1.116525653950828e-07,1.425236619281801e-07
2.343750000000000e-01,3.409090909090909e-02,3.349576961841326e-07,4.275709857827405e-07
2.343750000000000e-01,5.681818181818182e-02,5.325880754050137e-07,6.808024012310451e-07
2.343750000000000e-01,7.954545454545454e-02,6.569328716472348e-07,7.976596907172341e-07
2.343750000000000e-01,1.022727272727273e-01,7.678526051876893e-07,8.826943275330182e-07
2.343750000000000e-01,1.250000000000000e-01,8.519960630863389e-07,9.451115812120624e-07
2.343750000000000e-01,1.477272727272727e-01,8.393852130177570e-07,9.105618673259462e-07
2.343750000000000e-01,1.704545454545454e-01,8.267743629491752e-07,8.760121534398300e-07
2.343750000000000e-01,1.931818181818182e-01,7.877914335554010e-07,8.204696766113103e-07
2.343750000000000e-01,2.159090909090909e-01,6.947918238133608e-07,7.108422020183173e-07
2.343750000000000e-01,2.386363636363636e-01,6.049768845240118e-07,6.051910417992613e-07
2.343750000000000e-01,2.613636363636364e-01,4.986167595010862e-07,4.863619623482647e-07
2.343750000000000e-01,2.840909090909091e-01,3.619112101162557e-07,3.371242680449345e-07
2.343750000000000e-01,3.068181818181818e-01,2.404538757693183e-07,2.042331370293050e-07
2.343750000000000e-01,3.295454545454545e-01,1.003918353116165e-07,5.482156047769813e-08
2.343750000000000e-01,3.522727272727273e-01,-5.240672315162788e-08,-1.071025012330111e-07
2.343750000000000e-01,3.750000000000000e-01,-1.750290752223134e-07,-2.379047463218254e-07
2.343750000000000e-01,3.977272727272727e-01,-3.232299781460319e-07,-3.920922733241779e-07
2.343750000000000e-01,4.204545454545455e-01,-4.714308810697508e-07,-5.462798003265307e-07
2.343750000000000e-01,4.431818181818182e-01,-5.830006762753471e-07,-6.628156214302360e-07
2.343750000000000e-01,4.659090909090909e-01,-7.109579852612264e-07,-7.939257622466911e-07
2.343750000000000e-01,4.886363636363636e-01,-8.310125845246187e-07,-9.171916774399623e-07
2.343750000000000e-01,5.113636363636364e-01,-9.223257625782877e-07,-1.010618224549897e-06
2.343750000000000e-01,5.340909090909091e-01,-1.019142594886345e-06,-1.108197047943627e-06
2.343750000000000e-01,5.568181818181818e-01,-1.101225784318439e-06,-1.191408113432286e-06
2.343750000000000e-01,5.795454545454546e-01,-1.161885001063017e-06,-1.251534327291666e-06
2.343750000000000e-01,6.022727272727273e-01,-1.221717311953837e-06,-1.310123201138697e-06
2.343750000000000e-01,6.250000000000000e-01,-1.266327766534787e-06,-1.354220223892506e-06
2.343750000000000e-01,6.477272727272727e-01,-1.287837807092875e-06,-1.372505497498553e-06
2.343750000000000e-01,6.704545454545454e-01,-1.309347847650963e-06,-1.390790771104600e-06
2.343750000000000e-01,6.931818181818182e-01,-1.314580404927556e-06,-1.393004439098275e-06
2.343750000000000e-01,7.159090909090909e-01,-1.298113440061049e-06,-1.371003554704610e-06
2.343750000000000e-01,7.386363636363636e-01,-1.281922235456136e-06,-1.349536066524433e-06
2.343750000000000e-01,7.613636363636364e-01,-1.246384450890834e-06,-1.307912234959423e-06
2.343750000000000e-01,7.840909090909091e-01,-1.190305125231572e-06,-1.243820676417797e-06
2.343750000000000e-01,8.068181818181818e-01,-1.139744286071564e-06,-1.186029228228550e-06
2.343750000000000e-01,8.295454545454546e-01,-1.054233306926392e-06,-1.091269572908827e-06
2.343750000000000e-01,8.522727272727273e-01,-9.547072154769625e-07,-9.814871345850681e-07
2.343750000000000e-01,8.750000000000000e-01,-8.727775151695946e-07,-8.908649406638391e-07
2.343750000000000e-01,8.977272727272727e-01,-7.270111092358888e-07,-7.339368207923169e-07
2.343750000000000e-01,9.204545454545454e-01,-5.812447033021830e-07,-5.770087009207947e-07
2.343750000000000e-01,9.431818181818182e-01,-4.509513905665548e-07,-4.412950054107285e-07
2.343750000000000e-01,9.659090909090909e-01,-2.535830794800879e-07,-2.490903840534045e-07
2.343750000000000e-01,9.886363636363636e-01,-6.779732852544980e-08,-6.758118487326901e-08
2.485795454545454e-01,1.136363636363636e-02,1.116525653951146e-07,1.425236619282310e-07
2.485795454545454e-01,3.409090909090909e-02,3.349576961841644e-07,4.275709857827915e-07
2.485795454545454e-01,5.681818181818182e-02,5.582628269732142e-07,7.126183096373522e-07
2.485795454545454e-01,7.954545454545454e-02,6.936110881732218e-07,8.431109884405078e-07
2.485795454545454e-01,1.022727272727273e-01,8.045308217136763e-07,9.281456252562919e-07
2.485795454545454e-01,1.250000000000000e-01,9.130163483776030e-07,1.011124136332372e-06
2.485795454545454e-01,1.477272727272727e-01,9.004054983090213e-07,9.765744224462560e-07
2.485795454545454e-01,1.704545454545454e-01,8.877946482404394e-07,9.420247085601398e-07
2.485795454545454e-01,1.931818181818182e-01,8.545161637619632e-07,8.885034342458786e-07
2.485795454545454e-01,2.159090909090909e-01,7.615165540199228e-07,7.788759596528857e-07
2.485795454545454e-01,2.386363636363636e-01,6.685169442778826e-07,6.692484850598929e-07
2.485795454545454e-01,2.613636363636364e-01,5.547259215320112e-07,5.411413387363770e-07
2.485795454545454e-01,2.840909090909091e-01,4.180203721471807e-07,3.919036444330469e-07
2.485795454545454e-01,3.068181818181818e-01,2.813148227623506e-07,2.426659501297170e-07
2.485795454545454e-01,3.295454545454545e-01,1.347178330026947e-07,8.624870359766722e-08
2.485795454545454e-01,3.522727272727273e-01,-1.808072546054969e-08,-7.567535811304201e-08
2.485795454545454e-01,3.750000000000000e-01,-1.681359924335611e-07,-2.347701637672150e-07
2.485795454545454e-01,3.977272727272727e-01,-3.163368953572796e-07,-3.889576907695675e-07
2.485795454545454e-01,4.204545454545455e-01,-4.645377982809985e-07,-5.431452177719203e-07
2.485795454545454e-01,4.431818181818182e-01,-6.048077836990152e-07,-6.886650019230555e-07
2.485795454545454e-01,4.659090909090909e-01,-7.327650926848945e-07,-8.197751427395106e-07
2.485795454545454e-01,4.886363636363636e-01,-8.607224016707742e-07,-9.508852835559661e-07
2.485795454545454e-01,5.113636363636364e-01,-9.704752357435803e-07,-1.062615023786664e-06
2.485795454545454e-01,5.340909090909091e-01,-1.067292068051638e-06,-1.160193847180394e-06
2.485795454545454e-01,5.568181818181818e-01,-1.164108900359695e-06,-1.257772670574124e-06
2.485795454545454e-01,5.795454545454546e-01,-1.231082535479687e-06,-1.324056494964248e-06
2.485795454545454e-01,6.022727272727273e-01,-1.290914846370507e-06,-1.382645368811279e-06
2.485795454545454e-01,6.250000000000000e-01,-1.349363352142248e-06,-1.439916801649835e-06
2.485795454545454e-01,6.477272727272727e-01,-1.370873392700336e-06,-1.458202075255882e-06
2.485795454545454e-01,6.704545454545454e-01,-1.392383433258424e-06,-1.476487348861928e-06
2.485795454545454e-01,6.931818181818182e-01,-1.403782565012605e-06,-1.484155622412370e-06
2.485795454545454e-01,7.159090909090909e-01,-1.387315600146098e-06,-1.462154738018705e-06
2.485795454545454e-01,7.386363636363636e-01,-1.370848635279592e-06,-1.440153853625040e-06
2.485795454545454e-01,7.613636363636364e-01,-1.334667410103905e-06,-1.397285430895224e-06
2.485795454545454e-01,7.840909090909091e-01,-1.278588084444643e-06,-1.333193872353598e-06
2.485795454545454e-01,8.068181818181818e-01,-1.222508758785380e-06,-1.269102313811972e-06
2.485795454545454e-01,8.295454545454546e-01,-1.134632713997671e-06,-1.171642611198372e-06
2.485795454545454e-01,8.522727272727273e-01,-1.035106622548241e-06,-1.061860172874613e-06
2.485795454545454e-01,8.750000000000000e-01,-9.371802030208172e-07,-9.538195749510845e-07
2.485795454545454e-01,8.977272727272727e-01,-7.914137970871114e-07,-7.968914550795624e-07
2.485795454545454e-01,9.204545454545454e-01,-6.456473911534056e-07,-6.399633352080403e-07
2.485795454545454e-01,9.431818181818182e-01,-4.895599243393513e-07,-4.769464126680583e-07
2.485795454545454e-01,9.659090909090909e-01,-2.921916132528845e-07,-2.847417913107343e-07
2.485795454545454e-01,9.886363636363636e-01,-9.482330216641758e-08,-9.253716995341017e-08
2.627840909090909e-01,1.136363636363636e-02,1.435782900312493e-07,1.820220701834949e-07
2.627840909090909e-01,3.409090909090909e-02,3.708741363998115e-07,4.720066950699565e-07
2.627840909090909e-01,5.681818181818182e-02,5.941792671888614e-07,7.570540189245170e-07
2.627840909090909e-01,7.954545454545454e-02,7.572468497133294e-07,9.127278076769531e-07
2.627840909090909e-01,1.022727272727273e-01,8.681665832537838e-07,9.977624444927372e-07
2.627840909090909e-01,1.250000000000000e-01,9.790863167942382e-07,1.082797081308521e-06
2.627840909090909e-01,1.477272727272727e-01,9.738374265528772e-07,1.052247303389777e-06
2.627840909090909e-01,1.704545454545454e-01,9.612265764842954e-07,1.017697589503661e-06
2.627840909090909e-01,1.931818181818182e-01,9.253241960452021e-07,9.599879604884069e-07
2.627840909090909e-01,2.159090909090909e-01,8.283316607379783e-07,8.448723922048906e-07
2.627840909090909e-01,2.386363636363636e-01,7.353320509959381e-07,7.352449176118976e-07
2.627840909090909e-01,2.613636363636364e-01,6.041319408874992e-07,5.878214463475045e-07
2.627840909090909e-01,2.840909090909091e-01,4.653829501845432e-07,4.363348911921452e-07
2.627840909090909e-01,3.068181818181818e-01,3.286774007997131e-07,2.870971968888154e-07
2.627840909090909e-01,3.295454545454545e-01,1.545838871476777e-07,1.019481816140222e-07
2.627840909090909e-01,3.522727272727273e-01,1.785328684433337e-09,-5.997588009668703e-08
2.627840909090909e-01,3.750000000000000e-01,-1.510132297788107e-07,-2.218999418073959e-07
2.627840909090909e-01,3.977272727272727e-01,-3.272450160382723e-07,-4.045593285175505e-07
2.627840909090909e-01,4.204545454545455e-01,-4.754459189619911e-07,-5.587468555199034e-07
2.627840909090909e-01,4.431818181818182e-01,-6.305798421593060e-07,-7.191015810671220e-07
2.627840909090909e-01,4.659090909090909e-01,-7.735295495927556e-07,-8.651324032477527e-07
2.627840909090909e-01,4.886363636363636e-01,-9.014868585786353e-07,-9.962425440642081e-07
2.627840909090909e-01,5.113636363636364e-01,-1.033955694284530e-06,-1.130124414450219e-06
2.627840909090909e-01,5.340909090909091e-01,-1.133282747224954e-06,-1.230145411379064e-06
2.627840909090909e-01,5.568181818181818e-01,-1.230099579533011e-06,-1.327724234772794e-06
2.627840909090909e-01,5.795454545454546e-01,-1.314607039889464e-06,-1.410637639552621e-06
2.627840909090909e-01,6.022727272727273e-01,-1.374439350780284e-06,-1.469226513399651e-06
2.627840909090909e-01,6.250000000000000e-01,-1.434271661671104e-06,-1.527815387246682e-06
2.627840909090909e-01,6.477272727272727e-01,-1.462707915635048e-06,-1.552168529819161e-06
2.627840909090909e-01,6.704545454545454e-01,-1.484217956193136e-06,-1.570453803425207e-06
2.627840909090909e-01,6.931818181818182e-01,-1.495852885312808e-06,-1.577906513976926e-06
2.627840909090909e-01,7.159090909090909e-01,-1.478909845343468e-06,-1.554954350140261e-06
2.627840909090909e-01,7.386363636363636e-01,-1.462442880476962e-06,-1.532953465746596e-06
2.627840909090909e-01,7.613636363636364e-01,-1.419707691577443e-06,-1.482439342743791e-06
2.627840909090909e-01,7.840909090909091e-01,-1.362820610463602e-06,-1.417414296510271e-06
2.627840909090909e-01,8.068181818181818e-01,-1.306741284804339e-06,-1.353322737968645e-06
2.627840909090909e-01,8.295454545454546e-01,-1.203765496290010e-06,-1.239196799974791e-06
2.627840909090909e-01,8.522727272727273e-01,-1.104239404840580e-06,-1.129414361651033e-06
2.627840909090909e-01,8.750000000000000e-01,-1.004713313391151e-06,-1.019631923327274e-06
2.627840909090909e-01,8.977272727272727e-01,-8.352071215244532e-07,-8.373198968459675e-07
2.627840909090909e-01,9.204545454545454e-01,-6.894407155907474e-07,-6.803917769744453e-07
2.627840909090909e-01,9.431818181818182e-01,-5.141724753012122e-07,-4.994743191369619e-07
2.627840909090909e-01,9.659090909090909e-01,-2.960524666301977e-07,-2.883069320365007e-07
2.627840909090909e-01,9.886363636363636e-01,-9.868415554373082e-08,-9.610231067917665e-08
2.769886363636364e-01,1.136363636363636e-02,1.435782900312842e-07,1.820220701835503e-07
2.769886363636364e-01,3.409090909090909e-02,4.107812921949716e-07,5.213797053890231e-07
2.769886363636364e-01,5.681818181818182e-02,6.340864229840214e-07,8.064270292435836e-07
2.769886363636364e-01,7.954545454545454e-02,8.051711720657778e-07,9.689794780550057e-07
2.769886363636364e-01,1.022727272727273e-01,9.347976275732380e-07,1.070064321675091e-06
2.769886363636364e-01,1.250000000000000e-01,1.045717361113692e-06,1.155098958490874e-06
2.769886363636364e-01,1.477272727272727e-01,1.046194439626837e-06,1.127660241880086e-06
2.769886363636364e-01,1.704545454545454e-01,1.036037576167328e-06,1.094443839983094e-06
2.769886363636364e-01,1.931818181818182e-01,1.000135195728235e-06,1.036734210967840e-06
2.769886363636364e-01,2.159090909090909e-01,8.951568092906443e-07,9.106424553032773e-07
2.769886363636364e-01,2.386363636363636e-01,8.021571995486040e-07,8.010149807102844e-07
2.769886363636364e-01,2.613636363636364e-01,6.709570894401651e-07,6.535915094458912e-07
2.769886363636364e-01,2.840909090909091e-01,5.117736855559545e-07,4.796163457702421e-07
2.769886363636364e-01,3.068181818181818e-01,3.750681361711243e-07,3.303786514669123e-07
2.769886363636364e-01,3.295454545454545e-01,1.925352200329573e-07,1.364307877201428e-07
2.769886363636364e-01,3.522727272727273e-01,2.004472243540581e-08,-4.602392042517806e-08
2.769886363636364e-01,3.750000000000000e-01,-1.327538360278382e-07,-2.079479821358869e-07
2.769886363636364e-01,3.977272727272727e-01,-3.307874204373222e-07,-4.127521486187765e-07
2.769886363636364e-01,4.204545454545455e-01,-4.883319511396222e-07,-5.764302955237301e-07
2.769886363636364e-01,4.431818181818182e-01,-6.434658743369370e-07,-7.367850210709487e-07
2.769886363636364e-01,4.659090909090909e-01,-8.164003786655273e-07,-9.126572059799306e-07
2.769886363636364e-01,4.886363636363636e-01,-9.443576876514068e-07,-1.043767346796386e-06
2.769886363636364e-01,5.113636363636364e-01,-1.076826523357302e-06,-1.177649217182397e-06
2.769886363636364e-01,5.340909090909091e-01,-1.201255782621383e-06,-1.302091949462390e-06
2.769886363636364e-01,5.568181818181818e-01,-1.298072614929441e-06,-1.399670772856120e-06
2.769886363636364e-01,5.795454545454546e-01,-1.387723081656335e-06,-1.487443192151320e-06
2.769886363636364e-01,6.022727272727273e-01,-1.459555740744851e-06,-1.557369766534223e-06
2.769886363636364e-01,6.250000000000000e-01,-1.519388051635671e-06,-1.615958640381253e-06
2.769886363636364e-01,6.477272727272727e-01,-1.553211360470835e-06,-1.645031236594290e-06
2.769886363636364e-01,6.704545454545454e-01,-1.577030138830875e-06,-1.665339133189148e-06
2.769886363636364e-01,6.931818181818182e-01,-1.588665067950547e-06,-1.672791843740867e-06
2.769886363636364e-01,7.159090909090909e-01,-1.570769877775540e-06,-1.647937121018203e-06
2.769886363636364e-01,7.386363636363636e-01,-1.554302912909033e-06,-1.625936236624537e-06
2.769886363636364e-01,7.613636363636364e-01,-1.511567724009515e-06,-1.575422113621733e-06
2.769886363636364e-01,7.840909090909091e-01,-1.446603088349881e-06,-1.501062190469262e-06
2.769886363636364e-01,8.068181818181818e-01,-1.390523762690619e-06,-1.436970631927636e-06
2.769886363636364e-01,8.295454545454546e-01,-1.282777511338810e-06,-1.317589287395241e-06
2.769886363636364e-01,8.522727272727273e-01,-1.172120339935260e-06,-1.195544233814883e-06
2.769886363636364e-01,8.750000000000000e-01,-1.072594248485830e-06,-1.085761795491124e-06
2.769886363636364e-01,8.977272727272727e-01,-8.846237786712500e-07,-8.837067305355408e-07
2.769886363636364e-01,9.204545454545454e-01,-7.309441107598802e-07,-7.183173084607571e-07
2.769886363636364e-01,9.431818181818182e-01,-5.556758704703450e-07,-5.373998506232736e-07
2.769886363636364e-01,9.659090909090909e-01,-2.960524666302350e-07,-2.883069320365379e-07
2.769886363636364e-01,9.886363636363636e-01,-9.868415554376809e-08,-9.610231067921383e-08
2.911931818181818e-01,1.136363636363636e-02,1.435782900313191e-07,1.820220701836057e-07
2.911931818181818e-01,3.409090909090909e-02,4.307348700925691e-07,5.460662105485840e-07
2.911931818181818e-01,5.681818181818182e-02,6.739935787791814e-07,8.558000395626503e-07
2.911931818181818e-01,7.954545454545454e-02,8.450783278609379e-07,1.018352488374072e-06
2.911931818181818e-01,1.022727272727273e-01,9.987562830402631e-07,1.140073312171115e-06
2.911931818181818e-01,1.250000000000000e-01,1.112348405433147e-06,1.227400835673228e-06
2.911931818181818e-01,1.477272727272727e-01,1.112825483946291e-06,1.199962119062440e-06
2.911931818181818e-01,1.704545454545454e-01,1.110848575850361e-06,1.171190090462528e-06
2.911931818181818e-01,1.931818181818182e-01,1.074946195411268e-06,1.113480461447274e-06
2.911931818181818e-01,2.159090909090909e-01,9.691692238606406e-07,9.862910870446060e-07
2.911931818181818e-01,2.386363636363636e-01,8.689823481012700e-07,8.667850438086712e-07
2.911931818181818e-01,2.613636363636364e-01,7.377822379928311e-07,7.193615725442779e-07
2.911931818181818e-01,2.840909090909091e-01,5.683816275179929e-07,5.341421046084840e-07
2.911931818181818e-01,3.068181818181818e-01,4.214588715425355e-07,3.736601060450091e-07
2.911931818181818e-01,3.295454545454545e-01,2.389259554043685e-07,1.797122422982397e-07
2.911931818181818e-01,3.522727272727273e-01,4.111725034842212e-08,-2.913901126301030e-08
2.911931818181818e-01,3.750000000000000e-01,-1.144944422768657e-07,-1.939960224643779e-07
2.911931818181818e-01,3.977272727272727e-01,-3.125280266863497e-07,-3.988001889472675e-07
2.911931818181818e-01,4.204545454545455e-01,-5.012179833172531e-07,-5.941137355275569e-07
2.911931818181818e-01,4.431818181818182e-01,-6.563519065145681e-07,-7.544684610747755e-07
2.911931818181818e-01,4.659090909090909e-01,-8.322848905326722e-07,-9.333247822565924e-07
2.911931818181818e-01,4.886363636363636e-01,-9.872285167241784e-07,-1.091292149528564e-06
2.911931818181818e-01,5.113636363636364e-01,-1.119697352430073e-06,-1.225174019914575e-06
2.911931818181818e-01,5.340909090909091e-01,-1.256677714855984e-06,-1.361827619870142e-06
2.911931818181818e-01,5.568181818181818e-01,-1.366045650325870e-06,-1.471617310939446e-06
2.911931818181818e-01,5.795454545454546e-01,-1.455696117052765e-06,-1.559389730234646e-06
2.911931818181818e-01,6.022727272727273e-01,-1.542957795252604e-06,-1.643893348163669e-06
2.911931818181818e-01,6.250000000000000e-01,-1.604504441600238e-06,-1.704101893515824e-06
2.911931818181818e-01,6.477272727272727e-01,-1.638327750435402e-06,-1.733174489728862e-06
2.911931818181818e-01,6.704545454545454e-01,-1.669842321468614e-06,-1.760224462953088e-06
2.911931818181818e-01,6.931818181818182e-01,-1.681477250588286e-06,-1.767677173504807e-06
2.911931818181818e-01,7.159090909090909e-01,-1.663486845392712e-06,-1.742632194893543e-06
2.911931818181818e-01,7.386363636363636e-01,-1.646162945341105e-06,-1.718919007502479e-06
2.911931818181818e-01,7.613636363636364e-01,-1.603427756441587e-06,-1.668404884499674e-06
2.911931818181818e-01,7.840909090909091e-01,-1.534424343509057e-06,-1.589377522887729e-06
2.911931818181818e-01,8.068181818181818e-01,-1.474306240576899e-06,-1.520618525886629e-06
2.911931818181818e-01,8.295454545454546e-01,-1.366559989225089e-06,-1.401237181354233e-06
2.911931818181818e-01,8.522727272727273e-01,-1.241591429309099e-06,-1.263425908158247e-06
2.911931818181818e-01,8.750000000000000e-01,-1.140475183580509e-06,-1.151891667654975e-06
2.911931818181818e-01,8.977272727272727e-01,-9.525047137659290e-07,-9.498366026993911e-07
2.911931818181818e-01,9.204545454545454e-01,-7.724475059290131e-07,-7.562428399470688e-07
2.911931818181818e-01,9.431818181818182e-01,-5.971792656394778e-07,-5.753253821095854e-07
2.911931818181818e-01,9.659090909090909e-01,-3.334055222824581e-07,-3.224399103742221e-07
2.911931818181818e-01,9.886363636363636e-01,-9.868415554380536e-08,-9.610231067925102e-08
3.053977272727273e-01,1.136363636363636e-02,1.435782900313539e-07,1.820220701836611e-07
3.053977272727273e-01,3.409090909090909e-02,4.307348700926039e-07,5.460662105486394e-07
3.053977272727273e-01,5.681818181818182e-02,7.139007345743416e-07,9.051730498817169e-07
3.053977272727273e-01,7.954545454545454e-02,8.849854836560979e-07,1.067725498693139e-06
3.053977272727273e-01,1.022727272727273e-01,1.038663438835423e-06,1.189446322490182e-06
3.053977272727273e-01,1.250000000000000e-01,1.178979449752601e-06,1.299702712855581e-06
3.053977272727273e-01,1.477272727272727e-01,1.179456528265745e-06,1.272263996244793e-06
3.053977272727273e-01,1.704545454545454e-01,1.179933606778889e-06,1.244825279634005e-06
3.053977272727273e-01,1.931818181818182e-01,1.149757195094301e-06,1.190226711926707e-06
3.053977272727273e-01,2.159090909090909e-01,1.043980223543674e-06,1.063037337524039e-06
3.053977272727273e-01,2.386363636363636e-01,9.382032519930460e-07,9.358479631213719e-07
3.053977272727273e-01,2.613636363636364e-01,8.046073865454971e-07,7.851316356426647e-07
3.053977272727273e-01,2.840909090909091e-01,6.352067760706589e-07,5.999121677068708e-07
3.053977272727273e-01,3.068181818181818e-01,4.678496069139467e-07,4.169415606231061e-07
3.053977272727273e-01,3.295454545454545e-01,2.853166907757797e-07,2.229936968763366e-07
3.053977272727273e-01,3.522727272727273e-01,8.750798571983334e-08,1.414244331508658e-08
3.053977272727273e-01,3.750000000000000e-01,-9.623504852589327e-08,-1.800440627928690e-07
3.053977272727273e-01,3.977272727272727e-01,-2.942686329353772e-07,-3.848482292757585e-07
3.053977272727273e-01,4.204545454545455e-01,-4.923022173448618e-07,-5.896523957586486e-07
3.053977272727273e-01,4.431818181818182e-01,-6.692379386921990e-07,-7.721519010786022e-07
3.053977272727273e-01,4.659090909090909e-01,-8.451709227103031e-07,-9.510082222604191e-07
3.053977272727273e-01,4.886363636363636e-01,-1.021103906728408e-06,-1.129864543442237e-06
3.053977272727273e-01,5.113636363636364e-01,-1.162568181502845e-06,-1.272698822646753e-06
3.053977272727273e-01,5.340909090909091e-01,-1.299548543928755e-06,-1.409352422602320e-06
3.053977272727273e-01,5.568181818181818e-01,-1.434018685722300e-06,-1.543563849022772e-06
3.053977272727273e-01,5.795454545454546e-01,-1.523669152449194e-06,-1.631336268317972e-06
3.053977272727273e-01,6.022727272727273e-01,-1.610930830649034e-06,-1.715839886246995e-06
3.053977272727273e-01,6.250000000000000e-01,-1.689620831564804e-06,-1.792245146650396e-06
3.053977272727273e-01,6.477272727272727e-01,-1.723444140399968e-06,-1.821317742863433e-06
3.053977272727273e-01,6.704545454545454e-01,-1.757267449235132e-06,-1.850390339076470e-06
3.053977272727273e-01,6.931818181818182e-01,-1.774289433226025e-06,-1.862562503268747e-06
3.053977272727273e-01,7.159090909090909e-01,-1.756299028030452e-06,-1.837517524657483e-06
3.053977272727273e-01,7.386363636363636e-01,-1.738308622834877e-06,-1.812472546046220e-06
3.053977272727273e-01,7.613636363636364e-01,-1.695287788873659e-06,-1.761387655377615e-06
3.053977272727273e-01,7.840909090909091e-01,-1.626284375941129e-06,-1.682360293765670e-06
3.053977272727273e-01,8.068181818181818e-01,-1.558088718463178e-06,-1.604266419845621e-06
3.053977272727273e-01,8.295454545454546e-01,-1.450342467111369e-06,-1.484885075313225e-06
3.053977272727273e-01,8.522727272727273e-01,-1.325373907195379e-06,-1.347073802117239e-06
3.053977272727273e-01,8.750000000000000e-01,-1.208356118675188e-06,-1.218021539818825e-06
3.053977272727273e-01,8.977272727272727e-01,-1.020385648860608e-06,-1.015966474863241e-06
3.053977272727273e-01,9.204545454545454e-01,-8.324151790460285e-07,-8.139114099076577e-07
3.053977272727273e-01,9.431818181818182e-01,-6.386826608086107e-07,-6.132509135958971e-07
3.053977272727273e-01,9.659090909090909e-01,-3.749089174515910e-07,-3.603654418605339e-07
3.053977272727273e-01,9.886363636363636e-01,-1.111351740945713e-07,-1.074799701251706e-07
3.196022727272727e-01,1.136363636363636e-02,1.655899461554093e-07,2.091940026532787e-07
3.196022727272727e-01,3.409090909090909e-02,4.527465262166592e-07,5.732381430182570e-07
3.196022727272727e-01,5.681818181818182e-02,7.399031062779093e-07,9.372822833832355e-07
3.196022727272727e-01,7.954545454545454e-02,9.416088512968002e-07,1.132282663138238e-06
3.196022727272727e-01,1.022727272727273e-01,1.095286806476125e-06,1.254003486935280e-06
3.196022727272727e-01,1.250000000000000e-01,1.248964761655451e-06,1.375724310732323e-06
3.196022727272727e-01,1.477272727272727e-01,1.254490797929007e-06,1.351408689156805e-06
3.196022727272727e-01,1.704545454545454e-01,1.254967876442151e-06,1.323969972546017e-06
3.196022727272727e-01,1.931818181818182e-01,1.226420006016381e-06,1.267844079580746e-06
3.196022727272727e-01,2.159090909090909e-01,1.120027675360011e-06,1.139717327201450e-06
3.196022727272727e-01,2.386363636363636e-01,1.014250703809383e-06,1.012527952798782e-06
3.196022727272727e-01,2.613636363636364e-01,8.670668037606537e-07,8.455152752224809e-07
3.196022727272727e-01,2.840909090909091e-01,6.976661932858157e-07,6.602958072866869e-07
3.196022727272727e-01,3.068181818181818e-01,5.282655828109780e-07,4.750763393508933e-07
3.196022727272727e-01,3.295454545454545e-01,3.234057118676233e-07,2.571889008640998e-07
3.196022727272727e-01,3.522727272727273e-01,1.255970068116769e-07,4.833764730284990e-08
3.196022727272727e-01,3.750000000000000e-01,-7.221169824426904e-08,-1.605136062583996e-07
3.196022727272727e-01,3.977272727272727e-01,-2.867598146172472e-07,-3.822231739616437e-07
3.196022727272727e-01,4.204545454545455e-01,-4.847933990267317e-07,-5.870273404445338e-07
3.196022727272727e-01,4.431818181818182e-01,-6.906365324340474e-07,-7.986891987353352e-07
3.196022727272727e-01,4.659090909090909e-01,-8.699031912260705e-07,-9.808816832004469e-07
3.196022727272727e-01,4.886363636363636e-01,-1.045836175244175e-06,-1.159738004382265e-06
3.196022727272727e-01,5.113636363636364e-01,-1.216972340070929e-06,-1.331822275781463e-06
3.196022727272727e-01,5.340909090909091e-01,-1.353952702496839e-06,-1.468475875737030e-06
3.196022727272727e-01,5.568181818181818e-01,-1.490933064922750e-06,-1.605129475692596e-06
3.196022727272727e-01,5.795454545454546e-01,-1.601295368596166e-06,-1.712686806295363e-06
3.196022727272727e-01,6.022727272727273e-01,-1.688557046796005e-06,-1.797190424224387e-06
3.196022727272727e-01,6.250000000000000e-01,-1.775818724995845e-06,-1.881694042153410e-06
3.196022727272727e-01,6.477272727272727e-01,-1.814622990147580e-06,-1.915092509277742e-06
3.196022727272727e-01,6.704545454545454e-01,-1.848446298982744e-06,-1.944165105490779e-06
3.196022727272727e-01,6.931818181818182e-01,-1.868665839658517e-06,-1.958603383440104e-06
3.196022727272727e-01,7.159090909090909e-01,-1.850512849550016e-06,-1.933282173689431e-06
3.196022727272727e-01,7.386363636363636e-01,-1.832522444354442e-06,-1.908237195078167e-06
3.196022727272727e-01,7.613636363636364e-01,-1.784063801988417e-06,-1.850662215651241e-06
3.196022727272727e-01,7.840909090909091e-01,-1.715060389055887e-06,-1.771634854039296e-06
3.196022727272727e-01,8.068181818181818e-01,-1.646056976123357e-06,-1.692607492427352e-06
3.196022727272727e-01,8.295454545454546e-01,-1.526952851259907e-06,-1.560434755032048e-06
3.196022727272727e-01,8.522727272727273e-01,-1.401984291343916e-06,-1.422623481836063e-06
3.196022727272727e-01,8.750000000000000e-01,-1.277015731427926e-06,-1.284812208640077e-06
3.196022727272727e-01,8.977272727272727e-01,-1.075924889288971e-06,-1.068640389737701e-06
3.196022727272727e-01,9.204545454545454e-01,-8.879544194743909e-07,-8.665853247821176e-07
3.196022727272727e-01,9.431818181818182e-01,-6.637541129693972e-07,-6.361354750975753e-07
3.196022727272727e-01,9.659090909090909e-01,-3.956606150361771e-07,-3.793282076037092e-07
3.196022727272727e-01,9.886363636363636e-01,-1.318868716791574e-07,-1.264427358683459e-07
3.338068181818182e-01,1.136363636363636e-02,1.787969398298594e-07,2.254971621350755e-07
3.338068181818182e-01,3.409090909090909e-02,4.967698384647352e-07,6.275820079574371e-07
3.338068181818182e-01,5.681818181818182e-02,7.839264185259854e-07,9.916261483224156e-07
3.338068181818182e-01,7.954545454545454e-02,1.006153550611594e-06,1.204404745619783e-06
3.338068181818182e-01,1.022727272727273e-01,1.168626385962370e-06,1.333744805506411e-06
3.338068181818182e-01,1.250000000000000e-01,1.322304341141695e-06,1.455465629303453e-06
3.338068181818182e-01,1.477272727272727e-01,1.337928292936077e-06,1.437396197798476e-06
3.338068181818182e-01,1.704545454545454e-01,1.338405371449221e-06,1.409957481187688e-06
3.338068181818182e-01,1.931818181818182e-01,1.309857501023451e-06,1.353831588222416e-06
3.338068181818182e-01,2.159090909090909e-01,1.197311579309652e-06,1.216331056076837e-06
3.338068181818182e-01,2.386363636363636e-01,1.091534607759024e-06,1.089141681674170e-06
3.338068181818182e-01,2.613636363636364e-01,9.385936422886970e-07,9.156440502536260e-07
3.338068181818182e-01,2.840909090909091e-01,7.557598791634637e-07,7.152930233479328e-07
3.338068181818182e-01,3.068181818181818e-01,5.863592686886260e-07,5.300735554121392e-07
3.338068181818182e-01,3.295454545454545e-01,3.616849323995110e-07,2.912643330606746e-07
3.338068181818182e-01,3.522727272727273e-01,1.553843136239531e-07,7.344660070027987e-08
3.338068181818182e-01,3.750000000000000e-01,-4.242439143199285e-08,-1.354046528609696e-07
3.338068181818182e-01,3.977272727272727e-01,-2.900015717319595e-07,-3.909250230049232e-07
3.338068181818182e-01,4.204545454545455e-01,-4.880351561414440e-07,-5.957291894878132e-07
3.338068181818182e-01,4.431818181818182e-01,-6.938782895487596e-07,-8.073910477786146e-07
3.338068181818182e-01,4.659090909090909e-01,-9.064816960799745e-07,-1.022945165076676e-06
3.338068181818182e-01,4.886363636363636e-01,-1.082414680098079e-06,-1.201801486258493e-06
3.338068181818182e-01,5.113636363636364e-01,-1.262358539887681e-06,-1.382483344155996e-06
3.338068181818182e-01,5.340909090909091e-01,-1.419890190560236e-06,-1.539197979274272e-06
3.338068181818182e-01,5.568181818181818e-01,-1.556870552986147e-06,-1.675851579229839e-06
3.338068181818182e-01,5.795454545454546e-01,-1.682172192843445e-06,-1.797431613866556e-06
3.338068181818182e-01,6.022727272727273e-01,-1.775836443693519e-06,-1.887944962095844e-06
3.338068181818182e-01,6.250000000000000e-01,-1.863098121893358e-06,-1.972448580024867e-06
3.338068181818182e-01,6.477272727272727e-01,-1.911864299678238e-06,-2.014498788971790e-06
3.338068181818182e-01,6.704545454545454e-01,-1.945687608513403e-06,-2.043571385184827e-06
3.338068181818182e-01,6.931818181818182e-01,-1.965907149189175e-06,-2.058009663134152e-06
3.338068181818182e-01,7.159090909090909e-01,-1.946128309951408e-06,-2.029926141989385e-06
3.338068181818182e-01,7.386363636363636e-01,-1.928137904755834e-06,-2.004881163378121e-06
3.338068181818182e-01,7.613636363636364e-01,-1.876702222408625e-06,-1.943982898362003e-06
3.338068181818182e-01,7.840909090909091e-01,-1.800752382853332e-06,-1.857201203708607e-06
3.338068181818182e-01,8.068181818181818e-01,-1.731748969920802e-06,-1.778173842096663e-06
3.338068181818182e-01,8.295454545454546e-01,-1.601267252686698e-06,-1.633320685767900e-06
3.338068181818182e-01,8.522727272727273e-01,-1.471422581754713e-06,-1.490074947314718e-06
3.338068181818182e-01,8.750000000000000e-01,-1.346454021838722e-06,-1.352263674118732e-06
3.338068181818182e-01,8.977272727272727e-01,-1.119122435051017e-06,-1.107858347322771e-06
3.338068181818182e-01,9.204545454545454e-01,-9.311519652364372e-07,-9.058032823671876e-07
3.338068181818182e-01,9.431818181818182e-01,-7.069516587314434e-07,-6.753534326826453e-07
3.338068181818182e-01,9.659090909090909e-01,-3.956606150362167e-07,-3.793282076037484e-07
3.338068181818182e-01,9.886363636363636e-01,-1.318868716791969e-07,-1.264427358683851e-07
3.480113636363636e-01,1.136363636363636e-02,1.787969398298984e-07,2.254971621351366e-07
3.480113636363636e-01,3.409090909090909e-02,5.363908194880076e-07,6.764914864027052e-07
3.480113636363636e-01,5.681818181818182e-02,8.279497307740614e-07,1.045970013261596e-06
3.480113636363636e-01,7.954545454545454e-02,1.050176862859671e-06,1.258748610558963e-06
3.480113636363636e-01,1.022727272727273e-01,1.241965965448616e-06,1.413486124077542e-06
3.480113636363636e-01,1.250000000000000e-01,1.395643920627941e-06,1.535206947874584e-06
3.480113636363636e-01,1.477272727272727e-01,1.412277663974404e-06,1.517762135376660e-06
3.480113636363636e-01,1.704545454545454e-01,1.421842866456290e-06,1.495944989829359e-06
3.480113636363636e-01,1.931818181818182e-01,1.393294996030520e-06,1.439819096864087e-06
3.480113636363636e-01,2.159090909090909e-01,1.277672278788007e-06,1.297631674835367e-06
3.480113636363636e-01,2.386363636363636e-01,1.168818511708665e-06,1.165755410549557e-06
3.480113636363636e-01,2.613636363636364e-01,1.015877546238339e-06,9.922577791290136e-07
3.480113636363636e-01,2.840909090909091e-01,8.157725868483111e-07,7.724518906905929e-07
3.480113636363636e-01,3.068181818181818e-01,6.444529545662741e-07,5.850707714733852e-07
3.480113636363636e-01,3.295454545454545e-01,4.197786182771590e-07,3.462615491219206e-07
3.480113636363636e-01,3.522727272727273e-01,1.851716204362293e-07,9.855555409770984e-08
3.480113636363636e-01,3.750000000000000e-01,-1.263708461971665e-08,-1.102956994635396e-07
3.480113636363636e-01,3.977272727272727e-01,-2.635171713123821e-07,-3.691971498515641e-07
3.480113636363636e-01,4.204545454545455e-01,-4.912769132561563e-07,-6.044310385310926e-07
3.480113636363636e-01,4.431818181818182e-01,-6.971200466634720e-07,-8.160928968218940e-07
3.480113636363636e-01,4.659090909090909e-01,-9.263918270642825e-07,-1.048327830536431e-06
3.480113636363636e-01,4.886363636363636e-01,-1.118993184951983e-06,-1.243864968134723e-06
3.480113636363636e-01,5.113636363636364e-01,-1.298937044741585e-06,-1.424546826032225e-06
3.480113636363636e-01,5.340909090909091e-01,-1.482891780302684e-06,-1.607054220645413e-06
3.480113636363636e-01,5.568181818181818e-01,-1.622808041049544e-06,-1.746573682767081e-06
3.480113636363636e-01,5.795454545454546e-01,-1.748109680906842e-06,-1.868153717403799e-06
3.480113636363636e-01,6.022727272727273e-01,-1.863115840591033e-06,-1.978699499967301e-06
3.480113636363636e-01,6.250000000000000e-01,-1.950377518790872e-06,-2.063203117896325e-06
3.480113636363636e-01,6.477272727272727e-01,-2.000139887839067e-06,-2.106118501025506e-06
3.480113636363636e-01,6.704545454545454e-01,-2.042928918044061e-06,-2.142977664878875e-06
3.480113636363636e-01,6.931818181818182e-01,-2.063148458719833e-06,-2.157415942828200e-06
3.480113636363636e-01,7.159090909090909e-01,-2.042556694917433e-06,-2.127951265986387e-06
3.480113636363636e-01,7.386363636363636e-01,-2.023753365157225e-06,-2.101525131678076e-06
3.480113636363636e-01,7.613636363636364e-01,-1.972317682810016e-06,-2.040626866661957e-06
3.480113636363636e-01,7.840909090909091e-01,-1.887436723311172e-06,-1.943875315240983e-06
3.480113636363636e-01,8.068181818181818e-01,-1.817440963718247e-06,-1.863740191765974e-06
3.480113636363636e-01,8.295454545454546e-01,-1.686959246484143e-06,-1.718887035437211e-06
3.480113636363636e-01,8.522727272727273e-01,-1.540860872165509e-06,-1.557526412793373e-06
3.480113636363636e-01,8.750000000000000e-01,-1.415892312249519e-06,-1.419715139597387e-06
3.480113636363636e-01,8.977272727272727e-01,-1.185936650996938e-06,-1.172486462012068e-06
3.480113636363636e-01,9.204545454545454e-01,-9.743495109984835e-07,-9.450212399522578e-07
3.480113636363636e-01,9.431818181818182e-01,-7.501492044934894e-07,-7.145713902677154e-07
3.480113636363636e-01,9.659090909090909e-01,-4.172593879172594e-07,-3.989371863963029e-07
3.480113636363636e-01,9.886363636363636e-01,-1.318868716792365e-07,-1.264427358684242e-07
3.622159090909091e-01,1.136363636363636e-02,1.787969398299374e-07,2.254971621351976e-07
3.622159090909091e-01,3.409090909090909e-02,5.363908194880465e-07,6.764914864027663e-07
3.622159090909091e-01,5.681818181818182e-02,8.719730430221372e-07,1.100313878200776e-06
3.622159090909091e-01,7.954545454545454e-02,1.094200175107747e-06,1.313092475498143e-06
3.622159090909091e-01,1.022727272727273e-01,1.294784157868142e-06,1.475449225106307e-06
3.622159090909091e-01,1.250000000000000e-01,1.468983500114186e-06,1.614948266445715e-06
3.622159090909091e-01,1.477272727272727e-01,1.485617243460649e-06,1.597503453947791e-06
3.622159090909091e-01,1.704545454545454e-01,1.502250986807113e-06,1.580058641449868e-06
3.622159090909091e-01,1.931818181818182e-01,1.476732491037590e-06,1.525806605505758e-06
3.622159090909091e-01,2.159090909090909e-01,1.361109773795077e-06,1.383619183477038e-06
3.622159090909091e-01,2.386363636363636e-01,1.246102415658307e-06,1.242369139424945e-06
3.622159090909091e-01,2.613636363636364e-01,1.093161450187980e-06,1.068871508004401e-06
3.622159090909091e-01,2.840909090909091e-01,8.930564907979522e-07,8.490656195659806e-07
3.622159090909091e-01,3.068181818181818e-01,7.025466404439220e-07,6.400679875346311e-07
3.622159090909091e-01,3.295454545454545e-01,4.778723041548070e-07,4.012587651831665e-07
3.622159090909091e-01,3.522727272727273e-01,2.347733925942657e-07,1.445862913598110e-07
3.622159090909091e-01,3.750000000000000e-01,1.715022219255954e-08,-8.518674606610961e-08
3.622159090909091e-01,3.977272727272727e-01,-2.337298645001060e-07,-3.440881964541341e-07
3.622159090909091e-01,4.204545454545455e-01,-4.846099511927720e-07,-6.029896468421592e-07
3.622159090909091e-01,4.431818181818182e-01,-7.003618037781841e-07,-8.247947458651735e-07
3.622159090909091e-01,4.659090909090909e-01,-9.296335841789948e-07,-1.057029679579710e-06
3.622159090909091e-01,4.886363636363636e-01,-1.155571689805887e-06,-1.285928450010952e-06
3.622159090909091e-01,5.113636363636364e-01,-1.335515549595488e-06,-1.466610307908454e-06
3.622159090909091e-01,5.340909090909091e-01,-1.519470285156588e-06,-1.649117702521642e-06
3.622159090909091e-01,5.568181818181818e-01,-1.688745529112941e-06,-1.817295786304324e-06
3.622159090909091e-01,5.795454545454546e-01,-1.814047168970239e-06,-1.938875820941041e-06
3.622159090909091e-01,6.022727272727273e-01,-1.935455901304665e-06,-2.055431333804808e-06
3.622159090909091e-01,6.250000000000000e-01,-2.037656915688386e-06,-2.153957655767781e-06
3.622159090909091e-01,6.477272727272727e-01,-2.087419284736580e-06,-2.196873038896964e-06
3.622159090909091e-01,6.704545454545454e-01,-2.137181653784775e-06,-2.239788422026146e-06
3.622159090909091e-01,6.931818181818182e-01,-2.160389768250492e-06,-2.256822222522248e-06
3.622159090909091e-01,7.159090909090909e-01,-2.139798004448091e-06,-2.227357545680435e-06
3.622159090909091e-01,7.386363636363636e-01,-2.119368825558617e-06,-2.198169099978031e-06
3.622159090909091e-01,7.613636363636364e-01,-2.067933143211408e-06,-2.137270834961912e-06
3.622159090909091e-01,7.840909090909091e-01,-1.983052183712563e-06,-2.040519283540938e-06
3.622159090909091e-01,8.068181818181818e-01,-1.903132957515693e-06,-1.949306541435286e-06
3.622159090909091e-01,8.295454545454546e-01,-1.772651240281588e-06,-1.804453385106522e-06
3.622159090909091e-01,8.522727272727273e-01,-1.621676754946960e-06,-1.637658297205487e-06
3.622159090909091e-01,8.750000000000000e-01,-1.485330602660316e-06,-1.487166605076043e-06
3.622159090909091e-01,8.977272727272727e-01,-1.255374941407735e-06,-1.239937927490723e-06
3.622159090909091e-01,9.204545454545454e-01,-1.025419280155155e-06,-9.927092499054035e-07
3.622159090909091e-01,9.431818181818182e-01,-7.933467502555356e-07,-7.537893478527856e-07
3.622159090909091e-01,9.659090909090909e-01,-4.604569336793056e-07,-4.381551439813730e-07
3.622159090909091e-01,9.886363636363636e-01,-1.318868716792760e-07,-1.264427358684634e-07
3.764204545454545e-01,1.136363636363636e-02,1.837997585248699e-07,2.315159507018277e-07
3.764204545454545e-01,3.409090909090909e-02,5.413936381829789e-07,6.825102749693964e-07
3.764204545454545e-01,5.681818181818182e-02,8.989875178410882e-07,1.133504599236965e-06
3.764204545454545e-01,7.954545454545454e-02,1.142021449420271e-06,1.370816800297947e-06
3.764204545454545e-01,1.022727272727273e-01,1.342605432180667e-06,1.533173549906111e-06
3.764204545454545e-01,1.250000000000000e-01,1.543189414941062e-06,1.695530299514275e-06
3.764204545454545e-01,1.477272727272727e-01,1.560972538228987e-06,1.678866391945829e-06
3.764204545454545e-01,1.704545454545454e-01,1.577606281575450e-06,1.661421579447906e-06
3.764204545454545e-01,1.931818181818182e-01,1.560673348892267e-06,1.611978374511879e-06
3.764204545454545e-01,2.159090909090909e-01,1.445050631649754e-06,1.469790952483158e-06
3.764204545454545e-01,2.386363636363636e-01,1.329427914407241e-06,1.327603530454437e-06
3.764204545454545e-01,2.613636363636364e-01,1.169728481963310e-06,1.144526128524472e-06
3.764204545454545e-01,2.840909090909091e-01,9.696235225732825e-07,9.247202400860514e-07
3.764204545454545e-01,3.068181818181818e-01,7.695185631832555e-07,7.049143516476313e-07
3.764204545454545e-01,3.295454545454545e-01,5.343326617703986e-07,4.544511014370248e-07
3.764204545454545e-01,3.522727272727273e-01,2.912337502098573e-07,1.977786276136693e-07
3.764204545454545e-01,3.750000000000000e-01,4.813483864931655e-08,-5.889384620968566e-08
3.764204545454545e-01,3.977272727272727e-01,-2.061951188215517e-07,-3.213400883038168e-07
3.764204545454545e-01,4.204545454545455e-01,-4.570752055142178e-07,-5.802415386918419e-07
3.764204545454545e-01,4.431818181818182e-01,-7.061906077508469e-07,-8.361298041456663e-07
3.764204545454545e-01,4.659090909090909e-01,-9.354623881516576e-07,-1.068364737860203e-06
3.764204545454545e-01,4.886363636363636e-01,-1.164734168552469e-06,-1.300599671574740e-06
3.764204545454545e-01,5.113636363636364e-01,-1.374719468584792e-06,-1.511276815988067e-06
3.764204545454545e-01,5.340909090909091e-01,-1.558674204145891e-06,-1.693784210601255e-06
3.764204545454545e-01,5.568181818181818e-01,-1.742628939706990e-06,-1.876291605214443e-06
3.764204545454545e-01,5.795454545454546e-01,-1.882309040894957e-06,-2.011821065289503e-06
3.764204545454545e-01,6.022727272727273e-01,-2.003717773229382e-06,-2.128376578153270e-06
3.764204545454545e-01,6.250000000000000e-01,-2.125126505563809e-06,-2.244932091017036e-06
3.764204545454545e-01,6.477272727272727e-01,-2.176321369876776e-06,-2.289063024866726e-06
3.764204545454545e-01,6.704545454545454e-01,-2.226083738924971e-06,-2.331978407995908e-06
3.764204545454545e-01,6.931818181818182e-01,-2.258079743418776e-06,-2.356501893211903e-06
3.764204545454545e-01,7.159090909090909e-01,-2.237487979616375e-06,-2.327037216370090e-06
3.764204545454545e-01,7.386363636363636e-01,-2.216896215813974e-06,-2.297572539528277e-06
3.764204545454545e-01,7.613636363636364e-01,-2.162751498860090e-06,-2.232932106100439e-06
3.764204545454545e-01,7.840909090909091e-01,-2.077870539361246e-06,-2.136180554679465e-06
3.764204545454545e-01,8.068181818181818e-01,-1.992989579862402e-06,-2.039429003258491e-06
3.764204545454545e-01,8.295454545454546e-01,-1.856619982324561e-06,-1.888109936512876e-06
3.764204545454545e-01,8.522727272727273e-01,-1.705645496989933e-06,-1.721314848611840e-06
3.764204545454545e-01,8.750000000000000e-01,-1.554671011655305e-06,-1.554519760710805e-06
3.764204545454545e-01,8.977272727272727e-01,-1.322204073052553e-06,-1.304538576357693e-06
3.764204545454545e-01,9.204545454545454e-01,-1.092248411799972e-06,-1.057309898772373e-06
3.764204545454545e-01,9.431818181818182e-01,-8.322245414413812e-07,-7.890855096793524e-07
3.764204545454545e-01,9.659090909090909e-01,-4.993347248651511e-07,-4.734513058079399e-07
3.764204545454545e-01,9.886363636363636e-01,-1.664449082889209e-07,-1.578171019365273e-07
3.906250000000000e-01,1.136363636363636e-02,2.188194893891651e-07,2.736474706678750e-07
3.906250000000000e-01,3.409090909090909e-02,5.914218251319530e-07,7.426981606351487e-07
3.906250000000000e-01,5.681818181818182e-02,9.490157047900622e-07,1.193692484902717e-06
3.906250000000000e-01,7.954545454545454e-02,1.224024382312834e-06,1.458965263843371e-06
3.906250000000000e-01,1.022727272727273e-01,1.424608365073230e-06,1.621322013451535e-06
3.906250000000000e-01,1.250000000000000e-01,1.625192347833626e-06,1.783678763059698e-06
3.906250000000000e-01,1.477272727272727e-01,1.654469270536164e-06,1.774823904786039e-06
3.906250000000000e-01,1.704545454545454e-01,1.671103013882627e-06,1.757379092288115e-06
3.906250000000000e-01,1.931818181818182e-01,1.652662398552235e-06,1.705497667185877e-06
3.906250000000000e-01,2.159090909090909e-01,1.533521755132901e-06,1.557621064769330e-06
3.906250000000000e-01,2.386363636363636e-01,1.417899037890388e-06,1.415433642740609e-06
3.906250000000000e-01,2.613636363636364e-01,1.245350446552826e-06,1.217791013935880e-06
3.906250000000000e-01,2.840909090909091e-01,1.039738704779814e-06,9.917428854082745e-07
3.906250000000000e-01,3.068181818181818e-01,8.396337453897873e-07,7.719369969698545e-07
3.906250000000000e-01,3.295454545454545e-01,5.760930650274844e-07,4.913995194243958e-07
3.906250000000000e-01,3.522727272727273e-01,3.329941534669431e-07,2.347270456010403e-07
3.906250000000000e-01,3.750000000000000e-01,8.989524190640236e-08,-2.194542822231469e-08
3.906250000000000e-01,3.977272727272727e-01,-1.989334233464938e-07,-3.198395873775120e-07
3.906250000000000e-01,4.204545454545455e-01,-4.498135100391599e-07,-5.787410377655371e-07
3.906250000000000e-01,4.431818181818182e-01,-7.098410886265719e-07,-8.455896359218778e-07
3.906250000000000e-01,4.659090909090909e-01,-9.645746138458752e-07,-1.103398679275618e-06
3.906250000000000e-01,4.886363636363636e-01,-1.193846394246686e-06,-1.335633612990156e-06
3.906250000000000e-01,5.113636363636364e-01,-1.427435988638585e-06,-1.569452619149737e-06
3.906250000000000e-01,5.340909090909091e-01,-1.621506850353788e-06,-1.761877954511319e-06
3.906250000000000e-01,5.568181818181818e-01,-1.805461585914887e-06,-1.944385349124507e-06
3.906250000000000e-01,5.795454545454546e-01,-1.971490367571566e-06,-2.104774576938939e-06
3.906250000000000e-01,6.022727272727273e-01,-2.092899099905991e-06,-2.221330089802706e-06
3.906250000000000e-01,6.250000000000000e-01,-2.214307832240417e-06,-2.337885602666473e-06
3.906250000000000e-01,6.477272727272727e-01,-2.279827649201109e-06,-2.394172043721237e-06
3.906250000000000e-01,6.704545454545454e-01,-2.329590018249304e-06,-2.437087426850419e-06
3.906250000000000e-01,6.931818181818182e-01,-2.361052528717886e-06,-2.460720263305099e-06
3.906250000000000e-01,7.159090909090909e-01,-2.339215945523299e-06,-2.429177406020217e-06
3.906250000000000e-01,7.386363636363636e-01,-2.318624181720898e-06,-2.399712729178404e-06
3.906250000000000e-01,7.613636363636364e-01,-2.254620977644179e-06,-2.324346060675453e-06
3.906250000000000e-01,7.840909090909091e-01,-2.165514952235549e-06,-2.222997551365145e-06
3.906250000000000e-01,8.068181818181818e-01,-2.080633992736705e-06,-2.126245999944170e-06
3.906250000000000e-01,8.295454545454546e-01,-1.925079458577285e-06,-1.954578303552604e-06
3.906250000000000e-01,8.522727272727273e-01,-1.774104973242657e-06,-1.787783215651568e-06
3.906250000000000e-01,8.750000000000000e-01,-1.623130487908029e-06,-1.620988127750533e-06
3.906250000000000e-01,8.977272727272727e-01,-1.365550775803561e-06,-1.343481875719496e-06
3.906250000000000e-01,9.204545454545454e-01,-1.135595114550980e-06,-1.096253198134176e-06
3.906250000000000e-01,9.431818181818182e-01,-8.625672333670990e-07,-8.163458192326268e-07
3.906250000000000e-01,9.659090909090909e-01,-4.993347248651918e-07,-4.734513058079802e-07
3.906250000000000e-01,9.886363636363636e-01,-1.664449082889618e-07,-1.578171019365676e-07
4.048295454545455e-01,1.136363636363636e-02,2.188194893892096e-07,2.736474706679440e-07
4.048295454545455e-01,3.409090909090909e-02,6.414500120809271e-07,8.028860463009009e-07
4.048295454545455e-01,5.681818181818182e-02,9.990438917390362e-07,1.253880370568470e-06
4.048295454545455e-01,7.954545454545454e-02,1.277250043856168e-06,1.521949207297091e-06
4.048295454545455e-01,1.022727272727273e-01,1.506611297965794e-06,1.709470476996958e-06
4.048295454545455e-01,1.250000000000000e-01,1.707195280726189e-06,1.871827226605122e-06
4.048295454545455e-01,1.477272727272727e-01,1.742219103136034e-06,1.866876892978855e-06
4.048295454545455e-01,1.704545454545454e-01,1.764599746189804e-06,1.853336605128324e-06
4.048295454545455e-01,1.931818181818182e-01,1.746159130859411e-06,1.801455180026086e-06
4.048295454545455e-01,2.159090909090909e-01,1.622495439498450e-06,1.646263917110905e-06
4.048295454545455e-01,2.386363636363636e-01,1.506370161373534e-06,1.503263755026781e-06
4.048295454545455e-01,2.613636363636364e-01,1.333821570035973e-06,1.305621126222051e-06
4.048295454545455e-01,2.840909090909091e-01,1.109853886986346e-06,1.058765530730498e-06
4.048295454545455e-01,3.068181818181818e-01,9.097489275963191e-07,8.389596422920777e-07
4.048295454545455e-01,3.295454545454545e-01,6.433727693390718e-07,5.554147420131338e-07
4.048295454545455e-01,3.522727272727273e-01,3.747545567240289e-07,2.716754635884113e-07
4.048295454545455e-01,3.750000000000000e-01,1.316556451634882e-07,1.500298976505628e-08
4.048295454545455e-01,3.977272727272727e-01,-1.744223739804220e-07,-3.006151279206741e-07
4.048295454545455e-01,4.204545454545455e-01,-4.425518145641021e-07,-5.772405368392324e-07
4.048295454545455e-01,4.431818181818182e-01,-7.025793931515140e-07,-8.440891349955731e-07
4.048295454545455e-01,4.659090909090909e-01,-9.900494474231651e-07,-1.134779176456862e-06
4.048295454545455e-01,4.886363636363636e-01,-1.222958619940904e-06,-1.370667554405571e-06
4.048295454545455e-01,5.113636363636364e-01,-1.456548214332803e-06,-1.604486560565152e-06
4.048295454545455e-01,5.340909090909091e-01,-1.684339496561686e-06,-1.829971698421384e-06
4.048295454545455e-01,5.568181818181818e-01,-1.868294232122785e-06,-2.012479093034571e-06
4.048295454545455e-01,5.795454545454546e-01,-2.036957881826334e-06,-2.175354297622941e-06
4.048295454545455e-01,6.022727272727273e-01,-2.182080426582600e-06,-2.314283601452143e-06
4.048295454545455e-01,6.250000000000000e-01,-2.303489158917027e-06,-2.430839114315910e-06
4.048295454545455e-01,6.477272727272727e-01,-2.376171452201581e-06,-2.493203308973211e-06
4.048295454545455e-01,6.704545454545454e-01,-2.433096297573638e-06,-2.542196445704930e-06
4.048295454545455e-01,6.931818181818182e-01,-2.464558808042220e-06,-2.565829282159610e-06
4.048295454545455e-01,7.159090909090909e-01,-2.441121742771963e-06,-2.531614478590782e-06
4.048295454545455e-01,7.386363636363636e-01,-2.420352147627822e-06,-2.501852918828531e-06
4.048295454545455e-01,7.613636363636364e-01,-2.356348943551103e-06,-2.426486250325580e-06
4.048295454545455e-01,7.840909090909091e-01,-2.253159365109851e-06,-2.309814548050824e-06
4.048295454545455e-01,8.068181818181818e-01,-2.168278405611008e-06,-2.213062996629850e-06
4.048295454545455e-01,8.295454545454546e-01,-2.010805377789431e-06,-2.039360437273688e-06
4.048295454545455e-01,8.522727272727273e-01,-1.842564449495382e-06,-1.854251582691296e-06
4.048295454545455e-01,8.750000000000000e-01,-1.691589964160754e-06,-1.687456494790261e-06
4.048295454545455e-01,8.977272727272727e-01,-1.421453865305427e-06,-1.396187708920262e-06
4.048295454545455e-01,9.204545454545454e-01,-1.178941817301988e-06,-1.135196497495980e-06
4.048295454545455e-01,9.431818181818182e-01,-9.059139361181071e-07,-8.552891185944303e-07
4.048295454545455e-01,9.659090909090909e-01,-5.036693951403294e-07,-4.773456357441968e-07
4.048295454545455e-01,9.886363636363636e-01,-1.664449082890026e-07,-1.578171019366079e-07
4.190340909090909e-01,1.136363636363636e-02,2.188194893892542e-07,2.736474706680130e-07
4.190340909090909e-01,3.409090909090909e-02,6.564584681656504e-07,8.209424120006748e-07
4.190340909090909e-01,5.681818181818182e-02,1.049072078688010e-06,1.314068256234222e-06
4.190340909090909e-01,7.954545454545454e-02,1.327278230805141e-06,1.582137092962842e-06
4.190340909090909e-01,1.022727272727273e-01,1.579021807075280e-06,1.789230767178480e-06
4.190340909090909e-01,1.250000000000000e-01,1.789198213618752e-06,1.959975690150545e-06
4.190340909090909e-01,1.477272727272727e-01,1.824222036028597e-06,1.955025356524278e-06
4.190340909090909e-01,1.704545454545454e-01,1.858096478496980e-06,1.949294117968533e-06
4.190340909090909e-01,1.931818181818182e-01,1.839655863166588e-06,1.897412692866295e-06
4.190340909090909e-01,2.159090909090909e-01,1.715992171805627e-06,1.742221429951114e-06
4.190340909090909e-01,2.386363636363636e-01,1.594841284856681e-06,1.591093867312952e-06
4.190340909090909e-01,2.613636363636364e-01,1.422292693519119e-06,1.393451238508223e-06
4.190340909090909e-01,2.840909090909091e-01,1.192818228086508e-06,1.140353402927484e-06
4.190340909090909e-01,3.068181818181818e-01,9.798641098028507e-07,9.059822876143007e-07
4.190340909090909e-01,3.295454545454545e-01,7.134879515456034e-07,6.224373873353567e-07
4.190340909090909e-01,3.522727272727273e-01,4.250213936659483e-07,3.176461497762376e-07
4.190340909090909e-01,3.750000000000000e-01,1.734160484205738e-07,5.195140775242710e-08
4.190340909090909e-01,3.977272727272727e-01,-1.326619707233363e-07,-2.636667099333032e-07
4.190340909090909e-01,4.204545454545455e-01,-4.352901190890444e-07,-5.757400359129277e-07
4.190340909090909e-01,4.431818181818182e-01,-6.953176976764563e-07,-8.425886340692683e-07
4.190340909090909e-01,4.659090909090909e-01,-9.827877519481073e-07,-1.133278675530557e-06
4.190340909090909e-01,4.886363636363636e-01,-1.252070845635122e-06,-1.405701495820986e-06
4.190340909090909e-01,5.113636363636364e-01,-1.485660440027020e-06,-1.639520501980568e-06
4.190340909090909e-01,5.340909090909091e-01,-1.723567848410007e-06,-1.874923580585194e-06
4.190340909090909e-01,5.568181818181818e-01,-1.931126878330682e-06,-2.080572836944636e-06
4.190340909090909e-01,5.795454545454546e-01,-2.099790528034231e-06,-2.243448041533005e-06
4.190340909090909e-01,6.022727272727273e-01,-2.263357149118595e-06,-2.399779182779768e-06
4.190340909090909e-01,6.250000000000000e-01,-2.392670485593635e-06,-2.523792625965346e-06
4.190340909090909e-01,6.477272727272727e-01,-2.465352778878189e-06,-2.586156820622647e-06
4.190340909090909e-01,6.704545454545454e-01,-2.536602576897971e-06,-2.647305464559441e-06
4.190340909090909e-01,6.931818181818182e-01,-2.568065087366553e-06,-2.670938301014121e-06
4.190340909090909e-01,7.159090909090909e-01,-2.544628022096297e-06,-2.636723497445293e-06
4.190340909090909e-01,7.386363636363636e-01,-2.522080113534746e-06,-2.603993108478658e-06
4.190340909090909e-01,7.613636363636364e-01,-2.458076909458027e-06,-2.528626439975706e-06
4.190340909090909e-01,7.840909090909091e-01,-2.350662265106989e-06,-2.407357779811617e-06
4.190340909090909e-01,8.068181818181818e-01,-2.255922818485310e-06,-2.299879993315529e-06
4.190340909090909e-01,8.295454545454546e-01,-2.098449790663733e-06,-2.126177433959367e-06
4.190340909090909e-01,8.522727272727273e-01,-1.916779406734580e-06,-1.926824538624809e-06
4.190340909090909e-01,8.750000000000000e-01,-1.760049440413478e-06,-1.753924861829988e-06
4.190340909090909e-01,8.977272727272727e-01,-1.489913341558151e-06,-1.462656075959989e-06
4.190340909090909e-01,9.204545454545454e-01,-1.222288520052996e-06,-1.174139796857783e-06
4.190340909090909e-01,9.431818181818182e-01,-9.492606388691151e-07,-8.942324179562335e-07
4.190340909090909e-01,9.659090909090909e-01,-5.470160978913375e-07,-5.162889351060002e-07
4.190340909090909e-01,9.886363636363636e-01,-1.664449082890434e-07,-1.578171019366482e-07
4.332386363636364e-01,1.136363636363636e-02,2.188194893892987e-07,2.736474706680820e-07
4.332386363636364e-01,3.409090909090909e-02,6.564584681656950e-07,8.209424120007439e-07
4.332386363636364e-01,5.681818181818182e-02,1.094097446942091e-06,1.368237353333406e-06
4.332386363636364e-01,7.954545454545454e-02,1.377306417754115e-06,1.642324978628595e-06
4.332386363636364e-01,1.022727272727273e-01,1.629049994024254e-06,1.849418652844232e-06
4.332386363636364e-01,1.250000000000000e-01,1.871201146511316e-06,2.048124153695969e-06
4.332386363636364e-01,1.477272727272727e-01,1.906224968921160e-06,2.043173820069702e-06
4.332386363636364e-01,1.704545454545454e-01,1.941248791331005e-06,2.038223486443435e-06
4.332386363636364e-01,1.931818181818182e-01,1.933152595473764e-06,1.993370205706504e-06
4.332386363636364e-01,2.159090909090909e-01,1.809488904112803e-06,1.838178942791323e-06
4.332386363636364e-01,2.386363636363636e-01,1.685825212751843e-06,1.682987679876142e-06
4.332386363636364e-01,2.613636363636364e-01,1.510763817002266e-06,1.481281350794395e-06
4.332386363636364e-01,2.840909090909091e-01,1.281289351569655e-06,1.228183515213656e-06
4.332386363636364e-01,3.068181818181818e-01,1.051814886137044e-06,9.750856796329187e-07
4.332386363636364e-01,3.295454545454545e-01,7.836031337521352e-07,6.894600326575799e-07
4.332386363636364e-01,3.522727272727273e-01,4.951365758724802e-07,3.846687950984608e-07
4.332386363636364e-01,3.750000000000000e-01,2.151764516776596e-07,8.889982573979807e-08
4.332386363636364e-01,3.977272727272727e-01,-9.090156746625052e-08,-2.267182919459323e-07
4.332386363636364e-01,4.204545454545455e-01,-3.969795866101614e-07,-5.423364096316634e-07
4.332386363636364e-01,4.431818181818182e-01,-6.880560022013984e-07,-8.410881331429635e-07
4.332386363636364e-01,4.659090909090909e-01,-9.755260564730496e-07,-1.131778174604252e-06
4.332386363636364e-01,4.886363636363636e-01,-1.262996110744701e-06,-1.422468216065542e-06
4.332386363636364e-01,5.113636363636364e-01,-1.514772665721238e-06,-1.674554443395983e-06
4.332386363636364e-01,5.340909090909091e-01,-1.752680074104225e-06,-1.909957522000609e-06
4.332386363636364e-01,5.568181818181818e-01,-1.990587482487211e-06,-2.145360600605235e-06
4.332386363636364e-01,5.795454545454546e-01,-2.162623174242128e-06,-2.311541785443070e-06
4.332386363636364e-01,6.022727272727273e-01,-2.326189795326493e-06,-2.467872926689832e-06
4.332386363636364e-01,6.250000000000000e-01,-2.481851812270244e-06,-2.616746137614783e-06
4.332386363636364e-01,6.477272727272727e-01,-2.554534105554798e-06,-2.679110332272084e-06
4.332386363636364e-01,6.704545454545454e-01,-2.627216398839352e-06,-2.741474526929385e-06
4.332386363636364e-01,6.931818181818182e-01,-2.671571366690887e-06,-2.776047319868632e-06
4.332386363636364e-01,7.159090909090909e-01,-2.648134301420631e-06,-2.741832516299804e-06
4.332386363636364e-01,7.386363636363636e-01,-2.624697236150374e-06,-2.707617712730977e-06
4.332386363636364e-01,7.613636363636364e-01,-2.559804875364951e-06,-2.630766629625834e-06
4.332386363636364e-01,7.840909090909091e-01,-2.452390231013913e-06,-2.509497969461744e-06
4.332386363636364e-01,8.068181818181818e-01,-2.344975586662875e-06,-2.388229309297654e-06
4.332386363636364e-01,8.295454545454546e-01,-2.186094203538036e-06,-2.212994430645047e-06
4.332386363636364e-01,8.522727272727273e-01,-2.004423819608882e-06,-2.013641535310488e-06
4.332386363636364e-01,8.750000000000000e-01,-1.828508916666202e-06,-1.820393228869716e-06
4.332386363636364e-01,8.977272727272727e-01,-1.558372817810876e-06,-1.529124442999717e-06
4.332386363636364e-01,9.204545454545454e-01,-1.288236718955549e-06,-1.237855657129719e-06
4.332386363636364e-01,9.431818181818182e-01,-9.926073416201233e-07,-9.331757173180370e-07
4.332386363636364e-01,9.659090909090909e-01,-5.903628006423456e-07,-5.552322344678035e-07
4.332386363636364e-01,9.886363636363636e-01,-1.881182596645679e-07,-1.772887516175700e-07
4.474431818181818e-01,1.136363636363636e-02,2.571563100142094e-07,3.243624394871556e-07
4.474431818181818e-01,3.409090909090909e-02,6.947952887906056e-07,8.716573808198173e-07
4.474431818181818e-01,5.681818181818182e-02,1.132434267567002e-06,1.418952322152479e-06
4.474431818181818e-01,7.954545454545454e-02,1.455286566269181e-06,1.731870221651505e-06
4.474431818181818e-01,1.022727272727273e-01,1.707030142539320e-06,1.938963895867143e-06
4.474431818181818e-01,1.250000000000000e-01,1.958773718809458e-06,2.146057570082780e-06
4.474431818181818e-01,1.477272727272727e-01,2.003185626387122e-06,2.146415911119527e-06
4.474431818181818e-01,1.704545454545454e-01,2.038209448796967e-06,2.141465577493260e-06
4.474431818181818e-01,1.931818181818182e-01,2.032145117231095e-06,2.095578020376594e-06
4.474431818181818e-01,2.159090909090909e-01,1.907419219220373e-06,1.937854014085286e-06
4.474431818181818e-01,2.386363636363636e-01,1.783755527859412e-06,1.782662751170105e-06
4.474431818181818e-01,2.613636363636364e-01,1.595217103845492e-06,1.563734403135073e-06
4.474431818181818e-01,2.840909090909091e-01,1.365742638412881e-06,1.310636567554335e-06
4.474431818181818e-01,3.068181818181818e-01,1.136268172980271e-06,1.057538731973597e-06
4.474431818181818e-01,3.295454545454545e-01,8.431497157392066e-07,7.440809231017586e-07
4.474431818181818e-01,3.522727272727273e-01,5.546831578595516e-07,4.392896855426393e-07
4.474431818181818e-01,3.750000000000000e-01,2.662165999798973e-07,1.344984479835209e-07
4.474431818181818e-01,3.977272727272727e-01,-6.440383337960151e-08,-2.071900923549590e-07
4.474431818181818e-01,4.204545454545455e-01,-3.704818525235124e-07,-5.228082100406901e-07
4.474431818181818e-01,4.431818181818182e-01,-6.873347500945648e-07,-8.480875049114304e-07
4.474431818181818e-01,4.659090909090909e-01,-9.863749566001211e-07,-1.150697443553560e-06
4.474431818181818e-01,4.886363636363636e-01,-1.273845010871773e-06,-1.441387485014849e-06
4.474431818181818e-01,5.113636363636364e-01,-1.562894335221915e-06,-1.730827508664033e-06
4.474431818181818e-01,5.340909090909091e-01,-1.800801743604902e-06,-1.966230587268659e-06
4.474431818181818e-01,5.568181818181818e-01,-2.038709151987889e-06,-2.201633665873284e-06
4.474431818181818e-01,5.795454545454546e-01,-2.243097124868936e-06,-2.399123194988632e-06
4.474431818181818e-01,6.022727272727273e-01,-2.406663745953301e-06,-2.555454336235394e-06
4.474431818181818e-01,6.250000000000000e-01,-2.570230367037666e-06,-2.711785477482156e-06
4.474431818181818e-01,6.477272727272727e-01,-2.657148202251927e-06,-2.786593790710379e-06
4.474431818181818e-01,6.704545454545454e-01,-2.729830495536481e-06,-2.848957985367680e-06
4.474431818181818e-01,6.931818181818182e-01,-2.779758948071581e-06,-2.886913542883706e-06
4.474431818181818e-01,7.159090909090909e-01,-2.757278881968261e-06,-2.852500823626321e-06
4.474431818181818e-01,7.386363636363636e-01,-2.733841816698005e-06,-2.818286020057493e-06
4.474431818181818e-01,7.613636363636364e-01,-2.654148622846621e-06,-2.726356367065653e-06
4.474431818181818e-01,7.840909090909091e-01,-2.546733978495584e-06,-2.605087706901563e-06
4.474431818181818e-01,8.068181818181818e-01,-2.439319334144546e-06,-2.483819046737474e-06
4.474431818181818e-01,8.295454545454546e-01,-2.257631876090008e-06,-2.282711622696060e-06
4.474431818181818e-01,8.522727272727273e-01,-2.075961492160855e-06,-2.083358727361502e-06
4.474431818181818e-01,8.750000000000000e-01,-1.894291108231702e-06,-1.884005832026944e-06
4.474431818181818e-01,8.977272727272727e-01,-1.606714713542336e-06,-1.574228497906662e-06
4.474431818181818e-01,9.204545454545454e-01,-1.336578614687010e-06,-1.282959712036664e-06
4.474431818181818e-01,9.431818181818182e-01,-1.017527375097861e-06,-9.556430834673196e-07
4.474431818181818e-01,9.659090909090909e-01,-6.033668114676767e-07,-5.669152242763729e-07
4.474431818181818e-01,9.886363636363636e-01,-2.011222704898990e-07,-1.889717414261394e-07
4.616477272727273e-01,1.136363636363636e-02,2.626329986749592e-07,3.316074350328070e-07
4.616477272727273e-01,3.409090909090909e-02,7.495621753976016e-07,9.441073362756071e-07
4.616477272727273e-01,5.681818181818182e-02,1.187201154173998e-06,1.491402277608269e-06
4.616477272727273e-01,7.954545454545454e-02,1.527649789880089e-06,1.819158683181674e-06
4.616477272727273e-01,1.022727272727273e-01,1.796989703154139e-06,2.041090863471692e-06
4.616477272727273e-01,1.250000000000000e-01,2.048733279424277e-06,2.248184537687330e-06
4.616477272727273e-01,1.477272727272727e-01,2.105215582217709e-06,2.255368317576521e-06
4.616477272727273e-01,1.704545454545454e-01,2.141580559651528e-06,2.251176366044970e-06
4.616477272727273e-01,1.931818181818182e-01,2.135516228085656e-06,2.205288808928305e-06
4.616477272727273e-01,2.159090909090909e-01,2.007249641242397e-06,2.039122324716571e-06
4.616477272727273e-01,2.386363636363636e-01,1.883585949881435e-06,1.883931061801391e-06
4.616477272727273e-01,2.613636363636364e-01,1.693337619350783e-06,1.662890742511063e-06
4.616477272727273e-01,2.840909090909091e-01,1.448473995267571e-06,1.390785165632660e-06
4.616477272727273e-01,3.068181818181818e-01,1.218999529834961e-06,1.137687330051922e-06
4.616477272727273e-01,3.295454545454545e-01,9.120239851130599e-07,8.088081484605721e-07
4.616477272727273e-01,3.522727272727273e-01,6.097003397525686e-07,4.885955381819415e-07
4.616477272727273e-01,3.750000000000000e-01,3.212337818729143e-07,1.838043006228231e-07
4.616477272727273e-01,3.977272727272727e-01,-4.094118404948412e-08,-1.914033545549060e-07
4.616477272727273e-01,4.204545454545455e-01,-3.505252623670506e-07,-5.107458183338872e-07
4.616477272727273e-01,4.431818181818182e-01,-6.673781599381030e-07,-8.360251132046274e-07
4.616477272727273e-01,4.659090909090909e-01,-1.004985540556677e-06,-1.178368042449557e-06
4.616477272727273e-01,4.886363636363636e-01,-1.292455594828329e-06,-1.469058083910847e-06
4.616477272727273e-01,5.113636363636364e-01,-1.585270718181731e-06,-1.762268602362348e-06
4.616477272727273e-01,5.340909090909091e-01,-1.857070317594062e-06,-2.031606134187837e-06
4.616477272727273e-01,5.568181818181818e-01,-2.094977725977049e-06,-2.267009212792462e-06
4.616477272727273e-01,5.795454545454546e-01,-2.315248666695259e-06,-2.479777601571466e-06
4.616477272727273e-01,6.022727272727273e-01,-2.494698255616785e-06,-2.651387602481884e-06
4.616477272727273e-01,6.250000000000000e-01,-2.658264876701150e-06,-2.807718743728646e-06
4.616477272727273e-01,6.477272727272727e-01,-2.763485551539320e-06,-2.898526637976625e-06
4.616477272727273e-01,6.704545454545454e-01,-2.838201493670975e-06,-2.962668563858343e-06
4.616477272727273e-01,6.931818181818182e-01,-2.888129946206075e-06,-3.000624121374369e-06
4.616477272727273e-01,7.159090909090909e-01,-2.868839877325876e-06,-2.965551683155125e-06
4.616477272727273e-01,7.386363636363636e-01,-2.845402812055620e-06,-2.931336879586298e-06
4.616477272727273e-01,7.613636363636364e-01,-2.763671426912702e-06,-2.837380380719403e-06
4.616477272727273e-01,7.840909090909091e-01,-2.637913060937861e-06,-2.697870107679822e-06
4.616477272727273e-01,8.068181818181818e-01,-2.530498416586823e-06,-2.576601447515733e-06
4.616477272727273e-01,8.295454545454546e-01,-2.335538809232349e-06,-2.360297175260411e-06
4.616477272727273e-01,8.522727272727273e-01,-2.140596276003258e-06,-2.145747431711945e-06
4.616477272727273e-01,8.750000000000000e-01,-1.958925892074105e-06,-1.946394536377387e-06
4.616477272727273e-01,8.977272727272727e-01,-1.648926259883832e-06,-1.612820497363883e-06
4.616477272727273e-01,9.204545454545454e-01,-1.376298690195071e-06,-1.318907633172416e-06
4.616477272727273e-01,9.431818181818182e-01,-1.057247450605922e-06,-9.915910046030717e-07
4.616477272727273e-01,9.659090909090909e-01,-6.033668114677176e-07,-5.669152242764132e-07
4.616477272727273e-01,9.886363636363636e-01,-2.011222704899399e-07,-1.889717414261798e-07
4.758522727272727e-01,1.136363636363636e-02,2.626329986750152e-07,3.316074350328875e-07
4.758522727272727e-01,3.409090909090909e-02,7.878989960225155e-07,9.948223050946838e-07
4.758522727272727e-01,5.681818181818182e-02,1.241968040780994e-06,1.563852233064058e-06
4.758522727272727e-01,7.954545454545454e-02,1.582416676487084e-06,1.891608638637464e-06
4.758522727272727e-01,1.022727272727273e-01,1.886949263768958e-06,2.143217831076242e-06
4.758522727272727e-01,1.250000000000000e-01,2.138692840039096e-06,2.350311505291879e-06
4.758522727272727e-01,1.477272727272727e-01,2.195175142832528e-06,2.357495285181070e-06
4.758522727272727e-01,1.704545454545454e-01,2.244951670506088e-06,2.360887154596680e-06
4.758522727272727e-01,1.931818181818182e-01,2.238887338940217e-06,2.314999597480015e-06
4.758522727272727e-01,2.159090909090909e-01,2.109558545447196e-06,2.146300369892154e-06
4.758522727272727e-01,2.386363636363636e-01,1.983416371903459e-06,1.985199372432676e-06
4.758522727272727e-01,2.613636363636364e-01,1.793168041372806e-06,1.764159053142348e-06
4.758522727272727e-01,2.840909090909091e-01,1.536335071672460e-06,1.477269677476873e-06
4.758522727272727e-01,3.068181818181818e-01,1.301730886689650e-06,1.217835928130247e-06
4.758522727272727e-01,3.295454545454545e-01,9.947553419677492e-07,8.889567465388966e-07
4.758522727272727e-01,3.522727272727273e-01,6.647175216455853e-07,5.379013908212435e-07
4.758522727272727e-01,3.750000000000000e-01,3.762509637659310e-07,2.331101532621250e-07
4.758522727272727e-01,3.977272727272727e-01,1.407599784353263e-08,-1.420975019156040e-07
4.758522727272727e-01,4.204545454545455e-01,-3.305686722105889e-07,-4.986834266270843e-07
4.758522727272727e-01,4.431818181818182e-01,-6.474215697816413e-07,-8.239627214978246e-07
4.758522727272727e-01,4.659090909090909e-01,-9.965991026341205e-07,-1.178225547923595e-06
4.758522727272727e-01,4.886363636363636e-01,-1.311066178784884e-06,-1.496728682806845e-06
4.758522727272727e-01,5.113636363636364e-01,-1.603881302138287e-06,-1.789939201258346e-06
4.758522727272727e-01,5.340909090909091e-01,-1.902041494573441e-06,-2.085670196700061e-06
4.758522727272727e-01,5.568181818181818e-01,-2.151246299966209e-06,-2.332384759711640e-06
4.758522727272727e-01,5.795454545454546e-01,-2.371517240684419e-06,-2.545153148490644e-06
4.758522727272727e-01,6.022727272727273e-01,-2.582732765280270e-06,-2.747320868728374e-06
4.758522727272727e-01,6.250000000000000e-01,-2.746299386364635e-06,-2.903652009975136e-06
4.758522727272727e-01,6.477272727272727e-01,-2.851520061202804e-06,-2.994459904223115e-06
4.758522727272727e-01,6.704545454545454e-01,-2.946572491805469e-06,-3.076379142349007e-06
4.758522727272727e-01,6.931818181818182e-01,-2.996500944340569e-06,-3.114334699865031e-06
4.758522727272727e-01,7.159090909090909e-01,-2.978167874627306e-06,-3.079064345957230e-06
4.758522727272727e-01,7.386363636363636e-01,-2.956963807413235e-06,-3.044387739115101e-06
4.758522727272727e-01,7.613636363636364e-01,-2.875232422270317e-06,-2.950431240248207e-06
4.758522727272727e-01,7.840909090909091e-01,-2.735206717254739e-06,-2.796733046083245e-06
4.758522727272727e-01,8.068181818181818e-01,-2.621677499029099e-06,-2.669383848293992e-06
4.758522727272727e-01,8.295454545454546e-01,-2.426717891674625e-06,-2.453079576038669e-06
4.758522727272727e-01,8.522727272727273e-01,-2.205231059845661e-06,-2.208136136062387e-06
4.758522727272727e-01,8.750000000000000e-01,-2.023560675916507e-06,-2.008783240727829e-06
4.758522727272727e-01,8.977272727272727e-01,-1.713561043726234e-06,-1.675209201714326e-06
4.758522727272727e-01,9.204545454545454e-01,-1.416018765703133e-06,-1.354855554308168e-06
4.758522727272727e-01,9.431818181818182e-01,-1.096967526113983e-06,-1.027538925738824e-06
4.758522727272727e-01,9.659090909090909e-01,-6.311708643233728e-07,-5.920787690714516e-07
4.758522727272727e-01,9.886363636363636e-01,-2.011222704899808e-07,-1.889717414262202e-07
4.900568181818182e-01,1.136363636363636e-02,2.626329986750710e-07,3.316074350329681e-07
4.900568181818182e-01,3.409090909090909e-02,7.878989960225714e-07,9.948223050947643e-07
4.900568181818182e-01,5.681818181818182e-02,1.296734927387990e-06,1.636302188519848e-06
4.900568181818182e-01,7.954545454545454e-02,1.637183563094081e-06,1.964058594093254e-06
4.900568181818182e-01,1.022727272727273e-01,1.945235417776736e-06,2.218635487746907e-06
4.900568181818182e-01,1.250000000000000e-01,2.228652400653915e-06,2.452438472896428e-06
4.900568181818182e-01,1.477272727272727e-01,2.285134703447347e-06,2.459622252785619e-06
4.900568181818182e-01,1.704545454545454e-01,2.341617006240778e-06,2.466806032674811e-06
4.900568181818182e-01,1.931818181818182e-01,2.342258449794777e-06,2.424710386031726e-06
4.900568181818182e-01,2.159090909090909e-01,2.212929656301757e-06,2.256011158443865e-06
4.900568181818182e-01,2.386363636363636e-01,2.083600862808736e-06,2.087311930856004e-06
4.900568181818182e-01,2.613636363636364e-01,1.892998463394830e-06,1.865427363773634e-06
4.900568181818182e-01,2.840909090909091e-01,1.636165493694484e-06,1.578537988108158e-06
4.900568181818182e-01,3.068181818181818e-01,1.384462243544339e-06,1.297984526208572e-06
4.900568181818182e-01,3.295454545454545e-01,1.077486698822439e-06,9.691053446172213e-07
4.900568181818182e-01,3.522727272727273e-01,7.446774610041076e-07,6.149657143556659e-07
4.900568181818182e-01,3.750000000000000e-01,4.312681456589480e-07,2.824160059014272e-07
4.900568181818182e-01,3.977272727272727e-01,6.909317973654963e-08,-9.279164927630185e-08
4.900568181818182e-01,4.204545454545455e-01,-2.930817861858496e-07,-4.679993044540318e-07
4.900568181818182e-01,4.431818181818182e-01,-6.274649796251796e-07,-8.119003297910218e-07
4.900568181818182e-01,4.659090909090909e-01,-9.766425124776586e-07,-1.166163156216792e-06
4.900568181818182e-01,4.886363636363636e-01,-1.325820045330139e-06,-1.520425982642563e-06
4.900568181818182e-01,5.113636363636364e-01,-1.622491886094843e-06,-1.817609800154344e-06
4.900568181818182e-01,5.340909090909091e-01,-1.920652078529997e-06,-2.113340795596058e-06
4.900568181818182e-01,5.568181818181818e-01,-2.207514873955369e-06,-2.397760306630819e-06
4.900568181818182e-01,5.795454545454546e-01,-2.427785814673580e-06,-2.610528695409822e-06
4.900568181818182e-01,6.022727272727273e-01,-2.642177932836862e-06,-2.815752187580283e-06
4.900568181818182e-01,6.250000000000000e-01,-2.834333896028119e-06,-2.999585276221626e-06
4.900568181818182e-01,6.477272727272727e-01,-2.939554570866288e-06,-3.090393170469604e-06
4.900568181818182e-01,6.704545454545454e-01,-3.044775245704459e-06,-3.181201064717583e-06
4.900568181818182e-01,6.931818181818182e-01,-3.104871942475063e-06,-3.228045278355695e-06
4.900568181818182e-01,7.159090909090909e-01,-3.086538872761801e-06,-3.192774924447893e-06
4.900568181818182e-01,7.386363636363636e-01,-3.068205803048537e-06,-3.157504570540092e-06
4.900568181818182e-01,7.613636363636364e-01,-2.986793417627932e-06,-3.063482099777012e-06
4.900568181818182e-01,7.840909090909091e-01,-2.846767712612353e-06,-2.909783905612049e-06
4.900568181818182e-01,8.068181818181818e-01,-2.712856581471376e-06,-2.762166249072251e-06
4.900568181818182e-01,8.295454545454546e-01,-2.517896974116902e-06,-2.545861976816929e-06
4.900568181818182e-01,8.522727272727273e-01,-2.293755712427950e-06,-2.297879167197864e-06
4.900568181818182e-01,8.750000000000000e-01,-2.088195459758910e-06,-2.071171945078271e-06
4.900568181818182e-01,8.977272727272727e-01,-1.778195827568637e-06,-1.737597906064768e-06
4.900568181818182e-01,9.204545454545454e-01,-1.468196195378365e-06,-1.404023867051265e-06
4.900568181818182e-01,9.431818181818182e-01,-1.136687601622045e-06,-1.063486846874576e-06
4.900568181818182e-01,9.659090909090909e-01,-6.708909398314343e-07,-6.280266902072037e-07
4.900568181818182e-01,9.886363636363636e-01,-2.050942780408238e-07,-1.925665335398318e-07
5.042613636363636e-01,1.136363636363636e-02,2.888518612865562e-07,3.510193152328065e-07
5.042613636363636e-01,3.409090909090909e-02,8.141178586340566e-07,1.014234185294603e-06
5.042613636363636e-01,5.681818181818182e-02,1.339383855981557e-06,1.677449055356399e-06
5.042613636363636e-01,7.954545454545454e-02,1.711447113204483e-06,2.044410785936758e-06
5.042613636363636e-01,1.022727272727273e-01,2.019498967887139e-06,2.298987679590411e-06
5.042613636363636e-01,1.250000000000000e-01,2.327550822569794e-06,2.553564573244064e-06
5.042613636363636e-01,1.477272727272727e-01,2.386191542449662e-06,2.564925528640679e-06
5.042613636363636e-01,1.704545454545454e-01,2.442673845243094e-06,2.572109308529871e-06
5.042613636363636e-01,1.931818181818182e-01,2.450067278010467e-06,2.534496291683606e-06
5.042613636363636e-01,2.159090909090909e-01,2.320738484517446e-06,2.365797064095745e-06
5.042613636363636e-01,2.386363636363636e-01,2.191409691024425e-06,2.197097836507884e-06
5.042613636363636e-01,2.613636363636364e-01,1.991969491687048e-06,1.964462598281589e-06
5.042613636363636e-01,2.840909090909091e-01,1.735136521986703e-06,1.677573222616113e-06
5.042613636363636e-01,3.068181818181818e-01,1.478303552286358e-06,1.390683846950638e-06
5.042613636363636e-01,3.295454545454545e-01,1.155148921747358e-06,1.045284168668469e-06
5.042613636363636e-01,3.522727272727273e-01,8.223396839290264e-07,6.911445384069138e-07
5.042613636363636e-01,3.750000000000000e-01,4.895304461106959e-07,3.370049081453591e-07
5.042613636363636e-01,3.977272727272727e-01,1.158166765124133e-07,-4.868774740394816e-08
5.042613636363636e-01,4.204545454545455e-01,-2.463582894099859e-07,-4.238954025816782e-07
5.042613636363636e-01,4.431818181818182e-01,-6.180515600573195e-07,-8.057702718643117e-07
5.042613636363636e-01,4.659090909090909e-01,-9.672290929097984e-07,-1.160033098290082e-06
5.042613636363636e-01,4.886363636363636e-01,-1.316406625762279e-06,-1.514295924715853e-06
5.042613636363636e-01,5.113636363636364e-01,-1.652857831824775e-06,-1.851385815200274e-06
5.042613636363636e-01,5.340909090909091e-01,-1.951018024259929e-06,-2.147116810641988e-06
5.042613636363636e-01,5.568181818181818e-01,-2.249178216695083e-06,-2.442847806083703e-06
5.042613636363636e-01,5.795454545454546e-01,-2.495829534346184e-06,-2.681481435531594e-06
5.042613636363636e-01,6.022727272727273e-01,-2.710221652509468e-06,-2.886704927702055e-06
5.042613636363636e-01,6.250000000000000e-01,-2.924613770672751e-06,-3.091928419872516e-06
5.042613636363636e-01,6.477272727272727e-01,-3.037916508366071e-06,-3.190399169466191e-06
5.042613636363636e-01,6.704545454545454e-01,-3.143137183204241e-06,-3.281207063714169e-06
5.042613636363636e-01,6.931818181818182e-01,-3.220224434282720e-06,-3.342887643400938e-06
5.042613636363636e-01,7.159090909090909e-01,-3.201891364569457e-06,-3.307617289493136e-06
5.042613636363636e-01,7.386363636363636e-01,-3.183558294856194e-06,-3.272346935585334e-06
5.042613636363636e-01,7.613636363636364e-01,-3.099546196099724e-06,-3.172495366086837e-06
5.042613636363636e-01,7.840909090909091e-01,-2.959520491084146e-06,-3.018797171921875e-06
5.042613636363636e-01,8.068181818181818e-01,-2.819494786068567e-06,-2.865098977756913e-06
5.042613636363636e-01,8.295454545454546e-01,-2.599505132288401e-06,-2.628317749824699e-06
5.042613636363636e-01,8.522727272727273e-01,-2.375363870599449e-06,-2.380334940205635e-06
5.042613636363636e-01,8.750000000000000e-01,-2.151222608910497e-06,-2.132352130586570e-06
5.042613636363636e-01,8.977272727272727e-01,-1.832334131251572e-06,-1.787635598792464e-06
5.042613636363636e-01,9.204545454545454e-01,-1.522334499061299e-06,-1.454061559778961e-06
5.042613636363636e-01,9.431818181818182e-01,-1.164491654477699e-06,-1.088650391669613e-06
5.042613636363636e-01,9.659090909090909e-01,-6.986949926870885e-07,-6.531902350022415e-07
5.042613636363636e-01,9.886363636363636e-01,-2.328983308964780e-07,-2.177300783348694e-07
5.184659090909091e-01,1.136363636363636e-02,3.325499656389966e-07,3.833724488991622e-07
5.184659090909091e-01,3.409090909090909e-02,9.015140673388762e-07,1.078940452627209e-06
5.184659090909091e-01,5.681818181818182e-02,1.426780064686377e-06,1.742155322689006e-06
5.184659090909091e-01,7.954545454545454e-02,1.827966922531481e-06,2.139793081743373e-06
5.184659090909091e-01,1.022727272727273e-01,2.139254732838824e-06,2.397778423005249e-06
5.184659090909091e-01,1.250000000000000e-01,2.447306587521479e-06,2.652355316658902e-06
5.184659090909091e-01,1.477272727272727e-01,2.513142031022803e-06,2.677640190413597e-06
5.184659090909091e-01,1.704545454545454e-01,2.569624333816234e-06,2.684823970302788e-06
5.184659090909091e-01,1.931818181818182e-01,2.576139067932125e-06,2.646935605167793e-06
5.184659090909091e-01,2.159090909090909e-01,2.438901986575768e-06,2.475758242981355e-06
5.184659090909091e-01,2.386363636363636e-01,2.309573193082747e-06,2.307059015393494e-06
5.184659090909091e-01,2.613636363636364e-01,2.099534130844213e-06,2.066355549501151e-06
5.184659090909091e-01,2.840909090909091e-01,1.832102298242710e-06,1.771397946169628e-06
5.184659090909091e-01,3.068181818181818e-01,1.575269328542365e-06,1.484508570504153e-06
5.184659090909091e-01,3.295454545454545e-01,1.224096318752866e-06,1.114891057213082e-06
5.184659090909091e-01,3.522727272727273e-01,8.881739276844797e-07,7.580605563949815e-07
5.184659090909091e-01,3.750000000000000e-01,5.553646898661493e-07,4.039209261334269e-07
5.184659090909091e-01,3.977272727272727e-01,1.431882413482526e-07,-1.672173065447438e-08
5.184659090909091e-01,4.204545454545455e-01,-2.189867245741466e-07,-3.919293858322044e-07
5.184659090909091e-01,4.431818181818182e-01,-5.949358828856184e-07,-7.777720622124692e-07
5.184659090909091e-01,4.659090909090909e-01,-9.824164047153421e-07,-1.167745152516921e-06
5.184659090909091e-01,4.886363636363636e-01,-1.331593937567822e-06,-1.522007978942692e-06
5.184659090909091e-01,5.113636363636364e-01,-1.689349049328119e-06,-1.879252835344913e-06
5.184659090909091e-01,5.340909090909091e-01,-2.008813147461073e-06,-2.195138796704426e-06
5.184659090909091e-01,5.568181818181818e-01,-2.306973339896226e-06,-2.490869792146140e-06
5.184659090909091e-01,5.795454545454546e-01,-2.587576200306876e-06,-2.761853205972880e-06
5.184659090909091e-01,6.022727272727273e-01,-2.805740712110109e-06,-2.970671118629879e-06
5.184659090909091e-01,6.250000000000000e-01,-3.020132830273393e-06,-3.175894610800340e-06
5.184659090909091e-01,6.477272727272727e-01,-3.160375777483881e-06,-3.299908211546336e-06
5.184659090909091e-01,6.704545454545454e-01,-3.265596452322051e-06,-3.390716105794315e-06
5.184659090909091e-01,6.931818181818182e-01,-3.343602040859919e-06,-3.453194101306995e-06
5.184659090909091e-01,7.159090909090909e-01,-3.333534008281158e-06,-3.425100489832396e-06
5.184659090909091e-01,7.386363636363636e-01,-3.315200938567895e-06,-3.389830135924594e-06
5.184659090909091e-01,7.613636363636364e-01,-3.223134320824677e-06,-3.281033073989238e-06
5.184659090909091e-01,7.840909090909091e-01,-3.075054096822351e-06,-3.118389387387416e-06
5.184659090909091e-01,8.068181818181818e-01,-2.935028391806772e-06,-2.964691193222454e-06
5.184659090909091e-01,8.295454545454546e-01,-2.664406894247938e-06,-2.690801248760221e-06
5.184659090909091e-01,8.522727272727273e-01,-2.434639872139133e-06,-2.438695248415598e-06
5.184659090909091e-01,8.750000000000000e-01,-2.210498610450181e-06,-2.190712438796534e-06
5.184659090909091e-01,8.977272727272727e-01,-1.861980647895748e-06,-1.808854264400419e-06
5.184659090909091e-01,9.204545454545454e-01,-1.551981015705476e-06,-1.475280225386915e-06
5.184659090909091e-01,9.431818181818182e-01,-1.191173519457461e-06,-1.107747190716776e-06
5.184659090909091e-01,9.659090909090909e-01,-6.986949926871259e-07,-6.531902350022789e-07
5.184659090909091e-01,9.886363636363636e-01,-2.328983308965154e-07,-2.177300783349068e-07
5.326704545454546e-01,1.136363636363636e-02,3.325499656390576e-07,3.833724488992674e-07
5.326704545454546e-01,3.409090909090909e-02,9.889102760436967e-07,1.143646719959816e-06
5.326704545454546e-01,5.681818181818182e-02,1.514176273391197e-06,1.806861590021612e-06
5.326704545454546e-01,7.954545454545454e-02,1.915363131236302e-06,2.204499349075980e-06
5.326704545454546e-01,1.022727272727273e-01,2.259010497790509e-06,2.496569166420089e-06
5.326704545454546e-01,1.250000000000000e-01,2.567062352473165e-06,2.751146060073741e-06
5.326704545454546e-01,1.477272727272727e-01,2.635056213060925e-06,2.780608109335859e-06
5.326704545454546e-01,1.704545454545454e-01,2.696574822389375e-06,2.797538632075706e-06
5.326704545454546e-01,1.931818181818182e-01,2.703089556505266e-06,2.759650266940711e-06
5.326704545454546e-01,2.159090909090909e-01,2.559701584588537e-06,2.586545466733158e-06
5.326704545454546e-01,2.386363636363636e-01,2.427736695141070e-06,2.417020194279104e-06
5.326704545454546e-01,2.613636363636364e-01,2.217697632902536e-06,2.176316728386762e-06
5.326704545454546e-01,2.840909090909091e-01,1.929068074498718e-06,1.865222669723144e-06
5.326704545454546e-01,3.068181818181818e-01,1.672235104798374e-06,1.578333294057669e-06
5.326704545454546e-01,3.295454545454545e-01,1.321062095008875e-06,1.208715780766597e-06
5.326704545454546e-01,3.522727272727273e-01,9.540081714399334e-07,8.249765743830497e-07
5.326704545454546e-01,3.750000000000000e-01,6.211989336216032e-07,4.708369441214951e-07
5.326704545454546e-01,3.977272727272727e-01,1.974836814278222e-07,3.970928696201564e-08
5.326704545454546e-01,4.204545454545455e-01,-1.916151597383071e-07,-3.599633690827303e-07
5.326704545454546e-01,4.431818181818182e-01,-5.675643180497789e-07,-7.458060454629951e-07
5.326704545454546e-01,4.659090909090909e-01,-9.848360535284707e-07,-1.163553785450867e-06
5.326704545454546e-01,4.886363636363636e-01,-1.346781249373366e-06,-1.529720033169532e-06
5.326704545454546e-01,5.113636363636364e-01,-1.704536361133662e-06,-1.886964889571752e-06
5.326704545454546e-01,5.340909090909091e-01,-2.066608270662217e-06,-2.243160782766863e-06
5.326704545454546e-01,5.568181818181818e-01,-2.364768463097371e-06,-2.538891778208578e-06
5.326704545454546e-01,5.795454545454546e-01,-2.645371323508020e-06,-2.809875192035318e-06
5.326704545454546e-01,6.022727272727273e-01,-2.901259771710752e-06,-3.054637309557704e-06
5.326704545454546e-01,6.250000000000000e-01,-3.115651889874035e-06,-3.259860801728165e-06
5.326704545454546e-01,6.477272727272727e-01,-3.263976899939675e-06,-3.391537257819858e-06
5.326704545454546e-01,6.704545454545454e-01,-3.388055721439863e-06,-3.500225147874461e-06
5.326704545454546e-01,6.931818181818182e-01,-3.466061309977731e-06,-3.562703143387141e-06
5.326704545454546e-01,7.159090909090909e-01,-3.462421639614693e-06,-3.540191442693922e-06
5.326704545454546e-01,7.386363636363636e-01,-3.446843582279597e-06,-3.507313336263855e-06
5.326704545454546e-01,7.613636363636364e-01,-3.354776964536379e-06,-3.398516274328498e-06
5.326704545454546e-01,7.840909090909091e-01,-3.190587702560556e-06,-3.217981602852958e-06
5.326704545454546e-01,8.068181818181818e-01,-3.050561997544978e-06,-3.064283408687995e-06
5.326704545454546e-01,8.295454545454546e-01,-2.779940499986143e-06,-2.790393464225762e-06
5.326704545454546e-01,8.522727272727273e-01,-2.493915873678818e-06,-2.497055556625562e-06
5.326704545454546e-01,8.750000000000000e-01,-2.269774611989866e-06,-2.249072747006498e-06
5.326704545454546e-01,8.977272727272727e-01,-1.912367803966780e-06,-1.856072079829780e-06
5.326704545454546e-01,9.204545454545454e-01,-1.581627532349652e-06,-1.496498890994870e-06
5.326704545454546e-01,9.431818181818182e-01,-1.220820036101637e-06,-1.128965856324730e-06
5.326704545454546e-01,9.659090909090909e-01,-7.075889476804049e-07,-6.595558346846914e-07
5.326704545454546e-01,9.886363636363636e-01,-2.328983308965528e-07,-2.177300783349443e-07
5.468750000000000e-01,1.136363636363636e-02,3.325499656391187e-07,3.833724488993726e-07
5.468750000000000e-01,3.409090909090909e-02,9.976498969142331e-07,1.150117346693171e-06
5.468750000000000e-01,5.681818181818182e-02,1.601572482096017e-06,1.871567857354219e-06
5.468750000000000e-01,7.954545454545454e-02,2.002759339941122e-06,2.269205616408586e-06
5.468750000000000e-01,1.022727272727273e-01,2.362586484618761e-06,2.578317671793810e-06
5.468750000000000e-01,1.250000000000000e-01,2.686818117424849e-06,2.849936803488579e-06
5.468750000000000e-01,1.477272727272727e-01,2.754811978012609e-06,2.879398852750698e-06
5.468750000000000e-01,1.704545454545454e-01,2.822805838600370e-06,2.908860902012816e-06
5.468750000000000e-01,1.931818181818182e-01,2.830040045078406e-06,2.872364928713629e-06
5.468750000000000e-01,2.159090909090909e-01,2.686652073161677e-06,2.699260128506075e-06
5.468750000000000e-01,2.386363636363636e-01,2.545900197199392e-06,2.526981373164714e-06
5.468750000000000e-01,2.613636363636364e-01,2.335861134960858e-06,2.286277907272370e-06
5.468750000000000e-01,2.840909090909091e-01,2.045111803976809e-06,1.973570203075544e-06
5.468750000000000e-01,3.068181818181818e-01,1.769200881054381e-06,1.672158017611184e-06
5.468750000000000e-01,3.295454545454545e-01,1.418027871264882e-06,1.302540504320112e-06
5.468750000000000e-01,3.522727272727273e-01,1.035408181445664e-06,9.053469451538412e-07
5.468750000000000e-01,3.750000000000000e-01,6.870331773770565e-07,5.377529621095629e-07
5.468750000000000e-01,3.977272727272727e-01,2.633179251832756e-07,1.066253049500834e-07
5.468750000000000e-01,4.204545454545455e-01,-1.603973270105064e-07,-3.245023522093971e-07
5.468750000000000e-01,4.431818181818182e-01,-5.401927532139396e-07,-7.138400287135213e-07
5.468750000000000e-01,4.659090909090909e-01,-9.574644886926314e-07,-1.131587768701393e-06
5.468750000000000e-01,4.886363636363636e-01,-1.361968561178909e-06,-1.537432087396372e-06
5.468750000000000e-01,5.113636363636364e-01,-1.719723672939206e-06,-1.894676943798592e-06
5.468750000000000e-01,5.340909090909091e-01,-2.086056363607320e-06,-2.254903830177263e-06
5.468750000000000e-01,5.568181818181818e-01,-2.422563586298514e-06,-2.586913764271015e-06
5.468750000000000e-01,5.795454545454546e-01,-2.703166446709164e-06,-2.857897178097755e-06
5.468750000000000e-01,6.022727272727273e-01,-2.977916863111645e-06,-3.120631398052835e-06
5.468750000000000e-01,6.250000000000000e-01,-3.211170949474677e-06,-3.343826992655990e-06
5.468750000000000e-01,6.477272727272727e-01,-3.359495959540316e-06,-3.475503448747682e-06
5.468750000000000e-01,6.704545454545454e-01,-3.507820969605956e-06,-3.607179904839374e-06
5.468750000000000e-01,6.931818181818182e-01,-3.588520579095541e-06,-3.672212185467286e-06
5.468750000000000e-01,7.159090909090909e-01,-3.584880908732503e-06,-3.649700484774067e-06
5.468750000000000e-01,7.386363636363636e-01,-3.578486225991298e-06,-3.624796536603115e-06
5.468750000000000e-01,7.613636363636364e-01,-3.486419608248080e-06,-3.515999474667758e-06
5.468750000000000e-01,7.840909090909091e-01,-3.320619442474908e-06,-3.333675704704846e-06
5.468750000000000e-01,8.068181818181818e-01,-3.166095603283183e-06,-3.163875624153537e-06
5.468750000000000e-01,8.295454545454546e-01,-2.895474105724348e-06,-2.889985679691304e-06
5.468750000000000e-01,8.522727272727273e-01,-2.581320677317762e-06,-2.576031818463314e-06
5.468750000000000e-01,8.750000000000000e-01,-2.329050613529550e-06,-2.307433055216461e-06
5.468750000000000e-01,8.977272727272727e-01,-1.971643805506465e-06,-1.914432388039743e-06
5.468750000000000e-01,9.204545454545454e-01,-1.614236997483379e-06,-1.521431720863025e-06
5.468750000000000e-01,9.431818181818182e-01,-1.250466552745814e-06,-1.150184521932685e-06
5.468750000000000e-01,9.659090909090909e-01,-7.372354643245812e-07,-6.807745002926457e-07
5.468750000000000e-01,9.886363636363636e-01,-2.328983308965902e-07,-2.177300783349817e-07
5.610795454545454e-01,1.136363636363636e-02,3.325499656391797e-07,3.833724488994778e-07
5.610795454545454e-01,3.409090909090909e-02,9.976498969142943e-07,1.150117346693276e-06
5.610795454545454e-01,5.681818181818182e-02,1.662749828189409e-06,1.916862244487075e-06
5.610795454545454e-01,7.954545454545454e-02,2.090155548645941e-06,2.333911883741192e-06
5.610795454545454e-01,1.022727272727273e-01,2.449982693323581e-06,2.643023939126416e-06
5.610795454545454e-01,1.250000000000000e-01,2.806573882376534e-06,2.948727546903417e-06
5.610795454545454e-01,1.477272727272727e-01,2.874567742964294e-06,2.978189596165535e-06
5.610795454545454e-01,1.704545454545454e-01,2.942561603552054e-06,3.007651645427654e-06
5.610795454545454e-01,1.931818181818182e-01,2.956990533651546e-06,2.985079590486546e-06
5.610795454545454e-01,2.159090909090909e-01,2.813602561734817e-06,2.811974790278993e-06
5.610795454545454e-01,2.386363636363636e-01,2.670214589818087e-06,2.638869990071439e-06
5.610795454545454e-01,2.613636363636364e-01,2.454024637019180e-06,2.396239086157981e-06
5.610795454545454e-01,2.840909090909091e-01,2.163275306035132e-06,2.083531381961154e-06
5.610795454545454e-01,3.068181818181818e-01,1.872525975051083e-06,1.770823677764327e-06
5.610795454545454e-01,3.295454545454545e-01,1.514993647520890e-06,1.396365227873628e-06
5.610795454545454e-01,3.522727272727273e-01,1.132373957701672e-06,9.991716687073562e-07
5.610795454545454e-01,3.750000000000000e-01,7.528674211325099e-07,6.046689800976305e-07
5.610795454545454e-01,3.977272727272727e-01,3.291521689387290e-07,1.735413229381511e-07
5.610795454545454e-01,4.204545454545455e-01,-9.456308325505304e-08,-2.575863342213295e-07
5.610795454545454e-01,4.431818181818182e-01,-5.128211883781002e-07,-6.818740119640474e-07
5.610795454545454e-01,4.659090909090909e-01,-9.300929238567921e-07,-1.099621751951919e-06
5.610795454545454e-01,4.886363636363636e-01,-1.347364659335485e-06,-1.517369491939792e-06
5.610795454545454e-01,5.113636363636364e-01,-1.734910984744750e-06,-1.902388998025432e-06
5.610795454545454e-01,5.340909090909091e-01,-2.101243675412864e-06,-2.262615884404102e-06
5.610795454545454e-01,5.568181818181818e-01,-2.467576366080978e-06,-2.622842770782773e-06
5.610795454545454e-01,5.795454545454546e-01,-2.760961569910308e-06,-2.905919164160193e-06
5.610795454545454e-01,6.022727272727273e-01,-3.035711986312788e-06,-3.168653384115272e-06
5.610795454545454e-01,6.250000000000000e-01,-3.306690009075319e-06,-3.427793183583814e-06
5.610795454545454e-01,6.477272727272727e-01,-3.455015019140958e-06,-3.559469639675506e-06
5.610795454545454e-01,6.704545454545454e-01,-3.603340029206598e-06,-3.691146095767199e-06
5.610795454545454e-01,6.931818181818182e-01,-3.710979848213352e-06,-3.781721227547432e-06
5.610795454545454e-01,7.159090909090909e-01,-3.707340177850314e-06,-3.759209526854213e-06
5.610795454545454e-01,7.386363636363636e-01,-3.703700507487276e-06,-3.736697826160994e-06
5.610795454545454e-01,7.613636363636364e-01,-3.618062251959781e-06,-3.633482675007017e-06
5.610795454545454e-01,7.840909090909091e-01,-3.452262086186609e-06,-3.451158905044105e-06
5.610795454545454e-01,8.068181818181818e-01,-3.286461920413437e-06,-3.268835135081194e-06
5.610795454545454e-01,8.295454545454546e-01,-3.011007711462553e-06,-2.989577895156844e-06
5.610795454545454e-01,8.522727272727273e-01,-2.696854283055968e-06,-2.675624033928855e-06
5.610795454545454e-01,8.750000000000000e-01,-2.388326615069234e-06,-2.365793363426424e-06
5.610795454545454e-01,8.977272727272727e-01,-2.030919807046149e-06,-1.972792696249706e-06
5.610795454545454e-01,9.204545454545454e-01,-1.673512999023064e-06,-1.579792029072988e-06
5.610795454545454e-01,9.431818181818182e-01,-1.280113069389990e-06,-1.171403187540639e-06
5.610795454545454e-01,9.659090909090909e-01,-7.668819809687575e-07,-7.019931659005998e-07
5.610795454545454e-01,9.886363636363636e-01,-2.536508925475248e-07,-2.325831442605609e-07
5.752840909090909e-01,1.136363636363636e-02,3.176547211953666e-07,5.657327956742157e-07
5.752840909090909e-01,3.409090909090909e-02,9.808927469150469e-07,1.355272736814917e-06
5.752840909090909e-01,5.681818181818182e-02,1.645992678190162e-06,2.122017634608716e-06
5.752840909090909e-01,7.954545454545454e-02,2.136308314928935e-06,2.549327343346853e-06
5.752840909090909e-01,1.022727272727273e-01,2.496135459606574e-06,2.858439398732077e-06
5.752840909090909e-01,1.250000000000000e-01,2.855962604284214e-06,3.167551454117302e-06
5.752840909090909e-01,1.477272727272727e-01,2.963814520694986e-06,3.166949152085912e-06
5.752840909090909e-01,1.704545454545454e-01,3.031808381282746e-06,3.196411201348030e-06
5.752840909090909e-01,1.931818181818182e-01,3.056315093935434e-06,3.157993241626530e-06
5.752840909090909e-01,2.159090909090909e-01,2.924625009757516e-06,2.963340570648727e-06
5.752840909090909e-01,2.386363636363636e-01,2.781237037840787e-06,2.790235770441174e-06
5.752840909090909e-01,2.613636363636364e-01,2.569162542118273e-06,2.508234195705587e-06
5.752840909090909e-01,2.840909090909091e-01,2.279037480600208e-06,2.190639576192086e-06
5.752840909090909e-01,3.068181818181818e-01,1.988288149616160e-06,1.877931871995260e-06
5.752840909090909e-01,3.295454545454545e-01,1.621064413971783e-06,1.453938621565309e-06
5.752840909090909e-01,3.522727272727273e-01,1.238444724152564e-06,1.056745062399038e-06
5.752840909090909e-01,3.750000000000000e-01,8.558250343333472e-07,6.595515032327674e-07
5.752840909090909e-01,3.977272727272727e-01,4.132044208195938e-07,1.781221081346078e-07
5.752840909090909e-01,4.204545454545455e-01,-1.051083137418816e-08,-2.530055490248729e-07
5.752840909090909e-01,4.431818181818182e-01,-4.451157845158548e-07,-7.031366994193579e-07
5.752840909090909e-01,4.659090909090909e-01,-8.780132451528693e-07,-1.148820030067114e-06
5.752840909090909e-01,4.886363636363636e-01,-1.295284980631562e-06,-1.566567770054987e-06
5.752840909090909e-01,5.113636363636364e-01,-1.717833539384835e-06,-1.997185914750189e-06
5.752840909090909e-01,5.340909090909091e-01,-2.088009523262933e-06,-2.362616655067851e-06
5.752840909090909e-01,5.568181818181818e-01,-2.454342213931047e-06,-2.722843541446521e-06
5.752840909090909e-01,5.795454545454546e-01,-2.789378822334706e-06,-3.048798998085620e-06
5.752840909090909e-01,6.022727272727273e-01,-3.064129238737187e-06,-3.311533218040700e-06
5.752840909090909e-01,6.250000000000000e-01,-3.338879655139667e-06,-3.574267437995781e-06
5.752840909090909e-01,6.477272727272727e-01,-3.522549796308523e-06,-3.731123768112717e-06
5.752840909090909e-01,6.704545454545454e-01,-3.670874806374163e-06,-3.862800224204410e-06
5.752840909090909e-01,6.931818181818182e-01,-3.793127856259399e-06,-3.957980326217964e-06
5.752840909090909e-01,7.159090909090909e-01,-3.804387198304817e-06,-3.938031981922358e-06
5.752840909090909e-01,7.386363636363636e-01,-3.800747527941780e-06,-3.915520281229140e-06
5.752840909090909e-01,7.613636363636364e-01,-3.724250635934802e-06,-3.791684394667075e-06
5.752840909090909e-01,7.840909090909091e-01,-3.559478348419270e-06,-3.606683355799913e-06
5.752840909090909e-01,8.068181818181818e-01,-3.393678182646098e-06,-3.424359585837002e-06
5.752840909090909e-01,8.295454545454546e-01,-3.095809406170989e-06,-3.080091753593892e-06
5.752840909090909e-01,8.522727272727273e-01,-2.781655977764403e-06,-2.766137892365903e-06
5.752840909090909e-01,8.750000000000000e-01,-2.467502549357818e-06,-2.452184031137914e-06
5.752840909090909e-01,8.977272727272727e-01,-2.015767458579660e-06,-1.969470313421618e-06
5.752840909090909e-01,9.204545454545454e-01,-1.658360650556574e-06,-1.576469646244900e-06
5.752840909090909e-01,9.431818181818182e-01,-1.271366638487495e-06,-1.168437046518602e-06
5.752840909090909e-01,9.659090909090909e-01,-7.698466326331942e-07,-7.041150324613782e-07
5.752840909090909e-01,9.886363636363636e-01,-2.566155442119615e-07,-2.347050108213392e-07
5.894886363636364e-01,1.136363636363636e-02,3.176547211949830e-07,5.657327956736694e-07
5.894886363636364e-01,3.409090909090909e-02,9.622736913603209e-07,1.583223170283394e-06
5.894886363636364e-01,5.681818181818182e-02,1.627373622635435e-06,2.349968068077192e-06
5.894886363636364e-01,7.954545454545454e-02,2.135746024511464e-06,2.778540924398920e-06
5.894886363636364e-01,1.022727272727273e-01,2.537705621176032e-06,3.090600324145854e-06
5.894886363636364e-01,1.250000000000000e-01,2.897532765853671e-06,3.399712379531079e-06
5.894886363636364e-01,1.477272727272727e-01,3.036385392349007e-06,3.375726693160293e-06
5.894886363636364e-01,1.704545454545454e-01,3.117665271544438e-06,3.395167291991242e-06
5.894886363636364e-01,1.931818181818182e-01,3.142171984197126e-06,3.356749332269743e-06
5.894886363636364e-01,2.159090909090909e-01,3.033877675496833e-06,3.119000919751440e-06
5.894886363636364e-01,2.386363636363636e-01,2.890489703580103e-06,2.945896119543886e-06
5.894886363636364e-01,2.613636363636364e-01,2.678415207857589e-06,2.663894544808300e-06
5.894886363636364e-01,2.840909090909091e-01,2.394532840999367e-06,2.297430772128053e-06
5.894886363636364e-01,3.068181818181818e-01,2.103783510015319e-06,1.984723067931227e-06
5.894886363636364e-01,3.295454545454545e-01,1.734035895859625e-06,1.544756099165930e-06
5.894886363636364e-01,3.522727272727273e-01,1.345527156180666e-06,1.110290530550515e-06
5.894886363636364e-01,3.750000000000000e-01,9.629074663614483e-07,7.130969713842447e-07
5.894886363636364e-01,3.977272727272727e-01,5.055826829321612e-07,1.925440023337785e-07
5.894886363636364e-01,4.204545454545455e-01,7.556564363172178e-08,-2.553509008052621e-07
5.894886363636364e-01,4.431818181818182e-01,-3.590393095099449e-07,-7.054820511997472e-07
5.894886363636364e-01,4.659090909090909e-01,-8.231882204636041e-07,-1.207036563167272e-06
5.894886363636364e-01,4.886363636363636e-01,-1.240459955942297e-06,-1.624784303155145e-06
5.894886363636364e-01,5.113636363636364e-01,-1.663008514695570e-06,-2.055402447850346e-06
5.894886363636364e-01,5.340909090909091e-01,-2.071617430673504e-06,-2.472871727557922e-06
5.894886363636364e-01,5.568181818181818e-01,-2.437950121341619e-06,-2.833098613936592e-06
5.894886363636364e-01,5.795454545454546e-01,-2.785450270890201e-06,-3.172003427268398e-06
5.894886363636364e-01,6.022727272727273e-01,-3.089282283297502e-06,-3.464952812839793e-06
5.894886363636364e-01,6.250000000000000e-01,-3.364032699699982e-06,-3.727687032794873e-06
5.894886363636364e-01,6.477272727272727e-01,-3.575193498393561e-06,-3.904127709375889e-06
5.894886363636364e-01,6.704545454545454e-01,-3.735300218826939e-06,-4.044197456809328e-06
5.894886363636364e-01,6.931818181818182e-01,-3.857553268712176e-06,-4.139377558822884e-06
5.894886363636364e-01,7.159090909090909e-01,-3.898610635574509e-06,-4.124555927322501e-06
5.894886363636364e-01,7.386363636363636e-01,-3.894970965211471e-06,-4.102044226629284e-06
5.894886363636364e-01,7.613636363636364e-01,-3.818474073204493e-06,-3.978208340067219e-06
5.894886363636364e-01,7.840909090909091e-01,-3.663980568265370e-06,-3.766434612157559e-06
5.894886363636364e-01,8.068181818181818e-01,-3.498180402492197e-06,-3.584110842194647e-06
5.894886363636364e-01,8.295454545454546e-01,-3.193377071441464e-06,-3.218769178674408e-06
5.894886363636364e-01,8.522727272727273e-01,-2.863043015691752e-06,-2.855643044466451e-06
5.894886363636364e-01,8.750000000000000e-01,-2.548889587285166e-06,-2.541689183238463e-06
5.894886363636364e-01,8.977272727272727e-01,-2.023788054364175e-06,-1.989198648435829e-06
5.894886363636364e-01,9.204545454545454e-01,-1.634938485422732e-06,-1.566293631079251e-06
5.894886363636364e-01,9.431818181818182e-01,-1.247944473353653e-06,-1.158261031352953e-06
5.894886363636364e-01,9.659090909090909e-01,-7.698466326332153e-07,-7.041150324613591e-07
5.894886363636364e-01,9.886363636363636e-01,-2.566155442119826e-07,-2.347050108213201e-07
6.036931818181818e-01,1.136363636363636e-02,3.176547211945994e-07,5.657327956731232e-07
6.036931818181818e-01,3.409090909090909e-02,9.529641635827658e-07,1.697198387017359e-06
6.036931818181818e-01,5.681818181818182e-02,1.608754567080709e-06,2.577918501545669e-06
6.036931818181818e-01,7.954545454545454e-02,2.117126968956738e-06,3.006491357867397e-06
6.036931818181818e-01,1.022727272727273e-01,2.573256861033071e-06,3.322340200365101e-06
6.036931818181818e-01,1.250000000000000e-01,2.939102927423129e-06,3.631873304944855e-06
6.036931818181818e-01,1.477272727272727e-01,3.077955553918465e-06,3.607887618574070e-06
6.036931818181818e-01,1.704545454545454e-01,3.203522161806130e-06,3.593923382634454e-06
6.036931818181818e-01,1.931818181818182e-01,3.228028874458817e-06,3.555505422912955e-06
6.036931818181818e-01,2.159090909090909e-01,3.122074143306288e-06,3.313447436240601e-06
6.036931818181818e-01,2.386363636363636e-01,2.999742369319420e-06,3.101556468646599e-06
6.036931818181818e-01,2.613636363636364e-01,2.787667873596906e-06,2.819554893911013e-06
6.036931818181818e-01,2.840909090909091e-01,2.506906854068605e-06,2.428656544647393e-06
6.036931818181818e-01,3.068181818181818e-01,2.219278870414479e-06,2.091514263867195e-06
6.036931818181818e-01,3.295454545454545e-01,1.849531256258784e-06,1.651547295101897e-06
6.036931818181818e-01,3.522727272727273e-01,1.453450881045873e-06,1.169160571480441e-06
6.036931818181818e-01,3.750000000000000e-01,1.069989898389550e-06,7.666424395357220e-07
6.036931818181818e-01,3.977272727272727e-01,6.126651149602626e-07,2.460894704852558e-07
6.036931818181818e-01,4.204545454545455e-01,1.616421186376317e-07,-2.576962525856514e-07
6.036931818181818e-01,4.431818181818182e-01,-2.729628345040349e-07,-7.078274029801367e-07
6.036931818181818e-01,4.659090909090909e-01,-7.402368904893586e-07,-1.214969033079638e-06
6.036931818181818e-01,4.886363636363636e-01,-1.185634931253032e-06,-1.683000836255303e-06
6.036931818181818e-01,5.113636363636364e-01,-1.608183490006305e-06,-2.113618980950505e-06
6.036931818181818e-01,5.340909090909091e-01,-2.036008872034158e-06,-2.557107530353036e-06
6.036931818181818e-01,5.568181818181818e-01,-2.421558028752191e-06,-2.943353686426663e-06
6.036931818181818e-01,5.795454545454546e-01,-2.769058178300773e-06,-3.282258499758469e-06
6.036931818181818e-01,6.022727272727273e-01,-3.110280814142843e-06,-3.614055955407983e-06
6.036931818181818e-01,6.250000000000000e-01,-3.389185744260298e-06,-3.881106627593965e-06
6.036931818181818e-01,6.477272727272727e-01,-3.600346542953877e-06,-4.057547304174981e-06
6.036931818181818e-01,6.704545454545454e-01,-3.799725631279717e-06,-4.225594689414249e-06
6.036931818181818e-01,6.931818181818182e-01,-3.921978681164953e-06,-4.320774791427803e-06
6.036931818181818e-01,7.159090909090909e-01,-3.966015850508978e-06,-4.306465831206944e-06
6.036931818181818e-01,7.386363636363636e-01,-3.989194402481163e-06,-4.288568172029428e-06
6.036931818181818e-01,7.613636363636364e-01,-3.912697510474184e-06,-4.164732285467363e-06
6.036931818181818e-01,7.840909090909091e-01,-3.763343396823266e-06,-3.939572213036453e-06
6.036931818181818e-01,8.068181818181818e-01,-3.602682622338297e-06,-3.743862098552292e-06
6.036931818181818e-01,8.295454545454546e-01,-3.297879291287563e-06,-3.378520435032054e-06
6.036931818181818e-01,8.522727272727273e-01,-2.946741571810976e-06,-2.952172806992709e-06
6.036931818181818e-01,8.750000000000000e-01,-2.630276625212516e-06,-2.631194335339010e-06
6.036931818181818e-01,8.977272727272727e-01,-2.105175092291525e-06,-2.078703800536377e-06
6.036931818181818e-01,9.204545454545454e-01,-1.611516320288891e-06,-1.556117615913602e-06
6.036931818181818e-01,9.431818181818182e-01,-1.224522308219812e-06,-1.148085016187304e-06
6.036931818181818e-01,9.659090909090909e-01,-7.487666840127599e-07,-6.949566188122729e-07
6.036931818181818e-01,9.886363636363636e-01,-2.566155442120037e-07,-2.347050108213010e-07
6.178977272727273e-01,1.136363636363636e-02,3.176547211942158e-07,5.657327956725770e-07
6.178977272727273e-01,3.409090909090909e-02,9.529641635823822e-07,1.697198387016813e-06
6.178977272727273e-01,5.681818181818182e-02,1.590135511525983e-06,2.805868935014147e-06
6.178977272727273e-01,7.954545454545454e-02,2.098507913402012e-06,3.234441791335875e-06
6.178977272727273e-01,1.022727272727273e-01,2.554637805478345e-06,3.550290633833579e-06
6.178977272727273e-01,1.250000000000000e-01,2.980673088992587e-06,3.864034230358634e-06
6.178977272727273e-01,1.477272727272727e-01,3.119525715487922e-06,3.840048543987849e-06
6.178977272727273e-01,1.704545454545454e-01,3.258378341983258e-06,3.816062857617064e-06
6.178977272727273e-01,1.931818181818182e-01,3.313885764720510e-06,3.754261513556169e-06
6.178977272727273e-01,2.159090909090909e-01,3.207931033567980e-06,3.512203526883816e-06
6.178977272727273e-01,2.386363636363636e-01,3.101976302415450e-06,3.270145540211462e-06
6.178977272727273e-01,2.613636363636364e-01,2.896920539336223e-06,2.975215243013726e-06
6.178977272727273e-01,2.840909090909091e-01,2.616159519807923e-06,2.584316893750107e-06
6.178977272727273e-01,3.068181818181818e-01,2.334774230813639e-06,2.198305459803163e-06
6.178977272727273e-01,3.295454545454545e-01,1.965026616657944e-06,1.758338491037865e-06
6.178977272727273e-01,3.522727272727273e-01,1.568946241445033e-06,1.275951767416410e-06
6.178977272727273e-01,3.750000000000000e-01,1.177072330417652e-06,8.201879076871997e-07
6.178977272727273e-01,3.977272727272727e-01,7.197475469883647e-07,2.996349386367335e-07
6.178977272727273e-01,4.204545454545455e-01,2.624227635590763e-07,-2.209180304137340e-07
6.178977272727273e-01,4.431818181818182e-01,-1.868863594981243e-07,-7.101727547605257e-07
6.178977272727273e-01,4.659090909090909e-01,-6.541604154834480e-07,-1.217314384860028e-06
6.178977272727273e-01,4.886363636363636e-01,-1.121434471468773e-06,-1.724456014959531e-06
6.178977272727273e-01,5.113636363636364e-01,-1.553358465317039e-06,-2.171835514050664e-06
6.178977272727273e-01,5.340909090909091e-01,-1.981183847344892e-06,-2.615324063453195e-06
6.178977272727273e-01,5.568181818181818e-01,-2.405165936162762e-06,-3.053608758916735e-06
6.178977272727273e-01,5.795454545454546e-01,-2.752666085711345e-06,-3.392513572248540e-06
6.178977272727273e-01,6.022727272727273e-01,-3.093888721553415e-06,-3.724311027898055e-06
6.178977272727273e-01,6.250000000000000e-01,-3.414338788820613e-06,-4.034526222393059e-06
6.178977272727273e-01,6.477272727272727e-01,-3.625499587514192e-06,-4.210966898974074e-06
6.178977272727273e-01,6.704545454545454e-01,-3.836660386207771e-06,-4.387407575555090e-06
6.178977272727273e-01,6.931818181818182e-01,-3.986404093617731e-06,-4.502172024032724e-06
6.178977272727273e-01,7.159090909090909e-01,-4.030441262961755e-06,-4.487863063811864e-06
6.178977272727273e-01,7.386363636363636e-01,-4.074478432305780e-06,-4.473554103591005e-06
6.178977272727273e-01,7.613636363636364e-01,-4.006920947743877e-06,-4.351256230867508e-06
6.178977272727273e-01,7.840909090909091e-01,-3.857566834092958e-06,-4.126096158436598e-06
6.178977272727273e-01,8.068181818181818e-01,-3.707184842184398e-06,-3.903613354909938e-06
6.178977272727273e-01,8.295454545454546e-01,-3.402381511133664e-06,-3.538271691389700e-06
6.178977272727273e-01,8.522727272727273e-01,-3.051243791657077e-06,-3.111924063350355e-06
6.178977272727273e-01,8.750000000000000e-01,-2.711663663139865e-06,-2.720699487439559e-06
6.178977272727273e-01,8.977272727272727e-01,-2.186562130218874e-06,-2.168208952636925e-06
6.178977272727273e-01,9.204545454545454e-01,-1.661460597297883e-06,-1.615718417834292e-06
6.178977272727273e-01,9.431818181818182e-01,-1.201100143085969e-06,-1.137909001021655e-06
6.178977272727273e-01,9.659090909090909e-01,-7.253445188789178e-07,-6.847806036466237e-07
6.178977272727273e-01,9.886363636363636e-01,-2.495888946718659e-07,-2.316522062715929e-07
