x,y,ux,uy
6.349431818181818e-01,1.136363636363636e-02,3.996105551740809e-07,4.764607646152381e-07
6.349431818181818e-01,3.409090909090909e-02,1.159151475491735e-06,1.796184308037785e-06
6.349431818181818e-01,5.681818181818182e-02,1.872211900300846e-06,2.653669902075291e-06
6.349431818181818e-01,7.954545454545454e-02,2.529049637987103e-06,3.209621232127420e-06
6.349431818181818e-01,1.022727272727273e-01,2.969193860310633e-06,3.565639194842861e-06
6.349431818181818e-01,1.250000000000000e-01,3.353307364483631e-06,3.815775876158693e-06
6.349431818181818e-01,1.477272727272727e-01,3.518307636423475e-06,3.904217269160893e-06
6.349431818181818e-01,1.704545454545454e-01,3.647886931311628e-06,3.933560176287290e-06
6.349431818181818e-01,1.931818181818182e-01,3.628352098426081e-06,3.835978911460050e-06
6.349431818181818e-01,2.159090909090909e-01,3.559279909812739e-06,3.695317424316008e-06
6.349431818181818e-01,2.386363636363636e-01,3.393275230750721e-06,3.450860305768565e-06
6.349431818181818e-01,2.613636363636364e-01,3.168648281799174e-06,3.173669954025066e-06
6.349431818181818e-01,2.840909090909091e-01,2.887844241704804e-06,2.819241721460911e-06
6.349431818181818e-01,3.068181818181818e-01,2.545216259573839e-06,2.434242171190688e-06
6.349431818181818e-01,3.295454545454545e-01,2.176605770048647e-06,2.003207343421683e-06
6.349431818181818e-01,3.522727272727273e-01,1.750110253708484e-06,1.543783955406461e-06
6.349431818181818e-01,3.750000000000000e-01,1.318510613810800e-06,1.060485426331030e-06
6.349431818181818e-01,3.977272727272727e-01,8.402182674362643e-07,5.584097227909883e-07
6.349431818181818e-01,4.204545454545455e-01,3.630710052663902e-07,4.726352937707150e-08
6.349431818181818e-01,4.431818181818182e-01,-1.298881597919240e-07,-4.674723958048911e-07
6.349431818181818e-01,4.659090909090909e-01,-6.234039712368752e-07,-9.797534137352026e-07
6.349431818181818e-01,4.886363636363636e-01,-1.107115310052346e-06,-1.480514079799941e-06
6.349431818181818e-01,5.113636363636364e-01,-1.586527643995644e-06,-1.966936866461707e-06
6.349431818181818e-01,5.340909090909091e-01,-2.039542131452545e-06,-2.428274861854135e-06
6.349431818181818e-01,5.568181818181818e-01,-2.473017869231425e-06,-2.859285421016723e-06
6.349431818181818e-01,5.795454545454546e-01,-2.876555987734686e-06,-3.259514908408648e-06
6.349431818181818e-01,6.022727272727273e-01,-3.235876381013707e-06,-3.606676427382878e-06
6.349431818181818e-01,6.250000000000000e-01,-3.569409315462286e-06,-3.924932160273814e-06
6.349431818181818e-01,6.477272727272727e-01,-3.827949958049319e-06,-4.161548272958096e-06
6.349431818181818e-01,6.704545454545454e-01,-4.059695869903145e-06,-4.367679722997908e-06
6.349431818181818e-01,6.931818181818182e-01,-4.205861336870861e-06,-4.480565127620411e-06
6.349431818181818e-01,7.159090909090909e-01,-4.312592169313930e-06,-4.555109868396480e-06
6.349431818181818e-01,7.386363636363636e-01,-4.331952843214325e-06,-4.526929514175579e-06
6.349431818181818e-01,7.613636363636364e-01,-4.292605223450869e-06,-4.450504389580912e-06
6.349431818181818e-01,7.840909090909091e-01,-4.177098817011862e-06,-4.273822471223709e-06
6.349431818181818e-01,8.068181818181818e-01,-3.977160709731678e-06,-4.030557039677492e-06
6.349431818181818e-01,8.295454545454546e-01,-3.724885502724423e-06,-3.709886119824117e-06
6.349431818181818e-01,8.522727272727273e-01,-3.363521358806646e-06,-3.303739391008441e-06
6.349431818181818e-01,8.750000000000000e-01,-2.978085323624578e-06,-2.849089084257106e-06
6.349431818181818e-01,8.977272727272727e-01,-2.471426169729272e-06,-2.308592958602073e-06
6.349431818181818e-01,9.204545454545454e-01,-1.951446217649368e-06,-1.744612771920904e-06
6.349431818181818e-01,9.431818181818182e-01,-1.362420977776469e-06,-1.161683517276430e-06
6.349431818181818e-01,9.659090909090909e-01,-7.644774667271640e-07,-5.903726949421160e-07
6.349431818181818e-01,9.886363636363636e-01,-2.503407923123794e-07,-1.905047514072457e-07
6.548295454545454e-01,1.136363636363636e-02,4.024448544613857e-07,4.502606207437763e-07
6.548295454545454e-01,3.409090909090909e-02,1.198831665517974e-06,1.429382293836325e-06
6.548295454545454e-01,5.681818181818182e-02,1.923409767566907e-06,2.311457353976100e-06
6.548295454545454e-01,7.954545454545454e-02,2.612706413838118e-06,2.936706270316437e-06
6.548295454545454e-01,1.022727272727273e-01,3.062420012609338e-06,3.342406675520497e-06
6.548295454545454e-01,1.250000000000000e-01,3.458117498797959e-06,3.652685260901498e-06
6.548295454545454e-01,1.477272727272727e-01,3.631968510268053e-06,3.801089626395646e-06
6.548295454545454e-01,1.704545454545454e-01,3.766464882673011e-06,3.863745296017572e-06
6.548295454545454e-01,1.931818181818182e-01,3.753358834920341e-06,3.830785111233659e-06
6.548295454545454e-01,2.159090909090909e-01,3.685572403333575e-06,3.703047840098282e-06
6.548295454545454e-01,2.386363636363636e-01,3.522139929244942e-06,3.522703641124872e-06
6.548295454545454e-01,2.613636363636364e-01,3.297360197159901e-06,3.249237370670664e-06
6.548295454545454e-01,2.840909090909091e-01,3.014569976330103e-06,2.943222194867296e-06
6.548295454545454e-01,3.068181818181818e-01,2.670220594203432e-06,2.568960606663842e-06
6.548295454545454e-01,3.295454545454545e-01,2.296758886508520e-06,2.168187308355731e-06
6.548295454545454e-01,3.522727272727273e-01,1.865383022775342e-06,1.722484204118618e-06
6.548295454545454e-01,3.750000000000000e-01,1.427875593928219e-06,1.255794439616688e-06
6.548295454545454e-01,3.977272727272727e-01,9.400805214019409e-07,7.665127104265174e-07
6.548295454545454e-01,4.204545454545455e-01,4.576539669255433e-07,2.624742805403073e-07
6.548295454545454e-01,4.431818181818182e-01,-5.072292036667918e-08,-2.442700175490280e-07
6.548295454545454e-01,4.659090909090909e-01,-5.473222762584121e-07,-7.549527100608141e-07
6.548295454545454e-01,4.886363636363636e-01,-1.052884291367225e-06,-1.256371604123819e-06
6.548295454545454e-01,5.113636363636364e-01,-1.534060919067775e-06,-1.743567624524325e-06
6.548295454545454e-01,5.340909090909091e-01,-2.010011225368955e-06,-2.214957658520366e-06
6.548295454545454e-01,5.568181818181818e-01,-2.450529842157445e-06,-2.651421896737340e-06
6.548295454545454e-01,5.795454545454546e-01,-2.873916074233243e-06,-3.067020843282537e-06
6.548295454545454e-01,6.022727272727273e-01,-3.246011640604576e-06,-3.427974094621660e-06
6.548295454545454e-01,6.250000000000000e-01,-3.595009258270165e-06,-3.762925082480626e-06
6.548295454545454e-01,6.477272727272727e-01,-3.871895193148798e-06,-4.024973496890486e-06
6.548295454545454e-01,6.704545454545454e-01,-4.113832934053513e-06,-4.245234003444506e-06
6.548295454545454e-01,6.931818181818182e-01,-4.282947995597528e-06,-4.397845535861430e-06
6.548295454545454e-01,7.159090909090909e-01,-4.394268746955856e-06,-4.480335502196382e-06
6.548295454545454e-01,7.386363636363636e-01,-4.438584414100500e-06,-4.506417785509394e-06
6.548295454545454e-01,7.613636363636364e-01,-4.400695460447100e-06,-4.434169222428329e-06
6.548295454545454e-01,7.840909090909091e-01,-4.304151713438812e-06,-4.311782603747948e-06
6.548295454545454e-01,8.068181818181818e-01,-4.107748010678349e-06,-4.083921967402974e-06
6.548295454545454e-01,8.295454545454546e-01,-3.865433398226676e-06,-3.806664561298554e-06
6.548295454545454e-01,8.522727272727273e-01,-3.505768777077214e-06,-3.424198781162275e-06
6.548295454545454e-01,8.750000000000000e-01,-3.122390058930475e-06,-2.998214885970209e-06
6.548295454545454e-01,8.977272727272727e-01,-2.610232622254231e-06,-2.478201890039233e-06
6.548295454545454e-01,9.204545454545454e-01,-2.087198068629361e-06,-1.925601219871429e-06
6.548295454545454e-01,9.431818181818182e-01,-1.479231914811702e-06,-1.323857343653131e-06
6.548295454545454e-01,9.659090909090909e-01,-8.775002209734445e-07,-7.487835970040522e-07
6.548295454545454e-01,9.886363636363636e-01,-2.503407923134356e-07,-1.905047514080952e-07
6.747159090909091e-01,1.136363636363636e-02,3.562546938597599e-07,4.343011791954074e-07
6.747159090909091e-01,3.409090909090909e-02,1.161144402779179e-06,1.334822420673342e-06
6.747159090909091e-01,5.681818181818182e-02,1.895732776261733e-06,2.069061287091505e-06
6.747159090909091e-01,7.954545454545454e-02,2.602829469176306e-06,2.732312105589893e-06
6.747159090909091e-01,1.022727272727273e-01,3.083405770979021e-06,3.170345473314775e-06
6.747159090909091e-01,1.250000000000000e-01,3.491694541967234e-06,3.545995693549221e-06
6.747159090909091e-01,1.477272727272727e-01,3.687402073178576e-06,3.710373926514918e-06
6.747159090909091e-01,1.704545454545454e-01,3.839066395766653e-06,3.835172787765944e-06
6.747159090909091e-01,1.931818181818182e-01,3.836054771625983e-06,3.809662263885653e-06
6.747159090909091e-01,2.159090909090909e-01,3.787806157471573e-06,3.738973903705539e-06
6.747159090909091e-01,2.386363636363636e-01,3.625369040611730e-06,3.560836890107137e-06
6.747159090909091e-01,2.613636363636364e-01,3.414846918144807e-06,3.333023554029202e-06
6.747159090909091e-01,2.840909090909091e-01,3.131598347914526e-06,3.038180622093707e-06
6.747159090909091e-01,3.068181818181818e-01,2.796221841075218e-06,2.690265094335177e-06
6.747159090909091e-01,3.295454545454545e-01,2.420099787932396e-06,2.306086828312074e-06
6.747159090909091e-01,3.522727272727273e-01,1.994318633415025e-06,1.872168877437476e-06
6.747159090909091e-01,3.750000000000000e-01,1.550389694840250e-06,1.423532117906742e-06
6.747159090909091e-01,3.977272727272727e-01,1.066532539867807e-06,9.357388652338663e-07
6.747159090909091e-01,4.204545454545455e-01,5.758022403110627e-07,4.430907413815680e-07
6.747159090909091e-01,4.431818181818182e-01,6.798231287818107e-08,-6.416651903406671e-08
6.747159090909091e-01,4.659090909090909e-01,-4.413247833025512e-07,-5.723141950209280e-07
6.747159090909091e-01,4.886363636363636e-01,-9.475129952057297e-07,-1.073947091712957e-06
6.747159090909091e-01,5.113636363636364e-01,-1.445766323396444e-06,-1.567195885544794e-06
6.747159090909091e-01,5.340909090909091e-01,-1.927009510969380e-06,-2.040905620757053e-06
6.747159090909091e-01,5.568181818181818e-01,-2.384202510949343e-06,-2.489316202226947e-06
6.747159090909091e-01,5.795454545454546e-01,-2.818473192403629e-06,-2.913343561856196e-06
6.747159090909091e-01,6.022727272727273e-01,-3.205440728745699e-06,-3.287991215293990e-06
6.747159090909091e-01,6.250000000000000e-01,-3.571247784690647e-06,-3.641089219422553e-06
6.747159090909091e-01,6.477272727272727e-01,-3.860081439117272e-06,-3.914428511599585e-06
6.747159090909091e-01,6.704545454545454e-01,-4.125466612517307e-06,-4.164063089058466e-06
6.747159090909091e-01,6.931818181818182e-01,-4.301850356148140e-06,-4.323228470279216e-06
6.747159090909091e-01,7.159090909090909e-01,-4.443608692488480e-06,-4.446159818382434e-06
6.747159090909091e-01,7.386363636363636e-01,-4.489396339728158e-06,-4.474288167768329e-06
6.747159090909091e-01,7.613636363636364e-01,-4.481048338994085e-06,-4.445412307218914e-06
6.747159090909091e-01,7.840909090909091e-01,-4.388880590315964e-06,-4.335555373079338e-06
6.747159090909091e-01,8.068181818181818e-01,-4.214681795430852e-06,-4.140610861679030e-06
6.747159090909091e-01,8.295454545454546e-01,-3.977829444509659e-06,-3.887160866340168e-06
6.747159090909091e-01,8.522727272727273e-01,-3.632440977181008e-06,-3.522912844267427e-06
6.747159090909091e-01,8.750000000000000e-01,-3.251298473203105e-06,-3.128088092074567e-06
6.747159090909091e-01,8.977272727272727e-01,-2.744970033153315e-06,-2.608352998188665e-06
6.747159090909091e-01,9.204545454545454e-01,-2.213855544321097e-06,-2.068931236963486e-06
6.747159090909091e-01,9.431818181818182e-01,-1.602526841291982e-06,-1.460677039843082e-06
6.747159090909091e-01,9.659090909090909e-01,-9.472750965930786e-07,-8.447868875048881e-07
6.747159090909091e-01,9.886363636363636e-01,-3.149252233114507e-07,-2.810252668721669e-07
6.946022727272727e-01,1.136363636363636e-02,3.372352159650670e-07,4.277296444400490e-07
6.946022727272727e-01,3.409090909090909e-02,1.047027535410906e-06,1.295393212141964e-06
6.946022727272727e-01,5.681818181818182e-02,1.777110622334371e-06,2.022483172907122e-06
6.946022727272727e-01,7.954545454545454e-02,2.476097799442584e-06,2.672865961230100e-06
6.946022727272727e-01,1.022727272727273e-01,2.987096621324664e-06,3.130448942617821e-06
6.946022727272727e-01,1.250000000000000e-01,3.420517039334960e-06,3.522248843704177e-06
6.946022727272727e-01,1.477272727272727e-01,3.656080577133284e-06,3.715755893823874e-06
6.946022727272727e-01,1.704545454545454e-01,3.821887353671580e-06,3.850890786968254e-06
6.946022727272727e-01,1.931818181818182e-01,3.862618231849574e-06,3.857662127003666e-06
6.946022727272727e-01,2.159090909090909e-01,3.817734425565831e-06,3.789456987124759e-06
6.946022727272727e-01,2.386363636363636e-01,3.694530107341779e-06,3.639908839702680e-06
6.946022727272727e-01,2.613636363636364e-01,3.489273540606225e-06,3.415808377879908e-06
6.946022727272727e-01,2.840909090909091e-01,3.232352749032791e-06,3.139529817220229e-06
6.946022727272727e-01,3.068181818181818e-01,2.905612464545837e-06,2.797335724963499e-06
6.946022727272727e-01,3.295454545454545e-01,2.545035611637251e-06,2.423456042843632e-06
6.946022727272727e-01,3.522727272727273e-01,2.128517553541320e-06,1.994917015928560e-06
6.946022727272727e-01,3.750000000000000e-01,1.692240738097301e-06,1.550723715320911e-06
6.946022727272727e-01,3.977272727272727e-01,1.215564491605381e-06,1.065644743356042e-06
6.946022727272727e-01,4.204545454545455e-01,7.273822563481762e-07,5.739597513678754e-07
6.946022727272727e-01,4.431818181818182e-01,2.219758216391047e-07,6.447965420494339e-08
6.946022727272727e-01,4.659090909090909e-01,-2.871456212551806e-07,-4.438390092240177e-07
6.946022727272727e-01,4.886363636363636e-01,-7.977834222284039e-07,-9.538017883367949e-07
6.946022727272727e-01,5.113636363636364e-01,-1.297926997375458e-06,-1.449388023464293e-06
6.946022727272727e-01,5.340909090909091e-01,-1.788621419730092e-06,-1.934784965154860e-06
6.946022727272727e-01,5.568181818181818e-01,-2.252224551903698e-06,-2.390097690724439e-06
6.946022727272727e-01,5.795454545454546e-01,-2.698033471306541e-06,-2.826548909733119e-06
6.946022727272727e-01,6.022727272727273e-01,-3.098192016551435e-06,-3.214358096780308e-06
6.946022727272727e-01,6.250000000000000e-01,-3.474895992894368e-06,-3.578328672151414e-06
6.946022727272727e-01,6.477272727272727e-01,-3.785516665320274e-06,-3.872257212021527e-06
6.946022727272727e-01,6.704545454545454e-01,-4.058632716074893e-06,-4.129197651565049e-06
6.946022727272727e-01,6.931818181818182e-01,-4.266514082081942e-06,-4.316763044269040e-06
6.946022727272727e-01,7.159090909090909e-01,-4.410695312451219e-06,-4.441879008640201e-06
6.946022727272727e-01,7.386363636363636e-01,-4.493351130438112e-06,-4.501679495553256e-06
6.946022727272727e-01,7.613636363636364e-01,-4.491295288378058e-06,-4.477895303685364e-06
6.946022727272727e-01,7.840909090909091e-01,-4.430588333070026e-06,-4.393496712953405e-06
6.946022727272727e-01,8.068181818181818e-01,-4.269117792851141e-06,-4.207941434087326e-06
6.946022727272727e-01,8.295454545454546e-01,-4.055176300329153e-06,-3.971392057310074e-06
6.946022727272727e-01,8.522727272727273e-01,-3.725624926503369e-06,-3.616633930815125e-06
6.946022727272727e-01,8.750000000000000e-01,-3.357565238897399e-06,-3.229648657577831e-06
6.946022727272727e-01,8.977272727272727e-01,-2.861866145637027e-06,-2.710420326244709e-06
6.946022727272727e-01,9.204545454545454e-01,-2.334523360504279e-06,-2.171178383989872e-06
6.946022727272727e-01,9.431818181818182e-01,-1.708623610892191e-06,-1.534712796293677e-06
6.946022727272727e-01,9.659090909090909e-01,-1.052251016456136e-06,-9.166525369881140e-07
6.946022727272727e-01,9.886363636363636e-01,-3.149252233117367e-07,-2.810252668723850e-07
7.144886363636364e-01,1.136363636363636e-02,3.295640242198091e-07,4.134640508904160e-07
7.144886363636364e-01,3.409090909090909e-02,1.004034456146890e-06,1.268923339761238e-06
7.144886363636364e-01,5.681818181818182e-02,1.676690215178255e-06,1.972446375746133e-06
7.144886363636364e-01,7.954545454545454e-02,2.369369991103743e-06,2.612820696154903e-06
7.144886363636364e-01,1.022727272727273e-01,2.879954612941433e-06,3.070772808758678e-06
7.144886363636364e-01,1.250000000000000e-01,3.351733860617014e-06,3.487222222724266e-06
7.144886363636364e-01,1.477272727272727e-01,3.598360358597211e-06,3.691712925979279e-06
7.144886363636364e-01,1.704545454545454e-01,3.808588081763536e-06,3.861215489550004e-06
7.144886363636364e-01,1.931818181818182e-01,3.853779144506980e-06,3.872435661959422e-06
7.144886363636364e-01,2.159090909090909e-01,3.851962863099571e-06,3.838751052375230e-06
7.144886363636364e-01,2.386363636363636e-01,3.733429116141684e-06,3.692606341402713e-06
7.144886363636364e-01,2.613636363636364e-01,3.559554071075988e-06,3.493794757938386e-06
7.144886363636364e-01,2.840909090909091e-01,3.312412168717954e-06,3.224411535181155e-06
7.144886363636364e-01,3.068181818181818e-01,3.004928554364269e-06,2.897910059554012e-06
7.144886363636364e-01,3.295454545454545e-01,2.656442412748979e-06,2.532040387136663e-06
7.144886363636364e-01,3.522727272727273e-01,2.249933286301914e-06,2.111924047543408e-06
7.144886363636364e-01,3.750000000000000e-01,1.825336027215363e-06,1.674512868449943e-06
7.144886363636364e-01,3.977272727272727e-01,1.352197129092977e-06,1.192914673001157e-06
7.144886363636364e-01,4.204545454545455e-01,8.717421369498925e-07,7.047253280137149e-07
7.144886363636364e-01,4.431818181818182e-01,3.669667141481302e-07,1.958430315864737e-07
7.144886363636364e-01,4.659090909090909e-01,-1.406267047631522e-07,-3.145130502401162e-07
7.144886363636364e-01,4.886363636363636e-01,-6.517942187209049e-07,-8.254674820220302e-07
7.144886363636364e-01,5.113636363636364e-01,-1.156633166801698e-06,-1.328114474570239e-06
7.144886363636364e-01,5.340909090909091e-01,-1.650838047789534e-06,-1.817852378667034e-06
7.144886363636364e-01,5.568181818181818e-01,-2.122733787059886e-06,-2.282653212643631e-06
7.144886363636364e-01,5.795454545454546e-01,-2.577516891533829e-06,-2.728767433391871e-06
7.144886363636364e-01,6.022727272727273e-01,-2.986757793079783e-06,-3.126111052629490e-06
7.144886363636364e-01,6.250000000000000e-01,-3.380093911082799e-06,-3.506676605160267e-06
7.144886363636364e-01,6.477272727272727e-01,-3.697864981595149e-06,-3.807947426824081e-06
7.144886363636364e-01,6.704545454545454e-01,-3.996492361478245e-06,-4.089384951840011e-06
7.144886363636364e-01,6.931818181818182e-01,-4.207579930731337e-06,-4.280222954756611e-06
7.144886363636364e-01,7.159090909090909e-01,-4.384280389377283e-06,-4.435675357411186e-06
7.144886363636364e-01,7.386363636363636e-01,-4.471325275310273e-06,-4.499246336886999e-06
7.144886363636364e-01,7.613636363636364e-01,-4.499607681111876e-06,-4.502847392880260e-06
7.144886363636364e-01,7.840909090909091e-01,-4.450586163341306e-06,-4.427904758271130e-06
7.144886363636364e-01,8.068181818181818e-01,-4.312114935936367e-06,-4.262428106445714e-06
7.144886363636364e-01,8.295454545454546e-01,-4.115992999947098e-06,-4.039023655216381e-06
7.144886363636364e-01,8.522727272727273e-01,-3.799998445310642e-06,-3.695508159342151e-06
7.144886363636364e-01,8.750000000000000e-01,-3.451907266903940e-06,-3.320488406615985e-06
7.144886363636364e-01,8.977272727272727e-01,-2.959300223597728e-06,-2.803128310246525e-06
7.144886363636364e-01,9.204545454545454e-01,-2.439600423610757e-06,-2.260570387856691e-06
7.144886363636364e-01,9.431818181818182e-01,-1.812262800664516e-06,-1.621736019954537e-06
7.144886363636364e-01,9.659090909090909e-01,-1.124734389694979e-06,-9.662740568694347e-07
7.144886363636364e-01,9.886363636363636e-01,-3.749114632335827e-07,-3.220913522914425e-07
7.343750000000000e-01,1.136363636363636e-02,3.230730158199539e-07,4.013931640407529e-07
7.343750000000000e-01,3.409090909090909e-02,9.792506058929277e-07,1.222834499062768e-06
7.343750000000000e-01,5.681818181818182e-02,1.631511712950055e-06,1.913866827023564e-06
7.343750000000000e-01,7.954545454545454e-02,2.299503225959360e-06,2.539120816666319e-06
7.343750000000000e-01,1.022727272727273e-01,2.814218057431845e-06,3.005758374211382e-06
7.343750000000000e-01,1.250000000000000e-01,3.288291866015646e-06,3.427033035366574e-06
7.343750000000000e-01,1.477272727272727e-01,3.564703256793192e-06,3.661095112447436e-06
7.343750000000000e-01,1.704545454545454e-01,3.780887958518987e-06,3.836511950783332e-06
7.343750000000000e-01,1.931818181818182e-01,3.863544571612221e-06,3.885102315134402e-06
7.343750000000000e-01,2.159090909090909e-01,3.864160839926326e-06,3.853844490330913e-06
7.343750000000000e-01,2.386363636363636e-01,3.777250239348113e-06,3.739247981507515e-06
7.343750000000000e-01,2.613636363636364e-01,3.610959084706639e-06,3.548011491689804e-06
7.343750000000000e-01,2.840909090909091e-01,3.385189964453233e-06,3.299976260118489e-06
7.343750000000000e-01,3.068181818181818e-01,3.088260286202719e-06,2.984006699196463e-06
7.343750000000000e-01,3.295454545454545e-01,2.752549961975478e-06,2.630886186685308e-06
7.343750000000000e-01,3.522727272727273e-01,2.357262339578068e-06,2.221925530666145e-06
7.343750000000000e-01,3.750000000000000e-01,1.938899249407991e-06,1.790711953558286e-06
7.343750000000000e-01,3.977272727272727e-01,1.475283981511275e-06,1.318485079498952e-06
7.343750000000000e-01,4.204545454545455e-01,9.967337154133238e-07,8.321699987894010e-07
7.343750000000000e-01,4.431818181818182e-01,4.972587926329597e-07,3.283092285419628e-07
7.343750000000000e-01,4.659090909090909e-01,-1.039615499816542e-08,-1.821355932363189e-07
7.343750000000000e-01,4.886363636363636e-01,-5.223635423138713e-07,-6.942436443902258e-07
7.343750000000000e-01,5.113636363636364e-01,-1.029024048601433e-06,-1.198837488530542e-06
7.343750000000000e-01,5.340909090909091e-01,-1.528362411808343e-06,-1.694061974386914e-06
7.343750000000000e-01,5.568181818181818e-01,-2.006063444146167e-06,-2.164921448630020e-06
7.343750000000000e-01,5.795454545454546e-01,-2.467874008649155e-06,-2.618369812858771e-06
7.343750000000000e-01,6.022727272727273e-01,-2.888877811467431e-06,-3.027870262412249e-06
7.343750000000000e-01,6.250000000000000e-01,-3.288748874621737e-06,-3.415189609562947e-06
7.343750000000000e-01,6.477272727272727e-01,-3.625771016905282e-06,-3.736228112979035e-06
7.343750000000000e-01,6.704545454545454e-01,-3.928248611142619e-06,-4.021619174345421e-06
7.343750000000000e-01,6.931818181818182e-01,-4.166268287662464e-06,-4.239947103047925e-06
7.343750000000000e-01,7.159090909090909e-01,-4.345068266153853e-06,-4.397526847477881e-06
7.343750000000000e-01,7.386363636363636e-01,-4.459406910077598e-06,-4.488753270033628e-06
7.343750000000000e-01,7.613636363636364e-01,-4.495533772719533e-06,-4.500212458269895e-06
7.343750000000000e-01,7.840909090909091e-01,-4.468619360589898e-06,-4.447415469072875e-06
7.343750000000000e-01,8.068181818181818e-01,-4.342742554804228e-06,-4.294274972381802e-06
7.343750000000000e-01,8.295454545454546e-01,-4.161866497617231e-06,-4.085803761578250e-06
7.343750000000000e-01,8.522727272727273e-01,-3.859929423820641e-06,-3.755237964032215e-06
7.343750000000000e-01,8.750000000000000e-01,-3.519647956991642e-06,-3.387412488155047e-06
7.343750000000000e-01,8.977272727272727e-01,-3.035365663562017e-06,-2.875082255149292e-06
7.343750000000000e-01,9.204545454545454e-01,-2.517330813550364e-06,-2.333530305432199e-06
7.343750000000000e-01,9.431818181818182e-01,-1.877915054597235e-06,-1.674798183799995e-06
7.343750000000000e-01,9.659090909090909e-01,-1.185697196918233e-06,-1.015546066154513e-06
7.343750000000000e-01,9.886363636363636e-01,-3.749114632337927e-07,-3.220913522915888e-07
7.542613636363636e-01,1.136363636363636e-02,3.179633000929923e-07,3.956632481464555e-07
7.542613636363636e-01,3.409090909090909e-02,9.641093317298428e-07,1.198449576219125e-06
7.542613636363636e-01,5.681818181818182e-02,1.601086737712190e-06,1.866412237158091e-06
7.542613636363636e-01,7.954545454545454e-02,2.242243182334340e-06,2.475231084663874e-06
7.542613636363636e-01,1.022727272727273e-01,2.745747550207952e-06,2.935261647823632e-06
7.542613636363636e-01,1.250000000000000e-01,3.224869392789836e-06,3.367151852795953e-06
7.542613636363636e-01,1.477272727272727e-01,3.504908739036462e-06,3.605181046960545e-06
7.542613636363636e-01,1.704545454545454e-01,3.755062252387898e-06,3.814167156675853e-06
7.542613636363636e-01,1.931818181818182e-01,3.839346641482025e-06,3.864358248794676e-06
7.542613636363636e-01,2.159090909090909e-01,3.875458840780327e-06,3.868275376124009e-06
7.542613636363636e-01,2.386363636363636e-01,3.795845889366655e-06,3.760959221642717e-06
7.542613636363636e-01,2.613636363636364e-01,3.655462595028316e-06,3.595342801959609e-06
7.542613636363636e-01,2.840909090909091e-01,3.441414032703254e-06,3.359014533296701e-06
7.542613636363636e-01,3.068181818181818e-01,3.161100945924941e-06,3.059424913893796e-06
7.542613636363636e-01,3.295454545454545e-01,2.839277379728188e-06,2.720162183889373e-06
7.542613636363636e-01,3.522727272727273e-01,2.452984709705954e-06,2.319977965685576e-06
7.542613636363636e-01,3.750000000000000e-01,2.048336791152120e-06,1.902399112946052e-06
7.542613636363636e-01,3.977272727272727e-01,1.588133891021228e-06,1.433386921055565e-06
7.542613636363636e-01,4.204545454545455e-01,1.120519901541149e-06,9.576977365541133e-07
7.542613636363636e-01,4.431818181818182e-01,6.214157878714551e-07,4.541802863160686e-07
7.542613636363636e-01,4.659090909090909e-01,1.187413773948702e-07,-5.167328686024846e-08
7.542613636363636e-01,4.886363636363636e-01,-3.934105960803632e-07,-5.640475578692306e-07
7.542613636363636e-01,5.113636363636364e-01,-9.009027435187500e-07,-1.069853182090245e-06
7.542613636363636e-01,5.340909090909091e-01,-1.403056242136121e-06,-1.568086438588965e-06
7.542613636363636e-01,5.568181818181818e-01,-1.885015222165193e-06,-2.043528180051442e-06
7.542613636363636e-01,5.795454545454546e-01,-2.354464330178013e-06,-2.504948439367705e-06
7.542613636363636e-01,6.022727272727273e-01,-2.780732564406987e-06,-2.919932873987148e-06
7.542613636363636e-01,6.250000000000000e-01,-3.194980506894131e-06,-3.322110569301673e-06
7.542613636363636e-01,6.477272727272727e-01,-3.535921330398867e-06,-3.647139688573666e-06
7.542613636363636e-01,6.704545454545454e-01,-3.860848962937974e-06,-3.955481799902895e-06
7.542613636363636e-01,6.931818181818182e-01,-4.100047258578859e-06,-4.175003369401044e-06
7.542613636363636e-01,7.159090909090909e-01,-4.304857106980313e-06,-4.358957033902987e-06
7.542613636363636e-01,7.386363636363636e-01,-4.425494310440388e-06,-4.456565481784873e-06
7.542613636363636e-01,7.613636363636364e-01,-4.484190735635781e-06,-4.490651052328871e-06
7.542613636363636e-01,7.840909090909091e-01,-4.469399574986658e-06,-4.449998449325591e-06
7.542613636363636e-01,8.068181818181818e-01,-4.360472958528446e-06,-4.313516204810800e-06
7.542613636363636e-01,8.295454545454546e-01,-4.196168508735225e-06,-4.121276777078751e-06
7.542613636363636e-01,8.522727272727273e-01,-3.904108607995526e-06,-3.799957641057873e-06
7.542613636363636e-01,8.750000000000000e-01,-3.581008506637473e-06,-3.447959574248498e-06
7.542613636363636e-01,8.977272727272727e-01,-3.099254843887733e-06,-2.937326829068300e-06
7.542613636363636e-01,9.204545454545454e-01,-2.587955709069914e-06,-2.398361623488775e-06
7.542613636363636e-01,9.431818181818182e-01,-1.948113208613729e-06,-1.738886283507567e-06
7.542613636363636e-01,9.659090909090909e-01,-1.237281110722541e-06,-1.057237766318821e-06
7.542613636363636e-01,9.886363636363636e-01,-4.124270369097061e-07,-3.524125887747590e-07
7.741477272727273e-01,1.136363636363636e-02,3.094471072147265e-07,3.861133883226946e-07
7.741477272727273e-01,3.409090909090909e-02,9.402639916707285e-07,1.171709968712721e-06
7.741477272727273e-01,5.681818181818182e-02,1.562311243301797e-06,1.825586373127659e-06
7.741477272727273e-01,7.954545454545454e-02,2.191134082155500e-06,2.422768747852724e-06
7.741477272727273e-01,1.022727272727273e-01,2.685602839677502e-06,2.878157064796295e-06
7.741477272727273e-01,1.250000000000000e-01,3.161518497941073e-06,3.308400021111260e-06
7.741477272727273e-01,1.477272727272727e-01,3.457278984553713e-06,3.563620055972012e-06
7.741477272727273e-01,1.704545454545454e-01,3.708641816394841e-06,3.773928538048564e-06
7.741477272727273e-01,1.931818181818182e-01,3.823827247176705e-06,3.853980004471346e-06
7.741477272727273e-01,2.159090909090909e-01,3.865345585181357e-06,3.863110128975600e-06
7.741477272727273e-01,2.386363636363636e-01,3.812763327299442e-06,3.781858960368910e-06
7.741477272727273e-01,2.613636363636364e-01,3.683125803846151e-06,3.626585527167454e-06
7.741477272727273e-01,2.840909090909091e-01,3.488419629114174e-06,3.408874634171520e-06
7.741477272727273e-01,3.068181818181818e-01,3.222380541995992e-06,3.122986941459351e-06
7.741477272727273e-01,3.295454545454545e-01,2.912348540735869e-06,2.795043194373362e-06
7.741477272727273e-01,3.522727272727273e-01,2.541732191154523e-06,2.409814572815075e-06
7.741477272727273e-01,3.750000000000000e-01,2.142646837918425e-06,1.997542544691699e-06
7.741477272727273e-01,3.977272727272727e-01,1.697230864772768e-06,1.542460642199548e-06
7.741477272727273e-01,4.204545454545455e-01,1.230754331214630e-06,1.067843018421045e-06
7.741477272727273e-01,4.431818181818182e-01,7.419237001716966e-07,5.737234823977352e-07
7.741477272727273e-01,4.659090909090909e-01,2.399820037655924e-07,6.846516113861846e-08
7.741477272727273e-01,4.886363636363636e-01,-2.685063993572379e-07,-4.409328502843619e-07
7.741477272727273e-01,5.113636363636364e-01,-7.765642324490997e-07,-9.475749086173157e-07
7.741477272727273e-01,5.340909090909091e-01,-1.279735965242726e-06,-1.447313746517527e-06
7.741477272727273e-01,5.568181818181818e-01,-1.765805322502051e-06,-1.927228944753793e-06
7.741477272727273e-01,5.795454545454546e-01,-2.238649959531167e-06,-2.392344668361448e-06
7.741477272727273e-01,6.022727272727273e-01,-2.674631862883930e-06,-2.817431584956093e-06
7.741477272727273e-01,6.250000000000000e-01,-3.092326591189193e-06,-3.223194031939239e-06
7.741477272727273e-01,6.477272727272727e-01,-3.450248366652429e-06,-3.565515819920150e-06
7.741477272727273e-01,6.704545454545454e-01,-3.776482226265266e-06,-3.875188136534679e-06
7.741477272727273e-01,6.931818181818182e-01,-4.038250417723032e-06,-4.117352693663994e-06
7.741477272727273e-01,7.159090909090909e-01,-4.247330397674238e-06,-4.305529080719169e-06
7.741477272727273e-01,7.386363636363636e-01,-4.389318258883073e-06,-4.424251141367215e-06
7.741477272727273e-01,7.613636363636364e-01,-4.457637023728327e-06,-4.467682792085704e-06
7.741477272727273e-01,7.840909090909091e-01,-4.460166074448954e-06,-4.443853133396509e-06
7.741477272727273e-01,8.068181818181818e-01,-4.365397415390794e-06,-4.320731950853170e-06
7.741477272727273e-01,8.295454545454546e-01,-4.212788669536745e-06,-4.139529922141016e-06
7.741477272727273e-01,8.522727272727273e-01,-3.936484548732307e-06,-3.832169366032415e-06
7.741477272727273e-01,8.750000000000000e-01,-3.618975207996444e-06,-3.485124343708044e-06
7.741477272727273e-01,8.977272727272727e-01,-3.148178944859541e-06,-2.981847379105260e-06
7.741477272727273e-01,9.204545454545454e-01,-2.637722686935017e-06,-2.443448002800921e-06
7.741477272727273e-01,9.431818181818182e-01,-1.992035179357353e-06,-1.772655245891602e-06
7.741477272727273e-01,9.659090909090909e-01,-1.273882753008917e-06,-1.085378568305532e-06
7.741477272727273e-01,9.886363636363636e-01,-4.124270369098413e-07,-3.524125887748542e-07
7.940340909090909e-01,1.136363636363636e-02,3.071010714175798e-07,3.830934356562345e-07
7.940340909090909e-01,3.409090909090909e-02,9.259952858440331e-07,1.155320212293094e-06
7.940340909090909e-01,5.681818181818182e-02,1.536193607655976e-06,1.796520987458794e-06
7.940340909090909e-01,7.954545454545454e-02,2.146191469284153e-06,2.375942430044867e-06
7.940340909090909e-01,1.022727272727273e-01,2.633715169597010e-06,2.825105423273736e-06
7.940340909090909e-01,1.250000000000000e-01,3.098846389698983e-06,3.249807634104865e-06
7.940340909090909e-01,1.477272727272727e-01,3.394950864259655e-06,3.505756819572971e-06
7.940340909090909e-01,1.704545454545454e-01,3.663627537607038e-06,3.734874412753124e-06
7.940340909090909e-01,1.931818181818182e-01,3.782491663827917e-06,3.818480685640664e-06
7.940340909090909e-01,2.159090909090909e-01,3.850875697972263e-06,3.853640842713944e-06
7.940340909090909e-01,2.386363636363636e-01,3.808333411973572e-06,3.782070954574964e-06
7.940340909090909e-01,2.613636363636364e-01,3.700683987988795e-06,3.648052299704879e-06
7.940340909090909e-01,2.840909090909091e-01,3.521021892495884e-06,3.444821587783257e-06
7.940340909090909e-01,3.068181818181818e-01,3.269678920133312e-06,3.173120554368538e-06
7.940340909090909e-01,3.295454545454545e-01,2.977644570618571e-06,2.862453149631739e-06
7.940340909090909e-01,3.522727272727273e-01,2.614823943060834e-06,2.484739259526812e-06
7.940340909090909e-01,3.750000000000000e-01,2.234449036802571e-06,2.090317459657752e-06
7.940340909090909e-01,3.977272727272727e-01,1.791351299500424e-06,1.637470440798459e-06
7.940340909090909e-01,4.204545454545455e-01,1.340634041216712e-06,1.177714725946715e-06
7.940340909090909e-01,4.431818181818182e-01,8.530264438198217e-07,6.847139892346829e-07
7.940340909090909e-01,4.659090909090909e-01,3.600010125486733e-07,1.876193852841489e-07
7.940340909090909e-01,4.886363636363636e-01,-1.471266358718359e-07,-3.206731582926021e-07
7.940340909090909e-01,5.113636363636364e-01,-6.522613912567549e-07,-8.249480489208156e-07
7.940340909090909e-01,5.340909090909091e-01,-1.156225083965246e-06,-1.325857894577742e-06
7.940340909090909e-01,5.568181818181818e-01,-1.643180032707724e-06,-1.807028251557250e-06
7.940340909090909e-01,5.795454545454546e-01,-2.121207319288028e-06,-2.277784420662291e-06
7.940340909090909e-01,6.022727272727273e-01,-2.559583062226375e-06,-2.705463921015915e-06
7.940340909090909e-01,6.250000000000000e-01,-2.988871524647128e-06,-3.123284169066238e-06
7.940340909090909e-01,6.477272727272727e-01,-3.348395841473318e-06,-3.467266663986864e-06
7.940340909090909e-01,6.704545454545454e-01,-3.692898793372559e-06,-3.795540019540609e-06
7.940340909090909e-01,6.931818181818182e-01,-3.957353877189478e-06,-4.040400170435540e-06
7.940340909090909e-01,7.159090909090909e-01,-4.186218229511481e-06,-4.248421023942631e-06
7.940340909090909e-01,7.386363636363636e-01,-4.336136335026998e-06,-4.374985283618108e-06
7.940340909090909e-01,7.613636363636364e-01,-4.421931390895232e-06,-4.435690145105495e-06
7.940340909090909e-01,7.840909090909091e-01,-4.437931717125665e-06,-4.424944998660588e-06
7.940340909090909e-01,8.068181818181818e-01,-4.356258347967402e-06,-4.314520645417626e-06
7.940340909090909e-01,8.295454545454546e-01,-4.221500939704722e-06,-4.150165173104257e-06
7.940340909090909e-01,8.522727272727273e-01,-3.952599485456183e-06,-3.849736427672551e-06
7.940340909090909e-01,8.750000000000000e-01,-3.653895430449503e-06,-3.519351645888641e-06
7.940340909090909e-01,8.977272727272727e-01,-3.184731741446006e-06,-3.017385371874613e-06
7.940340909090909e-01,9.204545454545454e-01,-2.684726922729072e-06,-2.485559243689433e-06
7.940340909090909e-01,9.431818181818182e-01,-2.038343580970279e-06,-1.813419175241054e-06
7.940340909090909e-01,9.659090909090909e-01,-1.312575917711643e-06,-1.115127416120046e-06
7.940340909090909e-01,9.886363636363636e-01,-4.375253059062501e-07,-3.717091387086248e-07
8.139204545454546e-01,1.136363636363636e-02,2.981861353884662e-07,3.716176155238842e-07
8.139204545454546e-01,3.409090909090909e-02,9.062885851481255e-07,1.129952609895351e-06
8.139204545454546e-01,5.681818181818182e-02,1.501555956915504e-06,1.757712179699621e-06
8.139204545454546e-01,7.954545454545454e-02,2.103258846296701e-06,2.329666285973789e-06
8.139204545454546e-01,1.022727272727273e-01,2.578518826305173e-06,2.769548985606067e-06
8.139204545454546e-01,1.250000000000000e-01,3.041197302346268e-06,3.192395137717878e-06
8.139204545454546e-01,1.477272727272727e-01,3.340191275670405e-06,3.454469188287754e-06
8.139204545454546e-01,1.704545454545454e-01,3.610307297097811e-06,3.685086692656869e-06
8.139204545454546e-01,1.931818181818182e-01,3.747882948358977e-06,3.788191811000917e-06
8.139204545454546e-01,2.159090909090909e-01,3.823575482229305e-06,3.830566364702273e-06
8.139204545454546e-01,2.386363636363636e-01,3.801629877276561e-06,3.779327957969692e-06
8.139204545454546e-01,2.613636363636364e-01,3.707100966983674e-06,3.658159554708427e-06
8.139204545454546e-01,2.840909090909091e-01,3.543321598591471e-06,3.470484410523798e-06
8.139204545454546e-01,3.068181818181818e-01,3.309442005611317e-06,3.215815735180990e-06
8.139204545454546e-01,3.295454545454545e-01,3.027109533531254e-06,2.914610751595252e-06
8.139204545454546e-01,3.522727272727273e-01,2.684104874009755e-06,2.556138768851614e-06
8.139204545454546e-01,3.750000000000000e-01,2.307693161358740e-06,2.165565350454813e-06
8.139204545454546e-01,3.977272727272727e-01,1.884068605142077e-06,1.731491354111519e-06
8.139204545454546e-01,4.204545454545455e-01,1.434389738200656e-06,1.272723235266009e-06
8.139204545454546e-01,4.431818181818182e-01,9.602812282535526e-07,7.925612466350104e-07
8.139204545454546e-01,4.659090909090909e-01,4.696512665430226e-07,2.976741264605660e-07
8.139204545454546e-01,4.886363636363636e-01,-3.072551311574364e-08,-2.043973264744780e-07
8.139204545454546e-01,5.113636363636364e-01,-5.342987908182565e-07,-7.074322619459170e-07
8.139204545454546e-01,5.340909090909091e-01,-1.036372273700677e-06,-1.206841109255169e-06
8.139204545454546e-01,5.568181818181818e-01,-1.524851067088162e-06,-1.689971462963408e-06
8.139204545454546e-01,5.795454545454546e-01,-2.003724934026804e-06,-2.161816519139966e-06
8.139204545454546e-01,6.022727272727273e-01,-2.448849679068830e-06,-2.596752211052872e-06
8.139204545454546e-01,6.250000000000000e-01,-2.879487941910319e-06,-3.016023697415052e-06
8.139204545454546e-01,6.477272727272727e-01,-3.252473606185328e-06,-3.373956130629294e-06
8.139204545454546e-01,6.704545454545454e-01,-3.598271933110804e-06,-3.703546590435336e-06
8.139204545454546e-01,6.931818181818182e-01,-3.879566892268775e-06,-3.965529096610145e-06
8.139204545454546e-01,7.159090909090909e-01,-4.114125419389665e-06,-4.179253816091595e-06
8.139204545454546e-01,7.386363636363636e-01,-4.280090744792953e-06,-4.321892607149353e-06
8.139204545454546e-01,7.613636363636364e-01,-4.376661992643171e-06,-4.393219627150734e-06
8.139204545454546e-01,7.840909090909091e-01,-4.405707182851795e-06,-4.395332883117503e-06
8.139204545454546e-01,8.068181818181818e-01,-4.339323702769777e-06,-4.299637986291501e-06
8.139204545454546e-01,8.295454545454546e-01,-4.213060677327232e-06,-4.143465545320890e-06
8.139204545454546e-01,8.522727272727273e-01,-3.961506340517691e-06,-3.859028193305639e-06
8.139204545454546e-01,8.750000000000000e-01,-3.666271708998811e-06,-3.531841690205021e-06
8.139204545454546e-01,8.977272727272727e-01,-3.210821642715935e-06,-3.040885217136543e-06
8.139204545454546e-01,9.204545454545454e-01,-2.710850398513169e-06,-2.508815901186484e-06
8.139204545454546e-01,9.431818181818182e-01,-2.064903525438579e-06,-1.833514391794684e-06
8.139204545454546e-01,9.659090909090909e-01,-1.332179686247792e-06,-1.129959599766789e-06
8.139204545454546e-01,9.886363636363636e-01,-4.375253059063373e-07,-3.717091387086845e-07
8.338068181818181e-01,1.136363636363636e-02,2.976888670183463e-07,3.710007033740344e-07
8.338068181818181e-01,3.409090909090909e-02,8.940611377923604e-07,1.114235934413553e-06
8.338068181818181e-01,5.681818181818182e-02,1.481325631585536e-06,1.731861265112165e-06
8.338068181818181e-01,7.954545454545454e-02,2.064779582023376e-06,2.287387231500141e-06
8.338068181818181e-01,1.022727272727273e-01,2.535258986117601e-06,2.722992032276631e-06
8.338068181818181e-01,1.250000000000000e-01,2.983571389802132e-06,3.134966983318150e-06
8.338068181818181e-01,1.477272727272727e-01,3.282555800139203e-06,3.397175001208364e-06
8.338068181818181e-01,1.704545454545454e-01,3.555686535639052e-06,3.633931853227823e-06
8.338068181818181e-01,1.931818181818182e-01,3.697580231140285e-06,3.741536705138757e-06
8.338068181818181e-01,2.159090909090909e-01,3.789146419923122e-06,3.800442543341363e-06
8.338068181818181e-01,2.386363636363636e-01,3.778495769092349e-06,3.760353658670354e-06
8.338068181818181e-01,2.613636363636364e-01,3.700547127302483e-06,3.655555961853703e-06
8.338068181818181e-01,2.840909090909091e-01,3.554031592715398e-06,3.484789043470153e-06
8.338068181818181e-01,3.068181818181818e-01,3.331850371984945e-06,3.241581364225336e-06
8.338068181818181e-01,3.295454545454545e-01,3.070862030261171e-06,2.961193707171934e-06
8.338068181818181e-01,3.522727272727273e-01,2.733641366770027e-06,2.608365630822471e-06
8.338068181818181e-01,3.750000000000000e-01,2.380442645247177e-06,2.240332732477465e-06
8.338068181818181e-01,3.977272727272727e-01,1.957817573979211e-06,1.807227666913343e-06
8.338068181818181e-01,4.204545454545455e-01,1.527123406200478e-06,1.366762388841318e-06
8.338068181818181e-01,4.431818181818182e-01,1.056130070280248e-06,8.895631882290195e-07
8.338068181818181e-01,4.659090909090909e-01,5.769008596625169e-07,4.055190246282093e-07
8.338068181818181e-01,4.886363636363636e-01,8.022616932470653e-08,-9.314086247105991e-08
8.338068181818181e-01,5.113636363636364e-01,-4.179230809115913e-07,-5.911784945936626e-07
8.338068181818181e-01,5.340909090909091e-01,-9.179419878961090e-07,-1.088955821959791e-06
8.338068181818181e-01,5.568181818181818e-01,-1.405043611381637e-06,-1.570996344754982e-06
8.338068181818181e-01,5.795454545454546e-01,-1.885779955108621e-06,-2.045236952488878e-06
8.338068181818181e-01,6.022727272727273e-01,-2.331432068306927e-06,-2.480844961591143e-06
8.338068181818181e-01,6.250000000000000e-01,-2.769976305041298e-06,-2.908616558065624e-06
8.338068181818181e-01,6.477272727272727e-01,-3.143492465966374e-06,-3.267104815019639e-06
8.338068181818181e-01,6.704545454545454e-01,-3.502443298993395e-06,-3.610323333613499e-06
8.338068181818181e-01,6.931818181818182e-01,-3.787624383230070e-06,-3.876257152545203e-06
8.338068181818181e-01,7.159090909090909e-01,-4.036433607497769e-06,-4.104469349289785e-06
8.338068181818181e-01,7.386363636363636e-01,-4.211199021226609e-06,-4.255923205944278e-06
8.338068181818181e-01,7.613636363636364e-01,-4.320697153320602e-06,-4.340195831040508e-06
8.338068181818181e-01,7.840909090909091e-01,-4.363921543505521e-06,-4.356285611367793e-06
8.338068181818181e-01,8.068181818181818e-01,-4.307142164171637e-06,-4.270052398964417e-06
8.338068181818181e-01,8.295454545454546e-01,-4.199566780933392e-06,-4.131882626947868e-06
8.338068181818181e-01,8.522727272727273e-01,-3.953038798820542e-06,-3.852278772490451e-06
8.338068181818181e-01,8.750000000000000e-01,-3.678125076301630e-06,-3.543825044534825e-06
8.338068181818181e-01,8.977272727272727e-01,-3.223382778358385e-06,-3.053466128344228e-06
8.338068181818181e-01,9.204545454545454e-01,-2.736624357210582e-06,-2.531969173117637e-06
8.338068181818181e-01,9.431818181818182e-01,-2.090778207678499e-06,-1.855938100431200e-06
8.338068181818181e-01,9.659090909090909e-01,-1.358107251085895e-06,-1.149576358783429e-06
8.338068181818181e-01,9.886363636363636e-01,-4.527024170311162e-07,-3.831921195964982e-07
8.536931818181819e-01,1.136363636363636e-02,2.862516945060952e-07,3.568117239290196e-07
8.536931818181819e-01,3.409090909090909e-02,8.731758662482726e-07,1.088325624122719e-06
8.536931818181819e-01,5.681818181818182e-02,1.445077893916391e-06,1.691368847051809e-06
8.536931818181819e-01,7.954545454545454e-02,2.023080646696952e-06,2.241720517134469e-06
8.536931818181819e-01,1.022727272727273e-01,2.479653012872726e-06,2.665807857822824e-06
8.536931818181819e-01,1.250000000000000e-01,2.926895644409682e-06,3.076896850396026e-06
8.536931818181819e-01,1.477272727272727e-01,3.222588910526503e-06,3.338606630638644e-06
8.536931818181819e-01,1.704545454545454e-01,3.497559319443694e-06,3.577506482198711e-06
8.536931818181819e-01,1.931818181818182e-01,3.648651382031629e-06,3.695826331812677e-06
8.536931818181819e-01,2.159090909090909e-01,3.748026701698560e-06,3.762715647300073e-06
8.536931818181819e-01,2.386363636363636e-01,3.751432486459156e-06,3.736997021741685e-06
8.536931818181819e-01,2.613636363636364e-01,3.688076215807727e-06,3.646694033269489e-06
8.536931818181819e-01,2.840909090909091e-01,3.553615248682830e-06,3.487901004387879e-06
8.536931818181819e-01,3.068181818181818e-01,3.351569104999556e-06,3.264525004287388e-06
8.536931818181819e-01,3.295454545454545e-01,3.097725468034458e-06,2.991174394672295e-06
8.536931818181819e-01,3.522727272727273e-01,2.784281599085880e-06,2.661640307753580e-06
8.536931818181819e-01,3.750000000000000e-01,2.432911861758613e-06,2.295399254749402e-06
8.536931818181819e-01,3.977272727272727e-01,2.032791977250456e-06,1.884216259394509e-06
8.536931818181819e-01,4.204545454545455e-01,1.605169496373975e-06,1.446717383296878e-06
8.536931818181819e-01,4.431818181818182e-01,1.149534594965002e-06,9.843501925565538e-07
8.536931818181819e-01,4.659090909090909e-01,6.751740359726537e-07,5.049350165629155e-07
8.536931818181819e-01,4.886363636363636e-01,1.872629185605321e-07,1.460730715655609e-08
8.536931818181819e-01,5.113636363636364e-01,-3.063427179038544e-07,-4.792678974338533e-07
8.536931818181819e-01,5.340909090909091e-01,-8.026082048159237e-07,-9.736066977081694e-07
8.536931818181819e-01,5.568181818181818e-01,-1.287780347155194e-06,-1.454231817870482e-06
8.536931818181819e-01,5.795454545454546e-01,-1.767832036281892e-06,-1.927970185960454e-06
8.536931818181819e-01,6.022727272727273e-01,-2.216442636121676e-06,-2.367149714360163e-06
8.536931818181819e-01,6.250000000000000e-01,-2.655214448751545e-06,-2.795196043088293e-06
8.536931818181819e-01,6.477272727272727e-01,-3.037550121530631e-06,-3.163078958819152e-06
8.536931818181819e-01,6.704545454545454e-01,-3.398826180943005e-06,-3.508694300303628e-06
8.536931818181819e-01,6.931818181818182e-01,-3.695633397106450e-06,-3.786612233688416e-06
8.536931818181819e-01,7.159090909090909e-01,-3.950943074378702e-06,-4.021399909012251e-06
8.536931818181819e-01,7.386363636363636e-01,-4.137409303515736e-06,-4.184689627109400e-06
8.536931818181819e-01,7.613636363636364e-01,-4.258481728763358e-06,-4.280480804128448e-06
8.536931818181819e-01,7.840909090909091e-01,-4.311267491553448e-06,-4.306085909957192e-06
8.536931818181819e-01,8.068181818181818e-01,-4.270899907882039e-06,-4.235870671342505e-06
8.536931818181819e-01,8.295454545454546e-01,-4.169148065040157e-06,-4.103384696476781e-06
8.536931818181819e-01,8.522727272727273e-01,-3.941964753439431e-06,-3.842080194845526e-06
8.536931818181819e-01,8.750000000000000e-01,-3.668539082498374e-06,-3.535034109414990e-06
8.536931818181819e-01,8.977272727272727e-01,-3.229809432099046e-06,-3.058762781149851e-06
8.536931818181819e-01,9.204545454545454e-01,-2.744116620865175e-06,-2.537873678017193e-06
8.536931818181819e-01,9.431818181818182e-01,-2.103598520902754e-06,-1.864881865800422e-06
8.536931818181819e-01,9.659090909090909e-01,-1.366348881015791e-06,-1.155325922235083e-06
8.536931818181819e-01,9.886363636363636e-01,-4.527024170311661e-07,-3.831921195965305e-07
8.735795454545454e-01,1.136363636363636e-02,2.862516945060670e-07,3.568117239289433e-07
8.735795454545454e-01,3.409090909090909e-02,8.587550835154415e-07,1.070435171779024e-06
8.735795454545454e-01,5.681818181818182e-02,1.424192622372303e-06,1.665458536760975e-06
8.735795454545454e-01,7.954545454545454e-02,1.983859528487473e-06,2.198405755634850e-06
8.735795454545454e-01,1.022727272727273e-01,2.437954077546301e-06,2.620141143457153e-06
8.735795454545454e-01,1.250000000000000e-01,2.870219899017235e-06,3.018826717473901e-06
8.735795454545454e-01,1.477272727272727e-01,3.165521362250692e-06,3.280477183710854e-06
8.735795454545454e-01,1.704545454545454e-01,3.437592429830996e-06,3.518938111628992e-06
8.735795454545454e-01,1.931818181818182e-01,3.592101028765421e-06,3.641237817532656e-06
8.735795454545454e-01,2.159090909090909e-01,3.699097852589906e-06,3.717005273973992e-06
8.735795454545454e-01,2.386363636363636e-01,3.713436420588232e-06,3.702463516614311e-06
8.735795454545454e-01,2.613636363636364e-01,3.661012933174535e-06,3.623337396340820e-06
8.735795454545454e-01,2.840909090909091e-01,3.544951042702449e-06,3.482820304067436e-06
8.735795454545454e-01,3.068181818181818e-01,3.351152760966987e-06,3.267636965205115e-06
8.735795454545454e-01,3.295454545454545e-01,3.121341312735618e-06,3.017956424246153e-06
8.735795454545454e-01,3.522727272727273e-01,2.811145036859167e-06,2.691620995253942e-06
8.735795454545454e-01,3.750000000000000e-01,2.485381078270048e-06,2.350465777021338e-06
8.735795454545454e-01,3.977272727272727e-01,2.087940382661869e-06,1.941892551929448e-06
8.735795454545454e-01,4.204545454545455e-01,1.680143899645219e-06,1.523705975778043e-06
8.735795454545454e-01,4.431818181818182e-01,1.230213559626142e-06,1.066847817275880e-06
8.735795454545454e-01,4.659090909090909e-01,7.685785606574067e-07,5.997220208904487e-07
8.735795454545454e-01,4.886363636363636e-01,2.874835555208209e-07,1.158748941341301e-07
8.735795454545454e-01,5.113636363636364e-01,-1.993059686680300e-07,-3.715197278062385e-07
8.735795454545454e-01,5.340909090909091e-01,-6.898425512589939e-07,-8.606102498877891e-07
8.735795454545454e-01,5.568181818181818e-01,-1.172446564075010e-06,-1.338882693618862e-06
8.735795454545454e-01,5.795454545454546e-01,-1.650195324091658e-06,-1.810931710179269e-06
8.735795454545454e-01,6.022727272727273e-01,-2.098494717294948e-06,-2.249882947831740e-06
8.735795454545454e-01,6.250000000000000e-01,-2.540452592461794e-06,-2.681775528110963e-06
8.735795454545454e-01,6.477272727272727e-01,-2.923838207128262e-06,-3.050776855600971e-06
8.735795454545454e-01,6.704545454545454e-01,-3.292883836507263e-06,-3.404668444103143e-06
8.735795454545454e-01,6.931818181818182e-01,-3.594009330243508e-06,-3.687037619999075e-06
8.735795454545454e-01,7.159090909090909e-01,-3.858952088255084e-06,-3.931754990155464e-06
8.735795454545454e-01,7.386363636363636e-01,-4.054518951598492e-06,-4.104250378263568e-06
8.735795454545454e-01,7.613636363636364e-01,-4.184692011052486e-06,-4.209247225293571e-06
8.735795454545454e-01,7.840909090909091e-01,-4.252071447818889e-06,-4.249375722677173e-06
8.735795454545454e-01,8.068181818181818e-01,-4.218245855929966e-06,-4.185670969931904e-06
8.735795454545454e-01,8.295454545454546e-01,-4.136082285330394e-06,-4.072303221846230e-06
8.735795454545454e-01,8.522727272727273e-01,-3.911546037546196e-06,-3.813582264374440e-06
8.735795454545454e-01,8.750000000000000e-01,-3.658953088695119e-06,-3.526243174295155e-06
8.735795454545454e-01,8.977272727272727e-01,-3.222129705860543e-06,-3.051648939830666e-06
8.735795454545454e-01,9.204545454545454e-01,-2.750543274605835e-06,-2.543170330822815e-06
8.735795454545454e-01,9.431818181818182e-01,-2.112004164483574e-06,-1.871307386780492e-06
8.735795454545454e-01,9.659090909090909e-01,-1.379169194240044e-06,-1.164269687604305e-06
8.735795454545454e-01,9.886363636363636e-01,-4.591125736433180e-07,-3.876640022811577e-07
8.934659090909092e-01,1.136363636363636e-02,2.731633496024502e-07,3.405876021246844e-07
8.934659090909092e-01,3.409090909090909e-02,8.374865230470842e-07,1.044070973847156e-06
8.934659090909092e-01,5.681818181818182e-02,1.385192456436196e-06,1.621875496486187e-06
8.934659090909092e-01,7.954545454545454e-02,1.941306906223171e-06,2.151460942195842e-06
8.934659090909092e-01,1.022727272727273e-01,2.379987719608091e-06,2.559607155813717e-06
8.934659090909092e-01,1.250000000000000e-01,2.811183768931451e-06,2.957406771362147e-06
8.934659090909092e-01,1.477272727272727e-01,3.100708377940047e-06,3.215469636400778e-06
8.934659090909092e-01,1.704545454545454e-01,3.373531016393498e-06,3.455270659276670e-06
8.934659090909092e-01,1.931818181818182e-01,3.531862894165193e-06,3.582901138204807e-06
8.934659090909092e-01,2.159090909090909e-01,3.645754827496294e-06,3.666143501159962e-06
8.934659090909092e-01,2.386363636363636e-01,3.668871745180055e-06,3.661026681125485e-06
8.934659090909092e-01,2.613636363636364e-01,3.631300851358090e-06,3.597003082994141e-06
8.934659090909092e-01,2.840909090909091e-01,3.523545690520327e-06,3.464927132399002e-06
8.934659090909092e-01,3.068181818181818e-01,3.351756460114936e-06,3.271692024293064e-06
8.934659090909092e-01,3.295454545454545e-01,3.126343133446385e-06,3.026399086970712e-06
8.934659090909092e-01,3.522727272727273e-01,2.842787547294343e-06,2.726413561876678e-06
8.934659090909092e-01,3.750000000000000e-01,2.518852572900806e-06,2.387050188984901e-06
8.934659090909092e-01,3.977272727272727e-01,2.144515513602294e-06,2.001194912162445e-06
8.934659090909092e-01,4.204545454545455e-01,1.742484042433694e-06,1.588633807622731e-06
8.934659090909092e-01,4.431818181818182e-01,1.308664009133366e-06,1.147506635754391e-06
8.934659090909092e-01,4.659090909090909e-01,8.551108441368511e-07,6.881905131447413e-07
8.934659090909092e-01,4.886363636363636e-01,3.837410967973376e-07,2.137422769390264e-07
8.934659090909092e-01,5.113636363636364e-01,-9.470483163832446e-08,-2.657353174963920e-07
8.934659090909092e-01,5.340909090909091e-01,-5.806352483367181e-07,-7.504563208382451e-07
8.934659090909092e-01,5.568181818181818e-01,-1.056977914448160e-06,-1.223054941970174e-06
8.934659090909092e-01,5.795454545454546e-01,-1.533486646027001e-06,-1.693981574753018e-06
8.934659090909092e-01,6.022727272727273e-01,-1.980094365463018e-06,-2.131953568560851e-06
8.934659090909092e-01,6.250000000000000e-01,-2.422279816525362e-06,-2.564120881093723e-06
8.934659090909092e-01,6.477272727272727e-01,-2.809629467726316e-06,-2.937711712090783e-06
8.934659090909092e-01,6.704545454545454e-01,-3.181186625899437e-06,-3.294265413046686e-06
8.934659090909092e-01,6.931818181818182e-01,-3.489603178824737e-06,-3.584349967360805e-06
8.934659090909092e-01,7.159090909090909e-01,-3.761185755532460e-06,-3.835893184364194e-06
8.934659090909092e-01,7.386363636363636e-01,-3.964864852710604e-06,-4.016724113212607e-06
8.934659090909092e-01,7.613636363636364e-01,-4.106994939450085e-06,-4.133784796686200e-06
8.934659090909092e-01,7.840909090909091e-01,-4.181034961644346e-06,-4.180631257024641e-06
8.934659090909092e-01,8.068181818181818e-01,-4.164654632566709e-06,-4.134224932920651e-06
8.934659090909092e-01,8.295454545454546e-01,-4.085976968429625e-06,-4.024312561765502e-06
8.934659090909092e-01,8.522727272727273e-01,-3.882578791867749e-06,-3.786090479281646e-06
8.934659090909092e-01,8.750000000000000e-01,-3.631473894594527e-06,-3.500159031727450e-06
8.934659090909092e-01,8.977272727272727e-01,-3.211695865601110e-06,-3.041443213547220e-06
8.934659090909092e-01,9.204545454545454e-01,-2.743511386134439e-06,-2.535865104331063e-06
8.934659090909092e-01,9.431818181818182e-01,-2.113722767102771e-06,-1.871342353895044e-06
8.934659090909092e-01,9.659090909090909e-01,-1.380827745930697e-06,-1.164706030545254e-06
8.934659090909092e-01,9.886363636363636e-01,-4.600283103022118e-07,-3.883028426646828e-07
9.133522727272727e-01,1.136363636363636e-02,2.731633496024175e-07,3.405876021245988e-07
9.133522727272727e-01,3.409090909090909e-02,8.194900488046228e-07,1.021762806366331e-06
9.133522727272727e-01,5.681818181818182e-02,1.362287852854890e-06,1.593483283328797e-06
9.133522727272727e-01,7.954545454545454e-02,1.897595058433870e-06,2.103378343362302e-06
9.133522727272727e-01,1.022727272727273e-01,2.335411274329318e-06,2.510732047197035e-06
9.133522727272727e-01,1.250000000000000e-01,2.751966070792335e-06,2.895729147312731e-06
9.133522727272727e-01,1.477272727272727e-01,3.040157559595193e-06,3.152964104382518e-06
9.133522727272727e-01,1.704545454545454e-01,3.308092090627607e-06,3.389729464705983e-06
9.133522727272727e-01,1.931818181818182e-01,3.468520605181030e-06,3.520283270776572e-06
9.133522727272727e-01,2.159090909090909e-01,3.585495827897026e-06,3.607824644235334e-06
9.133522727272727e-01,2.386363636363636e-01,3.618154430021476e-06,3.612952321293471e-06
9.133522727272727e-01,2.613636363636364e-01,3.587071881619181e-06,3.555894981185105e-06
9.133522727272727e-01,2.840909090909091e-01,3.497591525976925e-06,3.442389542282101e-06
9.133522727272727e-01,3.068181818181818e-01,3.330786333352127e-06,3.254219119183110e-06
9.133522727272727e-01,3.295454545454545e-01,3.131133432980083e-06,3.034625003160897e-06
9.133522727272727e-01,3.522727272727273e-01,2.848839281546421e-06,2.735892707025924e-06
9.133522727272727e-01,3.750000000000000e-01,2.550862704309974e-06,2.422212900155512e-06
9.133522727272727e-01,3.977272727272727e-01,2.181857253390614e-06,2.041600226779848e-06
9.133522727272727e-01,4.204545454545455e-01,1.799375012945579e-06,1.648262001545040e-06
9.133522727272727e-01,4.431818181818182e-01,1.374389663974887e-06,1.215761499766215e-06
9.133522727272727e-01,4.659090909090909e-01,9.338286818160730e-07,7.691316566999702e-07
9.133522727272727e-01,4.886363636363636e-01,4.730298668646814e-07,3.048996058753461e-07
9.133522727272727e-01,5.113636363636364e-01,1.772172452942252e-09,-1.676309825009303e-07
9.133522727272727e-01,5.340909090909091e-01,-4.740246792817973e-07,-6.427390446154495e-07
9.133522727272727e-01,5.568181818181818e-01,-9.476036458576974e-07,-1.112715954503560e-06
9.133522727272727e-01,5.795454545454546e-01,-1.416849353729381e-06,-1.577068625160680e-06
9.133522727272727e-01,6.022727272727273e-01,-1.863241337789676e-06,-2.014858681777674e-06
9.133522727272727e-01,6.250000000000000e-01,-2.303844662154571e-06,-2.446140531611877e-06
9.133522727272727e-01,6.477272727272727e-01,-2.692109091017330e-06,-2.820790478802871e-06
9.133522727272727e-01,6.704545454545454e-01,-3.067020433950401e-06,-3.181227605803203e-06
9.133522727272727e-01,6.931818181818182e-01,-3.379435309656795e-06,-3.475543174088585e-06
9.133522727272727e-01,7.159090909090909e-01,-3.656897772807304e-06,-3.733308470461482e-06
9.133522727272727e-01,7.386363636363636e-01,-3.869394515457986e-06,-3.923199769679793e-06
9.133522727272727e-01,7.613636363636364e-01,-4.017520601118793e-06,-4.046421505004918e-06
9.133522727272727e-01,7.840909090909091e-01,-4.106213911254345e-06,-4.108047483844004e-06
9.133522727272727e-01,8.068181818181818e-01,-4.093829933433424e-06,-4.065671937512917e-06
9.133522727272727e-01,8.295454545454546e-01,-4.035569721433766e-06,-3.975998202665130e-06
9.133522727272727e-01,8.522727272727273e-01,-3.833170809276886e-06,-3.738755610803018e-06
9.133522727272727e-01,8.750000000000000e-01,-3.602618300471064e-06,-3.472744642432986e-06
9.133522727272727e-01,8.977272727272727e-01,-3.186773814671760e-06,-3.017693074164507e-06
9.133522727272727e-01,9.204545454545454e-01,-2.733012326916839e-06,-2.525550547958108e-06
9.133522727272727e-01,9.431818181818182e-01,-2.108022364289690e-06,-1.865053064983611e-06
9.133522727272727e-01,9.659090909090909e-01,-1.382184190771320e-06,-1.164336252606647e-06
9.133522727272727e-01,9.886363636363636e-01,-4.605773474996188e-07,-3.881531706419194e-07
9.332386363636364e-01,1.136363636363636e-02,2.585871421379666e-07,3.225787663854366e-07
9.332386363636364e-01,3.409090909090909e-02,7.982330795856484e-07,9.954999209134295e-07
9.332386363636364e-01,5.681818181818182e-02,1.319725031409719e-06,1.545913990949612e-06
9.332386363636364e-01,7.954545454545454e-02,1.853392697773451e-06,2.054255203664362e-06
9.332386363636364e-01,1.022727272727273e-01,2.274463417211687e-06,2.446465519741841e-06
9.332386363636364e-01,1.250000000000000e-01,2.688518487576596e-06,2.829276824539754e-06
9.332386363636364e-01,1.477272727272727e-01,2.970157715475443e-06,3.081618413800771e-06
9.332386363636364e-01,1.704545454545454e-01,3.237359150239360e-06,3.318422706366037e-06
9.332386363636364e-01,1.931818181818182e-01,3.398812905426669e-06,3.451281167170920e-06
9.332386363636364e-01,2.159090909090909e-01,3.521036184352602e-06,3.544990643716764e-06
9.332386363636364e-01,2.386363636363636e-01,3.558901659505878e-06,3.556013522198362e-06
9.332386363636364e-01,2.613636363636364e-01,3.541734277431841e-06,3.513560306263517e-06
9.332386363636364e-01,2.840909090909091e-01,3.457407190186816e-06,3.405433713813157e-06
9.332386363636364e-01,3.068181818181818e-01,3.313327916387601e-06,3.240298844821567e-06
9.332386363636364e-01,3.295454545454545e-01,3.115442151483953e-06,3.022495012048499e-06
9.332386363636364e-01,3.522727272727273e-01,2.859879976996697e-06,2.750477088201051e-06
9.332386363636364e-01,3.750000000000000e-01,2.566335321226093e-06,2.441182280407458e-06
9.332386363636364e-01,3.977272727272727e-01,2.219480668337613e-06,2.082538676903509e-06
9.332386363636364e-01,4.204545454545455e-01,1.845846293943229e-06,1.697908196902861e-06
9.332386363636364e-01,4.431818181818182e-01,1.436727020898205e-06,1.281034501241497e-06
9.332386363636364e-01,4.659090909090909e-01,1.007985048297576e-06,8.459474183307761e-07
9.332386363636364e-01,4.886363636363636e-01,5.569014064029944e-07,3.912042072426545e-07
9.332386363636364e-01,5.113636363636364e-01,9.843881504016869e-08,-6.897999358997002e-08
9.332386363636364e-01,5.340909090909091e-01,-3.728502174536278e-07,-5.397403718708887e-07
9.332386363636364e-01,5.568181818181818e-01,-8.350691577931233e-07,-9.990018467396950e-07
9.332386363636364e-01,5.795454545454546e-01,-1.303451382962944e-06,-1.462541111808617e-06
9.332386363636364e-01,6.022727272727273e-01,-1.743328203078071e-06,-1.894564773072392e-06
9.332386363636364e-01,6.250000000000000e-01,-2.183661408250719e-06,-2.325695446348286e-06
9.332386363636364e-01,6.477272727272727e-01,-2.571738100313185e-06,-2.700796270158110e-06
9.332386363636364e-01,6.704545454545454e-01,-2.948477307448004e-06,-3.063310019915255e-06
9.332386363636364e-01,6.931818181818182e-01,-3.264659933473057e-06,-3.361854009995801e-06
9.332386363636364e-01,7.159090909090909e-01,-3.548153658491831e-06,-3.625975117451212e-06
9.332386363636364e-01,7.386363636363636e-01,-3.765857462368851e-06,-3.821345100939649e-06
9.332386363636364e-01,7.613636363636364e-01,-3.925757377980182e-06,-3.956643838281000e-06
9.332386363636364e-01,7.840909090909091e-01,-4.018715429007416e-06,-4.022642362180051e-06
9.332386363636364e-01,8.068181818181818e-01,-4.024473433660510e-06,-3.998543673713426e-06
9.332386363636364e-01,8.295454545454546e-01,-3.967622631905323e-06,-3.910289483411158e-06
9.332386363636364e-01,8.522727272727273e-01,-3.786520854152266e-06,-3.694129282454620e-06
9.332386363636364e-01,8.750000000000000e-01,-3.559477289718927e-06,-3.431519371506273e-06
9.332386363636364e-01,8.977272727272727e-01,-3.160839318829585e-06,-2.993098384791758e-06
9.332386363636364e-01,9.204545454545454e-01,-2.713348936018143e-06,-2.506780180565845e-06
9.332386363636364e-01,9.431818181818182e-01,-2.099198401690688e-06,-1.856321128257139e-06
9.332386363636364e-01,9.659090909090909e-01,-1.378570028667842e-06,-1.160467650494344e-06
9.332386363636364e-01,9.886363636363636e-01,-4.608034216397183e-07,-3.880915409854775e-07
9.531250000000000e-01,1.136363636363636e-02,2.585871421379297e-07,3.225787663853408e-07
9.531250000000000e-01,3.409090909090909e-02,7.757614264113053e-07,9.677362991489369e-07
9.531250000000000e-01,5.681818181818182e-02,1.294216668346956e-06,1.514398528406147e-06
9.531250000000000e-01,7.954545454545454e-02,1.804930785697209e-06,2.000985878658311e-06
9.531250000000000e-01,1.022727272727273e-01,2.224116785117014e-06,2.391513106936787e-06
9.531250000000000e-01,1.250000000000000e-01,2.624224927345533e-06,2.761869562022065e-06
9.531250000000000e-01,1.477272727272727e-01,2.903430458337175e-06,3.012393614668395e-06
9.531250000000000e-01,1.704545454545454e-01,3.165202876923483e-06,3.245143402477823e-06
9.531250000000000e-01,1.931818181818182e-01,3.327454041492702e-06,3.379794372520490e-06
9.531250000000000e-01,2.159090909090909e-01,3.450474729800546e-06,3.475296358304117e-06
9.531250000000000e-01,2.386363636363636e-01,3.496287537471502e-06,3.495317175800472e-06
9.531250000000000e-01,2.613636363636364e-01,3.482682752732976e-06,3.456897518734311e-06
9.531250000000000e-01,2.840909090909091e-01,3.415689386460451e-06,3.366863409806484e-06
9.531250000000000e-01,3.068181818181818e-01,3.273952507387250e-06,3.204173471020641e-06
9.531250000000000e-01,3.295454545454545e-01,3.100806639041158e-06,3.011433603735613e-06
9.531250000000000e-01,3.522727272727273e-01,2.848435015322987e-06,2.742605218266868e-06
9.531250000000000e-01,3.750000000000000e-01,2.578500435243604e-06,2.456912994475672e-06
9.531250000000000e-01,3.977272727272727e-01,2.239873221623736e-06,2.106429331209789e-06
9.531250000000000e-01,4.204545454545455e-01,1.884592365597794e-06,1.740001794817133e-06
9.531250000000000e-01,4.431818181818182e-01,1.487813373828289e-06,1.335282281691571e-06
9.531250000000000e-01,4.659090909090909e-01,1.071411682503180e-06,9.123493813166530e-07
9.531250000000000e-01,4.886363636363636e-01,6.351564626426764e-07,4.720891361421403e-07
9.531250000000000e-01,5.113636363636364e-01,1.833410949502997e-07,1.839729933975423e-08
9.531250000000000e-01,5.340909090909091e-01,-2.727852728239611e-07,-4.377390515008721e-07
9.531250000000000e-01,5.568181818181818e-01,-7.329552044175734e-07,-8.950243064453146e-07
9.531250000000000e-01,5.795454545454546e-01,-1.189248671761312e-06,-1.347175893279465e-06
9.531250000000000e-01,6.022727272727273e-01,-1.628371901089673e-06,-1.778536124318146e-06
9.531250000000000e-01,6.250000000000000e-01,-2.063128534440255e-06,-2.204757413928346e-06
9.531250000000000e-01,6.477272727272727e-01,-2.451135495691184e-06,-2.580025706196594e-06
9.531250000000000e-01,6.704545454545454e-01,-2.827719149477189e-06,-2.942913039437912e-06
9.531250000000000e-01,6.931818181818182e-01,-3.146832247972310e-06,-3.244745802025807e-06
9.531250000000000e-01,7.159090909090909e-01,-3.433256445461152e-06,-3.512155681988568e-06
9.531250000000000e-01,7.386363636363636e-01,-3.658907869104688e-06,-3.715887867784038e-06
9.531250000000000e-01,7.613636363636364e-01,-3.822370510818252e-06,-3.854935178573371e-06
9.531250000000000e-01,7.840909090909091e-01,-3.929673599390231e-06,-3.935641354037761e-06
9.531250000000000e-01,8.068181818181818e-01,-3.937370122630452e-06,-3.913530186052939e-06
9.531250000000000e-01,8.295454545454546e-01,-3.900251064297847e-06,-3.845149619387939e-06
9.531250000000000e-01,8.522727272727273e-01,-3.721693747679267e-06,-3.631507563284979e-06
9.531250000000000e-01,8.750000000000000e-01,-3.513479195641055e-06,-3.387531924253112e-06
9.531250000000000e-01,8.977272727272727e-01,-3.121232216003984e-06,-2.955288010687210e-06
9.531250000000000e-01,9.204545454545454e-01,-2.687998659832225e-06,-2.482749431177438e-06
9.531250000000000e-01,9.431818181818182e-01,-2.082278791960087e-06,-1.840098047164348e-06
9.531250000000000e-01,9.659090909090909e-01,-1.370081085392559e-06,-1.152052237697169e-06
9.531250000000000e-01,9.886363636363636e-01,-4.581758915783175e-07,-3.854867703577743e-07
9.730113636363636e-01,1.136363636363636e-02,2.424485937433756e-07,3.026384939775622e-07
9.730113636363636e-01,3.409090909090909e-02,7.549158014016842e-07,9.419801139555862e-07
9.730113636363636e-01,5.681818181818182e-02,1.248056476822161e-06,1.462740861571721e-06
9.730113636363636e-01,7.954545454545454e-02,1.757131054957165e-06,1.947774364505130e-06
9.730113636363636e-01,1.022727272727273e-01,2.159197871192078e-06,2.322639140614948e-06
9.730113636363636e-01,1.250000000000000e-01,2.555159629380049e-06,2.689292802542417e-06
9.730113636363636e-01,1.477272727272727e-01,2.827507747319565e-06,2.934301505535990e-06
9.730113636363636e-01,1.704545454545454e-01,3.087080804487798e-06,3.165729361724676e-06
9.730113636363636e-01,1.931818181818182e-01,3.248929240725461e-06,3.301001285699208e-06
9.730113636363636e-01,2.159090909090909e-01,3.375513484190990e-06,3.401216603232018e-06
9.730113636363636e-01,2.386363636363636e-01,3.424275539857943e-06,3.424775919171106e-06
9.730113636363636e-01,2.613636363636364e-01,3.423124812726160e-06,3.399887789033841e-06
9.730113636363636e-01,2.840909090909091e-01,3.358884649169594e-06,3.312804913816401e-06
9.730113636363636e-01,3.068181818181818e-01,3.239082911149176e-06,3.172781351657770e-06
9.730113636363636e-01,3.295454545454545e-01,3.067704178271482e-06,2.981831767621887e-06
9.730113636363636e-01,3.522727272727273e-01,2.839507947133338e-06,2.737451705788597e-06
9.730113636363636e-01,3.750000000000000e-01,2.576592578745940e-06,2.458776466430546e-06
9.730113636363636e-01,3.977272727272727e-01,2.258356195223185e-06,2.128687333897672e-06
9.730113636363636e-01,4.204545454545455e-01,1.915171649113859e-06,1.774259907275441e-06
9.730113636363636e-01,4.431818181818182e-01,1.533154720133868e-06,1.384190085891476e-06
9.730113636363636e-01,4.659090909090909e-01,1.132637081151022e-06,9.768986497567291e-07
9.730113636363636e-01,4.886363636363636e-01,7.052132008064483e-07,5.453337055264029e-07
9.730113636363636e-01,5.113636363636364e-01,2.711300442539783e-07,1.089355783335096e-07
9.730113636363636e-01,5.340909090909091e-01,-1.814649293180165e-07,-3.437590560195027e-07
9.730113636363636e-01,5.568181818181818e-01,-6.249283200862263e-07,-7.849976653702953e-07
9.730113636363636e-01,5.795454545454546e-01,-1.080358304728102e-06,-1.236335846616248e-06
9.730113636363636e-01,6.022727272727273e-01,-1.509103036373669e-06,-1.658031950317674e-06
9.730113636363636e-01,6.250000000000000e-01,-1.942201769993367e-06,-2.082793693432668e-06
9.730113636363636e-01,6.477272727272727e-01,-2.326741446390292e-06,-2.455222947987532e-06
9.730113636363636e-01,6.704545454545454e-01,-2.703616090099300e-06,-2.818764893808786e-06
9.730113636363636e-01,6.931818181818182e-01,-3.023735418231887e-06,-3.122072268333407e-06
9.730113636363636e-01,7.159090909090909e-01,-3.314823872397132e-06,-3.394635547374070e-06
9.730113636363636e-01,7.386363636363636e-01,-3.543408965372531e-06,-3.601584022591643e-06
9.730113636363636e-01,7.613636363636364e-01,-3.717860505150143e-06,-3.752152892972955e-06
9.730113636363636e-01,7.840909090909091e-01,-3.827489426459163e-06,-3.835294394614832e-06
9.730113636363636e-01,8.068181818181818e-01,-3.853179465641916e-06,-3.831617424549861e-06
9.730113636363636e-01,8.295454545454546e-01,-3.817469817553780e-06,-3.764656402430381e-06
9.730113636363636e-01,8.522727272727273e-01,-3.658695868849436e-06,-3.570949959847901e-06
9.730113636363636e-01,8.750000000000000e-01,-3.456079131307073e-06,-3.332514239493907e-06
9.730113636363636e-01,8.977272727272727e-01,-3.080683570159445e-06,-2.916977546747140e-06
9.730113636363636e-01,9.204545454545454e-01,-2.656945557355475e-06,-2.453621200619084e-06
9.730113636363636e-01,9.431818181818182e-01,-2.062978061407803e-06,-1.822341819245745e-06
9.730113636363636e-01,9.659090909090909e-01,-1.361731320158959e-06,-1.144301849292037e-06
9.730113636363636e-01,9.886363636363636e-01,-4.559525969109616e-07,-3.832827336727812e-07
9.928977272727273e-01,1.136363636363636e-02,2.424485937433349e-07,3.026384939774560e-07
9.928977272727273e-01,3.409090909090909e-02,7.273457812276814e-07,9.079154819257017e-07
9.928977272727273e-01,5.681818181818182e-02,1.219212926655570e-06,1.427276112860527e-06
9.928977272727273e-01,7.954545454545454e-02,1.703642795268422e-06,1.888969463890040e-06
9.928977272727273e-01,1.022727272727273e-01,2.102008846745334e-06,2.260490055036382e-06
9.928977272727273e-01,1.250000000000000e-01,2.484401134153963e-06,2.614881705431105e-06
9.928977272727273e-01,1.477272727272727e-01,2.752988735258443e-06,2.856865861840907e-06
9.928977272727273e-01,1.704545454545454e-01,3.007031620610445e-06,3.083845855406403e-06
9.928977272727273e-01,1.931818181818182e-01,3.168442308661634e-06,3.219792729306876e-06
9.928977272727273e-01,2.159090909090909e-01,3.294728883360361e-06,3.320467012789326e-06
9.928977272727273e-01,2.386363636363636e-01,3.349979284618511e-06,3.351811025302425e-06
9.928977272727273e-01,2.613636363636364e-01,3.350598106284326e-06,3.329045994230799e-06
9.928977272727273e-01,2.840909090909091e-01,3.302483844349804e-06,3.259248916459914e-06
9.928977272727273e-01,3.068181818181818e-01,3.183616771733920e-06,3.120204621380748e-06
9.928977272727273e-01,3.295454545454545e-01,3.034433418820023e-06,2.952119190156390e-06
9.928977272727273e-01,3.522727272727273e-01,2.811887745165063e-06,2.713451002992119e-06
9.928977272727273e-01,3.750000000000000e-01,2.569691087549343e-06,2.455719304087139e-06
9.928977272727273e-01,3.977272727272727e-01,2.262636772144360e-06,2.136814269053012e-06
9.928977272727273e-01,4.204545454545455e-01,1.935896443855288e-06,1.798834044634820e-06
9.928977272727273e-01,4.431818181818182e-01,1.569925235298680e-06,1.424687801230852e-06
9.928977272727273e-01,4.659090909090909e-01,1.180318686203735e-06,1.028224398122503e-06
9.928977272727273e-01,4.886363636363636e-01,7.723237527942060e-07,6.157891159693872e-07
9.928977272727273e-01,5.113636363636364e-01,3.435393999512937e-07,1.846081693430058e-07
9.928977272727273e-01,5.340909090909091e-01,-8.837169329314402e-08,-2.479278398682690e-07
9.928977272727273e-01,5.568181818181818e-01,-5.309370920274301e-07,-6.882973895718891e-07
9.928977272727273e-01,5.795454545454546e-01,-9.702332836059883e-07,-1.124162750425518e-06
9.928977272727273e-01,6.022727272727273e-01,-1.396633405757994e-06,-1.543682873097314e-06
9.928977272727273e-01,6.250000000000000e-01,-1.821135237901296e-06,-1.960466019103663e-06
9.928977272727273e-01,6.477272727272727e-01,-2.203773500023445e-06,-2.331338382009252e-06
9.928977272727273e-01,6.704545454545454e-01,-2.577851946269547e-06,-2.692590781287454e-06
9.928977272727273e-01,6.931818181818182e-01,-2.899065002268945e-06,-2.997500994873736e-06
9.928977272727273e-01,7.159090909090909e-01,-3.190897191383622e-06,-3.271154204476327e-06
9.928977272727273e-01,7.386363636363636e-01,-3.425936356889118e-06,-3.485178516422527e-06
9.928977272727273e-01,7.613636363636364e-01,-3.602148098265848e-06,-3.637677160457101e-06
9.928977272727273e-01,7.840909090909091e-01,-3.725399754177534e-06,-3.735082715424252e-06
9.928977272727273e-01,8.068181818181818e-01,-3.751864918891182e-06,-3.732207250804080e-06
9.928977272727273e-01,8.295454545454546e-01,-3.734312682967074e-06,-3.683843898596062e-06
9.928977272727273e-01,8.522727272727273e-01,-3.580191136371144e-06,-3.494826212548803e-06
9.928977272727273e-01,8.750000000000000e-01,-3.394633206559633e-06,-3.273582599490621e-06
9.928977272727273e-01,8.977272727272727e-01,-3.028478745873957e-06,-2.867207931064024e-06
9.928977272727273e-01,9.204545454545454e-01,-2.618330586690505e-06,-2.417325150112691e-06
9.928977272727273e-01,9.431818181818182e-01,-2.037137408052035e-06,-1.798406641173863e-06
9.928977272727273e-01,9.659090909090909e-01,-1.344577202573447e-06,-1.128772064475622e-06
9.928977272727273e-01,9.886363636363636e-01,-4.522767145711881e-07,-3.799549226406724e-07
1.012784090909091e+00,1.136363636363636e-02,2.247786415642043e-07,2.807801591021856e-07
1.012784090909091e+00,3.409090909090909e-02,7.074670850261648e-07,8.833248551910366e-07
1.012784090909091e+00,5.681818181818182e-02,1.171382594755984e-06,1.373295126954468e-06
1.012784090909091e+00,7.954545454545454e-02,1.651604830035786e-06,1.831003574000389e-06
1.012784090909091e+00,1.022727272727273e-01,2.032867239201156e-06,2.186783797529729e-06
1.012784090909091e+00,1.250000000000000e-01,2.409091585346449e-06,2.535601806318658e-06
1.012784090909091e+00,1.477272727272727e-01,2.670726401504838e-06,2.771765325797522e-06
1.012784090909091e+00,1.704545454545454e-01,2.920967701701420e-06,2.995933539916399e-06
1.012784090909091e+00,1.931818181818182e-01,3.081230119846615e-06,3.131540641869199e-06
1.012784090909091e+00,2.159090909090909e-01,3.209496128556869e-06,3.235500758808608e-06
1.012784090909091e+00,2.386363636363636e-01,3.266287961824863e-06,3.268825364978915e-06
1.012784090909091e+00,2.613636363636364e-01,3.277827576442799e-06,3.258357965215016e-06
1.012784090909091e+00,2.840909090909091e-01,3.230709757627792e-06,3.189655779052255e-06
1.012784090909091e+00,3.068181818181818e-01,3.131070776946130e-06,3.070886268332716e-06
1.012784090909091e+00,3.295454545454545e-01,2.985676879148003e-06,2.906704472954227e-06
1.012784090909091e+00,3.522727272727273e-01,2.783861697585119e-06,2.689262489018891e-06
1.012784090909091e+00,3.750000000000000e-01,2.551082635774707e-06,2.441050581228944e-06
1.012784090909091e+00,3.977272727272727e-01,2.262085732469317e-06,2.140357855177150e-06
1.012784090909091e+00,4.204545454545455e-01,1.950669447856388e-06,1.817699905447941e-06
1.012784090909091e+00,4.431818181818182e-01,1.597659832636763e-06,1.456506801289551e-06
1.012784090909091e+00,4.659090909090909e-01,1.228146330140464e-06,1.079972082821843e-06
1.012784090909091e+00,4.886363636363636e-01,8.273465065928577e-07,6.746692954424184e-07
1.012784090909091e+00,5.113636363636364e-01,4.215479947795370e-07,2.660863936521804e-07
1.012784090909091e+00,5.340909090909091e-01,-8.593785775693085e-09,-1.647117725726000e-07
1.012784090909091e+00,5.568181818181818e-01,-4.302802224053102e-07,-5.847989122435748e-07
1.012784090909091e+00,5.795454545454546e-01,-8.668218639486679e-07,-1.018022572054611e-06
1.012784090909091e+00,6.022727272727273e-01,-1.280151626540620e-06,-1.425112978498271e-06
1.012784090909091e+00,6.250000000000000e-01,-1.700745776194651e-06,-1.838269489455236e-06
1.012784090909091e+00,6.477272727272727e-01,-2.077489813254312e-06,-2.203840463248644e-06
1.012784090909091e+00,6.704545454545454e-01,-2.449462011595091e-06,-2.563478672644984e-06
1.012784090909091e+00,6.931818181818182e-01,-2.769657310203992e-06,-2.867817789085694e-06
1.012784090909091e+00,7.159090909090909e-01,-3.063993099989676e-06,-3.144653174695390e-06
1.012784090909091e+00,7.386363636363636e-01,-3.300302328211430e-06,-3.360204061533540e-06
1.012784090909091e+00,7.613636363636364e-01,-3.486069898278327e-06,-3.523054086432176e-06
1.012784090909091e+00,7.840909090909091e-01,-3.610149324109800e-06,-3.621351527829572e-06
1.012784090909091e+00,8.068181818181818e-01,-3.652820697463889e-06,-3.635397359938969e-06
1.012784090909091e+00,8.295454545454546e-01,-3.638368507519007e-06,-3.590209219667054e-06
1.012784090909091e+00,8.522727272727273e-01,-3.501944046296995e-06,-3.419317015624841e-06
1.012784090909091e+00,8.750000000000000e-01,-3.324140119999507e-06,-3.205887996792027e-06
1.012784090909091e+00,8.977272727272727e-01,-2.973982849003858e-06,-2.815670855992366e-06
1.012784090909091e+00,9.204545454545454e-01,-2.576885104267679e-06,-2.378727043194630e-06
1.012784090909091e+00,9.431818181818182e-01,-2.007321118532242e-06,-1.771338753243765e-06
1.012784090909091e+00,9.659090909090909e-01,-1.331921935183169e-06,-1.117479226079841e-06
1.012784090909091e+00,9.886363636363636e-01,-4.461502440049044e-07,-3.744085709204985e-07
1.032670454545455e+00,1.136363636363636e-02,2.247786415641602e-07,2.807801591020692e-07
1.032670454545455e+00,3.409090909090909e-02,6.765446687127170e-07,8.450727691593940e-07
1.032670454545455e+00,5.681818181818182e-02,1.137151837155221e-06,1.331908283716049e-06
1.032670454545455e+00,7.954545454545454e-02,1.592892346908896e-06,1.766419527431817e-06
1.032670454545455e+00,1.022727272727273e-01,1.968234980499065e-06,2.116813806840238e-06
1.032670454545455e+00,1.250000000000000e-01,2.331253673438140e-06,2.453617017205579e-06
1.032670454545455e+00,1.477272727272727e-01,2.587480767971790e-06,2.685253374627046e-06
1.032670454545455e+00,1.704545454545454e-01,2.832314346543636e-06,2.904894426688526e-06
1.032670454545455e+00,1.931818181818182e-01,2.990824142200735e-06,3.039982929352775e-06
1.032670454545455e+00,2.159090909090909e-01,3.118304492554256e-06,3.143710570749039e-06
1.032670454545455e+00,2.386363636363636e-01,3.180281142582637e-06,3.183697173766320e-06
1.032670454545455e+00,2.613636363636364e-01,3.192521408114139e-06,3.174130043846607e-06
1.032670454545455e+00,2.840909090909091e-01,3.159353792972347e-06,3.120756340197586e-06
1.032670454545455e+00,3.068181818181818e-01,3.062183029295981e-06,3.004570294686025e-06
1.032670454545455e+00,3.295454545454545e-01,2.935053937337042e-06,2.859506141846574e-06
1.032670454545455e+00,3.522727272727273e-01,2.741134901003462e-06,2.650136149265009e-06
1.032670454545455e+00,3.750000000000000e-01,2.525970317012270e-06,2.419930991418087e-06
1.032670454545455e+00,3.977272727272727e-01,2.251018067562119e-06,2.133403394574776e-06
1.032670454545455e+00,4.204545454545455e-01,1.953646436804430e-06,1.824910574054050e-06
1.032670454545455e+00,4.431818181818182e-01,1.620420306151778e-06,1.483488050849436e-06
1.032670454545455e+00,4.659090909090909e-01,1.259775262254467e-06,1.115816006602387e-06
1.032670454545455e+00,4.886363636363636e-01,8.831771718787839e-07,7.345043380071981e-07
1.032670454545455e+00,5.113636363636364e-01,4.806491645481556e-07,3.291634792959108e-07
1.032670454545455e+00,5.340909090909091e-01,7.527776164183429e-08,-7.730488511794485e-08
1.032670454545455e+00,5.568181818181818e-01,-3.439435474296162e-07,-4.950017834419800e-07
1.032670454545455e+00,5.795454545454546e-01,-7.622432450425415e-07,-9.105376572856643e-07
1.032670454545455e+00,6.022727272727273e-01,-1.170795602786324e-06,-1.313097019981541e-06
1.032670454545455e+00,6.250000000000000e-01,-1.580732464702132e-06,-1.716145817962684e-06
1.032670454545455e+00,6.477272727272727e-01,-1.952892104490967e-06,-2.077593489113284e-06
1.032670454545455e+00,6.704545454545454e-01,-2.320279905560921e-06,-2.433108395866817e-06
1.032670454545455e+00,6.931818181818182e-01,-2.638921784994851e-06,-2.736575837716916e-06
1.032670454545455e+00,7.159090909090909e-01,-2.932561214460720e-06,-3.013020472648062e-06
1.032670454545455e+00,7.386363636363636e-01,-3.173142471818978e-06,-3.233706202304590e-06
1.032670454545455e+00,7.613636363636364e-01,-3.359487343120537e-06,-3.397250124881385e-06
1.032670454545455e+00,7.840909090909091e-01,-3.495155547829045e-06,-3.508033976302210e-06
1.032670454545455e+00,8.068181818181818e-01,-3.539905121432539e-06,-3.524246982603266e-06
1.032670454545455e+00,8.295454545454546e-01,-3.540831613333247e-06,-3.495095931349624e-06
1.032670454545455e+00,8.522727272727273e-01,-3.411222125588416e-06,-3.331183604667751e-06
1.032670454545455e+00,8.750000000000000e-01,-3.248620832432331e-06,-3.133325081484929e-06
1.032670454545455e+00,8.977272727272727e-01,-2.910905820084482e-06,-2.755674906617329e-06
1.032670454545455e+00,9.204545454545454e-01,-2.526250333996102e-06,-2.331298059751652e-06
1.032670454545455e+00,9.431818181818182e-01,-1.974436169007402e-06,-1.741508525098207e-06
1.032670454545455e+00,9.659090909090909e-01,-1.306993801855141e-06,-1.095538095136574e-06
1.032670454545455e+00,9.886363636363636e-01,-4.431826090848602e-07,-3.717965315224551e-07
1.052556818181818e+00,1.136363636363636e-02,2.064833647539730e-07,2.581032191210031e-07
1.052556818181818e+00,3.409090909090909e-02,6.560406478801440e-07,8.196635373189337e-07
1.052556818181818e+00,5.681818181818182e-02,1.088239446462712e-06,1.276154099850467e-06
1.052556818181818e+00,7.954545454545454e-02,1.536701605384296e-06,1.703768877711326e-06
1.052556818181818e+00,1.022727272727273e-01,1.895144938463433e-06,2.038532901790486e-06
1.052556818181818e+00,1.250000000000000e-01,2.249511651715674e-06,2.367464347671407e-06
1.052556818181818e+00,1.477272727272727e-01,2.498891906965878e-06,2.593225131572361e-06
1.052556818181818e+00,1.704545454545454e-01,2.738035997977475e-06,2.808307321150310e-06
1.052556818181818e+00,1.931818181818182e-01,2.895051817929646e-06,2.942527963719593e-06
1.052556818181818e+00,2.159090909090909e-01,3.022904762339144e-06,3.048075746903779e-06
1.052556818181818e+00,2.386363636363636e-01,3.085546790350888e-06,3.089007312180381e-06
1.052556818181818e+00,2.613636363636364e-01,3.106948488206711e-06,3.090170516692814e-06
1.052556818181818e+00,2.840909090909091e-01,3.074777316184435e-06,3.037891704651918e-06
1.052556818181818e+00,3.068181818181818e-01,2.993266109292676e-06,2.938529493406718e-06
1.052556818181818e+00,3.295454545454545e-01,2.871567094745387e-06,2.799148964024820e-06
1.052556818181818e+00,3.522727272727273e-01,2.694972969040661e-06,2.607731057475038e-06
1.052556818181818e+00,3.750000000000000e-01,2.491348904999991e-06,2.389323425452858e-06
1.052556818181818e+00,3.977272727272727e-01,2.231773744585179e-06,2.118430678831968e-06
1.052556818181818e+00,4.204545454545455e-01,1.952783715869335e-06,1.828462360814871e-06
1.052556818181818e+00,4.431818181818182e-01,1.630197336969290e-06,1.497743149897316e-06
1.052556818181818e+00,4.659090909090909e-01,1.293820924354883e-06,1.154301046339443e-06
1.052556818181818e+00,4.886363636363636e-01,9.221696630805409e-07,7.779229783758282e-07
1.052556818181818e+00,5.113636363636364e-01,5.473480806718190e-07,4.000053677622450e-07
1.052556818181818e+00,5.340909090909091e-01,1.437459904547052e-07,-4.725153665116260e-09
1.052556818181818e+00,5.568181818181818e-01,-2.525876013295988e-07,-4.000053007412308e-07
1.052556818181818e+00,5.795454545454546e-01,-6.654640183145578e-07,-8.102826436216482e-07
1.052556818181818e+00,6.022727272727273e-01,-1.059248614095582e-06,-1.198619894704075e-06
1.052556818181818e+00,6.250000000000000e-01,-1.462203115079450e-06,-1.595046397976920e-06
1.052556818181818e+00,6.477272727272727e-01,-1.826893944959330e-06,-1.949557540175706e-06
1.052556818181818e+00,6.704545454545454e-01,-2.188904834589237e-06,-2.300323780542037e-06
1.052556818181818e+00,6.931818181818182e-01,-2.505242107586084e-06,-2.601882361328038e-06
1.052556818181818e+00,7.159090909090909e-01,-2.798370721807976e-06,-2.878706295744283e-06
1.052556818181818e+00,7.386363636363636e-01,-3.039173766355337e-06,-3.099807823926729e-06
1.052556818181818e+00,7.613636363636364e-01,-3.232695830458535e-06,-3.271594293897491e-06
1.052556818181818e+00,7.840909090909091e-01,-3.369191805086831e-06,-3.383270031748561e-06
1.052556818181818e+00,8.068181818181818e-01,-3.427249151685013e-06,-3.413700052180177e-06
1.052556818181818e+00,8.295454545454546e-01,-3.432747684134410e-06,-3.389316784148184e-06
1.052556818181818e+00,8.522727272727273e-01,-3.318652186120272e-06,-3.241540598810328e-06
1.052556818181818e+00,8.750000000000000e-01,-3.166011238815451e-06,-3.053883434846465e-06
1.052556818181818e+00,8.977272727272727e-01,-2.842974824829404e-06,-2.691271774671997e-06
1.052556818181818e+00,9.204545454545454e-01,-2.475224235255476e-06,-2.283951600017641e-06
1.052556818181818e+00,9.431818181818182e-01,-1.933999348168143e-06,-1.704824365697104e-06
1.052556818181818e+00,9.659090909090909e-01,-1.290381384520779e-06,-1.080977678689126e-06
1.052556818181818e+00,9.886363636363636e-01,-4.319055963888131e-07,-3.618707818099957e-07
1.072443181818182e+00,1.136363636363636e-02,2.056879179360937e-07,2.571172652086626e-07
1.072443181818182e+00,3.409090909090909e-02,6.226318815311431e-07,7.782534730057788e-07
1.072443181818182e+00,5.681818181818182e-02,1.048323914215237e-06,1.228572098190567e-06
1.072443181818182e+00,7.954545454545454e-02,1.472927931509082e-06,1.633556439113360e-06
1.072443181818182e+00,1.022727272727273e-01,1.822792950428542e-06,1.960474856906733e-06
1.072443181818182e+00,1.250000000000000e-01,2.164544495798904e-06,2.277868646485026e-06
1.072443181818182e+00,1.477272727272727e-01,2.406482534436665e-06,2.497242937428901e-06
1.072443181818182e+00,1.704545454545454e-01,2.640565918151801e-06,2.707982311796036e-06
1.072443181818182e+00,1.931818181818182e-01,2.794294991553131e-06,2.840293662156395e-06
1.072443181818182e+00,2.159090909090909e-01,2.921251550539672e-06,2.945320729283601e-06
1.072443181818182e+00,2.386363636363636e-01,2.987790792453967e-06,2.991787073507660e-06
1.072443181818182e+00,2.613636363636364e-01,3.009570107735794e-06,2.993403068673100e-06
1.072443181818182e+00,2.840909090909091e-01,2.988984036277152e-06,2.954153894458025e-06
1.072443181818182e+00,3.068181818181818e-01,2.911520948573425e-06,2.859089931526186e-06
1.072443181818182e+00,3.295454545454545e-01,2.804665037715587e-06,2.735469645959943e-06
1.072443181818182e+00,3.522727272727273e-01,2.637957345843316e-06,2.554265444144219e-06
1.072443181818182e+00,3.750000000000000e-01,2.448872155085668e-06,2.350877966142711e-06
1.072443181818182e+00,3.977272727272727e-01,2.206011221883180e-06,2.096979621937497e-06
1.072443181818182e+00,4.204545454545455e-01,1.938386867671717e-06,1.818567497563060e-06
1.072443181818182e+00,4.431818181818182e-01,1.639207942627411e-06,1.511395573677034e-06
1.072443181818182e+00,4.659090909090909e-01,1.309215381064568e-06,1.174375457491396e-06
1.072443181818182e+00,4.886363636363636e-01,9.665384045266488e-07,8.268941932270009e-07
1.072443181818182e+00,5.113636363636364e-01,5.930877949411852e-07,4.503380559383248e-07
1.072443181818182e+00,5.340909090909091e-01,2.167213057412327e-07,7.253113713293517e-08
1.072443181818182e+00,5.568181818181818e-01,-1.743487014125345e-07,-3.176040404701557e-07
1.072443181818182e+00,5.795454545454546e-01,-5.679253080855249e-07,-7.090164952828191e-07
1.072443181818182e+00,6.022727272727273e-01,-9.537098828324292e-07,-1.089668471026467e-06
1.072443181818182e+00,6.250000000000000e-01,-1.344899647001415e-06,-1.474793098801109e-06
1.072443181818182e+00,6.477272727272727e-01,-1.701472205241126e-06,-1.821764535617488e-06
1.072443181818182e+00,6.704545454545454e-01,-2.057962670155718e-06,-2.167403776323782e-06
1.072443181818182e+00,6.931818181818182e-01,-2.369229808990982e-06,-2.464762862768769e-06
1.072443181818182e+00,7.159090909090909e-01,-2.660975659350625e-06,-2.740441480546555e-06
1.072443181818182e+00,7.386363636363636e-01,-2.903077743148448e-06,-2.963978400095094e-06
1.072443181818182e+00,7.613636363636364e-01,-3.096848162792756e-06,-3.136067997516881e-06
1.072443181818182e+00,7.840909090909091e-01,-3.242227675356129e-06,-3.257736569493842e-06
1.072443181818182e+00,8.068181818181818e-01,-3.303764891554413e-06,-3.291868441165599e-06
1.072443181818182e+00,8.295454545454546e-01,-3.322022945870852e-06,-3.281058627680796e-06
1.072443181818182e+00,8.522727272727273e-01,-3.216936612145322e-06,-3.142646236466209e-06
1.072443181818182e+00,8.750000000000000e-01,-3.077544435853160e-06,-2.968759357977741e-06
1.072443181818182e+00,8.977272727272727e-01,-2.770463020086462e-06,-2.622493909426244e-06
1.072443181818182e+00,9.204545454545454e-01,-2.413561829301692e-06,-2.226289158675507e-06
1.072443181818182e+00,9.431818181818182e-01,-1.895633353597370e-06,-1.670618985087368e-06
1.072443181818182e+00,9.659090909090909e-01,-1.258368956690826e-06,-1.053169678279135e-06
1.072443181818182e+00,9.886363636363636e-01,-4.311433957261329e-07,-3.612086865620864e-07
1.092329545454545e+00,1.136363636363636e-02,1.895851032842102e-07,2.371077533987448e-07
1.092329545454545e+00,3.409090909090909e-02,6.009609391544343e-07,7.513422838103565e-07
1.092329545454545e+00,5.681818181818182e-02,9.990828290713345e-07,1.171785640481889e-06
1.092329545454545e+00,7.954545454545454e-02,1.412842236534390e-06,1.566483419160107e-06
1.092329545454545e+00,1.022727272727273e-01,1.746373170289031e-06,1.878223138632698e-06
1.092329545454545e+00,1.250000000000000e-01,2.076518761208065e-06,2.185002284412574e-06
1.092329545454545e+00,1.477272727272727e-01,2.311981975875065e-06,2.398723289426419e-06
1.092329545454545e+00,1.704545454545454e-01,2.538107328293903e-06,2.602810334676891e-06
1.092329545454545e+00,1.931818181818182e-01,2.690308512677565e-06,2.734053646092547e-06
1.092329545454545e+00,2.159090909090909e-01,2.815850809077526e-06,2.839266681657455e-06
1.092329545454545e+00,2.386363636363636e-01,2.882554394772004e-06,2.886017404740886e-06
1.092329545454545e+00,2.613636363636364e-01,2.911081190796407e-06,2.895994223239501e-06
1.092329545454545e+00,2.840909090909091e-01,2.892473063336434e-06,2.858969621336151e-06
1.092329545454545e+00,3.068181818181818e-01,2.827319717625842e-06,2.777366849271073e-06
1.092329545454545e+00,3.295454545454545e-01,2.727210672081391e-06,2.660910310893764e-06
1.092329545454545e+00,3.522727272727273e-01,2.574611320168257e-06,2.494487722537026e-06
1.092329545454545e+00,3.750000000000000e-01,2.398901892830990e-06,2.304918786234537e-06
1.092329545454545e+00,3.977272727272727e-01,2.168575395143255e-06,2.063860907122047e-06
1.092329545454545e+00,4.204545454545455e-01,1.922122755103469e-06,1.806949152247200e-06
1.092329545454545e+00,4.431818181818182e-01,1.630911439621628e-06,1.507842317367280e-06
1.092329545454545e+00,4.659090909090909e-01,1.329173228572464e-06,1.199208490548390e-06
1.092329545454545e+00,4.886363636363636e-01,9.887350141269845e-07,8.539724532577315e-07
1.092329545454545e+00,5.113636363636364e-01,6.453466563498251e-07,5.073540287704458e-07
1.092329545454545e+00,5.340909090909091e-01,2.736301478113389e-07,1.341438226078317e-07
1.092329545454545e+00,5.568181818181818e-01,-9.413599832117917e-08,-2.330128408405476e-07
1.092329545454545e+00,5.795454545454546e-01,-4.789399639432749e-07,-6.158503465315050e-07
1.092329545454545e+00,6.022727272727273e-01,-8.492534404303856e-07,-9.814649492864287e-07
1.092329545454545e+00,6.250000000000000e-01,-1.229619646729680e-06,-1.356191851602723e-06
1.092329545454545e+00,6.477272727272727e-01,-1.578016711067623e-06,-1.695436023803141e-06
1.092329545454545e+00,6.704545454545454e-01,-1.924980088189319e-06,-2.032310823656323e-06
1.092329545454545e+00,6.931818181818182e-01,-2.233417094934165e-06,-2.327156531237024e-06
1.092329545454545e+00,7.159090909090909e-01,-2.520701043761458e-06,-2.599491730857692e-06
1.092329545454545e+00,7.386363636363636e-01,-2.762629095372626e-06,-2.822950557057700e-06
1.092329545454545e+00,7.613636363636364e-01,-2.960014719192787e-06,-2.999915371768119e-06
1.092329545454545e+00,7.840909090909091e-01,-3.106910933354831e-06,-3.123290037376330e-06
1.092329545454545e+00,8.068181818181818e-01,-3.178642310827169e-06,-3.168647248948820e-06
1.092329545454545e+00,8.295454545454546e-01,-3.202700147810446e-06,-3.164007187530921e-06
1.092329545454545e+00,8.522727272727273e-01,-3.110840978399178e-06,-3.039565320101786e-06
1.092329545454545e+00,8.750000000000000e-01,-2.983637671438662e-06,-2.878347104250681e-06
1.092329545454545e+00,8.977272727272727e-01,-2.689493401363212e-06,-2.545488654130460e-06
1.092329545454545e+00,9.204545454545454e-01,-2.353621376396155e-06,-2.170785428741318e-06
1.092329545454545e+00,9.431818181818182e-01,-1.844424930943710e-06,-1.624001894822314e-06
1.092329545454545e+00,9.659090909090909e-01,-1.238084512824582e-06,-1.035566744569893e-06
1.092329545454545e+00,9.886363636363636e-01,-4.136127804858851e-07,-3.459804958613476e-07
1.112215909090909e+00,1.136363636363636e-02,1.853475204810462e-07,2.318420923960350e-07
1.112215909090909e+00,3.409090909090909e-02,5.653652436082223e-07,7.071107313885848e-07
1.112215909090909e+00,5.681818181818182e-02,9.533314010059429e-07,1.117906715590032e-06
1.112215909090909e+00,7.954545454545454e-02,1.344435712849290e-06,1.491083432604214e-06
1.112215909090909e+00,1.022727272727273e-01,1.666305796164122e-06,1.792110353782219e-06
1.112215909090909e+00,1.250000000000000e-01,1.984790536643349e-06,2.088176701267506e-06
1.112215909090909e+00,1.477272727272727e-01,2.210371125249714e-06,2.293269006703937e-06
1.112215909090909e+00,1.704545454545454e-01,2.432066334951716e-06,2.493488014212811e-06
1.112215909090909e+00,1.931818181818182e-01,2.579128256275948e-06,2.621138830996280e-06
1.112215909090909e+00,2.159090909090909e-01,2.703976057667878e-06,2.725866394313596e-06
1.112215909090909e+00,2.386363636363636e-01,2.772980456284920e-06,2.776598421428230e-06
1.112215909090909e+00,2.613636363636364e-01,2.802707578308597e-06,2.787958383963228e-06
1.112215909090909e+00,2.840909090909091e-01,2.792981863243253e-06,2.761169047929121e-06
1.112215909090909e+00,3.068181818181818e-01,2.733157646627790e-06,2.685297533969579e-06
1.112215909090909e+00,3.295454545454545e-01,2.644936658295549e-06,2.581626109827697e-06
1.112215909090909e+00,3.522727272727273e-01,2.503953635205150e-06,2.427318253793205e-06
1.112215909090909e+00,3.750000000000000e-01,2.339860536690618e-06,2.249864049812961e-06
1.112215909090909e+00,3.977272727272727e-01,2.128665545841190e-06,2.028404775315681e-06
1.112215909090909e+00,4.204545454545455e-01,1.890789098522024e-06,1.780278601820065e-06
1.112215909090909e+00,4.431818181818182e-01,1.626377924295748e-06,1.508299793597049e-06
1.112215909090909e+00,4.659090909090909e-01,1.328261353956796e-06,1.203331916326390e-06
1.112215909090909e+00,4.886363636363636e-01,1.019165808805477e-06,8.895290566680363e-07
1.112215909090909e+00,5.113636363636364e-01,6.794112364917497e-07,5.465230823718608e-07
1.112215909090909e+00,5.340909090909091e-01,3.345847403826623e-07,2.000450076234614e-07
1.112215909090909e+00,5.568181818181818e-01,-2.450880894272312e-08,-1.585783583934787e-07
1.112215909090909e+00,5.795454545454546e-01,-3.899662124566000e-07,-5.223800467373791e-07
1.112215909090909e+00,6.022727272727273e-01,-7.483512950655188e-07,-8.764291019870341e-07
1.112215909090909e+00,6.250000000000000e-01,-1.116789107486621e-06,-1.239590456798060e-06
1.112215909090909e+00,6.477272727272727e-01,-1.452707786395550e-06,-1.567040383005695e-06
1.112215909090909e+00,6.704545454545454e-01,-1.794077404531826e-06,-1.898628107069009e-06
1.112215909090909e+00,6.931818181818182e-01,-2.092994876063445e-06,-2.185019722106204e-06
1.112215909090909e+00,7.159090909090909e-01,-2.378992401213275e-06,-2.456212476788560e-06
1.112215909090909e+00,7.386363636363636e-01,-2.618484002211285e-06,-2.678577996109126e-06
1.112215909090909e+00,7.613636363636364e-01,-2.816629224673610e-06,-2.856466237696399e-06
1.112215909090909e+00,7.840909090909091e-01,-2.969146468787675e-06,-2.986674262193327e-06
1.112215909090909e+00,8.068181818181818e-01,-3.045480814255617e-06,-3.037043792981357e-06
1.112215909090909e+00,8.295454545454546e-01,-3.079806810613701e-06,-3.043585059044277e-06
1.112215909090909e+00,8.522727272727273e-01,-2.999148319346166e-06,-2.930947390370151e-06
1.112215909090909e+00,8.750000000000000e-01,-2.883145690529384e-06,-2.781533373274055e-06
1.112215909090909e+00,8.977272727272727e-01,-2.608747590193208e-06,-2.469138236548940e-06
1.112215909090909e+00,9.204545454545454e-01,-2.281727296488584e-06,-2.103608220612776e-06
1.112215909090909e+00,9.431818181818182e-01,-1.801902225519728e-06,-1.586716111035407e-06
1.112215909090909e+00,9.659090909090909e-01,-1.199530912060544e-06,-1.002320342450774e-06
1.112215909090909e+00,9.886363636363636e-01,-4.136127804858055e-07,-3.459804958612816e-07
1.132102272727273e+00,1.136363636363636e-02,1.719945058834244e-07,2.152003183315000e-07
1.132102272727273e+00,3.409090909090909e-02,5.426895468437486e-07,6.788845031183830e-07
1.132102272727273e+00,5.681818181818182e-02,9.045933967996847e-07,1.060934185215752e-06
1.132102272727273e+00,7.954545454545454e-02,1.280854714961154e-06,1.420010896312118e-06
1.132102272727273e+00,1.022727272727273e-01,1.587408116415528e-06,1.706736785570866e-06
1.132102272727273e+00,1.250000000000000e-01,1.890900334900716e-06,1.989029535248827e-06
1.132102272727273e+00,1.477272727272727e-01,2.110703118079977e-06,2.189010203340951e-06
1.132102272727273e+00,1.704545454545454e-01,2.321761011504915e-06,2.380097883899915e-06
1.132102272727273e+00,1.931818181818182e-01,2.467566213524042e-06,2.506788204344160e-06
1.132102272727273e+00,2.159090909090909e-01,2.588895201784869e-06,2.609729944530480e-06
1.132102272727273e+00,2.386363636363636e-01,2.658063944182093e-06,2.660746350504486e-06
1.132102272727273e+00,2.613636363636364e-01,2.692113866232683e-06,2.677950364957979e-06
1.132102272727273e+00,2.840909090909091e-01,2.685028868365742e-06,2.654203945803916e-06
1.132102272727273e+00,3.068181818181818e-01,2.634629559435637e-06,2.588837094813622e-06
1.132102272727273e+00,3.295454545454545e-01,2.554197298242429e-06,2.493542124825985e-06
1.132102272727273e+00,3.522727272727273e-01,2.424338817233569e-06,2.351011977787185e-06
1.132102272727273e+00,3.750000000000000e-01,2.275180998633982e-06,2.189133858221256e-06
1.132102272727273e+00,3.977272727272727e-01,2.073645837335128e-06,1.977637404941018e-06
1.132102272727273e+00,4.204545454545455e-01,1.859408954537974e-06,1.753690772220533e-06
1.132102272727273e+00,4.431818181818182e-01,1.600096818266562e-06,1.486902957553884e-06
1.132102272727273e+00,4.659090909090909e-01,1.333129930487073e-06,1.213417187427305e-06
1.132102272727273e+00,4.886363636363636e-01,1.026273147428194e-06,9.018595547426873e-07
1.132102272727273e+00,5.113636363636364e-01,7.160708866083292e-07,5.884480920295797e-07
1.132102272727273e+00,5.340909090909091e-01,3.792387185187926e-07,2.499174077016223e-07
1.132102272727273e+00,5.568181818181818e-01,4.284201566017951e-08,-8.619247139032685e-08
1.132102272727273e+00,5.795454545454546e-01,-3.099400540586574e-07,-4.375224173344317e-07
1.132102272727273e+00,6.022727272727273e-01,-6.531282737695298e-07,-7.766878470228917e-07
1.132102272727273e+00,6.250000000000000e-01,-1.006229579775814e-06,-1.124979212184287e-06
1.132102272727273e+00,6.477272727272727e-01,-1.334153991178175e-06,-1.444780285452299e-06
1.132102272727273e+00,6.704545454545454e-01,-1.660991505228052e-06,-1.762716331797329e-06
1.132102272727273e+00,6.931818181818182e-01,-1.957358966917191e-06,-2.046770972333768e-06
1.132102272727273e+00,7.159090909090909e-01,-2.234072087741926e-06,-2.309996094066430e-06
1.132102272727273e+00,7.386363636363636e-01,-2.473389656553282e-06,-2.532283520038464e-06
1.132102272727273e+00,7.613636363636364e-01,-2.671314863131772e-06,-2.711297938985837e-06
1.132102272727273e+00,7.840909090909091e-01,-2.825503224258600e-06,-2.843537502611843e-06
1.132102272727273e+00,8.068181818181818e-01,-2.908995453985326e-06,-2.902165775413880e-06
1.132102272727273e+00,8.295454545454546e-01,-2.950048865106216e-06,-2.916032738791820e-06
1.132102272727273e+00,8.522727272727273e-01,-2.880224796516269e-06,-2.815029315969525e-06
1.132102272727273e+00,8.750000000000000e-01,-2.778623039598572e-06,-2.680792125844154e-06
1.132102272727273e+00,8.977272727272727e-01,-2.515039693367547e-06,-2.379712419659339e-06
1.132102272727273e+00,9.204545454545454e-01,-2.213419185528339e-06,-2.040430693402724e-06
1.132102272727273e+00,9.431818181818182e-01,-1.739732607878262e-06,-1.529835293192912e-06
1.132102272727273e+00,9.659090909090909e-01,-1.174746454426487e-06,-9.809476553741706e-07
1.132102272727273e+00,9.886363636363636e-01,-3.915821514777449e-07,-3.269825517931815e-07
1.151988636363636e+00,1.136363636363636e-02,1.639826971248301e-07,2.052152538927202e-07
1.151988636363636e+00,3.409090909090909e-02,5.053011059704964e-07,6.322875357379259e-07
1.151988636363636e+00,5.681818181818182e-02,8.530359744583723e-07,1.000854872686682e-06
1.151988636363636e+00,7.954545454545454e-02,1.208460555166811e-06,1.340104605623322e-06
1.151988636363636e+00,1.022727272727273e-01,1.499902289437529e-06,1.612890182678268e-06
1.151988636363636e+00,1.250000000000000e-01,1.793118574237831e-06,1.885703520057645e-06
1.151988636363636e+00,1.477272727272727e-01,2.000210185477464e-06,2.074438585992294e-06
1.151988636363636e+00,1.704545454545454e-01,2.207801395646140e-06,2.262459284144674e-06
1.151988636363636e+00,1.931818181818182e-01,2.346245813163943e-06,2.383523840316312e-06
1.151988636363636e+00,2.159090909090909e-01,2.467410700756286e-06,2.486384081873620e-06
1.151988636363636e+00,2.386363636363636e-01,2.537212100247031e-06,2.539684808330707e-06
1.151988636363636e+00,2.613636363636364e-01,2.573066852168889e-06,2.559030235410312e-06
1.151988636363636e+00,2.840909090909091e-01,2.572599563829932e-06,2.543135662551996e-06
1.151988636363636e+00,3.068181818181818e-01,2.528528634652532e-06,2.484657893888228e-06
1.151988636363636e+00,3.295454545454545e-01,2.457402814272125e-06,2.399493927321954e-06
1.151988636363636e+00,3.522727272727273e-01,2.340619463301592e-06,2.270715081834400e-06
1.151988636363636e+00,3.750000000000000e-01,2.200352733128068e-06,2.118187847323318e-06
1.151988636363636e+00,3.977272727272727e-01,2.020069196840478e-06,1.928609600720572e-06
1.151988636363636e+00,4.204545454545455e-01,1.811628211773669e-06,1.710640660730312e-06
1.151988636363636e+00,4.431818181818182e-01,1.582181869237891e-06,1.474257236893810e-06
1.151988636363636e+00,4.659090909090909e-01,1.316716270300241e-06,1.202292102580859e-06
1.151988636363636e+00,4.886363636363636e-01,1.041546536021170e-06,9.226761474248493e-07
1.151988636363636e+00,5.113636363636364e-01,7.383296040539113e-07,6.162443021876494e-07
1.151988636363636e+00,5.340909090909091e-01,4.271103084239293e-07,3.033055486046870e-07
1.151988636363636e+00,5.568181818181818e-01,1.032581696136105e-07,-2.039019799869860e-08
1.151988636363636e+00,5.795454545454546e-01,-2.310760117989113e-07,-3.534640667537391e-07
1.151988636363636e+00,6.022727272727273e-01,-5.578310977639446e-07,-6.765755537698886e-07
1.151988636363636e+00,6.250000000000000e-01,-8.997578728230582e-07,-1.013950237914113e-06
1.151988636363636e+00,6.477272727272727e-01,-1.210094895710970e-06,-1.316923834714956e-06
1.151988636363636e+00,6.704545454545454e-01,-1.532135849256906e-06,-1.630270569296212e-06
1.151988636363636e+00,6.931818181818182e-01,-1.813567539011521e-06,-1.900637216328216e-06
1.151988636363636e+00,7.159090909090909e-01,-2.089760524951449e-06,-2.163408589208583e-06
1.151988636363636e+00,7.386363636363636e-01,-2.322688335420233e-06,-2.380780305740934e-06
1.151988636363636e+00,7.613636363636364e-01,-2.521316886964362e-06,-2.560845279177317e-06
1.151988636363636e+00,7.840909090909091e-01,-2.678084179631866e-06,-2.696936875929697e-06
1.151988636363636e+00,8.068181818181818e-01,-2.766933867109630e-06,-2.761576094874221e-06
1.151988636363636e+00,8.295454545454546e-01,-2.815865892570281e-06,-2.784282684932287e-06
1.151988636363636e+00,8.522727272727273e-01,-2.759378202293644e-06,-2.697528831641979e-06
1.151988636363636e+00,8.750000000000000e-01,-2.666845182628998e-06,-2.572981348798358e-06
1.151988636363636e+00,8.977272727272727e-01,-2.427054295429306e-06,-2.296795589802201e-06
1.151988636363636e+00,9.204545454545454e-01,-2.131922640053188e-06,-1.964303121869766e-06
1.151988636363636e+00,9.431818181818182e-01,-1.694190094698816e-06,-1.490588447955650e-06
1.151988636363636e+00,9.659090909090909e-01,-1.131144335186923e-06,-9.435133713638812e-07
1.151988636363636e+00,9.886363636363636e-01,-3.915821514776504e-07,-3.269825517931038e-07
1.171875000000000e+00,1.136363636363636e-02,1.538482765888705e-07,1.925411821064025e-07
1.171875000000000e+00,3.409090909090909e-02,4.818136708369649e-07,6.029716898872094e-07
1.171875000000000e+00,5.681818181818182e-02,8.056557774501001e-07,9.445895444593949e-07
1.171875000000000e+00,7.954545454545454e-02,1.141910559701752e-06,1.265598457489087e-06
1.171875000000000e+00,1.022727272727273e-01,1.419537210668942e-06,1.525420582458398e-06
1.171875000000000e+00,1.250000000000000e-01,1.694015028161510e-06,1.780947932705061e-06
1.171875000000000e+00,1.477272727272727e-01,1.896385571617699e-06,1.965461294360679e-06
1.171875000000000e+00,1.704545454545454e-01,2.090264708940543e-06,2.141490096991449e-06
1.171875000000000e+00,1.931818181818182e-01,2.228044898347165e-06,2.262019211284321e-06
1.171875000000000e+00,2.159090909090909e-01,2.343370159374481e-06,2.360798924220670e-06
1.171875000000000e+00,2.386363636363636e-01,2.413279573490949e-06,2.414489656613892e-06
1.171875000000000e+00,2.613636363636364e-01,2.451275526747660e-06,2.437361030340523e-06
1.171875000000000e+00,2.840909090909091e-01,2.453816288194151e-06,2.425035478525729e-06
1.171875000000000e+00,3.068181818181818e-01,2.416633060671360e-06,2.374421385237749e-06
1.171875000000000e+00,3.295454545454545e-01,2.354069165838729e-06,2.298577941819129e-06
1.171875000000000e+00,3.522727272727273e-01,2.245659459838618e-06,2.178760074068944e-06
1.171875000000000e+00,3.750000000000000e-01,2.121605890912621e-06,2.043284453481406e-06
1.171875000000000e+00,3.977272727272727e-01,1.948165764912106e-06,1.860807363438590e-06
1.171875000000000e+00,4.204545454545455e-01,1.765468611867946e-06,1.669343281409068e-06
1.171875000000000e+00,4.431818181818182e-01,1.538189838438967e-06,1.435177992864634e-06
1.171875000000000e+00,4.659090909090909e-01,1.303959421853999e-06,1.194965750293693e-06
1.171875000000000e+00,4.886363636363636e-01,1.034199671512944e-06,9.208032522767141e-07
1.171875000000000e+00,5.113636363636364e-01,7.584594635738267e-07,6.420309984960515e-07
1.171875000000000e+00,5.340909090909091e-01,4.588823826981878e-07,3.407249407062685e-07
1.171875000000000e+00,5.568181818181818e-01,1.561977427602395e-07,3.813982380932916e-08
1.171875000000000e+00,5.795454545454546e-01,-1.611643814104721e-07,-2.781384539317720e-07
1.171875000000000e+00,6.022727272727273e-01,-4.739238574078289e-07,-5.874504565272348e-07
1.171875000000000e+00,6.250000000000000e-01,-7.954735466221020e-07,-9.049182517577937e-07
1.171875000000000e+00,6.477272727272727e-01,-1.098887191535113e-06,-1.201202103618026e-06
1.171875000000000e+00,6.704545454545454e-01,-1.400626289107191e-06,-1.495207283058387e-06
1.171875000000000e+00,6.931818181818182e-01,-1.680640340189200e-06,-1.764248707940762e-06
1.171875000000000e+00,7.159090909090909e-01,-1.942645946705017e-06,-2.014208358374694e-06
1.171875000000000e+00,7.386363636363636e-01,-2.174482822822630e-06,-2.230740807441733e-06
1.171875000000000e+00,7.613636363636364e-01,-2.369270538650388e-06,-2.408316963184968e-06
1.171875000000000e+00,7.840909090909091e-01,-2.527210072927289e-06,-2.546159484085700e-06
1.171875000000000e+00,8.068181818181818e-01,-2.620227548786748e-06,-2.616087636907660e-06
1.171875000000000e+00,8.295454545454546e-01,-2.676407899439979e-06,-2.646926683511442e-06
1.171875000000000e+00,8.522727272727273e-01,-2.628252099748279e-06,-2.569301217931814e-06
1.171875000000000e+00,8.750000000000000e-01,-2.552256189192138e-06,-2.462423201307856e-06
1.171875000000000e+00,8.977272727272727e-01,-2.320813614834527e-06,-2.195045988456597e-06
1.171875000000000e+00,9.204545454545454e-01,-2.055687405158551e-06,-1.893838958307510e-06
1.171875000000000e+00,9.431818181818182e-01,-1.620825467510241e-06,-1.423086864893418e-06
1.171875000000000e+00,9.659090909090909e-01,-1.098176879176493e-06,-9.152094005268110e-07
1.171875000000000e+00,9.886363636363636e-01,-3.660589597276187e-07,-3.050698001772894e-07
1.191761363636364e+00,1.136363636363636e-02,1.418712341372911e-07,1.775627336316862e-07
1.191761363636364e+00,3.409090909090909e-02,4.431186106089003e-07,5.545797794307573e-07
1.191761363636364e+00,5.681818181818182e-02,7.485388560962233e-07,8.786373257424484e-07
1.191761363636364e+00,7.954545454545454e-02,1.066371777222062e-06,1.182085930511646e-06
1.191761363636364e+00,1.022727272727273e-01,1.325155474349418e-06,1.424458441557213e-06
1.191761363636364e+00,1.250000000000000e-01,1.591186450465507e-06,1.672163551079439e-06
1.191761363636364e+00,1.477272727272727e-01,1.777677038650114e-06,1.842476634705590e-06
1.191761363636364e+00,1.704545454545454e-01,1.969410236071392e-06,2.016586480845892e-06
1.191761363636364e+00,1.931818181818182e-01,2.097891231921474e-06,2.129619408836036e-06
1.191761363636364e+00,2.159090909090909e-01,2.213091876877559e-06,2.228477802692468e-06
1.191761363636364e+00,2.386363636363636e-01,2.282079132066915e-06,2.282750773894306e-06
1.191761363636364e+00,2.613636363636364e-01,2.322167926339808e-06,2.308208891683340e-06
1.191761363636364e+00,2.840909090909091e-01,2.329377333130091e-06,2.301653768930828e-06
1.191761363636364e+00,3.068181818181818e-01,2.299217871021189e-06,2.258784322144364e-06
1.191761363636364e+00,3.295454545454545e-01,2.243677741602449e-06,2.190685525227260e-06
1.191761363636364e+00,3.522727272727273e-01,2.149492756820467e-06,2.085945170443752e-06
1.191761363636364e+00,3.750000000000000e-01,2.031815787061218e-06,1.957228434979208e-06
1.191761363636364e+00,3.977272727272727e-01,1.881394404753593e-06,1.798637053365247e-06
1.191761363636364e+00,4.204545454545455e-01,1.701807892749013e-06,1.610400769772057e-06
1.191761363636364e+00,4.431818181818182e-01,1.504875086815210e-06,1.407289375316588e-06
1.191761363636364e+00,4.659090909090909e-01,1.274578183208683e-06,1.171060862742185e-06
1.191761363636364e+00,4.886363636363636e-01,1.033926428908088e-06,9.263779666995967e-07
1.191761363636364e+00,5.113636363636364e-01,7.687377391235126e-07,6.581971959730547e-07
1.191761363636364e+00,5.340909090909091e-01,4.926986602849306e-07,3.805182926886187e-07
1.191761363636364e+00,5.568181818181818e-01,2.067169172399360e-07,9.454688834332856e-08
1.191761363636364e+00,5.795454545454546e-01,-9.394231003782126e-08,-2.051176768461228e-07
1.191761363636364e+00,6.022727272727273e-01,-3.853675782551768e-07,-4.934507110883679e-07
1.191761363636364e+00,6.250000000000000e-01,-6.973536570853113e-07,-8.015141411950704e-07
1.191761363636364e+00,6.477272727272727e-01,-9.774795760827471e-07,-1.075296123709614e-06
1.191761363636364e+00,6.704545454545454e-01,-1.276071683666234e-06,-1.366260509995151e-06
1.191761363636364e+00,6.931818181818182e-01,-1.536238793331754e-06,-1.616748824782728e-06
1.191761363636364e+00,7.159090909090909e-01,-1.796928727714329e-06,-1.865589264333440e-06
1.191761363636364e+00,7.386363636363636e-01,-2.019029630045961e-06,-2.073839552864656e-06
1.191761363636364e+00,7.613636363636364e-01,-2.213698585709763e-06,-2.251875046778030e-06
1.191761363636364e+00,7.840909090909091e-01,-2.371373193467073e-06,-2.390742245135228e-06
1.191761363636364e+00,8.068181818181818e-01,-2.469960246050629e-06,-2.467201935275651e-06
1.191761363636364e+00,8.295454545454546e-01,-2.531710173427959e-06,-2.504572519197897e-06
1.191761363636364e+00,8.522727272727273e-01,-2.498873581544456e-06,-2.443555372529008e-06
1.191761363636364e+00,8.750000000000000e-01,-2.429744902074748e-06,-2.344122464382279e-06
1.191761363636364e+00,8.977272727272727e-01,-2.226383016367772e-06,-2.106373997654764e-06
1.191761363636364e+00,9.204545454545454e-01,-1.965051494347288e-06,-1.809170852116995e-06
1.191761363636364e+00,9.431818181818182e-01,-1.570378064583835e-06,-1.379894885703238e-06
1.191761363636364e+00,9.659090909090909e-01,-1.053735119455599e-06,-8.771593236211653e-07
1.191761363636364e+00,9.886363636363636e-01,-3.660589597275103e-07,-3.050698001772006e-07
1.211647727272727e+00,1.136363636363636e-02,1.353011005178171e-07,1.693127604543490e-07
1.211647727272727e+00,3.409090909090909e-02,4.190435687910401e-07,5.244382277136629e-07
1.211647727272727e+00,5.681818181818182e-02,7.033519841929956e-07,8.239767293306330e-07
1.211647727272727e+00,7.954545454545454e-02,9.974996552999328e-07,1.104847794907766e-06
1.211647727272727e+00,1.022727272727273e-01,1.244442454621370e-06,1.336047819473554e-06
1.211647727272727e+00,1.250000000000000e-01,1.487731934723866e-06,1.562693050122296e-06
1.211647727272727e+00,1.477272727272727e-01,1.670924700179036e-06,1.730030154636672e-06
1.211647727272727e+00,1.704545454545454e-01,1.845789312957690e-06,1.889163911495960e-06
1.211647727272727e+00,1.931818181818182e-01,1.973606080696590e-06,2.001661397607339e-06
1.211647727272727e+00,2.159090909090909e-01,2.081252589140030e-06,2.094626180372372e-06
1.211647727272727e+00,2.386363636363636e-01,2.149965688972678e-06,2.149072249598392e-06
1.211647727272727e+00,2.613636363636364e-01,2.190293192893335e-06,2.176013702146474e-06
1.211647727272727e+00,2.840909090909091e-01,2.200561367322654e-06,2.173239205331320e-06
1.211647727272727e+00,3.068181818181818e-01,2.175039357152296e-06,2.135861450865701e-06
1.211647727272727e+00,3.295454545454545e-01,2.128529783265698e-06,2.077720056593403e-06
1.211647727272727e+00,3.522727272727273e-01,2.040201689598439e-06,1.979328406049793e-06
1.211647727272727e+00,3.750000000000000e-01,1.939692486826587e-06,1.868808668993308e-06
1.211647727272727e+00,3.977272727272727e-01,1.793428918239620e-06,1.714556134399153e-06
1.211647727272727e+00,4.204545454545455e-01,1.640565681097958e-06,1.554002637982625e-06
1.211647727272727e+00,4.431818181818182e-01,1.445800444270952e-06,1.353109378819225e-06
1.211647727272727e+00,4.659090909090909e-01,1.244139928671758e-06,1.146150880363917e-06
1.211647727272727e+00,4.886363636363636e-01,1.012141902923732e-06,9.102321903137146e-07
1.211647727272727e+00,5.113636363636364e-01,7.716628886416350e-07,6.670486015969841e-07
1.211647727272727e+00,5.340909090909091e-01,5.110452594135378e-07,4.048495581608781e-07
1.211647727272727e+00,5.568181818181818e-01,2.439152047687661e-07,1.377743105836589e-07
1.211647727272727e+00,5.795454545454546e-01,-3.526886936090769e-08,-1.405297670393862e-07
1.211647727272727e+00,6.022727272727273e-01,-3.147293805220507e-07,-4.169936524563412e-07
1.211647727272727e+00,6.250000000000000e-01,-6.009672775487356e-07,-6.997376379988156e-07
1.211647727272727e+00,6.477272727272727e-01,-8.760850673402136e-07,-9.686389511963747e-07
1.211647727272727e+00,6.704545454545454e-01,-1.148605591059763e-06,-1.234481008511115e-06
1.211647727272727e+00,6.931818181818182e-01,-1.407355062052676e-06,-1.483644101149063e-06
1.211647727272727e+00,7.159090909090909e-01,-1.650274858390891e-06,-1.715988414165988e-06
1.211647727272727e+00,7.386363636363636e-01,-1.869481282029393e-06,-1.921776438754121e-06
1.211647727272727e+00,7.613636363636364e-01,-2.057032777280740e-06,-2.093989687499804e-06
1.211647727272727e+00,7.840909090909091e-01,-2.214533812490731e-06,-2.233528226259514e-06
1.211647727272727e+00,8.068181818181818e-01,-2.314352039649010e-06,-2.312307044756979e-06
1.211647727272727e+00,8.295454545454546e-01,-2.383262851385894e-06,-2.358075319517248e-06
1.211647727272727e+00,8.522727272727273e-01,-2.356140023562842e-06,-2.303510055743979e-06
1.211647727272727e+00,8.750000000000000e-01,-2.305500043171993e-06,-2.224121670420555e-06
1.211647727272727e+00,8.977272727272727e-01,-2.107704387915783e-06,-1.992290952135949e-06
1.211647727272727e+00,9.204545454545454e-01,-1.880187253364156e-06,-1.730635916798325e-06
1.211647727272727e+00,9.431818181818182e-01,-1.488384431306765e-06,-1.304322530884592e-06
1.211647727272727e+00,9.659090909090909e-01,-1.011695617016909e-06,-8.411660076293323e-07
1.211647727272727e+00,9.886363636363636e-01,-3.372318723409444e-07,-2.803886692113435e-07
1.231534090909091e+00,1.136363636363636e-02,1.193450617277408e-07,1.492771113095941e-07
1.231534090909091e+00,3.409090909090909e-02,3.796227670744572e-07,4.749383886503689e-07
1.231534090909091e+00,5.681818181818182e-02,6.411781297606624e-07,7.527482074546368e-07
1.231534090909091e+00,7.954545454545454e-02,9.198537250208892e-07,1.018843768719133e-06
1.231534090909091e+00,1.022727272727273e-01,1.144059307728129e-06,1.228910380021542e-06
1.231534090909091e+00,1.250000000000000e-01,1.381147728754025e-06,1.449791952507545e-06
1.231534090909091e+00,1.477272727272727e-01,1.545024675365357e-06,1.599698322224378e-06
1.231534090909091e+00,1.704545454545454e-01,1.719154312706711e-06,1.758186454375165e-06
1.231534090909091e+00,1.931818181818182e-01,1.836152906360128e-06,1.861644062235529e-06
1.231534090909091e+00,2.159090909090909e-01,1.943196367669228e-06,1.954374547934700e-06
1.231534090909091e+00,2.386363636363636e-01,2.009698294675960e-06,2.007961527919226e-06
1.231534090909091e+00,2.613636363636364e-01,2.052058189371538e-06,2.037588170156598e-06
1.231534090909091e+00,2.840909090909091e-01,2.065315173763977e-06,2.038762481708047e-06
1.231534090909091e+00,3.068181818181818e-01,2.047156190775528e-06,2.009627610531592e-06
1.231534090909091e+00,3.295454545454545e-01,2.005653475372628e-06,1.957091376895924e-06
1.231534090909091e+00,3.522727272727273e-01,1.932322330502889e-06,1.874720579154010e-06
1.231534090909091e+00,3.750000000000000e-01,1.835903204675816e-06,1.768570165588896e-06
1.231534090909091e+00,3.977272727272727e-01,1.713992545024128e-06,1.639730877825035e-06
1.231534090909091e+00,4.204545454545455e-01,1.562430250926254e-06,1.480524102143099e-06
1.231534090909091e+00,4.431818181818182e-01,1.396650769959282e-06,1.309433146267688e-06
1.231534090909091e+00,4.659090909090909e-01,1.202081805476281e-06,1.109687381959986e-06
1.231534090909091e+00,4.886363636363636e-01,9.960861338209664e-07,9.002153837843372e-07
1.231534090909091e+00,5.113636363636364e-01,7.697628087533520e-07,6.713003274174917e-07
1.231534090909091e+00,5.340909090909091e-01,5.299623695465535e-07,4.300844197900405e-07
1.231534090909091e+00,5.568181818181818e-01,2.837794738935984e-07,1.839394769158392e-07
1.231534090909091e+00,5.795454545454546e-01,1.883946787835996e-08,-8.013199350915362e-08
1.231534090909091e+00,6.022727272727273e-01,-2.342127993357384e-07,-3.304781916996412e-07
1.231534090909091e+00,6.250000000000000e-01,-5.132484480132296e-07,-6.060991716348976e-07
1.231534090909091e+00,6.477272727272727e-01,-7.590329095983842e-07,-8.464137074044082e-07
1.231534090909091e+00,6.704545454545454e-01,-1.030260464296540e-06,-1.111010415261431e-06
1.231534090909091e+00,6.931818181818182e-01,-1.265331533618627e-06,-1.337700957561018e-06
1.231534090909091e+00,7.159090909090909e-01,-1.504845911409838e-06,-1.567010440229405e-06
1.231534090909091e+00,7.386363636363636e-01,-1.711565800375989e-06,-1.761670753539569e-06
1.231534090909091e+00,7.613636363636364e-01,-1.897169012636009e-06,-1.932791065173817e-06
1.231534090909091e+00,7.840909090909091e-01,-2.051804925799931e-06,-2.070722343475533e-06
1.231534090909091e+00,8.068181818181818e-01,-2.156542227709495e-06,-2.155764694368409e-06
1.231534090909091e+00,8.295454545454546e-01,-2.228798010277252e-06,-2.205792171157558e-06
1.231534090909091e+00,8.522727272727273e-01,-2.218608993602028e-06,-2.169912818912115e-06
1.231534090909091e+00,8.750000000000000e-01,-2.172587325342404e-06,-2.095620591278099e-06
1.231534090909091e+00,8.977272727272727e-01,-2.007393877012111e-06,-1.898450971016240e-06
1.231534090909091e+00,9.204545454545454e-01,-1.781707857364940e-06,-1.638715745159164e-06
1.231534090909091e+00,9.431818181818182e-01,-1.432378539464287e-06,-1.256453449925145e-06
1.231534090909091e+00,9.659090909090909e-01,-9.676909877120782e-07,-8.035545868754598e-07
1.231534090909091e+00,9.886363636363636e-01,-3.372318723408228e-07,-2.803886692112442e-07
1.251420454545455e+00,1.136363636363636e-02,1.165262188525161e-07,1.457201348699443e-07
1.251420454545455e+00,3.409090909090909e-02,3.552163423068462e-07,4.442743574856628e-07
1.251420454545455e+00,5.681818181818182e-02,5.989649861090766e-07,7.005583860523543e-07
1.251420454545455e+00,7.954545454545454e-02,8.494267960017728e-07,9.397103806290991e-07
1.251420454545455e+00,1.022727272727273e-01,1.064190819576044e-06,1.140808467538845e-06
1.251420454545455e+00,1.250000000000000e-01,1.274407984603344e-06,1.336714187986309e-06
1.251420454545455e+00,1.477272727272727e-01,1.436756793495859e-06,1.485230410890605e-06
1.251420454545455e+00,1.704545454545454e-01,1.591594999426258e-06,1.626350597443284e-06
1.251420454545455e+00,1.931818181818182e-01,1.706746587748007e-06,1.728264811455914e-06
1.251420454545455e+00,2.159090909090909e-01,1.805014053265683e-06,1.813730403311134e-06
1.251420454545455e+00,2.386363636363636e-01,1.870510901715181e-06,1.866926888185891e-06
1.251420454545455e+00,2.613636363636364e-01,1.911488354130782e-06,1.896270138391142e-06
1.251420454545455e+00,2.840909090909091e-01,1.927495043689291e-06,1.901077353639865e-06
1.251420454545455e+00,3.068181818181818e-01,1.912001653814357e-06,1.875329502374976e-06
1.251420454545455e+00,3.295454545454545e-01,1.879629092117024e-06,1.833014444017870e-06
1.251420454545455e+00,3.522727272727273e-01,1.809894721369834e-06,1.754618165462389e-06
1.251420454545455e+00,3.750000000000000e-01,1.731199262303467e-06,1.667401487026552e-06
1.251420454545455e+00,3.977272727272727e-01,1.610965196136904e-06,1.540321558785334e-06
1.251420454545455e+00,4.204545454545455e-01,1.484612855541203e-06,1.407400249831012e-06
1.251420454545455e+00,4.431818181818182e-01,1.323782162160091e-06,1.241397492077941e-06
1.251420454545455e+00,4.659090909090909e-01,1.154165914311324e-06,1.067290816750528e-06
1.251420454545455e+00,4.886363636363636e-01,9.599894945163321e-07,8.698400421542217e-07
1.251420454545455e+00,5.113636363636364e-01,7.550932703126346e-07,6.627048638494481e-07
1.251420454545455e+00,5.340909090909091e-01,5.344446459254309e-07,4.407934411659593e-07
1.251420454545455e+00,5.568181818181818e-01,3.041771309175344e-07,2.106785041826060e-07
1.251420454545455e+00,5.795454545454546e-01,6.521160205214909e-08,-2.743938841064410e-08
1.251420454545455e+00,6.022727272727273e-01,-1.785918732850000e-07,-2.685575476491506e-07
1.251420454545455e+00,6.250000000000000e-01,-4.264177791159837e-07,-5.133121699531271e-07
1.251420454545455e+00,6.477272727272727e-01,-6.698408941945731e-07,-7.513086672904812e-07
1.251420454545455e+00,6.704545454545454e-01,-9.111479123583767e-07,-9.867724989789882e-07
1.251420454545455e+00,6.931818181818182e-01,-1.142176327736664e-06,-1.209626264391538e-06
1.251420454545455e+00,7.159090909090909e-01,-1.361723629723247e-06,-1.420031630842660e-06
1.251420454545455e+00,7.386363636363636e-01,-1.562767821111057e-06,-1.609633893571928e-06
1.251420454545455e+00,7.613636363636364e-01,-1.738571533230077e-06,-1.772107447761082e-06
1.251420454545455e+00,7.840909090909091e-01,-1.890571534111616e-06,-1.908560046441445e-06
1.251420454545455e+00,8.068181818181818e-01,-1.993770473786427e-06,-1.993058643271794e-06
1.251420454545455e+00,8.295454545454546e-01,-2.072125909045777e-06,-2.050852900231254e-06
1.251420454545455e+00,8.522727272727273e-01,-2.064946216894856e-06,-2.018600651334454e-06
1.251420454545455e+00,8.750000000000000e-01,-2.038937234537211e-06,-1.966391773687870e-06
1.251420454545455e+00,8.977272727272727e-01,-1.876228090863950e-06,-1.771885291703739e-06
1.251420454545455e+00,9.204545454545454e-01,-1.684909059992677e-06,-1.548612473068805e-06
1.251420454545455e+00,9.431818181818182e-01,-1.342831315972443e-06,-1.173871095755713e-06
1.251420454545455e+00,9.659090909090909e-01,-9.156855167154814e-07,-7.591047259845364e-07
1.251420454545455e+00,9.886363636363636e-01,-3.052285055736393e-07,-2.530349086629453e-07
1.271306818181818e+00,1.136363636363636e-02,9.679431872625545e-08,1.208212997932866e-07
1.271306818181818e+00,3.409090909090909e-02,3.157525420543752e-07,3.944766873324955e-07
1.271306818181818e+00,5.681818181818182e-02,5.325382366168397e-07,6.249631985653115e-07
1.271306818181818e+00,7.954545454545454e-02,7.709132071951575e-07,8.525507888199741e-07
1.271306818181818e+00,1.022727272727273e-01,9.590300495143227e-07,1.028792943054335e-06
1.271306818181818e+00,1.250000000000000e-01,1.165646244101743e-06,1.221339753680801e-06
1.271306818181818e+00,1.477272727272727e-01,1.306601124930825e-06,1.350393921209581e-06
1.271306818181818e+00,1.704545454545454e-01,1.459909584806777e-06,1.490201623517615e-06
1.271306818181818e+00,1.931818181818182e-01,1.563741052325613e-06,1.582403454119874e-06
1.271306818181818e+00,2.159090909090909e-01,1.660567498841107e-06,1.666961736492136e-06
1.271306818181818e+00,2.386363636363636e-01,1.722849766439585e-06,1.718134223289523e-06
1.271306818181818e+00,2.613636363636364e-01,1.765407002736375e-06,1.749867274499352e-06
1.271306818181818e+00,2.840909090909091e-01,1.782993476176072e-06,1.757064290752653e-06
1.271306818181818e+00,3.068181818181818e-01,1.774776715426611e-06,1.739627670871512e-06
1.271306818181818e+00,3.295454545454545e-01,1.745666090923457e-06,1.701038336927812e-06
1.271306818181818e+00,3.522727272727273e-01,1.691232520409761e-06,1.639129215623774e-06
1.271306818181818e+00,3.750000000000000e-01,1.614604737050623e-06,1.554140531411105e-06
1.271306818181818e+00,3.977272727272727e-01,1.517842979675814e-06,1.451691636486895e-06
1.271306818181818e+00,4.204545454545455e-01,1.394898957987153e-06,1.322290144989918e-06
1.271306818181818e+00,4.431818181818182e-01,1.259289824518145e-06,1.182334036421204e-06
1.271306818181818e+00,4.659090909090909e-01,1.099768889907365e-06,1.018535298156314e-06
1.271306818181818e+00,4.886363636363636e-01,9.281127842586533e-07,8.440791523917897e-07
1.271306818181818e+00,5.113636363636364e-01,7.408306452667519e-07,6.547654164328807e-07
1.271306818181818e+00,5.340909090909091e-01,5.377961060913451e-07,4.506754360952573e-07
1.271306818181818e+00,5.568181818181818e-01,3.325882550539130e-07,2.457015558538876e-07
1.271306818181818e+00,5.795454545454546e-01,1.048563686580468e-07,1.885379214497551e-08
1.271306818181818e+00,6.022727272727273e-01,-1.075501276844292e-07,-1.910568225803402e-07
1.271306818181818e+00,6.250000000000000e-01,-3.511331985161326e-07,-4.315942091392907e-07
1.271306818181818e+00,6.477272727272727e-01,-5.614974625028103e-07,-6.371381684264553e-07
1.271306818181818e+00,6.704545454545454e-01,-7.994409766884919e-07,-8.693677073013345e-07
1.271306818181818e+00,6.931818181818182e-01,-1.005579462628677e-06,-1.068287705893038e-06
1.271306818181818e+00,7.159090909090909e-01,-1.218685819015236e-06,-1.272779958498276e-06
1.271306818181818e+00,7.386363636363636e-01,-1.405361747141452e-06,-1.449191428802108e-06
1.271306818181818e+00,7.613636363636364e-01,-1.576136771150887e-06,-1.607787847381637e-06
1.271306818181818e+00,7.840909090909091e-01,-1.723108083922841e-06,-1.740363310452374e-06
1.271306818181818e+00,8.068181818181818e-01,-1.829161743720064e-06,-1.829549202711756e-06
1.271306818181818e+00,8.295454545454546e-01,-1.908796881103254e-06,-1.889444661070437e-06
1.271306818181818e+00,8.522727272727273e-01,-1.919318243067001e-06,-1.877206612286337e-06
1.271306818181818e+00,8.750000000000000e-01,-1.895701295049176e-06,-1.827702356276604e-06
1.271306818181818e+00,8.977272727272727e-01,-1.767772416574369e-06,-1.670479810180673e-06
1.271306818181818e+00,9.204545454545454e-01,-1.582045274715331e-06,-1.453027148993734e-06
1.271306818181818e+00,9.431818181818182e-01,-1.281347509385650e-06,-1.121354936795808e-06
1.271306818181818e+00,9.659090909090909e-01,-8.732324121674164e-07,-7.228435686074247e-07
1.271306818181818e+00,9.886363636363636e-01,-3.052285055735048e-07,-2.530349086628357e-07
1.291193181818182e+00,1.136363636363636e-02,9.679431872620476e-08,1.208212997931379e-07
1.291193181818182e+00,3.409090909090909e-02,2.903829561777694e-07,3.624638993768357e-07
1.291193181818182e+00,5.681818181818182e-02,4.930744363643697e-07,5.751655284121454e-07
1.291193181818182e+00,7.954545454545454e-02,6.989079164809013e-07,7.716181839535104e-07
1.291193181818182e+00,1.022727272727273e-01,8.805164607077092e-07,9.416333512452116e-07
1.291193181818182e+00,1.250000000000000e-01,1.056884503600144e-06,1.105965319375295e-06
1.291193181818182e+00,1.477272727272727e-01,1.196311246710411e-06,1.233629340091539e-06
1.291193181818182e+00,1.704545454545454e-01,1.329753916241747e-06,1.355365133836594e-06
1.291193181818182e+00,1.931818181818182e-01,1.430219942440798e-06,1.444679499100635e-06
1.291193181818182e+00,2.159090909090909e-01,1.517561963418716e-06,1.521100379156099e-06
1.291193181818182e+00,2.386363636363636e-01,1.577738126321698e-06,1.570946798247624e-06
1.291193181818182e+00,2.613636363636364e-01,1.617745867460783e-06,1.601074609602988e-06
1.291193181818182e+00,2.840909090909091e-01,1.637363491604865e-06,1.611344227147888e-06
1.291193181818182e+00,3.068181818181818e-01,1.630275147913396e-06,1.595614607984303e-06
1.291193181818182e+00,3.295454545454545e-01,1.609946662009950e-06,1.567056070538230e-06
1.291193181818182e+00,3.522727272727273e-01,1.557269519216196e-06,1.507153108533718e-06
1.291193181818182e+00,3.750000000000000e-01,1.498010211797782e-06,1.440879575795660e-06
1.291193181818182e+00,3.977272727272727e-01,1.402925047908098e-06,1.340190040394094e-06
1.291193181818182e+00,4.204545454545455e-01,1.301776741526065e-06,1.233660222691481e-06
1.291193181818182e+00,4.431818181818182e-01,1.173665909652546e-06,1.101447712528926e-06
1.291193181818182e+00,4.659090909090909e-01,1.035276552265420e-06,9.594718424995775e-07
1.291193181818182e+00,4.886363636363636e-01,8.783751351953055e-07,8.000811432110483e-07
1.291193181818182e+00,5.113636363636364e-01,7.089539350090737e-07,6.290045266704493e-07
1.291193181818182e+00,5.340909090909091e-01,5.285660768202618e-07,4.478278293489373e-07
1.291193181818182e+00,5.568181818181818e-01,3.359397152198271e-07,2.555835507831853e-07
1.291193181818182e+00,5.795454545454546e-01,1.384522508572799e-07,5.907844176287409e-08
1.291193181818182e+00,6.022727272727273e-01,-6.790536107853249e-08,-1.447636420247216e-07
1.291193181818182e+00,6.250000000000000e-01,-2.758486179162831e-07,-3.498762483254560e-07
1.291193181818182e+00,6.477272727272727e-01,-4.838515353963962e-07,-5.531021691804649e-07
1.291193181818182e+00,6.704545454545454e-01,-6.910975449967316e-07,-7.551972084373113e-07
1.291193181818182e+00,6.931818181818182e-01,-8.898363221850491e-07,-9.470017628390340e-07
1.291193181818182e+00,7.159090909090909e-01,-1.082088953907252e-06,-1.131441399999779e-06
1.291193181818182e+00,7.386363636363636e-01,-1.259351192310355e-06,-1.299210626990395e-06
1.291193181818182e+00,7.613636363636364e-01,-1.418730697181285e-06,-1.447345382611821e-06
1.291193181818182e+00,7.840909090909091e-01,-1.559236553812345e-06,-1.574935957041611e-06
1.291193181818182e+00,8.068181818181818e-01,-1.661698293531294e-06,-1.661352466722689e-06
1.291193181818182e+00,8.295454545454546e-01,-1.744778782786359e-06,-1.726905005771582e-06
1.291193181818182e+00,8.522727272727273e-01,-1.755989215124481e-06,-1.715798373125524e-06
1.291193181818182e+00,8.750000000000000e-01,-1.752465355561144e-06,-1.689012938865341e-06
1.291193181818182e+00,8.977272727272727e-01,-1.627020781743369e-06,-1.534453531047138e-06
1.291193181818182e+00,9.204545454545454e-01,-1.473589600425752e-06,-1.351621667470670e-06
1.291193181818182e+00,9.431818181818182e-01,-1.185193990922992e-06,-1.032753801658333e-06
1.291193181818182e+00,9.659090909090909e-01,-8.117486055806252e-07,-6.703274096475201e-07
1.291193181818182e+00,9.886363636363636e-01,-2.715588019663913e-07,-2.242760597085523e-07
1.311079545454545e+00,1.136363636363636e-02,7.467092945121072e-08,9.273663530282549e-08
1.311079545454545e+00,3.409090909090909e-02,2.525888328330220e-07,3.144859308726555e-07
1.311079545454545e+00,5.681818181818182e-02,4.244651661397423e-07,4.973614451357740e-07
1.311079545454545e+00,7.954545454545454e-02,6.218961527158550e-07,6.857589724386632e-07
1.311079545454545e+00,1.022727272727273e-01,7.729213235378943e-07,8.271280169715367e-07
1.311079545454545e+00,1.250000000000000e-01,9.478278319289924e-07,9.900942893075305e-07
1.311079545454545e+00,1.477272727272727e-01,1.065014112239789e-06,1.097378259194419e-06
1.311079545454545e+00,1.704545454545454e-01,1.195173965266709e-06,1.216221702699756e-06
1.311079545454545e+00,1.931818181818182e-01,1.284199562748415e-06,1.295516575092194e-06
1.311079545454545e+00,2.159090909090909e-01,1.368737636774774e-06,1.369829689481889e-06
1.311079545454545e+00,2.386363636363636e-01,1.425010678207960e-06,1.416792876047100e-06
1.311079545454545e+00,2.613636363636364e-01,1.465569657273820e-06,1.448435748513848e-06
1.311079545454545e+00,2.840909090909091e-01,1.485656258677051e-06,1.459827971080627e-06
1.311079545454545e+00,3.068181818181818e-01,1.485128454465519e-06,1.451842973986592e-06
1.311079545454545e+00,3.295454545454545e-01,1.466623962470967e-06,1.425430605234126e-06
1.311079545454545e+00,3.522727272727273e-01,1.428862998135944e-06,1.381783544039804e-06
1.311079545454545e+00,3.750000000000000e-01,1.370383857364302e-06,1.316354842811994e-06
1.311079545454545e+00,3.977272727272727e-01,1.296453166669052e-06,1.237995949499349e-06
1.311079545454545e+00,4.204545454545455e-01,1.201033148999620e-06,1.137414061134351e-06
1.311079545454545e+00,4.431818181818182e-01,1.094246192023532e-06,1.027317640145822e-06
1.311079545454545e+00,4.659090909090909e-01,9.685754974997339e-07,8.983806277481376e-07
1.311079545454545e+00,4.886363636363636e-01,8.304818914951184e-07,7.582632005536632e-07
1.311079545454545e+00,5.113636363636364e-01,6.817445871524478e-07,6.081892316435699e-07
1.311079545454545e+00,5.340909090909091e-01,5.154577567084473e-07,4.413277593101314e-07
1.311079545454545e+00,5.568181818181818e-01,3.516086835456499e-07,2.780605652471865e-07
1.311079545454545e+00,5.795454545454546e-01,1.619789286292447e-07,8.946658121187206e-08
1.311079545454545e+00,6.022727272727273e-01,-8.370425706592074e-09,-7.842745697781066e-08
1.311079545454545e+00,6.250000000000000e-01,-2.145865122630825e-07,-2.818195883143697e-07
1.311079545454545e+00,6.477272727272727e-01,-3.881164337005168e-07,-4.509984397837622e-07
1.311079545454545e+00,6.704545454545454e-01,-5.885547995308425e-07,-6.464711930916462e-07
1.311079545454545e+00,6.931818181818182e-01,-7.624588976143980e-07,-8.141461207981140e-07
1.311079545454545e+00,7.159090909090909e-01,-9.443906445614657e-07,-9.888612486492304e-07
1.311079545454545e+00,7.386363636363636e-01,-1.106577595496584e-06,-1.142446646347810e-06
1.311079545454545e+00,7.613636363636364e-01,-1.256421562476431e-06,-1.282453745345651e-06
1.311079545454545e+00,7.840909090909091e-01,-1.390524028726951e-06,-1.404609418562518e-06
1.311079545454545e+00,8.068181818181818e-01,-1.491493743043945e-06,-1.491893817011457e-06
1.311079545454545e+00,8.295454545454546e-01,-1.574221948656178e-06,-1.557742375699654e-06
1.311079545454545e+00,8.522727272727273e-01,-1.601593486119817e-06,-1.565927607152967e-06
1.311079545454545e+00,8.750000000000000e-01,-1.598949600086959e-06,-1.540161353050717e-06
1.311079545454545e+00,8.977272727272727e-01,-1.508438388241814e-06,-1.423319704828800e-06
1.311079545454545e+00,9.204545454545454e-01,-1.365510748791833e-06,-1.251490623257618e-06
1.311079545454545e+00,9.431818181818182e-01,-1.117026330589649e-06,-9.743474180852100e-07
1.311079545454545e+00,9.659090909090909e-01,-7.702936186102854e-07,-6.349355814064419e-07
1.311079545454545e+00,9.886363636363636e-01,-2.700949018094194e-07,-2.230256749712947e-07
1.330965909090909e+00,1.136363636363636e-02,7.467092945116240e-08,9.273663530267916e-08
1.330965909090909e+00,3.409090909090909e-02,2.240127883528358e-07,2.782099059060451e-07
1.330965909090909e+00,5.681818181818182e-02,3.857492349085389e-07,4.482132822778370e-07
1.330965909090909e+00,7.954545454545454e-02,5.467694161428369e-07,6.017052538806658e-07
1.330965909090909e+00,1.022727272727273e-01,6.949937557847364e-07,7.403892556673804e-07
1.330965909090909e+00,1.250000000000000e-01,8.387639668146810e-07,8.742111471480040e-07
1.330965909090909e+00,1.477272727272727e-01,9.521530949402022e-07,9.780155961615874e-07
1.330965909090909e+00,1.704545454545454e-01,1.063327187040745e-06,1.079461435300401e-06
1.330965909090909e+00,1.931818181818182e-01,1.147152589650930e-06,1.154201992751203e-06
1.330965909090909e+00,2.159090909090909e-01,1.222330312908553e-06,1.220317340245951e-06
1.330965909090909e+00,2.386363636363636e-01,1.275012482589527e-06,1.264627952886953e-06
1.330965909090909e+00,2.613636363636364e-01,1.312605089338343e-06,1.294079568633702e-06
1.330965909090909e+00,2.840909090909091e-01,1.333546884567080e-06,1.307518894475672e-06
1.330965909090909e+00,3.068181818181818e-01,1.333322536229114e-06,1.300260288866382e-06
1.330965909090909e+00,3.295454545454545e-01,1.322722017839774e-06,1.283147984452878e-06
1.330965909090909e+00,3.522727272727273e-01,1.285569051474382e-06,1.240216312823093e-06
1.330965909090909e+00,3.750000000000000e-01,1.242488433926416e-06,1.191555383551054e-06
1.330965909090909e+00,3.977272727272727e-01,1.172169482557044e-06,1.117009038887737e-06
1.330965909090909e+00,4.204545454545455e-01,1.094808161517008e-06,1.035489893769380e-06
1.330965909090909e+00,4.431818181818182e-01,9.977138749488428e-07,9.354462405872260e-07
1.330965909090909e+00,4.659090909090909e-01,8.894899871593066e-07,8.246042102410172e-07
1.330965909090909e+00,4.886363636363636e-01,7.686995673349507e-07,7.022181933730732e-07
1.330965909090909e+00,5.113636363636364e-01,6.342561994020599e-07,5.667919112544616e-07
1.330965909090909e+00,5.340909090909091e-01,4.936830077868332e-07,4.260346727228038e-07
1.330965909090909e+00,5.568181818181818e-01,3.389581290471493e-07,2.720302712992007e-07
1.330965909090909e+00,5.795454545454546e-01,1.833784483973584e-07,1.177178288655386e-07
1.330965909090909e+00,6.022727272727273e-01,1.564833054356902e-08,-4.753916766247851e-08
1.330965909090909e+00,6.250000000000000e-01,-1.536664181939465e-07,-2.140961307618869e-07
1.330965909090909e+00,6.477272727272727e-01,-3.213107061606797e-07,-3.774620679459305e-07
1.330965909090909e+00,6.704545454545454e-01,-4.923209046374992e-07,-5.438702498270690e-07
1.330965909090909e+00,6.931818181818182e-01,-6.549365122188898e-07,-7.005771653993298e-07
1.330965909090909e+00,7.159090909090909e-01,-8.165489762620611e-07,-8.555498714088739e-07
1.330965909090909e+00,7.386363636363636e-01,-9.648666627266323e-07,-9.960861461587799e-07
1.330965909090909e+00,7.613636363636364e-01,-1.103253411230811e-06,-1.125313534894673e-06
1.330965909090909e+00,7.840909090909091e-01,-1.225679106787404e-06,-1.237558505899739e-06
1.330965909090909e+00,8.068181818181818e-01,-1.322505450858166e-06,-1.321326203563845e-06
1.330965909090909e+00,8.295454545454546e-01,-1.403707094018127e-06,-1.388457514022360e-06
1.330965909090909e+00,8.522727272727273e-01,-1.430961203600822e-06,-1.396741418688774e-06
1.330965909090909e+00,8.750000000000000e-01,-1.445183117393600e-06,-1.391061909470158e-06
1.330965909090909e+00,8.977272727272727e-01,-1.360636138080367e-06,-1.280659878740289e-06
1.330965909090909e+00,9.204545454545454e-01,-1.247529661289949e-06,-1.141028884629351e-06
1.330965909090909e+00,9.431818181818182e-01,-1.017186693678936e-06,-8.828514342932748e-07
1.330965909090909e+00,9.659090909090909e-01,-7.031085927636803e-07,-5.775779563199034e-07
1.330965909090909e+00,9.886363636363636e-01,-2.397016758311124e-07,-1.970781779082710e-07
1.350852272727273e+00,1.136363636363636e-02,5.350618717978434e-08,6.563635085007100e-08
1.350852272727273e+00,3.409090909090909e-02,1.913838106844855e-07,2.364303007083506e-07
1.350852272727273e+00,5.681818181818182e-02,3.191064739394311e-07,3.723317672574864e-07
1.350852272727273e+00,7.954545454545454e-02,4.755321639442795e-07,5.214095297893976e-07
1.350852272727273e+00,1.022727272727273e-01,5.913286300101435e-07,6.295340505440439e-07
1.350852272727273e+00,1.250000000000000e-01,7.313921389732844e-07,7.598863728752191e-07
1.350852272727273e+00,1.477272727272727e-01,8.237389884431462e-07,8.442672648973494e-07
1.350852272727273e+00,1.704545454545454e-01,9.291215427379652e-07,9.404831814535917e-07
1.350852272727273e+00,1.931818181818182e-01,1.001784532710705e-06,1.005274743232379e-06
1.350852272727273e+00,2.159090909090909e-01,1.071993085149774e-06,1.067274491470694e-06
1.350852272727273e+00,2.386363636363636e-01,1.120428303387689e-06,1.108175892874596e-06
1.350852272727273e+00,2.613636363636364e-01,1.156679369403184e-06,1.137397561722531e-06
1.350852272727273e+00,2.840909090909091e-01,1.177317334893934e-06,1.151024683184661e-06
1.350852272727273e+00,3.068181818181818e-01,1.182005918181098e-06,1.150006491272460e-06
1.350852272727273e+00,3.295454545454545e-01,1.172151493094437e-06,1.133817661194813e-06
1.350852272727273e+00,3.522727272727273e-01,1.147588587248578e-06,1.104864762254464e-06
1.350852272727273e+00,3.750000000000000e-01,1.106341127227239e-06,1.058199996310493e-06
1.350852272727273e+00,3.977272727272727e-01,1.053205201737533e-06,1.001921380296515e-06
1.350852272727273e+00,4.204545454545455e-01,9.832224295642009e-07,9.281262007746443e-07
1.350852272727273e+00,4.431818181818182e-01,9.035235575976161e-07,8.462101451270299e-07
1.350852272727273e+00,4.659090909090909e-01,8.099655912498390e-07,7.504817335473517e-07
1.350852272727273e+00,4.886363636363636e-01,7.041836500143262e-07,6.435342553951901e-07
1.350852272727273e+00,5.113636363636364e-01,5.928032774975943e-07,5.316250365987505e-07
1.350852272727273e+00,5.340909090909091e-01,4.626850288673579e-07,4.015182695564133e-07
1.350852272727273e+00,5.568181818181818e-01,3.397481113877982e-07,2.796504390099427e-07
1.350852272727273e+00,5.795454545454546e-01,1.884872745128057e-07,1.297014669804248e-07
1.350852272727273e+00,6.022727272727273e-01,5.800111116709421e-08,1.792135969059408e-09
1.350852272727273e+00,6.250000000000000e-01,-1.069206211634008e-07,-1.603796880544980e-07
1.350852272727273e+00,6.477272727272727e-01,-2.422445377891085e-07,-2.916503580831878e-07
1.350852272727273e+00,6.704545454545454e-01,-4.025565724794550e-07,-4.475405449076617e-07
1.350852272727273e+00,6.931818181818182e-01,-5.416309230000888e-07,-5.811710243169349e-07
1.350852272727273e+00,7.159090909090909e-01,-6.883847637481353e-07,-7.218605427504050e-07
1.350852272727273e+00,7.386363636363636e-01,-8.221392217325524e-07,-8.484486391154295e-07
1.350852272727273e+00,7.613636363636364e-01,-9.454577088907740e-07,-9.639332312985763e-07
1.350852272727273e+00,7.840909090909091e-01,-1.061354585694005e-06,-1.070270769010875e-06
1.350852272727273e+00,8.068181818181818e-01,-1.149420143229650e-06,-1.148236046836097e-06
1.350852272727273e+00,8.295454545454546e-01,-1.229547186948488e-06,-1.214710494875527e-06
1.350852272727273e+00,8.522727272727273e-01,-1.266014868515515e-06,-1.235837108750130e-06
1.350852272727273e+00,8.750000000000000e-01,-1.282244615620869e-06,-1.232548878684327e-06
1.350852272727273e+00,8.977272727272727e-01,-1.228501655386457e-06,-1.156236274938308e-06
1.350852272727273e+00,9.204545454545454e-01,-1.130254421826327e-06,-1.032241694867472e-06
1.350852272727273e+00,9.431818181818182e-01,-9.383331088335534e-07,-8.140722358491348e-07
1.350852272727273e+00,9.659090909090909e-01,-6.583273331577307e-07,-5.391764562472843e-07
1.350852272727273e+00,9.886363636363636e-01,-2.317034584682805e-07,-1.902498892073781e-07
1.370738636363636e+00,1.136363636363636e-02,5.350618717973980e-08,6.563635084993039e-08
1.370738636363636e+00,3.409090909090909e-02,1.605185615387470e-07,1.969090525483625e-07
1.370738636363636e+00,5.681818181818182e-02,2.820681749645539e-07,3.249062694655291e-07
1.370738636363636e+00,7.954545454545454e-02,3.999001386420257e-07,4.369046758017336e-07
1.370738636363636e+00,1.022727272727273e-01,5.134458083612031e-07,5.429142444113689e-07
1.370738636363636e+00,1.250000000000000e-01,6.242489648174167e-07,6.457721888573989e-07
1.370738636363636e+00,1.477272727272727e-01,7.103400017139744e-07,7.243785098820705e-07
1.370738636363636e+00,1.704545454545454e-01,7.980925387567546e-07,8.043206354454737e-07
1.370738636363636e+00,1.931818181818182e-01,8.634422238980640e-07,8.625938897150094e-07
1.370738636363636e+00,2.159090909090909e-01,9.247978283832969e-07,9.167030551789683e-07
1.370738636363636e+00,2.386363636363636e-01,9.677726804801341e-07,9.532211849923117e-07
1.370738636363636e+00,2.613636363636364e-01,1.000990209750586e-06,9.800077029566034e-07
1.370738636363636e+00,2.840909090909091e-01,1.020810172100602e-06,9.941404280114716e-07
1.370738636363636e+00,3.068181818181818e-01,1.025335154759619e-06,9.932233568178182e-07
1.370738636363636e+00,3.295454545454545e-01,1.021747913415459e-06,9.847917111613602e-07
1.370738636363636e+00,3.522727272727273e-01,9.981236613996128e-07,9.568755519573806e-07
1.370738636363636e+00,3.750000000000000e-01,9.690787011684286e-07,9.236884025862000e-07
1.370738636363636e+00,3.977272727272727e-01,9.210512428321365e-07,8.728407329274304e-07
1.370738636363636e+00,4.204545454545455e-01,8.654650599093346e-07,8.143509476793297e-07
1.370738636363636e+00,4.431818181818182e-01,7.971631837161988e-07,7.443115938646896e-07
1.370738636363636e+00,4.659090909090909e-01,7.174015806731233e-07,6.629602423986115e-07
1.370738636363636e+00,4.886363636363636e-01,6.309162547661231e-07,5.758623140238846e-07
1.370738636363636e+00,5.113636363636364e-01,5.302562240985645e-07,4.749806228815750e-07
1.370738636363636e+00,5.340909090909091e-01,4.282858988894560e-07,3.735482021566395e-07
1.370738636363636e+00,5.568181818181818e-01,3.109785660941218e-07,2.574152408736490e-07
1.370738636363636e+00,5.795454545454546e-01,1.959960169274350e-07,1.441194202389422e-07
1.370738636363636e+00,6.022727272727273e-01,6.817568280102085e-08,1.888192134221552e-08
1.370738636363636e+00,6.250000000000000e-01,-6.209026967861030e-08,-1.085560851910405e-07
1.370738636363636e+00,6.477272727272727e-01,-1.878054272569861e-07,-2.302849190384088e-07
1.370738636363636e+00,6.704545454545454e-01,-3.210382319048520e-07,-3.592844766246136e-07
1.370738636363636e+00,6.931818181818182e-01,-4.446890002132657e-07,-4.777959116512395e-07
1.370738636363636e+00,7.159090909090909e-01,-5.727721888096781e-07,-6.001834289899267e-07
1.370738636363636e+00,7.386363636363636e-01,-6.878024958910395e-07,-7.088381531458175e-07
1.370738636363636e+00,7.613636363636364e-01,-8.007186769920081e-07,-8.143597607683346e-07
1.370738636363636e+00,7.840909090909091e-01,-8.990379648438799e-07,-9.047926703847218e-07
1.370738636363636e+00,8.068181818181818e-01,-9.835880045892540e-07,-9.795770225907618e-07
1.370738636363636e+00,8.295454545454546e-01,-1.054688413002651e-06,-1.040533826309880e-06
1.370738636363636e+00,8.522727272727273e-01,-1.091919009579346e-06,-1.062688406713106e-06
1.370738636363636e+00,8.750000000000000e-01,-1.118066651810384e-06,-1.072763741519405e-06
1.370738636363636e+00,8.977272727272727e-01,-1.073481643194001e-06,-1.006585832282099e-06
1.370738636363636e+00,9.204545454545454e-01,-1.001043182375586e-06,-9.111526640085422e-07
1.370738636363636e+00,9.431818181818182e-01,-8.342946775809684e-07,-7.191953372328627e-07
1.370738636363636e+00,9.659090909090909e-01,-5.847612486713347e-07,-4.760300335037013e-07
1.370738636363636e+00,9.886363636363636e-01,-2.054298568658935e-07,-1.676975953703006e-07
1.390625000000000e+00,1.136363636363636e-02,3.383523949500251e-08,4.030200561248575e-08
1.390625000000000e+00,3.409090909090909e-02,1.334710084722482e-07,1.620743278469260e-07
1.390625000000000e+00,5.681818181818182e-02,2.188447693810977e-07,2.527346404191466e-07
1.390625000000000e+00,7.954545454545454e-02,3.348753637450165e-07,3.630010081388152e-07
1.390625000000000e+00,1.022727272727273e-01,4.164674184046917e-07,4.387831863556227e-07
1.390625000000000e+00,1.250000000000000e-01,5.205181858208448e-07,5.352962743666190e-07
1.390625000000000e+00,1.477272727272727e-01,5.872244469129234e-07,5.959278346023669e-07
1.390625000000000e+00,1.704545454545454e-01,6.664962141429050e-07,6.681127166748032e-07
1.390625000000000e+00,1.931818181818182e-01,7.213384689486896e-07,7.169091131535706e-07
1.390625000000000e+00,2.159090909090909e-01,7.752441723560371e-07,7.645757753657204e-07
1.390625000000000e+00,2.386363636363636e-01,8.139842138971239e-07,7.975293410296595e-07
1.390625000000000e+00,2.613636363636364e-01,8.435138984282821e-07,8.218832557419132e-07
1.390625000000000e+00,2.840909090909091e-01,8.626334647686972e-07,8.356516635260869e-07
1.390625000000000e+00,3.068181818181818e-01,8.698342903320425e-07,8.388684092076690e-07
1.390625000000000e+00,3.295454545454545e-01,8.664864609787033e-07,8.307465773097204e-07
1.390625000000000e+00,3.522727272727273e-01,8.523663577980538e-07,8.136773803601445e-07
1.390625000000000e+00,3.750000000000000e-01,8.261373590569056e-07,7.836004501980695e-07
1.390625000000000e+00,3.977272727272727e-01,7.914369155782382e-07,7.470280742673738e-07
1.390625000000000e+00,4.204545454545455e-01,7.443712087846945e-07,6.975208373770679e-07
1.390625000000000e+00,4.431818181818182e-01,6.896343987964202e-07,6.416660047950591e-07
1.390625000000000e+00,4.659090909090909e-01,6.258950158850479e-07,5.768870538859252e-07
1.390625000000000e+00,4.886363636363636e-01,5.506973108635819e-07,5.014198820883296e-07
1.390625000000000e+00,5.113636363636364e-01,4.747941789893073e-07,4.258384515191173e-07
1.390625000000000e+00,5.340909090909091e-01,3.796956139116163e-07,3.314124347869139e-07
1.390625000000000e+00,5.568181818181818e-01,2.963996439046113e-07,2.497176770525676e-07
1.390625000000000e+00,5.795454545454546e-01,1.831175299096716e-07,1.381403255052490e-07
1.390625000000000e+00,6.022727272727273e-01,9.120434256721625e-08,4.896589972267270e-08
1.390625000000000e+00,6.250000000000000e-01,-3.106412225452291e-08,-7.045661046666728e-08
1.390625000000000e+00,6.477272727272727e-01,-1.275889333206354e-07,-1.631568381550685e-07
1.390625000000000e+00,6.704545454545454e-01,-2.461751285114611e-07,-2.776747742636075e-07
1.390625000000000e+00,6.931818181818182e-01,-3.486230921035525e-07,-3.753278824088619e-07
1.390625000000000e+00,7.159090909090909e-01,-4.572273130685027e-07,-4.787819452433493e-07
1.390625000000000e+00,7.386363636363636e-01,-5.593237436153495e-07,-5.749291298784789e-07
1.390625000000000e+00,7.613636363636364e-01,-6.513730899418112e-07,-6.608389502158670e-07
1.390625000000000e+00,7.840909090909091e-01,-7.442078336161247e-07,-7.461591111264724e-07
1.390625000000000e+00,8.068181818181818e-01,-8.124335135606841e-07,-8.071481146391855e-07
1.390625000000000e+00,8.295454545454546e-01,-8.829501143247262e-07,-8.676702462750191e-07
1.390625000000000e+00,8.522727272727273e-01,-9.181553362757756e-07,-8.930402926120031e-07
1.390625000000000e+00,8.750000000000000e-01,-9.465917235358175e-07,-9.061995270041723e-07
1.390625000000000e+00,8.977272727272727e-01,-9.256583880859332e-07,-8.663020534360398e-07
1.390625000000000e+00,9.204545454545454e-01,-8.721931634726015e-07,-7.914201715268386e-07
1.390625000000000e+00,9.431818181818182e-01,-7.413208046136835e-07,-6.377730434527217e-07
1.390625000000000e+00,9.659090909090909e-01,-5.353650345622227e-07,-4.339208101324727e-07
1.390625000000000e+00,9.886363636363636e-01,-1.896656959043852e-07,-1.541662190679925e-07
1.410511363636364e+00,1.136363636363636e-02,3.383523949496358e-08,4.030200561235443e-08
1.410511363636364e+00,3.409090909090909e-02,1.015057184845765e-07,1.209060168361639e-07
1.410511363636364e+00,5.681818181818182e-02,1.844206109328384e-07,2.083995362537200e-07
1.410511363636364e+00,7.954545454545454e-02,2.633874204549223e-07,2.829996382745955e-07
1.410511363636364e+00,1.022727272727273e-01,3.397607780343951e-07,3.538681016079025e-07
1.410511363636364e+00,1.250000000000000e-01,4.177180600495360e-07,4.258126152013959e-07
1.410511363636364e+00,1.477272727272727e-01,4.756130594123060e-07,4.782738296239969e-07
1.410511363636364e+00,1.704545454545454e-01,5.390245555295317e-07,5.357520892327682e-07
1.410511363636364e+00,1.931818181818182e-01,5.841999744266336e-07,5.758297765440287e-07
1.410511363636364e+00,2.159090909090909e-01,6.301200307789824e-07,6.162940268351945e-07
1.410511363636364e+00,2.386363636363636e-01,6.611377707184067e-07,6.427475049325731e-07
1.410511363636364e+00,2.613636363636364e-01,6.879272837134909e-07,6.647949369599181e-07
1.410511363636364e+00,2.840909090909091e-01,7.040118006789702e-07,6.769846365710823e-07
1.410511363636364e+00,3.068181818181818e-01,7.109791609057817e-07,6.800799431624328e-07
1.410511363636364e+00,3.295454545454545e-01,7.114194514243718e-07,6.772131047006817e-07
1.410511363636364e+00,3.522727272727273e-01,6.990621602696732e-07,6.621313569395676e-07
1.410511363636364e+00,3.750000000000000e-01,6.816472216582795e-07,6.419916727198020e-07
1.410511363636364e+00,3.977272727272727e-01,6.530045122058051e-07,6.119080666655035e-07
1.410511363636364e+00,4.204545454545455e-01,6.168427266594090e-07,5.740806155527125e-07
1.410511363636364e+00,4.431818181818182e-01,5.745857775796072e-07,5.312755425047246e-07
1.410511363636364e+00,4.659090909090909e-01,5.211558449839300e-07,4.772768277323909e-07
1.410511363636364e+00,4.886363636363636e-01,4.665414486360850e-07,4.230186826342698e-07
1.410511363636364e+00,5.113636363636364e-01,3.979420714524505e-07,3.549630357326133e-07
1.410511363636364e+00,5.340909090909091e-01,3.326211336109012e-07,2.908981029689154e-07
1.410511363636364e+00,5.568181818181818e-01,2.516157503143690e-07,2.115388132321469e-07
1.410511363636364e+00,5.795454545454546e-01,1.734736258244809e-07,1.354840119603008e-07
1.410511363636364e+00,6.022727272727273e-01,8.771131657929744e-08,5.247839354962257e-08
1.410511363636364e+00,6.250000000000000e-01,-3.802757756082085e-09,-3.610007978022643e-08
1.410511363636364e+00,6.477272727272727e-01,-8.705922949843877e-08,-1.156054864872791e-07
1.410511363636364e+00,6.704545454545454e-01,-1.817624139065032e-07,-2.063727448293901e-07
1.410511363636364e+00,6.931818181818182e-01,-2.647037971595781e-07,-2.848361922437827e-07
1.410511363636364e+00,7.159090909090909e-01,-3.571938865401234e-07,-3.724379266484275e-07
1.410511363636364e+00,7.386363636363636e-01,-4.357050128181491e-07,-4.457772450986398e-07
1.410511363636364e+00,7.613636363636364e-01,-5.193853802105125e-07,-5.235939516284760e-07
1.410511363636364e+00,7.840909090909091e-01,-5.884537657820743e-07,-5.867588681473610e-07
1.410511363636364e+00,8.068181818181818e-01,-6.548512643341140e-07,-6.460436220914799e-07
1.410511363636364e+00,8.295454545454546e-01,-7.098745791306705e-07,-6.938271705496918e-07
1.410511363636364e+00,8.522727272727273e-01,-7.450148886987221e-07,-7.201022205421321e-07
1.410511363636364e+00,8.750000000000000e-01,-7.731267140437744e-07,-7.377864732115822e-07
1.410511363636364e+00,8.977272727272727e-01,-7.629441391241171e-07,-7.098346522203466e-07
1.410511363636364e+00,9.204545454545454e-01,-7.288302834651941e-07,-6.564549449495603e-07
1.410511363636364e+00,9.431818181818182e-01,-6.309639788671194e-07,-5.380531996808812e-07
1.410511363636364e+00,9.659090909090909e-01,-4.522740797267902e-07,-3.633167173738201e-07
1.410511363636364e+00,9.886363636363636e-01,-1.679037791616423e-07,-1.356746709644308e-07
1.430397727272727e+00,1.136363636363636e-02,1.672528256108614e-08,1.704313488765733e-08
1.430397727272727e+00,3.409090909090909e-02,8.083118718948183e-08,9.280154804384667e-08
1.430397727272727e+00,5.681818181818182e-02,1.293751521567598e-07,1.435202582511914e-07
1.430397727272727e+00,7.954545454545454e-02,2.039296063405304e-07,2.138743762603063e-07
1.430397727272727e+00,1.022727272727273e-01,2.523787208197309e-07,2.579749266328458e-07
1.430397727272727e+00,1.250000000000000e-01,3.206441368287820e-07,3.207939697284101e-07
1.430397727272727e+00,1.477272727272727e-01,3.613660336201369e-07,3.569769333529000e-07
1.430397727272727e+00,1.704545454545454e-01,4.135598161247935e-07,4.040433121124539e-07
1.430397727272727e+00,1.931818181818182e-01,4.493343572230778e-07,4.353773489194274e-07
1.430397727272727e+00,2.159090909090909e-01,4.851025446129819e-07,4.667366030169755e-07
1.430397727272727e+00,2.386363636363636e-01,5.123112803371789e-07,4.897962441236389e-07
1.430397727272727e+00,2.613636363636364e-01,5.326543028491112e-07,5.066913719045471e-07
1.430397727272727e+00,2.840909090909091e-01,5.480704644103155e-07,5.183755587920940e-07
1.430397727272727e+00,3.068181818181818e-01,5.547775597408338e-07,5.226541253098997e-07
1.430397727272727e+00,3.295454545454545e-01,5.556688169108440e-07,5.204128813048387e-07
1.430397727272727e+00,3.522727272727273e-01,5.493113057458453e-07,5.125727678140456e-07
1.430397727272727e+00,3.750000000000000e-01,5.351701608969316e-07,4.961240606585660e-07
1.430397727272727e+00,3.977272727272727e-01,5.161310695064708e-07,4.765970920536537e-07
1.430397727272727e+00,4.204545454545455e-01,4.889780062788048e-07,4.484072309248966e-07
1.430397727272727e+00,4.431818181818182e-01,4.565876083760805e-07,4.161388801161941e-07
1.430397727272727e+00,4.659090909090909e-01,4.197192360348117e-07,3.795072983347484e-07
1.430397727272727e+00,4.886363636363636e-01,3.728298669221201e-07,3.333669885709374e-07
1.430397727272727e+00,5.113636363636364e-01,3.296677879434171e-07,2.916753184533811e-07
1.430397727272727e+00,5.340909090909091e-01,2.678480142927002e-07,2.312499416924653e-07
1.430397727272727e+00,5.568181818181818e-01,2.194895601640484e-07,1.854342720360769e-07
1.430397727272727e+00,5.795454545454546e-01,1.455307677580947e-07,1.136083457970248e-07
1.430397727272727e+00,6.022727272727273e-01,9.080640475518872e-08,6.228489729397458e-08
1.430397727272727e+00,6.250000000000000e-01,1.071538974331362e-08,-1.483721948806405e-08
1.430397727272727e+00,6.477272727272727e-01,-4.750247727547321e-08,-6.890017870185915e-08
1.430397727272727e+00,6.704545454545454e-01,-1.239079679534488e-07,-1.413815941341748e-07
1.430397727272727e+00,6.931818181818182e-01,-1.890033771265840e-07,-2.018629216429214e-07
1.430397727272727e+00,7.159090909090909e-01,-2.578016460180616e-07,-2.660063909933891e-07
1.430397727272727e+00,7.386363636363636e-01,-3.260213531413657e-07,-3.290985121944616e-07
1.430397727272727e+00,7.613636363636364e-01,-3.835280357866723e-07,-3.814815838930102e-07
1.430397727272727e+00,7.840909090909091e-01,-4.492041144250072e-07,-4.413404492064783e-07
1.430397727272727e+00,8.068181818181818e-01,-4.933790508040482e-07,-4.800870261424103e-07
1.430397727272727e+00,8.295454545454546e-01,-5.465579267949517e-07,-5.263540766032864e-07
1.430397727272727e+00,8.522727272727273e-01,-5.730004299349493e-07,-5.466355139483162e-07
1.430397727272727e+00,8.750000000000000e-01,-6.009917037115770e-07,-5.660004876921849e-07
1.430397727272727e+00,8.977272727272727e-01,-5.974215849746607e-07,-5.523060283812600e-07
1.430397727272727e+00,9.204545454545454e-01,-5.851836831048483e-07,-5.213063907247872e-07
1.430397727272727e+00,9.431818181818182e-01,-5.202837769969244e-07,-4.344759685812427e-07
1.430397727272727e+00,9.659090909090909e-01,-3.968320818015644e-07,-3.137585992630405e-07
1.430397727272727e+00,9.886363636363636e-01,-1.421851502838716e-07,-1.138210232056894e-07
1.450284090909091e+00,1.136363636363636e-02,1.672528256105191e-08,1.704313488753975e-08
1.450284090909091e+00,3.409090909090909e-02,5.088876255522477e-08,5.209852427572271e-08
1.450284090909091e+00,5.681818181818182e-02,9.697936571369883e-08,1.004325408065158e-07
1.450284090909091e+00,7.954545454545454e-02,1.396401163830158e-07,1.397856410204563e-07
1.450284090909091e+00,1.022727272727273e-01,1.801751198226071e-07,1.763097181529463e-07
1.450284090909091e+00,1.250000000000000e-01,2.261371319927588e-07,2.177768821174610e-07
1.450284090909091e+00,1.477272727272727e-01,2.556076857200834e-07,2.432947848742232e-07
1.450284090909091e+00,1.704545454545454e-01,2.941814213577559e-07,2.774508267938960e-07
1.450284090909091e+00,1.931818181818182e-01,3.178691195718462e-07,2.975430272382150e-07
1.450284090909091e+00,2.159090909090909e-01,3.469223942483092e-07,3.226568166898438e-07
1.450284090909091e+00,2.386363636363636e-01,3.638761186238178e-07,3.365792043599671e-07
1.450284090909091e+00,2.613636363636364e-01,3.821681388660123e-07,3.516468814535673e-07
1.450284090909091e+00,2.840909090909091e-01,3.919701150313074e-07,3.590847614627287e-07
1.450284090909091e+00,3.068181818181818e-01,3.987549432820346e-07,3.635401723926852e-07
1.450284090909091e+00,3.295454545454545e-01,4.006567284147596e-07,3.635979057455854e-07
1.450284090909091e+00,3.522727272727273e-01,3.963013057608541e-07,3.581249479284400e-07
1.450284090909091e+00,3.750000000000000e-01,3.878024103522942e-07,3.483473158532403e-07
1.450284090909091e+00,3.977272727272727e-01,3.750553445886696e-07,3.357367648875809e-07
1.450284090909091e+00,4.204545454545455e-01,3.555189439619107e-07,3.159194093221300e-07
1.450284090909091e+00,4.431818181818182e-01,3.358141118582859e-07,2.971982728210799e-07
1.450284090909091e+00,4.659090909090909e-01,3.059932760720724e-07,2.680929212105523e-07
1.450284090909091e+00,4.886363636363636e-01,2.799020572078698e-07,2.438083219621909e-07
1.450284090909091e+00,5.113636363636364e-01,2.408996082788647e-07,2.064877939477246e-07
1.450284090909091e+00,5.340909090909091e-01,2.084896138311374e-07,1.766346876101768e-07
1.450284090909091e+00,5.568181818181818e-01,1.624816135048129e-07,1.332421136873272e-07
1.450284090909091e+00,5.795454545454546e-01,1.190787205291177e-07,9.291643198428391e-08
1.450284090909091e+00,6.022727272727273e-01,7.358852180165303e-08,5.104386859870694e-08
1.450284090909091e+00,6.250000000000000e-01,1.952106065693093e-08,5.560644204567630e-10
1.450284090909091e+00,6.477272727272727e-01,-2.229220326710368e-08,-3.683770505637692e-08
1.450284090909091e+00,6.704545454545454e-01,-7.883949019879990e-08,-8.914062764921263e-08
1.450284090909091e+00,6.931818181818182e-01,-1.209900755548701e-07,-1.265020867078433e-07
1.450284090909091e+00,7.159090909090909e-01,-1.770412201035340e-07,-1.778011846971357e-07
1.450284090909091e+00,7.386363636363636e-01,-2.175532602718184e-07,-2.133046979197553e-07
1.450284090909091e+00,7.613636363636364e-01,-2.695184095261212e-07,-2.601700480226134e-07
1.450284090909091e+00,7.840909090909091e-01,-3.066991099253540e-07,-2.922580832105815e-07
1.450284090909091e+00,8.068181818181818e-01,-3.493946901521107e-07,-3.296439950902088e-07
1.450284090909091e+00,8.295454545454546e-01,-3.833419361633180e-07,-3.582223998191219e-07
1.450284090909091e+00,8.522727272727273e-01,-4.076046548988638e-07,-3.771507552893792e-07
1.450284090909091e+00,8.750000000000000e-01,-4.294528998993093e-07,-3.927024982952523e-07
1.450284090909091e+00,8.977272727272727e-01,-4.302150800407407e-07,-3.883490690507378e-07
1.450284090909091e+00,9.204545454545454e-01,-4.232215399710332e-07,-3.686569941062356e-07
1.450284090909091e+00,9.431818181818182e-01,-4.007070033504451e-07,-3.224182731235774e-07
1.450284090909091e+00,9.659090909090909e-01,-3.008027356480493e-07,-2.242518488947563e-07
1.450284090909091e+00,9.886363636363636e-01,-1.261802592581190e-07,-9.890323147750696e-08
1.470170454545455e+00,1.136363636363636e-02,1.173221183583080e-19,1.769001340846394e-19
1.470170454545455e+00,3.409090909090909e-02,3.275367834867572e-08,3.337613915453216e-08
1.470170454545455e+00,5.681818181818182e-02,4.905188040398701e-08,4.943391937718159e-08
1.470170454545455e+00,7.954545454545454e-02,8.435254564689160e-08,8.163293856146647e-08
1.470170454545455e+00,1.022727272727273e-01,1.007769627574790e-07,9.629883830801512e-08
1.470170454545455e+00,1.250000000000000e-01,1.345080760482344e-07,1.260569072651801e-07
1.470170454545455e+00,1.477272727272727e-01,1.486293830426455e-07,1.382842356695105e-07
1.470170454545455e+00,1.704545454545454e-01,1.731881778154340e-07,1.595491546334918e-07
1.470170454545455e+00,1.931818181818182e-01,1.884864829120722e-07,1.725253674204749e-07
1.470170454545455e+00,2.159090909090909e-01,2.042782817214925e-07,1.859201677167064e-07
1.470170454545455e+00,2.386363636363636e-01,2.180531827766081e-07,1.972321076986921e-07
1.470170454545455e+00,2.613636363636364e-01,2.265300449643869e-07,2.041933015337706e-07
1.470170454545455e+00,2.840909090909091e-01,2.359969270262355e-07,2.113772294677001e-07
1.470170454545455e+00,3.068181818181818e-01,2.395310472055045e-07,2.139086108334651e-07
1.470170454545455e+00,3.295454545454545e-01,2.416660310988559e-07,2.144968774228179e-07
1.470170454545455e+00,3.522727272727273e-01,2.403328746793992e-07,2.126826404232561e-07
1.470170454545455e+00,3.750000000000000e-01,2.349281160607107e-07,2.065633398436937e-07
1.470170454545455e+00,3.977272727272727e-01,2.288201470489487e-07,2.005207841726289e-07
1.470170454545455e+00,4.204545454545455e-01,2.181975922459150e-07,1.900119917012360e-07
1.470170454545455e+00,4.431818181818182e-01,2.054715548456292e-07,1.779212577109531e-07
1.470170454545455e+00,4.659090909090909e-01,1.923350001098434e-07,1.654405000435592e-07
1.470170454545455e+00,4.886363636363636e-01,1.711358847826586e-07,1.457092631542504e-07
1.470170454545455e+00,5.113636363636364e-01,1.580902753504907e-07,1.335669635300199e-07
1.470170454545455e+00,5.340909090909091e-01,1.270411337744597e-07,1.050485432917138e-07
1.470170454545455e+00,5.568181818181818e-01,1.111699482174218e-07,9.051942071438638e-08
1.470170454545455e+00,5.795454545454546e-01,7.481841664870954e-08,5.746302621196072e-08
1.470170454545455e+00,6.022727272727273e-01,5.632342805640811e-08,4.074053624850655e-08
1.470170454545455e+00,6.250000000000000e-01,1.652694806464093e-08,4.858645433624299e-09
1.470170454545455e+00,6.477272727272727e-01,-3.508574232386588e-09,-1.305920244076140e-08
1.470170454545455e+00,6.704545454545454e-01,-3.835296083577954e-08,-4.422067700481206e-08
1.470170454545455e+00,6.931818181818182e-01,-6.557521387830681e-08,-6.834995264689228e-08
1.470170454545455e+00,7.159090909090909e-01,-9.367560411574646e-08,-9.325759201935604e-08
1.470170454545455e+00,7.386363636363636e-01,-1.265916367525112e-07,-1.221041965127590e-07
1.470170454545455e+00,7.613636363636364e-01,-1.468476568367358e-07,-1.398559531241281e-07
1.470170454545455e+00,7.840909090909091e-01,-1.825894325365644e-07,-1.706280525512886e-07
1.470170454545455e+00,8.068181818181818e-01,-1.990602672675084e-07,-1.846760539278006e-07
1.470170454545455e+00,8.295454545454546e-01,-2.285694448218626e-07,-2.091724634877991e-07
1.470170454545455e+00,8.522727272727273e-01,-2.392624808573683e-07,-2.174616410620403e-07
1.470170454545455e+00,8.750000000000000e-01,-2.577419681418428e-07,-2.309222575341740e-07
1.470170454545455e+00,8.977272727272727e-01,-2.581071794596241e-07,-2.288362393545165e-07
1.470170454545455e+00,9.204545454545454e-01,-2.587423295774644e-07,-2.252083816507431e-07
1.470170454545455e+00,9.431818181818182e-01,-2.442016913432939e-07,-1.953458743494192e-07
1.470170454545455e+00,9.659090909090909e-01,-2.291920002627684e-07,-1.645200603608711e-07
1.470170454545455e+00,9.886363636363636e-01,-8.731123819587492e-08,-6.267430870929433e-08
1.490056818181818e+00,1.136363636363636e-02,8.670213712781232e-20,1.285317992780443e-19
1.490056818181818e+00,3.409090909090909e-02,3.484433867065583e-09,3.550653101732329e-09
1.490056818181818e+00,5.681818181818182e-02,1.463462224114195e-08,1.491274302668907e-08
1.490056818181818e+00,7.954545454545454e-02,2.419521907787089e-08,2.363331072250964e-08
1.490056818181818e+00,1.022727272727273e-01,3.007866328514280e-08,2.899981391997663e-08
1.490056818181818e+00,1.250000000000000e-01,4.483602534992979e-08,4.201896908879425e-08
1.490056818181818e+00,1.477272727272727e-01,4.483602535006073e-08,4.201896908888760e-08
1.490056818181818e+00,1.704545454545454e-01,5.772939260583486e-08,5.318305154502063e-08
1.490056818181818e+00,1.931818181818182e-01,5.772939260594291e-08,5.318305154509750e-08
1.490056818181818e+00,2.159090909090909e-01,6.809276057465869e-08,6.197338923952331e-08
1.490056818181818e+00,2.386363636363636e-01,6.809276057473878e-08,6.197338923957979e-08
1.490056818181818e+00,2.613636363636364e-01,7.551001498905320e-08,6.806443384527905e-08
1.490056818181818e+00,2.840909090909091e-01,7.651713010205965e-08,6.882868149785489e-08
1.490056818181818e+00,3.068181818181818e-01,7.973989846355069e-08,7.127427398600742e-08
1.490056818181818e+00,3.295454545454545e-01,8.031812326801209e-08,7.143359618729767e-08
1.490056818181818e+00,3.522727272727273e-01,8.067395391689043e-08,7.153164061884460e-08
1.490056818181818e+00,3.750000000000000e-01,7.830937202120508e-08,6.885444661527811e-08
1.490056818181818e+00,3.977272727272727e-01,7.830937202115652e-08,6.885444661524014e-08
1.490056818181818e+00,4.204545454545455e-01,7.273253074953845e-08,6.333733056773913e-08
1.490056818181818e+00,4.431818181818182e-01,7.273253074945908e-08,6.333733056767860e-08
1.490056818181818e+00,4.659090909090909e-01,6.411166670406920e-08,5.514683334842833e-08
1.490056818181818e+00,4.886363636363636e-01,6.411166670396132e-08,5.514683334834693e-08
1.490056818181818e+00,5.113636363636364e-01,5.269675845079952e-08,4.452232117713403e-08
1.490056818181818e+00,5.340909090909091e-01,4.939365828301780e-08,4.148844668360820e-08
1.490056818181818e+00,5.568181818181818e-01,3.882373774639444e-08,3.178004830453424e-08
1.490056818181818e+00,5.795454545454546e-01,2.897853127975563e-08,2.282727479337674e-08
1.490056818181818e+00,6.022727272727273e-01,2.291994268482800e-08,1.731787570953364e-08
1.490056818181818e+00,6.250000000000000e-01,5.508982688333964e-09,1.619548477951556e-09
1.490056818181818e+00,6.477272727272727e-01,5.508982688152641e-09,1.619548477817704e-09
1.490056818181818e+00,6.704545454545454e-01,-1.278432027871472e-08,-1.474022566837231e-08
1.490056818181818e+00,6.931818181818182e-01,-1.278432027889935e-08,-1.474022566850782e-08
1.490056818181818e+00,7.159090909090909e-01,-3.122520137228180e-08,-3.108586400673303e-08
1.490056818181818e+00,7.386363636363636e-01,-3.122520137246142e-08,-3.108586400686390e-08
1.490056818181818e+00,7.613636363636364e-01,-4.894921894617915e-08,-4.661865104182727e-08
1.490056818181818e+00,7.840909090909091e-01,-5.275153551013757e-08,-4.989227864056721e-08
1.490056818181818e+00,8.068181818181818e-01,-6.491894851442500e-08,-6.036788695626039e-08
1.490056818181818e+00,8.295454545454546e-01,-7.291101743549593e-08,-6.700233121216413e-08
1.490056818181818e+00,8.522727272727273e-01,-7.782921369463248e-08,-7.108506613888344e-08
1.490056818181818e+00,8.750000000000000e-01,-8.591398938164240e-08,-7.697408584547764e-08
1.490056818181818e+00,8.977272727272727e-01,-8.591398938166568e-08,-7.697408584548869e-08
1.490056818181818e+00,9.204545454545454e-01,-8.624744319353195e-08,-7.506946055100671e-08
1.490056818181818e+00,9.431818181818182e-01,-8.624744319341674e-08,-7.506946055093898e-08
1.490056818181818e+00,9.659090909090909e-01,-7.639733342174964e-08,-5.484002012090130e-08
1.490056818181818e+00,9.886363636363636e-01,-7.639733342134885e-08,-5.484002012057232e-08
