x,y,ux,uy
6.349431818181818e-01,1.136363636363636e-02,3.032182290795051e-04,-3.030981560628754e-04
6.548295454545454e-01,1.136363636363636e-02,1.258626915307876e-04,-1.257419272628640e-04
6.747159090909091e-01,1.136363636363636e-02,-5.149284601792995e-05,5.161430153714737e-05
6.946022727272727e-01,1.136363636363636e-02,-1.447543112362510e-04,1.448766092143355e-04
7.144886363636364e-01,1.136363636363636e-02,-8.664644625985758e-05,8.676985887044090e-05
7.343750000000000e-01,1.136363636363636e-02,-2.853858128346418e-05,2.866310852654636e-05
7.542613636363636e-01,1.136363636363636e-02,1.513483165707280e-05,-1.500931226780772e-05
7.741477272727273e-01,1.136363636363636e-02,5.881920466136343e-06,-5.755858047180174e-06
7.940340909090909e-01,1.136363636363636e-02,-3.370990724800109e-06,3.497596173447366e-06
8.139204545454546e-01,1.136363636363636e-02,-1.229078067518894e-05,1.241788832475529e-05
8.338068181818181e-01,1.136363636363636e-02,-1.687999449845872e-05,1.700707357490829e-05
8.536931818181819e-01,1.136363636363636e-02,-2.146920832172856e-05,2.159625882506134e-05
8.735795454545454e-01,1.136363636363636e-02,-2.605842214499835e-05,2.618544407521434e-05
8.934659090909091e-01,1.136363636363636e-02,-2.777980347674781e-05,2.790626605981124e-05
9.133522727272727e-01,1.136363636363636e-02,-2.928058230914955e-05,2.940644471628842e-05
9.332386363636364e-01,1.136363636363636e-02,-3.078136114155129e-05,3.090662337276560e-05
9.531250000000000e-01,1.136363636363636e-02,-3.258891632095936e-05,3.271312925975725e-05
9.730113636363636e-01,1.136363636363636e-02,-3.448013777682370e-05,3.460317893688920e-05
9.928977272727273e-01,1.136363636363636e-02,-3.637135923268805e-05,3.649322861402115e-05
1.012784090909091e+00,1.136363636363636e-02,-3.850021022048420e-05,3.862054036413701e-05
1.032670454545455e+00,1.136363636363636e-02,-4.076107761490916e-05,4.087966437702174e-05
1.052556818181818e+00,1.136363636363636e-02,-4.302194500933409e-05,4.313878838990645e-05
1.072443181818182e+00,1.136363636363636e-02,-4.522988293617683e-05,4.534469713380507e-05
1.092329545454545e+00,1.136363636363636e-02,-4.738489139543734e-05,4.749739060871755e-05
1.112215909090909e+00,1.136363636363636e-02,-4.953989985469787e-05,4.965008408363005e-05
1.132102272727273e+00,1.136363636363636e-02,-5.166598521212626e-05,5.177365031285046e-05
1.151988636363636e+00,1.136363636363636e-02,-5.374000898625682e-05,5.384478749982516e-05
1.171875000000000e+00,1.136363636363636e-02,-5.581403276038740e-05,5.591592468679989e-05
1.191761363636364e+00,1.136363636363636e-02,-5.798411295445864e-05,5.808299580739931e-05
1.211647727272727e+00,1.136363636363636e-02,-6.050640002164549e-05,6.060182468462248e-05
1.231534090909091e+00,1.136363636363636e-02,-6.302868708883237e-05,6.312065356184568e-05
1.251420454545455e+00,1.136363636363636e-02,-6.558895676153748e-05,6.567742421581512e-05
1.271306818181818e+00,1.136363636363636e-02,-6.864300030597932e-05,6.872743796748547e-05
1.291193181818182e+00,1.136363636363636e-02,-7.169704385042117e-05,7.177745171915582e-05
1.311079545454545e+00,1.136363636363636e-02,-7.475108739486305e-05,7.482746547082621e-05
1.330965909090909e+00,1.136363636363636e-02,-7.433447130623336e-05,7.440628881538920e-05
1.350852272727273e+00,1.136363636363636e-02,-7.365088139967510e-05,7.371809751325160e-05
1.370738636363636e+00,1.136363636363636e-02,-7.296729149311682e-05,7.302990621111402e-05
1.390625000000000e+00,1.136363636363636e-02,-5.868877764853444e-05,5.874634185446047e-05
1.410511363636364e+00,1.136363636363636e-02,-4.070255727539994e-05,4.075494848293883e-05
1.430397727272727e+00,1.136363636363636e-02,-2.271633690226565e-05,2.276355511141741e-05
1.450284090909091e+00,1.136363636363636e-02,-9.689057776915625e-06,9.725148114199088e-06
1.470170454545455e+00,1.136363636363636e-02,5.832539885543432e-07,-5.615997861842649e-07
1.490056818181818e+00,1.136363636363636e-02,1.085556575402420e-05,-1.084834768656750e-05
6.349431818181818e-01,3.409090909090909e-02,1.688328834172788e-04,-1.684726643673897e-04
6.548295454545454e-01,3.409090909090909e-02,7.026680304943410e-05,-6.990451024566339e-05
6.747159090909091e-01,3.409090909090909e-02,-2.829927731841063e-05,2.866364387606287e-05
6.946022727272727e-01,3.409090909090909e-02,-8.013216299686301e-05,8.049905693111644e-05
7.144886363636364e-01,3.409090909090909e-02,-4.784529823440869e-05,4.821553606615875e-05
7.343750000000000e-01,3.409090909090909e-02,-1.555843347195436e-05,1.593201520120104e-05
7.542613636363636e-01,3.409090909090909e-02,8.708422970543325e-06,-8.331864802747897e-06
7.741477272727273e-01,3.409090909090909e-02,3.568582239866700e-06,-3.190394982998079e-06
7.940340909090909e-01,3.409090909090909e-02,-1.571258490809925e-06,1.951074836751741e-06
8.139204545454546e-01,3.409090909090909e-02,-6.526252555997701e-06,6.907575504696748e-06
8.338068181818181e-01,3.409090909090909e-02,-9.078239969830519e-06,9.459477199179271e-06
8.536931818181819e-01,3.409090909090909e-02,-1.163022738366336e-05,1.201137889366183e-05
8.735795454545454e-01,3.409090909090909e-02,-1.418221479749618e-05,1.456328058814435e-05
8.934659090909091e-01,3.409090909090909e-02,-1.514203537258374e-05,1.552142312177415e-05
9.133522727272727e-01,3.409090909090909e-02,-1.597938157546013e-05,1.635696879687680e-05
9.332386363636364e-01,3.409090909090909e-02,-1.681672777833651e-05,1.719251447197946e-05
9.531250000000000e-01,3.409090909090909e-02,-1.782542617077067e-05,1.819806498716432e-05
9.730113636363636e-01,3.409090909090909e-02,-1.888085697853877e-05,1.924998045873523e-05
9.928977272727273e-01,3.409090909090909e-02,-1.993628778630687e-05,2.030189593030614e-05
1.012784090909091e+00,3.409090909090909e-02,-2.112463377909533e-05,2.148562421005374e-05
1.032670454545455e+00,3.409090909090909e-02,-2.238682154133955e-05,2.274258182767731e-05
1.052556818181818e+00,3.409090909090909e-02,-2.364900930358377e-05,2.399953944530086e-05
1.072443181818182e+00,3.409090909090909e-02,-2.488249238685983e-05,2.522693497974454e-05
1.092329545454545e+00,3.409090909090909e-02,-2.608727079116771e-05,2.642476843100832e-05
1.112215909090909e+00,3.409090909090909e-02,-2.729204919547562e-05,2.762260188227211e-05
1.132102272727273e+00,3.409090909090909e-02,-2.848123493325099e-05,2.880423023542357e-05
1.151988636363636e+00,3.409090909090909e-02,-2.964235387126785e-05,2.995668941197286e-05
1.171875000000000e+00,3.409090909090909e-02,-3.080347280928472e-05,3.110914858852216e-05
1.191761363636364e+00,3.409090909090909e-02,-3.201824582799653e-05,3.231489438681852e-05
1.211647727272727e+00,3.409090909090909e-02,-3.342975047592310e-05,3.371602446485405e-05
1.231534090909091e+00,3.409090909090909e-02,-3.484125512384967e-05,3.511715454288958e-05
1.251420454545455e+00,3.409090909090909e-02,-3.627397621709807e-05,3.653937857993100e-05
1.271306818181818e+00,3.409090909090909e-02,-3.798251109953011e-05,3.823582408404856e-05
1.291193181818182e+00,3.409090909090909e-02,-3.969104598196217e-05,3.993226958816613e-05
1.311079545454545e+00,3.409090909090909e-02,-4.139958086439424e-05,4.162871509228372e-05
1.330965909090909e+00,3.409090909090909e-02,-4.118153174639932e-05,4.139698427386681e-05
1.350852272727273e+00,3.409090909090909e-02,-4.081528385914079e-05,4.101693219987034e-05
1.370738636363636e+00,3.409090909090909e-02,-4.044903597188224e-05,4.063688012587384e-05
1.390625000000000e+00,3.409090909090909e-02,-3.252949406018228e-05,3.270218667796037e-05
1.410511363636364e+00,3.409090909090909e-02,-2.254996286908916e-05,2.270713649170584e-05
1.430397727272727e+00,3.409090909090909e-02,-1.257043167799613e-05,1.271208630545141e-05
1.450284090909091e+00,3.409090909090909e-02,-5.625534924905422e-06,5.733805936755814e-06
1.470170454545455e+00,3.409090909090909e-02,-3.665461929270531e-07,4.315088000372879e-07
1.490056818181818e+00,3.409090909090909e-02,4.892442539051257e-06,-4.870788336681179e-06
6.349431818181818e-01,5.681818181818182e-02,3.444753775505254e-05,-3.384717267190387e-05
6.548295454545454e-01,5.681818181818182e-02,1.467091456808060e-05,-1.406709322846274e-05
6.747159090909091e-01,5.681818181818182e-02,-5.105708618891326e-06,5.712986214978388e-06
6.946022727272727e-01,5.681818181818182e-02,-1.551001475747501e-05,1.612150464789741e-05
7.144886363636364e-01,5.681818181818182e-02,-9.044150208959767e-06,9.661213261876562e-06
7.343750000000000e-01,5.681818181818182e-02,-2.578285660444527e-06,3.200921875855713e-06
7.542613636363636e-01,5.681818181818182e-02,2.282014284013848e-06,-1.654417337688075e-06
7.741477272727273e-01,5.681818181818182e-02,1.255244013597055e-06,-6.249319188159804e-07
7.940340909090909e-01,5.681818181818182e-02,2.284737431802619e-07,4.045535000561140e-07
8.139204545454546e-01,5.681818181818182e-02,-7.617244368064630e-07,1.397262684638204e-06
8.338068181818181e-01,5.681818181818182e-02,-1.276485441202310e-06,1.911880823450250e-06
8.536931818181819e-01,5.681818181818182e-02,-1.791246445598163e-06,2.426498962262301e-06
8.735795454545454e-01,5.681818181818182e-02,-2.306007449994009e-06,2.941117101074346e-06
8.934659090909091e-01,5.681818181818182e-02,-2.504267268419666e-06,3.136580183737044e-06
9.133522727272727e-01,5.681818181818182e-02,-2.678180841770692e-06,3.307492877465177e-06
9.332386363636364e-01,5.681818181818182e-02,-2.852094415121717e-06,3.478405571193311e-06
9.531250000000000e-01,5.681818181818182e-02,-3.061936020581970e-06,3.683000714571378e-06
9.730113636363636e-01,5.681818181818182e-02,-3.281576180253830e-06,3.896781980581247e-06
9.928977272727273e-01,5.681818181818182e-02,-3.501216339925690e-06,4.110563246591114e-06
1.012784090909091e+00,5.681818181818182e-02,-3.749057337706453e-06,4.350708055970463e-06
1.032670454545455e+00,5.681818181818182e-02,-4.012565467769944e-06,4.605499278332865e-06
1.052556818181818e+00,5.681818181818182e-02,-4.276073597833432e-06,4.860290500695262e-06
1.072443181818182e+00,5.681818181818182e-02,-4.535101837542811e-06,5.109172825684004e-06
1.092329545454545e+00,5.681818181818182e-02,-4.789650186898076e-06,5.352146253299081e-06
1.112215909090909e+00,5.681818181818182e-02,-5.044198536253344e-06,5.595119680914162e-06
1.132102272727273e+00,5.681818181818182e-02,-5.296484654375711e-06,5.834810157996667e-06
1.151988636363636e+00,5.681818181818182e-02,-5.544698756278865e-06,6.068591324120538e-06
1.171875000000000e+00,5.681818181818182e-02,-5.792912858182021e-06,6.302372490244410e-06
1.191761363636364e+00,5.681818181818182e-02,-6.052378701534416e-06,6.546792966237715e-06
1.211647727272727e+00,5.681818181818182e-02,-6.353100930200677e-06,6.830224245085597e-06
1.231534090909091e+00,5.681818181818182e-02,-6.653823158866940e-06,7.113655523933479e-06
1.251420454545455e+00,5.681818181818182e-02,-6.958995672658634e-06,7.401332944046857e-06
1.271306818181818e+00,5.681818181818182e-02,-7.322021893080894e-06,7.744210200611641e-06
1.291193181818182e+00,5.681818181818182e-02,-7.685048113503153e-06,8.087087457176421e-06
1.311079545454545e+00,5.681818181818182e-02,-8.048074333925417e-06,8.429964713741209e-06
1.330965909090909e+00,5.681818181818182e-02,-8.028592186565262e-06,8.387679732344415e-06
1.350852272727273e+00,5.681818181818182e-02,-7.979686318606462e-06,8.315766886489041e-06
1.370738636363636e+00,5.681818181818182e-02,-7.930780450647660e-06,8.243854040633665e-06
1.390625000000000e+00,5.681818181818182e-02,-6.370210471830114e-06,6.658031501460254e-06
1.410511363636364e+00,5.681818181818182e-02,-4.397368462778354e-06,4.659324500472823e-06
1.430397727272727e+00,5.681818181818182e-02,-2.424526453726615e-06,2.660617499485413e-06
1.450284090909091e+00,5.681818181818182e-02,-1.562012072895216e-06,1.742463759312535e-06
1.470170454545455e+00,5.681818181818182e-02,-1.316346374408448e-06,1.424617386258839e-06
1.490056818181818e+00,5.681818181818182e-02,-1.070680675921683e-06,1.106771013205147e-06
6.349431818181818e-01,7.954545454545454e-02,8.211273023193717e-07,-1.778075817609318e-07
6.548295454545454e-01,7.954545454545454e-02,7.530768155683865e-07,-1.062625773024910e-07
6.747159090909091e-01,7.954545454545454e-02,6.850263288174014e-07,-3.471757284405030e-08
6.946022727272727e-01,7.954545454545454e-02,6.429091909914096e-07,1.163323399960898e-08
7.144886363636364e-01,7.954545454545454e-02,6.474720812304058e-07,1.263448513666136e-08
7.343750000000000e-01,7.954545454545454e-02,6.520349714694018e-07,1.363573627371374e-08
7.542613636363636e-01,7.954545454545454e-02,6.560084126750912e-07,1.457458745548575e-08
7.741477272727273e-01,7.954545454545454e-02,6.578205407586554e-07,1.528463880122974e-08
7.940340909090909e-01,7.954545454545454e-02,6.596326688422196e-07,1.599469014697373e-08
8.139204545454546e-01,7.954545454545454e-02,6.609897467742276e-07,1.694250864807825e-08
8.338068181818181e-01,7.954545454545454e-02,6.564311727360038e-07,2.098130016886939e-08
8.536931818181819e-01,7.954545454545454e-02,6.518725986977802e-07,2.502009168966058e-08
8.735795454545454e-01,7.954545454545454e-02,6.473140246595567e-07,2.905888321045172e-08
8.934659090909091e-01,7.954545454545454e-02,6.398373243760940e-07,3.319112202593724e-08
9.133522727272727e-01,7.954545454545454e-02,6.321361528429976e-07,3.733054909486080e-08
9.332386363636364e-01,7.954545454545454e-02,6.244349813099010e-07,4.146997616378435e-08
9.531250000000000e-01,7.954545454545454e-02,6.146917829702649e-07,4.526131708109387e-08
9.730113636363636e-01,7.954545454545454e-02,6.043916682288453e-07,4.895772541159958e-08
9.928977272727273e-01,7.954545454545454e-02,5.940915534874255e-07,5.265413374210529e-08
1.012784090909091e+00,7.954545454545454e-02,5.818932621770785e-07,5.629317167577712e-08
1.032670454545455e+00,7.954545454545454e-02,5.686404283284385e-07,5.990033716676352e-08
1.052556818181818e+00,7.954545454545454e-02,5.553875944797984e-07,6.350750265774988e-08
1.072443181818182e+00,7.954545454545454e-02,5.406038661097079e-07,6.712458169681630e-08
1.092329545454545e+00,7.954545454545454e-02,5.242892432181672e-07,7.075157428396269e-08
1.112215909090909e+00,7.954545454545454e-02,5.079746203266262e-07,7.437856687110910e-08
1.132102272727273e+00,7.954545454545454e-02,4.906094119932236e-07,7.796972991913868e-08
1.151988636363636e+00,7.954545454545454e-02,4.713531498644696e-07,8.149639979675796e-08
1.171875000000000e+00,7.954545454545454e-02,4.520968877357154e-07,8.502306967437730e-08
1.191761363636364e+00,7.954545454545454e-02,4.322256477100300e-07,8.851286846034072e-08
1.211647727272727e+00,7.954545454545454e-02,4.100994887289298e-07,9.186747324356573e-08
1.231534090909091e+00,7.954545454545454e-02,3.879733297478296e-07,9.522207802679073e-08
1.251420454545455e+00,7.954545454545454e-02,3.656084132506333e-07,9.859815732991573e-08
1.271306818181818e+00,7.954545454545454e-02,3.401396490441935e-07,1.022534053917399e-07
1.291193181818182e+00,7.954545454545454e-02,3.146708848377537e-07,1.059086534535640e-07
1.311079545454545e+00,7.954545454545454e-02,2.892021206313136e-07,1.095639015153882e-07
1.330965909090909e+00,7.954545454545454e-02,2.598993142063200e-07,1.142285128452210e-07
1.350852272727273e+00,7.954545454545454e-02,2.303015814568226e-07,1.189707675033620e-07
1.370738636363636e+00,7.954545454545454e-02,2.007038487073253e-07,1.237130221615031e-07
1.390625000000000e+00,7.954545454545454e-02,1.707336578894203e-07,1.264376219298983e-07
1.410511363636364e+00,7.954545454545454e-02,1.406618875983133e-07,1.286119521829082e-07
1.430397727272727e+00,7.954545454545454e-02,1.105901173072066e-07,1.307862824359181e-07
1.450284090909091e+00,7.954545454545454e-02,-3.073875047527068e-06,3.257953592766458e-06
1.470170454545455e+00,7.954545454545454e-02,-8.010780987107607e-06,8.121228114251242e-06
1.490056818181818e+00,7.954545454545454e-02,-1.294768692668809e-05,1.298450263573597e-05
6.349431818181818e-01,1.022727272727273e-01,7.810285860838738e-07,-1.604846933988873e-07
6.548295454545454e-01,1.022727272727273e-01,7.279226393365735e-07,-1.042940481556828e-07
6.747159090909091e-01,1.022727272727273e-01,6.748166925892735e-07,-4.810340291247827e-08
6.946022727272727e-01,1.022727272727273e-01,6.394250424839926e-07,-9.011223457806365e-09
7.144886363636364e-01,1.022727272727273e-01,6.359191263343466e-07,-6.962824224933528e-10
7.343750000000000e-01,1.022727272727273e-01,6.324132101847005e-07,7.618658612819662e-09
7.542613636363636e-01,1.022727272727273e-01,6.301368130665714e-07,1.408133262696197e-08
7.741477272727273e-01,1.022727272727273e-01,6.323686523973369e-07,1.375236089681170e-08
7.940340909090909e-01,1.022727272727273e-01,6.346004917281023e-07,1.342338916666142e-08
8.139204545454546e-01,1.022727272727273e-01,6.364326184847381e-07,1.328654734742268e-08
8.338068181818181e-01,1.022727272727273e-01,6.330684817776893e-07,1.564739437003379e-08
8.536931818181819e-01,1.022727272727273e-01,6.297043450706403e-07,1.800824139264491e-08
8.735795454545454e-01,1.022727272727273e-01,6.263402083635914e-07,2.036908841525601e-08
8.934659090909091e-01,1.022727272727273e-01,6.193874133824199e-07,2.362001909015565e-08
9.133522727272727e-01,1.022727272727273e-01,6.121585677647774e-07,2.693941773830826e-08
9.332386363636364e-01,1.022727272727273e-01,6.049297221471349e-07,3.025881638646086e-08
9.531250000000000e-01,1.022727272727273e-01,5.956988043103509e-07,3.329687795835563e-08
9.730113636363636e-01,1.022727272727273e-01,5.859218667774375e-07,3.625821123672554e-08
9.928977272727273e-01,1.022727272727273e-01,5.761449292445241e-07,3.921954451509544e-08
1.012784090909091e+00,1.022727272727273e-01,5.646352482255019e-07,4.204537731061340e-08
1.032670454545455e+00,1.022727272727273e-01,5.521629319364189e-07,4.479593206010254e-08
1.052556818181818e+00,1.022727272727273e-01,5.396906156473363e-07,4.754648680959165e-08
1.072443181818182e+00,1.022727272727273e-01,5.257479545407367e-07,5.031430773407104e-08
1.092329545454545e+00,1.022727272727273e-01,5.103349486166206e-07,5.309939483354069e-08
1.112215909090909e+00,1.022727272727273e-01,4.949219426925042e-07,5.588448193301036e-08
1.132102272727273e+00,1.022727272727273e-01,4.784847408600526e-07,5.865585162472527e-08
1.151988636363636e+00,1.022727272727273e-01,4.602039863925968e-07,6.140252998248170e-08
1.171875000000000e+00,1.022727272727273e-01,4.419232319251408e-07,6.414920834023815e-08
1.191761363636364e+00,1.022727272727273e-01,4.230757378819288e-07,6.683987828409677e-08
1.211647727272727e+00,1.022727272727273e-01,4.021501987276110e-07,6.932518404366329e-08
1.231534090909091e+00,1.022727272727273e-01,3.812246595732932e-07,7.181048980322982e-08
1.251420454545455e+00,1.022727272727273e-01,3.600870129831922e-07,7.430032033536125e-08
1.271306818181818e+00,1.022727272727273e-01,3.361919697279140e-07,7.684897291083592e-08
1.291193181818182e+00,1.022727272727273e-01,3.122969264726357e-07,7.939762548631058e-08
1.311079545454545e+00,1.022727272727273e-01,2.884018832173571e-07,8.194627806178530e-08
1.330965909090909e+00,1.022727272727273e-01,2.602414619570905e-07,8.606173402041366e-08
1.350852272727273e+00,1.022727272727273e-01,2.317529346964405e-07,9.029771331620767e-08
1.370738636363636e+00,1.022727272727273e-01,2.032644074357905e-07,9.453369261200167e-08
1.390625000000000e+00,1.022727272727273e-01,1.722313013980865e-07,9.903084138945111e-08
1.410511363636364e+00,1.022727272727273e-01,1.405042193302769e-07,1.035992182073520e-07
1.430397727272727e+00,1.022727272727273e-01,1.087771372624677e-07,1.081675950252529e-07
1.450284090909091e+00,1.022727272727273e-01,-6.444199964372940e-06,6.609054096519448e-06
1.470170454545455e+00,1.022727272727273e-01,-1.662009374354603e-05,1.671900622283393e-05
1.490056818181818e+00,1.022727272727273e-01,-2.679598752271900e-05,2.682895834914830e-05
6.349431818181818e-01,1.250000000000000e-01,7.409298698483759e-07,-1.431618050368429e-07
6.548295454545454e-01,1.250000000000000e-01,7.027684631047607e-07,-1.023255190088745e-07
6.747159090909091e-01,1.250000000000000e-01,6.646070563611456e-07,-6.148923298090624e-08
6.946022727272727e-01,1.250000000000000e-01,6.359408939765758e-07,-2.965568091522170e-08
7.144886363636364e-01,1.250000000000000e-01,6.243661714382876e-07,-1.402704998164805e-08
7.343750000000000e-01,1.250000000000000e-01,6.127914488999995e-07,1.601580951925590e-09
7.542613636363636e-01,1.250000000000000e-01,6.042652134580517e-07,1.358807779843819e-08
7.741477272727273e-01,1.250000000000000e-01,6.069167640360183e-07,1.222008299239365e-08
7.940340909090909e-01,1.250000000000000e-01,6.095683146139850e-07,1.085208818634912e-08
8.139204545454546e-01,1.250000000000000e-01,6.118754901952488e-07,9.630586046767127e-09
8.338068181818181e-01,1.250000000000000e-01,6.097057908193746e-07,1.031348857119819e-08
8.536931818181819e-01,1.250000000000000e-01,6.075360914435005e-07,1.099639109562925e-08
8.735795454545454e-01,1.250000000000000e-01,6.053663920676264e-07,1.167929362006031e-08
8.934659090909091e-01,1.250000000000000e-01,5.989375023887460e-07,1.404891615437407e-08
9.133522727272727e-01,1.250000000000000e-01,5.921809826865572e-07,1.654828638175572e-08
9.332386363636364e-01,1.250000000000000e-01,5.854244629843685e-07,1.904765660913738e-08
9.531250000000000e-01,1.250000000000000e-01,5.767058256504369e-07,2.133243883561738e-08
9.730113636363636e-01,1.250000000000000e-01,5.674520653260299e-07,2.355869706185148e-08
9.928977272727273e-01,1.250000000000000e-01,5.581983050016229e-07,2.578495528808559e-08
1.012784090909091e+00,1.250000000000000e-01,5.473772342739253e-07,2.779758294544967e-08
1.032670454545455e+00,1.250000000000000e-01,5.356854355443997e-07,2.969152695344156e-08
1.052556818181818e+00,1.250000000000000e-01,5.239936368148740e-07,3.158547096143342e-08
1.072443181818182e+00,1.250000000000000e-01,5.108920429717654e-07,3.350403377132582e-08
1.092329545454545e+00,1.250000000000000e-01,4.963806540150739e-07,3.544721538311871e-08
1.112215909090909e+00,1.250000000000000e-01,4.818692650583823e-07,3.739039699491163e-08
1.132102272727273e+00,1.250000000000000e-01,4.663600697268815e-07,3.934197333031189e-08
1.151988636363636e+00,1.250000000000000e-01,4.490548229207239e-07,4.130866016820544e-08
1.171875000000000e+00,1.250000000000000e-01,4.317495761145663e-07,4.327534700609901e-08
1.191761363636364e+00,1.250000000000000e-01,4.139258280538276e-07,4.516688810785283e-08
1.211647727272727e+00,1.250000000000000e-01,3.942009087262922e-07,4.678289484376088e-08
1.231534090909091e+00,1.250000000000000e-01,3.744759893987569e-07,4.839890157966893e-08
1.251420454545455e+00,1.250000000000000e-01,3.545656127157512e-07,5.000248334080680e-08
1.271306818181818e+00,1.250000000000000e-01,3.322442904116345e-07,5.144454042993199e-08
1.291193181818182e+00,1.250000000000000e-01,3.099229681075177e-07,5.288659751905719e-08
1.311079545454545e+00,1.250000000000000e-01,2.876016458034007e-07,5.432865460818239e-08
1.330965909090909e+00,1.250000000000000e-01,2.605836097078610e-07,5.789495519560639e-08
1.350852272727273e+00,1.250000000000000e-01,2.332042879360583e-07,6.162465912905332e-08
1.370738636363636e+00,1.250000000000000e-01,2.058249661642557e-07,6.535436306250027e-08
1.390625000000000e+00,1.250000000000000e-01,1.737289449067527e-07,7.162406084900398e-08
1.410511363636364e+00,1.250000000000000e-01,1.403465510622406e-07,7.858648423179591e-08
1.430397727272727e+00,1.250000000000000e-01,1.069641572177288e-07,8.554890761458777e-08
1.450284090909091e+00,1.250000000000000e-01,-9.814524881218809e-06,9.960154600272435e-06
1.470170454545455e+00,1.250000000000000e-01,-2.522940649998444e-05,2.531678433141662e-05
1.490056818181818e+00,1.250000000000000e-01,-4.064428811874990e-05,4.067341406256062e-05
6.349431818181818e-01,1.477272727272727e-01,6.925499579104659e-07,-1.211911937759544e-07
6.548295454545454e-01,1.477272727272727e-01,6.613206626477284e-07,-8.765551200091274e-08
6.747159090909091e-01,1.477272727272727e-01,6.300913673849908e-07,-5.411983022587111e-08
6.946022727272727e-01,1.477272727272727e-01,6.068146964059914e-07,-2.815166963892814e-08
7.144886363636364e-01,1.477272727272727e-01,5.978527491377207e-07,-1.580504719056287e-08
7.343750000000000e-01,1.477272727272727e-01,5.888908018694501e-07,-3.458424742197588e-09
7.542613636363636e-01,1.477272727272727e-01,5.819292504650091e-07,6.324874851258192e-09
7.741477272727273e-01,1.477272727272727e-01,5.823024838946116e-07,6.709323976712505e-09
7.940340909090909e-01,1.477272727272727e-01,5.826757173242139e-07,7.093773102166815e-09
8.139204545454546e-01,1.477272727272727e-01,5.828701073576714e-07,7.469423293406308e-09
8.338068181818181e-01,1.477272727272727e-01,5.807395332412429e-07,7.730687339853164e-09
8.536931818181819e-01,1.477272727272727e-01,5.786089591248146e-07,7.991951386300020e-09
8.735795454545454e-01,1.477272727272727e-01,5.764783850083862e-07,8.253215432746873e-09
8.934659090909091e-01,1.477272727272727e-01,5.706750062718574e-07,9.747933804612097e-09
9.133522727272727e-01,1.477272727272727e-01,5.645891041030131e-07,1.133753327843258e-08
9.332386363636364e-01,1.477272727272727e-01,5.585032019341688e-07,1.292713275225307e-08
9.531250000000000e-01,1.477272727272727e-01,5.502724468246953e-07,1.459751953274737e-08
9.730113636363636e-01,1.477272727272727e-01,5.414567318223228e-07,1.628993921506179e-08
9.928977272727273e-01,1.477272727272727e-01,5.326410168199502e-07,1.798235889737622e-08
1.012784090909091e+00,1.477272727272727e-01,5.223028022371564e-07,1.950849718687447e-08
1.032670454545455e+00,1.477272727272727e-01,5.111187545541279e-07,2.094225692480819e-08
1.052556818181818e+00,1.477272727272727e-01,4.999347068710999e-07,2.237601666274190e-08
1.072443181818182e+00,1.477272727272727e-01,4.874505812992837e-07,2.379635797694156e-08
1.092329545454545e+00,1.477272727272727e-01,4.736663778386798e-07,2.520328086740713e-08
1.112215909090909e+00,1.477272727272727e-01,4.598821743780757e-07,2.661020375787272e-08
1.132102272727273e+00,1.477272727272727e-01,4.451363580707728e-07,2.804052784323851e-08
1.151988636363636e+00,1.477272727272727e-01,4.286596386394117e-07,2.951297407942469e-08
1.171875000000000e+00,1.477272727272727e-01,4.121829192080502e-07,3.098542031561088e-08
1.191761363636364e+00,1.477272727272727e-01,3.951896417244079e-07,3.241149761299842e-08
1.211647727272727e+00,1.477272727272727e-01,3.763023180490693e-07,3.366755546812425e-08
1.231534090909091e+00,1.477272727272727e-01,3.574149943737307e-07,3.492361332325008e-08
1.251420454545455e+00,1.477272727272727e-01,3.383677013643869e-07,3.615199818202107e-08
1.271306818181818e+00,1.477272727272727e-01,3.172408070129778e-07,3.702063408817888e-08
1.291193181818182e+00,1.477272727272727e-01,2.961139126615689e-07,3.788926999433669e-08
1.311079545454545e+00,1.477272727272727e-01,2.749870183101596e-07,3.875790590049450e-08
1.330965909090909e+00,1.477272727272727e-01,2.500373593227989e-07,4.100995614792515e-08
1.350852272727273e+00,1.477272727272727e-01,2.247936415172883e-07,4.336842288314598e-08
1.370738636363636e+00,1.477272727272727e-01,1.995499237117778e-07,4.572688961836681e-08
1.390625000000000e+00,1.477272727272727e-01,1.691087694576244e-07,5.121872716827147e-08
1.410511363636364e+00,1.477272727272727e-01,1.372501325356593e-07,5.756512039490811e-08
1.430397727272727e+00,1.477272727272727e-01,1.053914956136945e-07,6.391151362154467e-08
1.450284090909091e+00,1.477272727272727e-01,-9.335033415561933e-06,9.462458467312881e-06
1.470170454545455e+00,1.477272727272727e-01,-2.400243959021200e-05,2.407889462126257e-05
1.490056818181818e+00,1.477272727272727e-01,-3.866984576486191e-05,3.869533077521209e-05
6.349431818181818e-01,1.704545454545455e-01,6.441700459725559e-07,-9.922058251506586e-08
6.548295454545454e-01,1.704545454545455e-01,6.198728621906959e-07,-7.298550499295093e-08
6.747159090909091e-01,1.704545454545455e-01,5.955756784088362e-07,-4.675042747083597e-08
6.946022727272727e-01,1.704545454545455e-01,5.776884988354071e-07,-2.664765836263459e-08
7.144886363636364e-01,1.704545454545455e-01,5.713393268371539e-07,-1.758304439947768e-08
7.343750000000000e-01,1.704545454545455e-01,5.649901548389004e-07,-8.518430436320765e-09
7.542613636363636e-01,1.704545454545455e-01,5.595932874719668e-07,-9.383280959218021e-10
7.741477272727273e-01,1.704545454545455e-01,5.576882037532048e-07,1.198564961031357e-09
7.940340909090909e-01,1.704545454545455e-01,5.557831200344429e-07,3.335458017984516e-09
8.139204545454546e-01,1.704545454545455e-01,5.538647245200938e-07,5.308260540045492e-09
8.338068181818181e-01,1.704545454545455e-01,5.517732756631113e-07,5.147886108508140e-09
8.536931818181819e-01,1.704545454545455e-01,5.496818268061286e-07,4.987511676970787e-09
8.735795454545454e-01,1.704545454545455e-01,5.475903779491461e-07,4.827137245433434e-09
8.934659090909091e-01,1.704545454545455e-01,5.424125101549689e-07,5.446951454850131e-09
9.133522727272727e-01,1.704545454545455e-01,5.369972255194691e-07,6.126780175109447e-09
9.332386363636364e-01,1.704545454545455e-01,5.315819408839691e-07,6.806608895368763e-09
9.531250000000000e-01,1.704545454545455e-01,5.238390679989536e-07,7.862600229877352e-09
9.730113636363636e-01,1.704545454545455e-01,5.154613983186156e-07,9.021181368272105e-09
9.928977272727273e-01,1.704545454545455e-01,5.070837286382776e-07,1.017976250666686e-08
1.012784090909091e+00,1.704545454545455e-01,4.972283702003872e-07,1.121941142829927e-08
1.032670454545455e+00,1.704545454545455e-01,4.865520735638564e-07,1.219298689617484e-08
1.052556818181818e+00,1.704545454545455e-01,4.758757769273257e-07,1.316656236405039e-08
1.072443181818182e+00,1.704545454545455e-01,4.640091196268020e-07,1.408868218255731e-08
1.092329545454545e+00,1.704545454545455e-01,4.509521016622856e-07,1.495934635169556e-08
1.112215909090909e+00,1.704545454545455e-01,4.378950836977693e-07,1.583001052083383e-08
1.132102272727273e+00,1.704545454545455e-01,4.239126464146641e-07,1.673908235616513e-08
1.151988636363636e+00,1.704545454545455e-01,4.082644543580993e-07,1.771728799064394e-08
1.171875000000000e+00,1.704545454545455e-01,3.926162623015342e-07,1.869549362512275e-08
1.191761363636364e+00,1.704545454545455e-01,3.764534553949883e-07,1.965610711814402e-08
1.211647727272727e+00,1.704545454545455e-01,3.584037273718464e-07,2.055221609248763e-08
1.231534090909091e+00,1.704545454545455e-01,3.403539993487045e-07,2.144832506683124e-08
1.251420454545455e+00,1.704545454545455e-01,3.221697900130226e-07,2.230151302323534e-08
1.271306818181818e+00,1.704545454545455e-01,3.022373236143212e-07,2.259672774642576e-08
1.291193181818182e+00,1.704545454545455e-01,2.823048572156200e-07,2.289194246961618e-08
1.311079545454545e+00,1.704545454545455e-01,2.623723908169186e-07,2.318715719280661e-08
1.330965909090909e+00,1.704545454545455e-01,2.394911089377368e-07,2.412495710024390e-08
1.350852272727273e+00,1.704545454545455e-01,2.163829950985183e-07,2.511218663723863e-08
1.370738636363636e+00,1.704545454545455e-01,1.932748812593000e-07,2.609941617423335e-08
1.390625000000000e+00,1.704545454545455e-01,1.644885940084961e-07,3.081339348753896e-08
1.410511363636364e+00,1.704545454545455e-01,1.341537140090780e-07,3.654375655802030e-08
1.430397727272727e+00,1.704545454545455e-01,1.038188340096603e-07,4.227411962850157e-08
1.450284090909091e+00,1.704545454545455e-01,-8.855541949905059e-06,8.964762334353331e-06
1.470170454545455e+00,1.704545454545455e-01,-2.277547268043956e-05,2.284100491110852e-05
1.490056818181818e+00,1.704545454545455e-01,-3.669540341097390e-05,3.671724748786356e-05
6.349431818181818e-01,1.931818181818182e-01,5.975629639837726e-07,-7.986938986921317e-08
6.548295454545454e-01,1.931818181818182e-01,5.789759400460870e-07,-5.970219061195441e-08
6.747159090909091e-01,1.931818181818182e-01,5.603889161084011e-07,-3.953499135469565e-08
6.946022727272727e-01,1.931818181818182e-01,5.469962846814962e-07,-2.438776014512440e-08
7.144886363636364e-01,1.931818181818182e-01,5.429535597739970e-07,-1.827647142139071e-08
7.343750000000000e-01,1.931818181818182e-01,5.389108348664977e-07,-1.216518269765703e-08
7.542613636363636e-01,1.931818181818182e-01,5.350021542645406e-07,-6.689025001669189e-09
7.741477272727273e-01,1.931818181818182e-01,5.315849694495719e-07,-3.541681074082799e-09
7.940340909090909e-01,1.931818181818182e-01,5.281677846346030e-07,-3.943371464964069e-10
8.139204545454546e-01,1.931818181818182e-01,5.248378208481053e-07,2.498756845217800e-09
8.338068181818181e-01,1.931818181818182e-01,5.226417304317322e-07,2.086601670593699e-09
8.536931818181819e-01,1.931818181818182e-01,5.204456400153591e-07,1.674446495969595e-09
8.735795454545454e-01,1.931818181818182e-01,5.182495495989862e-07,1.262291321345495e-09
8.934659090909091e-01,1.931818181818182e-01,5.135911008819166e-07,1.141118651192841e-09
9.133522727272727e-01,1.931818181818182e-01,5.087432399878705e-07,1.042329250614915e-09
9.332386363636364e-01,1.931818181818182e-01,5.038953790938242e-07,9.435398500369880e-10
9.531250000000000e-01,1.931818181818182e-01,4.966551912130861e-07,1.399759454749360e-09
9.730113636363636e-01,1.931818181818182e-01,4.887625505177956e-07,2.007345151813631e-09
9.928977272727273e-01,1.931818181818182e-01,4.808699098225052e-07,2.614930848877902e-09
1.012784090909091e+00,1.931818181818182e-01,4.715315597245216e-07,3.164965782021861e-09
1.032670454545455e+00,1.931818181818182e-01,4.613900377361527e-07,3.683028068543431e-09
1.052556818181818e+00,1.931818181818182e-01,4.512485157477842e-07,4.201090355064996e-09
1.072443181818182e+00,1.931818181818182e-01,4.400143669678814e-07,4.642577081307045e-09
1.092329545454545e+00,1.931818181818182e-01,4.276875913964446e-07,5.007488247269569e-09
1.112215909090909e+00,1.931818181818182e-01,4.153608158250079e-07,5.372399413232097e-09
1.132102272727273e+00,1.931818181818182e-01,4.021553216753505e-07,5.780884620411453e-09
1.151988636363636e+00,1.931818181818182e-01,3.873681340848958e-07,6.267803101781106e-09
1.171875000000000e+00,1.931818181818182e-01,3.725809464944409e-07,6.754721583150767e-09
1.191761363636364e+00,1.931818181818182e-01,3.572841618006845e-07,7.250150445618331e-09
1.211647727272727e+00,1.931818181818182e-01,3.401188543948230e-07,7.776784038778195e-09
1.231534090909091e+00,1.931818181818182e-01,3.229535469889614e-07,8.303417631938060e-09
1.251420454545455e+00,1.931818181818182e-01,3.056712460893632e-07,8.780015811433236e-09
1.271306818181818e+00,1.931818181818182e-01,2.868680297711905e-07,8.606153613287390e-09
1.291193181818182e+00,1.931818181818182e-01,2.680648134530179e-07,8.432291415141545e-09
1.311079545454545e+00,1.931818181818182e-01,2.492615971348451e-07,8.258429216995694e-09
1.330965909090909e+00,1.931818181818182e-01,2.282711065052185e-07,8.100465534087715e-09
1.350852272727273e+00,1.931818181818182e-01,2.071123640054803e-07,7.943724813890341e-09
1.370738636363636e+00,1.931818181818182e-01,1.859536215057420e-07,7.786984093692967e-09
1.390625000000000e+00,1.931818181818182e-01,1.588917349682645e-07,1.169606942982126e-08
1.410511363636364e+00,1.931818181818182e-01,1.302199000568582e-07,1.671401641767477e-08
1.430397727272727e+00,1.931818181818182e-01,1.015480651454521e-07,2.173196340552822e-08
1.450284090909091e+00,1.931818181818182e-01,-8.225528753783298e-06,8.316872558334203e-06
1.470170454545455e+00,1.931818181818182e-01,-2.116283056383295e-05,2.121763684656349e-05
1.490056818181818e+00,1.931818181818182e-01,-3.410013237388246e-05,3.411840113479265e-05
6.349431818181818e-01,2.159090909090909e-01,5.562743718423694e-07,-6.837645306846774e-08
6.548295454545454e-01,2.159090909090909e-01,5.397316528387475e-07,-5.057895411185373e-08
6.747159090909091e-01,2.159090909090909e-01,5.231889338351257e-07,-3.278145515523972e-08
6.946022727272727e-01,2.159090909090909e-01,5.116060207776060e-07,-1.986020110396432e-08
7.144886363636364e-01,2.159090909090909e-01,5.089507584230705e-07,-1.571618788229844e-08
7.343750000000000e-01,2.159090909090909e-01,5.062954960685349e-07,-1.157217466063256e-08
7.542613636363636e-01,2.159090909090909e-01,5.036455104139633e-07,-7.902203783118780e-09
7.741477272727273e-01,2.159090909090909e-01,5.010148726592596e-07,-5.970388167496000e-09
7.940340909090909e-01,2.159090909090909e-01,4.983842349045559e-07,-4.038572551873220e-09
8.139204545454546e-01,2.159090909090909e-01,4.957463546728830e-07,-2.255769674010534e-09
8.338068181818181e-01,2.159090909090909e-01,4.930143222406109e-07,-2.410132387029011e-09
8.536931818181819e-01,2.159090909090909e-01,4.902822898083387e-07,-2.564495100047490e-09
8.735795454545454e-01,2.159090909090909e-01,4.875502573760665e-07,-2.718857813065967e-09
8.934659090909091e-01,2.159090909090909e-01,4.830929521403729e-07,-3.179265514150437e-09
9.133522727272727e-01,2.159090909090909e-01,4.785029336121081e-07,-3.663215137393831e-09
9.332386363636364e-01,2.159090909090909e-01,4.739129150838435e-07,-4.147164760637224e-09
9.531250000000000e-01,2.159090909090909e-01,4.672198205468409e-07,-4.246845737152593e-09
9.730113636363636e-01,2.159090909090909e-01,4.599531598256370e-07,-4.241726173651227e-09
9.928977272727273e-01,2.159090909090909e-01,4.526864991044331e-07,-4.236606610149861e-09
1.012784090909091e+00,2.159090909090909e-01,4.439676139313663e-07,-4.185559527362195e-09
1.032670454545455e+00,2.159090909090909e-01,4.344419373961535e-07,-4.108997156082134e-09
1.052556818181818e+00,2.159090909090909e-01,4.249162608609407e-07,-4.032434784802076e-09
1.072443181818182e+00,2.159090909090909e-01,4.143597413496437e-07,-4.018815940541274e-09
1.092329545454545e+00,2.159090909090909e-01,4.027723788622629e-07,-4.068140623299725e-09
1.112215909090909e+00,2.159090909090909e-01,3.911850163748819e-07,-4.117465306058181e-09
1.132102272727273e+00,2.159090909090909e-01,3.787971576864218e-07,-4.147569861383195e-09
1.151988636363636e+00,2.159090909090909e-01,3.649684058360189e-07,-4.143078187328021e-09
1.171875000000000e+00,2.159090909090909e-01,3.511396539856159e-07,-4.138586513272848e-09
1.191761363636364e+00,2.159090909090909e-01,3.368155464117283e-07,-4.107504759921305e-09
1.211647727272727e+00,2.159090909090909e-01,3.206751345183979e-07,-3.978926049149744e-09
1.231534090909091e+00,2.159090909090909e-01,3.045347226250674e-07,-3.850347338378183e-09
1.251420454545455e+00,2.159090909090909e-01,2.882708044488188e-07,-3.754517559418074e-09
1.271306818181818e+00,2.159090909090909e-01,2.704013045946375e-07,-4.084423894006833e-09
1.291193181818182e+00,2.159090909090909e-01,2.525318047404561e-07,-4.414330228595592e-09
1.311079545454545e+00,2.159090909090909e-01,2.346623048862745e-07,-4.744236563184358e-09
1.330965909090909e+00,2.159090909090909e-01,2.150298479303315e-07,-5.342503587493352e-09
1.350852272727273e+00,2.159090909090909e-01,1.952617788896377e-07,-5.961413741780821e-09
1.370738636363636e+00,2.159090909090909e-01,1.754937098489439e-07,-6.580323896068286e-09
1.390625000000000e+00,2.159090909090909e-01,1.503648251547233e-07,-3.557225758852120e-09
1.410511363636364e+00,2.159090909090909e-01,1.237738998277226e-07,4.591473669559767e-10
1.430397727272727e+00,2.159090909090909e-01,9.718297450072219e-08,4.475520492764030e-09
1.450284090909091e+00,2.159090909090909e-01,-7.143950366266882e-06,7.218401853136361e-06
1.470170454545455e+00,2.159090909090909e-01,-1.839316282672385e-05,1.843783371884554e-05
1.490056818181818e+00,2.159090909090909e-01,-2.964237528718069e-05,2.965726558455459e-05
6.349431818181818e-01,2.386363636363636e-01,5.149857797009661e-07,-5.688351626772231e-08
6.548295454545454e-01,2.386363636363636e-01,5.004873656314081e-07,-4.145571761175305e-08
6.747159090909091e-01,2.386363636363636e-01,4.859889515618502e-07,-2.602791895578379e-08
6.946022727272727e-01,2.386363636363636e-01,4.762157568737158e-07,-1.533264206280422e-08
7.144886363636364e-01,2.386363636363636e-01,4.749479570721440e-07,-1.315590434320616e-08
7.343750000000000e-01,2.386363636363636e-01,4.736801572705722e-07,-1.097916662360810e-08
7.542613636363636e-01,2.386363636363636e-01,4.722888665633860e-07,-9.115382564568371e-09
7.741477272727273e-01,2.386363636363636e-01,4.704447758689474e-07,-8.399095260909201e-09
7.940340909090909e-01,2.386363636363636e-01,4.686006851745087e-07,-7.682807957250034e-09
8.139204545454546e-01,2.386363636363636e-01,4.666548884976607e-07,-7.010296193238867e-09
8.338068181818181e-01,2.386363636363636e-01,4.633869140494895e-07,-6.906866444651721e-09
8.536931818181819e-01,2.386363636363636e-01,4.601189396013183e-07,-6.803436696064574e-09
8.735795454545454e-01,2.386363636363636e-01,4.568509651531471e-07,-6.700006947477429e-09
8.934659090909091e-01,2.386363636363636e-01,4.525948033988290e-07,-7.499649679493715e-09
9.133522727272727e-01,2.386363636363636e-01,4.482626272363459e-07,-8.368759525402576e-09
9.332386363636364e-01,2.386363636363636e-01,4.439304510738627e-07,-9.237869371311437e-09
9.531250000000000e-01,2.386363636363636e-01,4.377844498805956e-07,-9.893450929054546e-09
9.730113636363636e-01,2.386363636363636e-01,4.311437691334783e-07,-1.049079749911609e-08
9.928977272727273e-01,2.386363636363636e-01,4.245030883863610e-07,-1.108814406917763e-08
1.012784090909091e+00,2.386363636363636e-01,4.164036681382111e-07,-1.153608483674625e-08
1.032670454545455e+00,2.386363636363636e-01,4.074938370561542e-07,-1.190102238070770e-08
1.052556818181818e+00,2.386363636363636e-01,3.985840059740972e-07,-1.226595992466915e-08
1.072443181818182e+00,2.386363636363636e-01,3.887051157314062e-07,-1.268020896238959e-08
1.092329545454545e+00,2.386363636363636e-01,3.778571663280811e-07,-1.314376949386902e-08
1.112215909090909e+00,2.386363636363636e-01,3.670092169247559e-07,-1.360733002534846e-08
1.132102272727273e+00,2.386363636363636e-01,3.554389936974930e-07,-1.407602434317784e-08
1.151988636363636e+00,2.386363636363636e-01,3.425686775871420e-07,-1.455395947643715e-08
1.171875000000000e+00,2.386363636363636e-01,3.296983614767908e-07,-1.503189460969646e-08
1.191761363636364e+00,2.386363636363636e-01,3.163469310227721e-07,-1.546515996546094e-08
1.211647727272727e+00,2.386363636363636e-01,3.012314146419727e-07,-1.573463613707768e-08
1.231534090909091e+00,2.386363636363636e-01,2.861158982611733e-07,-1.600411230869442e-08
1.251420454545455e+00,2.386363636363636e-01,2.708703628082744e-07,-1.628905093026938e-08
1.271306818181818e+00,2.386363636363636e-01,2.539345794180843e-07,-1.677500140130106e-08
1.291193181818182e+00,2.386363636363636e-01,2.369987960278943e-07,-1.726095187233273e-08
1.311079545454545e+00,2.386363636363636e-01,2.200630126377040e-07,-1.774690234336441e-08
1.330965909090909e+00,2.386363636363636e-01,2.017885893554444e-07,-1.878547270907442e-08
1.350852272727273e+00,2.386363636363636e-01,1.834111937737951e-07,-1.986655229745198e-08
1.370738636363636e+00,2.386363636363636e-01,1.650337981921458e-07,-2.094763188582954e-08
1.390625000000000e+00,2.386363636363636e-01,1.418379153411820e-07,-1.881052094752551e-08
1.410511363636364e+00,2.386363636363636e-01,1.173278995985870e-07,-1.579572168376282e-08
1.430397727272727e+00,2.386363636363636e-01,9.281788385599224e-08,-1.278092242000017e-08
1.450284090909091e+00,2.386363636363636e-01,-6.062371978750467e-06,6.119931147938519e-06
1.470170454545455e+00,2.386363636363636e-01,-1.562349508961475e-05,1.565803059112758e-05
1.490056818181818e+00,2.386363636363636e-01,-2.518461820047892e-05,2.519613003431653e-05
6.349431818181818e-01,2.613636363636364e-01,4.739225827227948e-07,-4.718421151305224e-08
6.548295454545454e-01,2.613636363636364e-01,4.617343806661806e-07,-3.436961542857471e-08
6.747159090909091e-01,2.613636363636364e-01,4.495461786095662e-07,-2.155501934409717e-08
6.946022727272727e-01,2.613636363636364e-01,4.413908749452305e-07,-1.286291057216305e-08
7.144886363636364e-01,2.613636363636364e-01,4.404947883869965e-07,-1.159127896280714e-08
7.343750000000000e-01,2.613636363636364e-01,4.395987018287626e-07,-1.031964735345123e-08
7.542613636363636e-01,2.613636363636364e-01,4.386540298139969e-07,-9.402762197699857e-09
7.741477272727273e-01,2.613636363636364e-01,4.375312111252815e-07,-9.786614038498420e-09
7.940340909090909e-01,2.613636363636364e-01,4.364083924365659e-07,-1.017046587929698e-08
8.139204545454546e-01,2.613636363636364e-01,4.351281103298793e-07,-1.053129827217003e-08
8.338068181818181e-01,2.613636363636364e-01,4.318008037895678e-07,-1.059287784201135e-08
8.536931818181819e-01,2.613636363636364e-01,4.284734972492562e-07,-1.065445741185268e-08
8.735795454545454e-01,2.613636363636364e-01,4.251461907089446e-07,-1.071603698169400e-08
8.934659090909091e-01,2.613636363636364e-01,4.210606091532264e-07,-1.176711314672195e-08
9.133522727272727e-01,2.613636363636364e-01,4.169166987501695e-07,-1.289430443445656e-08
9.332386363636364e-01,2.613636363636364e-01,4.127727883471124e-07,-1.402149572219117e-08
9.531250000000000e-01,2.613636363636364e-01,4.071056330732606e-07,-1.510432580961987e-08
9.730113636363636e-01,2.613636363636364e-01,4.010230473801011e-07,-1.617505738787423e-08
9.928977272727273e-01,2.613636363636364e-01,3.949404616869415e-07,-1.724578896612859e-08
1.012784090909091e+00,2.613636363636364e-01,3.874704394209340e-07,-1.813907970196622e-08
1.032670454545455e+00,2.613636363636364e-01,3.792296190588999e-07,-1.893379219201678e-08
1.052556818181818e+00,2.613636363636364e-01,3.709887986968658e-07,-1.972850468206733e-08
1.072443181818182e+00,2.613636363636364e-01,3.618293397422219e-07,-2.054568636981957e-08
1.092329545454545e+00,2.613636363636364e-01,3.517512421949684e-07,-2.138533725527349e-08
1.112215909090909e+00,2.613636363636364e-01,3.416731446477149e-07,-2.222498814072741e-08
1.132102272727273e+00,2.613636363636364e-01,3.309418402259700e-07,-2.308365200191544e-08
1.151988636363636e+00,2.613636363636364e-01,3.190347634301407e-07,-2.397653921942491e-08
1.171875000000000e+00,2.613636363636364e-01,3.071276866343112e-07,-2.486942643693438e-08
1.191761363636364e+00,2.613636363636364e-01,2.947718640248113e-07,-2.571689975091103e-08
1.211647727272727e+00,2.613636363636364e-01,2.807706400985200e-07,-2.639785541860064e-08
1.231534090909091e+00,2.613636363636364e-01,2.667694161722286e-07,-2.707881108629026e-08
1.251420454545455e+00,2.613636363636364e-01,2.526367005879481e-07,-2.776271906603658e-08
1.271306818181818e+00,2.613636363636364e-01,2.367945934498121e-07,-2.848500710251988e-08
1.291193181818182e+00,2.613636363636364e-01,2.209524863116760e-07,-2.920729513900319e-08
1.311079545454545e+00,2.613636363636364e-01,2.051103791735398e-07,-2.992958317548649e-08
1.330965909090909e+00,2.613636363636364e-01,1.881550710711008e-07,-3.128644185825937e-08
1.350852272727273e+00,2.613636363636364e-01,1.711141321252542e-07,-3.269211366766989e-08
1.370738636363636e+00,2.613636363636364e-01,1.540731931794076e-07,-3.409778547708041e-08
1.390625000000000e+00,2.613636363636364e-01,1.327226562177922e-07,-3.267274294122365e-08
1.410511363636364e+00,2.613636363636364e-01,1.101967743427854e-07,-3.047568740211216e-08
1.430397727272727e+00,2.613636363636364e-01,8.767089246777876e-08,-2.827863186300069e-08
1.450284090909091e+00,2.613636363636364e-01,-5.112861846197618e-06,5.154330455105994e-06
1.470170454545455e+00,2.613636363636364e-01,-1.319006506085777e-05,1.321494622620280e-05
1.490056818181818e+00,2.613636363636364e-01,-2.126726827551784e-05,2.127556199729952e-05
6.349431818181818e-01,2.840909090909091e-01,4.330847809078557e-07,-3.927853880445751e-08
6.548295454545454e-01,2.840909090909091e-01,4.234726979430646e-07,-2.932064756231866e-08
6.747159090909091e-01,2.840909090909091e-01,4.138606149782735e-07,-1.936275632017982e-08
6.946022727272727e-01,2.840909090909091e-01,4.071313749921500e-07,-1.245100663204077e-08
7.144886363636364e-01,2.840909090909091e-01,4.055912523676281e-07,-1.102231174110137e-08
7.343750000000000e-01,2.840909090909091e-01,4.040511297431063e-07,-9.593616850161968e-09
7.542613636363636e-01,2.840909090909091e-01,4.027410001657959e-07,-8.764342682513240e-09
7.741477272727273e-01,2.840909090909091e-01,4.022741784282616e-07,-1.013294450026366e-08
7.940340909090909e-01,2.840909090909091e-01,4.018073566907274e-07,-1.150154631801407e-08
8.139204545454546e-01,2.840909090909091e-01,4.011660201695388e-07,-1.281877591080402e-08
8.338068181818181e-01,2.840909090909091e-01,3.982559914608455e-07,-1.346816657910791e-08
8.536931818181819e-01,2.840909090909091e-01,3.953459627521522e-07,-1.411755724741181e-08
8.735795454545454e-01,2.840909090909091e-01,3.924359340434589e-07,-1.476694791571571e-08
8.934659090909091e-01,2.840909090909091e-01,3.884903694035650e-07,-1.598165591583515e-08
9.133522727272727e-01,2.840909090909091e-01,3.844651481535787e-07,-1.723984986455580e-08
9.332386363636364e-01,2.840909090909091e-01,3.804399269035925e-07,-1.849804381327645e-08
9.531250000000000e-01,2.840909090909091e-01,3.751833701248357e-07,-1.987947037884859e-08
9.730113636363636e-01,2.840909090909091e-01,3.695909945655052e-07,-2.129450583992569e-08
9.928977272727273e-01,2.840909090909091e-01,3.639986190061746e-07,-2.270954130100278e-08
1.012784090909091e+00,2.840909090909091e-01,3.571679277795352e-07,-2.399454412302213e-08
1.032670454545455e+00,2.840909090909091e-01,3.496492834043907e-07,-2.520730659000940e-08
1.052556818181818e+00,2.840909090909091e-01,3.421306390292463e-07,-2.642006905699666e-08
1.072443181818182e+00,2.840909090909091e-01,3.337324133820909e-07,-2.761524816283125e-08
1.092329545454545e+00,2.840909090909091e-01,3.244546064629247e-07,-2.879284390751315e-08
1.112215909090909e+00,2.840909090909091e-01,3.151767995437585e-07,-2.997043965219507e-08
1.132102272727273e+00,2.840909090909091e-01,3.053056972718525e-07,-3.117045283759603e-08
1.151988636363636e+00,2.840909090909091e-01,2.943666633650147e-07,-3.241081741629133e-08
1.171875000000000e+00,2.840909090909091e-01,2.834276294581769e-07,-3.365118199498664e-08
1.191761363636364e+00,2.840909090909091e-01,2.720903454178457e-07,-3.486272411627161e-08
1.211647727272727e+00,2.840909090909091e-01,2.592928108880394e-07,-3.596858389371867e-08
1.231534090909091e+00,2.840909090909091e-01,2.464952763582332e-07,-3.707444367116573e-08
1.251420454545455e+00,2.840909090909091e-01,2.335698177878400e-07,-3.817552196671970e-08
1.271306818181818e+00,2.840909090909091e-01,2.189813466898207e-07,-3.921444099766335e-08
1.291193181818182e+00,2.840909090909091e-01,2.043928755918013e-07,-4.025336002860699e-08
1.311079545454545e+00,2.840909090909091e-01,1.898044044937818e-07,-4.129227905955065e-08
1.330965909090909e+00,2.840909090909091e-01,1.741292930773007e-07,-4.284541103504824e-08
1.350852272727273e+00,2.840909090909091e-01,1.583705939440150e-07,-4.443809785243459e-08
1.370738636363636e+00,2.840909090909091e-01,1.426118948107293e-07,-4.603078466982094e-08
1.390625000000000e+00,2.840909090909091e-01,1.230190477845539e-07,-4.514389173994662e-08
1.410511363636364e+00,2.840909090909091e-01,1.023805240603177e-07,-4.358074978809209e-08
1.430397727272727e+00,2.840909090909091e-01,8.174200033608175e-08,-4.201760783623759e-08
1.450284090909091e+00,2.840909090909091e-01,-4.295419968608332e-06,4.321599774638781e-06
1.470170454545455e+00,2.840909090909091e-01,-1.109287274045292e-05,1.110858062407119e-05
1.490056818181818e+00,2.840909090909091e-01,-1.789032551229745e-05,1.789556147350354e-05
6.349431818181818e-01,3.068181818181818e-01,3.922469790929165e-07,-3.137286609586278e-08
6.548295454545454e-01,3.068181818181818e-01,3.852110152199487e-07,-2.427167969606263e-08
6.747159090909091e-01,3.068181818181818e-01,3.781750513469809e-07,-1.717049329626249e-08
6.946022727272727e-01,3.068181818181818e-01,3.728718750390695e-07,-1.203910269191850e-08
7.144886363636364e-01,3.068181818181818e-01,3.706877163482597e-07,-1.045334451939560e-08
7.343750000000000e-01,3.068181818181818e-01,3.685035576574499e-07,-8.867586346872701e-09
7.542613636363636e-01,3.068181818181818e-01,3.668279705175951e-07,-8.125923167326625e-09
7.741477272727273e-01,3.068181818181818e-01,3.670171457312420e-07,-1.047927496202889e-08
7.940340909090909e-01,3.068181818181818e-01,3.672063209448889e-07,-1.283262675673116e-08
8.139204545454546e-01,3.068181818181818e-01,3.672039300091984e-07,-1.510625354943801e-08
8.338068181818181e-01,3.068181818181818e-01,3.647111791321234e-07,-1.634345531620447e-08
8.536931818181819e-01,3.068181818181818e-01,3.622184282550483e-07,-1.758065708297094e-08
8.735795454545454e-01,3.068181818181818e-01,3.597256773779733e-07,-1.881785884973740e-08
8.934659090909091e-01,3.068181818181818e-01,3.559201296539036e-07,-2.019619868494835e-08
9.133522727272727e-01,3.068181818181818e-01,3.520135975569882e-07,-2.158539529465503e-08
9.332386363636364e-01,3.068181818181818e-01,3.481070654600727e-07,-2.297459190436171e-08
9.531250000000000e-01,3.068181818181818e-01,3.432611071764110e-07,-2.465461494807730e-08
9.730113636363636e-01,3.068181818181818e-01,3.381589417509093e-07,-2.641395429197713e-08
9.928977272727273e-01,3.068181818181818e-01,3.330567763254078e-07,-2.817329363587696e-08
1.012784090909091e+00,3.068181818181818e-01,3.268654161381363e-07,-2.985000854407803e-08
1.032670454545455e+00,3.068181818181818e-01,3.200689477498815e-07,-3.148082098800200e-08
1.052556818181818e+00,3.068181818181818e-01,3.132724793616267e-07,-3.311163343192597e-08
1.072443181818182e+00,3.068181818181818e-01,3.056354870219599e-07,-3.468480995584292e-08
1.092329545454545e+00,3.068181818181818e-01,2.971579707308811e-07,-3.620035055975280e-08
1.112215909090909e+00,3.068181818181818e-01,2.886804544398022e-07,-3.771589116366270e-08
1.132102272727273e+00,3.068181818181818e-01,2.796695543177351e-07,-3.925725367327660e-08
1.151988636363636e+00,3.068181818181818e-01,2.696985632998889e-07,-4.084509561315773e-08
1.171875000000000e+00,3.068181818181818e-01,2.597275722820426e-07,-4.243293755303888e-08
1.191761363636364e+00,3.068181818181818e-01,2.494088268108802e-07,-4.400854848163218e-08
1.211647727272727e+00,3.068181818181818e-01,2.378149816775590e-07,-4.553931236883668e-08
1.231534090909091e+00,3.068181818181818e-01,2.262211365442377e-07,-4.707007625604117e-08
1.251420454545455e+00,3.068181818181818e-01,2.145029349877319e-07,-4.858832486740280e-08
1.271306818181818e+00,3.068181818181818e-01,2.011680999298293e-07,-4.994387489280679e-08
1.291193181818182e+00,3.068181818181818e-01,1.878332648719267e-07,-5.129942491821077e-08
1.311079545454545e+00,3.068181818181818e-01,1.744984298140239e-07,-5.265497494361478e-08
1.330965909090909e+00,3.068181818181818e-01,1.601035150835006e-07,-5.440438021183710e-08
1.350852272727273e+00,3.068181818181818e-01,1.456270557627758e-07,-5.618408203719928e-08
1.370738636363636e+00,3.068181818181818e-01,1.311505964420511e-07,-5.796378386256144e-08
1.390625000000000e+00,3.068181818181818e-01,1.133154393513157e-07,-5.761504053866956e-08
1.410511363636364e+00,3.068181818181818e-01,9.456427377785010e-08,-5.668581217407200e-08
1.430397727272727e+00,3.068181818181818e-01,7.581310820438474e-08,-5.575658380947444e-08
1.450284090909091e+00,3.068181818181818e-01,-3.477978091019047e-06,3.488869094171570e-06
1.470170454545455e+00,3.068181818181818e-01,-8.995680420048082e-06,9.002215021939594e-06
1.490056818181818e+00,3.068181818181818e-01,-1.451338274907706e-05,1.451556094970756e-05
6.349431818181818e-01,3.295454545454545e-01,3.480606401056211e-07,-2.228200204045277e-08
6.548295454545454e-01,3.295454545454545e-01,3.444996163090785e-07,-1.890149412869463e-08
6.747159090909091e-01,3.295454545454545e-01,3.409385925125359e-07,-1.552098621693648e-08
6.946022727272727e-01,3.295454545454545e-01,3.376603957379082e-07,-1.272071610944884e-08
7.144886363636364e-01,3.295454545454545e-01,3.348912876027275e-07,-1.096487404964813e-08
7.343750000000000e-01,3.295454545454545e-01,3.321221794675467e-07,-9.209031989847420e-09
7.542613636363636e-01,3.295454545454545e-01,3.300097337078840e-07,-8.410297588251904e-09
7.741477272727273e-01,3.295454545454545e-01,3.303050499917876e-07,-1.112095793340877e-08
7.940340909090909e-01,3.295454545454545e-01,3.306003662756912e-07,-1.383161827856564e-08
8.139204545454546e-01,3.295454545454545e-01,3.307282512751668e-07,-1.647499576685743e-08
8.338068181818181e-01,3.295454545454545e-01,3.286795295770786e-07,-1.824369611590321e-08
8.536931818181819e-01,3.295454545454545e-01,3.266308078789902e-07,-2.001239646494902e-08
8.735795454545454e-01,3.295454545454545e-01,3.245820861809020e-07,-2.178109681399481e-08
8.934659090909091e-01,3.295454545454545e-01,3.211402204037950e-07,-2.345858264233687e-08
9.133522727272727e-01,3.295454545454545e-01,3.175911896975327e-07,-2.512905196908633e-08
9.332386363636364e-01,3.295454545454545e-01,3.140421589912704e-07,-2.679952129583580e-08
9.531250000000000e-01,3.295454545454545e-01,3.096450671515220e-07,-2.872356219228868e-08
9.730113636363636e-01,3.295454545454545e-01,3.050166859117320e-07,-3.071675897138794e-08
9.928977272727273e-01,3.295454545454545e-01,3.003883046719419e-07,-3.270995575048720e-08
1.012784090909091e+00,3.295454545454545e-01,2.948267658194756e-07,-3.467133076497295e-08
1.032670454545455e+00,3.295454545454545e-01,2.887468060710780e-07,-3.661502702134009e-08
1.052556818181818e+00,3.295454545454545e-01,2.826668463226805e-07,-3.855872327770721e-08
1.072443181818182e+00,3.295454545454545e-01,2.758216413734305e-07,-4.043821332617173e-08
1.092329545454545e+00,3.295454545454545e-01,2.682111912233283e-07,-4.225349716673358e-08
1.112215909090909e+00,3.295454545454545e-01,2.606007410732261e-07,-4.406878100729545e-08
1.132102272727273e+00,3.295454545454545e-01,2.525029795401350e-07,-4.589749560267029e-08
1.151988636363636e+00,3.295454545454545e-01,2.435280575176642e-07,-4.775038555670853e-08
1.171875000000000e+00,3.295454545454545e-01,2.345531354951932e-07,-4.960327551074679e-08
1.191761363636364e+00,3.295454545454545e-01,2.252742134547222e-07,-5.145261072947623e-08
1.211647727272727e+00,3.295454545454545e-01,2.148806246815843e-07,-5.328891191874002e-08
1.231534090909091e+00,3.295454545454545e-01,2.044870359084463e-07,-5.512521310800381e-08
1.251420454545455e+00,3.295454545454545e-01,1.939813310834750e-07,-5.694954667299708e-08
1.271306818181818e+00,3.295454545454545e-01,1.820181175846714e-07,-5.861830112247334e-08
1.291193181818182e+00,3.295454545454545e-01,1.700549040858677e-07,-6.028705557194959e-08
1.311079545454545e+00,3.295454545454545e-01,1.580916905870639e-07,-6.195581002142587e-08
1.330965909090909e+00,3.295454545454545e-01,1.451363014098415e-07,-6.393431835079824e-08
1.350852272727273e+00,3.295454545454545e-01,1.321045910265869e-07,-6.593665390170108e-08
1.370738636363636e+00,3.295454545454545e-01,1.190728806433324e-07,-6.793898945260391e-08
1.390625000000000e+00,3.295454545454545e-01,1.030331210290768e-07,-6.803490847569587e-08
1.410511363636364e+00,3.295454545454545e-01,8.617298435182091e-08,-6.761089571847576e-08
1.430397727272727e+00,3.295454545454545e-01,6.931284767456520e-08,-6.718688296125563e-08
1.450284090909091e+00,3.295454545454545e-01,-2.752666374063691e-06,2.749688128971995e-06
1.470170454545455e+00,3.295454545454545e-01,-7.133045087502556e-06,7.131258140447540e-06
1.490056818181818e+00,3.295454545454545e-01,-1.151342380094138e-05,1.151282815192304e-05
6.349431818181818e-01,3.522727272727273e-01,3.027581220608735e-07,-1.279607420277098e-08
6.548295454545454e-01,3.522727272727273e-01,3.029716453356234e-07,-1.342423599428928e-08
6.747159090909091e-01,3.522727272727273e-01,3.031851686103733e-07,-1.405239778580758e-08
6.946022727272727e-01,3.522727272727273e-01,3.021315899873865e-07,-1.376683531286340e-08
7.144886363636364e-01,3.522727272727273e-01,2.987972279484738e-07,-1.183656916388677e-08
7.343750000000000e-01,3.522727272727273e-01,2.954628659095611e-07,-9.906303014910136e-09
7.542613636363636e-01,3.522727272727273e-01,2.928897611776694e-07,-9.002269987881151e-09
7.741477272727273e-01,3.522727272727273e-01,2.931079332381883e-07,-1.186109174132687e-08
7.940340909090909e-01,3.522727272727273e-01,2.933261052987071e-07,-1.471991349477259e-08
8.139204545454546e-01,3.522727272727273e-01,2.934147096832381e-07,-1.753749284387200e-08
8.338068181818181e-01,3.522727272727273e-01,2.918189342799260e-07,-1.981892093646936e-08
8.536931818181819e-01,3.522727272727273e-01,2.902231588766140e-07,-2.210034902906675e-08
8.735795454545454e-01,3.522727272727273e-01,2.886273834733020e-07,-2.438177712166412e-08
8.934659090909091e-01,3.522727272727273e-01,2.856237546535373e-07,-2.640358032915050e-08
9.133522727272727e-01,3.522727272727273e-01,2.825118294171224e-07,-2.840541239162834e-08
9.332386363636364e-01,3.522727272727273e-01,2.793999041807074e-07,-3.040724445410618e-08
9.531250000000000e-01,3.522727272727273e-01,2.754644347678116e-07,-3.255711032816097e-08
9.730113636363636e-01,3.522727272727273e-01,2.713043623976939e-07,-3.474734905991854e-08
9.928977272727273e-01,3.522727272727273e-01,2.671442900275762e-07,-3.693758779167614e-08
1.012784090909091e+00,3.522727272727273e-01,2.622094026083941e-07,-3.914793891914755e-08
1.032670454545455e+00,3.522727272727273e-01,2.568440623841762e-07,-4.136946359979334e-08
1.052556818181818e+00,3.522727272727273e-01,2.514787221599584e-07,-4.359098828043911e-08
1.072443181818182e+00,3.522727272727273e-01,2.454354892954348e-07,-4.575289722227292e-08
1.092329545454545e+00,3.522727272727273e-01,2.387143637906057e-07,-4.785519042529475e-08
1.112215909090909e+00,3.522727272727273e-01,2.319932382857765e-07,-4.995748362831659e-08
1.132102272727273e+00,3.522727272727273e-01,2.248262608213741e-07,-5.205555122996839e-08
1.151988636363636e+00,3.522727272727273e-01,2.168567498297398e-07,-5.414601274915415e-08
1.171875000000000e+00,3.522727272727273e-01,2.088872388381054e-07,-5.623647426833993e-08
1.191761363636364e+00,3.522727272727273e-01,2.006552351821666e-07,-5.832941893814813e-08
1.211647727272727e+00,3.522727272727273e-01,1.914607584237781e-07,-6.043146849357183e-08
1.231534090909091e+00,3.522727272727273e-01,1.822662816653896e-07,-6.253351804899553e-08
1.251420454545455e+00,3.522727272727273e-01,1.729748201445018e-07,-6.462690811356177e-08
1.271306818181818e+00,3.522727272727273e-01,1.624225567111246e-07,-6.660772479698094e-08
1.291193181818182e+00,3.522727272727273e-01,1.518702932777473e-07,-6.858854148040009e-08
1.311079545454545e+00,3.522727272727273e-01,1.413180298443700e-07,-7.056935816381929e-08
1.330965909090909e+00,3.522727272727273e-01,1.298552758428961e-07,-7.278791281048350e-08
1.350852272727273e+00,3.522727272727273e-01,1.183224841054148e-07,-7.502475499278194e-08
1.370738636363636e+00,3.522727272727273e-01,1.067896923679336e-07,-7.726159717508039e-08
1.390625000000000e+00,3.522727272727273e-01,9.255789941050436e-08,-7.777101612548999e-08
1.410511363636364e+00,3.522727272727273e-01,7.759001521127115e-08,-7.780931964902082e-08
1.430397727272727e+00,3.522727272727273e-01,6.262213101203813e-08,-7.784762317255167e-08
1.450284090909091e+00,3.522727272727273e-01,-2.058064710652976e-06,2.041690402194964e-06
1.470170454545455e+00,3.522727272727273e-01,-5.348595417576798e-06,5.338770832501991e-06
1.490056818181818e+00,3.522727272727273e-01,-8.639126124500583e-06,8.635851262808981e-06
6.349431818181818e-01,3.750000000000000e-01,2.574556040161260e-07,-3.310146365089208e-09
6.548295454545454e-01,3.750000000000000e-01,2.614436743621684e-07,-7.946977859883940e-09
6.747159090909091e-01,3.750000000000000e-01,2.654317447082107e-07,-1.258380935467867e-08
6.946022727272727e-01,3.750000000000000e-01,2.666027842368649e-07,-1.481295451627795e-08
7.144886363636364e-01,3.750000000000000e-01,2.627031682942202e-07,-1.270826427812540e-08
7.343750000000000e-01,3.750000000000000e-01,2.588035523515756e-07,-1.060357403997285e-08
7.542613636363636e-01,3.750000000000000e-01,2.557697886474549e-07,-9.594242387510394e-09
7.741477272727273e-01,3.750000000000000e-01,2.559108164845890e-07,-1.260122554924497e-08
7.940340909090909e-01,3.750000000000000e-01,2.560518443217231e-07,-1.560820871097954e-08
8.139204545454546e-01,3.750000000000000e-01,2.561011680913094e-07,-1.859998992088656e-08
8.338068181818181e-01,3.750000000000000e-01,2.549583389827737e-07,-2.139414575703551e-08
8.536931818181819e-01,3.750000000000000e-01,2.538155098742379e-07,-2.418830159318448e-08
8.735795454545454e-01,3.750000000000000e-01,2.526726807657021e-07,-2.698245742933343e-08
8.934659090909091e-01,3.750000000000000e-01,2.501072889032797e-07,-2.934857801596412e-08
9.133522727272727e-01,3.750000000000000e-01,2.474324691367120e-07,-3.168177281417033e-08
9.332386363636364e-01,3.750000000000000e-01,2.447576493701444e-07,-3.401496761237655e-08
9.531250000000000e-01,3.750000000000000e-01,2.412838023841014e-07,-3.639065846403324e-08
9.730113636363636e-01,3.750000000000000e-01,2.375920388836560e-07,-3.877793914844915e-08
9.928977272727273e-01,3.750000000000000e-01,2.339002753832107e-07,-4.116521983286506e-08
1.012784090909091e+00,3.750000000000000e-01,2.295920393973128e-07,-4.362454707332214e-08
1.032670454545455e+00,3.750000000000000e-01,2.249413186972746e-07,-4.612390017824658e-08
1.052556818181818e+00,3.750000000000000e-01,2.202905979972364e-07,-4.862325328317099e-08
1.072443181818182e+00,3.750000000000000e-01,2.150493372174392e-07,-5.106758111837412e-08
1.092329545454545e+00,3.750000000000000e-01,2.092175363578831e-07,-5.345688368385590e-08
1.112215909090909e+00,3.750000000000000e-01,2.033857354983269e-07,-5.584618624933772e-08
1.132102272727273e+00,3.750000000000000e-01,1.971495421026131e-07,-5.821360685726646e-08
1.151988636363636e+00,3.750000000000000e-01,1.901854421418154e-07,-6.054163994159974e-08
1.171875000000000e+00,3.750000000000000e-01,1.832213421810177e-07,-6.286967302593305e-08
1.191761363636364e+00,3.750000000000000e-01,1.760362569096110e-07,-6.520622714682000e-08
1.211647727272727e+00,3.750000000000000e-01,1.680408921659719e-07,-6.757402506840361e-08
1.231534090909091e+00,3.750000000000000e-01,1.600455274223329e-07,-6.994182298998722e-08
1.251420454545455e+00,3.750000000000000e-01,1.519683092055286e-07,-7.230426955412646e-08
1.271306818181818e+00,3.750000000000000e-01,1.428269958375778e-07,-7.459714847148853e-08
1.291193181818182e+00,3.750000000000000e-01,1.336856824696270e-07,-7.689002738885059e-08
1.311079545454545e+00,3.750000000000000e-01,1.245443691016761e-07,-7.918290630621267e-08
1.330965909090909e+00,3.750000000000000e-01,1.145742502759507e-07,-8.164150727016875e-08
1.350852272727273e+00,3.750000000000000e-01,1.045403771842427e-07,-8.411285608386279e-08
1.370738636363636e+00,3.750000000000000e-01,9.450650409253476e-08,-8.658420489755684e-08
1.390625000000000e+00,3.750000000000000e-01,8.208267779193195e-08,-8.750712377528411e-08
1.410511363636364e+00,3.750000000000000e-01,6.900704607072144e-08,-8.800774357956587e-08
1.430397727272727e+00,3.750000000000000e-01,5.593141434951107e-08,-8.850836338384763e-08
1.450284090909091e+00,3.750000000000000e-01,-1.363463047242263e-06,1.333692675417935e-06
1.470170454545455e+00,3.750000000000000e-01,-3.564145747651043e-06,3.546283524556448e-06
1.490056818181818e+00,3.750000000000000e-01,-5.764828448059800e-06,5.758874373694936e-06
6.349431818181818e-01,3.977272727272728e-01,2.082289903417556e-07,7.468929442477180e-09
6.548295454545454e-01,3.977272727272728e-01,2.162584424217452e-07,-1.395348458119190e-09
6.747159090909091e-01,3.977272727272728e-01,2.242878945017348e-07,-1.025962635871556e-08
6.946022727272727e-01,3.977272727272728e-01,2.280023371153586e-07,-1.525589515550542e-08
7.144886363636364e-01,3.977272727272728e-01,2.239497626895239e-07,-1.328974756544354e-08
7.343750000000000e-01,3.977272727272728e-01,2.198971882636891e-07,-1.132359997538166e-08
7.542613636363636e-01,3.977272727272728e-01,2.167229302933602e-07,-1.042825840885206e-08
7.741477272727273e-01,3.977272727272728e-01,2.167691659932194e-07,-1.345920559527415e-08
7.940340909090909e-01,3.977272727272728e-01,2.168154016930786e-07,-1.649015278169624e-08
8.139204545454546e-01,3.977272727272728e-01,2.167937666640636e-07,-1.951739242858621e-08
8.338068181818181e-01,3.977272727272728e-01,2.158898121596847e-07,-2.249643406155853e-08
8.536931818181819e-01,3.977272727272728e-01,2.149858576553057e-07,-2.547547569453089e-08
8.735795454545454e-01,3.977272727272728e-01,2.140819031509268e-07,-2.845451732750321e-08
8.934659090909091e-01,3.977272727272728e-01,2.119905773952713e-07,-3.108030917064149e-08
9.133522727272727e-01,3.977272727272728e-01,2.098079153895176e-07,-3.367892795302330e-08
9.332386363636364e-01,3.977272727272728e-01,2.076252533837640e-07,-3.627754673540512e-08
9.531250000000000e-01,3.977272727272728e-01,2.047106287255124e-07,-3.884999794804931e-08
9.730113636363636e-01,3.977272727272728e-01,2.015963778893069e-07,-4.141531255076505e-08
9.928977272727273e-01,3.977272727272728e-01,1.984821270531014e-07,-4.398062715348079e-08
1.012784090909091e+00,3.977272727272728e-01,1.948503008967906e-07,-4.660583514017623e-08
1.032670454545455e+00,3.977272727272728e-01,1.909309328959768e-07,-4.926431722908266e-08
1.052556818181818e+00,3.977272727272728e-01,1.870115648951630e-07,-5.192279931798904e-08
1.072443181818182e+00,3.977272727272728e-01,1.826051585211361e-07,-5.454338535907126e-08
1.092329545454545e+00,3.977272727272728e-01,1.777117137738961e-07,-5.712607535232925e-08
1.112215909090909e+00,3.977272727272728e-01,1.728182690266562e-07,-5.970876534558728e-08
1.132102272727273e+00,3.977272727272728e-01,1.675764321546508e-07,-6.226387916078818e-08
1.151988636363636e+00,3.977272727272728e-01,1.617074894580680e-07,-6.476935585548637e-08
1.171875000000000e+00,3.977272727272728e-01,1.558385467614850e-07,-6.727483255018458e-08
1.191761363636364e+00,3.977272727272728e-01,1.497801023449765e-07,-6.978329709298482e-08
1.211647727272727e+00,3.977272727272728e-01,1.430268182887413e-07,-7.230271707882575e-08
1.231534090909091e+00,3.977272727272728e-01,1.362735342325060e-07,-7.482213706466666e-08
1.251420454545455e+00,3.977272727272728e-01,1.294525722440137e-07,-7.733804230759265e-08
1.271306818181818e+00,3.977272727272728e-01,1.217517971361805e-07,-7.980825589262399e-08
1.291193181818182e+00,3.977272727272728e-01,1.140510220283473e-07,-8.227846947765531e-08
1.311079545454545e+00,3.977272727272728e-01,1.063502469205140e-07,-8.474868306268666e-08
1.330965909090909e+00,3.977272727272728e-01,9.799473429218670e-08,-8.739828058866807e-08
1.350852272727273e+00,3.977272727272728e-01,8.958885723920608e-08,-9.006167687933790e-08
1.370738636363636e+00,3.977272727272728e-01,8.118298018622546e-08,-9.272507317000776e-08
1.390625000000000e+00,3.977272727272728e-01,7.070097448690915e-08,-9.401813589710381e-08
1.410511363636364e+00,3.977272727272728e-01,5.965275188404673e-08,-9.493747128867973e-08
1.430397727272727e+00,3.977272727272728e-01,4.860452928118443e-08,-9.585680668025562e-08
1.450284090909091e+00,3.977272727272728e-01,-6.470651111767785e-07,6.060781979063702e-07
1.470170454545455e+00,3.977272727272728e-01,-1.723079983776477e-06,1.698487835814233e-06
1.490056818181818e+00,3.977272727272728e-01,-2.799094856376164e-06,2.790897473722083e-06
6.349431818181818e-01,4.204545454545455e-01,1.590023766673852e-07,1.824800525004354e-08
6.548295454545454e-01,4.204545454545455e-01,1.710732104813221e-07,5.156280943645547e-09
6.747159090909091e-01,4.204545454545455e-01,1.831440442952590e-07,-7.935443362752451e-09
6.946022727272727e-01,4.204545454545455e-01,1.894018899938525e-07,-1.569883579473289e-08
7.144886363636364e-01,4.204545454545455e-01,1.851963570848276e-07,-1.387123085276168e-08
7.343750000000000e-01,4.204545454545455e-01,1.809908241758027e-07,-1.204362591079047e-08
7.542613636363636e-01,4.204545454545455e-01,1.776760719392655e-07,-1.126227443019373e-08
7.741477272727273e-01,4.204545454545455e-01,1.776275155018498e-07,-1.431718564130334e-08
7.940340909090909e-01,4.204545454545455e-01,1.775789590644341e-07,-1.737209685241295e-08
8.139204545454546e-01,4.204545454545455e-01,1.774863652368180e-07,-2.043479493628586e-08
8.338068181818181e-01,4.204545454545455e-01,1.768212853365958e-07,-2.359872236608155e-08
8.536931818181819e-01,4.204545454545455e-01,1.761562054363736e-07,-2.676264979587729e-08
8.735795454545454e-01,4.204545454545455e-01,1.754911255361515e-07,-2.992657722567299e-08
8.934659090909091e-01,4.204545454545455e-01,1.738738658872630e-07,-3.281204032531886e-08
9.133522727272727e-01,4.204545454545455e-01,1.721833616423233e-07,-3.567608309187627e-08
9.332386363636364e-01,4.204545454545455e-01,1.704928573973836e-07,-3.854012585843368e-08
9.531250000000000e-01,4.204545454545455e-01,1.681374550669235e-07,-4.130933743206537e-08
9.730113636363636e-01,4.204545454545455e-01,1.656007168949579e-07,-4.405268595308094e-08
9.928977272727273e-01,4.204545454545455e-01,1.630639787229922e-07,-4.679603447409651e-08
1.012784090909091e+00,4.204545454545455e-01,1.601085623962685e-07,-4.958712320703032e-08
1.032670454545455e+00,4.204545454545455e-01,1.569205470946790e-07,-5.240473427991871e-08
1.052556818181818e+00,4.204545454545455e-01,1.537325317930897e-07,-5.522234535280709e-08
1.072443181818182e+00,4.204545454545455e-01,1.501609798248331e-07,-5.801918959976840e-08
1.092329545454545e+00,4.204545454545455e-01,1.462058911899093e-07,-6.079526702080259e-08
1.112215909090909e+00,4.204545454545455e-01,1.422508025549855e-07,-6.357134444183681e-08
1.132102272727273e+00,4.204545454545455e-01,1.380033222066887e-07,-6.631415146430988e-08
1.151988636363636e+00,4.204545454545455e-01,1.332295367743206e-07,-6.899707176937298e-08
1.171875000000000e+00,4.204545454545455e-01,1.284557513419524e-07,-7.167999207443609e-08
1.191761363636364e+00,4.204545454545455e-01,1.235239477803421e-07,-7.436036703914962e-08
1.211647727272727e+00,4.204545454545455e-01,1.180127444115107e-07,-7.703140908924786e-08
1.231534090909091e+00,4.204545454545455e-01,1.125015410426793e-07,-7.970245113934611e-08
1.251420454545455e+00,4.204545454545455e-01,1.069368352824989e-07,-8.237181506105886e-08
1.271306818181818e+00,4.204545454545455e-01,1.006765984347833e-07,-8.501936331375943e-08
1.291193181818182e+00,4.204545454545455e-01,9.441636158706773e-08,-8.766691156646001e-08
1.311079545454545e+00,4.204545454545455e-01,8.815612473935204e-08,-9.031445981916063e-08
1.330965909090909e+00,4.204545454545455e-01,8.141521830842279e-08,-9.315505390716737e-08
1.350852272727273e+00,4.204545454545455e-01,7.463733729416950e-08,-9.601049767481302e-08
1.370738636363636e+00,4.204545454545455e-01,6.785945627991622e-08,-9.886594144245868e-08
1.390625000000000e+00,4.204545454545455e-01,5.931927118188638e-08,-1.005291480189235e-07
1.410511363636364e+00,4.204545454545455e-01,5.029845769737205e-08,-1.018671989977936e-07
1.430397727272727e+00,4.204545454545455e-01,4.127764421285782e-08,-1.032052499766636e-07
1.450284090909091e+00,4.204545454545455e-01,6.933282488870408e-08,-1.215362796051930e-07
1.470170454545455e+00,4.204545454545455e-01,1.179857800980846e-07,-1.493078529279781e-07
1.490056818181818e+00,4.204545454545455e-01,1.666387353074645e-07,-1.770794262507627e-07
6.349431818181818e-01,4.431818181818182e-01,1.091000495056499e-07,2.910865343650310e-08
6.548295454545454e-01,4.431818181818182e-01,1.252108697230628e-07,1.180327660180018e-08
6.747159090909091e-01,4.431818181818182e-01,1.413216899404756e-07,-5.502100232902749e-09
6.946022727272727e-01,4.431818181818182e-01,1.501341456022959e-07,-1.602671006739601e-08
7.144886363636364e-01,4.431818181818182e-01,1.458095450640495e-07,-1.434593930151183e-08
7.343750000000000e-01,4.431818181818182e-01,1.414849445258030e-07,-1.266516853562764e-08
7.542613636363636e-01,4.431818181818182e-01,1.380601503310269e-07,-1.200227777570261e-08
7.741477272727273e-01,4.431818181818182e-01,1.379346460623088e-07,-1.507161370429444e-08
7.940340909090909e-01,4.431818181818182e-01,1.378091417935906e-07,-1.814094963288627e-08
8.139204545454546e-01,4.431818181818182e-01,1.376615845352222e-07,-2.122759045932643e-08
8.338068181818181e-01,4.431818181818182e-01,1.372273384113995e-07,-2.453919495779485e-08
8.536931818181819e-01,4.431818181818182e-01,1.367930922875769e-07,-2.785079945626332e-08
8.735795454545454e-01,4.431818181818182e-01,1.363588461637542e-07,-3.116240395473175e-08
8.934659090909091e-01,4.431818181818182e-01,1.352153872499820e-07,-3.427644820071645e-08
9.133522727272727e-01,4.431818181818182e-01,1.340173735062135e-07,-3.737529550420240e-08
9.332386363636364e-01,4.431818181818182e-01,1.328193597624451e-07,-4.047414280768835e-08
9.531250000000000e-01,4.431818181818182e-01,1.310337475176251e-07,-4.341832837259882e-08
9.730113636363636e-01,4.431818181818182e-01,1.290878811361547e-07,-4.632033346335233e-08
9.928977272727273e-01,4.431818181818182e-01,1.271420147546843e-07,-4.922233855410585e-08
1.012784090909091e+00,4.431818181818182e-01,1.248740316907429e-07,-5.215644794987623e-08
1.032670454545455e+00,4.431818181818182e-01,1.224270949143176e-07,-5.510839307065601e-08
1.052556818181818e+00,4.431818181818182e-01,1.199801581378923e-07,-5.806033819143576e-08
1.072443181818182e+00,4.431818181818182e-01,1.172528185284251e-07,-6.100738569165843e-08
1.092329545454545e+00,4.431818181818182e-01,1.142450760859159e-07,-6.394953557132396e-08
1.112215909090909e+00,4.431818181818182e-01,1.112373336434067e-07,-6.689168545098951e-08
1.132102272727273e+00,4.431818181818182e-01,1.079962054841608e-07,-6.979723905140102e-08
1.151988636363636e+00,4.431818181818182e-01,1.043349830347888e-07,-7.263691934915531e-08
1.171875000000000e+00,4.431818181818182e-01,1.006737605854168e-07,-7.547659964690964e-08
1.191761363636364e+00,4.431818181818182e-01,9.688673308406468e-08,-7.830854855518120e-08
1.211647727272727e+00,4.431818181818182e-01,9.263842039211895e-08,-8.111214903534928e-08
1.231534090909091e+00,4.431818181818182e-01,8.839010770017325e-08,-8.391574951551735e-08
1.251420454545455e+00,4.431818181818182e-01,8.410206196464764e-08,-8.671897483960363e-08
1.271306818181818e+00,4.431818181818182e-01,7.929748666258443e-08,-8.951732313462638e-08
1.291193181818182e+00,4.431818181818182e-01,7.449291136052122e-08,-9.231567142964914e-08
1.311079545454545e+00,4.431818181818182e-01,6.968833605845795e-08,-9.511401972467192e-08
1.330965909090909e+00,4.431818181818182e-01,6.457883363382858e-08,-9.811909343459834e-08
1.350852272727273e+00,4.431818181818182e-01,5.944587527669418e-08,-1.011400690995173e-07
1.370738636363636e+00,4.431818181818182e-01,5.431291691955978e-08,-1.041610447644362e-07
1.390625000000000e+00,4.431818181818182e-01,4.774016439055062e-08,-1.061751630199572e-07
1.410511363636364e+00,4.431818181818182e-01,4.077474072375744e-08,-1.079146838001878e-07
1.430397727272727e+00,4.431818181818182e-01,3.380931705696432e-08,-1.096542045804183e-07
1.450284090909091e+00,4.431818181818182e-01,7.912267325625530e-07,-8.540308886741144e-07
1.470170454545455e+00,4.431818181818182e-01,1.973301280941702e-06,-2.010983774608639e-06
1.490056818181818e+00,4.431818181818182e-01,3.155375829320837e-06,-3.167936660543151e-06
6.349431818181818e-01,4.659090909090909e-01,5.717058188181994e-08,4.021401875964230e-08
6.548295454545454e-01,4.659090909090909e-01,7.731720251129473e-08,1.873637102912451e-08
6.747159090909091e-01,4.659090909090909e-01,9.746382314076950e-08,-2.741276701393263e-09
6.946022727272727e-01,4.659090909090909e-01,1.088645094005881e-07,-1.600938524036611e-08
7.144886363636364e-01,4.659090909090909e-01,1.045225137950256e-07,-1.450032323455801e-08
7.343750000000000e-01,4.659090909090909e-01,1.001805181894631e-07,-1.299126122874990e-08
7.542613636363636e-01,4.659090909090909e-01,9.673703896035616e-08,-1.246024309371313e-08
7.741477272727273e-01,4.659090909090909e-01,9.658811977825302e-08,-1.551538581817128e-08
7.940340909090909e-01,4.659090909090909e-01,9.643920059614989e-08,-1.857052854262942e-08
8.139204545454546e-01,4.659090909090909e-01,9.628466601057592e-08,-2.164656502838979e-08
8.338068181818181e-01,4.659090909090909e-01,9.605713117988096e-08,-2.499422041107899e-08
8.536931818181819e-01,4.659090909090909e-01,9.582959634918599e-08,-2.834187579376822e-08
8.735795454545454e-01,4.659090909090909e-01,9.560206151849102e-08,-3.168953117645743e-08
8.934659090909091e-01,4.659090909090909e-01,9.493160722488227e-08,-3.493888623827473e-08
9.133522727272727e-01,4.659090909090909e-01,9.422708220335704e-08,-3.818067973694803e-08
9.332386363636364e-01,4.659090909090909e-01,9.352255718183183e-08,-4.142247323562134e-08
9.531250000000000e-01,4.659090909090909e-01,9.233843829619796e-08,-4.447627368268445e-08
9.730113636363636e-01,4.659090909090909e-01,9.102352108398903e-08,-4.747880329749021e-08
9.928977272727273e-01,4.659090909090909e-01,8.970860387178009e-08,-5.048133291229598e-08
1.012784090909091e+00,4.659090909090909e-01,8.816112437020702e-08,-5.348988272069762e-08
1.032670454545455e+00,4.659090909090909e-01,8.648444359676497e-08,-5.650177708109699e-08
1.052556818181818e+00,4.659090909090909e-01,8.480776282332293e-08,-5.951367144149634e-08
1.072443181818182e+00,4.659090909090909e-01,8.295270943170231e-08,-6.253275733712716e-08
1.092329545454545e+00,4.659090909090909e-01,8.091928342190313e-08,-6.555903476798938e-08
1.112215909090909e+00,4.659090909090909e-01,7.888585741210392e-08,-6.858531219885165e-08
1.132102272727273e+00,4.659090909090909e-01,7.668706843793590e-08,-7.157877248920037e-08
1.151988636363636e+00,4.659090909090909e-01,7.419062612790399e-08,-7.451316192662480e-08
1.171875000000000e+00,4.659090909090909e-01,7.169418381787203e-08,-7.744755136404925e-08
1.191761363636364e+00,4.659090909090909e-01,6.910633799285813e-08,-8.037006478081320e-08
1.211647727272727e+00,4.659090909090909e-01,6.618334594624365e-08,-8.324903278848853e-08
1.231534090909091e+00,4.659090909090909e-01,6.326035389962916e-08,-8.612800079616388e-08
1.251420454545455e+00,4.659090909090909e-01,6.031017957778668e-08,-8.900629569338414e-08
1.271306818181818e+00,4.659090909090909e-01,5.700663567798026e-08,-9.187584015468783e-08
1.291193181818182e+00,4.659090909090909e-01,5.370309177817387e-08,-9.474538461599151e-08
1.311079545454545e+00,4.659090909090909e-01,5.039954787836744e-08,-9.761492907729525e-08
1.330965909090909e+00,4.659090909090909e-01,4.697184288674339e-08,-1.007049315888242e-07
1.350852272727273e+00,4.659090909090909e-01,4.353458704190264e-08,-1.038118924119090e-07
1.370738636363636e+00,4.659090909090909e-01,4.009733119706189e-08,-1.069188532349937e-07
1.390625000000000e+00,4.659090909090909e-01,3.556884714027588e-08,-1.092261866586328e-07
1.410511363636364e+00,4.659090909090909e-01,3.074275538932299e-08,-1.113154398824231e-07
1.430397727272727e+00,4.659090909090909e-01,2.591666363837014e-08,-1.134046931062133e-07
1.450284090909091e+00,4.659090909090909e-01,1.529608555061503e-06,-1.601165892415113e-06
1.470170454545455e+00,4.659090909090909e-01,3.871365992692489e-06,-3.914300395104656e-06
1.490056818181818e+00,4.659090909090909e-01,6.213123430323449e-06,-6.227434897794174e-06
6.349431818181818e-01,4.886363636363636e-01,5.241114257990053e-09,5.131938408278146e-08
6.548295454545454e-01,4.886363636363636e-01,2.942353529952674e-08,2.566946545644884e-08
6.747159090909091e-01,4.886363636363636e-01,5.360595634106344e-08,1.954683011621406e-11
6.946022727272727e-01,4.886363636363636e-01,6.759487319888043e-08,-1.599206041333620e-08
7.144886363636364e-01,4.886363636363636e-01,6.323548252600186e-08,-1.465470716760418e-08
7.343750000000000e-01,4.886363636363636e-01,5.887609185312329e-08,-1.331735392187215e-08
7.542613636363636e-01,4.886363636363636e-01,5.541392758968553e-08,-1.291820841172365e-08
7.741477272727273e-01,4.886363636363636e-01,5.524159349419739e-08,-1.595915793204812e-08
7.940340909090909e-01,4.886363636363636e-01,5.506925939870926e-08,-1.900010745237258e-08
8.139204545454546e-01,4.886363636363636e-01,5.490774748592975e-08,-2.206553959745315e-08
8.338068181818181e-01,4.886363636363636e-01,5.488692394836248e-08,-2.544924586436312e-08
8.536931818181819e-01,4.886363636363636e-01,5.486610041079520e-08,-2.883295213127313e-08
8.735795454545454e-01,4.886363636363636e-01,5.484527687322791e-08,-3.221665839818310e-08
8.934659090909091e-01,4.886363636363636e-01,5.464782719978267e-08,-3.560132427583300e-08
9.133522727272727e-01,4.886363636363636e-01,5.443679090050065e-08,-3.898606396969367e-08
9.332386363636364e-01,4.886363636363636e-01,5.422575460121864e-08,-4.237080366355433e-08
9.531250000000000e-01,4.886363636363636e-01,5.364312907477091e-08,-4.553421899277006e-08
9.730113636363636e-01,4.886363636363636e-01,5.295916103182344e-08,-4.863727313162808e-08
9.928977272727273e-01,4.886363636363636e-01,5.227519298887596e-08,-5.174032727048611e-08
1.012784090909091e+00,4.886363636363636e-01,5.144821704967121e-08,-5.482331749151900e-08
1.032670454545455e+00,4.886363636363636e-01,5.054179227921240e-08,-5.789516109153798e-08
1.052556818181818e+00,4.886363636363636e-01,4.963536750875361e-08,-6.096700469155691e-08
1.072443181818182e+00,4.886363636363636e-01,4.865260033497960e-08,-6.405812898259588e-08
1.092329545454545e+00,4.886363636363636e-01,4.759349075789042e-08,-6.716853396465481e-08
1.112215909090909e+00,4.886363636363636e-01,4.653438118080122e-08,-7.027893894671380e-08
1.132102272727273e+00,4.886363636363636e-01,4.537793139171109e-08,-7.336030592699974e-08
1.151988636363636e+00,4.886363636363636e-01,4.404626922101924e-08,-7.638940450409429e-08
1.171875000000000e+00,4.886363636363636e-01,4.271460705032737e-08,-7.941850308118886e-08
1.191761363636364e+00,4.886363636363636e-01,4.132594290165164e-08,-8.243158100644515e-08
1.211647727272727e+00,4.886363636363636e-01,3.972827150036841e-08,-8.538591654162779e-08
1.231534090909091e+00,4.886363636363636e-01,3.813060009908516e-08,-8.834025207681041e-08
1.251420454545455e+00,4.886363636363636e-01,3.651829719092575e-08,-9.129361654716464e-08
1.271306818181818e+00,4.886363636363636e-01,3.471578469337617e-08,-9.423435717474927e-08
1.291193181818182e+00,4.886363636363636e-01,3.291327219582658e-08,-9.717509780233388e-08
1.311079545454545e+00,4.886363636363636e-01,3.111075969827697e-08,-1.001158384299185e-07
1.330965909090909e+00,4.886363636363636e-01,2.936485213965824e-08,-1.032907697430501e-07
1.350852272727273e+00,4.886363636363636e-01,2.762329880711113e-08,-1.064837157243006e-07
1.370738636363636e+00,4.886363636363636e-01,2.588174547456402e-08,-1.096766617055512e-07
1.390625000000000e+00,4.886363636363636e-01,2.339752989000117e-08,-1.122772102973084e-07
1.410511363636364e+00,4.886363636363636e-01,2.071077005488856e-08,-1.147161959646584e-07
1.430397727272727e+00,4.886363636363636e-01,1.802401021977599e-08,-1.171551816320083e-07
1.450284090909091e+00,4.886363636363636e-01,2.267990377560450e-06,-2.348300896156108e-06
1.470170454545455e+00,4.886363636363636e-01,5.769430704443272e-06,-5.817617015600669e-06
1.490056818181818e+00,4.886363636363636e-01,9.270871031326052e-06,-9.286933135045191e-06
6.349431818181818e-01,5.113636363636364e-01,-4.766970048323817e-08,6.234512531629000e-08
6.548295454545454e-01,5.113636363636364e-01,-1.957803756285544e-08,3.267503025222570e-08
6.747159090909091e-01,5.113636363636364e-01,8.513625357527295e-09,3.004935188161393e-09
6.946022727272727e-01,5.113636363636364e-01,2.504238708369198e-08,-1.566655678701734e-08
7.144886363636364e-01,5.113636363636364e-01,2.075792666026401e-08,-1.454056320220193e-08
7.343750000000000e-01,5.113636363636364e-01,1.647346623683605e-08,-1.341456961738652e-08
7.542613636363636e-01,5.113636363636364e-01,1.307987935714075e-08,-1.318112900091893e-08
7.741477272727273e-01,5.113636363636364e-01,1.295282880446519e-08,-1.622038260172670e-08
7.940340909090909e-01,5.113636363636364e-01,1.282577825178962e-08,-1.925963620253446e-08
8.139204545454546e-01,5.113636363636364e-01,1.271669295859250e-08,-2.231741487102524e-08
8.338068181818181e-01,5.113636363636364e-01,1.284115603861531e-08,-2.561601941939509e-08
8.536931818181819e-01,5.113636363636364e-01,1.296561911863811e-08,-2.891462396776499e-08
8.735795454545454e-01,5.113636363636364e-01,1.309008219866091e-08,-3.221322851613484e-08
8.934659090909091e-01,5.113636363636364e-01,1.335346217630909e-08,-3.565802746879170e-08
9.133522727272727e-01,5.113636363636364e-01,1.362752806915924e-08,-3.911407214485526e-08
9.332386363636364e-01,5.113636363636364e-01,1.390159396200937e-08,-4.257011682091881e-08
9.531250000000000e-01,5.113636363636364e-01,1.395542546318867e-08,-4.581208499556174e-08
9.730113636363636e-01,5.113636363636364e-01,1.394919303936684e-08,-4.899566866981723e-08
9.928977272727273e-01,5.113636363636364e-01,1.394296061554500e-08,-5.217925234407272e-08
1.012784090909091e+00,5.113636363636364e-01,1.386878388675757e-08,-5.529992998720830e-08
1.032670454545455e+00,5.113636363636364e-01,1.375686032187815e-08,-5.838565983527729e-08
1.052556818181818e+00,5.113636363636364e-01,1.364493675699873e-08,-6.147138968334624e-08
1.072443181818182e+00,5.113636363636364e-01,1.355249562915434e-08,-6.458052062588581e-08
1.092329545454545e+00,5.113636363636364e-01,1.347953693834499e-08,-6.771305266289588e-08
1.112215909090909e+00,5.113636363636364e-01,1.340657824753563e-08,-7.084558469990598e-08
1.132102272727273e+00,5.113636363636364e-01,1.330985517476071e-08,-7.395715139596582e-08
1.151988636363636e+00,5.113636363636364e-01,1.317035621444779e-08,-7.703098047831527e-08
1.171875000000000e+00,5.113636363636364e-01,1.303085725413487e-08,-8.010480956066474e-08
1.191761363636364e+00,5.113636363636364e-01,1.287057254808194e-08,-8.315953232189032e-08
1.211647727272727e+00,5.113636363636364e-01,1.263407344098229e-08,-8.614419857232830e-08
1.231534090909091e+00,5.113636363636364e-01,1.239757433388264e-08,-8.912886482276625e-08
1.251420454545455e+00,5.113636363636364e-01,1.215901055494293e-08,-9.211202620956913e-08
1.271306818181818e+00,5.113636363636364e-01,1.189360604208243e-08,-9.507562436911546e-08
1.291193181818182e+00,5.113636363636364e-01,1.162820152922193e-08,-9.803922252866178e-08
1.311079545454545e+00,5.113636363636364e-01,1.136279701636142e-08,-1.010028206882081e-07
1.330965909090909e+00,5.113636363636364e-01,1.133939963628787e-08,-1.042157034872016e-07
1.350852272727273e+00,5.113636363636364e-01,1.133461818950563e-08,-1.074477620276909e-07
1.370738636363636e+00,5.113636363636364e-01,1.132983674272339e-08,-1.106798205681802e-07
1.390625000000000e+00,5.113636363636364e-01,1.093577001696551e-08,-1.135287517199453e-07
1.410511363636364e+00,5.113636363636364e-01,1.043553457875972e-08,-1.162731935838766e-07
1.430397727272727e+00,5.113636363636364e-01,9.935299140553936e-09,-1.190176354478078e-07
1.450284090909091e+00,5.113636363636364e-01,3.007530676715794e-06,-3.095222500284673e-06
1.470170454545455e+00,5.113636363636364e-01,7.670734728187451e-06,-7.723349822328781e-06
1.490056818181818e+00,5.113636363636364e-01,1.233393877965905e-05,-1.235147714437284e-05
6.349431818181818e-01,5.340909090909091e-01,-1.015618623418647e-07,7.329124246016793e-08
6.548295454545454e-01,5.340909090909091e-01,-6.968751607585183e-08,3.975306541645510e-08
6.747159090909091e-01,5.340909090909091e-01,-3.781316980983892e-08,6.214888372742271e-09
6.946022727272727e-01,5.340909090909091e-01,-1.879294894497725e-08,-1.503287436140950e-08
7.144886363636364e-01,5.340909090909091e-01,-2.291015380218792e-08,-1.415789133835125e-08
7.343750000000000e-01,5.340909090909091e-01,-2.702735865939860e-08,-1.328290831529300e-08
7.542613636363636e-01,5.340909090909091e-01,-3.026510573727815e-08,-1.324900486129896e-08
7.741477272727273e-01,5.340909090909091e-01,-3.027817429094359e-08,-1.629905982720702e-08
7.940340909090909e-01,5.340909090909091e-01,-3.029124284460902e-08,-1.934911479311508e-08
8.139204545454546e-01,5.340909090909091e-01,-3.028849757143584e-08,-2.240219084910606e-08
8.338068181818181e-01,5.340909090909091e-01,-3.008017254936055e-08,-2.549454107617491e-08
8.536931818181819e-01,5.340909090909091e-01,-2.987184752728527e-08,-2.858689130324380e-08
8.735795454545454e-01,5.340909090909091e-01,-2.966352250521000e-08,-3.167924153031266e-08
8.934659090909091e-01,5.340909090909091e-01,-2.895148784553846e-08,-3.510899581715084e-08
9.133522727272727e-01,5.340909090909091e-01,-2.820070629066722e-08,-3.856470426243280e-08
9.332386363636364e-01,5.340909090909091e-01,-2.744992473579597e-08,-4.202041270771477e-08
9.531250000000000e-01,5.340909090909091e-01,-2.672467253854873e-08,-4.530987169105948e-08
9.730113636363636e-01,5.340909090909091e-01,-2.600638289338078e-08,-4.855398991205764e-08
9.928977272727273e-01,5.340909090909091e-01,-2.528809324821283e-08,-5.179810813305582e-08
1.012784090909091e+00,5.340909090909091e-01,-2.457717511853392e-08,-5.491972020776550e-08
1.032670454545455e+00,5.340909090909091e-01,-2.387035227523779e-08,-5.797327331231495e-08
1.052556818181818e+00,5.340909090909091e-01,-2.316352943194168e-08,-6.102682641686437e-08
1.072443181818182e+00,5.340909090909091e-01,-2.234760468577347e-08,-6.409993226699692e-08
1.092329545454545e+00,5.340909090909091e-01,-2.142257803673317e-08,-6.719259086271254e-08
1.112215909090909e+00,5.340909090909091e-01,-2.049755138769286e-08,-7.028524945842822e-08
1.132102272727273e+00,5.340909090909091e-01,-1.951716021291521e-08,-7.336930889609866e-08
1.151988636363636e+00,5.340909090909091e-01,-1.843711289181034e-08,-7.643788984928777e-08
1.171875000000000e+00,5.340909090909091e-01,-1.735706557070545e-08,-7.950647080247692e-08
1.191761363636364e+00,5.340909090909091e-01,-1.625977306785098e-08,-8.255391872714869e-08
1.211647727272727e+00,5.340909090909091e-01,-1.509924823191470e-08,-8.552387888059005e-08
1.231534090909091e+00,5.340909090909091e-01,-1.393872339597842e-08,-8.849383903403140e-08
1.251420454545455e+00,5.340909090909091e-01,-1.276768033016180e-08,-9.146152468059761e-08
1.271306818181818e+00,5.340909090909091e-01,-1.145990027590095e-08,-9.439964173778639e-08
1.291193181818182e+00,5.340909090909091e-01,-1.015212022164010e-08,-9.733775879497518e-08
1.311079545454545e+00,5.340909090909091e-01,-8.844340167379240e-09,-1.002758758521640e-07
1.330965909090909e+00,5.340909090909091e-01,-7.104514623367720e-09,-1.034797328212786e-07
1.350852272727273e+00,5.340909090909091e-01,-5.331454810913864e-09,-1.067040313220797e-07
1.370738636363636e+00,5.340909090909091e-01,-3.558394998460007e-09,-1.099283298228809e-07
1.390625000000000e+00,5.340909090909091e-01,-1.816432478831099e-09,-1.129808109265437e-07
1.410511363636364e+00,5.340909090909091e-01,-8.295103906354644e-11,-1.159864327400777e-07
1.430397727272727e+00,5.340909090909091e-01,1.650530400703988e-09,-1.189920545536118e-07
1.450284090909091e+00,5.340909090909091e-01,3.748229452527534e-06,-3.841930704800804e-06
1.470170454545455e+00,5.340909090909091e-01,9.575278063925025e-06,-9.631498815288992e-06
1.490056818181818e+00,5.340909090909091e-01,1.540232667532245e-05,-1.542106692577711e-05
6.349431818181818e-01,5.568181818181819e-01,-1.554540242004916e-07,8.423735960404591e-08
6.548295454545454e-01,5.568181818181819e-01,-1.197969945888484e-07,4.683110058068454e-08
6.747159090909091e-01,5.568181818181819e-01,-8.413996497720535e-08,9.424841557323162e-09
6.946022727272727e-01,5.568181818181819e-01,-6.262828497364667e-08,-1.439919193580166e-08
7.144886363636364e-01,5.568181818181819e-01,-6.657823426464007e-08,-1.377521947450058e-08
7.343750000000000e-01,5.568181818181819e-01,-7.052818355563345e-08,-1.315124701319949e-08
7.542613636363636e-01,5.568181818181819e-01,-7.361009083169726e-08,-1.331688072167900e-08
7.741477272727273e-01,5.568181818181819e-01,-7.350917738635257e-08,-1.637773705268735e-08
7.940340909090909e-01,5.568181818181819e-01,-7.340826394100787e-08,-1.943859338369570e-08
8.139204545454546e-01,5.568181818181819e-01,-7.329368810146438e-08,-2.248696682718687e-08
8.338068181818181e-01,5.568181818181819e-01,-7.300150113733665e-08,-2.537306273295473e-08
8.536931818181819e-01,5.568181818181819e-01,-7.270931417320887e-08,-2.825915863872262e-08
8.735795454545454e-01,5.568181818181819e-01,-7.241712720908111e-08,-3.114525454449047e-08
8.934659090909091e-01,5.568181818181819e-01,-7.125643786738623e-08,-3.455996416550996e-08
9.133522727272727e-01,5.568181818181819e-01,-7.002894065049386e-08,-3.801533638001035e-08
9.332386363636364e-01,5.568181818181819e-01,-6.880144343360151e-08,-4.147070859451073e-08
9.531250000000000e-01,5.568181818181819e-01,-6.740477054028636e-08,-4.480765838655721e-08
9.730113636363636e-01,5.568181818181819e-01,-6.596195882612860e-08,-4.811231115429806e-08
9.928977272727273e-01,5.568181818181819e-01,-6.451914711197085e-08,-5.141696392203891e-08
1.012784090909091e+00,5.568181818181819e-01,-6.302313412382558e-08,-5.453951042832269e-08
1.032670454545455e+00,5.568181818181819e-01,-6.149756487235393e-08,-5.756088678935260e-08
1.052556818181818e+00,5.568181818181819e-01,-5.997199562088228e-08,-6.058226315038246e-08
1.072443181818182e+00,5.568181818181819e-01,-5.824770500070145e-08,-6.361934390810803e-08
1.092329545454545e+00,5.568181818181819e-01,-5.632469301181149e-08,-6.667212906252921e-08
1.112215909090909e+00,5.568181818181819e-01,-5.440168102292151e-08,-6.972491421695043e-08
1.132102272727273e+00,5.568181818181819e-01,-5.234417560059130e-08,-7.278146639623148e-08
1.151988636363636e+00,5.568181818181819e-01,-5.004458199806862e-08,-7.584479922026026e-08
1.171875000000000e+00,5.568181818181819e-01,-4.774498839554593e-08,-7.890813204428909e-08
1.191761363636364e+00,5.568181818181819e-01,-4.539011868378404e-08,-8.194830513240705e-08
1.211647727272727e+00,5.568181818181819e-01,-4.283256990481182e-08,-8.490355918885178e-08
1.231534090909091e+00,5.568181818181819e-01,-4.027502112583961e-08,-8.785881324529655e-08
1.251420454545455e+00,5.568181818181819e-01,-3.769437121526665e-08,-9.081102315162609e-08
1.271306818181818e+00,5.568181818181819e-01,-3.481340659388444e-08,-9.372365910645733e-08
1.291193181818182e+00,5.568181818181819e-01,-3.193244197250223e-08,-9.663629506128858e-08
1.311079545454545e+00,5.568181818181819e-01,-2.905147735111999e-08,-9.954893101611983e-08
1.330965909090909e+00,5.568181818181819e-01,-2.554842888302341e-08,-1.027437621553556e-07
1.350852272727273e+00,5.568181818181819e-01,-2.199752781133344e-08,-1.059603006164686e-07
1.370738636363636e+00,5.568181818181819e-01,-1.844662673964348e-08,-1.091768390775816e-07
1.390625000000000e+00,5.568181818181819e-01,-1.456863497462777e-08,-1.124328701331419e-07
1.410511363636364e+00,5.568181818181819e-01,-1.060143665688686e-08,-1.156996718962789e-07
1.430397727272727e+00,5.568181818181819e-01,-6.634238339146002e-09,-1.189664736594158e-07
1.450284090909091e+00,5.568181818181819e-01,4.488928228339277e-06,-4.588638909316939e-06
1.470170454545455e+00,5.568181818181819e-01,1.147982139966261e-05,-1.153964780824921e-05
1.490056818181818e+00,5.568181818181819e-01,1.847071457098587e-05,-1.849065670718140e-05
6.349431818181818e-01,5.795454545454546e-01,-2.097117288662810e-07,9.414823511157090e-08
6.548295454545454e-01,5.795454545454546e-01,-1.706501394508416e-07,5.329138589456604e-08
6.747159090909091e-01,5.795454545454546e-01,-1.315885500354022e-07,1.243453667756119e-08
6.946022727272727e-01,5.795454545454546e-01,-1.079290085316549e-07,-1.356788411818145e-08
7.144886363636364e-01,5.795454545454546e-01,-1.119931532689536e-07,-1.283233375565197e-08
7.343750000000000e-01,5.795454545454546e-01,-1.160572980062524e-07,-1.209678339312249e-08
7.542613636363636e-01,5.795454545454546e-01,-1.191245098981215e-07,-1.223855223771481e-08
7.741477272727273e-01,5.795454545454546e-01,-1.185363013567491e-07,-1.559715817508709e-08
7.940340909090909e-01,5.795454545454546e-01,-1.179480928153766e-07,-1.895576411245937e-08
8.139204545454546e-01,5.795454545454546e-01,-1.173692445572291e-07,-2.226513855383681e-08
8.338068181818181e-01,5.795454545454546e-01,-1.169120799810052e-07,-2.493450354728148e-08
8.536931818181819e-01,5.795454545454546e-01,-1.164549154047813e-07,-2.760386854072618e-08
8.735795454545454e-01,5.795454545454546e-01,-1.159977508285575e-07,-3.027323353417084e-08
8.934659090909091e-01,5.795454545454546e-01,-1.145415412456834e-07,-3.342331776825615e-08
9.133522727272727e-01,5.795454545454546e-01,-1.130084820469131e-07,-3.661038040546767e-08
9.332386363636364e-01,5.795454545454546e-01,-1.114754228481429e-07,-3.979744304267919e-08
9.531250000000000e-01,5.795454545454546e-01,-1.094378259010458e-07,-4.305046008775535e-08
9.730113636363636e-01,5.795454545454546e-01,-1.072626277498595e-07,-4.632146469861277e-08
9.928977272727273e-01,5.795454545454546e-01,-1.050874295986733e-07,-4.959246930947020e-08
1.012784090909091e+00,5.795454545454546e-01,-1.027459048314529e-07,-5.267095962143485e-08
1.032670454545455e+00,5.795454545454546e-01,-1.003119763886581e-07,-5.564249754512581e-08
1.052556818181818e+00,5.795454545454546e-01,-9.787804794586320e-08,-5.861403546881673e-08
1.072443181818182e+00,5.795454545454546e-01,-9.518506209676287e-08,-6.156553230942577e-08
1.092329545454545e+00,5.795454545454546e-01,-9.223301884135710e-08,-6.449698806695291e-08
1.112215909090909e+00,5.795454545454546e-01,-8.928097558595130e-08,-6.742844382448007e-08
1.132102272727273e+00,5.795454545454546e-01,-8.611694498762349e-08,-7.037253086108179e-08
1.151988636363636e+00,5.795454545454546e-01,-8.257133717203592e-08,-7.333935420001780e-08
1.171875000000000e+00,5.795454545454546e-01,-7.902572935644832e-08,-7.630617753895382e-08
1.191761363636364e+00,5.795454545454546e-01,-7.537928625005979e-08,-7.925422253038049e-08
1.211647727272727e+00,5.795454545454546e-01,-7.136311374406788e-08,-8.213341358093960e-08
1.231534090909091e+00,5.795454545454546e-01,-6.734694123807596e-08,-8.501260463149869e-08
1.251420454545455e+00,5.795454545454546e-01,-6.329631338784185e-08,-8.788637981353050e-08
1.271306818181818e+00,5.795454545454546e-01,-5.879776606245988e-08,-9.068974870470719e-08
1.291193181818182e+00,5.795454545454546e-01,-5.429921873707792e-08,-9.349311759588387e-08
1.311079545454545e+00,5.795454545454546e-01,-4.980067141169590e-08,-9.629648648706060e-08
1.330965909090909e+00,5.795454545454546e-01,-4.449005996835033e-08,-9.939359373019612e-08
1.350852272727273e+00,5.795454545454546e-01,-3.911698205439221e-08,-1.025132962311746e-07
1.370738636363636e+00,5.795454545454546e-01,-3.374390414043412e-08,-1.056329987321531e-07
1.390625000000000e+00,5.795454545454546e-01,-2.765618184038837e-08,-1.090287622787532e-07
1.410511363636364e+00,5.795454545454546e-01,-2.137355652595510e-08,-1.124998152014320e-07
1.430397727272727e+00,5.795454545454546e-01,-1.509093121152191e-08,-1.159708681241107e-07
1.450284090909091e+00,5.795454545454546e-01,5.243932460673823e-06,-5.347387422534056e-06
1.470170454545455e+00,5.795454545454546e-01,1.342114516732089e-05,-1.348321814443703e-05
1.490056818181818e+00,5.795454545454546e-01,2.159835787396786e-05,-2.161904886633991e-05
6.349431818181818e-01,6.022727272727273e-01,-2.640912811344582e-07,1.037140300736449e-07
6.548295454545454e-01,6.022727272727273e-01,-2.217511730958337e-07,5.954575459166492e-08
6.747159090909091e-01,6.022727272727273e-01,-1.794110650572092e-07,1.537747910968494e-08
6.946022727272727e-01,6.022727272727273e-01,-1.537181945994428e-07,-1.267070116989044e-08
7.144886363636364e-01,6.022727272727273e-01,-1.579903517872210e-07,-1.170271008513739e-08
7.343750000000000e-01,6.022727272727273e-01,-1.622625089749993e-07,-1.073471900038433e-08
7.542613636363636e-01,6.022727272727273e-01,-1.653620736218809e-07,-1.077815563896923e-08
7.741477272727273e-01,6.022727272727273e-01,-1.641621322854748e-07,-1.453016059645998e-08
7.940340909090909e-01,6.022727272727273e-01,-1.629621909490687e-07,-1.828216555395073e-08
8.139204545454546e-01,6.022727272727273e-01,-1.618015896549058e-07,-2.194110886334314e-08
8.338068181818181e-01,6.022727272727273e-01,-1.611524089099046e-07,-2.439025074745722e-08
8.536931818181819e-01,6.022727272727273e-01,-1.605032281649035e-07,-2.683939263157132e-08
8.735795454545454e-01,6.022727272727273e-01,-1.598540474199024e-07,-2.928853451568540e-08
8.934659090909091e-01,6.022727272727273e-01,-1.581533624094638e-07,-3.209079978913137e-08
9.133522727272727e-01,6.022727272727273e-01,-1.563717924555300e-07,-3.492022840021825e-08
9.332386363636364e-01,6.022727272727273e-01,-1.545902225015963e-07,-3.774965701130513e-08
9.531250000000000e-01,6.022727272727273e-01,-1.519218670481459e-07,-4.087493345752029e-08
9.730113636363636e-01,6.022727272727273e-01,-1.490116610039182e-07,-4.408089567695225e-08
9.928977272727273e-01,6.022727272727273e-01,-1.461014549596906e-07,-4.728685789638422e-08
1.012784090909091e+00,6.022727272727273e-01,-1.428942794398589e-07,-5.030629513873201e-08
1.032670454545455e+00,6.022727272727273e-01,-1.395221208780249e-07,-5.322210739381087e-08
1.052556818181818e+00,6.022727272727273e-01,-1.361499623161909e-07,-5.613791964888970e-08
1.072443181818182e+00,6.022727272727273e-01,-1.324681714532021e-07,-5.898731296414575e-08
1.092329545454545e+00,6.022727272727273e-01,-1.284767482890585e-07,-6.177028733957895e-08
1.112215909090909e+00,6.022727272727273e-01,-1.244853251249149e-07,-6.455326171501217e-08
1.132102272727273e+00,6.022727272727273e-01,-1.202049657077744e-07,-6.735656431417129e-08
1.151988636363636e+00,6.022727272727273e-01,-1.154045210352396e-07,-7.019645771603699e-08
1.171875000000000e+00,6.022727272727273e-01,-1.106040763627048e-07,-7.303635111790273e-08
1.191761363636364e+00,6.022727272727273e-01,-1.056547277997832e-07,-7.586398359259235e-08
1.211647727272727e+00,6.022727272727273e-01,-1.001593983054436e-07,-7.864665933430276e-08
1.231534090909091e+00,6.022727272727273e-01,-9.466406881110407e-08,-8.142933507601317e-08
1.251420454545455e+00,6.022727272727273e-01,-8.912333932290721e-08,-8.420368920572690e-08
1.271306818181818e+00,6.022727272727273e-01,-8.299240991456602e-08,-8.686986237948339e-08
1.291193181818182e+00,6.022727272727273e-01,-7.686148050622483e-08,-8.953603555323984e-08
1.311079545454545e+00,6.022727272727273e-01,-7.073055109788358e-08,-9.220220872699637e-08
1.330965909090909e+00,6.022727272727273e-01,-6.359759666223435e-08,-9.517202605195786e-08
1.350852272727273e+00,6.022727272727273e-01,-5.638756337833074e-08,-9.816520061931971e-08
1.370738636363636e+00,6.022727272727273e-01,-4.917753009442714e-08,-1.011583751866816e-07
1.390625000000000e+00,6.022727272727273e-01,-4.085551016280362e-08,-1.046725987373688e-07
1.410511363636364e+00,6.022727272727273e-01,-3.223022114543832e-08,-1.083289265562357e-07
1.430397727272727e+00,6.022727272727273e-01,-2.360493212807313e-08,-1.119852543751026e-07
1.450284090909091e+00,6.022727272727273e-01,6.003705178515972e-06,-6.110149371984833e-06
1.470170454545455e+00,6.022727272727273e-01,1.537472907895273e-05,-1.543859559503405e-05
1.490056818181818e+00,6.022727272727273e-01,2.474575297938939e-05,-2.476704181808316e-05
6.349431818181818e-01,6.250000000000000e-01,-3.184708334026353e-07,1.132798250357189e-07
6.548295454545454e-01,6.250000000000000e-01,-2.728522067408257e-07,6.580012328876379e-08
6.747159090909091e-01,6.250000000000000e-01,-2.272335800790162e-07,1.832042154180869e-08
6.946022727272727e-01,6.250000000000000e-01,-1.995073806672306e-07,-1.177351822159943e-08
7.144886363636364e-01,6.250000000000000e-01,-2.039875503054885e-07,-1.057308641462280e-08
7.343750000000000e-01,6.250000000000000e-01,-2.084677199437463e-07,-9.372654607646169e-09
7.542613636363636e-01,6.250000000000000e-01,-2.115996373456403e-07,-9.317759040223650e-09
7.741477272727273e-01,6.250000000000000e-01,-2.097879632142005e-07,-1.346316301783287e-08
7.940340909090909e-01,6.250000000000000e-01,-2.079762890827608e-07,-1.760856699544209e-08
8.139204545454546e-01,6.250000000000000e-01,-2.062339347525825e-07,-2.161707917284946e-08
8.338068181818181e-01,6.250000000000000e-01,-2.053927378388041e-07,-2.384599794763296e-08
8.536931818181819e-01,6.250000000000000e-01,-2.045515409250256e-07,-2.607491672241647e-08
8.735795454545454e-01,6.250000000000000e-01,-2.037103440112472e-07,-2.830383549719996e-08
8.934659090909091e-01,6.250000000000000e-01,-2.017651835732441e-07,-3.075828181000659e-08
9.133522727272727e-01,6.250000000000000e-01,-1.997351028641469e-07,-3.323007639496883e-08
9.332386363636364e-01,6.250000000000000e-01,-1.977050221550497e-07,-3.570187097993108e-08
9.531250000000000e-01,6.250000000000000e-01,-1.944059081952460e-07,-3.869940682728524e-08
9.730113636363636e-01,6.250000000000000e-01,-1.907606942579769e-07,-4.184032665529174e-08
9.928977272727273e-01,6.250000000000000e-01,-1.871154803207079e-07,-4.498124648329824e-08
1.012784090909091e+00,6.250000000000000e-01,-1.830426540482649e-07,-4.794163065602917e-08
1.032670454545455e+00,6.250000000000000e-01,-1.787322653673918e-07,-5.080171724249594e-08
1.052556818181818e+00,6.250000000000000e-01,-1.744218766865187e-07,-5.366180382896268e-08
1.072443181818182e+00,6.250000000000000e-01,-1.697512808096414e-07,-5.640909361886572e-08
1.092329545454545e+00,6.250000000000000e-01,-1.647204777367599e-07,-5.904358661220499e-08
1.112215909090909e+00,6.250000000000000e-01,-1.596896746638784e-07,-6.167807960554429e-08
1.132102272727273e+00,6.250000000000000e-01,-1.542929864279253e-07,-6.434059776726076e-08
1.151988636363636e+00,6.250000000000000e-01,-1.482377048984433e-07,-6.705356123205620e-08
1.171875000000000e+00,6.250000000000000e-01,-1.421824233689612e-07,-6.976652469685166e-08
1.191761363636364e+00,6.250000000000000e-01,-1.359301693495065e-07,-7.247374465480420e-08
1.211647727272727e+00,6.250000000000000e-01,-1.289556828668194e-07,-7.515990508766592e-08
1.231534090909091e+00,6.250000000000000e-01,-1.219811963841322e-07,-7.784606552052765e-08
1.251420454545455e+00,6.250000000000000e-01,-1.149503652579725e-07,-8.052099859792331e-08
1.271306818181818e+00,6.250000000000000e-01,-1.071870537666722e-07,-8.304997605425957e-08
1.291193181818182e+00,6.250000000000000e-01,-9.942374227537174e-08,-8.557895351059583e-08
1.311079545454545e+00,6.250000000000000e-01,-9.166043078407125e-08,-8.810793096693212e-08
1.330965909090909e+00,6.250000000000000e-01,-8.270513335611837e-08,-9.095045837371960e-08
1.350852272727273e+00,6.250000000000000e-01,-7.365814470226928e-08,-9.381710500746483e-08
1.370738636363636e+00,6.250000000000000e-01,-6.461115604842017e-08,-9.668375164121006e-08
1.390625000000000e+00,6.250000000000000e-01,-5.405483848521888e-08,-1.003164351959844e-07
1.410511363636364e+00,6.250000000000000e-01,-4.308688576492155e-08,-1.041580379110395e-07
1.430397727272727e+00,6.250000000000000e-01,-3.211893304462434e-08,-1.079996406260945e-07
1.450284090909091e+00,6.250000000000000e-01,6.763477896358120e-06,-6.872911321435612e-06
1.470170454545455e+00,6.250000000000000e-01,1.732831299058458e-05,-1.739397304563107e-05
1.490056818181818e+00,6.250000000000000e-01,2.789314808481092e-05,-2.791503476982642e-05
6.349431818181818e-01,6.477272727272727e-01,-3.739515794612399e-07,1.223323078314195e-07
6.548295454545454e-01,6.477272727272727e-01,-3.239405178130177e-07,7.048111511913534e-08
6.747159090909091e-01,6.477272727272727e-01,-2.739294561647955e-07,1.862992240685121e-08
6.946022727272727e-01,6.477272727272727e-01,-2.439363364996703e-07,-1.366914185282568e-08
7.144886363636364e-01,6.477272727272727e-01,-2.499755124041204e-07,-1.077437489780934e-08
7.343750000000000e-01,6.477272727272727e-01,-2.560146883085704e-07,-7.879607942792997e-09
7.542613636363636e-01,6.477272727272727e-01,-2.603001981966562e-07,-6.492764206036664e-09
7.741477272727273e-01,6.477272727272727e-01,-2.581555993580733e-07,-1.063497226956702e-08
7.940340909090909e-01,6.477272727272727e-01,-2.560110005194905e-07,-1.477718033309738e-08
8.139204545454546e-01,6.477272727272727e-01,-2.538918245660090e-07,-1.881205124548966e-08
8.338068181818181e-01,6.477272727272727e-01,-2.521031461188457e-07,-2.145153919308692e-08
8.536931818181819e-01,6.477272727272727e-01,-2.503144676716823e-07,-2.409102714068420e-08
8.735795454545454e-01,6.477272727272727e-01,-2.485257892245189e-07,-2.673051508828145e-08
8.934659090909091e-01,6.477272727272727e-01,-2.462399396470924e-07,-2.880228870767659e-08
9.133522727272727e-01,6.477272727272727e-01,-2.439158461365686e-07,-3.083039199413309e-08
9.332386363636364e-01,6.477272727272727e-01,-2.415917526260449e-07,-3.285849528058960e-08
9.531250000000000e-01,6.477272727272727e-01,-2.378300693847983e-07,-3.542313137138227e-08
9.730113636363636e-01,6.477272727272727e-01,-2.336763162169909e-07,-3.813409459063025e-08
9.928977272727273e-01,6.477272727272727e-01,-2.295225630491834e-07,-4.084505780987823e-08
1.012784090909091e+00,6.477272727272727e-01,-2.246461130809958e-07,-4.354148943518947e-08
1.032670454545455e+00,6.477272727272727e-01,-2.193681648903748e-07,-4.622984795275811e-08
1.052556818181818e+00,6.477272727272727e-01,-2.140902166997537e-07,-4.891820647032671e-08
1.072443181818182e+00,6.477272727272727e-01,-2.083616378690481e-07,-5.148379576572106e-08
1.092329545454545e+00,6.477272727272727e-01,-2.021824283982581e-07,-5.392661583894108e-08
1.112215909090909e+00,6.477272727272727e-01,-1.960032189274679e-07,-5.636943591216114e-08
1.132102272727273e+00,6.477272727272727e-01,-1.894133572375880e-07,-5.881333687429472e-08
1.151988636363636e+00,6.477272727272727e-01,-1.820843215533465e-07,-6.125918343647264e-08
1.171875000000000e+00,6.477272727272727e-01,-1.747552858691049e-07,-6.370502999865063e-08
1.191761363636364e+00,6.477272727272727e-01,-1.671706891244887e-07,-6.616069482309621e-08
1.211647727272727e+00,6.477272727272727e-01,-1.586490351584993e-07,-6.865235994252300e-08
1.231534090909091e+00,6.477272727272727e-01,-1.501273811925098e-07,-7.114402506194978e-08
1.251420454545455e+00,6.477272727272727e-01,-1.415338586526083e-07,-7.362564448925271e-08
1.271306818181818e+00,6.477272727272727e-01,-1.320060446518518e-07,-7.597666991894502e-08
1.291193181818182e+00,6.477272727272727e-01,-1.224782306510954e-07,-7.832769534863734e-08
1.311079545454545e+00,6.477272727272727e-01,-1.129504166503388e-07,-8.067872077832966e-08
1.330965909090909e+00,6.477272727272727e-01,-1.021446496218735e-07,-8.324281377726824e-08
1.350852272727273e+00,6.477272727272727e-01,-9.124057851435374e-08,-8.582329658922569e-08
1.370738636363636e+00,6.477272727272727e-01,-8.033650740683403e-08,-8.840377940118316e-08
1.390625000000000e+00,6.477272727272727e-01,-6.749999883640216e-08,-9.201564274965963e-08
1.410511363636364e+00,6.477272727272727e-01,-5.413646186699430e-08,-9.590879169900494e-08
1.430397727272727e+00,6.477272727272727e-01,-4.077292489758657e-08,-9.980194064835019e-08
1.450284090909091e+00,6.477272727272727e-01,7.525376139699246e-06,-7.634506604332359e-06
1.470170454545455e+00,6.477272727272727e-01,1.928751716408923e-05,-1.935299544286911e-05
1.490056818181818e+00,6.477272727272727e-01,3.104965818847910e-05,-3.107148428140572e-05
6.349431818181818e-01,6.704545454545455e-01,-4.294323255198448e-07,1.313847906271202e-07
6.548295454545454e-01,6.704545454545455e-01,-3.750288288852099e-07,7.516210694950694e-08
6.747159090909091e-01,6.704545454545455e-01,-3.206253322505749e-07,1.893942327189373e-08
6.946022727272727e-01,6.704545454545455e-01,-2.883652923321103e-07,-1.556476548405195e-08
7.144886363636364e-01,6.704545454545455e-01,-2.959634745027526e-07,-1.097566338099588e-08
7.343750000000000e-01,6.704545454545455e-01,-3.035616566733947e-07,-6.386561277939818e-09
7.542613636363636e-01,6.704545454545455e-01,-3.090007590476724e-07,-3.667769371849663e-09
7.741477272727273e-01,6.704545454545455e-01,-3.065232355019464e-07,-7.806781521301168e-09
7.940340909090909e-01,6.704545454545455e-01,-3.040457119562204e-07,-1.194579367075267e-08
8.139204545454546e-01,6.704545454545455e-01,-3.015497143794357e-07,-1.600702331812985e-08
8.338068181818181e-01,6.704545454545455e-01,-2.988135543988874e-07,-1.905708043854086e-08
8.536931818181819e-01,6.704545454545455e-01,-2.960773944183392e-07,-2.210713755895191e-08
8.735795454545454e-01,6.704545454545455e-01,-2.933412344377908e-07,-2.515719467936293e-08
8.934659090909091e-01,6.704545454545455e-01,-2.907146957209408e-07,-2.684629560534658e-08
9.133522727272727e-01,6.704545454545455e-01,-2.880965894089906e-07,-2.843070759329735e-08
9.332386363636364e-01,6.704545454545455e-01,-2.854784830970404e-07,-3.001511958124811e-08
9.531250000000000e-01,6.704545454545455e-01,-2.812542305743508e-07,-3.214685591547928e-08
9.730113636363636e-01,6.704545454545455e-01,-2.765919381760050e-07,-3.442786252596875e-08
9.928977272727273e-01,6.704545454545455e-01,-2.719296457776592e-07,-3.670886913645820e-08
1.012784090909091e+00,6.704545454545455e-01,-2.662495721137270e-07,-3.914134821434973e-08
1.032670454545455e+00,6.704545454545455e-01,-2.600040644133580e-07,-4.165797866302024e-08
1.052556818181818e+00,6.704545454545455e-01,-2.537585567129891e-07,-4.417460911169071e-08
1.072443181818182e+00,6.704545454545455e-01,-2.469719949284551e-07,-4.655849791257637e-08
1.092329545454545e+00,6.704545454545455e-01,-2.396443790597563e-07,-4.880964506567716e-08
1.112215909090909e+00,6.704545454545455e-01,-2.323167631910575e-07,-5.106079221877797e-08
1.132102272727273e+00,6.704545454545455e-01,-2.245337280472508e-07,-5.328607598132863e-08
1.151988636363636e+00,6.704545454545455e-01,-2.159309382082499e-07,-5.546480564088908e-08
1.171875000000000e+00,6.704545454545455e-01,-2.073281483692488e-07,-5.764353530044955e-08
1.191761363636364e+00,6.704545454545455e-01,-1.984112088994712e-07,-5.984764499138819e-08
1.211647727272727e+00,6.704545454545455e-01,-1.883423874501794e-07,-6.214481479738003e-08
1.231534090909091e+00,6.704545454545455e-01,-1.782735660008875e-07,-6.444198460337187e-08
1.251420454545455e+00,6.704545454545455e-01,-1.681173520472441e-07,-6.673029038058206e-08
1.271306818181818e+00,6.704545454545455e-01,-1.568250355370316e-07,-6.890336378363043e-08
1.291193181818182e+00,6.704545454545455e-01,-1.455327190268191e-07,-7.107643718667880e-08
1.311079545454545e+00,6.704545454545455e-01,-1.342404025166064e-07,-7.324951058972719e-08
1.330965909090909e+00,6.704545454545455e-01,-1.215841658876287e-07,-7.553516918081682e-08
1.350852272727273e+00,6.704545454545455e-01,-1.088230123264383e-07,-7.782948817098652e-08
1.370738636363636e+00,6.704545454545455e-01,-9.606185876524796e-08,-8.012380716115622e-08
1.390625000000000e+00,6.704545454545455e-01,-8.094515918758553e-08,-8.371485030333481e-08
1.410511363636364e+00,6.704545454545455e-01,-6.518603796906709e-08,-8.765954548697039e-08
1.430397727272727e+00,6.704545454545455e-01,-4.942691675054883e-08,-9.160424067060591e-08
1.450284090909091e+00,6.704545454545455e-01,8.287274383040376e-06,-8.396101887229111e-06
1.470170454545455e+00,6.704545454545455e-01,2.124672133759391e-05,-2.131201784010715e-05
1.490056818181818e+00,6.704545454545455e-01,3.420616829214730e-05,-3.422793379298504e-05
6.349431818181818e-01,6.931818181818182e-01,-4.868107741629205e-07,1.419942376319433e-07
6.548295454545454e-01,6.931818181818182e-01,-4.271851134887169e-07,8.058412241307276e-08
6.747159090909091e-01,6.931818181818182e-01,-3.675594528145133e-07,1.917400719420223e-08
6.946022727272727e-01,6.931818181818182e-01,-3.324222088304166e-07,-1.812659184383954e-08
7.144886363636364e-01,6.931818181818182e-01,-3.413641148885124e-07,-1.203006175638928e-08
7.343750000000000e-01,6.931818181818182e-01,-3.503060209466082e-07,-5.933531668939008e-09
7.542613636363636e-01,6.931818181818182e-01,-3.568468944743628e-07,-1.905873286211636e-09
7.741477272727273e-01,6.931818181818182e-01,-3.545839820575326e-07,-5.464077820801530e-09
7.940340909090909e-01,6.931818181818182e-01,-3.523210696407024e-07,-9.022282355391422e-09
8.139204545454546e-01,6.931818181818182e-01,-3.499567043812880e-07,-1.257121945736054e-08
8.338068181818181e-01,6.931818181818182e-01,-3.462734521682777e-07,-1.599967993525958e-08
8.536931818181819e-01,6.931818181818182e-01,-3.425901999552674e-07,-1.942814041315865e-08
8.735795454545454e-01,6.931818181818182e-01,-3.389069477422571e-07,-2.285660089105769e-08
8.934659090909091e-01,6.931818181818182e-01,-3.357726325970120e-07,-2.429676072351901e-08
9.133522727272727e-01,6.931818181818182e-01,-3.326805433800564e-07,-2.558397435248512e-08
9.332386363636364e-01,6.931818181818182e-01,-3.295884541631007e-07,-2.687118798145122e-08
9.531250000000000e-01,6.931818181818182e-01,-3.248542591472315e-07,-2.858258438207221e-08
9.730113636363636e-01,6.931818181818182e-01,-3.196722170952947e-07,-3.040966699314454e-08
9.928977272727273e-01,6.931818181818182e-01,-3.144901750433580e-07,-3.223674960421687e-08
1.012784090909091e+00,6.931818181818182e-01,-3.080269640209262e-07,-3.434851870894943e-08
1.032670454545455e+00,6.931818181818182e-01,-3.008519924593305e-07,-3.661844697682660e-08
1.052556818181818e+00,6.931818181818182e-01,-2.936770208977347e-07,-3.888837524470374e-08
1.072443181818182e+00,6.931818181818182e-01,-2.858445450682516e-07,-4.104076585400527e-08
1.092329545454545e+00,6.931818181818182e-01,-2.773545649708811e-07,-4.307561880473113e-08
1.112215909090909e+00,6.931818181818182e-01,-2.688645848735106e-07,-4.511047175545701e-08
1.132102272727273e+00,6.931818181818182e-01,-2.598715472313761e-07,-4.709478087492919e-08
1.151988636363636e+00,6.931818181818182e-01,-2.499730060086660e-07,-4.898811109814474e-08
1.171875000000000e+00,6.931818181818182e-01,-2.400744647859559e-07,-5.088144132136029e-08
1.191761363636364e+00,6.931818181818182e-01,-2.298110784790488e-07,-5.280745580315617e-08
1.211647727272727e+00,6.931818181818182e-01,-2.182099268634198e-07,-5.485331256641316e-08
1.231534090909091e+00,6.931818181818182e-01,-2.066087752477908e-07,-5.689916932967016e-08
1.251420454545455e+00,6.931818181818182e-01,-1.949009370666675e-07,-5.894099238321546e-08
1.271306818181818e+00,6.931818181818182e-01,-1.818061735341214e-07,-6.093037721050861e-08
1.291193181818182e+00,6.931818181818182e-01,-1.687114100015752e-07,-6.291976203780174e-08
1.311079545454545e+00,6.931818181818182e-01,-1.556166464690289e-07,-6.490914686509491e-08
1.330965909090909e+00,6.931818181818182e-01,-1.410547027574625e-07,-6.692634829374226e-08
1.350852272727273e+00,6.931818181818182e-01,-1.263798990321254e-07,-6.894568946095529e-08
1.370738636363636e+00,6.931818181818182e-01,-1.117050953067884e-07,-7.096503062816832e-08
1.390625000000000e+00,6.931818181818182e-01,-9.431113672047944e-08,-7.448560362909118e-08
1.410511363636364e+00,6.931818181818182e-01,-7.617559044481454e-08,-7.841560349375314e-08
1.430397727272727e+00,6.931818181818182e-01,-5.804004416914982e-08,-8.234560335841502e-08
1.450284090909091e+00,6.931818181818182e-01,8.999899913246152e-06,-9.107534648094498e-06
1.470170454545455e+00,6.931818181818182e-01,2.307995343240587e-05,-2.314453427331488e-05
1.490056818181818e+00,6.931818181818182e-01,3.716000695156543e-05,-3.718153389853510e-05
6.349431818181818e-01,7.159090909090909e-01,-5.498823305594094e-07,1.572745772641343e-07
6.548295454545454e-01,7.159090909090909e-01,-4.825453186861694e-07,8.822920877622145e-08
6.747159090909091e-01,7.159090909090909e-01,-4.152083068129293e-07,1.918384028830865e-08
6.946022727272727e-01,7.159090909090909e-01,-3.753630073263225e-07,-2.268702638931112e-08
7.144886363636364e-01,7.159090909090909e-01,-3.850027901356562e-07,-1.564378980840318e-08
7.343750000000000e-01,7.159090909090909e-01,-3.946425729449898e-07,-8.600553227495244e-09
7.542613636363636e-01,7.159090909090909e-01,-4.021297536280767e-07,-3.333273446220448e-09
7.741477272727273e-01,7.159090909090909e-01,-4.017240598482589e-07,-4.577835263600494e-09
7.940340909090909e-01,7.159090909090909e-01,-4.013183660684411e-07,-5.822397080980539e-09
8.139204545454546e-01,7.159090909090909e-01,-4.006109949484171e-07,-7.243087796362720e-09
8.338068181818181e-01,7.159090909090909e-01,-3.959818184057139e-07,-1.095345418577256e-08
8.536931818181819e-01,7.159090909090909e-01,-3.913526418630105e-07,-1.466382057518244e-08
8.735795454545454e-01,7.159090909090909e-01,-3.867234653203073e-07,-1.837418696459228e-08
8.934659090909091e-01,7.159090909090909e-01,-3.825801118797520e-07,-1.996660050319874e-08
9.133522727272727e-01,7.159090909090909e-01,-3.784741294470542e-07,-2.139609459174340e-08
9.332386363636364e-01,7.159090909090909e-01,-3.743681470143565e-07,-2.282558868028807e-08
9.531250000000000e-01,7.159090909090909e-01,-3.689818898700972e-07,-2.415432461615285e-08
9.730113636363636e-01,7.159090909090909e-01,-3.632464668954120e-07,-2.545558105583221e-08
9.928977272727273e-01,7.159090909090909e-01,-3.575110439207269e-07,-2.675683749551157e-08
1.012784090909091e+00,7.159090909090909e-01,-3.503261545515301e-07,-2.837762434986735e-08
1.032670454545455e+00,7.159090909090909e-01,-3.423360060742712e-07,-3.017592810126560e-08
1.052556818181818e+00,7.159090909090909e-01,-3.343458575970124e-07,-3.197423185266383e-08
1.072443181818182e+00,7.159090909090909e-01,-3.255036744492172e-07,-3.374573117915491e-08
1.092329545454545e+00,7.159090909090909e-01,-3.158094566308861e-07,-3.549042608073881e-08
1.112215909090909e+00,7.159090909090909e-01,-3.061152388125548e-07,-3.723512098232271e-08
1.132102272727273e+00,7.159090909090909e-01,-2.958617115388891e-07,-3.891138312822963e-08
1.151988636363636e+00,7.159090909090909e-01,-2.846014272456210e-07,-4.046446631391800e-08
1.171875000000000e+00,7.159090909090909e-01,-2.733411429523528e-07,-4.201754949960637e-08
1.191761363636364e+00,7.159090909090909e-01,-2.616889974724125e-07,-4.358584854535206e-08
1.211647727272727e+00,7.159090909090909e-01,-2.486000276413416e-07,-4.520993907797449e-08
1.231534090909091e+00,7.159090909090909e-01,-2.355110578102707e-07,-4.683402961059694e-08
1.251420454545455e+00,7.159090909090909e-01,-2.222847969604539e-07,-4.846986271976095e-08
1.271306818181818e+00,7.159090909090909e-01,-2.072737528669413e-07,-5.025834932396500e-08
1.291193181818182e+00,7.159090909090909e-01,-1.922627087734287e-07,-5.204683592816907e-08
1.311079545454545e+00,7.159090909090909e-01,-1.772516646799160e-07,-5.383532253237315e-08
1.330965909090909e+00,7.159090909090909e-01,-1.606183014395324e-07,-5.561399853479814e-08
1.350852272727273e+00,7.159090909090909e-01,-1.438601444186205e-07,-5.739191987554779e-08
1.370738636363636e+00,7.159090909090909e-01,-1.271019873977086e-07,-5.916984121629745e-08
1.390625000000000e+00,7.159090909090909e-01,-1.074395657985052e-07,-6.247099427109112e-08
1.410511363636364e+00,7.159090909090909e-01,-8.698507204158607e-08,-6.618757415698771e-08
1.430397727272727e+00,7.159090909090909e-01,-6.653057828466715e-08,-6.990415404288425e-08
1.450284090909091e+00,7.159090909090909e-01,9.564707304045881e-06,-9.668479842865803e-06
1.470170454545455e+00,7.159090909090909e-01,2.453526929113974e-05,-2.459753281443169e-05
1.490056818181818e+00,7.159090909090909e-01,3.950583127823344e-05,-3.952658578599742e-05
6.349431818181818e-01,7.386363636363636e-01,-6.129538869558985e-07,1.725549168963252e-07
6.548295454545454e-01,7.386363636363636e-01,-5.379055238836218e-07,9.587429513937013e-08
6.747159090909091e-01,7.386363636363636e-01,-4.628571608113453e-07,1.919367338241508e-08
6.946022727272727e-01,7.386363636363636e-01,-4.183038058222285e-07,-2.724746093478270e-08
7.144886363636364e-01,7.386363636363636e-01,-4.286414653828000e-07,-1.925751786041709e-08
7.343750000000000e-01,7.386363636363636e-01,-4.389791249433715e-07,-1.126757478605148e-08
7.542613636363636e-01,7.386363636363636e-01,-4.474126127817907e-07,-4.760673606229260e-09
7.741477272727273e-01,7.386363636363636e-01,-4.488641376389852e-07,-3.691592706399458e-09
7.940340909090909e-01,7.386363636363636e-01,-4.503156624961797e-07,-2.622511806569657e-09
8.139204545454546e-01,7.386363636363636e-01,-4.512652855155462e-07,-1.914956135364898e-09
8.338068181818181e-01,7.386363636363636e-01,-4.456901846431500e-07,-5.907228436285539e-09
8.536931818181819e-01,7.386363636363636e-01,-4.401150837707537e-07,-9.899500737206224e-09
8.735795454545454e-01,7.386363636363636e-01,-4.345399828983574e-07,-1.389177303812686e-08
8.934659090909091e-01,7.386363636363636e-01,-4.293875911624920e-07,-1.563644028287847e-08
9.133522727272727e-01,7.386363636363636e-01,-4.242677155140521e-07,-1.720821483100170e-08
9.332386363636364e-01,7.386363636363636e-01,-4.191478398656121e-07,-1.877998937912491e-08
9.531250000000000e-01,7.386363636363636e-01,-4.131095205929630e-07,-1.972606485023349e-08
9.730113636363636e-01,7.386363636363636e-01,-4.068207166955294e-07,-2.050149511851988e-08
9.928977272727273e-01,7.386363636363636e-01,-4.005319127980959e-07,-2.127692538680628e-08
1.012784090909091e+00,7.386363636363636e-01,-3.926253450821340e-07,-2.240672999078526e-08
1.032670454545455e+00,7.386363636363636e-01,-3.838200196892120e-07,-2.373340922570460e-08
1.052556818181818e+00,7.386363636363636e-01,-3.750146942962901e-07,-2.506008846062392e-08
1.072443181818182e+00,7.386363636363636e-01,-3.651628038301830e-07,-2.645069650430456e-08
1.092329545454545e+00,7.386363636363636e-01,-3.542643482908911e-07,-2.790523335674647e-08
1.112215909090909e+00,7.386363636363636e-01,-3.433658927515991e-07,-2.935977020918840e-08
1.132102272727273e+00,7.386363636363636e-01,-3.318518758464021e-07,-3.072798538153006e-08
1.151988636363636e+00,7.386363636363636e-01,-3.192298484825760e-07,-3.194082152969125e-08
1.171875000000000e+00,7.386363636363636e-01,-3.066078211187496e-07,-3.315365767785245e-08
1.191761363636364e+00,7.386363636363636e-01,-2.935669164657762e-07,-3.436424128754794e-08
1.211647727272727e+00,7.386363636363636e-01,-2.789901284192635e-07,-3.556656558953583e-08
1.231534090909091e+00,7.386363636363636e-01,-2.644133403727507e-07,-3.676888989152372e-08
1.251420454545455e+00,7.386363636363636e-01,-2.496686568542402e-07,-3.799873305630642e-08
1.271306818181818e+00,7.386363636363636e-01,-2.327413321997612e-07,-3.958632143742140e-08
1.291193181818182e+00,7.386363636363636e-01,-2.158140075452822e-07,-4.117390981853639e-08
1.311079545454545e+00,7.386363636363636e-01,-1.988866828908030e-07,-4.276149819965139e-08
1.330965909090909e+00,7.386363636363636e-01,-1.801819001216023e-07,-4.430164877585402e-08
1.350852272727273e+00,7.386363636363636e-01,-1.613403898051155e-07,-4.583815029014031e-08
1.370738636363636e+00,7.386363636363636e-01,-1.424988794886287e-07,-4.737465180442658e-08
1.390625000000000e+00,7.386363636363636e-01,-1.205679948765310e-07,-5.045638491309104e-08
1.410511363636364e+00,7.386363636363636e-01,-9.779455363835760e-08,-5.395954482022228e-08
1.430397727272727e+00,7.386363636363636e-01,-7.502111240018446e-08,-5.746270472735349e-08
1.450284090909091e+00,7.386363636363636e-01,1.012951469484561e-05,-1.022942503763711e-05
1.470170454545455e+00,7.386363636363636e-01,2.599058514987361e-05,-2.605053135554851e-05
1.490056818181818e+00,7.386363636363636e-01,4.185165560490144e-05,-4.187163767345974e-05
6.349431818181818e-01,7.613636363636364e-01,-6.794600507400317e-07,1.907130208080524e-07
6.548295454545454e-01,7.613636363636364e-01,-5.982983518290644e-07,1.080233600312006e-07
6.747159090909091e-01,7.613636363636364e-01,-5.171366529180973e-07,2.533369925434885e-08
6.946022727272727e-01,7.613636363636364e-01,-4.677343348848516e-07,-2.577977095516804e-08
7.144886363636364e-01,7.613636363636364e-01,-4.754989024315054e-07,-2.005609814348184e-08
7.343750000000000e-01,7.613636363636364e-01,-4.832634699781591e-07,-1.433242533179562e-08
7.542613636363636e-01,7.613636363636364e-01,-4.901095841190935e-07,-9.060871708538901e-09
7.741477272727273e-01,7.613636363636364e-01,-4.935880357723896e-07,-5.447088442856977e-09
7.940340909090909e-01,7.613636363636364e-01,-4.970664874256859e-07,-1.833305177175053e-09
8.139204545454546e-01,7.613636363636364e-01,-4.999010578565134e-07,1.292041605134892e-09
8.338068181818181e-01,7.613636363636364e-01,-4.943651723952468e-07,-1.932285896390688e-09
8.536931818181819e-01,7.613636363636364e-01,-4.888292869339803e-07,-5.156613397916305e-09
8.735795454545454e-01,7.613636363636364e-01,-4.832934014727137e-07,-8.380940899441881e-09
8.934659090909091e-01,7.613636363636364e-01,-4.772226338945706e-07,-1.011936890958645e-08
9.133522727272727e-01,7.613636363636364e-01,-4.711107215382062e-07,-1.174349695885555e-08
9.332386363636364e-01,7.613636363636364e-01,-4.649988091818417e-07,-1.336762500812466e-08
9.531250000000000e-01,7.613636363636364e-01,-4.581239811238180e-07,-1.404477662899582e-08
9.730113636363636e-01,7.613636363636364e-01,-4.510410851471597e-07,-1.446366195121301e-08
9.928977272727273e-01,7.613636363636364e-01,-4.439581891705015e-07,-1.488254727343020e-08
1.012784090909091e+00,7.613636363636364e-01,-4.352274174892730e-07,-1.555030564833418e-08
1.032670454545455e+00,7.613636363636364e-01,-4.255811593055055e-07,-1.635632683028639e-08
1.052556818181818e+00,7.613636363636364e-01,-4.159349011217380e-07,-1.716234801223858e-08
1.072443181818182e+00,7.613636363636364e-01,-4.050785665163753e-07,-1.809033244211115e-08
1.092329545454545e+00,7.613636363636364e-01,-3.930121554894175e-07,-1.914028011990406e-08
1.112215909090909e+00,7.613636363636364e-01,-3.809457444624597e-07,-2.019022779769699e-08
1.132102272727273e+00,7.613636363636364e-01,-3.681730491818390e-07,-2.116923603367606e-08
1.151988636363636e+00,7.613636363636364e-01,-3.541290422446252e-07,-2.202055327439021e-08
1.171875000000000e+00,7.613636363636364e-01,-3.400850353074112e-07,-2.287187051510437e-08
1.191761363636364e+00,7.613636363636364e-01,-3.255995446319599e-07,-2.369833727676135e-08
1.211647727272727e+00,7.613636363636364e-01,-3.094952802496390e-07,-2.443368561520864e-08
1.231534090909091e+00,7.613636363636364e-01,-2.933910158673181e-07,-2.516903395365593e-08
1.251420454545455e+00,7.613636363636364e-01,-2.771029394818088e-07,-2.593274955619476e-08
1.271306818181818e+00,7.613636363636364e-01,-2.584253070548543e-07,-2.706523959192353e-08
1.291193181818182e+00,7.613636363636364e-01,-2.397476746278996e-07,-2.819772962765229e-08
1.311079545454545e+00,7.613636363636364e-01,-2.210700422009448e-07,-2.933021966338107e-08
1.330965909090909e+00,7.613636363636364e-01,-2.000973141381323e-07,-3.073702372671265e-08
1.350852272727273e+00,7.613636363636364e-01,-1.789480402571771e-07,-3.216492886909059e-08
1.370738636363636e+00,7.613636363636364e-01,-1.577987663762219e-07,-3.359283401146852e-08
1.390625000000000e+00,7.613636363636364e-01,-1.334234785866711e-07,-3.653686093237711e-08
1.410511363636364e+00,7.613636363636364e-01,-1.081683688220490e-07,-3.989437561106680e-08
1.430397727272727e+00,7.613636363636364e-01,-8.291325905742706e-08,-4.325189028975643e-08
1.450284090909091e+00,7.613636363636364e-01,1.058425672061366e-05,-1.067839445444496e-05
1.470170454545455e+00,7.613636363636364e-01,2.716360162801076e-05,-2.722008426830954e-05
1.490056818181818e+00,7.613636363636364e-01,4.374294653540767e-05,-4.376177408217393e-05
6.349431818181818e-01,7.840909090909091e-01,-7.494008219118088e-07,2.117488889993160e-07
6.548295454545454e-01,7.840909090909091e-01,-6.637238025224970e-07,1.246764034517130e-07
6.747159090909091e-01,7.840909090909091e-01,-5.780467831331852e-07,3.760391790410998e-08
6.946022727272727e-01,7.840909090909091e-01,-5.236545945141920e-07,-1.828395645046715e-08
7.144886363636364e-01,7.840909090909091e-01,-5.255751012817724e-07,-1.803953065759741e-08
7.343750000000000e-01,7.840909090909091e-01,-5.274956080493528e-07,-1.779510486472767e-08
7.542613636363636e-01,7.840909090909091e-01,-5.302206676399847e-07,-1.623386775314937e-08
7.741477272727273e-01,7.840909090909091e-01,-5.358957542484721e-07,-9.844322472973050e-09
7.940340909090909e-01,7.840909090909091e-01,-5.415708408569597e-07,-3.454777192796726e-09
8.139204545454546e-01,7.840909090909091e-01,-5.465183119713184e-07,2.377905425136653e-09
8.338068181818181e-01,7.840909090909091e-01,-5.420067816620043e-07,9.713734339119945e-10
8.536931818181819e-01,7.840909090909091e-01,-5.374952513526903e-07,-4.351585573126794e-10
8.735795454545454e-01,7.840909090909091e-01,-5.329837210433763e-07,-1.841690548537338e-09
8.934659090909091e-01,7.840909090909091e-01,-5.260852400759877e-07,-3.415386383322671e-09
9.133522727272727e-01,7.840909090909091e-01,-5.190031475195166e-07,-5.001940975304979e-09
9.332386363636364e-01,7.840909090909091e-01,-5.119210549630452e-07,-6.588495567287286e-09
9.531250000000000e-01,7.840909090909091e-01,-5.040252714626621e-07,-7.110459952439861e-09
9.730113636363636e-01,7.840909090909091e-01,-4.959075722503030e-07,-7.342081553911601e-09
9.928977272727273e-01,7.840909090909091e-01,-4.877898730379438e-07,-7.573703155383340e-09
1.012784090909091e+00,7.840909090909091e-01,-4.781323717729471e-07,-7.808351322514087e-09
1.032670454545455e+00,7.840909090909091e-01,-4.676194249231516e-07,-8.044680915010955e-09
1.052556818181818e+00,7.840909090909091e-01,-4.571064780733562e-07,-8.281010507507819e-09
1.072443181818182e+00,7.840909090909091e-01,-4.452509625077940e-07,-8.664638992574695e-09
1.092329545454545e+00,7.840909090909091e-01,-4.320528782264654e-07,-9.195566370211578e-09
1.112215909090909e+00,7.840909090909091e-01,-4.188547939451366e-07,-9.726493747848465e-09
1.132102272727273e+00,7.840909090909091e-01,-4.048252315451999e-07,-1.023513508466763e-08
1.151988636363636e+00,7.840909090909091e-01,-3.892990085317686e-07,-1.070366154801488e-08
1.171875000000000e+00,7.840909090909091e-01,-3.737727855183373e-07,-1.117218801136214e-08
1.191761363636364e+00,7.840909090909091e-01,-3.577868819709636e-07,-1.158813651299227e-08
1.211647727272727e+00,7.840909090909091e-01,-3.401154831324682e-07,-1.181129915499292e-08
1.231534090909091e+00,7.840909090909091e-01,-3.224440842939728e-07,-1.203446179699357e-08
1.251420454545455e+00,7.840909090909091e-01,-3.045876448431598e-07,-1.227191221942599e-08
1.271306818181818e+00,7.840909090909091e-01,-2.843256774322203e-07,-1.269510378747138e-08
1.291193181818182e+00,7.840909090909091e-01,-2.640637100212809e-07,-1.311829535551679e-08
1.311079545454545e+00,7.840909090909091e-01,-2.438017426103413e-07,-1.354148692356218e-08
1.330965909090909e+00,7.840909090909091e-01,-2.203645434891223e-07,-1.492012338737402e-08
1.350852272727273e+00,7.840909090909091e-01,-1.966830957748052e-07,-1.637225561239864e-08
1.370738636363636e+00,7.840909090909091e-01,-1.730016480604880e-07,-1.782438783742326e-08
1.390625000000000e+00,7.840909090909091e-01,-1.460060169289257e-07,-2.071242232894932e-08
1.410511363636364e+00,7.840909090909091e-01,-1.181065175926601e-07,-2.399206652952123e-08
1.430397727272727e+00,7.840909090909091e-01,-9.020701825639491e-08,-2.727171073009311e-08
1.450284090909091e+00,7.840909090909091e-01,1.092893338135002e-05,-1.101538809328936e-05
1.470170454545455e+00,7.840909090909091e-01,2.805431872555118e-05,-2.810619155271478e-05
1.490056818181818e+00,7.840909090909091e-01,4.517970406975214e-05,-4.519699501214002e-05
6.349431818181818e-01,8.068181818181819e-01,-8.193415930835864e-07,2.327847571905797e-07
6.548295454545454e-01,8.068181818181819e-01,-7.291492532159300e-07,1.413294468722254e-07
6.747159090909091e-01,8.068181818181819e-01,-6.389569133482735e-07,4.987413655387116e-08
6.946022727272727e-01,8.068181818181819e-01,-5.795748541435325e-07,-1.078814194576622e-08
7.144886363636364e-01,8.068181818181819e-01,-5.756513001320396e-07,-1.602296317171298e-08
7.343750000000000e-01,8.068181818181819e-01,-5.717277461205466e-07,-2.125778439765974e-08
7.542613636363636e-01,8.068181818181819e-01,-5.703317511608763e-07,-2.340686379775988e-08
7.741477272727273e-01,8.068181818181819e-01,-5.782034727245549e-07,-1.424155650308914e-08
7.940340909090909e-01,8.068181818181819e-01,-5.860751942882335e-07,-5.076249208418408e-09
8.139204545454546e-01,8.068181818181819e-01,-5.931355660861236e-07,3.463769245138420e-09
8.338068181818181e-01,8.068181818181819e-01,-5.896483909287621e-07,3.875032764214691e-09
8.536931818181819e-01,8.068181818181819e-01,-5.861612157714005e-07,4.286296283290969e-09
8.735795454545454e-01,8.068181818181819e-01,-5.826740406140390e-07,4.697559802367241e-09
8.934659090909091e-01,8.068181818181819e-01,-5.749478462574051e-07,3.288596142941144e-09
9.133522727272727e-01,8.068181818181819e-01,-5.668955735008271e-07,1.739615008245630e-09
9.332386363636364e-01,8.068181818181819e-01,-5.588433007442491e-07,1.906338735501153e-10
9.531250000000000e-01,8.068181818181819e-01,-5.499265618015065e-07,-1.761432758838652e-10
9.730113636363636e-01,8.068181818181819e-01,-5.407740593534465e-07,-2.205011566101545e-10
9.928977272727273e-01,8.068181818181819e-01,-5.316215569053864e-07,-2.648590373364437e-10
1.012784090909091e+00,8.068181818181819e-01,-5.210373260566213e-07,-6.639699669395800e-11
1.032670454545455e+00,8.068181818181819e-01,-5.096576905407979e-07,2.669650002645178e-10
1.052556818181818e+00,8.068181818181819e-01,-4.982780550249747e-07,6.003269972229906e-10
1.072443181818182e+00,8.068181818181819e-01,-4.854233584992131e-07,7.610544569618045e-10
1.092329545454545e+00,8.068181818181819e-01,-4.710936009635134e-07,7.491473794809563e-10
1.112215909090909e+00,8.068181818181819e-01,-4.567638434278137e-07,7.372403020001082e-10
1.132102272727273e+00,8.068181818181819e-01,-4.414774139085609e-07,6.989658643408634e-10
1.151988636363636e+00,8.068181818181819e-01,-4.244689748189123e-07,6.132301783605038e-10
1.171875000000000e+00,8.068181818181819e-01,-4.074605357292636e-07,5.274944923801437e-10
1.191761363636364e+00,8.068181818181819e-01,-3.899742193099675e-07,5.220642507768631e-10
1.211647727272727e+00,8.068181818181819e-01,-3.707356860152975e-07,8.110873052228603e-10
1.231534090909091e+00,8.068181818181819e-01,-3.514971527206277e-07,1.100110359668858e-09
1.251420454545455e+00,8.068181818181819e-01,-3.320723502045108e-07,1.388925117342857e-09
1.271306818181818e+00,8.068181818181819e-01,-3.102260478095866e-07,1.675032016980829e-09
1.291193181818182e+00,8.068181818181819e-01,-2.883797454146624e-07,1.961138916618801e-09
1.311079545454545e+00,8.068181818181819e-01,-2.665334430197379e-07,2.247245816256777e-09
1.330965909090909e+00,8.068181818181819e-01,-2.406317728401124e-07,8.967769519646910e-10
1.350852272727273e+00,8.068181818181819e-01,-2.144181512924333e-07,-5.795823557066178e-10
1.370738636363636e+00,8.068181818181819e-01,-1.882045297447542e-07,-2.055941663377926e-09
1.390625000000000e+00,8.068181818181819e-01,-1.585885552711802e-07,-4.887983725521455e-09
1.410511363636364e+00,8.068181818181819e-01,-1.280446663632713e-07,-8.089757447975597e-09
1.430397727272727e+00,8.068181818181819e-01,-9.750077745536280e-08,-1.129153117042970e-08
1.450284090909091e+00,8.068181818181819e-01,1.127361004208639e-05,-1.135238173213376e-05
1.470170454545455e+00,8.068181818181819e-01,2.894503582309160e-05,-2.899229883712003e-05
1.490056818181818e+00,8.068181818181819e-01,4.661646160409662e-05,-4.663221594210610e-05
6.349431818181818e-01,8.295454545454546e-01,-8.658874350437803e-07,2.297751948510730e-07
6.548295454545454e-01,8.295454545454546e-01,-7.867835413223034e-07,1.495840138736285e-07
6.747159090909091e-01,8.295454545454546e-01,-7.076796476008266e-07,6.939283289618409e-08
6.946022727272727e-01,8.295454545454546e-01,-6.526435985418580e-07,1.335149528271927e-08
7.144886363636364e-01,8.295454545454546e-01,-6.409296698754044e-07,7.798757244179741e-10
7.343750000000000e-01,8.295454545454546e-01,-6.292157412089510e-07,-1.179174383388331e-08
7.542613636363636e-01,8.295454545454546e-01,-6.212778020645363e-07,-1.998220042647687e-08
7.741477272727273e-01,8.295454545454546e-01,-6.271851578342639e-07,-1.210839281147545e-08
7.940340909090909e-01,8.295454545454546e-01,-6.330925136039914e-07,-4.234585196474030e-09
8.139204545454546e-01,8.295454545454546e-01,-6.383956301824196e-07,3.236707708450980e-09
8.338068181818181e-01,8.295454545454546e-01,-6.358436372739562e-07,5.475309382382795e-09
8.536931818181819e-01,8.295454545454546e-01,-6.332916443654928e-07,7.713911056314635e-09
8.735795454545454e-01,8.295454545454546e-01,-6.307396514570294e-07,9.952512730246450e-09
8.934659090909091e-01,8.295454545454546e-01,-6.229603373935726e-07,9.586211505083038e-09
9.133522727272727e-01,8.295454545454546e-01,-6.147789217028085e-07,9.019533133835372e-09
9.332386363636364e-01,8.295454545454546e-01,-6.065975060120445e-07,8.452854762587704e-09
9.531250000000000e-01,8.295454545454546e-01,-5.968971997177985e-07,8.586255081314723e-09
9.730113636363636e-01,8.295454545454546e-01,-5.867826505316938e-07,8.910585951853019e-09
9.928977272727273e-01,8.295454545454546e-01,-5.766681013455892e-07,9.234916822391316e-09
1.012784090909091e+00,8.295454545454546e-01,-5.650613364054739e-07,9.882552269925701e-09
1.032670454545455e+00,8.295454545454546e-01,-5.526255627131302e-07,1.070980137134681e-08
1.052556818181818e+00,8.295454545454546e-01,-5.401897890207867e-07,1.153705047276792e-08
1.072443181818182e+00,8.295454545454546e-01,-5.262303527763112e-07,1.225270839061480e-08
1.092329545454545e+00,8.295454545454546e-01,-5.107472539797042e-07,1.285677512488746e-08
1.112215909090909e+00,8.295454545454546e-01,-4.952641551830970e-07,1.346084185916012e-08
1.132102272727273e+00,8.295454545454546e-01,-4.787170070952105e-07,1.400948170826950e-08
1.151988636363636e+00,8.295454545454546e-01,-4.602545702830203e-07,1.445835316408498e-08
1.171875000000000e+00,8.295454545454546e-01,-4.417921334708299e-07,1.490722461990047e-08
1.191761363636364e+00,8.295454545454546e-01,-4.227828588213371e-07,1.541443168208235e-08
1.211647727272727e+00,8.295454545454546e-01,-4.017685121017351e-07,1.613553596760769e-08
1.231534090909091e+00,8.295454545454546e-01,-3.807541653821332e-07,1.685664025313303e-08
1.251420454545455e+00,8.295454545454546e-01,-3.595592960498709e-07,1.759894640722130e-08
1.271306818181818e+00,8.295454545454546e-01,-3.360176327530277e-07,1.861687685262744e-08
1.291193181818182e+00,8.295454545454546e-01,-3.124759694561845e-07,1.963480729803357e-08
1.311079545454545e+00,8.295454545454546e-01,-2.889343061593410e-07,2.065273774343972e-08
1.330965909090909e+00,8.295454545454546e-01,-2.615038994683107e-07,2.040434305055786e-08
1.350852272727273e+00,8.295454545454546e-01,-2.337743586700355e-07,2.005853873165384e-08
1.370738636363636e+00,8.295454545454546e-01,-2.060448178717604e-07,1.971273441274982e-08
1.390625000000000e+00,8.295454545454546e-01,-1.729942926420032e-07,1.626491495581726e-08
1.410511363636364e+00,8.295454545454546e-01,-1.384925898400238e-07,1.197109137033142e-08
1.430397727272727e+00,8.295454545454546e-01,-1.039908870380447e-07,7.677267784845642e-09
1.450284090909091e+00,8.295454545454546e-01,1.500171093544105e-05,-1.506974225779687e-05
1.470170454545455e+00,8.295454545454546e-01,3.848030171329662e-05,-3.852112050671011e-05
1.490056818181818e+00,8.295454545454546e-01,6.195889249115191e-05,-6.197249875562309e-05
6.349431818181818e-01,8.522727272727273e-01,-9.046349672667799e-07,2.187504890013096e-07
6.548295454545454e-01,8.522727272727273e-01,-8.418207752329905e-07,1.550390887353286e-07
6.747159090909091e-01,8.522727272727273e-01,-7.790065831992012e-07,9.132768846934756e-08
6.946022727272727e-01,8.522727272727273e-01,-7.314285045298450e-07,4.303907341913288e-08
7.144886363636364e-01,8.522727272727273e-01,-7.112754299164686e-07,2.251147175729771e-08
7.343750000000000e-01,8.522727272727273e-01,-6.911223553030920e-07,1.983870095462537e-09
7.542613636363636e-01,8.522727272727273e-01,-6.758355087624526e-07,-1.302498391656275e-08
7.741477272727273e-01,8.522727272727273e-01,-6.783914984885148e-07,-7.798429879285200e-09
7.940340909090909e-01,8.522727272727273e-01,-6.809474882145773e-07,-2.571875842007645e-09
8.139204545454546e-01,8.522727272727273e-01,-6.832032976058793e-07,2.572004386200481e-09
8.338068181818181e-01,8.522727272727273e-01,-6.815567626452960e-07,6.641125096506045e-09
8.536931818181819e-01,8.522727272727273e-01,-6.799102276847125e-07,1.071024580681165e-08
8.735795454545454e-01,8.522727272727273e-01,-6.782636927241292e-07,1.477936651711722e-08
8.934659090909091e-01,8.522727272727273e-01,-6.706894568479904e-07,1.574837114585097e-08
9.133522727272727e-01,8.522727272727273e-01,-6.626592439783471e-07,1.647890530677150e-08
9.332386363636364e-01,8.522727272727273e-01,-6.546290311087040e-07,1.720943946769203e-08
9.531250000000000e-01,8.522727272727273e-01,-6.442242868265732e-07,1.795801399872751e-08
9.730113636363636e-01,8.522727272727273e-01,-6.331719430683093e-07,1.871150863070344e-08
9.928977272727273e-01,8.522727272727273e-01,-6.221195993100456e-07,1.946500326267937e-08
1.012784090909091e+00,8.522727272727273e-01,-6.094583654427190e-07,2.056716651681187e-08
1.032670454545455e+00,8.522727272727273e-01,-5.959033037370244e-07,2.186303456103139e-08
1.052556818181818e+00,8.522727272727273e-01,-5.823482420313297e-07,2.315890260525088e-08
1.072443181818182e+00,8.522727272727273e-01,-5.672488798153024e-07,2.443301581897331e-08
1.092329545454545e+00,8.522727272727273e-01,-5.506052170889425e-07,2.568537420219863e-08
1.112215909090909e+00,8.522727272727273e-01,-5.339615543625825e-07,2.693773258542396e-08
1.132102272727273e+00,8.522727272727273e-01,-5.161524038896227e-07,2.811213585050487e-08
1.151988636363636e+00,8.522727272727273e-01,-4.962453754727831e-07,2.914621990292583e-08
1.171875000000000e+00,8.522727272727273e-01,-4.763383470559431e-07,3.018030395534681e-08
1.191761363636364e+00,8.522727272727273e-01,-4.557985990568288e-07,3.123418800256664e-08
1.211647727272727e+00,8.522727272727273e-01,-4.329388792560423e-07,3.236067203071555e-08
1.231534090909091e+00,8.522727272727273e-01,-4.100791594552557e-07,3.348715605886447e-08
1.251420454545455e+00,8.522727272727273e-01,-3.870469887232341e-07,3.465869568146962e-08
1.271306818181818e+00,8.522727272727273e-01,-3.617729558851605e-07,3.641595803200552e-08
1.291193181818182e+00,8.522727272727273e-01,-3.364989230470868e-07,3.817322038254142e-08
1.311079545454545e+00,8.522727272727273e-01,-3.112248902090129e-07,3.993048273307734e-08
1.330965909090909e+00,8.522727272727273e-01,-2.825776585222450e-07,4.114213106890251e-08
1.350852272727273e+00,8.522727272727273e-01,-2.536709500009624e-07,4.231180909590378e-08
1.370738636363636e+00,8.522727272727273e-01,-2.247642414796799e-07,4.348148712290505e-08
1.390625000000000e+00,8.522727272727273e-01,-1.880077630223491e-07,3.919396699645959e-08
1.410511363636364e+00,8.522727272727273e-01,-1.491104382188233e-07,3.341812010089225e-08
1.430397727272727e+00,8.522727272727273e-01,-1.102131134152979e-07,2.764227320532498e-08
1.450284090909091e+00,8.522727272727273e-01,1.985761990633513e-05,-1.991389174573285e-05
1.470170454545455e+00,8.522727272727273e-01,5.089708386772313e-05,-5.093084697136175e-05
1.490056818181818e+00,8.522727272727273e-01,8.193654782911077e-05,-8.194780219699031e-05
6.349431818181818e-01,8.750000000000000e-01,-9.433824994897795e-07,2.077257831515463e-07
6.548295454545454e-01,8.750000000000000e-01,-8.968580091436776e-07,1.604941635970287e-07
6.747159090909091e-01,8.750000000000000e-01,-8.503335187975759e-07,1.132625440425111e-07
6.946022727272727e-01,8.750000000000000e-01,-8.102134105178319e-07,7.272665155554648e-08
7.144886363636364e-01,8.750000000000000e-01,-7.816211899575326e-07,4.424306779017744e-08
7.343750000000000e-01,8.750000000000000e-01,-7.530289693972332e-07,1.575948402480839e-08
7.542613636363636e-01,8.750000000000000e-01,-7.303932154603688e-07,-6.067767406648636e-09
7.741477272727273e-01,8.750000000000000e-01,-7.295978391427660e-07,-3.488466947094948e-09
7.940340909090909e-01,8.750000000000000e-01,-7.288024628251631e-07,-9.091664875412596e-10
8.139204545454546e-01,8.750000000000000e-01,-7.280109650293389e-07,1.907301063949982e-09
8.338068181818181e-01,8.750000000000000e-01,-7.272698880166356e-07,7.806940810629295e-09
8.536931818181819e-01,8.750000000000000e-01,-7.265288110039323e-07,1.370658055730867e-08
8.735795454545454e-01,8.750000000000000e-01,-7.257877339912289e-07,1.960622030398799e-08
8.934659090909091e-01,8.750000000000000e-01,-7.184185763024080e-07,2.191053078661890e-08
9.133522727272727e-01,8.750000000000000e-01,-7.105395662538857e-07,2.393827747970763e-08
9.332386363636364e-01,8.750000000000000e-01,-7.026605562053634e-07,2.596602417279635e-08
9.531250000000000e-01,8.750000000000000e-01,-6.915513739353478e-07,2.732977291614030e-08
9.730113636363636e-01,8.750000000000000e-01,-6.795612356049248e-07,2.851243130955386e-08
9.928977272727273e-01,8.750000000000000e-01,-6.675710972745018e-07,2.969508970296741e-08
1.012784090909091e+00,8.750000000000000e-01,-6.538553944799643e-07,3.125178076369804e-08
1.032670454545455e+00,8.750000000000000e-01,-6.391810447609185e-07,3.301626775071596e-08
1.052556818181818e+00,8.750000000000000e-01,-6.245066950418729e-07,3.478075473773385e-08
1.072443181818182e+00,8.750000000000000e-01,-6.082674068542936e-07,3.661332324733181e-08
1.092329545454545e+00,8.750000000000000e-01,-5.904631801981809e-07,3.851397327950979e-08
1.112215909090909e+00,8.750000000000000e-01,-5.726589535420680e-07,4.041462331168780e-08
1.132102272727273e+00,8.750000000000000e-01,-5.535878006840351e-07,4.221478999274023e-08
1.151988636363636e+00,8.750000000000000e-01,-5.322361806625457e-07,4.383408664176668e-08
1.171875000000000e+00,8.750000000000000e-01,-5.108845606410563e-07,4.545338329079315e-08
1.191761363636364e+00,8.750000000000000e-01,-4.888143392923206e-07,4.705394432305092e-08
1.211647727272727e+00,8.750000000000000e-01,-4.641092464103494e-07,4.858580809382341e-08
1.231534090909091e+00,8.750000000000000e-01,-4.394041535283782e-07,5.011767186459591e-08
1.251420454545455e+00,8.750000000000000e-01,-4.145346813965973e-07,5.171844495571794e-08
1.271306818181818e+00,8.750000000000000e-01,-3.875282790172932e-07,5.421503921138361e-08
1.291193181818182e+00,8.750000000000000e-01,-3.605218766379893e-07,5.671163346704926e-08
1.311079545454545e+00,8.750000000000000e-01,-3.335154742586849e-07,5.920822772271495e-08
1.330965909090909e+00,8.750000000000000e-01,-3.036514175761793e-07,6.187991908724718e-08
1.350852272727273e+00,8.750000000000000e-01,-2.735675413318893e-07,6.456507946015372e-08
1.370738636363636e+00,8.750000000000000e-01,-2.434836650875994e-07,6.725023983306026e-08
1.390625000000000e+00,8.750000000000000e-01,-2.030212334026948e-07,6.212301903710192e-08
1.410511363636364e+00,8.750000000000000e-01,-1.597282865976227e-07,5.486514883145307e-08
1.430397727272727e+00,8.750000000000000e-01,-1.164353397925511e-07,4.760727862580431e-08
1.450284090909091e+00,8.750000000000000e-01,2.471352887722922e-05,-2.475804123366884e-05
1.470170454545455e+00,8.750000000000000e-01,6.331386602214963e-05,-6.334057343601340e-05
1.490056818181818e+00,8.750000000000000e-01,1.019142031670696e-04,-1.019231056383575e-04
6.349431818181818e-01,8.977272727272727e-01,-8.919275405881192e-07,1.058740550565777e-07
6.548295454545454e-01,8.977272727272727e-01,-8.780958779113197e-07,9.158405276705754e-08
6.747159090909091e-01,8.977272727272727e-01,-8.642642152345205e-07,7.729405047753740e-08
6.946022727272727e-01,8.977272727272727e-01,-8.479449862479908e-07,6.093460305924602e-08
7.144886363636364e-01,8.977272727272727e-01,-8.271481379039466e-07,4.085015440916637e-08
7.343750000000000e-01,8.977272727272727e-01,-8.063512895599024e-07,2.076570575908671e-08
7.542613636363636e-01,8.977272727272727e-01,-7.893034013214919e-07,5.178832991225270e-09
7.741477272727273e-01,8.977272727272727e-01,-7.860017001370716e-07,6.083071791497239e-09
7.940340909090909e-01,8.977272727272727e-01,-7.826999989526513e-07,6.987310591769209e-09
8.139204545454546e-01,8.977272727272727e-01,-7.794846677741759e-07,8.227457990180887e-09
8.338068181818181e-01,8.977272727272727e-01,-7.773921466729836e-07,1.383441716440860e-08
8.536931818181819e-01,8.977272727272727e-01,-7.752996255717913e-07,1.944137633863638e-08
8.735795454545454e-01,8.977272727272727e-01,-7.732071044705990e-07,2.504833551286409e-08
8.934659090909091e-01,8.977272727272727e-01,-7.658488954586091e-07,2.863360847482869e-08
9.133522727272727e-01,8.977272727272727e-01,-7.580856335304040e-07,3.206336711277303e-08
9.332386363636364e-01,8.977272727272727e-01,-7.503223716021989e-07,3.549312575071737e-08
9.531250000000000e-01,8.977272727272727e-01,-7.391100404622359e-07,3.821873969104651e-08
9.730113636363636e-01,8.977272727272727e-01,-7.269570540827024e-07,4.075231416838968e-08
9.928977272727273e-01,8.977272727272727e-01,-7.148040677031691e-07,4.328588864573287e-08
1.012784090909091e+00,8.977272727272727e-01,-7.005799392590437e-07,4.599416838823812e-08
1.032670454545455e+00,8.977272727272727e-01,-6.852051763345895e-07,4.879950661138900e-08
1.052556818181818e+00,8.977272727272727e-01,-6.698304134101354e-07,5.160484483453986e-08
1.072443181818182e+00,8.977272727272727e-01,-6.527719862556974e-07,5.447328897307122e-08
1.092329545454545e+00,8.977272727272727e-01,-6.340298948712756e-07,5.740483902698303e-08
1.112215909090909e+00,8.977272727272727e-01,-6.152878034868538e-07,6.033638908089486e-08
1.132102272727273e+00,8.977272727272727e-01,-5.952311074894577e-07,6.320102748280622e-08
1.151988636363636e+00,8.977272727272727e-01,-5.728081231887076e-07,6.594522491111675e-08
1.171875000000000e+00,8.977272727272727e-01,-5.503851388879573e-07,6.868942233942729e-08
1.191761363636364e+00,8.977272727272727e-01,-5.271762633203710e-07,7.139634427748677e-08
1.211647727272727e+00,8.977272727272727e-01,-5.010857864410537e-07,7.396658941795890e-08
1.231534090909091e+00,8.977272727272727e-01,-4.749953095617364e-07,7.653683455843103e-08
1.251420454545455e+00,8.977272727272727e-01,-4.486958809335326e-07,7.914766654221200e-08
1.271306818181818e+00,8.977272727272727e-01,-4.196800795698107e-07,8.228612748900734e-08
1.291193181818182e+00,8.977272727272727e-01,-3.906642782060889e-07,8.542458843580267e-08
1.311079545454545e+00,8.977272727272727e-01,-3.616484768423666e-07,8.856304938259805e-08
1.330965909090909e+00,8.977272727272727e-01,-3.302349579144602e-07,9.254779446374255e-08
1.350852272727273e+00,8.977272727272727e-01,-2.986369991739245e-07,9.659763832445232e-08
1.370738636363636e+00,8.977272727272727e-01,-2.670390404333889e-07,1.006474821851621e-07
1.390625000000000e+00,8.977272727272727e-01,-2.274994600107802e-07,9.950062887794266e-08
1.410511363636364e+00,8.977272727272727e-01,-1.857939827657881e-07,9.693649452492430e-08
1.430397727272727e+00,8.977272727272727e-01,-1.440885055207965e-07,9.437236017190596e-08
1.450284090909091e+00,8.977272727272727e-01,1.092446891256660e-05,-1.095289614668164e-05
1.470170454545455e+00,8.977272727272727e-01,2.811905518667778e-05,-2.813611152714680e-05
1.490056818181818e+00,8.977272727272727e-01,4.531364146078876e-05,-4.531932690761176e-05
6.349431818181818e-01,9.204545454545455e-01,-8.404725816864584e-07,4.022326961608565e-09
6.548295454545454e-01,9.204545454545455e-01,-8.593337466789617e-07,2.267394193708607e-08
6.747159090909091e-01,9.204545454545455e-01,-8.781949116714649e-07,4.132555691256357e-08
6.946022727272727e-01,9.204545454545455e-01,-8.856765619781497e-07,4.914255456294550e-08
7.144886363636364e-01,9.204545454545455e-01,-8.726750858503607e-07,3.745724102815528e-08
7.343750000000000e-01,9.204545454545455e-01,-8.596736097225719e-07,2.577192749336506e-08
7.542613636363636e-01,9.204545454545455e-01,-8.482135871826155e-07,1.642543338909923e-08
7.741477272727273e-01,9.204545454545455e-01,-8.424055611313776e-07,1.565461053008947e-08
7.940340909090909e-01,9.204545454545455e-01,-8.365975350801398e-07,1.488378767107972e-08
8.139204545454546e-01,9.204545454545455e-01,-8.309583705190132e-07,1.454761491641182e-08
8.338068181818181e-01,9.204545454545455e-01,-8.275144053293321e-07,1.986189351818794e-08
8.536931818181819e-01,9.204545454545455e-01,-8.240704401396506e-07,2.517617211996412e-08
8.735795454545454e-01,9.204545454545455e-01,-8.206264749499695e-07,3.049045072174024e-08
8.934659090909091e-01,9.204545454545455e-01,-8.132792146148107e-07,3.535668616303851e-08
9.133522727272727e-01,9.204545454545455e-01,-8.056317008069226e-07,4.018845674583847e-08
9.332386363636364e-01,9.204545454545455e-01,-7.979841869990348e-07,4.502022732863844e-08
9.531250000000000e-01,9.204545454545455e-01,-7.866687069891242e-07,4.910770646595277e-08
9.730113636363636e-01,9.204545454545455e-01,-7.743528725604804e-07,5.299219702722557e-08
9.928977272727273e-01,9.204545454545455e-01,-7.620370381318366e-07,5.687668758849838e-08
1.012784090909091e+00,9.204545454545455e-01,-7.473044840381235e-07,6.073655601277826e-08
1.032670454545455e+00,9.204545454545455e-01,-7.312293079082607e-07,6.458274547206212e-08
1.052556818181818e+00,9.204545454545455e-01,-7.151541317783982e-07,6.842893493134595e-08
1.072443181818182e+00,9.204545454545455e-01,-6.972765656571014e-07,7.233325469881073e-08
1.092329545454545e+00,9.204545454545455e-01,-6.775966095443707e-07,7.629570477445637e-08
1.112215909090909e+00,9.204545454545455e-01,-6.579166534316398e-07,8.025815485010206e-08
1.132102272727273e+00,9.204545454545455e-01,-6.368744142948805e-07,8.418726497287232e-08
1.151988636363636e+00,9.204545454545455e-01,-6.133800657148697e-07,8.805636318046691e-08
1.171875000000000e+00,9.204545454545455e-01,-5.898857171348585e-07,9.192546138806156e-08
1.191761363636364e+00,9.204545454545455e-01,-5.655381873484219e-07,9.573874423192272e-08
1.211647727272727e+00,9.204545454545455e-01,-5.380623264717583e-07,9.934737074209451e-08
1.231534090909091e+00,9.204545454545455e-01,-5.105864655950947e-07,1.029559972522663e-07
1.251420454545455e+00,9.204545454545455e-01,-4.828570804704682e-07,1.065768881287062e-07
1.271306818181818e+00,9.204545454545455e-01,-4.518318801223284e-07,1.103572157666312e-07
1.291193181818182e+00,9.204545454545455e-01,-4.208066797741886e-07,1.141375434045562e-07
1.311079545454545e+00,9.204545454545455e-01,-3.897814794260486e-07,1.179178710424813e-07
1.330965909090909e+00,9.204545454545455e-01,-3.568184982527412e-07,1.232156698402381e-07
1.350852272727273e+00,9.204545454545455e-01,-3.237064570159598e-07,1.286301971887511e-07
1.370738636363636e+00,9.204545454545455e-01,-2.905944157791784e-07,1.340447245372641e-07
1.390625000000000e+00,9.204545454545455e-01,-2.519776866188657e-07,1.368782387187836e-07
1.410511363636364e+00,9.204545454545455e-01,-2.118596789339536e-07,1.390078402183957e-07
1.430397727272727e+00,9.204545454545455e-01,-1.717416712490420e-07,1.411374417180078e-07
1.450284090909091e+00,9.204545454545455e-01,-2.864591052096077e-06,2.852248940305631e-06
1.470170454545455e+00,9.204545454545455e-01,-7.075755648794252e-06,7.068350381719984e-06
1.490056818181818e+00,9.204545454545455e-01,-1.128692024549238e-05,1.128445182313429e-05
6.349431818181818e-01,9.431818181818182e-01,2.297727014976717e-05,-2.377204090578520e-05
6.548295454545454e-01,9.431818181818182e-01,1.747725031481899e-05,-1.827204194158270e-05
6.747159090909091e-01,9.431818181818182e-01,1.197723047987081e-05,-1.277204297738021e-05
6.946022727272727e-01,9.431818181818182e-01,7.073748317712146e-06,-7.867999886425826e-06
7.144886363636364e-01,9.431818181818182e-01,3.244033966574631e-06,-4.036677367318062e-06
7.343750000000000e-01,9.431818181818182e-01,-5.856803845628828e-07,-2.053548482102987e-07
7.542613636363636e-01,9.431818181818182e-01,-3.480930442866073e-06,2.692261494783388e-06
7.741477272727273e-01,9.431818181818182e-01,-2.949811427443418e-06,2.166288525358805e-06
7.940340909090909e-01,9.431818181818182e-01,-2.418692412020763e-06,1.640315555934222e-06
8.139204545454546e-01,9.431818181818182e-01,-1.902387308770642e-06,1.129409204255588e-06
8.338068181818181e-01,9.431818181818182e-01,-1.578663063763461e-06,8.143688832743045e-07
8.536931818181819e-01,9.431818181818182e-01,-1.254938818756277e-06,4.993285622930169e-07
8.735795454545454e-01,9.431818181818182e-01,-9.312145737490955e-07,1.842882413117329e-07
8.934659090909091e-01,9.431818181818182e-01,-1.203719416351297e-06,4.687621803942378e-07
9.133522727272727e-01,9.431818181818182e-01,-1.522088034923452e-06,7.993526010201126e-07
9.332386363636364e-01,9.431818181818182e-01,-1.840456653495606e-06,1.129943021645987e-06
9.531250000000000e-01,9.431818181818182e-01,-2.221551578568286e-06,1.526039510079961e-06
9.730113636363636e-01,9.431818181818182e-01,-2.619753678141109e-06,1.940001289734327e-06
9.928977272727273e-01,9.431818181818182e-01,-3.017955777713932e-06,2.353963069388692e-06
1.012784090909091e+00,9.431818181818182e-01,-3.357761646812184e-06,2.711802968729230e-06
1.032670454545455e+00,9.431818181818182e-01,-3.665125165646791e-06,3.038464045673203e-06
1.052556818181818e+00,9.431818181818182e-01,-3.972488684481395e-06,3.365125122617173e-06
1.072443181818182e+00,9.431818181818182e-01,-4.268269143340773e-06,3.681972078599829e-06
1.092329545454545e+00,9.431818181818182e-01,-4.552466542224919e-06,3.989004913621165e-06
1.112215909090909e+00,9.431818181818182e-01,-4.836663941109070e-06,4.296037748642505e-06
1.132102272727273e+00,9.431818181818182e-01,-5.131924440036945e-06,4.615397211574650e-06
1.151988636363636e+00,9.431818181818182e-01,-5.447098519043534e-06,4.956944604746252e-06
1.171875000000000e+00,9.431818181818182e-01,-5.762272598050126e-06,5.298491997917857e-06
1.191761363636364e+00,9.431818181818182e-01,-6.078378023409440e-06,5.641728854162431e-06
1.211647727272727e+00,9.431818181818182e-01,-6.397898385395391e-06,5.991160408341219e-06
1.231534090909091e+00,9.431818181818182e-01,-6.717418747381344e-06,6.340591962520008e-06
1.251420454545455e+00,9.431818181818182e-01,-7.022464188104416e-06,6.675801301009332e-06
1.271306818181818e+00,9.431818181818182e-01,-7.139335652409998e-06,6.826121835535574e-06
1.291193181818182e+00,9.431818181818182e-01,-7.256207116715579e-06,6.976442370061815e-06
1.311079545454545e+00,9.431818181818182e-01,-7.373078581021164e-06,7.126762904588059e-06
1.330965909090909e+00,9.431818181818182e-01,-7.537433110667857e-06,7.327851676909819e-06
1.350852272727273e+00,9.431818181818182e-01,-7.705440183802326e-06,7.532845698292771e-06
1.370738636363636e+00,9.431818181818182e-01,-7.873447256936796e-06,7.737839719675722e-06
1.390625000000000e+00,9.431818181818182e-01,-1.056040121656872e-05,1.046456038886371e-05
1.410511363636364e+00,9.431818181818182e-01,-1.393434069069998e-05,1.387902468927127e-05
1.430397727272727e+00,9.431818181818182e-01,-1.730828016483120e-05,1.729348898967880e-05
1.450284090909091e+00,9.431818181818182e-01,-2.950587434625614e-05,2.950562137348614e-05
1.470170454545455e+00,9.431818181818182e-01,-4.660549892062224e-05,4.660534713696023e-05
1.490056818181818e+00,9.431818181818182e-01,-6.370512349498815e-05,6.370507290043414e-05
6.349431818181818e-01,9.659090909090909e-01,1.180938761988758e-04,-1.185707386524866e-04
6.548295454545454e-01,9.659090909090909e-01,9.076730016711300e-05,-9.124417514317123e-05
6.747159090909091e-01,9.659090909090909e-01,6.344072413535022e-05,-6.391761163385586e-05
6.946022727272727e-01,9.659090909090909e-01,3.902464256366349e-05,-3.950119350489170e-05
7.144886363636364e-01,9.659090909090909e-01,1.984745102011368e-05,-2.032303706055974e-05
7.343750000000000e-01,9.659090909090909e-01,6.702594765638674e-07,-1.144880616227779e-06
7.542613636363636e-01,9.659090909090909e-01,-1.383506730801644e-05,1.336186593916682e-05
7.741477272727273e-01,9.659090909090909e-01,-1.121022330970858e-05,1.074010956845781e-05
7.940340909090909e-01,9.659090909090909e-01,-8.585379311400731e-06,8.118353197748794e-06
8.139204545454546e-01,9.659090909090909e-01,-6.033681953542606e-06,5.569895090833559e-06
8.338068181818181e-01,9.659090909090909e-01,-4.432890921530907e-06,3.974314413237402e-06
8.536931818181819e-01,9.659090909090909e-01,-2.832099889519188e-06,2.378733735641227e-06
8.735795454545454e-01,9.659090909090909e-01,-1.231308857507487e-06,7.831530580450695e-07
8.934659090909091e-01,9.659090909090909e-01,-2.623189265828624e-06,2.182214924254389e-06
9.133522727272727e-01,9.659090909090909e-01,-4.245275169559986e-06,3.811633909217983e-06
9.332386363636364e-01,9.659090909090909e-01,-5.867361073291348e-06,5.441052894181577e-06
9.531250000000000e-01,9.659090909090909e-01,-7.818407065304216e-06,7.401099824211220e-06
9.730113636363636e-01,9.659090909090909e-01,-9.859169445030220e-06,9.451318011986151e-06
9.928977272727273e-01,9.659090909090909e-01,-1.189993182475622e-05,1.150153619976108e-05
1.012784090909091e+00,9.659090909090909e-01,-1.365941666357109e-05,1.327184145672131e-05
1.032670454545455e+00,9.659090909090909e-01,-1.526263620187979e-05,1.488663952989563e-05
1.052556818181818e+00,9.659090909090909e-01,-1.686585574018847e-05,1.650143760306993e-05
1.072443181818182e+00,9.659090909090909e-01,-1.841872571587111e-05,1.806694747702654e-05
1.092329545454545e+00,9.659090909090909e-01,-1.992124612892768e-05,1.958316915176543e-05
1.112215909090909e+00,9.659090909090909e-01,-2.142376654198427e-05,2.109939082650433e-05
1.132102272727273e+00,9.659090909090909e-01,-2.298719462258877e-05,2.267727828551139e-05
1.151988636363636e+00,9.659090909090909e-01,-2.466025650477952e-05,2.436616415620115e-05
1.171875000000000e+00,9.659090909090909e-01,-2.633331838697030e-05,2.605505002689093e-05
1.191761363636364e+00,9.659090909090909e-01,-2.801465159556915e-05,2.775266209402094e-05
1.211647727272727e+00,9.659090909090909e-01,-2.972631300099758e-05,2.948227021476508e-05
1.231534090909091e+00,9.659090909090909e-01,-3.143797440642603e-05,3.121187833550923e-05
1.251420454545455e+00,9.659090909090909e-01,-3.307840902002915e-05,3.287041128777210e-05
1.271306818181818e+00,9.659090909090909e-01,-3.379289533990287e-05,3.360496704977821e-05
1.291193181818182e+00,9.659090909090909e-01,-3.450738165977658e-05,3.433952281178433e-05
1.311079545454545e+00,9.659090909090909e-01,-3.522186797965031e-05,3.507407857379045e-05
1.330965909090909e+00,9.659090909090909e-01,-3.618014093931319e-05,3.605439207905837e-05
1.350852272727273e+00,9.659090909090909e-01,-3.715716671742139e-05,3.705361002611566e-05
1.370738636363636e+00,9.659090909090909e-01,-3.813419249552960e-05,3.805282797317295e-05
1.390625000000000e+00,9.659090909090909e-01,-5.172066065654350e-05,5.166315615992049e-05
1.410511363636364e+00,9.659090909090909e-01,-6.874606764925906e-05,6.871287804840184e-05
1.430397727272727e+00,9.659090909090909e-01,-8.577147464197444e-05,8.576259993688299e-05
1.450284090909091e+00,9.659090909090909e-01,-9.470382762890802e-05,9.470367584524602e-05
1.470170454545455e+00,9.659090909090909e-01,-9.914003950151845e-05,9.913994843132125e-05
1.490056818181818e+00,9.659090909090909e-01,-1.035762513741288e-04,1.035762210173964e-04
6.349431818181818e-01,9.886363636363636e-01,2.132104822479844e-04,-2.133694363991880e-04
6.548295454545454e-01,9.886363636363636e-01,1.640573500194070e-04,-1.642163083447597e-04
6.747159090909091e-01,9.886363636363636e-01,1.149042177908297e-04,-1.150631802903315e-04
6.946022727272727e-01,9.886363636363636e-01,7.097553680961484e-05,-7.113438712335758e-05
7.144886363636364e-01,9.886363636363636e-01,3.645086807365273e-05,-3.660939675380142e-05
7.343750000000000e-01,9.886363636363636e-01,1.926199337690619e-06,-2.084406384245258e-06
7.542613636363636e-01,9.886363636363636e-01,-2.418920417316680e-05,2.403147038355025e-05
7.741477272727273e-01,9.886363636363636e-01,-1.947063519197375e-05,1.931393061155681e-05
7.940340909090909e-01,9.886363636363636e-01,-1.475206621078070e-05,1.459639083956337e-05
8.139204545454546e-01,9.886363636363636e-01,-1.016497659831457e-05,1.001038097741153e-05
8.338068181818181e-01,9.886363636363636e-01,-7.287118779298352e-06,7.134259943200500e-06
8.536931818181819e-01,9.886363636363636e-01,-4.409260960282099e-06,4.258138908989436e-06
8.735795454545454e-01,9.886363636363636e-01,-1.531403141265880e-06,1.382017874778406e-06
8.934659090909091e-01,9.886363636363636e-01,-4.042659115305951e-06,3.895667668114540e-06
9.133522727272727e-01,9.886363636363636e-01,-6.968462304196521e-06,6.823915217415854e-06
9.332386363636364e-01,9.886363636363636e-01,-9.894265493087091e-06,9.752162766717169e-06
9.531250000000000e-01,9.886363636363636e-01,-1.341526255204014e-05,1.327616013834248e-05
9.730113636363636e-01,9.886363636363636e-01,-1.709858521191933e-05,1.696263473423797e-05
9.928977272727273e-01,9.886363636363636e-01,-2.078190787179851e-05,2.064910933013347e-05
1.012784090909091e+00,9.886363636363636e-01,-2.396107168032999e-05,2.383187994471340e-05
1.032670454545455e+00,9.886363636363636e-01,-2.686014723811279e-05,2.673481501411806e-05
1.052556818181818e+00,9.886363636363636e-01,-2.975922279589554e-05,2.963775008352269e-05
1.072443181818182e+00,9.886363636363636e-01,-3.256918228840144e-05,3.245192287545325e-05
1.092329545454545e+00,9.886363636363636e-01,-3.529002571563044e-05,3.517733338990969e-05
1.112215909090909e+00,9.886363636363636e-01,-3.801086914285947e-05,3.790274390436616e-05
1.132102272727273e+00,9.886363636363636e-01,-4.084246480514058e-05,4.073915935944813e-05
1.151988636363636e+00,9.886363636363636e-01,-4.387341449051551e-05,4.377538370765606e-05
1.171875000000000e+00,9.886363636363636e-01,-4.690436417589046e-05,4.681160805586400e-05
1.191761363636364e+00,9.886363636363636e-01,-4.995092516772885e-05,4.986359533387945e-05
1.211647727272727e+00,9.886363636363636e-01,-5.305472761659978e-05,5.297338002118895e-05
1.231534090909091e+00,9.886363636363636e-01,-5.615853006547071e-05,5.608316470849844e-05
1.251420454545455e+00,9.886363636363636e-01,-5.913435385195388e-05,5.906502127453487e-05
1.271306818181818e+00,9.886363636363636e-01,-6.044645502739574e-05,6.038381226402085e-05
1.291193181818182e+00,9.886363636363636e-01,-6.175855620283759e-05,6.170260325350684e-05
1.311079545454545e+00,9.886363636363636e-01,-6.307065737827945e-05,6.302139424299283e-05
1.330965909090909e+00,9.886363636363636e-01,-6.482284876795854e-05,6.478093248120693e-05
1.350852272727273e+00,9.886363636363636e-01,-6.660889325104047e-05,6.657437435393856e-05
1.370738636363636e+00,9.886363636363636e-01,-6.839493773412239e-05,6.836781622667017e-05
1.390625000000000e+00,9.886363636363636e-01,-9.288092009651828e-05,9.286175193097727e-05
1.410511363636364e+00,9.886363636363636e-01,-1.235577946078182e-04,1.235467314075324e-04
1.430397727272727e+00,9.886363636363636e-01,-1.542346691191176e-04,1.542317108840872e-04
1.450284090909091e+00,9.886363636363636e-01,-1.599017809115599e-04,1.599017303170059e-04
1.470170454545455e+00,9.886363636363636e-01,-1.516745800824147e-04,1.516745497256823e-04
1.490056818181818e+00,9.886363636363636e-01,-1.434473792532695e-04,1.434473691343587e-04
