x,y,ux,uy
6.349431818181818e-01,1.136363636363636e-02,4.324681539827811e-05,-4.318494643616747e-05
6.548295454545454e-01,1.136363636363636e-02,-2.956165881077240e-05,2.962399845779657e-05
6.747159090909091e-01,1.136363636363636e-02,-1.047092804734878e-05,1.053412242328503e-05
6.946022727272727e-01,1.136363636363636e-02,4.916876144079716e-06,-4.852851469199311e-06
7.144886363636364e-01,1.136363636363636e-02,9.149072020354977e-07,-8.501493774760597e-07
7.343750000000000e-01,1.136363636363636e-02,-7.482229312863862e-07,8.135951675341100e-07
7.542613636363636e-01,1.136363636363636e-02,-1.539738500108021e-06,1.605660381867272e-06
7.741477272727273e-01,1.136363636363636e-02,-1.474172807817753e-06,1.540525597097824e-06
7.940340909090909e-01,1.136363636363636e-02,-1.528338960259348e-06,1.595025507795090e-06
8.139204545454546e-01,1.136363636363636e-02,-1.658978075858857e-06,1.725933615473505e-06
8.338068181818181e-01,1.136363636363636e-02,-1.919035722781111e-06,1.986119927758359e-06
8.536931818181819e-01,1.136363636363636e-02,-2.167803530186322e-06,2.234940839986616e-06
8.735795454545454e-01,1.136363636363636e-02,-2.405281498074486e-06,2.472396352158270e-06
8.934659090909091e-01,1.136363636363636e-02,-2.621161322525097e-06,2.688113394176057e-06
9.133522727272727e-01,1.136363636363636e-02,-2.836736678895289e-06,2.903461201936666e-06
9.332386363636364e-01,1.136363636363636e-02,-3.054754504889004e-06,3.121154330055661e-06
9.531250000000000e-01,1.136363636363636e-02,-3.276388873709382e-06,3.342345263010591e-06
9.730113636363636e-01,1.136363636363636e-02,-3.498897936198404e-06,3.564346123457405e-06
9.928977272727273e-01,1.136363636363636e-02,-3.720997665979120e-06,3.785818913205187e-06
1.012784090909091e+00,1.136363636363636e-02,-3.942601995466730e-06,4.006699153394723e-06
1.032670454545455e+00,1.136363636363636e-02,-4.163949452055301e-06,4.227257754508461e-06
1.052556818181818e+00,1.136363636363636e-02,-4.385535451962112e-06,4.447914572224126e-06
1.072443181818182e+00,1.136363636363636e-02,-4.607306000705756e-06,4.668680378237071e-06
1.092329545454545e+00,1.136363636363636e-02,-4.829261098286227e-06,4.889555172547294e-06
1.112215909090909e+00,1.136363636363636e-02,-5.051438973222931e-06,5.110512417497428e-06
1.132102272727273e+00,1.136363636363636e-02,-5.273629817854666e-06,5.331417865965836e-06
1.151988636363636e+00,1.136363636363636e-02,-5.495813161841987e-06,5.552218664524694e-06
1.171875000000000e+00,1.136363636363636e-02,-5.717647770405939e-06,5.772551989669457e-06
1.191761363636364e+00,1.136363636363636e-02,-5.939538581929463e-06,5.992876751597030e-06
1.211647727272727e+00,1.136363636363636e-02,-6.161984206394795e-06,6.213637588475687e-06
1.231534090909091e+00,1.136363636363636e-02,-6.386572754800068e-06,6.436444200029144e-06
1.251420454545455e+00,1.136363636363636e-02,-6.612167397494503e-06,6.660192139695005e-06
1.271306818181818e+00,1.136363636363636e-02,-6.835364593048430e-06,6.881402305504041e-06
1.291193181818182e+00,1.136363636363636e-02,-7.048994278821121e-06,7.092969400992291e-06
1.311079545454545e+00,1.136363636363636e-02,-7.253056454812581e-06,7.294893426159758e-06
1.330965909090909e+00,1.136363636363636e-02,-7.470065199881419e-06,7.509623693688288e-06
1.350852272727273e+00,1.136363636363636e-02,-7.740998396646519e-06,7.778213646736320e-06
1.370738636363636e+00,1.136363636363636e-02,-8.107203004592639e-06,8.141977861700232e-06
1.390625000000000e+00,1.136363636363636e-02,-8.454357385650081e-06,8.486573111784744e-06
1.410511363636364e+00,1.136363636363636e-02,-8.415670520520497e-06,8.445262349505467e-06
1.430397727272727e+00,1.136363636363636e-02,-6.981282646260554e-06,7.008131840105105e-06
1.450284090909091e+00,1.136363636363636e-02,-1.678567634969359e-06,1.702577044408351e-06
1.470170454545455e+00,1.136363636363636e-02,5.503933815715942e-06,-5.483580663355119e-06
1.490056818181818e+00,1.136363636363636e-02,9.185740766631118e-06,-9.178956382510844e-06
6.349431818181818e-01,3.409090909090909e-02,2.118369816478181e-07,-4.229666975550934e-08
6.548295454545454e-01,3.409090909090909e-02,1.680486593507298e-07,2.771316918417541e-09
6.747159090909091e-01,3.409090909090909e-02,1.708100568696613e-07,2.332816112150098e-09
6.946022727272727e-01,3.409090909090909e-02,1.756149631276572e-07,-2.166413109147303e-10
7.144886363636364e-01,3.409090909090909e-02,1.776528392952891e-07,-2.649223777262025e-10
7.343750000000000e-01,3.409090909090909e-02,1.780341962616092e-07,1.018383415083196e-09
7.542613636363636e-01,3.409090909090909e-02,1.779180168398224e-07,2.621989773259020e-09
7.741477272727273e-01,3.409090909090909e-02,1.776340565296222e-07,4.068444678157527e-09
7.940340909090909e-01,3.409090909090909e-02,1.772246143471342e-07,5.374527721233142e-09
8.139204545454546e-01,3.409090909090909e-02,1.767152662868192e-07,6.603280819395201e-09
8.338068181818181e-01,3.409090909090909e-02,1.758133997812776e-07,7.840541413513044e-09
8.536931818181819e-01,3.409090909090909e-02,1.746925004824812e-07,9.090059674355101e-09
8.735795454545454e-01,3.409090909090909e-02,1.733525683904301e-07,1.035183560192135e-08
8.934659090909091e-01,3.409090909090909e-02,1.716400808218934e-07,1.160215605670226e-08
9.133522727272727e-01,3.409090909090909e-02,1.697570064290280e-07,1.284582751307145e-08
9.332386363636364e-01,3.409090909090909e-02,1.676184603568073e-07,1.407911691468519e-08
9.531250000000000e-01,3.409090909090909e-02,1.651622946184784e-07,1.530509364071632e-08
9.730113636363636e-01,3.409090909090909e-02,1.625326940138545e-07,1.652726941030199e-08
9.928977272727273e-01,3.409090909090909e-02,1.595847852322572e-07,1.774282101517028e-08
1.012784090909091e+00,3.409090909090909e-02,1.563773241186460e-07,1.895207121794175e-08
1.032670454545455e+00,3.409090909090909e-02,1.529968432909278e-07,2.015710531207979e-08
1.052556818181818e+00,3.409090909090909e-02,1.492416507999187e-07,2.135284012023770e-08
1.072443181818182e+00,3.409090909090909e-02,1.452845604667098e-07,2.254369764406500e-08
1.092329545454545e+00,3.409090909090909e-02,1.411255722913010e-07,2.372967788356164e-08
1.112215909090909e+00,3.409090909090909e-02,1.365915347963011e-07,2.490669649337836e-08
1.132102272727273e+00,3.409090909090909e-02,1.318843648206877e-07,2.607961176106818e-08
1.151988636363636e+00,3.409090909090909e-02,1.269174862857595e-07,2.724638185396224e-08
1.171875000000000e+00,3.409090909090909e-02,1.216334035809277e-07,2.840542377506903e-08
1.191761363636364e+00,3.409090909090909e-02,1.161764655021600e-07,2.956008524737124e-08
1.211647727272727e+00,3.409090909090909e-02,1.104029285555310e-07,3.070641324584390e-08
1.231534090909091e+00,3.409090909090909e-02,1.043695275016915e-07,3.184675161741648e-08
1.251420454545455e+00,3.409090909090909e-02,9.816257845167519e-08,3.298340216242531e-08
1.271306818181818e+00,3.409090909090909e-02,9.157630178121603e-08,3.411536937860609e-08
1.291193181818182e+00,3.409090909090909e-02,8.478907162718760e-08,3.524151495182564e-08
1.311079545454545e+00,3.409090909090909e-02,7.780088798958982e-08,3.636183888208398e-08
1.330965909090909e+00,3.409090909090909e-02,7.046428324853765e-08,3.744657296652559e-08
1.350852272727273e+00,3.409090909090909e-02,6.295398888508135e-08,3.852776085063099e-08
1.370738636363636e+00,3.409090909090909e-02,5.517929612331431e-08,3.960749339893666e-08
1.390625000000000e+00,3.409090909090909e-02,4.691268756595279e-08,4.085420940114574e-08
1.410511363636364e+00,3.409090909090909e-02,3.841000853255833e-08,4.215976005664727e-08
1.430397727272727e+00,3.409090909090909e-02,2.953365354930432e-08,4.351405432031772e-08
1.450284090909091e+00,3.409090909090909e-02,2.212595776893788e-08,4.313383564698992e-08
1.470170454545455e+00,3.409090909090909e-02,4.211935494875665e-07,-3.659339473162978e-07
1.490056818181818e+00,3.409090909090909e-02,6.093832895560975e-06,-6.075413028170551e-06
6.349431818181818e-01,5.681818181818182e-02,2.049278870567193e-07,-4.018224646008400e-08
6.548295454545454e-01,5.681818181818182e-02,1.737307447018982e-07,-7.823192811406306e-09
6.747159090909091e-01,5.681818181818182e-02,1.693193284052026e-07,-1.309742166581768e-09
6.946022727272727e-01,5.681818181818182e-02,1.687158362371493e-07,1.326212744329881e-09
7.144886363636364e-01,5.681818181818182e-02,1.712578146618347e-07,5.612972885780812e-10
7.343750000000000e-01,5.681818181818182e-02,1.724064133548774e-07,8.776062852277243e-10
7.542613636363636e-01,5.681818181818182e-02,1.729459172511375e-07,1.632743562710188e-09
7.741477272727273e-01,5.681818181818182e-02,1.726454532908372e-07,2.915693417511549e-09
7.940340909090909e-01,5.681818181818182e-02,1.721981838354694e-07,4.090048993455740e-09
8.139204545454546e-01,5.681818181818182e-02,1.716495920463613e-07,5.195460387190427e-09
8.338068181818181e-01,5.681818181818182e-02,1.708440718274498e-07,6.188889426170034e-09
8.536931818181819e-01,5.681818181818182e-02,1.698315115064938e-07,7.190714298586063e-09
8.735795454545454e-01,5.681818181818182e-02,1.686119110834934e-07,8.200935004438495e-09
8.934659090909091e-01,5.681818181818182e-02,1.670116712777698e-07,9.222884308456053e-09
9.133522727272727e-01,5.681818181818182e-02,1.652448794641384e-07,1.024111910443154e-08
9.332386363636364e-01,5.681818181818182e-02,1.632309979508039e-07,1.125104382618537e-08
9.531250000000000e-01,5.681818181818182e-02,1.609148651953407e-07,1.225106451082645e-08
9.730113636363636e-01,5.681818181818182e-02,1.584327658410889e-07,1.324678527830631e-08
9.928977272727273e-01,5.681818181818182e-02,1.556443735334076e-07,1.423664371997442e-08
1.012784090909091e+00,5.681818181818182e-02,1.526053706875842e-07,1.522171292585970e-08
1.032670454545455e+00,5.681818181818182e-02,1.493993709853811e-07,1.620351247217463e-08
1.052556818181818e+00,5.681818181818182e-02,1.458323771479369e-07,1.717739536917294e-08
1.072443181818182e+00,5.681818181818182e-02,1.420710362237134e-07,1.814698108434220e-08
1.092329545454545e+00,5.681818181818182e-02,1.381153482127109e-07,1.911226961768241e-08
1.112215909090909e+00,5.681818181818182e-02,1.337985832350467e-07,2.006972433312622e-08
1.132102272727273e+00,5.681818181818182e-02,1.293150695668459e-07,2.102366122315687e-08
1.151988636363636e+00,5.681818181818182e-02,1.245814035279859e-07,2.197235070992183e-08
1.171875000000000e+00,5.681818181818182e-02,1.195417204089419e-07,2.291490199762963e-08
1.191761363636364e+00,5.681818181818182e-02,1.143353928907739e-07,2.385383116851148e-08
1.211647727272727e+00,5.681818181818182e-02,1.088240529893354e-07,2.478561744342203e-08
1.231534090909091e+00,5.681818181818182e-02,1.030644970359631e-07,2.571021999634190e-08
1.251420454545455e+00,5.681818181818182e-02,9.713900809277855e-08,2.663048902312420e-08
1.271306818181818e+00,5.681818181818182e-02,9.084906176822526e-08,2.754630464671724e-08
1.291193181818182e+00,5.681818181818182e-02,8.435690628081278e-08,2.846568516456130e-08
1.311079545454545e+00,5.681818181818182e-02,7.766254163054105e-08,2.938863057665640e-08
1.330965909090909e+00,5.681818181818182e-02,7.062464763853665e-08,3.028619454592549e-08
1.350852272727273e+00,5.681818181818182e-02,6.345658515549393e-08,3.114366049028353e-08
1.370738636363636e+00,5.681818181818182e-02,5.610178498974508e-08,3.193246434342376e-08
1.390625000000000e+00,5.681818181818182e-02,4.835364902216532e-08,3.280244871915288e-08
1.410511363636364e+00,5.681818181818182e-02,4.023662009418268e-08,3.387105953933486e-08
1.430397727272727e+00,5.681818181818182e-02,3.116031944655381e-08,3.558678679992181e-08
1.450284090909091e+00,5.681818181818182e-02,2.219452827138762e-08,3.693660481412128e-08
1.470170454545455e+00,5.681818181818182e-02,-9.176509894473079e-08,1.413321665480330e-07
1.490056818181818e+00,5.681818181818182e-02,-1.571442718660963e-06,1.587965074528731e-06
6.349431818181818e-01,7.954545454545454e-02,1.940044084581109e-07,-3.442248743891988e-08
6.548295454545454e-01,7.954545454545454e-02,1.699819214093041e-07,-9.352289367560596e-09
6.747159090909091e-01,7.954545454545454e-02,1.658226919528020e-07,-3.304972967669526e-09
6.946022727272727e-01,7.954545454545454e-02,1.644170310465119e-07,-8.253393940767468e-11
7.144886363636364e-01,7.954545454545454e-02,1.652174963255149e-07,6.890632821249423e-10
7.343750000000000e-01,7.954545454545454e-02,1.661247951265557e-07,1.054730110974870e-09
7.542613636363636e-01,7.954545454545454e-02,1.668553717124163e-07,1.433975407380899e-09
7.741477272727273e-01,7.954545454545454e-02,1.668311333205786e-07,2.268938810841992e-09
7.940340909090909e-01,7.954545454545454e-02,1.664765267725853e-07,3.189554749023734e-09
8.139204545454546e-01,7.954545454545454e-02,1.659187086682526e-07,4.150238495921432e-09
8.338068181818181e-01,7.954545454545454e-02,1.651051325704084e-07,5.013202116477429e-09
8.536931818181819e-01,7.954545454545454e-02,1.641196033582092e-07,5.857784479159425e-09
8.735795454545454e-01,7.954545454545454e-02,1.629621210316550e-07,6.683985583967399e-09
8.934659090909091e-01,7.954545454545454e-02,1.614407090215983e-07,7.520638252425687e-09
9.133522727272727e-01,7.954545454545454e-02,1.597555973628467e-07,8.357846821954940e-09
9.332386363636364e-01,7.954545454545454e-02,1.578262166003142e-07,9.194608873829584e-09
9.531250000000000e-01,7.954545454545454e-02,1.556061620648123e-07,1.002294782802955e-08
9.730113636363636e-01,7.954545454545454e-02,1.532270701566963e-07,1.084718040721941e-08
9.928977272727273e-01,7.954545454545454e-02,1.505555149886318e-07,1.166477937571356e-08
1.012784090909091e+00,7.954545454545454e-02,1.476432762312207e-07,1.247834631211824e-08
1.032670454545455e+00,7.954545454545454e-02,1.445706125300376e-07,1.328919444467068e-08
1.052556818181818e+00,7.954545454545454e-02,1.411506949273244e-07,1.409381835890108e-08
1.072443181818182e+00,7.954545454545454e-02,1.375440324552850e-07,1.489485277022953e-08
1.092329545454545e+00,7.954545454545454e-02,1.337506251139196e-07,1.569229767865602e-08
1.112215909090909e+00,7.954545454545454e-02,1.296104579711080e-07,1.648302426867626e-08
1.132102272727273e+00,7.954545454545454e-02,1.253102243727029e-07,1.727067356666602e-08
1.151988636363636e+00,7.954545454545454e-02,1.207698840498141e-07,1.805371396770333e-08
1.171875000000000e+00,7.954545454545454e-02,1.159355330455464e-07,1.883166817947517e-08
1.191761363636364e+00,7.954545454545454e-02,1.109407692342671e-07,1.960689145063445e-08
1.211647727272727e+00,7.954545454545454e-02,1.056518358119914e-07,2.037718746214651e-08
1.231534090909091e+00,7.954545454545454e-02,1.001244446404787e-07,2.114122560145906e-08
1.251420454545455e+00,7.954545454545454e-02,9.443816758322653e-08,2.190100587888684e-08
1.271306818181818e+00,7.954545454545454e-02,8.840856886696148e-08,2.265062969547560e-08
1.291193181818182e+00,7.954545454545454e-02,8.218515715452555e-08,2.340373213600716e-08
1.311079545454545e+00,7.954545454545454e-02,7.576793244591871e-08,2.416031320048152e-08
1.330965909090909e+00,7.954545454545454e-02,6.898448048030190e-08,2.492964340211279e-08
1.350852272727273e+00,7.954545454545454e-02,6.206877009403855e-08,2.566808827676693e-08
1.370738636363636e+00,7.954545454545454e-02,5.496570294004343e-08,2.634917429771750e-08
1.390625000000000e+00,7.954545454545454e-02,4.766298401311725e-08,2.693081522095435e-08
1.410511363636364e+00,7.954545454545454e-02,4.008906510136874e-08,2.762051238138932e-08
1.430397727272727e+00,7.954545454545454e-02,3.172039801820283e-08,2.880586084259769e-08
1.450284090909091e+00,7.954545454545454e-02,2.259905853202495e-08,3.049916608538184e-08
1.470170454545455e+00,7.954545454545454e-02,-2.814841945670080e-07,3.254644201724839e-07
1.490056818181818e+00,7.954545454545454e-02,-4.414636357277930e-06,4.429296432479756e-06
6.349431818181818e-01,1.022727272727273e-01,1.829484045189826e-07,-2.883211998560315e-08
6.548295454545454e-01,1.022727272727273e-01,1.623564009454561e-07,-7.303601678917505e-09
6.747159090909091e-01,1.022727272727273e-01,1.604639912757365e-07,-3.731205383286919e-09
6.946022727272727e-01,1.022727272727273e-01,1.599870137168174e-07,-1.646962315144093e-09
7.144886363636364e-01,1.022727272727273e-01,1.594686394168119e-07,2.448372219746169e-10
7.343750000000000e-01,1.022727272727273e-01,1.598341991036658e-07,9.668979952085245e-10
7.542613636363636e-01,1.022727272727273e-01,1.603513263441292e-07,1.381497700092526e-09
7.741477272727273e-01,1.022727272727273e-01,1.605402672943016e-07,1.838478918245013e-09
7.940340909090909e-01,1.022727272727273e-01,1.603045178641264e-07,2.486310244638716e-09
8.139204545454546e-01,1.022727272727273e-01,1.598073722987450e-07,3.239644191499940e-09
8.338068181818181e-01,1.022727272727273e-01,1.589792852781914e-07,3.986150311585703e-09
8.536931818181819e-01,1.022727272727273e-01,1.580019898726166e-07,4.699989049497509e-09
8.735795454545454e-01,1.022727272727273e-01,1.568754860820207e-07,5.381160405235338e-09
8.934659090909091e-01,1.022727272727273e-01,1.554175143488014e-07,6.056030421657668e-09
9.133522727272727e-01,1.022727272727273e-01,1.538018091560904e-07,6.732740382831869e-09
9.332386363636364e-01,1.022727272727273e-01,1.519480792975803e-07,7.413634737695431e-09
9.531250000000000e-01,1.022727272727273e-01,1.498127616625945e-07,8.090312092010469e-09
9.730113636363636e-01,1.022727272727273e-01,1.475245032354433e-07,8.764036723750531e-09
9.928977272727273e-01,1.022727272727273e-01,1.449570496801611e-07,9.431151706597529e-09
1.012784090909091e+00,1.022727272727273e-01,1.421595532463261e-07,1.009446929588661e-08
1.032670454545455e+00,1.022727272727273e-01,1.392086432314569e-07,1.075530695146946e-08
1.052556818181818e+00,1.022727272727273e-01,1.359247774526904e-07,1.141133108901171e-08
1.072443181818182e+00,1.022727272727273e-01,1.324618654457376e-07,1.206452568754350e-08
1.092329545454545e+00,1.022727272727273e-01,1.288199072105988e-07,1.271489074706481e-08
1.112215909090909e+00,1.022727272727273e-01,1.248456706263679e-07,1.335976487373979e-08
1.132102272727273e+00,1.022727272727273e-01,1.207181588863662e-07,1.400202064144540e-08
1.151988636363636e+00,1.022727272727273e-01,1.163607596373896e-07,1.464032364601563e-08
1.171875000000000e+00,1.022727272727273e-01,1.117220379981854e-07,1.527414426378908e-08
1.191761363636364e+00,1.022727272727273e-01,1.069295136659620e-07,1.590587405984132e-08
1.211647727272727e+00,1.022727272727273e-01,1.018543685162289e-07,1.653441989637928e-08
1.231534090909091e+00,1.022727272727273e-01,9.654921847497596e-08,1.715913035232665e-08
1.251420454545455e+00,1.022727272727273e-01,9.109131563279584e-08,1.778070009446085e-08
1.271306818181818e+00,1.022727272727273e-01,8.530877281731700e-08,1.838914052795576e-08
1.291193181818182e+00,1.022727272727273e-01,7.934666272718154e-08,1.899527246891043e-08
1.311079545454545e+00,1.022727272727273e-01,7.320498536238929e-08,1.959909591732487e-08
1.330965909090909e+00,1.022727272727273e-01,6.669074513952237e-08,2.023771294187594e-08
1.350852272727273e+00,1.022727272727273e-01,6.002359567117008e-08,2.087334569717226e-08
1.370738636363636e+00,1.022727272727273e-01,5.313279518744664e-08,2.149878919572959e-08
1.390625000000000e+00,1.022727272727273e-01,4.614854842122882e-08,2.193187419975654e-08
1.410511363636364e+00,1.022727272727273e-01,3.902255957118877e-08,2.235080777286525e-08
1.430397727272727e+00,1.022727272727273e-01,3.147029602962819e-08,2.291021126047082e-08
1.450284090909091e+00,1.022727272727273e-01,2.276094848259159e-08,2.439285848144175e-08
1.470170454545455e+00,1.022727272727273e-01,-3.193533450610679e-07,3.578431641643354e-07
1.490056818181818e+00,1.022727272727273e-01,-4.987375218743341e-06,5.000205158444431e-06
6.349431818181818e-01,1.250000000000000e-01,1.739017383498266e-07,-2.554925832633139e-08
6.548295454545454e-01,1.250000000000000e-01,1.535091122204974e-07,-4.328280900984094e-09
6.747159090909091e-01,1.250000000000000e-01,1.531162435508640e-07,-2.457622421811538e-09
6.946022727272727e-01,1.250000000000000e-01,1.538936863220998e-07,-1.831081989221854e-09
7.144886363636364e-01,1.250000000000000e-01,1.540084925001730e-07,-7.646791094724505e-10
7.343750000000000e-01,1.250000000000000e-01,1.538918819351565e-07,2.608610015849074e-10
7.542613636363636e-01,1.250000000000000e-01,1.537794734543633e-07,1.133682931083713e-09
7.741477272727273e-01,1.250000000000000e-01,1.539138893588121e-07,1.487400963559872e-09
7.940340909090909e-01,1.250000000000000e-01,1.537681595192757e-07,1.898490594029012e-09
8.139204545454546e-01,1.250000000000000e-01,1.534315082422676e-07,2.351985564637744e-09
8.338068181818181e-01,1.250000000000000e-01,1.526361530958003e-07,2.942399527111883e-09
8.536931818181819e-01,1.250000000000000e-01,1.516809336983425e-07,3.519408960364352e-09
8.735795454545454e-01,1.250000000000000e-01,1.505658500498942e-07,4.083013864395136e-09
8.934659090909091e-01,1.250000000000000e-01,1.491642393772116e-07,4.611360915095884e-09
9.133522727272727e-01,1.250000000000000e-01,1.476167080715609e-07,5.137112501429528e-09
9.332386363636364e-01,1.250000000000000e-01,1.458461925991538e-07,5.663074108517312e-09
9.531250000000000e-01,1.250000000000000e-01,1.438011289783338e-07,6.191304352236110e-09
9.730113636363636e-01,1.250000000000000e-01,1.416081328703266e-07,6.718950985806806e-09
9.928977272727273e-01,1.250000000000000e-01,1.391472657910462e-07,7.242189078870118e-09
1.012784090909091e+00,1.250000000000000e-01,1.364676388390472e-07,7.761412898648820e-09
1.032670454545455e+00,1.250000000000000e-01,1.336420370551458e-07,8.278095452994332e-09
1.052556818181818e+00,1.250000000000000e-01,1.304986948705928e-07,8.790733530430420e-09
1.072443181818182e+00,1.250000000000000e-01,1.271841372151207e-07,9.301318298562900e-09
1.092329545454545e+00,1.250000000000000e-01,1.236983640887297e-07,9.809849757391761e-09
1.112215909090909e+00,1.250000000000000e-01,1.198948763151168e-07,1.031431098588015e-08
1.132102272727273e+00,1.250000000000000e-01,1.159449206576517e-07,1.081672400088604e-08
1.151988636363636e+00,1.250000000000000e-01,1.117753140680988e-07,1.131601380197824e-08
1.171875000000000e+00,1.250000000000000e-01,1.073377546949987e-07,1.181097687483641e-08
1.191761363636364e+00,1.250000000000000e-01,1.027536221586154e-07,1.230399701364204e-08
1.211647727272727e+00,1.250000000000000e-01,9.790000747374026e-08,1.279421978915571e-08
1.231534090909091e+00,1.250000000000000e-01,9.282371487597366e-08,1.328434633156070e-08
1.251420454545455e+00,1.250000000000000e-01,8.759959469793142e-08,1.377378435690726e-08
1.271306818181818e+00,1.250000000000000e-01,8.206194534718978e-08,1.425496667739048e-08
1.291193181818182e+00,1.250000000000000e-01,7.636336156469416e-08,1.472381464940375e-08
1.311079545454545e+00,1.250000000000000e-01,7.050384335044451e-08,1.518032827294707e-08
1.330965909090909e+00,1.250000000000000e-01,6.430802479907585e-08,1.565135735605030e-08
1.350852272727273e+00,1.250000000000000e-01,5.793305083031754e-08,1.615302575920809e-08
1.370738636363636e+00,1.250000000000000e-01,5.128216177232039e-08,1.670783510560195e-08
1.390625000000000e+00,1.250000000000000e-01,4.444539878308460e-08,1.717623887145195e-08
1.410511363636364e+00,1.250000000000000e-01,3.752122900897556e-08,1.758353332483985e-08
1.430397727272727e+00,1.250000000000000e-01,3.046244162156991e-08,1.785316587974393e-08
1.450284090909091e+00,1.250000000000000e-01,2.233179360626951e-08,1.897188491653991e-08
1.470170454545455e+00,1.250000000000000e-01,-2.837167830136658e-07,3.168182033462322e-07
1.490056818181818e+00,1.250000000000000e-01,-4.454957215847808e-06,4.465991022625330e-06
6.349431818181818e-01,1.477272727272727e-01,1.665339966932273e-07,-2.440727569592635e-08
6.548295454545454e-01,1.477272727272727e-01,1.465701465646445e-07,-3.718271510997319e-09
6.747159090909091e-01,1.477272727272727e-01,1.457442474636495e-07,-1.607111689431379e-09
6.946022727272727e-01,1.477272727272727e-01,1.464145351135397e-07,-1.066500411434873e-09
7.144886363636364e-01,1.477272727272727e-01,1.471280887727416e-07,-7.805596000129990e-10
7.343750000000000e-01,1.477272727272727e-01,1.472756233295810e-07,-1.869829117706414e-10
7.542613636363636e-01,1.477272727272727e-01,1.472434382901609e-07,4.453770678898012e-10
7.741477272727273e-01,1.477272727272727e-01,1.471183005001516e-07,9.123065725960717e-10
7.940340909090909e-01,1.477272727272727e-01,1.468724862042194e-07,1.288508125966978e-09
8.139204545454546e-01,1.477272727272727e-01,1.465318862006181e-07,1.618559082166864e-09
8.338068181818181e-01,1.477272727272727e-01,1.458306245400956e-07,2.003909701454428e-09
8.536931818181819e-01,1.477272727272727e-01,1.449480819737432e-07,2.406115537595510e-09
8.735795454545454e-01,1.477272727272727e-01,1.438842585015609e-07,2.825176590590103e-09
8.934659090909091e-01,1.477272727272727e-01,1.425322865582606e-07,3.227024120872574e-09
9.133522727272727e-01,1.477272727272727e-01,1.410451805631628e-07,3.623069398110402e-09
9.332386363636364e-01,1.477272727272727e-01,1.393547307554454e-07,4.011054030704937e-09
9.531250000000000e-01,1.477272727272727e-01,1.374058176162800e-07,4.399118769206287e-09
9.730113636363636e-01,1.477272727272727e-01,1.353162017379024e-07,4.786949942078971e-09
9.928977272727273e-01,1.477272727272727e-01,1.329691391471945e-07,5.173844601739735e-09
1.012784090909091e+00,1.477272727272727e-01,1.304133699065031e-07,5.558041454121427e-09
1.032670454545455e+00,1.477272727272727e-01,1.277184460393319e-07,5.940456628141013e-09
1.052556818181818e+00,1.477272727272727e-01,1.247218378333621e-07,6.319194147135361e-09
1.072443181818182e+00,1.477272727272727e-01,1.215624398939490e-07,6.696295710591375e-09
1.092329545454545e+00,1.477272727272727e-01,1.182402522210926e-07,7.071761318509047e-09
1.112215909090909e+00,1.477272727272727e-01,1.146156124035389e-07,7.444317077301442e-09
1.132102272727273e+00,1.477272727272727e-01,1.108513968551409e-07,7.815512262096550e-09
1.151988636363636e+00,1.477272727272727e-01,1.068778229804889e-07,8.184661315883126e-09
1.171875000000000e+00,1.477272727272727e-01,1.026490282753170e-07,8.550647974645758e-09
1.191761363636364e+00,1.477272727272727e-01,9.828111911808191e-08,8.914812780630481e-09
1.211647727272727e+00,1.477272727272727e-01,9.365834446713542e-08,9.275459854786834e-09
1.231534090909091e+00,1.477272727272727e-01,8.882467925313448e-08,9.635593034732431e-09
1.251420454545455e+00,1.477272727272727e-01,8.385029370788542e-08,9.995510241083022e-09
1.271306818181818e+00,1.477272727272727e-01,7.856964236736113e-08,1.035633124888733e-08
1.291193181818182e+00,1.477272727272727e-01,7.313196415500172e-08,1.070975343954479e-08
1.311079545454545e+00,1.477272727272727e-01,6.753725907080711e-08,1.105577681305541e-08
1.330965909090909e+00,1.477272727272727e-01,6.165438262447607e-08,1.138460955487930e-08
1.350852272727273e+00,1.477272727272727e-01,5.561572496501846e-08,1.172828720498816e-08
1.370738636363636e+00,1.477272727272727e-01,4.933656177207493e-08,1.210106593132043e-08
1.390625000000000e+00,1.477272727272727e-01,4.279324906462437e-08,1.247961094661700e-08
1.410511363636364e+00,1.477272727272727e-01,3.613584063811792e-08,1.283131537612798e-08
1.430397727272727e+00,1.477272727272727e-01,2.932423075624696e-08,1.307883803546085e-08
1.450284090909091e+00,1.477272727272727e-01,2.160350638444946e-08,1.402407072745779e-08
1.470170454545455e+00,1.477272727272727e-01,-2.536735041578649e-07,2.815719958233314e-07
1.490056818181818e+00,1.477272727272727e-01,-4.000616408045080e-06,4.009915905266903e-06
6.349431818181818e-01,1.704545454545455e-01,1.586659352709653e-07,-2.304418034233636e-08
6.548295454545454e-01,1.704545454545455e-01,1.398307613784133e-07,-3.583875892287837e-09
6.747159090909091e-01,1.704545454545455e-01,1.386342174087445e-07,-1.288421338885261e-09
6.946022727272727e-01,1.704545454545455e-01,1.390308693889084e-07,-6.607437245854775e-10
7.144886363636364e-01,1.704545454545455e-01,1.398530022432948e-07,-6.583930765196745e-10
7.343750000000000e-01,1.704545454545455e-01,1.401817594730703e-07,-4.069231385350053e-10
7.542613636363636e-01,1.704545454545455e-01,1.402946134329239e-07,-7.278065863803868e-11
7.741477272727273e-01,1.704545454545455e-01,1.401091976943407e-07,3.153751850184851e-10
7.940340909090909e-01,1.704545454545455e-01,1.398092856804605e-07,6.181812119599161e-10
8.139204545454546e-01,1.704545454545455e-01,1.394251690886261e-07,8.719610888472673e-10
8.338068181818181e-01,1.704545454545455e-01,1.387733105271995e-07,1.104816357973920e-09
8.536931818181819e-01,1.704545454545455e-01,1.379487001089296e-07,1.354987634602546e-09
8.735795454545454e-01,1.704545454545455e-01,1.369513378338165e-07,1.622474918733138e-09
8.934659090909091e-01,1.704545454545455e-01,1.356619111503855e-07,1.893360033822797e-09
9.133522727272727e-01,1.704545454545455e-01,1.342431205446712e-07,2.160378343186614e-09
9.332386363636364e-01,1.704545454545455e-01,1.326319145661524e-07,2.419965933341890e-09
9.531250000000000e-01,1.704545454545455e-01,1.307795430462670e-07,2.676462730183248e-09
9.730113636363636e-01,1.704545454545455e-01,1.287947961616640e-07,2.932104163734190e-09
9.928977272727273e-01,1.704545454545455e-01,1.265658384811295e-07,3.187700058534187e-09
1.012784090909091e+00,1.704545454545455e-01,1.241382282668573e-07,3.442102395058393e-09
1.032670454545455e+00,1.704545454545455e-01,1.215782529448374e-07,3.695639111321374e-09
1.052556818181818e+00,1.704545454545455e-01,1.187322439657584e-07,3.946542907291326e-09
1.072443181818182e+00,1.704545454545455e-01,1.157320446351039e-07,4.196201205492976e-09
1.092329545454545e+00,1.704545454545455e-01,1.125776549528739e-07,4.444614005926319e-09
1.112215909090909e+00,1.704545454545455e-01,1.091366412857708e-07,4.690984213881600e-09
1.132102272727273e+00,1.704545454545455e-01,1.055632471418767e-07,4.936504170619067e-09
1.151988636363636e+00,1.704545454545455e-01,1.017912545376644e-07,5.180776495661443e-09
1.171875000000000e+00,1.704545454545455e-01,9.777676054193506e-08,5.423293877537166e-09
1.191761363636364e+00,1.704545454545455e-01,9.363030541816474e-08,5.664541659445658e-09
1.211647727272727e+00,1.704545454545455e-01,8.924249421642799e-08,5.902889184640948e-09
1.231534090909091e+00,1.704545454545455e-01,8.465648560497744e-08,6.139588027534276e-09
1.251420454545455e+00,1.704545454545455e-01,7.993792524802385e-08,6.375607887920486e-09
1.271306818181818e+00,1.704545454545455e-01,7.492761793635348e-08,6.614708125672742e-09
1.291193181818182e+00,1.704545454545455e-01,6.976303394872469e-08,6.852649190039913e-09
1.311079545454545e+00,1.704545454545455e-01,6.444417328513743e-08,7.089431081022000e-09
1.330965909090909e+00,1.704545454545455e-01,5.885810850339510e-08,7.304750512806729e-09
1.350852272727273e+00,1.704545454545455e-01,5.313797738090230e-08,7.520905557333235e-09
1.370738636363636e+00,1.704545454545455e-01,4.721352433834154e-08,7.741536429914575e-09
1.390625000000000e+00,1.704545454545455e-01,4.101304822913087e-08,7.993934034463561e-09
1.410511363636364e+00,1.704545454545455e-01,3.468589055160093e-08,8.239782479323150e-09
1.430397727272727e+00,1.704545454545455e-01,2.817025685688357e-08,8.429850606687316e-09
1.450284090909091e+00,1.704545454545455e-01,2.084043269179240e-08,9.234263112412191e-09
1.470170454545455e+00,1.704545454545455e-01,-2.314788933843043e-07,2.543042608934184e-07
1.490056818181818e+00,1.704545454545455e-01,-3.662781479795102e-06,3.670389935631474e-06
6.349431818181818e-01,1.931818181818182e-01,1.502573178104350e-07,-2.141590541403899e-08
6.548295454545454e-01,1.931818181818182e-01,1.330072189009714e-07,-3.637498219283919e-09
6.747159090909091e-01,1.931818181818182e-01,1.315884757488525e-07,-1.299961901521786e-09
6.946022727272727e-01,1.931818181818182e-01,1.316854166683973e-07,-5.525720626611552e-10
7.144886363636364e-01,1.931818181818182e-01,1.323185550428426e-07,-5.294791490087608e-10
7.343750000000000e-01,1.931818181818182e-01,1.327215632665908e-07,-5.061554372761987e-10
7.542613636363636e-01,1.931818181818182e-01,1.329634356859713e-07,-4.470955680506809e-10
7.741477272727273e-01,1.931818181818182e-01,1.328446069733672e-07,-2.572339194311607e-10
7.940340909090909e-01,1.931818181818182e-01,1.325389084502848e-07,-6.860193064301639e-11
8.139204545454546e-01,1.931818181818182e-01,1.321133510907191e-07,1.144892477554414e-10
8.338068181818181e-01,1.931818181818182e-01,1.314792441547675e-07,2.344307676479132e-10
8.536931818181819e-01,1.931818181818182e-01,1.306980332584541e-07,3.551766598846889e-10
8.735795454545454e-01,1.931818181818182e-01,1.297697184017789e-07,4.767269244657655e-10
8.934659090909091e-01,1.931818181818182e-01,1.285527557394693e-07,6.152257597846195e-10
9.133522727272727e-01,1.931818181818182e-01,1.272098603730113e-07,7.542576523788958e-10
9.332386363636364e-01,1.931818181818182e-01,1.256802527583278e-07,8.919023228898560e-10
9.531250000000000e-01,1.931818181818182e-01,1.239257690296428e-07,1.024523754802837e-09
9.730113636363636e-01,1.931818181818182e-01,1.220474781984455e-07,1.155552642355189e-09
9.928977272727273e-01,1.931818181818182e-01,1.199401041053715e-07,1.285765439183210e-09
1.012784090909091e+00,1.931818181818182e-01,1.176445955518876e-07,1.416013226110927e-09
1.032670454545455e+00,1.931818181818182e-01,1.152237582025770e-07,1.546190161992066e-09
1.052556818181818e+00,1.931818181818182e-01,1.125323953882556e-07,1.675193327992088e-09
1.072443181818182e+00,1.931818181818182e-01,1.096955362511256e-07,1.803393228782060e-09
1.092329545454545e+00,1.931818181818182e-01,1.067131807911870e-07,1.930789864361978e-09
1.112215909090909e+00,1.931818181818182e-01,1.034604411985083e-07,2.056871397789749e-09
1.132102272727273e+00,1.931818181818182e-01,1.000827829875717e-07,2.182471902602395e-09
1.151988636363636e+00,1.931818181818182e-01,9.651770906676562e-08,2.307388646975039e-09
1.171875000000000e+00,1.931818181818182e-01,9.272318512214603e-08,2.431856062559804e-09
1.191761363636364e+00,1.931818181818182e-01,8.880375669842670e-08,2.555828310371131e-09
1.211647727272727e+00,1.931818181818182e-01,8.465579520848853e-08,2.678434271801063e-09
1.231534090909091e+00,1.931818181818182e-01,8.032220670576715e-08,2.798567775704419e-09
1.251420454545455e+00,1.931818181818182e-01,7.586454004691636e-08,2.917379788863895e-09
1.271306818181818e+00,1.931818181818182e-01,7.113449689515113e-08,3.036869060044862e-09
1.291193181818182e+00,1.931818181818182e-01,6.625442450278246e-08,3.160087983811070e-09
1.311079545454545e+00,1.931818181818182e-01,6.122432286981024e-08,3.287036560162519e-09
1.330965909090909e+00,1.931818181818182e-01,5.593131754503076e-08,3.405189593428644e-09
1.350852272727273e+00,1.931818181818182e-01,5.052076880496609e-08,3.515486395106945e-09
1.370738636363636e+00,1.931818181818182e-01,4.493504396702280e-08,3.612859824354368e-09
1.390625000000000e+00,1.931818181818182e-01,3.910329283641013e-08,3.726360193670412e-09
1.410511363636364e+00,1.931818181818182e-01,3.314531141776184e-08,3.840691204148802e-09
1.430397727272727e+00,1.931818181818182e-01,2.697051190231904e-08,3.941940958820497e-09
1.450284090909091e+00,1.931818181818182e-01,2.003011178885171e-08,4.620691841207083e-09
1.470170454545455e+00,1.931818181818182e-01,-2.141388787215556e-07,2.320264683562589e-07
1.490056818181818e+00,1.931818181818182e-01,-3.396750206739676e-06,3.402712736617911e-06
6.349431818181818e-01,2.159090909090909e-01,1.411276078132922e-07,-1.939009466335240e-08
6.548295454545454e-01,2.159090909090909e-01,1.255719597045783e-07,-3.399069595097575e-09
6.747159090909091e-01,2.159090909090909e-01,1.242640604158423e-07,-1.344918516404967e-09
6.946022727272727e-01,2.159090909090909e-01,1.242827290891745e-07,-6.912706718243957e-10
7.144886363636364e-01,2.159090909090909e-01,1.247164548730018e-07,-6.288076347060492e-10
7.343750000000000e-01,2.159090909090909e-01,1.250220594618880e-07,-6.534905878120129e-10
7.542613636363636e-01,2.159090909090909e-01,1.252282207173345e-07,-6.961486721166607e-10
7.741477272727273e-01,2.159090909090909e-01,1.251978776117758e-07,-7.175695805921727e-10
7.940340909090909e-01,2.159090909090909e-01,1.249485500765233e-07,-6.961337563325102e-10
8.139204545454546e-01,2.159090909090909e-01,1.245590015616839e-07,-6.518954171253878e-10
8.338068181818181e-01,2.159090909090909e-01,1.239281345266726e-07,-6.207452311331027e-10
8.536931818181819e-01,2.159090909090909e-01,1.231732657033783e-07,-6.025814656044267e-10
8.735795454545454e-01,2.159090909090909e-01,1.222943950918009e-07,-5.974041205393601e-10
8.934659090909091e-01,2.159090909090909e-01,1.211564209794932e-07,-5.875299481311293e-10
9.133522727272727e-01,2.159090909090909e-01,1.198979582600147e-07,-5.745856331922264e-10
9.332386363636364e-01,2.159090909090909e-01,1.184584919169608e-07,-5.567653916379373e-10
9.531250000000000e-01,2.159090909090909e-01,1.168052304475116e-07,-5.404172088619118e-10
9.730113636363636e-01,2.159090909090909e-01,1.150354770731526e-07,-5.249955858159745e-10
9.928977272727273e-01,2.159090909090909e-01,1.130523818405188e-07,-5.114992896687631e-10
1.012784090909091e+00,2.159090909090909e-01,1.108930604837289e-07,-4.979045663256939e-10
1.032670454545455e+00,2.159090909090909e-01,1.086162422586432e-07,-4.842314393268816e-10
1.052556818181818e+00,2.159090909090909e-01,1.060847089757273e-07,-4.702499278846096e-10
1.072443181818182e+00,2.159090909090909e-01,1.034163447795603e-07,-4.564257119380497e-10
1.092329545454545e+00,2.159090909090909e-01,1.006111496701423e-07,-4.427587914872024e-10
1.112215909090909e+00,2.159090909090909e-01,9.755202717390496e-08,-4.295711576041057e-10
1.132102272727273e+00,2.159090909090909e-01,9.437570214950018e-08,-4.165994601934668e-10
1.151988636363636e+00,2.159090909090909e-01,9.102357175103038e-08,-4.039500856777172e-10
1.171875000000000e+00,2.159090909090909e-01,8.745606100779593e-08,-3.911875515716033e-10
1.191761363636364e+00,2.159090909090909e-01,8.377096210611667e-08,-3.782553236606314e-10
1.211647727272727e+00,2.159090909090909e-01,7.987008696823780e-08,-3.648140447222125e-10
1.231534090909091e+00,2.159090909090909e-01,7.579415649896930e-08,-3.524451313547591e-10
1.251420454545455e+00,2.159090909090909e-01,7.160162606773904e-08,-3.408947206659343e-10
1.271306818181818e+00,2.159090909090909e-01,6.715758463548705e-08,-3.322399823423163e-10
1.291193181818182e+00,2.159090909090909e-01,6.257433637169693e-08,-3.213666212270247e-10
1.311079545454545e+00,2.159090909090909e-01,5.785188127636867e-08,-3.082746373200598e-10
1.330965909090909e+00,2.159090909090909e-01,5.286971357848246e-08,-2.898767242431663e-10
1.350852272727273e+00,2.159090909090909e-01,4.777393634744053e-08,-2.752877426504565e-10
1.370738636363636e+00,2.159090909090909e-01,4.250962216322625e-08,-2.682895048451137e-10
1.390625000000000e+00,2.159090909090909e-01,3.703536578266750e-08,-2.666162558685955e-10
1.410511363636364e+00,2.159090909090909e-01,3.144905623014334e-08,-2.703082995667820e-10
1.430397727272727e+00,2.159090909090909e-01,2.566182724342390e-08,-2.883480942433946e-10
1.450284090909091e+00,2.159090909090909e-01,1.914066490256671e-08,2.514177682576966e-10
1.470170454545455e+00,2.159090909090909e-01,-1.972350498432100e-07,2.103572523299812e-07
1.490056818181818e+00,2.159090909090909e-01,-3.136419316072957e-06,3.140793383568548e-06
6.349431818181818e-01,2.386363636363636e-01,1.316277686005877e-07,-1.735815244684145e-08
6.548295454545454e-01,2.386363636363636e-01,1.176158301972895e-07,-2.999134384517854e-09
6.747159090909091e-01,2.386363636363636e-01,1.164352238909276e-07,-1.235793852824082e-09
6.946022727272727e-01,2.386363636363636e-01,1.164548804896123e-07,-7.456415723382997e-10
7.144886363636364e-01,2.386363636363636e-01,1.168583643347284e-07,-8.032112551704116e-10
7.343750000000000e-01,2.386363636363636e-01,1.170944425935561e-07,-8.936911167807424e-10
7.542613636363636e-01,2.386363636363636e-01,1.172368563948809e-07,-9.997696654741217e-10
7.741477272727273e-01,2.386363636363636e-01,1.172032394383165e-07,-1.130133221360460e-09
7.940340909090909e-01,2.386363636363636e-01,1.169858119355116e-07,-1.240580947886823e-09
8.139204545454546e-01,2.386363636363636e-01,1.166469133666302e-07,-1.338820752923792e-09
8.338068181818181e-01,2.386363636363636e-01,1.160564115504916e-07,-1.422194123976242e-09
8.536931818181819e-01,2.386363636363636e-01,1.153443505001457e-07,-1.511481929506698e-09
8.735795454545454e-01,2.386363636363636e-01,1.145107302155926e-07,-1.606684169515160e-09
8.934659090909091e-01,2.386363636363636e-01,1.134450284033250e-07,-1.706541695081847e-09
9.133522727272727e-01,2.386363636363636e-01,1.122687337947534e-07,-1.805069568931572e-09
9.332386363636364e-01,2.386363636363636e-01,1.109255065182102e-07,-1.900559491690397e-09
9.531250000000000e-01,2.386363636363636e-01,1.093800500576889e-07,-1.994135995549284e-09
9.730113636363636e-01,2.386363636363636e-01,1.077249239084541e-07,-2.087305955282224e-09
9.928977272727273e-01,2.386363636363636e-01,1.058699047512478e-07,-2.180898672119963e-09
1.012784090909091e+00,2.386363636363636e-01,1.038509217651922e-07,-2.274422276989500e-09
1.032670454545455e+00,2.386363636363636e-01,1.017225692925707e-07,-2.367839539880575e-09
1.052556818181818e+00,2.386363636363636e-01,9.935659670294913e-08,-2.460373499044195e-09
1.072443181818182e+00,2.386363636363636e-01,9.686273059899252e-08,-2.552487612558122e-09
1.092329545454545e+00,2.386363636363636e-01,9.424097098070094e-08,-2.644181880422354e-09
1.112215909090909e+00,2.386363636363636e-01,9.138191467856501e-08,-2.735316277714996e-09
1.132102272727273e+00,2.386363636363636e-01,8.841340806213266e-08,-2.826263505298546e-09
1.151988636363636e+00,2.386363636363636e-01,8.528074734388365e-08,-2.916951347946417e-09
1.171875000000000e+00,2.386363636363636e-01,8.194736255237139e-08,-3.007230882408305e-09
1.191761363636364e+00,2.386363636363636e-01,7.850431236725615e-08,-3.097108167854821e-09
1.211647727272727e+00,2.386363636363636e-01,7.485987981219325e-08,-3.185918848430950e-09
1.231534090909091e+00,2.386363636363636e-01,7.105091763118076e-08,-3.274094619937287e-09
1.251420454545455e+00,2.386363636363636e-01,6.713245366507833e-08,-3.362031750940475e-09
1.271306818181818e+00,2.386363636363636e-01,6.297873601355419e-08,-3.451452009795661e-09
1.291193181818182e+00,2.386363636363636e-01,5.869738658135945e-08,-3.540714156665598e-09
1.311079545454545e+00,2.386363636363636e-01,5.428840536849410e-08,-3.629818191550285e-09
1.330965909090909e+00,2.386363636363636e-01,4.963715167107902e-08,-3.713386555157902e-09
1.350852272727273e+00,2.386363636363636e-01,4.487636291284755e-08,-3.796683002536461e-09
1.370738636363636e+00,2.386363636363636e-01,3.995195646608413e-08,-3.880256478264156e-09
1.390625000000000e+00,2.386363636363636e-01,3.483313646183664e-08,-3.969732161584883e-09
1.410511363636364e+00,2.386363636363636e-01,2.961320007068696e-08,-4.067354602590843e-09
1.430397727272727e+00,2.386363636363636e-01,2.421691715171336e-08,-4.188946280849620e-09
1.450284090909091e+00,2.386363636363636e-01,1.813420151818403e-08,-3.787999961433761e-09
1.470170454545455e+00,2.386363636363636e-01,-1.787309917161664e-07,1.873082737601208e-07
1.490056818181818e+00,2.386363636363636e-01,-2.850810824155976e-06,2.853669918170627e-06
6.349431818181818e-01,2.613636363636364e-01,1.219230596431693e-07,-1.537359344143590e-08
6.548295454545454e-01,2.613636363636364e-01,1.094380427068380e-07,-2.626430999270398e-09
6.747159090909091e-01,2.613636363636364e-01,1.083385603759880e-07,-1.101182424507045e-09
6.946022727272727e-01,2.613636363636364e-01,1.083392010885187e-07,-7.476240162229157e-10
7.144886363636364e-01,2.613636363636364e-01,1.087436046414524e-07,-9.493044490379714e-10
7.343750000000000e-01,2.613636363636364e-01,1.089463818697361e-07,-1.134495891346994e-09
7.542613636363636e-01,2.613636363636364e-01,1.090511374631514e-07,-1.322649699235127e-09
7.741477272727273e-01,2.613636363636364e-01,1.089981067200325e-07,-1.538154504752696e-09
7.940340909090909e-01,2.613636363636364e-01,1.087958970405848e-07,-1.755956374617670e-09
8.139204545454546e-01,2.613636363636364e-01,1.084925344704210e-07,-1.973589354217346e-09
8.338068181818181e-01,2.613636363636364e-01,1.079515877499892e-07,-2.172436851192430e-09
8.536931818181819e-01,2.613636363636364e-01,1.072910459410513e-07,-2.369503926854033e-09
8.735795454545454e-01,2.613636363636364e-01,1.065109090436074e-07,-2.564790581202151e-09
8.934659090909091e-01,2.613636363636364e-01,1.055174153299076e-07,-2.765519086937966e-09
9.133522727272727e-01,2.613636363636364e-01,1.044230608616864e-07,-2.966370838602728e-09
9.332386363636364e-01,2.613636363636364e-01,1.031766987483463e-07,-3.166690945824373e-09
9.531250000000000e-01,2.613636363636364e-01,1.017421413043612e-07,-3.363953056562161e-09
9.730113636363636e-01,2.613636363636364e-01,1.002053981919505e-07,-3.560013499325265e-09
9.928977272727273e-01,2.613636363636364e-01,9.848216962595723e-08,-3.754725822665050e-09
1.012784090909091e+00,2.613636363636364e-01,9.660695512191412e-08,-3.948928208631187e-09
1.032670454545455e+00,2.613636363636364e-01,9.463037279198968e-08,-4.142746769166852e-09
1.052556818181818e+00,2.613636363636364e-01,9.243368494485756e-08,-4.335258480138241e-09
1.072443181818182e+00,2.613636363636364e-01,9.011833222875676e-08,-4.526919989333586e-09
1.092329545454545e+00,2.613636363636364e-01,8.768431464368734e-08,-4.717731296752883e-09
1.112215909090909e+00,2.613636363636364e-01,8.502999820757901e-08,-4.907042420776731e-09
1.132102272727273e+00,2.613636363636364e-01,8.227407652324818e-08,-5.095732297028834e-09
1.151988636363636e+00,2.613636363636364e-01,7.936576830995294e-08,-5.283511644992705e-09
1.171875000000000e+00,2.613636363636364e-01,7.627141250193478e-08,-5.470380732393566e-09
1.191761363636364e+00,2.613636363636364e-01,7.307547126024588e-08,-5.656648386574748e-09
1.211647727272727e+00,2.613636363636364e-01,6.969309768982044e-08,-5.841621046180121e-09
1.231534090909091e+00,2.613636363636364e-01,6.615763408005881e-08,-6.024979667124032e-09
1.251420454545455e+00,2.613636363636364e-01,6.252022440239013e-08,-6.207376220610969e-09
1.271306818181818e+00,2.613636363636364e-01,5.866316612602441e-08,-6.388922843045530e-09
1.291193181818182e+00,2.613636363636364e-01,5.468873835196400e-08,-6.570914634977921e-09
1.311079545454545e+00,2.613636363636364e-01,5.059694108020884e-08,-6.753351596408144e-09
1.330965909090909e+00,2.613636363636364e-01,4.628325797532367e-08,-6.932701392351373e-09
1.350852272727273e+00,2.613636363636364e-01,4.186646102192797e-08,-7.109921340235071e-09
1.370738636363636e+00,2.613636363636364e-01,3.729478179503126e-08,-7.283735015294429e-09
1.390625000000000e+00,2.613636363636364e-01,3.253985161844595e-08,-7.459435074824845e-09
1.410511363636364e+00,2.613636363636364e-01,2.769243900896520e-08,-7.643636701910573e-09
1.430397727272727e+00,2.613636363636364e-01,2.268917509522311e-08,-7.857124358894732e-09
1.450284090909091e+00,2.613636363636364e-01,1.705231404498603e-08,-7.588490880060112e-09
1.470170454545455e+00,2.613636363636364e-01,-1.598234001918308e-07,1.640242574106385e-07
1.490056818181818e+00,2.613636363636364e-01,-2.558228226534973e-06,2.559628512274576e-06
6.349431818181818e-01,2.840909090909091e-01,1.120166893202981e-07,-1.343574462165095e-08
6.548295454545454e-01,2.840909090909091e-01,1.010754338359191e-07,-2.313888302658745e-09
6.747159090909091e-01,2.840909090909091e-01,1.000076973778069e-07,-9.707524380712368e-10
6.946022727272727e-01,2.840909090909091e-01,9.995471263124622e-08,-7.122271807794795e-10
7.144886363636364e-01,2.840909090909091e-01,1.003611783310719e-07,-1.052024338317846e-09
7.343750000000000e-01,2.840909090909091e-01,1.005623042591646e-07,-1.356214129921708e-09
7.542613636363636e-01,2.840909090909091e-01,1.006610086386486e-07,-1.650563685177118e-09
7.741477272727273e-01,2.840909090909091e-01,1.005895071116334e-07,-1.944439739756041e-09
7.940340909090909e-01,2.840909090909091e-01,1.003906005004333e-07,-2.249782678550210e-09
8.139204545454546e-01,2.840909090909091e-01,1.001052426181590e-07,-2.561255658536699e-09
8.338068181818181e-01,2.840909090909091e-01,9.961616604214102e-08,-2.869602788024378e-09
8.536931818181819e-01,2.840909090909091e-01,9.901302860921534e-08,-3.171900591582249e-09
8.735795454545454e-01,2.840909090909091e-01,9.829583031938203e-08,-3.468149069210303e-09
8.934659090909091e-01,2.840909090909091e-01,9.737651347636411e-08,-3.762871836898594e-09
9.133522727272727e-01,2.840909090909091e-01,9.636503146077054e-08,-4.058010744277995e-09
9.332386363636364e-01,2.840909090909091e-01,9.521563778036632e-08,-4.354109955246900e-09
9.531250000000000e-01,2.840909090909091e-01,9.389446890668676e-08,-4.648166378762930e-09
9.730113636363636e-01,2.840909090909091e-01,9.247939993151851e-08,-4.940904013057051e-09
9.928977272727273e-01,2.840909090909091e-01,9.089180577750034e-08,-5.230848874323720e-09
1.012784090909091e+00,2.840909090909091e-01,8.916392231243365e-08,-5.519376392942021e-09
1.032670454545455e+00,2.840909090909091e-01,8.734253366979152e-08,-5.806980046251725e-09
1.052556818181818e+00,2.840909090909091e-01,8.531877829846446e-08,-6.092809814121174e-09
1.072443181818182e+00,2.840909090909091e-01,8.318586800910364e-08,-6.377496194934795e-09
1.092329545454545e+00,2.840909090909091e-01,8.094380280170910e-08,-6.661039188692581e-09
1.112215909090909e+00,2.840909090909091e-01,7.849886771236468e-08,-6.942305143745211e-09
1.132102272727273e+00,2.840909090909091e-01,7.596030384593024e-08,-7.222523633974606e-09
1.151988636363636e+00,2.840909090909091e-01,7.328129785669608e-08,-7.501171969804439e-09
1.171875000000000e+00,2.840909090909091e-01,7.043089692276204e-08,-7.778157766756805e-09
1.191761363636364e+00,2.840909090909091e-01,6.748706331553056e-08,-8.054292202678556e-09
1.211647727272727e+00,2.840909090909091e-01,6.437203818424180e-08,-8.328967520365513e-09
1.231534090909091e+00,2.840909090909091e-01,6.111634625360646e-08,-8.601848007106057e-09
1.251420454545455e+00,2.840909090909091e-01,5.776683653074328e-08,-8.873492013885612e-09
1.271306818181818e+00,2.840909090909091e-01,5.421362239308839e-08,-9.142024449118628e-09
1.291193181818182e+00,2.840909090909091e-01,5.055187968926178e-08,-9.410039849157275e-09
1.311079545454545e+00,2.840909090909091e-01,4.678160841926340e-08,-9.677538214001555e-09
1.330965909090909e+00,2.840909090909091e-01,4.281026235438789e-08,-9.944554627213553e-09
1.350852272727273e+00,2.840909090909091e-01,3.874460520658217e-08,-1.020984126976262e-08
1.370738636363636e+00,2.840909090909091e-01,3.453702923494655e-08,-1.047208105688290e-08
1.390625000000000e+00,2.840909090909091e-01,3.015663232326282e-08,-1.073123230977629e-08
1.410511363636364e+00,2.840909090909091e-01,2.569066730517797e-08,-1.099739676853514e-08
1.430397727272727e+00,2.840909090909091e-01,2.108377350367038e-08,-1.129236484969418e-08
1.450284090909091e+00,2.840909090909091e-01,1.589892781887638e-08,-1.114825301596692e-08
1.470170454545455e+00,2.840909090909091e-01,-1.407560940026683e-07,1.407545219318029e-07
1.490056818181818e+00,2.840909090909091e-01,-2.262349308667054e-06,2.262348784643432e-06
6.349431818181818e-01,3.068181818181818e-01,1.017626484366935e-07,-1.148705315764811e-08
6.548295454545454e-01,3.068181818181818e-01,9.244981087297272e-08,-2.070341062778503e-09
6.747159090909091e-01,3.068181818181818e-01,9.140780573520436e-08,-8.939186194930393e-10
6.946022727272727e-01,3.068181818181818e-01,9.127821537110270e-08,-6.975668777953570e-10
7.144886363636364e-01,3.068181818181818e-01,9.164577941754614e-08,-1.124379216428616e-09
7.343750000000000e-01,3.068181818181818e-01,9.184110236612054e-08,-1.532962275805913e-09
7.542613636363636e-01,3.068181818181818e-01,9.194434347584709e-08,-1.933469942852676e-09
7.741477272727273e-01,3.068181818181818e-01,9.188219227433397e-08,-2.322597117276777e-09
7.940340909090909e-01,3.068181818181818e-01,9.169548995386604e-08,-2.713182842523649e-09
8.139204545454546e-01,3.068181818181818e-01,9.142585631559734e-08,-3.104843696488153e-09
8.338068181818181e-01,3.068181818181818e-01,9.097765140503666e-08,-3.499947245617399e-09
8.536931818181819e-01,3.068181818181818e-01,9.042859971106549e-08,-3.892211532274320e-09
8.735795454545454e-01,3.068181818181818e-01,8.977870123368383e-08,-4.281636556458906e-09
8.934659090909091e-01,3.068181818181818e-01,8.894107582648992e-08,-4.665348618287911e-09
9.133522727272727e-01,3.068181818181818e-01,8.801832370728820e-08,-5.047940414627558e-09
9.332386363636364e-01,3.068181818181818e-01,8.696833646598492e-08,-5.429306758643289e-09
9.531250000000000e-01,3.068181818181818e-01,8.576290773542842e-08,-5.809243432022988e-09
9.730113636363636e-01,3.068181818181818e-01,8.447234968681836e-08,-6.188057233867576e-09
9.928977272727273e-01,3.068181818181818e-01,8.302509229459846e-08,-6.564183510719460e-09
1.012784090909091e+00,3.068181818181818e-01,8.144961816234840e-08,-6.938102717318856e-09
1.032670454545455e+00,3.068181818181818e-01,7.978870391569498e-08,-7.310588256033376e-09
1.052556818181818e+00,3.068181818181818e-01,7.794307797090496e-08,-7.680376064067940e-09
1.072443181818182e+00,3.068181818181818e-01,7.599800946220266e-08,-8.048728829128402e-09
1.092329545454545e+00,3.068181818181818e-01,7.395349838958810e-08,-8.415646551214756e-09
1.112215909090909e+00,3.068181818181818e-01,7.172416840633776e-08,-8.779759330121972e-09
1.132102272727273e+00,3.068181818181818e-01,6.940949211090128e-08,-9.142532243361489e-09
1.151988636363636e+00,3.068181818181818e-01,6.696678276423313e-08,-9.503281775147027e-09
1.171875000000000e+00,3.068181818181818e-01,6.436760946644652e-08,-9.861579174431204e-09
1.191761363636364e+00,3.068181818181818e-01,6.168317193737779e-08,-1.021861878895172e-08
1.211647727272727e+00,3.068181818181818e-01,5.884256284472646e-08,-1.057349865850684e-08
1.231534090909091e+00,3.068181818181818e-01,5.587415262218416e-08,-1.092658706794879e-08
1.251420454545455e+00,3.068181818181818e-01,5.282047799309483e-08,-1.127841751736226e-08
1.271306818181818e+00,3.068181818181818e-01,4.958137423921825e-08,-1.162683280944476e-08
1.291193181818182e+00,3.068181818181818e-01,4.624257540756623e-08,-1.197356054469000e-08
1.311079545454545e+00,3.068181818181818e-01,4.280408149813873e-08,-1.231860072309797e-08
1.330965909090909e+00,3.068181818181818e-01,3.918191783479743e-08,-1.266198511504839e-08
1.350852272727273e+00,3.068181818181818e-01,3.547463013747146e-08,-1.300425191953303e-08
1.370738636363636e+00,3.068181818181818e-01,3.163955037566873e-08,-1.334473632931956e-08
1.390625000000000e+00,3.068181818181818e-01,2.764695825636338e-08,-1.368172020021962e-08
1.410511363636364e+00,3.068181818181818e-01,2.357655445095232e-08,-1.402489883153224e-08
1.430397727272727e+00,3.068181818181818e-01,1.937835348732290e-08,-1.439429212324402e-08
1.450284090909091e+00,3.068181818181818e-01,1.465600244599474e-08,-1.436554500703463e-08
1.470170454545455e+00,3.068181818181818e-01,-1.217952896920626e-07,1.178502544612636e-07
1.490056818181818e+00,3.068181818181818e-01,-1.966937287748601e-06,1.965622276005002e-06
6.349431818181818e-01,3.295454545454545e-01,9.119739547880435e-08,-9.504144264966646e-09
6.548295454545454e-01,3.295454545454545e-01,8.355709312240054e-08,-1.832486716490333e-09
6.747159090909091e-01,3.295454545454545e-01,8.256105005383087e-08,-8.348136714038436e-10
6.946022727272727e-01,3.295454545454545e-01,8.236503701680549e-08,-7.021945796626461e-10
7.144886363636364e-01,3.295454545454545e-01,8.268910367362897e-08,-1.202582441935129e-09
7.343750000000000e-01,3.295454545454545e-01,8.286612694363895e-08,-1.693949124263016e-09
7.542613636363636e-01,3.295454545454545e-01,8.296299365947207e-08,-2.180444092524222e-09
7.741477272727273e-01,3.295454545454545e-01,8.291299639680358e-08,-2.658097289152196e-09
7.940340909090909e-01,3.295454545454545e-01,8.274604680694776e-08,-3.131725418757989e-09
8.139204545454546e-01,3.295454545454545e-01,8.250162238292066e-08,-3.603163554302554e-09
8.338068181818181e-01,3.295454545454545e-01,8.209468081101926e-08,-4.075201695544665e-09
8.536931818181819e-01,3.295454545454545e-01,8.159880450597589e-08,-4.546137417106570e-09
8.735795454545454e-01,3.295454545454545e-01,8.101399346779053e-08,-5.015970718988258e-09
8.934659090909091e-01,3.295454545454545e-01,8.026074460744431e-08,-5.480483352280944e-09
9.133522727272727e-01,3.295454545454545e-01,7.943025635617126e-08,-5.943041434756899e-09
9.332386363636364e-01,3.295454545454545e-01,7.848405936122144e-08,-6.402818033721215e-09
9.531250000000000e-01,3.295454545454545e-01,7.739759371378865e-08,-6.860348187071063e-09
9.730113636363636e-01,3.295454545454545e-01,7.623449642283648e-08,-7.316531537011631e-09
9.928977272727273e-01,3.295454545454545e-01,7.493068509146292e-08,-7.770023053399295e-09
1.012784090909091e+00,3.295454545454545e-01,7.351140276804459e-08,-8.220970837907314e-09
1.032670454545455e+00,3.295454545454545e-01,7.201515304869422e-08,-8.670236066593437e-09
1.052556818181818e+00,3.295454545454545e-01,7.035228434699579e-08,-9.115999466503323e-09
1.072443181818182e+00,3.295454545454545e-01,6.859978962324003e-08,-9.559969157817654e-09
1.092329545454545e+00,3.295454545454545e-01,6.675766887742699e-08,-1.000214514053642e-08
1.112215909090909e+00,3.295454545454545e-01,6.474908342558330e-08,-1.044097357079645e-08
1.132102272727273e+00,3.295454545454545e-01,6.266363473764858e-08,-1.087822360507550e-08
1.151988636363636e+00,3.295454545454545e-01,6.046288118404649e-08,-1.131309603385234e-08
1.171875000000000e+00,3.295454545454545e-01,5.812111346008101e-08,-1.174497649913422e-08
1.191761363636364e+00,3.295454545454545e-01,5.570246156312732e-08,-1.217525763153797e-08
1.211647727272727e+00,3.295454545454545e-01,5.314291520224683e-08,-1.260266650688351e-08
1.231534090909091e+00,3.295454545454545e-01,5.046827716005698e-08,-1.302791096108488e-08
1.251420454545455e+00,3.295454545454545e-01,4.771688314769475e-08,-1.345168428522399e-08
1.271306818181818e+00,3.295454545454545e-01,4.479887922143715e-08,-1.387196484903931e-08
1.291193181818182e+00,3.295454545454545e-01,4.179091394727498e-08,-1.429011637841190e-08
1.311079545454545e+00,3.295454545454545e-01,3.869298732520821e-08,-1.470613887334177e-08
1.330965909090909e+00,3.295454545454545e-01,3.542878071895623e-08,-1.511899853765804e-08
1.350852272727273e+00,3.295454545454545e-01,3.208801545798793e-08,-1.553058438736828e-08
1.370738636363636e+00,3.295454545454545e-01,2.863246800095585e-08,-1.594031530118032e-08
1.390625000000000e+00,3.295454545454545e-01,2.503575119220147e-08,-1.634689907013812e-08
1.410511363636364e+00,3.295454545454545e-01,2.136979455663605e-08,-1.675952785239490e-08
1.430397727272727e+00,3.295454545454545e-01,1.759112790781924e-08,-1.719746882826888e-08
1.450284090909091e+00,3.295454545454545e-01,1.334193456380485e-08,-1.727781036911036e-08
1.470170454545455e+00,3.295454545454545e-01,-1.027631999306474e-07,9.511307716619788e-08
1.490056818181818e+00,3.295454545454545e-01,-1.669597321026535e-06,1.667047280105054e-06
6.349431818181818e-01,3.522727272727273e-01,8.038789392497475e-08,-7.501939484266388e-09
6.548295454545454e-01,3.522727272727273e-01,7.444687535839886e-08,-1.598541482518098e-09
6.747159090909091e-01,3.522727272727273e-01,7.350632466087892e-08,-7.822451282072675e-10
6.946022727272727e-01,3.522727272727273e-01,7.325008887122098e-08,-7.122956267845682e-10
7.144886363636364e-01,3.522727272727273e-01,7.353324744153760e-08,-1.281402540146069e-09
7.343750000000000e-01,3.522727272727273e-01,7.368805652917858e-08,-1.843969148932535e-09
7.542613636363636e-01,3.522727272727273e-01,7.377368044062298e-08,-2.403791951395501e-09
7.741477272727273e-01,3.522727272727273e-01,7.373397485535562e-08,-2.960094435247341e-09
7.940340909090909e-01,3.522727272727273e-01,7.358892847946577e-08,-3.510718183286339e-09
8.139204545454546e-01,3.522727272727273e-01,7.337396790615727e-08,-4.057869103779794e-09
8.338068181818181e-01,3.522727272727273e-01,7.301091736534680e-08,-4.600886358162833e-09
8.536931818181819e-01,3.522727272727273e-01,7.256950449040335e-08,-5.143056209931519e-09
8.735795454545454e-01,3.522727272727273e-01,7.204972928132698e-08,-5.684378659085839e-09
8.934659090909091e-01,3.522727272727273e-01,7.138212650528118e-08,-6.221829842662424e-09
9.133522727272727e-01,3.522727272727273e-01,7.064583681187543e-08,-6.757035478752128e-09
9.332386363636364e-01,3.522727272727273e-01,6.980637909957135e-08,-7.288735150753138e-09
9.531250000000000e-01,3.522727272727273e-01,6.884173124547518e-08,-7.817053859062706e-09
9.730113636363636e-01,3.522727272727273e-01,6.780890486677147e-08,-8.343635412637801e-09
9.928977272727273e-01,3.522727272727273e-01,6.665128070629884e-08,-8.867228362544601e-09
1.012784090909091e+00,3.522727272727273e-01,6.539126000465509e-08,-9.388086826089916e-09
1.032670454545455e+00,3.522727272727273e-01,6.406296210231130e-08,-9.907109458808279e-09
1.052556818181818e+00,3.522727272727273e-01,6.258659116599159e-08,-1.042201535894238e-08
1.072443181818182e+00,3.522727272727273e-01,6.103056004669986e-08,-1.093477600762304e-08
1.092329545454545e+00,3.522727272727273e-01,5.939486874443612e-08,-1.144539140485023e-08
1.112215909090909e+00,3.522727272727273e-01,5.761131837233778e-08,-1.195210403363453e-08
1.132102272727273e+00,3.522727272727273e-01,5.575952260280287e-08,-1.245701263485532e-08
1.151988636363636e+00,3.522727272727273e-01,5.380535791216687e-08,-1.295921436978466e-08
1.171875000000000e+00,3.522727272727273e-01,5.172598367123165e-08,-1.345801573251533e-08
1.191761363636364e+00,3.522727272727273e-01,4.957829626827031e-08,-1.395494530309297e-08
1.211647727272727e+00,3.522727272727273e-01,4.730533682151247e-08,-1.444841200797484e-08
1.231534090909091e+00,3.522727272727273e-01,4.493005149500241e-08,-1.493921488791405e-08
1.251420454545455e+00,3.522727272727273e-01,4.248655928072303e-08,-1.542825224995704e-08
1.271306818181818e+00,3.522727272727273e-01,3.989539776809780e-08,-1.591357661504578e-08
1.291193181818182e+00,3.522727272727273e-01,3.722445334755443e-08,-1.639663300373499e-08
1.311079545454545e+00,3.522727272727273e-01,3.447372601909290e-08,-1.687742141602466e-08
1.330965909090909e+00,3.522727272727273e-01,3.157471648215098e-08,-1.735388392122564e-08
1.350852272727273e+00,3.522727272727273e-01,2.860756441519301e-08,-1.782864526628362e-08
1.370738636363636e+00,3.522727272727273e-01,2.553828717691874e-08,-1.830094349483491e-08
1.390625000000000e+00,3.522727272727273e-01,2.234427066180393e-08,-1.877031162464632e-08
1.410511363636364e+00,3.522727272727273e-01,1.908988947709757e-08,-1.924575645473924e-08
1.430397727272727e+00,3.522727272727273e-01,1.573891044739607e-08,-1.974641261793759e-08
1.450284090909091e+00,3.522727272727273e-01,1.197150011378243e-08,-1.993029953203335e-08
1.470170454545455e+00,3.522727272727273e-01,-8.364374098448030e-08,7.249534296747870e-08
1.490056818181818e+00,3.522727272727273e-01,-1.370273222605994e-06,1.366557089933664e-06
6.349431818181818e-01,3.750000000000000e-01,6.934420697473590e-08,-5.486584572800710e-09
6.548295454545454e-01,3.750000000000000e-01,6.512254356514016e-08,-1.367948717076827e-09
6.747159090909091e-01,3.750000000000000e-01,6.424212977016903e-08,-7.307212206711673e-10
6.946022727272727e-01,3.750000000000000e-01,6.393034723690972e-08,-7.208033577467605e-10
7.144886363636364e-01,3.750000000000000e-01,6.417946641270678e-08,-1.358001677644535e-09
7.343750000000000e-01,3.750000000000000e-01,6.431247975555225e-08,-1.984467410304469e-09
7.542613636363636e-01,3.750000000000000e-01,6.438480858074691e-08,-2.607724941157448e-09
7.741477272727273e-01,3.750000000000000e-01,6.435073334084016e-08,-3.229951652622761e-09
7.940340909090909e-01,3.750000000000000e-01,6.422698074012812e-08,-3.848715477048649e-09
8.139204545454546e-01,3.750000000000000e-01,6.404330565042445e-08,-4.465033128326793e-09
8.338068181818181e-01,3.750000000000000e-01,6.372830803186762e-08,-5.074560268413476e-09
8.536931818181819e-01,3.750000000000000e-01,6.334401107232587e-08,-5.681843769333085e-09
8.735795454545454e-01,3.750000000000000e-01,6.289041477179919e-08,-6.286883631085608e-09
8.934659090909091e-01,3.750000000000000e-01,6.230908224746189e-08,-6.888719286689241e-09
9.133522727272727e-01,3.750000000000000e-01,6.166825227763402e-08,-7.488533812646174e-09
9.332386363636364e-01,3.750000000000000e-01,6.093801345998923e-08,-8.085153964551976e-09
9.531250000000000e-01,3.750000000000000e-01,6.009815072736199e-08,-8.677523447189162e-09
9.730113636363636e-01,3.750000000000000e-01,5.919864005683561e-08,-9.267721307771080e-09
9.928977272727273e-01,3.750000000000000e-01,5.819004419566150e-08,-9.854207223418967e-09
1.012784090909091e+00,3.750000000000000e-01,5.709230009513323e-08,-1.043775937347852e-08
1.032670454545455e+00,3.750000000000000e-01,5.593510497523830e-08,-1.101933682001530e-08
1.052556818181818e+00,3.750000000000000e-01,5.464889499891230e-08,-1.159643142778279e-08
1.072443181818182e+00,3.750000000000000e-01,5.329318162534256e-08,-1.217107834012439e-08
1.092329545454545e+00,3.750000000000000e-01,5.186796485452913e-08,-1.274327755704010e-08
1.112215909090909e+00,3.750000000000000e-01,5.031374523978915e-08,-1.331100594769100e-08
1.132102272727273e+00,3.750000000000000e-01,4.870001121987091e-08,-1.387669624900750e-08
1.151988636363636e+00,3.750000000000000e-01,4.699701320286779e-08,-1.443933702700493e-08
1.171875000000000e+00,3.750000000000000e-01,4.518491343938145e-08,-1.499824930423291e-08
1.191761363636364e+00,3.750000000000000e-01,4.331327221467896e-08,-1.555509643608860e-08
1.211647727272727e+00,3.750000000000000e-01,4.133241404533373e-08,-1.610809986901536e-08
1.231534090909091e+00,3.750000000000000e-01,3.926217650879377e-08,-1.665793840851315e-08
1.251420454545455e+00,3.750000000000000e-01,3.713237388210510e-08,-1.720568817370611e-08
1.271306818181818e+00,3.750000000000000e-01,3.487374273544531e-08,-1.774914143658965e-08
1.291193181818182e+00,3.750000000000000e-01,3.254574817022717e-08,-1.829028698273270e-08
1.311079545454545e+00,3.750000000000000e-01,3.014839018645063e-08,-1.882912481213527e-08
1.330965909090909e+00,3.750000000000000e-01,2.762176959721169e-08,-1.936323205373717e-08
1.350852272727273e+00,3.750000000000000e-01,2.503551921708626e-08,-1.989518582029642e-08
1.370738636363636e+00,3.750000000000000e-01,2.235983311258294e-08,-2.042391833624359e-08
1.390625000000000e+00,3.750000000000000e-01,1.957540824171510e-08,-2.094928533154004e-08
1.410511363636364e+00,3.750000000000000e-01,1.673954633335018e-08,-2.148069160518327e-08
1.430397727272727e+00,3.750000000000000e-01,1.382382072052717e-08,-2.203760742008211e-08
1.450284090909091e+00,3.750000000000000e-01,1.054664500032154e-08,-2.231928760136396e-08
1.470170454545455e+00,3.750000000000000e-01,-6.441826975862065e-08,4.998385272074074e-08
1.490056818181818e+00,3.750000000000000e-01,-1.068713319023341e-06,1.063901846677381e-06
6.349431818181818e-01,3.977272727272728e-01,5.795362430587118e-08,-3.462280684532194e-09
6.548295454545454e-01,3.977272727272728e-01,5.548719132554871e-08,-1.158473311532056e-09
6.747159090909091e-01,3.977272727272728e-01,5.466454763354846e-08,-6.866301989501444e-10
6.946022727272727e-01,3.977272727272728e-01,5.429442639213772e-08,-7.220494080554901e-10
7.144886363636364e-01,3.977272727272728e-01,5.451124396802043e-08,-1.416884206293832e-09
7.343750000000000e-01,3.977272727272728e-01,5.462690648333086e-08,-2.099146665097100e-09
7.542613636363636e-01,3.977272727272728e-01,5.468994245855011e-08,-2.777100431702189e-09
7.741477272727273e-01,3.977272727272728e-01,5.466116951400721e-08,-3.451827999682360e-09
7.940340909090909e-01,3.977272727272728e-01,5.455723388381254e-08,-4.123869653850326e-09
8.139204545454546e-01,3.977272727272728e-01,5.440304951579365e-08,-4.793980418087100e-09
8.338068181818181e-01,3.977272727272728e-01,5.413847317465593e-08,-5.458387879639886e-09
8.536931818181819e-01,3.977272727272728e-01,5.381457117974559e-08,-6.119840509961941e-09
8.735795454545454e-01,3.977272727272728e-01,5.343134353106267e-08,-6.778338309053251e-09
8.934659090909091e-01,3.977272727272728e-01,5.293902005082253e-08,-7.432428947022266e-09
9.133522727272727e-01,3.977272727272728e-01,5.239629231009658e-08,-8.084433172398506e-09
9.332386363636364e-01,3.977272727272728e-01,5.177794247717335e-08,-8.733292077416987e-09
9.531250000000000e-01,3.977272727272728e-01,5.106671280228203e-08,-9.377853861604623e-09
9.730113636363636e-01,3.977272727272728e-01,5.030483845203317e-08,-1.002008881832774e-08
9.928977272727273e-01,3.977272727272728e-01,4.945014680077472e-08,-1.065808919517846e-08
1.012784090909091e+00,3.977272727272728e-01,4.851967161720558e-08,-1.129278281155803e-08
1.032670454545455e+00,3.977272727272728e-01,4.753867180196226e-08,-1.192526964415646e-08
1.052556818181818e+00,3.977272727272728e-01,4.644817728608761e-08,-1.255295044655848e-08
1.072443181818182e+00,3.977272727272728e-01,4.529867686674844e-08,-1.317799616803783e-08
1.092329545454545e+00,3.977272727272728e-01,4.409017054394475e-08,-1.380040680859450e-08
1.112215909090909e+00,3.977272727272728e-01,4.277207824106783e-08,-1.441792013951286e-08
1.132102272727273e+00,3.977272727272728e-01,4.140342205776741e-08,-1.503318743790071e-08
1.151988636363636e+00,3.977272727272728e-01,3.995892433309941e-08,-1.564508996676049e-08
1.171875000000000e+00,3.977272727272728e-01,3.842176480761218e-08,-1.625291341593830e-08
1.191761363636364e+00,3.977272727272728e-01,3.683405438831190e-08,-1.685850381919609e-08
1.211647727272727e+00,3.977272727272728e-01,3.515365249251631e-08,-1.745998546709585e-08
1.231534090909091e+00,3.977272727272728e-01,3.339735111773190e-08,-1.805804440784624e-08
1.251420454545455e+00,3.977272727272728e-01,3.159045556817223e-08,-1.865382702171439e-08
1.271306818181818e+00,3.977272727272728e-01,2.967399865034274e-08,-1.924473693774760e-08
1.291193181818182e+00,3.977272727272728e-01,2.769862247805642e-08,-1.983309842186586e-08
1.311079545454545e+00,3.977272727272728e-01,2.566432705131327e-08,-2.041891147406919e-08
1.330965909090909e+00,3.977272727272728e-01,2.352047062038184e-08,-2.099985219251916e-08
1.350852272727273e+00,3.977272727272728e-01,2.132598419381341e-08,-2.157848076322512e-08
1.370738636363636e+00,3.977272727272728e-01,1.905553376029365e-08,-2.215362209881927e-08
1.390625000000000e+00,3.977272727272728e-01,1.669252937302114e-08,-2.272479220179792e-08
1.410511363636364e+00,3.977272727272728e-01,1.428705144643237e-08,-2.330180661335336e-08
1.430397727272727e+00,3.977272727272728e-01,1.181839116277013e-08,-2.390422138897252e-08
1.450284090909091e+00,3.977272727272728e-01,9.044286162438794e-09,-2.427366821976202e-08
1.470170454545455e+00,3.977272727272728e-01,-4.508095155252139e-08,2.772179478257111e-08
1.490056818181818e+00,3.977272727272728e-01,-7.645649249372443e-07,7.587785393472599e-07
6.349431818181818e-01,4.204545454545455e-01,4.635471388061695e-08,-1.431028416990768e-09
6.548295454545454e-01,4.204545454545455e-01,4.566797660161293e-08,-9.628235435042492e-10
6.747159090909091e-01,4.204545454545455e-01,4.490392278035098e-08,-6.499920592479929e-10
6.946022727272727e-01,4.204545454545455e-01,4.447411107113255e-08,-7.218345761445975e-10
7.144886363636364e-01,4.204545454545455e-01,4.465664053098197e-08,-1.464577056607550e-09
7.343750000000000e-01,4.204545454545455e-01,4.475501013232168e-08,-2.194731538503336e-09
7.542613636363636e-01,4.204545454545455e-01,4.480959902990617e-08,-2.920144512976217e-09
7.741477272727273e-01,4.204545454545455e-01,4.478781853889795e-08,-3.640759958798947e-09
7.940340909090909e-01,4.204545454545455e-01,4.470456171325917e-08,-4.358457864489622e-09
8.139204545454546e-01,4.204545454545455e-01,4.458025695888157e-08,-5.074147037773785e-09
8.338068181818181e-01,4.204545454545455e-01,4.436632488100860e-08,-5.784793812949216e-09
8.536931818181819e-01,4.204545454545455e-01,4.410370826388520e-08,-6.492301777928611e-09
8.735795454545454e-01,4.204545454545455e-01,4.379240710751140e-08,-7.196670932711952e-09
8.934659090909091e-01,4.204545454545455e-01,4.339121179898367e-08,-7.895730860728056e-09
9.133522727272727e-01,4.204545454545455e-01,4.294869006967177e-08,-8.592503564292322e-09
9.332386363636364e-01,4.204545454545455e-01,4.244422766555434e-08,-9.285894387549515e-09
9.531250000000000e-01,4.204545454545455e-01,4.186382280549290e-08,-9.974914614805277e-09
9.730113636363636e-01,4.204545454545455e-01,4.124195035348772e-08,-1.066150644644963e-08
9.928977272727273e-01,4.204545454545455e-01,4.054397252029959e-08,-1.134356475685357e-08
1.012784090909091e+00,4.204545454545455e-01,3.978381592979329e-08,-1.202200310443783e-08
1.032670454545455e+00,4.204545454545455e-01,3.898221286048765e-08,-1.269803416955510e-08
1.052556818181818e+00,4.204545454545455e-01,3.809087436964400e-08,-1.336891473852100e-08
1.072443181818182e+00,4.204545454545455e-01,3.715119111368903e-08,-1.403699627142995e-08
1.092329545454545e+00,4.204545454545455e-01,3.616316309262275e-08,-1.470227876828195e-08
1.112215909090909e+00,4.204545454545455e-01,3.508531560508037e-08,-1.536232672404454e-08
1.132102272727273e+00,4.204545454545455e-01,3.396601496571855e-08,-1.601996072431999e-08
1.151988636363636e+00,4.204545454545455e-01,3.278453519459381e-08,-1.667397438733095e-08
1.171875000000000e+00,4.204545454545455e-01,3.152708820344011e-08,-1.732359269025555e-08
1.191761363636364e+00,4.204545454545455e-01,3.022820955762285e-08,-1.797081853484892e-08
1.211647727272727e+00,4.204545454545455e-01,2.885338206473490e-08,-1.861366739231422e-08
1.231534090909091e+00,4.204545454545455e-01,2.741637206802175e-08,-1.925289254045264e-08
1.251420454545455e+00,4.204545454545455e-01,2.593790404270096e-08,-1.988969885631568e-08
1.271306818181818e+00,4.204545454545455e-01,2.436957750644066e-08,-2.052123158662618e-08
1.291193181818182e+00,4.204545454545455e-01,2.275292375892254e-08,-2.114998283473316e-08
1.311079545454545e+00,4.204545454545455e-01,2.108794280014659e-08,-2.177595260063661e-08
1.330965909090909e+00,4.204545454545455e-01,1.933324983685564e-08,-2.239679528741178e-08
1.350852272727273e+00,4.204545454545455e-01,1.753709013687372e-08,-2.301521043382826e-08
1.370738636363636e+00,4.204545454545455e-01,1.567871197301164e-08,-2.362996591086300e-08
1.390625000000000e+00,4.204545454545455e-01,1.374438756772160e-08,-2.424034700641241e-08
1.410511363636364e+00,4.204545454545455e-01,1.177671368992858e-08,-2.485641782579115e-08
1.430397727272727e+00,4.204545454545455e-01,9.762704654385924e-09,-2.549772534736285e-08
1.450284090909091e+00,4.204545454545455e-01,7.499635948117625e-09,-2.594853199270731e-08
1.470170454545455e+00,4.204545454545455e-01,-2.569520736635789e-08,5.650581310301857e-09
1.490056818181818e+00,4.204545454545455e-01,-4.592043562989383e-07,4.525228142802521e-07
6.349431818181818e-01,4.431818181818182e-01,3.455146743250152e-08,6.071204799955020e-10
6.548295454545454e-01,4.431818181818182e-01,3.566786799954484e-08,-7.800042254849829e-10
6.747159090909091e-01,4.431818181818182e-01,3.496380954402094e-08,-6.203506327795657e-10
6.946022727272727e-01,4.431818181818182e-01,3.447355394033145e-08,-7.202527896543474e-10
7.144886363636364e-01,4.431818181818182e-01,3.462020702691477e-08,-1.501524598599238e-09
7.343750000000000e-01,4.431818181818182e-01,3.470099477636560e-08,-2.271272245941667e-09
7.542613636363636e-01,4.431818181818182e-01,3.474745668023006e-08,-3.036334688895912e-09
7.741477272727273e-01,4.431818181818182e-01,3.473392248741031e-08,-3.795742210695948e-09
7.940340909090909e-01,4.431818181818182e-01,3.467223342373286e-08,-4.551455823435611e-09
8.139204545454546e-01,4.431818181818182e-01,3.457847765361742e-08,-5.304743370935496e-09
8.338068181818181e-01,4.431818181818182e-01,3.441563987822479e-08,-6.053170302420916e-09
8.536931818181819e-01,4.431818181818182e-01,3.421520566780337e-08,-6.798581546942122e-09
8.735795454545454e-01,4.431818181818182e-01,3.397717502235316e-08,-7.540977104499094e-09
8.934659090909091e-01,4.431818181818182e-01,3.366905447989264e-08,-8.277504154308527e-09
9.133522727272727e-01,4.431818181818182e-01,3.332875223790996e-08,-9.011490145793987e-09
9.332386363636364e-01,4.431818181818182e-01,3.294022769175801e-08,-9.741714794907504e-09
9.531250000000000e-01,4.431818181818182e-01,3.249286585710696e-08,-1.046744333105193e-08
9.730113636363636e-01,4.431818181818182e-01,3.201336033978249e-08,-1.119066882572113e-08
9.928977272727273e-01,4.431818181818182e-01,3.147483194115461e-08,-1.190921261461695e-08
1.012784090909091e+00,4.431818181818182e-01,3.088798117176189e-08,-1.262389499454525e-08
1.032670454545455e+00,4.431818181818182e-01,3.026892280152324e-08,-1.333601041482585e-08
1.052556818181818e+00,4.431818181818182e-01,2.958016052025574e-08,-1.404264331334032e-08
1.072443181818182e+00,4.431818181818182e-01,2.885387557134394e-08,-1.474633429227505e-08
1.092329545454545e+00,4.431818181818182e-01,2.809006795478785e-08,-1.544708335163004e-08
1.112215909090909e+00,4.431818181818182e-01,2.725654154768589e-08,-1.614233500970193e-08
1.132102272727273e+00,4.431818181818182e-01,2.639082951825301e-08,-1.683504168664109e-08
1.151988636363636e+00,4.431818181818182e-01,2.547683673962313e-08,-1.752392857618053e-08
1.171875000000000e+00,4.431818181818182e-01,2.450383939426972e-08,-1.820815207452648e-08
1.191761363636364e+00,4.431818181818182e-01,2.349866651634458e-08,-1.888984068149891e-08
1.211647727272727e+00,4.431818181818182e-01,2.243452125237995e-08,-1.956689807796187e-08
1.231534090909091e+00,4.431818181818182e-01,2.132212874503940e-08,-2.024016919284602e-08
1.251420454545455e+00,4.431818181818182e-01,2.017756618360113e-08,-2.091091089483061e-08
1.271306818181818e+00,4.431818181818182e-01,1.896324523216328e-08,-2.157611559607890e-08
1.291193181818182e+00,4.431818181818182e-01,1.771136170103449e-08,-2.223833846570066e-08
1.311079545454545e+00,4.431818181818182e-01,1.642191559021472e-08,-2.289757950369590e-08
1.330965909090909e+00,4.431818181818182e-01,1.506280871238343e-08,-2.355138116394240e-08
1.350852272727273e+00,4.431818181818182e-01,1.367154117662124e-08,-2.420266280745615e-08
1.370738636363636e+00,4.431818181818182e-01,1.223202979355421e-08,-2.485016156546232e-08
1.390625000000000e+00,4.431818181818182e-01,1.073355778428363e-08,-2.549304087279498e-08
1.410511363636364e+00,4.431818181818182e-01,9.211024516741170e-09,-2.614149956305398e-08
1.430397727272727e+00,4.431818181818182e-01,7.659227261738746e-09,-2.681503544138309e-08
1.450284090909091e+00,4.431818181818182e-01,5.915137830338692e-09,-2.734074010511179e-08
1.470170454545455e+00,4.431818181818182e-01,-6.262981040679044e-09,-1.622248682498984e-08
1.490056818181818e+00,4.431818181818182e-01,-1.526947057971830e-07,1.451995498419600e-07
6.349431818181818e-01,4.659090909090909e-01,2.251020287730352e-08,2.653452182625063e-09
6.548295454545454e-01,4.659090909090909e-01,2.545603023489969e-08,-6.107901099608060e-10
6.747159090909091e-01,4.659090909090909e-01,2.481470804813160e-08,-5.982841583783443e-10
6.946022727272727e-01,4.659090909090909e-01,2.426418143736228e-08,-7.171997274213442e-10
7.144886363636364e-01,4.659090909090909e-01,2.437376910799505e-08,-1.526377636628883e-09
7.343750000000000e-01,4.659090909090909e-01,2.443600394738688e-08,-2.325050341971798e-09
7.542613636363636e-01,4.659090909090909e-01,2.447377671906226e-08,-3.119359685439894e-09
7.741477272727273e-01,4.659090909090909e-01,2.446920807368494e-08,-3.908175239231610e-09
7.940340909090909e-01,4.659090909090909e-01,2.443020234291576e-08,-4.692701766393953e-09
8.139204545454546e-01,4.659090909090909e-01,2.436830366340343e-08,-5.474434050654795e-09
8.338068181818181e-01,4.659090909090909e-01,2.425750893361577e-08,-6.250817480630468e-09
8.536931818181819e-01,4.659090909090909e-01,2.412034547296147e-08,-7.024280669888095e-09
8.735795454545454e-01,4.659090909090909e-01,2.395681328144053e-08,-7.794823618427660e-09
8.934659090909091e-01,4.659090909090909e-01,2.374379285840425e-08,-8.559425531442067e-09
9.133522727272727e-01,4.659090909090909e-01,2.350796372333438e-08,-9.321317438264525e-09
9.332386363636364e-01,4.659090909090909e-01,2.323793112327539e-08,-1.007915393886033e-08
9.531250000000000e-01,4.659090909090909e-01,2.292632178300718e-08,-1.083226132662321e-08
9.730113636363636e-01,4.659090909090909e-01,2.259202026933530e-08,-1.158277524682406e-08
9.928977272727273e-01,4.659090909090909e-01,2.221609086005919e-08,-1.232850889879707e-08
1.012784090909091e+00,4.659090909090909e-01,2.180601817894552e-08,-1.307024733769497e-08
1.032670454545455e+00,4.659090909090909e-01,2.137318577284684e-08,-1.380932475744950e-08
1.052556818181818e+00,4.659090909090909e-01,2.089106723854764e-08,-1.454266324499373e-08
1.072443181818182e+00,4.659090909090909e-01,2.038243645117937e-08,-1.527293796961744e-08
1.092329545454545e+00,4.659090909090909e-01,1.984729341074204e-08,-1.600014893132060e-08
1.112215909090909e+00,4.659090909090909e-01,1.926290537314945e-08,-1.672166209185877e-08
1.132102272727273e+00,4.659090909090909e-01,1.865578127843905e-08,-1.744053790112074e-08
1.151988636363636e+00,4.659090909090909e-01,1.801455081898418e-08,-1.815545540440070e-08
1.171875000000000e+00,4.659090909090909e-01,1.733162432042949e-08,-1.886552449595717e-08
1.191761363636364e+00,4.659090909090909e-01,1.662595745107827e-08,-1.957295192255873e-08
1.211647727272727e+00,4.659090909090909e-01,1.587860526123957e-08,-2.027554165604915e-08
1.231534090909091e+00,4.659090909090909e-01,1.509716918780728e-08,-2.097419556470840e-08
1.251420454545455e+00,4.659090909090909e-01,1.429300910438479e-08,-2.167022416921909e-08
1.271306818181818e+00,4.659090909090909e-01,1.343959827259913e-08,-2.236054922135687e-08
1.291193181818182e+00,4.659090909090909e-01,1.255964107541756e-08,-2.304777639824732e-08
1.311079545454545e+00,4.659090909090909e-01,1.165313751284008e-08,-2.373190569989045e-08
1.330965909090909e+00,4.659090909090909e-01,1.069736581712660e-08,-2.441031406438776e-08
1.350852272727273e+00,4.659090909090909e-01,9.718873767030681e-09,-2.508610078034425e-08
1.370738636363636e+00,4.659090909090909e-01,8.706306820557482e-09,-2.575796065868588e-08
1.390625000000000e+00,4.659090909090909e-01,7.652137352320369e-09,-2.642506564263995e-08
1.410511363636364e+00,4.659090909090909e-01,6.583398258757638e-09,-2.709769970711006e-08
1.430397727272727e+00,4.659090909090909e-01,5.502839727431572e-09,-2.779536196119318e-08
1.450284090909091e+00,4.659090909090909e-01,4.287220479775626e-09,-2.838811155770882e-08
1.470170454545455e+00,4.659090909090909e-01,1.322152493943008e-08,-3.784463898796956e-08
1.490056818181818e+00,4.659090909090909e-01,1.550802761009420e-07,-1.632879807837886e-07
6.349431818181818e-01,4.886363636363636e-01,1.020886094255217e-08,4.705519068057744e-09
6.548295454545454e-01,4.886363636363636e-01,1.501026815820922e-08,-4.566610539920197e-10
6.747159090909091e-01,4.886363636363636e-01,1.443435916190050e-08,-5.835862606086190e-10
6.946022727272727e-01,4.886363636363636e-01,1.382397987660341e-08,-7.110123137345182e-10
7.144886363636364e-01,4.886363636363636e-01,1.389610554663021e-08,-1.536529032714082e-09
7.343750000000000e-01,4.886363636363636e-01,1.393906055947976e-08,-2.351924296274977e-09
7.542613636363636e-01,4.886363636363636e-01,1.396751065682705e-08,-3.163205118020105e-09
7.741477272727273e-01,4.886363636363636e-01,1.397194672117658e-08,-3.969521108526085e-09
7.940340909090909e-01,4.886363636363636e-01,1.395633269019071e-08,-4.771372714226447e-09
8.139204545454546e-01,4.886363636363636e-01,1.392738983657504e-08,-5.570285970983531e-09
8.338068181818181e-01,4.886363636363636e-01,1.386997853286102e-08,-6.363243470629683e-09
8.536931818181819e-01,4.886363636363636e-01,1.379751847807333e-08,-7.153274438503088e-09
8.735795454545454e-01,4.886363636363636e-01,1.371000967221196e-08,-7.940378874603731e-09
8.934659090909091e-01,4.886363636363636e-01,1.359417472934267e-08,-8.721669866683904e-09
9.133522727272727e-01,4.886363636363636e-01,1.346516794377612e-08,-9.500179489753317e-09
9.332386363636364e-01,4.886363636363636e-01,1.331637392186329e-08,-1.027448758700620e-08
9.531250000000000e-01,4.886363636363636e-01,1.314359005766481e-08,-1.104385504373203e-08
9.730113636363636e-01,4.886363636363636e-01,1.295774540204773e-08,-1.181055218272577e-08
9.928977272727273e-01,4.886363636363636e-01,1.274800102018141e-08,-1.257239879722890e-08
1.012784090909091e+00,4.886363636363636e-01,1.251862183521347e-08,-1.333019631916019e-08
1.032670454545455e+00,4.886363636363636e-01,1.227614972230681e-08,-1.408529138683928e-08
1.052556818181818e+00,4.886363636363636e-01,1.200527645748618e-08,-1.483449799559185e-08
1.072443181818182e+00,4.886363636363636e-01,1.171913633741883e-08,-1.558055996839861e-08
1.092329545454545e+00,4.886363636363636e-01,1.141772936210478e-08,-1.632347730525955e-08
1.112215909090909e+00,4.886363636363636e-01,1.108798663761309e-08,-1.706057158593031e-08
1.132102272727273e+00,4.886363636363636e-01,1.074516100842650e-08,-1.779497343559265e-08
1.151988636363636e+00,4.886363636363636e-01,1.038270956221368e-08,-1.852533517875852e-08
1.171875000000000e+00,4.886363636363636e-01,9.996258272330640e-09,-1.925074628001278e-08
1.191761363636364e+00,4.886363636363636e-01,9.596714669825963e-09,-1.997345554233192e-08
1.211647727272727e+00,4.886363636363636e-01,9.173165764712179e-09,-2.069120870380059e-08
1.231534090909091e+00,4.886363636363636e-01,8.729992735486530e-09,-2.140492345168712e-08
1.251420454545455e+00,4.886363636363636e-01,8.273738237791660e-09,-2.211594720479093e-08
1.271306818181818e+00,4.886363636363636e-01,7.789154435249283e-09,-2.282115434603466e-08
1.291193181818182e+00,4.886363636363636e-01,7.289295845781281e-09,-2.352320891965373e-08
1.311079545454545e+00,4.886363636363636e-01,6.774162469387644e-09,-2.422211092564814e-08
1.330965909090909e+00,4.886363636363636e-01,6.230643241583407e-09,-2.491513977321933e-08
1.350852272727273e+00,4.886363636363636e-01,5.674039234877287e-09,-2.560547431557513e-08
1.370738636363636e+00,4.886363636363636e-01,5.097812974804618e-09,-2.629177231509415e-08
1.390625000000000e+00,4.886363636363636e-01,4.497685225145829e-09,-2.697321802678567e-08
1.410511363636364e+00,4.886363636363636e-01,3.892678431410110e-09,-2.766017516808678e-08
1.430397727272727e+00,4.886363636363636e-01,3.293683298978445e-09,-2.837219317245054e-08
1.450284090909091e+00,4.886363636363636e-01,2.617416676300251e-09,-2.902252539709739e-08
1.470170454545455e+00,4.886363636363636e-01,3.275616343626363e-08,-5.914456370249008e-08
1.490056818181818e+00,4.886363636363636e-01,4.640481560445557e-07,-4.728442894666312e-07
6.349431818181818e-01,5.113636363636364e-01,-2.267549263855879e-09,6.758866602934768e-09
6.548295454545454e-01,5.113636363636364e-01,4.405832568529870e-09,-3.137911569036868e-10
6.747159090909091e-01,5.113636363636364e-01,3.896627580667982e-09,-5.739245907677208e-10
6.946022727272727e-01,5.113636363636364e-01,3.226491528901454e-09,-7.020633215877434e-10
7.144886363636364e-01,5.113636363636364e-01,3.261191583371665e-09,-1.535884185909651e-09
7.343750000000000e-01,5.113636363636364e-01,3.284489901721409e-09,-2.359337347435144e-09
7.542613636363636e-01,5.113636363636364e-01,3.303172460612783e-09,-3.178738767679032e-09
7.741477272727273e-01,5.113636363636364e-01,3.316332304277270e-09,-3.993651506020110e-09
7.940340909090909e-01,5.113636363636364e-01,3.324440468041055e-09,-4.804358591725668e-09
8.139204545454546e-01,5.113636363636364e-01,3.329147444163371e-09,-5.612228507966539e-09
8.338068181818181e-01,5.113636363636364e-01,3.326123335785002e-09,-6.413589379089693e-09
8.536931818181819e-01,5.113636363636364e-01,3.319366318206532e-09,-7.211875362218968e-09
8.735795454545454e-01,5.113636363636364e-01,3.308876391427962e-09,-8.007086457354349e-09
8.934659090909091e-01,5.113636363636364e-01,3.291585371378001e-09,-8.796718498601361e-09
9.133522727272727e-01,5.113636363636364e-01,3.270973024822332e-09,-9.583593231519430e-09
9.332386363636364e-01,5.113636363636364e-01,3.245323980393973e-09,-1.036627729382995e-08
9.531250000000000e-01,5.113636363636364e-01,3.213511495394139e-09,-1.114383194889306e-08
9.730113636363636e-01,5.113636363636364e-01,3.178391560920822e-09,-1.191864317265947e-08
9.928977272727273e-01,5.113636363636364e-01,3.137307752282888e-09,-1.268852455558535e-08
1.012784090909091e+00,5.113636363636364e-01,3.091331690562106e-09,-1.345435971269354e-08
1.032670454545455e+00,5.113636363636364e-01,3.042086369043469e-09,-1.421748962818068e-08
1.052556818181818e+00,5.113636363636364e-01,2.985673609084402e-09,-1.497467414461038e-08
1.072443181818182e+00,5.113636363636364e-01,2.925407718521009e-09,-1.572866355164196e-08
1.092329545454545e+00,5.113636363636364e-01,2.861288697353289e-09,-1.647945784927541e-08
1.112215909090909e+00,5.113636363636364e-01,2.790050831216621e-09,-1.722435534132292e-08
1.132102272727273e+00,5.113636363636364e-01,2.715528290822502e-09,-1.796653217728972e-08
1.151988636363636e+00,5.113636363636364e-01,2.636079022991446e-09,-1.870462831308473e-08
1.171875000000000e+00,5.113636363636364e-01,2.550599492667551e-09,-1.943772821971097e-08
1.191761363636364e+00,5.113636363636364e-01,2.461826512966636e-09,-2.016809869513697e-08
1.211647727272727e+00,5.113636363636364e-01,2.367007814709482e-09,-2.089345748533085e-08
1.231534090909091e+00,5.113636363636364e-01,2.267243455675710e-09,-2.161471664201324e-08
1.251420454545455e+00,5.113636363636364e-01,2.164184703326741e-09,-2.233324542355721e-08
1.271306818181818e+00,5.113636363636364e-01,2.054017499044720e-09,-2.304588779255107e-08
1.291193181818182e+00,5.113636363636364e-01,1.940021450722460e-09,-2.375535933871096e-08
1.311079545454545e+00,5.113636363636364e-01,1.822196558359961e-09,-2.446166006203689e-08
1.330965909090909e+00,5.113636363636364e-01,1.697211559639393e-09,-2.516202271838771e-08
1.350852272727273e+00,5.113636363636364e-01,1.568923130770522e-09,-2.585964596276698e-08
1.370738636363636e+00,5.113636363636364e-01,1.435679926976594e-09,-2.655316045948633e-08
1.390625000000000e+00,5.113636363636364e-01,1.296486398064473e-09,-2.724175866441159e-08
1.410511363636364e+00,5.113636363636364e-01,1.162244142318020e-09,-2.793587216067929e-08
1.430397727272727e+00,5.113636363636364e-01,1.052106879963873e-09,-2.865512468366337e-08
1.450284090909091e+00,5.113636363636364e-01,9.228577824883174e-10,-2.935611139879106e-08
1.470170454545455e+00,5.113636363636364e-01,5.231819274735805e-08,-8.019533318297128e-08
1.490056818181818e+00,5.113636363636364e-01,7.736711504430135e-07,-7.829635305882181e-07
6.349431818181818e-01,5.340909090909091e-01,-1.491362766953576e-08,8.812036230075393e-09
6.548295454545454e-01,5.340909090909091e-01,-6.352751840693550e-09,-1.827409307134805e-10
6.747159090909091e-01,5.340909090909091e-01,-6.794441824752908e-09,-5.693353350422056e-10
6.946022727272727e-01,5.340909090909091e-01,-7.524508030382924e-09,-6.900736921121319e-10
7.144886363636364e-01,5.340909090909091e-01,-7.527142322284480e-09,-1.524173391933819e-09
7.343750000000000e-01,5.340909090909091e-01,-7.523675175473002e-09,-2.347177165941451e-09
7.542613636363636e-01,5.340909090909091e-01,-7.515047093633790e-09,-3.165961494325688e-09
7.741477272727273e-01,5.340909090909091e-01,-7.493597022072586e-09,-3.980370447904863e-09
7.940340909090909e-01,5.340909090909091e-01,-7.461615185594976e-09,-4.791240595423793e-09
8.139204545454546e-01,5.340909090909091e-01,-7.422740509492302e-09,-5.599623201916682e-09
8.338068181818181e-01,5.340909090909091e-01,-7.370321664882252e-09,-6.401225818839457e-09
8.536931818181819e-01,5.340909090909091e-01,-7.310331372695007e-09,-7.199456105913109e-09
8.735795454545454e-01,5.340909090909091e-01,-7.242769632930566e-09,-7.994314063137619e-09
8.934659090909091e-01,5.340909090909091e-01,-7.160241760916687e-09,-8.783813994534147e-09
9.133522727272727e-01,5.340909090909091e-01,-7.070972603195602e-09,-9.570674830986762e-09
9.332386363636364e-01,5.340909090909091e-01,-6.971641364897613e-09,-1.035352717703959e-08
9.531250000000000e-01,5.340909090909091e-01,-6.860360004801657e-09,-1.113113228036333e-08
9.730113636363636e-01,5.340909090909091e-01,-6.742500757168944e-09,-1.190593489057270e-08
9.928977272727273e-01,5.340909090909091e-01,-6.612472710366094e-09,-1.267570893542516e-08
1.012784090909091e+00,5.340909090909091e-01,-6.472376702221458e-09,-1.344148037064272e-08
1.032670454545455e+00,5.340909090909091e-01,-6.325578115024250e-09,-1.420457400426175e-08
1.052556818181818e+00,5.340909090909091e-01,-6.164359054278721e-09,-1.496176395335166e-08
1.072443181818182e+00,5.340909090909091e-01,-5.995406243433785e-09,-1.571574387511464e-08
1.092329545454545e+00,5.340909090909091e-01,-5.818719682489449e-09,-1.646651376955069e-08
1.112215909090909e+00,5.340909090909091e-01,-5.627627802219934e-09,-1.721136482523447e-08
1.132102272727273e+00,5.340909090909091e-01,-5.429878371416500e-09,-1.795349305080104e-08
1.151988636363636e+00,5.340909090909091e-01,-5.222139932327799e-09,-1.869153971367616e-08
1.171875000000000e+00,5.340909090909091e-01,-5.002191787924538e-09,-1.942459871733879e-08
1.191761363636364e+00,5.340909090909091e-01,-4.775588158388070e-09,-2.015493282548349e-08
1.211647727272727e+00,5.340909090909091e-01,-4.536790788677745e-09,-2.088026330927502e-08
1.231534090909091e+00,5.340909090909091e-01,-4.288036826696369e-09,-2.160147981436093e-08
1.251420454545455e+00,5.340909090909091e-01,-4.032642827803703e-09,-2.231995597570703e-08
1.271306818181818e+00,5.340909090909091e-01,-3.762837071021921e-09,-2.303251973686472e-08
1.291193181818182e+00,5.340909090909091e-01,-3.485245569462958e-09,-2.374192546537331e-08
1.311079545454545e+00,5.340909090909091e-01,-3.199868323126813e-09,-2.444817316123280e-08
1.330965909090909e+00,5.340909090909091e-01,-2.900080833549830e-09,-2.514850694225570e-08
1.350852272727273e+00,5.340909090909091e-01,-2.593665041126834e-09,-2.584608864547346e-08
1.370738636363636e+00,5.340909090909091e-01,-2.277313568029741e-09,-2.653953545838859e-08
1.390625000000000e+00,5.340909090909091e-01,-1.948713558266387e-09,-2.722803344344293e-08
1.410511363636364e+00,5.340909090909091e-01,-1.605195041714946e-09,-2.792206955463425e-08
1.430397727272727e+00,5.340909090909091e-01,-1.219223870273455e-09,-2.864136095618857e-08
1.450284090909091e+00,5.340909090909091e-01,-7.938452180255795e-10,-2.938598926757259e-08
1.470170454545455e+00,5.340909090909091e-01,7.190359318288345e-08,-1.009876596085714e-07
1.490056818181818e+00,5.340909090909091e-01,1.083853198732752e-06,-1.093547887541315e-06
6.349431818181818e-01,5.568181818181819e-01,-2.778198294807504e-08,1.086073113975395e-08
6.548295454545454e-01,5.568181818181819e-01,-1.731358770784864e-08,-7.069934820237830e-11
6.747159090909091e-01,5.568181818181819e-01,-1.768844452482430e-08,-5.723679592540758e-10
6.946022727272727e-01,5.568181818181819e-01,-1.847990761993259e-08,-6.729962991004848e-10
7.144886363636364e-01,5.568181818181819e-01,-1.851988865391313e-08,-1.495873026041140e-09
7.343750000000000e-01,5.568181818181819e-01,-1.853556285868962e-08,-2.307326536144866e-09
7.542613636363636e-01,5.568181818181819e-01,-1.853651731732070e-08,-3.114010676371665e-09
7.741477272727273e-01,5.568181818181819e-01,-1.850780620262265e-08,-3.914630343886657e-09
7.940340909090909e-01,5.568181818181819e-01,-1.845249544557148e-08,-4.712615979721309e-09
8.139204545454546e-01,5.568181818181819e-01,-1.837958726938765e-08,-5.508709918666308e-09
8.338068181818181e-01,5.568181818181819e-01,-1.827002117258509e-08,-6.299235360181615e-09
8.536931818181819e-01,5.568181818181819e-01,-1.814153842603550e-08,-7.085940149417894e-09
8.735795454545454e-01,5.568181818181819e-01,-1.799413902973890e-08,-7.868824286375129e-09
8.934659090909091e-01,5.568181818181819e-01,-1.781029121877308e-08,-8.645930419953174e-09
9.133522727272727e-01,5.568181818181819e-01,-1.760938648387652e-08,-9.420604361439636e-09
9.332386363636364e-01,5.568181818181819e-01,-1.738282598947421e-08,-1.019170038839837e-08
9.531250000000000e-01,5.568181818181819e-01,-1.712554186321787e-08,-1.095779000117020e-08
9.730113636363636e-01,5.568181818181819e-01,-1.685154439396381e-08,-1.172110384091742e-08
9.928977272727273e-01,5.568181818181819e-01,-1.654698829890551e-08,-1.247924626042796e-08
1.012784090909091e+00,5.568181818181819e-01,-1.621718957641091e-08,-1.323339763334132e-08
1.032670454545455e+00,5.568181818181819e-01,-1.587055841752317e-08,-1.398489232662550e-08
1.052556818181818e+00,5.568181818181819e-01,-1.548741345034253e-08,-1.473067441015417e-08
1.072443181818182e+00,5.568181818181819e-01,-1.508467906442237e-08,-1.547330861039630e-08
1.092329545454545e+00,5.568181818181819e-01,-1.466235525976268e-08,-1.621279492735189e-08
1.112215909090909e+00,5.568181818181819e-01,-1.420366928991625e-08,-1.694641699144582e-08
1.132102272727273e+00,5.568181818181819e-01,-1.372818754315896e-08,-1.767734571642828e-08
1.151988636363636e+00,5.568181818181819e-01,-1.322750815929566e-08,-1.840423840448325e-08
1.171875000000000e+00,5.568181818181819e-01,-1.269601242832869e-08,-1.912621739360092e-08
1.191761363636364e+00,5.568181818181819e-01,-1.214770451794728e-08,-1.984551944611070e-08
1.211647727272727e+00,5.568181818181819e-01,-1.156856829681661e-08,-2.055991976332886e-08
1.231534090909091e+00,5.568181818181819e-01,-1.096424122965541e-08,-2.127027725254407e-08
1.251420454545455e+00,5.568181818181819e-01,-1.034312344786716e-08,-2.197793634036399e-08
1.271306818181818e+00,5.568181818181819e-01,-9.685660263925753e-09,-2.267971441228864e-08
1.291193181818182e+00,5.568181818181819e-01,-9.008581411596151e-09,-2.337837085057544e-08
1.311079545454545e+00,5.568181818181819e-01,-8.311886890878342e-09,-2.407390565522439e-08
1.330965909090909e+00,5.568181818181819e-01,-7.578714140936192e-09,-2.476369227104934e-08
1.350852272727273e+00,5.568181818181819e-01,-6.828753806447631e-09,-2.545077735539834e-08
1.370738636363636e+00,5.568181818181819e-01,-6.053626651514275e-09,-2.613379558615863e-08
1.390625000000000e+00,5.568181818181819e-01,-5.247726215207355e-09,-2.681185705225152e-08
1.410511363636364e+00,5.568181818181819e-01,-4.416760827486119e-09,-2.749549435373641e-08
1.430397727272727e+00,5.568181818181819e-01,-3.524663899285947e-09,-2.820453314965933e-08
1.450284090909091e+00,5.568181818181819e-01,-2.534157786009620e-09,-2.898274745662503e-08
1.470170454545455e+00,5.568181818181819e-01,9.151098830632424e-08,-1.213927438398201e-07
1.490056818181818e+00,5.568181818181819e-01,1.394555721123034e-06,-1.404516306300866e-06
6.349431818181818e-01,5.795454545454546e-01,-4.082701263992361e-08,1.290354855545357e-08
6.548295454545454e-01,5.795454545454546e-01,-2.843258756206665e-08,2.172724734180717e-11
6.747159090909091e-01,5.795454545454546e-01,-2.874103241083537e-08,-5.852891795600175e-10
6.946022727272727e-01,5.795454545454546e-01,-2.959642160157449e-08,-6.535077855927077e-10
7.144886363636364e-01,5.795454545454546e-01,-2.967745169494284e-08,-1.451478682228541e-09
7.343750000000000e-01,5.795454545454546e-01,-2.971185078335060e-08,-2.241561153331162e-09
7.542613636363636e-01,5.795454545454546e-01,-2.972087121808892e-08,-3.027284406924822e-09
7.741477272727273e-01,5.795454545454546e-01,-2.968346759433315e-08,-3.804912288518838e-09
7.940340909090909e-01,5.795454545454546e-01,-2.960520497393375e-08,-4.578792359988874e-09
8.139204545454546e-01,5.795454545454546e-01,-2.949954916754829e-08,-5.350327746266555e-09
8.338068181818181e-01,5.795454545454546e-01,-2.933287469688148e-08,-6.118449742605708e-09
8.536931818181819e-01,5.795454545454546e-01,-2.913485129963131e-08,-6.883226482486727e-09
8.735795454545454e-01,5.795454545454546e-01,-2.890547897579780e-08,-7.644657965909594e-09
8.934659090909091e-01,5.795454545454546e-01,-2.861846054372099e-08,-8.399303503355862e-09
9.133522727272727e-01,5.795454545454546e-01,-2.830423646461665e-08,-9.151416816651254e-09
9.332386363636364e-01,5.795454545454546e-01,-2.794902398969644e-08,-9.899911718994903e-09
9.531250000000000e-01,5.795454545454546e-01,-2.754367898196363e-08,-1.064401972365741e-08
9.730113636363636e-01,5.795454545454546e-01,-2.711115166067197e-08,-1.138557217070036e-08
9.928977272727273e-01,5.795454545454546e-01,-2.662908838914379e-08,-1.212214113748608e-08
1.012784090909091e+00,5.795454545454546e-01,-2.610645493555313e-08,-1.285467347956668e-08
1.032670454545455e+00,5.795454545454546e-01,-2.555675390205043e-08,-1.358453553038092e-08
1.052556818181818e+00,5.795454545454546e-01,-2.494818120014268e-08,-1.430883719538033e-08
1.072443181818182e+00,5.795454545454546e-01,-2.430792821926943e-08,-1.503012495630374e-08
1.092329545454545e+00,5.795454545454546e-01,-2.363599495943069e-08,-1.574839881315112e-08
1.112215909090909e+00,5.795454545454546e-01,-2.290531321278499e-08,-1.646098910258560e-08
1.132102272727273e+00,5.795454545454546e-01,-2.214751712042983e-08,-1.717095586655112e-08
1.151988636363636e+00,5.795454545454546e-01,-2.134904961166321e-08,-1.787698724016047e-08
1.171875000000000e+00,5.795454545454546e-01,-2.050086245524724e-08,-1.857821883092535e-08
1.191761363636364e+00,5.795454545454546e-01,-1.962554568398779e-08,-1.927684216535532e-08
1.211647727272727e+00,5.795454545454546e-01,-1.870047330595156e-08,-1.997070167606840e-08
1.231534090909091e+00,5.795454545454546e-01,-1.773467687714324e-08,-2.066067843078589e-08
1.251420454545455e+00,5.795454545454546e-01,-1.674173848182211e-08,-2.134805928083777e-08
1.271306818181818e+00,5.795454545454546e-01,-1.569007266629958e-08,-2.202973549687140e-08
1.291193181818182e+00,5.795454545454546e-01,-1.460680159277912e-08,-2.270832278786132e-08
1.311079545454545e+00,5.795454545454546e-01,-1.349192526126072e-08,-2.338382115380752e-08
1.330965909090909e+00,5.795454545454546e-01,-1.231819812702808e-08,-2.405373826824838e-08
1.350852272727273e+00,5.795454545454546e-01,-1.111730706688900e-08,-2.472108143741723e-08
1.370738636363636e+00,5.795454545454546e-01,-9.875669512801805e-09,-2.538456429376644e-08
1.390625000000000e+00,5.795454545454546e-01,-8.584360623792386e-09,-2.604319905454402e-08
1.410511363636364e+00,5.795454545454546e-01,-7.257683693645458e-09,-2.670746398528071e-08
1.430397727272727e+00,5.795454545454546e-01,-5.850995280916545e-09,-2.739722096810571e-08
1.450284090909091e+00,5.795454545454546e-01,-4.286559711714425e-09,-2.820011830063638e-08
1.470170454545455e+00,5.795454545454546e-01,1.111213617140183e-07,-1.414344072702740e-07
1.490056818181818e+00,5.795454545454546e-01,1.705355314255622e-06,-1.715459662774374e-06
6.349431818181818e-01,6.022727272727273e-01,-5.401358360643621e-08,1.494167304402460e-08
6.548295454545454e-01,6.022727272727273e-01,-3.967988908001330e-08,1.002310361651357e-10
6.747159090909091e-01,6.022727272727273e-01,-3.991870407076389e-08,-6.075333226627764e-10
6.946022727272727e-01,6.022727272727273e-01,-4.083786504195783e-08,-6.352889240685082e-10
7.144886363636364e-01,6.022727272727273e-01,-4.096391669095646e-08,-1.395999513518748e-09
7.343750000000000e-01,6.022727272727273e-01,-4.101926707281242e-08,-2.153889406149594e-09
7.542613636363636e-01,6.022727272727273e-01,-4.103722572387306e-08,-2.909068140141886e-09
7.741477272727273e-01,6.022727272727273e-01,-4.098878262916028e-08,-3.657126655945540e-09
7.940340909090909e-01,6.022727272727273e-01,-4.088636993650080e-08,-4.399000435545113e-09
8.139204545454546e-01,6.022727272727273e-01,-4.074751981050378e-08,-5.137208759048372e-09
8.338068181818181e-01,6.022727272727273e-01,-4.052476348073381e-08,-5.872433692551223e-09
8.536931818181819e-01,6.022727272727273e-01,-4.025730157473743e-08,-6.605577497941003e-09
8.735795454545454e-01,6.022727272727273e-01,-3.994513409251463e-08,-7.336640175217690e-09
8.934659090909091e-01,6.022727272727273e-01,-3.955304196639520e-08,-8.060737902617627e-09
9.133522727272727e-01,6.022727272727273e-01,-3.912367727381135e-08,-8.782005307048134e-09
9.332386363636364e-01,6.022727272727273e-01,-3.863828845074646e-08,-9.499142507808903e-09
9.531250000000000e-01,6.022727272727273e-01,-3.808332689526462e-08,-1.021233047702457e-08
9.730113636363636e-01,6.022727272727273e-01,-3.749055626545034e-08,-1.092322463113881e-08
9.928977272727273e-01,6.022727272727273e-01,-3.682872509550082e-08,-1.162965736142623e-08
1.012784090909091e+00,6.022727272727273e-01,-3.611070824245607e-08,-1.233212144065811e-08
1.032670454545455e+00,6.022727272727273e-01,-3.535521355305556e-08,-1.303196046681190e-08
1.052556818181818e+00,6.022727272727273e-01,-3.451829248005136e-08,-1.372633628279603e-08
1.072443181818182e+00,6.022727272727273e-01,-3.363744831980924e-08,-1.441784848167856e-08
1.092329545454545e+00,6.022727272727273e-01,-3.271268107232923e-08,-1.510649706345948e-08
1.112215909090909e+00,6.022727272727273e-01,-3.170642680354517e-08,-1.578974307277110e-08
1.132102272727273e+00,6.022727272727273e-01,-3.066257966677885e-08,-1.647047906063114e-08
1.151988636363636e+00,6.022727272727273e-01,-2.956234818597881e-08,-1.714744505837406e-08
1.171875000000000e+00,6.022727272727273e-01,-2.839321698827291e-08,-1.781978880906073e-08
1.191761363636364e+00,6.022727272727273e-01,-2.718650000839149e-08,-1.848961545248910e-08
1.211647727272727e+00,6.022727272727273e-01,-2.591086821077233e-08,-1.915483494969320e-08
1.231534090909091e+00,6.022727272727273e-01,-2.457878194301149e-08,-1.981635458288811e-08
1.251420454545455e+00,6.022727272727273e-01,-2.320906175678300e-08,-2.047540524511678e-08
1.271306818181818e+00,6.022727272727273e-01,-2.175782735927628e-08,-2.112908052485071e-08
1.291193181818182e+00,6.022727272727273e-01,-2.026280139628946e-08,-2.177976066572502e-08
1.311079545454545e+00,6.022727272727273e-01,-1.872398386782252e-08,-2.242744566773970e-08
1.330965909090909e+00,6.022727272727273e-01,-1.710375919917506e-08,-2.306964821616211e-08
1.350852272727273e+00,6.022727272727273e-01,-1.544587080459856e-08,-2.370941160107958e-08
1.370738636363636e+00,6.022727272727273e-01,-1.373145946122088e-08,-2.434554360064712e-08
1.390625000000000e+00,6.022727272727273e-01,-1.194807719546042e-08,-2.497712455863551e-08
1.410511363636364e+00,6.022727272727273e-01,-1.011884627524328e-08,-2.561445128164663e-08
1.430397727272727e+00,6.022727272727273e-01,-8.190474544401135e-09,-2.627739685132028e-08
1.450284090909091e+00,6.022727272727273e-01,-6.044830291323853e-09,-2.709746060907854e-08
1.470170454545455e+00,6.022727272727273e-01,1.307245511547535e-07,-1.611558064864094e-07
1.490056818181818e+00,6.022727272727273e-01,2.016033325671403e-06,-2.026177077448621e-06
6.349431818181818e-01,6.250000000000000e-01,-6.733790424555032e-08,1.697524126181404e-08
6.548295454545454e-01,6.250000000000000e-01,-5.105315782247273e-08,1.664273621019890e-10
6.747159090909091e-01,6.250000000000000e-01,-5.121674580614386e-08,-6.398220059301908e-10
6.946022727272727e-01,6.250000000000000e-01,-5.219801625130342e-08,-6.205256605703435e-10
7.144886363636364e-01,6.250000000000000e-01,-5.237365344005378e-08,-1.330986735491362e-09
7.343750000000000e-01,6.250000000000000e-01,-5.245389716947313e-08,-2.044104136697765e-09
7.542613636363636e-01,6.250000000000000e-01,-5.248309030630520e-08,-2.757688239739253e-09
7.741477272727273e-01,6.250000000000000e-01,-5.242049139631487e-08,-3.470327256557339e-09
7.940340909090909e-01,6.250000000000000e-01,-5.229172214030593e-08,-4.173260783265781e-09
8.139204545454546e-01,6.250000000000000e-01,-5.211821884019212e-08,-4.870344463326900e-09
8.338068181818181e-01,6.250000000000000e-01,-5.184106991018297e-08,-5.561475343320262e-09
8.536931818181819e-01,6.250000000000000e-01,-5.150492206332999e-08,-6.252590600946550e-09
8.735795454545454e-01,6.250000000000000e-01,-5.110977529963318e-08,-6.943690236205748e-09
8.934659090909091e-01,6.250000000000000e-01,-5.061046584800680e-08,-7.629354129431374e-09
9.133522727272727e-01,6.250000000000000e-01,-5.006386051928632e-08,-8.311730008998923e-09
9.332386363636364e-01,6.250000000000000e-01,-4.944654513781745e-08,-8.988940105186579e-09
9.531250000000000e-01,6.250000000000000e-01,-4.874051765486341e-08,-9.662125169813701e-09
9.730113636363636e-01,6.250000000000000e-01,-4.798597663928277e-08,-1.033323987631523e-08
9.928977272727273e-01,6.250000000000000e-01,-4.714226477222304e-08,-1.100078830125014e-08
1.012784090909091e+00,6.250000000000000e-01,-4.622635674843086e-08,-1.166465704678921e-08
1.032670454545455e+00,6.250000000000000e-01,-4.526232726928576e-08,-1.232606335692900e-08
1.052556818181818e+00,6.250000000000000e-01,-4.419413555806517e-08,-1.298203346918115e-08
1.072443181818182e+00,6.250000000000000e-01,-4.306965536658226e-08,-1.363527752248471e-08
1.092329545454545e+00,6.250000000000000e-01,-4.188888669483704e-08,-1.428579551683967e-08
1.112215909090909e+00,6.250000000000000e-01,-4.060354404347305e-08,-1.493128906085035e-08
1.132102272727273e+00,6.250000000000000e-01,-3.926996360296452e-08,-1.557443650325334e-08
1.151988636363636e+00,6.250000000000000e-01,-3.786403461609690e-08,-1.621405665588709e-08
1.171875000000000e+00,6.250000000000000e-01,-3.636972937230243e-08,-1.684931593240199e-08
1.191761363636364e+00,6.250000000000000e-01,-3.482724025979974e-08,-1.748217518687290e-08
1.211647727272727e+00,6.250000000000000e-01,-3.319645321896052e-08,-1.811059523663469e-08
1.231534090909091e+00,6.250000000000000e-01,-3.149331868144219e-08,-1.873548694694725e-08
1.251420454545455e+00,6.250000000000000e-01,-2.974193520348072e-08,-1.935804370695073e-08
1.271306818181818e+00,6.250000000000000e-01,-2.788582519799662e-08,-1.997572856451379e-08
1.291193181818182e+00,6.250000000000000e-01,-2.597349815976216e-08,-2.059061591561632e-08
1.311079545454545e+00,6.250000000000000e-01,-2.400495408877732e-08,-2.120270576025832e-08
1.330965909090909e+00,6.250000000000000e-01,-2.193230948213299e-08,-2.180929771059727e-08
1.350852272727273e+00,6.250000000000000e-01,-1.981141617379920e-08,-2.241355447187324e-08
1.370738636363636e+00,6.250000000000000e-01,-1.761808912274643e-08,-2.301436913973936e-08
1.390625000000000e+00,6.250000000000000e-01,-1.533602973246453e-08,-2.361117901378978e-08
1.410511363636364e+00,6.250000000000000e-01,-1.299743222680071e-08,-2.421394311246963e-08
1.430397727272727e+00,6.250000000000000e-01,-1.054026063729898e-08,-2.484254416193983e-08
1.450284090909091e+00,6.250000000000000e-01,-7.806165650929443e-09,-2.567219277215042e-08
1.470170454545455e+00,6.250000000000000e-01,1.503141127148608e-07,-1.805453324569000e-07
1.490056818181818e+00,6.250000000000000e-01,2.326454772702336e-06,-2.336531845949682e-06
6.349431818181818e-01,6.477272727272727e-01,-8.085183982087803e-08,1.898640898321254e-08
6.548295454545454e-01,6.477272727272727e-01,-6.262464116414141e-08,2.253571389071118e-10
6.747159090909091e-01,6.477272727272727e-01,-6.270362087931218e-08,-6.760167207580804e-10
6.946022727272727e-01,6.477272727272727e-01,-6.373605140457886e-08,-6.072448332755093e-10
7.144886363636364e-01,6.477272727272727e-01,-6.394999176729245e-08,-1.265089091107998e-09
7.343750000000000e-01,6.477272727272727e-01,-6.406310406197421e-08,-1.911470951459238e-09
7.542613636363636e-01,6.477272727272727e-01,-6.411541103961425e-08,-2.557408784026867e-09
7.741477272727273e-01,6.477272727272727e-01,-6.404559325613315e-08,-3.213180912202505e-09
7.940340909090909e-01,6.477272727272727e-01,-6.388735721043857e-08,-3.865497285353644e-09
8.139204545454546e-01,6.477272727272727e-01,-6.367089772264416e-08,-4.514787755779296e-09
8.338068181818181e-01,6.477272727272727e-01,-6.333610982576030e-08,-5.149699721506134e-09
8.536931818181819e-01,6.477272727272727e-01,-6.293140162361945e-08,-5.783074423527105e-09
8.735795454545454e-01,6.477272727272727e-01,-6.245677311622160e-08,-6.414911861842194e-09
8.934659090909091e-01,6.477272727272727e-01,-6.184979907814703e-08,-7.046387917045742e-09
9.133522727272727e-01,6.477272727272727e-01,-6.118393454132118e-08,-7.675505126175267e-09
9.332386363636364e-01,6.477272727272727e-01,-6.043039187252898e-08,-8.300426450033149e-09
9.531250000000000e-01,6.477272727272727e-01,-5.956991225485394e-08,-8.919994257260702e-09
9.730113636363636e-01,6.477272727272727e-01,-5.865058341855179e-08,-9.537161938290060e-09
9.928977272727273e-01,6.477272727272727e-01,-5.762241106283300e-08,-1.015088267322303e-08
1.012784090909091e+00,6.477272727272727e-01,-5.650526040109115e-08,-1.076170769694103e-08
1.032670454545455e+00,6.477272727272727e-01,-5.532884934592193e-08,-1.137054376926108e-08
1.052556818181818e+00,6.477272727272727e-01,-5.402467427525204e-08,-1.197443694329357e-08
1.072443181818182e+00,6.477272727272727e-01,-5.265166656133654e-08,-1.257570519160876e-08
1.092329545454545e+00,6.477272727272727e-01,-5.120982620417545e-08,-1.317434851420665e-08
1.112215909090909e+00,6.477272727272727e-01,-4.963994796473468e-08,-1.376832280529604e-08
1.132102272727273e+00,6.477272727272727e-01,-4.801096951682051e-08,-1.436014796003347e-08
1.151988636363636e+00,6.477272727272727e-01,-4.629333901581603e-08,-1.494875115062319e-08
1.171875000000000e+00,6.477272727272727e-01,-4.446733573070538e-08,-1.553343665980595e-08
1.191761363636364e+00,6.477272727272727e-01,-4.258225043768151e-08,-1.611595483207661e-08
1.211647727272727e+00,6.477272727272727e-01,-4.058890389974868e-08,-1.669444378374319e-08
1.231534090909091e+00,6.477272727272727e-01,-3.850710836213187e-08,-1.726950771785570e-08
1.251420454545455e+00,6.477272727272727e-01,-3.636632000638580e-08,-1.784231512527212e-08
1.271306818181818e+00,6.477272727272727e-01,-3.409742334601014e-08,-1.841052392352995e-08
1.291193181818182e+00,6.477272727272727e-01,-3.175937270570856e-08,-1.897642913275085e-08
1.311079545454545e+00,6.477272727272727e-01,-2.935216808548100e-08,-1.954003075293480e-08
1.330965909090909e+00,6.477272727272727e-01,-2.681721782981619e-08,-2.009867109476792e-08
1.350852272727273e+00,6.477272727272727e-01,-2.422343276513707e-08,-2.065489690078995e-08
1.370738636363636e+00,6.477272727272727e-01,-2.154143290144656e-08,-2.120746348858524e-08
1.390625000000000e+00,6.477272727272727e-01,-1.875080082379430e-08,-2.175637182482941e-08
1.410511363636364e+00,6.477272727272727e-01,-1.589262135448286e-08,-2.231157820790735e-08
1.430397727272727e+00,6.477272727272727e-01,-1.289540032971622e-08,-2.289353568092690e-08
1.450284090909091e+00,6.477272727272727e-01,-9.561233496115281e-09,-2.372056494554299e-08
1.470170454545455e+00,6.477272727272727e-01,1.698882589117678e-07,-1.993897717675046e-07
1.490056818181818e+00,6.477272727272727e-01,2.636403486276989e-06,-2.646237323895567e-06
6.349431818181818e-01,6.704545454545455e-01,-9.445168606610545e-08,2.096074351732855e-08
6.548295454545454e-01,6.704545454545455e-01,-7.428925762337610e-08,2.588116364434496e-10
6.747159090909091e-01,6.704545454545455e-01,-7.430315418264041e-08,-7.100966552706784e-10
6.946022727272727e-01,6.704545454545455e-01,-7.539430789780832e-08,-5.758234149438356e-10
7.144886363636364e-01,6.704545454545455e-01,-7.563087949332657e-08,-1.188088221597773e-09
7.343750000000000e-01,6.704545454545455e-01,-7.576586164508947e-08,-1.769888605412681e-09
7.542613636363636e-01,6.704545454545455e-01,-7.583656667366005e-08,-2.343936730640961e-09
7.741477272727273e-01,6.704545454545455e-01,-7.577317836094744e-08,-2.920024330557304e-09
7.940340909090909e-01,6.704545454545455e-01,-7.559315989592127e-08,-3.504698010118638e-09
8.139204545454546e-01,6.704545454545455e-01,-7.533724839551265e-08,-4.093235343283392e-09
8.338068181818181e-01,6.704545454545455e-01,-7.493705631295209e-08,-4.669989598078799e-09
8.536931818181819e-01,6.704545454545455e-01,-7.445884128464357e-08,-5.240732519879984e-09
8.735795454545454e-01,6.704545454545455e-01,-7.390260331058705e-08,-5.805464108686935e-09
8.934659090909091e-01,6.704545454545455e-01,-7.319002376196295e-08,-6.370473611540188e-09
9.133522727272727e-01,6.704545454545455e-01,-7.240614679757503e-08,-6.934751148378230e-09
9.332386363636364e-01,6.704545454545455e-01,-7.151558177975236e-08,-7.497672665982487e-09
9.531250000000000e-01,6.704545454545455e-01,-7.049819777609535e-08,-8.055359302826151e-09
9.730113636363636e-01,6.704545454545455e-01,-6.941133476221470e-08,-8.610495568114426e-09
9.928977272727273e-01,6.704545454545455e-01,-6.819653436334834e-08,-9.161515351793531e-09
1.012784090909091e+00,6.704545454545455e-01,-6.687613623416015e-08,-9.710088793125912e-09
1.032670454545455e+00,6.704545454545455e-01,-6.548537992164380e-08,-1.025699103600741e-08
1.052556818181818e+00,6.704545454545455e-01,-6.394261750040804e-08,-1.079983572708708e-08
1.072443181818182e+00,6.704545454545455e-01,-6.231820778050333e-08,-1.134029343809343e-08
1.092329545454545e+00,6.704545454545455e-01,-6.061215076192974e-08,-1.187836416902647e-08
1.112215909090909e+00,6.704545454545455e-01,-5.875432536041837e-08,-1.241213962237604e-08
1.132102272727273e+00,6.704545454545455e-01,-5.682642716898754e-08,-1.294395848386602e-08
1.151988636363636e+00,6.704545454545455e-01,-5.479341203949305e-08,-1.347285021075107e-08
1.171875000000000e+00,6.704545454545455e-01,-5.263185191944479e-08,-1.399823306159497e-08
1.191761363636364e+00,6.704545454545455e-01,-5.040015951633963e-08,-1.452171881371677e-08
1.211647727272727e+00,6.704545454545455e-01,-4.803986039924627e-08,-1.504175741323203e-08
1.231534090909091e+00,6.704545454545455e-01,-4.557457802096804e-08,-1.555873520126337e-08
1.251420454545455e+00,6.704545454545455e-01,-4.303932023176373e-08,-1.607365901844162e-08
1.271306818181818e+00,6.704545454545455e-01,-4.035259454241164e-08,-1.658398707524660e-08
1.291193181818182e+00,6.704545454545455e-01,-3.758388571112313e-08,-1.709226399524575e-08
1.311079545454545e+00,6.704545454545455e-01,-3.473319373789816e-08,-1.759848977843908e-08
1.330965909090909e+00,6.704545454545455e-01,-3.173008650199606e-08,-1.810106716378842e-08
1.350852272727273e+00,6.704545454545455e-01,-2.865713707827116e-08,-1.860145735518145e-08
1.370738636363636e+00,6.704545454545455e-01,-2.547957536822044e-08,-1.909841576023151e-08
1.390625000000000e+00,6.704545454545455e-01,-2.217406106298052e-08,-1.959127289387617e-08
1.410511363636364e+00,6.704545454545455e-01,-1.879014736750305e-08,-2.009050003597940e-08
1.430397727272727e+00,6.704545454545455e-01,-1.524672183634372e-08,-2.061718514716946e-08
1.450284090909091e+00,6.704545454545455e-01,-1.130555770984455e-08,-2.143356478103082e-08
1.470170454545455e+00,6.704545454545455e-01,1.894716297019615e-07,-2.178997113950540e-07
1.490056818181818e+00,6.704545454545455e-01,2.946244563300766e-06,-2.955720590531796e-06
6.349431818181818e-01,6.931818181818182e-01,-1.081384876465634e-07,2.290318117613097e-08
6.548295454545454e-01,6.931818181818182e-01,-8.602464914697554e-08,2.483446059905789e-10
6.747159090909091e-01,6.931818181818182e-01,-8.599685256033238e-08,-7.566035086955465e-10
6.946022727272727e-01,6.931818181818182e-01,-8.716446146871828e-08,-5.305932929991022e-10
7.144886363636364e-01,6.931818181818182e-01,-8.742573292636412e-08,-1.086534945677026e-09
7.343750000000000e-01,6.931818181818182e-01,-8.756866662589914e-08,-1.608787533575678e-09
7.542613636363636e-01,6.931818181818182e-01,-8.764423279547038e-08,-2.115483929861331e-09
7.741477272727273e-01,6.931818181818182e-01,-8.759112244661846e-08,-2.598830021678591e-09
7.940340909090909e-01,6.931818181818182e-01,-8.739739414108669e-08,-3.098408487810586e-09
8.139204545454546e-01,6.931818181818182e-01,-8.711147807785861e-08,-3.607250990062116e-09
8.338068181818181e-01,6.931818181818182e-01,-8.664269529615540e-08,-4.119292147372295e-09
8.536931818181819e-01,6.931818181818182e-01,-8.608688472722712e-08,-4.621616750067835e-09
8.735795454545454e-01,6.931818181818182e-01,-8.544404637107381e-08,-5.114224798148724e-09
8.934659090909091e-01,6.931818181818182e-01,-8.462605232279156e-08,-5.602320474941969e-09
9.133522727272727e-01,6.931818181818182e-01,-8.372466802871314e-08,-6.090882675954517e-09
9.332386363636364e-01,6.931818181818182e-01,-8.269743361880414e-08,-6.580909410432413e-09
9.531250000000000e-01,6.931818181818182e-01,-8.152150068526830e-08,-7.067607845646266e-09
9.730113636363636e-01,6.931818181818182e-01,-8.026485125584609e-08,-7.552099055169612e-09
9.928977272727273e-01,6.931818181818182e-01,-7.886093986513405e-08,-8.031825403091802e-09
1.012784090909091e+00,6.931818181818182e-01,-7.733505745318684e-08,-8.509137189883915e-09
1.032670454545455e+00,6.931818181818182e-01,-7.572782991302758e-08,-8.984870383311200e-09
1.052556818181818e+00,6.931818181818182e-01,-7.394401752614412e-08,-9.457520360046201e-09
1.072443181818182e+00,6.931818181818182e-01,-7.206546537593049e-08,-9.928165758271639e-09
1.092329545454545e+00,6.931818181818182e-01,-7.009217346238674e-08,-1.039680657798750e-08
1.112215909090909e+00,6.931818181818182e-01,-6.794303592426211e-08,-1.086162495886774e-08
1.132102272727273e+00,6.931818181818182e-01,-6.571271389736037e-08,-1.132470410694822e-08
1.151988636363636e+00,6.931818181818182e-01,-6.336060764637101e-08,-1.178518189675098e-08
1.171875000000000e+00,6.931818181818182e-01,-6.085961149676854e-08,-1.224252276227595e-08
1.191761363636364e+00,6.931818181818182e-01,-5.827732656363401e-08,-1.269822868975617e-08
1.211647727272727e+00,6.931818181818182e-01,-5.554587265616176e-08,-1.315107676868342e-08
1.231534090909091e+00,6.931818181818182e-01,-5.269246211876121e-08,-1.360149589517347e-08
1.251420454545455e+00,6.931818181818182e-01,-4.975781593867840e-08,-1.405022694276873e-08
1.271306818181818e+00,6.931818181818182e-01,-4.664790428654267e-08,-1.449455539900030e-08
1.291193181818182e+00,6.931818181818182e-01,-4.344337495768943e-08,-1.493675719010967e-08
1.311079545454545e+00,6.931818181818182e-01,-4.014422795211866e-08,-1.537683231609685e-08
1.330965909090909e+00,6.931818181818182e-01,-3.666774313153536e-08,-1.581457719368042e-08
1.350852272727273e+00,6.931818181818182e-01,-3.310985855398137e-08,-1.625079810665772e-08
1.370738636363636e+00,6.931818181818182e-01,-2.943000888057412e-08,-1.668459853312272e-08
1.390625000000000e+00,6.931818181818182e-01,-2.560276695256531e-08,-1.711376439129870e-08
1.410511363636364e+00,6.931818181818182e-01,-2.168641428850710e-08,-1.754911726394728e-08
1.430397727272727e+00,6.931818181818182e-01,-1.759071451353598e-08,-1.801179042461773e-08
1.450284090909091e+00,6.931818181818182e-01,-1.303599901433828e-08,-1.880909372714948e-08
1.470170454545455e+00,6.931818181818182e-01,2.090317559908670e-07,-2.360376605027139e-07
1.490056818181818e+00,6.931818181818182e-01,3.255453911010210e-06,-3.264455879180827e-06
6.349431818181818e-01,7.159090909090909e-01,-1.219315160268938e-07,2.481622794610118e-08
6.548295454545454e-01,7.159090909090909e-01,-9.780472625205062e-08,1.519684942538962e-10
6.747159090909091e-01,7.159090909090909e-01,-9.777026134682794e-08,-8.441977234247506e-10
6.946022727272727e-01,7.159090909090909e-01,-9.905390786075286e-08,-4.765901240815011e-10
7.144886363636364e-01,7.159090909090909e-01,-9.937429456258042e-08,-9.313102557530591e-10
7.343750000000000e-01,7.159090909090909e-01,-9.950322255668678e-08,-1.405238773821791e-09
7.542613636363636e-01,7.159090909090909e-01,-9.955152755924839e-08,-1.865835562712860e-09
7.741477272727273e-01,7.159090909090909e-01,-9.949567363386718e-08,-2.258340958221993e-09
7.940340909090909e-01,7.159090909090909e-01,-9.929862135767048e-08,-2.651112623464550e-09
8.139204545454546e-01,7.159090909090909e-01,-9.900473556588779e-08,-3.046763083571655e-09
8.338068181818181e-01,7.159090909090909e-01,-9.847177993848749e-08,-3.477914817732051e-09
8.536931818181819e-01,7.159090909090909e-01,-9.783501133316693e-08,-3.903265688970405e-09
8.735795454545454e-01,7.159090909090909e-01,-9.709442974992606e-08,-4.322815697286707e-09
8.934659090909091e-01,7.159090909090909e-01,-9.616788789804222e-08,-4.724757412681600e-09
9.133522727272727e-01,7.159090909090909e-01,-9.514826736291008e-08,-5.125823090602843e-09
9.332386363636364e-01,7.159090909090909e-01,-9.398685354281998e-08,-5.527749972399098e-09
9.531250000000000e-01,7.159090909090909e-01,-9.265185209998446e-08,-5.931014155617155e-09
9.730113636363636e-01,7.159090909090909e-01,-9.122360298347411e-08,-6.333571291788073e-09
9.928977272727273e-01,7.159090909090909e-01,-8.962703335290140e-08,-6.732198620697685e-09
1.012784090909091e+00,7.159090909090909e-01,-8.789256490535118e-08,-7.127792685501775e-09
1.032670454545455e+00,7.159090909090909e-01,-8.606602285304311e-08,-7.521505634341701e-09
1.052556818181818e+00,7.159090909090909e-01,-8.403845983927624e-08,-7.912670983076201e-09
1.072443181818182e+00,7.159090909090909e-01,-8.190271805619640e-08,-8.302401260281318e-09
1.092329545454545e+00,7.159090909090909e-01,-7.965879750380359e-08,-8.690696465957042e-09
1.112215909090909e+00,7.159090909090909e-01,-7.721439373862648e-08,-9.075906322852781e-09
1.132102272727273e+00,7.159090909090909e-01,-7.467747472539088e-08,-9.459676707085031e-09
1.151988636363636e+00,7.159090909090909e-01,-7.200178747972780e-08,-9.841283242661772e-09
1.171875000000000e+00,7.159090909090909e-01,-6.915666354523983e-08,-1.022007614573971e-08
1.191761363636364e+00,7.159090909090909e-01,-6.621904949543985e-08,-1.059740444340767e-08
1.211647727272727e+00,7.159090909090909e-01,-6.311174171165408e-08,-1.097217615373788e-08
1.231534090909091e+00,7.159090909090909e-01,-5.986496557276185e-08,-1.134548413809218e-08
1.251420454545455e+00,7.159090909090909e-01,-5.652529032975225e-08,-1.171773650584202e-08
1.271306818181818e+00,7.159090909090909e-01,-5.298519818676405e-08,-1.208683721200426e-08
1.291193181818182e+00,7.159090909090909e-01,-4.933824370066833e-08,-1.245318642043193e-08
1.311079545454545e+00,7.159090909090909e-01,-4.558442687146508e-08,-1.281678413112506e-08
1.330965909090909e+00,7.159090909090909e-01,-4.162943504905903e-08,-1.317798827345713e-08
1.350852272727273e+00,7.159090909090909e-01,-3.758059361818691e-08,-1.353908730353371e-08
1.370738636363636e+00,7.159090909090909e-01,-3.339067789113461e-08,-1.390032854870805e-08
1.390625000000000e+00,7.159090909090909e-01,-2.903252932720427e-08,-1.425755230943573e-08
1.410511363636364e+00,7.159090909090909e-01,-2.457469753985436e-08,-1.462050457286085e-08
1.430397727272727e+00,7.159090909090909e-01,-1.991959343684411e-08,-1.500847883062322e-08
1.450284090909091e+00,7.159090909090909e-01,-1.474413012774724e-08,-1.577588021338909e-08
1.470170454545455e+00,7.159090909090909e-01,2.285055445079923e-07,-2.536617374802051e-07
1.490056818181818e+00,7.159090909090909e-01,3.562961816568239e-06,-3.571347214225647e-06
6.349431818181818e-01,7.386363636363636e-01,-1.359437191750360e-07,2.680378964354686e-08
6.548295454545454e-01,7.386363636363636e-01,-1.097135307038619e-07,4.558904629184460e-11
6.747159090909091e-01,7.386363636363636e-01,-1.095727258048769e-07,-1.029901545932042e-09
6.946022727272727e-01,7.386363636363636e-01,-1.109462722784072e-07,-5.347032013586524e-10
7.144886363636364e-01,7.386363636363636e-01,-1.114332750355463e-07,-7.683323097084353e-10
7.343750000000000e-01,7.386363636363636e-01,-1.116059606899699e-07,-1.123514198758447e-09
7.542613636363636e-01,7.386363636363636e-01,-1.116469627029208e-07,-1.505235553636871e-09
7.741477272727273e-01,7.386363636363636e-01,-1.115194417998537e-07,-1.862715502519239e-09
7.940340909090909e-01,7.386363636363636e-01,-1.112858257132726e-07,-2.168574371448385e-09
8.139204545454546e-01,7.386363636363636e-01,-1.109738318226990e-07,-2.447666868725250e-09
8.338068181818181e-01,7.386363636363636e-01,-1.104091694722682e-07,-2.751615445295711e-09
8.536931818181819e-01,7.386363636363636e-01,-1.097095039419059e-07,-3.067898996878901e-09
8.735795454545454e-01,7.386363636363636e-01,-1.088748352316122e-07,-3.396517523474813e-09
8.934659090909091e-01,7.386363636363636e-01,-1.078279153962228e-07,-3.709574794602905e-09
9.133522727272727e-01,7.386363636363636e-01,-1.066806359753624e-07,-4.017847475557314e-09
9.332386363636364e-01,7.386363636363636e-01,-1.053820979179750e-07,-4.319662529571562e-09
9.531250000000000e-01,7.386363636363636e-01,-1.038888336980759e-07,-4.623439424082364e-09
9.730113636363636e-01,7.386363636363636e-01,-1.022899948790021e-07,-4.927646742123160e-09
9.928977272727273e-01,7.386363636363636e-01,-1.004987753587998e-07,-5.231470439277374e-09
1.012784090909091e+00,7.386363636363636e-01,-9.855238411132185e-08,-5.532749600240264e-09
1.032670454545455e+00,7.386363636363636e-01,-9.650247538745378e-08,-5.832402061948481e-09
1.052556818181818e+00,7.386363636363636e-01,-9.422752416750689e-08,-6.129284639172109e-09
1.072443181818182e+00,7.386363636363636e-01,-9.183095616043857e-08,-6.425115798598343e-09
1.092329545454545e+00,7.386363636363636e-01,-8.931277136624886e-08,-6.719895540227172e-09
1.112215909090909e+00,7.386363636363636e-01,-8.656892449090931e-08,-7.012524982442339e-09
1.132102272727273e+00,7.386363636363636e-01,-8.372094822695803e-08,-7.304139637624617e-09
1.151988636363636e+00,7.386363636363636e-01,-8.071678458243397e-08,-7.594225409912669e-09
1.171875000000000e+00,7.386363636363636e-01,-7.752189029070907e-08,-7.882277507386228e-09
1.191761363636364e+00,7.386363636363636e-01,-7.422307353370208e-08,-8.169107894497232e-09
1.211647727272727e+00,7.386363636363636e-01,-7.073393838452817e-08,-8.453492351760021e-09
1.231534090909091e+00,7.386363636363636e-01,-6.708848254691676e-08,-8.736481233993564e-09
1.251420454545455e+00,7.386363636363636e-01,-6.333870019819023e-08,-9.018652451697592e-09
1.271306818181818e+00,7.386363636363636e-01,-5.936165595479419e-08,-9.300273183506842e-09
1.291193181818182e+00,7.386363636363636e-01,-5.526367549982041e-08,-9.580161921975167e-09
1.311079545454545e+00,7.386363636363636e-01,-5.104475883326885e-08,-9.858318667102566e-09
1.330965909090909e+00,7.386363636363636e-01,-4.660394363812883e-08,-1.013056156025551e-08
1.350852272727273e+00,7.386363636363636e-01,-4.205837493451670e-08,-1.040241378623605e-08
1.370738636363636e+00,7.386363636363636e-01,-3.735497432730534e-08,-1.067438165234889e-08
1.390625000000000e+00,7.386363636363636e-01,-3.245682747328235e-08,-1.094833144325747e-08
1.410511363636364e+00,7.386363636363636e-01,-2.744628313893330e-08,-1.122953453884729e-08
1.430397727272727e+00,7.386363636363636e-01,-2.221836095686704e-08,-1.153535116013926e-08
1.450284090909091e+00,7.386363636363636e-01,-1.641271167236298e-08,-1.226117862040200e-08
1.470170454545455e+00,7.386363636363636e-01,2.476349757912576e-07,-2.704252747785819e-07
1.490056818181818e+00,7.386363636363636e-01,3.864656686065664e-06,-3.872253452394774e-06
6.349431818181818e-01,7.613636363636364e-01,-1.500629316942303e-07,2.880274208507765e-08
6.548295454545454e-01,7.613636363636364e-01,-1.218714279087341e-07,9.695733381506435e-11
6.747159090909091e-01,7.613636363636364e-01,-1.214945264029821e-07,-1.179277466872608e-09
6.946022727272727e-01,7.613636363636364e-01,-1.228429585842966e-07,-6.627594461024081e-10
7.144886363636364e-01,7.613636363636364e-01,-1.234457387789815e-07,-7.172240321723729e-10
7.343750000000000e-01,7.613636363636364e-01,-1.237378084325424e-07,-8.689143618445599e-10
7.542613636363636e-01,7.613636363636364e-01,-1.238604385609908e-07,-1.073597963436845e-09
7.741477272727273e-01,7.613636363636364e-01,-1.236725009718172e-07,-1.375364485133933e-09
7.940340909090909e-01,7.613636363636364e-01,-1.233732792465178e-07,-1.613745763167140e-09
8.139204545454546e-01,7.613636363636364e-01,-1.229953528284399e-07,-1.814385480785795e-09
8.338068181818181e-01,7.613636363636364e-01,-1.223979841651501e-07,-1.982167228365552e-09
8.536931818181819e-01,7.613636363636364e-01,-1.216440919635806e-07,-2.170618552166906e-09
8.735795454545454e-01,7.613636363636364e-01,-1.207336762237313e-07,-2.379739452189850e-09
8.934659090909091e-01,7.613636363636364e-01,-1.195672999091098e-07,-2.592520711734268e-09
9.133522727272727e-01,7.613636363636364e-01,-1.182896724590684e-07,-2.800106853505688e-09
9.332386363636364e-01,7.613636363636364e-01,-1.168472336602398e-07,-2.997834964275046e-09
9.531250000000000e-01,7.613636363636364e-01,-1.151931029610786e-07,-3.193770177857480e-09
9.730113636363636e-01,7.613636363636364e-01,-1.134225159964738e-07,-3.389715403691002e-09
9.928977272727273e-01,7.613636363636364e-01,-1.114366146255747e-07,-3.587490238298767e-09
1.012784090909091e+00,7.613636363636364e-01,-1.092770307967139e-07,-3.784278151079214e-09
1.032670454545455e+00,7.613636363636364e-01,-1.070017367023117e-07,-3.980330076208378e-09
1.052556818181818e+00,7.613636363636364e-01,-1.044765824633725e-07,-4.173941930623699e-09
1.072443181818182e+00,7.613636363636364e-01,-1.018163852843459e-07,-4.366742763068150e-09
1.092329545454545e+00,7.613636363636364e-01,-9.902114516523209e-08,-4.558732573541727e-09
1.112215909090909e+00,7.613636363636364e-01,-9.597490715593058e-08,-4.749420058952170e-09
1.132102272727273e+00,7.613636363636364e-01,-9.281283378949273e-08,-4.939496648306317e-09
1.151988636363636e+00,7.613636363636364e-01,-8.947701033423533e-08,-5.128653946690955e-09
1.171875000000000e+00,7.613636363636364e-01,-8.592874182411077e-08,-5.316771502422776e-09
1.191761363636364e+00,7.613636363636364e-01,-8.226477028659094e-08,-5.504145832357196e-09
1.211647727272727e+00,7.613636363636364e-01,-7.838899937015567e-08,-5.689834743687290e-09
1.231534090909091e+00,7.613636363636364e-01,-7.434027522185763e-08,-5.873807507091028e-09
1.251420454545455e+00,7.613636363636364e-01,-7.017605112504428e-08,-6.056833965817289e-09
1.271306818181818e+00,7.613636363636364e-01,-6.575943437209702e-08,-6.239952865426648e-09
1.291193181818182e+00,7.613636363636364e-01,-6.120631862881513e-08,-6.423716793312414e-09
1.311079545454545e+00,7.613636363636364e-01,-5.651670389519853e-08,-6.608125749474589e-09
1.330965909090909e+00,7.613636363636364e-01,-5.158030262963618e-08,-6.787021022332442e-09
1.350852272727273e+00,7.613636363636364e-01,-4.653019847823252e-08,-6.963172927838965e-09
1.370738636363636e+00,7.613636363636364e-01,-4.130959957519916e-08,-7.135150205186003e-09
1.390625000000000e+00,7.613636363636364e-01,-3.587051202677797e-08,-7.312131330400476e-09
1.410511363636364e+00,7.613636363636364e-01,-3.030496494549292e-08,-7.499125735286015e-09
1.430397727272727e+00,7.613636363636364e-01,-2.449422155576158e-08,-7.717831651098029e-09
1.450284090909091e+00,7.613636363636364e-01,-1.804850681274366e-08,-8.396839540407588e-09
1.470170454545455e+00,7.613636363636364e-01,2.667991400265948e-07,-2.868450144881621e-07
1.490056818181818e+00,7.613636363636364e-01,4.166285999899788e-06,-4.172967958053643e-06
6.349431818181818e-01,7.840909090909091e-01,-1.641977088274178e-07,3.072548439744851e-08
6.548295454545454e-01,7.840909090909091e-01,-1.342731734676804e-07,3.046918630791880e-10
6.747159090909091e-01,7.840909090909091e-01,-1.335942253052299e-07,-1.229862969612105e-09
6.946022727272727e-01,7.840909090909091e-01,-1.348134715806006e-07,-7.873150722683456e-10
7.144886363636364e-01,7.840909090909091e-01,-1.354000788475020e-07,-7.856151734016496e-10
7.343750000000000e-01,7.840909090909091e-01,-1.358542954591021e-07,-6.818946953934687e-10
7.542613636363636e-01,7.840909090909091e-01,-1.361414115055461e-07,-6.174141092111832e-10
7.741477272727273e-01,7.840909090909091e-01,-1.359482161350524e-07,-7.988337055319996e-10
7.940340909090909e-01,7.840909090909091e-01,-1.355733693173080e-07,-9.701137391090634e-10
8.139204545454546e-01,7.840909090909091e-01,-1.350853248145085e-07,-1.126730784411666e-09
8.338068181818181e-01,7.840909090909091e-01,-1.344376375250247e-07,-1.165959157517829e-09
8.536931818181819e-01,7.840909090909091e-01,-1.336290300124285e-07,-1.216936968185236e-09
8.735795454545454e-01,7.840909090909091e-01,-1.326595022767199e-07,-1.279664216413884e-09
8.934659090909091e-01,7.840909090909091e-01,-1.313793975356256e-07,-1.375937011147602e-09
9.133522727272727e-01,7.840909090909091e-01,-1.299723801806760e-07,-1.471261746406606e-09
9.332386363636364e-01,7.840909090909091e-01,-1.283799230907637e-07,-1.560235206633501e-09
9.531250000000000e-01,7.840909090909091e-01,-1.265613118171419e-07,-1.640951616133674e-09
9.730113636363636e-01,7.840909090909091e-01,-1.246166327336849e-07,-1.719875162139588e-09
9.928977272727273e-01,7.840909090909091e-01,-1.224358591978753e-07,-1.800481926059935e-09
1.012784090909091e+00,7.840909090909091e-01,-1.200620488642750e-07,-1.882334477776713e-09
1.032670454545455e+00,7.840909090909091e-01,-1.175597816622042e-07,-1.964783224634463e-09
1.052556818181818e+00,7.840909090909091e-01,-1.147817298207277e-07,-2.045985152017256e-09
1.072443181818182e+00,7.840909090909091e-01,-1.118551347931944e-07,-2.126559479905567e-09
1.092329545454545e+00,7.840909090909091e-01,-1.087799965796043e-07,-2.206506208299395e-09
1.112215909090909e+00,7.840909090909091e-01,-1.054283932566072e-07,-2.285886587219691e-09
1.132102272727273e+00,7.840909090909091e-01,-1.019491793149133e-07,-2.365016911507128e-09
1.151988636363636e+00,7.840909090909091e-01,-9.827854604394486e-08,-2.443775555074830e-09
1.171875000000000e+00,7.840909090909091e-01,-9.437349578589806e-08,-2.522539951283248e-09
1.191761363636364e+00,7.840909090909091e-01,-9.034063808374519e-08,-2.601251118268211e-09
1.211647727272727e+00,7.840909090909091e-01,-8.607357007361517e-08,-2.679761358793123e-09
1.231534090909091e+00,7.840909090909091e-01,-8.161664708379007e-08,-2.756335569018471e-09
1.251420454545455e+00,7.840909090909091e-01,-7.703306710300743e-08,-2.831706096871618e-09
1.271306818181818e+00,7.840909090909091e-01,-7.217412109313042e-08,-2.905411194938536e-09
1.291193181818182e+00,7.840909090909091e-01,-6.716269023650531e-08,-2.982430354202105e-09
1.311079545454545e+00,7.840909090909091e-01,-6.199877453313207e-08,-3.062763574662325e-09
1.330965909090909e+00,7.840909090909091e-01,-5.655700379556709e-08,-3.143920370434468e-09
1.350852272727273e+00,7.840909090909091e-01,-5.099310751874389e-08,-3.219342032135401e-09
1.370738636363636e+00,7.840909090909091e-01,-4.524785750675922e-08,-3.284326419003426e-09
1.390625000000000e+00,7.840909090909091e-01,-3.926728361933708e-08,-3.350223446870899e-09
1.410511363636364e+00,7.840909090909091e-01,-3.314646259094630e-08,-3.428506942377402e-09
1.430397727272727e+00,7.840909090909091e-01,-2.674672592110802e-08,-3.551294844894234e-09
1.450284090909091e+00,7.840909090909091e-01,-1.965114078897309e-08,-4.178140199713273e-09
1.470170454545455e+00,7.840909090909091e-01,2.862746777880268e-07,-3.031927113863516e-07
1.490056818181818e+00,7.840909090909091e-01,4.471967958920433e-06,-4.477607303453208e-06
6.349431818181818e-01,8.068181818181819e-01,-1.779115474290062e-07,3.210953552457946e-08
6.548295454545454e-01,8.068181818181819e-01,-1.467669355804565e-07,4.927525999073727e-10
6.747159090909091e-01,8.068181818181819e-01,-1.461329150276359e-07,-9.413204636892559e-10
6.946022727272727e-01,8.068181818181819e-01,-1.472734362177803e-07,-5.098804423180730e-10
7.144886363636364e-01,8.068181818181819e-01,-1.473835891350834e-07,-8.996613103077133e-10
7.343750000000000e-01,8.068181818181819e-01,-1.478276724110426e-07,-6.998872398263129e-10
7.542613636363636e-01,8.068181818181819e-01,-1.482567194346107e-07,-3.757178327468196e-10
7.741477272727273e-01,8.068181818181819e-01,-1.482967031740890e-07,-1.849871299453608e-10
7.940340909090909e-01,8.068181818181819e-01,-1.479461480464293e-07,-1.756479107986070e-10
8.139204545454546e-01,8.068181818181819e-01,-1.473633191891425e-07,-2.591508322902227e-10
8.338068181818181e-01,8.068181818181819e-01,-1.465814903315876e-07,-2.395519779077838e-10
8.536931818181819e-01,8.068181818181819e-01,-1.456721163637392e-07,-1.848280466652051e-10
8.735795454545454e-01,8.068181818181819e-01,-1.446351972855974e-07,-9.497903856248773e-11
8.934659090909091e-01,8.068181818181819e-01,-1.432631797775277e-07,-3.812668424599473e-11
9.133522727272727e-01,8.068181818181819e-01,-1.417428807470739e-07,9.875736675844989e-12
9.332386363636364e-01,8.068181818181819e-01,-1.400020732204729e-07,4.651704493463241e-11
9.531250000000000e-01,8.068181818181819e-01,-1.380127143536242e-07,9.023159275763088e-11
9.730113636363636e-01,8.068181818181819e-01,-1.358866544233657e-07,1.366766661593130e-10
9.928977272727273e-01,8.068181818181819e-01,-1.335079086008520e-07,1.860604271186232e-10
1.012784090909091e+00,8.068181818181819e-01,-1.309181860048759e-07,2.336147980985361e-10
1.032670454545455e+00,8.068181818181819e-01,-1.281879102686043e-07,2.800476177716894e-10
1.052556818181818e+00,8.068181818181819e-01,-1.251541648501648e-07,3.251125314192734e-10
1.072443181818182e+00,8.068181818181819e-01,-1.219577752829507e-07,3.702034834458877e-10
1.092329545454545e+00,8.068181818181819e-01,-1.185987415669622e-07,4.153204738515313e-10
1.112215909090909e+00,8.068181818181819e-01,-1.149374129556205e-07,4.602443450463725e-10
1.132102272727273e+00,8.068181818181819e-01,-1.111365728272992e-07,5.050882882503443e-10
1.151988636363636e+00,8.068181818181819e-01,-1.071264681846943e-07,5.498151006537858e-10
1.171875000000000e+00,8.068181818181819e-01,-1.028603679278555e-07,5.941708786362190e-10
1.191761363636364e+00,8.068181818181819e-01,-9.845429529482753e-08,6.379858694181653e-10
1.211647727272727e+00,8.068181818181819e-01,-9.379098623000650e-08,6.801890082193352e-10
1.231534090909091e+00,8.068181818181819e-01,-8.891815686931605e-08,7.220192346341356e-10
1.251420454545455e+00,8.068181818181819e-01,-8.390608650718610e-08,7.640400485982276e-10
1.271306818181818e+00,8.068181818181819e-01,-7.859708526317772e-08,8.112317568268792e-10
1.291193181818182e+00,8.068181818181819e-01,-7.312524494233861e-08,8.582545753782234e-10
1.311079545454545e+00,8.068181818181819e-01,-6.749056554466868e-08,9.051085042522607e-10
1.330965909090909e+00,8.068181818181819e-01,-6.153596403694621e-08,9.341420992160409e-10
1.350852272727273e+00,8.068181818181819e-01,-5.544236569724610e-08,9.636104511910684e-10
1.370738636363636e+00,8.068181818181819e-01,-4.914286996753188e-08,9.963287966354541e-10
1.390625000000000e+00,8.068181818181819e-01,-4.261449540485706e-08,1.055792888931020e-09
1.410511363636364e+00,8.068181818181819e-01,-3.594130000402282e-08,1.109867732055717e-09
1.430397727272727e+00,8.068181818181819e-01,-2.896597369623138e-08,1.117436248036044e-09
1.450284090909091e+00,8.068181818181819e-01,-2.121160187699592e-08,5.551066360557722e-10
1.470170454545455e+00,8.068181818181819e-01,3.073423423337593e-07,-3.205821520472681e-07
1.490056818181818e+00,8.068181818181819e-01,4.800664287829245e-06,-4.805077557733749e-06
6.349431818181818e-01,8.295454545454546e-01,-1.913082112012027e-07,3.308690595107703e-08
6.548295454545454e-01,8.295454545454546e-01,-1.581248395691242e-07,-5.392993733030048e-10
6.747159090909091e-01,8.295454545454546e-01,-1.584080975101435e-07,-9.902935231236715e-10
6.946022727272727e-01,8.295454545454546e-01,-1.601965167446246e-07,1.674033235940152e-10
7.144886363636364e-01,8.295454545454546e-01,-1.600603852895234e-07,-3.727468139353234e-10
7.343750000000000e-01,8.295454545454546e-01,-1.601012206534514e-07,-4.588478259126012e-10
7.542613636363636e-01,8.295454545454546e-01,-1.602219994164986e-07,-3.138696352129540e-10
7.741477272727273e-01,8.295454545454546e-01,-1.604589371572869e-07,2.243498397500222e-10
7.940340909090909e-01,8.295454545454546e-01,-1.602449913496862e-07,5.383894716605483e-10
8.139204545454546e-01,8.295454545454546e-01,-1.597494660832206e-07,7.219854482638260e-10
8.338068181818181e-01,8.295454545454546e-01,-1.588497890343201e-07,8.288905501405624e-10
8.536931818181819e-01,8.295454545454546e-01,-1.578206848786571e-07,9.826936494053322e-10
8.735795454545454e-01,8.295454545454546e-01,-1.566621536162316e-07,1.183394746058132e-09
8.934659090909091e-01,8.295454545454546e-01,-1.551882616020404e-07,1.396195998652898e-09
9.133522727272727e-01,8.295454545454546e-01,-1.535551134656736e-07,1.600876932630217e-09
9.332386363636364e-01,8.295454545454546e-01,-1.516789696442503e-07,1.789265886888781e-09
9.531250000000000e-01,8.295454545454546e-01,-1.495221598303536e-07,1.974071155195561e-09
9.730113636363636e-01,8.295454545454546e-01,-1.472141192849578e-07,2.158781495560685e-09
9.928977272727273e-01,8.295454545454546e-01,-1.446322320498720e-07,2.346727452758184e-09
1.012784090909091e+00,8.295454545454546e-01,-1.418230032728764e-07,2.534035573382330e-09
1.032670454545455e+00,8.295454545454546e-01,-1.388620714359049e-07,2.720776437588166e-09
1.052556818181818e+00,8.295454545454546e-01,-1.355709109552608e-07,2.904749565830165e-09
1.072443181818182e+00,8.295454545454546e-01,-1.321025213482430e-07,3.087818671848763e-09
1.092329545454545e+00,8.295454545454546e-01,-1.284569026148514e-07,3.269983755643959e-09
1.112215909090909e+00,8.295454545454546e-01,-1.244824620772021e-07,3.450787942889943e-09
1.132102272727273e+00,8.295454545454546e-01,-1.203562636492522e-07,3.630970043392847e-09
1.151988636363636e+00,8.295454545454546e-01,-1.160024301916581e-07,3.810220819588099e-09
1.171875000000000e+00,8.295454545454546e-01,-1.113707405337589e-07,3.988697702000594e-09
1.191761363636364e+00,8.295454545454546e-01,-1.065872334373477e-07,4.166492949458415e-09
1.211647727272727e+00,8.295454545454546e-01,-1.015249186000314e-07,4.342562762531860e-09
1.231534090909091e+00,8.295454545454546e-01,-9.623295175470119e-08,4.515684272929853e-09
1.251420454545455e+00,8.295454545454546e-01,-9.078823788950015e-08,4.687194567015913e-09
1.271306818181818e+00,8.295454545454546e-01,-8.501641060163590e-08,4.859052346147312e-09
1.291193181818182e+00,8.295454545454546e-01,-7.907319859443447e-08,5.035850510091260e-09
1.311079545454545e+00,8.295454545454546e-01,-7.295860186789584e-08,5.217589058847763e-09
1.330965909090909e+00,8.295454545454546e-01,-6.650896174203848e-08,5.391745115994309e-09
1.350852272727273e+00,8.295454545454546e-01,-5.989436501256435e-08,5.552080373082117e-09
1.370738636363636e+00,8.295454545454546e-01,-5.302923702110098e-08,5.688588073517881e-09
1.390625000000000e+00,8.295454545454546e-01,-4.590762084982582e-08,5.845689900662142e-09
1.410511363636364e+00,8.295454545454546e-01,-3.864258702565831e-08,6.010509878471501e-09
1.430397727272727e+00,8.295454545454546e-01,-3.110817665403061e-08,6.183035615344389e-09
1.450284090909091e+00,8.295454545454546e-01,-2.271567466914110e-08,5.724173444291791e-09
1.470170454545455e+00,8.295454545454546e-01,3.273772674835067e-07,-3.364527035082433e-07
1.490056818181818e+00,8.295454545454546e-01,5.113378603498849e-06,-5.116403748840428e-06
6.349431818181818e-01,8.522727272727273e-01,-2.054995420542425e-07,3.479002723142160e-08
6.548295454545454e-01,8.522727272727273e-01,-1.688000673019741e-07,-2.318540927392435e-09
6.747159090909091e-01,8.522727272727273e-01,-1.698824978644514e-07,-1.895970621402054e-09
6.946022727272727e-01,8.522727272727273e-01,-1.726259435690730e-07,3.041173027919706e-10
7.144886363636364e-01,8.522727272727273e-01,-1.731278757936662e-07,5.071177677025440e-10
7.343750000000000e-01,8.522727272727273e-01,-1.728256990938367e-07,2.047522224341930e-10
7.542613636363636e-01,8.522727272727273e-01,-1.724496508223783e-07,-8.534213966500101e-12
7.741477272727273e-01,8.522727272727273e-01,-1.726068490460364e-07,6.101687589931421e-10
7.940340909090909e-01,8.522727272727273e-01,-1.724611021771358e-07,1.170352660138585e-09
8.139204545454546e-01,8.522727272727273e-01,-1.721021013859726e-07,1.680233319517750e-09
8.338068181818181e-01,8.522727272727273e-01,-1.711587363849844e-07,1.958809576815620e-09
8.536931818181819e-01,8.522727272727273e-01,-1.700417992886188e-07,2.253922865982446e-09
8.735795454545454e-01,8.522727272727273e-01,-1.687512900968758e-07,2.565573187018218e-09
8.934659090909091e-01,8.522727272727273e-01,-1.671573839333745e-07,2.926886344036831e-09
9.133522727272727e-01,8.522727272727273e-01,-1.653998928248728e-07,3.287565236552305e-09
9.332386363636364e-01,8.522727272727273e-01,-1.633899576268443e-07,3.640226060287583e-09
9.531250000000000e-01,8.522727272727273e-01,-1.610687676850531e-07,3.980375054503174e-09
9.730113636363636e-01,8.522727272727273e-01,-1.585810956110363e-07,4.316992596989513e-09
9.928977272727273e-01,8.522727272727273e-01,-1.557942437959553e-07,4.653173312654953e-09
1.012784090909091e+00,8.522727272727273e-01,-1.527630599034888e-07,4.989447971680610e-09
1.032670454545455e+00,8.522727272727273e-01,-1.495687337181768e-07,5.325531018357747e-09
1.052556818181818e+00,8.522727272727273e-01,-1.460181782847694e-07,5.658444624680260e-09
1.072443181818182e+00,8.522727272727273e-01,-1.422757351992161e-07,5.989579706104328e-09
1.092329545454545e+00,8.522727272727273e-01,-1.383414044615168e-07,6.318936262629948e-09
1.112215909090909e+00,8.522727272727273e-01,-1.340512873691067e-07,6.645566272184828e-09
1.132102272727273e+00,8.522727272727273e-01,-1.295969459438557e-07,6.970922629396274e-09
1.151988636363636e+00,8.522727272727273e-01,-1.248962634455278e-07,7.294363934277800e-09
1.171875000000000e+00,8.522727272727273e-01,-1.198951233068606e-07,7.616090513062516e-09
1.191761363636364e+00,8.522727272727273e-01,-1.147301783220436e-07,7.936962926193362e-09
1.211647727272727e+00,8.522727272727273e-01,-1.092650732083501e-07,8.256418124690157e-09
1.231534090909091e+00,8.522727272727273e-01,-1.035517122393987e-07,8.572043488676177e-09
1.251420454545455e+00,8.522727272727273e-01,-9.767271791359005e-08,8.884986176302800e-09
1.271306818181818e+00,8.522727272727273e-01,-9.143344890327695e-08,9.190713987168350e-09
1.291193181818182e+00,8.522727272727273e-01,-8.500872493350372e-08,9.501095965818728e-09
1.311079545454545e+00,8.522727272727273e-01,-7.839854600427030e-08,9.816132112253934e-09
1.330965909090909e+00,8.522727272727273e-01,-7.145084930360291e-08,1.014671029499679e-08
1.350852272727273e+00,8.522727272727273e-01,-6.432566222317613e-08,1.046274877847826e-08
1.370738636363636e+00,8.522727272727273e-01,-5.692772568907316e-08,1.075046382903123e-08
1.390625000000000e+00,8.522727272727273e-01,-4.919254662579966e-08,1.099967926465426e-08
1.410511363636364e+00,8.522727272727273e-01,-4.129648766964072e-08,1.125096548788806e-08
1.430397727272727e+00,8.522727272727273e-01,-3.314777830207247e-08,1.154834421395798e-08
1.450284090909091e+00,8.522727272727273e-01,-2.412327326107901e-08,1.121435328734737e-08
1.470170454545455e+00,8.522727272727273e-01,3.411882574467070e-07,-3.456870913403357e-07
1.490056818181818e+00,8.522727272727273e-01,5.331905930847891e-06,-5.333405542145766e-06
6.349431818181818e-01,8.750000000000000e-01,-2.211915262805720e-07,3.792866699075188e-08
6.548295454545454e-01,8.750000000000000e-01,-1.789685335662987e-07,-4.665258055147755e-09
6.747159090909091e-01,8.750000000000000e-01,-1.801686542494814e-07,-4.041979136999675e-09
6.946022727272727e-01,8.750000000000000e-01,-1.839753276174923e-07,-6.822567714012958e-10
7.144886363636364e-01,8.750000000000000e-01,-1.864613647323922e-07,1.619143250739292e-09
7.343750000000000e-01,8.750000000000000e-01,-1.861349660361449e-07,1.428713351310259e-09
7.542613636363636e-01,8.750000000000000e-01,-1.851979367944537e-07,8.025288462067624e-10
7.741477272727273e-01,8.750000000000000e-01,-1.848343646972823e-07,1.070407375199851e-09
7.940340909090909e-01,8.750000000000000e-01,-1.845804007814982e-07,1.710207995232146e-09
8.139204545454546e-01,8.750000000000000e-01,-1.843387993034901e-07,2.537246992808906e-09
8.338068181818181e-01,8.750000000000000e-01,-1.834662948732183e-07,3.112280907625030e-09
8.536931818181819e-01,8.750000000000000e-01,-1.823252223216492e-07,3.622768630875790e-09
8.735795454545454e-01,8.750000000000000e-01,-1.809155816487828e-07,4.068710162561177e-09
8.934659090909091e-01,8.750000000000000e-01,-1.791769628968494e-07,4.564571484675111e-09
9.133522727272727e-01,8.750000000000000e-01,-1.772757320560703e-07,5.072696657713960e-09
9.332386363636364e-01,8.750000000000000e-01,-1.751273502663171e-07,5.595984791435242e-09
9.531250000000000e-01,8.750000000000000e-01,-1.726450667584545e-07,6.105977096623240e-09
9.730113636363636e-01,8.750000000000000e-01,-1.699820115046416e-07,6.610073595629392e-09
9.928977272727273e-01,8.750000000000000e-01,-1.669900282337871e-07,7.105847967168727e-09
1.012784090909091e+00,8.750000000000000e-01,-1.637348042898990e-07,7.600695575331617e-09
1.032670454545455e+00,8.750000000000000e-01,-1.603039908804562e-07,8.094829657710094e-09
1.052556818181818e+00,8.750000000000000e-01,-1.564916970573774e-07,8.586381195943265e-09
1.072443181818182e+00,8.750000000000000e-01,-1.524730033732484e-07,9.075554802863582e-09
1.092329545454545e+00,8.750000000000000e-01,-1.482479098280694e-07,9.562350478471029e-09
1.112215909090909e+00,8.750000000000000e-01,-1.436397232656782e-07,1.004495100635550e-08
1.132102272727273e+00,8.750000000000000e-01,-1.388546710764507e-07,1.052556184717622e-08
1.151988636363636e+00,8.750000000000000e-01,-1.338043044074548e-07,1.100317211788997e-08
1.171875000000000e+00,8.750000000000000e-01,-1.284298005453229e-07,1.147725108503984e-08
1.191761363636364e+00,8.750000000000000e-01,-1.228790894817891e-07,1.194999879055620e-08
1.211647727272727e+00,8.750000000000000e-01,-1.170064225395840e-07,1.242139650698024e-08
1.231534090909091e+00,8.750000000000000e-01,-1.108697014452507e-07,1.289105398092733e-08
1.251420454545455e+00,8.750000000000000e-01,-1.045560056861200e-07,1.335861272984510e-08
1.271306818181818e+00,8.750000000000000e-01,-9.784869704999451e-08,1.381145647127093e-08
1.291193181818182e+00,8.750000000000000e-01,-9.093165078071598e-08,1.425858450927428e-08
1.311079545454545e+00,8.750000000000000e-01,-8.380486687828429e-08,1.469999684385515e-08
1.330965909090909e+00,8.750000000000000e-01,-7.634419914611356e-08,1.518642321819087e-08
1.350852272727273e+00,8.750000000000000e-01,-6.872093307215705e-08,1.568512719051367e-08
1.370738636363636e+00,8.750000000000000e-01,-6.085122005171909e-08,1.619969812601637e-08
1.390625000000000e+00,8.750000000000000e-01,-5.249385425375481e-08,1.654722217356514e-08
1.410511363636364e+00,8.750000000000000e-01,-4.392338345722416e-08,1.685651716231554e-08
1.430397727272727e+00,8.750000000000000e-01,-3.505918044347650e-08,1.719268582342583e-08
1.450284090909091e+00,8.750000000000000e-01,-2.540140835038129e-08,1.699759931484277e-08
1.470170454545455e+00,8.750000000000000e-01,3.451997662078759e-07,-3.447050337909243e-07
1.490056818181818e+00,8.750000000000000e-01,5.402333840573335e-06,-5.402168929767685e-06
6.349431818181818e-01,8.977272727272727e-01,-2.405277353978116e-07,4.462232331310678e-08
6.548295454545454e-01,8.977272727272727e-01,-1.960814347020026e-07,-1.496056398839617e-10
6.747159090909091e-01,8.977272727272727e-01,-1.917004756128283e-07,-5.010447907766652e-09
6.946022727272727e-01,8.977272727272727e-01,-1.925253030508251e-07,-4.521555502814747e-09
7.144886363636364e-01,8.977272727272727e-01,-1.971730373998880e-07,7.070884914740323e-11
7.343750000000000e-01,8.977272727272727e-01,-1.984090472263966e-07,1.594039278043583e-09
7.542613636363636e-01,8.977272727272727e-01,-1.984835087701051e-07,2.142798114769664e-09
7.741477272727273e-01,8.977272727272727e-01,-1.977106844661012e-07,2.187061703271363e-09
7.940340909090909e-01,8.977272727272727e-01,-1.970956773310173e-07,2.669607496636678e-09
8.139204545454546e-01,8.977272727272727e-01,-1.965449754958300e-07,3.403435280528321e-09
8.338068181818181e-01,8.977272727272727e-01,-1.956904518948788e-07,4.238557461691690e-09
8.536931818181819e-01,8.977272727272727e-01,-1.945487706318338e-07,5.004661453159427e-09
8.735795454545454e-01,8.977272727272727e-01,-1.931199317066953e-07,5.701747254931514e-09
8.934659090909091e-01,8.977272727272727e-01,-1.912586155623883e-07,6.371472000569029e-09
9.133522727272727e-01,8.977272727272727e-01,-1.892158452331705e-07,7.046719251925952e-09
9.332386363636364e-01,8.977272727272727e-01,-1.869063388322286e-07,7.735695467504140e-09
9.531250000000000e-01,8.977272727272727e-01,-1.842536145404184e-07,8.424244391701724e-09
9.730113636363636e-01,8.977272727272727e-01,-1.814113267864690e-07,9.110206544389579e-09
9.928977272727273e-01,8.977272727272727e-01,-1.782171908955437e-07,9.787111159589020e-09
1.012784090909091e+00,8.977272727272727e-01,-1.747381492963854e-07,1.045957510250087e-08
1.032670454545455e+00,8.977272727272727e-01,-1.710693433269490e-07,1.112925136576465e-08
1.052556818181818e+00,8.977272727272727e-01,-1.669912528811360e-07,1.179475931568058e-08
1.072443181818182e+00,8.977272727272727e-01,-1.626922990173085e-07,1.245754331998534e-08
1.092329545454545e+00,8.977272727272727e-01,-1.581724817354668e-07,1.311760337867892e-08
1.112215909090909e+00,8.977272727272727e-01,-1.532421383836983e-07,1.377225353047395e-08
1.132102272727273e+00,8.977272727272727e-01,-1.481223154411171e-07,1.442440078208703e-08
1.151988636363636e+00,8.977272727272727e-01,-1.427182713062937e-07,1.507279187740471e-08
1.171875000000000e+00,8.977272727272727e-01,-1.369662711360169e-07,1.571601753675558e-08
1.191761363636364e+00,8.977272727272727e-01,-1.310246945506395e-07,1.635664347163567e-08
1.211647727272727e+00,8.977272727272727e-01,-1.247359604786809e-07,1.699290251942305e-08
1.231534090909091e+00,8.977272727272727e-01,-1.181658418838069e-07,1.762824208023844e-08
1.251420454545455e+00,8.977272727272727e-01,-1.114078001314940e-07,1.826263517424418e-08
1.271306818181818e+00,8.977272727272727e-01,-1.042389788868655e-07,1.889136493896646e-08
1.291193181818182e+00,8.977272727272727e-01,-9.683843488083570e-08,1.950651141468915e-08
1.311079545454545e+00,8.977272727272727e-01,-8.920616811340433e-08,2.010807460141224e-08
1.330965909090909e+00,8.977272727272727e-01,-8.116229235176921e-08,2.070314495695944e-08
1.350852272727273e+00,8.977272727272727e-01,-7.296870428910440e-08,2.133547970210834e-08
1.370738636363636e+00,8.977272727272727e-01,-6.456262609916802e-08,2.203578935593389e-08
1.390625000000000e+00,8.977272727272727e-01,-5.583691162566861e-08,2.275925332568235e-08
1.410511363636364e+00,8.977272727272727e-01,-4.681744663124486e-08,2.337594346513560e-08
1.430397727272727e+00,8.977272727272727e-01,-3.704053267699500e-08,2.357797524425025e-08
1.450284090909091e+00,8.977272727272727e-01,-2.648955305472651e-08,2.328640639129129e-08
1.470170454545455e+00,8.977272727272727e-01,3.473031188489738e-07,-3.411289915175131e-07
1.490056818181818e+00,8.977272727272727e-01,5.437647316142093e-06,-5.435589273698272e-06
6.349431818181818e-01,9.204545454545455e-01,-2.532301700835346e-07,4.463574988426011e-08
6.548295454545454e-01,9.204545454545455e-01,-2.191314942838907e-07,1.026125673050471e-08
6.747159090909091e-01,9.204545454545455e-01,-2.088437612912257e-07,-4.006045974880997e-10
6.946022727272727e-01,9.204545454545455e-01,-2.045923457800140e-07,-4.867722140830280e-09
7.144886363636364e-01,9.204545454545455e-01,-2.079094019621441e-07,-1.467588355368508e-09
7.343750000000000e-01,9.204545454545455e-01,-2.098261854832939e-07,8.974478791228504e-10
7.542613636363636e-01,9.204545454545455e-01,-2.109283381906312e-07,2.647039723443384e-09
7.741477272727273e-01,9.204545454545455e-01,-2.104437839083029e-07,3.175099688107980e-09
7.940340909090909e-01,9.204545454545455e-01,-2.097779605939602e-07,3.820670256220519e-09
8.139204545454546e-01,9.204545454545455e-01,-2.089969002608542e-07,4.550190229211524e-09
8.338068181818181e-01,9.204545454545455e-01,-2.080269239150409e-07,5.522364774054095e-09
8.536931818181819e-01,9.204545454545455e-01,-2.068050109203069e-07,6.474986830888682e-09
8.735795454545454e-01,9.204545454545455e-01,-2.053311612766524e-07,7.408056399715266e-09
8.934659090909091e-01,9.204545454545455e-01,-2.033703527617270e-07,8.285737681830761e-09
9.133522727272727e-01,9.204545454545455e-01,-2.012055652400419e-07,9.158626380828137e-09
9.332386363636364e-01,9.204545454545455e-01,-1.987410405806725e-07,1.003055757760366e-08
9.531250000000000e-01,9.204545454545455e-01,-1.959141515133858e-07,1.090529947647144e-08
9.730113636363636e-01,9.204545454545455e-01,-1.928870332266518e-07,1.177899857953351e-08
9.928977272727273e-01,9.204545454545455e-01,-1.894881055431950e-07,1.264606339588242e-08
1.012784090909091e+00,9.204545454545455e-01,-1.857841842083294e-07,1.350691419628479e-08
1.032670454545455e+00,9.204545454545455e-01,-1.818771169715124e-07,1.436380551837740e-08
1.052556818181818e+00,9.204545454545455e-01,-1.775318849361698e-07,1.521410262650127e-08
1.072443181818182e+00,9.204545454545455e-01,-1.729508508312213e-07,1.606098182593449e-08
1.092329545454545e+00,9.204545454545455e-01,-1.681340146566669e-07,1.690444311667705e-08
1.112215909090909e+00,9.204545454545455e-01,-1.628788749882033e-07,1.774117149806728e-08
1.132102272727273e+00,9.204545454545455e-01,-1.574214710713008e-07,1.857482205466016e-08
1.151988636363636e+00,9.204545454545455e-01,-1.516606796832880e-07,1.940386477560507e-08
1.171875000000000e+00,9.204545454545455e-01,-1.455285916738075e-07,2.022678598509215e-08
1.191761363636364e+00,9.204545454545455e-01,-1.391938122847461e-07,2.104620223864010e-08
1.211647727272727e+00,9.204545454545455e-01,-1.324871277920229e-07,2.185888849853577e-08
1.231534090909091e+00,9.204545454545455e-01,-1.254784184477618e-07,2.266832954235560e-08
1.251420454545455e+00,9.204545454545455e-01,-1.182686688233925e-07,2.347591672970866e-08
1.271306818181818e+00,9.204545454545455e-01,-1.106266861520571e-07,2.428284145465240e-08
1.291193181818182e+00,9.204545454545455e-01,-1.027433013034840e-07,2.508074816327404e-08
1.311079545454545e+00,9.204545454545455e-01,-9.461851427767317e-08,2.586963685557362e-08
1.330965909090909e+00,9.204545454545455e-01,-8.602089653149905e-08,2.661726541206536e-08
1.350852272727273e+00,9.204545454545455e-01,-7.723634234349928e-08,2.737714395037356e-08
1.370738636363636e+00,9.204545454545455e-01,-6.818077142918652e-08,2.816478539783250e-08
1.390625000000000e+00,9.204545454545455e-01,-5.894243807647647e-08,2.913483951690313e-08
1.410511363636364e+00,9.204545454545455e-01,-4.952250009904899e-08,3.012247543489769e-08
1.430397727272727e+00,9.204545454545455e-01,-3.961944093605495e-08,3.099216527733491e-08
1.450284090909091e+00,9.204545454545455e-01,-2.804436007675452e-08,3.048861305892836e-08
1.470170454545455e+00,9.204545454545455e-01,5.744422643519317e-07,-5.621485870561470e-07
1.490056818181818e+00,9.204545454545455e-01,8.846703242931254e-06,-8.842605350499326e-06
6.349431818181818e-01,9.431818181818182e-01,-2.521143275244767e-07,3.078812945867260e-08
6.548295454545454e-01,9.431818181818182e-01,-2.395093172618434e-07,1.796163610291543e-08
6.747159090909091e-01,9.431818181818182e-01,-2.271649380337889e-07,5.357712237322259e-09
6.946022727272727e-01,9.431818181818182e-01,-2.192951436964995e-07,-2.598300499641322e-09
7.144886363636364e-01,9.431818181818182e-01,-2.194435147885683e-07,-2.218890519094308e-09
7.343750000000000e-01,9.431818181818182e-01,-2.210795664316983e-07,3.595892025600078e-11
7.542613636363636e-01,9.431818181818182e-01,-2.227117342073915e-07,2.498429350937690e-09
7.741477272727273e-01,9.431818181818182e-01,-2.228419805847547e-07,3.846737291031145e-09
7.940340909090909e-01,9.431818181818182e-01,-2.223594174790881e-07,4.899493036247498e-09
8.139204545454546e-01,9.431818181818182e-01,-2.215154936283899e-07,5.802392895200658e-09
8.338068181818181e-01,9.431818181818182e-01,-2.203997263586080e-07,6.891709862400229e-09
8.536931818181819e-01,9.431818181818182e-01,-2.190766182980879e-07,8.020441707424939e-09
8.735795454545454e-01,9.431818181818182e-01,-2.175461694468296e-07,9.188588430274764e-09
8.934659090909091e-01,9.431818181818182e-01,-2.155151007574526e-07,1.031437584233699e-08
9.133522727272727e-01,9.431818181818182e-01,-2.132596070252513e-07,1.142724307034331e-08
9.332386363636364e-01,9.431818181818182e-01,-2.106694648089369e-07,1.252271910238879e-08
9.531250000000000e-01,9.431818181818182e-01,-2.076900428690017e-07,1.361667431855532e-08
9.730113636363636e-01,9.431818181818182e-01,-2.044976095004184e-07,1.470912296484194e-08
9.928977272727273e-01,9.431818181818182e-01,-2.009134139504125e-07,1.579756833744780e-08
1.012784090909091e+00,9.431818181818182e-01,-1.970052702308523e-07,1.687932282865177e-08
1.032670454545455e+00,9.431818181818182e-01,-1.928812023791484e-07,1.795665804648018e-08
1.052556818181818e+00,9.431818181818182e-01,-1.882897464785780e-07,1.902486574277327e-08
1.072443181818182e+00,9.431818181818182e-01,-1.834471659651544e-07,2.008870449477631e-08
1.092329545454545e+00,9.431818181818182e-01,-1.783534608388778e-07,2.114817430248927e-08
1.112215909090909e+00,9.431818181818182e-01,-1.727932826378845e-07,2.219943156281682e-08
1.132102272727273e+00,9.431818181818182e-01,-1.670178497495430e-07,2.324693899456430e-08
1.151988636363636e+00,9.431818181818182e-01,-1.609195470035508e-07,2.428883385681332e-08
1.171875000000000e+00,9.431818181818182e-01,-1.544266367210394e-07,2.532388009028533e-08
1.191761363636364e+00,9.431818181818182e-01,-1.477181077103897e-07,2.635481245438725e-08
1.211647727272727e+00,9.431818181818182e-01,-1.406135842330850e-07,2.737750925957589e-08
1.231534090909091e+00,9.431818181818182e-01,-1.331849953851185e-07,2.839339798225493e-08
1.251420454545455e+00,9.431818181818182e-01,-1.255410298333560e-07,2.940541485990648e-08
1.271306818181818e+00,9.431818181818182e-01,-1.174376392536964e-07,3.041626723699182e-08
1.291193181818182e+00,9.431818181818182e-01,-1.090877262037556e-07,3.142735281235912e-08
1.311079545454545e+00,9.431818181818182e-01,-1.004912906835337e-07,3.243867158600840e-08
1.330965909090909e+00,9.431818181818182e-01,-9.138818694708898e-08,3.340158267076577e-08
1.350852272727273e+00,9.431818181818182e-01,-8.204341022574693e-08,3.433432562939413e-08
1.370738636363636e+00,9.431818181818182e-01,-7.233377619229730e-08,3.521946856406764e-08
1.390625000000000e+00,9.431818181818182e-01,-6.245203905907180e-08,3.632026730670701e-08
1.410511363636364e+00,9.431818181818182e-01,-5.254810100749920e-08,3.761036998976746e-08
1.430397727272727e+00,9.431818181818182e-01,-4.273486268842971e-08,3.937893131307267e-08
1.450284090909091e+00,9.431818181818182e-01,-3.080628749477560e-08,3.934941304994564e-08
1.470170454545455e+00,9.431818181818182e-01,5.034282722125336e-07,-4.845703539962228e-07
1.490056818181818e+00,9.431818181818182e-01,7.812363197614000e-06,-7.806077224875230e-06
6.349431818181818e-01,9.659090909090909e-01,-2.214844472078064e-07,-1.261821840497421e-08
6.548295454545454e-01,9.659090909090909e-01,-2.411835452248586e-07,6.919188562168009e-09
6.747159090909091e-01,9.659090909090909e-01,-2.389191522017591e-07,4.520487899846302e-09
6.946022727272727e-01,9.659090909090909e-01,-2.355744860423339e-07,1.230248211044845e-09
7.144886363636364e-01,9.659090909090909e-01,-2.333264269969279e-07,-6.274545151865970e-10
7.343750000000000e-01,9.659090909090909e-01,-2.333841727346618e-07,2.312284677280665e-10
7.542613636363636e-01,9.659090909090909e-01,-2.340241666120802e-07,1.896112822694291e-09
7.741477272727273e-01,9.659090909090909e-01,-2.344932655518688e-07,3.800683166036795e-09
7.940340909090909e-01,9.659090909090909e-01,-2.343377831466084e-07,5.416602012881171e-09
8.139204545454546e-01,9.659090909090909e-01,-2.337917453726284e-07,6.865918723372803e-09
8.338068181818181e-01,9.659090909090909e-01,-2.326793530750874e-07,8.234112913765232e-09
8.536931818181819e-01,9.659090909090909e-01,-2.313354813828737e-07,9.632106480580108e-09
8.735795454545454e-01,9.659090909090909e-01,-2.297601302959873e-07,1.105989942381740e-08
8.934659090909091e-01,9.659090909090909e-01,-2.277047289814992e-07,1.249287414291471e-08
9.133522727272727e-01,9.659090909090909e-01,-2.254173218518872e-07,1.391779627925513e-08
9.332386363636364e-01,9.659090909090909e-01,-2.227787727481047e-07,1.532750628997563e-08
9.531250000000000e-01,9.659090909090909e-01,-2.197184168287572e-07,1.672599041113755e-08
9.730113636363636e-01,9.659090909090909e-01,-2.164292911898964e-07,1.811965804515316e-08
9.928977272727273e-01,9.659090909090909e-01,-2.127231500617181e-07,1.950689111585759e-08
1.012784090909091e+00,9.659090909090909e-01,-2.086746677552888e-07,2.088771285686154e-08
1.032670454545455e+00,9.659090909090909e-01,-2.043978649194753e-07,2.226416730084838e-08
1.052556818181818e+00,9.659090909090909e-01,-1.996253592668141e-07,2.363015093144926e-08
1.072443181818182e+00,9.659090909090909e-01,-1.945861099534146e-07,2.499066967240695e-08
1.092329545454545e+00,9.659090909090909e-01,-1.892801169792769e-07,2.634572352372140e-08
1.112215909090909e+00,9.659090909090909e-01,-1.834789247474217e-07,2.769081012078031e-08
1.132102272727273e+00,9.659090909090909e-01,-1.774491772940297e-07,2.903129472866937e-08
1.151988636363636e+00,9.659090909090909e-01,-1.710765964929399e-07,3.036487583741115e-08
1.171875000000000e+00,9.659090909090909e-01,-1.642853253918216e-07,3.169034757213094e-08
1.191761363636364e+00,9.659090909090909e-01,-1.572656134131834e-07,3.301133166169777e-08
1.211647727272727e+00,9.659090909090909e-01,-1.498269751836668e-07,3.432397042639245e-08
1.231534090909091e+00,9.659090909090909e-01,-1.420439884169625e-07,3.562819050244999e-08
1.251420454545455e+00,9.659090909090909e-01,-1.340315341537701e-07,3.692689631438668e-08
1.271306818181818e+00,9.659090909090909e-01,-1.255229640937016e-07,3.821471833290906e-08
1.291193181818182e+00,9.659090909090909e-01,-1.167542783563455e-07,3.950370344523875e-08
1.311079545454545e+00,9.659090909090909e-01,-1.077254769417017e-07,4.079385165137576e-08
1.330965909090909e+00,9.659090909090909e-01,-9.820861631692573e-08,4.208117265084255e-08
1.350852272727273e+00,9.659090909090909e-01,-8.843300728414736e-08,4.333369847467387e-08
1.370738636363636e+00,9.659090909090909e-01,-7.825922854605970e-08,4.452398444174653e-08
1.390625000000000e+00,9.659090909090909e-01,-6.760141929502025e-08,4.564082082187377e-08
1.410511363636364e+00,9.659090909090909e-01,-5.687556170907748e-08,4.691356209946475e-08
1.430397727272727e+00,9.659090909090909e-01,-4.638422407477440e-08,4.883140425470147e-08
1.450284090909091e+00,9.659090909090909e-01,-3.634958392894686e-08,5.154187374696428e-08
1.470170454545455e+00,9.659090909090909e-01,-8.671095600052576e-07,8.930735129210346e-07
1.490056818181818e+00,9.659090909090909e-01,-1.262490117621888e-05,1.263355582719080e-05
6.349431818181818e-01,9.886363636363636e-01,3.888338973762567e-05,-3.896909872819155e-05
6.548295454545454e-01,9.886363636363636e-01,1.941019635391441e-05,-1.949596142340556e-05
6.747159090909091e-01,9.886363636363636e-01,4.575771483736066e-06,-4.661579699777919e-06
6.946022727272727e-01,9.886363636363636e-01,-3.945217782260386e-06,3.859435750611044e-06
7.144886363636364e-01,9.886363636363636e-01,-1.744313985680106e-06,1.658681143484584e-06
7.343750000000000e-01,9.886363636363636e-01,2.957102641083696e-07,-3.810435773306893e-07
7.542613636363636e-01,9.886363636363636e-01,1.809971159174920e-06,-1.894922940049830e-06
7.741477272727273e-01,9.886363636363636e-01,1.557312633719551e-06,-1.641732542727677e-06
7.940340909090909e-01,9.886363636363636e-01,1.074424347695329e-06,-1.158189379775361e-06
8.139204545454546e-01,9.886363636363636e-01,4.837274291481308e-07,-5.667555809258632e-07
8.338068181818181e-01,9.886363636363636e-01,1.542887807995047e-07,-2.364023782974913e-07
8.536931818181819e-01,9.886363636363636e-01,-1.373797540832639e-07,5.627638146826415e-08
8.735795454545454e-01,9.886363636363636e-01,-3.912781755001686e-07,3.112806983713969e-07
8.934659090909091e-01,9.886363636363636e-01,-6.865912483289940e-07,6.078773406638965e-07
9.133522727272727e-01,9.886363636363636e-01,-9.905494292778549e-07,9.132010944506376e-07
9.332386363636364e-01,9.886363636363636e-01,-1.304334468493438e-06,1.228474711565409e-06
9.531250000000000e-01,9.886363636363636e-01,-1.611549425736805e-06,1.537328586227344e-06
9.730113636363636e-01,9.886363636363636e-01,-1.916225384333034e-06,1.843725465616347e-06
9.928977272727273e-01,9.886363636363636e-01,-2.218161763195303e-06,2.147533104790768e-06
1.012784090909091e+00,9.886363636363636e-01,-2.521004030956466e-06,2.452369637925392e-06
1.032670454545455e+00,9.886363636363636e-01,-2.824386711214447e-06,2.757828586931041e-06
1.052556818181818e+00,9.886363636363636e-01,-3.128252222994541e-06,3.063948041436247e-06
1.072443181818182e+00,9.886363636363636e-01,-3.431884466491316e-06,3.369929898261376e-06
1.092329545454545e+00,9.886363636363636e-01,-3.735283441704768e-06,3.675774157406424e-06
1.112215909090909e+00,9.886363636363636e-01,-4.038390403885290e-06,3.981504077495985e-06
1.132102272727273e+00,9.886363636363636e-01,-4.341315933472112e-06,4.287134568366055e-06
1.151988636363636e+00,9.886363636363636e-01,-4.643955316964072e-06,4.592601918202571e-06
1.171875000000000e+00,9.886363636363636e-01,-4.946287789983478e-06,4.897912697085912e-06
1.191761363636364e+00,9.886363636363636e-01,-5.248839238842823e-06,5.203524455183398e-06
1.211647727272727e+00,9.886363636363636e-01,-5.552500509587825e-06,5.510396374685918e-06
1.231534090909091e+00,9.886363636363636e-01,-5.856891363029412e-06,5.818120881946333e-06
1.251420454545455e+00,9.886363636363636e-01,-6.161038460619206e-06,6.125683636729162e-06
1.271306818181818e+00,9.886363636363636e-01,-6.456747523771428e-06,6.424986031051866e-06
1.291193181818182e+00,9.886363636363636e-01,-6.747873280911546e-06,6.719800789965705e-06
1.311079545454545e+00,9.886363636363636e-01,-7.034415732039564e-06,7.010127913470683e-06
1.330965909090909e+00,9.886363636363636e-01,-7.373635413213781e-06,7.353309940999309e-06
1.350852272727273e+00,9.886363636363636e-01,-7.745177198616831e-06,7.728896076130973e-06
1.370738636363636e+00,9.886363636363636e-01,-8.167605001317700e-06,8.155491233621764e-06
1.390625000000000e+00,9.886363636363636e-01,-8.175436955431187e-06,8.167640882044555e-06
1.410511363636364e+00,9.886363636363636e-01,-7.846357611621199e-06,7.842961235918072e-06
1.430397727272727e+00,9.886363636363636e-01,-6.696532690679220e-06,6.697686352178980e-06
1.450284090909091e+00,9.886363636363636e-01,-1.439824815931368e-05,1.440407486307764e-05
1.470170454545455e+00,9.886363636363636e-01,-2.637021418290976e-05,2.637997862191093e-05
1.490056818181818e+00,9.886363636363636e-01,-2.992764571850831e-05,2.993090053150870e-05
