x,y,ux,uy
6.349431818181818e-01,1.136363636363636e-02,-1.228095810885916e-09,3.299734972449291e-09
6.548295454545454e-01,1.136363636363636e-02,-1.228095810885916e-09,3.299734972449291e-09
6.747159090909091e-01,1.136363636363636e-02,-1.228095810885916e-09,3.299734972449291e-09
6.946022727272727e-01,1.136363636363636e-02,-1.228095810885916e-09,3.299734972449291e-09
7.144886363636364e-01,1.136363636363636e-02,-1.228095810885916e-09,3.299734972449291e-09
7.343750000000000e-01,1.136363636363636e-02,-1.228095810885916e-09,3.299734972449291e-09
7.542613636363636e-01,1.136363636363636e-02,-1.477458895785022e-09,4.086544957148363e-09
7.741477272727273e-01,1.136363636363636e-02,-1.477458895785022e-09,4.086544957148363e-09
7.940340909090909e-01,1.136363636363636e-02,-1.477458895785022e-09,4.086544957148363e-09
8.139204545454546e-01,1.136363636363636e-02,-1.477458895785022e-09,4.086544957148363e-09
8.338068181818181e-01,1.136363636363636e-02,-1.477458895785022e-09,4.086544957148363e-09
8.536931818181819e-01,1.136363636363636e-02,-1.477458895785022e-09,4.086544957148363e-09
8.735795454545454e-01,1.136363636363636e-02,-1.464882913411828e-09,4.086280633355752e-09
8.934659090909092e-01,1.136363636363636e-02,-1.463086344501372e-09,4.086242872813950e-09
9.133522727272727e-01,1.136363636363636e-02,-1.463086344501372e-09,4.086242872813950e-09
9.332386363636364e-01,1.136363636363636e-02,-1.463086344501372e-09,4.086242872813950e-09
9.531250000000000e-01,1.136363636363636e-02,-1.463086344501372e-09,4.086242872813950e-09
9.730113636363636e-01,1.136363636363636e-02,-1.463086344501372e-09,4.086242872813950e-09
9.928977272727273e-01,1.136363636363636e-02,-1.405313041604671e-09,3.967645447159159e-09
1.012784090909091e+00,1.136363636363636e-02,-1.309024203443516e-09,3.769983071067878e-09
1.032670454545455e+00,1.136363636363636e-02,-1.309024203443516e-09,3.769983071067878e-09
1.052556818181818e+00,1.136363636363636e-02,-1.309024203443516e-09,3.769983071067878e-09
1.072443181818182e+00,1.136363636363636e-02,-1.309024203443516e-09,3.769983071067878e-09
1.092329545454545e+00,1.136363636363636e-02,-1.309024203443516e-09,3.769983071067878e-09
1.112215909090909e+00,1.136363636363636e-02,-1.309024203443516e-09,3.769983071067878e-09
1.132102272727273e+00,1.136363636363636e-02,-1.098115127078369e-09,3.269621841204598e-09
1.151988636363636e+00,1.136363636363636e-02,-1.098115127078369e-09,3.269621841204598e-09
1.171875000000000e+00,1.136363636363636e-02,-1.098115127078369e-09,3.269621841204598e-09
1.191761363636364e+00,1.136363636363636e-02,-1.098115127078369e-09,3.269621841204598e-09
1.211647727272727e+00,1.136363636363636e-02,-1.098115127078369e-09,3.269621841204598e-09
1.231534090909091e+00,1.136363636363636e-02,-1.098115127078369e-09,3.269621841204598e-09
1.251420454545455e+00,1.136363636363636e-02,-8.614794570539785e-10,2.587090508308740e-09
1.271306818181818e+00,1.136363636363636e-02,-8.614794570539785e-10,2.587090508308740e-09
1.291193181818182e+00,1.136363636363636e-02,-8.614794570539785e-10,2.587090508308740e-09
1.311079545454545e+00,1.136363636363636e-02,-8.614794570539785e-10,2.587090508308740e-09
1.330965909090909e+00,1.136363636363636e-02,-8.614794570539785e-10,2.587090508308740e-09
1.350852272727273e+00,1.136363636363636e-02,-8.614794570539785e-10,2.587090508308740e-09
1.370738636363636e+00,1.136363636363636e-02,-6.749365393465480e-10,1.985831192452939e-09
1.390625000000000e+00,1.136363636363636e-02,-5.630107887220863e-10,1.625075602939447e-09
1.410511363636364e+00,1.136363636363636e-02,-5.630107887220863e-10,1.625075602939447e-09
1.430397727272727e+00,1.136363636363636e-02,-5.630107887220863e-10,1.625075602939447e-09
1.450284090909091e+00,1.136363636363636e-02,-5.630107887220863e-10,1.625075602939447e-09
1.470170454545455e+00,1.136363636363636e-02,-5.630107887220863e-10,1.625075602939447e-09
1.490056818181818e+00,1.136363636363636e-02,-4.926344401318131e-10,1.421941152571981e-09
6.349431818181818e-01,3.409090909090909e-02,-3.684287432657747e-09,9.899204917347874e-09
6.548295454545454e-01,3.409090909090909e-02,-3.684287432657747e-09,9.899204917347874e-09
6.747159090909091e-01,3.409090909090909e-02,-3.684287432657747e-09,9.899204917347874e-09
6.946022727272727e-01,3.409090909090909e-02,-3.684287432657747e-09,9.899204917347874e-09
7.144886363636364e-01,3.409090909090909e-02,-3.684287432657747e-09,9.899204917347874e-09
7.343750000000000e-01,3.409090909090909e-02,-4.089502445618795e-09,1.117777114248386e-08
7.542613636363636e-01,3.409090909090909e-02,-4.432376687355068e-09,1.225963487144509e-08
7.741477272727273e-01,3.409090909090909e-02,-4.432376687355068e-09,1.225963487144509e-08
7.940340909090909e-01,3.409090909090909e-02,-4.432376687355068e-09,1.225963487144509e-08
8.139204545454546e-01,3.409090909090909e-02,-4.432376687355068e-09,1.225963487144509e-08
8.338068181818181e-01,3.409090909090909e-02,-4.432376687355068e-09,1.225963487144509e-08
8.536931818181819e-01,3.409090909090909e-02,-4.416207567160960e-09,1.225929502656888e-08
8.735795454545454e-01,3.409090909090909e-02,-4.391055602414571e-09,1.225876637898365e-08
8.934659090909092e-01,3.409090909090909e-02,-4.389259033504115e-09,1.225872861844185e-08
9.133522727272727e-01,3.409090909090909e-02,-4.389259033504115e-09,1.225872861844185e-08
9.332386363636364e-01,3.409090909090909e-02,-4.389259033504115e-09,1.225872861844185e-08
9.531250000000000e-01,3.409090909090909e-02,-4.389259033504115e-09,1.225872861844185e-08
9.730113636363636e-01,3.409090909090909e-02,-4.292970195342947e-09,1.206106624235053e-08
9.928977272727273e-01,3.409090909090909e-02,-4.023361448491677e-09,1.150761158929484e-08
1.012784090909091e+00,3.409090909090909e-02,-3.927072610330522e-09,1.130994921320356e-08
1.032670454545455e+00,3.409090909090909e-02,-3.927072610330522e-09,1.130994921320356e-08
1.052556818181818e+00,3.409090909090909e-02,-3.927072610330522e-09,1.130994921320356e-08
1.072443181818182e+00,3.409090909090909e-02,-3.927072610330522e-09,1.130994921320356e-08
1.092329545454545e+00,3.409090909090909e-02,-3.900708975784878e-09,1.124740405947065e-08
1.112215909090909e+00,3.409090909090909e-02,-3.531618092145871e-09,1.037177190720991e-08
1.132102272727273e+00,3.409090909090909e-02,-3.294345381235084e-09,9.808865523613729e-09
1.151988636363636e+00,3.409090909090909e-02,-3.294345381235084e-09,9.808865523613729e-09
1.171875000000000e+00,3.409090909090909e-02,-3.294345381235084e-09,9.808865523613729e-09
1.191761363636364e+00,3.409090909090909e-02,-3.294345381235084e-09,9.808865523613729e-09
1.211647727272727e+00,3.409090909090909e-02,-3.294345381235084e-09,9.808865523613729e-09
1.231534090909091e+00,3.409090909090909e-02,-2.968971334951551e-09,8.870384940881934e-09
1.251420454545455e+00,3.409090909090909e-02,-2.584438371161919e-09,7.761271524926169e-09
1.271306818181818e+00,3.409090909090909e-02,-2.584438371161919e-09,7.761271524926169e-09
1.291193181818182e+00,3.409090909090909e-02,-2.584438371161919e-09,7.761271524926169e-09
1.311079545454545e+00,3.409090909090909e-02,-2.584438371161919e-09,7.761271524926169e-09
1.330965909090909e+00,3.409090909090909e-02,-2.584438371161919e-09,7.761271524926169e-09
1.350852272727273e+00,3.409090909090909e-02,-2.323278286371514e-09,6.919508482728040e-09
1.370738636363636e+00,3.409090909090909e-02,-1.800958116790709e-09,5.235982398331802e-09
1.390625000000000e+00,3.409090909090909e-02,-1.689032366166248e-09,4.875226808818310e-09
1.410511363636364e+00,3.409090909090909e-02,-1.689032366166248e-09,4.875226808818310e-09
1.430397727272727e+00,3.409090909090909e-02,-1.689032366166248e-09,4.875226808818310e-09
1.450284090909091e+00,3.409090909090909e-02,-1.689032366166248e-09,4.875226808818310e-09
1.470170454545455e+00,3.409090909090909e-02,-1.477903320395461e-09,4.265823457716005e-09
1.490056818181818e+00,3.409090909090909e-02,-4.926344401318131e-10,1.421941152571981e-09
6.349431818181818e-01,5.681818181818182e-02,-6.140479054429578e-09,1.649867486224646e-08
6.548295454545454e-01,5.681818181818182e-02,-6.140479054429578e-09,1.649867486224646e-08
6.747159090909091e-01,5.681818181818182e-02,-6.140479054429578e-09,1.649867486224646e-08
6.946022727272727e-01,5.681818181818182e-02,-6.171649440041964e-09,1.659702611033383e-08
7.144886363636364e-01,5.681818181818182e-02,-6.608034838615402e-09,1.797394358355721e-08
7.343750000000000e-01,5.681818181818182e-02,-7.044420237188841e-09,1.935086105678059e-08
7.542613636363636e-01,5.681818181818182e-02,-7.387294478925113e-09,2.043272478574182e-08
7.741477272727273e-01,5.681818181818182e-02,-7.387294478925113e-09,2.043272478574182e-08
7.940340909090909e-01,5.681818181818182e-02,-7.387294478925113e-09,2.043272478574182e-08
8.139204545454546e-01,5.681818181818182e-02,-7.387294478925113e-09,2.043272478574182e-08
8.338068181818181e-01,5.681818181818182e-02,-7.367532220910092e-09,2.043230941978200e-08
8.536931818181819e-01,5.681818181818182e-02,-7.342380256163703e-09,2.043178077219678e-08
8.735795454545454e-01,5.681818181818182e-02,-7.317228291417314e-09,2.043125212461155e-08
8.934659090909092e-01,5.681818181818182e-02,-7.315431722506857e-09,2.043121436406975e-08
9.133522727272727e-01,5.681818181818182e-02,-7.315431722506857e-09,2.043121436406975e-08
9.332386363636364e-01,5.681818181818182e-02,-7.315431722506857e-09,2.043121436406975e-08
9.531250000000000e-01,5.681818181818182e-02,-7.180627349081223e-09,2.015448703754190e-08
9.730113636363636e-01,5.681818181818182e-02,-6.911018602229952e-09,1.960103238448622e-08
9.928977272727273e-01,5.681818181818182e-02,-6.641409855378683e-09,1.904757773143052e-08
1.012784090909091e+00,5.681818181818182e-02,-6.545121017217528e-09,1.884991535533924e-08
1.032670454545455e+00,5.681818181818182e-02,-6.545121017217528e-09,1.884991535533924e-08
1.052556818181818e+00,5.681818181818182e-02,-6.545121017217528e-09,1.884991535533924e-08
1.072443181818182e+00,5.681818181818182e-02,-6.466030113580596e-09,1.866227989414050e-08
1.092329545454545e+00,5.681818181818182e-02,-6.096939229941594e-09,1.778664774187978e-08
1.112215909090909e+00,5.681818181818182e-02,-5.727848346302588e-09,1.691101558961904e-08
1.132102272727273e+00,5.681818181818182e-02,-5.490575635391800e-09,1.634810920602286e-08
1.151988636363636e+00,5.681818181818182e-02,-5.490575635391800e-09,1.634810920602286e-08
1.171875000000000e+00,5.681818181818182e-02,-5.490575635391800e-09,1.634810920602286e-08
1.191761363636364e+00,5.681818181818182e-02,-5.490575635391800e-09,1.634810920602286e-08
1.211647727272727e+00,5.681818181818182e-02,-5.106042671602168e-09,1.523899579006710e-08
1.231534090909091e+00,5.681818181818182e-02,-4.691930249059491e-09,1.404456595749936e-08
1.251420454545455e+00,5.681818181818182e-02,-4.307397285269859e-09,1.293545254154360e-08
1.271306818181818e+00,5.681818181818182e-02,-4.307397285269859e-09,1.293545254154360e-08
1.291193181818182e+00,5.681818181818182e-02,-4.307397285269859e-09,1.293545254154360e-08
1.311079545454545e+00,5.681818181818182e-02,-4.307397285269859e-09,1.293545254154360e-08
1.330965909090909e+00,5.681818181818182e-02,-3.971620033396480e-09,1.185318577300314e-08
1.350852272727273e+00,5.681818181818182e-02,-3.449299863815675e-09,1.016965968860690e-08
1.370738636363636e+00,5.681818181818182e-02,-2.926979694234871e-09,8.486133604210664e-09
1.390625000000000e+00,5.681818181818182e-02,-2.815053943610409e-09,8.125378014697171e-09
1.410511363636364e+00,5.681818181818182e-02,-2.815053943610409e-09,8.125378014697171e-09
1.430397727272727e+00,5.681818181818182e-02,-2.815053943610409e-09,8.125378014697171e-09
1.450284090909091e+00,5.681818181818182e-02,-2.463172200659110e-09,7.109705762860029e-09
1.470170454545455e+00,5.681818181818182e-02,-1.477903320395461e-09,4.265823457716005e-09
1.490056818181818e+00,5.681818181818182e-02,-4.926344401318131e-10,1.421941152571981e-09
6.349431818181818e-01,7.954545454545454e-02,-8.596670676201422e-09,2.309814480714507e-08
6.548295454545454e-01,7.954545454545454e-02,-8.596670676201422e-09,2.309814480714507e-08
6.747159090909091e-01,7.954545454545454e-02,-8.690181833038587e-09,2.339319855140722e-08
6.946022727272727e-01,7.954545454545454e-02,-9.126567231612025e-09,2.477011602463060e-08
7.144886363636364e-01,7.954545454545454e-02,-9.562952630185461e-09,2.614703349785398e-08
7.343750000000000e-01,7.954545454545454e-02,-9.999338028758900e-09,2.752395097107736e-08
7.542613636363636e-01,7.954545454545454e-02,-1.034221227049517e-08,2.860581470003859e-08
7.741477272727273e-01,7.954545454545454e-02,-1.034221227049517e-08,2.860581470003859e-08
7.940340909090909e-01,7.954545454545454e-02,-1.034221227049517e-08,2.860581470003859e-08
8.139204545454546e-01,7.954545454545454e-02,-1.031885687465924e-08,2.860532381299516e-08
8.338068181818181e-01,7.954545454545454e-02,-1.029370490991285e-08,2.860479516540994e-08
8.536931818181819e-01,7.954545454545454e-02,-1.026855294516646e-08,2.860426651782472e-08
8.735795454545454e-01,7.954545454545454e-02,-1.024340098042007e-08,2.860373787023949e-08
8.934659090909092e-01,7.954545454545454e-02,-1.024160441150962e-08,2.860370010969769e-08
9.133522727272727e-01,7.954545454545454e-02,-1.024160441150962e-08,2.860370010969769e-08
9.332386363636364e-01,7.954545454545454e-02,-1.006828450281951e-08,2.824790783273332e-08
9.531250000000000e-01,7.954545454545454e-02,-9.798675755968243e-09,2.769445317967762e-08
9.730113636363636e-01,7.954545454545454e-02,-9.529067009116972e-09,2.714099852662193e-08
9.928977272727273e-01,7.954545454545454e-02,-9.259458262265702e-09,2.658754387356624e-08
1.012784090909091e+00,7.954545454545454e-02,-9.163169424104535e-09,2.638988149747492e-08
1.032670454545455e+00,7.954545454545454e-02,-9.163169424104535e-09,2.638988149747492e-08
1.052556818181818e+00,7.954545454545454e-02,-9.031351251376318e-09,2.607715572881038e-08
1.072443181818182e+00,7.954545454545454e-02,-8.662260367737313e-09,2.520152357654964e-08
1.092329545454545e+00,7.954545454545454e-02,-8.293169484098309e-09,2.432589142428891e-08
1.112215909090909e+00,7.954545454545454e-02,-7.924078600459304e-09,2.345025927202817e-08
1.132102272727273e+00,7.954545454545454e-02,-7.686805889548516e-09,2.288735288843199e-08
1.151988636363636e+00,7.954545454545454e-02,-7.686805889548516e-09,2.288735288843199e-08
1.171875000000000e+00,7.954545454545454e-02,-7.657226430795466e-09,2.280203647182001e-08
1.191761363636364e+00,7.954545454545454e-02,-7.243114008252785e-09,2.160760663925226e-08
1.211647727272727e+00,7.954545454545454e-02,-6.829001585710108e-09,2.041317680668453e-08
1.231534090909091e+00,7.954545454545454e-02,-6.414889163167431e-09,1.921874697411679e-08
1.251420454545455e+00,7.954545454545454e-02,-6.030356199377799e-09,1.810963355816103e-08
1.271306818181818e+00,7.954545454545454e-02,-6.030356199377799e-09,1.810963355816103e-08
1.291193181818182e+00,7.954545454545454e-02,-6.030356199377799e-09,1.810963355816103e-08
1.311079545454545e+00,7.954545454545454e-02,-5.619961780421451e-09,1.678686306327826e-08
1.330965909090909e+00,7.954545454545454e-02,-5.097641610840641e-09,1.510333697888200e-08
1.350852272727273e+00,7.954545454545454e-02,-4.575321441259836e-09,1.341981089448576e-08
1.370738636363636e+00,7.954545454545454e-02,-4.053001271679033e-09,1.173628481008953e-08
1.390625000000000e+00,7.954545454545454e-02,-3.941075521054571e-09,1.137552922057603e-08
1.410511363636364e+00,7.954545454545454e-02,-3.941075521054571e-09,1.137552922057603e-08
1.430397727272727e+00,7.954545454545454e-02,-3.448441080922747e-09,9.953588068004022e-09
1.450284090909091e+00,7.954545454545454e-02,-2.463172200659110e-09,7.109705762860029e-09
1.470170454545455e+00,7.954545454545454e-02,-1.477903320395461e-09,4.265823457716005e-09
1.490056818181818e+00,7.954545454545454e-02,-4.926344401318131e-10,1.421941152571981e-09
6.349431818181818e-01,1.022727272727273e-01,-1.105286229797325e-08,2.969761475204365e-08
6.548295454545454e-01,1.022727272727273e-01,-1.120871422603519e-08,3.018937099248057e-08
6.747159090909091e-01,1.022727272727273e-01,-1.164509962460863e-08,3.156628846570395e-08
6.946022727272727e-01,1.022727272727273e-01,-1.208148502318207e-08,3.294320593892733e-08
7.144886363636364e-01,1.022727272727273e-01,-1.251787042175551e-08,3.432012341215071e-08
7.343750000000000e-01,1.022727272727273e-01,-1.295425582032894e-08,3.569704088537409e-08
7.542613636363636e-01,1.022727272727273e-01,-1.329713006206522e-08,3.677890461433531e-08
7.741477272727273e-01,1.022727272727273e-01,-1.329533349315476e-08,3.677886685379351e-08
7.940340909090909e-01,1.022727272727273e-01,-1.327018152840837e-08,3.677833820620829e-08
8.139204545454546e-01,1.022727272727273e-01,-1.324502956366198e-08,3.677780955862306e-08
8.338068181818181e-01,1.022727272727273e-01,-1.321987759891559e-08,3.677728091103784e-08
8.536931818181819e-01,1.022727272727273e-01,-1.319472563416921e-08,3.677675226345262e-08
8.735795454545454e-01,1.022727272727273e-01,-1.316957366942281e-08,3.677622361586739e-08
8.934659090909092e-01,1.022727272727273e-01,-1.316777710051236e-08,3.677618585532559e-08
9.133522727272727e-01,1.022727272727273e-01,-1.295594165655779e-08,3.634132862792469e-08
9.332386363636364e-01,1.022727272727273e-01,-1.268633290970652e-08,3.578787397486900e-08
9.531250000000000e-01,1.022727272727273e-01,-1.241672416285525e-08,3.523441932181330e-08
9.730113636363636e-01,1.022727272727273e-01,-1.214711541600398e-08,3.468096466875761e-08
9.928977272727273e-01,1.022727272727273e-01,-1.187750666915271e-08,3.412751001570192e-08
1.012784090909091e+00,1.022727272727273e-01,-1.178121783099154e-08,3.392984763961060e-08
1.032670454545455e+00,1.022727272727273e-01,-1.159667238917204e-08,3.349203156348023e-08
1.052556818181818e+00,1.022727272727273e-01,-1.122758150553303e-08,3.261639941121951e-08
1.072443181818182e+00,1.022727272727273e-01,-1.085849062189403e-08,3.174076725895877e-08
1.092329545454545e+00,1.022727272727273e-01,-1.048939973825502e-08,3.086513510669804e-08
1.112215909090909e+00,1.022727272727273e-01,-1.012030885461602e-08,2.998950295443730e-08
1.132102272727273e+00,1.022727272727273e-01,-9.883036143705232e-09,2.942659657084112e-08
1.151988636363636e+00,1.022727272727273e-01,-9.794297767446087e-09,2.917064732100518e-08
1.171875000000000e+00,1.022727272727273e-01,-9.380185344903407e-09,2.797621748843743e-08
1.191761363636364e+00,1.022727272727273e-01,-8.966072922360724e-09,2.678178765586969e-08
1.211647727272727e+00,1.022727272727273e-01,-8.551960499818048e-09,2.558735782330196e-08
1.231534090909091e+00,1.022727272727273e-01,-8.137848077275371e-09,2.439292799073422e-08
1.251420454545455e+00,1.022727272727273e-01,-7.753315113485738e-09,2.328381457477846e-08
1.271306818181818e+00,1.022727272727273e-01,-7.753315113485738e-09,2.328381457477846e-08
1.291193181818182e+00,1.022727272727273e-01,-7.268303527446423e-09,2.172054035355338e-08
1.311079545454545e+00,1.022727272727273e-01,-6.745983357865613e-09,2.003701426915712e-08
1.330965909090909e+00,1.022727272727273e-01,-6.223663188284802e-09,1.835348818476087e-08
1.350852272727273e+00,1.022727272727273e-01,-5.701343018703998e-09,1.666996210036463e-08
1.370738636363636e+00,1.022727272727273e-01,-5.179022849123195e-09,1.498643601596839e-08
1.390625000000000e+00,1.022727272727273e-01,-5.067097098498732e-09,1.462568042645490e-08
1.410511363636364e+00,1.022727272727273e-01,-4.433709961186384e-09,1.279747037314801e-08
1.430397727272727e+00,1.022727272727273e-01,-3.448441080922747e-09,9.953588068004022e-09
1.450284090909091e+00,1.022727272727273e-01,-2.463172200659110e-09,7.109705762860029e-09
1.470170454545455e+00,1.022727272727273e-01,-1.477903320395461e-09,4.265823457716005e-09
1.490056818181818e+00,1.022727272727273e-01,-4.926344401318131e-10,1.421941152571981e-09
6.349431818181818e-01,1.250000000000000e-01,-1.372724661903182e-08,3.698554343355393e-08
6.548295454545454e-01,1.250000000000000e-01,-1.416363201760524e-08,3.836246090677730e-08
6.747159090909091e-01,1.250000000000000e-01,-1.460001741617865e-08,3.973937838000067e-08
6.946022727272727e-01,1.250000000000000e-01,-1.503640281475211e-08,4.111629585322406e-08
7.144886363636364e-01,1.250000000000000e-01,-1.547278821332555e-08,4.249321332644743e-08
7.343750000000000e-01,1.250000000000000e-01,-1.590917361189899e-08,4.387013079967082e-08
7.542613636363636e-01,1.250000000000000e-01,-1.624665814690388e-08,4.495188124700662e-08
7.741477272727273e-01,1.250000000000000e-01,-1.622150618215751e-08,4.495135259942141e-08
7.940340909090909e-01,1.250000000000000e-01,-1.619635421741113e-08,4.495082395183620e-08
8.139204545454546e-01,1.250000000000000e-01,-1.617120225266472e-08,4.495029530425097e-08
8.338068181818181e-01,1.250000000000000e-01,-1.614605028791833e-08,4.494976665666574e-08
8.536931818181819e-01,1.250000000000000e-01,-1.612089832317195e-08,4.494923800908051e-08
8.735795454545454e-01,1.250000000000000e-01,-1.609574635842556e-08,4.494870936149529e-08
8.934659090909092e-01,1.250000000000000e-01,-1.584359881029606e-08,4.443474942311606e-08
9.133522727272727e-01,1.250000000000000e-01,-1.557399006344479e-08,4.388129477006037e-08
9.332386363636364e-01,1.250000000000000e-01,-1.530438131659353e-08,4.332784011700468e-08
9.531250000000000e-01,1.250000000000000e-01,-1.503477256974225e-08,4.277438546394899e-08
9.730113636363636e-01,1.250000000000000e-01,-1.476516382289099e-08,4.222093081089330e-08
9.928977272727273e-01,1.250000000000000e-01,-1.449555507603971e-08,4.166747615783761e-08
1.012784090909091e+00,1.250000000000000e-01,-1.416199352696776e-08,4.090690739815010e-08
1.032670454545455e+00,1.250000000000000e-01,-1.379290264332875e-08,4.003127524588936e-08
1.052556818181818e+00,1.250000000000000e-01,-1.342381175968973e-08,3.915564309362861e-08
1.072443181818182e+00,1.250000000000000e-01,-1.305472087605074e-08,3.828001094136790e-08
1.092329545454545e+00,1.250000000000000e-01,-1.268562999241174e-08,3.740437878910717e-08
1.112215909090909e+00,1.250000000000000e-01,-1.231653910877273e-08,3.652874663684643e-08
1.132102272727273e+00,1.250000000000000e-01,-1.193136910409672e-08,3.553925817019038e-08
1.151988636363636e+00,1.250000000000000e-01,-1.151725668155403e-08,3.434482833762261e-08
1.171875000000000e+00,1.250000000000000e-01,-1.110314425901135e-08,3.315039850505487e-08
1.191761363636364e+00,1.250000000000000e-01,-1.068903183646867e-08,3.195596867248712e-08
1.211647727272727e+00,1.250000000000000e-01,-1.027491941392599e-08,3.076153883991939e-08
1.231534090909091e+00,1.250000000000000e-01,-9.860806991383312e-09,2.956710900735165e-08
1.251420454545455e+00,1.250000000000000e-01,-9.438965444052193e-09,2.833774372822472e-08
1.271306818181818e+00,1.250000000000000e-01,-8.916645274471382e-09,2.665421764382846e-08
1.291193181818182e+00,1.250000000000000e-01,-8.394325104890585e-09,2.497069155943225e-08
1.311079545454545e+00,1.250000000000000e-01,-7.872004935309774e-09,2.328716547503599e-08
1.330965909090909e+00,1.250000000000000e-01,-7.349684765728963e-09,2.160363939063973e-08
1.350852272727273e+00,1.250000000000000e-01,-6.827364596148160e-09,1.992011330624349e-08
1.370738636363636e+00,1.250000000000000e-01,-6.305044426567356e-09,1.823658722184725e-08
1.390625000000000e+00,1.250000000000000e-01,-5.418978841450032e-09,1.564135267829204e-08
1.410511363636364e+00,1.250000000000000e-01,-4.433709961186384e-09,1.279747037314801e-08
1.430397727272727e+00,1.250000000000000e-01,-3.448441080922734e-09,9.953588068003981e-09
1.450284090909091e+00,1.250000000000000e-01,-2.463172200659110e-09,7.109705762860029e-09
1.470170454545455e+00,1.250000000000000e-01,-1.477903320395461e-09,4.265823457716005e-09
1.490056818181818e+00,1.250000000000000e-01,-4.926344401318131e-10,1.421941152571981e-09
6.349431818181818e-01,1.477272727272727e-01,-1.880046234636932e-08,4.028686440650790e-08
6.548295454545454e-01,1.477272727272727e-01,-1.923684774494273e-08,4.166378187973127e-08
6.747159090909091e-01,1.477272727272727e-01,-1.967323314351615e-08,4.304069935295465e-08
6.946022727272727e-01,1.477272727272727e-01,-2.010961854208961e-08,4.441761682617803e-08
7.144886363636364e-01,1.477272727272727e-01,-2.054600394066307e-08,4.579453429940141e-08
7.343750000000000e-01,1.477272727272727e-01,-2.055977052208973e-08,4.722121909063475e-08
7.542613636363636e-01,1.477272727272727e-01,-1.996749365937177e-08,4.841245763759250e-08
7.741477272727273e-01,1.477272727272727e-01,-1.994234169462540e-08,4.841192899000729e-08
7.940340909090909e-01,1.477272727272727e-01,-1.991718972987903e-08,4.841140034242207e-08
8.139204545454546e-01,1.477272727272727e-01,-1.989203776513262e-08,4.841087169483684e-08
8.338068181818181e-01,1.477272727272727e-01,-1.986688580038623e-08,4.841034304725162e-08
8.536931818181819e-01,1.477272727272727e-01,-1.977533201706590e-08,4.839860733923274e-08
8.735795454545454e-01,1.477272727272727e-01,-1.882055459228442e-08,4.824117984557630e-08
8.934659090909092e-01,1.477272727272727e-01,-1.850200522558099e-08,4.771601284676341e-08
9.133522727272727e-01,1.477272727272727e-01,-1.823239647872972e-08,4.716255819370772e-08
9.332386363636364e-01,1.477272727272727e-01,-1.796278773187848e-08,4.660910354065206e-08
9.531250000000000e-01,1.477272727272727e-01,-1.769317898502718e-08,4.605564888759634e-08
9.730113636363636e-01,1.477272727272727e-01,-1.742357023817591e-08,4.550219423454065e-08
9.928977272727273e-01,1.477272727272727e-01,-1.660681635602315e-08,4.472550986526397e-08
1.012784090909091e+00,1.477272727272727e-01,-1.602455247272324e-08,4.386347305274875e-08
1.032670454545455e+00,1.477272727272727e-01,-1.565546158908423e-08,4.298784090048801e-08
1.052556818181818e+00,1.477272727272727e-01,-1.528637070544521e-08,4.211220874822726e-08
1.072443181818182e+00,1.477272727272727e-01,-1.491727982180624e-08,4.123657659596660e-08
1.092329545454545e+00,1.477272727272727e-01,-1.454818893816722e-08,4.036094444370582e-08
1.112215909090909e+00,1.477272727272727e-01,-1.390952321225948e-08,3.929982866287222e-08
1.132102272727273e+00,1.477272727272727e-01,-1.317775698180935e-08,3.807186124519386e-08
1.151988636363636e+00,1.477272727272727e-01,-1.276364455926666e-08,3.687743141262609e-08
1.171875000000000e+00,1.477272727272727e-01,-1.234953213672398e-08,3.568300158005833e-08
1.191761363636364e+00,1.477272727272727e-01,-1.193541971418129e-08,3.448857174749059e-08
1.211647727272727e+00,1.477272727272727e-01,-1.152130729163860e-08,3.329414191492282e-08
1.231534090909091e+00,1.477272727272727e-01,-1.100843990728419e-08,3.198998091462145e-08
1.251420454545455e+00,1.477272727272727e-01,-1.015866019210209e-08,3.028511390864848e-08
1.271306818181818e+00,1.477272727272727e-01,-9.636340022521275e-09,2.860158782425222e-08
1.291193181818182e+00,1.477272727272727e-01,-9.114019852940477e-09,2.691806173985600e-08
1.311079545454545e+00,1.477272727272727e-01,-8.591699683359668e-09,2.523453565545975e-08
1.330965909090909e+00,1.477272727272727e-01,-8.069379513778857e-09,2.355100957106348e-08
1.350852272727273e+00,1.477272727272727e-01,-7.547059344198065e-09,2.186748348666728e-08
1.370738636363636e+00,1.477272727272727e-01,-6.620584336250273e-09,1.946694321839141e-08
1.390625000000000e+00,1.477272727272727e-01,-5.641252249971333e-09,1.670624386317166e-08
1.410511363636364e+00,1.477272727272727e-01,-4.655983369707685e-09,1.386236155802763e-08
1.430397727272727e+00,1.477272727272727e-01,-3.670714489444035e-09,1.101847925288360e-08
1.450284090909091e+00,1.477272727272727e-01,-2.685445609180411e-09,8.174596947739650e-09
1.470170454545455e+00,1.477272727272727e-01,-1.700176728916762e-09,5.330714642595626e-09
1.490056818181818e+00,1.477272727272727e-01,-5.898790563598809e-10,1.887831045956807e-09
6.349431818181818e-01,1.704545454545454e-01,-2.387367807370681e-08,4.358818537946187e-08
6.548295454545454e-01,1.704545454545454e-01,-2.431006347228023e-08,4.496510285268524e-08
6.747159090909091e-01,1.704545454545454e-01,-2.474644887085364e-08,4.634202032590862e-08
6.946022727272727e-01,1.704545454545454e-01,-2.518283426942710e-08,4.771893779913201e-08
7.144886363636364e-01,1.704545454545454e-01,-2.502755332399510e-08,4.916552951756933e-08
7.343750000000000e-01,1.704545454545454e-01,-2.428060603455763e-08,5.068179548122063e-08
7.542613636363636e-01,1.704545454545454e-01,-2.368832917183966e-08,5.187303402817837e-08
7.741477272727273e-01,1.704545454545454e-01,-2.366317720709329e-08,5.187250538059316e-08
7.940340909090909e-01,1.704545454545454e-01,-2.363802524234692e-08,5.187197673300795e-08
8.139204545454546e-01,1.704545454545454e-01,-2.361287327760051e-08,5.187144808542272e-08
8.338068181818181e-01,1.704545454545454e-01,-2.338851585713232e-08,5.183729825653652e-08
8.536931818181819e-01,1.704545454545454e-01,-2.243373843235083e-08,5.167987076288009e-08
8.735795454545454e-01,1.704545454545454e-01,-2.147896100756935e-08,5.152244326922366e-08
8.934659090909092e-01,1.704545454545454e-01,-2.116041164086592e-08,5.099727627041077e-08
9.133522727272727e-01,1.704545454545454e-01,-2.089080289401465e-08,5.044382161735508e-08
9.332386363636364e-01,1.704545454545454e-01,-2.062119414716340e-08,4.989036696429943e-08
9.531250000000000e-01,1.704545454545454e-01,-2.035158540031211e-08,4.933691231124370e-08
9.730113636363636e-01,1.704545454545454e-01,-1.943535058446816e-08,4.851964072083594e-08
9.928977272727273e-01,1.704545454545454e-01,-1.846937530177862e-08,4.768207551986263e-08
1.012784090909091e+00,1.704545454545454e-01,-1.788711141847872e-08,4.682003870734740e-08
1.032670454545455e+00,1.704545454545454e-01,-1.751802053483971e-08,4.594440655508667e-08
1.052556818181818e+00,1.704545454545454e-01,-1.714892965120069e-08,4.506877440282591e-08
1.072443181818182e+00,1.704545454545454e-01,-1.677983876756172e-08,4.419314225056524e-08
1.092329545454545e+00,1.704545454545454e-01,-1.606415165814860e-08,4.307903114728219e-08
1.112215909090909e+00,1.704545454545454e-01,-1.515591108997209e-08,4.183243173787567e-08
1.132102272727273e+00,1.704545454545454e-01,-1.442414485952198e-08,4.060446432019733e-08
1.151988636363636e+00,1.704545454545454e-01,-1.401003243697929e-08,3.941003448762956e-08
1.171875000000000e+00,1.704545454545454e-01,-1.359592001443660e-08,3.821560465506181e-08
1.191761363636364e+00,1.704545454545454e-01,-1.318180759189392e-08,3.702117482249407e-08
1.211647727272727e+00,1.704545454545454e-01,-1.260310356633163e-08,3.564385971037015e-08
1.231534090909091e+00,1.704545454545454e-01,-1.172813465533407e-08,3.393735109504519e-08
1.251420454545455e+00,1.704545454545454e-01,-1.087835494015198e-08,3.223248408907223e-08
1.271306818181818e+00,1.704545454545454e-01,-1.035603477057117e-08,3.054895800467598e-08
1.291193181818182e+00,1.704545454545454e-01,-9.833714600990369e-09,2.886543192027976e-08
1.311079545454545e+00,1.704545454545454e-01,-9.311394431409560e-09,2.718190583588350e-08
1.330965909090909e+00,1.704545454545454e-01,-8.757985428108211e-09,2.544322481426573e-08
1.350852272727273e+00,1.704545454545454e-01,-7.800421586439902e-09,2.298752960876840e-08
1.370738636363636e+00,1.704545454545454e-01,-6.842857744771572e-09,2.053183440327102e-08
1.390625000000000e+00,1.704545454545454e-01,-5.863525658492634e-09,1.777113504805128e-08
1.410511363636364e+00,1.704545454545454e-01,-4.878256778228986e-09,1.492725274290726e-08
1.430397727272727e+00,1.704545454545454e-01,-3.892987897965336e-09,1.208337043776322e-08
1.450284090909091e+00,1.704545454545454e-01,-2.907719017701711e-09,9.239488132619271e-09
1.470170454545455e+00,1.704545454545454e-01,-1.769637169079669e-09,5.663493137870506e-09
1.490056818181818e+00,1.704545454545454e-01,-5.898790563598809e-10,1.887831045956807e-09
6.349431818181818e-01,1.931818181818182e-01,-2.894689380104433e-08,4.688950635241587e-08
6.548295454545454e-01,1.931818181818182e-01,-2.938327919961772e-08,4.826642382563921e-08
6.747159090909091e-01,1.931818181818182e-01,-2.981966459819116e-08,4.964334129886261e-08
6.946022727272727e-01,1.931818181818182e-01,-2.949533612590045e-08,5.110983994450392e-08
7.144886363636364e-01,1.931818181818182e-01,-2.874838883646299e-08,5.262610590815521e-08
7.343750000000000e-01,1.931818181818182e-01,-2.800144154702552e-08,5.414237187180651e-08
7.542613636363636e-01,1.931818181818182e-01,-2.740916468430757e-08,5.533361041876426e-08
7.741477272727273e-01,1.931818181818182e-01,-2.738401271956118e-08,5.533308177117904e-08
7.940340909090909e-01,1.931818181818182e-01,-2.735886075481483e-08,5.533255312359384e-08
8.139204545454546e-01,1.931818181818182e-01,-2.700169969719873e-08,5.527598917384030e-08
8.338068181818181e-01,1.931818181818182e-01,-2.604692227241725e-08,5.511856168018387e-08
8.536931818181819e-01,1.931818181818182e-01,-2.509214484763576e-08,5.496113418652744e-08
8.735795454545454e-01,1.931818181818182e-01,-2.413736742285427e-08,5.480370669287102e-08
8.934659090909092e-01,1.931818181818182e-01,-2.381881805615084e-08,5.427853969405812e-08
9.133522727272727e-01,1.931818181818182e-01,-2.354920930929957e-08,5.372508504100244e-08
9.332386363636364e-01,1.931818181818182e-01,-2.322986009560272e-08,5.315133677738121e-08
9.531250000000000e-01,1.931818181818182e-01,-2.226388481291318e-08,5.231377157640790e-08
9.730113636363636e-01,1.931818181818182e-01,-2.129790953022364e-08,5.147620637543458e-08
9.928977272727273e-01,1.931818181818182e-01,-2.033193424753410e-08,5.063864117446128e-08
1.012784090909091e+00,1.931818181818182e-01,-1.974967036423419e-08,4.977660436194606e-08
1.032670454545455e+00,1.931818181818182e-01,-1.938057948059519e-08,4.890097220968532e-08
1.052556818181818e+00,1.931818181818182e-01,-1.901148859695616e-08,4.802534005742456e-08
1.072443181818182e+00,1.931818181818182e-01,-1.821878010403774e-08,4.685823363169221e-08
1.092329545454545e+00,1.931818181818182e-01,-1.731053953586124e-08,4.561163422228569e-08
1.112215909090909e+00,1.931818181818182e-01,-1.640229896768473e-08,4.436503481287916e-08
1.132102272727273e+00,1.931818181818182e-01,-1.567053273723461e-08,4.313706739520080e-08
1.151988636363636e+00,1.931818181818182e-01,-1.525642031469191e-08,4.194263756263303e-08
1.171875000000000e+00,1.931818181818182e-01,-1.484230789214923e-08,4.074820773006528e-08
1.191761363636364e+00,1.931818181818182e-01,-1.419776722537911e-08,3.929773850611893e-08
1.211647727272727e+00,1.931818181818182e-01,-1.332279831438153e-08,3.759122989079392e-08
1.231534090909091e+00,1.931818181818182e-01,-1.244782940338397e-08,3.588472127546896e-08
1.251420454545455e+00,1.931818181818182e-01,-1.159804968820187e-08,3.417985426949599e-08
1.271306818181818e+00,1.931818181818182e-01,-1.107572951862106e-08,3.249632818509973e-08
1.291193181818182e+00,1.931818181818182e-01,-1.055340934904026e-08,3.081280210070351e-08
1.311079545454545e+00,1.931818181818182e-01,-9.937822678297845e-09,2.896381120464274e-08
1.330965909090909e+00,1.931818181818182e-01,-8.980258836629514e-09,2.650811599914536e-08
1.350852272727273e+00,1.931818181818182e-01,-8.022694994961205e-09,2.405242079364803e-08
1.370738636363636e+00,1.931818181818182e-01,-7.065131153292874e-09,2.159672558815065e-08
1.390625000000000e+00,1.931818181818182e-01,-6.085799067013935e-09,1.883602623293090e-08
1.410511363636364e+00,1.931818181818182e-01,-5.100530186750287e-09,1.599214392778688e-08
1.430397727272727e+00,1.931818181818182e-01,-4.115261306486638e-09,1.314826162264284e-08
1.450284090909091e+00,1.931818181818182e-01,-2.949395281799457e-09,9.439155229784205e-09
1.470170454545455e+00,1.931818181818182e-01,-1.769637169079669e-09,5.663493137870506e-09
1.490056818181818e+00,1.931818181818182e-01,-5.898790563598809e-10,1.887831045956807e-09
6.349431818181818e-01,2.159090909090909e-01,-3.402010952838183e-08,5.019082732536984e-08
6.548295454545454e-01,2.159090909090909e-01,-3.445649492695524e-08,5.156774479859321e-08
6.747159090909091e-01,2.159090909090909e-01,-3.396311892780581e-08,5.305415037143851e-08
6.946022727272727e-01,2.159090909090909e-01,-3.321617163836834e-08,5.457041633508980e-08
7.144886363636364e-01,2.159090909090909e-01,-3.246922434893088e-08,5.608668229874108e-08
7.343750000000000e-01,2.159090909090909e-01,-3.172227705949341e-08,5.760294826239238e-08
7.542613636363636e-01,2.159090909090909e-01,-3.113000019677546e-08,5.879418680935014e-08
7.741477272727273e-01,2.159090909090909e-01,-3.110484823202910e-08,5.879365816176492e-08
7.940340909090909e-01,2.159090909090909e-01,-3.061488353726514e-08,5.871468009114409e-08
8.139204545454546e-01,2.159090909090909e-01,-2.966010611248366e-08,5.855725259748766e-08
8.338068181818181e-01,2.159090909090909e-01,-2.870532868770218e-08,5.839982510383122e-08
8.536931818181819e-01,2.159090909090909e-01,-2.775055126292069e-08,5.824239761017480e-08
8.735795454545454e-01,2.159090909090909e-01,-2.679577383813920e-08,5.808497011651837e-08
8.934659090909092e-01,2.159090909090909e-01,-2.647722447143577e-08,5.755980311770548e-08
9.133522727272727e-01,2.159090909090909e-01,-2.605839432404773e-08,5.694546763295316e-08
9.332386363636364e-01,2.159090909090909e-01,-2.509241904135820e-08,5.610790243197987e-08
9.531250000000000e-01,2.159090909090909e-01,-2.412644375866866e-08,5.527033723100655e-08
9.730113636363636e-01,2.159090909090909e-01,-2.316046847597911e-08,5.443277203003324e-08
9.928977272727273e-01,2.159090909090909e-01,-2.219449319328958e-08,5.359520682905994e-08
1.012784090909091e+00,2.159090909090909e-01,-2.161222930998968e-08,5.273317001654472e-08
1.032670454545455e+00,2.159090909090909e-01,-2.124313842635067e-08,5.185753786428398e-08
1.052556818181818e+00,2.159090909090909e-01,-2.037340854992684e-08,5.063743611610216e-08
1.072443181818182e+00,2.159090909090909e-01,-1.946516798175036e-08,4.939083670669566e-08
1.092329545454545e+00,2.159090909090909e-01,-1.855692741357385e-08,4.814423729728914e-08
1.112215909090909e+00,2.159090909090909e-01,-1.764868684539735e-08,4.689763788788261e-08
1.132102272727273e+00,2.159090909090909e-01,-1.691692061494724e-08,4.566967047020427e-08
1.151988636363636e+00,2.159090909090909e-01,-1.650280819240454e-08,4.447524063763651e-08
1.171875000000000e+00,2.159090909090909e-01,-1.579243088442657e-08,4.295161730186767e-08
1.191761363636364e+00,2.159090909090909e-01,-1.491746197342900e-08,4.124510868654267e-08
1.211647727272727e+00,2.159090909090909e-01,-1.404249306243142e-08,3.953860007121766e-08
1.231534090909091e+00,2.159090909090909e-01,-1.316752415143386e-08,3.783209145589270e-08
1.251420454545455e+00,2.159090909090909e-01,-1.231774443625176e-08,3.612722444991974e-08
1.271306818181818e+00,2.159090909090909e-01,-1.179542426667095e-08,3.444369836552349e-08
1.291193181818182e+00,2.159090909090909e-01,-1.111765992848747e-08,3.248439759501974e-08
1.311079545454545e+00,2.159090909090909e-01,-1.016009608681914e-08,3.002870238952236e-08
1.330965909090909e+00,2.159090909090909e-01,-9.202532245150813e-09,2.757300718402497e-08
1.350852272727273e+00,2.159090909090909e-01,-8.244968403482505e-09,2.511731197852764e-08
1.370738636363636e+00,2.159090909090909e-01,-7.287404561814173e-09,2.266161677303026e-08
1.390625000000000e+00,2.159090909090909e-01,-6.308072475535236e-09,1.990091741781052e-08
1.410511363636364e+00,2.159090909090909e-01,-5.308911507239006e-09,1.699047941361152e-08
1.430397727272727e+00,2.159090909090909e-01,-4.129153394519219e-09,1.321481732169782e-08
1.450284090909091e+00,2.159090909090909e-01,-2.949395281799457e-09,9.439155229784205e-09
1.470170454545455e+00,2.159090909090909e-01,-1.769637169079669e-09,5.663493137870506e-09
1.490056818181818e+00,2.159090909090909e-01,-5.898790563598809e-10,1.887831045956807e-09
6.349431818181818e-01,2.386363636363636e-01,-3.909332525571932e-08,5.349214829832381e-08
6.548295454545454e-01,2.386363636363636e-01,-3.843090172971121e-08,5.499846079837312e-08
6.747159090909091e-01,2.386363636363636e-01,-3.768395444027374e-08,5.651472676202442e-08
6.946022727272727e-01,2.386363636363636e-01,-3.693700715083627e-08,5.803099272567570e-08
7.144886363636364e-01,2.386363636363636e-01,-3.619005986139882e-08,5.954725868932699e-08
7.343750000000000e-01,2.386363636363636e-01,-3.544311257196134e-08,6.106352465297829e-08
7.542613636363636e-01,2.386363636363636e-01,-3.485083570924335e-08,6.225476319993601e-08
7.741477272727273e-01,2.386363636363636e-01,-3.422806737733158e-08,6.215337100844789e-08
7.940340909090909e-01,2.386363636363636e-01,-3.327328995255010e-08,6.199594351479147e-08
8.139204545454546e-01,2.386363636363636e-01,-3.231851252776861e-08,6.183851602113504e-08
8.338068181818181e-01,2.386363636363636e-01,-3.136373510298713e-08,6.168108852747861e-08
8.536931818181819e-01,2.386363636363636e-01,-3.040895767820564e-08,6.152366103382219e-08
8.735795454545454e-01,2.386363636363636e-01,-2.945418025342416e-08,6.136623354016575e-08
8.934659090909092e-01,2.386363636363636e-01,-2.888692855249276e-08,6.073959848852514e-08
9.133522727272727e-01,2.386363636363636e-01,-2.792095326980323e-08,5.990203328755185e-08
9.332386363636364e-01,2.386363636363636e-01,-2.695497798711370e-08,5.906446808657854e-08
9.531250000000000e-01,2.386363636363636e-01,-2.598900270442415e-08,5.822690288560523e-08
9.730113636363636e-01,2.386363636363636e-01,-2.502302742173461e-08,5.738933768463192e-08
9.928977272727273e-01,2.386363636363636e-01,-2.405705213904508e-08,5.655177248365861e-08
1.012784090909091e+00,2.386363636363636e-01,-2.343627756399249e-08,5.566323800991869e-08
1.032670454545455e+00,2.386363636363636e-01,-2.252803699581598e-08,5.441663860051217e-08
1.052556818181818e+00,2.386363636363636e-01,-2.161979642763948e-08,5.317003919110564e-08
1.072443181818182e+00,2.386363636363636e-01,-2.071155585946300e-08,5.192343978169915e-08
1.092329545454545e+00,2.386363636363636e-01,-1.980331529128650e-08,5.067684037229263e-08
1.112215909090909e+00,2.386363636363636e-01,-1.889507472310999e-08,4.943024096288611e-08
1.132102272727273e+00,2.386363636363636e-01,-1.816330849265987e-08,4.820227354520774e-08
1.151988636363636e+00,2.386363636363636e-01,-1.738709454347405e-08,4.660549609761644e-08
1.171875000000000e+00,2.386363636363636e-01,-1.651212563247647e-08,4.489898748229144e-08
1.191761363636364e+00,2.386363636363636e-01,-1.563715672147889e-08,4.319247886696644e-08
1.211647727272727e+00,2.386363636363636e-01,-1.476218781048132e-08,4.148597025164143e-08
1.231534090909091e+00,2.386363636363636e-01,-1.388721889948376e-08,3.977946163631647e-08
1.251420454545455e+00,2.386363636363636e-01,-1.303743918430166e-08,3.807459463034352e-08
1.271306818181818e+00,2.386363636363636e-01,-1.229749717867709e-08,3.600498398539669e-08
1.291193181818182e+00,2.386363636363636e-01,-1.133993333700878e-08,3.354928877989937e-08
1.311079545454545e+00,2.386363636363636e-01,-1.038236949534045e-08,3.109359357440199e-08
1.330965909090909e+00,2.386363636363636e-01,-9.424805653672118e-09,2.863789836890460e-08
1.350852272727273e+00,2.386363636363636e-01,-8.467241812003807e-09,2.618220316340727e-08
1.370738636363636e+00,2.386363636363636e-01,-7.509677970335477e-09,2.372650795790989e-08
1.390625000000000e+00,2.386363636363636e-01,-6.488669619958794e-09,2.076614150552522e-08
1.410511363636364e+00,2.386363636363636e-01,-5.308911507239006e-09,1.699047941361152e-08
1.430397727272727e+00,2.386363636363636e-01,-4.129153394519219e-09,1.321481732169782e-08
1.450284090909091e+00,2.386363636363636e-01,-2.949395281799457e-09,9.439155229784205e-09
1.470170454545455e+00,2.386363636363636e-01,-1.769637169079669e-09,5.663493137870506e-09
1.490056818181818e+00,2.386363636363636e-01,-5.898790563598809e-10,1.887831045956807e-09
6.349431818181818e-01,2.613636363636364e-01,-4.352110226335360e-08,5.539778714332513e-08
6.548295454545454e-01,2.613636363636364e-01,-4.277415497391608e-08,5.691405310697643e-08
6.747159090909091e-01,2.613636363636364e-01,-4.202720768447862e-08,5.843031907062773e-08
6.946022727272727e-01,2.613636363636364e-01,-4.128026039504120e-08,5.994658503427900e-08
7.144886363636364e-01,2.613636363636364e-01,-4.053331310560374e-08,6.146285099793030e-08
7.343750000000000e-01,2.613636363636364e-01,-3.978636581616622e-08,6.297911696158160e-08
7.542613636363636e-01,2.613636363636364e-01,-3.815094406349743e-08,6.367323006020229e-08
7.741477272727273e-01,2.613636363636364e-01,-3.719616663871594e-08,6.351580256654586e-08
7.940340909090909e-01,2.613636363636364e-01,-3.624138921393451e-08,6.335837507288942e-08
8.139204545454546e-01,2.613636363636364e-01,-3.528661178915298e-08,6.320094757923300e-08
8.338068181818181e-01,2.613636363636364e-01,-3.433183436437149e-08,6.304352008557657e-08
8.536931818181819e-01,2.613636363636364e-01,-3.337705693959008e-08,6.288609259192014e-08
8.735795454545454e-01,2.613636363636364e-01,-3.187011356832463e-08,6.260520738829075e-08
8.934659090909092e-01,2.613636363636364e-01,-3.082605728313082e-08,6.179858663641538e-08
9.133522727272727e-01,2.613636363636364e-01,-2.986008200044133e-08,6.096102143544206e-08
9.332386363636364e-01,2.613636363636364e-01,-2.889410671775177e-08,6.012345623446875e-08
9.531250000000000e-01,2.613636363636364e-01,-2.792813143506221e-08,5.928589103349546e-08
9.730113636363636e-01,2.613636363636364e-01,-2.696215615237266e-08,5.844832583252214e-08
9.928977272727273e-01,2.613636363636364e-01,-2.583324843422938e-08,5.761045756120267e-08
1.012784090909091e+00,2.613636363636364e-01,-2.463283426606582e-08,5.650943668042156e-08
1.032670454545455e+00,2.613636363636364e-01,-2.372459369788931e-08,5.526283727101503e-08
1.052556818181818e+00,2.613636363636364e-01,-2.281635312971281e-08,5.401623786160852e-08
1.072443181818182e+00,2.613636363636364e-01,-2.190811256153635e-08,5.276963845220200e-08
1.092329545454545e+00,2.613636363636364e-01,-2.099987199335982e-08,5.152303904279549e-08
1.112215909090909e+00,2.613636363636364e-01,-2.009163142518332e-08,5.027643963338897e-08
1.132102272727273e+00,2.613636363636364e-01,-1.889997152293634e-08,4.892378117701438e-08
1.151988636363636e+00,2.613636363636364e-01,-1.802500261193876e-08,4.721727256168940e-08
1.171875000000000e+00,2.613636363636364e-01,-1.715003370094118e-08,4.551076394636439e-08
1.191761363636364e+00,2.613636363636364e-01,-1.627506478994360e-08,4.380425533103939e-08
1.211647727272727e+00,2.613636363636364e-01,-1.540009587894602e-08,4.209774671571439e-08
1.231534090909091e+00,2.613636363636364e-01,-1.452512696794846e-08,4.039123810038943e-08
1.251420454545455e+00,2.613636363636364e-01,-1.344166761378210e-08,3.870607662477480e-08
1.271306818181818e+00,2.613636363636364e-01,-1.248410377211377e-08,3.625038141927743e-08
1.291193181818182e+00,2.613636363636364e-01,-1.152653993044546e-08,3.379468621378010e-08
1.311079545454545e+00,2.613636363636364e-01,-1.056897608877713e-08,3.133899100828272e-08
1.330965909090909e+00,2.613636363636364e-01,-9.611412247108801e-09,2.888329580278534e-08
1.350852272727273e+00,2.613636363636364e-01,-8.653848405440495e-09,2.642760059728800e-08
1.370738636363636e+00,2.613636363636364e-01,-7.627866813530345e-09,2.403026038203085e-08
1.390625000000000e+00,2.613636363636364e-01,-6.454671108747964e-09,2.057246133135061e-08
1.410511363636364e+00,2.613636363636364e-01,-5.274912996028201e-09,1.679679923943698e-08
1.430397727272727e+00,2.613636363636364e-01,-4.095154883308388e-09,1.302113714752321e-08
1.450284090909091e+00,2.613636363636364e-01,-2.915396770588626e-09,9.245475055609594e-09
1.470170454545455e+00,2.613636363636364e-01,-1.735638657868813e-09,5.469812963695819e-09
1.490056818181818e+00,2.613636363636364e-01,-5.601303590504045e-10,1.718360893554024e-09
6.349431818181818e-01,2.840909090909091e-01,-4.848677323929554e-08,5.576839536994592e-08
6.548295454545454e-01,2.840909090909091e-01,-4.773982594985808e-08,5.728466133359722e-08
6.747159090909091e-01,2.840909090909091e-01,-4.699287866042056e-08,5.880092729724850e-08
6.946022727272727e-01,2.840909090909091e-01,-4.624593137098315e-08,6.031719326089979e-08
7.144886363636364e-01,2.840909090909091e-01,-4.549898408154569e-08,6.183345922455109e-08
7.343750000000000e-01,2.840909090909091e-01,-4.338063521148602e-08,6.259653075426871e-08
7.542613636363636e-01,2.840909090909091e-01,-4.142873617098131e-08,6.311682975275086e-08
7.741477272727273e-01,2.840909090909091e-01,-4.047395874619982e-08,6.295940225909444e-08
7.940340909090909e-01,2.840909090909091e-01,-3.951918132141838e-08,6.280197476543801e-08
8.139204545454546e-01,2.840909090909091e-01,-3.856440389663689e-08,6.264454727178157e-08
8.338068181818181e-01,2.840909090909091e-01,-3.760962647185537e-08,6.248711977812515e-08
8.536931818181819e-01,2.840909090909091e-01,-3.594492140159463e-08,6.217096094307491e-08
8.735795454545454e-01,2.840909090909091e-01,-3.388581208384532e-08,6.176661802947255e-08
8.934659090909092e-01,2.840909090909091e-01,-3.284175579865151e-08,6.095999727759718e-08
9.133522727272727e-01,2.840909090909091e-01,-3.187578051596200e-08,6.012243207662386e-08
9.332386363636364e-01,2.840909090909091e-01,-3.090980523327244e-08,5.928486687565057e-08
9.531250000000000e-01,2.840909090909091e-01,-2.994382995058290e-08,5.844730167467727e-08
9.730113636363636e-01,2.840909090909091e-01,-2.870630060880378e-08,5.760923135646034e-08
9.928977272727273e-01,2.840909090909091e-01,-2.697997396066343e-08,5.677025182720493e-08
1.012784090909091e+00,2.840909090909091e-01,-2.577955979249988e-08,5.566923094642382e-08
1.032670454545455e+00,2.840909090909091e-01,-2.487131922432337e-08,5.442263153701730e-08
1.052556818181818e+00,2.840909090909091e-01,-2.396307865614687e-08,5.317603212761077e-08
1.072443181818182e+00,2.840909090909091e-01,-2.305483808797039e-08,5.192943271820427e-08
1.092329545454545e+00,2.840909090909091e-01,-2.210968476119672e-08,5.069010758890525e-08
1.112215909090909e+00,2.840909090909091e-01,-2.068466557266001e-08,4.954534810100363e-08
1.132102272727273e+00,2.840909090909091e-01,-1.945609291181586e-08,4.819996392473656e-08
1.151988636363636e+00,2.840909090909091e-01,-1.858112400081828e-08,4.649345530941156e-08
1.171875000000000e+00,2.840909090909091e-01,-1.770615508982070e-08,4.478694669408656e-08
1.191761363636364e+00,2.840909090909091e-01,-1.683118617882312e-08,4.308043807876155e-08
1.211647727272727e+00,2.840909090909091e-01,-1.595621726782555e-08,4.137392946343655e-08
1.231534090909091e+00,2.840909090909091e-01,-1.480268599959036e-08,3.977035399103386e-08
1.251420454545455e+00,2.840909090909091e-01,-1.359260739213417e-08,3.813198030765665e-08
1.271306818181818e+00,2.840909090909091e-01,-1.263504355046584e-08,3.567628510215928e-08
1.291193181818182e+00,2.840909090909091e-01,-1.167747970879754e-08,3.322058989666195e-08
1.311079545454545e+00,2.840909090909091e-01,-1.071991586712920e-08,3.076489469116456e-08
1.330965909090909e+00,2.840909090909091e-01,-9.762352025460874e-09,2.830919948566718e-08
1.350852272727273e+00,2.840909090909091e-01,-8.709003333454057e-09,2.593520126650626e-08
1.370738636363636e+00,2.840909090909091e-01,-7.559869791108685e-09,2.364290003368163e-08
1.390625000000000e+00,2.840909090909091e-01,-6.386674086326302e-09,2.018510098300138e-08
1.410511363636364e+00,2.840909090909091e-01,-5.206915973606539e-09,1.640943889108776e-08
1.430397727272727e+00,2.840909090909091e-01,-4.027157860886726e-09,1.263377679917398e-08
1.450284090909091e+00,2.840909090909091e-01,-2.847399748166965e-09,8.858114707260367e-09
1.470170454545455e+00,2.840909090909091e-01,-1.680391077151213e-09,5.155082680662072e-09
1.490056818181818e+00,2.840909090909091e-01,-5.601303590504045e-10,1.718360893554024e-09
6.349431818181818e-01,3.068181818181818e-01,-5.345244421523749e-08,5.613900359656669e-08
6.548295454545454e-01,3.068181818181818e-01,-5.270549692580003e-08,5.765526956021799e-08
6.747159090909091e-01,3.068181818181818e-01,-5.195854963636251e-08,5.917153552386929e-08
6.946022727272727e-01,3.068181818181818e-01,-5.110610991764646e-08,6.062986345414107e-08
7.144886363636364e-01,3.068181818181818e-01,-4.888226861830817e-08,6.133499695047917e-08
7.343750000000000e-01,3.068181818181818e-01,-4.665842731896988e-08,6.204013044681730e-08
7.542613636363636e-01,3.068181818181818e-01,-4.470652827846519e-08,6.256042944529945e-08
7.741477272727273e-01,3.068181818181818e-01,-4.375175085368370e-08,6.240300195164301e-08
7.940340909090909e-01,3.068181818181818e-01,-4.279697342890226e-08,6.224557445798659e-08
8.139204545454546e-01,3.068181818181818e-01,-4.184219600412077e-08,6.208814696433016e-08
8.338068181818181e-01,3.068181818181818e-01,-4.001972923486454e-08,6.173671449785909e-08
8.536931818181819e-01,3.068181818181818e-01,-3.796061991711527e-08,6.133237158425674e-08
8.735795454545454e-01,3.068181818181818e-01,-3.590151059936597e-08,6.092802867065439e-08
8.934659090909092e-01,3.068181818181818e-01,-3.485745431417217e-08,6.012140791877900e-08
9.133522727272727e-01,3.068181818181818e-01,-3.389147903148267e-08,5.928384271780568e-08
9.332386363636364e-01,3.068181818181818e-01,-3.292550374879311e-08,5.844627751683238e-08
9.531250000000000e-01,3.068181818181818e-01,-3.157935278337815e-08,5.760800515171803e-08
9.730113636363636e-01,3.068181818181818e-01,-2.985302613523781e-08,5.676902562246262e-08
9.928977272727273e-01,3.068181818181818e-01,-2.812669948709747e-08,5.593004609320719e-08
1.012784090909091e+00,3.068181818181818e-01,-2.692628531893391e-08,5.482902521242609e-08
1.032670454545455e+00,3.068181818181818e-01,-2.601804475075743e-08,5.358242580301956e-08
1.052556818181818e+00,3.068181818181818e-01,-2.510980418258090e-08,5.233582639361305e-08
1.072443181818182e+00,3.068181818181818e-01,-2.409082533861296e-08,5.111104982452903e-08
1.092329545454545e+00,3.068181818181818e-01,-2.266580615007624e-08,4.996629033662742e-08
1.112215909090909e+00,3.068181818181818e-01,-2.124078696153952e-08,4.882153084872581e-08
1.132102272727273e+00,3.068181818181818e-01,-2.001221430069539e-08,4.747614667245872e-08
1.151988636363636e+00,3.068181818181818e-01,-1.913724538969781e-08,4.576963805713372e-08
1.171875000000000e+00,3.068181818181818e-01,-1.826227647870022e-08,4.406312944180873e-08
1.191761363636364e+00,3.068181818181818e-01,-1.738730756770265e-08,4.235662082648371e-08
1.211647727272727e+00,3.068181818181818e-01,-1.618312859815151e-08,4.077176047097597e-08
1.231534090909091e+00,3.068181818181818e-01,-1.495362577794243e-08,3.919625767391573e-08
1.251420454545455e+00,3.068181818181818e-01,-1.374354717048625e-08,3.755788399053850e-08
1.271306818181818e+00,3.068181818181818e-01,-1.278598332881791e-08,3.510218878504113e-08
1.291193181818182e+00,3.068181818181818e-01,-1.182841948714961e-08,3.264649357954380e-08
1.311079545454545e+00,3.068181818181818e-01,-1.087085564548128e-08,3.019079837404641e-08
1.330965909090909e+00,3.068181818181818e-01,-9.790139853377719e-09,2.784014215098156e-08
1.350852272727273e+00,3.068181818181818e-01,-8.641006311032397e-09,2.554784091815704e-08
1.370738636363636e+00,3.068181818181818e-01,-7.491872768687023e-09,2.325553968533241e-08
1.390625000000000e+00,3.068181818181818e-01,-6.318677063904642e-09,1.979774063465215e-08
1.410511363636364e+00,3.068181818181818e-01,-5.138918951184877e-09,1.602207854273853e-08
1.430397727272727e+00,3.068181818181818e-01,-3.959160838465066e-09,1.224641645082476e-08
1.450284090909091e+00,3.068181818181818e-01,-2.800651795252072e-09,8.591804467770273e-09
1.470170454545455e+00,3.068181818181818e-01,-1.680391077151213e-09,5.155082680662072e-09
1.490056818181818e+00,3.068181818181818e-01,-5.601303590504045e-10,1.718360893554024e-09
6.349431818181818e-01,3.295454545454545e-01,-5.841811519117944e-08,5.650961182318747e-08
6.548295454545454e-01,3.295454545454545e-01,-5.767116790174197e-08,5.802587778683877e-08
6.747159090909091e-01,3.295454545454545e-01,-5.660774332446860e-08,5.936832965035153e-08
6.946022727272727e-01,3.295454545454545e-01,-5.438390202513036e-08,6.007346314668964e-08
7.144886363636364e-01,3.295454545454545e-01,-5.216006072579207e-08,6.077859664302777e-08
7.343750000000000e-01,3.295454545454545e-01,-4.993621942645378e-08,6.148373013936587e-08
7.542613636363636e-01,3.295454545454545e-01,-4.798432038594906e-08,6.200402913784802e-08
7.741477272727273e-01,3.295454545454545e-01,-4.702954296116758e-08,6.184660164419160e-08
7.940340909090909e-01,3.295454545454545e-01,-4.607476553638614e-08,6.168917415053517e-08
8.139204545454546e-01,3.295454545454545e-01,-4.409453706813454e-08,6.130246805264324e-08
8.338068181818181e-01,3.295454545454545e-01,-4.203542775038522e-08,6.089812513904089e-08
8.536931818181819e-01,3.295454545454545e-01,-3.997631843263596e-08,6.049378222543855e-08
8.735795454545454e-01,3.295454545454545e-01,-3.791720911488666e-08,6.008943931183619e-08
8.934659090909092e-01,3.295454545454545e-01,-3.687315282969284e-08,5.928281855996081e-08
9.133522727272727e-01,3.295454545454545e-01,-3.590717754700334e-08,5.844525335898750e-08
9.332386363636364e-01,3.295454545454545e-01,-3.445240495795255e-08,5.760677894697570e-08
9.531250000000000e-01,3.295454545454545e-01,-3.272607830981222e-08,5.676779941772029e-08
9.730113636363636e-01,3.295454545454545e-01,-3.099975166167187e-08,5.592881988846488e-08
9.928977272727273e-01,3.295454545454545e-01,-2.927342501353153e-08,5.508984035920946e-08
1.012784090909091e+00,3.295454545454545e-01,-2.807301084536797e-08,5.398881947842836e-08
1.032670454545455e+00,3.295454545454545e-01,-2.716477027719146e-08,5.274222006902183e-08
1.052556818181818e+00,3.295454545454545e-01,-2.607196591602917e-08,5.153199206015278e-08
1.072443181818182e+00,3.295454545454545e-01,-2.464694672749248e-08,5.038723257225119e-08
1.092329545454545e+00,3.295454545454545e-01,-2.322192753895577e-08,4.924247308434957e-08
1.112215909090909e+00,3.295454545454545e-01,-2.179690835041905e-08,4.809771359644797e-08
1.132102272727273e+00,3.295454545454545e-01,-2.056833568957492e-08,4.675232942018088e-08
1.151988636363636e+00,3.295454545454545e-01,-1.969336677857733e-08,4.504582080485590e-08
1.171875000000000e+00,3.295454545454545e-01,-1.879307401692178e-08,4.334866974797837e-08
1.191761363636364e+00,3.295454545454545e-01,-1.756357119671268e-08,4.177316695091808e-08
1.211647727272727e+00,3.295454545454545e-01,-1.633406837650358e-08,4.019766415385782e-08
1.231534090909091e+00,3.295454545454545e-01,-1.510456555629451e-08,3.862216135679757e-08
1.251420454545455e+00,3.295454545454545e-01,-1.389448694883832e-08,3.698378767342036e-08
1.271306818181818e+00,3.295454545454545e-01,-1.293692310716999e-08,3.452809246792298e-08
1.291193181818182e+00,3.295454545454545e-01,-1.197935926550168e-08,3.207239726242565e-08
1.311079545454545e+00,3.295454545454545e-01,-1.087127637330143e-08,2.974508303545696e-08
1.330965909090909e+00,3.295454545454545e-01,-9.722142830956058e-09,2.745278180263234e-08
1.350852272727273e+00,3.295454545454545e-01,-8.573009288610737e-09,2.516048056980781e-08
1.370738636363636e+00,3.295454545454545e-01,-7.423875746265363e-09,2.286817933698319e-08
1.390625000000000e+00,3.295454545454545e-01,-6.250680041482980e-09,1.941038028630293e-08
1.410511363636364e+00,3.295454545454545e-01,-5.070921928763217e-09,1.563471819438931e-08
1.430397727272727e+00,3.295454545454545e-01,-3.920912513352882e-09,1.202852625487832e-08
1.450284090909091e+00,3.295454545454545e-01,-2.800651795252072e-09,8.591804467770273e-09
1.470170454545455e+00,3.295454545454545e-01,-1.680391077151213e-09,5.155082680662072e-09
1.490056818181818e+00,3.295454545454545e-01,-5.601303590504045e-10,1.718360893554024e-09
6.349431818181818e-01,3.522727272727273e-01,-6.338378616712144e-08,5.688022004980826e-08
6.548295454545454e-01,3.522727272727273e-01,-6.210937673129081e-08,5.810679584656198e-08
6.747159090909091e-01,3.522727272727273e-01,-5.988553543195252e-08,5.881192934290011e-08
6.946022727272727e-01,3.522727272727273e-01,-5.766169413261428e-08,5.951706283923822e-08
7.144886363636364e-01,3.522727272727273e-01,-5.543785283327598e-08,6.022219633557634e-08
7.343750000000000e-01,3.522727272727273e-01,-5.321401153393769e-08,6.092732983191446e-08
7.542613636363636e-01,3.522727272727273e-01,-5.126211249343294e-08,6.144762883039661e-08
7.741477272727273e-01,3.522727272727273e-01,-5.022845421915379e-08,6.127256452102975e-08
7.940340909090909e-01,3.522727272727273e-01,-4.816934490140452e-08,6.086822160742740e-08
8.139204545454546e-01,3.522727272727273e-01,-4.611023558365523e-08,6.046387869382504e-08
8.338068181818181e-01,3.522727272727273e-01,-4.405112626590591e-08,6.005953578022270e-08
8.536931818181819e-01,3.522727272727273e-01,-4.199201694815665e-08,5.965519286662034e-08
8.735795454545454e-01,3.522727272727273e-01,-3.993290763040734e-08,5.925084995301800e-08
8.934659090909092e-01,3.522727272727273e-01,-3.888885134521351e-08,5.844422920114262e-08
9.133522727272727e-01,3.522727272727273e-01,-3.732545713252696e-08,5.760555274223338e-08
9.332386363636364e-01,3.522727272727273e-01,-3.559913048438661e-08,5.676657321297796e-08
9.531250000000000e-01,3.522727272727273e-01,-3.387280383624627e-08,5.592759368372255e-08
9.730113636363636e-01,3.522727272727273e-01,-3.214647718810593e-08,5.508861415446714e-08
9.928977272727273e-01,3.522727272727273e-01,-3.042015053996559e-08,5.424963462521172e-08
1.012784090909091e+00,3.522727272727273e-01,-2.921973637180203e-08,5.314861374443061e-08
1.032670454545455e+00,3.522727272727273e-01,-2.805310649344541e-08,5.195293429577654e-08
1.052556818181818e+00,3.522727272727273e-01,-2.662808730490870e-08,5.080817480787494e-08
1.072443181818182e+00,3.522727272727273e-01,-2.520306811637201e-08,4.966341531997335e-08
1.092329545454545e+00,3.522727272727273e-01,-2.377804892783529e-08,4.851865583207174e-08
1.112215909090909e+00,3.522727272727273e-01,-2.235302973929858e-08,4.737389634417012e-08
1.132102272727273e+00,3.522727272727273e-01,-2.112445707845444e-08,4.602851216790305e-08
1.151988636363636e+00,3.522727272727273e-01,-2.017351661548296e-08,4.435007622792049e-08
1.171875000000000e+00,3.522727272727273e-01,-1.894401379527386e-08,4.277457343086021e-08
1.191761363636364e+00,3.522727272727273e-01,-1.771451097506475e-08,4.119907063379993e-08
1.211647727272727e+00,3.522727272727273e-01,-1.648500815485565e-08,3.962356783673966e-08
1.231534090909091e+00,3.522727272727273e-01,-1.525550533464658e-08,3.804806503967942e-08
1.251420454545455e+00,3.522727272727273e-01,-1.404542672719039e-08,3.640969135630222e-08
1.271306818181818e+00,3.522727272727273e-01,-1.308786288552206e-08,3.395399615080482e-08
1.291193181818182e+00,3.522727272727273e-01,-1.195241289322509e-08,3.165002391993225e-08
1.311079545454545e+00,3.522727272727273e-01,-1.080327935087977e-08,2.935772268710772e-08
1.330965909090909e+00,3.522727272727273e-01,-9.654145808534395e-09,2.706542145428310e-08
1.350852272727273e+00,3.522727272727273e-01,-8.505012266189073e-09,2.477312022145858e-08
1.370738636363636e+00,3.522727272727273e-01,-7.355878723843700e-09,2.248081898863396e-08
1.390625000000000e+00,3.522727272727273e-01,-6.182683019061317e-09,1.902301993795370e-08
1.410511363636364e+00,3.522727272727273e-01,-5.041173231453741e-09,1.546524804198652e-08
1.430397727272727e+00,3.522727272727273e-01,-3.920912513352882e-09,1.202852625487832e-08
1.450284090909091e+00,3.522727272727273e-01,-2.800651795252072e-09,8.591804467770273e-09
1.470170454545455e+00,3.522727272727273e-01,-1.680391077151213e-09,5.155082680662072e-09
1.490056818181818e+00,3.522727272727273e-01,-5.601303590504045e-10,1.718360893554024e-09
6.349431818181818e-01,3.750000000000000e-01,-6.761101013811295e-08,5.684526204277245e-08
6.548295454545454e-01,3.750000000000000e-01,-6.538716883877464e-08,5.755039553911058e-08
6.747159090909091e-01,3.750000000000000e-01,-6.316332753943636e-08,5.825552903544869e-08
6.946022727272727e-01,3.750000000000000e-01,-6.093948624009811e-08,5.896066253178680e-08
7.144886363636364e-01,3.750000000000000e-01,-5.871564494075983e-08,5.966579602812492e-08
7.343750000000000e-01,3.750000000000000e-01,-5.649180364142154e-08,6.037092952446305e-08
7.542613636363636e-01,3.750000000000000e-01,-5.430326205242374e-08,6.083831807581392e-08
7.741477272727273e-01,3.750000000000000e-01,-5.224415273467443e-08,6.043397516221156e-08
7.940340909090909e-01,3.750000000000000e-01,-5.018504341692517e-08,6.002963224860922e-08
8.139204545454546e-01,3.750000000000000e-01,-4.812593409917587e-08,5.962528933500687e-08
8.338068181818181e-01,3.750000000000000e-01,-4.606682478142656e-08,5.922094642140452e-08
8.536931818181819e-01,3.750000000000000e-01,-4.400771546367730e-08,5.881660350780217e-08
8.735795454545454e-01,3.750000000000000e-01,-4.194860614592799e-08,5.841226059419982e-08
8.934659090909092e-01,3.750000000000000e-01,-4.019850930710129e-08,5.760432653749105e-08
9.133522727272727e-01,3.750000000000000e-01,-3.847218265896099e-08,5.676534700823566e-08
9.332386363636364e-01,3.750000000000000e-01,-3.674585601082065e-08,5.592636747898025e-08
9.531250000000000e-01,3.750000000000000e-01,-3.501952936268031e-08,5.508738794972483e-08
9.730113636363636e-01,3.750000000000000e-01,-3.329320271453996e-08,5.424840842046941e-08
9.928977272727273e-01,3.750000000000000e-01,-3.156687606639962e-08,5.340942889121400e-08
1.012784090909091e+00,3.750000000000000e-01,-3.003424707086164e-08,5.237387653140034e-08
1.032670454545455e+00,3.750000000000000e-01,-2.860922788232489e-08,5.122911704349876e-08
1.052556818181818e+00,3.750000000000000e-01,-2.718420869378821e-08,5.008435755559711e-08
1.072443181818182e+00,3.750000000000000e-01,-2.575918950525153e-08,4.893959806769552e-08
1.092329545454545e+00,3.750000000000000e-01,-2.433417031671481e-08,4.779483857979391e-08
1.112215909090909e+00,3.750000000000000e-01,-2.290915112817809e-08,4.665007909189229e-08
1.132102272727273e+00,3.750000000000000e-01,-2.155395921404413e-08,4.535148270786262e-08
1.151988636363636e+00,3.750000000000000e-01,-2.032445639383500e-08,4.377597991080237e-08
1.171875000000000e+00,3.750000000000000e-01,-1.909495357362592e-08,4.220047711374207e-08
1.191761363636364e+00,3.750000000000000e-01,-1.786545075341682e-08,4.062497431668179e-08
1.211647727272727e+00,3.750000000000000e-01,-1.663594793320772e-08,3.904947151962152e-08
1.231534090909091e+00,3.750000000000000e-01,-1.540644511299865e-08,3.747396872256128e-08
1.251420454545455e+00,3.750000000000000e-01,-1.418268295549408e-08,3.584726603723211e-08
1.271306818181818e+00,3.750000000000000e-01,-1.303354941314875e-08,3.355496480440755e-08
1.291193181818182e+00,3.750000000000000e-01,-1.188441587080343e-08,3.126266357158303e-08
1.311079545454545e+00,3.750000000000000e-01,-1.073528232845810e-08,2.897036233875846e-08
1.330965909090909e+00,3.750000000000000e-01,-9.586148786112734e-09,2.667806110593388e-08
1.350852272727273e+00,3.750000000000000e-01,-8.437015243767413e-09,2.438575987310936e-08
1.370738636363636e+00,3.750000000000000e-01,-7.287881701422039e-09,2.209345864028473e-08
1.390625000000000e+00,3.750000000000000e-01,-6.161433949554549e-09,1.890196982909457e-08
1.410511363636364e+00,3.750000000000000e-01,-5.041173231453741e-09,1.546524804198652e-08
1.430397727272727e+00,3.750000000000000e-01,-3.920912513352882e-09,1.202852625487832e-08
1.450284090909091e+00,3.750000000000000e-01,-2.800651795252072e-09,8.591804467770273e-09
1.470170454545455e+00,3.750000000000000e-01,-1.680391077151213e-09,5.155082680662072e-09
1.490056818181818e+00,3.750000000000000e-01,-5.601303590504045e-10,1.718360893554024e-09
6.349431818181818e-01,3.977272727272727e-01,-7.031729385461859e-08,5.499981765143656e-08
6.548295454545454e-01,3.977272727272727e-01,-6.809345255528026e-08,5.570495114777471e-08
6.747159090909091e-01,3.977272727272727e-01,-6.586961125594195e-08,5.641008464411285e-08
6.946022727272727e-01,3.977272727272727e-01,-6.364576995660375e-08,5.711521814045092e-08
7.144886363636364e-01,3.977272727272727e-01,-6.142192865726547e-08,5.782035163678903e-08
7.343750000000000e-01,3.977272727272727e-01,-5.883743350034833e-08,5.803120987114945e-08
7.542613636363636e-01,3.977272727272727e-01,-5.585545342467718e-08,5.741119284614922e-08
7.741477272727273e-01,3.977272727272727e-01,-5.379634410692788e-08,5.700684993254686e-08
7.940340909090909e-01,3.977272727272727e-01,-5.173723478917864e-08,5.660250701894445e-08
8.139204545454546e-01,3.977272727272727e-01,-4.967812547142933e-08,5.619816410534211e-08
8.338068181818181e-01,3.977272727272727e-01,-4.761901615367999e-08,5.579382119173982e-08
8.536931818181819e-01,3.977272727272727e-01,-4.550959130140073e-08,5.537134941591172e-08
8.735795454545454e-01,3.977272727272727e-01,-4.274606450023127e-08,5.471320243114866e-08
8.934659090909092e-01,3.977272727272727e-01,-4.094565212687455e-08,5.388713951221413e-08
9.133522727272727e-01,3.977272727272727e-01,-3.921932547873426e-08,5.304815998295866e-08
9.332386363636364e-01,3.977272727272727e-01,-3.749299883059392e-08,5.220918045370325e-08
9.531250000000000e-01,3.977272727272727e-01,-3.576667218245356e-08,5.137020092444791e-08
9.730113636363636e-01,3.977272727272727e-01,-3.404034553431322e-08,5.053122139519249e-08
9.928977272727273e-01,3.977272727272727e-01,-3.196386021611299e-08,4.987856290468958e-08
1.012784090909091e+00,3.977272727272727e-01,-3.027206818872962e-08,4.892770192612705e-08
1.032670454545455e+00,3.977272727272727e-01,-2.884704900019288e-08,4.778294243822541e-08
1.052556818181818e+00,3.977272727272727e-01,-2.742202981165619e-08,4.663818295032383e-08
1.072443181818182e+00,3.977272727272727e-01,-2.599701062311951e-08,4.549342346242217e-08
1.092329545454545e+00,3.977272727272727e-01,-2.457199143458283e-08,4.434866397452051e-08
1.112215909090909e+00,3.977272727272727e-01,-2.301324174438273e-08,4.343616132735480e-08
1.132102272727273e+00,3.977272727272727e-01,-2.148611061382446e-08,4.243618088141392e-08
1.151988636363636e+00,3.977272727272727e-01,-2.025660779361533e-08,4.086067808435367e-08
1.171875000000000e+00,3.977272727272727e-01,-1.902710497340626e-08,3.928517528729343e-08
1.191761363636364e+00,3.977272727272727e-01,-1.779760215319718e-08,3.770967249023307e-08
1.211647727272727e+00,3.977272727272727e-01,-1.656809933298805e-08,3.613416969317288e-08
1.231534090909091e+00,3.977272727272727e-01,-1.530982671630085e-08,3.469066640367139e-08
1.251420454545455e+00,3.977272727272727e-01,-1.396139544072438e-08,3.363596158443014e-08
1.271306818181818e+00,3.977272727272727e-01,-1.281226189837905e-08,3.134366035160563e-08
1.291193181818182e+00,3.977272727272727e-01,-1.166312835603373e-08,2.905135911878110e-08
1.311079545454545e+00,3.977272727272727e-01,-1.051399481368840e-08,2.675905788595650e-08
1.330965909090909e+00,3.977272727272727e-01,-9.364861271343036e-09,2.446675665313196e-08
1.350852272727273e+00,3.977272727272727e-01,-8.215727728997710e-09,2.217445542030739e-08
1.370738636363636e+00,3.977272727272727e-01,-7.073303873256097e-09,2.062973963190159e-08
1.390625000000000e+00,3.977272727272727e-01,-5.948404510604859e-09,1.761077053865421e-08
1.410511363636364e+00,3.977272727272727e-01,-4.828143792504041e-09,1.417404875154611e-08
1.430397727272727e+00,3.977272727272727e-01,-3.707883074403190e-09,1.073732696443796e-08
1.450284090909091e+00,3.977272727272727e-01,-2.587622356302381e-09,7.300605177329908e-09
1.470170454545455e+00,3.977272727272727e-01,-1.467361638201522e-09,3.863883390221706e-09
1.490056818181818e+00,3.977272727272727e-01,-4.669299795099152e-10,1.153461203986367e-09
6.349431818181818e-01,4.204545454545455e-01,-7.302357757112420e-08,5.315437326010070e-08
6.548295454545454e-01,4.204545454545455e-01,-7.079973627178588e-08,5.385950675643884e-08
6.747159090909091e-01,4.204545454545455e-01,-6.857589497244759e-08,5.456464025277696e-08
6.946022727272727e-01,4.204545454545455e-01,-6.635205367310936e-08,5.526977374911505e-08
7.144886363636364e-01,4.204545454545455e-01,-6.362329697316073e-08,5.528292187868433e-08
7.343750000000000e-01,4.204545454545455e-01,-6.038962487260179e-08,5.460408464148468e-08
7.542613636363636e-01,4.204545454545455e-01,-5.740764479693063e-08,5.398406761648446e-08
7.741477272727273e-01,4.204545454545455e-01,-5.534853547918130e-08,5.357972470288217e-08
7.940340909090909e-01,4.204545454545455e-01,-5.328942616143210e-08,5.317538178927969e-08
8.139204545454546e-01,4.204545454545455e-01,-5.123031684368276e-08,5.277103887567741e-08
8.338068181818181e-01,4.204545454545455e-01,-4.902026092234342e-08,5.231230937539776e-08
8.536931818181819e-01,4.204545454545455e-01,-4.625673412117400e-08,5.165416239063473e-08
8.735795454545454e-01,4.204545454545455e-01,-4.349320732000453e-08,5.099601540587167e-08
8.934659090909092e-01,4.204545454545455e-01,-4.169279494664782e-08,5.016995248693714e-08
9.133522727272727e-01,4.204545454545455e-01,-3.996646829850753e-08,4.933097295768167e-08
9.332386363636364e-01,4.204545454545455e-01,-3.824014165036717e-08,4.849199342842632e-08
9.531250000000000e-01,4.204545454545455e-01,-3.651381500222683e-08,4.765301389917091e-08
9.730113636363636e-01,4.204545454545455e-01,-3.437366447128844e-08,4.703423196116845e-08
9.928977272727273e-01,4.204545454545455e-01,-3.220168133398098e-08,4.643238829941623e-08
1.012784090909091e+00,4.204545454545455e-01,-3.050988930659761e-08,4.548152732085369e-08
1.032670454545455e+00,4.204545454545455e-01,-2.908487011806086e-08,4.433676783295212e-08
1.052556818181818e+00,4.204545454545455e-01,-2.765985092952417e-08,4.319200834505054e-08
1.072443181818182e+00,4.204545454545455e-01,-2.623483174098749e-08,4.204724885714882e-08
1.092329545454545e+00,4.204545454545455e-01,-2.463787333602650e-08,4.120110530733609e-08
1.112215909090909e+00,4.204545454545455e-01,-2.294539314416306e-08,4.052085950090604e-08
1.132102272727273e+00,4.204545454545455e-01,-2.141826201360479e-08,3.952087905496522e-08
1.151988636363636e+00,4.204545454545455e-01,-2.018875919339566e-08,3.794537625790502e-08
1.171875000000000e+00,4.204545454545455e-01,-1.895925637318659e-08,3.636987346084473e-08
1.191761363636364e+00,4.204545454545455e-01,-1.772975355297751e-08,3.479437066378443e-08
1.211647727272727e+00,4.204545454545455e-01,-1.645230107197149e-08,3.343886704598874e-08
1.231534090909091e+00,4.204545454545455e-01,-1.508853920153114e-08,3.247936195086937e-08
1.251420454545455e+00,4.204545454545455e-01,-1.374010792595468e-08,3.142465713162822e-08
1.271306818181818e+00,4.204545454545455e-01,-1.259097438360935e-08,2.913235589880366e-08
1.291193181818182e+00,4.204545454545455e-01,-1.144184084126403e-08,2.684005466597914e-08
1.311079545454545e+00,4.204545454545455e-01,-1.029270729891870e-08,2.454775343315457e-08
1.330965909090909e+00,4.204545454545455e-01,-9.144089886312078e-09,2.231295877297757e-08
1.350852272727273e+00,4.204545454545455e-01,-8.002182160309265e-09,2.082574955721940e-08
1.370738636363636e+00,4.204545454545455e-01,-6.860274434306397e-09,1.933854034146117e-08
1.390625000000000e+00,4.204545454545455e-01,-5.735375071655168e-09,1.631957124821384e-08
1.410511363636364e+00,4.204545454545455e-01,-4.615114353554350e-09,1.288284946110574e-08
1.430397727272727e+00,4.204545454545455e-01,-3.494853635453499e-09,9.446127673997591e-09
1.450284090909091e+00,4.204545454545455e-01,-2.374592917352682e-09,6.009405886889492e-09
1.470170454545455e+00,4.204545454545455e-01,-1.400789938529746e-09,3.460383611959102e-09
1.490056818181818e+00,4.204545454545455e-01,-4.669299795099152e-10,1.153461203986367e-09
6.349431818181818e-01,4.431818181818182e-01,-7.572986128762981e-08,5.130892886876484e-08
6.548295454545454e-01,4.431818181818182e-01,-7.350601998829148e-08,5.201406236510298e-08
6.747159090909091e-01,4.431818181818182e-01,-7.128217868895320e-08,5.271919586144110e-08
6.946022727272727e-01,4.431818181818182e-01,-6.840916044597314e-08,5.253463388621921e-08
7.144886363636364e-01,4.431818181818182e-01,-6.517548834541420e-08,5.185579664901957e-08
7.343750000000000e-01,4.431818181818182e-01,-6.194181624485525e-08,5.117695941181992e-08
7.542613636363636e-01,4.431818181818182e-01,-5.895983616918407e-08,5.055694238681976e-08
7.741477272727273e-01,4.431818181818182e-01,-5.690072685143475e-08,5.015259947321741e-08
7.940340909090909e-01,4.431818181818182e-01,-5.484161753368553e-08,4.974825655961499e-08
8.139204545454546e-01,4.431818181818182e-01,-5.253093054328615e-08,4.925326933488382e-08
8.338068181818181e-01,4.431818181818182e-01,-4.976740374211668e-08,4.859512235012078e-08
8.536931818181819e-01,4.431818181818182e-01,-4.700387694094727e-08,4.793697536535773e-08
8.735795454545454e-01,4.431818181818182e-01,-4.424035013977780e-08,4.727882838059467e-08
8.934659090909092e-01,4.431818181818182e-01,-4.243993776642108e-08,4.645276546166015e-08
9.133522727272727e-01,4.431818181818182e-01,-4.071361111828079e-08,4.561378593240474e-08
9.332386363636364e-01,4.431818181818182e-01,-3.895545186377136e-08,4.479174467939956e-08
9.531250000000000e-01,4.431818181818182e-01,-3.678346872646389e-08,4.418990101764733e-08
9.730113636363636e-01,4.431818181818182e-01,-3.461148558915643e-08,4.358805735589510e-08
9.928977272727273e-01,4.431818181818182e-01,-3.243950245184897e-08,4.298621369414287e-08
1.012784090909091e+00,4.431818181818182e-01,-3.074771042446559e-08,4.203535271558034e-08
1.032670454545455e+00,4.431818181818182e-01,-2.932269123592883e-08,4.089059322767883e-08
1.052556818181818e+00,4.431818181818182e-01,-2.789767204739215e-08,3.974583373977718e-08
1.072443181818182e+00,4.431818181818182e-01,-2.626250492767021e-08,3.896604928731748e-08
1.092329545454545e+00,4.431818181818182e-01,-2.457002473580684e-08,3.828580348088745e-08
1.112215909090909e+00,4.431818181818182e-01,-2.287754454394339e-08,3.760555767445740e-08
1.132102272727273e+00,4.431818181818182e-01,-2.135041341338512e-08,3.660557722851658e-08
1.151988636363636e+00,4.431818181818182e-01,-2.012091059317599e-08,3.503007443145638e-08
1.171875000000000e+00,4.431818181818182e-01,-1.889140777296692e-08,3.345457163439603e-08
1.191761363636364e+00,4.431818181818182e-01,-1.759477542764221e-08,3.218706768830623e-08
1.211647727272727e+00,4.431818181818182e-01,-1.623101355720179e-08,3.122756259318682e-08
1.231534090909091e+00,4.431818181818182e-01,-1.486725168676145e-08,3.026805749806745e-08
1.251420454545455e+00,4.431818181818182e-01,-1.351882041118498e-08,2.921335267882630e-08
1.271306818181818e+00,4.431818181818182e-01,-1.236968686883965e-08,2.692105144600169e-08
1.291193181818182e+00,4.431818181818182e-01,-1.122055332649432e-08,2.462875021317717e-08
1.311079545454545e+00,4.431818181818182e-01,-1.007296817336525e-08,2.250896869829543e-08
1.330965909090909e+00,4.431818181818182e-01,-8.931060447362387e-09,2.102175948253720e-08
1.350852272727273e+00,4.431818181818182e-01,-7.789152721359572e-09,1.953455026677904e-08
1.370738636363636e+00,4.431818181818182e-01,-6.647244995356706e-09,1.804734105102081e-08
1.390625000000000e+00,4.431818181818182e-01,-5.522345632705468e-09,1.502837195777343e-08
1.410511363636364e+00,4.431818181818182e-01,-4.402084914604659e-09,1.159165017066538e-08
1.430397727272727e+00,4.431818181818182e-01,-3.281824196503808e-09,8.154928383557226e-09
1.450284090909091e+00,4.431818181818182e-01,-2.334649897549618e-09,5.767306019931940e-09
1.470170454545455e+00,4.431818181818182e-01,-1.400789938529746e-09,3.460383611959102e-09
1.490056818181818e+00,4.431818181818182e-01,-4.669299795099152e-10,1.153461203986367e-09
6.349431818181818e-01,4.659090909090909e-01,-7.843614500413542e-08,4.946348447742898e-08
6.548295454545454e-01,4.659090909090909e-01,-7.621230370479711e-08,5.016861797376711e-08
6.747159090909091e-01,4.659090909090909e-01,-7.319502391878544e-08,4.978634589375414e-08
6.946022727272727e-01,4.659090909090909e-01,-6.996135181822658e-08,4.910750865655451e-08
7.144886363636364e-01,4.659090909090909e-01,-6.672767971766763e-08,4.842867141935487e-08
7.343750000000000e-01,4.659090909090909e-01,-6.349400761710868e-08,4.774983418215522e-08
7.542613636363636e-01,4.659090909090909e-01,-6.051202754143753e-08,4.712981715715500e-08
7.741477272727273e-01,4.659090909090909e-01,-5.845291822368821e-08,4.672547424355264e-08
7.940340909090909e-01,4.659090909090909e-01,-5.604160016422888e-08,4.619422929436996e-08
8.139204545454546e-01,4.659090909090909e-01,-5.327807336305940e-08,4.553608230960690e-08
8.338068181818181e-01,4.659090909090909e-01,-5.051454656188993e-08,4.487793532484385e-08
8.536931818181819e-01,4.659090909090909e-01,-4.775101976072053e-08,4.421978834008081e-08
8.735795454545454e-01,4.659090909090909e-01,-4.498749295955105e-08,4.356164135531776e-08
8.934659090909092e-01,4.659090909090909e-01,-4.318708058619434e-08,4.273557843638322e-08
9.133522727272727e-01,4.659090909090909e-01,-4.136525611894681e-08,4.194741373587850e-08
9.332386363636364e-01,4.659090909090909e-01,-3.919327298163934e-08,4.134557007412628e-08
9.531250000000000e-01,4.659090909090909e-01,-3.702128984433187e-08,4.074372641237404e-08
9.730113636363636e-01,4.659090909090909e-01,-3.484930670702440e-08,4.014188275062182e-08
9.928977272727273e-01,4.659090909090909e-01,-3.267732356971694e-08,3.954003908886958e-08
1.012784090909091e+00,4.659090909090909e-01,-3.098553154233357e-08,3.858917811030706e-08
1.032670454545455e+00,4.659090909090909e-01,-2.956051235379682e-08,3.744441862240548e-08
1.052556818181818e+00,4.659090909090909e-01,-2.788713651931392e-08,3.673099326729886e-08
1.072443181818182e+00,4.659090909090909e-01,-2.619465632745055e-08,3.605074746086883e-08
1.092329545454545e+00,4.659090909090909e-01,-2.450217613558717e-08,3.537050165443881e-08
1.112215909090909e+00,4.659090909090909e-01,-2.280969594372372e-08,3.469025584800875e-08
1.132102272727273e+00,4.659090909090909e-01,-2.128256481316545e-08,3.369027540206794e-08
1.151988636363636e+00,4.659090909090909e-01,-2.005306199295633e-08,3.211477260500768e-08
1.171875000000000e+00,4.659090909090909e-01,-1.873724978331286e-08,3.093526833062367e-08
1.191761363636364e+00,4.659090909090909e-01,-1.737348791287251e-08,2.997576323550430e-08
1.211647727272727e+00,4.659090909090909e-01,-1.600972604243210e-08,2.901625814038490e-08
1.231534090909091e+00,4.659090909090909e-01,-1.464596417199174e-08,2.805675304526553e-08
1.251420454545455e+00,4.659090909090909e-01,-1.329753289641527e-08,2.700204822602434e-08
1.271306818181818e+00,4.659090909090909e-01,-1.214839935406995e-08,2.470974699319977e-08
1.291193181818182e+00,4.659090909090909e-01,-1.100184646041838e-08,2.270497862361323e-08
1.311079545454545e+00,4.659090909090909e-01,-9.859938734415563e-09,2.121776940785507e-08
1.330965909090909e+00,4.659090909090909e-01,-8.718031008412695e-09,1.973056019209684e-08
1.350852272727273e+00,4.659090909090909e-01,-7.576123282409881e-09,1.824335097633867e-08
1.370738636363636e+00,4.659090909090909e-01,-6.434215556407016e-09,1.675614176058044e-08
1.390625000000000e+00,4.659090909090909e-01,-5.309316193755777e-09,1.373717266733306e-08
1.410511363636364e+00,4.659090909090909e-01,-4.202369815589320e-09,1.038115083587751e-08
1.430397727272727e+00,4.659090909090909e-01,-3.268509856569448e-09,8.074228427904673e-09
1.450284090909091e+00,4.659090909090909e-01,-2.334649897549618e-09,5.767306019931940e-09
1.470170454545455e+00,4.659090909090909e-01,-1.400789938529746e-09,3.460383611959102e-09
1.490056818181818e+00,4.659090909090909e-01,-4.669299795099152e-10,1.153461203986367e-09
6.349431818181818e-01,4.886363636363636e-01,-8.114242872064104e-08,4.761804008609311e-08
6.548295454545454e-01,4.886363636363636e-01,-7.798088739159784e-08,4.703805790128902e-08
6.747159090909091e-01,4.886363636363636e-01,-7.474721529103891e-08,4.635922066408938e-08
6.946022727272727e-01,4.886363636363636e-01,-7.151354319048004e-08,4.568038342688975e-08
7.144886363636364e-01,4.886363636363636e-01,-6.827987108992108e-08,4.500154618969011e-08
7.343750000000000e-01,4.886363636363636e-01,-6.504619898936215e-08,4.432270895249046e-08
7.542613636363636e-01,4.886363636363636e-01,-6.206421891369099e-08,4.370269192749023e-08
7.741477272727273e-01,4.886363636363636e-01,-5.955226978517156e-08,4.313518925385600e-08
7.940340909090909e-01,4.886363636363636e-01,-5.678874298400214e-08,4.247704226909296e-08
8.139204545454546e-01,4.886363636363636e-01,-5.402521618283267e-08,4.181889528432990e-08
8.338068181818181e-01,4.886363636363636e-01,-5.126168938166320e-08,4.116074829956685e-08
8.536931818181819e-01,4.886363636363636e-01,-4.849816258049379e-08,4.050260131480382e-08
8.735795454545454e-01,4.886363636363636e-01,-4.573463577932432e-08,3.984445433004076e-08
8.934659090909092e-01,4.886363636363636e-01,-4.377506037412221e-08,3.910308279235737e-08
9.133522727272727e-01,4.886363636363636e-01,-4.160307723681479e-08,3.850123913060515e-08
9.332386363636364e-01,4.886363636363636e-01,-3.943109409950733e-08,3.789939546885292e-08
9.531250000000000e-01,4.886363636363636e-01,-3.725911096219985e-08,3.729755180710070e-08
9.730113636363636e-01,4.886363636363636e-01,-3.508712782489239e-08,3.669570814534846e-08
9.928977272727273e-01,4.886363636363636e-01,-3.291514468758493e-08,3.609386448359623e-08
1.012784090909091e+00,4.886363636363636e-01,-3.120424830282108e-08,3.517618305371030e-08
1.032670454545455e+00,4.886363636363636e-01,-2.951176811095763e-08,3.449593724728025e-08
1.052556818181818e+00,4.886363636363636e-01,-2.781928791909425e-08,3.381569144085022e-08
1.072443181818182e+00,4.886363636363636e-01,-2.612680772723088e-08,3.313544563442019e-08
1.092329545454545e+00,4.886363636363636e-01,-2.443432753536751e-08,3.245519982799017e-08
1.112215909090909e+00,4.886363636363636e-01,-2.274184734350405e-08,3.177495402156011e-08
1.132102272727273e+00,4.886363636363636e-01,-2.121471621294578e-08,3.077497357561924e-08
1.151988636363636e+00,4.886363636363636e-01,-1.987972413898351e-08,2.968346897294111e-08
1.171875000000000e+00,4.886363636363636e-01,-1.851596226854316e-08,2.872396387782175e-08
1.191761363636364e+00,4.886363636363636e-01,-1.715220039810281e-08,2.776445878270238e-08
1.211647727272727e+00,4.886363636363636e-01,-1.578843852766239e-08,2.680495368758297e-08
1.231534090909091e+00,4.886363636363636e-01,-1.442467665722205e-08,2.584544859246361e-08
1.251420454545455e+00,4.886363636363636e-01,-1.307624538164557e-08,2.479074377322237e-08
1.271306818181818e+00,4.886363636363636e-01,-1.193072474747150e-08,2.290098854893103e-08
1.291193181818182e+00,4.886363636363636e-01,-1.078881702146869e-08,2.141377933317287e-08
1.311079545454545e+00,4.886363636363636e-01,-9.646909295465872e-09,1.992657011741470e-08
1.330965909090909e+00,4.886363636363636e-01,-8.505001569463006e-09,1.843936090165647e-08
1.350852272727273e+00,4.886363636363636e-01,-7.363093843460190e-09,1.695215168589831e-08
1.370738636363636e+00,4.886363636363636e-01,-6.221186117457324e-09,1.546494247014008e-08
1.390625000000000e+00,4.886363636363636e-01,-5.136229774609150e-09,1.268807324385025e-08
1.410511363636364e+00,4.886363636363636e-01,-4.202369815589320e-09,1.038115083587751e-08
1.430397727272727e+00,4.886363636363636e-01,-3.268509856569448e-09,8.074228427904673e-09
1.450284090909091e+00,4.886363636363636e-01,-2.334649897549618e-09,5.767306019931940e-09
1.470170454545455e+00,4.886363636363636e-01,-1.400789938529746e-09,3.460383611959102e-09
1.490056818181818e+00,4.886363636363636e-01,-4.669299795099152e-10,1.153461203986367e-09
6.349431818181818e-01,5.113636363636364e-01,-8.167536876408712e-08,4.440730570380010e-08
6.548295454545454e-01,5.113636363636364e-01,-7.844169666352820e-08,4.372846846660052e-08
6.747159090909091e-01,5.113636363636364e-01,-7.520802456296925e-08,4.304963122940088e-08
6.946022727272727e-01,5.113636363636364e-01,-7.197435246241036e-08,4.237079399220119e-08
7.144886363636364e-01,5.113636363636364e-01,-6.874068036185143e-08,4.169195675500160e-08
7.343750000000000e-01,5.113636363636364e-01,-6.550700826129248e-08,4.101311951780195e-08
7.542613636363636e-01,5.113636363636364e-01,-6.226258509673292e-08,3.953442327731619e-08
7.741477272727273e-01,5.113636363636364e-01,-5.949905829556345e-08,3.887627629255313e-08
7.940340909090909e-01,5.113636363636364e-01,-5.673553149439403e-08,3.821812930779000e-08
8.139204545454546e-01,5.113636363636364e-01,-5.397200469322457e-08,3.755998232302704e-08
8.338068181818181e-01,5.113636363636364e-01,-5.120847789205509e-08,3.690183533826399e-08
8.536931818181819e-01,5.113636363636364e-01,-4.844495109088567e-08,3.624368835350087e-08
8.735795454545454e-01,5.113636363636364e-01,-4.568554217022663e-08,3.552028567047296e-08
8.934659090909092e-01,5.113636363636364e-01,-4.347189418271618e-08,3.490509810018220e-08
9.133522727272727e-01,5.113636363636364e-01,-4.129991104540874e-08,3.430325443842988e-08
9.332386363636364e-01,5.113636363636364e-01,-3.912792790810126e-08,3.370141077667783e-08
9.531250000000000e-01,5.113636363636364e-01,-3.695594477079383e-08,3.309956711492552e-08
9.730113636363636e-01,5.113636363636364e-01,-3.478396163348639e-08,3.249772345317320e-08
9.928977272727273e-01,5.113636363636364e-01,-3.263020076013493e-08,3.197846593791035e-08
1.012784090909091e+00,5.113636363636364e-01,-3.079683995625403e-08,3.146386447491917e-08
1.032670454545455e+00,5.113636363636364e-01,-2.910435976439059e-08,3.078361866848912e-08
1.052556818181818e+00,5.113636363636364e-01,-2.741187957252718e-08,3.010337286205891e-08
1.072443181818182e+00,5.113636363636364e-01,-2.571939938066380e-08,2.942312705562888e-08
1.092329545454545e+00,5.113636363636364e-01,-2.402691918880043e-08,2.874288124919886e-08
1.112215909090909e+00,5.113636363636364e-01,-2.233443899693701e-08,2.806263544276898e-08
1.132102272727273e+00,5.113636363636364e-01,-2.081631286576538e-08,2.764041056543015e-08
1.151988636363636e+00,5.113636363636364e-01,-1.945255099532499e-08,2.668090547031089e-08
1.171875000000000e+00,5.113636363636364e-01,-1.808878912488462e-08,2.572140037519138e-08
1.191761363636364e+00,5.113636363636364e-01,-1.672502725444427e-08,2.476189528007202e-08
1.211647727272727e+00,5.113636363636364e-01,-1.536126538400388e-08,2.380239018495276e-08
1.231534090909091e+00,5.113636363636364e-01,-1.399750351356353e-08,2.284288508983339e-08
1.251420454545455e+00,5.113636363636364e-01,-1.271740484263118e-08,2.231389926071996e-08
1.271306818181818e+00,5.113636363636364e-01,-1.157549711662835e-08,2.082669004496168e-08
1.291193181818182e+00,5.113636363636364e-01,-1.043358939062553e-08,1.933948082920352e-08
1.311079545454545e+00,5.113636363636364e-01,-9.291681664622717e-09,1.785227161344535e-08
1.330965909090909e+00,5.113636363636364e-01,-8.149773938619871e-09,1.636506239768724e-08
1.350852272727273e+00,5.113636363636364e-01,-7.007866212617036e-09,1.487785318192896e-08
1.370738636363636e+00,5.113636363636364e-01,-5.927623102728216e-09,1.377159846395214e-08
1.390625000000000e+00,5.113636363636364e-01,-4.986180249023313e-09,1.186890158155132e-08
1.410511363636364e+00,5.113636363636364e-01,-4.052320290003483e-09,9.561979173578590e-09
1.430397727272727e+00,5.113636363636364e-01,-3.118460330983622e-09,7.255056765605816e-09
1.450284090909091e+00,5.113636363636364e-01,-2.184600371963792e-09,4.948134357633082e-09
1.470170454545455e+00,5.113636363636364e-01,-1.250740412943919e-09,2.641211949660244e-09
1.490056818181818e+00,5.113636363636364e-01,-3.356366446223128e-10,4.366859994748426e-10
6.349431818181818e-01,5.340909090909091e-01,-8.104479593569438e-08,4.121525206408781e-08
6.548295454545454e-01,5.340909090909091e-01,-7.781112383513545e-08,4.053641482688816e-08
6.747159090909091e-01,5.340909090909091e-01,-7.457745173457649e-08,3.985757758968852e-08
6.946022727272727e-01,5.340909090909091e-01,-7.134377963401762e-08,3.917874035248889e-08
7.144886363636364e-01,5.340909090909091e-01,-6.811010753345867e-08,3.849990311528924e-08
7.343750000000000e-01,5.340909090909091e-01,-6.469525364428988e-08,3.651409035627616e-08
7.542613636363636e-01,5.340909090909091e-01,-6.140901929774344e-08,3.473378437998739e-08
7.741477272727273e-01,5.340909090909091e-01,-5.864549249657397e-08,3.407563739522434e-08
7.940340909090909e-01,5.340909090909091e-01,-5.588196569540454e-08,3.341749041046120e-08
8.139204545454546e-01,5.340909090909091e-01,-5.311843889423507e-08,3.275934342569815e-08
8.338068181818181e-01,5.340909090909091e-01,-5.035491209306562e-08,3.210119644093519e-08
8.536931818181819e-01,5.340909090909091e-01,-4.759667970969524e-08,3.135914927268866e-08
8.735795454545454e-01,5.340909090909091e-01,-4.484138866954659e-08,3.057049089139589e-08
8.934659090909092e-01,5.340909090909091e-01,-4.262774068203612e-08,2.995530332110504e-08
9.133522727272727e-01,5.340909090909091e-01,-4.045575754472870e-08,2.935345965935282e-08
9.332386363636364e-01,5.340909090909091e-01,-3.828377440742119e-08,2.875161599760067e-08
9.531250000000000e-01,5.340909090909091e-01,-3.611179127011377e-08,2.814977233584836e-08
9.730113636363636e-01,5.340909090909091e-01,-3.397017857273310e-08,2.768557225157844e-08
9.928977272727273e-01,5.340909090909091e-01,-3.188323266722048e-08,2.746913060677668e-08
1.012784090909091e+00,5.340909090909091e-01,-3.004987186333955e-08,2.695452914378531e-08
1.032670454545455e+00,5.340909090909091e-01,-2.835739167147613e-08,2.627428333735543e-08
1.052556818181818e+00,5.340909090909091e-01,-2.666491147961276e-08,2.559403753092540e-08
1.072443181818182e+00,5.340909090909091e-01,-2.497243128774936e-08,2.491379172449520e-08
1.092329545454545e+00,5.340909090909091e-01,-2.328707042840893e-08,2.427826546673236e-08
1.112215909090909e+00,5.340909090909091e-01,-2.169426089186669e-08,2.422409334164305e-08
1.132102272727273e+00,5.340909090909091e-01,-2.018325409321803e-08,2.384658801297158e-08
1.151988636363636e+00,5.340909090909091e-01,-1.881949222277765e-08,2.288708291785232e-08
1.171875000000000e+00,5.340909090909091e-01,-1.745573035233727e-08,2.192757782273281e-08
1.191761363636364e+00,5.340909090909091e-01,-1.609196848189690e-08,2.096807272761329e-08
1.211647727272727e+00,5.340909090909091e-01,-1.472820661145651e-08,2.000856763249404e-08
1.231534090909091e+00,5.340909090909091e-01,-1.345769239401106e-08,1.969285461140995e-08
1.251420454545455e+00,5.340909090909091e-01,-1.221997901989459e-08,1.945650154322178e-08
1.271306818181818e+00,5.340909090909091e-01,-1.107807129389176e-08,1.796929232746351e-08
1.291193181818182e+00,5.340909090909091e-01,-9.936163567888944e-09,1.648208311170535e-08
1.311079545454545e+00,5.340909090909091e-01,-8.794255841886108e-09,1.499487389594707e-08
1.330965909090909e+00,5.340909090909091e-01,-7.652348115883262e-09,1.350766468018895e-08
1.350852272727273e+00,5.340909090909091e-01,-6.596770852440102e-09,1.255379176132471e-08
1.370738636363636e+00,5.340909090909091e-01,-5.627524051556552e-09,1.213325513935436e-08
1.390625000000000e+00,5.340909090909091e-01,-4.686081197851648e-09,1.023055825695354e-08
1.410511363636364e+00,5.340909090909091e-01,-3.752221238831806e-09,7.923635848980746e-09
1.430397727272727e+00,5.340909090909091e-01,-2.818361279811946e-09,5.616713441007971e-09
1.450284090909091e+00,5.340909090909091e-01,-1.884501320792115e-09,3.309791033035238e-09
1.470170454545455e+00,5.340909090909091e-01,-1.006909933866938e-09,1.310057998424528e-09
1.490056818181818e+00,5.340909090909091e-01,-3.356366446223128e-10,4.366859994748426e-10
6.349431818181818e-01,5.568181818181818e-01,-8.041422310730164e-08,3.802319842437550e-08
6.548295454545454e-01,5.568181818181818e-01,-7.718055100674269e-08,3.734436118717586e-08
6.747159090909091e-01,5.568181818181818e-01,-7.394687890618375e-08,3.666552394997621e-08
6.946022727272727e-01,5.568181818181818e-01,-7.069926974496259e-08,3.588615013417558e-08
7.144886363636364e-01,5.568181818181818e-01,-6.727047879513150e-08,3.379980079656147e-08
7.343750000000000e-01,5.568181818181818e-01,-6.384168784530041e-08,3.171345145894737e-08
7.542613636363636e-01,5.568181818181818e-01,-6.055545349875395e-08,2.993314548265849e-08
7.741477272727273e-01,5.568181818181818e-01,-5.779192669758448e-08,2.927499849789544e-08
7.940340909090909e-01,5.568181818181818e-01,-5.502839989641506e-08,2.861685151313240e-08
8.139204545454546e-01,5.568181818181818e-01,-5.226487309524559e-08,2.795870452836935e-08
8.338068181818181e-01,5.568181818181818e-01,-4.950781724916386e-08,2.719801287490436e-08
8.536931818181819e-01,5.568181818181818e-01,-4.675252620901520e-08,2.640935449361160e-08
8.735795454545454e-01,5.568181818181818e-01,-4.399723516886654e-08,2.562069611231883e-08
8.934659090909092e-01,5.568181818181818e-01,-4.178358718135606e-08,2.500550854202797e-08
9.133522727272727e-01,5.568181818181818e-01,-3.961160404404863e-08,2.440366488027566e-08
9.332386363636364e-01,5.568181818181818e-01,-3.743962090674113e-08,2.380182121852351e-08
9.531250000000000e-01,5.568181818181818e-01,-3.531015638533117e-08,2.339267856524652e-08
9.730113636363636e-01,5.568181818181818e-01,-3.322321047981865e-08,2.317623692044476e-08
9.928977272727273e-01,5.568181818181818e-01,-3.113626457430603e-08,2.295979527564299e-08
1.012784090909091e+00,5.568181818181818e-01,-2.930290377042511e-08,2.244519381265163e-08
1.032670454545455e+00,5.568181818181818e-01,-2.761042357856166e-08,2.176494800622157e-08
1.052556818181818e+00,5.568181818181818e-01,-2.591794338669828e-08,2.108470219979155e-08
1.072443181818182e+00,5.568181818181818e-01,-2.424682119240374e-08,2.053861503936310e-08
1.092329545454545e+00,5.568181818181818e-01,-2.265401165586158e-08,2.048444291427379e-08
1.112215909090909e+00,5.568181818181818e-01,-2.106120211931934e-08,2.043027078918447e-08
1.132102272727273e+00,5.568181818181818e-01,-1.955019532067066e-08,2.005276546051286e-08
1.151988636363636e+00,5.568181818181818e-01,-1.818643345023028e-08,1.909326036539360e-08
1.171875000000000e+00,5.568181818181818e-01,-1.682267157978992e-08,1.813375527027423e-08
1.191761363636364e+00,5.568181818181818e-01,-1.545890970934957e-08,1.717425017515487e-08
1.211647727272727e+00,5.568181818181818e-01,-1.420534961063041e-08,1.697559025844080e-08
1.231534090909091e+00,5.568181818181818e-01,-1.296026657127447e-08,1.683545689391179e-08
1.251420454545455e+00,5.568181818181818e-01,-1.172255319715798e-08,1.659910382572350e-08
1.271306818181818e+00,5.568181818181818e-01,-1.058064547115517e-08,1.511189460996534e-08
1.291193181818182e+00,5.568181818181818e-01,-9.438737745152355e-09,1.362468539420717e-08
1.311079545454545e+00,5.568181818181818e-01,-8.296830019149541e-09,1.213747617844901e-08
1.330965909090909e+00,5.568181818181818e-01,-7.265918602151944e-09,1.133598505869725e-08
1.350852272727273e+00,5.568181818181818e-01,-6.296671801268437e-09,1.091544843672693e-08
1.370738636363636e+00,5.568181818181818e-01,-5.327425000384887e-09,1.049491181475658e-08
1.390625000000000e+00,5.568181818181818e-01,-4.385982146679984e-09,8.592214932355764e-09
1.410511363636364e+00,5.568181818181818e-01,-3.452122187660153e-09,6.285292524383030e-09
1.430397727272727e+00,5.568181818181818e-01,-2.518262228640281e-09,3.978370116410192e-09
1.450284090909091e+00,5.568181818181818e-01,-1.678183223111594e-09,2.183429997374252e-09
1.470170454545455e+00,5.568181818181818e-01,-1.006909933866938e-09,1.310057998424528e-09
1.490056818181818e+00,5.568181818181818e-01,-3.356366446223128e-10,4.366859994748426e-10
6.349431818181818e-01,5.795454545454546e-01,-7.978365027890889e-08,3.483114478466314e-08
6.548295454545454e-01,5.795454545454546e-01,-7.654997817834994e-08,3.415230754746350e-08
6.747159090909091e-01,5.795454545454546e-01,-7.327449489580410e-08,3.317186057446075e-08
6.946022727272727e-01,5.795454545454546e-01,-6.984570394597310e-08,3.108551123684668e-08
7.144886363636364e-01,5.795454545454546e-01,-6.641691299614200e-08,2.899916189923258e-08
7.343750000000000e-01,5.795454545454546e-01,-6.298812204631090e-08,2.691281256161847e-08
7.542613636363636e-01,5.795454545454546e-01,-5.970188769976447e-08,2.513250658532959e-08
7.741477272727273e-01,5.795454545454546e-01,-5.693836089859500e-08,2.447435960056663e-08
7.940340909090909e-01,5.795454545454546e-01,-5.417483409742557e-08,2.381621261580350e-08
8.139204545454546e-01,5.795454545454546e-01,-5.141895478863243e-08,2.303687647711987e-08
8.338068181818181e-01,5.795454545454546e-01,-4.866366374848378e-08,2.224821809582711e-08
8.536931818181819e-01,5.795454545454546e-01,-4.590837270833512e-08,2.145955971453434e-08
8.735795454545454e-01,5.795454545454546e-01,-4.315308166818646e-08,2.067090133324158e-08
8.934659090909092e-01,5.795454545454546e-01,-4.093943368067601e-08,2.005571376295081e-08
9.133522727272727e-01,5.795454545454546e-01,-3.876745054336858e-08,1.945387010119850e-08
9.332386363636364e-01,5.795454545454546e-01,-3.665013419792921e-08,1.909978487891443e-08
9.531250000000000e-01,5.795454545454546e-01,-3.456318829241669e-08,1.888334323411267e-08
9.730113636363636e-01,5.795454545454546e-01,-3.247624238690417e-08,1.866690158931091e-08
9.928977272727273e-01,5.795454545454546e-01,-3.038929648139156e-08,1.845045994450914e-08
1.012784090909091e+00,5.795454545454546e-01,-2.855593567751066e-08,1.793585848151795e-08
1.032670454545455e+00,5.795454545454546e-01,-2.686345548564721e-08,1.725561267508789e-08
1.052556818181818e+00,5.795454545454546e-01,-2.520657195639853e-08,1.679896461199368e-08
1.072443181818182e+00,5.795454545454546e-01,-2.361376241985637e-08,1.674479248690437e-08
1.092329545454545e+00,5.795454545454546e-01,-2.202095288331420e-08,1.669062036181506e-08
1.112215909090909e+00,5.795454545454546e-01,-2.042814334677197e-08,1.663644823672575e-08
1.132102272727273e+00,5.795454545454546e-01,-1.891713654812331e-08,1.625894290805428e-08
1.151988636363636e+00,5.795454545454546e-01,-1.755337467768293e-08,1.529943781293502e-08
1.171875000000000e+00,5.795454545454546e-01,-1.619808986660573e-08,1.439845927000056e-08
1.191761363636364e+00,5.795454545454546e-01,-1.495300682724979e-08,1.425832590547154e-08
1.211647727272727e+00,5.795454545454546e-01,-1.370792378789380e-08,1.411819254094252e-08
1.231534090909091e+00,5.795454545454546e-01,-1.246284074853786e-08,1.397805917641350e-08
1.251420454545455e+00,5.795454545454546e-01,-1.122512737442140e-08,1.374170610822533e-08
1.271306818181818e+00,5.795454545454546e-01,-1.008321964841856e-08,1.225449689246706e-08
1.291193181818182e+00,5.795454545454546e-01,-8.941311922415747e-09,1.076728767670889e-08
1.311079545454545e+00,5.795454545454546e-01,-7.935066351863820e-09,1.011817835606976e-08
1.330965909090909e+00,5.795454545454546e-01,-6.965819550980269e-09,9.697641734099409e-09
1.350852272727273e+00,5.795454545454546e-01,-5.996572750096761e-09,9.277105112129081e-09
1.370738636363636e+00,5.795454545454546e-01,-5.027325949213211e-09,8.856568490158735e-09
1.390625000000000e+00,5.795454545454546e-01,-4.085883095508308e-09,6.953871607757920e-09
1.410511363636364e+00,5.795454545454546e-01,-3.152023136488478e-09,4.646949199785186e-09
1.430397727272727e+00,5.795454545454546e-01,-2.349456512356219e-09,3.056801996323937e-09
1.450284090909091e+00,5.795454545454546e-01,-1.678183223111594e-09,2.183429997374252e-09
1.470170454545455e+00,5.795454545454546e-01,-1.006909933866938e-09,1.310057998424528e-09
1.490056818181818e+00,5.795454545454546e-01,-3.356366446223128e-10,4.366859994748426e-10
6.349431818181818e-01,6.022727272727273e-01,-7.915307745051613e-08,3.163909114495078e-08
6.548295454545454e-01,6.022727272727273e-01,-7.584972004664571e-08,3.045757101474596e-08
6.747159090909091e-01,6.022727272727273e-01,-7.242092909681461e-08,2.837122167713185e-08
6.946022727272727e-01,6.022727272727273e-01,-6.899213814698360e-08,2.628487233951779e-08
7.144886363636364e-01,6.022727272727273e-01,-6.556334719715251e-08,2.419852300190368e-08
7.343750000000000e-01,6.022727272727273e-01,-6.213455624732142e-08,2.211217366428957e-08
7.542613636363636e-01,6.022727272727273e-01,-5.884832190077498e-08,2.033186768800079e-08
7.741477272727273e-01,6.022727272727273e-01,-5.608538336824982e-08,1.966439846062838e-08
7.940340909090909e-01,6.022727272727273e-01,-5.333009232810117e-08,1.887574007933561e-08
8.139204545454546e-01,6.022727272727273e-01,-5.057480128795239e-08,1.808708169804281e-08
8.338068181818181e-01,6.022727272727273e-01,-4.781951024780373e-08,1.729842331675004e-08
8.536931818181819e-01,6.022727272727273e-01,-4.506421920765508e-08,1.650976493545728e-08
8.735795454545454e-01,6.022727272727273e-01,-4.230892816750642e-08,1.572110655416452e-08
8.934659090909092e-01,6.022727272727273e-01,-4.009528017999594e-08,1.510591898387365e-08
9.133522727272727e-01,6.022727272727273e-01,-3.799011201052738e-08,1.480689119258252e-08
9.332386363636364e-01,6.022727272727273e-01,-3.590316610501476e-08,1.459044954778074e-08
9.531250000000000e-01,6.022727272727273e-01,-3.381622019950225e-08,1.437400790297899e-08
9.730113636363636e-01,6.022727272727273e-01,-3.172927429398972e-08,1.415756625817722e-08
9.928977272727273e-01,6.022727272727273e-01,-2.964232838847711e-08,1.394112461337545e-08
1.012784090909091e+00,6.022727272727273e-01,-2.780896758459618e-08,1.342652315038409e-08
1.032670454545455e+00,6.022727272727273e-01,-2.616632272039334e-08,1.305931418462442e-08
1.052556818181818e+00,6.022727272727273e-01,-2.457351318385118e-08,1.300514205953511e-08
1.072443181818182e+00,6.022727272727273e-01,-2.298070364730902e-08,1.295096993444580e-08
1.092329545454545e+00,6.022727272727273e-01,-2.138789411076685e-08,1.289679780935649e-08
1.112215909090909e+00,6.022727272727273e-01,-1.979508457422463e-08,1.284262568426717e-08
1.132102272727273e+00,6.022727272727273e-01,-1.828407777557597e-08,1.246512035559571e-08
1.151988636363636e+00,6.022727272727273e-01,-1.694574708322507e-08,1.168119491703140e-08
1.171875000000000e+00,6.022727272727273e-01,-1.570066404386914e-08,1.154106155250238e-08
1.191761363636364e+00,6.022727272727273e-01,-1.445558100451320e-08,1.140092818797337e-08
1.211647727272727e+00,6.022727272727273e-01,-1.321049796515721e-08,1.126079482344435e-08
1.231534090909091e+00,6.022727272727273e-01,-1.196541492580127e-08,1.112066145891533e-08
1.251420454545455e+00,6.022727272727273e-01,-1.072770155168481e-08,1.088430839072716e-08
1.271306818181818e+00,6.022727272727273e-01,-9.585793825681974e-09,9.397099174968886e-09
1.291193181818182e+00,6.022727272727273e-01,-8.604214101575663e-09,8.900371653442304e-09
1.311079545454545e+00,6.022727272727273e-01,-7.634967300692155e-09,8.479835031471977e-09
1.330965909090909e+00,6.022727272727273e-01,-6.665720499808604e-09,8.059298409501629e-09
1.350852272727273e+00,6.022727272727273e-01,-5.696473698925097e-09,7.638761787531301e-09
1.370738636363636e+00,6.022727272727273e-01,-4.727226898041547e-09,7.218225165560955e-09
1.390625000000000e+00,6.022727272727273e-01,-3.785784044336643e-09,5.315528283160140e-09
1.410511363636364e+00,6.022727272727273e-01,-3.020729801600875e-09,3.930173995273661e-09
1.430397727272727e+00,6.022727272727273e-01,-2.349456512356219e-09,3.056801996323937e-09
1.450284090909091e+00,6.022727272727273e-01,-1.678183223111594e-09,2.183429997374252e-09
1.470170454545455e+00,6.022727272727273e-01,-1.006909933866938e-09,1.310057998424528e-09
1.490056818181818e+00,6.022727272727273e-01,-3.356366446223128e-10,4.366859994748426e-10
6.349431818181818e-01,6.250000000000000e-01,-7.842494519748732e-08,2.774328145503126e-08
6.548295454545454e-01,6.250000000000000e-01,-7.499615424765623e-08,2.565693211741715e-08
6.747159090909091e-01,6.250000000000000e-01,-7.156736329782514e-08,2.357058277980305e-08
6.946022727272727e-01,6.250000000000000e-01,-6.813857234799412e-08,2.148423344218898e-08
7.144886363636364e-01,6.250000000000000e-01,-6.470978139816303e-08,1.939788410457488e-08
7.343750000000000e-01,6.250000000000000e-01,-6.128099044833194e-08,1.731153476696077e-08
7.542613636363636e-01,6.250000000000000e-01,-5.799652090771850e-08,1.550326206284403e-08
7.741477272727273e-01,6.250000000000000e-01,-5.524122986756978e-08,1.471460368155131e-08
7.940340909090909e-01,6.250000000000000e-01,-5.248593882742112e-08,1.392594530025855e-08
8.139204545454546e-01,6.250000000000000e-01,-4.973064778727235e-08,1.313728691896575e-08
8.338068181818181e-01,6.250000000000000e-01,-4.697535674712369e-08,1.234862853767298e-08
8.536931818181819e-01,6.250000000000000e-01,-4.422006570697503e-08,1.155997015638022e-08
8.735795454545454e-01,6.250000000000000e-01,-4.146477466682638e-08,1.077131177508745e-08
8.934659090909092e-01,6.250000000000000e-01,-3.933008982312545e-08,1.051399750625059e-08
9.133522727272727e-01,6.250000000000000e-01,-3.724314391761293e-08,1.029755586144883e-08
9.332386363636364e-01,6.250000000000000e-01,-3.515619801210031e-08,1.008111421664706e-08
9.531250000000000e-01,6.250000000000000e-01,-3.306925210658780e-08,9.864672571845304e-09
9.730113636363636e-01,6.250000000000000e-01,-3.098230620107528e-08,9.648230927043542e-09
9.928977272727273e-01,6.250000000000000e-01,-2.889536029556266e-08,9.431789282241771e-09
1.012784090909091e+00,6.250000000000000e-01,-2.712607348438823e-08,9.319663757255158e-09
1.032670454545455e+00,6.250000000000000e-01,-2.553326394784600e-08,9.265491632165845e-09
1.052556818181818e+00,6.250000000000000e-01,-2.394045441130383e-08,9.211319507076533e-09
1.072443181818182e+00,6.250000000000000e-01,-2.234764487476167e-08,9.157147381987224e-09
1.092329545454545e+00,6.250000000000000e-01,-2.075483533821951e-08,9.102975256897914e-09
1.112215909090909e+00,6.250000000000000e-01,-1.916202580167728e-08,9.048803131808601e-09
1.132102272727273e+00,6.250000000000000e-01,-1.769340429984448e-08,8.963930564062253e-09
1.151988636363636e+00,6.250000000000000e-01,-1.644832126048848e-08,8.823797199533230e-09
1.171875000000000e+00,6.250000000000000e-01,-1.520323822113255e-08,8.683663835004214e-09
1.191761363636364e+00,6.250000000000000e-01,-1.395815518177661e-08,8.543530470475199e-09
1.211647727272727e+00,6.250000000000000e-01,-1.271307214242062e-08,8.403397105946176e-09
1.231534090909091e+00,6.250000000000000e-01,-1.146798910306468e-08,8.263263741417161e-09
1.251420454545455e+00,6.250000000000000e-01,-1.024260865217101e-08,8.103101572785180e-09
1.271306818181818e+00,6.250000000000000e-01,-9.273361851287503e-09,7.682564950814852e-09
1.291193181818182e+00,6.250000000000000e-01,-8.304115050403997e-09,7.262028328844524e-09
1.311079545454545e+00,6.250000000000000e-01,-7.334868249520490e-09,6.841491706874196e-09
1.330965909090909e+00,6.250000000000000e-01,-6.365621448636940e-09,6.420955084903849e-09
1.350852272727273e+00,6.250000000000000e-01,-5.396374647753432e-09,6.000418462933522e-09
1.370738636363636e+00,6.250000000000000e-01,-4.427127846869882e-09,5.579881840963175e-09
1.390625000000000e+00,6.250000000000000e-01,-3.692003090845501e-09,4.803545994223347e-09
1.410511363636364e+00,6.250000000000000e-01,-3.020729801600875e-09,3.930173995273661e-09
1.430397727272727e+00,6.250000000000000e-01,-2.349456512356236e-09,3.056801996323921e-09
1.450284090909091e+00,6.250000000000000e-01,-1.678183223111594e-09,2.183429997374252e-09
1.470170454545455e+00,6.250000000000000e-01,-1.006909933866938e-09,1.310057998424528e-09
1.490056818181818e+00,6.250000000000000e-01,-3.356366446223128e-10,4.366859994748426e-10
6.349431818181818e-01,6.477272727272727e-01,-7.449261340769243e-08,2.425924107715884e-08
6.548295454545454e-01,6.477272727272727e-01,-7.106382245786134e-08,2.217289173954474e-08
6.747159090909091e-01,6.477272727272727e-01,-6.763503150803031e-08,2.008654240193070e-08
6.946022727272727e-01,6.477272727272727e-01,-6.420624055819924e-08,1.800019306431657e-08
7.144886363636364e-01,6.477272727272727e-01,-6.077744960836813e-08,1.591384372670246e-08
7.343750000000000e-01,6.477272727272727e-01,-5.760362559275206e-08,1.355436768996981e-08
7.542613636363636e-01,6.477272727272727e-01,-5.488008330741148e-08,1.114521624779210e-08
7.741477272727273e-01,6.477272727272727e-01,-5.212479226726276e-08,1.035655786649938e-08
7.940340909090909e-01,6.477272727272727e-01,-4.936950122711405e-08,9.567899485206531e-09
8.139204545454546e-01,6.477272727272727e-01,-4.661421018696533e-08,8.779241103913816e-09
8.338068181818181e-01,6.477272727272727e-01,-4.385891914681667e-08,7.990582722621052e-09
8.536931818181819e-01,6.477272727272727e-01,-4.115977320485210e-08,7.210686407556856e-09
8.735795454545454e-01,6.477272727272727e-01,-3.919051353928081e-08,6.544696953464107e-09
8.934659090909092e-01,6.477272727272727e-01,-3.711197379376400e-08,6.296144750855824e-09
9.133522727272727e-01,6.477272727272727e-01,-3.502502788825148e-08,6.079703106054064e-09
9.332386363636364e-01,6.477272727272727e-01,-3.293808198273886e-08,5.863261461252294e-09
9.531250000000000e-01,6.477272727272727e-01,-3.085113607722635e-08,5.646819816450533e-09
9.730113636363636e-01,6.477272727272727e-01,-2.876419017171373e-08,5.430378171648608e-09
9.928977272727273e-01,6.477272727272727e-01,-2.715400169916888e-08,5.510058305150997e-09
1.012784090909091e+00,6.477272727272727e-01,-2.560142281207065e-08,5.532533588484376e-09
1.032670454545455e+00,6.477272727272727e-01,-2.400861327552842e-08,5.478361463395063e-09
1.052556818181818e+00,6.477272727272727e-01,-2.241580373898626e-08,5.424189338305753e-09
1.072443181818182e+00,6.477272727272727e-01,-2.082299420244404e-08,5.370017213216295e-09
1.092329545454545e+00,6.477272727272727e-01,-1.923018466590187e-08,5.315845088126983e-09
1.112215909090909e+00,6.477272727272727e-01,-1.785291681849660e-08,5.518581945791199e-09
1.132102272727273e+00,6.477272727272727e-01,-1.666142034555409e-08,5.764020927299201e-09
1.151988636363636e+00,6.477272727272727e-01,-1.541633730619810e-08,5.623887562770179e-09
1.171875000000000e+00,6.477272727272727e-01,-1.417125426684216e-08,5.483754198241162e-09
1.191761363636364e+00,6.477272727272727e-01,-1.292617122748619e-08,5.343620833712022e-09
1.211647727272727e+00,6.477272727272727e-01,-1.168108818813023e-08,5.203487469183125e-09
1.231534090909091e+00,6.477272727272727e-01,-1.050579886954775e-08,5.208160164778307e-09
1.251420454545455e+00,6.477272727272727e-01,-9.582857875339099e-09,5.675490923351234e-09
1.271306818181818e+00,6.477272727272727e-01,-8.613611074455593e-09,5.254954301380906e-09
1.291193181818182e+00,6.477272727272727e-01,-7.644364273572085e-09,4.834417679410578e-09
1.311079545454545e+00,6.477272727272727e-01,-6.675117472688552e-09,4.413881057440155e-09
1.330965909090909e+00,6.477272727272727e-01,-5.705870671805028e-09,3.993344435469904e-09
1.350852272727273e+00,6.477272727272727e-01,-4.736623870921521e-09,3.572807813499575e-09
1.370738636363636e+00,6.477272727272727e-01,-4.033143160995540e-09,3.991124216692606e-09
1.390625000000000e+00,6.477272727272727e-01,-3.359349041345994e-09,3.408369837298224e-09
1.410511363636364e+00,6.477272727272727e-01,-2.688075752101355e-09,2.534997838348484e-09
1.430397727272727e+00,6.477272727272727e-01,-2.016802462856729e-09,1.661625839398799e-09
1.450284090909091e+00,6.477272727272727e-01,-1.345529173612104e-09,7.882538404491141e-10
1.470170454545455e+00,6.477272727272727e-01,-6.742558843674313e-10,-8.511815850059461e-11
1.490056818181818e+00,6.477272727272727e-01,-1.901004979662793e-10,-1.737035691798950e-10
6.349431818181818e-01,6.704545454545454e-01,-7.056028161789761e-08,2.077520069928649e-08
6.548295454545454e-01,6.704545454545454e-01,-6.713149066806653e-08,1.868885136167239e-08
6.747159090909091e-01,6.704545454545454e-01,-6.370269971823542e-08,1.660250202405828e-08
6.946022727272727e-01,6.704545454545454e-01,-6.027390876840435e-08,1.451615268644415e-08
7.144886363636364e-01,6.704545454545454e-01,-5.720207152647424e-08,1.204742597006407e-08
7.343750000000000e-01,6.704545454545454e-01,-5.448718799244503e-08,9.196321874917877e-09
7.542613636363636e-01,6.704545454545454e-01,-5.176364570710440e-08,6.787170432740081e-09
7.741477272727273e-01,6.704545454545454e-01,-4.900835466695575e-08,5.998512051447450e-09
7.940340909090909e-01,6.704545454545454e-01,-4.625306362680703e-08,5.209853670154600e-09
8.139204545454546e-01,6.704545454545454e-01,-4.349777258665831e-08,4.421195288861885e-09
8.338068181818181e-01,6.704545454545454e-01,-4.091091684106194e-08,3.658823106254836e-09
8.536931818181819e-01,6.704545454545454e-01,-3.894165717549065e-08,2.992833652162086e-09
8.735795454545454e-01,6.704545454545454e-01,-3.697239750991936e-08,2.326844198069336e-09
8.934659090909092e-01,6.704545454545454e-01,-3.489385776440246e-08,2.078291995460890e-09
9.133522727272727e-01,6.704545454545454e-01,-3.280691185888994e-08,1.861850350659130e-09
9.332386363636364e-01,6.704545454545454e-01,-3.071996595337742e-08,1.645408705857524e-09
9.531250000000000e-01,6.704545454545454e-01,-2.863302004786489e-08,1.428967061055763e-09
9.730113636363636e-01,6.704545454545454e-01,-2.710951474495050e-08,1.562487517885981e-09
9.928977272727273e-01,6.704545454545454e-01,-2.562935102685130e-08,1.722928136380215e-09
1.012784090909091e+00,6.704545454545454e-01,-2.407677213975302e-08,1.745403419713447e-09
1.032670454545455e+00,6.704545454545454e-01,-2.248396260321084e-08,1.691231294624282e-09
1.052556818181818e+00,6.704545454545454e-01,-2.089115306666868e-08,1.637059169534971e-09
1.072443181818182e+00,6.704545454545454e-01,-1.929834353012646e-08,1.582887044445513e-09
1.092329545454545e+00,6.704545454545454e-01,-1.798265902247463e-08,1.859026468610677e-09
1.112215909090909e+00,6.704545454545454e-01,-1.682093286420621e-08,2.318672309028148e-09
1.132102272727273e+00,6.704545454545454e-01,-1.562943639126367e-08,2.564111290536025e-09
1.151988636363636e+00,6.704545454545454e-01,-1.438435335190771e-08,2.423977926007127e-09
1.171875000000000e+00,6.704545454545454e-01,-1.313927031255178e-08,2.283844561478110e-09
1.191761363636364e+00,6.704545454545454e-01,-1.189418727319580e-08,2.143711196948971e-09
1.211647727272727e+00,6.704545454545454e-01,-1.076542710179562e-08,2.244921265960413e-09
1.231534090909091e+00,6.704545454545454e-01,-9.846048092715842e-09,2.780549515344361e-09
1.251420454545455e+00,6.704545454545454e-01,-8.923107098507186e-09,3.247880273917288e-09
1.271306818181818e+00,6.704545454545454e-01,-7.953860297623680e-09,2.827343651946960e-09
1.291193181818182e+00,6.704545454545454e-01,-6.984613496740172e-09,2.406807029976632e-09
1.311079545454545e+00,6.704545454545454e-01,-6.015366695856640e-09,1.986270408006208e-09
1.330965909090909e+00,6.704545454545454e-01,-5.066563440431355e-09,1.630260941817763e-09
1.350852272727273e+00,6.704545454545454e-01,-4.383526275963702e-09,2.113104500792651e-09
1.370738636363636e+00,6.704545454545454e-01,-3.700489111496047e-09,2.595948059767539e-09
1.390625000000000e+00,6.704545454545454e-01,-3.026694991846486e-09,2.013193680373102e-09
1.410511363636364e+00,6.704545454545454e-01,-2.355421702601848e-09,1.139821681423362e-09
1.430397727272727e+00,6.704545454545454e-01,-1.684148413357222e-09,2.664496824736770e-10
1.450284090909091e+00,6.704545454545454e-01,-1.012875124112584e-09,-6.069223164760628e-10
1.470170454545455e+00,6.704545454545454e-01,-5.703014938988379e-10,-5.211107075396851e-10
1.490056818181818e+00,6.704545454545454e-01,-1.901004979662793e-10,-1.737035691798950e-10
6.349431818181818e-01,6.931818181818182e-01,-6.662794982810272e-08,1.729116032141407e-08
6.548295454545454e-01,6.931818181818182e-01,-6.319915887827163e-08,1.520481098379997e-08
6.747159090909091e-01,6.931818181818182e-01,-5.977036792844054e-08,1.311846164618586e-08
6.946022727272727e-01,6.931818181818182e-01,-5.680051746019642e-08,1.054048425015828e-08
7.144886363636364e-01,6.931818181818182e-01,-5.408563392616710e-08,7.689380155011965e-09
7.343750000000000e-01,6.931818181818182e-01,-5.137075039213790e-08,4.838276059865774e-09
7.542613636363636e-01,6.931818181818182e-01,-4.864720810679738e-08,2.429124617688150e-09
7.741477272727273e-01,6.931818181818182e-01,-4.589191706664867e-08,1.640466236395434e-09
7.940340909090909e-01,6.931818181818182e-01,-4.313662602649995e-08,8.518078551025843e-10
8.139204545454546e-01,6.931818181818182e-01,-4.066206047727169e-08,1.069598049526505e-10
8.338068181818181e-01,6.931818181818182e-01,-3.869280081170040e-08,-5.590296491400992e-10
8.536931818181819e-01,6.931818181818182e-01,-3.672354114612911e-08,-1.225019103232849e-09
8.735795454545454e-01,6.931818181818182e-01,-3.475428148055782e-08,-1.891008557325599e-09
8.934659090909092e-01,6.931818181818182e-01,-3.267574173504101e-08,-2.139560759933879e-09
9.133522727272727e-01,6.931818181818182e-01,-3.058879582952849e-08,-2.356002404735640e-09
9.332386363636364e-01,6.931818181818182e-01,-2.854519150883113e-08,-2.545523887873402e-09
9.531250000000000e-01,6.931818181818182e-01,-2.706502779073200e-08,-2.385083269379175e-09
9.730113636363636e-01,6.931818181818182e-01,-2.558486407263287e-08,-2.224642650884949e-09
9.928977272727273e-01,6.931818181818182e-01,-2.410470035453366e-08,-2.064202032390715e-09
1.012784090909091e+00,6.931818181818182e-01,-2.255212146743544e-08,-2.041726749057335e-09
1.032670454545455e+00,6.931818181818182e-01,-2.095931193089321e-08,-2.095898874146648e-09
1.052556818181818e+00,6.931818181818182e-01,-1.936650239435105e-08,-2.150070999235959e-09
1.072443181818182e+00,6.931818181818182e-01,-1.811240122645258e-08,-1.800529008569950e-09
1.092329545454545e+00,6.931818181818182e-01,-1.695067506818421e-08,-1.340883168152500e-09
1.112215909090909e+00,6.931818181818182e-01,-1.578894890991578e-08,-8.812373277350294e-10
1.132102272727273e+00,6.931818181818182e-01,-1.459745243697328e-08,-6.357983462270267e-10
1.151988636363636e+00,6.931818181818182e-01,-1.335236939761729e-08,-7.759317107560482e-10
1.171875000000000e+00,6.931818181818182e-01,-1.210728635826135e-08,-9.160650752850648e-10
1.191761363636364e+00,6.931818181818182e-01,-1.102505533404350e-08,-7.183176328575993e-10
1.211647727272727e+00,6.931818181818182e-01,-1.010567632496368e-08,-1.826893834736278e-10
1.231534090909091e+00,6.931818181818182e-01,-9.186297315883905e-09,3.529388659103193e-10
1.251420454545455e+00,6.931818181818182e-01,-8.263356321675249e-09,8.202696244832470e-10
1.271306818181818e+00,6.931818181818182e-01,-7.294109520791742e-09,3.997330025129188e-10
1.291193181818182e+00,6.931818181818182e-01,-6.324862719908235e-09,-2.080361945740940e-11
1.311079545454545e+00,6.931818181818182e-01,-5.416946555399550e-09,-2.477587740823453e-10
1.330965909090909e+00,6.931818181818182e-01,-4.733909390931834e-09,2.350847848925856e-10
1.350852272727273e+00,6.931818181818182e-01,-4.050872226464180e-09,7.179283438674736e-10
1.370738636363636e+00,6.931818181818182e-01,-3.367835061996526e-09,1.200771902842362e-09
1.390625000000000e+00,6.931818181818182e-01,-2.694040942346966e-09,6.180175234479248e-10
1.410511363636364e+00,6.931818181818182e-01,-2.022767653102341e-09,-2.553544755017602e-10
1.430397727272727e+00,6.931818181818182e-01,-1.351494363857715e-09,-1.128726474451445e-09
1.450284090909091e+00,6.931818181818182e-01,-9.505024898314304e-10,-8.685178458995062e-10
1.470170454545455e+00,6.931818181818182e-01,-5.703014938988379e-10,-5.211107075396851e-10
1.490056818181818e+00,6.931818181818182e-01,-1.901004979662793e-10,-1.737035691798950e-10
6.349431818181818e-01,7.159090909090909e-01,-6.269561803830791e-08,1.380711994354172e-08
6.548295454545454e-01,7.159090909090909e-01,-5.926682708847682e-08,1.172077060592762e-08
6.747159090909091e-01,7.159090909090909e-01,-5.639896339391859e-08,9.033542530252542e-09
6.946022727272727e-01,7.159090909090909e-01,-5.368407985988940e-08,6.182438435106352e-09
7.144886363636364e-01,7.159090909090909e-01,-5.096919632586008e-08,3.331334339960034e-09
7.343750000000000e-01,7.159090909090909e-01,-4.825431279183088e-08,4.802302448138437e-10
7.542613636363636e-01,7.159090909090909e-01,-4.553077050649031e-08,-1.928921197363867e-09
7.741477272727273e-01,7.159090909090909e-01,-4.277547946634159e-08,-2.717579578656583e-09
7.940340909090909e-01,7.159090909090909e-01,-4.041320411348161e-08,-3.444903496349340e-09
8.139204545454546e-01,7.159090909090909e-01,-3.844394444791024e-08,-4.110892950442119e-09
8.338068181818181e-01,7.159090909090909e-01,-3.647468478233895e-08,-4.776882404534869e-09
8.536931818181819e-01,7.159090909090909e-01,-3.450542511676766e-08,-5.442871858627619e-09
8.735795454545454e-01,7.159090909090909e-01,-3.253616545119638e-08,-6.108861312720368e-09
8.934659090909092e-01,7.159090909090909e-01,-3.045762570567957e-08,-6.357413515328650e-09
9.133522727272727e-01,7.159090909090909e-01,-2.850070455461277e-08,-6.493094675138417e-09
9.332386363636364e-01,7.159090909090909e-01,-2.702054083651356e-08,-6.332654056644184e-09
9.531250000000000e-01,7.159090909090909e-01,-2.554037711841443e-08,-6.172213438149957e-09
9.730113636363636e-01,7.159090909090909e-01,-2.406021340031529e-08,-6.011772819655730e-09
9.928977272727273e-01,7.159090909090909e-01,-2.258004968221609e-08,-5.851332201161496e-09
1.012784090909091e+00,7.159090909090909e-01,-2.102747079511787e-08,-5.828856917828117e-09
1.032670454545455e+00,7.159090909090909e-01,-1.943466125857569e-08,-5.883029042917282e-09
1.052556818181818e+00,7.159090909090909e-01,-1.824214343043057e-08,-5.460084485750452e-09
1.072443181818182e+00,7.159090909090909e-01,-1.708041727216219e-08,-5.000438645333002e-09
1.092329545454545e+00,7.159090909090909e-01,-1.591869111389382e-08,-4.540792804915551e-09
1.112215909090909e+00,7.159090909090909e-01,-1.475696495562540e-08,-4.081146964498081e-09
1.132102272727273e+00,7.159090909090909e-01,-1.356546848268290e-08,-3.835707982990079e-09
1.151988636363636e+00,7.159090909090909e-01,-1.232038544332694e-08,-3.975841347518976e-09
1.171875000000000e+00,7.159090909090909e-01,-1.128468356629136e-08,-3.681556531675493e-09
1.191761363636364e+00,7.159090909090909e-01,-1.036530455721158e-08,-3.145928282291545e-09
1.211647727272727e+00,7.159090909090909e-01,-9.445925548131767e-09,-2.610300032907574e-09
1.231534090909091e+00,7.159090909090909e-01,-8.526546539051991e-09,-2.074671783523627e-09
1.251420454545455e+00,7.159090909090909e-01,-7.603605544843362e-09,-1.607341024950604e-09
1.271306818181818e+00,7.159090909090909e-01,-6.634358743959830e-09,-2.027877646921028e-09
1.291193181818182e+00,7.159090909090909e-01,-5.767329670367684e-09,-2.125778489982410e-09
1.311079545454545e+00,7.159090909090909e-01,-5.084292505900029e-09,-1.642934931007522e-09
1.330965909090909e+00,7.159090909090909e-01,-4.401255341432315e-09,-1.160091372032591e-09
1.350852272727273e+00,7.159090909090909e-01,-3.718218176964661e-09,-6.772478130577032e-10
1.370738636363636e+00,7.159090909090909e-01,-3.035181012497007e-09,-1.944042540828152e-10
1.390625000000000e+00,7.159090909090909e-01,-2.361386892847460e-09,-7.771586334771974e-10
1.410511363636364e+00,7.159090909090909e-01,-1.710904481696547e-09,-1.563332122619086e-09
1.430397727272727e+00,7.159090909090909e-01,-1.330703485763989e-09,-1.215924984259296e-09
1.450284090909091e+00,7.159090909090909e-01,-9.505024898314304e-10,-8.685178458995062e-10
1.470170454545455e+00,7.159090909090909e-01,-5.703014938988379e-10,-5.211107075396851e-10
1.490056818181818e+00,7.159090909090909e-01,-1.901004979662793e-10,-1.737035691798950e-10
6.349431818181818e-01,7.386363636363636e-01,-5.876328624851302e-08,1.032307956566931e-08
6.548295454545454e-01,7.386363636363636e-01,-5.599740932764090e-08,7.526600810346928e-09
6.747159090909091e-01,7.386363636363636e-01,-5.328252579361157e-08,4.675496715200611e-09
6.946022727272727e-01,7.386363636363636e-01,-5.056764225958238e-08,1.824392620054420e-09
7.144886363636364e-01,7.386363636363636e-01,-4.785275872555306e-08,-1.026711475091897e-09
7.343750000000000e-01,7.386363636363636e-01,-4.513787519152386e-08,-3.877815570238088e-09
7.542613636363636e-01,7.386363636363636e-01,-4.241433290618323e-08,-6.286967012415883e-09
7.741477272727273e-01,7.386363636363636e-01,-4.016434774969145e-08,-6.996766797651360e-09
7.940340909090909e-01,7.386363636363636e-01,-3.819508808412016e-08,-7.662756251744110e-09
8.139204545454546e-01,7.386363636363636e-01,-3.622582841854879e-08,-8.328745705836889e-09
8.338068181818181e-01,7.386363636363636e-01,-3.425656875297750e-08,-8.994735159929639e-09
8.536931818181819e-01,7.386363636363636e-01,-3.228730908740622e-08,-9.660724614022388e-09
8.735795454545454e-01,7.386363636363636e-01,-3.031804942183493e-08,-1.032671406811514e-08
8.934659090909092e-01,7.386363636363636e-01,-2.845621760039432e-08,-1.044066546240343e-08
9.133522727272727e-01,7.386363636363636e-01,-2.697605388229519e-08,-1.028022484390920e-08
9.332386363636364e-01,7.386363636363636e-01,-2.549589016419598e-08,-1.011978422541497e-08
9.531250000000000e-01,7.386363636363636e-01,-2.401572644609685e-08,-9.959343606920739e-09
9.730113636363636e-01,7.386363636363636e-01,-2.253556272799771e-08,-9.798902988426512e-09
9.928977272727273e-01,7.386363636363636e-01,-2.105539900989851e-08,-9.638462369932278e-09
1.012784090909091e+00,7.386363636363636e-01,-1.953361179267698e-08,-9.579285803348425e-09
1.032670454545455e+00,7.386363636363636e-01,-1.837188563440855e-08,-9.119639962930954e-09
1.052556818181818e+00,7.386363636363636e-01,-1.721015947614018e-08,-8.659994122513503e-09
1.072443181818182e+00,7.386363636363636e-01,-1.604843331787181e-08,-8.200348282096054e-09
1.092329545454545e+00,7.386363636363636e-01,-1.488670715960344e-08,-7.740702441678603e-09
1.112215909090909e+00,7.386363636363636e-01,-1.372498100133501e-08,-7.281056601261133e-09
1.132102272727273e+00,7.386363636363636e-01,-1.253348452839247e-08,-7.035617619753255e-09
1.151988636363636e+00,7.386363636363636e-01,-1.154431179853922e-08,-6.644795430493387e-09
1.171875000000000e+00,7.386363636363636e-01,-1.062493278945945e-08,-6.109167181109440e-09
1.191761363636364e+00,7.386363636363636e-01,-9.705553780379671e-09,-5.573538931725492e-09
1.211647727272727e+00,7.386363636363636e-01,-8.786174771299856e-09,-5.037910682341520e-09
1.231534090909091e+00,7.386363636363636e-01,-7.866795762220079e-09,-4.502282432957573e-09
1.251420454545455e+00,7.386363636363636e-01,-6.943854768011424e-09,-4.034951674384646e-09
1.271306818181818e+00,7.386363636363636e-01,-6.117712785335844e-09,-4.003798205882365e-09
1.291193181818182e+00,7.386363636363636e-01,-5.434675620868191e-09,-3.520954646907477e-09
1.311079545454545e+00,7.386363636363636e-01,-4.751638456400536e-09,-3.038111087932590e-09
1.330965909090909e+00,7.386363636363636e-01,-4.068601291932820e-09,-2.555267528957659e-09
1.350852272727273e+00,7.386363636363636e-01,-3.385564127465167e-09,-2.072423969982771e-09
1.370738636363636e+00,7.386363636363636e-01,-2.702526962997513e-09,-1.589580411007883e-09
1.390625000000000e+00,7.386363636363636e-01,-2.091105477629106e-09,-1.910739260978876e-09
1.410511363636364e+00,7.386363636363636e-01,-1.710904481696547e-09,-1.563332122619086e-09
1.430397727272727e+00,7.386363636363636e-01,-1.330703485763989e-09,-1.215924984259296e-09
1.450284090909091e+00,7.386363636363636e-01,-9.505024898314304e-10,-8.685178458995062e-10
1.470170454545455e+00,7.386363636363636e-01,-5.703014938988379e-10,-5.211107075396851e-10
1.490056818181818e+00,7.386363636363636e-01,-1.901004979662793e-10,-1.737035691798950e-10
6.349431818181818e-01,7.613636363636364e-01,-5.413339549663322e-08,6.955479528509424e-09
6.548295454545454e-01,7.613636363636364e-01,-5.141851196260402e-08,4.104375433363234e-09
6.747159090909091e-01,7.613636363636364e-01,-4.870362842857482e-08,1.253271338216964e-09
6.946022727272727e-01,7.613636363636364e-01,-4.598874489454550e-08,-1.597832756929275e-09
7.144886363636364e-01,7.613636363636364e-01,-4.327386136051642e-08,-4.448936852075495e-09
7.343750000000000e-01,7.613636363636364e-01,-4.055897782648711e-08,-7.300040947221734e-09
7.542613636363636e-01,7.613636363636364e-01,-3.889992206354631e-08,-9.302546818211687e-09
7.741477272727273e-01,7.613636363636364e-01,-3.693066239797510e-08,-9.968536272304396e-09
7.940340909090909e-01,7.613636363636364e-01,-3.496140273240365e-08,-1.063452572639721e-08
8.139204545454546e-01,7.613636363636364e-01,-3.299214306683244e-08,-1.130051518048993e-08
8.338068181818181e-01,7.613636363636364e-01,-3.102288340126098e-08,-1.196650463458274e-08
8.536931818181819e-01,7.613636363636364e-01,-2.905362373568969e-08,-1.263249408867549e-08
8.735795454545454e-01,7.613636363636364e-01,-2.770897045558353e-08,-1.312653627836057e-08
8.934659090909092e-01,7.613636363636364e-01,-2.628310079630290e-08,-1.300056248442142e-08
9.133522727272727e-01,7.613636363636364e-01,-2.480293707820365e-08,-1.284012186592724e-08
9.332386363636364e-01,7.613636363636364e-01,-2.332277336010456e-08,-1.267968124743296e-08
9.531250000000000e-01,7.613636363636364e-01,-2.184260964200531e-08,-1.251924062893878e-08
9.730113636363636e-01,7.613636363636364e-01,-2.036244592390618e-08,-1.235880001044456e-08
9.928977272727273e-01,7.613636363636364e-01,-1.906473097258655e-08,-1.216989056959237e-08
1.012784090909091e+00,7.613636363636364e-01,-1.809335839234459e-08,-1.176965569974136e-08
1.032670454545455e+00,7.613636363636364e-01,-1.693163223407617e-08,-1.131000985932389e-08
1.052556818181818e+00,7.613636363636364e-01,-1.576990607580772e-08,-1.085036401890649e-08
1.072443181818182e+00,7.613636363636364e-01,-1.460817991753935e-08,-1.039071817848904e-08
1.092329545454545e+00,7.613636363636364e-01,-1.344645375927098e-08,-9.931072338071588e-09
1.112215909090909e+00,7.613636363636364e-01,-1.228472760100263e-08,-9.471426497654071e-09
1.132102272727273e+00,7.613636363636364e-01,-1.154881816896444e-08,-8.926790304041001e-09
1.151988636363636e+00,7.613636363636364e-01,-1.062943915988467e-08,-8.391162054656987e-09
1.171875000000000e+00,7.613636363636364e-01,-9.710060150804847e-09,-7.855533805273081e-09
1.191761363636364e+00,7.613636363636364e-01,-8.790681141725073e-09,-7.319905555889133e-09
1.211647727272727e+00,7.613636363636364e-01,-7.871302132645305e-09,-6.784277306505121e-09
1.231534090909091e+00,7.613636363636364e-01,-6.951923123565530e-09,-6.248649057121173e-09
1.251420454545455e+00,7.613636363636364e-01,-6.297874486428919e-09,-5.622650921462305e-09
1.271306818181818e+00,7.613636363636364e-01,-5.614837321961239e-09,-5.139807362487452e-09
1.291193181818182e+00,7.613636363636364e-01,-4.931800157493585e-09,-4.656963803512565e-09
1.311079545454545e+00,7.613636363636364e-01,-4.248762993025930e-09,-4.174120244537676e-09
1.330965909090909e+00,7.613636363636364e-01,-3.565725828558268e-09,-3.691276685562676e-09
1.350852272727273e+00,7.613636363636364e-01,-2.882688664090588e-09,-3.208433126587823e-09
1.370738636363636e+00,7.613636363636364e-01,-2.318117625696286e-09,-2.620619276911114e-09
1.390625000000000e+00,7.613636363636364e-01,-1.944102840721655e-09,-2.181207873998416e-09
1.410511363636364e+00,7.613636363636364e-01,-1.563901844789096e-09,-1.833800735638626e-09
1.430397727272727e+00,7.613636363636364e-01,-1.183700848856538e-09,-1.486393597278836e-09
1.450284090909091e+00,7.613636363636364e-01,-8.034998529239791e-10,-1.138986458919046e-09
1.470170454545455e+00,7.613636363636364e-01,-4.232988569914095e-10,-7.915793205591823e-10
1.490056818181818e+00,7.613636363636364e-01,-6.147319067226514e-11,-4.103636055719815e-10
6.349431818181818e-01,7.840909090909091e-01,-4.809203836686685e-08,4.469074589594232e-09
6.548295454545454e-01,7.840909090909091e-01,-4.537715483283753e-08,1.617970494447993e-09
6.747159090909091e-01,7.840909090909091e-01,-4.266227129880833e-08,-1.233133600698276e-09
6.946022727272727e-01,7.840909090909091e-01,-3.994738776477913e-08,-4.084237695844466e-09
7.144886363636364e-01,7.840909090909091e-01,-3.723250423074993e-08,-6.935341790990735e-09
7.343750000000000e-01,7.840909090909091e-01,-3.597370394197284e-08,-9.168361905821228e-09
7.542613636363636e-01,7.840909090909091e-01,-3.465066738947497e-08,-1.102823301212289e-08
7.741477272727273e-01,7.840909090909091e-01,-3.268140772390359e-08,-1.169422246621567e-08
7.940340909090909e-01,7.840909090909091e-01,-3.071214805833231e-08,-1.236021192030842e-08
8.139204545454546e-01,7.840909090909091e-01,-2.874288839276110e-08,-1.302620137440113e-08
8.338068181818181e-01,7.840909090909091e-01,-2.677362872718981e-08,-1.369219082849388e-08
8.536931818181819e-01,7.840909090909091e-01,-2.560743441435924e-08,-1.413710522834827e-08
8.735795454545454e-01,7.840909090909091e-01,-2.488738751971821e-08,-1.445920015362568e-08
8.934659090909092e-01,7.840909090909091e-01,-2.346151786043746e-08,-1.433322635968657e-08
9.133522727272727e-01,7.840909090909091e-01,-2.198135414233833e-08,-1.417278574119235e-08
9.332386363636364e-01,7.840909090909091e-01,-2.050119042423923e-08,-1.401234512269806e-08
9.531250000000000e-01,7.840909090909091e-01,-1.902102670613999e-08,-1.385190450420389e-08
9.730113636363636e-01,7.840909090909091e-01,-1.784494426600676e-08,-1.364401584844642e-08
9.928977272727273e-01,7.840909090909091e-01,-1.721620812621213e-08,-1.335072072561512e-08
1.012784090909091e+00,7.840909090909091e-01,-1.624483554597011e-08,-1.295048585576416e-08
1.032670454545455e+00,7.840909090909091e-01,-1.508310938770176e-08,-1.249084001534664e-08
1.052556818181818e+00,7.840909090909091e-01,-1.392138322943338e-08,-1.203119417492919e-08
1.072443181818182e+00,7.840909090909091e-01,-1.275965707116494e-08,-1.157154833451179e-08
1.092329545454545e+00,7.840909090909091e-01,-1.164033893451513e-08,-1.110467077177374e-08
1.112215909090909e+00,7.840909090909091e-01,-1.107232507890678e-08,-1.054378081886791e-08
1.132102272727273e+00,7.840909090909091e-01,-1.037882366848723e-08,-9.991912902934200e-09
1.151988636363636e+00,7.840909090909091e-01,-9.459444659407463e-09,-9.456284653550187e-09
1.171875000000000e+00,7.840909090909091e-01,-8.540065650327641e-09,-8.920656404166281e-09
1.191761363636364e+00,7.840909090909091e-01,-7.620686641247821e-09,-8.385028154782376e-09
1.211647727272727e+00,7.840909090909091e-01,-6.701307632168050e-09,-7.849399905398362e-09
1.231534090909091e+00,7.840909090909091e-01,-6.123545739057264e-09,-7.184328851721247e-09
1.251420454545455e+00,7.840909090909091e-01,-5.624777609179256e-09,-6.499493077747267e-09
1.271306818181818e+00,7.840909090909091e-01,-4.941740444711575e-09,-6.016649518772413e-09
1.291193181818182e+00,7.840909090909091e-01,-4.258703280243921e-09,-5.533805959797525e-09
1.311079545454545e+00,7.840909090909091e-01,-3.575666115776240e-09,-5.050962400822672e-09
1.330965909090909e+00,7.840909090909091e-01,-2.892628951308578e-09,-4.568118841847672e-09
1.350852272727273e+00,7.840909090909091e-01,-2.375444363343636e-09,-3.938316875890202e-09
1.370738636363636e+00,7.840909090909091e-01,-2.024112351881406e-09,-3.161556502950150e-09
1.390625000000000e+00,7.840909090909091e-01,-1.650097566906752e-09,-2.722145100037495e-09
1.410511363636364e+00,7.840909090909091e-01,-1.269896570974194e-09,-2.374737961677705e-09
1.430397727272727e+00,7.840909090909091e-01,-8.896955750416351e-10,-2.027330823317915e-09
1.450284090909091e+00,7.840909090909091e-01,-5.094945791090764e-10,-1.679923684958125e-09
1.470170454545455e+00,7.840909090909091e-01,-1.844195720167954e-10,-1.231090816715945e-09
1.490056818181818e+00,7.840909090909091e-01,-6.147319067226514e-11,-4.103636055719815e-10
6.349431818181818e-01,8.068181818181818e-01,-4.205068123710047e-08,1.982669650679040e-09
6.548295454545454e-01,8.068181818181818e-01,-3.933579770307116e-08,-8.684344444671990e-10
6.747159090909091e-01,8.068181818181818e-01,-3.662091416904195e-08,-3.719538539613468e-09
6.946022727272727e-01,8.068181818181818e-01,-3.401803703849367e-08,-6.523097713196923e-09
7.144886363636364e-01,8.068181818181818e-01,-3.287124315319756e-08,-8.708572906464727e-09
7.343750000000000e-01,8.068181818181818e-01,-3.172444926790151e-08,-1.089404809973244e-08
7.542613636363636e-01,8.068181818181818e-01,-3.040141271540363e-08,-1.275391920603410e-08
7.741477272727273e-01,8.068181818181818e-01,-2.843215304983226e-08,-1.341990866012688e-08
7.940340909090909e-01,8.068181818181818e-01,-2.646289338426097e-08,-1.408589811421963e-08
8.139204545454546e-01,8.068181818181818e-01,-2.449363371868959e-08,-1.475188756831241e-08
8.338068181818181e-01,8.068181818181818e-01,-2.350589837313495e-08,-1.514767417833596e-08
8.536931818181819e-01,8.068181818181818e-01,-2.278585147849392e-08,-1.546976910361337e-08
8.735795454545454e-01,8.068181818181818e-01,-2.206580458385288e-08,-1.579186402889078e-08
8.934659090909092e-01,8.068181818181818e-01,-2.063993492457214e-08,-1.566589023495168e-08
9.133522727272727e-01,8.068181818181818e-01,-1.915977120647289e-08,-1.550544961645750e-08
9.332386363636364e-01,8.068181818181818e-01,-1.767960748837380e-08,-1.534500899796322e-08
9.531250000000000e-01,8.068181818181818e-01,-1.662515755942694e-08,-1.511814112730046e-08
9.730113636363636e-01,8.068181818181818e-01,-1.599642141963234e-08,-1.482484600446917e-08
9.928977272727273e-01,8.068181818181818e-01,-1.536768527983772e-08,-1.453155088163787e-08
1.012784090909091e+00,8.068181818181818e-01,-1.439631269959569e-08,-1.413131601178691e-08
1.032670454545455e+00,8.068181818181818e-01,-1.323458654132726e-08,-1.367167017136944e-08
1.052556818181818e+00,8.068181818181818e-01,-1.207286038305889e-08,-1.321202433095199e-08
1.072443181818182e+00,8.068181818181818e-01,-1.103835828964624e-08,-1.273068332357274e-08
1.092329545454545e+00,8.068181818181818e-01,-1.047034443403792e-08,-1.216979337066694e-08
1.112215909090909e+00,8.068181818181818e-01,-9.902330578429576e-09,-1.160890341776111e-08
1.132102272727273e+00,8.068181818181818e-01,-9.208829168009979e-09,-1.105703550182744e-08
1.151988636363636e+00,8.068181818181818e-01,-8.289450158930208e-09,-1.052140725244343e-08
1.171875000000000e+00,8.068181818181818e-01,-7.370071149850434e-09,-9.985779003059483e-09
1.191761363636364e+00,8.068181818181818e-01,-6.450692140770659e-09,-9.450150753675535e-09
1.211647727272727e+00,8.068181818181818e-01,-5.935042450563251e-09,-8.761544644672398e-09
1.231534090909091e+00,8.068181818181818e-01,-5.450448861807574e-09,-8.061171008006242e-09
1.251420454545455e+00,8.068181818181818e-01,-4.951680731929565e-09,-7.376335234032262e-09
1.271306818181818e+00,8.068181818181818e-01,-4.268643567461912e-09,-6.893491675057374e-09
1.291193181818182e+00,8.068181818181818e-01,-3.585606402994257e-09,-6.410648116082486e-09
1.311079545454545e+00,8.068181818181818e-01,-2.902569238526602e-09,-5.927804557107598e-09
1.330965909090909e+00,8.068181818181818e-01,-2.432771100990963e-09,-5.256014474869334e-09
1.350852272727273e+00,8.068181818181818e-01,-2.081439089528733e-09,-4.479254101929281e-09
1.370738636363636e+00,8.068181818181818e-01,-1.730107078066504e-09,-3.702493728989230e-09
1.390625000000000e+00,8.068181818181818e-01,-1.356092293091873e-09,-3.263082326076532e-09
1.410511363636364e+00,8.068181818181818e-01,-9.758912971593139e-10,-2.915675187716742e-09
1.430397727272727e+00,8.068181818181818e-01,-5.956903012267326e-10,-2.568268049356994e-09
1.450284090909091e+00,8.068181818181818e-01,-3.073659533613367e-10,-2.051818027859981e-09
1.470170454545455e+00,8.068181818181818e-01,-1.844195720167954e-10,-1.231090816715945e-09
1.490056818181818e+00,8.068181818181818e-01,-6.147319067226514e-11,-4.103636055719815e-10
6.349431818181818e-01,8.295454545454546e-01,-3.600932410733398e-08,-5.037352882362004e-10
6.548295454545454e-01,8.295454545454546e-01,-3.329444057330467e-08,-3.354839383382439e-09
6.747159090909091e-01,8.295454545454546e-01,-3.091557624971821e-08,-6.063308713840490e-09
6.946022727272727e-01,8.295454545454546e-01,-2.976878236442216e-08,-8.248783907108197e-09
7.144886363636364e-01,8.295454545454546e-01,-2.862198847912606e-08,-1.043425910037600e-08
7.343750000000000e-01,8.295454545454546e-01,-2.747519459383001e-08,-1.261973429364371e-08
7.542613636363636e-01,8.295454545454546e-01,-2.615215804133213e-08,-1.447960539994537e-08
7.741477272727273e-01,8.295454545454546e-01,-2.418289837576092e-08,-1.514559485403809e-08
7.940340909090909e-01,8.295454545454546e-01,-2.221363871018963e-08,-1.581158430813084e-08
8.139204545454546e-01,8.295454545454546e-01,-2.140436233191055e-08,-1.615824312832370e-08
8.338068181818181e-01,8.295454545454546e-01,-2.068431543726952e-08,-1.648033805360112e-08
8.536931818181819e-01,8.295454545454546e-01,-1.996426854262848e-08,-1.680243297887853e-08
8.735795454545454e-01,8.295454545454546e-01,-1.924422164798745e-08,-1.712452790415594e-08
8.934659090909092e-01,8.295454545454546e-01,-1.781835198870681e-08,-1.699855411021678e-08
9.133522727272727e-01,8.295454545454546e-01,-1.633818827060757e-08,-1.683811349172261e-08
9.332386363636364e-01,8.295454545454546e-01,-1.540537085284704e-08,-1.659226640615454e-08
9.531250000000000e-01,8.295454545454546e-01,-1.477663471305245e-08,-1.629897128332326e-08
9.730113636363636e-01,8.295454545454546e-01,-1.414789857325785e-08,-1.600567616049197e-08
9.928977272727273e-01,8.295454545454546e-01,-1.351916243346323e-08,-1.571238103766067e-08
1.012784090909091e+00,8.295454545454546e-01,-1.254778985322127e-08,-1.531214616780965e-08
1.032670454545455e+00,8.295454545454546e-01,-1.138606369495285e-08,-1.485250032739218e-08
1.052556818181818e+00,8.295454545454546e-01,-1.043637764477730e-08,-1.435669587537179e-08
1.072443181818182e+00,8.295454545454546e-01,-9.868363789168986e-09,-1.379580592246599e-08
1.092329545454545e+00,8.295454545454546e-01,-9.300349933560666e-09,-1.323491596956019e-08
1.112215909090909e+00,8.295454545454546e-01,-8.732336077952321e-09,-1.267402601665436e-08
1.132102272727273e+00,8.295454545454546e-01,-8.038834667532771e-09,-1.212215810072064e-08
1.151988636363636e+00,8.295454545454546e-01,-7.119455658453000e-09,-1.158652985133663e-08
1.171875000000000e+00,8.295454545454546e-01,-6.231132750824912e-09,-1.103913407428971e-08
1.191761363636364e+00,8.295454545454546e-01,-5.746539162069236e-09,-1.033876043762355e-08
1.211647727272727e+00,8.295454545454546e-01,-5.261945573313560e-09,-9.638386800957395e-09
1.231534090909091e+00,8.295454545454546e-01,-4.777351984557883e-09,-8.938013164291236e-09
1.251420454545455e+00,8.295454545454546e-01,-4.278583854679900e-09,-8.253177390317224e-09
1.271306818181818e+00,8.295454545454546e-01,-3.595546690212221e-09,-7.770333831342370e-09
1.291193181818182e+00,8.295454545454546e-01,-2.912509525744567e-09,-7.287490272367482e-09
1.311079545454545e+00,8.295454545454546e-01,-2.490097838638322e-09,-6.573712073848533e-09
1.330965909090909e+00,8.295454545454546e-01,-2.138765827176061e-09,-5.796951700908412e-09
1.350852272727273e+00,8.295454545454546e-01,-1.787433815713831e-09,-5.020191327968361e-09
1.370738636363636e+00,8.295454545454546e-01,-1.436101804251601e-09,-4.243430955028308e-09
1.390625000000000e+00,8.295454545454546e-01,-1.062087019276970e-09,-3.804019552115611e-09
1.410511363636364e+00,8.295454545454546e-01,-6.818860233444114e-10,-3.456612413755821e-09
1.430397727272727e+00,8.295454545454546e-01,-4.303123347058670e-10,-2.872545239003944e-09
1.450284090909091e+00,8.295454545454546e-01,-3.073659533613367e-10,-2.051818027859981e-09
1.470170454545455e+00,8.295454545454546e-01,-1.844195720167954e-10,-1.231090816715945e-09
1.490056818181818e+00,8.295454545454546e-01,-6.147319067226514e-11,-4.103636055719815e-10
6.349431818181818e-01,8.522727272727273e-01,-2.996796697756749e-08,-2.990140227151441e-09
6.548295454545454e-01,8.522727272727273e-01,-2.781311546094298e-08,-5.603519714483891e-09
6.747159090909091e-01,8.522727272727273e-01,-2.666632157564687e-08,-7.788994907751696e-09
6.946022727272727e-01,8.522727272727273e-01,-2.551952769035082e-08,-9.974470101019404e-09
7.144886363636364e-01,8.522727272727273e-01,-2.437273380505472e-08,-1.215994529428721e-08
7.343750000000000e-01,8.522727272727273e-01,-2.322593991975867e-08,-1.434542048755492e-08
7.542613636363636e-01,8.522727272727273e-01,-2.190290336726079e-08,-1.620529159385658e-08
7.741477272727273e-01,8.522727272727273e-01,-2.002287318532732e-08,-1.684671715303397e-08
7.940340909090909e-01,8.522727272727273e-01,-1.930282629068629e-08,-1.716881207831138e-08
8.139204545454546e-01,8.522727272727273e-01,-1.858277939604522e-08,-1.749090700358881e-08
8.338068181818181e-01,8.522727272727273e-01,-1.786273250140419e-08,-1.781300192886622e-08
8.536931818181819e-01,8.522727272727273e-01,-1.714268560676316e-08,-1.813509685414363e-08
8.735795454545454e-01,8.522727272727273e-01,-1.642263871212213e-08,-1.845719177942105e-08
8.934659090909092e-01,8.522727272727273e-01,-1.499676905284138e-08,-1.833121798548194e-08
9.133522727272727e-01,8.522727272727273e-01,-1.418558414626725e-08,-1.806639168500859e-08
9.332386363636364e-01,8.522727272727273e-01,-1.355684800647263e-08,-1.777309656217729e-08
9.531250000000000e-01,8.522727272727273e-01,-1.292811186667803e-08,-1.747980143934601e-08
9.730113636363636e-01,8.522727272727273e-01,-1.229937572688344e-08,-1.718650631651471e-08
9.928977272727273e-01,8.522727272727273e-01,-1.167063958708881e-08,-1.689321119368342e-08
1.012784090909091e+00,8.522727272727273e-01,-1.069926700684679e-08,-1.649297632383245e-08
1.032670454545455e+00,8.522727272727273e-01,-9.834396999908416e-09,-1.598270842717080e-08
1.052556818181818e+00,8.522727272727273e-01,-9.266383144300098e-09,-1.542181847426499e-08
1.072443181818182e+00,8.522727272727273e-01,-8.698369288691777e-09,-1.486092852135919e-08
1.092329545454545e+00,8.522727272727273e-01,-8.130355433083457e-09,-1.430003856845339e-08
1.112215909090909e+00,8.522727272727273e-01,-7.562341577475114e-09,-1.373914861554756e-08
1.132102272727273e+00,8.522727272727273e-01,-6.868840167055562e-09,-1.318728069961385e-08
1.151988636363636e+00,8.522727272727273e-01,-6.042629462330952e-09,-1.261634986724079e-08
1.171875000000000e+00,8.522727272727273e-01,-5.558035873575275e-09,-1.191597623057463e-08
1.191761363636364e+00,8.522727272727273e-01,-5.073442284819598e-09,-1.121560259390848e-08
1.211647727272727e+00,8.522727272727273e-01,-4.588848696063922e-09,-1.051522895724232e-08
1.231534090909091e+00,8.522727272727273e-01,-4.104255107308245e-09,-9.814855320576165e-09
1.251420454545455e+00,8.522727272727273e-01,-3.605486977430237e-09,-9.130019546602184e-09
1.271306818181818e+00,8.522727272727273e-01,-2.922449812962556e-09,-8.647175987627331e-09
1.291193181818182e+00,8.522727272727273e-01,-2.547424576285672e-09,-7.891409672827621e-09
1.311079545454545e+00,8.522727272727273e-01,-2.196092564823442e-09,-7.114649299887570e-09
1.330965909090909e+00,8.522727272727273e-01,-1.844760553361181e-09,-6.337888926947449e-09
1.350852272727273e+00,8.522727272727273e-01,-1.493428541898951e-09,-5.561128554007397e-09
1.370738636363636e+00,8.522727272727273e-01,-1.142096530436722e-09,-4.784368181067345e-09
1.390625000000000e+00,8.522727272727273e-01,-7.680817454620904e-10,-4.344956778154648e-09
1.410511363636364e+00,8.522727272727273e-01,-5.532587160503973e-10,-3.693272450147907e-09
1.430397727272727e+00,8.522727272727273e-01,-4.303123347058670e-10,-2.872545239003944e-09
1.450284090909091e+00,8.522727272727273e-01,-3.073659533613367e-10,-2.051818027859981e-09
1.470170454545455e+00,8.522727272727273e-01,-1.844195720167954e-10,-1.231090816715945e-09
1.490056818181818e+00,8.522727272727273e-01,-6.147319067226514e-11,-4.103636055719815e-10
6.349431818181818e-01,8.750000000000000e-01,-2.471065467216769e-08,-5.143730715127390e-09
6.548295454545454e-01,8.750000000000000e-01,-2.356386078687164e-08,-7.329205908395099e-09
6.747159090909091e-01,8.750000000000000e-01,-2.241706690157554e-08,-9.514681101662903e-09
6.946022727272727e-01,8.750000000000000e-01,-2.127027301627949e-08,-1.170015629493061e-08
7.144886363636364e-01,8.750000000000000e-01,-2.012347913098338e-08,-1.388563148819842e-08
7.343750000000000e-01,8.750000000000000e-01,-1.897668524568733e-08,-1.607110668146612e-08
7.542613636363636e-01,8.750000000000000e-01,-1.792133714410306e-08,-1.785728610302165e-08
7.741477272727273e-01,8.750000000000000e-01,-1.720129024946200e-08,-1.817938102829908e-08
7.940340909090909e-01,8.750000000000000e-01,-1.648124335482097e-08,-1.850147595357649e-08
8.139204545454546e-01,8.750000000000000e-01,-1.576119646017990e-08,-1.882357087885392e-08
8.338068181818181e-01,8.750000000000000e-01,-1.504114956553887e-08,-1.914566580413132e-08
8.536931818181819e-01,8.750000000000000e-01,-1.432110267089783e-08,-1.946776072940874e-08
8.735795454545454e-01,8.750000000000000e-01,-1.360105577625680e-08,-1.978985565468615e-08
8.934659090909092e-01,8.750000000000000e-01,-1.296579743968743e-08,-1.954051696386263e-08
9.133522727272727e-01,8.750000000000000e-01,-1.233706129989284e-08,-1.924722184103134e-08
9.332386363636364e-01,8.750000000000000e-01,-1.170832516009821e-08,-1.895392671820004e-08
9.531250000000000e-01,8.750000000000000e-01,-1.107958902030362e-08,-1.866063159536875e-08
9.730113636363636e-01,8.750000000000000e-01,-1.045085288050902e-08,-1.836733647253746e-08
9.928977272727273e-01,8.750000000000000e-01,-9.822116740714398e-09,-1.807404134970616e-08
1.012784090909091e+00,8.750000000000000e-01,-9.232416355039509e-09,-1.760872097896973e-08
1.032670454545455e+00,8.750000000000000e-01,-8.664402499431207e-09,-1.704783102606400e-08
1.052556818181818e+00,8.750000000000000e-01,-8.096388643822889e-09,-1.648694107315819e-08
1.072443181818182e+00,8.750000000000000e-01,-7.528374788214571e-09,-1.592605112025239e-08
1.092329545454545e+00,8.750000000000000e-01,-6.960360932606250e-09,-1.536516116734659e-08
1.112215909090909e+00,8.750000000000000e-01,-6.392347076997906e-09,-1.480427121444076e-08
1.132102272727273e+00,8.750000000000000e-01,-5.854126173836980e-09,-1.419356566019205e-08
1.151988636363636e+00,8.750000000000000e-01,-5.369532585081261e-09,-1.349319202352579e-08
1.171875000000000e+00,8.750000000000000e-01,-4.884938996325584e-09,-1.279281838685963e-08
1.191761363636364e+00,8.750000000000000e-01,-4.400345407569908e-09,-1.209244475019347e-08
1.211647727272727e+00,8.750000000000000e-01,-3.915751818814232e-09,-1.139207111352732e-08
1.231534090909091e+00,8.750000000000000e-01,-3.431158230058555e-09,-1.069169747686116e-08
1.251420454545455e+00,8.750000000000000e-01,-2.956083325395228e-09,-9.985867644746805e-09
1.271306818181818e+00,8.750000000000000e-01,-2.604751313932999e-09,-9.209107271806753e-09
1.291193181818182e+00,8.750000000000000e-01,-2.253419302470769e-09,-8.432346898866700e-09
1.311079545454545e+00,8.750000000000000e-01,-1.902087291008539e-09,-7.655586525926649e-09
1.330965909090909e+00,8.750000000000000e-01,-1.550755279546278e-09,-6.878826152986528e-09
1.350852272727273e+00,8.750000000000000e-01,-1.199423268084049e-09,-6.102065780046476e-09
1.370738636363636e+00,8.750000000000000e-01,-8.480912566218191e-10,-5.325305407106425e-09
1.390625000000000e+00,8.750000000000000e-01,-6.762050973949276e-10,-4.513999661291870e-09
1.410511363636364e+00,8.750000000000000e-01,-5.532587160503973e-10,-3.693272450147907e-09
1.430397727272727e+00,8.750000000000000e-01,-4.303123347058670e-10,-2.872545239003944e-09
1.450284090909091e+00,8.750000000000000e-01,-3.073659533613367e-10,-2.051818027859981e-09
1.470170454545455e+00,8.750000000000000e-01,-1.844195720167954e-10,-1.231090816715945e-09
1.490056818181818e+00,8.750000000000000e-01,-6.147319067226514e-11,-4.103636055719815e-10
6.349431818181818e-01,8.977272727272727e-01,-2.011355437856470e-08,-4.407186511764909e-09
6.548295454545454e-01,8.977272727272727e-01,-1.896676049326865e-08,-6.592661705032616e-09
6.747159090909091e-01,8.977272727272727e-01,-1.781996660797273e-08,-8.778136898300450e-09
6.946022727272727e-01,8.977272727272727e-01,-1.667317272267668e-08,-1.096361209156816e-08
7.144886363636364e-01,8.977272727272727e-01,-1.552637883738057e-08,-1.314908728483596e-08
7.343750000000000e-01,8.977272727272727e-01,-1.478915419683310e-08,-1.455403562336522e-08
7.542613636363636e-01,8.977272727272727e-01,-1.463485843369562e-08,-1.462305596449596e-08
7.741477272727273e-01,8.977272727272727e-01,-1.391481153905468e-08,-1.494515088977352e-08
7.940340909090909e-01,8.977272727272727e-01,-1.319476464441365e-08,-1.526724581505092e-08
8.139204545454546e-01,8.977272727272727e-01,-1.247471774977259e-08,-1.558934074032835e-08
8.338068181818181e-01,8.977272727272727e-01,-1.175467085513155e-08,-1.591143566560576e-08
8.536931818181819e-01,8.977272727272727e-01,-1.108605588153630e-08,-1.621052381050623e-08
8.735795454545454e-01,8.977272727272727e-01,-1.108605588153630e-08,-1.621052381050623e-08
8.934659090909092e-01,8.977272727272727e-01,-1.050222946601273e-08,-1.593817833930574e-08
9.133522727272727e-01,8.977272727272727e-01,-9.873493326218137e-09,-1.564488321647445e-08
9.332386363636364e-01,8.977272727272727e-01,-9.244757186423512e-09,-1.535158809364315e-08
9.531250000000000e-01,8.977272727272727e-01,-8.616021046628918e-09,-1.505829297081186e-08
9.730113636363636e-01,8.977272727272727e-01,-7.987284906834226e-09,-1.476499784798043e-08
9.928977272727273e-01,8.977272727272727e-01,-7.852555734021174e-09,-1.470214889308814e-08
1.012784090909091e+00,8.977272727272727e-01,-7.487403969701493e-09,-1.434157678050573e-08
1.032670454545455e+00,8.977272727272727e-01,-6.919390114093192e-09,-1.378068682760001e-08
1.052556818181818e+00,8.977272727272727e-01,-6.351376258484873e-09,-1.321979687469420e-08
1.072443181818182e+00,8.977272727272727e-01,-5.783362402876485e-09,-1.265890692178827e-08
1.092329545454545e+00,8.977272727272727e-01,-5.215348547268166e-09,-1.209801696888247e-08
1.112215909090909e+00,8.977272727272727e-01,-4.931341619464007e-09,-1.181757199242957e-08
1.132102272727273e+00,8.977272727272727e-01,-4.758272480622761e-09,-1.156743855076326e-08
1.151988636363636e+00,8.977272727272727e-01,-4.273678891867042e-09,-1.086706491409700e-08
1.171875000000000e+00,8.977272727272727e-01,-3.789085303111365e-09,-1.016669127743085e-08
1.191761363636364e+00,8.977272727272727e-01,-3.304491714355646e-09,-9.466317640764588e-09
1.211647727272727e+00,8.977272727272727e-01,-2.819898125599970e-09,-8.765944004098433e-09
1.231534090909091e+00,8.977272727272727e-01,-2.439146020149075e-09,-8.215650432432157e-09
1.251420454545455e+00,8.977272727272727e-01,-2.414050876473235e-09,-8.160167548650848e-09
1.271306818181818e+00,8.977272727272727e-01,-2.062718865011006e-09,-7.383407175710796e-09
1.291193181818182e+00,8.977272727272727e-01,-1.711386853548776e-09,-6.606646802770745e-09
1.311079545454545e+00,8.977272727272727e-01,-1.360054842086504e-09,-5.829886429830550e-09
1.330965909090909e+00,8.977272727272727e-01,-1.008722830624285e-09,-5.053126056890572e-09
1.350852272727273e+00,8.977272727272727e-01,-6.573908191620556e-10,-4.276365683950520e-09
1.370738636363636e+00,8.977272727272727e-01,-6.322956754861621e-10,-4.220882800168995e-09
1.390625000000000e+00,8.977272727272727e-01,-5.356949472868867e-10,-3.576025705698728e-09
1.410511363636364e+00,8.977272727272727e-01,-4.127485659423564e-10,-2.755298494554765e-09
1.430397727272727e+00,8.977272727272727e-01,-2.898021845978261e-10,-1.934571283410802e-09
1.450284090909091e+00,8.977272727272727e-01,-1.668558032532958e-10,-1.113844072266839e-09
1.470170454545455e+00,8.977272727272727e-01,-4.390942190876553e-11,-2.931168611228754e-10
1.490056818181818e+00,8.977272727272727e-01,0.000000000000000e+00,0.000000000000000e+00
6.349431818181818e-01,9.204545454545454e-01,-1.551645408496207e-08,-3.670642308402484e-09
6.548295454545454e-01,9.204545454545454e-01,-1.436966019966584e-08,-5.856117501670163e-09
6.747159090909091e-01,9.204545454545454e-01,-1.322286631436974e-08,-8.041592694937968e-09
6.946022727272727e-01,9.204545454545454e-01,-1.207607242907369e-08,-1.022706788820567e-08
7.144886363636364e-01,9.204545454545454e-01,-1.150267548642579e-08,-1.131980548483966e-08
7.343750000000000e-01,9.204545454545454e-01,-1.150267548642579e-08,-1.131980548483966e-08
7.542613636363636e-01,9.204545454545454e-01,-1.134837972328831e-08,-1.138882582597040e-08
7.741477272727273e-01,9.204545454545454e-01,-1.062833282864737e-08,-1.171092075124795e-08
7.940340909090909e-01,9.204545454545454e-01,-9.908285934006211e-09,-1.203301567652524e-08
8.139204545454546e-01,9.204545454545454e-01,-9.188239039365273e-09,-1.235511060180279e-08
8.338068181818181e-01,9.204545454545454e-01,-8.622487907861597e-09,-1.260818518594933e-08
8.536931818181819e-01,9.204545454545454e-01,-8.622487907861597e-09,-1.260818518594933e-08
8.735795454545454e-01,9.204545454545454e-01,-8.622487907861597e-09,-1.260818518594933e-08
8.934659090909092e-01,9.204545454545454e-01,-8.038661492337935e-09,-1.233583971474870e-08
9.133522727272727e-01,9.204545454545454e-01,-7.409925352543340e-09,-1.204254459191742e-08
9.332386363636364e-01,9.204545454545454e-01,-6.781189212748812e-09,-1.174924946908626e-08
9.531250000000000e-01,9.204545454545454e-01,-6.152453072954216e-09,-1.145595434625497e-08
9.730113636363636e-01,9.204545454545454e-01,-6.107543348683158e-09,-1.143500469462415e-08
9.928977272727273e-01,9.204545454545454e-01,-6.107543348683158e-09,-1.143500469462415e-08
1.012784090909091e+00,9.204545454545454e-01,-5.742391584363410e-09,-1.107443258204162e-08
1.032670454545455e+00,9.204545454545454e-01,-5.174377728755176e-09,-1.051354262913602e-08
1.052556818181818e+00,9.204545454545454e-01,-4.606363873146857e-09,-9.952652676230216e-09
1.072443181818182e+00,9.204545454545454e-01,-4.038350017538469e-09,-9.391762723324286e-09
1.092329545454545e+00,9.204545454545454e-01,-3.835487926249831e-09,-9.191444883000890e-09
1.112215909090909e+00,9.204545454545454e-01,-3.835487926249831e-09,-9.191444883000890e-09
1.132102272727273e+00,9.204545454545454e-01,-3.662418787408499e-09,-8.941311441334379e-09
1.151988636363636e+00,9.204545454545454e-01,-3.177825198652823e-09,-8.240937804668221e-09
1.171875000000000e+00,9.204545454545454e-01,-2.693231609897146e-09,-7.540564168002064e-09
1.191761363636364e+00,9.204545454545454e-01,-2.208638021141427e-09,-6.840190531335807e-09
1.211647727272727e+00,9.204545454545454e-01,-1.897113571227082e-09,-6.389950336336202e-09
1.231534090909091e+00,9.204545454545454e-01,-1.897113571227082e-09,-6.389950336336202e-09
1.251420454545455e+00,9.204545454545454e-01,-1.872018427551200e-09,-6.334467452554751e-09
1.271306818181818e+00,9.204545454545454e-01,-1.520686416088970e-09,-5.557707079614698e-09
1.291193181818182e+00,9.204545454545454e-01,-1.169354404626740e-09,-4.780946706674646e-09
1.311079545454545e+00,9.204545454545454e-01,-8.180223931645107e-10,-4.004186333734595e-09
1.330965909090909e+00,9.204545454545454e-01,-4.917855253781322e-10,-3.282908844575926e-09
1.350852272727273e+00,9.204545454545454e-01,-4.917855253781322e-10,-3.282908844575926e-09
1.370738636363636e+00,9.204545454545454e-01,-4.917855253781322e-10,-3.282908844575926e-09
1.390625000000000e+00,9.204545454545454e-01,-3.951847971788568e-10,-2.638051750105658e-09
1.410511363636364e+00,9.204545454545454e-01,-2.722384158343155e-10,-1.817324538961622e-09
1.430397727272727e+00,9.204545454545454e-01,-1.492920344897852e-10,-9.965973278176591e-10
1.450284090909091e+00,9.204545454545454e-01,-2.634565314525492e-11,-1.758701166736959e-10
1.470170454545455e+00,9.204545454545454e-01,0.000000000000000e+00,0.000000000000000e+00
1.490056818181818e+00,9.204545454545454e-01,0.000000000000000e+00,0.000000000000000e+00
6.349431818181818e-01,9.431818181818182e-01,-1.091935379135909e-08,-2.934098105040002e-09
6.548295454545454e-01,9.431818181818182e-01,-9.772559906063033e-09,-5.119573298307709e-09
6.747159090909091e-01,9.431818181818182e-01,-8.625766020766931e-09,-7.305048491575514e-09
6.946022727272727e-01,9.431818181818182e-01,-8.216196776018349e-09,-8.085575346313967e-09
7.144886363636364e-01,9.431818181818182e-01,-8.216196776018349e-09,-8.085575346313967e-09
7.343750000000000e-01,9.431818181818182e-01,-8.216196776018349e-09,-8.085575346313967e-09
7.542613636363636e-01,9.431818181818182e-01,-8.061901012880993e-09,-8.154595687444837e-09
7.741477272727273e-01,9.431818181818182e-01,-7.341854118240057e-09,-8.476690612722390e-09
7.940340909090909e-01,9.431818181818182e-01,-6.621807223598897e-09,-8.798785537999676e-09
8.139204545454546e-01,9.431818181818182e-01,-6.158919934186799e-09,-9.005846561392300e-09
8.338068181818181e-01,9.431818181818182e-01,-6.158919934186799e-09,-9.005846561392300e-09
8.536931818181819e-01,9.431818181818182e-01,-6.158919934186799e-09,-9.005846561392300e-09
8.735795454545454e-01,9.431818181818182e-01,-6.158919934186799e-09,-9.005846561392300e-09
8.934659090909092e-01,9.431818181818182e-01,-5.575093518663234e-09,-8.733501090191812e-09
9.133522727272727e-01,9.431818181818182e-01,-4.946357378868639e-09,-8.440205967360524e-09
9.332386363636364e-01,9.431818181818182e-01,-4.362530963345074e-09,-8.167860496160037e-09
9.531250000000000e-01,9.431818181818182e-01,-4.362530963345074e-09,-8.167860496160037e-09
9.730113636363636e-01,9.431818181818182e-01,-4.362530963345074e-09,-8.167860496160037e-09
9.928977272727273e-01,9.431818181818182e-01,-4.362530963345074e-09,-8.167860496160037e-09
1.012784090909091e+00,9.431818181818182e-01,-3.997379199025394e-09,-7.807288383577629e-09
1.032670454545455e+00,9.431818181818182e-01,-3.429365343417092e-09,-7.246398430671902e-09
1.052556818181818e+00,9.431818181818182e-01,-2.861351487808773e-09,-6.685508477766099e-09
1.072443181818182e+00,9.431818181818182e-01,-2.739634233035569e-09,-6.565317773572005e-09
1.092329545454545e+00,9.431818181818182e-01,-2.739634233035569e-09,-6.565317773572005e-09
1.112215909090909e+00,9.431818181818182e-01,-2.739634233035569e-09,-6.565317773572005e-09
1.132102272727273e+00,9.431818181818182e-01,-2.566565094194280e-09,-6.315184331905598e-09
1.151988636363636e+00,9.431818181818182e-01,-2.081971505438561e-09,-5.614810695239338e-09
1.171875000000000e+00,9.431818181818182e-01,-1.597377916682885e-09,-4.914437058573181e-09
1.191761363636364e+00,9.431818181818182e-01,-1.355081122305047e-09,-4.564250240240103e-09
1.211647727272727e+00,9.431818181818182e-01,-1.355081122305047e-09,-4.564250240240103e-09
1.231534090909091e+00,9.431818181818182e-01,-1.355081122305047e-09,-4.564250240240103e-09
1.251420454545455e+00,9.431818181818182e-01,-1.329985978629164e-09,-4.508767356458651e-09
1.271306818181818e+00,9.431818181818182e-01,-9.786539671669344e-10,-3.732006983518600e-09
1.291193181818182e+00,9.431818181818182e-01,-6.273219557047047e-10,-2.955246610578548e-09
1.311079545454545e+00,9.431818181818182e-01,-3.512753752700912e-10,-2.344934888982783e-09
1.330965909090909e+00,9.431818181818182e-01,-3.512753752700912e-10,-2.344934888982783e-09
1.350852272727273e+00,9.431818181818182e-01,-3.512753752700912e-10,-2.344934888982783e-09
1.370738636363636e+00,9.431818181818182e-01,-3.512753752700912e-10,-2.344934888982783e-09
1.390625000000000e+00,9.431818181818182e-01,-2.546746470708159e-10,-1.700077794512516e-09
1.410511363636364e+00,9.431818181818182e-01,-1.317282657262856e-10,-8.793505833685528e-10
1.430397727272727e+00,9.431818181818182e-01,-8.781884381755302e-12,-5.862337222458974e-11
1.450284090909091e+00,9.431818181818182e-01,0.000000000000000e+00,0.000000000000000e+00
1.470170454545455e+00,9.431818181818182e-01,0.000000000000000e+00,0.000000000000000e+00
1.490056818181818e+00,9.431818181818182e-01,0.000000000000000e+00,0.000000000000000e+00
6.349431818181818e-01,9.659090909090909e-01,-6.322253497756278e-09,-2.197553901677548e-09
6.548295454545454e-01,9.659090909090909e-01,-5.175459612460045e-09,-4.383029094945227e-09
6.747159090909091e-01,9.659090909090909e-01,-4.929718065611034e-09,-4.851345207788406e-09
6.946022727272727e-01,9.659090909090909e-01,-4.929718065611034e-09,-4.851345207788406e-09
7.144886363636364e-01,9.659090909090909e-01,-4.929718065611034e-09,-4.851345207788406e-09
7.343750000000000e-01,9.659090909090909e-01,-4.929718065611034e-09,-4.851345207788406e-09
7.542613636363636e-01,9.659090909090909e-01,-4.775422302473551e-09,-4.920365548919150e-09
7.741477272727273e-01,9.659090909090909e-01,-4.055375407832616e-09,-5.242460474196702e-09
7.940340909090909e-01,9.659090909090909e-01,-3.695351960512099e-09,-5.403507936835408e-09
8.139204545454546e-01,9.659090909090909e-01,-3.695351960512099e-09,-5.403507936835408e-09
8.338068181818181e-01,9.659090909090909e-01,-3.695351960512099e-09,-5.403507936835408e-09
8.536931818181819e-01,9.659090909090909e-01,-3.695351960512099e-09,-5.403507936835408e-09
8.735795454545454e-01,9.659090909090909e-01,-3.695351960512099e-09,-5.403507936835408e-09
8.934659090909092e-01,9.659090909090909e-01,-3.111525544988534e-09,-5.131162465634921e-09
9.133522727272727e-01,9.659090909090909e-01,-2.617518578007058e-09,-4.900716297696048e-09
9.332386363636364e-01,9.659090909090909e-01,-2.617518578007058e-09,-4.900716297696048e-09
9.531250000000000e-01,9.659090909090909e-01,-2.617518578007058e-09,-4.900716297696048e-09
9.730113636363636e-01,9.659090909090909e-01,-2.617518578007058e-09,-4.900716297696048e-09
9.928977272727273e-01,9.659090909090909e-01,-2.617518578007058e-09,-4.900716297696048e-09
1.012784090909091e+00,9.659090909090909e-01,-2.252366813687378e-09,-4.540144185113639e-09
1.032670454545455e+00,9.659090909090909e-01,-1.684352958079144e-09,-3.979254232208041e-09
1.052556818181818e+00,9.659090909090909e-01,-1.643780539821307e-09,-3.939190664143121e-09
1.072443181818182e+00,9.659090909090909e-01,-1.643780539821307e-09,-3.939190664143121e-09
1.092329545454545e+00,9.659090909090909e-01,-1.643780539821307e-09,-3.939190664143121e-09
1.112215909090909e+00,9.659090909090909e-01,-1.643780539821307e-09,-3.939190664143121e-09
1.132102272727273e+00,9.659090909090909e-01,-1.470711400980061e-09,-3.689057222476815e-09
1.151988636363636e+00,9.659090909090909e-01,-9.861178122243849e-10,-2.988683585810659e-09
1.171875000000000e+00,9.659090909090909e-01,-8.130486733830110e-10,-2.738550144144005e-09
1.191761363636364e+00,9.659090909090909e-01,-8.130486733830110e-10,-2.738550144144005e-09
1.211647727272727e+00,9.659090909090909e-01,-8.130486733830110e-10,-2.738550144144005e-09
1.231534090909091e+00,9.659090909090909e-01,-8.130486733830110e-10,-2.738550144144005e-09
1.251420454545455e+00,9.659090909090909e-01,-7.879535297071709e-10,-2.683067260362696e-09
1.271306818181818e+00,9.659090909090909e-01,-4.366215182448988e-10,-1.906306887422501e-09
1.291193181818182e+00,9.659090909090909e-01,-2.107652251620504e-10,-1.406960933389641e-09
1.311079545454545e+00,9.659090909090909e-01,-2.107652251620504e-10,-1.406960933389641e-09
1.330965909090909e+00,9.659090909090909e-01,-2.107652251620504e-10,-1.406960933389641e-09
1.350852272727273e+00,9.659090909090909e-01,-2.107652251620504e-10,-1.406960933389641e-09
1.370738636363636e+00,9.659090909090909e-01,-2.107652251620504e-10,-1.406960933389641e-09
1.390625000000000e+00,9.659090909090909e-01,-1.141644969627860e-10,-7.621038389194467e-10
1.410511363636364e+00,9.659090909090909e-01,0.000000000000000e+00,0.000000000000000e+00
1.430397727272727e+00,9.659090909090909e-01,0.000000000000000e+00,0.000000000000000e+00
1.450284090909091e+00,9.659090909090909e-01,0.000000000000000e+00,0.000000000000000e+00
1.470170454545455e+00,9.659090909090909e-01,0.000000000000000e+00,0.000000000000000e+00
1.490056818181818e+00,9.659090909090909e-01,0.000000000000000e+00,0.000000000000000e+00
6.349431818181818e-01,9.886363636363636e-01,-1.725153204153468e-09,-1.461009698315095e-09
6.548295454545454e-01,9.886363636363636e-01,-1.643239355203721e-09,-1.617115069262844e-09
6.747159090909091e-01,9.886363636363636e-01,-1.643239355203721e-09,-1.617115069262844e-09
6.946022727272727e-01,9.886363636363636e-01,-1.643239355203721e-09,-1.617115069262844e-09
7.144886363636364e-01,9.886363636363636e-01,-1.643239355203721e-09,-1.617115069262844e-09
7.343750000000000e-01,9.886363636363636e-01,-1.643239355203721e-09,-1.617115069262844e-09
7.542613636363636e-01,9.886363636363636e-01,-1.488943592066238e-09,-1.686135410393588e-09
7.741477272727273e-01,9.886363636363636e-01,-1.231783986837398e-09,-1.801169312278516e-09
7.940340909090909e-01,9.886363636363636e-01,-1.231783986837398e-09,-1.801169312278516e-09
8.139204545454546e-01,9.886363636363636e-01,-1.231783986837398e-09,-1.801169312278516e-09
8.338068181818181e-01,9.886363636363636e-01,-1.231783986837398e-09,-1.801169312278516e-09
8.536931818181819e-01,9.886363636363636e-01,-1.231783986837398e-09,-1.801169312278516e-09
8.735795454545454e-01,9.886363636363636e-01,-1.231783986837398e-09,-1.801169312278516e-09
8.934659090909092e-01,9.886363636363636e-01,-8.725061926690421e-10,-1.633572099232059e-09
9.133522727272727e-01,9.886363636363636e-01,-8.725061926690421e-10,-1.633572099232059e-09
9.332386363636364e-01,9.886363636363636e-01,-8.725061926690421e-10,-1.633572099232059e-09
9.531250000000000e-01,9.886363636363636e-01,-8.725061926690421e-10,-1.633572099232059e-09
9.730113636363636e-01,9.886363636363636e-01,-8.725061926690421e-10,-1.633572099232059e-09
9.928977272727273e-01,9.886363636363636e-01,-8.725061926690421e-10,-1.633572099232059e-09
1.012784090909091e+00,9.886363636363636e-01,-5.479268466071309e-10,-1.313063554714442e-09
1.032670454545455e+00,9.886363636363636e-01,-5.479268466071309e-10,-1.313063554714442e-09
1.052556818181818e+00,9.886363636363636e-01,-5.479268466071309e-10,-1.313063554714442e-09
1.072443181818182e+00,9.886363636363636e-01,-5.479268466071309e-10,-1.313063554714442e-09
1.092329545454545e+00,9.886363636363636e-01,-5.479268466071309e-10,-1.313063554714442e-09
1.112215909090909e+00,9.886363636363636e-01,-5.479268466071309e-10,-1.313063554714442e-09
1.132102272727273e+00,9.886363636363636e-01,-3.748577077657994e-10,-1.062930113047931e-09
1.151988636363636e+00,9.886363636363636e-01,-2.710162244610178e-10,-9.128500480480492e-10
1.171875000000000e+00,9.886363636363636e-01,-2.710162244610178e-10,-9.128500480480492e-10
1.191761363636364e+00,9.886363636363636e-01,-2.710162244610178e-10,-9.128500480480492e-10
1.211647727272727e+00,9.886363636363636e-01,-2.710162244610178e-10,-9.128500480480492e-10
1.231534090909091e+00,9.886363636363636e-01,-2.710162244610178e-10,-9.128500480480492e-10
1.251420454545455e+00,9.886363636363636e-01,-2.459210807851352e-10,-8.573671642665972e-10
1.271306818181818e+00,9.886363636363636e-01,-7.025507505402044e-11,-4.689869777965713e-10
1.291193181818182e+00,9.886363636363636e-01,-7.025507505402044e-11,-4.689869777965713e-10
1.311079545454545e+00,9.886363636363636e-01,-7.025507505402044e-11,-4.689869777965713e-10
1.330965909090909e+00,9.886363636363636e-01,-7.025507505402044e-11,-4.689869777965713e-10
1.350852272727273e+00,9.886363636363636e-01,-7.025507505402044e-11,-4.689869777965713e-10
1.370738636363636e+00,9.886363636363636e-01,-7.025507505402044e-11,-4.689869777965713e-10
1.390625000000000e+00,9.886363636363636e-01,0.000000000000000e+00,0.000000000000000e+00
1.410511363636364e+00,9.886363636363636e-01,0.000000000000000e+00,0.000000000000000e+00
1.430397727272727e+00,9.886363636363636e-01,0.000000000000000e+00,0.000000000000000e+00
1.450284090909091e+00,9.886363636363636e-01,0.000000000000000e+00,0.000000000000000e+00
1.470170454545455e+00,9.886363636363636e-01,0.000000000000000e+00,0.000000000000000e+00
1.490056818181818e+00,9.886363636363636e-01,0.000000000000000e+00,0.000000000000000e+00
