x,y,ux,uy
7.102272727272727e-03,1.136363636363636e-02,0.000000000000000e+00,0.000000000000000e+00
2.130681818181818e-02,1.136363636363636e-02,0.000000000000000e+00,0.000000000000000e+00
3.551136363636364e-02,1.136363636363636e-02,0.000000000000000e+00,0.000000000000000e+00
4.971590909090909e-02,1.136363636363636e-02,0.000000000000000e+00,0.000000000000000e+00
6.392045454545454e-02,1.136363636363636e-02,0.000000000000000e+00,0.000000000000000e+00
7.812500000000000e-02,1.136363636363636e-02,0.000000000000000e+00,0.000000000000000e+00
9.232954545454546e-02,1.136363636363636e-02,0.000000000000000e+00,0.000000000000000e+00
1.065340909090909e-01,1.136363636363636e-02,0.000000000000000e+00,0.000000000000000e+00
1.207386363636364e-01,1.136363636363636e-02,2.837483597393117e-11,-1.950468991007439e-10
1.349431818181818e-01,1.136363636363636e-02,4.539973755828978e-11,-3.120750385611896e-10
1.491477272727273e-01,1.136363636363636e-02,4.539973755828978e-11,-3.120750385611896e-10
1.633522727272727e-01,1.136363636363636e-02,4.539973755828978e-11,-3.120750385611896e-10
1.775568181818182e-01,1.136363636363636e-02,4.539973755828978e-11,-3.120750385611896e-10
1.917613636363636e-01,1.136363636363636e-02,4.539973755828978e-11,-3.120750385611896e-10
2.059659090909091e-01,1.136363636363636e-02,4.539973755828978e-11,-3.120750385611896e-10
2.201704545454546e-01,1.136363636363636e-02,4.539973755828978e-11,-3.120750385611896e-10
2.343750000000000e-01,1.136363636363636e-02,4.539973755828978e-11,-3.120750385611896e-10
2.485795454545454e-01,1.136363636363636e-02,7.080457719693067e-13,-2.286948304503642e-10
2.627840909090909e-01,1.136363636363636e-02,-5.676481626076545e-12,-2.167833721488176e-10
2.769886363636364e-01,1.136363636363636e-02,-5.676481626076545e-12,-2.167833721488176e-10
2.911931818181818e-01,1.136363636363636e-02,-5.676481626076545e-12,-2.167833721488176e-10
3.053977272727273e-01,1.136363636363636e-02,-5.676481626076545e-12,-2.167833721488176e-10
3.196022727272727e-01,1.136363636363636e-02,-5.676481626076545e-12,-2.167833721488176e-10
3.338068181818182e-01,1.136363636363636e-02,-5.676481626076545e-12,-2.167833721488176e-10
3.480113636363636e-01,1.136363636363636e-02,-5.676481626076545e-12,-2.167833721488176e-10
3.622159090909091e-01,1.136363636363636e-02,-5.676481626076545e-12,-2.167833721488176e-10
3.764204545454545e-01,1.136363636363636e-02,-1.692950228212891e-10,1.921830901435266e-10
3.906250000000000e-01,1.136363636363636e-02,-1.692950228212891e-10,1.921830901435266e-10
4.048295454545455e-01,1.136363636363636e-02,-1.692950228212891e-10,1.921830901435266e-10
4.190340909090909e-01,1.136363636363636e-02,-1.692950228212891e-10,1.921830901435266e-10
4.332386363636364e-01,1.136363636363636e-02,-1.692950228212891e-10,1.921830901435266e-10
4.474431818181818e-01,1.136363636363636e-02,-1.692950228212891e-10,1.921830901435266e-10
4.616477272727273e-01,1.136363636363636e-02,-1.692950228212891e-10,1.921830901435266e-10
4.758522727272727e-01,1.136363636363636e-02,-1.692950228212891e-10,1.921830901435266e-10
4.900568181818182e-01,1.136363636363636e-02,-1.948443642675165e-10,2.543747051983097e-10
5.042613636363636e-01,1.136363636363636e-02,-3.736897543911105e-10,6.897160105817963e-10
5.184659090909091e-01,1.136363636363636e-02,-3.736897543911105e-10,6.897160105817963e-10
5.326704545454546e-01,1.136363636363636e-02,-3.736897543911105e-10,6.897160105817963e-10
5.468750000000000e-01,1.136363636363636e-02,-3.736897543911105e-10,6.897160105817963e-10
5.610795454545454e-01,1.136363636363636e-02,-3.736897543911105e-10,6.897160105817963e-10
5.752840909090909e-01,1.136363636363636e-02,-3.736897543911105e-10,6.897160105817963e-10
5.894886363636364e-01,1.136363636363636e-02,-3.736897543911105e-10,6.897160105817963e-10
6.036931818181818e-01,1.136363636363636e-02,-3.736897543911105e-10,6.897160105817963e-10
6.178977272727273e-01,1.136363636363636e-02,-6.940912549317644e-10,1.668473593765861e-09
7.102272727272727e-03,3.409090909090909e-02,0.000000000000000e+00,0.000000000000000e+00
2.130681818181818e-02,3.409090909090909e-02,0.000000000000000e+00,0.000000000000000e+00
3.551136363636364e-02,3.409090909090909e-02,0.000000000000000e+00,0.000000000000000e+00
4.971590909090909e-02,3.409090909090909e-02,0.000000000000000e+00,0.000000000000000e+00
6.392045454545454e-02,3.409090909090909e-02,0.000000000000000e+00,0.000000000000000e+00
7.812500000000000e-02,3.409090909090909e-02,0.000000000000000e+00,0.000000000000000e+00
9.232954545454546e-02,3.409090909090909e-02,5.674967194786222e-12,-3.900937982014870e-11
1.065340909090909e-01,3.409090909090909e-02,6.242463914264850e-11,-4.291031780216361e-10
1.207386363636364e-01,3.409090909090909e-02,1.191743110905108e-10,-8.191969762231234e-10
1.349431818181818e-01,3.409090909090909e-02,1.361992126748694e-10,-9.362251156835695e-10
1.491477272727273e-01,3.409090909090909e-02,1.361992126748694e-10,-9.362251156835695e-10
1.633522727272727e-01,3.409090909090909e-02,1.361992126748694e-10,-9.362251156835695e-10
1.775568181818182e-01,3.409090909090909e-02,1.361992126748694e-10,-9.362251156835695e-10
1.917613636363636e-01,3.409090909090909e-02,1.361992126748694e-10,-9.362251156835695e-10
2.059659090909091e-01,3.409090909090909e-02,1.361992126748694e-10,-9.362251156835695e-10
2.201704545454546e-01,3.409090909090909e-02,1.170456304807320e-10,-9.004907407789299e-10
2.343750000000000e-01,3.409090909090909e-02,5.320035650027410e-11,-7.813761577634650e-10
2.485795454545454e-01,3.409090909090909e-02,-1.064491748018380e-11,-6.622615747480001e-10
2.627840909090909e-01,3.409090909090909e-02,-1.702944487822966e-11,-6.503501164464540e-10
2.769886363636364e-01,3.409090909090909e-02,-1.702944487822964e-11,-6.503501164464529e-10
2.911931818181818e-01,3.409090909090909e-02,-1.702944487822966e-11,-6.503501164464540e-10
3.053977272727273e-01,3.409090909090909e-02,-1.702944487822964e-11,-6.503501164464529e-10
3.196022727272727e-01,3.409090909090909e-02,-1.702944487822964e-11,-6.503501164464529e-10
3.338068181818182e-01,3.409090909090909e-02,-1.702944487822966e-11,-6.503501164464540e-10
3.480113636363636e-01,3.409090909090909e-02,-1.192910331252372e-10,-3.947460775137383e-10
3.622159090909091e-01,3.409090909090909e-02,-3.238142096192532e-10,1.164620003516929e-10
3.764204545454545e-01,3.409090909090909e-02,-5.078850684638680e-10,5.765492704305807e-10
3.906250000000000e-01,3.409090909090909e-02,-5.078850684638671e-10,5.765492704305798e-10
4.048295454545455e-01,3.409090909090909e-02,-5.078850684638680e-10,5.765492704305807e-10
4.190340909090909e-01,3.409090909090909e-02,-5.078850684638680e-10,5.765492704305807e-10
4.332386363636364e-01,3.409090909090909e-02,-5.078850684638671e-10,5.765492704305798e-10
4.474431818181818e-01,3.409090909090909e-02,-5.078850684638680e-10,5.765492704305807e-10
4.616477272727273e-01,3.409090909090909e-02,-5.078850684638671e-10,5.765492704305798e-10
4.758522727272727e-01,3.409090909090909e-02,-6.867304585874602e-10,1.011890575814064e-09
4.900568181818182e-01,3.409090909090909e-02,-9.422238730497375e-10,1.633806726361902e-09
5.042613636363636e-01,3.409090909090909e-02,-1.121069263173332e-09,2.069148031745389e-09
5.184659090909091e-01,3.409090909090909e-02,-1.121069263173332e-09,2.069148031745389e-09
5.326704545454546e-01,3.409090909090909e-02,-1.121069263173332e-09,2.069148031745389e-09
5.468750000000000e-01,3.409090909090909e-02,-1.121069263173332e-09,2.069148031745389e-09
5.610795454545454e-01,3.409090909090909e-02,-1.121069263173332e-09,2.069148031745389e-09
5.752840909090909e-01,3.409090909090909e-02,-1.121069263173332e-09,2.069148031745389e-09
5.894886363636364e-01,3.409090909090909e-02,-1.121069263173332e-09,2.069148031745389e-09
6.036931818181818e-01,3.409090909090909e-02,-2.082273764795285e-09,5.005420781297556e-09
6.178977272727273e-01,3.409090909090909e-02,-3.150278766597467e-09,8.267946058577779e-09
7.102272727272727e-03,5.681818181818182e-02,0.000000000000000e+00,0.000000000000000e+00
2.130681818181818e-02,5.681818181818182e-02,0.000000000000000e+00,0.000000000000000e+00
3.551136363636364e-02,5.681818181818182e-02,0.000000000000000e+00,0.000000000000000e+00
4.971590909090909e-02,5.681818181818182e-02,0.000000000000000e+00,0.000000000000000e+00
6.392045454545454e-02,5.681818181818182e-02,0.000000000000000e+00,0.000000000000000e+00
7.812500000000000e-02,5.681818181818182e-02,3.972477036350361e-11,-2.730656587410413e-10
9.232954545454546e-02,5.681818181818182e-02,9.647444231136589e-11,-6.631594569425286e-10
1.065340909090909e-01,5.681818181818182e-02,1.532241142592282e-10,-1.053253255144016e-09
1.207386363636364e-01,5.681818181818182e-02,2.099737862070904e-10,-1.443347053345503e-09
1.349431818181818e-01,5.681818181818182e-02,2.269986877914491e-10,-1.560375192805949e-09
1.491477272727273e-01,5.681818181818182e-02,2.269986877914491e-10,-1.560375192805949e-09
1.633522727272727e-01,5.681818181818182e-02,2.269986877914491e-10,-1.560375192805949e-09
1.775568181818182e-01,5.681818181818182e-02,2.269986877914491e-10,-1.560375192805949e-09
1.917613636363636e-01,5.681818181818182e-02,2.269986877914491e-10,-1.560375192805949e-09
2.059659090909091e-01,5.681818181818182e-02,1.695379412090369e-10,-1.453172068092031e-09
2.201704545454546e-01,5.681818181818182e-02,1.056926672285789e-10,-1.334057485076566e-09
2.343750000000000e-01,5.681818181818182e-02,4.184739324812100e-11,-1.214942902061101e-09
2.485795454545454e-01,5.681818181818182e-02,-2.199788073233690e-11,-1.095828319045636e-09
2.627840909090909e-01,5.681818181818182e-02,-2.838240813038276e-11,-1.083916860744089e-09
2.769886363636364e-01,5.681818181818182e-02,-2.838240813038276e-11,-1.083916860744089e-09
2.911931818181818e-01,5.681818181818182e-02,-2.838240813038276e-11,-1.083916860744089e-09
3.053977272727273e-01,5.681818181818182e-02,-2.838240813038276e-11,-1.083916860744089e-09
3.196022727272727e-01,5.681818181818182e-02,-4.883472577978412e-11,-1.032796052957547e-09
3.338068181818182e-01,5.681818181818182e-02,-2.533579022738001e-10,-5.215879750921155e-10
3.480113636363636e-01,5.681818181818182e-02,-4.578810787678162e-10,-1.037989722668425e-11
3.622159090909091e-01,5.681818181818182e-02,-6.624042552618322e-10,5.008281806387470e-10
3.764204545454545e-01,5.681818181818182e-02,-8.464751141064460e-10,9.609154507176338e-10
3.906250000000000e-01,5.681818181818182e-02,-8.464751141064460e-10,9.609154507176338e-10
4.048295454545455e-01,5.681818181818182e-02,-8.464751141064460e-10,9.609154507176338e-10
4.190340909090909e-01,5.681818181818182e-02,-8.464751141064460e-10,9.609154507176338e-10
4.332386363636364e-01,5.681818181818182e-02,-8.464751141064460e-10,9.609154507176338e-10
4.474431818181818e-01,5.681818181818182e-02,-9.231231384451294e-10,1.147490295881986e-09
4.616477272727273e-01,5.681818181818182e-02,-1.178616552907407e-09,1.769406446429824e-09
4.758522727272727e-01,5.681818181818182e-02,-1.434109967369683e-09,2.391322596977660e-09
4.900568181818182e-01,5.681818181818182e-02,-1.689603381831960e-09,3.013238747525499e-09
5.042613636363636e-01,5.681818181818182e-02,-1.868448771955553e-09,3.448580052908982e-09
5.184659090909091e-01,5.681818181818182e-02,-1.868448771955553e-09,3.448580052908982e-09
5.326704545454546e-01,5.681818181818182e-02,-1.868448771955553e-09,3.448580052908982e-09
5.468750000000000e-01,5.681818181818182e-02,-1.868448771955553e-09,3.448580052908982e-09
5.610795454545454e-01,5.681818181818182e-02,-1.868448771955553e-09,3.448580052908982e-09
5.752840909090909e-01,5.681818181818182e-02,-2.402451272856639e-09,5.079842691549080e-09
5.894886363636364e-01,5.681818181818182e-02,-3.470456274658813e-09,8.342367968829278e-09
6.036931818181818e-01,5.681818181818182e-02,-4.538461276460988e-09,1.160489324610947e-08
6.178977272727273e-01,5.681818181818182e-02,-5.606466278263170e-09,1.486741852338970e-08
7.102272727272727e-03,7.954545454545454e-02,0.000000000000000e+00,0.000000000000000e+00
2.130681818181818e-02,7.954545454545454e-02,0.000000000000000e+00,0.000000000000000e+00
3.551136363636364e-02,7.954545454545454e-02,0.000000000000000e+00,0.000000000000000e+00
4.971590909090909e-02,7.954545454545454e-02,1.702490158435867e-11,-1.170281394604461e-10
6.392045454545454e-02,7.954545454545454e-02,7.377457353222093e-11,-5.071219376619334e-10
7.812500000000000e-02,7.954545454545454e-02,1.305242454800832e-10,-8.972157358634208e-10
9.232954545454546e-02,7.954545454545454e-02,1.872739174279455e-10,-1.287309534064908e-09
1.065340909090909e-01,7.954545454545454e-02,2.440235893758078e-10,-1.677403332266395e-09
1.207386363636364e-01,7.954545454545454e-02,3.007732613236701e-10,-2.067497130467883e-09
1.349431818181818e-01,7.954545454545454e-02,3.177981629080287e-10,-2.184525269928328e-09
1.491477272727273e-01,7.954545454545454e-02,3.177981629080288e-10,-2.184525269928329e-09
1.633522727272727e-01,7.954545454545454e-02,3.177981629080288e-10,-2.184525269928329e-09
1.775568181818182e-01,7.954545454545454e-02,2.858755259177998e-10,-2.124967978420596e-09
1.917613636363636e-01,7.954545454545454e-02,2.220302519373417e-10,-2.005853395405131e-09
2.059659090909091e-01,7.954545454545454e-02,1.581849779568838e-10,-1.886738812389666e-09
2.201704545454546e-01,7.954545454545454e-02,9.433970397642581e-11,-1.767624229374201e-09
2.343750000000000e-01,7.954545454545454e-02,3.049442999596791e-11,-1.648509646358736e-09
2.485795454545454e-01,7.954545454545454e-02,-3.335084398449000e-11,-1.529395063343271e-09
2.627840909090909e-01,7.954545454545454e-02,-3.973537138253585e-11,-1.517483605041724e-09
2.769886363636364e-01,7.954545454545454e-02,-3.973537138253585e-11,-1.517483605041724e-09
2.911931818181818e-01,7.954545454545454e-02,-3.973537138253585e-11,-1.517483605041724e-09
3.053977272727273e-01,7.954545454545454e-02,-1.829015949283470e-10,-1.159637950535923e-09
3.196022727272727e-01,7.954545454545454e-02,-3.874247714223622e-10,-6.484298726704936e-10
3.338068181818182e-01,7.954545454545454e-02,-5.919479479163782e-10,-1.372217948050623e-10
3.480113636363636e-01,7.954545454545454e-02,-7.964711244103943e-10,3.739862830603690e-10
3.622159090909091e-01,7.954545454545454e-02,-1.000994300904410e-09,8.851943609258003e-10
3.764204545454545e-01,7.954545454545454e-02,-1.185065159749024e-09,1.345281631004687e-09
3.906250000000000e-01,7.954545454545454e-02,-1.185065159749024e-09,1.345281631004687e-09
4.048295454545455e-01,7.954545454545454e-02,-1.185065159749024e-09,1.345281631004687e-09
4.190340909090909e-01,7.954545454545454e-02,-1.185065159749024e-09,1.345281631004687e-09
4.332386363636364e-01,7.954545454545454e-02,-1.415009232765073e-09,1.905006166497740e-09
4.474431818181818e-01,7.954545454545454e-02,-1.670502647227351e-09,2.526922317045578e-09
4.616477272727273e-01,7.954545454545454e-02,-1.925996061689628e-09,3.148838467593417e-09
4.758522727272727e-01,7.954545454545454e-02,-2.181489476151904e-09,3.770754618141253e-09
4.900568181818182e-01,7.954545454545454e-02,-2.436982890614181e-09,4.392670768689091e-09
5.042613636363636e-01,7.954545454545454e-02,-2.615828280737778e-09,4.828012074072581e-09
5.184659090909091e-01,7.954545454545454e-02,-2.615828280737778e-09,4.828012074072581e-09
5.326704545454546e-01,7.954545454545454e-02,-2.615828280737778e-09,4.828012074072581e-09
5.468750000000000e-01,7.954545454545454e-02,-2.722628780917998e-09,5.154264601800610e-09
5.610795454545454e-01,7.954545454545454e-02,-3.790633782720172e-09,8.416789879080807e-09
5.752840909090909e-01,7.954545454545454e-02,-4.858638784522354e-09,1.167931515636103e-08
5.894886363636364e-01,7.954545454545454e-02,-5.926643786324528e-09,1.494184043364123e-08
6.036931818181818e-01,7.954545454545454e-02,-6.994648788126702e-09,1.820436571092143e-08
6.178977272727273e-01,7.954545454545454e-02,-8.062653789928884e-09,2.146689098820165e-08
7.102272727272727e-03,1.022727272727273e-01,0.000000000000000e+00,0.000000000000000e+00
2.130681818181818e-02,1.022727272727273e-01,0.000000000000000e+00,0.000000000000000e+00
3.551136363636364e-02,1.022727272727273e-01,5.107470475307611e-11,-3.510844183813390e-10
4.971590909090909e-02,1.022727272727273e-01,1.078243767009383e-10,-7.411782165828261e-10
6.392045454545454e-02,1.022727272727273e-01,1.645740486488006e-10,-1.131272014784313e-09
7.812500000000000e-02,1.022727272727273e-01,2.213237205966629e-10,-1.521365812985801e-09
9.232954545454546e-02,1.022727272727273e-01,2.780733925445251e-10,-1.911459611187288e-09
1.065340909090909e-01,1.022727272727273e-01,3.348230644923874e-10,-2.301553409388775e-09
1.207386363636364e-01,1.022727272727273e-01,3.915727364402497e-10,-2.691647207590263e-09
1.349431818181818e-01,1.022727272727273e-01,4.085976380246084e-10,-2.808675347050709e-09
1.491477272727273e-01,1.022727272727273e-01,4.022131106265626e-10,-2.796763888749163e-09
1.633522727272727e-01,1.022727272727273e-01,3.383678366461045e-10,-2.677649305733697e-09
1.775568181818182e-01,1.022727272727273e-01,2.745225626656467e-10,-2.558534722718233e-09
1.917613636363636e-01,1.022727272727273e-01,2.106772886851886e-10,-2.439420139702767e-09
2.059659090909091e-01,1.022727272727273e-01,1.468320147047307e-10,-2.320305556687302e-09
2.201704545454546e-01,1.022727272727273e-01,8.298674072427270e-11,-2.201190973671837e-09
2.343750000000000e-01,1.022727272727273e-01,1.914146674381479e-11,-2.082076390656373e-09
2.485795454545454e-01,1.022727272727273e-01,-4.470380723664312e-11,-1.962961807640907e-09
2.627840909090909e-01,1.022727272727273e-01,-5.108833463468897e-11,-1.951050349339361e-09
2.769886363636364e-01,1.022727272727273e-01,-1.124452875828939e-10,-1.797687925979731e-09
2.911931818181818e-01,1.022727272727273e-01,-3.169684640769098e-10,-1.286479848114300e-09
3.053977272727273e-01,1.022727272727273e-01,-5.214916405709259e-10,-7.752717702488687e-10
3.196022727272727e-01,1.022727272727273e-01,-7.260148170649411e-10,-2.640636923834396e-10
3.338068181818182e-01,1.022727272727273e-01,-9.305379935589571e-10,2.471443854819919e-10
3.480113636363636e-01,1.022727272727273e-01,-1.135061170052973e-09,7.583524633474230e-10
3.622159090909091e-01,1.022727272727273e-01,-1.339584346546989e-09,1.269560541212854e-09
3.764204545454545e-01,1.022727272727273e-01,-1.523655205391603e-09,1.729647811291741e-09
3.906250000000000e-01,1.022727272727273e-01,-1.523655205391603e-09,1.729647811291741e-09
4.048295454545455e-01,1.022727272727273e-01,-1.651401912622742e-09,2.040605886565661e-09
4.190340909090909e-01,1.022727272727273e-01,-1.906895327085019e-09,2.662522037113497e-09
4.332386363636364e-01,1.022727272727273e-01,-2.162388741547296e-09,3.284438187661336e-09
4.474431818181818e-01,1.022727272727273e-01,-2.417882156009573e-09,3.906354338209174e-09
4.616477272727273e-01,1.022727272727273e-01,-2.673375570471851e-09,4.528270488757012e-09
4.758522727272727e-01,1.022727272727273e-01,-2.928868984934127e-09,5.150186639304848e-09
4.900568181818182e-01,1.022727272727273e-01,-3.184362399396405e-09,5.772102789852687e-09
5.042613636363636e-01,1.022727272727273e-01,-3.363207789519999e-09,6.207444095236173e-09
5.184659090909091e-01,1.022727272727273e-01,-3.363207789519999e-09,6.207444095236173e-09
5.326704545454546e-01,1.022727272727273e-01,-4.110811290781527e-09,8.491211789332332e-09
5.468750000000000e-01,1.022727272727273e-01,-5.178816292583701e-09,1.175373706661253e-08
5.610795454545454e-01,1.022727272727273e-01,-6.246821294385874e-09,1.501626234389273e-08
5.752840909090909e-01,1.022727272727273e-01,-7.314826296188056e-09,1.827878762117295e-08
5.894886363636364e-01,1.022727272727273e-01,-8.382831297990230e-09,2.154131289845315e-08
6.036931818181818e-01,1.022727272727273e-01,-9.450836299792403e-09,2.480383817573334e-08
6.178977272727273e-01,1.022727272727273e-01,-1.051884130159459e-08,2.806636345301356e-08
7.102272727272727e-03,1.250000000000000e-01,2.837483597393113e-11,-1.950468991007437e-10
2.130681818181818e-02,1.250000000000000e-01,8.512450792179340e-11,-5.851406973022309e-10
3.551136363636364e-02,1.250000000000000e-01,1.418741798696557e-10,-9.752344955037185e-10
4.971590909090909e-02,1.250000000000000e-01,1.986238518175179e-10,-1.365328293705206e-09
6.392045454545454e-02,1.250000000000000e-01,2.553735237653802e-10,-1.755422091906693e-09
7.812500000000000e-02,1.250000000000000e-01,3.121231957132425e-10,-2.145515890108180e-09
9.232954545454546e-02,1.250000000000000e-01,3.688728676611047e-10,-2.535609688309668e-09
1.065340909090909e-01,1.250000000000000e-01,4.256225396089670e-10,-2.925703486511155e-09
1.207386363636364e-01,1.250000000000000e-01,4.823722115568293e-10,-3.315797284712642e-09
1.349431818181818e-01,1.250000000000000e-01,4.547054213548673e-10,-3.349445216062263e-09
1.491477272727273e-01,1.250000000000000e-01,3.908601473744094e-10,-3.230330633046797e-09
1.633522727272727e-01,1.250000000000000e-01,3.270148733939515e-10,-3.111216050031333e-09
1.775568181818182e-01,1.250000000000000e-01,2.631695994134936e-10,-2.992101467015868e-09
1.917613636363636e-01,1.250000000000000e-01,1.993243254330355e-10,-2.872986884000402e-09
2.059659090909091e-01,1.250000000000000e-01,1.354790514525776e-10,-2.753872300984938e-09
2.201704545454546e-01,1.250000000000000e-01,7.163377747211961e-11,-2.634757717969472e-09
2.343750000000000e-01,1.250000000000000e-01,7.788503491661695e-12,-2.515643134954008e-09
2.485795454545454e-01,1.250000000000000e-01,-5.605677048879621e-11,-2.396528551938543e-09
2.627840909090909e-01,1.250000000000000e-01,-2.465121567314523e-10,-1.924529823558112e-09
2.769886363636364e-01,1.250000000000000e-01,-4.510353332254719e-10,-1.413321745692678e-09
2.911931818181818e-01,1.250000000000000e-01,-6.555585097194916e-10,-9.021136678272444e-10
3.053977272727273e-01,1.250000000000000e-01,-8.600816862135040e-10,-3.909055899618155e-10
3.196022727272727e-01,1.250000000000000e-01,-1.064604862707519e-09,1.203024879036135e-10
3.338068181818182e-01,1.250000000000000e-01,-1.269128039201535e-09,6.315105657690450e-10
3.480113636363636e-01,1.250000000000000e-01,-1.473651215695551e-09,1.142718643634476e-09
3.622159090909091e-01,1.250000000000000e-01,-1.678174392189567e-09,1.653926721499908e-09
3.764204545454545e-01,1.250000000000000e-01,-1.887794592480410e-09,2.176205606633580e-09
3.906250000000000e-01,1.250000000000000e-01,-2.143288006942686e-09,2.798121757181415e-09
4.048295454545455e-01,1.250000000000000e-01,-2.398781421404962e-09,3.420037907729252e-09
4.190340909090909e-01,1.250000000000000e-01,-2.654274835867239e-09,4.041954058277088e-09
4.332386363636364e-01,1.250000000000000e-01,-2.909768250329517e-09,4.663870208824928e-09
4.474431818181818e-01,1.250000000000000e-01,-3.165261664791795e-09,5.285786359372767e-09
4.616477272727273e-01,1.250000000000000e-01,-3.420755079254072e-09,5.907702509920606e-09
4.758522727272727e-01,1.250000000000000e-01,-3.676248493716348e-09,6.529618660468441e-09
4.900568181818182e-01,1.250000000000000e-01,-3.931741908178626e-09,7.151534811016280e-09
5.042613636363636e-01,1.250000000000000e-01,-4.430988798842889e-09,8.565633699583858e-09
5.184659090909091e-01,1.250000000000000e-01,-5.498993800645063e-09,1.182815897686405e-08
5.326704545454546e-01,1.250000000000000e-01,-6.566998802447229e-09,1.509068425414425e-08
5.468750000000000e-01,1.250000000000000e-01,-7.635003804249404e-09,1.835320953142445e-08
5.610795454545454e-01,1.250000000000000e-01,-8.703008806051577e-09,2.161573480870464e-08
5.752840909090909e-01,1.250000000000000e-01,-9.771013807853760e-09,2.487826008598487e-08
5.894886363636364e-01,1.250000000000000e-01,-1.083901880965593e-08,2.814078536326507e-08
6.036931818181818e-01,1.250000000000000e-01,-1.190702381145811e-08,3.140331064054526e-08
6.178977272727273e-01,1.250000000000000e-01,-1.297502881326029e-08,3.466583591782548e-08
7.102272727272727e-03,1.477272727272727e-01,2.837483597393113e-11,-1.950468991007437e-10
2.130681818181818e-02,1.477272727272727e-01,8.512450792179340e-11,-5.851406973022309e-10
3.551136363636364e-02,1.477272727272727e-01,1.418741798696557e-10,-9.752344955037185e-10
4.971590909090909e-02,1.477272727272727e-01,1.986238518175179e-10,-1.365328293705206e-09
6.392045454545454e-02,1.477272727272727e-01,2.553735237653802e-10,-1.755422091906693e-09
7.812500000000000e-02,1.477272727272727e-01,3.121231957132425e-10,-2.145515890108180e-09
9.232954545454546e-02,1.477272727272727e-01,3.688728676611047e-10,-2.535609688309668e-09
1.065340909090909e-01,1.477272727272727e-01,5.547325641310978e-10,-2.963379892188945e-09
1.207386363636364e-01,1.477272727272727e-01,1.041848984486061e-09,-3.479061709316399e-09
1.349431818181818e-01,1.477272727272727e-01,1.143292218806231e-09,-3.550386046343810e-09
1.491477272727273e-01,1.477272727272727e-01,1.079446944825771e-09,-3.431271463328344e-09
1.633522727272727e-01,1.477272727272727e-01,1.015601670845315e-09,-3.312156880312880e-09
1.775568181818182e-01,1.477272727272727e-01,9.517563968648574e-10,-3.193042297297414e-09
1.917613636363636e-01,1.477272727272727e-01,8.879111228843975e-10,-3.073927714281949e-09
2.059659090909091e-01,1.477272727272727e-01,8.240658489039415e-10,-2.954813131266485e-09
2.201704545454546e-01,1.477272727272727e-01,7.602205749234814e-10,-2.835698548251018e-09
2.343750000000000e-01,1.477272727272727e-01,8.398777905282146e-10,-2.715914501086514e-09
2.485795454545454e-01,1.477272727272727e-01,1.063037495718138e-09,-2.595460989772968e-09
2.627840909090909e-01,1.477272727272727e-01,9.012826073925241e-10,-2.123328368562729e-09
2.769886363636364e-01,1.477272727272727e-01,6.967594308985016e-10,-1.612120290697295e-09
2.911931818181818e-01,1.477272727272727e-01,4.922362544044848e-10,-1.100912212831862e-09
3.053977272727273e-01,1.477272727272727e-01,2.877130779104696e-10,-5.897041349664329e-10
3.196022727272727e-01,1.477272727272727e-01,8.318990141645433e-11,-7.849605710100370e-11
3.338068181818182e-01,1.477272727272727e-01,-1.213332750775553e-10,4.327120207644246e-10
3.480113636363636e-01,1.477272727272727e-01,-3.258564515715777e-10,9.439200986298589e-10
3.622159090909091e-01,1.477272727272727e-01,-4.141165218299441e-10,1.488727251237553e-09
3.764204545454545e-01,1.477272727272727e-01,-4.742555855320941e-10,2.054204946754129e-09
3.906250000000000e-01,1.477272727272727e-01,-7.297489999943704e-10,2.676121097301964e-09
4.048295454545455e-01,1.477272727272727e-01,-9.852424144566403e-10,3.298037247849801e-09
4.190340909090909e-01,1.477272727272727e-01,-1.240735828918916e-09,3.919953398397636e-09
4.332386363636364e-01,1.477272727272727e-01,-1.496229243381202e-09,4.541869548945477e-09
4.474431818181818e-01,1.477272727272727e-01,-1.751722657843480e-09,5.163785699493318e-09
4.616477272727273e-01,1.477272727272727e-01,-2.007216072305756e-09,5.785701850041154e-09
4.758522727272727e-01,1.477272727272727e-01,-2.262709486768033e-09,6.407618000588990e-09
4.900568181818182e-01,1.477272727272727e-01,-2.464621208446680e-09,6.891954213144453e-09
5.042613636363636e-01,1.477272727272727e-01,-2.922193449168123e-09,8.199046483273519e-09
5.184659090909091e-01,1.477272727272727e-01,-3.990198450970297e-09,1.146157176055372e-08
5.326704545454546e-01,1.477272727272727e-01,-5.058203452772462e-09,1.472409703783391e-08
5.468750000000000e-01,1.477272727272727e-01,-6.126208454574636e-09,1.798662231511411e-08
5.610795454545454e-01,1.477272727272727e-01,-7.194213456376810e-09,2.124914759239431e-08
5.752840909090909e-01,1.477272727272727e-01,-8.262218458178976e-09,2.451167286967450e-08
5.894886363636364e-01,1.477272727272727e-01,-9.330223459981149e-09,2.777419814695470e-08
6.036931818181818e-01,1.477272727272727e-01,-1.080960382679627e-08,3.126596772609372e-08
6.178977272727273e-01,1.477272727272727e-01,-1.599136247872844e-08,3.682093602196251e-08
7.102272727272727e-03,1.704545454545454e-01,2.837483597393113e-11,-1.950468991007437e-10
2.130681818181818e-02,1.704545454545454e-01,8.512450792179340e-11,-5.851406973022309e-10
3.551136363636364e-02,1.704545454545454e-01,1.418741798696557e-10,-9.752344955037185e-10
4.971590909090909e-02,1.704545454545454e-01,1.986238518175179e-10,-1.365328293705206e-09
6.392045454545454e-02,1.704545454545454e-01,2.553735237653802e-10,-1.755422091906693e-09
7.812500000000000e-02,1.704545454545454e-01,3.121231957132425e-10,-2.145515890108180e-09
9.232954545454546e-02,1.704545454545454e-01,7.562029412274963e-10,-2.648638905343038e-09
1.065340909090909e-01,1.704545454545454e-01,1.243319361582460e-09,-3.164320722470491e-09
1.207386363636364e-01,1.704545454545454e-01,1.730435781937423e-09,-3.680002539597945e-09
1.349431818181818e-01,1.704545454545454e-01,1.831879016257593e-09,-3.751326876625356e-09
1.491477272727273e-01,1.704545454545454e-01,1.768033742277133e-09,-3.632212293609891e-09
1.633522727272727e-01,1.704545454545454e-01,1.704188468296677e-09,-3.513097710594426e-09
1.775568181818182e-01,1.704545454545454e-01,1.640343194316219e-09,-3.393983127578961e-09
1.917613636363636e-01,1.704545454545454e-01,1.576497920335760e-09,-3.274868544563495e-09
2.059659090909091e-01,1.704545454545454e-01,1.541353144272339e-09,-3.155620068718222e-09
2.201704545454546e-01,1.704545454545454e-01,1.764512849462264e-09,-3.035166557404676e-09
2.343750000000000e-01,1.704545454545454e-01,1.987672554652188e-09,-2.914713046091131e-09
2.485795454545454e-01,1.704545454545454e-01,2.210832259842112e-09,-2.794259534777586e-09
2.627840909090909e-01,1.704545454545454e-01,2.049077371516498e-09,-2.322126913567347e-09
2.769886363636364e-01,1.704545454545454e-01,1.844554195022475e-09,-1.810918835701913e-09
2.911931818181818e-01,1.704545454545454e-01,1.640031018528458e-09,-1.299710757836479e-09
3.053977272727273e-01,1.704545454545454e-01,1.435507842034443e-09,-7.885026799710501e-10
3.196022727272727e-01,1.704545454545454e-01,1.230984665540428e-09,-2.772946021056209e-10
3.338068181818182e-01,1.704545454545454e-01,1.076288534575976e-09,2.483130792207769e-10
3.480113636363636e-01,1.704545454545454e-01,1.037855509847173e-09,8.075198352894392e-10
3.622159090909091e-01,1.704545454545454e-01,9.994224851183713e-10,1.366726591358102e-09
3.764204545454545e-01,1.704545454545454e-01,9.392834214162211e-10,1.932204286874678e-09
3.906250000000000e-01,1.704545454545454e-01,6.837900069539446e-10,2.554120437422514e-09
4.048295454545455e-01,1.704545454545454e-01,4.282965924916750e-10,3.176036587970349e-09
4.190340909090909e-01,1.704545454545454e-01,1.728031780293987e-10,3.797952738518185e-09
4.332386363636364e-01,1.704545454545454e-01,-8.269023643288627e-11,4.419868889066026e-09
4.474431818181818e-01,1.704545454545454e-01,-3.381836508951646e-10,5.041785039613867e-09
4.616477272727273e-01,1.704545454545454e-01,-5.639094582554253e-10,5.587267891277052e-09
4.758522727272727e-01,1.704545454545454e-01,-7.598676585136699e-10,6.056317444055583e-09
4.900568181818182e-01,1.704545454545454e-01,-9.558258587719145e-10,6.525366996834114e-09
5.042613636363636e-01,1.704545454545454e-01,-1.413398099493356e-09,7.832459266963182e-09
5.184659090909091e-01,1.704545454545454e-01,-2.481403101295530e-09,1.109498454424338e-08
5.326704545454546e-01,1.704545454545454e-01,-3.549408103097697e-09,1.435750982152357e-08
5.468750000000000e-01,1.704545454545454e-01,-4.617413104899870e-09,1.762003509880377e-08
5.610795454545454e-01,1.704545454545454e-01,-5.685418106702044e-09,2.088256037608397e-08
5.752840909090909e-01,1.704545454545454e-01,-6.753423108504209e-09,2.414508565336416e-08
5.894886363636364e-01,1.704545454545454e-01,-1.070105566539729e-08,2.901232104365629e-08
6.036931818181818e-01,1.704545454545454e-01,-1.588281431732938e-08,3.456728933952499e-08
6.178977272727273e-01,1.704545454545454e-01,-2.106457296926154e-08,4.012225763539377e-08
7.102272727272727e-03,1.931818181818182e-01,2.837483597393113e-11,-1.950468991007437e-10
2.130681818181818e-02,1.931818181818182e-01,8.512450792179340e-11,-5.851406973022309e-10
3.551136363636364e-02,1.931818181818182e-01,1.418741798696557e-10,-9.752344955037185e-10
4.971590909090909e-02,1.931818181818182e-01,1.986238518175179e-10,-1.365328293705206e-09
6.392045454545454e-02,1.931818181818182e-01,4.705568979689303e-10,-1.818216101369676e-09
7.812500000000000e-02,1.931818181818182e-01,9.576733183238948e-10,-2.333897918497130e-09
9.232954545454546e-02,1.931818181818182e-01,1.444789738678859e-09,-2.849579735624584e-09
1.065340909090909e-01,1.931818181818182e-01,1.931906159033822e-09,-3.365261552752038e-09
1.207386363636364e-01,1.931818181818182e-01,2.419022579388786e-09,-3.880943369879490e-09
1.349431818181818e-01,1.931818181818182e-01,2.520465813708955e-09,-3.952267706906902e-09
1.491477272727273e-01,1.931818181818182e-01,2.456620539728495e-09,-3.833153123891436e-09
1.633522727272727e-01,1.931818181818182e-01,2.392775265748041e-09,-3.714038540875973e-09
1.775568181818182e-01,1.931818181818182e-01,2.328929991767581e-09,-3.594923957860507e-09
1.917613636363636e-01,1.931818181818182e-01,2.465988203206391e-09,-3.474872125036385e-09
2.059659090909091e-01,1.931818181818182e-01,2.689147908396315e-09,-3.354418613722840e-09
2.201704545454546e-01,1.931818181818182e-01,2.912307613586241e-09,-3.233965102409294e-09
2.343750000000000e-01,1.931818181818182e-01,3.135467318776165e-09,-3.113511591095749e-09
2.485795454545454e-01,1.931818181818182e-01,3.358627023966088e-09,-2.993058079782203e-09
2.627840909090909e-01,1.931818181818182e-01,3.196872135640471e-09,-2.520925458571964e-09
2.769886363636364e-01,1.931818181818182e-01,2.992348959146452e-09,-2.009717380706530e-09
2.911931818181818e-01,1.931818181818182e-01,2.787825782652432e-09,-1.498509302841097e-09
3.053977272727273e-01,1.931818181818182e-01,2.583302606158420e-09,-9.873012249756677e-10
3.196022727272727e-01,1.931818181818182e-01,2.528260566253093e-09,-4.328943367273324e-10
3.338068181818182e-01,1.931818181818182e-01,2.489827541524291e-09,1.263124193413257e-10
3.480113636363636e-01,1.931818181818182e-01,2.451394516795489e-09,6.855191754099881e-10
3.622159090909091e-01,1.931818181818182e-01,2.412961492066686e-09,1.244725931478651e-09
3.764204545454545e-01,1.931818181818182e-01,2.352822428364536e-09,1.810203626995227e-09
3.906250000000000e-01,1.931818181818182e-01,2.097329013902260e-09,2.432119777543063e-09
4.048295454545455e-01,1.931818181818182e-01,1.841835599439991e-09,3.054035928090898e-09
4.190340909090909e-01,1.931818181818182e-01,1.586342184977714e-09,3.675952078638734e-09
4.332386363636364e-01,1.931818181818182e-01,1.336802291935832e-09,4.282581569409646e-09
4.474431818181818e-01,1.931818181818182e-01,1.140844091677585e-09,4.751631122188181e-09
4.616477272727273e-01,1.931818181818182e-01,9.448858914193414e-10,5.220680674966713e-09
4.758522727272727e-01,1.931818181818182e-01,7.489276911610967e-10,5.689730227745244e-09
4.900568181818182e-01,1.931818181818182e-01,5.529694909028521e-10,6.158779780523776e-09
5.042613636363636e-01,1.931818181818182e-01,9.539725018141793e-11,7.465872050652841e-09
5.184659090909091e-01,1.931818181818182e-01,-9.726077516207559e-10,1.072839732793304e-08
5.326704545454546e-01,1.931818181818182e-01,-2.040612753422929e-09,1.399092260521324e-08
5.468750000000000e-01,1.931818181818182e-01,-3.108617755225104e-09,1.725344788249343e-08
5.610795454545454e-01,1.931818181818182e-01,-5.410748852066224e-09,2.120370606535016e-08
5.752840909090909e-01,1.931818181818182e-01,-1.059250750399831e-08,2.675867436121886e-08
5.894886363636364e-01,1.931818181818182e-01,-1.577426615593039e-08,3.231364265708756e-08
6.036931818181818e-01,1.931818181818182e-01,-2.095602480786248e-08,3.786861095295626e-08
6.178977272727273e-01,1.931818181818182e-01,-2.613778345979465e-08,4.342357924882505e-08
7.102272727272727e-03,2.159090909090909e-01,2.837483597393113e-11,-1.950468991007437e-10
2.130681818181818e-02,2.159090909090909e-01,8.512450792179340e-11,-5.851406973022309e-10
3.551136363636364e-02,2.159090909090909e-01,1.849108547103662e-10,-9.877932973963154e-10
4.971590909090909e-02,2.159090909090909e-01,6.720272750653298e-10,-1.503475114523769e-09
6.392045454545454e-02,2.159090909090909e-01,1.159143695420293e-09,-2.019156931651222e-09
7.812500000000000e-02,2.159090909090909e-01,1.646260115775258e-09,-2.534838748778676e-09
9.232954545454546e-02,2.159090909090909e-01,2.133376536130222e-09,-3.050520565906131e-09
1.065340909090909e-01,2.159090909090909e-01,2.620492956485185e-09,-3.566202383033584e-09
1.207386363636364e-01,2.159090909090909e-01,3.107609376840149e-09,-4.081884200161037e-09
1.349431818181818e-01,2.159090909090909e-01,3.209052611160317e-09,-4.153208537188448e-09
1.491477272727273e-01,2.159090909090909e-01,3.145207337179859e-09,-4.034093954172983e-09
1.633522727272727e-01,2.159090909090909e-01,3.167463556950518e-09,-3.914577692668094e-09
1.775568181818182e-01,2.159090909090909e-01,3.390623262140442e-09,-3.794124181354549e-09
1.917613636363636e-01,2.159090909090909e-01,3.613782967330367e-09,-3.673670670041003e-09
2.059659090909091e-01,2.159090909090909e-01,3.836942672520291e-09,-3.553217158727458e-09
2.201704545454546e-01,2.159090909090909e-01,4.060102377710217e-09,-3.432763647413912e-09
2.343750000000000e-01,2.159090909090909e-01,4.283262082900141e-09,-3.312310136100367e-09
2.485795454545454e-01,2.159090909090909e-01,4.506421788090065e-09,-3.191856624786821e-09
2.627840909090909e-01,2.159090909090909e-01,4.344666899764445e-09,-2.719724003576582e-09
2.769886363636364e-01,2.159090909090909e-01,4.140143723270428e-09,-2.208515925711148e-09
2.911931818181818e-01,2.159090909090909e-01,4.018665622659019e-09,-1.673308508744100e-09
3.053977272727273e-01,2.159090909090909e-01,3.980232597930217e-09,-1.114101752675442e-09
3.196022727272727e-01,2.159090909090909e-01,3.941799573201415e-09,-5.548949966067837e-10
3.338068181818182e-01,2.159090909090909e-01,3.903366548472613e-09,4.311759461874386e-12
3.480113636363636e-01,2.159090909090909e-01,3.864933523743811e-09,5.635185155305367e-10
3.622159090909091e-01,2.159090909090909e-01,3.826500499015009e-09,1.122725271599199e-09
3.764204545454545e-01,2.159090909090909e-01,3.766361435312852e-09,1.688202967115776e-09
3.906250000000000e-01,2.159090909090909e-01,3.510868020850582e-09,2.310119117663611e-09
4.048295454545455e-01,2.159090909090909e-01,3.255374606388306e-09,2.932035268211447e-09
4.190340909090909e-01,2.159090909090909e-01,3.041555841868852e-09,3.446944800320770e-09
4.332386363636364e-01,2.159090909090909e-01,2.845597641610606e-09,3.915994353099306e-09
4.474431818181818e-01,2.159090909090909e-01,2.649639441352360e-09,4.385043905877841e-09
4.616477272727273e-01,2.159090909090909e-01,2.453681241094115e-09,4.854093458656373e-09
4.758522727272727e-01,2.159090909090909e-01,2.257723040835871e-09,5.323143011434904e-09
4.900568181818182e-01,2.159090909090909e-01,2.061764840577627e-09,5.792192564213436e-09
5.042613636363636e-01,2.159090909090909e-01,1.604192599856185e-09,7.099284834342504e-09
5.184659090909091e-01,2.159090909090909e-01,5.361875980540105e-10,1.036181011162270e-08
5.326704545454546e-01,2.159090909090909e-01,-5.318174037481555e-10,1.362433538890290e-08
5.468750000000000e-01,2.159090909090909e-01,-5.302200690667244e-09,1.895005938291273e-08
5.610795454545454e-01,2.159090909090909e-01,-1.048395934259933e-08,2.450502767878143e-08
5.752840909090909e-01,2.159090909090909e-01,-1.566571799453142e-08,3.005999597465013e-08
5.894886363636364e-01,2.159090909090909e-01,-2.084747664646350e-08,3.561496427051883e-08
6.036931818181818e-01,2.159090909090909e-01,-2.602923529839559e-08,4.116993256638753e-08
6.178977272727273e-01,2.159090909090909e-01,-3.121099395032774e-08,4.672490086225632e-08
7.102272727272727e-03,2.386363636363636e-01,2.837483597393113e-11,-1.950468991007437e-10
2.130681818181818e-02,2.386363636363636e-01,3.863812318067647e-10,-6.730523105504074e-10
3.551136363636364e-02,2.386363636363636e-01,8.734976521617291e-10,-1.188734127677862e-09
4.971590909090909e-02,2.386363636363636e-01,1.360614072516693e-09,-1.704415944805315e-09
6.392045454545454e-02,2.386363636363636e-01,1.847730492871656e-09,-2.220097761932768e-09
7.812500000000000e-02,2.386363636363636e-01,2.334846913226620e-09,-2.735779579060223e-09
9.232954545454546e-02,2.386363636363636e-01,2.821963333581585e-09,-3.251461396187677e-09
1.065340909090909e-01,2.386363636363636e-01,3.309079753936548e-09,-3.767143213315131e-09
1.207386363636364e-01,2.386363636363636e-01,3.796196174291512e-09,-4.282825030442584e-09
1.349431818181818e-01,2.386363636363636e-01,3.897639408611681e-09,-4.354149367469995e-09
1.491477272727273e-01,2.386363636363636e-01,4.092098615884568e-09,-4.233829748986257e-09
1.633522727272727e-01,2.386363636363636e-01,4.315258321074491e-09,-4.113376237672712e-09
1.775568181818182e-01,2.386363636363636e-01,4.538418026264416e-09,-3.992922726359166e-09
1.917613636363636e-01,2.386363636363636e-01,4.761577731454341e-09,-3.872469215045620e-09
2.059659090909091e-01,2.386363636363636e-01,4.984737436644265e-09,-3.752015703732075e-09
2.201704545454546e-01,2.386363636363636e-01,5.207897141834190e-09,-3.631562192418529e-09
2.343750000000000e-01,2.386363636363636e-01,5.431056847024114e-09,-3.511108681104984e-09
2.485795454545454e-01,2.386363636363636e-01,5.654216552214038e-09,-3.390655169791438e-09
2.627840909090909e-01,2.386363636363636e-01,5.509070679064939e-09,-2.913722680760876e-09
2.769886363636364e-01,2.386363636363636e-01,5.470637654336136e-09,-2.354515924692214e-09
2.911931818181818e-01,2.386363636363636e-01,5.432204629607335e-09,-1.795309168623551e-09
3.053977272727273e-01,2.386363636363636e-01,5.393771604878533e-09,-1.236102412554893e-09
3.196022727272727e-01,2.386363636363636e-01,5.355338580149731e-09,-6.768956564862348e-10
3.338068181818182e-01,2.386363636363636e-01,5.316905555420929e-09,-1.176889004175766e-10
3.480113636363636e-01,2.386363636363636e-01,5.278472530692126e-09,4.415178556510859e-10
3.622159090909091e-01,2.386363636363636e-01,5.240039505963324e-09,1.000724611719748e-09
3.764204545454545e-01,2.386363636363636e-01,5.179900442261167e-09,1.566202307236325e-09
3.906250000000000e-01,2.386363636363636e-01,4.942267592060107e-09,2.142258478453369e-09
4.048295454545455e-01,2.386363636363636e-01,4.746309391801863e-09,2.611308031231901e-09
4.190340909090909e-01,2.386363636363636e-01,4.550351191543618e-09,3.080357584010432e-09
4.332386363636364e-01,2.386363636363636e-01,4.354392991285373e-09,3.549407136788968e-09
4.474431818181818e-01,2.386363636363636e-01,4.158434791027126e-09,4.018456689567503e-09
4.616477272727273e-01,2.386363636363636e-01,3.962476590768882e-09,4.487506242346034e-09
4.758522727272727e-01,2.386363636363636e-01,3.766518390510637e-09,4.956555795124566e-09
4.900568181818182e-01,2.386363636363636e-01,3.570560190252393e-09,5.425605347903098e-09
5.042613636363636e-01,2.386363636363636e-01,3.112987949530951e-09,6.732697618032164e-09
5.184659090909091e-01,2.386363636363636e-01,-1.189387733622775e-11,1.114144440460664e-08
5.326704545454546e-01,2.386363636363636e-01,-5.193652529268312e-09,1.669641270047534e-08
5.468750000000000e-01,2.386363636363636e-01,-1.037541118120040e-08,2.225138099634404e-08
5.610795454545454e-01,2.386363636363636e-01,-1.555716983313248e-08,2.780634929221274e-08
5.752840909090909e-01,2.386363636363636e-01,-2.073892848506457e-08,3.336131758808144e-08
5.894886363636364e-01,2.386363636363636e-01,-2.592068713699665e-08,3.891628588395013e-08
6.036931818181818e-01,2.386363636363636e-01,-3.110244578892873e-08,4.447125417981883e-08
6.178977272727273e-01,2.386363636363636e-01,-3.628420444086090e-08,5.002622247568761e-08
7.102272727272727e-03,2.613636363636364e-01,2.435582101774820e-10,-2.578409085637269e-10
2.130681818181818e-02,2.613636363636364e-01,7.306746305324458e-10,-7.735227256911806e-10
3.551136363636364e-02,2.613636363636364e-01,1.217791050887410e-09,-1.289204542818635e-09
4.971590909090909e-02,2.613636363636364e-01,1.704907471242374e-09,-1.804886359946088e-09
6.392045454545454e-02,2.613636363636364e-01,2.192023891597338e-09,-2.320568177073542e-09
7.812500000000000e-02,2.613636363636364e-01,2.679140311952302e-09,-2.836249994200996e-09
9.232954545454546e-02,2.613636363636364e-01,3.166256732307266e-09,-3.351931811328450e-09
1.065340909090909e-01,2.613636363636364e-01,3.653373152662229e-09,-3.867613628455903e-09
1.207386363636364e-01,2.613636363636364e-01,4.379574289099425e-09,-4.369629806244620e-09
1.349431818181818e-01,2.613636363636364e-01,4.825371838488201e-09,-4.431817509860131e-09
1.491477272727273e-01,2.613636363636364e-01,5.048531543678126e-09,-4.311363998546586e-09
1.633522727272727e-01,2.613636363636364e-01,5.271691248868050e-09,-4.190910487233040e-09
1.775568181818182e-01,2.613636363636364e-01,5.494850954057975e-09,-4.070456975919495e-09
1.917613636363636e-01,2.613636363636364e-01,5.718010659247900e-09,-3.950003464605948e-09
2.059659090909091e-01,2.613636363636364e-01,5.941170364437824e-09,-3.829549953292403e-09
2.201704545454546e-01,2.613636363636364e-01,6.164330069627749e-09,-3.709096441978857e-09
2.343750000000000e-01,2.613636363636364e-01,6.387489774817673e-09,-3.588642930665311e-09
2.485795454545454e-01,2.613636363636364e-01,6.860357689312073e-09,-3.539261705767519e-09
2.627840909090909e-01,2.613636363636364e-01,6.883756538904361e-09,-3.034083457948054e-09
2.769886363636364e-01,2.613636363636364e-01,6.845323514175554e-09,-2.474876701879391e-09
2.911931818181818e-01,2.613636363636364e-01,6.806890489446745e-09,-1.915669945810728e-09
3.053977272727273e-01,2.613636363636364e-01,6.768457464717949e-09,-1.356463189742070e-09
3.196022727272727e-01,2.613636363636364e-01,6.730024439989147e-09,-7.972564336734124e-10
3.338068181818182e-01,2.613636363636364e-01,6.691591415260351e-09,-2.380496776047548e-10
3.480113636363636e-01,2.613636363636364e-01,6.653158390531542e-09,3.211570784639084e-10
3.622159090909091e-01,2.613636363636364e-01,6.614725365802734e-09,8.803638345325715e-10
3.764204545454545e-01,2.613636363636364e-01,6.727317509485819e-09,1.246409333120017e-09
3.906250000000000e-01,2.613636363636364e-01,6.531359309227582e-09,1.715458885898546e-09
4.048295454545455e-01,2.613636363636364e-01,6.335401108969347e-09,2.184508438677075e-09
4.190340909090909e-01,2.613636363636364e-01,6.139442908711102e-09,2.653557991455607e-09
4.332386363636364e-01,2.613636363636364e-01,5.943484708452857e-09,3.122607544234139e-09
4.474431818181818e-01,2.613636363636364e-01,5.747526508194594e-09,3.591657097012682e-09
4.616477272727273e-01,2.613636363636364e-01,5.551568307936357e-09,4.060706649791211e-09
4.758522727272727e-01,2.613636363636364e-01,5.355610107678113e-09,4.529756202569743e-09
4.900568181818182e-01,2.613636363636364e-01,5.142658257597956e-09,4.983720145983150e-09
5.042613636363636e-01,2.613636363636364e-01,3.332004373084164e-09,6.872946056132887e-09
5.184659090909091e-01,2.613636363636364e-01,-1.849754278847920e-09,1.242791435200159e-08
5.326704545454546e-01,2.613636363636364e-01,-7.031512930780004e-09,1.798288264787028e-08
5.468750000000000e-01,2.613636363636364e-01,-1.221327158271209e-08,2.353785094373898e-08
5.610795454545454e-01,2.613636363636364e-01,-1.739503023464417e-08,2.909281923960768e-08
5.752840909090909e-01,2.613636363636364e-01,-2.257678888657625e-08,3.464778753547636e-08
5.894886363636364e-01,2.613636363636364e-01,-2.775854753850833e-08,4.020275583134507e-08
6.036931818181818e-01,2.613636363636364e-01,-3.294030619044042e-08,4.575772412721376e-08
6.178977272727273e-01,2.613636363636364e-01,-3.931515668421224e-08,5.151875285935429e-08
7.102272727272727e-03,2.840909090909091e-01,2.435582101774820e-10,-2.578409085637269e-10
2.130681818181818e-02,2.840909090909091e-01,7.306746305324458e-10,-7.735227256911806e-10
3.551136363636364e-02,2.840909090909091e-01,1.217791050887410e-09,-1.289204542818635e-09
4.971590909090909e-02,2.840909090909091e-01,1.704907471242374e-09,-1.804886359946088e-09
6.392045454545454e-02,2.840909090909091e-01,2.192023891597338e-09,-2.320568177073542e-09
7.812500000000000e-02,2.840909090909091e-01,2.679140311952302e-09,-2.836249994200996e-09
9.232954545454546e-02,2.840909090909091e-01,3.214073675523714e-09,-3.349198683460702e-09
1.065340909090909e-01,2.840909090909091e-01,4.179359528043144e-09,-3.837549221910681e-09
1.207386363636364e-01,2.840909090909091e-01,5.144645380562571e-09,-4.325899760360658e-09
1.349431818181818e-01,2.840909090909091e-01,5.590442929951348e-09,-4.388087463976169e-09
1.491477272727273e-01,2.840909090909091e-01,5.813602635141270e-09,-4.267633952662624e-09
1.633522727272727e-01,2.840909090909091e-01,6.036762340331198e-09,-4.147180441349078e-09
1.775568181818182e-01,2.840909090909091e-01,6.259922045521121e-09,-4.026726930035533e-09
1.917613636363636e-01,2.840909090909091e-01,6.483081750711046e-09,-3.906273418721987e-09
2.059659090909091e-01,2.840909090909091e-01,6.706241455900971e-09,-3.785819907408441e-09
2.201704545454546e-01,2.840909090909091e-01,7.036418965078533e-09,-3.695825947415934e-09
2.343750000000000e-01,2.840909090909091e-01,7.616304683560564e-09,-3.676904273839179e-09
2.485795454545454e-01,2.840909090909091e-01,8.196190402042597e-09,-3.657982600262424e-09
2.627840909090909e-01,2.840909090909091e-01,8.219589251634879e-09,-3.152804352442958e-09
2.769886363636364e-01,2.840909090909091e-01,8.181156226906070e-09,-2.593597596374295e-09
2.911931818181818e-01,2.840909090909091e-01,8.142723202177268e-09,-2.034390840305633e-09
3.053977272727273e-01,2.840909090909091e-01,8.104290177448473e-09,-1.475184084236975e-09
3.196022727272727e-01,2.840909090909091e-01,8.065857152719671e-09,-9.159773281683170e-10
3.338068181818182e-01,2.840909090909091e-01,8.027424127990870e-09,-3.567705720996589e-10
3.480113636363636e-01,2.840909090909091e-01,8.093227156990092e-09,8.734522324887834e-11
3.622159090909091e-01,2.840909090909091e-01,8.263266239717330e-09,4.163700578772845e-10
3.764204545454545e-01,2.840909090909091e-01,8.396705594146013e-09,7.593973643207063e-10
3.906250000000000e-01,2.840909090909091e-01,8.200747393887776e-09,1.228446917099235e-09
4.048295454545455e-01,2.840909090909091e-01,8.004789193629532e-09,1.697496469877767e-09
4.190340909090909e-01,2.840909090909091e-01,7.808830993371287e-09,2.166546022656299e-09
4.332386363636364e-01,2.840909090909091e-01,7.612872793113042e-09,2.635595575434830e-09
4.474431818181818e-01,2.840909090909091e-01,7.416914592854787e-09,3.104645128213372e-09
4.616477272727273e-01,2.840909090909091e-01,7.220956392596550e-09,3.573694680991900e-09
4.758522727272727e-01,2.840909090909091e-01,6.906042643584960e-09,3.937144968214533e-09
4.900568181818182e-01,2.840909090909091e-01,6.540147945107651e-09,4.255338427341779e-09
5.042613636363636e-01,2.840909090909091e-01,4.729494060593846e-09,6.144564337491521e-09
5.184659090909091e-01,2.840909090909091e-01,-4.522645913382387e-10,1.169953263336022e-08
5.326704545454546e-01,2.840909090909091e-01,-5.634023243270309e-09,1.725450092922891e-08
5.468750000000000e-01,2.840909090909091e-01,-1.081578189520239e-08,2.280946922509761e-08
5.610795454545454e-01,2.840909090909091e-01,-1.599754054713448e-08,2.836443752096631e-08
5.752840909090909e-01,2.840909090909091e-01,-2.117929919906656e-08,3.391940581683500e-08
5.894886363636364e-01,2.840909090909091e-01,-2.636105785099865e-08,3.947437411270370e-08
6.036931818181818e-01,2.840909090909091e-01,-3.512209202844972e-08,4.564752371738762e-08
6.178977272727273e-01,2.840909090909091e-01,-4.428082348651417e-08,5.188936013416222e-08
7.102272727272727e-03,3.068181818181818e-01,2.435582101774820e-10,-2.578409085637269e-10
2.130681818181818e-02,3.068181818181818e-01,7.306746305324458e-10,-7.735227256911806e-10
3.551136363636364e-02,3.068181818181818e-01,1.217791050887410e-09,-1.289204542818635e-09
4.971590909090909e-02,3.068181818181818e-01,1.704907471242374e-09,-1.804886359946088e-09
6.392045454545454e-02,3.068181818181818e-01,2.192023891597338e-09,-2.320568177073542e-09
7.812500000000000e-02,3.068181818181818e-01,3.013858914467428e-09,-2.817118099126762e-09
9.232954545454546e-02,3.068181818181818e-01,3.979144766986858e-09,-3.305468637576741e-09
1.065340909090909e-01,3.068181818181818e-01,4.944430619506288e-09,-3.793819176026720e-09
1.207386363636364e-01,3.068181818181818e-01,5.909716472025715e-09,-4.282169714476696e-09
1.349431818181818e-01,3.068181818181818e-01,6.355514021414491e-09,-4.344357418092207e-09
1.491477272727273e-01,3.068181818181818e-01,6.578673726604414e-09,-4.223903906778662e-09
1.633522727272727e-01,3.068181818181818e-01,6.801833431794341e-09,-4.103450395465116e-09
1.775568181818182e-01,3.068181818181818e-01,7.024993136984265e-09,-3.982996884151571e-09
1.917613636363636e-01,3.068181818181818e-01,7.248152842174190e-09,-3.862543372838025e-09
2.059659090909091e-01,3.068181818181818e-01,7.792365959327015e-09,-3.833468515487592e-09
2.201704545454546e-01,3.068181818181818e-01,8.372251677809050e-09,-3.814546841910837e-09
2.343750000000000e-01,3.068181818181818e-01,8.952137396291081e-09,-3.795625168334083e-09
2.485795454545454e-01,3.068181818181818e-01,9.532023114773115e-09,-3.776703494757329e-09
2.627840909090909e-01,3.068181818181818e-01,9.555421964365397e-09,-3.271525246937862e-09
2.769886363636364e-01,3.068181818181818e-01,9.516988939636589e-09,-2.712318490869199e-09
2.911931818181818e-01,3.068181818181818e-01,9.478555914907787e-09,-2.153111734800537e-09
3.053977272727273e-01,3.068181818181818e-01,9.440122890178992e-09,-1.593904978731879e-09
3.196022727272727e-01,3.068181818181818e-01,9.422537076195796e-09,-1.057716414807247e-09
3.338068181818182e-01,3.068181818181818e-01,9.592576158923034e-09,-7.286915801788409e-10
3.480113636363636e-01,3.068181818181818e-01,9.762615241650277e-09,-3.996667455504296e-10
3.622159090909091e-01,3.068181818181818e-01,9.932654324377515e-09,-7.064191092202344e-11
3.764204545454545e-01,3.068181818181818e-01,1.006609367880620e-08,2.723853955213981e-10
3.906250000000000e-01,3.068181818181818e-01,9.870135478547959e-09,7.414349482999273e-10
4.048295454545455e-01,3.068181818181818e-01,9.674177278289715e-09,1.210484501078459e-09
4.190340909090909e-01,3.068181818181818e-01,9.478219078031472e-09,1.679534053856991e-09
4.332386363636364e-01,3.068181818181818e-01,9.282260877773226e-09,2.148583606635522e-09
4.474431818181818e-01,3.068181818181818e-01,9.035321728049259e-09,2.572376331318674e-09
4.616477272727273e-01,3.068181818181818e-01,8.669427029571950e-09,2.890569790445921e-09
4.758522727272727e-01,3.068181818181818e-01,8.303532331094643e-09,3.208763249573167e-09
4.900568181818182e-01,3.068181818181818e-01,7.937637632617335e-09,3.526956708700413e-09
5.042613636363636e-01,3.068181818181818e-01,6.126983748103529e-09,5.416182618850156e-09
5.184659090909091e-01,3.068181818181818e-01,9.452250961714443e-10,1.097115091471885e-08
5.326704545454546e-01,3.068181818181818e-01,-4.236533555760628e-09,1.652611921058754e-08
5.468750000000000e-01,3.068181818181818e-01,-9.418292207692713e-09,2.208108750645624e-08
5.610795454545454e-01,3.068181818181818e-01,-1.460005085962480e-08,2.763605580232494e-08
5.752840909090909e-01,3.068181818181818e-01,-2.177029591462299e-08,3.353445815864654e-08
5.894886363636364e-01,3.068181818181818e-01,-3.092902737268729e-08,3.977629457542104e-08
6.036931818181818e-01,3.068181818181818e-01,-4.008775883075160e-08,4.601813099219554e-08
6.178977272727273e-01,3.068181818181818e-01,-4.924649028881605e-08,5.225996740897014e-08
7.102272727272727e-03,3.295454545454545e-01,2.435582101774820e-10,-2.578409085637269e-10
2.130681818181818e-02,3.295454545454545e-01,7.306746305324458e-10,-7.735227256911806e-10
3.551136363636364e-02,3.295454545454545e-01,1.217791050887410e-09,-1.289204542818635e-09
4.971590909090909e-02,3.295454545454545e-01,1.848358300891711e-09,-1.796686976342844e-09
6.392045454545454e-02,3.295454545454545e-01,2.813644153411141e-09,-2.285037514792823e-09
7.812500000000000e-02,3.295454545454545e-01,3.778930005930571e-09,-2.773388053242801e-09
9.232954545454546e-02,3.295454545454545e-01,4.744215858450001e-09,-3.261738591692780e-09
1.065340909090909e-01,3.295454545454545e-01,5.709501710969432e-09,-3.750089130142758e-09
1.207386363636364e-01,3.295454545454545e-01,6.674787563488858e-09,-4.238439668592735e-09
1.349431818181818e-01,3.295454545454545e-01,7.120585112877634e-09,-4.300627372208247e-09
1.491477272727273e-01,3.295454545454545e-01,7.343744818067558e-09,-4.180173860894701e-09
1.633522727272727e-01,3.295454545454545e-01,7.566904523257485e-09,-4.059720349581155e-09
1.775568181818182e-01,3.295454545454545e-01,7.968427235093465e-09,-3.990032757136005e-09
1.917613636363636e-01,3.295454545454545e-01,8.548312953575499e-09,-3.971111083559250e-09
2.059659090909091e-01,3.295454545454545e-01,9.128198672057532e-09,-3.952189409982495e-09
2.201704545454546e-01,3.295454545454545e-01,9.708084390539569e-09,-3.933267736405741e-09
2.343750000000000e-01,3.295454545454545e-01,1.028797010902160e-08,-3.914346062828987e-09
2.485795454545454e-01,3.295454545454545e-01,1.086785582750363e-08,-3.895424389252232e-09
2.627840909090909e-01,3.295454545454545e-01,1.089125467709592e-08,-3.390246141432766e-09
2.769886363636364e-01,3.295454545454545e-01,1.085282165236711e-08,-2.831039385364103e-09
2.911931818181818e-01,3.295454545454545e-01,1.081438862763831e-08,-2.271832629295441e-09
3.053977272727273e-01,3.295454545454545e-01,1.092188607812874e-08,-1.873753218234961e-09
3.196022727272727e-01,3.295454545454545e-01,1.109192516085598e-08,-1.544728383606555e-09
3.338068181818182e-01,3.295454545454545e-01,1.126196424358322e-08,-1.215703548978149e-09
3.480113636363636e-01,3.295454545454545e-01,1.143200332631046e-08,-8.866787143497375e-10
3.622159090909091e-01,3.295454545454545e-01,1.160204240903770e-08,-5.576538797213315e-10
3.764204545454545e-01,3.295454545454545e-01,1.173548176346638e-08,-2.146265732779098e-10
3.906250000000000e-01,3.295454545454545e-01,1.153952356320814e-08,2.544229795006194e-10
4.048295454545455e-01,3.295454545454545e-01,1.134356536294990e-08,7.234725322791511e-10
4.190340909090909e-01,3.295454545454545e-01,1.114760716269166e-08,1.192522085057683e-09
4.332386363636364e-01,3.295454545454545e-01,1.079870611403626e-08,1.525801153550058e-09
4.474431818181818e-01,3.295454545454545e-01,1.043281141555894e-08,1.843994612677309e-09
4.616477272727273e-01,3.295454545454545e-01,1.006691671708163e-08,2.162188071804556e-09
4.758522727272727e-01,3.295454545454545e-01,9.701022018604323e-09,2.480381530931802e-09
4.900568181818182e-01,3.295454545454545e-01,9.335127320127015e-09,2.798574990059048e-09
5.042613636363636e-01,3.295454545454545e-01,7.524473435613210e-09,4.687800900208791e-09
5.184659090909091e-01,3.295454545454545e-01,2.342714783681125e-09,1.024276919607749e-08
5.326704545454546e-01,3.295454545454545e-01,-2.839043868250946e-09,1.579773749194618e-08
5.468750000000000e-01,3.295454545454545e-01,-8.418499800796267e-09,2.142139259990546e-08
5.610795454545454e-01,3.295454545454545e-01,-1.757723125886057e-08,2.766322901667996e-08
5.752840909090909e-01,3.295454545454545e-01,-2.673596271692487e-08,3.390506543345446e-08
5.894886363636364e-01,3.295454545454545e-01,-3.589469417498918e-08,4.014690185022896e-08
6.036931818181818e-01,3.295454545454545e-01,-4.505342563305348e-08,4.638873826700346e-08
6.178977272727273e-01,3.295454545454545e-01,-5.421215709111794e-08,5.263057468377806e-08
7.102272727272727e-03,3.522727272727273e-01,2.435582101774820e-10,-2.578409085637269e-10
2.130681818181818e-02,3.522727272727273e-01,7.306746305324458e-10,-7.735227256911806e-10
3.551136363636364e-02,3.522727272727273e-01,1.648143539835430e-09,-1.264606392008907e-09
4.971590909090909e-02,3.522727272727273e-01,2.613429392354856e-09,-1.752956930458883e-09
6.392045454545454e-02,3.522727272727273e-01,3.578715244874287e-09,-2.241307468908862e-09
7.812500000000000e-02,3.522727272727273e-01,4.544001097393717e-09,-2.729658007358840e-09
9.232954545454546e-02,3.522727272727273e-01,5.509286949913147e-09,-3.218008545808818e-09
1.065340909090909e-01,3.522727272727273e-01,6.474572802432577e-09,-3.706359084258797e-09
1.207386363636364e-01,3.522727272727273e-01,7.439858654952004e-09,-4.194709622708774e-09
1.349431818181818e-01,3.522727272727273e-01,7.885656204340781e-09,-4.256897326324285e-09
1.491477272727273e-01,3.522727272727273e-01,8.144488510859917e-09,-4.146596998784418e-09
1.633522727272727e-01,3.522727272727273e-01,8.724374229341950e-09,-4.127675325207664e-09
1.775568181818182e-01,3.522727272727273e-01,9.304259947823982e-09,-4.108753651630910e-09
1.917613636363636e-01,3.522727272727273e-01,9.884145666306018e-09,-4.089831978054155e-09
2.059659090909091e-01,3.522727272727273e-01,1.046403138478805e-08,-4.070910304477400e-09
2.201704545454546e-01,3.522727272727273e-01,1.104391710327009e-08,-4.051988630900646e-09
2.343750000000000e-01,3.522727272727273e-01,1.162380282175212e-08,-4.033066957323891e-09
2.485795454545454e-01,3.522727272727273e-01,1.220368854023415e-08,-4.014145283747136e-09
2.627840909090909e-01,3.522727272727273e-01,1.222708738982643e-08,-3.508967035927671e-09
2.769886363636364e-01,3.522727272727273e-01,1.225119599733444e-08,-3.018814856291087e-09
2.911931818181818e-01,3.522727272727273e-01,1.242123508006168e-08,-2.689790021662675e-09
3.053977272727273e-01,3.522727272727273e-01,1.259127416278892e-08,-2.360765187034269e-09
3.196022727272727e-01,3.522727272727273e-01,1.276131324551616e-08,-2.031740352405863e-09
3.338068181818182e-01,3.522727272727273e-01,1.293135232824340e-08,-1.702715517777457e-09
3.480113636363636e-01,3.522727272727273e-01,1.310139141097065e-08,-1.373690683149045e-09
3.622159090909091e-01,3.522727272727273e-01,1.327143049369788e-08,-1.044665848520639e-09
3.764204545454545e-01,3.522727272727273e-01,1.340486984812658e-08,-7.016385420772202e-10
3.906250000000000e-01,3.522727272727273e-01,1.320891164786833e-08,-2.325889892986885e-10
4.048295454545455e-01,3.522727272727273e-01,1.292798519850055e-08,1.610325166542005e-10
4.190340909090909e-01,3.522727272727273e-01,1.256209050002324e-08,4.792259757814466e-10
4.332386363636364e-01,3.522727272727273e-01,1.219619580154594e-08,7.974194349086927e-10
4.474431818181818e-01,3.522727272727273e-01,1.183030110306862e-08,1.115612894035944e-09
4.616477272727273e-01,3.522727272727273e-01,1.146440640459132e-08,1.433806353163190e-09
4.758522727272727e-01,3.522727272727273e-01,1.109851170611401e-08,1.751999812290436e-09
4.900568181818182e-01,3.522727272727273e-01,1.073261700763670e-08,2.070193271417683e-09
5.042613636363636e-01,3.522727272727273e-01,8.921963123122893e-09,3.959419181567425e-09
5.184659090909091e-01,3.522727272727273e-01,3.740204471190808e-09,9.514387477436124e-09
5.326704545454546e-01,3.522727272727273e-01,-4.225435145033843e-09,1.555016345793888e-08
5.468750000000000e-01,3.522727272727273e-01,-1.338416660309815e-08,2.179199987471338e-08
5.610795454545454e-01,3.522727272727273e-01,-2.254289806116246e-08,2.803383629148788e-08
5.752840909090909e-01,3.522727272727273e-01,-3.170162951922676e-08,3.427567270826238e-08
5.894886363636364e-01,3.522727272727273e-01,-4.086036097729106e-08,4.051750912503688e-08
6.036931818181818e-01,3.522727272727273e-01,-5.001909243535537e-08,4.675934554181138e-08
6.178977272727273e-01,3.522727272727273e-01,-5.917782389341982e-08,5.300118195858598e-08
7.102272727272727e-03,3.750000000000000e-01,4.826429262597146e-10,-2.441752692249889e-10
2.130681818181818e-02,3.750000000000000e-01,1.447928778779144e-09,-7.325258076749667e-10
3.551136363636364e-02,3.750000000000000e-01,2.413214631298573e-09,-1.220876346124945e-09
4.971590909090909e-02,3.750000000000000e-01,3.378500483818002e-09,-1.709226884574923e-09
6.392045454545454e-02,3.750000000000000e-01,4.343786336337430e-09,-2.197577423024900e-09
7.812500000000000e-02,3.750000000000000e-01,5.309072188856861e-09,-2.685927961474878e-09
9.232954545454546e-02,3.750000000000000e-01,6.274358041376291e-09,-3.174278499924857e-09
1.065340909090909e-01,3.750000000000000e-01,7.239643893895721e-09,-3.662629038374835e-09
1.207386363636364e-01,3.750000000000000e-01,8.204929746415148e-09,-4.150979576824812e-09
1.349431818181818e-01,3.750000000000000e-01,8.900435505108405e-09,-4.284239566856077e-09
1.491477272727273e-01,3.750000000000000e-01,9.480321223590436e-09,-4.265317893279322e-09
1.633522727272727e-01,3.750000000000000e-01,1.006020694207247e-08,-4.246396219702568e-09
1.775568181818182e-01,3.750000000000000e-01,1.064009266055450e-08,-4.227474546125814e-09
1.917613636363636e-01,3.750000000000000e-01,1.121997837903654e-08,-4.208552872549059e-09
2.059659090909091e-01,3.750000000000000e-01,1.179986409751857e-08,-4.189631198972304e-09
2.201704545454546e-01,3.750000000000000e-01,1.237974981600060e-08,-4.170709525395550e-09
2.343750000000000e-01,3.750000000000000e-01,1.295963553448264e-08,-4.151787851818796e-09
2.485795454545454e-01,3.750000000000000e-01,1.353952125296467e-08,-4.132866178242041e-09
2.627840909090909e-01,3.750000000000000e-01,1.375054499926739e-08,-3.834851659718801e-09
2.769886363636364e-01,3.750000000000000e-01,1.392058408199463e-08,-3.505826825090394e-09
2.911931818181818e-01,3.750000000000000e-01,1.409062316472187e-08,-3.176801990461983e-09
3.053977272727273e-01,3.750000000000000e-01,1.426066224744911e-08,-2.847777155833577e-09
3.196022727272727e-01,3.750000000000000e-01,1.443070133017635e-08,-2.518752321205171e-09
3.338068181818182e-01,3.750000000000000e-01,1.460074041290359e-08,-2.189727486576765e-09
3.480113636363636e-01,3.750000000000000e-01,1.477077949563083e-08,-1.860702651948353e-09
3.622159090909091e-01,3.750000000000000e-01,1.494081857835807e-08,-1.531677817319947e-09
3.764204545454545e-01,3.750000000000000e-01,1.505726428296485e-08,-1.203736120241657e-09
3.906250000000000e-01,3.750000000000000e-01,1.469136958448754e-08,-8.855426611144111e-10
4.048295454545455e-01,3.750000000000000e-01,1.432547488601024e-08,-5.673492019871648e-10
4.190340909090909e-01,3.750000000000000e-01,1.395958018753293e-08,-2.491557428599187e-10
4.332386363636364e-01,3.750000000000000e-01,1.359368548905562e-08,6.903771626732740e-11
4.474431818181818e-01,3.750000000000000e-01,1.322779079057830e-08,3.872311753945787e-10
4.616477272727273e-01,3.750000000000000e-01,1.286189609210100e-08,7.054246345218248e-10
4.758522727272727e-01,3.750000000000000e-01,1.249600139362369e-08,1.023618093649071e-09
4.900568181818182e-01,3.750000000000000e-01,1.213010669514638e-08,1.341811552776317e-09
5.042613636363636e-01,3.750000000000000e-01,9.126360968792885e-09,3.437097899197800e-09
5.184659090909091e-01,3.750000000000000e-01,-3.237048927142001e-11,9.678934315972299e-09
5.326704545454546e-01,3.750000000000000e-01,-9.191101947335725e-09,1.592077073274680e-08
5.468750000000000e-01,3.750000000000000e-01,-1.834983340540003e-08,2.216260714952130e-08
5.610795454545454e-01,3.750000000000000e-01,-2.750856486346433e-08,2.840444356629580e-08
5.752840909090909e-01,3.750000000000000e-01,-3.666729632152864e-08,3.464627998307030e-08
5.894886363636364e-01,3.750000000000000e-01,-4.582602777959295e-08,4.088811639984480e-08
6.036931818181818e-01,3.750000000000000e-01,-5.498475923765725e-08,4.712995281661930e-08
6.178977272727273e-01,3.750000000000000e-01,-6.414349069572171e-08,5.337178923339390e-08
7.102272727272727e-03,3.977272727272727e-01,4.826429262597146e-10,-2.441752692249889e-10
2.130681818181818e-02,3.977272727272727e-01,1.447928778779144e-09,-7.325258076749667e-10
3.551136363636364e-02,3.977272727272727e-01,2.413214631298573e-09,-1.220876346124945e-09
4.971590909090909e-02,3.977272727272727e-01,3.378500483818002e-09,-1.709226884574923e-09
6.392045454545454e-02,3.977272727272727e-01,4.343786336337432e-09,-2.197577423024901e-09
7.812500000000000e-02,3.977272727272727e-01,5.309072188856861e-09,-2.685927961474878e-09
9.232954545454546e-02,3.977272727272727e-01,6.274358041376290e-09,-3.174278499924856e-09
1.065340909090909e-01,3.977272727272727e-01,7.323572350928365e-09,-3.628507677486776e-09
1.207386363636364e-01,3.977272727272727e-01,8.568619726889936e-09,-4.003120346309889e-09
1.349431818181818e-01,3.977272727272727e-01,9.348053942615837e-09,-4.102258975453095e-09
1.491477272727273e-01,3.977272727272727e-01,9.927939661097868e-09,-4.083337301876341e-09
1.633522727272727e-01,3.977272727272727e-01,1.050782537957990e-08,-4.064415628299587e-09
1.775568181818182e-01,3.977272727272727e-01,1.108771109806193e-08,-4.045493954722831e-09
1.917613636363636e-01,3.977272727272727e-01,1.166759681654397e-08,-4.026572281146077e-09
2.059659090909091e-01,3.977272727272727e-01,1.224748253502600e-08,-4.007650607569323e-09
2.201704545454546e-01,3.977272727272727e-01,1.282736825350804e-08,-3.988728933992568e-09
2.343750000000000e-01,3.977272727272727e-01,1.351177245231227e-08,-4.037194418181276e-09
2.485795454545454e-01,3.977272727272727e-01,1.430069513143872e-08,-4.153047060135446e-09
2.627840909090909e-01,3.977272727272727e-01,1.453262257380588e-08,-3.868509973165299e-09
2.769886363636364e-01,3.977272727272727e-01,1.470266165653312e-08,-3.539485138536893e-09
2.911931818181818e-01,3.977272727272727e-01,1.487270073926036e-08,-3.210460303908482e-09
3.053977272727273e-01,3.977272727272727e-01,1.504273982198760e-08,-2.881435469280076e-09
3.196022727272727e-01,3.977272727272727e-01,1.521277890471484e-08,-2.552410634651670e-09
3.338068181818182e-01,3.977272727272727e-01,1.538281798744208e-08,-2.223385800023263e-09
3.480113636363636e-01,3.977272727272727e-01,1.555285707016932e-08,-1.894360965394851e-09
3.622159090909091e-01,3.977272727272727e-01,1.578391378248470e-08,-1.767978979342875e-09
3.764204545454545e-01,3.977272727272727e-01,1.597881072513337e-08,-1.700578087577135e-09
3.906250000000000e-01,3.977272727272727e-01,1.561291602665606e-08,-1.382384628449888e-09
4.048295454545455e-01,3.977272727272727e-01,1.524702132817875e-08,-1.064191169322642e-09
4.190340909090909e-01,3.977272727272727e-01,1.488112662970145e-08,-7.459977101953962e-10
4.332386363636364e-01,3.977272727272727e-01,1.451523193122414e-08,-4.278042510681549e-10
4.474431818181818e-01,3.977272727272727e-01,1.414933723274682e-08,-1.096107919408989e-10
4.616477272727273e-01,3.977272727272727e-01,1.378344253426952e-08,2.085826671863473e-10
4.758522727272727e-01,3.977272727272727e-01,1.341754783579221e-08,5.267761263135934e-10
4.900568181818182e-01,3.977272727272727e-01,1.293736813463087e-08,6.873881719838118e-10
5.042613636363636e-01,3.977272727272727e-01,9.844734072856455e-09,2.660111196827612e-09
5.184659090909091e-01,3.977272727272727e-01,6.860026147921499e-10,8.901947613602111e-09
5.326704545454546e-01,3.977272727272727e-01,-8.472728843272149e-09,1.514378403037661e-08
5.468750000000000e-01,3.977272727272727e-01,-1.763146030133645e-08,2.138562044715111e-08
5.610795454545454e-01,3.977272727272727e-01,-2.679019175940076e-08,2.762745686392561e-08
5.752840909090909e-01,3.977272727272727e-01,-3.594892321746505e-08,3.386929328070010e-08
5.894886363636364e-01,3.977272727272727e-01,-4.510765467552936e-08,4.011112969747460e-08
6.036931818181818e-01,3.977272727272727e-01,-5.448042705902754e-08,4.628618738868773e-08
6.178977272727273e-01,3.977272727272727e-01,-6.577956777143133e-08,5.186023654984834e-08
7.102272727272727e-03,4.204545454545455e-01,4.826429262597146e-10,-2.441752692249889e-10
2.130681818181818e-02,4.204545454545455e-01,1.447928778779144e-09,-7.325258076749667e-10
3.551136363636364e-02,4.204545454545455e-01,2.413214631298573e-09,-1.220876346124945e-09
4.971590909090909e-02,4.204545454545455e-01,3.378500483818002e-09,-1.709226884574923e-09
6.392045454545454e-02,4.204545454545455e-01,4.343786336337432e-09,-2.197577423024901e-09
7.812500000000000e-02,4.204545454545455e-01,5.309072188856861e-09,-2.685927961474878e-09
9.232954545454546e-02,4.204545454545455e-01,6.526143412474223e-09,-3.071914417260679e-09
1.065340909090909e-01,4.204545454545455e-01,7.771190788435798e-09,-3.446527086083794e-09
1.207386363636364e-01,4.204545454545455e-01,9.016238164397371e-09,-3.821139754906907e-09
1.349431818181818e-01,4.204545454545455e-01,9.795672380123269e-09,-3.920278384050114e-09
1.491477272727273e-01,4.204545454545455e-01,1.037555809860530e-08,-3.901356710473360e-09
1.633522727272727e-01,4.204545454545455e-01,1.095544381708734e-08,-3.882435036896604e-09
1.775568181818182e-01,4.204545454545455e-01,1.153532953556937e-08,-3.863513363319849e-09
1.917613636363636e-01,4.204545454545455e-01,1.211521525405140e-08,-3.844591689743094e-09
2.059659090909091e-01,4.204545454545455e-01,1.271600466859787e-08,-3.839147447719432e-09
2.201704545454546e-01,4.204545454545455e-01,1.350492734772432e-08,-3.955000089673604e-09
2.343750000000000e-01,4.204545454545455e-01,1.429385002685076e-08,-4.070852731627774e-09
2.485795454545454e-01,4.204545454545455e-01,1.508277270597721e-08,-4.186705373581945e-09
2.627840909090909e-01,4.204545454545455e-01,1.531470014834437e-08,-3.902168286611798e-09
2.769886363636364e-01,4.204545454545455e-01,1.548473923107162e-08,-3.573143451983392e-09
2.911931818181818e-01,4.204545454545455e-01,1.565477831379885e-08,-3.244118617354980e-09
3.053977272727273e-01,4.204545454545455e-01,1.582481739652609e-08,-2.915093782726574e-09
3.196022727272727e-01,4.204545454545455e-01,1.599485647925333e-08,-2.586068948098168e-09
3.338068181818182e-01,4.204545454545455e-01,1.619104597466120e-08,-2.343891048573944e-09
3.480113636363636e-01,4.204545454545455e-01,1.644825309965721e-08,-2.304355997626148e-09
3.622159090909091e-01,4.204545454545455e-01,1.670546022465321e-08,-2.264820946678353e-09
3.764204545454545e-01,4.204545454545455e-01,1.690035716730189e-08,-2.197420054912612e-09
3.906250000000000e-01,4.204545454545455e-01,1.653446246882458e-08,-1.879226595785366e-09
4.048295454545455e-01,4.204545454545455e-01,1.616856777034727e-08,-1.561033136658120e-09
4.190340909090909e-01,4.204545454545455e-01,1.580267307186996e-08,-1.242839677530874e-09
4.332386363636364e-01,4.204545454545455e-01,1.543677837339266e-08,-9.246462184036324e-10
4.474431818181818e-01,4.204545454545455e-01,1.507088367491534e-08,-6.064527592763764e-10
4.616477272727273e-01,4.204545454545455e-01,1.464149730828024e-08,-3.758045298474795e-10
4.758522727272727e-01,4.204545454545455e-01,1.414861927348734e-08,-2.327015301169315e-10
4.900568181818182e-01,4.204545454545455e-01,1.365574123869445e-08,-8.959853038638335e-11
5.042613636363636e-01,4.204545454545455e-01,1.056310717692004e-08,1.883124494457410e-09
5.184659090909091e-01,4.204545454545455e-01,1.404375718855735e-09,8.124960911231909e-09
5.326704545454546e-01,4.204545454545455e-01,-7.754355739208573e-09,1.436679732800641e-08
5.468750000000000e-01,4.204545454545455e-01,-1.691308719727287e-08,2.060863374478091e-08
5.610795454545454e-01,4.204545454545455e-01,-2.607181865533718e-08,2.685047016155541e-08
5.752840909090909e-01,4.204545454545455e-01,-3.523055011340147e-08,3.309230657832990e-08
5.894886363636364e-01,4.204545454545455e-01,-4.588756804950317e-08,3.886669191617458e-08
6.036931818181818e-01,4.204545454545455e-01,-5.718670876190661e-08,4.444074107733501e-08
6.178977272727273e-01,4.204545454545455e-01,-6.848584947431040e-08,5.001479023849563e-08
7.102272727272727e-03,4.431818181818182e-01,4.826429262597146e-10,-2.441752692249889e-10
2.130681818181818e-02,4.431818181818182e-01,1.447928778779144e-09,-7.325258076749667e-10
3.551136363636364e-02,4.431818181818182e-01,2.413214631298573e-09,-1.220876346124945e-09
4.971590909090909e-02,4.431818181818182e-01,3.378500483818002e-09,-1.709226884574923e-09
6.392045454545454e-02,4.431818181818182e-01,4.483667098058503e-09,-2.140708488211468e-09
7.812500000000000e-02,4.431818181818182e-01,5.728714474020080e-09,-2.515321157034582e-09
9.232954545454546e-02,4.431818181818182e-01,6.973761849981657e-09,-2.889933825857698e-09
1.065340909090909e-01,4.431818181818182e-01,8.218809225943234e-09,-3.264546494680812e-09
1.207386363636364e-01,4.431818181818182e-01,9.463856601904804e-09,-3.639159163503925e-09
1.349431818181818e-01,4.431818181818182e-01,1.024329081763070e-08,-3.738297792647132e-09
1.491477272727273e-01,4.431818181818182e-01,1.082317653611274e-08,-3.719376119070377e-09
1.633522727272727e-01,4.431818181818182e-01,1.140306225459477e-08,-3.700454445493622e-09
1.775568181818182e-01,4.431818181818182e-01,1.198294797307680e-08,-3.681532771916867e-09
1.917613636363636e-01,4.431818181818182e-01,1.270915956400992e-08,-3.756953119211760e-09
2.059659090909091e-01,4.431818181818182e-01,1.349808224313636e-08,-3.872805761165931e-09
2.201704545454546e-01,4.431818181818182e-01,1.428700492226281e-08,-3.988658403120103e-09
2.343750000000000e-01,4.431818181818182e-01,1.507592760138925e-08,-4.104511045074273e-09
2.485795454545454e-01,4.431818181818182e-01,1.586485028051569e-08,-4.220363687028443e-09
2.627840909090909e-01,4.431818181818182e-01,1.609677772288286e-08,-3.935826600058296e-09
2.769886363636364e-01,4.431818181818182e-01,1.626681680561010e-08,-3.606801765429891e-09
2.911931818181818e-01,4.431818181818182e-01,1.643685588833734e-08,-3.277776930801478e-09
3.053977272727273e-01,4.431818181818182e-01,1.660689497106458e-08,-2.948752096173072e-09
3.196022727272727e-01,4.431818181818182e-01,1.685538529183371e-08,-2.880268066857216e-09
3.338068181818182e-01,4.431818181818182e-01,1.711259241682972e-08,-2.840733015909421e-09
3.480113636363636e-01,4.431818181818182e-01,1.736979954182573e-08,-2.801197964961626e-09
3.622159090909091e-01,4.431818181818182e-01,1.762700666682173e-08,-2.761662914013831e-09
3.764204545454545e-01,4.431818181818182e-01,1.782190360947041e-08,-2.694262022248090e-09
3.906250000000000e-01,4.431818181818182e-01,1.745600891099310e-08,-2.376068563120844e-09
4.048295454545455e-01,4.431818181818182e-01,1.709011421251579e-08,-2.057875103993602e-09
4.190340909090909e-01,4.431818181818182e-01,1.672421951403849e-08,-1.739681644866356e-09
4.332386363636364e-01,4.431818181818182e-01,1.634562648192961e-08,-1.438997231678773e-09
4.474431818181818e-01,4.431818181818182e-01,1.585274844713671e-08,-1.295894231948223e-09
4.616477272727273e-01,4.431818181818182e-01,1.535987041234382e-08,-1.152791232217675e-09
4.758522727272727e-01,4.431818181818182e-01,1.486699237755092e-08,-1.009688232487127e-09
4.900568181818182e-01,4.431818181818182e-01,1.437411434275802e-08,-8.665852327565785e-10
5.042613636363636e-01,4.431818181818182e-01,1.128148028098362e-08,1.106137792087215e-09
5.184659090909091e-01,4.431818181818182e-01,2.122748822919312e-09,7.347974208861714e-09
5.326704545454546e-01,4.431818181818182e-01,-7.035982635144994e-09,1.358981062563621e-08
5.468750000000000e-01,4.431818181818182e-01,-1.619471409320930e-08,1.983164704241071e-08
5.610795454545454e-01,4.431818181818182e-01,-2.599556832757536e-08,2.587314728250098e-08
5.752840909090909e-01,4.431818181818182e-01,-3.729470903997880e-08,3.144719644366143e-08
5.894886363636364e-01,4.431818181818182e-01,-4.859384975238224e-08,3.702124560482186e-08
6.036931818181818e-01,4.431818181818182e-01,-5.989299046478567e-08,4.259529476598230e-08
6.178977272727273e-01,4.431818181818182e-01,-7.119213117718946e-08,4.816934392714292e-08
7.102272727272727e-03,4.659090909090909e-01,4.826429262597146e-10,-2.441752692249889e-10
2.130681818181818e-02,4.659090909090909e-01,1.447928778779144e-09,-7.325258076749667e-10
3.551136363636364e-02,4.659090909090909e-01,2.441190783642788e-09,-1.209502559162259e-09
4.971590909090909e-02,4.659090909090909e-01,3.686238159604360e-09,-1.584115227985372e-09
6.392045454545454e-02,4.659090909090909e-01,4.931285535565936e-09,-1.958727896808486e-09
7.812500000000000e-02,4.659090909090909e-01,6.176332911527513e-09,-2.333340565631601e-09
9.232954545454546e-02,4.659090909090909e-01,7.421380287489090e-09,-2.707953234454715e-09
1.065340909090909e-01,4.659090909090909e-01,8.666427663450666e-09,-3.082565903277830e-09
1.207386363636364e-01,4.659090909090909e-01,9.911475039412239e-09,-3.457178572100943e-09
1.349431818181818e-01,4.659090909090909e-01,1.069090925513814e-08,-3.556317201244150e-09
1.491477272727273e-01,4.659090909090909e-01,1.127079497362017e-08,-3.537395527667396e-09
1.633522727272727e-01,4.659090909090909e-01,1.191339178029552e-08,-3.558906148749918e-09
1.775568181818182e-01,4.659090909090909e-01,1.270231445942196e-08,-3.674758790704088e-09
1.917613636363636e-01,4.659090909090909e-01,1.349123713854841e-08,-3.790611432658259e-09
2.059659090909091e-01,4.659090909090909e-01,1.428015981767486e-08,-3.906464074612429e-09
2.201704545454546e-01,4.659090909090909e-01,1.506908249680130e-08,-4.022316716566601e-09
2.343750000000000e-01,4.659090909090909e-01,1.585800517592774e-08,-4.138169358520772e-09
2.485795454545454e-01,4.659090909090909e-01,1.664692785505419e-08,-4.254022000474941e-09
2.627840909090909e-01,4.659090909090909e-01,1.687885529742135e-08,-3.969484913504794e-09
2.769886363636364e-01,4.659090909090909e-01,1.704889438014859e-08,-3.640460078876389e-09
2.911931818181818e-01,4.659090909090909e-01,1.726251748401021e-08,-3.456180136088283e-09
3.053977272727273e-01,4.659090909090909e-01,1.751972460900622e-08,-3.416645085140488e-09
3.196022727272727e-01,4.659090909090909e-01,1.777693173400223e-08,-3.377110034192693e-09
3.338068181818182e-01,4.659090909090909e-01,1.803413885899823e-08,-3.337574983244898e-09
3.480113636363636e-01,4.659090909090909e-01,1.829134598399424e-08,-3.298039932297103e-09
3.622159090909091e-01,4.659090909090909e-01,1.854855310899025e-08,-3.258504881349308e-09
3.764204545454545e-01,4.659090909090909e-01,1.874345005163892e-08,-3.191103989583567e-09
3.906250000000000e-01,4.659090909090909e-01,1.837755535316161e-08,-2.872910530456321e-09
4.048295454545455e-01,4.659090909090909e-01,1.801166065468431e-08,-2.554717071329075e-09
4.190340909090909e-01,4.659090909090909e-01,1.755687762078609e-08,-2.359086933779516e-09
4.332386363636364e-01,4.659090909090909e-01,1.706399958599319e-08,-2.215983934048968e-09
4.474431818181818e-01,4.659090909090909e-01,1.657112155120029e-08,-2.072880934318418e-09
4.616477272727273e-01,4.659090909090909e-01,1.607824351640739e-08,-1.929777934587870e-09
4.758522727272727e-01,4.659090909090909e-01,1.558536548161450e-08,-1.786674934857322e-09
4.900568181818182e-01,4.659090909090909e-01,1.509248744682160e-08,-1.643571935126774e-09
5.042613636363636e-01,4.659090909090909e-01,1.199985338504719e-08,3.291510897170194e-10
5.184659090909091e-01,4.659090909090909e-01,2.841121926982889e-09,6.570987506491518e-09
5.326704545454546e-01,4.659090909090909e-01,-6.317609531081416e-09,1.281282392326602e-08
5.468750000000000e-01,4.659090909090909e-01,-1.740270931805094e-08,1.845365180998787e-08
5.610795454545454e-01,4.659090909090909e-01,-2.870185003045438e-08,2.402770097114831e-08
5.752840909090909e-01,4.659090909090909e-01,-4.000099074285783e-08,2.960175013230875e-08
5.894886363636364e-01,4.659090909090909e-01,-5.130013145526127e-08,3.517579929346918e-08
6.036931818181818e-01,4.659090909090909e-01,-6.259927216766470e-08,4.074984845462963e-08
6.178977272727273e-01,4.659090909090909e-01,-7.389841288006851e-08,4.632389761579024e-08
7.102272727272727e-03,4.886363636363636e-01,4.826429262597146e-10,-2.441752692249889e-10
2.130681818181818e-02,4.886363636363636e-01,1.643761845188646e-09,-6.529092989361619e-10
3.551136363636364e-02,4.886363636363636e-01,2.888809221150222e-09,-1.027521967759277e-09
4.971590909090909e-02,4.886363636363636e-01,4.133856597111794e-09,-1.402134636582390e-09
6.392045454545454e-02,4.886363636363636e-01,5.378903973073371e-09,-1.776747305405504e-09
7.812500000000000e-02,4.886363636363636e-01,6.623951349034947e-09,-2.151359974228619e-09
9.232954545454546e-02,4.886363636363636e-01,7.868998724996523e-09,-2.525972643051733e-09
1.065340909090909e-01,4.886363636363636e-01,9.114046100958100e-09,-2.900585311874848e-09
1.207386363636364e-01,4.886363636363636e-01,1.035909347691967e-08,-3.275197980697961e-09
1.349431818181818e-01,4.886363636363636e-01,1.113852769264557e-08,-3.374336609841168e-09
1.491477272727273e-01,4.886363636363636e-01,1.190654667570757e-08,-3.476711820242246e-09
1.633522727272727e-01,4.886363636363636e-01,1.269546935483402e-08,-3.592564462196416e-09
1.775568181818182e-01,4.886363636363636e-01,1.348439203396046e-08,-3.708417104150587e-09
1.917613636363636e-01,4.886363636363636e-01,1.427331471308691e-08,-3.824269746104758e-09
2.059659090909091e-01,4.886363636363636e-01,1.506223739221335e-08,-3.940122388058928e-09
2.201704545454546e-01,4.886363636363636e-01,1.585116007133980e-08,-4.055975030013099e-09
2.343750000000000e-01,4.886363636363636e-01,1.664008275046624e-08,-4.171827671967270e-09
2.485795454545454e-01,4.886363636363636e-01,1.742900542959268e-08,-4.287680313921441e-09
2.627840909090909e-01,4.886363636363636e-01,1.766964967618672e-08,-4.032092205319356e-09
2.769886363636364e-01,4.886363636363636e-01,1.792685680118273e-08,-3.992557154371561e-09
2.911931818181818e-01,4.886363636363636e-01,1.818406392617874e-08,-3.953022103423765e-09
3.053977272727273e-01,4.886363636363636e-01,1.844127105117475e-08,-3.913487052475971e-09
3.196022727272727e-01,4.886363636363636e-01,1.869847817617075e-08,-3.873952001528176e-09
3.338068181818182e-01,4.886363636363636e-01,1.895568530116676e-08,-3.834416950580381e-09
3.480113636363636e-01,4.886363636363636e-01,1.921289242616277e-08,-3.794881899632585e-09
3.622159090909091e-01,4.886363636363636e-01,1.947009955115878e-08,-3.755346848684790e-09
3.764204545454545e-01,4.886363636363636e-01,1.966499649380744e-08,-3.687945956919045e-09
3.906250000000000e-01,4.886363636363636e-01,1.926100679443546e-08,-3.422279635610815e-09
4.048295454545455e-01,4.886363636363636e-01,1.876812875964257e-08,-3.279176635880267e-09
4.190340909090909e-01,4.886363636363636e-01,1.827525072484967e-08,-3.136073636149719e-09
4.332386363636364e-01,4.886363636363636e-01,1.778237269005678e-08,-2.992970636419171e-09
4.474431818181818e-01,4.886363636363636e-01,1.728949465526387e-08,-2.849867636688621e-09
4.616477272727273e-01,4.886363636363636e-01,1.679661662047097e-08,-2.706764636958073e-09
4.758522727272727e-01,4.886363636363636e-01,1.630373858567808e-08,-2.563661637227524e-09
4.900568181818182e-01,4.886363636363636e-01,1.581086055088519e-08,-2.420558637496976e-09
5.042613636363636e-01,4.886363636363636e-01,1.271822648911077e-08,-4.478356126531757e-10
5.184659090909091e-01,4.886363636363636e-01,2.489290403876871e-09,5.460107176314277e-09
5.326704545454546e-01,4.886363636363636e-01,-8.809850308526572e-09,1.103415633747472e-08
5.468750000000000e-01,4.886363636363636e-01,-2.010899102093001e-08,1.660820549863516e-08
5.610795454545454e-01,4.886363636363636e-01,-3.140813173333346e-08,2.218225465979559e-08
5.752840909090909e-01,4.886363636363636e-01,-4.270727244573689e-08,2.775630382095604e-08
5.894886363636364e-01,4.886363636363636e-01,-5.400641315814034e-08,3.333035298211648e-08
6.036931818181818e-01,4.886363636363636e-01,-6.530555387054377e-08,3.890440214327691e-08
6.178977272727273e-01,4.886363636363636e-01,-7.660469458294757e-08,4.447845130443753e-08
7.102272727272727e-03,5.113636363636364e-01,6.225236879807876e-10,-1.873063344115571e-10
2.130681818181818e-02,5.113636363636364e-01,1.867571063942363e-09,-5.619190032346712e-10
3.551136363636364e-02,5.113636363636364e-01,3.112618439903938e-09,-9.365316720577855e-10
4.971590909090909e-02,5.113636363636364e-01,4.357665815865513e-09,-1.311144340880900e-09
6.392045454545454e-02,5.113636363636364e-01,5.602713191827088e-09,-1.685757009704014e-09
7.812500000000000e-02,5.113636363636364e-01,6.847760567788664e-09,-2.060369678527128e-09
9.232954545454546e-02,5.113636363636364e-01,8.092807943750239e-09,-2.434982347350242e-09
1.065340909090909e-01,5.113636363636364e-01,9.337855319711814e-09,-2.809595016173356e-09
1.207386363636364e-01,5.113636363636364e-01,1.055743724306517e-08,-3.104856333734128e-09
1.349431818181818e-01,5.113636363636364e-01,1.146791805967722e-08,-3.250726172991577e-09
1.491477272727273e-01,5.113636363636364e-01,1.225684073880366e-08,-3.366578814945747e-09
1.633522727272727e-01,5.113636363636364e-01,1.304576341793010e-08,-3.482431456899917e-09
1.775568181818182e-01,5.113636363636364e-01,1.383468609705654e-08,-3.598284098854086e-09
1.917613636363636e-01,5.113636363636364e-01,1.462360877618299e-08,-3.714136740808259e-09
2.059659090909091e-01,5.113636363636364e-01,1.541253145530943e-08,-3.829989382762429e-09
2.201704545454546e-01,5.113636363636364e-01,1.620145413443588e-08,-3.945842024716600e-09
2.343750000000000e-01,5.113636363636364e-01,1.699037681356233e-08,-4.061694666670770e-09
2.485795454545454e-01,5.113636363636364e-01,1.775080396451900e-08,-4.253522213075062e-09
2.627840909090909e-01,5.113636363636364e-01,1.805711185518951e-08,-4.240379489196052e-09
2.769886363636364e-01,5.113636363636364e-01,1.831431898018551e-08,-4.200844438248258e-09
2.911931818181818e-01,5.113636363636364e-01,1.857152610518153e-08,-4.161309387300463e-09
3.053977272727273e-01,5.113636363636364e-01,1.882873323017753e-08,-4.121774336352668e-09
3.196022727272727e-01,5.113636363636364e-01,1.908594035517354e-08,-4.082239285404873e-09
3.338068181818182e-01,5.113636363636364e-01,1.934314748016954e-08,-4.042704234457078e-09
3.480113636363636e-01,5.113636363636364e-01,1.960035460516556e-08,-4.003169183509284e-09
3.622159090909091e-01,5.113636363636364e-01,1.985756173016156e-08,-3.963634132561488e-09
3.764204545454545e-01,5.113636363636364e-01,2.001820248038119e-08,-4.142704101619774e-09
3.906250000000000e-01,5.113636363636364e-01,1.952532444558829e-08,-3.999601101889226e-09
4.048295454545455e-01,5.113636363636364e-01,1.903244641079539e-08,-3.856498102158682e-09
4.190340909090909e-01,5.113636363636364e-01,1.853956837600250e-08,-3.713395102428133e-09
4.332386363636364e-01,5.113636363636364e-01,1.804669034120960e-08,-3.570292102697586e-09
4.474431818181818e-01,5.113636363636364e-01,1.755381230641670e-08,-3.427189102967032e-09
4.616477272727273e-01,5.113636363636364e-01,1.706093427162380e-08,-3.284086103236488e-09
4.758522727272727e-01,5.113636363636364e-01,1.656805623683090e-08,-3.140983103505940e-09
4.900568181818182e-01,5.113636363636364e-01,1.607652275222636e-08,-3.019173432264831e-09
5.042613636363636e-01,5.113636363636364e-01,1.235117776546871e-08,-1.395839883531377e-09
5.184659090909091e-01,5.113636363636364e-01,1.052037053065265e-09,4.178209277629064e-09
5.326704545454546e-01,5.113636363636364e-01,-1.024710365933818e-08,9.752258438789503e-09
5.468750000000000e-01,5.113636363636364e-01,-2.154624437174162e-08,1.532630759994994e-08
5.610795454545454e-01,5.113636363636364e-01,-3.284538508414506e-08,2.090035676111038e-08
5.752840909090909e-01,5.113636363636364e-01,-4.414452579654851e-08,2.647440592227081e-08
5.894886363636364e-01,5.113636363636364e-01,-5.544366650895195e-08,3.204845508343126e-08
6.036931818181818e-01,5.113636363636364e-01,-6.674280722135540e-08,3.762250424459169e-08
6.178977272727273e-01,5.113636363636364e-01,-7.789217348610378e-08,4.273273348734692e-08
7.102272727272727e-03,5.340909090909091e-01,6.225236879807876e-10,-1.873063344115571e-10
2.130681818181818e-02,5.340909090909091e-01,1.867571063942363e-09,-5.619190032346712e-10
3.551136363636364e-02,5.340909090909091e-01,3.112618439903938e-09,-9.365316720577855e-10
4.971590909090909e-02,5.340909090909091e-01,4.357665815865513e-09,-1.311144340880900e-09
6.392045454545454e-02,5.340909090909091e-01,5.602713191827088e-09,-1.685757009704014e-09
7.812500000000000e-02,5.340909090909091e-01,6.847760567788664e-09,-2.060369678527128e-09
9.232954545454546e-02,5.340909090909091e-01,8.087714853228592e-09,-2.419112077097773e-09
1.065340909090909e-01,5.340909090909091e-01,9.281831323973727e-09,-2.635022043396203e-09
1.207386363636364e-01,5.340909090909091e-01,1.047594779471885e-08,-2.850932009694630e-09
1.349431818181818e-01,5.340909090909091e-01,1.138642861133090e-08,-2.996801848952080e-09
1.491477272727273e-01,5.340909090909091e-01,1.217535129045735e-08,-3.112654490906250e-09
1.633522727272727e-01,5.340909090909091e-01,1.296427396958379e-08,-3.228507132860420e-09
1.775568181818182e-01,5.340909090909091e-01,1.375319664871023e-08,-3.344359774814589e-09
1.917613636363636e-01,5.340909090909091e-01,1.454211932783668e-08,-3.460212416768762e-09
2.059659090909091e-01,5.340909090909091e-01,1.533104200696312e-08,-3.576065058722932e-09
2.201704545454546e-01,5.340909090909091e-01,1.610775231687395e-08,-3.724478374012869e-09
2.343750000000000e-01,5.340909090909091e-01,1.685596709861501e-08,-3.948866593752927e-09
2.485795454545454e-01,5.340909090909091e-01,1.760418188035606e-08,-4.173254813492984e-09
2.627840909090909e-01,5.340909090909091e-01,1.791048977102658e-08,-4.160112089613975e-09
2.769886363636364e-01,5.340909090909091e-01,1.816769689602258e-08,-4.120577038666181e-09
2.911931818181818e-01,5.340909090909091e-01,1.842490402101859e-08,-4.081041987718385e-09
3.053977272727273e-01,5.340909090909091e-01,1.868211114601460e-08,-4.041506936770590e-09
3.196022727272727e-01,5.340909090909091e-01,1.893931827101060e-08,-4.001971885822795e-09
3.338068181818182e-01,5.340909090909091e-01,1.919652539600661e-08,-3.962436834875000e-09
3.480113636363636e-01,5.340909090909091e-01,1.944025885925419e-08,-4.066002918229933e-09
3.622159090909091e-01,5.340909090909091e-01,1.967051866075333e-08,-4.312670135887585e-09
3.764204545454545e-01,5.340909090909091e-01,1.982846467862326e-08,-4.520360331806412e-09
3.906250000000000e-01,5.340909090909091e-01,1.933558664383036e-08,-4.377257332075868e-09
4.048295454545455e-01,5.340909090909091e-01,1.884270860903747e-08,-4.234154332345320e-09
4.190340909090909e-01,5.340909090909091e-01,1.834983057424457e-08,-4.091051332614772e-09
4.332386363636364e-01,5.340909090909091e-01,1.785695253945168e-08,-3.947948332884225e-09
4.474431818181818e-01,5.340909090909091e-01,1.736407450465878e-08,-3.804845333153671e-09
4.616477272727273e-01,5.340909090909091e-01,1.687119646986588e-08,-3.661742333423122e-09
4.758522727272727e-01,5.340909090909091e-01,1.638773028639150e-08,-3.667692633118693e-09
4.900568181818182e-01,5.340909090909091e-01,1.590829775348217e-08,-3.737522918282597e-09
5.042613636363636e-01,5.340909090909091e-01,1.218295276672452e-08,-2.114189369549128e-09
5.184659090909091e-01,5.340909090909091e-01,8.838120543210744e-10,3.459859791611298e-09
5.326704545454546e-01,5.340909090909091e-01,-1.041532865808237e-08,9.033908952771737e-09
5.468750000000000e-01,5.340909090909091e-01,-2.171446937048581e-08,1.460795811393218e-08
5.610795454545454e-01,5.340909090909091e-01,-3.301361008288925e-08,2.018200727509262e-08
5.752840909090909e-01,5.340909090909091e-01,-4.431275079529269e-08,2.575605643625306e-08
5.894886363636364e-01,5.340909090909091e-01,-5.561189150769614e-08,3.133010559741350e-08
6.036931818181818e-01,5.340909090909091e-01,-6.646170887713338e-08,3.551269500335776e-08
6.178977272727273e-01,5.340909090909091e-01,-7.726160143068582e-08,3.954067776983369e-08
7.102272727272727e-03,5.568181818181818e-01,6.225236879807876e-10,-1.873063344115571e-10
2.130681818181818e-02,5.568181818181818e-01,1.867571063942363e-09,-5.619190032346712e-10
3.551136363636364e-02,5.568181818181818e-01,3.112618439903938e-09,-9.365316720577855e-10
4.971590909090909e-02,5.568181818181818e-01,4.357665815865513e-09,-1.311144340880900e-09
6.392045454545454e-02,5.568181818181818e-01,5.602713191827088e-09,-1.685757009704014e-09
7.812500000000000e-02,5.568181818181818e-01,6.812108934137152e-09,-1.949277786759848e-09
9.232954545454546e-02,5.568181818181818e-01,8.006225404882276e-09,-2.165187753058276e-09
1.065340909090909e-01,5.568181818181818e-01,9.200341875627412e-09,-2.381097719356706e-09
1.207386363636364e-01,5.568181818181818e-01,1.039445834637254e-08,-2.597007685655133e-09
1.349431818181818e-01,5.568181818181818e-01,1.130493916298459e-08,-2.742877524912584e-09
1.491477272727273e-01,5.568181818181818e-01,1.209386184211103e-08,-2.858730166866753e-09
1.633522727272727e-01,5.568181818181818e-01,1.288278452123747e-08,-2.974582808820923e-09
1.775568181818182e-01,5.568181818181818e-01,1.367170720036392e-08,-3.090435450775092e-09
1.917613636363636e-01,5.568181818181818e-01,1.446062987949036e-08,-3.206288092729265e-09
2.059659090909091e-01,5.568181818181818e-01,1.521291545096996e-08,-3.419822754690735e-09
2.201704545454546e-01,5.568181818181818e-01,1.596113023271102e-08,-3.644210974430792e-09
2.343750000000000e-01,5.568181818181818e-01,1.670934501445207e-08,-3.868599194170849e-09
2.485795454545454e-01,5.568181818181818e-01,1.745755979619313e-08,-4.092987413910906e-09
2.627840909090909e-01,5.568181818181818e-01,1.776386768686364e-08,-4.079844690031897e-09
2.769886363636364e-01,5.568181818181818e-01,1.802107481185965e-08,-4.040309639084102e-09
2.911931818181818e-01,5.568181818181818e-01,1.827828193685566e-08,-4.000774588136307e-09
3.053977272727273e-01,5.568181818181818e-01,1.853548906185166e-08,-3.961239537188512e-09
3.196022727272727e-01,5.568181818181818e-01,1.879000145449799e-08,-3.950324713101259e-09
3.338068181818182e-01,5.568181818181818e-01,1.902026125599713e-08,-4.196991930758911e-09
3.480113636363636e-01,5.568181818181818e-01,1.925052105749627e-08,-4.443659148416568e-09
3.622159090909091e-01,5.568181818181818e-01,1.948078085899541e-08,-4.690326366074220e-09
3.764204545454545e-01,5.568181818181818e-01,1.963872687686534e-08,-4.898016561993052e-09
3.906250000000000e-01,5.568181818181818e-01,1.914584884207245e-08,-4.754913562262503e-09
4.048295454545455e-01,5.568181818181818e-01,1.865297080727955e-08,-4.611810562531959e-09
4.190340909090909e-01,5.568181818181818e-01,1.816009277248665e-08,-4.468707562801411e-09
4.332386363636364e-01,5.568181818181818e-01,1.766721473769376e-08,-4.325604563070862e-09
4.474431818181818e-01,5.568181818181818e-01,1.717837035346594e-08,-4.246381548808641e-09
4.616477272727273e-01,5.568181818181818e-01,1.669893782055661e-08,-4.316211833972545e-09
4.758522727272727e-01,5.568181818181818e-01,1.621950528764731e-08,-4.386042119136444e-09
4.900568181818182e-01,5.568181818181818e-01,1.574007275473798e-08,-4.455872404300348e-09
5.042613636363636e-01,5.568181818181818e-01,1.201472776798033e-08,-2.832538855566894e-09
5.184659090909091e-01,5.568181818181818e-01,7.155870555768867e-10,2.741510305593547e-09
5.326704545454546e-01,5.568181818181818e-01,-1.058355365682656e-08,8.315559466753987e-09
5.468750000000000e-01,5.568181818181818e-01,-2.188269436923000e-08,1.388960862791443e-08
5.610795454545454e-01,5.568181818181818e-01,-3.318183508163344e-08,1.946365778907487e-08
5.752840909090909e-01,5.568181818181818e-01,-4.423135171461121e-08,2.426467375289301e-08
5.894886363636364e-01,5.568181818181818e-01,-5.503124426816332e-08,2.829265651936880e-08
6.036931818181818e-01,5.568181818181818e-01,-6.583113682171542e-08,3.232063928584460e-08
6.178977272727273e-01,5.568181818181818e-01,-7.663102937526785e-08,3.634862205232052e-08
7.102272727272727e-03,5.795454545454546e-01,6.225236879807876e-10,-1.873063344115571e-10
2.130681818181818e-02,5.795454545454546e-01,1.867571063942363e-09,-5.619190032346712e-10
3.551136363636364e-02,5.795454545454546e-01,3.112618439903938e-09,-9.365316720577855e-10
4.971590909090909e-02,5.795454545454546e-01,4.342386544300577e-09,-1.263533530123493e-09
6.392045454545454e-02,5.795454545454546e-01,5.536503015045711e-09,-1.479443496421922e-09
7.812500000000000e-02,5.795454545454546e-01,6.730619485790837e-09,-1.695353462720350e-09
9.232954545454546e-02,5.795454545454546e-01,7.924735956535962e-09,-1.911263429018778e-09
1.065340909090909e-01,5.795454545454546e-01,9.118852427281096e-09,-2.127173395317207e-09
1.207386363636364e-01,5.795454545454546e-01,1.031296889802622e-08,-2.343083361615635e-09
1.349431818181818e-01,5.795454545454546e-01,1.122344971463827e-08,-2.488953200873084e-09
1.491477272727273e-01,5.795454545454546e-01,1.201237239376472e-08,-2.604805842827254e-09
1.633522727272727e-01,5.795454545454546e-01,1.280129507289116e-08,-2.720658484781425e-09
1.775568181818182e-01,5.795454545454546e-01,1.356986380332491e-08,-2.890778915628539e-09
1.917613636363636e-01,5.795454545454546e-01,1.431807858506597e-08,-3.115167135368599e-09
2.059659090909091e-01,5.795454545454546e-01,1.506629336680703e-08,-3.339555355108656e-09
2.201704545454546e-01,5.795454545454546e-01,1.581450814854808e-08,-3.563943574848714e-09
2.343750000000000e-01,5.795454545454546e-01,1.656272293028914e-08,-3.788331794588771e-09
2.485795454545454e-01,5.795454545454546e-01,1.731093771203019e-08,-4.012720014328828e-09
2.627840909090909e-01,5.795454545454546e-01,1.761724560270071e-08,-3.999577290449820e-09
2.769886363636364e-01,5.795454545454546e-01,1.787445272769672e-08,-3.960042239502025e-09
2.911931818181818e-01,5.795454545454546e-01,1.813165985269272e-08,-3.920507188554229e-09
3.053977272727273e-01,5.795454545454546e-01,1.837000385124092e-08,-4.081313725630249e-09
3.196022727272727e-01,5.795454545454546e-01,1.860026365274007e-08,-4.327980943287901e-09
3.338068181818182e-01,5.795454545454546e-01,1.883052345423920e-08,-4.574648160945553e-09
3.480113636363636e-01,5.795454545454546e-01,1.906078325573835e-08,-4.821315378603210e-09
3.622159090909091e-01,5.795454545454546e-01,1.929104305723748e-08,-5.067982596260862e-09
3.764204545454545e-01,5.795454545454546e-01,1.944898907510742e-08,-5.275672792179693e-09
3.906250000000000e-01,5.795454545454546e-01,1.895611104031452e-08,-5.132569792449145e-09
4.048295454545455e-01,5.795454545454546e-01,1.846323300552163e-08,-4.989466792718597e-09
4.190340909090909e-01,5.795454545454546e-01,1.797035497072873e-08,-4.846363792988049e-09
4.332386363636364e-01,5.795454545454546e-01,1.748957788763106e-08,-4.894900749662505e-09
4.474431818181818e-01,5.795454545454546e-01,1.701014535472175e-08,-4.964731034826407e-09
4.616477272727273e-01,5.795454545454546e-01,1.653071282181242e-08,-5.034561319990310e-09
4.758522727272727e-01,5.795454545454546e-01,1.605128028890312e-08,-5.104391605154208e-09
4.900568181818182e-01,5.795454545454546e-01,1.557184775599379e-08,-5.174221890318112e-09
5.042613636363636e-01,5.795454545454546e-01,1.184650276923614e-08,-3.550888341584659e-09
5.184659090909091e-01,5.795454545454546e-01,5.473620568326958e-10,2.023160819575782e-09
5.326704545454546e-01,5.795454545454546e-01,-1.075177865557075e-08,7.597209980736222e-09
5.468750000000000e-01,5.795454545454546e-01,-2.200099455208905e-08,1.301665250242819e-08
5.610795454545454e-01,5.795454545454546e-01,-3.280088710564115e-08,1.704463526890399e-08
5.752840909090909e-01,5.795454545454546e-01,-4.360077965919325e-08,2.107261803537978e-08
5.894886363636364e-01,5.795454545454546e-01,-5.440067221274536e-08,2.510060080185558e-08
6.036931818181818e-01,5.795454545454546e-01,-6.520056476629746e-08,2.912858356833138e-08
6.178977272727273e-01,5.795454545454546e-01,-7.600045731984989e-08,3.315656633480729e-08
7.102272727272727e-03,6.022727272727273e-01,6.225236879807876e-10,-1.873063344115571e-10
2.130681818181818e-02,6.022727272727273e-01,1.867571063942363e-09,-5.619190032346712e-10
3.551136363636364e-02,6.022727272727273e-01,3.066780625209137e-09,-7.936992397855682e-10
4.971590909090909e-02,6.022727272727273e-01,4.260897095954262e-09,-1.009609206083996e-09
6.392045454545454e-02,6.022727272727273e-01,5.455013566699397e-09,-1.225519172382425e-09
7.812500000000000e-02,6.022727272727273e-01,6.649130037444522e-09,-1.441429138680853e-09
9.232954545454546e-02,6.022727272727273e-01,7.843246508189648e-09,-1.657339104979281e-09
1.065340909090909e-01,6.022727272727273e-01,9.037362978934782e-09,-1.873249071277710e-09
1.207386363636364e-01,6.022727272727273e-01,1.023147944967991e-08,-2.089159037576138e-09
1.349431818181818e-01,6.022727272727273e-01,1.114196026629196e-08,-2.235028876833587e-09
1.491477272727273e-01,6.022727272727273e-01,1.192681215567986e-08,-2.361735076566346e-09
1.633522727272727e-01,6.022727272727273e-01,1.267502693742092e-08,-2.586123296306403e-09
1.775568181818182e-01,6.022727272727273e-01,1.342324171916197e-08,-2.810511516046461e-09
1.917613636363636e-01,6.022727272727273e-01,1.417145650090304e-08,-3.034899735786521e-09
2.059659090909091e-01,6.022727272727273e-01,1.491967128264410e-08,-3.259287955526579e-09
2.201704545454546e-01,6.022727272727273e-01,1.566788606438515e-08,-3.483676175266636e-09
2.343750000000000e-01,6.022727272727273e-01,1.641610084612620e-08,-3.708064395006693e-09
2.485795454545454e-01,6.022727272727273e-01,1.716431562786726e-08,-3.932452614746751e-09
2.627840909090909e-01,6.022727272727273e-01,1.747062351853777e-08,-3.919309890867742e-09
2.769886363636364e-01,6.022727272727273e-01,1.771974644648472e-08,-3.965635520501579e-09
2.911931818181818e-01,6.022727272727273e-01,1.795000624798386e-08,-4.212302738159235e-09
3.053977272727273e-01,6.022727272727273e-01,1.818026604948300e-08,-4.458969955816888e-09
3.196022727272727e-01,6.022727272727273e-01,1.841052585098214e-08,-4.705637173474540e-09
3.338068181818182e-01,6.022727272727273e-01,1.864078565248128e-08,-4.952304391132192e-09
3.480113636363636e-01,6.022727272727273e-01,1.887104545398042e-08,-5.198971608789848e-09
3.622159090909091e-01,6.022727272727273e-01,1.910130525547956e-08,-5.445638826447501e-09
3.764204545454545e-01,6.022727272727273e-01,1.925925127334950e-08,-5.653329022366332e-09
3.906250000000000e-01,6.022727272727273e-01,1.876637323855660e-08,-5.510226022635785e-09
4.048295454545455e-01,6.022727272727273e-01,1.828021795470549e-08,-5.473589665352467e-09
4.190340909090909e-01,6.022727272727273e-01,1.780078542179618e-08,-5.543419950516369e-09
4.332386363636364e-01,6.022727272727273e-01,1.732135288888687e-08,-5.613250235680270e-09
4.474431818181818e-01,6.022727272727273e-01,1.684192035597755e-08,-5.683080520844172e-09
4.616477272727273e-01,6.022727272727273e-01,1.636248782306823e-08,-5.752910806008075e-09
4.758522727272727e-01,6.022727272727273e-01,1.588305529015893e-08,-5.822741091171974e-09
4.900568181818182e-01,6.022727272727273e-01,1.540362275724960e-08,-5.892571376335878e-09
5.042613636363636e-01,6.022727272727273e-01,1.167827777049195e-08,-4.269237827602410e-09
5.184659090909091e-01,6.022727272727273e-01,3.791370580885073e-10,1.304811333558030e-09
5.326704545454546e-01,6.022727272727273e-01,-1.057052994311899e-08,5.796614018439171e-09
5.468750000000000e-01,6.022727272727273e-01,-2.137042249667109e-08,9.824596784914966e-09
5.610795454545454e-01,6.022727272727273e-01,-3.217031505022319e-08,1.385257955139076e-08
5.752840909090909e-01,6.022727272727273e-01,-4.297020760377529e-08,1.788056231786656e-08
5.894886363636364e-01,6.022727272727273e-01,-5.377010015732739e-08,2.190854508434235e-08
6.036931818181818e-01,6.022727272727273e-01,-6.456999271087949e-08,2.593652785081815e-08
6.178977272727273e-01,6.022727272727273e-01,-7.536988526443193e-08,2.996451061729407e-08
7.102272727272727e-03,6.250000000000000e-01,5.970582353725643e-10,-1.079549831492142e-10
2.130681818181818e-02,6.250000000000000e-01,1.791174706117693e-09,-3.238649494476425e-10
3.551136363636364e-02,6.250000000000000e-01,2.985291176862822e-09,-5.397749157460710e-10
4.971590909090909e-02,6.250000000000000e-01,4.179407647607950e-09,-7.556848820444992e-10
6.392045454545454e-02,6.250000000000000e-01,5.373524118353082e-09,-9.715948483429284e-10
7.812500000000000e-02,6.250000000000000e-01,6.567640589098207e-09,-1.187504814641356e-09
9.232954545454546e-02,6.250000000000000e-01,7.761757059843333e-09,-1.403414780939784e-09
1.065340909090909e-01,6.250000000000000e-01,8.955873530588468e-09,-1.619324747238213e-09
1.207386363636364e-01,6.250000000000000e-01,1.014999000133359e-08,-1.835234713536641e-09
1.349431818181818e-01,6.250000000000000e-01,1.103197528977588e-08,-2.057079457244211e-09
1.491477272727273e-01,6.250000000000000e-01,1.178019007151693e-08,-2.281467676984269e-09
1.633522727272727e-01,6.250000000000000e-01,1.252840485325799e-08,-2.505855896724326e-09
1.775568181818182e-01,6.250000000000000e-01,1.327661963499904e-08,-2.730244116464383e-09
1.917613636363636e-01,6.250000000000000e-01,1.402483441674011e-08,-2.954632336204444e-09
2.059659090909091e-01,6.250000000000000e-01,1.477304919848116e-08,-3.179020555944501e-09
2.201704545454546e-01,6.250000000000000e-01,1.552126398022222e-08,-3.403408775684558e-09
2.343750000000000e-01,6.250000000000000e-01,1.626947876196327e-08,-3.627796995424616e-09
2.485795454545454e-01,6.250000000000000e-01,1.701769354370433e-08,-3.852185215164672e-09
2.627840909090909e-01,6.250000000000000e-01,1.729974884322766e-08,-4.096624533030566e-09
2.769886363636364e-01,6.250000000000000e-01,1.753000864472680e-08,-4.343291750688218e-09
2.911931818181818e-01,6.250000000000000e-01,1.776026844622594e-08,-4.589958968345874e-09
3.053977272727273e-01,6.250000000000000e-01,1.799052824772508e-08,-4.836626186003526e-09
3.196022727272727e-01,6.250000000000000e-01,1.822078804922422e-08,-5.083293403661178e-09
3.338068181818182e-01,6.250000000000000e-01,1.845104785072336e-08,-5.329960621318831e-09
3.480113636363636e-01,6.250000000000000e-01,1.868130765222250e-08,-5.576627838976487e-09
3.622159090909091e-01,6.250000000000000e-01,1.891156745372164e-08,-5.823295056634139e-09
3.764204545454545e-01,6.250000000000000e-01,1.907085802177993e-08,-6.052278581042416e-09
3.906250000000000e-01,6.250000000000000e-01,1.859142548887062e-08,-6.122108866206317e-09
4.048295454545455e-01,6.250000000000000e-01,1.811199295596131e-08,-6.191939151370219e-09
4.190340909090909e-01,6.250000000000000e-01,1.763256042305199e-08,-6.261769436534120e-09
4.332386363636364e-01,6.250000000000000e-01,1.715312789014268e-08,-6.331599721698021e-09
4.474431818181818e-01,6.250000000000000e-01,1.667369535723337e-08,-6.401430006861923e-09
4.616477272727273e-01,6.250000000000000e-01,1.619426282432404e-08,-6.471260292025826e-09
4.758522727272727e-01,6.250000000000000e-01,1.571483029141474e-08,-6.541090577189726e-09
4.900568181818182e-01,6.250000000000000e-01,1.523539775850541e-08,-6.610920862353628e-09
5.042613636363636e-01,6.250000000000000e-01,1.165982721940317e-08,-5.451407232025582e-09
5.184659090909091e-01,6.250000000000000e-01,8.599346658510675e-10,-1.423424465549787e-09
5.326704545454546e-01,6.250000000000000e-01,-9.939957887701037e-09,2.604558300926009e-09
5.468750000000000e-01,6.250000000000000e-01,-2.073985044125314e-08,6.632541067401804e-09
5.610795454545454e-01,6.250000000000000e-01,-3.153974299480524e-08,1.066052383387760e-08
5.752840909090909e-01,6.250000000000000e-01,-4.233963554835734e-08,1.468850660035340e-08
5.894886363636364e-01,6.250000000000000e-01,-5.313952810190944e-08,1.871648936682919e-08
6.036931818181818e-01,6.250000000000000e-01,-6.393942065546155e-08,2.274447213330499e-08
6.178977272727273e-01,6.250000000000000e-01,-7.473931320901397e-08,2.677245489978091e-08
7.102272727272727e-03,6.477272727272727e-01,5.970582353725643e-10,-1.079549831492142e-10
2.130681818181818e-02,6.477272727272727e-01,1.791174706117693e-09,-3.238649494476425e-10
3.551136363636364e-02,6.477272727272727e-01,2.985291176862822e-09,-5.397749157460710e-10
4.971590909090909e-02,6.477272727272727e-01,4.179407647607950e-09,-7.556848820444992e-10
6.392045454545454e-02,6.477272727272727e-01,5.373524118353078e-09,-9.715948483429277e-10
7.812500000000000e-02,6.477272727272727e-01,6.567640589098207e-09,-1.187504814641356e-09
9.232954545454546e-02,6.477272727272727e-01,7.761757059843337e-09,-1.403414780939785e-09
1.065340909090909e-01,6.477272727272727e-01,8.845209878328518e-09,-1.571302432839006e-09
1.207386363636364e-01,6.477272727272727e-01,9.670447508207144e-09,-1.627138017806745e-09
1.349431818181818e-01,6.477272727272727e-01,1.044176914438948e-08,-1.800960447115108e-09
1.491477272727273e-01,6.477272727272727e-01,1.118998392613053e-08,-2.025348666855165e-09
1.633522727272727e-01,6.477272727272727e-01,1.193819870787159e-08,-2.249736886595222e-09
1.775568181818182e-01,6.477272727272727e-01,1.268641348961264e-08,-2.474125106335279e-09
1.917613636363636e-01,6.477272727272727e-01,1.343462827135370e-08,-2.698513326075338e-09
2.059659090909091e-01,6.477272727272727e-01,1.418284305309476e-08,-2.922901545815395e-09
2.201704545454546e-01,6.477272727272727e-01,1.493105783483582e-08,-3.147289765555455e-09
2.343750000000000e-01,6.477272727272727e-01,1.554251922212594e-08,-3.395272180830540e-09
2.485795454545454e-01,6.477272727272727e-01,1.601722721496512e-08,-3.666848791640653e-09
2.627840909090909e-01,6.477272727272727e-01,1.627193183559826e-08,-3.916006948613551e-09
2.769886363636364e-01,6.477272727272727e-01,1.650219163709739e-08,-4.162674166271202e-09
2.911931818181818e-01,6.477272727272727e-01,1.673245143859655e-08,-4.409341383928860e-09
3.053977272727273e-01,6.477272727272727e-01,1.696271124009569e-08,-4.656008601586512e-09
3.196022727272727e-01,6.477272727272727e-01,1.719297104159482e-08,-4.902675819244164e-09
3.338068181818182e-01,6.477272727272727e-01,1.742323084309396e-08,-5.149343036901816e-09
3.480113636363636e-01,6.477272727272727e-01,1.765349064459312e-08,-5.396010254559475e-09
3.622159090909091e-01,6.477272727272727e-01,1.779446657859970e-08,-5.791390829505463e-09
3.764204545454545e-01,6.477272727272727e-01,1.783896360273896e-08,-6.211577241855889e-09
3.906250000000000e-01,6.477272727272727e-01,1.735953106982965e-08,-6.281407527019790e-09
4.048295454545455e-01,6.477272727272727e-01,1.688009853692034e-08,-6.351237812183692e-09
4.190340909090909e-01,6.477272727272727e-01,1.640066600401102e-08,-6.421068097347594e-09
4.332386363636364e-01,6.477272727272727e-01,1.592123347110170e-08,-6.490898382511496e-09
4.474431818181818e-01,6.477272727272727e-01,1.544180093819239e-08,-6.560728667675398e-09
4.616477272727273e-01,6.477272727272727e-01,1.496236840528308e-08,-6.630558952839297e-09
4.758522727272727e-01,6.477272727272727e-01,1.448293587237376e-08,-6.700389238003200e-09
4.900568181818182e-01,6.477272727272727e-01,1.412646389832063e-08,-6.968958910014655e-09
5.042613636363636e-01,6.477272727272727e-01,1.064652934943985e-08,-5.964020358345817e-09
5.184659090909091e-01,6.477272727272727e-01,-1.533632041122469e-10,-1.936037591870021e-09
5.326704545454546e-01,6.477272727272727e-01,-1.095325575766437e-08,2.091945174605765e-09
5.468750000000000e-01,6.477272727272727e-01,-2.175314831121645e-08,6.119927941081570e-09
5.610795454545454e-01,6.477272727272727e-01,-3.255304086476857e-08,1.014791070755735e-08
5.752840909090909e-01,6.477272727272727e-01,-4.335293341832067e-08,1.417589347403315e-08
5.894886363636364e-01,6.477272727272727e-01,-5.415282597187277e-08,1.820387624050895e-08
6.036931818181818e-01,6.477272727272727e-01,-6.464361689387138e-08,2.204614472170758e-08
6.178977272727273e-01,6.477272727272727e-01,-7.235249313188814e-08,2.421698463541120e-08
7.102272727272727e-03,6.704545454545454e-01,5.970582353725643e-10,-1.079549831492142e-10
2.130681818181818e-02,6.704545454545454e-01,1.791174706117693e-09,-3.238649494476425e-10
3.551136363636364e-02,6.704545454545454e-01,2.985291176862822e-09,-5.397749157460710e-10
4.971590909090909e-02,6.704545454545454e-01,4.179407647607950e-09,-7.556848820444992e-10
6.392045454545454e-02,6.704545454545454e-01,5.373524118353078e-09,-9.715948483429277e-10
7.812500000000000e-02,6.704545454545454e-01,6.567640589098207e-09,-1.187504814641356e-09
9.232954545454546e-02,6.704545454545454e-01,7.429766103063485e-09,-1.259347837742164e-09
1.065340909090909e-01,6.704545454545454e-01,8.255003732942118e-09,-1.315183422709903e-09
1.207386363636364e-01,6.704545454545454e-01,9.080241362820745e-09,-1.371019007677641e-09
1.349431818181818e-01,6.704545454545454e-01,9.851562999003076e-09,-1.544841436986004e-09
1.491477272727273e-01,6.704545454545454e-01,1.059977778074413e-08,-1.769229656726061e-09
1.633522727272727e-01,6.704545454545454e-01,1.134799256248519e-08,-1.993617876466119e-09
1.775568181818182e-01,6.704545454545454e-01,1.209620734422624e-08,-2.218006096206176e-09
1.917613636363636e-01,6.704545454545454e-01,1.284442212596730e-08,-2.442394315946235e-09
2.059659090909091e-01,6.704545454545454e-01,1.356528622881817e-08,-2.671501374793299e-09
2.201704545454546e-01,6.704545454545454e-01,1.403999422165736e-08,-2.943077985603413e-09
2.343750000000000e-01,6.704545454545454e-01,1.451470221449654e-08,-3.214654596413526e-09
2.485795454545454e-01,6.704545454545454e-01,1.498941020733572e-08,-3.486231207223639e-09
2.627840909090909e-01,6.704545454545454e-01,1.524411482796887e-08,-3.735389364196538e-09
2.769886363636364e-01,6.704545454545454e-01,1.547437462946801e-08,-3.982056581854190e-09
2.911931818181818e-01,6.704545454545454e-01,1.570463443096715e-08,-4.228723799511846e-09
3.053977272727273e-01,6.704545454545454e-01,1.593489423246629e-08,-4.475391017169499e-09
3.196022727272727e-01,6.704545454545454e-01,1.616515403396543e-08,-4.722058234827151e-09
3.338068181818182e-01,6.704545454545454e-01,1.635714932082490e-08,-5.032459748465525e-09
3.480113636363636e-01,6.704545454545454e-01,1.645986074019181e-08,-5.491574619392231e-09
3.622159090909091e-01,6.704545454545454e-01,1.656257215955871e-08,-5.950689490318938e-09
3.764204545454545e-01,6.704545454545454e-01,1.660706918369799e-08,-6.370875902669363e-09
3.906250000000000e-01,6.704545454545454e-01,1.612763665078868e-08,-6.440706187833264e-09
4.048295454545455e-01,6.704545454545454e-01,1.564820411787937e-08,-6.510536472997164e-09
4.190340909090909e-01,6.704545454545454e-01,1.516877158497005e-08,-6.580366758161067e-09
4.332386363636364e-01,6.704545454545454e-01,1.468933905206074e-08,-6.650197043324968e-09
4.474431818181818e-01,6.704545454545454e-01,1.420990651915142e-08,-6.720027328488872e-09
4.616477272727273e-01,6.704545454545454e-01,1.379878540782887e-08,-6.900268384123640e-09
4.758522727272727e-01,6.704545454545454e-01,1.345597571809309e-08,-7.190920210229260e-09
4.900568181818182e-01,6.704545454545454e-01,1.311316602835730e-08,-7.481572036334899e-09
5.042613636363636e-01,6.704545454545454e-01,9.633231479476519e-09,-6.476633484666060e-09
5.184659090909091e-01,6.704545454545454e-01,-1.166661074075581e-09,-2.448650718190265e-09
5.326704545454546e-01,6.704545454545454e-01,-1.196655362762768e-08,1.579332048285531e-09
5.468750000000000e-01,6.704545454545454e-01,-2.276644618117979e-08,5.607314814761327e-09
5.610795454545454e-01,6.704545454545454e-01,-3.356633873473189e-08,9.635297581237122e-09
5.752840909090909e-01,6.704545454545454e-01,-4.436623128828399e-08,1.366328034771292e-08
5.894886363636364e-01,6.704545454545454e-01,-5.300241242096121e-08,1.639126311724817e-08
6.036931818181818e-01,6.704545454545454e-01,-6.071128865897773e-08,1.856210303095172e-08
6.178977272727273e-01,6.704545454545454e-01,-6.842016489699448e-08,2.073294294465535e-08
7.102272727272727e-03,6.931818181818182e-01,5.970582353725643e-10,-1.079549831492142e-10
2.130681818181818e-02,6.931818181818182e-01,1.791174706117693e-09,-3.238649494476425e-10
3.551136363636364e-02,6.931818181818182e-01,2.985291176862822e-09,-5.397749157460710e-10
4.971590909090909e-02,6.931818181818182e-01,4.179407647607950e-09,-7.556848820444992e-10
6.392045454545454e-02,6.931818181818182e-01,5.189084697919830e-09,-8.915576576775823e-10
7.812500000000000e-02,6.931818181818182e-01,6.014322327798457e-09,-9.473932426453206e-10
9.232954545454546e-02,6.931818181818182e-01,6.839559957677083e-09,-1.003228827613059e-09
1.065340909090909e-01,6.931818181818182e-01,7.664797587555716e-09,-1.059064412580798e-09
1.207386363636364e-01,6.931818181818182e-01,8.490035217434342e-09,-1.114899997548536e-09
1.349431818181818e-01,6.931818181818182e-01,9.261356853616677e-09,-1.288722426856900e-09
1.491477272727273e-01,6.931818181818182e-01,1.000957163535773e-08,-1.513110646596956e-09
1.633522727272727e-01,6.931818181818182e-01,1.075778641709878e-08,-1.737498866337013e-09
1.775568181818182e-01,6.931818181818182e-01,1.150600119883984e-08,-1.961887086077070e-09
1.917613636363636e-01,6.931818181818182e-01,1.206276122834959e-08,-2.219307179566170e-09
2.059659090909091e-01,6.931818181818182e-01,1.253746922118877e-08,-2.490883790376284e-09
2.201704545454546e-01,6.931818181818182e-01,1.301217721402795e-08,-2.762460401186397e-09
2.343750000000000e-01,6.931818181818182e-01,1.348688520686713e-08,-3.034037011996510e-09
2.485795454545454e-01,6.931818181818182e-01,1.396159319970632e-08,-3.305613622806623e-09
2.627840909090909e-01,6.931818181818182e-01,1.421629782033946e-08,-3.554771779779521e-09
2.769886363636364e-01,6.931818181818182e-01,1.444655762183860e-08,-3.801438997437174e-09
2.911931818181818e-01,6.931818181818182e-01,1.467681742333775e-08,-4.048106215094832e-09
3.053977272727273e-01,6.931818181818182e-01,1.490707722483689e-08,-4.294773432752484e-09
3.196022727272727e-01,6.931818181818182e-01,1.502254348241701e-08,-4.732643538352279e-09
3.338068181818182e-01,6.931818181818182e-01,1.512525490178392e-08,-5.191758409278999e-09
3.480113636363636e-01,6.931818181818182e-01,1.522796632115083e-08,-5.650873280205706e-09
3.622159090909091e-01,6.931818181818182e-01,1.533067774051773e-08,-6.109988151132412e-09
3.764204545454545e-01,6.931818181818182e-01,1.537517476465703e-08,-6.530174563482835e-09
3.906250000000000e-01,6.931818181818182e-01,1.489574223174770e-08,-6.600004848646738e-09
4.048295454545455e-01,6.931818181818182e-01,1.441630969883839e-08,-6.669835133810639e-09
4.190340909090909e-01,6.931818181818182e-01,1.393687716592907e-08,-6.739665418974541e-09
4.332386363636364e-01,6.931818181818182e-01,1.347110691733711e-08,-6.831577858232616e-09
4.474431818181818e-01,6.931818181818182e-01,1.312829722760133e-08,-7.122229684338245e-09
4.616477272727273e-01,6.931818181818182e-01,1.278548753786553e-08,-7.412881510443883e-09
4.758522727272727e-01,6.931818181818182e-01,1.244267784812976e-08,-7.703533336549504e-09
4.900568181818182e-01,6.931818181818182e-01,1.209986815839396e-08,-7.994185162655143e-09
5.042613636363636e-01,6.931818181818182e-01,8.619933609513205e-09,-6.989246610986294e-09
5.184659090909091e-01,6.931818181818182e-01,-2.179958944038914e-09,-2.961263844510509e-09
5.326704545454546e-01,6.931818181818182e-01,-1.297985149759102e-08,1.066718921965287e-09
5.468750000000000e-01,6.931818181818182e-01,-2.377974405114312e-08,5.094701688441082e-09
5.610795454545454e-01,6.931818181818182e-01,-3.365233171003451e-08,8.565541599085189e-09
5.752840909090909e-01,6.931818181818182e-01,-4.136120794805103e-08,1.073638151278875e-08
5.894886363636364e-01,6.931818181818182e-01,-4.907008418606754e-08,1.290722142649231e-08
6.036931818181818e-01,6.931818181818182e-01,-5.677896042408406e-08,1.507806134019587e-08
6.178977272727273e-01,6.931818181818182e-01,-6.448783666210082e-08,1.724890125389950e-08
7.102272727272727e-03,7.159090909090909e-01,5.970582353725643e-10,-1.079549831492142e-10
2.130681818181818e-02,7.159090909090909e-01,1.791174706117693e-09,-3.238649494476425e-10
3.551136363636364e-02,7.159090909090909e-01,2.948403292776171e-09,-5.237674776130017e-10
4.971590909090909e-02,7.159090909090909e-01,3.773640922654798e-09,-5.796030625807400e-10
6.392045454545454e-02,7.159090909090909e-01,4.598878552533431e-09,-6.354386475484786e-10
7.812500000000000e-02,7.159090909090909e-01,5.424116182412057e-09,-6.912742325162170e-10
9.232954545454546e-02,7.159090909090909e-01,6.249353812290684e-09,-7.471098174839553e-10
1.065340909090909e-01,7.159090909090909e-01,7.074591442169316e-09,-8.029454024516940e-10
1.207386363636364e-01,7.159090909090909e-01,7.899829072047942e-09,-8.587809874194323e-10
1.349431818181818e-01,7.159090909090909e-01,8.671150708230277e-09,-1.032603416727797e-09
1.491477272727273e-01,7.159090909090909e-01,9.419365489971331e-09,-1.256991636467852e-09
1.633522727272727e-01,7.159090909090909e-01,1.008552823504183e-08,-1.495536373528928e-09
1.775568181818182e-01,7.159090909090909e-01,1.056023622788101e-08,-1.767112984339041e-09
1.917613636363636e-01,7.159090909090909e-01,1.103494422072020e-08,-2.038689595149158e-09
2.059659090909091e-01,7.159090909090909e-01,1.150965221355938e-08,-2.310266205959271e-09
2.201704545454546e-01,7.159090909090909e-01,1.198436020639857e-08,-2.581842816769384e-09
2.343750000000000e-01,7.159090909090909e-01,1.245906819923775e-08,-2.853419427579497e-09
2.485795454545454e-01,7.159090909090909e-01,1.293377619207693e-08,-3.124996038389610e-09
2.627840909090909e-01,7.159090909090909e-01,1.318848081271007e-08,-3.374154195362508e-09
2.769886363636364e-01,7.159090909090909e-01,1.341874061420921e-08,-3.620821413020160e-09
2.911931818181818e-01,7.159090909090909e-01,1.358522622464224e-08,-3.973712457312338e-09
3.053977272727273e-01,7.159090909090909e-01,1.368793764400915e-08,-4.432827328239058e-09
3.196022727272727e-01,7.159090909090909e-01,1.379064906337605e-08,-4.891942199165750e-09
3.338068181818182e-01,7.159090909090909e-01,1.389336048274296e-08,-5.351057070092470e-09
3.480113636363636e-01,7.159090909090909e-01,1.399607190210987e-08,-5.810171941019177e-09
3.622159090909091e-01,7.159090909090909e-01,1.409878332147677e-08,-6.269286811945884e-09
3.764204545454545e-01,7.159090909090909e-01,1.414328034561606e-08,-6.689473224296308e-09
3.906250000000000e-01,7.159090909090909e-01,1.366384781270674e-08,-6.759303509460210e-09
4.048295454545455e-01,7.159090909090909e-01,1.318441527979742e-08,-6.829133794624113e-09
4.190340909090909e-01,7.159090909090909e-01,1.280061873710959e-08,-7.053539158447220e-09
4.332386363636364e-01,7.159090909090909e-01,1.245780904737380e-08,-7.344190984552850e-09
4.474431818181818e-01,7.159090909090909e-01,1.211499935763802e-08,-7.634842810658478e-09
4.616477272727273e-01,7.159090909090909e-01,1.177218966790222e-08,-7.925494636764117e-09
4.758522727272727e-01,7.159090909090909e-01,1.142937997816645e-08,-8.216146462869738e-09
4.900568181818182e-01,7.159090909090909e-01,1.108657028843065e-08,-8.506798288975376e-09
5.042613636363636e-01,7.159090909090909e-01,7.606635739549872e-09,-7.501859737306539e-09
5.184659090909091e-01,7.159090909090909e-01,-3.193256814002228e-09,-3.473876970830743e-09
5.326704545454546e-01,7.159090909090909e-01,-1.399314936755433e-08,5.541057956450531e-10
5.468750000000000e-01,7.159090909090909e-01,-2.201112723712441e-08,2.910659994625843e-09
5.610795454545454e-01,7.159090909090909e-01,-2.972000347514092e-08,5.081499908329403e-09
5.752840909090909e-01,7.159090909090909e-01,-3.742887971315744e-08,7.252339822032962e-09
5.894886363636364e-01,7.159090909090909e-01,-4.513775595117396e-08,9.423179735736522e-09
6.036931818181818e-01,7.159090909090909e-01,-5.284663218919047e-08,1.159401964944008e-08
6.178977272727273e-01,7.159090909090909e-01,-6.055550842720723e-08,1.376485956314371e-08
7.102272727272727e-03,7.386363636363636e-01,5.970582353725643e-10,-1.079549831492142e-10
2.130681818181818e-02,7.386363636363636e-01,1.532959517511145e-09,-2.118128825161597e-10
3.551136363636364e-02,7.386363636363636e-01,2.358197147389772e-09,-2.676484674838980e-10
4.971590909090909e-02,7.386363636363636e-01,3.183434777268398e-09,-3.234840524516363e-10
6.392045454545454e-02,7.386363636363636e-01,4.008672407147031e-09,-3.793196374193750e-10
7.812500000000000e-02,7.386363636363636e-01,4.833910037025657e-09,-4.351552223871133e-10
9.232954545454546e-02,7.386363636363636e-01,5.659147666904284e-09,-4.909908073548515e-10
1.065340909090909e-01,7.386363636363636e-01,6.484385296782917e-09,-5.468263923225903e-10
1.207386363636364e-01,7.386363636363636e-01,7.309622926661543e-09,-6.026619772903286e-10
1.349431818181818e-01,7.386363636363636e-01,8.080944562843879e-09,-7.764844065986929e-10
1.491477272727273e-01,7.386363636363636e-01,8.583003234573239e-09,-1.043342178301799e-09
1.633522727272727e-01,7.386363636363636e-01,9.057711227412423e-09,-1.314918789111912e-09
1.775568181818182e-01,7.386363636363636e-01,9.532419220251605e-09,-1.586495399922025e-09
1.917613636363636e-01,7.386363636363636e-01,1.000712721309079e-08,-1.858072010732142e-09
2.059659090909091e-01,7.386363636363636e-01,1.048183520592998e-08,-2.129648621542256e-09
2.201704545454546e-01,7.386363636363636e-01,1.095654319876916e-08,-2.401225232352369e-09
2.343750000000000e-01,7.386363636363636e-01,1.143125119160834e-08,-2.672801843162482e-09
2.485795454545454e-01,7.386363636363636e-01,1.190595918444753e-08,-2.944378453972595e-09
2.627840909090909e-01,7.386363636363636e-01,1.214790896686745e-08,-3.214781376272399e-09
2.769886363636364e-01,7.386363636363636e-01,1.225062038623435e-08,-3.673896247199106e-09
2.911931818181818e-01,7.386363636363636e-01,1.235333180560126e-08,-4.133011118125812e-09
3.053977272727273e-01,7.386363636363636e-01,1.245604322496817e-08,-4.592125989052533e-09
3.196022727272727e-01,7.386363636363636e-01,1.255875464433507e-08,-5.051240859979225e-09
3.338068181818182e-01,7.386363636363636e-01,1.266146606370198e-08,-5.510355730905946e-09
3.480113636363636e-01,7.386363636363636e-01,1.276417748306889e-08,-5.969470601832652e-09
3.622159090909091e-01,7.386363636363636e-01,1.286688890243579e-08,-6.428585472759359e-09
3.764204545454545e-01,7.386363636363636e-01,1.291138592657509e-08,-6.848771885109781e-09
3.906250000000000e-01,7.386363636363636e-01,1.247294024661782e-08,-6.984848632556205e-09
4.048295454545455e-01,7.386363636363636e-01,1.213013055688204e-08,-7.275500458661834e-09
4.190340909090909e-01,7.386363636363636e-01,1.178732086714625e-08,-7.566152284767463e-09
4.332386363636364e-01,7.386363636363636e-01,1.144451117741047e-08,-7.856804110873093e-09
4.474431818181818e-01,7.386363636363636e-01,1.110170148767468e-08,-8.147455936978722e-09
4.616477272727273e-01,7.386363636363636e-01,1.075889179793889e-08,-8.438107763084362e-09
4.758522727272727e-01,7.386363636363636e-01,1.041608210820311e-08,-8.728759589189981e-09
4.900568181818182e-01,7.386363636363636e-01,1.007327241846732e-08,-9.019411415295620e-09
5.042613636363636e-01,7.386363636363636e-01,6.593337869586538e-09,-8.014472863626782e-09
5.184659090909091e-01,7.386363636363636e-01,-2.661046526197720e-09,-4.915061523537133e-09
5.326704545454546e-01,7.386363636363636e-01,-1.036992276421424e-08,-2.744221609833574e-09
5.468750000000000e-01,7.386363636363636e-01,-1.807879900223075e-08,-5.733816961300141e-10
5.610795454545454e-01,7.386363636363636e-01,-2.578767524024726e-08,1.597458217573545e-09
5.752840909090909e-01,7.386363636363636e-01,-3.349655147826378e-08,3.768298131277105e-09
5.894886363636364e-01,7.386363636363636e-01,-4.120542771628029e-08,5.939138044980666e-09
6.036931818181818e-01,7.386363636363636e-01,-4.891430395429681e-08,8.109977958684225e-09
6.178977272727273e-01,7.386363636363636e-01,-5.662318019231356e-08,1.028081787238785e-08
7.102272727272727e-03,7.613636363636364e-01,4.126188149393144e-10,-2.791779248386922e-11
2.130681818181818e-02,7.613636363636364e-01,1.237856444817943e-09,-8.375337745160767e-11
3.551136363636364e-02,7.613636363636364e-01,2.063094074696572e-09,-1.395889624193461e-10
4.971590909090909e-02,7.613636363636364e-01,2.888331704575200e-09,-1.954245473870845e-10
6.392045454545454e-02,7.613636363636364e-01,3.713569334453829e-09,-2.512601323548230e-10
7.812500000000000e-02,7.613636363636364e-01,4.538806964332458e-09,-3.070957173225614e-10
9.232954545454546e-02,7.613636363636364e-01,5.364044594211087e-09,-3.629313022902999e-10
1.065340909090909e-01,7.613636363636364e-01,6.189282224089715e-09,-4.187668872580383e-10
1.207386363636364e-01,7.613636363636364e-01,6.761024992852225e-09,-4.249046580010563e-10
1.349431818181818e-01,7.613636363636364e-01,7.188794960133576e-09,-6.019402725236271e-10
1.491477272727273e-01,7.613636363636364e-01,7.663502952972754e-09,-8.735168833337394e-10
1.633522727272727e-01,7.613636363636364e-01,8.138210945811937e-09,-1.145093494143853e-09
1.775568181818182e-01,7.613636363636364e-01,8.612918938651116e-09,-1.416670104953965e-09
1.917613636363636e-01,7.613636363636364e-01,9.087626931490306e-09,-1.688246715764081e-09
2.059659090909091e-01,7.613636363636364e-01,9.562334924329489e-09,-1.959823326574194e-09
2.201704545454546e-01,7.613636363636364e-01,1.003704291716868e-08,-2.231399937384310e-09
2.343750000000000e-01,7.613636363636364e-01,1.051175091000786e-08,-2.502976548194423e-09
2.485795454545454e-01,7.613636363636364e-01,1.072643589993466e-08,-2.729441704192209e-09
2.627840909090909e-01,7.613636363636364e-01,1.082920083337558e-08,-3.163358255562635e-09
2.769886363636364e-01,7.613636363636364e-01,1.093191225274248e-08,-3.622473126489341e-09
2.911931818181818e-01,7.613636363636364e-01,1.103462367210941e-08,-4.081587997416056e-09
3.053977272727273e-01,7.613636363636364e-01,1.113733509147630e-08,-4.540702868342760e-09
3.196022727272727e-01,7.613636363636364e-01,1.124004651084320e-08,-4.999817739269466e-09
3.338068181818182e-01,7.613636363636364e-01,1.134275793021011e-08,-5.458932610196173e-09
3.480113636363636e-01,7.613636363636364e-01,1.144546934957703e-08,-5.918047481122889e-09
3.622159090909091e-01,7.613636363636364e-01,1.154818076894394e-08,-6.377162352049596e-09
3.764204545454545e-01,7.613636363636364e-01,1.147040015161566e-08,-6.819857160873301e-09
3.906250000000000e-01,7.613636363636364e-01,1.112759046187987e-08,-7.110508986978930e-09
4.048295454545455e-01,7.613636363636364e-01,1.078478077214409e-08,-7.401160813084560e-09
4.190340909090909e-01,7.613636363636364e-01,1.044197108240827e-08,-7.691812639190183e-09
4.332386363636364e-01,7.613636363636364e-01,1.009916139267251e-08,-7.982464465295817e-09
4.474431818181818e-01,7.613636363636364e-01,9.756351702936699e-09,-8.273116291401442e-09
4.616477272727273e-01,7.613636363636364e-01,9.413542013200936e-09,-8.563768117507086e-09
4.758522727272727e-01,7.613636363636364e-01,9.070732323465128e-09,-8.854419943612700e-09
4.900568181818182e-01,7.613636363636364e-01,8.743208695724528e-09,-9.155181421430976e-09
5.042613636363636e-01,7.613636363636364e-01,6.297581475470586e-09,-8.778153287582234e-09
5.184659090909091e-01,7.613636363636364e-01,-1.411294762545929e-09,-6.607313373878676e-09
5.326704545454546e-01,7.613636363636364e-01,-9.120171000562445e-09,-4.436473460175115e-09
5.468750000000000e-01,7.613636363636364e-01,-1.682904723857896e-08,-2.265633546471556e-09
5.610795454545454e-01,7.613636363636364e-01,-2.453792347659548e-08,-9.479363276799539e-11
5.752840909090909e-01,7.613636363636364e-01,-3.224679971461201e-08,2.076046280935566e-09
5.894886363636364e-01,7.613636363636364e-01,-3.995567595262850e-08,4.246886194639124e-09
6.036931818181818e-01,7.613636363636364e-01,-4.766455219064504e-08,6.417726108342685e-09
6.178977272727273e-01,7.613636363636364e-01,-5.397202041642561e-08,8.103701815045473e-09
7.102272727272727e-03,7.840909090909091e-01,4.126188149393144e-10,-2.791779248386922e-11
2.130681818181818e-02,7.840909090909091e-01,1.237856444817943e-09,-8.375337745160767e-11
3.551136363636364e-02,7.840909090909091e-01,2.063094074696572e-09,-1.395889624193461e-10
4.971590909090909e-02,7.840909090909091e-01,2.888331704575200e-09,-1.954245473870845e-10
6.392045454545454e-02,7.840909090909091e-01,3.713569334453829e-09,-2.512601323548230e-10
7.812500000000000e-02,7.840909090909091e-01,4.538806964332458e-09,-3.070957173225614e-10
9.232954545454546e-02,7.840909090909091e-01,5.313345621987863e-09,-3.529917394453561e-10
1.065340909090909e-01,7.840909090909091e-01,5.631593529634254e-09,-3.094316959636531e-10
1.207386363636364e-01,7.840909090909091e-01,5.949841437280642e-09,-2.658716524819505e-10
1.349431818181818e-01,7.840909090909091e-01,6.377611404561993e-09,-4.429072670045214e-10
1.491477272727273e-01,7.840909090909091e-01,6.852319397401171e-09,-7.144838778146337e-10
1.633522727272727e-01,7.840909090909091e-01,7.327027390240355e-09,-9.860604886247468e-10
1.775568181818182e-01,7.840909090909091e-01,7.801735383079534e-09,-1.257637099434859e-09
1.917613636363636e-01,7.840909090909091e-01,8.276443375918724e-09,-1.529213710244975e-09
2.059659090909091e-01,7.840909090909091e-01,8.751151368757905e-09,-1.800790321055088e-09
2.201704545454546e-01,7.840909090909091e-01,9.114420931777490e-09,-2.053033451231347e-09
2.343750000000000e-01,7.840909090909091e-01,9.217667491884685e-09,-2.260165126595278e-09
2.485795454545454e-01,7.840909090909091e-01,9.320914051991880e-09,-2.467296801959208e-09
2.627840909090909e-01,7.840909090909091e-01,9.423678985432816e-09,-2.901213353329636e-09
2.769886363636364e-01,7.840909090909091e-01,9.526390404799721e-09,-3.360328224256342e-09
2.911931818181818e-01,7.840909090909091e-01,9.629101824166643e-09,-3.819443095183058e-09
3.053977272727273e-01,7.840909090909091e-01,9.731813243533549e-09,-4.278557966109765e-09
3.196022727272727e-01,7.840909090909091e-01,9.834524662900454e-09,-4.737672837036471e-09
3.338068181818182e-01,7.840909090909091e-01,9.937236082267346e-09,-5.196787707963175e-09
3.480113636363636e-01,7.840909090909091e-01,9.954985048018677e-09,-5.656168980376830e-09
3.622159090909091e-01,7.840909090909091e-01,9.887771560154433e-09,-6.115816654277418e-09
3.764204545454545e-01,7.840909090909091e-01,9.792998452103064e-09,-6.558564743398517e-09
3.906250000000000e-01,7.840909090909091e-01,9.450188762367249e-09,-6.849216569504141e-09
4.048295454545455e-01,7.840909090909091e-01,9.107379072631462e-09,-7.139868395609771e-09
4.190340909090909e-01,7.840909090909091e-01,8.764569382895678e-09,-7.430520221715400e-09
4.332386363636364e-01,7.840909090909091e-01,8.421759693159893e-09,-7.721172047821029e-09
4.474431818181818e-01,7.840909090909091e-01,8.078950003424109e-09,-8.011823873926659e-09
4.616477272727273e-01,7.840909090909091e-01,7.736140313688346e-09,-8.302475700032301e-09
4.758522727272727e-01,7.840909090909091e-01,7.500333057918670e-09,-8.663895088126327e-09
4.900568181818182e-01,7.840909090909091e-01,7.310383988134498e-09,-9.055643431358269e-09
5.042613636363636e-01,7.840909090909091e-01,4.864756767880585e-09,-8.678615297509531e-09
5.184659090909091e-01,7.840909090909091e-01,-2.844119470135958e-09,-6.507775383805970e-09
5.326704545454546e-01,7.840909090909091e-01,-1.055299570815247e-08,-4.336935470102409e-09
5.468750000000000e-01,7.840909090909091e-01,-1.826187194616899e-08,-2.166095556398850e-09
5.610795454545454e-01,7.840909090909091e-01,-2.597074818418550e-08,4.744357304710670e-12
5.752840909090909e-01,7.840909090909091e-01,-3.367962442220202e-08,2.175584271008270e-09
5.894886363636364e-01,7.840909090909091e-01,-4.138850066021853e-08,4.346424184711829e-09
6.036931818181818e-01,7.840909090909091e-01,-4.489315286152706e-08,5.062671477413070e-09
6.178977272727273e-01,7.840909090909091e-01,-4.793066905875701e-08,5.617297367780730e-09
7.102272727272727e-03,8.068181818181818e-01,4.126188149393144e-10,-2.791779248386922e-11
2.130681818181818e-02,8.068181818181818e-01,1.237856444817943e-09,-8.375337745160767e-11
3.551136363636364e-02,8.068181818181818e-01,2.063094074696572e-09,-1.395889624193461e-10
4.971590909090909e-02,8.068181818181818e-01,2.888331704575200e-09,-1.954245473870845e-10
6.392045454545454e-02,8.068181818181818e-01,3.713569334453829e-09,-2.512601323548230e-10
7.812500000000000e-02,8.068181818181818e-01,4.183914158769892e-09,-2.375187774079530e-10
9.232954545454546e-02,8.068181818181818e-01,4.502162066416280e-09,-1.939587339262503e-10
1.065340909090909e-01,8.068181818181818e-01,4.820409974062671e-09,-1.503986904445474e-10
1.207386363636364e-01,8.068181818181818e-01,5.138657881709059e-09,-1.068386469628447e-10
1.349431818181818e-01,8.068181818181818e-01,5.566427848990409e-09,-2.838742614854155e-10
1.491477272727273e-01,8.068181818181818e-01,6.041135841829588e-09,-5.554508722955280e-10
1.633522727272727e-01,8.068181818181818e-01,6.515843834668771e-09,-8.270274831056412e-10
1.775568181818182e-01,8.068181818181818e-01,6.990551827507950e-09,-1.098604093915754e-09
1.917613636363636e-01,8.068181818181818e-01,7.465259820347140e-09,-1.370180704725870e-09
2.059659090909091e-01,8.068181818181818e-01,7.605652523727544e-09,-1.583756873634421e-09
2.201704545454546e-01,8.068181818181818e-01,7.708899083834739e-09,-1.790888548998351e-09
2.343750000000000e-01,8.068181818181818e-01,7.812145643941934e-09,-1.998020224362282e-09
2.485795454545454e-01,8.068181818181818e-01,7.915392204049130e-09,-2.205151899726212e-09
2.627840909090909e-01,8.068181818181818e-01,8.018157137490052e-09,-2.639068451096637e-09
2.769886363636364e-01,8.068181818181818e-01,8.120868556856957e-09,-3.098183322023343e-09
2.911931818181818e-01,8.068181818181818e-01,8.223579976223879e-09,-3.557298192950060e-09
3.053977272727273e-01,8.068181818181818e-01,8.326291395590771e-09,-4.016413063876763e-09
3.196022727272727e-01,8.068181818181818e-01,8.412010324234580e-09,-4.475581215100852e-09
3.338068181818182e-01,8.068181818181818e-01,8.344796836370333e-09,-4.935228889001456e-09
3.480113636363636e-01,8.068181818181818e-01,8.277583348506089e-09,-5.394876562902046e-09
3.622159090909091e-01,8.068181818181818e-01,8.210369860641844e-09,-5.854524236802634e-09
3.764204545454545e-01,8.068181818181818e-01,8.115596752590444e-09,-6.297272325923727e-09
3.906250000000000e-01,8.068181818181818e-01,7.772787062854660e-09,-6.587924152029357e-09
4.048295454545455e-01,8.068181818181818e-01,7.429977373118842e-09,-6.878575978134981e-09
4.190340909090909e-01,8.068181818181818e-01,7.087167683383089e-09,-7.169227804240616e-09
4.332386363636364e-01,8.068181818181818e-01,6.744357993647271e-09,-7.459879630346239e-09
4.474431818181818e-01,8.068181818181818e-01,6.447406489897002e-09,-7.780860411589762e-09
4.616477272727273e-01,8.068181818181818e-01,6.257457420112830e-09,-8.172608754821705e-09
4.758522727272727e-01,8.068181818181818e-01,6.067508350328669e-09,-8.564357098053622e-09
4.900568181818182e-01,8.068181818181818e-01,5.877559280544498e-09,-8.956105441285565e-09
5.042613636363636e-01,8.068181818181818e-01,3.431932060290557e-09,-8.579077307436824e-09
5.184659090909091e-01,8.068181818181818e-01,-4.276944177725959e-09,-6.408237393733265e-09
5.326704545454546e-01,8.068181818181818e-01,-1.198582041574247e-08,-4.237397480029704e-09
5.468750000000000e-01,8.068181818181818e-01,-1.969469665375899e-08,-2.066557566326145e-09
5.610795454545454e-01,8.068181818181818e-01,-2.740357289177550e-08,1.042823473774151e-10
5.752840909090909e-01,8.068181818181818e-01,-3.277676910939876e-08,1.467015249413041e-09
5.894886363636364e-01,8.068181818181818e-01,-3.581428530662871e-08,2.021641139780701e-09
6.036931818181818e-01,8.068181818181818e-01,-3.885180150385846e-08,2.576267030148326e-09
6.178977272727273e-01,8.068181818181818e-01,-4.188931770108841e-08,3.130892920515986e-09
7.102272727272727e-03,8.295454545454546e-01,4.126188149393144e-10,-2.791779248386922e-11
2.130681818181818e-02,8.295454545454546e-01,1.237856444817943e-09,-8.375337745160767e-11
3.551136363636364e-02,8.295454545454546e-01,2.063094074696572e-09,-1.395889624193461e-10
4.971590909090909e-02,8.295454545454546e-01,2.736234787905526e-09,-1.656058588522520e-10
6.392045454545454e-02,8.295454545454546e-01,3.054482695551917e-09,-1.220458153705490e-10
7.812500000000000e-02,8.295454545454546e-01,3.372730603198305e-09,-7.848577188884638e-11
9.232954545454546e-02,8.295454545454546e-01,3.690978510844693e-09,-3.492572840714374e-11
1.065340909090909e-01,8.295454545454546e-01,4.009226418491083e-09,8.634315074559233e-12
1.207386363636364e-01,8.295454545454546e-01,4.327474326137472e-09,5.219435855626187e-11
1.349431818181818e-01,8.295454545454546e-01,4.755244293418819e-09,-1.248412559663082e-10
1.491477272727273e-01,8.295454545454546e-01,5.229952286258001e-09,-3.964178667764213e-10
1.633522727272727e-01,8.295454545454546e-01,5.704660279097185e-09,-6.679944775865345e-10
1.775568181818182e-01,8.295454545454546e-01,5.993637555570373e-09,-9.073486206735562e-10
1.917613636363636e-01,8.295454545454546e-01,6.096884115677571e-09,-1.114480296037490e-09
2.059659090909091e-01,8.295454545454546e-01,6.200130675784767e-09,-1.321611971401420e-09
2.201704545454546e-01,8.295454545454546e-01,6.303377235891961e-09,-1.528743646765350e-09
2.343750000000000e-01,8.295454545454546e-01,6.406623795999157e-09,-1.735875322129280e-09
2.485795454545454e-01,8.295454545454546e-01,6.509870356106352e-09,-1.943006997493210e-09
2.627840909090909e-01,8.295454545454546e-01,6.612635289547286e-09,-2.376923548863638e-09
2.769886363636364e-01,8.295454545454546e-01,6.715346708914194e-09,-2.836038419790345e-09
2.911931818181818e-01,8.295454545454546e-01,6.818058128281101e-09,-3.295153290717058e-09
3.053977272727273e-01,8.295454545454546e-01,6.801822112586200e-09,-3.754641123725490e-09
3.196022727272727e-01,8.295454545454546e-01,6.734608624721957e-09,-4.214288797626064e-09
3.338068181818182e-01,8.295454545454546e-01,6.667395136857710e-09,-4.673936471526668e-09
3.480113636363636e-01,8.295454545454546e-01,6.600181648993465e-09,-5.133584145427257e-09
3.622159090909091e-01,8.295454545454546e-01,6.532968161129222e-09,-5.593231819327846e-09
3.764204545454545e-01,8.295454545454546e-01,6.438195053077823e-09,-6.035979908448938e-09
3.906250000000000e-01,8.295454545454546e-01,6.095385363342037e-09,-6.326631734554568e-09
4.048295454545455e-01,8.295454545454546e-01,5.752575673606252e-09,-6.617283560660198e-09
4.190340909090909e-01,8.295454545454546e-01,5.409765983870468e-09,-6.907935386765827e-09
4.332386363636364e-01,8.295454545454546e-01,5.204530852091139e-09,-7.289574078285126e-09
4.474431818181818e-01,8.295454545454546e-01,5.014581782306973e-09,-7.681322421517057e-09
4.616477272727273e-01,8.295454545454546e-01,4.824632712522801e-09,-8.073070764748998e-09
4.758522727272727e-01,8.295454545454546e-01,4.634683642738641e-09,-8.464819107980917e-09
4.900568181818182e-01,8.295454545454546e-01,4.444734572954469e-09,-8.856567451212858e-09
5.042613636363636e-01,8.295454545454546e-01,1.999107352700528e-09,-8.479539317364118e-09
5.184659090909091e-01,8.295454545454546e-01,-5.709768885315987e-09,-6.308699403660559e-09
5.326704545454546e-01,8.295454545454546e-01,-1.341864512333250e-08,-4.137859489956999e-09
5.468750000000000e-01,8.295454545454546e-01,-2.066038535727022e-08,-2.128640978587084e-09
5.610795454545454e-01,8.295454545454546e-01,-2.369790155449997e-08,-1.574015088219459e-09
5.752840909090909e-01,8.295454545454546e-01,-2.673541775172991e-08,-1.019389197851799e-09
5.894886363636364e-01,8.295454545454546e-01,-2.977293394895986e-08,-4.647633074841387e-10
6.036931818181818e-01,8.295454545454546e-01,-3.281045014618961e-08,8.986258288348694e-11
6.178977272727273e-01,8.295454545454546e-01,-3.584796634341956e-08,6.444884732511471e-10
7.102272727272727e-03,8.522727272727273e-01,4.126188149393144e-10,-2.791779248386922e-11
2.130681818181818e-02,8.522727272727273e-01,1.237856444817943e-09,-8.375337745160767e-11
3.551136363636364e-02,8.522727272727273e-01,1.606803324687555e-09,-5.013289681484885e-11
4.971590909090909e-02,8.522727272727273e-01,1.925051232333943e-09,-6.572853333146212e-12
6.392045454545454e-02,8.522727272727273e-01,2.243299139980334e-09,3.698719014855677e-11
7.812500000000000e-02,8.522727272727273e-01,2.561547047626722e-09,8.054723363025941e-11
9.232954545454546e-02,8.522727272727273e-01,2.879794955273110e-09,1.241072771119620e-10
1.065340909090909e-01,8.522727272727273e-01,3.198042862919500e-09,1.676673205936650e-10
1.207386363636364e-01,8.522727272727273e-01,3.516290770565888e-09,2.112273640753677e-10
1.349431818181818e-01,8.522727272727273e-01,3.944060737847235e-09,3.419174955279757e-11
1.491477272727273e-01,8.522727272727273e-01,4.381622587413219e-09,-2.309403677126971e-10
1.633522727272727e-01,8.522727272727273e-01,4.484869147520414e-09,-4.380720430766273e-10
1.775568181818182e-01,8.522727272727273e-01,4.588115707627609e-09,-6.452037184405574e-10
1.917613636363636e-01,8.522727272727273e-01,4.691362267734807e-09,-8.523353938044909e-10
2.059659090909091e-01,8.522727272727273e-01,4.794608827842002e-09,-1.059467069168421e-09
2.201704545454546e-01,8.522727272727273e-01,4.897855387949197e-09,-1.266598744532351e-09
2.343750000000000e-01,8.522727272727273e-01,5.001101948056393e-09,-1.473730419896281e-09
2.485795454545454e-01,8.522727272727273e-01,5.104348508163589e-09,-1.680862095260212e-09
2.627840909090909e-01,8.522727272727273e-01,5.207113441604523e-09,-2.114778646630639e-09
2.769886363636364e-01,8.522727272727273e-01,5.258847388802069e-09,-2.574053358449508e-09
2.911931818181818e-01,8.522727272727273e-01,5.191633900937824e-09,-3.033701032350096e-09
3.053977272727273e-01,8.522727272727273e-01,5.124420413073577e-09,-3.493348706250700e-09
3.196022727272727e-01,8.522727272727273e-01,5.057206925209336e-09,-3.952996380151275e-09
3.338068181818182e-01,8.522727272727273e-01,4.989993437345089e-09,-4.412644054051878e-09
3.480113636363636e-01,8.522727272727273e-01,4.922779949480844e-09,-4.872291727952467e-09
3.622159090909091e-01,8.522727272727273e-01,4.855566461616600e-09,-5.331939401853057e-09
3.764204545454545e-01,8.522727272727273e-01,4.760793353565234e-09,-5.774687490974154e-09
3.906250000000000e-01,8.522727272727273e-01,4.417983663829415e-09,-6.065339317079779e-09
4.048295454545455e-01,8.522727272727273e-01,4.151604284069442e-09,-6.406539401748560e-09
4.190340909090909e-01,8.522727272727273e-01,3.961655214285276e-09,-6.798287744980490e-09
4.332386363636364e-01,8.522727272727273e-01,3.771706144501111e-09,-7.190036088212420e-09
4.474431818181818e-01,8.522727272727273e-01,3.581757074716944e-09,-7.581784431444350e-09
4.616477272727273e-01,8.522727272727273e-01,3.391808004932772e-09,-7.973532774676293e-09
4.758522727272727e-01,8.522727272727273e-01,3.201858935148612e-09,-8.365281117908210e-09
4.900568181818182e-01,8.522727272727273e-01,3.011909865364441e-09,-8.757029461140151e-09
5.042613636363636e-01,8.522727272727273e-01,5.662826451105276e-10,-8.380001327291413e-09
5.184659090909091e-01,8.522727272727273e-01,-7.142593592905988e-09,-6.209161413587854e-09
5.326704545454546e-01,8.522727272727273e-01,-1.158151780237186e-08,-5.169671316219452e-09
5.468750000000000e-01,8.522727272727273e-01,-1.461903399960161e-08,-4.615045425851827e-09
5.610795454545454e-01,8.522727272727273e-01,-1.765655019683136e-08,-4.060419535484201e-09
5.752840909090909e-01,8.522727272727273e-01,-2.069406639406131e-08,-3.505793645116541e-09
5.894886363636364e-01,8.522727272727273e-01,-2.373158259129126e-08,-2.951167754748881e-09
6.036931818181818e-01,8.522727272727273e-01,-2.676909878852101e-08,-2.396541864381256e-09
6.178977272727273e-01,8.522727272727273e-01,-2.980661498575096e-08,-1.841915974013596e-09
7.102272727272727e-03,8.750000000000000e-01,1.591239538231944e-10,2.178002174085138e-11
2.130681818181818e-02,8.750000000000000e-01,4.773718614695832e-10,6.534006522255414e-11
3.551136363636364e-02,8.750000000000000e-01,7.956197691159722e-10,1.089001087042569e-10
4.971590909090909e-02,8.750000000000000e-01,1.113867676762361e-09,1.524601521859597e-10
6.392045454545454e-02,8.750000000000000e-01,1.432115584408751e-09,1.960201956676626e-10
7.812500000000000e-02,8.750000000000000e-01,1.750363492055139e-09,2.395802391493652e-10
9.232954545454546e-02,8.750000000000000e-01,2.068611399701527e-09,2.831402826310678e-10
1.065340909090909e-01,8.750000000000000e-01,2.386859307347917e-09,3.267003261127708e-10
1.207386363636364e-01,8.750000000000000e-01,2.705107214994305e-09,3.702603695944735e-10
1.349431818181818e-01,8.750000000000000e-01,2.872854179363260e-09,2.383362098842319e-10
1.491477272727273e-01,8.750000000000000e-01,2.976100739470455e-09,3.120453452030177e-11
1.633522727272727e-01,8.750000000000000e-01,3.079347299577650e-09,-1.759271408436284e-10
1.775568181818182e-01,8.750000000000000e-01,3.182593859684846e-09,-3.830588162075586e-10
1.917613636363636e-01,8.750000000000000e-01,3.285840419792042e-09,-5.901904915714920e-10
2.059659090909091e-01,8.750000000000000e-01,3.389086979899238e-09,-7.973221669354222e-10
2.201704545454546e-01,8.750000000000000e-01,3.492333540006434e-09,-1.004453842299352e-09
2.343750000000000e-01,8.750000000000000e-01,3.595580100113629e-09,-1.211585517663282e-09
2.485795454545454e-01,8.750000000000000e-01,3.698826660220824e-09,-1.418717193027213e-09
2.627840909090909e-01,8.750000000000000e-01,3.648659177153724e-09,-1.853113267074135e-09
2.769886363636364e-01,8.750000000000000e-01,3.581445689289480e-09,-2.312760940974724e-09
2.911931818181818e-01,8.750000000000000e-01,3.514232201425229e-09,-2.772408614875311e-09
3.053977272727273e-01,8.750000000000000e-01,3.447018713560995e-09,-3.232056288775919e-09
3.196022727272727e-01,8.750000000000000e-01,3.379805225696746e-09,-3.691703962676491e-09
3.338068181818182e-01,8.750000000000000e-01,3.312591737832500e-09,-4.151351636577094e-09
3.480113636363636e-01,8.750000000000000e-01,3.245378249968255e-09,-4.610999310477684e-09
3.622159090909091e-01,8.750000000000000e-01,3.178164762104011e-09,-5.070646984378273e-09
3.764204545454545e-01,8.750000000000000e-01,3.098677716047774e-09,-5.523504725211995e-09
3.906250000000000e-01,8.750000000000000e-01,2.908728646263608e-09,-5.915253068443926e-09
4.048295454545455e-01,8.750000000000000e-01,2.718779576479442e-09,-6.307001411675856e-09
4.190340909090909e-01,8.750000000000000e-01,2.528830506695276e-09,-6.698749754907786e-09
4.332386363636364e-01,8.750000000000000e-01,2.338881436911110e-09,-7.090498098139716e-09
4.474431818181818e-01,8.750000000000000e-01,2.148932367126944e-09,-7.482246441371646e-09
4.616477272727273e-01,8.750000000000000e-01,1.958983297342772e-09,-7.873994784603588e-09
4.758522727272727e-01,8.750000000000000e-01,1.769034227558612e-09,-8.265743127835506e-09
4.900568181818182e-01,8.750000000000000e-01,1.579085157774440e-09,-8.657491471067449e-09
5.042613636363636e-01,8.750000000000000e-01,5.348659497566322e-10,-8.765327544219482e-09
5.184659090909091e-01,8.750000000000000e-01,-2.502650247473307e-09,-8.210701653851854e-09
5.326704545454546e-01,8.750000000000000e-01,-5.540166444703247e-09,-7.656075763484226e-09
5.468750000000000e-01,8.750000000000000e-01,-8.577682641933007e-09,-7.101449873116569e-09
5.610795454545454e-01,8.750000000000000e-01,-1.161519883916277e-08,-6.546823982748913e-09
5.752840909090909e-01,8.750000000000000e-01,-1.465271503639271e-08,-5.992198092381284e-09
5.894886363636364e-01,8.750000000000000e-01,-1.769023123362265e-08,-5.437572202013624e-09
6.036931818181818e-01,8.750000000000000e-01,-2.072774743085241e-08,-4.882946311645999e-09
6.178977272727273e-01,8.750000000000000e-01,-2.376526362808235e-08,-4.328320421278339e-09
7.102272727272727e-03,8.977272727272727e-01,1.591239538231944e-10,2.178002174085138e-11
2.130681818181818e-02,8.977272727272727e-01,4.773718614695832e-10,6.534006522255414e-11
3.551136363636364e-02,8.977272727272727e-01,7.956197691159722e-10,1.089001087042569e-10
4.971590909090909e-02,8.977272727272727e-01,1.113867676762361e-09,1.524601521859597e-10
6.392045454545454e-02,8.977272727272727e-01,1.432115584408750e-09,1.960201956676624e-10
7.812500000000000e-02,8.977272727272727e-01,1.750363492055139e-09,2.395802391493652e-10
9.232954545454546e-02,8.977272727272727e-01,2.068611399701528e-09,2.831402826310680e-10
1.065340909090909e-01,8.977272727272727e-01,2.291384935054000e-09,3.136323130682599e-10
1.207386363636364e-01,8.977272727272727e-01,2.291384935054000e-09,3.136323130682599e-10
1.349431818181818e-01,8.977272727272727e-01,2.363657527129038e-09,1.686401403135076e-10
1.491477272727273e-01,8.977272727272727e-01,2.466904087236233e-09,-3.849153505042261e-11
1.633522727272727e-01,8.977272727272727e-01,2.570150647343428e-09,-2.456232104143528e-10
1.775568181818182e-01,8.977272727272727e-01,2.673397207450624e-09,-4.527548857782830e-10
1.917613636363636e-01,8.977272727272727e-01,2.776643767557826e-09,-6.598865611422156e-10
2.059659090909091e-01,8.977272727272727e-01,2.879890327665016e-09,-8.670182365061466e-10
2.201704545454546e-01,8.977272727272727e-01,2.983136887772212e-09,-1.074149911870077e-09
2.343750000000000e-01,8.977272727272727e-01,3.034760167825809e-09,-1.177715749552042e-09
2.485795454545454e-01,8.977272727272727e-01,3.034760167825809e-09,-1.177715749552042e-09
2.627840909090909e-01,8.977272727272727e-01,2.974268028747990e-09,-1.591398656062571e-09
2.769886363636364e-01,8.977272727272727e-01,2.907054540883738e-09,-2.051046329963157e-09
2.911931818181818e-01,8.977272727272727e-01,2.839841053019494e-09,-2.510694003863746e-09
3.053977272727273e-01,8.977272727272727e-01,2.772627565155261e-09,-2.970341677764354e-09
3.196022727272727e-01,8.977272727272727e-01,2.705414077291005e-09,-3.429989351664924e-09
3.338068181818182e-01,8.977272727272727e-01,2.638200589426772e-09,-3.889637025565533e-09
3.480113636363636e-01,8.977272727272727e-01,2.570987101562527e-09,-4.349284699466121e-09
3.622159090909091e-01,8.977272727272727e-01,2.550823055203253e-09,-4.487179001636303e-09
3.764204545454545e-01,8.977272727272727e-01,2.531828148224825e-09,-4.526353835959477e-09
3.906250000000000e-01,8.977272727272727e-01,2.341879078440670e-09,-4.918102179191426e-09
4.048295454545455e-01,8.977272727272727e-01,2.151930008656493e-09,-5.309850522423337e-09
4.190340909090909e-01,8.977272727272727e-01,1.961980938872338e-09,-5.701598865655287e-09
4.332386363636364e-01,8.977272727272727e-01,1.772031869088161e-09,-6.093347208887197e-09
4.474431818181818e-01,8.977272727272727e-01,1.582082799303995e-09,-6.485095552119128e-09
4.616477272727273e-01,8.977272727272727e-01,1.392133729519834e-09,-6.876843895351089e-09
4.758522727272727e-01,8.977272727272727e-01,1.202184659735663e-09,-7.268592238582988e-09
4.900568181818182e-01,8.977272727272727e-01,1.183189752757251e-09,-7.307767072906214e-09
5.042613636363636e-01,8.977272727272727e-01,2.719348935883576e-10,-7.141379305795902e-09
5.184659090909091e-01,8.977272727272727e-01,-2.765581303641581e-09,-6.586753415428273e-09
5.326704545454546e-01,8.977272727272727e-01,-5.803097500871526e-09,-6.032127525060613e-09
5.468750000000000e-01,8.977272727272727e-01,-8.840613698101280e-09,-5.477501634692987e-09
5.610795454545454e-01,8.977272727272727e-01,-1.187812989533105e-08,-4.922875744325299e-09
5.752840909090909e-01,8.977272727272727e-01,-1.491564609256099e-08,-4.368249853957670e-09
5.894886363636364e-01,8.977272727272727e-01,-1.795316228979092e-08,-3.813623963590042e-09
6.036931818181818e-01,8.977272727272727e-01,-2.068692686729778e-08,-3.314460662259165e-09
6.178977272727273e-01,8.977272727272727e-01,-2.068692686729778e-08,-3.314460662259165e-09
7.102272727272727e-03,9.204545454545454e-01,1.591239538231944e-10,2.178002174085138e-11
2.130681818181818e-02,9.204545454545454e-01,4.773718614695832e-10,6.534006522255414e-11
3.551136363636364e-02,9.204545454545454e-01,7.956197691159722e-10,1.089001087042569e-10
4.971590909090909e-02,9.204545454545454e-01,1.113867676762361e-09,1.524601521859597e-10
6.392045454545454e-02,9.204545454545454e-01,1.432115584408750e-09,1.960201956676624e-10
7.812500000000000e-02,9.204545454545454e-01,1.750363492055139e-09,2.395802391493652e-10
9.232954545454546e-02,9.204545454545454e-01,1.782188282819778e-09,2.439362434975356e-10
1.065340909090909e-01,9.204545454545454e-01,1.782188282819778e-09,2.439362434975356e-10
1.207386363636364e-01,9.204545454545454e-01,1.782188282819778e-09,2.439362434975356e-10
1.349431818181818e-01,9.204545454545454e-01,1.854460874894816e-09,9.894407074278319e-11
1.491477272727273e-01,9.204545454545454e-01,1.957707435002011e-09,-1.081876046211470e-10
1.633522727272727e-01,9.204545454545454e-01,2.060953995109207e-09,-3.153192799850771e-10
1.775568181818182e-01,9.204545454545454e-01,2.164200555216402e-09,-5.224509553490074e-10
1.917613636363636e-01,9.204545454545454e-01,2.267447115323599e-09,-7.295826307129407e-10
2.059659090909091e-01,9.204545454545454e-01,2.360369019420075e-09,-9.160011385404772e-10
2.201704545454546e-01,9.204545454545454e-01,2.360369019420075e-09,-9.160011385404772e-10
2.343750000000000e-01,9.204545454545454e-01,2.360369019420075e-09,-9.160011385404772e-10
2.485795454545454e-01,9.204545454545454e-01,2.360369019420075e-09,-9.160011385404772e-10
2.627840909090909e-01,9.204545454545454e-01,2.299876880342255e-09,-1.329684045051006e-09
2.769886363636364e-01,9.204545454545454e-01,2.232663392478010e-09,-1.789331718951595e-09
2.911931818181818e-01,9.204545454545454e-01,2.165449904613759e-09,-2.248979392852181e-09
3.053977272727273e-01,9.204545454545454e-01,2.098236416749526e-09,-2.708627066752790e-09
3.196022727272727e-01,9.204545454545454e-01,2.031022928885270e-09,-3.168274740653360e-09
3.338068181818182e-01,9.204545454545454e-01,1.983973487380304e-09,-3.490028112383785e-09
3.480113636363636e-01,9.204545454545454e-01,1.983973487380304e-09,-3.490028112383785e-09
3.622159090909091e-01,9.204545454545454e-01,1.983973487380304e-09,-3.490028112383785e-09
3.764204545454545e-01,9.204545454545454e-01,1.964978580401887e-09,-3.529202946706979e-09
3.906250000000000e-01,9.204545454545454e-01,1.775029510617721e-09,-3.920951289938909e-09
4.048295454545455e-01,9.204545454545454e-01,1.585080440833555e-09,-4.312699633170839e-09
4.190340909090909e-01,9.204545454545454e-01,1.395131371049389e-09,-4.704447976402769e-09
4.332386363636364e-01,9.204545454545454e-01,1.205182301265223e-09,-5.096196319634699e-09
4.474431818181818e-01,9.204545454545454e-01,1.015233231481046e-09,-5.487944662866610e-09
4.616477272727273e-01,9.204545454545454e-01,9.202586965889714e-10,-5.683818834482600e-09
4.758522727272727e-01,9.204545454545454e-01,9.202586965889714e-10,-5.683818834482600e-09
4.900568181818182e-01,9.204545454545454e-01,9.202586965889714e-10,-5.683818834482600e-09
5.042613636363636e-01,9.204545454545454e-01,9.003837420077864e-12,-5.517431067372288e-09
5.184659090909091e-01,9.204545454545454e-01,-3.028512359809861e-09,-4.962805177004660e-09
5.326704545454546e-01,9.204545454545454e-01,-6.066028557039801e-09,-4.408179286637031e-09
5.468750000000000e-01,9.204545454545454e-01,-9.103544754269560e-09,-3.853553396269374e-09
5.610795454545454e-01,9.204545454545454e-01,-1.214106095149932e-08,-3.298927505901717e-09
5.752840909090909e-01,9.204545454545454e-01,-1.517857714872926e-08,-2.744301615534089e-09
5.894886363636364e-01,9.204545454545454e-01,-1.608983200789833e-08,-2.577913848423805e-09
6.036931818181818e-01,9.204545454545454e-01,-1.608983200789833e-08,-2.577913848423805e-09
6.178977272727273e-01,9.204545454545454e-01,-1.608983200789833e-08,-2.577913848423805e-09
7.102272727272727e-03,9.431818181818182e-01,1.591239538231944e-10,2.178002174085138e-11
2.130681818181818e-02,9.431818181818182e-01,4.773718614695832e-10,6.534006522255414e-11
3.551136363636364e-02,9.431818181818182e-01,7.956197691159722e-10,1.089001087042569e-10
4.971590909090909e-02,9.431818181818182e-01,1.113867676762361e-09,1.524601521859597e-10
6.392045454545454e-02,9.431818181818182e-01,1.272991630585554e-09,1.742401739268109e-10
7.812500000000000e-02,9.431818181818182e-01,1.272991630585554e-09,1.742401739268109e-10
9.232954545454546e-02,9.431818181818182e-01,1.272991630585554e-09,1.742401739268109e-10
1.065340909090909e-01,9.431818181818182e-01,1.272991630585554e-09,1.742401739268109e-10
1.207386363636364e-01,9.431818181818182e-01,1.272991630585554e-09,1.742401739268109e-10
1.349431818181818e-01,9.431818181818182e-01,1.345264222660594e-09,2.924800117205883e-11
1.491477272727273e-01,9.431818181818182e-01,1.448510782767790e-09,-1.778836741918713e-10
1.633522727272727e-01,9.431818181818182e-01,1.551757342874980e-09,-3.850153495558022e-10
1.775568181818182e-01,9.431818181818182e-01,1.655003902982176e-09,-5.921470249197324e-10
1.917613636363636e-01,9.431818181818182e-01,1.685977871014333e-09,-6.542865275289101e-10
2.059659090909091e-01,9.431818181818182e-01,1.685977871014333e-09,-6.542865275289101e-10
2.201704545454546e-01,9.431818181818182e-01,1.685977871014333e-09,-6.542865275289101e-10
2.343750000000000e-01,9.431818181818182e-01,1.685977871014333e-09,-6.542865275289101e-10
2.485795454545454e-01,9.431818181818182e-01,1.685977871014333e-09,-6.542865275289101e-10
2.627840909090909e-01,9.431818181818182e-01,1.625485731936514e-09,-1.067969434039439e-09
2.769886363636364e-01,9.431818181818182e-01,1.558272244072269e-09,-1.527617107940028e-09
2.911931818181818e-01,9.431818181818182e-01,1.491058756208025e-09,-1.987264781840617e-09
3.053977272727273e-01,9.431818181818182e-01,1.423845268343791e-09,-2.446912455741225e-09
3.196022727272727e-01,9.431818181818182e-01,1.417123919557355e-09,-2.492877223131266e-09
3.338068181818182e-01,9.431818181818182e-01,1.417123919557355e-09,-2.492877223131266e-09
3.480113636363636e-01,9.431818181818182e-01,1.417123919557355e-09,-2.492877223131266e-09
3.622159090909091e-01,9.431818181818182e-01,1.417123919557355e-09,-2.492877223131266e-09
3.764204545454545e-01,9.431818181818182e-01,1.398129012578949e-09,-2.532052057454480e-09
3.906250000000000e-01,9.431818181818182e-01,1.208179942794772e-09,-2.923800400686391e-09
4.048295454545455e-01,9.431818181818182e-01,1.018230873010606e-09,-3.315548743918321e-09
4.190340909090909e-01,9.431818181818182e-01,8.282818032264404e-10,-3.707297087150251e-09
4.332386363636364e-01,9.431818181818182e-01,6.573276404206916e-10,-4.059870596058986e-09
4.474431818181818e-01,9.431818181818182e-01,6.573276404206916e-10,-4.059870596058986e-09
4.616477272727273e-01,9.431818181818182e-01,6.573276404206916e-10,-4.059870596058986e-09
4.758522727272727e-01,9.431818181818182e-01,6.573276404206916e-10,-4.059870596058986e-09
4.900568181818182e-01,9.431818181818182e-01,6.573276404206916e-10,-4.059870596058986e-09
5.042613636363636e-01,9.431818181818182e-01,-2.539272187481968e-10,-3.893482828948706e-09
5.184659090909091e-01,9.431818181818182e-01,-3.291443415978141e-09,-3.338856938581045e-09
5.326704545454546e-01,9.431818181818182e-01,-6.328959613208081e-09,-2.784231048213418e-09
5.468750000000000e-01,9.431818181818182e-01,-9.366475810437840e-09,-2.229605157845760e-09
5.610795454545454e-01,9.431818181818182e-01,-1.149273714849871e-08,-1.841367034588416e-09
5.752840909090909e-01,9.431818181818182e-01,-1.149273714849871e-08,-1.841367034588416e-09
5.894886363636364e-01,9.431818181818182e-01,-1.149273714849871e-08,-1.841367034588416e-09
6.036931818181818e-01,9.431818181818182e-01,-1.149273714849871e-08,-1.841367034588416e-09
6.178977272727273e-01,9.431818181818182e-01,-1.149273714849871e-08,-1.841367034588416e-09
7.102272727272727e-03,9.659090909090909e-01,1.591239538231944e-10,2.178002174085138e-11
2.130681818181818e-02,9.659090909090909e-01,4.773718614695832e-10,6.534006522255414e-11
3.551136363636364e-02,9.659090909090909e-01,7.637949783513326e-10,1.045441043560865e-10
4.971590909090909e-02,9.659090909090909e-01,7.637949783513326e-10,1.045441043560865e-10
6.392045454545454e-02,9.659090909090909e-01,7.637949783513326e-10,1.045441043560865e-10
7.812500000000000e-02,9.659090909090909e-01,7.637949783513326e-10,1.045441043560865e-10
9.232954545454546e-02,9.659090909090909e-01,7.637949783513326e-10,1.045441043560865e-10
1.065340909090909e-01,9.659090909090909e-01,7.637949783513326e-10,1.045441043560865e-10
1.207386363636364e-01,9.659090909090909e-01,7.637949783513326e-10,1.045441043560865e-10
1.349431818181818e-01,9.659090909090909e-01,8.360675704263724e-10,-4.044806839866553e-11
1.491477272727273e-01,9.659090909090909e-01,9.393141305335678e-10,-2.475797437625957e-10
1.633522727272727e-01,9.659090909090909e-01,1.011586722608605e-09,-3.925719165173481e-10
1.775568181818182e-01,9.659090909090909e-01,1.011586722608605e-09,-3.925719165173481e-10
1.917613636363636e-01,9.659090909090909e-01,1.011586722608605e-09,-3.925719165173481e-10
2.059659090909091e-01,9.659090909090909e-01,1.011586722608605e-09,-3.925719165173481e-10
2.201704545454546e-01,9.659090909090909e-01,1.011586722608605e-09,-3.925719165173481e-10
2.343750000000000e-01,9.659090909090909e-01,1.011586722608605e-09,-3.925719165173481e-10
2.485795454545454e-01,9.659090909090909e-01,1.011586722608605e-09,-3.925719165173481e-10
2.627840909090909e-01,9.659090909090909e-01,9.510945835307789e-10,-8.062548230278743e-10
2.769886363636364e-01,9.659090909090909e-01,8.838810956665344e-10,-1.265902496928463e-09
2.911931818181818e-01,9.659090909090909e-01,8.502743517344177e-10,-1.495726333878768e-09
3.053977272727273e-01,9.659090909090909e-01,8.502743517344177e-10,-1.495726333878768e-09
3.196022727272727e-01,9.659090909090909e-01,8.502743517344177e-10,-1.495726333878768e-09
3.338068181818182e-01,9.659090909090909e-01,8.502743517344177e-10,-1.495726333878768e-09
3.480113636363636e-01,9.659090909090909e-01,8.502743517344177e-10,-1.495726333878768e-09
3.622159090909091e-01,9.659090909090909e-01,8.502743517344177e-10,-1.495726333878768e-09
3.764204545454545e-01,9.659090909090909e-01,8.312794447560005e-10,-1.534901168201962e-09
3.906250000000000e-01,9.659090909090909e-01,6.413303749718345e-10,-1.926649511433892e-09
4.048295454545455e-01,9.659090909090909e-01,4.513813051876575e-10,-2.318397854665802e-09
4.190340909090909e-01,9.659090909090909e-01,3.943965842524171e-10,-2.435922357635405e-09
4.332386363636364e-01,9.659090909090909e-01,3.943965842524171e-10,-2.435922357635405e-09
4.474431818181818e-01,9.659090909090909e-01,3.943965842524171e-10,-2.435922357635405e-09
4.616477272727273e-01,9.659090909090909e-01,3.943965842524171e-10,-2.435922357635405e-09
4.758522727272727e-01,9.659090909090909e-01,3.943965842524171e-10,-2.435922357635405e-09
4.900568181818182e-01,9.659090909090909e-01,3.943965842524171e-10,-2.435922357635405e-09
5.042613636363636e-01,9.659090909090909e-01,-5.168582749164766e-10,-2.269534590525092e-09
5.184659090909091e-01,9.659090909090909e-01,-3.554374472146416e-09,-1.714908700157464e-09
5.326704545454546e-01,9.659090909090909e-01,-6.591890669376355e-09,-1.160282809789836e-09
5.468750000000000e-01,9.659090909090909e-01,-6.895642289099260e-09,-1.104820220753055e-09
5.610795454545454e-01,9.659090909090909e-01,-6.895642289099260e-09,-1.104820220753055e-09
5.752840909090909e-01,9.659090909090909e-01,-6.895642289099260e-09,-1.104820220753055e-09
5.894886363636364e-01,9.659090909090909e-01,-6.895642289099260e-09,-1.104820220753055e-09
6.036931818181818e-01,9.659090909090909e-01,-6.895642289099260e-09,-1.104820220753055e-09
6.178977272727273e-01,9.659090909090909e-01,-6.895642289099260e-09,-1.104820220753055e-09
7.102272727272727e-03,9.886363636363636e-01,1.591239538231944e-10,2.178002174085138e-11
2.130681818181818e-02,9.886363636363636e-01,2.545983261171109e-10,3.484803478536218e-11
3.551136363636364e-02,9.886363636363636e-01,2.545983261171109e-10,3.484803478536218e-11
4.971590909090909e-02,9.886363636363636e-01,2.545983261171109e-10,3.484803478536218e-11
6.392045454545454e-02,9.886363636363636e-01,2.545983261171109e-10,3.484803478536218e-11
7.812500000000000e-02,9.886363636363636e-01,2.545983261171109e-10,3.484803478536218e-11
9.232954545454546e-02,9.886363636363636e-01,2.545983261171109e-10,3.484803478536218e-11
1.065340909090909e-01,9.886363636363636e-01,2.545983261171109e-10,3.484803478536218e-11
1.207386363636364e-01,9.886363636363636e-01,2.545983261171109e-10,3.484803478536218e-11
1.349431818181818e-01,9.886363636363636e-01,3.268709181921508e-10,-1.101441379693899e-10
1.491477272727273e-01,9.886363636363636e-01,3.371955742028641e-10,-1.308573055057810e-10
1.633522727272727e-01,9.886363636363636e-01,3.371955742028641e-10,-1.308573055057810e-10
1.775568181818182e-01,9.886363636363636e-01,3.371955742028641e-10,-1.308573055057810e-10
1.917613636363636e-01,9.886363636363636e-01,3.371955742028641e-10,-1.308573055057810e-10
2.059659090909091e-01,9.886363636363636e-01,3.371955742028641e-10,-1.308573055057810e-10
2.201704545454546e-01,9.886363636363636e-01,3.371955742028641e-10,-1.308573055057810e-10
2.343750000000000e-01,9.886363636363636e-01,3.371955742028641e-10,-1.308573055057810e-10
2.485795454545454e-01,9.886363636363636e-01,3.371955742028641e-10,-1.308573055057810e-10
2.627840909090909e-01,9.886363636363636e-01,2.834247839114689e-10,-4.985754446262493e-10
2.769886363636364e-01,9.886363636363636e-01,2.834247839114689e-10,-4.985754446262493e-10
2.911931818181818e-01,9.886363636363636e-01,2.834247839114689e-10,-4.985754446262493e-10
3.053977272727273e-01,9.886363636363636e-01,2.834247839114689e-10,-4.985754446262493e-10
3.196022727272727e-01,9.886363636363636e-01,2.834247839114689e-10,-4.985754446262493e-10
3.338068181818182e-01,9.886363636363636e-01,2.834247839114689e-10,-4.985754446262493e-10
3.480113636363636e-01,9.886363636363636e-01,2.834247839114689e-10,-4.985754446262493e-10
3.622159090909091e-01,9.886363636363636e-01,2.834247839114689e-10,-4.985754446262493e-10
3.764204545454545e-01,9.886363636363636e-01,2.644298769330517e-10,-5.377502789494435e-10
3.906250000000000e-01,9.886363636363636e-01,1.314655280841373e-10,-8.119741192117910e-10
4.048295454545455e-01,9.886363636363636e-01,1.314655280841373e-10,-8.119741192117910e-10
4.190340909090909e-01,9.886363636363636e-01,1.314655280841373e-10,-8.119741192117910e-10
4.332386363636364e-01,9.886363636363636e-01,1.314655280841373e-10,-8.119741192117910e-10
4.474431818181818e-01,9.886363636363636e-01,1.314655280841373e-10,-8.119741192117910e-10
4.616477272727273e-01,9.886363636363636e-01,1.314655280841373e-10,-8.119741192117910e-10
4.758522727272727e-01,9.886363636363636e-01,1.314655280841373e-10,-8.119741192117910e-10
4.900568181818182e-01,9.886363636363636e-01,1.314655280841373e-10,-8.119741192117910e-10
5.042613636363636e-01,9.886363636363636e-01,-7.797893310847562e-10,-6.455863521014785e-10
5.184659090909091e-01,9.886363636363636e-01,-2.298547429699813e-09,-3.682734069176946e-10
5.326704545454546e-01,9.886363636363636e-01,-2.298547429699813e-09,-3.682734069176946e-10
5.468750000000000e-01,9.886363636363636e-01,-2.298547429699813e-09,-3.682734069176946e-10
5.610795454545454e-01,9.886363636363636e-01,-2.298547429699813e-09,-3.682734069176946e-10
5.752840909090909e-01,9.886363636363636e-01,-2.298547429699813e-09,-3.682734069176946e-10
5.894886363636364e-01,9.886363636363636e-01,-2.298547429699813e-09,-3.682734069176946e-10
6.036931818181818e-01,9.886363636363636e-01,-2.298547429699813e-09,-3.682734069176946e-10
6.178977272727273e-01,9.886363636363636e-01,-2.298547429699813e-09,-3.682734069176946e-10
