<?xml version="1.0" ?> 
<!-- 
# vtk DataFile Version 3.0
-->
<VTKFile type="UnstructuredGrid" version="0.1" compressor="vtkZLibDataCompressor" byte_order="LittleEndian">
  <UnstructuredGrid>
    <FieldData>
      <DataArray type="Float64" Name="TIME" NumberOfTuples="1" format="ascii">
1.406250000000000e-01 
      </DataArray>
    </FieldData>

    <Piece NumberOfPoints="4096" NumberOfCells="1024" >
      <Points>
        <DataArray type="Float64" NumberOfComponents="3" format="ascii">
0.000000000000000e+00 0.000000000000000e+00 0.000000000000000e+00
3.125000000000000e-02 0.000000000000000e+00 0.000000000000000e+00
3.125000000000000e-02 3.125000000000000e-02 0.000000000000000e+00
0.000000000000000e+00 3.125000000000000e-02 0.000000000000000e+00
3.125000000000000e-02 0.000000000000000e+00 0.000000000000000e+00
6.250000000000000e-02 0.000000000000000e+00 0.000000000000000e+00
6.250000000000000e-02 3.125000000000000e-02 0.000000000000000e+00
3.125000000000000e-02 3.125000000000000e-02 0.000000000000000e+00
6.250000000000000e-02 0.000000000000000e+00 0.000000000000000e+00
9.375000000000000e-02 0.000000000000000e+00 0.000000000000000e+00
9.375000000000000e-02 3.125000000000000e-02 0.000000000000000e+00
6.250000000000000e-02 3.125000000000000e-02 0.000000000000000e+00
9.375000000000000e-02 0.000000000000000e+00 0.000000000000000e+00
1.250000000000000e-01 0.000000000000000e+00 0.000000000000000e+00
1.250000000000000e-01 3.125000000000000e-02 0.000000000000000e+00
9.375000000000000e-02 3.125000000000000e-02 0.000000000000000e+00
1.250000000000000e-01 0.000000000000000e+00 0.000000000000000e+00
1.562500000000000e-01 0.000000000000000e+00 0.000000000000000e+00
1.562500000000000e-01 3.125000000000000e-02 0.000000000000000e+00
1.250000000000000e-01 3.125000000000000e-02 0.000000000000000e+00
1.562500000000000e-01 0.000000000000000e+00 0.000000000000000e+00
1.875000000000000e-01 0.000000000000000e+00 0.000000000000000e+00
1.875000000000000e-01 3.125000000000000e-02 0.000000000000000e+00
1.562500000000000e-01 3.125000000000000e-02 0.000000000000000e+00
1.875000000000000e-01 0.000000000000000e+00 0.000000000000000e+00
2.187500000000000e-01 0.000000000000000e+00 0.000000000000000e+00
2.187500000000000e-01 3.125000000000000e-02 0.000000000000000e+00
1.875000000000000e-01 3.125000000000000e-02 0.000000000000000e+00
2.187500000000000e-01 0.000000000000000e+00 0.000000000000000e+00
2.500000000000000e-01 0.000000000000000e+00 0.000000000000000e+00
2.500000000000000e-01 3.125000000000000e-02 0.000000000000000e+00
2.187500000000000e-01 3.125000000000000e-02 0.000000000000000e+00
2.500000000000000e-01 0.000000000000000e+00 0.000000000000000e+00
2.812500000000000e-01 0.000000000000000e+00 0.000000000000000e+00
2.812500000000000e-01 3.125000000000000e-02 0.000000000000000e+00
2.500000000000000e-01 3.125000000000000e-02 0.000000000000000e+00
2.812500000000000e-01 0.000000000000000e+00 0.000000000000000e+00
3.125000000000000e-01 0.000000000000000e+00 0.000000000000000e+00
3.125000000000000e-01 3.125000000000000e-02 0.000000000000000e+00
2.812500000000000e-01 3.125000000000000e-02 0.000000000000000e+00
3.125000000000000e-01 0.000000000000000e+00 0.000000000000000e+00
3.437500000000000e-01 0.000000000000000e+00 0.000000000000000e+00
3.437500000000000e-01 3.125000000000000e-02 0.000000000000000e+00
3.125000000000000e-01 3.125000000000000e-02 0.000000000000000e+00
3.437500000000000e-01 0.000000000000000e+00 0.000000000000000e+00
3.750000000000000e-01 0.000000000000000e+00 0.000000000000000e+00
3.750000000000000e-01 3.125000000000000e-02 0.000000000000000e+00
3.437500000000000e-01 3.125000000000000e-02 0.000000000000000e+00
3.750000000000000e-01 0.000000000000000e+00 0.000000000000000e+00
4.062500000000000e-01 0.000000000000000e+00 0.000000000000000e+00
4.062500000000000e-01 3.125000000000000e-02 0.000000000000000e+00
3.750000000000000e-01 3.125000000000000e-02 0.000000000000000e+00
4.062500000000000e-01 0.000000000000000e+00 0.000000000000000e+00
4.375000000000000e-01 0.000000000000000e+00 0.000000000000000e+00
4.375000000000000e-01 3.125000000000000e-02 0.000000000000000e+00
4.062500000000000e-01 3.125000000000000e-02 0.000000000000000e+00
4.375000000000000e-01 0.000000000000000e+00 0.000000000000000e+00
4.687500000000000e-01 0.000000000000000e+00 0.000000000000000e+00
4.687500000000000e-01 3.125000000000000e-02 0.000000000000000e+00
4.375000000000000e-01 3.125000000000000e-02 0.000000000000000e+00
4.687500000000000e-01 0.000000000000000e+00 0.000000000000000e+00
5.000000000000000e-01 0.000000000000000e+00 0.000000000000000e+00
5.000000000000000e-01 3.125000000000000e-02 0.000000000000000e+00
4.687500000000000e-01 3.125000000000000e-02 0.000000000000000e+00
5.000000000000000e-01 0.000000000000000e+00 0.000000000000000e+00
5.312500000000000e-01 0.000000000000000e+00 0.000000000000000e+00
5.312500000000000e-01 3.125000000000000e-02 0.000000000000000e+00
5.000000000000000e-01 3.125000000000000e-02 0.000000000000000e+00
5.312500000000000e-01 0.000000000000000e+00 0.000000000000000e+00
5.625000000000000e-01 0.000000000000000e+00 0.000000000000000e+00
5.625000000000000e-01 3.125000000000000e-02 0.000000000000000e+00
5.312500000000000e-01 3.125000000000000e-02 0.000000000000000e+00
5.625000000000000e-01 0.000000000000000e+00 0.000000000000000e+00
5.937500000000000e-01 0.000000000000000e+00 0.000000000000000e+00
5.937500000000000e-01 3.125000000000000e-02 0.000000000000000e+00
5.625000000000000e-01 3.125000000000000e-02 0.000000000000000e+00
5.937500000000000e-01 0.000000000000000e+00 0.000000000000000e+00
6.250000000000000e-01 0.000000000000000e+00 0.000000000000000e+00
6.250000000000000e-01 3.125000000000000e-02 0.000000000000000e+00
5.937500000000000e-01 3.125000000000000e-02 0.000000000000000e+00
6.250000000000000e-01 0.000000000000000e+00 0.000000000000000e+00
6.562500000000000e-01 0.000000000000000e+00 0.000000000000000e+00
6.562500000000000e-01 3.125000000000000e-02 0.000000000000000e+00
6.250000000000000e-01 3.125000000000000e-02 0.000000000000000e+00
6.562500000000000e-01 0.000000000000000e+00 0.000000000000000e+00
6.875000000000000e-01 0.000000000000000e+00 0.000000000000000e+00
6.875000000000000e-01 3.125000000000000e-02 0.000000000000000e+00
6.562500000000000e-01 3.125000000000000e-02 0.000000000000000e+00
6.875000000000000e-01 0.000000000000000e+00 0.000000000000000e+00
7.187500000000000e-01 0.000000000000000e+00 0.000000000000000e+00
7.187500000000000e-01 3.125000000000000e-02 0.000000000000000e+00
6.875000000000000e-01 3.125000000000000e-02 0.000000000000000e+00
7.187500000000000e-01 0.000000000000000e+00 0.000000000000000e+00
7.500000000000000e-01 0.000000000000000e+00 0.000000000000000e+00
7.500000000000000e-01 3.125000000000000e-02 0.000000000000000e+00
7.187500000000000e-01 3.125000000000000e-02 0.000000000000000e+00
7.500000000000000e-01 0.000000000000000e+00 0.000000000000000e+00
7.812500000000000e-01 0.000000000000000e+00 0.000000000000000e+00
7.812500000000000e-01 3.125000000000000e-02 0.000000000000000e+00
7.500000000000000e-01 3.125000000000000e-02 0.000000000000000e+00
7.812500000000000e-01 0.000000000000000e+00 0.000000000000000e+00
8.125000000000000e-01 0.000000000000000e+00 0.000000000000000e+00
8.125000000000000e-01 3.125000000000000e-02 0.000000000000000e+00
7.812500000000000e-01 3.125000000000000e-02 0.000000000000000e+00
8.125000000000000e-01 0.000000000000000e+00 0.000000000000000e+00
8.437500000000000e-01 0.000000000000000e+00 0.000000000000000e+00
8.437500000000000e-01 3.125000000000000e-02 0.000000000000000e+00
8.125000000000000e-01 3.125000000000000e-02 0.000000000000000e+00
8.437500000000000e-01 0.000000000000000e+00 0.000000000000000e+00
8.750000000000000e-01 0.000000000000000e+00 0.000000000000000e+00
8.750000000000000e-01 3.125000000000000e-02 0.000000000000000e+00
8.437500000000000e-01 3.125000000000000e-02 0.000000000000000e+00
8.750000000000000e-01 0.000000000000000e+00 0.000000000000000e+00
9.062500000000000e-01 0.000000000000000e+00 0.000000000000000e+00
9.062500000000000e-01 3.125000000000000e-02 0.000000000000000e+00
8.750000000000000e-01 3.125000000000000e-02 0.000000000000000e+00
9.062500000000000e-01 0.000000000000000e+00 0.000000000000000e+00
9.375000000000000e-01 0.000000000000000e+00 0.000000000000000e+00
9.375000000000000e-01 3.125000000000000e-02 0.000000000000000e+00
9.062500000000000e-01 3.125000000000000e-02 0.000000000000000e+00
9.375000000000000e-01 0.000000000000000e+00 0.000000000000000e+00
9.687500000000000e-01 0.000000000000000e+00 0.000000000000000e+00
9.687500000000000e-01 3.125000000000000e-02 0.000000000000000e+00
9.375000000000000e-01 3.125000000000000e-02 0.000000000000000e+00
9.687500000000000e-01 0.000000000000000e+00 0.000000000000000e+00
1.000000000000000e+00 0.000000000000000e+00 0.000000000000000e+00
1.000000000000000e+00 3.125000000000000e-02 0.000000000000000e+00
9.687500000000000e-01 3.125000000000000e-02 0.000000000000000e+00
0.000000000000000e+00 3.125000000000000e-02 0.000000000000000e+00
3.125000000000000e-02 3.125000000000000e-02 0.000000000000000e+00
3.125000000000000e-02 6.250000000000000e-02 0.000000000000000e+00
0.000000000000000e+00 6.250000000000000e-02 0.000000000000000e+00
3.125000000000000e-02 3.125000000000000e-02 0.000000000000000e+00
6.250000000000000e-02 3.125000000000000e-02 0.000000000000000e+00
6.250000000000000e-02 6.250000000000000e-02 0.000000000000000e+00
3.125000000000000e-02 6.250000000000000e-02 0.000000000000000e+00
6.250000000000000e-02 3.125000000000000e-02 0.000000000000000e+00
9.375000000000000e-02 3.125000000000000e-02 0.000000000000000e+00
9.375000000000000e-02 6.250000000000000e-02 0.000000000000000e+00
6.250000000000000e-02 6.250000000000000e-02 0.000000000000000e+00
9.375000000000000e-02 3.125000000000000e-02 0.000000000000000e+00
1.250000000000000e-01 3.125000000000000e-02 0.000000000000000e+00
1.250000000000000e-01 6.250000000000000e-02 0.000000000000000e+00
9.375000000000000e-02 6.250000000000000e-02 0.000000000000000e+00
1.250000000000000e-01 3.125000000000000e-02 0.000000000000000e+00
1.562500000000000e-01 3.125000000000000e-02 0.000000000000000e+00
1.562500000000000e-01 6.250000000000000e-02 0.000000000000000e+00
1.250000000000000e-01 6.250000000000000e-02 0.000000000000000e+00
1.562500000000000e-01 3.125000000000000e-02 0.000000000000000e+00
1.875000000000000e-01 3.125000000000000e-02 0.000000000000000e+00
1.875000000000000e-01 6.250000000000000e-02 0.000000000000000e+00
1.562500000000000e-01 6.250000000000000e-02 0.000000000000000e+00
1.875000000000000e-01 3.125000000000000e-02 0.000000000000000e+00
2.187500000000000e-01 3.125000000000000e-02 0.000000000000000e+00
2.187500000000000e-01 6.250000000000000e-02 0.000000000000000e+00
1.875000000000000e-01 6.250000000000000e-02 0.000000000000000e+00
2.187500000000000e-01 3.125000000000000e-02 0.000000000000000e+00
2.500000000000000e-01 3.125000000000000e-02 0.000000000000000e+00
2.500000000000000e-01 6.250000000000000e-02 0.000000000000000e+00
2.187500000000000e-01 6.250000000000000e-02 0.000000000000000e+00
2.500000000000000e-01 3.125000000000000e-02 0.000000000000000e+00
2.812500000000000e-01 3.125000000000000e-02 0.000000000000000e+00
2.812500000000000e-01 6.250000000000000e-02 0.000000000000000e+00
2.500000000000000e-01 6.250000000000000e-02 0.000000000000000e+00
2.812500000000000e-01 3.125000000000000e-02 0.000000000000000e+00
3.125000000000000e-01 3.125000000000000e-02 0.000000000000000e+00
3.125000000000000e-01 6.250000000000000e-02 0.000000000000000e+00
2.812500000000000e-01 6.250000000000000e-02 0.000000000000000e+00
3.125000000000000e-01 3.125000000000000e-02 0.000000000000000e+00
3.437500000000000e-01 3.125000000000000e-02 0.000000000000000e+00
3.437500000000000e-01 6.250000000000000e-02 0.000000000000000e+00
3.125000000000000e-01 6.250000000000000e-02 0.000000000000000e+00
3.437500000000000e-01 3.125000000000000e-02 0.000000000000000e+00
3.750000000000000e-01 3.125000000000000e-02 0.000000000000000e+00
3.750000000000000e-01 6.250000000000000e-02 0.000000000000000e+00
3.437500000000000e-01 6.250000000000000e-02 0.000000000000000e+00
3.750000000000000e-01 3.125000000000000e-02 0.000000000000000e+00
4.062500000000000e-01 3.125000000000000e-02 0.000000000000000e+00
4.062500000000000e-01 6.250000000000000e-02 0.000000000000000e+00
3.750000000000000e-01 6.250000000000000e-02 0.000000000000000e+00
4.062500000000000e-01 3.125000000000000e-02 0.000000000000000e+00
4.375000000000000e-01 3.125000000000000e-02 0.000000000000000e+00
4.375000000000000e-01 6.250000000000000e-02 0.000000000000000e+00
4.062500000000000e-01 6.250000000000000e-02 0.000000000000000e+00
4.375000000000000e-01 3.125000000000000e-02 0.000000000000000e+00
4.687500000000000e-01 3.125000000000000e-02 0.000000000000000e+00
4.687500000000000e-01 6.250000000000000e-02 0.000000000000000e+00
4.375000000000000e-01 6.250000000000000e-02 0.000000000000000e+00
4.687500000000000e-01 3.125000000000000e-02 0.000000000000000e+00
5.000000000000000e-01 3.125000000000000e-02 0.000000000000000e+00
5.000000000000000e-01 6.250000000000000e-02 0.000000000000000e+00
4.687500000000000e-01 6.250000000000000e-02 0.000000000000000e+00
5.000000000000000e-01 3.125000000000000e-02 0.000000000000000e+00
5.312500000000000e-01 3.125000000000000e-02 0.000000000000000e+00
5.312500000000000e-01 6.250000000000000e-02 0.000000000000000e+00
5.000000000000000e-01 6.250000000000000e-02 0.000000000000000e+00
5.312500000000000e-01 3.125000000000000e-02 0.000000000000000e+00
5.625000000000000e-01 3.125000000000000e-02 0.000000000000000e+00
5.625000000000000e-01 6.250000000000000e-02 0.000000000000000e+00
5.312500000000000e-01 6.250000000000000e-02 0.000000000000000e+00
5.625000000000000e-01 3.125000000000000e-02 0.000000000000000e+00
5.937500000000000e-01 3.125000000000000e-02 0.000000000000000e+00
5.937500000000000e-01 6.250000000000000e-02 0.000000000000000e+00
5.625000000000000e-01 6.250000000000000e-02 0.000000000000000e+00
5.937500000000000e-01 3.125000000000000e-02 0.000000000000000e+00
6.250000000000000e-01 3.125000000000000e-02 0.000000000000000e+00
6.250000000000000e-01 6.250000000000000e-02 0.000000000000000e+00
5.937500000000000e-01 6.250000000000000e-02 0.000000000000000e+00
6.250000000000000e-01 3.125000000000000e-02 0.000000000000000e+00
6.562500000000000e-01 3.125000000000000e-02 0.000000000000000e+00
6.562500000000000e-01 6.250000000000000e-02 0.000000000000000e+00
6.250000000000000e-01 6.250000000000000e-02 0.000000000000000e+00
6.562500000000000e-01 3.125000000000000e-02 0.000000000000000e+00
6.875000000000000e-01 3.125000000000000e-02 0.000000000000000e+00
6.875000000000000e-01 6.250000000000000e-02 0.000000000000000e+00
6.562500000000000e-01 6.250000000000000e-02 0.000000000000000e+00
6.875000000000000e-01 3.125000000000000e-02 0.000000000000000e+00
7.187500000000000e-01 3.125000000000000e-02 0.000000000000000e+00
7.187500000000000e-01 6.250000000000000e-02 0.000000000000000e+00
6.875000000000000e-01 6.250000000000000e-02 0.000000000000000e+00
7.187500000000000e-01 3.125000000000000e-02 0.000000000000000e+00
7.500000000000000e-01 3.125000000000000e-02 0.000000000000000e+00
7.500000000000000e-01 6.250000000000000e-02 0.000000000000000e+00
7.187500000000000e-01 6.250000000000000e-02 0.000000000000000e+00
7.500000000000000e-01 3.125000000000000e-02 0.000000000000000e+00
7.812500000000000e-01 3.125000000000000e-02 0.000000000000000e+00
7.812500000000000e-01 6.250000000000000e-02 0.000000000000000e+00
7.500000000000000e-01 6.250000000000000e-02 0.000000000000000e+00
7.812500000000000e-01 3.125000000000000e-02 0.000000000000000e+00
8.125000000000000e-01 3.125000000000000e-02 0.000000000000000e+00
8.125000000000000e-01 6.250000000000000e-02 0.000000000000000e+00
7.812500000000000e-01 6.250000000000000e-02 0.000000000000000e+00
8.125000000000000e-01 3.125000000000000e-02 0.000000000000000e+00
8.437500000000000e-01 3.125000000000000e-02 0.000000000000000e+00
8.437500000000000e-01 6.250000000000000e-02 0.000000000000000e+00
8.125000000000000e-01 6.250000000000000e-02 0.000000000000000e+00
8.437500000000000e-01 3.125000000000000e-02 0.000000000000000e+00
8.750000000000000e-01 3.125000000000000e-02 0.000000000000000e+00
8.750000000000000e-01 6.250000000000000e-02 0.000000000000000e+00
8.437500000000000e-01 6.250000000000000e-02 0.000000000000000e+00
8.750000000000000e-01 3.125000000000000e-02 0.000000000000000e+00
9.062500000000000e-01 3.125000000000000e-02 0.000000000000000e+00
9.062500000000000e-01 6.250000000000000e-02 0.000000000000000e+00
8.750000000000000e-01 6.250000000000000e-02 0.000000000000000e+00
9.062500000000000e-01 3.125000000000000e-02 0.000000000000000e+00
9.375000000000000e-01 3.125000000000000e-02 0.000000000000000e+00
9.375000000000000e-01 6.250000000000000e-02 0.000000000000000e+00
9.062500000000000e-01 6.250000000000000e-02 0.000000000000000e+00
9.375000000000000e-01 3.125000000000000e-02 0.000000000000000e+00
9.687500000000000e-01 3.125000000000000e-02 0.000000000000000e+00
9.687500000000000e-01 6.250000000000000e-02 0.000000000000000e+00
9.375000000000000e-01 6.250000000000000e-02 0.000000000000000e+00
9.687500000000000e-01 3.125000000000000e-02 0.000000000000000e+00
1.000000000000000e+00 3.125000000000000e-02 0.000000000000000e+00
1.000000000000000e+00 6.250000000000000e-02 0.000000000000000e+00
9.687500000000000e-01 6.250000000000000e-02 0.000000000000000e+00
0.000000000000000e+00 6.250000000000000e-02 0.000000000000000e+00
3.125000000000000e-02 6.250000000000000e-02 0.000000000000000e+00
3.125000000000000e-02 9.375000000000000e-02 0.000000000000000e+00
0.000000000000000e+00 9.375000000000000e-02 0.000000000000000e+00
3.125000000000000e-02 6.250000000000000e-02 0.000000000000000e+00
6.250000000000000e-02 6.250000000000000e-02 0.000000000000000e+00
6.250000000000000e-02 9.375000000000000e-02 0.000000000000000e+00
3.125000000000000e-02 9.375000000000000e-02 0.000000000000000e+00
6.250000000000000e-02 6.250000000000000e-02 0.000000000000000e+00
9.375000000000000e-02 6.250000000000000e-02 0.000000000000000e+00
9.375000000000000e-02 9.375000000000000e-02 0.000000000000000e+00
6.250000000000000e-02 9.375000000000000e-02 0.000000000000000e+00
9.375000000000000e-02 6.250000000000000e-02 0.000000000000000e+00
1.250000000000000e-01 6.250000000000000e-02 0.000000000000000e+00
1.250000000000000e-01 9.375000000000000e-02 0.000000000000000e+00
9.375000000000000e-02 9.375000000000000e-02 0.000000000000000e+00
1.250000000000000e-01 6.250000000000000e-02 0.000000000000000e+00
1.562500000000000e-01 6.250000000000000e-02 0.000000000000000e+00
1.562500000000000e-01 9.375000000000000e-02 0.000000000000000e+00
1.250000000000000e-01 9.375000000000000e-02 0.000000000000000e+00
1.562500000000000e-01 6.250000000000000e-02 0.000000000000000e+00
1.875000000000000e-01 6.250000000000000e-02 0.000000000000000e+00
1.875000000000000e-01 9.375000000000000e-02 0.000000000000000e+00
1.562500000000000e-01 9.375000000000000e-02 0.000000000000000e+00
1.875000000000000e-01 6.250000000000000e-02 0.000000000000000e+00
2.187500000000000e-01 6.250000000000000e-02 0.000000000000000e+00
2.187500000000000e-01 9.375000000000000e-02 0.000000000000000e+00
1.875000000000000e-01 9.375000000000000e-02 0.000000000000000e+00
2.187500000000000e-01 6.250000000000000e-02 0.000000000000000e+00
2.500000000000000e-01 6.250000000000000e-02 0.000000000000000e+00
2.500000000000000e-01 9.375000000000000e-02 0.000000000000000e+00
2.187500000000000e-01 9.375000000000000e-02 0.000000000000000e+00
2.500000000000000e-01 6.250000000000000e-02 0.000000000000000e+00
2.812500000000000e-01 6.250000000000000e-02 0.000000000000000e+00
2.812500000000000e-01 9.375000000000000e-02 0.000000000000000e+00
2.500000000000000e-01 9.375000000000000e-02 0.000000000000000e+00
2.812500000000000e-01 6.250000000000000e-02 0.000000000000000e+00
3.125000000000000e-01 6.250000000000000e-02 0.000000000000000e+00
3.125000000000000e-01 9.375000000000000e-02 0.000000000000000e+00
2.812500000000000e-01 9.375000000000000e-02 0.000000000000000e+00
3.125000000000000e-01 6.250000000000000e-02 0.000000000000000e+00
3.437500000000000e-01 6.250000000000000e-02 0.000000000000000e+00
3.437500000000000e-01 9.375000000000000e-02 0.000000000000000e+00
3.125000000000000e-01 9.375000000000000e-02 0.000000000000000e+00
3.437500000000000e-01 6.250000000000000e-02 0.000000000000000e+00
3.750000000000000e-01 6.250000000000000e-02 0.000000000000000e+00
3.750000000000000e-01 9.375000000000000e-02 0.000000000000000e+00
3.437500000000000e-01 9.375000000000000e-02 0.000000000000000e+00
3.750000000000000e-01 6.250000000000000e-02 0.000000000000000e+00
4.062500000000000e-01 6.250000000000000e-02 0.000000000000000e+00
4.062500000000000e-01 9.375000000000000e-02 0.000000000000000e+00
3.750000000000000e-01 9.375000000000000e-02 0.000000000000000e+00
4.062500000000000e-01 6.250000000000000e-02 0.000000000000000e+00
4.375000000000000e-01 6.250000000000000e-02 0.000000000000000e+00
4.375000000000000e-01 9.375000000000000e-02 0.000000000000000e+00
4.062500000000000e-01 9.375000000000000e-02 0.000000000000000e+00
4.375000000000000e-01 6.250000000000000e-02 0.000000000000000e+00
4.687500000000000e-01 6.250000000000000e-02 0.000000000000000e+00
4.687500000000000e-01 9.375000000000000e-02 0.000000000000000e+00
4.375000000000000e-01 9.375000000000000e-02 0.000000000000000e+00
4.687500000000000e-01 6.250000000000000e-02 0.000000000000000e+00
5.000000000000000e-01 6.250000000000000e-02 0.000000000000000e+00
5.000000000000000e-01 9.375000000000000e-02 0.000000000000000e+00
4.687500000000000e-01 9.375000000000000e-02 0.000000000000000e+00
5.000000000000000e-01 6.250000000000000e-02 0.000000000000000e+00
5.312500000000000e-01 6.250000000000000e-02 0.000000000000000e+00
5.312500000000000e-01 9.375000000000000e-02 0.000000000000000e+00
5.000000000000000e-01 9.375000000000000e-02 0.000000000000000e+00
5.312500000000000e-01 6.250000000000000e-02 0.000000000000000e+00
5.625000000000000e-01 6.250000000000000e-02 0.000000000000000e+00
5.625000000000000e-01 9.375000000000000e-02 0.000000000000000e+00
5.312500000000000e-01 9.375000000000000e-02 0.000000000000000e+00
5.625000000000000e-01 6.250000000000000e-02 0.000000000000000e+00
5.937500000000000e-01 6.250000000000000e-02 0.000000000000000e+00
5.937500000000000e-01 9.375000000000000e-02 0.000000000000000e+00
5.625000000000000e-01 9.375000000000000e-02 0.000000000000000e+00
5.937500000000000e-01 6.250000000000000e-02 0.000000000000000e+00
6.250000000000000e-01 6.250000000000000e-02 0.000000000000000e+00
6.250000000000000e-01 9.375000000000000e-02 0.000000000000000e+00
5.937500000000000e-01 9.375000000000000e-02 0.000000000000000e+00
6.250000000000000e-01 6.250000000000000e-02 0.000000000000000e+00
6.562500000000000e-01 6.250000000000000e-02 0.000000000000000e+00
6.562500000000000e-01 9.375000000000000e-02 0.000000000000000e+00
6.250000000000000e-01 9.375000000000000e-02 0.000000000000000e+00
6.562500000000000e-01 6.250000000000000e-02 0.000000000000000e+00
6.875000000000000e-01 6.250000000000000e-02 0.000000000000000e+00
6.875000000000000e-01 9.375000000000000e-02 0.000000000000000e+00
6.562500000000000e-01 9.375000000000000e-02 0.000000000000000e+00
6.875000000000000e-01 6.250000000000000e-02 0.000000000000000e+00
7.187500000000000e-01 6.250000000000000e-02 0.000000000000000e+00
7.187500000000000e-01 9.375000000000000e-02 0.000000000000000e+00
6.875000000000000e-01 9.375000000000000e-02 0.000000000000000e+00
7.187500000000000e-01 6.250000000000000e-02 0.000000000000000e+00
7.500000000000000e-01 6.250000000000000e-02 0.000000000000000e+00
7.500000000000000e-01 9.375000000000000e-02 0.000000000000000e+00
7.187500000000000e-01 9.375000000000000e-02 0.000000000000000e+00
7.500000000000000e-01 6.250000000000000e-02 0.000000000000000e+00
7.812500000000000e-01 6.250000000000000e-02 0.000000000000000e+00
7.812500000000000e-01 9.375000000000000e-02 0.000000000000000e+00
7.500000000000000e-01 9.375000000000000e-02 0.000000000000000e+00
7.812500000000000e-01 6.250000000000000e-02 0.000000000000000e+00
8.125000000000000e-01 6.250000000000000e-02 0.000000000000000e+00
8.125000000000000e-01 9.375000000000000e-02 0.000000000000000e+00
7.812500000000000e-01 9.375000000000000e-02 0.000000000000000e+00
8.125000000000000e-01 6.250000000000000e-02 0.000000000000000e+00
8.437500000000000e-01 6.250000000000000e-02 0.000000000000000e+00
8.437500000000000e-01 9.375000000000000e-02 0.000000000000000e+00
8.125000000000000e-01 9.375000000000000e-02 0.000000000000000e+00
8.437500000000000e-01 6.250000000000000e-02 0.000000000000000e+00
8.750000000000000e-01 6.250000000000000e-02 0.000000000000000e+00
8.750000000000000e-01 9.375000000000000e-02 0.000000000000000e+00
8.437500000000000e-01 9.375000000000000e-02 0.000000000000000e+00
8.750000000000000e-01 6.250000000000000e-02 0.000000000000000e+00
9.062500000000000e-01 6.250000000000000e-02 0.000000000000000e+00
9.062500000000000e-01 9.375000000000000e-02 0.000000000000000e+00
8.750000000000000e-01 9.375000000000000e-02 0.000000000000000e+00
9.062500000000000e-01 6.250000000000000e-02 0.000000000000000e+00
9.375000000000000e-01 6.250000000000000e-02 0.000000000000000e+00
9.375000000000000e-01 9.375000000000000e-02 0.000000000000000e+00
9.062500000000000e-01 9.375000000000000e-02 0.000000000000000e+00
9.375000000000000e-01 6.250000000000000e-02 0.000000000000000e+00
9.687500000000000e-01 6.250000000000000e-02 0.000000000000000e+00
9.687500000000000e-01 9.375000000000000e-02 0.000000000000000e+00
9.375000000000000e-01 9.375000000000000e-02 0.000000000000000e+00
9.687500000000000e-01 6.250000000000000e-02 0.000000000000000e+00
1.000000000000000e+00 6.250000000000000e-02 0.000000000000000e+00
1.000000000000000e+00 9.375000000000000e-02 0.000000000000000e+00
9.687500000000000e-01 9.375000000000000e-02 0.000000000000000e+00
0.000000000000000e+00 9.375000000000000e-02 0.000000000000000e+00
3.125000000000000e-02 9.375000000000000e-02 0.000000000000000e+00
3.125000000000000e-02 1.250000000000000e-01 0.000000000000000e+00
0.000000000000000e+00 1.250000000000000e-01 0.000000000000000e+00
3.125000000000000e-02 9.375000000000000e-02 0.000000000000000e+00
6.250000000000000e-02 9.375000000000000e-02 0.000000000000000e+00
6.250000000000000e-02 1.250000000000000e-01 0.000000000000000e+00
3.125000000000000e-02 1.250000000000000e-01 0.000000000000000e+00
6.250000000000000e-02 9.375000000000000e-02 0.000000000000000e+00
9.375000000000000e-02 9.375000000000000e-02 0.000000000000000e+00
9.375000000000000e-02 1.250000000000000e-01 0.000000000000000e+00
6.250000000000000e-02 1.250000000000000e-01 0.000000000000000e+00
9.375000000000000e-02 9.375000000000000e-02 0.000000000000000e+00
1.250000000000000e-01 9.375000000000000e-02 0.000000000000000e+00
1.250000000000000e-01 1.250000000000000e-01 0.000000000000000e+00
9.375000000000000e-02 1.250000000000000e-01 0.000000000000000e+00
1.250000000000000e-01 9.375000000000000e-02 0.000000000000000e+00
1.562500000000000e-01 9.375000000000000e-02 0.000000000000000e+00
1.562500000000000e-01 1.250000000000000e-01 0.000000000000000e+00
1.250000000000000e-01 1.250000000000000e-01 0.000000000000000e+00
1.562500000000000e-01 9.375000000000000e-02 0.000000000000000e+00
1.875000000000000e-01 9.375000000000000e-02 0.000000000000000e+00
1.875000000000000e-01 1.250000000000000e-01 0.000000000000000e+00
1.562500000000000e-01 1.250000000000000e-01 0.000000000000000e+00
1.875000000000000e-01 9.375000000000000e-02 0.000000000000000e+00
2.187500000000000e-01 9.375000000000000e-02 0.000000000000000e+00
2.187500000000000e-01 1.250000000000000e-01 0.000000000000000e+00
1.875000000000000e-01 1.250000000000000e-01 0.000000000000000e+00
2.187500000000000e-01 9.375000000000000e-02 0.000000000000000e+00
2.500000000000000e-01 9.375000000000000e-02 0.000000000000000e+00
2.500000000000000e-01 1.250000000000000e-01 0.000000000000000e+00
2.187500000000000e-01 1.250000000000000e-01 0.000000000000000e+00
2.500000000000000e-01 9.375000000000000e-02 0.000000000000000e+00
2.812500000000000e-01 9.375000000000000e-02 0.000000000000000e+00
2.812500000000000e-01 1.250000000000000e-01 0.000000000000000e+00
2.500000000000000e-01 1.250000000000000e-01 0.000000000000000e+00
2.812500000000000e-01 9.375000000000000e-02 0.000000000000000e+00
3.125000000000000e-01 9.375000000000000e-02 0.000000000000000e+00
3.125000000000000e-01 1.250000000000000e-01 0.000000000000000e+00
2.812500000000000e-01 1.250000000000000e-01 0.000000000000000e+00
3.125000000000000e-01 9.375000000000000e-02 0.000000000000000e+00
3.437500000000000e-01 9.375000000000000e-02 0.000000000000000e+00
3.437500000000000e-01 1.250000000000000e-01 0.000000000000000e+00
3.125000000000000e-01 1.250000000000000e-01 0.000000000000000e+00
3.437500000000000e-01 9.375000000000000e-02 0.000000000000000e+00
3.750000000000000e-01 9.375000000000000e-02 0.000000000000000e+00
3.750000000000000e-01 1.250000000000000e-01 0.000000000000000e+00
3.437500000000000e-01 1.250000000000000e-01 0.000000000000000e+00
3.750000000000000e-01 9.375000000000000e-02 0.000000000000000e+00
4.062500000000000e-01 9.375000000000000e-02 0.000000000000000e+00
4.062500000000000e-01 1.250000000000000e-01 0.000000000000000e+00
3.750000000000000e-01 1.250000000000000e-01 0.000000000000000e+00
4.062500000000000e-01 9.375000000000000e-02 0.000000000000000e+00
4.375000000000000e-01 9.375000000000000e-02 0.000000000000000e+00
4.375000000000000e-01 1.250000000000000e-01 0.000000000000000e+00
4.062500000000000e-01 1.250000000000000e-01 0.000000000000000e+00
4.375000000000000e-01 9.375000000000000e-02 0.000000000000000e+00
4.687500000000000e-01 9.375000000000000e-02 0.000000000000000e+00
4.687500000000000e-01 1.250000000000000e-01 0.000000000000000e+00
4.375000000000000e-01 1.250000000000000e-01 0.000000000000000e+00
4.687500000000000e-01 9.375000000000000e-02 0.000000000000000e+00
5.000000000000000e-01 9.375000000000000e-02 0.000000000000000e+00
5.000000000000000e-01 1.250000000000000e-01 0.000000000000000e+00
4.687500000000000e-01 1.250000000000000e-01 0.000000000000000e+00
5.000000000000000e-01 9.375000000000000e-02 0.000000000000000e+00
5.312500000000000e-01 9.375000000000000e-02 0.000000000000000e+00
5.312500000000000e-01 1.250000000000000e-01 0.000000000000000e+00
5.000000000000000e-01 1.250000000000000e-01 0.000000000000000e+00
5.312500000000000e-01 9.375000000000000e-02 0.000000000000000e+00
5.625000000000000e-01 9.375000000000000e-02 0.000000000000000e+00
5.625000000000000e-01 1.250000000000000e-01 0.000000000000000e+00
5.312500000000000e-01 1.250000000000000e-01 0.000000000000000e+00
5.625000000000000e-01 9.375000000000000e-02 0.000000000000000e+00
5.937500000000000e-01 9.375000000000000e-02 0.000000000000000e+00
5.937500000000000e-01 1.250000000000000e-01 0.000000000000000e+00
5.625000000000000e-01 1.250000000000000e-01 0.000000000000000e+00
5.937500000000000e-01 9.375000000000000e-02 0.000000000000000e+00
6.250000000000000e-01 9.375000000000000e-02 0.000000000000000e+00
6.250000000000000e-01 1.250000000000000e-01 0.000000000000000e+00
5.937500000000000e-01 1.250000000000000e-01 0.000000000000000e+00
6.250000000000000e-01 9.375000000000000e-02 0.000000000000000e+00
6.562500000000000e-01 9.375000000000000e-02 0.000000000000000e+00
6.562500000000000e-01 1.250000000000000e-01 0.000000000000000e+00
6.250000000000000e-01 1.250000000000000e-01 0.000000000000000e+00
6.562500000000000e-01 9.375000000000000e-02 0.000000000000000e+00
6.875000000000000e-01 9.375000000000000e-02 0.000000000000000e+00
6.875000000000000e-01 1.250000000000000e-01 0.000000000000000e+00
6.562500000000000e-01 1.250000000000000e-01 0.000000000000000e+00
6.875000000000000e-01 9.375000000000000e-02 0.000000000000000e+00
7.187500000000000e-01 9.375000000000000e-02 0.000000000000000e+00
7.187500000000000e-01 1.250000000000000e-01 0.000000000000000e+00
6.875000000000000e-01 1.250000000000000e-01 0.000000000000000e+00
7.187500000000000e-01 9.375000000000000e-02 0.000000000000000e+00
7.500000000000000e-01 9.375000000000000e-02 0.000000000000000e+00
7.500000000000000e-01 1.250000000000000e-01 0.000000000000000e+00
7.187500000000000e-01 1.250000000000000e-01 0.000000000000000e+00
7.500000000000000e-01 9.375000000000000e-02 0.000000000000000e+00
7.812500000000000e-01 9.375000000000000e-02 0.000000000000000e+00
7.812500000000000e-01 1.250000000000000e-01 0.000000000000000e+00
7.500000000000000e-01 1.250000000000000e-01 0.000000000000000e+00
7.812500000000000e-01 9.375000000000000e-02 0.000000000000000e+00
8.125000000000000e-01 9.375000000000000e-02 0.000000000000000e+00
8.125000000000000e-01 1.250000000000000e-01 0.000000000000000e+00
7.812500000000000e-01 1.250000000000000e-01 0.000000000000000e+00
8.125000000000000e-01 9.375000000000000e-02 0.000000000000000e+00
8.437500000000000e-01 9.375000000000000e-02 0.000000000000000e+00
8.437500000000000e-01 1.250000000000000e-01 0.000000000000000e+00
8.125000000000000e-01 1.250000000000000e-01 0.000000000000000e+00
8.437500000000000e-01 9.375000000000000e-02 0.000000000000000e+00
8.750000000000000e-01 9.375000000000000e-02 0.000000000000000e+00
8.750000000000000e-01 1.250000000000000e-01 0.000000000000000e+00
8.437500000000000e-01 1.250000000000000e-01 0.000000000000000e+00
8.750000000000000e-01 9.375000000000000e-02 0.000000000000000e+00
9.062500000000000e-01 9.375000000000000e-02 0.000000000000000e+00
9.062500000000000e-01 1.250000000000000e-01 0.000000000000000e+00
8.750000000000000e-01 1.250000000000000e-01 0.000000000000000e+00
9.062500000000000e-01 9.375000000000000e-02 0.000000000000000e+00
9.375000000000000e-01 9.375000000000000e-02 0.000000000000000e+00
9.375000000000000e-01 1.250000000000000e-01 0.000000000000000e+00
9.062500000000000e-01 1.250000000000000e-01 0.000000000000000e+00
9.375000000000000e-01 9.375000000000000e-02 0.000000000000000e+00
9.687500000000000e-01 9.375000000000000e-02 0.000000000000000e+00
9.687500000000000e-01 1.250000000000000e-01 0.000000000000000e+00
9.375000000000000e-01 1.250000000000000e-01 0.000000000000000e+00
9.687500000000000e-01 9.375000000000000e-02 0.000000000000000e+00
1.000000000000000e+00 9.375000000000000e-02 0.000000000000000e+00
1.000000000000000e+00 1.250000000000000e-01 0.000000000000000e+00
9.687500000000000e-01 1.250000000000000e-01 0.000000000000000e+00
0.000000000000000e+00 1.250000000000000e-01 0.000000000000000e+00
3.125000000000000e-02 1.250000000000000e-01 0.000000000000000e+00
3.125000000000000e-02 1.562500000000000e-01 0.000000000000000e+00
0.000000000000000e+00 1.562500000000000e-01 0.000000000000000e+00
3.125000000000000e-02 1.250000000000000e-01 0.000000000000000e+00
6.250000000000000e-02 1.250000000000000e-01 0.000000000000000e+00
6.250000000000000e-02 1.562500000000000e-01 0.000000000000000e+00
3.125000000000000e-02 1.562500000000000e-01 0.000000000000000e+00
6.250000000000000e-02 1.250000000000000e-01 0.000000000000000e+00
9.375000000000000e-02 1.250000000000000e-01 0.000000000000000e+00
9.375000000000000e-02 1.562500000000000e-01 0.000000000000000e+00
6.250000000000000e-02 1.562500000000000e-01 0.000000000000000e+00
9.375000000000000e-02 1.250000000000000e-01 0.000000000000000e+00
1.250000000000000e-01 1.250000000000000e-01 0.000000000000000e+00
1.250000000000000e-01 1.562500000000000e-01 0.000000000000000e+00
9.375000000000000e-02 1.562500000000000e-01 0.000000000000000e+00
1.250000000000000e-01 1.250000000000000e-01 0.000000000000000e+00
1.562500000000000e-01 1.250000000000000e-01 0.000000000000000e+00
1.562500000000000e-01 1.562500000000000e-01 0.000000000000000e+00
1.250000000000000e-01 1.562500000000000e-01 0.000000000000000e+00
1.562500000000000e-01 1.250000000000000e-01 0.000000000000000e+00
1.875000000000000e-01 1.250000000000000e-01 0.000000000000000e+00
1.875000000000000e-01 1.562500000000000e-01 0.000000000000000e+00
1.562500000000000e-01 1.562500000000000e-01 0.000000000000000e+00
1.875000000000000e-01 1.250000000000000e-01 0.000000000000000e+00
2.187500000000000e-01 1.250000000000000e-01 0.000000000000000e+00
2.187500000000000e-01 1.562500000000000e-01 0.000000000000000e+00
1.875000000000000e-01 1.562500000000000e-01 0.000000000000000e+00
2.187500000000000e-01 1.250000000000000e-01 0.000000000000000e+00
2.500000000000000e-01 1.250000000000000e-01 0.000000000000000e+00
2.500000000000000e-01 1.562500000000000e-01 0.000000000000000e+00
2.187500000000000e-01 1.562500000000000e-01 0.000000000000000e+00
2.500000000000000e-01 1.250000000000000e-01 0.000000000000000e+00
2.812500000000000e-01 1.250000000000000e-01 0.000000000000000e+00
2.812500000000000e-01 1.562500000000000e-01 0.000000000000000e+00
2.500000000000000e-01 1.562500000000000e-01 0.000000000000000e+00
2.812500000000000e-01 1.250000000000000e-01 0.000000000000000e+00
3.125000000000000e-01 1.250000000000000e-01 0.000000000000000e+00
3.125000000000000e-01 1.562500000000000e-01 0.000000000000000e+00
2.812500000000000e-01 1.562500000000000e-01 0.000000000000000e+00
3.125000000000000e-01 1.250000000000000e-01 0.000000000000000e+00
3.437500000000000e-01 1.250000000000000e-01 0.000000000000000e+00
3.437500000000000e-01 1.562500000000000e-01 0.000000000000000e+00
3.125000000000000e-01 1.562500000000000e-01 0.000000000000000e+00
3.437500000000000e-01 1.250000000000000e-01 0.000000000000000e+00
3.750000000000000e-01 1.250000000000000e-01 0.000000000000000e+00
3.750000000000000e-01 1.562500000000000e-01 0.000000000000000e+00
3.437500000000000e-01 1.562500000000000e-01 0.000000000000000e+00
3.750000000000000e-01 1.250000000000000e-01 0.000000000000000e+00
4.062500000000000e-01 1.250000000000000e-01 0.000000000000000e+00
4.062500000000000e-01 1.562500000000000e-01 0.000000000000000e+00
3.750000000000000e-01 1.562500000000000e-01 0.000000000000000e+00
4.062500000000000e-01 1.250000000000000e-01 0.000000000000000e+00
4.375000000000000e-01 1.250000000000000e-01 0.000000000000000e+00
4.375000000000000e-01 1.562500000000000e-01 0.000000000000000e+00
4.062500000000000e-01 1.562500000000000e-01 0.000000000000000e+00
4.375000000000000e-01 1.250000000000000e-01 0.000000000000000e+00
4.687500000000000e-01 1.250000000000000e-01 0.000000000000000e+00
4.687500000000000e-01 1.562500000000000e-01 0.000000000000000e+00
4.375000000000000e-01 1.562500000000000e-01 0.000000000000000e+00
4.687500000000000e-01 1.250000000000000e-01 0.000000000000000e+00
5.000000000000000e-01 1.250000000000000e-01 0.000000000000000e+00
5.000000000000000e-01 1.562500000000000e-01 0.000000000000000e+00
4.687500000000000e-01 1.562500000000000e-01 0.000000000000000e+00
5.000000000000000e-01 1.250000000000000e-01 0.000000000000000e+00
5.312500000000000e-01 1.250000000000000e-01 0.000000000000000e+00
5.312500000000000e-01 1.562500000000000e-01 0.000000000000000e+00
5.000000000000000e-01 1.562500000000000e-01 0.000000000000000e+00
5.312500000000000e-01 1.250000000000000e-01 0.000000000000000e+00
5.625000000000000e-01 1.250000000000000e-01 0.000000000000000e+00
5.625000000000000e-01 1.562500000000000e-01 0.000000000000000e+00
5.312500000000000e-01 1.562500000000000e-01 0.000000000000000e+00
5.625000000000000e-01 1.250000000000000e-01 0.000000000000000e+00
5.937500000000000e-01 1.250000000000000e-01 0.000000000000000e+00
5.937500000000000e-01 1.562500000000000e-01 0.000000000000000e+00
5.625000000000000e-01 1.562500000000000e-01 0.000000000000000e+00
5.937500000000000e-01 1.250000000000000e-01 0.000000000000000e+00
6.250000000000000e-01 1.250000000000000e-01 0.000000000000000e+00
6.250000000000000e-01 1.562500000000000e-01 0.000000000000000e+00
5.937500000000000e-01 1.562500000000000e-01 0.000000000000000e+00
6.250000000000000e-01 1.250000000000000e-01 0.000000000000000e+00
6.562500000000000e-01 1.250000000000000e-01 0.000000000000000e+00
6.562500000000000e-01 1.562500000000000e-01 0.000000000000000e+00
6.250000000000000e-01 1.562500000000000e-01 0.000000000000000e+00
6.562500000000000e-01 1.250000000000000e-01 0.000000000000000e+00
6.875000000000000e-01 1.250000000000000e-01 0.000000000000000e+00
6.875000000000000e-01 1.562500000000000e-01 0.000000000000000e+00
6.562500000000000e-01 1.562500000000000e-01 0.000000000000000e+00
6.875000000000000e-01 1.250000000000000e-01 0.000000000000000e+00
7.187500000000000e-01 1.250000000000000e-01 0.000000000000000e+00
7.187500000000000e-01 1.562500000000000e-01 0.000000000000000e+00
6.875000000000000e-01 1.562500000000000e-01 0.000000000000000e+00
7.187500000000000e-01 1.250000000000000e-01 0.000000000000000e+00
7.500000000000000e-01 1.250000000000000e-01 0.000000000000000e+00
7.500000000000000e-01 1.562500000000000e-01 0.000000000000000e+00
7.187500000000000e-01 1.562500000000000e-01 0.000000000000000e+00
7.500000000000000e-01 1.250000000000000e-01 0.000000000000000e+00
7.812500000000000e-01 1.250000000000000e-01 0.000000000000000e+00
7.812500000000000e-01 1.562500000000000e-01 0.000000000000000e+00
7.500000000000000e-01 1.562500000000000e-01 0.000000000000000e+00
7.812500000000000e-01 1.250000000000000e-01 0.000000000000000e+00
8.125000000000000e-01 1.250000000000000e-01 0.000000000000000e+00
8.125000000000000e-01 1.562500000000000e-01 0.000000000000000e+00
7.812500000000000e-01 1.562500000000000e-01 0.000000000000000e+00
8.125000000000000e-01 1.250000000000000e-01 0.000000000000000e+00
8.437500000000000e-01 1.250000000000000e-01 0.000000000000000e+00
8.437500000000000e-01 1.562500000000000e-01 0.000000000000000e+00
8.125000000000000e-01 1.562500000000000e-01 0.000000000000000e+00
8.437500000000000e-01 1.250000000000000e-01 0.000000000000000e+00
8.750000000000000e-01 1.250000000000000e-01 0.000000000000000e+00
8.750000000000000e-01 1.562500000000000e-01 0.000000000000000e+00
8.437500000000000e-01 1.562500000000000e-01 0.000000000000000e+00
8.750000000000000e-01 1.250000000000000e-01 0.000000000000000e+00
9.062500000000000e-01 1.250000000000000e-01 0.000000000000000e+00
9.062500000000000e-01 1.562500000000000e-01 0.000000000000000e+00
8.750000000000000e-01 1.562500000000000e-01 0.000000000000000e+00
9.062500000000000e-01 1.250000000000000e-01 0.000000000000000e+00
9.375000000000000e-01 1.250000000000000e-01 0.000000000000000e+00
9.375000000000000e-01 1.562500000000000e-01 0.000000000000000e+00
9.062500000000000e-01 1.562500000000000e-01 0.000000000000000e+00
9.375000000000000e-01 1.250000000000000e-01 0.000000000000000e+00
9.687500000000000e-01 1.250000000000000e-01 0.000000000000000e+00
9.687500000000000e-01 1.562500000000000e-01 0.000000000000000e+00
9.375000000000000e-01 1.562500000000000e-01 0.000000000000000e+00
9.687500000000000e-01 1.250000000000000e-01 0.000000000000000e+00
1.000000000000000e+00 1.250000000000000e-01 0.000000000000000e+00
1.000000000000000e+00 1.562500000000000e-01 0.000000000000000e+00
9.687500000000000e-01 1.562500000000000e-01 0.000000000000000e+00
0.000000000000000e+00 1.562500000000000e-01 0.000000000000000e+00
3.125000000000000e-02 1.562500000000000e-01 0.000000000000000e+00
3.125000000000000e-02 1.875000000000000e-01 0.000000000000000e+00
0.000000000000000e+00 1.875000000000000e-01 0.000000000000000e+00
3.125000000000000e-02 1.562500000000000e-01 0.000000000000000e+00
6.250000000000000e-02 1.562500000000000e-01 0.000000000000000e+00
6.250000000000000e-02 1.875000000000000e-01 0.000000000000000e+00
3.125000000000000e-02 1.875000000000000e-01 0.000000000000000e+00
6.250000000000000e-02 1.562500000000000e-01 0.000000000000000e+00
9.375000000000000e-02 1.562500000000000e-01 0.000000000000000e+00
9.375000000000000e-02 1.875000000000000e-01 0.000000000000000e+00
6.250000000000000e-02 1.875000000000000e-01 0.000000000000000e+00
9.375000000000000e-02 1.562500000000000e-01 0.000000000000000e+00
1.250000000000000e-01 1.562500000000000e-01 0.000000000000000e+00
1.250000000000000e-01 1.875000000000000e-01 0.000000000000000e+00
9.375000000000000e-02 1.875000000000000e-01 0.000000000000000e+00
1.250000000000000e-01 1.562500000000000e-01 0.000000000000000e+00
1.562500000000000e-01 1.562500000000000e-01 0.000000000000000e+00
1.562500000000000e-01 1.875000000000000e-01 0.000000000000000e+00
1.250000000000000e-01 1.875000000000000e-01 0.000000000000000e+00
1.562500000000000e-01 1.562500000000000e-01 0.000000000000000e+00
1.875000000000000e-01 1.562500000000000e-01 0.000000000000000e+00
1.875000000000000e-01 1.875000000000000e-01 0.000000000000000e+00
1.562500000000000e-01 1.875000000000000e-01 0.000000000000000e+00
1.875000000000000e-01 1.562500000000000e-01 0.000000000000000e+00
2.187500000000000e-01 1.562500000000000e-01 0.000000000000000e+00
2.187500000000000e-01 1.875000000000000e-01 0.000000000000000e+00
1.875000000000000e-01 1.875000000000000e-01 0.000000000000000e+00
2.187500000000000e-01 1.562500000000000e-01 0.000000000000000e+00
2.500000000000000e-01 1.562500000000000e-01 0.000000000000000e+00
2.500000000000000e-01 1.875000000000000e-01 0.000000000000000e+00
2.187500000000000e-01 1.875000000000000e-01 0.000000000000000e+00
2.500000000000000e-01 1.562500000000000e-01 0.000000000000000e+00
2.812500000000000e-01 1.562500000000000e-01 0.000000000000000e+00
2.812500000000000e-01 1.875000000000000e-01 0.000000000000000e+00
2.500000000000000e-01 1.875000000000000e-01 0.000000000000000e+00
2.812500000000000e-01 1.562500000000000e-01 0.000000000000000e+00
3.125000000000000e-01 1.562500000000000e-01 0.000000000000000e+00
3.125000000000000e-01 1.875000000000000e-01 0.000000000000000e+00
2.812500000000000e-01 1.875000000000000e-01 0.000000000000000e+00
3.125000000000000e-01 1.562500000000000e-01 0.000000000000000e+00
3.437500000000000e-01 1.562500000000000e-01 0.000000000000000e+00
3.437500000000000e-01 1.875000000000000e-01 0.000000000000000e+00
3.125000000000000e-01 1.875000000000000e-01 0.000000000000000e+00
3.437500000000000e-01 1.562500000000000e-01 0.000000000000000e+00
3.750000000000000e-01 1.562500000000000e-01 0.000000000000000e+00
3.750000000000000e-01 1.875000000000000e-01 0.000000000000000e+00
3.437500000000000e-01 1.875000000000000e-01 0.000000000000000e+00
3.750000000000000e-01 1.562500000000000e-01 0.000000000000000e+00
4.062500000000000e-01 1.562500000000000e-01 0.000000000000000e+00
4.062500000000000e-01 1.875000000000000e-01 0.000000000000000e+00
3.750000000000000e-01 1.875000000000000e-01 0.000000000000000e+00
4.062500000000000e-01 1.562500000000000e-01 0.000000000000000e+00
4.375000000000000e-01 1.562500000000000e-01 0.000000000000000e+00
4.375000000000000e-01 1.875000000000000e-01 0.000000000000000e+00
4.062500000000000e-01 1.875000000000000e-01 0.000000000000000e+00
4.375000000000000e-01 1.562500000000000e-01 0.000000000000000e+00
4.687500000000000e-01 1.562500000000000e-01 0.000000000000000e+00
4.687500000000000e-01 1.875000000000000e-01 0.000000000000000e+00
4.375000000000000e-01 1.875000000000000e-01 0.000000000000000e+00
4.687500000000000e-01 1.562500000000000e-01 0.000000000000000e+00
5.000000000000000e-01 1.562500000000000e-01 0.000000000000000e+00
5.000000000000000e-01 1.875000000000000e-01 0.000000000000000e+00
4.687500000000000e-01 1.875000000000000e-01 0.000000000000000e+00
5.000000000000000e-01 1.562500000000000e-01 0.000000000000000e+00
5.312500000000000e-01 1.562500000000000e-01 0.000000000000000e+00
5.312500000000000e-01 1.875000000000000e-01 0.000000000000000e+00
5.000000000000000e-01 1.875000000000000e-01 0.000000000000000e+00
5.312500000000000e-01 1.562500000000000e-01 0.000000000000000e+00
5.625000000000000e-01 1.562500000000000e-01 0.000000000000000e+00
5.625000000000000e-01 1.875000000000000e-01 0.000000000000000e+00
5.312500000000000e-01 1.875000000000000e-01 0.000000000000000e+00
5.625000000000000e-01 1.562500000000000e-01 0.000000000000000e+00
5.937500000000000e-01 1.562500000000000e-01 0.000000000000000e+00
5.937500000000000e-01 1.875000000000000e-01 0.000000000000000e+00
5.625000000000000e-01 1.875000000000000e-01 0.000000000000000e+00
5.937500000000000e-01 1.562500000000000e-01 0.000000000000000e+00
6.250000000000000e-01 1.562500000000000e-01 0.000000000000000e+00
6.250000000000000e-01 1.875000000000000e-01 0.000000000000000e+00
5.937500000000000e-01 1.875000000000000e-01 0.000000000000000e+00
6.250000000000000e-01 1.562500000000000e-01 0.000000000000000e+00
6.562500000000000e-01 1.562500000000000e-01 0.000000000000000e+00
6.562500000000000e-01 1.875000000000000e-01 0.000000000000000e+00
6.250000000000000e-01 1.875000000000000e-01 0.000000000000000e+00
6.562500000000000e-01 1.562500000000000e-01 0.000000000000000e+00
6.875000000000000e-01 1.562500000000000e-01 0.000000000000000e+00
6.875000000000000e-01 1.875000000000000e-01 0.000000000000000e+00
6.562500000000000e-01 1.875000000000000e-01 0.000000000000000e+00
6.875000000000000e-01 1.562500000000000e-01 0.000000000000000e+00
7.187500000000000e-01 1.562500000000000e-01 0.000000000000000e+00
7.187500000000000e-01 1.875000000000000e-01 0.000000000000000e+00
6.875000000000000e-01 1.875000000000000e-01 0.000000000000000e+00
7.187500000000000e-01 1.562500000000000e-01 0.000000000000000e+00
7.500000000000000e-01 1.562500000000000e-01 0.000000000000000e+00
7.500000000000000e-01 1.875000000000000e-01 0.000000000000000e+00
7.187500000000000e-01 1.875000000000000e-01 0.000000000000000e+00
7.500000000000000e-01 1.562500000000000e-01 0.000000000000000e+00
7.812500000000000e-01 1.562500000000000e-01 0.000000000000000e+00
7.812500000000000e-01 1.875000000000000e-01 0.000000000000000e+00
7.500000000000000e-01 1.875000000000000e-01 0.000000000000000e+00
7.812500000000000e-01 1.562500000000000e-01 0.000000000000000e+00
8.125000000000000e-01 1.562500000000000e-01 0.000000000000000e+00
8.125000000000000e-01 1.875000000000000e-01 0.000000000000000e+00
7.812500000000000e-01 1.875000000000000e-01 0.000000000000000e+00
8.125000000000000e-01 1.562500000000000e-01 0.000000000000000e+00
8.437500000000000e-01 1.562500000000000e-01 0.000000000000000e+00
8.437500000000000e-01 1.875000000000000e-01 0.000000000000000e+00
8.125000000000000e-01 1.875000000000000e-01 0.000000000000000e+00
8.437500000000000e-01 1.562500000000000e-01 0.000000000000000e+00
8.750000000000000e-01 1.562500000000000e-01 0.000000000000000e+00
8.750000000000000e-01 1.875000000000000e-01 0.000000000000000e+00
8.437500000000000e-01 1.875000000000000e-01 0.000000000000000e+00
8.750000000000000e-01 1.562500000000000e-01 0.000000000000000e+00
9.062500000000000e-01 1.562500000000000e-01 0.000000000000000e+00
9.062500000000000e-01 1.875000000000000e-01 0.000000000000000e+00
8.750000000000000e-01 1.875000000000000e-01 0.000000000000000e+00
9.062500000000000e-01 1.562500000000000e-01 0.000000000000000e+00
9.375000000000000e-01 1.562500000000000e-01 0.000000000000000e+00
9.375000000000000e-01 1.875000000000000e-01 0.000000000000000e+00
9.062500000000000e-01 1.875000000000000e-01 0.000000000000000e+00
9.375000000000000e-01 1.562500000000000e-01 0.000000000000000e+00
9.687500000000000e-01 1.562500000000000e-01 0.000000000000000e+00
9.687500000000000e-01 1.875000000000000e-01 0.000000000000000e+00
9.375000000000000e-01 1.875000000000000e-01 0.000000000000000e+00
9.687500000000000e-01 1.562500000000000e-01 0.000000000000000e+00
1.000000000000000e+00 1.562500000000000e-01 0.000000000000000e+00
1.000000000000000e+00 1.875000000000000e-01 0.000000000000000e+00
9.687500000000000e-01 1.875000000000000e-01 0.000000000000000e+00
0.000000000000000e+00 1.875000000000000e-01 0.000000000000000e+00
3.125000000000000e-02 1.875000000000000e-01 0.000000000000000e+00
3.125000000000000e-02 2.187500000000000e-01 0.000000000000000e+00
0.000000000000000e+00 2.187500000000000e-01 0.000000000000000e+00
3.125000000000000e-02 1.875000000000000e-01 0.000000000000000e+00
6.250000000000000e-02 1.875000000000000e-01 0.000000000000000e+00
6.250000000000000e-02 2.187500000000000e-01 0.000000000000000e+00
3.125000000000000e-02 2.187500000000000e-01 0.000000000000000e+00
6.250000000000000e-02 1.875000000000000e-01 0.000000000000000e+00
9.375000000000000e-02 1.875000000000000e-01 0.000000000000000e+00
9.375000000000000e-02 2.187500000000000e-01 0.000000000000000e+00
6.250000000000000e-02 2.187500000000000e-01 0.000000000000000e+00
9.375000000000000e-02 1.875000000000000e-01 0.000000000000000e+00
1.250000000000000e-01 1.875000000000000e-01 0.000000000000000e+00
1.250000000000000e-01 2.187500000000000e-01 0.000000000000000e+00
9.375000000000000e-02 2.187500000000000e-01 0.000000000000000e+00
1.250000000000000e-01 1.875000000000000e-01 0.000000000000000e+00
1.562500000000000e-01 1.875000000000000e-01 0.000000000000000e+00
1.562500000000000e-01 2.187500000000000e-01 0.000000000000000e+00
1.250000000000000e-01 2.187500000000000e-01 0.000000000000000e+00
1.562500000000000e-01 1.875000000000000e-01 0.000000000000000e+00
1.875000000000000e-01 1.875000000000000e-01 0.000000000000000e+00
1.875000000000000e-01 2.187500000000000e-01 0.000000000000000e+00
1.562500000000000e-01 2.187500000000000e-01 0.000000000000000e+00
1.875000000000000e-01 1.875000000000000e-01 0.000000000000000e+00
2.187500000000000e-01 1.875000000000000e-01 0.000000000000000e+00
2.187500000000000e-01 2.187500000000000e-01 0.000000000000000e+00
1.875000000000000e-01 2.187500000000000e-01 0.000000000000000e+00
2.187500000000000e-01 1.875000000000000e-01 0.000000000000000e+00
2.500000000000000e-01 1.875000000000000e-01 0.000000000000000e+00
2.500000000000000e-01 2.187500000000000e-01 0.000000000000000e+00
2.187500000000000e-01 2.187500000000000e-01 0.000000000000000e+00
2.500000000000000e-01 1.875000000000000e-01 0.000000000000000e+00
2.812500000000000e-01 1.875000000000000e-01 0.000000000000000e+00
2.812500000000000e-01 2.187500000000000e-01 0.000000000000000e+00
2.500000000000000e-01 2.187500000000000e-01 0.000000000000000e+00
2.812500000000000e-01 1.875000000000000e-01 0.000000000000000e+00
3.125000000000000e-01 1.875000000000000e-01 0.000000000000000e+00
3.125000000000000e-01 2.187500000000000e-01 0.000000000000000e+00
2.812500000000000e-01 2.187500000000000e-01 0.000000000000000e+00
3.125000000000000e-01 1.875000000000000e-01 0.000000000000000e+00
3.437500000000000e-01 1.875000000000000e-01 0.000000000000000e+00
3.437500000000000e-01 2.187500000000000e-01 0.000000000000000e+00
3.125000000000000e-01 2.187500000000000e-01 0.000000000000000e+00
3.437500000000000e-01 1.875000000000000e-01 0.000000000000000e+00
3.750000000000000e-01 1.875000000000000e-01 0.000000000000000e+00
3.750000000000000e-01 2.187500000000000e-01 0.000000000000000e+00
3.437500000000000e-01 2.187500000000000e-01 0.000000000000000e+00
3.750000000000000e-01 1.875000000000000e-01 0.000000000000000e+00
4.062500000000000e-01 1.875000000000000e-01 0.000000000000000e+00
4.062500000000000e-01 2.187500000000000e-01 0.000000000000000e+00
3.750000000000000e-01 2.187500000000000e-01 0.000000000000000e+00
4.062500000000000e-01 1.875000000000000e-01 0.000000000000000e+00
4.375000000000000e-01 1.875000000000000e-01 0.000000000000000e+00
4.375000000000000e-01 2.187500000000000e-01 0.000000000000000e+00
4.062500000000000e-01 2.187500000000000e-01 0.000000000000000e+00
4.375000000000000e-01 1.875000000000000e-01 0.000000000000000e+00
4.687500000000000e-01 1.875000000000000e-01 0.000000000000000e+00
4.687500000000000e-01 2.187500000000000e-01 0.000000000000000e+00
4.375000000000000e-01 2.187500000000000e-01 0.000000000000000e+00
4.687500000000000e-01 1.875000000000000e-01 0.000000000000000e+00
5.000000000000000e-01 1.875000000000000e-01 0.000000000000000e+00
5.000000000000000e-01 2.187500000000000e-01 0.000000000000000e+00
4.687500000000000e-01 2.187500000000000e-01 0.000000000000000e+00
5.000000000000000e-01 1.875000000000000e-01 0.000000000000000e+00
5.312500000000000e-01 1.875000000000000e-01 0.000000000000000e+00
5.312500000000000e-01 2.187500000000000e-01 0.000000000000000e+00
5.000000000000000e-01 2.187500000000000e-01 0.000000000000000e+00
5.312500000000000e-01 1.875000000000000e-01 0.000000000000000e+00
5.625000000000000e-01 1.875000000000000e-01 0.000000000000000e+00
5.625000000000000e-01 2.187500000000000e-01 0.000000000000000e+00
5.312500000000000e-01 2.187500000000000e-01 0.000000000000000e+00
5.625000000000000e-01 1.875000000000000e-01 0.000000000000000e+00
5.937500000000000e-01 1.875000000000000e-01 0.000000000000000e+00
5.937500000000000e-01 2.187500000000000e-01 0.000000000000000e+00
5.625000000000000e-01 2.187500000000000e-01 0.000000000000000e+00
5.937500000000000e-01 1.875000000000000e-01 0.000000000000000e+00
6.250000000000000e-01 1.875000000000000e-01 0.000000000000000e+00
6.250000000000000e-01 2.187500000000000e-01 0.000000000000000e+00
5.937500000000000e-01 2.187500000000000e-01 0.000000000000000e+00
6.250000000000000e-01 1.875000000000000e-01 0.000000000000000e+00
6.562500000000000e-01 1.875000000000000e-01 0.000000000000000e+00
6.562500000000000e-01 2.187500000000000e-01 0.000000000000000e+00
6.250000000000000e-01 2.187500000000000e-01 0.000000000000000e+00
6.562500000000000e-01 1.875000000000000e-01 0.000000000000000e+00
6.875000000000000e-01 1.875000000000000e-01 0.000000000000000e+00
6.875000000000000e-01 2.187500000000000e-01 0.000000000000000e+00
6.562500000000000e-01 2.187500000000000e-01 0.000000000000000e+00
6.875000000000000e-01 1.875000000000000e-01 0.000000000000000e+00
7.187500000000000e-01 1.875000000000000e-01 0.000000000000000e+00
7.187500000000000e-01 2.187500000000000e-01 0.000000000000000e+00
6.875000000000000e-01 2.187500000000000e-01 0.000000000000000e+00
7.187500000000000e-01 1.875000000000000e-01 0.000000000000000e+00
7.500000000000000e-01 1.875000000000000e-01 0.000000000000000e+00
7.500000000000000e-01 2.187500000000000e-01 0.000000000000000e+00
7.187500000000000e-01 2.187500000000000e-01 0.000000000000000e+00
7.500000000000000e-01 1.875000000000000e-01 0.000000000000000e+00
7.812500000000000e-01 1.875000000000000e-01 0.000000000000000e+00
7.812500000000000e-01 2.187500000000000e-01 0.000000000000000e+00
7.500000000000000e-01 2.187500000000000e-01 0.000000000000000e+00
7.812500000000000e-01 1.875000000000000e-01 0.000000000000000e+00
8.125000000000000e-01 1.875000000000000e-01 0.000000000000000e+00
8.125000000000000e-01 2.187500000000000e-01 0.000000000000000e+00
7.812500000000000e-01 2.187500000000000e-01 0.000000000000000e+00
8.125000000000000e-01 1.875000000000000e-01 0.000000000000000e+00
8.437500000000000e-01 1.875000000000000e-01 0.000000000000000e+00
8.437500000000000e-01 2.187500000000000e-01 0.000000000000000e+00
8.125000000000000e-01 2.187500000000000e-01 0.000000000000000e+00
8.437500000000000e-01 1.875000000000000e-01 0.000000000000000e+00
8.750000000000000e-01 1.875000000000000e-01 0.000000000000000e+00
8.750000000000000e-01 2.187500000000000e-01 0.000000000000000e+00
8.437500000000000e-01 2.187500000000000e-01 0.000000000000000e+00
8.750000000000000e-01 1.875000000000000e-01 0.000000000000000e+00
9.062500000000000e-01 1.875000000000000e-01 0.000000000000000e+00
9.062500000000000e-01 2.187500000000000e-01 0.000000000000000e+00
8.750000000000000e-01 2.187500000000000e-01 0.000000000000000e+00
9.062500000000000e-01 1.875000000000000e-01 0.000000000000000e+00
9.375000000000000e-01 1.875000000000000e-01 0.000000000000000e+00
9.375000000000000e-01 2.187500000000000e-01 0.000000000000000e+00
9.062500000000000e-01 2.187500000000000e-01 0.000000000000000e+00
9.375000000000000e-01 1.875000000000000e-01 0.000000000000000e+00
9.687500000000000e-01 1.875000000000000e-01 0.000000000000000e+00
9.687500000000000e-01 2.187500000000000e-01 0.000000000000000e+00
9.375000000000000e-01 2.187500000000000e-01 0.000000000000000e+00
9.687500000000000e-01 1.875000000000000e-01 0.000000000000000e+00
1.000000000000000e+00 1.875000000000000e-01 0.000000000000000e+00
1.000000000000000e+00 2.187500000000000e-01 0.000000000000000e+00
9.687500000000000e-01 2.187500000000000e-01 0.000000000000000e+00
0.000000000000000e+00 2.187500000000000e-01 0.000000000000000e+00
3.125000000000000e-02 2.187500000000000e-01 0.000000000000000e+00
3.125000000000000e-02 2.500000000000000e-01 0.000000000000000e+00
0.000000000000000e+00 2.500000000000000e-01 0.000000000000000e+00
3.125000000000000e-02 2.187500000000000e-01 0.000000000000000e+00
6.250000000000000e-02 2.187500000000000e-01 0.000000000000000e+00
6.250000000000000e-02 2.500000000000000e-01 0.000000000000000e+00
3.125000000000000e-02 2.500000000000000e-01 0.000000000000000e+00
6.250000000000000e-02 2.187500000000000e-01 0.000000000000000e+00
9.375000000000000e-02 2.187500000000000e-01 0.000000000000000e+00
9.375000000000000e-02 2.500000000000000e-01 0.000000000000000e+00
6.250000000000000e-02 2.500000000000000e-01 0.000000000000000e+00
9.375000000000000e-02 2.187500000000000e-01 0.000000000000000e+00
1.250000000000000e-01 2.187500000000000e-01 0.000000000000000e+00
1.250000000000000e-01 2.500000000000000e-01 0.000000000000000e+00
9.375000000000000e-02 2.500000000000000e-01 0.000000000000000e+00
1.250000000000000e-01 2.187500000000000e-01 0.000000000000000e+00
1.562500000000000e-01 2.187500000000000e-01 0.000000000000000e+00
1.562500000000000e-01 2.500000000000000e-01 0.000000000000000e+00
1.250000000000000e-01 2.500000000000000e-01 0.000000000000000e+00
1.562500000000000e-01 2.187500000000000e-01 0.000000000000000e+00
1.875000000000000e-01 2.187500000000000e-01 0.000000000000000e+00
1.875000000000000e-01 2.500000000000000e-01 0.000000000000000e+00
1.562500000000000e-01 2.500000000000000e-01 0.000000000000000e+00
1.875000000000000e-01 2.187500000000000e-01 0.000000000000000e+00
2.187500000000000e-01 2.187500000000000e-01 0.000000000000000e+00
2.187500000000000e-01 2.500000000000000e-01 0.000000000000000e+00
1.875000000000000e-01 2.500000000000000e-01 0.000000000000000e+00
2.187500000000000e-01 2.187500000000000e-01 0.000000000000000e+00
2.500000000000000e-01 2.187500000000000e-01 0.000000000000000e+00
2.500000000000000e-01 2.500000000000000e-01 0.000000000000000e+00
2.187500000000000e-01 2.500000000000000e-01 0.000000000000000e+00
2.500000000000000e-01 2.187500000000000e-01 0.000000000000000e+00
2.812500000000000e-01 2.187500000000000e-01 0.000000000000000e+00
2.812500000000000e-01 2.500000000000000e-01 0.000000000000000e+00
2.500000000000000e-01 2.500000000000000e-01 0.000000000000000e+00
2.812500000000000e-01 2.187500000000000e-01 0.000000000000000e+00
3.125000000000000e-01 2.187500000000000e-01 0.000000000000000e+00
3.125000000000000e-01 2.500000000000000e-01 0.000000000000000e+00
2.812500000000000e-01 2.500000000000000e-01 0.000000000000000e+00
3.125000000000000e-01 2.187500000000000e-01 0.000000000000000e+00
3.437500000000000e-01 2.187500000000000e-01 0.000000000000000e+00
3.437500000000000e-01 2.500000000000000e-01 0.000000000000000e+00
3.125000000000000e-01 2.500000000000000e-01 0.000000000000000e+00
3.437500000000000e-01 2.187500000000000e-01 0.000000000000000e+00
3.750000000000000e-01 2.187500000000000e-01 0.000000000000000e+00
3.750000000000000e-01 2.500000000000000e-01 0.000000000000000e+00
3.437500000000000e-01 2.500000000000000e-01 0.000000000000000e+00
3.750000000000000e-01 2.187500000000000e-01 0.000000000000000e+00
4.062500000000000e-01 2.187500000000000e-01 0.000000000000000e+00
4.062500000000000e-01 2.500000000000000e-01 0.000000000000000e+00
3.750000000000000e-01 2.500000000000000e-01 0.000000000000000e+00
4.062500000000000e-01 2.187500000000000e-01 0.000000000000000e+00
4.375000000000000e-01 2.187500000000000e-01 0.000000000000000e+00
4.375000000000000e-01 2.500000000000000e-01 0.000000000000000e+00
4.062500000000000e-01 2.500000000000000e-01 0.000000000000000e+00
4.375000000000000e-01 2.187500000000000e-01 0.000000000000000e+00
4.687500000000000e-01 2.187500000000000e-01 0.000000000000000e+00
4.687500000000000e-01 2.500000000000000e-01 0.000000000000000e+00
4.375000000000000e-01 2.500000000000000e-01 0.000000000000000e+00
4.687500000000000e-01 2.187500000000000e-01 0.000000000000000e+00
5.000000000000000e-01 2.187500000000000e-01 0.000000000000000e+00
5.000000000000000e-01 2.500000000000000e-01 0.000000000000000e+00
4.687500000000000e-01 2.500000000000000e-01 0.000000000000000e+00
5.000000000000000e-01 2.187500000000000e-01 0.000000000000000e+00
5.312500000000000e-01 2.187500000000000e-01 0.000000000000000e+00
5.312500000000000e-01 2.500000000000000e-01 0.000000000000000e+00
5.000000000000000e-01 2.500000000000000e-01 0.000000000000000e+00
5.312500000000000e-01 2.187500000000000e-01 0.000000000000000e+00
5.625000000000000e-01 2.187500000000000e-01 0.000000000000000e+00
5.625000000000000e-01 2.500000000000000e-01 0.000000000000000e+00
5.312500000000000e-01 2.500000000000000e-01 0.000000000000000e+00
5.625000000000000e-01 2.187500000000000e-01 0.000000000000000e+00
5.937500000000000e-01 2.187500000000000e-01 0.000000000000000e+00
5.937500000000000e-01 2.500000000000000e-01 0.000000000000000e+00
5.625000000000000e-01 2.500000000000000e-01 0.000000000000000e+00
5.937500000000000e-01 2.187500000000000e-01 0.000000000000000e+00
6.250000000000000e-01 2.187500000000000e-01 0.000000000000000e+00
6.250000000000000e-01 2.500000000000000e-01 0.000000000000000e+00
5.937500000000000e-01 2.500000000000000e-01 0.000000000000000e+00
6.250000000000000e-01 2.187500000000000e-01 0.000000000000000e+00
6.562500000000000e-01 2.187500000000000e-01 0.000000000000000e+00
6.562500000000000e-01 2.500000000000000e-01 0.000000000000000e+00
6.250000000000000e-01 2.500000000000000e-01 0.000000000000000e+00
6.562500000000000e-01 2.187500000000000e-01 0.000000000000000e+00
6.875000000000000e-01 2.187500000000000e-01 0.000000000000000e+00
6.875000000000000e-01 2.500000000000000e-01 0.000000000000000e+00
6.562500000000000e-01 2.500000000000000e-01 0.000000000000000e+00
6.875000000000000e-01 2.187500000000000e-01 0.000000000000000e+00
7.187500000000000e-01 2.187500000000000e-01 0.000000000000000e+00
7.187500000000000e-01 2.500000000000000e-01 0.000000000000000e+00
6.875000000000000e-01 2.500000000000000e-01 0.000000000000000e+00
7.187500000000000e-01 2.187500000000000e-01 0.000000000000000e+00
7.500000000000000e-01 2.187500000000000e-01 0.000000000000000e+00
7.500000000000000e-01 2.500000000000000e-01 0.000000000000000e+00
7.187500000000000e-01 2.500000000000000e-01 0.000000000000000e+00
7.500000000000000e-01 2.187500000000000e-01 0.000000000000000e+00
7.812500000000000e-01 2.187500000000000e-01 0.000000000000000e+00
7.812500000000000e-01 2.500000000000000e-01 0.000000000000000e+00
7.500000000000000e-01 2.500000000000000e-01 0.000000000000000e+00
7.812500000000000e-01 2.187500000000000e-01 0.000000000000000e+00
8.125000000000000e-01 2.187500000000000e-01 0.000000000000000e+00
8.125000000000000e-01 2.500000000000000e-01 0.000000000000000e+00
7.812500000000000e-01 2.500000000000000e-01 0.000000000000000e+00
8.125000000000000e-01 2.187500000000000e-01 0.000000000000000e+00
8.437500000000000e-01 2.187500000000000e-01 0.000000000000000e+00
8.437500000000000e-01 2.500000000000000e-01 0.000000000000000e+00
8.125000000000000e-01 2.500000000000000e-01 0.000000000000000e+00
8.437500000000000e-01 2.187500000000000e-01 0.000000000000000e+00
8.750000000000000e-01 2.187500000000000e-01 0.000000000000000e+00
8.750000000000000e-01 2.500000000000000e-01 0.000000000000000e+00
8.437500000000000e-01 2.500000000000000e-01 0.000000000000000e+00
8.750000000000000e-01 2.187500000000000e-01 0.000000000000000e+00
9.062500000000000e-01 2.187500000000000e-01 0.000000000000000e+00
9.062500000000000e-01 2.500000000000000e-01 0.000000000000000e+00
8.750000000000000e-01 2.500000000000000e-01 0.000000000000000e+00
9.062500000000000e-01 2.187500000000000e-01 0.000000000000000e+00
9.375000000000000e-01 2.187500000000000e-01 0.000000000000000e+00
9.375000000000000e-01 2.500000000000000e-01 0.000000000000000e+00
9.062500000000000e-01 2.500000000000000e-01 0.000000000000000e+00
9.375000000000000e-01 2.187500000000000e-01 0.000000000000000e+00
9.687500000000000e-01 2.187500000000000e-01 0.000000000000000e+00
9.687500000000000e-01 2.500000000000000e-01 0.000000000000000e+00
9.375000000000000e-01 2.500000000000000e-01 0.000000000000000e+00
9.687500000000000e-01 2.187500000000000e-01 0.000000000000000e+00
1.000000000000000e+00 2.187500000000000e-01 0.000000000000000e+00
1.000000000000000e+00 2.500000000000000e-01 0.000000000000000e+00
9.687500000000000e-01 2.500000000000000e-01 0.000000000000000e+00
0.000000000000000e+00 2.500000000000000e-01 0.000000000000000e+00
3.125000000000000e-02 2.500000000000000e-01 0.000000000000000e+00
3.125000000000000e-02 2.812500000000000e-01 0.000000000000000e+00
0.000000000000000e+00 2.812500000000000e-01 0.000000000000000e+00
3.125000000000000e-02 2.500000000000000e-01 0.000000000000000e+00
6.250000000000000e-02 2.500000000000000e-01 0.000000000000000e+00
6.250000000000000e-02 2.812500000000000e-01 0.000000000000000e+00
3.125000000000000e-02 2.812500000000000e-01 0.000000000000000e+00
6.250000000000000e-02 2.500000000000000e-01 0.000000000000000e+00
9.375000000000000e-02 2.500000000000000e-01 0.000000000000000e+00
9.375000000000000e-02 2.812500000000000e-01 0.000000000000000e+00
6.250000000000000e-02 2.812500000000000e-01 0.000000000000000e+00
9.375000000000000e-02 2.500000000000000e-01 0.000000000000000e+00
1.250000000000000e-01 2.500000000000000e-01 0.000000000000000e+00
1.250000000000000e-01 2.812500000000000e-01 0.000000000000000e+00
9.375000000000000e-02 2.812500000000000e-01 0.000000000000000e+00
1.250000000000000e-01 2.500000000000000e-01 0.000000000000000e+00
1.562500000000000e-01 2.500000000000000e-01 0.000000000000000e+00
1.562500000000000e-01 2.812500000000000e-01 0.000000000000000e+00
1.250000000000000e-01 2.812500000000000e-01 0.000000000000000e+00
1.562500000000000e-01 2.500000000000000e-01 0.000000000000000e+00
1.875000000000000e-01 2.500000000000000e-01 0.000000000000000e+00
1.875000000000000e-01 2.812500000000000e-01 0.000000000000000e+00
1.562500000000000e-01 2.812500000000000e-01 0.000000000000000e+00
1.875000000000000e-01 2.500000000000000e-01 0.000000000000000e+00
2.187500000000000e-01 2.500000000000000e-01 0.000000000000000e+00
2.187500000000000e-01 2.812500000000000e-01 0.000000000000000e+00
1.875000000000000e-01 2.812500000000000e-01 0.000000000000000e+00
2.187500000000000e-01 2.500000000000000e-01 0.000000000000000e+00
2.500000000000000e-01 2.500000000000000e-01 0.000000000000000e+00
2.500000000000000e-01 2.812500000000000e-01 0.000000000000000e+00
2.187500000000000e-01 2.812500000000000e-01 0.000000000000000e+00
2.500000000000000e-01 2.500000000000000e-01 0.000000000000000e+00
2.812500000000000e-01 2.500000000000000e-01 0.000000000000000e+00
2.812500000000000e-01 2.812500000000000e-01 0.000000000000000e+00
2.500000000000000e-01 2.812500000000000e-01 0.000000000000000e+00
2.812500000000000e-01 2.500000000000000e-01 0.000000000000000e+00
3.125000000000000e-01 2.500000000000000e-01 0.000000000000000e+00
3.125000000000000e-01 2.812500000000000e-01 0.000000000000000e+00
2.812500000000000e-01 2.812500000000000e-01 0.000000000000000e+00
3.125000000000000e-01 2.500000000000000e-01 0.000000000000000e+00
3.437500000000000e-01 2.500000000000000e-01 0.000000000000000e+00
3.437500000000000e-01 2.812500000000000e-01 0.000000000000000e+00
3.125000000000000e-01 2.812500000000000e-01 0.000000000000000e+00
3.437500000000000e-01 2.500000000000000e-01 0.000000000000000e+00
3.750000000000000e-01 2.500000000000000e-01 0.000000000000000e+00
3.750000000000000e-01 2.812500000000000e-01 0.000000000000000e+00
3.437500000000000e-01 2.812500000000000e-01 0.000000000000000e+00
3.750000000000000e-01 2.500000000000000e-01 0.000000000000000e+00
4.062500000000000e-01 2.500000000000000e-01 0.000000000000000e+00
4.062500000000000e-01 2.812500000000000e-01 0.000000000000000e+00
3.750000000000000e-01 2.812500000000000e-01 0.000000000000000e+00
4.062500000000000e-01 2.500000000000000e-01 0.000000000000000e+00
4.375000000000000e-01 2.500000000000000e-01 0.000000000000000e+00
4.375000000000000e-01 2.812500000000000e-01 0.000000000000000e+00
4.062500000000000e-01 2.812500000000000e-01 0.000000000000000e+00
4.375000000000000e-01 2.500000000000000e-01 0.000000000000000e+00
4.687500000000000e-01 2.500000000000000e-01 0.000000000000000e+00
4.687500000000000e-01 2.812500000000000e-01 0.000000000000000e+00
4.375000000000000e-01 2.812500000000000e-01 0.000000000000000e+00
4.687500000000000e-01 2.500000000000000e-01 0.000000000000000e+00
5.000000000000000e-01 2.500000000000000e-01 0.000000000000000e+00
5.000000000000000e-01 2.812500000000000e-01 0.000000000000000e+00
4.687500000000000e-01 2.812500000000000e-01 0.000000000000000e+00
5.000000000000000e-01 2.500000000000000e-01 0.000000000000000e+00
5.312500000000000e-01 2.500000000000000e-01 0.000000000000000e+00
5.312500000000000e-01 2.812500000000000e-01 0.000000000000000e+00
5.000000000000000e-01 2.812500000000000e-01 0.000000000000000e+00
5.312500000000000e-01 2.500000000000000e-01 0.000000000000000e+00
5.625000000000000e-01 2.500000000000000e-01 0.000000000000000e+00
5.625000000000000e-01 2.812500000000000e-01 0.000000000000000e+00
5.312500000000000e-01 2.812500000000000e-01 0.000000000000000e+00
5.625000000000000e-01 2.500000000000000e-01 0.000000000000000e+00
5.937500000000000e-01 2.500000000000000e-01 0.000000000000000e+00
5.937500000000000e-01 2.812500000000000e-01 0.000000000000000e+00
5.625000000000000e-01 2.812500000000000e-01 0.000000000000000e+00
5.937500000000000e-01 2.500000000000000e-01 0.000000000000000e+00
6.250000000000000e-01 2.500000000000000e-01 0.000000000000000e+00
6.250000000000000e-01 2.812500000000000e-01 0.000000000000000e+00
5.937500000000000e-01 2.812500000000000e-01 0.000000000000000e+00
6.250000000000000e-01 2.500000000000000e-01 0.000000000000000e+00
6.562500000000000e-01 2.500000000000000e-01 0.000000000000000e+00
6.562500000000000e-01 2.812500000000000e-01 0.000000000000000e+00
6.250000000000000e-01 2.812500000000000e-01 0.000000000000000e+00
6.562500000000000e-01 2.500000000000000e-01 0.000000000000000e+00
6.875000000000000e-01 2.500000000000000e-01 0.000000000000000e+00
6.875000000000000e-01 2.812500000000000e-01 0.000000000000000e+00
6.562500000000000e-01 2.812500000000000e-01 0.000000000000000e+00
6.875000000000000e-01 2.500000000000000e-01 0.000000000000000e+00
7.187500000000000e-01 2.500000000000000e-01 0.000000000000000e+00
7.187500000000000e-01 2.812500000000000e-01 0.000000000000000e+00
6.875000000000000e-01 2.812500000000000e-01 0.000000000000000e+00
7.187500000000000e-01 2.500000000000000e-01 0.000000000000000e+00
7.500000000000000e-01 2.500000000000000e-01 0.000000000000000e+00
7.500000000000000e-01 2.812500000000000e-01 0.000000000000000e+00
7.187500000000000e-01 2.812500000000000e-01 0.000000000000000e+00
7.500000000000000e-01 2.500000000000000e-01 0.000000000000000e+00
7.812500000000000e-01 2.500000000000000e-01 0.000000000000000e+00
7.812500000000000e-01 2.812500000000000e-01 0.000000000000000e+00
7.500000000000000e-01 2.812500000000000e-01 0.000000000000000e+00
7.812500000000000e-01 2.500000000000000e-01 0.000000000000000e+00
8.125000000000000e-01 2.500000000000000e-01 0.000000000000000e+00
8.125000000000000e-01 2.812500000000000e-01 0.000000000000000e+00
7.812500000000000e-01 2.812500000000000e-01 0.000000000000000e+00
8.125000000000000e-01 2.500000000000000e-01 0.000000000000000e+00
8.437500000000000e-01 2.500000000000000e-01 0.000000000000000e+00
8.437500000000000e-01 2.812500000000000e-01 0.000000000000000e+00
8.125000000000000e-01 2.812500000000000e-01 0.000000000000000e+00
8.437500000000000e-01 2.500000000000000e-01 0.000000000000000e+00
8.750000000000000e-01 2.500000000000000e-01 0.000000000000000e+00
8.750000000000000e-01 2.812500000000000e-01 0.000000000000000e+00
8.437500000000000e-01 2.812500000000000e-01 0.000000000000000e+00
8.750000000000000e-01 2.500000000000000e-01 0.000000000000000e+00
9.062500000000000e-01 2.500000000000000e-01 0.000000000000000e+00
9.062500000000000e-01 2.812500000000000e-01 0.000000000000000e+00
8.750000000000000e-01 2.812500000000000e-01 0.000000000000000e+00
9.062500000000000e-01 2.500000000000000e-01 0.000000000000000e+00
9.375000000000000e-01 2.500000000000000e-01 0.000000000000000e+00
9.375000000000000e-01 2.812500000000000e-01 0.000000000000000e+00
9.062500000000000e-01 2.812500000000000e-01 0.000000000000000e+00
9.375000000000000e-01 2.500000000000000e-01 0.000000000000000e+00
9.687500000000000e-01 2.500000000000000e-01 0.000000000000000e+00
9.687500000000000e-01 2.812500000000000e-01 0.000000000000000e+00
9.375000000000000e-01 2.812500000000000e-01 0.000000000000000e+00
9.687500000000000e-01 2.500000000000000e-01 0.000000000000000e+00
1.000000000000000e+00 2.500000000000000e-01 0.000000000000000e+00
1.000000000000000e+00 2.812500000000000e-01 0.000000000000000e+00
9.687500000000000e-01 2.812500000000000e-01 0.000000000000000e+00
0.000000000000000e+00 2.812500000000000e-01 0.000000000000000e+00
3.125000000000000e-02 2.812500000000000e-01 0.000000000000000e+00
3.125000000000000e-02 3.125000000000000e-01 0.000000000000000e+00
0.000000000000000e+00 3.125000000000000e-01 0.000000000000000e+00
3.125000000000000e-02 2.812500000000000e-01 0.000000000000000e+00
6.250000000000000e-02 2.812500000000000e-01 0.000000000000000e+00
6.250000000000000e-02 3.125000000000000e-01 0.000000000000000e+00
3.125000000000000e-02 3.125000000000000e-01 0.000000000000000e+00
6.250000000000000e-02 2.812500000000000e-01 0.000000000000000e+00
9.375000000000000e-02 2.812500000000000e-01 0.000000000000000e+00
9.375000000000000e-02 3.125000000000000e-01 0.000000000000000e+00
6.250000000000000e-02 3.125000000000000e-01 0.000000000000000e+00
9.375000000000000e-02 2.812500000000000e-01 0.000000000000000e+00
1.250000000000000e-01 2.812500000000000e-01 0.000000000000000e+00
1.250000000000000e-01 3.125000000000000e-01 0.000000000000000e+00
9.375000000000000e-02 3.125000000000000e-01 0.000000000000000e+00
1.250000000000000e-01 2.812500000000000e-01 0.000000000000000e+00
1.562500000000000e-01 2.812500000000000e-01 0.000000000000000e+00
1.562500000000000e-01 3.125000000000000e-01 0.000000000000000e+00
1.250000000000000e-01 3.125000000000000e-01 0.000000000000000e+00
1.562500000000000e-01 2.812500000000000e-01 0.000000000000000e+00
1.875000000000000e-01 2.812500000000000e-01 0.000000000000000e+00
1.875000000000000e-01 3.125000000000000e-01 0.000000000000000e+00
1.562500000000000e-01 3.125000000000000e-01 0.000000000000000e+00
1.875000000000000e-01 2.812500000000000e-01 0.000000000000000e+00
2.187500000000000e-01 2.812500000000000e-01 0.000000000000000e+00
2.187500000000000e-01 3.125000000000000e-01 0.000000000000000e+00
1.875000000000000e-01 3.125000000000000e-01 0.000000000000000e+00
2.187500000000000e-01 2.812500000000000e-01 0.000000000000000e+00
2.500000000000000e-01 2.812500000000000e-01 0.000000000000000e+00
2.500000000000000e-01 3.125000000000000e-01 0.000000000000000e+00
2.187500000000000e-01 3.125000000000000e-01 0.000000000000000e+00
2.500000000000000e-01 2.812500000000000e-01 0.000000000000000e+00
2.812500000000000e-01 2.812500000000000e-01 0.000000000000000e+00
2.812500000000000e-01 3.125000000000000e-01 0.000000000000000e+00
2.500000000000000e-01 3.125000000000000e-01 0.000000000000000e+00
2.812500000000000e-01 2.812500000000000e-01 0.000000000000000e+00
3.125000000000000e-01 2.812500000000000e-01 0.000000000000000e+00
3.125000000000000e-01 3.125000000000000e-01 0.000000000000000e+00
2.812500000000000e-01 3.125000000000000e-01 0.000000000000000e+00
3.125000000000000e-01 2.812500000000000e-01 0.000000000000000e+00
3.437500000000000e-01 2.812500000000000e-01 0.000000000000000e+00
3.437500000000000e-01 3.125000000000000e-01 0.000000000000000e+00
3.125000000000000e-01 3.125000000000000e-01 0.000000000000000e+00
3.437500000000000e-01 2.812500000000000e-01 0.000000000000000e+00
3.750000000000000e-01 2.812500000000000e-01 0.000000000000000e+00
3.750000000000000e-01 3.125000000000000e-01 0.000000000000000e+00
3.437500000000000e-01 3.125000000000000e-01 0.000000000000000e+00
3.750000000000000e-01 2.812500000000000e-01 0.000000000000000e+00
4.062500000000000e-01 2.812500000000000e-01 0.000000000000000e+00
4.062500000000000e-01 3.125000000000000e-01 0.000000000000000e+00
3.750000000000000e-01 3.125000000000000e-01 0.000000000000000e+00
4.062500000000000e-01 2.812500000000000e-01 0.000000000000000e+00
4.375000000000000e-01 2.812500000000000e-01 0.000000000000000e+00
4.375000000000000e-01 3.125000000000000e-01 0.000000000000000e+00
4.062500000000000e-01 3.125000000000000e-01 0.000000000000000e+00
4.375000000000000e-01 2.812500000000000e-01 0.000000000000000e+00
4.687500000000000e-01 2.812500000000000e-01 0.000000000000000e+00
4.687500000000000e-01 3.125000000000000e-01 0.000000000000000e+00
4.375000000000000e-01 3.125000000000000e-01 0.000000000000000e+00
4.687500000000000e-01 2.812500000000000e-01 0.000000000000000e+00
5.000000000000000e-01 2.812500000000000e-01 0.000000000000000e+00
5.000000000000000e-01 3.125000000000000e-01 0.000000000000000e+00
4.687500000000000e-01 3.125000000000000e-01 0.000000000000000e+00
5.000000000000000e-01 2.812500000000000e-01 0.000000000000000e+00
5.312500000000000e-01 2.812500000000000e-01 0.000000000000000e+00
5.312500000000000e-01 3.125000000000000e-01 0.000000000000000e+00
5.000000000000000e-01 3.125000000000000e-01 0.000000000000000e+00
5.312500000000000e-01 2.812500000000000e-01 0.000000000000000e+00
5.625000000000000e-01 2.812500000000000e-01 0.000000000000000e+00
5.625000000000000e-01 3.125000000000000e-01 0.000000000000000e+00
5.312500000000000e-01 3.125000000000000e-01 0.000000000000000e+00
5.625000000000000e-01 2.812500000000000e-01 0.000000000000000e+00
5.937500000000000e-01 2.812500000000000e-01 0.000000000000000e+00
5.937500000000000e-01 3.125000000000000e-01 0.000000000000000e+00
5.625000000000000e-01 3.125000000000000e-01 0.000000000000000e+00
5.937500000000000e-01 2.812500000000000e-01 0.000000000000000e+00
6.250000000000000e-01 2.812500000000000e-01 0.000000000000000e+00
6.250000000000000e-01 3.125000000000000e-01 0.000000000000000e+00
5.937500000000000e-01 3.125000000000000e-01 0.000000000000000e+00
6.250000000000000e-01 2.812500000000000e-01 0.000000000000000e+00
6.562500000000000e-01 2.812500000000000e-01 0.000000000000000e+00
6.562500000000000e-01 3.125000000000000e-01 0.000000000000000e+00
6.250000000000000e-01 3.125000000000000e-01 0.000000000000000e+00
6.562500000000000e-01 2.812500000000000e-01 0.000000000000000e+00
6.875000000000000e-01 2.812500000000000e-01 0.000000000000000e+00
6.875000000000000e-01 3.125000000000000e-01 0.000000000000000e+00
6.562500000000000e-01 3.125000000000000e-01 0.000000000000000e+00
6.875000000000000e-01 2.812500000000000e-01 0.000000000000000e+00
7.187500000000000e-01 2.812500000000000e-01 0.000000000000000e+00
7.187500000000000e-01 3.125000000000000e-01 0.000000000000000e+00
6.875000000000000e-01 3.125000000000000e-01 0.000000000000000e+00
7.187500000000000e-01 2.812500000000000e-01 0.000000000000000e+00
7.500000000000000e-01 2.812500000000000e-01 0.000000000000000e+00
7.500000000000000e-01 3.125000000000000e-01 0.000000000000000e+00
7.187500000000000e-01 3.125000000000000e-01 0.000000000000000e+00
7.500000000000000e-01 2.812500000000000e-01 0.000000000000000e+00
7.812500000000000e-01 2.812500000000000e-01 0.000000000000000e+00
7.812500000000000e-01 3.125000000000000e-01 0.000000000000000e+00
7.500000000000000e-01 3.125000000000000e-01 0.000000000000000e+00
7.812500000000000e-01 2.812500000000000e-01 0.000000000000000e+00
8.125000000000000e-01 2.812500000000000e-01 0.000000000000000e+00
8.125000000000000e-01 3.125000000000000e-01 0.000000000000000e+00
7.812500000000000e-01 3.125000000000000e-01 0.000000000000000e+00
8.125000000000000e-01 2.812500000000000e-01 0.000000000000000e+00
8.437500000000000e-01 2.812500000000000e-01 0.000000000000000e+00
8.437500000000000e-01 3.125000000000000e-01 0.000000000000000e+00
8.125000000000000e-01 3.125000000000000e-01 0.000000000000000e+00
8.437500000000000e-01 2.812500000000000e-01 0.000000000000000e+00
8.750000000000000e-01 2.812500000000000e-01 0.000000000000000e+00
8.750000000000000e-01 3.125000000000000e-01 0.000000000000000e+00
8.437500000000000e-01 3.125000000000000e-01 0.000000000000000e+00
8.750000000000000e-01 2.812500000000000e-01 0.000000000000000e+00
9.062500000000000e-01 2.812500000000000e-01 0.000000000000000e+00
9.062500000000000e-01 3.125000000000000e-01 0.000000000000000e+00
8.750000000000000e-01 3.125000000000000e-01 0.000000000000000e+00
9.062500000000000e-01 2.812500000000000e-01 0.000000000000000e+00
9.375000000000000e-01 2.812500000000000e-01 0.000000000000000e+00
9.375000000000000e-01 3.125000000000000e-01 0.000000000000000e+00
9.062500000000000e-01 3.125000000000000e-01 0.000000000000000e+00
9.375000000000000e-01 2.812500000000000e-01 0.000000000000000e+00
9.687500000000000e-01 2.812500000000000e-01 0.000000000000000e+00
9.687500000000000e-01 3.125000000000000e-01 0.000000000000000e+00
9.375000000000000e-01 3.125000000000000e-01 0.000000000000000e+00
9.687500000000000e-01 2.812500000000000e-01 0.000000000000000e+00
1.000000000000000e+00 2.812500000000000e-01 0.000000000000000e+00
1.000000000000000e+00 3.125000000000000e-01 0.000000000000000e+00
9.687500000000000e-01 3.125000000000000e-01 0.000000000000000e+00
0.000000000000000e+00 3.125000000000000e-01 0.000000000000000e+00
3.125000000000000e-02 3.125000000000000e-01 0.000000000000000e+00
3.125000000000000e-02 3.437500000000000e-01 0.000000000000000e+00
0.000000000000000e+00 3.437500000000000e-01 0.000000000000000e+00
3.125000000000000e-02 3.125000000000000e-01 0.000000000000000e+00
6.250000000000000e-02 3.125000000000000e-01 0.000000000000000e+00
6.250000000000000e-02 3.437500000000000e-01 0.000000000000000e+00
3.125000000000000e-02 3.437500000000000e-01 0.000000000000000e+00
6.250000000000000e-02 3.125000000000000e-01 0.000000000000000e+00
9.375000000000000e-02 3.125000000000000e-01 0.000000000000000e+00
9.375000000000000e-02 3.437500000000000e-01 0.000000000000000e+00
6.250000000000000e-02 3.437500000000000e-01 0.000000000000000e+00
9.375000000000000e-02 3.125000000000000e-01 0.000000000000000e+00
1.250000000000000e-01 3.125000000000000e-01 0.000000000000000e+00
1.250000000000000e-01 3.437500000000000e-01 0.000000000000000e+00
9.375000000000000e-02 3.437500000000000e-01 0.000000000000000e+00
1.250000000000000e-01 3.125000000000000e-01 0.000000000000000e+00
1.562500000000000e-01 3.125000000000000e-01 0.000000000000000e+00
1.562500000000000e-01 3.437500000000000e-01 0.000000000000000e+00
1.250000000000000e-01 3.437500000000000e-01 0.000000000000000e+00
1.562500000000000e-01 3.125000000000000e-01 0.000000000000000e+00
1.875000000000000e-01 3.125000000000000e-01 0.000000000000000e+00
1.875000000000000e-01 3.437500000000000e-01 0.000000000000000e+00
1.562500000000000e-01 3.437500000000000e-01 0.000000000000000e+00
1.875000000000000e-01 3.125000000000000e-01 0.000000000000000e+00
2.187500000000000e-01 3.125000000000000e-01 0.000000000000000e+00
2.187500000000000e-01 3.437500000000000e-01 0.000000000000000e+00
1.875000000000000e-01 3.437500000000000e-01 0.000000000000000e+00
2.187500000000000e-01 3.125000000000000e-01 0.000000000000000e+00
2.500000000000000e-01 3.125000000000000e-01 0.000000000000000e+00
2.500000000000000e-01 3.437500000000000e-01 0.000000000000000e+00
2.187500000000000e-01 3.437500000000000e-01 0.000000000000000e+00
2.500000000000000e-01 3.125000000000000e-01 0.000000000000000e+00
2.812500000000000e-01 3.125000000000000e-01 0.000000000000000e+00
2.812500000000000e-01 3.437500000000000e-01 0.000000000000000e+00
2.500000000000000e-01 3.437500000000000e-01 0.000000000000000e+00
2.812500000000000e-01 3.125000000000000e-01 0.000000000000000e+00
3.125000000000000e-01 3.125000000000000e-01 0.000000000000000e+00
3.125000000000000e-01 3.437500000000000e-01 0.000000000000000e+00
2.812500000000000e-01 3.437500000000000e-01 0.000000000000000e+00
3.125000000000000e-01 3.125000000000000e-01 0.000000000000000e+00
3.437500000000000e-01 3.125000000000000e-01 0.000000000000000e+00
3.437500000000000e-01 3.437500000000000e-01 0.000000000000000e+00
3.125000000000000e-01 3.437500000000000e-01 0.000000000000000e+00
3.437500000000000e-01 3.125000000000000e-01 0.000000000000000e+00
3.750000000000000e-01 3.125000000000000e-01 0.000000000000000e+00
3.750000000000000e-01 3.437500000000000e-01 0.000000000000000e+00
3.437500000000000e-01 3.437500000000000e-01 0.000000000000000e+00
3.750000000000000e-01 3.125000000000000e-01 0.000000000000000e+00
4.062500000000000e-01 3.125000000000000e-01 0.000000000000000e+00
4.062500000000000e-01 3.437500000000000e-01 0.000000000000000e+00
3.750000000000000e-01 3.437500000000000e-01 0.000000000000000e+00
4.062500000000000e-01 3.125000000000000e-01 0.000000000000000e+00
4.375000000000000e-01 3.125000000000000e-01 0.000000000000000e+00
4.375000000000000e-01 3.437500000000000e-01 0.000000000000000e+00
4.062500000000000e-01 3.437500000000000e-01 0.000000000000000e+00
4.375000000000000e-01 3.125000000000000e-01 0.000000000000000e+00
4.687500000000000e-01 3.125000000000000e-01 0.000000000000000e+00
4.687500000000000e-01 3.437500000000000e-01 0.000000000000000e+00
4.375000000000000e-01 3.437500000000000e-01 0.000000000000000e+00
4.687500000000000e-01 3.125000000000000e-01 0.000000000000000e+00
5.000000000000000e-01 3.125000000000000e-01 0.000000000000000e+00
5.000000000000000e-01 3.437500000000000e-01 0.000000000000000e+00
4.687500000000000e-01 3.437500000000000e-01 0.000000000000000e+00
5.000000000000000e-01 3.125000000000000e-01 0.000000000000000e+00
5.312500000000000e-01 3.125000000000000e-01 0.000000000000000e+00
5.312500000000000e-01 3.437500000000000e-01 0.000000000000000e+00
5.000000000000000e-01 3.437500000000000e-01 0.000000000000000e+00
5.312500000000000e-01 3.125000000000000e-01 0.000000000000000e+00
5.625000000000000e-01 3.125000000000000e-01 0.000000000000000e+00
5.625000000000000e-01 3.437500000000000e-01 0.000000000000000e+00
5.312500000000000e-01 3.437500000000000e-01 0.000000000000000e+00
5.625000000000000e-01 3.125000000000000e-01 0.000000000000000e+00
5.937500000000000e-01 3.125000000000000e-01 0.000000000000000e+00
5.937500000000000e-01 3.437500000000000e-01 0.000000000000000e+00
5.625000000000000e-01 3.437500000000000e-01 0.000000000000000e+00
5.937500000000000e-01 3.125000000000000e-01 0.000000000000000e+00
6.250000000000000e-01 3.125000000000000e-01 0.000000000000000e+00
6.250000000000000e-01 3.437500000000000e-01 0.000000000000000e+00
5.937500000000000e-01 3.437500000000000e-01 0.000000000000000e+00
6.250000000000000e-01 3.125000000000000e-01 0.000000000000000e+00
6.562500000000000e-01 3.125000000000000e-01 0.000000000000000e+00
6.562500000000000e-01 3.437500000000000e-01 0.000000000000000e+00
6.250000000000000e-01 3.437500000000000e-01 0.000000000000000e+00
6.562500000000000e-01 3.125000000000000e-01 0.000000000000000e+00
6.875000000000000e-01 3.125000000000000e-01 0.000000000000000e+00
6.875000000000000e-01 3.437500000000000e-01 0.000000000000000e+00
6.562500000000000e-01 3.437500000000000e-01 0.000000000000000e+00
6.875000000000000e-01 3.125000000000000e-01 0.000000000000000e+00
7.187500000000000e-01 3.125000000000000e-01 0.000000000000000e+00
7.187500000000000e-01 3.437500000000000e-01 0.000000000000000e+00
6.875000000000000e-01 3.437500000000000e-01 0.000000000000000e+00
7.187500000000000e-01 3.125000000000000e-01 0.000000000000000e+00
7.500000000000000e-01 3.125000000000000e-01 0.000000000000000e+00
7.500000000000000e-01 3.437500000000000e-01 0.000000000000000e+00
7.187500000000000e-01 3.437500000000000e-01 0.000000000000000e+00
7.500000000000000e-01 3.125000000000000e-01 0.000000000000000e+00
7.812500000000000e-01 3.125000000000000e-01 0.000000000000000e+00
7.812500000000000e-01 3.437500000000000e-01 0.000000000000000e+00
7.500000000000000e-01 3.437500000000000e-01 0.000000000000000e+00
7.812500000000000e-01 3.125000000000000e-01 0.000000000000000e+00
8.125000000000000e-01 3.125000000000000e-01 0.000000000000000e+00
8.125000000000000e-01 3.437500000000000e-01 0.000000000000000e+00
7.812500000000000e-01 3.437500000000000e-01 0.000000000000000e+00
8.125000000000000e-01 3.125000000000000e-01 0.000000000000000e+00
8.437500000000000e-01 3.125000000000000e-01 0.000000000000000e+00
8.437500000000000e-01 3.437500000000000e-01 0.000000000000000e+00
8.125000000000000e-01 3.437500000000000e-01 0.000000000000000e+00
8.437500000000000e-01 3.125000000000000e-01 0.000000000000000e+00
8.750000000000000e-01 3.125000000000000e-01 0.000000000000000e+00
8.750000000000000e-01 3.437500000000000e-01 0.000000000000000e+00
8.437500000000000e-01 3.437500000000000e-01 0.000000000000000e+00
8.750000000000000e-01 3.125000000000000e-01 0.000000000000000e+00
9.062500000000000e-01 3.125000000000000e-01 0.000000000000000e+00
9.062500000000000e-01 3.437500000000000e-01 0.000000000000000e+00
8.750000000000000e-01 3.437500000000000e-01 0.000000000000000e+00
9.062500000000000e-01 3.125000000000000e-01 0.000000000000000e+00
9.375000000000000e-01 3.125000000000000e-01 0.000000000000000e+00
9.375000000000000e-01 3.437500000000000e-01 0.000000000000000e+00
9.062500000000000e-01 3.437500000000000e-01 0.000000000000000e+00
9.375000000000000e-01 3.125000000000000e-01 0.000000000000000e+00
9.687500000000000e-01 3.125000000000000e-01 0.000000000000000e+00
9.687500000000000e-01 3.437500000000000e-01 0.000000000000000e+00
9.375000000000000e-01 3.437500000000000e-01 0.000000000000000e+00
9.687500000000000e-01 3.125000000000000e-01 0.000000000000000e+00
1.000000000000000e+00 3.125000000000000e-01 0.000000000000000e+00
1.000000000000000e+00 3.437500000000000e-01 0.000000000000000e+00
9.687500000000000e-01 3.437500000000000e-01 0.000000000000000e+00
0.000000000000000e+00 3.437500000000000e-01 0.000000000000000e+00
3.125000000000000e-02 3.437500000000000e-01 0.000000000000000e+00
3.125000000000000e-02 3.750000000000000e-01 0.000000000000000e+00
0.000000000000000e+00 3.750000000000000e-01 0.000000000000000e+00
3.125000000000000e-02 3.437500000000000e-01 0.000000000000000e+00
6.250000000000000e-02 3.437500000000000e-01 0.000000000000000e+00
6.250000000000000e-02 3.750000000000000e-01 0.000000000000000e+00
3.125000000000000e-02 3.750000000000000e-01 0.000000000000000e+00
6.250000000000000e-02 3.437500000000000e-01 0.000000000000000e+00
9.375000000000000e-02 3.437500000000000e-01 0.000000000000000e+00
9.375000000000000e-02 3.750000000000000e-01 0.000000000000000e+00
6.250000000000000e-02 3.750000000000000e-01 0.000000000000000e+00
9.375000000000000e-02 3.437500000000000e-01 0.000000000000000e+00
1.250000000000000e-01 3.437500000000000e-01 0.000000000000000e+00
1.250000000000000e-01 3.750000000000000e-01 0.000000000000000e+00
9.375000000000000e-02 3.750000000000000e-01 0.000000000000000e+00
1.250000000000000e-01 3.437500000000000e-01 0.000000000000000e+00
1.562500000000000e-01 3.437500000000000e-01 0.000000000000000e+00
1.562500000000000e-01 3.750000000000000e-01 0.000000000000000e+00
1.250000000000000e-01 3.750000000000000e-01 0.000000000000000e+00
1.562500000000000e-01 3.437500000000000e-01 0.000000000000000e+00
1.875000000000000e-01 3.437500000000000e-01 0.000000000000000e+00
1.875000000000000e-01 3.750000000000000e-01 0.000000000000000e+00
1.562500000000000e-01 3.750000000000000e-01 0.000000000000000e+00
1.875000000000000e-01 3.437500000000000e-01 0.000000000000000e+00
2.187500000000000e-01 3.437500000000000e-01 0.000000000000000e+00
2.187500000000000e-01 3.750000000000000e-01 0.000000000000000e+00
1.875000000000000e-01 3.750000000000000e-01 0.000000000000000e+00
2.187500000000000e-01 3.437500000000000e-01 0.000000000000000e+00
2.500000000000000e-01 3.437500000000000e-01 0.000000000000000e+00
2.500000000000000e-01 3.750000000000000e-01 0.000000000000000e+00
2.187500000000000e-01 3.750000000000000e-01 0.000000000000000e+00
2.500000000000000e-01 3.437500000000000e-01 0.000000000000000e+00
2.812500000000000e-01 3.437500000000000e-01 0.000000000000000e+00
2.812500000000000e-01 3.750000000000000e-01 0.000000000000000e+00
2.500000000000000e-01 3.750000000000000e-01 0.000000000000000e+00
2.812500000000000e-01 3.437500000000000e-01 0.000000000000000e+00
3.125000000000000e-01 3.437500000000000e-01 0.000000000000000e+00
3.125000000000000e-01 3.750000000000000e-01 0.000000000000000e+00
2.812500000000000e-01 3.750000000000000e-01 0.000000000000000e+00
3.125000000000000e-01 3.437500000000000e-01 0.000000000000000e+00
3.437500000000000e-01 3.437500000000000e-01 0.000000000000000e+00
3.437500000000000e-01 3.750000000000000e-01 0.000000000000000e+00
3.125000000000000e-01 3.750000000000000e-01 0.000000000000000e+00
3.437500000000000e-01 3.437500000000000e-01 0.000000000000000e+00
3.750000000000000e-01 3.437500000000000e-01 0.000000000000000e+00
3.750000000000000e-01 3.750000000000000e-01 0.000000000000000e+00
3.437500000000000e-01 3.750000000000000e-01 0.000000000000000e+00
3.750000000000000e-01 3.437500000000000e-01 0.000000000000000e+00
4.062500000000000e-01 3.437500000000000e-01 0.000000000000000e+00
4.062500000000000e-01 3.750000000000000e-01 0.000000000000000e+00
3.750000000000000e-01 3.750000000000000e-01 0.000000000000000e+00
4.062500000000000e-01 3.437500000000000e-01 0.000000000000000e+00
4.375000000000000e-01 3.437500000000000e-01 0.000000000000000e+00
4.375000000000000e-01 3.750000000000000e-01 0.000000000000000e+00
4.062500000000000e-01 3.750000000000000e-01 0.000000000000000e+00
4.375000000000000e-01 3.437500000000000e-01 0.000000000000000e+00
4.687500000000000e-01 3.437500000000000e-01 0.000000000000000e+00
4.687500000000000e-01 3.750000000000000e-01 0.000000000000000e+00
4.375000000000000e-01 3.750000000000000e-01 0.000000000000000e+00
4.687500000000000e-01 3.437500000000000e-01 0.000000000000000e+00
5.000000000000000e-01 3.437500000000000e-01 0.000000000000000e+00
5.000000000000000e-01 3.750000000000000e-01 0.000000000000000e+00
4.687500000000000e-01 3.750000000000000e-01 0.000000000000000e+00
5.000000000000000e-01 3.437500000000000e-01 0.000000000000000e+00
5.312500000000000e-01 3.437500000000000e-01 0.000000000000000e+00
5.312500000000000e-01 3.750000000000000e-01 0.000000000000000e+00
5.000000000000000e-01 3.750000000000000e-01 0.000000000000000e+00
5.312500000000000e-01 3.437500000000000e-01 0.000000000000000e+00
5.625000000000000e-01 3.437500000000000e-01 0.000000000000000e+00
5.625000000000000e-01 3.750000000000000e-01 0.000000000000000e+00
5.312500000000000e-01 3.750000000000000e-01 0.000000000000000e+00
5.625000000000000e-01 3.437500000000000e-01 0.000000000000000e+00
5.937500000000000e-01 3.437500000000000e-01 0.000000000000000e+00
5.937500000000000e-01 3.750000000000000e-01 0.000000000000000e+00
5.625000000000000e-01 3.750000000000000e-01 0.000000000000000e+00
5.937500000000000e-01 3.437500000000000e-01 0.000000000000000e+00
6.250000000000000e-01 3.437500000000000e-01 0.000000000000000e+00
6.250000000000000e-01 3.750000000000000e-01 0.000000000000000e+00
5.937500000000000e-01 3.750000000000000e-01 0.000000000000000e+00
6.250000000000000e-01 3.437500000000000e-01 0.000000000000000e+00
6.562500000000000e-01 3.437500000000000e-01 0.000000000000000e+00
6.562500000000000e-01 3.750000000000000e-01 0.000000000000000e+00
6.250000000000000e-01 3.750000000000000e-01 0.000000000000000e+00
6.562500000000000e-01 3.437500000000000e-01 0.000000000000000e+00
6.875000000000000e-01 3.437500000000000e-01 0.000000000000000e+00
6.875000000000000e-01 3.750000000000000e-01 0.000000000000000e+00
6.562500000000000e-01 3.750000000000000e-01 0.000000000000000e+00
6.875000000000000e-01 3.437500000000000e-01 0.000000000000000e+00
7.187500000000000e-01 3.437500000000000e-01 0.000000000000000e+00
7.187500000000000e-01 3.750000000000000e-01 0.000000000000000e+00
6.875000000000000e-01 3.750000000000000e-01 0.000000000000000e+00
7.187500000000000e-01 3.437500000000000e-01 0.000000000000000e+00
7.500000000000000e-01 3.437500000000000e-01 0.000000000000000e+00
7.500000000000000e-01 3.750000000000000e-01 0.000000000000000e+00
7.187500000000000e-01 3.750000000000000e-01 0.000000000000000e+00
7.500000000000000e-01 3.437500000000000e-01 0.000000000000000e+00
7.812500000000000e-01 3.437500000000000e-01 0.000000000000000e+00
7.812500000000000e-01 3.750000000000000e-01 0.000000000000000e+00
7.500000000000000e-01 3.750000000000000e-01 0.000000000000000e+00
7.812500000000000e-01 3.437500000000000e-01 0.000000000000000e+00
8.125000000000000e-01 3.437500000000000e-01 0.000000000000000e+00
8.125000000000000e-01 3.750000000000000e-01 0.000000000000000e+00
7.812500000000000e-01 3.750000000000000e-01 0.000000000000000e+00
8.125000000000000e-01 3.437500000000000e-01 0.000000000000000e+00
8.437500000000000e-01 3.437500000000000e-01 0.000000000000000e+00
8.437500000000000e-01 3.750000000000000e-01 0.000000000000000e+00
8.125000000000000e-01 3.750000000000000e-01 0.000000000000000e+00
8.437500000000000e-01 3.437500000000000e-01 0.000000000000000e+00
8.750000000000000e-01 3.437500000000000e-01 0.000000000000000e+00
8.750000000000000e-01 3.750000000000000e-01 0.000000000000000e+00
8.437500000000000e-01 3.750000000000000e-01 0.000000000000000e+00
8.750000000000000e-01 3.437500000000000e-01 0.000000000000000e+00
9.062500000000000e-01 3.437500000000000e-01 0.000000000000000e+00
9.062500000000000e-01 3.750000000000000e-01 0.000000000000000e+00
8.750000000000000e-01 3.750000000000000e-01 0.000000000000000e+00
9.062500000000000e-01 3.437500000000000e-01 0.000000000000000e+00
9.375000000000000e-01 3.437500000000000e-01 0.000000000000000e+00
9.375000000000000e-01 3.750000000000000e-01 0.000000000000000e+00
9.062500000000000e-01 3.750000000000000e-01 0.000000000000000e+00
9.375000000000000e-01 3.437500000000000e-01 0.000000000000000e+00
9.687500000000000e-01 3.437500000000000e-01 0.000000000000000e+00
9.687500000000000e-01 3.750000000000000e-01 0.000000000000000e+00
9.375000000000000e-01 3.750000000000000e-01 0.000000000000000e+00
9.687500000000000e-01 3.437500000000000e-01 0.000000000000000e+00
1.000000000000000e+00 3.437500000000000e-01 0.000000000000000e+00
1.000000000000000e+00 3.750000000000000e-01 0.000000000000000e+00
9.687500000000000e-01 3.750000000000000e-01 0.000000000000000e+00
0.000000000000000e+00 3.750000000000000e-01 0.000000000000000e+00
3.125000000000000e-02 3.750000000000000e-01 0.000000000000000e+00
3.125000000000000e-02 4.062500000000000e-01 0.000000000000000e+00
0.000000000000000e+00 4.062500000000000e-01 0.000000000000000e+00
3.125000000000000e-02 3.750000000000000e-01 0.000000000000000e+00
6.250000000000000e-02 3.750000000000000e-01 0.000000000000000e+00
6.250000000000000e-02 4.062500000000000e-01 0.000000000000000e+00
3.125000000000000e-02 4.062500000000000e-01 0.000000000000000e+00
6.250000000000000e-02 3.750000000000000e-01 0.000000000000000e+00
9.375000000000000e-02 3.750000000000000e-01 0.000000000000000e+00
9.375000000000000e-02 4.062500000000000e-01 0.000000000000000e+00
6.250000000000000e-02 4.062500000000000e-01 0.000000000000000e+00
9.375000000000000e-02 3.750000000000000e-01 0.000000000000000e+00
1.250000000000000e-01 3.750000000000000e-01 0.000000000000000e+00
1.250000000000000e-01 4.062500000000000e-01 0.000000000000000e+00
9.375000000000000e-02 4.062500000000000e-01 0.000000000000000e+00
1.250000000000000e-01 3.750000000000000e-01 0.000000000000000e+00
1.562500000000000e-01 3.750000000000000e-01 0.000000000000000e+00
1.562500000000000e-01 4.062500000000000e-01 0.000000000000000e+00
1.250000000000000e-01 4.062500000000000e-01 0.000000000000000e+00
1.562500000000000e-01 3.750000000000000e-01 0.000000000000000e+00
1.875000000000000e-01 3.750000000000000e-01 0.000000000000000e+00
1.875000000000000e-01 4.062500000000000e-01 0.000000000000000e+00
1.562500000000000e-01 4.062500000000000e-01 0.000000000000000e+00
1.875000000000000e-01 3.750000000000000e-01 0.000000000000000e+00
2.187500000000000e-01 3.750000000000000e-01 0.000000000000000e+00
2.187500000000000e-01 4.062500000000000e-01 0.000000000000000e+00
1.875000000000000e-01 4.062500000000000e-01 0.000000000000000e+00
2.187500000000000e-01 3.750000000000000e-01 0.000000000000000e+00
2.500000000000000e-01 3.750000000000000e-01 0.000000000000000e+00
2.500000000000000e-01 4.062500000000000e-01 0.000000000000000e+00
2.187500000000000e-01 4.062500000000000e-01 0.000000000000000e+00
2.500000000000000e-01 3.750000000000000e-01 0.000000000000000e+00
2.812500000000000e-01 3.750000000000000e-01 0.000000000000000e+00
2.812500000000000e-01 4.062500000000000e-01 0.000000000000000e+00
2.500000000000000e-01 4.062500000000000e-01 0.000000000000000e+00
2.812500000000000e-01 3.750000000000000e-01 0.000000000000000e+00
3.125000000000000e-01 3.750000000000000e-01 0.000000000000000e+00
3.125000000000000e-01 4.062500000000000e-01 0.000000000000000e+00
2.812500000000000e-01 4.062500000000000e-01 0.000000000000000e+00
3.125000000000000e-01 3.750000000000000e-01 0.000000000000000e+00
3.437500000000000e-01 3.750000000000000e-01 0.000000000000000e+00
3.437500000000000e-01 4.062500000000000e-01 0.000000000000000e+00
3.125000000000000e-01 4.062500000000000e-01 0.000000000000000e+00
3.437500000000000e-01 3.750000000000000e-01 0.000000000000000e+00
3.750000000000000e-01 3.750000000000000e-01 0.000000000000000e+00
3.750000000000000e-01 4.062500000000000e-01 0.000000000000000e+00
3.437500000000000e-01 4.062500000000000e-01 0.000000000000000e+00
3.750000000000000e-01 3.750000000000000e-01 0.000000000000000e+00
4.062500000000000e-01 3.750000000000000e-01 0.000000000000000e+00
4.062500000000000e-01 4.062500000000000e-01 0.000000000000000e+00
3.750000000000000e-01 4.062500000000000e-01 0.000000000000000e+00
4.062500000000000e-01 3.750000000000000e-01 0.000000000000000e+00
4.375000000000000e-01 3.750000000000000e-01 0.000000000000000e+00
4.375000000000000e-01 4.062500000000000e-01 0.000000000000000e+00
4.062500000000000e-01 4.062500000000000e-01 0.000000000000000e+00
4.375000000000000e-01 3.750000000000000e-01 0.000000000000000e+00
4.687500000000000e-01 3.750000000000000e-01 0.000000000000000e+00
4.687500000000000e-01 4.062500000000000e-01 0.000000000000000e+00
4.375000000000000e-01 4.062500000000000e-01 0.000000000000000e+00
4.687500000000000e-01 3.750000000000000e-01 0.000000000000000e+00
5.000000000000000e-01 3.750000000000000e-01 0.000000000000000e+00
5.000000000000000e-01 4.062500000000000e-01 0.000000000000000e+00
4.687500000000000e-01 4.062500000000000e-01 0.000000000000000e+00
5.000000000000000e-01 3.750000000000000e-01 0.000000000000000e+00
5.312500000000000e-01 3.750000000000000e-01 0.000000000000000e+00
5.312500000000000e-01 4.062500000000000e-01 0.000000000000000e+00
5.000000000000000e-01 4.062500000000000e-01 0.000000000000000e+00
5.312500000000000e-01 3.750000000000000e-01 0.000000000000000e+00
5.625000000000000e-01 3.750000000000000e-01 0.000000000000000e+00
5.625000000000000e-01 4.062500000000000e-01 0.000000000000000e+00
5.312500000000000e-01 4.062500000000000e-01 0.000000000000000e+00
5.625000000000000e-01 3.750000000000000e-01 0.000000000000000e+00
5.937500000000000e-01 3.750000000000000e-01 0.000000000000000e+00
5.937500000000000e-01 4.062500000000000e-01 0.000000000000000e+00
5.625000000000000e-01 4.062500000000000e-01 0.000000000000000e+00
5.937500000000000e-01 3.750000000000000e-01 0.000000000000000e+00
6.250000000000000e-01 3.750000000000000e-01 0.000000000000000e+00
6.250000000000000e-01 4.062500000000000e-01 0.000000000000000e+00
5.937500000000000e-01 4.062500000000000e-01 0.000000000000000e+00
6.250000000000000e-01 3.750000000000000e-01 0.000000000000000e+00
6.562500000000000e-01 3.750000000000000e-01 0.000000000000000e+00
6.562500000000000e-01 4.062500000000000e-01 0.000000000000000e+00
6.250000000000000e-01 4.062500000000000e-01 0.000000000000000e+00
6.562500000000000e-01 3.750000000000000e-01 0.000000000000000e+00
6.875000000000000e-01 3.750000000000000e-01 0.000000000000000e+00
6.875000000000000e-01 4.062500000000000e-01 0.000000000000000e+00
6.562500000000000e-01 4.062500000000000e-01 0.000000000000000e+00
6.875000000000000e-01 3.750000000000000e-01 0.000000000000000e+00
7.187500000000000e-01 3.750000000000000e-01 0.000000000000000e+00
7.187500000000000e-01 4.062500000000000e-01 0.000000000000000e+00
6.875000000000000e-01 4.062500000000000e-01 0.000000000000000e+00
7.187500000000000e-01 3.750000000000000e-01 0.000000000000000e+00
7.500000000000000e-01 3.750000000000000e-01 0.000000000000000e+00
7.500000000000000e-01 4.062500000000000e-01 0.000000000000000e+00
7.187500000000000e-01 4.062500000000000e-01 0.000000000000000e+00
7.500000000000000e-01 3.750000000000000e-01 0.000000000000000e+00
7.812500000000000e-01 3.750000000000000e-01 0.000000000000000e+00
7.812500000000000e-01 4.062500000000000e-01 0.000000000000000e+00
7.500000000000000e-01 4.062500000000000e-01 0.000000000000000e+00
7.812500000000000e-01 3.750000000000000e-01 0.000000000000000e+00
8.125000000000000e-01 3.750000000000000e-01 0.000000000000000e+00
8.125000000000000e-01 4.062500000000000e-01 0.000000000000000e+00
7.812500000000000e-01 4.062500000000000e-01 0.000000000000000e+00
8.125000000000000e-01 3.750000000000000e-01 0.000000000000000e+00
8.437500000000000e-01 3.750000000000000e-01 0.000000000000000e+00
8.437500000000000e-01 4.062500000000000e-01 0.000000000000000e+00
8.125000000000000e-01 4.062500000000000e-01 0.000000000000000e+00
8.437500000000000e-01 3.750000000000000e-01 0.000000000000000e+00
8.750000000000000e-01 3.750000000000000e-01 0.000000000000000e+00
8.750000000000000e-01 4.062500000000000e-01 0.000000000000000e+00
8.437500000000000e-01 4.062500000000000e-01 0.000000000000000e+00
8.750000000000000e-01 3.750000000000000e-01 0.000000000000000e+00
9.062500000000000e-01 3.750000000000000e-01 0.000000000000000e+00
9.062500000000000e-01 4.062500000000000e-01 0.000000000000000e+00
8.750000000000000e-01 4.062500000000000e-01 0.000000000000000e+00
9.062500000000000e-01 3.750000000000000e-01 0.000000000000000e+00
9.375000000000000e-01 3.750000000000000e-01 0.000000000000000e+00
9.375000000000000e-01 4.062500000000000e-01 0.000000000000000e+00
9.062500000000000e-01 4.062500000000000e-01 0.000000000000000e+00
9.375000000000000e-01 3.750000000000000e-01 0.000000000000000e+00
9.687500000000000e-01 3.750000000000000e-01 0.000000000000000e+00
9.687500000000000e-01 4.062500000000000e-01 0.000000000000000e+00
9.375000000000000e-01 4.062500000000000e-01 0.000000000000000e+00
9.687500000000000e-01 3.750000000000000e-01 0.000000000000000e+00
1.000000000000000e+00 3.750000000000000e-01 0.000000000000000e+00
1.000000000000000e+00 4.062500000000000e-01 0.000000000000000e+00
9.687500000000000e-01 4.062500000000000e-01 0.000000000000000e+00
0.000000000000000e+00 4.062500000000000e-01 0.000000000000000e+00
3.125000000000000e-02 4.062500000000000e-01 0.000000000000000e+00
3.125000000000000e-02 4.375000000000000e-01 0.000000000000000e+00
0.000000000000000e+00 4.375000000000000e-01 0.000000000000000e+00
3.125000000000000e-02 4.062500000000000e-01 0.000000000000000e+00
6.250000000000000e-02 4.062500000000000e-01 0.000000000000000e+00
6.250000000000000e-02 4.375000000000000e-01 0.000000000000000e+00
3.125000000000000e-02 4.375000000000000e-01 0.000000000000000e+00
6.250000000000000e-02 4.062500000000000e-01 0.000000000000000e+00
9.375000000000000e-02 4.062500000000000e-01 0.000000000000000e+00
9.375000000000000e-02 4.375000000000000e-01 0.000000000000000e+00
6.250000000000000e-02 4.375000000000000e-01 0.000000000000000e+00
9.375000000000000e-02 4.062500000000000e-01 0.000000000000000e+00
1.250000000000000e-01 4.062500000000000e-01 0.000000000000000e+00
1.250000000000000e-01 4.375000000000000e-01 0.000000000000000e+00
9.375000000000000e-02 4.375000000000000e-01 0.000000000000000e+00
1.250000000000000e-01 4.062500000000000e-01 0.000000000000000e+00
1.562500000000000e-01 4.062500000000000e-01 0.000000000000000e+00
1.562500000000000e-01 4.375000000000000e-01 0.000000000000000e+00
1.250000000000000e-01 4.375000000000000e-01 0.000000000000000e+00
1.562500000000000e-01 4.062500000000000e-01 0.000000000000000e+00
1.875000000000000e-01 4.062500000000000e-01 0.000000000000000e+00
1.875000000000000e-01 4.375000000000000e-01 0.000000000000000e+00
1.562500000000000e-01 4.375000000000000e-01 0.000000000000000e+00
1.875000000000000e-01 4.062500000000000e-01 0.000000000000000e+00
2.187500000000000e-01 4.062500000000000e-01 0.000000000000000e+00
2.187500000000000e-01 4.375000000000000e-01 0.000000000000000e+00
1.875000000000000e-01 4.375000000000000e-01 0.000000000000000e+00
2.187500000000000e-01 4.062500000000000e-01 0.000000000000000e+00
2.500000000000000e-01 4.062500000000000e-01 0.000000000000000e+00
2.500000000000000e-01 4.375000000000000e-01 0.000000000000000e+00
2.187500000000000e-01 4.375000000000000e-01 0.000000000000000e+00
2.500000000000000e-01 4.062500000000000e-01 0.000000000000000e+00
2.812500000000000e-01 4.062500000000000e-01 0.000000000000000e+00
2.812500000000000e-01 4.375000000000000e-01 0.000000000000000e+00
2.500000000000000e-01 4.375000000000000e-01 0.000000000000000e+00
2.812500000000000e-01 4.062500000000000e-01 0.000000000000000e+00
3.125000000000000e-01 4.062500000000000e-01 0.000000000000000e+00
3.125000000000000e-01 4.375000000000000e-01 0.000000000000000e+00
2.812500000000000e-01 4.375000000000000e-01 0.000000000000000e+00
3.125000000000000e-01 4.062500000000000e-01 0.000000000000000e+00
3.437500000000000e-01 4.062500000000000e-01 0.000000000000000e+00
3.437500000000000e-01 4.375000000000000e-01 0.000000000000000e+00
3.125000000000000e-01 4.375000000000000e-01 0.000000000000000e+00
3.437500000000000e-01 4.062500000000000e-01 0.000000000000000e+00
3.750000000000000e-01 4.062500000000000e-01 0.000000000000000e+00
3.750000000000000e-01 4.375000000000000e-01 0.000000000000000e+00
3.437500000000000e-01 4.375000000000000e-01 0.000000000000000e+00
3.750000000000000e-01 4.062500000000000e-01 0.000000000000000e+00
4.062500000000000e-01 4.062500000000000e-01 0.000000000000000e+00
4.062500000000000e-01 4.375000000000000e-01 0.000000000000000e+00
3.750000000000000e-01 4.375000000000000e-01 0.000000000000000e+00
4.062500000000000e-01 4.062500000000000e-01 0.000000000000000e+00
4.375000000000000e-01 4.062500000000000e-01 0.000000000000000e+00
4.375000000000000e-01 4.375000000000000e-01 0.000000000000000e+00
4.062500000000000e-01 4.375000000000000e-01 0.000000000000000e+00
4.375000000000000e-01 4.062500000000000e-01 0.000000000000000e+00
4.687500000000000e-01 4.062500000000000e-01 0.000000000000000e+00
4.687500000000000e-01 4.375000000000000e-01 0.000000000000000e+00
4.375000000000000e-01 4.375000000000000e-01 0.000000000000000e+00
4.687500000000000e-01 4.062500000000000e-01 0.000000000000000e+00
5.000000000000000e-01 4.062500000000000e-01 0.000000000000000e+00
5.000000000000000e-01 4.375000000000000e-01 0.000000000000000e+00
4.687500000000000e-01 4.375000000000000e-01 0.000000000000000e+00
5.000000000000000e-01 4.062500000000000e-01 0.000000000000000e+00
5.312500000000000e-01 4.062500000000000e-01 0.000000000000000e+00
5.312500000000000e-01 4.375000000000000e-01 0.000000000000000e+00
5.000000000000000e-01 4.375000000000000e-01 0.000000000000000e+00
5.312500000000000e-01 4.062500000000000e-01 0.000000000000000e+00
5.625000000000000e-01 4.062500000000000e-01 0.000000000000000e+00
5.625000000000000e-01 4.375000000000000e-01 0.000000000000000e+00
5.312500000000000e-01 4.375000000000000e-01 0.000000000000000e+00
5.625000000000000e-01 4.062500000000000e-01 0.000000000000000e+00
5.937500000000000e-01 4.062500000000000e-01 0.000000000000000e+00
5.937500000000000e-01 4.375000000000000e-01 0.000000000000000e+00
5.625000000000000e-01 4.375000000000000e-01 0.000000000000000e+00
5.937500000000000e-01 4.062500000000000e-01 0.000000000000000e+00
6.250000000000000e-01 4.062500000000000e-01 0.000000000000000e+00
6.250000000000000e-01 4.375000000000000e-01 0.000000000000000e+00
5.937500000000000e-01 4.375000000000000e-01 0.000000000000000e+00
6.250000000000000e-01 4.062500000000000e-01 0.000000000000000e+00
6.562500000000000e-01 4.062500000000000e-01 0.000000000000000e+00
6.562500000000000e-01 4.375000000000000e-01 0.000000000000000e+00
6.250000000000000e-01 4.375000000000000e-01 0.000000000000000e+00
6.562500000000000e-01 4.062500000000000e-01 0.000000000000000e+00
6.875000000000000e-01 4.062500000000000e-01 0.000000000000000e+00
6.875000000000000e-01 4.375000000000000e-01 0.000000000000000e+00
6.562500000000000e-01 4.375000000000000e-01 0.000000000000000e+00
6.875000000000000e-01 4.062500000000000e-01 0.000000000000000e+00
7.187500000000000e-01 4.062500000000000e-01 0.000000000000000e+00
7.187500000000000e-01 4.375000000000000e-01 0.000000000000000e+00
6.875000000000000e-01 4.375000000000000e-01 0.000000000000000e+00
7.187500000000000e-01 4.062500000000000e-01 0.000000000000000e+00
7.500000000000000e-01 4.062500000000000e-01 0.000000000000000e+00
7.500000000000000e-01 4.375000000000000e-01 0.000000000000000e+00
7.187500000000000e-01 4.375000000000000e-01 0.000000000000000e+00
7.500000000000000e-01 4.062500000000000e-01 0.000000000000000e+00
7.812500000000000e-01 4.062500000000000e-01 0.000000000000000e+00
7.812500000000000e-01 4.375000000000000e-01 0.000000000000000e+00
7.500000000000000e-01 4.375000000000000e-01 0.000000000000000e+00
7.812500000000000e-01 4.062500000000000e-01 0.000000000000000e+00
8.125000000000000e-01 4.062500000000000e-01 0.000000000000000e+00
8.125000000000000e-01 4.375000000000000e-01 0.000000000000000e+00
7.812500000000000e-01 4.375000000000000e-01 0.000000000000000e+00
8.125000000000000e-01 4.062500000000000e-01 0.000000000000000e+00
8.437500000000000e-01 4.062500000000000e-01 0.000000000000000e+00
8.437500000000000e-01 4.375000000000000e-01 0.000000000000000e+00
8.125000000000000e-01 4.375000000000000e-01 0.000000000000000e+00
8.437500000000000e-01 4.062500000000000e-01 0.000000000000000e+00
8.750000000000000e-01 4.062500000000000e-01 0.000000000000000e+00
8.750000000000000e-01 4.375000000000000e-01 0.000000000000000e+00
8.437500000000000e-01 4.375000000000000e-01 0.000000000000000e+00
8.750000000000000e-01 4.062500000000000e-01 0.000000000000000e+00
9.062500000000000e-01 4.062500000000000e-01 0.000000000000000e+00
9.062500000000000e-01 4.375000000000000e-01 0.000000000000000e+00
8.750000000000000e-01 4.375000000000000e-01 0.000000000000000e+00
9.062500000000000e-01 4.062500000000000e-01 0.000000000000000e+00
9.375000000000000e-01 4.062500000000000e-01 0.000000000000000e+00
9.375000000000000e-01 4.375000000000000e-01 0.000000000000000e+00
9.062500000000000e-01 4.375000000000000e-01 0.000000000000000e+00
9.375000000000000e-01 4.062500000000000e-01 0.000000000000000e+00
9.687500000000000e-01 4.062500000000000e-01 0.000000000000000e+00
9.687500000000000e-01 4.375000000000000e-01 0.000000000000000e+00
9.375000000000000e-01 4.375000000000000e-01 0.000000000000000e+00
9.687500000000000e-01 4.062500000000000e-01 0.000000000000000e+00
1.000000000000000e+00 4.062500000000000e-01 0.000000000000000e+00
1.000000000000000e+00 4.375000000000000e-01 0.000000000000000e+00
9.687500000000000e-01 4.375000000000000e-01 0.000000000000000e+00
0.000000000000000e+00 4.375000000000000e-01 0.000000000000000e+00
3.125000000000000e-02 4.375000000000000e-01 0.000000000000000e+00
3.125000000000000e-02 4.687500000000000e-01 0.000000000000000e+00
0.000000000000000e+00 4.687500000000000e-01 0.000000000000000e+00
3.125000000000000e-02 4.375000000000000e-01 0.000000000000000e+00
6.250000000000000e-02 4.375000000000000e-01 0.000000000000000e+00
6.250000000000000e-02 4.687500000000000e-01 0.000000000000000e+00
3.125000000000000e-02 4.687500000000000e-01 0.000000000000000e+00
6.250000000000000e-02 4.375000000000000e-01 0.000000000000000e+00
9.375000000000000e-02 4.375000000000000e-01 0.000000000000000e+00
9.375000000000000e-02 4.687500000000000e-01 0.000000000000000e+00
6.250000000000000e-02 4.687500000000000e-01 0.000000000000000e+00
9.375000000000000e-02 4.375000000000000e-01 0.000000000000000e+00
1.250000000000000e-01 4.375000000000000e-01 0.000000000000000e+00
1.250000000000000e-01 4.687500000000000e-01 0.000000000000000e+00
9.375000000000000e-02 4.687500000000000e-01 0.000000000000000e+00
1.250000000000000e-01 4.375000000000000e-01 0.000000000000000e+00
1.562500000000000e-01 4.375000000000000e-01 0.000000000000000e+00
1.562500000000000e-01 4.687500000000000e-01 0.000000000000000e+00
1.250000000000000e-01 4.687500000000000e-01 0.000000000000000e+00
1.562500000000000e-01 4.375000000000000e-01 0.000000000000000e+00
1.875000000000000e-01 4.375000000000000e-01 0.000000000000000e+00
1.875000000000000e-01 4.687500000000000e-01 0.000000000000000e+00
1.562500000000000e-01 4.687500000000000e-01 0.000000000000000e+00
1.875000000000000e-01 4.375000000000000e-01 0.000000000000000e+00
2.187500000000000e-01 4.375000000000000e-01 0.000000000000000e+00
2.187500000000000e-01 4.687500000000000e-01 0.000000000000000e+00
1.875000000000000e-01 4.687500000000000e-01 0.000000000000000e+00
2.187500000000000e-01 4.375000000000000e-01 0.000000000000000e+00
2.500000000000000e-01 4.375000000000000e-01 0.000000000000000e+00
2.500000000000000e-01 4.687500000000000e-01 0.000000000000000e+00
2.187500000000000e-01 4.687500000000000e-01 0.000000000000000e+00
2.500000000000000e-01 4.375000000000000e-01 0.000000000000000e+00
2.812500000000000e-01 4.375000000000000e-01 0.000000000000000e+00
2.812500000000000e-01 4.687500000000000e-01 0.000000000000000e+00
2.500000000000000e-01 4.687500000000000e-01 0.000000000000000e+00
2.812500000000000e-01 4.375000000000000e-01 0.000000000000000e+00
3.125000000000000e-01 4.375000000000000e-01 0.000000000000000e+00
3.125000000000000e-01 4.687500000000000e-01 0.000000000000000e+00
2.812500000000000e-01 4.687500000000000e-01 0.000000000000000e+00
3.125000000000000e-01 4.375000000000000e-01 0.000000000000000e+00
3.437500000000000e-01 4.375000000000000e-01 0.000000000000000e+00
3.437500000000000e-01 4.687500000000000e-01 0.000000000000000e+00
3.125000000000000e-01 4.687500000000000e-01 0.000000000000000e+00
3.437500000000000e-01 4.375000000000000e-01 0.000000000000000e+00
3.750000000000000e-01 4.375000000000000e-01 0.000000000000000e+00
3.750000000000000e-01 4.687500000000000e-01 0.000000000000000e+00
3.437500000000000e-01 4.687500000000000e-01 0.000000000000000e+00
3.750000000000000e-01 4.375000000000000e-01 0.000000000000000e+00
4.062500000000000e-01 4.375000000000000e-01 0.000000000000000e+00
4.062500000000000e-01 4.687500000000000e-01 0.000000000000000e+00
3.750000000000000e-01 4.687500000000000e-01 0.000000000000000e+00
4.062500000000000e-01 4.375000000000000e-01 0.000000000000000e+00
4.375000000000000e-01 4.375000000000000e-01 0.000000000000000e+00
4.375000000000000e-01 4.687500000000000e-01 0.000000000000000e+00
4.062500000000000e-01 4.687500000000000e-01 0.000000000000000e+00
4.375000000000000e-01 4.375000000000000e-01 0.000000000000000e+00
4.687500000000000e-01 4.375000000000000e-01 0.000000000000000e+00
4.687500000000000e-01 4.687500000000000e-01 0.000000000000000e+00
4.375000000000000e-01 4.687500000000000e-01 0.000000000000000e+00
4.687500000000000e-01 4.375000000000000e-01 0.000000000000000e+00
5.000000000000000e-01 4.375000000000000e-01 0.000000000000000e+00
5.000000000000000e-01 4.687500000000000e-01 0.000000000000000e+00
4.687500000000000e-01 4.687500000000000e-01 0.000000000000000e+00
5.000000000000000e-01 4.375000000000000e-01 0.000000000000000e+00
5.312500000000000e-01 4.375000000000000e-01 0.000000000000000e+00
5.312500000000000e-01 4.687500000000000e-01 0.000000000000000e+00
5.000000000000000e-01 4.687500000000000e-01 0.000000000000000e+00
5.312500000000000e-01 4.375000000000000e-01 0.000000000000000e+00
5.625000000000000e-01 4.375000000000000e-01 0.000000000000000e+00
5.625000000000000e-01 4.687500000000000e-01 0.000000000000000e+00
5.312500000000000e-01 4.687500000000000e-01 0.000000000000000e+00
5.625000000000000e-01 4.375000000000000e-01 0.000000000000000e+00
5.937500000000000e-01 4.375000000000000e-01 0.000000000000000e+00
5.937500000000000e-01 4.687500000000000e-01 0.000000000000000e+00
5.625000000000000e-01 4.687500000000000e-01 0.000000000000000e+00
5.937500000000000e-01 4.375000000000000e-01 0.000000000000000e+00
6.250000000000000e-01 4.375000000000000e-01 0.000000000000000e+00
6.250000000000000e-01 4.687500000000000e-01 0.000000000000000e+00
5.937500000000000e-01 4.687500000000000e-01 0.000000000000000e+00
6.250000000000000e-01 4.375000000000000e-01 0.000000000000000e+00
6.562500000000000e-01 4.375000000000000e-01 0.000000000000000e+00
6.562500000000000e-01 4.687500000000000e-01 0.000000000000000e+00
6.250000000000000e-01 4.687500000000000e-01 0.000000000000000e+00
6.562500000000000e-01 4.375000000000000e-01 0.000000000000000e+00
6.875000000000000e-01 4.375000000000000e-01 0.000000000000000e+00
6.875000000000000e-01 4.687500000000000e-01 0.000000000000000e+00
6.562500000000000e-01 4.687500000000000e-01 0.000000000000000e+00
6.875000000000000e-01 4.375000000000000e-01 0.000000000000000e+00
7.187500000000000e-01 4.375000000000000e-01 0.000000000000000e+00
7.187500000000000e-01 4.687500000000000e-01 0.000000000000000e+00
6.875000000000000e-01 4.687500000000000e-01 0.000000000000000e+00
7.187500000000000e-01 4.375000000000000e-01 0.000000000000000e+00
7.500000000000000e-01 4.375000000000000e-01 0.000000000000000e+00
7.500000000000000e-01 4.687500000000000e-01 0.000000000000000e+00
7.187500000000000e-01 4.687500000000000e-01 0.000000000000000e+00
7.500000000000000e-01 4.375000000000000e-01 0.000000000000000e+00
7.812500000000000e-01 4.375000000000000e-01 0.000000000000000e+00
7.812500000000000e-01 4.687500000000000e-01 0.000000000000000e+00
7.500000000000000e-01 4.687500000000000e-01 0.000000000000000e+00
7.812500000000000e-01 4.375000000000000e-01 0.000000000000000e+00
8.125000000000000e-01 4.375000000000000e-01 0.000000000000000e+00
8.125000000000000e-01 4.687500000000000e-01 0.000000000000000e+00
7.812500000000000e-01 4.687500000000000e-01 0.000000000000000e+00
8.125000000000000e-01 4.375000000000000e-01 0.000000000000000e+00
8.437500000000000e-01 4.375000000000000e-01 0.000000000000000e+00
8.437500000000000e-01 4.687500000000000e-01 0.000000000000000e+00
8.125000000000000e-01 4.687500000000000e-01 0.000000000000000e+00
8.437500000000000e-01 4.375000000000000e-01 0.000000000000000e+00
8.750000000000000e-01 4.375000000000000e-01 0.000000000000000e+00
8.750000000000000e-01 4.687500000000000e-01 0.000000000000000e+00
8.437500000000000e-01 4.687500000000000e-01 0.000000000000000e+00
8.750000000000000e-01 4.375000000000000e-01 0.000000000000000e+00
9.062500000000000e-01 4.375000000000000e-01 0.000000000000000e+00
9.062500000000000e-01 4.687500000000000e-01 0.000000000000000e+00
8.750000000000000e-01 4.687500000000000e-01 0.000000000000000e+00
9.062500000000000e-01 4.375000000000000e-01 0.000000000000000e+00
9.375000000000000e-01 4.375000000000000e-01 0.000000000000000e+00
9.375000000000000e-01 4.687500000000000e-01 0.000000000000000e+00
9.062500000000000e-01 4.687500000000000e-01 0.000000000000000e+00
9.375000000000000e-01 4.375000000000000e-01 0.000000000000000e+00
9.687500000000000e-01 4.375000000000000e-01 0.000000000000000e+00
9.687500000000000e-01 4.687500000000000e-01 0.000000000000000e+00
9.375000000000000e-01 4.687500000000000e-01 0.000000000000000e+00
9.687500000000000e-01 4.375000000000000e-01 0.000000000000000e+00
1.000000000000000e+00 4.375000000000000e-01 0.000000000000000e+00
1.000000000000000e+00 4.687500000000000e-01 0.000000000000000e+00
9.687500000000000e-01 4.687500000000000e-01 0.000000000000000e+00
0.000000000000000e+00 4.687500000000000e-01 0.000000000000000e+00
3.125000000000000e-02 4.687500000000000e-01 0.000000000000000e+00
3.125000000000000e-02 5.000000000000000e-01 0.000000000000000e+00
0.000000000000000e+00 5.000000000000000e-01 0.000000000000000e+00
3.125000000000000e-02 4.687500000000000e-01 0.000000000000000e+00
6.250000000000000e-02 4.687500000000000e-01 0.000000000000000e+00
6.250000000000000e-02 5.000000000000000e-01 0.000000000000000e+00
3.125000000000000e-02 5.000000000000000e-01 0.000000000000000e+00
6.250000000000000e-02 4.687500000000000e-01 0.000000000000000e+00
9.375000000000000e-02 4.687500000000000e-01 0.000000000000000e+00
9.375000000000000e-02 5.000000000000000e-01 0.000000000000000e+00
6.250000000000000e-02 5.000000000000000e-01 0.000000000000000e+00
9.375000000000000e-02 4.687500000000000e-01 0.000000000000000e+00
1.250000000000000e-01 4.687500000000000e-01 0.000000000000000e+00
1.250000000000000e-01 5.000000000000000e-01 0.000000000000000e+00
9.375000000000000e-02 5.000000000000000e-01 0.000000000000000e+00
1.250000000000000e-01 4.687500000000000e-01 0.000000000000000e+00
1.562500000000000e-01 4.687500000000000e-01 0.000000000000000e+00
1.562500000000000e-01 5.000000000000000e-01 0.000000000000000e+00
1.250000000000000e-01 5.000000000000000e-01 0.000000000000000e+00
1.562500000000000e-01 4.687500000000000e-01 0.000000000000000e+00
1.875000000000000e-01 4.687500000000000e-01 0.000000000000000e+00
1.875000000000000e-01 5.000000000000000e-01 0.000000000000000e+00
1.562500000000000e-01 5.000000000000000e-01 0.000000000000000e+00
1.875000000000000e-01 4.687500000000000e-01 0.000000000000000e+00
2.187500000000000e-01 4.687500000000000e-01 0.000000000000000e+00
2.187500000000000e-01 5.000000000000000e-01 0.000000000000000e+00
1.875000000000000e-01 5.000000000000000e-01 0.000000000000000e+00
2.187500000000000e-01 4.687500000000000e-01 0.000000000000000e+00
2.500000000000000e-01 4.687500000000000e-01 0.000000000000000e+00
2.500000000000000e-01 5.000000000000000e-01 0.000000000000000e+00
2.187500000000000e-01 5.000000000000000e-01 0.000000000000000e+00
2.500000000000000e-01 4.687500000000000e-01 0.000000000000000e+00
2.812500000000000e-01 4.687500000000000e-01 0.000000000000000e+00
2.812500000000000e-01 5.000000000000000e-01 0.000000000000000e+00
2.500000000000000e-01 5.000000000000000e-01 0.000000000000000e+00
2.812500000000000e-01 4.687500000000000e-01 0.000000000000000e+00
3.125000000000000e-01 4.687500000000000e-01 0.000000000000000e+00
3.125000000000000e-01 5.000000000000000e-01 0.000000000000000e+00
2.812500000000000e-01 5.000000000000000e-01 0.000000000000000e+00
3.125000000000000e-01 4.687500000000000e-01 0.000000000000000e+00
3.437500000000000e-01 4.687500000000000e-01 0.000000000000000e+00
3.437500000000000e-01 5.000000000000000e-01 0.000000000000000e+00
3.125000000000000e-01 5.000000000000000e-01 0.000000000000000e+00
3.437500000000000e-01 4.687500000000000e-01 0.000000000000000e+00
3.750000000000000e-01 4.687500000000000e-01 0.000000000000000e+00
3.750000000000000e-01 5.000000000000000e-01 0.000000000000000e+00
3.437500000000000e-01 5.000000000000000e-01 0.000000000000000e+00
3.750000000000000e-01 4.687500000000000e-01 0.000000000000000e+00
4.062500000000000e-01 4.687500000000000e-01 0.000000000000000e+00
4.062500000000000e-01 5.000000000000000e-01 0.000000000000000e+00
3.750000000000000e-01 5.000000000000000e-01 0.000000000000000e+00
4.062500000000000e-01 4.687500000000000e-01 0.000000000000000e+00
4.375000000000000e-01 4.687500000000000e-01 0.000000000000000e+00
4.375000000000000e-01 5.000000000000000e-01 0.000000000000000e+00
4.062500000000000e-01 5.000000000000000e-01 0.000000000000000e+00
4.375000000000000e-01 4.687500000000000e-01 0.000000000000000e+00
4.687500000000000e-01 4.687500000000000e-01 0.000000000000000e+00
4.687500000000000e-01 5.000000000000000e-01 0.000000000000000e+00
4.375000000000000e-01 5.000000000000000e-01 0.000000000000000e+00
4.687500000000000e-01 4.687500000000000e-01 0.000000000000000e+00
5.000000000000000e-01 4.687500000000000e-01 0.000000000000000e+00
5.000000000000000e-01 5.000000000000000e-01 0.000000000000000e+00
4.687500000000000e-01 5.000000000000000e-01 0.000000000000000e+00
5.000000000000000e-01 4.687500000000000e-01 0.000000000000000e+00
5.312500000000000e-01 4.687500000000000e-01 0.000000000000000e+00
5.312500000000000e-01 5.000000000000000e-01 0.000000000000000e+00
5.000000000000000e-01 5.000000000000000e-01 0.000000000000000e+00
5.312500000000000e-01 4.687500000000000e-01 0.000000000000000e+00
5.625000000000000e-01 4.687500000000000e-01 0.000000000000000e+00
5.625000000000000e-01 5.000000000000000e-01 0.000000000000000e+00
5.312500000000000e-01 5.000000000000000e-01 0.000000000000000e+00
5.625000000000000e-01 4.687500000000000e-01 0.000000000000000e+00
5.937500000000000e-01 4.687500000000000e-01 0.000000000000000e+00
5.937500000000000e-01 5.000000000000000e-01 0.000000000000000e+00
5.625000000000000e-01 5.000000000000000e-01 0.000000000000000e+00
5.937500000000000e-01 4.687500000000000e-01 0.000000000000000e+00
6.250000000000000e-01 4.687500000000000e-01 0.000000000000000e+00
6.250000000000000e-01 5.000000000000000e-01 0.000000000000000e+00
5.937500000000000e-01 5.000000000000000e-01 0.000000000000000e+00
6.250000000000000e-01 4.687500000000000e-01 0.000000000000000e+00
6.562500000000000e-01 4.687500000000000e-01 0.000000000000000e+00
6.562500000000000e-01 5.000000000000000e-01 0.000000000000000e+00
6.250000000000000e-01 5.000000000000000e-01 0.000000000000000e+00
6.562500000000000e-01 4.687500000000000e-01 0.000000000000000e+00
6.875000000000000e-01 4.687500000000000e-01 0.000000000000000e+00
6.875000000000000e-01 5.000000000000000e-01 0.000000000000000e+00
6.562500000000000e-01 5.000000000000000e-01 0.000000000000000e+00
6.875000000000000e-01 4.687500000000000e-01 0.000000000000000e+00
7.187500000000000e-01 4.687500000000000e-01 0.000000000000000e+00
7.187500000000000e-01 5.000000000000000e-01 0.000000000000000e+00
6.875000000000000e-01 5.000000000000000e-01 0.000000000000000e+00
7.187500000000000e-01 4.687500000000000e-01 0.000000000000000e+00
7.500000000000000e-01 4.687500000000000e-01 0.000000000000000e+00
7.500000000000000e-01 5.000000000000000e-01 0.000000000000000e+00
7.187500000000000e-01 5.000000000000000e-01 0.000000000000000e+00
7.500000000000000e-01 4.687500000000000e-01 0.000000000000000e+00
7.812500000000000e-01 4.687500000000000e-01 0.000000000000000e+00
7.812500000000000e-01 5.000000000000000e-01 0.000000000000000e+00
7.500000000000000e-01 5.000000000000000e-01 0.000000000000000e+00
7.812500000000000e-01 4.687500000000000e-01 0.000000000000000e+00
8.125000000000000e-01 4.687500000000000e-01 0.000000000000000e+00
8.125000000000000e-01 5.000000000000000e-01 0.000000000000000e+00
7.812500000000000e-01 5.000000000000000e-01 0.000000000000000e+00
8.125000000000000e-01 4.687500000000000e-01 0.000000000000000e+00
8.437500000000000e-01 4.687500000000000e-01 0.000000000000000e+00
8.437500000000000e-01 5.000000000000000e-01 0.000000000000000e+00
8.125000000000000e-01 5.000000000000000e-01 0.000000000000000e+00
8.437500000000000e-01 4.687500000000000e-01 0.000000000000000e+00
8.750000000000000e-01 4.687500000000000e-01 0.000000000000000e+00
8.750000000000000e-01 5.000000000000000e-01 0.000000000000000e+00
8.437500000000000e-01 5.000000000000000e-01 0.000000000000000e+00
8.750000000000000e-01 4.687500000000000e-01 0.000000000000000e+00
9.062500000000000e-01 4.687500000000000e-01 0.000000000000000e+00
9.062500000000000e-01 5.000000000000000e-01 0.000000000000000e+00
8.750000000000000e-01 5.000000000000000e-01 0.000000000000000e+00
9.062500000000000e-01 4.687500000000000e-01 0.000000000000000e+00
9.375000000000000e-01 4.687500000000000e-01 0.000000000000000e+00
9.375000000000000e-01 5.000000000000000e-01 0.000000000000000e+00
9.062500000000000e-01 5.000000000000000e-01 0.000000000000000e+00
9.375000000000000e-01 4.687500000000000e-01 0.000000000000000e+00
9.687500000000000e-01 4.687500000000000e-01 0.000000000000000e+00
9.687500000000000e-01 5.000000000000000e-01 0.000000000000000e+00
9.375000000000000e-01 5.000000000000000e-01 0.000000000000000e+00
9.687500000000000e-01 4.687500000000000e-01 0.000000000000000e+00
1.000000000000000e+00 4.687500000000000e-01 0.000000000000000e+00
1.000000000000000e+00 5.000000000000000e-01 0.000000000000000e+00
9.687500000000000e-01 5.000000000000000e-01 0.000000000000000e+00
0.000000000000000e+00 5.000000000000000e-01 0.000000000000000e+00
3.125000000000000e-02 5.000000000000000e-01 0.000000000000000e+00
3.125000000000000e-02 5.312500000000000e-01 0.000000000000000e+00
0.000000000000000e+00 5.312500000000000e-01 0.000000000000000e+00
3.125000000000000e-02 5.000000000000000e-01 0.000000000000000e+00
6.250000000000000e-02 5.000000000000000e-01 0.000000000000000e+00
6.250000000000000e-02 5.312500000000000e-01 0.000000000000000e+00
3.125000000000000e-02 5.312500000000000e-01 0.000000000000000e+00
6.250000000000000e-02 5.000000000000000e-01 0.000000000000000e+00
9.375000000000000e-02 5.000000000000000e-01 0.000000000000000e+00
9.375000000000000e-02 5.312500000000000e-01 0.000000000000000e+00
6.250000000000000e-02 5.312500000000000e-01 0.000000000000000e+00
9.375000000000000e-02 5.000000000000000e-01 0.000000000000000e+00
1.250000000000000e-01 5.000000000000000e-01 0.000000000000000e+00
1.250000000000000e-01 5.312500000000000e-01 0.000000000000000e+00
9.375000000000000e-02 5.312500000000000e-01 0.000000000000000e+00
1.250000000000000e-01 5.000000000000000e-01 0.000000000000000e+00
1.562500000000000e-01 5.000000000000000e-01 0.000000000000000e+00
1.562500000000000e-01 5.312500000000000e-01 0.000000000000000e+00
1.250000000000000e-01 5.312500000000000e-01 0.000000000000000e+00
1.562500000000000e-01 5.000000000000000e-01 0.000000000000000e+00
1.875000000000000e-01 5.000000000000000e-01 0.000000000000000e+00
1.875000000000000e-01 5.312500000000000e-01 0.000000000000000e+00
1.562500000000000e-01 5.312500000000000e-01 0.000000000000000e+00
1.875000000000000e-01 5.000000000000000e-01 0.000000000000000e+00
2.187500000000000e-01 5.000000000000000e-01 0.000000000000000e+00
2.187500000000000e-01 5.312500000000000e-01 0.000000000000000e+00
1.875000000000000e-01 5.312500000000000e-01 0.000000000000000e+00
2.187500000000000e-01 5.000000000000000e-01 0.000000000000000e+00
2.500000000000000e-01 5.000000000000000e-01 0.000000000000000e+00
2.500000000000000e-01 5.312500000000000e-01 0.000000000000000e+00
2.187500000000000e-01 5.312500000000000e-01 0.000000000000000e+00
2.500000000000000e-01 5.000000000000000e-01 0.000000000000000e+00
2.812500000000000e-01 5.000000000000000e-01 0.000000000000000e+00
2.812500000000000e-01 5.312500000000000e-01 0.000000000000000e+00
2.500000000000000e-01 5.312500000000000e-01 0.000000000000000e+00
2.812500000000000e-01 5.000000000000000e-01 0.000000000000000e+00
3.125000000000000e-01 5.000000000000000e-01 0.000000000000000e+00
3.125000000000000e-01 5.312500000000000e-01 0.000000000000000e+00
2.812500000000000e-01 5.312500000000000e-01 0.000000000000000e+00
3.125000000000000e-01 5.000000000000000e-01 0.000000000000000e+00
3.437500000000000e-01 5.000000000000000e-01 0.000000000000000e+00
3.437500000000000e-01 5.312500000000000e-01 0.000000000000000e+00
3.125000000000000e-01 5.312500000000000e-01 0.000000000000000e+00
3.437500000000000e-01 5.000000000000000e-01 0.000000000000000e+00
3.750000000000000e-01 5.000000000000000e-01 0.000000000000000e+00
3.750000000000000e-01 5.312500000000000e-01 0.000000000000000e+00
3.437500000000000e-01 5.312500000000000e-01 0.000000000000000e+00
3.750000000000000e-01 5.000000000000000e-01 0.000000000000000e+00
4.062500000000000e-01 5.000000000000000e-01 0.000000000000000e+00
4.062500000000000e-01 5.312500000000000e-01 0.000000000000000e+00
3.750000000000000e-01 5.312500000000000e-01 0.000000000000000e+00
4.062500000000000e-01 5.000000000000000e-01 0.000000000000000e+00
4.375000000000000e-01 5.000000000000000e-01 0.000000000000000e+00
4.375000000000000e-01 5.312500000000000e-01 0.000000000000000e+00
4.062500000000000e-01 5.312500000000000e-01 0.000000000000000e+00
4.375000000000000e-01 5.000000000000000e-01 0.000000000000000e+00
4.687500000000000e-01 5.000000000000000e-01 0.000000000000000e+00
4.687500000000000e-01 5.312500000000000e-01 0.000000000000000e+00
4.375000000000000e-01 5.312500000000000e-01 0.000000000000000e+00
4.687500000000000e-01 5.000000000000000e-01 0.000000000000000e+00
5.000000000000000e-01 5.000000000000000e-01 0.000000000000000e+00
5.000000000000000e-01 5.312500000000000e-01 0.000000000000000e+00
4.687500000000000e-01 5.312500000000000e-01 0.000000000000000e+00
5.000000000000000e-01 5.000000000000000e-01 0.000000000000000e+00
5.312500000000000e-01 5.000000000000000e-01 0.000000000000000e+00
5.312500000000000e-01 5.312500000000000e-01 0.000000000000000e+00
5.000000000000000e-01 5.312500000000000e-01 0.000000000000000e+00
5.312500000000000e-01 5.000000000000000e-01 0.000000000000000e+00
5.625000000000000e-01 5.000000000000000e-01 0.000000000000000e+00
5.625000000000000e-01 5.312500000000000e-01 0.000000000000000e+00
5.312500000000000e-01 5.312500000000000e-01 0.000000000000000e+00
5.625000000000000e-01 5.000000000000000e-01 0.000000000000000e+00
5.937500000000000e-01 5.000000000000000e-01 0.000000000000000e+00
5.937500000000000e-01 5.312500000000000e-01 0.000000000000000e+00
5.625000000000000e-01 5.312500000000000e-01 0.000000000000000e+00
5.937500000000000e-01 5.000000000000000e-01 0.000000000000000e+00
6.250000000000000e-01 5.000000000000000e-01 0.000000000000000e+00
6.250000000000000e-01 5.312500000000000e-01 0.000000000000000e+00
5.937500000000000e-01 5.312500000000000e-01 0.000000000000000e+00
6.250000000000000e-01 5.000000000000000e-01 0.000000000000000e+00
6.562500000000000e-01 5.000000000000000e-01 0.000000000000000e+00
6.562500000000000e-01 5.312500000000000e-01 0.000000000000000e+00
6.250000000000000e-01 5.312500000000000e-01 0.000000000000000e+00
6.562500000000000e-01 5.000000000000000e-01 0.000000000000000e+00
6.875000000000000e-01 5.000000000000000e-01 0.000000000000000e+00
6.875000000000000e-01 5.312500000000000e-01 0.000000000000000e+00
6.562500000000000e-01 5.312500000000000e-01 0.000000000000000e+00
6.875000000000000e-01 5.000000000000000e-01 0.000000000000000e+00
7.187500000000000e-01 5.000000000000000e-01 0.000000000000000e+00
7.187500000000000e-01 5.312500000000000e-01 0.000000000000000e+00
6.875000000000000e-01 5.312500000000000e-01 0.000000000000000e+00
7.187500000000000e-01 5.000000000000000e-01 0.000000000000000e+00
7.500000000000000e-01 5.000000000000000e-01 0.000000000000000e+00
7.500000000000000e-01 5.312500000000000e-01 0.000000000000000e+00
7.187500000000000e-01 5.312500000000000e-01 0.000000000000000e+00
7.500000000000000e-01 5.000000000000000e-01 0.000000000000000e+00
7.812500000000000e-01 5.000000000000000e-01 0.000000000000000e+00
7.812500000000000e-01 5.312500000000000e-01 0.000000000000000e+00
7.500000000000000e-01 5.312500000000000e-01 0.000000000000000e+00
7.812500000000000e-01 5.000000000000000e-01 0.000000000000000e+00
8.125000000000000e-01 5.000000000000000e-01 0.000000000000000e+00
8.125000000000000e-01 5.312500000000000e-01 0.000000000000000e+00
7.812500000000000e-01 5.312500000000000e-01 0.000000000000000e+00
8.125000000000000e-01 5.000000000000000e-01 0.000000000000000e+00
8.437500000000000e-01 5.000000000000000e-01 0.000000000000000e+00
8.437500000000000e-01 5.312500000000000e-01 0.000000000000000e+00
8.125000000000000e-01 5.312500000000000e-01 0.000000000000000e+00
8.437500000000000e-01 5.000000000000000e-01 0.000000000000000e+00
8.750000000000000e-01 5.000000000000000e-01 0.000000000000000e+00
8.750000000000000e-01 5.312500000000000e-01 0.000000000000000e+00
8.437500000000000e-01 5.312500000000000e-01 0.000000000000000e+00
8.750000000000000e-01 5.000000000000000e-01 0.000000000000000e+00
9.062500000000000e-01 5.000000000000000e-01 0.000000000000000e+00
9.062500000000000e-01 5.312500000000000e-01 0.000000000000000e+00
8.750000000000000e-01 5.312500000000000e-01 0.000000000000000e+00
9.062500000000000e-01 5.000000000000000e-01 0.000000000000000e+00
9.375000000000000e-01 5.000000000000000e-01 0.000000000000000e+00
9.375000000000000e-01 5.312500000000000e-01 0.000000000000000e+00
9.062500000000000e-01 5.312500000000000e-01 0.000000000000000e+00
9.375000000000000e-01 5.000000000000000e-01 0.000000000000000e+00
9.687500000000000e-01 5.000000000000000e-01 0.000000000000000e+00
9.687500000000000e-01 5.312500000000000e-01 0.000000000000000e+00
9.375000000000000e-01 5.312500000000000e-01 0.000000000000000e+00
9.687500000000000e-01 5.000000000000000e-01 0.000000000000000e+00
1.000000000000000e+00 5.000000000000000e-01 0.000000000000000e+00
1.000000000000000e+00 5.312500000000000e-01 0.000000000000000e+00
9.687500000000000e-01 5.312500000000000e-01 0.000000000000000e+00
0.000000000000000e+00 5.312500000000000e-01 0.000000000000000e+00
3.125000000000000e-02 5.312500000000000e-01 0.000000000000000e+00
3.125000000000000e-02 5.625000000000000e-01 0.000000000000000e+00
0.000000000000000e+00 5.625000000000000e-01 0.000000000000000e+00
3.125000000000000e-02 5.312500000000000e-01 0.000000000000000e+00
6.250000000000000e-02 5.312500000000000e-01 0.000000000000000e+00
6.250000000000000e-02 5.625000000000000e-01 0.000000000000000e+00
3.125000000000000e-02 5.625000000000000e-01 0.000000000000000e+00
6.250000000000000e-02 5.312500000000000e-01 0.000000000000000e+00
9.375000000000000e-02 5.312500000000000e-01 0.000000000000000e+00
9.375000000000000e-02 5.625000000000000e-01 0.000000000000000e+00
6.250000000000000e-02 5.625000000000000e-01 0.000000000000000e+00
9.375000000000000e-02 5.312500000000000e-01 0.000000000000000e+00
1.250000000000000e-01 5.312500000000000e-01 0.000000000000000e+00
1.250000000000000e-01 5.625000000000000e-01 0.000000000000000e+00
9.375000000000000e-02 5.625000000000000e-01 0.000000000000000e+00
1.250000000000000e-01 5.312500000000000e-01 0.000000000000000e+00
1.562500000000000e-01 5.312500000000000e-01 0.000000000000000e+00
1.562500000000000e-01 5.625000000000000e-01 0.000000000000000e+00
1.250000000000000e-01 5.625000000000000e-01 0.000000000000000e+00
1.562500000000000e-01 5.312500000000000e-01 0.000000000000000e+00
1.875000000000000e-01 5.312500000000000e-01 0.000000000000000e+00
1.875000000000000e-01 5.625000000000000e-01 0.000000000000000e+00
1.562500000000000e-01 5.625000000000000e-01 0.000000000000000e+00
1.875000000000000e-01 5.312500000000000e-01 0.000000000000000e+00
2.187500000000000e-01 5.312500000000000e-01 0.000000000000000e+00
2.187500000000000e-01 5.625000000000000e-01 0.000000000000000e+00
1.875000000000000e-01 5.625000000000000e-01 0.000000000000000e+00
2.187500000000000e-01 5.312500000000000e-01 0.000000000000000e+00
2.500000000000000e-01 5.312500000000000e-01 0.000000000000000e+00
2.500000000000000e-01 5.625000000000000e-01 0.000000000000000e+00
2.187500000000000e-01 5.625000000000000e-01 0.000000000000000e+00
2.500000000000000e-01 5.312500000000000e-01 0.000000000000000e+00
2.812500000000000e-01 5.312500000000000e-01 0.000000000000000e+00
2.812500000000000e-01 5.625000000000000e-01 0.000000000000000e+00
2.500000000000000e-01 5.625000000000000e-01 0.000000000000000e+00
2.812500000000000e-01 5.312500000000000e-01 0.000000000000000e+00
3.125000000000000e-01 5.312500000000000e-01 0.000000000000000e+00
3.125000000000000e-01 5.625000000000000e-01 0.000000000000000e+00
2.812500000000000e-01 5.625000000000000e-01 0.000000000000000e+00
3.125000000000000e-01 5.312500000000000e-01 0.000000000000000e+00
3.437500000000000e-01 5.312500000000000e-01 0.000000000000000e+00
3.437500000000000e-01 5.625000000000000e-01 0.000000000000000e+00
3.125000000000000e-01 5.625000000000000e-01 0.000000000000000e+00
3.437500000000000e-01 5.312500000000000e-01 0.000000000000000e+00
3.750000000000000e-01 5.312500000000000e-01 0.000000000000000e+00
3.750000000000000e-01 5.625000000000000e-01 0.000000000000000e+00
3.437500000000000e-01 5.625000000000000e-01 0.000000000000000e+00
3.750000000000000e-01 5.312500000000000e-01 0.000000000000000e+00
4.062500000000000e-01 5.312500000000000e-01 0.000000000000000e+00
4.062500000000000e-01 5.625000000000000e-01 0.000000000000000e+00
3.750000000000000e-01 5.625000000000000e-01 0.000000000000000e+00
4.062500000000000e-01 5.312500000000000e-01 0.000000000000000e+00
4.375000000000000e-01 5.312500000000000e-01 0.000000000000000e+00
4.375000000000000e-01 5.625000000000000e-01 0.000000000000000e+00
4.062500000000000e-01 5.625000000000000e-01 0.000000000000000e+00
4.375000000000000e-01 5.312500000000000e-01 0.000000000000000e+00
4.687500000000000e-01 5.312500000000000e-01 0.000000000000000e+00
4.687500000000000e-01 5.625000000000000e-01 0.000000000000000e+00
4.375000000000000e-01 5.625000000000000e-01 0.000000000000000e+00
4.687500000000000e-01 5.312500000000000e-01 0.000000000000000e+00
5.000000000000000e-01 5.312500000000000e-01 0.000000000000000e+00
5.000000000000000e-01 5.625000000000000e-01 0.000000000000000e+00
4.687500000000000e-01 5.625000000000000e-01 0.000000000000000e+00
5.000000000000000e-01 5.312500000000000e-01 0.000000000000000e+00
5.312500000000000e-01 5.312500000000000e-01 0.000000000000000e+00
5.312500000000000e-01 5.625000000000000e-01 0.000000000000000e+00
5.000000000000000e-01 5.625000000000000e-01 0.000000000000000e+00
5.312500000000000e-01 5.312500000000000e-01 0.000000000000000e+00
5.625000000000000e-01 5.312500000000000e-01 0.000000000000000e+00
5.625000000000000e-01 5.625000000000000e-01 0.000000000000000e+00
5.312500000000000e-01 5.625000000000000e-01 0.000000000000000e+00
5.625000000000000e-01 5.312500000000000e-01 0.000000000000000e+00
5.937500000000000e-01 5.312500000000000e-01 0.000000000000000e+00
5.937500000000000e-01 5.625000000000000e-01 0.000000000000000e+00
5.625000000000000e-01 5.625000000000000e-01 0.000000000000000e+00
5.937500000000000e-01 5.312500000000000e-01 0.000000000000000e+00
6.250000000000000e-01 5.312500000000000e-01 0.000000000000000e+00
6.250000000000000e-01 5.625000000000000e-01 0.000000000000000e+00
5.937500000000000e-01 5.625000000000000e-01 0.000000000000000e+00
6.250000000000000e-01 5.312500000000000e-01 0.000000000000000e+00
6.562500000000000e-01 5.312500000000000e-01 0.000000000000000e+00
6.562500000000000e-01 5.625000000000000e-01 0.000000000000000e+00
6.250000000000000e-01 5.625000000000000e-01 0.000000000000000e+00
6.562500000000000e-01 5.312500000000000e-01 0.000000000000000e+00
6.875000000000000e-01 5.312500000000000e-01 0.000000000000000e+00
6.875000000000000e-01 5.625000000000000e-01 0.000000000000000e+00
6.562500000000000e-01 5.625000000000000e-01 0.000000000000000e+00
6.875000000000000e-01 5.312500000000000e-01 0.000000000000000e+00
7.187500000000000e-01 5.312500000000000e-01 0.000000000000000e+00
7.187500000000000e-01 5.625000000000000e-01 0.000000000000000e+00
6.875000000000000e-01 5.625000000000000e-01 0.000000000000000e+00
7.187500000000000e-01 5.312500000000000e-01 0.000000000000000e+00
7.500000000000000e-01 5.312500000000000e-01 0.000000000000000e+00
7.500000000000000e-01 5.625000000000000e-01 0.000000000000000e+00
7.187500000000000e-01 5.625000000000000e-01 0.000000000000000e+00
7.500000000000000e-01 5.312500000000000e-01 0.000000000000000e+00
7.812500000000000e-01 5.312500000000000e-01 0.000000000000000e+00
7.812500000000000e-01 5.625000000000000e-01 0.000000000000000e+00
7.500000000000000e-01 5.625000000000000e-01 0.000000000000000e+00
7.812500000000000e-01 5.312500000000000e-01 0.000000000000000e+00
8.125000000000000e-01 5.312500000000000e-01 0.000000000000000e+00
8.125000000000000e-01 5.625000000000000e-01 0.000000000000000e+00
7.812500000000000e-01 5.625000000000000e-01 0.000000000000000e+00
8.125000000000000e-01 5.312500000000000e-01 0.000000000000000e+00
8.437500000000000e-01 5.312500000000000e-01 0.000000000000000e+00
8.437500000000000e-01 5.625000000000000e-01 0.000000000000000e+00
8.125000000000000e-01 5.625000000000000e-01 0.000000000000000e+00
8.437500000000000e-01 5.312500000000000e-01 0.000000000000000e+00
8.750000000000000e-01 5.312500000000000e-01 0.000000000000000e+00
8.750000000000000e-01 5.625000000000000e-01 0.000000000000000e+00
8.437500000000000e-01 5.625000000000000e-01 0.000000000000000e+00
8.750000000000000e-01 5.312500000000000e-01 0.000000000000000e+00
9.062500000000000e-01 5.312500000000000e-01 0.000000000000000e+00
9.062500000000000e-01 5.625000000000000e-01 0.000000000000000e+00
8.750000000000000e-01 5.625000000000000e-01 0.000000000000000e+00
9.062500000000000e-01 5.312500000000000e-01 0.000000000000000e+00
9.375000000000000e-01 5.312500000000000e-01 0.000000000000000e+00
9.375000000000000e-01 5.625000000000000e-01 0.000000000000000e+00
9.062500000000000e-01 5.625000000000000e-01 0.000000000000000e+00
9.375000000000000e-01 5.312500000000000e-01 0.000000000000000e+00
9.687500000000000e-01 5.312500000000000e-01 0.000000000000000e+00
9.687500000000000e-01 5.625000000000000e-01 0.000000000000000e+00
9.375000000000000e-01 5.625000000000000e-01 0.000000000000000e+00
9.687500000000000e-01 5.312500000000000e-01 0.000000000000000e+00
1.000000000000000e+00 5.312500000000000e-01 0.000000000000000e+00
1.000000000000000e+00 5.625000000000000e-01 0.000000000000000e+00
9.687500000000000e-01 5.625000000000000e-01 0.000000000000000e+00
0.000000000000000e+00 5.625000000000000e-01 0.000000000000000e+00
3.125000000000000e-02 5.625000000000000e-01 0.000000000000000e+00
3.125000000000000e-02 5.937500000000000e-01 0.000000000000000e+00
0.000000000000000e+00 5.937500000000000e-01 0.000000000000000e+00
3.125000000000000e-02 5.625000000000000e-01 0.000000000000000e+00
6.250000000000000e-02 5.625000000000000e-01 0.000000000000000e+00
6.250000000000000e-02 5.937500000000000e-01 0.000000000000000e+00
3.125000000000000e-02 5.937500000000000e-01 0.000000000000000e+00
6.250000000000000e-02 5.625000000000000e-01 0.000000000000000e+00
9.375000000000000e-02 5.625000000000000e-01 0.000000000000000e+00
9.375000000000000e-02 5.937500000000000e-01 0.000000000000000e+00
6.250000000000000e-02 5.937500000000000e-01 0.000000000000000e+00
9.375000000000000e-02 5.625000000000000e-01 0.000000000000000e+00
1.250000000000000e-01 5.625000000000000e-01 0.000000000000000e+00
1.250000000000000e-01 5.937500000000000e-01 0.000000000000000e+00
9.375000000000000e-02 5.937500000000000e-01 0.000000000000000e+00
1.250000000000000e-01 5.625000000000000e-01 0.000000000000000e+00
1.562500000000000e-01 5.625000000000000e-01 0.000000000000000e+00
1.562500000000000e-01 5.937500000000000e-01 0.000000000000000e+00
1.250000000000000e-01 5.937500000000000e-01 0.000000000000000e+00
1.562500000000000e-01 5.625000000000000e-01 0.000000000000000e+00
1.875000000000000e-01 5.625000000000000e-01 0.000000000000000e+00
1.875000000000000e-01 5.937500000000000e-01 0.000000000000000e+00
1.562500000000000e-01 5.937500000000000e-01 0.000000000000000e+00
1.875000000000000e-01 5.625000000000000e-01 0.000000000000000e+00
2.187500000000000e-01 5.625000000000000e-01 0.000000000000000e+00
2.187500000000000e-01 5.937500000000000e-01 0.000000000000000e+00
1.875000000000000e-01 5.937500000000000e-01 0.000000000000000e+00
2.187500000000000e-01 5.625000000000000e-01 0.000000000000000e+00
2.500000000000000e-01 5.625000000000000e-01 0.000000000000000e+00
2.500000000000000e-01 5.937500000000000e-01 0.000000000000000e+00
2.187500000000000e-01 5.937500000000000e-01 0.000000000000000e+00
2.500000000000000e-01 5.625000000000000e-01 0.000000000000000e+00
2.812500000000000e-01 5.625000000000000e-01 0.000000000000000e+00
2.812500000000000e-01 5.937500000000000e-01 0.000000000000000e+00
2.500000000000000e-01 5.937500000000000e-01 0.000000000000000e+00
2.812500000000000e-01 5.625000000000000e-01 0.000000000000000e+00
3.125000000000000e-01 5.625000000000000e-01 0.000000000000000e+00
3.125000000000000e-01 5.937500000000000e-01 0.000000000000000e+00
2.812500000000000e-01 5.937500000000000e-01 0.000000000000000e+00
3.125000000000000e-01 5.625000000000000e-01 0.000000000000000e+00
3.437500000000000e-01 5.625000000000000e-01 0.000000000000000e+00
3.437500000000000e-01 5.937500000000000e-01 0.000000000000000e+00
3.125000000000000e-01 5.937500000000000e-01 0.000000000000000e+00
3.437500000000000e-01 5.625000000000000e-01 0.000000000000000e+00
3.750000000000000e-01 5.625000000000000e-01 0.000000000000000e+00
3.750000000000000e-01 5.937500000000000e-01 0.000000000000000e+00
3.437500000000000e-01 5.937500000000000e-01 0.000000000000000e+00
3.750000000000000e-01 5.625000000000000e-01 0.000000000000000e+00
4.062500000000000e-01 5.625000000000000e-01 0.000000000000000e+00
4.062500000000000e-01 5.937500000000000e-01 0.000000000000000e+00
3.750000000000000e-01 5.937500000000000e-01 0.000000000000000e+00
4.062500000000000e-01 5.625000000000000e-01 0.000000000000000e+00
4.375000000000000e-01 5.625000000000000e-01 0.000000000000000e+00
4.375000000000000e-01 5.937500000000000e-01 0.000000000000000e+00
4.062500000000000e-01 5.937500000000000e-01 0.000000000000000e+00
4.375000000000000e-01 5.625000000000000e-01 0.000000000000000e+00
4.687500000000000e-01 5.625000000000000e-01 0.000000000000000e+00
4.687500000000000e-01 5.937500000000000e-01 0.000000000000000e+00
4.375000000000000e-01 5.937500000000000e-01 0.000000000000000e+00
4.687500000000000e-01 5.625000000000000e-01 0.000000000000000e+00
5.000000000000000e-01 5.625000000000000e-01 0.000000000000000e+00
5.000000000000000e-01 5.937500000000000e-01 0.000000000000000e+00
4.687500000000000e-01 5.937500000000000e-01 0.000000000000000e+00
5.000000000000000e-01 5.625000000000000e-01 0.000000000000000e+00
5.312500000000000e-01 5.625000000000000e-01 0.000000000000000e+00
5.312500000000000e-01 5.937500000000000e-01 0.000000000000000e+00
5.000000000000000e-01 5.937500000000000e-01 0.000000000000000e+00
5.312500000000000e-01 5.625000000000000e-01 0.000000000000000e+00
5.625000000000000e-01 5.625000000000000e-01 0.000000000000000e+00
5.625000000000000e-01 5.937500000000000e-01 0.000000000000000e+00
5.312500000000000e-01 5.937500000000000e-01 0.000000000000000e+00
5.625000000000000e-01 5.625000000000000e-01 0.000000000000000e+00
5.937500000000000e-01 5.625000000000000e-01 0.000000000000000e+00
5.937500000000000e-01 5.937500000000000e-01 0.000000000000000e+00
5.625000000000000e-01 5.937500000000000e-01 0.000000000000000e+00
5.937500000000000e-01 5.625000000000000e-01 0.000000000000000e+00
6.250000000000000e-01 5.625000000000000e-01 0.000000000000000e+00
6.250000000000000e-01 5.937500000000000e-01 0.000000000000000e+00
5.937500000000000e-01 5.937500000000000e-01 0.000000000000000e+00
6.250000000000000e-01 5.625000000000000e-01 0.000000000000000e+00
6.562500000000000e-01 5.625000000000000e-01 0.000000000000000e+00
6.562500000000000e-01 5.937500000000000e-01 0.000000000000000e+00
6.250000000000000e-01 5.937500000000000e-01 0.000000000000000e+00
6.562500000000000e-01 5.625000000000000e-01 0.000000000000000e+00
6.875000000000000e-01 5.625000000000000e-01 0.000000000000000e+00
6.875000000000000e-01 5.937500000000000e-01 0.000000000000000e+00
6.562500000000000e-01 5.937500000000000e-01 0.000000000000000e+00
6.875000000000000e-01 5.625000000000000e-01 0.000000000000000e+00
7.187500000000000e-01 5.625000000000000e-01 0.000000000000000e+00
7.187500000000000e-01 5.937500000000000e-01 0.000000000000000e+00
6.875000000000000e-01 5.937500000000000e-01 0.000000000000000e+00
7.187500000000000e-01 5.625000000000000e-01 0.000000000000000e+00
7.500000000000000e-01 5.625000000000000e-01 0.000000000000000e+00
7.500000000000000e-01 5.937500000000000e-01 0.000000000000000e+00
7.187500000000000e-01 5.937500000000000e-01 0.000000000000000e+00
7.500000000000000e-01 5.625000000000000e-01 0.000000000000000e+00
7.812500000000000e-01 5.625000000000000e-01 0.000000000000000e+00
7.812500000000000e-01 5.937500000000000e-01 0.000000000000000e+00
7.500000000000000e-01 5.937500000000000e-01 0.000000000000000e+00
7.812500000000000e-01 5.625000000000000e-01 0.000000000000000e+00
8.125000000000000e-01 5.625000000000000e-01 0.000000000000000e+00
8.125000000000000e-01 5.937500000000000e-01 0.000000000000000e+00
7.812500000000000e-01 5.937500000000000e-01 0.000000000000000e+00
8.125000000000000e-01 5.625000000000000e-01 0.000000000000000e+00
8.437500000000000e-01 5.625000000000000e-01 0.000000000000000e+00
8.437500000000000e-01 5.937500000000000e-01 0.000000000000000e+00
8.125000000000000e-01 5.937500000000000e-01 0.000000000000000e+00
8.437500000000000e-01 5.625000000000000e-01 0.000000000000000e+00
8.750000000000000e-01 5.625000000000000e-01 0.000000000000000e+00
8.750000000000000e-01 5.937500000000000e-01 0.000000000000000e+00
8.437500000000000e-01 5.937500000000000e-01 0.000000000000000e+00
8.750000000000000e-01 5.625000000000000e-01 0.000000000000000e+00
9.062500000000000e-01 5.625000000000000e-01 0.000000000000000e+00
9.062500000000000e-01 5.937500000000000e-01 0.000000000000000e+00
8.750000000000000e-01 5.937500000000000e-01 0.000000000000000e+00
9.062500000000000e-01 5.625000000000000e-01 0.000000000000000e+00
9.375000000000000e-01 5.625000000000000e-01 0.000000000000000e+00
9.375000000000000e-01 5.937500000000000e-01 0.000000000000000e+00
9.062500000000000e-01 5.937500000000000e-01 0.000000000000000e+00
9.375000000000000e-01 5.625000000000000e-01 0.000000000000000e+00
9.687500000000000e-01 5.625000000000000e-01 0.000000000000000e+00
9.687500000000000e-01 5.937500000000000e-01 0.000000000000000e+00
9.375000000000000e-01 5.937500000000000e-01 0.000000000000000e+00
9.687500000000000e-01 5.625000000000000e-01 0.000000000000000e+00
1.000000000000000e+00 5.625000000000000e-01 0.000000000000000e+00
1.000000000000000e+00 5.937500000000000e-01 0.000000000000000e+00
9.687500000000000e-01 5.937500000000000e-01 0.000000000000000e+00
0.000000000000000e+00 5.937500000000000e-01 0.000000000000000e+00
3.125000000000000e-02 5.937500000000000e-01 0.000000000000000e+00
3.125000000000000e-02 6.250000000000000e-01 0.000000000000000e+00
0.000000000000000e+00 6.250000000000000e-01 0.000000000000000e+00
3.125000000000000e-02 5.937500000000000e-01 0.000000000000000e+00
6.250000000000000e-02 5.937500000000000e-01 0.000000000000000e+00
6.250000000000000e-02 6.250000000000000e-01 0.000000000000000e+00
3.125000000000000e-02 6.250000000000000e-01 0.000000000000000e+00
6.250000000000000e-02 5.937500000000000e-01 0.000000000000000e+00
9.375000000000000e-02 5.937500000000000e-01 0.000000000000000e+00
9.375000000000000e-02 6.250000000000000e-01 0.000000000000000e+00
6.250000000000000e-02 6.250000000000000e-01 0.000000000000000e+00
9.375000000000000e-02 5.937500000000000e-01 0.000000000000000e+00
1.250000000000000e-01 5.937500000000000e-01 0.000000000000000e+00
1.250000000000000e-01 6.250000000000000e-01 0.000000000000000e+00
9.375000000000000e-02 6.250000000000000e-01 0.000000000000000e+00
1.250000000000000e-01 5.937500000000000e-01 0.000000000000000e+00
1.562500000000000e-01 5.937500000000000e-01 0.000000000000000e+00
1.562500000000000e-01 6.250000000000000e-01 0.000000000000000e+00
1.250000000000000e-01 6.250000000000000e-01 0.000000000000000e+00
1.562500000000000e-01 5.937500000000000e-01 0.000000000000000e+00
1.875000000000000e-01 5.937500000000000e-01 0.000000000000000e+00
1.875000000000000e-01 6.250000000000000e-01 0.000000000000000e+00
1.562500000000000e-01 6.250000000000000e-01 0.000000000000000e+00
1.875000000000000e-01 5.937500000000000e-01 0.000000000000000e+00
2.187500000000000e-01 5.937500000000000e-01 0.000000000000000e+00
2.187500000000000e-01 6.250000000000000e-01 0.000000000000000e+00
1.875000000000000e-01 6.250000000000000e-01 0.000000000000000e+00
2.187500000000000e-01 5.937500000000000e-01 0.000000000000000e+00
2.500000000000000e-01 5.937500000000000e-01 0.000000000000000e+00
2.500000000000000e-01 6.250000000000000e-01 0.000000000000000e+00
2.187500000000000e-01 6.250000000000000e-01 0.000000000000000e+00
2.500000000000000e-01 5.937500000000000e-01 0.000000000000000e+00
2.812500000000000e-01 5.937500000000000e-01 0.000000000000000e+00
2.812500000000000e-01 6.250000000000000e-01 0.000000000000000e+00
2.500000000000000e-01 6.250000000000000e-01 0.000000000000000e+00
2.812500000000000e-01 5.937500000000000e-01 0.000000000000000e+00
3.125000000000000e-01 5.937500000000000e-01 0.000000000000000e+00
3.125000000000000e-01 6.250000000000000e-01 0.000000000000000e+00
2.812500000000000e-01 6.250000000000000e-01 0.000000000000000e+00
3.125000000000000e-01 5.937500000000000e-01 0.000000000000000e+00
3.437500000000000e-01 5.937500000000000e-01 0.000000000000000e+00
3.437500000000000e-01 6.250000000000000e-01 0.000000000000000e+00
3.125000000000000e-01 6.250000000000000e-01 0.000000000000000e+00
3.437500000000000e-01 5.937500000000000e-01 0.000000000000000e+00
3.750000000000000e-01 5.937500000000000e-01 0.000000000000000e+00
3.750000000000000e-01 6.250000000000000e-01 0.000000000000000e+00
3.437500000000000e-01 6.250000000000000e-01 0.000000000000000e+00
3.750000000000000e-01 5.937500000000000e-01 0.000000000000000e+00
4.062500000000000e-01 5.937500000000000e-01 0.000000000000000e+00
4.062500000000000e-01 6.250000000000000e-01 0.000000000000000e+00
3.750000000000000e-01 6.250000000000000e-01 0.000000000000000e+00
4.062500000000000e-01 5.937500000000000e-01 0.000000000000000e+00
4.375000000000000e-01 5.937500000000000e-01 0.000000000000000e+00
4.375000000000000e-01 6.250000000000000e-01 0.000000000000000e+00
4.062500000000000e-01 6.250000000000000e-01 0.000000000000000e+00
4.375000000000000e-01 5.937500000000000e-01 0.000000000000000e+00
4.687500000000000e-01 5.937500000000000e-01 0.000000000000000e+00
4.687500000000000e-01 6.250000000000000e-01 0.000000000000000e+00
4.375000000000000e-01 6.250000000000000e-01 0.000000000000000e+00
4.687500000000000e-01 5.937500000000000e-01 0.000000000000000e+00
5.000000000000000e-01 5.937500000000000e-01 0.000000000000000e+00
5.000000000000000e-01 6.250000000000000e-01 0.000000000000000e+00
4.687500000000000e-01 6.250000000000000e-01 0.000000000000000e+00
5.000000000000000e-01 5.937500000000000e-01 0.000000000000000e+00
5.312500000000000e-01 5.937500000000000e-01 0.000000000000000e+00
5.312500000000000e-01 6.250000000000000e-01 0.000000000000000e+00
5.000000000000000e-01 6.250000000000000e-01 0.000000000000000e+00
5.312500000000000e-01 5.937500000000000e-01 0.000000000000000e+00
5.625000000000000e-01 5.937500000000000e-01 0.000000000000000e+00
5.625000000000000e-01 6.250000000000000e-01 0.000000000000000e+00
5.312500000000000e-01 6.250000000000000e-01 0.000000000000000e+00
5.625000000000000e-01 5.937500000000000e-01 0.000000000000000e+00
5.937500000000000e-01 5.937500000000000e-01 0.000000000000000e+00
5.937500000000000e-01 6.250000000000000e-01 0.000000000000000e+00
5.625000000000000e-01 6.250000000000000e-01 0.000000000000000e+00
5.937500000000000e-01 5.937500000000000e-01 0.000000000000000e+00
6.250000000000000e-01 5.937500000000000e-01 0.000000000000000e+00
6.250000000000000e-01 6.250000000000000e-01 0.000000000000000e+00
5.937500000000000e-01 6.250000000000000e-01 0.000000000000000e+00
6.250000000000000e-01 5.937500000000000e-01 0.000000000000000e+00
6.562500000000000e-01 5.937500000000000e-01 0.000000000000000e+00
6.562500000000000e-01 6.250000000000000e-01 0.000000000000000e+00
6.250000000000000e-01 6.250000000000000e-01 0.000000000000000e+00
6.562500000000000e-01 5.937500000000000e-01 0.000000000000000e+00
6.875000000000000e-01 5.937500000000000e-01 0.000000000000000e+00
6.875000000000000e-01 6.250000000000000e-01 0.000000000000000e+00
6.562500000000000e-01 6.250000000000000e-01 0.000000000000000e+00
6.875000000000000e-01 5.937500000000000e-01 0.000000000000000e+00
7.187500000000000e-01 5.937500000000000e-01 0.000000000000000e+00
7.187500000000000e-01 6.250000000000000e-01 0.000000000000000e+00
6.875000000000000e-01 6.250000000000000e-01 0.000000000000000e+00
7.187500000000000e-01 5.937500000000000e-01 0.000000000000000e+00
7.500000000000000e-01 5.937500000000000e-01 0.000000000000000e+00
7.500000000000000e-01 6.250000000000000e-01 0.000000000000000e+00
7.187500000000000e-01 6.250000000000000e-01 0.000000000000000e+00
7.500000000000000e-01 5.937500000000000e-01 0.000000000000000e+00
7.812500000000000e-01 5.937500000000000e-01 0.000000000000000e+00
7.812500000000000e-01 6.250000000000000e-01 0.000000000000000e+00
7.500000000000000e-01 6.250000000000000e-01 0.000000000000000e+00
7.812500000000000e-01 5.937500000000000e-01 0.000000000000000e+00
8.125000000000000e-01 5.937500000000000e-01 0.000000000000000e+00
8.125000000000000e-01 6.250000000000000e-01 0.000000000000000e+00
7.812500000000000e-01 6.250000000000000e-01 0.000000000000000e+00
8.125000000000000e-01 5.937500000000000e-01 0.000000000000000e+00
8.437500000000000e-01 5.937500000000000e-01 0.000000000000000e+00
8.437500000000000e-01 6.250000000000000e-01 0.000000000000000e+00
8.125000000000000e-01 6.250000000000000e-01 0.000000000000000e+00
8.437500000000000e-01 5.937500000000000e-01 0.000000000000000e+00
8.750000000000000e-01 5.937500000000000e-01 0.000000000000000e+00
8.750000000000000e-01 6.250000000000000e-01 0.000000000000000e+00
8.437500000000000e-01 6.250000000000000e-01 0.000000000000000e+00
8.750000000000000e-01 5.937500000000000e-01 0.000000000000000e+00
9.062500000000000e-01 5.937500000000000e-01 0.000000000000000e+00
9.062500000000000e-01 6.250000000000000e-01 0.000000000000000e+00
8.750000000000000e-01 6.250000000000000e-01 0.000000000000000e+00
9.062500000000000e-01 5.937500000000000e-01 0.000000000000000e+00
9.375000000000000e-01 5.937500000000000e-01 0.000000000000000e+00
9.375000000000000e-01 6.250000000000000e-01 0.000000000000000e+00
9.062500000000000e-01 6.250000000000000e-01 0.000000000000000e+00
9.375000000000000e-01 5.937500000000000e-01 0.000000000000000e+00
9.687500000000000e-01 5.937500000000000e-01 0.000000000000000e+00
9.687500000000000e-01 6.250000000000000e-01 0.000000000000000e+00
9.375000000000000e-01 6.250000000000000e-01 0.000000000000000e+00
9.687500000000000e-01 5.937500000000000e-01 0.000000000000000e+00
1.000000000000000e+00 5.937500000000000e-01 0.000000000000000e+00
1.000000000000000e+00 6.250000000000000e-01 0.000000000000000e+00
9.687500000000000e-01 6.250000000000000e-01 0.000000000000000e+00
0.000000000000000e+00 6.250000000000000e-01 0.000000000000000e+00
3.125000000000000e-02 6.250000000000000e-01 0.000000000000000e+00
3.125000000000000e-02 6.562500000000000e-01 0.000000000000000e+00
0.000000000000000e+00 6.562500000000000e-01 0.000000000000000e+00
3.125000000000000e-02 6.250000000000000e-01 0.000000000000000e+00
6.250000000000000e-02 6.250000000000000e-01 0.000000000000000e+00
6.250000000000000e-02 6.562500000000000e-01 0.000000000000000e+00
3.125000000000000e-02 6.562500000000000e-01 0.000000000000000e+00
6.250000000000000e-02 6.250000000000000e-01 0.000000000000000e+00
9.375000000000000e-02 6.250000000000000e-01 0.000000000000000e+00
9.375000000000000e-02 6.562500000000000e-01 0.000000000000000e+00
6.250000000000000e-02 6.562500000000000e-01 0.000000000000000e+00
9.375000000000000e-02 6.250000000000000e-01 0.000000000000000e+00
1.250000000000000e-01 6.250000000000000e-01 0.000000000000000e+00
1.250000000000000e-01 6.562500000000000e-01 0.000000000000000e+00
9.375000000000000e-02 6.562500000000000e-01 0.000000000000000e+00
1.250000000000000e-01 6.250000000000000e-01 0.000000000000000e+00
1.562500000000000e-01 6.250000000000000e-01 0.000000000000000e+00
1.562500000000000e-01 6.562500000000000e-01 0.000000000000000e+00
1.250000000000000e-01 6.562500000000000e-01 0.000000000000000e+00
1.562500000000000e-01 6.250000000000000e-01 0.000000000000000e+00
1.875000000000000e-01 6.250000000000000e-01 0.000000000000000e+00
1.875000000000000e-01 6.562500000000000e-01 0.000000000000000e+00
1.562500000000000e-01 6.562500000000000e-01 0.000000000000000e+00
1.875000000000000e-01 6.250000000000000e-01 0.000000000000000e+00
2.187500000000000e-01 6.250000000000000e-01 0.000000000000000e+00
2.187500000000000e-01 6.562500000000000e-01 0.000000000000000e+00
1.875000000000000e-01 6.562500000000000e-01 0.000000000000000e+00
2.187500000000000e-01 6.250000000000000e-01 0.000000000000000e+00
2.500000000000000e-01 6.250000000000000e-01 0.000000000000000e+00
2.500000000000000e-01 6.562500000000000e-01 0.000000000000000e+00
2.187500000000000e-01 6.562500000000000e-01 0.000000000000000e+00
2.500000000000000e-01 6.250000000000000e-01 0.000000000000000e+00
2.812500000000000e-01 6.250000000000000e-01 0.000000000000000e+00
2.812500000000000e-01 6.562500000000000e-01 0.000000000000000e+00
2.500000000000000e-01 6.562500000000000e-01 0.000000000000000e+00
2.812500000000000e-01 6.250000000000000e-01 0.000000000000000e+00
3.125000000000000e-01 6.250000000000000e-01 0.000000000000000e+00
3.125000000000000e-01 6.562500000000000e-01 0.000000000000000e+00
2.812500000000000e-01 6.562500000000000e-01 0.000000000000000e+00
3.125000000000000e-01 6.250000000000000e-01 0.000000000000000e+00
3.437500000000000e-01 6.250000000000000e-01 0.000000000000000e+00
3.437500000000000e-01 6.562500000000000e-01 0.000000000000000e+00
3.125000000000000e-01 6.562500000000000e-01 0.000000000000000e+00
3.437500000000000e-01 6.250000000000000e-01 0.000000000000000e+00
3.750000000000000e-01 6.250000000000000e-01 0.000000000000000e+00
3.750000000000000e-01 6.562500000000000e-01 0.000000000000000e+00
3.437500000000000e-01 6.562500000000000e-01 0.000000000000000e+00
3.750000000000000e-01 6.250000000000000e-01 0.000000000000000e+00
4.062500000000000e-01 6.250000000000000e-01 0.000000000000000e+00
4.062500000000000e-01 6.562500000000000e-01 0.000000000000000e+00
3.750000000000000e-01 6.562500000000000e-01 0.000000000000000e+00
4.062500000000000e-01 6.250000000000000e-01 0.000000000000000e+00
4.375000000000000e-01 6.250000000000000e-01 0.000000000000000e+00
4.375000000000000e-01 6.562500000000000e-01 0.000000000000000e+00
4.062500000000000e-01 6.562500000000000e-01 0.000000000000000e+00
4.375000000000000e-01 6.250000000000000e-01 0.000000000000000e+00
4.687500000000000e-01 6.250000000000000e-01 0.000000000000000e+00
4.687500000000000e-01 6.562500000000000e-01 0.000000000000000e+00
4.375000000000000e-01 6.562500000000000e-01 0.000000000000000e+00
4.687500000000000e-01 6.250000000000000e-01 0.000000000000000e+00
5.000000000000000e-01 6.250000000000000e-01 0.000000000000000e+00
5.000000000000000e-01 6.562500000000000e-01 0.000000000000000e+00
4.687500000000000e-01 6.562500000000000e-01 0.000000000000000e+00
5.000000000000000e-01 6.250000000000000e-01 0.000000000000000e+00
5.312500000000000e-01 6.250000000000000e-01 0.000000000000000e+00
5.312500000000000e-01 6.562500000000000e-01 0.000000000000000e+00
5.000000000000000e-01 6.562500000000000e-01 0.000000000000000e+00
5.312500000000000e-01 6.250000000000000e-01 0.000000000000000e+00
5.625000000000000e-01 6.250000000000000e-01 0.000000000000000e+00
5.625000000000000e-01 6.562500000000000e-01 0.000000000000000e+00
5.312500000000000e-01 6.562500000000000e-01 0.000000000000000e+00
5.625000000000000e-01 6.250000000000000e-01 0.000000000000000e+00
5.937500000000000e-01 6.250000000000000e-01 0.000000000000000e+00
5.937500000000000e-01 6.562500000000000e-01 0.000000000000000e+00
5.625000000000000e-01 6.562500000000000e-01 0.000000000000000e+00
5.937500000000000e-01 6.250000000000000e-01 0.000000000000000e+00
6.250000000000000e-01 6.250000000000000e-01 0.000000000000000e+00
6.250000000000000e-01 6.562500000000000e-01 0.000000000000000e+00
5.937500000000000e-01 6.562500000000000e-01 0.000000000000000e+00
6.250000000000000e-01 6.250000000000000e-01 0.000000000000000e+00
6.562500000000000e-01 6.250000000000000e-01 0.000000000000000e+00
6.562500000000000e-01 6.562500000000000e-01 0.000000000000000e+00
6.250000000000000e-01 6.562500000000000e-01 0.000000000000000e+00
6.562500000000000e-01 6.250000000000000e-01 0.000000000000000e+00
6.875000000000000e-01 6.250000000000000e-01 0.000000000000000e+00
6.875000000000000e-01 6.562500000000000e-01 0.000000000000000e+00
6.562500000000000e-01 6.562500000000000e-01 0.000000000000000e+00
6.875000000000000e-01 6.250000000000000e-01 0.000000000000000e+00
7.187500000000000e-01 6.250000000000000e-01 0.000000000000000e+00
7.187500000000000e-01 6.562500000000000e-01 0.000000000000000e+00
6.875000000000000e-01 6.562500000000000e-01 0.000000000000000e+00
7.187500000000000e-01 6.250000000000000e-01 0.000000000000000e+00
7.500000000000000e-01 6.250000000000000e-01 0.000000000000000e+00
7.500000000000000e-01 6.562500000000000e-01 0.000000000000000e+00
7.187500000000000e-01 6.562500000000000e-01 0.000000000000000e+00
7.500000000000000e-01 6.250000000000000e-01 0.000000000000000e+00
7.812500000000000e-01 6.250000000000000e-01 0.000000000000000e+00
7.812500000000000e-01 6.562500000000000e-01 0.000000000000000e+00
7.500000000000000e-01 6.562500000000000e-01 0.000000000000000e+00
7.812500000000000e-01 6.250000000000000e-01 0.000000000000000e+00
8.125000000000000e-01 6.250000000000000e-01 0.000000000000000e+00
8.125000000000000e-01 6.562500000000000e-01 0.000000000000000e+00
7.812500000000000e-01 6.562500000000000e-01 0.000000000000000e+00
8.125000000000000e-01 6.250000000000000e-01 0.000000000000000e+00
8.437500000000000e-01 6.250000000000000e-01 0.000000000000000e+00
8.437500000000000e-01 6.562500000000000e-01 0.000000000000000e+00
8.125000000000000e-01 6.562500000000000e-01 0.000000000000000e+00
8.437500000000000e-01 6.250000000000000e-01 0.000000000000000e+00
8.750000000000000e-01 6.250000000000000e-01 0.000000000000000e+00
8.750000000000000e-01 6.562500000000000e-01 0.000000000000000e+00
8.437500000000000e-01 6.562500000000000e-01 0.000000000000000e+00
8.750000000000000e-01 6.250000000000000e-01 0.000000000000000e+00
9.062500000000000e-01 6.250000000000000e-01 0.000000000000000e+00
9.062500000000000e-01 6.562500000000000e-01 0.000000000000000e+00
8.750000000000000e-01 6.562500000000000e-01 0.000000000000000e+00
9.062500000000000e-01 6.250000000000000e-01 0.000000000000000e+00
9.375000000000000e-01 6.250000000000000e-01 0.000000000000000e+00
9.375000000000000e-01 6.562500000000000e-01 0.000000000000000e+00
9.062500000000000e-01 6.562500000000000e-01 0.000000000000000e+00
9.375000000000000e-01 6.250000000000000e-01 0.000000000000000e+00
9.687500000000000e-01 6.250000000000000e-01 0.000000000000000e+00
9.687500000000000e-01 6.562500000000000e-01 0.000000000000000e+00
9.375000000000000e-01 6.562500000000000e-01 0.000000000000000e+00
9.687500000000000e-01 6.250000000000000e-01 0.000000000000000e+00
1.000000000000000e+00 6.250000000000000e-01 0.000000000000000e+00
1.000000000000000e+00 6.562500000000000e-01 0.000000000000000e+00
9.687500000000000e-01 6.562500000000000e-01 0.000000000000000e+00
0.000000000000000e+00 6.562500000000000e-01 0.000000000000000e+00
3.125000000000000e-02 6.562500000000000e-01 0.000000000000000e+00
3.125000000000000e-02 6.875000000000000e-01 0.000000000000000e+00
0.000000000000000e+00 6.875000000000000e-01 0.000000000000000e+00
3.125000000000000e-02 6.562500000000000e-01 0.000000000000000e+00
6.250000000000000e-02 6.562500000000000e-01 0.000000000000000e+00
6.250000000000000e-02 6.875000000000000e-01 0.000000000000000e+00
3.125000000000000e-02 6.875000000000000e-01 0.000000000000000e+00
6.250000000000000e-02 6.562500000000000e-01 0.000000000000000e+00
9.375000000000000e-02 6.562500000000000e-01 0.000000000000000e+00
9.375000000000000e-02 6.875000000000000e-01 0.000000000000000e+00
6.250000000000000e-02 6.875000000000000e-01 0.000000000000000e+00
9.375000000000000e-02 6.562500000000000e-01 0.000000000000000e+00
1.250000000000000e-01 6.562500000000000e-01 0.000000000000000e+00
1.250000000000000e-01 6.875000000000000e-01 0.000000000000000e+00
9.375000000000000e-02 6.875000000000000e-01 0.000000000000000e+00
1.250000000000000e-01 6.562500000000000e-01 0.000000000000000e+00
1.562500000000000e-01 6.562500000000000e-01 0.000000000000000e+00
1.562500000000000e-01 6.875000000000000e-01 0.000000000000000e+00
1.250000000000000e-01 6.875000000000000e-01 0.000000000000000e+00
1.562500000000000e-01 6.562500000000000e-01 0.000000000000000e+00
1.875000000000000e-01 6.562500000000000e-01 0.000000000000000e+00
1.875000000000000e-01 6.875000000000000e-01 0.000000000000000e+00
1.562500000000000e-01 6.875000000000000e-01 0.000000000000000e+00
1.875000000000000e-01 6.562500000000000e-01 0.000000000000000e+00
2.187500000000000e-01 6.562500000000000e-01 0.000000000000000e+00
2.187500000000000e-01 6.875000000000000e-01 0.000000000000000e+00
1.875000000000000e-01 6.875000000000000e-01 0.000000000000000e+00
2.187500000000000e-01 6.562500000000000e-01 0.000000000000000e+00
2.500000000000000e-01 6.562500000000000e-01 0.000000000000000e+00
2.500000000000000e-01 6.875000000000000e-01 0.000000000000000e+00
2.187500000000000e-01 6.875000000000000e-01 0.000000000000000e+00
2.500000000000000e-01 6.562500000000000e-01 0.000000000000000e+00
2.812500000000000e-01 6.562500000000000e-01 0.000000000000000e+00
2.812500000000000e-01 6.875000000000000e-01 0.000000000000000e+00
2.500000000000000e-01 6.875000000000000e-01 0.000000000000000e+00
2.812500000000000e-01 6.562500000000000e-01 0.000000000000000e+00
3.125000000000000e-01 6.562500000000000e-01 0.000000000000000e+00
3.125000000000000e-01 6.875000000000000e-01 0.000000000000000e+00
2.812500000000000e-01 6.875000000000000e-01 0.000000000000000e+00
3.125000000000000e-01 6.562500000000000e-01 0.000000000000000e+00
3.437500000000000e-01 6.562500000000000e-01 0.000000000000000e+00
3.437500000000000e-01 6.875000000000000e-01 0.000000000000000e+00
3.125000000000000e-01 6.875000000000000e-01 0.000000000000000e+00
3.437500000000000e-01 6.562500000000000e-01 0.000000000000000e+00
3.750000000000000e-01 6.562500000000000e-01 0.000000000000000e+00
3.750000000000000e-01 6.875000000000000e-01 0.000000000000000e+00
3.437500000000000e-01 6.875000000000000e-01 0.000000000000000e+00
3.750000000000000e-01 6.562500000000000e-01 0.000000000000000e+00
4.062500000000000e-01 6.562500000000000e-01 0.000000000000000e+00
4.062500000000000e-01 6.875000000000000e-01 0.000000000000000e+00
3.750000000000000e-01 6.875000000000000e-01 0.000000000000000e+00
4.062500000000000e-01 6.562500000000000e-01 0.000000000000000e+00
4.375000000000000e-01 6.562500000000000e-01 0.000000000000000e+00
4.375000000000000e-01 6.875000000000000e-01 0.000000000000000e+00
4.062500000000000e-01 6.875000000000000e-01 0.000000000000000e+00
4.375000000000000e-01 6.562500000000000e-01 0.000000000000000e+00
4.687500000000000e-01 6.562500000000000e-01 0.000000000000000e+00
4.687500000000000e-01 6.875000000000000e-01 0.000000000000000e+00
4.375000000000000e-01 6.875000000000000e-01 0.000000000000000e+00
4.687500000000000e-01 6.562500000000000e-01 0.000000000000000e+00
5.000000000000000e-01 6.562500000000000e-01 0.000000000000000e+00
5.000000000000000e-01 6.875000000000000e-01 0.000000000000000e+00
4.687500000000000e-01 6.875000000000000e-01 0.000000000000000e+00
5.000000000000000e-01 6.562500000000000e-01 0.000000000000000e+00
5.312500000000000e-01 6.562500000000000e-01 0.000000000000000e+00
5.312500000000000e-01 6.875000000000000e-01 0.000000000000000e+00
5.000000000000000e-01 6.875000000000000e-01 0.000000000000000e+00
5.312500000000000e-01 6.562500000000000e-01 0.000000000000000e+00
5.625000000000000e-01 6.562500000000000e-01 0.000000000000000e+00
5.625000000000000e-01 6.875000000000000e-01 0.000000000000000e+00
5.312500000000000e-01 6.875000000000000e-01 0.000000000000000e+00
5.625000000000000e-01 6.562500000000000e-01 0.000000000000000e+00
5.937500000000000e-01 6.562500000000000e-01 0.000000000000000e+00
5.937500000000000e-01 6.875000000000000e-01 0.000000000000000e+00
5.625000000000000e-01 6.875000000000000e-01 0.000000000000000e+00
5.937500000000000e-01 6.562500000000000e-01 0.000000000000000e+00
6.250000000000000e-01 6.562500000000000e-01 0.000000000000000e+00
6.250000000000000e-01 6.875000000000000e-01 0.000000000000000e+00
5.937500000000000e-01 6.875000000000000e-01 0.000000000000000e+00
6.250000000000000e-01 6.562500000000000e-01 0.000000000000000e+00
6.562500000000000e-01 6.562500000000000e-01 0.000000000000000e+00
6.562500000000000e-01 6.875000000000000e-01 0.000000000000000e+00
6.250000000000000e-01 6.875000000000000e-01 0.000000000000000e+00
6.562500000000000e-01 6.562500000000000e-01 0.000000000000000e+00
6.875000000000000e-01 6.562500000000000e-01 0.000000000000000e+00
6.875000000000000e-01 6.875000000000000e-01 0.000000000000000e+00
6.562500000000000e-01 6.875000000000000e-01 0.000000000000000e+00
6.875000000000000e-01 6.562500000000000e-01 0.000000000000000e+00
7.187500000000000e-01 6.562500000000000e-01 0.000000000000000e+00
7.187500000000000e-01 6.875000000000000e-01 0.000000000000000e+00
6.875000000000000e-01 6.875000000000000e-01 0.000000000000000e+00
7.187500000000000e-01 6.562500000000000e-01 0.000000000000000e+00
7.500000000000000e-01 6.562500000000000e-01 0.000000000000000e+00
7.500000000000000e-01 6.875000000000000e-01 0.000000000000000e+00
7.187500000000000e-01 6.875000000000000e-01 0.000000000000000e+00
7.500000000000000e-01 6.562500000000000e-01 0.000000000000000e+00
7.812500000000000e-01 6.562500000000000e-01 0.000000000000000e+00
7.812500000000000e-01 6.875000000000000e-01 0.000000000000000e+00
7.500000000000000e-01 6.875000000000000e-01 0.000000000000000e+00
7.812500000000000e-01 6.562500000000000e-01 0.000000000000000e+00
8.125000000000000e-01 6.562500000000000e-01 0.000000000000000e+00
8.125000000000000e-01 6.875000000000000e-01 0.000000000000000e+00
7.812500000000000e-01 6.875000000000000e-01 0.000000000000000e+00
8.125000000000000e-01 6.562500000000000e-01 0.000000000000000e+00
8.437500000000000e-01 6.562500000000000e-01 0.000000000000000e+00
8.437500000000000e-01 6.875000000000000e-01 0.000000000000000e+00
8.125000000000000e-01 6.875000000000000e-01 0.000000000000000e+00
8.437500000000000e-01 6.562500000000000e-01 0.000000000000000e+00
8.750000000000000e-01 6.562500000000000e-01 0.000000000000000e+00
8.750000000000000e-01 6.875000000000000e-01 0.000000000000000e+00
8.437500000000000e-01 6.875000000000000e-01 0.000000000000000e+00
8.750000000000000e-01 6.562500000000000e-01 0.000000000000000e+00
9.062500000000000e-01 6.562500000000000e-01 0.000000000000000e+00
9.062500000000000e-01 6.875000000000000e-01 0.000000000000000e+00
8.750000000000000e-01 6.875000000000000e-01 0.000000000000000e+00
9.062500000000000e-01 6.562500000000000e-01 0.000000000000000e+00
9.375000000000000e-01 6.562500000000000e-01 0.000000000000000e+00
9.375000000000000e-01 6.875000000000000e-01 0.000000000000000e+00
9.062500000000000e-01 6.875000000000000e-01 0.000000000000000e+00
9.375000000000000e-01 6.562500000000000e-01 0.000000000000000e+00
9.687500000000000e-01 6.562500000000000e-01 0.000000000000000e+00
9.687500000000000e-01 6.875000000000000e-01 0.000000000000000e+00
9.375000000000000e-01 6.875000000000000e-01 0.000000000000000e+00
9.687500000000000e-01 6.562500000000000e-01 0.000000000000000e+00
1.000000000000000e+00 6.562500000000000e-01 0.000000000000000e+00
1.000000000000000e+00 6.875000000000000e-01 0.000000000000000e+00
9.687500000000000e-01 6.875000000000000e-01 0.000000000000000e+00
0.000000000000000e+00 6.875000000000000e-01 0.000000000000000e+00
3.125000000000000e-02 6.875000000000000e-01 0.000000000000000e+00
3.125000000000000e-02 7.187500000000000e-01 0.000000000000000e+00
0.000000000000000e+00 7.187500000000000e-01 0.000000000000000e+00
3.125000000000000e-02 6.875000000000000e-01 0.000000000000000e+00
6.250000000000000e-02 6.875000000000000e-01 0.000000000000000e+00
6.250000000000000e-02 7.187500000000000e-01 0.000000000000000e+00
3.125000000000000e-02 7.187500000000000e-01 0.000000000000000e+00
6.250000000000000e-02 6.875000000000000e-01 0.000000000000000e+00
9.375000000000000e-02 6.875000000000000e-01 0.000000000000000e+00
9.375000000000000e-02 7.187500000000000e-01 0.000000000000000e+00
6.250000000000000e-02 7.187500000000000e-01 0.000000000000000e+00
9.375000000000000e-02 6.875000000000000e-01 0.000000000000000e+00
1.250000000000000e-01 6.875000000000000e-01 0.000000000000000e+00
1.250000000000000e-01 7.187500000000000e-01 0.000000000000000e+00
9.375000000000000e-02 7.187500000000000e-01 0.000000000000000e+00
1.250000000000000e-01 6.875000000000000e-01 0.000000000000000e+00
1.562500000000000e-01 6.875000000000000e-01 0.000000000000000e+00
1.562500000000000e-01 7.187500000000000e-01 0.000000000000000e+00
1.250000000000000e-01 7.187500000000000e-01 0.000000000000000e+00
1.562500000000000e-01 6.875000000000000e-01 0.000000000000000e+00
1.875000000000000e-01 6.875000000000000e-01 0.000000000000000e+00
1.875000000000000e-01 7.187500000000000e-01 0.000000000000000e+00
1.562500000000000e-01 7.187500000000000e-01 0.000000000000000e+00
1.875000000000000e-01 6.875000000000000e-01 0.000000000000000e+00
2.187500000000000e-01 6.875000000000000e-01 0.000000000000000e+00
2.187500000000000e-01 7.187500000000000e-01 0.000000000000000e+00
1.875000000000000e-01 7.187500000000000e-01 0.000000000000000e+00
2.187500000000000e-01 6.875000000000000e-01 0.000000000000000e+00
2.500000000000000e-01 6.875000000000000e-01 0.000000000000000e+00
2.500000000000000e-01 7.187500000000000e-01 0.000000000000000e+00
2.187500000000000e-01 7.187500000000000e-01 0.000000000000000e+00
2.500000000000000e-01 6.875000000000000e-01 0.000000000000000e+00
2.812500000000000e-01 6.875000000000000e-01 0.000000000000000e+00
2.812500000000000e-01 7.187500000000000e-01 0.000000000000000e+00
2.500000000000000e-01 7.187500000000000e-01 0.000000000000000e+00
2.812500000000000e-01 6.875000000000000e-01 0.000000000000000e+00
3.125000000000000e-01 6.875000000000000e-01 0.000000000000000e+00
3.125000000000000e-01 7.187500000000000e-01 0.000000000000000e+00
2.812500000000000e-01 7.187500000000000e-01 0.000000000000000e+00
3.125000000000000e-01 6.875000000000000e-01 0.000000000000000e+00
3.437500000000000e-01 6.875000000000000e-01 0.000000000000000e+00
3.437500000000000e-01 7.187500000000000e-01 0.000000000000000e+00
3.125000000000000e-01 7.187500000000000e-01 0.000000000000000e+00
3.437500000000000e-01 6.875000000000000e-01 0.000000000000000e+00
3.750000000000000e-01 6.875000000000000e-01 0.000000000000000e+00
3.750000000000000e-01 7.187500000000000e-01 0.000000000000000e+00
3.437500000000000e-01 7.187500000000000e-01 0.000000000000000e+00
3.750000000000000e-01 6.875000000000000e-01 0.000000000000000e+00
4.062500000000000e-01 6.875000000000000e-01 0.000000000000000e+00
4.062500000000000e-01 7.187500000000000e-01 0.000000000000000e+00
3.750000000000000e-01 7.187500000000000e-01 0.000000000000000e+00
4.062500000000000e-01 6.875000000000000e-01 0.000000000000000e+00
4.375000000000000e-01 6.875000000000000e-01 0.000000000000000e+00
4.375000000000000e-01 7.187500000000000e-01 0.000000000000000e+00
4.062500000000000e-01 7.187500000000000e-01 0.000000000000000e+00
4.375000000000000e-01 6.875000000000000e-01 0.000000000000000e+00
4.687500000000000e-01 6.875000000000000e-01 0.000000000000000e+00
4.687500000000000e-01 7.187500000000000e-01 0.000000000000000e+00
4.375000000000000e-01 7.187500000000000e-01 0.000000000000000e+00
4.687500000000000e-01 6.875000000000000e-01 0.000000000000000e+00
5.000000000000000e-01 6.875000000000000e-01 0.000000000000000e+00
5.000000000000000e-01 7.187500000000000e-01 0.000000000000000e+00
4.687500000000000e-01 7.187500000000000e-01 0.000000000000000e+00
5.000000000000000e-01 6.875000000000000e-01 0.000000000000000e+00
5.312500000000000e-01 6.875000000000000e-01 0.000000000000000e+00
5.312500000000000e-01 7.187500000000000e-01 0.000000000000000e+00
5.000000000000000e-01 7.187500000000000e-01 0.000000000000000e+00
5.312500000000000e-01 6.875000000000000e-01 0.000000000000000e+00
5.625000000000000e-01 6.875000000000000e-01 0.000000000000000e+00
5.625000000000000e-01 7.187500000000000e-01 0.000000000000000e+00
5.312500000000000e-01 7.187500000000000e-01 0.000000000000000e+00
5.625000000000000e-01 6.875000000000000e-01 0.000000000000000e+00
5.937500000000000e-01 6.875000000000000e-01 0.000000000000000e+00
5.937500000000000e-01 7.187500000000000e-01 0.000000000000000e+00
5.625000000000000e-01 7.187500000000000e-01 0.000000000000000e+00
5.937500000000000e-01 6.875000000000000e-01 0.000000000000000e+00
6.250000000000000e-01 6.875000000000000e-01 0.000000000000000e+00
6.250000000000000e-01 7.187500000000000e-01 0.000000000000000e+00
5.937500000000000e-01 7.187500000000000e-01 0.000000000000000e+00
6.250000000000000e-01 6.875000000000000e-01 0.000000000000000e+00
6.562500000000000e-01 6.875000000000000e-01 0.000000000000000e+00
6.562500000000000e-01 7.187500000000000e-01 0.000000000000000e+00
6.250000000000000e-01 7.187500000000000e-01 0.000000000000000e+00
6.562500000000000e-01 6.875000000000000e-01 0.000000000000000e+00
6.875000000000000e-01 6.875000000000000e-01 0.000000000000000e+00
6.875000000000000e-01 7.187500000000000e-01 0.000000000000000e+00
6.562500000000000e-01 7.187500000000000e-01 0.000000000000000e+00
6.875000000000000e-01 6.875000000000000e-01 0.000000000000000e+00
7.187500000000000e-01 6.875000000000000e-01 0.000000000000000e+00
7.187500000000000e-01 7.187500000000000e-01 0.000000000000000e+00
6.875000000000000e-01 7.187500000000000e-01 0.000000000000000e+00
7.187500000000000e-01 6.875000000000000e-01 0.000000000000000e+00
7.500000000000000e-01 6.875000000000000e-01 0.000000000000000e+00
7.500000000000000e-01 7.187500000000000e-01 0.000000000000000e+00
7.187500000000000e-01 7.187500000000000e-01 0.000000000000000e+00
7.500000000000000e-01 6.875000000000000e-01 0.000000000000000e+00
7.812500000000000e-01 6.875000000000000e-01 0.000000000000000e+00
7.812500000000000e-01 7.187500000000000e-01 0.000000000000000e+00
7.500000000000000e-01 7.187500000000000e-01 0.000000000000000e+00
7.812500000000000e-01 6.875000000000000e-01 0.000000000000000e+00
8.125000000000000e-01 6.875000000000000e-01 0.000000000000000e+00
8.125000000000000e-01 7.187500000000000e-01 0.000000000000000e+00
7.812500000000000e-01 7.187500000000000e-01 0.000000000000000e+00
8.125000000000000e-01 6.875000000000000e-01 0.000000000000000e+00
8.437500000000000e-01 6.875000000000000e-01 0.000000000000000e+00
8.437500000000000e-01 7.187500000000000e-01 0.000000000000000e+00
8.125000000000000e-01 7.187500000000000e-01 0.000000000000000e+00
8.437500000000000e-01 6.875000000000000e-01 0.000000000000000e+00
8.750000000000000e-01 6.875000000000000e-01 0.000000000000000e+00
8.750000000000000e-01 7.187500000000000e-01 0.000000000000000e+00
8.437500000000000e-01 7.187500000000000e-01 0.000000000000000e+00
8.750000000000000e-01 6.875000000000000e-01 0.000000000000000e+00
9.062500000000000e-01 6.875000000000000e-01 0.000000000000000e+00
9.062500000000000e-01 7.187500000000000e-01 0.000000000000000e+00
8.750000000000000e-01 7.187500000000000e-01 0.000000000000000e+00
9.062500000000000e-01 6.875000000000000e-01 0.000000000000000e+00
9.375000000000000e-01 6.875000000000000e-01 0.000000000000000e+00
9.375000000000000e-01 7.187500000000000e-01 0.000000000000000e+00
9.062500000000000e-01 7.187500000000000e-01 0.000000000000000e+00
9.375000000000000e-01 6.875000000000000e-01 0.000000000000000e+00
9.687500000000000e-01 6.875000000000000e-01 0.000000000000000e+00
9.687500000000000e-01 7.187500000000000e-01 0.000000000000000e+00
9.375000000000000e-01 7.187500000000000e-01 0.000000000000000e+00
9.687500000000000e-01 6.875000000000000e-01 0.000000000000000e+00
1.000000000000000e+00 6.875000000000000e-01 0.000000000000000e+00
1.000000000000000e+00 7.187500000000000e-01 0.000000000000000e+00
9.687500000000000e-01 7.187500000000000e-01 0.000000000000000e+00
0.000000000000000e+00 7.187500000000000e-01 0.000000000000000e+00
3.125000000000000e-02 7.187500000000000e-01 0.000000000000000e+00
3.125000000000000e-02 7.500000000000000e-01 0.000000000000000e+00
0.000000000000000e+00 7.500000000000000e-01 0.000000000000000e+00
3.125000000000000e-02 7.187500000000000e-01 0.000000000000000e+00
6.250000000000000e-02 7.187500000000000e-01 0.000000000000000e+00
6.250000000000000e-02 7.500000000000000e-01 0.000000000000000e+00
3.125000000000000e-02 7.500000000000000e-01 0.000000000000000e+00
6.250000000000000e-02 7.187500000000000e-01 0.000000000000000e+00
9.375000000000000e-02 7.187500000000000e-01 0.000000000000000e+00
9.375000000000000e-02 7.500000000000000e-01 0.000000000000000e+00
6.250000000000000e-02 7.500000000000000e-01 0.000000000000000e+00
9.375000000000000e-02 7.187500000000000e-01 0.000000000000000e+00
1.250000000000000e-01 7.187500000000000e-01 0.000000000000000e+00
1.250000000000000e-01 7.500000000000000e-01 0.000000000000000e+00
9.375000000000000e-02 7.500000000000000e-01 0.000000000000000e+00
1.250000000000000e-01 7.187500000000000e-01 0.000000000000000e+00
1.562500000000000e-01 7.187500000000000e-01 0.000000000000000e+00
1.562500000000000e-01 7.500000000000000e-01 0.000000000000000e+00
1.250000000000000e-01 7.500000000000000e-01 0.000000000000000e+00
1.562500000000000e-01 7.187500000000000e-01 0.000000000000000e+00
1.875000000000000e-01 7.187500000000000e-01 0.000000000000000e+00
1.875000000000000e-01 7.500000000000000e-01 0.000000000000000e+00
1.562500000000000e-01 7.500000000000000e-01 0.000000000000000e+00
1.875000000000000e-01 7.187500000000000e-01 0.000000000000000e+00
2.187500000000000e-01 7.187500000000000e-01 0.000000000000000e+00
2.187500000000000e-01 7.500000000000000e-01 0.000000000000000e+00
1.875000000000000e-01 7.500000000000000e-01 0.000000000000000e+00
2.187500000000000e-01 7.187500000000000e-01 0.000000000000000e+00
2.500000000000000e-01 7.187500000000000e-01 0.000000000000000e+00
2.500000000000000e-01 7.500000000000000e-01 0.000000000000000e+00
2.187500000000000e-01 7.500000000000000e-01 0.000000000000000e+00
2.500000000000000e-01 7.187500000000000e-01 0.000000000000000e+00
2.812500000000000e-01 7.187500000000000e-01 0.000000000000000e+00
2.812500000000000e-01 7.500000000000000e-01 0.000000000000000e+00
2.500000000000000e-01 7.500000000000000e-01 0.000000000000000e+00
2.812500000000000e-01 7.187500000000000e-01 0.000000000000000e+00
3.125000000000000e-01 7.187500000000000e-01 0.000000000000000e+00
3.125000000000000e-01 7.500000000000000e-01 0.000000000000000e+00
2.812500000000000e-01 7.500000000000000e-01 0.000000000000000e+00
3.125000000000000e-01 7.187500000000000e-01 0.000000000000000e+00
3.437500000000000e-01 7.187500000000000e-01 0.000000000000000e+00
3.437500000000000e-01 7.500000000000000e-01 0.000000000000000e+00
3.125000000000000e-01 7.500000000000000e-01 0.000000000000000e+00
3.437500000000000e-01 7.187500000000000e-01 0.000000000000000e+00
3.750000000000000e-01 7.187500000000000e-01 0.000000000000000e+00
3.750000000000000e-01 7.500000000000000e-01 0.000000000000000e+00
3.437500000000000e-01 7.500000000000000e-01 0.000000000000000e+00
3.750000000000000e-01 7.187500000000000e-01 0.000000000000000e+00
4.062500000000000e-01 7.187500000000000e-01 0.000000000000000e+00
4.062500000000000e-01 7.500000000000000e-01 0.000000000000000e+00
3.750000000000000e-01 7.500000000000000e-01 0.000000000000000e+00
4.062500000000000e-01 7.187500000000000e-01 0.000000000000000e+00
4.375000000000000e-01 7.187500000000000e-01 0.000000000000000e+00
4.375000000000000e-01 7.500000000000000e-01 0.000000000000000e+00
4.062500000000000e-01 7.500000000000000e-01 0.000000000000000e+00
4.375000000000000e-01 7.187500000000000e-01 0.000000000000000e+00
4.687500000000000e-01 7.187500000000000e-01 0.000000000000000e+00
4.687500000000000e-01 7.500000000000000e-01 0.000000000000000e+00
4.375000000000000e-01 7.500000000000000e-01 0.000000000000000e+00
4.687500000000000e-01 7.187500000000000e-01 0.000000000000000e+00
5.000000000000000e-01 7.187500000000000e-01 0.000000000000000e+00
5.000000000000000e-01 7.500000000000000e-01 0.000000000000000e+00
4.687500000000000e-01 7.500000000000000e-01 0.000000000000000e+00
5.000000000000000e-01 7.187500000000000e-01 0.000000000000000e+00
5.312500000000000e-01 7.187500000000000e-01 0.000000000000000e+00
5.312500000000000e-01 7.500000000000000e-01 0.000000000000000e+00
5.000000000000000e-01 7.500000000000000e-01 0.000000000000000e+00
5.312500000000000e-01 7.187500000000000e-01 0.000000000000000e+00
5.625000000000000e-01 7.187500000000000e-01 0.000000000000000e+00
5.625000000000000e-01 7.500000000000000e-01 0.000000000000000e+00
5.312500000000000e-01 7.500000000000000e-01 0.000000000000000e+00
5.625000000000000e-01 7.187500000000000e-01 0.000000000000000e+00
5.937500000000000e-01 7.187500000000000e-01 0.000000000000000e+00
5.937500000000000e-01 7.500000000000000e-01 0.000000000000000e+00
5.625000000000000e-01 7.500000000000000e-01 0.000000000000000e+00
5.937500000000000e-01 7.187500000000000e-01 0.000000000000000e+00
6.250000000000000e-01 7.187500000000000e-01 0.000000000000000e+00
6.250000000000000e-01 7.500000000000000e-01 0.000000000000000e+00
5.937500000000000e-01 7.500000000000000e-01 0.000000000000000e+00
6.250000000000000e-01 7.187500000000000e-01 0.000000000000000e+00
6.562500000000000e-01 7.187500000000000e-01 0.000000000000000e+00
6.562500000000000e-01 7.500000000000000e-01 0.000000000000000e+00
6.250000000000000e-01 7.500000000000000e-01 0.000000000000000e+00
6.562500000000000e-01 7.187500000000000e-01 0.000000000000000e+00
6.875000000000000e-01 7.187500000000000e-01 0.000000000000000e+00
6.875000000000000e-01 7.500000000000000e-01 0.000000000000000e+00
6.562500000000000e-01 7.500000000000000e-01 0.000000000000000e+00
6.875000000000000e-01 7.187500000000000e-01 0.000000000000000e+00
7.187500000000000e-01 7.187500000000000e-01 0.000000000000000e+00
7.187500000000000e-01 7.500000000000000e-01 0.000000000000000e+00
6.875000000000000e-01 7.500000000000000e-01 0.000000000000000e+00
7.187500000000000e-01 7.187500000000000e-01 0.000000000000000e+00
7.500000000000000e-01 7.187500000000000e-01 0.000000000000000e+00
7.500000000000000e-01 7.500000000000000e-01 0.000000000000000e+00
7.187500000000000e-01 7.500000000000000e-01 0.000000000000000e+00
7.500000000000000e-01 7.187500000000000e-01 0.000000000000000e+00
7.812500000000000e-01 7.187500000000000e-01 0.000000000000000e+00
7.812500000000000e-01 7.500000000000000e-01 0.000000000000000e+00
7.500000000000000e-01 7.500000000000000e-01 0.000000000000000e+00
7.812500000000000e-01 7.187500000000000e-01 0.000000000000000e+00
8.125000000000000e-01 7.187500000000000e-01 0.000000000000000e+00
8.125000000000000e-01 7.500000000000000e-01 0.000000000000000e+00
7.812500000000000e-01 7.500000000000000e-01 0.000000000000000e+00
8.125000000000000e-01 7.187500000000000e-01 0.000000000000000e+00
8.437500000000000e-01 7.187500000000000e-01 0.000000000000000e+00
8.437500000000000e-01 7.500000000000000e-01 0.000000000000000e+00
8.125000000000000e-01 7.500000000000000e-01 0.000000000000000e+00
8.437500000000000e-01 7.187500000000000e-01 0.000000000000000e+00
8.750000000000000e-01 7.187500000000000e-01 0.000000000000000e+00
8.750000000000000e-01 7.500000000000000e-01 0.000000000000000e+00
8.437500000000000e-01 7.500000000000000e-01 0.000000000000000e+00
8.750000000000000e-01 7.187500000000000e-01 0.000000000000000e+00
9.062500000000000e-01 7.187500000000000e-01 0.000000000000000e+00
9.062500000000000e-01 7.500000000000000e-01 0.000000000000000e+00
8.750000000000000e-01 7.500000000000000e-01 0.000000000000000e+00
9.062500000000000e-01 7.187500000000000e-01 0.000000000000000e+00
9.375000000000000e-01 7.187500000000000e-01 0.000000000000000e+00
9.375000000000000e-01 7.500000000000000e-01 0.000000000000000e+00
9.062500000000000e-01 7.500000000000000e-01 0.000000000000000e+00
9.375000000000000e-01 7.187500000000000e-01 0.000000000000000e+00
9.687500000000000e-01 7.187500000000000e-01 0.000000000000000e+00
9.687500000000000e-01 7.500000000000000e-01 0.000000000000000e+00
9.375000000000000e-01 7.500000000000000e-01 0.000000000000000e+00
9.687500000000000e-01 7.187500000000000e-01 0.000000000000000e+00
1.000000000000000e+00 7.187500000000000e-01 0.000000000000000e+00
1.000000000000000e+00 7.500000000000000e-01 0.000000000000000e+00
9.687500000000000e-01 7.500000000000000e-01 0.000000000000000e+00
0.000000000000000e+00 7.500000000000000e-01 0.000000000000000e+00
3.125000000000000e-02 7.500000000000000e-01 0.000000000000000e+00
3.125000000000000e-02 7.812500000000000e-01 0.000000000000000e+00
0.000000000000000e+00 7.812500000000000e-01 0.000000000000000e+00
3.125000000000000e-02 7.500000000000000e-01 0.000000000000000e+00
6.250000000000000e-02 7.500000000000000e-01 0.000000000000000e+00
6.250000000000000e-02 7.812500000000000e-01 0.000000000000000e+00
3.125000000000000e-02 7.812500000000000e-01 0.000000000000000e+00
6.250000000000000e-02 7.500000000000000e-01 0.000000000000000e+00
9.375000000000000e-02 7.500000000000000e-01 0.000000000000000e+00
9.375000000000000e-02 7.812500000000000e-01 0.000000000000000e+00
6.250000000000000e-02 7.812500000000000e-01 0.000000000000000e+00
9.375000000000000e-02 7.500000000000000e-01 0.000000000000000e+00
1.250000000000000e-01 7.500000000000000e-01 0.000000000000000e+00
1.250000000000000e-01 7.812500000000000e-01 0.000000000000000e+00
9.375000000000000e-02 7.812500000000000e-01 0.000000000000000e+00
1.250000000000000e-01 7.500000000000000e-01 0.000000000000000e+00
1.562500000000000e-01 7.500000000000000e-01 0.000000000000000e+00
1.562500000000000e-01 7.812500000000000e-01 0.000000000000000e+00
1.250000000000000e-01 7.812500000000000e-01 0.000000000000000e+00
1.562500000000000e-01 7.500000000000000e-01 0.000000000000000e+00
1.875000000000000e-01 7.500000000000000e-01 0.000000000000000e+00
1.875000000000000e-01 7.812500000000000e-01 0.000000000000000e+00
1.562500000000000e-01 7.812500000000000e-01 0.000000000000000e+00
1.875000000000000e-01 7.500000000000000e-01 0.000000000000000e+00
2.187500000000000e-01 7.500000000000000e-01 0.000000000000000e+00
2.187500000000000e-01 7.812500000000000e-01 0.000000000000000e+00
1.875000000000000e-01 7.812500000000000e-01 0.000000000000000e+00
2.187500000000000e-01 7.500000000000000e-01 0.000000000000000e+00
2.500000000000000e-01 7.500000000000000e-01 0.000000000000000e+00
2.500000000000000e-01 7.812500000000000e-01 0.000000000000000e+00
2.187500000000000e-01 7.812500000000000e-01 0.000000000000000e+00
2.500000000000000e-01 7.500000000000000e-01 0.000000000000000e+00
2.812500000000000e-01 7.500000000000000e-01 0.000000000000000e+00
2.812500000000000e-01 7.812500000000000e-01 0.000000000000000e+00
2.500000000000000e-01 7.812500000000000e-01 0.000000000000000e+00
2.812500000000000e-01 7.500000000000000e-01 0.000000000000000e+00
3.125000000000000e-01 7.500000000000000e-01 0.000000000000000e+00
3.125000000000000e-01 7.812500000000000e-01 0.000000000000000e+00
2.812500000000000e-01 7.812500000000000e-01 0.000000000000000e+00
3.125000000000000e-01 7.500000000000000e-01 0.000000000000000e+00
3.437500000000000e-01 7.500000000000000e-01 0.000000000000000e+00
3.437500000000000e-01 7.812500000000000e-01 0.000000000000000e+00
3.125000000000000e-01 7.812500000000000e-01 0.000000000000000e+00
3.437500000000000e-01 7.500000000000000e-01 0.000000000000000e+00
3.750000000000000e-01 7.500000000000000e-01 0.000000000000000e+00
3.750000000000000e-01 7.812500000000000e-01 0.000000000000000e+00
3.437500000000000e-01 7.812500000000000e-01 0.000000000000000e+00
3.750000000000000e-01 7.500000000000000e-01 0.000000000000000e+00
4.062500000000000e-01 7.500000000000000e-01 0.000000000000000e+00
4.062500000000000e-01 7.812500000000000e-01 0.000000000000000e+00
3.750000000000000e-01 7.812500000000000e-01 0.000000000000000e+00
4.062500000000000e-01 7.500000000000000e-01 0.000000000000000e+00
4.375000000000000e-01 7.500000000000000e-01 0.000000000000000e+00
4.375000000000000e-01 7.812500000000000e-01 0.000000000000000e+00
4.062500000000000e-01 7.812500000000000e-01 0.000000000000000e+00
4.375000000000000e-01 7.500000000000000e-01 0.000000000000000e+00
4.687500000000000e-01 7.500000000000000e-01 0.000000000000000e+00
4.687500000000000e-01 7.812500000000000e-01 0.000000000000000e+00
4.375000000000000e-01 7.812500000000000e-01 0.000000000000000e+00
4.687500000000000e-01 7.500000000000000e-01 0.000000000000000e+00
5.000000000000000e-01 7.500000000000000e-01 0.000000000000000e+00
5.000000000000000e-01 7.812500000000000e-01 0.000000000000000e+00
4.687500000000000e-01 7.812500000000000e-01 0.000000000000000e+00
5.000000000000000e-01 7.500000000000000e-01 0.000000000000000e+00
5.312500000000000e-01 7.500000000000000e-01 0.000000000000000e+00
5.312500000000000e-01 7.812500000000000e-01 0.000000000000000e+00
5.000000000000000e-01 7.812500000000000e-01 0.000000000000000e+00
5.312500000000000e-01 7.500000000000000e-01 0.000000000000000e+00
5.625000000000000e-01 7.500000000000000e-01 0.000000000000000e+00
5.625000000000000e-01 7.812500000000000e-01 0.000000000000000e+00
5.312500000000000e-01 7.812500000000000e-01 0.000000000000000e+00
5.625000000000000e-01 7.500000000000000e-01 0.000000000000000e+00
5.937500000000000e-01 7.500000000000000e-01 0.000000000000000e+00
5.937500000000000e-01 7.812500000000000e-01 0.000000000000000e+00
5.625000000000000e-01 7.812500000000000e-01 0.000000000000000e+00
5.937500000000000e-01 7.500000000000000e-01 0.000000000000000e+00
6.250000000000000e-01 7.500000000000000e-01 0.000000000000000e+00
6.250000000000000e-01 7.812500000000000e-01 0.000000000000000e+00
5.937500000000000e-01 7.812500000000000e-01 0.000000000000000e+00
6.250000000000000e-01 7.500000000000000e-01 0.000000000000000e+00
6.562500000000000e-01 7.500000000000000e-01 0.000000000000000e+00
6.562500000000000e-01 7.812500000000000e-01 0.000000000000000e+00
6.250000000000000e-01 7.812500000000000e-01 0.000000000000000e+00
6.562500000000000e-01 7.500000000000000e-01 0.000000000000000e+00
6.875000000000000e-01 7.500000000000000e-01 0.000000000000000e+00
6.875000000000000e-01 7.812500000000000e-01 0.000000000000000e+00
6.562500000000000e-01 7.812500000000000e-01 0.000000000000000e+00
6.875000000000000e-01 7.500000000000000e-01 0.000000000000000e+00
7.187500000000000e-01 7.500000000000000e-01 0.000000000000000e+00
7.187500000000000e-01 7.812500000000000e-01 0.000000000000000e+00
6.875000000000000e-01 7.812500000000000e-01 0.000000000000000e+00
7.187500000000000e-01 7.500000000000000e-01 0.000000000000000e+00
7.500000000000000e-01 7.500000000000000e-01 0.000000000000000e+00
7.500000000000000e-01 7.812500000000000e-01 0.000000000000000e+00
7.187500000000000e-01 7.812500000000000e-01 0.000000000000000e+00
7.500000000000000e-01 7.500000000000000e-01 0.000000000000000e+00
7.812500000000000e-01 7.500000000000000e-01 0.000000000000000e+00
7.812500000000000e-01 7.812500000000000e-01 0.000000000000000e+00
7.500000000000000e-01 7.812500000000000e-01 0.000000000000000e+00
7.812500000000000e-01 7.500000000000000e-01 0.000000000000000e+00
8.125000000000000e-01 7.500000000000000e-01 0.000000000000000e+00
8.125000000000000e-01 7.812500000000000e-01 0.000000000000000e+00
7.812500000000000e-01 7.812500000000000e-01 0.000000000000000e+00
8.125000000000000e-01 7.500000000000000e-01 0.000000000000000e+00
8.437500000000000e-01 7.500000000000000e-01 0.000000000000000e+00
8.437500000000000e-01 7.812500000000000e-01 0.000000000000000e+00
8.125000000000000e-01 7.812500000000000e-01 0.000000000000000e+00
8.437500000000000e-01 7.500000000000000e-01 0.000000000000000e+00
8.750000000000000e-01 7.500000000000000e-01 0.000000000000000e+00
8.750000000000000e-01 7.812500000000000e-01 0.000000000000000e+00
8.437500000000000e-01 7.812500000000000e-01 0.000000000000000e+00
8.750000000000000e-01 7.500000000000000e-01 0.000000000000000e+00
9.062500000000000e-01 7.500000000000000e-01 0.000000000000000e+00
9.062500000000000e-01 7.812500000000000e-01 0.000000000000000e+00
8.750000000000000e-01 7.812500000000000e-01 0.000000000000000e+00
9.062500000000000e-01 7.500000000000000e-01 0.000000000000000e+00
9.375000000000000e-01 7.500000000000000e-01 0.000000000000000e+00
9.375000000000000e-01 7.812500000000000e-01 0.000000000000000e+00
9.062500000000000e-01 7.812500000000000e-01 0.000000000000000e+00
9.375000000000000e-01 7.500000000000000e-01 0.000000000000000e+00
9.687500000000000e-01 7.500000000000000e-01 0.000000000000000e+00
9.687500000000000e-01 7.812500000000000e-01 0.000000000000000e+00
9.375000000000000e-01 7.812500000000000e-01 0.000000000000000e+00
9.687500000000000e-01 7.500000000000000e-01 0.000000000000000e+00
1.000000000000000e+00 7.500000000000000e-01 0.000000000000000e+00
1.000000000000000e+00 7.812500000000000e-01 0.000000000000000e+00
9.687500000000000e-01 7.812500000000000e-01 0.000000000000000e+00
0.000000000000000e+00 7.812500000000000e-01 0.000000000000000e+00
3.125000000000000e-02 7.812500000000000e-01 0.000000000000000e+00
3.125000000000000e-02 8.125000000000000e-01 0.000000000000000e+00
0.000000000000000e+00 8.125000000000000e-01 0.000000000000000e+00
3.125000000000000e-02 7.812500000000000e-01 0.000000000000000e+00
6.250000000000000e-02 7.812500000000000e-01 0.000000000000000e+00
6.250000000000000e-02 8.125000000000000e-01 0.000000000000000e+00
3.125000000000000e-02 8.125000000000000e-01 0.000000000000000e+00
6.250000000000000e-02 7.812500000000000e-01 0.000000000000000e+00
9.375000000000000e-02 7.812500000000000e-01 0.000000000000000e+00
9.375000000000000e-02 8.125000000000000e-01 0.000000000000000e+00
6.250000000000000e-02 8.125000000000000e-01 0.000000000000000e+00
9.375000000000000e-02 7.812500000000000e-01 0.000000000000000e+00
1.250000000000000e-01 7.812500000000000e-01 0.000000000000000e+00
1.250000000000000e-01 8.125000000000000e-01 0.000000000000000e+00
9.375000000000000e-02 8.125000000000000e-01 0.000000000000000e+00
1.250000000000000e-01 7.812500000000000e-01 0.000000000000000e+00
1.562500000000000e-01 7.812500000000000e-01 0.000000000000000e+00
1.562500000000000e-01 8.125000000000000e-01 0.000000000000000e+00
1.250000000000000e-01 8.125000000000000e-01 0.000000000000000e+00
1.562500000000000e-01 7.812500000000000e-01 0.000000000000000e+00
1.875000000000000e-01 7.812500000000000e-01 0.000000000000000e+00
1.875000000000000e-01 8.125000000000000e-01 0.000000000000000e+00
1.562500000000000e-01 8.125000000000000e-01 0.000000000000000e+00
1.875000000000000e-01 7.812500000000000e-01 0.000000000000000e+00
2.187500000000000e-01 7.812500000000000e-01 0.000000000000000e+00
2.187500000000000e-01 8.125000000000000e-01 0.000000000000000e+00
1.875000000000000e-01 8.125000000000000e-01 0.000000000000000e+00
2.187500000000000e-01 7.812500000000000e-01 0.000000000000000e+00
2.500000000000000e-01 7.812500000000000e-01 0.000000000000000e+00
2.500000000000000e-01 8.125000000000000e-01 0.000000000000000e+00
2.187500000000000e-01 8.125000000000000e-01 0.000000000000000e+00
2.500000000000000e-01 7.812500000000000e-01 0.000000000000000e+00
2.812500000000000e-01 7.812500000000000e-01 0.000000000000000e+00
2.812500000000000e-01 8.125000000000000e-01 0.000000000000000e+00
2.500000000000000e-01 8.125000000000000e-01 0.000000000000000e+00
2.812500000000000e-01 7.812500000000000e-01 0.000000000000000e+00
3.125000000000000e-01 7.812500000000000e-01 0.000000000000000e+00
3.125000000000000e-01 8.125000000000000e-01 0.000000000000000e+00
2.812500000000000e-01 8.125000000000000e-01 0.000000000000000e+00
3.125000000000000e-01 7.812500000000000e-01 0.000000000000000e+00
3.437500000000000e-01 7.812500000000000e-01 0.000000000000000e+00
3.437500000000000e-01 8.125000000000000e-01 0.000000000000000e+00
3.125000000000000e-01 8.125000000000000e-01 0.000000000000000e+00
3.437500000000000e-01 7.812500000000000e-01 0.000000000000000e+00
3.750000000000000e-01 7.812500000000000e-01 0.000000000000000e+00
3.750000000000000e-01 8.125000000000000e-01 0.000000000000000e+00
3.437500000000000e-01 8.125000000000000e-01 0.000000000000000e+00
3.750000000000000e-01 7.812500000000000e-01 0.000000000000000e+00
4.062500000000000e-01 7.812500000000000e-01 0.000000000000000e+00
4.062500000000000e-01 8.125000000000000e-01 0.000000000000000e+00
3.750000000000000e-01 8.125000000000000e-01 0.000000000000000e+00
4.062500000000000e-01 7.812500000000000e-01 0.000000000000000e+00
4.375000000000000e-01 7.812500000000000e-01 0.000000000000000e+00
4.375000000000000e-01 8.125000000000000e-01 0.000000000000000e+00
4.062500000000000e-01 8.125000000000000e-01 0.000000000000000e+00
4.375000000000000e-01 7.812500000000000e-01 0.000000000000000e+00
4.687500000000000e-01 7.812500000000000e-01 0.000000000000000e+00
4.687500000000000e-01 8.125000000000000e-01 0.000000000000000e+00
4.375000000000000e-01 8.125000000000000e-01 0.000000000000000e+00
4.687500000000000e-01 7.812500000000000e-01 0.000000000000000e+00
5.000000000000000e-01 7.812500000000000e-01 0.000000000000000e+00
5.000000000000000e-01 8.125000000000000e-01 0.000000000000000e+00
4.687500000000000e-01 8.125000000000000e-01 0.000000000000000e+00
5.000000000000000e-01 7.812500000000000e-01 0.000000000000000e+00
5.312500000000000e-01 7.812500000000000e-01 0.000000000000000e+00
5.312500000000000e-01 8.125000000000000e-01 0.000000000000000e+00
5.000000000000000e-01 8.125000000000000e-01 0.000000000000000e+00
5.312500000000000e-01 7.812500000000000e-01 0.000000000000000e+00
5.625000000000000e-01 7.812500000000000e-01 0.000000000000000e+00
5.625000000000000e-01 8.125000000000000e-01 0.000000000000000e+00
5.312500000000000e-01 8.125000000000000e-01 0.000000000000000e+00
5.625000000000000e-01 7.812500000000000e-01 0.000000000000000e+00
5.937500000000000e-01 7.812500000000000e-01 0.000000000000000e+00
5.937500000000000e-01 8.125000000000000e-01 0.000000000000000e+00
5.625000000000000e-01 8.125000000000000e-01 0.000000000000000e+00
5.937500000000000e-01 7.812500000000000e-01 0.000000000000000e+00
6.250000000000000e-01 7.812500000000000e-01 0.000000000000000e+00
6.250000000000000e-01 8.125000000000000e-01 0.000000000000000e+00
5.937500000000000e-01 8.125000000000000e-01 0.000000000000000e+00
6.250000000000000e-01 7.812500000000000e-01 0.000000000000000e+00
6.562500000000000e-01 7.812500000000000e-01 0.000000000000000e+00
6.562500000000000e-01 8.125000000000000e-01 0.000000000000000e+00
6.250000000000000e-01 8.125000000000000e-01 0.000000000000000e+00
6.562500000000000e-01 7.812500000000000e-01 0.000000000000000e+00
6.875000000000000e-01 7.812500000000000e-01 0.000000000000000e+00
6.875000000000000e-01 8.125000000000000e-01 0.000000000000000e+00
6.562500000000000e-01 8.125000000000000e-01 0.000000000000000e+00
6.875000000000000e-01 7.812500000000000e-01 0.000000000000000e+00
7.187500000000000e-01 7.812500000000000e-01 0.000000000000000e+00
7.187500000000000e-01 8.125000000000000e-01 0.000000000000000e+00
6.875000000000000e-01 8.125000000000000e-01 0.000000000000000e+00
7.187500000000000e-01 7.812500000000000e-01 0.000000000000000e+00
7.500000000000000e-01 7.812500000000000e-01 0.000000000000000e+00
7.500000000000000e-01 8.125000000000000e-01 0.000000000000000e+00
7.187500000000000e-01 8.125000000000000e-01 0.000000000000000e+00
7.500000000000000e-01 7.812500000000000e-01 0.000000000000000e+00
7.812500000000000e-01 7.812500000000000e-01 0.000000000000000e+00
7.812500000000000e-01 8.125000000000000e-01 0.000000000000000e+00
7.500000000000000e-01 8.125000000000000e-01 0.000000000000000e+00
7.812500000000000e-01 7.812500000000000e-01 0.000000000000000e+00
8.125000000000000e-01 7.812500000000000e-01 0.000000000000000e+00
8.125000000000000e-01 8.125000000000000e-01 0.000000000000000e+00
7.812500000000000e-01 8.125000000000000e-01 0.000000000000000e+00
8.125000000000000e-01 7.812500000000000e-01 0.000000000000000e+00
8.437500000000000e-01 7.812500000000000e-01 0.000000000000000e+00
8.437500000000000e-01 8.125000000000000e-01 0.000000000000000e+00
8.125000000000000e-01 8.125000000000000e-01 0.000000000000000e+00
8.437500000000000e-01 7.812500000000000e-01 0.000000000000000e+00
8.750000000000000e-01 7.812500000000000e-01 0.000000000000000e+00
8.750000000000000e-01 8.125000000000000e-01 0.000000000000000e+00
8.437500000000000e-01 8.125000000000000e-01 0.000000000000000e+00
8.750000000000000e-01 7.812500000000000e-01 0.000000000000000e+00
9.062500000000000e-01 7.812500000000000e-01 0.000000000000000e+00
9.062500000000000e-01 8.125000000000000e-01 0.000000000000000e+00
8.750000000000000e-01 8.125000000000000e-01 0.000000000000000e+00
9.062500000000000e-01 7.812500000000000e-01 0.000000000000000e+00
9.375000000000000e-01 7.812500000000000e-01 0.000000000000000e+00
9.375000000000000e-01 8.125000000000000e-01 0.000000000000000e+00
9.062500000000000e-01 8.125000000000000e-01 0.000000000000000e+00
9.375000000000000e-01 7.812500000000000e-01 0.000000000000000e+00
9.687500000000000e-01 7.812500000000000e-01 0.000000000000000e+00
9.687500000000000e-01 8.125000000000000e-01 0.000000000000000e+00
9.375000000000000e-01 8.125000000000000e-01 0.000000000000000e+00
9.687500000000000e-01 7.812500000000000e-01 0.000000000000000e+00
1.000000000000000e+00 7.812500000000000e-01 0.000000000000000e+00
1.000000000000000e+00 8.125000000000000e-01 0.000000000000000e+00
9.687500000000000e-01 8.125000000000000e-01 0.000000000000000e+00
0.000000000000000e+00 8.125000000000000e-01 0.000000000000000e+00
3.125000000000000e-02 8.125000000000000e-01 0.000000000000000e+00
3.125000000000000e-02 8.437500000000000e-01 0.000000000000000e+00
0.000000000000000e+00 8.437500000000000e-01 0.000000000000000e+00
3.125000000000000e-02 8.125000000000000e-01 0.000000000000000e+00
6.250000000000000e-02 8.125000000000000e-01 0.000000000000000e+00
6.250000000000000e-02 8.437500000000000e-01 0.000000000000000e+00
3.125000000000000e-02 8.437500000000000e-01 0.000000000000000e+00
6.250000000000000e-02 8.125000000000000e-01 0.000000000000000e+00
9.375000000000000e-02 8.125000000000000e-01 0.000000000000000e+00
9.375000000000000e-02 8.437500000000000e-01 0.000000000000000e+00
6.250000000000000e-02 8.437500000000000e-01 0.000000000000000e+00
9.375000000000000e-02 8.125000000000000e-01 0.000000000000000e+00
1.250000000000000e-01 8.125000000000000e-01 0.000000000000000e+00
1.250000000000000e-01 8.437500000000000e-01 0.000000000000000e+00
9.375000000000000e-02 8.437500000000000e-01 0.000000000000000e+00
1.250000000000000e-01 8.125000000000000e-01 0.000000000000000e+00
1.562500000000000e-01 8.125000000000000e-01 0.000000000000000e+00
1.562500000000000e-01 8.437500000000000e-01 0.000000000000000e+00
1.250000000000000e-01 8.437500000000000e-01 0.000000000000000e+00
1.562500000000000e-01 8.125000000000000e-01 0.000000000000000e+00
1.875000000000000e-01 8.125000000000000e-01 0.000000000000000e+00
1.875000000000000e-01 8.437500000000000e-01 0.000000000000000e+00
1.562500000000000e-01 8.437500000000000e-01 0.000000000000000e+00
1.875000000000000e-01 8.125000000000000e-01 0.000000000000000e+00
2.187500000000000e-01 8.125000000000000e-01 0.000000000000000e+00
2.187500000000000e-01 8.437500000000000e-01 0.000000000000000e+00
1.875000000000000e-01 8.437500000000000e-01 0.000000000000000e+00
2.187500000000000e-01 8.125000000000000e-01 0.000000000000000e+00
2.500000000000000e-01 8.125000000000000e-01 0.000000000000000e+00
2.500000000000000e-01 8.437500000000000e-01 0.000000000000000e+00
2.187500000000000e-01 8.437500000000000e-01 0.000000000000000e+00
2.500000000000000e-01 8.125000000000000e-01 0.000000000000000e+00
2.812500000000000e-01 8.125000000000000e-01 0.000000000000000e+00
2.812500000000000e-01 8.437500000000000e-01 0.000000000000000e+00
2.500000000000000e-01 8.437500000000000e-01 0.000000000000000e+00
2.812500000000000e-01 8.125000000000000e-01 0.000000000000000e+00
3.125000000000000e-01 8.125000000000000e-01 0.000000000000000e+00
3.125000000000000e-01 8.437500000000000e-01 0.000000000000000e+00
2.812500000000000e-01 8.437500000000000e-01 0.000000000000000e+00
3.125000000000000e-01 8.125000000000000e-01 0.000000000000000e+00
3.437500000000000e-01 8.125000000000000e-01 0.000000000000000e+00
3.437500000000000e-01 8.437500000000000e-01 0.000000000000000e+00
3.125000000000000e-01 8.437500000000000e-01 0.000000000000000e+00
3.437500000000000e-01 8.125000000000000e-01 0.000000000000000e+00
3.750000000000000e-01 8.125000000000000e-01 0.000000000000000e+00
3.750000000000000e-01 8.437500000000000e-01 0.000000000000000e+00
3.437500000000000e-01 8.437500000000000e-01 0.000000000000000e+00
3.750000000000000e-01 8.125000000000000e-01 0.000000000000000e+00
4.062500000000000e-01 8.125000000000000e-01 0.000000000000000e+00
4.062500000000000e-01 8.437500000000000e-01 0.000000000000000e+00
3.750000000000000e-01 8.437500000000000e-01 0.000000000000000e+00
4.062500000000000e-01 8.125000000000000e-01 0.000000000000000e+00
4.375000000000000e-01 8.125000000000000e-01 0.000000000000000e+00
4.375000000000000e-01 8.437500000000000e-01 0.000000000000000e+00
4.062500000000000e-01 8.437500000000000e-01 0.000000000000000e+00
4.375000000000000e-01 8.125000000000000e-01 0.000000000000000e+00
4.687500000000000e-01 8.125000000000000e-01 0.000000000000000e+00
4.687500000000000e-01 8.437500000000000e-01 0.000000000000000e+00
4.375000000000000e-01 8.437500000000000e-01 0.000000000000000e+00
4.687500000000000e-01 8.125000000000000e-01 0.000000000000000e+00
5.000000000000000e-01 8.125000000000000e-01 0.000000000000000e+00
5.000000000000000e-01 8.437500000000000e-01 0.000000000000000e+00
4.687500000000000e-01 8.437500000000000e-01 0.000000000000000e+00
5.000000000000000e-01 8.125000000000000e-01 0.000000000000000e+00
5.312500000000000e-01 8.125000000000000e-01 0.000000000000000e+00
5.312500000000000e-01 8.437500000000000e-01 0.000000000000000e+00
5.000000000000000e-01 8.437500000000000e-01 0.000000000000000e+00
5.312500000000000e-01 8.125000000000000e-01 0.000000000000000e+00
5.625000000000000e-01 8.125000000000000e-01 0.000000000000000e+00
5.625000000000000e-01 8.437500000000000e-01 0.000000000000000e+00
5.312500000000000e-01 8.437500000000000e-01 0.000000000000000e+00
5.625000000000000e-01 8.125000000000000e-01 0.000000000000000e+00
5.937500000000000e-01 8.125000000000000e-01 0.000000000000000e+00
5.937500000000000e-01 8.437500000000000e-01 0.000000000000000e+00
5.625000000000000e-01 8.437500000000000e-01 0.000000000000000e+00
5.937500000000000e-01 8.125000000000000e-01 0.000000000000000e+00
6.250000000000000e-01 8.125000000000000e-01 0.000000000000000e+00
6.250000000000000e-01 8.437500000000000e-01 0.000000000000000e+00
5.937500000000000e-01 8.437500000000000e-01 0.000000000000000e+00
6.250000000000000e-01 8.125000000000000e-01 0.000000000000000e+00
6.562500000000000e-01 8.125000000000000e-01 0.000000000000000e+00
6.562500000000000e-01 8.437500000000000e-01 0.000000000000000e+00
6.250000000000000e-01 8.437500000000000e-01 0.000000000000000e+00
6.562500000000000e-01 8.125000000000000e-01 0.000000000000000e+00
6.875000000000000e-01 8.125000000000000e-01 0.000000000000000e+00
6.875000000000000e-01 8.437500000000000e-01 0.000000000000000e+00
6.562500000000000e-01 8.437500000000000e-01 0.000000000000000e+00
6.875000000000000e-01 8.125000000000000e-01 0.000000000000000e+00
7.187500000000000e-01 8.125000000000000e-01 0.000000000000000e+00
7.187500000000000e-01 8.437500000000000e-01 0.000000000000000e+00
6.875000000000000e-01 8.437500000000000e-01 0.000000000000000e+00
7.187500000000000e-01 8.125000000000000e-01 0.000000000000000e+00
7.500000000000000e-01 8.125000000000000e-01 0.000000000000000e+00
7.500000000000000e-01 8.437500000000000e-01 0.000000000000000e+00
7.187500000000000e-01 8.437500000000000e-01 0.000000000000000e+00
7.500000000000000e-01 8.125000000000000e-01 0.000000000000000e+00
7.812500000000000e-01 8.125000000000000e-01 0.000000000000000e+00
7.812500000000000e-01 8.437500000000000e-01 0.000000000000000e+00
7.500000000000000e-01 8.437500000000000e-01 0.000000000000000e+00
7.812500000000000e-01 8.125000000000000e-01 0.000000000000000e+00
8.125000000000000e-01 8.125000000000000e-01 0.000000000000000e+00
8.125000000000000e-01 8.437500000000000e-01 0.000000000000000e+00
7.812500000000000e-01 8.437500000000000e-01 0.000000000000000e+00
8.125000000000000e-01 8.125000000000000e-01 0.000000000000000e+00
8.437500000000000e-01 8.125000000000000e-01 0.000000000000000e+00
8.437500000000000e-01 8.437500000000000e-01 0.000000000000000e+00
8.125000000000000e-01 8.437500000000000e-01 0.000000000000000e+00
8.437500000000000e-01 8.125000000000000e-01 0.000000000000000e+00
8.750000000000000e-01 8.125000000000000e-01 0.000000000000000e+00
8.750000000000000e-01 8.437500000000000e-01 0.000000000000000e+00
8.437500000000000e-01 8.437500000000000e-01 0.000000000000000e+00
8.750000000000000e-01 8.125000000000000e-01 0.000000000000000e+00
9.062500000000000e-01 8.125000000000000e-01 0.000000000000000e+00
9.062500000000000e-01 8.437500000000000e-01 0.000000000000000e+00
8.750000000000000e-01 8.437500000000000e-01 0.000000000000000e+00
9.062500000000000e-01 8.125000000000000e-01 0.000000000000000e+00
9.375000000000000e-01 8.125000000000000e-01 0.000000000000000e+00
9.375000000000000e-01 8.437500000000000e-01 0.000000000000000e+00
9.062500000000000e-01 8.437500000000000e-01 0.000000000000000e+00
9.375000000000000e-01 8.125000000000000e-01 0.000000000000000e+00
9.687500000000000e-01 8.125000000000000e-01 0.000000000000000e+00
9.687500000000000e-01 8.437500000000000e-01 0.000000000000000e+00
9.375000000000000e-01 8.437500000000000e-01 0.000000000000000e+00
9.687500000000000e-01 8.125000000000000e-01 0.000000000000000e+00
1.000000000000000e+00 8.125000000000000e-01 0.000000000000000e+00
1.000000000000000e+00 8.437500000000000e-01 0.000000000000000e+00
9.687500000000000e-01 8.437500000000000e-01 0.000000000000000e+00
0.000000000000000e+00 8.437500000000000e-01 0.000000000000000e+00
3.125000000000000e-02 8.437500000000000e-01 0.000000000000000e+00
3.125000000000000e-02 8.750000000000000e-01 0.000000000000000e+00
0.000000000000000e+00 8.750000000000000e-01 0.000000000000000e+00
3.125000000000000e-02 8.437500000000000e-01 0.000000000000000e+00
6.250000000000000e-02 8.437500000000000e-01 0.000000000000000e+00
6.250000000000000e-02 8.750000000000000e-01 0.000000000000000e+00
3.125000000000000e-02 8.750000000000000e-01 0.000000000000000e+00
6.250000000000000e-02 8.437500000000000e-01 0.000000000000000e+00
9.375000000000000e-02 8.437500000000000e-01 0.000000000000000e+00
9.375000000000000e-02 8.750000000000000e-01 0.000000000000000e+00
6.250000000000000e-02 8.750000000000000e-01 0.000000000000000e+00
9.375000000000000e-02 8.437500000000000e-01 0.000000000000000e+00
1.250000000000000e-01 8.437500000000000e-01 0.000000000000000e+00
1.250000000000000e-01 8.750000000000000e-01 0.000000000000000e+00
9.375000000000000e-02 8.750000000000000e-01 0.000000000000000e+00
1.250000000000000e-01 8.437500000000000e-01 0.000000000000000e+00
1.562500000000000e-01 8.437500000000000e-01 0.000000000000000e+00
1.562500000000000e-01 8.750000000000000e-01 0.000000000000000e+00
1.250000000000000e-01 8.750000000000000e-01 0.000000000000000e+00
1.562500000000000e-01 8.437500000000000e-01 0.000000000000000e+00
1.875000000000000e-01 8.437500000000000e-01 0.000000000000000e+00
1.875000000000000e-01 8.750000000000000e-01 0.000000000000000e+00
1.562500000000000e-01 8.750000000000000e-01 0.000000000000000e+00
1.875000000000000e-01 8.437500000000000e-01 0.000000000000000e+00
2.187500000000000e-01 8.437500000000000e-01 0.000000000000000e+00
2.187500000000000e-01 8.750000000000000e-01 0.000000000000000e+00
1.875000000000000e-01 8.750000000000000e-01 0.000000000000000e+00
2.187500000000000e-01 8.437500000000000e-01 0.000000000000000e+00
2.500000000000000e-01 8.437500000000000e-01 0.000000000000000e+00
2.500000000000000e-01 8.750000000000000e-01 0.000000000000000e+00
2.187500000000000e-01 8.750000000000000e-01 0.000000000000000e+00
2.500000000000000e-01 8.437500000000000e-01 0.000000000000000e+00
2.812500000000000e-01 8.437500000000000e-01 0.000000000000000e+00
2.812500000000000e-01 8.750000000000000e-01 0.000000000000000e+00
2.500000000000000e-01 8.750000000000000e-01 0.000000000000000e+00
2.812500000000000e-01 8.437500000000000e-01 0.000000000000000e+00
3.125000000000000e-01 8.437500000000000e-01 0.000000000000000e+00
3.125000000000000e-01 8.750000000000000e-01 0.000000000000000e+00
2.812500000000000e-01 8.750000000000000e-01 0.000000000000000e+00
3.125000000000000e-01 8.437500000000000e-01 0.000000000000000e+00
3.437500000000000e-01 8.437500000000000e-01 0.000000000000000e+00
3.437500000000000e-01 8.750000000000000e-01 0.000000000000000e+00
3.125000000000000e-01 8.750000000000000e-01 0.000000000000000e+00
3.437500000000000e-01 8.437500000000000e-01 0.000000000000000e+00
3.750000000000000e-01 8.437500000000000e-01 0.000000000000000e+00
3.750000000000000e-01 8.750000000000000e-01 0.000000000000000e+00
3.437500000000000e-01 8.750000000000000e-01 0.000000000000000e+00
3.750000000000000e-01 8.437500000000000e-01 0.000000000000000e+00
4.062500000000000e-01 8.437500000000000e-01 0.000000000000000e+00
4.062500000000000e-01 8.750000000000000e-01 0.000000000000000e+00
3.750000000000000e-01 8.750000000000000e-01 0.000000000000000e+00
4.062500000000000e-01 8.437500000000000e-01 0.000000000000000e+00
4.375000000000000e-01 8.437500000000000e-01 0.000000000000000e+00
4.375000000000000e-01 8.750000000000000e-01 0.000000000000000e+00
4.062500000000000e-01 8.750000000000000e-01 0.000000000000000e+00
4.375000000000000e-01 8.437500000000000e-01 0.000000000000000e+00
4.687500000000000e-01 8.437500000000000e-01 0.000000000000000e+00
4.687500000000000e-01 8.750000000000000e-01 0.000000000000000e+00
4.375000000000000e-01 8.750000000000000e-01 0.000000000000000e+00
4.687500000000000e-01 8.437500000000000e-01 0.000000000000000e+00
5.000000000000000e-01 8.437500000000000e-01 0.000000000000000e+00
5.000000000000000e-01 8.750000000000000e-01 0.000000000000000e+00
4.687500000000000e-01 8.750000000000000e-01 0.000000000000000e+00
5.000000000000000e-01 8.437500000000000e-01 0.000000000000000e+00
5.312500000000000e-01 8.437500000000000e-01 0.000000000000000e+00
5.312500000000000e-01 8.750000000000000e-01 0.000000000000000e+00
5.000000000000000e-01 8.750000000000000e-01 0.000000000000000e+00
5.312500000000000e-01 8.437500000000000e-01 0.000000000000000e+00
5.625000000000000e-01 8.437500000000000e-01 0.000000000000000e+00
5.625000000000000e-01 8.750000000000000e-01 0.000000000000000e+00
5.312500000000000e-01 8.750000000000000e-01 0.000000000000000e+00
5.625000000000000e-01 8.437500000000000e-01 0.000000000000000e+00
5.937500000000000e-01 8.437500000000000e-01 0.000000000000000e+00
5.937500000000000e-01 8.750000000000000e-01 0.000000000000000e+00
5.625000000000000e-01 8.750000000000000e-01 0.000000000000000e+00
5.937500000000000e-01 8.437500000000000e-01 0.000000000000000e+00
6.250000000000000e-01 8.437500000000000e-01 0.000000000000000e+00
6.250000000000000e-01 8.750000000000000e-01 0.000000000000000e+00
5.937500000000000e-01 8.750000000000000e-01 0.000000000000000e+00
6.250000000000000e-01 8.437500000000000e-01 0.000000000000000e+00
6.562500000000000e-01 8.437500000000000e-01 0.000000000000000e+00
6.562500000000000e-01 8.750000000000000e-01 0.000000000000000e+00
6.250000000000000e-01 8.750000000000000e-01 0.000000000000000e+00
6.562500000000000e-01 8.437500000000000e-01 0.000000000000000e+00
6.875000000000000e-01 8.437500000000000e-01 0.000000000000000e+00
6.875000000000000e-01 8.750000000000000e-01 0.000000000000000e+00
6.562500000000000e-01 8.750000000000000e-01 0.000000000000000e+00
6.875000000000000e-01 8.437500000000000e-01 0.000000000000000e+00
7.187500000000000e-01 8.437500000000000e-01 0.000000000000000e+00
7.187500000000000e-01 8.750000000000000e-01 0.000000000000000e+00
6.875000000000000e-01 8.750000000000000e-01 0.000000000000000e+00
7.187500000000000e-01 8.437500000000000e-01 0.000000000000000e+00
7.500000000000000e-01 8.437500000000000e-01 0.000000000000000e+00
7.500000000000000e-01 8.750000000000000e-01 0.000000000000000e+00
7.187500000000000e-01 8.750000000000000e-01 0.000000000000000e+00
7.500000000000000e-01 8.437500000000000e-01 0.000000000000000e+00
7.812500000000000e-01 8.437500000000000e-01 0.000000000000000e+00
7.812500000000000e-01 8.750000000000000e-01 0.000000000000000e+00
7.500000000000000e-01 8.750000000000000e-01 0.000000000000000e+00
7.812500000000000e-01 8.437500000000000e-01 0.000000000000000e+00
8.125000000000000e-01 8.437500000000000e-01 0.000000000000000e+00
8.125000000000000e-01 8.750000000000000e-01 0.000000000000000e+00
7.812500000000000e-01 8.750000000000000e-01 0.000000000000000e+00
8.125000000000000e-01 8.437500000000000e-01 0.000000000000000e+00
8.437500000000000e-01 8.437500000000000e-01 0.000000000000000e+00
8.437500000000000e-01 8.750000000000000e-01 0.000000000000000e+00
8.125000000000000e-01 8.750000000000000e-01 0.000000000000000e+00
8.437500000000000e-01 8.437500000000000e-01 0.000000000000000e+00
8.750000000000000e-01 8.437500000000000e-01 0.000000000000000e+00
8.750000000000000e-01 8.750000000000000e-01 0.000000000000000e+00
8.437500000000000e-01 8.750000000000000e-01 0.000000000000000e+00
8.750000000000000e-01 8.437500000000000e-01 0.000000000000000e+00
9.062500000000000e-01 8.437500000000000e-01 0.000000000000000e+00
9.062500000000000e-01 8.750000000000000e-01 0.000000000000000e+00
8.750000000000000e-01 8.750000000000000e-01 0.000000000000000e+00
9.062500000000000e-01 8.437500000000000e-01 0.000000000000000e+00
9.375000000000000e-01 8.437500000000000e-01 0.000000000000000e+00
9.375000000000000e-01 8.750000000000000e-01 0.000000000000000e+00
9.062500000000000e-01 8.750000000000000e-01 0.000000000000000e+00
9.375000000000000e-01 8.437500000000000e-01 0.000000000000000e+00
9.687500000000000e-01 8.437500000000000e-01 0.000000000000000e+00
9.687500000000000e-01 8.750000000000000e-01 0.000000000000000e+00
9.375000000000000e-01 8.750000000000000e-01 0.000000000000000e+00
9.687500000000000e-01 8.437500000000000e-01 0.000000000000000e+00
1.000000000000000e+00 8.437500000000000e-01 0.000000000000000e+00
1.000000000000000e+00 8.750000000000000e-01 0.000000000000000e+00
9.687500000000000e-01 8.750000000000000e-01 0.000000000000000e+00
0.000000000000000e+00 8.750000000000000e-01 0.000000000000000e+00
3.125000000000000e-02 8.750000000000000e-01 0.000000000000000e+00
3.125000000000000e-02 9.062500000000000e-01 0.000000000000000e+00
0.000000000000000e+00 9.062500000000000e-01 0.000000000000000e+00
3.125000000000000e-02 8.750000000000000e-01 0.000000000000000e+00
6.250000000000000e-02 8.750000000000000e-01 0.000000000000000e+00
6.250000000000000e-02 9.062500000000000e-01 0.000000000000000e+00
3.125000000000000e-02 9.062500000000000e-01 0.000000000000000e+00
6.250000000000000e-02 8.750000000000000e-01 0.000000000000000e+00
9.375000000000000e-02 8.750000000000000e-01 0.000000000000000e+00
9.375000000000000e-02 9.062500000000000e-01 0.000000000000000e+00
6.250000000000000e-02 9.062500000000000e-01 0.000000000000000e+00
9.375000000000000e-02 8.750000000000000e-01 0.000000000000000e+00
1.250000000000000e-01 8.750000000000000e-01 0.000000000000000e+00
1.250000000000000e-01 9.062500000000000e-01 0.000000000000000e+00
9.375000000000000e-02 9.062500000000000e-01 0.000000000000000e+00
1.250000000000000e-01 8.750000000000000e-01 0.000000000000000e+00
1.562500000000000e-01 8.750000000000000e-01 0.000000000000000e+00
1.562500000000000e-01 9.062500000000000e-01 0.000000000000000e+00
1.250000000000000e-01 9.062500000000000e-01 0.000000000000000e+00
1.562500000000000e-01 8.750000000000000e-01 0.000000000000000e+00
1.875000000000000e-01 8.750000000000000e-01 0.000000000000000e+00
1.875000000000000e-01 9.062500000000000e-01 0.000000000000000e+00
1.562500000000000e-01 9.062500000000000e-01 0.000000000000000e+00
1.875000000000000e-01 8.750000000000000e-01 0.000000000000000e+00
2.187500000000000e-01 8.750000000000000e-01 0.000000000000000e+00
2.187500000000000e-01 9.062500000000000e-01 0.000000000000000e+00
1.875000000000000e-01 9.062500000000000e-01 0.000000000000000e+00
2.187500000000000e-01 8.750000000000000e-01 0.000000000000000e+00
2.500000000000000e-01 8.750000000000000e-01 0.000000000000000e+00
2.500000000000000e-01 9.062500000000000e-01 0.000000000000000e+00
2.187500000000000e-01 9.062500000000000e-01 0.000000000000000e+00
2.500000000000000e-01 8.750000000000000e-01 0.000000000000000e+00
2.812500000000000e-01 8.750000000000000e-01 0.000000000000000e+00
2.812500000000000e-01 9.062500000000000e-01 0.000000000000000e+00
2.500000000000000e-01 9.062500000000000e-01 0.000000000000000e+00
2.812500000000000e-01 8.750000000000000e-01 0.000000000000000e+00
3.125000000000000e-01 8.750000000000000e-01 0.000000000000000e+00
3.125000000000000e-01 9.062500000000000e-01 0.000000000000000e+00
2.812500000000000e-01 9.062500000000000e-01 0.000000000000000e+00
3.125000000000000e-01 8.750000000000000e-01 0.000000000000000e+00
3.437500000000000e-01 8.750000000000000e-01 0.000000000000000e+00
3.437500000000000e-01 9.062500000000000e-01 0.000000000000000e+00
3.125000000000000e-01 9.062500000000000e-01 0.000000000000000e+00
3.437500000000000e-01 8.750000000000000e-01 0.000000000000000e+00
3.750000000000000e-01 8.750000000000000e-01 0.000000000000000e+00
3.750000000000000e-01 9.062500000000000e-01 0.000000000000000e+00
3.437500000000000e-01 9.062500000000000e-01 0.000000000000000e+00
3.750000000000000e-01 8.750000000000000e-01 0.000000000000000e+00
4.062500000000000e-01 8.750000000000000e-01 0.000000000000000e+00
4.062500000000000e-01 9.062500000000000e-01 0.000000000000000e+00
3.750000000000000e-01 9.062500000000000e-01 0.000000000000000e+00
4.062500000000000e-01 8.750000000000000e-01 0.000000000000000e+00
4.375000000000000e-01 8.750000000000000e-01 0.000000000000000e+00
4.375000000000000e-01 9.062500000000000e-01 0.000000000000000e+00
4.062500000000000e-01 9.062500000000000e-01 0.000000000000000e+00
4.375000000000000e-01 8.750000000000000e-01 0.000000000000000e+00
4.687500000000000e-01 8.750000000000000e-01 0.000000000000000e+00
4.687500000000000e-01 9.062500000000000e-01 0.000000000000000e+00
4.375000000000000e-01 9.062500000000000e-01 0.000000000000000e+00
4.687500000000000e-01 8.750000000000000e-01 0.000000000000000e+00
5.000000000000000e-01 8.750000000000000e-01 0.000000000000000e+00
5.000000000000000e-01 9.062500000000000e-01 0.000000000000000e+00
4.687500000000000e-01 9.062500000000000e-01 0.000000000000000e+00
5.000000000000000e-01 8.750000000000000e-01 0.000000000000000e+00
5.312500000000000e-01 8.750000000000000e-01 0.000000000000000e+00
5.312500000000000e-01 9.062500000000000e-01 0.000000000000000e+00
5.000000000000000e-01 9.062500000000000e-01 0.000000000000000e+00
5.312500000000000e-01 8.750000000000000e-01 0.000000000000000e+00
5.625000000000000e-01 8.750000000000000e-01 0.000000000000000e+00
5.625000000000000e-01 9.062500000000000e-01 0.000000000000000e+00
5.312500000000000e-01 9.062500000000000e-01 0.000000000000000e+00
5.625000000000000e-01 8.750000000000000e-01 0.000000000000000e+00
5.937500000000000e-01 8.750000000000000e-01 0.000000000000000e+00
5.937500000000000e-01 9.062500000000000e-01 0.000000000000000e+00
5.625000000000000e-01 9.062500000000000e-01 0.000000000000000e+00
5.937500000000000e-01 8.750000000000000e-01 0.000000000000000e+00
6.250000000000000e-01 8.750000000000000e-01 0.000000000000000e+00
6.250000000000000e-01 9.062500000000000e-01 0.000000000000000e+00
5.937500000000000e-01 9.062500000000000e-01 0.000000000000000e+00
6.250000000000000e-01 8.750000000000000e-01 0.000000000000000e+00
6.562500000000000e-01 8.750000000000000e-01 0.000000000000000e+00
6.562500000000000e-01 9.062500000000000e-01 0.000000000000000e+00
6.250000000000000e-01 9.062500000000000e-01 0.000000000000000e+00
6.562500000000000e-01 8.750000000000000e-01 0.000000000000000e+00
6.875000000000000e-01 8.750000000000000e-01 0.000000000000000e+00
6.875000000000000e-01 9.062500000000000e-01 0.000000000000000e+00
6.562500000000000e-01 9.062500000000000e-01 0.000000000000000e+00
6.875000000000000e-01 8.750000000000000e-01 0.000000000000000e+00
7.187500000000000e-01 8.750000000000000e-01 0.000000000000000e+00
7.187500000000000e-01 9.062500000000000e-01 0.000000000000000e+00
6.875000000000000e-01 9.062500000000000e-01 0.000000000000000e+00
7.187500000000000e-01 8.750000000000000e-01 0.000000000000000e+00
7.500000000000000e-01 8.750000000000000e-01 0.000000000000000e+00
7.500000000000000e-01 9.062500000000000e-01 0.000000000000000e+00
7.187500000000000e-01 9.062500000000000e-01 0.000000000000000e+00
7.500000000000000e-01 8.750000000000000e-01 0.000000000000000e+00
7.812500000000000e-01 8.750000000000000e-01 0.000000000000000e+00
7.812500000000000e-01 9.062500000000000e-01 0.000000000000000e+00
7.500000000000000e-01 9.062500000000000e-01 0.000000000000000e+00
7.812500000000000e-01 8.750000000000000e-01 0.000000000000000e+00
8.125000000000000e-01 8.750000000000000e-01 0.000000000000000e+00
8.125000000000000e-01 9.062500000000000e-01 0.000000000000000e+00
7.812500000000000e-01 9.062500000000000e-01 0.000000000000000e+00
8.125000000000000e-01 8.750000000000000e-01 0.000000000000000e+00
8.437500000000000e-01 8.750000000000000e-01 0.000000000000000e+00
8.437500000000000e-01 9.062500000000000e-01 0.000000000000000e+00
8.125000000000000e-01 9.062500000000000e-01 0.000000000000000e+00
8.437500000000000e-01 8.750000000000000e-01 0.000000000000000e+00
8.750000000000000e-01 8.750000000000000e-01 0.000000000000000e+00
8.750000000000000e-01 9.062500000000000e-01 0.000000000000000e+00
8.437500000000000e-01 9.062500000000000e-01 0.000000000000000e+00
8.750000000000000e-01 8.750000000000000e-01 0.000000000000000e+00
9.062500000000000e-01 8.750000000000000e-01 0.000000000000000e+00
9.062500000000000e-01 9.062500000000000e-01 0.000000000000000e+00
8.750000000000000e-01 9.062500000000000e-01 0.000000000000000e+00
9.062500000000000e-01 8.750000000000000e-01 0.000000000000000e+00
9.375000000000000e-01 8.750000000000000e-01 0.000000000000000e+00
9.375000000000000e-01 9.062500000000000e-01 0.000000000000000e+00
9.062500000000000e-01 9.062500000000000e-01 0.000000000000000e+00
9.375000000000000e-01 8.750000000000000e-01 0.000000000000000e+00
9.687500000000000e-01 8.750000000000000e-01 0.000000000000000e+00
9.687500000000000e-01 9.062500000000000e-01 0.000000000000000e+00
9.375000000000000e-01 9.062500000000000e-01 0.000000000000000e+00
9.687500000000000e-01 8.750000000000000e-01 0.000000000000000e+00
1.000000000000000e+00 8.750000000000000e-01 0.000000000000000e+00
1.000000000000000e+00 9.062500000000000e-01 0.000000000000000e+00
9.687500000000000e-01 9.062500000000000e-01 0.000000000000000e+00
0.000000000000000e+00 9.062500000000000e-01 0.000000000000000e+00
3.125000000000000e-02 9.062500000000000e-01 0.000000000000000e+00
3.125000000000000e-02 9.375000000000000e-01 0.000000000000000e+00
0.000000000000000e+00 9.375000000000000e-01 0.000000000000000e+00
3.125000000000000e-02 9.062500000000000e-01 0.000000000000000e+00
6.250000000000000e-02 9.062500000000000e-01 0.000000000000000e+00
6.250000000000000e-02 9.375000000000000e-01 0.000000000000000e+00
3.125000000000000e-02 9.375000000000000e-01 0.000000000000000e+00
6.250000000000000e-02 9.062500000000000e-01 0.000000000000000e+00
9.375000000000000e-02 9.062500000000000e-01 0.000000000000000e+00
9.375000000000000e-02 9.375000000000000e-01 0.000000000000000e+00
6.250000000000000e-02 9.375000000000000e-01 0.000000000000000e+00
9.375000000000000e-02 9.062500000000000e-01 0.000000000000000e+00
1.250000000000000e-01 9.062500000000000e-01 0.000000000000000e+00
1.250000000000000e-01 9.375000000000000e-01 0.000000000000000e+00
9.375000000000000e-02 9.375000000000000e-01 0.000000000000000e+00
1.250000000000000e-01 9.062500000000000e-01 0.000000000000000e+00
1.562500000000000e-01 9.062500000000000e-01 0.000000000000000e+00
1.562500000000000e-01 9.375000000000000e-01 0.000000000000000e+00
1.250000000000000e-01 9.375000000000000e-01 0.000000000000000e+00
1.562500000000000e-01 9.062500000000000e-01 0.000000000000000e+00
1.875000000000000e-01 9.062500000000000e-01 0.000000000000000e+00
1.875000000000000e-01 9.375000000000000e-01 0.000000000000000e+00
1.562500000000000e-01 9.375000000000000e-01 0.000000000000000e+00
1.875000000000000e-01 9.062500000000000e-01 0.000000000000000e+00
2.187500000000000e-01 9.062500000000000e-01 0.000000000000000e+00
2.187500000000000e-01 9.375000000000000e-01 0.000000000000000e+00
1.875000000000000e-01 9.375000000000000e-01 0.000000000000000e+00
2.187500000000000e-01 9.062500000000000e-01 0.000000000000000e+00
2.500000000000000e-01 9.062500000000000e-01 0.000000000000000e+00
2.500000000000000e-01 9.375000000000000e-01 0.000000000000000e+00
2.187500000000000e-01 9.375000000000000e-01 0.000000000000000e+00
2.500000000000000e-01 9.062500000000000e-01 0.000000000000000e+00
2.812500000000000e-01 9.062500000000000e-01 0.000000000000000e+00
2.812500000000000e-01 9.375000000000000e-01 0.000000000000000e+00
2.500000000000000e-01 9.375000000000000e-01 0.000000000000000e+00
2.812500000000000e-01 9.062500000000000e-01 0.000000000000000e+00
3.125000000000000e-01 9.062500000000000e-01 0.000000000000000e+00
3.125000000000000e-01 9.375000000000000e-01 0.000000000000000e+00
2.812500000000000e-01 9.375000000000000e-01 0.000000000000000e+00
3.125000000000000e-01 9.062500000000000e-01 0.000000000000000e+00
3.437500000000000e-01 9.062500000000000e-01 0.000000000000000e+00
3.437500000000000e-01 9.375000000000000e-01 0.000000000000000e+00
3.125000000000000e-01 9.375000000000000e-01 0.000000000000000e+00
3.437500000000000e-01 9.062500000000000e-01 0.000000000000000e+00
3.750000000000000e-01 9.062500000000000e-01 0.000000000000000e+00
3.750000000000000e-01 9.375000000000000e-01 0.000000000000000e+00
3.437500000000000e-01 9.375000000000000e-01 0.000000000000000e+00
3.750000000000000e-01 9.062500000000000e-01 0.000000000000000e+00
4.062500000000000e-01 9.062500000000000e-01 0.000000000000000e+00
4.062500000000000e-01 9.375000000000000e-01 0.000000000000000e+00
3.750000000000000e-01 9.375000000000000e-01 0.000000000000000e+00
4.062500000000000e-01 9.062500000000000e-01 0.000000000000000e+00
4.375000000000000e-01 9.062500000000000e-01 0.000000000000000e+00
4.375000000000000e-01 9.375000000000000e-01 0.000000000000000e+00
4.062500000000000e-01 9.375000000000000e-01 0.000000000000000e+00
4.375000000000000e-01 9.062500000000000e-01 0.000000000000000e+00
4.687500000000000e-01 9.062500000000000e-01 0.000000000000000e+00
4.687500000000000e-01 9.375000000000000e-01 0.000000000000000e+00
4.375000000000000e-01 9.375000000000000e-01 0.000000000000000e+00
4.687500000000000e-01 9.062500000000000e-01 0.000000000000000e+00
5.000000000000000e-01 9.062500000000000e-01 0.000000000000000e+00
5.000000000000000e-01 9.375000000000000e-01 0.000000000000000e+00
4.687500000000000e-01 9.375000000000000e-01 0.000000000000000e+00
5.000000000000000e-01 9.062500000000000e-01 0.000000000000000e+00
5.312500000000000e-01 9.062500000000000e-01 0.000000000000000e+00
5.312500000000000e-01 9.375000000000000e-01 0.000000000000000e+00
5.000000000000000e-01 9.375000000000000e-01 0.000000000000000e+00
5.312500000000000e-01 9.062500000000000e-01 0.000000000000000e+00
5.625000000000000e-01 9.062500000000000e-01 0.000000000000000e+00
5.625000000000000e-01 9.375000000000000e-01 0.000000000000000e+00
5.312500000000000e-01 9.375000000000000e-01 0.000000000000000e+00
5.625000000000000e-01 9.062500000000000e-01 0.000000000000000e+00
5.937500000000000e-01 9.062500000000000e-01 0.000000000000000e+00
5.937500000000000e-01 9.375000000000000e-01 0.000000000000000e+00
5.625000000000000e-01 9.375000000000000e-01 0.000000000000000e+00
5.937500000000000e-01 9.062500000000000e-01 0.000000000000000e+00
6.250000000000000e-01 9.062500000000000e-01 0.000000000000000e+00
6.250000000000000e-01 9.375000000000000e-01 0.000000000000000e+00
5.937500000000000e-01 9.375000000000000e-01 0.000000000000000e+00
6.250000000000000e-01 9.062500000000000e-01 0.000000000000000e+00
6.562500000000000e-01 9.062500000000000e-01 0.000000000000000e+00
6.562500000000000e-01 9.375000000000000e-01 0.000000000000000e+00
6.250000000000000e-01 9.375000000000000e-01 0.000000000000000e+00
6.562500000000000e-01 9.062500000000000e-01 0.000000000000000e+00
6.875000000000000e-01 9.062500000000000e-01 0.000000000000000e+00
6.875000000000000e-01 9.375000000000000e-01 0.000000000000000e+00
6.562500000000000e-01 9.375000000000000e-01 0.000000000000000e+00
6.875000000000000e-01 9.062500000000000e-01 0.000000000000000e+00
7.187500000000000e-01 9.062500000000000e-01 0.000000000000000e+00
7.187500000000000e-01 9.375000000000000e-01 0.000000000000000e+00
6.875000000000000e-01 9.375000000000000e-01 0.000000000000000e+00
7.187500000000000e-01 9.062500000000000e-01 0.000000000000000e+00
7.500000000000000e-01 9.062500000000000e-01 0.000000000000000e+00
7.500000000000000e-01 9.375000000000000e-01 0.000000000000000e+00
7.187500000000000e-01 9.375000000000000e-01 0.000000000000000e+00
7.500000000000000e-01 9.062500000000000e-01 0.000000000000000e+00
7.812500000000000e-01 9.062500000000000e-01 0.000000000000000e+00
7.812500000000000e-01 9.375000000000000e-01 0.000000000000000e+00
7.500000000000000e-01 9.375000000000000e-01 0.000000000000000e+00
7.812500000000000e-01 9.062500000000000e-01 0.000000000000000e+00
8.125000000000000e-01 9.062500000000000e-01 0.000000000000000e+00
8.125000000000000e-01 9.375000000000000e-01 0.000000000000000e+00
7.812500000000000e-01 9.375000000000000e-01 0.000000000000000e+00
8.125000000000000e-01 9.062500000000000e-01 0.000000000000000e+00
8.437500000000000e-01 9.062500000000000e-01 0.000000000000000e+00
8.437500000000000e-01 9.375000000000000e-01 0.000000000000000e+00
8.125000000000000e-01 9.375000000000000e-01 0.000000000000000e+00
8.437500000000000e-01 9.062500000000000e-01 0.000000000000000e+00
8.750000000000000e-01 9.062500000000000e-01 0.000000000000000e+00
8.750000000000000e-01 9.375000000000000e-01 0.000000000000000e+00
8.437500000000000e-01 9.375000000000000e-01 0.000000000000000e+00
8.750000000000000e-01 9.062500000000000e-01 0.000000000000000e+00
9.062500000000000e-01 9.062500000000000e-01 0.000000000000000e+00
9.062500000000000e-01 9.375000000000000e-01 0.000000000000000e+00
8.750000000000000e-01 9.375000000000000e-01 0.000000000000000e+00
9.062500000000000e-01 9.062500000000000e-01 0.000000000000000e+00
9.375000000000000e-01 9.062500000000000e-01 0.000000000000000e+00
9.375000000000000e-01 9.375000000000000e-01 0.000000000000000e+00
9.062500000000000e-01 9.375000000000000e-01 0.000000000000000e+00
9.375000000000000e-01 9.062500000000000e-01 0.000000000000000e+00
9.687500000000000e-01 9.062500000000000e-01 0.000000000000000e+00
9.687500000000000e-01 9.375000000000000e-01 0.000000000000000e+00
9.375000000000000e-01 9.375000000000000e-01 0.000000000000000e+00
9.687500000000000e-01 9.062500000000000e-01 0.000000000000000e+00
1.000000000000000e+00 9.062500000000000e-01 0.000000000000000e+00
1.000000000000000e+00 9.375000000000000e-01 0.000000000000000e+00
9.687500000000000e-01 9.375000000000000e-01 0.000000000000000e+00
0.000000000000000e+00 9.375000000000000e-01 0.000000000000000e+00
3.125000000000000e-02 9.375000000000000e-01 0.000000000000000e+00
3.125000000000000e-02 9.687500000000000e-01 0.000000000000000e+00
0.000000000000000e+00 9.687500000000000e-01 0.000000000000000e+00
3.125000000000000e-02 9.375000000000000e-01 0.000000000000000e+00
6.250000000000000e-02 9.375000000000000e-01 0.000000000000000e+00
6.250000000000000e-02 9.687500000000000e-01 0.000000000000000e+00
3.125000000000000e-02 9.687500000000000e-01 0.000000000000000e+00
6.250000000000000e-02 9.375000000000000e-01 0.000000000000000e+00
9.375000000000000e-02 9.375000000000000e-01 0.000000000000000e+00
9.375000000000000e-02 9.687500000000000e-01 0.000000000000000e+00
6.250000000000000e-02 9.687500000000000e-01 0.000000000000000e+00
9.375000000000000e-02 9.375000000000000e-01 0.000000000000000e+00
1.250000000000000e-01 9.375000000000000e-01 0.000000000000000e+00
1.250000000000000e-01 9.687500000000000e-01 0.000000000000000e+00
9.375000000000000e-02 9.687500000000000e-01 0.000000000000000e+00
1.250000000000000e-01 9.375000000000000e-01 0.000000000000000e+00
1.562500000000000e-01 9.375000000000000e-01 0.000000000000000e+00
1.562500000000000e-01 9.687500000000000e-01 0.000000000000000e+00
1.250000000000000e-01 9.687500000000000e-01 0.000000000000000e+00
1.562500000000000e-01 9.375000000000000e-01 0.000000000000000e+00
1.875000000000000e-01 9.375000000000000e-01 0.000000000000000e+00
1.875000000000000e-01 9.687500000000000e-01 0.000000000000000e+00
1.562500000000000e-01 9.687500000000000e-01 0.000000000000000e+00
1.875000000000000e-01 9.375000000000000e-01 0.000000000000000e+00
2.187500000000000e-01 9.375000000000000e-01 0.000000000000000e+00
2.187500000000000e-01 9.687500000000000e-01 0.000000000000000e+00
1.875000000000000e-01 9.687500000000000e-01 0.000000000000000e+00
2.187500000000000e-01 9.375000000000000e-01 0.000000000000000e+00
2.500000000000000e-01 9.375000000000000e-01 0.000000000000000e+00
2.500000000000000e-01 9.687500000000000e-01 0.000000000000000e+00
2.187500000000000e-01 9.687500000000000e-01 0.000000000000000e+00
2.500000000000000e-01 9.375000000000000e-01 0.000000000000000e+00
2.812500000000000e-01 9.375000000000000e-01 0.000000000000000e+00
2.812500000000000e-01 9.687500000000000e-01 0.000000000000000e+00
2.500000000000000e-01 9.687500000000000e-01 0.000000000000000e+00
2.812500000000000e-01 9.375000000000000e-01 0.000000000000000e+00
3.125000000000000e-01 9.375000000000000e-01 0.000000000000000e+00
3.125000000000000e-01 9.687500000000000e-01 0.000000000000000e+00
2.812500000000000e-01 9.687500000000000e-01 0.000000000000000e+00
3.125000000000000e-01 9.375000000000000e-01 0.000000000000000e+00
3.437500000000000e-01 9.375000000000000e-01 0.000000000000000e+00
3.437500000000000e-01 9.687500000000000e-01 0.000000000000000e+00
3.125000000000000e-01 9.687500000000000e-01 0.000000000000000e+00
3.437500000000000e-01 9.375000000000000e-01 0.000000000000000e+00
3.750000000000000e-01 9.375000000000000e-01 0.000000000000000e+00
3.750000000000000e-01 9.687500000000000e-01 0.000000000000000e+00
3.437500000000000e-01 9.687500000000000e-01 0.000000000000000e+00
3.750000000000000e-01 9.375000000000000e-01 0.000000000000000e+00
4.062500000000000e-01 9.375000000000000e-01 0.000000000000000e+00
4.062500000000000e-01 9.687500000000000e-01 0.000000000000000e+00
3.750000000000000e-01 9.687500000000000e-01 0.000000000000000e+00
4.062500000000000e-01 9.375000000000000e-01 0.000000000000000e+00
4.375000000000000e-01 9.375000000000000e-01 0.000000000000000e+00
4.375000000000000e-01 9.687500000000000e-01 0.000000000000000e+00
4.062500000000000e-01 9.687500000000000e-01 0.000000000000000e+00
4.375000000000000e-01 9.375000000000000e-01 0.000000000000000e+00
4.687500000000000e-01 9.375000000000000e-01 0.000000000000000e+00
4.687500000000000e-01 9.687500000000000e-01 0.000000000000000e+00
4.375000000000000e-01 9.687500000000000e-01 0.000000000000000e+00
4.687500000000000e-01 9.375000000000000e-01 0.000000000000000e+00
5.000000000000000e-01 9.375000000000000e-01 0.000000000000000e+00
5.000000000000000e-01 9.687500000000000e-01 0.000000000000000e+00
4.687500000000000e-01 9.687500000000000e-01 0.000000000000000e+00
5.000000000000000e-01 9.375000000000000e-01 0.000000000000000e+00
5.312500000000000e-01 9.375000000000000e-01 0.000000000000000e+00
5.312500000000000e-01 9.687500000000000e-01 0.000000000000000e+00
5.000000000000000e-01 9.687500000000000e-01 0.000000000000000e+00
5.312500000000000e-01 9.375000000000000e-01 0.000000000000000e+00
5.625000000000000e-01 9.375000000000000e-01 0.000000000000000e+00
5.625000000000000e-01 9.687500000000000e-01 0.000000000000000e+00
5.312500000000000e-01 9.687500000000000e-01 0.000000000000000e+00
5.625000000000000e-01 9.375000000000000e-01 0.000000000000000e+00
5.937500000000000e-01 9.375000000000000e-01 0.000000000000000e+00
5.937500000000000e-01 9.687500000000000e-01 0.000000000000000e+00
5.625000000000000e-01 9.687500000000000e-01 0.000000000000000e+00
5.937500000000000e-01 9.375000000000000e-01 0.000000000000000e+00
6.250000000000000e-01 9.375000000000000e-01 0.000000000000000e+00
6.250000000000000e-01 9.687500000000000e-01 0.000000000000000e+00
5.937500000000000e-01 9.687500000000000e-01 0.000000000000000e+00
6.250000000000000e-01 9.375000000000000e-01 0.000000000000000e+00
6.562500000000000e-01 9.375000000000000e-01 0.000000000000000e+00
6.562500000000000e-01 9.687500000000000e-01 0.000000000000000e+00
6.250000000000000e-01 9.687500000000000e-01 0.000000000000000e+00
6.562500000000000e-01 9.375000000000000e-01 0.000000000000000e+00
6.875000000000000e-01 9.375000000000000e-01 0.000000000000000e+00
6.875000000000000e-01 9.687500000000000e-01 0.000000000000000e+00
6.562500000000000e-01 9.687500000000000e-01 0.000000000000000e+00
6.875000000000000e-01 9.375000000000000e-01 0.000000000000000e+00
7.187500000000000e-01 9.375000000000000e-01 0.000000000000000e+00
7.187500000000000e-01 9.687500000000000e-01 0.000000000000000e+00
6.875000000000000e-01 9.687500000000000e-01 0.000000000000000e+00
7.187500000000000e-01 9.375000000000000e-01 0.000000000000000e+00
7.500000000000000e-01 9.375000000000000e-01 0.000000000000000e+00
7.500000000000000e-01 9.687500000000000e-01 0.000000000000000e+00
7.187500000000000e-01 9.687500000000000e-01 0.000000000000000e+00
7.500000000000000e-01 9.375000000000000e-01 0.000000000000000e+00
7.812500000000000e-01 9.375000000000000e-01 0.000000000000000e+00
7.812500000000000e-01 9.687500000000000e-01 0.000000000000000e+00
7.500000000000000e-01 9.687500000000000e-01 0.000000000000000e+00
7.812500000000000e-01 9.375000000000000e-01 0.000000000000000e+00
8.125000000000000e-01 9.375000000000000e-01 0.000000000000000e+00
8.125000000000000e-01 9.687500000000000e-01 0.000000000000000e+00
7.812500000000000e-01 9.687500000000000e-01 0.000000000000000e+00
8.125000000000000e-01 9.375000000000000e-01 0.000000000000000e+00
8.437500000000000e-01 9.375000000000000e-01 0.000000000000000e+00
8.437500000000000e-01 9.687500000000000e-01 0.000000000000000e+00
8.125000000000000e-01 9.687500000000000e-01 0.000000000000000e+00
8.437500000000000e-01 9.375000000000000e-01 0.000000000000000e+00
8.750000000000000e-01 9.375000000000000e-01 0.000000000000000e+00
8.750000000000000e-01 9.687500000000000e-01 0.000000000000000e+00
8.437500000000000e-01 9.687500000000000e-01 0.000000000000000e+00
8.750000000000000e-01 9.375000000000000e-01 0.000000000000000e+00
9.062500000000000e-01 9.375000000000000e-01 0.000000000000000e+00
9.062500000000000e-01 9.687500000000000e-01 0.000000000000000e+00
8.750000000000000e-01 9.687500000000000e-01 0.000000000000000e+00
9.062500000000000e-01 9.375000000000000e-01 0.000000000000000e+00
9.375000000000000e-01 9.375000000000000e-01 0.000000000000000e+00
9.375000000000000e-01 9.687500000000000e-01 0.000000000000000e+00
9.062500000000000e-01 9.687500000000000e-01 0.000000000000000e+00
9.375000000000000e-01 9.375000000000000e-01 0.000000000000000e+00
9.687500000000000e-01 9.375000000000000e-01 0.000000000000000e+00
9.687500000000000e-01 9.687500000000000e-01 0.000000000000000e+00
9.375000000000000e-01 9.687500000000000e-01 0.000000000000000e+00
9.687500000000000e-01 9.375000000000000e-01 0.000000000000000e+00
1.000000000000000e+00 9.375000000000000e-01 0.000000000000000e+00
1.000000000000000e+00 9.687500000000000e-01 0.000000000000000e+00
9.687500000000000e-01 9.687500000000000e-01 0.000000000000000e+00
0.000000000000000e+00 9.687500000000000e-01 0.000000000000000e+00
3.125000000000000e-02 9.687500000000000e-01 0.000000000000000e+00
3.125000000000000e-02 1.000000000000000e+00 0.000000000000000e+00
0.000000000000000e+00 1.000000000000000e+00 0.000000000000000e+00
3.125000000000000e-02 9.687500000000000e-01 0.000000000000000e+00
6.250000000000000e-02 9.687500000000000e-01 0.000000000000000e+00
6.250000000000000e-02 1.000000000000000e+00 0.000000000000000e+00
3.125000000000000e-02 1.000000000000000e+00 0.000000000000000e+00
6.250000000000000e-02 9.687500000000000e-01 0.000000000000000e+00
9.375000000000000e-02 9.687500000000000e-01 0.000000000000000e+00
9.375000000000000e-02 1.000000000000000e+00 0.000000000000000e+00
6.250000000000000e-02 1.000000000000000e+00 0.000000000000000e+00
9.375000000000000e-02 9.687500000000000e-01 0.000000000000000e+00
1.250000000000000e-01 9.687500000000000e-01 0.000000000000000e+00
1.250000000000000e-01 1.000000000000000e+00 0.000000000000000e+00
9.375000000000000e-02 1.000000000000000e+00 0.000000000000000e+00
1.250000000000000e-01 9.687500000000000e-01 0.000000000000000e+00
1.562500000000000e-01 9.687500000000000e-01 0.000000000000000e+00
1.562500000000000e-01 1.000000000000000e+00 0.000000000000000e+00
1.250000000000000e-01 1.000000000000000e+00 0.000000000000000e+00
1.562500000000000e-01 9.687500000000000e-01 0.000000000000000e+00
1.875000000000000e-01 9.687500000000000e-01 0.000000000000000e+00
1.875000000000000e-01 1.000000000000000e+00 0.000000000000000e+00
1.562500000000000e-01 1.000000000000000e+00 0.000000000000000e+00
1.875000000000000e-01 9.687500000000000e-01 0.000000000000000e+00
2.187500000000000e-01 9.687500000000000e-01 0.000000000000000e+00
2.187500000000000e-01 1.000000000000000e+00 0.000000000000000e+00
1.875000000000000e-01 1.000000000000000e+00 0.000000000000000e+00
2.187500000000000e-01 9.687500000000000e-01 0.000000000000000e+00
2.500000000000000e-01 9.687500000000000e-01 0.000000000000000e+00
2.500000000000000e-01 1.000000000000000e+00 0.000000000000000e+00
2.187500000000000e-01 1.000000000000000e+00 0.000000000000000e+00
2.500000000000000e-01 9.687500000000000e-01 0.000000000000000e+00
2.812500000000000e-01 9.687500000000000e-01 0.000000000000000e+00
2.812500000000000e-01 1.000000000000000e+00 0.000000000000000e+00
2.500000000000000e-01 1.000000000000000e+00 0.000000000000000e+00
2.812500000000000e-01 9.687500000000000e-01 0.000000000000000e+00
3.125000000000000e-01 9.687500000000000e-01 0.000000000000000e+00
3.125000000000000e-01 1.000000000000000e+00 0.000000000000000e+00
2.812500000000000e-01 1.000000000000000e+00 0.000000000000000e+00
3.125000000000000e-01 9.687500000000000e-01 0.000000000000000e+00
3.437500000000000e-01 9.687500000000000e-01 0.000000000000000e+00
3.437500000000000e-01 1.000000000000000e+00 0.000000000000000e+00
3.125000000000000e-01 1.000000000000000e+00 0.000000000000000e+00
3.437500000000000e-01 9.687500000000000e-01 0.000000000000000e+00
3.750000000000000e-01 9.687500000000000e-01 0.000000000000000e+00
3.750000000000000e-01 1.000000000000000e+00 0.000000000000000e+00
3.437500000000000e-01 1.000000000000000e+00 0.000000000000000e+00
3.750000000000000e-01 9.687500000000000e-01 0.000000000000000e+00
4.062500000000000e-01 9.687500000000000e-01 0.000000000000000e+00
4.062500000000000e-01 1.000000000000000e+00 0.000000000000000e+00
3.750000000000000e-01 1.000000000000000e+00 0.000000000000000e+00
4.062500000000000e-01 9.687500000000000e-01 0.000000000000000e+00
4.375000000000000e-01 9.687500000000000e-01 0.000000000000000e+00
4.375000000000000e-01 1.000000000000000e+00 0.000000000000000e+00
4.062500000000000e-01 1.000000000000000e+00 0.000000000000000e+00
4.375000000000000e-01 9.687500000000000e-01 0.000000000000000e+00
4.687500000000000e-01 9.687500000000000e-01 0.000000000000000e+00
4.687500000000000e-01 1.000000000000000e+00 0.000000000000000e+00
4.375000000000000e-01 1.000000000000000e+00 0.000000000000000e+00
4.687500000000000e-01 9.687500000000000e-01 0.000000000000000e+00
5.000000000000000e-01 9.687500000000000e-01 0.000000000000000e+00
5.000000000000000e-01 1.000000000000000e+00 0.000000000000000e+00
4.687500000000000e-01 1.000000000000000e+00 0.000000000000000e+00
5.000000000000000e-01 9.687500000000000e-01 0.000000000000000e+00
5.312500000000000e-01 9.687500000000000e-01 0.000000000000000e+00
5.312500000000000e-01 1.000000000000000e+00 0.000000000000000e+00
5.000000000000000e-01 1.000000000000000e+00 0.000000000000000e+00
5.312500000000000e-01 9.687500000000000e-01 0.000000000000000e+00
5.625000000000000e-01 9.687500000000000e-01 0.000000000000000e+00
5.625000000000000e-01 1.000000000000000e+00 0.000000000000000e+00
5.312500000000000e-01 1.000000000000000e+00 0.000000000000000e+00
5.625000000000000e-01 9.687500000000000e-01 0.000000000000000e+00
5.937500000000000e-01 9.687500000000000e-01 0.000000000000000e+00
5.937500000000000e-01 1.000000000000000e+00 0.000000000000000e+00
5.625000000000000e-01 1.000000000000000e+00 0.000000000000000e+00
5.937500000000000e-01 9.687500000000000e-01 0.000000000000000e+00
6.250000000000000e-01 9.687500000000000e-01 0.000000000000000e+00
6.250000000000000e-01 1.000000000000000e+00 0.000000000000000e+00
5.937500000000000e-01 1.000000000000000e+00 0.000000000000000e+00
6.250000000000000e-01 9.687500000000000e-01 0.000000000000000e+00
6.562500000000000e-01 9.687500000000000e-01 0.000000000000000e+00
6.562500000000000e-01 1.000000000000000e+00 0.000000000000000e+00
6.250000000000000e-01 1.000000000000000e+00 0.000000000000000e+00
6.562500000000000e-01 9.687500000000000e-01 0.000000000000000e+00
6.875000000000000e-01 9.687500000000000e-01 0.000000000000000e+00
6.875000000000000e-01 1.000000000000000e+00 0.000000000000000e+00
6.562500000000000e-01 1.000000000000000e+00 0.000000000000000e+00
6.875000000000000e-01 9.687500000000000e-01 0.000000000000000e+00
7.187500000000000e-01 9.687500000000000e-01 0.000000000000000e+00
7.187500000000000e-01 1.000000000000000e+00 0.000000000000000e+00
6.875000000000000e-01 1.000000000000000e+00 0.000000000000000e+00
7.187500000000000e-01 9.687500000000000e-01 0.000000000000000e+00
7.500000000000000e-01 9.687500000000000e-01 0.000000000000000e+00
7.500000000000000e-01 1.000000000000000e+00 0.000000000000000e+00
7.187500000000000e-01 1.000000000000000e+00 0.000000000000000e+00
7.500000000000000e-01 9.687500000000000e-01 0.000000000000000e+00
7.812500000000000e-01 9.687500000000000e-01 0.000000000000000e+00
7.812500000000000e-01 1.000000000000000e+00 0.000000000000000e+00
7.500000000000000e-01 1.000000000000000e+00 0.000000000000000e+00
7.812500000000000e-01 9.687500000000000e-01 0.000000000000000e+00
8.125000000000000e-01 9.687500000000000e-01 0.000000000000000e+00
8.125000000000000e-01 1.000000000000000e+00 0.000000000000000e+00
7.812500000000000e-01 1.000000000000000e+00 0.000000000000000e+00
8.125000000000000e-01 9.687500000000000e-01 0.000000000000000e+00
8.437500000000000e-01 9.687500000000000e-01 0.000000000000000e+00
8.437500000000000e-01 1.000000000000000e+00 0.000000000000000e+00
8.125000000000000e-01 1.000000000000000e+00 0.000000000000000e+00
8.437500000000000e-01 9.687500000000000e-01 0.000000000000000e+00
8.750000000000000e-01 9.687500000000000e-01 0.000000000000000e+00
8.750000000000000e-01 1.000000000000000e+00 0.000000000000000e+00
8.437500000000000e-01 1.000000000000000e+00 0.000000000000000e+00
8.750000000000000e-01 9.687500000000000e-01 0.000000000000000e+00
9.062500000000000e-01 9.687500000000000e-01 0.000000000000000e+00
9.062500000000000e-01 1.000000000000000e+00 0.000000000000000e+00
8.750000000000000e-01 1.000000000000000e+00 0.000000000000000e+00
9.062500000000000e-01 9.687500000000000e-01 0.000000000000000e+00
9.375000000000000e-01 9.687500000000000e-01 0.000000000000000e+00
9.375000000000000e-01 1.000000000000000e+00 0.000000000000000e+00
9.062500000000000e-01 1.000000000000000e+00 0.000000000000000e+00
9.375000000000000e-01 9.687500000000000e-01 0.000000000000000e+00
9.687500000000000e-01 9.687500000000000e-01 0.000000000000000e+00
9.687500000000000e-01 1.000000000000000e+00 0.000000000000000e+00
9.375000000000000e-01 1.000000000000000e+00 0.000000000000000e+00
9.687500000000000e-01 9.687500000000000e-01 0.000000000000000e+00
1.000000000000000e+00 9.687500000000000e-01 0.000000000000000e+00
1.000000000000000e+00 1.000000000000000e+00 0.000000000000000e+00
9.687500000000000e-01 1.000000000000000e+00 0.000000000000000e+00
        </DataArray>
      </Points>

      <Cells>
        <DataArray type="Int32" Name="connectivity" format="ascii">
0 1 2 3 4 5 6 7 8 9 10 11 12 13 14 15 16 17 18 19 20 21 22 23 24 25 26 27 28 29 30 31 32 33 34 35 36 37 38 39 40 41 42 43 44 45 46 47 48 49 50 51 52 53 54 55 56 57 58 59 60 61 62 63 64 65 66 67 68 69 70 71 72 73 74 75 76 77 78 79 80 81 82 83 84 85 86 87 88 89 90 91 92 93 94 95 96 97 98 99 100 101 102 103 104 105 106 107 108 109 110 111 112 113 114 115 116 117 118 119 120 121 122 123 124 125 126 127 128 129 130 131 132 133 134 135 136 137 138 139 140 141 142 143 144 145 146 147 148 149 150 151 152 153 154 155 156 157 158 159 160 161 162 163 164 165 166 167 168 169 170 171 172 173 174 175 176 177 178 179 180 181 182 183 184 185 186 187 188 189 190 191 192 193 194 195 196 197 198 199 200 201 202 203 204 205 206 207 208 209 210 211 212 213 214 215 216 217 218 219 220 221 222 223 224 225 226 227 228 229 230 231 232 233 234 235 236 237 238 239 240 241 242 243 244 245 246 247 248 249 250 251 252 253 254 255 256 257 258 259 260 261 262 263 264 265 266 267 268 269 270 271 272 273 274 275 276 277 278 279 280 281 282 283 284 285 286 287 288 289 290 291 292 293 294 295 296 297 298 299 300 301 302 303 304 305 306 307 308 309 310 311 312 313 314 315 316 317 318 319 320 321 322 323 324 325 326 327 328 329 330 331 332 333 334 335 336 337 338 339 340 341 342 343 344 345 346 347 348 349 350 351 352 353 354 355 356 357 358 359 360 361 362 363 364 365 366 367 368 369 370 371 372 373 374 375 376 377 378 379 380 381 382 383 384 385 386 387 388 389 390 391 392 393 394 395 396 397 398 399 400 401 402 403 404 405 406 407 408 409 410 411 412 413 414 415 416 417 418 419 420 421 422 423 424 425 426 427 428 429 430 431 432 433 434 435 436 437 438 439 440 441 442 443 444 445 446 447 448 449 450 451 452 453 454 455 456 457 458 459 460 461 462 463 464 465 466 467 468 469 470 471 472 473 474 475 476 477 478 479 480 481 482 483 484 485 486 487 488 489 490 491 492 493 494 495 496 497 498 499 500 501 502 503 504 505 506 507 508 509 510 511 512 513 514 515 516 517 518 519 520 521 522 523 524 525 526 527 528 529 530 531 532 533 534 535 536 537 538 539 540 541 542 543 544 545 546 547 548 549 550 551 552 553 554 555 556 557 558 559 560 561 562 563 564 565 566 567 568 569 570 571 572 573 574 575 576 577 578 579 580 581 582 583 584 585 586 587 588 589 590 591 592 593 594 595 596 597 598 599 600 601 602 603 604 605 606 607 608 609 610 611 612 613 614 615 616 617 618 619 620 621 622 623 624 625 626 627 628 629 630 631 632 633 634 635 636 637 638 639 640 641 642 643 644 645 646 647 648 649 650 651 652 653 654 655 656 657 658 659 660 661 662 663 664 665 666 667 668 669 670 671 672 673 674 675 676 677 678 679 680 681 682 683 684 685 686 687 688 689 690 691 692 693 694 695 696 697 698 699 700 701 702 703 704 705 706 707 708 709 710 711 712 713 714 715 716 717 718 719 720 721 722 723 724 725 726 727 728 729 730 731 732 733 734 735 736 737 738 739 740 741 742 743 744 745 746 747 748 749 750 751 752 753 754 755 756 757 758 759 760 761 762 763 764 765 766 767 768 769 770 771 772 773 774 775 776 777 778 779 780 781 782 783 784 785 786 787 788 789 790 791 792 793 794 795 796 797 798 799 800 801 802 803 804 805 806 807 808 809 810 811 812 813 814 815 816 817 818 819 820 821 822 823 824 825 826 827 828 829 830 831 832 833 834 835 836 837 838 839 840 841 842 843 844 845 846 847 848 849 850 851 852 853 854 855 856 857 858 859 860 861 862 863 864 865 866 867 868 869 870 871 872 873 874 875 876 877 878 879 880 881 882 883 884 885 886 887 888 889 890 891 892 893 894 895 896 897 898 899 900 901 902 903 904 905 906 907 908 909 910 911 912 913 914 915 916 917 918 919 920 921 922 923 924 925 926 927 928 929 930 931 932 933 934 935 936 937 938 939 940 941 942 943 944 945 946 947 948 949 950 951 952 953 954 955 956 957 958 959 960 961 962 963 964 965 966 967 968 969 970 971 972 973 974 975 976 977 978 979 980 981 982 983 984 985 986 987 988 989 990 991 992 993 994 995 996 997 998 999 1000 1001 1002 1003 1004 1005 1006 1007 1008 1009 1010 1011 1012 1013 1014 1015 1016 1017 1018 1019 1020 1021 1022 1023 1024 1025 1026 1027 1028 1029 1030 1031 1032 1033 1034 1035 1036 1037 1038 1039 1040 1041 1042 1043 1044 1045 1046 1047 1048 1049 1050 1051 1052 1053 1054 1055 1056 1057 1058 1059 1060 1061 1062 1063 1064 1065 1066 1067 1068 1069 1070 1071 1072 1073 1074 1075 1076 1077 1078 1079 1080 1081 1082 1083 1084 1085 1086 1087 1088 1089 1090 1091 1092 1093 1094 1095 1096 1097 1098 1099 1100 1101 1102 1103 1104 1105 1106 1107 1108 1109 1110 1111 1112 1113 1114 1115 1116 1117 1118 1119 1120 1121 1122 1123 1124 1125 1126 1127 1128 1129 1130 1131 1132 1133 1134 1135 1136 1137 1138 1139 1140 1141 1142 1143 1144 1145 1146 1147 1148 1149 1150 1151 1152 1153 1154 1155 1156 1157 1158 1159 1160 1161 1162 1163 1164 1165 1166 1167 1168 1169 1170 1171 1172 1173 1174 1175 1176 1177 1178 1179 1180 1181 1182 1183 1184 1185 1186 1187 1188 1189 1190 1191 1192 1193 1194 1195 1196 1197 1198 1199 1200 1201 1202 1203 1204 1205 1206 1207 1208 1209 1210 1211 1212 1213 1214 1215 1216 1217 1218 1219 1220 1221 1222 1223 1224 1225 1226 1227 1228 1229 1230 1231 1232 1233 1234 1235 1236 1237 1238 1239 1240 1241 1242 1243 1244 1245 1246 1247 1248 1249 1250 1251 1252 1253 1254 1255 1256 1257 1258 1259 1260 1261 1262 1263 1264 1265 1266 1267 1268 1269 1270 1271 1272 1273 1274 1275 1276 1277 1278 1279 1280 1281 1282 1283 1284 1285 1286 1287 1288 1289 1290 1291 1292 1293 1294 1295 1296 1297 1298 1299 1300 1301 1302 1303 1304 1305 1306 1307 1308 1309 1310 1311 1312 1313 1314 1315 1316 1317 1318 1319 1320 1321 1322 1323 1324 1325 1326 1327 1328 1329 1330 1331 1332 1333 1334 1335 1336 1337 1338 1339 1340 1341 1342 1343 1344 1345 1346 1347 1348 1349 1350 1351 1352 1353 1354 1355 1356 1357 1358 1359 1360 1361 1362 1363 1364 1365 1366 1367 1368 1369 1370 1371 1372 1373 1374 1375 1376 1377 1378 1379 1380 1381 1382 1383 1384 1385 1386 1387 1388 1389 1390 1391 1392 1393 1394 1395 1396 1397 1398 1399 1400 1401 1402 1403 1404 1405 1406 1407 1408 1409 1410 1411 1412 1413 1414 1415 1416 1417 1418 1419 1420 1421 1422 1423 1424 1425 1426 1427 1428 1429 1430 1431 1432 1433 1434 1435 1436 1437 1438 1439 1440 1441 1442 1443 1444 1445 1446 1447 1448 1449 1450 1451 1452 1453 1454 1455 1456 1457 1458 1459 1460 1461 1462 1463 1464 1465 1466 1467 1468 1469 1470 1471 1472 1473 1474 1475 1476 1477 1478 1479 1480 1481 1482 1483 1484 1485 1486 1487 1488 1489 1490 1491 1492 1493 1494 1495 1496 1497 1498 1499 1500 1501 1502 1503 1504 1505 1506 1507 1508 1509 1510 1511 1512 1513 1514 1515 1516 1517 1518 1519 1520 1521 1522 1523 1524 1525 1526 1527 1528 1529 1530 1531 1532 1533 1534 1535 1536 1537 1538 1539 1540 1541 1542 1543 1544 1545 1546 1547 1548 1549 1550 1551 1552 1553 1554 1555 1556 1557 1558 1559 1560 1561 1562 1563 1564 1565 1566 1567 1568 1569 1570 1571 1572 1573 1574 1575 1576 1577 1578 1579 1580 1581 1582 1583 1584 1585 1586 1587 1588 1589 1590 1591 1592 1593 1594 1595 1596 1597 1598 1599 1600 1601 1602 1603 1604 1605 1606 1607 1608 1609 1610 1611 1612 1613 1614 1615 1616 1617 1618 1619 1620 1621 1622 1623 1624 1625 1626 1627 1628 1629 1630 1631 1632 1633 1634 1635 1636 1637 1638 1639 1640 1641 1642 1643 1644 1645 1646 1647 1648 1649 1650 1651 1652 1653 1654 1655 1656 1657 1658 1659 1660 1661 1662 1663 1664 1665 1666 1667 1668 1669 1670 1671 1672 1673 1674 1675 1676 1677 1678 1679 1680 1681 1682 1683 1684 1685 1686 1687 1688 1689 1690 1691 1692 1693 1694 1695 1696 1697 1698 1699 1700 1701 1702 1703 1704 1705 1706 1707 1708 1709 1710 1711 1712 1713 1714 1715 1716 1717 1718 1719 1720 1721 1722 1723 1724 1725 1726 1727 1728 1729 1730 1731 1732 1733 1734 1735 1736 1737 1738 1739 1740 1741 1742 1743 1744 1745 1746 1747 1748 1749 1750 1751 1752 1753 1754 1755 1756 1757 1758 1759 1760 1761 1762 1763 1764 1765 1766 1767 1768 1769 1770 1771 1772 1773 1774 1775 1776 1777 1778 1779 1780 1781 1782 1783 1784 1785 1786 1787 1788 1789 1790 1791 1792 1793 1794 1795 1796 1797 1798 1799 1800 1801 1802 1803 1804 1805 1806 1807 1808 1809 1810 1811 1812 1813 1814 1815 1816 1817 1818 1819 1820 1821 1822 1823 1824 1825 1826 1827 1828 1829 1830 1831 1832 1833 1834 1835 1836 1837 1838 1839 1840 1841 1842 1843 1844 1845 1846 1847 1848 1849 1850 1851 1852 1853 1854 1855 1856 1857 1858 1859 1860 1861 1862 1863 1864 1865 1866 1867 1868 1869 1870 1871 1872 1873 1874 1875 1876 1877 1878 1879 1880 1881 1882 1883 1884 1885 1886 1887 1888 1889 1890 1891 1892 1893 1894 1895 1896 1897 1898 1899 1900 1901 1902 1903 1904 1905 1906 1907 1908 1909 1910 1911 1912 1913 1914 1915 1916 1917 1918 1919 1920 1921 1922 1923 1924 1925 1926 1927 1928 1929 1930 1931 1932 1933 1934 1935 1936 1937 1938 1939 1940 1941 1942 1943 1944 1945 1946 1947 1948 1949 1950 1951 1952 1953 1954 1955 1956 1957 1958 1959 1960 1961 1962 1963 1964 1965 1966 1967 1968 1969 1970 1971 1972 1973 1974 1975 1976 1977 1978 1979 1980 1981 1982 1983 1984 1985 1986 1987 1988 1989 1990 1991 1992 1993 1994 1995 1996 1997 1998 1999 2000 2001 2002 2003 2004 2005 2006 2007 2008 2009 2010 2011 2012 2013 2014 2015 2016 2017 2018 2019 2020 2021 2022 2023 2024 2025 2026 2027 2028 2029 2030 2031 2032 2033 2034 2035 2036 2037 2038 2039 2040 2041 2042 2043 2044 2045 2046 2047 2048 2049 2050 2051 2052 2053 2054 2055 2056 2057 2058 2059 2060 2061 2062 2063 2064 2065 2066 2067 2068 2069 2070 2071 2072 2073 2074 2075 2076 2077 2078 2079 2080 2081 2082 2083 2084 2085 2086 2087 2088 2089 2090 2091 2092 2093 2094 2095 2096 2097 2098 2099 2100 2101 2102 2103 2104 2105 2106 2107 2108 2109 2110 2111 2112 2113 2114 2115 2116 2117 2118 2119 2120 2121 2122 2123 2124 2125 2126 2127 2128 2129 2130 2131 2132 2133 2134 2135 2136 2137 2138 2139 2140 2141 2142 2143 2144 2145 2146 2147 2148 2149 2150 2151 2152 2153 2154 2155 2156 2157 2158 2159 2160 2161 2162 2163 2164 2165 2166 2167 2168 2169 2170 2171 2172 2173 2174 2175 2176 2177 2178 2179 2180 2181 2182 2183 2184 2185 2186 2187 2188 2189 2190 2191 2192 2193 2194 2195 2196 2197 2198 2199 2200 2201 2202 2203 2204 2205 2206 2207 2208 2209 2210 2211 2212 2213 2214 2215 2216 2217 2218 2219 2220 2221 2222 2223 2224 2225 2226 2227 2228 2229 2230 2231 2232 2233 2234 2235 2236 2237 2238 2239 2240 2241 2242 2243 2244 2245 2246 2247 2248 2249 2250 2251 2252 2253 2254 2255 2256 2257 2258 2259 2260 2261 2262 2263 2264 2265 2266 2267 2268 2269 2270 2271 2272 2273 2274 2275 2276 2277 2278 2279 2280 2281 2282 2283 2284 2285 2286 2287 2288 2289 2290 2291 2292 2293 2294 2295 2296 2297 2298 2299 2300 2301 2302 2303 2304 2305 2306 2307 2308 2309 2310 2311 2312 2313 2314 2315 2316 2317 2318 2319 2320 2321 2322 2323 2324 2325 2326 2327 2328 2329 2330 2331 2332 2333 2334 2335 2336 2337 2338 2339 2340 2341 2342 2343 2344 2345 2346 2347 2348 2349 2350 2351 2352 2353 2354 2355 2356 2357 2358 2359 2360 2361 2362 2363 2364 2365 2366 2367 2368 2369 2370 2371 2372 2373 2374 2375 2376 2377 2378 2379 2380 2381 2382 2383 2384 2385 2386 2387 2388 2389 2390 2391 2392 2393 2394 2395 2396 2397 2398 2399 2400 2401 2402 2403 2404 2405 2406 2407 2408 2409 2410 2411 2412 2413 2414 2415 2416 2417 2418 2419 2420 2421 2422 2423 2424 2425 2426 2427 2428 2429 2430 2431 2432 2433 2434 2435 2436 2437 2438 2439 2440 2441 2442 2443 2444 2445 2446 2447 2448 2449 2450 2451 2452 2453 2454 2455 2456 2457 2458 2459 2460 2461 2462 2463 2464 2465 2466 2467 2468 2469 2470 2471 2472 2473 2474 2475 2476 2477 2478 2479 2480 2481 2482 2483 2484 2485 2486 2487 2488 2489 2490 2491 2492 2493 2494 2495 2496 2497 2498 2499 2500 2501 2502 2503 2504 2505 2506 2507 2508 2509 2510 2511 2512 2513 2514 2515 2516 2517 2518 2519 2520 2521 2522 2523 2524 2525 2526 2527 2528 2529 2530 2531 2532 2533 2534 2535 2536 2537 2538 2539 2540 2541 2542 2543 2544 2545 2546 2547 2548 2549 2550 2551 2552 2553 2554 2555 2556 2557 2558 2559 2560 2561 2562 2563 2564 2565 2566 2567 2568 2569 2570 2571 2572 2573 2574 2575 2576 2577 2578 2579 2580 2581 2582 2583 2584 2585 2586 2587 2588 2589 2590 2591 2592 2593 2594 2595 2596 2597 2598 2599 2600 2601 2602 2603 2604 2605 2606 2607 2608 2609 2610 2611 2612 2613 2614 2615 2616 2617 2618 2619 2620 2621 2622 2623 2624 2625 2626 2627 2628 2629 2630 2631 2632 2633 2634 2635 2636 2637 2638 2639 2640 2641 2642 2643 2644 2645 2646 2647 2648 2649 2650 2651 2652 2653 2654 2655 2656 2657 2658 2659 2660 2661 2662 2663 2664 2665 2666 2667 2668 2669 2670 2671 2672 2673 2674 2675 2676 2677 2678 2679 2680 2681 2682 2683 2684 2685 2686 2687 2688 2689 2690 2691 2692 2693 2694 2695 2696 2697 2698 2699 2700 2701 2702 2703 2704 2705 2706 2707 2708 2709 2710 2711 2712 2713 2714 2715 2716 2717 2718 2719 2720 2721 2722 2723 2724 2725 2726 2727 2728 2729 2730 2731 2732 2733 2734 2735 2736 2737 2738 2739 2740 2741 2742 2743 2744 2745 2746 2747 2748 2749 2750 2751 2752 2753 2754 2755 2756 2757 2758 2759 2760 2761 2762 2763 2764 2765 2766 2767 2768 2769 2770 2771 2772 2773 2774 2775 2776 2777 2778 2779 2780 2781 2782 2783 2784 2785 2786 2787 2788 2789 2790 2791 2792 2793 2794 2795 2796 2797 2798 2799 2800 2801 2802 2803 2804 2805 2806 2807 2808 2809 2810 2811 2812 2813 2814 2815 2816 2817 2818 2819 2820 2821 2822 2823 2824 2825 2826 2827 2828 2829 2830 2831 2832 2833 2834 2835 2836 2837 2838 2839 2840 2841 2842 2843 2844 2845 2846 2847 2848 2849 2850 2851 2852 2853 2854 2855 2856 2857 2858 2859 2860 2861 2862 2863 2864 2865 2866 2867 2868 2869 2870 2871 2872 2873 2874 2875 2876 2877 2878 2879 2880 2881 2882 2883 2884 2885 2886 2887 2888 2889 2890 2891 2892 2893 2894 2895 2896 2897 2898 2899 2900 2901 2902 2903 2904 2905 2906 2907 2908 2909 2910 2911 2912 2913 2914 2915 2916 2917 2918 2919 2920 2921 2922 2923 2924 2925 2926 2927 2928 2929 2930 2931 2932 2933 2934 2935 2936 2937 2938 2939 2940 2941 2942 2943 2944 2945 2946 2947 2948 2949 2950 2951 2952 2953 2954 2955 2956 2957 2958 2959 2960 2961 2962 2963 2964 2965 2966 2967 2968 2969 2970 2971 2972 2973 2974 2975 2976 2977 2978 2979 2980 2981 2982 2983 2984 2985 2986 2987 2988 2989 2990 2991 2992 2993 2994 2995 2996 2997 2998 2999 3000 3001 3002 3003 3004 3005 3006 3007 3008 3009 3010 3011 3012 3013 3014 3015 3016 3017 3018 3019 3020 3021 3022 3023 3024 3025 3026 3027 3028 3029 3030 3031 3032 3033 3034 3035 3036 3037 3038 3039 3040 3041 3042 3043 3044 3045 3046 3047 3048 3049 3050 3051 3052 3053 3054 3055 3056 3057 3058 3059 3060 3061 3062 3063 3064 3065 3066 3067 3068 3069 3070 3071 3072 3073 3074 3075 3076 3077 3078 3079 3080 3081 3082 3083 3084 3085 3086 3087 3088 3089 3090 3091 3092 3093 3094 3095 3096 3097 3098 3099 3100 3101 3102 3103 3104 3105 3106 3107 3108 3109 3110 3111 3112 3113 3114 3115 3116 3117 3118 3119 3120 3121 3122 3123 3124 3125 3126 3127 3128 3129 3130 3131 3132 3133 3134 3135 3136 3137 3138 3139 3140 3141 3142 3143 3144 3145 3146 3147 3148 3149 3150 3151 3152 3153 3154 3155 3156 3157 3158 3159 3160 3161 3162 3163 3164 3165 3166 3167 3168 3169 3170 3171 3172 3173 3174 3175 3176 3177 3178 3179 3180 3181 3182 3183 3184 3185 3186 3187 3188 3189 3190 3191 3192 3193 3194 3195 3196 3197 3198 3199 3200 3201 3202 3203 3204 3205 3206 3207 3208 3209 3210 3211 3212 3213 3214 3215 3216 3217 3218 3219 3220 3221 3222 3223 3224 3225 3226 3227 3228 3229 3230 3231 3232 3233 3234 3235 3236 3237 3238 3239 3240 3241 3242 3243 3244 3245 3246 3247 3248 3249 3250 3251 3252 3253 3254 3255 3256 3257 3258 3259 3260 3261 3262 3263 3264 3265 3266 3267 3268 3269 3270 3271 3272 3273 3274 3275 3276 3277 3278 3279 3280 3281 3282 3283 3284 3285 3286 3287 3288 3289 3290 3291 3292 3293 3294 3295 3296 3297 3298 3299 3300 3301 3302 3303 3304 3305 3306 3307 3308 3309 3310 3311 3312 3313 3314 3315 3316 3317 3318 3319 3320 3321 3322 3323 3324 3325 3326 3327 3328 3329 3330 3331 3332 3333 3334 3335 3336 3337 3338 3339 3340 3341 3342 3343 3344 3345 3346 3347 3348 3349 3350 3351 3352 3353 3354 3355 3356 3357 3358 3359 3360 3361 3362 3363 3364 3365 3366 3367 3368 3369 3370 3371 3372 3373 3374 3375 3376 3377 3378 3379 3380 3381 3382 3383 3384 3385 3386 3387 3388 3389 3390 3391 3392 3393 3394 3395 3396 3397 3398 3399 3400 3401 3402 3403 3404 3405 3406 3407 3408 3409 3410 3411 3412 3413 3414 3415 3416 3417 3418 3419 3420 3421 3422 3423 3424 3425 3426 3427 3428 3429 3430 3431 3432 3433 3434 3435 3436 3437 3438 3439 3440 3441 3442 3443 3444 3445 3446 3447 3448 3449 3450 3451 3452 3453 3454 3455 3456 3457 3458 3459 3460 3461 3462 3463 3464 3465 3466 3467 3468 3469 3470 3471 3472 3473 3474 3475 3476 3477 3478 3479 3480 3481 3482 3483 3484 3485 3486 3487 3488 3489 3490 3491 3492 3493 3494 3495 3496 3497 3498 3499 3500 3501 3502 3503 3504 3505 3506 3507 3508 3509 3510 3511 3512 3513 3514 3515 3516 3517 3518 3519 3520 3521 3522 3523 3524 3525 3526 3527 3528 3529 3530 3531 3532 3533 3534 3535 3536 3537 3538 3539 3540 3541 3542 3543 3544 3545 3546 3547 3548 3549 3550 3551 3552 3553 3554 3555 3556 3557 3558 3559 3560 3561 3562 3563 3564 3565 3566 3567 3568 3569 3570 3571 3572 3573 3574 3575 3576 3577 3578 3579 3580 3581 3582 3583 3584 3585 3586 3587 3588 3589 3590 3591 3592 3593 3594 3595 3596 3597 3598 3599 3600 3601 3602 3603 3604 3605 3606 3607 3608 3609 3610 3611 3612 3613 3614 3615 3616 3617 3618 3619 3620 3621 3622 3623 3624 3625 3626 3627 3628 3629 3630 3631 3632 3633 3634 3635 3636 3637 3638 3639 3640 3641 3642 3643 3644 3645 3646 3647 3648 3649 3650 3651 3652 3653 3654 3655 3656 3657 3658 3659 3660 3661 3662 3663 3664 3665 3666 3667 3668 3669 3670 3671 3672 3673 3674 3675 3676 3677 3678 3679 3680 3681 3682 3683 3684 3685 3686 3687 3688 3689 3690 3691 3692 3693 3694 3695 3696 3697 3698 3699 3700 3701 3702 3703 3704 3705 3706 3707 3708 3709 3710 3711 3712 3713 3714 3715 3716 3717 3718 3719 3720 3721 3722 3723 3724 3725 3726 3727 3728 3729 3730 3731 3732 3733 3734 3735 3736 3737 3738 3739 3740 3741 3742 3743 3744 3745 3746 3747 3748 3749 3750 3751 3752 3753 3754 3755 3756 3757 3758 3759 3760 3761 3762 3763 3764 3765 3766 3767 3768 3769 3770 3771 3772 3773 3774 3775 3776 3777 3778 3779 3780 3781 3782 3783 3784 3785 3786 3787 3788 3789 3790 3791 3792 3793 3794 3795 3796 3797 3798 3799 3800 3801 3802 3803 3804 3805 3806 3807 3808 3809 3810 3811 3812 3813 3814 3815 3816 3817 3818 3819 3820 3821 3822 3823 3824 3825 3826 3827 3828 3829 3830 3831 3832 3833 3834 3835 3836 3837 3838 3839 3840 3841 3842 3843 3844 3845 3846 3847 3848 3849 3850 3851 3852 3853 3854 3855 3856 3857 3858 3859 3860 3861 3862 3863 3864 3865 3866 3867 3868 3869 3870 3871 3872 3873 3874 3875 3876 3877 3878 3879 3880 3881 3882 3883 3884 3885 3886 3887 3888 3889 3890 3891 3892 3893 3894 3895 3896 3897 3898 3899 3900 3901 3902 3903 3904 3905 3906 3907 3908 3909 3910 3911 3912 3913 3914 3915 3916 3917 3918 3919 3920 3921 3922 3923 3924 3925 3926 3927 3928 3929 3930 3931 3932 3933 3934 3935 3936 3937 3938 3939 3940 3941 3942 3943 3944 3945 3946 3947 3948 3949 3950 3951 3952 3953 3954 3955 3956 3957 3958 3959 3960 3961 3962 3963 3964 3965 3966 3967 3968 3969 3970 3971 3972 3973 3974 3975 3976 3977 3978 3979 3980 3981 3982 3983 3984 3985 3986 3987 3988 3989 3990 3991 3992 3993 3994 3995 3996 3997 3998 3999 4000 4001 4002 4003 4004 4005 4006 4007 4008 4009 4010 4011 4012 4013 4014 4015 4016 4017 4018 4019 4020 4021 4022 4023 4024 4025 4026 4027 4028 4029 4030 4031 4032 4033 4034 4035 4036 4037 4038 4039 4040 4041 4042 4043 4044 4045 4046 4047 4048 4049 4050 4051 4052 4053 4054 4055 4056 4057 4058 4059 4060 4061 4062 4063 4064 4065 4066 4067 4068 4069 4070 4071 4072 4073 4074 4075 4076 4077 4078 4079 4080 4081 4082 4083 4084 4085 4086 4087 4088 4089 4090 4091 4092 4093 4094 4095 
        </DataArray>
        <DataArray type="Int32" Name="offsets" format="ascii">
4 8 12 16 20 24 28 32 36 40 44 48 52 56 60 64 68 72 76 80 84 88 92 96 100 104 108 112 116 120 124 128 132 136 140 144 148 152 156 160 164 168 172 176 180 184 188 192 196 200 204 208 212 216 220 224 228 232 236 240 244 248 252 256 260 264 268 272 276 280 284 288 292 296 300 304 308 312 316 320 324 328 332 336 340 344 348 352 356 360 364 368 372 376 380 384 388 392 396 400 404 408 412 416 420 424 428 432 436 440 444 448 452 456 460 464 468 472 476 480 484 488 492 496 500 504 508 512 516 520 524 528 532 536 540 544 548 552 556 560 564 568 572 576 580 584 588 592 596 600 604 608 612 616 620 624 628 632 636 640 644 648 652 656 660 664 668 672 676 680 684 688 692 696 700 704 708 712 716 720 724 728 732 736 740 744 748 752 756 760 764 768 772 776 780 784 788 792 796 800 804 808 812 816 820 824 828 832 836 840 844 848 852 856 860 864 868 872 876 880 884 888 892 896 900 904 908 912 916 920 924 928 932 936 940 944 948 952 956 960 964 968 972 976 980 984 988 992 996 1000 1004 1008 1012 1016 1020 1024 1028 1032 1036 1040 1044 1048 1052 1056 1060 1064 1068 1072 1076 1080 1084 1088 1092 1096 1100 1104 1108 1112 1116 1120 1124 1128 1132 1136 1140 1144 1148 1152 1156 1160 1164 1168 1172 1176 1180 1184 1188 1192 1196 1200 1204 1208 1212 1216 1220 1224 1228 1232 1236 1240 1244 1248 1252 1256 1260 1264 1268 1272 1276 1280 1284 1288 1292 1296 1300 1304 1308 1312 1316 1320 1324 1328 1332 1336 1340 1344 1348 1352 1356 1360 1364 1368 1372 1376 1380 1384 1388 1392 1396 1400 1404 1408 1412 1416 1420 1424 1428 1432 1436 1440 1444 1448 1452 1456 1460 1464 1468 1472 1476 1480 1484 1488 1492 1496 1500 1504 1508 1512 1516 1520 1524 1528 1532 1536 1540 1544 1548 1552 1556 1560 1564 1568 1572 1576 1580 1584 1588 1592 1596 1600 1604 1608 1612 1616 1620 1624 1628 1632 1636 1640 1644 1648 1652 1656 1660 1664 1668 1672 1676 1680 1684 1688 1692 1696 1700 1704 1708 1712 1716 1720 1724 1728 1732 1736 1740 1744 1748 1752 1756 1760 1764 1768 1772 1776 1780 1784 1788 1792 1796 1800 1804 1808 1812 1816 1820 1824 1828 1832 1836 1840 1844 1848 1852 1856 1860 1864 1868 1872 1876 1880 1884 1888 1892 1896 1900 1904 1908 1912 1916 1920 1924 1928 1932 1936 1940 1944 1948 1952 1956 1960 1964 1968 1972 1976 1980 1984 1988 1992 1996 2000 2004 2008 2012 2016 2020 2024 2028 2032 2036 2040 2044 2048 2052 2056 2060 2064 2068 2072 2076 2080 2084 2088 2092 2096 2100 2104 2108 2112 2116 2120 2124 2128 2132 2136 2140 2144 2148 2152 2156 2160 2164 2168 2172 2176 2180 2184 2188 2192 2196 2200 2204 2208 2212 2216 2220 2224 2228 2232 2236 2240 2244 2248 2252 2256 2260 2264 2268 2272 2276 2280 2284 2288 2292 2296 2300 2304 2308 2312 2316 2320 2324 2328 2332 2336 2340 2344 2348 2352 2356 2360 2364 2368 2372 2376 2380 2384 2388 2392 2396 2400 2404 2408 2412 2416 2420 2424 2428 2432 2436 2440 2444 2448 2452 2456 2460 2464 2468 2472 2476 2480 2484 2488 2492 2496 2500 2504 2508 2512 2516 2520 2524 2528 2532 2536 2540 2544 2548 2552 2556 2560 2564 2568 2572 2576 2580 2584 2588 2592 2596 2600 2604 2608 2612 2616 2620 2624 2628 2632 2636 2640 2644 2648 2652 2656 2660 2664 2668 2672 2676 2680 2684 2688 2692 2696 2700 2704 2708 2712 2716 2720 2724 2728 2732 2736 2740 2744 2748 2752 2756 2760 2764 2768 2772 2776 2780 2784 2788 2792 2796 2800 2804 2808 2812 2816 2820 2824 2828 2832 2836 2840 2844 2848 2852 2856 2860 2864 2868 2872 2876 2880 2884 2888 2892 2896 2900 2904 2908 2912 2916 2920 2924 2928 2932 2936 2940 2944 2948 2952 2956 2960 2964 2968 2972 2976 2980 2984 2988 2992 2996 3000 3004 3008 3012 3016 3020 3024 3028 3032 3036 3040 3044 3048 3052 3056 3060 3064 3068 3072 3076 3080 3084 3088 3092 3096 3100 3104 3108 3112 3116 3120 3124 3128 3132 3136 3140 3144 3148 3152 3156 3160 3164 3168 3172 3176 3180 3184 3188 3192 3196 3200 3204 3208 3212 3216 3220 3224 3228 3232 3236 3240 3244 3248 3252 3256 3260 3264 3268 3272 3276 3280 3284 3288 3292 3296 3300 3304 3308 3312 3316 3320 3324 3328 3332 3336 3340 3344 3348 3352 3356 3360 3364 3368 3372 3376 3380 3384 3388 3392 3396 3400 3404 3408 3412 3416 3420 3424 3428 3432 3436 3440 3444 3448 3452 3456 3460 3464 3468 3472 3476 3480 3484 3488 3492 3496 3500 3504 3508 3512 3516 3520 3524 3528 3532 3536 3540 3544 3548 3552 3556 3560 3564 3568 3572 3576 3580 3584 3588 3592 3596 3600 3604 3608 3612 3616 3620 3624 3628 3632 3636 3640 3644 3648 3652 3656 3660 3664 3668 3672 3676 3680 3684 3688 3692 3696 3700 3704 3708 3712 3716 3720 3724 3728 3732 3736 3740 3744 3748 3752 3756 3760 3764 3768 3772 3776 3780 3784 3788 3792 3796 3800 3804 3808 3812 3816 3820 3824 3828 3832 3836 3840 3844 3848 3852 3856 3860 3864 3868 3872 3876 3880 3884 3888 3892 3896 3900 3904 3908 3912 3916 3920 3924 3928 3932 3936 3940 3944 3948 3952 3956 3960 3964 3968 3972 3976 3980 3984 3988 3992 3996 4000 4004 4008 4012 4016 4020 4024 4028 4032 4036 4040 4044 4048 4052 4056 4060 4064 4068 4072 4076 4080 4084 4088 4092 4096 
        </DataArray>
        <DataArray type="UInt8" Name="types" format="ascii">
9 9 9 9 9 9 9 9 9 9 9 9 9 9 9 9 9 9 9 9 9 9 9 9 9 9 9 9 9 9 9 9 9 9 9 9 9 9 9 9 9 9 9 9 9 9 9 9 9 9 9 9 9 9 9 9 9 9 9 9 9 9 9 9 9 9 9 9 9 9 9 9 9 9 9 9 9 9 9 9 9 9 9 9 9 9 9 9 9 9 9 9 9 9 9 9 9 9 9 9 9 9 9 9 9 9 9 9 9 9 9 9 9 9 9 9 9 9 9 9 9 9 9 9 9 9 9 9 9 9 9 9 9 9 9 9 9 9 9 9 9 9 9 9 9 9 9 9 9 9 9 9 9 9 9 9 9 9 9 9 9 9 9 9 9 9 9 9 9 9 9 9 9 9 9 9 9 9 9 9 9 9 9 9 9 9 9 9 9 9 9 9 9 9 9 9 9 9 9 9 9 9 9 9 9 9 9 9 9 9 9 9 9 9 9 9 9 9 9 9 9 9 9 9 9 9 9 9 9 9 9 9 9 9 9 9 9 9 9 9 9 9 9 9 9 9 9 9 9 9 9 9 9 9 9 9 9 9 9 9 9 9 9 9 9 9 9 9 9 9 9 9 9 9 9 9 9 9 9 9 9 9 9 9 9 9 9 9 9 9 9 9 9 9 9 9 9 9 9 9 9 9 9 9 9 9 9 9 9 9 9 9 9 9 9 9 9 9 9 9 9 9 9 9 9 9 9 9 9 9 9 9 9 9 9 9 9 9 9 9 9 9 9 9 9 9 9 9 9 9 9 9 9 9 9 9 9 9 9 9 9 9 9 9 9 9 9 9 9 9 9 9 9 9 9 9 9 9 9 9 9 9 9 9 9 9 9 9 9 9 9 9 9 9 9 9 9 9 9 9 9 9 9 9 9 9 9 9 9 9 9 9 9 9 9 9 9 9 9 9 9 9 9 9 9 9 9 9 9 9 9 9 9 9 9 9 9 9 9 9 9 9 9 9 9 9 9 9 9 9 9 9 9 9 9 9 9 9 9 9 9 9 9 9 9 9 9 9 9 9 9 9 9 9 9 9 9 9 9 9 9 9 9 9 9 9 9 9 9 9 9 9 9 9 9 9 9 9 9 9 9 9 9 9 9 9 9 9 9 9 9 9 9 9 9 9 9 9 9 9 9 9 9 9 9 9 9 9 9 9 9 9 9 9 9 9 9 9 9 9 9 9 9 9 9 9 9 9 9 9 9 9 9 9 9 9 9 9 9 9 9 9 9 9 9 9 9 9 9 9 9 9 9 9 9 9 9 9 9 9 9 9 9 9 9 9 9 9 9 9 9 9 9 9 9 9 9 9 9 9 9 9 9 9 9 9 9 9 9 9 9 9 9 9 9 9 9 9 9 9 9 9 9 9 9 9 9 9 9 9 9 9 9 9 9 9 9 9 9 9 9 9 9 9 9 9 9 9 9 9 9 9 9 9 9 9 9 9 9 9 9 9 9 9 9 9 9 9 9 9 9 9 9 9 9 9 9 9 9 9 9 9 9 9 9 9 9 9 9 9 9 9 9 9 9 9 9 9 9 9 9 9 9 9 9 9 9 9 9 9 9 9 9 9 9 9 9 9 9 9 9 9 9 9 9 9 9 9 9 9 9 9 9 9 9 9 9 9 9 9 9 9 9 9 9 9 9 9 9 9 9 9 9 9 9 9 9 9 9 9 9 9 9 9 9 9 9 9 9 9 9 9 9 9 9 9 9 9 9 9 9 9 9 9 9 9 9 9 9 9 9 9 9 9 9 9 9 9 9 9 9 9 9 9 9 9 9 9 9 9 9 9 9 9 9 9 9 9 9 9 9 9 9 9 9 9 9 9 9 9 9 9 9 9 9 9 9 9 9 9 9 9 9 9 9 9 9 9 9 9 9 9 9 9 9 9 9 9 9 9 9 9 9 9 9 9 9 9 9 9 9 9 9 9 9 9 9 9 9 9 9 9 9 9 9 9 9 9 9 9 9 9 9 9 9 9 9 9 9 9 9 9 9 9 9 9 9 9 9 9 9 9 9 9 9 9 9 9 9 9 9 9 9 9 9 9 9 9 9 9 9 9 9 9 9 9 9 9 9 9 9 9 9 9 9 9 9 9 9 9 9 9 9 9 9 9 9 9 9 9 9 9 9 9 9 9 9 9 9 9 9 9 9 9 9 9 9 9 9 9 9 9 9 9 9 9 9 9 9 9 9 9 9 9 9 9 9 9 9 9 9 9 9 9 9 9 9 9 9 9 9 9 9 9 9 9 9 9 9 9 9 9 9 9 
        </DataArray>
      </Cells>

  <PointData>
        <DataArray type="Float64" Name="temperature" format="ascii">
0.000000000000000e+00
0.000000000000000e+00
7.255028251418616e-05
0.000000000000000e+00
0.000000000000000e+00
0.000000000000000e+00
1.319198842215046e-04
7.255028251418616e-05
0.000000000000000e+00
0.000000000000000e+00
1.790252775934745e-04
1.319198842215046e-04
0.000000000000000e+00
0.000000000000000e+00
2.147314752041199e-04
1.790252775934745e-04
0.000000000000000e+00
0.000000000000000e+00
2.398898688217895e-04
2.147314752041199e-04
0.000000000000000e+00
0.000000000000000e+00
2.553460699445126e-04
2.398898688217895e-04
0.000000000000000e+00
0.000000000000000e+00
2.619427311301655e-04
2.553460699445126e-04
0.000000000000000e+00
0.000000000000000e+00
2.605207642865561e-04
2.619427311301655e-04
0.000000000000000e+00
0.000000000000000e+00
2.519199801910891e-04
2.605207642865561e-04
0.000000000000000e+00
0.000000000000000e+00
2.369794597834576e-04
2.519199801910891e-04
0.000000000000000e+00
0.000000000000000e+00
2.165377818634622e-04
2.369794597834576e-04
0.000000000000000e+00
0.000000000000000e+00
1.914331695213468e-04
2.165377818634622e-04
0.000000000000000e+00
0.000000000000000e+00
1.625035890117042e-04
1.914331695213468e-04
0.000000000000000e+00
0.000000000000000e+00
1.305868194986097e-04
1.625035890117042e-04
0.000000000000000e+00
0.000000000000000e+00
9.652050399053797e-05
1.305868194986097e-04
0.000000000000000e+00
0.000000000000000e+00
6.114218756885592e-05
9.652050399053797e-05
0.000000000000000e+00
0.000000000000000e+00
2.528934675548434e-05
6.114218756885592e-05
0.000000000000000e+00
0.000000000000000e+00
-1.020058744242880e-05
2.528934675548434e-05
0.000000000000000e+00
0.000000000000000e+00
-4.449021109514967e-05
-1.020058744242880e-05
0.000000000000000e+00
0.000000000000000e+00
-7.674213235962985e-05
-4.449021109514967e-05
0.000000000000000e+00
0.000000000000000e+00
-1.061189591903730e-04
-7.674213235962985e-05
0.000000000000000e+00
0.000000000000000e+00
-1.317832893642110e-04
-1.061189591903730e-04
0.000000000000000e+00
0.000000000000000e+00
-1.528977027205589e-04
-1.317832893642110e-04
0.000000000000000e+00
0.000000000000000e+00
-1.686247555625265e-04
-1.528977027205589e-04
0.000000000000000e+00
0.000000000000000e+00
-1.781269767544070e-04
-1.686247555625265e-04
0.000000000000000e+00
0.000000000000000e+00
-1.805668648878514e-04
-1.781269767544070e-04
0.000000000000000e+00
0.000000000000000e+00
-1.751068895601827e-04
-1.805668648878514e-04
0.000000000000000e+00
0.000000000000000e+00
-1.609095128197804e-04
-1.751068895601827e-04
0.000000000000000e+00
0.000000000000000e+00
-1.371372562805850e-04
-1.609095128197804e-04
0.000000000000000e+00
0.000000000000000e+00
-1.029527640547448e-04
-1.371372562805850e-04
0.000000000000000e+00
0.000000000000000e+00
-5.751867124694820e-05
-1.029527640547448e-04
0.000000000000000e+00
0.000000000000000e+00
0.000000000000000e+00
-5.751867124694820e-05
0.000000000000000e+00
7.255028251418616e-05
1.277318426940249e-04
0.000000000000000e+00
7.255028251418616e-05
1.319198842215046e-04
2.308735195076162e-04
1.277318426940249e-04
1.319198842215046e-04
1.790252775934745e-04
3.111075085737918e-04
2.308735195076162e-04
1.790252775934745e-04
2.147314752041199e-04
3.700949829564648e-04
3.111075085737918e-04
2.147314752041199e-04
2.398898688217895e-04
4.094796235209104e-04
3.700949829564648e-04
2.398898688217895e-04
2.553460699445126e-04
4.308965848693356e-04
4.094796235209104e-04
2.553460699445126e-04
2.619427311301655e-04
4.359761839461150e-04
4.308965848693356e-04
2.619427311301655e-04
2.605207642865561e-04
4.263457232184576e-04
4.359761839461150e-04
2.605207642865561e-04
2.519199801910891e-04
4.036305287314946e-04
4.263457232184576e-04
2.519199801910891e-04
2.369794597834576e-04
3.694545861070931e-04
4.036305287314946e-04
2.369794597834576e-04
2.165377818634622e-04
3.254409441054610e-04
3.694545861070931e-04
2.165377818634622e-04
1.914331695213468e-04
2.732119803727044e-04
3.254409441054610e-04
1.914331695213468e-04
1.625035890117042e-04
2.143895841165091e-04
2.732119803727044e-04
1.625035890117042e-04
1.305868194986097e-04
1.505952867789068e-04
2.143895841165091e-04
1.305868194986097e-04
9.652050399053797e-05
8.345035852562496e-05
1.505952867789068e-04
9.652050399053797e-05
6.114218756885592e-05
1.457588130598723e-05
8.345035852562496e-05
6.114218756885592e-05
2.528934675548434e-05
-5.440719461496357e-05
1.457588130598723e-05
2.528934675548434e-05
-1.020058744242880e-05
-1.218780060237395e-04
-5.440719461496357e-05
-1.020058744242880e-05
-4.449021109514967e-05
-1.862157408548113e-04
-1.218780060237395e-04
-4.449021109514967e-05
-7.674213235962985e-05
-2.457996088486254e-04
-1.862157408548113e-04
-7.674213235962985e-05
-1.061189591903730e-04
-2.990088173684005e-04
-2.457996088486254e-04
-1.061189591903730e-04
-1.317832893642110e-04
-3.442225516399023e-04
-2.990088173684005e-04
-1.317832893642110e-04
-1.528977027205589e-04
-3.798199592129703e-04
-3.442225516399023e-04
-1.528977027205589e-04
-1.686247555625265e-04
-4.041801384744273e-04
-3.798199592129703e-04
-1.686247555625265e-04
-1.781269767544070e-04
-4.156821301219954e-04
-4.041801384744273e-04
-1.781269767544070e-04
-1.805668648878514e-04
-4.127049099582866e-04
-4.156821301219954e-04
-1.805668648878514e-04
-1.751068895601827e-04
-3.936273881263261e-04
-4.127049099582866e-04
-1.751068895601827e-04
-1.609095128197804e-04
-3.568284442627925e-04
-3.936273881263261e-04
-1.609095128197804e-04
-1.371372562805850e-04
-3.006870418087051e-04
-3.568284442627925e-04
-1.371372562805850e-04
-1.029527640547448e-04
-2.235822910342203e-04
-3.006870418087051e-04
-1.029527640547448e-04
-5.751867124694820e-05
-1.238929716921435e-04
-2.235822910342203e-04
-5.751867124694820e-05
0.000000000000000e+00
0.000000000000000e+00
-1.238929716921435e-04
0.000000000000000e+00
1.277318426940249e-04
1.668798163616010e-04
0.000000000000000e+00
1.277318426940249e-04
2.308735195076162e-04
2.993537181001831e-04
1.668798163616010e-04
2.308735195076162e-04
3.111075085737918e-04
3.998200341674627e-04
2.993537181001831e-04
3.111075085737918e-04
3.700949829564648e-04
4.706669370551119e-04
3.998200341674627e-04
3.700949829564648e-04
4.094796235209104e-04
5.142703486206755e-04
4.706669370551119e-04
4.094796235209104e-04
4.308965848693356e-04
5.329980110396456e-04
5.142703486206755e-04
4.308965848693356e-04
4.359761839461150e-04
5.292123568426589e-04
5.329980110396456e-04
4.359761839461150e-04
4.263457232184576e-04
5.052722057813640e-04
5.292123568426589e-04
4.263457232184576e-04
4.036305287314946e-04
4.635338785156868e-04
5.052722057813640e-04
4.036305287314946e-04
3.694545861070931e-04
4.063519406588141e-04
4.635338785156868e-04
3.694545861070931e-04
3.254409441054610e-04
3.360797012066708e-04
4.063519406588141e-04
3.254409441054610e-04
2.732119803727044e-04
2.550695532932505e-04
3.360797012066708e-04
2.732119803727044e-04
2.143895841165091e-04
1.656732151927469e-04
2.550695532932505e-04
2.143895841165091e-04
1.505952867789068e-04
7.024190662239876e-05
1.656732151927469e-04
1.505952867789068e-04
8.345035852562496e-05
-2.887351874212625e-05
7.024190662239876e-05
8.345035852562496e-05
1.457588130598723e-05
-1.293224714907085e-04
-2.887351874212625e-05
1.457588130598723e-05
-5.440719461496357e-05
-2.287545468010621e-04
-1.293224714907085e-04
-5.440719461496357e-05
-1.218780060237395e-04
-3.248194609041155e-04
-2.287545468010621e-04
-1.218780060237395e-04
-1.862157408548113e-04
-4.151669995221324e-04
-3.248194609041155e-04
-1.862157408548113e-04
-2.457996088486254e-04
-4.974469753777863e-04
-4.151669995221324e-04
-2.457996088486254e-04
-2.990088173684005e-04
-5.693091928713009e-04
-4.974469753777863e-04
-2.990088173684005e-04
-3.442225516399023e-04
-6.284034189172648e-04
-5.693091928713009e-04
-3.442225516399023e-04
-3.798199592129703e-04
-6.723793596389899e-04
-6.284034189172648e-04
-3.798199592129703e-04
-4.041801384744273e-04
-6.988866425473182e-04
-6.723793596389899e-04
-4.041801384744273e-04
-4.156821301219954e-04
-7.055748022561664e-04
-6.988866425473182e-04
-4.156821301219954e-04
-4.127049099582866e-04
-6.900932665500786e-04
-7.055748022561664e-04
-4.127049099582866e-04
-3.936273881263261e-04
-6.500913487514735e-04
-6.900932665500786e-04
-3.936273881263261e-04
-3.568284442627925e-04
-5.832182862334705e-04
-6.500913487514735e-04
-3.568284442627925e-04
-3.006870418087051e-04
-4.871233780741348e-04
-5.832182862334705e-04
-3.006870418087051e-04
-2.235822910342203e-04
-3.594559941767490e-04
-4.871233780741348e-04
-2.235822910342203e-04
-1.238929716921435e-04
-1.978645624399528e-04
-3.594559941767490e-04
-1.238929716921435e-04
0.000000000000000e+00
0.000000000000000e+00
-1.978645624399528e-04
0.000000000000000e+00
1.668798163616010e-04
1.912781307766349e-04
0.000000000000000e+00
1.668798163616010e-04
2.993537181001831e-04
3.398324881505708e-04
1.912781307766349e-04
2.993537181001831e-04
3.998200341674627e-04
4.487267863798768e-04
3.398324881505708e-04
3.998200341674627e-04
4.706669370551119e-04
5.210201008620436e-04
4.487267863798768e-04
4.706669370551119e-04
5.142703486206755e-04
5.597626787972772e-04
5.210201008620436e-04
5.142703486206755e-04
5.329980110396456e-04
5.679983563286119e-04
5.597626787972772e-04
5.329980110396456e-04
5.292123568426589e-04
5.487661369993184e-04
5.679983563286119e-04
5.292123568426589e-04
5.052722057813640e-04
5.051013960565561e-04
5.487661369993184e-04
5.052722057813640e-04
4.635338785156868e-04
4.400368351360869e-04
5.051013960565561e-04
4.635338785156868e-04
4.063519406588141e-04
3.566031979279394e-04
4.400368351360869e-04
4.063519406588141e-04
3.360797012066708e-04
2.578297840581257e-04
3.566031979279394e-04
3.360797012066708e-04
2.550695532932505e-04
1.467448177317193e-04
2.578297840581257e-04
2.550695532932505e-04
1.656732151927469e-04
2.637571830732559e-05
1.467448177317193e-04
1.656732151927469e-04
7.024190662239876e-05
-1.002506958365252e-04
2.637571830732559e-05
7.024190662239876e-05
-2.887351874212625e-05
-2.301080504166474e-04
-1.002506958365252e-04
-2.887351874212625e-05
-1.293224714907085e-04
-3.601702924454047e-04
-2.301080504166474e-04
-1.293224714907085e-04
-2.287545468010621e-04
-4.874115925767876e-04
-3.601702924454047e-04
-2.287545468010621e-04
-3.248194609041155e-04
-6.088062661888789e-04
-4.874115925767876e-04
-3.248194609041155e-04
-4.151669995221324e-04
-7.213287085700896e-04
-6.088062661888789e-04
-4.151669995221324e-04
-4.974469753777863e-04
-8.219533409057159e-04
-7.213287085700896e-04
-4.974469753777863e-04
-5.693091928713009e-04
-9.076545648612779e-04
-8.219533409057159e-04
-5.693091928713009e-04
-6.284034189172648e-04
-9.754067245852837e-04
-9.076545648612779e-04
-6.284034189172648e-04
-6.723793596389899e-04
-1.022184075750267e-03
-9.754067245852837e-04
-6.723793596389899e-04
-6.988866425473182e-04
-1.044960760991345e-03
-1.022184075750267e-03
-6.988866425473182e-04
-7.055748022561664e-04
-1.040710788755220e-03
-1.044960760991345e-03
-7.055748022561664e-04
-6.900932665500786e-04
-1.006408010445927e-03
-1.040710788755220e-03
-6.900932665500786e-04
-6.500913487514735e-04
-9.390261018499462e-04
-1.006408010445927e-03
-6.500913487514735e-04
-5.832182862334705e-04
-8.355385975312283e-04
-9.390261018499462e-04
-5.832182862334705e-04
-4.871233780741348e-04
-6.929190396096457e-04
-8.355385975312283e-04
-4.871233780741348e-04
-3.594559941767490e-04
-5.081409182922622e-04
-6.929190396096457e-04
-3.594559941767490e-04
-1.978645624399528e-04
-2.781762349572053e-04
-5.081409182922622e-04
-1.978645624399528e-04
0.000000000000000e+00
0.000000000000000e+00
-2.781762349572053e-04
0.000000000000000e+00
1.912781307766349e-04
2.021969393343081e-04
0.000000000000000e+00
1.912781307766349e-04
3.398324881505708e-04
3.547640401633899e-04
2.021969393343081e-04
3.398324881505708e-04
4.487267863798768e-04
4.613789900845025e-04
3.547640401633899e-04
4.487267863798768e-04
5.210201008620436e-04
5.257178040044777e-04
4.613789900845025e-04
5.210201008620436e-04
5.597626787972772e-04
5.514497559740773e-04
5.257178040044777e-04
5.597626787972772e-04
5.679983563286119e-04
5.422392514216513e-04
5.514497559740773e-04
5.679983563286119e-04
5.487661369993184e-04
5.017466820571249e-04
5.422392514216513e-04
5.487661369993184e-04
5.051013960565561e-04
4.336291337482856e-04
5.017466820571249e-04
5.051013960565561e-04
4.400368351360869e-04
3.415410992618457e-04
4.336291337482856e-04
4.400368351360869e-04
3.566031979279394e-04
2.291350883638069e-04
3.415410992618457e-04
3.566031979279394e-04
2.578297840581257e-04
1.000621011889210e-04
2.291350883638069e-04
2.578297840581257e-04
1.467448177317193e-04
-4.202801325271185e-05
1.000621011889210e-04
1.467448177317193e-04
2.637571830732559e-05
-1.934862824004702e-04
-4.202801325271185e-05
2.637571830732559e-05
-1.002506958365252e-04
-3.506643958512991e-04
-1.934862824004702e-04
-1.002506958365252e-04
-2.301080504166474e-04
-5.099145357533505e-04
-3.506643958512991e-04
-2.301080504166474e-04
-3.601702924454047e-04
-6.675892409856092e-04
-5.099145357533505e-04
-3.601702924454047e-04
-4.874115925767876e-04
-8.200412970808885e-04
-6.675892409856092e-04
-4.874115925767876e-04
-6.088062661888789e-04
-9.636236458051424e-04
-8.200412970808885e-04
-6.088062661888789e-04
-7.213287085700896e-04
-1.094689309804791e-03
-9.636236458051424e-04
-7.213287085700896e-04
-8.219533409057159e-04
-1.209591328945667e-03
-1.094689309804791e-03
-8.219533409057159e-04
-9.076545648612779e-04
-1.304682706047044e-03
-1.209591328945667e-03
-9.076545648612779e-04
-9.754067245852837e-04
-1.376316360783947e-03
-1.304682706047044e-03
-9.754067245852837e-04
-1.022184075750267e-03
-1.420845091346869e-03
-1.376316360783947e-03
-1.022184075750267e-03
-1.044960760991345e-03
-1.434621542940408e-03
-1.420845091346869e-03
-1.044960760991345e-03
-1.040710788755220e-03
-1.413998179035994e-03
-1.434621542940408e-03
-1.040710788755220e-03
-1.006408010445927e-03
-1.355327248241571e-03
-1.413998179035994e-03
-1.006408010445927e-03
-9.390261018499462e-04
-1.254960752703952e-03
-1.355327248241571e-03
-9.390261018499462e-04
-8.355385975312283e-04
-1.109250475813942e-03
-1.254960752703952e-03
-8.355385975312283e-04
-6.929190396096457e-04
-9.145481414323371e-04
-1.109250475813942e-03
-6.929190396096457e-04
-5.081409182922622e-04
-6.672053049139289e-04
-9.145481414323371e-04
-5.081409182922622e-04
-2.781762349572053e-04
-3.635715369975898e-04
-6.672053049139289e-04
-2.781762349572053e-04
0.000000000000000e+00
0.000000000000000e+00
-3.635715369975898e-04
0.000000000000000e+00
2.021969393343081e-04
2.009005950166885e-04
0.000000000000000e+00
2.021969393343081e-04
3.547640401633899e-04
3.465940179712878e-04
2.009005950166885e-04
3.547640401633899e-04
4.613789900845025e-04
4.413196295520486e-04
3.465940179712878e-04
4.613789900845025e-04
5.257178040044777e-04
4.893168832532524e-04
4.413196295520486e-04
5.257178040044777e-04
5.514497559740773e-04
4.948197502879009e-04
4.893168832532524e-04
5.514497559740773e-04
5.422392514216513e-04
4.620584863947225e-04
4.948197502879009e-04
5.422392514216513e-04
5.017466820571249e-04
3.952601161569156e-04
4.620584863947225e-04
5.017466820571249e-04
4.336291337482856e-04
2.986488013544745e-04
3.952601161569156e-04
4.336291337482856e-04
3.415410992618457e-04
1.764463326998086e-04
2.986488013544745e-04
3.415410992618457e-04
2.291350883638069e-04
3.287261447253493e-05
1.764463326998086e-04
2.291350883638069e-04
1.000621011889210e-04
-1.278539295228755e-04
3.287261447253493e-05
1.000621011889210e-04
-4.202801325271185e-05
-3.015160311248236e-04
-1.278539295228755e-04
-4.202801325271185e-05
-1.934862824004702e-04
-4.838973173505997e-04
-3.015160311248236e-04
-1.934862824004702e-04
-3.506643958512991e-04
-6.707820993147729e-04
-4.838973173505997e-04
-3.506643958512991e-04
-5.099145357533505e-04
-8.579551998750584e-04
-6.707820993147729e-04
-5.099145357533505e-04
-6.675892409856092e-04
-1.041201812034146e-03
-8.579551998750584e-04
-6.675892409856092e-04
-8.200412970808885e-04
-1.216307381685280e-03
-1.041201812034146e-03
-8.200412970808885e-04
-9.636236458051424e-04
-1.379057509481169e-03
-1.216307381685280e-03
-9.636236458051424e-04
-1.094689309804791e-03
-1.525237867672353e-03
-1.379057509481169e-03
-1.094689309804791e-03
-1.209591328945667e-03
-1.650634128738721e-03
-1.525237867672353e-03
-1.209591328945667e-03
-1.304682706047044e-03
-1.751031903610485e-03
-1.650634128738721e-03
-1.304682706047044e-03
-1.376316360783947e-03
-1.822216688322911e-03
-1.751031903610485e-03
-1.376316360783947e-03
-1.420845091346869e-03
-1.859973818737100e-03
-1.822216688322911e-03
-1.420845091346869e-03
-1.434621542940408e-03
-1.860088432179223e-03
-1.859973818737100e-03
-1.434621542940408e-03
-1.413998179035994e-03
-1.818345430881892e-03
-1.860088432179223e-03
-1.413998179035994e-03
-1.355327248241571e-03
-1.730529438218092e-03
-1.818345430881892e-03
-1.355327248241571e-03
-1.254960752703952e-03
-1.592424753910323e-03
-1.730529438218092e-03
-1.254960752703952e-03
-1.109250475813942e-03
-1.399815375822725e-03
-1.592424753910323e-03
-1.109250475813942e-03
-9.145481414323371e-04
-1.148485173988062e-03
-1.399815375822725e-03
-9.145481414323371e-04
-6.672053049139289e-04
-8.342177444485254e-04
-1.148485173988062e-03
-6.672053049139289e-04
-3.635715369975898e-04
-4.527942395269723e-04
-8.342177444485254e-04
-3.635715369975898e-04
0.000000000000000e+00
0.000000000000000e+00
-4.527942395269723e-04
0.000000000000000e+00
2.009005950166885e-04
1.886504819332832e-04
0.000000000000000e+00
2.009005950166885e-04
3.465940179712878e-04
3.177632076864470e-04
1.886504819332832e-04
3.465940179712878e-04
4.413196295520486e-04
3.920863488216904e-04
3.177632076864470e-04
4.413196295520486e-04
4.893168832532524e-04
4.163693010820617e-04
3.920863488216904e-04
4.893168832532524e-04
4.948197502879009e-04
3.953567645731440e-04
4.163693010820617e-04
4.948197502879009e-04
4.620584863947225e-04
3.337905537350846e-04
3.953567645731440e-04
4.620584863947225e-04
3.952601161569156e-04
2.364099021506941e-04
3.337905537350846e-04
3.952601161569156e-04
2.986488013544745e-04
1.079516205932557e-04
2.364099021506941e-04
2.986488013544745e-04
1.764463326998086e-04
-4.684957509645600e-05
1.079516205932557e-04
1.764463326998086e-04
3.287261447253493e-05
-2.232606913537781e-04
-4.684957509645600e-05
3.287261447253493e-05
-1.278539295228755e-04
-4.165501226930522e-04
-2.232606913537781e-04
-1.278539295228755e-04
-3.015160311248236e-04
-6.219873704246543e-04
-4.165501226930522e-04
-3.015160311248236e-04
-4.838973173505997e-04
-8.348428067690383e-04
-6.219873704246543e-04
-4.838973173505997e-04
-6.707820993147729e-04
-1.050387476083949e-03
-8.348428067690383e-04
-6.707820993147729e-04
-8.579551998750584e-04
-1.263892927169232e-03
-1.050387476083949e-03
-8.579551998750584e-04
-1.041201812034146e-03
-1.470631071692390e-03
-1.263892927169232e-03
-1.041201812034146e-03
-1.216307381685280e-03
-1.665874064202284e-03
-1.470631071692390e-03
-1.216307381685280e-03
-1.379057509481169e-03
-1.844894199645759e-03
-1.665874064202284e-03
-1.379057509481169e-03
-1.525237867672353e-03
-2.002963824902666e-03
-1.844894199645759e-03
-1.525237867672353e-03
-1.650634128738721e-03
-2.135355261551081e-03
-2.002963824902666e-03
-1.650634128738721e-03
-1.751031903610485e-03
-2.237340737895339e-03
-2.135355261551081e-03
-1.751031903610485e-03
-1.822216688322911e-03
-2.304192329279240e-03
-2.237340737895339e-03
-1.822216688322911e-03
-1.859973818737100e-03
-2.331181906443713e-03
-2.304192329279240e-03
-1.859973818737100e-03
-1.860088432179223e-03
-2.313581090639884e-03
-2.331181906443713e-03
-1.860088432179223e-03
-1.818345430881892e-03
-2.246661209492144e-03
-2.313581090639884e-03
-1.818345430881892e-03
-1.730529438218092e-03
-2.125693242991045e-03
-2.246661209492144e-03
-1.730529438218092e-03
-1.592424753910323e-03
-1.945947766455899e-03
-2.125693242991045e-03
-1.592424753910323e-03
-1.399815375822725e-03
-1.702694968341503e-03
-1.945947766455899e-03
-1.399815375822725e-03
-1.148485173988062e-03
-1.391204842361007e-03
-1.702694968341503e-03
-1.148485173988062e-03
-8.342177444485254e-04
-1.006747011420335e-03
-1.391204842361007e-03
-8.342177444485254e-04
-4.527942395269723e-04
-5.445882227388187e-04
-1.006747011420335e-03
-4.527942395269723e-04
0.000000000000000e+00
0.000000000000000e+00
-5.445882227388187e-04
0.000000000000000e+00
1.886504819332832e-04
1.667062246173081e-04
0.000000000000000e+00
1.886504819332832e-04
3.177632076864470e-04
2.707093429295926e-04
1.667062246173081e-04
3.177632076864470e-04
3.920863488216904e-04
3.172131217308053e-04
2.707093429295926e-04
3.920863488216904e-04
4.163693010820617e-04
3.114233143639656e-04
3.172131217308053e-04
4.163693010820617e-04
3.953567645731440e-04
2.585414980171841e-04
3.114233143639656e-04
3.953567645731440e-04
3.337905537350846e-04
1.637669640645133e-04
2.585414980171841e-04
3.337905537350846e-04
2.364099021506941e-04
3.229693887054093e-05
1.637669640645133e-04
2.364099021506941e-04
1.079516205932557e-04
-1.306733830354624e-04
3.229693887054093e-05
1.079516205932557e-04
-4.684957509645600e-05
-3.199506225796835e-04
-1.306733830354624e-04
-4.684957509645600e-05
-2.232606913537781e-04
-5.303429308358743e-04
-3.199506225796835e-04
-2.232606913537781e-04
-4.165501226930522e-04
-7.566597186468275e-04
-5.303429308358743e-04
-4.165501226930522e-04
-6.219873704246543e-04
-9.937114192105653e-04
-7.566597186468275e-04
-6.219873704246543e-04
-8.348428067690383e-04
-1.236309280568944e-03
-9.937114192105653e-04
-8.348428067690383e-04
-1.050387476083949e-03
-1.479265183963881e-03
-1.236309280568944e-03
-1.050387476083949e-03
-1.263892927169232e-03
-1.717391485496122e-03
-1.479265183963881e-03
-1.263892927169232e-03
-1.470631071692390e-03
-1.945500878681544e-03
-1.717391485496122e-03
-1.470631071692390e-03
-1.665874064202284e-03
-2.158406275128609e-03
-1.945500878681544e-03
-1.665874064202284e-03
-1.844894199645759e-03
-2.350920700415449e-03
-2.158406275128609e-03
-1.844894199645759e-03
-2.002963824902666e-03
-2.517857202436663e-03
-2.350920700415449e-03
-2.002963824902666e-03
-2.135355261551081e-03
-2.654028769917308e-03
-2.517857202436663e-03
-2.135355261551081e-03
-2.237340737895339e-03
-2.754248259455422e-03
-2.654028769917308e-03
-2.237340737895339e-03
-2.304192329279240e-03
-2.813328330376201e-03
-2.754248259455422e-03
-2.304192329279240e-03
-2.331181906443713e-03
-2.826081387363674e-03
-2.813328330376201e-03
-2.331181906443713e-03
-2.313581090639884e-03
-2.787319529538837e-03
-2.826081387363674e-03
-2.313581090639884e-03
-2.246661209492144e-03
-2.691854499253457e-03
-2.787319529538837e-03
-2.246661209492144e-03
-2.125693242991045e-03
-2.534497618629028e-03
-2.691854499253457e-03
-2.125693242991045e-03
-1.945947766455899e-03
-2.310059721595915e-03
-2.534497618629028e-03
-1.945947766455899e-03
-1.702694968341503e-03
-2.013351169454296e-03
-2.310059721595915e-03
-1.702694968341503e-03
-1.391204842361007e-03
-1.639182062800110e-03
-2.013351169454296e-03
-1.391204842361007e-03
-1.006747011420335e-03
-1.182362039918752e-03
-1.639182062800110e-03
-1.006747011420335e-03
-5.445882227388187e-04
-6.376974539087671e-04
-1.182362039918752e-03
-5.445882227388187e-04
0.000000000000000e+00
0.000000000000000e+00
-6.376974539087671e-04
0.000000000000000e+00
1.667062246173081e-04
1.363263279120265e-04
0.000000000000000e+00
1.667062246173081e-04
2.707093429295926e-04
2.078681435948414e-04
1.363263279120265e-04
2.707093429295926e-04
3.172131217308053e-04
2.202313666099955e-04
2.078681435948414e-04
3.172131217308053e-04
3.114233143639656e-04
1.790244302992430e-04
2.202313666099955e-04
3.114233143639656e-04
2.585414980171841e-04
8.985196030533184e-05
1.790244302992430e-04
2.585414980171841e-04
1.637669640645133e-04
-4.168326064052005e-05
8.985196030533184e-05
1.637669640645133e-04
3.229693887054093e-05
-2.099801095074628e-04
-4.168326064052005e-05
3.229693887054093e-05
-1.306733830354624e-04
-4.094391624500589e-04
-2.099801095074628e-04
-1.306733830354624e-04
-3.199506225796835e-04
-6.344625512467200e-04
-4.094391624500589e-04
-3.199506225796835e-04
-5.303429308358743e-04
-8.794537417389943e-04
-6.344625512467200e-04
-5.303429308358743e-04
-7.566597186468275e-04
-1.138817315125569e-03
-8.794537417389943e-04
-7.566597186468275e-04
-9.937114192105653e-04
-1.406958769648902e-03
-1.138817315125569e-03
-9.937114192105653e-04
-1.236309280568944e-03
-1.678284340889756e-03
-1.406958769648902e-03
-1.236309280568944e-03
-1.479265183963881e-03
-1.947200838777529e-03
-1.678284340889756e-03
-1.479265183963881e-03
-1.717391485496122e-03
-2.208115500959694e-03
-1.947200838777529e-03
-1.717391485496122e-03
-1.945500878681544e-03
-2.455435861990526e-03
-2.208115500959694e-03
-1.945500878681544e-03
-2.158406275128609e-03
-2.683569636985913e-03
-2.455435861990526e-03
-2.158406275128609e-03
-2.350920700415449e-03
-2.886924617852525e-03
-2.683569636985913e-03
-2.350920700415449e-03
-2.517857202436663e-03
-3.059908580085697e-03
-2.886924617852525e-03
-2.517857202436663e-03
-2.654028769917308e-03
-3.196929198339630e-03
-3.059908580085697e-03
-2.654028769917308e-03
-2.754248259455422e-03
-3.292393969503170e-03
-3.196929198339630e-03
-2.754248259455422e-03
-2.813328330376201e-03
-3.340710142878915e-03
-3.292393969503170e-03
-2.813328330376201e-03
-2.826081387363674e-03
-3.336284657701922e-03
-3.340710142878915e-03
-2.826081387363674e-03
-2.787319529538837e-03
-3.273524086715549e-03
-3.336284657701922e-03
-2.787319529538837e-03
-2.691854499253457e-03
-3.146834578498747e-03
-3.273524086715549e-03
-2.691854499253457e-03
-2.534497618629028e-03
-2.950621785438741e-03
-3.146834578498747e-03
-2.534497618629028e-03
-2.310059721595915e-03
-2.679290786129437e-03
-2.950621785438741e-03
-2.310059721595915e-03
-2.013351169454296e-03
-2.327246099934485e-03
-2.679290786129437e-03
-2.013351169454296e-03
-1.639182062800110e-03
-1.888891919167444e-03
-2.327246099934485e-03
-1.639182062800110e-03
-1.182362039918752e-03
-1.358631884896236e-03
-1.888891919167444e-03
-1.182362039918752e-03
-6.376974539087671e-04
-7.308659641158717e-04
-1.358631884896236e-03
-6.376974539087671e-04
0.000000000000000e+00
0.000000000000000e+00
-7.308659641158717e-04
0.000000000000000e+00
1.363263279120265e-04
9.876855267241073e-05
0.000000000000000e+00
1.363263279120265e-04
2.078681435948414e-04
1.316739606123624e-04
9.876855267241073e-05
2.078681435948414e-04
2.202313666099955e-04
1.046707033415971e-04
1.316739606123624e-04
2.202313666099955e-04
1.790244302992430e-04
2.371613919361560e-05
1.046707033415971e-04
1.790244302992430e-04
8.985196030533184e-05
-1.052358972554717e-04
2.371613919361560e-05
8.985196030533184e-05
-4.168326064052005e-05
-2.762330776965052e-04
-1.052358972554717e-04
-4.168326064052005e-05
-2.099801095074628e-04
-4.833244126297960e-04
-2.762330776965052e-04
-2.099801095074628e-04
-4.094391624500589e-04
-7.205603322852586e-04
-4.833244126297960e-04
-4.094391624500589e-04
-6.344625512467200e-04
-9.819925897066447e-04
-7.205603322852586e-04
-6.344625512467200e-04
-8.794537417389943e-04
-1.261674084239623e-03
-9.819925897066447e-04
-8.794537417389943e-04
-1.138817315125569e-03
-1.553658682605360e-03
-1.261674084239623e-03
-1.138817315125569e-03
-1.406958769648902e-03
-1.852001053116493e-03
-1.553658682605360e-03
-1.406958769648902e-03
-1.678284340889756e-03
-2.150756510894799e-03
-1.852001053116493e-03
-1.678284340889756e-03
-1.947200838777529e-03
-2.443980872927303e-03
-2.150756510894799e-03
-1.947200838777529e-03
-2.208115500959694e-03
-2.725730323774322e-03
-2.443980872927303e-03
-2.208115500959694e-03
-2.455435861990526e-03
-2.990061292579641e-03
-2.725730323774322e-03
-2.455435861990526e-03
-2.683569636985913e-03
-3.231030341054549e-03
-2.990061292579641e-03
-2.683569636985913e-03
-2.886924617852525e-03
-3.442694061359846e-03
-3.231030341054549e-03
-2.886924617852525e-03
-3.059908580085697e-03
-3.619108982503423e-03
-3.442694061359846e-03
-3.059908580085697e-03
-3.196929198339630e-03
-3.754331483928483e-03
-3.619108982503423e-03
-3.196929198339630e-03
-3.292393969503170e-03
-3.842417715401443e-03
-3.754331483928483e-03
-3.292393969503170e-03
-3.340710142878915e-03
-3.877423523137936e-03
-3.842417715401443e-03
-3.340710142878915e-03
-3.336284657701922e-03
-3.853404382717167e-03
-3.877423523137936e-03
-3.336284657701922e-03
-3.273524086715549e-03
-3.764415337623123e-03
-3.853404382717167e-03
-3.273524086715549e-03
-3.146834578498747e-03
-3.604510935659329e-03
-3.764415337623123e-03
-3.146834578498747e-03
-2.950621785438741e-03
-3.367745149168110e-03
-3.604510935659329e-03
-2.950621785438741e-03
-2.679290786129437e-03
-3.048171288880338e-03
-3.367745149168110e-03
-2.679290786129437e-03
-2.327246099934485e-03
-2.639842018256900e-03
-3.048171288880338e-03
-2.327246099934485e-03
-1.888891919167444e-03
-2.136809605503347e-03
-2.639842018256900e-03
-1.888891919167444e-03
-1.358631884896236e-03
-1.533125679113555e-03
-2.136809605503347e-03
-1.358631884896236e-03
-7.308659641158717e-04
-8.228378249194452e-04
-1.533125679113555e-03
-7.308659641158717e-04
0.000000000000000e+00
0.000000000000000e+00
-8.228378249194452e-04
0.000000000000000e+00
9.876855267241073e-05
5.529014778751348e-05
0.000000000000000e+00
9.876855267241073e-05
1.316739606123624e-04
4.456018809575342e-05
5.529014778751348e-05
1.316739606123624e-04
1.046707033415971e-04
-2.594053548631358e-05
4.456018809575342e-05
1.046707033415971e-04
2.371613919361560e-05
-1.499595549703528e-04
-2.594053548631358e-05
2.371613919361560e-05
-1.052358972554717e-04
-3.212476879261841e-04
-1.499595549703528e-04
-1.052358972554717e-04
-2.762330776965052e-04
-5.335569938040933e-04
-3.212476879261841e-04
-2.762330776965052e-04
-4.833244126297960e-04
-7.806406125618631e-04
-5.335569938040933e-04
-4.833244126297960e-04
-7.205603322852586e-04
-1.056252868306243e-03
-7.806406125618631e-04
-7.205603322852586e-04
-9.819925897066447e-04
-1.354149202007471e-03
-1.056252868306243e-03
-9.819925897066447e-04
-1.261674084239623e-03
-1.668086026486204e-03
-1.354149202007471e-03
-1.261674084239623e-03
-1.553658682605360e-03
-1.991820577370747e-03
-1.668086026486204e-03
-1.553658682605360e-03
-1.852001053116493e-03
-2.319110773347303e-03
-1.991820577370747e-03
-1.852001053116493e-03
-2.150756510894799e-03
-2.643715082576810e-03
-2.319110773347303e-03
-2.150756510894799e-03
-2.443980872927303e-03
-2.959392394056520e-03
-2.643715082576810e-03
-2.443980872927303e-03
-2.725730323774322e-03
-3.259901895190645e-03
-2.959392394056520e-03
-2.725730323774322e-03
-2.990061292579641e-03
-3.539002956863331e-03
-3.259901895190645e-03
-2.990061292579641e-03
-3.231030341054549e-03
-3.790455026340940e-03
-3.539002956863331e-03
-3.231030341054549e-03
-3.442694061359846e-03
-4.008017527513706e-03
-3.790455026340940e-03
-3.442694061359846e-03
-3.619108982503423e-03
-4.185449767586237e-03
-4.008017527513706e-03
-3.619108982503423e-03
-3.754331483928483e-03
-4.316510849297538e-03
-4.185449767586237e-03
-3.754331483928483e-03
-3.842417715401443e-03
-4.394959588132188e-03
-4.316510849297538e-03
-3.842417715401443e-03
-3.877423523137936e-03
-4.414554434805663e-03
-4.394959588132188e-03
-3.877423523137936e-03
-3.853404382717167e-03
-4.369053403912681e-03
-4.414554434805663e-03
-3.853404382717167e-03
-3.764415337623123e-03
-4.252214007752500e-03
-4.369053403912681e-03
-3.764415337623123e-03
-3.604510935659329e-03
-4.057793187239393e-03
-4.252214007752500e-03
-3.604510935659329e-03
-3.367745149168110e-03
-3.779547225016572e-03
-4.057793187239393e-03
-3.367745149168110e-03
-3.048171288880338e-03
-3.411231651622568e-03
-3.779547225016572e-03
-3.048171288880338e-03
-2.639842018256900e-03
-2.946601260003668e-03
-3.411231651622568e-03
-2.639842018256900e-03
-2.136809605503347e-03
-2.379410376336220e-03
-2.946601260003668e-03
-2.136809605503347e-03
-1.533125679113555e-03
-1.703412597416938e-03
-2.379410376336220e-03
-1.533125679113555e-03
-8.228378249194452e-04
-9.123571295701168e-04
-1.703412597416938e-03
-8.228378249194452e-04
0.000000000000000e+00
0.000000000000000e+00
-9.123571295701168e-04
0.000000000000000e+00
5.529014778751348e-05
7.148000517956907e-06
0.000000000000000e+00
5.529014778751348e-05
4.456018809575342e-05
-5.104046317115295e-05
7.148000517956907e-06
4.456018809575342e-05
-2.594053548631358e-05
-1.680749523973855e-04
-5.104046317115295e-05
-2.594053548631358e-05
-1.499595549703528e-04
-3.374617509770225e-04
-1.680749523973855e-04
-1.499595549703528e-04
-3.212476879261841e-04
-5.527102128746067e-04
-3.374617509770225e-04
-3.212476879261841e-04
-5.335569938040933e-04
-8.073307190897544e-04
-5.527102128746067e-04
-5.335569938040933e-04
-7.806406125618631e-04
-1.094834518683648e-03
-8.073307190897544e-04
-7.806406125618631e-04
-1.056252868306243e-03
-1.408733843743140e-03
-1.094834518683648e-03
-1.056252868306243e-03
-1.354149202007471e-03
-1.742541860877836e-03
-1.408733843743140e-03
-1.354149202007471e-03
-1.668086026486204e-03
-2.089772548370996e-03
-1.742541860877836e-03
-1.668086026486204e-03
-1.991820577370747e-03
-2.443940569458754e-03
-2.089772548370996e-03
-1.991820577370747e-03
-2.319110773347303e-03
-2.798561153038575e-03
-2.443940569458754e-03
-2.319110773347303e-03
-2.643715082576810e-03
-3.147149977598987e-03
-2.798561153038575e-03
-2.643715082576810e-03
-2.959392394056520e-03
-3.483223056732308e-03
-3.147149977598987e-03
-2.959392394056520e-03
-3.259901895190645e-03
-3.800296627506795e-03
-3.483223056732308e-03
-3.259901895190645e-03
-3.539002956863331e-03
-4.091887043242877e-03
-3.800296627506795e-03
-3.539002956863331e-03
-3.790455026340940e-03
-4.351510671377062e-03
-4.091887043242877e-03
-3.790455026340940e-03
-4.008017527513706e-03
-4.572683796302518e-03
-4.351510671377062e-03
-4.008017527513706e-03
-4.185449767586237e-03
-4.748922526654577e-03
-4.572683796302518e-03
-4.185449767586237e-03
-4.316510849297538e-03
-4.873742706449821e-03
-4.748922526654577e-03
-4.316510849297538e-03
-4.394959588132188e-03
-4.940659829854789e-03
-4.873742706449821e-03
-4.394959588132188e-03
-4.414554434805663e-03
-4.943188960200997e-03
-4.940659829854789e-03
-4.414554434805663e-03
-4.369053403912681e-03
-4.874844654484300e-03
-4.943188960200997e-03
-4.369053403912681e-03
-4.252214007752500e-03
-4.729140892580181e-03
-4.874844654484300e-03
-4.252214007752500e-03
-4.057793187239393e-03
-4.499591002846044e-03
-4.729140892580181e-03
-4.057793187239393e-03
-3.779547225016572e-03
-4.179707568563371e-03
-4.499591002846044e-03
-3.779547225016572e-03
-3.411231651622568e-03
-3.763002327055140e-03
-4.179707568563371e-03
-3.411231651622568e-03
-2.946601260003668e-03
-3.242986184449423e-03
-3.763002327055140e-03
-2.946601260003668e-03
-2.379410376336220e-03
-2.613169503830963e-03
-3.242986184449423e-03
-2.379410376336220e-03
-1.703412597416938e-03
-1.867061826567913e-03
-2.613169503830963e-03
-1.703412597416938e-03
-9.123571295701168e-04
-9.981679773765791e-04
-1.867061826567913e-03
-9.123571295701168e-04
0.000000000000000e+00
0.000000000000000e+00
-9.981679773765791e-04
0.000000000000000e+00
7.148000517956907e-06
-4.440126052109294e-05
0.000000000000000e+00
7.148000517956907e-06
-5.104046317115295e-05
-1.526957749372209e-04
-4.440126052109294e-05
-5.104046317115295e-05
-1.680749523973855e-04
-3.182058320761240e-04
-1.526957749372209e-04
-1.680749523973855e-04
-3.374617509770225e-04
-5.342503642843606e-04
-3.182058320761240e-04
-3.374617509770225e-04
-5.527102128746067e-04
-7.941511677194461e-04
-5.342503642843606e-04
-5.527102128746067e-04
-8.073307190897544e-04
-1.091230884934040e-03
-7.941511677194461e-04
-8.073307190897544e-04
-1.094834518683648e-03
-1.418812847506049e-03
-1.091230884934040e-03
-1.094834518683648e-03
-1.408733843743140e-03
-1.770221195208088e-03
-1.418812847506049e-03
-1.408733843743140e-03
-1.742541860877836e-03
-2.138780839451170e-03
-1.770221195208088e-03
-1.742541860877836e-03
-2.089772548370996e-03
-2.517817356395545e-03
-2.138780839451170e-03
-2.089772548370996e-03
-2.443940569458754e-03
-2.900656877086489e-03
-2.517817356395545e-03
-2.443940569458754e-03
-2.798561153038575e-03
-3.280625984214393e-03
-2.900656877086489e-03
-2.798561153038575e-03
-3.147149977598987e-03
-3.651051610348477e-03
-3.280625984214393e-03
-3.147149977598987e-03
-3.483223056732308e-03
-4.005260935480457e-03
-3.651051610348477e-03
-3.483223056732308e-03
-3.800296627506795e-03
-4.336581284928067e-03
-4.005260935480457e-03
-3.800296627506795e-03
-4.091887043242877e-03
-4.638340029137468e-03
-4.336581284928067e-03
-4.091887043242877e-03
-4.351510671377062e-03
-4.903864486204395e-03
-4.638340029137468e-03
-4.351510671377062e-03
-4.572683796302518e-03
-5.126481827213801e-03
-4.903864486204395e-03
-4.572683796302518e-03
-4.748922526654577e-03
-5.299518984106350e-03
-5.126481827213801e-03
-4.748922526654577e-03
-4.873742706449821e-03
-5.416302559731607e-03
-5.299518984106350e-03
-4.873742706449821e-03
-4.940659829854789e-03
-5.470158740134628e-03
-5.416302559731607e-03
-4.940659829854789e-03
-4.943188960200997e-03
-5.454413210007152e-03
-5.470158740134628e-03
-4.943188960200997e-03
-4.874844654484300e-03
-5.362391072892764e-03
-5.454413210007152e-03
-4.874844654484300e-03
-4.729140892580181e-03
-5.187416775632381e-03
-5.362391072892764e-03
-4.729140892580181e-03
-4.499591002846044e-03
-4.922814028587717e-03
-5.187416775632381e-03
-4.499591002846044e-03
-4.179707568563371e-03
-4.561905705589554e-03
-4.922814028587717e-03
-4.179707568563371e-03
-3.763002327055140e-03
-4.098013736399668e-03
-4.561905705589554e-03
-3.763002327055140e-03
-3.242986184449423e-03
-3.524459121528517e-03
-4.098013736399668e-03
-3.242986184449423e-03
-2.613169503830963e-03
-2.834562235866484e-03
-3.524459121528517e-03
-2.613169503830963e-03
-1.867061826567913e-03
-2.021642536123462e-03
-2.834562235866484e-03
-1.867061826567913e-03
-9.981679773765791e-04
-1.079014458759136e-03
-2.021642536123462e-03
-9.981679773765791e-04
0.000000000000000e+00
0.000000000000000e+00
-1.079014458759136e-03
0.000000000000000e+00
-4.440126052109294e-05
-9.810119090268521e-05
0.000000000000000e+00
-4.440126052109294e-05
-1.526957749372209e-04
-2.579738815168930e-04
-9.810119090268521e-05
-1.526957749372209e-04
-3.182058320761240e-04
-4.728069514357668e-04
-2.579738815168930e-04
-3.182058320761240e-04
-5.342503642843606e-04
-7.357859055351399e-04
-4.728069514357668e-04
-5.342503642843606e-04
-7.941511677194461e-04
-1.040098907028864e-03
-7.357859055351399e-04
-7.941511677194461e-04
-1.091230884934040e-03
-1.378934808529850e-03
-1.040098907028864e-03
-1.091230884934040e-03
-1.418812847506049e-03
-1.745482996821309e-03
-1.378934808529850e-03
-1.418812847506049e-03
-1.770221195208088e-03
-2.132933511659670e-03
-1.745482996821309e-03
-1.770221195208088e-03
-2.138780839451170e-03
-2.534477016914348e-03
-2.132933511659670e-03
-2.138780839451170e-03
-2.517817356395545e-03
-2.943304705665388e-03
-2.534477016914348e-03
-2.517817356395545e-03
-2.900656877086489e-03
-3.352608203433621e-03
-2.943304705665388e-03
-2.900656877086489e-03
-3.280625984214393e-03
-3.755579477726082e-03
-3.352608203433621e-03
-3.280625984214393e-03
-3.651051610348477e-03
-4.145410748013870e-03
-3.755579477726082e-03
-3.651051610348477e-03
-4.005260935480457e-03
-4.515294393467591e-03
-4.145410748013870e-03
-4.005260935480457e-03
-4.336581284928067e-03
-4.858422859159178e-03
-4.515294393467591e-03
-4.336581284928067e-03
-4.638340029137468e-03
-5.167988562105097e-03
-4.858422859159178e-03
-4.638340029137468e-03
-4.903864486204395e-03
-5.437183797954099e-03
-5.167988562105097e-03
-4.903864486204395e-03
-5.126481827213801e-03
-5.659200648501645e-03
-5.437183797954099e-03
-5.126481827213801e-03
-5.299518984106350e-03
-5.827230889880868e-03
-5.659200648501645e-03
-5.299518984106350e-03
-5.416302559731607e-03
-5.934465901271379e-03
-5.827230889880868e-03
-5.416302559731607e-03
-5.470158740134628e-03
-5.974096574399208e-03
-5.934465901271379e-03
-5.470158740134628e-03
-5.454413210007152e-03
-5.939313225050267e-03
-5.974096574399208e-03
-5.454413210007152e-03
-5.362391072892764e-03
-5.823305508536618e-03
-5.939313225050267e-03
-5.362391072892764e-03
-5.187416775632381e-03
-5.619262338894386e-03
-5.823305508536618e-03
-5.187416775632381e-03
-4.922814028587717e-03
-5.320371803332555e-03
-5.619262338894386e-03
-4.922814028587717e-03
-4.561905705589554e-03
-4.919821055556551e-03
-5.320371803332555e-03
-4.561905705589554e-03
-4.098013736399668e-03
-4.410796201692963e-03
-4.919821055556551e-03
-4.098013736399668e-03
-3.524459121528517e-03
-3.786482314681950e-03
-4.410796201692963e-03
-3.524459121528517e-03
-2.834562235866484e-03
-3.040063751194939e-03
-3.786482314681950e-03
-2.834562235866484e-03
-2.021642536123462e-03
-2.164723847502738e-03
-3.040063751194939e-03
-2.021642536123462e-03
-1.079014458759136e-03
-1.153640639448903e-03
-2.164723847502738e-03
-1.079014458759136e-03
0.000000000000000e+00
0.000000000000000e+00
-1.153640639448903e-03
0.000000000000000e+00
-9.810119090268521e-05
-1.526954739573008e-04
0.000000000000000e+00
-9.810119090268521e-05
-2.579738815168930e-04
-3.644431624863235e-04
-1.526954739573008e-04
-2.579738815168930e-04
-4.728069514357668e-04
-6.283524313057917e-04
-3.644431624863235e-04
-4.728069514357668e-04
-7.357859055351399e-04
-9.375293033536880e-04
-6.283524313057917e-04
-7.357859055351399e-04
-1.040098907028864e-03
-1.285082250416711e-03
-9.375293033536880e-04
-1.040098907028864e-03
-1.378934808529850e-03
-1.664120292828429e-03
-1.285082250416711e-03
-1.378934808529850e-03
-1.745482996821309e-03
-2.067752847470619e-03
-1.664120292828429e-03
-1.745482996821309e-03
-2.132933511659670e-03
-2.489089843202628e-03
-2.067752847470619e-03
-2.132933511659670e-03
-2.534477016914348e-03
-2.921241697133033e-03
-2.489089843202628e-03
-2.534477016914348e-03
-2.943304705665388e-03
-3.357319229307790e-03
-2.921241697133033e-03
-2.943304705665388e-03
-3.352608203433621e-03
-3.790433576606683e-03
-3.357319229307790e-03
-3.352608203433621e-03
-3.755579477726082e-03
-4.213696112819077e-03
-3.790433576606683e-03
-3.755579477726082e-03
-4.145410748013870e-03
-4.620218368487985e-03
-4.213696112819077e-03
-4.145410748013870e-03
-4.515294393467591e-03
-5.003111947397556e-03
-4.620218368487985e-03
-4.515294393467591e-03
-4.858422859159178e-03
-5.355488440025325e-03
-5.003111947397556e-03
-4.858422859159178e-03
-5.167988562105097e-03
-5.670459335076579e-03
-5.355488440025325e-03
-5.167988562105097e-03
-5.437183797954099e-03
-5.941135929784535e-03
-5.670459335076579e-03
-5.437183797954099e-03
-5.659200648501645e-03
-6.160629239145989e-03
-5.941135929784535e-03
-5.659200648501645e-03
-5.827230889880868e-03
-6.322049904003983e-03
-6.160629239145989e-03
-5.827230889880868e-03
-5.934465901271379e-03
-6.418508097938473e-03
-6.322049904003983e-03
-5.934465901271379e-03
-5.974096574399208e-03
-6.443113433421126e-03
-6.418508097938473e-03
-5.974096574399208e-03
-5.939313225050267e-03
-6.388974868721880e-03
-6.443113433421126e-03
-5.939313225050267e-03
-5.823305508536618e-03
-6.249200617852607e-03
-6.388974868721880e-03
-5.823305508536618e-03
-5.619262338894386e-03
-6.016898063661139e-03
-6.249200617852607e-03
-5.619262338894386e-03
-5.320371803332555e-03
-5.685173665709215e-03
-6.016898063661139e-03
-5.320371803332555e-03
-4.919821055556551e-03
-5.247132846452125e-03
-5.685173665709215e-03
-4.919821055556551e-03
-4.410796201692963e-03
-4.695879870397689e-03
-5.247132846452125e-03
-4.410796201692963e-03
-3.786482314681950e-03
-4.024517857261987e-03
-4.695879870397689e-03
-3.786482314681950e-03
-3.040063751194939e-03
-3.226149109619385e-03
-4.024517857261987e-03
-3.040063751194939e-03
-2.164723847502738e-03
-2.293874799674705e-03
-3.226149109619385e-03
-2.164723847502738e-03
-1.153640639448903e-03
-1.220790542983709e-03
-2.293874799674705e-03
-1.153640639448903e-03
0.000000000000000e+00
0.000000000000000e+00
-1.220790542983709e-03
0.000000000000000e+00
-1.526954739573008e-04
-2.069278761002539e-04
0.000000000000000e+00
-1.526954739573008e-04
-3.644431624863235e-04
-4.696721569804493e-04
-2.069278761002539e-04
-3.644431624863235e-04
-6.283524313057917e-04
-7.813166162764812e-04
-4.696721569804493e-04
-6.283524313057917e-04
-9.375293033536880e-04
-1.134941758059648e-03
-7.813166162764812e-04
-9.375293033536880e-04
-1.285082250416711e-03
-1.523630318860411e-03
-1.134941758059648e-03
-1.285082250416711e-03
-1.664120292828429e-03
-1.940465453470167e-03
-1.523630318860411e-03
-1.664120292828429e-03
-2.067752847470619e-03
-2.378530587427371e-03
-1.940465453470167e-03
-2.067752847470619e-03
-2.489089843202628e-03
-2.830909527090670e-03
-2.378530587427371e-03
-2.489089843202628e-03
-2.921241697133033e-03
-3.290686439623556e-03
-2.830909527090670e-03
-2.921241697133033e-03
-3.357319229307790e-03
-3.750945776018565e-03
-3.290686439623556e-03
-3.357319229307790e-03
-3.790433576606683e-03
-4.204772194282076e-03
-3.750945776018565e-03
-3.790433576606683e-03
-4.213696112819077e-03
-4.645250488658922e-03
-4.204772194282076e-03
-4.213696112819077e-03
-4.620218368487985e-03
-5.065465518121264e-03
-4.645250488658922e-03
-4.620218368487985e-03
-5.003111947397556e-03
-5.458502130614645e-03
-5.065465518121264e-03
-5.003111947397556e-03
-5.355488440025325e-03
-5.817445082981168e-03
-5.458502130614645e-03
-5.355488440025325e-03
-5.670459335076579e-03
-6.135378957365494e-03
-5.817445082981168e-03
-5.670459335076579e-03
-5.941135929784535e-03
-6.405388074599522e-03
-6.135378957365494e-03
-5.941135929784535e-03
-6.160629239145989e-03
-6.620556404652833e-03
-6.405388074599522e-03
-6.160629239145989e-03
-6.322049904003983e-03
-6.773967474056442e-03
-6.620556404652833e-03
-6.322049904003983e-03
-6.418508097938473e-03
-6.858704270323097e-03
-6.773967474056442e-03
-6.418508097938473e-03
-6.443113433421126e-03
-6.867849143957054e-03
-6.858704270323097e-03
-6.443113433421126e-03
-6.388974868721880e-03
-6.794483709774258e-03
-6.867849143957054e-03
-6.388974868721880e-03
-6.249200617852607e-03
-6.631688750155672e-03
-6.794483709774258e-03
-6.249200617852607e-03
-6.016898063661139e-03
-6.372544120727168e-03
-6.631688750155672e-03
-6.016898063661139e-03
-5.685173665709215e-03
-6.010128650367290e-03
-6.372544120727168e-03
-5.685173665709215e-03
-5.247132846452125e-03
-5.537520019214248e-03
-6.010128650367290e-03
-5.247132846452125e-03
-4.695879870397689e-03
-4.947794630359614e-03
-5.537520019214248e-03
-4.695879870397689e-03
-4.024517857261987e-03
-4.234027620516620e-03
-4.947794630359614e-03
-4.024517857261987e-03
-3.226149109619385e-03
-3.389293195419568e-03
-4.234027620516620e-03
-3.226149109619385e-03
-2.293874799674705e-03
-2.406664310126195e-03
-3.389293195419568e-03
-2.293874799674705e-03
-1.220790542983709e-03
-1.279208130776693e-03
-2.406664310126195e-03
-1.220790542983709e-03
0.000000000000000e+00
0.000000000000000e+00
-1.279208130776693e-03
0.000000000000000e+00
-2.069278761002539e-04
-2.595422098098813e-04
0.000000000000000e+00
-2.069278761002539e-04
-4.696721569804493e-04
-5.712294921972065e-04
-2.595422098098813e-04
-4.696721569804493e-04
-7.813166162764812e-04
-9.281739733941959e-04
-5.712294921972065e-04
-7.813166162764812e-04
-1.134941758059648e-03
-1.323484616593899e-03
-9.281739733941959e-04
-1.134941758059648e-03
-1.523630318860411e-03
-1.750272392408018e-03
-1.323484616593899e-03
-1.523630318860411e-03
-1.940465453470167e-03
-2.201648565543761e-03
-1.750272392408018e-03
-1.940465453470167e-03
-2.378530587427371e-03
-2.670724553020197e-03
-2.201648565543761e-03
-2.378530587427371e-03
-2.830909527090670e-03
-3.150612027651359e-03
-2.670724553020197e-03
-2.830909527090670e-03
-3.290686439623556e-03
-3.634422901172363e-03
-3.150612027651359e-03
-3.290686439623556e-03
-3.750945776018565e-03
-4.115269255228129e-03
-3.634422901172363e-03
-3.750945776018565e-03
-4.204772194282076e-03
-4.586263273332125e-03
-4.115269255228129e-03
-4.204772194282076e-03
-4.645250488658922e-03
-5.040517178624479e-03
-4.586263273332125e-03
-4.645250488658922e-03
-5.065465518121264e-03
-5.471143170402477e-03
-5.040517178624479e-03
-5.065465518121264e-03
-5.458502130614645e-03
-5.871253355589937e-03
-5.471143170402477e-03
-5.458502130614645e-03
-5.817445082981168e-03
-6.233959674664141e-03
-5.871253355589937e-03
-5.817445082981168e-03
-6.135378957365494e-03
-6.552373822504110e-03
-6.233959674664141e-03
-6.135378957365494e-03
-6.405388074599522e-03
-6.819607164423352e-03
-6.552373822504110e-03
-6.405388074599522e-03
-6.620556404652833e-03
-7.028770647338371e-03
-6.819607164423352e-03
-6.620556404652833e-03
-6.773967474056442e-03
-7.172974705918474e-03
-7.028770647338371e-03
-6.773967474056442e-03
-6.858704270323097e-03
-7.245329163743874e-03
-7.172974705918474e-03
-6.858704270323097e-03
-6.867849143957054e-03
-7.238943130146568e-03
-7.245329163743874e-03
-6.867849143957054e-03
-6.794483709774258e-03
-7.146924894642219e-03
-7.238943130146568e-03
-6.794483709774258e-03
-6.631688750155672e-03
-6.962381821891937e-03
-7.146924894642219e-03
-6.631688750155672e-03
-6.372544120727168e-03
-6.678420248109870e-03
-6.962381821891937e-03
-6.372544120727168e-03
-6.010128650367290e-03
-6.288145371258795e-03
-6.678420248109870e-03
-6.010128650367290e-03
-5.537520019214248e-03
-5.784661119167457e-03
-6.288145371258795e-03
-5.537520019214248e-03
-4.947794630359614e-03
-5.161070012388995e-03
-5.784661119167457e-03
-4.947794630359614e-03
-4.234027620516620e-03
-4.410473170502198e-03
-5.161070012388995e-03
-4.234027620516620e-03
-3.389293195419568e-03
-3.525970651707790e-03
-4.410473170502198e-03
-3.389293195419568e-03
-2.406664310126195e-03
-2.500661129385589e-03
-3.525970651707790e-03
-2.406664310126195e-03
-1.279208130776693e-03
-1.327637278836290e-03
-2.500661129385589e-03
-1.279208130776693e-03
0.000000000000000e+00
0.000000000000000e+00
-1.327637278836290e-03
0.000000000000000e+00
-2.595422098098813e-04
-3.092823013142432e-04
0.000000000000000e+00
-2.595422098098813e-04
-5.712294921972065e-04
-6.666838207208626e-04
-3.092823013142432e-04
-5.712294921972065e-04
-9.281739733941959e-04
-1.065399002725539e-03
-6.666838207208626e-04
-9.281739733941959e-04
-1.323484616593899e-03
-1.498619261063671e-03
-1.065399002725539e-03
-1.323484616593899e-03
-1.750272392408018e-03
-1.959537781959629e-03
-1.498619261063671e-03
-1.750272392408018e-03
-2.201648565543761e-03
-2.441347923779445e-03
-1.959537781959629e-03
-2.201648565543761e-03
-2.670724553020197e-03
-2.937243082164025e-03
-2.441347923779445e-03
-2.670724553020197e-03
-3.150612027651359e-03
-3.440416786337023e-03
-2.937243082164025e-03
-3.150612027651359e-03
-3.634422901172363e-03
-3.944062685526843e-03
-3.440416786337023e-03
-3.634422901172363e-03
-4.115269255228129e-03
-4.441374488314201e-03
-3.944062685526843e-03
-4.115269255228129e-03
-4.586263273332125e-03
-4.925545903619401e-03
-4.441374488314201e-03
-4.586263273332125e-03
-5.040517178624479e-03
-5.389770587081397e-03
-4.925545903619401e-03
-5.040517178624479e-03
-5.471143170402477e-03
-5.827242085613886e-03
-5.389770587081397e-03
-5.471143170402477e-03
-5.871253355589937e-03
-6.231153776018673e-03
-5.827242085613886e-03
-5.871253355589937e-03
-6.233959674664141e-03
-6.594698796781828e-03
-6.231153776018673e-03
-6.233959674664141e-03
-6.552373822504110e-03
-6.911069973162381e-03
-6.594698796781828e-03
-6.552373822504110e-03
-6.819607164423352e-03
-7.173459735576750e-03
-6.911069973162381e-03
-6.819607164423352e-03
-7.028770647338371e-03
-7.375060031052726e-03
-7.173459735576750e-03
-7.028770647338371e-03
-7.172974705918474e-03
-7.509062227480883e-03
-7.375060031052726e-03
-7.172974705918474e-03
-7.245329163743874e-03
-7.568657010626695e-03
-7.509062227480883e-03
-7.245329163743874e-03
-7.238943130146568e-03
-7.547034274584989e-03
-7.568657010626695e-03
-7.238943130146568e-03
-7.146924894642219e-03
-7.437383007699080e-03
-7.547034274584989e-03
-7.146924894642219e-03
-6.962381821891937e-03
-7.232891177149111e-03
-7.437383007699080e-03
-6.962381821891937e-03
-6.678420248109870e-03
-6.926745613571739e-03
-7.232891177149111e-03
-6.678420248109870e-03
-6.288145371258795e-03
-6.512131888675271e-03
-6.926745613571739e-03
-6.288145371258795e-03
-5.784661119167457e-03
-5.982234170806146e-03
-6.512131888675271e-03
-5.784661119167457e-03
-5.161070012388995e-03
-5.330235076623727e-03
-5.982234170806146e-03
-5.161070012388995e-03
-4.410473170502198e-03
-4.549315670210480e-03
-5.330235076623727e-03
-4.410473170502198e-03
-3.525970651707790e-03
-3.632655802484710e-03
-4.549315670210480e-03
-3.525970651707790e-03
-2.500661129385589e-03
-2.573433786706708e-03
-3.632655802484710e-03
-2.500661129385589e-03
-1.327637278836290e-03
-1.364821749860462e-03
-2.573433786706708e-03
-1.327637278836290e-03
0.000000000000000e+00
0.000000000000000e+00
-1.364821749860462e-03
0.000000000000000e+00
-3.092823013142432e-04
-3.548919606813741e-04
0.000000000000000e+00
-3.092823013142432e-04
-6.666838207208626e-04
-7.536037623942021e-04
-3.548919606813741e-04
-6.666838207208626e-04
-1.065399002725539e-03
-1.189466154148444e-03
-7.536037623942021e-04
-1.065399002725539e-03
-1.498619261063671e-03
-1.655807004600484e-03
-1.189466154148444e-03
-1.498619261063671e-03
-1.959537781959629e-03
-2.145955708825928e-03
-1.655807004600484e-03
-1.959537781959629e-03
-2.441347923779445e-03
-2.653241710416672e-03
-2.145955708825928e-03
-2.441347923779445e-03
-2.937243082164025e-03
-3.170994374706492e-03
-2.653241710416672e-03
-2.937243082164025e-03
-3.440416786337023e-03
-3.692543078009668e-03
-3.170994374706492e-03
-3.440416786337023e-03
-3.944062685526843e-03
-4.211217198245084e-03
-3.692543078009668e-03
-3.944062685526843e-03
-4.441374488314201e-03
-4.720346063808483e-03
-4.211217198245084e-03
-4.441374488314201e-03
-4.925545903619401e-03
-5.213258904600632e-03
-4.720346063808483e-03
-4.925545903619401e-03
-5.389770587081397e-03
-5.683284807797781e-03
-5.213258904600632e-03
-5.389770587081397e-03
-5.827242085613886e-03
-6.123752670985288e-03
-5.683284807797781e-03
-5.827242085613886e-03
-6.231153776018673e-03
-6.527991148280954e-03
-6.123752670985288e-03
-6.231153776018673e-03
-6.594698796781828e-03
-6.889328588202064e-03
-6.527991148280954e-03
-6.594698796781828e-03
-6.911069973162381e-03
-7.201092963040239e-03
-6.889328588202064e-03
-6.911069973162381e-03
-7.173459735576750e-03
-7.456611789478392e-03
-7.201092963040239e-03
-7.173459735576750e-03
-7.375060031052726e-03
-7.649212040014296e-03
-7.456611789478392e-03
-7.375060031052726e-03
-7.509062227480883e-03
-7.772220044743160e-03
-7.649212040014296e-03
-7.509062227480883e-03
-7.568657010626695e-03
-7.818961383314995e-03
-7.772220044743160e-03
-7.568657010626695e-03
-7.547034274584989e-03
-7.782760767648769e-03
-7.818961383314995e-03
-7.547034274584989e-03
-7.437383007699080e-03
-7.656941917420089e-03
-7.782760767648769e-03
-7.437383007699080e-03
-7.232891177149111e-03
-7.434827431686677e-03
-7.656941917420089e-03
-7.232891177149111e-03
-6.926745613571739e-03
-7.109738658433962e-03
-7.434827431686677e-03
-6.926745613571739e-03
-6.512131888675271e-03
-6.674995555788158e-03
-7.109738658433962e-03
-6.512131888675271e-03
-5.982234170806146e-03
-6.123916531072185e-03
-6.674995555788158e-03
-5.982234170806146e-03
-5.330235076623727e-03
-5.449818277506149e-03
-6.123916531072185e-03
-5.330235076623727e-03
-4.549315670210480e-03
-4.646015761844639e-03
-5.449818277506149e-03
-4.549315670210480e-03
-3.632655802484710e-03
-3.705822557938802e-03
-4.646015761844639e-03
-3.632655802484710e-03
-2.573433786706708e-03
-2.622550523580443e-03
-3.705822557938802e-03
-2.573433786706708e-03
-1.364821749860462e-03
-1.389505158919416e-03
-2.622550523580443e-03
-1.364821749860462e-03
0.000000000000000e+00
0.000000000000000e+00
-1.389505158919416e-03
0.000000000000000e+00
-3.548919606813741e-04
-3.951149523035080e-04
0.000000000000000e+00
-3.548919606813741e-04
-7.536037623942021e-04
-8.295578470031479e-04
-3.951149523035080e-04
-7.536037623942021e-04
-1.189466154148444e-03
-1.296849745403941e-03
-8.295578470031479e-04
-1.189466154148444e-03
-1.655807004600484e-03
-1.790508988933176e-03
-1.296849745403941e-03
-1.655807004600484e-03
-2.145955708825928e-03
-2.304055186414040e-03
-1.790508988933176e-03
-2.145955708825928e-03
-2.653241710416672e-03
-2.831007865510601e-03
-2.304055186414040e-03
-2.653241710416672e-03
-3.170994374706492e-03
-3.364886355373288e-03
-2.831007865510601e-03
-3.170994374706492e-03
-3.692543078009668e-03
-3.899209869803256e-03
-3.364886355373288e-03
-3.692543078009668e-03
-4.211217198245084e-03
-4.427497503913930e-03
-3.899209869803256e-03
-4.211217198245084e-03
-4.720346063808483e-03
-4.943268194588983e-03
-4.427497503913930e-03
-4.720346063808483e-03
-5.213258904600632e-03
-5.440040683384106e-03
-4.943268194588983e-03
-5.213258904600632e-03
-5.683284807797781e-03
-5.911333483155448e-03
-5.440040683384106e-03
-5.683284807797781e-03
-6.123752670985288e-03
-6.350664840874810e-03
-5.911333483155448e-03
-6.123752670985288e-03
-6.527991148280954e-03
-6.751552692050257e-03
-6.350664840874810e-03
-6.527991148280954e-03
-6.889328588202064e-03
-7.107514605185889e-03
-6.751552692050257e-03
-6.889328588202064e-03
-7.201092963040239e-03
-7.412067715739142e-03
-7.107514605185889e-03
-7.201092963040239e-03
-7.456611789478392e-03
-7.658728649056158e-03
-7.412067715739142e-03
-7.456611789478392e-03
-7.649212040014296e-03
-7.841013431620468e-03
-7.658728649056158e-03
-7.649212040014296e-03
-7.772220044743160e-03
-7.952437389930400e-03
-7.841013431620468e-03
-7.772220044743160e-03
-7.818961383314995e-03
-7.986515036566694e-03
-7.952437389930400e-03
-7.818961383314995e-03
-7.782760767648769e-03
-7.936759943780139e-03
-7.986515036566694e-03
-7.782760767648769e-03
-7.656941917420089e-03
-7.796684606418983e-03
-7.936759943780139e-03
-7.656941917420089e-03
-7.434827431686677e-03
-7.559800297520393e-03
-7.796684606418983e-03
-7.434827431686677e-03
-7.109738658433962e-03
-7.219616918640296e-03
-7.559800297520393e-03
-7.109738658433962e-03
-6.674995555788158e-03
-6.769642839535684e-03
-7.219616918640296e-03
-6.674995555788158e-03
-6.123916531072185e-03
-6.203384714984217e-03
-6.769642839535684e-03
-6.123916531072185e-03
-5.449818277506149e-03
-5.514347300594572e-03
-6.203384714984217e-03
-5.449818277506149e-03
-4.646015761844639e-03
-4.696033422405575e-03
-5.514347300594572e-03
-4.646015761844639e-03
-3.705822557938802e-03
-3.741944296837517e-03
-4.696033422405575e-03
-3.705822557938802e-03
-2.622550523580443e-03
-2.645579210399907e-03
-3.741944296837517e-03
-2.622550523580443e-03
-1.389505158919416e-03
-1.400430930198044e-03
-2.645579210399907e-03
-1.389505158919416e-03
0.000000000000000e+00
0.000000000000000e+00
-1.400430930198044e-03
0.000000000000000e+00
-3.951149523035080e-04
-4.286949637932396e-04
0.000000000000000e+00
-3.951149523035080e-04
-8.295578470031479e-04
-8.921144541150389e-04
-4.286949637932396e-04
-8.295578470031479e-04
-1.296849745403941e-03
-1.384023876603272e-03
-8.921144541150389e-04
-1.296849745403941e-03
-1.790508988933176e-03
-1.898186078349459e-03
-1.384023876603272e-03
-1.790508988933176e-03
-2.304055186414040e-03
-2.428364898780132e-03
-1.898186078349459e-03
-2.304055186414040e-03
-2.831007865510601e-03
-2.968323954935508e-03
-2.428364898780132e-03
-2.831007865510601e-03
-3.364886355373288e-03
-3.511826535365295e-03
-2.968323954935508e-03
-3.364886355373288e-03
-3.899209869803256e-03
-4.052635679519138e-03
-3.511826535365295e-03
-3.899209869803256e-03
-4.427497503913930e-03
-4.584514183573874e-03
-4.052635679519138e-03
-4.427497503913930e-03
-4.943268194588983e-03
-5.101224575680331e-03
-4.584514183573874e-03
-4.943268194588983e-03
-5.440040683384106e-03
-5.596529093512910e-03
-5.101224575680331e-03
-5.440040683384106e-03
-5.911333483155448e-03
-6.064189663941357e-03
-5.596529093512910e-03
-5.911333483155448e-03
-6.350664840874810e-03
-6.497967877149021e-03
-6.064189663941357e-03
-6.350664840874810e-03
-6.751552692050257e-03
-6.891624950504903e-03
-6.497967877149021e-03
-6.751552692050257e-03
-7.107514605185889e-03
-7.238921680412310e-03
-6.891624950504903e-03
-7.107514605185889e-03
-7.412067715739142e-03
-7.533618381375800e-03
-7.238921680412310e-03
-7.412067715739142e-03
-7.658728649056158e-03
-7.769474811562605e-03
-7.533618381375800e-03
-7.658728649056158e-03
-7.841013431620468e-03
-7.940250083962088e-03
-7.769474811562605e-03
-7.841013431620468e-03
-7.952437389930400e-03
-8.039702562158446e-03
-7.940250083962088e-03
-7.952437389930400e-03
-7.986515036566694e-03
-8.061589739891590e-03
-8.039702562158446e-03
-7.986515036566694e-03
-7.936759943780139e-03
-7.999668104274351e-03
-8.061589739891590e-03
-7.936759943780139e-03
-7.796684606418983e-03
-7.847692983999789e-03
-7.999668104274351e-03
-7.796684606418983e-03
-7.559800297520393e-03
-7.599418385479082e-03
-7.847692983999789e-03
-7.559800297520393e-03
-7.219616918640296e-03
-7.248596818965393e-03
-7.599418385479082e-03
-7.219616918640296e-03
-6.769642839535684e-03
-6.788979110042823e-03
-7.248596818965393e-03
-6.769642839535684e-03
-6.203384714984217e-03
-6.214314186147985e-03
-6.788979110042823e-03
-6.203384714984217e-03
-5.514347300594572e-03
-5.518348862476514e-03
-6.214314186147985e-03
-5.514347300594572e-03
-4.696033422405575e-03
-4.694827783382773e-03
-5.518348862476514e-03
-4.696033422405575e-03
-3.741944296837517e-03
-3.737493717453177e-03
-4.694827783382773e-03
-3.741944296837517e-03
-2.645579210399907e-03
-2.640087239627731e-03
-3.737493717453177e-03
-2.645579210399907e-03
-1.400430930198044e-03
-1.396342241150869e-03
-2.640087239627731e-03
-1.400430930198044e-03
0.000000000000000e+00
0.000000000000000e+00
-1.396342241150869e-03
0.000000000000000e+00
-4.286949637932396e-04
-4.543755710490921e-04
0.000000000000000e+00
-4.286949637932396e-04
-8.921144541150389e-04
-9.388417460081307e-04
-4.543755710490921e-04
-8.921144541150389e-04
-1.384023876603272e-03
-1.447462336022522e-03
-9.388417460081307e-04
-1.384023876603272e-03
-1.898186078349459e-03
-1.974298744576219e-03
-1.447462336022522e-03
-1.898186078349459e-03
-2.428364898780132e-03
-2.513413070977103e-03
-1.974298744576219e-03
-2.428364898780132e-03
-2.968323954935508e-03
-3.058867031889674e-03
-2.513413070977103e-03
-2.968323954935508e-03
-3.511826535365295e-03
-3.604721869517990e-03
-3.058867031889674e-03
-3.511826535365295e-03
-4.052635679519138e-03
-4.145038431595751e-03
-3.604721869517990e-03
-4.052635679519138e-03
-4.584514183573874e-03
-4.673877191416527e-03
-4.145038431595751e-03
-4.584514183573874e-03
-5.101224575680331e-03
-5.185298242587095e-03
-4.673877191416527e-03
-5.101224575680331e-03
-5.596529093512910e-03
-5.673361295084551e-03
-5.185298242587095e-03
-5.596529093512910e-03
-6.064189663941357e-03
-6.132125670861497e-03
-5.673361295084551e-03
-6.064189663941357e-03
-6.497967877149021e-03
-6.555650291312213e-03
-6.132125670861497e-03
-6.497967877149021e-03
-6.891624950504903e-03
-6.937993652004623e-03
-6.555650291312213e-03
-6.891624950504903e-03
-7.238921680412310e-03
-7.273213782895462e-03
-6.937993652004623e-03
-7.238921680412310e-03
-7.533618381375800e-03
-7.555368193213181e-03
-7.273213782895462e-03
-7.533618381375800e-03
-7.769474811562605e-03
-7.778513800175688e-03
-7.555368193213181e-03
-7.769474811562605e-03
-7.940250083962088e-03
-7.936706840437166e-03
-7.778513800175688e-03
-7.940250083962088e-03
-8.039702562158446e-03
-8.024002762920836e-03
-7.936706840437166e-03
-8.039702562158446e-03
-8.061589739891590e-03
-8.034456101673484e-03
-8.024002762920836e-03
-8.061589739891590e-03
-7.999668104274351e-03
-7.962120327880632e-03
-8.034456101673484e-03
-7.999668104274351e-03
-7.847692983999789e-03
-7.801047681485407e-03
-7.962120327880632e-03
-7.847692983999789e-03
-7.599418385479082e-03
-7.545288984427048e-03
-7.801047681485407e-03
-7.599418385479082e-03
-7.248596818965393e-03
-7.188893436933613e-03
-7.545288984427048e-03
-7.248596818965393e-03
-6.788979110042823e-03
-6.725908392547522e-03
-7.188893436933613e-03
-6.788979110042823e-03
-6.214314186147985e-03
-6.150379103361278e-03
-6.725908392547522e-03
-6.214314186147985e-03
-5.518348862476514e-03
-5.456348462601970e-03
-6.150379103361278e-03
-5.518348862476514e-03
-4.694827783382773e-03
-4.637856902026734e-03
-5.456348462601970e-03
-4.694827783382773e-03
-3.737493717453177e-03
-3.688942644867465e-03
-4.637856902026734e-03
-3.737493717453177e-03
-2.640087239627731e-03
-2.603641385734049e-03
-3.688942644867465e-03
-2.640087239627731e-03
-1.396342241150869e-03
-1.375981948640948e-03
-2.603641385734049e-03
-1.396342241150869e-03
0.000000000000000e+00
0.000000000000000e+00
-1.375981948640948e-03
0.000000000000000e+00
-4.543755710490921e-04
-4.709001964554455e-04
0.000000000000000e+00
-4.543755710490921e-04
-9.388417460081307e-04
-9.673075883218561e-04
-4.709001964554455e-04
-9.388417460081307e-04
-1.447462336022522e-03
-1.483638490622020e-03
-9.673075883218561e-04
-1.447462336022522e-03
-1.974298744576219e-03
-2.014306936030288e-03
-1.483638490622020e-03
-1.974298744576219e-03
-2.513413070977103e-03
-2.553727325607741e-03
-2.014306936030288e-03
-2.513413070977103e-03
-3.058867031889674e-03
-3.096313487795885e-03
-2.553727325607741e-03
-3.058867031889674e-03
-3.604721869517990e-03
-3.636478606528351e-03
-3.096313487795885e-03
-3.604721869517990e-03
-4.145038431595751e-03
-4.168635309626047e-03
-3.636478606528351e-03
-4.145038431595751e-03
-4.673877191416527e-03
-4.687195710929524e-03
-4.168635309626047e-03
-4.673877191416527e-03
-5.185298242587095e-03
-5.186571431254779e-03
-4.687195710929524e-03
-5.185298242587095e-03
-5.673361295084551e-03
-5.661173617983386e-03
-5.186571431254779e-03
-5.673361295084551e-03
-6.132125670861497e-03
-6.105412960058600e-03
-5.661173617983386e-03
-6.132125670861497e-03
-6.555650291312213e-03
-6.513699691052152e-03
-6.105412960058600e-03
-6.555650291312213e-03
-6.937993652004623e-03
-6.880443576210937e-03
-6.513699691052152e-03
-6.937993652004623e-03
-7.273213782895462e-03
-7.200053882039056e-03
-6.880443576210937e-03
-7.273213782895462e-03
-7.555368193213181e-03
-7.466939327788703e-03
-7.200053882039056e-03
-7.555368193213181e-03
-7.778513800175688e-03
-7.675508018065277e-03
-7.466939327788703e-03
-7.778513800175688e-03
-7.936706840437166e-03
-7.820167355285932e-03
-7.675508018065277e-03
-7.936706840437166e-03
-8.024002762920836e-03
-7.895323930248095e-03
-7.820167355285932e-03
-8.024002762920836e-03
-8.034456101673484e-03
-7.895383388749327e-03
-7.895323930248095e-03
-8.034456101673484e-03
-7.962120327880632e-03
-7.814750272360985e-03
-7.895383388749327e-03
-7.962120327880632e-03
-7.801047681485407e-03
-7.647827832394698e-03
-7.814750272360985e-03
-7.801047681485407e-03
-7.545288984427048e-03
-7.389017817384724e-03
-7.647827832394698e-03
-7.545288984427048e-03
-7.188893436933613e-03
-7.032720233891534e-03
-7.389017817384724e-03
-7.188893436933613e-03
-6.725908392547522e-03
-6.573333075519633e-03
-7.032720233891534e-03
-6.725908392547522e-03
-6.150379103361278e-03
-6.005252012594104e-03
-6.573333075519633e-03
-6.150379103361278e-03
-5.456348462601970e-03
-5.322870072042508e-03
-6.005252012594104e-03
-5.456348462601970e-03
-4.637856902026734e-03
-4.520577466264016e-03
-5.322870072042508e-03
-4.637856902026734e-03
-3.688942644867465e-03
-3.592761776399458e-03
-4.520577466264016e-03
-3.688942644867465e-03
-2.603641385734049e-03
-2.533807616812934e-03
-3.592761776399458e-03
-2.603641385734049e-03
-1.375981948640948e-03
-1.338092488483344e-03
-2.533807616812934e-03
-1.375981948640948e-03
0.000000000000000e+00
0.000000000000000e+00
-1.338092488483344e-03
0.000000000000000e+00
-4.709001964554455e-04
-4.770120551563162e-04
0.000000000000000e+00
-4.709001964554455e-04
-9.673075883218561e-04
-9.750794496097355e-04
-4.770120551563162e-04
-9.673075883218561e-04
-1.483638490622020e-03
-1.489025150762219e-03
-9.750794496097355e-04
-1.483638490622020e-03
-2.014306936030288e-03
-2.013669921207886e-03
-1.489025150762219e-03
-2.014306936030288e-03
-2.553727325607741e-03
-2.543834517015859e-03
-2.013669921207886e-03
-2.553727325607741e-03
-3.096313487795885e-03
-3.074338886236036e-03
-2.543834517015859e-03
-3.096313487795885e-03
-3.636478606528351e-03
-3.600002127979170e-03
-3.074338886236036e-03
-3.636478606528351e-03
-4.168635309626047e-03
-4.115642602790527e-03
-3.600002127979170e-03
-4.168635309626047e-03
-4.687195710929524e-03
-4.616078008977923e-03
-4.115642602790527e-03
-4.687195710929524e-03
-5.186571431254779e-03
-5.096125438842674e-03
-4.616078008977923e-03
-5.186571431254779e-03
-5.661173617983386e-03
-5.550601427816217e-03
-5.096125438842674e-03
-5.661173617983386e-03
-6.105412960058600e-03
-5.974321992466130e-03
-5.550601427816217e-03
-6.105412960058600e-03
-6.513699691052152e-03
-6.362102651205387e-03
-5.974321992466130e-03
-6.513699691052152e-03
-6.880443576210937e-03
-6.708758424815961e-03
-6.362102651205387e-03
-6.880443576210937e-03
-7.200053882039056e-03
-7.009103816183892e-03
-6.708758424815961e-03
-7.200053882039056e-03
-7.466939327788703e-03
-7.257952769136295e-03
-7.009103816183892e-03
-7.466939327788703e-03
-7.675508018065277e-03
-7.450118605816379e-03
-7.257952769136295e-03
-7.675508018065277e-03
-7.820167355285932e-03
-7.580413941267528e-03
-7.450118605816379e-03
-7.820167355285932e-03
-7.895323930248095e-03
-7.643650573073106e-03
-7.580413941267528e-03
-7.895323930248095e-03
-7.895383388749327e-03
-7.634639343172872e-03
-7.643650573073106e-03
-7.895383388749327e-03
-7.814750272360985e-03
-7.548189968624810e-03
-7.634639343172872e-03
-7.814750272360985e-03
-7.647827832394698e-03
-7.379110838383000e-03
-7.548189968624810e-03
-7.647827832394698e-03
-7.389017817384724e-03
-7.122208773761908e-03
-7.379110838383000e-03
-7.389017817384724e-03
-7.032720233891534e-03
-6.772288749293897e-03
-7.122208773761908e-03
-7.032720233891534e-03
-6.573333075519633e-03
-6.324153566103167e-03
-6.772288749293897e-03
-6.573333075519633e-03
-6.005252012594104e-03
-5.772603468929575e-03
-6.324153566103167e-03
-6.005252012594104e-03
-5.322870072042508e-03
-5.112435736628955e-03
-5.772603468929575e-03
-5.322870072042508e-03
-4.520577466264016e-03
-4.338444405026146e-03
-5.112435736628955e-03
-4.520577466264016e-03
-3.592761776399458e-03
-3.445420335293132e-03
-4.338444405026146e-03
-3.592761776399458e-03
-2.533807616812934e-03
-2.428150832458081e-03
-3.445420335293132e-03
-2.533807616812934e-03
-1.338092488483344e-03
-1.281415733682391e-03
-2.428150832458081e-03
-1.338092488483344e-03
0.000000000000000e+00
0.000000000000000e+00
-1.281415733682391e-03
0.000000000000000e+00
-4.770120551563162e-04
-4.714540798935759e-04
0.000000000000000e+00
-4.770120551563162e-04
-9.750794496097355e-04
-9.597242634157189e-04
-4.714540798935759e-04
-9.750794496097355e-04
-1.489025150762219e-03
-1.460094389826548e-03
-9.597242634157189e-04
-1.489025150762219e-03
-2.013669921207886e-03
-1.967846087549747e-03
-1.460094389826548e-03
-2.013669921207886e-03
-2.543834517015859e-03
-2.478260527066536e-03
-1.967846087549747e-03
-2.543834517015859e-03
-3.074338886236036e-03
-2.986617766823127e-03
-2.478260527066536e-03
-3.074338886236036e-03
-3.600002127979170e-03
-3.488196765313565e-03
-2.986617766823127e-03
-3.600002127979170e-03
-4.115642602790527e-03
-3.978275536592743e-03
-3.488196765313565e-03
-4.115642602790527e-03
-4.616078008977923e-03
-4.452131278583384e-03
-3.978275536592743e-03
-4.616078008977923e-03
-5.096125438842674e-03
-4.905040475898079e-03
-4.452131278583384e-03
-5.096125438842674e-03
-5.550601427816217e-03
-5.332278984709349e-03
-4.905040475898079e-03
-5.550601427816217e-03
-5.974321992466130e-03
-5.729122096668254e-03
-5.332278984709349e-03
-5.974321992466130e-03
-6.362102651205387e-03
-6.090844578391544e-03
-5.729122096668254e-03
-6.362102651205387e-03
-6.708758424815961e-03
-6.412720685850821e-03
-6.090844578391544e-03
-6.708758424815961e-03
-7.009103816183892e-03
-6.690024154527130e-03
-6.412720685850821e-03
-7.009103816183892e-03
-7.257952769136295e-03
-6.918028166102271e-03
-6.690024154527130e-03
-7.257952769136295e-03
-7.450118605816379e-03
-7.092005291560182e-03
-6.918028166102271e-03
-7.450118605816379e-03
-7.580413941267528e-03
-7.207227409412629e-03
-7.092005291560182e-03
-7.580413941267528e-03
-7.643650573073106e-03
-7.258965596525170e-03
-7.207227409412629e-03
-7.643650573073106e-03
-7.634639343172872e-03
-7.242489987794676e-03
-7.258965596525170e-03
-7.634639343172872e-03
-7.548189968624810e-03
-7.153069599911633e-03
-7.242489987794676e-03
-7.548189968624810e-03
-7.379110838383000e-03
-6.985972113823537e-03
-7.153069599911633e-03
-7.379110838383000e-03
-7.122208773761908e-03
-6.736463609930640e-03
-6.985972113823537e-03
-7.122208773761908e-03
-6.772288749293897e-03
-6.399808247825879e-03
-6.736463609930640e-03
-6.772288749293897e-03
-6.324153566103167e-03
-5.971267876956401e-03
-6.399808247825879e-03
-6.324153566103167e-03
-5.772603468929575e-03
-5.446101563549255e-03
-5.971267876956401e-03
-5.772603468929575e-03
-5.112435736628955e-03
-4.819565058095577e-03
-5.446101563549255e-03
-5.112435736628955e-03
-4.338444405026146e-03
-4.086910356973309e-03
-4.819565058095577e-03
-4.338444405026146e-03
-3.445420335293132e-03
-3.243385581009244e-03
-4.086910356973309e-03
-3.445420335293132e-03
-2.428150832458081e-03
-2.284234482522502e-03
-3.243385581009244e-03
-2.428150832458081e-03
-1.281415733682391e-03
-1.204692784565678e-03
-2.284234482522502e-03
-1.281415733682391e-03
0.000000000000000e+00
0.000000000000000e+00
-1.204692784565678e-03
0.000000000000000e+00
-4.714540798935759e-04
-4.529688072318578e-04
0.000000000000000e+00
-4.714540798935759e-04
-9.597242634157189e-04
-9.188082242701458e-04
-4.529688072318578e-04
-9.597242634157189e-04
-1.460094389826548e-03
-1.393317286832538e-03
-9.188082242701458e-04
-1.460094389826548e-03
-1.967846087549747e-03
-1.872292666908557e-03
-1.393317286832538e-03
-1.967846087549747e-03
-2.478260527066536e-03
-2.351529999206934e-03
-1.872292666908557e-03
-2.478260527066536e-03
-2.986617766823127e-03
-2.826823400524501e-03
-2.351529999206934e-03
-2.986617766823127e-03
-3.488196765313565e-03
-3.293965578932282e-03
-2.826823400524501e-03
-3.488196765313565e-03
-3.978275536592743e-03
-3.748748072685841e-03
-3.293965578932282e-03
-3.978275536592743e-03
-4.452131278583384e-03
-4.186961454497526e-03
-3.748748072685841e-03
-4.452131278583384e-03
-4.905040475898079e-03
-4.604395492734875e-03
-4.186961454497526e-03
-4.905040475898079e-03
-5.332278984709349e-03
-4.996839276341596e-03
-4.604395492734875e-03
-5.332278984709349e-03
-5.729122096668254e-03
-5.360081305335254e-03
-4.996839276341596e-03
-5.729122096668254e-03
-6.090844578391544e-03
-5.689909548333873e-03
-5.360081305335254e-03
-6.090844578391544e-03
-6.412720685850821e-03
-5.982111469854829e-03
-5.689909548333873e-03
-6.412720685850821e-03
-6.690024154527130e-03
-6.232474030310606e-03
-5.982111469854829e-03
-6.690024154527130e-03
-6.918028166102271e-03
-6.436783660650270e-03
-6.232474030310606e-03
-6.918028166102271e-03
-7.092005291560182e-03
-6.590826212120827e-03
-6.436783660650270e-03
-7.092005291560182e-03
-7.207227409412629e-03
-6.690386880021224e-03
-6.590826212120827e-03
-7.207227409412629e-03
-7.258965596525170e-03
-6.731250098655626e-03
-6.690386880021224e-03
-7.258965596525170e-03
-7.242489987794676e-03
-6.709199402949148e-03
-6.731250098655626e-03
-7.242489987794676e-03
-7.153069599911633e-03
-6.620017250429203e-03
-6.709199402949148e-03
-7.153069599911633e-03
-6.985972113823537e-03
-6.459484795530319e-03
-6.620017250429203e-03
-6.985972113823537e-03
-6.736463609930640e-03
-6.223381605934431e-03
-6.459484795530319e-03
-6.736463609930640e-03
-6.399808247825879e-03
-5.907485306219536e-03
-6.223381605934431e-03
-6.399808247825879e-03
-5.971267876956401e-03
-5.507571125971087e-03
-5.907485306219536e-03
-5.971267876956401e-03
-5.446101563549255e-03
-5.019411325137313e-03
-5.507571125971087e-03
-5.446101563549255e-03
-4.819565058095577e-03
-4.438774503405156e-03
-5.019411325137313e-03
-4.819565058095577e-03
-4.086910356973309e-03
-3.761424925984531e-03
-4.438774503405156e-03
-4.086910356973309e-03
-3.243385581009244e-03
-2.983122090372647e-03
-3.761424925984531e-03
-3.243385581009244e-03
-2.284234482522502e-03
-2.099619986689959e-03
-2.983122090372647e-03
-2.284234482522502e-03
-1.204692784565678e-03
-1.106663641775518e-03
-2.099619986689959e-03
-1.204692784565678e-03
0.000000000000000e+00
0.000000000000000e+00
-1.106663641775518e-03
0.000000000000000e+00
-4.529688072318578e-04
-4.202981982386504e-04
0.000000000000000e+00
-4.529688072318578e-04
-9.188082242701458e-04
-8.498964773074652e-04
-4.202981982386504e-04
-9.188082242701458e-04
-1.393317286832538e-03
-1.285163555973722e-03
-8.498964773074652e-04
-1.393317286832538e-03
-1.872292666908557e-03
-1.722465366966358e-03
-1.285163555973722e-03
-1.872292666908557e-03
-2.351529999206934e-03
-2.158166007042967e-03
-1.722465366966358e-03
-2.351529999206934e-03
-2.826823400524501e-03
-2.588627504875686e-03
-2.158166007042967e-03
-2.826823400524501e-03
-3.293965578932282e-03
-3.010210114486441e-03
-2.588627504875686e-03
-3.293965578932282e-03
-3.748748072685841e-03
-3.419272695671365e-03
-3.010210114486441e-03
-3.748748072685841e-03
-4.186961454497526e-03
-3.812173020390310e-03
-3.419272695671365e-03
-4.186961454497526e-03
-4.604395492734875e-03
-4.185267999073496e-03
-3.812173020390310e-03
-4.604395492734875e-03
-4.996839276341596e-03
-4.534913844355657e-03
-4.185267999073496e-03
-4.996839276341596e-03
-5.360081305335254e-03
-4.857466184523513e-03
-4.534913844355657e-03
-5.360081305335254e-03
-5.689909548333873e-03
-5.149280135420806e-03
-4.857466184523513e-03
-5.689909548333873e-03
-5.982111469854829e-03
-5.406710337847451e-03
-5.149280135420806e-03
-5.982111469854829e-03
-6.232474030310606e-03
-5.626110965724820e-03
-5.406710337847451e-03
-6.232474030310606e-03
-6.436783660650270e-03
-5.803835708234416e-03
-5.626110965724820e-03
-6.436783660650270e-03
-6.590826212120827e-03
-5.936237727052359e-03
-5.803835708234416e-03
-6.590826212120827e-03
-6.690386880021224e-03
-6.019669587801294e-03
-5.936237727052359e-03
-6.690386880021224e-03
-6.731250098655626e-03
-6.050483162825126e-03
-6.019669587801294e-03
-6.731250098655626e-03
-6.709199402949148e-03
-6.025029500216468e-03
-6.050483162825126e-03
-6.709199402949148e-03
-6.620017250429203e-03
-5.939658651591621e-03
-6.025029500216468e-03
-6.620017250429203e-03
-6.459484795530319e-03
-5.790719448221247e-03
-5.939658651591621e-03
-6.459484795530319e-03
-6.223381605934431e-03
-5.574559210999022e-03
-5.790719448221247e-03
-6.223381605934431e-03
-5.907485306219536e-03
-5.287523372360057e-03
-5.574559210999022e-03
-5.907485306219536e-03
-5.507571125971087e-03
-4.925954975579559e-03
-5.287523372360057e-03
-5.507571125971087e-03
-5.019411325137313e-03
-4.486194004538906e-03
-4.925954975579559e-03
-5.019411325137313e-03
-4.438774503405156e-03
-3.964576515720995e-03
-4.486194004538906e-03
-4.438774503405156e-03
-3.761424925984531e-03
-3.357433646784777e-03
-3.964576515720995e-03
-3.761424925984531e-03
-2.983122090372647e-03
-2.661090687490560e-03
-3.357433646784777e-03
-2.983122090372647e-03
-2.099619986689959e-03
-1.871865822384784e-03
-2.661090687490560e-03
-2.099619986689959e-03
-1.106663641775518e-03
-9.860666745705481e-04
-1.871865822384784e-03
-1.106663641775518e-03
0.000000000000000e+00
0.000000000000000e+00
-9.860666745705481e-04
0.000000000000000e+00
-4.202981982386504e-04
-3.721833512592155e-04
0.000000000000000e+00
-4.202981982386504e-04
-8.498964773074652e-04
-7.505526526783155e-04
-3.721833512592155e-04
-8.498964773074652e-04
-1.285163555973722e-03
-1.132101048552998e-03
-7.505526526783155e-04
-1.285163555973722e-03
-1.722465366966358e-03
-1.513817946727866e-03
-1.132101048552998e-03
-1.722465366966358e-03
-2.158166007042967e-03
-1.892689740930355e-03
-1.513817946727866e-03
-2.158166007042967e-03
-2.588627504875686e-03
-2.265700032285354e-03
-1.892689740930355e-03
-2.588627504875686e-03
-3.010210114486441e-03
-2.629830267136030e-03
-2.265700032285354e-03
-3.010210114486441e-03
-3.419272695671365e-03
-2.982060329670838e-03
-2.629830267136030e-03
-3.419272695671365e-03
-3.812173020390310e-03
-3.319368960214508e-03
-2.982060329670838e-03
-3.812173020390310e-03
-4.185267999073496e-03
-3.638734038247837e-03
-3.319368960214508e-03
-4.185267999073496e-03
-4.534913844355657e-03
-3.937132773491851e-03
-3.638734038247837e-03
-4.534913844355657e-03
-4.857466184523513e-03
-4.211541832476884e-03
-3.937132773491851e-03
-4.857466184523513e-03
-5.149280135420806e-03
-4.458937417558915e-03
-4.211541832476884e-03
-5.149280135420806e-03
-5.406710337847451e-03
-4.676295309556744e-03
-4.458937417558915e-03
-5.406710337847451e-03
-5.626110965724820e-03
-4.860590881279100e-03
-4.676295309556744e-03
-5.626110965724820e-03
-5.803835708234416e-03
-5.008799086130866e-03
-4.860590881279100e-03
-5.803835708234416e-03
-5.936237727052359e-03
-5.117894423439240e-03
-5.008799086130866e-03
-5.936237727052359e-03
-6.019669587801294e-03
-5.184850879909097e-03
-5.117894423439240e-03
-6.019669587801294e-03
-6.050483162825126e-03
-5.206641844436328e-03
-5.184850879909097e-03
-6.050483162825126e-03
-6.025029500216468e-03
-5.180239991114316e-03
-5.206641844436328e-03
-6.025029500216468e-03
-5.939658651591621e-03
-5.102617122411251e-03
-5.180239991114316e-03
-5.939658651591621e-03
-5.790719448221247e-03
-4.970743960761058e-03
-5.102617122411251e-03
-5.790719448221247e-03
-5.574559210999022e-03
-4.781589871100859e-03
-4.970743960761058e-03
-5.574559210999022e-03
-5.287523372360057e-03
-4.532122486718738e-03
-4.781589871100859e-03
-5.287523372360057e-03
-4.925954975579559e-03
-4.219307192890566e-03
-4.532122486718738e-03
-4.925954975579559e-03
-4.486194004538906e-03
-3.840106399059892e-03
-4.219307192890566e-03
-4.486194004538906e-03
-3.964576515720995e-03
-3.391478521577577e-03
-3.840106399059892e-03
-3.964576515720995e-03
-3.357433646784777e-03
-2.870376645121135e-03
-3.391478521577577e-03
-3.357433646784777e-03
-2.661090687490560e-03
-2.273746874542519e-03
-2.870376645121135e-03
-2.661090687490560e-03
-1.871865822384784e-03
-1.598526059121148e-03
-2.273746874542519e-03
-1.871865822384784e-03
-9.860666745705481e-04
-8.416377169930553e-04
-1.598526059121148e-03
-9.860666745705481e-04
0.000000000000000e+00
0.000000000000000e+00
-8.416377169930553e-04
0.000000000000000e+00
-3.721833512592155e-04
-3.073639844494886e-04
0.000000000000000e+00
-3.721833512592155e-04
-7.505526526783155e-04
-6.183381074735628e-04
-3.073639844494886e-04
-7.505526526783155e-04
-1.132101048552998e-03
-9.305950841949344e-04
-6.183381074735628e-04
-1.132101048552998e-03
-1.513817946727866e-03
-1.241801801929173e-03
-9.305950841949344e-04
-1.513817946727866e-03
-1.892689740930355e-03
-1.549620348654585e-03
-1.241801801929173e-03
-1.892689740930355e-03
-2.265700032285354e-03
-1.851709194270523e-03
-1.549620348654585e-03
-2.265700032285354e-03
-2.629830267136030e-03
-2.145724429931389e-03
-1.851709194270523e-03
-2.629830267136030e-03
-2.982060329670838e-03
-2.429320571015011e-03
-2.145724429931389e-03
-2.982060329670838e-03
-3.319368960214508e-03
-2.700151050150475e-03
-2.429320571015011e-03
-3.319368960214508e-03
-3.638734038247837e-03
-2.955868522608605e-03
-2.700151050150475e-03
-3.638734038247837e-03
-3.937132773491851e-03
-3.194125060068192e-03
-2.955868522608605e-03
-3.937132773491851e-03
-4.211541832476884e-03
-3.412572273857120e-03
-3.194125060068192e-03
-4.211541832476884e-03
-4.458937417558915e-03
-3.608861390492796e-03
-3.412572273857120e-03
-4.458937417558915e-03
-4.676295309556744e-03
-3.780643293016364e-03
-3.608861390492796e-03
-4.676295309556744e-03
-4.860590881279100e-03
-3.925568536212521e-03
-3.780643293016364e-03
-4.860590881279100e-03
-5.008799086130866e-03
-4.041287340205342e-03
-3.925568536212521e-03
-5.008799086130866e-03
-5.117894423439240e-03
-4.125449564271457e-03
-4.041287340205342e-03
-5.117894423439240e-03
-5.184850879909097e-03
-4.175704660542878e-03
-4.125449564271457e-03
-5.184850879909097e-03
-5.206641844436328e-03
-4.189701605207675e-03
-4.175704660542878e-03
-5.206641844436328e-03
-5.180239991114316e-03
-4.165088802528153e-03
-4.189701605207675e-03
-5.180239991114316e-03
-5.102617122411251e-03
-4.099513954146161e-03
-4.165088802528153e-03
-5.102617122411251e-03
-4.970743960761058e-03
-3.990623882184682e-03
-4.099513954146161e-03
-4.970743960761058e-03
-4.781589871100859e-03
-3.836064288305149e-03
-3.990623882184682e-03
-4.781589871100859e-03
-4.532122486718738e-03
-3.633479419343692e-03
-3.836064288305149e-03
-4.532122486718738e-03
-4.219307192890566e-03
-3.380511589030213e-03
-3.633479419343692e-03
-4.219307192890566e-03
-3.840106399059892e-03
-3.074800471860244e-03
-3.380511589030213e-03
-3.840106399059892e-03
-3.391478521577577e-03
-2.713982046026733e-03
-3.074800471860244e-03
-3.391478521577577e-03
-2.870376645121135e-03
-2.295687025217753e-03
-2.713982046026733e-03
-2.870376645121135e-03
-2.273746874542519e-03
-1.817538496436531e-03
-2.295687025217753e-03
-2.273746874542519e-03
-1.598526059121148e-03
-1.277147819750495e-03
-1.817538496436531e-03
-1.598526059121148e-03
-8.416377169930553e-04
-6.721083632510423e-04
-1.277147819750495e-03
-8.416377169930553e-04
0.000000000000000e+00
0.000000000000000e+00
-6.721083632510423e-04
0.000000000000000e+00
-3.073639844494886e-04
-2.245771297203492e-04
0.000000000000000e+00
-3.073639844494886e-04
-6.183381074735628e-04
-4.508101963051385e-04
-2.245771297203492e-04
-6.183381074735628e-04
-9.305950841949344e-04
-6.771070598416061e-04
-4.508101963051385e-04
-9.305950841949344e-04
-1.241801801929173e-03
-9.018651267077848e-04
-6.771070598416061e-04
-1.241801801929173e-03
-1.549620348654585e-03
-1.123474394095068e-03
-9.018651267077848e-04
-1.549620348654585e-03
-1.851709194270523e-03
-1.340321058760385e-03
-1.123474394095068e-03
-1.851709194270523e-03
-2.145724429931389e-03
-1.550789144714059e-03
-1.340321058760385e-03
-2.145724429931389e-03
-2.429320571015011e-03
-1.753261351054059e-03
-1.550789144714059e-03
-2.429320571015011e-03
-2.700151050150475e-03
-1.946119514005122e-03
-1.753261351054059e-03
-2.700151050150475e-03
-2.955868522608605e-03
-2.127744873481783e-03
-1.946119514005122e-03
-2.955868522608605e-03
-3.194125060068192e-03
-2.296518234163576e-03
-2.127744873481783e-03
-3.194125060068192e-03
-3.412572273857120e-03
-2.450820064722434e-03
-2.296518234163576e-03
-3.412572273857120e-03
-3.608861390492796e-03
-2.589030557662853e-03
-2.450820064722434e-03
-3.608861390492796e-03
-3.780643293016364e-03
-2.709529662199861e-03
-2.589030557662853e-03
-3.780643293016364e-03
-3.925568536212521e-03
-2.810697097256946e-03
-2.709529662199861e-03
-3.925568536212521e-03
-4.041287340205342e-03
-2.890912348412630e-03
-2.810697097256946e-03
-4.041287340205342e-03
-4.125449564271457e-03
-2.948554650397536e-03
-2.890912348412630e-03
-4.125449564271457e-03
-4.175704660542878e-03
-2.982002955002506e-03
-2.948554650397536e-03
-4.175704660542878e-03
-4.189701605207675e-03
-2.989635882634172e-03
-2.982002955002506e-03
-4.189701605207675e-03
-4.165088802528153e-03
-2.969831653943762e-03
-2.989635882634172e-03
-4.165088802528153e-03
-4.099513954146161e-03
-2.920967995637437e-03
-2.969831653943762e-03
-4.099513954146161e-03
-3.990623882184682e-03
-2.841422011228777e-03
-2.920967995637437e-03
-3.990623882184682e-03
-3.836064288305149e-03
-2.729570001949585e-03
-2.841422011228777e-03
-3.836064288305149e-03
-3.633479419343692e-03
-2.583787212746943e-03
-2.729570001949585e-03
-3.633479419343692e-03
-3.380511589030213e-03
-2.402447458782167e-03
-2.583787212746943e-03
-3.380511589030213e-03
-3.074800471860244e-03
-2.183922553588005e-03
-2.402447458782167e-03
-3.074800471860244e-03
-2.713982046026733e-03
-1.926581405742303e-03
-2.183922553588005e-03
-2.713982046026733e-03
-2.295687025217753e-03
-1.628788553927041e-03
-1.926581405742303e-03
-2.295687025217753e-03
-1.817538496436531e-03
-1.288901610224103e-03
-1.628788553927041e-03
-1.817538496436531e-03
-1.277147819750495e-03
-9.052660068469752e-04
-1.288901610224103e-03
-1.277147819750495e-03
-6.721083632510423e-04
-4.762019441065175e-04
-9.052660068469752e-04
-6.721083632510423e-04
0.000000000000000e+00
0.000000000000000e+00
-4.762019441065175e-04
0.000000000000000e+00
-2.245771297203492e-04
-1.225531481275153e-04
0.000000000000000e+00
-2.245771297203492e-04
-4.508101963051385e-04
-2.455173373577479e-04
-1.225531481275153e-04
-4.508101963051385e-04
-6.771070598416061e-04
-3.680912906088563e-04
-2.455173373577479e-04
-6.771070598416061e-04
-9.018651267077848e-04
-4.894500733966402e-04
-3.680912906088563e-04
-9.018651267077848e-04
-1.123474394095068e-03
-6.087628456760571e-04
-4.894500733966402e-04
-1.123474394095068e-03
-1.340321058760385e-03
-7.251961818709783e-04
-6.087628456760571e-04
-1.340321058760385e-03
-1.550789144714059e-03
-8.379153258779875e-04
-7.251961818709783e-04
-1.550789144714059e-03
-1.753261351054059e-03
-9.460847535025567e-04
-8.379153258779875e-04
-1.753261351054059e-03
-1.946119514005122e-03
-1.048868457850758e-03
-9.460847535025567e-04
-1.946119514005122e-03
-2.127744873481783e-03
-1.145430106604326e-03
-1.048868457850758e-03
-2.127744873481783e-03
-2.296518234163576e-03
-1.234933134172983e-03
-1.145430106604326e-03
-2.296518234163576e-03
-2.450820064722434e-03
-1.316540797320457e-03
-1.234933134172983e-03
-2.450820064722434e-03
-2.589030557662853e-03
-1.389416208345359e-03
-1.316540797320457e-03
-2.589030557662853e-03
-2.709529662199861e-03
-1.452722353320718e-03
-1.389416208345359e-03
-2.709529662199861e-03
-2.810697097256946e-03
-1.505622099549074e-03
-1.452722353320718e-03
-2.810697097256946e-03
-2.890912348412630e-03
-1.547278194445802e-03
-1.505622099549074e-03
-2.890912348412630e-03
-2.948554650397536e-03
-1.576853256784128e-03
-1.547278194445802e-03
-2.948554650397536e-03
-2.982002955002506e-03
-1.593509760261756e-03
-1.576853256784128e-03
-2.982002955002506e-03
-2.989635882634172e-03
-1.596410008452214e-03
-1.593509760261756e-03
-2.989635882634172e-03
-2.969831653943762e-03
-1.584716099201432e-03
-1.596410008452214e-03
-2.969831653943762e-03
-2.920967995637437e-03
-1.557589875226817e-03
-1.584716099201432e-03
-2.920967995637437e-03
-2.841422011228777e-03
-1.514192855751994e-03
-1.557589875226817e-03
-2.841422011228777e-03
-2.729570001949585e-03
-1.453686140762404e-03
-1.514192855751994e-03
-2.729570001949585e-03
-2.583787212746943e-03
-1.375230273351639e-03
-1.453686140762404e-03
-2.583787212746943e-03
-2.402447458782167e-03
-1.277985033762559e-03
-1.375230273351639e-03
-2.402447458782167e-03
-2.183922553588005e-03
-1.161109116703342e-03
-1.277985033762559e-03
-2.183922553588005e-03
-1.926581405742303e-03
-1.023759604058029e-03
-1.161109116703342e-03
-1.926581405742303e-03
-1.628788553927041e-03
-8.650910614205397e-04
-1.023759604058029e-03
-1.628788553927041e-03
-1.288901610224103e-03
-6.842538244829160e-04
-8.650910614205397e-04
-1.288901610224103e-03
-9.052660068469752e-04
-4.803899856339971e-04
-6.842538244829160e-04
-9.052660068469752e-04
-4.762019441065175e-04
-2.526221018886495e-04
-4.803899856339971e-04
-4.762019441065175e-04
0.000000000000000e+00
0.000000000000000e+00
-2.526221018886495e-04
0.000000000000000e+00
-1.225531481275153e-04
0.000000000000000e+00
0.000000000000000e+00
-1.225531481275153e-04
-2.455173373577479e-04
0.000000000000000e+00
0.000000000000000e+00
-2.455173373577479e-04
-3.680912906088563e-04
0.000000000000000e+00
0.000000000000000e+00
-3.680912906088563e-04
-4.894500733966402e-04
0.000000000000000e+00
0.000000000000000e+00
-4.894500733966402e-04
-6.087628456760571e-04
0.000000000000000e+00
0.000000000000000e+00
-6.087628456760571e-04
-7.251961818709783e-04
0.000000000000000e+00
0.000000000000000e+00
-7.251961818709783e-04
-8.379153258779875e-04
0.000000000000000e+00
0.000000000000000e+00
-8.379153258779875e-04
-9.460847535025567e-04
0.000000000000000e+00
0.000000000000000e+00
-9.460847535025567e-04
-1.048868457850758e-03
0.000000000000000e+00
0.000000000000000e+00
-1.048868457850758e-03
-1.145430106604326e-03
0.000000000000000e+00
0.000000000000000e+00
-1.145430106604326e-03
-1.234933134172983e-03
0.000000000000000e+00
0.000000000000000e+00
-1.234933134172983e-03
-1.316540797320457e-03
0.000000000000000e+00
0.000000000000000e+00
-1.316540797320457e-03
-1.389416208345359e-03
0.000000000000000e+00
0.000000000000000e+00
-1.389416208345359e-03
-1.452722353320718e-03
0.000000000000000e+00
0.000000000000000e+00
-1.452722353320718e-03
-1.505622099549074e-03
0.000000000000000e+00
0.000000000000000e+00
-1.505622099549074e-03
-1.547278194445802e-03
0.000000000000000e+00
0.000000000000000e+00
-1.547278194445802e-03
-1.576853256784128e-03
0.000000000000000e+00
0.000000000000000e+00
-1.576853256784128e-03
-1.593509760261756e-03
0.000000000000000e+00
0.000000000000000e+00
-1.593509760261756e-03
-1.596410008452214e-03
0.000000000000000e+00
0.000000000000000e+00
-1.596410008452214e-03
-1.584716099201432e-03
0.000000000000000e+00
0.000000000000000e+00
-1.584716099201432e-03
-1.557589875226817e-03
0.000000000000000e+00
0.000000000000000e+00
-1.557589875226817e-03
-1.514192855751994e-03
0.000000000000000e+00
0.000000000000000e+00
-1.514192855751994e-03
-1.453686140762404e-03
0.000000000000000e+00
0.000000000000000e+00
-1.453686140762404e-03
-1.375230273351639e-03
0.000000000000000e+00
0.000000000000000e+00
-1.375230273351639e-03
-1.277985033762559e-03
0.000000000000000e+00
0.000000000000000e+00
-1.277985033762559e-03
-1.161109116703342e-03
0.000000000000000e+00
0.000000000000000e+00
-1.161109116703342e-03
-1.023759604058029e-03
0.000000000000000e+00
0.000000000000000e+00
-1.023759604058029e-03
-8.650910614205397e-04
0.000000000000000e+00
0.000000000000000e+00
-8.650910614205397e-04
-6.842538244829160e-04
0.000000000000000e+00
0.000000000000000e+00
-6.842538244829160e-04
-4.803899856339971e-04
0.000000000000000e+00
0.000000000000000e+00
-4.803899856339971e-04
-2.526221018886495e-04
0.000000000000000e+00
0.000000000000000e+00
-2.526221018886495e-04
0.000000000000000e+00
0.000000000000000e+00
0.000000000000000e+00
        </DataArray>
      </PointData>

    </Piece>
  </UnstructuredGrid>
</VTKFile>
