<?xml version="1.0" ?> 
<!-- 
# vtk DataFile Version 3.0
-->
<VTKFile type="UnstructuredGrid" version="0.1" compressor="vtkZLibDataCompressor" byte_order="LittleEndian">
  <UnstructuredGrid>
    <FieldData>
      <DataArray type="Float64" Name="TIME" NumberOfTuples="1" format="ascii">
6.250000000000000e-02 
      </DataArray>
    </FieldData>

    <Piece NumberOfPoints="4096" NumberOfCells="1024" >
      <Points>
        <DataArray type="Float64" NumberOfComponents="3" format="ascii">
0.000000000000000e+00 0.000000000000000e+00 0.000000000000000e+00
3.125000000000000e-02 0.000000000000000e+00 0.000000000000000e+00
3.125000000000000e-02 3.125000000000000e-02 0.000000000000000e+00
0.000000000000000e+00 3.125000000000000e-02 0.000000000000000e+00
3.125000000000000e-02 0.000000000000000e+00 0.000000000000000e+00
6.250000000000000e-02 0.000000000000000e+00 0.000000000000000e+00
6.250000000000000e-02 3.125000000000000e-02 0.000000000000000e+00
3.125000000000000e-02 3.125000000000000e-02 0.000000000000000e+00
6.250000000000000e-02 0.000000000000000e+00 0.000000000000000e+00
9.375000000000000e-02 0.000000000000000e+00 0.000000000000000e+00
9.375000000000000e-02 3.125000000000000e-02 0.000000000000000e+00
6.250000000000000e-02 3.125000000000000e-02 0.000000000000000e+00
9.375000000000000e-02 0.000000000000000e+00 0.000000000000000e+00
1.250000000000000e-01 0.000000000000000e+00 0.000000000000000e+00
1.250000000000000e-01 3.125000000000000e-02 0.000000000000000e+00
9.375000000000000e-02 3.125000000000000e-02 0.000000000000000e+00
1.250000000000000e-01 0.000000000000000e+00 0.000000000000000e+00
1.562500000000000e-01 0.000000000000000e+00 0.000000000000000e+00
1.562500000000000e-01 3.125000000000000e-02 0.000000000000000e+00
1.250000000000000e-01 3.125000000000000e-02 0.000000000000000e+00
1.562500000000000e-01 0.000000000000000e+00 0.000000000000000e+00
1.875000000000000e-01 0.000000000000000e+00 0.000000000000000e+00
1.875000000000000e-01 3.125000000000000e-02 0.000000000000000e+00
1.562500000000000e-01 3.125000000000000e-02 0.000000000000000e+00
1.875000000000000e-01 0.000000000000000e+00 0.000000000000000e+00
2.187500000000000e-01 0.000000000000000e+00 0.000000000000000e+00
2.187500000000000e-01 3.125000000000000e-02 0.000000000000000e+00
1.875000000000000e-01 3.125000000000000e-02 0.000000000000000e+00
2.187500000000000e-01 0.000000000000000e+00 0.000000000000000e+00
2.500000000000000e-01 0.000000000000000e+00 0.000000000000000e+00
2.500000000000000e-01 3.125000000000000e-02 0.000000000000000e+00
2.187500000000000e-01 3.125000000000000e-02 0.000000000000000e+00
2.500000000000000e-01 0.000000000000000e+00 0.000000000000000e+00
2.812500000000000e-01 0.000000000000000e+00 0.000000000000000e+00
2.812500000000000e-01 3.125000000000000e-02 0.000000000000000e+00
2.500000000000000e-01 3.125000000000000e-02 0.000000000000000e+00
2.812500000000000e-01 0.000000000000000e+00 0.000000000000000e+00
3.125000000000000e-01 0.000000000000000e+00 0.000000000000000e+00
3.125000000000000e-01 3.125000000000000e-02 0.000000000000000e+00
2.812500000000000e-01 3.125000000000000e-02 0.000000000000000e+00
3.125000000000000e-01 0.000000000000000e+00 0.000000000000000e+00
3.437500000000000e-01 0.000000000000000e+00 0.000000000000000e+00
3.437500000000000e-01 3.125000000000000e-02 0.000000000000000e+00
3.125000000000000e-01 3.125000000000000e-02 0.000000000000000e+00
3.437500000000000e-01 0.000000000000000e+00 0.000000000000000e+00
3.750000000000000e-01 0.000000000000000e+00 0.000000000000000e+00
3.750000000000000e-01 3.125000000000000e-02 0.000000000000000e+00
3.437500000000000e-01 3.125000000000000e-02 0.000000000000000e+00
3.750000000000000e-01 0.000000000000000e+00 0.000000000000000e+00
4.062500000000000e-01 0.000000000000000e+00 0.000000000000000e+00
4.062500000000000e-01 3.125000000000000e-02 0.000000000000000e+00
3.750000000000000e-01 3.125000000000000e-02 0.000000000000000e+00
4.062500000000000e-01 0.000000000000000e+00 0.000000000000000e+00
4.375000000000000e-01 0.000000000000000e+00 0.000000000000000e+00
4.375000000000000e-01 3.125000000000000e-02 0.000000000000000e+00
4.062500000000000e-01 3.125000000000000e-02 0.000000000000000e+00
4.375000000000000e-01 0.000000000000000e+00 0.000000000000000e+00
4.687500000000000e-01 0.000000000000000e+00 0.000000000000000e+00
4.687500000000000e-01 3.125000000000000e-02 0.000000000000000e+00
4.375000000000000e-01 3.125000000000000e-02 0.000000000000000e+00
4.687500000000000e-01 0.000000000000000e+00 0.000000000000000e+00
5.000000000000000e-01 0.000000000000000e+00 0.000000000000000e+00
5.000000000000000e-01 3.125000000000000e-02 0.000000000000000e+00
4.687500000000000e-01 3.125000000000000e-02 0.000000000000000e+00
5.000000000000000e-01 0.000000000000000e+00 0.000000000000000e+00
5.312500000000000e-01 0.000000000000000e+00 0.000000000000000e+00
5.312500000000000e-01 3.125000000000000e-02 0.000000000000000e+00
5.000000000000000e-01 3.125000000000000e-02 0.000000000000000e+00
5.312500000000000e-01 0.000000000000000e+00 0.000000000000000e+00
5.625000000000000e-01 0.000000000000000e+00 0.000000000000000e+00
5.625000000000000e-01 3.125000000000000e-02 0.000000000000000e+00
5.312500000000000e-01 3.125000000000000e-02 0.000000000000000e+00
5.625000000000000e-01 0.000000000000000e+00 0.000000000000000e+00
5.937500000000000e-01 0.000000000000000e+00 0.000000000000000e+00
5.937500000000000e-01 3.125000000000000e-02 0.000000000000000e+00
5.625000000000000e-01 3.125000000000000e-02 0.000000000000000e+00
5.937500000000000e-01 0.000000000000000e+00 0.000000000000000e+00
6.250000000000000e-01 0.000000000000000e+00 0.000000000000000e+00
6.250000000000000e-01 3.125000000000000e-02 0.000000000000000e+00
5.937500000000000e-01 3.125000000000000e-02 0.000000000000000e+00
6.250000000000000e-01 0.000000000000000e+00 0.000000000000000e+00
6.562500000000000e-01 0.000000000000000e+00 0.000000000000000e+00
6.562500000000000e-01 3.125000000000000e-02 0.000000000000000e+00
6.250000000000000e-01 3.125000000000000e-02 0.000000000000000e+00
6.562500000000000e-01 0.000000000000000e+00 0.000000000000000e+00
6.875000000000000e-01 0.000000000000000e+00 0.000000000000000e+00
6.875000000000000e-01 3.125000000000000e-02 0.000000000000000e+00
6.562500000000000e-01 3.125000000000000e-02 0.000000000000000e+00
6.875000000000000e-01 0.000000000000000e+00 0.000000000000000e+00
7.187500000000000e-01 0.000000000000000e+00 0.000000000000000e+00
7.187500000000000e-01 3.125000000000000e-02 0.000000000000000e+00
6.875000000000000e-01 3.125000000000000e-02 0.000000000000000e+00
7.187500000000000e-01 0.000000000000000e+00 0.000000000000000e+00
7.500000000000000e-01 0.000000000000000e+00 0.000000000000000e+00
7.500000000000000e-01 3.125000000000000e-02 0.000000000000000e+00
7.187500000000000e-01 3.125000000000000e-02 0.000000000000000e+00
7.500000000000000e-01 0.000000000000000e+00 0.000000000000000e+00
7.812500000000000e-01 0.000000000000000e+00 0.000000000000000e+00
7.812500000000000e-01 3.125000000000000e-02 0.000000000000000e+00
7.500000000000000e-01 3.125000000000000e-02 0.000000000000000e+00
7.812500000000000e-01 0.000000000000000e+00 0.000000000000000e+00
8.125000000000000e-01 0.000000000000000e+00 0.000000000000000e+00
8.125000000000000e-01 3.125000000000000e-02 0.000000000000000e+00
7.812500000000000e-01 3.125000000000000e-02 0.000000000000000e+00
8.125000000000000e-01 0.000000000000000e+00 0.000000000000000e+00
8.437500000000000e-01 0.000000000000000e+00 0.000000000000000e+00
8.437500000000000e-01 3.125000000000000e-02 0.000000000000000e+00
8.125000000000000e-01 3.125000000000000e-02 0.000000000000000e+00
8.437500000000000e-01 0.000000000000000e+00 0.000000000000000e+00
8.750000000000000e-01 0.000000000000000e+00 0.000000000000000e+00
8.750000000000000e-01 3.125000000000000e-02 0.000000000000000e+00
8.437500000000000e-01 3.125000000000000e-02 0.000000000000000e+00
8.750000000000000e-01 0.000000000000000e+00 0.000000000000000e+00
9.062500000000000e-01 0.000000000000000e+00 0.000000000000000e+00
9.062500000000000e-01 3.125000000000000e-02 0.000000000000000e+00
8.750000000000000e-01 3.125000000000000e-02 0.000000000000000e+00
9.062500000000000e-01 0.000000000000000e+00 0.000000000000000e+00
9.375000000000000e-01 0.000000000000000e+00 0.000000000000000e+00
9.375000000000000e-01 3.125000000000000e-02 0.000000000000000e+00
9.062500000000000e-01 3.125000000000000e-02 0.000000000000000e+00
9.375000000000000e-01 0.000000000000000e+00 0.000000000000000e+00
9.687500000000000e-01 0.000000000000000e+00 0.000000000000000e+00
9.687500000000000e-01 3.125000000000000e-02 0.000000000000000e+00
9.375000000000000e-01 3.125000000000000e-02 0.000000000000000e+00
9.687500000000000e-01 0.000000000000000e+00 0.000000000000000e+00
1.000000000000000e+00 0.000000000000000e+00 0.000000000000000e+00
1.000000000000000e+00 3.125000000000000e-02 0.000000000000000e+00
9.687500000000000e-01 3.125000000000000e-02 0.000000000000000e+00
0.000000000000000e+00 3.125000000000000e-02 0.000000000000000e+00
3.125000000000000e-02 3.125000000000000e-02 0.000000000000000e+00
3.125000000000000e-02 6.250000000000000e-02 0.000000000000000e+00
0.000000000000000e+00 6.250000000000000e-02 0.000000000000000e+00
3.125000000000000e-02 3.125000000000000e-02 0.000000000000000e+00
6.250000000000000e-02 3.125000000000000e-02 0.000000000000000e+00
6.250000000000000e-02 6.250000000000000e-02 0.000000000000000e+00
3.125000000000000e-02 6.250000000000000e-02 0.000000000000000e+00
6.250000000000000e-02 3.125000000000000e-02 0.000000000000000e+00
9.375000000000000e-02 3.125000000000000e-02 0.000000000000000e+00
9.375000000000000e-02 6.250000000000000e-02 0.000000000000000e+00
6.250000000000000e-02 6.250000000000000e-02 0.000000000000000e+00
9.375000000000000e-02 3.125000000000000e-02 0.000000000000000e+00
1.250000000000000e-01 3.125000000000000e-02 0.000000000000000e+00
1.250000000000000e-01 6.250000000000000e-02 0.000000000000000e+00
9.375000000000000e-02 6.250000000000000e-02 0.000000000000000e+00
1.250000000000000e-01 3.125000000000000e-02 0.000000000000000e+00
1.562500000000000e-01 3.125000000000000e-02 0.000000000000000e+00
1.562500000000000e-01 6.250000000000000e-02 0.000000000000000e+00
1.250000000000000e-01 6.250000000000000e-02 0.000000000000000e+00
1.562500000000000e-01 3.125000000000000e-02 0.000000000000000e+00
1.875000000000000e-01 3.125000000000000e-02 0.000000000000000e+00
1.875000000000000e-01 6.250000000000000e-02 0.000000000000000e+00
1.562500000000000e-01 6.250000000000000e-02 0.000000000000000e+00
1.875000000000000e-01 3.125000000000000e-02 0.000000000000000e+00
2.187500000000000e-01 3.125000000000000e-02 0.000000000000000e+00
2.187500000000000e-01 6.250000000000000e-02 0.000000000000000e+00
1.875000000000000e-01 6.250000000000000e-02 0.000000000000000e+00
2.187500000000000e-01 3.125000000000000e-02 0.000000000000000e+00
2.500000000000000e-01 3.125000000000000e-02 0.000000000000000e+00
2.500000000000000e-01 6.250000000000000e-02 0.000000000000000e+00
2.187500000000000e-01 6.250000000000000e-02 0.000000000000000e+00
2.500000000000000e-01 3.125000000000000e-02 0.000000000000000e+00
2.812500000000000e-01 3.125000000000000e-02 0.000000000000000e+00
2.812500000000000e-01 6.250000000000000e-02 0.000000000000000e+00
2.500000000000000e-01 6.250000000000000e-02 0.000000000000000e+00
2.812500000000000e-01 3.125000000000000e-02 0.000000000000000e+00
3.125000000000000e-01 3.125000000000000e-02 0.000000000000000e+00
3.125000000000000e-01 6.250000000000000e-02 0.000000000000000e+00
2.812500000000000e-01 6.250000000000000e-02 0.000000000000000e+00
3.125000000000000e-01 3.125000000000000e-02 0.000000000000000e+00
3.437500000000000e-01 3.125000000000000e-02 0.000000000000000e+00
3.437500000000000e-01 6.250000000000000e-02 0.000000000000000e+00
3.125000000000000e-01 6.250000000000000e-02 0.000000000000000e+00
3.437500000000000e-01 3.125000000000000e-02 0.000000000000000e+00
3.750000000000000e-01 3.125000000000000e-02 0.000000000000000e+00
3.750000000000000e-01 6.250000000000000e-02 0.000000000000000e+00
3.437500000000000e-01 6.250000000000000e-02 0.000000000000000e+00
3.750000000000000e-01 3.125000000000000e-02 0.000000000000000e+00
4.062500000000000e-01 3.125000000000000e-02 0.000000000000000e+00
4.062500000000000e-01 6.250000000000000e-02 0.000000000000000e+00
3.750000000000000e-01 6.250000000000000e-02 0.000000000000000e+00
4.062500000000000e-01 3.125000000000000e-02 0.000000000000000e+00
4.375000000000000e-01 3.125000000000000e-02 0.000000000000000e+00
4.375000000000000e-01 6.250000000000000e-02 0.000000000000000e+00
4.062500000000000e-01 6.250000000000000e-02 0.000000000000000e+00
4.375000000000000e-01 3.125000000000000e-02 0.000000000000000e+00
4.687500000000000e-01 3.125000000000000e-02 0.000000000000000e+00
4.687500000000000e-01 6.250000000000000e-02 0.000000000000000e+00
4.375000000000000e-01 6.250000000000000e-02 0.000000000000000e+00
4.687500000000000e-01 3.125000000000000e-02 0.000000000000000e+00
5.000000000000000e-01 3.125000000000000e-02 0.000000000000000e+00
5.000000000000000e-01 6.250000000000000e-02 0.000000000000000e+00
4.687500000000000e-01 6.250000000000000e-02 0.000000000000000e+00
5.000000000000000e-01 3.125000000000000e-02 0.000000000000000e+00
5.312500000000000e-01 3.125000000000000e-02 0.000000000000000e+00
5.312500000000000e-01 6.250000000000000e-02 0.000000000000000e+00
5.000000000000000e-01 6.250000000000000e-02 0.000000000000000e+00
5.312500000000000e-01 3.125000000000000e-02 0.000000000000000e+00
5.625000000000000e-01 3.125000000000000e-02 0.000000000000000e+00
5.625000000000000e-01 6.250000000000000e-02 0.000000000000000e+00
5.312500000000000e-01 6.250000000000000e-02 0.000000000000000e+00
5.625000000000000e-01 3.125000000000000e-02 0.000000000000000e+00
5.937500000000000e-01 3.125000000000000e-02 0.000000000000000e+00
5.937500000000000e-01 6.250000000000000e-02 0.000000000000000e+00
5.625000000000000e-01 6.250000000000000e-02 0.000000000000000e+00
5.937500000000000e-01 3.125000000000000e-02 0.000000000000000e+00
6.250000000000000e-01 3.125000000000000e-02 0.000000000000000e+00
6.250000000000000e-01 6.250000000000000e-02 0.000000000000000e+00
5.937500000000000e-01 6.250000000000000e-02 0.000000000000000e+00
6.250000000000000e-01 3.125000000000000e-02 0.000000000000000e+00
6.562500000000000e-01 3.125000000000000e-02 0.000000000000000e+00
6.562500000000000e-01 6.250000000000000e-02 0.000000000000000e+00
6.250000000000000e-01 6.250000000000000e-02 0.000000000000000e+00
6.562500000000000e-01 3.125000000000000e-02 0.000000000000000e+00
6.875000000000000e-01 3.125000000000000e-02 0.000000000000000e+00
6.875000000000000e-01 6.250000000000000e-02 0.000000000000000e+00
6.562500000000000e-01 6.250000000000000e-02 0.000000000000000e+00
6.875000000000000e-01 3.125000000000000e-02 0.000000000000000e+00
7.187500000000000e-01 3.125000000000000e-02 0.000000000000000e+00
7.187500000000000e-01 6.250000000000000e-02 0.000000000000000e+00
6.875000000000000e-01 6.250000000000000e-02 0.000000000000000e+00
7.187500000000000e-01 3.125000000000000e-02 0.000000000000000e+00
7.500000000000000e-01 3.125000000000000e-02 0.000000000000000e+00
7.500000000000000e-01 6.250000000000000e-02 0.000000000000000e+00
7.187500000000000e-01 6.250000000000000e-02 0.000000000000000e+00
7.500000000000000e-01 3.125000000000000e-02 0.000000000000000e+00
7.812500000000000e-01 3.125000000000000e-02 0.000000000000000e+00
7.812500000000000e-01 6.250000000000000e-02 0.000000000000000e+00
7.500000000000000e-01 6.250000000000000e-02 0.000000000000000e+00
7.812500000000000e-01 3.125000000000000e-02 0.000000000000000e+00
8.125000000000000e-01 3.125000000000000e-02 0.000000000000000e+00
8.125000000000000e-01 6.250000000000000e-02 0.000000000000000e+00
7.812500000000000e-01 6.250000000000000e-02 0.000000000000000e+00
8.125000000000000e-01 3.125000000000000e-02 0.000000000000000e+00
8.437500000000000e-01 3.125000000000000e-02 0.000000000000000e+00
8.437500000000000e-01 6.250000000000000e-02 0.000000000000000e+00
8.125000000000000e-01 6.250000000000000e-02 0.000000000000000e+00
8.437500000000000e-01 3.125000000000000e-02 0.000000000000000e+00
8.750000000000000e-01 3.125000000000000e-02 0.000000000000000e+00
8.750000000000000e-01 6.250000000000000e-02 0.000000000000000e+00
8.437500000000000e-01 6.250000000000000e-02 0.000000000000000e+00
8.750000000000000e-01 3.125000000000000e-02 0.000000000000000e+00
9.062500000000000e-01 3.125000000000000e-02 0.000000000000000e+00
9.062500000000000e-01 6.250000000000000e-02 0.000000000000000e+00
8.750000000000000e-01 6.250000000000000e-02 0.000000000000000e+00
9.062500000000000e-01 3.125000000000000e-02 0.000000000000000e+00
9.375000000000000e-01 3.125000000000000e-02 0.000000000000000e+00
9.375000000000000e-01 6.250000000000000e-02 0.000000000000000e+00
9.062500000000000e-01 6.250000000000000e-02 0.000000000000000e+00
9.375000000000000e-01 3.125000000000000e-02 0.000000000000000e+00
9.687500000000000e-01 3.125000000000000e-02 0.000000000000000e+00
9.687500000000000e-01 6.250000000000000e-02 0.000000000000000e+00
9.375000000000000e-01 6.250000000000000e-02 0.000000000000000e+00
9.687500000000000e-01 3.125000000000000e-02 0.000000000000000e+00
1.000000000000000e+00 3.125000000000000e-02 0.000000000000000e+00
1.000000000000000e+00 6.250000000000000e-02 0.000000000000000e+00
9.687500000000000e-01 6.250000000000000e-02 0.000000000000000e+00
0.000000000000000e+00 6.250000000000000e-02 0.000000000000000e+00
3.125000000000000e-02 6.250000000000000e-02 0.000000000000000e+00
3.125000000000000e-02 9.375000000000000e-02 0.000000000000000e+00
0.000000000000000e+00 9.375000000000000e-02 0.000000000000000e+00
3.125000000000000e-02 6.250000000000000e-02 0.000000000000000e+00
6.250000000000000e-02 6.250000000000000e-02 0.000000000000000e+00
6.250000000000000e-02 9.375000000000000e-02 0.000000000000000e+00
3.125000000000000e-02 9.375000000000000e-02 0.000000000000000e+00
6.250000000000000e-02 6.250000000000000e-02 0.000000000000000e+00
9.375000000000000e-02 6.250000000000000e-02 0.000000000000000e+00
9.375000000000000e-02 9.375000000000000e-02 0.000000000000000e+00
6.250000000000000e-02 9.375000000000000e-02 0.000000000000000e+00
9.375000000000000e-02 6.250000000000000e-02 0.000000000000000e+00
1.250000000000000e-01 6.250000000000000e-02 0.000000000000000e+00
1.250000000000000e-01 9.375000000000000e-02 0.000000000000000e+00
9.375000000000000e-02 9.375000000000000e-02 0.000000000000000e+00
1.250000000000000e-01 6.250000000000000e-02 0.000000000000000e+00
1.562500000000000e-01 6.250000000000000e-02 0.000000000000000e+00
1.562500000000000e-01 9.375000000000000e-02 0.000000000000000e+00
1.250000000000000e-01 9.375000000000000e-02 0.000000000000000e+00
1.562500000000000e-01 6.250000000000000e-02 0.000000000000000e+00
1.875000000000000e-01 6.250000000000000e-02 0.000000000000000e+00
1.875000000000000e-01 9.375000000000000e-02 0.000000000000000e+00
1.562500000000000e-01 9.375000000000000e-02 0.000000000000000e+00
1.875000000000000e-01 6.250000000000000e-02 0.000000000000000e+00
2.187500000000000e-01 6.250000000000000e-02 0.000000000000000e+00
2.187500000000000e-01 9.375000000000000e-02 0.000000000000000e+00
1.875000000000000e-01 9.375000000000000e-02 0.000000000000000e+00
2.187500000000000e-01 6.250000000000000e-02 0.000000000000000e+00
2.500000000000000e-01 6.250000000000000e-02 0.000000000000000e+00
2.500000000000000e-01 9.375000000000000e-02 0.000000000000000e+00
2.187500000000000e-01 9.375000000000000e-02 0.000000000000000e+00
2.500000000000000e-01 6.250000000000000e-02 0.000000000000000e+00
2.812500000000000e-01 6.250000000000000e-02 0.000000000000000e+00
2.812500000000000e-01 9.375000000000000e-02 0.000000000000000e+00
2.500000000000000e-01 9.375000000000000e-02 0.000000000000000e+00
2.812500000000000e-01 6.250000000000000e-02 0.000000000000000e+00
3.125000000000000e-01 6.250000000000000e-02 0.000000000000000e+00
3.125000000000000e-01 9.375000000000000e-02 0.000000000000000e+00
2.812500000000000e-01 9.375000000000000e-02 0.000000000000000e+00
3.125000000000000e-01 6.250000000000000e-02 0.000000000000000e+00
3.437500000000000e-01 6.250000000000000e-02 0.000000000000000e+00
3.437500000000000e-01 9.375000000000000e-02 0.000000000000000e+00
3.125000000000000e-01 9.375000000000000e-02 0.000000000000000e+00
3.437500000000000e-01 6.250000000000000e-02 0.000000000000000e+00
3.750000000000000e-01 6.250000000000000e-02 0.000000000000000e+00
3.750000000000000e-01 9.375000000000000e-02 0.000000000000000e+00
3.437500000000000e-01 9.375000000000000e-02 0.000000000000000e+00
3.750000000000000e-01 6.250000000000000e-02 0.000000000000000e+00
4.062500000000000e-01 6.250000000000000e-02 0.000000000000000e+00
4.062500000000000e-01 9.375000000000000e-02 0.000000000000000e+00
3.750000000000000e-01 9.375000000000000e-02 0.000000000000000e+00
4.062500000000000e-01 6.250000000000000e-02 0.000000000000000e+00
4.375000000000000e-01 6.250000000000000e-02 0.000000000000000e+00
4.375000000000000e-01 9.375000000000000e-02 0.000000000000000e+00
4.062500000000000e-01 9.375000000000000e-02 0.000000000000000e+00
4.375000000000000e-01 6.250000000000000e-02 0.000000000000000e+00
4.687500000000000e-01 6.250000000000000e-02 0.000000000000000e+00
4.687500000000000e-01 9.375000000000000e-02 0.000000000000000e+00
4.375000000000000e-01 9.375000000000000e-02 0.000000000000000e+00
4.687500000000000e-01 6.250000000000000e-02 0.000000000000000e+00
5.000000000000000e-01 6.250000000000000e-02 0.000000000000000e+00
5.000000000000000e-01 9.375000000000000e-02 0.000000000000000e+00
4.687500000000000e-01 9.375000000000000e-02 0.000000000000000e+00
5.000000000000000e-01 6.250000000000000e-02 0.000000000000000e+00
5.312500000000000e-01 6.250000000000000e-02 0.000000000000000e+00
5.312500000000000e-01 9.375000000000000e-02 0.000000000000000e+00
5.000000000000000e-01 9.375000000000000e-02 0.000000000000000e+00
5.312500000000000e-01 6.250000000000000e-02 0.000000000000000e+00
5.625000000000000e-01 6.250000000000000e-02 0.000000000000000e+00
5.625000000000000e-01 9.375000000000000e-02 0.000000000000000e+00
5.312500000000000e-01 9.375000000000000e-02 0.000000000000000e+00
5.625000000000000e-01 6.250000000000000e-02 0.000000000000000e+00
5.937500000000000e-01 6.250000000000000e-02 0.000000000000000e+00
5.937500000000000e-01 9.375000000000000e-02 0.000000000000000e+00
5.625000000000000e-01 9.375000000000000e-02 0.000000000000000e+00
5.937500000000000e-01 6.250000000000000e-02 0.000000000000000e+00
6.250000000000000e-01 6.250000000000000e-02 0.000000000000000e+00
6.250000000000000e-01 9.375000000000000e-02 0.000000000000000e+00
5.937500000000000e-01 9.375000000000000e-02 0.000000000000000e+00
6.250000000000000e-01 6.250000000000000e-02 0.000000000000000e+00
6.562500000000000e-01 6.250000000000000e-02 0.000000000000000e+00
6.562500000000000e-01 9.375000000000000e-02 0.000000000000000e+00
6.250000000000000e-01 9.375000000000000e-02 0.000000000000000e+00
6.562500000000000e-01 6.250000000000000e-02 0.000000000000000e+00
6.875000000000000e-01 6.250000000000000e-02 0.000000000000000e+00
6.875000000000000e-01 9.375000000000000e-02 0.000000000000000e+00
6.562500000000000e-01 9.375000000000000e-02 0.000000000000000e+00
6.875000000000000e-01 6.250000000000000e-02 0.000000000000000e+00
7.187500000000000e-01 6.250000000000000e-02 0.000000000000000e+00
7.187500000000000e-01 9.375000000000000e-02 0.000000000000000e+00
6.875000000000000e-01 9.375000000000000e-02 0.000000000000000e+00
7.187500000000000e-01 6.250000000000000e-02 0.000000000000000e+00
7.500000000000000e-01 6.250000000000000e-02 0.000000000000000e+00
7.500000000000000e-01 9.375000000000000e-02 0.000000000000000e+00
7.187500000000000e-01 9.375000000000000e-02 0.000000000000000e+00
7.500000000000000e-01 6.250000000000000e-02 0.000000000000000e+00
7.812500000000000e-01 6.250000000000000e-02 0.000000000000000e+00
7.812500000000000e-01 9.375000000000000e-02 0.000000000000000e+00
7.500000000000000e-01 9.375000000000000e-02 0.000000000000000e+00
7.812500000000000e-01 6.250000000000000e-02 0.000000000000000e+00
8.125000000000000e-01 6.250000000000000e-02 0.000000000000000e+00
8.125000000000000e-01 9.375000000000000e-02 0.000000000000000e+00
7.812500000000000e-01 9.375000000000000e-02 0.000000000000000e+00
8.125000000000000e-01 6.250000000000000e-02 0.000000000000000e+00
8.437500000000000e-01 6.250000000000000e-02 0.000000000000000e+00
8.437500000000000e-01 9.375000000000000e-02 0.000000000000000e+00
8.125000000000000e-01 9.375000000000000e-02 0.000000000000000e+00
8.437500000000000e-01 6.250000000000000e-02 0.000000000000000e+00
8.750000000000000e-01 6.250000000000000e-02 0.000000000000000e+00
8.750000000000000e-01 9.375000000000000e-02 0.000000000000000e+00
8.437500000000000e-01 9.375000000000000e-02 0.000000000000000e+00
8.750000000000000e-01 6.250000000000000e-02 0.000000000000000e+00
9.062500000000000e-01 6.250000000000000e-02 0.000000000000000e+00
9.062500000000000e-01 9.375000000000000e-02 0.000000000000000e+00
8.750000000000000e-01 9.375000000000000e-02 0.000000000000000e+00
9.062500000000000e-01 6.250000000000000e-02 0.000000000000000e+00
9.375000000000000e-01 6.250000000000000e-02 0.000000000000000e+00
9.375000000000000e-01 9.375000000000000e-02 0.000000000000000e+00
9.062500000000000e-01 9.375000000000000e-02 0.000000000000000e+00
9.375000000000000e-01 6.250000000000000e-02 0.000000000000000e+00
9.687500000000000e-01 6.250000000000000e-02 0.000000000000000e+00
9.687500000000000e-01 9.375000000000000e-02 0.000000000000000e+00
9.375000000000000e-01 9.375000000000000e-02 0.000000000000000e+00
9.687500000000000e-01 6.250000000000000e-02 0.000000000000000e+00
1.000000000000000e+00 6.250000000000000e-02 0.000000000000000e+00
1.000000000000000e+00 9.375000000000000e-02 0.000000000000000e+00
9.687500000000000e-01 9.375000000000000e-02 0.000000000000000e+00
0.000000000000000e+00 9.375000000000000e-02 0.000000000000000e+00
3.125000000000000e-02 9.375000000000000e-02 0.000000000000000e+00
3.125000000000000e-02 1.250000000000000e-01 0.000000000000000e+00
0.000000000000000e+00 1.250000000000000e-01 0.000000000000000e+00
3.125000000000000e-02 9.375000000000000e-02 0.000000000000000e+00
6.250000000000000e-02 9.375000000000000e-02 0.000000000000000e+00
6.250000000000000e-02 1.250000000000000e-01 0.000000000000000e+00
3.125000000000000e-02 1.250000000000000e-01 0.000000000000000e+00
6.250000000000000e-02 9.375000000000000e-02 0.000000000000000e+00
9.375000000000000e-02 9.375000000000000e-02 0.000000000000000e+00
9.375000000000000e-02 1.250000000000000e-01 0.000000000000000e+00
6.250000000000000e-02 1.250000000000000e-01 0.000000000000000e+00
9.375000000000000e-02 9.375000000000000e-02 0.000000000000000e+00
1.250000000000000e-01 9.375000000000000e-02 0.000000000000000e+00
1.250000000000000e-01 1.250000000000000e-01 0.000000000000000e+00
9.375000000000000e-02 1.250000000000000e-01 0.000000000000000e+00
1.250000000000000e-01 9.375000000000000e-02 0.000000000000000e+00
1.562500000000000e-01 9.375000000000000e-02 0.000000000000000e+00
1.562500000000000e-01 1.250000000000000e-01 0.000000000000000e+00
1.250000000000000e-01 1.250000000000000e-01 0.000000000000000e+00
1.562500000000000e-01 9.375000000000000e-02 0.000000000000000e+00
1.875000000000000e-01 9.375000000000000e-02 0.000000000000000e+00
1.875000000000000e-01 1.250000000000000e-01 0.000000000000000e+00
1.562500000000000e-01 1.250000000000000e-01 0.000000000000000e+00
1.875000000000000e-01 9.375000000000000e-02 0.000000000000000e+00
2.187500000000000e-01 9.375000000000000e-02 0.000000000000000e+00
2.187500000000000e-01 1.250000000000000e-01 0.000000000000000e+00
1.875000000000000e-01 1.250000000000000e-01 0.000000000000000e+00
2.187500000000000e-01 9.375000000000000e-02 0.000000000000000e+00
2.500000000000000e-01 9.375000000000000e-02 0.000000000000000e+00
2.500000000000000e-01 1.250000000000000e-01 0.000000000000000e+00
2.187500000000000e-01 1.250000000000000e-01 0.000000000000000e+00
2.500000000000000e-01 9.375000000000000e-02 0.000000000000000e+00
2.812500000000000e-01 9.375000000000000e-02 0.000000000000000e+00
2.812500000000000e-01 1.250000000000000e-01 0.000000000000000e+00
2.500000000000000e-01 1.250000000000000e-01 0.000000000000000e+00
2.812500000000000e-01 9.375000000000000e-02 0.000000000000000e+00
3.125000000000000e-01 9.375000000000000e-02 0.000000000000000e+00
3.125000000000000e-01 1.250000000000000e-01 0.000000000000000e+00
2.812500000000000e-01 1.250000000000000e-01 0.000000000000000e+00
3.125000000000000e-01 9.375000000000000e-02 0.000000000000000e+00
3.437500000000000e-01 9.375000000000000e-02 0.000000000000000e+00
3.437500000000000e-01 1.250000000000000e-01 0.000000000000000e+00
3.125000000000000e-01 1.250000000000000e-01 0.000000000000000e+00
3.437500000000000e-01 9.375000000000000e-02 0.000000000000000e+00
3.750000000000000e-01 9.375000000000000e-02 0.000000000000000e+00
3.750000000000000e-01 1.250000000000000e-01 0.000000000000000e+00
3.437500000000000e-01 1.250000000000000e-01 0.000000000000000e+00
3.750000000000000e-01 9.375000000000000e-02 0.000000000000000e+00
4.062500000000000e-01 9.375000000000000e-02 0.000000000000000e+00
4.062500000000000e-01 1.250000000000000e-01 0.000000000000000e+00
3.750000000000000e-01 1.250000000000000e-01 0.000000000000000e+00
4.062500000000000e-01 9.375000000000000e-02 0.000000000000000e+00
4.375000000000000e-01 9.375000000000000e-02 0.000000000000000e+00
4.375000000000000e-01 1.250000000000000e-01 0.000000000000000e+00
4.062500000000000e-01 1.250000000000000e-01 0.000000000000000e+00
4.375000000000000e-01 9.375000000000000e-02 0.000000000000000e+00
4.687500000000000e-01 9.375000000000000e-02 0.000000000000000e+00
4.687500000000000e-01 1.250000000000000e-01 0.000000000000000e+00
4.375000000000000e-01 1.250000000000000e-01 0.000000000000000e+00
4.687500000000000e-01 9.375000000000000e-02 0.000000000000000e+00
5.000000000000000e-01 9.375000000000000e-02 0.000000000000000e+00
5.000000000000000e-01 1.250000000000000e-01 0.000000000000000e+00
4.687500000000000e-01 1.250000000000000e-01 0.000000000000000e+00
5.000000000000000e-01 9.375000000000000e-02 0.000000000000000e+00
5.312500000000000e-01 9.375000000000000e-02 0.000000000000000e+00
5.312500000000000e-01 1.250000000000000e-01 0.000000000000000e+00
5.000000000000000e-01 1.250000000000000e-01 0.000000000000000e+00
5.312500000000000e-01 9.375000000000000e-02 0.000000000000000e+00
5.625000000000000e-01 9.375000000000000e-02 0.000000000000000e+00
5.625000000000000e-01 1.250000000000000e-01 0.000000000000000e+00
5.312500000000000e-01 1.250000000000000e-01 0.000000000000000e+00
5.625000000000000e-01 9.375000000000000e-02 0.000000000000000e+00
5.937500000000000e-01 9.375000000000000e-02 0.000000000000000e+00
5.937500000000000e-01 1.250000000000000e-01 0.000000000000000e+00
5.625000000000000e-01 1.250000000000000e-01 0.000000000000000e+00
5.937500000000000e-01 9.375000000000000e-02 0.000000000000000e+00
6.250000000000000e-01 9.375000000000000e-02 0.000000000000000e+00
6.250000000000000e-01 1.250000000000000e-01 0.000000000000000e+00
5.937500000000000e-01 1.250000000000000e-01 0.000000000000000e+00
6.250000000000000e-01 9.375000000000000e-02 0.000000000000000e+00
6.562500000000000e-01 9.375000000000000e-02 0.000000000000000e+00
6.562500000000000e-01 1.250000000000000e-01 0.000000000000000e+00
6.250000000000000e-01 1.250000000000000e-01 0.000000000000000e+00
6.562500000000000e-01 9.375000000000000e-02 0.000000000000000e+00
6.875000000000000e-01 9.375000000000000e-02 0.000000000000000e+00
6.875000000000000e-01 1.250000000000000e-01 0.000000000000000e+00
6.562500000000000e-01 1.250000000000000e-01 0.000000000000000e+00
6.875000000000000e-01 9.375000000000000e-02 0.000000000000000e+00
7.187500000000000e-01 9.375000000000000e-02 0.000000000000000e+00
7.187500000000000e-01 1.250000000000000e-01 0.000000000000000e+00
6.875000000000000e-01 1.250000000000000e-01 0.000000000000000e+00
7.187500000000000e-01 9.375000000000000e-02 0.000000000000000e+00
7.500000000000000e-01 9.375000000000000e-02 0.000000000000000e+00
7.500000000000000e-01 1.250000000000000e-01 0.000000000000000e+00
7.187500000000000e-01 1.250000000000000e-01 0.000000000000000e+00
7.500000000000000e-01 9.375000000000000e-02 0.000000000000000e+00
7.812500000000000e-01 9.375000000000000e-02 0.000000000000000e+00
7.812500000000000e-01 1.250000000000000e-01 0.000000000000000e+00
7.500000000000000e-01 1.250000000000000e-01 0.000000000000000e+00
7.812500000000000e-01 9.375000000000000e-02 0.000000000000000e+00
8.125000000000000e-01 9.375000000000000e-02 0.000000000000000e+00
8.125000000000000e-01 1.250000000000000e-01 0.000000000000000e+00
7.812500000000000e-01 1.250000000000000e-01 0.000000000000000e+00
8.125000000000000e-01 9.375000000000000e-02 0.000000000000000e+00
8.437500000000000e-01 9.375000000000000e-02 0.000000000000000e+00
8.437500000000000e-01 1.250000000000000e-01 0.000000000000000e+00
8.125000000000000e-01 1.250000000000000e-01 0.000000000000000e+00
8.437500000000000e-01 9.375000000000000e-02 0.000000000000000e+00
8.750000000000000e-01 9.375000000000000e-02 0.000000000000000e+00
8.750000000000000e-01 1.250000000000000e-01 0.000000000000000e+00
8.437500000000000e-01 1.250000000000000e-01 0.000000000000000e+00
8.750000000000000e-01 9.375000000000000e-02 0.000000000000000e+00
9.062500000000000e-01 9.375000000000000e-02 0.000000000000000e+00
9.062500000000000e-01 1.250000000000000e-01 0.000000000000000e+00
8.750000000000000e-01 1.250000000000000e-01 0.000000000000000e+00
9.062500000000000e-01 9.375000000000000e-02 0.000000000000000e+00
9.375000000000000e-01 9.375000000000000e-02 0.000000000000000e+00
9.375000000000000e-01 1.250000000000000e-01 0.000000000000000e+00
9.062500000000000e-01 1.250000000000000e-01 0.000000000000000e+00
9.375000000000000e-01 9.375000000000000e-02 0.000000000000000e+00
9.687500000000000e-01 9.375000000000000e-02 0.000000000000000e+00
9.687500000000000e-01 1.250000000000000e-01 0.000000000000000e+00
9.375000000000000e-01 1.250000000000000e-01 0.000000000000000e+00
9.687500000000000e-01 9.375000000000000e-02 0.000000000000000e+00
1.000000000000000e+00 9.375000000000000e-02 0.000000000000000e+00
1.000000000000000e+00 1.250000000000000e-01 0.000000000000000e+00
9.687500000000000e-01 1.250000000000000e-01 0.000000000000000e+00
0.000000000000000e+00 1.250000000000000e-01 0.000000000000000e+00
3.125000000000000e-02 1.250000000000000e-01 0.000000000000000e+00
3.125000000000000e-02 1.562500000000000e-01 0.000000000000000e+00
0.000000000000000e+00 1.562500000000000e-01 0.000000000000000e+00
3.125000000000000e-02 1.250000000000000e-01 0.000000000000000e+00
6.250000000000000e-02 1.250000000000000e-01 0.000000000000000e+00
6.250000000000000e-02 1.562500000000000e-01 0.000000000000000e+00
3.125000000000000e-02 1.562500000000000e-01 0.000000000000000e+00
6.250000000000000e-02 1.250000000000000e-01 0.000000000000000e+00
9.375000000000000e-02 1.250000000000000e-01 0.000000000000000e+00
9.375000000000000e-02 1.562500000000000e-01 0.000000000000000e+00
6.250000000000000e-02 1.562500000000000e-01 0.000000000000000e+00
9.375000000000000e-02 1.250000000000000e-01 0.000000000000000e+00
1.250000000000000e-01 1.250000000000000e-01 0.000000000000000e+00
1.250000000000000e-01 1.562500000000000e-01 0.000000000000000e+00
9.375000000000000e-02 1.562500000000000e-01 0.000000000000000e+00
1.250000000000000e-01 1.250000000000000e-01 0.000000000000000e+00
1.562500000000000e-01 1.250000000000000e-01 0.000000000000000e+00
1.562500000000000e-01 1.562500000000000e-01 0.000000000000000e+00
1.250000000000000e-01 1.562500000000000e-01 0.000000000000000e+00
1.562500000000000e-01 1.250000000000000e-01 0.000000000000000e+00
1.875000000000000e-01 1.250000000000000e-01 0.000000000000000e+00
1.875000000000000e-01 1.562500000000000e-01 0.000000000000000e+00
1.562500000000000e-01 1.562500000000000e-01 0.000000000000000e+00
1.875000000000000e-01 1.250000000000000e-01 0.000000000000000e+00
2.187500000000000e-01 1.250000000000000e-01 0.000000000000000e+00
2.187500000000000e-01 1.562500000000000e-01 0.000000000000000e+00
1.875000000000000e-01 1.562500000000000e-01 0.000000000000000e+00
2.187500000000000e-01 1.250000000000000e-01 0.000000000000000e+00
2.500000000000000e-01 1.250000000000000e-01 0.000000000000000e+00
2.500000000000000e-01 1.562500000000000e-01 0.000000000000000e+00
2.187500000000000e-01 1.562500000000000e-01 0.000000000000000e+00
2.500000000000000e-01 1.250000000000000e-01 0.000000000000000e+00
2.812500000000000e-01 1.250000000000000e-01 0.000000000000000e+00
2.812500000000000e-01 1.562500000000000e-01 0.000000000000000e+00
2.500000000000000e-01 1.562500000000000e-01 0.000000000000000e+00
2.812500000000000e-01 1.250000000000000e-01 0.000000000000000e+00
3.125000000000000e-01 1.250000000000000e-01 0.000000000000000e+00
3.125000000000000e-01 1.562500000000000e-01 0.000000000000000e+00
2.812500000000000e-01 1.562500000000000e-01 0.000000000000000e+00
3.125000000000000e-01 1.250000000000000e-01 0.000000000000000e+00
3.437500000000000e-01 1.250000000000000e-01 0.000000000000000e+00
3.437500000000000e-01 1.562500000000000e-01 0.000000000000000e+00
3.125000000000000e-01 1.562500000000000e-01 0.000000000000000e+00
3.437500000000000e-01 1.250000000000000e-01 0.000000000000000e+00
3.750000000000000e-01 1.250000000000000e-01 0.000000000000000e+00
3.750000000000000e-01 1.562500000000000e-01 0.000000000000000e+00
3.437500000000000e-01 1.562500000000000e-01 0.000000000000000e+00
3.750000000000000e-01 1.250000000000000e-01 0.000000000000000e+00
4.062500000000000e-01 1.250000000000000e-01 0.000000000000000e+00
4.062500000000000e-01 1.562500000000000e-01 0.000000000000000e+00
3.750000000000000e-01 1.562500000000000e-01 0.000000000000000e+00
4.062500000000000e-01 1.250000000000000e-01 0.000000000000000e+00
4.375000000000000e-01 1.250000000000000e-01 0.000000000000000e+00
4.375000000000000e-01 1.562500000000000e-01 0.000000000000000e+00
4.062500000000000e-01 1.562500000000000e-01 0.000000000000000e+00
4.375000000000000e-01 1.250000000000000e-01 0.000000000000000e+00
4.687500000000000e-01 1.250000000000000e-01 0.000000000000000e+00
4.687500000000000e-01 1.562500000000000e-01 0.000000000000000e+00
4.375000000000000e-01 1.562500000000000e-01 0.000000000000000e+00
4.687500000000000e-01 1.250000000000000e-01 0.000000000000000e+00
5.000000000000000e-01 1.250000000000000e-01 0.000000000000000e+00
5.000000000000000e-01 1.562500000000000e-01 0.000000000000000e+00
4.687500000000000e-01 1.562500000000000e-01 0.000000000000000e+00
5.000000000000000e-01 1.250000000000000e-01 0.000000000000000e+00
5.312500000000000e-01 1.250000000000000e-01 0.000000000000000e+00
5.312500000000000e-01 1.562500000000000e-01 0.000000000000000e+00
5.000000000000000e-01 1.562500000000000e-01 0.000000000000000e+00
5.312500000000000e-01 1.250000000000000e-01 0.000000000000000e+00
5.625000000000000e-01 1.250000000000000e-01 0.000000000000000e+00
5.625000000000000e-01 1.562500000000000e-01 0.000000000000000e+00
5.312500000000000e-01 1.562500000000000e-01 0.000000000000000e+00
5.625000000000000e-01 1.250000000000000e-01 0.000000000000000e+00
5.937500000000000e-01 1.250000000000000e-01 0.000000000000000e+00
5.937500000000000e-01 1.562500000000000e-01 0.000000000000000e+00
5.625000000000000e-01 1.562500000000000e-01 0.000000000000000e+00
5.937500000000000e-01 1.250000000000000e-01 0.000000000000000e+00
6.250000000000000e-01 1.250000000000000e-01 0.000000000000000e+00
6.250000000000000e-01 1.562500000000000e-01 0.000000000000000e+00
5.937500000000000e-01 1.562500000000000e-01 0.000000000000000e+00
6.250000000000000e-01 1.250000000000000e-01 0.000000000000000e+00
6.562500000000000e-01 1.250000000000000e-01 0.000000000000000e+00
6.562500000000000e-01 1.562500000000000e-01 0.000000000000000e+00
6.250000000000000e-01 1.562500000000000e-01 0.000000000000000e+00
6.562500000000000e-01 1.250000000000000e-01 0.000000000000000e+00
6.875000000000000e-01 1.250000000000000e-01 0.000000000000000e+00
6.875000000000000e-01 1.562500000000000e-01 0.000000000000000e+00
6.562500000000000e-01 1.562500000000000e-01 0.000000000000000e+00
6.875000000000000e-01 1.250000000000000e-01 0.000000000000000e+00
7.187500000000000e-01 1.250000000000000e-01 0.000000000000000e+00
7.187500000000000e-01 1.562500000000000e-01 0.000000000000000e+00
6.875000000000000e-01 1.562500000000000e-01 0.000000000000000e+00
7.187500000000000e-01 1.250000000000000e-01 0.000000000000000e+00
7.500000000000000e-01 1.250000000000000e-01 0.000000000000000e+00
7.500000000000000e-01 1.562500000000000e-01 0.000000000000000e+00
7.187500000000000e-01 1.562500000000000e-01 0.000000000000000e+00
7.500000000000000e-01 1.250000000000000e-01 0.000000000000000e+00
7.812500000000000e-01 1.250000000000000e-01 0.000000000000000e+00
7.812500000000000e-01 1.562500000000000e-01 0.000000000000000e+00
7.500000000000000e-01 1.562500000000000e-01 0.000000000000000e+00
7.812500000000000e-01 1.250000000000000e-01 0.000000000000000e+00
8.125000000000000e-01 1.250000000000000e-01 0.000000000000000e+00
8.125000000000000e-01 1.562500000000000e-01 0.000000000000000e+00
7.812500000000000e-01 1.562500000000000e-01 0.000000000000000e+00
8.125000000000000e-01 1.250000000000000e-01 0.000000000000000e+00
8.437500000000000e-01 1.250000000000000e-01 0.000000000000000e+00
8.437500000000000e-01 1.562500000000000e-01 0.000000000000000e+00
8.125000000000000e-01 1.562500000000000e-01 0.000000000000000e+00
8.437500000000000e-01 1.250000000000000e-01 0.000000000000000e+00
8.750000000000000e-01 1.250000000000000e-01 0.000000000000000e+00
8.750000000000000e-01 1.562500000000000e-01 0.000000000000000e+00
8.437500000000000e-01 1.562500000000000e-01 0.000000000000000e+00
8.750000000000000e-01 1.250000000000000e-01 0.000000000000000e+00
9.062500000000000e-01 1.250000000000000e-01 0.000000000000000e+00
9.062500000000000e-01 1.562500000000000e-01 0.000000000000000e+00
8.750000000000000e-01 1.562500000000000e-01 0.000000000000000e+00
9.062500000000000e-01 1.250000000000000e-01 0.000000000000000e+00
9.375000000000000e-01 1.250000000000000e-01 0.000000000000000e+00
9.375000000000000e-01 1.562500000000000e-01 0.000000000000000e+00
9.062500000000000e-01 1.562500000000000e-01 0.000000000000000e+00
9.375000000000000e-01 1.250000000000000e-01 0.000000000000000e+00
9.687500000000000e-01 1.250000000000000e-01 0.000000000000000e+00
9.687500000000000e-01 1.562500000000000e-01 0.000000000000000e+00
9.375000000000000e-01 1.562500000000000e-01 0.000000000000000e+00
9.687500000000000e-01 1.250000000000000e-01 0.000000000000000e+00
1.000000000000000e+00 1.250000000000000e-01 0.000000000000000e+00
1.000000000000000e+00 1.562500000000000e-01 0.000000000000000e+00
9.687500000000000e-01 1.562500000000000e-01 0.000000000000000e+00
0.000000000000000e+00 1.562500000000000e-01 0.000000000000000e+00
3.125000000000000e-02 1.562500000000000e-01 0.000000000000000e+00
3.125000000000000e-02 1.875000000000000e-01 0.000000000000000e+00
0.000000000000000e+00 1.875000000000000e-01 0.000000000000000e+00
3.125000000000000e-02 1.562500000000000e-01 0.000000000000000e+00
6.250000000000000e-02 1.562500000000000e-01 0.000000000000000e+00
6.250000000000000e-02 1.875000000000000e-01 0.000000000000000e+00
3.125000000000000e-02 1.875000000000000e-01 0.000000000000000e+00
6.250000000000000e-02 1.562500000000000e-01 0.000000000000000e+00
9.375000000000000e-02 1.562500000000000e-01 0.000000000000000e+00
9.375000000000000e-02 1.875000000000000e-01 0.000000000000000e+00
6.250000000000000e-02 1.875000000000000e-01 0.000000000000000e+00
9.375000000000000e-02 1.562500000000000e-01 0.000000000000000e+00
1.250000000000000e-01 1.562500000000000e-01 0.000000000000000e+00
1.250000000000000e-01 1.875000000000000e-01 0.000000000000000e+00
9.375000000000000e-02 1.875000000000000e-01 0.000000000000000e+00
1.250000000000000e-01 1.562500000000000e-01 0.000000000000000e+00
1.562500000000000e-01 1.562500000000000e-01 0.000000000000000e+00
1.562500000000000e-01 1.875000000000000e-01 0.000000000000000e+00
1.250000000000000e-01 1.875000000000000e-01 0.000000000000000e+00
1.562500000000000e-01 1.562500000000000e-01 0.000000000000000e+00
1.875000000000000e-01 1.562500000000000e-01 0.000000000000000e+00
1.875000000000000e-01 1.875000000000000e-01 0.000000000000000e+00
1.562500000000000e-01 1.875000000000000e-01 0.000000000000000e+00
1.875000000000000e-01 1.562500000000000e-01 0.000000000000000e+00
2.187500000000000e-01 1.562500000000000e-01 0.000000000000000e+00
2.187500000000000e-01 1.875000000000000e-01 0.000000000000000e+00
1.875000000000000e-01 1.875000000000000e-01 0.000000000000000e+00
2.187500000000000e-01 1.562500000000000e-01 0.000000000000000e+00
2.500000000000000e-01 1.562500000000000e-01 0.000000000000000e+00
2.500000000000000e-01 1.875000000000000e-01 0.000000000000000e+00
2.187500000000000e-01 1.875000000000000e-01 0.000000000000000e+00
2.500000000000000e-01 1.562500000000000e-01 0.000000000000000e+00
2.812500000000000e-01 1.562500000000000e-01 0.000000000000000e+00
2.812500000000000e-01 1.875000000000000e-01 0.000000000000000e+00
2.500000000000000e-01 1.875000000000000e-01 0.000000000000000e+00
2.812500000000000e-01 1.562500000000000e-01 0.000000000000000e+00
3.125000000000000e-01 1.562500000000000e-01 0.000000000000000e+00
3.125000000000000e-01 1.875000000000000e-01 0.000000000000000e+00
2.812500000000000e-01 1.875000000000000e-01 0.000000000000000e+00
3.125000000000000e-01 1.562500000000000e-01 0.000000000000000e+00
3.437500000000000e-01 1.562500000000000e-01 0.000000000000000e+00
3.437500000000000e-01 1.875000000000000e-01 0.000000000000000e+00
3.125000000000000e-01 1.875000000000000e-01 0.000000000000000e+00
3.437500000000000e-01 1.562500000000000e-01 0.000000000000000e+00
3.750000000000000e-01 1.562500000000000e-01 0.000000000000000e+00
3.750000000000000e-01 1.875000000000000e-01 0.000000000000000e+00
3.437500000000000e-01 1.875000000000000e-01 0.000000000000000e+00
3.750000000000000e-01 1.562500000000000e-01 0.000000000000000e+00
4.062500000000000e-01 1.562500000000000e-01 0.000000000000000e+00
4.062500000000000e-01 1.875000000000000e-01 0.000000000000000e+00
3.750000000000000e-01 1.875000000000000e-01 0.000000000000000e+00
4.062500000000000e-01 1.562500000000000e-01 0.000000000000000e+00
4.375000000000000e-01 1.562500000000000e-01 0.000000000000000e+00
4.375000000000000e-01 1.875000000000000e-01 0.000000000000000e+00
4.062500000000000e-01 1.875000000000000e-01 0.000000000000000e+00
4.375000000000000e-01 1.562500000000000e-01 0.000000000000000e+00
4.687500000000000e-01 1.562500000000000e-01 0.000000000000000e+00
4.687500000000000e-01 1.875000000000000e-01 0.000000000000000e+00
4.375000000000000e-01 1.875000000000000e-01 0.000000000000000e+00
4.687500000000000e-01 1.562500000000000e-01 0.000000000000000e+00
5.000000000000000e-01 1.562500000000000e-01 0.000000000000000e+00
5.000000000000000e-01 1.875000000000000e-01 0.000000000000000e+00
4.687500000000000e-01 1.875000000000000e-01 0.000000000000000e+00
5.000000000000000e-01 1.562500000000000e-01 0.000000000000000e+00
5.312500000000000e-01 1.562500000000000e-01 0.000000000000000e+00
5.312500000000000e-01 1.875000000000000e-01 0.000000000000000e+00
5.000000000000000e-01 1.875000000000000e-01 0.000000000000000e+00
5.312500000000000e-01 1.562500000000000e-01 0.000000000000000e+00
5.625000000000000e-01 1.562500000000000e-01 0.000000000000000e+00
5.625000000000000e-01 1.875000000000000e-01 0.000000000000000e+00
5.312500000000000e-01 1.875000000000000e-01 0.000000000000000e+00
5.625000000000000e-01 1.562500000000000e-01 0.000000000000000e+00
5.937500000000000e-01 1.562500000000000e-01 0.000000000000000e+00
5.937500000000000e-01 1.875000000000000e-01 0.000000000000000e+00
5.625000000000000e-01 1.875000000000000e-01 0.000000000000000e+00
5.937500000000000e-01 1.562500000000000e-01 0.000000000000000e+00
6.250000000000000e-01 1.562500000000000e-01 0.000000000000000e+00
6.250000000000000e-01 1.875000000000000e-01 0.000000000000000e+00
5.937500000000000e-01 1.875000000000000e-01 0.000000000000000e+00
6.250000000000000e-01 1.562500000000000e-01 0.000000000000000e+00
6.562500000000000e-01 1.562500000000000e-01 0.000000000000000e+00
6.562500000000000e-01 1.875000000000000e-01 0.000000000000000e+00
6.250000000000000e-01 1.875000000000000e-01 0.000000000000000e+00
6.562500000000000e-01 1.562500000000000e-01 0.000000000000000e+00
6.875000000000000e-01 1.562500000000000e-01 0.000000000000000e+00
6.875000000000000e-01 1.875000000000000e-01 0.000000000000000e+00
6.562500000000000e-01 1.875000000000000e-01 0.000000000000000e+00
6.875000000000000e-01 1.562500000000000e-01 0.000000000000000e+00
7.187500000000000e-01 1.562500000000000e-01 0.000000000000000e+00
7.187500000000000e-01 1.875000000000000e-01 0.000000000000000e+00
6.875000000000000e-01 1.875000000000000e-01 0.000000000000000e+00
7.187500000000000e-01 1.562500000000000e-01 0.000000000000000e+00
7.500000000000000e-01 1.562500000000000e-01 0.000000000000000e+00
7.500000000000000e-01 1.875000000000000e-01 0.000000000000000e+00
7.187500000000000e-01 1.875000000000000e-01 0.000000000000000e+00
7.500000000000000e-01 1.562500000000000e-01 0.000000000000000e+00
7.812500000000000e-01 1.562500000000000e-01 0.000000000000000e+00
7.812500000000000e-01 1.875000000000000e-01 0.000000000000000e+00
7.500000000000000e-01 1.875000000000000e-01 0.000000000000000e+00
7.812500000000000e-01 1.562500000000000e-01 0.000000000000000e+00
8.125000000000000e-01 1.562500000000000e-01 0.000000000000000e+00
8.125000000000000e-01 1.875000000000000e-01 0.000000000000000e+00
7.812500000000000e-01 1.875000000000000e-01 0.000000000000000e+00
8.125000000000000e-01 1.562500000000000e-01 0.000000000000000e+00
8.437500000000000e-01 1.562500000000000e-01 0.000000000000000e+00
8.437500000000000e-01 1.875000000000000e-01 0.000000000000000e+00
8.125000000000000e-01 1.875000000000000e-01 0.000000000000000e+00
8.437500000000000e-01 1.562500000000000e-01 0.000000000000000e+00
8.750000000000000e-01 1.562500000000000e-01 0.000000000000000e+00
8.750000000000000e-01 1.875000000000000e-01 0.000000000000000e+00
8.437500000000000e-01 1.875000000000000e-01 0.000000000000000e+00
8.750000000000000e-01 1.562500000000000e-01 0.000000000000000e+00
9.062500000000000e-01 1.562500000000000e-01 0.000000000000000e+00
9.062500000000000e-01 1.875000000000000e-01 0.000000000000000e+00
8.750000000000000e-01 1.875000000000000e-01 0.000000000000000e+00
9.062500000000000e-01 1.562500000000000e-01 0.000000000000000e+00
9.375000000000000e-01 1.562500000000000e-01 0.000000000000000e+00
9.375000000000000e-01 1.875000000000000e-01 0.000000000000000e+00
9.062500000000000e-01 1.875000000000000e-01 0.000000000000000e+00
9.375000000000000e-01 1.562500000000000e-01 0.000000000000000e+00
9.687500000000000e-01 1.562500000000000e-01 0.000000000000000e+00
9.687500000000000e-01 1.875000000000000e-01 0.000000000000000e+00
9.375000000000000e-01 1.875000000000000e-01 0.000000000000000e+00
9.687500000000000e-01 1.562500000000000e-01 0.000000000000000e+00
1.000000000000000e+00 1.562500000000000e-01 0.000000000000000e+00
1.000000000000000e+00 1.875000000000000e-01 0.000000000000000e+00
9.687500000000000e-01 1.875000000000000e-01 0.000000000000000e+00
0.000000000000000e+00 1.875000000000000e-01 0.000000000000000e+00
3.125000000000000e-02 1.875000000000000e-01 0.000000000000000e+00
3.125000000000000e-02 2.187500000000000e-01 0.000000000000000e+00
0.000000000000000e+00 2.187500000000000e-01 0.000000000000000e+00
3.125000000000000e-02 1.875000000000000e-01 0.000000000000000e+00
6.250000000000000e-02 1.875000000000000e-01 0.000000000000000e+00
6.250000000000000e-02 2.187500000000000e-01 0.000000000000000e+00
3.125000000000000e-02 2.187500000000000e-01 0.000000000000000e+00
6.250000000000000e-02 1.875000000000000e-01 0.000000000000000e+00
9.375000000000000e-02 1.875000000000000e-01 0.000000000000000e+00
9.375000000000000e-02 2.187500000000000e-01 0.000000000000000e+00
6.250000000000000e-02 2.187500000000000e-01 0.000000000000000e+00
9.375000000000000e-02 1.875000000000000e-01 0.000000000000000e+00
1.250000000000000e-01 1.875000000000000e-01 0.000000000000000e+00
1.250000000000000e-01 2.187500000000000e-01 0.000000000000000e+00
9.375000000000000e-02 2.187500000000000e-01 0.000000000000000e+00
1.250000000000000e-01 1.875000000000000e-01 0.000000000000000e+00
1.562500000000000e-01 1.875000000000000e-01 0.000000000000000e+00
1.562500000000000e-01 2.187500000000000e-01 0.000000000000000e+00
1.250000000000000e-01 2.187500000000000e-01 0.000000000000000e+00
1.562500000000000e-01 1.875000000000000e-01 0.000000000000000e+00
1.875000000000000e-01 1.875000000000000e-01 0.000000000000000e+00
1.875000000000000e-01 2.187500000000000e-01 0.000000000000000e+00
1.562500000000000e-01 2.187500000000000e-01 0.000000000000000e+00
1.875000000000000e-01 1.875000000000000e-01 0.000000000000000e+00
2.187500000000000e-01 1.875000000000000e-01 0.000000000000000e+00
2.187500000000000e-01 2.187500000000000e-01 0.000000000000000e+00
1.875000000000000e-01 2.187500000000000e-01 0.000000000000000e+00
2.187500000000000e-01 1.875000000000000e-01 0.000000000000000e+00
2.500000000000000e-01 1.875000000000000e-01 0.000000000000000e+00
2.500000000000000e-01 2.187500000000000e-01 0.000000000000000e+00
2.187500000000000e-01 2.187500000000000e-01 0.000000000000000e+00
2.500000000000000e-01 1.875000000000000e-01 0.000000000000000e+00
2.812500000000000e-01 1.875000000000000e-01 0.000000000000000e+00
2.812500000000000e-01 2.187500000000000e-01 0.000000000000000e+00
2.500000000000000e-01 2.187500000000000e-01 0.000000000000000e+00
2.812500000000000e-01 1.875000000000000e-01 0.000000000000000e+00
3.125000000000000e-01 1.875000000000000e-01 0.000000000000000e+00
3.125000000000000e-01 2.187500000000000e-01 0.000000000000000e+00
2.812500000000000e-01 2.187500000000000e-01 0.000000000000000e+00
3.125000000000000e-01 1.875000000000000e-01 0.000000000000000e+00
3.437500000000000e-01 1.875000000000000e-01 0.000000000000000e+00
3.437500000000000e-01 2.187500000000000e-01 0.000000000000000e+00
3.125000000000000e-01 2.187500000000000e-01 0.000000000000000e+00
3.437500000000000e-01 1.875000000000000e-01 0.000000000000000e+00
3.750000000000000e-01 1.875000000000000e-01 0.000000000000000e+00
3.750000000000000e-01 2.187500000000000e-01 0.000000000000000e+00
3.437500000000000e-01 2.187500000000000e-01 0.000000000000000e+00
3.750000000000000e-01 1.875000000000000e-01 0.000000000000000e+00
4.062500000000000e-01 1.875000000000000e-01 0.000000000000000e+00
4.062500000000000e-01 2.187500000000000e-01 0.000000000000000e+00
3.750000000000000e-01 2.187500000000000e-01 0.000000000000000e+00
4.062500000000000e-01 1.875000000000000e-01 0.000000000000000e+00
4.375000000000000e-01 1.875000000000000e-01 0.000000000000000e+00
4.375000000000000e-01 2.187500000000000e-01 0.000000000000000e+00
4.062500000000000e-01 2.187500000000000e-01 0.000000000000000e+00
4.375000000000000e-01 1.875000000000000e-01 0.000000000000000e+00
4.687500000000000e-01 1.875000000000000e-01 0.000000000000000e+00
4.687500000000000e-01 2.187500000000000e-01 0.000000000000000e+00
4.375000000000000e-01 2.187500000000000e-01 0.000000000000000e+00
4.687500000000000e-01 1.875000000000000e-01 0.000000000000000e+00
5.000000000000000e-01 1.875000000000000e-01 0.000000000000000e+00
5.000000000000000e-01 2.187500000000000e-01 0.000000000000000e+00
4.687500000000000e-01 2.187500000000000e-01 0.000000000000000e+00
5.000000000000000e-01 1.875000000000000e-01 0.000000000000000e+00
5.312500000000000e-01 1.875000000000000e-01 0.000000000000000e+00
5.312500000000000e-01 2.187500000000000e-01 0.000000000000000e+00
5.000000000000000e-01 2.187500000000000e-01 0.000000000000000e+00
5.312500000000000e-01 1.875000000000000e-01 0.000000000000000e+00
5.625000000000000e-01 1.875000000000000e-01 0.000000000000000e+00
5.625000000000000e-01 2.187500000000000e-01 0.000000000000000e+00
5.312500000000000e-01 2.187500000000000e-01 0.000000000000000e+00
5.625000000000000e-01 1.875000000000000e-01 0.000000000000000e+00
5.937500000000000e-01 1.875000000000000e-01 0.000000000000000e+00
5.937500000000000e-01 2.187500000000000e-01 0.000000000000000e+00
5.625000000000000e-01 2.187500000000000e-01 0.000000000000000e+00
5.937500000000000e-01 1.875000000000000e-01 0.000000000000000e+00
6.250000000000000e-01 1.875000000000000e-01 0.000000000000000e+00
6.250000000000000e-01 2.187500000000000e-01 0.000000000000000e+00
5.937500000000000e-01 2.187500000000000e-01 0.000000000000000e+00
6.250000000000000e-01 1.875000000000000e-01 0.000000000000000e+00
6.562500000000000e-01 1.875000000000000e-01 0.000000000000000e+00
6.562500000000000e-01 2.187500000000000e-01 0.000000000000000e+00
6.250000000000000e-01 2.187500000000000e-01 0.000000000000000e+00
6.562500000000000e-01 1.875000000000000e-01 0.000000000000000e+00
6.875000000000000e-01 1.875000000000000e-01 0.000000000000000e+00
6.875000000000000e-01 2.187500000000000e-01 0.000000000000000e+00
6.562500000000000e-01 2.187500000000000e-01 0.000000000000000e+00
6.875000000000000e-01 1.875000000000000e-01 0.000000000000000e+00
7.187500000000000e-01 1.875000000000000e-01 0.000000000000000e+00
7.187500000000000e-01 2.187500000000000e-01 0.000000000000000e+00
6.875000000000000e-01 2.187500000000000e-01 0.000000000000000e+00
7.187500000000000e-01 1.875000000000000e-01 0.000000000000000e+00
7.500000000000000e-01 1.875000000000000e-01 0.000000000000000e+00
7.500000000000000e-01 2.187500000000000e-01 0.000000000000000e+00
7.187500000000000e-01 2.187500000000000e-01 0.000000000000000e+00
7.500000000000000e-01 1.875000000000000e-01 0.000000000000000e+00
7.812500000000000e-01 1.875000000000000e-01 0.000000000000000e+00
7.812500000000000e-01 2.187500000000000e-01 0.000000000000000e+00
7.500000000000000e-01 2.187500000000000e-01 0.000000000000000e+00
7.812500000000000e-01 1.875000000000000e-01 0.000000000000000e+00
8.125000000000000e-01 1.875000000000000e-01 0.000000000000000e+00
8.125000000000000e-01 2.187500000000000e-01 0.000000000000000e+00
7.812500000000000e-01 2.187500000000000e-01 0.000000000000000e+00
8.125000000000000e-01 1.875000000000000e-01 0.000000000000000e+00
8.437500000000000e-01 1.875000000000000e-01 0.000000000000000e+00
8.437500000000000e-01 2.187500000000000e-01 0.000000000000000e+00
8.125000000000000e-01 2.187500000000000e-01 0.000000000000000e+00
8.437500000000000e-01 1.875000000000000e-01 0.000000000000000e+00
8.750000000000000e-01 1.875000000000000e-01 0.000000000000000e+00
8.750000000000000e-01 2.187500000000000e-01 0.000000000000000e+00
8.437500000000000e-01 2.187500000000000e-01 0.000000000000000e+00
8.750000000000000e-01 1.875000000000000e-01 0.000000000000000e+00
9.062500000000000e-01 1.875000000000000e-01 0.000000000000000e+00
9.062500000000000e-01 2.187500000000000e-01 0.000000000000000e+00
8.750000000000000e-01 2.187500000000000e-01 0.000000000000000e+00
9.062500000000000e-01 1.875000000000000e-01 0.000000000000000e+00
9.375000000000000e-01 1.875000000000000e-01 0.000000000000000e+00
9.375000000000000e-01 2.187500000000000e-01 0.000000000000000e+00
9.062500000000000e-01 2.187500000000000e-01 0.000000000000000e+00
9.375000000000000e-01 1.875000000000000e-01 0.000000000000000e+00
9.687500000000000e-01 1.875000000000000e-01 0.000000000000000e+00
9.687500000000000e-01 2.187500000000000e-01 0.000000000000000e+00
9.375000000000000e-01 2.187500000000000e-01 0.000000000000000e+00
9.687500000000000e-01 1.875000000000000e-01 0.000000000000000e+00
1.000000000000000e+00 1.875000000000000e-01 0.000000000000000e+00
1.000000000000000e+00 2.187500000000000e-01 0.000000000000000e+00
9.687500000000000e-01 2.187500000000000e-01 0.000000000000000e+00
0.000000000000000e+00 2.187500000000000e-01 0.000000000000000e+00
3.125000000000000e-02 2.187500000000000e-01 0.000000000000000e+00
3.125000000000000e-02 2.500000000000000e-01 0.000000000000000e+00
0.000000000000000e+00 2.500000000000000e-01 0.000000000000000e+00
3.125000000000000e-02 2.187500000000000e-01 0.000000000000000e+00
6.250000000000000e-02 2.187500000000000e-01 0.000000000000000e+00
6.250000000000000e-02 2.500000000000000e-01 0.000000000000000e+00
3.125000000000000e-02 2.500000000000000e-01 0.000000000000000e+00
6.250000000000000e-02 2.187500000000000e-01 0.000000000000000e+00
9.375000000000000e-02 2.187500000000000e-01 0.000000000000000e+00
9.375000000000000e-02 2.500000000000000e-01 0.000000000000000e+00
6.250000000000000e-02 2.500000000000000e-01 0.000000000000000e+00
9.375000000000000e-02 2.187500000000000e-01 0.000000000000000e+00
1.250000000000000e-01 2.187500000000000e-01 0.000000000000000e+00
1.250000000000000e-01 2.500000000000000e-01 0.000000000000000e+00
9.375000000000000e-02 2.500000000000000e-01 0.000000000000000e+00
1.250000000000000e-01 2.187500000000000e-01 0.000000000000000e+00
1.562500000000000e-01 2.187500000000000e-01 0.000000000000000e+00
1.562500000000000e-01 2.500000000000000e-01 0.000000000000000e+00
1.250000000000000e-01 2.500000000000000e-01 0.000000000000000e+00
1.562500000000000e-01 2.187500000000000e-01 0.000000000000000e+00
1.875000000000000e-01 2.187500000000000e-01 0.000000000000000e+00
1.875000000000000e-01 2.500000000000000e-01 0.000000000000000e+00
1.562500000000000e-01 2.500000000000000e-01 0.000000000000000e+00
1.875000000000000e-01 2.187500000000000e-01 0.000000000000000e+00
2.187500000000000e-01 2.187500000000000e-01 0.000000000000000e+00
2.187500000000000e-01 2.500000000000000e-01 0.000000000000000e+00
1.875000000000000e-01 2.500000000000000e-01 0.000000000000000e+00
2.187500000000000e-01 2.187500000000000e-01 0.000000000000000e+00
2.500000000000000e-01 2.187500000000000e-01 0.000000000000000e+00
2.500000000000000e-01 2.500000000000000e-01 0.000000000000000e+00
2.187500000000000e-01 2.500000000000000e-01 0.000000000000000e+00
2.500000000000000e-01 2.187500000000000e-01 0.000000000000000e+00
2.812500000000000e-01 2.187500000000000e-01 0.000000000000000e+00
2.812500000000000e-01 2.500000000000000e-01 0.000000000000000e+00
2.500000000000000e-01 2.500000000000000e-01 0.000000000000000e+00
2.812500000000000e-01 2.187500000000000e-01 0.000000000000000e+00
3.125000000000000e-01 2.187500000000000e-01 0.000000000000000e+00
3.125000000000000e-01 2.500000000000000e-01 0.000000000000000e+00
2.812500000000000e-01 2.500000000000000e-01 0.000000000000000e+00
3.125000000000000e-01 2.187500000000000e-01 0.000000000000000e+00
3.437500000000000e-01 2.187500000000000e-01 0.000000000000000e+00
3.437500000000000e-01 2.500000000000000e-01 0.000000000000000e+00
3.125000000000000e-01 2.500000000000000e-01 0.000000000000000e+00
3.437500000000000e-01 2.187500000000000e-01 0.000000000000000e+00
3.750000000000000e-01 2.187500000000000e-01 0.000000000000000e+00
3.750000000000000e-01 2.500000000000000e-01 0.000000000000000e+00
3.437500000000000e-01 2.500000000000000e-01 0.000000000000000e+00
3.750000000000000e-01 2.187500000000000e-01 0.000000000000000e+00
4.062500000000000e-01 2.187500000000000e-01 0.000000000000000e+00
4.062500000000000e-01 2.500000000000000e-01 0.000000000000000e+00
3.750000000000000e-01 2.500000000000000e-01 0.000000000000000e+00
4.062500000000000e-01 2.187500000000000e-01 0.000000000000000e+00
4.375000000000000e-01 2.187500000000000e-01 0.000000000000000e+00
4.375000000000000e-01 2.500000000000000e-01 0.000000000000000e+00
4.062500000000000e-01 2.500000000000000e-01 0.000000000000000e+00
4.375000000000000e-01 2.187500000000000e-01 0.000000000000000e+00
4.687500000000000e-01 2.187500000000000e-01 0.000000000000000e+00
4.687500000000000e-01 2.500000000000000e-01 0.000000000000000e+00
4.375000000000000e-01 2.500000000000000e-01 0.000000000000000e+00
4.687500000000000e-01 2.187500000000000e-01 0.000000000000000e+00
5.000000000000000e-01 2.187500000000000e-01 0.000000000000000e+00
5.000000000000000e-01 2.500000000000000e-01 0.000000000000000e+00
4.687500000000000e-01 2.500000000000000e-01 0.000000000000000e+00
5.000000000000000e-01 2.187500000000000e-01 0.000000000000000e+00
5.312500000000000e-01 2.187500000000000e-01 0.000000000000000e+00
5.312500000000000e-01 2.500000000000000e-01 0.000000000000000e+00
5.000000000000000e-01 2.500000000000000e-01 0.000000000000000e+00
5.312500000000000e-01 2.187500000000000e-01 0.000000000000000e+00
5.625000000000000e-01 2.187500000000000e-01 0.000000000000000e+00
5.625000000000000e-01 2.500000000000000e-01 0.000000000000000e+00
5.312500000000000e-01 2.500000000000000e-01 0.000000000000000e+00
5.625000000000000e-01 2.187500000000000e-01 0.000000000000000e+00
5.937500000000000e-01 2.187500000000000e-01 0.000000000000000e+00
5.937500000000000e-01 2.500000000000000e-01 0.000000000000000e+00
5.625000000000000e-01 2.500000000000000e-01 0.000000000000000e+00
5.937500000000000e-01 2.187500000000000e-01 0.000000000000000e+00
6.250000000000000e-01 2.187500000000000e-01 0.000000000000000e+00
6.250000000000000e-01 2.500000000000000e-01 0.000000000000000e+00
5.937500000000000e-01 2.500000000000000e-01 0.000000000000000e+00
6.250000000000000e-01 2.187500000000000e-01 0.000000000000000e+00
6.562500000000000e-01 2.187500000000000e-01 0.000000000000000e+00
6.562500000000000e-01 2.500000000000000e-01 0.000000000000000e+00
6.250000000000000e-01 2.500000000000000e-01 0.000000000000000e+00
6.562500000000000e-01 2.187500000000000e-01 0.000000000000000e+00
6.875000000000000e-01 2.187500000000000e-01 0.000000000000000e+00
6.875000000000000e-01 2.500000000000000e-01 0.000000000000000e+00
6.562500000000000e-01 2.500000000000000e-01 0.000000000000000e+00
6.875000000000000e-01 2.187500000000000e-01 0.000000000000000e+00
7.187500000000000e-01 2.187500000000000e-01 0.000000000000000e+00
7.187500000000000e-01 2.500000000000000e-01 0.000000000000000e+00
6.875000000000000e-01 2.500000000000000e-01 0.000000000000000e+00
7.187500000000000e-01 2.187500000000000e-01 0.000000000000000e+00
7.500000000000000e-01 2.187500000000000e-01 0.000000000000000e+00
7.500000000000000e-01 2.500000000000000e-01 0.000000000000000e+00
7.187500000000000e-01 2.500000000000000e-01 0.000000000000000e+00
7.500000000000000e-01 2.187500000000000e-01 0.000000000000000e+00
7.812500000000000e-01 2.187500000000000e-01 0.000000000000000e+00
7.812500000000000e-01 2.500000000000000e-01 0.000000000000000e+00
7.500000000000000e-01 2.500000000000000e-01 0.000000000000000e+00
7.812500000000000e-01 2.187500000000000e-01 0.000000000000000e+00
8.125000000000000e-01 2.187500000000000e-01 0.000000000000000e+00
8.125000000000000e-01 2.500000000000000e-01 0.000000000000000e+00
7.812500000000000e-01 2.500000000000000e-01 0.000000000000000e+00
8.125000000000000e-01 2.187500000000000e-01 0.000000000000000e+00
8.437500000000000e-01 2.187500000000000e-01 0.000000000000000e+00
8.437500000000000e-01 2.500000000000000e-01 0.000000000000000e+00
8.125000000000000e-01 2.500000000000000e-01 0.000000000000000e+00
8.437500000000000e-01 2.187500000000000e-01 0.000000000000000e+00
8.750000000000000e-01 2.187500000000000e-01 0.000000000000000e+00
8.750000000000000e-01 2.500000000000000e-01 0.000000000000000e+00
8.437500000000000e-01 2.500000000000000e-01 0.000000000000000e+00
8.750000000000000e-01 2.187500000000000e-01 0.000000000000000e+00
9.062500000000000e-01 2.187500000000000e-01 0.000000000000000e+00
9.062500000000000e-01 2.500000000000000e-01 0.000000000000000e+00
8.750000000000000e-01 2.500000000000000e-01 0.000000000000000e+00
9.062500000000000e-01 2.187500000000000e-01 0.000000000000000e+00
9.375000000000000e-01 2.187500000000000e-01 0.000000000000000e+00
9.375000000000000e-01 2.500000000000000e-01 0.000000000000000e+00
9.062500000000000e-01 2.500000000000000e-01 0.000000000000000e+00
9.375000000000000e-01 2.187500000000000e-01 0.000000000000000e+00
9.687500000000000e-01 2.187500000000000e-01 0.000000000000000e+00
9.687500000000000e-01 2.500000000000000e-01 0.000000000000000e+00
9.375000000000000e-01 2.500000000000000e-01 0.000000000000000e+00
9.687500000000000e-01 2.187500000000000e-01 0.000000000000000e+00
1.000000000000000e+00 2.187500000000000e-01 0.000000000000000e+00
1.000000000000000e+00 2.500000000000000e-01 0.000000000000000e+00
9.687500000000000e-01 2.500000000000000e-01 0.000000000000000e+00
0.000000000000000e+00 2.500000000000000e-01 0.000000000000000e+00
3.125000000000000e-02 2.500000000000000e-01 0.000000000000000e+00
3.125000000000000e-02 2.812500000000000e-01 0.000000000000000e+00
0.000000000000000e+00 2.812500000000000e-01 0.000000000000000e+00
3.125000000000000e-02 2.500000000000000e-01 0.000000000000000e+00
6.250000000000000e-02 2.500000000000000e-01 0.000000000000000e+00
6.250000000000000e-02 2.812500000000000e-01 0.000000000000000e+00
3.125000000000000e-02 2.812500000000000e-01 0.000000000000000e+00
6.250000000000000e-02 2.500000000000000e-01 0.000000000000000e+00
9.375000000000000e-02 2.500000000000000e-01 0.000000000000000e+00
9.375000000000000e-02 2.812500000000000e-01 0.000000000000000e+00
6.250000000000000e-02 2.812500000000000e-01 0.000000000000000e+00
9.375000000000000e-02 2.500000000000000e-01 0.000000000000000e+00
1.250000000000000e-01 2.500000000000000e-01 0.000000000000000e+00
1.250000000000000e-01 2.812500000000000e-01 0.000000000000000e+00
9.375000000000000e-02 2.812500000000000e-01 0.000000000000000e+00
1.250000000000000e-01 2.500000000000000e-01 0.000000000000000e+00
1.562500000000000e-01 2.500000000000000e-01 0.000000000000000e+00
1.562500000000000e-01 2.812500000000000e-01 0.000000000000000e+00
1.250000000000000e-01 2.812500000000000e-01 0.000000000000000e+00
1.562500000000000e-01 2.500000000000000e-01 0.000000000000000e+00
1.875000000000000e-01 2.500000000000000e-01 0.000000000000000e+00
1.875000000000000e-01 2.812500000000000e-01 0.000000000000000e+00
1.562500000000000e-01 2.812500000000000e-01 0.000000000000000e+00
1.875000000000000e-01 2.500000000000000e-01 0.000000000000000e+00
2.187500000000000e-01 2.500000000000000e-01 0.000000000000000e+00
2.187500000000000e-01 2.812500000000000e-01 0.000000000000000e+00
1.875000000000000e-01 2.812500000000000e-01 0.000000000000000e+00
2.187500000000000e-01 2.500000000000000e-01 0.000000000000000e+00
2.500000000000000e-01 2.500000000000000e-01 0.000000000000000e+00
2.500000000000000e-01 2.812500000000000e-01 0.000000000000000e+00
2.187500000000000e-01 2.812500000000000e-01 0.000000000000000e+00
2.500000000000000e-01 2.500000000000000e-01 0.000000000000000e+00
2.812500000000000e-01 2.500000000000000e-01 0.000000000000000e+00
2.812500000000000e-01 2.812500000000000e-01 0.000000000000000e+00
2.500000000000000e-01 2.812500000000000e-01 0.000000000000000e+00
2.812500000000000e-01 2.500000000000000e-01 0.000000000000000e+00
3.125000000000000e-01 2.500000000000000e-01 0.000000000000000e+00
3.125000000000000e-01 2.812500000000000e-01 0.000000000000000e+00
2.812500000000000e-01 2.812500000000000e-01 0.000000000000000e+00
3.125000000000000e-01 2.500000000000000e-01 0.000000000000000e+00
3.437500000000000e-01 2.500000000000000e-01 0.000000000000000e+00
3.437500000000000e-01 2.812500000000000e-01 0.000000000000000e+00
3.125000000000000e-01 2.812500000000000e-01 0.000000000000000e+00
3.437500000000000e-01 2.500000000000000e-01 0.000000000000000e+00
3.750000000000000e-01 2.500000000000000e-01 0.000000000000000e+00
3.750000000000000e-01 2.812500000000000e-01 0.000000000000000e+00
3.437500000000000e-01 2.812500000000000e-01 0.000000000000000e+00
3.750000000000000e-01 2.500000000000000e-01 0.000000000000000e+00
4.062500000000000e-01 2.500000000000000e-01 0.000000000000000e+00
4.062500000000000e-01 2.812500000000000e-01 0.000000000000000e+00
3.750000000000000e-01 2.812500000000000e-01 0.000000000000000e+00
4.062500000000000e-01 2.500000000000000e-01 0.000000000000000e+00
4.375000000000000e-01 2.500000000000000e-01 0.000000000000000e+00
4.375000000000000e-01 2.812500000000000e-01 0.000000000000000e+00
4.062500000000000e-01 2.812500000000000e-01 0.000000000000000e+00
4.375000000000000e-01 2.500000000000000e-01 0.000000000000000e+00
4.687500000000000e-01 2.500000000000000e-01 0.000000000000000e+00
4.687500000000000e-01 2.812500000000000e-01 0.000000000000000e+00
4.375000000000000e-01 2.812500000000000e-01 0.000000000000000e+00
4.687500000000000e-01 2.500000000000000e-01 0.000000000000000e+00
5.000000000000000e-01 2.500000000000000e-01 0.000000000000000e+00
5.000000000000000e-01 2.812500000000000e-01 0.000000000000000e+00
4.687500000000000e-01 2.812500000000000e-01 0.000000000000000e+00
5.000000000000000e-01 2.500000000000000e-01 0.000000000000000e+00
5.312500000000000e-01 2.500000000000000e-01 0.000000000000000e+00
5.312500000000000e-01 2.812500000000000e-01 0.000000000000000e+00
5.000000000000000e-01 2.812500000000000e-01 0.000000000000000e+00
5.312500000000000e-01 2.500000000000000e-01 0.000000000000000e+00
5.625000000000000e-01 2.500000000000000e-01 0.000000000000000e+00
5.625000000000000e-01 2.812500000000000e-01 0.000000000000000e+00
5.312500000000000e-01 2.812500000000000e-01 0.000000000000000e+00
5.625000000000000e-01 2.500000000000000e-01 0.000000000000000e+00
5.937500000000000e-01 2.500000000000000e-01 0.000000000000000e+00
5.937500000000000e-01 2.812500000000000e-01 0.000000000000000e+00
5.625000000000000e-01 2.812500000000000e-01 0.000000000000000e+00
5.937500000000000e-01 2.500000000000000e-01 0.000000000000000e+00
6.250000000000000e-01 2.500000000000000e-01 0.000000000000000e+00
6.250000000000000e-01 2.812500000000000e-01 0.000000000000000e+00
5.937500000000000e-01 2.812500000000000e-01 0.000000000000000e+00
6.250000000000000e-01 2.500000000000000e-01 0.000000000000000e+00
6.562500000000000e-01 2.500000000000000e-01 0.000000000000000e+00
6.562500000000000e-01 2.812500000000000e-01 0.000000000000000e+00
6.250000000000000e-01 2.812500000000000e-01 0.000000000000000e+00
6.562500000000000e-01 2.500000000000000e-01 0.000000000000000e+00
6.875000000000000e-01 2.500000000000000e-01 0.000000000000000e+00
6.875000000000000e-01 2.812500000000000e-01 0.000000000000000e+00
6.562500000000000e-01 2.812500000000000e-01 0.000000000000000e+00
6.875000000000000e-01 2.500000000000000e-01 0.000000000000000e+00
7.187500000000000e-01 2.500000000000000e-01 0.000000000000000e+00
7.187500000000000e-01 2.812500000000000e-01 0.000000000000000e+00
6.875000000000000e-01 2.812500000000000e-01 0.000000000000000e+00
7.187500000000000e-01 2.500000000000000e-01 0.000000000000000e+00
7.500000000000000e-01 2.500000000000000e-01 0.000000000000000e+00
7.500000000000000e-01 2.812500000000000e-01 0.000000000000000e+00
7.187500000000000e-01 2.812500000000000e-01 0.000000000000000e+00
7.500000000000000e-01 2.500000000000000e-01 0.000000000000000e+00
7.812500000000000e-01 2.500000000000000e-01 0.000000000000000e+00
7.812500000000000e-01 2.812500000000000e-01 0.000000000000000e+00
7.500000000000000e-01 2.812500000000000e-01 0.000000000000000e+00
7.812500000000000e-01 2.500000000000000e-01 0.000000000000000e+00
8.125000000000000e-01 2.500000000000000e-01 0.000000000000000e+00
8.125000000000000e-01 2.812500000000000e-01 0.000000000000000e+00
7.812500000000000e-01 2.812500000000000e-01 0.000000000000000e+00
8.125000000000000e-01 2.500000000000000e-01 0.000000000000000e+00
8.437500000000000e-01 2.500000000000000e-01 0.000000000000000e+00
8.437500000000000e-01 2.812500000000000e-01 0.000000000000000e+00
8.125000000000000e-01 2.812500000000000e-01 0.000000000000000e+00
8.437500000000000e-01 2.500000000000000e-01 0.000000000000000e+00
8.750000000000000e-01 2.500000000000000e-01 0.000000000000000e+00
8.750000000000000e-01 2.812500000000000e-01 0.000000000000000e+00
8.437500000000000e-01 2.812500000000000e-01 0.000000000000000e+00
8.750000000000000e-01 2.500000000000000e-01 0.000000000000000e+00
9.062500000000000e-01 2.500000000000000e-01 0.000000000000000e+00
9.062500000000000e-01 2.812500000000000e-01 0.000000000000000e+00
8.750000000000000e-01 2.812500000000000e-01 0.000000000000000e+00
9.062500000000000e-01 2.500000000000000e-01 0.000000000000000e+00
9.375000000000000e-01 2.500000000000000e-01 0.000000000000000e+00
9.375000000000000e-01 2.812500000000000e-01 0.000000000000000e+00
9.062500000000000e-01 2.812500000000000e-01 0.000000000000000e+00
9.375000000000000e-01 2.500000000000000e-01 0.000000000000000e+00
9.687500000000000e-01 2.500000000000000e-01 0.000000000000000e+00
9.687500000000000e-01 2.812500000000000e-01 0.000000000000000e+00
9.375000000000000e-01 2.812500000000000e-01 0.000000000000000e+00
9.687500000000000e-01 2.500000000000000e-01 0.000000000000000e+00
1.000000000000000e+00 2.500000000000000e-01 0.000000000000000e+00
1.000000000000000e+00 2.812500000000000e-01 0.000000000000000e+00
9.687500000000000e-01 2.812500000000000e-01 0.000000000000000e+00
0.000000000000000e+00 2.812500000000000e-01 0.000000000000000e+00
3.125000000000000e-02 2.812500000000000e-01 0.000000000000000e+00
3.125000000000000e-02 3.125000000000000e-01 0.000000000000000e+00
0.000000000000000e+00 3.125000000000000e-01 0.000000000000000e+00
3.125000000000000e-02 2.812500000000000e-01 0.000000000000000e+00
6.250000000000000e-02 2.812500000000000e-01 0.000000000000000e+00
6.250000000000000e-02 3.125000000000000e-01 0.000000000000000e+00
3.125000000000000e-02 3.125000000000000e-01 0.000000000000000e+00
6.250000000000000e-02 2.812500000000000e-01 0.000000000000000e+00
9.375000000000000e-02 2.812500000000000e-01 0.000000000000000e+00
9.375000000000000e-02 3.125000000000000e-01 0.000000000000000e+00
6.250000000000000e-02 3.125000000000000e-01 0.000000000000000e+00
9.375000000000000e-02 2.812500000000000e-01 0.000000000000000e+00
1.250000000000000e-01 2.812500000000000e-01 0.000000000000000e+00
1.250000000000000e-01 3.125000000000000e-01 0.000000000000000e+00
9.375000000000000e-02 3.125000000000000e-01 0.000000000000000e+00
1.250000000000000e-01 2.812500000000000e-01 0.000000000000000e+00
1.562500000000000e-01 2.812500000000000e-01 0.000000000000000e+00
1.562500000000000e-01 3.125000000000000e-01 0.000000000000000e+00
1.250000000000000e-01 3.125000000000000e-01 0.000000000000000e+00
1.562500000000000e-01 2.812500000000000e-01 0.000000000000000e+00
1.875000000000000e-01 2.812500000000000e-01 0.000000000000000e+00
1.875000000000000e-01 3.125000000000000e-01 0.000000000000000e+00
1.562500000000000e-01 3.125000000000000e-01 0.000000000000000e+00
1.875000000000000e-01 2.812500000000000e-01 0.000000000000000e+00
2.187500000000000e-01 2.812500000000000e-01 0.000000000000000e+00
2.187500000000000e-01 3.125000000000000e-01 0.000000000000000e+00
1.875000000000000e-01 3.125000000000000e-01 0.000000000000000e+00
2.187500000000000e-01 2.812500000000000e-01 0.000000000000000e+00
2.500000000000000e-01 2.812500000000000e-01 0.000000000000000e+00
2.500000000000000e-01 3.125000000000000e-01 0.000000000000000e+00
2.187500000000000e-01 3.125000000000000e-01 0.000000000000000e+00
2.500000000000000e-01 2.812500000000000e-01 0.000000000000000e+00
2.812500000000000e-01 2.812500000000000e-01 0.000000000000000e+00
2.812500000000000e-01 3.125000000000000e-01 0.000000000000000e+00
2.500000000000000e-01 3.125000000000000e-01 0.000000000000000e+00
2.812500000000000e-01 2.812500000000000e-01 0.000000000000000e+00
3.125000000000000e-01 2.812500000000000e-01 0.000000000000000e+00
3.125000000000000e-01 3.125000000000000e-01 0.000000000000000e+00
2.812500000000000e-01 3.125000000000000e-01 0.000000000000000e+00
3.125000000000000e-01 2.812500000000000e-01 0.000000000000000e+00
3.437500000000000e-01 2.812500000000000e-01 0.000000000000000e+00
3.437500000000000e-01 3.125000000000000e-01 0.000000000000000e+00
3.125000000000000e-01 3.125000000000000e-01 0.000000000000000e+00
3.437500000000000e-01 2.812500000000000e-01 0.000000000000000e+00
3.750000000000000e-01 2.812500000000000e-01 0.000000000000000e+00
3.750000000000000e-01 3.125000000000000e-01 0.000000000000000e+00
3.437500000000000e-01 3.125000000000000e-01 0.000000000000000e+00
3.750000000000000e-01 2.812500000000000e-01 0.000000000000000e+00
4.062500000000000e-01 2.812500000000000e-01 0.000000000000000e+00
4.062500000000000e-01 3.125000000000000e-01 0.000000000000000e+00
3.750000000000000e-01 3.125000000000000e-01 0.000000000000000e+00
4.062500000000000e-01 2.812500000000000e-01 0.000000000000000e+00
4.375000000000000e-01 2.812500000000000e-01 0.000000000000000e+00
4.375000000000000e-01 3.125000000000000e-01 0.000000000000000e+00
4.062500000000000e-01 3.125000000000000e-01 0.000000000000000e+00
4.375000000000000e-01 2.812500000000000e-01 0.000000000000000e+00
4.687500000000000e-01 2.812500000000000e-01 0.000000000000000e+00
4.687500000000000e-01 3.125000000000000e-01 0.000000000000000e+00
4.375000000000000e-01 3.125000000000000e-01 0.000000000000000e+00
4.687500000000000e-01 2.812500000000000e-01 0.000000000000000e+00
5.000000000000000e-01 2.812500000000000e-01 0.000000000000000e+00
5.000000000000000e-01 3.125000000000000e-01 0.000000000000000e+00
4.687500000000000e-01 3.125000000000000e-01 0.000000000000000e+00
5.000000000000000e-01 2.812500000000000e-01 0.000000000000000e+00
5.312500000000000e-01 2.812500000000000e-01 0.000000000000000e+00
5.312500000000000e-01 3.125000000000000e-01 0.000000000000000e+00
5.000000000000000e-01 3.125000000000000e-01 0.000000000000000e+00
5.312500000000000e-01 2.812500000000000e-01 0.000000000000000e+00
5.625000000000000e-01 2.812500000000000e-01 0.000000000000000e+00
5.625000000000000e-01 3.125000000000000e-01 0.000000000000000e+00
5.312500000000000e-01 3.125000000000000e-01 0.000000000000000e+00
5.625000000000000e-01 2.812500000000000e-01 0.000000000000000e+00
5.937500000000000e-01 2.812500000000000e-01 0.000000000000000e+00
5.937500000000000e-01 3.125000000000000e-01 0.000000000000000e+00
5.625000000000000e-01 3.125000000000000e-01 0.000000000000000e+00
5.937500000000000e-01 2.812500000000000e-01 0.000000000000000e+00
6.250000000000000e-01 2.812500000000000e-01 0.000000000000000e+00
6.250000000000000e-01 3.125000000000000e-01 0.000000000000000e+00
5.937500000000000e-01 3.125000000000000e-01 0.000000000000000e+00
6.250000000000000e-01 2.812500000000000e-01 0.000000000000000e+00
6.562500000000000e-01 2.812500000000000e-01 0.000000000000000e+00
6.562500000000000e-01 3.125000000000000e-01 0.000000000000000e+00
6.250000000000000e-01 3.125000000000000e-01 0.000000000000000e+00
6.562500000000000e-01 2.812500000000000e-01 0.000000000000000e+00
6.875000000000000e-01 2.812500000000000e-01 0.000000000000000e+00
6.875000000000000e-01 3.125000000000000e-01 0.000000000000000e+00
6.562500000000000e-01 3.125000000000000e-01 0.000000000000000e+00
6.875000000000000e-01 2.812500000000000e-01 0.000000000000000e+00
7.187500000000000e-01 2.812500000000000e-01 0.000000000000000e+00
7.187500000000000e-01 3.125000000000000e-01 0.000000000000000e+00
6.875000000000000e-01 3.125000000000000e-01 0.000000000000000e+00
7.187500000000000e-01 2.812500000000000e-01 0.000000000000000e+00
7.500000000000000e-01 2.812500000000000e-01 0.000000000000000e+00
7.500000000000000e-01 3.125000000000000e-01 0.000000000000000e+00
7.187500000000000e-01 3.125000000000000e-01 0.000000000000000e+00
7.500000000000000e-01 2.812500000000000e-01 0.000000000000000e+00
7.812500000000000e-01 2.812500000000000e-01 0.000000000000000e+00
7.812500000000000e-01 3.125000000000000e-01 0.000000000000000e+00
7.500000000000000e-01 3.125000000000000e-01 0.000000000000000e+00
7.812500000000000e-01 2.812500000000000e-01 0.000000000000000e+00
8.125000000000000e-01 2.812500000000000e-01 0.000000000000000e+00
8.125000000000000e-01 3.125000000000000e-01 0.000000000000000e+00
7.812500000000000e-01 3.125000000000000e-01 0.000000000000000e+00
8.125000000000000e-01 2.812500000000000e-01 0.000000000000000e+00
8.437500000000000e-01 2.812500000000000e-01 0.000000000000000e+00
8.437500000000000e-01 3.125000000000000e-01 0.000000000000000e+00
8.125000000000000e-01 3.125000000000000e-01 0.000000000000000e+00
8.437500000000000e-01 2.812500000000000e-01 0.000000000000000e+00
8.750000000000000e-01 2.812500000000000e-01 0.000000000000000e+00
8.750000000000000e-01 3.125000000000000e-01 0.000000000000000e+00
8.437500000000000e-01 3.125000000000000e-01 0.000000000000000e+00
8.750000000000000e-01 2.812500000000000e-01 0.000000000000000e+00
9.062500000000000e-01 2.812500000000000e-01 0.000000000000000e+00
9.062500000000000e-01 3.125000000000000e-01 0.000000000000000e+00
8.750000000000000e-01 3.125000000000000e-01 0.000000000000000e+00
9.062500000000000e-01 2.812500000000000e-01 0.000000000000000e+00
9.375000000000000e-01 2.812500000000000e-01 0.000000000000000e+00
9.375000000000000e-01 3.125000000000000e-01 0.000000000000000e+00
9.062500000000000e-01 3.125000000000000e-01 0.000000000000000e+00
9.375000000000000e-01 2.812500000000000e-01 0.000000000000000e+00
9.687500000000000e-01 2.812500000000000e-01 0.000000000000000e+00
9.687500000000000e-01 3.125000000000000e-01 0.000000000000000e+00
9.375000000000000e-01 3.125000000000000e-01 0.000000000000000e+00
9.687500000000000e-01 2.812500000000000e-01 0.000000000000000e+00
1.000000000000000e+00 2.812500000000000e-01 0.000000000000000e+00
1.000000000000000e+00 3.125000000000000e-01 0.000000000000000e+00
9.687500000000000e-01 3.125000000000000e-01 0.000000000000000e+00
0.000000000000000e+00 3.125000000000000e-01 0.000000000000000e+00
3.125000000000000e-02 3.125000000000000e-01 0.000000000000000e+00
3.125000000000000e-02 3.437500000000000e-01 0.000000000000000e+00
0.000000000000000e+00 3.437500000000000e-01 0.000000000000000e+00
3.125000000000000e-02 3.125000000000000e-01 0.000000000000000e+00
6.250000000000000e-02 3.125000000000000e-01 0.000000000000000e+00
6.250000000000000e-02 3.437500000000000e-01 0.000000000000000e+00
3.125000000000000e-02 3.437500000000000e-01 0.000000000000000e+00
6.250000000000000e-02 3.125000000000000e-01 0.000000000000000e+00
9.375000000000000e-02 3.125000000000000e-01 0.000000000000000e+00
9.375000000000000e-02 3.437500000000000e-01 0.000000000000000e+00
6.250000000000000e-02 3.437500000000000e-01 0.000000000000000e+00
9.375000000000000e-02 3.125000000000000e-01 0.000000000000000e+00
1.250000000000000e-01 3.125000000000000e-01 0.000000000000000e+00
1.250000000000000e-01 3.437500000000000e-01 0.000000000000000e+00
9.375000000000000e-02 3.437500000000000e-01 0.000000000000000e+00
1.250000000000000e-01 3.125000000000000e-01 0.000000000000000e+00
1.562500000000000e-01 3.125000000000000e-01 0.000000000000000e+00
1.562500000000000e-01 3.437500000000000e-01 0.000000000000000e+00
1.250000000000000e-01 3.437500000000000e-01 0.000000000000000e+00
1.562500000000000e-01 3.125000000000000e-01 0.000000000000000e+00
1.875000000000000e-01 3.125000000000000e-01 0.000000000000000e+00
1.875000000000000e-01 3.437500000000000e-01 0.000000000000000e+00
1.562500000000000e-01 3.437500000000000e-01 0.000000000000000e+00
1.875000000000000e-01 3.125000000000000e-01 0.000000000000000e+00
2.187500000000000e-01 3.125000000000000e-01 0.000000000000000e+00
2.187500000000000e-01 3.437500000000000e-01 0.000000000000000e+00
1.875000000000000e-01 3.437500000000000e-01 0.000000000000000e+00
2.187500000000000e-01 3.125000000000000e-01 0.000000000000000e+00
2.500000000000000e-01 3.125000000000000e-01 0.000000000000000e+00
2.500000000000000e-01 3.437500000000000e-01 0.000000000000000e+00
2.187500000000000e-01 3.437500000000000e-01 0.000000000000000e+00
2.500000000000000e-01 3.125000000000000e-01 0.000000000000000e+00
2.812500000000000e-01 3.125000000000000e-01 0.000000000000000e+00
2.812500000000000e-01 3.437500000000000e-01 0.000000000000000e+00
2.500000000000000e-01 3.437500000000000e-01 0.000000000000000e+00
2.812500000000000e-01 3.125000000000000e-01 0.000000000000000e+00
3.125000000000000e-01 3.125000000000000e-01 0.000000000000000e+00
3.125000000000000e-01 3.437500000000000e-01 0.000000000000000e+00
2.812500000000000e-01 3.437500000000000e-01 0.000000000000000e+00
3.125000000000000e-01 3.125000000000000e-01 0.000000000000000e+00
3.437500000000000e-01 3.125000000000000e-01 0.000000000000000e+00
3.437500000000000e-01 3.437500000000000e-01 0.000000000000000e+00
3.125000000000000e-01 3.437500000000000e-01 0.000000000000000e+00
3.437500000000000e-01 3.125000000000000e-01 0.000000000000000e+00
3.750000000000000e-01 3.125000000000000e-01 0.000000000000000e+00
3.750000000000000e-01 3.437500000000000e-01 0.000000000000000e+00
3.437500000000000e-01 3.437500000000000e-01 0.000000000000000e+00
3.750000000000000e-01 3.125000000000000e-01 0.000000000000000e+00
4.062500000000000e-01 3.125000000000000e-01 0.000000000000000e+00
4.062500000000000e-01 3.437500000000000e-01 0.000000000000000e+00
3.750000000000000e-01 3.437500000000000e-01 0.000000000000000e+00
4.062500000000000e-01 3.125000000000000e-01 0.000000000000000e+00
4.375000000000000e-01 3.125000000000000e-01 0.000000000000000e+00
4.375000000000000e-01 3.437500000000000e-01 0.000000000000000e+00
4.062500000000000e-01 3.437500000000000e-01 0.000000000000000e+00
4.375000000000000e-01 3.125000000000000e-01 0.000000000000000e+00
4.687500000000000e-01 3.125000000000000e-01 0.000000000000000e+00
4.687500000000000e-01 3.437500000000000e-01 0.000000000000000e+00
4.375000000000000e-01 3.437500000000000e-01 0.000000000000000e+00
4.687500000000000e-01 3.125000000000000e-01 0.000000000000000e+00
5.000000000000000e-01 3.125000000000000e-01 0.000000000000000e+00
5.000000000000000e-01 3.437500000000000e-01 0.000000000000000e+00
4.687500000000000e-01 3.437500000000000e-01 0.000000000000000e+00
5.000000000000000e-01 3.125000000000000e-01 0.000000000000000e+00
5.312500000000000e-01 3.125000000000000e-01 0.000000000000000e+00
5.312500000000000e-01 3.437500000000000e-01 0.000000000000000e+00
5.000000000000000e-01 3.437500000000000e-01 0.000000000000000e+00
5.312500000000000e-01 3.125000000000000e-01 0.000000000000000e+00
5.625000000000000e-01 3.125000000000000e-01 0.000000000000000e+00
5.625000000000000e-01 3.437500000000000e-01 0.000000000000000e+00
5.312500000000000e-01 3.437500000000000e-01 0.000000000000000e+00
5.625000000000000e-01 3.125000000000000e-01 0.000000000000000e+00
5.937500000000000e-01 3.125000000000000e-01 0.000000000000000e+00
5.937500000000000e-01 3.437500000000000e-01 0.000000000000000e+00
5.625000000000000e-01 3.437500000000000e-01 0.000000000000000e+00
5.937500000000000e-01 3.125000000000000e-01 0.000000000000000e+00
6.250000000000000e-01 3.125000000000000e-01 0.000000000000000e+00
6.250000000000000e-01 3.437500000000000e-01 0.000000000000000e+00
5.937500000000000e-01 3.437500000000000e-01 0.000000000000000e+00
6.250000000000000e-01 3.125000000000000e-01 0.000000000000000e+00
6.562500000000000e-01 3.125000000000000e-01 0.000000000000000e+00
6.562500000000000e-01 3.437500000000000e-01 0.000000000000000e+00
6.250000000000000e-01 3.437500000000000e-01 0.000000000000000e+00
6.562500000000000e-01 3.125000000000000e-01 0.000000000000000e+00
6.875000000000000e-01 3.125000000000000e-01 0.000000000000000e+00
6.875000000000000e-01 3.437500000000000e-01 0.000000000000000e+00
6.562500000000000e-01 3.437500000000000e-01 0.000000000000000e+00
6.875000000000000e-01 3.125000000000000e-01 0.000000000000000e+00
7.187500000000000e-01 3.125000000000000e-01 0.000000000000000e+00
7.187500000000000e-01 3.437500000000000e-01 0.000000000000000e+00
6.875000000000000e-01 3.437500000000000e-01 0.000000000000000e+00
7.187500000000000e-01 3.125000000000000e-01 0.000000000000000e+00
7.500000000000000e-01 3.125000000000000e-01 0.000000000000000e+00
7.500000000000000e-01 3.437500000000000e-01 0.000000000000000e+00
7.187500000000000e-01 3.437500000000000e-01 0.000000000000000e+00
7.500000000000000e-01 3.125000000000000e-01 0.000000000000000e+00
7.812500000000000e-01 3.125000000000000e-01 0.000000000000000e+00
7.812500000000000e-01 3.437500000000000e-01 0.000000000000000e+00
7.500000000000000e-01 3.437500000000000e-01 0.000000000000000e+00
7.812500000000000e-01 3.125000000000000e-01 0.000000000000000e+00
8.125000000000000e-01 3.125000000000000e-01 0.000000000000000e+00
8.125000000000000e-01 3.437500000000000e-01 0.000000000000000e+00
7.812500000000000e-01 3.437500000000000e-01 0.000000000000000e+00
8.125000000000000e-01 3.125000000000000e-01 0.000000000000000e+00
8.437500000000000e-01 3.125000000000000e-01 0.000000000000000e+00
8.437500000000000e-01 3.437500000000000e-01 0.000000000000000e+00
8.125000000000000e-01 3.437500000000000e-01 0.000000000000000e+00
8.437500000000000e-01 3.125000000000000e-01 0.000000000000000e+00
8.750000000000000e-01 3.125000000000000e-01 0.000000000000000e+00
8.750000000000000e-01 3.437500000000000e-01 0.000000000000000e+00
8.437500000000000e-01 3.437500000000000e-01 0.000000000000000e+00
8.750000000000000e-01 3.125000000000000e-01 0.000000000000000e+00
9.062500000000000e-01 3.125000000000000e-01 0.000000000000000e+00
9.062500000000000e-01 3.437500000000000e-01 0.000000000000000e+00
8.750000000000000e-01 3.437500000000000e-01 0.000000000000000e+00
9.062500000000000e-01 3.125000000000000e-01 0.000000000000000e+00
9.375000000000000e-01 3.125000000000000e-01 0.000000000000000e+00
9.375000000000000e-01 3.437500000000000e-01 0.000000000000000e+00
9.062500000000000e-01 3.437500000000000e-01 0.000000000000000e+00
9.375000000000000e-01 3.125000000000000e-01 0.000000000000000e+00
9.687500000000000e-01 3.125000000000000e-01 0.000000000000000e+00
9.687500000000000e-01 3.437500000000000e-01 0.000000000000000e+00
9.375000000000000e-01 3.437500000000000e-01 0.000000000000000e+00
9.687500000000000e-01 3.125000000000000e-01 0.000000000000000e+00
1.000000000000000e+00 3.125000000000000e-01 0.000000000000000e+00
1.000000000000000e+00 3.437500000000000e-01 0.000000000000000e+00
9.687500000000000e-01 3.437500000000000e-01 0.000000000000000e+00
0.000000000000000e+00 3.437500000000000e-01 0.000000000000000e+00
3.125000000000000e-02 3.437500000000000e-01 0.000000000000000e+00
3.125000000000000e-02 3.750000000000000e-01 0.000000000000000e+00
0.000000000000000e+00 3.750000000000000e-01 0.000000000000000e+00
3.125000000000000e-02 3.437500000000000e-01 0.000000000000000e+00
6.250000000000000e-02 3.437500000000000e-01 0.000000000000000e+00
6.250000000000000e-02 3.750000000000000e-01 0.000000000000000e+00
3.125000000000000e-02 3.750000000000000e-01 0.000000000000000e+00
6.250000000000000e-02 3.437500000000000e-01 0.000000000000000e+00
9.375000000000000e-02 3.437500000000000e-01 0.000000000000000e+00
9.375000000000000e-02 3.750000000000000e-01 0.000000000000000e+00
6.250000000000000e-02 3.750000000000000e-01 0.000000000000000e+00
9.375000000000000e-02 3.437500000000000e-01 0.000000000000000e+00
1.250000000000000e-01 3.437500000000000e-01 0.000000000000000e+00
1.250000000000000e-01 3.750000000000000e-01 0.000000000000000e+00
9.375000000000000e-02 3.750000000000000e-01 0.000000000000000e+00
1.250000000000000e-01 3.437500000000000e-01 0.000000000000000e+00
1.562500000000000e-01 3.437500000000000e-01 0.000000000000000e+00
1.562500000000000e-01 3.750000000000000e-01 0.000000000000000e+00
1.250000000000000e-01 3.750000000000000e-01 0.000000000000000e+00
1.562500000000000e-01 3.437500000000000e-01 0.000000000000000e+00
1.875000000000000e-01 3.437500000000000e-01 0.000000000000000e+00
1.875000000000000e-01 3.750000000000000e-01 0.000000000000000e+00
1.562500000000000e-01 3.750000000000000e-01 0.000000000000000e+00
1.875000000000000e-01 3.437500000000000e-01 0.000000000000000e+00
2.187500000000000e-01 3.437500000000000e-01 0.000000000000000e+00
2.187500000000000e-01 3.750000000000000e-01 0.000000000000000e+00
1.875000000000000e-01 3.750000000000000e-01 0.000000000000000e+00
2.187500000000000e-01 3.437500000000000e-01 0.000000000000000e+00
2.500000000000000e-01 3.437500000000000e-01 0.000000000000000e+00
2.500000000000000e-01 3.750000000000000e-01 0.000000000000000e+00
2.187500000000000e-01 3.750000000000000e-01 0.000000000000000e+00
2.500000000000000e-01 3.437500000000000e-01 0.000000000000000e+00
2.812500000000000e-01 3.437500000000000e-01 0.000000000000000e+00
2.812500000000000e-01 3.750000000000000e-01 0.000000000000000e+00
2.500000000000000e-01 3.750000000000000e-01 0.000000000000000e+00
2.812500000000000e-01 3.437500000000000e-01 0.000000000000000e+00
3.125000000000000e-01 3.437500000000000e-01 0.000000000000000e+00
3.125000000000000e-01 3.750000000000000e-01 0.000000000000000e+00
2.812500000000000e-01 3.750000000000000e-01 0.000000000000000e+00
3.125000000000000e-01 3.437500000000000e-01 0.000000000000000e+00
3.437500000000000e-01 3.437500000000000e-01 0.000000000000000e+00
3.437500000000000e-01 3.750000000000000e-01 0.000000000000000e+00
3.125000000000000e-01 3.750000000000000e-01 0.000000000000000e+00
3.437500000000000e-01 3.437500000000000e-01 0.000000000000000e+00
3.750000000000000e-01 3.437500000000000e-01 0.000000000000000e+00
3.750000000000000e-01 3.750000000000000e-01 0.000000000000000e+00
3.437500000000000e-01 3.750000000000000e-01 0.000000000000000e+00
3.750000000000000e-01 3.437500000000000e-01 0.000000000000000e+00
4.062500000000000e-01 3.437500000000000e-01 0.000000000000000e+00
4.062500000000000e-01 3.750000000000000e-01 0.000000000000000e+00
3.750000000000000e-01 3.750000000000000e-01 0.000000000000000e+00
4.062500000000000e-01 3.437500000000000e-01 0.000000000000000e+00
4.375000000000000e-01 3.437500000000000e-01 0.000000000000000e+00
4.375000000000000e-01 3.750000000000000e-01 0.000000000000000e+00
4.062500000000000e-01 3.750000000000000e-01 0.000000000000000e+00
4.375000000000000e-01 3.437500000000000e-01 0.000000000000000e+00
4.687500000000000e-01 3.437500000000000e-01 0.000000000000000e+00
4.687500000000000e-01 3.750000000000000e-01 0.000000000000000e+00
4.375000000000000e-01 3.750000000000000e-01 0.000000000000000e+00
4.687500000000000e-01 3.437500000000000e-01 0.000000000000000e+00
5.000000000000000e-01 3.437500000000000e-01 0.000000000000000e+00
5.000000000000000e-01 3.750000000000000e-01 0.000000000000000e+00
4.687500000000000e-01 3.750000000000000e-01 0.000000000000000e+00
5.000000000000000e-01 3.437500000000000e-01 0.000000000000000e+00
5.312500000000000e-01 3.437500000000000e-01 0.000000000000000e+00
5.312500000000000e-01 3.750000000000000e-01 0.000000000000000e+00
5.000000000000000e-01 3.750000000000000e-01 0.000000000000000e+00
5.312500000000000e-01 3.437500000000000e-01 0.000000000000000e+00
5.625000000000000e-01 3.437500000000000e-01 0.000000000000000e+00
5.625000000000000e-01 3.750000000000000e-01 0.000000000000000e+00
5.312500000000000e-01 3.750000000000000e-01 0.000000000000000e+00
5.625000000000000e-01 3.437500000000000e-01 0.000000000000000e+00
5.937500000000000e-01 3.437500000000000e-01 0.000000000000000e+00
5.937500000000000e-01 3.750000000000000e-01 0.000000000000000e+00
5.625000000000000e-01 3.750000000000000e-01 0.000000000000000e+00
5.937500000000000e-01 3.437500000000000e-01 0.000000000000000e+00
6.250000000000000e-01 3.437500000000000e-01 0.000000000000000e+00
6.250000000000000e-01 3.750000000000000e-01 0.000000000000000e+00
5.937500000000000e-01 3.750000000000000e-01 0.000000000000000e+00
6.250000000000000e-01 3.437500000000000e-01 0.000000000000000e+00
6.562500000000000e-01 3.437500000000000e-01 0.000000000000000e+00
6.562500000000000e-01 3.750000000000000e-01 0.000000000000000e+00
6.250000000000000e-01 3.750000000000000e-01 0.000000000000000e+00
6.562500000000000e-01 3.437500000000000e-01 0.000000000000000e+00
6.875000000000000e-01 3.437500000000000e-01 0.000000000000000e+00
6.875000000000000e-01 3.750000000000000e-01 0.000000000000000e+00
6.562500000000000e-01 3.750000000000000e-01 0.000000000000000e+00
6.875000000000000e-01 3.437500000000000e-01 0.000000000000000e+00
7.187500000000000e-01 3.437500000000000e-01 0.000000000000000e+00
7.187500000000000e-01 3.750000000000000e-01 0.000000000000000e+00
6.875000000000000e-01 3.750000000000000e-01 0.000000000000000e+00
7.187500000000000e-01 3.437500000000000e-01 0.000000000000000e+00
7.500000000000000e-01 3.437500000000000e-01 0.000000000000000e+00
7.500000000000000e-01 3.750000000000000e-01 0.000000000000000e+00
7.187500000000000e-01 3.750000000000000e-01 0.000000000000000e+00
7.500000000000000e-01 3.437500000000000e-01 0.000000000000000e+00
7.812500000000000e-01 3.437500000000000e-01 0.000000000000000e+00
7.812500000000000e-01 3.750000000000000e-01 0.000000000000000e+00
7.500000000000000e-01 3.750000000000000e-01 0.000000000000000e+00
7.812500000000000e-01 3.437500000000000e-01 0.000000000000000e+00
8.125000000000000e-01 3.437500000000000e-01 0.000000000000000e+00
8.125000000000000e-01 3.750000000000000e-01 0.000000000000000e+00
7.812500000000000e-01 3.750000000000000e-01 0.000000000000000e+00
8.125000000000000e-01 3.437500000000000e-01 0.000000000000000e+00
8.437500000000000e-01 3.437500000000000e-01 0.000000000000000e+00
8.437500000000000e-01 3.750000000000000e-01 0.000000000000000e+00
8.125000000000000e-01 3.750000000000000e-01 0.000000000000000e+00
8.437500000000000e-01 3.437500000000000e-01 0.000000000000000e+00
8.750000000000000e-01 3.437500000000000e-01 0.000000000000000e+00
8.750000000000000e-01 3.750000000000000e-01 0.000000000000000e+00
8.437500000000000e-01 3.750000000000000e-01 0.000000000000000e+00
8.750000000000000e-01 3.437500000000000e-01 0.000000000000000e+00
9.062500000000000e-01 3.437500000000000e-01 0.000000000000000e+00
9.062500000000000e-01 3.750000000000000e-01 0.000000000000000e+00
8.750000000000000e-01 3.750000000000000e-01 0.000000000000000e+00
9.062500000000000e-01 3.437500000000000e-01 0.000000000000000e+00
9.375000000000000e-01 3.437500000000000e-01 0.000000000000000e+00
9.375000000000000e-01 3.750000000000000e-01 0.000000000000000e+00
9.062500000000000e-01 3.750000000000000e-01 0.000000000000000e+00
9.375000000000000e-01 3.437500000000000e-01 0.000000000000000e+00
9.687500000000000e-01 3.437500000000000e-01 0.000000000000000e+00
9.687500000000000e-01 3.750000000000000e-01 0.000000000000000e+00
9.375000000000000e-01 3.750000000000000e-01 0.000000000000000e+00
9.687500000000000e-01 3.437500000000000e-01 0.000000000000000e+00
1.000000000000000e+00 3.437500000000000e-01 0.000000000000000e+00
1.000000000000000e+00 3.750000000000000e-01 0.000000000000000e+00
9.687500000000000e-01 3.750000000000000e-01 0.000000000000000e+00
0.000000000000000e+00 3.750000000000000e-01 0.000000000000000e+00
3.125000000000000e-02 3.750000000000000e-01 0.000000000000000e+00
3.125000000000000e-02 4.062500000000000e-01 0.000000000000000e+00
0.000000000000000e+00 4.062500000000000e-01 0.000000000000000e+00
3.125000000000000e-02 3.750000000000000e-01 0.000000000000000e+00
6.250000000000000e-02 3.750000000000000e-01 0.000000000000000e+00
6.250000000000000e-02 4.062500000000000e-01 0.000000000000000e+00
3.125000000000000e-02 4.062500000000000e-01 0.000000000000000e+00
6.250000000000000e-02 3.750000000000000e-01 0.000000000000000e+00
9.375000000000000e-02 3.750000000000000e-01 0.000000000000000e+00
9.375000000000000e-02 4.062500000000000e-01 0.000000000000000e+00
6.250000000000000e-02 4.062500000000000e-01 0.000000000000000e+00
9.375000000000000e-02 3.750000000000000e-01 0.000000000000000e+00
1.250000000000000e-01 3.750000000000000e-01 0.000000000000000e+00
1.250000000000000e-01 4.062500000000000e-01 0.000000000000000e+00
9.375000000000000e-02 4.062500000000000e-01 0.000000000000000e+00
1.250000000000000e-01 3.750000000000000e-01 0.000000000000000e+00
1.562500000000000e-01 3.750000000000000e-01 0.000000000000000e+00
1.562500000000000e-01 4.062500000000000e-01 0.000000000000000e+00
1.250000000000000e-01 4.062500000000000e-01 0.000000000000000e+00
1.562500000000000e-01 3.750000000000000e-01 0.000000000000000e+00
1.875000000000000e-01 3.750000000000000e-01 0.000000000000000e+00
1.875000000000000e-01 4.062500000000000e-01 0.000000000000000e+00
1.562500000000000e-01 4.062500000000000e-01 0.000000000000000e+00
1.875000000000000e-01 3.750000000000000e-01 0.000000000000000e+00
2.187500000000000e-01 3.750000000000000e-01 0.000000000000000e+00
2.187500000000000e-01 4.062500000000000e-01 0.000000000000000e+00
1.875000000000000e-01 4.062500000000000e-01 0.000000000000000e+00
2.187500000000000e-01 3.750000000000000e-01 0.000000000000000e+00
2.500000000000000e-01 3.750000000000000e-01 0.000000000000000e+00
2.500000000000000e-01 4.062500000000000e-01 0.000000000000000e+00
2.187500000000000e-01 4.062500000000000e-01 0.000000000000000e+00
2.500000000000000e-01 3.750000000000000e-01 0.000000000000000e+00
2.812500000000000e-01 3.750000000000000e-01 0.000000000000000e+00
2.812500000000000e-01 4.062500000000000e-01 0.000000000000000e+00
2.500000000000000e-01 4.062500000000000e-01 0.000000000000000e+00
2.812500000000000e-01 3.750000000000000e-01 0.000000000000000e+00
3.125000000000000e-01 3.750000000000000e-01 0.000000000000000e+00
3.125000000000000e-01 4.062500000000000e-01 0.000000000000000e+00
2.812500000000000e-01 4.062500000000000e-01 0.000000000000000e+00
3.125000000000000e-01 3.750000000000000e-01 0.000000000000000e+00
3.437500000000000e-01 3.750000000000000e-01 0.000000000000000e+00
3.437500000000000e-01 4.062500000000000e-01 0.000000000000000e+00
3.125000000000000e-01 4.062500000000000e-01 0.000000000000000e+00
3.437500000000000e-01 3.750000000000000e-01 0.000000000000000e+00
3.750000000000000e-01 3.750000000000000e-01 0.000000000000000e+00
3.750000000000000e-01 4.062500000000000e-01 0.000000000000000e+00
3.437500000000000e-01 4.062500000000000e-01 0.000000000000000e+00
3.750000000000000e-01 3.750000000000000e-01 0.000000000000000e+00
4.062500000000000e-01 3.750000000000000e-01 0.000000000000000e+00
4.062500000000000e-01 4.062500000000000e-01 0.000000000000000e+00
3.750000000000000e-01 4.062500000000000e-01 0.000000000000000e+00
4.062500000000000e-01 3.750000000000000e-01 0.000000000000000e+00
4.375000000000000e-01 3.750000000000000e-01 0.000000000000000e+00
4.375000000000000e-01 4.062500000000000e-01 0.000000000000000e+00
4.062500000000000e-01 4.062500000000000e-01 0.000000000000000e+00
4.375000000000000e-01 3.750000000000000e-01 0.000000000000000e+00
4.687500000000000e-01 3.750000000000000e-01 0.000000000000000e+00
4.687500000000000e-01 4.062500000000000e-01 0.000000000000000e+00
4.375000000000000e-01 4.062500000000000e-01 0.000000000000000e+00
4.687500000000000e-01 3.750000000000000e-01 0.000000000000000e+00
5.000000000000000e-01 3.750000000000000e-01 0.000000000000000e+00
5.000000000000000e-01 4.062500000000000e-01 0.000000000000000e+00
4.687500000000000e-01 4.062500000000000e-01 0.000000000000000e+00
5.000000000000000e-01 3.750000000000000e-01 0.000000000000000e+00
5.312500000000000e-01 3.750000000000000e-01 0.000000000000000e+00
5.312500000000000e-01 4.062500000000000e-01 0.000000000000000e+00
5.000000000000000e-01 4.062500000000000e-01 0.000000000000000e+00
5.312500000000000e-01 3.750000000000000e-01 0.000000000000000e+00
5.625000000000000e-01 3.750000000000000e-01 0.000000000000000e+00
5.625000000000000e-01 4.062500000000000e-01 0.000000000000000e+00
5.312500000000000e-01 4.062500000000000e-01 0.000000000000000e+00
5.625000000000000e-01 3.750000000000000e-01 0.000000000000000e+00
5.937500000000000e-01 3.750000000000000e-01 0.000000000000000e+00
5.937500000000000e-01 4.062500000000000e-01 0.000000000000000e+00
5.625000000000000e-01 4.062500000000000e-01 0.000000000000000e+00
5.937500000000000e-01 3.750000000000000e-01 0.000000000000000e+00
6.250000000000000e-01 3.750000000000000e-01 0.000000000000000e+00
6.250000000000000e-01 4.062500000000000e-01 0.000000000000000e+00
5.937500000000000e-01 4.062500000000000e-01 0.000000000000000e+00
6.250000000000000e-01 3.750000000000000e-01 0.000000000000000e+00
6.562500000000000e-01 3.750000000000000e-01 0.000000000000000e+00
6.562500000000000e-01 4.062500000000000e-01 0.000000000000000e+00
6.250000000000000e-01 4.062500000000000e-01 0.000000000000000e+00
6.562500000000000e-01 3.750000000000000e-01 0.000000000000000e+00
6.875000000000000e-01 3.750000000000000e-01 0.000000000000000e+00
6.875000000000000e-01 4.062500000000000e-01 0.000000000000000e+00
6.562500000000000e-01 4.062500000000000e-01 0.000000000000000e+00
6.875000000000000e-01 3.750000000000000e-01 0.000000000000000e+00
7.187500000000000e-01 3.750000000000000e-01 0.000000000000000e+00
7.187500000000000e-01 4.062500000000000e-01 0.000000000000000e+00
6.875000000000000e-01 4.062500000000000e-01 0.000000000000000e+00
7.187500000000000e-01 3.750000000000000e-01 0.000000000000000e+00
7.500000000000000e-01 3.750000000000000e-01 0.000000000000000e+00
7.500000000000000e-01 4.062500000000000e-01 0.000000000000000e+00
7.187500000000000e-01 4.062500000000000e-01 0.000000000000000e+00
7.500000000000000e-01 3.750000000000000e-01 0.000000000000000e+00
7.812500000000000e-01 3.750000000000000e-01 0.000000000000000e+00
7.812500000000000e-01 4.062500000000000e-01 0.000000000000000e+00
7.500000000000000e-01 4.062500000000000e-01 0.000000000000000e+00
7.812500000000000e-01 3.750000000000000e-01 0.000000000000000e+00
8.125000000000000e-01 3.750000000000000e-01 0.000000000000000e+00
8.125000000000000e-01 4.062500000000000e-01 0.000000000000000e+00
7.812500000000000e-01 4.062500000000000e-01 0.000000000000000e+00
8.125000000000000e-01 3.750000000000000e-01 0.000000000000000e+00
8.437500000000000e-01 3.750000000000000e-01 0.000000000000000e+00
8.437500000000000e-01 4.062500000000000e-01 0.000000000000000e+00
8.125000000000000e-01 4.062500000000000e-01 0.000000000000000e+00
8.437500000000000e-01 3.750000000000000e-01 0.000000000000000e+00
8.750000000000000e-01 3.750000000000000e-01 0.000000000000000e+00
8.750000000000000e-01 4.062500000000000e-01 0.000000000000000e+00
8.437500000000000e-01 4.062500000000000e-01 0.000000000000000e+00
8.750000000000000e-01 3.750000000000000e-01 0.000000000000000e+00
9.062500000000000e-01 3.750000000000000e-01 0.000000000000000e+00
9.062500000000000e-01 4.062500000000000e-01 0.000000000000000e+00
8.750000000000000e-01 4.062500000000000e-01 0.000000000000000e+00
9.062500000000000e-01 3.750000000000000e-01 0.000000000000000e+00
9.375000000000000e-01 3.750000000000000e-01 0.000000000000000e+00
9.375000000000000e-01 4.062500000000000e-01 0.000000000000000e+00
9.062500000000000e-01 4.062500000000000e-01 0.000000000000000e+00
9.375000000000000e-01 3.750000000000000e-01 0.000000000000000e+00
9.687500000000000e-01 3.750000000000000e-01 0.000000000000000e+00
9.687500000000000e-01 4.062500000000000e-01 0.000000000000000e+00
9.375000000000000e-01 4.062500000000000e-01 0.000000000000000e+00
9.687500000000000e-01 3.750000000000000e-01 0.000000000000000e+00
1.000000000000000e+00 3.750000000000000e-01 0.000000000000000e+00
1.000000000000000e+00 4.062500000000000e-01 0.000000000000000e+00
9.687500000000000e-01 4.062500000000000e-01 0.000000000000000e+00
0.000000000000000e+00 4.062500000000000e-01 0.000000000000000e+00
3.125000000000000e-02 4.062500000000000e-01 0.000000000000000e+00
3.125000000000000e-02 4.375000000000000e-01 0.000000000000000e+00
0.000000000000000e+00 4.375000000000000e-01 0.000000000000000e+00
3.125000000000000e-02 4.062500000000000e-01 0.000000000000000e+00
6.250000000000000e-02 4.062500000000000e-01 0.000000000000000e+00
6.250000000000000e-02 4.375000000000000e-01 0.000000000000000e+00
3.125000000000000e-02 4.375000000000000e-01 0.000000000000000e+00
6.250000000000000e-02 4.062500000000000e-01 0.000000000000000e+00
9.375000000000000e-02 4.062500000000000e-01 0.000000000000000e+00
9.375000000000000e-02 4.375000000000000e-01 0.000000000000000e+00
6.250000000000000e-02 4.375000000000000e-01 0.000000000000000e+00
9.375000000000000e-02 4.062500000000000e-01 0.000000000000000e+00
1.250000000000000e-01 4.062500000000000e-01 0.000000000000000e+00
1.250000000000000e-01 4.375000000000000e-01 0.000000000000000e+00
9.375000000000000e-02 4.375000000000000e-01 0.000000000000000e+00
1.250000000000000e-01 4.062500000000000e-01 0.000000000000000e+00
1.562500000000000e-01 4.062500000000000e-01 0.000000000000000e+00
1.562500000000000e-01 4.375000000000000e-01 0.000000000000000e+00
1.250000000000000e-01 4.375000000000000e-01 0.000000000000000e+00
1.562500000000000e-01 4.062500000000000e-01 0.000000000000000e+00
1.875000000000000e-01 4.062500000000000e-01 0.000000000000000e+00
1.875000000000000e-01 4.375000000000000e-01 0.000000000000000e+00
1.562500000000000e-01 4.375000000000000e-01 0.000000000000000e+00
1.875000000000000e-01 4.062500000000000e-01 0.000000000000000e+00
2.187500000000000e-01 4.062500000000000e-01 0.000000000000000e+00
2.187500000000000e-01 4.375000000000000e-01 0.000000000000000e+00
1.875000000000000e-01 4.375000000000000e-01 0.000000000000000e+00
2.187500000000000e-01 4.062500000000000e-01 0.000000000000000e+00
2.500000000000000e-01 4.062500000000000e-01 0.000000000000000e+00
2.500000000000000e-01 4.375000000000000e-01 0.000000000000000e+00
2.187500000000000e-01 4.375000000000000e-01 0.000000000000000e+00
2.500000000000000e-01 4.062500000000000e-01 0.000000000000000e+00
2.812500000000000e-01 4.062500000000000e-01 0.000000000000000e+00
2.812500000000000e-01 4.375000000000000e-01 0.000000000000000e+00
2.500000000000000e-01 4.375000000000000e-01 0.000000000000000e+00
2.812500000000000e-01 4.062500000000000e-01 0.000000000000000e+00
3.125000000000000e-01 4.062500000000000e-01 0.000000000000000e+00
3.125000000000000e-01 4.375000000000000e-01 0.000000000000000e+00
2.812500000000000e-01 4.375000000000000e-01 0.000000000000000e+00
3.125000000000000e-01 4.062500000000000e-01 0.000000000000000e+00
3.437500000000000e-01 4.062500000000000e-01 0.000000000000000e+00
3.437500000000000e-01 4.375000000000000e-01 0.000000000000000e+00
3.125000000000000e-01 4.375000000000000e-01 0.000000000000000e+00
3.437500000000000e-01 4.062500000000000e-01 0.000000000000000e+00
3.750000000000000e-01 4.062500000000000e-01 0.000000000000000e+00
3.750000000000000e-01 4.375000000000000e-01 0.000000000000000e+00
3.437500000000000e-01 4.375000000000000e-01 0.000000000000000e+00
3.750000000000000e-01 4.062500000000000e-01 0.000000000000000e+00
4.062500000000000e-01 4.062500000000000e-01 0.000000000000000e+00
4.062500000000000e-01 4.375000000000000e-01 0.000000000000000e+00
3.750000000000000e-01 4.375000000000000e-01 0.000000000000000e+00
4.062500000000000e-01 4.062500000000000e-01 0.000000000000000e+00
4.375000000000000e-01 4.062500000000000e-01 0.000000000000000e+00
4.375000000000000e-01 4.375000000000000e-01 0.000000000000000e+00
4.062500000000000e-01 4.375000000000000e-01 0.000000000000000e+00
4.375000000000000e-01 4.062500000000000e-01 0.000000000000000e+00
4.687500000000000e-01 4.062500000000000e-01 0.000000000000000e+00
4.687500000000000e-01 4.375000000000000e-01 0.000000000000000e+00
4.375000000000000e-01 4.375000000000000e-01 0.000000000000000e+00
4.687500000000000e-01 4.062500000000000e-01 0.000000000000000e+00
5.000000000000000e-01 4.062500000000000e-01 0.000000000000000e+00
5.000000000000000e-01 4.375000000000000e-01 0.000000000000000e+00
4.687500000000000e-01 4.375000000000000e-01 0.000000000000000e+00
5.000000000000000e-01 4.062500000000000e-01 0.000000000000000e+00
5.312500000000000e-01 4.062500000000000e-01 0.000000000000000e+00
5.312500000000000e-01 4.375000000000000e-01 0.000000000000000e+00
5.000000000000000e-01 4.375000000000000e-01 0.000000000000000e+00
5.312500000000000e-01 4.062500000000000e-01 0.000000000000000e+00
5.625000000000000e-01 4.062500000000000e-01 0.000000000000000e+00
5.625000000000000e-01 4.375000000000000e-01 0.000000000000000e+00
5.312500000000000e-01 4.375000000000000e-01 0.000000000000000e+00
5.625000000000000e-01 4.062500000000000e-01 0.000000000000000e+00
5.937500000000000e-01 4.062500000000000e-01 0.000000000000000e+00
5.937500000000000e-01 4.375000000000000e-01 0.000000000000000e+00
5.625000000000000e-01 4.375000000000000e-01 0.000000000000000e+00
5.937500000000000e-01 4.062500000000000e-01 0.000000000000000e+00
6.250000000000000e-01 4.062500000000000e-01 0.000000000000000e+00
6.250000000000000e-01 4.375000000000000e-01 0.000000000000000e+00
5.937500000000000e-01 4.375000000000000e-01 0.000000000000000e+00
6.250000000000000e-01 4.062500000000000e-01 0.000000000000000e+00
6.562500000000000e-01 4.062500000000000e-01 0.000000000000000e+00
6.562500000000000e-01 4.375000000000000e-01 0.000000000000000e+00
6.250000000000000e-01 4.375000000000000e-01 0.000000000000000e+00
6.562500000000000e-01 4.062500000000000e-01 0.000000000000000e+00
6.875000000000000e-01 4.062500000000000e-01 0.000000000000000e+00
6.875000000000000e-01 4.375000000000000e-01 0.000000000000000e+00
6.562500000000000e-01 4.375000000000000e-01 0.000000000000000e+00
6.875000000000000e-01 4.062500000000000e-01 0.000000000000000e+00
7.187500000000000e-01 4.062500000000000e-01 0.000000000000000e+00
7.187500000000000e-01 4.375000000000000e-01 0.000000000000000e+00
6.875000000000000e-01 4.375000000000000e-01 0.000000000000000e+00
7.187500000000000e-01 4.062500000000000e-01 0.000000000000000e+00
7.500000000000000e-01 4.062500000000000e-01 0.000000000000000e+00
7.500000000000000e-01 4.375000000000000e-01 0.000000000000000e+00
7.187500000000000e-01 4.375000000000000e-01 0.000000000000000e+00
7.500000000000000e-01 4.062500000000000e-01 0.000000000000000e+00
7.812500000000000e-01 4.062500000000000e-01 0.000000000000000e+00
7.812500000000000e-01 4.375000000000000e-01 0.000000000000000e+00
7.500000000000000e-01 4.375000000000000e-01 0.000000000000000e+00
7.812500000000000e-01 4.062500000000000e-01 0.000000000000000e+00
8.125000000000000e-01 4.062500000000000e-01 0.000000000000000e+00
8.125000000000000e-01 4.375000000000000e-01 0.000000000000000e+00
7.812500000000000e-01 4.375000000000000e-01 0.000000000000000e+00
8.125000000000000e-01 4.062500000000000e-01 0.000000000000000e+00
8.437500000000000e-01 4.062500000000000e-01 0.000000000000000e+00
8.437500000000000e-01 4.375000000000000e-01 0.000000000000000e+00
8.125000000000000e-01 4.375000000000000e-01 0.000000000000000e+00
8.437500000000000e-01 4.062500000000000e-01 0.000000000000000e+00
8.750000000000000e-01 4.062500000000000e-01 0.000000000000000e+00
8.750000000000000e-01 4.375000000000000e-01 0.000000000000000e+00
8.437500000000000e-01 4.375000000000000e-01 0.000000000000000e+00
8.750000000000000e-01 4.062500000000000e-01 0.000000000000000e+00
9.062500000000000e-01 4.062500000000000e-01 0.000000000000000e+00
9.062500000000000e-01 4.375000000000000e-01 0.000000000000000e+00
8.750000000000000e-01 4.375000000000000e-01 0.000000000000000e+00
9.062500000000000e-01 4.062500000000000e-01 0.000000000000000e+00
9.375000000000000e-01 4.062500000000000e-01 0.000000000000000e+00
9.375000000000000e-01 4.375000000000000e-01 0.000000000000000e+00
9.062500000000000e-01 4.375000000000000e-01 0.000000000000000e+00
9.375000000000000e-01 4.062500000000000e-01 0.000000000000000e+00
9.687500000000000e-01 4.062500000000000e-01 0.000000000000000e+00
9.687500000000000e-01 4.375000000000000e-01 0.000000000000000e+00
9.375000000000000e-01 4.375000000000000e-01 0.000000000000000e+00
9.687500000000000e-01 4.062500000000000e-01 0.000000000000000e+00
1.000000000000000e+00 4.062500000000000e-01 0.000000000000000e+00
1.000000000000000e+00 4.375000000000000e-01 0.000000000000000e+00
9.687500000000000e-01 4.375000000000000e-01 0.000000000000000e+00
0.000000000000000e+00 4.375000000000000e-01 0.000000000000000e+00
3.125000000000000e-02 4.375000000000000e-01 0.000000000000000e+00
3.125000000000000e-02 4.687500000000000e-01 0.000000000000000e+00
0.000000000000000e+00 4.687500000000000e-01 0.000000000000000e+00
3.125000000000000e-02 4.375000000000000e-01 0.000000000000000e+00
6.250000000000000e-02 4.375000000000000e-01 0.000000000000000e+00
6.250000000000000e-02 4.687500000000000e-01 0.000000000000000e+00
3.125000000000000e-02 4.687500000000000e-01 0.000000000000000e+00
6.250000000000000e-02 4.375000000000000e-01 0.000000000000000e+00
9.375000000000000e-02 4.375000000000000e-01 0.000000000000000e+00
9.375000000000000e-02 4.687500000000000e-01 0.000000000000000e+00
6.250000000000000e-02 4.687500000000000e-01 0.000000000000000e+00
9.375000000000000e-02 4.375000000000000e-01 0.000000000000000e+00
1.250000000000000e-01 4.375000000000000e-01 0.000000000000000e+00
1.250000000000000e-01 4.687500000000000e-01 0.000000000000000e+00
9.375000000000000e-02 4.687500000000000e-01 0.000000000000000e+00
1.250000000000000e-01 4.375000000000000e-01 0.000000000000000e+00
1.562500000000000e-01 4.375000000000000e-01 0.000000000000000e+00
1.562500000000000e-01 4.687500000000000e-01 0.000000000000000e+00
1.250000000000000e-01 4.687500000000000e-01 0.000000000000000e+00
1.562500000000000e-01 4.375000000000000e-01 0.000000000000000e+00
1.875000000000000e-01 4.375000000000000e-01 0.000000000000000e+00
1.875000000000000e-01 4.687500000000000e-01 0.000000000000000e+00
1.562500000000000e-01 4.687500000000000e-01 0.000000000000000e+00
1.875000000000000e-01 4.375000000000000e-01 0.000000000000000e+00
2.187500000000000e-01 4.375000000000000e-01 0.000000000000000e+00
2.187500000000000e-01 4.687500000000000e-01 0.000000000000000e+00
1.875000000000000e-01 4.687500000000000e-01 0.000000000000000e+00
2.187500000000000e-01 4.375000000000000e-01 0.000000000000000e+00
2.500000000000000e-01 4.375000000000000e-01 0.000000000000000e+00
2.500000000000000e-01 4.687500000000000e-01 0.000000000000000e+00
2.187500000000000e-01 4.687500000000000e-01 0.000000000000000e+00
2.500000000000000e-01 4.375000000000000e-01 0.000000000000000e+00
2.812500000000000e-01 4.375000000000000e-01 0.000000000000000e+00
2.812500000000000e-01 4.687500000000000e-01 0.000000000000000e+00
2.500000000000000e-01 4.687500000000000e-01 0.000000000000000e+00
2.812500000000000e-01 4.375000000000000e-01 0.000000000000000e+00
3.125000000000000e-01 4.375000000000000e-01 0.000000000000000e+00
3.125000000000000e-01 4.687500000000000e-01 0.000000000000000e+00
2.812500000000000e-01 4.687500000000000e-01 0.000000000000000e+00
3.125000000000000e-01 4.375000000000000e-01 0.000000000000000e+00
3.437500000000000e-01 4.375000000000000e-01 0.000000000000000e+00
3.437500000000000e-01 4.687500000000000e-01 0.000000000000000e+00
3.125000000000000e-01 4.687500000000000e-01 0.000000000000000e+00
3.437500000000000e-01 4.375000000000000e-01 0.000000000000000e+00
3.750000000000000e-01 4.375000000000000e-01 0.000000000000000e+00
3.750000000000000e-01 4.687500000000000e-01 0.000000000000000e+00
3.437500000000000e-01 4.687500000000000e-01 0.000000000000000e+00
3.750000000000000e-01 4.375000000000000e-01 0.000000000000000e+00
4.062500000000000e-01 4.375000000000000e-01 0.000000000000000e+00
4.062500000000000e-01 4.687500000000000e-01 0.000000000000000e+00
3.750000000000000e-01 4.687500000000000e-01 0.000000000000000e+00
4.062500000000000e-01 4.375000000000000e-01 0.000000000000000e+00
4.375000000000000e-01 4.375000000000000e-01 0.000000000000000e+00
4.375000000000000e-01 4.687500000000000e-01 0.000000000000000e+00
4.062500000000000e-01 4.687500000000000e-01 0.000000000000000e+00
4.375000000000000e-01 4.375000000000000e-01 0.000000000000000e+00
4.687500000000000e-01 4.375000000000000e-01 0.000000000000000e+00
4.687500000000000e-01 4.687500000000000e-01 0.000000000000000e+00
4.375000000000000e-01 4.687500000000000e-01 0.000000000000000e+00
4.687500000000000e-01 4.375000000000000e-01 0.000000000000000e+00
5.000000000000000e-01 4.375000000000000e-01 0.000000000000000e+00
5.000000000000000e-01 4.687500000000000e-01 0.000000000000000e+00
4.687500000000000e-01 4.687500000000000e-01 0.000000000000000e+00
5.000000000000000e-01 4.375000000000000e-01 0.000000000000000e+00
5.312500000000000e-01 4.375000000000000e-01 0.000000000000000e+00
5.312500000000000e-01 4.687500000000000e-01 0.000000000000000e+00
5.000000000000000e-01 4.687500000000000e-01 0.000000000000000e+00
5.312500000000000e-01 4.375000000000000e-01 0.000000000000000e+00
5.625000000000000e-01 4.375000000000000e-01 0.000000000000000e+00
5.625000000000000e-01 4.687500000000000e-01 0.000000000000000e+00
5.312500000000000e-01 4.687500000000000e-01 0.000000000000000e+00
5.625000000000000e-01 4.375000000000000e-01 0.000000000000000e+00
5.937500000000000e-01 4.375000000000000e-01 0.000000000000000e+00
5.937500000000000e-01 4.687500000000000e-01 0.000000000000000e+00
5.625000000000000e-01 4.687500000000000e-01 0.000000000000000e+00
5.937500000000000e-01 4.375000000000000e-01 0.000000000000000e+00
6.250000000000000e-01 4.375000000000000e-01 0.000000000000000e+00
6.250000000000000e-01 4.687500000000000e-01 0.000000000000000e+00
5.937500000000000e-01 4.687500000000000e-01 0.000000000000000e+00
6.250000000000000e-01 4.375000000000000e-01 0.000000000000000e+00
6.562500000000000e-01 4.375000000000000e-01 0.000000000000000e+00
6.562500000000000e-01 4.687500000000000e-01 0.000000000000000e+00
6.250000000000000e-01 4.687500000000000e-01 0.000000000000000e+00
6.562500000000000e-01 4.375000000000000e-01 0.000000000000000e+00
6.875000000000000e-01 4.375000000000000e-01 0.000000000000000e+00
6.875000000000000e-01 4.687500000000000e-01 0.000000000000000e+00
6.562500000000000e-01 4.687500000000000e-01 0.000000000000000e+00
6.875000000000000e-01 4.375000000000000e-01 0.000000000000000e+00
7.187500000000000e-01 4.375000000000000e-01 0.000000000000000e+00
7.187500000000000e-01 4.687500000000000e-01 0.000000000000000e+00
6.875000000000000e-01 4.687500000000000e-01 0.000000000000000e+00
7.187500000000000e-01 4.375000000000000e-01 0.000000000000000e+00
7.500000000000000e-01 4.375000000000000e-01 0.000000000000000e+00
7.500000000000000e-01 4.687500000000000e-01 0.000000000000000e+00
7.187500000000000e-01 4.687500000000000e-01 0.000000000000000e+00
7.500000000000000e-01 4.375000000000000e-01 0.000000000000000e+00
7.812500000000000e-01 4.375000000000000e-01 0.000000000000000e+00
7.812500000000000e-01 4.687500000000000e-01 0.000000000000000e+00
7.500000000000000e-01 4.687500000000000e-01 0.000000000000000e+00
7.812500000000000e-01 4.375000000000000e-01 0.000000000000000e+00
8.125000000000000e-01 4.375000000000000e-01 0.000000000000000e+00
8.125000000000000e-01 4.687500000000000e-01 0.000000000000000e+00
7.812500000000000e-01 4.687500000000000e-01 0.000000000000000e+00
8.125000000000000e-01 4.375000000000000e-01 0.000000000000000e+00
8.437500000000000e-01 4.375000000000000e-01 0.000000000000000e+00
8.437500000000000e-01 4.687500000000000e-01 0.000000000000000e+00
8.125000000000000e-01 4.687500000000000e-01 0.000000000000000e+00
8.437500000000000e-01 4.375000000000000e-01 0.000000000000000e+00
8.750000000000000e-01 4.375000000000000e-01 0.000000000000000e+00
8.750000000000000e-01 4.687500000000000e-01 0.000000000000000e+00
8.437500000000000e-01 4.687500000000000e-01 0.000000000000000e+00
8.750000000000000e-01 4.375000000000000e-01 0.000000000000000e+00
9.062500000000000e-01 4.375000000000000e-01 0.000000000000000e+00
9.062500000000000e-01 4.687500000000000e-01 0.000000000000000e+00
8.750000000000000e-01 4.687500000000000e-01 0.000000000000000e+00
9.062500000000000e-01 4.375000000000000e-01 0.000000000000000e+00
9.375000000000000e-01 4.375000000000000e-01 0.000000000000000e+00
9.375000000000000e-01 4.687500000000000e-01 0.000000000000000e+00
9.062500000000000e-01 4.687500000000000e-01 0.000000000000000e+00
9.375000000000000e-01 4.375000000000000e-01 0.000000000000000e+00
9.687500000000000e-01 4.375000000000000e-01 0.000000000000000e+00
9.687500000000000e-01 4.687500000000000e-01 0.000000000000000e+00
9.375000000000000e-01 4.687500000000000e-01 0.000000000000000e+00
9.687500000000000e-01 4.375000000000000e-01 0.000000000000000e+00
1.000000000000000e+00 4.375000000000000e-01 0.000000000000000e+00
1.000000000000000e+00 4.687500000000000e-01 0.000000000000000e+00
9.687500000000000e-01 4.687500000000000e-01 0.000000000000000e+00
0.000000000000000e+00 4.687500000000000e-01 0.000000000000000e+00
3.125000000000000e-02 4.687500000000000e-01 0.000000000000000e+00
3.125000000000000e-02 5.000000000000000e-01 0.000000000000000e+00
0.000000000000000e+00 5.000000000000000e-01 0.000000000000000e+00
3.125000000000000e-02 4.687500000000000e-01 0.000000000000000e+00
6.250000000000000e-02 4.687500000000000e-01 0.000000000000000e+00
6.250000000000000e-02 5.000000000000000e-01 0.000000000000000e+00
3.125000000000000e-02 5.000000000000000e-01 0.000000000000000e+00
6.250000000000000e-02 4.687500000000000e-01 0.000000000000000e+00
9.375000000000000e-02 4.687500000000000e-01 0.000000000000000e+00
9.375000000000000e-02 5.000000000000000e-01 0.000000000000000e+00
6.250000000000000e-02 5.000000000000000e-01 0.000000000000000e+00
9.375000000000000e-02 4.687500000000000e-01 0.000000000000000e+00
1.250000000000000e-01 4.687500000000000e-01 0.000000000000000e+00
1.250000000000000e-01 5.000000000000000e-01 0.000000000000000e+00
9.375000000000000e-02 5.000000000000000e-01 0.000000000000000e+00
1.250000000000000e-01 4.687500000000000e-01 0.000000000000000e+00
1.562500000000000e-01 4.687500000000000e-01 0.000000000000000e+00
1.562500000000000e-01 5.000000000000000e-01 0.000000000000000e+00
1.250000000000000e-01 5.000000000000000e-01 0.000000000000000e+00
1.562500000000000e-01 4.687500000000000e-01 0.000000000000000e+00
1.875000000000000e-01 4.687500000000000e-01 0.000000000000000e+00
1.875000000000000e-01 5.000000000000000e-01 0.000000000000000e+00
1.562500000000000e-01 5.000000000000000e-01 0.000000000000000e+00
1.875000000000000e-01 4.687500000000000e-01 0.000000000000000e+00
2.187500000000000e-01 4.687500000000000e-01 0.000000000000000e+00
2.187500000000000e-01 5.000000000000000e-01 0.000000000000000e+00
1.875000000000000e-01 5.000000000000000e-01 0.000000000000000e+00
2.187500000000000e-01 4.687500000000000e-01 0.000000000000000e+00
2.500000000000000e-01 4.687500000000000e-01 0.000000000000000e+00
2.500000000000000e-01 5.000000000000000e-01 0.000000000000000e+00
2.187500000000000e-01 5.000000000000000e-01 0.000000000000000e+00
2.500000000000000e-01 4.687500000000000e-01 0.000000000000000e+00
2.812500000000000e-01 4.687500000000000e-01 0.000000000000000e+00
2.812500000000000e-01 5.000000000000000e-01 0.000000000000000e+00
2.500000000000000e-01 5.000000000000000e-01 0.000000000000000e+00
2.812500000000000e-01 4.687500000000000e-01 0.000000000000000e+00
3.125000000000000e-01 4.687500000000000e-01 0.000000000000000e+00
3.125000000000000e-01 5.000000000000000e-01 0.000000000000000e+00
2.812500000000000e-01 5.000000000000000e-01 0.000000000000000e+00
3.125000000000000e-01 4.687500000000000e-01 0.000000000000000e+00
3.437500000000000e-01 4.687500000000000e-01 0.000000000000000e+00
3.437500000000000e-01 5.000000000000000e-01 0.000000000000000e+00
3.125000000000000e-01 5.000000000000000e-01 0.000000000000000e+00
3.437500000000000e-01 4.687500000000000e-01 0.000000000000000e+00
3.750000000000000e-01 4.687500000000000e-01 0.000000000000000e+00
3.750000000000000e-01 5.000000000000000e-01 0.000000000000000e+00
3.437500000000000e-01 5.000000000000000e-01 0.000000000000000e+00
3.750000000000000e-01 4.687500000000000e-01 0.000000000000000e+00
4.062500000000000e-01 4.687500000000000e-01 0.000000000000000e+00
4.062500000000000e-01 5.000000000000000e-01 0.000000000000000e+00
3.750000000000000e-01 5.000000000000000e-01 0.000000000000000e+00
4.062500000000000e-01 4.687500000000000e-01 0.000000000000000e+00
4.375000000000000e-01 4.687500000000000e-01 0.000000000000000e+00
4.375000000000000e-01 5.000000000000000e-01 0.000000000000000e+00
4.062500000000000e-01 5.000000000000000e-01 0.000000000000000e+00
4.375000000000000e-01 4.687500000000000e-01 0.000000000000000e+00
4.687500000000000e-01 4.687500000000000e-01 0.000000000000000e+00
4.687500000000000e-01 5.000000000000000e-01 0.000000000000000e+00
4.375000000000000e-01 5.000000000000000e-01 0.000000000000000e+00
4.687500000000000e-01 4.687500000000000e-01 0.000000000000000e+00
5.000000000000000e-01 4.687500000000000e-01 0.000000000000000e+00
5.000000000000000e-01 5.000000000000000e-01 0.000000000000000e+00
4.687500000000000e-01 5.000000000000000e-01 0.000000000000000e+00
5.000000000000000e-01 4.687500000000000e-01 0.000000000000000e+00
5.312500000000000e-01 4.687500000000000e-01 0.000000000000000e+00
5.312500000000000e-01 5.000000000000000e-01 0.000000000000000e+00
5.000000000000000e-01 5.000000000000000e-01 0.000000000000000e+00
5.312500000000000e-01 4.687500000000000e-01 0.000000000000000e+00
5.625000000000000e-01 4.687500000000000e-01 0.000000000000000e+00
5.625000000000000e-01 5.000000000000000e-01 0.000000000000000e+00
5.312500000000000e-01 5.000000000000000e-01 0.000000000000000e+00
5.625000000000000e-01 4.687500000000000e-01 0.000000000000000e+00
5.937500000000000e-01 4.687500000000000e-01 0.000000000000000e+00
5.937500000000000e-01 5.000000000000000e-01 0.000000000000000e+00
5.625000000000000e-01 5.000000000000000e-01 0.000000000000000e+00
5.937500000000000e-01 4.687500000000000e-01 0.000000000000000e+00
6.250000000000000e-01 4.687500000000000e-01 0.000000000000000e+00
6.250000000000000e-01 5.000000000000000e-01 0.000000000000000e+00
5.937500000000000e-01 5.000000000000000e-01 0.000000000000000e+00
6.250000000000000e-01 4.687500000000000e-01 0.000000000000000e+00
6.562500000000000e-01 4.687500000000000e-01 0.000000000000000e+00
6.562500000000000e-01 5.000000000000000e-01 0.000000000000000e+00
6.250000000000000e-01 5.000000000000000e-01 0.000000000000000e+00
6.562500000000000e-01 4.687500000000000e-01 0.000000000000000e+00
6.875000000000000e-01 4.687500000000000e-01 0.000000000000000e+00
6.875000000000000e-01 5.000000000000000e-01 0.000000000000000e+00
6.562500000000000e-01 5.000000000000000e-01 0.000000000000000e+00
6.875000000000000e-01 4.687500000000000e-01 0.000000000000000e+00
7.187500000000000e-01 4.687500000000000e-01 0.000000000000000e+00
7.187500000000000e-01 5.000000000000000e-01 0.000000000000000e+00
6.875000000000000e-01 5.000000000000000e-01 0.000000000000000e+00
7.187500000000000e-01 4.687500000000000e-01 0.000000000000000e+00
7.500000000000000e-01 4.687500000000000e-01 0.000000000000000e+00
7.500000000000000e-01 5.000000000000000e-01 0.000000000000000e+00
7.187500000000000e-01 5.000000000000000e-01 0.000000000000000e+00
7.500000000000000e-01 4.687500000000000e-01 0.000000000000000e+00
7.812500000000000e-01 4.687500000000000e-01 0.000000000000000e+00
7.812500000000000e-01 5.000000000000000e-01 0.000000000000000e+00
7.500000000000000e-01 5.000000000000000e-01 0.000000000000000e+00
7.812500000000000e-01 4.687500000000000e-01 0.000000000000000e+00
8.125000000000000e-01 4.687500000000000e-01 0.000000000000000e+00
8.125000000000000e-01 5.000000000000000e-01 0.000000000000000e+00
7.812500000000000e-01 5.000000000000000e-01 0.000000000000000e+00
8.125000000000000e-01 4.687500000000000e-01 0.000000000000000e+00
8.437500000000000e-01 4.687500000000000e-01 0.000000000000000e+00
8.437500000000000e-01 5.000000000000000e-01 0.000000000000000e+00
8.125000000000000e-01 5.000000000000000e-01 0.000000000000000e+00
8.437500000000000e-01 4.687500000000000e-01 0.000000000000000e+00
8.750000000000000e-01 4.687500000000000e-01 0.000000000000000e+00
8.750000000000000e-01 5.000000000000000e-01 0.000000000000000e+00
8.437500000000000e-01 5.000000000000000e-01 0.000000000000000e+00
8.750000000000000e-01 4.687500000000000e-01 0.000000000000000e+00
9.062500000000000e-01 4.687500000000000e-01 0.000000000000000e+00
9.062500000000000e-01 5.000000000000000e-01 0.000000000000000e+00
8.750000000000000e-01 5.000000000000000e-01 0.000000000000000e+00
9.062500000000000e-01 4.687500000000000e-01 0.000000000000000e+00
9.375000000000000e-01 4.687500000000000e-01 0.000000000000000e+00
9.375000000000000e-01 5.000000000000000e-01 0.000000000000000e+00
9.062500000000000e-01 5.000000000000000e-01 0.000000000000000e+00
9.375000000000000e-01 4.687500000000000e-01 0.000000000000000e+00
9.687500000000000e-01 4.687500000000000e-01 0.000000000000000e+00
9.687500000000000e-01 5.000000000000000e-01 0.000000000000000e+00
9.375000000000000e-01 5.000000000000000e-01 0.000000000000000e+00
9.687500000000000e-01 4.687500000000000e-01 0.000000000000000e+00
1.000000000000000e+00 4.687500000000000e-01 0.000000000000000e+00
1.000000000000000e+00 5.000000000000000e-01 0.000000000000000e+00
9.687500000000000e-01 5.000000000000000e-01 0.000000000000000e+00
0.000000000000000e+00 5.000000000000000e-01 0.000000000000000e+00
3.125000000000000e-02 5.000000000000000e-01 0.000000000000000e+00
3.125000000000000e-02 5.312500000000000e-01 0.000000000000000e+00
0.000000000000000e+00 5.312500000000000e-01 0.000000000000000e+00
3.125000000000000e-02 5.000000000000000e-01 0.000000000000000e+00
6.250000000000000e-02 5.000000000000000e-01 0.000000000000000e+00
6.250000000000000e-02 5.312500000000000e-01 0.000000000000000e+00
3.125000000000000e-02 5.312500000000000e-01 0.000000000000000e+00
6.250000000000000e-02 5.000000000000000e-01 0.000000000000000e+00
9.375000000000000e-02 5.000000000000000e-01 0.000000000000000e+00
9.375000000000000e-02 5.312500000000000e-01 0.000000000000000e+00
6.250000000000000e-02 5.312500000000000e-01 0.000000000000000e+00
9.375000000000000e-02 5.000000000000000e-01 0.000000000000000e+00
1.250000000000000e-01 5.000000000000000e-01 0.000000000000000e+00
1.250000000000000e-01 5.312500000000000e-01 0.000000000000000e+00
9.375000000000000e-02 5.312500000000000e-01 0.000000000000000e+00
1.250000000000000e-01 5.000000000000000e-01 0.000000000000000e+00
1.562500000000000e-01 5.000000000000000e-01 0.000000000000000e+00
1.562500000000000e-01 5.312500000000000e-01 0.000000000000000e+00
1.250000000000000e-01 5.312500000000000e-01 0.000000000000000e+00
1.562500000000000e-01 5.000000000000000e-01 0.000000000000000e+00
1.875000000000000e-01 5.000000000000000e-01 0.000000000000000e+00
1.875000000000000e-01 5.312500000000000e-01 0.000000000000000e+00
1.562500000000000e-01 5.312500000000000e-01 0.000000000000000e+00
1.875000000000000e-01 5.000000000000000e-01 0.000000000000000e+00
2.187500000000000e-01 5.000000000000000e-01 0.000000000000000e+00
2.187500000000000e-01 5.312500000000000e-01 0.000000000000000e+00
1.875000000000000e-01 5.312500000000000e-01 0.000000000000000e+00
2.187500000000000e-01 5.000000000000000e-01 0.000000000000000e+00
2.500000000000000e-01 5.000000000000000e-01 0.000000000000000e+00
2.500000000000000e-01 5.312500000000000e-01 0.000000000000000e+00
2.187500000000000e-01 5.312500000000000e-01 0.000000000000000e+00
2.500000000000000e-01 5.000000000000000e-01 0.000000000000000e+00
2.812500000000000e-01 5.000000000000000e-01 0.000000000000000e+00
2.812500000000000e-01 5.312500000000000e-01 0.000000000000000e+00
2.500000000000000e-01 5.312500000000000e-01 0.000000000000000e+00
2.812500000000000e-01 5.000000000000000e-01 0.000000000000000e+00
3.125000000000000e-01 5.000000000000000e-01 0.000000000000000e+00
3.125000000000000e-01 5.312500000000000e-01 0.000000000000000e+00
2.812500000000000e-01 5.312500000000000e-01 0.000000000000000e+00
3.125000000000000e-01 5.000000000000000e-01 0.000000000000000e+00
3.437500000000000e-01 5.000000000000000e-01 0.000000000000000e+00
3.437500000000000e-01 5.312500000000000e-01 0.000000000000000e+00
3.125000000000000e-01 5.312500000000000e-01 0.000000000000000e+00
3.437500000000000e-01 5.000000000000000e-01 0.000000000000000e+00
3.750000000000000e-01 5.000000000000000e-01 0.000000000000000e+00
3.750000000000000e-01 5.312500000000000e-01 0.000000000000000e+00
3.437500000000000e-01 5.312500000000000e-01 0.000000000000000e+00
3.750000000000000e-01 5.000000000000000e-01 0.000000000000000e+00
4.062500000000000e-01 5.000000000000000e-01 0.000000000000000e+00
4.062500000000000e-01 5.312500000000000e-01 0.000000000000000e+00
3.750000000000000e-01 5.312500000000000e-01 0.000000000000000e+00
4.062500000000000e-01 5.000000000000000e-01 0.000000000000000e+00
4.375000000000000e-01 5.000000000000000e-01 0.000000000000000e+00
4.375000000000000e-01 5.312500000000000e-01 0.000000000000000e+00
4.062500000000000e-01 5.312500000000000e-01 0.000000000000000e+00
4.375000000000000e-01 5.000000000000000e-01 0.000000000000000e+00
4.687500000000000e-01 5.000000000000000e-01 0.000000000000000e+00
4.687500000000000e-01 5.312500000000000e-01 0.000000000000000e+00
4.375000000000000e-01 5.312500000000000e-01 0.000000000000000e+00
4.687500000000000e-01 5.000000000000000e-01 0.000000000000000e+00
5.000000000000000e-01 5.000000000000000e-01 0.000000000000000e+00
5.000000000000000e-01 5.312500000000000e-01 0.000000000000000e+00
4.687500000000000e-01 5.312500000000000e-01 0.000000000000000e+00
5.000000000000000e-01 5.000000000000000e-01 0.000000000000000e+00
5.312500000000000e-01 5.000000000000000e-01 0.000000000000000e+00
5.312500000000000e-01 5.312500000000000e-01 0.000000000000000e+00
5.000000000000000e-01 5.312500000000000e-01 0.000000000000000e+00
5.312500000000000e-01 5.000000000000000e-01 0.000000000000000e+00
5.625000000000000e-01 5.000000000000000e-01 0.000000000000000e+00
5.625000000000000e-01 5.312500000000000e-01 0.000000000000000e+00
5.312500000000000e-01 5.312500000000000e-01 0.000000000000000e+00
5.625000000000000e-01 5.000000000000000e-01 0.000000000000000e+00
5.937500000000000e-01 5.000000000000000e-01 0.000000000000000e+00
5.937500000000000e-01 5.312500000000000e-01 0.000000000000000e+00
5.625000000000000e-01 5.312500000000000e-01 0.000000000000000e+00
5.937500000000000e-01 5.000000000000000e-01 0.000000000000000e+00
6.250000000000000e-01 5.000000000000000e-01 0.000000000000000e+00
6.250000000000000e-01 5.312500000000000e-01 0.000000000000000e+00
5.937500000000000e-01 5.312500000000000e-01 0.000000000000000e+00
6.250000000000000e-01 5.000000000000000e-01 0.000000000000000e+00
6.562500000000000e-01 5.000000000000000e-01 0.000000000000000e+00
6.562500000000000e-01 5.312500000000000e-01 0.000000000000000e+00
6.250000000000000e-01 5.312500000000000e-01 0.000000000000000e+00
6.562500000000000e-01 5.000000000000000e-01 0.000000000000000e+00
6.875000000000000e-01 5.000000000000000e-01 0.000000000000000e+00
6.875000000000000e-01 5.312500000000000e-01 0.000000000000000e+00
6.562500000000000e-01 5.312500000000000e-01 0.000000000000000e+00
6.875000000000000e-01 5.000000000000000e-01 0.000000000000000e+00
7.187500000000000e-01 5.000000000000000e-01 0.000000000000000e+00
7.187500000000000e-01 5.312500000000000e-01 0.000000000000000e+00
6.875000000000000e-01 5.312500000000000e-01 0.000000000000000e+00
7.187500000000000e-01 5.000000000000000e-01 0.000000000000000e+00
7.500000000000000e-01 5.000000000000000e-01 0.000000000000000e+00
7.500000000000000e-01 5.312500000000000e-01 0.000000000000000e+00
7.187500000000000e-01 5.312500000000000e-01 0.000000000000000e+00
7.500000000000000e-01 5.000000000000000e-01 0.000000000000000e+00
7.812500000000000e-01 5.000000000000000e-01 0.000000000000000e+00
7.812500000000000e-01 5.312500000000000e-01 0.000000000000000e+00
7.500000000000000e-01 5.312500000000000e-01 0.000000000000000e+00
7.812500000000000e-01 5.000000000000000e-01 0.000000000000000e+00
8.125000000000000e-01 5.000000000000000e-01 0.000000000000000e+00
8.125000000000000e-01 5.312500000000000e-01 0.000000000000000e+00
7.812500000000000e-01 5.312500000000000e-01 0.000000000000000e+00
8.125000000000000e-01 5.000000000000000e-01 0.000000000000000e+00
8.437500000000000e-01 5.000000000000000e-01 0.000000000000000e+00
8.437500000000000e-01 5.312500000000000e-01 0.000000000000000e+00
8.125000000000000e-01 5.312500000000000e-01 0.000000000000000e+00
8.437500000000000e-01 5.000000000000000e-01 0.000000000000000e+00
8.750000000000000e-01 5.000000000000000e-01 0.000000000000000e+00
8.750000000000000e-01 5.312500000000000e-01 0.000000000000000e+00
8.437500000000000e-01 5.312500000000000e-01 0.000000000000000e+00
8.750000000000000e-01 5.000000000000000e-01 0.000000000000000e+00
9.062500000000000e-01 5.000000000000000e-01 0.000000000000000e+00
9.062500000000000e-01 5.312500000000000e-01 0.000000000000000e+00
8.750000000000000e-01 5.312500000000000e-01 0.000000000000000e+00
9.062500000000000e-01 5.000000000000000e-01 0.000000000000000e+00
9.375000000000000e-01 5.000000000000000e-01 0.000000000000000e+00
9.375000000000000e-01 5.312500000000000e-01 0.000000000000000e+00
9.062500000000000e-01 5.312500000000000e-01 0.000000000000000e+00
9.375000000000000e-01 5.000000000000000e-01 0.000000000000000e+00
9.687500000000000e-01 5.000000000000000e-01 0.000000000000000e+00
9.687500000000000e-01 5.312500000000000e-01 0.000000000000000e+00
9.375000000000000e-01 5.312500000000000e-01 0.000000000000000e+00
9.687500000000000e-01 5.000000000000000e-01 0.000000000000000e+00
1.000000000000000e+00 5.000000000000000e-01 0.000000000000000e+00
1.000000000000000e+00 5.312500000000000e-01 0.000000000000000e+00
9.687500000000000e-01 5.312500000000000e-01 0.000000000000000e+00
0.000000000000000e+00 5.312500000000000e-01 0.000000000000000e+00
3.125000000000000e-02 5.312500000000000e-01 0.000000000000000e+00
3.125000000000000e-02 5.625000000000000e-01 0.000000000000000e+00
0.000000000000000e+00 5.625000000000000e-01 0.000000000000000e+00
3.125000000000000e-02 5.312500000000000e-01 0.000000000000000e+00
6.250000000000000e-02 5.312500000000000e-01 0.000000000000000e+00
6.250000000000000e-02 5.625000000000000e-01 0.000000000000000e+00
3.125000000000000e-02 5.625000000000000e-01 0.000000000000000e+00
6.250000000000000e-02 5.312500000000000e-01 0.000000000000000e+00
9.375000000000000e-02 5.312500000000000e-01 0.000000000000000e+00
9.375000000000000e-02 5.625000000000000e-01 0.000000000000000e+00
6.250000000000000e-02 5.625000000000000e-01 0.000000000000000e+00
9.375000000000000e-02 5.312500000000000e-01 0.000000000000000e+00
1.250000000000000e-01 5.312500000000000e-01 0.000000000000000e+00
1.250000000000000e-01 5.625000000000000e-01 0.000000000000000e+00
9.375000000000000e-02 5.625000000000000e-01 0.000000000000000e+00
1.250000000000000e-01 5.312500000000000e-01 0.000000000000000e+00
1.562500000000000e-01 5.312500000000000e-01 0.000000000000000e+00
1.562500000000000e-01 5.625000000000000e-01 0.000000000000000e+00
1.250000000000000e-01 5.625000000000000e-01 0.000000000000000e+00
1.562500000000000e-01 5.312500000000000e-01 0.000000000000000e+00
1.875000000000000e-01 5.312500000000000e-01 0.000000000000000e+00
1.875000000000000e-01 5.625000000000000e-01 0.000000000000000e+00
1.562500000000000e-01 5.625000000000000e-01 0.000000000000000e+00
1.875000000000000e-01 5.312500000000000e-01 0.000000000000000e+00
2.187500000000000e-01 5.312500000000000e-01 0.000000000000000e+00
2.187500000000000e-01 5.625000000000000e-01 0.000000000000000e+00
1.875000000000000e-01 5.625000000000000e-01 0.000000000000000e+00
2.187500000000000e-01 5.312500000000000e-01 0.000000000000000e+00
2.500000000000000e-01 5.312500000000000e-01 0.000000000000000e+00
2.500000000000000e-01 5.625000000000000e-01 0.000000000000000e+00
2.187500000000000e-01 5.625000000000000e-01 0.000000000000000e+00
2.500000000000000e-01 5.312500000000000e-01 0.000000000000000e+00
2.812500000000000e-01 5.312500000000000e-01 0.000000000000000e+00
2.812500000000000e-01 5.625000000000000e-01 0.000000000000000e+00
2.500000000000000e-01 5.625000000000000e-01 0.000000000000000e+00
2.812500000000000e-01 5.312500000000000e-01 0.000000000000000e+00
3.125000000000000e-01 5.312500000000000e-01 0.000000000000000e+00
3.125000000000000e-01 5.625000000000000e-01 0.000000000000000e+00
2.812500000000000e-01 5.625000000000000e-01 0.000000000000000e+00
3.125000000000000e-01 5.312500000000000e-01 0.000000000000000e+00
3.437500000000000e-01 5.312500000000000e-01 0.000000000000000e+00
3.437500000000000e-01 5.625000000000000e-01 0.000000000000000e+00
3.125000000000000e-01 5.625000000000000e-01 0.000000000000000e+00
3.437500000000000e-01 5.312500000000000e-01 0.000000000000000e+00
3.750000000000000e-01 5.312500000000000e-01 0.000000000000000e+00
3.750000000000000e-01 5.625000000000000e-01 0.000000000000000e+00
3.437500000000000e-01 5.625000000000000e-01 0.000000000000000e+00
3.750000000000000e-01 5.312500000000000e-01 0.000000000000000e+00
4.062500000000000e-01 5.312500000000000e-01 0.000000000000000e+00
4.062500000000000e-01 5.625000000000000e-01 0.000000000000000e+00
3.750000000000000e-01 5.625000000000000e-01 0.000000000000000e+00
4.062500000000000e-01 5.312500000000000e-01 0.000000000000000e+00
4.375000000000000e-01 5.312500000000000e-01 0.000000000000000e+00
4.375000000000000e-01 5.625000000000000e-01 0.000000000000000e+00
4.062500000000000e-01 5.625000000000000e-01 0.000000000000000e+00
4.375000000000000e-01 5.312500000000000e-01 0.000000000000000e+00
4.687500000000000e-01 5.312500000000000e-01 0.000000000000000e+00
4.687500000000000e-01 5.625000000000000e-01 0.000000000000000e+00
4.375000000000000e-01 5.625000000000000e-01 0.000000000000000e+00
4.687500000000000e-01 5.312500000000000e-01 0.000000000000000e+00
5.000000000000000e-01 5.312500000000000e-01 0.000000000000000e+00
5.000000000000000e-01 5.625000000000000e-01 0.000000000000000e+00
4.687500000000000e-01 5.625000000000000e-01 0.000000000000000e+00
5.000000000000000e-01 5.312500000000000e-01 0.000000000000000e+00
5.312500000000000e-01 5.312500000000000e-01 0.000000000000000e+00
5.312500000000000e-01 5.625000000000000e-01 0.000000000000000e+00
5.000000000000000e-01 5.625000000000000e-01 0.000000000000000e+00
5.312500000000000e-01 5.312500000000000e-01 0.000000000000000e+00
5.625000000000000e-01 5.312500000000000e-01 0.000000000000000e+00
5.625000000000000e-01 5.625000000000000e-01 0.000000000000000e+00
5.312500000000000e-01 5.625000000000000e-01 0.000000000000000e+00
5.625000000000000e-01 5.312500000000000e-01 0.000000000000000e+00
5.937500000000000e-01 5.312500000000000e-01 0.000000000000000e+00
5.937500000000000e-01 5.625000000000000e-01 0.000000000000000e+00
5.625000000000000e-01 5.625000000000000e-01 0.000000000000000e+00
5.937500000000000e-01 5.312500000000000e-01 0.000000000000000e+00
6.250000000000000e-01 5.312500000000000e-01 0.000000000000000e+00
6.250000000000000e-01 5.625000000000000e-01 0.000000000000000e+00
5.937500000000000e-01 5.625000000000000e-01 0.000000000000000e+00
6.250000000000000e-01 5.312500000000000e-01 0.000000000000000e+00
6.562500000000000e-01 5.312500000000000e-01 0.000000000000000e+00
6.562500000000000e-01 5.625000000000000e-01 0.000000000000000e+00
6.250000000000000e-01 5.625000000000000e-01 0.000000000000000e+00
6.562500000000000e-01 5.312500000000000e-01 0.000000000000000e+00
6.875000000000000e-01 5.312500000000000e-01 0.000000000000000e+00
6.875000000000000e-01 5.625000000000000e-01 0.000000000000000e+00
6.562500000000000e-01 5.625000000000000e-01 0.000000000000000e+00
6.875000000000000e-01 5.312500000000000e-01 0.000000000000000e+00
7.187500000000000e-01 5.312500000000000e-01 0.000000000000000e+00
7.187500000000000e-01 5.625000000000000e-01 0.000000000000000e+00
6.875000000000000e-01 5.625000000000000e-01 0.000000000000000e+00
7.187500000000000e-01 5.312500000000000e-01 0.000000000000000e+00
7.500000000000000e-01 5.312500000000000e-01 0.000000000000000e+00
7.500000000000000e-01 5.625000000000000e-01 0.000000000000000e+00
7.187500000000000e-01 5.625000000000000e-01 0.000000000000000e+00
7.500000000000000e-01 5.312500000000000e-01 0.000000000000000e+00
7.812500000000000e-01 5.312500000000000e-01 0.000000000000000e+00
7.812500000000000e-01 5.625000000000000e-01 0.000000000000000e+00
7.500000000000000e-01 5.625000000000000e-01 0.000000000000000e+00
7.812500000000000e-01 5.312500000000000e-01 0.000000000000000e+00
8.125000000000000e-01 5.312500000000000e-01 0.000000000000000e+00
8.125000000000000e-01 5.625000000000000e-01 0.000000000000000e+00
7.812500000000000e-01 5.625000000000000e-01 0.000000000000000e+00
8.125000000000000e-01 5.312500000000000e-01 0.000000000000000e+00
8.437500000000000e-01 5.312500000000000e-01 0.000000000000000e+00
8.437500000000000e-01 5.625000000000000e-01 0.000000000000000e+00
8.125000000000000e-01 5.625000000000000e-01 0.000000000000000e+00
8.437500000000000e-01 5.312500000000000e-01 0.000000000000000e+00
8.750000000000000e-01 5.312500000000000e-01 0.000000000000000e+00
8.750000000000000e-01 5.625000000000000e-01 0.000000000000000e+00
8.437500000000000e-01 5.625000000000000e-01 0.000000000000000e+00
8.750000000000000e-01 5.312500000000000e-01 0.000000000000000e+00
9.062500000000000e-01 5.312500000000000e-01 0.000000000000000e+00
9.062500000000000e-01 5.625000000000000e-01 0.000000000000000e+00
8.750000000000000e-01 5.625000000000000e-01 0.000000000000000e+00
9.062500000000000e-01 5.312500000000000e-01 0.000000000000000e+00
9.375000000000000e-01 5.312500000000000e-01 0.000000000000000e+00
9.375000000000000e-01 5.625000000000000e-01 0.000000000000000e+00
9.062500000000000e-01 5.625000000000000e-01 0.000000000000000e+00
9.375000000000000e-01 5.312500000000000e-01 0.000000000000000e+00
9.687500000000000e-01 5.312500000000000e-01 0.000000000000000e+00
9.687500000000000e-01 5.625000000000000e-01 0.000000000000000e+00
9.375000000000000e-01 5.625000000000000e-01 0.000000000000000e+00
9.687500000000000e-01 5.312500000000000e-01 0.000000000000000e+00
1.000000000000000e+00 5.312500000000000e-01 0.000000000000000e+00
1.000000000000000e+00 5.625000000000000e-01 0.000000000000000e+00
9.687500000000000e-01 5.625000000000000e-01 0.000000000000000e+00
0.000000000000000e+00 5.625000000000000e-01 0.000000000000000e+00
3.125000000000000e-02 5.625000000000000e-01 0.000000000000000e+00
3.125000000000000e-02 5.937500000000000e-01 0.000000000000000e+00
0.000000000000000e+00 5.937500000000000e-01 0.000000000000000e+00
3.125000000000000e-02 5.625000000000000e-01 0.000000000000000e+00
6.250000000000000e-02 5.625000000000000e-01 0.000000000000000e+00
6.250000000000000e-02 5.937500000000000e-01 0.000000000000000e+00
3.125000000000000e-02 5.937500000000000e-01 0.000000000000000e+00
6.250000000000000e-02 5.625000000000000e-01 0.000000000000000e+00
9.375000000000000e-02 5.625000000000000e-01 0.000000000000000e+00
9.375000000000000e-02 5.937500000000000e-01 0.000000000000000e+00
6.250000000000000e-02 5.937500000000000e-01 0.000000000000000e+00
9.375000000000000e-02 5.625000000000000e-01 0.000000000000000e+00
1.250000000000000e-01 5.625000000000000e-01 0.000000000000000e+00
1.250000000000000e-01 5.937500000000000e-01 0.000000000000000e+00
9.375000000000000e-02 5.937500000000000e-01 0.000000000000000e+00
1.250000000000000e-01 5.625000000000000e-01 0.000000000000000e+00
1.562500000000000e-01 5.625000000000000e-01 0.000000000000000e+00
1.562500000000000e-01 5.937500000000000e-01 0.000000000000000e+00
1.250000000000000e-01 5.937500000000000e-01 0.000000000000000e+00
1.562500000000000e-01 5.625000000000000e-01 0.000000000000000e+00
1.875000000000000e-01 5.625000000000000e-01 0.000000000000000e+00
1.875000000000000e-01 5.937500000000000e-01 0.000000000000000e+00
1.562500000000000e-01 5.937500000000000e-01 0.000000000000000e+00
1.875000000000000e-01 5.625000000000000e-01 0.000000000000000e+00
2.187500000000000e-01 5.625000000000000e-01 0.000000000000000e+00
2.187500000000000e-01 5.937500000000000e-01 0.000000000000000e+00
1.875000000000000e-01 5.937500000000000e-01 0.000000000000000e+00
2.187500000000000e-01 5.625000000000000e-01 0.000000000000000e+00
2.500000000000000e-01 5.625000000000000e-01 0.000000000000000e+00
2.500000000000000e-01 5.937500000000000e-01 0.000000000000000e+00
2.187500000000000e-01 5.937500000000000e-01 0.000000000000000e+00
2.500000000000000e-01 5.625000000000000e-01 0.000000000000000e+00
2.812500000000000e-01 5.625000000000000e-01 0.000000000000000e+00
2.812500000000000e-01 5.937500000000000e-01 0.000000000000000e+00
2.500000000000000e-01 5.937500000000000e-01 0.000000000000000e+00
2.812500000000000e-01 5.625000000000000e-01 0.000000000000000e+00
3.125000000000000e-01 5.625000000000000e-01 0.000000000000000e+00
3.125000000000000e-01 5.937500000000000e-01 0.000000000000000e+00
2.812500000000000e-01 5.937500000000000e-01 0.000000000000000e+00
3.125000000000000e-01 5.625000000000000e-01 0.000000000000000e+00
3.437500000000000e-01 5.625000000000000e-01 0.000000000000000e+00
3.437500000000000e-01 5.937500000000000e-01 0.000000000000000e+00
3.125000000000000e-01 5.937500000000000e-01 0.000000000000000e+00
3.437500000000000e-01 5.625000000000000e-01 0.000000000000000e+00
3.750000000000000e-01 5.625000000000000e-01 0.000000000000000e+00
3.750000000000000e-01 5.937500000000000e-01 0.000000000000000e+00
3.437500000000000e-01 5.937500000000000e-01 0.000000000000000e+00
3.750000000000000e-01 5.625000000000000e-01 0.000000000000000e+00
4.062500000000000e-01 5.625000000000000e-01 0.000000000000000e+00
4.062500000000000e-01 5.937500000000000e-01 0.000000000000000e+00
3.750000000000000e-01 5.937500000000000e-01 0.000000000000000e+00
4.062500000000000e-01 5.625000000000000e-01 0.000000000000000e+00
4.375000000000000e-01 5.625000000000000e-01 0.000000000000000e+00
4.375000000000000e-01 5.937500000000000e-01 0.000000000000000e+00
4.062500000000000e-01 5.937500000000000e-01 0.000000000000000e+00
4.375000000000000e-01 5.625000000000000e-01 0.000000000000000e+00
4.687500000000000e-01 5.625000000000000e-01 0.000000000000000e+00
4.687500000000000e-01 5.937500000000000e-01 0.000000000000000e+00
4.375000000000000e-01 5.937500000000000e-01 0.000000000000000e+00
4.687500000000000e-01 5.625000000000000e-01 0.000000000000000e+00
5.000000000000000e-01 5.625000000000000e-01 0.000000000000000e+00
5.000000000000000e-01 5.937500000000000e-01 0.000000000000000e+00
4.687500000000000e-01 5.937500000000000e-01 0.000000000000000e+00
5.000000000000000e-01 5.625000000000000e-01 0.000000000000000e+00
5.312500000000000e-01 5.625000000000000e-01 0.000000000000000e+00
5.312500000000000e-01 5.937500000000000e-01 0.000000000000000e+00
5.000000000000000e-01 5.937500000000000e-01 0.000000000000000e+00
5.312500000000000e-01 5.625000000000000e-01 0.000000000000000e+00
5.625000000000000e-01 5.625000000000000e-01 0.000000000000000e+00
5.625000000000000e-01 5.937500000000000e-01 0.000000000000000e+00
5.312500000000000e-01 5.937500000000000e-01 0.000000000000000e+00
5.625000000000000e-01 5.625000000000000e-01 0.000000000000000e+00
5.937500000000000e-01 5.625000000000000e-01 0.000000000000000e+00
5.937500000000000e-01 5.937500000000000e-01 0.000000000000000e+00
5.625000000000000e-01 5.937500000000000e-01 0.000000000000000e+00
5.937500000000000e-01 5.625000000000000e-01 0.000000000000000e+00
6.250000000000000e-01 5.625000000000000e-01 0.000000000000000e+00
6.250000000000000e-01 5.937500000000000e-01 0.000000000000000e+00
5.937500000000000e-01 5.937500000000000e-01 0.000000000000000e+00
6.250000000000000e-01 5.625000000000000e-01 0.000000000000000e+00
6.562500000000000e-01 5.625000000000000e-01 0.000000000000000e+00
6.562500000000000e-01 5.937500000000000e-01 0.000000000000000e+00
6.250000000000000e-01 5.937500000000000e-01 0.000000000000000e+00
6.562500000000000e-01 5.625000000000000e-01 0.000000000000000e+00
6.875000000000000e-01 5.625000000000000e-01 0.000000000000000e+00
6.875000000000000e-01 5.937500000000000e-01 0.000000000000000e+00
6.562500000000000e-01 5.937500000000000e-01 0.000000000000000e+00
6.875000000000000e-01 5.625000000000000e-01 0.000000000000000e+00
7.187500000000000e-01 5.625000000000000e-01 0.000000000000000e+00
7.187500000000000e-01 5.937500000000000e-01 0.000000000000000e+00
6.875000000000000e-01 5.937500000000000e-01 0.000000000000000e+00
7.187500000000000e-01 5.625000000000000e-01 0.000000000000000e+00
7.500000000000000e-01 5.625000000000000e-01 0.000000000000000e+00
7.500000000000000e-01 5.937500000000000e-01 0.000000000000000e+00
7.187500000000000e-01 5.937500000000000e-01 0.000000000000000e+00
7.500000000000000e-01 5.625000000000000e-01 0.000000000000000e+00
7.812500000000000e-01 5.625000000000000e-01 0.000000000000000e+00
7.812500000000000e-01 5.937500000000000e-01 0.000000000000000e+00
7.500000000000000e-01 5.937500000000000e-01 0.000000000000000e+00
7.812500000000000e-01 5.625000000000000e-01 0.000000000000000e+00
8.125000000000000e-01 5.625000000000000e-01 0.000000000000000e+00
8.125000000000000e-01 5.937500000000000e-01 0.000000000000000e+00
7.812500000000000e-01 5.937500000000000e-01 0.000000000000000e+00
8.125000000000000e-01 5.625000000000000e-01 0.000000000000000e+00
8.437500000000000e-01 5.625000000000000e-01 0.000000000000000e+00
8.437500000000000e-01 5.937500000000000e-01 0.000000000000000e+00
8.125000000000000e-01 5.937500000000000e-01 0.000000000000000e+00
8.437500000000000e-01 5.625000000000000e-01 0.000000000000000e+00
8.750000000000000e-01 5.625000000000000e-01 0.000000000000000e+00
8.750000000000000e-01 5.937500000000000e-01 0.000000000000000e+00
8.437500000000000e-01 5.937500000000000e-01 0.000000000000000e+00
8.750000000000000e-01 5.625000000000000e-01 0.000000000000000e+00
9.062500000000000e-01 5.625000000000000e-01 0.000000000000000e+00
9.062500000000000e-01 5.937500000000000e-01 0.000000000000000e+00
8.750000000000000e-01 5.937500000000000e-01 0.000000000000000e+00
9.062500000000000e-01 5.625000000000000e-01 0.000000000000000e+00
9.375000000000000e-01 5.625000000000000e-01 0.000000000000000e+00
9.375000000000000e-01 5.937500000000000e-01 0.000000000000000e+00
9.062500000000000e-01 5.937500000000000e-01 0.000000000000000e+00
9.375000000000000e-01 5.625000000000000e-01 0.000000000000000e+00
9.687500000000000e-01 5.625000000000000e-01 0.000000000000000e+00
9.687500000000000e-01 5.937500000000000e-01 0.000000000000000e+00
9.375000000000000e-01 5.937500000000000e-01 0.000000000000000e+00
9.687500000000000e-01 5.625000000000000e-01 0.000000000000000e+00
1.000000000000000e+00 5.625000000000000e-01 0.000000000000000e+00
1.000000000000000e+00 5.937500000000000e-01 0.000000000000000e+00
9.687500000000000e-01 5.937500000000000e-01 0.000000000000000e+00
0.000000000000000e+00 5.937500000000000e-01 0.000000000000000e+00
3.125000000000000e-02 5.937500000000000e-01 0.000000000000000e+00
3.125000000000000e-02 6.250000000000000e-01 0.000000000000000e+00
0.000000000000000e+00 6.250000000000000e-01 0.000000000000000e+00
3.125000000000000e-02 5.937500000000000e-01 0.000000000000000e+00
6.250000000000000e-02 5.937500000000000e-01 0.000000000000000e+00
6.250000000000000e-02 6.250000000000000e-01 0.000000000000000e+00
3.125000000000000e-02 6.250000000000000e-01 0.000000000000000e+00
6.250000000000000e-02 5.937500000000000e-01 0.000000000000000e+00
9.375000000000000e-02 5.937500000000000e-01 0.000000000000000e+00
9.375000000000000e-02 6.250000000000000e-01 0.000000000000000e+00
6.250000000000000e-02 6.250000000000000e-01 0.000000000000000e+00
9.375000000000000e-02 5.937500000000000e-01 0.000000000000000e+00
1.250000000000000e-01 5.937500000000000e-01 0.000000000000000e+00
1.250000000000000e-01 6.250000000000000e-01 0.000000000000000e+00
9.375000000000000e-02 6.250000000000000e-01 0.000000000000000e+00
1.250000000000000e-01 5.937500000000000e-01 0.000000000000000e+00
1.562500000000000e-01 5.937500000000000e-01 0.000000000000000e+00
1.562500000000000e-01 6.250000000000000e-01 0.000000000000000e+00
1.250000000000000e-01 6.250000000000000e-01 0.000000000000000e+00
1.562500000000000e-01 5.937500000000000e-01 0.000000000000000e+00
1.875000000000000e-01 5.937500000000000e-01 0.000000000000000e+00
1.875000000000000e-01 6.250000000000000e-01 0.000000000000000e+00
1.562500000000000e-01 6.250000000000000e-01 0.000000000000000e+00
1.875000000000000e-01 5.937500000000000e-01 0.000000000000000e+00
2.187500000000000e-01 5.937500000000000e-01 0.000000000000000e+00
2.187500000000000e-01 6.250000000000000e-01 0.000000000000000e+00
1.875000000000000e-01 6.250000000000000e-01 0.000000000000000e+00
2.187500000000000e-01 5.937500000000000e-01 0.000000000000000e+00
2.500000000000000e-01 5.937500000000000e-01 0.000000000000000e+00
2.500000000000000e-01 6.250000000000000e-01 0.000000000000000e+00
2.187500000000000e-01 6.250000000000000e-01 0.000000000000000e+00
2.500000000000000e-01 5.937500000000000e-01 0.000000000000000e+00
2.812500000000000e-01 5.937500000000000e-01 0.000000000000000e+00
2.812500000000000e-01 6.250000000000000e-01 0.000000000000000e+00
2.500000000000000e-01 6.250000000000000e-01 0.000000000000000e+00
2.812500000000000e-01 5.937500000000000e-01 0.000000000000000e+00
3.125000000000000e-01 5.937500000000000e-01 0.000000000000000e+00
3.125000000000000e-01 6.250000000000000e-01 0.000000000000000e+00
2.812500000000000e-01 6.250000000000000e-01 0.000000000000000e+00
3.125000000000000e-01 5.937500000000000e-01 0.000000000000000e+00
3.437500000000000e-01 5.937500000000000e-01 0.000000000000000e+00
3.437500000000000e-01 6.250000000000000e-01 0.000000000000000e+00
3.125000000000000e-01 6.250000000000000e-01 0.000000000000000e+00
3.437500000000000e-01 5.937500000000000e-01 0.000000000000000e+00
3.750000000000000e-01 5.937500000000000e-01 0.000000000000000e+00
3.750000000000000e-01 6.250000000000000e-01 0.000000000000000e+00
3.437500000000000e-01 6.250000000000000e-01 0.000000000000000e+00
3.750000000000000e-01 5.937500000000000e-01 0.000000000000000e+00
4.062500000000000e-01 5.937500000000000e-01 0.000000000000000e+00
4.062500000000000e-01 6.250000000000000e-01 0.000000000000000e+00
3.750000000000000e-01 6.250000000000000e-01 0.000000000000000e+00
4.062500000000000e-01 5.937500000000000e-01 0.000000000000000e+00
4.375000000000000e-01 5.937500000000000e-01 0.000000000000000e+00
4.375000000000000e-01 6.250000000000000e-01 0.000000000000000e+00
4.062500000000000e-01 6.250000000000000e-01 0.000000000000000e+00
4.375000000000000e-01 5.937500000000000e-01 0.000000000000000e+00
4.687500000000000e-01 5.937500000000000e-01 0.000000000000000e+00
4.687500000000000e-01 6.250000000000000e-01 0.000000000000000e+00
4.375000000000000e-01 6.250000000000000e-01 0.000000000000000e+00
4.687500000000000e-01 5.937500000000000e-01 0.000000000000000e+00
5.000000000000000e-01 5.937500000000000e-01 0.000000000000000e+00
5.000000000000000e-01 6.250000000000000e-01 0.000000000000000e+00
4.687500000000000e-01 6.250000000000000e-01 0.000000000000000e+00
5.000000000000000e-01 5.937500000000000e-01 0.000000000000000e+00
5.312500000000000e-01 5.937500000000000e-01 0.000000000000000e+00
5.312500000000000e-01 6.250000000000000e-01 0.000000000000000e+00
5.000000000000000e-01 6.250000000000000e-01 0.000000000000000e+00
5.312500000000000e-01 5.937500000000000e-01 0.000000000000000e+00
5.625000000000000e-01 5.937500000000000e-01 0.000000000000000e+00
5.625000000000000e-01 6.250000000000000e-01 0.000000000000000e+00
5.312500000000000e-01 6.250000000000000e-01 0.000000000000000e+00
5.625000000000000e-01 5.937500000000000e-01 0.000000000000000e+00
5.937500000000000e-01 5.937500000000000e-01 0.000000000000000e+00
5.937500000000000e-01 6.250000000000000e-01 0.000000000000000e+00
5.625000000000000e-01 6.250000000000000e-01 0.000000000000000e+00
5.937500000000000e-01 5.937500000000000e-01 0.000000000000000e+00
6.250000000000000e-01 5.937500000000000e-01 0.000000000000000e+00
6.250000000000000e-01 6.250000000000000e-01 0.000000000000000e+00
5.937500000000000e-01 6.250000000000000e-01 0.000000000000000e+00
6.250000000000000e-01 5.937500000000000e-01 0.000000000000000e+00
6.562500000000000e-01 5.937500000000000e-01 0.000000000000000e+00
6.562500000000000e-01 6.250000000000000e-01 0.000000000000000e+00
6.250000000000000e-01 6.250000000000000e-01 0.000000000000000e+00
6.562500000000000e-01 5.937500000000000e-01 0.000000000000000e+00
6.875000000000000e-01 5.937500000000000e-01 0.000000000000000e+00
6.875000000000000e-01 6.250000000000000e-01 0.000000000000000e+00
6.562500000000000e-01 6.250000000000000e-01 0.000000000000000e+00
6.875000000000000e-01 5.937500000000000e-01 0.000000000000000e+00
7.187500000000000e-01 5.937500000000000e-01 0.000000000000000e+00
7.187500000000000e-01 6.250000000000000e-01 0.000000000000000e+00
6.875000000000000e-01 6.250000000000000e-01 0.000000000000000e+00
7.187500000000000e-01 5.937500000000000e-01 0.000000000000000e+00
7.500000000000000e-01 5.937500000000000e-01 0.000000000000000e+00
7.500000000000000e-01 6.250000000000000e-01 0.000000000000000e+00
7.187500000000000e-01 6.250000000000000e-01 0.000000000000000e+00
7.500000000000000e-01 5.937500000000000e-01 0.000000000000000e+00
7.812500000000000e-01 5.937500000000000e-01 0.000000000000000e+00
7.812500000000000e-01 6.250000000000000e-01 0.000000000000000e+00
7.500000000000000e-01 6.250000000000000e-01 0.000000000000000e+00
7.812500000000000e-01 5.937500000000000e-01 0.000000000000000e+00
8.125000000000000e-01 5.937500000000000e-01 0.000000000000000e+00
8.125000000000000e-01 6.250000000000000e-01 0.000000000000000e+00
7.812500000000000e-01 6.250000000000000e-01 0.000000000000000e+00
8.125000000000000e-01 5.937500000000000e-01 0.000000000000000e+00
8.437500000000000e-01 5.937500000000000e-01 0.000000000000000e+00
8.437500000000000e-01 6.250000000000000e-01 0.000000000000000e+00
8.125000000000000e-01 6.250000000000000e-01 0.000000000000000e+00
8.437500000000000e-01 5.937500000000000e-01 0.000000000000000e+00
8.750000000000000e-01 5.937500000000000e-01 0.000000000000000e+00
8.750000000000000e-01 6.250000000000000e-01 0.000000000000000e+00
8.437500000000000e-01 6.250000000000000e-01 0.000000000000000e+00
8.750000000000000e-01 5.937500000000000e-01 0.000000000000000e+00
9.062500000000000e-01 5.937500000000000e-01 0.000000000000000e+00
9.062500000000000e-01 6.250000000000000e-01 0.000000000000000e+00
8.750000000000000e-01 6.250000000000000e-01 0.000000000000000e+00
9.062500000000000e-01 5.937500000000000e-01 0.000000000000000e+00
9.375000000000000e-01 5.937500000000000e-01 0.000000000000000e+00
9.375000000000000e-01 6.250000000000000e-01 0.000000000000000e+00
9.062500000000000e-01 6.250000000000000e-01 0.000000000000000e+00
9.375000000000000e-01 5.937500000000000e-01 0.000000000000000e+00
9.687500000000000e-01 5.937500000000000e-01 0.000000000000000e+00
9.687500000000000e-01 6.250000000000000e-01 0.000000000000000e+00
9.375000000000000e-01 6.250000000000000e-01 0.000000000000000e+00
9.687500000000000e-01 5.937500000000000e-01 0.000000000000000e+00
1.000000000000000e+00 5.937500000000000e-01 0.000000000000000e+00
1.000000000000000e+00 6.250000000000000e-01 0.000000000000000e+00
9.687500000000000e-01 6.250000000000000e-01 0.000000000000000e+00
0.000000000000000e+00 6.250000000000000e-01 0.000000000000000e+00
3.125000000000000e-02 6.250000000000000e-01 0.000000000000000e+00
3.125000000000000e-02 6.562500000000000e-01 0.000000000000000e+00
0.000000000000000e+00 6.562500000000000e-01 0.000000000000000e+00
3.125000000000000e-02 6.250000000000000e-01 0.000000000000000e+00
6.250000000000000e-02 6.250000000000000e-01 0.000000000000000e+00
6.250000000000000e-02 6.562500000000000e-01 0.000000000000000e+00
3.125000000000000e-02 6.562500000000000e-01 0.000000000000000e+00
6.250000000000000e-02 6.250000000000000e-01 0.000000000000000e+00
9.375000000000000e-02 6.250000000000000e-01 0.000000000000000e+00
9.375000000000000e-02 6.562500000000000e-01 0.000000000000000e+00
6.250000000000000e-02 6.562500000000000e-01 0.000000000000000e+00
9.375000000000000e-02 6.250000000000000e-01 0.000000000000000e+00
1.250000000000000e-01 6.250000000000000e-01 0.000000000000000e+00
1.250000000000000e-01 6.562500000000000e-01 0.000000000000000e+00
9.375000000000000e-02 6.562500000000000e-01 0.000000000000000e+00
1.250000000000000e-01 6.250000000000000e-01 0.000000000000000e+00
1.562500000000000e-01 6.250000000000000e-01 0.000000000000000e+00
1.562500000000000e-01 6.562500000000000e-01 0.000000000000000e+00
1.250000000000000e-01 6.562500000000000e-01 0.000000000000000e+00
1.562500000000000e-01 6.250000000000000e-01 0.000000000000000e+00
1.875000000000000e-01 6.250000000000000e-01 0.000000000000000e+00
1.875000000000000e-01 6.562500000000000e-01 0.000000000000000e+00
1.562500000000000e-01 6.562500000000000e-01 0.000000000000000e+00
1.875000000000000e-01 6.250000000000000e-01 0.000000000000000e+00
2.187500000000000e-01 6.250000000000000e-01 0.000000000000000e+00
2.187500000000000e-01 6.562500000000000e-01 0.000000000000000e+00
1.875000000000000e-01 6.562500000000000e-01 0.000000000000000e+00
2.187500000000000e-01 6.250000000000000e-01 0.000000000000000e+00
2.500000000000000e-01 6.250000000000000e-01 0.000000000000000e+00
2.500000000000000e-01 6.562500000000000e-01 0.000000000000000e+00
2.187500000000000e-01 6.562500000000000e-01 0.000000000000000e+00
2.500000000000000e-01 6.250000000000000e-01 0.000000000000000e+00
2.812500000000000e-01 6.250000000000000e-01 0.000000000000000e+00
2.812500000000000e-01 6.562500000000000e-01 0.000000000000000e+00
2.500000000000000e-01 6.562500000000000e-01 0.000000000000000e+00
2.812500000000000e-01 6.250000000000000e-01 0.000000000000000e+00
3.125000000000000e-01 6.250000000000000e-01 0.000000000000000e+00
3.125000000000000e-01 6.562500000000000e-01 0.000000000000000e+00
2.812500000000000e-01 6.562500000000000e-01 0.000000000000000e+00
3.125000000000000e-01 6.250000000000000e-01 0.000000000000000e+00
3.437500000000000e-01 6.250000000000000e-01 0.000000000000000e+00
3.437500000000000e-01 6.562500000000000e-01 0.000000000000000e+00
3.125000000000000e-01 6.562500000000000e-01 0.000000000000000e+00
3.437500000000000e-01 6.250000000000000e-01 0.000000000000000e+00
3.750000000000000e-01 6.250000000000000e-01 0.000000000000000e+00
3.750000000000000e-01 6.562500000000000e-01 0.000000000000000e+00
3.437500000000000e-01 6.562500000000000e-01 0.000000000000000e+00
3.750000000000000e-01 6.250000000000000e-01 0.000000000000000e+00
4.062500000000000e-01 6.250000000000000e-01 0.000000000000000e+00
4.062500000000000e-01 6.562500000000000e-01 0.000000000000000e+00
3.750000000000000e-01 6.562500000000000e-01 0.000000000000000e+00
4.062500000000000e-01 6.250000000000000e-01 0.000000000000000e+00
4.375000000000000e-01 6.250000000000000e-01 0.000000000000000e+00
4.375000000000000e-01 6.562500000000000e-01 0.000000000000000e+00
4.062500000000000e-01 6.562500000000000e-01 0.000000000000000e+00
4.375000000000000e-01 6.250000000000000e-01 0.000000000000000e+00
4.687500000000000e-01 6.250000000000000e-01 0.000000000000000e+00
4.687500000000000e-01 6.562500000000000e-01 0.000000000000000e+00
4.375000000000000e-01 6.562500000000000e-01 0.000000000000000e+00
4.687500000000000e-01 6.250000000000000e-01 0.000000000000000e+00
5.000000000000000e-01 6.250000000000000e-01 0.000000000000000e+00
5.000000000000000e-01 6.562500000000000e-01 0.000000000000000e+00
4.687500000000000e-01 6.562500000000000e-01 0.000000000000000e+00
5.000000000000000e-01 6.250000000000000e-01 0.000000000000000e+00
5.312500000000000e-01 6.250000000000000e-01 0.000000000000000e+00
5.312500000000000e-01 6.562500000000000e-01 0.000000000000000e+00
5.000000000000000e-01 6.562500000000000e-01 0.000000000000000e+00
5.312500000000000e-01 6.250000000000000e-01 0.000000000000000e+00
5.625000000000000e-01 6.250000000000000e-01 0.000000000000000e+00
5.625000000000000e-01 6.562500000000000e-01 0.000000000000000e+00
5.312500000000000e-01 6.562500000000000e-01 0.000000000000000e+00
5.625000000000000e-01 6.250000000000000e-01 0.000000000000000e+00
5.937500000000000e-01 6.250000000000000e-01 0.000000000000000e+00
5.937500000000000e-01 6.562500000000000e-01 0.000000000000000e+00
5.625000000000000e-01 6.562500000000000e-01 0.000000000000000e+00
5.937500000000000e-01 6.250000000000000e-01 0.000000000000000e+00
6.250000000000000e-01 6.250000000000000e-01 0.000000000000000e+00
6.250000000000000e-01 6.562500000000000e-01 0.000000000000000e+00
5.937500000000000e-01 6.562500000000000e-01 0.000000000000000e+00
6.250000000000000e-01 6.250000000000000e-01 0.000000000000000e+00
6.562500000000000e-01 6.250000000000000e-01 0.000000000000000e+00
6.562500000000000e-01 6.562500000000000e-01 0.000000000000000e+00
6.250000000000000e-01 6.562500000000000e-01 0.000000000000000e+00
6.562500000000000e-01 6.250000000000000e-01 0.000000000000000e+00
6.875000000000000e-01 6.250000000000000e-01 0.000000000000000e+00
6.875000000000000e-01 6.562500000000000e-01 0.000000000000000e+00
6.562500000000000e-01 6.562500000000000e-01 0.000000000000000e+00
6.875000000000000e-01 6.250000000000000e-01 0.000000000000000e+00
7.187500000000000e-01 6.250000000000000e-01 0.000000000000000e+00
7.187500000000000e-01 6.562500000000000e-01 0.000000000000000e+00
6.875000000000000e-01 6.562500000000000e-01 0.000000000000000e+00
7.187500000000000e-01 6.250000000000000e-01 0.000000000000000e+00
7.500000000000000e-01 6.250000000000000e-01 0.000000000000000e+00
7.500000000000000e-01 6.562500000000000e-01 0.000000000000000e+00
7.187500000000000e-01 6.562500000000000e-01 0.000000000000000e+00
7.500000000000000e-01 6.250000000000000e-01 0.000000000000000e+00
7.812500000000000e-01 6.250000000000000e-01 0.000000000000000e+00
7.812500000000000e-01 6.562500000000000e-01 0.000000000000000e+00
7.500000000000000e-01 6.562500000000000e-01 0.000000000000000e+00
7.812500000000000e-01 6.250000000000000e-01 0.000000000000000e+00
8.125000000000000e-01 6.250000000000000e-01 0.000000000000000e+00
8.125000000000000e-01 6.562500000000000e-01 0.000000000000000e+00
7.812500000000000e-01 6.562500000000000e-01 0.000000000000000e+00
8.125000000000000e-01 6.250000000000000e-01 0.000000000000000e+00
8.437500000000000e-01 6.250000000000000e-01 0.000000000000000e+00
8.437500000000000e-01 6.562500000000000e-01 0.000000000000000e+00
8.125000000000000e-01 6.562500000000000e-01 0.000000000000000e+00
8.437500000000000e-01 6.250000000000000e-01 0.000000000000000e+00
8.750000000000000e-01 6.250000000000000e-01 0.000000000000000e+00
8.750000000000000e-01 6.562500000000000e-01 0.000000000000000e+00
8.437500000000000e-01 6.562500000000000e-01 0.000000000000000e+00
8.750000000000000e-01 6.250000000000000e-01 0.000000000000000e+00
9.062500000000000e-01 6.250000000000000e-01 0.000000000000000e+00
9.062500000000000e-01 6.562500000000000e-01 0.000000000000000e+00
8.750000000000000e-01 6.562500000000000e-01 0.000000000000000e+00
9.062500000000000e-01 6.250000000000000e-01 0.000000000000000e+00
9.375000000000000e-01 6.250000000000000e-01 0.000000000000000e+00
9.375000000000000e-01 6.562500000000000e-01 0.000000000000000e+00
9.062500000000000e-01 6.562500000000000e-01 0.000000000000000e+00
9.375000000000000e-01 6.250000000000000e-01 0.000000000000000e+00
9.687500000000000e-01 6.250000000000000e-01 0.000000000000000e+00
9.687500000000000e-01 6.562500000000000e-01 0.000000000000000e+00
9.375000000000000e-01 6.562500000000000e-01 0.000000000000000e+00
9.687500000000000e-01 6.250000000000000e-01 0.000000000000000e+00
1.000000000000000e+00 6.250000000000000e-01 0.000000000000000e+00
1.000000000000000e+00 6.562500000000000e-01 0.000000000000000e+00
9.687500000000000e-01 6.562500000000000e-01 0.000000000000000e+00
0.000000000000000e+00 6.562500000000000e-01 0.000000000000000e+00
3.125000000000000e-02 6.562500000000000e-01 0.000000000000000e+00
3.125000000000000e-02 6.875000000000000e-01 0.000000000000000e+00
0.000000000000000e+00 6.875000000000000e-01 0.000000000000000e+00
3.125000000000000e-02 6.562500000000000e-01 0.000000000000000e+00
6.250000000000000e-02 6.562500000000000e-01 0.000000000000000e+00
6.250000000000000e-02 6.875000000000000e-01 0.000000000000000e+00
3.125000000000000e-02 6.875000000000000e-01 0.000000000000000e+00
6.250000000000000e-02 6.562500000000000e-01 0.000000000000000e+00
9.375000000000000e-02 6.562500000000000e-01 0.000000000000000e+00
9.375000000000000e-02 6.875000000000000e-01 0.000000000000000e+00
6.250000000000000e-02 6.875000000000000e-01 0.000000000000000e+00
9.375000000000000e-02 6.562500000000000e-01 0.000000000000000e+00
1.250000000000000e-01 6.562500000000000e-01 0.000000000000000e+00
1.250000000000000e-01 6.875000000000000e-01 0.000000000000000e+00
9.375000000000000e-02 6.875000000000000e-01 0.000000000000000e+00
1.250000000000000e-01 6.562500000000000e-01 0.000000000000000e+00
1.562500000000000e-01 6.562500000000000e-01 0.000000000000000e+00
1.562500000000000e-01 6.875000000000000e-01 0.000000000000000e+00
1.250000000000000e-01 6.875000000000000e-01 0.000000000000000e+00
1.562500000000000e-01 6.562500000000000e-01 0.000000000000000e+00
1.875000000000000e-01 6.562500000000000e-01 0.000000000000000e+00
1.875000000000000e-01 6.875000000000000e-01 0.000000000000000e+00
1.562500000000000e-01 6.875000000000000e-01 0.000000000000000e+00
1.875000000000000e-01 6.562500000000000e-01 0.000000000000000e+00
2.187500000000000e-01 6.562500000000000e-01 0.000000000000000e+00
2.187500000000000e-01 6.875000000000000e-01 0.000000000000000e+00
1.875000000000000e-01 6.875000000000000e-01 0.000000000000000e+00
2.187500000000000e-01 6.562500000000000e-01 0.000000000000000e+00
2.500000000000000e-01 6.562500000000000e-01 0.000000000000000e+00
2.500000000000000e-01 6.875000000000000e-01 0.000000000000000e+00
2.187500000000000e-01 6.875000000000000e-01 0.000000000000000e+00
2.500000000000000e-01 6.562500000000000e-01 0.000000000000000e+00
2.812500000000000e-01 6.562500000000000e-01 0.000000000000000e+00
2.812500000000000e-01 6.875000000000000e-01 0.000000000000000e+00
2.500000000000000e-01 6.875000000000000e-01 0.000000000000000e+00
2.812500000000000e-01 6.562500000000000e-01 0.000000000000000e+00
3.125000000000000e-01 6.562500000000000e-01 0.000000000000000e+00
3.125000000000000e-01 6.875000000000000e-01 0.000000000000000e+00
2.812500000000000e-01 6.875000000000000e-01 0.000000000000000e+00
3.125000000000000e-01 6.562500000000000e-01 0.000000000000000e+00
3.437500000000000e-01 6.562500000000000e-01 0.000000000000000e+00
3.437500000000000e-01 6.875000000000000e-01 0.000000000000000e+00
3.125000000000000e-01 6.875000000000000e-01 0.000000000000000e+00
3.437500000000000e-01 6.562500000000000e-01 0.000000000000000e+00
3.750000000000000e-01 6.562500000000000e-01 0.000000000000000e+00
3.750000000000000e-01 6.875000000000000e-01 0.000000000000000e+00
3.437500000000000e-01 6.875000000000000e-01 0.000000000000000e+00
3.750000000000000e-01 6.562500000000000e-01 0.000000000000000e+00
4.062500000000000e-01 6.562500000000000e-01 0.000000000000000e+00
4.062500000000000e-01 6.875000000000000e-01 0.000000000000000e+00
3.750000000000000e-01 6.875000000000000e-01 0.000000000000000e+00
4.062500000000000e-01 6.562500000000000e-01 0.000000000000000e+00
4.375000000000000e-01 6.562500000000000e-01 0.000000000000000e+00
4.375000000000000e-01 6.875000000000000e-01 0.000000000000000e+00
4.062500000000000e-01 6.875000000000000e-01 0.000000000000000e+00
4.375000000000000e-01 6.562500000000000e-01 0.000000000000000e+00
4.687500000000000e-01 6.562500000000000e-01 0.000000000000000e+00
4.687500000000000e-01 6.875000000000000e-01 0.000000000000000e+00
4.375000000000000e-01 6.875000000000000e-01 0.000000000000000e+00
4.687500000000000e-01 6.562500000000000e-01 0.000000000000000e+00
5.000000000000000e-01 6.562500000000000e-01 0.000000000000000e+00
5.000000000000000e-01 6.875000000000000e-01 0.000000000000000e+00
4.687500000000000e-01 6.875000000000000e-01 0.000000000000000e+00
5.000000000000000e-01 6.562500000000000e-01 0.000000000000000e+00
5.312500000000000e-01 6.562500000000000e-01 0.000000000000000e+00
5.312500000000000e-01 6.875000000000000e-01 0.000000000000000e+00
5.000000000000000e-01 6.875000000000000e-01 0.000000000000000e+00
5.312500000000000e-01 6.562500000000000e-01 0.000000000000000e+00
5.625000000000000e-01 6.562500000000000e-01 0.000000000000000e+00
5.625000000000000e-01 6.875000000000000e-01 0.000000000000000e+00
5.312500000000000e-01 6.875000000000000e-01 0.000000000000000e+00
5.625000000000000e-01 6.562500000000000e-01 0.000000000000000e+00
5.937500000000000e-01 6.562500000000000e-01 0.000000000000000e+00
5.937500000000000e-01 6.875000000000000e-01 0.000000000000000e+00
5.625000000000000e-01 6.875000000000000e-01 0.000000000000000e+00
5.937500000000000e-01 6.562500000000000e-01 0.000000000000000e+00
6.250000000000000e-01 6.562500000000000e-01 0.000000000000000e+00
6.250000000000000e-01 6.875000000000000e-01 0.000000000000000e+00
5.937500000000000e-01 6.875000000000000e-01 0.000000000000000e+00
6.250000000000000e-01 6.562500000000000e-01 0.000000000000000e+00
6.562500000000000e-01 6.562500000000000e-01 0.000000000000000e+00
6.562500000000000e-01 6.875000000000000e-01 0.000000000000000e+00
6.250000000000000e-01 6.875000000000000e-01 0.000000000000000e+00
6.562500000000000e-01 6.562500000000000e-01 0.000000000000000e+00
6.875000000000000e-01 6.562500000000000e-01 0.000000000000000e+00
6.875000000000000e-01 6.875000000000000e-01 0.000000000000000e+00
6.562500000000000e-01 6.875000000000000e-01 0.000000000000000e+00
6.875000000000000e-01 6.562500000000000e-01 0.000000000000000e+00
7.187500000000000e-01 6.562500000000000e-01 0.000000000000000e+00
7.187500000000000e-01 6.875000000000000e-01 0.000000000000000e+00
6.875000000000000e-01 6.875000000000000e-01 0.000000000000000e+00
7.187500000000000e-01 6.562500000000000e-01 0.000000000000000e+00
7.500000000000000e-01 6.562500000000000e-01 0.000000000000000e+00
7.500000000000000e-01 6.875000000000000e-01 0.000000000000000e+00
7.187500000000000e-01 6.875000000000000e-01 0.000000000000000e+00
7.500000000000000e-01 6.562500000000000e-01 0.000000000000000e+00
7.812500000000000e-01 6.562500000000000e-01 0.000000000000000e+00
7.812500000000000e-01 6.875000000000000e-01 0.000000000000000e+00
7.500000000000000e-01 6.875000000000000e-01 0.000000000000000e+00
7.812500000000000e-01 6.562500000000000e-01 0.000000000000000e+00
8.125000000000000e-01 6.562500000000000e-01 0.000000000000000e+00
8.125000000000000e-01 6.875000000000000e-01 0.000000000000000e+00
7.812500000000000e-01 6.875000000000000e-01 0.000000000000000e+00
8.125000000000000e-01 6.562500000000000e-01 0.000000000000000e+00
8.437500000000000e-01 6.562500000000000e-01 0.000000000000000e+00
8.437500000000000e-01 6.875000000000000e-01 0.000000000000000e+00
8.125000000000000e-01 6.875000000000000e-01 0.000000000000000e+00
8.437500000000000e-01 6.562500000000000e-01 0.000000000000000e+00
8.750000000000000e-01 6.562500000000000e-01 0.000000000000000e+00
8.750000000000000e-01 6.875000000000000e-01 0.000000000000000e+00
8.437500000000000e-01 6.875000000000000e-01 0.000000000000000e+00
8.750000000000000e-01 6.562500000000000e-01 0.000000000000000e+00
9.062500000000000e-01 6.562500000000000e-01 0.000000000000000e+00
9.062500000000000e-01 6.875000000000000e-01 0.000000000000000e+00
8.750000000000000e-01 6.875000000000000e-01 0.000000000000000e+00
9.062500000000000e-01 6.562500000000000e-01 0.000000000000000e+00
9.375000000000000e-01 6.562500000000000e-01 0.000000000000000e+00
9.375000000000000e-01 6.875000000000000e-01 0.000000000000000e+00
9.062500000000000e-01 6.875000000000000e-01 0.000000000000000e+00
9.375000000000000e-01 6.562500000000000e-01 0.000000000000000e+00
9.687500000000000e-01 6.562500000000000e-01 0.000000000000000e+00
9.687500000000000e-01 6.875000000000000e-01 0.000000000000000e+00
9.375000000000000e-01 6.875000000000000e-01 0.000000000000000e+00
9.687500000000000e-01 6.562500000000000e-01 0.000000000000000e+00
1.000000000000000e+00 6.562500000000000e-01 0.000000000000000e+00
1.000000000000000e+00 6.875000000000000e-01 0.000000000000000e+00
9.687500000000000e-01 6.875000000000000e-01 0.000000000000000e+00
0.000000000000000e+00 6.875000000000000e-01 0.000000000000000e+00
3.125000000000000e-02 6.875000000000000e-01 0.000000000000000e+00
3.125000000000000e-02 7.187500000000000e-01 0.000000000000000e+00
0.000000000000000e+00 7.187500000000000e-01 0.000000000000000e+00
3.125000000000000e-02 6.875000000000000e-01 0.000000000000000e+00
6.250000000000000e-02 6.875000000000000e-01 0.000000000000000e+00
6.250000000000000e-02 7.187500000000000e-01 0.000000000000000e+00
3.125000000000000e-02 7.187500000000000e-01 0.000000000000000e+00
6.250000000000000e-02 6.875000000000000e-01 0.000000000000000e+00
9.375000000000000e-02 6.875000000000000e-01 0.000000000000000e+00
9.375000000000000e-02 7.187500000000000e-01 0.000000000000000e+00
6.250000000000000e-02 7.187500000000000e-01 0.000000000000000e+00
9.375000000000000e-02 6.875000000000000e-01 0.000000000000000e+00
1.250000000000000e-01 6.875000000000000e-01 0.000000000000000e+00
1.250000000000000e-01 7.187500000000000e-01 0.000000000000000e+00
9.375000000000000e-02 7.187500000000000e-01 0.000000000000000e+00
1.250000000000000e-01 6.875000000000000e-01 0.000000000000000e+00
1.562500000000000e-01 6.875000000000000e-01 0.000000000000000e+00
1.562500000000000e-01 7.187500000000000e-01 0.000000000000000e+00
1.250000000000000e-01 7.187500000000000e-01 0.000000000000000e+00
1.562500000000000e-01 6.875000000000000e-01 0.000000000000000e+00
1.875000000000000e-01 6.875000000000000e-01 0.000000000000000e+00
1.875000000000000e-01 7.187500000000000e-01 0.000000000000000e+00
1.562500000000000e-01 7.187500000000000e-01 0.000000000000000e+00
1.875000000000000e-01 6.875000000000000e-01 0.000000000000000e+00
2.187500000000000e-01 6.875000000000000e-01 0.000000000000000e+00
2.187500000000000e-01 7.187500000000000e-01 0.000000000000000e+00
1.875000000000000e-01 7.187500000000000e-01 0.000000000000000e+00
2.187500000000000e-01 6.875000000000000e-01 0.000000000000000e+00
2.500000000000000e-01 6.875000000000000e-01 0.000000000000000e+00
2.500000000000000e-01 7.187500000000000e-01 0.000000000000000e+00
2.187500000000000e-01 7.187500000000000e-01 0.000000000000000e+00
2.500000000000000e-01 6.875000000000000e-01 0.000000000000000e+00
2.812500000000000e-01 6.875000000000000e-01 0.000000000000000e+00
2.812500000000000e-01 7.187500000000000e-01 0.000000000000000e+00
2.500000000000000e-01 7.187500000000000e-01 0.000000000000000e+00
2.812500000000000e-01 6.875000000000000e-01 0.000000000000000e+00
3.125000000000000e-01 6.875000000000000e-01 0.000000000000000e+00
3.125000000000000e-01 7.187500000000000e-01 0.000000000000000e+00
2.812500000000000e-01 7.187500000000000e-01 0.000000000000000e+00
3.125000000000000e-01 6.875000000000000e-01 0.000000000000000e+00
3.437500000000000e-01 6.875000000000000e-01 0.000000000000000e+00
3.437500000000000e-01 7.187500000000000e-01 0.000000000000000e+00
3.125000000000000e-01 7.187500000000000e-01 0.000000000000000e+00
3.437500000000000e-01 6.875000000000000e-01 0.000000000000000e+00
3.750000000000000e-01 6.875000000000000e-01 0.000000000000000e+00
3.750000000000000e-01 7.187500000000000e-01 0.000000000000000e+00
3.437500000000000e-01 7.187500000000000e-01 0.000000000000000e+00
3.750000000000000e-01 6.875000000000000e-01 0.000000000000000e+00
4.062500000000000e-01 6.875000000000000e-01 0.000000000000000e+00
4.062500000000000e-01 7.187500000000000e-01 0.000000000000000e+00
3.750000000000000e-01 7.187500000000000e-01 0.000000000000000e+00
4.062500000000000e-01 6.875000000000000e-01 0.000000000000000e+00
4.375000000000000e-01 6.875000000000000e-01 0.000000000000000e+00
4.375000000000000e-01 7.187500000000000e-01 0.000000000000000e+00
4.062500000000000e-01 7.187500000000000e-01 0.000000000000000e+00
4.375000000000000e-01 6.875000000000000e-01 0.000000000000000e+00
4.687500000000000e-01 6.875000000000000e-01 0.000000000000000e+00
4.687500000000000e-01 7.187500000000000e-01 0.000000000000000e+00
4.375000000000000e-01 7.187500000000000e-01 0.000000000000000e+00
4.687500000000000e-01 6.875000000000000e-01 0.000000000000000e+00
5.000000000000000e-01 6.875000000000000e-01 0.000000000000000e+00
5.000000000000000e-01 7.187500000000000e-01 0.000000000000000e+00
4.687500000000000e-01 7.187500000000000e-01 0.000000000000000e+00
5.000000000000000e-01 6.875000000000000e-01 0.000000000000000e+00
5.312500000000000e-01 6.875000000000000e-01 0.000000000000000e+00
5.312500000000000e-01 7.187500000000000e-01 0.000000000000000e+00
5.000000000000000e-01 7.187500000000000e-01 0.000000000000000e+00
5.312500000000000e-01 6.875000000000000e-01 0.000000000000000e+00
5.625000000000000e-01 6.875000000000000e-01 0.000000000000000e+00
5.625000000000000e-01 7.187500000000000e-01 0.000000000000000e+00
5.312500000000000e-01 7.187500000000000e-01 0.000000000000000e+00
5.625000000000000e-01 6.875000000000000e-01 0.000000000000000e+00
5.937500000000000e-01 6.875000000000000e-01 0.000000000000000e+00
5.937500000000000e-01 7.187500000000000e-01 0.000000000000000e+00
5.625000000000000e-01 7.187500000000000e-01 0.000000000000000e+00
5.937500000000000e-01 6.875000000000000e-01 0.000000000000000e+00
6.250000000000000e-01 6.875000000000000e-01 0.000000000000000e+00
6.250000000000000e-01 7.187500000000000e-01 0.000000000000000e+00
5.937500000000000e-01 7.187500000000000e-01 0.000000000000000e+00
6.250000000000000e-01 6.875000000000000e-01 0.000000000000000e+00
6.562500000000000e-01 6.875000000000000e-01 0.000000000000000e+00
6.562500000000000e-01 7.187500000000000e-01 0.000000000000000e+00
6.250000000000000e-01 7.187500000000000e-01 0.000000000000000e+00
6.562500000000000e-01 6.875000000000000e-01 0.000000000000000e+00
6.875000000000000e-01 6.875000000000000e-01 0.000000000000000e+00
6.875000000000000e-01 7.187500000000000e-01 0.000000000000000e+00
6.562500000000000e-01 7.187500000000000e-01 0.000000000000000e+00
6.875000000000000e-01 6.875000000000000e-01 0.000000000000000e+00
7.187500000000000e-01 6.875000000000000e-01 0.000000000000000e+00
7.187500000000000e-01 7.187500000000000e-01 0.000000000000000e+00
6.875000000000000e-01 7.187500000000000e-01 0.000000000000000e+00
7.187500000000000e-01 6.875000000000000e-01 0.000000000000000e+00
7.500000000000000e-01 6.875000000000000e-01 0.000000000000000e+00
7.500000000000000e-01 7.187500000000000e-01 0.000000000000000e+00
7.187500000000000e-01 7.187500000000000e-01 0.000000000000000e+00
7.500000000000000e-01 6.875000000000000e-01 0.000000000000000e+00
7.812500000000000e-01 6.875000000000000e-01 0.000000000000000e+00
7.812500000000000e-01 7.187500000000000e-01 0.000000000000000e+00
7.500000000000000e-01 7.187500000000000e-01 0.000000000000000e+00
7.812500000000000e-01 6.875000000000000e-01 0.000000000000000e+00
8.125000000000000e-01 6.875000000000000e-01 0.000000000000000e+00
8.125000000000000e-01 7.187500000000000e-01 0.000000000000000e+00
7.812500000000000e-01 7.187500000000000e-01 0.000000000000000e+00
8.125000000000000e-01 6.875000000000000e-01 0.000000000000000e+00
8.437500000000000e-01 6.875000000000000e-01 0.000000000000000e+00
8.437500000000000e-01 7.187500000000000e-01 0.000000000000000e+00
8.125000000000000e-01 7.187500000000000e-01 0.000000000000000e+00
8.437500000000000e-01 6.875000000000000e-01 0.000000000000000e+00
8.750000000000000e-01 6.875000000000000e-01 0.000000000000000e+00
8.750000000000000e-01 7.187500000000000e-01 0.000000000000000e+00
8.437500000000000e-01 7.187500000000000e-01 0.000000000000000e+00
8.750000000000000e-01 6.875000000000000e-01 0.000000000000000e+00
9.062500000000000e-01 6.875000000000000e-01 0.000000000000000e+00
9.062500000000000e-01 7.187500000000000e-01 0.000000000000000e+00
8.750000000000000e-01 7.187500000000000e-01 0.000000000000000e+00
9.062500000000000e-01 6.875000000000000e-01 0.000000000000000e+00
9.375000000000000e-01 6.875000000000000e-01 0.000000000000000e+00
9.375000000000000e-01 7.187500000000000e-01 0.000000000000000e+00
9.062500000000000e-01 7.187500000000000e-01 0.000000000000000e+00
9.375000000000000e-01 6.875000000000000e-01 0.000000000000000e+00
9.687500000000000e-01 6.875000000000000e-01 0.000000000000000e+00
9.687500000000000e-01 7.187500000000000e-01 0.000000000000000e+00
9.375000000000000e-01 7.187500000000000e-01 0.000000000000000e+00
9.687500000000000e-01 6.875000000000000e-01 0.000000000000000e+00
1.000000000000000e+00 6.875000000000000e-01 0.000000000000000e+00
1.000000000000000e+00 7.187500000000000e-01 0.000000000000000e+00
9.687500000000000e-01 7.187500000000000e-01 0.000000000000000e+00
0.000000000000000e+00 7.187500000000000e-01 0.000000000000000e+00
3.125000000000000e-02 7.187500000000000e-01 0.000000000000000e+00
3.125000000000000e-02 7.500000000000000e-01 0.000000000000000e+00
0.000000000000000e+00 7.500000000000000e-01 0.000000000000000e+00
3.125000000000000e-02 7.187500000000000e-01 0.000000000000000e+00
6.250000000000000e-02 7.187500000000000e-01 0.000000000000000e+00
6.250000000000000e-02 7.500000000000000e-01 0.000000000000000e+00
3.125000000000000e-02 7.500000000000000e-01 0.000000000000000e+00
6.250000000000000e-02 7.187500000000000e-01 0.000000000000000e+00
9.375000000000000e-02 7.187500000000000e-01 0.000000000000000e+00
9.375000000000000e-02 7.500000000000000e-01 0.000000000000000e+00
6.250000000000000e-02 7.500000000000000e-01 0.000000000000000e+00
9.375000000000000e-02 7.187500000000000e-01 0.000000000000000e+00
1.250000000000000e-01 7.187500000000000e-01 0.000000000000000e+00
1.250000000000000e-01 7.500000000000000e-01 0.000000000000000e+00
9.375000000000000e-02 7.500000000000000e-01 0.000000000000000e+00
1.250000000000000e-01 7.187500000000000e-01 0.000000000000000e+00
1.562500000000000e-01 7.187500000000000e-01 0.000000000000000e+00
1.562500000000000e-01 7.500000000000000e-01 0.000000000000000e+00
1.250000000000000e-01 7.500000000000000e-01 0.000000000000000e+00
1.562500000000000e-01 7.187500000000000e-01 0.000000000000000e+00
1.875000000000000e-01 7.187500000000000e-01 0.000000000000000e+00
1.875000000000000e-01 7.500000000000000e-01 0.000000000000000e+00
1.562500000000000e-01 7.500000000000000e-01 0.000000000000000e+00
1.875000000000000e-01 7.187500000000000e-01 0.000000000000000e+00
2.187500000000000e-01 7.187500000000000e-01 0.000000000000000e+00
2.187500000000000e-01 7.500000000000000e-01 0.000000000000000e+00
1.875000000000000e-01 7.500000000000000e-01 0.000000000000000e+00
2.187500000000000e-01 7.187500000000000e-01 0.000000000000000e+00
2.500000000000000e-01 7.187500000000000e-01 0.000000000000000e+00
2.500000000000000e-01 7.500000000000000e-01 0.000000000000000e+00
2.187500000000000e-01 7.500000000000000e-01 0.000000000000000e+00
2.500000000000000e-01 7.187500000000000e-01 0.000000000000000e+00
2.812500000000000e-01 7.187500000000000e-01 0.000000000000000e+00
2.812500000000000e-01 7.500000000000000e-01 0.000000000000000e+00
2.500000000000000e-01 7.500000000000000e-01 0.000000000000000e+00
2.812500000000000e-01 7.187500000000000e-01 0.000000000000000e+00
3.125000000000000e-01 7.187500000000000e-01 0.000000000000000e+00
3.125000000000000e-01 7.500000000000000e-01 0.000000000000000e+00
2.812500000000000e-01 7.500000000000000e-01 0.000000000000000e+00
3.125000000000000e-01 7.187500000000000e-01 0.000000000000000e+00
3.437500000000000e-01 7.187500000000000e-01 0.000000000000000e+00
3.437500000000000e-01 7.500000000000000e-01 0.000000000000000e+00
3.125000000000000e-01 7.500000000000000e-01 0.000000000000000e+00
3.437500000000000e-01 7.187500000000000e-01 0.000000000000000e+00
3.750000000000000e-01 7.187500000000000e-01 0.000000000000000e+00
3.750000000000000e-01 7.500000000000000e-01 0.000000000000000e+00
3.437500000000000e-01 7.500000000000000e-01 0.000000000000000e+00
3.750000000000000e-01 7.187500000000000e-01 0.000000000000000e+00
4.062500000000000e-01 7.187500000000000e-01 0.000000000000000e+00
4.062500000000000e-01 7.500000000000000e-01 0.000000000000000e+00
3.750000000000000e-01 7.500000000000000e-01 0.000000000000000e+00
4.062500000000000e-01 7.187500000000000e-01 0.000000000000000e+00
4.375000000000000e-01 7.187500000000000e-01 0.000000000000000e+00
4.375000000000000e-01 7.500000000000000e-01 0.000000000000000e+00
4.062500000000000e-01 7.500000000000000e-01 0.000000000000000e+00
4.375000000000000e-01 7.187500000000000e-01 0.000000000000000e+00
4.687500000000000e-01 7.187500000000000e-01 0.000000000000000e+00
4.687500000000000e-01 7.500000000000000e-01 0.000000000000000e+00
4.375000000000000e-01 7.500000000000000e-01 0.000000000000000e+00
4.687500000000000e-01 7.187500000000000e-01 0.000000000000000e+00
5.000000000000000e-01 7.187500000000000e-01 0.000000000000000e+00
5.000000000000000e-01 7.500000000000000e-01 0.000000000000000e+00
4.687500000000000e-01 7.500000000000000e-01 0.000000000000000e+00
5.000000000000000e-01 7.187500000000000e-01 0.000000000000000e+00
5.312500000000000e-01 7.187500000000000e-01 0.000000000000000e+00
5.312500000000000e-01 7.500000000000000e-01 0.000000000000000e+00
5.000000000000000e-01 7.500000000000000e-01 0.000000000000000e+00
5.312500000000000e-01 7.187500000000000e-01 0.000000000000000e+00
5.625000000000000e-01 7.187500000000000e-01 0.000000000000000e+00
5.625000000000000e-01 7.500000000000000e-01 0.000000000000000e+00
5.312500000000000e-01 7.500000000000000e-01 0.000000000000000e+00
5.625000000000000e-01 7.187500000000000e-01 0.000000000000000e+00
5.937500000000000e-01 7.187500000000000e-01 0.000000000000000e+00
5.937500000000000e-01 7.500000000000000e-01 0.000000000000000e+00
5.625000000000000e-01 7.500000000000000e-01 0.000000000000000e+00
5.937500000000000e-01 7.187500000000000e-01 0.000000000000000e+00
6.250000000000000e-01 7.187500000000000e-01 0.000000000000000e+00
6.250000000000000e-01 7.500000000000000e-01 0.000000000000000e+00
5.937500000000000e-01 7.500000000000000e-01 0.000000000000000e+00
6.250000000000000e-01 7.187500000000000e-01 0.000000000000000e+00
6.562500000000000e-01 7.187500000000000e-01 0.000000000000000e+00
6.562500000000000e-01 7.500000000000000e-01 0.000000000000000e+00
6.250000000000000e-01 7.500000000000000e-01 0.000000000000000e+00
6.562500000000000e-01 7.187500000000000e-01 0.000000000000000e+00
6.875000000000000e-01 7.187500000000000e-01 0.000000000000000e+00
6.875000000000000e-01 7.500000000000000e-01 0.000000000000000e+00
6.562500000000000e-01 7.500000000000000e-01 0.000000000000000e+00
6.875000000000000e-01 7.187500000000000e-01 0.000000000000000e+00
7.187500000000000e-01 7.187500000000000e-01 0.000000000000000e+00
7.187500000000000e-01 7.500000000000000e-01 0.000000000000000e+00
6.875000000000000e-01 7.500000000000000e-01 0.000000000000000e+00
7.187500000000000e-01 7.187500000000000e-01 0.000000000000000e+00
7.500000000000000e-01 7.187500000000000e-01 0.000000000000000e+00
7.500000000000000e-01 7.500000000000000e-01 0.000000000000000e+00
7.187500000000000e-01 7.500000000000000e-01 0.000000000000000e+00
7.500000000000000e-01 7.187500000000000e-01 0.000000000000000e+00
7.812500000000000e-01 7.187500000000000e-01 0.000000000000000e+00
7.812500000000000e-01 7.500000000000000e-01 0.000000000000000e+00
7.500000000000000e-01 7.500000000000000e-01 0.000000000000000e+00
7.812500000000000e-01 7.187500000000000e-01 0.000000000000000e+00
8.125000000000000e-01 7.187500000000000e-01 0.000000000000000e+00
8.125000000000000e-01 7.500000000000000e-01 0.000000000000000e+00
7.812500000000000e-01 7.500000000000000e-01 0.000000000000000e+00
8.125000000000000e-01 7.187500000000000e-01 0.000000000000000e+00
8.437500000000000e-01 7.187500000000000e-01 0.000000000000000e+00
8.437500000000000e-01 7.500000000000000e-01 0.000000000000000e+00
8.125000000000000e-01 7.500000000000000e-01 0.000000000000000e+00
8.437500000000000e-01 7.187500000000000e-01 0.000000000000000e+00
8.750000000000000e-01 7.187500000000000e-01 0.000000000000000e+00
8.750000000000000e-01 7.500000000000000e-01 0.000000000000000e+00
8.437500000000000e-01 7.500000000000000e-01 0.000000000000000e+00
8.750000000000000e-01 7.187500000000000e-01 0.000000000000000e+00
9.062500000000000e-01 7.187500000000000e-01 0.000000000000000e+00
9.062500000000000e-01 7.500000000000000e-01 0.000000000000000e+00
8.750000000000000e-01 7.500000000000000e-01 0.000000000000000e+00
9.062500000000000e-01 7.187500000000000e-01 0.000000000000000e+00
9.375000000000000e-01 7.187500000000000e-01 0.000000000000000e+00
9.375000000000000e-01 7.500000000000000e-01 0.000000000000000e+00
9.062500000000000e-01 7.500000000000000e-01 0.000000000000000e+00
9.375000000000000e-01 7.187500000000000e-01 0.000000000000000e+00
9.687500000000000e-01 7.187500000000000e-01 0.000000000000000e+00
9.687500000000000e-01 7.500000000000000e-01 0.000000000000000e+00
9.375000000000000e-01 7.500000000000000e-01 0.000000000000000e+00
9.687500000000000e-01 7.187500000000000e-01 0.000000000000000e+00
1.000000000000000e+00 7.187500000000000e-01 0.000000000000000e+00
1.000000000000000e+00 7.500000000000000e-01 0.000000000000000e+00
9.687500000000000e-01 7.500000000000000e-01 0.000000000000000e+00
0.000000000000000e+00 7.500000000000000e-01 0.000000000000000e+00
3.125000000000000e-02 7.500000000000000e-01 0.000000000000000e+00
3.125000000000000e-02 7.812500000000000e-01 0.000000000000000e+00
0.000000000000000e+00 7.812500000000000e-01 0.000000000000000e+00
3.125000000000000e-02 7.500000000000000e-01 0.000000000000000e+00
6.250000000000000e-02 7.500000000000000e-01 0.000000000000000e+00
6.250000000000000e-02 7.812500000000000e-01 0.000000000000000e+00
3.125000000000000e-02 7.812500000000000e-01 0.000000000000000e+00
6.250000000000000e-02 7.500000000000000e-01 0.000000000000000e+00
9.375000000000000e-02 7.500000000000000e-01 0.000000000000000e+00
9.375000000000000e-02 7.812500000000000e-01 0.000000000000000e+00
6.250000000000000e-02 7.812500000000000e-01 0.000000000000000e+00
9.375000000000000e-02 7.500000000000000e-01 0.000000000000000e+00
1.250000000000000e-01 7.500000000000000e-01 0.000000000000000e+00
1.250000000000000e-01 7.812500000000000e-01 0.000000000000000e+00
9.375000000000000e-02 7.812500000000000e-01 0.000000000000000e+00
1.250000000000000e-01 7.500000000000000e-01 0.000000000000000e+00
1.562500000000000e-01 7.500000000000000e-01 0.000000000000000e+00
1.562500000000000e-01 7.812500000000000e-01 0.000000000000000e+00
1.250000000000000e-01 7.812500000000000e-01 0.000000000000000e+00
1.562500000000000e-01 7.500000000000000e-01 0.000000000000000e+00
1.875000000000000e-01 7.500000000000000e-01 0.000000000000000e+00
1.875000000000000e-01 7.812500000000000e-01 0.000000000000000e+00
1.562500000000000e-01 7.812500000000000e-01 0.000000000000000e+00
1.875000000000000e-01 7.500000000000000e-01 0.000000000000000e+00
2.187500000000000e-01 7.500000000000000e-01 0.000000000000000e+00
2.187500000000000e-01 7.812500000000000e-01 0.000000000000000e+00
1.875000000000000e-01 7.812500000000000e-01 0.000000000000000e+00
2.187500000000000e-01 7.500000000000000e-01 0.000000000000000e+00
2.500000000000000e-01 7.500000000000000e-01 0.000000000000000e+00
2.500000000000000e-01 7.812500000000000e-01 0.000000000000000e+00
2.187500000000000e-01 7.812500000000000e-01 0.000000000000000e+00
2.500000000000000e-01 7.500000000000000e-01 0.000000000000000e+00
2.812500000000000e-01 7.500000000000000e-01 0.000000000000000e+00
2.812500000000000e-01 7.812500000000000e-01 0.000000000000000e+00
2.500000000000000e-01 7.812500000000000e-01 0.000000000000000e+00
2.812500000000000e-01 7.500000000000000e-01 0.000000000000000e+00
3.125000000000000e-01 7.500000000000000e-01 0.000000000000000e+00
3.125000000000000e-01 7.812500000000000e-01 0.000000000000000e+00
2.812500000000000e-01 7.812500000000000e-01 0.000000000000000e+00
3.125000000000000e-01 7.500000000000000e-01 0.000000000000000e+00
3.437500000000000e-01 7.500000000000000e-01 0.000000000000000e+00
3.437500000000000e-01 7.812500000000000e-01 0.000000000000000e+00
3.125000000000000e-01 7.812500000000000e-01 0.000000000000000e+00
3.437500000000000e-01 7.500000000000000e-01 0.000000000000000e+00
3.750000000000000e-01 7.500000000000000e-01 0.000000000000000e+00
3.750000000000000e-01 7.812500000000000e-01 0.000000000000000e+00
3.437500000000000e-01 7.812500000000000e-01 0.000000000000000e+00
3.750000000000000e-01 7.500000000000000e-01 0.000000000000000e+00
4.062500000000000e-01 7.500000000000000e-01 0.000000000000000e+00
4.062500000000000e-01 7.812500000000000e-01 0.000000000000000e+00
3.750000000000000e-01 7.812500000000000e-01 0.000000000000000e+00
4.062500000000000e-01 7.500000000000000e-01 0.000000000000000e+00
4.375000000000000e-01 7.500000000000000e-01 0.000000000000000e+00
4.375000000000000e-01 7.812500000000000e-01 0.000000000000000e+00
4.062500000000000e-01 7.812500000000000e-01 0.000000000000000e+00
4.375000000000000e-01 7.500000000000000e-01 0.000000000000000e+00
4.687500000000000e-01 7.500000000000000e-01 0.000000000000000e+00
4.687500000000000e-01 7.812500000000000e-01 0.000000000000000e+00
4.375000000000000e-01 7.812500000000000e-01 0.000000000000000e+00
4.687500000000000e-01 7.500000000000000e-01 0.000000000000000e+00
5.000000000000000e-01 7.500000000000000e-01 0.000000000000000e+00
5.000000000000000e-01 7.812500000000000e-01 0.000000000000000e+00
4.687500000000000e-01 7.812500000000000e-01 0.000000000000000e+00
5.000000000000000e-01 7.500000000000000e-01 0.000000000000000e+00
5.312500000000000e-01 7.500000000000000e-01 0.000000000000000e+00
5.312500000000000e-01 7.812500000000000e-01 0.000000000000000e+00
5.000000000000000e-01 7.812500000000000e-01 0.000000000000000e+00
5.312500000000000e-01 7.500000000000000e-01 0.000000000000000e+00
5.625000000000000e-01 7.500000000000000e-01 0.000000000000000e+00
5.625000000000000e-01 7.812500000000000e-01 0.000000000000000e+00
5.312500000000000e-01 7.812500000000000e-01 0.000000000000000e+00
5.625000000000000e-01 7.500000000000000e-01 0.000000000000000e+00
5.937500000000000e-01 7.500000000000000e-01 0.000000000000000e+00
5.937500000000000e-01 7.812500000000000e-01 0.000000000000000e+00
5.625000000000000e-01 7.812500000000000e-01 0.000000000000000e+00
5.937500000000000e-01 7.500000000000000e-01 0.000000000000000e+00
6.250000000000000e-01 7.500000000000000e-01 0.000000000000000e+00
6.250000000000000e-01 7.812500000000000e-01 0.000000000000000e+00
5.937500000000000e-01 7.812500000000000e-01 0.000000000000000e+00
6.250000000000000e-01 7.500000000000000e-01 0.000000000000000e+00
6.562500000000000e-01 7.500000000000000e-01 0.000000000000000e+00
6.562500000000000e-01 7.812500000000000e-01 0.000000000000000e+00
6.250000000000000e-01 7.812500000000000e-01 0.000000000000000e+00
6.562500000000000e-01 7.500000000000000e-01 0.000000000000000e+00
6.875000000000000e-01 7.500000000000000e-01 0.000000000000000e+00
6.875000000000000e-01 7.812500000000000e-01 0.000000000000000e+00
6.562500000000000e-01 7.812500000000000e-01 0.000000000000000e+00
6.875000000000000e-01 7.500000000000000e-01 0.000000000000000e+00
7.187500000000000e-01 7.500000000000000e-01 0.000000000000000e+00
7.187500000000000e-01 7.812500000000000e-01 0.000000000000000e+00
6.875000000000000e-01 7.812500000000000e-01 0.000000000000000e+00
7.187500000000000e-01 7.500000000000000e-01 0.000000000000000e+00
7.500000000000000e-01 7.500000000000000e-01 0.000000000000000e+00
7.500000000000000e-01 7.812500000000000e-01 0.000000000000000e+00
7.187500000000000e-01 7.812500000000000e-01 0.000000000000000e+00
7.500000000000000e-01 7.500000000000000e-01 0.000000000000000e+00
7.812500000000000e-01 7.500000000000000e-01 0.000000000000000e+00
7.812500000000000e-01 7.812500000000000e-01 0.000000000000000e+00
7.500000000000000e-01 7.812500000000000e-01 0.000000000000000e+00
7.812500000000000e-01 7.500000000000000e-01 0.000000000000000e+00
8.125000000000000e-01 7.500000000000000e-01 0.000000000000000e+00
8.125000000000000e-01 7.812500000000000e-01 0.000000000000000e+00
7.812500000000000e-01 7.812500000000000e-01 0.000000000000000e+00
8.125000000000000e-01 7.500000000000000e-01 0.000000000000000e+00
8.437500000000000e-01 7.500000000000000e-01 0.000000000000000e+00
8.437500000000000e-01 7.812500000000000e-01 0.000000000000000e+00
8.125000000000000e-01 7.812500000000000e-01 0.000000000000000e+00
8.437500000000000e-01 7.500000000000000e-01 0.000000000000000e+00
8.750000000000000e-01 7.500000000000000e-01 0.000000000000000e+00
8.750000000000000e-01 7.812500000000000e-01 0.000000000000000e+00
8.437500000000000e-01 7.812500000000000e-01 0.000000000000000e+00
8.750000000000000e-01 7.500000000000000e-01 0.000000000000000e+00
9.062500000000000e-01 7.500000000000000e-01 0.000000000000000e+00
9.062500000000000e-01 7.812500000000000e-01 0.000000000000000e+00
8.750000000000000e-01 7.812500000000000e-01 0.000000000000000e+00
9.062500000000000e-01 7.500000000000000e-01 0.000000000000000e+00
9.375000000000000e-01 7.500000000000000e-01 0.000000000000000e+00
9.375000000000000e-01 7.812500000000000e-01 0.000000000000000e+00
9.062500000000000e-01 7.812500000000000e-01 0.000000000000000e+00
9.375000000000000e-01 7.500000000000000e-01 0.000000000000000e+00
9.687500000000000e-01 7.500000000000000e-01 0.000000000000000e+00
9.687500000000000e-01 7.812500000000000e-01 0.000000000000000e+00
9.375000000000000e-01 7.812500000000000e-01 0.000000000000000e+00
9.687500000000000e-01 7.500000000000000e-01 0.000000000000000e+00
1.000000000000000e+00 7.500000000000000e-01 0.000000000000000e+00
1.000000000000000e+00 7.812500000000000e-01 0.000000000000000e+00
9.687500000000000e-01 7.812500000000000e-01 0.000000000000000e+00
0.000000000000000e+00 7.812500000000000e-01 0.000000000000000e+00
3.125000000000000e-02 7.812500000000000e-01 0.000000000000000e+00
3.125000000000000e-02 8.125000000000000e-01 0.000000000000000e+00
0.000000000000000e+00 8.125000000000000e-01 0.000000000000000e+00
3.125000000000000e-02 7.812500000000000e-01 0.000000000000000e+00
6.250000000000000e-02 7.812500000000000e-01 0.000000000000000e+00
6.250000000000000e-02 8.125000000000000e-01 0.000000000000000e+00
3.125000000000000e-02 8.125000000000000e-01 0.000000000000000e+00
6.250000000000000e-02 7.812500000000000e-01 0.000000000000000e+00
9.375000000000000e-02 7.812500000000000e-01 0.000000000000000e+00
9.375000000000000e-02 8.125000000000000e-01 0.000000000000000e+00
6.250000000000000e-02 8.125000000000000e-01 0.000000000000000e+00
9.375000000000000e-02 7.812500000000000e-01 0.000000000000000e+00
1.250000000000000e-01 7.812500000000000e-01 0.000000000000000e+00
1.250000000000000e-01 8.125000000000000e-01 0.000000000000000e+00
9.375000000000000e-02 8.125000000000000e-01 0.000000000000000e+00
1.250000000000000e-01 7.812500000000000e-01 0.000000000000000e+00
1.562500000000000e-01 7.812500000000000e-01 0.000000000000000e+00
1.562500000000000e-01 8.125000000000000e-01 0.000000000000000e+00
1.250000000000000e-01 8.125000000000000e-01 0.000000000000000e+00
1.562500000000000e-01 7.812500000000000e-01 0.000000000000000e+00
1.875000000000000e-01 7.812500000000000e-01 0.000000000000000e+00
1.875000000000000e-01 8.125000000000000e-01 0.000000000000000e+00
1.562500000000000e-01 8.125000000000000e-01 0.000000000000000e+00
1.875000000000000e-01 7.812500000000000e-01 0.000000000000000e+00
2.187500000000000e-01 7.812500000000000e-01 0.000000000000000e+00
2.187500000000000e-01 8.125000000000000e-01 0.000000000000000e+00
1.875000000000000e-01 8.125000000000000e-01 0.000000000000000e+00
2.187500000000000e-01 7.812500000000000e-01 0.000000000000000e+00
2.500000000000000e-01 7.812500000000000e-01 0.000000000000000e+00
2.500000000000000e-01 8.125000000000000e-01 0.000000000000000e+00
2.187500000000000e-01 8.125000000000000e-01 0.000000000000000e+00
2.500000000000000e-01 7.812500000000000e-01 0.000000000000000e+00
2.812500000000000e-01 7.812500000000000e-01 0.000000000000000e+00
2.812500000000000e-01 8.125000000000000e-01 0.000000000000000e+00
2.500000000000000e-01 8.125000000000000e-01 0.000000000000000e+00
2.812500000000000e-01 7.812500000000000e-01 0.000000000000000e+00
3.125000000000000e-01 7.812500000000000e-01 0.000000000000000e+00
3.125000000000000e-01 8.125000000000000e-01 0.000000000000000e+00
2.812500000000000e-01 8.125000000000000e-01 0.000000000000000e+00
3.125000000000000e-01 7.812500000000000e-01 0.000000000000000e+00
3.437500000000000e-01 7.812500000000000e-01 0.000000000000000e+00
3.437500000000000e-01 8.125000000000000e-01 0.000000000000000e+00
3.125000000000000e-01 8.125000000000000e-01 0.000000000000000e+00
3.437500000000000e-01 7.812500000000000e-01 0.000000000000000e+00
3.750000000000000e-01 7.812500000000000e-01 0.000000000000000e+00
3.750000000000000e-01 8.125000000000000e-01 0.000000000000000e+00
3.437500000000000e-01 8.125000000000000e-01 0.000000000000000e+00
3.750000000000000e-01 7.812500000000000e-01 0.000000000000000e+00
4.062500000000000e-01 7.812500000000000e-01 0.000000000000000e+00
4.062500000000000e-01 8.125000000000000e-01 0.000000000000000e+00
3.750000000000000e-01 8.125000000000000e-01 0.000000000000000e+00
4.062500000000000e-01 7.812500000000000e-01 0.000000000000000e+00
4.375000000000000e-01 7.812500000000000e-01 0.000000000000000e+00
4.375000000000000e-01 8.125000000000000e-01 0.000000000000000e+00
4.062500000000000e-01 8.125000000000000e-01 0.000000000000000e+00
4.375000000000000e-01 7.812500000000000e-01 0.000000000000000e+00
4.687500000000000e-01 7.812500000000000e-01 0.000000000000000e+00
4.687500000000000e-01 8.125000000000000e-01 0.000000000000000e+00
4.375000000000000e-01 8.125000000000000e-01 0.000000000000000e+00
4.687500000000000e-01 7.812500000000000e-01 0.000000000000000e+00
5.000000000000000e-01 7.812500000000000e-01 0.000000000000000e+00
5.000000000000000e-01 8.125000000000000e-01 0.000000000000000e+00
4.687500000000000e-01 8.125000000000000e-01 0.000000000000000e+00
5.000000000000000e-01 7.812500000000000e-01 0.000000000000000e+00
5.312500000000000e-01 7.812500000000000e-01 0.000000000000000e+00
5.312500000000000e-01 8.125000000000000e-01 0.000000000000000e+00
5.000000000000000e-01 8.125000000000000e-01 0.000000000000000e+00
5.312500000000000e-01 7.812500000000000e-01 0.000000000000000e+00
5.625000000000000e-01 7.812500000000000e-01 0.000000000000000e+00
5.625000000000000e-01 8.125000000000000e-01 0.000000000000000e+00
5.312500000000000e-01 8.125000000000000e-01 0.000000000000000e+00
5.625000000000000e-01 7.812500000000000e-01 0.000000000000000e+00
5.937500000000000e-01 7.812500000000000e-01 0.000000000000000e+00
5.937500000000000e-01 8.125000000000000e-01 0.000000000000000e+00
5.625000000000000e-01 8.125000000000000e-01 0.000000000000000e+00
5.937500000000000e-01 7.812500000000000e-01 0.000000000000000e+00
6.250000000000000e-01 7.812500000000000e-01 0.000000000000000e+00
6.250000000000000e-01 8.125000000000000e-01 0.000000000000000e+00
5.937500000000000e-01 8.125000000000000e-01 0.000000000000000e+00
6.250000000000000e-01 7.812500000000000e-01 0.000000000000000e+00
6.562500000000000e-01 7.812500000000000e-01 0.000000000000000e+00
6.562500000000000e-01 8.125000000000000e-01 0.000000000000000e+00
6.250000000000000e-01 8.125000000000000e-01 0.000000000000000e+00
6.562500000000000e-01 7.812500000000000e-01 0.000000000000000e+00
6.875000000000000e-01 7.812500000000000e-01 0.000000000000000e+00
6.875000000000000e-01 8.125000000000000e-01 0.000000000000000e+00
6.562500000000000e-01 8.125000000000000e-01 0.000000000000000e+00
6.875000000000000e-01 7.812500000000000e-01 0.000000000000000e+00
7.187500000000000e-01 7.812500000000000e-01 0.000000000000000e+00
7.187500000000000e-01 8.125000000000000e-01 0.000000000000000e+00
6.875000000000000e-01 8.125000000000000e-01 0.000000000000000e+00
7.187500000000000e-01 7.812500000000000e-01 0.000000000000000e+00
7.500000000000000e-01 7.812500000000000e-01 0.000000000000000e+00
7.500000000000000e-01 8.125000000000000e-01 0.000000000000000e+00
7.187500000000000e-01 8.125000000000000e-01 0.000000000000000e+00
7.500000000000000e-01 7.812500000000000e-01 0.000000000000000e+00
7.812500000000000e-01 7.812500000000000e-01 0.000000000000000e+00
7.812500000000000e-01 8.125000000000000e-01 0.000000000000000e+00
7.500000000000000e-01 8.125000000000000e-01 0.000000000000000e+00
7.812500000000000e-01 7.812500000000000e-01 0.000000000000000e+00
8.125000000000000e-01 7.812500000000000e-01 0.000000000000000e+00
8.125000000000000e-01 8.125000000000000e-01 0.000000000000000e+00
7.812500000000000e-01 8.125000000000000e-01 0.000000000000000e+00
8.125000000000000e-01 7.812500000000000e-01 0.000000000000000e+00
8.437500000000000e-01 7.812500000000000e-01 0.000000000000000e+00
8.437500000000000e-01 8.125000000000000e-01 0.000000000000000e+00
8.125000000000000e-01 8.125000000000000e-01 0.000000000000000e+00
8.437500000000000e-01 7.812500000000000e-01 0.000000000000000e+00
8.750000000000000e-01 7.812500000000000e-01 0.000000000000000e+00
8.750000000000000e-01 8.125000000000000e-01 0.000000000000000e+00
8.437500000000000e-01 8.125000000000000e-01 0.000000000000000e+00
8.750000000000000e-01 7.812500000000000e-01 0.000000000000000e+00
9.062500000000000e-01 7.812500000000000e-01 0.000000000000000e+00
9.062500000000000e-01 8.125000000000000e-01 0.000000000000000e+00
8.750000000000000e-01 8.125000000000000e-01 0.000000000000000e+00
9.062500000000000e-01 7.812500000000000e-01 0.000000000000000e+00
9.375000000000000e-01 7.812500000000000e-01 0.000000000000000e+00
9.375000000000000e-01 8.125000000000000e-01 0.000000000000000e+00
9.062500000000000e-01 8.125000000000000e-01 0.000000000000000e+00
9.375000000000000e-01 7.812500000000000e-01 0.000000000000000e+00
9.687500000000000e-01 7.812500000000000e-01 0.000000000000000e+00
9.687500000000000e-01 8.125000000000000e-01 0.000000000000000e+00
9.375000000000000e-01 8.125000000000000e-01 0.000000000000000e+00
9.687500000000000e-01 7.812500000000000e-01 0.000000000000000e+00
1.000000000000000e+00 7.812500000000000e-01 0.000000000000000e+00
1.000000000000000e+00 8.125000000000000e-01 0.000000000000000e+00
9.687500000000000e-01 8.125000000000000e-01 0.000000000000000e+00
0.000000000000000e+00 8.125000000000000e-01 0.000000000000000e+00
3.125000000000000e-02 8.125000000000000e-01 0.000000000000000e+00
3.125000000000000e-02 8.437500000000000e-01 0.000000000000000e+00
0.000000000000000e+00 8.437500000000000e-01 0.000000000000000e+00
3.125000000000000e-02 8.125000000000000e-01 0.000000000000000e+00
6.250000000000000e-02 8.125000000000000e-01 0.000000000000000e+00
6.250000000000000e-02 8.437500000000000e-01 0.000000000000000e+00
3.125000000000000e-02 8.437500000000000e-01 0.000000000000000e+00
6.250000000000000e-02 8.125000000000000e-01 0.000000000000000e+00
9.375000000000000e-02 8.125000000000000e-01 0.000000000000000e+00
9.375000000000000e-02 8.437500000000000e-01 0.000000000000000e+00
6.250000000000000e-02 8.437500000000000e-01 0.000000000000000e+00
9.375000000000000e-02 8.125000000000000e-01 0.000000000000000e+00
1.250000000000000e-01 8.125000000000000e-01 0.000000000000000e+00
1.250000000000000e-01 8.437500000000000e-01 0.000000000000000e+00
9.375000000000000e-02 8.437500000000000e-01 0.000000000000000e+00
1.250000000000000e-01 8.125000000000000e-01 0.000000000000000e+00
1.562500000000000e-01 8.125000000000000e-01 0.000000000000000e+00
1.562500000000000e-01 8.437500000000000e-01 0.000000000000000e+00
1.250000000000000e-01 8.437500000000000e-01 0.000000000000000e+00
1.562500000000000e-01 8.125000000000000e-01 0.000000000000000e+00
1.875000000000000e-01 8.125000000000000e-01 0.000000000000000e+00
1.875000000000000e-01 8.437500000000000e-01 0.000000000000000e+00
1.562500000000000e-01 8.437500000000000e-01 0.000000000000000e+00
1.875000000000000e-01 8.125000000000000e-01 0.000000000000000e+00
2.187500000000000e-01 8.125000000000000e-01 0.000000000000000e+00
2.187500000000000e-01 8.437500000000000e-01 0.000000000000000e+00
1.875000000000000e-01 8.437500000000000e-01 0.000000000000000e+00
2.187500000000000e-01 8.125000000000000e-01 0.000000000000000e+00
2.500000000000000e-01 8.125000000000000e-01 0.000000000000000e+00
2.500000000000000e-01 8.437500000000000e-01 0.000000000000000e+00
2.187500000000000e-01 8.437500000000000e-01 0.000000000000000e+00
2.500000000000000e-01 8.125000000000000e-01 0.000000000000000e+00
2.812500000000000e-01 8.125000000000000e-01 0.000000000000000e+00
2.812500000000000e-01 8.437500000000000e-01 0.000000000000000e+00
2.500000000000000e-01 8.437500000000000e-01 0.000000000000000e+00
2.812500000000000e-01 8.125000000000000e-01 0.000000000000000e+00
3.125000000000000e-01 8.125000000000000e-01 0.000000000000000e+00
3.125000000000000e-01 8.437500000000000e-01 0.000000000000000e+00
2.812500000000000e-01 8.437500000000000e-01 0.000000000000000e+00
3.125000000000000e-01 8.125000000000000e-01 0.000000000000000e+00
3.437500000000000e-01 8.125000000000000e-01 0.000000000000000e+00
3.437500000000000e-01 8.437500000000000e-01 0.000000000000000e+00
3.125000000000000e-01 8.437500000000000e-01 0.000000000000000e+00
3.437500000000000e-01 8.125000000000000e-01 0.000000000000000e+00
3.750000000000000e-01 8.125000000000000e-01 0.000000000000000e+00
3.750000000000000e-01 8.437500000000000e-01 0.000000000000000e+00
3.437500000000000e-01 8.437500000000000e-01 0.000000000000000e+00
3.750000000000000e-01 8.125000000000000e-01 0.000000000000000e+00
4.062500000000000e-01 8.125000000000000e-01 0.000000000000000e+00
4.062500000000000e-01 8.437500000000000e-01 0.000000000000000e+00
3.750000000000000e-01 8.437500000000000e-01 0.000000000000000e+00
4.062500000000000e-01 8.125000000000000e-01 0.000000000000000e+00
4.375000000000000e-01 8.125000000000000e-01 0.000000000000000e+00
4.375000000000000e-01 8.437500000000000e-01 0.000000000000000e+00
4.062500000000000e-01 8.437500000000000e-01 0.000000000000000e+00
4.375000000000000e-01 8.125000000000000e-01 0.000000000000000e+00
4.687500000000000e-01 8.125000000000000e-01 0.000000000000000e+00
4.687500000000000e-01 8.437500000000000e-01 0.000000000000000e+00
4.375000000000000e-01 8.437500000000000e-01 0.000000000000000e+00
4.687500000000000e-01 8.125000000000000e-01 0.000000000000000e+00
5.000000000000000e-01 8.125000000000000e-01 0.000000000000000e+00
5.000000000000000e-01 8.437500000000000e-01 0.000000000000000e+00
4.687500000000000e-01 8.437500000000000e-01 0.000000000000000e+00
5.000000000000000e-01 8.125000000000000e-01 0.000000000000000e+00
5.312500000000000e-01 8.125000000000000e-01 0.000000000000000e+00
5.312500000000000e-01 8.437500000000000e-01 0.000000000000000e+00
5.000000000000000e-01 8.437500000000000e-01 0.000000000000000e+00
5.312500000000000e-01 8.125000000000000e-01 0.000000000000000e+00
5.625000000000000e-01 8.125000000000000e-01 0.000000000000000e+00
5.625000000000000e-01 8.437500000000000e-01 0.000000000000000e+00
5.312500000000000e-01 8.437500000000000e-01 0.000000000000000e+00
5.625000000000000e-01 8.125000000000000e-01 0.000000000000000e+00
5.937500000000000e-01 8.125000000000000e-01 0.000000000000000e+00
5.937500000000000e-01 8.437500000000000e-01 0.000000000000000e+00
5.625000000000000e-01 8.437500000000000e-01 0.000000000000000e+00
5.937500000000000e-01 8.125000000000000e-01 0.000000000000000e+00
6.250000000000000e-01 8.125000000000000e-01 0.000000000000000e+00
6.250000000000000e-01 8.437500000000000e-01 0.000000000000000e+00
5.937500000000000e-01 8.437500000000000e-01 0.000000000000000e+00
6.250000000000000e-01 8.125000000000000e-01 0.000000000000000e+00
6.562500000000000e-01 8.125000000000000e-01 0.000000000000000e+00
6.562500000000000e-01 8.437500000000000e-01 0.000000000000000e+00
6.250000000000000e-01 8.437500000000000e-01 0.000000000000000e+00
6.562500000000000e-01 8.125000000000000e-01 0.000000000000000e+00
6.875000000000000e-01 8.125000000000000e-01 0.000000000000000e+00
6.875000000000000e-01 8.437500000000000e-01 0.000000000000000e+00
6.562500000000000e-01 8.437500000000000e-01 0.000000000000000e+00
6.875000000000000e-01 8.125000000000000e-01 0.000000000000000e+00
7.187500000000000e-01 8.125000000000000e-01 0.000000000000000e+00
7.187500000000000e-01 8.437500000000000e-01 0.000000000000000e+00
6.875000000000000e-01 8.437500000000000e-01 0.000000000000000e+00
7.187500000000000e-01 8.125000000000000e-01 0.000000000000000e+00
7.500000000000000e-01 8.125000000000000e-01 0.000000000000000e+00
7.500000000000000e-01 8.437500000000000e-01 0.000000000000000e+00
7.187500000000000e-01 8.437500000000000e-01 0.000000000000000e+00
7.500000000000000e-01 8.125000000000000e-01 0.000000000000000e+00
7.812500000000000e-01 8.125000000000000e-01 0.000000000000000e+00
7.812500000000000e-01 8.437500000000000e-01 0.000000000000000e+00
7.500000000000000e-01 8.437500000000000e-01 0.000000000000000e+00
7.812500000000000e-01 8.125000000000000e-01 0.000000000000000e+00
8.125000000000000e-01 8.125000000000000e-01 0.000000000000000e+00
8.125000000000000e-01 8.437500000000000e-01 0.000000000000000e+00
7.812500000000000e-01 8.437500000000000e-01 0.000000000000000e+00
8.125000000000000e-01 8.125000000000000e-01 0.000000000000000e+00
8.437500000000000e-01 8.125000000000000e-01 0.000000000000000e+00
8.437500000000000e-01 8.437500000000000e-01 0.000000000000000e+00
8.125000000000000e-01 8.437500000000000e-01 0.000000000000000e+00
8.437500000000000e-01 8.125000000000000e-01 0.000000000000000e+00
8.750000000000000e-01 8.125000000000000e-01 0.000000000000000e+00
8.750000000000000e-01 8.437500000000000e-01 0.000000000000000e+00
8.437500000000000e-01 8.437500000000000e-01 0.000000000000000e+00
8.750000000000000e-01 8.125000000000000e-01 0.000000000000000e+00
9.062500000000000e-01 8.125000000000000e-01 0.000000000000000e+00
9.062500000000000e-01 8.437500000000000e-01 0.000000000000000e+00
8.750000000000000e-01 8.437500000000000e-01 0.000000000000000e+00
9.062500000000000e-01 8.125000000000000e-01 0.000000000000000e+00
9.375000000000000e-01 8.125000000000000e-01 0.000000000000000e+00
9.375000000000000e-01 8.437500000000000e-01 0.000000000000000e+00
9.062500000000000e-01 8.437500000000000e-01 0.000000000000000e+00
9.375000000000000e-01 8.125000000000000e-01 0.000000000000000e+00
9.687500000000000e-01 8.125000000000000e-01 0.000000000000000e+00
9.687500000000000e-01 8.437500000000000e-01 0.000000000000000e+00
9.375000000000000e-01 8.437500000000000e-01 0.000000000000000e+00
9.687500000000000e-01 8.125000000000000e-01 0.000000000000000e+00
1.000000000000000e+00 8.125000000000000e-01 0.000000000000000e+00
1.000000000000000e+00 8.437500000000000e-01 0.000000000000000e+00
9.687500000000000e-01 8.437500000000000e-01 0.000000000000000e+00
0.000000000000000e+00 8.437500000000000e-01 0.000000000000000e+00
3.125000000000000e-02 8.437500000000000e-01 0.000000000000000e+00
3.125000000000000e-02 8.750000000000000e-01 0.000000000000000e+00
0.000000000000000e+00 8.750000000000000e-01 0.000000000000000e+00
3.125000000000000e-02 8.437500000000000e-01 0.000000000000000e+00
6.250000000000000e-02 8.437500000000000e-01 0.000000000000000e+00
6.250000000000000e-02 8.750000000000000e-01 0.000000000000000e+00
3.125000000000000e-02 8.750000000000000e-01 0.000000000000000e+00
6.250000000000000e-02 8.437500000000000e-01 0.000000000000000e+00
9.375000000000000e-02 8.437500000000000e-01 0.000000000000000e+00
9.375000000000000e-02 8.750000000000000e-01 0.000000000000000e+00
6.250000000000000e-02 8.750000000000000e-01 0.000000000000000e+00
9.375000000000000e-02 8.437500000000000e-01 0.000000000000000e+00
1.250000000000000e-01 8.437500000000000e-01 0.000000000000000e+00
1.250000000000000e-01 8.750000000000000e-01 0.000000000000000e+00
9.375000000000000e-02 8.750000000000000e-01 0.000000000000000e+00
1.250000000000000e-01 8.437500000000000e-01 0.000000000000000e+00
1.562500000000000e-01 8.437500000000000e-01 0.000000000000000e+00
1.562500000000000e-01 8.750000000000000e-01 0.000000000000000e+00
1.250000000000000e-01 8.750000000000000e-01 0.000000000000000e+00
1.562500000000000e-01 8.437500000000000e-01 0.000000000000000e+00
1.875000000000000e-01 8.437500000000000e-01 0.000000000000000e+00
1.875000000000000e-01 8.750000000000000e-01 0.000000000000000e+00
1.562500000000000e-01 8.750000000000000e-01 0.000000000000000e+00
1.875000000000000e-01 8.437500000000000e-01 0.000000000000000e+00
2.187500000000000e-01 8.437500000000000e-01 0.000000000000000e+00
2.187500000000000e-01 8.750000000000000e-01 0.000000000000000e+00
1.875000000000000e-01 8.750000000000000e-01 0.000000000000000e+00
2.187500000000000e-01 8.437500000000000e-01 0.000000000000000e+00
2.500000000000000e-01 8.437500000000000e-01 0.000000000000000e+00
2.500000000000000e-01 8.750000000000000e-01 0.000000000000000e+00
2.187500000000000e-01 8.750000000000000e-01 0.000000000000000e+00
2.500000000000000e-01 8.437500000000000e-01 0.000000000000000e+00
2.812500000000000e-01 8.437500000000000e-01 0.000000000000000e+00
2.812500000000000e-01 8.750000000000000e-01 0.000000000000000e+00
2.500000000000000e-01 8.750000000000000e-01 0.000000000000000e+00
2.812500000000000e-01 8.437500000000000e-01 0.000000000000000e+00
3.125000000000000e-01 8.437500000000000e-01 0.000000000000000e+00
3.125000000000000e-01 8.750000000000000e-01 0.000000000000000e+00
2.812500000000000e-01 8.750000000000000e-01 0.000000000000000e+00
3.125000000000000e-01 8.437500000000000e-01 0.000000000000000e+00
3.437500000000000e-01 8.437500000000000e-01 0.000000000000000e+00
3.437500000000000e-01 8.750000000000000e-01 0.000000000000000e+00
3.125000000000000e-01 8.750000000000000e-01 0.000000000000000e+00
3.437500000000000e-01 8.437500000000000e-01 0.000000000000000e+00
3.750000000000000e-01 8.437500000000000e-01 0.000000000000000e+00
3.750000000000000e-01 8.750000000000000e-01 0.000000000000000e+00
3.437500000000000e-01 8.750000000000000e-01 0.000000000000000e+00
3.750000000000000e-01 8.437500000000000e-01 0.000000000000000e+00
4.062500000000000e-01 8.437500000000000e-01 0.000000000000000e+00
4.062500000000000e-01 8.750000000000000e-01 0.000000000000000e+00
3.750000000000000e-01 8.750000000000000e-01 0.000000000000000e+00
4.062500000000000e-01 8.437500000000000e-01 0.000000000000000e+00
4.375000000000000e-01 8.437500000000000e-01 0.000000000000000e+00
4.375000000000000e-01 8.750000000000000e-01 0.000000000000000e+00
4.062500000000000e-01 8.750000000000000e-01 0.000000000000000e+00
4.375000000000000e-01 8.437500000000000e-01 0.000000000000000e+00
4.687500000000000e-01 8.437500000000000e-01 0.000000000000000e+00
4.687500000000000e-01 8.750000000000000e-01 0.000000000000000e+00
4.375000000000000e-01 8.750000000000000e-01 0.000000000000000e+00
4.687500000000000e-01 8.437500000000000e-01 0.000000000000000e+00
5.000000000000000e-01 8.437500000000000e-01 0.000000000000000e+00
5.000000000000000e-01 8.750000000000000e-01 0.000000000000000e+00
4.687500000000000e-01 8.750000000000000e-01 0.000000000000000e+00
5.000000000000000e-01 8.437500000000000e-01 0.000000000000000e+00
5.312500000000000e-01 8.437500000000000e-01 0.000000000000000e+00
5.312500000000000e-01 8.750000000000000e-01 0.000000000000000e+00
5.000000000000000e-01 8.750000000000000e-01 0.000000000000000e+00
5.312500000000000e-01 8.437500000000000e-01 0.000000000000000e+00
5.625000000000000e-01 8.437500000000000e-01 0.000000000000000e+00
5.625000000000000e-01 8.750000000000000e-01 0.000000000000000e+00
5.312500000000000e-01 8.750000000000000e-01 0.000000000000000e+00
5.625000000000000e-01 8.437500000000000e-01 0.000000000000000e+00
5.937500000000000e-01 8.437500000000000e-01 0.000000000000000e+00
5.937500000000000e-01 8.750000000000000e-01 0.000000000000000e+00
5.625000000000000e-01 8.750000000000000e-01 0.000000000000000e+00
5.937500000000000e-01 8.437500000000000e-01 0.000000000000000e+00
6.250000000000000e-01 8.437500000000000e-01 0.000000000000000e+00
6.250000000000000e-01 8.750000000000000e-01 0.000000000000000e+00
5.937500000000000e-01 8.750000000000000e-01 0.000000000000000e+00
6.250000000000000e-01 8.437500000000000e-01 0.000000000000000e+00
6.562500000000000e-01 8.437500000000000e-01 0.000000000000000e+00
6.562500000000000e-01 8.750000000000000e-01 0.000000000000000e+00
6.250000000000000e-01 8.750000000000000e-01 0.000000000000000e+00
6.562500000000000e-01 8.437500000000000e-01 0.000000000000000e+00
6.875000000000000e-01 8.437500000000000e-01 0.000000000000000e+00
6.875000000000000e-01 8.750000000000000e-01 0.000000000000000e+00
6.562500000000000e-01 8.750000000000000e-01 0.000000000000000e+00
6.875000000000000e-01 8.437500000000000e-01 0.000000000000000e+00
7.187500000000000e-01 8.437500000000000e-01 0.000000000000000e+00
7.187500000000000e-01 8.750000000000000e-01 0.000000000000000e+00
6.875000000000000e-01 8.750000000000000e-01 0.000000000000000e+00
7.187500000000000e-01 8.437500000000000e-01 0.000000000000000e+00
7.500000000000000e-01 8.437500000000000e-01 0.000000000000000e+00
7.500000000000000e-01 8.750000000000000e-01 0.000000000000000e+00
7.187500000000000e-01 8.750000000000000e-01 0.000000000000000e+00
7.500000000000000e-01 8.437500000000000e-01 0.000000000000000e+00
7.812500000000000e-01 8.437500000000000e-01 0.000000000000000e+00
7.812500000000000e-01 8.750000000000000e-01 0.000000000000000e+00
7.500000000000000e-01 8.750000000000000e-01 0.000000000000000e+00
7.812500000000000e-01 8.437500000000000e-01 0.000000000000000e+00
8.125000000000000e-01 8.437500000000000e-01 0.000000000000000e+00
8.125000000000000e-01 8.750000000000000e-01 0.000000000000000e+00
7.812500000000000e-01 8.750000000000000e-01 0.000000000000000e+00
8.125000000000000e-01 8.437500000000000e-01 0.000000000000000e+00
8.437500000000000e-01 8.437500000000000e-01 0.000000000000000e+00
8.437500000000000e-01 8.750000000000000e-01 0.000000000000000e+00
8.125000000000000e-01 8.750000000000000e-01 0.000000000000000e+00
8.437500000000000e-01 8.437500000000000e-01 0.000000000000000e+00
8.750000000000000e-01 8.437500000000000e-01 0.000000000000000e+00
8.750000000000000e-01 8.750000000000000e-01 0.000000000000000e+00
8.437500000000000e-01 8.750000000000000e-01 0.000000000000000e+00
8.750000000000000e-01 8.437500000000000e-01 0.000000000000000e+00
9.062500000000000e-01 8.437500000000000e-01 0.000000000000000e+00
9.062500000000000e-01 8.750000000000000e-01 0.000000000000000e+00
8.750000000000000e-01 8.750000000000000e-01 0.000000000000000e+00
9.062500000000000e-01 8.437500000000000e-01 0.000000000000000e+00
9.375000000000000e-01 8.437500000000000e-01 0.000000000000000e+00
9.375000000000000e-01 8.750000000000000e-01 0.000000000000000e+00
9.062500000000000e-01 8.750000000000000e-01 0.000000000000000e+00
9.375000000000000e-01 8.437500000000000e-01 0.000000000000000e+00
9.687500000000000e-01 8.437500000000000e-01 0.000000000000000e+00
9.687500000000000e-01 8.750000000000000e-01 0.000000000000000e+00
9.375000000000000e-01 8.750000000000000e-01 0.000000000000000e+00
9.687500000000000e-01 8.437500000000000e-01 0.000000000000000e+00
1.000000000000000e+00 8.437500000000000e-01 0.000000000000000e+00
1.000000000000000e+00 8.750000000000000e-01 0.000000000000000e+00
9.687500000000000e-01 8.750000000000000e-01 0.000000000000000e+00
0.000000000000000e+00 8.750000000000000e-01 0.000000000000000e+00
3.125000000000000e-02 8.750000000000000e-01 0.000000000000000e+00
3.125000000000000e-02 9.062500000000000e-01 0.000000000000000e+00
0.000000000000000e+00 9.062500000000000e-01 0.000000000000000e+00
3.125000000000000e-02 8.750000000000000e-01 0.000000000000000e+00
6.250000000000000e-02 8.750000000000000e-01 0.000000000000000e+00
6.250000000000000e-02 9.062500000000000e-01 0.000000000000000e+00
3.125000000000000e-02 9.062500000000000e-01 0.000000000000000e+00
6.250000000000000e-02 8.750000000000000e-01 0.000000000000000e+00
9.375000000000000e-02 8.750000000000000e-01 0.000000000000000e+00
9.375000000000000e-02 9.062500000000000e-01 0.000000000000000e+00
6.250000000000000e-02 9.062500000000000e-01 0.000000000000000e+00
9.375000000000000e-02 8.750000000000000e-01 0.000000000000000e+00
1.250000000000000e-01 8.750000000000000e-01 0.000000000000000e+00
1.250000000000000e-01 9.062500000000000e-01 0.000000000000000e+00
9.375000000000000e-02 9.062500000000000e-01 0.000000000000000e+00
1.250000000000000e-01 8.750000000000000e-01 0.000000000000000e+00
1.562500000000000e-01 8.750000000000000e-01 0.000000000000000e+00
1.562500000000000e-01 9.062500000000000e-01 0.000000000000000e+00
1.250000000000000e-01 9.062500000000000e-01 0.000000000000000e+00
1.562500000000000e-01 8.750000000000000e-01 0.000000000000000e+00
1.875000000000000e-01 8.750000000000000e-01 0.000000000000000e+00
1.875000000000000e-01 9.062500000000000e-01 0.000000000000000e+00
1.562500000000000e-01 9.062500000000000e-01 0.000000000000000e+00
1.875000000000000e-01 8.750000000000000e-01 0.000000000000000e+00
2.187500000000000e-01 8.750000000000000e-01 0.000000000000000e+00
2.187500000000000e-01 9.062500000000000e-01 0.000000000000000e+00
1.875000000000000e-01 9.062500000000000e-01 0.000000000000000e+00
2.187500000000000e-01 8.750000000000000e-01 0.000000000000000e+00
2.500000000000000e-01 8.750000000000000e-01 0.000000000000000e+00
2.500000000000000e-01 9.062500000000000e-01 0.000000000000000e+00
2.187500000000000e-01 9.062500000000000e-01 0.000000000000000e+00
2.500000000000000e-01 8.750000000000000e-01 0.000000000000000e+00
2.812500000000000e-01 8.750000000000000e-01 0.000000000000000e+00
2.812500000000000e-01 9.062500000000000e-01 0.000000000000000e+00
2.500000000000000e-01 9.062500000000000e-01 0.000000000000000e+00
2.812500000000000e-01 8.750000000000000e-01 0.000000000000000e+00
3.125000000000000e-01 8.750000000000000e-01 0.000000000000000e+00
3.125000000000000e-01 9.062500000000000e-01 0.000000000000000e+00
2.812500000000000e-01 9.062500000000000e-01 0.000000000000000e+00
3.125000000000000e-01 8.750000000000000e-01 0.000000000000000e+00
3.437500000000000e-01 8.750000000000000e-01 0.000000000000000e+00
3.437500000000000e-01 9.062500000000000e-01 0.000000000000000e+00
3.125000000000000e-01 9.062500000000000e-01 0.000000000000000e+00
3.437500000000000e-01 8.750000000000000e-01 0.000000000000000e+00
3.750000000000000e-01 8.750000000000000e-01 0.000000000000000e+00
3.750000000000000e-01 9.062500000000000e-01 0.000000000000000e+00
3.437500000000000e-01 9.062500000000000e-01 0.000000000000000e+00
3.750000000000000e-01 8.750000000000000e-01 0.000000000000000e+00
4.062500000000000e-01 8.750000000000000e-01 0.000000000000000e+00
4.062500000000000e-01 9.062500000000000e-01 0.000000000000000e+00
3.750000000000000e-01 9.062500000000000e-01 0.000000000000000e+00
4.062500000000000e-01 8.750000000000000e-01 0.000000000000000e+00
4.375000000000000e-01 8.750000000000000e-01 0.000000000000000e+00
4.375000000000000e-01 9.062500000000000e-01 0.000000000000000e+00
4.062500000000000e-01 9.062500000000000e-01 0.000000000000000e+00
4.375000000000000e-01 8.750000000000000e-01 0.000000000000000e+00
4.687500000000000e-01 8.750000000000000e-01 0.000000000000000e+00
4.687500000000000e-01 9.062500000000000e-01 0.000000000000000e+00
4.375000000000000e-01 9.062500000000000e-01 0.000000000000000e+00
4.687500000000000e-01 8.750000000000000e-01 0.000000000000000e+00
5.000000000000000e-01 8.750000000000000e-01 0.000000000000000e+00
5.000000000000000e-01 9.062500000000000e-01 0.000000000000000e+00
4.687500000000000e-01 9.062500000000000e-01 0.000000000000000e+00
5.000000000000000e-01 8.750000000000000e-01 0.000000000000000e+00
5.312500000000000e-01 8.750000000000000e-01 0.000000000000000e+00
5.312500000000000e-01 9.062500000000000e-01 0.000000000000000e+00
5.000000000000000e-01 9.062500000000000e-01 0.000000000000000e+00
5.312500000000000e-01 8.750000000000000e-01 0.000000000000000e+00
5.625000000000000e-01 8.750000000000000e-01 0.000000000000000e+00
5.625000000000000e-01 9.062500000000000e-01 0.000000000000000e+00
5.312500000000000e-01 9.062500000000000e-01 0.000000000000000e+00
5.625000000000000e-01 8.750000000000000e-01 0.000000000000000e+00
5.937500000000000e-01 8.750000000000000e-01 0.000000000000000e+00
5.937500000000000e-01 9.062500000000000e-01 0.000000000000000e+00
5.625000000000000e-01 9.062500000000000e-01 0.000000000000000e+00
5.937500000000000e-01 8.750000000000000e-01 0.000000000000000e+00
6.250000000000000e-01 8.750000000000000e-01 0.000000000000000e+00
6.250000000000000e-01 9.062500000000000e-01 0.000000000000000e+00
5.937500000000000e-01 9.062500000000000e-01 0.000000000000000e+00
6.250000000000000e-01 8.750000000000000e-01 0.000000000000000e+00
6.562500000000000e-01 8.750000000000000e-01 0.000000000000000e+00
6.562500000000000e-01 9.062500000000000e-01 0.000000000000000e+00
6.250000000000000e-01 9.062500000000000e-01 0.000000000000000e+00
6.562500000000000e-01 8.750000000000000e-01 0.000000000000000e+00
6.875000000000000e-01 8.750000000000000e-01 0.000000000000000e+00
6.875000000000000e-01 9.062500000000000e-01 0.000000000000000e+00
6.562500000000000e-01 9.062500000000000e-01 0.000000000000000e+00
6.875000000000000e-01 8.750000000000000e-01 0.000000000000000e+00
7.187500000000000e-01 8.750000000000000e-01 0.000000000000000e+00
7.187500000000000e-01 9.062500000000000e-01 0.000000000000000e+00
6.875000000000000e-01 9.062500000000000e-01 0.000000000000000e+00
7.187500000000000e-01 8.750000000000000e-01 0.000000000000000e+00
7.500000000000000e-01 8.750000000000000e-01 0.000000000000000e+00
7.500000000000000e-01 9.062500000000000e-01 0.000000000000000e+00
7.187500000000000e-01 9.062500000000000e-01 0.000000000000000e+00
7.500000000000000e-01 8.750000000000000e-01 0.000000000000000e+00
7.812500000000000e-01 8.750000000000000e-01 0.000000000000000e+00
7.812500000000000e-01 9.062500000000000e-01 0.000000000000000e+00
7.500000000000000e-01 9.062500000000000e-01 0.000000000000000e+00
7.812500000000000e-01 8.750000000000000e-01 0.000000000000000e+00
8.125000000000000e-01 8.750000000000000e-01 0.000000000000000e+00
8.125000000000000e-01 9.062500000000000e-01 0.000000000000000e+00
7.812500000000000e-01 9.062500000000000e-01 0.000000000000000e+00
8.125000000000000e-01 8.750000000000000e-01 0.000000000000000e+00
8.437500000000000e-01 8.750000000000000e-01 0.000000000000000e+00
8.437500000000000e-01 9.062500000000000e-01 0.000000000000000e+00
8.125000000000000e-01 9.062500000000000e-01 0.000000000000000e+00
8.437500000000000e-01 8.750000000000000e-01 0.000000000000000e+00
8.750000000000000e-01 8.750000000000000e-01 0.000000000000000e+00
8.750000000000000e-01 9.062500000000000e-01 0.000000000000000e+00
8.437500000000000e-01 9.062500000000000e-01 0.000000000000000e+00
8.750000000000000e-01 8.750000000000000e-01 0.000000000000000e+00
9.062500000000000e-01 8.750000000000000e-01 0.000000000000000e+00
9.062500000000000e-01 9.062500000000000e-01 0.000000000000000e+00
8.750000000000000e-01 9.062500000000000e-01 0.000000000000000e+00
9.062500000000000e-01 8.750000000000000e-01 0.000000000000000e+00
9.375000000000000e-01 8.750000000000000e-01 0.000000000000000e+00
9.375000000000000e-01 9.062500000000000e-01 0.000000000000000e+00
9.062500000000000e-01 9.062500000000000e-01 0.000000000000000e+00
9.375000000000000e-01 8.750000000000000e-01 0.000000000000000e+00
9.687500000000000e-01 8.750000000000000e-01 0.000000000000000e+00
9.687500000000000e-01 9.062500000000000e-01 0.000000000000000e+00
9.375000000000000e-01 9.062500000000000e-01 0.000000000000000e+00
9.687500000000000e-01 8.750000000000000e-01 0.000000000000000e+00
1.000000000000000e+00 8.750000000000000e-01 0.000000000000000e+00
1.000000000000000e+00 9.062500000000000e-01 0.000000000000000e+00
9.687500000000000e-01 9.062500000000000e-01 0.000000000000000e+00
0.000000000000000e+00 9.062500000000000e-01 0.000000000000000e+00
3.125000000000000e-02 9.062500000000000e-01 0.000000000000000e+00
3.125000000000000e-02 9.375000000000000e-01 0.000000000000000e+00
0.000000000000000e+00 9.375000000000000e-01 0.000000000000000e+00
3.125000000000000e-02 9.062500000000000e-01 0.000000000000000e+00
6.250000000000000e-02 9.062500000000000e-01 0.000000000000000e+00
6.250000000000000e-02 9.375000000000000e-01 0.000000000000000e+00
3.125000000000000e-02 9.375000000000000e-01 0.000000000000000e+00
6.250000000000000e-02 9.062500000000000e-01 0.000000000000000e+00
9.375000000000000e-02 9.062500000000000e-01 0.000000000000000e+00
9.375000000000000e-02 9.375000000000000e-01 0.000000000000000e+00
6.250000000000000e-02 9.375000000000000e-01 0.000000000000000e+00
9.375000000000000e-02 9.062500000000000e-01 0.000000000000000e+00
1.250000000000000e-01 9.062500000000000e-01 0.000000000000000e+00
1.250000000000000e-01 9.375000000000000e-01 0.000000000000000e+00
9.375000000000000e-02 9.375000000000000e-01 0.000000000000000e+00
1.250000000000000e-01 9.062500000000000e-01 0.000000000000000e+00
1.562500000000000e-01 9.062500000000000e-01 0.000000000000000e+00
1.562500000000000e-01 9.375000000000000e-01 0.000000000000000e+00
1.250000000000000e-01 9.375000000000000e-01 0.000000000000000e+00
1.562500000000000e-01 9.062500000000000e-01 0.000000000000000e+00
1.875000000000000e-01 9.062500000000000e-01 0.000000000000000e+00
1.875000000000000e-01 9.375000000000000e-01 0.000000000000000e+00
1.562500000000000e-01 9.375000000000000e-01 0.000000000000000e+00
1.875000000000000e-01 9.062500000000000e-01 0.000000000000000e+00
2.187500000000000e-01 9.062500000000000e-01 0.000000000000000e+00
2.187500000000000e-01 9.375000000000000e-01 0.000000000000000e+00
1.875000000000000e-01 9.375000000000000e-01 0.000000000000000e+00
2.187500000000000e-01 9.062500000000000e-01 0.000000000000000e+00
2.500000000000000e-01 9.062500000000000e-01 0.000000000000000e+00
2.500000000000000e-01 9.375000000000000e-01 0.000000000000000e+00
2.187500000000000e-01 9.375000000000000e-01 0.000000000000000e+00
2.500000000000000e-01 9.062500000000000e-01 0.000000000000000e+00
2.812500000000000e-01 9.062500000000000e-01 0.000000000000000e+00
2.812500000000000e-01 9.375000000000000e-01 0.000000000000000e+00
2.500000000000000e-01 9.375000000000000e-01 0.000000000000000e+00
2.812500000000000e-01 9.062500000000000e-01 0.000000000000000e+00
3.125000000000000e-01 9.062500000000000e-01 0.000000000000000e+00
3.125000000000000e-01 9.375000000000000e-01 0.000000000000000e+00
2.812500000000000e-01 9.375000000000000e-01 0.000000000000000e+00
3.125000000000000e-01 9.062500000000000e-01 0.000000000000000e+00
3.437500000000000e-01 9.062500000000000e-01 0.000000000000000e+00
3.437500000000000e-01 9.375000000000000e-01 0.000000000000000e+00
3.125000000000000e-01 9.375000000000000e-01 0.000000000000000e+00
3.437500000000000e-01 9.062500000000000e-01 0.000000000000000e+00
3.750000000000000e-01 9.062500000000000e-01 0.000000000000000e+00
3.750000000000000e-01 9.375000000000000e-01 0.000000000000000e+00
3.437500000000000e-01 9.375000000000000e-01 0.000000000000000e+00
3.750000000000000e-01 9.062500000000000e-01 0.000000000000000e+00
4.062500000000000e-01 9.062500000000000e-01 0.000000000000000e+00
4.062500000000000e-01 9.375000000000000e-01 0.000000000000000e+00
3.750000000000000e-01 9.375000000000000e-01 0.000000000000000e+00
4.062500000000000e-01 9.062500000000000e-01 0.000000000000000e+00
4.375000000000000e-01 9.062500000000000e-01 0.000000000000000e+00
4.375000000000000e-01 9.375000000000000e-01 0.000000000000000e+00
4.062500000000000e-01 9.375000000000000e-01 0.000000000000000e+00
4.375000000000000e-01 9.062500000000000e-01 0.000000000000000e+00
4.687500000000000e-01 9.062500000000000e-01 0.000000000000000e+00
4.687500000000000e-01 9.375000000000000e-01 0.000000000000000e+00
4.375000000000000e-01 9.375000000000000e-01 0.000000000000000e+00
4.687500000000000e-01 9.062500000000000e-01 0.000000000000000e+00
5.000000000000000e-01 9.062500000000000e-01 0.000000000000000e+00
5.000000000000000e-01 9.375000000000000e-01 0.000000000000000e+00
4.687500000000000e-01 9.375000000000000e-01 0.000000000000000e+00
5.000000000000000e-01 9.062500000000000e-01 0.000000000000000e+00
5.312500000000000e-01 9.062500000000000e-01 0.000000000000000e+00
5.312500000000000e-01 9.375000000000000e-01 0.000000000000000e+00
5.000000000000000e-01 9.375000000000000e-01 0.000000000000000e+00
5.312500000000000e-01 9.062500000000000e-01 0.000000000000000e+00
5.625000000000000e-01 9.062500000000000e-01 0.000000000000000e+00
5.625000000000000e-01 9.375000000000000e-01 0.000000000000000e+00
5.312500000000000e-01 9.375000000000000e-01 0.000000000000000e+00
5.625000000000000e-01 9.062500000000000e-01 0.000000000000000e+00
5.937500000000000e-01 9.062500000000000e-01 0.000000000000000e+00
5.937500000000000e-01 9.375000000000000e-01 0.000000000000000e+00
5.625000000000000e-01 9.375000000000000e-01 0.000000000000000e+00
5.937500000000000e-01 9.062500000000000e-01 0.000000000000000e+00
6.250000000000000e-01 9.062500000000000e-01 0.000000000000000e+00
6.250000000000000e-01 9.375000000000000e-01 0.000000000000000e+00
5.937500000000000e-01 9.375000000000000e-01 0.000000000000000e+00
6.250000000000000e-01 9.062500000000000e-01 0.000000000000000e+00
6.562500000000000e-01 9.062500000000000e-01 0.000000000000000e+00
6.562500000000000e-01 9.375000000000000e-01 0.000000000000000e+00
6.250000000000000e-01 9.375000000000000e-01 0.000000000000000e+00
6.562500000000000e-01 9.062500000000000e-01 0.000000000000000e+00
6.875000000000000e-01 9.062500000000000e-01 0.000000000000000e+00
6.875000000000000e-01 9.375000000000000e-01 0.000000000000000e+00
6.562500000000000e-01 9.375000000000000e-01 0.000000000000000e+00
6.875000000000000e-01 9.062500000000000e-01 0.000000000000000e+00
7.187500000000000e-01 9.062500000000000e-01 0.000000000000000e+00
7.187500000000000e-01 9.375000000000000e-01 0.000000000000000e+00
6.875000000000000e-01 9.375000000000000e-01 0.000000000000000e+00
7.187500000000000e-01 9.062500000000000e-01 0.000000000000000e+00
7.500000000000000e-01 9.062500000000000e-01 0.000000000000000e+00
7.500000000000000e-01 9.375000000000000e-01 0.000000000000000e+00
7.187500000000000e-01 9.375000000000000e-01 0.000000000000000e+00
7.500000000000000e-01 9.062500000000000e-01 0.000000000000000e+00
7.812500000000000e-01 9.062500000000000e-01 0.000000000000000e+00
7.812500000000000e-01 9.375000000000000e-01 0.000000000000000e+00
7.500000000000000e-01 9.375000000000000e-01 0.000000000000000e+00
7.812500000000000e-01 9.062500000000000e-01 0.000000000000000e+00
8.125000000000000e-01 9.062500000000000e-01 0.000000000000000e+00
8.125000000000000e-01 9.375000000000000e-01 0.000000000000000e+00
7.812500000000000e-01 9.375000000000000e-01 0.000000000000000e+00
8.125000000000000e-01 9.062500000000000e-01 0.000000000000000e+00
8.437500000000000e-01 9.062500000000000e-01 0.000000000000000e+00
8.437500000000000e-01 9.375000000000000e-01 0.000000000000000e+00
8.125000000000000e-01 9.375000000000000e-01 0.000000000000000e+00
8.437500000000000e-01 9.062500000000000e-01 0.000000000000000e+00
8.750000000000000e-01 9.062500000000000e-01 0.000000000000000e+00
8.750000000000000e-01 9.375000000000000e-01 0.000000000000000e+00
8.437500000000000e-01 9.375000000000000e-01 0.000000000000000e+00
8.750000000000000e-01 9.062500000000000e-01 0.000000000000000e+00
9.062500000000000e-01 9.062500000000000e-01 0.000000000000000e+00
9.062500000000000e-01 9.375000000000000e-01 0.000000000000000e+00
8.750000000000000e-01 9.375000000000000e-01 0.000000000000000e+00
9.062500000000000e-01 9.062500000000000e-01 0.000000000000000e+00
9.375000000000000e-01 9.062500000000000e-01 0.000000000000000e+00
9.375000000000000e-01 9.375000000000000e-01 0.000000000000000e+00
9.062500000000000e-01 9.375000000000000e-01 0.000000000000000e+00
9.375000000000000e-01 9.062500000000000e-01 0.000000000000000e+00
9.687500000000000e-01 9.062500000000000e-01 0.000000000000000e+00
9.687500000000000e-01 9.375000000000000e-01 0.000000000000000e+00
9.375000000000000e-01 9.375000000000000e-01 0.000000000000000e+00
9.687500000000000e-01 9.062500000000000e-01 0.000000000000000e+00
1.000000000000000e+00 9.062500000000000e-01 0.000000000000000e+00
1.000000000000000e+00 9.375000000000000e-01 0.000000000000000e+00
9.687500000000000e-01 9.375000000000000e-01 0.000000000000000e+00
0.000000000000000e+00 9.375000000000000e-01 0.000000000000000e+00
3.125000000000000e-02 9.375000000000000e-01 0.000000000000000e+00
3.125000000000000e-02 9.687500000000000e-01 0.000000000000000e+00
0.000000000000000e+00 9.687500000000000e-01 0.000000000000000e+00
3.125000000000000e-02 9.375000000000000e-01 0.000000000000000e+00
6.250000000000000e-02 9.375000000000000e-01 0.000000000000000e+00
6.250000000000000e-02 9.687500000000000e-01 0.000000000000000e+00
3.125000000000000e-02 9.687500000000000e-01 0.000000000000000e+00
6.250000000000000e-02 9.375000000000000e-01 0.000000000000000e+00
9.375000000000000e-02 9.375000000000000e-01 0.000000000000000e+00
9.375000000000000e-02 9.687500000000000e-01 0.000000000000000e+00
6.250000000000000e-02 9.687500000000000e-01 0.000000000000000e+00
9.375000000000000e-02 9.375000000000000e-01 0.000000000000000e+00
1.250000000000000e-01 9.375000000000000e-01 0.000000000000000e+00
1.250000000000000e-01 9.687500000000000e-01 0.000000000000000e+00
9.375000000000000e-02 9.687500000000000e-01 0.000000000000000e+00
1.250000000000000e-01 9.375000000000000e-01 0.000000000000000e+00
1.562500000000000e-01 9.375000000000000e-01 0.000000000000000e+00
1.562500000000000e-01 9.687500000000000e-01 0.000000000000000e+00
1.250000000000000e-01 9.687500000000000e-01 0.000000000000000e+00
1.562500000000000e-01 9.375000000000000e-01 0.000000000000000e+00
1.875000000000000e-01 9.375000000000000e-01 0.000000000000000e+00
1.875000000000000e-01 9.687500000000000e-01 0.000000000000000e+00
1.562500000000000e-01 9.687500000000000e-01 0.000000000000000e+00
1.875000000000000e-01 9.375000000000000e-01 0.000000000000000e+00
2.187500000000000e-01 9.375000000000000e-01 0.000000000000000e+00
2.187500000000000e-01 9.687500000000000e-01 0.000000000000000e+00
1.875000000000000e-01 9.687500000000000e-01 0.000000000000000e+00
2.187500000000000e-01 9.375000000000000e-01 0.000000000000000e+00
2.500000000000000e-01 9.375000000000000e-01 0.000000000000000e+00
2.500000000000000e-01 9.687500000000000e-01 0.000000000000000e+00
2.187500000000000e-01 9.687500000000000e-01 0.000000000000000e+00
2.500000000000000e-01 9.375000000000000e-01 0.000000000000000e+00
2.812500000000000e-01 9.375000000000000e-01 0.000000000000000e+00
2.812500000000000e-01 9.687500000000000e-01 0.000000000000000e+00
2.500000000000000e-01 9.687500000000000e-01 0.000000000000000e+00
2.812500000000000e-01 9.375000000000000e-01 0.000000000000000e+00
3.125000000000000e-01 9.375000000000000e-01 0.000000000000000e+00
3.125000000000000e-01 9.687500000000000e-01 0.000000000000000e+00
2.812500000000000e-01 9.687500000000000e-01 0.000000000000000e+00
3.125000000000000e-01 9.375000000000000e-01 0.000000000000000e+00
3.437500000000000e-01 9.375000000000000e-01 0.000000000000000e+00
3.437500000000000e-01 9.687500000000000e-01 0.000000000000000e+00
3.125000000000000e-01 9.687500000000000e-01 0.000000000000000e+00
3.437500000000000e-01 9.375000000000000e-01 0.000000000000000e+00
3.750000000000000e-01 9.375000000000000e-01 0.000000000000000e+00
3.750000000000000e-01 9.687500000000000e-01 0.000000000000000e+00
3.437500000000000e-01 9.687500000000000e-01 0.000000000000000e+00
3.750000000000000e-01 9.375000000000000e-01 0.000000000000000e+00
4.062500000000000e-01 9.375000000000000e-01 0.000000000000000e+00
4.062500000000000e-01 9.687500000000000e-01 0.000000000000000e+00
3.750000000000000e-01 9.687500000000000e-01 0.000000000000000e+00
4.062500000000000e-01 9.375000000000000e-01 0.000000000000000e+00
4.375000000000000e-01 9.375000000000000e-01 0.000000000000000e+00
4.375000000000000e-01 9.687500000000000e-01 0.000000000000000e+00
4.062500000000000e-01 9.687500000000000e-01 0.000000000000000e+00
4.375000000000000e-01 9.375000000000000e-01 0.000000000000000e+00
4.687500000000000e-01 9.375000000000000e-01 0.000000000000000e+00
4.687500000000000e-01 9.687500000000000e-01 0.000000000000000e+00
4.375000000000000e-01 9.687500000000000e-01 0.000000000000000e+00
4.687500000000000e-01 9.375000000000000e-01 0.000000000000000e+00
5.000000000000000e-01 9.375000000000000e-01 0.000000000000000e+00
5.000000000000000e-01 9.687500000000000e-01 0.000000000000000e+00
4.687500000000000e-01 9.687500000000000e-01 0.000000000000000e+00
5.000000000000000e-01 9.375000000000000e-01 0.000000000000000e+00
5.312500000000000e-01 9.375000000000000e-01 0.000000000000000e+00
5.312500000000000e-01 9.687500000000000e-01 0.000000000000000e+00
5.000000000000000e-01 9.687500000000000e-01 0.000000000000000e+00
5.312500000000000e-01 9.375000000000000e-01 0.000000000000000e+00
5.625000000000000e-01 9.375000000000000e-01 0.000000000000000e+00
5.625000000000000e-01 9.687500000000000e-01 0.000000000000000e+00
5.312500000000000e-01 9.687500000000000e-01 0.000000000000000e+00
5.625000000000000e-01 9.375000000000000e-01 0.000000000000000e+00
5.937500000000000e-01 9.375000000000000e-01 0.000000000000000e+00
5.937500000000000e-01 9.687500000000000e-01 0.000000000000000e+00
5.625000000000000e-01 9.687500000000000e-01 0.000000000000000e+00
5.937500000000000e-01 9.375000000000000e-01 0.000000000000000e+00
6.250000000000000e-01 9.375000000000000e-01 0.000000000000000e+00
6.250000000000000e-01 9.687500000000000e-01 0.000000000000000e+00
5.937500000000000e-01 9.687500000000000e-01 0.000000000000000e+00
6.250000000000000e-01 9.375000000000000e-01 0.000000000000000e+00
6.562500000000000e-01 9.375000000000000e-01 0.000000000000000e+00
6.562500000000000e-01 9.687500000000000e-01 0.000000000000000e+00
6.250000000000000e-01 9.687500000000000e-01 0.000000000000000e+00
6.562500000000000e-01 9.375000000000000e-01 0.000000000000000e+00
6.875000000000000e-01 9.375000000000000e-01 0.000000000000000e+00
6.875000000000000e-01 9.687500000000000e-01 0.000000000000000e+00
6.562500000000000e-01 9.687500000000000e-01 0.000000000000000e+00
6.875000000000000e-01 9.375000000000000e-01 0.000000000000000e+00
7.187500000000000e-01 9.375000000000000e-01 0.000000000000000e+00
7.187500000000000e-01 9.687500000000000e-01 0.000000000000000e+00
6.875000000000000e-01 9.687500000000000e-01 0.000000000000000e+00
7.187500000000000e-01 9.375000000000000e-01 0.000000000000000e+00
7.500000000000000e-01 9.375000000000000e-01 0.000000000000000e+00
7.500000000000000e-01 9.687500000000000e-01 0.000000000000000e+00
7.187500000000000e-01 9.687500000000000e-01 0.000000000000000e+00
7.500000000000000e-01 9.375000000000000e-01 0.000000000000000e+00
7.812500000000000e-01 9.375000000000000e-01 0.000000000000000e+00
7.812500000000000e-01 9.687500000000000e-01 0.000000000000000e+00
7.500000000000000e-01 9.687500000000000e-01 0.000000000000000e+00
7.812500000000000e-01 9.375000000000000e-01 0.000000000000000e+00
8.125000000000000e-01 9.375000000000000e-01 0.000000000000000e+00
8.125000000000000e-01 9.687500000000000e-01 0.000000000000000e+00
7.812500000000000e-01 9.687500000000000e-01 0.000000000000000e+00
8.125000000000000e-01 9.375000000000000e-01 0.000000000000000e+00
8.437500000000000e-01 9.375000000000000e-01 0.000000000000000e+00
8.437500000000000e-01 9.687500000000000e-01 0.000000000000000e+00
8.125000000000000e-01 9.687500000000000e-01 0.000000000000000e+00
8.437500000000000e-01 9.375000000000000e-01 0.000000000000000e+00
8.750000000000000e-01 9.375000000000000e-01 0.000000000000000e+00
8.750000000000000e-01 9.687500000000000e-01 0.000000000000000e+00
8.437500000000000e-01 9.687500000000000e-01 0.000000000000000e+00
8.750000000000000e-01 9.375000000000000e-01 0.000000000000000e+00
9.062500000000000e-01 9.375000000000000e-01 0.000000000000000e+00
9.062500000000000e-01 9.687500000000000e-01 0.000000000000000e+00
8.750000000000000e-01 9.687500000000000e-01 0.000000000000000e+00
9.062500000000000e-01 9.375000000000000e-01 0.000000000000000e+00
9.375000000000000e-01 9.375000000000000e-01 0.000000000000000e+00
9.375000000000000e-01 9.687500000000000e-01 0.000000000000000e+00
9.062500000000000e-01 9.687500000000000e-01 0.000000000000000e+00
9.375000000000000e-01 9.375000000000000e-01 0.000000000000000e+00
9.687500000000000e-01 9.375000000000000e-01 0.000000000000000e+00
9.687500000000000e-01 9.687500000000000e-01 0.000000000000000e+00
9.375000000000000e-01 9.687500000000000e-01 0.000000000000000e+00
9.687500000000000e-01 9.375000000000000e-01 0.000000000000000e+00
1.000000000000000e+00 9.375000000000000e-01 0.000000000000000e+00
1.000000000000000e+00 9.687500000000000e-01 0.000000000000000e+00
9.687500000000000e-01 9.687500000000000e-01 0.000000000000000e+00
0.000000000000000e+00 9.687500000000000e-01 0.000000000000000e+00
3.125000000000000e-02 9.687500000000000e-01 0.000000000000000e+00
3.125000000000000e-02 1.000000000000000e+00 0.000000000000000e+00
0.000000000000000e+00 1.000000000000000e+00 0.000000000000000e+00
3.125000000000000e-02 9.687500000000000e-01 0.000000000000000e+00
6.250000000000000e-02 9.687500000000000e-01 0.000000000000000e+00
6.250000000000000e-02 1.000000000000000e+00 0.000000000000000e+00
3.125000000000000e-02 1.000000000000000e+00 0.000000000000000e+00
6.250000000000000e-02 9.687500000000000e-01 0.000000000000000e+00
9.375000000000000e-02 9.687500000000000e-01 0.000000000000000e+00
9.375000000000000e-02 1.000000000000000e+00 0.000000000000000e+00
6.250000000000000e-02 1.000000000000000e+00 0.000000000000000e+00
9.375000000000000e-02 9.687500000000000e-01 0.000000000000000e+00
1.250000000000000e-01 9.687500000000000e-01 0.000000000000000e+00
1.250000000000000e-01 1.000000000000000e+00 0.000000000000000e+00
9.375000000000000e-02 1.000000000000000e+00 0.000000000000000e+00
1.250000000000000e-01 9.687500000000000e-01 0.000000000000000e+00
1.562500000000000e-01 9.687500000000000e-01 0.000000000000000e+00
1.562500000000000e-01 1.000000000000000e+00 0.000000000000000e+00
1.250000000000000e-01 1.000000000000000e+00 0.000000000000000e+00
1.562500000000000e-01 9.687500000000000e-01 0.000000000000000e+00
1.875000000000000e-01 9.687500000000000e-01 0.000000000000000e+00
1.875000000000000e-01 1.000000000000000e+00 0.000000000000000e+00
1.562500000000000e-01 1.000000000000000e+00 0.000000000000000e+00
1.875000000000000e-01 9.687500000000000e-01 0.000000000000000e+00
2.187500000000000e-01 9.687500000000000e-01 0.000000000000000e+00
2.187500000000000e-01 1.000000000000000e+00 0.000000000000000e+00
1.875000000000000e-01 1.000000000000000e+00 0.000000000000000e+00
2.187500000000000e-01 9.687500000000000e-01 0.000000000000000e+00
2.500000000000000e-01 9.687500000000000e-01 0.000000000000000e+00
2.500000000000000e-01 1.000000000000000e+00 0.000000000000000e+00
2.187500000000000e-01 1.000000000000000e+00 0.000000000000000e+00
2.500000000000000e-01 9.687500000000000e-01 0.000000000000000e+00
2.812500000000000e-01 9.687500000000000e-01 0.000000000000000e+00
2.812500000000000e-01 1.000000000000000e+00 0.000000000000000e+00
2.500000000000000e-01 1.000000000000000e+00 0.000000000000000e+00
2.812500000000000e-01 9.687500000000000e-01 0.000000000000000e+00
3.125000000000000e-01 9.687500000000000e-01 0.000000000000000e+00
3.125000000000000e-01 1.000000000000000e+00 0.000000000000000e+00
2.812500000000000e-01 1.000000000000000e+00 0.000000000000000e+00
3.125000000000000e-01 9.687500000000000e-01 0.000000000000000e+00
3.437500000000000e-01 9.687500000000000e-01 0.000000000000000e+00
3.437500000000000e-01 1.000000000000000e+00 0.000000000000000e+00
3.125000000000000e-01 1.000000000000000e+00 0.000000000000000e+00
3.437500000000000e-01 9.687500000000000e-01 0.000000000000000e+00
3.750000000000000e-01 9.687500000000000e-01 0.000000000000000e+00
3.750000000000000e-01 1.000000000000000e+00 0.000000000000000e+00
3.437500000000000e-01 1.000000000000000e+00 0.000000000000000e+00
3.750000000000000e-01 9.687500000000000e-01 0.000000000000000e+00
4.062500000000000e-01 9.687500000000000e-01 0.000000000000000e+00
4.062500000000000e-01 1.000000000000000e+00 0.000000000000000e+00
3.750000000000000e-01 1.000000000000000e+00 0.000000000000000e+00
4.062500000000000e-01 9.687500000000000e-01 0.000000000000000e+00
4.375000000000000e-01 9.687500000000000e-01 0.000000000000000e+00
4.375000000000000e-01 1.000000000000000e+00 0.000000000000000e+00
4.062500000000000e-01 1.000000000000000e+00 0.000000000000000e+00
4.375000000000000e-01 9.687500000000000e-01 0.000000000000000e+00
4.687500000000000e-01 9.687500000000000e-01 0.000000000000000e+00
4.687500000000000e-01 1.000000000000000e+00 0.000000000000000e+00
4.375000000000000e-01 1.000000000000000e+00 0.000000000000000e+00
4.687500000000000e-01 9.687500000000000e-01 0.000000000000000e+00
5.000000000000000e-01 9.687500000000000e-01 0.000000000000000e+00
5.000000000000000e-01 1.000000000000000e+00 0.000000000000000e+00
4.687500000000000e-01 1.000000000000000e+00 0.000000000000000e+00
5.000000000000000e-01 9.687500000000000e-01 0.000000000000000e+00
5.312500000000000e-01 9.687500000000000e-01 0.000000000000000e+00
5.312500000000000e-01 1.000000000000000e+00 0.000000000000000e+00
5.000000000000000e-01 1.000000000000000e+00 0.000000000000000e+00
5.312500000000000e-01 9.687500000000000e-01 0.000000000000000e+00
5.625000000000000e-01 9.687500000000000e-01 0.000000000000000e+00
5.625000000000000e-01 1.000000000000000e+00 0.000000000000000e+00
5.312500000000000e-01 1.000000000000000e+00 0.000000000000000e+00
5.625000000000000e-01 9.687500000000000e-01 0.000000000000000e+00
5.937500000000000e-01 9.687500000000000e-01 0.000000000000000e+00
5.937500000000000e-01 1.000000000000000e+00 0.000000000000000e+00
5.625000000000000e-01 1.000000000000000e+00 0.000000000000000e+00
5.937500000000000e-01 9.687500000000000e-01 0.000000000000000e+00
6.250000000000000e-01 9.687500000000000e-01 0.000000000000000e+00
6.250000000000000e-01 1.000000000000000e+00 0.000000000000000e+00
5.937500000000000e-01 1.000000000000000e+00 0.000000000000000e+00
6.250000000000000e-01 9.687500000000000e-01 0.000000000000000e+00
6.562500000000000e-01 9.687500000000000e-01 0.000000000000000e+00
6.562500000000000e-01 1.000000000000000e+00 0.000000000000000e+00
6.250000000000000e-01 1.000000000000000e+00 0.000000000000000e+00
6.562500000000000e-01 9.687500000000000e-01 0.000000000000000e+00
6.875000000000000e-01 9.687500000000000e-01 0.000000000000000e+00
6.875000000000000e-01 1.000000000000000e+00 0.000000000000000e+00
6.562500000000000e-01 1.000000000000000e+00 0.000000000000000e+00
6.875000000000000e-01 9.687500000000000e-01 0.000000000000000e+00
7.187500000000000e-01 9.687500000000000e-01 0.000000000000000e+00
7.187500000000000e-01 1.000000000000000e+00 0.000000000000000e+00
6.875000000000000e-01 1.000000000000000e+00 0.000000000000000e+00
7.187500000000000e-01 9.687500000000000e-01 0.000000000000000e+00
7.500000000000000e-01 9.687500000000000e-01 0.000000000000000e+00
7.500000000000000e-01 1.000000000000000e+00 0.000000000000000e+00
7.187500000000000e-01 1.000000000000000e+00 0.000000000000000e+00
7.500000000000000e-01 9.687500000000000e-01 0.000000000000000e+00
7.812500000000000e-01 9.687500000000000e-01 0.000000000000000e+00
7.812500000000000e-01 1.000000000000000e+00 0.000000000000000e+00
7.500000000000000e-01 1.000000000000000e+00 0.000000000000000e+00
7.812500000000000e-01 9.687500000000000e-01 0.000000000000000e+00
8.125000000000000e-01 9.687500000000000e-01 0.000000000000000e+00
8.125000000000000e-01 1.000000000000000e+00 0.000000000000000e+00
7.812500000000000e-01 1.000000000000000e+00 0.000000000000000e+00
8.125000000000000e-01 9.687500000000000e-01 0.000000000000000e+00
8.437500000000000e-01 9.687500000000000e-01 0.000000000000000e+00
8.437500000000000e-01 1.000000000000000e+00 0.000000000000000e+00
8.125000000000000e-01 1.000000000000000e+00 0.000000000000000e+00
8.437500000000000e-01 9.687500000000000e-01 0.000000000000000e+00
8.750000000000000e-01 9.687500000000000e-01 0.000000000000000e+00
8.750000000000000e-01 1.000000000000000e+00 0.000000000000000e+00
8.437500000000000e-01 1.000000000000000e+00 0.000000000000000e+00
8.750000000000000e-01 9.687500000000000e-01 0.000000000000000e+00
9.062500000000000e-01 9.687500000000000e-01 0.000000000000000e+00
9.062500000000000e-01 1.000000000000000e+00 0.000000000000000e+00
8.750000000000000e-01 1.000000000000000e+00 0.000000000000000e+00
9.062500000000000e-01 9.687500000000000e-01 0.000000000000000e+00
9.375000000000000e-01 9.687500000000000e-01 0.000000000000000e+00
9.375000000000000e-01 1.000000000000000e+00 0.000000000000000e+00
9.062500000000000e-01 1.000000000000000e+00 0.000000000000000e+00
9.375000000000000e-01 9.687500000000000e-01 0.000000000000000e+00
9.687500000000000e-01 9.687500000000000e-01 0.000000000000000e+00
9.687500000000000e-01 1.000000000000000e+00 0.000000000000000e+00
9.375000000000000e-01 1.000000000000000e+00 0.000000000000000e+00
9.687500000000000e-01 9.687500000000000e-01 0.000000000000000e+00
1.000000000000000e+00 9.687500000000000e-01 0.000000000000000e+00
1.000000000000000e+00 1.000000000000000e+00 0.000000000000000e+00
9.687500000000000e-01 1.000000000000000e+00 0.000000000000000e+00
        </DataArray>
      </Points>

      <Cells>
        <DataArray type="Int32" Name="connectivity" format="ascii">
0 1 2 3 4 5 6 7 8 9 10 11 12 13 14 15 16 17 18 19 20 21 22 23 24 25 26 27 28 29 30 31 32 33 34 35 36 37 38 39 40 41 42 43 44 45 46 47 48 49 50 51 52 53 54 55 56 57 58 59 60 61 62 63 64 65 66 67 68 69 70 71 72 73 74 75 76 77 78 79 80 81 82 83 84 85 86 87 88 89 90 91 92 93 94 95 96 97 98 99 100 101 102 103 104 105 106 107 108 109 110 111 112 113 114 115 116 117 118 119 120 121 122 123 124 125 126 127 128 129 130 131 132 133 134 135 136 137 138 139 140 141 142 143 144 145 146 147 148 149 150 151 152 153 154 155 156 157 158 159 160 161 162 163 164 165 166 167 168 169 170 171 172 173 174 175 176 177 178 179 180 181 182 183 184 185 186 187 188 189 190 191 192 193 194 195 196 197 198 199 200 201 202 203 204 205 206 207 208 209 210 211 212 213 214 215 216 217 218 219 220 221 222 223 224 225 226 227 228 229 230 231 232 233 234 235 236 237 238 239 240 241 242 243 244 245 246 247 248 249 250 251 252 253 254 255 256 257 258 259 260 261 262 263 264 265 266 267 268 269 270 271 272 273 274 275 276 277 278 279 280 281 282 283 284 285 286 287 288 289 290 291 292 293 294 295 296 297 298 299 300 301 302 303 304 305 306 307 308 309 310 311 312 313 314 315 316 317 318 319 320 321 322 323 324 325 326 327 328 329 330 331 332 333 334 335 336 337 338 339 340 341 342 343 344 345 346 347 348 349 350 351 352 353 354 355 356 357 358 359 360 361 362 363 364 365 366 367 368 369 370 371 372 373 374 375 376 377 378 379 380 381 382 383 384 385 386 387 388 389 390 391 392 393 394 395 396 397 398 399 400 401 402 403 404 405 406 407 408 409 410 411 412 413 414 415 416 417 418 419 420 421 422 423 424 425 426 427 428 429 430 431 432 433 434 435 436 437 438 439 440 441 442 443 444 445 446 447 448 449 450 451 452 453 454 455 456 457 458 459 460 461 462 463 464 465 466 467 468 469 470 471 472 473 474 475 476 477 478 479 480 481 482 483 484 485 486 487 488 489 490 491 492 493 494 495 496 497 498 499 500 501 502 503 504 505 506 507 508 509 510 511 512 513 514 515 516 517 518 519 520 521 522 523 524 525 526 527 528 529 530 531 532 533 534 535 536 537 538 539 540 541 542 543 544 545 546 547 548 549 550 551 552 553 554 555 556 557 558 559 560 561 562 563 564 565 566 567 568 569 570 571 572 573 574 575 576 577 578 579 580 581 582 583 584 585 586 587 588 589 590 591 592 593 594 595 596 597 598 599 600 601 602 603 604 605 606 607 608 609 610 611 612 613 614 615 616 617 618 619 620 621 622 623 624 625 626 627 628 629 630 631 632 633 634 635 636 637 638 639 640 641 642 643 644 645 646 647 648 649 650 651 652 653 654 655 656 657 658 659 660 661 662 663 664 665 666 667 668 669 670 671 672 673 674 675 676 677 678 679 680 681 682 683 684 685 686 687 688 689 690 691 692 693 694 695 696 697 698 699 700 701 702 703 704 705 706 707 708 709 710 711 712 713 714 715 716 717 718 719 720 721 722 723 724 725 726 727 728 729 730 731 732 733 734 735 736 737 738 739 740 741 742 743 744 745 746 747 748 749 750 751 752 753 754 755 756 757 758 759 760 761 762 763 764 765 766 767 768 769 770 771 772 773 774 775 776 777 778 779 780 781 782 783 784 785 786 787 788 789 790 791 792 793 794 795 796 797 798 799 800 801 802 803 804 805 806 807 808 809 810 811 812 813 814 815 816 817 818 819 820 821 822 823 824 825 826 827 828 829 830 831 832 833 834 835 836 837 838 839 840 841 842 843 844 845 846 847 848 849 850 851 852 853 854 855 856 857 858 859 860 861 862 863 864 865 866 867 868 869 870 871 872 873 874 875 876 877 878 879 880 881 882 883 884 885 886 887 888 889 890 891 892 893 894 895 896 897 898 899 900 901 902 903 904 905 906 907 908 909 910 911 912 913 914 915 916 917 918 919 920 921 922 923 924 925 926 927 928 929 930 931 932 933 934 935 936 937 938 939 940 941 942 943 944 945 946 947 948 949 950 951 952 953 954 955 956 957 958 959 960 961 962 963 964 965 966 967 968 969 970 971 972 973 974 975 976 977 978 979 980 981 982 983 984 985 986 987 988 989 990 991 992 993 994 995 996 997 998 999 1000 1001 1002 1003 1004 1005 1006 1007 1008 1009 1010 1011 1012 1013 1014 1015 1016 1017 1018 1019 1020 1021 1022 1023 1024 1025 1026 1027 1028 1029 1030 1031 1032 1033 1034 1035 1036 1037 1038 1039 1040 1041 1042 1043 1044 1045 1046 1047 1048 1049 1050 1051 1052 1053 1054 1055 1056 1057 1058 1059 1060 1061 1062 1063 1064 1065 1066 1067 1068 1069 1070 1071 1072 1073 1074 1075 1076 1077 1078 1079 1080 1081 1082 1083 1084 1085 1086 1087 1088 1089 1090 1091 1092 1093 1094 1095 1096 1097 1098 1099 1100 1101 1102 1103 1104 1105 1106 1107 1108 1109 1110 1111 1112 1113 1114 1115 1116 1117 1118 1119 1120 1121 1122 1123 1124 1125 1126 1127 1128 1129 1130 1131 1132 1133 1134 1135 1136 1137 1138 1139 1140 1141 1142 1143 1144 1145 1146 1147 1148 1149 1150 1151 1152 1153 1154 1155 1156 1157 1158 1159 1160 1161 1162 1163 1164 1165 1166 1167 1168 1169 1170 1171 1172 1173 1174 1175 1176 1177 1178 1179 1180 1181 1182 1183 1184 1185 1186 1187 1188 1189 1190 1191 1192 1193 1194 1195 1196 1197 1198 1199 1200 1201 1202 1203 1204 1205 1206 1207 1208 1209 1210 1211 1212 1213 1214 1215 1216 1217 1218 1219 1220 1221 1222 1223 1224 1225 1226 1227 1228 1229 1230 1231 1232 1233 1234 1235 1236 1237 1238 1239 1240 1241 1242 1243 1244 1245 1246 1247 1248 1249 1250 1251 1252 1253 1254 1255 1256 1257 1258 1259 1260 1261 1262 1263 1264 1265 1266 1267 1268 1269 1270 1271 1272 1273 1274 1275 1276 1277 1278 1279 1280 1281 1282 1283 1284 1285 1286 1287 1288 1289 1290 1291 1292 1293 1294 1295 1296 1297 1298 1299 1300 1301 1302 1303 1304 1305 1306 1307 1308 1309 1310 1311 1312 1313 1314 1315 1316 1317 1318 1319 1320 1321 1322 1323 1324 1325 1326 1327 1328 1329 1330 1331 1332 1333 1334 1335 1336 1337 1338 1339 1340 1341 1342 1343 1344 1345 1346 1347 1348 1349 1350 1351 1352 1353 1354 1355 1356 1357 1358 1359 1360 1361 1362 1363 1364 1365 1366 1367 1368 1369 1370 1371 1372 1373 1374 1375 1376 1377 1378 1379 1380 1381 1382 1383 1384 1385 1386 1387 1388 1389 1390 1391 1392 1393 1394 1395 1396 1397 1398 1399 1400 1401 1402 1403 1404 1405 1406 1407 1408 1409 1410 1411 1412 1413 1414 1415 1416 1417 1418 1419 1420 1421 1422 1423 1424 1425 1426 1427 1428 1429 1430 1431 1432 1433 1434 1435 1436 1437 1438 1439 1440 1441 1442 1443 1444 1445 1446 1447 1448 1449 1450 1451 1452 1453 1454 1455 1456 1457 1458 1459 1460 1461 1462 1463 1464 1465 1466 1467 1468 1469 1470 1471 1472 1473 1474 1475 1476 1477 1478 1479 1480 1481 1482 1483 1484 1485 1486 1487 1488 1489 1490 1491 1492 1493 1494 1495 1496 1497 1498 1499 1500 1501 1502 1503 1504 1505 1506 1507 1508 1509 1510 1511 1512 1513 1514 1515 1516 1517 1518 1519 1520 1521 1522 1523 1524 1525 1526 1527 1528 1529 1530 1531 1532 1533 1534 1535 1536 1537 1538 1539 1540 1541 1542 1543 1544 1545 1546 1547 1548 1549 1550 1551 1552 1553 1554 1555 1556 1557 1558 1559 1560 1561 1562 1563 1564 1565 1566 1567 1568 1569 1570 1571 1572 1573 1574 1575 1576 1577 1578 1579 1580 1581 1582 1583 1584 1585 1586 1587 1588 1589 1590 1591 1592 1593 1594 1595 1596 1597 1598 1599 1600 1601 1602 1603 1604 1605 1606 1607 1608 1609 1610 1611 1612 1613 1614 1615 1616 1617 1618 1619 1620 1621 1622 1623 1624 1625 1626 1627 1628 1629 1630 1631 1632 1633 1634 1635 1636 1637 1638 1639 1640 1641 1642 1643 1644 1645 1646 1647 1648 1649 1650 1651 1652 1653 1654 1655 1656 1657 1658 1659 1660 1661 1662 1663 1664 1665 1666 1667 1668 1669 1670 1671 1672 1673 1674 1675 1676 1677 1678 1679 1680 1681 1682 1683 1684 1685 1686 1687 1688 1689 1690 1691 1692 1693 1694 1695 1696 1697 1698 1699 1700 1701 1702 1703 1704 1705 1706 1707 1708 1709 1710 1711 1712 1713 1714 1715 1716 1717 1718 1719 1720 1721 1722 1723 1724 1725 1726 1727 1728 1729 1730 1731 1732 1733 1734 1735 1736 1737 1738 1739 1740 1741 1742 1743 1744 1745 1746 1747 1748 1749 1750 1751 1752 1753 1754 1755 1756 1757 1758 1759 1760 1761 1762 1763 1764 1765 1766 1767 1768 1769 1770 1771 1772 1773 1774 1775 1776 1777 1778 1779 1780 1781 1782 1783 1784 1785 1786 1787 1788 1789 1790 1791 1792 1793 1794 1795 1796 1797 1798 1799 1800 1801 1802 1803 1804 1805 1806 1807 1808 1809 1810 1811 1812 1813 1814 1815 1816 1817 1818 1819 1820 1821 1822 1823 1824 1825 1826 1827 1828 1829 1830 1831 1832 1833 1834 1835 1836 1837 1838 1839 1840 1841 1842 1843 1844 1845 1846 1847 1848 1849 1850 1851 1852 1853 1854 1855 1856 1857 1858 1859 1860 1861 1862 1863 1864 1865 1866 1867 1868 1869 1870 1871 1872 1873 1874 1875 1876 1877 1878 1879 1880 1881 1882 1883 1884 1885 1886 1887 1888 1889 1890 1891 1892 1893 1894 1895 1896 1897 1898 1899 1900 1901 1902 1903 1904 1905 1906 1907 1908 1909 1910 1911 1912 1913 1914 1915 1916 1917 1918 1919 1920 1921 1922 1923 1924 1925 1926 1927 1928 1929 1930 1931 1932 1933 1934 1935 1936 1937 1938 1939 1940 1941 1942 1943 1944 1945 1946 1947 1948 1949 1950 1951 1952 1953 1954 1955 1956 1957 1958 1959 1960 1961 1962 1963 1964 1965 1966 1967 1968 1969 1970 1971 1972 1973 1974 1975 1976 1977 1978 1979 1980 1981 1982 1983 1984 1985 1986 1987 1988 1989 1990 1991 1992 1993 1994 1995 1996 1997 1998 1999 2000 2001 2002 2003 2004 2005 2006 2007 2008 2009 2010 2011 2012 2013 2014 2015 2016 2017 2018 2019 2020 2021 2022 2023 2024 2025 2026 2027 2028 2029 2030 2031 2032 2033 2034 2035 2036 2037 2038 2039 2040 2041 2042 2043 2044 2045 2046 2047 2048 2049 2050 2051 2052 2053 2054 2055 2056 2057 2058 2059 2060 2061 2062 2063 2064 2065 2066 2067 2068 2069 2070 2071 2072 2073 2074 2075 2076 2077 2078 2079 2080 2081 2082 2083 2084 2085 2086 2087 2088 2089 2090 2091 2092 2093 2094 2095 2096 2097 2098 2099 2100 2101 2102 2103 2104 2105 2106 2107 2108 2109 2110 2111 2112 2113 2114 2115 2116 2117 2118 2119 2120 2121 2122 2123 2124 2125 2126 2127 2128 2129 2130 2131 2132 2133 2134 2135 2136 2137 2138 2139 2140 2141 2142 2143 2144 2145 2146 2147 2148 2149 2150 2151 2152 2153 2154 2155 2156 2157 2158 2159 2160 2161 2162 2163 2164 2165 2166 2167 2168 2169 2170 2171 2172 2173 2174 2175 2176 2177 2178 2179 2180 2181 2182 2183 2184 2185 2186 2187 2188 2189 2190 2191 2192 2193 2194 2195 2196 2197 2198 2199 2200 2201 2202 2203 2204 2205 2206 2207 2208 2209 2210 2211 2212 2213 2214 2215 2216 2217 2218 2219 2220 2221 2222 2223 2224 2225 2226 2227 2228 2229 2230 2231 2232 2233 2234 2235 2236 2237 2238 2239 2240 2241 2242 2243 2244 2245 2246 2247 2248 2249 2250 2251 2252 2253 2254 2255 2256 2257 2258 2259 2260 2261 2262 2263 2264 2265 2266 2267 2268 2269 2270 2271 2272 2273 2274 2275 2276 2277 2278 2279 2280 2281 2282 2283 2284 2285 2286 2287 2288 2289 2290 2291 2292 2293 2294 2295 2296 2297 2298 2299 2300 2301 2302 2303 2304 2305 2306 2307 2308 2309 2310 2311 2312 2313 2314 2315 2316 2317 2318 2319 2320 2321 2322 2323 2324 2325 2326 2327 2328 2329 2330 2331 2332 2333 2334 2335 2336 2337 2338 2339 2340 2341 2342 2343 2344 2345 2346 2347 2348 2349 2350 2351 2352 2353 2354 2355 2356 2357 2358 2359 2360 2361 2362 2363 2364 2365 2366 2367 2368 2369 2370 2371 2372 2373 2374 2375 2376 2377 2378 2379 2380 2381 2382 2383 2384 2385 2386 2387 2388 2389 2390 2391 2392 2393 2394 2395 2396 2397 2398 2399 2400 2401 2402 2403 2404 2405 2406 2407 2408 2409 2410 2411 2412 2413 2414 2415 2416 2417 2418 2419 2420 2421 2422 2423 2424 2425 2426 2427 2428 2429 2430 2431 2432 2433 2434 2435 2436 2437 2438 2439 2440 2441 2442 2443 2444 2445 2446 2447 2448 2449 2450 2451 2452 2453 2454 2455 2456 2457 2458 2459 2460 2461 2462 2463 2464 2465 2466 2467 2468 2469 2470 2471 2472 2473 2474 2475 2476 2477 2478 2479 2480 2481 2482 2483 2484 2485 2486 2487 2488 2489 2490 2491 2492 2493 2494 2495 2496 2497 2498 2499 2500 2501 2502 2503 2504 2505 2506 2507 2508 2509 2510 2511 2512 2513 2514 2515 2516 2517 2518 2519 2520 2521 2522 2523 2524 2525 2526 2527 2528 2529 2530 2531 2532 2533 2534 2535 2536 2537 2538 2539 2540 2541 2542 2543 2544 2545 2546 2547 2548 2549 2550 2551 2552 2553 2554 2555 2556 2557 2558 2559 2560 2561 2562 2563 2564 2565 2566 2567 2568 2569 2570 2571 2572 2573 2574 2575 2576 2577 2578 2579 2580 2581 2582 2583 2584 2585 2586 2587 2588 2589 2590 2591 2592 2593 2594 2595 2596 2597 2598 2599 2600 2601 2602 2603 2604 2605 2606 2607 2608 2609 2610 2611 2612 2613 2614 2615 2616 2617 2618 2619 2620 2621 2622 2623 2624 2625 2626 2627 2628 2629 2630 2631 2632 2633 2634 2635 2636 2637 2638 2639 2640 2641 2642 2643 2644 2645 2646 2647 2648 2649 2650 2651 2652 2653 2654 2655 2656 2657 2658 2659 2660 2661 2662 2663 2664 2665 2666 2667 2668 2669 2670 2671 2672 2673 2674 2675 2676 2677 2678 2679 2680 2681 2682 2683 2684 2685 2686 2687 2688 2689 2690 2691 2692 2693 2694 2695 2696 2697 2698 2699 2700 2701 2702 2703 2704 2705 2706 2707 2708 2709 2710 2711 2712 2713 2714 2715 2716 2717 2718 2719 2720 2721 2722 2723 2724 2725 2726 2727 2728 2729 2730 2731 2732 2733 2734 2735 2736 2737 2738 2739 2740 2741 2742 2743 2744 2745 2746 2747 2748 2749 2750 2751 2752 2753 2754 2755 2756 2757 2758 2759 2760 2761 2762 2763 2764 2765 2766 2767 2768 2769 2770 2771 2772 2773 2774 2775 2776 2777 2778 2779 2780 2781 2782 2783 2784 2785 2786 2787 2788 2789 2790 2791 2792 2793 2794 2795 2796 2797 2798 2799 2800 2801 2802 2803 2804 2805 2806 2807 2808 2809 2810 2811 2812 2813 2814 2815 2816 2817 2818 2819 2820 2821 2822 2823 2824 2825 2826 2827 2828 2829 2830 2831 2832 2833 2834 2835 2836 2837 2838 2839 2840 2841 2842 2843 2844 2845 2846 2847 2848 2849 2850 2851 2852 2853 2854 2855 2856 2857 2858 2859 2860 2861 2862 2863 2864 2865 2866 2867 2868 2869 2870 2871 2872 2873 2874 2875 2876 2877 2878 2879 2880 2881 2882 2883 2884 2885 2886 2887 2888 2889 2890 2891 2892 2893 2894 2895 2896 2897 2898 2899 2900 2901 2902 2903 2904 2905 2906 2907 2908 2909 2910 2911 2912 2913 2914 2915 2916 2917 2918 2919 2920 2921 2922 2923 2924 2925 2926 2927 2928 2929 2930 2931 2932 2933 2934 2935 2936 2937 2938 2939 2940 2941 2942 2943 2944 2945 2946 2947 2948 2949 2950 2951 2952 2953 2954 2955 2956 2957 2958 2959 2960 2961 2962 2963 2964 2965 2966 2967 2968 2969 2970 2971 2972 2973 2974 2975 2976 2977 2978 2979 2980 2981 2982 2983 2984 2985 2986 2987 2988 2989 2990 2991 2992 2993 2994 2995 2996 2997 2998 2999 3000 3001 3002 3003 3004 3005 3006 3007 3008 3009 3010 3011 3012 3013 3014 3015 3016 3017 3018 3019 3020 3021 3022 3023 3024 3025 3026 3027 3028 3029 3030 3031 3032 3033 3034 3035 3036 3037 3038 3039 3040 3041 3042 3043 3044 3045 3046 3047 3048 3049 3050 3051 3052 3053 3054 3055 3056 3057 3058 3059 3060 3061 3062 3063 3064 3065 3066 3067 3068 3069 3070 3071 3072 3073 3074 3075 3076 3077 3078 3079 3080 3081 3082 3083 3084 3085 3086 3087 3088 3089 3090 3091 3092 3093 3094 3095 3096 3097 3098 3099 3100 3101 3102 3103 3104 3105 3106 3107 3108 3109 3110 3111 3112 3113 3114 3115 3116 3117 3118 3119 3120 3121 3122 3123 3124 3125 3126 3127 3128 3129 3130 3131 3132 3133 3134 3135 3136 3137 3138 3139 3140 3141 3142 3143 3144 3145 3146 3147 3148 3149 3150 3151 3152 3153 3154 3155 3156 3157 3158 3159 3160 3161 3162 3163 3164 3165 3166 3167 3168 3169 3170 3171 3172 3173 3174 3175 3176 3177 3178 3179 3180 3181 3182 3183 3184 3185 3186 3187 3188 3189 3190 3191 3192 3193 3194 3195 3196 3197 3198 3199 3200 3201 3202 3203 3204 3205 3206 3207 3208 3209 3210 3211 3212 3213 3214 3215 3216 3217 3218 3219 3220 3221 3222 3223 3224 3225 3226 3227 3228 3229 3230 3231 3232 3233 3234 3235 3236 3237 3238 3239 3240 3241 3242 3243 3244 3245 3246 3247 3248 3249 3250 3251 3252 3253 3254 3255 3256 3257 3258 3259 3260 3261 3262 3263 3264 3265 3266 3267 3268 3269 3270 3271 3272 3273 3274 3275 3276 3277 3278 3279 3280 3281 3282 3283 3284 3285 3286 3287 3288 3289 3290 3291 3292 3293 3294 3295 3296 3297 3298 3299 3300 3301 3302 3303 3304 3305 3306 3307 3308 3309 3310 3311 3312 3313 3314 3315 3316 3317 3318 3319 3320 3321 3322 3323 3324 3325 3326 3327 3328 3329 3330 3331 3332 3333 3334 3335 3336 3337 3338 3339 3340 3341 3342 3343 3344 3345 3346 3347 3348 3349 3350 3351 3352 3353 3354 3355 3356 3357 3358 3359 3360 3361 3362 3363 3364 3365 3366 3367 3368 3369 3370 3371 3372 3373 3374 3375 3376 3377 3378 3379 3380 3381 3382 3383 3384 3385 3386 3387 3388 3389 3390 3391 3392 3393 3394 3395 3396 3397 3398 3399 3400 3401 3402 3403 3404 3405 3406 3407 3408 3409 3410 3411 3412 3413 3414 3415 3416 3417 3418 3419 3420 3421 3422 3423 3424 3425 3426 3427 3428 3429 3430 3431 3432 3433 3434 3435 3436 3437 3438 3439 3440 3441 3442 3443 3444 3445 3446 3447 3448 3449 3450 3451 3452 3453 3454 3455 3456 3457 3458 3459 3460 3461 3462 3463 3464 3465 3466 3467 3468 3469 3470 3471 3472 3473 3474 3475 3476 3477 3478 3479 3480 3481 3482 3483 3484 3485 3486 3487 3488 3489 3490 3491 3492 3493 3494 3495 3496 3497 3498 3499 3500 3501 3502 3503 3504 3505 3506 3507 3508 3509 3510 3511 3512 3513 3514 3515 3516 3517 3518 3519 3520 3521 3522 3523 3524 3525 3526 3527 3528 3529 3530 3531 3532 3533 3534 3535 3536 3537 3538 3539 3540 3541 3542 3543 3544 3545 3546 3547 3548 3549 3550 3551 3552 3553 3554 3555 3556 3557 3558 3559 3560 3561 3562 3563 3564 3565 3566 3567 3568 3569 3570 3571 3572 3573 3574 3575 3576 3577 3578 3579 3580 3581 3582 3583 3584 3585 3586 3587 3588 3589 3590 3591 3592 3593 3594 3595 3596 3597 3598 3599 3600 3601 3602 3603 3604 3605 3606 3607 3608 3609 3610 3611 3612 3613 3614 3615 3616 3617 3618 3619 3620 3621 3622 3623 3624 3625 3626 3627 3628 3629 3630 3631 3632 3633 3634 3635 3636 3637 3638 3639 3640 3641 3642 3643 3644 3645 3646 3647 3648 3649 3650 3651 3652 3653 3654 3655 3656 3657 3658 3659 3660 3661 3662 3663 3664 3665 3666 3667 3668 3669 3670 3671 3672 3673 3674 3675 3676 3677 3678 3679 3680 3681 3682 3683 3684 3685 3686 3687 3688 3689 3690 3691 3692 3693 3694 3695 3696 3697 3698 3699 3700 3701 3702 3703 3704 3705 3706 3707 3708 3709 3710 3711 3712 3713 3714 3715 3716 3717 3718 3719 3720 3721 3722 3723 3724 3725 3726 3727 3728 3729 3730 3731 3732 3733 3734 3735 3736 3737 3738 3739 3740 3741 3742 3743 3744 3745 3746 3747 3748 3749 3750 3751 3752 3753 3754 3755 3756 3757 3758 3759 3760 3761 3762 3763 3764 3765 3766 3767 3768 3769 3770 3771 3772 3773 3774 3775 3776 3777 3778 3779 3780 3781 3782 3783 3784 3785 3786 3787 3788 3789 3790 3791 3792 3793 3794 3795 3796 3797 3798 3799 3800 3801 3802 3803 3804 3805 3806 3807 3808 3809 3810 3811 3812 3813 3814 3815 3816 3817 3818 3819 3820 3821 3822 3823 3824 3825 3826 3827 3828 3829 3830 3831 3832 3833 3834 3835 3836 3837 3838 3839 3840 3841 3842 3843 3844 3845 3846 3847 3848 3849 3850 3851 3852 3853 3854 3855 3856 3857 3858 3859 3860 3861 3862 3863 3864 3865 3866 3867 3868 3869 3870 3871 3872 3873 3874 3875 3876 3877 3878 3879 3880 3881 3882 3883 3884 3885 3886 3887 3888 3889 3890 3891 3892 3893 3894 3895 3896 3897 3898 3899 3900 3901 3902 3903 3904 3905 3906 3907 3908 3909 3910 3911 3912 3913 3914 3915 3916 3917 3918 3919 3920 3921 3922 3923 3924 3925 3926 3927 3928 3929 3930 3931 3932 3933 3934 3935 3936 3937 3938 3939 3940 3941 3942 3943 3944 3945 3946 3947 3948 3949 3950 3951 3952 3953 3954 3955 3956 3957 3958 3959 3960 3961 3962 3963 3964 3965 3966 3967 3968 3969 3970 3971 3972 3973 3974 3975 3976 3977 3978 3979 3980 3981 3982 3983 3984 3985 3986 3987 3988 3989 3990 3991 3992 3993 3994 3995 3996 3997 3998 3999 4000 4001 4002 4003 4004 4005 4006 4007 4008 4009 4010 4011 4012 4013 4014 4015 4016 4017 4018 4019 4020 4021 4022 4023 4024 4025 4026 4027 4028 4029 4030 4031 4032 4033 4034 4035 4036 4037 4038 4039 4040 4041 4042 4043 4044 4045 4046 4047 4048 4049 4050 4051 4052 4053 4054 4055 4056 4057 4058 4059 4060 4061 4062 4063 4064 4065 4066 4067 4068 4069 4070 4071 4072 4073 4074 4075 4076 4077 4078 4079 4080 4081 4082 4083 4084 4085 4086 4087 4088 4089 4090 4091 4092 4093 4094 4095 
        </DataArray>
        <DataArray type="Int32" Name="offsets" format="ascii">
4 8 12 16 20 24 28 32 36 40 44 48 52 56 60 64 68 72 76 80 84 88 92 96 100 104 108 112 116 120 124 128 132 136 140 144 148 152 156 160 164 168 172 176 180 184 188 192 196 200 204 208 212 216 220 224 228 232 236 240 244 248 252 256 260 264 268 272 276 280 284 288 292 296 300 304 308 312 316 320 324 328 332 336 340 344 348 352 356 360 364 368 372 376 380 384 388 392 396 400 404 408 412 416 420 424 428 432 436 440 444 448 452 456 460 464 468 472 476 480 484 488 492 496 500 504 508 512 516 520 524 528 532 536 540 544 548 552 556 560 564 568 572 576 580 584 588 592 596 600 604 608 612 616 620 624 628 632 636 640 644 648 652 656 660 664 668 672 676 680 684 688 692 696 700 704 708 712 716 720 724 728 732 736 740 744 748 752 756 760 764 768 772 776 780 784 788 792 796 800 804 808 812 816 820 824 828 832 836 840 844 848 852 856 860 864 868 872 876 880 884 888 892 896 900 904 908 912 916 920 924 928 932 936 940 944 948 952 956 960 964 968 972 976 980 984 988 992 996 1000 1004 1008 1012 1016 1020 1024 1028 1032 1036 1040 1044 1048 1052 1056 1060 1064 1068 1072 1076 1080 1084 1088 1092 1096 1100 1104 1108 1112 1116 1120 1124 1128 1132 1136 1140 1144 1148 1152 1156 1160 1164 1168 1172 1176 1180 1184 1188 1192 1196 1200 1204 1208 1212 1216 1220 1224 1228 1232 1236 1240 1244 1248 1252 1256 1260 1264 1268 1272 1276 1280 1284 1288 1292 1296 1300 1304 1308 1312 1316 1320 1324 1328 1332 1336 1340 1344 1348 1352 1356 1360 1364 1368 1372 1376 1380 1384 1388 1392 1396 1400 1404 1408 1412 1416 1420 1424 1428 1432 1436 1440 1444 1448 1452 1456 1460 1464 1468 1472 1476 1480 1484 1488 1492 1496 1500 1504 1508 1512 1516 1520 1524 1528 1532 1536 1540 1544 1548 1552 1556 1560 1564 1568 1572 1576 1580 1584 1588 1592 1596 1600 1604 1608 1612 1616 1620 1624 1628 1632 1636 1640 1644 1648 1652 1656 1660 1664 1668 1672 1676 1680 1684 1688 1692 1696 1700 1704 1708 1712 1716 1720 1724 1728 1732 1736 1740 1744 1748 1752 1756 1760 1764 1768 1772 1776 1780 1784 1788 1792 1796 1800 1804 1808 1812 1816 1820 1824 1828 1832 1836 1840 1844 1848 1852 1856 1860 1864 1868 1872 1876 1880 1884 1888 1892 1896 1900 1904 1908 1912 1916 1920 1924 1928 1932 1936 1940 1944 1948 1952 1956 1960 1964 1968 1972 1976 1980 1984 1988 1992 1996 2000 2004 2008 2012 2016 2020 2024 2028 2032 2036 2040 2044 2048 2052 2056 2060 2064 2068 2072 2076 2080 2084 2088 2092 2096 2100 2104 2108 2112 2116 2120 2124 2128 2132 2136 2140 2144 2148 2152 2156 2160 2164 2168 2172 2176 2180 2184 2188 2192 2196 2200 2204 2208 2212 2216 2220 2224 2228 2232 2236 2240 2244 2248 2252 2256 2260 2264 2268 2272 2276 2280 2284 2288 2292 2296 2300 2304 2308 2312 2316 2320 2324 2328 2332 2336 2340 2344 2348 2352 2356 2360 2364 2368 2372 2376 2380 2384 2388 2392 2396 2400 2404 2408 2412 2416 2420 2424 2428 2432 2436 2440 2444 2448 2452 2456 2460 2464 2468 2472 2476 2480 2484 2488 2492 2496 2500 2504 2508 2512 2516 2520 2524 2528 2532 2536 2540 2544 2548 2552 2556 2560 2564 2568 2572 2576 2580 2584 2588 2592 2596 2600 2604 2608 2612 2616 2620 2624 2628 2632 2636 2640 2644 2648 2652 2656 2660 2664 2668 2672 2676 2680 2684 2688 2692 2696 2700 2704 2708 2712 2716 2720 2724 2728 2732 2736 2740 2744 2748 2752 2756 2760 2764 2768 2772 2776 2780 2784 2788 2792 2796 2800 2804 2808 2812 2816 2820 2824 2828 2832 2836 2840 2844 2848 2852 2856 2860 2864 2868 2872 2876 2880 2884 2888 2892 2896 2900 2904 2908 2912 2916 2920 2924 2928 2932 2936 2940 2944 2948 2952 2956 2960 2964 2968 2972 2976 2980 2984 2988 2992 2996 3000 3004 3008 3012 3016 3020 3024 3028 3032 3036 3040 3044 3048 3052 3056 3060 3064 3068 3072 3076 3080 3084 3088 3092 3096 3100 3104 3108 3112 3116 3120 3124 3128 3132 3136 3140 3144 3148 3152 3156 3160 3164 3168 3172 3176 3180 3184 3188 3192 3196 3200 3204 3208 3212 3216 3220 3224 3228 3232 3236 3240 3244 3248 3252 3256 3260 3264 3268 3272 3276 3280 3284 3288 3292 3296 3300 3304 3308 3312 3316 3320 3324 3328 3332 3336 3340 3344 3348 3352 3356 3360 3364 3368 3372 3376 3380 3384 3388 3392 3396 3400 3404 3408 3412 3416 3420 3424 3428 3432 3436 3440 3444 3448 3452 3456 3460 3464 3468 3472 3476 3480 3484 3488 3492 3496 3500 3504 3508 3512 3516 3520 3524 3528 3532 3536 3540 3544 3548 3552 3556 3560 3564 3568 3572 3576 3580 3584 3588 3592 3596 3600 3604 3608 3612 3616 3620 3624 3628 3632 3636 3640 3644 3648 3652 3656 3660 3664 3668 3672 3676 3680 3684 3688 3692 3696 3700 3704 3708 3712 3716 3720 3724 3728 3732 3736 3740 3744 3748 3752 3756 3760 3764 3768 3772 3776 3780 3784 3788 3792 3796 3800 3804 3808 3812 3816 3820 3824 3828 3832 3836 3840 3844 3848 3852 3856 3860 3864 3868 3872 3876 3880 3884 3888 3892 3896 3900 3904 3908 3912 3916 3920 3924 3928 3932 3936 3940 3944 3948 3952 3956 3960 3964 3968 3972 3976 3980 3984 3988 3992 3996 4000 4004 4008 4012 4016 4020 4024 4028 4032 4036 4040 4044 4048 4052 4056 4060 4064 4068 4072 4076 4080 4084 4088 4092 4096 
        </DataArray>
        <DataArray type="UInt8" Name="types" format="ascii">
9 9 9 9 9 9 9 9 9 9 9 9 9 9 9 9 9 9 9 9 9 9 9 9 9 9 9 9 9 9 9 9 9 9 9 9 9 9 9 9 9 9 9 9 9 9 9 9 9 9 9 9 9 9 9 9 9 9 9 9 9 9 9 9 9 9 9 9 9 9 9 9 9 9 9 9 9 9 9 9 9 9 9 9 9 9 9 9 9 9 9 9 9 9 9 9 9 9 9 9 9 9 9 9 9 9 9 9 9 9 9 9 9 9 9 9 9 9 9 9 9 9 9 9 9 9 9 9 9 9 9 9 9 9 9 9 9 9 9 9 9 9 9 9 9 9 9 9 9 9 9 9 9 9 9 9 9 9 9 9 9 9 9 9 9 9 9 9 9 9 9 9 9 9 9 9 9 9 9 9 9 9 9 9 9 9 9 9 9 9 9 9 9 9 9 9 9 9 9 9 9 9 9 9 9 9 9 9 9 9 9 9 9 9 9 9 9 9 9 9 9 9 9 9 9 9 9 9 9 9 9 9 9 9 9 9 9 9 9 9 9 9 9 9 9 9 9 9 9 9 9 9 9 9 9 9 9 9 9 9 9 9 9 9 9 9 9 9 9 9 9 9 9 9 9 9 9 9 9 9 9 9 9 9 9 9 9 9 9 9 9 9 9 9 9 9 9 9 9 9 9 9 9 9 9 9 9 9 9 9 9 9 9 9 9 9 9 9 9 9 9 9 9 9 9 9 9 9 9 9 9 9 9 9 9 9 9 9 9 9 9 9 9 9 9 9 9 9 9 9 9 9 9 9 9 9 9 9 9 9 9 9 9 9 9 9 9 9 9 9 9 9 9 9 9 9 9 9 9 9 9 9 9 9 9 9 9 9 9 9 9 9 9 9 9 9 9 9 9 9 9 9 9 9 9 9 9 9 9 9 9 9 9 9 9 9 9 9 9 9 9 9 9 9 9 9 9 9 9 9 9 9 9 9 9 9 9 9 9 9 9 9 9 9 9 9 9 9 9 9 9 9 9 9 9 9 9 9 9 9 9 9 9 9 9 9 9 9 9 9 9 9 9 9 9 9 9 9 9 9 9 9 9 9 9 9 9 9 9 9 9 9 9 9 9 9 9 9 9 9 9 9 9 9 9 9 9 9 9 9 9 9 9 9 9 9 9 9 9 9 9 9 9 9 9 9 9 9 9 9 9 9 9 9 9 9 9 9 9 9 9 9 9 9 9 9 9 9 9 9 9 9 9 9 9 9 9 9 9 9 9 9 9 9 9 9 9 9 9 9 9 9 9 9 9 9 9 9 9 9 9 9 9 9 9 9 9 9 9 9 9 9 9 9 9 9 9 9 9 9 9 9 9 9 9 9 9 9 9 9 9 9 9 9 9 9 9 9 9 9 9 9 9 9 9 9 9 9 9 9 9 9 9 9 9 9 9 9 9 9 9 9 9 9 9 9 9 9 9 9 9 9 9 9 9 9 9 9 9 9 9 9 9 9 9 9 9 9 9 9 9 9 9 9 9 9 9 9 9 9 9 9 9 9 9 9 9 9 9 9 9 9 9 9 9 9 9 9 9 9 9 9 9 9 9 9 9 9 9 9 9 9 9 9 9 9 9 9 9 9 9 9 9 9 9 9 9 9 9 9 9 9 9 9 9 9 9 9 9 9 9 9 9 9 9 9 9 9 9 9 9 9 9 9 9 9 9 9 9 9 9 9 9 9 9 9 9 9 9 9 9 9 9 9 9 9 9 9 9 9 9 9 9 9 9 9 9 9 9 9 9 9 9 9 9 9 9 9 9 9 9 9 9 9 9 9 9 9 9 9 9 9 9 9 9 9 9 9 9 9 9 9 9 9 9 9 9 9 9 9 9 9 9 9 9 9 9 9 9 9 9 9 9 9 9 9 9 9 9 9 9 9 9 9 9 9 9 9 9 9 9 9 9 9 9 9 9 9 9 9 9 9 9 9 9 9 9 9 9 9 9 9 9 9 9 9 9 9 9 9 9 9 9 9 9 9 9 9 9 9 9 9 9 9 9 9 9 9 9 9 9 9 9 9 9 9 9 9 9 9 9 9 9 9 9 9 9 9 9 9 9 9 9 9 9 9 9 9 9 9 9 9 9 9 9 9 9 9 9 9 9 9 9 9 9 9 9 9 9 9 9 9 9 9 9 9 9 9 9 9 9 9 9 9 9 9 9 9 9 9 9 9 9 9 9 9 9 9 9 9 9 9 9 9 9 9 9 9 9 9 9 9 9 9 9 9 9 9 9 9 9 9 9 9 9 9 9 9 9 9 9 9 9 9 
        </DataArray>
      </Cells>

  <PointData>
        <DataArray type="Float64" Name="temperature" format="ascii">
0.000000000000000e+00
0.000000000000000e+00
3.103223047408633e-05
0.000000000000000e+00
0.000000000000000e+00
0.000000000000000e+00
5.642802435694929e-05
3.103223047408633e-05
0.000000000000000e+00
0.000000000000000e+00
7.657859391643247e-05
5.642802435694929e-05
0.000000000000000e+00
0.000000000000000e+00
9.185418465598484e-05
7.657859391643247e-05
0.000000000000000e+00
0.000000000000000e+00
1.026191106642129e-04
9.185418465598484e-05
0.000000000000000e+00
0.000000000000000e+00
1.092349996917186e-04
1.026191106642129e-04
0.000000000000000e+00
0.000000000000000e+00
1.120621376432709e-04
1.092349996917186e-04
0.000000000000000e+00
0.000000000000000e+00
1.114600574795063e-04
1.120621376432709e-04
0.000000000000000e+00
0.000000000000000e+00
1.077878217253400e-04
1.114600574795063e-04
0.000000000000000e+00
0.000000000000000e+00
1.014041758218070e-04
1.077878217253400e-04
0.000000000000000e+00
0.000000000000000e+00
9.266764307641413e-05
1.014041758218070e-04
0.000000000000000e+00
0.000000000000000e+00
8.193658908952725e-05
9.266764307641413e-05
0.000000000000000e+00
0.000000000000000e+00
6.956926755530300e-05
8.193658908952725e-05
0.000000000000000e+00
0.000000000000000e+00
5.592385359692126e-05
6.956926755530300e-05
0.000000000000000e+00
0.000000000000000e+00
4.135846852251141e-05
5.592385359692126e-05
0.000000000000000e+00
0.000000000000000e+00
2.623119868449833e-05
4.135846852251141e-05
0.000000000000000e+00
0.000000000000000e+00
1.090011029632596e-05
2.623119868449833e-05
0.000000000000000e+00
0.000000000000000e+00
-4.276738543970982e-06
1.090011029632596e-05
0.000000000000000e+00
0.000000000000000e+00
-1.894128778046168e-05
-4.276738543970982e-06
0.000000000000000e+00
0.000000000000000e+00
-3.273546666750136e-05
-1.894128778046168e-05
0.000000000000000e+00
0.000000000000000e+00
-4.530118589117270e-05
-3.273546666750136e-05
0.000000000000000e+00
0.000000000000000e+00
-5.628033018066755e-05
-4.530118589117270e-05
0.000000000000000e+00
0.000000000000000e+00
-6.531475137551037e-05
-5.628033018066755e-05
0.000000000000000e+00
0.000000000000000e+00
-7.204626269111930e-05
-6.531475137551037e-05
0.000000000000000e+00
0.000000000000000e+00
-7.611663618427517e-05
-7.204626269111930e-05
0.000000000000000e+00
0.000000000000000e+00
-7.716760628816320e-05
-7.611663618427517e-05
0.000000000000000e+00
0.000000000000000e+00
-7.484087974876359e-05
-7.716760628816320e-05
0.000000000000000e+00
0.000000000000000e+00
-6.877814066885653e-05
-7.484087974876359e-05
0.000000000000000e+00
0.000000000000000e+00
-5.862101712517315e-05
-6.877814066885653e-05
0.000000000000000e+00
0.000000000000000e+00
-4.401098503624893e-05
-5.862101712517315e-05
0.000000000000000e+00
0.000000000000000e+00
-2.458946002065885e-05
-4.401098503624893e-05
0.000000000000000e+00
0.000000000000000e+00
0.000000000000000e+00
-2.458946002065885e-05
0.000000000000000e+00
3.103223047408633e-05
5.463700272842203e-05
0.000000000000000e+00
3.103223047408633e-05
5.642802435694929e-05
9.875841906719699e-05
5.463700272842203e-05
5.642802435694929e-05
7.657859391643247e-05
1.330824301308926e-04
9.875841906719699e-05
7.657859391643247e-05
9.185418465598484e-05
1.583200926280927e-04
1.330824301308926e-04
9.185418465598484e-05
1.026191106642129e-04
1.751747683264092e-04
1.583200926280927e-04
1.026191106642129e-04
1.092349996917186e-04
1.843457480827292e-04
1.751747683264092e-04
1.092349996917186e-04
1.120621376432709e-04
1.865300992846005e-04
1.843457480827292e-04
1.120621376432709e-04
1.114600574795063e-04
1.824235798241633e-04
1.865300992846005e-04
1.114600574795063e-04
1.077878217253400e-04
1.727211008699781e-04
1.824235798241633e-04
1.077878217253400e-04
1.014041758218070e-04
1.581169889721951e-04
1.727211008699781e-04
1.014041758218070e-04
9.266764307641413e-05
1.393051543790864e-04
1.581169889721951e-04
9.266764307641413e-05
8.193658908952725e-05
1.169792085614273e-04
1.393051543790864e-04
8.193658908952725e-05
6.956926755530300e-05
9.183254948467064e-05
1.169792085614273e-04
6.956926755530300e-05
5.592385359692126e-05
6.455842457080370e-05
9.183254948467064e-05
5.592385359692126e-05
4.135846852251141e-05
3.584997795466130e-05
6.455842457080370e-05
4.135846852251141e-05
2.623119868449833e-05
6.400286787342575e-06
3.584997795466130e-05
2.623119868449833e-05
1.090011029632596e-05
-2.309761004252113e-05
6.400286787342575e-06
1.090011029632596e-05
-4.276738543970982e-06
-5.195068846221005e-05
-2.309761004252113e-05
-4.276738543970982e-06
-1.894128778046168e-05
-7.946591946825009e-05
-5.195068846221005e-05
-1.894128778046168e-05
-3.273546666750136e-05
-1.049502519267464e-04
-7.946591946825009e-05
-3.273546666750136e-05
-4.530118589117270e-05
-1.277105969807302e-04
-1.049502519267464e-04
-4.530118589117270e-05
-5.628033018066755e-05
-1.470538133543891e-04
-1.277105969807302e-04
-5.628033018066755e-05
-6.531475137551037e-05
-1.622866934830162e-04
-1.470538133543891e-04
-6.531475137551037e-05
-7.204626269111930e-05
-1.727159519229721e-04
-1.622866934830162e-04
-7.204626269111930e-05
-7.611663618427517e-05
-1.776482199645890e-04
-1.727159519229721e-04
-7.611663618427517e-05
-7.716760628816320e-05
-1.763900520080382e-04
-1.776482199645890e-04
-7.716760628816320e-05
-7.484087974876359e-05
-1.682479439612980e-04
-1.763900520080382e-04
-7.484087974876359e-05
-6.877814066885653e-05
-1.525283400391135e-04
-1.682479439612980e-04
-6.877814066885653e-05
-5.862101712517315e-05
-1.285375577752793e-04
-1.525283400391135e-04
-5.862101712517315e-05
-4.401098503624893e-05
-9.558156940769929e-05
-1.285375577752793e-04
-4.401098503624893e-05
-2.458946002065885e-05
-5.296609317888529e-05
-9.558156940769929e-05
-2.458946002065885e-05
0.000000000000000e+00
0.000000000000000e+00
-5.296609317888529e-05
0.000000000000000e+00
5.463700272842203e-05
7.138432247667401e-05
0.000000000000000e+00
5.463700272842203e-05
9.875841906719699e-05
1.280554101104468e-04
7.138432247667401e-05
9.875841906719699e-05
1.330824301308926e-04
1.710370484794661e-04
1.280554101104468e-04
1.330824301308926e-04
1.583200926280927e-04
2.013515192570757e-04
1.710370484794661e-04
1.583200926280927e-04
1.751747683264092e-04
2.200155526908485e-04
2.013515192570757e-04
1.751747683264092e-04
1.843457480827292e-04
2.280417603006147e-04
2.200155526908485e-04
1.843457480827292e-04
1.865300992846005e-04
2.264402504395679e-04
2.280417603006147e-04
1.865300992846005e-04
1.824235798241633e-04
2.162195500142563e-04
2.264402504395679e-04
1.824235798241633e-04
1.727211008699781e-04
1.983871100197157e-04
2.162195500142563e-04
1.727211008699781e-04
1.581169889721951e-04
1.739496108071899e-04
1.983871100197157e-04
1.581169889721951e-04
1.393051543790864e-04
1.439131700176606e-04
1.739496108071899e-04
1.393051543790864e-04
1.169792085614273e-04
1.092834946538111e-04
1.439131700176606e-04
1.169792085614273e-04
9.183254948467064e-05
7.106599509123585e-05
1.092834946538111e-04
9.183254948467064e-05
6.455842457080370e-05
3.026587120953894e-05
7.106599509123585e-05
6.455842457080370e-05
3.584997795466130e-05
-1.211182185996435e-05
3.026587120953894e-05
3.584997795466130e-05
6.400286787342575e-06
-5.506212254368707e-05
-1.211182185996435e-05
6.400286787342575e-06
-2.309761004252113e-05
-9.758012187003697e-05
-5.506212254368707e-05
-2.309761004252113e-05
-5.195068846221005e-05
-1.386609297118465e-04
-9.758012187003697e-05
-5.195068846221005e-05
-7.946591946825009e-05
-1.772996461142639e-04
-1.386609297118465e-04
-7.946591946825009e-05
-1.049502519267464e-04
-2.124913361261213e-04
-1.772996461142639e-04
-1.049502519267464e-04
-1.277105969807302e-04
-2.432310068092823e-04
-2.124913361261213e-04
-1.277105969807302e-04
-1.470538133543891e-04
-2.685135854007483e-04
-2.432310068092823e-04
-1.470538133543891e-04
-1.622866934830162e-04
-2.873338985179245e-04
-2.685135854007483e-04
-1.622866934830162e-04
-1.727159519229721e-04
-2.986866545264835e-04
-2.873338985179245e-04
-1.727159519229721e-04
-1.776482199645890e-04
-3.015664347927524e-04
-2.986866545264835e-04
-1.776482199645890e-04
-1.763900520080382e-04
-2.949677018128064e-04
-3.015664347927524e-04
-1.763900520080382e-04
-1.682479439612980e-04
-2.778848238818125e-04
-2.949677018128064e-04
-1.682479439612980e-04
-1.525283400391135e-04
-2.493120792294009e-04
-2.778848238818125e-04
-1.525283400391135e-04
-1.285375577752793e-04
-2.082435297670641e-04
-2.493120792294009e-04
-1.285375577752793e-04
-9.558156940769929e-05
-1.536726578775086e-04
-2.082435297670641e-04
-9.558156940769929e-05
-5.296609317888529e-05
-8.459237432396574e-05
-1.536726578775086e-04
-5.296609317888529e-05
0.000000000000000e+00
0.000000000000000e+00
-8.459237432396574e-05
0.000000000000000e+00
7.138432247667401e-05
8.182373402116037e-05
0.000000000000000e+00
7.138432247667401e-05
1.280554101104468e-04
1.453771066403756e-04
8.182373402116037e-05
1.280554101104468e-04
1.710370484794661e-04
1.919679884480615e-04
1.453771066403756e-04
1.710370484794661e-04
2.013515192570757e-04
2.229058594659622e-04
1.919679884480615e-04
2.013515192570757e-04
2.200155526908485e-04
2.394960368496987e-04
2.229058594659622e-04
2.200155526908485e-04
2.280417603006147e-04
2.430403046880227e-04
2.394960368496987e-04
2.280417603006147e-04
2.264402504395679e-04
2.348380755537582e-04
2.430403046880227e-04
2.264402504395679e-04
2.162195500142563e-04
2.161871550534786e-04
2.348380755537582e-04
2.162195500142563e-04
1.983871100197157e-04
1.883841891729044e-04
2.161871550534786e-04
1.983871100197157e-04
1.739496108071899e-04
1.527249555102460e-04
1.883841891729044e-04
1.739496108071899e-04
1.439131700176606e-04
1.105045776847642e-04
1.527249555102460e-04
1.439131700176606e-04
1.092834946538111e-04
6.301769214246072e-05
1.105045776847642e-04
1.092834946538111e-04
7.106599509123585e-05
1.155857871395016e-05
6.301769214246072e-05
7.106599509123585e-05
3.026587120953894e-05
-4.257873776645117e-05
1.155857871395016e-05
3.026587120953894e-05
-1.211182185996435e-05
-9.810040816093272e-05
-4.257873776645117e-05
-1.211182185996435e-05
-5.506212254368707e-05
-1.537126961889512e-04
-9.810040816093272e-05
-5.506212254368707e-05
-9.758012187003697e-05
-2.081219274001447e-04
-1.537126961889512e-04
-9.758012187003697e-05
-1.386609297118465e-04
-2.600344465732526e-04
-2.081219274001447e-04
-1.386609297118465e-04
-1.772996461142639e-04
-3.081565811221953e-04
-2.600344465732526e-04
-1.772996461142639e-04
-2.124913361261213e-04
-3.511946086396717e-04
-3.081565811221953e-04
-2.124913361261213e-04
-2.432310068092823e-04
-3.878547269517255e-04
-3.511946086396717e-04
-2.432310068092823e-04
-2.685135854007483e-04
-4.168430253869784e-04
-3.878547269517255e-04
-2.685135854007483e-04
-2.873338985179245e-04
-4.368654571187142e-04
-4.168430253869784e-04
-2.873338985179245e-04
-2.986866545264835e-04
-4.466278153218712e-04
-4.368654571187142e-04
-2.986866545264835e-04
-3.015664347927524e-04
-4.448357205510568e-04
-4.466278153218712e-04
-3.015664347927524e-04
-2.949677018128064e-04
-4.301946295481973e-04
-4.448357205510568e-04
-2.949677018128064e-04
-2.778848238818125e-04
-4.014098642216546e-04
-4.301946295481973e-04
-2.778848238818125e-04
-2.493120792294009e-04
-3.571866098835071e-04
-4.014098642216546e-04
-2.493120792294009e-04
-2.082435297670641e-04
-2.962297332744714e-04
-3.571866098835071e-04
-2.082435297670641e-04
-1.536726578775086e-04
-2.172432699776988e-04
-2.962297332744714e-04
-1.536726578775086e-04
-8.459237432396574e-05
-1.189303938429791e-04
-2.172432699776988e-04
-8.459237432396574e-05
0.000000000000000e+00
0.000000000000000e+00
-1.189303938429791e-04
0.000000000000000e+00
8.182373402116037e-05
8.649876421207911e-05
0.000000000000000e+00
8.182373402116037e-05
1.453771066403756e-04
1.517737511504726e-04
8.649876421207911e-05
1.453771066403756e-04
1.919679884480615e-04
1.973949814064515e-04
1.517737511504726e-04
1.919679884480615e-04
2.229058594659622e-04
2.249360047165203e-04
1.973949814064515e-04
2.229058594659622e-04
2.394960368496987e-04
2.359670497621297e-04
2.249360047165203e-04
2.394960368496987e-04
2.430403046880227e-04
2.320553320348131e-04
2.359670497621297e-04
2.430403046880227e-04
2.348380755537582e-04
2.147659835045996e-04
2.320553320348131e-04
2.348380755537582e-04
2.161871550534786e-04
1.856626480325227e-04
2.147659835045996e-04
2.161871550534786e-04
1.883841891729044e-04
1.463078331813339e-04
1.856626480325227e-04
1.883841891729044e-04
1.527249555102460e-04
9.826315493852440e-05
1.463078331813339e-04
1.527249555102460e-04
1.105045776847642e-04
4.308953515535907e-05
9.826315493852440e-05
1.105045776847642e-04
6.301769214246072e-05
-1.765263305443839e-05
4.308953515535907e-05
6.301769214246072e-05
1.155857871395016e-05
-8.240334914841029e-05
-1.765263305443839e-05
1.155857871395016e-05
-4.257873776645117e-05
-1.496028954313835e-04
-8.240334914841029e-05
-4.257873776645117e-05
-9.810040816093272e-05
-2.176917492007793e-04
-1.496028954313835e-04
-9.810040816093272e-05
-1.537126961889512e-04
-2.851105116676134e-04
-2.176917492007793e-04
-1.537126961889512e-04
-2.081219274001447e-04
-3.502998492086802e-04
-2.851105116676134e-04
-2.081219274001447e-04
-2.600344465732526e-04
-4.117004435595006e-04
-3.502998492086802e-04
-2.600344465732526e-04
-3.081565811221953e-04
-4.677529484449714e-04
-4.117004435595006e-04
-3.081565811221953e-04
-3.511946086396717e-04
-5.168979506320876e-04
-4.677529484449714e-04
-3.511946086396717e-04
-3.878547269517255e-04
-5.575759335663499e-04
-5.168979506320876e-04
-3.878547269517255e-04
-4.168430253869784e-04
-5.882272420761293e-04
-5.575759335663499e-04
-4.168430253869784e-04
-4.368654571187142e-04
-6.072920479881581e-04
-5.882272420761293e-04
-4.368654571187142e-04
-4.466278153218712e-04
-6.132103199942843e-04
-6.072920479881581e-04
-4.466278153218712e-04
-4.448357205510568e-04
-6.044218067834765e-04
-6.132103199942843e-04
-4.448357205510568e-04
-4.301946295481973e-04
-5.793660457516977e-04
-6.044218067834765e-04
-4.301946295481973e-04
-4.014098642216546e-04
-5.364823950790142e-04
-5.793660457516977e-04
-4.014098642216546e-04
-3.571866098835071e-04
-4.742100248875467e-04
-5.364823950790142e-04
-3.571866098835071e-04
-2.962297332744714e-04
-3.909876803037974e-04
-4.742100248875467e-04
-2.962297332744714e-04
-2.172432699776988e-04
-2.852530298409809e-04
-3.909876803037974e-04
-2.172432699776988e-04
-1.189303938429791e-04
-1.554426120094326e-04
-2.852530298409809e-04
-1.189303938429791e-04
0.000000000000000e+00
0.000000000000000e+00
-1.554426120094326e-04
0.000000000000000e+00
8.649876421207911e-05
8.595017218730741e-05
0.000000000000000e+00
8.649876421207911e-05
1.517737511504726e-04
1.482913528136247e-04
8.595017218730741e-05
1.517737511504726e-04
1.973949814064515e-04
1.888333972290183e-04
1.482913528136247e-04
1.973949814064515e-04
2.249360047165203e-04
2.093909912955051e-04
1.888333972290183e-04
2.249360047165203e-04
2.359670497621297e-04
2.117760071059021e-04
2.093909912955051e-04
2.359670497621297e-04
2.320553320348131e-04
1.977976876636464e-04
2.117760071059021e-04
2.320553320348131e-04
2.147659835045996e-04
1.692634772568140e-04
1.977976876636464e-04
2.147659835045996e-04
1.856626480325227e-04
1.279795045916969e-04
1.692634772568140e-04
1.856626480325227e-04
1.463078331813339e-04
7.575084554099739e-05
1.279795045916969e-04
1.463078331813339e-04
9.826315493852440e-05
1.438171283299046e-05
7.575084554099739e-05
9.826315493852440e-05
4.308953515535907e-05
-5.432437488379354e-05
1.438171283299046e-05
4.308953515535907e-05
-1.765263305443839e-05
-1.285644392699135e-04
-5.432437488379354e-05
-1.765263305443839e-05
-8.240334914841029e-05
-2.065359085911904e-04
-1.285644392699135e-04
-8.240334914841029e-05
-1.496028954313835e-04
-2.864365059098415e-04
-2.065359085911904e-04
-1.496028954313835e-04
-2.176917492007793e-04
-3.664641570476928e-04
-2.864365059098415e-04
-2.176917492007793e-04
-2.851105116676134e-04
-4.448169144131961e-04
-3.664641570476928e-04
-2.851105116676134e-04
-3.502998492086802e-04
-5.196928927951108e-04
-4.448169144131961e-04
-3.502998492086802e-04
-4.117004435595006e-04
-5.892902139808865e-04
-5.196928927951108e-04
-4.117004435595006e-04
-4.677529484449714e-04
-6.518069577888641e-04
-5.892902139808865e-04
-4.677529484449714e-04
-5.168979506320876e-04
-7.054411174731820e-04
-6.518069577888641e-04
-5.168979506320876e-04
-5.575759335663499e-04
-7.483905575329560e-04
-7.054411174731820e-04
-5.575759335663499e-04
-5.882272420761293e-04
-7.788529722440256e-04
-7.483905575329560e-04
-5.882272420761293e-04
-6.072920479881581e-04
-7.950258447683638e-04
-7.788529722440256e-04
-6.072920479881581e-04
-6.132103199942843e-04
-7.951064107745917e-04
-7.950258447683638e-04
-6.132103199942843e-04
-6.044218067834765e-04
-7.772916371541039e-04
-7.951064107745917e-04
-6.044218067834765e-04
-5.793660457516977e-04
-7.397782302214711e-04
-7.772916371541039e-04
-5.793660457516977e-04
-5.364823950790142e-04
-6.807626703962526e-04
-7.397782302214711e-04
-5.364823950790142e-04
-4.742100248875467e-04
-5.984411965107853e-04
-6.807626703962526e-04
-4.742100248875467e-04
-3.909876803037974e-04
-4.910095171707883e-04
-5.984411965107853e-04
-3.909876803037974e-04
-2.852530298409809e-04
-3.566620283535608e-04
-4.910095171707883e-04
-2.852530298409809e-04
-1.554426120094326e-04
-1.935917438102190e-04
-3.566620283535608e-04
-1.554426120094326e-04
0.000000000000000e+00
0.000000000000000e+00
-1.935917438102190e-04
0.000000000000000e+00
8.595017218730741e-05
8.071734219179368e-05
0.000000000000000e+00
8.595017218730741e-05
1.482913528136247e-04
1.359736313003696e-04
8.071734219179368e-05
1.482913528136247e-04
1.888333972290183e-04
1.677960037275181e-04
1.359736313003696e-04
1.888333972290183e-04
2.093909912955051e-04
1.782173524004567e-04
1.677960037275181e-04
2.093909912955051e-04
2.117760071059021e-04
1.692680770362441e-04
1.782173524004567e-04
2.117760071059021e-04
1.977976876636464e-04
1.429762220673246e-04
1.692680770362441e-04
1.977976876636464e-04
1.692634772568140e-04
1.013682739135453e-04
1.429762220673246e-04
1.692634772568140e-04
1.279795045916969e-04
4.646957801453947e-05
1.013682739135453e-04
1.279795045916969e-04
7.575084554099739e-05
-1.969546546468642e-05
4.646957801453947e-05
7.575084554099739e-05
1.438171283299046e-05
-9.510326149393238e-05
-1.969546546468642e-05
1.438171283299046e-05
-5.432437488379354e-05
-1.777308815396711e-04
-9.510326149393238e-05
-5.432437488379354e-05
-1.285644392699135e-04
-2.655559260410389e-04
-1.777308815396711e-04
-1.285644392699135e-04
-2.065359085911904e-04
-3.565563980271613e-04
-2.655559260410389e-04
-2.065359085911904e-04
-2.864365059098415e-04
-4.487105934420117e-04
-3.565563980271613e-04
-2.864365059098415e-04
-3.664641570476928e-04
-5.399970083029544e-04
-4.487105934420117e-04
-3.664641570476928e-04
-4.448169144131961e-04
-6.283942600386111e-04
-5.399970083029544e-04
-4.448169144131961e-04
-5.196928927951108e-04
-7.118810198002149e-04
-6.283942600386111e-04
-5.196928927951108e-04
-5.892902139808865e-04
-7.884359529935104e-04
-7.118810198002149e-04
-5.892902139808865e-04
-6.518069577888641e-04
-8.560376658264665e-04
-7.884359529935104e-04
-6.518069577888641e-04
-7.054411174731820e-04
-9.126646558931204e-04
-8.560376658264665e-04
-7.054411174731820e-04
-7.483905575329560e-04
-9.562952647610055e-04
-9.126646558931204e-04
-7.483905575329560e-04
-7.788529722440256e-04
-9.849076307638580e-04
-9.562952647610055e-04
-7.788529722440256e-04
-7.950258447683638e-04
-9.964796418982509e-04
-9.849076307638580e-04
-7.950258447683638e-04
-7.951064107745917e-04
-9.889888933578618e-04
-9.964796418982509e-04
-7.951064107745917e-04
-7.772916371541039e-04
-9.604126618417482e-04
-9.889888933578618e-04
-7.772916371541039e-04
-7.397782302214711e-04
-9.087279131015505e-04
-9.604126618417482e-04
-7.397782302214711e-04
-6.807626703962526e-04
-8.319113391252537e-04
-9.087279131015505e-04
-6.807626703962526e-04
-5.984411965107853e-04
-7.279393363175644e-04
-8.319113391252537e-04
-5.984411965107853e-04
-4.910095171707883e-04
-5.947876683530004e-04
-7.279393363175644e-04
-4.910095171707883e-04
-3.566620283535608e-04
-4.304305598857437e-04
-5.947876683530004e-04
-3.566620283535608e-04
-1.935917438102190e-04
-2.328406134416613e-04
-4.304305598857437e-04
-1.935917438102190e-04
0.000000000000000e+00
0.000000000000000e+00
-2.328406134416613e-04
0.000000000000000e+00
8.071734219179368e-05
7.133889083495638e-05
0.000000000000000e+00
8.071734219179368e-05
1.359736313003696e-04
1.158629673607137e-04
7.133889083495638e-05
1.359736313003696e-04
1.677960037275181e-04
1.357939430245821e-04
1.158629673607137e-04
1.677960037275181e-04
1.782173524004567e-04
1.333599550797604e-04
1.357939430245821e-04
1.782173524004567e-04
1.692680770362441e-04
1.107868653158788e-04
1.333599550797604e-04
1.692680770362441e-04
1.429762220673246e-04
7.029838057770765e-05
1.107868653158788e-04
1.429762220673246e-04
1.013682739135453e-04
1.411684449452959e-05
7.029838057770765e-05
1.013682739135453e-04
4.646957801453947e-05
-5.553638283514972e-05
1.411684449452959e-05
4.646957801453947e-05
-1.969546546468642e-05
-1.364407758128922e-04
-5.553638283514972e-05
-1.969546546468642e-05
-9.510326149393238e-05
-2.263765425201881e-04
-1.364407758128922e-04
-9.510326149393238e-05
-1.777308815396711e-04
-3.231245134435180e-04
-2.263765425201881e-04
-1.777308815396711e-04
-2.655559260410389e-04
-4.244660208835173e-04
-3.231245134435180e-04
-2.655559260410389e-04
-3.565563980271613e-04
-5.281827820809525e-04
-4.244660208835173e-04
-3.565563980271613e-04
-4.487105934420117e-04
-6.320567941810548e-04
-5.281827820809525e-04
-4.487105934420117e-04
-5.399970083029544e-04
-7.338702429004098e-04
-6.320567941810548e-04
-5.399970083029544e-04
-6.283942600386111e-04
-8.314054233322540e-04
-7.338702429004098e-04
-6.283942600386111e-04
-7.118810198002149e-04
-9.224446703636004e-04
-8.314054233322540e-04
-7.118810198002149e-04
-7.884359529935104e-04
-1.004770296381426e-03
-9.224446703636004e-04
-7.884359529935104e-04
-8.560376658264665e-04
-1.076164534321976e-03
-1.004770296381426e-03
-8.560376658264665e-04
-9.126646558931204e-04
-1.134409484195563e-03
-1.076164534321976e-03
-9.126646558931204e-04
-9.562952647610055e-04
-1.177287061036429e-03
-1.134409484195563e-03
-9.562952647610055e-04
-9.849076307638580e-04
-1.202578942403713e-03
-1.177287061036429e-03
-9.849076307638580e-04
-9.964796418982509e-04
-1.208066515405758e-03
-1.202578942403713e-03
-9.964796418982509e-04
-9.889888933578618e-04
-1.191530828389183e-03
-1.208066515405758e-03
-9.889888933578618e-04
-9.604126618417482e-04
-1.150752560957911e-03
-1.191530828389183e-03
-9.604126618417482e-04
-9.087279131015505e-04
-1.083512030844537e-03
-1.150752560957911e-03
-9.087279131015505e-04
-8.319113391252537e-04
-9.875892335775031e-04
-1.083512030844537e-03
-8.319113391252537e-04
-7.279393363175644e-04
-8.607638151904616e-04
-9.875892335775031e-04
-7.279393363175644e-04
-5.947876683530004e-04
-7.008146894748536e-04
-8.607638151904616e-04
-5.947876683530004e-04
-4.304305598857437e-04
-5.055190142402201e-04
-7.008146894748536e-04
-4.304305598857437e-04
-2.328406134416613e-04
-2.726520959138689e-04
-5.055190142402201e-04
-2.328406134416613e-04
0.000000000000000e+00
0.000000000000000e+00
-2.726520959138689e-04
0.000000000000000e+00
7.133889083495638e-05
5.835295136058261e-05
0.000000000000000e+00
7.133889083495638e-05
1.158629673607137e-04
8.900086911078075e-05
5.835295136058261e-05
1.158629673607137e-04
1.357939430245821e-04
9.433724234137912e-05
8.900086911078075e-05
1.357939430245821e-04
1.333599550797604e-04
7.676245454649225e-05
9.433724234137912e-05
1.333599550797604e-04
1.107868653158788e-04
3.867477578393907e-05
7.676245454649225e-05
1.107868653158788e-04
7.029838057770765e-05
-1.752952356651941e-05
3.867477578393907e-05
7.029838057770765e-05
1.411684449452959e-05
-8.945537840563395e-05
-1.752952356651941e-05
1.411684449452959e-05
-5.553638283514972e-05
-1.747085709225313e-04
-8.945537840563395e-05
-5.553638283514972e-05
-1.364407758128922e-04
-2.708956132702777e-04
-1.747085709225313e-04
-1.364407758128922e-04
-2.263765425201881e-04
-3.756236761604100e-04
-2.708956132702777e-04
-2.263765425201881e-04
-3.231245134435180e-04
-4.865005001056094e-04
-3.756236761604100e-04
-3.231245134435180e-04
-4.244660208835173e-04
-6.011342903340890e-04
-4.865005001056094e-04
-4.244660208835173e-04
-5.281827820809525e-04
-7.171336098221320e-04
-6.011342903340890e-04
-5.281827820809525e-04
-6.320567941810548e-04
-8.321072800742121e-04
-7.171336098221320e-04
-6.320567941810548e-04
-7.338702429004098e-04
-9.436642926865237e-04
-8.321072800742121e-04
-7.338702429004098e-04
-8.314054233322540e-04
-1.049413730957003e-03
-9.436642926865237e-04
-8.314054233322540e-04
-9.224446703636004e-04
-1.146964699591759e-03
-1.049413730957003e-03
-9.224446703636004e-04
-1.004770296381426e-03
-1.233926260587280e-03
-1.146964699591759e-03
-1.004770296381426e-03
-1.076164534321976e-03
-1.307907373605610e-03
-1.233926260587280e-03
-1.076164534321976e-03
-1.134409484195563e-03
-1.366516839105935e-03
-1.307907373605610e-03
-1.134409484195563e-03
-1.177287061036429e-03
-1.407363242191415e-03
-1.366516839105935e-03
-1.177287061036429e-03
-1.202578942403713e-03
-1.428054895251923e-03
-1.407363242191415e-03
-1.202578942403713e-03
-1.208066515405758e-03
-1.426199779472249e-03
-1.428054895251923e-03
-1.208066515405758e-03
-1.191530828389183e-03
-1.399405490953954e-03
-1.426199779472249e-03
-1.191530828389183e-03
-1.150752560957911e-03
-1.345279206602988e-03
-1.399405490953954e-03
-1.150752560957911e-03
-1.083512030844537e-03
-1.261427690305947e-03
-1.345279206602988e-03
-1.083512030844537e-03
-9.875892335775031e-04
-1.145457334975132e-03
-1.261427690305947e-03
-9.875892335775031e-04
-8.607638151904616e-04
-9.949741302507744e-04
-1.145457334975132e-03
-8.607638151904616e-04
-7.008146894748536e-04
-8.075832369096064e-04
-9.949741302507744e-04
-7.008146894748536e-04
-5.055190142402201e-04
-5.808878522790030e-04
-8.075832369096064e-04
-5.055190142402201e-04
-2.726520959138689e-04
-3.124891031992974e-04
-5.808878522790030e-04
-2.726520959138689e-04
0.000000000000000e+00
0.000000000000000e+00
-3.124891031992974e-04
0.000000000000000e+00
5.835295136058261e-05
4.229732569531404e-05
0.000000000000000e+00
5.835295136058261e-05
8.900086911078075e-05
5.642823153754610e-05
4.229732569531404e-05
8.900086911078075e-05
9.433724234137912e-05
4.493511538136762e-05
5.642823153754610e-05
9.433724234137912e-05
7.676245454649225e-05
1.036758026696790e-05
4.493511538136762e-05
7.676245454649225e-05
3.867477578393907e-05
-4.472675129214362e-05
1.036758026696790e-05
3.867477578393907e-05
-1.752952356651941e-05
-1.178021270787976e-04
-4.472675129214362e-05
-1.752952356651941e-05
-8.945537840563395e-05
-2.063138691351557e-04
-1.178021270787976e-04
-8.945537840563395e-05
-1.747085709225313e-04
-3.077180298991752e-04
-2.063138691351557e-04
-1.747085709225313e-04
-2.708956132702777e-04
-4.194712965708060e-04
-3.077180298991752e-04
-2.708956132702777e-04
-3.756236761604100e-04
-5.390309411572029e-04
-4.194712965708060e-04
-3.756236761604100e-04
-4.865005001056094e-04
-6.638547494375268e-04
-5.390309411572029e-04
-4.865005001056094e-04
-6.011342903340890e-04
-7.914009291736466e-04
-6.638547494375268e-04
-6.011342903340890e-04
-7.171336098221320e-04
-9.191280124779116e-04
-7.914009291736466e-04
-7.171336098221320e-04
-8.321072800742121e-04
-1.044494762712791e-03
-9.191280124779116e-04
-8.321072800742121e-04
-9.436642926865237e-04
-1.164960089649513e-03
-1.044494762712791e-03
-9.436642926865237e-04
-1.049413730957003e-03
-1.277982972710659e-03
-1.164960089649513e-03
-1.049413730957003e-03
-1.146964699591759e-03
-1.381022390788002e-03
-1.277982972710659e-03
-1.146964699591759e-03
-1.233926260587280e-03
-1.471537257052661e-03
-1.381022390788002e-03
-1.233926260587280e-03
-1.307907373605610e-03
-1.546986357311414e-03
-1.471537257052661e-03
-1.307907373605610e-03
-1.366516839105935e-03
-1.604828290299718e-03
-1.546986357311414e-03
-1.366516839105935e-03
-1.407363242191415e-03
-1.642521407890960e-03
-1.604828290299718e-03
-1.407363242191415e-03
-1.428054895251923e-03
-1.657523753277276e-03
-1.642521407890960e-03
-1.428054895251923e-03
-1.426199779472249e-03
-1.647292997303904e-03
-1.657523753277276e-03
-1.426199779472249e-03
-1.399405490953954e-03
-1.609286379298647e-03
-1.647292997303904e-03
-1.399405490953954e-03
-1.345279206602988e-03
-1.540960668969975e-03
-1.609286379298647e-03
-1.345279206602988e-03
-1.261427690305947e-03
-1.439772171802965e-03
-1.540960668969975e-03
-1.261427690305947e-03
-1.145457334975132e-03
-1.303176773229469e-03
-1.439772171802965e-03
-1.145457334975132e-03
-9.949741302507744e-04
-1.128629901603368e-03
-1.303176773229469e-03
-9.949741302507744e-04
-8.075832369096064e-04
-9.135860625298588e-04
-1.128629901603368e-03
-8.075832369096064e-04
-5.808878522790030e-04
-6.554976005276337e-04
-9.135860625298588e-04
-5.808878522790030e-04
-3.124891031992974e-04
-3.518145808131323e-04
-6.554976005276337e-04
-3.124891031992974e-04
0.000000000000000e+00
0.000000000000000e+00
-3.518145808131323e-04
0.000000000000000e+00
4.229732569531404e-05
2.370957971745057e-05
0.000000000000000e+00
4.229732569531404e-05
5.642823153754610e-05
1.918550544381663e-05
2.370957971745057e-05
5.642823153754610e-05
4.493511538136762e-05
-1.090382881320288e-05
1.918550544381663e-05
4.493511538136762e-05
1.036758026696790e-05
-6.388264843296395e-05
-1.090382881320288e-05
1.036758026696790e-05
-4.472675129214362e-05
-1.370770403254450e-04
-6.388264843296395e-05
-4.472675129214362e-05
-1.178021270787976e-04
-2.278148458699502e-04
-1.370770403254450e-04
-1.178021270787976e-04
-2.063138691351557e-04
-3.334248684270155e-04
-2.278148458699502e-04
-2.063138691351557e-04
-3.077180298991752e-04
-4.512365406732802e-04
-3.334248684270155e-04
-3.077180298991752e-04
-4.194712965708060e-04
-5.785798442459031e-04
-4.512365406732802e-04
-4.194712965708060e-04
-5.390309411572029e-04
-7.127852753310393e-04
-5.785798442459031e-04
-5.390309411572029e-04
-6.638547494375268e-04
-8.511837873210837e-04
-7.127852753310393e-04
-6.638547494375268e-04
-7.914009291736466e-04
-9.911067100910693e-04
-8.511837873210837e-04
-7.914009291736466e-04
-9.191280124779116e-04
-1.129885660748419e-03
-9.911067100910693e-04
-9.191280124779116e-04
-1.044494762712791e-03
-1.264852456476827e-03
-1.129885660748419e-03
-1.044494762712791e-03
-1.164960089649513e-03
-1.393339033540290e-03
-1.264852456476827e-03
-1.164960089649513e-03
-1.277982972710659e-03
-1.512677372615238e-03
-1.393339033540290e-03
-1.277982972710659e-03
-1.381022390788002e-03
-1.620199429254189e-03
-1.512677372615238e-03
-1.381022390788002e-03
-1.471537257052661e-03
-1.713237068160792e-03
-1.620199429254189e-03
-1.471537257052661e-03
-1.546986357311414e-03
-1.789122000025366e-03
-1.713237068160792e-03
-1.546986357311414e-03
-1.604828290299718e-03
-1.845185719420971e-03
-1.789122000025366e-03
-1.604828290299718e-03
-1.642521407890960e-03
-1.878759441760794e-03
-1.845185719420971e-03
-1.642521407890960e-03
-1.657523753277276e-03
-1.887174037358523e-03
-1.878759441760794e-03
-1.657523753277276e-03
-1.647292997303904e-03
-1.867759962892883e-03
-1.887174037358523e-03
-1.647292997303904e-03
-1.609286379298647e-03
-1.817847197185239e-03
-1.867759962892883e-03
-1.609286379298647e-03
-1.540960668969975e-03
-1.734765199197727e-03
-1.817847197185239e-03
-1.540960668969975e-03
-1.439772171802965e-03
-1.615842912463738e-03
-1.734765199197727e-03
-1.439772171802965e-03
-1.303176773229469e-03
-1.458408810970369e-03
-1.615842912463738e-03
-1.303176773229469e-03
-1.128629901603368e-03
-1.259790857540365e-03
-1.458408810970369e-03
-1.128629901603368e-03
-9.135860625298588e-04
-1.017316000963598e-03
-1.259790857540365e-03
-9.135860625298588e-04
-6.554976005276337e-04
-7.283088416570792e-04
-1.017316000963598e-03
-6.554976005276337e-04
-3.518145808131323e-04
-3.900915026859904e-04
-7.283088416570792e-04
-3.518145808131323e-04
0.000000000000000e+00
0.000000000000000e+00
-3.900915026859904e-04
0.000000000000000e+00
2.370957971745057e-05
3.127109830894295e-06
0.000000000000000e+00
2.370957971745057e-05
1.918550544381663e-05
-2.168718075846279e-05
3.127109830894295e-06
1.918550544381663e-05
-1.090382881320288e-05
-7.167142744932366e-05
-2.168718075846279e-05
-1.090382881320288e-05
-6.388264843296395e-05
-1.440467472216238e-04
-7.167142744932366e-05
-6.388264843296395e-05
-1.370770403254450e-04
-2.360360047550100e-04
-1.440467472216238e-04
-1.370770403254450e-04
-2.278148458699502e-04
-3.448637092005447e-04
-2.360360047550100e-04
-2.278148458699502e-04
-3.334248684270155e-04
-4.677552320733239e-04
-3.448637092005447e-04
-3.334248684270155e-04
-4.512365406732802e-04
-6.019364853852234e-04
-4.677552320733239e-04
-4.512365406732802e-04
-5.785798442459031e-04
-7.446338525563720e-04
-6.019364853852234e-04
-5.785798442459031e-04
-7.127852753310393e-04
-8.930741653280690e-04
-7.446338525563720e-04
-7.127852753310393e-04
-8.511837873210837e-04
-1.044484656990384e-03
-8.930741653280690e-04
-8.511837873210837e-04
-9.911067100910693e-04
-1.196092890811682e-03
-1.044484656990384e-03
-9.911067100910693e-04
-1.129885660748419e-03
-1.345126678184074e-03
-1.196092890811682e-03
-1.129885660748419e-03
-1.264852456476827e-03
-1.488813997038305e-03
-1.345126678184074e-03
-1.264852456476827e-03
-1.393339033540290e-03
-1.624382914695386e-03
-1.488813997038305e-03
-1.393339033540290e-03
-1.512677372615238e-03
-1.749061515505829e-03
-1.624382914695386e-03
-1.512677372615238e-03
-1.620199429254189e-03
-1.860077832286719e-03
-1.749061515505829e-03
-1.620199429254189e-03
-1.713237068160792e-03
-1.954659780429520e-03
-1.860077832286719e-03
-1.713237068160792e-03
-1.789122000025366e-03
-2.030035093578483e-03
-1.954659780429520e-03
-1.789122000025366e-03
-1.845185719420971e-03
-2.083431259465445e-03
-2.030035093578483e-03
-1.845185719420971e-03
-1.878759441760794e-03
-2.112075453917544e-03
-2.083431259465445e-03
-1.878759441760794e-03
-1.887174037358523e-03
-2.113194471071830e-03
-2.112075453917544e-03
-1.887174037358523e-03
-1.867759962892883e-03
-2.084014650217350e-03
-2.113194471071830e-03
-1.867759962892883e-03
-1.817847197185239e-03
-2.021761806704093e-03
-2.084014650217350e-03
-1.817847197185239e-03
-1.734765199197727e-03
-1.923661186054545e-03
-2.021761806704093e-03
-1.734765199197727e-03
-1.615842912463738e-03
-1.786937467126336e-03
-1.923661186054545e-03
-1.615842912463738e-03
-1.458408810970369e-03
-1.608814809134945e-03
-1.786937467126336e-03
-1.458408810970369e-03
-1.259790857540365e-03
-1.386516805460093e-03
-1.608814809134945e-03
-1.259790857540365e-03
-1.017316000963598e-03
-1.117265946641793e-03
-1.386516805460093e-03
-1.017316000963598e-03
-7.283088416570792e-04
-7.982821985261969e-04
-1.117265946641793e-03
-7.283088416570792e-04
-3.900915026859904e-04
-4.267828629606660e-04
-7.982821985261969e-04
-3.900915026859904e-04
0.000000000000000e+00
0.000000000000000e+00
-4.267828629606660e-04
0.000000000000000e+00
3.127109830894295e-06
-1.891280809995022e-05
0.000000000000000e+00
3.127109830894295e-06
-2.168718075846279e-05
-6.514992954941862e-05
-1.891280809995022e-05
-2.168718075846279e-05
-7.167142744932366e-05
-1.358598407323506e-04
-6.514992954941862e-05
-7.167142744932366e-05
-1.440467472216238e-04
-2.281836240630968e-04
-1.358598407323506e-04
-1.440467472216238e-04
-2.360360047550100e-04
-3.392639959753570e-04
-2.281836240630968e-04
-2.360360047550100e-04
-3.448637092005447e-04
-4.662452084627193e-04
-3.392639959753570e-04
-3.448637092005447e-04
-4.677552320733239e-04
-6.062722845793856e-04
-4.662452084627193e-04
-4.677552320733239e-04
-6.019364853852234e-04
-7.564907082820685e-04
-6.062722845793856e-04
-6.019364853852234e-04
-7.446338525563720e-04
-9.140463641383605e-04
-7.564907082820685e-04
-7.446338525563720e-04
-8.930741653280690e-04
-1.076085522605773e-03
-9.140463641383605e-04
-8.930741653280690e-04
-1.044484656990384e-03
-1.239754801524990e-03
-1.076085522605773e-03
-1.044484656990384e-03
-1.196092890811682e-03
-1.402201102209920e-03
-1.239754801524990e-03
-1.196092890811682e-03
-1.345126678184074e-03
-1.560571534143383e-03
-1.402201102209920e-03
-1.345126678184074e-03
-1.488813997038305e-03
-1.712013338566217e-03
-1.560571534143383e-03
-1.488813997038305e-03
-1.624382914695386e-03
-1.853673815074776e-03
-1.712013338566217e-03
-1.624382914695386e-03
-1.749061515505829e-03
-1.982700251652301e-03
-1.853673815074776e-03
-1.749061515505829e-03
-1.860077832286719e-03
-2.096239857273439e-03
-1.982700251652301e-03
-1.860077832286719e-03
-1.954659780429520e-03
-2.191439696090309e-03
-2.096239857273439e-03
-1.954659780429520e-03
-2.030035093578483e-03
-2.265446622209601e-03
-2.191439696090309e-03
-2.030035093578483e-03
-2.083431259465445e-03
-2.315407213707714e-03
-2.265446622209601e-03
-2.083431259465445e-03
-2.112075453917544e-03
-2.338467703908222e-03
-2.315407213707714e-03
-2.112075453917544e-03
-2.113194471071830e-03
-2.331773907950717e-03
-2.338467703908222e-03
-2.113194471071830e-03
-2.084014650217350e-03
-2.292471145186750e-03
-2.331773907950717e-03
-2.084014650217350e-03
-2.021761806704093e-03
-2.217704165327555e-03
-2.292471145186750e-03
-2.021761806704093e-03
-1.923661186054545e-03
-2.104617098587587e-03
-2.217704165327555e-03
-1.923661186054545e-03
-1.786937467126336e-03
-1.950353457146507e-03
-2.104617098587587e-03
-1.786937467126336e-03
-1.608814809134945e-03
-1.752056182579704e-03
-1.950353457146507e-03
-1.608814809134945e-03
-1.386516805460093e-03
-1.506867595007429e-03
-1.752056182579704e-03
-1.386516805460093e-03
-1.117265946641793e-03
-1.211928825232195e-03
-1.506867595007429e-03
-1.117265946641793e-03
-7.982821985261969e-04
-8.643783146386963e-04
-1.211928825232195e-03
-7.982821985261969e-04
-4.267828629606660e-04
-4.613516660567278e-04
-8.643783146386963e-04
-4.267828629606660e-04
0.000000000000000e+00
0.000000000000000e+00
-4.613516660567278e-04
0.000000000000000e+00
-1.891280809995022e-05
-4.187298189990475e-05
0.000000000000000e+00
-1.891280809995022e-05
-6.514992954941862e-05
-1.101630043656346e-04
-4.187298189990475e-05
-6.514992954941862e-05
-1.358598407323506e-04
-2.019614554105538e-04
-1.101630043656346e-04
-1.358598407323506e-04
-2.281836240630968e-04
-3.143524640747672e-04
-2.019614554105538e-04
-2.281836240630968e-04
-3.392639959753570e-04
-4.444216770741037e-04
-3.143524640747672e-04
-3.392639959753570e-04
-4.662452084627193e-04
-5.892561660221364e-04
-4.444216770741037e-04
-4.662452084627193e-04
-6.062722845793856e-04
-7.459436875410093e-04
-5.892561660221364e-04
-6.062722845793856e-04
-7.564907082820685e-04
-9.115723863458620e-04
-7.459436875410093e-04
-7.564907082820685e-04
-9.140463641383605e-04
-1.083230742257525e-03
-9.115723863458620e-04
-9.140463641383605e-04
-1.076085522605773e-03
-1.258007561797344e-03
-1.083230742257525e-03
-1.076085522605773e-03
-1.239754801524990e-03
-1.432991946307154e-03
-1.258007561797344e-03
-1.239754801524990e-03
-1.402201102209920e-03
-1.605273234617990e-03
-1.432991946307154e-03
-1.402201102209920e-03
-1.560571534143383e-03
-1.771940933659260e-03
-1.605273234617990e-03
-1.560571534143383e-03
-1.712013338566217e-03
-1.930084646897058e-03
-1.771940933659260e-03
-1.712013338566217e-03
-1.853673815074776e-03
-2.076794004565269e-03
-1.930084646897058e-03
-1.853673815074776e-03
-1.982700251652301e-03
-2.209158596119680e-03
-2.076794004565269e-03
-1.982700251652301e-03
-2.096239857273439e-03
-2.324267904129674e-03
-2.209158596119680e-03
-2.096239857273439e-03
-2.191439696090309e-03
-2.419211238706979e-03
-2.324267904129674e-03
-2.191439696090309e-03
-2.265446622209601e-03
-2.491077671555524e-03
-2.419211238706979e-03
-2.265446622209601e-03
-2.315407213707714e-03
-2.536955968327943e-03
-2.491077671555524e-03
-2.315407213707714e-03
-2.338467703908222e-03
-2.553934517312426e-03
-2.536955968327943e-03
-2.338467703908222e-03
-2.331773907950717e-03
-2.539101252475424e-03
-2.553934517312426e-03
-2.331773907950717e-03
-2.292471145186750e-03
-2.489543571503845e-03
-2.539101252475424e-03
-2.292471145186750e-03
-2.217704165327555e-03
-2.402348257205461e-03
-2.489543571503845e-03
-2.217704165327555e-03
-2.104617098587587e-03
-2.274601423488497e-03
-2.402348257205461e-03
-2.104617098587587e-03
-1.950353457146507e-03
-2.103388514542358e-03
-2.274601423488497e-03
-1.950353457146507e-03
-1.752056182579704e-03
-1.885794351773100e-03
-2.103388514542358e-03
-1.752056182579704e-03
-1.506867595007429e-03
-1.618903078114831e-03
-1.885794351773100e-03
-1.506867595007429e-03
-1.211928825232195e-03
-1.299797562812308e-03
-1.618903078114831e-03
-1.211928825232195e-03
-8.643783146386963e-04
-9.255578331444013e-04
-1.299797562812308e-03
-8.643783146386963e-04
-4.613516660567278e-04
-4.932609160281011e-04
-9.255578331444013e-04
-4.613516660567278e-04
0.000000000000000e+00
0.000000000000000e+00
-4.932609160281011e-04
0.000000000000000e+00
-4.187298189990475e-05
-6.521627462501566e-05
0.000000000000000e+00
-4.187298189990475e-05
-1.101630043656346e-04
-1.556867750149809e-04
-6.521627462501566e-05
-1.101630043656346e-04
-2.019614554105538e-04
-2.684688082155541e-04
-1.556867750149809e-04
-2.019614554105538e-04
-3.143524640747672e-04
-4.006126361324343e-04
-2.684688082155541e-04
-3.143524640747672e-04
-4.444216770741037e-04
-5.491699178385234e-04
-4.006126361324343e-04
-4.444216770741037e-04
-5.892561660221364e-04
-7.111936232605774e-04
-5.491699178385234e-04
-5.892561660221364e-04
-7.459436875410093e-04
-8.837373243678867e-04
-7.111936232605774e-04
-7.459436875410093e-04
-9.115723863458620e-04
-1.063854913269461e-03
-8.837373243678867e-04
-9.115723863458620e-04
-1.083230742257525e-03
-1.248600555664809e-03
-1.063854913269461e-03
-1.083230742257525e-03
-1.258007561797344e-03
-1.435028687358472e-03
-1.248600555664809e-03
-1.258007561797344e-03
-1.432991946307154e-03
-1.620193987891800e-03
-1.435028687358472e-03
-1.432991946307154e-03
-1.605273234617990e-03
-1.801151329070747e-03
-1.620193987891800e-03
-1.605273234617990e-03
-1.771940933659260e-03
-1.974955711073738e-03
-1.801151329070747e-03
-1.771940933659260e-03
-1.930084646897058e-03
-2.138662195531147e-03
-1.974955711073738e-03
-1.930084646897058e-03
-2.076794004565269e-03
-2.289325839322617e-03
-2.138662195531147e-03
-2.076794004565269e-03
-2.209158596119680e-03
-2.424001629483082e-03
-2.289325839322617e-03
-2.209158596119680e-03
-2.324267904129674e-03
-2.539744418471416e-03
-2.424001629483082e-03
-2.324267904129674e-03
-2.419211238706979e-03
-2.633608858959065e-03
-2.539744418471416e-03
-2.419211238706979e-03
-2.491077671555524e-03
-2.702649337268249e-03
-2.633608858959065e-03
-2.491077671555524e-03
-2.536955968327943e-03
-2.743919904163523e-03
-2.702649337268249e-03
-2.536955968327943e-03
-2.553934517312426e-03
-2.754474201011741e-03
-2.743919904163523e-03
-2.553934517312426e-03
-2.539101252475424e-03
-2.731365379332794e-03
-2.754474201011741e-03
-2.539101252475424e-03
-2.489543571503845e-03
-2.671646014483183e-03
-2.731365379332794e-03
-2.489543571503845e-03
-2.402348257205461e-03
-2.572368022208855e-03
-2.671646014483183e-03
-2.402348257205461e-03
-2.274601423488497e-03
-2.430582600124875e-03
-2.572368022208855e-03
-2.274601423488497e-03
-2.103388514542358e-03
-2.243340223859532e-03
-2.430582600124875e-03
-2.103388514542358e-03
-1.885794351773100e-03
-2.007690692397399e-03
-2.243340223859532e-03
-1.885794351773100e-03
-1.618903078114831e-03
-1.720683067257650e-03
-2.007690692397399e-03
-1.618903078114831e-03
-1.299797562812308e-03
-1.379365053647984e-03
-1.720683067257650e-03
-1.299797562812308e-03
-9.255578331444013e-04
-9.807813748907318e-04
-1.379365053647984e-03
-9.255578331444013e-04
-4.932609160281011e-04
-5.219736054413093e-04
-9.807813748907318e-04
-4.932609160281011e-04
0.000000000000000e+00
0.000000000000000e+00
-5.219736054413093e-04
0.000000000000000e+00
-6.521627462501566e-05
-8.840558174928049e-05
0.000000000000000e+00
-6.521627462501566e-05
-1.556867750149809e-04
-2.006816735677544e-04
-8.840558174928049e-05
-1.556867750149809e-04
-2.684688082155541e-04
-3.338745232091547e-04
-2.006816735677544e-04
-2.684688082155541e-04
-4.006126361324343e-04
-4.850236151785639e-04
-3.338745232091547e-04
-4.006126361324343e-04
-5.491699178385234e-04
-6.511697057500600e-04
-4.850236151785639e-04
-5.491699178385234e-04
-7.111936232605774e-04
-8.293547437414765e-04
-6.511697057500600e-04
-7.111936232605774e-04
-8.837373243678867e-04
-1.016621198563535e-03
-8.293547437414765e-04
-8.837373243678867e-04
-1.063854913269461e-03
-1.210011795126776e-03
-1.016621198563535e-03
-1.063854913269461e-03
-1.248600555664809e-03
-1.406569473281322e-03
-1.210011795126776e-03
-1.248600555664809e-03
-1.435028687358472e-03
-1.603337388342197e-03
-1.406569473281322e-03
-1.435028687358472e-03
-1.620193987891800e-03
-1.797358889533730e-03
-1.603337388342197e-03
-1.620193987891800e-03
-1.801151329070747e-03
-1.985677473967025e-03
-1.797358889533730e-03
-1.801151329070747e-03
-1.974955711073738e-03
-2.165336728044324e-03
-1.985677473967025e-03
-1.974955711073738e-03
-2.138662195531147e-03
-2.333380265105809e-03
-2.165336728044324e-03
-2.138662195531147e-03
-2.289325839322617e-03
-2.486851662801039e-03
-2.333380265105809e-03
-2.289325839322617e-03
-2.424001629483082e-03
-2.622794400508495e-03
-2.486851662801039e-03
-2.424001629483082e-03
-2.539744418471416e-03
-2.738251796072865e-03
-2.622794400508495e-03
-2.539744418471416e-03
-2.633608858959065e-03
-2.830266941050328e-03
-2.738251796072865e-03
-2.633608858959065e-03
-2.702649337268249e-03
-2.895882633612415e-03
-2.830266941050328e-03
-2.702649337268249e-03
-2.743919904163523e-03
-2.932141307811809e-03
-2.895882633612415e-03
-2.743919904163523e-03
-2.754474201011741e-03
-2.936084957207697e-03
-2.932141307811809e-03
-2.754474201011741e-03
-2.731365379332794e-03
-2.904755050868347e-03
-2.936084957207697e-03
-2.731365379332794e-03
-2.671646014483183e-03
-2.835192442578599e-03
-2.904755050868347e-03
-2.671646014483183e-03
-2.572368022208855e-03
-2.724437282304865e-03
-2.835192442578599e-03
-2.572368022208855e-03
-2.430582600124875e-03
-2.569528952663230e-03
-2.724437282304865e-03
-2.430582600124875e-03
-2.243340223859532e-03
-2.367506061054595e-03
-2.569528952663230e-03
-2.243340223859532e-03
-2.007690692397399e-03
-2.115406482079845e-03
-2.367506061054595e-03
-2.007690692397399e-03
-1.720683067257650e-03
-1.810267291137013e-03
-2.115406482079845e-03
-1.720683067257650e-03
-1.379365053647984e-03
-1.449124125871022e-03
-1.810267291137013e-03
-1.379365053647984e-03
-9.807813748907318e-04
-1.029009514988142e-03
-1.449124125871022e-03
-9.807813748907318e-04
-5.219736054413093e-04
-5.469527034843957e-04
-1.029009514988142e-03
-5.219736054413093e-04
0.000000000000000e+00
0.000000000000000e+00
-5.469527034843957e-04
0.000000000000000e+00
-8.840558174928049e-05
-1.109038119642938e-04
0.000000000000000e+00
-8.840558174928049e-05
-2.006816735677544e-04
-2.441081570107545e-04
-1.109038119642938e-04
-2.006816735677544e-04
-3.338745232091547e-04
-3.966712582306632e-04
-2.441081570107545e-04
-3.338745232091547e-04
-4.850236151785639e-04
-5.656449149912523e-04
-3.966712582306632e-04
-4.850236151785639e-04
-6.511697057500600e-04
-7.480820678503749e-04
-5.656449149912523e-04
-6.511697057500600e-04
-8.293547437414765e-04
-9.410367268817047e-04
-7.480820678503749e-04
-8.293547437414765e-04
-1.016621198563535e-03
-1.141563341613778e-03
-9.410367268817047e-04
-1.016621198563535e-03
-1.210011795126776e-03
-1.346716554464247e-03
-1.141563341613778e-03
-1.210011795126776e-03
-1.406569473281322e-03
-1.553551166022662e-03
-1.346716554464247e-03
-1.406569473281322e-03
-1.603337388342197e-03
-1.759122139066205e-03
-1.553551166022662e-03
-1.603337388342197e-03
-1.797358889533730e-03
-1.960484581462649e-03
-1.759122139066205e-03
-1.797358889533730e-03
-1.985677473967025e-03
-2.154693705457747e-03
-1.960484581462649e-03
-1.985677473967025e-03
-2.165336728044324e-03
-2.338804774371733e-03
-2.154693705457747e-03
-2.165336728044324e-03
-2.333380265105809e-03
-2.509873044877754e-03
-2.338804774371733e-03
-2.333380265105809e-03
-2.486851662801039e-03
-2.664953708045815e-03
-2.509873044877754e-03
-2.486851662801039e-03
-2.622794400508495e-03
-2.801101829390822e-03
-2.664953708045815e-03
-2.622794400508495e-03
-2.738251796072865e-03
-2.915372287194612e-03
-2.801101829390822e-03
-2.738251796072865e-03
-2.830266941050328e-03
-3.004819708305673e-03
-2.915372287194612e-03
-2.830266941050328e-03
-2.895882633612415e-03
-3.066498400566243e-03
-3.004819708305673e-03
-2.895882633612415e-03
-2.932141307811809e-03
-3.097462280550523e-03
-3.066498400566243e-03
-2.932141307811809e-03
-2.936084957207697e-03
-3.094764794582591e-03
-3.097462280550523e-03
-2.936084957207697e-03
-2.904755050868347e-03
-3.055458831040529e-03
-3.094764794582591e-03
-2.904755050868347e-03
-2.835192442578599e-03
-2.976596624841036e-03
-3.055458831040529e-03
-2.835192442578599e-03
-2.724437282304865e-03
-2.855229663403641e-03
-2.976596624841036e-03
-2.724437282304865e-03
-2.569528952663230e-03
-2.688408617370766e-03
-2.855229663403641e-03
-2.569528952663230e-03
-2.367506061054595e-03
-2.473183327480659e-03
-2.688408617370766e-03
-2.367506061054595e-03
-2.115406482079845e-03
-2.206602842409251e-03
-2.473183327480659e-03
-2.115406482079845e-03
-1.810267291137013e-03
-1.885715346116469e-03
-2.206602842409251e-03
-1.810267291137013e-03
-1.449124125871022e-03
-1.507567503663093e-03
-1.885715346116469e-03
-1.449124125871022e-03
-1.029009514988142e-03
-1.069202756886505e-03
-1.507567503663093e-03
-1.029009514988142e-03
-5.469527034843957e-04
-5.676611427805873e-04
-1.069202756886505e-03
-5.469527034843957e-04
0.000000000000000e+00
0.000000000000000e+00
-5.676611427805873e-04
0.000000000000000e+00
-1.109038119642938e-04
-1.321738701112432e-04
0.000000000000000e+00
-1.109038119642938e-04
-2.441081570107545e-04
-2.849266739151553e-04
-1.321738701112432e-04
-2.441081570107545e-04
-3.966712582306632e-04
-4.553516567926320e-04
-2.849266739151553e-04
-3.966712582306632e-04
-5.656449149912523e-04
-6.405360272849693e-04
-4.553516567926320e-04
-5.656449149912523e-04
-7.480820678503749e-04
-8.375679992662795e-04
-6.405360272849693e-04
-7.480820678503749e-04
-9.410367268817047e-04
-1.043536728128704e-03
-8.375679992662795e-04
-9.410367268817047e-04
-1.141563341613778e-03
-1.255531726868258e-03
-1.043536728128704e-03
-1.141563341613778e-03
-1.346716554464247e-03
-1.470642639646419e-03
-1.255531726868258e-03
-1.346716554464247e-03
-1.553551166022662e-03
-1.685959213027128e-03
-1.470642639646419e-03
-1.553551166022662e-03
-1.759122139066205e-03
-1.898571303307149e-03
-1.685959213027128e-03
-1.759122139066205e-03
-1.960484581462649e-03
-2.105568863833102e-03
-1.898571303307149e-03
-1.960484581462649e-03
-2.154693705457747e-03
-2.304041909704813e-03
-2.105568863833102e-03
-2.154693705457747e-03
-2.338804774371733e-03
-2.491080469945399e-03
-2.304041909704813e-03
-2.338804774371733e-03
-2.509873044877754e-03
-2.663774534611940e-03
-2.491080469945399e-03
-2.509873044877754e-03
-2.664953708045815e-03
-2.819213999707146e-03
-2.663774534611940e-03
-2.664953708045815e-03
-2.801101829390822e-03
-2.954488610036458e-03
-2.819213999707146e-03
-2.801101829390822e-03
-2.915372287194612e-03
-3.066687899271551e-03
-2.954488610036458e-03
-2.915372287194612e-03
-3.004819708305673e-03
-3.152901126421862e-03
-3.066687899271551e-03
-3.004819708305673e-03
-3.066498400566243e-03
-3.210217207841663e-03
-3.152901126421862e-03
-3.066498400566243e-03
-3.097462280550523e-03
-3.235724643414765e-03
-3.210217207841663e-03
-3.097462280550523e-03
-3.094764794582591e-03
-3.226511434838375e-03
-3.235724643414765e-03
-3.094764794582591e-03
-3.055458831040529e-03
-3.179664993985230e-03
-3.226511434838375e-03
-3.055458831040529e-03
-2.976596624841036e-03
-3.092272042273447e-03
-3.179664993985230e-03
-2.976596624841036e-03
-2.855229663403641e-03
-2.961418510506017e-03
-3.092272042273447e-03
-2.855229663403641e-03
-2.688408617370766e-03
-2.784189462815745e-03
-2.961418510506017e-03
-2.688408617370766e-03
-2.473183327480659e-03
-2.557669076648925e-03
-2.784189462815745e-03
-2.473183327480659e-03
-2.206602842409251e-03
-2.278940673965276e-03
-2.557669076648925e-03
-2.206602842409251e-03
-1.885715346116469e-03
-1.945086641325033e-03
-2.278940673965276e-03
-1.885715346116469e-03
-1.507567503663093e-03
-1.553187764194386e-03
-1.945086641325033e-03
-1.507567503663093e-03
-1.069202756886505e-03
-1.100321502693922e-03
-1.553187764194386e-03
-1.069202756886505e-03
-5.676611427805873e-04
-5.835618042394394e-04
-1.100321502693922e-03
-5.676611427805873e-04
0.000000000000000e+00
0.000000000000000e+00
-5.835618042394394e-04
0.000000000000000e+00
-1.321738701112432e-04
-1.516786411035974e-04
0.000000000000000e+00
-1.321738701112432e-04
-2.849266739151553e-04
-3.220976329787998e-04
-1.516786411035974e-04
-2.849266739151553e-04
-4.553516567926320e-04
-5.084083025406006e-04
-3.220976329787998e-04
-4.553516567926320e-04
-6.405360272849693e-04
-7.077563638173152e-04
-5.084083025406006e-04
-6.405360272849693e-04
-8.375679992662795e-04
-9.172883949201990e-04
-7.077563638173152e-04
-8.375679992662795e-04
-1.043536728128704e-03
-1.134151782259230e-03
-9.172883949201990e-04
-1.043536728128704e-03
-1.255531726868258e-03
-1.355494186278344e-03
-1.134151782259230e-03
-1.255531726868258e-03
-1.470642639646419e-03
-1.578463336643605e-03
-1.355494186278344e-03
-1.470642639646419e-03
-1.685959213027128e-03
-1.800207009813578e-03
-1.578463336643605e-03
-1.685959213027128e-03
-1.898571303307149e-03
-2.017873039856026e-03
-1.800207009813578e-03
-1.898571303307149e-03
-2.105568863833102e-03
-2.228609310440411e-03
-2.017873039856026e-03
-2.105568863833102e-03
-2.304041909704813e-03
-2.429563725301535e-03
-2.228609310440411e-03
-2.304041909704813e-03
-2.491080469945399e-03
-2.617884166242710e-03
-2.429563725301535e-03
-2.491080469945399e-03
-2.663774534611940e-03
-2.790718445410614e-03
-2.617884166242710e-03
-2.663774534611940e-03
-2.819213999707146e-03
-2.945214254366543e-03
-2.790718445410614e-03
-2.819213999707146e-03
-2.954488610036458e-03
-3.078519110004439e-03
-2.945214254366543e-03
-2.954488610036458e-03
-3.066687899271551e-03
-3.187780296565206e-03
-3.078519110004439e-03
-3.066687899271551e-03
-3.152901126421862e-03
-3.270144802934706e-03
-3.187780296565206e-03
-3.152901126421862e-03
-3.210217207841663e-03
-3.322759254308927e-03
-3.270144802934706e-03
-3.210217207841663e-03
-3.235724643414765e-03
-3.342769836799328e-03
-3.322759254308927e-03
-3.235724643414765e-03
-3.226511434838375e-03
-3.327322212823643e-03
-3.342769836799328e-03
-3.226511434838375e-03
-3.179664993985230e-03
-3.273561425200970e-03
-3.327322212823643e-03
-3.179664993985230e-03
-3.092272042273447e-03
-3.178631790861967e-03
-3.273561425200970e-03
-3.092272042273447e-03
-2.961418510506017e-03
-3.039676793689090e-03
-3.178631790861967e-03
-2.961418510506017e-03
-2.784189462815745e-03
-2.853839000286545e-03
-3.039676793689090e-03
-2.784189462815745e-03
-2.557669076648925e-03
-2.618260030943017e-03
-2.853839000286545e-03
-2.557669076648925e-03
-2.278940673965276e-03
-2.330080581524545e-03
-2.618260030943017e-03
-2.278940673965276e-03
-1.945086641325033e-03
-1.986440334761647e-03
-2.330080581524545e-03
-1.945086641325033e-03
-1.553187764194386e-03
-1.584477287040444e-03
-1.986440334761647e-03
-1.553187764194386e-03
-1.100321502693922e-03
-1.121326018068078e-03
-1.584477287040444e-03
-1.100321502693922e-03
-5.835618042394394e-04
-5.941174990603749e-04
-1.121326018068078e-03
-5.835618042394394e-04
0.000000000000000e+00
0.000000000000000e+00
-5.941174990603749e-04
0.000000000000000e+00
-1.516786411035974e-04
-1.688809738046486e-04
0.000000000000000e+00
-1.516786411035974e-04
-3.220976329787998e-04
-3.545813714907235e-04
-1.688809738046486e-04
-3.220976329787998e-04
-5.084083025406006e-04
-5.543336736192222e-04
-3.545813714907235e-04
-5.084083025406006e-04
-7.077563638173152e-04
-7.653651983948225e-04
-5.543336736192222e-04
-7.077563638173152e-04
-9.172883949201990e-04
-9.849039811214840e-04
-7.653651983948225e-04
-9.172883949201990e-04
-1.134151782259230e-03
-1.210178726505448e-03
-9.849039811214840e-04
-1.134151782259230e-03
-1.355494186278344e-03
-1.438418326851446e-03
-1.210178726505448e-03
-1.355494186278344e-03
-1.578463336643605e-03
-1.666851680353292e-03
-1.438418326851446e-03
-1.578463336643605e-03
-1.800207009813578e-03
-1.892707675714142e-03
-1.666851680353292e-03
-1.800207009813578e-03
-2.017873039856026e-03
-2.113215207017176e-03
-1.892707675714142e-03
-2.017873039856026e-03
-2.228609310440411e-03
-2.325603170985237e-03
-2.113215207017176e-03
-2.228609310440411e-03
-2.429563725301535e-03
-2.527100443792327e-03
-2.325603170985237e-03
-2.429563725301535e-03
-2.617884166242710e-03
-2.714935845430765e-03
-2.527100443792327e-03
-2.617884166242710e-03
-2.790718445410614e-03
-2.886338097603236e-03
-2.714935845430765e-03
-2.790718445410614e-03
-2.945214254366543e-03
-3.038535777334550e-03
-2.886338097603236e-03
-2.945214254366543e-03
-3.078519110004439e-03
-3.168757266273005e-03
-3.038535777334550e-03
-3.078519110004439e-03
-3.187780296565206e-03
-3.274230694925885e-03
-3.168757266273005e-03
-3.187780296565206e-03
-3.270144802934706e-03
-3.352183880994450e-03
-3.274230694925885e-03
-3.270144802934706e-03
-3.322759254308927e-03
-3.399844260825174e-03
-3.352183880994450e-03
-3.322759254308927e-03
-3.342769836799328e-03
-3.414438812446090e-03
-3.399844260825174e-03
-3.342769836799328e-03
-3.327322212823643e-03
-3.393193967912396e-03
-3.414438812446090e-03
-3.327322212823643e-03
-3.273561425200970e-03
-3.333335512760937e-03
-3.393193967912396e-03
-3.273561425200970e-03
-3.178631790861967e-03
-3.232088473375119e-03
-3.333335512760937e-03
-3.178631790861967e-03
-3.039676793689090e-03
-3.086677001672161e-03
-3.232088473375119e-03
-3.039676793689090e-03
-2.853839000286545e-03
-2.894324280832667e-03
-3.086677001672161e-03
-2.853839000286545e-03
-2.618260030943017e-03
-2.652252484431239e-03
-2.894324280832667e-03
-2.618260030943017e-03
-2.330080581524545e-03
-2.357682785501418e-03
-2.652252484431239e-03
-2.330080581524545e-03
-1.986440334761647e-03
-2.007835256633292e-03
-2.357682785501418e-03
-1.986440334761647e-03
-1.584477287040444e-03
-1.599928192811691e-03
-2.007835256633292e-03
-1.584477287040444e-03
-1.121326018068078e-03
-1.131176389258458e-03
-1.599928192811691e-03
-1.121326018068078e-03
-5.941174990603749e-04
-5.987909465962089e-04
-1.131176389258458e-03
-5.941174990603749e-04
0.000000000000000e+00
0.000000000000000e+00
-5.987909465962089e-04
0.000000000000000e+00
-1.688809738046486e-04
-1.832436637339297e-04
0.000000000000000e+00
-1.688809738046486e-04
-3.545813714907235e-04
-3.813381215959084e-04
-1.832436637339297e-04
-3.545813714907235e-04
-5.543336736192222e-04
-5.916200940536173e-04
-3.813381215959084e-04
-5.543336736192222e-04
-7.653651983948225e-04
-8.114216053876985e-04
-5.916200940536173e-04
-7.653651983948225e-04
-9.849039811214840e-04
-1.038075243408009e-03
-8.114216053876985e-04
-9.849039811214840e-04
-1.210178726505448e-03
-1.268914119843694e-03
-1.038075243408009e-03
-1.210178726505448e-03
-1.438418326851446e-03
-1.501271443259017e-03
-1.268914119843694e-03
-1.438418326851446e-03
-1.666851680353292e-03
-1.732480362062647e-03
-1.501271443259017e-03
-1.666851680353292e-03
-1.892707675714142e-03
-1.959873957374612e-03
-1.732480362062647e-03
-1.892707675714142e-03
-2.113215207017176e-03
-2.180785263011189e-03
-1.959873957374612e-03
-2.113215207017176e-03
-2.325603170985237e-03
-2.392547268980649e-03
-2.180785263011189e-03
-2.325603170985237e-03
-2.527100443792327e-03
-2.592492905481810e-03
-2.392547268980649e-03
-2.527100443792327e-03
-2.714935845430765e-03
-2.777955014323267e-03
-2.592492905481810e-03
-2.714935845430765e-03
-2.886338097603236e-03
-2.946266312984737e-03
-2.777955014323267e-03
-2.886338097603236e-03
-3.038535777334550e-03
-3.094759353220202e-03
-2.946266312984737e-03
-3.038535777334550e-03
-3.168757266273005e-03
-3.220766474126190e-03
-3.094759353220202e-03
-3.168757266273005e-03
-3.274230694925885e-03
-3.321619748934101e-03
-3.220766474126190e-03
-3.274230694925885e-03
-3.352183880994450e-03
-3.394650924668703e-03
-3.321619748934101e-03
-3.352183880994450e-03
-3.399844260825174e-03
-3.437191353600214e-03
-3.394650924668703e-03
-3.399844260825174e-03
-3.414438812446090e-03
-3.446571914811711e-03
-3.437191353600214e-03
-3.414438812446090e-03
-3.393193967912396e-03
-3.420122923420358e-03
-3.446571914811711e-03
-3.393193967912396e-03
-3.333335512760937e-03
-3.355174025038673e-03
-3.420122923420358e-03
-3.333335512760937e-03
-3.232088473375119e-03
-3.249054076021591e-03
-3.355174025038673e-03
-3.232088473375119e-03
-3.086677001672161e-03
-3.099091018574605e-03
-3.249054076021591e-03
-3.086677001672161e-03
-2.894324280832667e-03
-2.902611774029728e-03
-3.099091018574605e-03
-2.894324280832667e-03
-2.652252484431239e-03
-2.656942186437482e-03
-2.902611774029728e-03
-2.652252484431239e-03
-2.357682785501418e-03
-2.359407014052933e-03
-2.656942186437482e-03
-2.357682785501418e-03
-2.007835256633292e-03
-2.007329814495099e-03
-2.359407014052933e-03
-2.007835256633292e-03
-1.599928192811691e-03
-1.598032266204012e-03
-2.007329814495099e-03
-1.599928192811691e-03
-1.131176389258458e-03
-1.128832468696804e-03
-1.598032266204012e-03
-1.131176389258458e-03
-5.987909465962089e-04
-5.970447461373706e-04
-1.128832468696804e-03
-5.987909465962089e-04
0.000000000000000e+00
0.000000000000000e+00
-5.970447461373706e-04
0.000000000000000e+00
-1.832436637339297e-04
-1.942294333083978e-04
0.000000000000000e+00
-1.832436637339297e-04
-3.813381215959084e-04
-4.013279719523302e-04
-1.942294333083978e-04
-3.813381215959084e-04
-5.916200940536173e-04
-6.187596789305400e-04
-4.013279719523302e-04
-5.916200940536173e-04
-8.114216053876985e-04
-8.439843910788688e-04
-6.187596789305400e-04
-8.114216053876985e-04
-1.038075243408009e-03
-1.074462346814124e-03
-8.439843910788688e-04
-1.038075243408009e-03
-1.268914119843694e-03
-1.307654154694322e-03
-1.074462346814124e-03
-1.268914119843694e-03
-1.501271443259017e-03
-1.541020423040045e-03
-1.307654154694322e-03
-1.501271443259017e-03
-1.732480362062647e-03
-1.772021629724462e-03
-1.541020423040045e-03
-1.732480362062647e-03
-1.959873957374612e-03
-1.998118125208077e-03
-1.772021629724462e-03
-1.959873957374612e-03
-2.180785263011189e-03
-2.216770159337314e-03
-1.998118125208077e-03
-2.180785263011189e-03
-2.392547268980649e-03
-2.425437892478753e-03
-2.216770159337314e-03
-2.392547268980649e-03
-2.592492905481810e-03
-2.621581387789289e-03
-2.425437892478753e-03
-2.592492905481810e-03
-2.777955014323267e-03
-2.802660590495330e-03
-2.621581387789289e-03
-2.777955014323267e-03
-2.946266312984737e-03
-2.966135298729913e-03
-2.802660590495330e-03
-2.946266312984737e-03
-3.094759353220202e-03
-3.109465127610998e-03
-2.966135298729913e-03
-3.094759353220202e-03
-3.220766474126190e-03
-3.230109466499885e-03
-3.109465127610998e-03
-3.220766474126190e-03
-3.321619748934101e-03
-3.325527428749488e-03
-3.230109466499885e-03
-3.321619748934101e-03
-3.394650924668703e-03
-3.393177793069782e-03
-3.325527428749488e-03
-3.394650924668703e-03
-3.437191353600214e-03
-3.430518935328832e-03
-3.393177793069782e-03
-3.437191353600214e-03
-3.446571914811711e-03
-3.435008748915359e-03
-3.430518935328832e-03
-3.446571914811711e-03
-3.420122923420358e-03
-3.404104550932185e-03
-3.435008748915359e-03
-3.420122923420358e-03
-3.355174025038673e-03
-3.335262971457387e-03
-3.404104550932185e-03
-3.355174025038673e-03
-3.249054076021591e-03
-3.225939825941173e-03
-3.335262971457387e-03
-3.249054076021591e-03
-3.099091018574605e-03
-3.073589979123934e-03
-3.225939825941173e-03
-3.099091018574605e-03
-2.902611774029728e-03
-2.875667222874863e-03
-3.073589979123934e-03
-2.902611774029728e-03
-2.656942186437482e-03
-2.629624199418490e-03
-2.875667222874863e-03
-2.656942186437482e-03
-2.359407014052933e-03
-2.332912368751449e-03
-2.629624199418490e-03
-2.359407014052933e-03
-2.007329814495099e-03
-1.982981872949204e-03
-2.332912368751449e-03
-2.007329814495099e-03
-1.598032266204012e-03
-1.577280856841766e-03
-1.982981872949204e-03
-1.598032266204012e-03
-1.128832468696804e-03
-1.113253804017510e-03
-1.577280856841766e-03
-1.128832468696804e-03
-5.970447461373706e-04
-5.883413398168441e-04
-1.113253804017510e-03
-5.970447461373706e-04
0.000000000000000e+00
0.000000000000000e+00
-5.883413398168441e-04
0.000000000000000e+00
-1.942294333083978e-04
-2.013009082906930e-04
0.000000000000000e+00
-1.942294333083978e-04
-4.013279719523302e-04
-4.135108224187108e-04
-2.013009082906930e-04
-4.013279719523302e-04
-6.187596789305400e-04
-6.342442704650814e-04
-4.135108224187108e-04
-6.187596789305400e-04
-8.439843910788688e-04
-8.611120148909356e-04
-6.342442704650814e-04
-8.439843910788688e-04
-1.074462346814124e-03
-1.091725045970299e-03
-8.611120148909356e-04
-1.074462346814124e-03
-1.307654154694322e-03
-1.323694559030562e-03
-1.091725045970299e-03
-1.307654154694322e-03
-1.541020423040045e-03
-1.554631643055981e-03
-1.323694559030562e-03
-1.541020423040045e-03
-1.772021629724462e-03
-1.782147180311831e-03
-1.554631643055981e-03
-1.772021629724462e-03
-1.998118125208077e-03
-2.003851862573234e-03
-1.782147180311831e-03
-1.998118125208077e-03
-2.216770159337314e-03
-2.217356227260057e-03
-2.003851862573234e-03
-2.216770159337314e-03
-2.425437892478753e-03
-2.420270678076080e-03
-2.217356227260057e-03
-2.425437892478753e-03
-2.621581387789289e-03
-2.610205486825556e-03
-2.420270678076080e-03
-2.621581387789289e-03
-2.802660590495330e-03
-2.784770781394718e-03
-2.610205486825556e-03
-2.802660590495330e-03
-2.966135298729913e-03
-2.941576523943692e-03
-2.784770781394718e-03
-2.966135298729913e-03
-3.109465127610998e-03
-3.078232480914085e-03
-2.941576523943692e-03
-3.109465127610998e-03
-3.230109466499885e-03
-3.192348184902920e-03
-3.078232480914085e-03
-3.230109466499885e-03
-3.325527428749488e-03
-3.281532887819320e-03
-3.192348184902920e-03
-3.325527428749488e-03
-3.393177793069782e-03
-3.343395504456761e-03
-3.281532887819320e-03
-3.393177793069782e-03
-3.430518935328832e-03
-3.375544545178196e-03
-3.343395504456761e-03
-3.430518935328832e-03
-3.435008748915359e-03
-3.375588035597402e-03
-3.375544545178196e-03
-3.435008748915359e-03
-3.404104550932185e-03
-3.341133420161885e-03
-3.375588035597402e-03
-3.404104550932185e-03
-3.335262971457387e-03
-3.269787446351570e-03
-3.341133420161885e-03
-3.335262971457387e-03
-3.225939825941173e-03
-3.159156028775205e-03
-3.269787446351570e-03
-3.225939825941173e-03
-3.073589979123934e-03
-3.006844100343253e-03
-3.159156028775205e-03
-3.073589979123934e-03
-2.875667222874863e-03
-2.810455471253334e-03
-3.006844100343253e-03
-2.875667222874863e-03
-2.629624199418490e-03
-2.567592725769989e-03
-2.810455471253334e-03
-2.629624199418490e-03
-2.332912368751449e-03
-2.275857156729369e-03
-2.567592725769989e-03
-2.332912368751449e-03
-1.982981872949204e-03
-1.932848599688202e-03
-2.275857156729369e-03
-1.982981872949204e-03
-1.577280856841766e-03
-1.536164749716066e-03
-1.932848599688202e-03
-1.577280856841766e-03
-1.113253804017510e-03
-1.083399543808495e-03
-1.536164749716066e-03
-1.113253804017510e-03
-5.883413398168441e-04
-5.721429628505729e-04
-1.083399543808495e-03
-5.883413398168441e-04
0.000000000000000e+00
0.000000000000000e+00
-5.721429628505729e-04
0.000000000000000e+00
-2.013009082906930e-04
-2.039205894209821e-04
0.000000000000000e+00
-2.013009082906930e-04
-4.135108224187108e-04
-4.168463302599897e-04
-2.039205894209821e-04
-4.135108224187108e-04
-6.342442704650814e-04
-6.365653637865280e-04
-4.168463302599897e-04
-6.342442704650814e-04
-8.611120148909356e-04
-8.608625004832649e-04
-6.365653637865280e-04
-8.611120148909356e-04
-1.091725045970299e-03
-1.087522586724332e-03
-8.608625004832649e-04
-1.091725045970299e-03
-1.323694559030562e-03
-1.314330492471726e-03
-1.087522586724332e-03
-1.323694559030562e-03
-1.554631643055981e-03
-1.539070862564073e-03
-1.314330492471726e-03
-1.554631643055981e-03
-1.782147180311831e-03
-1.759528051166200e-03
-1.539070862564073e-03
-1.782147180311831e-03
-2.003851862573234e-03
-1.973486155860027e-03
-1.759528051166200e-03
-2.003851862573234e-03
-2.217356227260057e-03
-2.178729066619398e-03
-1.973486155860027e-03
-2.217356227260057e-03
-2.420270678076080e-03
-2.373040498211458e-03
-2.178729066619398e-03
-2.420270678076080e-03
-2.610205486825556e-03
-2.554204002861822e-03
-2.373040498211458e-03
-2.610205486825556e-03
-2.784770781394718e-03
-2.720002967649184e-03
-2.554204002861822e-03
-2.784770781394718e-03
-2.941576523943692e-03
-2.868220600470454e-03
-2.720002967649184e-03
-2.941576523943692e-03
-3.078232480914085e-03
-2.996639906309503e-03
-2.868220600470454e-03
-3.078232480914085e-03
-3.192348184902920e-03
-3.103043654099388e-03
-2.996639906309503e-03
-3.192348184902920e-03
-3.281532887819320e-03
-3.185214333772693e-03
-3.103043654099388e-03
-3.281532887819320e-03
-3.343395504456761e-03
-3.240934102670825e-03
-3.185214333772693e-03
-3.343395504456761e-03
-3.375544545178196e-03
-3.267984719890207e-03
-3.240934102670825e-03
-3.375544545178196e-03
-3.375588035597402e-03
-3.264147466173868e-03
-3.267984719890207e-03
-3.375588035597402e-03
-3.341133420161885e-03
-3.227203045804367e-03
-3.264147466173868e-03
-3.341133420161885e-03
-3.269787446351570e-03
-3.154931466502922e-03
-3.227203045804367e-03
-3.269787446351570e-03
-3.159156028775205e-03
-3.045111895452892e-03
-3.154931466502922e-03
-3.159156028775205e-03
-3.006844100343253e-03
-2.895522496720232e-03
-3.045111895452892e-03
-3.006844100343253e-03
-2.810455471253334e-03
-2.703940268016513e-03
-2.895522496720232e-03
-2.810455471253334e-03
-2.567592725769989e-03
-2.468140903893971e-03
-2.703940268016513e-03
-2.567592725769989e-03
-2.275857156729369e-03
-2.185898685617714e-03
-2.468140903893971e-03
-2.275857156729369e-03
-1.932848599688202e-03
-1.854986270753486e-03
-2.185898685617714e-03
-1.932848599688202e-03
-1.536164749716066e-03
-1.473173996285963e-03
-1.854986270753486e-03
-1.536164749716066e-03
-1.083399543808495e-03
-1.038228311860924e-03
-1.473173996285963e-03
-1.083399543808495e-03
-5.721429628505729e-04
-5.479115761698076e-04
-1.038228311860924e-03
-5.721429628505729e-04
0.000000000000000e+00
0.000000000000000e+00
-5.479115761698076e-04
0.000000000000000e+00
-2.039205894209821e-04
-2.015508185495255e-04
0.000000000000000e+00
-2.039205894209821e-04
-4.168463302599897e-04
-4.102938475734149e-04
-2.015508185495255e-04
-4.168463302599897e-04
-6.365653637865280e-04
-6.242140241209625e-04
-4.102938475734149e-04
-6.365653637865280e-04
-8.608625004832649e-04
-8.412933417567662e-04
-6.242140241209625e-04
-8.608625004832649e-04
-1.087522586724332e-03
-1.059513608395871e-03
-8.412933417567662e-04
-1.087522586724332e-03
-1.314330492471726e-03
-1.276856449549053e-03
-1.059513608395871e-03
-1.314330492471726e-03
-1.539070862564073e-03
-1.491303129719396e-03
-1.276856449549053e-03
-1.539070862564073e-03
-1.759528051166200e-03
-1.700834530164122e-03
-1.491303129719396e-03
-1.759528051166200e-03
-1.973486155860027e-03
-1.903431207760718e-03
-1.700834530164122e-03
-1.973486155860027e-03
-2.178729066619398e-03
-2.097073461246161e-03
-1.903431207760718e-03
-2.178729066619398e-03
-2.373040498211458e-03
-2.279741377695739e-03
-2.097073461246161e-03
-2.373040498211458e-03
-2.554204002861822e-03
-2.449414857012871e-03
-2.279741377695739e-03
-2.554204002861822e-03
-2.720002967649184e-03
-2.604073619039464e-03
-2.449414857012871e-03
-2.720002967649184e-03
-2.868220600470454e-03
-2.741697197363245e-03
-2.604073619039464e-03
-2.868220600470454e-03
-2.996639906309503e-03
-2.860264921938437e-03
-2.741697197363245e-03
-2.996639906309503e-03
-3.103043654099388e-03
-2.957755891188154e-03
-2.860264921938437e-03
-3.103043654099388e-03
-3.185214333772693e-03
-3.032148933435698e-03
-2.957755891188154e-03
-3.185214333772693e-03
-3.240934102670825e-03
-3.081422556914742e-03
-3.032148933435698e-03
-3.240934102670825e-03
-3.267984719890207e-03
-3.103554886838769e-03
-3.081422556914742e-03
-3.267984719890207e-03
-3.264147466173868e-03
-3.096523586864951e-03
-3.103554886838769e-03
-3.264147466173868e-03
-3.227203045804367e-03
-3.058305760917073e-03
-3.096523586864951e-03
-3.227203045804367e-03
-3.154931466502922e-03
-2.986877830516086e-03
-3.058305760917073e-03
-3.154931466502922e-03
-3.045111895452892e-03
-2.880215384194282e-03
-2.986877830516086e-03
-3.045111895452892e-03
-2.895522496720232e-03
-2.736293001536523e-03
-2.880215384194282e-03
-2.895522496720232e-03
-2.703940268016513e-03
-2.553084065474688e-03
-2.736293001536523e-03
-2.703940268016513e-03
-2.468140903893971e-03
-2.328560584717928e-03
-2.553084065474688e-03
-2.468140903893971e-03
-2.185898685617714e-03
-2.060693024557367e-03
-2.328560584717928e-03
-2.185898685617714e-03
-1.854986270753486e-03
-1.747450030474787e-03
-2.060693024557367e-03
-1.854986270753486e-03
-1.473173996285963e-03
-1.386797696201480e-03
-1.747450030474787e-03
-1.473173996285963e-03
-1.038228311860924e-03
-9.766980387595286e-04
-1.386797696201480e-03
-1.038228311860924e-03
-5.479115761698076e-04
-5.151087741829804e-04
-9.766980387595286e-04
-5.479115761698076e-04
0.000000000000000e+00
0.000000000000000e+00
-5.151087741829804e-04
0.000000000000000e+00
-2.015508185495255e-04
-1.936537367825153e-04
0.000000000000000e+00
-2.015508185495255e-04
-4.102938475734149e-04
-3.928123473225265e-04
-1.936537367825153e-04
-4.102938475734149e-04
-6.242140241209625e-04
-5.956807959411137e-04
-3.928123473225265e-04
-6.242140241209625e-04
-8.412933417567662e-04
-8.004614100588254e-04
-5.956807959411137e-04
-8.412933417567662e-04
-1.059513608395871e-03
-1.005356059573865e-03
-8.004614100588254e-04
-1.059513608395871e-03
-1.276856449549053e-03
-1.208566189164030e-03
-1.005356059573865e-03
-1.276856449549053e-03
-1.491303129719396e-03
-1.408292725496500e-03
-1.208566189164030e-03
-1.491303129719396e-03
-1.700834530164122e-03
-1.602736112541672e-03
-1.408292725496500e-03
-1.700834530164122e-03
-1.903431207760718e-03
-1.790096404568145e-03
-1.602736112541672e-03
-1.903431207760718e-03
-2.097073461246161e-03
-1.968573354253262e-03
-1.790096404568145e-03
-2.097073461246161e-03
-2.279741377695739e-03
-2.136366474774477e-03
-1.968573354253262e-03
-2.279741377695739e-03
-2.449414857012871e-03
-2.291675076158602e-03
-2.136366474774477e-03
-2.449414857012871e-03
-2.604073619039464e-03
-2.432698281616872e-03
-2.291675076158602e-03
-2.604073619039464e-03
-2.741697197363245e-03
-2.557635028690176e-03
-2.432698281616872e-03
-2.741697197363245e-03
-2.860264921938437e-03
-2.664684057946126e-03
-2.557635028690176e-03
-2.860264921938437e-03
-2.957755891188154e-03
-2.752043890382876e-03
-2.664684057946126e-03
-2.957755891188154e-03
-3.032148933435698e-03
-2.817912793693544e-03
-2.752043890382876e-03
-3.032148933435698e-03
-3.081422556914742e-03
-2.860488736761221e-03
-2.817912793693544e-03
-3.081422556914742e-03
-3.103554886838769e-03
-2.877969330814545e-03
-2.860488736761221e-03
-3.103554886838769e-03
-3.096523586864951e-03
-2.868551754361870e-03
-2.877969330814545e-03
-3.096523586864951e-03
-3.058305760917073e-03
-2.830432657423639e-03
-2.868551754361870e-03
-3.058305760917073e-03
-2.986877830516086e-03
-2.761808039330278e-03
-2.830432657423639e-03
-2.986877830516086e-03
-2.880215384194282e-03
-2.660873094877505e-03
-2.761808039330278e-03
-2.880215384194282e-03
-2.736293001536523e-03
-2.525822027907959e-03
-2.660873094877505e-03
-2.736293001536523e-03
-2.553084065474688e-03
-2.354847839907417e-03
-2.525822027907959e-03
-2.553084065474688e-03
-2.328560584717928e-03
-2.146142107049147e-03
-2.354847839907417e-03
-2.328560584717928e-03
-2.060693024557367e-03
-1.897894737076019e-03
-2.146142107049147e-03
-2.060693024557367e-03
-1.747450030474787e-03
-1.608293597865115e-03
-1.897894737076019e-03
-1.747450030474787e-03
-1.386797696201480e-03
-1.275523710340920e-03
-1.608293597865115e-03
-1.386797696201480e-03
-9.766980387595286e-04
-8.977657284897122e-04
-1.275523710340920e-03
-9.766980387595286e-04
-5.151087741829804e-04
-4.731956527800418e-04
-8.977657284897122e-04
-5.151087741829804e-04
0.000000000000000e+00
0.000000000000000e+00
-4.731956527800418e-04
0.000000000000000e+00
-1.936537367825153e-04
-1.796912214073857e-04
0.000000000000000e+00
-1.936537367825153e-04
-3.928123473225265e-04
-3.633603172810883e-04
-1.796912214073857e-04
-3.928123473225265e-04
-5.956807959411137e-04
-5.494555834525404e-04
-3.633603172810883e-04
-5.956807959411137e-04
-8.004614100588254e-04
-7.364228468905101e-04
-5.494555834525404e-04
-8.004614100588254e-04
-1.005356059573865e-03
-9.227071174995866e-04
-7.364228468905101e-04
-1.005356059573865e-03
-1.208566189164030e-03
-1.106752684218420e-03
-9.227071174995866e-04
-1.208566189164030e-03
-1.408292725496500e-03
-1.287003140737648e-03
-1.106752684218420e-03
-1.408292725496500e-03
-1.602736112541672e-03
-1.461901500307552e-03
-1.287003140737648e-03
-1.602736112541672e-03
-1.790096404568145e-03
-1.629890332957273e-03
-1.461901500307552e-03
-1.790096404568145e-03
-1.968573354253262e-03
-1.789411877967464e-03
-1.629890332957273e-03
-1.968573354253262e-03
-2.136366474774477e-03
-1.938908120812028e-03
-1.789411877967464e-03
-2.136366474774477e-03
-2.291675076158602e-03
-2.076820839624341e-03
-1.938908120812028e-03
-2.291675076158602e-03
-2.432698281616872e-03
-2.201591629054932e-03
-2.076820839624341e-03
-2.432698281616872e-03
-2.557635028690176e-03
-2.311661907479880e-03
-2.201591629054932e-03
-2.557635028690176e-03
-2.664684057946126e-03
-2.405472911039094e-03
-2.311661907479880e-03
-2.664684057946126e-03
-2.752043890382876e-03
-2.481465676162291e-03
-2.405472911039094e-03
-2.752043890382876e-03
-2.817912793693544e-03
-2.538081011046995e-03
-2.481465676162291e-03
-2.817912793693544e-03
-2.860488736761221e-03
-2.573759455607996e-03
-2.538081011046995e-03
-2.860488736761221e-03
-2.877969330814545e-03
-2.586941228351492e-03
-2.573759455607996e-03
-2.877969330814545e-03
-2.868551754361870e-03
-2.576066157201990e-03
-2.586941228351492e-03
-2.868551754361870e-03
-2.830432657423639e-03
-2.539573589533737e-03
-2.576066157201990e-03
-2.830432657423639e-03
-2.761808039330278e-03
-2.475902274982117e-03
-2.539573589533737e-03
-2.761808039330278e-03
-2.660873094877505e-03
-2.383490214126764e-03
-2.475902274982117e-03
-2.660873094877505e-03
-2.525822027907959e-03
-2.260774468334358e-03
-2.383490214126764e-03
-2.525822027907959e-03
-2.354847839907417e-03
-2.106190931025723e-03
-2.260774468334358e-03
-2.354847839907417e-03
-2.146142107049147e-03
-1.918174062004930e-03
-2.106190931025723e-03
-2.146142107049147e-03
-1.897894737076019e-03
-1.695156562340730e-03
-1.918174062004930e-03
-1.897894737076019e-03
-1.608293597865115e-03
-1.435568876494576e-03
-1.695156562340730e-03
-1.608293597865115e-03
-1.275523710340920e-03
-1.137838245162789e-03
-1.435568876494576e-03
-1.275523710340920e-03
-8.977657284897122e-04
-8.003870982725421e-04
-1.137838245162789e-03
-8.977657284897122e-04
-4.731956527800418e-04
-4.216325976288974e-04
-8.003870982725421e-04
-4.731956527800418e-04
0.000000000000000e+00
0.000000000000000e+00
-4.216325976288974e-04
0.000000000000000e+00
-1.796912214073857e-04
-1.591247539661018e-04
0.000000000000000e+00
-1.796912214073857e-04
-3.633603172810883e-04
-3.208955423604337e-04
-1.591247539661018e-04
-3.633603172810883e-04
-5.494555834525404e-04
-4.840274092816536e-04
-3.208955423604337e-04
-5.494555834525404e-04
-7.364228468905101e-04
-6.472328445582421e-04
-4.840274092816536e-04
-7.364228468905101e-04
-9.227071174995866e-04
-8.092230075564021e-04
-6.472328445582421e-04
-9.227071174995866e-04
-1.106752684218420e-03
-9.687079770214134e-04
-8.092230075564021e-04
-1.106752684218420e-03
-1.287003140737648e-03
-1.124396957523274e-03
-9.687079770214134e-04
-1.287003140737648e-03
-1.461901500307552e-03
-1.274998500351855e-03
-1.124396957523274e-03
-1.461901500307552e-03
-1.629890332957273e-03
-1.419220688022996e-03
-1.274998500351855e-03
-1.629890332957273e-03
-1.789411877967464e-03
-1.555771267295259e-03
-1.419220688022996e-03
-1.789411877967464e-03
-1.938908120812028e-03
-1.683357735976338e-03
-1.555771267295259e-03
-1.938908120812028e-03
-2.076820839624341e-03
-1.800687395215244e-03
-1.683357735976338e-03
-2.076820839624341e-03
-2.201591629054932e-03
-1.906467377702550e-03
-1.800687395215244e-03
-2.201591629054932e-03
-2.311661907479880e-03
-1.999404658826549e-03
-1.906467377702550e-03
-2.311661907479880e-03
-2.405472911039094e-03
-2.078206054848759e-03
-1.999404658826549e-03
-2.405472911039094e-03
-2.481465676162291e-03
-2.141578210126626e-03
-2.078206054848759e-03
-2.481465676162291e-03
-2.538081011046995e-03
-2.188227574087971e-03
-2.141578210126626e-03
-2.538081011046995e-03
-2.573759455607996e-03
-2.216860367633350e-03
-2.188227574087971e-03
-2.573759455607996e-03
-2.586941228351492e-03
-2.226182537538695e-03
-2.216860367633350e-03
-2.586941228351492e-03
-2.576066157201990e-03
-2.214899695997376e-03
-2.226182537538695e-03
-2.576066157201990e-03
-2.539573589533737e-03
-2.181717040612827e-03
-2.214899695997376e-03
-2.539573589533737e-03
-2.475902274982117e-03
-2.125339248192483e-03
-2.181717040612827e-03
-2.475902274982117e-03
-2.383490214126764e-03
-2.044470334314614e-03
-2.125339248192483e-03
-2.383490214126764e-03
-2.260774468334358e-03
-1.937813470727205e-03
-2.044470334314614e-03
-2.260774468334358e-03
-2.106190931025723e-03
-1.804070753628088e-03
-1.937813470727205e-03
-2.106190931025723e-03
-1.918174062004930e-03
-1.641942911257632e-03
-1.804070753628088e-03
-1.918174062004930e-03
-1.695156562340730e-03
-1.450128908627755e-03
-1.641942911257632e-03
-1.695156562340730e-03
-1.435568876494576e-03
-1.227325313907711e-03
-1.450128908627755e-03
-1.435568876494576e-03
-1.137838245162789e-03
-9.722251310041861e-04
-1.227325313907711e-03
-1.137838245162789e-03
-8.003870982725421e-04
-6.835159189785082e-04
-9.722251310041861e-04
-8.003870982725421e-04
-4.216325976288974e-04
-3.598788818302412e-04
-6.835159189785082e-04
-4.216325976288974e-04
0.000000000000000e+00
0.000000000000000e+00
-3.598788818302412e-04
0.000000000000000e+00
-1.591247539661018e-04
-1.314150940857346e-04
0.000000000000000e+00
-1.591247539661018e-04
-3.208955423604337e-04
-2.643745717488113e-04
-1.314150940857346e-04
-3.208955423604337e-04
-4.840274092816536e-04
-3.978838188903295e-04
-2.643745717488113e-04
-4.840274092816536e-04
-6.472328445582421e-04
-5.309450633267242e-04
-3.978838188903295e-04
-6.472328445582421e-04
-8.092230075564021e-04
-6.625584398745253e-04
-5.309450633267242e-04
-8.092230075564021e-04
-9.687079770214134e-04
-7.917226112990959e-04
-6.625584398745253e-04
-9.687079770214134e-04
-1.124396957523274e-03
-9.174352576812109e-04
-7.917226112990959e-04
-1.124396957523274e-03
-1.274998500351855e-03
-1.038693398734898e-03
-9.174352576812109e-04
-1.274998500351855e-03
-1.419220688022996e-03
-1.154493608856764e-03
-1.038693398734898e-03
-1.419220688022996e-03
-1.555771267295259e-03
-1.263832156059651e-03
-1.154493608856764e-03
-1.555771267295259e-03
-1.683357735976338e-03
-1.365705088207934e-03
-1.263832156059651e-03
-1.683357735976338e-03
-1.800687395215244e-03
-1.459108284134895e-03
-1.365705088207934e-03
-1.800687395215244e-03
-1.906467377702550e-03
-1.543037481658532e-03
-1.459108284134895e-03
-1.906467377702550e-03
-1.999404658826549e-03
-1.616488289893094e-03
-1.543037481658532e-03
-1.999404658826549e-03
-2.078206054848759e-03
-1.678456190008610e-03
-1.616488289893094e-03
-2.078206054848759e-03
-2.141578210126626e-03
-1.727936526536490e-03
-1.678456190008610e-03
-2.141578210126626e-03
-2.188227574087971e-03
-1.763924490018683e-03
-1.727936526536490e-03
-2.188227574087971e-03
-2.216860367633350e-03
-1.785415090814479e-03
-1.763924490018683e-03
-2.216860367633350e-03
-2.226182537538695e-03
-1.791403122864031e-03
-1.785415090814479e-03
-2.226182537538695e-03
-2.214899695997376e-03
-1.780883114914826e-03
-1.791403122864031e-03
-2.214899695997376e-03
-2.181717040612827e-03
-1.752849265034876e-03
-1.780883114914826e-03
-2.181717040612827e-03
-2.125339248192483e-03
-1.706295352267588e-03
-1.752849265034876e-03
-2.125339248192483e-03
-2.044470334314614e-03
-1.640214617394403e-03
-1.706295352267588e-03
-2.044470334314614e-03
-1.937813470727205e-03
-1.553599603275637e-03
-1.640214617394403e-03
-1.937813470727205e-03
-1.804070753628088e-03
-1.445441942913530e-03
-1.553599603275637e-03
-1.804070753628088e-03
-1.641942911257632e-03
-1.314732073412516e-03
-1.445441942913530e-03
-1.641942911257632e-03
-1.450128908627755e-03
-1.160458816447186e-03
-1.314732073412516e-03
-1.450128908627755e-03
-1.227325313907711e-03
-9.816086618132001e-04
-1.160458816447186e-03
-1.227325313907711e-03
-9.722251310041861e-04
-7.771643971368592e-04
-9.816086618132001e-04
-9.722251310041861e-04
-6.835159189785082e-04
-5.461026397367666e-04
-7.771643971368592e-04
-6.835159189785082e-04
-3.598788818302412e-04
-2.873917908863742e-04
-5.461026397367666e-04
-3.598788818302412e-04
0.000000000000000e+00
0.000000000000000e+00
-2.873917908863742e-04
0.000000000000000e+00
-1.314150940857346e-04
-9.602151136137530e-05
0.000000000000000e+00
-1.314150940857346e-04
-2.643745717488113e-04
-1.927515636451474e-04
-9.602151136137530e-05
-2.643745717488113e-04
-3.978838188903295e-04
-2.895096718510404e-04
-1.927515636451474e-04
-3.978838188903295e-04
-5.309450633267242e-04
-3.856104722990189e-04
-2.895096718510404e-04
-5.309450633267242e-04
-6.625584398745253e-04
-4.803654031607711e-04
-3.856104722990189e-04
-6.625584398745253e-04
-7.917226112990959e-04
-5.730843236680489e-04
-4.803654031607711e-04
-7.917226112990959e-04
-9.174352576812109e-04
-6.630761874945693e-04
-5.730843236680489e-04
-9.174352576812109e-04
-1.038693398734898e-03
-7.496493925772373e-04
-6.630761874945693e-04
-1.038693398734898e-03
-1.154493608856764e-03
-8.321119812146976e-04
-7.496493925772373e-04
-1.154493608856764e-03
-1.263832156059651e-03
-9.097717591255743e-04
-8.321119812146976e-04
-1.263832156059651e-03
-1.365705088207934e-03
-9.819363662722568e-04
-9.097717591255743e-04
-1.365705088207934e-03
-1.459108284134895e-03
-1.047913318090173e-03
-9.819363662722568e-04
-1.459108284134895e-03
-1.543037481658532e-03
-1.107010028149246e-03
-1.047913318090173e-03
-1.543037481658532e-03
-1.616488289893094e-03
-1.158533818597346e-03
-1.107010028149246e-03
-1.616488289893094e-03
-1.678456190008610e-03
-1.201791921858964e-03
-1.158533818597346e-03
-1.678456190008610e-03
-1.727936526536490e-03
-1.236091475343238e-03
-1.201791921858964e-03
-1.727936526536490e-03
-1.763924490018683e-03
-1.260739509856147e-03
-1.236091475343238e-03
-1.763924490018683e-03
-1.785415090814479e-03
-1.275042931630359e-03
-1.260739509856147e-03
-1.785415090814479e-03
-1.791403122864031e-03
-1.278308497102166e-03
-1.275042931630359e-03
-1.791403122864031e-03
-1.780883114914826e-03
-1.269842778578347e-03
-1.278308497102166e-03
-1.780883114914826e-03
-1.752849265034876e-03
-1.248952117632073e-03
-1.269842778578347e-03
-1.752849265034876e-03
-1.706295352267588e-03
-1.214942561452158e-03
-1.248952117632073e-03
-1.706295352267588e-03
-1.640214617394403e-03
-1.167119775567691e-03
-1.214942561452158e-03
-1.640214617394403e-03
-1.553599603275637e-03
-1.104788924324373e-03
-1.167119775567691e-03
-1.553599603275637e-03
-1.445441942913530e-03
-1.027254506743759e-03
-1.104788924324373e-03
-1.445441942913530e-03
-1.314732073412516e-03
-9.338201237588157e-04
-1.027254506743759e-03
-1.314732073412516e-03
-1.160458816447186e-03
-8.237881154484777e-04
-9.338201237588157e-04
-1.160458816447186e-03
-9.816086618132001e-04
-6.964589049662246e-04
-8.237881154484777e-04
-9.816086618132001e-04
-7.771643971368592e-04
-5.511296597572122e-04
-6.964589049662246e-04
-7.771643971368592e-04
-5.461026397367666e-04
-3.870915521200437e-04
-5.511296597572122e-04
-5.461026397367666e-04
-2.873917908863742e-04
-2.036246072686825e-04
-3.870915521200437e-04
-2.873917908863742e-04
0.000000000000000e+00
0.000000000000000e+00
-2.036246072686825e-04
0.000000000000000e+00
-9.602151136137530e-05
-5.240030526803143e-05
0.000000000000000e+00
-9.602151136137530e-05
-1.927515636451474e-04
-1.049766195040117e-04
-5.240030526803143e-05
-1.927515636451474e-04
-2.895096718510404e-04
-1.573864512845271e-04
-1.049766195040117e-04
-2.895096718510404e-04
-3.856104722990189e-04
-2.092770071402243e-04
-1.573864512845271e-04
-3.856104722990189e-04
-4.803654031607711e-04
-2.602929536680546e-04
-2.092770071402243e-04
-4.803654031607711e-04
-5.730843236680489e-04
-3.100778743045710e-04
-2.602929536680546e-04
-5.730843236680489e-04
-6.630761874945693e-04
-3.582747958069115e-04
-3.100778743045710e-04
-6.630761874945693e-04
-7.496493925772373e-04
-4.045264226437316e-04
-3.582747958069115e-04
-7.496493925772373e-04
-8.321119812146976e-04
-4.484752601144800e-04
-4.045264226437316e-04
-8.321119812146976e-04
-9.097717591255743e-04
-4.897636839408622e-04
-4.484752601144800e-04
-9.097717591255743e-04
-9.819363662722568e-04
-5.280339805287472e-04
-4.897636839408622e-04
-9.819363662722568e-04
-1.047913318090173e-03
-5.629283700978132e-04
-5.280339805287472e-04
-1.047913318090173e-03
-1.107010028149246e-03
-5.940890193798634e-04
-5.629283700978132e-04
-1.107010028149246e-03
-1.158533818597346e-03
-6.211580475953733e-04
-5.940890193798634e-04
-1.158533818597346e-03
-1.201791921858964e-03
-6.437775277019284e-04
-6.211580475953733e-04
-1.201791921858964e-03
-1.236091475343238e-03
-6.615894839181743e-04
-6.437775277019284e-04
-1.236091475343238e-03
-1.260739509856147e-03
-6.742358859281142e-04
-6.615894839181743e-04
-1.260739509856147e-03
-1.275042931630359e-03
-6.813586397362652e-04
-6.742358859281142e-04
-1.275042931630359e-03
-1.278308497102166e-03
-6.825995747156282e-04
-6.813586397362652e-04
-1.278308497102166e-03
-1.269842778578347e-03
-6.776004258548411e-04
-6.825995747156282e-04
-1.269842778578347e-03
-1.248952117632073e-03
-6.660028094963339e-04
-6.776004258548411e-04
-1.248952117632073e-03
-1.214942561452158e-03
-6.474481899433368e-04
-6.660028094963339e-04
-1.214942561452158e-03
-1.167119775567691e-03
-6.215778332153297e-04
-6.474481899433368e-04
-1.167119775567691e-03
-1.104788924324373e-03
-5.880327428143576e-04
-6.215778332153297e-04
-1.104788924324373e-03
-1.027254506743759e-03
-5.464535696344572e-04
-5.880327428143576e-04
-1.027254506743759e-03
-9.338201237588157e-04
-4.964804802844526e-04
-5.464535696344572e-04
-9.338201237588157e-04
-8.237881154484777e-04
-4.377529440810309e-04
-4.964804802844526e-04
-8.237881154484777e-04
-6.964589049662246e-04
-3.699093324650653e-04
-4.377529440810309e-04
-6.964589049662246e-04
-5.511296597572122e-04
-2.925860623261329e-04
-3.699093324650653e-04
-5.511296597572122e-04
-3.870915521200437e-04
-2.054156288972099e-04
-2.925860623261329e-04
-3.870915521200437e-04
-2.036246072686825e-04
-1.080219957627765e-04
-2.054156288972099e-04
-2.036246072686825e-04
0.000000000000000e+00
0.000000000000000e+00
-1.080219957627765e-04
0.000000000000000e+00
-5.240030526803143e-05
0.000000000000000e+00
0.000000000000000e+00
-5.240030526803143e-05
-1.049766195040117e-04
0.000000000000000e+00
0.000000000000000e+00
-1.049766195040117e-04
-1.573864512845271e-04
0.000000000000000e+00
0.000000000000000e+00
-1.573864512845271e-04
-2.092770071402243e-04
0.000000000000000e+00
0.000000000000000e+00
-2.092770071402243e-04
-2.602929536680546e-04
0.000000000000000e+00
0.000000000000000e+00
-2.602929536680546e-04
-3.100778743045710e-04
0.000000000000000e+00
0.000000000000000e+00
-3.100778743045710e-04
-3.582747958069115e-04
0.000000000000000e+00
0.000000000000000e+00
-3.582747958069115e-04
-4.045264226437316e-04
0.000000000000000e+00
0.000000000000000e+00
-4.045264226437316e-04
-4.484752601144800e-04
0.000000000000000e+00
0.000000000000000e+00
-4.484752601144800e-04
-4.897636839408622e-04
0.000000000000000e+00
0.000000000000000e+00
-4.897636839408622e-04
-5.280339805287472e-04
0.000000000000000e+00
0.000000000000000e+00
-5.280339805287472e-04
-5.629283700978132e-04
0.000000000000000e+00
0.000000000000000e+00
-5.629283700978132e-04
-5.940890193798634e-04
0.000000000000000e+00
0.000000000000000e+00
-5.940890193798634e-04
-6.211580475953733e-04
0.000000000000000e+00
0.000000000000000e+00
-6.211580475953733e-04
-6.437775277019284e-04
0.000000000000000e+00
0.000000000000000e+00
-6.437775277019284e-04
-6.615894839181743e-04
0.000000000000000e+00
0.000000000000000e+00
-6.615894839181743e-04
-6.742358859281142e-04
0.000000000000000e+00
0.000000000000000e+00
-6.742358859281142e-04
-6.813586397362652e-04
0.000000000000000e+00
0.000000000000000e+00
-6.813586397362652e-04
-6.825995747156282e-04
0.000000000000000e+00
0.000000000000000e+00
-6.825995747156282e-04
-6.776004258548411e-04
0.000000000000000e+00
0.000000000000000e+00
-6.776004258548411e-04
-6.660028094963339e-04
0.000000000000000e+00
0.000000000000000e+00
-6.660028094963339e-04
-6.474481899433368e-04
0.000000000000000e+00
0.000000000000000e+00
-6.474481899433368e-04
-6.215778332153297e-04
0.000000000000000e+00
0.000000000000000e+00
-6.215778332153297e-04
-5.880327428143576e-04
0.000000000000000e+00
0.000000000000000e+00
-5.880327428143576e-04
-5.464535696344572e-04
0.000000000000000e+00
0.000000000000000e+00
-5.464535696344572e-04
-4.964804802844526e-04
0.000000000000000e+00
0.000000000000000e+00
-4.964804802844526e-04
-4.377529440810309e-04
0.000000000000000e+00
0.000000000000000e+00
-4.377529440810309e-04
-3.699093324650653e-04
0.000000000000000e+00
0.000000000000000e+00
-3.699093324650653e-04
-2.925860623261329e-04
0.000000000000000e+00
0.000000000000000e+00
-2.925860623261329e-04
-2.054156288972099e-04
0.000000000000000e+00
0.000000000000000e+00
-2.054156288972099e-04
-1.080219957627765e-04
0.000000000000000e+00
0.000000000000000e+00
-1.080219957627765e-04
0.000000000000000e+00
0.000000000000000e+00
0.000000000000000e+00
        </DataArray>
      </PointData>

    </Piece>
  </UnstructuredGrid>
</VTKFile>
