<?xml version="1.0" ?> 
<!-- 
# vtk DataFile Version 3.0
-->
<VTKFile type="UnstructuredGrid" version="0.1" compressor="vtkZLibDataCompressor" byte_order="LittleEndian">
  <UnstructuredGrid>
    <FieldData>
      <DataArray type="Float64" Name="TIME" NumberOfTuples="1" format="ascii">
1.953125000000000e-01 
      </DataArray>
    </FieldData>

    <Piece NumberOfPoints="4096" NumberOfCells="1024" >
      <Points>
        <DataArray type="Float64" NumberOfComponents="3" format="ascii">
0.000000000000000e+00 0.000000000000000e+00 0.000000000000000e+00
3.125000000000000e-02 0.000000000000000e+00 0.000000000000000e+00
3.125000000000000e-02 3.125000000000000e-02 0.000000000000000e+00
0.000000000000000e+00 3.125000000000000e-02 0.000000000000000e+00
3.125000000000000e-02 0.000000000000000e+00 0.000000000000000e+00
6.250000000000000e-02 0.000000000000000e+00 0.000000000000000e+00
6.250000000000000e-02 3.125000000000000e-02 0.000000000000000e+00
3.125000000000000e-02 3.125000000000000e-02 0.000000000000000e+00
6.250000000000000e-02 0.000000000000000e+00 0.000000000000000e+00
9.375000000000000e-02 0.000000000000000e+00 0.000000000000000e+00
9.375000000000000e-02 3.125000000000000e-02 0.000000000000000e+00
6.250000000000000e-02 3.125000000000000e-02 0.000000000000000e+00
9.375000000000000e-02 0.000000000000000e+00 0.000000000000000e+00
1.250000000000000e-01 0.000000000000000e+00 0.000000000000000e+00
1.250000000000000e-01 3.125000000000000e-02 0.000000000000000e+00
9.375000000000000e-02 3.125000000000000e-02 0.000000000000000e+00
1.250000000000000e-01 0.000000000000000e+00 0.000000000000000e+00
1.562500000000000e-01 0.000000000000000e+00 0.000000000000000e+00
1.562500000000000e-01 3.125000000000000e-02 0.000000000000000e+00
1.250000000000000e-01 3.125000000000000e-02 0.000000000000000e+00
1.562500000000000e-01 0.000000000000000e+00 0.000000000000000e+00
1.875000000000000e-01 0.000000000000000e+00 0.000000000000000e+00
1.875000000000000e-01 3.125000000000000e-02 0.000000000000000e+00
1.562500000000000e-01 3.125000000000000e-02 0.000000000000000e+00
1.875000000000000e-01 0.000000000000000e+00 0.000000000000000e+00
2.187500000000000e-01 0.000000000000000e+00 0.000000000000000e+00
2.187500000000000e-01 3.125000000000000e-02 0.000000000000000e+00
1.875000000000000e-01 3.125000000000000e-02 0.000000000000000e+00
2.187500000000000e-01 0.000000000000000e+00 0.000000000000000e+00
2.500000000000000e-01 0.000000000000000e+00 0.000000000000000e+00
2.500000000000000e-01 3.125000000000000e-02 0.000000000000000e+00
2.187500000000000e-01 3.125000000000000e-02 0.000000000000000e+00
2.500000000000000e-01 0.000000000000000e+00 0.000000000000000e+00
2.812500000000000e-01 0.000000000000000e+00 0.000000000000000e+00
2.812500000000000e-01 3.125000000000000e-02 0.000000000000000e+00
2.500000000000000e-01 3.125000000000000e-02 0.000000000000000e+00
2.812500000000000e-01 0.000000000000000e+00 0.000000000000000e+00
3.125000000000000e-01 0.000000000000000e+00 0.000000000000000e+00
3.125000000000000e-01 3.125000000000000e-02 0.000000000000000e+00
2.812500000000000e-01 3.125000000000000e-02 0.000000000000000e+00
3.125000000000000e-01 0.000000000000000e+00 0.000000000000000e+00
3.437500000000000e-01 0.000000000000000e+00 0.000000000000000e+00
3.437500000000000e-01 3.125000000000000e-02 0.000000000000000e+00
3.125000000000000e-01 3.125000000000000e-02 0.000000000000000e+00
3.437500000000000e-01 0.000000000000000e+00 0.000000000000000e+00
3.750000000000000e-01 0.000000000000000e+00 0.000000000000000e+00
3.750000000000000e-01 3.125000000000000e-02 0.000000000000000e+00
3.437500000000000e-01 3.125000000000000e-02 0.000000000000000e+00
3.750000000000000e-01 0.000000000000000e+00 0.000000000000000e+00
4.062500000000000e-01 0.000000000000000e+00 0.000000000000000e+00
4.062500000000000e-01 3.125000000000000e-02 0.000000000000000e+00
3.750000000000000e-01 3.125000000000000e-02 0.000000000000000e+00
4.062500000000000e-01 0.000000000000000e+00 0.000000000000000e+00
4.375000000000000e-01 0.000000000000000e+00 0.000000000000000e+00
4.375000000000000e-01 3.125000000000000e-02 0.000000000000000e+00
4.062500000000000e-01 3.125000000000000e-02 0.000000000000000e+00
4.375000000000000e-01 0.000000000000000e+00 0.000000000000000e+00
4.687500000000000e-01 0.000000000000000e+00 0.000000000000000e+00
4.687500000000000e-01 3.125000000000000e-02 0.000000000000000e+00
4.375000000000000e-01 3.125000000000000e-02 0.000000000000000e+00
4.687500000000000e-01 0.000000000000000e+00 0.000000000000000e+00
5.000000000000000e-01 0.000000000000000e+00 0.000000000000000e+00
5.000000000000000e-01 3.125000000000000e-02 0.000000000000000e+00
4.687500000000000e-01 3.125000000000000e-02 0.000000000000000e+00
5.000000000000000e-01 0.000000000000000e+00 0.000000000000000e+00
5.312500000000000e-01 0.000000000000000e+00 0.000000000000000e+00
5.312500000000000e-01 3.125000000000000e-02 0.000000000000000e+00
5.000000000000000e-01 3.125000000000000e-02 0.000000000000000e+00
5.312500000000000e-01 0.000000000000000e+00 0.000000000000000e+00
5.625000000000000e-01 0.000000000000000e+00 0.000000000000000e+00
5.625000000000000e-01 3.125000000000000e-02 0.000000000000000e+00
5.312500000000000e-01 3.125000000000000e-02 0.000000000000000e+00
5.625000000000000e-01 0.000000000000000e+00 0.000000000000000e+00
5.937500000000000e-01 0.000000000000000e+00 0.000000000000000e+00
5.937500000000000e-01 3.125000000000000e-02 0.000000000000000e+00
5.625000000000000e-01 3.125000000000000e-02 0.000000000000000e+00
5.937500000000000e-01 0.000000000000000e+00 0.000000000000000e+00
6.250000000000000e-01 0.000000000000000e+00 0.000000000000000e+00
6.250000000000000e-01 3.125000000000000e-02 0.000000000000000e+00
5.937500000000000e-01 3.125000000000000e-02 0.000000000000000e+00
6.250000000000000e-01 0.000000000000000e+00 0.000000000000000e+00
6.562500000000000e-01 0.000000000000000e+00 0.000000000000000e+00
6.562500000000000e-01 3.125000000000000e-02 0.000000000000000e+00
6.250000000000000e-01 3.125000000000000e-02 0.000000000000000e+00
6.562500000000000e-01 0.000000000000000e+00 0.000000000000000e+00
6.875000000000000e-01 0.000000000000000e+00 0.000000000000000e+00
6.875000000000000e-01 3.125000000000000e-02 0.000000000000000e+00
6.562500000000000e-01 3.125000000000000e-02 0.000000000000000e+00
6.875000000000000e-01 0.000000000000000e+00 0.000000000000000e+00
7.187500000000000e-01 0.000000000000000e+00 0.000000000000000e+00
7.187500000000000e-01 3.125000000000000e-02 0.000000000000000e+00
6.875000000000000e-01 3.125000000000000e-02 0.000000000000000e+00
7.187500000000000e-01 0.000000000000000e+00 0.000000000000000e+00
7.500000000000000e-01 0.000000000000000e+00 0.000000000000000e+00
7.500000000000000e-01 3.125000000000000e-02 0.000000000000000e+00
7.187500000000000e-01 3.125000000000000e-02 0.000000000000000e+00
7.500000000000000e-01 0.000000000000000e+00 0.000000000000000e+00
7.812500000000000e-01 0.000000000000000e+00 0.000000000000000e+00
7.812500000000000e-01 3.125000000000000e-02 0.000000000000000e+00
7.500000000000000e-01 3.125000000000000e-02 0.000000000000000e+00
7.812500000000000e-01 0.000000000000000e+00 0.000000000000000e+00
8.125000000000000e-01 0.000000000000000e+00 0.000000000000000e+00
8.125000000000000e-01 3.125000000000000e-02 0.000000000000000e+00
7.812500000000000e-01 3.125000000000000e-02 0.000000000000000e+00
8.125000000000000e-01 0.000000000000000e+00 0.000000000000000e+00
8.437500000000000e-01 0.000000000000000e+00 0.000000000000000e+00
8.437500000000000e-01 3.125000000000000e-02 0.000000000000000e+00
8.125000000000000e-01 3.125000000000000e-02 0.000000000000000e+00
8.437500000000000e-01 0.000000000000000e+00 0.000000000000000e+00
8.750000000000000e-01 0.000000000000000e+00 0.000000000000000e+00
8.750000000000000e-01 3.125000000000000e-02 0.000000000000000e+00
8.437500000000000e-01 3.125000000000000e-02 0.000000000000000e+00
8.750000000000000e-01 0.000000000000000e+00 0.000000000000000e+00
9.062500000000000e-01 0.000000000000000e+00 0.000000000000000e+00
9.062500000000000e-01 3.125000000000000e-02 0.000000000000000e+00
8.750000000000000e-01 3.125000000000000e-02 0.000000000000000e+00
9.062500000000000e-01 0.000000000000000e+00 0.000000000000000e+00
9.375000000000000e-01 0.000000000000000e+00 0.000000000000000e+00
9.375000000000000e-01 3.125000000000000e-02 0.000000000000000e+00
9.062500000000000e-01 3.125000000000000e-02 0.000000000000000e+00
9.375000000000000e-01 0.000000000000000e+00 0.000000000000000e+00
9.687500000000000e-01 0.000000000000000e+00 0.000000000000000e+00
9.687500000000000e-01 3.125000000000000e-02 0.000000000000000e+00
9.375000000000000e-01 3.125000000000000e-02 0.000000000000000e+00
9.687500000000000e-01 0.000000000000000e+00 0.000000000000000e+00
1.000000000000000e+00 0.000000000000000e+00 0.000000000000000e+00
1.000000000000000e+00 3.125000000000000e-02 0.000000000000000e+00
9.687500000000000e-01 3.125000000000000e-02 0.000000000000000e+00
0.000000000000000e+00 3.125000000000000e-02 0.000000000000000e+00
3.125000000000000e-02 3.125000000000000e-02 0.000000000000000e+00
3.125000000000000e-02 6.250000000000000e-02 0.000000000000000e+00
0.000000000000000e+00 6.250000000000000e-02 0.000000000000000e+00
3.125000000000000e-02 3.125000000000000e-02 0.000000000000000e+00
6.250000000000000e-02 3.125000000000000e-02 0.000000000000000e+00
6.250000000000000e-02 6.250000000000000e-02 0.000000000000000e+00
3.125000000000000e-02 6.250000000000000e-02 0.000000000000000e+00
6.250000000000000e-02 3.125000000000000e-02 0.000000000000000e+00
9.375000000000000e-02 3.125000000000000e-02 0.000000000000000e+00
9.375000000000000e-02 6.250000000000000e-02 0.000000000000000e+00
6.250000000000000e-02 6.250000000000000e-02 0.000000000000000e+00
9.375000000000000e-02 3.125000000000000e-02 0.000000000000000e+00
1.250000000000000e-01 3.125000000000000e-02 0.000000000000000e+00
1.250000000000000e-01 6.250000000000000e-02 0.000000000000000e+00
9.375000000000000e-02 6.250000000000000e-02 0.000000000000000e+00
1.250000000000000e-01 3.125000000000000e-02 0.000000000000000e+00
1.562500000000000e-01 3.125000000000000e-02 0.000000000000000e+00
1.562500000000000e-01 6.250000000000000e-02 0.000000000000000e+00
1.250000000000000e-01 6.250000000000000e-02 0.000000000000000e+00
1.562500000000000e-01 3.125000000000000e-02 0.000000000000000e+00
1.875000000000000e-01 3.125000000000000e-02 0.000000000000000e+00
1.875000000000000e-01 6.250000000000000e-02 0.000000000000000e+00
1.562500000000000e-01 6.250000000000000e-02 0.000000000000000e+00
1.875000000000000e-01 3.125000000000000e-02 0.000000000000000e+00
2.187500000000000e-01 3.125000000000000e-02 0.000000000000000e+00
2.187500000000000e-01 6.250000000000000e-02 0.000000000000000e+00
1.875000000000000e-01 6.250000000000000e-02 0.000000000000000e+00
2.187500000000000e-01 3.125000000000000e-02 0.000000000000000e+00
2.500000000000000e-01 3.125000000000000e-02 0.000000000000000e+00
2.500000000000000e-01 6.250000000000000e-02 0.000000000000000e+00
2.187500000000000e-01 6.250000000000000e-02 0.000000000000000e+00
2.500000000000000e-01 3.125000000000000e-02 0.000000000000000e+00
2.812500000000000e-01 3.125000000000000e-02 0.000000000000000e+00
2.812500000000000e-01 6.250000000000000e-02 0.000000000000000e+00
2.500000000000000e-01 6.250000000000000e-02 0.000000000000000e+00
2.812500000000000e-01 3.125000000000000e-02 0.000000000000000e+00
3.125000000000000e-01 3.125000000000000e-02 0.000000000000000e+00
3.125000000000000e-01 6.250000000000000e-02 0.000000000000000e+00
2.812500000000000e-01 6.250000000000000e-02 0.000000000000000e+00
3.125000000000000e-01 3.125000000000000e-02 0.000000000000000e+00
3.437500000000000e-01 3.125000000000000e-02 0.000000000000000e+00
3.437500000000000e-01 6.250000000000000e-02 0.000000000000000e+00
3.125000000000000e-01 6.250000000000000e-02 0.000000000000000e+00
3.437500000000000e-01 3.125000000000000e-02 0.000000000000000e+00
3.750000000000000e-01 3.125000000000000e-02 0.000000000000000e+00
3.750000000000000e-01 6.250000000000000e-02 0.000000000000000e+00
3.437500000000000e-01 6.250000000000000e-02 0.000000000000000e+00
3.750000000000000e-01 3.125000000000000e-02 0.000000000000000e+00
4.062500000000000e-01 3.125000000000000e-02 0.000000000000000e+00
4.062500000000000e-01 6.250000000000000e-02 0.000000000000000e+00
3.750000000000000e-01 6.250000000000000e-02 0.000000000000000e+00
4.062500000000000e-01 3.125000000000000e-02 0.000000000000000e+00
4.375000000000000e-01 3.125000000000000e-02 0.000000000000000e+00
4.375000000000000e-01 6.250000000000000e-02 0.000000000000000e+00
4.062500000000000e-01 6.250000000000000e-02 0.000000000000000e+00
4.375000000000000e-01 3.125000000000000e-02 0.000000000000000e+00
4.687500000000000e-01 3.125000000000000e-02 0.000000000000000e+00
4.687500000000000e-01 6.250000000000000e-02 0.000000000000000e+00
4.375000000000000e-01 6.250000000000000e-02 0.000000000000000e+00
4.687500000000000e-01 3.125000000000000e-02 0.000000000000000e+00
5.000000000000000e-01 3.125000000000000e-02 0.000000000000000e+00
5.000000000000000e-01 6.250000000000000e-02 0.000000000000000e+00
4.687500000000000e-01 6.250000000000000e-02 0.000000000000000e+00
5.000000000000000e-01 3.125000000000000e-02 0.000000000000000e+00
5.312500000000000e-01 3.125000000000000e-02 0.000000000000000e+00
5.312500000000000e-01 6.250000000000000e-02 0.000000000000000e+00
5.000000000000000e-01 6.250000000000000e-02 0.000000000000000e+00
5.312500000000000e-01 3.125000000000000e-02 0.000000000000000e+00
5.625000000000000e-01 3.125000000000000e-02 0.000000000000000e+00
5.625000000000000e-01 6.250000000000000e-02 0.000000000000000e+00
5.312500000000000e-01 6.250000000000000e-02 0.000000000000000e+00
5.625000000000000e-01 3.125000000000000e-02 0.000000000000000e+00
5.937500000000000e-01 3.125000000000000e-02 0.000000000000000e+00
5.937500000000000e-01 6.250000000000000e-02 0.000000000000000e+00
5.625000000000000e-01 6.250000000000000e-02 0.000000000000000e+00
5.937500000000000e-01 3.125000000000000e-02 0.000000000000000e+00
6.250000000000000e-01 3.125000000000000e-02 0.000000000000000e+00
6.250000000000000e-01 6.250000000000000e-02 0.000000000000000e+00
5.937500000000000e-01 6.250000000000000e-02 0.000000000000000e+00
6.250000000000000e-01 3.125000000000000e-02 0.000000000000000e+00
6.562500000000000e-01 3.125000000000000e-02 0.000000000000000e+00
6.562500000000000e-01 6.250000000000000e-02 0.000000000000000e+00
6.250000000000000e-01 6.250000000000000e-02 0.000000000000000e+00
6.562500000000000e-01 3.125000000000000e-02 0.000000000000000e+00
6.875000000000000e-01 3.125000000000000e-02 0.000000000000000e+00
6.875000000000000e-01 6.250000000000000e-02 0.000000000000000e+00
6.562500000000000e-01 6.250000000000000e-02 0.000000000000000e+00
6.875000000000000e-01 3.125000000000000e-02 0.000000000000000e+00
7.187500000000000e-01 3.125000000000000e-02 0.000000000000000e+00
7.187500000000000e-01 6.250000000000000e-02 0.000000000000000e+00
6.875000000000000e-01 6.250000000000000e-02 0.000000000000000e+00
7.187500000000000e-01 3.125000000000000e-02 0.000000000000000e+00
7.500000000000000e-01 3.125000000000000e-02 0.000000000000000e+00
7.500000000000000e-01 6.250000000000000e-02 0.000000000000000e+00
7.187500000000000e-01 6.250000000000000e-02 0.000000000000000e+00
7.500000000000000e-01 3.125000000000000e-02 0.000000000000000e+00
7.812500000000000e-01 3.125000000000000e-02 0.000000000000000e+00
7.812500000000000e-01 6.250000000000000e-02 0.000000000000000e+00
7.500000000000000e-01 6.250000000000000e-02 0.000000000000000e+00
7.812500000000000e-01 3.125000000000000e-02 0.000000000000000e+00
8.125000000000000e-01 3.125000000000000e-02 0.000000000000000e+00
8.125000000000000e-01 6.250000000000000e-02 0.000000000000000e+00
7.812500000000000e-01 6.250000000000000e-02 0.000000000000000e+00
8.125000000000000e-01 3.125000000000000e-02 0.000000000000000e+00
8.437500000000000e-01 3.125000000000000e-02 0.000000000000000e+00
8.437500000000000e-01 6.250000000000000e-02 0.000000000000000e+00
8.125000000000000e-01 6.250000000000000e-02 0.000000000000000e+00
8.437500000000000e-01 3.125000000000000e-02 0.000000000000000e+00
8.750000000000000e-01 3.125000000000000e-02 0.000000000000000e+00
8.750000000000000e-01 6.250000000000000e-02 0.000000000000000e+00
8.437500000000000e-01 6.250000000000000e-02 0.000000000000000e+00
8.750000000000000e-01 3.125000000000000e-02 0.000000000000000e+00
9.062500000000000e-01 3.125000000000000e-02 0.000000000000000e+00
9.062500000000000e-01 6.250000000000000e-02 0.000000000000000e+00
8.750000000000000e-01 6.250000000000000e-02 0.000000000000000e+00
9.062500000000000e-01 3.125000000000000e-02 0.000000000000000e+00
9.375000000000000e-01 3.125000000000000e-02 0.000000000000000e+00
9.375000000000000e-01 6.250000000000000e-02 0.000000000000000e+00
9.062500000000000e-01 6.250000000000000e-02 0.000000000000000e+00
9.375000000000000e-01 3.125000000000000e-02 0.000000000000000e+00
9.687500000000000e-01 3.125000000000000e-02 0.000000000000000e+00
9.687500000000000e-01 6.250000000000000e-02 0.000000000000000e+00
9.375000000000000e-01 6.250000000000000e-02 0.000000000000000e+00
9.687500000000000e-01 3.125000000000000e-02 0.000000000000000e+00
1.000000000000000e+00 3.125000000000000e-02 0.000000000000000e+00
1.000000000000000e+00 6.250000000000000e-02 0.000000000000000e+00
9.687500000000000e-01 6.250000000000000e-02 0.000000000000000e+00
0.000000000000000e+00 6.250000000000000e-02 0.000000000000000e+00
3.125000000000000e-02 6.250000000000000e-02 0.000000000000000e+00
3.125000000000000e-02 9.375000000000000e-02 0.000000000000000e+00
0.000000000000000e+00 9.375000000000000e-02 0.000000000000000e+00
3.125000000000000e-02 6.250000000000000e-02 0.000000000000000e+00
6.250000000000000e-02 6.250000000000000e-02 0.000000000000000e+00
6.250000000000000e-02 9.375000000000000e-02 0.000000000000000e+00
3.125000000000000e-02 9.375000000000000e-02 0.000000000000000e+00
6.250000000000000e-02 6.250000000000000e-02 0.000000000000000e+00
9.375000000000000e-02 6.250000000000000e-02 0.000000000000000e+00
9.375000000000000e-02 9.375000000000000e-02 0.000000000000000e+00
6.250000000000000e-02 9.375000000000000e-02 0.000000000000000e+00
9.375000000000000e-02 6.250000000000000e-02 0.000000000000000e+00
1.250000000000000e-01 6.250000000000000e-02 0.000000000000000e+00
1.250000000000000e-01 9.375000000000000e-02 0.000000000000000e+00
9.375000000000000e-02 9.375000000000000e-02 0.000000000000000e+00
1.250000000000000e-01 6.250000000000000e-02 0.000000000000000e+00
1.562500000000000e-01 6.250000000000000e-02 0.000000000000000e+00
1.562500000000000e-01 9.375000000000000e-02 0.000000000000000e+00
1.250000000000000e-01 9.375000000000000e-02 0.000000000000000e+00
1.562500000000000e-01 6.250000000000000e-02 0.000000000000000e+00
1.875000000000000e-01 6.250000000000000e-02 0.000000000000000e+00
1.875000000000000e-01 9.375000000000000e-02 0.000000000000000e+00
1.562500000000000e-01 9.375000000000000e-02 0.000000000000000e+00
1.875000000000000e-01 6.250000000000000e-02 0.000000000000000e+00
2.187500000000000e-01 6.250000000000000e-02 0.000000000000000e+00
2.187500000000000e-01 9.375000000000000e-02 0.000000000000000e+00
1.875000000000000e-01 9.375000000000000e-02 0.000000000000000e+00
2.187500000000000e-01 6.250000000000000e-02 0.000000000000000e+00
2.500000000000000e-01 6.250000000000000e-02 0.000000000000000e+00
2.500000000000000e-01 9.375000000000000e-02 0.000000000000000e+00
2.187500000000000e-01 9.375000000000000e-02 0.000000000000000e+00
2.500000000000000e-01 6.250000000000000e-02 0.000000000000000e+00
2.812500000000000e-01 6.250000000000000e-02 0.000000000000000e+00
2.812500000000000e-01 9.375000000000000e-02 0.000000000000000e+00
2.500000000000000e-01 9.375000000000000e-02 0.000000000000000e+00
2.812500000000000e-01 6.250000000000000e-02 0.000000000000000e+00
3.125000000000000e-01 6.250000000000000e-02 0.000000000000000e+00
3.125000000000000e-01 9.375000000000000e-02 0.000000000000000e+00
2.812500000000000e-01 9.375000000000000e-02 0.000000000000000e+00
3.125000000000000e-01 6.250000000000000e-02 0.000000000000000e+00
3.437500000000000e-01 6.250000000000000e-02 0.000000000000000e+00
3.437500000000000e-01 9.375000000000000e-02 0.000000000000000e+00
3.125000000000000e-01 9.375000000000000e-02 0.000000000000000e+00
3.437500000000000e-01 6.250000000000000e-02 0.000000000000000e+00
3.750000000000000e-01 6.250000000000000e-02 0.000000000000000e+00
3.750000000000000e-01 9.375000000000000e-02 0.000000000000000e+00
3.437500000000000e-01 9.375000000000000e-02 0.000000000000000e+00
3.750000000000000e-01 6.250000000000000e-02 0.000000000000000e+00
4.062500000000000e-01 6.250000000000000e-02 0.000000000000000e+00
4.062500000000000e-01 9.375000000000000e-02 0.000000000000000e+00
3.750000000000000e-01 9.375000000000000e-02 0.000000000000000e+00
4.062500000000000e-01 6.250000000000000e-02 0.000000000000000e+00
4.375000000000000e-01 6.250000000000000e-02 0.000000000000000e+00
4.375000000000000e-01 9.375000000000000e-02 0.000000000000000e+00
4.062500000000000e-01 9.375000000000000e-02 0.000000000000000e+00
4.375000000000000e-01 6.250000000000000e-02 0.000000000000000e+00
4.687500000000000e-01 6.250000000000000e-02 0.000000000000000e+00
4.687500000000000e-01 9.375000000000000e-02 0.000000000000000e+00
4.375000000000000e-01 9.375000000000000e-02 0.000000000000000e+00
4.687500000000000e-01 6.250000000000000e-02 0.000000000000000e+00
5.000000000000000e-01 6.250000000000000e-02 0.000000000000000e+00
5.000000000000000e-01 9.375000000000000e-02 0.000000000000000e+00
4.687500000000000e-01 9.375000000000000e-02 0.000000000000000e+00
5.000000000000000e-01 6.250000000000000e-02 0.000000000000000e+00
5.312500000000000e-01 6.250000000000000e-02 0.000000000000000e+00
5.312500000000000e-01 9.375000000000000e-02 0.000000000000000e+00
5.000000000000000e-01 9.375000000000000e-02 0.000000000000000e+00
5.312500000000000e-01 6.250000000000000e-02 0.000000000000000e+00
5.625000000000000e-01 6.250000000000000e-02 0.000000000000000e+00
5.625000000000000e-01 9.375000000000000e-02 0.000000000000000e+00
5.312500000000000e-01 9.375000000000000e-02 0.000000000000000e+00
5.625000000000000e-01 6.250000000000000e-02 0.000000000000000e+00
5.937500000000000e-01 6.250000000000000e-02 0.000000000000000e+00
5.937500000000000e-01 9.375000000000000e-02 0.000000000000000e+00
5.625000000000000e-01 9.375000000000000e-02 0.000000000000000e+00
5.937500000000000e-01 6.250000000000000e-02 0.000000000000000e+00
6.250000000000000e-01 6.250000000000000e-02 0.000000000000000e+00
6.250000000000000e-01 9.375000000000000e-02 0.000000000000000e+00
5.937500000000000e-01 9.375000000000000e-02 0.000000000000000e+00
6.250000000000000e-01 6.250000000000000e-02 0.000000000000000e+00
6.562500000000000e-01 6.250000000000000e-02 0.000000000000000e+00
6.562500000000000e-01 9.375000000000000e-02 0.000000000000000e+00
6.250000000000000e-01 9.375000000000000e-02 0.000000000000000e+00
6.562500000000000e-01 6.250000000000000e-02 0.000000000000000e+00
6.875000000000000e-01 6.250000000000000e-02 0.000000000000000e+00
6.875000000000000e-01 9.375000000000000e-02 0.000000000000000e+00
6.562500000000000e-01 9.375000000000000e-02 0.000000000000000e+00
6.875000000000000e-01 6.250000000000000e-02 0.000000000000000e+00
7.187500000000000e-01 6.250000000000000e-02 0.000000000000000e+00
7.187500000000000e-01 9.375000000000000e-02 0.000000000000000e+00
6.875000000000000e-01 9.375000000000000e-02 0.000000000000000e+00
7.187500000000000e-01 6.250000000000000e-02 0.000000000000000e+00
7.500000000000000e-01 6.250000000000000e-02 0.000000000000000e+00
7.500000000000000e-01 9.375000000000000e-02 0.000000000000000e+00
7.187500000000000e-01 9.375000000000000e-02 0.000000000000000e+00
7.500000000000000e-01 6.250000000000000e-02 0.000000000000000e+00
7.812500000000000e-01 6.250000000000000e-02 0.000000000000000e+00
7.812500000000000e-01 9.375000000000000e-02 0.000000000000000e+00
7.500000000000000e-01 9.375000000000000e-02 0.000000000000000e+00
7.812500000000000e-01 6.250000000000000e-02 0.000000000000000e+00
8.125000000000000e-01 6.250000000000000e-02 0.000000000000000e+00
8.125000000000000e-01 9.375000000000000e-02 0.000000000000000e+00
7.812500000000000e-01 9.375000000000000e-02 0.000000000000000e+00
8.125000000000000e-01 6.250000000000000e-02 0.000000000000000e+00
8.437500000000000e-01 6.250000000000000e-02 0.000000000000000e+00
8.437500000000000e-01 9.375000000000000e-02 0.000000000000000e+00
8.125000000000000e-01 9.375000000000000e-02 0.000000000000000e+00
8.437500000000000e-01 6.250000000000000e-02 0.000000000000000e+00
8.750000000000000e-01 6.250000000000000e-02 0.000000000000000e+00
8.750000000000000e-01 9.375000000000000e-02 0.000000000000000e+00
8.437500000000000e-01 9.375000000000000e-02 0.000000000000000e+00
8.750000000000000e-01 6.250000000000000e-02 0.000000000000000e+00
9.062500000000000e-01 6.250000000000000e-02 0.000000000000000e+00
9.062500000000000e-01 9.375000000000000e-02 0.000000000000000e+00
8.750000000000000e-01 9.375000000000000e-02 0.000000000000000e+00
9.062500000000000e-01 6.250000000000000e-02 0.000000000000000e+00
9.375000000000000e-01 6.250000000000000e-02 0.000000000000000e+00
9.375000000000000e-01 9.375000000000000e-02 0.000000000000000e+00
9.062500000000000e-01 9.375000000000000e-02 0.000000000000000e+00
9.375000000000000e-01 6.250000000000000e-02 0.000000000000000e+00
9.687500000000000e-01 6.250000000000000e-02 0.000000000000000e+00
9.687500000000000e-01 9.375000000000000e-02 0.000000000000000e+00
9.375000000000000e-01 9.375000000000000e-02 0.000000000000000e+00
9.687500000000000e-01 6.250000000000000e-02 0.000000000000000e+00
1.000000000000000e+00 6.250000000000000e-02 0.000000000000000e+00
1.000000000000000e+00 9.375000000000000e-02 0.000000000000000e+00
9.687500000000000e-01 9.375000000000000e-02 0.000000000000000e+00
0.000000000000000e+00 9.375000000000000e-02 0.000000000000000e+00
3.125000000000000e-02 9.375000000000000e-02 0.000000000000000e+00
3.125000000000000e-02 1.250000000000000e-01 0.000000000000000e+00
0.000000000000000e+00 1.250000000000000e-01 0.000000000000000e+00
3.125000000000000e-02 9.375000000000000e-02 0.000000000000000e+00
6.250000000000000e-02 9.375000000000000e-02 0.000000000000000e+00
6.250000000000000e-02 1.250000000000000e-01 0.000000000000000e+00
3.125000000000000e-02 1.250000000000000e-01 0.000000000000000e+00
6.250000000000000e-02 9.375000000000000e-02 0.000000000000000e+00
9.375000000000000e-02 9.375000000000000e-02 0.000000000000000e+00
9.375000000000000e-02 1.250000000000000e-01 0.000000000000000e+00
6.250000000000000e-02 1.250000000000000e-01 0.000000000000000e+00
9.375000000000000e-02 9.375000000000000e-02 0.000000000000000e+00
1.250000000000000e-01 9.375000000000000e-02 0.000000000000000e+00
1.250000000000000e-01 1.250000000000000e-01 0.000000000000000e+00
9.375000000000000e-02 1.250000000000000e-01 0.000000000000000e+00
1.250000000000000e-01 9.375000000000000e-02 0.000000000000000e+00
1.562500000000000e-01 9.375000000000000e-02 0.000000000000000e+00
1.562500000000000e-01 1.250000000000000e-01 0.000000000000000e+00
1.250000000000000e-01 1.250000000000000e-01 0.000000000000000e+00
1.562500000000000e-01 9.375000000000000e-02 0.000000000000000e+00
1.875000000000000e-01 9.375000000000000e-02 0.000000000000000e+00
1.875000000000000e-01 1.250000000000000e-01 0.000000000000000e+00
1.562500000000000e-01 1.250000000000000e-01 0.000000000000000e+00
1.875000000000000e-01 9.375000000000000e-02 0.000000000000000e+00
2.187500000000000e-01 9.375000000000000e-02 0.000000000000000e+00
2.187500000000000e-01 1.250000000000000e-01 0.000000000000000e+00
1.875000000000000e-01 1.250000000000000e-01 0.000000000000000e+00
2.187500000000000e-01 9.375000000000000e-02 0.000000000000000e+00
2.500000000000000e-01 9.375000000000000e-02 0.000000000000000e+00
2.500000000000000e-01 1.250000000000000e-01 0.000000000000000e+00
2.187500000000000e-01 1.250000000000000e-01 0.000000000000000e+00
2.500000000000000e-01 9.375000000000000e-02 0.000000000000000e+00
2.812500000000000e-01 9.375000000000000e-02 0.000000000000000e+00
2.812500000000000e-01 1.250000000000000e-01 0.000000000000000e+00
2.500000000000000e-01 1.250000000000000e-01 0.000000000000000e+00
2.812500000000000e-01 9.375000000000000e-02 0.000000000000000e+00
3.125000000000000e-01 9.375000000000000e-02 0.000000000000000e+00
3.125000000000000e-01 1.250000000000000e-01 0.000000000000000e+00
2.812500000000000e-01 1.250000000000000e-01 0.000000000000000e+00
3.125000000000000e-01 9.375000000000000e-02 0.000000000000000e+00
3.437500000000000e-01 9.375000000000000e-02 0.000000000000000e+00
3.437500000000000e-01 1.250000000000000e-01 0.000000000000000e+00
3.125000000000000e-01 1.250000000000000e-01 0.000000000000000e+00
3.437500000000000e-01 9.375000000000000e-02 0.000000000000000e+00
3.750000000000000e-01 9.375000000000000e-02 0.000000000000000e+00
3.750000000000000e-01 1.250000000000000e-01 0.000000000000000e+00
3.437500000000000e-01 1.250000000000000e-01 0.000000000000000e+00
3.750000000000000e-01 9.375000000000000e-02 0.000000000000000e+00
4.062500000000000e-01 9.375000000000000e-02 0.000000000000000e+00
4.062500000000000e-01 1.250000000000000e-01 0.000000000000000e+00
3.750000000000000e-01 1.250000000000000e-01 0.000000000000000e+00
4.062500000000000e-01 9.375000000000000e-02 0.000000000000000e+00
4.375000000000000e-01 9.375000000000000e-02 0.000000000000000e+00
4.375000000000000e-01 1.250000000000000e-01 0.000000000000000e+00
4.062500000000000e-01 1.250000000000000e-01 0.000000000000000e+00
4.375000000000000e-01 9.375000000000000e-02 0.000000000000000e+00
4.687500000000000e-01 9.375000000000000e-02 0.000000000000000e+00
4.687500000000000e-01 1.250000000000000e-01 0.000000000000000e+00
4.375000000000000e-01 1.250000000000000e-01 0.000000000000000e+00
4.687500000000000e-01 9.375000000000000e-02 0.000000000000000e+00
5.000000000000000e-01 9.375000000000000e-02 0.000000000000000e+00
5.000000000000000e-01 1.250000000000000e-01 0.000000000000000e+00
4.687500000000000e-01 1.250000000000000e-01 0.000000000000000e+00
5.000000000000000e-01 9.375000000000000e-02 0.000000000000000e+00
5.312500000000000e-01 9.375000000000000e-02 0.000000000000000e+00
5.312500000000000e-01 1.250000000000000e-01 0.000000000000000e+00
5.000000000000000e-01 1.250000000000000e-01 0.000000000000000e+00
5.312500000000000e-01 9.375000000000000e-02 0.000000000000000e+00
5.625000000000000e-01 9.375000000000000e-02 0.000000000000000e+00
5.625000000000000e-01 1.250000000000000e-01 0.000000000000000e+00
5.312500000000000e-01 1.250000000000000e-01 0.000000000000000e+00
5.625000000000000e-01 9.375000000000000e-02 0.000000000000000e+00
5.937500000000000e-01 9.375000000000000e-02 0.000000000000000e+00
5.937500000000000e-01 1.250000000000000e-01 0.000000000000000e+00
5.625000000000000e-01 1.250000000000000e-01 0.000000000000000e+00
5.937500000000000e-01 9.375000000000000e-02 0.000000000000000e+00
6.250000000000000e-01 9.375000000000000e-02 0.000000000000000e+00
6.250000000000000e-01 1.250000000000000e-01 0.000000000000000e+00
5.937500000000000e-01 1.250000000000000e-01 0.000000000000000e+00
6.250000000000000e-01 9.375000000000000e-02 0.000000000000000e+00
6.562500000000000e-01 9.375000000000000e-02 0.000000000000000e+00
6.562500000000000e-01 1.250000000000000e-01 0.000000000000000e+00
6.250000000000000e-01 1.250000000000000e-01 0.000000000000000e+00
6.562500000000000e-01 9.375000000000000e-02 0.000000000000000e+00
6.875000000000000e-01 9.375000000000000e-02 0.000000000000000e+00
6.875000000000000e-01 1.250000000000000e-01 0.000000000000000e+00
6.562500000000000e-01 1.250000000000000e-01 0.000000000000000e+00
6.875000000000000e-01 9.375000000000000e-02 0.000000000000000e+00
7.187500000000000e-01 9.375000000000000e-02 0.000000000000000e+00
7.187500000000000e-01 1.250000000000000e-01 0.000000000000000e+00
6.875000000000000e-01 1.250000000000000e-01 0.000000000000000e+00
7.187500000000000e-01 9.375000000000000e-02 0.000000000000000e+00
7.500000000000000e-01 9.375000000000000e-02 0.000000000000000e+00
7.500000000000000e-01 1.250000000000000e-01 0.000000000000000e+00
7.187500000000000e-01 1.250000000000000e-01 0.000000000000000e+00
7.500000000000000e-01 9.375000000000000e-02 0.000000000000000e+00
7.812500000000000e-01 9.375000000000000e-02 0.000000000000000e+00
7.812500000000000e-01 1.250000000000000e-01 0.000000000000000e+00
7.500000000000000e-01 1.250000000000000e-01 0.000000000000000e+00
7.812500000000000e-01 9.375000000000000e-02 0.000000000000000e+00
8.125000000000000e-01 9.375000000000000e-02 0.000000000000000e+00
8.125000000000000e-01 1.250000000000000e-01 0.000000000000000e+00
7.812500000000000e-01 1.250000000000000e-01 0.000000000000000e+00
8.125000000000000e-01 9.375000000000000e-02 0.000000000000000e+00
8.437500000000000e-01 9.375000000000000e-02 0.000000000000000e+00
8.437500000000000e-01 1.250000000000000e-01 0.000000000000000e+00
8.125000000000000e-01 1.250000000000000e-01 0.000000000000000e+00
8.437500000000000e-01 9.375000000000000e-02 0.000000000000000e+00
8.750000000000000e-01 9.375000000000000e-02 0.000000000000000e+00
8.750000000000000e-01 1.250000000000000e-01 0.000000000000000e+00
8.437500000000000e-01 1.250000000000000e-01 0.000000000000000e+00
8.750000000000000e-01 9.375000000000000e-02 0.000000000000000e+00
9.062500000000000e-01 9.375000000000000e-02 0.000000000000000e+00
9.062500000000000e-01 1.250000000000000e-01 0.000000000000000e+00
8.750000000000000e-01 1.250000000000000e-01 0.000000000000000e+00
9.062500000000000e-01 9.375000000000000e-02 0.000000000000000e+00
9.375000000000000e-01 9.375000000000000e-02 0.000000000000000e+00
9.375000000000000e-01 1.250000000000000e-01 0.000000000000000e+00
9.062500000000000e-01 1.250000000000000e-01 0.000000000000000e+00
9.375000000000000e-01 9.375000000000000e-02 0.000000000000000e+00
9.687500000000000e-01 9.375000000000000e-02 0.000000000000000e+00
9.687500000000000e-01 1.250000000000000e-01 0.000000000000000e+00
9.375000000000000e-01 1.250000000000000e-01 0.000000000000000e+00
9.687500000000000e-01 9.375000000000000e-02 0.000000000000000e+00
1.000000000000000e+00 9.375000000000000e-02 0.000000000000000e+00
1.000000000000000e+00 1.250000000000000e-01 0.000000000000000e+00
9.687500000000000e-01 1.250000000000000e-01 0.000000000000000e+00
0.000000000000000e+00 1.250000000000000e-01 0.000000000000000e+00
3.125000000000000e-02 1.250000000000000e-01 0.000000000000000e+00
3.125000000000000e-02 1.562500000000000e-01 0.000000000000000e+00
0.000000000000000e+00 1.562500000000000e-01 0.000000000000000e+00
3.125000000000000e-02 1.250000000000000e-01 0.000000000000000e+00
6.250000000000000e-02 1.250000000000000e-01 0.000000000000000e+00
6.250000000000000e-02 1.562500000000000e-01 0.000000000000000e+00
3.125000000000000e-02 1.562500000000000e-01 0.000000000000000e+00
6.250000000000000e-02 1.250000000000000e-01 0.000000000000000e+00
9.375000000000000e-02 1.250000000000000e-01 0.000000000000000e+00
9.375000000000000e-02 1.562500000000000e-01 0.000000000000000e+00
6.250000000000000e-02 1.562500000000000e-01 0.000000000000000e+00
9.375000000000000e-02 1.250000000000000e-01 0.000000000000000e+00
1.250000000000000e-01 1.250000000000000e-01 0.000000000000000e+00
1.250000000000000e-01 1.562500000000000e-01 0.000000000000000e+00
9.375000000000000e-02 1.562500000000000e-01 0.000000000000000e+00
1.250000000000000e-01 1.250000000000000e-01 0.000000000000000e+00
1.562500000000000e-01 1.250000000000000e-01 0.000000000000000e+00
1.562500000000000e-01 1.562500000000000e-01 0.000000000000000e+00
1.250000000000000e-01 1.562500000000000e-01 0.000000000000000e+00
1.562500000000000e-01 1.250000000000000e-01 0.000000000000000e+00
1.875000000000000e-01 1.250000000000000e-01 0.000000000000000e+00
1.875000000000000e-01 1.562500000000000e-01 0.000000000000000e+00
1.562500000000000e-01 1.562500000000000e-01 0.000000000000000e+00
1.875000000000000e-01 1.250000000000000e-01 0.000000000000000e+00
2.187500000000000e-01 1.250000000000000e-01 0.000000000000000e+00
2.187500000000000e-01 1.562500000000000e-01 0.000000000000000e+00
1.875000000000000e-01 1.562500000000000e-01 0.000000000000000e+00
2.187500000000000e-01 1.250000000000000e-01 0.000000000000000e+00
2.500000000000000e-01 1.250000000000000e-01 0.000000000000000e+00
2.500000000000000e-01 1.562500000000000e-01 0.000000000000000e+00
2.187500000000000e-01 1.562500000000000e-01 0.000000000000000e+00
2.500000000000000e-01 1.250000000000000e-01 0.000000000000000e+00
2.812500000000000e-01 1.250000000000000e-01 0.000000000000000e+00
2.812500000000000e-01 1.562500000000000e-01 0.000000000000000e+00
2.500000000000000e-01 1.562500000000000e-01 0.000000000000000e+00
2.812500000000000e-01 1.250000000000000e-01 0.000000000000000e+00
3.125000000000000e-01 1.250000000000000e-01 0.000000000000000e+00
3.125000000000000e-01 1.562500000000000e-01 0.000000000000000e+00
2.812500000000000e-01 1.562500000000000e-01 0.000000000000000e+00
3.125000000000000e-01 1.250000000000000e-01 0.000000000000000e+00
3.437500000000000e-01 1.250000000000000e-01 0.000000000000000e+00
3.437500000000000e-01 1.562500000000000e-01 0.000000000000000e+00
3.125000000000000e-01 1.562500000000000e-01 0.000000000000000e+00
3.437500000000000e-01 1.250000000000000e-01 0.000000000000000e+00
3.750000000000000e-01 1.250000000000000e-01 0.000000000000000e+00
3.750000000000000e-01 1.562500000000000e-01 0.000000000000000e+00
3.437500000000000e-01 1.562500000000000e-01 0.000000000000000e+00
3.750000000000000e-01 1.250000000000000e-01 0.000000000000000e+00
4.062500000000000e-01 1.250000000000000e-01 0.000000000000000e+00
4.062500000000000e-01 1.562500000000000e-01 0.000000000000000e+00
3.750000000000000e-01 1.562500000000000e-01 0.000000000000000e+00
4.062500000000000e-01 1.250000000000000e-01 0.000000000000000e+00
4.375000000000000e-01 1.250000000000000e-01 0.000000000000000e+00
4.375000000000000e-01 1.562500000000000e-01 0.000000000000000e+00
4.062500000000000e-01 1.562500000000000e-01 0.000000000000000e+00
4.375000000000000e-01 1.250000000000000e-01 0.000000000000000e+00
4.687500000000000e-01 1.250000000000000e-01 0.000000000000000e+00
4.687500000000000e-01 1.562500000000000e-01 0.000000000000000e+00
4.375000000000000e-01 1.562500000000000e-01 0.000000000000000e+00
4.687500000000000e-01 1.250000000000000e-01 0.000000000000000e+00
5.000000000000000e-01 1.250000000000000e-01 0.000000000000000e+00
5.000000000000000e-01 1.562500000000000e-01 0.000000000000000e+00
4.687500000000000e-01 1.562500000000000e-01 0.000000000000000e+00
5.000000000000000e-01 1.250000000000000e-01 0.000000000000000e+00
5.312500000000000e-01 1.250000000000000e-01 0.000000000000000e+00
5.312500000000000e-01 1.562500000000000e-01 0.000000000000000e+00
5.000000000000000e-01 1.562500000000000e-01 0.000000000000000e+00
5.312500000000000e-01 1.250000000000000e-01 0.000000000000000e+00
5.625000000000000e-01 1.250000000000000e-01 0.000000000000000e+00
5.625000000000000e-01 1.562500000000000e-01 0.000000000000000e+00
5.312500000000000e-01 1.562500000000000e-01 0.000000000000000e+00
5.625000000000000e-01 1.250000000000000e-01 0.000000000000000e+00
5.937500000000000e-01 1.250000000000000e-01 0.000000000000000e+00
5.937500000000000e-01 1.562500000000000e-01 0.000000000000000e+00
5.625000000000000e-01 1.562500000000000e-01 0.000000000000000e+00
5.937500000000000e-01 1.250000000000000e-01 0.000000000000000e+00
6.250000000000000e-01 1.250000000000000e-01 0.000000000000000e+00
6.250000000000000e-01 1.562500000000000e-01 0.000000000000000e+00
5.937500000000000e-01 1.562500000000000e-01 0.000000000000000e+00
6.250000000000000e-01 1.250000000000000e-01 0.000000000000000e+00
6.562500000000000e-01 1.250000000000000e-01 0.000000000000000e+00
6.562500000000000e-01 1.562500000000000e-01 0.000000000000000e+00
6.250000000000000e-01 1.562500000000000e-01 0.000000000000000e+00
6.562500000000000e-01 1.250000000000000e-01 0.000000000000000e+00
6.875000000000000e-01 1.250000000000000e-01 0.000000000000000e+00
6.875000000000000e-01 1.562500000000000e-01 0.000000000000000e+00
6.562500000000000e-01 1.562500000000000e-01 0.000000000000000e+00
6.875000000000000e-01 1.250000000000000e-01 0.000000000000000e+00
7.187500000000000e-01 1.250000000000000e-01 0.000000000000000e+00
7.187500000000000e-01 1.562500000000000e-01 0.000000000000000e+00
6.875000000000000e-01 1.562500000000000e-01 0.000000000000000e+00
7.187500000000000e-01 1.250000000000000e-01 0.000000000000000e+00
7.500000000000000e-01 1.250000000000000e-01 0.000000000000000e+00
7.500000000000000e-01 1.562500000000000e-01 0.000000000000000e+00
7.187500000000000e-01 1.562500000000000e-01 0.000000000000000e+00
7.500000000000000e-01 1.250000000000000e-01 0.000000000000000e+00
7.812500000000000e-01 1.250000000000000e-01 0.000000000000000e+00
7.812500000000000e-01 1.562500000000000e-01 0.000000000000000e+00
7.500000000000000e-01 1.562500000000000e-01 0.000000000000000e+00
7.812500000000000e-01 1.250000000000000e-01 0.000000000000000e+00
8.125000000000000e-01 1.250000000000000e-01 0.000000000000000e+00
8.125000000000000e-01 1.562500000000000e-01 0.000000000000000e+00
7.812500000000000e-01 1.562500000000000e-01 0.000000000000000e+00
8.125000000000000e-01 1.250000000000000e-01 0.000000000000000e+00
8.437500000000000e-01 1.250000000000000e-01 0.000000000000000e+00
8.437500000000000e-01 1.562500000000000e-01 0.000000000000000e+00
8.125000000000000e-01 1.562500000000000e-01 0.000000000000000e+00
8.437500000000000e-01 1.250000000000000e-01 0.000000000000000e+00
8.750000000000000e-01 1.250000000000000e-01 0.000000000000000e+00
8.750000000000000e-01 1.562500000000000e-01 0.000000000000000e+00
8.437500000000000e-01 1.562500000000000e-01 0.000000000000000e+00
8.750000000000000e-01 1.250000000000000e-01 0.000000000000000e+00
9.062500000000000e-01 1.250000000000000e-01 0.000000000000000e+00
9.062500000000000e-01 1.562500000000000e-01 0.000000000000000e+00
8.750000000000000e-01 1.562500000000000e-01 0.000000000000000e+00
9.062500000000000e-01 1.250000000000000e-01 0.000000000000000e+00
9.375000000000000e-01 1.250000000000000e-01 0.000000000000000e+00
9.375000000000000e-01 1.562500000000000e-01 0.000000000000000e+00
9.062500000000000e-01 1.562500000000000e-01 0.000000000000000e+00
9.375000000000000e-01 1.250000000000000e-01 0.000000000000000e+00
9.687500000000000e-01 1.250000000000000e-01 0.000000000000000e+00
9.687500000000000e-01 1.562500000000000e-01 0.000000000000000e+00
9.375000000000000e-01 1.562500000000000e-01 0.000000000000000e+00
9.687500000000000e-01 1.250000000000000e-01 0.000000000000000e+00
1.000000000000000e+00 1.250000000000000e-01 0.000000000000000e+00
1.000000000000000e+00 1.562500000000000e-01 0.000000000000000e+00
9.687500000000000e-01 1.562500000000000e-01 0.000000000000000e+00
0.000000000000000e+00 1.562500000000000e-01 0.000000000000000e+00
3.125000000000000e-02 1.562500000000000e-01 0.000000000000000e+00
3.125000000000000e-02 1.875000000000000e-01 0.000000000000000e+00
0.000000000000000e+00 1.875000000000000e-01 0.000000000000000e+00
3.125000000000000e-02 1.562500000000000e-01 0.000000000000000e+00
6.250000000000000e-02 1.562500000000000e-01 0.000000000000000e+00
6.250000000000000e-02 1.875000000000000e-01 0.000000000000000e+00
3.125000000000000e-02 1.875000000000000e-01 0.000000000000000e+00
6.250000000000000e-02 1.562500000000000e-01 0.000000000000000e+00
9.375000000000000e-02 1.562500000000000e-01 0.000000000000000e+00
9.375000000000000e-02 1.875000000000000e-01 0.000000000000000e+00
6.250000000000000e-02 1.875000000000000e-01 0.000000000000000e+00
9.375000000000000e-02 1.562500000000000e-01 0.000000000000000e+00
1.250000000000000e-01 1.562500000000000e-01 0.000000000000000e+00
1.250000000000000e-01 1.875000000000000e-01 0.000000000000000e+00
9.375000000000000e-02 1.875000000000000e-01 0.000000000000000e+00
1.250000000000000e-01 1.562500000000000e-01 0.000000000000000e+00
1.562500000000000e-01 1.562500000000000e-01 0.000000000000000e+00
1.562500000000000e-01 1.875000000000000e-01 0.000000000000000e+00
1.250000000000000e-01 1.875000000000000e-01 0.000000000000000e+00
1.562500000000000e-01 1.562500000000000e-01 0.000000000000000e+00
1.875000000000000e-01 1.562500000000000e-01 0.000000000000000e+00
1.875000000000000e-01 1.875000000000000e-01 0.000000000000000e+00
1.562500000000000e-01 1.875000000000000e-01 0.000000000000000e+00
1.875000000000000e-01 1.562500000000000e-01 0.000000000000000e+00
2.187500000000000e-01 1.562500000000000e-01 0.000000000000000e+00
2.187500000000000e-01 1.875000000000000e-01 0.000000000000000e+00
1.875000000000000e-01 1.875000000000000e-01 0.000000000000000e+00
2.187500000000000e-01 1.562500000000000e-01 0.000000000000000e+00
2.500000000000000e-01 1.562500000000000e-01 0.000000000000000e+00
2.500000000000000e-01 1.875000000000000e-01 0.000000000000000e+00
2.187500000000000e-01 1.875000000000000e-01 0.000000000000000e+00
2.500000000000000e-01 1.562500000000000e-01 0.000000000000000e+00
2.812500000000000e-01 1.562500000000000e-01 0.000000000000000e+00
2.812500000000000e-01 1.875000000000000e-01 0.000000000000000e+00
2.500000000000000e-01 1.875000000000000e-01 0.000000000000000e+00
2.812500000000000e-01 1.562500000000000e-01 0.000000000000000e+00
3.125000000000000e-01 1.562500000000000e-01 0.000000000000000e+00
3.125000000000000e-01 1.875000000000000e-01 0.000000000000000e+00
2.812500000000000e-01 1.875000000000000e-01 0.000000000000000e+00
3.125000000000000e-01 1.562500000000000e-01 0.000000000000000e+00
3.437500000000000e-01 1.562500000000000e-01 0.000000000000000e+00
3.437500000000000e-01 1.875000000000000e-01 0.000000000000000e+00
3.125000000000000e-01 1.875000000000000e-01 0.000000000000000e+00
3.437500000000000e-01 1.562500000000000e-01 0.000000000000000e+00
3.750000000000000e-01 1.562500000000000e-01 0.000000000000000e+00
3.750000000000000e-01 1.875000000000000e-01 0.000000000000000e+00
3.437500000000000e-01 1.875000000000000e-01 0.000000000000000e+00
3.750000000000000e-01 1.562500000000000e-01 0.000000000000000e+00
4.062500000000000e-01 1.562500000000000e-01 0.000000000000000e+00
4.062500000000000e-01 1.875000000000000e-01 0.000000000000000e+00
3.750000000000000e-01 1.875000000000000e-01 0.000000000000000e+00
4.062500000000000e-01 1.562500000000000e-01 0.000000000000000e+00
4.375000000000000e-01 1.562500000000000e-01 0.000000000000000e+00
4.375000000000000e-01 1.875000000000000e-01 0.000000000000000e+00
4.062500000000000e-01 1.875000000000000e-01 0.000000000000000e+00
4.375000000000000e-01 1.562500000000000e-01 0.000000000000000e+00
4.687500000000000e-01 1.562500000000000e-01 0.000000000000000e+00
4.687500000000000e-01 1.875000000000000e-01 0.000000000000000e+00
4.375000000000000e-01 1.875000000000000e-01 0.000000000000000e+00
4.687500000000000e-01 1.562500000000000e-01 0.000000000000000e+00
5.000000000000000e-01 1.562500000000000e-01 0.000000000000000e+00
5.000000000000000e-01 1.875000000000000e-01 0.000000000000000e+00
4.687500000000000e-01 1.875000000000000e-01 0.000000000000000e+00
5.000000000000000e-01 1.562500000000000e-01 0.000000000000000e+00
5.312500000000000e-01 1.562500000000000e-01 0.000000000000000e+00
5.312500000000000e-01 1.875000000000000e-01 0.000000000000000e+00
5.000000000000000e-01 1.875000000000000e-01 0.000000000000000e+00
5.312500000000000e-01 1.562500000000000e-01 0.000000000000000e+00
5.625000000000000e-01 1.562500000000000e-01 0.000000000000000e+00
5.625000000000000e-01 1.875000000000000e-01 0.000000000000000e+00
5.312500000000000e-01 1.875000000000000e-01 0.000000000000000e+00
5.625000000000000e-01 1.562500000000000e-01 0.000000000000000e+00
5.937500000000000e-01 1.562500000000000e-01 0.000000000000000e+00
5.937500000000000e-01 1.875000000000000e-01 0.000000000000000e+00
5.625000000000000e-01 1.875000000000000e-01 0.000000000000000e+00
5.937500000000000e-01 1.562500000000000e-01 0.000000000000000e+00
6.250000000000000e-01 1.562500000000000e-01 0.000000000000000e+00
6.250000000000000e-01 1.875000000000000e-01 0.000000000000000e+00
5.937500000000000e-01 1.875000000000000e-01 0.000000000000000e+00
6.250000000000000e-01 1.562500000000000e-01 0.000000000000000e+00
6.562500000000000e-01 1.562500000000000e-01 0.000000000000000e+00
6.562500000000000e-01 1.875000000000000e-01 0.000000000000000e+00
6.250000000000000e-01 1.875000000000000e-01 0.000000000000000e+00
6.562500000000000e-01 1.562500000000000e-01 0.000000000000000e+00
6.875000000000000e-01 1.562500000000000e-01 0.000000000000000e+00
6.875000000000000e-01 1.875000000000000e-01 0.000000000000000e+00
6.562500000000000e-01 1.875000000000000e-01 0.000000000000000e+00
6.875000000000000e-01 1.562500000000000e-01 0.000000000000000e+00
7.187500000000000e-01 1.562500000000000e-01 0.000000000000000e+00
7.187500000000000e-01 1.875000000000000e-01 0.000000000000000e+00
6.875000000000000e-01 1.875000000000000e-01 0.000000000000000e+00
7.187500000000000e-01 1.562500000000000e-01 0.000000000000000e+00
7.500000000000000e-01 1.562500000000000e-01 0.000000000000000e+00
7.500000000000000e-01 1.875000000000000e-01 0.000000000000000e+00
7.187500000000000e-01 1.875000000000000e-01 0.000000000000000e+00
7.500000000000000e-01 1.562500000000000e-01 0.000000000000000e+00
7.812500000000000e-01 1.562500000000000e-01 0.000000000000000e+00
7.812500000000000e-01 1.875000000000000e-01 0.000000000000000e+00
7.500000000000000e-01 1.875000000000000e-01 0.000000000000000e+00
7.812500000000000e-01 1.562500000000000e-01 0.000000000000000e+00
8.125000000000000e-01 1.562500000000000e-01 0.000000000000000e+00
8.125000000000000e-01 1.875000000000000e-01 0.000000000000000e+00
7.812500000000000e-01 1.875000000000000e-01 0.000000000000000e+00
8.125000000000000e-01 1.562500000000000e-01 0.000000000000000e+00
8.437500000000000e-01 1.562500000000000e-01 0.000000000000000e+00
8.437500000000000e-01 1.875000000000000e-01 0.000000000000000e+00
8.125000000000000e-01 1.875000000000000e-01 0.000000000000000e+00
8.437500000000000e-01 1.562500000000000e-01 0.000000000000000e+00
8.750000000000000e-01 1.562500000000000e-01 0.000000000000000e+00
8.750000000000000e-01 1.875000000000000e-01 0.000000000000000e+00
8.437500000000000e-01 1.875000000000000e-01 0.000000000000000e+00
8.750000000000000e-01 1.562500000000000e-01 0.000000000000000e+00
9.062500000000000e-01 1.562500000000000e-01 0.000000000000000e+00
9.062500000000000e-01 1.875000000000000e-01 0.000000000000000e+00
8.750000000000000e-01 1.875000000000000e-01 0.000000000000000e+00
9.062500000000000e-01 1.562500000000000e-01 0.000000000000000e+00
9.375000000000000e-01 1.562500000000000e-01 0.000000000000000e+00
9.375000000000000e-01 1.875000000000000e-01 0.000000000000000e+00
9.062500000000000e-01 1.875000000000000e-01 0.000000000000000e+00
9.375000000000000e-01 1.562500000000000e-01 0.000000000000000e+00
9.687500000000000e-01 1.562500000000000e-01 0.000000000000000e+00
9.687500000000000e-01 1.875000000000000e-01 0.000000000000000e+00
9.375000000000000e-01 1.875000000000000e-01 0.000000000000000e+00
9.687500000000000e-01 1.562500000000000e-01 0.000000000000000e+00
1.000000000000000e+00 1.562500000000000e-01 0.000000000000000e+00
1.000000000000000e+00 1.875000000000000e-01 0.000000000000000e+00
9.687500000000000e-01 1.875000000000000e-01 0.000000000000000e+00
0.000000000000000e+00 1.875000000000000e-01 0.000000000000000e+00
3.125000000000000e-02 1.875000000000000e-01 0.000000000000000e+00
3.125000000000000e-02 2.187500000000000e-01 0.000000000000000e+00
0.000000000000000e+00 2.187500000000000e-01 0.000000000000000e+00
3.125000000000000e-02 1.875000000000000e-01 0.000000000000000e+00
6.250000000000000e-02 1.875000000000000e-01 0.000000000000000e+00
6.250000000000000e-02 2.187500000000000e-01 0.000000000000000e+00
3.125000000000000e-02 2.187500000000000e-01 0.000000000000000e+00
6.250000000000000e-02 1.875000000000000e-01 0.000000000000000e+00
9.375000000000000e-02 1.875000000000000e-01 0.000000000000000e+00
9.375000000000000e-02 2.187500000000000e-01 0.000000000000000e+00
6.250000000000000e-02 2.187500000000000e-01 0.000000000000000e+00
9.375000000000000e-02 1.875000000000000e-01 0.000000000000000e+00
1.250000000000000e-01 1.875000000000000e-01 0.000000000000000e+00
1.250000000000000e-01 2.187500000000000e-01 0.000000000000000e+00
9.375000000000000e-02 2.187500000000000e-01 0.000000000000000e+00
1.250000000000000e-01 1.875000000000000e-01 0.000000000000000e+00
1.562500000000000e-01 1.875000000000000e-01 0.000000000000000e+00
1.562500000000000e-01 2.187500000000000e-01 0.000000000000000e+00
1.250000000000000e-01 2.187500000000000e-01 0.000000000000000e+00
1.562500000000000e-01 1.875000000000000e-01 0.000000000000000e+00
1.875000000000000e-01 1.875000000000000e-01 0.000000000000000e+00
1.875000000000000e-01 2.187500000000000e-01 0.000000000000000e+00
1.562500000000000e-01 2.187500000000000e-01 0.000000000000000e+00
1.875000000000000e-01 1.875000000000000e-01 0.000000000000000e+00
2.187500000000000e-01 1.875000000000000e-01 0.000000000000000e+00
2.187500000000000e-01 2.187500000000000e-01 0.000000000000000e+00
1.875000000000000e-01 2.187500000000000e-01 0.000000000000000e+00
2.187500000000000e-01 1.875000000000000e-01 0.000000000000000e+00
2.500000000000000e-01 1.875000000000000e-01 0.000000000000000e+00
2.500000000000000e-01 2.187500000000000e-01 0.000000000000000e+00
2.187500000000000e-01 2.187500000000000e-01 0.000000000000000e+00
2.500000000000000e-01 1.875000000000000e-01 0.000000000000000e+00
2.812500000000000e-01 1.875000000000000e-01 0.000000000000000e+00
2.812500000000000e-01 2.187500000000000e-01 0.000000000000000e+00
2.500000000000000e-01 2.187500000000000e-01 0.000000000000000e+00
2.812500000000000e-01 1.875000000000000e-01 0.000000000000000e+00
3.125000000000000e-01 1.875000000000000e-01 0.000000000000000e+00
3.125000000000000e-01 2.187500000000000e-01 0.000000000000000e+00
2.812500000000000e-01 2.187500000000000e-01 0.000000000000000e+00
3.125000000000000e-01 1.875000000000000e-01 0.000000000000000e+00
3.437500000000000e-01 1.875000000000000e-01 0.000000000000000e+00
3.437500000000000e-01 2.187500000000000e-01 0.000000000000000e+00
3.125000000000000e-01 2.187500000000000e-01 0.000000000000000e+00
3.437500000000000e-01 1.875000000000000e-01 0.000000000000000e+00
3.750000000000000e-01 1.875000000000000e-01 0.000000000000000e+00
3.750000000000000e-01 2.187500000000000e-01 0.000000000000000e+00
3.437500000000000e-01 2.187500000000000e-01 0.000000000000000e+00
3.750000000000000e-01 1.875000000000000e-01 0.000000000000000e+00
4.062500000000000e-01 1.875000000000000e-01 0.000000000000000e+00
4.062500000000000e-01 2.187500000000000e-01 0.000000000000000e+00
3.750000000000000e-01 2.187500000000000e-01 0.000000000000000e+00
4.062500000000000e-01 1.875000000000000e-01 0.000000000000000e+00
4.375000000000000e-01 1.875000000000000e-01 0.000000000000000e+00
4.375000000000000e-01 2.187500000000000e-01 0.000000000000000e+00
4.062500000000000e-01 2.187500000000000e-01 0.000000000000000e+00
4.375000000000000e-01 1.875000000000000e-01 0.000000000000000e+00
4.687500000000000e-01 1.875000000000000e-01 0.000000000000000e+00
4.687500000000000e-01 2.187500000000000e-01 0.000000000000000e+00
4.375000000000000e-01 2.187500000000000e-01 0.000000000000000e+00
4.687500000000000e-01 1.875000000000000e-01 0.000000000000000e+00
5.000000000000000e-01 1.875000000000000e-01 0.000000000000000e+00
5.000000000000000e-01 2.187500000000000e-01 0.000000000000000e+00
4.687500000000000e-01 2.187500000000000e-01 0.000000000000000e+00
5.000000000000000e-01 1.875000000000000e-01 0.000000000000000e+00
5.312500000000000e-01 1.875000000000000e-01 0.000000000000000e+00
5.312500000000000e-01 2.187500000000000e-01 0.000000000000000e+00
5.000000000000000e-01 2.187500000000000e-01 0.000000000000000e+00
5.312500000000000e-01 1.875000000000000e-01 0.000000000000000e+00
5.625000000000000e-01 1.875000000000000e-01 0.000000000000000e+00
5.625000000000000e-01 2.187500000000000e-01 0.000000000000000e+00
5.312500000000000e-01 2.187500000000000e-01 0.000000000000000e+00
5.625000000000000e-01 1.875000000000000e-01 0.000000000000000e+00
5.937500000000000e-01 1.875000000000000e-01 0.000000000000000e+00
5.937500000000000e-01 2.187500000000000e-01 0.000000000000000e+00
5.625000000000000e-01 2.187500000000000e-01 0.000000000000000e+00
5.937500000000000e-01 1.875000000000000e-01 0.000000000000000e+00
6.250000000000000e-01 1.875000000000000e-01 0.000000000000000e+00
6.250000000000000e-01 2.187500000000000e-01 0.000000000000000e+00
5.937500000000000e-01 2.187500000000000e-01 0.000000000000000e+00
6.250000000000000e-01 1.875000000000000e-01 0.000000000000000e+00
6.562500000000000e-01 1.875000000000000e-01 0.000000000000000e+00
6.562500000000000e-01 2.187500000000000e-01 0.000000000000000e+00
6.250000000000000e-01 2.187500000000000e-01 0.000000000000000e+00
6.562500000000000e-01 1.875000000000000e-01 0.000000000000000e+00
6.875000000000000e-01 1.875000000000000e-01 0.000000000000000e+00
6.875000000000000e-01 2.187500000000000e-01 0.000000000000000e+00
6.562500000000000e-01 2.187500000000000e-01 0.000000000000000e+00
6.875000000000000e-01 1.875000000000000e-01 0.000000000000000e+00
7.187500000000000e-01 1.875000000000000e-01 0.000000000000000e+00
7.187500000000000e-01 2.187500000000000e-01 0.000000000000000e+00
6.875000000000000e-01 2.187500000000000e-01 0.000000000000000e+00
7.187500000000000e-01 1.875000000000000e-01 0.000000000000000e+00
7.500000000000000e-01 1.875000000000000e-01 0.000000000000000e+00
7.500000000000000e-01 2.187500000000000e-01 0.000000000000000e+00
7.187500000000000e-01 2.187500000000000e-01 0.000000000000000e+00
7.500000000000000e-01 1.875000000000000e-01 0.000000000000000e+00
7.812500000000000e-01 1.875000000000000e-01 0.000000000000000e+00
7.812500000000000e-01 2.187500000000000e-01 0.000000000000000e+00
7.500000000000000e-01 2.187500000000000e-01 0.000000000000000e+00
7.812500000000000e-01 1.875000000000000e-01 0.000000000000000e+00
8.125000000000000e-01 1.875000000000000e-01 0.000000000000000e+00
8.125000000000000e-01 2.187500000000000e-01 0.000000000000000e+00
7.812500000000000e-01 2.187500000000000e-01 0.000000000000000e+00
8.125000000000000e-01 1.875000000000000e-01 0.000000000000000e+00
8.437500000000000e-01 1.875000000000000e-01 0.000000000000000e+00
8.437500000000000e-01 2.187500000000000e-01 0.000000000000000e+00
8.125000000000000e-01 2.187500000000000e-01 0.000000000000000e+00
8.437500000000000e-01 1.875000000000000e-01 0.000000000000000e+00
8.750000000000000e-01 1.875000000000000e-01 0.000000000000000e+00
8.750000000000000e-01 2.187500000000000e-01 0.000000000000000e+00
8.437500000000000e-01 2.187500000000000e-01 0.000000000000000e+00
8.750000000000000e-01 1.875000000000000e-01 0.000000000000000e+00
9.062500000000000e-01 1.875000000000000e-01 0.000000000000000e+00
9.062500000000000e-01 2.187500000000000e-01 0.000000000000000e+00
8.750000000000000e-01 2.187500000000000e-01 0.000000000000000e+00
9.062500000000000e-01 1.875000000000000e-01 0.000000000000000e+00
9.375000000000000e-01 1.875000000000000e-01 0.000000000000000e+00
9.375000000000000e-01 2.187500000000000e-01 0.000000000000000e+00
9.062500000000000e-01 2.187500000000000e-01 0.000000000000000e+00
9.375000000000000e-01 1.875000000000000e-01 0.000000000000000e+00
9.687500000000000e-01 1.875000000000000e-01 0.000000000000000e+00
9.687500000000000e-01 2.187500000000000e-01 0.000000000000000e+00
9.375000000000000e-01 2.187500000000000e-01 0.000000000000000e+00
9.687500000000000e-01 1.875000000000000e-01 0.000000000000000e+00
1.000000000000000e+00 1.875000000000000e-01 0.000000000000000e+00
1.000000000000000e+00 2.187500000000000e-01 0.000000000000000e+00
9.687500000000000e-01 2.187500000000000e-01 0.000000000000000e+00
0.000000000000000e+00 2.187500000000000e-01 0.000000000000000e+00
3.125000000000000e-02 2.187500000000000e-01 0.000000000000000e+00
3.125000000000000e-02 2.500000000000000e-01 0.000000000000000e+00
0.000000000000000e+00 2.500000000000000e-01 0.000000000000000e+00
3.125000000000000e-02 2.187500000000000e-01 0.000000000000000e+00
6.250000000000000e-02 2.187500000000000e-01 0.000000000000000e+00
6.250000000000000e-02 2.500000000000000e-01 0.000000000000000e+00
3.125000000000000e-02 2.500000000000000e-01 0.000000000000000e+00
6.250000000000000e-02 2.187500000000000e-01 0.000000000000000e+00
9.375000000000000e-02 2.187500000000000e-01 0.000000000000000e+00
9.375000000000000e-02 2.500000000000000e-01 0.000000000000000e+00
6.250000000000000e-02 2.500000000000000e-01 0.000000000000000e+00
9.375000000000000e-02 2.187500000000000e-01 0.000000000000000e+00
1.250000000000000e-01 2.187500000000000e-01 0.000000000000000e+00
1.250000000000000e-01 2.500000000000000e-01 0.000000000000000e+00
9.375000000000000e-02 2.500000000000000e-01 0.000000000000000e+00
1.250000000000000e-01 2.187500000000000e-01 0.000000000000000e+00
1.562500000000000e-01 2.187500000000000e-01 0.000000000000000e+00
1.562500000000000e-01 2.500000000000000e-01 0.000000000000000e+00
1.250000000000000e-01 2.500000000000000e-01 0.000000000000000e+00
1.562500000000000e-01 2.187500000000000e-01 0.000000000000000e+00
1.875000000000000e-01 2.187500000000000e-01 0.000000000000000e+00
1.875000000000000e-01 2.500000000000000e-01 0.000000000000000e+00
1.562500000000000e-01 2.500000000000000e-01 0.000000000000000e+00
1.875000000000000e-01 2.187500000000000e-01 0.000000000000000e+00
2.187500000000000e-01 2.187500000000000e-01 0.000000000000000e+00
2.187500000000000e-01 2.500000000000000e-01 0.000000000000000e+00
1.875000000000000e-01 2.500000000000000e-01 0.000000000000000e+00
2.187500000000000e-01 2.187500000000000e-01 0.000000000000000e+00
2.500000000000000e-01 2.187500000000000e-01 0.000000000000000e+00
2.500000000000000e-01 2.500000000000000e-01 0.000000000000000e+00
2.187500000000000e-01 2.500000000000000e-01 0.000000000000000e+00
2.500000000000000e-01 2.187500000000000e-01 0.000000000000000e+00
2.812500000000000e-01 2.187500000000000e-01 0.000000000000000e+00
2.812500000000000e-01 2.500000000000000e-01 0.000000000000000e+00
2.500000000000000e-01 2.500000000000000e-01 0.000000000000000e+00
2.812500000000000e-01 2.187500000000000e-01 0.000000000000000e+00
3.125000000000000e-01 2.187500000000000e-01 0.000000000000000e+00
3.125000000000000e-01 2.500000000000000e-01 0.000000000000000e+00
2.812500000000000e-01 2.500000000000000e-01 0.000000000000000e+00
3.125000000000000e-01 2.187500000000000e-01 0.000000000000000e+00
3.437500000000000e-01 2.187500000000000e-01 0.000000000000000e+00
3.437500000000000e-01 2.500000000000000e-01 0.000000000000000e+00
3.125000000000000e-01 2.500000000000000e-01 0.000000000000000e+00
3.437500000000000e-01 2.187500000000000e-01 0.000000000000000e+00
3.750000000000000e-01 2.187500000000000e-01 0.000000000000000e+00
3.750000000000000e-01 2.500000000000000e-01 0.000000000000000e+00
3.437500000000000e-01 2.500000000000000e-01 0.000000000000000e+00
3.750000000000000e-01 2.187500000000000e-01 0.000000000000000e+00
4.062500000000000e-01 2.187500000000000e-01 0.000000000000000e+00
4.062500000000000e-01 2.500000000000000e-01 0.000000000000000e+00
3.750000000000000e-01 2.500000000000000e-01 0.000000000000000e+00
4.062500000000000e-01 2.187500000000000e-01 0.000000000000000e+00
4.375000000000000e-01 2.187500000000000e-01 0.000000000000000e+00
4.375000000000000e-01 2.500000000000000e-01 0.000000000000000e+00
4.062500000000000e-01 2.500000000000000e-01 0.000000000000000e+00
4.375000000000000e-01 2.187500000000000e-01 0.000000000000000e+00
4.687500000000000e-01 2.187500000000000e-01 0.000000000000000e+00
4.687500000000000e-01 2.500000000000000e-01 0.000000000000000e+00
4.375000000000000e-01 2.500000000000000e-01 0.000000000000000e+00
4.687500000000000e-01 2.187500000000000e-01 0.000000000000000e+00
5.000000000000000e-01 2.187500000000000e-01 0.000000000000000e+00
5.000000000000000e-01 2.500000000000000e-01 0.000000000000000e+00
4.687500000000000e-01 2.500000000000000e-01 0.000000000000000e+00
5.000000000000000e-01 2.187500000000000e-01 0.000000000000000e+00
5.312500000000000e-01 2.187500000000000e-01 0.000000000000000e+00
5.312500000000000e-01 2.500000000000000e-01 0.000000000000000e+00
5.000000000000000e-01 2.500000000000000e-01 0.000000000000000e+00
5.312500000000000e-01 2.187500000000000e-01 0.000000000000000e+00
5.625000000000000e-01 2.187500000000000e-01 0.000000000000000e+00
5.625000000000000e-01 2.500000000000000e-01 0.000000000000000e+00
5.312500000000000e-01 2.500000000000000e-01 0.000000000000000e+00
5.625000000000000e-01 2.187500000000000e-01 0.000000000000000e+00
5.937500000000000e-01 2.187500000000000e-01 0.000000000000000e+00
5.937500000000000e-01 2.500000000000000e-01 0.000000000000000e+00
5.625000000000000e-01 2.500000000000000e-01 0.000000000000000e+00
5.937500000000000e-01 2.187500000000000e-01 0.000000000000000e+00
6.250000000000000e-01 2.187500000000000e-01 0.000000000000000e+00
6.250000000000000e-01 2.500000000000000e-01 0.000000000000000e+00
5.937500000000000e-01 2.500000000000000e-01 0.000000000000000e+00
6.250000000000000e-01 2.187500000000000e-01 0.000000000000000e+00
6.562500000000000e-01 2.187500000000000e-01 0.000000000000000e+00
6.562500000000000e-01 2.500000000000000e-01 0.000000000000000e+00
6.250000000000000e-01 2.500000000000000e-01 0.000000000000000e+00
6.562500000000000e-01 2.187500000000000e-01 0.000000000000000e+00
6.875000000000000e-01 2.187500000000000e-01 0.000000000000000e+00
6.875000000000000e-01 2.500000000000000e-01 0.000000000000000e+00
6.562500000000000e-01 2.500000000000000e-01 0.000000000000000e+00
6.875000000000000e-01 2.187500000000000e-01 0.000000000000000e+00
7.187500000000000e-01 2.187500000000000e-01 0.000000000000000e+00
7.187500000000000e-01 2.500000000000000e-01 0.000000000000000e+00
6.875000000000000e-01 2.500000000000000e-01 0.000000000000000e+00
7.187500000000000e-01 2.187500000000000e-01 0.000000000000000e+00
7.500000000000000e-01 2.187500000000000e-01 0.000000000000000e+00
7.500000000000000e-01 2.500000000000000e-01 0.000000000000000e+00
7.187500000000000e-01 2.500000000000000e-01 0.000000000000000e+00
7.500000000000000e-01 2.187500000000000e-01 0.000000000000000e+00
7.812500000000000e-01 2.187500000000000e-01 0.000000000000000e+00
7.812500000000000e-01 2.500000000000000e-01 0.000000000000000e+00
7.500000000000000e-01 2.500000000000000e-01 0.000000000000000e+00
7.812500000000000e-01 2.187500000000000e-01 0.000000000000000e+00
8.125000000000000e-01 2.187500000000000e-01 0.000000000000000e+00
8.125000000000000e-01 2.500000000000000e-01 0.000000000000000e+00
7.812500000000000e-01 2.500000000000000e-01 0.000000000000000e+00
8.125000000000000e-01 2.187500000000000e-01 0.000000000000000e+00
8.437500000000000e-01 2.187500000000000e-01 0.000000000000000e+00
8.437500000000000e-01 2.500000000000000e-01 0.000000000000000e+00
8.125000000000000e-01 2.500000000000000e-01 0.000000000000000e+00
8.437500000000000e-01 2.187500000000000e-01 0.000000000000000e+00
8.750000000000000e-01 2.187500000000000e-01 0.000000000000000e+00
8.750000000000000e-01 2.500000000000000e-01 0.000000000000000e+00
8.437500000000000e-01 2.500000000000000e-01 0.000000000000000e+00
8.750000000000000e-01 2.187500000000000e-01 0.000000000000000e+00
9.062500000000000e-01 2.187500000000000e-01 0.000000000000000e+00
9.062500000000000e-01 2.500000000000000e-01 0.000000000000000e+00
8.750000000000000e-01 2.500000000000000e-01 0.000000000000000e+00
9.062500000000000e-01 2.187500000000000e-01 0.000000000000000e+00
9.375000000000000e-01 2.187500000000000e-01 0.000000000000000e+00
9.375000000000000e-01 2.500000000000000e-01 0.000000000000000e+00
9.062500000000000e-01 2.500000000000000e-01 0.000000000000000e+00
9.375000000000000e-01 2.187500000000000e-01 0.000000000000000e+00
9.687500000000000e-01 2.187500000000000e-01 0.000000000000000e+00
9.687500000000000e-01 2.500000000000000e-01 0.000000000000000e+00
9.375000000000000e-01 2.500000000000000e-01 0.000000000000000e+00
9.687500000000000e-01 2.187500000000000e-01 0.000000000000000e+00
1.000000000000000e+00 2.187500000000000e-01 0.000000000000000e+00
1.000000000000000e+00 2.500000000000000e-01 0.000000000000000e+00
9.687500000000000e-01 2.500000000000000e-01 0.000000000000000e+00
0.000000000000000e+00 2.500000000000000e-01 0.000000000000000e+00
3.125000000000000e-02 2.500000000000000e-01 0.000000000000000e+00
3.125000000000000e-02 2.812500000000000e-01 0.000000000000000e+00
0.000000000000000e+00 2.812500000000000e-01 0.000000000000000e+00
3.125000000000000e-02 2.500000000000000e-01 0.000000000000000e+00
6.250000000000000e-02 2.500000000000000e-01 0.000000000000000e+00
6.250000000000000e-02 2.812500000000000e-01 0.000000000000000e+00
3.125000000000000e-02 2.812500000000000e-01 0.000000000000000e+00
6.250000000000000e-02 2.500000000000000e-01 0.000000000000000e+00
9.375000000000000e-02 2.500000000000000e-01 0.000000000000000e+00
9.375000000000000e-02 2.812500000000000e-01 0.000000000000000e+00
6.250000000000000e-02 2.812500000000000e-01 0.000000000000000e+00
9.375000000000000e-02 2.500000000000000e-01 0.000000000000000e+00
1.250000000000000e-01 2.500000000000000e-01 0.000000000000000e+00
1.250000000000000e-01 2.812500000000000e-01 0.000000000000000e+00
9.375000000000000e-02 2.812500000000000e-01 0.000000000000000e+00
1.250000000000000e-01 2.500000000000000e-01 0.000000000000000e+00
1.562500000000000e-01 2.500000000000000e-01 0.000000000000000e+00
1.562500000000000e-01 2.812500000000000e-01 0.000000000000000e+00
1.250000000000000e-01 2.812500000000000e-01 0.000000000000000e+00
1.562500000000000e-01 2.500000000000000e-01 0.000000000000000e+00
1.875000000000000e-01 2.500000000000000e-01 0.000000000000000e+00
1.875000000000000e-01 2.812500000000000e-01 0.000000000000000e+00
1.562500000000000e-01 2.812500000000000e-01 0.000000000000000e+00
1.875000000000000e-01 2.500000000000000e-01 0.000000000000000e+00
2.187500000000000e-01 2.500000000000000e-01 0.000000000000000e+00
2.187500000000000e-01 2.812500000000000e-01 0.000000000000000e+00
1.875000000000000e-01 2.812500000000000e-01 0.000000000000000e+00
2.187500000000000e-01 2.500000000000000e-01 0.000000000000000e+00
2.500000000000000e-01 2.500000000000000e-01 0.000000000000000e+00
2.500000000000000e-01 2.812500000000000e-01 0.000000000000000e+00
2.187500000000000e-01 2.812500000000000e-01 0.000000000000000e+00
2.500000000000000e-01 2.500000000000000e-01 0.000000000000000e+00
2.812500000000000e-01 2.500000000000000e-01 0.000000000000000e+00
2.812500000000000e-01 2.812500000000000e-01 0.000000000000000e+00
2.500000000000000e-01 2.812500000000000e-01 0.000000000000000e+00
2.812500000000000e-01 2.500000000000000e-01 0.000000000000000e+00
3.125000000000000e-01 2.500000000000000e-01 0.000000000000000e+00
3.125000000000000e-01 2.812500000000000e-01 0.000000000000000e+00
2.812500000000000e-01 2.812500000000000e-01 0.000000000000000e+00
3.125000000000000e-01 2.500000000000000e-01 0.000000000000000e+00
3.437500000000000e-01 2.500000000000000e-01 0.000000000000000e+00
3.437500000000000e-01 2.812500000000000e-01 0.000000000000000e+00
3.125000000000000e-01 2.812500000000000e-01 0.000000000000000e+00
3.437500000000000e-01 2.500000000000000e-01 0.000000000000000e+00
3.750000000000000e-01 2.500000000000000e-01 0.000000000000000e+00
3.750000000000000e-01 2.812500000000000e-01 0.000000000000000e+00
3.437500000000000e-01 2.812500000000000e-01 0.000000000000000e+00
3.750000000000000e-01 2.500000000000000e-01 0.000000000000000e+00
4.062500000000000e-01 2.500000000000000e-01 0.000000000000000e+00
4.062500000000000e-01 2.812500000000000e-01 0.000000000000000e+00
3.750000000000000e-01 2.812500000000000e-01 0.000000000000000e+00
4.062500000000000e-01 2.500000000000000e-01 0.000000000000000e+00
4.375000000000000e-01 2.500000000000000e-01 0.000000000000000e+00
4.375000000000000e-01 2.812500000000000e-01 0.000000000000000e+00
4.062500000000000e-01 2.812500000000000e-01 0.000000000000000e+00
4.375000000000000e-01 2.500000000000000e-01 0.000000000000000e+00
4.687500000000000e-01 2.500000000000000e-01 0.000000000000000e+00
4.687500000000000e-01 2.812500000000000e-01 0.000000000000000e+00
4.375000000000000e-01 2.812500000000000e-01 0.000000000000000e+00
4.687500000000000e-01 2.500000000000000e-01 0.000000000000000e+00
5.000000000000000e-01 2.500000000000000e-01 0.000000000000000e+00
5.000000000000000e-01 2.812500000000000e-01 0.000000000000000e+00
4.687500000000000e-01 2.812500000000000e-01 0.000000000000000e+00
5.000000000000000e-01 2.500000000000000e-01 0.000000000000000e+00
5.312500000000000e-01 2.500000000000000e-01 0.000000000000000e+00
5.312500000000000e-01 2.812500000000000e-01 0.000000000000000e+00
5.000000000000000e-01 2.812500000000000e-01 0.000000000000000e+00
5.312500000000000e-01 2.500000000000000e-01 0.000000000000000e+00
5.625000000000000e-01 2.500000000000000e-01 0.000000000000000e+00
5.625000000000000e-01 2.812500000000000e-01 0.000000000000000e+00
5.312500000000000e-01 2.812500000000000e-01 0.000000000000000e+00
5.625000000000000e-01 2.500000000000000e-01 0.000000000000000e+00
5.937500000000000e-01 2.500000000000000e-01 0.000000000000000e+00
5.937500000000000e-01 2.812500000000000e-01 0.000000000000000e+00
5.625000000000000e-01 2.812500000000000e-01 0.000000000000000e+00
5.937500000000000e-01 2.500000000000000e-01 0.000000000000000e+00
6.250000000000000e-01 2.500000000000000e-01 0.000000000000000e+00
6.250000000000000e-01 2.812500000000000e-01 0.000000000000000e+00
5.937500000000000e-01 2.812500000000000e-01 0.000000000000000e+00
6.250000000000000e-01 2.500000000000000e-01 0.000000000000000e+00
6.562500000000000e-01 2.500000000000000e-01 0.000000000000000e+00
6.562500000000000e-01 2.812500000000000e-01 0.000000000000000e+00
6.250000000000000e-01 2.812500000000000e-01 0.000000000000000e+00
6.562500000000000e-01 2.500000000000000e-01 0.000000000000000e+00
6.875000000000000e-01 2.500000000000000e-01 0.000000000000000e+00
6.875000000000000e-01 2.812500000000000e-01 0.000000000000000e+00
6.562500000000000e-01 2.812500000000000e-01 0.000000000000000e+00
6.875000000000000e-01 2.500000000000000e-01 0.000000000000000e+00
7.187500000000000e-01 2.500000000000000e-01 0.000000000000000e+00
7.187500000000000e-01 2.812500000000000e-01 0.000000000000000e+00
6.875000000000000e-01 2.812500000000000e-01 0.000000000000000e+00
7.187500000000000e-01 2.500000000000000e-01 0.000000000000000e+00
7.500000000000000e-01 2.500000000000000e-01 0.000000000000000e+00
7.500000000000000e-01 2.812500000000000e-01 0.000000000000000e+00
7.187500000000000e-01 2.812500000000000e-01 0.000000000000000e+00
7.500000000000000e-01 2.500000000000000e-01 0.000000000000000e+00
7.812500000000000e-01 2.500000000000000e-01 0.000000000000000e+00
7.812500000000000e-01 2.812500000000000e-01 0.000000000000000e+00
7.500000000000000e-01 2.812500000000000e-01 0.000000000000000e+00
7.812500000000000e-01 2.500000000000000e-01 0.000000000000000e+00
8.125000000000000e-01 2.500000000000000e-01 0.000000000000000e+00
8.125000000000000e-01 2.812500000000000e-01 0.000000000000000e+00
7.812500000000000e-01 2.812500000000000e-01 0.000000000000000e+00
8.125000000000000e-01 2.500000000000000e-01 0.000000000000000e+00
8.437500000000000e-01 2.500000000000000e-01 0.000000000000000e+00
8.437500000000000e-01 2.812500000000000e-01 0.000000000000000e+00
8.125000000000000e-01 2.812500000000000e-01 0.000000000000000e+00
8.437500000000000e-01 2.500000000000000e-01 0.000000000000000e+00
8.750000000000000e-01 2.500000000000000e-01 0.000000000000000e+00
8.750000000000000e-01 2.812500000000000e-01 0.000000000000000e+00
8.437500000000000e-01 2.812500000000000e-01 0.000000000000000e+00
8.750000000000000e-01 2.500000000000000e-01 0.000000000000000e+00
9.062500000000000e-01 2.500000000000000e-01 0.000000000000000e+00
9.062500000000000e-01 2.812500000000000e-01 0.000000000000000e+00
8.750000000000000e-01 2.812500000000000e-01 0.000000000000000e+00
9.062500000000000e-01 2.500000000000000e-01 0.000000000000000e+00
9.375000000000000e-01 2.500000000000000e-01 0.000000000000000e+00
9.375000000000000e-01 2.812500000000000e-01 0.000000000000000e+00
9.062500000000000e-01 2.812500000000000e-01 0.000000000000000e+00
9.375000000000000e-01 2.500000000000000e-01 0.000000000000000e+00
9.687500000000000e-01 2.500000000000000e-01 0.000000000000000e+00
9.687500000000000e-01 2.812500000000000e-01 0.000000000000000e+00
9.375000000000000e-01 2.812500000000000e-01 0.000000000000000e+00
9.687500000000000e-01 2.500000000000000e-01 0.000000000000000e+00
1.000000000000000e+00 2.500000000000000e-01 0.000000000000000e+00
1.000000000000000e+00 2.812500000000000e-01 0.000000000000000e+00
9.687500000000000e-01 2.812500000000000e-01 0.000000000000000e+00
0.000000000000000e+00 2.812500000000000e-01 0.000000000000000e+00
3.125000000000000e-02 2.812500000000000e-01 0.000000000000000e+00
3.125000000000000e-02 3.125000000000000e-01 0.000000000000000e+00
0.000000000000000e+00 3.125000000000000e-01 0.000000000000000e+00
3.125000000000000e-02 2.812500000000000e-01 0.000000000000000e+00
6.250000000000000e-02 2.812500000000000e-01 0.000000000000000e+00
6.250000000000000e-02 3.125000000000000e-01 0.000000000000000e+00
3.125000000000000e-02 3.125000000000000e-01 0.000000000000000e+00
6.250000000000000e-02 2.812500000000000e-01 0.000000000000000e+00
9.375000000000000e-02 2.812500000000000e-01 0.000000000000000e+00
9.375000000000000e-02 3.125000000000000e-01 0.000000000000000e+00
6.250000000000000e-02 3.125000000000000e-01 0.000000000000000e+00
9.375000000000000e-02 2.812500000000000e-01 0.000000000000000e+00
1.250000000000000e-01 2.812500000000000e-01 0.000000000000000e+00
1.250000000000000e-01 3.125000000000000e-01 0.000000000000000e+00
9.375000000000000e-02 3.125000000000000e-01 0.000000000000000e+00
1.250000000000000e-01 2.812500000000000e-01 0.000000000000000e+00
1.562500000000000e-01 2.812500000000000e-01 0.000000000000000e+00
1.562500000000000e-01 3.125000000000000e-01 0.000000000000000e+00
1.250000000000000e-01 3.125000000000000e-01 0.000000000000000e+00
1.562500000000000e-01 2.812500000000000e-01 0.000000000000000e+00
1.875000000000000e-01 2.812500000000000e-01 0.000000000000000e+00
1.875000000000000e-01 3.125000000000000e-01 0.000000000000000e+00
1.562500000000000e-01 3.125000000000000e-01 0.000000000000000e+00
1.875000000000000e-01 2.812500000000000e-01 0.000000000000000e+00
2.187500000000000e-01 2.812500000000000e-01 0.000000000000000e+00
2.187500000000000e-01 3.125000000000000e-01 0.000000000000000e+00
1.875000000000000e-01 3.125000000000000e-01 0.000000000000000e+00
2.187500000000000e-01 2.812500000000000e-01 0.000000000000000e+00
2.500000000000000e-01 2.812500000000000e-01 0.000000000000000e+00
2.500000000000000e-01 3.125000000000000e-01 0.000000000000000e+00
2.187500000000000e-01 3.125000000000000e-01 0.000000000000000e+00
2.500000000000000e-01 2.812500000000000e-01 0.000000000000000e+00
2.812500000000000e-01 2.812500000000000e-01 0.000000000000000e+00
2.812500000000000e-01 3.125000000000000e-01 0.000000000000000e+00
2.500000000000000e-01 3.125000000000000e-01 0.000000000000000e+00
2.812500000000000e-01 2.812500000000000e-01 0.000000000000000e+00
3.125000000000000e-01 2.812500000000000e-01 0.000000000000000e+00
3.125000000000000e-01 3.125000000000000e-01 0.000000000000000e+00
2.812500000000000e-01 3.125000000000000e-01 0.000000000000000e+00
3.125000000000000e-01 2.812500000000000e-01 0.000000000000000e+00
3.437500000000000e-01 2.812500000000000e-01 0.000000000000000e+00
3.437500000000000e-01 3.125000000000000e-01 0.000000000000000e+00
3.125000000000000e-01 3.125000000000000e-01 0.000000000000000e+00
3.437500000000000e-01 2.812500000000000e-01 0.000000000000000e+00
3.750000000000000e-01 2.812500000000000e-01 0.000000000000000e+00
3.750000000000000e-01 3.125000000000000e-01 0.000000000000000e+00
3.437500000000000e-01 3.125000000000000e-01 0.000000000000000e+00
3.750000000000000e-01 2.812500000000000e-01 0.000000000000000e+00
4.062500000000000e-01 2.812500000000000e-01 0.000000000000000e+00
4.062500000000000e-01 3.125000000000000e-01 0.000000000000000e+00
3.750000000000000e-01 3.125000000000000e-01 0.000000000000000e+00
4.062500000000000e-01 2.812500000000000e-01 0.000000000000000e+00
4.375000000000000e-01 2.812500000000000e-01 0.000000000000000e+00
4.375000000000000e-01 3.125000000000000e-01 0.000000000000000e+00
4.062500000000000e-01 3.125000000000000e-01 0.000000000000000e+00
4.375000000000000e-01 2.812500000000000e-01 0.000000000000000e+00
4.687500000000000e-01 2.812500000000000e-01 0.000000000000000e+00
4.687500000000000e-01 3.125000000000000e-01 0.000000000000000e+00
4.375000000000000e-01 3.125000000000000e-01 0.000000000000000e+00
4.687500000000000e-01 2.812500000000000e-01 0.000000000000000e+00
5.000000000000000e-01 2.812500000000000e-01 0.000000000000000e+00
5.000000000000000e-01 3.125000000000000e-01 0.000000000000000e+00
4.687500000000000e-01 3.125000000000000e-01 0.000000000000000e+00
5.000000000000000e-01 2.812500000000000e-01 0.000000000000000e+00
5.312500000000000e-01 2.812500000000000e-01 0.000000000000000e+00
5.312500000000000e-01 3.125000000000000e-01 0.000000000000000e+00
5.000000000000000e-01 3.125000000000000e-01 0.000000000000000e+00
5.312500000000000e-01 2.812500000000000e-01 0.000000000000000e+00
5.625000000000000e-01 2.812500000000000e-01 0.000000000000000e+00
5.625000000000000e-01 3.125000000000000e-01 0.000000000000000e+00
5.312500000000000e-01 3.125000000000000e-01 0.000000000000000e+00
5.625000000000000e-01 2.812500000000000e-01 0.000000000000000e+00
5.937500000000000e-01 2.812500000000000e-01 0.000000000000000e+00
5.937500000000000e-01 3.125000000000000e-01 0.000000000000000e+00
5.625000000000000e-01 3.125000000000000e-01 0.000000000000000e+00
5.937500000000000e-01 2.812500000000000e-01 0.000000000000000e+00
6.250000000000000e-01 2.812500000000000e-01 0.000000000000000e+00
6.250000000000000e-01 3.125000000000000e-01 0.000000000000000e+00
5.937500000000000e-01 3.125000000000000e-01 0.000000000000000e+00
6.250000000000000e-01 2.812500000000000e-01 0.000000000000000e+00
6.562500000000000e-01 2.812500000000000e-01 0.000000000000000e+00
6.562500000000000e-01 3.125000000000000e-01 0.000000000000000e+00
6.250000000000000e-01 3.125000000000000e-01 0.000000000000000e+00
6.562500000000000e-01 2.812500000000000e-01 0.000000000000000e+00
6.875000000000000e-01 2.812500000000000e-01 0.000000000000000e+00
6.875000000000000e-01 3.125000000000000e-01 0.000000000000000e+00
6.562500000000000e-01 3.125000000000000e-01 0.000000000000000e+00
6.875000000000000e-01 2.812500000000000e-01 0.000000000000000e+00
7.187500000000000e-01 2.812500000000000e-01 0.000000000000000e+00
7.187500000000000e-01 3.125000000000000e-01 0.000000000000000e+00
6.875000000000000e-01 3.125000000000000e-01 0.000000000000000e+00
7.187500000000000e-01 2.812500000000000e-01 0.000000000000000e+00
7.500000000000000e-01 2.812500000000000e-01 0.000000000000000e+00
7.500000000000000e-01 3.125000000000000e-01 0.000000000000000e+00
7.187500000000000e-01 3.125000000000000e-01 0.000000000000000e+00
7.500000000000000e-01 2.812500000000000e-01 0.000000000000000e+00
7.812500000000000e-01 2.812500000000000e-01 0.000000000000000e+00
7.812500000000000e-01 3.125000000000000e-01 0.000000000000000e+00
7.500000000000000e-01 3.125000000000000e-01 0.000000000000000e+00
7.812500000000000e-01 2.812500000000000e-01 0.000000000000000e+00
8.125000000000000e-01 2.812500000000000e-01 0.000000000000000e+00
8.125000000000000e-01 3.125000000000000e-01 0.000000000000000e+00
7.812500000000000e-01 3.125000000000000e-01 0.000000000000000e+00
8.125000000000000e-01 2.812500000000000e-01 0.000000000000000e+00
8.437500000000000e-01 2.812500000000000e-01 0.000000000000000e+00
8.437500000000000e-01 3.125000000000000e-01 0.000000000000000e+00
8.125000000000000e-01 3.125000000000000e-01 0.000000000000000e+00
8.437500000000000e-01 2.812500000000000e-01 0.000000000000000e+00
8.750000000000000e-01 2.812500000000000e-01 0.000000000000000e+00
8.750000000000000e-01 3.125000000000000e-01 0.000000000000000e+00
8.437500000000000e-01 3.125000000000000e-01 0.000000000000000e+00
8.750000000000000e-01 2.812500000000000e-01 0.000000000000000e+00
9.062500000000000e-01 2.812500000000000e-01 0.000000000000000e+00
9.062500000000000e-01 3.125000000000000e-01 0.000000000000000e+00
8.750000000000000e-01 3.125000000000000e-01 0.000000000000000e+00
9.062500000000000e-01 2.812500000000000e-01 0.000000000000000e+00
9.375000000000000e-01 2.812500000000000e-01 0.000000000000000e+00
9.375000000000000e-01 3.125000000000000e-01 0.000000000000000e+00
9.062500000000000e-01 3.125000000000000e-01 0.000000000000000e+00
9.375000000000000e-01 2.812500000000000e-01 0.000000000000000e+00
9.687500000000000e-01 2.812500000000000e-01 0.000000000000000e+00
9.687500000000000e-01 3.125000000000000e-01 0.000000000000000e+00
9.375000000000000e-01 3.125000000000000e-01 0.000000000000000e+00
9.687500000000000e-01 2.812500000000000e-01 0.000000000000000e+00
1.000000000000000e+00 2.812500000000000e-01 0.000000000000000e+00
1.000000000000000e+00 3.125000000000000e-01 0.000000000000000e+00
9.687500000000000e-01 3.125000000000000e-01 0.000000000000000e+00
0.000000000000000e+00 3.125000000000000e-01 0.000000000000000e+00
3.125000000000000e-02 3.125000000000000e-01 0.000000000000000e+00
3.125000000000000e-02 3.437500000000000e-01 0.000000000000000e+00
0.000000000000000e+00 3.437500000000000e-01 0.000000000000000e+00
3.125000000000000e-02 3.125000000000000e-01 0.000000000000000e+00
6.250000000000000e-02 3.125000000000000e-01 0.000000000000000e+00
6.250000000000000e-02 3.437500000000000e-01 0.000000000000000e+00
3.125000000000000e-02 3.437500000000000e-01 0.000000000000000e+00
6.250000000000000e-02 3.125000000000000e-01 0.000000000000000e+00
9.375000000000000e-02 3.125000000000000e-01 0.000000000000000e+00
9.375000000000000e-02 3.437500000000000e-01 0.000000000000000e+00
6.250000000000000e-02 3.437500000000000e-01 0.000000000000000e+00
9.375000000000000e-02 3.125000000000000e-01 0.000000000000000e+00
1.250000000000000e-01 3.125000000000000e-01 0.000000000000000e+00
1.250000000000000e-01 3.437500000000000e-01 0.000000000000000e+00
9.375000000000000e-02 3.437500000000000e-01 0.000000000000000e+00
1.250000000000000e-01 3.125000000000000e-01 0.000000000000000e+00
1.562500000000000e-01 3.125000000000000e-01 0.000000000000000e+00
1.562500000000000e-01 3.437500000000000e-01 0.000000000000000e+00
1.250000000000000e-01 3.437500000000000e-01 0.000000000000000e+00
1.562500000000000e-01 3.125000000000000e-01 0.000000000000000e+00
1.875000000000000e-01 3.125000000000000e-01 0.000000000000000e+00
1.875000000000000e-01 3.437500000000000e-01 0.000000000000000e+00
1.562500000000000e-01 3.437500000000000e-01 0.000000000000000e+00
1.875000000000000e-01 3.125000000000000e-01 0.000000000000000e+00
2.187500000000000e-01 3.125000000000000e-01 0.000000000000000e+00
2.187500000000000e-01 3.437500000000000e-01 0.000000000000000e+00
1.875000000000000e-01 3.437500000000000e-01 0.000000000000000e+00
2.187500000000000e-01 3.125000000000000e-01 0.000000000000000e+00
2.500000000000000e-01 3.125000000000000e-01 0.000000000000000e+00
2.500000000000000e-01 3.437500000000000e-01 0.000000000000000e+00
2.187500000000000e-01 3.437500000000000e-01 0.000000000000000e+00
2.500000000000000e-01 3.125000000000000e-01 0.000000000000000e+00
2.812500000000000e-01 3.125000000000000e-01 0.000000000000000e+00
2.812500000000000e-01 3.437500000000000e-01 0.000000000000000e+00
2.500000000000000e-01 3.437500000000000e-01 0.000000000000000e+00
2.812500000000000e-01 3.125000000000000e-01 0.000000000000000e+00
3.125000000000000e-01 3.125000000000000e-01 0.000000000000000e+00
3.125000000000000e-01 3.437500000000000e-01 0.000000000000000e+00
2.812500000000000e-01 3.437500000000000e-01 0.000000000000000e+00
3.125000000000000e-01 3.125000000000000e-01 0.000000000000000e+00
3.437500000000000e-01 3.125000000000000e-01 0.000000000000000e+00
3.437500000000000e-01 3.437500000000000e-01 0.000000000000000e+00
3.125000000000000e-01 3.437500000000000e-01 0.000000000000000e+00
3.437500000000000e-01 3.125000000000000e-01 0.000000000000000e+00
3.750000000000000e-01 3.125000000000000e-01 0.000000000000000e+00
3.750000000000000e-01 3.437500000000000e-01 0.000000000000000e+00
3.437500000000000e-01 3.437500000000000e-01 0.000000000000000e+00
3.750000000000000e-01 3.125000000000000e-01 0.000000000000000e+00
4.062500000000000e-01 3.125000000000000e-01 0.000000000000000e+00
4.062500000000000e-01 3.437500000000000e-01 0.000000000000000e+00
3.750000000000000e-01 3.437500000000000e-01 0.000000000000000e+00
4.062500000000000e-01 3.125000000000000e-01 0.000000000000000e+00
4.375000000000000e-01 3.125000000000000e-01 0.000000000000000e+00
4.375000000000000e-01 3.437500000000000e-01 0.000000000000000e+00
4.062500000000000e-01 3.437500000000000e-01 0.000000000000000e+00
4.375000000000000e-01 3.125000000000000e-01 0.000000000000000e+00
4.687500000000000e-01 3.125000000000000e-01 0.000000000000000e+00
4.687500000000000e-01 3.437500000000000e-01 0.000000000000000e+00
4.375000000000000e-01 3.437500000000000e-01 0.000000000000000e+00
4.687500000000000e-01 3.125000000000000e-01 0.000000000000000e+00
5.000000000000000e-01 3.125000000000000e-01 0.000000000000000e+00
5.000000000000000e-01 3.437500000000000e-01 0.000000000000000e+00
4.687500000000000e-01 3.437500000000000e-01 0.000000000000000e+00
5.000000000000000e-01 3.125000000000000e-01 0.000000000000000e+00
5.312500000000000e-01 3.125000000000000e-01 0.000000000000000e+00
5.312500000000000e-01 3.437500000000000e-01 0.000000000000000e+00
5.000000000000000e-01 3.437500000000000e-01 0.000000000000000e+00
5.312500000000000e-01 3.125000000000000e-01 0.000000000000000e+00
5.625000000000000e-01 3.125000000000000e-01 0.000000000000000e+00
5.625000000000000e-01 3.437500000000000e-01 0.000000000000000e+00
5.312500000000000e-01 3.437500000000000e-01 0.000000000000000e+00
5.625000000000000e-01 3.125000000000000e-01 0.000000000000000e+00
5.937500000000000e-01 3.125000000000000e-01 0.000000000000000e+00
5.937500000000000e-01 3.437500000000000e-01 0.000000000000000e+00
5.625000000000000e-01 3.437500000000000e-01 0.000000000000000e+00
5.937500000000000e-01 3.125000000000000e-01 0.000000000000000e+00
6.250000000000000e-01 3.125000000000000e-01 0.000000000000000e+00
6.250000000000000e-01 3.437500000000000e-01 0.000000000000000e+00
5.937500000000000e-01 3.437500000000000e-01 0.000000000000000e+00
6.250000000000000e-01 3.125000000000000e-01 0.000000000000000e+00
6.562500000000000e-01 3.125000000000000e-01 0.000000000000000e+00
6.562500000000000e-01 3.437500000000000e-01 0.000000000000000e+00
6.250000000000000e-01 3.437500000000000e-01 0.000000000000000e+00
6.562500000000000e-01 3.125000000000000e-01 0.000000000000000e+00
6.875000000000000e-01 3.125000000000000e-01 0.000000000000000e+00
6.875000000000000e-01 3.437500000000000e-01 0.000000000000000e+00
6.562500000000000e-01 3.437500000000000e-01 0.000000000000000e+00
6.875000000000000e-01 3.125000000000000e-01 0.000000000000000e+00
7.187500000000000e-01 3.125000000000000e-01 0.000000000000000e+00
7.187500000000000e-01 3.437500000000000e-01 0.000000000000000e+00
6.875000000000000e-01 3.437500000000000e-01 0.000000000000000e+00
7.187500000000000e-01 3.125000000000000e-01 0.000000000000000e+00
7.500000000000000e-01 3.125000000000000e-01 0.000000000000000e+00
7.500000000000000e-01 3.437500000000000e-01 0.000000000000000e+00
7.187500000000000e-01 3.437500000000000e-01 0.000000000000000e+00
7.500000000000000e-01 3.125000000000000e-01 0.000000000000000e+00
7.812500000000000e-01 3.125000000000000e-01 0.000000000000000e+00
7.812500000000000e-01 3.437500000000000e-01 0.000000000000000e+00
7.500000000000000e-01 3.437500000000000e-01 0.000000000000000e+00
7.812500000000000e-01 3.125000000000000e-01 0.000000000000000e+00
8.125000000000000e-01 3.125000000000000e-01 0.000000000000000e+00
8.125000000000000e-01 3.437500000000000e-01 0.000000000000000e+00
7.812500000000000e-01 3.437500000000000e-01 0.000000000000000e+00
8.125000000000000e-01 3.125000000000000e-01 0.000000000000000e+00
8.437500000000000e-01 3.125000000000000e-01 0.000000000000000e+00
8.437500000000000e-01 3.437500000000000e-01 0.000000000000000e+00
8.125000000000000e-01 3.437500000000000e-01 0.000000000000000e+00
8.437500000000000e-01 3.125000000000000e-01 0.000000000000000e+00
8.750000000000000e-01 3.125000000000000e-01 0.000000000000000e+00
8.750000000000000e-01 3.437500000000000e-01 0.000000000000000e+00
8.437500000000000e-01 3.437500000000000e-01 0.000000000000000e+00
8.750000000000000e-01 3.125000000000000e-01 0.000000000000000e+00
9.062500000000000e-01 3.125000000000000e-01 0.000000000000000e+00
9.062500000000000e-01 3.437500000000000e-01 0.000000000000000e+00
8.750000000000000e-01 3.437500000000000e-01 0.000000000000000e+00
9.062500000000000e-01 3.125000000000000e-01 0.000000000000000e+00
9.375000000000000e-01 3.125000000000000e-01 0.000000000000000e+00
9.375000000000000e-01 3.437500000000000e-01 0.000000000000000e+00
9.062500000000000e-01 3.437500000000000e-01 0.000000000000000e+00
9.375000000000000e-01 3.125000000000000e-01 0.000000000000000e+00
9.687500000000000e-01 3.125000000000000e-01 0.000000000000000e+00
9.687500000000000e-01 3.437500000000000e-01 0.000000000000000e+00
9.375000000000000e-01 3.437500000000000e-01 0.000000000000000e+00
9.687500000000000e-01 3.125000000000000e-01 0.000000000000000e+00
1.000000000000000e+00 3.125000000000000e-01 0.000000000000000e+00
1.000000000000000e+00 3.437500000000000e-01 0.000000000000000e+00
9.687500000000000e-01 3.437500000000000e-01 0.000000000000000e+00
0.000000000000000e+00 3.437500000000000e-01 0.000000000000000e+00
3.125000000000000e-02 3.437500000000000e-01 0.000000000000000e+00
3.125000000000000e-02 3.750000000000000e-01 0.000000000000000e+00
0.000000000000000e+00 3.750000000000000e-01 0.000000000000000e+00
3.125000000000000e-02 3.437500000000000e-01 0.000000000000000e+00
6.250000000000000e-02 3.437500000000000e-01 0.000000000000000e+00
6.250000000000000e-02 3.750000000000000e-01 0.000000000000000e+00
3.125000000000000e-02 3.750000000000000e-01 0.000000000000000e+00
6.250000000000000e-02 3.437500000000000e-01 0.000000000000000e+00
9.375000000000000e-02 3.437500000000000e-01 0.000000000000000e+00
9.375000000000000e-02 3.750000000000000e-01 0.000000000000000e+00
6.250000000000000e-02 3.750000000000000e-01 0.000000000000000e+00
9.375000000000000e-02 3.437500000000000e-01 0.000000000000000e+00
1.250000000000000e-01 3.437500000000000e-01 0.000000000000000e+00
1.250000000000000e-01 3.750000000000000e-01 0.000000000000000e+00
9.375000000000000e-02 3.750000000000000e-01 0.000000000000000e+00
1.250000000000000e-01 3.437500000000000e-01 0.000000000000000e+00
1.562500000000000e-01 3.437500000000000e-01 0.000000000000000e+00
1.562500000000000e-01 3.750000000000000e-01 0.000000000000000e+00
1.250000000000000e-01 3.750000000000000e-01 0.000000000000000e+00
1.562500000000000e-01 3.437500000000000e-01 0.000000000000000e+00
1.875000000000000e-01 3.437500000000000e-01 0.000000000000000e+00
1.875000000000000e-01 3.750000000000000e-01 0.000000000000000e+00
1.562500000000000e-01 3.750000000000000e-01 0.000000000000000e+00
1.875000000000000e-01 3.437500000000000e-01 0.000000000000000e+00
2.187500000000000e-01 3.437500000000000e-01 0.000000000000000e+00
2.187500000000000e-01 3.750000000000000e-01 0.000000000000000e+00
1.875000000000000e-01 3.750000000000000e-01 0.000000000000000e+00
2.187500000000000e-01 3.437500000000000e-01 0.000000000000000e+00
2.500000000000000e-01 3.437500000000000e-01 0.000000000000000e+00
2.500000000000000e-01 3.750000000000000e-01 0.000000000000000e+00
2.187500000000000e-01 3.750000000000000e-01 0.000000000000000e+00
2.500000000000000e-01 3.437500000000000e-01 0.000000000000000e+00
2.812500000000000e-01 3.437500000000000e-01 0.000000000000000e+00
2.812500000000000e-01 3.750000000000000e-01 0.000000000000000e+00
2.500000000000000e-01 3.750000000000000e-01 0.000000000000000e+00
2.812500000000000e-01 3.437500000000000e-01 0.000000000000000e+00
3.125000000000000e-01 3.437500000000000e-01 0.000000000000000e+00
3.125000000000000e-01 3.750000000000000e-01 0.000000000000000e+00
2.812500000000000e-01 3.750000000000000e-01 0.000000000000000e+00
3.125000000000000e-01 3.437500000000000e-01 0.000000000000000e+00
3.437500000000000e-01 3.437500000000000e-01 0.000000000000000e+00
3.437500000000000e-01 3.750000000000000e-01 0.000000000000000e+00
3.125000000000000e-01 3.750000000000000e-01 0.000000000000000e+00
3.437500000000000e-01 3.437500000000000e-01 0.000000000000000e+00
3.750000000000000e-01 3.437500000000000e-01 0.000000000000000e+00
3.750000000000000e-01 3.750000000000000e-01 0.000000000000000e+00
3.437500000000000e-01 3.750000000000000e-01 0.000000000000000e+00
3.750000000000000e-01 3.437500000000000e-01 0.000000000000000e+00
4.062500000000000e-01 3.437500000000000e-01 0.000000000000000e+00
4.062500000000000e-01 3.750000000000000e-01 0.000000000000000e+00
3.750000000000000e-01 3.750000000000000e-01 0.000000000000000e+00
4.062500000000000e-01 3.437500000000000e-01 0.000000000000000e+00
4.375000000000000e-01 3.437500000000000e-01 0.000000000000000e+00
4.375000000000000e-01 3.750000000000000e-01 0.000000000000000e+00
4.062500000000000e-01 3.750000000000000e-01 0.000000000000000e+00
4.375000000000000e-01 3.437500000000000e-01 0.000000000000000e+00
4.687500000000000e-01 3.437500000000000e-01 0.000000000000000e+00
4.687500000000000e-01 3.750000000000000e-01 0.000000000000000e+00
4.375000000000000e-01 3.750000000000000e-01 0.000000000000000e+00
4.687500000000000e-01 3.437500000000000e-01 0.000000000000000e+00
5.000000000000000e-01 3.437500000000000e-01 0.000000000000000e+00
5.000000000000000e-01 3.750000000000000e-01 0.000000000000000e+00
4.687500000000000e-01 3.750000000000000e-01 0.000000000000000e+00
5.000000000000000e-01 3.437500000000000e-01 0.000000000000000e+00
5.312500000000000e-01 3.437500000000000e-01 0.000000000000000e+00
5.312500000000000e-01 3.750000000000000e-01 0.000000000000000e+00
5.000000000000000e-01 3.750000000000000e-01 0.000000000000000e+00
5.312500000000000e-01 3.437500000000000e-01 0.000000000000000e+00
5.625000000000000e-01 3.437500000000000e-01 0.000000000000000e+00
5.625000000000000e-01 3.750000000000000e-01 0.000000000000000e+00
5.312500000000000e-01 3.750000000000000e-01 0.000000000000000e+00
5.625000000000000e-01 3.437500000000000e-01 0.000000000000000e+00
5.937500000000000e-01 3.437500000000000e-01 0.000000000000000e+00
5.937500000000000e-01 3.750000000000000e-01 0.000000000000000e+00
5.625000000000000e-01 3.750000000000000e-01 0.000000000000000e+00
5.937500000000000e-01 3.437500000000000e-01 0.000000000000000e+00
6.250000000000000e-01 3.437500000000000e-01 0.000000000000000e+00
6.250000000000000e-01 3.750000000000000e-01 0.000000000000000e+00
5.937500000000000e-01 3.750000000000000e-01 0.000000000000000e+00
6.250000000000000e-01 3.437500000000000e-01 0.000000000000000e+00
6.562500000000000e-01 3.437500000000000e-01 0.000000000000000e+00
6.562500000000000e-01 3.750000000000000e-01 0.000000000000000e+00
6.250000000000000e-01 3.750000000000000e-01 0.000000000000000e+00
6.562500000000000e-01 3.437500000000000e-01 0.000000000000000e+00
6.875000000000000e-01 3.437500000000000e-01 0.000000000000000e+00
6.875000000000000e-01 3.750000000000000e-01 0.000000000000000e+00
6.562500000000000e-01 3.750000000000000e-01 0.000000000000000e+00
6.875000000000000e-01 3.437500000000000e-01 0.000000000000000e+00
7.187500000000000e-01 3.437500000000000e-01 0.000000000000000e+00
7.187500000000000e-01 3.750000000000000e-01 0.000000000000000e+00
6.875000000000000e-01 3.750000000000000e-01 0.000000000000000e+00
7.187500000000000e-01 3.437500000000000e-01 0.000000000000000e+00
7.500000000000000e-01 3.437500000000000e-01 0.000000000000000e+00
7.500000000000000e-01 3.750000000000000e-01 0.000000000000000e+00
7.187500000000000e-01 3.750000000000000e-01 0.000000000000000e+00
7.500000000000000e-01 3.437500000000000e-01 0.000000000000000e+00
7.812500000000000e-01 3.437500000000000e-01 0.000000000000000e+00
7.812500000000000e-01 3.750000000000000e-01 0.000000000000000e+00
7.500000000000000e-01 3.750000000000000e-01 0.000000000000000e+00
7.812500000000000e-01 3.437500000000000e-01 0.000000000000000e+00
8.125000000000000e-01 3.437500000000000e-01 0.000000000000000e+00
8.125000000000000e-01 3.750000000000000e-01 0.000000000000000e+00
7.812500000000000e-01 3.750000000000000e-01 0.000000000000000e+00
8.125000000000000e-01 3.437500000000000e-01 0.000000000000000e+00
8.437500000000000e-01 3.437500000000000e-01 0.000000000000000e+00
8.437500000000000e-01 3.750000000000000e-01 0.000000000000000e+00
8.125000000000000e-01 3.750000000000000e-01 0.000000000000000e+00
8.437500000000000e-01 3.437500000000000e-01 0.000000000000000e+00
8.750000000000000e-01 3.437500000000000e-01 0.000000000000000e+00
8.750000000000000e-01 3.750000000000000e-01 0.000000000000000e+00
8.437500000000000e-01 3.750000000000000e-01 0.000000000000000e+00
8.750000000000000e-01 3.437500000000000e-01 0.000000000000000e+00
9.062500000000000e-01 3.437500000000000e-01 0.000000000000000e+00
9.062500000000000e-01 3.750000000000000e-01 0.000000000000000e+00
8.750000000000000e-01 3.750000000000000e-01 0.000000000000000e+00
9.062500000000000e-01 3.437500000000000e-01 0.000000000000000e+00
9.375000000000000e-01 3.437500000000000e-01 0.000000000000000e+00
9.375000000000000e-01 3.750000000000000e-01 0.000000000000000e+00
9.062500000000000e-01 3.750000000000000e-01 0.000000000000000e+00
9.375000000000000e-01 3.437500000000000e-01 0.000000000000000e+00
9.687500000000000e-01 3.437500000000000e-01 0.000000000000000e+00
9.687500000000000e-01 3.750000000000000e-01 0.000000000000000e+00
9.375000000000000e-01 3.750000000000000e-01 0.000000000000000e+00
9.687500000000000e-01 3.437500000000000e-01 0.000000000000000e+00
1.000000000000000e+00 3.437500000000000e-01 0.000000000000000e+00
1.000000000000000e+00 3.750000000000000e-01 0.000000000000000e+00
9.687500000000000e-01 3.750000000000000e-01 0.000000000000000e+00
0.000000000000000e+00 3.750000000000000e-01 0.000000000000000e+00
3.125000000000000e-02 3.750000000000000e-01 0.000000000000000e+00
3.125000000000000e-02 4.062500000000000e-01 0.000000000000000e+00
0.000000000000000e+00 4.062500000000000e-01 0.000000000000000e+00
3.125000000000000e-02 3.750000000000000e-01 0.000000000000000e+00
6.250000000000000e-02 3.750000000000000e-01 0.000000000000000e+00
6.250000000000000e-02 4.062500000000000e-01 0.000000000000000e+00
3.125000000000000e-02 4.062500000000000e-01 0.000000000000000e+00
6.250000000000000e-02 3.750000000000000e-01 0.000000000000000e+00
9.375000000000000e-02 3.750000000000000e-01 0.000000000000000e+00
9.375000000000000e-02 4.062500000000000e-01 0.000000000000000e+00
6.250000000000000e-02 4.062500000000000e-01 0.000000000000000e+00
9.375000000000000e-02 3.750000000000000e-01 0.000000000000000e+00
1.250000000000000e-01 3.750000000000000e-01 0.000000000000000e+00
1.250000000000000e-01 4.062500000000000e-01 0.000000000000000e+00
9.375000000000000e-02 4.062500000000000e-01 0.000000000000000e+00
1.250000000000000e-01 3.750000000000000e-01 0.000000000000000e+00
1.562500000000000e-01 3.750000000000000e-01 0.000000000000000e+00
1.562500000000000e-01 4.062500000000000e-01 0.000000000000000e+00
1.250000000000000e-01 4.062500000000000e-01 0.000000000000000e+00
1.562500000000000e-01 3.750000000000000e-01 0.000000000000000e+00
1.875000000000000e-01 3.750000000000000e-01 0.000000000000000e+00
1.875000000000000e-01 4.062500000000000e-01 0.000000000000000e+00
1.562500000000000e-01 4.062500000000000e-01 0.000000000000000e+00
1.875000000000000e-01 3.750000000000000e-01 0.000000000000000e+00
2.187500000000000e-01 3.750000000000000e-01 0.000000000000000e+00
2.187500000000000e-01 4.062500000000000e-01 0.000000000000000e+00
1.875000000000000e-01 4.062500000000000e-01 0.000000000000000e+00
2.187500000000000e-01 3.750000000000000e-01 0.000000000000000e+00
2.500000000000000e-01 3.750000000000000e-01 0.000000000000000e+00
2.500000000000000e-01 4.062500000000000e-01 0.000000000000000e+00
2.187500000000000e-01 4.062500000000000e-01 0.000000000000000e+00
2.500000000000000e-01 3.750000000000000e-01 0.000000000000000e+00
2.812500000000000e-01 3.750000000000000e-01 0.000000000000000e+00
2.812500000000000e-01 4.062500000000000e-01 0.000000000000000e+00
2.500000000000000e-01 4.062500000000000e-01 0.000000000000000e+00
2.812500000000000e-01 3.750000000000000e-01 0.000000000000000e+00
3.125000000000000e-01 3.750000000000000e-01 0.000000000000000e+00
3.125000000000000e-01 4.062500000000000e-01 0.000000000000000e+00
2.812500000000000e-01 4.062500000000000e-01 0.000000000000000e+00
3.125000000000000e-01 3.750000000000000e-01 0.000000000000000e+00
3.437500000000000e-01 3.750000000000000e-01 0.000000000000000e+00
3.437500000000000e-01 4.062500000000000e-01 0.000000000000000e+00
3.125000000000000e-01 4.062500000000000e-01 0.000000000000000e+00
3.437500000000000e-01 3.750000000000000e-01 0.000000000000000e+00
3.750000000000000e-01 3.750000000000000e-01 0.000000000000000e+00
3.750000000000000e-01 4.062500000000000e-01 0.000000000000000e+00
3.437500000000000e-01 4.062500000000000e-01 0.000000000000000e+00
3.750000000000000e-01 3.750000000000000e-01 0.000000000000000e+00
4.062500000000000e-01 3.750000000000000e-01 0.000000000000000e+00
4.062500000000000e-01 4.062500000000000e-01 0.000000000000000e+00
3.750000000000000e-01 4.062500000000000e-01 0.000000000000000e+00
4.062500000000000e-01 3.750000000000000e-01 0.000000000000000e+00
4.375000000000000e-01 3.750000000000000e-01 0.000000000000000e+00
4.375000000000000e-01 4.062500000000000e-01 0.000000000000000e+00
4.062500000000000e-01 4.062500000000000e-01 0.000000000000000e+00
4.375000000000000e-01 3.750000000000000e-01 0.000000000000000e+00
4.687500000000000e-01 3.750000000000000e-01 0.000000000000000e+00
4.687500000000000e-01 4.062500000000000e-01 0.000000000000000e+00
4.375000000000000e-01 4.062500000000000e-01 0.000000000000000e+00
4.687500000000000e-01 3.750000000000000e-01 0.000000000000000e+00
5.000000000000000e-01 3.750000000000000e-01 0.000000000000000e+00
5.000000000000000e-01 4.062500000000000e-01 0.000000000000000e+00
4.687500000000000e-01 4.062500000000000e-01 0.000000000000000e+00
5.000000000000000e-01 3.750000000000000e-01 0.000000000000000e+00
5.312500000000000e-01 3.750000000000000e-01 0.000000000000000e+00
5.312500000000000e-01 4.062500000000000e-01 0.000000000000000e+00
5.000000000000000e-01 4.062500000000000e-01 0.000000000000000e+00
5.312500000000000e-01 3.750000000000000e-01 0.000000000000000e+00
5.625000000000000e-01 3.750000000000000e-01 0.000000000000000e+00
5.625000000000000e-01 4.062500000000000e-01 0.000000000000000e+00
5.312500000000000e-01 4.062500000000000e-01 0.000000000000000e+00
5.625000000000000e-01 3.750000000000000e-01 0.000000000000000e+00
5.937500000000000e-01 3.750000000000000e-01 0.000000000000000e+00
5.937500000000000e-01 4.062500000000000e-01 0.000000000000000e+00
5.625000000000000e-01 4.062500000000000e-01 0.000000000000000e+00
5.937500000000000e-01 3.750000000000000e-01 0.000000000000000e+00
6.250000000000000e-01 3.750000000000000e-01 0.000000000000000e+00
6.250000000000000e-01 4.062500000000000e-01 0.000000000000000e+00
5.937500000000000e-01 4.062500000000000e-01 0.000000000000000e+00
6.250000000000000e-01 3.750000000000000e-01 0.000000000000000e+00
6.562500000000000e-01 3.750000000000000e-01 0.000000000000000e+00
6.562500000000000e-01 4.062500000000000e-01 0.000000000000000e+00
6.250000000000000e-01 4.062500000000000e-01 0.000000000000000e+00
6.562500000000000e-01 3.750000000000000e-01 0.000000000000000e+00
6.875000000000000e-01 3.750000000000000e-01 0.000000000000000e+00
6.875000000000000e-01 4.062500000000000e-01 0.000000000000000e+00
6.562500000000000e-01 4.062500000000000e-01 0.000000000000000e+00
6.875000000000000e-01 3.750000000000000e-01 0.000000000000000e+00
7.187500000000000e-01 3.750000000000000e-01 0.000000000000000e+00
7.187500000000000e-01 4.062500000000000e-01 0.000000000000000e+00
6.875000000000000e-01 4.062500000000000e-01 0.000000000000000e+00
7.187500000000000e-01 3.750000000000000e-01 0.000000000000000e+00
7.500000000000000e-01 3.750000000000000e-01 0.000000000000000e+00
7.500000000000000e-01 4.062500000000000e-01 0.000000000000000e+00
7.187500000000000e-01 4.062500000000000e-01 0.000000000000000e+00
7.500000000000000e-01 3.750000000000000e-01 0.000000000000000e+00
7.812500000000000e-01 3.750000000000000e-01 0.000000000000000e+00
7.812500000000000e-01 4.062500000000000e-01 0.000000000000000e+00
7.500000000000000e-01 4.062500000000000e-01 0.000000000000000e+00
7.812500000000000e-01 3.750000000000000e-01 0.000000000000000e+00
8.125000000000000e-01 3.750000000000000e-01 0.000000000000000e+00
8.125000000000000e-01 4.062500000000000e-01 0.000000000000000e+00
7.812500000000000e-01 4.062500000000000e-01 0.000000000000000e+00
8.125000000000000e-01 3.750000000000000e-01 0.000000000000000e+00
8.437500000000000e-01 3.750000000000000e-01 0.000000000000000e+00
8.437500000000000e-01 4.062500000000000e-01 0.000000000000000e+00
8.125000000000000e-01 4.062500000000000e-01 0.000000000000000e+00
8.437500000000000e-01 3.750000000000000e-01 0.000000000000000e+00
8.750000000000000e-01 3.750000000000000e-01 0.000000000000000e+00
8.750000000000000e-01 4.062500000000000e-01 0.000000000000000e+00
8.437500000000000e-01 4.062500000000000e-01 0.000000000000000e+00
8.750000000000000e-01 3.750000000000000e-01 0.000000000000000e+00
9.062500000000000e-01 3.750000000000000e-01 0.000000000000000e+00
9.062500000000000e-01 4.062500000000000e-01 0.000000000000000e+00
8.750000000000000e-01 4.062500000000000e-01 0.000000000000000e+00
9.062500000000000e-01 3.750000000000000e-01 0.000000000000000e+00
9.375000000000000e-01 3.750000000000000e-01 0.000000000000000e+00
9.375000000000000e-01 4.062500000000000e-01 0.000000000000000e+00
9.062500000000000e-01 4.062500000000000e-01 0.000000000000000e+00
9.375000000000000e-01 3.750000000000000e-01 0.000000000000000e+00
9.687500000000000e-01 3.750000000000000e-01 0.000000000000000e+00
9.687500000000000e-01 4.062500000000000e-01 0.000000000000000e+00
9.375000000000000e-01 4.062500000000000e-01 0.000000000000000e+00
9.687500000000000e-01 3.750000000000000e-01 0.000000000000000e+00
1.000000000000000e+00 3.750000000000000e-01 0.000000000000000e+00
1.000000000000000e+00 4.062500000000000e-01 0.000000000000000e+00
9.687500000000000e-01 4.062500000000000e-01 0.000000000000000e+00
0.000000000000000e+00 4.062500000000000e-01 0.000000000000000e+00
3.125000000000000e-02 4.062500000000000e-01 0.000000000000000e+00
3.125000000000000e-02 4.375000000000000e-01 0.000000000000000e+00
0.000000000000000e+00 4.375000000000000e-01 0.000000000000000e+00
3.125000000000000e-02 4.062500000000000e-01 0.000000000000000e+00
6.250000000000000e-02 4.062500000000000e-01 0.000000000000000e+00
6.250000000000000e-02 4.375000000000000e-01 0.000000000000000e+00
3.125000000000000e-02 4.375000000000000e-01 0.000000000000000e+00
6.250000000000000e-02 4.062500000000000e-01 0.000000000000000e+00
9.375000000000000e-02 4.062500000000000e-01 0.000000000000000e+00
9.375000000000000e-02 4.375000000000000e-01 0.000000000000000e+00
6.250000000000000e-02 4.375000000000000e-01 0.000000000000000e+00
9.375000000000000e-02 4.062500000000000e-01 0.000000000000000e+00
1.250000000000000e-01 4.062500000000000e-01 0.000000000000000e+00
1.250000000000000e-01 4.375000000000000e-01 0.000000000000000e+00
9.375000000000000e-02 4.375000000000000e-01 0.000000000000000e+00
1.250000000000000e-01 4.062500000000000e-01 0.000000000000000e+00
1.562500000000000e-01 4.062500000000000e-01 0.000000000000000e+00
1.562500000000000e-01 4.375000000000000e-01 0.000000000000000e+00
1.250000000000000e-01 4.375000000000000e-01 0.000000000000000e+00
1.562500000000000e-01 4.062500000000000e-01 0.000000000000000e+00
1.875000000000000e-01 4.062500000000000e-01 0.000000000000000e+00
1.875000000000000e-01 4.375000000000000e-01 0.000000000000000e+00
1.562500000000000e-01 4.375000000000000e-01 0.000000000000000e+00
1.875000000000000e-01 4.062500000000000e-01 0.000000000000000e+00
2.187500000000000e-01 4.062500000000000e-01 0.000000000000000e+00
2.187500000000000e-01 4.375000000000000e-01 0.000000000000000e+00
1.875000000000000e-01 4.375000000000000e-01 0.000000000000000e+00
2.187500000000000e-01 4.062500000000000e-01 0.000000000000000e+00
2.500000000000000e-01 4.062500000000000e-01 0.000000000000000e+00
2.500000000000000e-01 4.375000000000000e-01 0.000000000000000e+00
2.187500000000000e-01 4.375000000000000e-01 0.000000000000000e+00
2.500000000000000e-01 4.062500000000000e-01 0.000000000000000e+00
2.812500000000000e-01 4.062500000000000e-01 0.000000000000000e+00
2.812500000000000e-01 4.375000000000000e-01 0.000000000000000e+00
2.500000000000000e-01 4.375000000000000e-01 0.000000000000000e+00
2.812500000000000e-01 4.062500000000000e-01 0.000000000000000e+00
3.125000000000000e-01 4.062500000000000e-01 0.000000000000000e+00
3.125000000000000e-01 4.375000000000000e-01 0.000000000000000e+00
2.812500000000000e-01 4.375000000000000e-01 0.000000000000000e+00
3.125000000000000e-01 4.062500000000000e-01 0.000000000000000e+00
3.437500000000000e-01 4.062500000000000e-01 0.000000000000000e+00
3.437500000000000e-01 4.375000000000000e-01 0.000000000000000e+00
3.125000000000000e-01 4.375000000000000e-01 0.000000000000000e+00
3.437500000000000e-01 4.062500000000000e-01 0.000000000000000e+00
3.750000000000000e-01 4.062500000000000e-01 0.000000000000000e+00
3.750000000000000e-01 4.375000000000000e-01 0.000000000000000e+00
3.437500000000000e-01 4.375000000000000e-01 0.000000000000000e+00
3.750000000000000e-01 4.062500000000000e-01 0.000000000000000e+00
4.062500000000000e-01 4.062500000000000e-01 0.000000000000000e+00
4.062500000000000e-01 4.375000000000000e-01 0.000000000000000e+00
3.750000000000000e-01 4.375000000000000e-01 0.000000000000000e+00
4.062500000000000e-01 4.062500000000000e-01 0.000000000000000e+00
4.375000000000000e-01 4.062500000000000e-01 0.000000000000000e+00
4.375000000000000e-01 4.375000000000000e-01 0.000000000000000e+00
4.062500000000000e-01 4.375000000000000e-01 0.000000000000000e+00
4.375000000000000e-01 4.062500000000000e-01 0.000000000000000e+00
4.687500000000000e-01 4.062500000000000e-01 0.000000000000000e+00
4.687500000000000e-01 4.375000000000000e-01 0.000000000000000e+00
4.375000000000000e-01 4.375000000000000e-01 0.000000000000000e+00
4.687500000000000e-01 4.062500000000000e-01 0.000000000000000e+00
5.000000000000000e-01 4.062500000000000e-01 0.000000000000000e+00
5.000000000000000e-01 4.375000000000000e-01 0.000000000000000e+00
4.687500000000000e-01 4.375000000000000e-01 0.000000000000000e+00
5.000000000000000e-01 4.062500000000000e-01 0.000000000000000e+00
5.312500000000000e-01 4.062500000000000e-01 0.000000000000000e+00
5.312500000000000e-01 4.375000000000000e-01 0.000000000000000e+00
5.000000000000000e-01 4.375000000000000e-01 0.000000000000000e+00
5.312500000000000e-01 4.062500000000000e-01 0.000000000000000e+00
5.625000000000000e-01 4.062500000000000e-01 0.000000000000000e+00
5.625000000000000e-01 4.375000000000000e-01 0.000000000000000e+00
5.312500000000000e-01 4.375000000000000e-01 0.000000000000000e+00
5.625000000000000e-01 4.062500000000000e-01 0.000000000000000e+00
5.937500000000000e-01 4.062500000000000e-01 0.000000000000000e+00
5.937500000000000e-01 4.375000000000000e-01 0.000000000000000e+00
5.625000000000000e-01 4.375000000000000e-01 0.000000000000000e+00
5.937500000000000e-01 4.062500000000000e-01 0.000000000000000e+00
6.250000000000000e-01 4.062500000000000e-01 0.000000000000000e+00
6.250000000000000e-01 4.375000000000000e-01 0.000000000000000e+00
5.937500000000000e-01 4.375000000000000e-01 0.000000000000000e+00
6.250000000000000e-01 4.062500000000000e-01 0.000000000000000e+00
6.562500000000000e-01 4.062500000000000e-01 0.000000000000000e+00
6.562500000000000e-01 4.375000000000000e-01 0.000000000000000e+00
6.250000000000000e-01 4.375000000000000e-01 0.000000000000000e+00
6.562500000000000e-01 4.062500000000000e-01 0.000000000000000e+00
6.875000000000000e-01 4.062500000000000e-01 0.000000000000000e+00
6.875000000000000e-01 4.375000000000000e-01 0.000000000000000e+00
6.562500000000000e-01 4.375000000000000e-01 0.000000000000000e+00
6.875000000000000e-01 4.062500000000000e-01 0.000000000000000e+00
7.187500000000000e-01 4.062500000000000e-01 0.000000000000000e+00
7.187500000000000e-01 4.375000000000000e-01 0.000000000000000e+00
6.875000000000000e-01 4.375000000000000e-01 0.000000000000000e+00
7.187500000000000e-01 4.062500000000000e-01 0.000000000000000e+00
7.500000000000000e-01 4.062500000000000e-01 0.000000000000000e+00
7.500000000000000e-01 4.375000000000000e-01 0.000000000000000e+00
7.187500000000000e-01 4.375000000000000e-01 0.000000000000000e+00
7.500000000000000e-01 4.062500000000000e-01 0.000000000000000e+00
7.812500000000000e-01 4.062500000000000e-01 0.000000000000000e+00
7.812500000000000e-01 4.375000000000000e-01 0.000000000000000e+00
7.500000000000000e-01 4.375000000000000e-01 0.000000000000000e+00
7.812500000000000e-01 4.062500000000000e-01 0.000000000000000e+00
8.125000000000000e-01 4.062500000000000e-01 0.000000000000000e+00
8.125000000000000e-01 4.375000000000000e-01 0.000000000000000e+00
7.812500000000000e-01 4.375000000000000e-01 0.000000000000000e+00
8.125000000000000e-01 4.062500000000000e-01 0.000000000000000e+00
8.437500000000000e-01 4.062500000000000e-01 0.000000000000000e+00
8.437500000000000e-01 4.375000000000000e-01 0.000000000000000e+00
8.125000000000000e-01 4.375000000000000e-01 0.000000000000000e+00
8.437500000000000e-01 4.062500000000000e-01 0.000000000000000e+00
8.750000000000000e-01 4.062500000000000e-01 0.000000000000000e+00
8.750000000000000e-01 4.375000000000000e-01 0.000000000000000e+00
8.437500000000000e-01 4.375000000000000e-01 0.000000000000000e+00
8.750000000000000e-01 4.062500000000000e-01 0.000000000000000e+00
9.062500000000000e-01 4.062500000000000e-01 0.000000000000000e+00
9.062500000000000e-01 4.375000000000000e-01 0.000000000000000e+00
8.750000000000000e-01 4.375000000000000e-01 0.000000000000000e+00
9.062500000000000e-01 4.062500000000000e-01 0.000000000000000e+00
9.375000000000000e-01 4.062500000000000e-01 0.000000000000000e+00
9.375000000000000e-01 4.375000000000000e-01 0.000000000000000e+00
9.062500000000000e-01 4.375000000000000e-01 0.000000000000000e+00
9.375000000000000e-01 4.062500000000000e-01 0.000000000000000e+00
9.687500000000000e-01 4.062500000000000e-01 0.000000000000000e+00
9.687500000000000e-01 4.375000000000000e-01 0.000000000000000e+00
9.375000000000000e-01 4.375000000000000e-01 0.000000000000000e+00
9.687500000000000e-01 4.062500000000000e-01 0.000000000000000e+00
1.000000000000000e+00 4.062500000000000e-01 0.000000000000000e+00
1.000000000000000e+00 4.375000000000000e-01 0.000000000000000e+00
9.687500000000000e-01 4.375000000000000e-01 0.000000000000000e+00
0.000000000000000e+00 4.375000000000000e-01 0.000000000000000e+00
3.125000000000000e-02 4.375000000000000e-01 0.000000000000000e+00
3.125000000000000e-02 4.687500000000000e-01 0.000000000000000e+00
0.000000000000000e+00 4.687500000000000e-01 0.000000000000000e+00
3.125000000000000e-02 4.375000000000000e-01 0.000000000000000e+00
6.250000000000000e-02 4.375000000000000e-01 0.000000000000000e+00
6.250000000000000e-02 4.687500000000000e-01 0.000000000000000e+00
3.125000000000000e-02 4.687500000000000e-01 0.000000000000000e+00
6.250000000000000e-02 4.375000000000000e-01 0.000000000000000e+00
9.375000000000000e-02 4.375000000000000e-01 0.000000000000000e+00
9.375000000000000e-02 4.687500000000000e-01 0.000000000000000e+00
6.250000000000000e-02 4.687500000000000e-01 0.000000000000000e+00
9.375000000000000e-02 4.375000000000000e-01 0.000000000000000e+00
1.250000000000000e-01 4.375000000000000e-01 0.000000000000000e+00
1.250000000000000e-01 4.687500000000000e-01 0.000000000000000e+00
9.375000000000000e-02 4.687500000000000e-01 0.000000000000000e+00
1.250000000000000e-01 4.375000000000000e-01 0.000000000000000e+00
1.562500000000000e-01 4.375000000000000e-01 0.000000000000000e+00
1.562500000000000e-01 4.687500000000000e-01 0.000000000000000e+00
1.250000000000000e-01 4.687500000000000e-01 0.000000000000000e+00
1.562500000000000e-01 4.375000000000000e-01 0.000000000000000e+00
1.875000000000000e-01 4.375000000000000e-01 0.000000000000000e+00
1.875000000000000e-01 4.687500000000000e-01 0.000000000000000e+00
1.562500000000000e-01 4.687500000000000e-01 0.000000000000000e+00
1.875000000000000e-01 4.375000000000000e-01 0.000000000000000e+00
2.187500000000000e-01 4.375000000000000e-01 0.000000000000000e+00
2.187500000000000e-01 4.687500000000000e-01 0.000000000000000e+00
1.875000000000000e-01 4.687500000000000e-01 0.000000000000000e+00
2.187500000000000e-01 4.375000000000000e-01 0.000000000000000e+00
2.500000000000000e-01 4.375000000000000e-01 0.000000000000000e+00
2.500000000000000e-01 4.687500000000000e-01 0.000000000000000e+00
2.187500000000000e-01 4.687500000000000e-01 0.000000000000000e+00
2.500000000000000e-01 4.375000000000000e-01 0.000000000000000e+00
2.812500000000000e-01 4.375000000000000e-01 0.000000000000000e+00
2.812500000000000e-01 4.687500000000000e-01 0.000000000000000e+00
2.500000000000000e-01 4.687500000000000e-01 0.000000000000000e+00
2.812500000000000e-01 4.375000000000000e-01 0.000000000000000e+00
3.125000000000000e-01 4.375000000000000e-01 0.000000000000000e+00
3.125000000000000e-01 4.687500000000000e-01 0.000000000000000e+00
2.812500000000000e-01 4.687500000000000e-01 0.000000000000000e+00
3.125000000000000e-01 4.375000000000000e-01 0.000000000000000e+00
3.437500000000000e-01 4.375000000000000e-01 0.000000000000000e+00
3.437500000000000e-01 4.687500000000000e-01 0.000000000000000e+00
3.125000000000000e-01 4.687500000000000e-01 0.000000000000000e+00
3.437500000000000e-01 4.375000000000000e-01 0.000000000000000e+00
3.750000000000000e-01 4.375000000000000e-01 0.000000000000000e+00
3.750000000000000e-01 4.687500000000000e-01 0.000000000000000e+00
3.437500000000000e-01 4.687500000000000e-01 0.000000000000000e+00
3.750000000000000e-01 4.375000000000000e-01 0.000000000000000e+00
4.062500000000000e-01 4.375000000000000e-01 0.000000000000000e+00
4.062500000000000e-01 4.687500000000000e-01 0.000000000000000e+00
3.750000000000000e-01 4.687500000000000e-01 0.000000000000000e+00
4.062500000000000e-01 4.375000000000000e-01 0.000000000000000e+00
4.375000000000000e-01 4.375000000000000e-01 0.000000000000000e+00
4.375000000000000e-01 4.687500000000000e-01 0.000000000000000e+00
4.062500000000000e-01 4.687500000000000e-01 0.000000000000000e+00
4.375000000000000e-01 4.375000000000000e-01 0.000000000000000e+00
4.687500000000000e-01 4.375000000000000e-01 0.000000000000000e+00
4.687500000000000e-01 4.687500000000000e-01 0.000000000000000e+00
4.375000000000000e-01 4.687500000000000e-01 0.000000000000000e+00
4.687500000000000e-01 4.375000000000000e-01 0.000000000000000e+00
5.000000000000000e-01 4.375000000000000e-01 0.000000000000000e+00
5.000000000000000e-01 4.687500000000000e-01 0.000000000000000e+00
4.687500000000000e-01 4.687500000000000e-01 0.000000000000000e+00
5.000000000000000e-01 4.375000000000000e-01 0.000000000000000e+00
5.312500000000000e-01 4.375000000000000e-01 0.000000000000000e+00
5.312500000000000e-01 4.687500000000000e-01 0.000000000000000e+00
5.000000000000000e-01 4.687500000000000e-01 0.000000000000000e+00
5.312500000000000e-01 4.375000000000000e-01 0.000000000000000e+00
5.625000000000000e-01 4.375000000000000e-01 0.000000000000000e+00
5.625000000000000e-01 4.687500000000000e-01 0.000000000000000e+00
5.312500000000000e-01 4.687500000000000e-01 0.000000000000000e+00
5.625000000000000e-01 4.375000000000000e-01 0.000000000000000e+00
5.937500000000000e-01 4.375000000000000e-01 0.000000000000000e+00
5.937500000000000e-01 4.687500000000000e-01 0.000000000000000e+00
5.625000000000000e-01 4.687500000000000e-01 0.000000000000000e+00
5.937500000000000e-01 4.375000000000000e-01 0.000000000000000e+00
6.250000000000000e-01 4.375000000000000e-01 0.000000000000000e+00
6.250000000000000e-01 4.687500000000000e-01 0.000000000000000e+00
5.937500000000000e-01 4.687500000000000e-01 0.000000000000000e+00
6.250000000000000e-01 4.375000000000000e-01 0.000000000000000e+00
6.562500000000000e-01 4.375000000000000e-01 0.000000000000000e+00
6.562500000000000e-01 4.687500000000000e-01 0.000000000000000e+00
6.250000000000000e-01 4.687500000000000e-01 0.000000000000000e+00
6.562500000000000e-01 4.375000000000000e-01 0.000000000000000e+00
6.875000000000000e-01 4.375000000000000e-01 0.000000000000000e+00
6.875000000000000e-01 4.687500000000000e-01 0.000000000000000e+00
6.562500000000000e-01 4.687500000000000e-01 0.000000000000000e+00
6.875000000000000e-01 4.375000000000000e-01 0.000000000000000e+00
7.187500000000000e-01 4.375000000000000e-01 0.000000000000000e+00
7.187500000000000e-01 4.687500000000000e-01 0.000000000000000e+00
6.875000000000000e-01 4.687500000000000e-01 0.000000000000000e+00
7.187500000000000e-01 4.375000000000000e-01 0.000000000000000e+00
7.500000000000000e-01 4.375000000000000e-01 0.000000000000000e+00
7.500000000000000e-01 4.687500000000000e-01 0.000000000000000e+00
7.187500000000000e-01 4.687500000000000e-01 0.000000000000000e+00
7.500000000000000e-01 4.375000000000000e-01 0.000000000000000e+00
7.812500000000000e-01 4.375000000000000e-01 0.000000000000000e+00
7.812500000000000e-01 4.687500000000000e-01 0.000000000000000e+00
7.500000000000000e-01 4.687500000000000e-01 0.000000000000000e+00
7.812500000000000e-01 4.375000000000000e-01 0.000000000000000e+00
8.125000000000000e-01 4.375000000000000e-01 0.000000000000000e+00
8.125000000000000e-01 4.687500000000000e-01 0.000000000000000e+00
7.812500000000000e-01 4.687500000000000e-01 0.000000000000000e+00
8.125000000000000e-01 4.375000000000000e-01 0.000000000000000e+00
8.437500000000000e-01 4.375000000000000e-01 0.000000000000000e+00
8.437500000000000e-01 4.687500000000000e-01 0.000000000000000e+00
8.125000000000000e-01 4.687500000000000e-01 0.000000000000000e+00
8.437500000000000e-01 4.375000000000000e-01 0.000000000000000e+00
8.750000000000000e-01 4.375000000000000e-01 0.000000000000000e+00
8.750000000000000e-01 4.687500000000000e-01 0.000000000000000e+00
8.437500000000000e-01 4.687500000000000e-01 0.000000000000000e+00
8.750000000000000e-01 4.375000000000000e-01 0.000000000000000e+00
9.062500000000000e-01 4.375000000000000e-01 0.000000000000000e+00
9.062500000000000e-01 4.687500000000000e-01 0.000000000000000e+00
8.750000000000000e-01 4.687500000000000e-01 0.000000000000000e+00
9.062500000000000e-01 4.375000000000000e-01 0.000000000000000e+00
9.375000000000000e-01 4.375000000000000e-01 0.000000000000000e+00
9.375000000000000e-01 4.687500000000000e-01 0.000000000000000e+00
9.062500000000000e-01 4.687500000000000e-01 0.000000000000000e+00
9.375000000000000e-01 4.375000000000000e-01 0.000000000000000e+00
9.687500000000000e-01 4.375000000000000e-01 0.000000000000000e+00
9.687500000000000e-01 4.687500000000000e-01 0.000000000000000e+00
9.375000000000000e-01 4.687500000000000e-01 0.000000000000000e+00
9.687500000000000e-01 4.375000000000000e-01 0.000000000000000e+00
1.000000000000000e+00 4.375000000000000e-01 0.000000000000000e+00
1.000000000000000e+00 4.687500000000000e-01 0.000000000000000e+00
9.687500000000000e-01 4.687500000000000e-01 0.000000000000000e+00
0.000000000000000e+00 4.687500000000000e-01 0.000000000000000e+00
3.125000000000000e-02 4.687500000000000e-01 0.000000000000000e+00
3.125000000000000e-02 5.000000000000000e-01 0.000000000000000e+00
0.000000000000000e+00 5.000000000000000e-01 0.000000000000000e+00
3.125000000000000e-02 4.687500000000000e-01 0.000000000000000e+00
6.250000000000000e-02 4.687500000000000e-01 0.000000000000000e+00
6.250000000000000e-02 5.000000000000000e-01 0.000000000000000e+00
3.125000000000000e-02 5.000000000000000e-01 0.000000000000000e+00
6.250000000000000e-02 4.687500000000000e-01 0.000000000000000e+00
9.375000000000000e-02 4.687500000000000e-01 0.000000000000000e+00
9.375000000000000e-02 5.000000000000000e-01 0.000000000000000e+00
6.250000000000000e-02 5.000000000000000e-01 0.000000000000000e+00
9.375000000000000e-02 4.687500000000000e-01 0.000000000000000e+00
1.250000000000000e-01 4.687500000000000e-01 0.000000000000000e+00
1.250000000000000e-01 5.000000000000000e-01 0.000000000000000e+00
9.375000000000000e-02 5.000000000000000e-01 0.000000000000000e+00
1.250000000000000e-01 4.687500000000000e-01 0.000000000000000e+00
1.562500000000000e-01 4.687500000000000e-01 0.000000000000000e+00
1.562500000000000e-01 5.000000000000000e-01 0.000000000000000e+00
1.250000000000000e-01 5.000000000000000e-01 0.000000000000000e+00
1.562500000000000e-01 4.687500000000000e-01 0.000000000000000e+00
1.875000000000000e-01 4.687500000000000e-01 0.000000000000000e+00
1.875000000000000e-01 5.000000000000000e-01 0.000000000000000e+00
1.562500000000000e-01 5.000000000000000e-01 0.000000000000000e+00
1.875000000000000e-01 4.687500000000000e-01 0.000000000000000e+00
2.187500000000000e-01 4.687500000000000e-01 0.000000000000000e+00
2.187500000000000e-01 5.000000000000000e-01 0.000000000000000e+00
1.875000000000000e-01 5.000000000000000e-01 0.000000000000000e+00
2.187500000000000e-01 4.687500000000000e-01 0.000000000000000e+00
2.500000000000000e-01 4.687500000000000e-01 0.000000000000000e+00
2.500000000000000e-01 5.000000000000000e-01 0.000000000000000e+00
2.187500000000000e-01 5.000000000000000e-01 0.000000000000000e+00
2.500000000000000e-01 4.687500000000000e-01 0.000000000000000e+00
2.812500000000000e-01 4.687500000000000e-01 0.000000000000000e+00
2.812500000000000e-01 5.000000000000000e-01 0.000000000000000e+00
2.500000000000000e-01 5.000000000000000e-01 0.000000000000000e+00
2.812500000000000e-01 4.687500000000000e-01 0.000000000000000e+00
3.125000000000000e-01 4.687500000000000e-01 0.000000000000000e+00
3.125000000000000e-01 5.000000000000000e-01 0.000000000000000e+00
2.812500000000000e-01 5.000000000000000e-01 0.000000000000000e+00
3.125000000000000e-01 4.687500000000000e-01 0.000000000000000e+00
3.437500000000000e-01 4.687500000000000e-01 0.000000000000000e+00
3.437500000000000e-01 5.000000000000000e-01 0.000000000000000e+00
3.125000000000000e-01 5.000000000000000e-01 0.000000000000000e+00
3.437500000000000e-01 4.687500000000000e-01 0.000000000000000e+00
3.750000000000000e-01 4.687500000000000e-01 0.000000000000000e+00
3.750000000000000e-01 5.000000000000000e-01 0.000000000000000e+00
3.437500000000000e-01 5.000000000000000e-01 0.000000000000000e+00
3.750000000000000e-01 4.687500000000000e-01 0.000000000000000e+00
4.062500000000000e-01 4.687500000000000e-01 0.000000000000000e+00
4.062500000000000e-01 5.000000000000000e-01 0.000000000000000e+00
3.750000000000000e-01 5.000000000000000e-01 0.000000000000000e+00
4.062500000000000e-01 4.687500000000000e-01 0.000000000000000e+00
4.375000000000000e-01 4.687500000000000e-01 0.000000000000000e+00
4.375000000000000e-01 5.000000000000000e-01 0.000000000000000e+00
4.062500000000000e-01 5.000000000000000e-01 0.000000000000000e+00
4.375000000000000e-01 4.687500000000000e-01 0.000000000000000e+00
4.687500000000000e-01 4.687500000000000e-01 0.000000000000000e+00
4.687500000000000e-01 5.000000000000000e-01 0.000000000000000e+00
4.375000000000000e-01 5.000000000000000e-01 0.000000000000000e+00
4.687500000000000e-01 4.687500000000000e-01 0.000000000000000e+00
5.000000000000000e-01 4.687500000000000e-01 0.000000000000000e+00
5.000000000000000e-01 5.000000000000000e-01 0.000000000000000e+00
4.687500000000000e-01 5.000000000000000e-01 0.000000000000000e+00
5.000000000000000e-01 4.687500000000000e-01 0.000000000000000e+00
5.312500000000000e-01 4.687500000000000e-01 0.000000000000000e+00
5.312500000000000e-01 5.000000000000000e-01 0.000000000000000e+00
5.000000000000000e-01 5.000000000000000e-01 0.000000000000000e+00
5.312500000000000e-01 4.687500000000000e-01 0.000000000000000e+00
5.625000000000000e-01 4.687500000000000e-01 0.000000000000000e+00
5.625000000000000e-01 5.000000000000000e-01 0.000000000000000e+00
5.312500000000000e-01 5.000000000000000e-01 0.000000000000000e+00
5.625000000000000e-01 4.687500000000000e-01 0.000000000000000e+00
5.937500000000000e-01 4.687500000000000e-01 0.000000000000000e+00
5.937500000000000e-01 5.000000000000000e-01 0.000000000000000e+00
5.625000000000000e-01 5.000000000000000e-01 0.000000000000000e+00
5.937500000000000e-01 4.687500000000000e-01 0.000000000000000e+00
6.250000000000000e-01 4.687500000000000e-01 0.000000000000000e+00
6.250000000000000e-01 5.000000000000000e-01 0.000000000000000e+00
5.937500000000000e-01 5.000000000000000e-01 0.000000000000000e+00
6.250000000000000e-01 4.687500000000000e-01 0.000000000000000e+00
6.562500000000000e-01 4.687500000000000e-01 0.000000000000000e+00
6.562500000000000e-01 5.000000000000000e-01 0.000000000000000e+00
6.250000000000000e-01 5.000000000000000e-01 0.000000000000000e+00
6.562500000000000e-01 4.687500000000000e-01 0.000000000000000e+00
6.875000000000000e-01 4.687500000000000e-01 0.000000000000000e+00
6.875000000000000e-01 5.000000000000000e-01 0.000000000000000e+00
6.562500000000000e-01 5.000000000000000e-01 0.000000000000000e+00
6.875000000000000e-01 4.687500000000000e-01 0.000000000000000e+00
7.187500000000000e-01 4.687500000000000e-01 0.000000000000000e+00
7.187500000000000e-01 5.000000000000000e-01 0.000000000000000e+00
6.875000000000000e-01 5.000000000000000e-01 0.000000000000000e+00
7.187500000000000e-01 4.687500000000000e-01 0.000000000000000e+00
7.500000000000000e-01 4.687500000000000e-01 0.000000000000000e+00
7.500000000000000e-01 5.000000000000000e-01 0.000000000000000e+00
7.187500000000000e-01 5.000000000000000e-01 0.000000000000000e+00
7.500000000000000e-01 4.687500000000000e-01 0.000000000000000e+00
7.812500000000000e-01 4.687500000000000e-01 0.000000000000000e+00
7.812500000000000e-01 5.000000000000000e-01 0.000000000000000e+00
7.500000000000000e-01 5.000000000000000e-01 0.000000000000000e+00
7.812500000000000e-01 4.687500000000000e-01 0.000000000000000e+00
8.125000000000000e-01 4.687500000000000e-01 0.000000000000000e+00
8.125000000000000e-01 5.000000000000000e-01 0.000000000000000e+00
7.812500000000000e-01 5.000000000000000e-01 0.000000000000000e+00
8.125000000000000e-01 4.687500000000000e-01 0.000000000000000e+00
8.437500000000000e-01 4.687500000000000e-01 0.000000000000000e+00
8.437500000000000e-01 5.000000000000000e-01 0.000000000000000e+00
8.125000000000000e-01 5.000000000000000e-01 0.000000000000000e+00
8.437500000000000e-01 4.687500000000000e-01 0.000000000000000e+00
8.750000000000000e-01 4.687500000000000e-01 0.000000000000000e+00
8.750000000000000e-01 5.000000000000000e-01 0.000000000000000e+00
8.437500000000000e-01 5.000000000000000e-01 0.000000000000000e+00
8.750000000000000e-01 4.687500000000000e-01 0.000000000000000e+00
9.062500000000000e-01 4.687500000000000e-01 0.000000000000000e+00
9.062500000000000e-01 5.000000000000000e-01 0.000000000000000e+00
8.750000000000000e-01 5.000000000000000e-01 0.000000000000000e+00
9.062500000000000e-01 4.687500000000000e-01 0.000000000000000e+00
9.375000000000000e-01 4.687500000000000e-01 0.000000000000000e+00
9.375000000000000e-01 5.000000000000000e-01 0.000000000000000e+00
9.062500000000000e-01 5.000000000000000e-01 0.000000000000000e+00
9.375000000000000e-01 4.687500000000000e-01 0.000000000000000e+00
9.687500000000000e-01 4.687500000000000e-01 0.000000000000000e+00
9.687500000000000e-01 5.000000000000000e-01 0.000000000000000e+00
9.375000000000000e-01 5.000000000000000e-01 0.000000000000000e+00
9.687500000000000e-01 4.687500000000000e-01 0.000000000000000e+00
1.000000000000000e+00 4.687500000000000e-01 0.000000000000000e+00
1.000000000000000e+00 5.000000000000000e-01 0.000000000000000e+00
9.687500000000000e-01 5.000000000000000e-01 0.000000000000000e+00
0.000000000000000e+00 5.000000000000000e-01 0.000000000000000e+00
3.125000000000000e-02 5.000000000000000e-01 0.000000000000000e+00
3.125000000000000e-02 5.312500000000000e-01 0.000000000000000e+00
0.000000000000000e+00 5.312500000000000e-01 0.000000000000000e+00
3.125000000000000e-02 5.000000000000000e-01 0.000000000000000e+00
6.250000000000000e-02 5.000000000000000e-01 0.000000000000000e+00
6.250000000000000e-02 5.312500000000000e-01 0.000000000000000e+00
3.125000000000000e-02 5.312500000000000e-01 0.000000000000000e+00
6.250000000000000e-02 5.000000000000000e-01 0.000000000000000e+00
9.375000000000000e-02 5.000000000000000e-01 0.000000000000000e+00
9.375000000000000e-02 5.312500000000000e-01 0.000000000000000e+00
6.250000000000000e-02 5.312500000000000e-01 0.000000000000000e+00
9.375000000000000e-02 5.000000000000000e-01 0.000000000000000e+00
1.250000000000000e-01 5.000000000000000e-01 0.000000000000000e+00
1.250000000000000e-01 5.312500000000000e-01 0.000000000000000e+00
9.375000000000000e-02 5.312500000000000e-01 0.000000000000000e+00
1.250000000000000e-01 5.000000000000000e-01 0.000000000000000e+00
1.562500000000000e-01 5.000000000000000e-01 0.000000000000000e+00
1.562500000000000e-01 5.312500000000000e-01 0.000000000000000e+00
1.250000000000000e-01 5.312500000000000e-01 0.000000000000000e+00
1.562500000000000e-01 5.000000000000000e-01 0.000000000000000e+00
1.875000000000000e-01 5.000000000000000e-01 0.000000000000000e+00
1.875000000000000e-01 5.312500000000000e-01 0.000000000000000e+00
1.562500000000000e-01 5.312500000000000e-01 0.000000000000000e+00
1.875000000000000e-01 5.000000000000000e-01 0.000000000000000e+00
2.187500000000000e-01 5.000000000000000e-01 0.000000000000000e+00
2.187500000000000e-01 5.312500000000000e-01 0.000000000000000e+00
1.875000000000000e-01 5.312500000000000e-01 0.000000000000000e+00
2.187500000000000e-01 5.000000000000000e-01 0.000000000000000e+00
2.500000000000000e-01 5.000000000000000e-01 0.000000000000000e+00
2.500000000000000e-01 5.312500000000000e-01 0.000000000000000e+00
2.187500000000000e-01 5.312500000000000e-01 0.000000000000000e+00
2.500000000000000e-01 5.000000000000000e-01 0.000000000000000e+00
2.812500000000000e-01 5.000000000000000e-01 0.000000000000000e+00
2.812500000000000e-01 5.312500000000000e-01 0.000000000000000e+00
2.500000000000000e-01 5.312500000000000e-01 0.000000000000000e+00
2.812500000000000e-01 5.000000000000000e-01 0.000000000000000e+00
3.125000000000000e-01 5.000000000000000e-01 0.000000000000000e+00
3.125000000000000e-01 5.312500000000000e-01 0.000000000000000e+00
2.812500000000000e-01 5.312500000000000e-01 0.000000000000000e+00
3.125000000000000e-01 5.000000000000000e-01 0.000000000000000e+00
3.437500000000000e-01 5.000000000000000e-01 0.000000000000000e+00
3.437500000000000e-01 5.312500000000000e-01 0.000000000000000e+00
3.125000000000000e-01 5.312500000000000e-01 0.000000000000000e+00
3.437500000000000e-01 5.000000000000000e-01 0.000000000000000e+00
3.750000000000000e-01 5.000000000000000e-01 0.000000000000000e+00
3.750000000000000e-01 5.312500000000000e-01 0.000000000000000e+00
3.437500000000000e-01 5.312500000000000e-01 0.000000000000000e+00
3.750000000000000e-01 5.000000000000000e-01 0.000000000000000e+00
4.062500000000000e-01 5.000000000000000e-01 0.000000000000000e+00
4.062500000000000e-01 5.312500000000000e-01 0.000000000000000e+00
3.750000000000000e-01 5.312500000000000e-01 0.000000000000000e+00
4.062500000000000e-01 5.000000000000000e-01 0.000000000000000e+00
4.375000000000000e-01 5.000000000000000e-01 0.000000000000000e+00
4.375000000000000e-01 5.312500000000000e-01 0.000000000000000e+00
4.062500000000000e-01 5.312500000000000e-01 0.000000000000000e+00
4.375000000000000e-01 5.000000000000000e-01 0.000000000000000e+00
4.687500000000000e-01 5.000000000000000e-01 0.000000000000000e+00
4.687500000000000e-01 5.312500000000000e-01 0.000000000000000e+00
4.375000000000000e-01 5.312500000000000e-01 0.000000000000000e+00
4.687500000000000e-01 5.000000000000000e-01 0.000000000000000e+00
5.000000000000000e-01 5.000000000000000e-01 0.000000000000000e+00
5.000000000000000e-01 5.312500000000000e-01 0.000000000000000e+00
4.687500000000000e-01 5.312500000000000e-01 0.000000000000000e+00
5.000000000000000e-01 5.000000000000000e-01 0.000000000000000e+00
5.312500000000000e-01 5.000000000000000e-01 0.000000000000000e+00
5.312500000000000e-01 5.312500000000000e-01 0.000000000000000e+00
5.000000000000000e-01 5.312500000000000e-01 0.000000000000000e+00
5.312500000000000e-01 5.000000000000000e-01 0.000000000000000e+00
5.625000000000000e-01 5.000000000000000e-01 0.000000000000000e+00
5.625000000000000e-01 5.312500000000000e-01 0.000000000000000e+00
5.312500000000000e-01 5.312500000000000e-01 0.000000000000000e+00
5.625000000000000e-01 5.000000000000000e-01 0.000000000000000e+00
5.937500000000000e-01 5.000000000000000e-01 0.000000000000000e+00
5.937500000000000e-01 5.312500000000000e-01 0.000000000000000e+00
5.625000000000000e-01 5.312500000000000e-01 0.000000000000000e+00
5.937500000000000e-01 5.000000000000000e-01 0.000000000000000e+00
6.250000000000000e-01 5.000000000000000e-01 0.000000000000000e+00
6.250000000000000e-01 5.312500000000000e-01 0.000000000000000e+00
5.937500000000000e-01 5.312500000000000e-01 0.000000000000000e+00
6.250000000000000e-01 5.000000000000000e-01 0.000000000000000e+00
6.562500000000000e-01 5.000000000000000e-01 0.000000000000000e+00
6.562500000000000e-01 5.312500000000000e-01 0.000000000000000e+00
6.250000000000000e-01 5.312500000000000e-01 0.000000000000000e+00
6.562500000000000e-01 5.000000000000000e-01 0.000000000000000e+00
6.875000000000000e-01 5.000000000000000e-01 0.000000000000000e+00
6.875000000000000e-01 5.312500000000000e-01 0.000000000000000e+00
6.562500000000000e-01 5.312500000000000e-01 0.000000000000000e+00
6.875000000000000e-01 5.000000000000000e-01 0.000000000000000e+00
7.187500000000000e-01 5.000000000000000e-01 0.000000000000000e+00
7.187500000000000e-01 5.312500000000000e-01 0.000000000000000e+00
6.875000000000000e-01 5.312500000000000e-01 0.000000000000000e+00
7.187500000000000e-01 5.000000000000000e-01 0.000000000000000e+00
7.500000000000000e-01 5.000000000000000e-01 0.000000000000000e+00
7.500000000000000e-01 5.312500000000000e-01 0.000000000000000e+00
7.187500000000000e-01 5.312500000000000e-01 0.000000000000000e+00
7.500000000000000e-01 5.000000000000000e-01 0.000000000000000e+00
7.812500000000000e-01 5.000000000000000e-01 0.000000000000000e+00
7.812500000000000e-01 5.312500000000000e-01 0.000000000000000e+00
7.500000000000000e-01 5.312500000000000e-01 0.000000000000000e+00
7.812500000000000e-01 5.000000000000000e-01 0.000000000000000e+00
8.125000000000000e-01 5.000000000000000e-01 0.000000000000000e+00
8.125000000000000e-01 5.312500000000000e-01 0.000000000000000e+00
7.812500000000000e-01 5.312500000000000e-01 0.000000000000000e+00
8.125000000000000e-01 5.000000000000000e-01 0.000000000000000e+00
8.437500000000000e-01 5.000000000000000e-01 0.000000000000000e+00
8.437500000000000e-01 5.312500000000000e-01 0.000000000000000e+00
8.125000000000000e-01 5.312500000000000e-01 0.000000000000000e+00
8.437500000000000e-01 5.000000000000000e-01 0.000000000000000e+00
8.750000000000000e-01 5.000000000000000e-01 0.000000000000000e+00
8.750000000000000e-01 5.312500000000000e-01 0.000000000000000e+00
8.437500000000000e-01 5.312500000000000e-01 0.000000000000000e+00
8.750000000000000e-01 5.000000000000000e-01 0.000000000000000e+00
9.062500000000000e-01 5.000000000000000e-01 0.000000000000000e+00
9.062500000000000e-01 5.312500000000000e-01 0.000000000000000e+00
8.750000000000000e-01 5.312500000000000e-01 0.000000000000000e+00
9.062500000000000e-01 5.000000000000000e-01 0.000000000000000e+00
9.375000000000000e-01 5.000000000000000e-01 0.000000000000000e+00
9.375000000000000e-01 5.312500000000000e-01 0.000000000000000e+00
9.062500000000000e-01 5.312500000000000e-01 0.000000000000000e+00
9.375000000000000e-01 5.000000000000000e-01 0.000000000000000e+00
9.687500000000000e-01 5.000000000000000e-01 0.000000000000000e+00
9.687500000000000e-01 5.312500000000000e-01 0.000000000000000e+00
9.375000000000000e-01 5.312500000000000e-01 0.000000000000000e+00
9.687500000000000e-01 5.000000000000000e-01 0.000000000000000e+00
1.000000000000000e+00 5.000000000000000e-01 0.000000000000000e+00
1.000000000000000e+00 5.312500000000000e-01 0.000000000000000e+00
9.687500000000000e-01 5.312500000000000e-01 0.000000000000000e+00
0.000000000000000e+00 5.312500000000000e-01 0.000000000000000e+00
3.125000000000000e-02 5.312500000000000e-01 0.000000000000000e+00
3.125000000000000e-02 5.625000000000000e-01 0.000000000000000e+00
0.000000000000000e+00 5.625000000000000e-01 0.000000000000000e+00
3.125000000000000e-02 5.312500000000000e-01 0.000000000000000e+00
6.250000000000000e-02 5.312500000000000e-01 0.000000000000000e+00
6.250000000000000e-02 5.625000000000000e-01 0.000000000000000e+00
3.125000000000000e-02 5.625000000000000e-01 0.000000000000000e+00
6.250000000000000e-02 5.312500000000000e-01 0.000000000000000e+00
9.375000000000000e-02 5.312500000000000e-01 0.000000000000000e+00
9.375000000000000e-02 5.625000000000000e-01 0.000000000000000e+00
6.250000000000000e-02 5.625000000000000e-01 0.000000000000000e+00
9.375000000000000e-02 5.312500000000000e-01 0.000000000000000e+00
1.250000000000000e-01 5.312500000000000e-01 0.000000000000000e+00
1.250000000000000e-01 5.625000000000000e-01 0.000000000000000e+00
9.375000000000000e-02 5.625000000000000e-01 0.000000000000000e+00
1.250000000000000e-01 5.312500000000000e-01 0.000000000000000e+00
1.562500000000000e-01 5.312500000000000e-01 0.000000000000000e+00
1.562500000000000e-01 5.625000000000000e-01 0.000000000000000e+00
1.250000000000000e-01 5.625000000000000e-01 0.000000000000000e+00
1.562500000000000e-01 5.312500000000000e-01 0.000000000000000e+00
1.875000000000000e-01 5.312500000000000e-01 0.000000000000000e+00
1.875000000000000e-01 5.625000000000000e-01 0.000000000000000e+00
1.562500000000000e-01 5.625000000000000e-01 0.000000000000000e+00
1.875000000000000e-01 5.312500000000000e-01 0.000000000000000e+00
2.187500000000000e-01 5.312500000000000e-01 0.000000000000000e+00
2.187500000000000e-01 5.625000000000000e-01 0.000000000000000e+00
1.875000000000000e-01 5.625000000000000e-01 0.000000000000000e+00
2.187500000000000e-01 5.312500000000000e-01 0.000000000000000e+00
2.500000000000000e-01 5.312500000000000e-01 0.000000000000000e+00
2.500000000000000e-01 5.625000000000000e-01 0.000000000000000e+00
2.187500000000000e-01 5.625000000000000e-01 0.000000000000000e+00
2.500000000000000e-01 5.312500000000000e-01 0.000000000000000e+00
2.812500000000000e-01 5.312500000000000e-01 0.000000000000000e+00
2.812500000000000e-01 5.625000000000000e-01 0.000000000000000e+00
2.500000000000000e-01 5.625000000000000e-01 0.000000000000000e+00
2.812500000000000e-01 5.312500000000000e-01 0.000000000000000e+00
3.125000000000000e-01 5.312500000000000e-01 0.000000000000000e+00
3.125000000000000e-01 5.625000000000000e-01 0.000000000000000e+00
2.812500000000000e-01 5.625000000000000e-01 0.000000000000000e+00
3.125000000000000e-01 5.312500000000000e-01 0.000000000000000e+00
3.437500000000000e-01 5.312500000000000e-01 0.000000000000000e+00
3.437500000000000e-01 5.625000000000000e-01 0.000000000000000e+00
3.125000000000000e-01 5.625000000000000e-01 0.000000000000000e+00
3.437500000000000e-01 5.312500000000000e-01 0.000000000000000e+00
3.750000000000000e-01 5.312500000000000e-01 0.000000000000000e+00
3.750000000000000e-01 5.625000000000000e-01 0.000000000000000e+00
3.437500000000000e-01 5.625000000000000e-01 0.000000000000000e+00
3.750000000000000e-01 5.312500000000000e-01 0.000000000000000e+00
4.062500000000000e-01 5.312500000000000e-01 0.000000000000000e+00
4.062500000000000e-01 5.625000000000000e-01 0.000000000000000e+00
3.750000000000000e-01 5.625000000000000e-01 0.000000000000000e+00
4.062500000000000e-01 5.312500000000000e-01 0.000000000000000e+00
4.375000000000000e-01 5.312500000000000e-01 0.000000000000000e+00
4.375000000000000e-01 5.625000000000000e-01 0.000000000000000e+00
4.062500000000000e-01 5.625000000000000e-01 0.000000000000000e+00
4.375000000000000e-01 5.312500000000000e-01 0.000000000000000e+00
4.687500000000000e-01 5.312500000000000e-01 0.000000000000000e+00
4.687500000000000e-01 5.625000000000000e-01 0.000000000000000e+00
4.375000000000000e-01 5.625000000000000e-01 0.000000000000000e+00
4.687500000000000e-01 5.312500000000000e-01 0.000000000000000e+00
5.000000000000000e-01 5.312500000000000e-01 0.000000000000000e+00
5.000000000000000e-01 5.625000000000000e-01 0.000000000000000e+00
4.687500000000000e-01 5.625000000000000e-01 0.000000000000000e+00
5.000000000000000e-01 5.312500000000000e-01 0.000000000000000e+00
5.312500000000000e-01 5.312500000000000e-01 0.000000000000000e+00
5.312500000000000e-01 5.625000000000000e-01 0.000000000000000e+00
5.000000000000000e-01 5.625000000000000e-01 0.000000000000000e+00
5.312500000000000e-01 5.312500000000000e-01 0.000000000000000e+00
5.625000000000000e-01 5.312500000000000e-01 0.000000000000000e+00
5.625000000000000e-01 5.625000000000000e-01 0.000000000000000e+00
5.312500000000000e-01 5.625000000000000e-01 0.000000000000000e+00
5.625000000000000e-01 5.312500000000000e-01 0.000000000000000e+00
5.937500000000000e-01 5.312500000000000e-01 0.000000000000000e+00
5.937500000000000e-01 5.625000000000000e-01 0.000000000000000e+00
5.625000000000000e-01 5.625000000000000e-01 0.000000000000000e+00
5.937500000000000e-01 5.312500000000000e-01 0.000000000000000e+00
6.250000000000000e-01 5.312500000000000e-01 0.000000000000000e+00
6.250000000000000e-01 5.625000000000000e-01 0.000000000000000e+00
5.937500000000000e-01 5.625000000000000e-01 0.000000000000000e+00
6.250000000000000e-01 5.312500000000000e-01 0.000000000000000e+00
6.562500000000000e-01 5.312500000000000e-01 0.000000000000000e+00
6.562500000000000e-01 5.625000000000000e-01 0.000000000000000e+00
6.250000000000000e-01 5.625000000000000e-01 0.000000000000000e+00
6.562500000000000e-01 5.312500000000000e-01 0.000000000000000e+00
6.875000000000000e-01 5.312500000000000e-01 0.000000000000000e+00
6.875000000000000e-01 5.625000000000000e-01 0.000000000000000e+00
6.562500000000000e-01 5.625000000000000e-01 0.000000000000000e+00
6.875000000000000e-01 5.312500000000000e-01 0.000000000000000e+00
7.187500000000000e-01 5.312500000000000e-01 0.000000000000000e+00
7.187500000000000e-01 5.625000000000000e-01 0.000000000000000e+00
6.875000000000000e-01 5.625000000000000e-01 0.000000000000000e+00
7.187500000000000e-01 5.312500000000000e-01 0.000000000000000e+00
7.500000000000000e-01 5.312500000000000e-01 0.000000000000000e+00
7.500000000000000e-01 5.625000000000000e-01 0.000000000000000e+00
7.187500000000000e-01 5.625000000000000e-01 0.000000000000000e+00
7.500000000000000e-01 5.312500000000000e-01 0.000000000000000e+00
7.812500000000000e-01 5.312500000000000e-01 0.000000000000000e+00
7.812500000000000e-01 5.625000000000000e-01 0.000000000000000e+00
7.500000000000000e-01 5.625000000000000e-01 0.000000000000000e+00
7.812500000000000e-01 5.312500000000000e-01 0.000000000000000e+00
8.125000000000000e-01 5.312500000000000e-01 0.000000000000000e+00
8.125000000000000e-01 5.625000000000000e-01 0.000000000000000e+00
7.812500000000000e-01 5.625000000000000e-01 0.000000000000000e+00
8.125000000000000e-01 5.312500000000000e-01 0.000000000000000e+00
8.437500000000000e-01 5.312500000000000e-01 0.000000000000000e+00
8.437500000000000e-01 5.625000000000000e-01 0.000000000000000e+00
8.125000000000000e-01 5.625000000000000e-01 0.000000000000000e+00
8.437500000000000e-01 5.312500000000000e-01 0.000000000000000e+00
8.750000000000000e-01 5.312500000000000e-01 0.000000000000000e+00
8.750000000000000e-01 5.625000000000000e-01 0.000000000000000e+00
8.437500000000000e-01 5.625000000000000e-01 0.000000000000000e+00
8.750000000000000e-01 5.312500000000000e-01 0.000000000000000e+00
9.062500000000000e-01 5.312500000000000e-01 0.000000000000000e+00
9.062500000000000e-01 5.625000000000000e-01 0.000000000000000e+00
8.750000000000000e-01 5.625000000000000e-01 0.000000000000000e+00
9.062500000000000e-01 5.312500000000000e-01 0.000000000000000e+00
9.375000000000000e-01 5.312500000000000e-01 0.000000000000000e+00
9.375000000000000e-01 5.625000000000000e-01 0.000000000000000e+00
9.062500000000000e-01 5.625000000000000e-01 0.000000000000000e+00
9.375000000000000e-01 5.312500000000000e-01 0.000000000000000e+00
9.687500000000000e-01 5.312500000000000e-01 0.000000000000000e+00
9.687500000000000e-01 5.625000000000000e-01 0.000000000000000e+00
9.375000000000000e-01 5.625000000000000e-01 0.000000000000000e+00
9.687500000000000e-01 5.312500000000000e-01 0.000000000000000e+00
1.000000000000000e+00 5.312500000000000e-01 0.000000000000000e+00
1.000000000000000e+00 5.625000000000000e-01 0.000000000000000e+00
9.687500000000000e-01 5.625000000000000e-01 0.000000000000000e+00
0.000000000000000e+00 5.625000000000000e-01 0.000000000000000e+00
3.125000000000000e-02 5.625000000000000e-01 0.000000000000000e+00
3.125000000000000e-02 5.937500000000000e-01 0.000000000000000e+00
0.000000000000000e+00 5.937500000000000e-01 0.000000000000000e+00
3.125000000000000e-02 5.625000000000000e-01 0.000000000000000e+00
6.250000000000000e-02 5.625000000000000e-01 0.000000000000000e+00
6.250000000000000e-02 5.937500000000000e-01 0.000000000000000e+00
3.125000000000000e-02 5.937500000000000e-01 0.000000000000000e+00
6.250000000000000e-02 5.625000000000000e-01 0.000000000000000e+00
9.375000000000000e-02 5.625000000000000e-01 0.000000000000000e+00
9.375000000000000e-02 5.937500000000000e-01 0.000000000000000e+00
6.250000000000000e-02 5.937500000000000e-01 0.000000000000000e+00
9.375000000000000e-02 5.625000000000000e-01 0.000000000000000e+00
1.250000000000000e-01 5.625000000000000e-01 0.000000000000000e+00
1.250000000000000e-01 5.937500000000000e-01 0.000000000000000e+00
9.375000000000000e-02 5.937500000000000e-01 0.000000000000000e+00
1.250000000000000e-01 5.625000000000000e-01 0.000000000000000e+00
1.562500000000000e-01 5.625000000000000e-01 0.000000000000000e+00
1.562500000000000e-01 5.937500000000000e-01 0.000000000000000e+00
1.250000000000000e-01 5.937500000000000e-01 0.000000000000000e+00
1.562500000000000e-01 5.625000000000000e-01 0.000000000000000e+00
1.875000000000000e-01 5.625000000000000e-01 0.000000000000000e+00
1.875000000000000e-01 5.937500000000000e-01 0.000000000000000e+00
1.562500000000000e-01 5.937500000000000e-01 0.000000000000000e+00
1.875000000000000e-01 5.625000000000000e-01 0.000000000000000e+00
2.187500000000000e-01 5.625000000000000e-01 0.000000000000000e+00
2.187500000000000e-01 5.937500000000000e-01 0.000000000000000e+00
1.875000000000000e-01 5.937500000000000e-01 0.000000000000000e+00
2.187500000000000e-01 5.625000000000000e-01 0.000000000000000e+00
2.500000000000000e-01 5.625000000000000e-01 0.000000000000000e+00
2.500000000000000e-01 5.937500000000000e-01 0.000000000000000e+00
2.187500000000000e-01 5.937500000000000e-01 0.000000000000000e+00
2.500000000000000e-01 5.625000000000000e-01 0.000000000000000e+00
2.812500000000000e-01 5.625000000000000e-01 0.000000000000000e+00
2.812500000000000e-01 5.937500000000000e-01 0.000000000000000e+00
2.500000000000000e-01 5.937500000000000e-01 0.000000000000000e+00
2.812500000000000e-01 5.625000000000000e-01 0.000000000000000e+00
3.125000000000000e-01 5.625000000000000e-01 0.000000000000000e+00
3.125000000000000e-01 5.937500000000000e-01 0.000000000000000e+00
2.812500000000000e-01 5.937500000000000e-01 0.000000000000000e+00
3.125000000000000e-01 5.625000000000000e-01 0.000000000000000e+00
3.437500000000000e-01 5.625000000000000e-01 0.000000000000000e+00
3.437500000000000e-01 5.937500000000000e-01 0.000000000000000e+00
3.125000000000000e-01 5.937500000000000e-01 0.000000000000000e+00
3.437500000000000e-01 5.625000000000000e-01 0.000000000000000e+00
3.750000000000000e-01 5.625000000000000e-01 0.000000000000000e+00
3.750000000000000e-01 5.937500000000000e-01 0.000000000000000e+00
3.437500000000000e-01 5.937500000000000e-01 0.000000000000000e+00
3.750000000000000e-01 5.625000000000000e-01 0.000000000000000e+00
4.062500000000000e-01 5.625000000000000e-01 0.000000000000000e+00
4.062500000000000e-01 5.937500000000000e-01 0.000000000000000e+00
3.750000000000000e-01 5.937500000000000e-01 0.000000000000000e+00
4.062500000000000e-01 5.625000000000000e-01 0.000000000000000e+00
4.375000000000000e-01 5.625000000000000e-01 0.000000000000000e+00
4.375000000000000e-01 5.937500000000000e-01 0.000000000000000e+00
4.062500000000000e-01 5.937500000000000e-01 0.000000000000000e+00
4.375000000000000e-01 5.625000000000000e-01 0.000000000000000e+00
4.687500000000000e-01 5.625000000000000e-01 0.000000000000000e+00
4.687500000000000e-01 5.937500000000000e-01 0.000000000000000e+00
4.375000000000000e-01 5.937500000000000e-01 0.000000000000000e+00
4.687500000000000e-01 5.625000000000000e-01 0.000000000000000e+00
5.000000000000000e-01 5.625000000000000e-01 0.000000000000000e+00
5.000000000000000e-01 5.937500000000000e-01 0.000000000000000e+00
4.687500000000000e-01 5.937500000000000e-01 0.000000000000000e+00
5.000000000000000e-01 5.625000000000000e-01 0.000000000000000e+00
5.312500000000000e-01 5.625000000000000e-01 0.000000000000000e+00
5.312500000000000e-01 5.937500000000000e-01 0.000000000000000e+00
5.000000000000000e-01 5.937500000000000e-01 0.000000000000000e+00
5.312500000000000e-01 5.625000000000000e-01 0.000000000000000e+00
5.625000000000000e-01 5.625000000000000e-01 0.000000000000000e+00
5.625000000000000e-01 5.937500000000000e-01 0.000000000000000e+00
5.312500000000000e-01 5.937500000000000e-01 0.000000000000000e+00
5.625000000000000e-01 5.625000000000000e-01 0.000000000000000e+00
5.937500000000000e-01 5.625000000000000e-01 0.000000000000000e+00
5.937500000000000e-01 5.937500000000000e-01 0.000000000000000e+00
5.625000000000000e-01 5.937500000000000e-01 0.000000000000000e+00
5.937500000000000e-01 5.625000000000000e-01 0.000000000000000e+00
6.250000000000000e-01 5.625000000000000e-01 0.000000000000000e+00
6.250000000000000e-01 5.937500000000000e-01 0.000000000000000e+00
5.937500000000000e-01 5.937500000000000e-01 0.000000000000000e+00
6.250000000000000e-01 5.625000000000000e-01 0.000000000000000e+00
6.562500000000000e-01 5.625000000000000e-01 0.000000000000000e+00
6.562500000000000e-01 5.937500000000000e-01 0.000000000000000e+00
6.250000000000000e-01 5.937500000000000e-01 0.000000000000000e+00
6.562500000000000e-01 5.625000000000000e-01 0.000000000000000e+00
6.875000000000000e-01 5.625000000000000e-01 0.000000000000000e+00
6.875000000000000e-01 5.937500000000000e-01 0.000000000000000e+00
6.562500000000000e-01 5.937500000000000e-01 0.000000000000000e+00
6.875000000000000e-01 5.625000000000000e-01 0.000000000000000e+00
7.187500000000000e-01 5.625000000000000e-01 0.000000000000000e+00
7.187500000000000e-01 5.937500000000000e-01 0.000000000000000e+00
6.875000000000000e-01 5.937500000000000e-01 0.000000000000000e+00
7.187500000000000e-01 5.625000000000000e-01 0.000000000000000e+00
7.500000000000000e-01 5.625000000000000e-01 0.000000000000000e+00
7.500000000000000e-01 5.937500000000000e-01 0.000000000000000e+00
7.187500000000000e-01 5.937500000000000e-01 0.000000000000000e+00
7.500000000000000e-01 5.625000000000000e-01 0.000000000000000e+00
7.812500000000000e-01 5.625000000000000e-01 0.000000000000000e+00
7.812500000000000e-01 5.937500000000000e-01 0.000000000000000e+00
7.500000000000000e-01 5.937500000000000e-01 0.000000000000000e+00
7.812500000000000e-01 5.625000000000000e-01 0.000000000000000e+00
8.125000000000000e-01 5.625000000000000e-01 0.000000000000000e+00
8.125000000000000e-01 5.937500000000000e-01 0.000000000000000e+00
7.812500000000000e-01 5.937500000000000e-01 0.000000000000000e+00
8.125000000000000e-01 5.625000000000000e-01 0.000000000000000e+00
8.437500000000000e-01 5.625000000000000e-01 0.000000000000000e+00
8.437500000000000e-01 5.937500000000000e-01 0.000000000000000e+00
8.125000000000000e-01 5.937500000000000e-01 0.000000000000000e+00
8.437500000000000e-01 5.625000000000000e-01 0.000000000000000e+00
8.750000000000000e-01 5.625000000000000e-01 0.000000000000000e+00
8.750000000000000e-01 5.937500000000000e-01 0.000000000000000e+00
8.437500000000000e-01 5.937500000000000e-01 0.000000000000000e+00
8.750000000000000e-01 5.625000000000000e-01 0.000000000000000e+00
9.062500000000000e-01 5.625000000000000e-01 0.000000000000000e+00
9.062500000000000e-01 5.937500000000000e-01 0.000000000000000e+00
8.750000000000000e-01 5.937500000000000e-01 0.000000000000000e+00
9.062500000000000e-01 5.625000000000000e-01 0.000000000000000e+00
9.375000000000000e-01 5.625000000000000e-01 0.000000000000000e+00
9.375000000000000e-01 5.937500000000000e-01 0.000000000000000e+00
9.062500000000000e-01 5.937500000000000e-01 0.000000000000000e+00
9.375000000000000e-01 5.625000000000000e-01 0.000000000000000e+00
9.687500000000000e-01 5.625000000000000e-01 0.000000000000000e+00
9.687500000000000e-01 5.937500000000000e-01 0.000000000000000e+00
9.375000000000000e-01 5.937500000000000e-01 0.000000000000000e+00
9.687500000000000e-01 5.625000000000000e-01 0.000000000000000e+00
1.000000000000000e+00 5.625000000000000e-01 0.000000000000000e+00
1.000000000000000e+00 5.937500000000000e-01 0.000000000000000e+00
9.687500000000000e-01 5.937500000000000e-01 0.000000000000000e+00
0.000000000000000e+00 5.937500000000000e-01 0.000000000000000e+00
3.125000000000000e-02 5.937500000000000e-01 0.000000000000000e+00
3.125000000000000e-02 6.250000000000000e-01 0.000000000000000e+00
0.000000000000000e+00 6.250000000000000e-01 0.000000000000000e+00
3.125000000000000e-02 5.937500000000000e-01 0.000000000000000e+00
6.250000000000000e-02 5.937500000000000e-01 0.000000000000000e+00
6.250000000000000e-02 6.250000000000000e-01 0.000000000000000e+00
3.125000000000000e-02 6.250000000000000e-01 0.000000000000000e+00
6.250000000000000e-02 5.937500000000000e-01 0.000000000000000e+00
9.375000000000000e-02 5.937500000000000e-01 0.000000000000000e+00
9.375000000000000e-02 6.250000000000000e-01 0.000000000000000e+00
6.250000000000000e-02 6.250000000000000e-01 0.000000000000000e+00
9.375000000000000e-02 5.937500000000000e-01 0.000000000000000e+00
1.250000000000000e-01 5.937500000000000e-01 0.000000000000000e+00
1.250000000000000e-01 6.250000000000000e-01 0.000000000000000e+00
9.375000000000000e-02 6.250000000000000e-01 0.000000000000000e+00
1.250000000000000e-01 5.937500000000000e-01 0.000000000000000e+00
1.562500000000000e-01 5.937500000000000e-01 0.000000000000000e+00
1.562500000000000e-01 6.250000000000000e-01 0.000000000000000e+00
1.250000000000000e-01 6.250000000000000e-01 0.000000000000000e+00
1.562500000000000e-01 5.937500000000000e-01 0.000000000000000e+00
1.875000000000000e-01 5.937500000000000e-01 0.000000000000000e+00
1.875000000000000e-01 6.250000000000000e-01 0.000000000000000e+00
1.562500000000000e-01 6.250000000000000e-01 0.000000000000000e+00
1.875000000000000e-01 5.937500000000000e-01 0.000000000000000e+00
2.187500000000000e-01 5.937500000000000e-01 0.000000000000000e+00
2.187500000000000e-01 6.250000000000000e-01 0.000000000000000e+00
1.875000000000000e-01 6.250000000000000e-01 0.000000000000000e+00
2.187500000000000e-01 5.937500000000000e-01 0.000000000000000e+00
2.500000000000000e-01 5.937500000000000e-01 0.000000000000000e+00
2.500000000000000e-01 6.250000000000000e-01 0.000000000000000e+00
2.187500000000000e-01 6.250000000000000e-01 0.000000000000000e+00
2.500000000000000e-01 5.937500000000000e-01 0.000000000000000e+00
2.812500000000000e-01 5.937500000000000e-01 0.000000000000000e+00
2.812500000000000e-01 6.250000000000000e-01 0.000000000000000e+00
2.500000000000000e-01 6.250000000000000e-01 0.000000000000000e+00
2.812500000000000e-01 5.937500000000000e-01 0.000000000000000e+00
3.125000000000000e-01 5.937500000000000e-01 0.000000000000000e+00
3.125000000000000e-01 6.250000000000000e-01 0.000000000000000e+00
2.812500000000000e-01 6.250000000000000e-01 0.000000000000000e+00
3.125000000000000e-01 5.937500000000000e-01 0.000000000000000e+00
3.437500000000000e-01 5.937500000000000e-01 0.000000000000000e+00
3.437500000000000e-01 6.250000000000000e-01 0.000000000000000e+00
3.125000000000000e-01 6.250000000000000e-01 0.000000000000000e+00
3.437500000000000e-01 5.937500000000000e-01 0.000000000000000e+00
3.750000000000000e-01 5.937500000000000e-01 0.000000000000000e+00
3.750000000000000e-01 6.250000000000000e-01 0.000000000000000e+00
3.437500000000000e-01 6.250000000000000e-01 0.000000000000000e+00
3.750000000000000e-01 5.937500000000000e-01 0.000000000000000e+00
4.062500000000000e-01 5.937500000000000e-01 0.000000000000000e+00
4.062500000000000e-01 6.250000000000000e-01 0.000000000000000e+00
3.750000000000000e-01 6.250000000000000e-01 0.000000000000000e+00
4.062500000000000e-01 5.937500000000000e-01 0.000000000000000e+00
4.375000000000000e-01 5.937500000000000e-01 0.000000000000000e+00
4.375000000000000e-01 6.250000000000000e-01 0.000000000000000e+00
4.062500000000000e-01 6.250000000000000e-01 0.000000000000000e+00
4.375000000000000e-01 5.937500000000000e-01 0.000000000000000e+00
4.687500000000000e-01 5.937500000000000e-01 0.000000000000000e+00
4.687500000000000e-01 6.250000000000000e-01 0.000000000000000e+00
4.375000000000000e-01 6.250000000000000e-01 0.000000000000000e+00
4.687500000000000e-01 5.937500000000000e-01 0.000000000000000e+00
5.000000000000000e-01 5.937500000000000e-01 0.000000000000000e+00
5.000000000000000e-01 6.250000000000000e-01 0.000000000000000e+00
4.687500000000000e-01 6.250000000000000e-01 0.000000000000000e+00
5.000000000000000e-01 5.937500000000000e-01 0.000000000000000e+00
5.312500000000000e-01 5.937500000000000e-01 0.000000000000000e+00
5.312500000000000e-01 6.250000000000000e-01 0.000000000000000e+00
5.000000000000000e-01 6.250000000000000e-01 0.000000000000000e+00
5.312500000000000e-01 5.937500000000000e-01 0.000000000000000e+00
5.625000000000000e-01 5.937500000000000e-01 0.000000000000000e+00
5.625000000000000e-01 6.250000000000000e-01 0.000000000000000e+00
5.312500000000000e-01 6.250000000000000e-01 0.000000000000000e+00
5.625000000000000e-01 5.937500000000000e-01 0.000000000000000e+00
5.937500000000000e-01 5.937500000000000e-01 0.000000000000000e+00
5.937500000000000e-01 6.250000000000000e-01 0.000000000000000e+00
5.625000000000000e-01 6.250000000000000e-01 0.000000000000000e+00
5.937500000000000e-01 5.937500000000000e-01 0.000000000000000e+00
6.250000000000000e-01 5.937500000000000e-01 0.000000000000000e+00
6.250000000000000e-01 6.250000000000000e-01 0.000000000000000e+00
5.937500000000000e-01 6.250000000000000e-01 0.000000000000000e+00
6.250000000000000e-01 5.937500000000000e-01 0.000000000000000e+00
6.562500000000000e-01 5.937500000000000e-01 0.000000000000000e+00
6.562500000000000e-01 6.250000000000000e-01 0.000000000000000e+00
6.250000000000000e-01 6.250000000000000e-01 0.000000000000000e+00
6.562500000000000e-01 5.937500000000000e-01 0.000000000000000e+00
6.875000000000000e-01 5.937500000000000e-01 0.000000000000000e+00
6.875000000000000e-01 6.250000000000000e-01 0.000000000000000e+00
6.562500000000000e-01 6.250000000000000e-01 0.000000000000000e+00
6.875000000000000e-01 5.937500000000000e-01 0.000000000000000e+00
7.187500000000000e-01 5.937500000000000e-01 0.000000000000000e+00
7.187500000000000e-01 6.250000000000000e-01 0.000000000000000e+00
6.875000000000000e-01 6.250000000000000e-01 0.000000000000000e+00
7.187500000000000e-01 5.937500000000000e-01 0.000000000000000e+00
7.500000000000000e-01 5.937500000000000e-01 0.000000000000000e+00
7.500000000000000e-01 6.250000000000000e-01 0.000000000000000e+00
7.187500000000000e-01 6.250000000000000e-01 0.000000000000000e+00
7.500000000000000e-01 5.937500000000000e-01 0.000000000000000e+00
7.812500000000000e-01 5.937500000000000e-01 0.000000000000000e+00
7.812500000000000e-01 6.250000000000000e-01 0.000000000000000e+00
7.500000000000000e-01 6.250000000000000e-01 0.000000000000000e+00
7.812500000000000e-01 5.937500000000000e-01 0.000000000000000e+00
8.125000000000000e-01 5.937500000000000e-01 0.000000000000000e+00
8.125000000000000e-01 6.250000000000000e-01 0.000000000000000e+00
7.812500000000000e-01 6.250000000000000e-01 0.000000000000000e+00
8.125000000000000e-01 5.937500000000000e-01 0.000000000000000e+00
8.437500000000000e-01 5.937500000000000e-01 0.000000000000000e+00
8.437500000000000e-01 6.250000000000000e-01 0.000000000000000e+00
8.125000000000000e-01 6.250000000000000e-01 0.000000000000000e+00
8.437500000000000e-01 5.937500000000000e-01 0.000000000000000e+00
8.750000000000000e-01 5.937500000000000e-01 0.000000000000000e+00
8.750000000000000e-01 6.250000000000000e-01 0.000000000000000e+00
8.437500000000000e-01 6.250000000000000e-01 0.000000000000000e+00
8.750000000000000e-01 5.937500000000000e-01 0.000000000000000e+00
9.062500000000000e-01 5.937500000000000e-01 0.000000000000000e+00
9.062500000000000e-01 6.250000000000000e-01 0.000000000000000e+00
8.750000000000000e-01 6.250000000000000e-01 0.000000000000000e+00
9.062500000000000e-01 5.937500000000000e-01 0.000000000000000e+00
9.375000000000000e-01 5.937500000000000e-01 0.000000000000000e+00
9.375000000000000e-01 6.250000000000000e-01 0.000000000000000e+00
9.062500000000000e-01 6.250000000000000e-01 0.000000000000000e+00
9.375000000000000e-01 5.937500000000000e-01 0.000000000000000e+00
9.687500000000000e-01 5.937500000000000e-01 0.000000000000000e+00
9.687500000000000e-01 6.250000000000000e-01 0.000000000000000e+00
9.375000000000000e-01 6.250000000000000e-01 0.000000000000000e+00
9.687500000000000e-01 5.937500000000000e-01 0.000000000000000e+00
1.000000000000000e+00 5.937500000000000e-01 0.000000000000000e+00
1.000000000000000e+00 6.250000000000000e-01 0.000000000000000e+00
9.687500000000000e-01 6.250000000000000e-01 0.000000000000000e+00
0.000000000000000e+00 6.250000000000000e-01 0.000000000000000e+00
3.125000000000000e-02 6.250000000000000e-01 0.000000000000000e+00
3.125000000000000e-02 6.562500000000000e-01 0.000000000000000e+00
0.000000000000000e+00 6.562500000000000e-01 0.000000000000000e+00
3.125000000000000e-02 6.250000000000000e-01 0.000000000000000e+00
6.250000000000000e-02 6.250000000000000e-01 0.000000000000000e+00
6.250000000000000e-02 6.562500000000000e-01 0.000000000000000e+00
3.125000000000000e-02 6.562500000000000e-01 0.000000000000000e+00
6.250000000000000e-02 6.250000000000000e-01 0.000000000000000e+00
9.375000000000000e-02 6.250000000000000e-01 0.000000000000000e+00
9.375000000000000e-02 6.562500000000000e-01 0.000000000000000e+00
6.250000000000000e-02 6.562500000000000e-01 0.000000000000000e+00
9.375000000000000e-02 6.250000000000000e-01 0.000000000000000e+00
1.250000000000000e-01 6.250000000000000e-01 0.000000000000000e+00
1.250000000000000e-01 6.562500000000000e-01 0.000000000000000e+00
9.375000000000000e-02 6.562500000000000e-01 0.000000000000000e+00
1.250000000000000e-01 6.250000000000000e-01 0.000000000000000e+00
1.562500000000000e-01 6.250000000000000e-01 0.000000000000000e+00
1.562500000000000e-01 6.562500000000000e-01 0.000000000000000e+00
1.250000000000000e-01 6.562500000000000e-01 0.000000000000000e+00
1.562500000000000e-01 6.250000000000000e-01 0.000000000000000e+00
1.875000000000000e-01 6.250000000000000e-01 0.000000000000000e+00
1.875000000000000e-01 6.562500000000000e-01 0.000000000000000e+00
1.562500000000000e-01 6.562500000000000e-01 0.000000000000000e+00
1.875000000000000e-01 6.250000000000000e-01 0.000000000000000e+00
2.187500000000000e-01 6.250000000000000e-01 0.000000000000000e+00
2.187500000000000e-01 6.562500000000000e-01 0.000000000000000e+00
1.875000000000000e-01 6.562500000000000e-01 0.000000000000000e+00
2.187500000000000e-01 6.250000000000000e-01 0.000000000000000e+00
2.500000000000000e-01 6.250000000000000e-01 0.000000000000000e+00
2.500000000000000e-01 6.562500000000000e-01 0.000000000000000e+00
2.187500000000000e-01 6.562500000000000e-01 0.000000000000000e+00
2.500000000000000e-01 6.250000000000000e-01 0.000000000000000e+00
2.812500000000000e-01 6.250000000000000e-01 0.000000000000000e+00
2.812500000000000e-01 6.562500000000000e-01 0.000000000000000e+00
2.500000000000000e-01 6.562500000000000e-01 0.000000000000000e+00
2.812500000000000e-01 6.250000000000000e-01 0.000000000000000e+00
3.125000000000000e-01 6.250000000000000e-01 0.000000000000000e+00
3.125000000000000e-01 6.562500000000000e-01 0.000000000000000e+00
2.812500000000000e-01 6.562500000000000e-01 0.000000000000000e+00
3.125000000000000e-01 6.250000000000000e-01 0.000000000000000e+00
3.437500000000000e-01 6.250000000000000e-01 0.000000000000000e+00
3.437500000000000e-01 6.562500000000000e-01 0.000000000000000e+00
3.125000000000000e-01 6.562500000000000e-01 0.000000000000000e+00
3.437500000000000e-01 6.250000000000000e-01 0.000000000000000e+00
3.750000000000000e-01 6.250000000000000e-01 0.000000000000000e+00
3.750000000000000e-01 6.562500000000000e-01 0.000000000000000e+00
3.437500000000000e-01 6.562500000000000e-01 0.000000000000000e+00
3.750000000000000e-01 6.250000000000000e-01 0.000000000000000e+00
4.062500000000000e-01 6.250000000000000e-01 0.000000000000000e+00
4.062500000000000e-01 6.562500000000000e-01 0.000000000000000e+00
3.750000000000000e-01 6.562500000000000e-01 0.000000000000000e+00
4.062500000000000e-01 6.250000000000000e-01 0.000000000000000e+00
4.375000000000000e-01 6.250000000000000e-01 0.000000000000000e+00
4.375000000000000e-01 6.562500000000000e-01 0.000000000000000e+00
4.062500000000000e-01 6.562500000000000e-01 0.000000000000000e+00
4.375000000000000e-01 6.250000000000000e-01 0.000000000000000e+00
4.687500000000000e-01 6.250000000000000e-01 0.000000000000000e+00
4.687500000000000e-01 6.562500000000000e-01 0.000000000000000e+00
4.375000000000000e-01 6.562500000000000e-01 0.000000000000000e+00
4.687500000000000e-01 6.250000000000000e-01 0.000000000000000e+00
5.000000000000000e-01 6.250000000000000e-01 0.000000000000000e+00
5.000000000000000e-01 6.562500000000000e-01 0.000000000000000e+00
4.687500000000000e-01 6.562500000000000e-01 0.000000000000000e+00
5.000000000000000e-01 6.250000000000000e-01 0.000000000000000e+00
5.312500000000000e-01 6.250000000000000e-01 0.000000000000000e+00
5.312500000000000e-01 6.562500000000000e-01 0.000000000000000e+00
5.000000000000000e-01 6.562500000000000e-01 0.000000000000000e+00
5.312500000000000e-01 6.250000000000000e-01 0.000000000000000e+00
5.625000000000000e-01 6.250000000000000e-01 0.000000000000000e+00
5.625000000000000e-01 6.562500000000000e-01 0.000000000000000e+00
5.312500000000000e-01 6.562500000000000e-01 0.000000000000000e+00
5.625000000000000e-01 6.250000000000000e-01 0.000000000000000e+00
5.937500000000000e-01 6.250000000000000e-01 0.000000000000000e+00
5.937500000000000e-01 6.562500000000000e-01 0.000000000000000e+00
5.625000000000000e-01 6.562500000000000e-01 0.000000000000000e+00
5.937500000000000e-01 6.250000000000000e-01 0.000000000000000e+00
6.250000000000000e-01 6.250000000000000e-01 0.000000000000000e+00
6.250000000000000e-01 6.562500000000000e-01 0.000000000000000e+00
5.937500000000000e-01 6.562500000000000e-01 0.000000000000000e+00
6.250000000000000e-01 6.250000000000000e-01 0.000000000000000e+00
6.562500000000000e-01 6.250000000000000e-01 0.000000000000000e+00
6.562500000000000e-01 6.562500000000000e-01 0.000000000000000e+00
6.250000000000000e-01 6.562500000000000e-01 0.000000000000000e+00
6.562500000000000e-01 6.250000000000000e-01 0.000000000000000e+00
6.875000000000000e-01 6.250000000000000e-01 0.000000000000000e+00
6.875000000000000e-01 6.562500000000000e-01 0.000000000000000e+00
6.562500000000000e-01 6.562500000000000e-01 0.000000000000000e+00
6.875000000000000e-01 6.250000000000000e-01 0.000000000000000e+00
7.187500000000000e-01 6.250000000000000e-01 0.000000000000000e+00
7.187500000000000e-01 6.562500000000000e-01 0.000000000000000e+00
6.875000000000000e-01 6.562500000000000e-01 0.000000000000000e+00
7.187500000000000e-01 6.250000000000000e-01 0.000000000000000e+00
7.500000000000000e-01 6.250000000000000e-01 0.000000000000000e+00
7.500000000000000e-01 6.562500000000000e-01 0.000000000000000e+00
7.187500000000000e-01 6.562500000000000e-01 0.000000000000000e+00
7.500000000000000e-01 6.250000000000000e-01 0.000000000000000e+00
7.812500000000000e-01 6.250000000000000e-01 0.000000000000000e+00
7.812500000000000e-01 6.562500000000000e-01 0.000000000000000e+00
7.500000000000000e-01 6.562500000000000e-01 0.000000000000000e+00
7.812500000000000e-01 6.250000000000000e-01 0.000000000000000e+00
8.125000000000000e-01 6.250000000000000e-01 0.000000000000000e+00
8.125000000000000e-01 6.562500000000000e-01 0.000000000000000e+00
7.812500000000000e-01 6.562500000000000e-01 0.000000000000000e+00
8.125000000000000e-01 6.250000000000000e-01 0.000000000000000e+00
8.437500000000000e-01 6.250000000000000e-01 0.000000000000000e+00
8.437500000000000e-01 6.562500000000000e-01 0.000000000000000e+00
8.125000000000000e-01 6.562500000000000e-01 0.000000000000000e+00
8.437500000000000e-01 6.250000000000000e-01 0.000000000000000e+00
8.750000000000000e-01 6.250000000000000e-01 0.000000000000000e+00
8.750000000000000e-01 6.562500000000000e-01 0.000000000000000e+00
8.437500000000000e-01 6.562500000000000e-01 0.000000000000000e+00
8.750000000000000e-01 6.250000000000000e-01 0.000000000000000e+00
9.062500000000000e-01 6.250000000000000e-01 0.000000000000000e+00
9.062500000000000e-01 6.562500000000000e-01 0.000000000000000e+00
8.750000000000000e-01 6.562500000000000e-01 0.000000000000000e+00
9.062500000000000e-01 6.250000000000000e-01 0.000000000000000e+00
9.375000000000000e-01 6.250000000000000e-01 0.000000000000000e+00
9.375000000000000e-01 6.562500000000000e-01 0.000000000000000e+00
9.062500000000000e-01 6.562500000000000e-01 0.000000000000000e+00
9.375000000000000e-01 6.250000000000000e-01 0.000000000000000e+00
9.687500000000000e-01 6.250000000000000e-01 0.000000000000000e+00
9.687500000000000e-01 6.562500000000000e-01 0.000000000000000e+00
9.375000000000000e-01 6.562500000000000e-01 0.000000000000000e+00
9.687500000000000e-01 6.250000000000000e-01 0.000000000000000e+00
1.000000000000000e+00 6.250000000000000e-01 0.000000000000000e+00
1.000000000000000e+00 6.562500000000000e-01 0.000000000000000e+00
9.687500000000000e-01 6.562500000000000e-01 0.000000000000000e+00
0.000000000000000e+00 6.562500000000000e-01 0.000000000000000e+00
3.125000000000000e-02 6.562500000000000e-01 0.000000000000000e+00
3.125000000000000e-02 6.875000000000000e-01 0.000000000000000e+00
0.000000000000000e+00 6.875000000000000e-01 0.000000000000000e+00
3.125000000000000e-02 6.562500000000000e-01 0.000000000000000e+00
6.250000000000000e-02 6.562500000000000e-01 0.000000000000000e+00
6.250000000000000e-02 6.875000000000000e-01 0.000000000000000e+00
3.125000000000000e-02 6.875000000000000e-01 0.000000000000000e+00
6.250000000000000e-02 6.562500000000000e-01 0.000000000000000e+00
9.375000000000000e-02 6.562500000000000e-01 0.000000000000000e+00
9.375000000000000e-02 6.875000000000000e-01 0.000000000000000e+00
6.250000000000000e-02 6.875000000000000e-01 0.000000000000000e+00
9.375000000000000e-02 6.562500000000000e-01 0.000000000000000e+00
1.250000000000000e-01 6.562500000000000e-01 0.000000000000000e+00
1.250000000000000e-01 6.875000000000000e-01 0.000000000000000e+00
9.375000000000000e-02 6.875000000000000e-01 0.000000000000000e+00
1.250000000000000e-01 6.562500000000000e-01 0.000000000000000e+00
1.562500000000000e-01 6.562500000000000e-01 0.000000000000000e+00
1.562500000000000e-01 6.875000000000000e-01 0.000000000000000e+00
1.250000000000000e-01 6.875000000000000e-01 0.000000000000000e+00
1.562500000000000e-01 6.562500000000000e-01 0.000000000000000e+00
1.875000000000000e-01 6.562500000000000e-01 0.000000000000000e+00
1.875000000000000e-01 6.875000000000000e-01 0.000000000000000e+00
1.562500000000000e-01 6.875000000000000e-01 0.000000000000000e+00
1.875000000000000e-01 6.562500000000000e-01 0.000000000000000e+00
2.187500000000000e-01 6.562500000000000e-01 0.000000000000000e+00
2.187500000000000e-01 6.875000000000000e-01 0.000000000000000e+00
1.875000000000000e-01 6.875000000000000e-01 0.000000000000000e+00
2.187500000000000e-01 6.562500000000000e-01 0.000000000000000e+00
2.500000000000000e-01 6.562500000000000e-01 0.000000000000000e+00
2.500000000000000e-01 6.875000000000000e-01 0.000000000000000e+00
2.187500000000000e-01 6.875000000000000e-01 0.000000000000000e+00
2.500000000000000e-01 6.562500000000000e-01 0.000000000000000e+00
2.812500000000000e-01 6.562500000000000e-01 0.000000000000000e+00
2.812500000000000e-01 6.875000000000000e-01 0.000000000000000e+00
2.500000000000000e-01 6.875000000000000e-01 0.000000000000000e+00
2.812500000000000e-01 6.562500000000000e-01 0.000000000000000e+00
3.125000000000000e-01 6.562500000000000e-01 0.000000000000000e+00
3.125000000000000e-01 6.875000000000000e-01 0.000000000000000e+00
2.812500000000000e-01 6.875000000000000e-01 0.000000000000000e+00
3.125000000000000e-01 6.562500000000000e-01 0.000000000000000e+00
3.437500000000000e-01 6.562500000000000e-01 0.000000000000000e+00
3.437500000000000e-01 6.875000000000000e-01 0.000000000000000e+00
3.125000000000000e-01 6.875000000000000e-01 0.000000000000000e+00
3.437500000000000e-01 6.562500000000000e-01 0.000000000000000e+00
3.750000000000000e-01 6.562500000000000e-01 0.000000000000000e+00
3.750000000000000e-01 6.875000000000000e-01 0.000000000000000e+00
3.437500000000000e-01 6.875000000000000e-01 0.000000000000000e+00
3.750000000000000e-01 6.562500000000000e-01 0.000000000000000e+00
4.062500000000000e-01 6.562500000000000e-01 0.000000000000000e+00
4.062500000000000e-01 6.875000000000000e-01 0.000000000000000e+00
3.750000000000000e-01 6.875000000000000e-01 0.000000000000000e+00
4.062500000000000e-01 6.562500000000000e-01 0.000000000000000e+00
4.375000000000000e-01 6.562500000000000e-01 0.000000000000000e+00
4.375000000000000e-01 6.875000000000000e-01 0.000000000000000e+00
4.062500000000000e-01 6.875000000000000e-01 0.000000000000000e+00
4.375000000000000e-01 6.562500000000000e-01 0.000000000000000e+00
4.687500000000000e-01 6.562500000000000e-01 0.000000000000000e+00
4.687500000000000e-01 6.875000000000000e-01 0.000000000000000e+00
4.375000000000000e-01 6.875000000000000e-01 0.000000000000000e+00
4.687500000000000e-01 6.562500000000000e-01 0.000000000000000e+00
5.000000000000000e-01 6.562500000000000e-01 0.000000000000000e+00
5.000000000000000e-01 6.875000000000000e-01 0.000000000000000e+00
4.687500000000000e-01 6.875000000000000e-01 0.000000000000000e+00
5.000000000000000e-01 6.562500000000000e-01 0.000000000000000e+00
5.312500000000000e-01 6.562500000000000e-01 0.000000000000000e+00
5.312500000000000e-01 6.875000000000000e-01 0.000000000000000e+00
5.000000000000000e-01 6.875000000000000e-01 0.000000000000000e+00
5.312500000000000e-01 6.562500000000000e-01 0.000000000000000e+00
5.625000000000000e-01 6.562500000000000e-01 0.000000000000000e+00
5.625000000000000e-01 6.875000000000000e-01 0.000000000000000e+00
5.312500000000000e-01 6.875000000000000e-01 0.000000000000000e+00
5.625000000000000e-01 6.562500000000000e-01 0.000000000000000e+00
5.937500000000000e-01 6.562500000000000e-01 0.000000000000000e+00
5.937500000000000e-01 6.875000000000000e-01 0.000000000000000e+00
5.625000000000000e-01 6.875000000000000e-01 0.000000000000000e+00
5.937500000000000e-01 6.562500000000000e-01 0.000000000000000e+00
6.250000000000000e-01 6.562500000000000e-01 0.000000000000000e+00
6.250000000000000e-01 6.875000000000000e-01 0.000000000000000e+00
5.937500000000000e-01 6.875000000000000e-01 0.000000000000000e+00
6.250000000000000e-01 6.562500000000000e-01 0.000000000000000e+00
6.562500000000000e-01 6.562500000000000e-01 0.000000000000000e+00
6.562500000000000e-01 6.875000000000000e-01 0.000000000000000e+00
6.250000000000000e-01 6.875000000000000e-01 0.000000000000000e+00
6.562500000000000e-01 6.562500000000000e-01 0.000000000000000e+00
6.875000000000000e-01 6.562500000000000e-01 0.000000000000000e+00
6.875000000000000e-01 6.875000000000000e-01 0.000000000000000e+00
6.562500000000000e-01 6.875000000000000e-01 0.000000000000000e+00
6.875000000000000e-01 6.562500000000000e-01 0.000000000000000e+00
7.187500000000000e-01 6.562500000000000e-01 0.000000000000000e+00
7.187500000000000e-01 6.875000000000000e-01 0.000000000000000e+00
6.875000000000000e-01 6.875000000000000e-01 0.000000000000000e+00
7.187500000000000e-01 6.562500000000000e-01 0.000000000000000e+00
7.500000000000000e-01 6.562500000000000e-01 0.000000000000000e+00
7.500000000000000e-01 6.875000000000000e-01 0.000000000000000e+00
7.187500000000000e-01 6.875000000000000e-01 0.000000000000000e+00
7.500000000000000e-01 6.562500000000000e-01 0.000000000000000e+00
7.812500000000000e-01 6.562500000000000e-01 0.000000000000000e+00
7.812500000000000e-01 6.875000000000000e-01 0.000000000000000e+00
7.500000000000000e-01 6.875000000000000e-01 0.000000000000000e+00
7.812500000000000e-01 6.562500000000000e-01 0.000000000000000e+00
8.125000000000000e-01 6.562500000000000e-01 0.000000000000000e+00
8.125000000000000e-01 6.875000000000000e-01 0.000000000000000e+00
7.812500000000000e-01 6.875000000000000e-01 0.000000000000000e+00
8.125000000000000e-01 6.562500000000000e-01 0.000000000000000e+00
8.437500000000000e-01 6.562500000000000e-01 0.000000000000000e+00
8.437500000000000e-01 6.875000000000000e-01 0.000000000000000e+00
8.125000000000000e-01 6.875000000000000e-01 0.000000000000000e+00
8.437500000000000e-01 6.562500000000000e-01 0.000000000000000e+00
8.750000000000000e-01 6.562500000000000e-01 0.000000000000000e+00
8.750000000000000e-01 6.875000000000000e-01 0.000000000000000e+00
8.437500000000000e-01 6.875000000000000e-01 0.000000000000000e+00
8.750000000000000e-01 6.562500000000000e-01 0.000000000000000e+00
9.062500000000000e-01 6.562500000000000e-01 0.000000000000000e+00
9.062500000000000e-01 6.875000000000000e-01 0.000000000000000e+00
8.750000000000000e-01 6.875000000000000e-01 0.000000000000000e+00
9.062500000000000e-01 6.562500000000000e-01 0.000000000000000e+00
9.375000000000000e-01 6.562500000000000e-01 0.000000000000000e+00
9.375000000000000e-01 6.875000000000000e-01 0.000000000000000e+00
9.062500000000000e-01 6.875000000000000e-01 0.000000000000000e+00
9.375000000000000e-01 6.562500000000000e-01 0.000000000000000e+00
9.687500000000000e-01 6.562500000000000e-01 0.000000000000000e+00
9.687500000000000e-01 6.875000000000000e-01 0.000000000000000e+00
9.375000000000000e-01 6.875000000000000e-01 0.000000000000000e+00
9.687500000000000e-01 6.562500000000000e-01 0.000000000000000e+00
1.000000000000000e+00 6.562500000000000e-01 0.000000000000000e+00
1.000000000000000e+00 6.875000000000000e-01 0.000000000000000e+00
9.687500000000000e-01 6.875000000000000e-01 0.000000000000000e+00
0.000000000000000e+00 6.875000000000000e-01 0.000000000000000e+00
3.125000000000000e-02 6.875000000000000e-01 0.000000000000000e+00
3.125000000000000e-02 7.187500000000000e-01 0.000000000000000e+00
0.000000000000000e+00 7.187500000000000e-01 0.000000000000000e+00
3.125000000000000e-02 6.875000000000000e-01 0.000000000000000e+00
6.250000000000000e-02 6.875000000000000e-01 0.000000000000000e+00
6.250000000000000e-02 7.187500000000000e-01 0.000000000000000e+00
3.125000000000000e-02 7.187500000000000e-01 0.000000000000000e+00
6.250000000000000e-02 6.875000000000000e-01 0.000000000000000e+00
9.375000000000000e-02 6.875000000000000e-01 0.000000000000000e+00
9.375000000000000e-02 7.187500000000000e-01 0.000000000000000e+00
6.250000000000000e-02 7.187500000000000e-01 0.000000000000000e+00
9.375000000000000e-02 6.875000000000000e-01 0.000000000000000e+00
1.250000000000000e-01 6.875000000000000e-01 0.000000000000000e+00
1.250000000000000e-01 7.187500000000000e-01 0.000000000000000e+00
9.375000000000000e-02 7.187500000000000e-01 0.000000000000000e+00
1.250000000000000e-01 6.875000000000000e-01 0.000000000000000e+00
1.562500000000000e-01 6.875000000000000e-01 0.000000000000000e+00
1.562500000000000e-01 7.187500000000000e-01 0.000000000000000e+00
1.250000000000000e-01 7.187500000000000e-01 0.000000000000000e+00
1.562500000000000e-01 6.875000000000000e-01 0.000000000000000e+00
1.875000000000000e-01 6.875000000000000e-01 0.000000000000000e+00
1.875000000000000e-01 7.187500000000000e-01 0.000000000000000e+00
1.562500000000000e-01 7.187500000000000e-01 0.000000000000000e+00
1.875000000000000e-01 6.875000000000000e-01 0.000000000000000e+00
2.187500000000000e-01 6.875000000000000e-01 0.000000000000000e+00
2.187500000000000e-01 7.187500000000000e-01 0.000000000000000e+00
1.875000000000000e-01 7.187500000000000e-01 0.000000000000000e+00
2.187500000000000e-01 6.875000000000000e-01 0.000000000000000e+00
2.500000000000000e-01 6.875000000000000e-01 0.000000000000000e+00
2.500000000000000e-01 7.187500000000000e-01 0.000000000000000e+00
2.187500000000000e-01 7.187500000000000e-01 0.000000000000000e+00
2.500000000000000e-01 6.875000000000000e-01 0.000000000000000e+00
2.812500000000000e-01 6.875000000000000e-01 0.000000000000000e+00
2.812500000000000e-01 7.187500000000000e-01 0.000000000000000e+00
2.500000000000000e-01 7.187500000000000e-01 0.000000000000000e+00
2.812500000000000e-01 6.875000000000000e-01 0.000000000000000e+00
3.125000000000000e-01 6.875000000000000e-01 0.000000000000000e+00
3.125000000000000e-01 7.187500000000000e-01 0.000000000000000e+00
2.812500000000000e-01 7.187500000000000e-01 0.000000000000000e+00
3.125000000000000e-01 6.875000000000000e-01 0.000000000000000e+00
3.437500000000000e-01 6.875000000000000e-01 0.000000000000000e+00
3.437500000000000e-01 7.187500000000000e-01 0.000000000000000e+00
3.125000000000000e-01 7.187500000000000e-01 0.000000000000000e+00
3.437500000000000e-01 6.875000000000000e-01 0.000000000000000e+00
3.750000000000000e-01 6.875000000000000e-01 0.000000000000000e+00
3.750000000000000e-01 7.187500000000000e-01 0.000000000000000e+00
3.437500000000000e-01 7.187500000000000e-01 0.000000000000000e+00
3.750000000000000e-01 6.875000000000000e-01 0.000000000000000e+00
4.062500000000000e-01 6.875000000000000e-01 0.000000000000000e+00
4.062500000000000e-01 7.187500000000000e-01 0.000000000000000e+00
3.750000000000000e-01 7.187500000000000e-01 0.000000000000000e+00
4.062500000000000e-01 6.875000000000000e-01 0.000000000000000e+00
4.375000000000000e-01 6.875000000000000e-01 0.000000000000000e+00
4.375000000000000e-01 7.187500000000000e-01 0.000000000000000e+00
4.062500000000000e-01 7.187500000000000e-01 0.000000000000000e+00
4.375000000000000e-01 6.875000000000000e-01 0.000000000000000e+00
4.687500000000000e-01 6.875000000000000e-01 0.000000000000000e+00
4.687500000000000e-01 7.187500000000000e-01 0.000000000000000e+00
4.375000000000000e-01 7.187500000000000e-01 0.000000000000000e+00
4.687500000000000e-01 6.875000000000000e-01 0.000000000000000e+00
5.000000000000000e-01 6.875000000000000e-01 0.000000000000000e+00
5.000000000000000e-01 7.187500000000000e-01 0.000000000000000e+00
4.687500000000000e-01 7.187500000000000e-01 0.000000000000000e+00
5.000000000000000e-01 6.875000000000000e-01 0.000000000000000e+00
5.312500000000000e-01 6.875000000000000e-01 0.000000000000000e+00
5.312500000000000e-01 7.187500000000000e-01 0.000000000000000e+00
5.000000000000000e-01 7.187500000000000e-01 0.000000000000000e+00
5.312500000000000e-01 6.875000000000000e-01 0.000000000000000e+00
5.625000000000000e-01 6.875000000000000e-01 0.000000000000000e+00
5.625000000000000e-01 7.187500000000000e-01 0.000000000000000e+00
5.312500000000000e-01 7.187500000000000e-01 0.000000000000000e+00
5.625000000000000e-01 6.875000000000000e-01 0.000000000000000e+00
5.937500000000000e-01 6.875000000000000e-01 0.000000000000000e+00
5.937500000000000e-01 7.187500000000000e-01 0.000000000000000e+00
5.625000000000000e-01 7.187500000000000e-01 0.000000000000000e+00
5.937500000000000e-01 6.875000000000000e-01 0.000000000000000e+00
6.250000000000000e-01 6.875000000000000e-01 0.000000000000000e+00
6.250000000000000e-01 7.187500000000000e-01 0.000000000000000e+00
5.937500000000000e-01 7.187500000000000e-01 0.000000000000000e+00
6.250000000000000e-01 6.875000000000000e-01 0.000000000000000e+00
6.562500000000000e-01 6.875000000000000e-01 0.000000000000000e+00
6.562500000000000e-01 7.187500000000000e-01 0.000000000000000e+00
6.250000000000000e-01 7.187500000000000e-01 0.000000000000000e+00
6.562500000000000e-01 6.875000000000000e-01 0.000000000000000e+00
6.875000000000000e-01 6.875000000000000e-01 0.000000000000000e+00
6.875000000000000e-01 7.187500000000000e-01 0.000000000000000e+00
6.562500000000000e-01 7.187500000000000e-01 0.000000000000000e+00
6.875000000000000e-01 6.875000000000000e-01 0.000000000000000e+00
7.187500000000000e-01 6.875000000000000e-01 0.000000000000000e+00
7.187500000000000e-01 7.187500000000000e-01 0.000000000000000e+00
6.875000000000000e-01 7.187500000000000e-01 0.000000000000000e+00
7.187500000000000e-01 6.875000000000000e-01 0.000000000000000e+00
7.500000000000000e-01 6.875000000000000e-01 0.000000000000000e+00
7.500000000000000e-01 7.187500000000000e-01 0.000000000000000e+00
7.187500000000000e-01 7.187500000000000e-01 0.000000000000000e+00
7.500000000000000e-01 6.875000000000000e-01 0.000000000000000e+00
7.812500000000000e-01 6.875000000000000e-01 0.000000000000000e+00
7.812500000000000e-01 7.187500000000000e-01 0.000000000000000e+00
7.500000000000000e-01 7.187500000000000e-01 0.000000000000000e+00
7.812500000000000e-01 6.875000000000000e-01 0.000000000000000e+00
8.125000000000000e-01 6.875000000000000e-01 0.000000000000000e+00
8.125000000000000e-01 7.187500000000000e-01 0.000000000000000e+00
7.812500000000000e-01 7.187500000000000e-01 0.000000000000000e+00
8.125000000000000e-01 6.875000000000000e-01 0.000000000000000e+00
8.437500000000000e-01 6.875000000000000e-01 0.000000000000000e+00
8.437500000000000e-01 7.187500000000000e-01 0.000000000000000e+00
8.125000000000000e-01 7.187500000000000e-01 0.000000000000000e+00
8.437500000000000e-01 6.875000000000000e-01 0.000000000000000e+00
8.750000000000000e-01 6.875000000000000e-01 0.000000000000000e+00
8.750000000000000e-01 7.187500000000000e-01 0.000000000000000e+00
8.437500000000000e-01 7.187500000000000e-01 0.000000000000000e+00
8.750000000000000e-01 6.875000000000000e-01 0.000000000000000e+00
9.062500000000000e-01 6.875000000000000e-01 0.000000000000000e+00
9.062500000000000e-01 7.187500000000000e-01 0.000000000000000e+00
8.750000000000000e-01 7.187500000000000e-01 0.000000000000000e+00
9.062500000000000e-01 6.875000000000000e-01 0.000000000000000e+00
9.375000000000000e-01 6.875000000000000e-01 0.000000000000000e+00
9.375000000000000e-01 7.187500000000000e-01 0.000000000000000e+00
9.062500000000000e-01 7.187500000000000e-01 0.000000000000000e+00
9.375000000000000e-01 6.875000000000000e-01 0.000000000000000e+00
9.687500000000000e-01 6.875000000000000e-01 0.000000000000000e+00
9.687500000000000e-01 7.187500000000000e-01 0.000000000000000e+00
9.375000000000000e-01 7.187500000000000e-01 0.000000000000000e+00
9.687500000000000e-01 6.875000000000000e-01 0.000000000000000e+00
1.000000000000000e+00 6.875000000000000e-01 0.000000000000000e+00
1.000000000000000e+00 7.187500000000000e-01 0.000000000000000e+00
9.687500000000000e-01 7.187500000000000e-01 0.000000000000000e+00
0.000000000000000e+00 7.187500000000000e-01 0.000000000000000e+00
3.125000000000000e-02 7.187500000000000e-01 0.000000000000000e+00
3.125000000000000e-02 7.500000000000000e-01 0.000000000000000e+00
0.000000000000000e+00 7.500000000000000e-01 0.000000000000000e+00
3.125000000000000e-02 7.187500000000000e-01 0.000000000000000e+00
6.250000000000000e-02 7.187500000000000e-01 0.000000000000000e+00
6.250000000000000e-02 7.500000000000000e-01 0.000000000000000e+00
3.125000000000000e-02 7.500000000000000e-01 0.000000000000000e+00
6.250000000000000e-02 7.187500000000000e-01 0.000000000000000e+00
9.375000000000000e-02 7.187500000000000e-01 0.000000000000000e+00
9.375000000000000e-02 7.500000000000000e-01 0.000000000000000e+00
6.250000000000000e-02 7.500000000000000e-01 0.000000000000000e+00
9.375000000000000e-02 7.187500000000000e-01 0.000000000000000e+00
1.250000000000000e-01 7.187500000000000e-01 0.000000000000000e+00
1.250000000000000e-01 7.500000000000000e-01 0.000000000000000e+00
9.375000000000000e-02 7.500000000000000e-01 0.000000000000000e+00
1.250000000000000e-01 7.187500000000000e-01 0.000000000000000e+00
1.562500000000000e-01 7.187500000000000e-01 0.000000000000000e+00
1.562500000000000e-01 7.500000000000000e-01 0.000000000000000e+00
1.250000000000000e-01 7.500000000000000e-01 0.000000000000000e+00
1.562500000000000e-01 7.187500000000000e-01 0.000000000000000e+00
1.875000000000000e-01 7.187500000000000e-01 0.000000000000000e+00
1.875000000000000e-01 7.500000000000000e-01 0.000000000000000e+00
1.562500000000000e-01 7.500000000000000e-01 0.000000000000000e+00
1.875000000000000e-01 7.187500000000000e-01 0.000000000000000e+00
2.187500000000000e-01 7.187500000000000e-01 0.000000000000000e+00
2.187500000000000e-01 7.500000000000000e-01 0.000000000000000e+00
1.875000000000000e-01 7.500000000000000e-01 0.000000000000000e+00
2.187500000000000e-01 7.187500000000000e-01 0.000000000000000e+00
2.500000000000000e-01 7.187500000000000e-01 0.000000000000000e+00
2.500000000000000e-01 7.500000000000000e-01 0.000000000000000e+00
2.187500000000000e-01 7.500000000000000e-01 0.000000000000000e+00
2.500000000000000e-01 7.187500000000000e-01 0.000000000000000e+00
2.812500000000000e-01 7.187500000000000e-01 0.000000000000000e+00
2.812500000000000e-01 7.500000000000000e-01 0.000000000000000e+00
2.500000000000000e-01 7.500000000000000e-01 0.000000000000000e+00
2.812500000000000e-01 7.187500000000000e-01 0.000000000000000e+00
3.125000000000000e-01 7.187500000000000e-01 0.000000000000000e+00
3.125000000000000e-01 7.500000000000000e-01 0.000000000000000e+00
2.812500000000000e-01 7.500000000000000e-01 0.000000000000000e+00
3.125000000000000e-01 7.187500000000000e-01 0.000000000000000e+00
3.437500000000000e-01 7.187500000000000e-01 0.000000000000000e+00
3.437500000000000e-01 7.500000000000000e-01 0.000000000000000e+00
3.125000000000000e-01 7.500000000000000e-01 0.000000000000000e+00
3.437500000000000e-01 7.187500000000000e-01 0.000000000000000e+00
3.750000000000000e-01 7.187500000000000e-01 0.000000000000000e+00
3.750000000000000e-01 7.500000000000000e-01 0.000000000000000e+00
3.437500000000000e-01 7.500000000000000e-01 0.000000000000000e+00
3.750000000000000e-01 7.187500000000000e-01 0.000000000000000e+00
4.062500000000000e-01 7.187500000000000e-01 0.000000000000000e+00
4.062500000000000e-01 7.500000000000000e-01 0.000000000000000e+00
3.750000000000000e-01 7.500000000000000e-01 0.000000000000000e+00
4.062500000000000e-01 7.187500000000000e-01 0.000000000000000e+00
4.375000000000000e-01 7.187500000000000e-01 0.000000000000000e+00
4.375000000000000e-01 7.500000000000000e-01 0.000000000000000e+00
4.062500000000000e-01 7.500000000000000e-01 0.000000000000000e+00
4.375000000000000e-01 7.187500000000000e-01 0.000000000000000e+00
4.687500000000000e-01 7.187500000000000e-01 0.000000000000000e+00
4.687500000000000e-01 7.500000000000000e-01 0.000000000000000e+00
4.375000000000000e-01 7.500000000000000e-01 0.000000000000000e+00
4.687500000000000e-01 7.187500000000000e-01 0.000000000000000e+00
5.000000000000000e-01 7.187500000000000e-01 0.000000000000000e+00
5.000000000000000e-01 7.500000000000000e-01 0.000000000000000e+00
4.687500000000000e-01 7.500000000000000e-01 0.000000000000000e+00
5.000000000000000e-01 7.187500000000000e-01 0.000000000000000e+00
5.312500000000000e-01 7.187500000000000e-01 0.000000000000000e+00
5.312500000000000e-01 7.500000000000000e-01 0.000000000000000e+00
5.000000000000000e-01 7.500000000000000e-01 0.000000000000000e+00
5.312500000000000e-01 7.187500000000000e-01 0.000000000000000e+00
5.625000000000000e-01 7.187500000000000e-01 0.000000000000000e+00
5.625000000000000e-01 7.500000000000000e-01 0.000000000000000e+00
5.312500000000000e-01 7.500000000000000e-01 0.000000000000000e+00
5.625000000000000e-01 7.187500000000000e-01 0.000000000000000e+00
5.937500000000000e-01 7.187500000000000e-01 0.000000000000000e+00
5.937500000000000e-01 7.500000000000000e-01 0.000000000000000e+00
5.625000000000000e-01 7.500000000000000e-01 0.000000000000000e+00
5.937500000000000e-01 7.187500000000000e-01 0.000000000000000e+00
6.250000000000000e-01 7.187500000000000e-01 0.000000000000000e+00
6.250000000000000e-01 7.500000000000000e-01 0.000000000000000e+00
5.937500000000000e-01 7.500000000000000e-01 0.000000000000000e+00
6.250000000000000e-01 7.187500000000000e-01 0.000000000000000e+00
6.562500000000000e-01 7.187500000000000e-01 0.000000000000000e+00
6.562500000000000e-01 7.500000000000000e-01 0.000000000000000e+00
6.250000000000000e-01 7.500000000000000e-01 0.000000000000000e+00
6.562500000000000e-01 7.187500000000000e-01 0.000000000000000e+00
6.875000000000000e-01 7.187500000000000e-01 0.000000000000000e+00
6.875000000000000e-01 7.500000000000000e-01 0.000000000000000e+00
6.562500000000000e-01 7.500000000000000e-01 0.000000000000000e+00
6.875000000000000e-01 7.187500000000000e-01 0.000000000000000e+00
7.187500000000000e-01 7.187500000000000e-01 0.000000000000000e+00
7.187500000000000e-01 7.500000000000000e-01 0.000000000000000e+00
6.875000000000000e-01 7.500000000000000e-01 0.000000000000000e+00
7.187500000000000e-01 7.187500000000000e-01 0.000000000000000e+00
7.500000000000000e-01 7.187500000000000e-01 0.000000000000000e+00
7.500000000000000e-01 7.500000000000000e-01 0.000000000000000e+00
7.187500000000000e-01 7.500000000000000e-01 0.000000000000000e+00
7.500000000000000e-01 7.187500000000000e-01 0.000000000000000e+00
7.812500000000000e-01 7.187500000000000e-01 0.000000000000000e+00
7.812500000000000e-01 7.500000000000000e-01 0.000000000000000e+00
7.500000000000000e-01 7.500000000000000e-01 0.000000000000000e+00
7.812500000000000e-01 7.187500000000000e-01 0.000000000000000e+00
8.125000000000000e-01 7.187500000000000e-01 0.000000000000000e+00
8.125000000000000e-01 7.500000000000000e-01 0.000000000000000e+00
7.812500000000000e-01 7.500000000000000e-01 0.000000000000000e+00
8.125000000000000e-01 7.187500000000000e-01 0.000000000000000e+00
8.437500000000000e-01 7.187500000000000e-01 0.000000000000000e+00
8.437500000000000e-01 7.500000000000000e-01 0.000000000000000e+00
8.125000000000000e-01 7.500000000000000e-01 0.000000000000000e+00
8.437500000000000e-01 7.187500000000000e-01 0.000000000000000e+00
8.750000000000000e-01 7.187500000000000e-01 0.000000000000000e+00
8.750000000000000e-01 7.500000000000000e-01 0.000000000000000e+00
8.437500000000000e-01 7.500000000000000e-01 0.000000000000000e+00
8.750000000000000e-01 7.187500000000000e-01 0.000000000000000e+00
9.062500000000000e-01 7.187500000000000e-01 0.000000000000000e+00
9.062500000000000e-01 7.500000000000000e-01 0.000000000000000e+00
8.750000000000000e-01 7.500000000000000e-01 0.000000000000000e+00
9.062500000000000e-01 7.187500000000000e-01 0.000000000000000e+00
9.375000000000000e-01 7.187500000000000e-01 0.000000000000000e+00
9.375000000000000e-01 7.500000000000000e-01 0.000000000000000e+00
9.062500000000000e-01 7.500000000000000e-01 0.000000000000000e+00
9.375000000000000e-01 7.187500000000000e-01 0.000000000000000e+00
9.687500000000000e-01 7.187500000000000e-01 0.000000000000000e+00
9.687500000000000e-01 7.500000000000000e-01 0.000000000000000e+00
9.375000000000000e-01 7.500000000000000e-01 0.000000000000000e+00
9.687500000000000e-01 7.187500000000000e-01 0.000000000000000e+00
1.000000000000000e+00 7.187500000000000e-01 0.000000000000000e+00
1.000000000000000e+00 7.500000000000000e-01 0.000000000000000e+00
9.687500000000000e-01 7.500000000000000e-01 0.000000000000000e+00
0.000000000000000e+00 7.500000000000000e-01 0.000000000000000e+00
3.125000000000000e-02 7.500000000000000e-01 0.000000000000000e+00
3.125000000000000e-02 7.812500000000000e-01 0.000000000000000e+00
0.000000000000000e+00 7.812500000000000e-01 0.000000000000000e+00
3.125000000000000e-02 7.500000000000000e-01 0.000000000000000e+00
6.250000000000000e-02 7.500000000000000e-01 0.000000000000000e+00
6.250000000000000e-02 7.812500000000000e-01 0.000000000000000e+00
3.125000000000000e-02 7.812500000000000e-01 0.000000000000000e+00
6.250000000000000e-02 7.500000000000000e-01 0.000000000000000e+00
9.375000000000000e-02 7.500000000000000e-01 0.000000000000000e+00
9.375000000000000e-02 7.812500000000000e-01 0.000000000000000e+00
6.250000000000000e-02 7.812500000000000e-01 0.000000000000000e+00
9.375000000000000e-02 7.500000000000000e-01 0.000000000000000e+00
1.250000000000000e-01 7.500000000000000e-01 0.000000000000000e+00
1.250000000000000e-01 7.812500000000000e-01 0.000000000000000e+00
9.375000000000000e-02 7.812500000000000e-01 0.000000000000000e+00
1.250000000000000e-01 7.500000000000000e-01 0.000000000000000e+00
1.562500000000000e-01 7.500000000000000e-01 0.000000000000000e+00
1.562500000000000e-01 7.812500000000000e-01 0.000000000000000e+00
1.250000000000000e-01 7.812500000000000e-01 0.000000000000000e+00
1.562500000000000e-01 7.500000000000000e-01 0.000000000000000e+00
1.875000000000000e-01 7.500000000000000e-01 0.000000000000000e+00
1.875000000000000e-01 7.812500000000000e-01 0.000000000000000e+00
1.562500000000000e-01 7.812500000000000e-01 0.000000000000000e+00
1.875000000000000e-01 7.500000000000000e-01 0.000000000000000e+00
2.187500000000000e-01 7.500000000000000e-01 0.000000000000000e+00
2.187500000000000e-01 7.812500000000000e-01 0.000000000000000e+00
1.875000000000000e-01 7.812500000000000e-01 0.000000000000000e+00
2.187500000000000e-01 7.500000000000000e-01 0.000000000000000e+00
2.500000000000000e-01 7.500000000000000e-01 0.000000000000000e+00
2.500000000000000e-01 7.812500000000000e-01 0.000000000000000e+00
2.187500000000000e-01 7.812500000000000e-01 0.000000000000000e+00
2.500000000000000e-01 7.500000000000000e-01 0.000000000000000e+00
2.812500000000000e-01 7.500000000000000e-01 0.000000000000000e+00
2.812500000000000e-01 7.812500000000000e-01 0.000000000000000e+00
2.500000000000000e-01 7.812500000000000e-01 0.000000000000000e+00
2.812500000000000e-01 7.500000000000000e-01 0.000000000000000e+00
3.125000000000000e-01 7.500000000000000e-01 0.000000000000000e+00
3.125000000000000e-01 7.812500000000000e-01 0.000000000000000e+00
2.812500000000000e-01 7.812500000000000e-01 0.000000000000000e+00
3.125000000000000e-01 7.500000000000000e-01 0.000000000000000e+00
3.437500000000000e-01 7.500000000000000e-01 0.000000000000000e+00
3.437500000000000e-01 7.812500000000000e-01 0.000000000000000e+00
3.125000000000000e-01 7.812500000000000e-01 0.000000000000000e+00
3.437500000000000e-01 7.500000000000000e-01 0.000000000000000e+00
3.750000000000000e-01 7.500000000000000e-01 0.000000000000000e+00
3.750000000000000e-01 7.812500000000000e-01 0.000000000000000e+00
3.437500000000000e-01 7.812500000000000e-01 0.000000000000000e+00
3.750000000000000e-01 7.500000000000000e-01 0.000000000000000e+00
4.062500000000000e-01 7.500000000000000e-01 0.000000000000000e+00
4.062500000000000e-01 7.812500000000000e-01 0.000000000000000e+00
3.750000000000000e-01 7.812500000000000e-01 0.000000000000000e+00
4.062500000000000e-01 7.500000000000000e-01 0.000000000000000e+00
4.375000000000000e-01 7.500000000000000e-01 0.000000000000000e+00
4.375000000000000e-01 7.812500000000000e-01 0.000000000000000e+00
4.062500000000000e-01 7.812500000000000e-01 0.000000000000000e+00
4.375000000000000e-01 7.500000000000000e-01 0.000000000000000e+00
4.687500000000000e-01 7.500000000000000e-01 0.000000000000000e+00
4.687500000000000e-01 7.812500000000000e-01 0.000000000000000e+00
4.375000000000000e-01 7.812500000000000e-01 0.000000000000000e+00
4.687500000000000e-01 7.500000000000000e-01 0.000000000000000e+00
5.000000000000000e-01 7.500000000000000e-01 0.000000000000000e+00
5.000000000000000e-01 7.812500000000000e-01 0.000000000000000e+00
4.687500000000000e-01 7.812500000000000e-01 0.000000000000000e+00
5.000000000000000e-01 7.500000000000000e-01 0.000000000000000e+00
5.312500000000000e-01 7.500000000000000e-01 0.000000000000000e+00
5.312500000000000e-01 7.812500000000000e-01 0.000000000000000e+00
5.000000000000000e-01 7.812500000000000e-01 0.000000000000000e+00
5.312500000000000e-01 7.500000000000000e-01 0.000000000000000e+00
5.625000000000000e-01 7.500000000000000e-01 0.000000000000000e+00
5.625000000000000e-01 7.812500000000000e-01 0.000000000000000e+00
5.312500000000000e-01 7.812500000000000e-01 0.000000000000000e+00
5.625000000000000e-01 7.500000000000000e-01 0.000000000000000e+00
5.937500000000000e-01 7.500000000000000e-01 0.000000000000000e+00
5.937500000000000e-01 7.812500000000000e-01 0.000000000000000e+00
5.625000000000000e-01 7.812500000000000e-01 0.000000000000000e+00
5.937500000000000e-01 7.500000000000000e-01 0.000000000000000e+00
6.250000000000000e-01 7.500000000000000e-01 0.000000000000000e+00
6.250000000000000e-01 7.812500000000000e-01 0.000000000000000e+00
5.937500000000000e-01 7.812500000000000e-01 0.000000000000000e+00
6.250000000000000e-01 7.500000000000000e-01 0.000000000000000e+00
6.562500000000000e-01 7.500000000000000e-01 0.000000000000000e+00
6.562500000000000e-01 7.812500000000000e-01 0.000000000000000e+00
6.250000000000000e-01 7.812500000000000e-01 0.000000000000000e+00
6.562500000000000e-01 7.500000000000000e-01 0.000000000000000e+00
6.875000000000000e-01 7.500000000000000e-01 0.000000000000000e+00
6.875000000000000e-01 7.812500000000000e-01 0.000000000000000e+00
6.562500000000000e-01 7.812500000000000e-01 0.000000000000000e+00
6.875000000000000e-01 7.500000000000000e-01 0.000000000000000e+00
7.187500000000000e-01 7.500000000000000e-01 0.000000000000000e+00
7.187500000000000e-01 7.812500000000000e-01 0.000000000000000e+00
6.875000000000000e-01 7.812500000000000e-01 0.000000000000000e+00
7.187500000000000e-01 7.500000000000000e-01 0.000000000000000e+00
7.500000000000000e-01 7.500000000000000e-01 0.000000000000000e+00
7.500000000000000e-01 7.812500000000000e-01 0.000000000000000e+00
7.187500000000000e-01 7.812500000000000e-01 0.000000000000000e+00
7.500000000000000e-01 7.500000000000000e-01 0.000000000000000e+00
7.812500000000000e-01 7.500000000000000e-01 0.000000000000000e+00
7.812500000000000e-01 7.812500000000000e-01 0.000000000000000e+00
7.500000000000000e-01 7.812500000000000e-01 0.000000000000000e+00
7.812500000000000e-01 7.500000000000000e-01 0.000000000000000e+00
8.125000000000000e-01 7.500000000000000e-01 0.000000000000000e+00
8.125000000000000e-01 7.812500000000000e-01 0.000000000000000e+00
7.812500000000000e-01 7.812500000000000e-01 0.000000000000000e+00
8.125000000000000e-01 7.500000000000000e-01 0.000000000000000e+00
8.437500000000000e-01 7.500000000000000e-01 0.000000000000000e+00
8.437500000000000e-01 7.812500000000000e-01 0.000000000000000e+00
8.125000000000000e-01 7.812500000000000e-01 0.000000000000000e+00
8.437500000000000e-01 7.500000000000000e-01 0.000000000000000e+00
8.750000000000000e-01 7.500000000000000e-01 0.000000000000000e+00
8.750000000000000e-01 7.812500000000000e-01 0.000000000000000e+00
8.437500000000000e-01 7.812500000000000e-01 0.000000000000000e+00
8.750000000000000e-01 7.500000000000000e-01 0.000000000000000e+00
9.062500000000000e-01 7.500000000000000e-01 0.000000000000000e+00
9.062500000000000e-01 7.812500000000000e-01 0.000000000000000e+00
8.750000000000000e-01 7.812500000000000e-01 0.000000000000000e+00
9.062500000000000e-01 7.500000000000000e-01 0.000000000000000e+00
9.375000000000000e-01 7.500000000000000e-01 0.000000000000000e+00
9.375000000000000e-01 7.812500000000000e-01 0.000000000000000e+00
9.062500000000000e-01 7.812500000000000e-01 0.000000000000000e+00
9.375000000000000e-01 7.500000000000000e-01 0.000000000000000e+00
9.687500000000000e-01 7.500000000000000e-01 0.000000000000000e+00
9.687500000000000e-01 7.812500000000000e-01 0.000000000000000e+00
9.375000000000000e-01 7.812500000000000e-01 0.000000000000000e+00
9.687500000000000e-01 7.500000000000000e-01 0.000000000000000e+00
1.000000000000000e+00 7.500000000000000e-01 0.000000000000000e+00
1.000000000000000e+00 7.812500000000000e-01 0.000000000000000e+00
9.687500000000000e-01 7.812500000000000e-01 0.000000000000000e+00
0.000000000000000e+00 7.812500000000000e-01 0.000000000000000e+00
3.125000000000000e-02 7.812500000000000e-01 0.000000000000000e+00
3.125000000000000e-02 8.125000000000000e-01 0.000000000000000e+00
0.000000000000000e+00 8.125000000000000e-01 0.000000000000000e+00
3.125000000000000e-02 7.812500000000000e-01 0.000000000000000e+00
6.250000000000000e-02 7.812500000000000e-01 0.000000000000000e+00
6.250000000000000e-02 8.125000000000000e-01 0.000000000000000e+00
3.125000000000000e-02 8.125000000000000e-01 0.000000000000000e+00
6.250000000000000e-02 7.812500000000000e-01 0.000000000000000e+00
9.375000000000000e-02 7.812500000000000e-01 0.000000000000000e+00
9.375000000000000e-02 8.125000000000000e-01 0.000000000000000e+00
6.250000000000000e-02 8.125000000000000e-01 0.000000000000000e+00
9.375000000000000e-02 7.812500000000000e-01 0.000000000000000e+00
1.250000000000000e-01 7.812500000000000e-01 0.000000000000000e+00
1.250000000000000e-01 8.125000000000000e-01 0.000000000000000e+00
9.375000000000000e-02 8.125000000000000e-01 0.000000000000000e+00
1.250000000000000e-01 7.812500000000000e-01 0.000000000000000e+00
1.562500000000000e-01 7.812500000000000e-01 0.000000000000000e+00
1.562500000000000e-01 8.125000000000000e-01 0.000000000000000e+00
1.250000000000000e-01 8.125000000000000e-01 0.000000000000000e+00
1.562500000000000e-01 7.812500000000000e-01 0.000000000000000e+00
1.875000000000000e-01 7.812500000000000e-01 0.000000000000000e+00
1.875000000000000e-01 8.125000000000000e-01 0.000000000000000e+00
1.562500000000000e-01 8.125000000000000e-01 0.000000000000000e+00
1.875000000000000e-01 7.812500000000000e-01 0.000000000000000e+00
2.187500000000000e-01 7.812500000000000e-01 0.000000000000000e+00
2.187500000000000e-01 8.125000000000000e-01 0.000000000000000e+00
1.875000000000000e-01 8.125000000000000e-01 0.000000000000000e+00
2.187500000000000e-01 7.812500000000000e-01 0.000000000000000e+00
2.500000000000000e-01 7.812500000000000e-01 0.000000000000000e+00
2.500000000000000e-01 8.125000000000000e-01 0.000000000000000e+00
2.187500000000000e-01 8.125000000000000e-01 0.000000000000000e+00
2.500000000000000e-01 7.812500000000000e-01 0.000000000000000e+00
2.812500000000000e-01 7.812500000000000e-01 0.000000000000000e+00
2.812500000000000e-01 8.125000000000000e-01 0.000000000000000e+00
2.500000000000000e-01 8.125000000000000e-01 0.000000000000000e+00
2.812500000000000e-01 7.812500000000000e-01 0.000000000000000e+00
3.125000000000000e-01 7.812500000000000e-01 0.000000000000000e+00
3.125000000000000e-01 8.125000000000000e-01 0.000000000000000e+00
2.812500000000000e-01 8.125000000000000e-01 0.000000000000000e+00
3.125000000000000e-01 7.812500000000000e-01 0.000000000000000e+00
3.437500000000000e-01 7.812500000000000e-01 0.000000000000000e+00
3.437500000000000e-01 8.125000000000000e-01 0.000000000000000e+00
3.125000000000000e-01 8.125000000000000e-01 0.000000000000000e+00
3.437500000000000e-01 7.812500000000000e-01 0.000000000000000e+00
3.750000000000000e-01 7.812500000000000e-01 0.000000000000000e+00
3.750000000000000e-01 8.125000000000000e-01 0.000000000000000e+00
3.437500000000000e-01 8.125000000000000e-01 0.000000000000000e+00
3.750000000000000e-01 7.812500000000000e-01 0.000000000000000e+00
4.062500000000000e-01 7.812500000000000e-01 0.000000000000000e+00
4.062500000000000e-01 8.125000000000000e-01 0.000000000000000e+00
3.750000000000000e-01 8.125000000000000e-01 0.000000000000000e+00
4.062500000000000e-01 7.812500000000000e-01 0.000000000000000e+00
4.375000000000000e-01 7.812500000000000e-01 0.000000000000000e+00
4.375000000000000e-01 8.125000000000000e-01 0.000000000000000e+00
4.062500000000000e-01 8.125000000000000e-01 0.000000000000000e+00
4.375000000000000e-01 7.812500000000000e-01 0.000000000000000e+00
4.687500000000000e-01 7.812500000000000e-01 0.000000000000000e+00
4.687500000000000e-01 8.125000000000000e-01 0.000000000000000e+00
4.375000000000000e-01 8.125000000000000e-01 0.000000000000000e+00
4.687500000000000e-01 7.812500000000000e-01 0.000000000000000e+00
5.000000000000000e-01 7.812500000000000e-01 0.000000000000000e+00
5.000000000000000e-01 8.125000000000000e-01 0.000000000000000e+00
4.687500000000000e-01 8.125000000000000e-01 0.000000000000000e+00
5.000000000000000e-01 7.812500000000000e-01 0.000000000000000e+00
5.312500000000000e-01 7.812500000000000e-01 0.000000000000000e+00
5.312500000000000e-01 8.125000000000000e-01 0.000000000000000e+00
5.000000000000000e-01 8.125000000000000e-01 0.000000000000000e+00
5.312500000000000e-01 7.812500000000000e-01 0.000000000000000e+00
5.625000000000000e-01 7.812500000000000e-01 0.000000000000000e+00
5.625000000000000e-01 8.125000000000000e-01 0.000000000000000e+00
5.312500000000000e-01 8.125000000000000e-01 0.000000000000000e+00
5.625000000000000e-01 7.812500000000000e-01 0.000000000000000e+00
5.937500000000000e-01 7.812500000000000e-01 0.000000000000000e+00
5.937500000000000e-01 8.125000000000000e-01 0.000000000000000e+00
5.625000000000000e-01 8.125000000000000e-01 0.000000000000000e+00
5.937500000000000e-01 7.812500000000000e-01 0.000000000000000e+00
6.250000000000000e-01 7.812500000000000e-01 0.000000000000000e+00
6.250000000000000e-01 8.125000000000000e-01 0.000000000000000e+00
5.937500000000000e-01 8.125000000000000e-01 0.000000000000000e+00
6.250000000000000e-01 7.812500000000000e-01 0.000000000000000e+00
6.562500000000000e-01 7.812500000000000e-01 0.000000000000000e+00
6.562500000000000e-01 8.125000000000000e-01 0.000000000000000e+00
6.250000000000000e-01 8.125000000000000e-01 0.000000000000000e+00
6.562500000000000e-01 7.812500000000000e-01 0.000000000000000e+00
6.875000000000000e-01 7.812500000000000e-01 0.000000000000000e+00
6.875000000000000e-01 8.125000000000000e-01 0.000000000000000e+00
6.562500000000000e-01 8.125000000000000e-01 0.000000000000000e+00
6.875000000000000e-01 7.812500000000000e-01 0.000000000000000e+00
7.187500000000000e-01 7.812500000000000e-01 0.000000000000000e+00
7.187500000000000e-01 8.125000000000000e-01 0.000000000000000e+00
6.875000000000000e-01 8.125000000000000e-01 0.000000000000000e+00
7.187500000000000e-01 7.812500000000000e-01 0.000000000000000e+00
7.500000000000000e-01 7.812500000000000e-01 0.000000000000000e+00
7.500000000000000e-01 8.125000000000000e-01 0.000000000000000e+00
7.187500000000000e-01 8.125000000000000e-01 0.000000000000000e+00
7.500000000000000e-01 7.812500000000000e-01 0.000000000000000e+00
7.812500000000000e-01 7.812500000000000e-01 0.000000000000000e+00
7.812500000000000e-01 8.125000000000000e-01 0.000000000000000e+00
7.500000000000000e-01 8.125000000000000e-01 0.000000000000000e+00
7.812500000000000e-01 7.812500000000000e-01 0.000000000000000e+00
8.125000000000000e-01 7.812500000000000e-01 0.000000000000000e+00
8.125000000000000e-01 8.125000000000000e-01 0.000000000000000e+00
7.812500000000000e-01 8.125000000000000e-01 0.000000000000000e+00
8.125000000000000e-01 7.812500000000000e-01 0.000000000000000e+00
8.437500000000000e-01 7.812500000000000e-01 0.000000000000000e+00
8.437500000000000e-01 8.125000000000000e-01 0.000000000000000e+00
8.125000000000000e-01 8.125000000000000e-01 0.000000000000000e+00
8.437500000000000e-01 7.812500000000000e-01 0.000000000000000e+00
8.750000000000000e-01 7.812500000000000e-01 0.000000000000000e+00
8.750000000000000e-01 8.125000000000000e-01 0.000000000000000e+00
8.437500000000000e-01 8.125000000000000e-01 0.000000000000000e+00
8.750000000000000e-01 7.812500000000000e-01 0.000000000000000e+00
9.062500000000000e-01 7.812500000000000e-01 0.000000000000000e+00
9.062500000000000e-01 8.125000000000000e-01 0.000000000000000e+00
8.750000000000000e-01 8.125000000000000e-01 0.000000000000000e+00
9.062500000000000e-01 7.812500000000000e-01 0.000000000000000e+00
9.375000000000000e-01 7.812500000000000e-01 0.000000000000000e+00
9.375000000000000e-01 8.125000000000000e-01 0.000000000000000e+00
9.062500000000000e-01 8.125000000000000e-01 0.000000000000000e+00
9.375000000000000e-01 7.812500000000000e-01 0.000000000000000e+00
9.687500000000000e-01 7.812500000000000e-01 0.000000000000000e+00
9.687500000000000e-01 8.125000000000000e-01 0.000000000000000e+00
9.375000000000000e-01 8.125000000000000e-01 0.000000000000000e+00
9.687500000000000e-01 7.812500000000000e-01 0.000000000000000e+00
1.000000000000000e+00 7.812500000000000e-01 0.000000000000000e+00
1.000000000000000e+00 8.125000000000000e-01 0.000000000000000e+00
9.687500000000000e-01 8.125000000000000e-01 0.000000000000000e+00
0.000000000000000e+00 8.125000000000000e-01 0.000000000000000e+00
3.125000000000000e-02 8.125000000000000e-01 0.000000000000000e+00
3.125000000000000e-02 8.437500000000000e-01 0.000000000000000e+00
0.000000000000000e+00 8.437500000000000e-01 0.000000000000000e+00
3.125000000000000e-02 8.125000000000000e-01 0.000000000000000e+00
6.250000000000000e-02 8.125000000000000e-01 0.000000000000000e+00
6.250000000000000e-02 8.437500000000000e-01 0.000000000000000e+00
3.125000000000000e-02 8.437500000000000e-01 0.000000000000000e+00
6.250000000000000e-02 8.125000000000000e-01 0.000000000000000e+00
9.375000000000000e-02 8.125000000000000e-01 0.000000000000000e+00
9.375000000000000e-02 8.437500000000000e-01 0.000000000000000e+00
6.250000000000000e-02 8.437500000000000e-01 0.000000000000000e+00
9.375000000000000e-02 8.125000000000000e-01 0.000000000000000e+00
1.250000000000000e-01 8.125000000000000e-01 0.000000000000000e+00
1.250000000000000e-01 8.437500000000000e-01 0.000000000000000e+00
9.375000000000000e-02 8.437500000000000e-01 0.000000000000000e+00
1.250000000000000e-01 8.125000000000000e-01 0.000000000000000e+00
1.562500000000000e-01 8.125000000000000e-01 0.000000000000000e+00
1.562500000000000e-01 8.437500000000000e-01 0.000000000000000e+00
1.250000000000000e-01 8.437500000000000e-01 0.000000000000000e+00
1.562500000000000e-01 8.125000000000000e-01 0.000000000000000e+00
1.875000000000000e-01 8.125000000000000e-01 0.000000000000000e+00
1.875000000000000e-01 8.437500000000000e-01 0.000000000000000e+00
1.562500000000000e-01 8.437500000000000e-01 0.000000000000000e+00
1.875000000000000e-01 8.125000000000000e-01 0.000000000000000e+00
2.187500000000000e-01 8.125000000000000e-01 0.000000000000000e+00
2.187500000000000e-01 8.437500000000000e-01 0.000000000000000e+00
1.875000000000000e-01 8.437500000000000e-01 0.000000000000000e+00
2.187500000000000e-01 8.125000000000000e-01 0.000000000000000e+00
2.500000000000000e-01 8.125000000000000e-01 0.000000000000000e+00
2.500000000000000e-01 8.437500000000000e-01 0.000000000000000e+00
2.187500000000000e-01 8.437500000000000e-01 0.000000000000000e+00
2.500000000000000e-01 8.125000000000000e-01 0.000000000000000e+00
2.812500000000000e-01 8.125000000000000e-01 0.000000000000000e+00
2.812500000000000e-01 8.437500000000000e-01 0.000000000000000e+00
2.500000000000000e-01 8.437500000000000e-01 0.000000000000000e+00
2.812500000000000e-01 8.125000000000000e-01 0.000000000000000e+00
3.125000000000000e-01 8.125000000000000e-01 0.000000000000000e+00
3.125000000000000e-01 8.437500000000000e-01 0.000000000000000e+00
2.812500000000000e-01 8.437500000000000e-01 0.000000000000000e+00
3.125000000000000e-01 8.125000000000000e-01 0.000000000000000e+00
3.437500000000000e-01 8.125000000000000e-01 0.000000000000000e+00
3.437500000000000e-01 8.437500000000000e-01 0.000000000000000e+00
3.125000000000000e-01 8.437500000000000e-01 0.000000000000000e+00
3.437500000000000e-01 8.125000000000000e-01 0.000000000000000e+00
3.750000000000000e-01 8.125000000000000e-01 0.000000000000000e+00
3.750000000000000e-01 8.437500000000000e-01 0.000000000000000e+00
3.437500000000000e-01 8.437500000000000e-01 0.000000000000000e+00
3.750000000000000e-01 8.125000000000000e-01 0.000000000000000e+00
4.062500000000000e-01 8.125000000000000e-01 0.000000000000000e+00
4.062500000000000e-01 8.437500000000000e-01 0.000000000000000e+00
3.750000000000000e-01 8.437500000000000e-01 0.000000000000000e+00
4.062500000000000e-01 8.125000000000000e-01 0.000000000000000e+00
4.375000000000000e-01 8.125000000000000e-01 0.000000000000000e+00
4.375000000000000e-01 8.437500000000000e-01 0.000000000000000e+00
4.062500000000000e-01 8.437500000000000e-01 0.000000000000000e+00
4.375000000000000e-01 8.125000000000000e-01 0.000000000000000e+00
4.687500000000000e-01 8.125000000000000e-01 0.000000000000000e+00
4.687500000000000e-01 8.437500000000000e-01 0.000000000000000e+00
4.375000000000000e-01 8.437500000000000e-01 0.000000000000000e+00
4.687500000000000e-01 8.125000000000000e-01 0.000000000000000e+00
5.000000000000000e-01 8.125000000000000e-01 0.000000000000000e+00
5.000000000000000e-01 8.437500000000000e-01 0.000000000000000e+00
4.687500000000000e-01 8.437500000000000e-01 0.000000000000000e+00
5.000000000000000e-01 8.125000000000000e-01 0.000000000000000e+00
5.312500000000000e-01 8.125000000000000e-01 0.000000000000000e+00
5.312500000000000e-01 8.437500000000000e-01 0.000000000000000e+00
5.000000000000000e-01 8.437500000000000e-01 0.000000000000000e+00
5.312500000000000e-01 8.125000000000000e-01 0.000000000000000e+00
5.625000000000000e-01 8.125000000000000e-01 0.000000000000000e+00
5.625000000000000e-01 8.437500000000000e-01 0.000000000000000e+00
5.312500000000000e-01 8.437500000000000e-01 0.000000000000000e+00
5.625000000000000e-01 8.125000000000000e-01 0.000000000000000e+00
5.937500000000000e-01 8.125000000000000e-01 0.000000000000000e+00
5.937500000000000e-01 8.437500000000000e-01 0.000000000000000e+00
5.625000000000000e-01 8.437500000000000e-01 0.000000000000000e+00
5.937500000000000e-01 8.125000000000000e-01 0.000000000000000e+00
6.250000000000000e-01 8.125000000000000e-01 0.000000000000000e+00
6.250000000000000e-01 8.437500000000000e-01 0.000000000000000e+00
5.937500000000000e-01 8.437500000000000e-01 0.000000000000000e+00
6.250000000000000e-01 8.125000000000000e-01 0.000000000000000e+00
6.562500000000000e-01 8.125000000000000e-01 0.000000000000000e+00
6.562500000000000e-01 8.437500000000000e-01 0.000000000000000e+00
6.250000000000000e-01 8.437500000000000e-01 0.000000000000000e+00
6.562500000000000e-01 8.125000000000000e-01 0.000000000000000e+00
6.875000000000000e-01 8.125000000000000e-01 0.000000000000000e+00
6.875000000000000e-01 8.437500000000000e-01 0.000000000000000e+00
6.562500000000000e-01 8.437500000000000e-01 0.000000000000000e+00
6.875000000000000e-01 8.125000000000000e-01 0.000000000000000e+00
7.187500000000000e-01 8.125000000000000e-01 0.000000000000000e+00
7.187500000000000e-01 8.437500000000000e-01 0.000000000000000e+00
6.875000000000000e-01 8.437500000000000e-01 0.000000000000000e+00
7.187500000000000e-01 8.125000000000000e-01 0.000000000000000e+00
7.500000000000000e-01 8.125000000000000e-01 0.000000000000000e+00
7.500000000000000e-01 8.437500000000000e-01 0.000000000000000e+00
7.187500000000000e-01 8.437500000000000e-01 0.000000000000000e+00
7.500000000000000e-01 8.125000000000000e-01 0.000000000000000e+00
7.812500000000000e-01 8.125000000000000e-01 0.000000000000000e+00
7.812500000000000e-01 8.437500000000000e-01 0.000000000000000e+00
7.500000000000000e-01 8.437500000000000e-01 0.000000000000000e+00
7.812500000000000e-01 8.125000000000000e-01 0.000000000000000e+00
8.125000000000000e-01 8.125000000000000e-01 0.000000000000000e+00
8.125000000000000e-01 8.437500000000000e-01 0.000000000000000e+00
7.812500000000000e-01 8.437500000000000e-01 0.000000000000000e+00
8.125000000000000e-01 8.125000000000000e-01 0.000000000000000e+00
8.437500000000000e-01 8.125000000000000e-01 0.000000000000000e+00
8.437500000000000e-01 8.437500000000000e-01 0.000000000000000e+00
8.125000000000000e-01 8.437500000000000e-01 0.000000000000000e+00
8.437500000000000e-01 8.125000000000000e-01 0.000000000000000e+00
8.750000000000000e-01 8.125000000000000e-01 0.000000000000000e+00
8.750000000000000e-01 8.437500000000000e-01 0.000000000000000e+00
8.437500000000000e-01 8.437500000000000e-01 0.000000000000000e+00
8.750000000000000e-01 8.125000000000000e-01 0.000000000000000e+00
9.062500000000000e-01 8.125000000000000e-01 0.000000000000000e+00
9.062500000000000e-01 8.437500000000000e-01 0.000000000000000e+00
8.750000000000000e-01 8.437500000000000e-01 0.000000000000000e+00
9.062500000000000e-01 8.125000000000000e-01 0.000000000000000e+00
9.375000000000000e-01 8.125000000000000e-01 0.000000000000000e+00
9.375000000000000e-01 8.437500000000000e-01 0.000000000000000e+00
9.062500000000000e-01 8.437500000000000e-01 0.000000000000000e+00
9.375000000000000e-01 8.125000000000000e-01 0.000000000000000e+00
9.687500000000000e-01 8.125000000000000e-01 0.000000000000000e+00
9.687500000000000e-01 8.437500000000000e-01 0.000000000000000e+00
9.375000000000000e-01 8.437500000000000e-01 0.000000000000000e+00
9.687500000000000e-01 8.125000000000000e-01 0.000000000000000e+00
1.000000000000000e+00 8.125000000000000e-01 0.000000000000000e+00
1.000000000000000e+00 8.437500000000000e-01 0.000000000000000e+00
9.687500000000000e-01 8.437500000000000e-01 0.000000000000000e+00
0.000000000000000e+00 8.437500000000000e-01 0.000000000000000e+00
3.125000000000000e-02 8.437500000000000e-01 0.000000000000000e+00
3.125000000000000e-02 8.750000000000000e-01 0.000000000000000e+00
0.000000000000000e+00 8.750000000000000e-01 0.000000000000000e+00
3.125000000000000e-02 8.437500000000000e-01 0.000000000000000e+00
6.250000000000000e-02 8.437500000000000e-01 0.000000000000000e+00
6.250000000000000e-02 8.750000000000000e-01 0.000000000000000e+00
3.125000000000000e-02 8.750000000000000e-01 0.000000000000000e+00
6.250000000000000e-02 8.437500000000000e-01 0.000000000000000e+00
9.375000000000000e-02 8.437500000000000e-01 0.000000000000000e+00
9.375000000000000e-02 8.750000000000000e-01 0.000000000000000e+00
6.250000000000000e-02 8.750000000000000e-01 0.000000000000000e+00
9.375000000000000e-02 8.437500000000000e-01 0.000000000000000e+00
1.250000000000000e-01 8.437500000000000e-01 0.000000000000000e+00
1.250000000000000e-01 8.750000000000000e-01 0.000000000000000e+00
9.375000000000000e-02 8.750000000000000e-01 0.000000000000000e+00
1.250000000000000e-01 8.437500000000000e-01 0.000000000000000e+00
1.562500000000000e-01 8.437500000000000e-01 0.000000000000000e+00
1.562500000000000e-01 8.750000000000000e-01 0.000000000000000e+00
1.250000000000000e-01 8.750000000000000e-01 0.000000000000000e+00
1.562500000000000e-01 8.437500000000000e-01 0.000000000000000e+00
1.875000000000000e-01 8.437500000000000e-01 0.000000000000000e+00
1.875000000000000e-01 8.750000000000000e-01 0.000000000000000e+00
1.562500000000000e-01 8.750000000000000e-01 0.000000000000000e+00
1.875000000000000e-01 8.437500000000000e-01 0.000000000000000e+00
2.187500000000000e-01 8.437500000000000e-01 0.000000000000000e+00
2.187500000000000e-01 8.750000000000000e-01 0.000000000000000e+00
1.875000000000000e-01 8.750000000000000e-01 0.000000000000000e+00
2.187500000000000e-01 8.437500000000000e-01 0.000000000000000e+00
2.500000000000000e-01 8.437500000000000e-01 0.000000000000000e+00
2.500000000000000e-01 8.750000000000000e-01 0.000000000000000e+00
2.187500000000000e-01 8.750000000000000e-01 0.000000000000000e+00
2.500000000000000e-01 8.437500000000000e-01 0.000000000000000e+00
2.812500000000000e-01 8.437500000000000e-01 0.000000000000000e+00
2.812500000000000e-01 8.750000000000000e-01 0.000000000000000e+00
2.500000000000000e-01 8.750000000000000e-01 0.000000000000000e+00
2.812500000000000e-01 8.437500000000000e-01 0.000000000000000e+00
3.125000000000000e-01 8.437500000000000e-01 0.000000000000000e+00
3.125000000000000e-01 8.750000000000000e-01 0.000000000000000e+00
2.812500000000000e-01 8.750000000000000e-01 0.000000000000000e+00
3.125000000000000e-01 8.437500000000000e-01 0.000000000000000e+00
3.437500000000000e-01 8.437500000000000e-01 0.000000000000000e+00
3.437500000000000e-01 8.750000000000000e-01 0.000000000000000e+00
3.125000000000000e-01 8.750000000000000e-01 0.000000000000000e+00
3.437500000000000e-01 8.437500000000000e-01 0.000000000000000e+00
3.750000000000000e-01 8.437500000000000e-01 0.000000000000000e+00
3.750000000000000e-01 8.750000000000000e-01 0.000000000000000e+00
3.437500000000000e-01 8.750000000000000e-01 0.000000000000000e+00
3.750000000000000e-01 8.437500000000000e-01 0.000000000000000e+00
4.062500000000000e-01 8.437500000000000e-01 0.000000000000000e+00
4.062500000000000e-01 8.750000000000000e-01 0.000000000000000e+00
3.750000000000000e-01 8.750000000000000e-01 0.000000000000000e+00
4.062500000000000e-01 8.437500000000000e-01 0.000000000000000e+00
4.375000000000000e-01 8.437500000000000e-01 0.000000000000000e+00
4.375000000000000e-01 8.750000000000000e-01 0.000000000000000e+00
4.062500000000000e-01 8.750000000000000e-01 0.000000000000000e+00
4.375000000000000e-01 8.437500000000000e-01 0.000000000000000e+00
4.687500000000000e-01 8.437500000000000e-01 0.000000000000000e+00
4.687500000000000e-01 8.750000000000000e-01 0.000000000000000e+00
4.375000000000000e-01 8.750000000000000e-01 0.000000000000000e+00
4.687500000000000e-01 8.437500000000000e-01 0.000000000000000e+00
5.000000000000000e-01 8.437500000000000e-01 0.000000000000000e+00
5.000000000000000e-01 8.750000000000000e-01 0.000000000000000e+00
4.687500000000000e-01 8.750000000000000e-01 0.000000000000000e+00
5.000000000000000e-01 8.437500000000000e-01 0.000000000000000e+00
5.312500000000000e-01 8.437500000000000e-01 0.000000000000000e+00
5.312500000000000e-01 8.750000000000000e-01 0.000000000000000e+00
5.000000000000000e-01 8.750000000000000e-01 0.000000000000000e+00
5.312500000000000e-01 8.437500000000000e-01 0.000000000000000e+00
5.625000000000000e-01 8.437500000000000e-01 0.000000000000000e+00
5.625000000000000e-01 8.750000000000000e-01 0.000000000000000e+00
5.312500000000000e-01 8.750000000000000e-01 0.000000000000000e+00
5.625000000000000e-01 8.437500000000000e-01 0.000000000000000e+00
5.937500000000000e-01 8.437500000000000e-01 0.000000000000000e+00
5.937500000000000e-01 8.750000000000000e-01 0.000000000000000e+00
5.625000000000000e-01 8.750000000000000e-01 0.000000000000000e+00
5.937500000000000e-01 8.437500000000000e-01 0.000000000000000e+00
6.250000000000000e-01 8.437500000000000e-01 0.000000000000000e+00
6.250000000000000e-01 8.750000000000000e-01 0.000000000000000e+00
5.937500000000000e-01 8.750000000000000e-01 0.000000000000000e+00
6.250000000000000e-01 8.437500000000000e-01 0.000000000000000e+00
6.562500000000000e-01 8.437500000000000e-01 0.000000000000000e+00
6.562500000000000e-01 8.750000000000000e-01 0.000000000000000e+00
6.250000000000000e-01 8.750000000000000e-01 0.000000000000000e+00
6.562500000000000e-01 8.437500000000000e-01 0.000000000000000e+00
6.875000000000000e-01 8.437500000000000e-01 0.000000000000000e+00
6.875000000000000e-01 8.750000000000000e-01 0.000000000000000e+00
6.562500000000000e-01 8.750000000000000e-01 0.000000000000000e+00
6.875000000000000e-01 8.437500000000000e-01 0.000000000000000e+00
7.187500000000000e-01 8.437500000000000e-01 0.000000000000000e+00
7.187500000000000e-01 8.750000000000000e-01 0.000000000000000e+00
6.875000000000000e-01 8.750000000000000e-01 0.000000000000000e+00
7.187500000000000e-01 8.437500000000000e-01 0.000000000000000e+00
7.500000000000000e-01 8.437500000000000e-01 0.000000000000000e+00
7.500000000000000e-01 8.750000000000000e-01 0.000000000000000e+00
7.187500000000000e-01 8.750000000000000e-01 0.000000000000000e+00
7.500000000000000e-01 8.437500000000000e-01 0.000000000000000e+00
7.812500000000000e-01 8.437500000000000e-01 0.000000000000000e+00
7.812500000000000e-01 8.750000000000000e-01 0.000000000000000e+00
7.500000000000000e-01 8.750000000000000e-01 0.000000000000000e+00
7.812500000000000e-01 8.437500000000000e-01 0.000000000000000e+00
8.125000000000000e-01 8.437500000000000e-01 0.000000000000000e+00
8.125000000000000e-01 8.750000000000000e-01 0.000000000000000e+00
7.812500000000000e-01 8.750000000000000e-01 0.000000000000000e+00
8.125000000000000e-01 8.437500000000000e-01 0.000000000000000e+00
8.437500000000000e-01 8.437500000000000e-01 0.000000000000000e+00
8.437500000000000e-01 8.750000000000000e-01 0.000000000000000e+00
8.125000000000000e-01 8.750000000000000e-01 0.000000000000000e+00
8.437500000000000e-01 8.437500000000000e-01 0.000000000000000e+00
8.750000000000000e-01 8.437500000000000e-01 0.000000000000000e+00
8.750000000000000e-01 8.750000000000000e-01 0.000000000000000e+00
8.437500000000000e-01 8.750000000000000e-01 0.000000000000000e+00
8.750000000000000e-01 8.437500000000000e-01 0.000000000000000e+00
9.062500000000000e-01 8.437500000000000e-01 0.000000000000000e+00
9.062500000000000e-01 8.750000000000000e-01 0.000000000000000e+00
8.750000000000000e-01 8.750000000000000e-01 0.000000000000000e+00
9.062500000000000e-01 8.437500000000000e-01 0.000000000000000e+00
9.375000000000000e-01 8.437500000000000e-01 0.000000000000000e+00
9.375000000000000e-01 8.750000000000000e-01 0.000000000000000e+00
9.062500000000000e-01 8.750000000000000e-01 0.000000000000000e+00
9.375000000000000e-01 8.437500000000000e-01 0.000000000000000e+00
9.687500000000000e-01 8.437500000000000e-01 0.000000000000000e+00
9.687500000000000e-01 8.750000000000000e-01 0.000000000000000e+00
9.375000000000000e-01 8.750000000000000e-01 0.000000000000000e+00
9.687500000000000e-01 8.437500000000000e-01 0.000000000000000e+00
1.000000000000000e+00 8.437500000000000e-01 0.000000000000000e+00
1.000000000000000e+00 8.750000000000000e-01 0.000000000000000e+00
9.687500000000000e-01 8.750000000000000e-01 0.000000000000000e+00
0.000000000000000e+00 8.750000000000000e-01 0.000000000000000e+00
3.125000000000000e-02 8.750000000000000e-01 0.000000000000000e+00
3.125000000000000e-02 9.062500000000000e-01 0.000000000000000e+00
0.000000000000000e+00 9.062500000000000e-01 0.000000000000000e+00
3.125000000000000e-02 8.750000000000000e-01 0.000000000000000e+00
6.250000000000000e-02 8.750000000000000e-01 0.000000000000000e+00
6.250000000000000e-02 9.062500000000000e-01 0.000000000000000e+00
3.125000000000000e-02 9.062500000000000e-01 0.000000000000000e+00
6.250000000000000e-02 8.750000000000000e-01 0.000000000000000e+00
9.375000000000000e-02 8.750000000000000e-01 0.000000000000000e+00
9.375000000000000e-02 9.062500000000000e-01 0.000000000000000e+00
6.250000000000000e-02 9.062500000000000e-01 0.000000000000000e+00
9.375000000000000e-02 8.750000000000000e-01 0.000000000000000e+00
1.250000000000000e-01 8.750000000000000e-01 0.000000000000000e+00
1.250000000000000e-01 9.062500000000000e-01 0.000000000000000e+00
9.375000000000000e-02 9.062500000000000e-01 0.000000000000000e+00
1.250000000000000e-01 8.750000000000000e-01 0.000000000000000e+00
1.562500000000000e-01 8.750000000000000e-01 0.000000000000000e+00
1.562500000000000e-01 9.062500000000000e-01 0.000000000000000e+00
1.250000000000000e-01 9.062500000000000e-01 0.000000000000000e+00
1.562500000000000e-01 8.750000000000000e-01 0.000000000000000e+00
1.875000000000000e-01 8.750000000000000e-01 0.000000000000000e+00
1.875000000000000e-01 9.062500000000000e-01 0.000000000000000e+00
1.562500000000000e-01 9.062500000000000e-01 0.000000000000000e+00
1.875000000000000e-01 8.750000000000000e-01 0.000000000000000e+00
2.187500000000000e-01 8.750000000000000e-01 0.000000000000000e+00
2.187500000000000e-01 9.062500000000000e-01 0.000000000000000e+00
1.875000000000000e-01 9.062500000000000e-01 0.000000000000000e+00
2.187500000000000e-01 8.750000000000000e-01 0.000000000000000e+00
2.500000000000000e-01 8.750000000000000e-01 0.000000000000000e+00
2.500000000000000e-01 9.062500000000000e-01 0.000000000000000e+00
2.187500000000000e-01 9.062500000000000e-01 0.000000000000000e+00
2.500000000000000e-01 8.750000000000000e-01 0.000000000000000e+00
2.812500000000000e-01 8.750000000000000e-01 0.000000000000000e+00
2.812500000000000e-01 9.062500000000000e-01 0.000000000000000e+00
2.500000000000000e-01 9.062500000000000e-01 0.000000000000000e+00
2.812500000000000e-01 8.750000000000000e-01 0.000000000000000e+00
3.125000000000000e-01 8.750000000000000e-01 0.000000000000000e+00
3.125000000000000e-01 9.062500000000000e-01 0.000000000000000e+00
2.812500000000000e-01 9.062500000000000e-01 0.000000000000000e+00
3.125000000000000e-01 8.750000000000000e-01 0.000000000000000e+00
3.437500000000000e-01 8.750000000000000e-01 0.000000000000000e+00
3.437500000000000e-01 9.062500000000000e-01 0.000000000000000e+00
3.125000000000000e-01 9.062500000000000e-01 0.000000000000000e+00
3.437500000000000e-01 8.750000000000000e-01 0.000000000000000e+00
3.750000000000000e-01 8.750000000000000e-01 0.000000000000000e+00
3.750000000000000e-01 9.062500000000000e-01 0.000000000000000e+00
3.437500000000000e-01 9.062500000000000e-01 0.000000000000000e+00
3.750000000000000e-01 8.750000000000000e-01 0.000000000000000e+00
4.062500000000000e-01 8.750000000000000e-01 0.000000000000000e+00
4.062500000000000e-01 9.062500000000000e-01 0.000000000000000e+00
3.750000000000000e-01 9.062500000000000e-01 0.000000000000000e+00
4.062500000000000e-01 8.750000000000000e-01 0.000000000000000e+00
4.375000000000000e-01 8.750000000000000e-01 0.000000000000000e+00
4.375000000000000e-01 9.062500000000000e-01 0.000000000000000e+00
4.062500000000000e-01 9.062500000000000e-01 0.000000000000000e+00
4.375000000000000e-01 8.750000000000000e-01 0.000000000000000e+00
4.687500000000000e-01 8.750000000000000e-01 0.000000000000000e+00
4.687500000000000e-01 9.062500000000000e-01 0.000000000000000e+00
4.375000000000000e-01 9.062500000000000e-01 0.000000000000000e+00
4.687500000000000e-01 8.750000000000000e-01 0.000000000000000e+00
5.000000000000000e-01 8.750000000000000e-01 0.000000000000000e+00
5.000000000000000e-01 9.062500000000000e-01 0.000000000000000e+00
4.687500000000000e-01 9.062500000000000e-01 0.000000000000000e+00
5.000000000000000e-01 8.750000000000000e-01 0.000000000000000e+00
5.312500000000000e-01 8.750000000000000e-01 0.000000000000000e+00
5.312500000000000e-01 9.062500000000000e-01 0.000000000000000e+00
5.000000000000000e-01 9.062500000000000e-01 0.000000000000000e+00
5.312500000000000e-01 8.750000000000000e-01 0.000000000000000e+00
5.625000000000000e-01 8.750000000000000e-01 0.000000000000000e+00
5.625000000000000e-01 9.062500000000000e-01 0.000000000000000e+00
5.312500000000000e-01 9.062500000000000e-01 0.000000000000000e+00
5.625000000000000e-01 8.750000000000000e-01 0.000000000000000e+00
5.937500000000000e-01 8.750000000000000e-01 0.000000000000000e+00
5.937500000000000e-01 9.062500000000000e-01 0.000000000000000e+00
5.625000000000000e-01 9.062500000000000e-01 0.000000000000000e+00
5.937500000000000e-01 8.750000000000000e-01 0.000000000000000e+00
6.250000000000000e-01 8.750000000000000e-01 0.000000000000000e+00
6.250000000000000e-01 9.062500000000000e-01 0.000000000000000e+00
5.937500000000000e-01 9.062500000000000e-01 0.000000000000000e+00
6.250000000000000e-01 8.750000000000000e-01 0.000000000000000e+00
6.562500000000000e-01 8.750000000000000e-01 0.000000000000000e+00
6.562500000000000e-01 9.062500000000000e-01 0.000000000000000e+00
6.250000000000000e-01 9.062500000000000e-01 0.000000000000000e+00
6.562500000000000e-01 8.750000000000000e-01 0.000000000000000e+00
6.875000000000000e-01 8.750000000000000e-01 0.000000000000000e+00
6.875000000000000e-01 9.062500000000000e-01 0.000000000000000e+00
6.562500000000000e-01 9.062500000000000e-01 0.000000000000000e+00
6.875000000000000e-01 8.750000000000000e-01 0.000000000000000e+00
7.187500000000000e-01 8.750000000000000e-01 0.000000000000000e+00
7.187500000000000e-01 9.062500000000000e-01 0.000000000000000e+00
6.875000000000000e-01 9.062500000000000e-01 0.000000000000000e+00
7.187500000000000e-01 8.750000000000000e-01 0.000000000000000e+00
7.500000000000000e-01 8.750000000000000e-01 0.000000000000000e+00
7.500000000000000e-01 9.062500000000000e-01 0.000000000000000e+00
7.187500000000000e-01 9.062500000000000e-01 0.000000000000000e+00
7.500000000000000e-01 8.750000000000000e-01 0.000000000000000e+00
7.812500000000000e-01 8.750000000000000e-01 0.000000000000000e+00
7.812500000000000e-01 9.062500000000000e-01 0.000000000000000e+00
7.500000000000000e-01 9.062500000000000e-01 0.000000000000000e+00
7.812500000000000e-01 8.750000000000000e-01 0.000000000000000e+00
8.125000000000000e-01 8.750000000000000e-01 0.000000000000000e+00
8.125000000000000e-01 9.062500000000000e-01 0.000000000000000e+00
7.812500000000000e-01 9.062500000000000e-01 0.000000000000000e+00
8.125000000000000e-01 8.750000000000000e-01 0.000000000000000e+00
8.437500000000000e-01 8.750000000000000e-01 0.000000000000000e+00
8.437500000000000e-01 9.062500000000000e-01 0.000000000000000e+00
8.125000000000000e-01 9.062500000000000e-01 0.000000000000000e+00
8.437500000000000e-01 8.750000000000000e-01 0.000000000000000e+00
8.750000000000000e-01 8.750000000000000e-01 0.000000000000000e+00
8.750000000000000e-01 9.062500000000000e-01 0.000000000000000e+00
8.437500000000000e-01 9.062500000000000e-01 0.000000000000000e+00
8.750000000000000e-01 8.750000000000000e-01 0.000000000000000e+00
9.062500000000000e-01 8.750000000000000e-01 0.000000000000000e+00
9.062500000000000e-01 9.062500000000000e-01 0.000000000000000e+00
8.750000000000000e-01 9.062500000000000e-01 0.000000000000000e+00
9.062500000000000e-01 8.750000000000000e-01 0.000000000000000e+00
9.375000000000000e-01 8.750000000000000e-01 0.000000000000000e+00
9.375000000000000e-01 9.062500000000000e-01 0.000000000000000e+00
9.062500000000000e-01 9.062500000000000e-01 0.000000000000000e+00
9.375000000000000e-01 8.750000000000000e-01 0.000000000000000e+00
9.687500000000000e-01 8.750000000000000e-01 0.000000000000000e+00
9.687500000000000e-01 9.062500000000000e-01 0.000000000000000e+00
9.375000000000000e-01 9.062500000000000e-01 0.000000000000000e+00
9.687500000000000e-01 8.750000000000000e-01 0.000000000000000e+00
1.000000000000000e+00 8.750000000000000e-01 0.000000000000000e+00
1.000000000000000e+00 9.062500000000000e-01 0.000000000000000e+00
9.687500000000000e-01 9.062500000000000e-01 0.000000000000000e+00
0.000000000000000e+00 9.062500000000000e-01 0.000000000000000e+00
3.125000000000000e-02 9.062500000000000e-01 0.000000000000000e+00
3.125000000000000e-02 9.375000000000000e-01 0.000000000000000e+00
0.000000000000000e+00 9.375000000000000e-01 0.000000000000000e+00
3.125000000000000e-02 9.062500000000000e-01 0.000000000000000e+00
6.250000000000000e-02 9.062500000000000e-01 0.000000000000000e+00
6.250000000000000e-02 9.375000000000000e-01 0.000000000000000e+00
3.125000000000000e-02 9.375000000000000e-01 0.000000000000000e+00
6.250000000000000e-02 9.062500000000000e-01 0.000000000000000e+00
9.375000000000000e-02 9.062500000000000e-01 0.000000000000000e+00
9.375000000000000e-02 9.375000000000000e-01 0.000000000000000e+00
6.250000000000000e-02 9.375000000000000e-01 0.000000000000000e+00
9.375000000000000e-02 9.062500000000000e-01 0.000000000000000e+00
1.250000000000000e-01 9.062500000000000e-01 0.000000000000000e+00
1.250000000000000e-01 9.375000000000000e-01 0.000000000000000e+00
9.375000000000000e-02 9.375000000000000e-01 0.000000000000000e+00
1.250000000000000e-01 9.062500000000000e-01 0.000000000000000e+00
1.562500000000000e-01 9.062500000000000e-01 0.000000000000000e+00
1.562500000000000e-01 9.375000000000000e-01 0.000000000000000e+00
1.250000000000000e-01 9.375000000000000e-01 0.000000000000000e+00
1.562500000000000e-01 9.062500000000000e-01 0.000000000000000e+00
1.875000000000000e-01 9.062500000000000e-01 0.000000000000000e+00
1.875000000000000e-01 9.375000000000000e-01 0.000000000000000e+00
1.562500000000000e-01 9.375000000000000e-01 0.000000000000000e+00
1.875000000000000e-01 9.062500000000000e-01 0.000000000000000e+00
2.187500000000000e-01 9.062500000000000e-01 0.000000000000000e+00
2.187500000000000e-01 9.375000000000000e-01 0.000000000000000e+00
1.875000000000000e-01 9.375000000000000e-01 0.000000000000000e+00
2.187500000000000e-01 9.062500000000000e-01 0.000000000000000e+00
2.500000000000000e-01 9.062500000000000e-01 0.000000000000000e+00
2.500000000000000e-01 9.375000000000000e-01 0.000000000000000e+00
2.187500000000000e-01 9.375000000000000e-01 0.000000000000000e+00
2.500000000000000e-01 9.062500000000000e-01 0.000000000000000e+00
2.812500000000000e-01 9.062500000000000e-01 0.000000000000000e+00
2.812500000000000e-01 9.375000000000000e-01 0.000000000000000e+00
2.500000000000000e-01 9.375000000000000e-01 0.000000000000000e+00
2.812500000000000e-01 9.062500000000000e-01 0.000000000000000e+00
3.125000000000000e-01 9.062500000000000e-01 0.000000000000000e+00
3.125000000000000e-01 9.375000000000000e-01 0.000000000000000e+00
2.812500000000000e-01 9.375000000000000e-01 0.000000000000000e+00
3.125000000000000e-01 9.062500000000000e-01 0.000000000000000e+00
3.437500000000000e-01 9.062500000000000e-01 0.000000000000000e+00
3.437500000000000e-01 9.375000000000000e-01 0.000000000000000e+00
3.125000000000000e-01 9.375000000000000e-01 0.000000000000000e+00
3.437500000000000e-01 9.062500000000000e-01 0.000000000000000e+00
3.750000000000000e-01 9.062500000000000e-01 0.000000000000000e+00
3.750000000000000e-01 9.375000000000000e-01 0.000000000000000e+00
3.437500000000000e-01 9.375000000000000e-01 0.000000000000000e+00
3.750000000000000e-01 9.062500000000000e-01 0.000000000000000e+00
4.062500000000000e-01 9.062500000000000e-01 0.000000000000000e+00
4.062500000000000e-01 9.375000000000000e-01 0.000000000000000e+00
3.750000000000000e-01 9.375000000000000e-01 0.000000000000000e+00
4.062500000000000e-01 9.062500000000000e-01 0.000000000000000e+00
4.375000000000000e-01 9.062500000000000e-01 0.000000000000000e+00
4.375000000000000e-01 9.375000000000000e-01 0.000000000000000e+00
4.062500000000000e-01 9.375000000000000e-01 0.000000000000000e+00
4.375000000000000e-01 9.062500000000000e-01 0.000000000000000e+00
4.687500000000000e-01 9.062500000000000e-01 0.000000000000000e+00
4.687500000000000e-01 9.375000000000000e-01 0.000000000000000e+00
4.375000000000000e-01 9.375000000000000e-01 0.000000000000000e+00
4.687500000000000e-01 9.062500000000000e-01 0.000000000000000e+00
5.000000000000000e-01 9.062500000000000e-01 0.000000000000000e+00
5.000000000000000e-01 9.375000000000000e-01 0.000000000000000e+00
4.687500000000000e-01 9.375000000000000e-01 0.000000000000000e+00
5.000000000000000e-01 9.062500000000000e-01 0.000000000000000e+00
5.312500000000000e-01 9.062500000000000e-01 0.000000000000000e+00
5.312500000000000e-01 9.375000000000000e-01 0.000000000000000e+00
5.000000000000000e-01 9.375000000000000e-01 0.000000000000000e+00
5.312500000000000e-01 9.062500000000000e-01 0.000000000000000e+00
5.625000000000000e-01 9.062500000000000e-01 0.000000000000000e+00
5.625000000000000e-01 9.375000000000000e-01 0.000000000000000e+00
5.312500000000000e-01 9.375000000000000e-01 0.000000000000000e+00
5.625000000000000e-01 9.062500000000000e-01 0.000000000000000e+00
5.937500000000000e-01 9.062500000000000e-01 0.000000000000000e+00
5.937500000000000e-01 9.375000000000000e-01 0.000000000000000e+00
5.625000000000000e-01 9.375000000000000e-01 0.000000000000000e+00
5.937500000000000e-01 9.062500000000000e-01 0.000000000000000e+00
6.250000000000000e-01 9.062500000000000e-01 0.000000000000000e+00
6.250000000000000e-01 9.375000000000000e-01 0.000000000000000e+00
5.937500000000000e-01 9.375000000000000e-01 0.000000000000000e+00
6.250000000000000e-01 9.062500000000000e-01 0.000000000000000e+00
6.562500000000000e-01 9.062500000000000e-01 0.000000000000000e+00
6.562500000000000e-01 9.375000000000000e-01 0.000000000000000e+00
6.250000000000000e-01 9.375000000000000e-01 0.000000000000000e+00
6.562500000000000e-01 9.062500000000000e-01 0.000000000000000e+00
6.875000000000000e-01 9.062500000000000e-01 0.000000000000000e+00
6.875000000000000e-01 9.375000000000000e-01 0.000000000000000e+00
6.562500000000000e-01 9.375000000000000e-01 0.000000000000000e+00
6.875000000000000e-01 9.062500000000000e-01 0.000000000000000e+00
7.187500000000000e-01 9.062500000000000e-01 0.000000000000000e+00
7.187500000000000e-01 9.375000000000000e-01 0.000000000000000e+00
6.875000000000000e-01 9.375000000000000e-01 0.000000000000000e+00
7.187500000000000e-01 9.062500000000000e-01 0.000000000000000e+00
7.500000000000000e-01 9.062500000000000e-01 0.000000000000000e+00
7.500000000000000e-01 9.375000000000000e-01 0.000000000000000e+00
7.187500000000000e-01 9.375000000000000e-01 0.000000000000000e+00
7.500000000000000e-01 9.062500000000000e-01 0.000000000000000e+00
7.812500000000000e-01 9.062500000000000e-01 0.000000000000000e+00
7.812500000000000e-01 9.375000000000000e-01 0.000000000000000e+00
7.500000000000000e-01 9.375000000000000e-01 0.000000000000000e+00
7.812500000000000e-01 9.062500000000000e-01 0.000000000000000e+00
8.125000000000000e-01 9.062500000000000e-01 0.000000000000000e+00
8.125000000000000e-01 9.375000000000000e-01 0.000000000000000e+00
7.812500000000000e-01 9.375000000000000e-01 0.000000000000000e+00
8.125000000000000e-01 9.062500000000000e-01 0.000000000000000e+00
8.437500000000000e-01 9.062500000000000e-01 0.000000000000000e+00
8.437500000000000e-01 9.375000000000000e-01 0.000000000000000e+00
8.125000000000000e-01 9.375000000000000e-01 0.000000000000000e+00
8.437500000000000e-01 9.062500000000000e-01 0.000000000000000e+00
8.750000000000000e-01 9.062500000000000e-01 0.000000000000000e+00
8.750000000000000e-01 9.375000000000000e-01 0.000000000000000e+00
8.437500000000000e-01 9.375000000000000e-01 0.000000000000000e+00
8.750000000000000e-01 9.062500000000000e-01 0.000000000000000e+00
9.062500000000000e-01 9.062500000000000e-01 0.000000000000000e+00
9.062500000000000e-01 9.375000000000000e-01 0.000000000000000e+00
8.750000000000000e-01 9.375000000000000e-01 0.000000000000000e+00
9.062500000000000e-01 9.062500000000000e-01 0.000000000000000e+00
9.375000000000000e-01 9.062500000000000e-01 0.000000000000000e+00
9.375000000000000e-01 9.375000000000000e-01 0.000000000000000e+00
9.062500000000000e-01 9.375000000000000e-01 0.000000000000000e+00
9.375000000000000e-01 9.062500000000000e-01 0.000000000000000e+00
9.687500000000000e-01 9.062500000000000e-01 0.000000000000000e+00
9.687500000000000e-01 9.375000000000000e-01 0.000000000000000e+00
9.375000000000000e-01 9.375000000000000e-01 0.000000000000000e+00
9.687500000000000e-01 9.062500000000000e-01 0.000000000000000e+00
1.000000000000000e+00 9.062500000000000e-01 0.000000000000000e+00
1.000000000000000e+00 9.375000000000000e-01 0.000000000000000e+00
9.687500000000000e-01 9.375000000000000e-01 0.000000000000000e+00
0.000000000000000e+00 9.375000000000000e-01 0.000000000000000e+00
3.125000000000000e-02 9.375000000000000e-01 0.000000000000000e+00
3.125000000000000e-02 9.687500000000000e-01 0.000000000000000e+00
0.000000000000000e+00 9.687500000000000e-01 0.000000000000000e+00
3.125000000000000e-02 9.375000000000000e-01 0.000000000000000e+00
6.250000000000000e-02 9.375000000000000e-01 0.000000000000000e+00
6.250000000000000e-02 9.687500000000000e-01 0.000000000000000e+00
3.125000000000000e-02 9.687500000000000e-01 0.000000000000000e+00
6.250000000000000e-02 9.375000000000000e-01 0.000000000000000e+00
9.375000000000000e-02 9.375000000000000e-01 0.000000000000000e+00
9.375000000000000e-02 9.687500000000000e-01 0.000000000000000e+00
6.250000000000000e-02 9.687500000000000e-01 0.000000000000000e+00
9.375000000000000e-02 9.375000000000000e-01 0.000000000000000e+00
1.250000000000000e-01 9.375000000000000e-01 0.000000000000000e+00
1.250000000000000e-01 9.687500000000000e-01 0.000000000000000e+00
9.375000000000000e-02 9.687500000000000e-01 0.000000000000000e+00
1.250000000000000e-01 9.375000000000000e-01 0.000000000000000e+00
1.562500000000000e-01 9.375000000000000e-01 0.000000000000000e+00
1.562500000000000e-01 9.687500000000000e-01 0.000000000000000e+00
1.250000000000000e-01 9.687500000000000e-01 0.000000000000000e+00
1.562500000000000e-01 9.375000000000000e-01 0.000000000000000e+00
1.875000000000000e-01 9.375000000000000e-01 0.000000000000000e+00
1.875000000000000e-01 9.687500000000000e-01 0.000000000000000e+00
1.562500000000000e-01 9.687500000000000e-01 0.000000000000000e+00
1.875000000000000e-01 9.375000000000000e-01 0.000000000000000e+00
2.187500000000000e-01 9.375000000000000e-01 0.000000000000000e+00
2.187500000000000e-01 9.687500000000000e-01 0.000000000000000e+00
1.875000000000000e-01 9.687500000000000e-01 0.000000000000000e+00
2.187500000000000e-01 9.375000000000000e-01 0.000000000000000e+00
2.500000000000000e-01 9.375000000000000e-01 0.000000000000000e+00
2.500000000000000e-01 9.687500000000000e-01 0.000000000000000e+00
2.187500000000000e-01 9.687500000000000e-01 0.000000000000000e+00
2.500000000000000e-01 9.375000000000000e-01 0.000000000000000e+00
2.812500000000000e-01 9.375000000000000e-01 0.000000000000000e+00
2.812500000000000e-01 9.687500000000000e-01 0.000000000000000e+00
2.500000000000000e-01 9.687500000000000e-01 0.000000000000000e+00
2.812500000000000e-01 9.375000000000000e-01 0.000000000000000e+00
3.125000000000000e-01 9.375000000000000e-01 0.000000000000000e+00
3.125000000000000e-01 9.687500000000000e-01 0.000000000000000e+00
2.812500000000000e-01 9.687500000000000e-01 0.000000000000000e+00
3.125000000000000e-01 9.375000000000000e-01 0.000000000000000e+00
3.437500000000000e-01 9.375000000000000e-01 0.000000000000000e+00
3.437500000000000e-01 9.687500000000000e-01 0.000000000000000e+00
3.125000000000000e-01 9.687500000000000e-01 0.000000000000000e+00
3.437500000000000e-01 9.375000000000000e-01 0.000000000000000e+00
3.750000000000000e-01 9.375000000000000e-01 0.000000000000000e+00
3.750000000000000e-01 9.687500000000000e-01 0.000000000000000e+00
3.437500000000000e-01 9.687500000000000e-01 0.000000000000000e+00
3.750000000000000e-01 9.375000000000000e-01 0.000000000000000e+00
4.062500000000000e-01 9.375000000000000e-01 0.000000000000000e+00
4.062500000000000e-01 9.687500000000000e-01 0.000000000000000e+00
3.750000000000000e-01 9.687500000000000e-01 0.000000000000000e+00
4.062500000000000e-01 9.375000000000000e-01 0.000000000000000e+00
4.375000000000000e-01 9.375000000000000e-01 0.000000000000000e+00
4.375000000000000e-01 9.687500000000000e-01 0.000000000000000e+00
4.062500000000000e-01 9.687500000000000e-01 0.000000000000000e+00
4.375000000000000e-01 9.375000000000000e-01 0.000000000000000e+00
4.687500000000000e-01 9.375000000000000e-01 0.000000000000000e+00
4.687500000000000e-01 9.687500000000000e-01 0.000000000000000e+00
4.375000000000000e-01 9.687500000000000e-01 0.000000000000000e+00
4.687500000000000e-01 9.375000000000000e-01 0.000000000000000e+00
5.000000000000000e-01 9.375000000000000e-01 0.000000000000000e+00
5.000000000000000e-01 9.687500000000000e-01 0.000000000000000e+00
4.687500000000000e-01 9.687500000000000e-01 0.000000000000000e+00
5.000000000000000e-01 9.375000000000000e-01 0.000000000000000e+00
5.312500000000000e-01 9.375000000000000e-01 0.000000000000000e+00
5.312500000000000e-01 9.687500000000000e-01 0.000000000000000e+00
5.000000000000000e-01 9.687500000000000e-01 0.000000000000000e+00
5.312500000000000e-01 9.375000000000000e-01 0.000000000000000e+00
5.625000000000000e-01 9.375000000000000e-01 0.000000000000000e+00
5.625000000000000e-01 9.687500000000000e-01 0.000000000000000e+00
5.312500000000000e-01 9.687500000000000e-01 0.000000000000000e+00
5.625000000000000e-01 9.375000000000000e-01 0.000000000000000e+00
5.937500000000000e-01 9.375000000000000e-01 0.000000000000000e+00
5.937500000000000e-01 9.687500000000000e-01 0.000000000000000e+00
5.625000000000000e-01 9.687500000000000e-01 0.000000000000000e+00
5.937500000000000e-01 9.375000000000000e-01 0.000000000000000e+00
6.250000000000000e-01 9.375000000000000e-01 0.000000000000000e+00
6.250000000000000e-01 9.687500000000000e-01 0.000000000000000e+00
5.937500000000000e-01 9.687500000000000e-01 0.000000000000000e+00
6.250000000000000e-01 9.375000000000000e-01 0.000000000000000e+00
6.562500000000000e-01 9.375000000000000e-01 0.000000000000000e+00
6.562500000000000e-01 9.687500000000000e-01 0.000000000000000e+00
6.250000000000000e-01 9.687500000000000e-01 0.000000000000000e+00
6.562500000000000e-01 9.375000000000000e-01 0.000000000000000e+00
6.875000000000000e-01 9.375000000000000e-01 0.000000000000000e+00
6.875000000000000e-01 9.687500000000000e-01 0.000000000000000e+00
6.562500000000000e-01 9.687500000000000e-01 0.000000000000000e+00
6.875000000000000e-01 9.375000000000000e-01 0.000000000000000e+00
7.187500000000000e-01 9.375000000000000e-01 0.000000000000000e+00
7.187500000000000e-01 9.687500000000000e-01 0.000000000000000e+00
6.875000000000000e-01 9.687500000000000e-01 0.000000000000000e+00
7.187500000000000e-01 9.375000000000000e-01 0.000000000000000e+00
7.500000000000000e-01 9.375000000000000e-01 0.000000000000000e+00
7.500000000000000e-01 9.687500000000000e-01 0.000000000000000e+00
7.187500000000000e-01 9.687500000000000e-01 0.000000000000000e+00
7.500000000000000e-01 9.375000000000000e-01 0.000000000000000e+00
7.812500000000000e-01 9.375000000000000e-01 0.000000000000000e+00
7.812500000000000e-01 9.687500000000000e-01 0.000000000000000e+00
7.500000000000000e-01 9.687500000000000e-01 0.000000000000000e+00
7.812500000000000e-01 9.375000000000000e-01 0.000000000000000e+00
8.125000000000000e-01 9.375000000000000e-01 0.000000000000000e+00
8.125000000000000e-01 9.687500000000000e-01 0.000000000000000e+00
7.812500000000000e-01 9.687500000000000e-01 0.000000000000000e+00
8.125000000000000e-01 9.375000000000000e-01 0.000000000000000e+00
8.437500000000000e-01 9.375000000000000e-01 0.000000000000000e+00
8.437500000000000e-01 9.687500000000000e-01 0.000000000000000e+00
8.125000000000000e-01 9.687500000000000e-01 0.000000000000000e+00
8.437500000000000e-01 9.375000000000000e-01 0.000000000000000e+00
8.750000000000000e-01 9.375000000000000e-01 0.000000000000000e+00
8.750000000000000e-01 9.687500000000000e-01 0.000000000000000e+00
8.437500000000000e-01 9.687500000000000e-01 0.000000000000000e+00
8.750000000000000e-01 9.375000000000000e-01 0.000000000000000e+00
9.062500000000000e-01 9.375000000000000e-01 0.000000000000000e+00
9.062500000000000e-01 9.687500000000000e-01 0.000000000000000e+00
8.750000000000000e-01 9.687500000000000e-01 0.000000000000000e+00
9.062500000000000e-01 9.375000000000000e-01 0.000000000000000e+00
9.375000000000000e-01 9.375000000000000e-01 0.000000000000000e+00
9.375000000000000e-01 9.687500000000000e-01 0.000000000000000e+00
9.062500000000000e-01 9.687500000000000e-01 0.000000000000000e+00
9.375000000000000e-01 9.375000000000000e-01 0.000000000000000e+00
9.687500000000000e-01 9.375000000000000e-01 0.000000000000000e+00
9.687500000000000e-01 9.687500000000000e-01 0.000000000000000e+00
9.375000000000000e-01 9.687500000000000e-01 0.000000000000000e+00
9.687500000000000e-01 9.375000000000000e-01 0.000000000000000e+00
1.000000000000000e+00 9.375000000000000e-01 0.000000000000000e+00
1.000000000000000e+00 9.687500000000000e-01 0.000000000000000e+00
9.687500000000000e-01 9.687500000000000e-01 0.000000000000000e+00
0.000000000000000e+00 9.687500000000000e-01 0.000000000000000e+00
3.125000000000000e-02 9.687500000000000e-01 0.000000000000000e+00
3.125000000000000e-02 1.000000000000000e+00 0.000000000000000e+00
0.000000000000000e+00 1.000000000000000e+00 0.000000000000000e+00
3.125000000000000e-02 9.687500000000000e-01 0.000000000000000e+00
6.250000000000000e-02 9.687500000000000e-01 0.000000000000000e+00
6.250000000000000e-02 1.000000000000000e+00 0.000000000000000e+00
3.125000000000000e-02 1.000000000000000e+00 0.000000000000000e+00
6.250000000000000e-02 9.687500000000000e-01 0.000000000000000e+00
9.375000000000000e-02 9.687500000000000e-01 0.000000000000000e+00
9.375000000000000e-02 1.000000000000000e+00 0.000000000000000e+00
6.250000000000000e-02 1.000000000000000e+00 0.000000000000000e+00
9.375000000000000e-02 9.687500000000000e-01 0.000000000000000e+00
1.250000000000000e-01 9.687500000000000e-01 0.000000000000000e+00
1.250000000000000e-01 1.000000000000000e+00 0.000000000000000e+00
9.375000000000000e-02 1.000000000000000e+00 0.000000000000000e+00
1.250000000000000e-01 9.687500000000000e-01 0.000000000000000e+00
1.562500000000000e-01 9.687500000000000e-01 0.000000000000000e+00
1.562500000000000e-01 1.000000000000000e+00 0.000000000000000e+00
1.250000000000000e-01 1.000000000000000e+00 0.000000000000000e+00
1.562500000000000e-01 9.687500000000000e-01 0.000000000000000e+00
1.875000000000000e-01 9.687500000000000e-01 0.000000000000000e+00
1.875000000000000e-01 1.000000000000000e+00 0.000000000000000e+00
1.562500000000000e-01 1.000000000000000e+00 0.000000000000000e+00
1.875000000000000e-01 9.687500000000000e-01 0.000000000000000e+00
2.187500000000000e-01 9.687500000000000e-01 0.000000000000000e+00
2.187500000000000e-01 1.000000000000000e+00 0.000000000000000e+00
1.875000000000000e-01 1.000000000000000e+00 0.000000000000000e+00
2.187500000000000e-01 9.687500000000000e-01 0.000000000000000e+00
2.500000000000000e-01 9.687500000000000e-01 0.000000000000000e+00
2.500000000000000e-01 1.000000000000000e+00 0.000000000000000e+00
2.187500000000000e-01 1.000000000000000e+00 0.000000000000000e+00
2.500000000000000e-01 9.687500000000000e-01 0.000000000000000e+00
2.812500000000000e-01 9.687500000000000e-01 0.000000000000000e+00
2.812500000000000e-01 1.000000000000000e+00 0.000000000000000e+00
2.500000000000000e-01 1.000000000000000e+00 0.000000000000000e+00
2.812500000000000e-01 9.687500000000000e-01 0.000000000000000e+00
3.125000000000000e-01 9.687500000000000e-01 0.000000000000000e+00
3.125000000000000e-01 1.000000000000000e+00 0.000000000000000e+00
2.812500000000000e-01 1.000000000000000e+00 0.000000000000000e+00
3.125000000000000e-01 9.687500000000000e-01 0.000000000000000e+00
3.437500000000000e-01 9.687500000000000e-01 0.000000000000000e+00
3.437500000000000e-01 1.000000000000000e+00 0.000000000000000e+00
3.125000000000000e-01 1.000000000000000e+00 0.000000000000000e+00
3.437500000000000e-01 9.687500000000000e-01 0.000000000000000e+00
3.750000000000000e-01 9.687500000000000e-01 0.000000000000000e+00
3.750000000000000e-01 1.000000000000000e+00 0.000000000000000e+00
3.437500000000000e-01 1.000000000000000e+00 0.000000000000000e+00
3.750000000000000e-01 9.687500000000000e-01 0.000000000000000e+00
4.062500000000000e-01 9.687500000000000e-01 0.000000000000000e+00
4.062500000000000e-01 1.000000000000000e+00 0.000000000000000e+00
3.750000000000000e-01 1.000000000000000e+00 0.000000000000000e+00
4.062500000000000e-01 9.687500000000000e-01 0.000000000000000e+00
4.375000000000000e-01 9.687500000000000e-01 0.000000000000000e+00
4.375000000000000e-01 1.000000000000000e+00 0.000000000000000e+00
4.062500000000000e-01 1.000000000000000e+00 0.000000000000000e+00
4.375000000000000e-01 9.687500000000000e-01 0.000000000000000e+00
4.687500000000000e-01 9.687500000000000e-01 0.000000000000000e+00
4.687500000000000e-01 1.000000000000000e+00 0.000000000000000e+00
4.375000000000000e-01 1.000000000000000e+00 0.000000000000000e+00
4.687500000000000e-01 9.687500000000000e-01 0.000000000000000e+00
5.000000000000000e-01 9.687500000000000e-01 0.000000000000000e+00
5.000000000000000e-01 1.000000000000000e+00 0.000000000000000e+00
4.687500000000000e-01 1.000000000000000e+00 0.000000000000000e+00
5.000000000000000e-01 9.687500000000000e-01 0.000000000000000e+00
5.312500000000000e-01 9.687500000000000e-01 0.000000000000000e+00
5.312500000000000e-01 1.000000000000000e+00 0.000000000000000e+00
5.000000000000000e-01 1.000000000000000e+00 0.000000000000000e+00
5.312500000000000e-01 9.687500000000000e-01 0.000000000000000e+00
5.625000000000000e-01 9.687500000000000e-01 0.000000000000000e+00
5.625000000000000e-01 1.000000000000000e+00 0.000000000000000e+00
5.312500000000000e-01 1.000000000000000e+00 0.000000000000000e+00
5.625000000000000e-01 9.687500000000000e-01 0.000000000000000e+00
5.937500000000000e-01 9.687500000000000e-01 0.000000000000000e+00
5.937500000000000e-01 1.000000000000000e+00 0.000000000000000e+00
5.625000000000000e-01 1.000000000000000e+00 0.000000000000000e+00
5.937500000000000e-01 9.687500000000000e-01 0.000000000000000e+00
6.250000000000000e-01 9.687500000000000e-01 0.000000000000000e+00
6.250000000000000e-01 1.000000000000000e+00 0.000000000000000e+00
5.937500000000000e-01 1.000000000000000e+00 0.000000000000000e+00
6.250000000000000e-01 9.687500000000000e-01 0.000000000000000e+00
6.562500000000000e-01 9.687500000000000e-01 0.000000000000000e+00
6.562500000000000e-01 1.000000000000000e+00 0.000000000000000e+00
6.250000000000000e-01 1.000000000000000e+00 0.000000000000000e+00
6.562500000000000e-01 9.687500000000000e-01 0.000000000000000e+00
6.875000000000000e-01 9.687500000000000e-01 0.000000000000000e+00
6.875000000000000e-01 1.000000000000000e+00 0.000000000000000e+00
6.562500000000000e-01 1.000000000000000e+00 0.000000000000000e+00
6.875000000000000e-01 9.687500000000000e-01 0.000000000000000e+00
7.187500000000000e-01 9.687500000000000e-01 0.000000000000000e+00
7.187500000000000e-01 1.000000000000000e+00 0.000000000000000e+00
6.875000000000000e-01 1.000000000000000e+00 0.000000000000000e+00
7.187500000000000e-01 9.687500000000000e-01 0.000000000000000e+00
7.500000000000000e-01 9.687500000000000e-01 0.000000000000000e+00
7.500000000000000e-01 1.000000000000000e+00 0.000000000000000e+00
7.187500000000000e-01 1.000000000000000e+00 0.000000000000000e+00
7.500000000000000e-01 9.687500000000000e-01 0.000000000000000e+00
7.812500000000000e-01 9.687500000000000e-01 0.000000000000000e+00
7.812500000000000e-01 1.000000000000000e+00 0.000000000000000e+00
7.500000000000000e-01 1.000000000000000e+00 0.000000000000000e+00
7.812500000000000e-01 9.687500000000000e-01 0.000000000000000e+00
8.125000000000000e-01 9.687500000000000e-01 0.000000000000000e+00
8.125000000000000e-01 1.000000000000000e+00 0.000000000000000e+00
7.812500000000000e-01 1.000000000000000e+00 0.000000000000000e+00
8.125000000000000e-01 9.687500000000000e-01 0.000000000000000e+00
8.437500000000000e-01 9.687500000000000e-01 0.000000000000000e+00
8.437500000000000e-01 1.000000000000000e+00 0.000000000000000e+00
8.125000000000000e-01 1.000000000000000e+00 0.000000000000000e+00
8.437500000000000e-01 9.687500000000000e-01 0.000000000000000e+00
8.750000000000000e-01 9.687500000000000e-01 0.000000000000000e+00
8.750000000000000e-01 1.000000000000000e+00 0.000000000000000e+00
8.437500000000000e-01 1.000000000000000e+00 0.000000000000000e+00
8.750000000000000e-01 9.687500000000000e-01 0.000000000000000e+00
9.062500000000000e-01 9.687500000000000e-01 0.000000000000000e+00
9.062500000000000e-01 1.000000000000000e+00 0.000000000000000e+00
8.750000000000000e-01 1.000000000000000e+00 0.000000000000000e+00
9.062500000000000e-01 9.687500000000000e-01 0.000000000000000e+00
9.375000000000000e-01 9.687500000000000e-01 0.000000000000000e+00
9.375000000000000e-01 1.000000000000000e+00 0.000000000000000e+00
9.062500000000000e-01 1.000000000000000e+00 0.000000000000000e+00
9.375000000000000e-01 9.687500000000000e-01 0.000000000000000e+00
9.687500000000000e-01 9.687500000000000e-01 0.000000000000000e+00
9.687500000000000e-01 1.000000000000000e+00 0.000000000000000e+00
9.375000000000000e-01 1.000000000000000e+00 0.000000000000000e+00
9.687500000000000e-01 9.687500000000000e-01 0.000000000000000e+00
1.000000000000000e+00 9.687500000000000e-01 0.000000000000000e+00
1.000000000000000e+00 1.000000000000000e+00 0.000000000000000e+00
9.687500000000000e-01 1.000000000000000e+00 0.000000000000000e+00
        </DataArray>
      </Points>

      <Cells>
        <DataArray type="Int32" Name="connectivity" format="ascii">
0 1 2 3 4 5 6 7 8 9 10 11 12 13 14 15 16 17 18 19 20 21 22 23 24 25 26 27 28 29 30 31 32 33 34 35 36 37 38 39 40 41 42 43 44 45 46 47 48 49 50 51 52 53 54 55 56 57 58 59 60 61 62 63 64 65 66 67 68 69 70 71 72 73 74 75 76 77 78 79 80 81 82 83 84 85 86 87 88 89 90 91 92 93 94 95 96 97 98 99 100 101 102 103 104 105 106 107 108 109 110 111 112 113 114 115 116 117 118 119 120 121 122 123 124 125 126 127 128 129 130 131 132 133 134 135 136 137 138 139 140 141 142 143 144 145 146 147 148 149 150 151 152 153 154 155 156 157 158 159 160 161 162 163 164 165 166 167 168 169 170 171 172 173 174 175 176 177 178 179 180 181 182 183 184 185 186 187 188 189 190 191 192 193 194 195 196 197 198 199 200 201 202 203 204 205 206 207 208 209 210 211 212 213 214 215 216 217 218 219 220 221 222 223 224 225 226 227 228 229 230 231 232 233 234 235 236 237 238 239 240 241 242 243 244 245 246 247 248 249 250 251 252 253 254 255 256 257 258 259 260 261 262 263 264 265 266 267 268 269 270 271 272 273 274 275 276 277 278 279 280 281 282 283 284 285 286 287 288 289 290 291 292 293 294 295 296 297 298 299 300 301 302 303 304 305 306 307 308 309 310 311 312 313 314 315 316 317 318 319 320 321 322 323 324 325 326 327 328 329 330 331 332 333 334 335 336 337 338 339 340 341 342 343 344 345 346 347 348 349 350 351 352 353 354 355 356 357 358 359 360 361 362 363 364 365 366 367 368 369 370 371 372 373 374 375 376 377 378 379 380 381 382 383 384 385 386 387 388 389 390 391 392 393 394 395 396 397 398 399 400 401 402 403 404 405 406 407 408 409 410 411 412 413 414 415 416 417 418 419 420 421 422 423 424 425 426 427 428 429 430 431 432 433 434 435 436 437 438 439 440 441 442 443 444 445 446 447 448 449 450 451 452 453 454 455 456 457 458 459 460 461 462 463 464 465 466 467 468 469 470 471 472 473 474 475 476 477 478 479 480 481 482 483 484 485 486 487 488 489 490 491 492 493 494 495 496 497 498 499 500 501 502 503 504 505 506 507 508 509 510 511 512 513 514 515 516 517 518 519 520 521 522 523 524 525 526 527 528 529 530 531 532 533 534 535 536 537 538 539 540 541 542 543 544 545 546 547 548 549 550 551 552 553 554 555 556 557 558 559 560 561 562 563 564 565 566 567 568 569 570 571 572 573 574 575 576 577 578 579 580 581 582 583 584 585 586 587 588 589 590 591 592 593 594 595 596 597 598 599 600 601 602 603 604 605 606 607 608 609 610 611 612 613 614 615 616 617 618 619 620 621 622 623 624 625 626 627 628 629 630 631 632 633 634 635 636 637 638 639 640 641 642 643 644 645 646 647 648 649 650 651 652 653 654 655 656 657 658 659 660 661 662 663 664 665 666 667 668 669 670 671 672 673 674 675 676 677 678 679 680 681 682 683 684 685 686 687 688 689 690 691 692 693 694 695 696 697 698 699 700 701 702 703 704 705 706 707 708 709 710 711 712 713 714 715 716 717 718 719 720 721 722 723 724 725 726 727 728 729 730 731 732 733 734 735 736 737 738 739 740 741 742 743 744 745 746 747 748 749 750 751 752 753 754 755 756 757 758 759 760 761 762 763 764 765 766 767 768 769 770 771 772 773 774 775 776 777 778 779 780 781 782 783 784 785 786 787 788 789 790 791 792 793 794 795 796 797 798 799 800 801 802 803 804 805 806 807 808 809 810 811 812 813 814 815 816 817 818 819 820 821 822 823 824 825 826 827 828 829 830 831 832 833 834 835 836 837 838 839 840 841 842 843 844 845 846 847 848 849 850 851 852 853 854 855 856 857 858 859 860 861 862 863 864 865 866 867 868 869 870 871 872 873 874 875 876 877 878 879 880 881 882 883 884 885 886 887 888 889 890 891 892 893 894 895 896 897 898 899 900 901 902 903 904 905 906 907 908 909 910 911 912 913 914 915 916 917 918 919 920 921 922 923 924 925 926 927 928 929 930 931 932 933 934 935 936 937 938 939 940 941 942 943 944 945 946 947 948 949 950 951 952 953 954 955 956 957 958 959 960 961 962 963 964 965 966 967 968 969 970 971 972 973 974 975 976 977 978 979 980 981 982 983 984 985 986 987 988 989 990 991 992 993 994 995 996 997 998 999 1000 1001 1002 1003 1004 1005 1006 1007 1008 1009 1010 1011 1012 1013 1014 1015 1016 1017 1018 1019 1020 1021 1022 1023 1024 1025 1026 1027 1028 1029 1030 1031 1032 1033 1034 1035 1036 1037 1038 1039 1040 1041 1042 1043 1044 1045 1046 1047 1048 1049 1050 1051 1052 1053 1054 1055 1056 1057 1058 1059 1060 1061 1062 1063 1064 1065 1066 1067 1068 1069 1070 1071 1072 1073 1074 1075 1076 1077 1078 1079 1080 1081 1082 1083 1084 1085 1086 1087 1088 1089 1090 1091 1092 1093 1094 1095 1096 1097 1098 1099 1100 1101 1102 1103 1104 1105 1106 1107 1108 1109 1110 1111 1112 1113 1114 1115 1116 1117 1118 1119 1120 1121 1122 1123 1124 1125 1126 1127 1128 1129 1130 1131 1132 1133 1134 1135 1136 1137 1138 1139 1140 1141 1142 1143 1144 1145 1146 1147 1148 1149 1150 1151 1152 1153 1154 1155 1156 1157 1158 1159 1160 1161 1162 1163 1164 1165 1166 1167 1168 1169 1170 1171 1172 1173 1174 1175 1176 1177 1178 1179 1180 1181 1182 1183 1184 1185 1186 1187 1188 1189 1190 1191 1192 1193 1194 1195 1196 1197 1198 1199 1200 1201 1202 1203 1204 1205 1206 1207 1208 1209 1210 1211 1212 1213 1214 1215 1216 1217 1218 1219 1220 1221 1222 1223 1224 1225 1226 1227 1228 1229 1230 1231 1232 1233 1234 1235 1236 1237 1238 1239 1240 1241 1242 1243 1244 1245 1246 1247 1248 1249 1250 1251 1252 1253 1254 1255 1256 1257 1258 1259 1260 1261 1262 1263 1264 1265 1266 1267 1268 1269 1270 1271 1272 1273 1274 1275 1276 1277 1278 1279 1280 1281 1282 1283 1284 1285 1286 1287 1288 1289 1290 1291 1292 1293 1294 1295 1296 1297 1298 1299 1300 1301 1302 1303 1304 1305 1306 1307 1308 1309 1310 1311 1312 1313 1314 1315 1316 1317 1318 1319 1320 1321 1322 1323 1324 1325 1326 1327 1328 1329 1330 1331 1332 1333 1334 1335 1336 1337 1338 1339 1340 1341 1342 1343 1344 1345 1346 1347 1348 1349 1350 1351 1352 1353 1354 1355 1356 1357 1358 1359 1360 1361 1362 1363 1364 1365 1366 1367 1368 1369 1370 1371 1372 1373 1374 1375 1376 1377 1378 1379 1380 1381 1382 1383 1384 1385 1386 1387 1388 1389 1390 1391 1392 1393 1394 1395 1396 1397 1398 1399 1400 1401 1402 1403 1404 1405 1406 1407 1408 1409 1410 1411 1412 1413 1414 1415 1416 1417 1418 1419 1420 1421 1422 1423 1424 1425 1426 1427 1428 1429 1430 1431 1432 1433 1434 1435 1436 1437 1438 1439 1440 1441 1442 1443 1444 1445 1446 1447 1448 1449 1450 1451 1452 1453 1454 1455 1456 1457 1458 1459 1460 1461 1462 1463 1464 1465 1466 1467 1468 1469 1470 1471 1472 1473 1474 1475 1476 1477 1478 1479 1480 1481 1482 1483 1484 1485 1486 1487 1488 1489 1490 1491 1492 1493 1494 1495 1496 1497 1498 1499 1500 1501 1502 1503 1504 1505 1506 1507 1508 1509 1510 1511 1512 1513 1514 1515 1516 1517 1518 1519 1520 1521 1522 1523 1524 1525 1526 1527 1528 1529 1530 1531 1532 1533 1534 1535 1536 1537 1538 1539 1540 1541 1542 1543 1544 1545 1546 1547 1548 1549 1550 1551 1552 1553 1554 1555 1556 1557 1558 1559 1560 1561 1562 1563 1564 1565 1566 1567 1568 1569 1570 1571 1572 1573 1574 1575 1576 1577 1578 1579 1580 1581 1582 1583 1584 1585 1586 1587 1588 1589 1590 1591 1592 1593 1594 1595 1596 1597 1598 1599 1600 1601 1602 1603 1604 1605 1606 1607 1608 1609 1610 1611 1612 1613 1614 1615 1616 1617 1618 1619 1620 1621 1622 1623 1624 1625 1626 1627 1628 1629 1630 1631 1632 1633 1634 1635 1636 1637 1638 1639 1640 1641 1642 1643 1644 1645 1646 1647 1648 1649 1650 1651 1652 1653 1654 1655 1656 1657 1658 1659 1660 1661 1662 1663 1664 1665 1666 1667 1668 1669 1670 1671 1672 1673 1674 1675 1676 1677 1678 1679 1680 1681 1682 1683 1684 1685 1686 1687 1688 1689 1690 1691 1692 1693 1694 1695 1696 1697 1698 1699 1700 1701 1702 1703 1704 1705 1706 1707 1708 1709 1710 1711 1712 1713 1714 1715 1716 1717 1718 1719 1720 1721 1722 1723 1724 1725 1726 1727 1728 1729 1730 1731 1732 1733 1734 1735 1736 1737 1738 1739 1740 1741 1742 1743 1744 1745 1746 1747 1748 1749 1750 1751 1752 1753 1754 1755 1756 1757 1758 1759 1760 1761 1762 1763 1764 1765 1766 1767 1768 1769 1770 1771 1772 1773 1774 1775 1776 1777 1778 1779 1780 1781 1782 1783 1784 1785 1786 1787 1788 1789 1790 1791 1792 1793 1794 1795 1796 1797 1798 1799 1800 1801 1802 1803 1804 1805 1806 1807 1808 1809 1810 1811 1812 1813 1814 1815 1816 1817 1818 1819 1820 1821 1822 1823 1824 1825 1826 1827 1828 1829 1830 1831 1832 1833 1834 1835 1836 1837 1838 1839 1840 1841 1842 1843 1844 1845 1846 1847 1848 1849 1850 1851 1852 1853 1854 1855 1856 1857 1858 1859 1860 1861 1862 1863 1864 1865 1866 1867 1868 1869 1870 1871 1872 1873 1874 1875 1876 1877 1878 1879 1880 1881 1882 1883 1884 1885 1886 1887 1888 1889 1890 1891 1892 1893 1894 1895 1896 1897 1898 1899 1900 1901 1902 1903 1904 1905 1906 1907 1908 1909 1910 1911 1912 1913 1914 1915 1916 1917 1918 1919 1920 1921 1922 1923 1924 1925 1926 1927 1928 1929 1930 1931 1932 1933 1934 1935 1936 1937 1938 1939 1940 1941 1942 1943 1944 1945 1946 1947 1948 1949 1950 1951 1952 1953 1954 1955 1956 1957 1958 1959 1960 1961 1962 1963 1964 1965 1966 1967 1968 1969 1970 1971 1972 1973 1974 1975 1976 1977 1978 1979 1980 1981 1982 1983 1984 1985 1986 1987 1988 1989 1990 1991 1992 1993 1994 1995 1996 1997 1998 1999 2000 2001 2002 2003 2004 2005 2006 2007 2008 2009 2010 2011 2012 2013 2014 2015 2016 2017 2018 2019 2020 2021 2022 2023 2024 2025 2026 2027 2028 2029 2030 2031 2032 2033 2034 2035 2036 2037 2038 2039 2040 2041 2042 2043 2044 2045 2046 2047 2048 2049 2050 2051 2052 2053 2054 2055 2056 2057 2058 2059 2060 2061 2062 2063 2064 2065 2066 2067 2068 2069 2070 2071 2072 2073 2074 2075 2076 2077 2078 2079 2080 2081 2082 2083 2084 2085 2086 2087 2088 2089 2090 2091 2092 2093 2094 2095 2096 2097 2098 2099 2100 2101 2102 2103 2104 2105 2106 2107 2108 2109 2110 2111 2112 2113 2114 2115 2116 2117 2118 2119 2120 2121 2122 2123 2124 2125 2126 2127 2128 2129 2130 2131 2132 2133 2134 2135 2136 2137 2138 2139 2140 2141 2142 2143 2144 2145 2146 2147 2148 2149 2150 2151 2152 2153 2154 2155 2156 2157 2158 2159 2160 2161 2162 2163 2164 2165 2166 2167 2168 2169 2170 2171 2172 2173 2174 2175 2176 2177 2178 2179 2180 2181 2182 2183 2184 2185 2186 2187 2188 2189 2190 2191 2192 2193 2194 2195 2196 2197 2198 2199 2200 2201 2202 2203 2204 2205 2206 2207 2208 2209 2210 2211 2212 2213 2214 2215 2216 2217 2218 2219 2220 2221 2222 2223 2224 2225 2226 2227 2228 2229 2230 2231 2232 2233 2234 2235 2236 2237 2238 2239 2240 2241 2242 2243 2244 2245 2246 2247 2248 2249 2250 2251 2252 2253 2254 2255 2256 2257 2258 2259 2260 2261 2262 2263 2264 2265 2266 2267 2268 2269 2270 2271 2272 2273 2274 2275 2276 2277 2278 2279 2280 2281 2282 2283 2284 2285 2286 2287 2288 2289 2290 2291 2292 2293 2294 2295 2296 2297 2298 2299 2300 2301 2302 2303 2304 2305 2306 2307 2308 2309 2310 2311 2312 2313 2314 2315 2316 2317 2318 2319 2320 2321 2322 2323 2324 2325 2326 2327 2328 2329 2330 2331 2332 2333 2334 2335 2336 2337 2338 2339 2340 2341 2342 2343 2344 2345 2346 2347 2348 2349 2350 2351 2352 2353 2354 2355 2356 2357 2358 2359 2360 2361 2362 2363 2364 2365 2366 2367 2368 2369 2370 2371 2372 2373 2374 2375 2376 2377 2378 2379 2380 2381 2382 2383 2384 2385 2386 2387 2388 2389 2390 2391 2392 2393 2394 2395 2396 2397 2398 2399 2400 2401 2402 2403 2404 2405 2406 2407 2408 2409 2410 2411 2412 2413 2414 2415 2416 2417 2418 2419 2420 2421 2422 2423 2424 2425 2426 2427 2428 2429 2430 2431 2432 2433 2434 2435 2436 2437 2438 2439 2440 2441 2442 2443 2444 2445 2446 2447 2448 2449 2450 2451 2452 2453 2454 2455 2456 2457 2458 2459 2460 2461 2462 2463 2464 2465 2466 2467 2468 2469 2470 2471 2472 2473 2474 2475 2476 2477 2478 2479 2480 2481 2482 2483 2484 2485 2486 2487 2488 2489 2490 2491 2492 2493 2494 2495 2496 2497 2498 2499 2500 2501 2502 2503 2504 2505 2506 2507 2508 2509 2510 2511 2512 2513 2514 2515 2516 2517 2518 2519 2520 2521 2522 2523 2524 2525 2526 2527 2528 2529 2530 2531 2532 2533 2534 2535 2536 2537 2538 2539 2540 2541 2542 2543 2544 2545 2546 2547 2548 2549 2550 2551 2552 2553 2554 2555 2556 2557 2558 2559 2560 2561 2562 2563 2564 2565 2566 2567 2568 2569 2570 2571 2572 2573 2574 2575 2576 2577 2578 2579 2580 2581 2582 2583 2584 2585 2586 2587 2588 2589 2590 2591 2592 2593 2594 2595 2596 2597 2598 2599 2600 2601 2602 2603 2604 2605 2606 2607 2608 2609 2610 2611 2612 2613 2614 2615 2616 2617 2618 2619 2620 2621 2622 2623 2624 2625 2626 2627 2628 2629 2630 2631 2632 2633 2634 2635 2636 2637 2638 2639 2640 2641 2642 2643 2644 2645 2646 2647 2648 2649 2650 2651 2652 2653 2654 2655 2656 2657 2658 2659 2660 2661 2662 2663 2664 2665 2666 2667 2668 2669 2670 2671 2672 2673 2674 2675 2676 2677 2678 2679 2680 2681 2682 2683 2684 2685 2686 2687 2688 2689 2690 2691 2692 2693 2694 2695 2696 2697 2698 2699 2700 2701 2702 2703 2704 2705 2706 2707 2708 2709 2710 2711 2712 2713 2714 2715 2716 2717 2718 2719 2720 2721 2722 2723 2724 2725 2726 2727 2728 2729 2730 2731 2732 2733 2734 2735 2736 2737 2738 2739 2740 2741 2742 2743 2744 2745 2746 2747 2748 2749 2750 2751 2752 2753 2754 2755 2756 2757 2758 2759 2760 2761 2762 2763 2764 2765 2766 2767 2768 2769 2770 2771 2772 2773 2774 2775 2776 2777 2778 2779 2780 2781 2782 2783 2784 2785 2786 2787 2788 2789 2790 2791 2792 2793 2794 2795 2796 2797 2798 2799 2800 2801 2802 2803 2804 2805 2806 2807 2808 2809 2810 2811 2812 2813 2814 2815 2816 2817 2818 2819 2820 2821 2822 2823 2824 2825 2826 2827 2828 2829 2830 2831 2832 2833 2834 2835 2836 2837 2838 2839 2840 2841 2842 2843 2844 2845 2846 2847 2848 2849 2850 2851 2852 2853 2854 2855 2856 2857 2858 2859 2860 2861 2862 2863 2864 2865 2866 2867 2868 2869 2870 2871 2872 2873 2874 2875 2876 2877 2878 2879 2880 2881 2882 2883 2884 2885 2886 2887 2888 2889 2890 2891 2892 2893 2894 2895 2896 2897 2898 2899 2900 2901 2902 2903 2904 2905 2906 2907 2908 2909 2910 2911 2912 2913 2914 2915 2916 2917 2918 2919 2920 2921 2922 2923 2924 2925 2926 2927 2928 2929 2930 2931 2932 2933 2934 2935 2936 2937 2938 2939 2940 2941 2942 2943 2944 2945 2946 2947 2948 2949 2950 2951 2952 2953 2954 2955 2956 2957 2958 2959 2960 2961 2962 2963 2964 2965 2966 2967 2968 2969 2970 2971 2972 2973 2974 2975 2976 2977 2978 2979 2980 2981 2982 2983 2984 2985 2986 2987 2988 2989 2990 2991 2992 2993 2994 2995 2996 2997 2998 2999 3000 3001 3002 3003 3004 3005 3006 3007 3008 3009 3010 3011 3012 3013 3014 3015 3016 3017 3018 3019 3020 3021 3022 3023 3024 3025 3026 3027 3028 3029 3030 3031 3032 3033 3034 3035 3036 3037 3038 3039 3040 3041 3042 3043 3044 3045 3046 3047 3048 3049 3050 3051 3052 3053 3054 3055 3056 3057 3058 3059 3060 3061 3062 3063 3064 3065 3066 3067 3068 3069 3070 3071 3072 3073 3074 3075 3076 3077 3078 3079 3080 3081 3082 3083 3084 3085 3086 3087 3088 3089 3090 3091 3092 3093 3094 3095 3096 3097 3098 3099 3100 3101 3102 3103 3104 3105 3106 3107 3108 3109 3110 3111 3112 3113 3114 3115 3116 3117 3118 3119 3120 3121 3122 3123 3124 3125 3126 3127 3128 3129 3130 3131 3132 3133 3134 3135 3136 3137 3138 3139 3140 3141 3142 3143 3144 3145 3146 3147 3148 3149 3150 3151 3152 3153 3154 3155 3156 3157 3158 3159 3160 3161 3162 3163 3164 3165 3166 3167 3168 3169 3170 3171 3172 3173 3174 3175 3176 3177 3178 3179 3180 3181 3182 3183 3184 3185 3186 3187 3188 3189 3190 3191 3192 3193 3194 3195 3196 3197 3198 3199 3200 3201 3202 3203 3204 3205 3206 3207 3208 3209 3210 3211 3212 3213 3214 3215 3216 3217 3218 3219 3220 3221 3222 3223 3224 3225 3226 3227 3228 3229 3230 3231 3232 3233 3234 3235 3236 3237 3238 3239 3240 3241 3242 3243 3244 3245 3246 3247 3248 3249 3250 3251 3252 3253 3254 3255 3256 3257 3258 3259 3260 3261 3262 3263 3264 3265 3266 3267 3268 3269 3270 3271 3272 3273 3274 3275 3276 3277 3278 3279 3280 3281 3282 3283 3284 3285 3286 3287 3288 3289 3290 3291 3292 3293 3294 3295 3296 3297 3298 3299 3300 3301 3302 3303 3304 3305 3306 3307 3308 3309 3310 3311 3312 3313 3314 3315 3316 3317 3318 3319 3320 3321 3322 3323 3324 3325 3326 3327 3328 3329 3330 3331 3332 3333 3334 3335 3336 3337 3338 3339 3340 3341 3342 3343 3344 3345 3346 3347 3348 3349 3350 3351 3352 3353 3354 3355 3356 3357 3358 3359 3360 3361 3362 3363 3364 3365 3366 3367 3368 3369 3370 3371 3372 3373 3374 3375 3376 3377 3378 3379 3380 3381 3382 3383 3384 3385 3386 3387 3388 3389 3390 3391 3392 3393 3394 3395 3396 3397 3398 3399 3400 3401 3402 3403 3404 3405 3406 3407 3408 3409 3410 3411 3412 3413 3414 3415 3416 3417 3418 3419 3420 3421 3422 3423 3424 3425 3426 3427 3428 3429 3430 3431 3432 3433 3434 3435 3436 3437 3438 3439 3440 3441 3442 3443 3444 3445 3446 3447 3448 3449 3450 3451 3452 3453 3454 3455 3456 3457 3458 3459 3460 3461 3462 3463 3464 3465 3466 3467 3468 3469 3470 3471 3472 3473 3474 3475 3476 3477 3478 3479 3480 3481 3482 3483 3484 3485 3486 3487 3488 3489 3490 3491 3492 3493 3494 3495 3496 3497 3498 3499 3500 3501 3502 3503 3504 3505 3506 3507 3508 3509 3510 3511 3512 3513 3514 3515 3516 3517 3518 3519 3520 3521 3522 3523 3524 3525 3526 3527 3528 3529 3530 3531 3532 3533 3534 3535 3536 3537 3538 3539 3540 3541 3542 3543 3544 3545 3546 3547 3548 3549 3550 3551 3552 3553 3554 3555 3556 3557 3558 3559 3560 3561 3562 3563 3564 3565 3566 3567 3568 3569 3570 3571 3572 3573 3574 3575 3576 3577 3578 3579 3580 3581 3582 3583 3584 3585 3586 3587 3588 3589 3590 3591 3592 3593 3594 3595 3596 3597 3598 3599 3600 3601 3602 3603 3604 3605 3606 3607 3608 3609 3610 3611 3612 3613 3614 3615 3616 3617 3618 3619 3620 3621 3622 3623 3624 3625 3626 3627 3628 3629 3630 3631 3632 3633 3634 3635 3636 3637 3638 3639 3640 3641 3642 3643 3644 3645 3646 3647 3648 3649 3650 3651 3652 3653 3654 3655 3656 3657 3658 3659 3660 3661 3662 3663 3664 3665 3666 3667 3668 3669 3670 3671 3672 3673 3674 3675 3676 3677 3678 3679 3680 3681 3682 3683 3684 3685 3686 3687 3688 3689 3690 3691 3692 3693 3694 3695 3696 3697 3698 3699 3700 3701 3702 3703 3704 3705 3706 3707 3708 3709 3710 3711 3712 3713 3714 3715 3716 3717 3718 3719 3720 3721 3722 3723 3724 3725 3726 3727 3728 3729 3730 3731 3732 3733 3734 3735 3736 3737 3738 3739 3740 3741 3742 3743 3744 3745 3746 3747 3748 3749 3750 3751 3752 3753 3754 3755 3756 3757 3758 3759 3760 3761 3762 3763 3764 3765 3766 3767 3768 3769 3770 3771 3772 3773 3774 3775 3776 3777 3778 3779 3780 3781 3782 3783 3784 3785 3786 3787 3788 3789 3790 3791 3792 3793 3794 3795 3796 3797 3798 3799 3800 3801 3802 3803 3804 3805 3806 3807 3808 3809 3810 3811 3812 3813 3814 3815 3816 3817 3818 3819 3820 3821 3822 3823 3824 3825 3826 3827 3828 3829 3830 3831 3832 3833 3834 3835 3836 3837 3838 3839 3840 3841 3842 3843 3844 3845 3846 3847 3848 3849 3850 3851 3852 3853 3854 3855 3856 3857 3858 3859 3860 3861 3862 3863 3864 3865 3866 3867 3868 3869 3870 3871 3872 3873 3874 3875 3876 3877 3878 3879 3880 3881 3882 3883 3884 3885 3886 3887 3888 3889 3890 3891 3892 3893 3894 3895 3896 3897 3898 3899 3900 3901 3902 3903 3904 3905 3906 3907 3908 3909 3910 3911 3912 3913 3914 3915 3916 3917 3918 3919 3920 3921 3922 3923 3924 3925 3926 3927 3928 3929 3930 3931 3932 3933 3934 3935 3936 3937 3938 3939 3940 3941 3942 3943 3944 3945 3946 3947 3948 3949 3950 3951 3952 3953 3954 3955 3956 3957 3958 3959 3960 3961 3962 3963 3964 3965 3966 3967 3968 3969 3970 3971 3972 3973 3974 3975 3976 3977 3978 3979 3980 3981 3982 3983 3984 3985 3986 3987 3988 3989 3990 3991 3992 3993 3994 3995 3996 3997 3998 3999 4000 4001 4002 4003 4004 4005 4006 4007 4008 4009 4010 4011 4012 4013 4014 4015 4016 4017 4018 4019 4020 4021 4022 4023 4024 4025 4026 4027 4028 4029 4030 4031 4032 4033 4034 4035 4036 4037 4038 4039 4040 4041 4042 4043 4044 4045 4046 4047 4048 4049 4050 4051 4052 4053 4054 4055 4056 4057 4058 4059 4060 4061 4062 4063 4064 4065 4066 4067 4068 4069 4070 4071 4072 4073 4074 4075 4076 4077 4078 4079 4080 4081 4082 4083 4084 4085 4086 4087 4088 4089 4090 4091 4092 4093 4094 4095 
        </DataArray>
        <DataArray type="Int32" Name="offsets" format="ascii">
4 8 12 16 20 24 28 32 36 40 44 48 52 56 60 64 68 72 76 80 84 88 92 96 100 104 108 112 116 120 124 128 132 136 140 144 148 152 156 160 164 168 172 176 180 184 188 192 196 200 204 208 212 216 220 224 228 232 236 240 244 248 252 256 260 264 268 272 276 280 284 288 292 296 300 304 308 312 316 320 324 328 332 336 340 344 348 352 356 360 364 368 372 376 380 384 388 392 396 400 404 408 412 416 420 424 428 432 436 440 444 448 452 456 460 464 468 472 476 480 484 488 492 496 500 504 508 512 516 520 524 528 532 536 540 544 548 552 556 560 564 568 572 576 580 584 588 592 596 600 604 608 612 616 620 624 628 632 636 640 644 648 652 656 660 664 668 672 676 680 684 688 692 696 700 704 708 712 716 720 724 728 732 736 740 744 748 752 756 760 764 768 772 776 780 784 788 792 796 800 804 808 812 816 820 824 828 832 836 840 844 848 852 856 860 864 868 872 876 880 884 888 892 896 900 904 908 912 916 920 924 928 932 936 940 944 948 952 956 960 964 968 972 976 980 984 988 992 996 1000 1004 1008 1012 1016 1020 1024 1028 1032 1036 1040 1044 1048 1052 1056 1060 1064 1068 1072 1076 1080 1084 1088 1092 1096 1100 1104 1108 1112 1116 1120 1124 1128 1132 1136 1140 1144 1148 1152 1156 1160 1164 1168 1172 1176 1180 1184 1188 1192 1196 1200 1204 1208 1212 1216 1220 1224 1228 1232 1236 1240 1244 1248 1252 1256 1260 1264 1268 1272 1276 1280 1284 1288 1292 1296 1300 1304 1308 1312 1316 1320 1324 1328 1332 1336 1340 1344 1348 1352 1356 1360 1364 1368 1372 1376 1380 1384 1388 1392 1396 1400 1404 1408 1412 1416 1420 1424 1428 1432 1436 1440 1444 1448 1452 1456 1460 1464 1468 1472 1476 1480 1484 1488 1492 1496 1500 1504 1508 1512 1516 1520 1524 1528 1532 1536 1540 1544 1548 1552 1556 1560 1564 1568 1572 1576 1580 1584 1588 1592 1596 1600 1604 1608 1612 1616 1620 1624 1628 1632 1636 1640 1644 1648 1652 1656 1660 1664 1668 1672 1676 1680 1684 1688 1692 1696 1700 1704 1708 1712 1716 1720 1724 1728 1732 1736 1740 1744 1748 1752 1756 1760 1764 1768 1772 1776 1780 1784 1788 1792 1796 1800 1804 1808 1812 1816 1820 1824 1828 1832 1836 1840 1844 1848 1852 1856 1860 1864 1868 1872 1876 1880 1884 1888 1892 1896 1900 1904 1908 1912 1916 1920 1924 1928 1932 1936 1940 1944 1948 1952 1956 1960 1964 1968 1972 1976 1980 1984 1988 1992 1996 2000 2004 2008 2012 2016 2020 2024 2028 2032 2036 2040 2044 2048 2052 2056 2060 2064 2068 2072 2076 2080 2084 2088 2092 2096 2100 2104 2108 2112 2116 2120 2124 2128 2132 2136 2140 2144 2148 2152 2156 2160 2164 2168 2172 2176 2180 2184 2188 2192 2196 2200 2204 2208 2212 2216 2220 2224 2228 2232 2236 2240 2244 2248 2252 2256 2260 2264 2268 2272 2276 2280 2284 2288 2292 2296 2300 2304 2308 2312 2316 2320 2324 2328 2332 2336 2340 2344 2348 2352 2356 2360 2364 2368 2372 2376 2380 2384 2388 2392 2396 2400 2404 2408 2412 2416 2420 2424 2428 2432 2436 2440 2444 2448 2452 2456 2460 2464 2468 2472 2476 2480 2484 2488 2492 2496 2500 2504 2508 2512 2516 2520 2524 2528 2532 2536 2540 2544 2548 2552 2556 2560 2564 2568 2572 2576 2580 2584 2588 2592 2596 2600 2604 2608 2612 2616 2620 2624 2628 2632 2636 2640 2644 2648 2652 2656 2660 2664 2668 2672 2676 2680 2684 2688 2692 2696 2700 2704 2708 2712 2716 2720 2724 2728 2732 2736 2740 2744 2748 2752 2756 2760 2764 2768 2772 2776 2780 2784 2788 2792 2796 2800 2804 2808 2812 2816 2820 2824 2828 2832 2836 2840 2844 2848 2852 2856 2860 2864 2868 2872 2876 2880 2884 2888 2892 2896 2900 2904 2908 2912 2916 2920 2924 2928 2932 2936 2940 2944 2948 2952 2956 2960 2964 2968 2972 2976 2980 2984 2988 2992 2996 3000 3004 3008 3012 3016 3020 3024 3028 3032 3036 3040 3044 3048 3052 3056 3060 3064 3068 3072 3076 3080 3084 3088 3092 3096 3100 3104 3108 3112 3116 3120 3124 3128 3132 3136 3140 3144 3148 3152 3156 3160 3164 3168 3172 3176 3180 3184 3188 3192 3196 3200 3204 3208 3212 3216 3220 3224 3228 3232 3236 3240 3244 3248 3252 3256 3260 3264 3268 3272 3276 3280 3284 3288 3292 3296 3300 3304 3308 3312 3316 3320 3324 3328 3332 3336 3340 3344 3348 3352 3356 3360 3364 3368 3372 3376 3380 3384 3388 3392 3396 3400 3404 3408 3412 3416 3420 3424 3428 3432 3436 3440 3444 3448 3452 3456 3460 3464 3468 3472 3476 3480 3484 3488 3492 3496 3500 3504 3508 3512 3516 3520 3524 3528 3532 3536 3540 3544 3548 3552 3556 3560 3564 3568 3572 3576 3580 3584 3588 3592 3596 3600 3604 3608 3612 3616 3620 3624 3628 3632 3636 3640 3644 3648 3652 3656 3660 3664 3668 3672 3676 3680 3684 3688 3692 3696 3700 3704 3708 3712 3716 3720 3724 3728 3732 3736 3740 3744 3748 3752 3756 3760 3764 3768 3772 3776 3780 3784 3788 3792 3796 3800 3804 3808 3812 3816 3820 3824 3828 3832 3836 3840 3844 3848 3852 3856 3860 3864 3868 3872 3876 3880 3884 3888 3892 3896 3900 3904 3908 3912 3916 3920 3924 3928 3932 3936 3940 3944 3948 3952 3956 3960 3964 3968 3972 3976 3980 3984 3988 3992 3996 4000 4004 4008 4012 4016 4020 4024 4028 4032 4036 4040 4044 4048 4052 4056 4060 4064 4068 4072 4076 4080 4084 4088 4092 4096 
        </DataArray>
        <DataArray type="UInt8" Name="types" format="ascii">
9 9 9 9 9 9 9 9 9 9 9 9 9 9 9 9 9 9 9 9 9 9 9 9 9 9 9 9 9 9 9 9 9 9 9 9 9 9 9 9 9 9 9 9 9 9 9 9 9 9 9 9 9 9 9 9 9 9 9 9 9 9 9 9 9 9 9 9 9 9 9 9 9 9 9 9 9 9 9 9 9 9 9 9 9 9 9 9 9 9 9 9 9 9 9 9 9 9 9 9 9 9 9 9 9 9 9 9 9 9 9 9 9 9 9 9 9 9 9 9 9 9 9 9 9 9 9 9 9 9 9 9 9 9 9 9 9 9 9 9 9 9 9 9 9 9 9 9 9 9 9 9 9 9 9 9 9 9 9 9 9 9 9 9 9 9 9 9 9 9 9 9 9 9 9 9 9 9 9 9 9 9 9 9 9 9 9 9 9 9 9 9 9 9 9 9 9 9 9 9 9 9 9 9 9 9 9 9 9 9 9 9 9 9 9 9 9 9 9 9 9 9 9 9 9 9 9 9 9 9 9 9 9 9 9 9 9 9 9 9 9 9 9 9 9 9 9 9 9 9 9 9 9 9 9 9 9 9 9 9 9 9 9 9 9 9 9 9 9 9 9 9 9 9 9 9 9 9 9 9 9 9 9 9 9 9 9 9 9 9 9 9 9 9 9 9 9 9 9 9 9 9 9 9 9 9 9 9 9 9 9 9 9 9 9 9 9 9 9 9 9 9 9 9 9 9 9 9 9 9 9 9 9 9 9 9 9 9 9 9 9 9 9 9 9 9 9 9 9 9 9 9 9 9 9 9 9 9 9 9 9 9 9 9 9 9 9 9 9 9 9 9 9 9 9 9 9 9 9 9 9 9 9 9 9 9 9 9 9 9 9 9 9 9 9 9 9 9 9 9 9 9 9 9 9 9 9 9 9 9 9 9 9 9 9 9 9 9 9 9 9 9 9 9 9 9 9 9 9 9 9 9 9 9 9 9 9 9 9 9 9 9 9 9 9 9 9 9 9 9 9 9 9 9 9 9 9 9 9 9 9 9 9 9 9 9 9 9 9 9 9 9 9 9 9 9 9 9 9 9 9 9 9 9 9 9 9 9 9 9 9 9 9 9 9 9 9 9 9 9 9 9 9 9 9 9 9 9 9 9 9 9 9 9 9 9 9 9 9 9 9 9 9 9 9 9 9 9 9 9 9 9 9 9 9 9 9 9 9 9 9 9 9 9 9 9 9 9 9 9 9 9 9 9 9 9 9 9 9 9 9 9 9 9 9 9 9 9 9 9 9 9 9 9 9 9 9 9 9 9 9 9 9 9 9 9 9 9 9 9 9 9 9 9 9 9 9 9 9 9 9 9 9 9 9 9 9 9 9 9 9 9 9 9 9 9 9 9 9 9 9 9 9 9 9 9 9 9 9 9 9 9 9 9 9 9 9 9 9 9 9 9 9 9 9 9 9 9 9 9 9 9 9 9 9 9 9 9 9 9 9 9 9 9 9 9 9 9 9 9 9 9 9 9 9 9 9 9 9 9 9 9 9 9 9 9 9 9 9 9 9 9 9 9 9 9 9 9 9 9 9 9 9 9 9 9 9 9 9 9 9 9 9 9 9 9 9 9 9 9 9 9 9 9 9 9 9 9 9 9 9 9 9 9 9 9 9 9 9 9 9 9 9 9 9 9 9 9 9 9 9 9 9 9 9 9 9 9 9 9 9 9 9 9 9 9 9 9 9 9 9 9 9 9 9 9 9 9 9 9 9 9 9 9 9 9 9 9 9 9 9 9 9 9 9 9 9 9 9 9 9 9 9 9 9 9 9 9 9 9 9 9 9 9 9 9 9 9 9 9 9 9 9 9 9 9 9 9 9 9 9 9 9 9 9 9 9 9 9 9 9 9 9 9 9 9 9 9 9 9 9 9 9 9 9 9 9 9 9 9 9 9 9 9 9 9 9 9 9 9 9 9 9 9 9 9 9 9 9 9 9 9 9 9 9 9 9 9 9 9 9 9 9 9 9 9 9 9 9 9 9 9 9 9 9 9 9 9 9 9 9 9 9 9 9 9 9 9 9 9 9 9 9 9 9 9 9 9 9 9 9 9 9 9 9 9 9 9 9 9 9 9 9 9 9 9 9 9 9 9 9 9 9 9 9 9 9 9 9 9 9 9 9 9 9 9 9 9 9 9 9 9 9 9 9 9 9 9 9 9 9 9 9 9 9 9 9 9 9 9 9 9 9 9 9 9 9 9 9 9 9 9 9 9 9 9 9 9 9 9 9 9 9 9 9 9 9 9 9 9 9 9 9 9 
        </DataArray>
      </Cells>

  <PointData>
        <DataArray type="Float64" Name="temperature" format="ascii">
0.000000000000000e+00
0.000000000000000e+00
1.035413954589497e-04
0.000000000000000e+00
0.000000000000000e+00
0.000000000000000e+00
1.882708808491850e-04
1.035413954589497e-04
0.000000000000000e+00
0.000000000000000e+00
2.554972914830268e-04
1.882708808491850e-04
0.000000000000000e+00
0.000000000000000e+00
3.064543992896176e-04
2.554972914830268e-04
0.000000000000000e+00
0.000000000000000e+00
3.423574324150810e-04
3.064543992896176e-04
0.000000000000000e+00
0.000000000000000e+00
3.644133135125521e-04
3.423574324150810e-04
0.000000000000000e+00
0.000000000000000e+00
3.738247012626521e-04
3.644133135125521e-04
0.000000000000000e+00
0.000000000000000e+00
3.717917904182784e-04
3.738247012626521e-04
0.000000000000000e+00
0.000000000000000e+00
3.595132239420975e-04
3.717917904182784e-04
0.000000000000000e+00
0.000000000000000e+00
3.381866111986419e-04
3.595132239420975e-04
0.000000000000000e+00
0.000000000000000e+00
3.090088470908810e-04
3.381866111986419e-04
0.000000000000000e+00
0.000000000000000e+00
2.731763190663459e-04
3.090088470908810e-04
0.000000000000000e+00
0.000000000000000e+00
2.318850470748939e-04
2.731763190663459e-04
0.000000000000000e+00
0.000000000000000e+00
1.863307818518233e-04
2.318850470748939e-04
0.000000000000000e+00
0.000000000000000e+00
1.377090762829342e-04
1.863307818518233e-04
0.000000000000000e+00
0.000000000000000e+00
8.721533869108252e-05
1.377090762829342e-04
0.000000000000000e+00
0.000000000000000e+00
3.604487355553840e-05
8.721533869108252e-05
0.000000000000000e+00
0.000000000000000e+00
-1.460708675986434e-05
3.604487355553840e-05
0.000000000000000e+00
0.000000000000000e+00
-6.354535688608609e-05
-1.460708675986434e-05
0.000000000000000e+00
0.000000000000000e+00
-1.095747783383408e-04
-6.354535688608609e-05
0.000000000000000e+00
0.000000000000000e+00
-1.515002033760322e-04
-1.095747783383408e-04
0.000000000000000e+00
0.000000000000000e+00
-1.881264822041383e-04
-1.515002033760322e-04
0.000000000000000e+00
0.000000000000000e+00
-2.182584531504913e-04
-1.881264822041383e-04
0.000000000000000e+00
0.000000000000000e+00
-2.407009355864153e-04
-2.182584531504913e-04
0.000000000000000e+00
0.000000000000000e+00
-2.542587257768553e-04
-2.407009355864153e-04
0.000000000000000e+00
0.000000000000000e+00
-2.577365977989022e-04
-2.542587257768553e-04
0.000000000000000e+00
0.000000000000000e+00
-2.499393155760483e-04
-2.577365977989022e-04
0.000000000000000e+00
0.000000000000000e+00
-2.296716603668257e-04
-2.499393155760483e-04
0.000000000000000e+00
0.000000000000000e+00
-1.957384580646347e-04
-2.296716603668257e-04
0.000000000000000e+00
0.000000000000000e+00
-1.469446479843666e-04
-1.957384580646347e-04
0.000000000000000e+00
0.000000000000000e+00
-8.209597726427950e-05
-1.469446479843666e-04
0.000000000000000e+00
0.000000000000000e+00
0.000000000000000e+00
-8.209597726427950e-05
0.000000000000000e+00
1.035413954589497e-04
1.822936484656629e-04
0.000000000000000e+00
1.035413954589497e-04
1.882708808491850e-04
3.294915111754774e-04
1.822936484656629e-04
1.882708808491850e-04
2.554972914830268e-04
4.439963656722252e-04
3.294915111754774e-04
2.554972914830268e-04
3.064543992896176e-04
5.281775390641467e-04
4.439963656722252e-04
3.064543992896176e-04
3.423574324150810e-04
5.843811063350073e-04
5.281775390641467e-04
3.423574324150810e-04
3.644133135125521e-04
6.149408778152234e-04
5.843811063350073e-04
3.644133135125521e-04
3.738247012626521e-04
6.221836843734924e-04
6.149408778152234e-04
3.738247012626521e-04
3.717917904182784e-04
6.084320968820997e-04
6.221836843734924e-04
3.717917904182784e-04
3.595132239420975e-04
5.760059057243140e-04
6.084320968820997e-04
3.595132239420975e-04
3.381866111986419e-04
5.272230050990765e-04
5.760059057243140e-04
3.381866111986419e-04
3.090088470908810e-04
4.643999572260136e-04
5.272230050990765e-04
3.090088470908810e-04
2.731763190663459e-04
3.898523675009652e-04
4.643999572260136e-04
2.731763190663459e-04
2.318850470748939e-04
3.058951427704748e-04
3.898523675009652e-04
2.318850470748939e-04
1.863307818518233e-04
2.148426752303165e-04
3.058951427704748e-04
1.863307818518233e-04
1.377090762829342e-04
1.190089774242765e-04
2.148426752303165e-04
1.377090762829342e-04
8.721533869108252e-05
2.070778393330864e-05
1.190089774242765e-04
8.721533869108252e-05
3.604487355553840e-05
-7.774737035646586e-05
2.070778393330864e-05
3.604487355553840e-05
-1.460708675986434e-05
-1.740430888964525e-04
-7.774737035646586e-05
-1.460708675986434e-05
-6.354535688608609e-05
-2.658660646356318e-04
-1.740430888964525e-04
-6.354535688608609e-05
-1.095747783383408e-04
-3.509030407237092e-04
-2.658660646356318e-04
-1.095747783383408e-04
-1.515002033760322e-04
-4.268407788035236e-04
-3.509030407237092e-04
-1.515002033760322e-04
-1.881264822041383e-04
-4.913660336923583e-04
-4.268407788035236e-04
-1.881264822041383e-04
-2.182584531504913e-04
-5.421655337165387e-04
-4.913660336923583e-04
-2.182584531504913e-04
-2.407009355864153e-04
-5.769259661481030e-04
-5.421655337165387e-04
-2.407009355864153e-04
-2.542587257768553e-04
-5.933339678812269e-04
-5.769259661481030e-04
-2.542587257768553e-04
-2.577365977989022e-04
-5.890761250609969e-04
-5.933339678812269e-04
-2.577365977989022e-04
-2.499393155760483e-04
-5.618389923730580e-04
-5.890761250609969e-04
-2.499393155760483e-04
-2.296716603668257e-04
-5.093091369934811e-04
-5.618389923730580e-04
-2.296716603668257e-04
-1.957384580646347e-04
-4.291731650354113e-04
-5.093091369934811e-04
-1.957384580646347e-04
-1.469446479843666e-04
-3.191177692987656e-04
-4.291731650354113e-04
-1.469446479843666e-04
-8.209597726427950e-05
-1.768308099019773e-04
-3.191177692987656e-04
-8.209597726427950e-05
0.000000000000000e+00
0.000000000000000e+00
-1.768308099019773e-04
0.000000000000000e+00
1.822936484656629e-04
2.381633966969149e-04
0.000000000000000e+00
1.822936484656629e-04
3.294915111754774e-04
4.272217474491634e-04
2.381633966969149e-04
3.294915111754774e-04
4.439963656722252e-04
5.706000929550469e-04
4.272217474491634e-04
4.439963656722252e-04
5.281775390641467e-04
6.717046836983905e-04
5.706000929550469e-04
5.281775390641467e-04
5.843811063350073e-04
7.339267110637501e-04
6.717046836983905e-04
5.843811063350073e-04
6.149408778152234e-04
7.606455685944526e-04
7.339267110637501e-04
6.149408778152234e-04
6.221836843734924e-04
7.552329724173222e-04
7.606455685944526e-04
6.221836843734924e-04
6.084320968820997e-04
7.210555485416800e-04
7.552329724173222e-04
6.084320968820997e-04
5.760059057243140e-04
6.614764179868958e-04
7.210555485416800e-04
5.760059057243140e-04
5.272230050990765e-04
5.798562239150303e-04
6.614764179868958e-04
5.272230050990765e-04
4.643999572260136e-04
4.795538252685379e-04
5.798562239150303e-04
4.643999572260136e-04
3.898523675009652e-04
3.639267766096162e-04
4.795538252685379e-04
3.898523675009652e-04
3.058951427704748e-04
2.363316681508807e-04
3.639267766096162e-04
3.058951427704748e-04
2.148426752303165e-04
1.001243733040419e-04
2.363316681508807e-04
2.148426752303165e-04
1.190089774242765e-04
-4.133976637069504e-05
1.001243733040419e-04
1.190089774242765e-04
2.070778393330864e-05
-1.847057998589727e-04
-4.133976637069504e-05
2.070778393330864e-05
-7.774737035646586e-05
-3.266190566554655e-04
-1.847057998589727e-04
-7.774737035646586e-05
-1.740430888964525e-04
-4.637250596454740e-04
-3.266190566554655e-04
-1.740430888964525e-04
-2.658660646356318e-04
-5.926694551526395e-04
-4.637250596454740e-04
-2.658660646356318e-04
-3.509030407237092e-04
-7.100979561920619e-04
-5.926694551526395e-04
-3.509030407237092e-04
-4.268407788035236e-04
-8.126562962874320e-04
-7.100979561920619e-04
-4.268407788035236e-04
-4.913660336923583e-04
-8.969901921905610e-04
-8.126562962874320e-04
-4.913660336923583e-04
-5.421655337165387e-04
-9.597453144038325e-04
-8.969901921905610e-04
-5.421655337165387e-04
-5.769259661481030e-04
-9.975672645139429e-04
-9.597453144038325e-04
-5.769259661481030e-04
-5.933339678812269e-04
-1.007101559087810e-03
-9.975672645139429e-04
-5.933339678812269e-04
-5.890761250609969e-04
-9.849936246300775e-04
-1.007101559087810e-03
-5.890761250609969e-04
-5.618389923730580e-04
-9.278888171698410e-04
-9.849936246300775e-04
-5.618389923730580e-04
-5.093091369934811e-04
-8.324324679582399e-04
-9.278888171698410e-04
-5.093091369934811e-04
-4.291731650354113e-04
-6.952698756438753e-04
-8.324324679582399e-04
-4.291731650354113e-04
-3.191177692987656e-04
-5.130462561507218e-04
-6.952698756438753e-04
-3.191177692987656e-04
-1.768308099019773e-04
-2.824079319951950e-04
-5.130462561507218e-04
-1.768308099019773e-04
0.000000000000000e+00
0.000000000000000e+00
-2.824079319951950e-04
0.000000000000000e+00
2.381633966969149e-04
2.729820040615487e-04
0.000000000000000e+00
2.381633966969149e-04
4.272217474491634e-04
4.849875759105035e-04
2.729820040615487e-04
4.272217474491634e-04
5.706000929550469e-04
6.403919262464357e-04
4.849875759105035e-04
5.706000929550469e-04
6.717046836983905e-04
7.435582577916722e-04
6.403919262464357e-04
6.717046836983905e-04
7.339267110637501e-04
7.988401978226252e-04
7.435582577916722e-04
7.339267110637501e-04
7.606455685944526e-04
8.105820772573865e-04
7.988401978226252e-04
7.606455685944526e-04
7.552329724173222e-04
7.831212135491437e-04
8.105820772573865e-04
7.552329724173222e-04
7.210555485416800e-04
7.207898362682530e-04
7.831212135491437e-04
7.210555485416800e-04
6.614764179868958e-04
6.279164426459720e-04
7.207898362682530e-04
6.614764179868958e-04
5.798562239150303e-04
5.088267736493891e-04
6.279164426459720e-04
5.798562239150303e-04
4.795538252685379e-04
3.678445239009873e-04
5.088267736493891e-04
4.795538252685379e-04
3.639267766096162e-04
2.092918587931722e-04
3.678445239009873e-04
3.639267766096162e-04
2.363316681508807e-04
3.748979505074258e-05
2.092918587931722e-04
2.363316681508807e-04
1.001243733040419e-04
-1.432415139828902e-04
3.748979505074258e-05
1.001243733040419e-04
-4.133976637069504e-05
-3.285825601648536e-04
-1.432415139828902e-04
-4.133976637069504e-05
-1.847057998589727e-04
-5.142143106687144e-04
-3.285825601648536e-04
-1.847057998589727e-04
-3.266190566554655e-04
-6.958180736038557e-04
-5.142143106687144e-04
-3.266190566554655e-04
-4.637250596454740e-04
-8.690753901967235e-04
-6.958180736038557e-04
-4.637250596454740e-04
-5.926694551526395e-04
-1.029667947191391e-03
-8.690753901967235e-04
-5.926694551526395e-04
-7.100979561920619e-04
-1.173277504997931e-03
-1.029667947191391e-03
-7.100979561920619e-04
-8.126562962874320e-04
-1.295585838545841e-03
-1.173277504997931e-03
-8.126562962874320e-04
-8.969901921905610e-04
-1.392274688870659e-03
-1.295585838545841e-03
-8.969901921905610e-04
-9.597453144038325e-04
-1.459025724006936e-03
-1.392274688870659e-03
-9.597453144038325e-04
-9.975672645139429e-04
-1.491520507666813e-03
-1.459025724006936e-03
-9.975672645139429e-04
-1.007101559087810e-03
-1.485440474796865e-03
-1.491520507666813e-03
-1.007101559087810e-03
-9.849936246300775e-04
-1.436466918705297e-03
-1.485440474796865e-03
-9.849936246300775e-04
-9.278888171698410e-04
-1.340281005035169e-03
-1.436466918705297e-03
-9.278888171698410e-04
-8.324324679582399e-04
-1.192563808653331e-03
-1.340281005035169e-03
-8.324324679582399e-04
-6.952698756438753e-04
-9.889962552180132e-04
-1.192563808653331e-03
-6.952698756438753e-04
-5.130462561507218e-04
-7.252589527616982e-04
-9.889962552180132e-04
-5.130462561507218e-04
-2.824079319951950e-04
-3.970336365071704e-04
-7.252589527616982e-04
-2.824079319951950e-04
0.000000000000000e+00
0.000000000000000e+00
-3.970336365071704e-04
0.000000000000000e+00
2.729820040615487e-04
2.885623648067725e-04
0.000000000000000e+00
2.729820040615487e-04
4.849875759105035e-04
5.062918781961700e-04
2.885623648067725e-04
4.849875759105035e-04
6.403919262464357e-04
6.584404788392365e-04
5.062918781961700e-04
6.403919262464357e-04
7.435582577916722e-04
7.502513997669764e-04
6.584404788392365e-04
7.435582577916722e-04
7.988401978226252e-04
7.869617699574549e-04
7.502513997669764e-04
7.988401978226252e-04
8.105820772573865e-04
7.738016016702067e-04
7.869617699574549e-04
8.105820772573865e-04
7.831212135491437e-04
7.159950494028735e-04
7.738016016702067e-04
7.831212135491437e-04
7.207898362682530e-04
6.187616629116727e-04
7.159950494028735e-04
7.207898362682530e-04
6.279164426459720e-04
4.873173953467997e-04
6.187616629116727e-04
6.279164426459720e-04
5.088267736493891e-04
3.268754194949210e-04
4.873173953467997e-04
5.088267736493891e-04
3.678445239009873e-04
1.426467746285823e-04
3.268754194949210e-04
3.678445239009873e-04
2.092918587931722e-04
-6.015913335956453e-05
1.426467746285823e-04
2.092918587931722e-04
3.748979505074258e-05
-2.763341473080509e-04
-6.015913335956453e-05
3.748979505074258e-05
-1.432415139828902e-04
-5.006710602933731e-04
-2.763341473080509e-04
-1.432415139828902e-04
-3.285825601648536e-04
-7.279633808880703e-04
-5.006710602933731e-04
-3.285825601648536e-04
-5.142143106687144e-04
-9.530051461574795e-04
-7.279633808880703e-04
-5.142143106687144e-04
-6.958180736038557e-04
-1.170590770894474e-03
-9.530051461574795e-04
-6.958180736038557e-04
-8.690753901967235e-04
-1.375514924668041e-03
-1.170590770894474e-03
-8.690753901967235e-04
-1.029667947191391e-03
-1.562572430474716e-03
-1.375514924668041e-03
-1.029667947191391e-03
-1.173277504997931e-03
-1.726558180479417e-03
-1.562572430474716e-03
-1.173277504997931e-03
-1.295585838545841e-03
-1.862267065699011e-03
-1.726558180479417e-03
-1.295585838545841e-03
-1.392274688870659e-03
-1.964493917520724e-03
-1.862267065699011e-03
-1.392274688870659e-03
-1.459025724006936e-03
-2.028033459378501e-03
-1.964493917520724e-03
-1.459025724006936e-03
-1.491520507666813e-03
-2.047680266528712e-03
-2.028033459378501e-03
-1.491520507666813e-03
-1.485440474796865e-03
-2.018228732260904e-03
-2.047680266528712e-03
-1.485440474796865e-03
-1.436466918705297e-03
-1.934473045233300e-03
-2.018228732260904e-03
-1.436466918705297e-03
-1.340281005035169e-03
-1.791207194741766e-03
-1.934473045233300e-03
-1.340281005035169e-03
-1.192563808653331e-03
-1.583224995313414e-03
-1.791207194741766e-03
-1.192563808653331e-03
-9.889962552180132e-04
-1.305319978292408e-03
-1.583224995313414e-03
-9.889962552180132e-04
-7.252589527616982e-04
-9.522851330672438e-04
-1.305319978292408e-03
-7.252589527616982e-04
-3.970336365071704e-04
-5.189146536175908e-04
-9.522851330672438e-04
-3.970336365071704e-04
0.000000000000000e+00
0.000000000000000e+00
-5.189146536175908e-04
0.000000000000000e+00
2.885623648067725e-04
2.867090170760897e-04
0.000000000000000e+00
2.885623648067725e-04
5.062918781961700e-04
4.946251700499932e-04
2.867090170760897e-04
5.062918781961700e-04
6.584404788392365e-04
6.298024142820401e-04
4.946251700499932e-04
6.584404788392365e-04
7.502513997669764e-04
6.982877490731422e-04
6.298024142820401e-04
7.502513997669764e-04
7.869617699574549e-04
7.061242607050223e-04
6.982877490731422e-04
7.869617699574549e-04
7.738016016702067e-04
6.593495429722681e-04
7.061242607050223e-04
7.738016016702067e-04
7.159950494028735e-04
5.639964373824064e-04
6.593495429722681e-04
7.159950494028735e-04
6.187616629116727e-04
4.260938327541472e-04
5.639964373824064e-04
6.187616629116727e-04
4.873173953467997e-04
2.516673569130155e-04
4.260938327541472e-04
4.873173953467997e-04
3.268754194949210e-04
4.674000649242958e-05
2.516673569130155e-04
3.268754194949210e-04
1.426467746285823e-04
-1.826673068570869e-04
4.674000649242958e-05
1.426467746285823e-04
-6.015913335956453e-05
-4.305353066897792e-04
-1.826673068570869e-04
-6.015913335956453e-05
-2.763341473080509e-04
-6.908459891213377e-04
-4.305353066897792e-04
-2.763341473080509e-04
-5.006710602933731e-04
-9.575823305700697e-04
-6.908459891213377e-04
-5.006710602933731e-04
-7.279633808880703e-04
-1.224728050673953e-03
-9.575823305700697e-04
-7.279633808880703e-04
-9.530051461574795e-04
-1.486267418500699e-03
-1.224728050673953e-03
-9.530051461574795e-04
-1.170590770894474e-03
-1.736185092890011e-03
-1.486267418500699e-03
-1.170590770894474e-03
-1.375514924668041e-03
-1.968465989793649e-03
-1.736185092890011e-03
-1.375514924668041e-03
-1.562572430474716e-03
-2.177095171086577e-03
-1.968465989793649e-03
-1.562572430474716e-03
-1.726558180479417e-03
-2.356057750681171e-03
-2.177095171086577e-03
-1.726558180479417e-03
-1.862267065699011e-03
-2.499338814959427e-03
-2.356057750681171e-03
-1.862267065699011e-03
-1.964493917520724e-03
-2.600923355455045e-03
-2.499338814959427e-03
-1.964493917520724e-03
-2.028033459378501e-03
-2.654796211971025e-03
-2.600923355455045e-03
-2.028033459378501e-03
-2.047680266528712e-03
-2.654942023612677e-03
-2.654796211971025e-03
-2.047680266528712e-03
-2.018228732260904e-03
-2.595345185389705e-03
-2.654942023612677e-03
-2.018228732260904e-03
-1.934473045233300e-03
-2.469989815212206e-03
-2.595345185389705e-03
-1.934473045233300e-03
-1.791207194741766e-03
-2.272859750059222e-03
-2.469989815212206e-03
-1.791207194741766e-03
-1.583224995313414e-03
-1.997938559626517e-03
-2.272859750059222e-03
-1.583224995313414e-03
-1.305319978292408e-03
-1.639209396192138e-03
-1.997938559626517e-03
-1.305319978292408e-03
-9.522851330672438e-04
-1.190654663887148e-03
-1.639209396192138e-03
-9.522851330672438e-04
-5.189146536175908e-04
-6.462580799812146e-04
-1.190654663887148e-03
-5.189146536175908e-04
0.000000000000000e+00
0.000000000000000e+00
-6.462580799812146e-04
0.000000000000000e+00
2.867090170760897e-04
2.692222063831633e-04
0.000000000000000e+00
2.867090170760897e-04
4.946251700499932e-04
4.534709302621734e-04
2.692222063831633e-04
4.946251700499932e-04
6.298024142820401e-04
5.595266320286883e-04
4.534709302621734e-04
6.298024142820401e-04
6.982877490731422e-04
5.941638153080769e-04
5.595266320286883e-04
6.982877490731422e-04
7.061242607050223e-04
5.641544987606962e-04
5.941638153080769e-04
7.061242607050223e-04
6.593495429722681e-04
4.762663719968905e-04
5.641544987606962e-04
6.593495429722681e-04
5.639964373824064e-04
3.372632898000309e-04
4.762663719968905e-04
5.639964373824064e-04
4.260938327541472e-04
1.539057978433182e-04
3.372632898000309e-04
4.260938327541472e-04
2.516673569130155e-04
-6.704840935323473e-05
1.539057978433182e-04
2.516673569130155e-04
4.674000649242958e-05
-3.188440238759383e-04
-6.704840935323473e-05
4.674000649242958e-05
-1.826673068570869e-04
-5.947276840472124e-04
-3.188440238759383e-04
-1.826673068570869e-04
-4.305353066897792e-04
-8.879475887084540e-04
-5.947276840472124e-04
-4.305353066897792e-04
-6.908459891213377e-04
-1.191753171200044e-03
-8.879475887084540e-04
-6.908459891213377e-04
-9.575823305700697e-04
-1.499394826203204e-03
-1.191753171200044e-03
-9.575823305700697e-04
-1.224728050673953e-03
-1.804123680800016e-03
-1.499394826203204e-03
-1.224728050673953e-03
-1.486267418500699e-03
-2.099191402120026e-03
-1.804123680800016e-03
-1.486267418500699e-03
-1.736185092890011e-03
-2.377850035102270e-03
-2.099191402120026e-03
-1.736185092890011e-03
-1.968465989793649e-03
-2.633351864902855e-03
-2.377850035102270e-03
-1.968465989793649e-03
-2.177095171086577e-03
-2.858949299433827e-03
-2.633351864902855e-03
-2.177095171086577e-03
-2.356057750681171e-03
-3.047894768474882e-03
-2.858949299433827e-03
-2.356057750681171e-03
-2.499338814959427e-03
-3.193440636738284e-03
-3.047894768474882e-03
-2.499338814959427e-03
-2.600923355455045e-03
-3.288839129015161e-03
-3.193440636738284e-03
-2.600923355455045e-03
-2.654796211971025e-03
-3.327342265580781e-03
-3.288839129015161e-03
-2.654796211971025e-03
-2.654942023612677e-03
-3.302201805010326e-03
-3.327342265580781e-03
-2.654942023612677e-03
-2.595345185389705e-03
-3.206669191555364e-03
-3.302201805010326e-03
-2.595345185389705e-03
-2.469989815212206e-03
-3.033995512317283e-03
-3.206669191555364e-03
-2.469989815212206e-03
-2.272859750059222e-03
-2.777431485471788e-03
-3.033995512317283e-03
-2.272859750059222e-03
-1.997938559626517e-03
-2.430227466002197e-03
-2.777431485471788e-03
-1.997938559626517e-03
-1.639209396192138e-03
-1.985633261030977e-03
-2.430227466002197e-03
-1.639209396192138e-03
-1.190654663887148e-03
-1.436897738437822e-03
-1.985633261030977e-03
-1.190654663887148e-03
-6.462580799812146e-04
-7.772712001742990e-04
-1.436897738437822e-03
-6.462580799812146e-04
0.000000000000000e+00
0.000000000000000e+00
-7.772712001742990e-04
0.000000000000000e+00
2.692222063831633e-04
2.378996970586188e-04
0.000000000000000e+00
2.692222063831633e-04
4.534709302621734e-04
3.863083428378402e-04
2.378996970586188e-04
4.534709302621734e-04
5.595266320286883e-04
4.526568885423687e-04
3.863083428378402e-04
5.595266320286883e-04
5.941638153080769e-04
4.443709484138409e-04
4.526568885423687e-04
5.941638153080769e-04
5.641544987606962e-04
3.688746163370065e-04
4.443709484138409e-04
5.641544987606962e-04
4.762663719968905e-04
2.335884938677454e-04
3.688746163370065e-04
4.762663719968905e-04
3.372632898000309e-04
4.593007401127520e-05
2.335884938677454e-04
3.372632898000309e-04
1.539057978433182e-04
-1.866858900873396e-04
4.593007401127520e-05
1.539057978433182e-04
-6.704840935323473e-05
-4.568470852736980e-04
-1.866858900873396e-04
-6.704840935323473e-05
-3.188440238759383e-04
-7.571433020763209e-04
-4.568470852736980e-04
-3.188440238759383e-04
-5.947276840472124e-04
-1.080166087778015e-03
-7.571433020763209e-04
-5.947276840472124e-04
-8.879475887084540e-04
-1.418508424723867e-03
-1.080166087778015e-03
-8.879475887084540e-04
-1.191753171200044e-03
-1.764764446062275e-03
-1.418508424723867e-03
-1.191753171200044e-03
-1.499394826203204e-03
-2.111529188361180e-03
-1.764764446062275e-03
-1.499394826203204e-03
-1.804123680800016e-03
-2.451398377356224e-03
-2.111529188361180e-03
-1.804123680800016e-03
-2.099191402120026e-03
-2.776968242785164e-03
-2.451398377356224e-03
-2.099191402120026e-03
-2.377850035102270e-03
-3.080835358341863e-03
-2.776968242785164e-03
-2.377850035102270e-03
-2.633351864902855e-03
-3.355596502973966e-03
-3.080835358341863e-03
-2.633351864902855e-03
-2.858949299433827e-03
-3.593848540134729e-03
-3.355596502973966e-03
-2.858949299433827e-03
-3.047894768474882e-03
-3.788188312173652e-03
-3.593848540134729e-03
-3.047894768474882e-03
-3.193440636738284e-03
-3.931212547741617e-03
-3.788188312173652e-03
-3.193440636738284e-03
-3.288839129015161e-03
-4.015517780656885e-03
-3.931212547741617e-03
-3.288839129015161e-03
-3.327342265580781e-03
-4.033700278525947e-03
-4.015517780656885e-03
-3.327342265580781e-03
-3.302201805010326e-03
-3.978355978093409e-03
-4.033700278525947e-03
-3.302201805010326e-03
-3.206669191555364e-03
-3.842080424170543e-03
-3.978355978093409e-03
-3.206669191555364e-03
-3.033995512317283e-03
-3.617468718044685e-03
-3.842080424170543e-03
-3.033995512317283e-03
-2.777431485471788e-03
-3.297115499402043e-03
-3.617468718044685e-03
-2.777431485471788e-03
-2.430227466002197e-03
-2.873614946938872e-03
-3.297115499402043e-03
-2.430227466002197e-03
-1.985633261030977e-03
-2.339560564510498e-03
-2.873614946938872e-03
-1.985633261030977e-03
-1.436897738437822e-03
-1.687544736369400e-03
-2.339560564510498e-03
-1.436897738437822e-03
-7.772712001742990e-04
-9.101614023847132e-04
-1.687544736369400e-03
-7.772712001742990e-04
0.000000000000000e+00
0.000000000000000e+00
-9.101614023847132e-04
0.000000000000000e+00
2.378996970586188e-04
1.945376859404685e-04
0.000000000000000e+00
2.378996970586188e-04
3.863083428378402e-04
2.966137795619379e-04
1.945376859404685e-04
3.863083428378402e-04
4.526568885423687e-04
3.142333868916153e-04
2.966137795619379e-04
4.526568885423687e-04
4.443709484138409e-04
2.553966999669619e-04
3.142333868916153e-04
4.443709484138409e-04
3.688746163370065e-04
1.281030641600154e-04
2.553966999669619e-04
3.688746163370065e-04
2.335884938677454e-04
-5.965105251487284e-05
1.281030641600154e-04
2.335884938677454e-04
4.593007401127520e-05
-2.998717211026469e-04
-5.965105251487284e-05
4.593007401127520e-05
-1.866858900873396e-04
-5.845672706825185e-04
-2.998717211026469e-04
-1.866858900873396e-04
-4.568470852736980e-04
-9.057480907540871e-04
-5.845672706825185e-04
-4.568470852736980e-04
-7.571433020763209e-04
-1.255426387815296e-03
-9.057480907540871e-04
-7.571433020763209e-04
-1.080166087778015e-03
-1.625615913523611e-03
-1.255426387815296e-03
-1.080166087778015e-03
-1.418508424723867e-03
-2.008331699696509e-03
-1.625615913523611e-03
-1.418508424723867e-03
-1.764764446062275e-03
-2.395589814661355e-03
-2.008331699696509e-03
-1.764764446062275e-03
-2.111529188361180e-03
-2.779407143555704e-03
-2.395589814661355e-03
-2.111529188361180e-03
-2.451398377356224e-03
-3.151801191916577e-03
-2.779407143555704e-03
-2.451398377356224e-03
-2.776968242785164e-03
-3.504789911115686e-03
-3.151801191916577e-03
-2.776968242785164e-03
-3.080835358341863e-03
-3.830391543693688e-03
-3.504789911115686e-03
-3.080835358341863e-03
-3.355596502973966e-03
-4.120624486308264e-03
-3.830391543693688e-03
-3.355596502973966e-03
-3.593848540134729e-03
-4.367507167977661e-03
-4.120624486308264e-03
-3.593848540134729e-03
-3.788188312173652e-03
-4.563057941569549e-03
-4.367507167977661e-03
-3.788188312173652e-03
-3.931212547741617e-03
-4.699294986965479e-03
-4.563057941569549e-03
-3.931212547741617e-03
-4.015517780656885e-03
-4.768236224746192e-03
-4.699294986965479e-03
-4.015517780656885e-03
-4.033700278525947e-03
-4.761899238911433e-03
-4.768236224746192e-03
-4.033700278525947e-03
-3.978355978093409e-03
-4.672301205570048e-03
-4.761899238911433e-03
-3.978355978093409e-03
-3.842080424170543e-03
-4.491458824327841e-03
-4.672301205570048e-03
-3.842080424170543e-03
-3.617468718044685e-03
-4.211388259110466e-03
-4.491458824327841e-03
-3.617468718044685e-03
-3.297115499402043e-03
-3.824105115312420e-03
-4.211388259110466e-03
-3.297115499402043e-03
-2.873614946938872e-03
-3.321624437401984e-03
-3.824105115312420e-03
-2.873614946938872e-03
-2.339560564510498e-03
-2.695960469880231e-03
-3.321624437401984e-03
-2.339560564510498e-03
-1.687544736369400e-03
-1.939126164528419e-03
-2.695960469880231e-03
-1.687544736369400e-03
-9.101614023847132e-04
-1.043136143158637e-03
-1.939126164528419e-03
-9.101614023847132e-04
0.000000000000000e+00
0.000000000000000e+00
-1.043136143158637e-03
0.000000000000000e+00
1.945376859404685e-04
1.409313231675374e-04
0.000000000000000e+00
1.945376859404685e-04
2.966137795619379e-04
1.878616894431410e-04
1.409313231675374e-04
2.966137795619379e-04
3.142333868916153e-04
1.492938114376885e-04
1.878616894431410e-04
3.142333868916153e-04
2.553966999669619e-04
3.372580905079037e-05
1.492938114376885e-04
2.553966999669619e-04
1.281030641600154e-04
-1.503445604595554e-04
3.372580905079037e-05
1.281030641600154e-04
-5.965105251487284e-05
-3.944219510492582e-04
-1.503445604595554e-04
-5.965105251487284e-05
-2.998717211026469e-04
-6.900131054146808e-04
-3.944219510492582e-04
-2.998717211026469e-04
-5.845672706825185e-04
-1.028626622173671e-03
-6.900131054146808e-04
-5.845672706825185e-04
-9.057480907540871e-04
-1.401772822785285e-03
-1.028626622173671e-03
-9.057480907540871e-04
-1.255426387815296e-03
-1.800963572887021e-03
-1.401772822785285e-03
-1.255426387815296e-03
-1.625615913523611e-03
-2.217712067657510e-03
-1.800963572887021e-03
-1.625615913523611e-03
-2.008331699696509e-03
-2.643532613622524e-03
-2.217712067657510e-03
-2.008331699696509e-03
-2.395589814661355e-03
-3.069940421139370e-03
-2.643532613622524e-03
-2.395589814661355e-03
-2.779407143555704e-03
-3.488451411213309e-03
-3.069940421139370e-03
-2.779407143555704e-03
-3.151801191916577e-03
-3.890582037577114e-03
-3.488451411213309e-03
-3.151801191916577e-03
-3.504789911115686e-03
-4.267849124230657e-03
-3.890582037577114e-03
-3.504789911115686e-03
-3.830391543693688e-03
-4.611769717937595e-03
-4.267849124230657e-03
-3.830391543693688e-03
-4.120624486308264e-03
-4.913860954567715e-03
-4.611769717937595e-03
-4.120624486308264e-03
-4.367507167977661e-03
-5.165639937883332e-03
-4.913860954567715e-03
-4.367507167977661e-03
-4.563057941569549e-03
-5.358623629428259e-03
-5.165639937883332e-03
-4.563057941569549e-03
-4.699294986965479e-03
-5.484328748506764e-03
-5.358623629428259e-03
-4.699294986965479e-03
-4.768236224746192e-03
-5.534271681538175e-03
-5.484328748506764e-03
-4.768236224746192e-03
-4.761899238911433e-03
-5.499968399596134e-03
-5.534271681538175e-03
-4.761899238911433e-03
-4.672301205570048e-03
-5.372934381143632e-03
-5.499968399596134e-03
-4.672301205570048e-03
-4.491458824327841e-03
-5.144684536708874e-03
-5.372934381143632e-03
-4.491458824327841e-03
-4.211388259110466e-03
-4.806733143163482e-03
-5.144684536708874e-03
-4.211388259110466e-03
-3.824105115312420e-03
-4.350593817293103e-03
-4.806733143163482e-03
-3.824105115312420e-03
-3.321624437401984e-03
-3.767779511863651e-03
-4.350593817293103e-03
-3.321624437401984e-03
-2.695960469880231e-03
-3.049802254577265e-03
-3.767779511863651e-03
-2.695960469880231e-03
-1.939126164528419e-03
-2.188172611972035e-03
-3.049802254577265e-03
-1.939126164528419e-03
-1.043136143158637e-03
-1.174402922359660e-03
-2.188172611972035e-03
-1.043136143158637e-03
0.000000000000000e+00
0.000000000000000e+00
-1.174402922359660e-03
0.000000000000000e+00
1.409313231675374e-04
7.887503566194388e-05
0.000000000000000e+00
1.409313231675374e-04
1.878616894431410e-04
6.352517152348301e-05
7.887503566194388e-05
1.878616894431410e-04
1.492938114376885e-04
-3.712596583248754e-05
6.352517152348301e-05
1.492938114376885e-04
3.372580905079037e-05
-2.141590712761178e-04
-3.712596583248754e-05
3.372580905079037e-05
-1.503445604595554e-04
-4.586548466641352e-04
-2.141590712761178e-04
-1.503445604595554e-04
-3.944219510492582e-04
-7.616960388692495e-04
-4.586548466641352e-04
-3.944219510492582e-04
-6.900131054146808e-04
-1.114367120922406e-03
-7.616960388692495e-04
-6.900131054146808e-04
-1.028626622173671e-03
-1.507754085613012e-03
-1.114367120922406e-03
-1.028626622173671e-03
-1.401772822785285e-03
-1.932944352488289e-03
-1.507754085613012e-03
-1.401772822785285e-03
-1.800963572887021e-03
-2.381026633392318e-03
-1.932944352488289e-03
-1.800963572887021e-03
-2.217712067657510e-03
-2.843090760115570e-03
-2.381026633392318e-03
-2.217712067657510e-03
-2.643532613622524e-03
-3.310227503277506e-03
-2.843090760115570e-03
-2.643532613622524e-03
-3.069940421139370e-03
-3.773528395281831e-03
-3.310227503277506e-03
-3.069940421139370e-03
-3.488451411213309e-03
-4.224085560857633e-03
-3.773528395281831e-03
-3.488451411213309e-03
-3.890582037577114e-03
-4.652991556685010e-03
-4.224085560857633e-03
-3.890582037577114e-03
-4.267849124230657e-03
-5.051339221166944e-03
-4.652991556685010e-03
-4.267849124230657e-03
-4.611769717937595e-03
-5.410221534756394e-03
-5.051339221166944e-03
-4.611769717937595e-03
-4.913860954567715e-03
-5.720731490563424e-03
-5.410221534756394e-03
-4.913860954567715e-03
-5.165639937883332e-03
-5.973961974560600e-03
-5.720731490563424e-03
-5.165639937883332e-03
-5.358623629428259e-03
-6.161005654653135e-03
-5.973961974560600e-03
-5.358623629428259e-03
-5.484328748506764e-03
-6.272954878122573e-03
-6.161005654653135e-03
-5.484328748506764e-03
-5.534271681538175e-03
-6.300901577180800e-03
-6.272954878122573e-03
-5.534271681538175e-03
-5.499968399596134e-03
-6.235937181788867e-03
-6.300901577180800e-03
-5.499968399596134e-03
-5.372934381143632e-03
-6.069152536916599e-03
-6.235937181788867e-03
-5.372934381143632e-03
-5.144684536708874e-03
-5.791637821114247e-03
-6.069152536916599e-03
-5.144684536708874e-03
-4.806733143163482e-03
-5.394482475020237e-03
-5.791637821114247e-03
-4.806733143163482e-03
-4.350593817293103e-03
-4.868775172162595e-03
-5.394482475020237e-03
-4.350593817293103e-03
-3.767779511863651e-03
-4.205603814431364e-03
-4.868775172162595e-03
-3.767779511863651e-03
-3.049802254577265e-03
-3.396055251792555e-03
-4.205603814431364e-03
-3.049802254577265e-03
-2.188172611972035e-03
-2.431214707316177e-03
-3.396055251792555e-03
-2.188172611972035e-03
-1.174402922359660e-03
-1.302169260520718e-03
-2.431214707316177e-03
-1.174402922359660e-03
0.000000000000000e+00
0.000000000000000e+00
-1.302169260520718e-03
0.000000000000000e+00
7.887503566194388e-05
1.016273913965439e-05
0.000000000000000e+00
7.887503566194388e-05
6.352517152348301e-05
-7.292364006824764e-05
1.016273913965439e-05
6.352517152348301e-05
-3.712596583248754e-05
-2.399913908887811e-04
-7.292364006824764e-05
-3.712596583248754e-05
-2.141590712761178e-04
-4.817768379054330e-04
-2.399913908887811e-04
-2.141590712761178e-04
-4.586548466641352e-04
-7.890160469343557e-04
-4.817768379054330e-04
-4.586548466641352e-04
-7.616960388692495e-04
-1.152446829962274e-03
-7.890160469343557e-04
-7.616960388692495e-04
-1.114367120922406e-03
-1.562808426210401e-03
-1.152446829962274e-03
-1.114367120922406e-03
-1.507754085613012e-03
-2.010841310532857e-03
-1.562808426210401e-03
-1.507754085613012e-03
-1.932944352488289e-03
-2.487287124983574e-03
-2.010841310532857e-03
-1.932944352488289e-03
-2.381026633392318e-03
-2.982888574211308e-03
-2.487287124983574e-03
-2.381026633392318e-03
-2.843090760115570e-03
-3.488389283936688e-03
-2.982888574211308e-03
-2.843090760115570e-03
-3.310227503277506e-03
-3.994533648558020e-03
-3.488389283936688e-03
-3.310227503277506e-03
-3.773528395281831e-03
-4.492066678998026e-03
-3.994533648558020e-03
-3.773528395281831e-03
-4.224085560857633e-03
-4.971733853598564e-03
-4.492066678998026e-03
-4.224085560857633e-03
-4.652991556685010e-03
-5.424280973511070e-03
-4.971733853598564e-03
-4.652991556685010e-03
-5.051339221166944e-03
-5.840454023960238e-03
-5.424280973511070e-03
-5.051339221166944e-03
-5.410221534756394e-03
-6.210999042274143e-03
-5.840454023960238e-03
-5.410221534756394e-03
-5.720731490563424e-03
-6.526661992939371e-03
-6.210999042274143e-03
-5.720731490563424e-03
-5.973961974560600e-03
-6.778188649521412e-03
-6.526661992939371e-03
-5.973961974560600e-03
-6.161005654653135e-03
-6.956324483207966e-03
-6.778188649521412e-03
-6.161005654653135e-03
-6.272954878122573e-03
-7.051814557949041e-03
-6.956324483207966e-03
-6.272954878122573e-03
-6.300901577180800e-03
-7.055403432372185e-03
-7.051814557949041e-03
-6.300901577180800e-03
-6.235937181788867e-03
-6.957835068004869e-03
-7.055403432372185e-03
-6.235937181788867e-03
-6.069152536916599e-03
-6.749852741218596e-03
-6.957835068004869e-03
-6.069152536916599e-03
-5.791637821114247e-03
-6.422198955984614e-03
-6.749852741218596e-03
-5.791637821114247e-03
-5.394482475020237e-03
-5.965615367043643e-03
-6.422198955984614e-03
-5.394482475020237e-03
-4.868775172162595e-03
-5.370842748353370e-03
-5.965615367043643e-03
-4.868775172162595e-03
-4.205603814431364e-03
-4.628620988490953e-03
-5.370842748353370e-03
-4.205603814431364e-03
-3.396055251792555e-03
-3.729688793684044e-03
-4.628620988490953e-03
-3.396055251792555e-03
-2.431214707316177e-03
-2.664783078569773e-03
-3.729688793684044e-03
-2.431214707316177e-03
-1.302169260520718e-03
-1.424642677971798e-03
-2.664783078569773e-03
-1.302169260520718e-03
0.000000000000000e+00
0.000000000000000e+00
-1.424642677971798e-03
0.000000000000000e+00
1.016273913965439e-05
-6.341201646545218e-05
0.000000000000000e+00
1.016273913965439e-05
-7.292364006824764e-05
-2.180133070522254e-04
-6.341201646545218e-05
-7.292364006824764e-05
-2.399913908887811e-04
-4.542688717868236e-04
-2.180133070522254e-04
-2.399913908887811e-04
-4.817768379054330e-04
-7.626475366050719e-04
-4.542688717868236e-04
-4.817768379054330e-04
-7.890160469343557e-04
-1.133617667711903e-03
-7.626475366050719e-04
-7.890160469343557e-04
-1.152446829962274e-03
-1.557649124073730e-03
-1.133617667711903e-03
-1.152446829962274e-03
-1.562808426210401e-03
-2.025212938749394e-03
-1.557649124073730e-03
-1.562808426210401e-03
-2.010841310532857e-03
-2.526781136240428e-03
-2.025212938749394e-03
-2.010841310532857e-03
-2.487287124983574e-03
-3.052826678930416e-03
-2.526781136240428e-03
-2.487287124983574e-03
-2.982888574211308e-03
-3.593823382626488e-03
-3.052826678930416e-03
-2.982888574211308e-03
-3.488389283936688e-03
-4.140245797510787e-03
-3.593823382626488e-03
-3.488389283936688e-03
-3.994533648558020e-03
-4.682569077852431e-03
-4.140245797510787e-03
-3.994533648558020e-03
-4.492066678998026e-03
-5.211268849888382e-03
-4.682569077852431e-03
-4.492066678998026e-03
-4.971733853598564e-03
-5.716821079772898e-03
-5.211268849888382e-03
-4.971733853598564e-03
-5.424280973511070e-03
-6.189701942663649e-03
-5.716821079772898e-03
-5.424280973511070e-03
-5.840454023960238e-03
-6.620387694282942e-03
-6.189701942663649e-03
-5.840454023960238e-03
-6.210999042274143e-03
-6.999354546018849e-03
-6.620387694282942e-03
-6.210999042274143e-03
-6.526661992939371e-03
-7.317078544113230e-03
-6.999354546018849e-03
-6.526661992939371e-03
-6.778188649521412e-03
-7.564035453123654e-03
-7.317078544113230e-03
-6.778188649521412e-03
-6.956324483207966e-03
-7.730700643793434e-03
-7.564035453123654e-03
-6.956324483207966e-03
-7.051814557949041e-03
-7.807548985705379e-03
-7.730700643793434e-03
-7.051814557949041e-03
-7.055403432372185e-03
-7.785054745318919e-03
-7.807548985705379e-03
-7.055403432372185e-03
-6.957835068004869e-03
-7.653691489322966e-03
-7.785054745318919e-03
-6.957835068004869e-03
-6.749852741218596e-03
-7.403931991025489e-03
-7.653691489322966e-03
-6.749852741218596e-03
-6.422198955984614e-03
-7.026248137180568e-03
-7.403931991025489e-03
-6.422198955984614e-03
-5.965615367043643e-03
-6.511110845848533e-03
-7.026248137180568e-03
-5.965615367043643e-03
-5.370842748353370e-03
-5.848990032493975e-03
-6.511110845848533e-03
-5.370842748353370e-03
-4.628620988490953e-03
-5.030354605470459e-03
-5.848990032493975e-03
-4.628620988490953e-03
-3.729688793684044e-03
-4.045672154841156e-03
-5.030354605470459e-03
-3.729688793684044e-03
-2.664783078569773e-03
-2.885408313749132e-03
-4.045672154841156e-03
-2.664783078569773e-03
-1.424642677971798e-03
-1.540030674587817e-03
-2.885408313749132e-03
-1.424642677971798e-03
0.000000000000000e+00
0.000000000000000e+00
-1.540030674587817e-03
0.000000000000000e+00
-6.341201646545218e-05
-1.400559425222526e-04
0.000000000000000e+00
-6.341201646545218e-05
-2.180133070522254e-04
-3.682728908959330e-04
-1.400559425222526e-04
-2.180133070522254e-04
-4.542688717868236e-04
-6.749255132695900e-04
-3.682728908959330e-04
-4.542688717868236e-04
-7.626475366050719e-04
-1.050292053733955e-03
-6.749255132695900e-04
-7.626475366050719e-04
-1.133617667711903e-03
-1.484650143347592e-03
-1.050292053733955e-03
-1.133617667711903e-03
-1.557649124073730e-03
-1.968278682961850e-03
-1.484650143347592e-03
-1.557649124073730e-03
-2.025212938749394e-03
-2.491457526949697e-03
-1.968278682961850e-03
-2.025212938749394e-03
-2.526781136240428e-03
-3.044467306918527e-03
-2.491457526949697e-03
-2.526781136240428e-03
-3.052826678930416e-03
-3.617589387072892e-03
-3.044467306918527e-03
-3.052826678930416e-03
-3.593823382626488e-03
-4.201105793520512e-03
-3.617589387072892e-03
-3.593823382626488e-03
-4.140245797510787e-03
-4.785299111877814e-03
-4.201105793520512e-03
-4.140245797510787e-03
-4.682569077852431e-03
-5.360452374162973e-03
-4.785299111877814e-03
-4.682569077852431e-03
-5.211268849888382e-03
-5.916848942824618e-03
-5.360452374162973e-03
-5.211268849888382e-03
-5.716821079772898e-03
-6.444772392879474e-03
-5.916848942824618e-03
-5.716821079772898e-03
-6.189701942663649e-03
-6.934506392696616e-03
-6.444772392879474e-03
-6.189701942663649e-03
-6.620387694282942e-03
-7.376334584515420e-03
-6.934506392696616e-03
-6.620387694282942e-03
-6.999354546018849e-03
-7.760540465718177e-03
-7.376334584515420e-03
-6.999354546018849e-03
-7.317078544113230e-03
-8.077407271506800e-03
-7.760540465718177e-03
-7.317078544113230e-03
-7.564035453123654e-03
-8.317217859371829e-03
-8.077407271506800e-03
-7.564035453123654e-03
-7.730700643793434e-03
-8.470254595761421e-03
-8.317217859371829e-03
-7.730700643793434e-03
-7.807548985705379e-03
-8.526799245664320e-03
-8.470254595761421e-03
-7.807548985705379e-03
-7.785054745318919e-03
-8.477132866103724e-03
-8.526799245664320e-03
-7.785054745318919e-03
-7.653691489322966e-03
-8.311535703894203e-03
-8.477132866103724e-03
-7.653691489322966e-03
-7.403931991025489e-03
-8.020287095760697e-03
-8.311535703894203e-03
-7.403931991025489e-03
-7.026248137180568e-03
-7.593665368635313e-03
-8.020287095760697e-03
-7.026248137180568e-03
-6.511110845848533e-03
-7.021947751752546e-03
-7.593665368635313e-03
-6.511110845848533e-03
-5.848990032493975e-03
-6.295410339939127e-03
-7.021947751752546e-03
-5.848990032493975e-03
-5.030354605470459e-03
-5.404328088952041e-03
-6.295410339939127e-03
-5.030354605470459e-03
-4.045672154841156e-03
-4.338974492513628e-03
-5.404328088952041e-03
-4.045672154841156e-03
-2.885408313749132e-03
-3.089620919527700e-03
-4.338974492513628e-03
-2.885408313749132e-03
-1.540030674587817e-03
-1.646540708630244e-03
-3.089620919527700e-03
-1.540030674587817e-03
0.000000000000000e+00
0.000000000000000e+00
-1.646540708630244e-03
0.000000000000000e+00
-1.400559425222526e-04
-2.179759331013971e-04
0.000000000000000e+00
-1.400559425222526e-04
-3.682728908959330e-04
-5.202318036003124e-04
-2.179759331013971e-04
-3.682728908959330e-04
-6.749255132695900e-04
-8.969289111102862e-04
-5.202318036003124e-04
-6.749255132695900e-04
-1.050292053733955e-03
-1.338231871527387e-03
-8.969289111102862e-04
-1.050292053733955e-03
-1.484650143347592e-03
-1.834304569781871e-03
-1.338231871527387e-03
-1.484650143347592e-03
-1.968278682961850e-03
-2.375311957521413e-03
-1.834304569781871e-03
-1.968278682961850e-03
-2.491457526949697e-03
-2.951419742019314e-03
-2.375311957521413e-03
-2.491457526949697e-03
-3.044467306918527e-03
-3.552794215493012e-03
-2.951419742019314e-03
-3.044467306918527e-03
-3.617589387072892e-03
-4.169602215879266e-03
-3.552794215493012e-03
-3.617589387072892e-03
-4.201105793520512e-03
-4.792011065897475e-03
-4.169602215879266e-03
-4.201105793520512e-03
-4.785299111877814e-03
-5.410188483482798e-03
-4.792011065897475e-03
-4.785299111877814e-03
-5.360452374162973e-03
-6.014302482438243e-03
-5.410188483482798e-03
-5.360452374162973e-03
-5.916848942824618e-03
-6.594521269743142e-03
-6.014302482438243e-03
-5.916848942824618e-03
-6.444772392879474e-03
-7.141013139617580e-03
-6.594521269743142e-03
-6.444772392879474e-03
-6.934506392696616e-03
-7.643946364296144e-03
-7.141013139617580e-03
-6.934506392696616e-03
-7.376334584515420e-03
-8.093489082226629e-03
-7.643946364296144e-03
-7.376334584515420e-03
-7.760540465718177e-03
-8.479809184528047e-03
-8.093489082226629e-03
-7.760540465718177e-03
-8.077407271506800e-03
-8.793074200323003e-03
-8.479809184528047e-03
-8.077407271506800e-03
-8.317217859371829e-03
-9.023451181416314e-03
-8.793074200323003e-03
-8.317217859371829e-03
-8.470254595761421e-03
-9.161106586910002e-03
-9.023451181416314e-03
-8.470254595761421e-03
-8.526799245664320e-03
-9.196206168745329e-03
-9.161106586910002e-03
-8.526799245664320e-03
-8.477132866103724e-03
-9.118914859539388e-03
-9.196206168745329e-03
-8.477132866103724e-03
-8.311535703894203e-03
-8.919396663507120e-03
-9.118914859539388e-03
-8.311535703894203e-03
-8.020287095760697e-03
-8.587814549025801e-03
-8.919396663507120e-03
-8.020287095760697e-03
-7.593665368635313e-03
-8.114330341198758e-03
-8.587814549025801e-03
-7.593665368635313e-03
-7.021947751752546e-03
-7.489104627127303e-03
-8.114330341198758e-03
-7.021947751752546e-03
-6.295410339939127e-03
-6.702296715363472e-03
-7.489104627127303e-03
-6.295410339939127e-03
-5.404328088952041e-03
-5.744064630416520e-03
-6.702296715363472e-03
-5.404328088952041e-03
-4.338974492513628e-03
-4.604564780353415e-03
-5.744064630416520e-03
-4.338974492513628e-03
-3.089620919527700e-03
-3.273951275479409e-03
-4.604564780353415e-03
-3.089620919527700e-03
-1.646540708630244e-03
-1.742380173366117e-03
-3.273951275479409e-03
-1.646540708630244e-03
0.000000000000000e+00
0.000000000000000e+00
-1.742380173366117e-03
0.000000000000000e+00
-2.179759331013971e-04
-2.953790031013195e-04
0.000000000000000e+00
-2.179759331013971e-04
-5.202318036003124e-04
-6.704196891902206e-04
-2.953790031013195e-04
-5.202318036003124e-04
-8.969289111102862e-04
-1.115246986421534e-03
-6.704196891902206e-04
-8.969289111102862e-04
-1.338231871527387e-03
-1.619988867170793e-03
-1.115246986421534e-03
-1.338231871527387e-03
-1.834304569781871e-03
-2.174772480895206e-03
-1.619988867170793e-03
-1.834304569781871e-03
-2.375311957521413e-03
-2.769725852841198e-03
-2.174772480895206e-03
-2.375311957521413e-03
-2.951419742019314e-03
-3.394977581003415e-03
-2.769725852841198e-03
-2.951419742019314e-03
-3.552794215493012e-03
-4.040656671337770e-03
-3.394977581003415e-03
-3.552794215493012e-03
-4.169602215879266e-03
-4.696892502087790e-03
-4.040656671337770e-03
-4.169602215879266e-03
-4.792011065897475e-03
-5.353814770337913e-03
-4.696892502087790e-03
-4.792011065897475e-03
-5.410188483482798e-03
-6.001553413026688e-03
-5.353814770337913e-03
-5.410188483482798e-03
-6.014302482438243e-03
-6.630238519236859e-03
-6.001553413026688e-03
-6.014302482438243e-03
-6.594521269743142e-03
-7.230000238896620e-03
-6.630238519236859e-03
-6.594521269743142e-03
-7.141013139617580e-03
-7.790968687182976e-03
-7.230000238896620e-03
-7.141013139617580e-03
-7.643946364296144e-03
-8.303273843987593e-03
-7.790968687182976e-03
-7.643946364296144e-03
-8.093489082226629e-03
-8.757045448724078e-03
-8.303273843987593e-03
-8.093489082226629e-03
-8.479809184528047e-03
-9.142412891031447e-03
-8.757045448724078e-03
-8.479809184528047e-03
-8.793074200323003e-03
-9.449505097853203e-03
-9.142412891031447e-03
-8.793074200323003e-03
-9.023451181416314e-03
-9.668450417351327e-03
-9.449505097853203e-03
-9.023451181416314e-03
-9.161106586910002e-03
-9.789376500343340e-03
-9.668450417351327e-03
-9.161106586910002e-03
-9.196206168745329e-03
-9.802410180465649e-03
-9.789376500343340e-03
-9.196206168745329e-03
-9.118914859539388e-03
-9.697677354766924e-03
-9.802410180465649e-03
-9.118914859539388e-03
-8.919396663507120e-03
-9.465302865976197e-03
-9.697677354766924e-03
-8.919396663507120e-03
-8.587814549025801e-03
-9.095410385548187e-03
-9.465302865976197e-03
-8.587814549025801e-03
-8.114330341198758e-03
-8.578122296536967e-03
-9.095410385548187e-03
-8.114330341198758e-03
-7.489104627127303e-03
-7.903559590203182e-03
-8.578122296536967e-03
-7.489104627127303e-03
-6.702296715363472e-03
-7.061841819846108e-03
-7.903559590203182e-03
-6.702296715363472e-03
-5.744064630416520e-03
-6.043087093179102e-03
-7.061841819846108e-03
-5.744064630416520e-03
-4.604564780353415e-03
-4.837411732671774e-03
-6.043087093179102e-03
-4.604564780353415e-03
-3.273951275479409e-03
-3.434929581684337e-03
-4.837411732671774e-03
-3.273951275479409e-03
-1.742380173366117e-03
-1.825756370270927e-03
-3.434929581684337e-03
-1.742380173366117e-03
0.000000000000000e+00
0.000000000000000e+00
-1.825756370270927e-03
0.000000000000000e+00
-2.953790031013195e-04
-3.704722371924907e-04
0.000000000000000e+00
-2.953790031013195e-04
-6.704196891902206e-04
-8.153663252714258e-04
-3.704722371924907e-04
-6.704196891902206e-04
-1.115246986421534e-03
-1.324847846537442e-03
-8.153663252714258e-04
-1.115246986421534e-03
-1.619988867170793e-03
-1.889085141685891e-03
-1.324847846537442e-03
-1.619988867170793e-03
-2.174772480895206e-03
-2.498245654791477e-03
-1.889085141685891e-03
-2.174772480895206e-03
-2.769725852841198e-03
-3.142497520845500e-03
-2.498245654791477e-03
-2.769725852841198e-03
-3.394977581003415e-03
-3.812009273472695e-03
-3.142497520845500e-03
-3.394977581003415e-03
-4.040656671337770e-03
-4.496949686971472e-03
-3.812009273472695e-03
-4.040656671337770e-03
-4.696892502087790e-03
-5.187487743544930e-03
-4.496949686971472e-03
-4.696892502087790e-03
-5.353814770337913e-03
-5.873792586438194e-03
-5.187487743544930e-03
-5.353814770337913e-03
-6.001553413026688e-03
-6.546033450589877e-03
-5.873792586438194e-03
-6.001553413026688e-03
-6.630238519236859e-03
-7.194379585582851e-03
-6.546033450589877e-03
-6.630238519236859e-03
-7.230000238896620e-03
-7.809000174775943e-03
-7.194379585582851e-03
-7.230000238896620e-03
-7.790968687182976e-03
-8.380064249149924e-03
-7.809000174775943e-03
-7.790968687182976e-03
-8.303273843987593e-03
-8.897740594644000e-03
-8.380064249149924e-03
-8.303273843987593e-03
-8.757045448724078e-03
-9.352197652792412e-03
-8.897740594644000e-03
-8.757045448724078e-03
-9.142412891031447e-03
-9.733603414875901e-03
-9.352197652792412e-03
-9.142412891031447e-03
-9.449505097853203e-03
-1.003212530985535e-02
-9.733603414875901e-03
-9.449505097853203e-03
-9.668450417351327e-03
-1.023793008644911e-02
-1.003212530985535e-02
-9.668450417351327e-03
-9.789376500343340e-03
-1.034118369005461e-02
-1.023793008644911e-02
-9.789376500343340e-03
-9.802410180465649e-03
-1.033205113585241e-02
-1.034118369005461e-02
-9.802410180465649e-03
-9.697677354766924e-03
-1.020069638008011e-02
-1.033205113585241e-02
-9.697677354766924e-03
-9.465302865976197e-03
-9.937282191172783e-03
-1.020069638008011e-02
-9.465302865976197e-03
-9.095410385548187e-03
-9.531970020504260e-03
-9.937282191172783e-03
-9.095410385548187e-03
-8.578122296536967e-03
-8.974919872652138e-03
-9.531970020504260e-03
-8.578122296536967e-03
-7.903559590203182e-03
-8.256290190451392e-03
-8.974919872652138e-03
-7.903559590203182e-03
-7.061841819846108e-03
-7.366237800373078e-03
-8.256290190451392e-03
-7.061841819846108e-03
-6.043087093179102e-03
-6.294917900575023e-03
-7.366237800373078e-03
-6.043087093179102e-03
-4.837411732671774e-03
-5.032483715780570e-03
-6.294917900575023e-03
-4.837411732671774e-03
-3.434929581684337e-03
-3.569085797150522e-03
-5.032483715780570e-03
-3.434929581684337e-03
-1.825756370270927e-03
-1.894876477457211e-03
-3.569085797150522e-03
-1.825756370270927e-03
0.000000000000000e+00
0.000000000000000e+00
-1.894876477457211e-03
0.000000000000000e+00
-3.704722371924907e-04
-4.414627454397842e-04
0.000000000000000e+00
-3.704722371924907e-04
-8.153663252714258e-04
-9.516015370860868e-04
-4.414627454397842e-04
-8.153663252714258e-04
-1.324847846537442e-03
-1.520699662693865e-03
-9.516015370860868e-04
-1.324847846537442e-03
-1.889085141685891e-03
-2.139042868054705e-03
-1.520699662693865e-03
-1.889085141685891e-03
-2.498245654791477e-03
-2.796915939909593e-03
-2.139042868054705e-03
-2.498245654791477e-03
-3.142497520845500e-03
-3.484604171797221e-03
-2.796915939909593e-03
-3.142497520845500e-03
-3.812009273472695e-03
-4.192393084999173e-03
-3.484604171797221e-03
-3.812009273472695e-03
-4.496949686971472e-03
-4.910568278837707e-03
-4.192393084999173e-03
-4.496949686971472e-03
-5.187487743544930e-03
-5.629415401201733e-03
-4.910568278837707e-03
-5.187487743544930e-03
-5.873792586438194e-03
-6.339220108552122e-03
-5.629415401201733e-03
-5.873792586438194e-03
-6.546033450589877e-03
-7.030268006436501e-03
-6.339220108552122e-03
-6.546033450589877e-03
-7.194379585582851e-03
-7.692844583174187e-03
-7.030268006436501e-03
-7.194379585582851e-03
-7.809000174775943e-03
-8.317235139335119e-03
-7.692844583174187e-03
-7.809000174775943e-03
-8.380064249149924e-03
-8.893724710820465e-03
-8.317235139335119e-03
-8.380064249149924e-03
-8.897740594644000e-03
-9.412597983754750e-03
-8.893724710820465e-03
-8.897740594644000e-03
-9.352197652792412e-03
-9.864139200520761e-03
-9.412597983754750e-03
-9.352197652792412e-03
-9.733603414875901e-03
-1.023863205677631e-02
-9.864139200520761e-03
-9.733603414875901e-03
-1.003212530985535e-02
-1.052635958944779e-02
-1.023863205677631e-02
-1.003212530985535e-02
-1.023793008644911e-02
-1.071760405588233e-02
-1.052635958944779e-02
-1.023793008644911e-02
-1.034118369005461e-02
-1.080264680477263e-02
-1.071760405588233e-02
-1.034118369005461e-02
-1.033205113585241e-02
-1.077176814022301e-02
-1.080264680477263e-02
-1.033205113585241e-02
-1.020069638008011e-02
-1.061524718113533e-02
-1.077176814022301e-02
-1.020069638008011e-02
-9.937282191172783e-03
-1.032336171802304e-02
-1.061524718113533e-02
-9.937282191172783e-03
-9.531970020504260e-03
-9.886388067679875e-03
-1.032336171802304e-02
-9.531970020504260e-03
-8.974919872652138e-03
-9.294600926684788e-03
-9.886388067679875e-03
-8.974919872652138e-03
-8.256290190451392e-03
-8.538273240587915e-03
-9.294600926684788e-03
-8.256290190451392e-03
-7.366237800373078e-03
-7.607676136501128e-03
-8.538273240587915e-03
-7.366237800373078e-03
-6.294917900575023e-03
-6.493078903272790e-03
-7.607676136501128e-03
-6.294917900575023e-03
-5.032483715780570e-03
-5.184748641937901e-03
-6.493078903272790e-03
-5.032483715780570e-03
-3.569085797150522e-03
-3.672949565717853e-03
-5.184748641937901e-03
-3.569085797150522e-03
-1.894876477457211e-03
-1.947947511547775e-03
-3.672949565717853e-03
-1.894876477457211e-03
0.000000000000000e+00
0.000000000000000e+00
-1.947947511547775e-03
0.000000000000000e+00
-4.414627454397842e-04
-5.065576224069224e-04
0.000000000000000e+00
-4.414627454397842e-04
-9.516015370860868e-04
-1.075655118161386e-03
-5.065576224069224e-04
-9.516015370860868e-04
-1.520699662693865e-03
-1.697770556742104e-03
-1.075655118161386e-03
-1.520699662693865e-03
-2.139042868054705e-03
-2.363384149968274e-03
-1.697770556742104e-03
-2.139042868054705e-03
-2.796915939909593e-03
-3.062975092461902e-03
-2.363384149968274e-03
-2.796915939909593e-03
-3.484604171797221e-03
-3.787022897021590e-03
-3.062975092461902e-03
-3.484604171797221e-03
-4.192393084999173e-03
-4.526007131100068e-03
-3.787022897021590e-03
-4.192393084999173e-03
-4.910568278837707e-03
-5.270407277349109e-03
-4.526007131100068e-03
-4.910568278837707e-03
-5.629415401201733e-03
-6.010702708904876e-03
-5.270407277349109e-03
-5.629415401201733e-03
-6.339220108552122e-03
-6.737372657742433e-03
-6.010702708904876e-03
-6.339220108552122e-03
-7.030268006436501e-03
-7.440896166428944e-03
-6.737372657742433e-03
-7.030268006436501e-03
-7.692844583174187e-03
-8.111752033637513e-03
-7.440896166428944e-03
-7.692844583174187e-03
-8.317235139335119e-03
-8.740418754741292e-03
-8.111752033637513e-03
-8.317235139335119e-03
-8.893724710820465e-03
-9.317374454593713e-03
-8.740418754741292e-03
-8.893724710820465e-03
-9.412597983754750e-03
-9.833096810173411e-03
-9.317374454593713e-03
-9.412597983754750e-03
-9.864139200520761e-03
-1.027806296196500e-02
-9.833096810173411e-03
-9.864139200520761e-03
-1.023863205677631e-02
-1.064274941352861e-02
-1.027806296196500e-02
-1.023863205677631e-02
-1.052635958944779e-02
-1.091763191893405e-02
-1.064274941352861e-02
-1.052635958944779e-02
-1.071760405588233e-02
-1.109318535797657e-02
-1.091763191893405e-02
-1.071760405588233e-02
-1.080264680477263e-02
-1.115988359957851e-02
-1.109318535797657e-02
-1.080264680477263e-02
-1.077176814022301e-02
-1.110819935462353e-02
-1.115988359957851e-02
-1.077176814022301e-02
-1.061524718113533e-02
-1.092860402043486e-02
-1.110819935462353e-02
-1.061524718113533e-02
-1.032336171802304e-02
-1.061156751929742e-02
-1.092860402043486e-02
-1.032336171802304e-02
-9.886388067679875e-03
-1.014755813213417e-02
-1.061156751929742e-02
-9.886388067679875e-03
-9.294600926684788e-03
-9.527042329531244e-03
-1.014755813213417e-02
-9.294600926684788e-03
-8.538273240587915e-03
-8.740484618796394e-03
-9.527042329531244e-03
-8.538273240587915e-03
-7.607676136501128e-03
-7.778347457243971e-03
-8.740484618796394e-03
-7.607676136501128e-03
-6.493078903272790e-03
-6.631091218833659e-03
-7.778347457243971e-03
-6.493078903272790e-03
-5.184748641937901e-03
-5.289173839796435e-03
-6.631091218833659e-03
-5.184748641937901e-03
-3.672949565717853e-03
-3.743050124858293e-03
-5.289173839796435e-03
-3.672949565717853e-03
-1.947947511547775e-03
-1.983176280529287e-03
-3.743050124858293e-03
-1.947947511547775e-03
0.000000000000000e+00
0.000000000000000e+00
-1.983176280529287e-03
0.000000000000000e+00
-5.065576224069224e-04
-5.639639069673757e-04
0.000000000000000e+00
-5.065576224069224e-04
-1.075655118161386e-03
-1.184056752405259e-03
-5.639639069673757e-04
-1.075655118161386e-03
-1.697770556742104e-03
-1.851028490091298e-03
-1.184056752405259e-03
-1.697770556742104e-03
-2.363384149968274e-03
-2.555630883592088e-03
-1.851028490091298e-03
-2.363384149968274e-03
-3.062975092461902e-03
-3.288614617614133e-03
-2.555630883592088e-03
-3.062975092461902e-03
-3.787022897021590e-03
-4.040730495949362e-03
-3.288614617614133e-03
-3.787022897021590e-03
-4.526007131100068e-03
-4.802729195860045e-03
-4.040730495949362e-03
-4.526007131100068e-03
-5.270407277349109e-03
-5.565361141707534e-03
-4.802729195860045e-03
-5.270407277349109e-03
-6.010702708904876e-03
-6.319376487793133e-03
-5.565361141707534e-03
-6.010702708904876e-03
-6.737372657742433e-03
-7.055525097919913e-03
-6.319376487793133e-03
-6.737372657742433e-03
-7.440896166428944e-03
-7.764556511000133e-03
-7.055525097919913e-03
-7.440896166428944e-03
-8.111752033637513e-03
-8.437219900532937e-03
-7.764556511000133e-03
-8.111752033637513e-03
-8.740418754741292e-03
-9.064264027909533e-03
-8.437219900532937e-03
-8.740418754741292e-03
-9.317374454593713e-03
-9.636437185996235e-03
-9.064264027909533e-03
-9.317374454593713e-03
-9.833096810173411e-03
-1.014448713021871e-02
-9.636437185996235e-03
-9.833096810173411e-03
-1.027806296196500e-02
-1.057916099561996e-02
-1.014448713021871e-02
-1.027806296196500e-02
-1.064274941352861e-02
-1.093120519898178e-02
-1.057916099561996e-02
-1.064274941352861e-02
-1.091763191893405e-02
-1.119136532533704e-02
-1.093120519898178e-02
-1.091763191893405e-02
-1.109318535797657e-02
-1.135038599843292e-02
-1.119136532533704e-02
-1.109318535797657e-02
-1.115988359957851e-02
-1.139901073518288e-02
-1.135038599843292e-02
-1.115988359957851e-02
-1.110819935462353e-02
-1.132798178501249e-02
-1.139901073518288e-02
-1.110819935462353e-02
-1.092860402043486e-02
-1.112803995608079e-02
-1.132798178501249e-02
-1.092860402043486e-02
-1.061156751929742e-02
-1.078992443081443e-02
-1.112803995608079e-02
-1.061156751929742e-02
-1.014755813213417e-02
-1.030437257239327e-02
-1.078992443081443e-02
-1.014755813213417e-02
-9.527042329531244e-03
-9.662119725634254e-03
-1.030437257239327e-02
-9.527042329531244e-03
-8.740484618796394e-03
-8.853899033030729e-03
-9.662119725634254e-03
-8.740484618796394e-03
-7.778347457243971e-03
-7.870441319033146e-03
-8.853899033030729e-03
-7.778347457243971e-03
-6.631091218833659e-03
-6.702475034177606e-03
-7.870441319033146e-03
-6.631091218833659e-03
-5.289173839796435e-03
-5.340725892886559e-03
-6.702475034177606e-03
-5.289173839796435e-03
-3.743050124858293e-03
-3.775916190906784e-03
-5.340725892886559e-03
-3.743050124858293e-03
-1.983176280529287e-03
-1.998769324078828e-03
-3.775916190906784e-03
-1.983176280529287e-03
0.000000000000000e+00
0.000000000000000e+00
-1.998769324078828e-03
0.000000000000000e+00
-5.639639069673757e-04
-6.118885400384262e-04
0.000000000000000e+00
-5.639639069673757e-04
-1.184056752405259e-03
-1.273335932520823e-03
-6.118885400384262e-04
-1.184056752405259e-03
-1.851028490091298e-03
-1.975441148166443e-03
-1.273335932520823e-03
-1.851028490091298e-03
-2.555630883592088e-03
-2.709304614946361e-03
-1.975441148166443e-03
-2.555630883592088e-03
-3.288614617614133e-03
-3.466025607155526e-03
-2.709304614946361e-03
-3.288614617614133e-03
-4.040730495949362e-03
-4.236703301022760e-03
-3.466025607155526e-03
-4.040730495949362e-03
-4.802729195860045e-03
-5.012436549959014e-03
-4.236703301022760e-03
-4.802729195860045e-03
-5.565361141707534e-03
-5.784323775558415e-03
-5.012436549959014e-03
-5.565361141707534e-03
-6.319376487793133e-03
-6.543462962651092e-03
-5.784323775558415e-03
-6.319376487793133e-03
-7.055525097919913e-03
-7.280951654666200e-03
-6.543462962651092e-03
-7.055525097919913e-03
-7.764556511000133e-03
-7.987886937126076e-03
-7.280951654666200e-03
-7.764556511000133e-03
-8.437219900532937e-03
-8.655365414296040e-03
-7.987886937126076e-03
-8.437219900532937e-03
-9.064264027909533e-03
-9.274483177573721e-03
-8.655365414296040e-03
-9.064264027909533e-03
-9.636437185996235e-03
-9.836335761537396e-03
-9.274483177573721e-03
-9.636437185996235e-03
-1.014448713021871e-02
-1.033201808457881e-02
-9.836335761537396e-03
-1.014448713021871e-02
-1.057916099561996e-02
-1.075262437232539e-02
-1.033201808457881e-02
-1.057916099561996e-02
-1.093120519898178e-02
-1.108924806265020e-02
-1.075262437232539e-02
-1.093120519898178e-02
-1.119136532533704e-02
-1.133298169124319e-02
-1.108924806265020e-02
-1.119136532533704e-02
-1.135038599843292e-02
-1.147491675685249e-02
-1.133298169124319e-02
-1.135038599843292e-02
-1.139901073518288e-02
-1.150614356567167e-02
-1.147491675685249e-02
-1.139901073518288e-02
-1.132798178501249e-02
-1.141775105513307e-02
-1.150614356567167e-02
-1.132798178501249e-02
-1.112803995608079e-02
-1.120082659845468e-02
-1.141775105513307e-02
-1.112803995608079e-02
-1.078992443081443e-02
-1.084645579195167e-02
-1.120082659845468e-02
-1.078992443081443e-02
-1.030437257239327e-02
-1.034572222686200e-02
-1.084645579195167e-02
-1.030437257239327e-02
-9.662119725634254e-03
-9.689707250150854e-03
-1.034572222686200e-02
-9.662119725634254e-03
-8.853899033030729e-03
-8.869489737173747e-03
-9.689707250150854e-03
-8.853899033030729e-03
-7.870441319033146e-03
-7.876145932653986e-03
-8.869489737173747e-03
-7.870441319033146e-03
-6.702475034177606e-03
-6.700749358101605e-03
-7.876145932653986e-03
-6.702475034177606e-03
-5.340725892886559e-03
-5.334370434126508e-03
-6.700749358101605e-03
-5.340725892886559e-03
-3.775916190906784e-03
-3.768075811360482e-03
-5.334370434126508e-03
-3.775916190906784e-03
-1.998769324078828e-03
-1.992932836221089e-03
-3.768075811360482e-03
-1.998769324078828e-03
0.000000000000000e+00
0.000000000000000e+00
-1.992932836221089e-03
0.000000000000000e+00
-6.118885400384262e-04
-6.485383169366328e-04
0.000000000000000e+00
-6.118885400384262e-04
-1.273335932520823e-03
-1.340021868744011e-03
-6.485383169366328e-04
-1.273335932520823e-03
-1.975441148166443e-03
-2.065975812720698e-03
-1.340021868744011e-03
-1.975441148166443e-03
-2.709304614946361e-03
-2.817926384729283e-03
-2.065975812720698e-03
-2.709304614946361e-03
-3.466025607155526e-03
-3.587398565983022e-03
-2.817926384729283e-03
-3.466025607155526e-03
-4.236703301022760e-03
-4.365916993970472e-03
-3.587398565983022e-03
-4.236703301022760e-03
-5.012436549959014e-03
-5.145005763123517e-03
-4.365916993970472e-03
-5.012436549959014e-03
-5.784323775558415e-03
-5.916188340044518e-03
-5.145005763123517e-03
-5.784323775558415e-03
-6.543462962651092e-03
-6.670987578181632e-03
-5.916188340044518e-03
-6.543462962651092e-03
-7.280951654666200e-03
-7.400925735863752e-03
-6.670987578181632e-03
-7.280951654666200e-03
-7.987886937126076e-03
-8.097524483340236e-03
-7.400925735863752e-03
-7.987886937126076e-03
-8.655365414296040e-03
-8.752304900863839e-03
-8.097524483340236e-03
-8.655365414296040e-03
-9.274483177573721e-03
-9.356787465178019e-03
-8.752304900863839e-03
-9.274483177573721e-03
-9.836335761537396e-03
-9.902492020088133e-03
-9.356787465178019e-03
-9.836335761537396e-03
-1.033201808457881e-02
-1.038093772803999e-02
-9.902492020088133e-03
-1.033201808457881e-02
-1.075262437232539e-02
-1.078364300087418e-02
-1.038093772803999e-02
-1.075262437232539e-02
-1.108924806265020e-02
-1.110212540840047e-02
-1.078364300087418e-02
-1.108924806265020e-02
-1.133298169124319e-02
-1.132790156344254e-02
-1.110212540840047e-02
-1.133298169124319e-02
-1.147491675685249e-02
-1.145248698192198e-02
-1.132790156344254e-02
-1.147491675685249e-02
-1.150614356567167e-02
-1.146739591666957e-02
-1.145248698192198e-02
-1.150614356567167e-02
-1.141775105513307e-02
-1.136414116418949e-02
-1.146739591666957e-02
-1.141775105513307e-02
-1.120082659845468e-02
-1.113423384451490e-02
-1.136414116418949e-02
-1.120082659845468e-02
-1.084645579195167e-02
-1.076918315499248e-02
-1.113423384451490e-02
-1.084645579195167e-02
-1.034572222686200e-02
-1.026049609901448e-02
-1.076918315499248e-02
-1.034572222686200e-02
-9.689707250150854e-03
-9.599677194417709e-03
-1.026049609901448e-02
-9.689707250150854e-03
-8.869489737173747e-03
-8.778228186084692e-03
-9.599677194417709e-03
-8.869489737173747e-03
-7.876145932653986e-03
-7.787647822816570e-03
-8.778228186084692e-03
-7.876145932653986e-03
-6.700749358101605e-03
-6.619431705643721e-03
-7.787647822816570e-03
-6.700749358101605e-03
-5.334370434126508e-03
-5.265071878735650e-03
-6.619431705643721e-03
-5.334370434126508e-03
-3.768075811360482e-03
-3.716056170159188e-03
-5.265071878735650e-03
-3.768075811360482e-03
-1.992932836221089e-03
-1.963872562463830e-03
-3.716056170159188e-03
-1.992932836221089e-03
0.000000000000000e+00
0.000000000000000e+00
-1.963872562463830e-03
0.000000000000000e+00
-6.485383169366328e-04
-6.721198296984149e-04
0.000000000000000e+00
-6.485383169366328e-04
-1.340021868744011e-03
-1.380643379599341e-03
-6.721198296984149e-04
-1.340021868744011e-03
-2.065975812720698e-03
-2.117599211694477e-03
-1.380643379599341e-03
-2.065975812720698e-03
-2.817926384729283e-03
-2.875016550012400e-03
-2.117599211694477e-03
-2.817926384729283e-03
-3.587398565983022e-03
-3.644923217927936e-03
-2.875016550012400e-03
-3.587398565983022e-03
-4.365916993970472e-03
-4.419346405840936e-03
-3.644923217927936e-03
-4.365916993970472e-03
-5.145005763123517e-03
-5.190312505443966e-03
-4.419346405840936e-03
-5.145005763123517e-03
-5.916188340044518e-03
-5.949847060560893e-03
-5.190312505443966e-03
-5.916188340044518e-03
-6.670987578181632e-03
-6.689974812990110e-03
-5.949847060560893e-03
-6.670987578181632e-03
-7.400925735863752e-03
-7.402719753031573e-03
-6.689974812990110e-03
-7.400925735863752e-03
-8.097524483340236e-03
-8.080105157474480e-03
-7.402719753031573e-03
-8.097524483340236e-03
-8.752304900863839e-03
-8.714153614228457e-03
-8.080105157474480e-03
-8.752304900863839e-03
-9.356787465178019e-03
-9.296887030250183e-03
-8.714153614228457e-03
-9.356787465178019e-03
-9.902492020088133e-03
-9.820326618787671e-03
-9.296887030250183e-03
-9.902492020088133e-03
-1.038093772803999e-02
-1.027649286335836e-02
-9.820326618787671e-03
-1.038093772803999e-02
-1.078364300087418e-02
-1.065740545694830e-02
-1.027649286335836e-02
-1.078364300087418e-02
-1.110212540840047e-02
-1.095508321513547e-02
-1.065740545694830e-02
-1.110212540840047e-02
-1.132790156344254e-02
-1.116154396154023e-02
-1.095508321513547e-02
-1.132790156344254e-02
-1.145248698192198e-02
-1.126880438356648e-02
-1.116154396154023e-02
-1.145248698192198e-02
-1.146739591666957e-02
-1.126887985610149e-02
-1.126880438356648e-02
-1.146739591666957e-02
-1.136414116418949e-02
-1.115378423091634e-02
-1.126887985610149e-02
-1.136414116418949e-02
-1.113423384451490e-02
-1.091552958996247e-02
-1.115378423091634e-02
-1.113423384451490e-02
-1.076918315499248e-02
-1.054612596114745e-02
-1.091552958996247e-02
-1.076918315499248e-02
-1.026049609901448e-02
-1.003758099544842e-02
-1.054612596114745e-02
-1.026049609901448e-02
-9.599677194417709e-03
-9.381899608669161e-03
-1.003758099544842e-02
-9.599677194417709e-03
-8.778228186084692e-03
-8.571083612436527e-03
-9.381899608669161e-03
-8.778228186084692e-03
-7.787647822816570e-03
-7.597131397400368e-03
-8.571083612436527e-03
-7.787647822816570e-03
-6.619431705643721e-03
-6.452037687381344e-03
-7.597131397400368e-03
-6.619431705643721e-03
-5.265071878735650e-03
-5.127793068466323e-03
-6.452037687381344e-03
-5.265071878735650e-03
-3.716056170159188e-03
-3.616383323689699e-03
-5.127793068466323e-03
-3.716056170159188e-03
-1.963872562463830e-03
-1.909793658797521e-03
-3.616383323689699e-03
-1.963872562463830e-03
0.000000000000000e+00
0.000000000000000e+00
-1.909793658797521e-03
0.000000000000000e+00
-6.721198296984149e-04
-6.808393919484223e-04
0.000000000000000e+00
-6.721198296984149e-04
-1.380643379599341e-03
-1.391728751707464e-03
-6.808393919484223e-04
-1.380643379599341e-03
-2.117599211694477e-03
-2.125277331041067e-03
-1.391728751707464e-03
-2.117599211694477e-03
-2.875016550012400e-03
-2.874094567488760e-03
-2.125277331041067e-03
-2.875016550012400e-03
-3.644923217927936e-03
-3.630788277823573e-03
-2.874094567488760e-03
-3.644923217927936e-03
-4.419346405840936e-03
-4.387965290682493e-03
-3.630788277823573e-03
-4.419346405840936e-03
-5.190312505443966e-03
-5.138231330269197e-03
-4.387965290682493e-03
-5.190312505443966e-03
-5.949847060560893e-03
-5.874191022096447e-03
-5.138231330269197e-03
-5.949847060560893e-03
-6.689974812990110e-03
-6.588447987604995e-03
-5.874191022096447e-03
-6.689974812990110e-03
-7.402719753031573e-03
-7.273604940531267e-03
-6.588447987604995e-03
-7.402719753031573e-03
-8.080105157474480e-03
-7.922263764733400e-03
-7.273604940531267e-03
-8.080105157474480e-03
-8.714153614228457e-03
-8.527025570752482e-03
-7.922263764733400e-03
-8.714153614228457e-03
-9.296887030250183e-03
-9.080490728239871e-03
-8.527025570752482e-03
-9.296887030250183e-03
-9.820326618787671e-03
-9.575258871624439e-03
-9.080490728239871e-03
-9.820326618787671e-03
-1.027649286335836e-02
-1.000392887765541e-02
-9.575258871624439e-03
-1.027649286335836e-02
-1.065740545694830e-02
-1.035909881410079e-02
-1.000392887765541e-02
-1.065740545694830e-02
-1.095508321513547e-02
-1.063336585864105e-02
-1.035909881410079e-02
-1.095508321513547e-02
-1.116154396154023e-02
-1.081932618623722e-02
-1.063336585864105e-02
-1.116154396154023e-02
-1.126880438356648e-02
-1.090957482231232e-02
-1.081932618623722e-02
-1.126880438356648e-02
-1.126887985610149e-02
-1.089670545820227e-02
-1.090957482231232e-02
-1.126887985610149e-02
-1.115378423091634e-02
-1.077331022469700e-02
-1.089670545820227e-02
-1.115378423091634e-02
-1.091552958996247e-02
-1.053197941911183e-02
-1.077331022469700e-02
-1.091552958996247e-02
-1.054612596114745e-02
-1.016530118085724e-02
-1.053197941911183e-02
-1.054612596114745e-02
-1.003758099544842e-02
-9.665861110102513e-03
-1.016530118085724e-02
-1.003758099544842e-02
-9.381899608669161e-03
-9.026241828451010e-03
-9.665861110102513e-03
-9.381899608669161e-03
-8.571083612436527e-03
-8.239022502594923e-03
-9.026241828451010e-03
-8.571083612436527e-03
-7.597131397400368e-03
-7.296778393562621e-03
-8.239022502594923e-03
-7.597131397400368e-03
-6.452037687381344e-03
-6.192080462841470e-03
-7.296778393562621e-03
-6.452037687381344e-03
-5.127793068466323e-03
-4.917494784093932e-03
-6.192080462841470e-03
-5.127793068466323e-03
-3.616383323689699e-03
-3.465581830914705e-03
-4.917494784093932e-03
-3.616383323689699e-03
-1.909793658797521e-03
-1.828900491391754e-03
-3.465581830914705e-03
-1.909793658797521e-03
0.000000000000000e+00
0.000000000000000e+00
-1.828900491391754e-03
0.000000000000000e+00
-6.808393919484223e-04
-6.729029341760973e-04
0.000000000000000e+00
-6.808393919484223e-04
-1.391728751707464e-03
-1.369805548119906e-03
-6.729029341760973e-04
-1.391728751707464e-03
-2.125277331041067e-03
-2.083975165229009e-03
-1.369805548119906e-03
-2.125277331041067e-03
-2.874094567488760e-03
-2.808678717210935e-03
-2.083975165229009e-03
-2.874094567488760e-03
-3.630788277823573e-03
-3.537181173734970e-03
-2.808678717210935e-03
-3.630788277823573e-03
-4.387965290682493e-03
-4.262746062161278e-03
-3.537181173734970e-03
-4.387965290682493e-03
-5.138231330269197e-03
-4.978635432233062e-03
-4.262746062161278e-03
-5.138231330269197e-03
-5.874191022096447e-03
-5.678109949429411e-03
-4.978635432233062e-03
-5.874191022096447e-03
-6.588447987604995e-03
-6.354429064191027e-03
-5.678109949429411e-03
-6.588447987604995e-03
-7.273604940531267e-03
-7.000851170817230e-03
-6.354429064191027e-03
-7.273604940531267e-03
-7.922263764733400e-03
-7.610633734334978e-03
-7.000851170817230e-03
-7.922263764733400e-03
-8.527025570752482e-03
-8.177033383369774e-03
-7.610633734334978e-03
-8.527025570752482e-03
-9.080490728239871e-03
-8.693305968846812e-03
-8.177033383369774e-03
-9.080490728239871e-03
-9.575258871624439e-03
-9.152706588731633e-03
-8.693305968846812e-03
-9.575258871624439e-03
-1.000392887765541e-02
-9.548489579569185e-03
-9.152706588731633e-03
-1.000392887765541e-02
-1.035909881410079e-02
-9.873908475420357e-03
-9.548489579569185e-03
-1.035909881410079e-02
-1.063336585864105e-02
-1.012221593387144e-02
-9.873908475420357e-03
-1.063336585864105e-02
-1.081932618623722e-02
-1.028666362743128e-02
-1.012221593387144e-02
-1.081932618623722e-02
-1.090957482231232e-02
-1.036050209708059e-02
-1.028666362743128e-02
-1.090957482231232e-02
-1.089670545820227e-02
-1.033698056313620e-02
-1.036050209708059e-02
-1.089670545820227e-02
-1.077331022469700e-02
-1.020934668702604e-02
-1.033698056313620e-02
-1.077331022469700e-02
-1.053197941911183e-02
-9.970846275956451e-03
-1.020934668702604e-02
-1.053197941911183e-02
-1.016530118085724e-02
-9.614722920418569e-03
-9.970846275956451e-03
-1.016530118085724e-02
-9.665861110102513e-03
-9.134217552283053e-03
-9.614722920418569e-03
-9.665861110102513e-03
-9.026241828451010e-03
-8.522567913588455e-03
-9.134217552283053e-03
-9.026241828451010e-03
-8.239022502594923e-03
-7.773007946475450e-03
-8.522567913588455e-03
-8.239022502594923e-03
-7.296778393562621e-03
-6.878767157967454e-03
-7.773007946475450e-03
-7.296778393562621e-03
-6.192080462841470e-03
-5.833069998521207e-03
-6.878767157967454e-03
-6.192080462841470e-03
-4.917494784093932e-03
-4.629135058288673e-03
-5.833069998521207e-03
-4.917494784093932e-03
-3.465581830914705e-03
-3.260174216819901e-03
-4.629135058288673e-03
-3.465581830914705e-03
-1.828900491391754e-03
-1.719396340733560e-03
-3.260174216819901e-03
-1.828900491391754e-03
0.000000000000000e+00
0.000000000000000e+00
-1.719396340733560e-03
0.000000000000000e+00
-6.729029341760973e-04
-6.465158498910921e-04
0.000000000000000e+00
-6.729029341760973e-04
-1.369805548119906e-03
-1.311400334264338e-03
-6.465158498910921e-04
-1.369805548119906e-03
-2.083975165229009e-03
-1.988656375554756e-03
-1.311400334264338e-03
-2.083975165229009e-03
-2.808678717210935e-03
-2.672285744870884e-03
-1.988656375554756e-03
-2.808678717210935e-03
-3.537181173734970e-03
-3.356287709650239e-03
-2.672285744870884e-03
-3.537181173734970e-03
-4.262746062161278e-03
-4.034659494304446e-03
-3.356287709650239e-03
-4.262746062161278e-03
-4.978635432233062e-03
-4.701396389088857e-03
-4.034659494304446e-03
-4.978635432233062e-03
-5.678109949429411e-03
-5.350491985114501e-03
-4.701396389088857e-03
-5.678109949429411e-03
-6.354429064191027e-03
-5.975938452980376e-03
-5.350491985114501e-03
-6.354429064191027e-03
-7.000851170817230e-03
-6.571726781678908e-03
-5.975938452980376e-03
-7.000851170817230e-03
-7.610633734334978e-03
-7.131846961083573e-03
-6.571726781678908e-03
-7.610633734334978e-03
-8.177033383369774e-03
-7.650288112311836e-03
-7.131846961083573e-03
-8.177033383369774e-03
-8.693305968846812e-03
-8.121038571783548e-03
-7.650288112311836e-03
-8.693305968846812e-03
-9.152706588731633e-03
-8.538085933756117e-03
-8.121038571783548e-03
-9.152706588731633e-03
-9.548489579569185e-03
-8.895417055082793e-03
-8.538085933756117e-03
-9.548489579569185e-03
-9.873908475420357e-03
-9.187018024543680e-03
-8.895417055082793e-03
-9.873908475420357e-03
-1.012221593387144e-02
-9.406874097298854e-03
-9.187018024543680e-03
-1.012221593387144e-02
-1.028666362743128e-02
-9.548969592979696e-03
-9.406874097298854e-03
-1.028666362743128e-02
-1.036050209708059e-02
-9.607287753748786e-03
-9.548969592979696e-03
-1.036050209708059e-02
-1.033698056313620e-02
-9.575810556303221e-03
-9.607287753748786e-03
-1.033698056313620e-02
-1.020934668702604e-02
-9.448518469185912e-03
-9.575810556303221e-03
-1.020934668702604e-02
-9.970846275956451e-03
-9.219390143626381e-03
-9.448518469185912e-03
-9.970846275956451e-03
-9.614722920418569e-03
-8.882402021864412e-03
-9.219390143626381e-03
-9.614722920418569e-03
-9.134217552283053e-03
-8.431527841481323e-03
-8.882402021864412e-03
-9.134217552283053e-03
-8.522567913588455e-03
-7.860738011860964e-03
-8.431527841481323e-03
-8.522567913588455e-03
-7.773007946475450e-03
-7.163998852488918e-03
-7.860738011860964e-03
-7.773007946475450e-03
-6.878767157967454e-03
-6.335271720414481e-03
-7.163998852488918e-03
-6.878767157967454e-03
-5.833069998521207e-03
-5.368512053570540e-03
-6.335271720414481e-03
-5.833069998521207e-03
-4.629135058288673e-03
-4.257668186028933e-03
-5.368512053570540e-03
-4.629135058288673e-03
-3.260174216819901e-03
-2.996680168201478e-03
-4.257668186028933e-03
-3.260174216819901e-03
-1.719396340733560e-03
-1.579482946948396e-03
-2.996680168201478e-03
-1.719396340733560e-03
0.000000000000000e+00
0.000000000000000e+00
-1.579482946948396e-03
0.000000000000000e+00
-6.465158498910921e-04
-5.998827571799216e-04
0.000000000000000e+00
-6.465158498910921e-04
-1.311400334264338e-03
-1.213038269865928e-03
-5.998827571799216e-04
-1.311400334264338e-03
-1.988656375554756e-03
-1.834282813511151e-03
-1.213038269865928e-03
-1.988656375554756e-03
-2.672285744870884e-03
-2.458430404519716e-03
-1.834282813511151e-03
-2.672285744870884e-03
-3.356287709650239e-03
-3.080291677091378e-03
-2.458430404519716e-03
-3.356287709650239e-03
-4.034659494304446e-03
-3.694674414476161e-03
-3.080291677091378e-03
-4.034659494304446e-03
-4.701396389088857e-03
-4.296383926945855e-03
-3.694674414476161e-03
-4.701396389088857e-03
-5.350491985114501e-03
-4.880223510696904e-03
-4.296383926945855e-03
-5.350491985114501e-03
-5.975938452980376e-03
-5.440994873861856e-03
-4.880223510696904e-03
-5.975938452980376e-03
-6.571726781678908e-03
-5.973498465755404e-03
-5.440994873861856e-03
-6.571726781678908e-03
-7.131846961083573e-03
-6.472533713619113e-03
-5.973498465755404e-03
-7.131846961083573e-03
-7.650288112311836e-03
-6.932899185488089e-03
-6.472533713619113e-03
-7.650288112311836e-03
-8.121038571783548e-03
-7.349392694481162e-03
-6.932899185488089e-03
-8.121038571783548e-03
-8.538085933756117e-03
-7.716811355180681e-03
-7.349392694481162e-03
-8.538085933756117e-03
-8.895417055082793e-03
-8.029951599260475e-03
-7.716811355180681e-03
-8.895417055082793e-03
-9.187018024543680e-03
-8.283609154583836e-03
-8.029951599260475e-03
-9.187018024543680e-03
-9.406874097298854e-03
-8.472578989266878e-03
-8.283609154583836e-03
-9.406874097298854e-03
-9.548969592979696e-03
-8.591655219555348e-03
-8.472578989266878e-03
-9.548969592979696e-03
-9.607287753748786e-03
-8.635630977647827e-03
-8.591655219555348e-03
-9.607287753748786e-03
-9.575810556303221e-03
-8.599298232607938e-03
-8.635630977647827e-03
-9.575810556303221e-03
-9.448518469185912e-03
-8.477447553946704e-03
-8.599298232607938e-03
-9.448518469185912e-03
-9.219390143626381e-03
-8.264867802771046e-03
-8.477447553946704e-03
-9.219390143626381e-03
-8.882402021864412e-03
-7.956345728587152e-03
-8.264867802771046e-03
-8.882402021864412e-03
-8.431527841481323e-03
-7.546665440137289e-03
-7.956345728587152e-03
-8.431527841481323e-03
-7.860738011860964e-03
-7.030607708609631e-03
-7.546665440137289e-03
-7.860738011860964e-03
-7.163998852488918e-03
-6.402949061379664e-03
-7.030607708609631e-03
-7.163998852488918e-03
-6.335271720414481e-03
-5.658460641790597e-03
-6.402949061379664e-03
-6.335271720414481e-03
-5.368512053570540e-03
-4.791906799600103e-03
-5.658460641790597e-03
-5.368512053570540e-03
-4.257668186028933e-03
-3.798043270642793e-03
-4.791906799600103e-03
-4.257668186028933e-03
-2.996680168201478e-03
-2.671615281129342e-03
-3.798043270642793e-03
-2.996680168201478e-03
-1.579482946948396e-03
-1.407359775604285e-03
-2.671615281129342e-03
-1.579482946948396e-03
0.000000000000000e+00
0.000000000000000e+00
-1.407359775604285e-03
0.000000000000000e+00
-5.998827571799216e-04
-5.312070854231164e-04
0.000000000000000e+00
-5.998827571799216e-04
-1.213038269865928e-03
-1.071242438175939e-03
-5.312070854231164e-04
-1.213038269865928e-03
-1.834282813511151e-03
-1.615813801238511e-03
-1.071242438175939e-03
-1.834282813511151e-03
-2.458430404519716e-03
-2.160624841875834e-03
-1.615813801238511e-03
-2.458430404519716e-03
-3.080291677091378e-03
-2.701374394797961e-03
-2.160624841875834e-03
-3.080291677091378e-03
-3.694674414476161e-03
-3.233757385792105e-03
-2.701374394797961e-03
-3.694674414476161e-03
-4.296383926945855e-03
-3.753465708416269e-03
-3.233757385792105e-03
-4.296383926945855e-03
-4.880223510696904e-03
-4.256189006760820e-03
-3.753465708416269e-03
-4.880223510696904e-03
-5.440994873861856e-03
-4.737615263407449e-03
-4.256189006760820e-03
-5.440994873861856e-03
-5.973498465755404e-03
-5.193431207722273e-03
-4.737615263407449e-03
-5.973498465755404e-03
-6.472533713619113e-03
-5.619322590831886e-03
-5.193431207722273e-03
-6.472533713619113e-03
-6.932899185488089e-03
-6.010974367085111e-03
-5.619322590831886e-03
-6.932899185488089e-03
-7.349392694481162e-03
-6.364070808247342e-03
-6.010974367085111e-03
-7.349392694481162e-03
-7.716811355180681e-03
-6.674295566810025e-03
-6.364070808247342e-03
-7.716811355180681e-03
-8.029951599260475e-03
-6.937331698498556e-03
-6.674295566810025e-03
-8.029951599260475e-03
-8.283609154583836e-03
-7.148861649681182e-03
-6.937331698498556e-03
-8.283609154583836e-03
-8.472578989266878e-03
-7.304567211937558e-03
-7.148861649681182e-03
-8.472578989266878e-03
-8.591655219555348e-03
-7.400129443023855e-03
-7.304567211937558e-03
-8.591655219555348e-03
-8.635630977647827e-03
-7.431228550489475e-03
-7.400129443023855e-03
-8.635630977647827e-03
-8.599298232607938e-03
-7.393543730876213e-03
-7.431228550489475e-03
-8.599298232607938e-03
-8.477447553946704e-03
-7.282752953278710e-03
-7.393543730876213e-03
-8.477447553946704e-03
-8.264867802771046e-03
-7.094532670242321e-03
-7.282752953278710e-03
-8.264867802771046e-03
-7.956345728587152e-03
-6.824557430060355e-03
-7.094532670242321e-03
-7.956345728587152e-03
-7.546665440137289e-03
-6.468499350695882e-03
-6.824557430060355e-03
-7.546665440137289e-03
-7.030607708609631e-03
-6.022027396762276e-03
-6.468499350695882e-03
-7.030607708609631e-03
-6.402949061379664e-03
-5.480806381754786e-03
-6.022027396762276e-03
-6.402949061379664e-03
-5.658460641790597e-03
-4.840495597655753e-03
-5.480806381754786e-03
-5.658460641790597e-03
-4.791906799600103e-03
-4.096746908320835e-03
-4.840495597655753e-03
-4.791906799600103e-03
-3.798043270642793e-03
-3.245201982702958e-03
-4.096746908320835e-03
-3.798043270642793e-03
-2.671615281129342e-03
-2.281488966848140e-03
-3.245201982702958e-03
-2.671615281129342e-03
-1.407359775604285e-03
-1.201222725991835e-03
-2.281488966848140e-03
-1.407359775604285e-03
0.000000000000000e+00
0.000000000000000e+00
-1.201222725991835e-03
0.000000000000000e+00
-5.312070854231164e-04
-4.386902276245779e-04
0.000000000000000e+00
-5.312070854231164e-04
-1.071242438175939e-03
-8.825325486122921e-04
-4.386902276245779e-04
-1.071242438175939e-03
-1.615813801238511e-03
-1.328204859943337e-03
-8.825325486122921e-04
-1.615813801238511e-03
-2.160624841875834e-03
-1.772377588498284e-03
-1.328204859943337e-03
-2.160624841875834e-03
-2.701374394797961e-03
-2.211713974633718e-03
-1.772377588498284e-03
-2.701374394797961e-03
-3.233757385792105e-03
-2.642872147116816e-03
-2.211713974633718e-03
-3.233757385792105e-03
-3.753465708416269e-03
-3.062506867172178e-03
-2.642872147116816e-03
-3.753465708416269e-03
-4.256189006760820e-03
-3.467270631037622e-03
-3.062506867172178e-03
-4.256189006760820e-03
-4.737615263407449e-03
-3.853814367170878e-03
-3.467270631037622e-03
-4.737615263407449e-03
-5.193431207722273e-03
-4.218787875107404e-03
-3.853814367170878e-03
-5.193431207722273e-03
-5.619322590831886e-03
-4.558840103671567e-03
-4.218787875107404e-03
-5.619322590831886e-03
-6.010974367085111e-03
-4.870619327583281e-03
-4.558840103671567e-03
-6.010974367085111e-03
-6.364070808247342e-03
-5.150773256430622e-03
-4.870619327583281e-03
-6.364070808247342e-03
-6.674295566810025e-03
-5.395949095562021e-03
-5.150773256430622e-03
-6.674295566810025e-03
-6.937331698498556e-03
-5.602793570235392e-03
-5.395949095562021e-03
-6.937331698498556e-03
-7.148861649681182e-03
-5.767952919234337e-03
-5.602793570235392e-03
-7.148861649681182e-03
-7.304567211937558e-03
-5.888072860520163e-03
-5.767952919234337e-03
-7.304567211937558e-03
-7.400129443023855e-03
-5.959798528511535e-03
-5.888072860520163e-03
-7.400129443023855e-03
-7.431228550489475e-03
-5.979774379734141e-03
-5.959798528511535e-03
-7.431228550489475e-03
-7.393543730876213e-03
-5.944644060384957e-03
-5.979774379734141e-03
-7.393543730876213e-03
-7.282752953278710e-03
-5.851050225227534e-03
-5.944644060384957e-03
-7.282752953278710e-03
-7.094532670242321e-03
-5.695634291212992e-03
-5.851050225227534e-03
-7.094532670242321e-03
-6.824557430060355e-03
-5.475036099561604e-03
-5.695634291212992e-03
-6.824557430060355e-03
-6.468499350695882e-03
-5.185893444093244e-03
-5.475036099561604e-03
-6.468499350695882e-03
-6.022027396762276e-03
-4.824841398677306e-03
-5.185893444093244e-03
-6.022027396762276e-03
-5.480806381754786e-03
-4.388511340341345e-03
-4.824841398677306e-03
-5.480806381754786e-03
-4.840495597655753e-03
-3.873529502867307e-03
-4.388511340341345e-03
-4.840495597655753e-03
-4.096746908320835e-03
-3.276514740154913e-03
-3.873529502867307e-03
-4.096746908320835e-03
-3.245201982702958e-03
-2.594074828542258e-03
-3.276514740154913e-03
-3.245201982702958e-03
-2.281488966848140e-03
-1.822800552212177e-03
-2.594074828542258e-03
-2.281488966848140e-03
-1.201222725991835e-03
-9.592615563166870e-04
-1.822800552212177e-03
-1.201222725991835e-03
0.000000000000000e+00
0.000000000000000e+00
-9.592615563166870e-04
0.000000000000000e+00
-4.386902276245779e-04
-3.205296447846646e-04
0.000000000000000e+00
-4.386902276245779e-04
-8.825325486122921e-04
-6.434224095358871e-04
-3.205296447846646e-04
-8.825325486122921e-04
-1.328204859943337e-03
-9.664056397276025e-04
-6.434224095358871e-04
-1.328204859943337e-03
-1.772377588498284e-03
-1.287192253944155e-03
-9.664056397276025e-04
-1.772377588498284e-03
-2.211713974633718e-03
-1.603484410560114e-03
-1.287192253944155e-03
-2.211713974633718e-03
-2.642872147116816e-03
-1.912978873090488e-03
-1.603484410560114e-03
-2.642872147116816e-03
-3.062506867172178e-03
-2.213369318676501e-03
-1.912978873090488e-03
-3.062506867172178e-03
-3.467270631037622e-03
-2.502347521928760e-03
-2.213369318676501e-03
-3.467270631037622e-03
-3.853814367170878e-03
-2.777604010411221e-03
-2.502347521928760e-03
-3.853814367170878e-03
-4.218787875107404e-03
-3.036828447023686e-03
-2.777604010411221e-03
-4.218787875107404e-03
-4.558840103671567e-03
-3.277709861033474e-03
-3.036828447023686e-03
-4.558840103671567e-03
-4.870619327583281e-03
-3.497936790251321e-03
-3.277709861033474e-03
-4.870619327583281e-03
-5.150773256430622e-03
-3.695197367274886e-03
-3.497936790251321e-03
-5.150773256430622e-03
-5.395949095562021e-03
-3.867179367717332e-03
-3.695197367274886e-03
-5.395949095562021e-03
-5.602793570235392e-03
-4.011570230394365e-03
-3.867179367717332e-03
-5.602793570235392e-03
-5.767952919234337e-03
-4.126057054807863e-03
-4.011570230394365e-03
-5.767952919234337e-03
-5.888072860520163e-03
-4.208326578175109e-03
-4.126057054807863e-03
-5.888072860520163e-03
-5.959798528511535e-03
-4.256065131844101e-03
-4.208326578175109e-03
-5.959798528511535e-03
-5.979774379734141e-03
-4.266958574680992e-03
-4.256065131844101e-03
-5.979774379734141e-03
-5.944644060384957e-03
-4.238692198475993e-03
-4.266958574680992e-03
-5.944644060384957e-03
-5.851050225227534e-03
-4.168950597063010e-03
-4.238692198475993e-03
-5.851050225227534e-03
-5.695634291212992e-03
-4.055417485815119e-03
-4.168950597063010e-03
-5.695634291212992e-03
-5.475036099561604e-03
-3.895775449852070e-03
-4.055417485815119e-03
-5.475036099561604e-03
-5.185893444093244e-03
-3.687705584958963e-03
-3.895775449852070e-03
-5.185893444093244e-03
-4.824841398677306e-03
-3.428886970931218e-03
-3.687705584958963e-03
-4.824841398677306e-03
-4.388511340341345e-03
-3.116995875966707e-03
-3.428886970931218e-03
-4.388511340341345e-03
-3.873529502867307e-03
-2.749704509268177e-03
-3.116995875966707e-03
-3.873529502867307e-03
-3.276514740154913e-03
-2.324678930001782e-03
-2.749704509268177e-03
-3.276514740154913e-03
-2.594074828542258e-03
-1.839575170435238e-03
-2.324678930001782e-03
-2.594074828542258e-03
-1.822800552212177e-03
-1.292031690010130e-03
-1.839575170435238e-03
-1.822800552212177e-03
-9.592615563166870e-04
-6.796541031523041e-04
-1.292031690010130e-03
-9.592615563166870e-04
0.000000000000000e+00
0.000000000000000e+00
-6.796541031523041e-04
0.000000000000000e+00
-3.205296447846646e-04
-1.749146636258940e-04
0.000000000000000e+00
-3.205296447846646e-04
-6.434224095358871e-04
-3.504158067022752e-04
-1.749146636258940e-04
-6.434224095358871e-04
-9.664056397276025e-04
-5.253597015551380e-04
-3.504158067022752e-04
-9.664056397276025e-04
-1.287192253944155e-03
-6.985690615634610e-04
-5.253597015551380e-04
-1.287192253944155e-03
-1.603484410560114e-03
-8.688580952214638e-04
-6.985690615634610e-04
-1.603484410560114e-03
-1.912978873090488e-03
-1.035037332073404e-03
-8.688580952214638e-04
-1.912978873090488e-03
-2.213369318676501e-03
-1.195915408573542e-03
-1.035037332073404e-03
-2.213369318676501e-03
-2.502347521928760e-03
-1.350299858746719e-03
-1.195915408573542e-03
-2.502347521928760e-03
-2.777604010411221e-03
-1.496997519706561e-03
-1.350299858746719e-03
-2.777604010411221e-03
-3.036828447023686e-03
-1.634814757092153e-03
-1.496997519706561e-03
-3.036828447023686e-03
-3.277709861033474e-03
-1.762557597183112e-03
-1.634814757092153e-03
-3.277709861033474e-03
-3.497936790251321e-03
-1.879031806600832e-03
-1.762557597183112e-03
-3.497936790251321e-03
-3.695197367274886e-03
-1.983042940108653e-03
-1.879031806600832e-03
-3.695197367274886e-03
-3.867179367717332e-03
-2.073396367310164e-03
-1.983042940108653e-03
-3.867179367717332e-03
-4.011570230394365e-03
-2.148897284114144e-03
-2.073396367310164e-03
-4.011570230394365e-03
-4.126057054807863e-03
-2.208350712063328e-03
-2.148897284114144e-03
-4.126057054807863e-03
-4.208326578175109e-03
-2.250561486841542e-03
-2.208350712063328e-03
-4.208326578175109e-03
-4.256065131844101e-03
-2.274334235921850e-03
-2.250561486841542e-03
-4.256065131844101e-03
-4.266958574680992e-03
-2.278473344069633e-03
-2.274334235921850e-03
-4.266958574680992e-03
-4.238692198475993e-03
-2.261782904005517e-03
-2.278473344069633e-03
-4.238692198475993e-03
-4.168950597063010e-03
-2.223066647650024e-03
-2.261782904005517e-03
-4.168950597063010e-03
-4.055417485815119e-03
-2.161127850494932e-03
-2.223066647650024e-03
-4.055417485815119e-03
-3.895775449852070e-03
-2.074769196799148e-03
-2.161127850494932e-03
-3.895775449852070e-03
-3.687705584958963e-03
-1.962792584751414e-03
-2.074769196799148e-03
-3.687705584958963e-03
-3.428886970931218e-03
-1.823998835613048e-03
-1.962792584751414e-03
-3.428886970931218e-03
-3.116995875966707e-03
-1.657187243384858e-03
-1.823998835613048e-03
-3.116995875966707e-03
-2.749704509268177e-03
-1.461154843212592e-03
-1.657187243384858e-03
-2.749704509268177e-03
-2.324678930001782e-03
-1.234695121219903e-03
-1.461154843212592e-03
-2.324678930001782e-03
-1.839575170435238e-03
-9.765954511027995e-04
-1.234695121219903e-03
-1.839575170435238e-03
-1.292031690010130e-03
-6.856313355358267e-04
-9.765954511027995e-04
-1.292031690010130e-03
-6.796541031523041e-04
-3.605520363491226e-04
-6.856313355358267e-04
-6.796541031523041e-04
0.000000000000000e+00
0.000000000000000e+00
-3.605520363491226e-04
0.000000000000000e+00
-1.749146636258940e-04
0.000000000000000e+00
0.000000000000000e+00
-1.749146636258940e-04
-3.504158067022752e-04
0.000000000000000e+00
0.000000000000000e+00
-3.504158067022752e-04
-5.253597015551380e-04
0.000000000000000e+00
0.000000000000000e+00
-5.253597015551380e-04
-6.985690615634610e-04
0.000000000000000e+00
0.000000000000000e+00
-6.985690615634610e-04
-8.688580952214638e-04
0.000000000000000e+00
0.000000000000000e+00
-8.688580952214638e-04
-1.035037332073404e-03
0.000000000000000e+00
0.000000000000000e+00
-1.035037332073404e-03
-1.195915408573542e-03
0.000000000000000e+00
0.000000000000000e+00
-1.195915408573542e-03
-1.350299858746719e-03
0.000000000000000e+00
0.000000000000000e+00
-1.350299858746719e-03
-1.496997519706561e-03
0.000000000000000e+00
0.000000000000000e+00
-1.496997519706561e-03
-1.634814757092153e-03
0.000000000000000e+00
0.000000000000000e+00
-1.634814757092153e-03
-1.762557597183112e-03
0.000000000000000e+00
0.000000000000000e+00
-1.762557597183112e-03
-1.879031806600832e-03
0.000000000000000e+00
0.000000000000000e+00
-1.879031806600832e-03
-1.983042940108653e-03
0.000000000000000e+00
0.000000000000000e+00
-1.983042940108653e-03
-2.073396367310164e-03
0.000000000000000e+00
0.000000000000000e+00
-2.073396367310164e-03
-2.148897284114144e-03
0.000000000000000e+00
0.000000000000000e+00
-2.148897284114144e-03
-2.208350712063328e-03
0.000000000000000e+00
0.000000000000000e+00
-2.208350712063328e-03
-2.250561486841542e-03
0.000000000000000e+00
0.000000000000000e+00
-2.250561486841542e-03
-2.274334235921850e-03
0.000000000000000e+00
0.000000000000000e+00
-2.274334235921850e-03
-2.278473344069633e-03
0.000000000000000e+00
0.000000000000000e+00
-2.278473344069633e-03
-2.261782904005517e-03
0.000000000000000e+00
0.000000000000000e+00
-2.261782904005517e-03
-2.223066647650024e-03
0.000000000000000e+00
0.000000000000000e+00
-2.223066647650024e-03
-2.161127850494932e-03
0.000000000000000e+00
0.000000000000000e+00
-2.161127850494932e-03
-2.074769196799148e-03
0.000000000000000e+00
0.000000000000000e+00
-2.074769196799148e-03
-1.962792584751414e-03
0.000000000000000e+00
0.000000000000000e+00
-1.962792584751414e-03
-1.823998835613048e-03
0.000000000000000e+00
0.000000000000000e+00
-1.823998835613048e-03
-1.657187243384858e-03
0.000000000000000e+00
0.000000000000000e+00
-1.657187243384858e-03
-1.461154843212592e-03
0.000000000000000e+00
0.000000000000000e+00
-1.461154843212592e-03
-1.234695121219903e-03
0.000000000000000e+00
0.000000000000000e+00
-1.234695121219903e-03
-9.765954511027995e-04
0.000000000000000e+00
0.000000000000000e+00
-9.765954511027995e-04
-6.856313355358267e-04
0.000000000000000e+00
0.000000000000000e+00
-6.856313355358267e-04
-3.605520363491226e-04
0.000000000000000e+00
0.000000000000000e+00
-3.605520363491226e-04
0.000000000000000e+00
0.000000000000000e+00
0.000000000000000e+00
        </DataArray>
      </PointData>

    </Piece>
  </UnstructuredGrid>
</VTKFile>
