<?xml version="1.0" ?> 
<!-- 
# vtk DataFile Version 3.0
-->
<VTKFile type="UnstructuredGrid" version="0.1" compressor="vtkZLibDataCompressor" byte_order="LittleEndian">
  <UnstructuredGrid>
    <FieldData>
      <DataArray type="Float64" Name="TIME" NumberOfTuples="1" format="ascii">
2.343750000000000e-01 
      </DataArray>
    </FieldData>

    <Piece NumberOfPoints="4096" NumberOfCells="1024" >
      <Points>
        <DataArray type="Float64" NumberOfComponents="3" format="ascii">
0.000000000000000e+00 0.000000000000000e+00 0.000000000000000e+00
3.125000000000000e-02 0.000000000000000e+00 0.000000000000000e+00
3.125000000000000e-02 3.125000000000000e-02 0.000000000000000e+00
0.000000000000000e+00 3.125000000000000e-02 0.000000000000000e+00
3.125000000000000e-02 0.000000000000000e+00 0.000000000000000e+00
6.250000000000000e-02 0.000000000000000e+00 0.000000000000000e+00
6.250000000000000e-02 3.125000000000000e-02 0.000000000000000e+00
3.125000000000000e-02 3.125000000000000e-02 0.000000000000000e+00
6.250000000000000e-02 0.000000000000000e+00 0.000000000000000e+00
9.375000000000000e-02 0.000000000000000e+00 0.000000000000000e+00
9.375000000000000e-02 3.125000000000000e-02 0.000000000000000e+00
6.250000000000000e-02 3.125000000000000e-02 0.000000000000000e+00
9.375000000000000e-02 0.000000000000000e+00 0.000000000000000e+00
1.250000000000000e-01 0.000000000000000e+00 0.000000000000000e+00
1.250000000000000e-01 3.125000000000000e-02 0.000000000000000e+00
9.375000000000000e-02 3.125000000000000e-02 0.000000000000000e+00
1.250000000000000e-01 0.000000000000000e+00 0.000000000000000e+00
1.562500000000000e-01 0.000000000000000e+00 0.000000000000000e+00
1.562500000000000e-01 3.125000000000000e-02 0.000000000000000e+00
1.250000000000000e-01 3.125000000000000e-02 0.000000000000000e+00
1.562500000000000e-01 0.000000000000000e+00 0.000000000000000e+00
1.875000000000000e-01 0.000000000000000e+00 0.000000000000000e+00
1.875000000000000e-01 3.125000000000000e-02 0.000000000000000e+00
1.562500000000000e-01 3.125000000000000e-02 0.000000000000000e+00
1.875000000000000e-01 0.000000000000000e+00 0.000000000000000e+00
2.187500000000000e-01 0.000000000000000e+00 0.000000000000000e+00
2.187500000000000e-01 3.125000000000000e-02 0.000000000000000e+00
1.875000000000000e-01 3.125000000000000e-02 0.000000000000000e+00
2.187500000000000e-01 0.000000000000000e+00 0.000000000000000e+00
2.500000000000000e-01 0.000000000000000e+00 0.000000000000000e+00
2.500000000000000e-01 3.125000000000000e-02 0.000000000000000e+00
2.187500000000000e-01 3.125000000000000e-02 0.000000000000000e+00
2.500000000000000e-01 0.000000000000000e+00 0.000000000000000e+00
2.812500000000000e-01 0.000000000000000e+00 0.000000000000000e+00
2.812500000000000e-01 3.125000000000000e-02 0.000000000000000e+00
2.500000000000000e-01 3.125000000000000e-02 0.000000000000000e+00
2.812500000000000e-01 0.000000000000000e+00 0.000000000000000e+00
3.125000000000000e-01 0.000000000000000e+00 0.000000000000000e+00
3.125000000000000e-01 3.125000000000000e-02 0.000000000000000e+00
2.812500000000000e-01 3.125000000000000e-02 0.000000000000000e+00
3.125000000000000e-01 0.000000000000000e+00 0.000000000000000e+00
3.437500000000000e-01 0.000000000000000e+00 0.000000000000000e+00
3.437500000000000e-01 3.125000000000000e-02 0.000000000000000e+00
3.125000000000000e-01 3.125000000000000e-02 0.000000000000000e+00
3.437500000000000e-01 0.000000000000000e+00 0.000000000000000e+00
3.750000000000000e-01 0.000000000000000e+00 0.000000000000000e+00
3.750000000000000e-01 3.125000000000000e-02 0.000000000000000e+00
3.437500000000000e-01 3.125000000000000e-02 0.000000000000000e+00
3.750000000000000e-01 0.000000000000000e+00 0.000000000000000e+00
4.062500000000000e-01 0.000000000000000e+00 0.000000000000000e+00
4.062500000000000e-01 3.125000000000000e-02 0.000000000000000e+00
3.750000000000000e-01 3.125000000000000e-02 0.000000000000000e+00
4.062500000000000e-01 0.000000000000000e+00 0.000000000000000e+00
4.375000000000000e-01 0.000000000000000e+00 0.000000000000000e+00
4.375000000000000e-01 3.125000000000000e-02 0.000000000000000e+00
4.062500000000000e-01 3.125000000000000e-02 0.000000000000000e+00
4.375000000000000e-01 0.000000000000000e+00 0.000000000000000e+00
4.687500000000000e-01 0.000000000000000e+00 0.000000000000000e+00
4.687500000000000e-01 3.125000000000000e-02 0.000000000000000e+00
4.375000000000000e-01 3.125000000000000e-02 0.000000000000000e+00
4.687500000000000e-01 0.000000000000000e+00 0.000000000000000e+00
5.000000000000000e-01 0.000000000000000e+00 0.000000000000000e+00
5.000000000000000e-01 3.125000000000000e-02 0.000000000000000e+00
4.687500000000000e-01 3.125000000000000e-02 0.000000000000000e+00
5.000000000000000e-01 0.000000000000000e+00 0.000000000000000e+00
5.312500000000000e-01 0.000000000000000e+00 0.000000000000000e+00
5.312500000000000e-01 3.125000000000000e-02 0.000000000000000e+00
5.000000000000000e-01 3.125000000000000e-02 0.000000000000000e+00
5.312500000000000e-01 0.000000000000000e+00 0.000000000000000e+00
5.625000000000000e-01 0.000000000000000e+00 0.000000000000000e+00
5.625000000000000e-01 3.125000000000000e-02 0.000000000000000e+00
5.312500000000000e-01 3.125000000000000e-02 0.000000000000000e+00
5.625000000000000e-01 0.000000000000000e+00 0.000000000000000e+00
5.937500000000000e-01 0.000000000000000e+00 0.000000000000000e+00
5.937500000000000e-01 3.125000000000000e-02 0.000000000000000e+00
5.625000000000000e-01 3.125000000000000e-02 0.000000000000000e+00
5.937500000000000e-01 0.000000000000000e+00 0.000000000000000e+00
6.250000000000000e-01 0.000000000000000e+00 0.000000000000000e+00
6.250000000000000e-01 3.125000000000000e-02 0.000000000000000e+00
5.937500000000000e-01 3.125000000000000e-02 0.000000000000000e+00
6.250000000000000e-01 0.000000000000000e+00 0.000000000000000e+00
6.562500000000000e-01 0.000000000000000e+00 0.000000000000000e+00
6.562500000000000e-01 3.125000000000000e-02 0.000000000000000e+00
6.250000000000000e-01 3.125000000000000e-02 0.000000000000000e+00
6.562500000000000e-01 0.000000000000000e+00 0.000000000000000e+00
6.875000000000000e-01 0.000000000000000e+00 0.000000000000000e+00
6.875000000000000e-01 3.125000000000000e-02 0.000000000000000e+00
6.562500000000000e-01 3.125000000000000e-02 0.000000000000000e+00
6.875000000000000e-01 0.000000000000000e+00 0.000000000000000e+00
7.187500000000000e-01 0.000000000000000e+00 0.000000000000000e+00
7.187500000000000e-01 3.125000000000000e-02 0.000000000000000e+00
6.875000000000000e-01 3.125000000000000e-02 0.000000000000000e+00
7.187500000000000e-01 0.000000000000000e+00 0.000000000000000e+00
7.500000000000000e-01 0.000000000000000e+00 0.000000000000000e+00
7.500000000000000e-01 3.125000000000000e-02 0.000000000000000e+00
7.187500000000000e-01 3.125000000000000e-02 0.000000000000000e+00
7.500000000000000e-01 0.000000000000000e+00 0.000000000000000e+00
7.812500000000000e-01 0.000000000000000e+00 0.000000000000000e+00
7.812500000000000e-01 3.125000000000000e-02 0.000000000000000e+00
7.500000000000000e-01 3.125000000000000e-02 0.000000000000000e+00
7.812500000000000e-01 0.000000000000000e+00 0.000000000000000e+00
8.125000000000000e-01 0.000000000000000e+00 0.000000000000000e+00
8.125000000000000e-01 3.125000000000000e-02 0.000000000000000e+00
7.812500000000000e-01 3.125000000000000e-02 0.000000000000000e+00
8.125000000000000e-01 0.000000000000000e+00 0.000000000000000e+00
8.437500000000000e-01 0.000000000000000e+00 0.000000000000000e+00
8.437500000000000e-01 3.125000000000000e-02 0.000000000000000e+00
8.125000000000000e-01 3.125000000000000e-02 0.000000000000000e+00
8.437500000000000e-01 0.000000000000000e+00 0.000000000000000e+00
8.750000000000000e-01 0.000000000000000e+00 0.000000000000000e+00
8.750000000000000e-01 3.125000000000000e-02 0.000000000000000e+00
8.437500000000000e-01 3.125000000000000e-02 0.000000000000000e+00
8.750000000000000e-01 0.000000000000000e+00 0.000000000000000e+00
9.062500000000000e-01 0.000000000000000e+00 0.000000000000000e+00
9.062500000000000e-01 3.125000000000000e-02 0.000000000000000e+00
8.750000000000000e-01 3.125000000000000e-02 0.000000000000000e+00
9.062500000000000e-01 0.000000000000000e+00 0.000000000000000e+00
9.375000000000000e-01 0.000000000000000e+00 0.000000000000000e+00
9.375000000000000e-01 3.125000000000000e-02 0.000000000000000e+00
9.062500000000000e-01 3.125000000000000e-02 0.000000000000000e+00
9.375000000000000e-01 0.000000000000000e+00 0.000000000000000e+00
9.687500000000000e-01 0.000000000000000e+00 0.000000000000000e+00
9.687500000000000e-01 3.125000000000000e-02 0.000000000000000e+00
9.375000000000000e-01 3.125000000000000e-02 0.000000000000000e+00
9.687500000000000e-01 0.000000000000000e+00 0.000000000000000e+00
1.000000000000000e+00 0.000000000000000e+00 0.000000000000000e+00
1.000000000000000e+00 3.125000000000000e-02 0.000000000000000e+00
9.687500000000000e-01 3.125000000000000e-02 0.000000000000000e+00
0.000000000000000e+00 3.125000000000000e-02 0.000000000000000e+00
3.125000000000000e-02 3.125000000000000e-02 0.000000000000000e+00
3.125000000000000e-02 6.250000000000000e-02 0.000000000000000e+00
0.000000000000000e+00 6.250000000000000e-02 0.000000000000000e+00
3.125000000000000e-02 3.125000000000000e-02 0.000000000000000e+00
6.250000000000000e-02 3.125000000000000e-02 0.000000000000000e+00
6.250000000000000e-02 6.250000000000000e-02 0.000000000000000e+00
3.125000000000000e-02 6.250000000000000e-02 0.000000000000000e+00
6.250000000000000e-02 3.125000000000000e-02 0.000000000000000e+00
9.375000000000000e-02 3.125000000000000e-02 0.000000000000000e+00
9.375000000000000e-02 6.250000000000000e-02 0.000000000000000e+00
6.250000000000000e-02 6.250000000000000e-02 0.000000000000000e+00
9.375000000000000e-02 3.125000000000000e-02 0.000000000000000e+00
1.250000000000000e-01 3.125000000000000e-02 0.000000000000000e+00
1.250000000000000e-01 6.250000000000000e-02 0.000000000000000e+00
9.375000000000000e-02 6.250000000000000e-02 0.000000000000000e+00
1.250000000000000e-01 3.125000000000000e-02 0.000000000000000e+00
1.562500000000000e-01 3.125000000000000e-02 0.000000000000000e+00
1.562500000000000e-01 6.250000000000000e-02 0.000000000000000e+00
1.250000000000000e-01 6.250000000000000e-02 0.000000000000000e+00
1.562500000000000e-01 3.125000000000000e-02 0.000000000000000e+00
1.875000000000000e-01 3.125000000000000e-02 0.000000000000000e+00
1.875000000000000e-01 6.250000000000000e-02 0.000000000000000e+00
1.562500000000000e-01 6.250000000000000e-02 0.000000000000000e+00
1.875000000000000e-01 3.125000000000000e-02 0.000000000000000e+00
2.187500000000000e-01 3.125000000000000e-02 0.000000000000000e+00
2.187500000000000e-01 6.250000000000000e-02 0.000000000000000e+00
1.875000000000000e-01 6.250000000000000e-02 0.000000000000000e+00
2.187500000000000e-01 3.125000000000000e-02 0.000000000000000e+00
2.500000000000000e-01 3.125000000000000e-02 0.000000000000000e+00
2.500000000000000e-01 6.250000000000000e-02 0.000000000000000e+00
2.187500000000000e-01 6.250000000000000e-02 0.000000000000000e+00
2.500000000000000e-01 3.125000000000000e-02 0.000000000000000e+00
2.812500000000000e-01 3.125000000000000e-02 0.000000000000000e+00
2.812500000000000e-01 6.250000000000000e-02 0.000000000000000e+00
2.500000000000000e-01 6.250000000000000e-02 0.000000000000000e+00
2.812500000000000e-01 3.125000000000000e-02 0.000000000000000e+00
3.125000000000000e-01 3.125000000000000e-02 0.000000000000000e+00
3.125000000000000e-01 6.250000000000000e-02 0.000000000000000e+00
2.812500000000000e-01 6.250000000000000e-02 0.000000000000000e+00
3.125000000000000e-01 3.125000000000000e-02 0.000000000000000e+00
3.437500000000000e-01 3.125000000000000e-02 0.000000000000000e+00
3.437500000000000e-01 6.250000000000000e-02 0.000000000000000e+00
3.125000000000000e-01 6.250000000000000e-02 0.000000000000000e+00
3.437500000000000e-01 3.125000000000000e-02 0.000000000000000e+00
3.750000000000000e-01 3.125000000000000e-02 0.000000000000000e+00
3.750000000000000e-01 6.250000000000000e-02 0.000000000000000e+00
3.437500000000000e-01 6.250000000000000e-02 0.000000000000000e+00
3.750000000000000e-01 3.125000000000000e-02 0.000000000000000e+00
4.062500000000000e-01 3.125000000000000e-02 0.000000000000000e+00
4.062500000000000e-01 6.250000000000000e-02 0.000000000000000e+00
3.750000000000000e-01 6.250000000000000e-02 0.000000000000000e+00
4.062500000000000e-01 3.125000000000000e-02 0.000000000000000e+00
4.375000000000000e-01 3.125000000000000e-02 0.000000000000000e+00
4.375000000000000e-01 6.250000000000000e-02 0.000000000000000e+00
4.062500000000000e-01 6.250000000000000e-02 0.000000000000000e+00
4.375000000000000e-01 3.125000000000000e-02 0.000000000000000e+00
4.687500000000000e-01 3.125000000000000e-02 0.000000000000000e+00
4.687500000000000e-01 6.250000000000000e-02 0.000000000000000e+00
4.375000000000000e-01 6.250000000000000e-02 0.000000000000000e+00
4.687500000000000e-01 3.125000000000000e-02 0.000000000000000e+00
5.000000000000000e-01 3.125000000000000e-02 0.000000000000000e+00
5.000000000000000e-01 6.250000000000000e-02 0.000000000000000e+00
4.687500000000000e-01 6.250000000000000e-02 0.000000000000000e+00
5.000000000000000e-01 3.125000000000000e-02 0.000000000000000e+00
5.312500000000000e-01 3.125000000000000e-02 0.000000000000000e+00
5.312500000000000e-01 6.250000000000000e-02 0.000000000000000e+00
5.000000000000000e-01 6.250000000000000e-02 0.000000000000000e+00
5.312500000000000e-01 3.125000000000000e-02 0.000000000000000e+00
5.625000000000000e-01 3.125000000000000e-02 0.000000000000000e+00
5.625000000000000e-01 6.250000000000000e-02 0.000000000000000e+00
5.312500000000000e-01 6.250000000000000e-02 0.000000000000000e+00
5.625000000000000e-01 3.125000000000000e-02 0.000000000000000e+00
5.937500000000000e-01 3.125000000000000e-02 0.000000000000000e+00
5.937500000000000e-01 6.250000000000000e-02 0.000000000000000e+00
5.625000000000000e-01 6.250000000000000e-02 0.000000000000000e+00
5.937500000000000e-01 3.125000000000000e-02 0.000000000000000e+00
6.250000000000000e-01 3.125000000000000e-02 0.000000000000000e+00
6.250000000000000e-01 6.250000000000000e-02 0.000000000000000e+00
5.937500000000000e-01 6.250000000000000e-02 0.000000000000000e+00
6.250000000000000e-01 3.125000000000000e-02 0.000000000000000e+00
6.562500000000000e-01 3.125000000000000e-02 0.000000000000000e+00
6.562500000000000e-01 6.250000000000000e-02 0.000000000000000e+00
6.250000000000000e-01 6.250000000000000e-02 0.000000000000000e+00
6.562500000000000e-01 3.125000000000000e-02 0.000000000000000e+00
6.875000000000000e-01 3.125000000000000e-02 0.000000000000000e+00
6.875000000000000e-01 6.250000000000000e-02 0.000000000000000e+00
6.562500000000000e-01 6.250000000000000e-02 0.000000000000000e+00
6.875000000000000e-01 3.125000000000000e-02 0.000000000000000e+00
7.187500000000000e-01 3.125000000000000e-02 0.000000000000000e+00
7.187500000000000e-01 6.250000000000000e-02 0.000000000000000e+00
6.875000000000000e-01 6.250000000000000e-02 0.000000000000000e+00
7.187500000000000e-01 3.125000000000000e-02 0.000000000000000e+00
7.500000000000000e-01 3.125000000000000e-02 0.000000000000000e+00
7.500000000000000e-01 6.250000000000000e-02 0.000000000000000e+00
7.187500000000000e-01 6.250000000000000e-02 0.000000000000000e+00
7.500000000000000e-01 3.125000000000000e-02 0.000000000000000e+00
7.812500000000000e-01 3.125000000000000e-02 0.000000000000000e+00
7.812500000000000e-01 6.250000000000000e-02 0.000000000000000e+00
7.500000000000000e-01 6.250000000000000e-02 0.000000000000000e+00
7.812500000000000e-01 3.125000000000000e-02 0.000000000000000e+00
8.125000000000000e-01 3.125000000000000e-02 0.000000000000000e+00
8.125000000000000e-01 6.250000000000000e-02 0.000000000000000e+00
7.812500000000000e-01 6.250000000000000e-02 0.000000000000000e+00
8.125000000000000e-01 3.125000000000000e-02 0.000000000000000e+00
8.437500000000000e-01 3.125000000000000e-02 0.000000000000000e+00
8.437500000000000e-01 6.250000000000000e-02 0.000000000000000e+00
8.125000000000000e-01 6.250000000000000e-02 0.000000000000000e+00
8.437500000000000e-01 3.125000000000000e-02 0.000000000000000e+00
8.750000000000000e-01 3.125000000000000e-02 0.000000000000000e+00
8.750000000000000e-01 6.250000000000000e-02 0.000000000000000e+00
8.437500000000000e-01 6.250000000000000e-02 0.000000000000000e+00
8.750000000000000e-01 3.125000000000000e-02 0.000000000000000e+00
9.062500000000000e-01 3.125000000000000e-02 0.000000000000000e+00
9.062500000000000e-01 6.250000000000000e-02 0.000000000000000e+00
8.750000000000000e-01 6.250000000000000e-02 0.000000000000000e+00
9.062500000000000e-01 3.125000000000000e-02 0.000000000000000e+00
9.375000000000000e-01 3.125000000000000e-02 0.000000000000000e+00
9.375000000000000e-01 6.250000000000000e-02 0.000000000000000e+00
9.062500000000000e-01 6.250000000000000e-02 0.000000000000000e+00
9.375000000000000e-01 3.125000000000000e-02 0.000000000000000e+00
9.687500000000000e-01 3.125000000000000e-02 0.000000000000000e+00
9.687500000000000e-01 6.250000000000000e-02 0.000000000000000e+00
9.375000000000000e-01 6.250000000000000e-02 0.000000000000000e+00
9.687500000000000e-01 3.125000000000000e-02 0.000000000000000e+00
1.000000000000000e+00 3.125000000000000e-02 0.000000000000000e+00
1.000000000000000e+00 6.250000000000000e-02 0.000000000000000e+00
9.687500000000000e-01 6.250000000000000e-02 0.000000000000000e+00
0.000000000000000e+00 6.250000000000000e-02 0.000000000000000e+00
3.125000000000000e-02 6.250000000000000e-02 0.000000000000000e+00
3.125000000000000e-02 9.375000000000000e-02 0.000000000000000e+00
0.000000000000000e+00 9.375000000000000e-02 0.000000000000000e+00
3.125000000000000e-02 6.250000000000000e-02 0.000000000000000e+00
6.250000000000000e-02 6.250000000000000e-02 0.000000000000000e+00
6.250000000000000e-02 9.375000000000000e-02 0.000000000000000e+00
3.125000000000000e-02 9.375000000000000e-02 0.000000000000000e+00
6.250000000000000e-02 6.250000000000000e-02 0.000000000000000e+00
9.375000000000000e-02 6.250000000000000e-02 0.000000000000000e+00
9.375000000000000e-02 9.375000000000000e-02 0.000000000000000e+00
6.250000000000000e-02 9.375000000000000e-02 0.000000000000000e+00
9.375000000000000e-02 6.250000000000000e-02 0.000000000000000e+00
1.250000000000000e-01 6.250000000000000e-02 0.000000000000000e+00
1.250000000000000e-01 9.375000000000000e-02 0.000000000000000e+00
9.375000000000000e-02 9.375000000000000e-02 0.000000000000000e+00
1.250000000000000e-01 6.250000000000000e-02 0.000000000000000e+00
1.562500000000000e-01 6.250000000000000e-02 0.000000000000000e+00
1.562500000000000e-01 9.375000000000000e-02 0.000000000000000e+00
1.250000000000000e-01 9.375000000000000e-02 0.000000000000000e+00
1.562500000000000e-01 6.250000000000000e-02 0.000000000000000e+00
1.875000000000000e-01 6.250000000000000e-02 0.000000000000000e+00
1.875000000000000e-01 9.375000000000000e-02 0.000000000000000e+00
1.562500000000000e-01 9.375000000000000e-02 0.000000000000000e+00
1.875000000000000e-01 6.250000000000000e-02 0.000000000000000e+00
2.187500000000000e-01 6.250000000000000e-02 0.000000000000000e+00
2.187500000000000e-01 9.375000000000000e-02 0.000000000000000e+00
1.875000000000000e-01 9.375000000000000e-02 0.000000000000000e+00
2.187500000000000e-01 6.250000000000000e-02 0.000000000000000e+00
2.500000000000000e-01 6.250000000000000e-02 0.000000000000000e+00
2.500000000000000e-01 9.375000000000000e-02 0.000000000000000e+00
2.187500000000000e-01 9.375000000000000e-02 0.000000000000000e+00
2.500000000000000e-01 6.250000000000000e-02 0.000000000000000e+00
2.812500000000000e-01 6.250000000000000e-02 0.000000000000000e+00
2.812500000000000e-01 9.375000000000000e-02 0.000000000000000e+00
2.500000000000000e-01 9.375000000000000e-02 0.000000000000000e+00
2.812500000000000e-01 6.250000000000000e-02 0.000000000000000e+00
3.125000000000000e-01 6.250000000000000e-02 0.000000000000000e+00
3.125000000000000e-01 9.375000000000000e-02 0.000000000000000e+00
2.812500000000000e-01 9.375000000000000e-02 0.000000000000000e+00
3.125000000000000e-01 6.250000000000000e-02 0.000000000000000e+00
3.437500000000000e-01 6.250000000000000e-02 0.000000000000000e+00
3.437500000000000e-01 9.375000000000000e-02 0.000000000000000e+00
3.125000000000000e-01 9.375000000000000e-02 0.000000000000000e+00
3.437500000000000e-01 6.250000000000000e-02 0.000000000000000e+00
3.750000000000000e-01 6.250000000000000e-02 0.000000000000000e+00
3.750000000000000e-01 9.375000000000000e-02 0.000000000000000e+00
3.437500000000000e-01 9.375000000000000e-02 0.000000000000000e+00
3.750000000000000e-01 6.250000000000000e-02 0.000000000000000e+00
4.062500000000000e-01 6.250000000000000e-02 0.000000000000000e+00
4.062500000000000e-01 9.375000000000000e-02 0.000000000000000e+00
3.750000000000000e-01 9.375000000000000e-02 0.000000000000000e+00
4.062500000000000e-01 6.250000000000000e-02 0.000000000000000e+00
4.375000000000000e-01 6.250000000000000e-02 0.000000000000000e+00
4.375000000000000e-01 9.375000000000000e-02 0.000000000000000e+00
4.062500000000000e-01 9.375000000000000e-02 0.000000000000000e+00
4.375000000000000e-01 6.250000000000000e-02 0.000000000000000e+00
4.687500000000000e-01 6.250000000000000e-02 0.000000000000000e+00
4.687500000000000e-01 9.375000000000000e-02 0.000000000000000e+00
4.375000000000000e-01 9.375000000000000e-02 0.000000000000000e+00
4.687500000000000e-01 6.250000000000000e-02 0.000000000000000e+00
5.000000000000000e-01 6.250000000000000e-02 0.000000000000000e+00
5.000000000000000e-01 9.375000000000000e-02 0.000000000000000e+00
4.687500000000000e-01 9.375000000000000e-02 0.000000000000000e+00
5.000000000000000e-01 6.250000000000000e-02 0.000000000000000e+00
5.312500000000000e-01 6.250000000000000e-02 0.000000000000000e+00
5.312500000000000e-01 9.375000000000000e-02 0.000000000000000e+00
5.000000000000000e-01 9.375000000000000e-02 0.000000000000000e+00
5.312500000000000e-01 6.250000000000000e-02 0.000000000000000e+00
5.625000000000000e-01 6.250000000000000e-02 0.000000000000000e+00
5.625000000000000e-01 9.375000000000000e-02 0.000000000000000e+00
5.312500000000000e-01 9.375000000000000e-02 0.000000000000000e+00
5.625000000000000e-01 6.250000000000000e-02 0.000000000000000e+00
5.937500000000000e-01 6.250000000000000e-02 0.000000000000000e+00
5.937500000000000e-01 9.375000000000000e-02 0.000000000000000e+00
5.625000000000000e-01 9.375000000000000e-02 0.000000000000000e+00
5.937500000000000e-01 6.250000000000000e-02 0.000000000000000e+00
6.250000000000000e-01 6.250000000000000e-02 0.000000000000000e+00
6.250000000000000e-01 9.375000000000000e-02 0.000000000000000e+00
5.937500000000000e-01 9.375000000000000e-02 0.000000000000000e+00
6.250000000000000e-01 6.250000000000000e-02 0.000000000000000e+00
6.562500000000000e-01 6.250000000000000e-02 0.000000000000000e+00
6.562500000000000e-01 9.375000000000000e-02 0.000000000000000e+00
6.250000000000000e-01 9.375000000000000e-02 0.000000000000000e+00
6.562500000000000e-01 6.250000000000000e-02 0.000000000000000e+00
6.875000000000000e-01 6.250000000000000e-02 0.000000000000000e+00
6.875000000000000e-01 9.375000000000000e-02 0.000000000000000e+00
6.562500000000000e-01 9.375000000000000e-02 0.000000000000000e+00
6.875000000000000e-01 6.250000000000000e-02 0.000000000000000e+00
7.187500000000000e-01 6.250000000000000e-02 0.000000000000000e+00
7.187500000000000e-01 9.375000000000000e-02 0.000000000000000e+00
6.875000000000000e-01 9.375000000000000e-02 0.000000000000000e+00
7.187500000000000e-01 6.250000000000000e-02 0.000000000000000e+00
7.500000000000000e-01 6.250000000000000e-02 0.000000000000000e+00
7.500000000000000e-01 9.375000000000000e-02 0.000000000000000e+00
7.187500000000000e-01 9.375000000000000e-02 0.000000000000000e+00
7.500000000000000e-01 6.250000000000000e-02 0.000000000000000e+00
7.812500000000000e-01 6.250000000000000e-02 0.000000000000000e+00
7.812500000000000e-01 9.375000000000000e-02 0.000000000000000e+00
7.500000000000000e-01 9.375000000000000e-02 0.000000000000000e+00
7.812500000000000e-01 6.250000000000000e-02 0.000000000000000e+00
8.125000000000000e-01 6.250000000000000e-02 0.000000000000000e+00
8.125000000000000e-01 9.375000000000000e-02 0.000000000000000e+00
7.812500000000000e-01 9.375000000000000e-02 0.000000000000000e+00
8.125000000000000e-01 6.250000000000000e-02 0.000000000000000e+00
8.437500000000000e-01 6.250000000000000e-02 0.000000000000000e+00
8.437500000000000e-01 9.375000000000000e-02 0.000000000000000e+00
8.125000000000000e-01 9.375000000000000e-02 0.000000000000000e+00
8.437500000000000e-01 6.250000000000000e-02 0.000000000000000e+00
8.750000000000000e-01 6.250000000000000e-02 0.000000000000000e+00
8.750000000000000e-01 9.375000000000000e-02 0.000000000000000e+00
8.437500000000000e-01 9.375000000000000e-02 0.000000000000000e+00
8.750000000000000e-01 6.250000000000000e-02 0.000000000000000e+00
9.062500000000000e-01 6.250000000000000e-02 0.000000000000000e+00
9.062500000000000e-01 9.375000000000000e-02 0.000000000000000e+00
8.750000000000000e-01 9.375000000000000e-02 0.000000000000000e+00
9.062500000000000e-01 6.250000000000000e-02 0.000000000000000e+00
9.375000000000000e-01 6.250000000000000e-02 0.000000000000000e+00
9.375000000000000e-01 9.375000000000000e-02 0.000000000000000e+00
9.062500000000000e-01 9.375000000000000e-02 0.000000000000000e+00
9.375000000000000e-01 6.250000000000000e-02 0.000000000000000e+00
9.687500000000000e-01 6.250000000000000e-02 0.000000000000000e+00
9.687500000000000e-01 9.375000000000000e-02 0.000000000000000e+00
9.375000000000000e-01 9.375000000000000e-02 0.000000000000000e+00
9.687500000000000e-01 6.250000000000000e-02 0.000000000000000e+00
1.000000000000000e+00 6.250000000000000e-02 0.000000000000000e+00
1.000000000000000e+00 9.375000000000000e-02 0.000000000000000e+00
9.687500000000000e-01 9.375000000000000e-02 0.000000000000000e+00
0.000000000000000e+00 9.375000000000000e-02 0.000000000000000e+00
3.125000000000000e-02 9.375000000000000e-02 0.000000000000000e+00
3.125000000000000e-02 1.250000000000000e-01 0.000000000000000e+00
0.000000000000000e+00 1.250000000000000e-01 0.000000000000000e+00
3.125000000000000e-02 9.375000000000000e-02 0.000000000000000e+00
6.250000000000000e-02 9.375000000000000e-02 0.000000000000000e+00
6.250000000000000e-02 1.250000000000000e-01 0.000000000000000e+00
3.125000000000000e-02 1.250000000000000e-01 0.000000000000000e+00
6.250000000000000e-02 9.375000000000000e-02 0.000000000000000e+00
9.375000000000000e-02 9.375000000000000e-02 0.000000000000000e+00
9.375000000000000e-02 1.250000000000000e-01 0.000000000000000e+00
6.250000000000000e-02 1.250000000000000e-01 0.000000000000000e+00
9.375000000000000e-02 9.375000000000000e-02 0.000000000000000e+00
1.250000000000000e-01 9.375000000000000e-02 0.000000000000000e+00
1.250000000000000e-01 1.250000000000000e-01 0.000000000000000e+00
9.375000000000000e-02 1.250000000000000e-01 0.000000000000000e+00
1.250000000000000e-01 9.375000000000000e-02 0.000000000000000e+00
1.562500000000000e-01 9.375000000000000e-02 0.000000000000000e+00
1.562500000000000e-01 1.250000000000000e-01 0.000000000000000e+00
1.250000000000000e-01 1.250000000000000e-01 0.000000000000000e+00
1.562500000000000e-01 9.375000000000000e-02 0.000000000000000e+00
1.875000000000000e-01 9.375000000000000e-02 0.000000000000000e+00
1.875000000000000e-01 1.250000000000000e-01 0.000000000000000e+00
1.562500000000000e-01 1.250000000000000e-01 0.000000000000000e+00
1.875000000000000e-01 9.375000000000000e-02 0.000000000000000e+00
2.187500000000000e-01 9.375000000000000e-02 0.000000000000000e+00
2.187500000000000e-01 1.250000000000000e-01 0.000000000000000e+00
1.875000000000000e-01 1.250000000000000e-01 0.000000000000000e+00
2.187500000000000e-01 9.375000000000000e-02 0.000000000000000e+00
2.500000000000000e-01 9.375000000000000e-02 0.000000000000000e+00
2.500000000000000e-01 1.250000000000000e-01 0.000000000000000e+00
2.187500000000000e-01 1.250000000000000e-01 0.000000000000000e+00
2.500000000000000e-01 9.375000000000000e-02 0.000000000000000e+00
2.812500000000000e-01 9.375000000000000e-02 0.000000000000000e+00
2.812500000000000e-01 1.250000000000000e-01 0.000000000000000e+00
2.500000000000000e-01 1.250000000000000e-01 0.000000000000000e+00
2.812500000000000e-01 9.375000000000000e-02 0.000000000000000e+00
3.125000000000000e-01 9.375000000000000e-02 0.000000000000000e+00
3.125000000000000e-01 1.250000000000000e-01 0.000000000000000e+00
2.812500000000000e-01 1.250000000000000e-01 0.000000000000000e+00
3.125000000000000e-01 9.375000000000000e-02 0.000000000000000e+00
3.437500000000000e-01 9.375000000000000e-02 0.000000000000000e+00
3.437500000000000e-01 1.250000000000000e-01 0.000000000000000e+00
3.125000000000000e-01 1.250000000000000e-01 0.000000000000000e+00
3.437500000000000e-01 9.375000000000000e-02 0.000000000000000e+00
3.750000000000000e-01 9.375000000000000e-02 0.000000000000000e+00
3.750000000000000e-01 1.250000000000000e-01 0.000000000000000e+00
3.437500000000000e-01 1.250000000000000e-01 0.000000000000000e+00
3.750000000000000e-01 9.375000000000000e-02 0.000000000000000e+00
4.062500000000000e-01 9.375000000000000e-02 0.000000000000000e+00
4.062500000000000e-01 1.250000000000000e-01 0.000000000000000e+00
3.750000000000000e-01 1.250000000000000e-01 0.000000000000000e+00
4.062500000000000e-01 9.375000000000000e-02 0.000000000000000e+00
4.375000000000000e-01 9.375000000000000e-02 0.000000000000000e+00
4.375000000000000e-01 1.250000000000000e-01 0.000000000000000e+00
4.062500000000000e-01 1.250000000000000e-01 0.000000000000000e+00
4.375000000000000e-01 9.375000000000000e-02 0.000000000000000e+00
4.687500000000000e-01 9.375000000000000e-02 0.000000000000000e+00
4.687500000000000e-01 1.250000000000000e-01 0.000000000000000e+00
4.375000000000000e-01 1.250000000000000e-01 0.000000000000000e+00
4.687500000000000e-01 9.375000000000000e-02 0.000000000000000e+00
5.000000000000000e-01 9.375000000000000e-02 0.000000000000000e+00
5.000000000000000e-01 1.250000000000000e-01 0.000000000000000e+00
4.687500000000000e-01 1.250000000000000e-01 0.000000000000000e+00
5.000000000000000e-01 9.375000000000000e-02 0.000000000000000e+00
5.312500000000000e-01 9.375000000000000e-02 0.000000000000000e+00
5.312500000000000e-01 1.250000000000000e-01 0.000000000000000e+00
5.000000000000000e-01 1.250000000000000e-01 0.000000000000000e+00
5.312500000000000e-01 9.375000000000000e-02 0.000000000000000e+00
5.625000000000000e-01 9.375000000000000e-02 0.000000000000000e+00
5.625000000000000e-01 1.250000000000000e-01 0.000000000000000e+00
5.312500000000000e-01 1.250000000000000e-01 0.000000000000000e+00
5.625000000000000e-01 9.375000000000000e-02 0.000000000000000e+00
5.937500000000000e-01 9.375000000000000e-02 0.000000000000000e+00
5.937500000000000e-01 1.250000000000000e-01 0.000000000000000e+00
5.625000000000000e-01 1.250000000000000e-01 0.000000000000000e+00
5.937500000000000e-01 9.375000000000000e-02 0.000000000000000e+00
6.250000000000000e-01 9.375000000000000e-02 0.000000000000000e+00
6.250000000000000e-01 1.250000000000000e-01 0.000000000000000e+00
5.937500000000000e-01 1.250000000000000e-01 0.000000000000000e+00
6.250000000000000e-01 9.375000000000000e-02 0.000000000000000e+00
6.562500000000000e-01 9.375000000000000e-02 0.000000000000000e+00
6.562500000000000e-01 1.250000000000000e-01 0.000000000000000e+00
6.250000000000000e-01 1.250000000000000e-01 0.000000000000000e+00
6.562500000000000e-01 9.375000000000000e-02 0.000000000000000e+00
6.875000000000000e-01 9.375000000000000e-02 0.000000000000000e+00
6.875000000000000e-01 1.250000000000000e-01 0.000000000000000e+00
6.562500000000000e-01 1.250000000000000e-01 0.000000000000000e+00
6.875000000000000e-01 9.375000000000000e-02 0.000000000000000e+00
7.187500000000000e-01 9.375000000000000e-02 0.000000000000000e+00
7.187500000000000e-01 1.250000000000000e-01 0.000000000000000e+00
6.875000000000000e-01 1.250000000000000e-01 0.000000000000000e+00
7.187500000000000e-01 9.375000000000000e-02 0.000000000000000e+00
7.500000000000000e-01 9.375000000000000e-02 0.000000000000000e+00
7.500000000000000e-01 1.250000000000000e-01 0.000000000000000e+00
7.187500000000000e-01 1.250000000000000e-01 0.000000000000000e+00
7.500000000000000e-01 9.375000000000000e-02 0.000000000000000e+00
7.812500000000000e-01 9.375000000000000e-02 0.000000000000000e+00
7.812500000000000e-01 1.250000000000000e-01 0.000000000000000e+00
7.500000000000000e-01 1.250000000000000e-01 0.000000000000000e+00
7.812500000000000e-01 9.375000000000000e-02 0.000000000000000e+00
8.125000000000000e-01 9.375000000000000e-02 0.000000000000000e+00
8.125000000000000e-01 1.250000000000000e-01 0.000000000000000e+00
7.812500000000000e-01 1.250000000000000e-01 0.000000000000000e+00
8.125000000000000e-01 9.375000000000000e-02 0.000000000000000e+00
8.437500000000000e-01 9.375000000000000e-02 0.000000000000000e+00
8.437500000000000e-01 1.250000000000000e-01 0.000000000000000e+00
8.125000000000000e-01 1.250000000000000e-01 0.000000000000000e+00
8.437500000000000e-01 9.375000000000000e-02 0.000000000000000e+00
8.750000000000000e-01 9.375000000000000e-02 0.000000000000000e+00
8.750000000000000e-01 1.250000000000000e-01 0.000000000000000e+00
8.437500000000000e-01 1.250000000000000e-01 0.000000000000000e+00
8.750000000000000e-01 9.375000000000000e-02 0.000000000000000e+00
9.062500000000000e-01 9.375000000000000e-02 0.000000000000000e+00
9.062500000000000e-01 1.250000000000000e-01 0.000000000000000e+00
8.750000000000000e-01 1.250000000000000e-01 0.000000000000000e+00
9.062500000000000e-01 9.375000000000000e-02 0.000000000000000e+00
9.375000000000000e-01 9.375000000000000e-02 0.000000000000000e+00
9.375000000000000e-01 1.250000000000000e-01 0.000000000000000e+00
9.062500000000000e-01 1.250000000000000e-01 0.000000000000000e+00
9.375000000000000e-01 9.375000000000000e-02 0.000000000000000e+00
9.687500000000000e-01 9.375000000000000e-02 0.000000000000000e+00
9.687500000000000e-01 1.250000000000000e-01 0.000000000000000e+00
9.375000000000000e-01 1.250000000000000e-01 0.000000000000000e+00
9.687500000000000e-01 9.375000000000000e-02 0.000000000000000e+00
1.000000000000000e+00 9.375000000000000e-02 0.000000000000000e+00
1.000000000000000e+00 1.250000000000000e-01 0.000000000000000e+00
9.687500000000000e-01 1.250000000000000e-01 0.000000000000000e+00
0.000000000000000e+00 1.250000000000000e-01 0.000000000000000e+00
3.125000000000000e-02 1.250000000000000e-01 0.000000000000000e+00
3.125000000000000e-02 1.562500000000000e-01 0.000000000000000e+00
0.000000000000000e+00 1.562500000000000e-01 0.000000000000000e+00
3.125000000000000e-02 1.250000000000000e-01 0.000000000000000e+00
6.250000000000000e-02 1.250000000000000e-01 0.000000000000000e+00
6.250000000000000e-02 1.562500000000000e-01 0.000000000000000e+00
3.125000000000000e-02 1.562500000000000e-01 0.000000000000000e+00
6.250000000000000e-02 1.250000000000000e-01 0.000000000000000e+00
9.375000000000000e-02 1.250000000000000e-01 0.000000000000000e+00
9.375000000000000e-02 1.562500000000000e-01 0.000000000000000e+00
6.250000000000000e-02 1.562500000000000e-01 0.000000000000000e+00
9.375000000000000e-02 1.250000000000000e-01 0.000000000000000e+00
1.250000000000000e-01 1.250000000000000e-01 0.000000000000000e+00
1.250000000000000e-01 1.562500000000000e-01 0.000000000000000e+00
9.375000000000000e-02 1.562500000000000e-01 0.000000000000000e+00
1.250000000000000e-01 1.250000000000000e-01 0.000000000000000e+00
1.562500000000000e-01 1.250000000000000e-01 0.000000000000000e+00
1.562500000000000e-01 1.562500000000000e-01 0.000000000000000e+00
1.250000000000000e-01 1.562500000000000e-01 0.000000000000000e+00
1.562500000000000e-01 1.250000000000000e-01 0.000000000000000e+00
1.875000000000000e-01 1.250000000000000e-01 0.000000000000000e+00
1.875000000000000e-01 1.562500000000000e-01 0.000000000000000e+00
1.562500000000000e-01 1.562500000000000e-01 0.000000000000000e+00
1.875000000000000e-01 1.250000000000000e-01 0.000000000000000e+00
2.187500000000000e-01 1.250000000000000e-01 0.000000000000000e+00
2.187500000000000e-01 1.562500000000000e-01 0.000000000000000e+00
1.875000000000000e-01 1.562500000000000e-01 0.000000000000000e+00
2.187500000000000e-01 1.250000000000000e-01 0.000000000000000e+00
2.500000000000000e-01 1.250000000000000e-01 0.000000000000000e+00
2.500000000000000e-01 1.562500000000000e-01 0.000000000000000e+00
2.187500000000000e-01 1.562500000000000e-01 0.000000000000000e+00
2.500000000000000e-01 1.250000000000000e-01 0.000000000000000e+00
2.812500000000000e-01 1.250000000000000e-01 0.000000000000000e+00
2.812500000000000e-01 1.562500000000000e-01 0.000000000000000e+00
2.500000000000000e-01 1.562500000000000e-01 0.000000000000000e+00
2.812500000000000e-01 1.250000000000000e-01 0.000000000000000e+00
3.125000000000000e-01 1.250000000000000e-01 0.000000000000000e+00
3.125000000000000e-01 1.562500000000000e-01 0.000000000000000e+00
2.812500000000000e-01 1.562500000000000e-01 0.000000000000000e+00
3.125000000000000e-01 1.250000000000000e-01 0.000000000000000e+00
3.437500000000000e-01 1.250000000000000e-01 0.000000000000000e+00
3.437500000000000e-01 1.562500000000000e-01 0.000000000000000e+00
3.125000000000000e-01 1.562500000000000e-01 0.000000000000000e+00
3.437500000000000e-01 1.250000000000000e-01 0.000000000000000e+00
3.750000000000000e-01 1.250000000000000e-01 0.000000000000000e+00
3.750000000000000e-01 1.562500000000000e-01 0.000000000000000e+00
3.437500000000000e-01 1.562500000000000e-01 0.000000000000000e+00
3.750000000000000e-01 1.250000000000000e-01 0.000000000000000e+00
4.062500000000000e-01 1.250000000000000e-01 0.000000000000000e+00
4.062500000000000e-01 1.562500000000000e-01 0.000000000000000e+00
3.750000000000000e-01 1.562500000000000e-01 0.000000000000000e+00
4.062500000000000e-01 1.250000000000000e-01 0.000000000000000e+00
4.375000000000000e-01 1.250000000000000e-01 0.000000000000000e+00
4.375000000000000e-01 1.562500000000000e-01 0.000000000000000e+00
4.062500000000000e-01 1.562500000000000e-01 0.000000000000000e+00
4.375000000000000e-01 1.250000000000000e-01 0.000000000000000e+00
4.687500000000000e-01 1.250000000000000e-01 0.000000000000000e+00
4.687500000000000e-01 1.562500000000000e-01 0.000000000000000e+00
4.375000000000000e-01 1.562500000000000e-01 0.000000000000000e+00
4.687500000000000e-01 1.250000000000000e-01 0.000000000000000e+00
5.000000000000000e-01 1.250000000000000e-01 0.000000000000000e+00
5.000000000000000e-01 1.562500000000000e-01 0.000000000000000e+00
4.687500000000000e-01 1.562500000000000e-01 0.000000000000000e+00
5.000000000000000e-01 1.250000000000000e-01 0.000000000000000e+00
5.312500000000000e-01 1.250000000000000e-01 0.000000000000000e+00
5.312500000000000e-01 1.562500000000000e-01 0.000000000000000e+00
5.000000000000000e-01 1.562500000000000e-01 0.000000000000000e+00
5.312500000000000e-01 1.250000000000000e-01 0.000000000000000e+00
5.625000000000000e-01 1.250000000000000e-01 0.000000000000000e+00
5.625000000000000e-01 1.562500000000000e-01 0.000000000000000e+00
5.312500000000000e-01 1.562500000000000e-01 0.000000000000000e+00
5.625000000000000e-01 1.250000000000000e-01 0.000000000000000e+00
5.937500000000000e-01 1.250000000000000e-01 0.000000000000000e+00
5.937500000000000e-01 1.562500000000000e-01 0.000000000000000e+00
5.625000000000000e-01 1.562500000000000e-01 0.000000000000000e+00
5.937500000000000e-01 1.250000000000000e-01 0.000000000000000e+00
6.250000000000000e-01 1.250000000000000e-01 0.000000000000000e+00
6.250000000000000e-01 1.562500000000000e-01 0.000000000000000e+00
5.937500000000000e-01 1.562500000000000e-01 0.000000000000000e+00
6.250000000000000e-01 1.250000000000000e-01 0.000000000000000e+00
6.562500000000000e-01 1.250000000000000e-01 0.000000000000000e+00
6.562500000000000e-01 1.562500000000000e-01 0.000000000000000e+00
6.250000000000000e-01 1.562500000000000e-01 0.000000000000000e+00
6.562500000000000e-01 1.250000000000000e-01 0.000000000000000e+00
6.875000000000000e-01 1.250000000000000e-01 0.000000000000000e+00
6.875000000000000e-01 1.562500000000000e-01 0.000000000000000e+00
6.562500000000000e-01 1.562500000000000e-01 0.000000000000000e+00
6.875000000000000e-01 1.250000000000000e-01 0.000000000000000e+00
7.187500000000000e-01 1.250000000000000e-01 0.000000000000000e+00
7.187500000000000e-01 1.562500000000000e-01 0.000000000000000e+00
6.875000000000000e-01 1.562500000000000e-01 0.000000000000000e+00
7.187500000000000e-01 1.250000000000000e-01 0.000000000000000e+00
7.500000000000000e-01 1.250000000000000e-01 0.000000000000000e+00
7.500000000000000e-01 1.562500000000000e-01 0.000000000000000e+00
7.187500000000000e-01 1.562500000000000e-01 0.000000000000000e+00
7.500000000000000e-01 1.250000000000000e-01 0.000000000000000e+00
7.812500000000000e-01 1.250000000000000e-01 0.000000000000000e+00
7.812500000000000e-01 1.562500000000000e-01 0.000000000000000e+00
7.500000000000000e-01 1.562500000000000e-01 0.000000000000000e+00
7.812500000000000e-01 1.250000000000000e-01 0.000000000000000e+00
8.125000000000000e-01 1.250000000000000e-01 0.000000000000000e+00
8.125000000000000e-01 1.562500000000000e-01 0.000000000000000e+00
7.812500000000000e-01 1.562500000000000e-01 0.000000000000000e+00
8.125000000000000e-01 1.250000000000000e-01 0.000000000000000e+00
8.437500000000000e-01 1.250000000000000e-01 0.000000000000000e+00
8.437500000000000e-01 1.562500000000000e-01 0.000000000000000e+00
8.125000000000000e-01 1.562500000000000e-01 0.000000000000000e+00
8.437500000000000e-01 1.250000000000000e-01 0.000000000000000e+00
8.750000000000000e-01 1.250000000000000e-01 0.000000000000000e+00
8.750000000000000e-01 1.562500000000000e-01 0.000000000000000e+00
8.437500000000000e-01 1.562500000000000e-01 0.000000000000000e+00
8.750000000000000e-01 1.250000000000000e-01 0.000000000000000e+00
9.062500000000000e-01 1.250000000000000e-01 0.000000000000000e+00
9.062500000000000e-01 1.562500000000000e-01 0.000000000000000e+00
8.750000000000000e-01 1.562500000000000e-01 0.000000000000000e+00
9.062500000000000e-01 1.250000000000000e-01 0.000000000000000e+00
9.375000000000000e-01 1.250000000000000e-01 0.000000000000000e+00
9.375000000000000e-01 1.562500000000000e-01 0.000000000000000e+00
9.062500000000000e-01 1.562500000000000e-01 0.000000000000000e+00
9.375000000000000e-01 1.250000000000000e-01 0.000000000000000e+00
9.687500000000000e-01 1.250000000000000e-01 0.000000000000000e+00
9.687500000000000e-01 1.562500000000000e-01 0.000000000000000e+00
9.375000000000000e-01 1.562500000000000e-01 0.000000000000000e+00
9.687500000000000e-01 1.250000000000000e-01 0.000000000000000e+00
1.000000000000000e+00 1.250000000000000e-01 0.000000000000000e+00
1.000000000000000e+00 1.562500000000000e-01 0.000000000000000e+00
9.687500000000000e-01 1.562500000000000e-01 0.000000000000000e+00
0.000000000000000e+00 1.562500000000000e-01 0.000000000000000e+00
3.125000000000000e-02 1.562500000000000e-01 0.000000000000000e+00
3.125000000000000e-02 1.875000000000000e-01 0.000000000000000e+00
0.000000000000000e+00 1.875000000000000e-01 0.000000000000000e+00
3.125000000000000e-02 1.562500000000000e-01 0.000000000000000e+00
6.250000000000000e-02 1.562500000000000e-01 0.000000000000000e+00
6.250000000000000e-02 1.875000000000000e-01 0.000000000000000e+00
3.125000000000000e-02 1.875000000000000e-01 0.000000000000000e+00
6.250000000000000e-02 1.562500000000000e-01 0.000000000000000e+00
9.375000000000000e-02 1.562500000000000e-01 0.000000000000000e+00
9.375000000000000e-02 1.875000000000000e-01 0.000000000000000e+00
6.250000000000000e-02 1.875000000000000e-01 0.000000000000000e+00
9.375000000000000e-02 1.562500000000000e-01 0.000000000000000e+00
1.250000000000000e-01 1.562500000000000e-01 0.000000000000000e+00
1.250000000000000e-01 1.875000000000000e-01 0.000000000000000e+00
9.375000000000000e-02 1.875000000000000e-01 0.000000000000000e+00
1.250000000000000e-01 1.562500000000000e-01 0.000000000000000e+00
1.562500000000000e-01 1.562500000000000e-01 0.000000000000000e+00
1.562500000000000e-01 1.875000000000000e-01 0.000000000000000e+00
1.250000000000000e-01 1.875000000000000e-01 0.000000000000000e+00
1.562500000000000e-01 1.562500000000000e-01 0.000000000000000e+00
1.875000000000000e-01 1.562500000000000e-01 0.000000000000000e+00
1.875000000000000e-01 1.875000000000000e-01 0.000000000000000e+00
1.562500000000000e-01 1.875000000000000e-01 0.000000000000000e+00
1.875000000000000e-01 1.562500000000000e-01 0.000000000000000e+00
2.187500000000000e-01 1.562500000000000e-01 0.000000000000000e+00
2.187500000000000e-01 1.875000000000000e-01 0.000000000000000e+00
1.875000000000000e-01 1.875000000000000e-01 0.000000000000000e+00
2.187500000000000e-01 1.562500000000000e-01 0.000000000000000e+00
2.500000000000000e-01 1.562500000000000e-01 0.000000000000000e+00
2.500000000000000e-01 1.875000000000000e-01 0.000000000000000e+00
2.187500000000000e-01 1.875000000000000e-01 0.000000000000000e+00
2.500000000000000e-01 1.562500000000000e-01 0.000000000000000e+00
2.812500000000000e-01 1.562500000000000e-01 0.000000000000000e+00
2.812500000000000e-01 1.875000000000000e-01 0.000000000000000e+00
2.500000000000000e-01 1.875000000000000e-01 0.000000000000000e+00
2.812500000000000e-01 1.562500000000000e-01 0.000000000000000e+00
3.125000000000000e-01 1.562500000000000e-01 0.000000000000000e+00
3.125000000000000e-01 1.875000000000000e-01 0.000000000000000e+00
2.812500000000000e-01 1.875000000000000e-01 0.000000000000000e+00
3.125000000000000e-01 1.562500000000000e-01 0.000000000000000e+00
3.437500000000000e-01 1.562500000000000e-01 0.000000000000000e+00
3.437500000000000e-01 1.875000000000000e-01 0.000000000000000e+00
3.125000000000000e-01 1.875000000000000e-01 0.000000000000000e+00
3.437500000000000e-01 1.562500000000000e-01 0.000000000000000e+00
3.750000000000000e-01 1.562500000000000e-01 0.000000000000000e+00
3.750000000000000e-01 1.875000000000000e-01 0.000000000000000e+00
3.437500000000000e-01 1.875000000000000e-01 0.000000000000000e+00
3.750000000000000e-01 1.562500000000000e-01 0.000000000000000e+00
4.062500000000000e-01 1.562500000000000e-01 0.000000000000000e+00
4.062500000000000e-01 1.875000000000000e-01 0.000000000000000e+00
3.750000000000000e-01 1.875000000000000e-01 0.000000000000000e+00
4.062500000000000e-01 1.562500000000000e-01 0.000000000000000e+00
4.375000000000000e-01 1.562500000000000e-01 0.000000000000000e+00
4.375000000000000e-01 1.875000000000000e-01 0.000000000000000e+00
4.062500000000000e-01 1.875000000000000e-01 0.000000000000000e+00
4.375000000000000e-01 1.562500000000000e-01 0.000000000000000e+00
4.687500000000000e-01 1.562500000000000e-01 0.000000000000000e+00
4.687500000000000e-01 1.875000000000000e-01 0.000000000000000e+00
4.375000000000000e-01 1.875000000000000e-01 0.000000000000000e+00
4.687500000000000e-01 1.562500000000000e-01 0.000000000000000e+00
5.000000000000000e-01 1.562500000000000e-01 0.000000000000000e+00
5.000000000000000e-01 1.875000000000000e-01 0.000000000000000e+00
4.687500000000000e-01 1.875000000000000e-01 0.000000000000000e+00
5.000000000000000e-01 1.562500000000000e-01 0.000000000000000e+00
5.312500000000000e-01 1.562500000000000e-01 0.000000000000000e+00
5.312500000000000e-01 1.875000000000000e-01 0.000000000000000e+00
5.000000000000000e-01 1.875000000000000e-01 0.000000000000000e+00
5.312500000000000e-01 1.562500000000000e-01 0.000000000000000e+00
5.625000000000000e-01 1.562500000000000e-01 0.000000000000000e+00
5.625000000000000e-01 1.875000000000000e-01 0.000000000000000e+00
5.312500000000000e-01 1.875000000000000e-01 0.000000000000000e+00
5.625000000000000e-01 1.562500000000000e-01 0.000000000000000e+00
5.937500000000000e-01 1.562500000000000e-01 0.000000000000000e+00
5.937500000000000e-01 1.875000000000000e-01 0.000000000000000e+00
5.625000000000000e-01 1.875000000000000e-01 0.000000000000000e+00
5.937500000000000e-01 1.562500000000000e-01 0.000000000000000e+00
6.250000000000000e-01 1.562500000000000e-01 0.000000000000000e+00
6.250000000000000e-01 1.875000000000000e-01 0.000000000000000e+00
5.937500000000000e-01 1.875000000000000e-01 0.000000000000000e+00
6.250000000000000e-01 1.562500000000000e-01 0.000000000000000e+00
6.562500000000000e-01 1.562500000000000e-01 0.000000000000000e+00
6.562500000000000e-01 1.875000000000000e-01 0.000000000000000e+00
6.250000000000000e-01 1.875000000000000e-01 0.000000000000000e+00
6.562500000000000e-01 1.562500000000000e-01 0.000000000000000e+00
6.875000000000000e-01 1.562500000000000e-01 0.000000000000000e+00
6.875000000000000e-01 1.875000000000000e-01 0.000000000000000e+00
6.562500000000000e-01 1.875000000000000e-01 0.000000000000000e+00
6.875000000000000e-01 1.562500000000000e-01 0.000000000000000e+00
7.187500000000000e-01 1.562500000000000e-01 0.000000000000000e+00
7.187500000000000e-01 1.875000000000000e-01 0.000000000000000e+00
6.875000000000000e-01 1.875000000000000e-01 0.000000000000000e+00
7.187500000000000e-01 1.562500000000000e-01 0.000000000000000e+00
7.500000000000000e-01 1.562500000000000e-01 0.000000000000000e+00
7.500000000000000e-01 1.875000000000000e-01 0.000000000000000e+00
7.187500000000000e-01 1.875000000000000e-01 0.000000000000000e+00
7.500000000000000e-01 1.562500000000000e-01 0.000000000000000e+00
7.812500000000000e-01 1.562500000000000e-01 0.000000000000000e+00
7.812500000000000e-01 1.875000000000000e-01 0.000000000000000e+00
7.500000000000000e-01 1.875000000000000e-01 0.000000000000000e+00
7.812500000000000e-01 1.562500000000000e-01 0.000000000000000e+00
8.125000000000000e-01 1.562500000000000e-01 0.000000000000000e+00
8.125000000000000e-01 1.875000000000000e-01 0.000000000000000e+00
7.812500000000000e-01 1.875000000000000e-01 0.000000000000000e+00
8.125000000000000e-01 1.562500000000000e-01 0.000000000000000e+00
8.437500000000000e-01 1.562500000000000e-01 0.000000000000000e+00
8.437500000000000e-01 1.875000000000000e-01 0.000000000000000e+00
8.125000000000000e-01 1.875000000000000e-01 0.000000000000000e+00
8.437500000000000e-01 1.562500000000000e-01 0.000000000000000e+00
8.750000000000000e-01 1.562500000000000e-01 0.000000000000000e+00
8.750000000000000e-01 1.875000000000000e-01 0.000000000000000e+00
8.437500000000000e-01 1.875000000000000e-01 0.000000000000000e+00
8.750000000000000e-01 1.562500000000000e-01 0.000000000000000e+00
9.062500000000000e-01 1.562500000000000e-01 0.000000000000000e+00
9.062500000000000e-01 1.875000000000000e-01 0.000000000000000e+00
8.750000000000000e-01 1.875000000000000e-01 0.000000000000000e+00
9.062500000000000e-01 1.562500000000000e-01 0.000000000000000e+00
9.375000000000000e-01 1.562500000000000e-01 0.000000000000000e+00
9.375000000000000e-01 1.875000000000000e-01 0.000000000000000e+00
9.062500000000000e-01 1.875000000000000e-01 0.000000000000000e+00
9.375000000000000e-01 1.562500000000000e-01 0.000000000000000e+00
9.687500000000000e-01 1.562500000000000e-01 0.000000000000000e+00
9.687500000000000e-01 1.875000000000000e-01 0.000000000000000e+00
9.375000000000000e-01 1.875000000000000e-01 0.000000000000000e+00
9.687500000000000e-01 1.562500000000000e-01 0.000000000000000e+00
1.000000000000000e+00 1.562500000000000e-01 0.000000000000000e+00
1.000000000000000e+00 1.875000000000000e-01 0.000000000000000e+00
9.687500000000000e-01 1.875000000000000e-01 0.000000000000000e+00
0.000000000000000e+00 1.875000000000000e-01 0.000000000000000e+00
3.125000000000000e-02 1.875000000000000e-01 0.000000000000000e+00
3.125000000000000e-02 2.187500000000000e-01 0.000000000000000e+00
0.000000000000000e+00 2.187500000000000e-01 0.000000000000000e+00
3.125000000000000e-02 1.875000000000000e-01 0.000000000000000e+00
6.250000000000000e-02 1.875000000000000e-01 0.000000000000000e+00
6.250000000000000e-02 2.187500000000000e-01 0.000000000000000e+00
3.125000000000000e-02 2.187500000000000e-01 0.000000000000000e+00
6.250000000000000e-02 1.875000000000000e-01 0.000000000000000e+00
9.375000000000000e-02 1.875000000000000e-01 0.000000000000000e+00
9.375000000000000e-02 2.187500000000000e-01 0.000000000000000e+00
6.250000000000000e-02 2.187500000000000e-01 0.000000000000000e+00
9.375000000000000e-02 1.875000000000000e-01 0.000000000000000e+00
1.250000000000000e-01 1.875000000000000e-01 0.000000000000000e+00
1.250000000000000e-01 2.187500000000000e-01 0.000000000000000e+00
9.375000000000000e-02 2.187500000000000e-01 0.000000000000000e+00
1.250000000000000e-01 1.875000000000000e-01 0.000000000000000e+00
1.562500000000000e-01 1.875000000000000e-01 0.000000000000000e+00
1.562500000000000e-01 2.187500000000000e-01 0.000000000000000e+00
1.250000000000000e-01 2.187500000000000e-01 0.000000000000000e+00
1.562500000000000e-01 1.875000000000000e-01 0.000000000000000e+00
1.875000000000000e-01 1.875000000000000e-01 0.000000000000000e+00
1.875000000000000e-01 2.187500000000000e-01 0.000000000000000e+00
1.562500000000000e-01 2.187500000000000e-01 0.000000000000000e+00
1.875000000000000e-01 1.875000000000000e-01 0.000000000000000e+00
2.187500000000000e-01 1.875000000000000e-01 0.000000000000000e+00
2.187500000000000e-01 2.187500000000000e-01 0.000000000000000e+00
1.875000000000000e-01 2.187500000000000e-01 0.000000000000000e+00
2.187500000000000e-01 1.875000000000000e-01 0.000000000000000e+00
2.500000000000000e-01 1.875000000000000e-01 0.000000000000000e+00
2.500000000000000e-01 2.187500000000000e-01 0.000000000000000e+00
2.187500000000000e-01 2.187500000000000e-01 0.000000000000000e+00
2.500000000000000e-01 1.875000000000000e-01 0.000000000000000e+00
2.812500000000000e-01 1.875000000000000e-01 0.000000000000000e+00
2.812500000000000e-01 2.187500000000000e-01 0.000000000000000e+00
2.500000000000000e-01 2.187500000000000e-01 0.000000000000000e+00
2.812500000000000e-01 1.875000000000000e-01 0.000000000000000e+00
3.125000000000000e-01 1.875000000000000e-01 0.000000000000000e+00
3.125000000000000e-01 2.187500000000000e-01 0.000000000000000e+00
2.812500000000000e-01 2.187500000000000e-01 0.000000000000000e+00
3.125000000000000e-01 1.875000000000000e-01 0.000000000000000e+00
3.437500000000000e-01 1.875000000000000e-01 0.000000000000000e+00
3.437500000000000e-01 2.187500000000000e-01 0.000000000000000e+00
3.125000000000000e-01 2.187500000000000e-01 0.000000000000000e+00
3.437500000000000e-01 1.875000000000000e-01 0.000000000000000e+00
3.750000000000000e-01 1.875000000000000e-01 0.000000000000000e+00
3.750000000000000e-01 2.187500000000000e-01 0.000000000000000e+00
3.437500000000000e-01 2.187500000000000e-01 0.000000000000000e+00
3.750000000000000e-01 1.875000000000000e-01 0.000000000000000e+00
4.062500000000000e-01 1.875000000000000e-01 0.000000000000000e+00
4.062500000000000e-01 2.187500000000000e-01 0.000000000000000e+00
3.750000000000000e-01 2.187500000000000e-01 0.000000000000000e+00
4.062500000000000e-01 1.875000000000000e-01 0.000000000000000e+00
4.375000000000000e-01 1.875000000000000e-01 0.000000000000000e+00
4.375000000000000e-01 2.187500000000000e-01 0.000000000000000e+00
4.062500000000000e-01 2.187500000000000e-01 0.000000000000000e+00
4.375000000000000e-01 1.875000000000000e-01 0.000000000000000e+00
4.687500000000000e-01 1.875000000000000e-01 0.000000000000000e+00
4.687500000000000e-01 2.187500000000000e-01 0.000000000000000e+00
4.375000000000000e-01 2.187500000000000e-01 0.000000000000000e+00
4.687500000000000e-01 1.875000000000000e-01 0.000000000000000e+00
5.000000000000000e-01 1.875000000000000e-01 0.000000000000000e+00
5.000000000000000e-01 2.187500000000000e-01 0.000000000000000e+00
4.687500000000000e-01 2.187500000000000e-01 0.000000000000000e+00
5.000000000000000e-01 1.875000000000000e-01 0.000000000000000e+00
5.312500000000000e-01 1.875000000000000e-01 0.000000000000000e+00
5.312500000000000e-01 2.187500000000000e-01 0.000000000000000e+00
5.000000000000000e-01 2.187500000000000e-01 0.000000000000000e+00
5.312500000000000e-01 1.875000000000000e-01 0.000000000000000e+00
5.625000000000000e-01 1.875000000000000e-01 0.000000000000000e+00
5.625000000000000e-01 2.187500000000000e-01 0.000000000000000e+00
5.312500000000000e-01 2.187500000000000e-01 0.000000000000000e+00
5.625000000000000e-01 1.875000000000000e-01 0.000000000000000e+00
5.937500000000000e-01 1.875000000000000e-01 0.000000000000000e+00
5.937500000000000e-01 2.187500000000000e-01 0.000000000000000e+00
5.625000000000000e-01 2.187500000000000e-01 0.000000000000000e+00
5.937500000000000e-01 1.875000000000000e-01 0.000000000000000e+00
6.250000000000000e-01 1.875000000000000e-01 0.000000000000000e+00
6.250000000000000e-01 2.187500000000000e-01 0.000000000000000e+00
5.937500000000000e-01 2.187500000000000e-01 0.000000000000000e+00
6.250000000000000e-01 1.875000000000000e-01 0.000000000000000e+00
6.562500000000000e-01 1.875000000000000e-01 0.000000000000000e+00
6.562500000000000e-01 2.187500000000000e-01 0.000000000000000e+00
6.250000000000000e-01 2.187500000000000e-01 0.000000000000000e+00
6.562500000000000e-01 1.875000000000000e-01 0.000000000000000e+00
6.875000000000000e-01 1.875000000000000e-01 0.000000000000000e+00
6.875000000000000e-01 2.187500000000000e-01 0.000000000000000e+00
6.562500000000000e-01 2.187500000000000e-01 0.000000000000000e+00
6.875000000000000e-01 1.875000000000000e-01 0.000000000000000e+00
7.187500000000000e-01 1.875000000000000e-01 0.000000000000000e+00
7.187500000000000e-01 2.187500000000000e-01 0.000000000000000e+00
6.875000000000000e-01 2.187500000000000e-01 0.000000000000000e+00
7.187500000000000e-01 1.875000000000000e-01 0.000000000000000e+00
7.500000000000000e-01 1.875000000000000e-01 0.000000000000000e+00
7.500000000000000e-01 2.187500000000000e-01 0.000000000000000e+00
7.187500000000000e-01 2.187500000000000e-01 0.000000000000000e+00
7.500000000000000e-01 1.875000000000000e-01 0.000000000000000e+00
7.812500000000000e-01 1.875000000000000e-01 0.000000000000000e+00
7.812500000000000e-01 2.187500000000000e-01 0.000000000000000e+00
7.500000000000000e-01 2.187500000000000e-01 0.000000000000000e+00
7.812500000000000e-01 1.875000000000000e-01 0.000000000000000e+00
8.125000000000000e-01 1.875000000000000e-01 0.000000000000000e+00
8.125000000000000e-01 2.187500000000000e-01 0.000000000000000e+00
7.812500000000000e-01 2.187500000000000e-01 0.000000000000000e+00
8.125000000000000e-01 1.875000000000000e-01 0.000000000000000e+00
8.437500000000000e-01 1.875000000000000e-01 0.000000000000000e+00
8.437500000000000e-01 2.187500000000000e-01 0.000000000000000e+00
8.125000000000000e-01 2.187500000000000e-01 0.000000000000000e+00
8.437500000000000e-01 1.875000000000000e-01 0.000000000000000e+00
8.750000000000000e-01 1.875000000000000e-01 0.000000000000000e+00
8.750000000000000e-01 2.187500000000000e-01 0.000000000000000e+00
8.437500000000000e-01 2.187500000000000e-01 0.000000000000000e+00
8.750000000000000e-01 1.875000000000000e-01 0.000000000000000e+00
9.062500000000000e-01 1.875000000000000e-01 0.000000000000000e+00
9.062500000000000e-01 2.187500000000000e-01 0.000000000000000e+00
8.750000000000000e-01 2.187500000000000e-01 0.000000000000000e+00
9.062500000000000e-01 1.875000000000000e-01 0.000000000000000e+00
9.375000000000000e-01 1.875000000000000e-01 0.000000000000000e+00
9.375000000000000e-01 2.187500000000000e-01 0.000000000000000e+00
9.062500000000000e-01 2.187500000000000e-01 0.000000000000000e+00
9.375000000000000e-01 1.875000000000000e-01 0.000000000000000e+00
9.687500000000000e-01 1.875000000000000e-01 0.000000000000000e+00
9.687500000000000e-01 2.187500000000000e-01 0.000000000000000e+00
9.375000000000000e-01 2.187500000000000e-01 0.000000000000000e+00
9.687500000000000e-01 1.875000000000000e-01 0.000000000000000e+00
1.000000000000000e+00 1.875000000000000e-01 0.000000000000000e+00
1.000000000000000e+00 2.187500000000000e-01 0.000000000000000e+00
9.687500000000000e-01 2.187500000000000e-01 0.000000000000000e+00
0.000000000000000e+00 2.187500000000000e-01 0.000000000000000e+00
3.125000000000000e-02 2.187500000000000e-01 0.000000000000000e+00
3.125000000000000e-02 2.500000000000000e-01 0.000000000000000e+00
0.000000000000000e+00 2.500000000000000e-01 0.000000000000000e+00
3.125000000000000e-02 2.187500000000000e-01 0.000000000000000e+00
6.250000000000000e-02 2.187500000000000e-01 0.000000000000000e+00
6.250000000000000e-02 2.500000000000000e-01 0.000000000000000e+00
3.125000000000000e-02 2.500000000000000e-01 0.000000000000000e+00
6.250000000000000e-02 2.187500000000000e-01 0.000000000000000e+00
9.375000000000000e-02 2.187500000000000e-01 0.000000000000000e+00
9.375000000000000e-02 2.500000000000000e-01 0.000000000000000e+00
6.250000000000000e-02 2.500000000000000e-01 0.000000000000000e+00
9.375000000000000e-02 2.187500000000000e-01 0.000000000000000e+00
1.250000000000000e-01 2.187500000000000e-01 0.000000000000000e+00
1.250000000000000e-01 2.500000000000000e-01 0.000000000000000e+00
9.375000000000000e-02 2.500000000000000e-01 0.000000000000000e+00
1.250000000000000e-01 2.187500000000000e-01 0.000000000000000e+00
1.562500000000000e-01 2.187500000000000e-01 0.000000000000000e+00
1.562500000000000e-01 2.500000000000000e-01 0.000000000000000e+00
1.250000000000000e-01 2.500000000000000e-01 0.000000000000000e+00
1.562500000000000e-01 2.187500000000000e-01 0.000000000000000e+00
1.875000000000000e-01 2.187500000000000e-01 0.000000000000000e+00
1.875000000000000e-01 2.500000000000000e-01 0.000000000000000e+00
1.562500000000000e-01 2.500000000000000e-01 0.000000000000000e+00
1.875000000000000e-01 2.187500000000000e-01 0.000000000000000e+00
2.187500000000000e-01 2.187500000000000e-01 0.000000000000000e+00
2.187500000000000e-01 2.500000000000000e-01 0.000000000000000e+00
1.875000000000000e-01 2.500000000000000e-01 0.000000000000000e+00
2.187500000000000e-01 2.187500000000000e-01 0.000000000000000e+00
2.500000000000000e-01 2.187500000000000e-01 0.000000000000000e+00
2.500000000000000e-01 2.500000000000000e-01 0.000000000000000e+00
2.187500000000000e-01 2.500000000000000e-01 0.000000000000000e+00
2.500000000000000e-01 2.187500000000000e-01 0.000000000000000e+00
2.812500000000000e-01 2.187500000000000e-01 0.000000000000000e+00
2.812500000000000e-01 2.500000000000000e-01 0.000000000000000e+00
2.500000000000000e-01 2.500000000000000e-01 0.000000000000000e+00
2.812500000000000e-01 2.187500000000000e-01 0.000000000000000e+00
3.125000000000000e-01 2.187500000000000e-01 0.000000000000000e+00
3.125000000000000e-01 2.500000000000000e-01 0.000000000000000e+00
2.812500000000000e-01 2.500000000000000e-01 0.000000000000000e+00
3.125000000000000e-01 2.187500000000000e-01 0.000000000000000e+00
3.437500000000000e-01 2.187500000000000e-01 0.000000000000000e+00
3.437500000000000e-01 2.500000000000000e-01 0.000000000000000e+00
3.125000000000000e-01 2.500000000000000e-01 0.000000000000000e+00
3.437500000000000e-01 2.187500000000000e-01 0.000000000000000e+00
3.750000000000000e-01 2.187500000000000e-01 0.000000000000000e+00
3.750000000000000e-01 2.500000000000000e-01 0.000000000000000e+00
3.437500000000000e-01 2.500000000000000e-01 0.000000000000000e+00
3.750000000000000e-01 2.187500000000000e-01 0.000000000000000e+00
4.062500000000000e-01 2.187500000000000e-01 0.000000000000000e+00
4.062500000000000e-01 2.500000000000000e-01 0.000000000000000e+00
3.750000000000000e-01 2.500000000000000e-01 0.000000000000000e+00
4.062500000000000e-01 2.187500000000000e-01 0.000000000000000e+00
4.375000000000000e-01 2.187500000000000e-01 0.000000000000000e+00
4.375000000000000e-01 2.500000000000000e-01 0.000000000000000e+00
4.062500000000000e-01 2.500000000000000e-01 0.000000000000000e+00
4.375000000000000e-01 2.187500000000000e-01 0.000000000000000e+00
4.687500000000000e-01 2.187500000000000e-01 0.000000000000000e+00
4.687500000000000e-01 2.500000000000000e-01 0.000000000000000e+00
4.375000000000000e-01 2.500000000000000e-01 0.000000000000000e+00
4.687500000000000e-01 2.187500000000000e-01 0.000000000000000e+00
5.000000000000000e-01 2.187500000000000e-01 0.000000000000000e+00
5.000000000000000e-01 2.500000000000000e-01 0.000000000000000e+00
4.687500000000000e-01 2.500000000000000e-01 0.000000000000000e+00
5.000000000000000e-01 2.187500000000000e-01 0.000000000000000e+00
5.312500000000000e-01 2.187500000000000e-01 0.000000000000000e+00
5.312500000000000e-01 2.500000000000000e-01 0.000000000000000e+00
5.000000000000000e-01 2.500000000000000e-01 0.000000000000000e+00
5.312500000000000e-01 2.187500000000000e-01 0.000000000000000e+00
5.625000000000000e-01 2.187500000000000e-01 0.000000000000000e+00
5.625000000000000e-01 2.500000000000000e-01 0.000000000000000e+00
5.312500000000000e-01 2.500000000000000e-01 0.000000000000000e+00
5.625000000000000e-01 2.187500000000000e-01 0.000000000000000e+00
5.937500000000000e-01 2.187500000000000e-01 0.000000000000000e+00
5.937500000000000e-01 2.500000000000000e-01 0.000000000000000e+00
5.625000000000000e-01 2.500000000000000e-01 0.000000000000000e+00
5.937500000000000e-01 2.187500000000000e-01 0.000000000000000e+00
6.250000000000000e-01 2.187500000000000e-01 0.000000000000000e+00
6.250000000000000e-01 2.500000000000000e-01 0.000000000000000e+00
5.937500000000000e-01 2.500000000000000e-01 0.000000000000000e+00
6.250000000000000e-01 2.187500000000000e-01 0.000000000000000e+00
6.562500000000000e-01 2.187500000000000e-01 0.000000000000000e+00
6.562500000000000e-01 2.500000000000000e-01 0.000000000000000e+00
6.250000000000000e-01 2.500000000000000e-01 0.000000000000000e+00
6.562500000000000e-01 2.187500000000000e-01 0.000000000000000e+00
6.875000000000000e-01 2.187500000000000e-01 0.000000000000000e+00
6.875000000000000e-01 2.500000000000000e-01 0.000000000000000e+00
6.562500000000000e-01 2.500000000000000e-01 0.000000000000000e+00
6.875000000000000e-01 2.187500000000000e-01 0.000000000000000e+00
7.187500000000000e-01 2.187500000000000e-01 0.000000000000000e+00
7.187500000000000e-01 2.500000000000000e-01 0.000000000000000e+00
6.875000000000000e-01 2.500000000000000e-01 0.000000000000000e+00
7.187500000000000e-01 2.187500000000000e-01 0.000000000000000e+00
7.500000000000000e-01 2.187500000000000e-01 0.000000000000000e+00
7.500000000000000e-01 2.500000000000000e-01 0.000000000000000e+00
7.187500000000000e-01 2.500000000000000e-01 0.000000000000000e+00
7.500000000000000e-01 2.187500000000000e-01 0.000000000000000e+00
7.812500000000000e-01 2.187500000000000e-01 0.000000000000000e+00
7.812500000000000e-01 2.500000000000000e-01 0.000000000000000e+00
7.500000000000000e-01 2.500000000000000e-01 0.000000000000000e+00
7.812500000000000e-01 2.187500000000000e-01 0.000000000000000e+00
8.125000000000000e-01 2.187500000000000e-01 0.000000000000000e+00
8.125000000000000e-01 2.500000000000000e-01 0.000000000000000e+00
7.812500000000000e-01 2.500000000000000e-01 0.000000000000000e+00
8.125000000000000e-01 2.187500000000000e-01 0.000000000000000e+00
8.437500000000000e-01 2.187500000000000e-01 0.000000000000000e+00
8.437500000000000e-01 2.500000000000000e-01 0.000000000000000e+00
8.125000000000000e-01 2.500000000000000e-01 0.000000000000000e+00
8.437500000000000e-01 2.187500000000000e-01 0.000000000000000e+00
8.750000000000000e-01 2.187500000000000e-01 0.000000000000000e+00
8.750000000000000e-01 2.500000000000000e-01 0.000000000000000e+00
8.437500000000000e-01 2.500000000000000e-01 0.000000000000000e+00
8.750000000000000e-01 2.187500000000000e-01 0.000000000000000e+00
9.062500000000000e-01 2.187500000000000e-01 0.000000000000000e+00
9.062500000000000e-01 2.500000000000000e-01 0.000000000000000e+00
8.750000000000000e-01 2.500000000000000e-01 0.000000000000000e+00
9.062500000000000e-01 2.187500000000000e-01 0.000000000000000e+00
9.375000000000000e-01 2.187500000000000e-01 0.000000000000000e+00
9.375000000000000e-01 2.500000000000000e-01 0.000000000000000e+00
9.062500000000000e-01 2.500000000000000e-01 0.000000000000000e+00
9.375000000000000e-01 2.187500000000000e-01 0.000000000000000e+00
9.687500000000000e-01 2.187500000000000e-01 0.000000000000000e+00
9.687500000000000e-01 2.500000000000000e-01 0.000000000000000e+00
9.375000000000000e-01 2.500000000000000e-01 0.000000000000000e+00
9.687500000000000e-01 2.187500000000000e-01 0.000000000000000e+00
1.000000000000000e+00 2.187500000000000e-01 0.000000000000000e+00
1.000000000000000e+00 2.500000000000000e-01 0.000000000000000e+00
9.687500000000000e-01 2.500000000000000e-01 0.000000000000000e+00
0.000000000000000e+00 2.500000000000000e-01 0.000000000000000e+00
3.125000000000000e-02 2.500000000000000e-01 0.000000000000000e+00
3.125000000000000e-02 2.812500000000000e-01 0.000000000000000e+00
0.000000000000000e+00 2.812500000000000e-01 0.000000000000000e+00
3.125000000000000e-02 2.500000000000000e-01 0.000000000000000e+00
6.250000000000000e-02 2.500000000000000e-01 0.000000000000000e+00
6.250000000000000e-02 2.812500000000000e-01 0.000000000000000e+00
3.125000000000000e-02 2.812500000000000e-01 0.000000000000000e+00
6.250000000000000e-02 2.500000000000000e-01 0.000000000000000e+00
9.375000000000000e-02 2.500000000000000e-01 0.000000000000000e+00
9.375000000000000e-02 2.812500000000000e-01 0.000000000000000e+00
6.250000000000000e-02 2.812500000000000e-01 0.000000000000000e+00
9.375000000000000e-02 2.500000000000000e-01 0.000000000000000e+00
1.250000000000000e-01 2.500000000000000e-01 0.000000000000000e+00
1.250000000000000e-01 2.812500000000000e-01 0.000000000000000e+00
9.375000000000000e-02 2.812500000000000e-01 0.000000000000000e+00
1.250000000000000e-01 2.500000000000000e-01 0.000000000000000e+00
1.562500000000000e-01 2.500000000000000e-01 0.000000000000000e+00
1.562500000000000e-01 2.812500000000000e-01 0.000000000000000e+00
1.250000000000000e-01 2.812500000000000e-01 0.000000000000000e+00
1.562500000000000e-01 2.500000000000000e-01 0.000000000000000e+00
1.875000000000000e-01 2.500000000000000e-01 0.000000000000000e+00
1.875000000000000e-01 2.812500000000000e-01 0.000000000000000e+00
1.562500000000000e-01 2.812500000000000e-01 0.000000000000000e+00
1.875000000000000e-01 2.500000000000000e-01 0.000000000000000e+00
2.187500000000000e-01 2.500000000000000e-01 0.000000000000000e+00
2.187500000000000e-01 2.812500000000000e-01 0.000000000000000e+00
1.875000000000000e-01 2.812500000000000e-01 0.000000000000000e+00
2.187500000000000e-01 2.500000000000000e-01 0.000000000000000e+00
2.500000000000000e-01 2.500000000000000e-01 0.000000000000000e+00
2.500000000000000e-01 2.812500000000000e-01 0.000000000000000e+00
2.187500000000000e-01 2.812500000000000e-01 0.000000000000000e+00
2.500000000000000e-01 2.500000000000000e-01 0.000000000000000e+00
2.812500000000000e-01 2.500000000000000e-01 0.000000000000000e+00
2.812500000000000e-01 2.812500000000000e-01 0.000000000000000e+00
2.500000000000000e-01 2.812500000000000e-01 0.000000000000000e+00
2.812500000000000e-01 2.500000000000000e-01 0.000000000000000e+00
3.125000000000000e-01 2.500000000000000e-01 0.000000000000000e+00
3.125000000000000e-01 2.812500000000000e-01 0.000000000000000e+00
2.812500000000000e-01 2.812500000000000e-01 0.000000000000000e+00
3.125000000000000e-01 2.500000000000000e-01 0.000000000000000e+00
3.437500000000000e-01 2.500000000000000e-01 0.000000000000000e+00
3.437500000000000e-01 2.812500000000000e-01 0.000000000000000e+00
3.125000000000000e-01 2.812500000000000e-01 0.000000000000000e+00
3.437500000000000e-01 2.500000000000000e-01 0.000000000000000e+00
3.750000000000000e-01 2.500000000000000e-01 0.000000000000000e+00
3.750000000000000e-01 2.812500000000000e-01 0.000000000000000e+00
3.437500000000000e-01 2.812500000000000e-01 0.000000000000000e+00
3.750000000000000e-01 2.500000000000000e-01 0.000000000000000e+00
4.062500000000000e-01 2.500000000000000e-01 0.000000000000000e+00
4.062500000000000e-01 2.812500000000000e-01 0.000000000000000e+00
3.750000000000000e-01 2.812500000000000e-01 0.000000000000000e+00
4.062500000000000e-01 2.500000000000000e-01 0.000000000000000e+00
4.375000000000000e-01 2.500000000000000e-01 0.000000000000000e+00
4.375000000000000e-01 2.812500000000000e-01 0.000000000000000e+00
4.062500000000000e-01 2.812500000000000e-01 0.000000000000000e+00
4.375000000000000e-01 2.500000000000000e-01 0.000000000000000e+00
4.687500000000000e-01 2.500000000000000e-01 0.000000000000000e+00
4.687500000000000e-01 2.812500000000000e-01 0.000000000000000e+00
4.375000000000000e-01 2.812500000000000e-01 0.000000000000000e+00
4.687500000000000e-01 2.500000000000000e-01 0.000000000000000e+00
5.000000000000000e-01 2.500000000000000e-01 0.000000000000000e+00
5.000000000000000e-01 2.812500000000000e-01 0.000000000000000e+00
4.687500000000000e-01 2.812500000000000e-01 0.000000000000000e+00
5.000000000000000e-01 2.500000000000000e-01 0.000000000000000e+00
5.312500000000000e-01 2.500000000000000e-01 0.000000000000000e+00
5.312500000000000e-01 2.812500000000000e-01 0.000000000000000e+00
5.000000000000000e-01 2.812500000000000e-01 0.000000000000000e+00
5.312500000000000e-01 2.500000000000000e-01 0.000000000000000e+00
5.625000000000000e-01 2.500000000000000e-01 0.000000000000000e+00
5.625000000000000e-01 2.812500000000000e-01 0.000000000000000e+00
5.312500000000000e-01 2.812500000000000e-01 0.000000000000000e+00
5.625000000000000e-01 2.500000000000000e-01 0.000000000000000e+00
5.937500000000000e-01 2.500000000000000e-01 0.000000000000000e+00
5.937500000000000e-01 2.812500000000000e-01 0.000000000000000e+00
5.625000000000000e-01 2.812500000000000e-01 0.000000000000000e+00
5.937500000000000e-01 2.500000000000000e-01 0.000000000000000e+00
6.250000000000000e-01 2.500000000000000e-01 0.000000000000000e+00
6.250000000000000e-01 2.812500000000000e-01 0.000000000000000e+00
5.937500000000000e-01 2.812500000000000e-01 0.000000000000000e+00
6.250000000000000e-01 2.500000000000000e-01 0.000000000000000e+00
6.562500000000000e-01 2.500000000000000e-01 0.000000000000000e+00
6.562500000000000e-01 2.812500000000000e-01 0.000000000000000e+00
6.250000000000000e-01 2.812500000000000e-01 0.000000000000000e+00
6.562500000000000e-01 2.500000000000000e-01 0.000000000000000e+00
6.875000000000000e-01 2.500000000000000e-01 0.000000000000000e+00
6.875000000000000e-01 2.812500000000000e-01 0.000000000000000e+00
6.562500000000000e-01 2.812500000000000e-01 0.000000000000000e+00
6.875000000000000e-01 2.500000000000000e-01 0.000000000000000e+00
7.187500000000000e-01 2.500000000000000e-01 0.000000000000000e+00
7.187500000000000e-01 2.812500000000000e-01 0.000000000000000e+00
6.875000000000000e-01 2.812500000000000e-01 0.000000000000000e+00
7.187500000000000e-01 2.500000000000000e-01 0.000000000000000e+00
7.500000000000000e-01 2.500000000000000e-01 0.000000000000000e+00
7.500000000000000e-01 2.812500000000000e-01 0.000000000000000e+00
7.187500000000000e-01 2.812500000000000e-01 0.000000000000000e+00
7.500000000000000e-01 2.500000000000000e-01 0.000000000000000e+00
7.812500000000000e-01 2.500000000000000e-01 0.000000000000000e+00
7.812500000000000e-01 2.812500000000000e-01 0.000000000000000e+00
7.500000000000000e-01 2.812500000000000e-01 0.000000000000000e+00
7.812500000000000e-01 2.500000000000000e-01 0.000000000000000e+00
8.125000000000000e-01 2.500000000000000e-01 0.000000000000000e+00
8.125000000000000e-01 2.812500000000000e-01 0.000000000000000e+00
7.812500000000000e-01 2.812500000000000e-01 0.000000000000000e+00
8.125000000000000e-01 2.500000000000000e-01 0.000000000000000e+00
8.437500000000000e-01 2.500000000000000e-01 0.000000000000000e+00
8.437500000000000e-01 2.812500000000000e-01 0.000000000000000e+00
8.125000000000000e-01 2.812500000000000e-01 0.000000000000000e+00
8.437500000000000e-01 2.500000000000000e-01 0.000000000000000e+00
8.750000000000000e-01 2.500000000000000e-01 0.000000000000000e+00
8.750000000000000e-01 2.812500000000000e-01 0.000000000000000e+00
8.437500000000000e-01 2.812500000000000e-01 0.000000000000000e+00
8.750000000000000e-01 2.500000000000000e-01 0.000000000000000e+00
9.062500000000000e-01 2.500000000000000e-01 0.000000000000000e+00
9.062500000000000e-01 2.812500000000000e-01 0.000000000000000e+00
8.750000000000000e-01 2.812500000000000e-01 0.000000000000000e+00
9.062500000000000e-01 2.500000000000000e-01 0.000000000000000e+00
9.375000000000000e-01 2.500000000000000e-01 0.000000000000000e+00
9.375000000000000e-01 2.812500000000000e-01 0.000000000000000e+00
9.062500000000000e-01 2.812500000000000e-01 0.000000000000000e+00
9.375000000000000e-01 2.500000000000000e-01 0.000000000000000e+00
9.687500000000000e-01 2.500000000000000e-01 0.000000000000000e+00
9.687500000000000e-01 2.812500000000000e-01 0.000000000000000e+00
9.375000000000000e-01 2.812500000000000e-01 0.000000000000000e+00
9.687500000000000e-01 2.500000000000000e-01 0.000000000000000e+00
1.000000000000000e+00 2.500000000000000e-01 0.000000000000000e+00
1.000000000000000e+00 2.812500000000000e-01 0.000000000000000e+00
9.687500000000000e-01 2.812500000000000e-01 0.000000000000000e+00
0.000000000000000e+00 2.812500000000000e-01 0.000000000000000e+00
3.125000000000000e-02 2.812500000000000e-01 0.000000000000000e+00
3.125000000000000e-02 3.125000000000000e-01 0.000000000000000e+00
0.000000000000000e+00 3.125000000000000e-01 0.000000000000000e+00
3.125000000000000e-02 2.812500000000000e-01 0.000000000000000e+00
6.250000000000000e-02 2.812500000000000e-01 0.000000000000000e+00
6.250000000000000e-02 3.125000000000000e-01 0.000000000000000e+00
3.125000000000000e-02 3.125000000000000e-01 0.000000000000000e+00
6.250000000000000e-02 2.812500000000000e-01 0.000000000000000e+00
9.375000000000000e-02 2.812500000000000e-01 0.000000000000000e+00
9.375000000000000e-02 3.125000000000000e-01 0.000000000000000e+00
6.250000000000000e-02 3.125000000000000e-01 0.000000000000000e+00
9.375000000000000e-02 2.812500000000000e-01 0.000000000000000e+00
1.250000000000000e-01 2.812500000000000e-01 0.000000000000000e+00
1.250000000000000e-01 3.125000000000000e-01 0.000000000000000e+00
9.375000000000000e-02 3.125000000000000e-01 0.000000000000000e+00
1.250000000000000e-01 2.812500000000000e-01 0.000000000000000e+00
1.562500000000000e-01 2.812500000000000e-01 0.000000000000000e+00
1.562500000000000e-01 3.125000000000000e-01 0.000000000000000e+00
1.250000000000000e-01 3.125000000000000e-01 0.000000000000000e+00
1.562500000000000e-01 2.812500000000000e-01 0.000000000000000e+00
1.875000000000000e-01 2.812500000000000e-01 0.000000000000000e+00
1.875000000000000e-01 3.125000000000000e-01 0.000000000000000e+00
1.562500000000000e-01 3.125000000000000e-01 0.000000000000000e+00
1.875000000000000e-01 2.812500000000000e-01 0.000000000000000e+00
2.187500000000000e-01 2.812500000000000e-01 0.000000000000000e+00
2.187500000000000e-01 3.125000000000000e-01 0.000000000000000e+00
1.875000000000000e-01 3.125000000000000e-01 0.000000000000000e+00
2.187500000000000e-01 2.812500000000000e-01 0.000000000000000e+00
2.500000000000000e-01 2.812500000000000e-01 0.000000000000000e+00
2.500000000000000e-01 3.125000000000000e-01 0.000000000000000e+00
2.187500000000000e-01 3.125000000000000e-01 0.000000000000000e+00
2.500000000000000e-01 2.812500000000000e-01 0.000000000000000e+00
2.812500000000000e-01 2.812500000000000e-01 0.000000000000000e+00
2.812500000000000e-01 3.125000000000000e-01 0.000000000000000e+00
2.500000000000000e-01 3.125000000000000e-01 0.000000000000000e+00
2.812500000000000e-01 2.812500000000000e-01 0.000000000000000e+00
3.125000000000000e-01 2.812500000000000e-01 0.000000000000000e+00
3.125000000000000e-01 3.125000000000000e-01 0.000000000000000e+00
2.812500000000000e-01 3.125000000000000e-01 0.000000000000000e+00
3.125000000000000e-01 2.812500000000000e-01 0.000000000000000e+00
3.437500000000000e-01 2.812500000000000e-01 0.000000000000000e+00
3.437500000000000e-01 3.125000000000000e-01 0.000000000000000e+00
3.125000000000000e-01 3.125000000000000e-01 0.000000000000000e+00
3.437500000000000e-01 2.812500000000000e-01 0.000000000000000e+00
3.750000000000000e-01 2.812500000000000e-01 0.000000000000000e+00
3.750000000000000e-01 3.125000000000000e-01 0.000000000000000e+00
3.437500000000000e-01 3.125000000000000e-01 0.000000000000000e+00
3.750000000000000e-01 2.812500000000000e-01 0.000000000000000e+00
4.062500000000000e-01 2.812500000000000e-01 0.000000000000000e+00
4.062500000000000e-01 3.125000000000000e-01 0.000000000000000e+00
3.750000000000000e-01 3.125000000000000e-01 0.000000000000000e+00
4.062500000000000e-01 2.812500000000000e-01 0.000000000000000e+00
4.375000000000000e-01 2.812500000000000e-01 0.000000000000000e+00
4.375000000000000e-01 3.125000000000000e-01 0.000000000000000e+00
4.062500000000000e-01 3.125000000000000e-01 0.000000000000000e+00
4.375000000000000e-01 2.812500000000000e-01 0.000000000000000e+00
4.687500000000000e-01 2.812500000000000e-01 0.000000000000000e+00
4.687500000000000e-01 3.125000000000000e-01 0.000000000000000e+00
4.375000000000000e-01 3.125000000000000e-01 0.000000000000000e+00
4.687500000000000e-01 2.812500000000000e-01 0.000000000000000e+00
5.000000000000000e-01 2.812500000000000e-01 0.000000000000000e+00
5.000000000000000e-01 3.125000000000000e-01 0.000000000000000e+00
4.687500000000000e-01 3.125000000000000e-01 0.000000000000000e+00
5.000000000000000e-01 2.812500000000000e-01 0.000000000000000e+00
5.312500000000000e-01 2.812500000000000e-01 0.000000000000000e+00
5.312500000000000e-01 3.125000000000000e-01 0.000000000000000e+00
5.000000000000000e-01 3.125000000000000e-01 0.000000000000000e+00
5.312500000000000e-01 2.812500000000000e-01 0.000000000000000e+00
5.625000000000000e-01 2.812500000000000e-01 0.000000000000000e+00
5.625000000000000e-01 3.125000000000000e-01 0.000000000000000e+00
5.312500000000000e-01 3.125000000000000e-01 0.000000000000000e+00
5.625000000000000e-01 2.812500000000000e-01 0.000000000000000e+00
5.937500000000000e-01 2.812500000000000e-01 0.000000000000000e+00
5.937500000000000e-01 3.125000000000000e-01 0.000000000000000e+00
5.625000000000000e-01 3.125000000000000e-01 0.000000000000000e+00
5.937500000000000e-01 2.812500000000000e-01 0.000000000000000e+00
6.250000000000000e-01 2.812500000000000e-01 0.000000000000000e+00
6.250000000000000e-01 3.125000000000000e-01 0.000000000000000e+00
5.937500000000000e-01 3.125000000000000e-01 0.000000000000000e+00
6.250000000000000e-01 2.812500000000000e-01 0.000000000000000e+00
6.562500000000000e-01 2.812500000000000e-01 0.000000000000000e+00
6.562500000000000e-01 3.125000000000000e-01 0.000000000000000e+00
6.250000000000000e-01 3.125000000000000e-01 0.000000000000000e+00
6.562500000000000e-01 2.812500000000000e-01 0.000000000000000e+00
6.875000000000000e-01 2.812500000000000e-01 0.000000000000000e+00
6.875000000000000e-01 3.125000000000000e-01 0.000000000000000e+00
6.562500000000000e-01 3.125000000000000e-01 0.000000000000000e+00
6.875000000000000e-01 2.812500000000000e-01 0.000000000000000e+00
7.187500000000000e-01 2.812500000000000e-01 0.000000000000000e+00
7.187500000000000e-01 3.125000000000000e-01 0.000000000000000e+00
6.875000000000000e-01 3.125000000000000e-01 0.000000000000000e+00
7.187500000000000e-01 2.812500000000000e-01 0.000000000000000e+00
7.500000000000000e-01 2.812500000000000e-01 0.000000000000000e+00
7.500000000000000e-01 3.125000000000000e-01 0.000000000000000e+00
7.187500000000000e-01 3.125000000000000e-01 0.000000000000000e+00
7.500000000000000e-01 2.812500000000000e-01 0.000000000000000e+00
7.812500000000000e-01 2.812500000000000e-01 0.000000000000000e+00
7.812500000000000e-01 3.125000000000000e-01 0.000000000000000e+00
7.500000000000000e-01 3.125000000000000e-01 0.000000000000000e+00
7.812500000000000e-01 2.812500000000000e-01 0.000000000000000e+00
8.125000000000000e-01 2.812500000000000e-01 0.000000000000000e+00
8.125000000000000e-01 3.125000000000000e-01 0.000000000000000e+00
7.812500000000000e-01 3.125000000000000e-01 0.000000000000000e+00
8.125000000000000e-01 2.812500000000000e-01 0.000000000000000e+00
8.437500000000000e-01 2.812500000000000e-01 0.000000000000000e+00
8.437500000000000e-01 3.125000000000000e-01 0.000000000000000e+00
8.125000000000000e-01 3.125000000000000e-01 0.000000000000000e+00
8.437500000000000e-01 2.812500000000000e-01 0.000000000000000e+00
8.750000000000000e-01 2.812500000000000e-01 0.000000000000000e+00
8.750000000000000e-01 3.125000000000000e-01 0.000000000000000e+00
8.437500000000000e-01 3.125000000000000e-01 0.000000000000000e+00
8.750000000000000e-01 2.812500000000000e-01 0.000000000000000e+00
9.062500000000000e-01 2.812500000000000e-01 0.000000000000000e+00
9.062500000000000e-01 3.125000000000000e-01 0.000000000000000e+00
8.750000000000000e-01 3.125000000000000e-01 0.000000000000000e+00
9.062500000000000e-01 2.812500000000000e-01 0.000000000000000e+00
9.375000000000000e-01 2.812500000000000e-01 0.000000000000000e+00
9.375000000000000e-01 3.125000000000000e-01 0.000000000000000e+00
9.062500000000000e-01 3.125000000000000e-01 0.000000000000000e+00
9.375000000000000e-01 2.812500000000000e-01 0.000000000000000e+00
9.687500000000000e-01 2.812500000000000e-01 0.000000000000000e+00
9.687500000000000e-01 3.125000000000000e-01 0.000000000000000e+00
9.375000000000000e-01 3.125000000000000e-01 0.000000000000000e+00
9.687500000000000e-01 2.812500000000000e-01 0.000000000000000e+00
1.000000000000000e+00 2.812500000000000e-01 0.000000000000000e+00
1.000000000000000e+00 3.125000000000000e-01 0.000000000000000e+00
9.687500000000000e-01 3.125000000000000e-01 0.000000000000000e+00
0.000000000000000e+00 3.125000000000000e-01 0.000000000000000e+00
3.125000000000000e-02 3.125000000000000e-01 0.000000000000000e+00
3.125000000000000e-02 3.437500000000000e-01 0.000000000000000e+00
0.000000000000000e+00 3.437500000000000e-01 0.000000000000000e+00
3.125000000000000e-02 3.125000000000000e-01 0.000000000000000e+00
6.250000000000000e-02 3.125000000000000e-01 0.000000000000000e+00
6.250000000000000e-02 3.437500000000000e-01 0.000000000000000e+00
3.125000000000000e-02 3.437500000000000e-01 0.000000000000000e+00
6.250000000000000e-02 3.125000000000000e-01 0.000000000000000e+00
9.375000000000000e-02 3.125000000000000e-01 0.000000000000000e+00
9.375000000000000e-02 3.437500000000000e-01 0.000000000000000e+00
6.250000000000000e-02 3.437500000000000e-01 0.000000000000000e+00
9.375000000000000e-02 3.125000000000000e-01 0.000000000000000e+00
1.250000000000000e-01 3.125000000000000e-01 0.000000000000000e+00
1.250000000000000e-01 3.437500000000000e-01 0.000000000000000e+00
9.375000000000000e-02 3.437500000000000e-01 0.000000000000000e+00
1.250000000000000e-01 3.125000000000000e-01 0.000000000000000e+00
1.562500000000000e-01 3.125000000000000e-01 0.000000000000000e+00
1.562500000000000e-01 3.437500000000000e-01 0.000000000000000e+00
1.250000000000000e-01 3.437500000000000e-01 0.000000000000000e+00
1.562500000000000e-01 3.125000000000000e-01 0.000000000000000e+00
1.875000000000000e-01 3.125000000000000e-01 0.000000000000000e+00
1.875000000000000e-01 3.437500000000000e-01 0.000000000000000e+00
1.562500000000000e-01 3.437500000000000e-01 0.000000000000000e+00
1.875000000000000e-01 3.125000000000000e-01 0.000000000000000e+00
2.187500000000000e-01 3.125000000000000e-01 0.000000000000000e+00
2.187500000000000e-01 3.437500000000000e-01 0.000000000000000e+00
1.875000000000000e-01 3.437500000000000e-01 0.000000000000000e+00
2.187500000000000e-01 3.125000000000000e-01 0.000000000000000e+00
2.500000000000000e-01 3.125000000000000e-01 0.000000000000000e+00
2.500000000000000e-01 3.437500000000000e-01 0.000000000000000e+00
2.187500000000000e-01 3.437500000000000e-01 0.000000000000000e+00
2.500000000000000e-01 3.125000000000000e-01 0.000000000000000e+00
2.812500000000000e-01 3.125000000000000e-01 0.000000000000000e+00
2.812500000000000e-01 3.437500000000000e-01 0.000000000000000e+00
2.500000000000000e-01 3.437500000000000e-01 0.000000000000000e+00
2.812500000000000e-01 3.125000000000000e-01 0.000000000000000e+00
3.125000000000000e-01 3.125000000000000e-01 0.000000000000000e+00
3.125000000000000e-01 3.437500000000000e-01 0.000000000000000e+00
2.812500000000000e-01 3.437500000000000e-01 0.000000000000000e+00
3.125000000000000e-01 3.125000000000000e-01 0.000000000000000e+00
3.437500000000000e-01 3.125000000000000e-01 0.000000000000000e+00
3.437500000000000e-01 3.437500000000000e-01 0.000000000000000e+00
3.125000000000000e-01 3.437500000000000e-01 0.000000000000000e+00
3.437500000000000e-01 3.125000000000000e-01 0.000000000000000e+00
3.750000000000000e-01 3.125000000000000e-01 0.000000000000000e+00
3.750000000000000e-01 3.437500000000000e-01 0.000000000000000e+00
3.437500000000000e-01 3.437500000000000e-01 0.000000000000000e+00
3.750000000000000e-01 3.125000000000000e-01 0.000000000000000e+00
4.062500000000000e-01 3.125000000000000e-01 0.000000000000000e+00
4.062500000000000e-01 3.437500000000000e-01 0.000000000000000e+00
3.750000000000000e-01 3.437500000000000e-01 0.000000000000000e+00
4.062500000000000e-01 3.125000000000000e-01 0.000000000000000e+00
4.375000000000000e-01 3.125000000000000e-01 0.000000000000000e+00
4.375000000000000e-01 3.437500000000000e-01 0.000000000000000e+00
4.062500000000000e-01 3.437500000000000e-01 0.000000000000000e+00
4.375000000000000e-01 3.125000000000000e-01 0.000000000000000e+00
4.687500000000000e-01 3.125000000000000e-01 0.000000000000000e+00
4.687500000000000e-01 3.437500000000000e-01 0.000000000000000e+00
4.375000000000000e-01 3.437500000000000e-01 0.000000000000000e+00
4.687500000000000e-01 3.125000000000000e-01 0.000000000000000e+00
5.000000000000000e-01 3.125000000000000e-01 0.000000000000000e+00
5.000000000000000e-01 3.437500000000000e-01 0.000000000000000e+00
4.687500000000000e-01 3.437500000000000e-01 0.000000000000000e+00
5.000000000000000e-01 3.125000000000000e-01 0.000000000000000e+00
5.312500000000000e-01 3.125000000000000e-01 0.000000000000000e+00
5.312500000000000e-01 3.437500000000000e-01 0.000000000000000e+00
5.000000000000000e-01 3.437500000000000e-01 0.000000000000000e+00
5.312500000000000e-01 3.125000000000000e-01 0.000000000000000e+00
5.625000000000000e-01 3.125000000000000e-01 0.000000000000000e+00
5.625000000000000e-01 3.437500000000000e-01 0.000000000000000e+00
5.312500000000000e-01 3.437500000000000e-01 0.000000000000000e+00
5.625000000000000e-01 3.125000000000000e-01 0.000000000000000e+00
5.937500000000000e-01 3.125000000000000e-01 0.000000000000000e+00
5.937500000000000e-01 3.437500000000000e-01 0.000000000000000e+00
5.625000000000000e-01 3.437500000000000e-01 0.000000000000000e+00
5.937500000000000e-01 3.125000000000000e-01 0.000000000000000e+00
6.250000000000000e-01 3.125000000000000e-01 0.000000000000000e+00
6.250000000000000e-01 3.437500000000000e-01 0.000000000000000e+00
5.937500000000000e-01 3.437500000000000e-01 0.000000000000000e+00
6.250000000000000e-01 3.125000000000000e-01 0.000000000000000e+00
6.562500000000000e-01 3.125000000000000e-01 0.000000000000000e+00
6.562500000000000e-01 3.437500000000000e-01 0.000000000000000e+00
6.250000000000000e-01 3.437500000000000e-01 0.000000000000000e+00
6.562500000000000e-01 3.125000000000000e-01 0.000000000000000e+00
6.875000000000000e-01 3.125000000000000e-01 0.000000000000000e+00
6.875000000000000e-01 3.437500000000000e-01 0.000000000000000e+00
6.562500000000000e-01 3.437500000000000e-01 0.000000000000000e+00
6.875000000000000e-01 3.125000000000000e-01 0.000000000000000e+00
7.187500000000000e-01 3.125000000000000e-01 0.000000000000000e+00
7.187500000000000e-01 3.437500000000000e-01 0.000000000000000e+00
6.875000000000000e-01 3.437500000000000e-01 0.000000000000000e+00
7.187500000000000e-01 3.125000000000000e-01 0.000000000000000e+00
7.500000000000000e-01 3.125000000000000e-01 0.000000000000000e+00
7.500000000000000e-01 3.437500000000000e-01 0.000000000000000e+00
7.187500000000000e-01 3.437500000000000e-01 0.000000000000000e+00
7.500000000000000e-01 3.125000000000000e-01 0.000000000000000e+00
7.812500000000000e-01 3.125000000000000e-01 0.000000000000000e+00
7.812500000000000e-01 3.437500000000000e-01 0.000000000000000e+00
7.500000000000000e-01 3.437500000000000e-01 0.000000000000000e+00
7.812500000000000e-01 3.125000000000000e-01 0.000000000000000e+00
8.125000000000000e-01 3.125000000000000e-01 0.000000000000000e+00
8.125000000000000e-01 3.437500000000000e-01 0.000000000000000e+00
7.812500000000000e-01 3.437500000000000e-01 0.000000000000000e+00
8.125000000000000e-01 3.125000000000000e-01 0.000000000000000e+00
8.437500000000000e-01 3.125000000000000e-01 0.000000000000000e+00
8.437500000000000e-01 3.437500000000000e-01 0.000000000000000e+00
8.125000000000000e-01 3.437500000000000e-01 0.000000000000000e+00
8.437500000000000e-01 3.125000000000000e-01 0.000000000000000e+00
8.750000000000000e-01 3.125000000000000e-01 0.000000000000000e+00
8.750000000000000e-01 3.437500000000000e-01 0.000000000000000e+00
8.437500000000000e-01 3.437500000000000e-01 0.000000000000000e+00
8.750000000000000e-01 3.125000000000000e-01 0.000000000000000e+00
9.062500000000000e-01 3.125000000000000e-01 0.000000000000000e+00
9.062500000000000e-01 3.437500000000000e-01 0.000000000000000e+00
8.750000000000000e-01 3.437500000000000e-01 0.000000000000000e+00
9.062500000000000e-01 3.125000000000000e-01 0.000000000000000e+00
9.375000000000000e-01 3.125000000000000e-01 0.000000000000000e+00
9.375000000000000e-01 3.437500000000000e-01 0.000000000000000e+00
9.062500000000000e-01 3.437500000000000e-01 0.000000000000000e+00
9.375000000000000e-01 3.125000000000000e-01 0.000000000000000e+00
9.687500000000000e-01 3.125000000000000e-01 0.000000000000000e+00
9.687500000000000e-01 3.437500000000000e-01 0.000000000000000e+00
9.375000000000000e-01 3.437500000000000e-01 0.000000000000000e+00
9.687500000000000e-01 3.125000000000000e-01 0.000000000000000e+00
1.000000000000000e+00 3.125000000000000e-01 0.000000000000000e+00
1.000000000000000e+00 3.437500000000000e-01 0.000000000000000e+00
9.687500000000000e-01 3.437500000000000e-01 0.000000000000000e+00
0.000000000000000e+00 3.437500000000000e-01 0.000000000000000e+00
3.125000000000000e-02 3.437500000000000e-01 0.000000000000000e+00
3.125000000000000e-02 3.750000000000000e-01 0.000000000000000e+00
0.000000000000000e+00 3.750000000000000e-01 0.000000000000000e+00
3.125000000000000e-02 3.437500000000000e-01 0.000000000000000e+00
6.250000000000000e-02 3.437500000000000e-01 0.000000000000000e+00
6.250000000000000e-02 3.750000000000000e-01 0.000000000000000e+00
3.125000000000000e-02 3.750000000000000e-01 0.000000000000000e+00
6.250000000000000e-02 3.437500000000000e-01 0.000000000000000e+00
9.375000000000000e-02 3.437500000000000e-01 0.000000000000000e+00
9.375000000000000e-02 3.750000000000000e-01 0.000000000000000e+00
6.250000000000000e-02 3.750000000000000e-01 0.000000000000000e+00
9.375000000000000e-02 3.437500000000000e-01 0.000000000000000e+00
1.250000000000000e-01 3.437500000000000e-01 0.000000000000000e+00
1.250000000000000e-01 3.750000000000000e-01 0.000000000000000e+00
9.375000000000000e-02 3.750000000000000e-01 0.000000000000000e+00
1.250000000000000e-01 3.437500000000000e-01 0.000000000000000e+00
1.562500000000000e-01 3.437500000000000e-01 0.000000000000000e+00
1.562500000000000e-01 3.750000000000000e-01 0.000000000000000e+00
1.250000000000000e-01 3.750000000000000e-01 0.000000000000000e+00
1.562500000000000e-01 3.437500000000000e-01 0.000000000000000e+00
1.875000000000000e-01 3.437500000000000e-01 0.000000000000000e+00
1.875000000000000e-01 3.750000000000000e-01 0.000000000000000e+00
1.562500000000000e-01 3.750000000000000e-01 0.000000000000000e+00
1.875000000000000e-01 3.437500000000000e-01 0.000000000000000e+00
2.187500000000000e-01 3.437500000000000e-01 0.000000000000000e+00
2.187500000000000e-01 3.750000000000000e-01 0.000000000000000e+00
1.875000000000000e-01 3.750000000000000e-01 0.000000000000000e+00
2.187500000000000e-01 3.437500000000000e-01 0.000000000000000e+00
2.500000000000000e-01 3.437500000000000e-01 0.000000000000000e+00
2.500000000000000e-01 3.750000000000000e-01 0.000000000000000e+00
2.187500000000000e-01 3.750000000000000e-01 0.000000000000000e+00
2.500000000000000e-01 3.437500000000000e-01 0.000000000000000e+00
2.812500000000000e-01 3.437500000000000e-01 0.000000000000000e+00
2.812500000000000e-01 3.750000000000000e-01 0.000000000000000e+00
2.500000000000000e-01 3.750000000000000e-01 0.000000000000000e+00
2.812500000000000e-01 3.437500000000000e-01 0.000000000000000e+00
3.125000000000000e-01 3.437500000000000e-01 0.000000000000000e+00
3.125000000000000e-01 3.750000000000000e-01 0.000000000000000e+00
2.812500000000000e-01 3.750000000000000e-01 0.000000000000000e+00
3.125000000000000e-01 3.437500000000000e-01 0.000000000000000e+00
3.437500000000000e-01 3.437500000000000e-01 0.000000000000000e+00
3.437500000000000e-01 3.750000000000000e-01 0.000000000000000e+00
3.125000000000000e-01 3.750000000000000e-01 0.000000000000000e+00
3.437500000000000e-01 3.437500000000000e-01 0.000000000000000e+00
3.750000000000000e-01 3.437500000000000e-01 0.000000000000000e+00
3.750000000000000e-01 3.750000000000000e-01 0.000000000000000e+00
3.437500000000000e-01 3.750000000000000e-01 0.000000000000000e+00
3.750000000000000e-01 3.437500000000000e-01 0.000000000000000e+00
4.062500000000000e-01 3.437500000000000e-01 0.000000000000000e+00
4.062500000000000e-01 3.750000000000000e-01 0.000000000000000e+00
3.750000000000000e-01 3.750000000000000e-01 0.000000000000000e+00
4.062500000000000e-01 3.437500000000000e-01 0.000000000000000e+00
4.375000000000000e-01 3.437500000000000e-01 0.000000000000000e+00
4.375000000000000e-01 3.750000000000000e-01 0.000000000000000e+00
4.062500000000000e-01 3.750000000000000e-01 0.000000000000000e+00
4.375000000000000e-01 3.437500000000000e-01 0.000000000000000e+00
4.687500000000000e-01 3.437500000000000e-01 0.000000000000000e+00
4.687500000000000e-01 3.750000000000000e-01 0.000000000000000e+00
4.375000000000000e-01 3.750000000000000e-01 0.000000000000000e+00
4.687500000000000e-01 3.437500000000000e-01 0.000000000000000e+00
5.000000000000000e-01 3.437500000000000e-01 0.000000000000000e+00
5.000000000000000e-01 3.750000000000000e-01 0.000000000000000e+00
4.687500000000000e-01 3.750000000000000e-01 0.000000000000000e+00
5.000000000000000e-01 3.437500000000000e-01 0.000000000000000e+00
5.312500000000000e-01 3.437500000000000e-01 0.000000000000000e+00
5.312500000000000e-01 3.750000000000000e-01 0.000000000000000e+00
5.000000000000000e-01 3.750000000000000e-01 0.000000000000000e+00
5.312500000000000e-01 3.437500000000000e-01 0.000000000000000e+00
5.625000000000000e-01 3.437500000000000e-01 0.000000000000000e+00
5.625000000000000e-01 3.750000000000000e-01 0.000000000000000e+00
5.312500000000000e-01 3.750000000000000e-01 0.000000000000000e+00
5.625000000000000e-01 3.437500000000000e-01 0.000000000000000e+00
5.937500000000000e-01 3.437500000000000e-01 0.000000000000000e+00
5.937500000000000e-01 3.750000000000000e-01 0.000000000000000e+00
5.625000000000000e-01 3.750000000000000e-01 0.000000000000000e+00
5.937500000000000e-01 3.437500000000000e-01 0.000000000000000e+00
6.250000000000000e-01 3.437500000000000e-01 0.000000000000000e+00
6.250000000000000e-01 3.750000000000000e-01 0.000000000000000e+00
5.937500000000000e-01 3.750000000000000e-01 0.000000000000000e+00
6.250000000000000e-01 3.437500000000000e-01 0.000000000000000e+00
6.562500000000000e-01 3.437500000000000e-01 0.000000000000000e+00
6.562500000000000e-01 3.750000000000000e-01 0.000000000000000e+00
6.250000000000000e-01 3.750000000000000e-01 0.000000000000000e+00
6.562500000000000e-01 3.437500000000000e-01 0.000000000000000e+00
6.875000000000000e-01 3.437500000000000e-01 0.000000000000000e+00
6.875000000000000e-01 3.750000000000000e-01 0.000000000000000e+00
6.562500000000000e-01 3.750000000000000e-01 0.000000000000000e+00
6.875000000000000e-01 3.437500000000000e-01 0.000000000000000e+00
7.187500000000000e-01 3.437500000000000e-01 0.000000000000000e+00
7.187500000000000e-01 3.750000000000000e-01 0.000000000000000e+00
6.875000000000000e-01 3.750000000000000e-01 0.000000000000000e+00
7.187500000000000e-01 3.437500000000000e-01 0.000000000000000e+00
7.500000000000000e-01 3.437500000000000e-01 0.000000000000000e+00
7.500000000000000e-01 3.750000000000000e-01 0.000000000000000e+00
7.187500000000000e-01 3.750000000000000e-01 0.000000000000000e+00
7.500000000000000e-01 3.437500000000000e-01 0.000000000000000e+00
7.812500000000000e-01 3.437500000000000e-01 0.000000000000000e+00
7.812500000000000e-01 3.750000000000000e-01 0.000000000000000e+00
7.500000000000000e-01 3.750000000000000e-01 0.000000000000000e+00
7.812500000000000e-01 3.437500000000000e-01 0.000000000000000e+00
8.125000000000000e-01 3.437500000000000e-01 0.000000000000000e+00
8.125000000000000e-01 3.750000000000000e-01 0.000000000000000e+00
7.812500000000000e-01 3.750000000000000e-01 0.000000000000000e+00
8.125000000000000e-01 3.437500000000000e-01 0.000000000000000e+00
8.437500000000000e-01 3.437500000000000e-01 0.000000000000000e+00
8.437500000000000e-01 3.750000000000000e-01 0.000000000000000e+00
8.125000000000000e-01 3.750000000000000e-01 0.000000000000000e+00
8.437500000000000e-01 3.437500000000000e-01 0.000000000000000e+00
8.750000000000000e-01 3.437500000000000e-01 0.000000000000000e+00
8.750000000000000e-01 3.750000000000000e-01 0.000000000000000e+00
8.437500000000000e-01 3.750000000000000e-01 0.000000000000000e+00
8.750000000000000e-01 3.437500000000000e-01 0.000000000000000e+00
9.062500000000000e-01 3.437500000000000e-01 0.000000000000000e+00
9.062500000000000e-01 3.750000000000000e-01 0.000000000000000e+00
8.750000000000000e-01 3.750000000000000e-01 0.000000000000000e+00
9.062500000000000e-01 3.437500000000000e-01 0.000000000000000e+00
9.375000000000000e-01 3.437500000000000e-01 0.000000000000000e+00
9.375000000000000e-01 3.750000000000000e-01 0.000000000000000e+00
9.062500000000000e-01 3.750000000000000e-01 0.000000000000000e+00
9.375000000000000e-01 3.437500000000000e-01 0.000000000000000e+00
9.687500000000000e-01 3.437500000000000e-01 0.000000000000000e+00
9.687500000000000e-01 3.750000000000000e-01 0.000000000000000e+00
9.375000000000000e-01 3.750000000000000e-01 0.000000000000000e+00
9.687500000000000e-01 3.437500000000000e-01 0.000000000000000e+00
1.000000000000000e+00 3.437500000000000e-01 0.000000000000000e+00
1.000000000000000e+00 3.750000000000000e-01 0.000000000000000e+00
9.687500000000000e-01 3.750000000000000e-01 0.000000000000000e+00
0.000000000000000e+00 3.750000000000000e-01 0.000000000000000e+00
3.125000000000000e-02 3.750000000000000e-01 0.000000000000000e+00
3.125000000000000e-02 4.062500000000000e-01 0.000000000000000e+00
0.000000000000000e+00 4.062500000000000e-01 0.000000000000000e+00
3.125000000000000e-02 3.750000000000000e-01 0.000000000000000e+00
6.250000000000000e-02 3.750000000000000e-01 0.000000000000000e+00
6.250000000000000e-02 4.062500000000000e-01 0.000000000000000e+00
3.125000000000000e-02 4.062500000000000e-01 0.000000000000000e+00
6.250000000000000e-02 3.750000000000000e-01 0.000000000000000e+00
9.375000000000000e-02 3.750000000000000e-01 0.000000000000000e+00
9.375000000000000e-02 4.062500000000000e-01 0.000000000000000e+00
6.250000000000000e-02 4.062500000000000e-01 0.000000000000000e+00
9.375000000000000e-02 3.750000000000000e-01 0.000000000000000e+00
1.250000000000000e-01 3.750000000000000e-01 0.000000000000000e+00
1.250000000000000e-01 4.062500000000000e-01 0.000000000000000e+00
9.375000000000000e-02 4.062500000000000e-01 0.000000000000000e+00
1.250000000000000e-01 3.750000000000000e-01 0.000000000000000e+00
1.562500000000000e-01 3.750000000000000e-01 0.000000000000000e+00
1.562500000000000e-01 4.062500000000000e-01 0.000000000000000e+00
1.250000000000000e-01 4.062500000000000e-01 0.000000000000000e+00
1.562500000000000e-01 3.750000000000000e-01 0.000000000000000e+00
1.875000000000000e-01 3.750000000000000e-01 0.000000000000000e+00
1.875000000000000e-01 4.062500000000000e-01 0.000000000000000e+00
1.562500000000000e-01 4.062500000000000e-01 0.000000000000000e+00
1.875000000000000e-01 3.750000000000000e-01 0.000000000000000e+00
2.187500000000000e-01 3.750000000000000e-01 0.000000000000000e+00
2.187500000000000e-01 4.062500000000000e-01 0.000000000000000e+00
1.875000000000000e-01 4.062500000000000e-01 0.000000000000000e+00
2.187500000000000e-01 3.750000000000000e-01 0.000000000000000e+00
2.500000000000000e-01 3.750000000000000e-01 0.000000000000000e+00
2.500000000000000e-01 4.062500000000000e-01 0.000000000000000e+00
2.187500000000000e-01 4.062500000000000e-01 0.000000000000000e+00
2.500000000000000e-01 3.750000000000000e-01 0.000000000000000e+00
2.812500000000000e-01 3.750000000000000e-01 0.000000000000000e+00
2.812500000000000e-01 4.062500000000000e-01 0.000000000000000e+00
2.500000000000000e-01 4.062500000000000e-01 0.000000000000000e+00
2.812500000000000e-01 3.750000000000000e-01 0.000000000000000e+00
3.125000000000000e-01 3.750000000000000e-01 0.000000000000000e+00
3.125000000000000e-01 4.062500000000000e-01 0.000000000000000e+00
2.812500000000000e-01 4.062500000000000e-01 0.000000000000000e+00
3.125000000000000e-01 3.750000000000000e-01 0.000000000000000e+00
3.437500000000000e-01 3.750000000000000e-01 0.000000000000000e+00
3.437500000000000e-01 4.062500000000000e-01 0.000000000000000e+00
3.125000000000000e-01 4.062500000000000e-01 0.000000000000000e+00
3.437500000000000e-01 3.750000000000000e-01 0.000000000000000e+00
3.750000000000000e-01 3.750000000000000e-01 0.000000000000000e+00
3.750000000000000e-01 4.062500000000000e-01 0.000000000000000e+00
3.437500000000000e-01 4.062500000000000e-01 0.000000000000000e+00
3.750000000000000e-01 3.750000000000000e-01 0.000000000000000e+00
4.062500000000000e-01 3.750000000000000e-01 0.000000000000000e+00
4.062500000000000e-01 4.062500000000000e-01 0.000000000000000e+00
3.750000000000000e-01 4.062500000000000e-01 0.000000000000000e+00
4.062500000000000e-01 3.750000000000000e-01 0.000000000000000e+00
4.375000000000000e-01 3.750000000000000e-01 0.000000000000000e+00
4.375000000000000e-01 4.062500000000000e-01 0.000000000000000e+00
4.062500000000000e-01 4.062500000000000e-01 0.000000000000000e+00
4.375000000000000e-01 3.750000000000000e-01 0.000000000000000e+00
4.687500000000000e-01 3.750000000000000e-01 0.000000000000000e+00
4.687500000000000e-01 4.062500000000000e-01 0.000000000000000e+00
4.375000000000000e-01 4.062500000000000e-01 0.000000000000000e+00
4.687500000000000e-01 3.750000000000000e-01 0.000000000000000e+00
5.000000000000000e-01 3.750000000000000e-01 0.000000000000000e+00
5.000000000000000e-01 4.062500000000000e-01 0.000000000000000e+00
4.687500000000000e-01 4.062500000000000e-01 0.000000000000000e+00
5.000000000000000e-01 3.750000000000000e-01 0.000000000000000e+00
5.312500000000000e-01 3.750000000000000e-01 0.000000000000000e+00
5.312500000000000e-01 4.062500000000000e-01 0.000000000000000e+00
5.000000000000000e-01 4.062500000000000e-01 0.000000000000000e+00
5.312500000000000e-01 3.750000000000000e-01 0.000000000000000e+00
5.625000000000000e-01 3.750000000000000e-01 0.000000000000000e+00
5.625000000000000e-01 4.062500000000000e-01 0.000000000000000e+00
5.312500000000000e-01 4.062500000000000e-01 0.000000000000000e+00
5.625000000000000e-01 3.750000000000000e-01 0.000000000000000e+00
5.937500000000000e-01 3.750000000000000e-01 0.000000000000000e+00
5.937500000000000e-01 4.062500000000000e-01 0.000000000000000e+00
5.625000000000000e-01 4.062500000000000e-01 0.000000000000000e+00
5.937500000000000e-01 3.750000000000000e-01 0.000000000000000e+00
6.250000000000000e-01 3.750000000000000e-01 0.000000000000000e+00
6.250000000000000e-01 4.062500000000000e-01 0.000000000000000e+00
5.937500000000000e-01 4.062500000000000e-01 0.000000000000000e+00
6.250000000000000e-01 3.750000000000000e-01 0.000000000000000e+00
6.562500000000000e-01 3.750000000000000e-01 0.000000000000000e+00
6.562500000000000e-01 4.062500000000000e-01 0.000000000000000e+00
6.250000000000000e-01 4.062500000000000e-01 0.000000000000000e+00
6.562500000000000e-01 3.750000000000000e-01 0.000000000000000e+00
6.875000000000000e-01 3.750000000000000e-01 0.000000000000000e+00
6.875000000000000e-01 4.062500000000000e-01 0.000000000000000e+00
6.562500000000000e-01 4.062500000000000e-01 0.000000000000000e+00
6.875000000000000e-01 3.750000000000000e-01 0.000000000000000e+00
7.187500000000000e-01 3.750000000000000e-01 0.000000000000000e+00
7.187500000000000e-01 4.062500000000000e-01 0.000000000000000e+00
6.875000000000000e-01 4.062500000000000e-01 0.000000000000000e+00
7.187500000000000e-01 3.750000000000000e-01 0.000000000000000e+00
7.500000000000000e-01 3.750000000000000e-01 0.000000000000000e+00
7.500000000000000e-01 4.062500000000000e-01 0.000000000000000e+00
7.187500000000000e-01 4.062500000000000e-01 0.000000000000000e+00
7.500000000000000e-01 3.750000000000000e-01 0.000000000000000e+00
7.812500000000000e-01 3.750000000000000e-01 0.000000000000000e+00
7.812500000000000e-01 4.062500000000000e-01 0.000000000000000e+00
7.500000000000000e-01 4.062500000000000e-01 0.000000000000000e+00
7.812500000000000e-01 3.750000000000000e-01 0.000000000000000e+00
8.125000000000000e-01 3.750000000000000e-01 0.000000000000000e+00
8.125000000000000e-01 4.062500000000000e-01 0.000000000000000e+00
7.812500000000000e-01 4.062500000000000e-01 0.000000000000000e+00
8.125000000000000e-01 3.750000000000000e-01 0.000000000000000e+00
8.437500000000000e-01 3.750000000000000e-01 0.000000000000000e+00
8.437500000000000e-01 4.062500000000000e-01 0.000000000000000e+00
8.125000000000000e-01 4.062500000000000e-01 0.000000000000000e+00
8.437500000000000e-01 3.750000000000000e-01 0.000000000000000e+00
8.750000000000000e-01 3.750000000000000e-01 0.000000000000000e+00
8.750000000000000e-01 4.062500000000000e-01 0.000000000000000e+00
8.437500000000000e-01 4.062500000000000e-01 0.000000000000000e+00
8.750000000000000e-01 3.750000000000000e-01 0.000000000000000e+00
9.062500000000000e-01 3.750000000000000e-01 0.000000000000000e+00
9.062500000000000e-01 4.062500000000000e-01 0.000000000000000e+00
8.750000000000000e-01 4.062500000000000e-01 0.000000000000000e+00
9.062500000000000e-01 3.750000000000000e-01 0.000000000000000e+00
9.375000000000000e-01 3.750000000000000e-01 0.000000000000000e+00
9.375000000000000e-01 4.062500000000000e-01 0.000000000000000e+00
9.062500000000000e-01 4.062500000000000e-01 0.000000000000000e+00
9.375000000000000e-01 3.750000000000000e-01 0.000000000000000e+00
9.687500000000000e-01 3.750000000000000e-01 0.000000000000000e+00
9.687500000000000e-01 4.062500000000000e-01 0.000000000000000e+00
9.375000000000000e-01 4.062500000000000e-01 0.000000000000000e+00
9.687500000000000e-01 3.750000000000000e-01 0.000000000000000e+00
1.000000000000000e+00 3.750000000000000e-01 0.000000000000000e+00
1.000000000000000e+00 4.062500000000000e-01 0.000000000000000e+00
9.687500000000000e-01 4.062500000000000e-01 0.000000000000000e+00
0.000000000000000e+00 4.062500000000000e-01 0.000000000000000e+00
3.125000000000000e-02 4.062500000000000e-01 0.000000000000000e+00
3.125000000000000e-02 4.375000000000000e-01 0.000000000000000e+00
0.000000000000000e+00 4.375000000000000e-01 0.000000000000000e+00
3.125000000000000e-02 4.062500000000000e-01 0.000000000000000e+00
6.250000000000000e-02 4.062500000000000e-01 0.000000000000000e+00
6.250000000000000e-02 4.375000000000000e-01 0.000000000000000e+00
3.125000000000000e-02 4.375000000000000e-01 0.000000000000000e+00
6.250000000000000e-02 4.062500000000000e-01 0.000000000000000e+00
9.375000000000000e-02 4.062500000000000e-01 0.000000000000000e+00
9.375000000000000e-02 4.375000000000000e-01 0.000000000000000e+00
6.250000000000000e-02 4.375000000000000e-01 0.000000000000000e+00
9.375000000000000e-02 4.062500000000000e-01 0.000000000000000e+00
1.250000000000000e-01 4.062500000000000e-01 0.000000000000000e+00
1.250000000000000e-01 4.375000000000000e-01 0.000000000000000e+00
9.375000000000000e-02 4.375000000000000e-01 0.000000000000000e+00
1.250000000000000e-01 4.062500000000000e-01 0.000000000000000e+00
1.562500000000000e-01 4.062500000000000e-01 0.000000000000000e+00
1.562500000000000e-01 4.375000000000000e-01 0.000000000000000e+00
1.250000000000000e-01 4.375000000000000e-01 0.000000000000000e+00
1.562500000000000e-01 4.062500000000000e-01 0.000000000000000e+00
1.875000000000000e-01 4.062500000000000e-01 0.000000000000000e+00
1.875000000000000e-01 4.375000000000000e-01 0.000000000000000e+00
1.562500000000000e-01 4.375000000000000e-01 0.000000000000000e+00
1.875000000000000e-01 4.062500000000000e-01 0.000000000000000e+00
2.187500000000000e-01 4.062500000000000e-01 0.000000000000000e+00
2.187500000000000e-01 4.375000000000000e-01 0.000000000000000e+00
1.875000000000000e-01 4.375000000000000e-01 0.000000000000000e+00
2.187500000000000e-01 4.062500000000000e-01 0.000000000000000e+00
2.500000000000000e-01 4.062500000000000e-01 0.000000000000000e+00
2.500000000000000e-01 4.375000000000000e-01 0.000000000000000e+00
2.187500000000000e-01 4.375000000000000e-01 0.000000000000000e+00
2.500000000000000e-01 4.062500000000000e-01 0.000000000000000e+00
2.812500000000000e-01 4.062500000000000e-01 0.000000000000000e+00
2.812500000000000e-01 4.375000000000000e-01 0.000000000000000e+00
2.500000000000000e-01 4.375000000000000e-01 0.000000000000000e+00
2.812500000000000e-01 4.062500000000000e-01 0.000000000000000e+00
3.125000000000000e-01 4.062500000000000e-01 0.000000000000000e+00
3.125000000000000e-01 4.375000000000000e-01 0.000000000000000e+00
2.812500000000000e-01 4.375000000000000e-01 0.000000000000000e+00
3.125000000000000e-01 4.062500000000000e-01 0.000000000000000e+00
3.437500000000000e-01 4.062500000000000e-01 0.000000000000000e+00
3.437500000000000e-01 4.375000000000000e-01 0.000000000000000e+00
3.125000000000000e-01 4.375000000000000e-01 0.000000000000000e+00
3.437500000000000e-01 4.062500000000000e-01 0.000000000000000e+00
3.750000000000000e-01 4.062500000000000e-01 0.000000000000000e+00
3.750000000000000e-01 4.375000000000000e-01 0.000000000000000e+00
3.437500000000000e-01 4.375000000000000e-01 0.000000000000000e+00
3.750000000000000e-01 4.062500000000000e-01 0.000000000000000e+00
4.062500000000000e-01 4.062500000000000e-01 0.000000000000000e+00
4.062500000000000e-01 4.375000000000000e-01 0.000000000000000e+00
3.750000000000000e-01 4.375000000000000e-01 0.000000000000000e+00
4.062500000000000e-01 4.062500000000000e-01 0.000000000000000e+00
4.375000000000000e-01 4.062500000000000e-01 0.000000000000000e+00
4.375000000000000e-01 4.375000000000000e-01 0.000000000000000e+00
4.062500000000000e-01 4.375000000000000e-01 0.000000000000000e+00
4.375000000000000e-01 4.062500000000000e-01 0.000000000000000e+00
4.687500000000000e-01 4.062500000000000e-01 0.000000000000000e+00
4.687500000000000e-01 4.375000000000000e-01 0.000000000000000e+00
4.375000000000000e-01 4.375000000000000e-01 0.000000000000000e+00
4.687500000000000e-01 4.062500000000000e-01 0.000000000000000e+00
5.000000000000000e-01 4.062500000000000e-01 0.000000000000000e+00
5.000000000000000e-01 4.375000000000000e-01 0.000000000000000e+00
4.687500000000000e-01 4.375000000000000e-01 0.000000000000000e+00
5.000000000000000e-01 4.062500000000000e-01 0.000000000000000e+00
5.312500000000000e-01 4.062500000000000e-01 0.000000000000000e+00
5.312500000000000e-01 4.375000000000000e-01 0.000000000000000e+00
5.000000000000000e-01 4.375000000000000e-01 0.000000000000000e+00
5.312500000000000e-01 4.062500000000000e-01 0.000000000000000e+00
5.625000000000000e-01 4.062500000000000e-01 0.000000000000000e+00
5.625000000000000e-01 4.375000000000000e-01 0.000000000000000e+00
5.312500000000000e-01 4.375000000000000e-01 0.000000000000000e+00
5.625000000000000e-01 4.062500000000000e-01 0.000000000000000e+00
5.937500000000000e-01 4.062500000000000e-01 0.000000000000000e+00
5.937500000000000e-01 4.375000000000000e-01 0.000000000000000e+00
5.625000000000000e-01 4.375000000000000e-01 0.000000000000000e+00
5.937500000000000e-01 4.062500000000000e-01 0.000000000000000e+00
6.250000000000000e-01 4.062500000000000e-01 0.000000000000000e+00
6.250000000000000e-01 4.375000000000000e-01 0.000000000000000e+00
5.937500000000000e-01 4.375000000000000e-01 0.000000000000000e+00
6.250000000000000e-01 4.062500000000000e-01 0.000000000000000e+00
6.562500000000000e-01 4.062500000000000e-01 0.000000000000000e+00
6.562500000000000e-01 4.375000000000000e-01 0.000000000000000e+00
6.250000000000000e-01 4.375000000000000e-01 0.000000000000000e+00
6.562500000000000e-01 4.062500000000000e-01 0.000000000000000e+00
6.875000000000000e-01 4.062500000000000e-01 0.000000000000000e+00
6.875000000000000e-01 4.375000000000000e-01 0.000000000000000e+00
6.562500000000000e-01 4.375000000000000e-01 0.000000000000000e+00
6.875000000000000e-01 4.062500000000000e-01 0.000000000000000e+00
7.187500000000000e-01 4.062500000000000e-01 0.000000000000000e+00
7.187500000000000e-01 4.375000000000000e-01 0.000000000000000e+00
6.875000000000000e-01 4.375000000000000e-01 0.000000000000000e+00
7.187500000000000e-01 4.062500000000000e-01 0.000000000000000e+00
7.500000000000000e-01 4.062500000000000e-01 0.000000000000000e+00
7.500000000000000e-01 4.375000000000000e-01 0.000000000000000e+00
7.187500000000000e-01 4.375000000000000e-01 0.000000000000000e+00
7.500000000000000e-01 4.062500000000000e-01 0.000000000000000e+00
7.812500000000000e-01 4.062500000000000e-01 0.000000000000000e+00
7.812500000000000e-01 4.375000000000000e-01 0.000000000000000e+00
7.500000000000000e-01 4.375000000000000e-01 0.000000000000000e+00
7.812500000000000e-01 4.062500000000000e-01 0.000000000000000e+00
8.125000000000000e-01 4.062500000000000e-01 0.000000000000000e+00
8.125000000000000e-01 4.375000000000000e-01 0.000000000000000e+00
7.812500000000000e-01 4.375000000000000e-01 0.000000000000000e+00
8.125000000000000e-01 4.062500000000000e-01 0.000000000000000e+00
8.437500000000000e-01 4.062500000000000e-01 0.000000000000000e+00
8.437500000000000e-01 4.375000000000000e-01 0.000000000000000e+00
8.125000000000000e-01 4.375000000000000e-01 0.000000000000000e+00
8.437500000000000e-01 4.062500000000000e-01 0.000000000000000e+00
8.750000000000000e-01 4.062500000000000e-01 0.000000000000000e+00
8.750000000000000e-01 4.375000000000000e-01 0.000000000000000e+00
8.437500000000000e-01 4.375000000000000e-01 0.000000000000000e+00
8.750000000000000e-01 4.062500000000000e-01 0.000000000000000e+00
9.062500000000000e-01 4.062500000000000e-01 0.000000000000000e+00
9.062500000000000e-01 4.375000000000000e-01 0.000000000000000e+00
8.750000000000000e-01 4.375000000000000e-01 0.000000000000000e+00
9.062500000000000e-01 4.062500000000000e-01 0.000000000000000e+00
9.375000000000000e-01 4.062500000000000e-01 0.000000000000000e+00
9.375000000000000e-01 4.375000000000000e-01 0.000000000000000e+00
9.062500000000000e-01 4.375000000000000e-01 0.000000000000000e+00
9.375000000000000e-01 4.062500000000000e-01 0.000000000000000e+00
9.687500000000000e-01 4.062500000000000e-01 0.000000000000000e+00
9.687500000000000e-01 4.375000000000000e-01 0.000000000000000e+00
9.375000000000000e-01 4.375000000000000e-01 0.000000000000000e+00
9.687500000000000e-01 4.062500000000000e-01 0.000000000000000e+00
1.000000000000000e+00 4.062500000000000e-01 0.000000000000000e+00
1.000000000000000e+00 4.375000000000000e-01 0.000000000000000e+00
9.687500000000000e-01 4.375000000000000e-01 0.000000000000000e+00
0.000000000000000e+00 4.375000000000000e-01 0.000000000000000e+00
3.125000000000000e-02 4.375000000000000e-01 0.000000000000000e+00
3.125000000000000e-02 4.687500000000000e-01 0.000000000000000e+00
0.000000000000000e+00 4.687500000000000e-01 0.000000000000000e+00
3.125000000000000e-02 4.375000000000000e-01 0.000000000000000e+00
6.250000000000000e-02 4.375000000000000e-01 0.000000000000000e+00
6.250000000000000e-02 4.687500000000000e-01 0.000000000000000e+00
3.125000000000000e-02 4.687500000000000e-01 0.000000000000000e+00
6.250000000000000e-02 4.375000000000000e-01 0.000000000000000e+00
9.375000000000000e-02 4.375000000000000e-01 0.000000000000000e+00
9.375000000000000e-02 4.687500000000000e-01 0.000000000000000e+00
6.250000000000000e-02 4.687500000000000e-01 0.000000000000000e+00
9.375000000000000e-02 4.375000000000000e-01 0.000000000000000e+00
1.250000000000000e-01 4.375000000000000e-01 0.000000000000000e+00
1.250000000000000e-01 4.687500000000000e-01 0.000000000000000e+00
9.375000000000000e-02 4.687500000000000e-01 0.000000000000000e+00
1.250000000000000e-01 4.375000000000000e-01 0.000000000000000e+00
1.562500000000000e-01 4.375000000000000e-01 0.000000000000000e+00
1.562500000000000e-01 4.687500000000000e-01 0.000000000000000e+00
1.250000000000000e-01 4.687500000000000e-01 0.000000000000000e+00
1.562500000000000e-01 4.375000000000000e-01 0.000000000000000e+00
1.875000000000000e-01 4.375000000000000e-01 0.000000000000000e+00
1.875000000000000e-01 4.687500000000000e-01 0.000000000000000e+00
1.562500000000000e-01 4.687500000000000e-01 0.000000000000000e+00
1.875000000000000e-01 4.375000000000000e-01 0.000000000000000e+00
2.187500000000000e-01 4.375000000000000e-01 0.000000000000000e+00
2.187500000000000e-01 4.687500000000000e-01 0.000000000000000e+00
1.875000000000000e-01 4.687500000000000e-01 0.000000000000000e+00
2.187500000000000e-01 4.375000000000000e-01 0.000000000000000e+00
2.500000000000000e-01 4.375000000000000e-01 0.000000000000000e+00
2.500000000000000e-01 4.687500000000000e-01 0.000000000000000e+00
2.187500000000000e-01 4.687500000000000e-01 0.000000000000000e+00
2.500000000000000e-01 4.375000000000000e-01 0.000000000000000e+00
2.812500000000000e-01 4.375000000000000e-01 0.000000000000000e+00
2.812500000000000e-01 4.687500000000000e-01 0.000000000000000e+00
2.500000000000000e-01 4.687500000000000e-01 0.000000000000000e+00
2.812500000000000e-01 4.375000000000000e-01 0.000000000000000e+00
3.125000000000000e-01 4.375000000000000e-01 0.000000000000000e+00
3.125000000000000e-01 4.687500000000000e-01 0.000000000000000e+00
2.812500000000000e-01 4.687500000000000e-01 0.000000000000000e+00
3.125000000000000e-01 4.375000000000000e-01 0.000000000000000e+00
3.437500000000000e-01 4.375000000000000e-01 0.000000000000000e+00
3.437500000000000e-01 4.687500000000000e-01 0.000000000000000e+00
3.125000000000000e-01 4.687500000000000e-01 0.000000000000000e+00
3.437500000000000e-01 4.375000000000000e-01 0.000000000000000e+00
3.750000000000000e-01 4.375000000000000e-01 0.000000000000000e+00
3.750000000000000e-01 4.687500000000000e-01 0.000000000000000e+00
3.437500000000000e-01 4.687500000000000e-01 0.000000000000000e+00
3.750000000000000e-01 4.375000000000000e-01 0.000000000000000e+00
4.062500000000000e-01 4.375000000000000e-01 0.000000000000000e+00
4.062500000000000e-01 4.687500000000000e-01 0.000000000000000e+00
3.750000000000000e-01 4.687500000000000e-01 0.000000000000000e+00
4.062500000000000e-01 4.375000000000000e-01 0.000000000000000e+00
4.375000000000000e-01 4.375000000000000e-01 0.000000000000000e+00
4.375000000000000e-01 4.687500000000000e-01 0.000000000000000e+00
4.062500000000000e-01 4.687500000000000e-01 0.000000000000000e+00
4.375000000000000e-01 4.375000000000000e-01 0.000000000000000e+00
4.687500000000000e-01 4.375000000000000e-01 0.000000000000000e+00
4.687500000000000e-01 4.687500000000000e-01 0.000000000000000e+00
4.375000000000000e-01 4.687500000000000e-01 0.000000000000000e+00
4.687500000000000e-01 4.375000000000000e-01 0.000000000000000e+00
5.000000000000000e-01 4.375000000000000e-01 0.000000000000000e+00
5.000000000000000e-01 4.687500000000000e-01 0.000000000000000e+00
4.687500000000000e-01 4.687500000000000e-01 0.000000000000000e+00
5.000000000000000e-01 4.375000000000000e-01 0.000000000000000e+00
5.312500000000000e-01 4.375000000000000e-01 0.000000000000000e+00
5.312500000000000e-01 4.687500000000000e-01 0.000000000000000e+00
5.000000000000000e-01 4.687500000000000e-01 0.000000000000000e+00
5.312500000000000e-01 4.375000000000000e-01 0.000000000000000e+00
5.625000000000000e-01 4.375000000000000e-01 0.000000000000000e+00
5.625000000000000e-01 4.687500000000000e-01 0.000000000000000e+00
5.312500000000000e-01 4.687500000000000e-01 0.000000000000000e+00
5.625000000000000e-01 4.375000000000000e-01 0.000000000000000e+00
5.937500000000000e-01 4.375000000000000e-01 0.000000000000000e+00
5.937500000000000e-01 4.687500000000000e-01 0.000000000000000e+00
5.625000000000000e-01 4.687500000000000e-01 0.000000000000000e+00
5.937500000000000e-01 4.375000000000000e-01 0.000000000000000e+00
6.250000000000000e-01 4.375000000000000e-01 0.000000000000000e+00
6.250000000000000e-01 4.687500000000000e-01 0.000000000000000e+00
5.937500000000000e-01 4.687500000000000e-01 0.000000000000000e+00
6.250000000000000e-01 4.375000000000000e-01 0.000000000000000e+00
6.562500000000000e-01 4.375000000000000e-01 0.000000000000000e+00
6.562500000000000e-01 4.687500000000000e-01 0.000000000000000e+00
6.250000000000000e-01 4.687500000000000e-01 0.000000000000000e+00
6.562500000000000e-01 4.375000000000000e-01 0.000000000000000e+00
6.875000000000000e-01 4.375000000000000e-01 0.000000000000000e+00
6.875000000000000e-01 4.687500000000000e-01 0.000000000000000e+00
6.562500000000000e-01 4.687500000000000e-01 0.000000000000000e+00
6.875000000000000e-01 4.375000000000000e-01 0.000000000000000e+00
7.187500000000000e-01 4.375000000000000e-01 0.000000000000000e+00
7.187500000000000e-01 4.687500000000000e-01 0.000000000000000e+00
6.875000000000000e-01 4.687500000000000e-01 0.000000000000000e+00
7.187500000000000e-01 4.375000000000000e-01 0.000000000000000e+00
7.500000000000000e-01 4.375000000000000e-01 0.000000000000000e+00
7.500000000000000e-01 4.687500000000000e-01 0.000000000000000e+00
7.187500000000000e-01 4.687500000000000e-01 0.000000000000000e+00
7.500000000000000e-01 4.375000000000000e-01 0.000000000000000e+00
7.812500000000000e-01 4.375000000000000e-01 0.000000000000000e+00
7.812500000000000e-01 4.687500000000000e-01 0.000000000000000e+00
7.500000000000000e-01 4.687500000000000e-01 0.000000000000000e+00
7.812500000000000e-01 4.375000000000000e-01 0.000000000000000e+00
8.125000000000000e-01 4.375000000000000e-01 0.000000000000000e+00
8.125000000000000e-01 4.687500000000000e-01 0.000000000000000e+00
7.812500000000000e-01 4.687500000000000e-01 0.000000000000000e+00
8.125000000000000e-01 4.375000000000000e-01 0.000000000000000e+00
8.437500000000000e-01 4.375000000000000e-01 0.000000000000000e+00
8.437500000000000e-01 4.687500000000000e-01 0.000000000000000e+00
8.125000000000000e-01 4.687500000000000e-01 0.000000000000000e+00
8.437500000000000e-01 4.375000000000000e-01 0.000000000000000e+00
8.750000000000000e-01 4.375000000000000e-01 0.000000000000000e+00
8.750000000000000e-01 4.687500000000000e-01 0.000000000000000e+00
8.437500000000000e-01 4.687500000000000e-01 0.000000000000000e+00
8.750000000000000e-01 4.375000000000000e-01 0.000000000000000e+00
9.062500000000000e-01 4.375000000000000e-01 0.000000000000000e+00
9.062500000000000e-01 4.687500000000000e-01 0.000000000000000e+00
8.750000000000000e-01 4.687500000000000e-01 0.000000000000000e+00
9.062500000000000e-01 4.375000000000000e-01 0.000000000000000e+00
9.375000000000000e-01 4.375000000000000e-01 0.000000000000000e+00
9.375000000000000e-01 4.687500000000000e-01 0.000000000000000e+00
9.062500000000000e-01 4.687500000000000e-01 0.000000000000000e+00
9.375000000000000e-01 4.375000000000000e-01 0.000000000000000e+00
9.687500000000000e-01 4.375000000000000e-01 0.000000000000000e+00
9.687500000000000e-01 4.687500000000000e-01 0.000000000000000e+00
9.375000000000000e-01 4.687500000000000e-01 0.000000000000000e+00
9.687500000000000e-01 4.375000000000000e-01 0.000000000000000e+00
1.000000000000000e+00 4.375000000000000e-01 0.000000000000000e+00
1.000000000000000e+00 4.687500000000000e-01 0.000000000000000e+00
9.687500000000000e-01 4.687500000000000e-01 0.000000000000000e+00
0.000000000000000e+00 4.687500000000000e-01 0.000000000000000e+00
3.125000000000000e-02 4.687500000000000e-01 0.000000000000000e+00
3.125000000000000e-02 5.000000000000000e-01 0.000000000000000e+00
0.000000000000000e+00 5.000000000000000e-01 0.000000000000000e+00
3.125000000000000e-02 4.687500000000000e-01 0.000000000000000e+00
6.250000000000000e-02 4.687500000000000e-01 0.000000000000000e+00
6.250000000000000e-02 5.000000000000000e-01 0.000000000000000e+00
3.125000000000000e-02 5.000000000000000e-01 0.000000000000000e+00
6.250000000000000e-02 4.687500000000000e-01 0.000000000000000e+00
9.375000000000000e-02 4.687500000000000e-01 0.000000000000000e+00
9.375000000000000e-02 5.000000000000000e-01 0.000000000000000e+00
6.250000000000000e-02 5.000000000000000e-01 0.000000000000000e+00
9.375000000000000e-02 4.687500000000000e-01 0.000000000000000e+00
1.250000000000000e-01 4.687500000000000e-01 0.000000000000000e+00
1.250000000000000e-01 5.000000000000000e-01 0.000000000000000e+00
9.375000000000000e-02 5.000000000000000e-01 0.000000000000000e+00
1.250000000000000e-01 4.687500000000000e-01 0.000000000000000e+00
1.562500000000000e-01 4.687500000000000e-01 0.000000000000000e+00
1.562500000000000e-01 5.000000000000000e-01 0.000000000000000e+00
1.250000000000000e-01 5.000000000000000e-01 0.000000000000000e+00
1.562500000000000e-01 4.687500000000000e-01 0.000000000000000e+00
1.875000000000000e-01 4.687500000000000e-01 0.000000000000000e+00
1.875000000000000e-01 5.000000000000000e-01 0.000000000000000e+00
1.562500000000000e-01 5.000000000000000e-01 0.000000000000000e+00
1.875000000000000e-01 4.687500000000000e-01 0.000000000000000e+00
2.187500000000000e-01 4.687500000000000e-01 0.000000000000000e+00
2.187500000000000e-01 5.000000000000000e-01 0.000000000000000e+00
1.875000000000000e-01 5.000000000000000e-01 0.000000000000000e+00
2.187500000000000e-01 4.687500000000000e-01 0.000000000000000e+00
2.500000000000000e-01 4.687500000000000e-01 0.000000000000000e+00
2.500000000000000e-01 5.000000000000000e-01 0.000000000000000e+00
2.187500000000000e-01 5.000000000000000e-01 0.000000000000000e+00
2.500000000000000e-01 4.687500000000000e-01 0.000000000000000e+00
2.812500000000000e-01 4.687500000000000e-01 0.000000000000000e+00
2.812500000000000e-01 5.000000000000000e-01 0.000000000000000e+00
2.500000000000000e-01 5.000000000000000e-01 0.000000000000000e+00
2.812500000000000e-01 4.687500000000000e-01 0.000000000000000e+00
3.125000000000000e-01 4.687500000000000e-01 0.000000000000000e+00
3.125000000000000e-01 5.000000000000000e-01 0.000000000000000e+00
2.812500000000000e-01 5.000000000000000e-01 0.000000000000000e+00
3.125000000000000e-01 4.687500000000000e-01 0.000000000000000e+00
3.437500000000000e-01 4.687500000000000e-01 0.000000000000000e+00
3.437500000000000e-01 5.000000000000000e-01 0.000000000000000e+00
3.125000000000000e-01 5.000000000000000e-01 0.000000000000000e+00
3.437500000000000e-01 4.687500000000000e-01 0.000000000000000e+00
3.750000000000000e-01 4.687500000000000e-01 0.000000000000000e+00
3.750000000000000e-01 5.000000000000000e-01 0.000000000000000e+00
3.437500000000000e-01 5.000000000000000e-01 0.000000000000000e+00
3.750000000000000e-01 4.687500000000000e-01 0.000000000000000e+00
4.062500000000000e-01 4.687500000000000e-01 0.000000000000000e+00
4.062500000000000e-01 5.000000000000000e-01 0.000000000000000e+00
3.750000000000000e-01 5.000000000000000e-01 0.000000000000000e+00
4.062500000000000e-01 4.687500000000000e-01 0.000000000000000e+00
4.375000000000000e-01 4.687500000000000e-01 0.000000000000000e+00
4.375000000000000e-01 5.000000000000000e-01 0.000000000000000e+00
4.062500000000000e-01 5.000000000000000e-01 0.000000000000000e+00
4.375000000000000e-01 4.687500000000000e-01 0.000000000000000e+00
4.687500000000000e-01 4.687500000000000e-01 0.000000000000000e+00
4.687500000000000e-01 5.000000000000000e-01 0.000000000000000e+00
4.375000000000000e-01 5.000000000000000e-01 0.000000000000000e+00
4.687500000000000e-01 4.687500000000000e-01 0.000000000000000e+00
5.000000000000000e-01 4.687500000000000e-01 0.000000000000000e+00
5.000000000000000e-01 5.000000000000000e-01 0.000000000000000e+00
4.687500000000000e-01 5.000000000000000e-01 0.000000000000000e+00
5.000000000000000e-01 4.687500000000000e-01 0.000000000000000e+00
5.312500000000000e-01 4.687500000000000e-01 0.000000000000000e+00
5.312500000000000e-01 5.000000000000000e-01 0.000000000000000e+00
5.000000000000000e-01 5.000000000000000e-01 0.000000000000000e+00
5.312500000000000e-01 4.687500000000000e-01 0.000000000000000e+00
5.625000000000000e-01 4.687500000000000e-01 0.000000000000000e+00
5.625000000000000e-01 5.000000000000000e-01 0.000000000000000e+00
5.312500000000000e-01 5.000000000000000e-01 0.000000000000000e+00
5.625000000000000e-01 4.687500000000000e-01 0.000000000000000e+00
5.937500000000000e-01 4.687500000000000e-01 0.000000000000000e+00
5.937500000000000e-01 5.000000000000000e-01 0.000000000000000e+00
5.625000000000000e-01 5.000000000000000e-01 0.000000000000000e+00
5.937500000000000e-01 4.687500000000000e-01 0.000000000000000e+00
6.250000000000000e-01 4.687500000000000e-01 0.000000000000000e+00
6.250000000000000e-01 5.000000000000000e-01 0.000000000000000e+00
5.937500000000000e-01 5.000000000000000e-01 0.000000000000000e+00
6.250000000000000e-01 4.687500000000000e-01 0.000000000000000e+00
6.562500000000000e-01 4.687500000000000e-01 0.000000000000000e+00
6.562500000000000e-01 5.000000000000000e-01 0.000000000000000e+00
6.250000000000000e-01 5.000000000000000e-01 0.000000000000000e+00
6.562500000000000e-01 4.687500000000000e-01 0.000000000000000e+00
6.875000000000000e-01 4.687500000000000e-01 0.000000000000000e+00
6.875000000000000e-01 5.000000000000000e-01 0.000000000000000e+00
6.562500000000000e-01 5.000000000000000e-01 0.000000000000000e+00
6.875000000000000e-01 4.687500000000000e-01 0.000000000000000e+00
7.187500000000000e-01 4.687500000000000e-01 0.000000000000000e+00
7.187500000000000e-01 5.000000000000000e-01 0.000000000000000e+00
6.875000000000000e-01 5.000000000000000e-01 0.000000000000000e+00
7.187500000000000e-01 4.687500000000000e-01 0.000000000000000e+00
7.500000000000000e-01 4.687500000000000e-01 0.000000000000000e+00
7.500000000000000e-01 5.000000000000000e-01 0.000000000000000e+00
7.187500000000000e-01 5.000000000000000e-01 0.000000000000000e+00
7.500000000000000e-01 4.687500000000000e-01 0.000000000000000e+00
7.812500000000000e-01 4.687500000000000e-01 0.000000000000000e+00
7.812500000000000e-01 5.000000000000000e-01 0.000000000000000e+00
7.500000000000000e-01 5.000000000000000e-01 0.000000000000000e+00
7.812500000000000e-01 4.687500000000000e-01 0.000000000000000e+00
8.125000000000000e-01 4.687500000000000e-01 0.000000000000000e+00
8.125000000000000e-01 5.000000000000000e-01 0.000000000000000e+00
7.812500000000000e-01 5.000000000000000e-01 0.000000000000000e+00
8.125000000000000e-01 4.687500000000000e-01 0.000000000000000e+00
8.437500000000000e-01 4.687500000000000e-01 0.000000000000000e+00
8.437500000000000e-01 5.000000000000000e-01 0.000000000000000e+00
8.125000000000000e-01 5.000000000000000e-01 0.000000000000000e+00
8.437500000000000e-01 4.687500000000000e-01 0.000000000000000e+00
8.750000000000000e-01 4.687500000000000e-01 0.000000000000000e+00
8.750000000000000e-01 5.000000000000000e-01 0.000000000000000e+00
8.437500000000000e-01 5.000000000000000e-01 0.000000000000000e+00
8.750000000000000e-01 4.687500000000000e-01 0.000000000000000e+00
9.062500000000000e-01 4.687500000000000e-01 0.000000000000000e+00
9.062500000000000e-01 5.000000000000000e-01 0.000000000000000e+00
8.750000000000000e-01 5.000000000000000e-01 0.000000000000000e+00
9.062500000000000e-01 4.687500000000000e-01 0.000000000000000e+00
9.375000000000000e-01 4.687500000000000e-01 0.000000000000000e+00
9.375000000000000e-01 5.000000000000000e-01 0.000000000000000e+00
9.062500000000000e-01 5.000000000000000e-01 0.000000000000000e+00
9.375000000000000e-01 4.687500000000000e-01 0.000000000000000e+00
9.687500000000000e-01 4.687500000000000e-01 0.000000000000000e+00
9.687500000000000e-01 5.000000000000000e-01 0.000000000000000e+00
9.375000000000000e-01 5.000000000000000e-01 0.000000000000000e+00
9.687500000000000e-01 4.687500000000000e-01 0.000000000000000e+00
1.000000000000000e+00 4.687500000000000e-01 0.000000000000000e+00
1.000000000000000e+00 5.000000000000000e-01 0.000000000000000e+00
9.687500000000000e-01 5.000000000000000e-01 0.000000000000000e+00
0.000000000000000e+00 5.000000000000000e-01 0.000000000000000e+00
3.125000000000000e-02 5.000000000000000e-01 0.000000000000000e+00
3.125000000000000e-02 5.312500000000000e-01 0.000000000000000e+00
0.000000000000000e+00 5.312500000000000e-01 0.000000000000000e+00
3.125000000000000e-02 5.000000000000000e-01 0.000000000000000e+00
6.250000000000000e-02 5.000000000000000e-01 0.000000000000000e+00
6.250000000000000e-02 5.312500000000000e-01 0.000000000000000e+00
3.125000000000000e-02 5.312500000000000e-01 0.000000000000000e+00
6.250000000000000e-02 5.000000000000000e-01 0.000000000000000e+00
9.375000000000000e-02 5.000000000000000e-01 0.000000000000000e+00
9.375000000000000e-02 5.312500000000000e-01 0.000000000000000e+00
6.250000000000000e-02 5.312500000000000e-01 0.000000000000000e+00
9.375000000000000e-02 5.000000000000000e-01 0.000000000000000e+00
1.250000000000000e-01 5.000000000000000e-01 0.000000000000000e+00
1.250000000000000e-01 5.312500000000000e-01 0.000000000000000e+00
9.375000000000000e-02 5.312500000000000e-01 0.000000000000000e+00
1.250000000000000e-01 5.000000000000000e-01 0.000000000000000e+00
1.562500000000000e-01 5.000000000000000e-01 0.000000000000000e+00
1.562500000000000e-01 5.312500000000000e-01 0.000000000000000e+00
1.250000000000000e-01 5.312500000000000e-01 0.000000000000000e+00
1.562500000000000e-01 5.000000000000000e-01 0.000000000000000e+00
1.875000000000000e-01 5.000000000000000e-01 0.000000000000000e+00
1.875000000000000e-01 5.312500000000000e-01 0.000000000000000e+00
1.562500000000000e-01 5.312500000000000e-01 0.000000000000000e+00
1.875000000000000e-01 5.000000000000000e-01 0.000000000000000e+00
2.187500000000000e-01 5.000000000000000e-01 0.000000000000000e+00
2.187500000000000e-01 5.312500000000000e-01 0.000000000000000e+00
1.875000000000000e-01 5.312500000000000e-01 0.000000000000000e+00
2.187500000000000e-01 5.000000000000000e-01 0.000000000000000e+00
2.500000000000000e-01 5.000000000000000e-01 0.000000000000000e+00
2.500000000000000e-01 5.312500000000000e-01 0.000000000000000e+00
2.187500000000000e-01 5.312500000000000e-01 0.000000000000000e+00
2.500000000000000e-01 5.000000000000000e-01 0.000000000000000e+00
2.812500000000000e-01 5.000000000000000e-01 0.000000000000000e+00
2.812500000000000e-01 5.312500000000000e-01 0.000000000000000e+00
2.500000000000000e-01 5.312500000000000e-01 0.000000000000000e+00
2.812500000000000e-01 5.000000000000000e-01 0.000000000000000e+00
3.125000000000000e-01 5.000000000000000e-01 0.000000000000000e+00
3.125000000000000e-01 5.312500000000000e-01 0.000000000000000e+00
2.812500000000000e-01 5.312500000000000e-01 0.000000000000000e+00
3.125000000000000e-01 5.000000000000000e-01 0.000000000000000e+00
3.437500000000000e-01 5.000000000000000e-01 0.000000000000000e+00
3.437500000000000e-01 5.312500000000000e-01 0.000000000000000e+00
3.125000000000000e-01 5.312500000000000e-01 0.000000000000000e+00
3.437500000000000e-01 5.000000000000000e-01 0.000000000000000e+00
3.750000000000000e-01 5.000000000000000e-01 0.000000000000000e+00
3.750000000000000e-01 5.312500000000000e-01 0.000000000000000e+00
3.437500000000000e-01 5.312500000000000e-01 0.000000000000000e+00
3.750000000000000e-01 5.000000000000000e-01 0.000000000000000e+00
4.062500000000000e-01 5.000000000000000e-01 0.000000000000000e+00
4.062500000000000e-01 5.312500000000000e-01 0.000000000000000e+00
3.750000000000000e-01 5.312500000000000e-01 0.000000000000000e+00
4.062500000000000e-01 5.000000000000000e-01 0.000000000000000e+00
4.375000000000000e-01 5.000000000000000e-01 0.000000000000000e+00
4.375000000000000e-01 5.312500000000000e-01 0.000000000000000e+00
4.062500000000000e-01 5.312500000000000e-01 0.000000000000000e+00
4.375000000000000e-01 5.000000000000000e-01 0.000000000000000e+00
4.687500000000000e-01 5.000000000000000e-01 0.000000000000000e+00
4.687500000000000e-01 5.312500000000000e-01 0.000000000000000e+00
4.375000000000000e-01 5.312500000000000e-01 0.000000000000000e+00
4.687500000000000e-01 5.000000000000000e-01 0.000000000000000e+00
5.000000000000000e-01 5.000000000000000e-01 0.000000000000000e+00
5.000000000000000e-01 5.312500000000000e-01 0.000000000000000e+00
4.687500000000000e-01 5.312500000000000e-01 0.000000000000000e+00
5.000000000000000e-01 5.000000000000000e-01 0.000000000000000e+00
5.312500000000000e-01 5.000000000000000e-01 0.000000000000000e+00
5.312500000000000e-01 5.312500000000000e-01 0.000000000000000e+00
5.000000000000000e-01 5.312500000000000e-01 0.000000000000000e+00
5.312500000000000e-01 5.000000000000000e-01 0.000000000000000e+00
5.625000000000000e-01 5.000000000000000e-01 0.000000000000000e+00
5.625000000000000e-01 5.312500000000000e-01 0.000000000000000e+00
5.312500000000000e-01 5.312500000000000e-01 0.000000000000000e+00
5.625000000000000e-01 5.000000000000000e-01 0.000000000000000e+00
5.937500000000000e-01 5.000000000000000e-01 0.000000000000000e+00
5.937500000000000e-01 5.312500000000000e-01 0.000000000000000e+00
5.625000000000000e-01 5.312500000000000e-01 0.000000000000000e+00
5.937500000000000e-01 5.000000000000000e-01 0.000000000000000e+00
6.250000000000000e-01 5.000000000000000e-01 0.000000000000000e+00
6.250000000000000e-01 5.312500000000000e-01 0.000000000000000e+00
5.937500000000000e-01 5.312500000000000e-01 0.000000000000000e+00
6.250000000000000e-01 5.000000000000000e-01 0.000000000000000e+00
6.562500000000000e-01 5.000000000000000e-01 0.000000000000000e+00
6.562500000000000e-01 5.312500000000000e-01 0.000000000000000e+00
6.250000000000000e-01 5.312500000000000e-01 0.000000000000000e+00
6.562500000000000e-01 5.000000000000000e-01 0.000000000000000e+00
6.875000000000000e-01 5.000000000000000e-01 0.000000000000000e+00
6.875000000000000e-01 5.312500000000000e-01 0.000000000000000e+00
6.562500000000000e-01 5.312500000000000e-01 0.000000000000000e+00
6.875000000000000e-01 5.000000000000000e-01 0.000000000000000e+00
7.187500000000000e-01 5.000000000000000e-01 0.000000000000000e+00
7.187500000000000e-01 5.312500000000000e-01 0.000000000000000e+00
6.875000000000000e-01 5.312500000000000e-01 0.000000000000000e+00
7.187500000000000e-01 5.000000000000000e-01 0.000000000000000e+00
7.500000000000000e-01 5.000000000000000e-01 0.000000000000000e+00
7.500000000000000e-01 5.312500000000000e-01 0.000000000000000e+00
7.187500000000000e-01 5.312500000000000e-01 0.000000000000000e+00
7.500000000000000e-01 5.000000000000000e-01 0.000000000000000e+00
7.812500000000000e-01 5.000000000000000e-01 0.000000000000000e+00
7.812500000000000e-01 5.312500000000000e-01 0.000000000000000e+00
7.500000000000000e-01 5.312500000000000e-01 0.000000000000000e+00
7.812500000000000e-01 5.000000000000000e-01 0.000000000000000e+00
8.125000000000000e-01 5.000000000000000e-01 0.000000000000000e+00
8.125000000000000e-01 5.312500000000000e-01 0.000000000000000e+00
7.812500000000000e-01 5.312500000000000e-01 0.000000000000000e+00
8.125000000000000e-01 5.000000000000000e-01 0.000000000000000e+00
8.437500000000000e-01 5.000000000000000e-01 0.000000000000000e+00
8.437500000000000e-01 5.312500000000000e-01 0.000000000000000e+00
8.125000000000000e-01 5.312500000000000e-01 0.000000000000000e+00
8.437500000000000e-01 5.000000000000000e-01 0.000000000000000e+00
8.750000000000000e-01 5.000000000000000e-01 0.000000000000000e+00
8.750000000000000e-01 5.312500000000000e-01 0.000000000000000e+00
8.437500000000000e-01 5.312500000000000e-01 0.000000000000000e+00
8.750000000000000e-01 5.000000000000000e-01 0.000000000000000e+00
9.062500000000000e-01 5.000000000000000e-01 0.000000000000000e+00
9.062500000000000e-01 5.312500000000000e-01 0.000000000000000e+00
8.750000000000000e-01 5.312500000000000e-01 0.000000000000000e+00
9.062500000000000e-01 5.000000000000000e-01 0.000000000000000e+00
9.375000000000000e-01 5.000000000000000e-01 0.000000000000000e+00
9.375000000000000e-01 5.312500000000000e-01 0.000000000000000e+00
9.062500000000000e-01 5.312500000000000e-01 0.000000000000000e+00
9.375000000000000e-01 5.000000000000000e-01 0.000000000000000e+00
9.687500000000000e-01 5.000000000000000e-01 0.000000000000000e+00
9.687500000000000e-01 5.312500000000000e-01 0.000000000000000e+00
9.375000000000000e-01 5.312500000000000e-01 0.000000000000000e+00
9.687500000000000e-01 5.000000000000000e-01 0.000000000000000e+00
1.000000000000000e+00 5.000000000000000e-01 0.000000000000000e+00
1.000000000000000e+00 5.312500000000000e-01 0.000000000000000e+00
9.687500000000000e-01 5.312500000000000e-01 0.000000000000000e+00
0.000000000000000e+00 5.312500000000000e-01 0.000000000000000e+00
3.125000000000000e-02 5.312500000000000e-01 0.000000000000000e+00
3.125000000000000e-02 5.625000000000000e-01 0.000000000000000e+00
0.000000000000000e+00 5.625000000000000e-01 0.000000000000000e+00
3.125000000000000e-02 5.312500000000000e-01 0.000000000000000e+00
6.250000000000000e-02 5.312500000000000e-01 0.000000000000000e+00
6.250000000000000e-02 5.625000000000000e-01 0.000000000000000e+00
3.125000000000000e-02 5.625000000000000e-01 0.000000000000000e+00
6.250000000000000e-02 5.312500000000000e-01 0.000000000000000e+00
9.375000000000000e-02 5.312500000000000e-01 0.000000000000000e+00
9.375000000000000e-02 5.625000000000000e-01 0.000000000000000e+00
6.250000000000000e-02 5.625000000000000e-01 0.000000000000000e+00
9.375000000000000e-02 5.312500000000000e-01 0.000000000000000e+00
1.250000000000000e-01 5.312500000000000e-01 0.000000000000000e+00
1.250000000000000e-01 5.625000000000000e-01 0.000000000000000e+00
9.375000000000000e-02 5.625000000000000e-01 0.000000000000000e+00
1.250000000000000e-01 5.312500000000000e-01 0.000000000000000e+00
1.562500000000000e-01 5.312500000000000e-01 0.000000000000000e+00
1.562500000000000e-01 5.625000000000000e-01 0.000000000000000e+00
1.250000000000000e-01 5.625000000000000e-01 0.000000000000000e+00
1.562500000000000e-01 5.312500000000000e-01 0.000000000000000e+00
1.875000000000000e-01 5.312500000000000e-01 0.000000000000000e+00
1.875000000000000e-01 5.625000000000000e-01 0.000000000000000e+00
1.562500000000000e-01 5.625000000000000e-01 0.000000000000000e+00
1.875000000000000e-01 5.312500000000000e-01 0.000000000000000e+00
2.187500000000000e-01 5.312500000000000e-01 0.000000000000000e+00
2.187500000000000e-01 5.625000000000000e-01 0.000000000000000e+00
1.875000000000000e-01 5.625000000000000e-01 0.000000000000000e+00
2.187500000000000e-01 5.312500000000000e-01 0.000000000000000e+00
2.500000000000000e-01 5.312500000000000e-01 0.000000000000000e+00
2.500000000000000e-01 5.625000000000000e-01 0.000000000000000e+00
2.187500000000000e-01 5.625000000000000e-01 0.000000000000000e+00
2.500000000000000e-01 5.312500000000000e-01 0.000000000000000e+00
2.812500000000000e-01 5.312500000000000e-01 0.000000000000000e+00
2.812500000000000e-01 5.625000000000000e-01 0.000000000000000e+00
2.500000000000000e-01 5.625000000000000e-01 0.000000000000000e+00
2.812500000000000e-01 5.312500000000000e-01 0.000000000000000e+00
3.125000000000000e-01 5.312500000000000e-01 0.000000000000000e+00
3.125000000000000e-01 5.625000000000000e-01 0.000000000000000e+00
2.812500000000000e-01 5.625000000000000e-01 0.000000000000000e+00
3.125000000000000e-01 5.312500000000000e-01 0.000000000000000e+00
3.437500000000000e-01 5.312500000000000e-01 0.000000000000000e+00
3.437500000000000e-01 5.625000000000000e-01 0.000000000000000e+00
3.125000000000000e-01 5.625000000000000e-01 0.000000000000000e+00
3.437500000000000e-01 5.312500000000000e-01 0.000000000000000e+00
3.750000000000000e-01 5.312500000000000e-01 0.000000000000000e+00
3.750000000000000e-01 5.625000000000000e-01 0.000000000000000e+00
3.437500000000000e-01 5.625000000000000e-01 0.000000000000000e+00
3.750000000000000e-01 5.312500000000000e-01 0.000000000000000e+00
4.062500000000000e-01 5.312500000000000e-01 0.000000000000000e+00
4.062500000000000e-01 5.625000000000000e-01 0.000000000000000e+00
3.750000000000000e-01 5.625000000000000e-01 0.000000000000000e+00
4.062500000000000e-01 5.312500000000000e-01 0.000000000000000e+00
4.375000000000000e-01 5.312500000000000e-01 0.000000000000000e+00
4.375000000000000e-01 5.625000000000000e-01 0.000000000000000e+00
4.062500000000000e-01 5.625000000000000e-01 0.000000000000000e+00
4.375000000000000e-01 5.312500000000000e-01 0.000000000000000e+00
4.687500000000000e-01 5.312500000000000e-01 0.000000000000000e+00
4.687500000000000e-01 5.625000000000000e-01 0.000000000000000e+00
4.375000000000000e-01 5.625000000000000e-01 0.000000000000000e+00
4.687500000000000e-01 5.312500000000000e-01 0.000000000000000e+00
5.000000000000000e-01 5.312500000000000e-01 0.000000000000000e+00
5.000000000000000e-01 5.625000000000000e-01 0.000000000000000e+00
4.687500000000000e-01 5.625000000000000e-01 0.000000000000000e+00
5.000000000000000e-01 5.312500000000000e-01 0.000000000000000e+00
5.312500000000000e-01 5.312500000000000e-01 0.000000000000000e+00
5.312500000000000e-01 5.625000000000000e-01 0.000000000000000e+00
5.000000000000000e-01 5.625000000000000e-01 0.000000000000000e+00
5.312500000000000e-01 5.312500000000000e-01 0.000000000000000e+00
5.625000000000000e-01 5.312500000000000e-01 0.000000000000000e+00
5.625000000000000e-01 5.625000000000000e-01 0.000000000000000e+00
5.312500000000000e-01 5.625000000000000e-01 0.000000000000000e+00
5.625000000000000e-01 5.312500000000000e-01 0.000000000000000e+00
5.937500000000000e-01 5.312500000000000e-01 0.000000000000000e+00
5.937500000000000e-01 5.625000000000000e-01 0.000000000000000e+00
5.625000000000000e-01 5.625000000000000e-01 0.000000000000000e+00
5.937500000000000e-01 5.312500000000000e-01 0.000000000000000e+00
6.250000000000000e-01 5.312500000000000e-01 0.000000000000000e+00
6.250000000000000e-01 5.625000000000000e-01 0.000000000000000e+00
5.937500000000000e-01 5.625000000000000e-01 0.000000000000000e+00
6.250000000000000e-01 5.312500000000000e-01 0.000000000000000e+00
6.562500000000000e-01 5.312500000000000e-01 0.000000000000000e+00
6.562500000000000e-01 5.625000000000000e-01 0.000000000000000e+00
6.250000000000000e-01 5.625000000000000e-01 0.000000000000000e+00
6.562500000000000e-01 5.312500000000000e-01 0.000000000000000e+00
6.875000000000000e-01 5.312500000000000e-01 0.000000000000000e+00
6.875000000000000e-01 5.625000000000000e-01 0.000000000000000e+00
6.562500000000000e-01 5.625000000000000e-01 0.000000000000000e+00
6.875000000000000e-01 5.312500000000000e-01 0.000000000000000e+00
7.187500000000000e-01 5.312500000000000e-01 0.000000000000000e+00
7.187500000000000e-01 5.625000000000000e-01 0.000000000000000e+00
6.875000000000000e-01 5.625000000000000e-01 0.000000000000000e+00
7.187500000000000e-01 5.312500000000000e-01 0.000000000000000e+00
7.500000000000000e-01 5.312500000000000e-01 0.000000000000000e+00
7.500000000000000e-01 5.625000000000000e-01 0.000000000000000e+00
7.187500000000000e-01 5.625000000000000e-01 0.000000000000000e+00
7.500000000000000e-01 5.312500000000000e-01 0.000000000000000e+00
7.812500000000000e-01 5.312500000000000e-01 0.000000000000000e+00
7.812500000000000e-01 5.625000000000000e-01 0.000000000000000e+00
7.500000000000000e-01 5.625000000000000e-01 0.000000000000000e+00
7.812500000000000e-01 5.312500000000000e-01 0.000000000000000e+00
8.125000000000000e-01 5.312500000000000e-01 0.000000000000000e+00
8.125000000000000e-01 5.625000000000000e-01 0.000000000000000e+00
7.812500000000000e-01 5.625000000000000e-01 0.000000000000000e+00
8.125000000000000e-01 5.312500000000000e-01 0.000000000000000e+00
8.437500000000000e-01 5.312500000000000e-01 0.000000000000000e+00
8.437500000000000e-01 5.625000000000000e-01 0.000000000000000e+00
8.125000000000000e-01 5.625000000000000e-01 0.000000000000000e+00
8.437500000000000e-01 5.312500000000000e-01 0.000000000000000e+00
8.750000000000000e-01 5.312500000000000e-01 0.000000000000000e+00
8.750000000000000e-01 5.625000000000000e-01 0.000000000000000e+00
8.437500000000000e-01 5.625000000000000e-01 0.000000000000000e+00
8.750000000000000e-01 5.312500000000000e-01 0.000000000000000e+00
9.062500000000000e-01 5.312500000000000e-01 0.000000000000000e+00
9.062500000000000e-01 5.625000000000000e-01 0.000000000000000e+00
8.750000000000000e-01 5.625000000000000e-01 0.000000000000000e+00
9.062500000000000e-01 5.312500000000000e-01 0.000000000000000e+00
9.375000000000000e-01 5.312500000000000e-01 0.000000000000000e+00
9.375000000000000e-01 5.625000000000000e-01 0.000000000000000e+00
9.062500000000000e-01 5.625000000000000e-01 0.000000000000000e+00
9.375000000000000e-01 5.312500000000000e-01 0.000000000000000e+00
9.687500000000000e-01 5.312500000000000e-01 0.000000000000000e+00
9.687500000000000e-01 5.625000000000000e-01 0.000000000000000e+00
9.375000000000000e-01 5.625000000000000e-01 0.000000000000000e+00
9.687500000000000e-01 5.312500000000000e-01 0.000000000000000e+00
1.000000000000000e+00 5.312500000000000e-01 0.000000000000000e+00
1.000000000000000e+00 5.625000000000000e-01 0.000000000000000e+00
9.687500000000000e-01 5.625000000000000e-01 0.000000000000000e+00
0.000000000000000e+00 5.625000000000000e-01 0.000000000000000e+00
3.125000000000000e-02 5.625000000000000e-01 0.000000000000000e+00
3.125000000000000e-02 5.937500000000000e-01 0.000000000000000e+00
0.000000000000000e+00 5.937500000000000e-01 0.000000000000000e+00
3.125000000000000e-02 5.625000000000000e-01 0.000000000000000e+00
6.250000000000000e-02 5.625000000000000e-01 0.000000000000000e+00
6.250000000000000e-02 5.937500000000000e-01 0.000000000000000e+00
3.125000000000000e-02 5.937500000000000e-01 0.000000000000000e+00
6.250000000000000e-02 5.625000000000000e-01 0.000000000000000e+00
9.375000000000000e-02 5.625000000000000e-01 0.000000000000000e+00
9.375000000000000e-02 5.937500000000000e-01 0.000000000000000e+00
6.250000000000000e-02 5.937500000000000e-01 0.000000000000000e+00
9.375000000000000e-02 5.625000000000000e-01 0.000000000000000e+00
1.250000000000000e-01 5.625000000000000e-01 0.000000000000000e+00
1.250000000000000e-01 5.937500000000000e-01 0.000000000000000e+00
9.375000000000000e-02 5.937500000000000e-01 0.000000000000000e+00
1.250000000000000e-01 5.625000000000000e-01 0.000000000000000e+00
1.562500000000000e-01 5.625000000000000e-01 0.000000000000000e+00
1.562500000000000e-01 5.937500000000000e-01 0.000000000000000e+00
1.250000000000000e-01 5.937500000000000e-01 0.000000000000000e+00
1.562500000000000e-01 5.625000000000000e-01 0.000000000000000e+00
1.875000000000000e-01 5.625000000000000e-01 0.000000000000000e+00
1.875000000000000e-01 5.937500000000000e-01 0.000000000000000e+00
1.562500000000000e-01 5.937500000000000e-01 0.000000000000000e+00
1.875000000000000e-01 5.625000000000000e-01 0.000000000000000e+00
2.187500000000000e-01 5.625000000000000e-01 0.000000000000000e+00
2.187500000000000e-01 5.937500000000000e-01 0.000000000000000e+00
1.875000000000000e-01 5.937500000000000e-01 0.000000000000000e+00
2.187500000000000e-01 5.625000000000000e-01 0.000000000000000e+00
2.500000000000000e-01 5.625000000000000e-01 0.000000000000000e+00
2.500000000000000e-01 5.937500000000000e-01 0.000000000000000e+00
2.187500000000000e-01 5.937500000000000e-01 0.000000000000000e+00
2.500000000000000e-01 5.625000000000000e-01 0.000000000000000e+00
2.812500000000000e-01 5.625000000000000e-01 0.000000000000000e+00
2.812500000000000e-01 5.937500000000000e-01 0.000000000000000e+00
2.500000000000000e-01 5.937500000000000e-01 0.000000000000000e+00
2.812500000000000e-01 5.625000000000000e-01 0.000000000000000e+00
3.125000000000000e-01 5.625000000000000e-01 0.000000000000000e+00
3.125000000000000e-01 5.937500000000000e-01 0.000000000000000e+00
2.812500000000000e-01 5.937500000000000e-01 0.000000000000000e+00
3.125000000000000e-01 5.625000000000000e-01 0.000000000000000e+00
3.437500000000000e-01 5.625000000000000e-01 0.000000000000000e+00
3.437500000000000e-01 5.937500000000000e-01 0.000000000000000e+00
3.125000000000000e-01 5.937500000000000e-01 0.000000000000000e+00
3.437500000000000e-01 5.625000000000000e-01 0.000000000000000e+00
3.750000000000000e-01 5.625000000000000e-01 0.000000000000000e+00
3.750000000000000e-01 5.937500000000000e-01 0.000000000000000e+00
3.437500000000000e-01 5.937500000000000e-01 0.000000000000000e+00
3.750000000000000e-01 5.625000000000000e-01 0.000000000000000e+00
4.062500000000000e-01 5.625000000000000e-01 0.000000000000000e+00
4.062500000000000e-01 5.937500000000000e-01 0.000000000000000e+00
3.750000000000000e-01 5.937500000000000e-01 0.000000000000000e+00
4.062500000000000e-01 5.625000000000000e-01 0.000000000000000e+00
4.375000000000000e-01 5.625000000000000e-01 0.000000000000000e+00
4.375000000000000e-01 5.937500000000000e-01 0.000000000000000e+00
4.062500000000000e-01 5.937500000000000e-01 0.000000000000000e+00
4.375000000000000e-01 5.625000000000000e-01 0.000000000000000e+00
4.687500000000000e-01 5.625000000000000e-01 0.000000000000000e+00
4.687500000000000e-01 5.937500000000000e-01 0.000000000000000e+00
4.375000000000000e-01 5.937500000000000e-01 0.000000000000000e+00
4.687500000000000e-01 5.625000000000000e-01 0.000000000000000e+00
5.000000000000000e-01 5.625000000000000e-01 0.000000000000000e+00
5.000000000000000e-01 5.937500000000000e-01 0.000000000000000e+00
4.687500000000000e-01 5.937500000000000e-01 0.000000000000000e+00
5.000000000000000e-01 5.625000000000000e-01 0.000000000000000e+00
5.312500000000000e-01 5.625000000000000e-01 0.000000000000000e+00
5.312500000000000e-01 5.937500000000000e-01 0.000000000000000e+00
5.000000000000000e-01 5.937500000000000e-01 0.000000000000000e+00
5.312500000000000e-01 5.625000000000000e-01 0.000000000000000e+00
5.625000000000000e-01 5.625000000000000e-01 0.000000000000000e+00
5.625000000000000e-01 5.937500000000000e-01 0.000000000000000e+00
5.312500000000000e-01 5.937500000000000e-01 0.000000000000000e+00
5.625000000000000e-01 5.625000000000000e-01 0.000000000000000e+00
5.937500000000000e-01 5.625000000000000e-01 0.000000000000000e+00
5.937500000000000e-01 5.937500000000000e-01 0.000000000000000e+00
5.625000000000000e-01 5.937500000000000e-01 0.000000000000000e+00
5.937500000000000e-01 5.625000000000000e-01 0.000000000000000e+00
6.250000000000000e-01 5.625000000000000e-01 0.000000000000000e+00
6.250000000000000e-01 5.937500000000000e-01 0.000000000000000e+00
5.937500000000000e-01 5.937500000000000e-01 0.000000000000000e+00
6.250000000000000e-01 5.625000000000000e-01 0.000000000000000e+00
6.562500000000000e-01 5.625000000000000e-01 0.000000000000000e+00
6.562500000000000e-01 5.937500000000000e-01 0.000000000000000e+00
6.250000000000000e-01 5.937500000000000e-01 0.000000000000000e+00
6.562500000000000e-01 5.625000000000000e-01 0.000000000000000e+00
6.875000000000000e-01 5.625000000000000e-01 0.000000000000000e+00
6.875000000000000e-01 5.937500000000000e-01 0.000000000000000e+00
6.562500000000000e-01 5.937500000000000e-01 0.000000000000000e+00
6.875000000000000e-01 5.625000000000000e-01 0.000000000000000e+00
7.187500000000000e-01 5.625000000000000e-01 0.000000000000000e+00
7.187500000000000e-01 5.937500000000000e-01 0.000000000000000e+00
6.875000000000000e-01 5.937500000000000e-01 0.000000000000000e+00
7.187500000000000e-01 5.625000000000000e-01 0.000000000000000e+00
7.500000000000000e-01 5.625000000000000e-01 0.000000000000000e+00
7.500000000000000e-01 5.937500000000000e-01 0.000000000000000e+00
7.187500000000000e-01 5.937500000000000e-01 0.000000000000000e+00
7.500000000000000e-01 5.625000000000000e-01 0.000000000000000e+00
7.812500000000000e-01 5.625000000000000e-01 0.000000000000000e+00
7.812500000000000e-01 5.937500000000000e-01 0.000000000000000e+00
7.500000000000000e-01 5.937500000000000e-01 0.000000000000000e+00
7.812500000000000e-01 5.625000000000000e-01 0.000000000000000e+00
8.125000000000000e-01 5.625000000000000e-01 0.000000000000000e+00
8.125000000000000e-01 5.937500000000000e-01 0.000000000000000e+00
7.812500000000000e-01 5.937500000000000e-01 0.000000000000000e+00
8.125000000000000e-01 5.625000000000000e-01 0.000000000000000e+00
8.437500000000000e-01 5.625000000000000e-01 0.000000000000000e+00
8.437500000000000e-01 5.937500000000000e-01 0.000000000000000e+00
8.125000000000000e-01 5.937500000000000e-01 0.000000000000000e+00
8.437500000000000e-01 5.625000000000000e-01 0.000000000000000e+00
8.750000000000000e-01 5.625000000000000e-01 0.000000000000000e+00
8.750000000000000e-01 5.937500000000000e-01 0.000000000000000e+00
8.437500000000000e-01 5.937500000000000e-01 0.000000000000000e+00
8.750000000000000e-01 5.625000000000000e-01 0.000000000000000e+00
9.062500000000000e-01 5.625000000000000e-01 0.000000000000000e+00
9.062500000000000e-01 5.937500000000000e-01 0.000000000000000e+00
8.750000000000000e-01 5.937500000000000e-01 0.000000000000000e+00
9.062500000000000e-01 5.625000000000000e-01 0.000000000000000e+00
9.375000000000000e-01 5.625000000000000e-01 0.000000000000000e+00
9.375000000000000e-01 5.937500000000000e-01 0.000000000000000e+00
9.062500000000000e-01 5.937500000000000e-01 0.000000000000000e+00
9.375000000000000e-01 5.625000000000000e-01 0.000000000000000e+00
9.687500000000000e-01 5.625000000000000e-01 0.000000000000000e+00
9.687500000000000e-01 5.937500000000000e-01 0.000000000000000e+00
9.375000000000000e-01 5.937500000000000e-01 0.000000000000000e+00
9.687500000000000e-01 5.625000000000000e-01 0.000000000000000e+00
1.000000000000000e+00 5.625000000000000e-01 0.000000000000000e+00
1.000000000000000e+00 5.937500000000000e-01 0.000000000000000e+00
9.687500000000000e-01 5.937500000000000e-01 0.000000000000000e+00
0.000000000000000e+00 5.937500000000000e-01 0.000000000000000e+00
3.125000000000000e-02 5.937500000000000e-01 0.000000000000000e+00
3.125000000000000e-02 6.250000000000000e-01 0.000000000000000e+00
0.000000000000000e+00 6.250000000000000e-01 0.000000000000000e+00
3.125000000000000e-02 5.937500000000000e-01 0.000000000000000e+00
6.250000000000000e-02 5.937500000000000e-01 0.000000000000000e+00
6.250000000000000e-02 6.250000000000000e-01 0.000000000000000e+00
3.125000000000000e-02 6.250000000000000e-01 0.000000000000000e+00
6.250000000000000e-02 5.937500000000000e-01 0.000000000000000e+00
9.375000000000000e-02 5.937500000000000e-01 0.000000000000000e+00
9.375000000000000e-02 6.250000000000000e-01 0.000000000000000e+00
6.250000000000000e-02 6.250000000000000e-01 0.000000000000000e+00
9.375000000000000e-02 5.937500000000000e-01 0.000000000000000e+00
1.250000000000000e-01 5.937500000000000e-01 0.000000000000000e+00
1.250000000000000e-01 6.250000000000000e-01 0.000000000000000e+00
9.375000000000000e-02 6.250000000000000e-01 0.000000000000000e+00
1.250000000000000e-01 5.937500000000000e-01 0.000000000000000e+00
1.562500000000000e-01 5.937500000000000e-01 0.000000000000000e+00
1.562500000000000e-01 6.250000000000000e-01 0.000000000000000e+00
1.250000000000000e-01 6.250000000000000e-01 0.000000000000000e+00
1.562500000000000e-01 5.937500000000000e-01 0.000000000000000e+00
1.875000000000000e-01 5.937500000000000e-01 0.000000000000000e+00
1.875000000000000e-01 6.250000000000000e-01 0.000000000000000e+00
1.562500000000000e-01 6.250000000000000e-01 0.000000000000000e+00
1.875000000000000e-01 5.937500000000000e-01 0.000000000000000e+00
2.187500000000000e-01 5.937500000000000e-01 0.000000000000000e+00
2.187500000000000e-01 6.250000000000000e-01 0.000000000000000e+00
1.875000000000000e-01 6.250000000000000e-01 0.000000000000000e+00
2.187500000000000e-01 5.937500000000000e-01 0.000000000000000e+00
2.500000000000000e-01 5.937500000000000e-01 0.000000000000000e+00
2.500000000000000e-01 6.250000000000000e-01 0.000000000000000e+00
2.187500000000000e-01 6.250000000000000e-01 0.000000000000000e+00
2.500000000000000e-01 5.937500000000000e-01 0.000000000000000e+00
2.812500000000000e-01 5.937500000000000e-01 0.000000000000000e+00
2.812500000000000e-01 6.250000000000000e-01 0.000000000000000e+00
2.500000000000000e-01 6.250000000000000e-01 0.000000000000000e+00
2.812500000000000e-01 5.937500000000000e-01 0.000000000000000e+00
3.125000000000000e-01 5.937500000000000e-01 0.000000000000000e+00
3.125000000000000e-01 6.250000000000000e-01 0.000000000000000e+00
2.812500000000000e-01 6.250000000000000e-01 0.000000000000000e+00
3.125000000000000e-01 5.937500000000000e-01 0.000000000000000e+00
3.437500000000000e-01 5.937500000000000e-01 0.000000000000000e+00
3.437500000000000e-01 6.250000000000000e-01 0.000000000000000e+00
3.125000000000000e-01 6.250000000000000e-01 0.000000000000000e+00
3.437500000000000e-01 5.937500000000000e-01 0.000000000000000e+00
3.750000000000000e-01 5.937500000000000e-01 0.000000000000000e+00
3.750000000000000e-01 6.250000000000000e-01 0.000000000000000e+00
3.437500000000000e-01 6.250000000000000e-01 0.000000000000000e+00
3.750000000000000e-01 5.937500000000000e-01 0.000000000000000e+00
4.062500000000000e-01 5.937500000000000e-01 0.000000000000000e+00
4.062500000000000e-01 6.250000000000000e-01 0.000000000000000e+00
3.750000000000000e-01 6.250000000000000e-01 0.000000000000000e+00
4.062500000000000e-01 5.937500000000000e-01 0.000000000000000e+00
4.375000000000000e-01 5.937500000000000e-01 0.000000000000000e+00
4.375000000000000e-01 6.250000000000000e-01 0.000000000000000e+00
4.062500000000000e-01 6.250000000000000e-01 0.000000000000000e+00
4.375000000000000e-01 5.937500000000000e-01 0.000000000000000e+00
4.687500000000000e-01 5.937500000000000e-01 0.000000000000000e+00
4.687500000000000e-01 6.250000000000000e-01 0.000000000000000e+00
4.375000000000000e-01 6.250000000000000e-01 0.000000000000000e+00
4.687500000000000e-01 5.937500000000000e-01 0.000000000000000e+00
5.000000000000000e-01 5.937500000000000e-01 0.000000000000000e+00
5.000000000000000e-01 6.250000000000000e-01 0.000000000000000e+00
4.687500000000000e-01 6.250000000000000e-01 0.000000000000000e+00
5.000000000000000e-01 5.937500000000000e-01 0.000000000000000e+00
5.312500000000000e-01 5.937500000000000e-01 0.000000000000000e+00
5.312500000000000e-01 6.250000000000000e-01 0.000000000000000e+00
5.000000000000000e-01 6.250000000000000e-01 0.000000000000000e+00
5.312500000000000e-01 5.937500000000000e-01 0.000000000000000e+00
5.625000000000000e-01 5.937500000000000e-01 0.000000000000000e+00
5.625000000000000e-01 6.250000000000000e-01 0.000000000000000e+00
5.312500000000000e-01 6.250000000000000e-01 0.000000000000000e+00
5.625000000000000e-01 5.937500000000000e-01 0.000000000000000e+00
5.937500000000000e-01 5.937500000000000e-01 0.000000000000000e+00
5.937500000000000e-01 6.250000000000000e-01 0.000000000000000e+00
5.625000000000000e-01 6.250000000000000e-01 0.000000000000000e+00
5.937500000000000e-01 5.937500000000000e-01 0.000000000000000e+00
6.250000000000000e-01 5.937500000000000e-01 0.000000000000000e+00
6.250000000000000e-01 6.250000000000000e-01 0.000000000000000e+00
5.937500000000000e-01 6.250000000000000e-01 0.000000000000000e+00
6.250000000000000e-01 5.937500000000000e-01 0.000000000000000e+00
6.562500000000000e-01 5.937500000000000e-01 0.000000000000000e+00
6.562500000000000e-01 6.250000000000000e-01 0.000000000000000e+00
6.250000000000000e-01 6.250000000000000e-01 0.000000000000000e+00
6.562500000000000e-01 5.937500000000000e-01 0.000000000000000e+00
6.875000000000000e-01 5.937500000000000e-01 0.000000000000000e+00
6.875000000000000e-01 6.250000000000000e-01 0.000000000000000e+00
6.562500000000000e-01 6.250000000000000e-01 0.000000000000000e+00
6.875000000000000e-01 5.937500000000000e-01 0.000000000000000e+00
7.187500000000000e-01 5.937500000000000e-01 0.000000000000000e+00
7.187500000000000e-01 6.250000000000000e-01 0.000000000000000e+00
6.875000000000000e-01 6.250000000000000e-01 0.000000000000000e+00
7.187500000000000e-01 5.937500000000000e-01 0.000000000000000e+00
7.500000000000000e-01 5.937500000000000e-01 0.000000000000000e+00
7.500000000000000e-01 6.250000000000000e-01 0.000000000000000e+00
7.187500000000000e-01 6.250000000000000e-01 0.000000000000000e+00
7.500000000000000e-01 5.937500000000000e-01 0.000000000000000e+00
7.812500000000000e-01 5.937500000000000e-01 0.000000000000000e+00
7.812500000000000e-01 6.250000000000000e-01 0.000000000000000e+00
7.500000000000000e-01 6.250000000000000e-01 0.000000000000000e+00
7.812500000000000e-01 5.937500000000000e-01 0.000000000000000e+00
8.125000000000000e-01 5.937500000000000e-01 0.000000000000000e+00
8.125000000000000e-01 6.250000000000000e-01 0.000000000000000e+00
7.812500000000000e-01 6.250000000000000e-01 0.000000000000000e+00
8.125000000000000e-01 5.937500000000000e-01 0.000000000000000e+00
8.437500000000000e-01 5.937500000000000e-01 0.000000000000000e+00
8.437500000000000e-01 6.250000000000000e-01 0.000000000000000e+00
8.125000000000000e-01 6.250000000000000e-01 0.000000000000000e+00
8.437500000000000e-01 5.937500000000000e-01 0.000000000000000e+00
8.750000000000000e-01 5.937500000000000e-01 0.000000000000000e+00
8.750000000000000e-01 6.250000000000000e-01 0.000000000000000e+00
8.437500000000000e-01 6.250000000000000e-01 0.000000000000000e+00
8.750000000000000e-01 5.937500000000000e-01 0.000000000000000e+00
9.062500000000000e-01 5.937500000000000e-01 0.000000000000000e+00
9.062500000000000e-01 6.250000000000000e-01 0.000000000000000e+00
8.750000000000000e-01 6.250000000000000e-01 0.000000000000000e+00
9.062500000000000e-01 5.937500000000000e-01 0.000000000000000e+00
9.375000000000000e-01 5.937500000000000e-01 0.000000000000000e+00
9.375000000000000e-01 6.250000000000000e-01 0.000000000000000e+00
9.062500000000000e-01 6.250000000000000e-01 0.000000000000000e+00
9.375000000000000e-01 5.937500000000000e-01 0.000000000000000e+00
9.687500000000000e-01 5.937500000000000e-01 0.000000000000000e+00
9.687500000000000e-01 6.250000000000000e-01 0.000000000000000e+00
9.375000000000000e-01 6.250000000000000e-01 0.000000000000000e+00
9.687500000000000e-01 5.937500000000000e-01 0.000000000000000e+00
1.000000000000000e+00 5.937500000000000e-01 0.000000000000000e+00
1.000000000000000e+00 6.250000000000000e-01 0.000000000000000e+00
9.687500000000000e-01 6.250000000000000e-01 0.000000000000000e+00
0.000000000000000e+00 6.250000000000000e-01 0.000000000000000e+00
3.125000000000000e-02 6.250000000000000e-01 0.000000000000000e+00
3.125000000000000e-02 6.562500000000000e-01 0.000000000000000e+00
0.000000000000000e+00 6.562500000000000e-01 0.000000000000000e+00
3.125000000000000e-02 6.250000000000000e-01 0.000000000000000e+00
6.250000000000000e-02 6.250000000000000e-01 0.000000000000000e+00
6.250000000000000e-02 6.562500000000000e-01 0.000000000000000e+00
3.125000000000000e-02 6.562500000000000e-01 0.000000000000000e+00
6.250000000000000e-02 6.250000000000000e-01 0.000000000000000e+00
9.375000000000000e-02 6.250000000000000e-01 0.000000000000000e+00
9.375000000000000e-02 6.562500000000000e-01 0.000000000000000e+00
6.250000000000000e-02 6.562500000000000e-01 0.000000000000000e+00
9.375000000000000e-02 6.250000000000000e-01 0.000000000000000e+00
1.250000000000000e-01 6.250000000000000e-01 0.000000000000000e+00
1.250000000000000e-01 6.562500000000000e-01 0.000000000000000e+00
9.375000000000000e-02 6.562500000000000e-01 0.000000000000000e+00
1.250000000000000e-01 6.250000000000000e-01 0.000000000000000e+00
1.562500000000000e-01 6.250000000000000e-01 0.000000000000000e+00
1.562500000000000e-01 6.562500000000000e-01 0.000000000000000e+00
1.250000000000000e-01 6.562500000000000e-01 0.000000000000000e+00
1.562500000000000e-01 6.250000000000000e-01 0.000000000000000e+00
1.875000000000000e-01 6.250000000000000e-01 0.000000000000000e+00
1.875000000000000e-01 6.562500000000000e-01 0.000000000000000e+00
1.562500000000000e-01 6.562500000000000e-01 0.000000000000000e+00
1.875000000000000e-01 6.250000000000000e-01 0.000000000000000e+00
2.187500000000000e-01 6.250000000000000e-01 0.000000000000000e+00
2.187500000000000e-01 6.562500000000000e-01 0.000000000000000e+00
1.875000000000000e-01 6.562500000000000e-01 0.000000000000000e+00
2.187500000000000e-01 6.250000000000000e-01 0.000000000000000e+00
2.500000000000000e-01 6.250000000000000e-01 0.000000000000000e+00
2.500000000000000e-01 6.562500000000000e-01 0.000000000000000e+00
2.187500000000000e-01 6.562500000000000e-01 0.000000000000000e+00
2.500000000000000e-01 6.250000000000000e-01 0.000000000000000e+00
2.812500000000000e-01 6.250000000000000e-01 0.000000000000000e+00
2.812500000000000e-01 6.562500000000000e-01 0.000000000000000e+00
2.500000000000000e-01 6.562500000000000e-01 0.000000000000000e+00
2.812500000000000e-01 6.250000000000000e-01 0.000000000000000e+00
3.125000000000000e-01 6.250000000000000e-01 0.000000000000000e+00
3.125000000000000e-01 6.562500000000000e-01 0.000000000000000e+00
2.812500000000000e-01 6.562500000000000e-01 0.000000000000000e+00
3.125000000000000e-01 6.250000000000000e-01 0.000000000000000e+00
3.437500000000000e-01 6.250000000000000e-01 0.000000000000000e+00
3.437500000000000e-01 6.562500000000000e-01 0.000000000000000e+00
3.125000000000000e-01 6.562500000000000e-01 0.000000000000000e+00
3.437500000000000e-01 6.250000000000000e-01 0.000000000000000e+00
3.750000000000000e-01 6.250000000000000e-01 0.000000000000000e+00
3.750000000000000e-01 6.562500000000000e-01 0.000000000000000e+00
3.437500000000000e-01 6.562500000000000e-01 0.000000000000000e+00
3.750000000000000e-01 6.250000000000000e-01 0.000000000000000e+00
4.062500000000000e-01 6.250000000000000e-01 0.000000000000000e+00
4.062500000000000e-01 6.562500000000000e-01 0.000000000000000e+00
3.750000000000000e-01 6.562500000000000e-01 0.000000000000000e+00
4.062500000000000e-01 6.250000000000000e-01 0.000000000000000e+00
4.375000000000000e-01 6.250000000000000e-01 0.000000000000000e+00
4.375000000000000e-01 6.562500000000000e-01 0.000000000000000e+00
4.062500000000000e-01 6.562500000000000e-01 0.000000000000000e+00
4.375000000000000e-01 6.250000000000000e-01 0.000000000000000e+00
4.687500000000000e-01 6.250000000000000e-01 0.000000000000000e+00
4.687500000000000e-01 6.562500000000000e-01 0.000000000000000e+00
4.375000000000000e-01 6.562500000000000e-01 0.000000000000000e+00
4.687500000000000e-01 6.250000000000000e-01 0.000000000000000e+00
5.000000000000000e-01 6.250000000000000e-01 0.000000000000000e+00
5.000000000000000e-01 6.562500000000000e-01 0.000000000000000e+00
4.687500000000000e-01 6.562500000000000e-01 0.000000000000000e+00
5.000000000000000e-01 6.250000000000000e-01 0.000000000000000e+00
5.312500000000000e-01 6.250000000000000e-01 0.000000000000000e+00
5.312500000000000e-01 6.562500000000000e-01 0.000000000000000e+00
5.000000000000000e-01 6.562500000000000e-01 0.000000000000000e+00
5.312500000000000e-01 6.250000000000000e-01 0.000000000000000e+00
5.625000000000000e-01 6.250000000000000e-01 0.000000000000000e+00
5.625000000000000e-01 6.562500000000000e-01 0.000000000000000e+00
5.312500000000000e-01 6.562500000000000e-01 0.000000000000000e+00
5.625000000000000e-01 6.250000000000000e-01 0.000000000000000e+00
5.937500000000000e-01 6.250000000000000e-01 0.000000000000000e+00
5.937500000000000e-01 6.562500000000000e-01 0.000000000000000e+00
5.625000000000000e-01 6.562500000000000e-01 0.000000000000000e+00
5.937500000000000e-01 6.250000000000000e-01 0.000000000000000e+00
6.250000000000000e-01 6.250000000000000e-01 0.000000000000000e+00
6.250000000000000e-01 6.562500000000000e-01 0.000000000000000e+00
5.937500000000000e-01 6.562500000000000e-01 0.000000000000000e+00
6.250000000000000e-01 6.250000000000000e-01 0.000000000000000e+00
6.562500000000000e-01 6.250000000000000e-01 0.000000000000000e+00
6.562500000000000e-01 6.562500000000000e-01 0.000000000000000e+00
6.250000000000000e-01 6.562500000000000e-01 0.000000000000000e+00
6.562500000000000e-01 6.250000000000000e-01 0.000000000000000e+00
6.875000000000000e-01 6.250000000000000e-01 0.000000000000000e+00
6.875000000000000e-01 6.562500000000000e-01 0.000000000000000e+00
6.562500000000000e-01 6.562500000000000e-01 0.000000000000000e+00
6.875000000000000e-01 6.250000000000000e-01 0.000000000000000e+00
7.187500000000000e-01 6.250000000000000e-01 0.000000000000000e+00
7.187500000000000e-01 6.562500000000000e-01 0.000000000000000e+00
6.875000000000000e-01 6.562500000000000e-01 0.000000000000000e+00
7.187500000000000e-01 6.250000000000000e-01 0.000000000000000e+00
7.500000000000000e-01 6.250000000000000e-01 0.000000000000000e+00
7.500000000000000e-01 6.562500000000000e-01 0.000000000000000e+00
7.187500000000000e-01 6.562500000000000e-01 0.000000000000000e+00
7.500000000000000e-01 6.250000000000000e-01 0.000000000000000e+00
7.812500000000000e-01 6.250000000000000e-01 0.000000000000000e+00
7.812500000000000e-01 6.562500000000000e-01 0.000000000000000e+00
7.500000000000000e-01 6.562500000000000e-01 0.000000000000000e+00
7.812500000000000e-01 6.250000000000000e-01 0.000000000000000e+00
8.125000000000000e-01 6.250000000000000e-01 0.000000000000000e+00
8.125000000000000e-01 6.562500000000000e-01 0.000000000000000e+00
7.812500000000000e-01 6.562500000000000e-01 0.000000000000000e+00
8.125000000000000e-01 6.250000000000000e-01 0.000000000000000e+00
8.437500000000000e-01 6.250000000000000e-01 0.000000000000000e+00
8.437500000000000e-01 6.562500000000000e-01 0.000000000000000e+00
8.125000000000000e-01 6.562500000000000e-01 0.000000000000000e+00
8.437500000000000e-01 6.250000000000000e-01 0.000000000000000e+00
8.750000000000000e-01 6.250000000000000e-01 0.000000000000000e+00
8.750000000000000e-01 6.562500000000000e-01 0.000000000000000e+00
8.437500000000000e-01 6.562500000000000e-01 0.000000000000000e+00
8.750000000000000e-01 6.250000000000000e-01 0.000000000000000e+00
9.062500000000000e-01 6.250000000000000e-01 0.000000000000000e+00
9.062500000000000e-01 6.562500000000000e-01 0.000000000000000e+00
8.750000000000000e-01 6.562500000000000e-01 0.000000000000000e+00
9.062500000000000e-01 6.250000000000000e-01 0.000000000000000e+00
9.375000000000000e-01 6.250000000000000e-01 0.000000000000000e+00
9.375000000000000e-01 6.562500000000000e-01 0.000000000000000e+00
9.062500000000000e-01 6.562500000000000e-01 0.000000000000000e+00
9.375000000000000e-01 6.250000000000000e-01 0.000000000000000e+00
9.687500000000000e-01 6.250000000000000e-01 0.000000000000000e+00
9.687500000000000e-01 6.562500000000000e-01 0.000000000000000e+00
9.375000000000000e-01 6.562500000000000e-01 0.000000000000000e+00
9.687500000000000e-01 6.250000000000000e-01 0.000000000000000e+00
1.000000000000000e+00 6.250000000000000e-01 0.000000000000000e+00
1.000000000000000e+00 6.562500000000000e-01 0.000000000000000e+00
9.687500000000000e-01 6.562500000000000e-01 0.000000000000000e+00
0.000000000000000e+00 6.562500000000000e-01 0.000000000000000e+00
3.125000000000000e-02 6.562500000000000e-01 0.000000000000000e+00
3.125000000000000e-02 6.875000000000000e-01 0.000000000000000e+00
0.000000000000000e+00 6.875000000000000e-01 0.000000000000000e+00
3.125000000000000e-02 6.562500000000000e-01 0.000000000000000e+00
6.250000000000000e-02 6.562500000000000e-01 0.000000000000000e+00
6.250000000000000e-02 6.875000000000000e-01 0.000000000000000e+00
3.125000000000000e-02 6.875000000000000e-01 0.000000000000000e+00
6.250000000000000e-02 6.562500000000000e-01 0.000000000000000e+00
9.375000000000000e-02 6.562500000000000e-01 0.000000000000000e+00
9.375000000000000e-02 6.875000000000000e-01 0.000000000000000e+00
6.250000000000000e-02 6.875000000000000e-01 0.000000000000000e+00
9.375000000000000e-02 6.562500000000000e-01 0.000000000000000e+00
1.250000000000000e-01 6.562500000000000e-01 0.000000000000000e+00
1.250000000000000e-01 6.875000000000000e-01 0.000000000000000e+00
9.375000000000000e-02 6.875000000000000e-01 0.000000000000000e+00
1.250000000000000e-01 6.562500000000000e-01 0.000000000000000e+00
1.562500000000000e-01 6.562500000000000e-01 0.000000000000000e+00
1.562500000000000e-01 6.875000000000000e-01 0.000000000000000e+00
1.250000000000000e-01 6.875000000000000e-01 0.000000000000000e+00
1.562500000000000e-01 6.562500000000000e-01 0.000000000000000e+00
1.875000000000000e-01 6.562500000000000e-01 0.000000000000000e+00
1.875000000000000e-01 6.875000000000000e-01 0.000000000000000e+00
1.562500000000000e-01 6.875000000000000e-01 0.000000000000000e+00
1.875000000000000e-01 6.562500000000000e-01 0.000000000000000e+00
2.187500000000000e-01 6.562500000000000e-01 0.000000000000000e+00
2.187500000000000e-01 6.875000000000000e-01 0.000000000000000e+00
1.875000000000000e-01 6.875000000000000e-01 0.000000000000000e+00
2.187500000000000e-01 6.562500000000000e-01 0.000000000000000e+00
2.500000000000000e-01 6.562500000000000e-01 0.000000000000000e+00
2.500000000000000e-01 6.875000000000000e-01 0.000000000000000e+00
2.187500000000000e-01 6.875000000000000e-01 0.000000000000000e+00
2.500000000000000e-01 6.562500000000000e-01 0.000000000000000e+00
2.812500000000000e-01 6.562500000000000e-01 0.000000000000000e+00
2.812500000000000e-01 6.875000000000000e-01 0.000000000000000e+00
2.500000000000000e-01 6.875000000000000e-01 0.000000000000000e+00
2.812500000000000e-01 6.562500000000000e-01 0.000000000000000e+00
3.125000000000000e-01 6.562500000000000e-01 0.000000000000000e+00
3.125000000000000e-01 6.875000000000000e-01 0.000000000000000e+00
2.812500000000000e-01 6.875000000000000e-01 0.000000000000000e+00
3.125000000000000e-01 6.562500000000000e-01 0.000000000000000e+00
3.437500000000000e-01 6.562500000000000e-01 0.000000000000000e+00
3.437500000000000e-01 6.875000000000000e-01 0.000000000000000e+00
3.125000000000000e-01 6.875000000000000e-01 0.000000000000000e+00
3.437500000000000e-01 6.562500000000000e-01 0.000000000000000e+00
3.750000000000000e-01 6.562500000000000e-01 0.000000000000000e+00
3.750000000000000e-01 6.875000000000000e-01 0.000000000000000e+00
3.437500000000000e-01 6.875000000000000e-01 0.000000000000000e+00
3.750000000000000e-01 6.562500000000000e-01 0.000000000000000e+00
4.062500000000000e-01 6.562500000000000e-01 0.000000000000000e+00
4.062500000000000e-01 6.875000000000000e-01 0.000000000000000e+00
3.750000000000000e-01 6.875000000000000e-01 0.000000000000000e+00
4.062500000000000e-01 6.562500000000000e-01 0.000000000000000e+00
4.375000000000000e-01 6.562500000000000e-01 0.000000000000000e+00
4.375000000000000e-01 6.875000000000000e-01 0.000000000000000e+00
4.062500000000000e-01 6.875000000000000e-01 0.000000000000000e+00
4.375000000000000e-01 6.562500000000000e-01 0.000000000000000e+00
4.687500000000000e-01 6.562500000000000e-01 0.000000000000000e+00
4.687500000000000e-01 6.875000000000000e-01 0.000000000000000e+00
4.375000000000000e-01 6.875000000000000e-01 0.000000000000000e+00
4.687500000000000e-01 6.562500000000000e-01 0.000000000000000e+00
5.000000000000000e-01 6.562500000000000e-01 0.000000000000000e+00
5.000000000000000e-01 6.875000000000000e-01 0.000000000000000e+00
4.687500000000000e-01 6.875000000000000e-01 0.000000000000000e+00
5.000000000000000e-01 6.562500000000000e-01 0.000000000000000e+00
5.312500000000000e-01 6.562500000000000e-01 0.000000000000000e+00
5.312500000000000e-01 6.875000000000000e-01 0.000000000000000e+00
5.000000000000000e-01 6.875000000000000e-01 0.000000000000000e+00
5.312500000000000e-01 6.562500000000000e-01 0.000000000000000e+00
5.625000000000000e-01 6.562500000000000e-01 0.000000000000000e+00
5.625000000000000e-01 6.875000000000000e-01 0.000000000000000e+00
5.312500000000000e-01 6.875000000000000e-01 0.000000000000000e+00
5.625000000000000e-01 6.562500000000000e-01 0.000000000000000e+00
5.937500000000000e-01 6.562500000000000e-01 0.000000000000000e+00
5.937500000000000e-01 6.875000000000000e-01 0.000000000000000e+00
5.625000000000000e-01 6.875000000000000e-01 0.000000000000000e+00
5.937500000000000e-01 6.562500000000000e-01 0.000000000000000e+00
6.250000000000000e-01 6.562500000000000e-01 0.000000000000000e+00
6.250000000000000e-01 6.875000000000000e-01 0.000000000000000e+00
5.937500000000000e-01 6.875000000000000e-01 0.000000000000000e+00
6.250000000000000e-01 6.562500000000000e-01 0.000000000000000e+00
6.562500000000000e-01 6.562500000000000e-01 0.000000000000000e+00
6.562500000000000e-01 6.875000000000000e-01 0.000000000000000e+00
6.250000000000000e-01 6.875000000000000e-01 0.000000000000000e+00
6.562500000000000e-01 6.562500000000000e-01 0.000000000000000e+00
6.875000000000000e-01 6.562500000000000e-01 0.000000000000000e+00
6.875000000000000e-01 6.875000000000000e-01 0.000000000000000e+00
6.562500000000000e-01 6.875000000000000e-01 0.000000000000000e+00
6.875000000000000e-01 6.562500000000000e-01 0.000000000000000e+00
7.187500000000000e-01 6.562500000000000e-01 0.000000000000000e+00
7.187500000000000e-01 6.875000000000000e-01 0.000000000000000e+00
6.875000000000000e-01 6.875000000000000e-01 0.000000000000000e+00
7.187500000000000e-01 6.562500000000000e-01 0.000000000000000e+00
7.500000000000000e-01 6.562500000000000e-01 0.000000000000000e+00
7.500000000000000e-01 6.875000000000000e-01 0.000000000000000e+00
7.187500000000000e-01 6.875000000000000e-01 0.000000000000000e+00
7.500000000000000e-01 6.562500000000000e-01 0.000000000000000e+00
7.812500000000000e-01 6.562500000000000e-01 0.000000000000000e+00
7.812500000000000e-01 6.875000000000000e-01 0.000000000000000e+00
7.500000000000000e-01 6.875000000000000e-01 0.000000000000000e+00
7.812500000000000e-01 6.562500000000000e-01 0.000000000000000e+00
8.125000000000000e-01 6.562500000000000e-01 0.000000000000000e+00
8.125000000000000e-01 6.875000000000000e-01 0.000000000000000e+00
7.812500000000000e-01 6.875000000000000e-01 0.000000000000000e+00
8.125000000000000e-01 6.562500000000000e-01 0.000000000000000e+00
8.437500000000000e-01 6.562500000000000e-01 0.000000000000000e+00
8.437500000000000e-01 6.875000000000000e-01 0.000000000000000e+00
8.125000000000000e-01 6.875000000000000e-01 0.000000000000000e+00
8.437500000000000e-01 6.562500000000000e-01 0.000000000000000e+00
8.750000000000000e-01 6.562500000000000e-01 0.000000000000000e+00
8.750000000000000e-01 6.875000000000000e-01 0.000000000000000e+00
8.437500000000000e-01 6.875000000000000e-01 0.000000000000000e+00
8.750000000000000e-01 6.562500000000000e-01 0.000000000000000e+00
9.062500000000000e-01 6.562500000000000e-01 0.000000000000000e+00
9.062500000000000e-01 6.875000000000000e-01 0.000000000000000e+00
8.750000000000000e-01 6.875000000000000e-01 0.000000000000000e+00
9.062500000000000e-01 6.562500000000000e-01 0.000000000000000e+00
9.375000000000000e-01 6.562500000000000e-01 0.000000000000000e+00
9.375000000000000e-01 6.875000000000000e-01 0.000000000000000e+00
9.062500000000000e-01 6.875000000000000e-01 0.000000000000000e+00
9.375000000000000e-01 6.562500000000000e-01 0.000000000000000e+00
9.687500000000000e-01 6.562500000000000e-01 0.000000000000000e+00
9.687500000000000e-01 6.875000000000000e-01 0.000000000000000e+00
9.375000000000000e-01 6.875000000000000e-01 0.000000000000000e+00
9.687500000000000e-01 6.562500000000000e-01 0.000000000000000e+00
1.000000000000000e+00 6.562500000000000e-01 0.000000000000000e+00
1.000000000000000e+00 6.875000000000000e-01 0.000000000000000e+00
9.687500000000000e-01 6.875000000000000e-01 0.000000000000000e+00
0.000000000000000e+00 6.875000000000000e-01 0.000000000000000e+00
3.125000000000000e-02 6.875000000000000e-01 0.000000000000000e+00
3.125000000000000e-02 7.187500000000000e-01 0.000000000000000e+00
0.000000000000000e+00 7.187500000000000e-01 0.000000000000000e+00
3.125000000000000e-02 6.875000000000000e-01 0.000000000000000e+00
6.250000000000000e-02 6.875000000000000e-01 0.000000000000000e+00
6.250000000000000e-02 7.187500000000000e-01 0.000000000000000e+00
3.125000000000000e-02 7.187500000000000e-01 0.000000000000000e+00
6.250000000000000e-02 6.875000000000000e-01 0.000000000000000e+00
9.375000000000000e-02 6.875000000000000e-01 0.000000000000000e+00
9.375000000000000e-02 7.187500000000000e-01 0.000000000000000e+00
6.250000000000000e-02 7.187500000000000e-01 0.000000000000000e+00
9.375000000000000e-02 6.875000000000000e-01 0.000000000000000e+00
1.250000000000000e-01 6.875000000000000e-01 0.000000000000000e+00
1.250000000000000e-01 7.187500000000000e-01 0.000000000000000e+00
9.375000000000000e-02 7.187500000000000e-01 0.000000000000000e+00
1.250000000000000e-01 6.875000000000000e-01 0.000000000000000e+00
1.562500000000000e-01 6.875000000000000e-01 0.000000000000000e+00
1.562500000000000e-01 7.187500000000000e-01 0.000000000000000e+00
1.250000000000000e-01 7.187500000000000e-01 0.000000000000000e+00
1.562500000000000e-01 6.875000000000000e-01 0.000000000000000e+00
1.875000000000000e-01 6.875000000000000e-01 0.000000000000000e+00
1.875000000000000e-01 7.187500000000000e-01 0.000000000000000e+00
1.562500000000000e-01 7.187500000000000e-01 0.000000000000000e+00
1.875000000000000e-01 6.875000000000000e-01 0.000000000000000e+00
2.187500000000000e-01 6.875000000000000e-01 0.000000000000000e+00
2.187500000000000e-01 7.187500000000000e-01 0.000000000000000e+00
1.875000000000000e-01 7.187500000000000e-01 0.000000000000000e+00
2.187500000000000e-01 6.875000000000000e-01 0.000000000000000e+00
2.500000000000000e-01 6.875000000000000e-01 0.000000000000000e+00
2.500000000000000e-01 7.187500000000000e-01 0.000000000000000e+00
2.187500000000000e-01 7.187500000000000e-01 0.000000000000000e+00
2.500000000000000e-01 6.875000000000000e-01 0.000000000000000e+00
2.812500000000000e-01 6.875000000000000e-01 0.000000000000000e+00
2.812500000000000e-01 7.187500000000000e-01 0.000000000000000e+00
2.500000000000000e-01 7.187500000000000e-01 0.000000000000000e+00
2.812500000000000e-01 6.875000000000000e-01 0.000000000000000e+00
3.125000000000000e-01 6.875000000000000e-01 0.000000000000000e+00
3.125000000000000e-01 7.187500000000000e-01 0.000000000000000e+00
2.812500000000000e-01 7.187500000000000e-01 0.000000000000000e+00
3.125000000000000e-01 6.875000000000000e-01 0.000000000000000e+00
3.437500000000000e-01 6.875000000000000e-01 0.000000000000000e+00
3.437500000000000e-01 7.187500000000000e-01 0.000000000000000e+00
3.125000000000000e-01 7.187500000000000e-01 0.000000000000000e+00
3.437500000000000e-01 6.875000000000000e-01 0.000000000000000e+00
3.750000000000000e-01 6.875000000000000e-01 0.000000000000000e+00
3.750000000000000e-01 7.187500000000000e-01 0.000000000000000e+00
3.437500000000000e-01 7.187500000000000e-01 0.000000000000000e+00
3.750000000000000e-01 6.875000000000000e-01 0.000000000000000e+00
4.062500000000000e-01 6.875000000000000e-01 0.000000000000000e+00
4.062500000000000e-01 7.187500000000000e-01 0.000000000000000e+00
3.750000000000000e-01 7.187500000000000e-01 0.000000000000000e+00
4.062500000000000e-01 6.875000000000000e-01 0.000000000000000e+00
4.375000000000000e-01 6.875000000000000e-01 0.000000000000000e+00
4.375000000000000e-01 7.187500000000000e-01 0.000000000000000e+00
4.062500000000000e-01 7.187500000000000e-01 0.000000000000000e+00
4.375000000000000e-01 6.875000000000000e-01 0.000000000000000e+00
4.687500000000000e-01 6.875000000000000e-01 0.000000000000000e+00
4.687500000000000e-01 7.187500000000000e-01 0.000000000000000e+00
4.375000000000000e-01 7.187500000000000e-01 0.000000000000000e+00
4.687500000000000e-01 6.875000000000000e-01 0.000000000000000e+00
5.000000000000000e-01 6.875000000000000e-01 0.000000000000000e+00
5.000000000000000e-01 7.187500000000000e-01 0.000000000000000e+00
4.687500000000000e-01 7.187500000000000e-01 0.000000000000000e+00
5.000000000000000e-01 6.875000000000000e-01 0.000000000000000e+00
5.312500000000000e-01 6.875000000000000e-01 0.000000000000000e+00
5.312500000000000e-01 7.187500000000000e-01 0.000000000000000e+00
5.000000000000000e-01 7.187500000000000e-01 0.000000000000000e+00
5.312500000000000e-01 6.875000000000000e-01 0.000000000000000e+00
5.625000000000000e-01 6.875000000000000e-01 0.000000000000000e+00
5.625000000000000e-01 7.187500000000000e-01 0.000000000000000e+00
5.312500000000000e-01 7.187500000000000e-01 0.000000000000000e+00
5.625000000000000e-01 6.875000000000000e-01 0.000000000000000e+00
5.937500000000000e-01 6.875000000000000e-01 0.000000000000000e+00
5.937500000000000e-01 7.187500000000000e-01 0.000000000000000e+00
5.625000000000000e-01 7.187500000000000e-01 0.000000000000000e+00
5.937500000000000e-01 6.875000000000000e-01 0.000000000000000e+00
6.250000000000000e-01 6.875000000000000e-01 0.000000000000000e+00
6.250000000000000e-01 7.187500000000000e-01 0.000000000000000e+00
5.937500000000000e-01 7.187500000000000e-01 0.000000000000000e+00
6.250000000000000e-01 6.875000000000000e-01 0.000000000000000e+00
6.562500000000000e-01 6.875000000000000e-01 0.000000000000000e+00
6.562500000000000e-01 7.187500000000000e-01 0.000000000000000e+00
6.250000000000000e-01 7.187500000000000e-01 0.000000000000000e+00
6.562500000000000e-01 6.875000000000000e-01 0.000000000000000e+00
6.875000000000000e-01 6.875000000000000e-01 0.000000000000000e+00
6.875000000000000e-01 7.187500000000000e-01 0.000000000000000e+00
6.562500000000000e-01 7.187500000000000e-01 0.000000000000000e+00
6.875000000000000e-01 6.875000000000000e-01 0.000000000000000e+00
7.187500000000000e-01 6.875000000000000e-01 0.000000000000000e+00
7.187500000000000e-01 7.187500000000000e-01 0.000000000000000e+00
6.875000000000000e-01 7.187500000000000e-01 0.000000000000000e+00
7.187500000000000e-01 6.875000000000000e-01 0.000000000000000e+00
7.500000000000000e-01 6.875000000000000e-01 0.000000000000000e+00
7.500000000000000e-01 7.187500000000000e-01 0.000000000000000e+00
7.187500000000000e-01 7.187500000000000e-01 0.000000000000000e+00
7.500000000000000e-01 6.875000000000000e-01 0.000000000000000e+00
7.812500000000000e-01 6.875000000000000e-01 0.000000000000000e+00
7.812500000000000e-01 7.187500000000000e-01 0.000000000000000e+00
7.500000000000000e-01 7.187500000000000e-01 0.000000000000000e+00
7.812500000000000e-01 6.875000000000000e-01 0.000000000000000e+00
8.125000000000000e-01 6.875000000000000e-01 0.000000000000000e+00
8.125000000000000e-01 7.187500000000000e-01 0.000000000000000e+00
7.812500000000000e-01 7.187500000000000e-01 0.000000000000000e+00
8.125000000000000e-01 6.875000000000000e-01 0.000000000000000e+00
8.437500000000000e-01 6.875000000000000e-01 0.000000000000000e+00
8.437500000000000e-01 7.187500000000000e-01 0.000000000000000e+00
8.125000000000000e-01 7.187500000000000e-01 0.000000000000000e+00
8.437500000000000e-01 6.875000000000000e-01 0.000000000000000e+00
8.750000000000000e-01 6.875000000000000e-01 0.000000000000000e+00
8.750000000000000e-01 7.187500000000000e-01 0.000000000000000e+00
8.437500000000000e-01 7.187500000000000e-01 0.000000000000000e+00
8.750000000000000e-01 6.875000000000000e-01 0.000000000000000e+00
9.062500000000000e-01 6.875000000000000e-01 0.000000000000000e+00
9.062500000000000e-01 7.187500000000000e-01 0.000000000000000e+00
8.750000000000000e-01 7.187500000000000e-01 0.000000000000000e+00
9.062500000000000e-01 6.875000000000000e-01 0.000000000000000e+00
9.375000000000000e-01 6.875000000000000e-01 0.000000000000000e+00
9.375000000000000e-01 7.187500000000000e-01 0.000000000000000e+00
9.062500000000000e-01 7.187500000000000e-01 0.000000000000000e+00
9.375000000000000e-01 6.875000000000000e-01 0.000000000000000e+00
9.687500000000000e-01 6.875000000000000e-01 0.000000000000000e+00
9.687500000000000e-01 7.187500000000000e-01 0.000000000000000e+00
9.375000000000000e-01 7.187500000000000e-01 0.000000000000000e+00
9.687500000000000e-01 6.875000000000000e-01 0.000000000000000e+00
1.000000000000000e+00 6.875000000000000e-01 0.000000000000000e+00
1.000000000000000e+00 7.187500000000000e-01 0.000000000000000e+00
9.687500000000000e-01 7.187500000000000e-01 0.000000000000000e+00
0.000000000000000e+00 7.187500000000000e-01 0.000000000000000e+00
3.125000000000000e-02 7.187500000000000e-01 0.000000000000000e+00
3.125000000000000e-02 7.500000000000000e-01 0.000000000000000e+00
0.000000000000000e+00 7.500000000000000e-01 0.000000000000000e+00
3.125000000000000e-02 7.187500000000000e-01 0.000000000000000e+00
6.250000000000000e-02 7.187500000000000e-01 0.000000000000000e+00
6.250000000000000e-02 7.500000000000000e-01 0.000000000000000e+00
3.125000000000000e-02 7.500000000000000e-01 0.000000000000000e+00
6.250000000000000e-02 7.187500000000000e-01 0.000000000000000e+00
9.375000000000000e-02 7.187500000000000e-01 0.000000000000000e+00
9.375000000000000e-02 7.500000000000000e-01 0.000000000000000e+00
6.250000000000000e-02 7.500000000000000e-01 0.000000000000000e+00
9.375000000000000e-02 7.187500000000000e-01 0.000000000000000e+00
1.250000000000000e-01 7.187500000000000e-01 0.000000000000000e+00
1.250000000000000e-01 7.500000000000000e-01 0.000000000000000e+00
9.375000000000000e-02 7.500000000000000e-01 0.000000000000000e+00
1.250000000000000e-01 7.187500000000000e-01 0.000000000000000e+00
1.562500000000000e-01 7.187500000000000e-01 0.000000000000000e+00
1.562500000000000e-01 7.500000000000000e-01 0.000000000000000e+00
1.250000000000000e-01 7.500000000000000e-01 0.000000000000000e+00
1.562500000000000e-01 7.187500000000000e-01 0.000000000000000e+00
1.875000000000000e-01 7.187500000000000e-01 0.000000000000000e+00
1.875000000000000e-01 7.500000000000000e-01 0.000000000000000e+00
1.562500000000000e-01 7.500000000000000e-01 0.000000000000000e+00
1.875000000000000e-01 7.187500000000000e-01 0.000000000000000e+00
2.187500000000000e-01 7.187500000000000e-01 0.000000000000000e+00
2.187500000000000e-01 7.500000000000000e-01 0.000000000000000e+00
1.875000000000000e-01 7.500000000000000e-01 0.000000000000000e+00
2.187500000000000e-01 7.187500000000000e-01 0.000000000000000e+00
2.500000000000000e-01 7.187500000000000e-01 0.000000000000000e+00
2.500000000000000e-01 7.500000000000000e-01 0.000000000000000e+00
2.187500000000000e-01 7.500000000000000e-01 0.000000000000000e+00
2.500000000000000e-01 7.187500000000000e-01 0.000000000000000e+00
2.812500000000000e-01 7.187500000000000e-01 0.000000000000000e+00
2.812500000000000e-01 7.500000000000000e-01 0.000000000000000e+00
2.500000000000000e-01 7.500000000000000e-01 0.000000000000000e+00
2.812500000000000e-01 7.187500000000000e-01 0.000000000000000e+00
3.125000000000000e-01 7.187500000000000e-01 0.000000000000000e+00
3.125000000000000e-01 7.500000000000000e-01 0.000000000000000e+00
2.812500000000000e-01 7.500000000000000e-01 0.000000000000000e+00
3.125000000000000e-01 7.187500000000000e-01 0.000000000000000e+00
3.437500000000000e-01 7.187500000000000e-01 0.000000000000000e+00
3.437500000000000e-01 7.500000000000000e-01 0.000000000000000e+00
3.125000000000000e-01 7.500000000000000e-01 0.000000000000000e+00
3.437500000000000e-01 7.187500000000000e-01 0.000000000000000e+00
3.750000000000000e-01 7.187500000000000e-01 0.000000000000000e+00
3.750000000000000e-01 7.500000000000000e-01 0.000000000000000e+00
3.437500000000000e-01 7.500000000000000e-01 0.000000000000000e+00
3.750000000000000e-01 7.187500000000000e-01 0.000000000000000e+00
4.062500000000000e-01 7.187500000000000e-01 0.000000000000000e+00
4.062500000000000e-01 7.500000000000000e-01 0.000000000000000e+00
3.750000000000000e-01 7.500000000000000e-01 0.000000000000000e+00
4.062500000000000e-01 7.187500000000000e-01 0.000000000000000e+00
4.375000000000000e-01 7.187500000000000e-01 0.000000000000000e+00
4.375000000000000e-01 7.500000000000000e-01 0.000000000000000e+00
4.062500000000000e-01 7.500000000000000e-01 0.000000000000000e+00
4.375000000000000e-01 7.187500000000000e-01 0.000000000000000e+00
4.687500000000000e-01 7.187500000000000e-01 0.000000000000000e+00
4.687500000000000e-01 7.500000000000000e-01 0.000000000000000e+00
4.375000000000000e-01 7.500000000000000e-01 0.000000000000000e+00
4.687500000000000e-01 7.187500000000000e-01 0.000000000000000e+00
5.000000000000000e-01 7.187500000000000e-01 0.000000000000000e+00
5.000000000000000e-01 7.500000000000000e-01 0.000000000000000e+00
4.687500000000000e-01 7.500000000000000e-01 0.000000000000000e+00
5.000000000000000e-01 7.187500000000000e-01 0.000000000000000e+00
5.312500000000000e-01 7.187500000000000e-01 0.000000000000000e+00
5.312500000000000e-01 7.500000000000000e-01 0.000000000000000e+00
5.000000000000000e-01 7.500000000000000e-01 0.000000000000000e+00
5.312500000000000e-01 7.187500000000000e-01 0.000000000000000e+00
5.625000000000000e-01 7.187500000000000e-01 0.000000000000000e+00
5.625000000000000e-01 7.500000000000000e-01 0.000000000000000e+00
5.312500000000000e-01 7.500000000000000e-01 0.000000000000000e+00
5.625000000000000e-01 7.187500000000000e-01 0.000000000000000e+00
5.937500000000000e-01 7.187500000000000e-01 0.000000000000000e+00
5.937500000000000e-01 7.500000000000000e-01 0.000000000000000e+00
5.625000000000000e-01 7.500000000000000e-01 0.000000000000000e+00
5.937500000000000e-01 7.187500000000000e-01 0.000000000000000e+00
6.250000000000000e-01 7.187500000000000e-01 0.000000000000000e+00
6.250000000000000e-01 7.500000000000000e-01 0.000000000000000e+00
5.937500000000000e-01 7.500000000000000e-01 0.000000000000000e+00
6.250000000000000e-01 7.187500000000000e-01 0.000000000000000e+00
6.562500000000000e-01 7.187500000000000e-01 0.000000000000000e+00
6.562500000000000e-01 7.500000000000000e-01 0.000000000000000e+00
6.250000000000000e-01 7.500000000000000e-01 0.000000000000000e+00
6.562500000000000e-01 7.187500000000000e-01 0.000000000000000e+00
6.875000000000000e-01 7.187500000000000e-01 0.000000000000000e+00
6.875000000000000e-01 7.500000000000000e-01 0.000000000000000e+00
6.562500000000000e-01 7.500000000000000e-01 0.000000000000000e+00
6.875000000000000e-01 7.187500000000000e-01 0.000000000000000e+00
7.187500000000000e-01 7.187500000000000e-01 0.000000000000000e+00
7.187500000000000e-01 7.500000000000000e-01 0.000000000000000e+00
6.875000000000000e-01 7.500000000000000e-01 0.000000000000000e+00
7.187500000000000e-01 7.187500000000000e-01 0.000000000000000e+00
7.500000000000000e-01 7.187500000000000e-01 0.000000000000000e+00
7.500000000000000e-01 7.500000000000000e-01 0.000000000000000e+00
7.187500000000000e-01 7.500000000000000e-01 0.000000000000000e+00
7.500000000000000e-01 7.187500000000000e-01 0.000000000000000e+00
7.812500000000000e-01 7.187500000000000e-01 0.000000000000000e+00
7.812500000000000e-01 7.500000000000000e-01 0.000000000000000e+00
7.500000000000000e-01 7.500000000000000e-01 0.000000000000000e+00
7.812500000000000e-01 7.187500000000000e-01 0.000000000000000e+00
8.125000000000000e-01 7.187500000000000e-01 0.000000000000000e+00
8.125000000000000e-01 7.500000000000000e-01 0.000000000000000e+00
7.812500000000000e-01 7.500000000000000e-01 0.000000000000000e+00
8.125000000000000e-01 7.187500000000000e-01 0.000000000000000e+00
8.437500000000000e-01 7.187500000000000e-01 0.000000000000000e+00
8.437500000000000e-01 7.500000000000000e-01 0.000000000000000e+00
8.125000000000000e-01 7.500000000000000e-01 0.000000000000000e+00
8.437500000000000e-01 7.187500000000000e-01 0.000000000000000e+00
8.750000000000000e-01 7.187500000000000e-01 0.000000000000000e+00
8.750000000000000e-01 7.500000000000000e-01 0.000000000000000e+00
8.437500000000000e-01 7.500000000000000e-01 0.000000000000000e+00
8.750000000000000e-01 7.187500000000000e-01 0.000000000000000e+00
9.062500000000000e-01 7.187500000000000e-01 0.000000000000000e+00
9.062500000000000e-01 7.500000000000000e-01 0.000000000000000e+00
8.750000000000000e-01 7.500000000000000e-01 0.000000000000000e+00
9.062500000000000e-01 7.187500000000000e-01 0.000000000000000e+00
9.375000000000000e-01 7.187500000000000e-01 0.000000000000000e+00
9.375000000000000e-01 7.500000000000000e-01 0.000000000000000e+00
9.062500000000000e-01 7.500000000000000e-01 0.000000000000000e+00
9.375000000000000e-01 7.187500000000000e-01 0.000000000000000e+00
9.687500000000000e-01 7.187500000000000e-01 0.000000000000000e+00
9.687500000000000e-01 7.500000000000000e-01 0.000000000000000e+00
9.375000000000000e-01 7.500000000000000e-01 0.000000000000000e+00
9.687500000000000e-01 7.187500000000000e-01 0.000000000000000e+00
1.000000000000000e+00 7.187500000000000e-01 0.000000000000000e+00
1.000000000000000e+00 7.500000000000000e-01 0.000000000000000e+00
9.687500000000000e-01 7.500000000000000e-01 0.000000000000000e+00
0.000000000000000e+00 7.500000000000000e-01 0.000000000000000e+00
3.125000000000000e-02 7.500000000000000e-01 0.000000000000000e+00
3.125000000000000e-02 7.812500000000000e-01 0.000000000000000e+00
0.000000000000000e+00 7.812500000000000e-01 0.000000000000000e+00
3.125000000000000e-02 7.500000000000000e-01 0.000000000000000e+00
6.250000000000000e-02 7.500000000000000e-01 0.000000000000000e+00
6.250000000000000e-02 7.812500000000000e-01 0.000000000000000e+00
3.125000000000000e-02 7.812500000000000e-01 0.000000000000000e+00
6.250000000000000e-02 7.500000000000000e-01 0.000000000000000e+00
9.375000000000000e-02 7.500000000000000e-01 0.000000000000000e+00
9.375000000000000e-02 7.812500000000000e-01 0.000000000000000e+00
6.250000000000000e-02 7.812500000000000e-01 0.000000000000000e+00
9.375000000000000e-02 7.500000000000000e-01 0.000000000000000e+00
1.250000000000000e-01 7.500000000000000e-01 0.000000000000000e+00
1.250000000000000e-01 7.812500000000000e-01 0.000000000000000e+00
9.375000000000000e-02 7.812500000000000e-01 0.000000000000000e+00
1.250000000000000e-01 7.500000000000000e-01 0.000000000000000e+00
1.562500000000000e-01 7.500000000000000e-01 0.000000000000000e+00
1.562500000000000e-01 7.812500000000000e-01 0.000000000000000e+00
1.250000000000000e-01 7.812500000000000e-01 0.000000000000000e+00
1.562500000000000e-01 7.500000000000000e-01 0.000000000000000e+00
1.875000000000000e-01 7.500000000000000e-01 0.000000000000000e+00
1.875000000000000e-01 7.812500000000000e-01 0.000000000000000e+00
1.562500000000000e-01 7.812500000000000e-01 0.000000000000000e+00
1.875000000000000e-01 7.500000000000000e-01 0.000000000000000e+00
2.187500000000000e-01 7.500000000000000e-01 0.000000000000000e+00
2.187500000000000e-01 7.812500000000000e-01 0.000000000000000e+00
1.875000000000000e-01 7.812500000000000e-01 0.000000000000000e+00
2.187500000000000e-01 7.500000000000000e-01 0.000000000000000e+00
2.500000000000000e-01 7.500000000000000e-01 0.000000000000000e+00
2.500000000000000e-01 7.812500000000000e-01 0.000000000000000e+00
2.187500000000000e-01 7.812500000000000e-01 0.000000000000000e+00
2.500000000000000e-01 7.500000000000000e-01 0.000000000000000e+00
2.812500000000000e-01 7.500000000000000e-01 0.000000000000000e+00
2.812500000000000e-01 7.812500000000000e-01 0.000000000000000e+00
2.500000000000000e-01 7.812500000000000e-01 0.000000000000000e+00
2.812500000000000e-01 7.500000000000000e-01 0.000000000000000e+00
3.125000000000000e-01 7.500000000000000e-01 0.000000000000000e+00
3.125000000000000e-01 7.812500000000000e-01 0.000000000000000e+00
2.812500000000000e-01 7.812500000000000e-01 0.000000000000000e+00
3.125000000000000e-01 7.500000000000000e-01 0.000000000000000e+00
3.437500000000000e-01 7.500000000000000e-01 0.000000000000000e+00
3.437500000000000e-01 7.812500000000000e-01 0.000000000000000e+00
3.125000000000000e-01 7.812500000000000e-01 0.000000000000000e+00
3.437500000000000e-01 7.500000000000000e-01 0.000000000000000e+00
3.750000000000000e-01 7.500000000000000e-01 0.000000000000000e+00
3.750000000000000e-01 7.812500000000000e-01 0.000000000000000e+00
3.437500000000000e-01 7.812500000000000e-01 0.000000000000000e+00
3.750000000000000e-01 7.500000000000000e-01 0.000000000000000e+00
4.062500000000000e-01 7.500000000000000e-01 0.000000000000000e+00
4.062500000000000e-01 7.812500000000000e-01 0.000000000000000e+00
3.750000000000000e-01 7.812500000000000e-01 0.000000000000000e+00
4.062500000000000e-01 7.500000000000000e-01 0.000000000000000e+00
4.375000000000000e-01 7.500000000000000e-01 0.000000000000000e+00
4.375000000000000e-01 7.812500000000000e-01 0.000000000000000e+00
4.062500000000000e-01 7.812500000000000e-01 0.000000000000000e+00
4.375000000000000e-01 7.500000000000000e-01 0.000000000000000e+00
4.687500000000000e-01 7.500000000000000e-01 0.000000000000000e+00
4.687500000000000e-01 7.812500000000000e-01 0.000000000000000e+00
4.375000000000000e-01 7.812500000000000e-01 0.000000000000000e+00
4.687500000000000e-01 7.500000000000000e-01 0.000000000000000e+00
5.000000000000000e-01 7.500000000000000e-01 0.000000000000000e+00
5.000000000000000e-01 7.812500000000000e-01 0.000000000000000e+00
4.687500000000000e-01 7.812500000000000e-01 0.000000000000000e+00
5.000000000000000e-01 7.500000000000000e-01 0.000000000000000e+00
5.312500000000000e-01 7.500000000000000e-01 0.000000000000000e+00
5.312500000000000e-01 7.812500000000000e-01 0.000000000000000e+00
5.000000000000000e-01 7.812500000000000e-01 0.000000000000000e+00
5.312500000000000e-01 7.500000000000000e-01 0.000000000000000e+00
5.625000000000000e-01 7.500000000000000e-01 0.000000000000000e+00
5.625000000000000e-01 7.812500000000000e-01 0.000000000000000e+00
5.312500000000000e-01 7.812500000000000e-01 0.000000000000000e+00
5.625000000000000e-01 7.500000000000000e-01 0.000000000000000e+00
5.937500000000000e-01 7.500000000000000e-01 0.000000000000000e+00
5.937500000000000e-01 7.812500000000000e-01 0.000000000000000e+00
5.625000000000000e-01 7.812500000000000e-01 0.000000000000000e+00
5.937500000000000e-01 7.500000000000000e-01 0.000000000000000e+00
6.250000000000000e-01 7.500000000000000e-01 0.000000000000000e+00
6.250000000000000e-01 7.812500000000000e-01 0.000000000000000e+00
5.937500000000000e-01 7.812500000000000e-01 0.000000000000000e+00
6.250000000000000e-01 7.500000000000000e-01 0.000000000000000e+00
6.562500000000000e-01 7.500000000000000e-01 0.000000000000000e+00
6.562500000000000e-01 7.812500000000000e-01 0.000000000000000e+00
6.250000000000000e-01 7.812500000000000e-01 0.000000000000000e+00
6.562500000000000e-01 7.500000000000000e-01 0.000000000000000e+00
6.875000000000000e-01 7.500000000000000e-01 0.000000000000000e+00
6.875000000000000e-01 7.812500000000000e-01 0.000000000000000e+00
6.562500000000000e-01 7.812500000000000e-01 0.000000000000000e+00
6.875000000000000e-01 7.500000000000000e-01 0.000000000000000e+00
7.187500000000000e-01 7.500000000000000e-01 0.000000000000000e+00
7.187500000000000e-01 7.812500000000000e-01 0.000000000000000e+00
6.875000000000000e-01 7.812500000000000e-01 0.000000000000000e+00
7.187500000000000e-01 7.500000000000000e-01 0.000000000000000e+00
7.500000000000000e-01 7.500000000000000e-01 0.000000000000000e+00
7.500000000000000e-01 7.812500000000000e-01 0.000000000000000e+00
7.187500000000000e-01 7.812500000000000e-01 0.000000000000000e+00
7.500000000000000e-01 7.500000000000000e-01 0.000000000000000e+00
7.812500000000000e-01 7.500000000000000e-01 0.000000000000000e+00
7.812500000000000e-01 7.812500000000000e-01 0.000000000000000e+00
7.500000000000000e-01 7.812500000000000e-01 0.000000000000000e+00
7.812500000000000e-01 7.500000000000000e-01 0.000000000000000e+00
8.125000000000000e-01 7.500000000000000e-01 0.000000000000000e+00
8.125000000000000e-01 7.812500000000000e-01 0.000000000000000e+00
7.812500000000000e-01 7.812500000000000e-01 0.000000000000000e+00
8.125000000000000e-01 7.500000000000000e-01 0.000000000000000e+00
8.437500000000000e-01 7.500000000000000e-01 0.000000000000000e+00
8.437500000000000e-01 7.812500000000000e-01 0.000000000000000e+00
8.125000000000000e-01 7.812500000000000e-01 0.000000000000000e+00
8.437500000000000e-01 7.500000000000000e-01 0.000000000000000e+00
8.750000000000000e-01 7.500000000000000e-01 0.000000000000000e+00
8.750000000000000e-01 7.812500000000000e-01 0.000000000000000e+00
8.437500000000000e-01 7.812500000000000e-01 0.000000000000000e+00
8.750000000000000e-01 7.500000000000000e-01 0.000000000000000e+00
9.062500000000000e-01 7.500000000000000e-01 0.000000000000000e+00
9.062500000000000e-01 7.812500000000000e-01 0.000000000000000e+00
8.750000000000000e-01 7.812500000000000e-01 0.000000000000000e+00
9.062500000000000e-01 7.500000000000000e-01 0.000000000000000e+00
9.375000000000000e-01 7.500000000000000e-01 0.000000000000000e+00
9.375000000000000e-01 7.812500000000000e-01 0.000000000000000e+00
9.062500000000000e-01 7.812500000000000e-01 0.000000000000000e+00
9.375000000000000e-01 7.500000000000000e-01 0.000000000000000e+00
9.687500000000000e-01 7.500000000000000e-01 0.000000000000000e+00
9.687500000000000e-01 7.812500000000000e-01 0.000000000000000e+00
9.375000000000000e-01 7.812500000000000e-01 0.000000000000000e+00
9.687500000000000e-01 7.500000000000000e-01 0.000000000000000e+00
1.000000000000000e+00 7.500000000000000e-01 0.000000000000000e+00
1.000000000000000e+00 7.812500000000000e-01 0.000000000000000e+00
9.687500000000000e-01 7.812500000000000e-01 0.000000000000000e+00
0.000000000000000e+00 7.812500000000000e-01 0.000000000000000e+00
3.125000000000000e-02 7.812500000000000e-01 0.000000000000000e+00
3.125000000000000e-02 8.125000000000000e-01 0.000000000000000e+00
0.000000000000000e+00 8.125000000000000e-01 0.000000000000000e+00
3.125000000000000e-02 7.812500000000000e-01 0.000000000000000e+00
6.250000000000000e-02 7.812500000000000e-01 0.000000000000000e+00
6.250000000000000e-02 8.125000000000000e-01 0.000000000000000e+00
3.125000000000000e-02 8.125000000000000e-01 0.000000000000000e+00
6.250000000000000e-02 7.812500000000000e-01 0.000000000000000e+00
9.375000000000000e-02 7.812500000000000e-01 0.000000000000000e+00
9.375000000000000e-02 8.125000000000000e-01 0.000000000000000e+00
6.250000000000000e-02 8.125000000000000e-01 0.000000000000000e+00
9.375000000000000e-02 7.812500000000000e-01 0.000000000000000e+00
1.250000000000000e-01 7.812500000000000e-01 0.000000000000000e+00
1.250000000000000e-01 8.125000000000000e-01 0.000000000000000e+00
9.375000000000000e-02 8.125000000000000e-01 0.000000000000000e+00
1.250000000000000e-01 7.812500000000000e-01 0.000000000000000e+00
1.562500000000000e-01 7.812500000000000e-01 0.000000000000000e+00
1.562500000000000e-01 8.125000000000000e-01 0.000000000000000e+00
1.250000000000000e-01 8.125000000000000e-01 0.000000000000000e+00
1.562500000000000e-01 7.812500000000000e-01 0.000000000000000e+00
1.875000000000000e-01 7.812500000000000e-01 0.000000000000000e+00
1.875000000000000e-01 8.125000000000000e-01 0.000000000000000e+00
1.562500000000000e-01 8.125000000000000e-01 0.000000000000000e+00
1.875000000000000e-01 7.812500000000000e-01 0.000000000000000e+00
2.187500000000000e-01 7.812500000000000e-01 0.000000000000000e+00
2.187500000000000e-01 8.125000000000000e-01 0.000000000000000e+00
1.875000000000000e-01 8.125000000000000e-01 0.000000000000000e+00
2.187500000000000e-01 7.812500000000000e-01 0.000000000000000e+00
2.500000000000000e-01 7.812500000000000e-01 0.000000000000000e+00
2.500000000000000e-01 8.125000000000000e-01 0.000000000000000e+00
2.187500000000000e-01 8.125000000000000e-01 0.000000000000000e+00
2.500000000000000e-01 7.812500000000000e-01 0.000000000000000e+00
2.812500000000000e-01 7.812500000000000e-01 0.000000000000000e+00
2.812500000000000e-01 8.125000000000000e-01 0.000000000000000e+00
2.500000000000000e-01 8.125000000000000e-01 0.000000000000000e+00
2.812500000000000e-01 7.812500000000000e-01 0.000000000000000e+00
3.125000000000000e-01 7.812500000000000e-01 0.000000000000000e+00
3.125000000000000e-01 8.125000000000000e-01 0.000000000000000e+00
2.812500000000000e-01 8.125000000000000e-01 0.000000000000000e+00
3.125000000000000e-01 7.812500000000000e-01 0.000000000000000e+00
3.437500000000000e-01 7.812500000000000e-01 0.000000000000000e+00
3.437500000000000e-01 8.125000000000000e-01 0.000000000000000e+00
3.125000000000000e-01 8.125000000000000e-01 0.000000000000000e+00
3.437500000000000e-01 7.812500000000000e-01 0.000000000000000e+00
3.750000000000000e-01 7.812500000000000e-01 0.000000000000000e+00
3.750000000000000e-01 8.125000000000000e-01 0.000000000000000e+00
3.437500000000000e-01 8.125000000000000e-01 0.000000000000000e+00
3.750000000000000e-01 7.812500000000000e-01 0.000000000000000e+00
4.062500000000000e-01 7.812500000000000e-01 0.000000000000000e+00
4.062500000000000e-01 8.125000000000000e-01 0.000000000000000e+00
3.750000000000000e-01 8.125000000000000e-01 0.000000000000000e+00
4.062500000000000e-01 7.812500000000000e-01 0.000000000000000e+00
4.375000000000000e-01 7.812500000000000e-01 0.000000000000000e+00
4.375000000000000e-01 8.125000000000000e-01 0.000000000000000e+00
4.062500000000000e-01 8.125000000000000e-01 0.000000000000000e+00
4.375000000000000e-01 7.812500000000000e-01 0.000000000000000e+00
4.687500000000000e-01 7.812500000000000e-01 0.000000000000000e+00
4.687500000000000e-01 8.125000000000000e-01 0.000000000000000e+00
4.375000000000000e-01 8.125000000000000e-01 0.000000000000000e+00
4.687500000000000e-01 7.812500000000000e-01 0.000000000000000e+00
5.000000000000000e-01 7.812500000000000e-01 0.000000000000000e+00
5.000000000000000e-01 8.125000000000000e-01 0.000000000000000e+00
4.687500000000000e-01 8.125000000000000e-01 0.000000000000000e+00
5.000000000000000e-01 7.812500000000000e-01 0.000000000000000e+00
5.312500000000000e-01 7.812500000000000e-01 0.000000000000000e+00
5.312500000000000e-01 8.125000000000000e-01 0.000000000000000e+00
5.000000000000000e-01 8.125000000000000e-01 0.000000000000000e+00
5.312500000000000e-01 7.812500000000000e-01 0.000000000000000e+00
5.625000000000000e-01 7.812500000000000e-01 0.000000000000000e+00
5.625000000000000e-01 8.125000000000000e-01 0.000000000000000e+00
5.312500000000000e-01 8.125000000000000e-01 0.000000000000000e+00
5.625000000000000e-01 7.812500000000000e-01 0.000000000000000e+00
5.937500000000000e-01 7.812500000000000e-01 0.000000000000000e+00
5.937500000000000e-01 8.125000000000000e-01 0.000000000000000e+00
5.625000000000000e-01 8.125000000000000e-01 0.000000000000000e+00
5.937500000000000e-01 7.812500000000000e-01 0.000000000000000e+00
6.250000000000000e-01 7.812500000000000e-01 0.000000000000000e+00
6.250000000000000e-01 8.125000000000000e-01 0.000000000000000e+00
5.937500000000000e-01 8.125000000000000e-01 0.000000000000000e+00
6.250000000000000e-01 7.812500000000000e-01 0.000000000000000e+00
6.562500000000000e-01 7.812500000000000e-01 0.000000000000000e+00
6.562500000000000e-01 8.125000000000000e-01 0.000000000000000e+00
6.250000000000000e-01 8.125000000000000e-01 0.000000000000000e+00
6.562500000000000e-01 7.812500000000000e-01 0.000000000000000e+00
6.875000000000000e-01 7.812500000000000e-01 0.000000000000000e+00
6.875000000000000e-01 8.125000000000000e-01 0.000000000000000e+00
6.562500000000000e-01 8.125000000000000e-01 0.000000000000000e+00
6.875000000000000e-01 7.812500000000000e-01 0.000000000000000e+00
7.187500000000000e-01 7.812500000000000e-01 0.000000000000000e+00
7.187500000000000e-01 8.125000000000000e-01 0.000000000000000e+00
6.875000000000000e-01 8.125000000000000e-01 0.000000000000000e+00
7.187500000000000e-01 7.812500000000000e-01 0.000000000000000e+00
7.500000000000000e-01 7.812500000000000e-01 0.000000000000000e+00
7.500000000000000e-01 8.125000000000000e-01 0.000000000000000e+00
7.187500000000000e-01 8.125000000000000e-01 0.000000000000000e+00
7.500000000000000e-01 7.812500000000000e-01 0.000000000000000e+00
7.812500000000000e-01 7.812500000000000e-01 0.000000000000000e+00
7.812500000000000e-01 8.125000000000000e-01 0.000000000000000e+00
7.500000000000000e-01 8.125000000000000e-01 0.000000000000000e+00
7.812500000000000e-01 7.812500000000000e-01 0.000000000000000e+00
8.125000000000000e-01 7.812500000000000e-01 0.000000000000000e+00
8.125000000000000e-01 8.125000000000000e-01 0.000000000000000e+00
7.812500000000000e-01 8.125000000000000e-01 0.000000000000000e+00
8.125000000000000e-01 7.812500000000000e-01 0.000000000000000e+00
8.437500000000000e-01 7.812500000000000e-01 0.000000000000000e+00
8.437500000000000e-01 8.125000000000000e-01 0.000000000000000e+00
8.125000000000000e-01 8.125000000000000e-01 0.000000000000000e+00
8.437500000000000e-01 7.812500000000000e-01 0.000000000000000e+00
8.750000000000000e-01 7.812500000000000e-01 0.000000000000000e+00
8.750000000000000e-01 8.125000000000000e-01 0.000000000000000e+00
8.437500000000000e-01 8.125000000000000e-01 0.000000000000000e+00
8.750000000000000e-01 7.812500000000000e-01 0.000000000000000e+00
9.062500000000000e-01 7.812500000000000e-01 0.000000000000000e+00
9.062500000000000e-01 8.125000000000000e-01 0.000000000000000e+00
8.750000000000000e-01 8.125000000000000e-01 0.000000000000000e+00
9.062500000000000e-01 7.812500000000000e-01 0.000000000000000e+00
9.375000000000000e-01 7.812500000000000e-01 0.000000000000000e+00
9.375000000000000e-01 8.125000000000000e-01 0.000000000000000e+00
9.062500000000000e-01 8.125000000000000e-01 0.000000000000000e+00
9.375000000000000e-01 7.812500000000000e-01 0.000000000000000e+00
9.687500000000000e-01 7.812500000000000e-01 0.000000000000000e+00
9.687500000000000e-01 8.125000000000000e-01 0.000000000000000e+00
9.375000000000000e-01 8.125000000000000e-01 0.000000000000000e+00
9.687500000000000e-01 7.812500000000000e-01 0.000000000000000e+00
1.000000000000000e+00 7.812500000000000e-01 0.000000000000000e+00
1.000000000000000e+00 8.125000000000000e-01 0.000000000000000e+00
9.687500000000000e-01 8.125000000000000e-01 0.000000000000000e+00
0.000000000000000e+00 8.125000000000000e-01 0.000000000000000e+00
3.125000000000000e-02 8.125000000000000e-01 0.000000000000000e+00
3.125000000000000e-02 8.437500000000000e-01 0.000000000000000e+00
0.000000000000000e+00 8.437500000000000e-01 0.000000000000000e+00
3.125000000000000e-02 8.125000000000000e-01 0.000000000000000e+00
6.250000000000000e-02 8.125000000000000e-01 0.000000000000000e+00
6.250000000000000e-02 8.437500000000000e-01 0.000000000000000e+00
3.125000000000000e-02 8.437500000000000e-01 0.000000000000000e+00
6.250000000000000e-02 8.125000000000000e-01 0.000000000000000e+00
9.375000000000000e-02 8.125000000000000e-01 0.000000000000000e+00
9.375000000000000e-02 8.437500000000000e-01 0.000000000000000e+00
6.250000000000000e-02 8.437500000000000e-01 0.000000000000000e+00
9.375000000000000e-02 8.125000000000000e-01 0.000000000000000e+00
1.250000000000000e-01 8.125000000000000e-01 0.000000000000000e+00
1.250000000000000e-01 8.437500000000000e-01 0.000000000000000e+00
9.375000000000000e-02 8.437500000000000e-01 0.000000000000000e+00
1.250000000000000e-01 8.125000000000000e-01 0.000000000000000e+00
1.562500000000000e-01 8.125000000000000e-01 0.000000000000000e+00
1.562500000000000e-01 8.437500000000000e-01 0.000000000000000e+00
1.250000000000000e-01 8.437500000000000e-01 0.000000000000000e+00
1.562500000000000e-01 8.125000000000000e-01 0.000000000000000e+00
1.875000000000000e-01 8.125000000000000e-01 0.000000000000000e+00
1.875000000000000e-01 8.437500000000000e-01 0.000000000000000e+00
1.562500000000000e-01 8.437500000000000e-01 0.000000000000000e+00
1.875000000000000e-01 8.125000000000000e-01 0.000000000000000e+00
2.187500000000000e-01 8.125000000000000e-01 0.000000000000000e+00
2.187500000000000e-01 8.437500000000000e-01 0.000000000000000e+00
1.875000000000000e-01 8.437500000000000e-01 0.000000000000000e+00
2.187500000000000e-01 8.125000000000000e-01 0.000000000000000e+00
2.500000000000000e-01 8.125000000000000e-01 0.000000000000000e+00
2.500000000000000e-01 8.437500000000000e-01 0.000000000000000e+00
2.187500000000000e-01 8.437500000000000e-01 0.000000000000000e+00
2.500000000000000e-01 8.125000000000000e-01 0.000000000000000e+00
2.812500000000000e-01 8.125000000000000e-01 0.000000000000000e+00
2.812500000000000e-01 8.437500000000000e-01 0.000000000000000e+00
2.500000000000000e-01 8.437500000000000e-01 0.000000000000000e+00
2.812500000000000e-01 8.125000000000000e-01 0.000000000000000e+00
3.125000000000000e-01 8.125000000000000e-01 0.000000000000000e+00
3.125000000000000e-01 8.437500000000000e-01 0.000000000000000e+00
2.812500000000000e-01 8.437500000000000e-01 0.000000000000000e+00
3.125000000000000e-01 8.125000000000000e-01 0.000000000000000e+00
3.437500000000000e-01 8.125000000000000e-01 0.000000000000000e+00
3.437500000000000e-01 8.437500000000000e-01 0.000000000000000e+00
3.125000000000000e-01 8.437500000000000e-01 0.000000000000000e+00
3.437500000000000e-01 8.125000000000000e-01 0.000000000000000e+00
3.750000000000000e-01 8.125000000000000e-01 0.000000000000000e+00
3.750000000000000e-01 8.437500000000000e-01 0.000000000000000e+00
3.437500000000000e-01 8.437500000000000e-01 0.000000000000000e+00
3.750000000000000e-01 8.125000000000000e-01 0.000000000000000e+00
4.062500000000000e-01 8.125000000000000e-01 0.000000000000000e+00
4.062500000000000e-01 8.437500000000000e-01 0.000000000000000e+00
3.750000000000000e-01 8.437500000000000e-01 0.000000000000000e+00
4.062500000000000e-01 8.125000000000000e-01 0.000000000000000e+00
4.375000000000000e-01 8.125000000000000e-01 0.000000000000000e+00
4.375000000000000e-01 8.437500000000000e-01 0.000000000000000e+00
4.062500000000000e-01 8.437500000000000e-01 0.000000000000000e+00
4.375000000000000e-01 8.125000000000000e-01 0.000000000000000e+00
4.687500000000000e-01 8.125000000000000e-01 0.000000000000000e+00
4.687500000000000e-01 8.437500000000000e-01 0.000000000000000e+00
4.375000000000000e-01 8.437500000000000e-01 0.000000000000000e+00
4.687500000000000e-01 8.125000000000000e-01 0.000000000000000e+00
5.000000000000000e-01 8.125000000000000e-01 0.000000000000000e+00
5.000000000000000e-01 8.437500000000000e-01 0.000000000000000e+00
4.687500000000000e-01 8.437500000000000e-01 0.000000000000000e+00
5.000000000000000e-01 8.125000000000000e-01 0.000000000000000e+00
5.312500000000000e-01 8.125000000000000e-01 0.000000000000000e+00
5.312500000000000e-01 8.437500000000000e-01 0.000000000000000e+00
5.000000000000000e-01 8.437500000000000e-01 0.000000000000000e+00
5.312500000000000e-01 8.125000000000000e-01 0.000000000000000e+00
5.625000000000000e-01 8.125000000000000e-01 0.000000000000000e+00
5.625000000000000e-01 8.437500000000000e-01 0.000000000000000e+00
5.312500000000000e-01 8.437500000000000e-01 0.000000000000000e+00
5.625000000000000e-01 8.125000000000000e-01 0.000000000000000e+00
5.937500000000000e-01 8.125000000000000e-01 0.000000000000000e+00
5.937500000000000e-01 8.437500000000000e-01 0.000000000000000e+00
5.625000000000000e-01 8.437500000000000e-01 0.000000000000000e+00
5.937500000000000e-01 8.125000000000000e-01 0.000000000000000e+00
6.250000000000000e-01 8.125000000000000e-01 0.000000000000000e+00
6.250000000000000e-01 8.437500000000000e-01 0.000000000000000e+00
5.937500000000000e-01 8.437500000000000e-01 0.000000000000000e+00
6.250000000000000e-01 8.125000000000000e-01 0.000000000000000e+00
6.562500000000000e-01 8.125000000000000e-01 0.000000000000000e+00
6.562500000000000e-01 8.437500000000000e-01 0.000000000000000e+00
6.250000000000000e-01 8.437500000000000e-01 0.000000000000000e+00
6.562500000000000e-01 8.125000000000000e-01 0.000000000000000e+00
6.875000000000000e-01 8.125000000000000e-01 0.000000000000000e+00
6.875000000000000e-01 8.437500000000000e-01 0.000000000000000e+00
6.562500000000000e-01 8.437500000000000e-01 0.000000000000000e+00
6.875000000000000e-01 8.125000000000000e-01 0.000000000000000e+00
7.187500000000000e-01 8.125000000000000e-01 0.000000000000000e+00
7.187500000000000e-01 8.437500000000000e-01 0.000000000000000e+00
6.875000000000000e-01 8.437500000000000e-01 0.000000000000000e+00
7.187500000000000e-01 8.125000000000000e-01 0.000000000000000e+00
7.500000000000000e-01 8.125000000000000e-01 0.000000000000000e+00
7.500000000000000e-01 8.437500000000000e-01 0.000000000000000e+00
7.187500000000000e-01 8.437500000000000e-01 0.000000000000000e+00
7.500000000000000e-01 8.125000000000000e-01 0.000000000000000e+00
7.812500000000000e-01 8.125000000000000e-01 0.000000000000000e+00
7.812500000000000e-01 8.437500000000000e-01 0.000000000000000e+00
7.500000000000000e-01 8.437500000000000e-01 0.000000000000000e+00
7.812500000000000e-01 8.125000000000000e-01 0.000000000000000e+00
8.125000000000000e-01 8.125000000000000e-01 0.000000000000000e+00
8.125000000000000e-01 8.437500000000000e-01 0.000000000000000e+00
7.812500000000000e-01 8.437500000000000e-01 0.000000000000000e+00
8.125000000000000e-01 8.125000000000000e-01 0.000000000000000e+00
8.437500000000000e-01 8.125000000000000e-01 0.000000000000000e+00
8.437500000000000e-01 8.437500000000000e-01 0.000000000000000e+00
8.125000000000000e-01 8.437500000000000e-01 0.000000000000000e+00
8.437500000000000e-01 8.125000000000000e-01 0.000000000000000e+00
8.750000000000000e-01 8.125000000000000e-01 0.000000000000000e+00
8.750000000000000e-01 8.437500000000000e-01 0.000000000000000e+00
8.437500000000000e-01 8.437500000000000e-01 0.000000000000000e+00
8.750000000000000e-01 8.125000000000000e-01 0.000000000000000e+00
9.062500000000000e-01 8.125000000000000e-01 0.000000000000000e+00
9.062500000000000e-01 8.437500000000000e-01 0.000000000000000e+00
8.750000000000000e-01 8.437500000000000e-01 0.000000000000000e+00
9.062500000000000e-01 8.125000000000000e-01 0.000000000000000e+00
9.375000000000000e-01 8.125000000000000e-01 0.000000000000000e+00
9.375000000000000e-01 8.437500000000000e-01 0.000000000000000e+00
9.062500000000000e-01 8.437500000000000e-01 0.000000000000000e+00
9.375000000000000e-01 8.125000000000000e-01 0.000000000000000e+00
9.687500000000000e-01 8.125000000000000e-01 0.000000000000000e+00
9.687500000000000e-01 8.437500000000000e-01 0.000000000000000e+00
9.375000000000000e-01 8.437500000000000e-01 0.000000000000000e+00
9.687500000000000e-01 8.125000000000000e-01 0.000000000000000e+00
1.000000000000000e+00 8.125000000000000e-01 0.000000000000000e+00
1.000000000000000e+00 8.437500000000000e-01 0.000000000000000e+00
9.687500000000000e-01 8.437500000000000e-01 0.000000000000000e+00
0.000000000000000e+00 8.437500000000000e-01 0.000000000000000e+00
3.125000000000000e-02 8.437500000000000e-01 0.000000000000000e+00
3.125000000000000e-02 8.750000000000000e-01 0.000000000000000e+00
0.000000000000000e+00 8.750000000000000e-01 0.000000000000000e+00
3.125000000000000e-02 8.437500000000000e-01 0.000000000000000e+00
6.250000000000000e-02 8.437500000000000e-01 0.000000000000000e+00
6.250000000000000e-02 8.750000000000000e-01 0.000000000000000e+00
3.125000000000000e-02 8.750000000000000e-01 0.000000000000000e+00
6.250000000000000e-02 8.437500000000000e-01 0.000000000000000e+00
9.375000000000000e-02 8.437500000000000e-01 0.000000000000000e+00
9.375000000000000e-02 8.750000000000000e-01 0.000000000000000e+00
6.250000000000000e-02 8.750000000000000e-01 0.000000000000000e+00
9.375000000000000e-02 8.437500000000000e-01 0.000000000000000e+00
1.250000000000000e-01 8.437500000000000e-01 0.000000000000000e+00
1.250000000000000e-01 8.750000000000000e-01 0.000000000000000e+00
9.375000000000000e-02 8.750000000000000e-01 0.000000000000000e+00
1.250000000000000e-01 8.437500000000000e-01 0.000000000000000e+00
1.562500000000000e-01 8.437500000000000e-01 0.000000000000000e+00
1.562500000000000e-01 8.750000000000000e-01 0.000000000000000e+00
1.250000000000000e-01 8.750000000000000e-01 0.000000000000000e+00
1.562500000000000e-01 8.437500000000000e-01 0.000000000000000e+00
1.875000000000000e-01 8.437500000000000e-01 0.000000000000000e+00
1.875000000000000e-01 8.750000000000000e-01 0.000000000000000e+00
1.562500000000000e-01 8.750000000000000e-01 0.000000000000000e+00
1.875000000000000e-01 8.437500000000000e-01 0.000000000000000e+00
2.187500000000000e-01 8.437500000000000e-01 0.000000000000000e+00
2.187500000000000e-01 8.750000000000000e-01 0.000000000000000e+00
1.875000000000000e-01 8.750000000000000e-01 0.000000000000000e+00
2.187500000000000e-01 8.437500000000000e-01 0.000000000000000e+00
2.500000000000000e-01 8.437500000000000e-01 0.000000000000000e+00
2.500000000000000e-01 8.750000000000000e-01 0.000000000000000e+00
2.187500000000000e-01 8.750000000000000e-01 0.000000000000000e+00
2.500000000000000e-01 8.437500000000000e-01 0.000000000000000e+00
2.812500000000000e-01 8.437500000000000e-01 0.000000000000000e+00
2.812500000000000e-01 8.750000000000000e-01 0.000000000000000e+00
2.500000000000000e-01 8.750000000000000e-01 0.000000000000000e+00
2.812500000000000e-01 8.437500000000000e-01 0.000000000000000e+00
3.125000000000000e-01 8.437500000000000e-01 0.000000000000000e+00
3.125000000000000e-01 8.750000000000000e-01 0.000000000000000e+00
2.812500000000000e-01 8.750000000000000e-01 0.000000000000000e+00
3.125000000000000e-01 8.437500000000000e-01 0.000000000000000e+00
3.437500000000000e-01 8.437500000000000e-01 0.000000000000000e+00
3.437500000000000e-01 8.750000000000000e-01 0.000000000000000e+00
3.125000000000000e-01 8.750000000000000e-01 0.000000000000000e+00
3.437500000000000e-01 8.437500000000000e-01 0.000000000000000e+00
3.750000000000000e-01 8.437500000000000e-01 0.000000000000000e+00
3.750000000000000e-01 8.750000000000000e-01 0.000000000000000e+00
3.437500000000000e-01 8.750000000000000e-01 0.000000000000000e+00
3.750000000000000e-01 8.437500000000000e-01 0.000000000000000e+00
4.062500000000000e-01 8.437500000000000e-01 0.000000000000000e+00
4.062500000000000e-01 8.750000000000000e-01 0.000000000000000e+00
3.750000000000000e-01 8.750000000000000e-01 0.000000000000000e+00
4.062500000000000e-01 8.437500000000000e-01 0.000000000000000e+00
4.375000000000000e-01 8.437500000000000e-01 0.000000000000000e+00
4.375000000000000e-01 8.750000000000000e-01 0.000000000000000e+00
4.062500000000000e-01 8.750000000000000e-01 0.000000000000000e+00
4.375000000000000e-01 8.437500000000000e-01 0.000000000000000e+00
4.687500000000000e-01 8.437500000000000e-01 0.000000000000000e+00
4.687500000000000e-01 8.750000000000000e-01 0.000000000000000e+00
4.375000000000000e-01 8.750000000000000e-01 0.000000000000000e+00
4.687500000000000e-01 8.437500000000000e-01 0.000000000000000e+00
5.000000000000000e-01 8.437500000000000e-01 0.000000000000000e+00
5.000000000000000e-01 8.750000000000000e-01 0.000000000000000e+00
4.687500000000000e-01 8.750000000000000e-01 0.000000000000000e+00
5.000000000000000e-01 8.437500000000000e-01 0.000000000000000e+00
5.312500000000000e-01 8.437500000000000e-01 0.000000000000000e+00
5.312500000000000e-01 8.750000000000000e-01 0.000000000000000e+00
5.000000000000000e-01 8.750000000000000e-01 0.000000000000000e+00
5.312500000000000e-01 8.437500000000000e-01 0.000000000000000e+00
5.625000000000000e-01 8.437500000000000e-01 0.000000000000000e+00
5.625000000000000e-01 8.750000000000000e-01 0.000000000000000e+00
5.312500000000000e-01 8.750000000000000e-01 0.000000000000000e+00
5.625000000000000e-01 8.437500000000000e-01 0.000000000000000e+00
5.937500000000000e-01 8.437500000000000e-01 0.000000000000000e+00
5.937500000000000e-01 8.750000000000000e-01 0.000000000000000e+00
5.625000000000000e-01 8.750000000000000e-01 0.000000000000000e+00
5.937500000000000e-01 8.437500000000000e-01 0.000000000000000e+00
6.250000000000000e-01 8.437500000000000e-01 0.000000000000000e+00
6.250000000000000e-01 8.750000000000000e-01 0.000000000000000e+00
5.937500000000000e-01 8.750000000000000e-01 0.000000000000000e+00
6.250000000000000e-01 8.437500000000000e-01 0.000000000000000e+00
6.562500000000000e-01 8.437500000000000e-01 0.000000000000000e+00
6.562500000000000e-01 8.750000000000000e-01 0.000000000000000e+00
6.250000000000000e-01 8.750000000000000e-01 0.000000000000000e+00
6.562500000000000e-01 8.437500000000000e-01 0.000000000000000e+00
6.875000000000000e-01 8.437500000000000e-01 0.000000000000000e+00
6.875000000000000e-01 8.750000000000000e-01 0.000000000000000e+00
6.562500000000000e-01 8.750000000000000e-01 0.000000000000000e+00
6.875000000000000e-01 8.437500000000000e-01 0.000000000000000e+00
7.187500000000000e-01 8.437500000000000e-01 0.000000000000000e+00
7.187500000000000e-01 8.750000000000000e-01 0.000000000000000e+00
6.875000000000000e-01 8.750000000000000e-01 0.000000000000000e+00
7.187500000000000e-01 8.437500000000000e-01 0.000000000000000e+00
7.500000000000000e-01 8.437500000000000e-01 0.000000000000000e+00
7.500000000000000e-01 8.750000000000000e-01 0.000000000000000e+00
7.187500000000000e-01 8.750000000000000e-01 0.000000000000000e+00
7.500000000000000e-01 8.437500000000000e-01 0.000000000000000e+00
7.812500000000000e-01 8.437500000000000e-01 0.000000000000000e+00
7.812500000000000e-01 8.750000000000000e-01 0.000000000000000e+00
7.500000000000000e-01 8.750000000000000e-01 0.000000000000000e+00
7.812500000000000e-01 8.437500000000000e-01 0.000000000000000e+00
8.125000000000000e-01 8.437500000000000e-01 0.000000000000000e+00
8.125000000000000e-01 8.750000000000000e-01 0.000000000000000e+00
7.812500000000000e-01 8.750000000000000e-01 0.000000000000000e+00
8.125000000000000e-01 8.437500000000000e-01 0.000000000000000e+00
8.437500000000000e-01 8.437500000000000e-01 0.000000000000000e+00
8.437500000000000e-01 8.750000000000000e-01 0.000000000000000e+00
8.125000000000000e-01 8.750000000000000e-01 0.000000000000000e+00
8.437500000000000e-01 8.437500000000000e-01 0.000000000000000e+00
8.750000000000000e-01 8.437500000000000e-01 0.000000000000000e+00
8.750000000000000e-01 8.750000000000000e-01 0.000000000000000e+00
8.437500000000000e-01 8.750000000000000e-01 0.000000000000000e+00
8.750000000000000e-01 8.437500000000000e-01 0.000000000000000e+00
9.062500000000000e-01 8.437500000000000e-01 0.000000000000000e+00
9.062500000000000e-01 8.750000000000000e-01 0.000000000000000e+00
8.750000000000000e-01 8.750000000000000e-01 0.000000000000000e+00
9.062500000000000e-01 8.437500000000000e-01 0.000000000000000e+00
9.375000000000000e-01 8.437500000000000e-01 0.000000000000000e+00
9.375000000000000e-01 8.750000000000000e-01 0.000000000000000e+00
9.062500000000000e-01 8.750000000000000e-01 0.000000000000000e+00
9.375000000000000e-01 8.437500000000000e-01 0.000000000000000e+00
9.687500000000000e-01 8.437500000000000e-01 0.000000000000000e+00
9.687500000000000e-01 8.750000000000000e-01 0.000000000000000e+00
9.375000000000000e-01 8.750000000000000e-01 0.000000000000000e+00
9.687500000000000e-01 8.437500000000000e-01 0.000000000000000e+00
1.000000000000000e+00 8.437500000000000e-01 0.000000000000000e+00
1.000000000000000e+00 8.750000000000000e-01 0.000000000000000e+00
9.687500000000000e-01 8.750000000000000e-01 0.000000000000000e+00
0.000000000000000e+00 8.750000000000000e-01 0.000000000000000e+00
3.125000000000000e-02 8.750000000000000e-01 0.000000000000000e+00
3.125000000000000e-02 9.062500000000000e-01 0.000000000000000e+00
0.000000000000000e+00 9.062500000000000e-01 0.000000000000000e+00
3.125000000000000e-02 8.750000000000000e-01 0.000000000000000e+00
6.250000000000000e-02 8.750000000000000e-01 0.000000000000000e+00
6.250000000000000e-02 9.062500000000000e-01 0.000000000000000e+00
3.125000000000000e-02 9.062500000000000e-01 0.000000000000000e+00
6.250000000000000e-02 8.750000000000000e-01 0.000000000000000e+00
9.375000000000000e-02 8.750000000000000e-01 0.000000000000000e+00
9.375000000000000e-02 9.062500000000000e-01 0.000000000000000e+00
6.250000000000000e-02 9.062500000000000e-01 0.000000000000000e+00
9.375000000000000e-02 8.750000000000000e-01 0.000000000000000e+00
1.250000000000000e-01 8.750000000000000e-01 0.000000000000000e+00
1.250000000000000e-01 9.062500000000000e-01 0.000000000000000e+00
9.375000000000000e-02 9.062500000000000e-01 0.000000000000000e+00
1.250000000000000e-01 8.750000000000000e-01 0.000000000000000e+00
1.562500000000000e-01 8.750000000000000e-01 0.000000000000000e+00
1.562500000000000e-01 9.062500000000000e-01 0.000000000000000e+00
1.250000000000000e-01 9.062500000000000e-01 0.000000000000000e+00
1.562500000000000e-01 8.750000000000000e-01 0.000000000000000e+00
1.875000000000000e-01 8.750000000000000e-01 0.000000000000000e+00
1.875000000000000e-01 9.062500000000000e-01 0.000000000000000e+00
1.562500000000000e-01 9.062500000000000e-01 0.000000000000000e+00
1.875000000000000e-01 8.750000000000000e-01 0.000000000000000e+00
2.187500000000000e-01 8.750000000000000e-01 0.000000000000000e+00
2.187500000000000e-01 9.062500000000000e-01 0.000000000000000e+00
1.875000000000000e-01 9.062500000000000e-01 0.000000000000000e+00
2.187500000000000e-01 8.750000000000000e-01 0.000000000000000e+00
2.500000000000000e-01 8.750000000000000e-01 0.000000000000000e+00
2.500000000000000e-01 9.062500000000000e-01 0.000000000000000e+00
2.187500000000000e-01 9.062500000000000e-01 0.000000000000000e+00
2.500000000000000e-01 8.750000000000000e-01 0.000000000000000e+00
2.812500000000000e-01 8.750000000000000e-01 0.000000000000000e+00
2.812500000000000e-01 9.062500000000000e-01 0.000000000000000e+00
2.500000000000000e-01 9.062500000000000e-01 0.000000000000000e+00
2.812500000000000e-01 8.750000000000000e-01 0.000000000000000e+00
3.125000000000000e-01 8.750000000000000e-01 0.000000000000000e+00
3.125000000000000e-01 9.062500000000000e-01 0.000000000000000e+00
2.812500000000000e-01 9.062500000000000e-01 0.000000000000000e+00
3.125000000000000e-01 8.750000000000000e-01 0.000000000000000e+00
3.437500000000000e-01 8.750000000000000e-01 0.000000000000000e+00
3.437500000000000e-01 9.062500000000000e-01 0.000000000000000e+00
3.125000000000000e-01 9.062500000000000e-01 0.000000000000000e+00
3.437500000000000e-01 8.750000000000000e-01 0.000000000000000e+00
3.750000000000000e-01 8.750000000000000e-01 0.000000000000000e+00
3.750000000000000e-01 9.062500000000000e-01 0.000000000000000e+00
3.437500000000000e-01 9.062500000000000e-01 0.000000000000000e+00
3.750000000000000e-01 8.750000000000000e-01 0.000000000000000e+00
4.062500000000000e-01 8.750000000000000e-01 0.000000000000000e+00
4.062500000000000e-01 9.062500000000000e-01 0.000000000000000e+00
3.750000000000000e-01 9.062500000000000e-01 0.000000000000000e+00
4.062500000000000e-01 8.750000000000000e-01 0.000000000000000e+00
4.375000000000000e-01 8.750000000000000e-01 0.000000000000000e+00
4.375000000000000e-01 9.062500000000000e-01 0.000000000000000e+00
4.062500000000000e-01 9.062500000000000e-01 0.000000000000000e+00
4.375000000000000e-01 8.750000000000000e-01 0.000000000000000e+00
4.687500000000000e-01 8.750000000000000e-01 0.000000000000000e+00
4.687500000000000e-01 9.062500000000000e-01 0.000000000000000e+00
4.375000000000000e-01 9.062500000000000e-01 0.000000000000000e+00
4.687500000000000e-01 8.750000000000000e-01 0.000000000000000e+00
5.000000000000000e-01 8.750000000000000e-01 0.000000000000000e+00
5.000000000000000e-01 9.062500000000000e-01 0.000000000000000e+00
4.687500000000000e-01 9.062500000000000e-01 0.000000000000000e+00
5.000000000000000e-01 8.750000000000000e-01 0.000000000000000e+00
5.312500000000000e-01 8.750000000000000e-01 0.000000000000000e+00
5.312500000000000e-01 9.062500000000000e-01 0.000000000000000e+00
5.000000000000000e-01 9.062500000000000e-01 0.000000000000000e+00
5.312500000000000e-01 8.750000000000000e-01 0.000000000000000e+00
5.625000000000000e-01 8.750000000000000e-01 0.000000000000000e+00
5.625000000000000e-01 9.062500000000000e-01 0.000000000000000e+00
5.312500000000000e-01 9.062500000000000e-01 0.000000000000000e+00
5.625000000000000e-01 8.750000000000000e-01 0.000000000000000e+00
5.937500000000000e-01 8.750000000000000e-01 0.000000000000000e+00
5.937500000000000e-01 9.062500000000000e-01 0.000000000000000e+00
5.625000000000000e-01 9.062500000000000e-01 0.000000000000000e+00
5.937500000000000e-01 8.750000000000000e-01 0.000000000000000e+00
6.250000000000000e-01 8.750000000000000e-01 0.000000000000000e+00
6.250000000000000e-01 9.062500000000000e-01 0.000000000000000e+00
5.937500000000000e-01 9.062500000000000e-01 0.000000000000000e+00
6.250000000000000e-01 8.750000000000000e-01 0.000000000000000e+00
6.562500000000000e-01 8.750000000000000e-01 0.000000000000000e+00
6.562500000000000e-01 9.062500000000000e-01 0.000000000000000e+00
6.250000000000000e-01 9.062500000000000e-01 0.000000000000000e+00
6.562500000000000e-01 8.750000000000000e-01 0.000000000000000e+00
6.875000000000000e-01 8.750000000000000e-01 0.000000000000000e+00
6.875000000000000e-01 9.062500000000000e-01 0.000000000000000e+00
6.562500000000000e-01 9.062500000000000e-01 0.000000000000000e+00
6.875000000000000e-01 8.750000000000000e-01 0.000000000000000e+00
7.187500000000000e-01 8.750000000000000e-01 0.000000000000000e+00
7.187500000000000e-01 9.062500000000000e-01 0.000000000000000e+00
6.875000000000000e-01 9.062500000000000e-01 0.000000000000000e+00
7.187500000000000e-01 8.750000000000000e-01 0.000000000000000e+00
7.500000000000000e-01 8.750000000000000e-01 0.000000000000000e+00
7.500000000000000e-01 9.062500000000000e-01 0.000000000000000e+00
7.187500000000000e-01 9.062500000000000e-01 0.000000000000000e+00
7.500000000000000e-01 8.750000000000000e-01 0.000000000000000e+00
7.812500000000000e-01 8.750000000000000e-01 0.000000000000000e+00
7.812500000000000e-01 9.062500000000000e-01 0.000000000000000e+00
7.500000000000000e-01 9.062500000000000e-01 0.000000000000000e+00
7.812500000000000e-01 8.750000000000000e-01 0.000000000000000e+00
8.125000000000000e-01 8.750000000000000e-01 0.000000000000000e+00
8.125000000000000e-01 9.062500000000000e-01 0.000000000000000e+00
7.812500000000000e-01 9.062500000000000e-01 0.000000000000000e+00
8.125000000000000e-01 8.750000000000000e-01 0.000000000000000e+00
8.437500000000000e-01 8.750000000000000e-01 0.000000000000000e+00
8.437500000000000e-01 9.062500000000000e-01 0.000000000000000e+00
8.125000000000000e-01 9.062500000000000e-01 0.000000000000000e+00
8.437500000000000e-01 8.750000000000000e-01 0.000000000000000e+00
8.750000000000000e-01 8.750000000000000e-01 0.000000000000000e+00
8.750000000000000e-01 9.062500000000000e-01 0.000000000000000e+00
8.437500000000000e-01 9.062500000000000e-01 0.000000000000000e+00
8.750000000000000e-01 8.750000000000000e-01 0.000000000000000e+00
9.062500000000000e-01 8.750000000000000e-01 0.000000000000000e+00
9.062500000000000e-01 9.062500000000000e-01 0.000000000000000e+00
8.750000000000000e-01 9.062500000000000e-01 0.000000000000000e+00
9.062500000000000e-01 8.750000000000000e-01 0.000000000000000e+00
9.375000000000000e-01 8.750000000000000e-01 0.000000000000000e+00
9.375000000000000e-01 9.062500000000000e-01 0.000000000000000e+00
9.062500000000000e-01 9.062500000000000e-01 0.000000000000000e+00
9.375000000000000e-01 8.750000000000000e-01 0.000000000000000e+00
9.687500000000000e-01 8.750000000000000e-01 0.000000000000000e+00
9.687500000000000e-01 9.062500000000000e-01 0.000000000000000e+00
9.375000000000000e-01 9.062500000000000e-01 0.000000000000000e+00
9.687500000000000e-01 8.750000000000000e-01 0.000000000000000e+00
1.000000000000000e+00 8.750000000000000e-01 0.000000000000000e+00
1.000000000000000e+00 9.062500000000000e-01 0.000000000000000e+00
9.687500000000000e-01 9.062500000000000e-01 0.000000000000000e+00
0.000000000000000e+00 9.062500000000000e-01 0.000000000000000e+00
3.125000000000000e-02 9.062500000000000e-01 0.000000000000000e+00
3.125000000000000e-02 9.375000000000000e-01 0.000000000000000e+00
0.000000000000000e+00 9.375000000000000e-01 0.000000000000000e+00
3.125000000000000e-02 9.062500000000000e-01 0.000000000000000e+00
6.250000000000000e-02 9.062500000000000e-01 0.000000000000000e+00
6.250000000000000e-02 9.375000000000000e-01 0.000000000000000e+00
3.125000000000000e-02 9.375000000000000e-01 0.000000000000000e+00
6.250000000000000e-02 9.062500000000000e-01 0.000000000000000e+00
9.375000000000000e-02 9.062500000000000e-01 0.000000000000000e+00
9.375000000000000e-02 9.375000000000000e-01 0.000000000000000e+00
6.250000000000000e-02 9.375000000000000e-01 0.000000000000000e+00
9.375000000000000e-02 9.062500000000000e-01 0.000000000000000e+00
1.250000000000000e-01 9.062500000000000e-01 0.000000000000000e+00
1.250000000000000e-01 9.375000000000000e-01 0.000000000000000e+00
9.375000000000000e-02 9.375000000000000e-01 0.000000000000000e+00
1.250000000000000e-01 9.062500000000000e-01 0.000000000000000e+00
1.562500000000000e-01 9.062500000000000e-01 0.000000000000000e+00
1.562500000000000e-01 9.375000000000000e-01 0.000000000000000e+00
1.250000000000000e-01 9.375000000000000e-01 0.000000000000000e+00
1.562500000000000e-01 9.062500000000000e-01 0.000000000000000e+00
1.875000000000000e-01 9.062500000000000e-01 0.000000000000000e+00
1.875000000000000e-01 9.375000000000000e-01 0.000000000000000e+00
1.562500000000000e-01 9.375000000000000e-01 0.000000000000000e+00
1.875000000000000e-01 9.062500000000000e-01 0.000000000000000e+00
2.187500000000000e-01 9.062500000000000e-01 0.000000000000000e+00
2.187500000000000e-01 9.375000000000000e-01 0.000000000000000e+00
1.875000000000000e-01 9.375000000000000e-01 0.000000000000000e+00
2.187500000000000e-01 9.062500000000000e-01 0.000000000000000e+00
2.500000000000000e-01 9.062500000000000e-01 0.000000000000000e+00
2.500000000000000e-01 9.375000000000000e-01 0.000000000000000e+00
2.187500000000000e-01 9.375000000000000e-01 0.000000000000000e+00
2.500000000000000e-01 9.062500000000000e-01 0.000000000000000e+00
2.812500000000000e-01 9.062500000000000e-01 0.000000000000000e+00
2.812500000000000e-01 9.375000000000000e-01 0.000000000000000e+00
2.500000000000000e-01 9.375000000000000e-01 0.000000000000000e+00
2.812500000000000e-01 9.062500000000000e-01 0.000000000000000e+00
3.125000000000000e-01 9.062500000000000e-01 0.000000000000000e+00
3.125000000000000e-01 9.375000000000000e-01 0.000000000000000e+00
2.812500000000000e-01 9.375000000000000e-01 0.000000000000000e+00
3.125000000000000e-01 9.062500000000000e-01 0.000000000000000e+00
3.437500000000000e-01 9.062500000000000e-01 0.000000000000000e+00
3.437500000000000e-01 9.375000000000000e-01 0.000000000000000e+00
3.125000000000000e-01 9.375000000000000e-01 0.000000000000000e+00
3.437500000000000e-01 9.062500000000000e-01 0.000000000000000e+00
3.750000000000000e-01 9.062500000000000e-01 0.000000000000000e+00
3.750000000000000e-01 9.375000000000000e-01 0.000000000000000e+00
3.437500000000000e-01 9.375000000000000e-01 0.000000000000000e+00
3.750000000000000e-01 9.062500000000000e-01 0.000000000000000e+00
4.062500000000000e-01 9.062500000000000e-01 0.000000000000000e+00
4.062500000000000e-01 9.375000000000000e-01 0.000000000000000e+00
3.750000000000000e-01 9.375000000000000e-01 0.000000000000000e+00
4.062500000000000e-01 9.062500000000000e-01 0.000000000000000e+00
4.375000000000000e-01 9.062500000000000e-01 0.000000000000000e+00
4.375000000000000e-01 9.375000000000000e-01 0.000000000000000e+00
4.062500000000000e-01 9.375000000000000e-01 0.000000000000000e+00
4.375000000000000e-01 9.062500000000000e-01 0.000000000000000e+00
4.687500000000000e-01 9.062500000000000e-01 0.000000000000000e+00
4.687500000000000e-01 9.375000000000000e-01 0.000000000000000e+00
4.375000000000000e-01 9.375000000000000e-01 0.000000000000000e+00
4.687500000000000e-01 9.062500000000000e-01 0.000000000000000e+00
5.000000000000000e-01 9.062500000000000e-01 0.000000000000000e+00
5.000000000000000e-01 9.375000000000000e-01 0.000000000000000e+00
4.687500000000000e-01 9.375000000000000e-01 0.000000000000000e+00
5.000000000000000e-01 9.062500000000000e-01 0.000000000000000e+00
5.312500000000000e-01 9.062500000000000e-01 0.000000000000000e+00
5.312500000000000e-01 9.375000000000000e-01 0.000000000000000e+00
5.000000000000000e-01 9.375000000000000e-01 0.000000000000000e+00
5.312500000000000e-01 9.062500000000000e-01 0.000000000000000e+00
5.625000000000000e-01 9.062500000000000e-01 0.000000000000000e+00
5.625000000000000e-01 9.375000000000000e-01 0.000000000000000e+00
5.312500000000000e-01 9.375000000000000e-01 0.000000000000000e+00
5.625000000000000e-01 9.062500000000000e-01 0.000000000000000e+00
5.937500000000000e-01 9.062500000000000e-01 0.000000000000000e+00
5.937500000000000e-01 9.375000000000000e-01 0.000000000000000e+00
5.625000000000000e-01 9.375000000000000e-01 0.000000000000000e+00
5.937500000000000e-01 9.062500000000000e-01 0.000000000000000e+00
6.250000000000000e-01 9.062500000000000e-01 0.000000000000000e+00
6.250000000000000e-01 9.375000000000000e-01 0.000000000000000e+00
5.937500000000000e-01 9.375000000000000e-01 0.000000000000000e+00
6.250000000000000e-01 9.062500000000000e-01 0.000000000000000e+00
6.562500000000000e-01 9.062500000000000e-01 0.000000000000000e+00
6.562500000000000e-01 9.375000000000000e-01 0.000000000000000e+00
6.250000000000000e-01 9.375000000000000e-01 0.000000000000000e+00
6.562500000000000e-01 9.062500000000000e-01 0.000000000000000e+00
6.875000000000000e-01 9.062500000000000e-01 0.000000000000000e+00
6.875000000000000e-01 9.375000000000000e-01 0.000000000000000e+00
6.562500000000000e-01 9.375000000000000e-01 0.000000000000000e+00
6.875000000000000e-01 9.062500000000000e-01 0.000000000000000e+00
7.187500000000000e-01 9.062500000000000e-01 0.000000000000000e+00
7.187500000000000e-01 9.375000000000000e-01 0.000000000000000e+00
6.875000000000000e-01 9.375000000000000e-01 0.000000000000000e+00
7.187500000000000e-01 9.062500000000000e-01 0.000000000000000e+00
7.500000000000000e-01 9.062500000000000e-01 0.000000000000000e+00
7.500000000000000e-01 9.375000000000000e-01 0.000000000000000e+00
7.187500000000000e-01 9.375000000000000e-01 0.000000000000000e+00
7.500000000000000e-01 9.062500000000000e-01 0.000000000000000e+00
7.812500000000000e-01 9.062500000000000e-01 0.000000000000000e+00
7.812500000000000e-01 9.375000000000000e-01 0.000000000000000e+00
7.500000000000000e-01 9.375000000000000e-01 0.000000000000000e+00
7.812500000000000e-01 9.062500000000000e-01 0.000000000000000e+00
8.125000000000000e-01 9.062500000000000e-01 0.000000000000000e+00
8.125000000000000e-01 9.375000000000000e-01 0.000000000000000e+00
7.812500000000000e-01 9.375000000000000e-01 0.000000000000000e+00
8.125000000000000e-01 9.062500000000000e-01 0.000000000000000e+00
8.437500000000000e-01 9.062500000000000e-01 0.000000000000000e+00
8.437500000000000e-01 9.375000000000000e-01 0.000000000000000e+00
8.125000000000000e-01 9.375000000000000e-01 0.000000000000000e+00
8.437500000000000e-01 9.062500000000000e-01 0.000000000000000e+00
8.750000000000000e-01 9.062500000000000e-01 0.000000000000000e+00
8.750000000000000e-01 9.375000000000000e-01 0.000000000000000e+00
8.437500000000000e-01 9.375000000000000e-01 0.000000000000000e+00
8.750000000000000e-01 9.062500000000000e-01 0.000000000000000e+00
9.062500000000000e-01 9.062500000000000e-01 0.000000000000000e+00
9.062500000000000e-01 9.375000000000000e-01 0.000000000000000e+00
8.750000000000000e-01 9.375000000000000e-01 0.000000000000000e+00
9.062500000000000e-01 9.062500000000000e-01 0.000000000000000e+00
9.375000000000000e-01 9.062500000000000e-01 0.000000000000000e+00
9.375000000000000e-01 9.375000000000000e-01 0.000000000000000e+00
9.062500000000000e-01 9.375000000000000e-01 0.000000000000000e+00
9.375000000000000e-01 9.062500000000000e-01 0.000000000000000e+00
9.687500000000000e-01 9.062500000000000e-01 0.000000000000000e+00
9.687500000000000e-01 9.375000000000000e-01 0.000000000000000e+00
9.375000000000000e-01 9.375000000000000e-01 0.000000000000000e+00
9.687500000000000e-01 9.062500000000000e-01 0.000000000000000e+00
1.000000000000000e+00 9.062500000000000e-01 0.000000000000000e+00
1.000000000000000e+00 9.375000000000000e-01 0.000000000000000e+00
9.687500000000000e-01 9.375000000000000e-01 0.000000000000000e+00
0.000000000000000e+00 9.375000000000000e-01 0.000000000000000e+00
3.125000000000000e-02 9.375000000000000e-01 0.000000000000000e+00
3.125000000000000e-02 9.687500000000000e-01 0.000000000000000e+00
0.000000000000000e+00 9.687500000000000e-01 0.000000000000000e+00
3.125000000000000e-02 9.375000000000000e-01 0.000000000000000e+00
6.250000000000000e-02 9.375000000000000e-01 0.000000000000000e+00
6.250000000000000e-02 9.687500000000000e-01 0.000000000000000e+00
3.125000000000000e-02 9.687500000000000e-01 0.000000000000000e+00
6.250000000000000e-02 9.375000000000000e-01 0.000000000000000e+00
9.375000000000000e-02 9.375000000000000e-01 0.000000000000000e+00
9.375000000000000e-02 9.687500000000000e-01 0.000000000000000e+00
6.250000000000000e-02 9.687500000000000e-01 0.000000000000000e+00
9.375000000000000e-02 9.375000000000000e-01 0.000000000000000e+00
1.250000000000000e-01 9.375000000000000e-01 0.000000000000000e+00
1.250000000000000e-01 9.687500000000000e-01 0.000000000000000e+00
9.375000000000000e-02 9.687500000000000e-01 0.000000000000000e+00
1.250000000000000e-01 9.375000000000000e-01 0.000000000000000e+00
1.562500000000000e-01 9.375000000000000e-01 0.000000000000000e+00
1.562500000000000e-01 9.687500000000000e-01 0.000000000000000e+00
1.250000000000000e-01 9.687500000000000e-01 0.000000000000000e+00
1.562500000000000e-01 9.375000000000000e-01 0.000000000000000e+00
1.875000000000000e-01 9.375000000000000e-01 0.000000000000000e+00
1.875000000000000e-01 9.687500000000000e-01 0.000000000000000e+00
1.562500000000000e-01 9.687500000000000e-01 0.000000000000000e+00
1.875000000000000e-01 9.375000000000000e-01 0.000000000000000e+00
2.187500000000000e-01 9.375000000000000e-01 0.000000000000000e+00
2.187500000000000e-01 9.687500000000000e-01 0.000000000000000e+00
1.875000000000000e-01 9.687500000000000e-01 0.000000000000000e+00
2.187500000000000e-01 9.375000000000000e-01 0.000000000000000e+00
2.500000000000000e-01 9.375000000000000e-01 0.000000000000000e+00
2.500000000000000e-01 9.687500000000000e-01 0.000000000000000e+00
2.187500000000000e-01 9.687500000000000e-01 0.000000000000000e+00
2.500000000000000e-01 9.375000000000000e-01 0.000000000000000e+00
2.812500000000000e-01 9.375000000000000e-01 0.000000000000000e+00
2.812500000000000e-01 9.687500000000000e-01 0.000000000000000e+00
2.500000000000000e-01 9.687500000000000e-01 0.000000000000000e+00
2.812500000000000e-01 9.375000000000000e-01 0.000000000000000e+00
3.125000000000000e-01 9.375000000000000e-01 0.000000000000000e+00
3.125000000000000e-01 9.687500000000000e-01 0.000000000000000e+00
2.812500000000000e-01 9.687500000000000e-01 0.000000000000000e+00
3.125000000000000e-01 9.375000000000000e-01 0.000000000000000e+00
3.437500000000000e-01 9.375000000000000e-01 0.000000000000000e+00
3.437500000000000e-01 9.687500000000000e-01 0.000000000000000e+00
3.125000000000000e-01 9.687500000000000e-01 0.000000000000000e+00
3.437500000000000e-01 9.375000000000000e-01 0.000000000000000e+00
3.750000000000000e-01 9.375000000000000e-01 0.000000000000000e+00
3.750000000000000e-01 9.687500000000000e-01 0.000000000000000e+00
3.437500000000000e-01 9.687500000000000e-01 0.000000000000000e+00
3.750000000000000e-01 9.375000000000000e-01 0.000000000000000e+00
4.062500000000000e-01 9.375000000000000e-01 0.000000000000000e+00
4.062500000000000e-01 9.687500000000000e-01 0.000000000000000e+00
3.750000000000000e-01 9.687500000000000e-01 0.000000000000000e+00
4.062500000000000e-01 9.375000000000000e-01 0.000000000000000e+00
4.375000000000000e-01 9.375000000000000e-01 0.000000000000000e+00
4.375000000000000e-01 9.687500000000000e-01 0.000000000000000e+00
4.062500000000000e-01 9.687500000000000e-01 0.000000000000000e+00
4.375000000000000e-01 9.375000000000000e-01 0.000000000000000e+00
4.687500000000000e-01 9.375000000000000e-01 0.000000000000000e+00
4.687500000000000e-01 9.687500000000000e-01 0.000000000000000e+00
4.375000000000000e-01 9.687500000000000e-01 0.000000000000000e+00
4.687500000000000e-01 9.375000000000000e-01 0.000000000000000e+00
5.000000000000000e-01 9.375000000000000e-01 0.000000000000000e+00
5.000000000000000e-01 9.687500000000000e-01 0.000000000000000e+00
4.687500000000000e-01 9.687500000000000e-01 0.000000000000000e+00
5.000000000000000e-01 9.375000000000000e-01 0.000000000000000e+00
5.312500000000000e-01 9.375000000000000e-01 0.000000000000000e+00
5.312500000000000e-01 9.687500000000000e-01 0.000000000000000e+00
5.000000000000000e-01 9.687500000000000e-01 0.000000000000000e+00
5.312500000000000e-01 9.375000000000000e-01 0.000000000000000e+00
5.625000000000000e-01 9.375000000000000e-01 0.000000000000000e+00
5.625000000000000e-01 9.687500000000000e-01 0.000000000000000e+00
5.312500000000000e-01 9.687500000000000e-01 0.000000000000000e+00
5.625000000000000e-01 9.375000000000000e-01 0.000000000000000e+00
5.937500000000000e-01 9.375000000000000e-01 0.000000000000000e+00
5.937500000000000e-01 9.687500000000000e-01 0.000000000000000e+00
5.625000000000000e-01 9.687500000000000e-01 0.000000000000000e+00
5.937500000000000e-01 9.375000000000000e-01 0.000000000000000e+00
6.250000000000000e-01 9.375000000000000e-01 0.000000000000000e+00
6.250000000000000e-01 9.687500000000000e-01 0.000000000000000e+00
5.937500000000000e-01 9.687500000000000e-01 0.000000000000000e+00
6.250000000000000e-01 9.375000000000000e-01 0.000000000000000e+00
6.562500000000000e-01 9.375000000000000e-01 0.000000000000000e+00
6.562500000000000e-01 9.687500000000000e-01 0.000000000000000e+00
6.250000000000000e-01 9.687500000000000e-01 0.000000000000000e+00
6.562500000000000e-01 9.375000000000000e-01 0.000000000000000e+00
6.875000000000000e-01 9.375000000000000e-01 0.000000000000000e+00
6.875000000000000e-01 9.687500000000000e-01 0.000000000000000e+00
6.562500000000000e-01 9.687500000000000e-01 0.000000000000000e+00
6.875000000000000e-01 9.375000000000000e-01 0.000000000000000e+00
7.187500000000000e-01 9.375000000000000e-01 0.000000000000000e+00
7.187500000000000e-01 9.687500000000000e-01 0.000000000000000e+00
6.875000000000000e-01 9.687500000000000e-01 0.000000000000000e+00
7.187500000000000e-01 9.375000000000000e-01 0.000000000000000e+00
7.500000000000000e-01 9.375000000000000e-01 0.000000000000000e+00
7.500000000000000e-01 9.687500000000000e-01 0.000000000000000e+00
7.187500000000000e-01 9.687500000000000e-01 0.000000000000000e+00
7.500000000000000e-01 9.375000000000000e-01 0.000000000000000e+00
7.812500000000000e-01 9.375000000000000e-01 0.000000000000000e+00
7.812500000000000e-01 9.687500000000000e-01 0.000000000000000e+00
7.500000000000000e-01 9.687500000000000e-01 0.000000000000000e+00
7.812500000000000e-01 9.375000000000000e-01 0.000000000000000e+00
8.125000000000000e-01 9.375000000000000e-01 0.000000000000000e+00
8.125000000000000e-01 9.687500000000000e-01 0.000000000000000e+00
7.812500000000000e-01 9.687500000000000e-01 0.000000000000000e+00
8.125000000000000e-01 9.375000000000000e-01 0.000000000000000e+00
8.437500000000000e-01 9.375000000000000e-01 0.000000000000000e+00
8.437500000000000e-01 9.687500000000000e-01 0.000000000000000e+00
8.125000000000000e-01 9.687500000000000e-01 0.000000000000000e+00
8.437500000000000e-01 9.375000000000000e-01 0.000000000000000e+00
8.750000000000000e-01 9.375000000000000e-01 0.000000000000000e+00
8.750000000000000e-01 9.687500000000000e-01 0.000000000000000e+00
8.437500000000000e-01 9.687500000000000e-01 0.000000000000000e+00
8.750000000000000e-01 9.375000000000000e-01 0.000000000000000e+00
9.062500000000000e-01 9.375000000000000e-01 0.000000000000000e+00
9.062500000000000e-01 9.687500000000000e-01 0.000000000000000e+00
8.750000000000000e-01 9.687500000000000e-01 0.000000000000000e+00
9.062500000000000e-01 9.375000000000000e-01 0.000000000000000e+00
9.375000000000000e-01 9.375000000000000e-01 0.000000000000000e+00
9.375000000000000e-01 9.687500000000000e-01 0.000000000000000e+00
9.062500000000000e-01 9.687500000000000e-01 0.000000000000000e+00
9.375000000000000e-01 9.375000000000000e-01 0.000000000000000e+00
9.687500000000000e-01 9.375000000000000e-01 0.000000000000000e+00
9.687500000000000e-01 9.687500000000000e-01 0.000000000000000e+00
9.375000000000000e-01 9.687500000000000e-01 0.000000000000000e+00
9.687500000000000e-01 9.375000000000000e-01 0.000000000000000e+00
1.000000000000000e+00 9.375000000000000e-01 0.000000000000000e+00
1.000000000000000e+00 9.687500000000000e-01 0.000000000000000e+00
9.687500000000000e-01 9.687500000000000e-01 0.000000000000000e+00
0.000000000000000e+00 9.687500000000000e-01 0.000000000000000e+00
3.125000000000000e-02 9.687500000000000e-01 0.000000000000000e+00
3.125000000000000e-02 1.000000000000000e+00 0.000000000000000e+00
0.000000000000000e+00 1.000000000000000e+00 0.000000000000000e+00
3.125000000000000e-02 9.687500000000000e-01 0.000000000000000e+00
6.250000000000000e-02 9.687500000000000e-01 0.000000000000000e+00
6.250000000000000e-02 1.000000000000000e+00 0.000000000000000e+00
3.125000000000000e-02 1.000000000000000e+00 0.000000000000000e+00
6.250000000000000e-02 9.687500000000000e-01 0.000000000000000e+00
9.375000000000000e-02 9.687500000000000e-01 0.000000000000000e+00
9.375000000000000e-02 1.000000000000000e+00 0.000000000000000e+00
6.250000000000000e-02 1.000000000000000e+00 0.000000000000000e+00
9.375000000000000e-02 9.687500000000000e-01 0.000000000000000e+00
1.250000000000000e-01 9.687500000000000e-01 0.000000000000000e+00
1.250000000000000e-01 1.000000000000000e+00 0.000000000000000e+00
9.375000000000000e-02 1.000000000000000e+00 0.000000000000000e+00
1.250000000000000e-01 9.687500000000000e-01 0.000000000000000e+00
1.562500000000000e-01 9.687500000000000e-01 0.000000000000000e+00
1.562500000000000e-01 1.000000000000000e+00 0.000000000000000e+00
1.250000000000000e-01 1.000000000000000e+00 0.000000000000000e+00
1.562500000000000e-01 9.687500000000000e-01 0.000000000000000e+00
1.875000000000000e-01 9.687500000000000e-01 0.000000000000000e+00
1.875000000000000e-01 1.000000000000000e+00 0.000000000000000e+00
1.562500000000000e-01 1.000000000000000e+00 0.000000000000000e+00
1.875000000000000e-01 9.687500000000000e-01 0.000000000000000e+00
2.187500000000000e-01 9.687500000000000e-01 0.000000000000000e+00
2.187500000000000e-01 1.000000000000000e+00 0.000000000000000e+00
1.875000000000000e-01 1.000000000000000e+00 0.000000000000000e+00
2.187500000000000e-01 9.687500000000000e-01 0.000000000000000e+00
2.500000000000000e-01 9.687500000000000e-01 0.000000000000000e+00
2.500000000000000e-01 1.000000000000000e+00 0.000000000000000e+00
2.187500000000000e-01 1.000000000000000e+00 0.000000000000000e+00
2.500000000000000e-01 9.687500000000000e-01 0.000000000000000e+00
2.812500000000000e-01 9.687500000000000e-01 0.000000000000000e+00
2.812500000000000e-01 1.000000000000000e+00 0.000000000000000e+00
2.500000000000000e-01 1.000000000000000e+00 0.000000000000000e+00
2.812500000000000e-01 9.687500000000000e-01 0.000000000000000e+00
3.125000000000000e-01 9.687500000000000e-01 0.000000000000000e+00
3.125000000000000e-01 1.000000000000000e+00 0.000000000000000e+00
2.812500000000000e-01 1.000000000000000e+00 0.000000000000000e+00
3.125000000000000e-01 9.687500000000000e-01 0.000000000000000e+00
3.437500000000000e-01 9.687500000000000e-01 0.000000000000000e+00
3.437500000000000e-01 1.000000000000000e+00 0.000000000000000e+00
3.125000000000000e-01 1.000000000000000e+00 0.000000000000000e+00
3.437500000000000e-01 9.687500000000000e-01 0.000000000000000e+00
3.750000000000000e-01 9.687500000000000e-01 0.000000000000000e+00
3.750000000000000e-01 1.000000000000000e+00 0.000000000000000e+00
3.437500000000000e-01 1.000000000000000e+00 0.000000000000000e+00
3.750000000000000e-01 9.687500000000000e-01 0.000000000000000e+00
4.062500000000000e-01 9.687500000000000e-01 0.000000000000000e+00
4.062500000000000e-01 1.000000000000000e+00 0.000000000000000e+00
3.750000000000000e-01 1.000000000000000e+00 0.000000000000000e+00
4.062500000000000e-01 9.687500000000000e-01 0.000000000000000e+00
4.375000000000000e-01 9.687500000000000e-01 0.000000000000000e+00
4.375000000000000e-01 1.000000000000000e+00 0.000000000000000e+00
4.062500000000000e-01 1.000000000000000e+00 0.000000000000000e+00
4.375000000000000e-01 9.687500000000000e-01 0.000000000000000e+00
4.687500000000000e-01 9.687500000000000e-01 0.000000000000000e+00
4.687500000000000e-01 1.000000000000000e+00 0.000000000000000e+00
4.375000000000000e-01 1.000000000000000e+00 0.000000000000000e+00
4.687500000000000e-01 9.687500000000000e-01 0.000000000000000e+00
5.000000000000000e-01 9.687500000000000e-01 0.000000000000000e+00
5.000000000000000e-01 1.000000000000000e+00 0.000000000000000e+00
4.687500000000000e-01 1.000000000000000e+00 0.000000000000000e+00
5.000000000000000e-01 9.687500000000000e-01 0.000000000000000e+00
5.312500000000000e-01 9.687500000000000e-01 0.000000000000000e+00
5.312500000000000e-01 1.000000000000000e+00 0.000000000000000e+00
5.000000000000000e-01 1.000000000000000e+00 0.000000000000000e+00
5.312500000000000e-01 9.687500000000000e-01 0.000000000000000e+00
5.625000000000000e-01 9.687500000000000e-01 0.000000000000000e+00
5.625000000000000e-01 1.000000000000000e+00 0.000000000000000e+00
5.312500000000000e-01 1.000000000000000e+00 0.000000000000000e+00
5.625000000000000e-01 9.687500000000000e-01 0.000000000000000e+00
5.937500000000000e-01 9.687500000000000e-01 0.000000000000000e+00
5.937500000000000e-01 1.000000000000000e+00 0.000000000000000e+00
5.625000000000000e-01 1.000000000000000e+00 0.000000000000000e+00
5.937500000000000e-01 9.687500000000000e-01 0.000000000000000e+00
6.250000000000000e-01 9.687500000000000e-01 0.000000000000000e+00
6.250000000000000e-01 1.000000000000000e+00 0.000000000000000e+00
5.937500000000000e-01 1.000000000000000e+00 0.000000000000000e+00
6.250000000000000e-01 9.687500000000000e-01 0.000000000000000e+00
6.562500000000000e-01 9.687500000000000e-01 0.000000000000000e+00
6.562500000000000e-01 1.000000000000000e+00 0.000000000000000e+00
6.250000000000000e-01 1.000000000000000e+00 0.000000000000000e+00
6.562500000000000e-01 9.687500000000000e-01 0.000000000000000e+00
6.875000000000000e-01 9.687500000000000e-01 0.000000000000000e+00
6.875000000000000e-01 1.000000000000000e+00 0.000000000000000e+00
6.562500000000000e-01 1.000000000000000e+00 0.000000000000000e+00
6.875000000000000e-01 9.687500000000000e-01 0.000000000000000e+00
7.187500000000000e-01 9.687500000000000e-01 0.000000000000000e+00
7.187500000000000e-01 1.000000000000000e+00 0.000000000000000e+00
6.875000000000000e-01 1.000000000000000e+00 0.000000000000000e+00
7.187500000000000e-01 9.687500000000000e-01 0.000000000000000e+00
7.500000000000000e-01 9.687500000000000e-01 0.000000000000000e+00
7.500000000000000e-01 1.000000000000000e+00 0.000000000000000e+00
7.187500000000000e-01 1.000000000000000e+00 0.000000000000000e+00
7.500000000000000e-01 9.687500000000000e-01 0.000000000000000e+00
7.812500000000000e-01 9.687500000000000e-01 0.000000000000000e+00
7.812500000000000e-01 1.000000000000000e+00 0.000000000000000e+00
7.500000000000000e-01 1.000000000000000e+00 0.000000000000000e+00
7.812500000000000e-01 9.687500000000000e-01 0.000000000000000e+00
8.125000000000000e-01 9.687500000000000e-01 0.000000000000000e+00
8.125000000000000e-01 1.000000000000000e+00 0.000000000000000e+00
7.812500000000000e-01 1.000000000000000e+00 0.000000000000000e+00
8.125000000000000e-01 9.687500000000000e-01 0.000000000000000e+00
8.437500000000000e-01 9.687500000000000e-01 0.000000000000000e+00
8.437500000000000e-01 1.000000000000000e+00 0.000000000000000e+00
8.125000000000000e-01 1.000000000000000e+00 0.000000000000000e+00
8.437500000000000e-01 9.687500000000000e-01 0.000000000000000e+00
8.750000000000000e-01 9.687500000000000e-01 0.000000000000000e+00
8.750000000000000e-01 1.000000000000000e+00 0.000000000000000e+00
8.437500000000000e-01 1.000000000000000e+00 0.000000000000000e+00
8.750000000000000e-01 9.687500000000000e-01 0.000000000000000e+00
9.062500000000000e-01 9.687500000000000e-01 0.000000000000000e+00
9.062500000000000e-01 1.000000000000000e+00 0.000000000000000e+00
8.750000000000000e-01 1.000000000000000e+00 0.000000000000000e+00
9.062500000000000e-01 9.687500000000000e-01 0.000000000000000e+00
9.375000000000000e-01 9.687500000000000e-01 0.000000000000000e+00
9.375000000000000e-01 1.000000000000000e+00 0.000000000000000e+00
9.062500000000000e-01 1.000000000000000e+00 0.000000000000000e+00
9.375000000000000e-01 9.687500000000000e-01 0.000000000000000e+00
9.687500000000000e-01 9.687500000000000e-01 0.000000000000000e+00
9.687500000000000e-01 1.000000000000000e+00 0.000000000000000e+00
9.375000000000000e-01 1.000000000000000e+00 0.000000000000000e+00
9.687500000000000e-01 9.687500000000000e-01 0.000000000000000e+00
1.000000000000000e+00 9.687500000000000e-01 0.000000000000000e+00
1.000000000000000e+00 1.000000000000000e+00 0.000000000000000e+00
9.687500000000000e-01 1.000000000000000e+00 0.000000000000000e+00
        </DataArray>
      </Points>

      <Cells>
        <DataArray type="Int32" Name="connectivity" format="ascii">
0 1 2 3 4 5 6 7 8 9 10 11 12 13 14 15 16 17 18 19 20 21 22 23 24 25 26 27 28 29 30 31 32 33 34 35 36 37 38 39 40 41 42 43 44 45 46 47 48 49 50 51 52 53 54 55 56 57 58 59 60 61 62 63 64 65 66 67 68 69 70 71 72 73 74 75 76 77 78 79 80 81 82 83 84 85 86 87 88 89 90 91 92 93 94 95 96 97 98 99 100 101 102 103 104 105 106 107 108 109 110 111 112 113 114 115 116 117 118 119 120 121 122 123 124 125 126 127 128 129 130 131 132 133 134 135 136 137 138 139 140 141 142 143 144 145 146 147 148 149 150 151 152 153 154 155 156 157 158 159 160 161 162 163 164 165 166 167 168 169 170 171 172 173 174 175 176 177 178 179 180 181 182 183 184 185 186 187 188 189 190 191 192 193 194 195 196 197 198 199 200 201 202 203 204 205 206 207 208 209 210 211 212 213 214 215 216 217 218 219 220 221 222 223 224 225 226 227 228 229 230 231 232 233 234 235 236 237 238 239 240 241 242 243 244 245 246 247 248 249 250 251 252 253 254 255 256 257 258 259 260 261 262 263 264 265 266 267 268 269 270 271 272 273 274 275 276 277 278 279 280 281 282 283 284 285 286 287 288 289 290 291 292 293 294 295 296 297 298 299 300 301 302 303 304 305 306 307 308 309 310 311 312 313 314 315 316 317 318 319 320 321 322 323 324 325 326 327 328 329 330 331 332 333 334 335 336 337 338 339 340 341 342 343 344 345 346 347 348 349 350 351 352 353 354 355 356 357 358 359 360 361 362 363 364 365 366 367 368 369 370 371 372 373 374 375 376 377 378 379 380 381 382 383 384 385 386 387 388 389 390 391 392 393 394 395 396 397 398 399 400 401 402 403 404 405 406 407 408 409 410 411 412 413 414 415 416 417 418 419 420 421 422 423 424 425 426 427 428 429 430 431 432 433 434 435 436 437 438 439 440 441 442 443 444 445 446 447 448 449 450 451 452 453 454 455 456 457 458 459 460 461 462 463 464 465 466 467 468 469 470 471 472 473 474 475 476 477 478 479 480 481 482 483 484 485 486 487 488 489 490 491 492 493 494 495 496 497 498 499 500 501 502 503 504 505 506 507 508 509 510 511 512 513 514 515 516 517 518 519 520 521 522 523 524 525 526 527 528 529 530 531 532 533 534 535 536 537 538 539 540 541 542 543 544 545 546 547 548 549 550 551 552 553 554 555 556 557 558 559 560 561 562 563 564 565 566 567 568 569 570 571 572 573 574 575 576 577 578 579 580 581 582 583 584 585 586 587 588 589 590 591 592 593 594 595 596 597 598 599 600 601 602 603 604 605 606 607 608 609 610 611 612 613 614 615 616 617 618 619 620 621 622 623 624 625 626 627 628 629 630 631 632 633 634 635 636 637 638 639 640 641 642 643 644 645 646 647 648 649 650 651 652 653 654 655 656 657 658 659 660 661 662 663 664 665 666 667 668 669 670 671 672 673 674 675 676 677 678 679 680 681 682 683 684 685 686 687 688 689 690 691 692 693 694 695 696 697 698 699 700 701 702 703 704 705 706 707 708 709 710 711 712 713 714 715 716 717 718 719 720 721 722 723 724 725 726 727 728 729 730 731 732 733 734 735 736 737 738 739 740 741 742 743 744 745 746 747 748 749 750 751 752 753 754 755 756 757 758 759 760 761 762 763 764 765 766 767 768 769 770 771 772 773 774 775 776 777 778 779 780 781 782 783 784 785 786 787 788 789 790 791 792 793 794 795 796 797 798 799 800 801 802 803 804 805 806 807 808 809 810 811 812 813 814 815 816 817 818 819 820 821 822 823 824 825 826 827 828 829 830 831 832 833 834 835 836 837 838 839 840 841 842 843 844 845 846 847 848 849 850 851 852 853 854 855 856 857 858 859 860 861 862 863 864 865 866 867 868 869 870 871 872 873 874 875 876 877 878 879 880 881 882 883 884 885 886 887 888 889 890 891 892 893 894 895 896 897 898 899 900 901 902 903 904 905 906 907 908 909 910 911 912 913 914 915 916 917 918 919 920 921 922 923 924 925 926 927 928 929 930 931 932 933 934 935 936 937 938 939 940 941 942 943 944 945 946 947 948 949 950 951 952 953 954 955 956 957 958 959 960 961 962 963 964 965 966 967 968 969 970 971 972 973 974 975 976 977 978 979 980 981 982 983 984 985 986 987 988 989 990 991 992 993 994 995 996 997 998 999 1000 1001 1002 1003 1004 1005 1006 1007 1008 1009 1010 1011 1012 1013 1014 1015 1016 1017 1018 1019 1020 1021 1022 1023 1024 1025 1026 1027 1028 1029 1030 1031 1032 1033 1034 1035 1036 1037 1038 1039 1040 1041 1042 1043 1044 1045 1046 1047 1048 1049 1050 1051 1052 1053 1054 1055 1056 1057 1058 1059 1060 1061 1062 1063 1064 1065 1066 1067 1068 1069 1070 1071 1072 1073 1074 1075 1076 1077 1078 1079 1080 1081 1082 1083 1084 1085 1086 1087 1088 1089 1090 1091 1092 1093 1094 1095 1096 1097 1098 1099 1100 1101 1102 1103 1104 1105 1106 1107 1108 1109 1110 1111 1112 1113 1114 1115 1116 1117 1118 1119 1120 1121 1122 1123 1124 1125 1126 1127 1128 1129 1130 1131 1132 1133 1134 1135 1136 1137 1138 1139 1140 1141 1142 1143 1144 1145 1146 1147 1148 1149 1150 1151 1152 1153 1154 1155 1156 1157 1158 1159 1160 1161 1162 1163 1164 1165 1166 1167 1168 1169 1170 1171 1172 1173 1174 1175 1176 1177 1178 1179 1180 1181 1182 1183 1184 1185 1186 1187 1188 1189 1190 1191 1192 1193 1194 1195 1196 1197 1198 1199 1200 1201 1202 1203 1204 1205 1206 1207 1208 1209 1210 1211 1212 1213 1214 1215 1216 1217 1218 1219 1220 1221 1222 1223 1224 1225 1226 1227 1228 1229 1230 1231 1232 1233 1234 1235 1236 1237 1238 1239 1240 1241 1242 1243 1244 1245 1246 1247 1248 1249 1250 1251 1252 1253 1254 1255 1256 1257 1258 1259 1260 1261 1262 1263 1264 1265 1266 1267 1268 1269 1270 1271 1272 1273 1274 1275 1276 1277 1278 1279 1280 1281 1282 1283 1284 1285 1286 1287 1288 1289 1290 1291 1292 1293 1294 1295 1296 1297 1298 1299 1300 1301 1302 1303 1304 1305 1306 1307 1308 1309 1310 1311 1312 1313 1314 1315 1316 1317 1318 1319 1320 1321 1322 1323 1324 1325 1326 1327 1328 1329 1330 1331 1332 1333 1334 1335 1336 1337 1338 1339 1340 1341 1342 1343 1344 1345 1346 1347 1348 1349 1350 1351 1352 1353 1354 1355 1356 1357 1358 1359 1360 1361 1362 1363 1364 1365 1366 1367 1368 1369 1370 1371 1372 1373 1374 1375 1376 1377 1378 1379 1380 1381 1382 1383 1384 1385 1386 1387 1388 1389 1390 1391 1392 1393 1394 1395 1396 1397 1398 1399 1400 1401 1402 1403 1404 1405 1406 1407 1408 1409 1410 1411 1412 1413 1414 1415 1416 1417 1418 1419 1420 1421 1422 1423 1424 1425 1426 1427 1428 1429 1430 1431 1432 1433 1434 1435 1436 1437 1438 1439 1440 1441 1442 1443 1444 1445 1446 1447 1448 1449 1450 1451 1452 1453 1454 1455 1456 1457 1458 1459 1460 1461 1462 1463 1464 1465 1466 1467 1468 1469 1470 1471 1472 1473 1474 1475 1476 1477 1478 1479 1480 1481 1482 1483 1484 1485 1486 1487 1488 1489 1490 1491 1492 1493 1494 1495 1496 1497 1498 1499 1500 1501 1502 1503 1504 1505 1506 1507 1508 1509 1510 1511 1512 1513 1514 1515 1516 1517 1518 1519 1520 1521 1522 1523 1524 1525 1526 1527 1528 1529 1530 1531 1532 1533 1534 1535 1536 1537 1538 1539 1540 1541 1542 1543 1544 1545 1546 1547 1548 1549 1550 1551 1552 1553 1554 1555 1556 1557 1558 1559 1560 1561 1562 1563 1564 1565 1566 1567 1568 1569 1570 1571 1572 1573 1574 1575 1576 1577 1578 1579 1580 1581 1582 1583 1584 1585 1586 1587 1588 1589 1590 1591 1592 1593 1594 1595 1596 1597 1598 1599 1600 1601 1602 1603 1604 1605 1606 1607 1608 1609 1610 1611 1612 1613 1614 1615 1616 1617 1618 1619 1620 1621 1622 1623 1624 1625 1626 1627 1628 1629 1630 1631 1632 1633 1634 1635 1636 1637 1638 1639 1640 1641 1642 1643 1644 1645 1646 1647 1648 1649 1650 1651 1652 1653 1654 1655 1656 1657 1658 1659 1660 1661 1662 1663 1664 1665 1666 1667 1668 1669 1670 1671 1672 1673 1674 1675 1676 1677 1678 1679 1680 1681 1682 1683 1684 1685 1686 1687 1688 1689 1690 1691 1692 1693 1694 1695 1696 1697 1698 1699 1700 1701 1702 1703 1704 1705 1706 1707 1708 1709 1710 1711 1712 1713 1714 1715 1716 1717 1718 1719 1720 1721 1722 1723 1724 1725 1726 1727 1728 1729 1730 1731 1732 1733 1734 1735 1736 1737 1738 1739 1740 1741 1742 1743 1744 1745 1746 1747 1748 1749 1750 1751 1752 1753 1754 1755 1756 1757 1758 1759 1760 1761 1762 1763 1764 1765 1766 1767 1768 1769 1770 1771 1772 1773 1774 1775 1776 1777 1778 1779 1780 1781 1782 1783 1784 1785 1786 1787 1788 1789 1790 1791 1792 1793 1794 1795 1796 1797 1798 1799 1800 1801 1802 1803 1804 1805 1806 1807 1808 1809 1810 1811 1812 1813 1814 1815 1816 1817 1818 1819 1820 1821 1822 1823 1824 1825 1826 1827 1828 1829 1830 1831 1832 1833 1834 1835 1836 1837 1838 1839 1840 1841 1842 1843 1844 1845 1846 1847 1848 1849 1850 1851 1852 1853 1854 1855 1856 1857 1858 1859 1860 1861 1862 1863 1864 1865 1866 1867 1868 1869 1870 1871 1872 1873 1874 1875 1876 1877 1878 1879 1880 1881 1882 1883 1884 1885 1886 1887 1888 1889 1890 1891 1892 1893 1894 1895 1896 1897 1898 1899 1900 1901 1902 1903 1904 1905 1906 1907 1908 1909 1910 1911 1912 1913 1914 1915 1916 1917 1918 1919 1920 1921 1922 1923 1924 1925 1926 1927 1928 1929 1930 1931 1932 1933 1934 1935 1936 1937 1938 1939 1940 1941 1942 1943 1944 1945 1946 1947 1948 1949 1950 1951 1952 1953 1954 1955 1956 1957 1958 1959 1960 1961 1962 1963 1964 1965 1966 1967 1968 1969 1970 1971 1972 1973 1974 1975 1976 1977 1978 1979 1980 1981 1982 1983 1984 1985 1986 1987 1988 1989 1990 1991 1992 1993 1994 1995 1996 1997 1998 1999 2000 2001 2002 2003 2004 2005 2006 2007 2008 2009 2010 2011 2012 2013 2014 2015 2016 2017 2018 2019 2020 2021 2022 2023 2024 2025 2026 2027 2028 2029 2030 2031 2032 2033 2034 2035 2036 2037 2038 2039 2040 2041 2042 2043 2044 2045 2046 2047 2048 2049 2050 2051 2052 2053 2054 2055 2056 2057 2058 2059 2060 2061 2062 2063 2064 2065 2066 2067 2068 2069 2070 2071 2072 2073 2074 2075 2076 2077 2078 2079 2080 2081 2082 2083 2084 2085 2086 2087 2088 2089 2090 2091 2092 2093 2094 2095 2096 2097 2098 2099 2100 2101 2102 2103 2104 2105 2106 2107 2108 2109 2110 2111 2112 2113 2114 2115 2116 2117 2118 2119 2120 2121 2122 2123 2124 2125 2126 2127 2128 2129 2130 2131 2132 2133 2134 2135 2136 2137 2138 2139 2140 2141 2142 2143 2144 2145 2146 2147 2148 2149 2150 2151 2152 2153 2154 2155 2156 2157 2158 2159 2160 2161 2162 2163 2164 2165 2166 2167 2168 2169 2170 2171 2172 2173 2174 2175 2176 2177 2178 2179 2180 2181 2182 2183 2184 2185 2186 2187 2188 2189 2190 2191 2192 2193 2194 2195 2196 2197 2198 2199 2200 2201 2202 2203 2204 2205 2206 2207 2208 2209 2210 2211 2212 2213 2214 2215 2216 2217 2218 2219 2220 2221 2222 2223 2224 2225 2226 2227 2228 2229 2230 2231 2232 2233 2234 2235 2236 2237 2238 2239 2240 2241 2242 2243 2244 2245 2246 2247 2248 2249 2250 2251 2252 2253 2254 2255 2256 2257 2258 2259 2260 2261 2262 2263 2264 2265 2266 2267 2268 2269 2270 2271 2272 2273 2274 2275 2276 2277 2278 2279 2280 2281 2282 2283 2284 2285 2286 2287 2288 2289 2290 2291 2292 2293 2294 2295 2296 2297 2298 2299 2300 2301 2302 2303 2304 2305 2306 2307 2308 2309 2310 2311 2312 2313 2314 2315 2316 2317 2318 2319 2320 2321 2322 2323 2324 2325 2326 2327 2328 2329 2330 2331 2332 2333 2334 2335 2336 2337 2338 2339 2340 2341 2342 2343 2344 2345 2346 2347 2348 2349 2350 2351 2352 2353 2354 2355 2356 2357 2358 2359 2360 2361 2362 2363 2364 2365 2366 2367 2368 2369 2370 2371 2372 2373 2374 2375 2376 2377 2378 2379 2380 2381 2382 2383 2384 2385 2386 2387 2388 2389 2390 2391 2392 2393 2394 2395 2396 2397 2398 2399 2400 2401 2402 2403 2404 2405 2406 2407 2408 2409 2410 2411 2412 2413 2414 2415 2416 2417 2418 2419 2420 2421 2422 2423 2424 2425 2426 2427 2428 2429 2430 2431 2432 2433 2434 2435 2436 2437 2438 2439 2440 2441 2442 2443 2444 2445 2446 2447 2448 2449 2450 2451 2452 2453 2454 2455 2456 2457 2458 2459 2460 2461 2462 2463 2464 2465 2466 2467 2468 2469 2470 2471 2472 2473 2474 2475 2476 2477 2478 2479 2480 2481 2482 2483 2484 2485 2486 2487 2488 2489 2490 2491 2492 2493 2494 2495 2496 2497 2498 2499 2500 2501 2502 2503 2504 2505 2506 2507 2508 2509 2510 2511 2512 2513 2514 2515 2516 2517 2518 2519 2520 2521 2522 2523 2524 2525 2526 2527 2528 2529 2530 2531 2532 2533 2534 2535 2536 2537 2538 2539 2540 2541 2542 2543 2544 2545 2546 2547 2548 2549 2550 2551 2552 2553 2554 2555 2556 2557 2558 2559 2560 2561 2562 2563 2564 2565 2566 2567 2568 2569 2570 2571 2572 2573 2574 2575 2576 2577 2578 2579 2580 2581 2582 2583 2584 2585 2586 2587 2588 2589 2590 2591 2592 2593 2594 2595 2596 2597 2598 2599 2600 2601 2602 2603 2604 2605 2606 2607 2608 2609 2610 2611 2612 2613 2614 2615 2616 2617 2618 2619 2620 2621 2622 2623 2624 2625 2626 2627 2628 2629 2630 2631 2632 2633 2634 2635 2636 2637 2638 2639 2640 2641 2642 2643 2644 2645 2646 2647 2648 2649 2650 2651 2652 2653 2654 2655 2656 2657 2658 2659 2660 2661 2662 2663 2664 2665 2666 2667 2668 2669 2670 2671 2672 2673 2674 2675 2676 2677 2678 2679 2680 2681 2682 2683 2684 2685 2686 2687 2688 2689 2690 2691 2692 2693 2694 2695 2696 2697 2698 2699 2700 2701 2702 2703 2704 2705 2706 2707 2708 2709 2710 2711 2712 2713 2714 2715 2716 2717 2718 2719 2720 2721 2722 2723 2724 2725 2726 2727 2728 2729 2730 2731 2732 2733 2734 2735 2736 2737 2738 2739 2740 2741 2742 2743 2744 2745 2746 2747 2748 2749 2750 2751 2752 2753 2754 2755 2756 2757 2758 2759 2760 2761 2762 2763 2764 2765 2766 2767 2768 2769 2770 2771 2772 2773 2774 2775 2776 2777 2778 2779 2780 2781 2782 2783 2784 2785 2786 2787 2788 2789 2790 2791 2792 2793 2794 2795 2796 2797 2798 2799 2800 2801 2802 2803 2804 2805 2806 2807 2808 2809 2810 2811 2812 2813 2814 2815 2816 2817 2818 2819 2820 2821 2822 2823 2824 2825 2826 2827 2828 2829 2830 2831 2832 2833 2834 2835 2836 2837 2838 2839 2840 2841 2842 2843 2844 2845 2846 2847 2848 2849 2850 2851 2852 2853 2854 2855 2856 2857 2858 2859 2860 2861 2862 2863 2864 2865 2866 2867 2868 2869 2870 2871 2872 2873 2874 2875 2876 2877 2878 2879 2880 2881 2882 2883 2884 2885 2886 2887 2888 2889 2890 2891 2892 2893 2894 2895 2896 2897 2898 2899 2900 2901 2902 2903 2904 2905 2906 2907 2908 2909 2910 2911 2912 2913 2914 2915 2916 2917 2918 2919 2920 2921 2922 2923 2924 2925 2926 2927 2928 2929 2930 2931 2932 2933 2934 2935 2936 2937 2938 2939 2940 2941 2942 2943 2944 2945 2946 2947 2948 2949 2950 2951 2952 2953 2954 2955 2956 2957 2958 2959 2960 2961 2962 2963 2964 2965 2966 2967 2968 2969 2970 2971 2972 2973 2974 2975 2976 2977 2978 2979 2980 2981 2982 2983 2984 2985 2986 2987 2988 2989 2990 2991 2992 2993 2994 2995 2996 2997 2998 2999 3000 3001 3002 3003 3004 3005 3006 3007 3008 3009 3010 3011 3012 3013 3014 3015 3016 3017 3018 3019 3020 3021 3022 3023 3024 3025 3026 3027 3028 3029 3030 3031 3032 3033 3034 3035 3036 3037 3038 3039 3040 3041 3042 3043 3044 3045 3046 3047 3048 3049 3050 3051 3052 3053 3054 3055 3056 3057 3058 3059 3060 3061 3062 3063 3064 3065 3066 3067 3068 3069 3070 3071 3072 3073 3074 3075 3076 3077 3078 3079 3080 3081 3082 3083 3084 3085 3086 3087 3088 3089 3090 3091 3092 3093 3094 3095 3096 3097 3098 3099 3100 3101 3102 3103 3104 3105 3106 3107 3108 3109 3110 3111 3112 3113 3114 3115 3116 3117 3118 3119 3120 3121 3122 3123 3124 3125 3126 3127 3128 3129 3130 3131 3132 3133 3134 3135 3136 3137 3138 3139 3140 3141 3142 3143 3144 3145 3146 3147 3148 3149 3150 3151 3152 3153 3154 3155 3156 3157 3158 3159 3160 3161 3162 3163 3164 3165 3166 3167 3168 3169 3170 3171 3172 3173 3174 3175 3176 3177 3178 3179 3180 3181 3182 3183 3184 3185 3186 3187 3188 3189 3190 3191 3192 3193 3194 3195 3196 3197 3198 3199 3200 3201 3202 3203 3204 3205 3206 3207 3208 3209 3210 3211 3212 3213 3214 3215 3216 3217 3218 3219 3220 3221 3222 3223 3224 3225 3226 3227 3228 3229 3230 3231 3232 3233 3234 3235 3236 3237 3238 3239 3240 3241 3242 3243 3244 3245 3246 3247 3248 3249 3250 3251 3252 3253 3254 3255 3256 3257 3258 3259 3260 3261 3262 3263 3264 3265 3266 3267 3268 3269 3270 3271 3272 3273 3274 3275 3276 3277 3278 3279 3280 3281 3282 3283 3284 3285 3286 3287 3288 3289 3290 3291 3292 3293 3294 3295 3296 3297 3298 3299 3300 3301 3302 3303 3304 3305 3306 3307 3308 3309 3310 3311 3312 3313 3314 3315 3316 3317 3318 3319 3320 3321 3322 3323 3324 3325 3326 3327 3328 3329 3330 3331 3332 3333 3334 3335 3336 3337 3338 3339 3340 3341 3342 3343 3344 3345 3346 3347 3348 3349 3350 3351 3352 3353 3354 3355 3356 3357 3358 3359 3360 3361 3362 3363 3364 3365 3366 3367 3368 3369 3370 3371 3372 3373 3374 3375 3376 3377 3378 3379 3380 3381 3382 3383 3384 3385 3386 3387 3388 3389 3390 3391 3392 3393 3394 3395 3396 3397 3398 3399 3400 3401 3402 3403 3404 3405 3406 3407 3408 3409 3410 3411 3412 3413 3414 3415 3416 3417 3418 3419 3420 3421 3422 3423 3424 3425 3426 3427 3428 3429 3430 3431 3432 3433 3434 3435 3436 3437 3438 3439 3440 3441 3442 3443 3444 3445 3446 3447 3448 3449 3450 3451 3452 3453 3454 3455 3456 3457 3458 3459 3460 3461 3462 3463 3464 3465 3466 3467 3468 3469 3470 3471 3472 3473 3474 3475 3476 3477 3478 3479 3480 3481 3482 3483 3484 3485 3486 3487 3488 3489 3490 3491 3492 3493 3494 3495 3496 3497 3498 3499 3500 3501 3502 3503 3504 3505 3506 3507 3508 3509 3510 3511 3512 3513 3514 3515 3516 3517 3518 3519 3520 3521 3522 3523 3524 3525 3526 3527 3528 3529 3530 3531 3532 3533 3534 3535 3536 3537 3538 3539 3540 3541 3542 3543 3544 3545 3546 3547 3548 3549 3550 3551 3552 3553 3554 3555 3556 3557 3558 3559 3560 3561 3562 3563 3564 3565 3566 3567 3568 3569 3570 3571 3572 3573 3574 3575 3576 3577 3578 3579 3580 3581 3582 3583 3584 3585 3586 3587 3588 3589 3590 3591 3592 3593 3594 3595 3596 3597 3598 3599 3600 3601 3602 3603 3604 3605 3606 3607 3608 3609 3610 3611 3612 3613 3614 3615 3616 3617 3618 3619 3620 3621 3622 3623 3624 3625 3626 3627 3628 3629 3630 3631 3632 3633 3634 3635 3636 3637 3638 3639 3640 3641 3642 3643 3644 3645 3646 3647 3648 3649 3650 3651 3652 3653 3654 3655 3656 3657 3658 3659 3660 3661 3662 3663 3664 3665 3666 3667 3668 3669 3670 3671 3672 3673 3674 3675 3676 3677 3678 3679 3680 3681 3682 3683 3684 3685 3686 3687 3688 3689 3690 3691 3692 3693 3694 3695 3696 3697 3698 3699 3700 3701 3702 3703 3704 3705 3706 3707 3708 3709 3710 3711 3712 3713 3714 3715 3716 3717 3718 3719 3720 3721 3722 3723 3724 3725 3726 3727 3728 3729 3730 3731 3732 3733 3734 3735 3736 3737 3738 3739 3740 3741 3742 3743 3744 3745 3746 3747 3748 3749 3750 3751 3752 3753 3754 3755 3756 3757 3758 3759 3760 3761 3762 3763 3764 3765 3766 3767 3768 3769 3770 3771 3772 3773 3774 3775 3776 3777 3778 3779 3780 3781 3782 3783 3784 3785 3786 3787 3788 3789 3790 3791 3792 3793 3794 3795 3796 3797 3798 3799 3800 3801 3802 3803 3804 3805 3806 3807 3808 3809 3810 3811 3812 3813 3814 3815 3816 3817 3818 3819 3820 3821 3822 3823 3824 3825 3826 3827 3828 3829 3830 3831 3832 3833 3834 3835 3836 3837 3838 3839 3840 3841 3842 3843 3844 3845 3846 3847 3848 3849 3850 3851 3852 3853 3854 3855 3856 3857 3858 3859 3860 3861 3862 3863 3864 3865 3866 3867 3868 3869 3870 3871 3872 3873 3874 3875 3876 3877 3878 3879 3880 3881 3882 3883 3884 3885 3886 3887 3888 3889 3890 3891 3892 3893 3894 3895 3896 3897 3898 3899 3900 3901 3902 3903 3904 3905 3906 3907 3908 3909 3910 3911 3912 3913 3914 3915 3916 3917 3918 3919 3920 3921 3922 3923 3924 3925 3926 3927 3928 3929 3930 3931 3932 3933 3934 3935 3936 3937 3938 3939 3940 3941 3942 3943 3944 3945 3946 3947 3948 3949 3950 3951 3952 3953 3954 3955 3956 3957 3958 3959 3960 3961 3962 3963 3964 3965 3966 3967 3968 3969 3970 3971 3972 3973 3974 3975 3976 3977 3978 3979 3980 3981 3982 3983 3984 3985 3986 3987 3988 3989 3990 3991 3992 3993 3994 3995 3996 3997 3998 3999 4000 4001 4002 4003 4004 4005 4006 4007 4008 4009 4010 4011 4012 4013 4014 4015 4016 4017 4018 4019 4020 4021 4022 4023 4024 4025 4026 4027 4028 4029 4030 4031 4032 4033 4034 4035 4036 4037 4038 4039 4040 4041 4042 4043 4044 4045 4046 4047 4048 4049 4050 4051 4052 4053 4054 4055 4056 4057 4058 4059 4060 4061 4062 4063 4064 4065 4066 4067 4068 4069 4070 4071 4072 4073 4074 4075 4076 4077 4078 4079 4080 4081 4082 4083 4084 4085 4086 4087 4088 4089 4090 4091 4092 4093 4094 4095 
        </DataArray>
        <DataArray type="Int32" Name="offsets" format="ascii">
4 8 12 16 20 24 28 32 36 40 44 48 52 56 60 64 68 72 76 80 84 88 92 96 100 104 108 112 116 120 124 128 132 136 140 144 148 152 156 160 164 168 172 176 180 184 188 192 196 200 204 208 212 216 220 224 228 232 236 240 244 248 252 256 260 264 268 272 276 280 284 288 292 296 300 304 308 312 316 320 324 328 332 336 340 344 348 352 356 360 364 368 372 376 380 384 388 392 396 400 404 408 412 416 420 424 428 432 436 440 444 448 452 456 460 464 468 472 476 480 484 488 492 496 500 504 508 512 516 520 524 528 532 536 540 544 548 552 556 560 564 568 572 576 580 584 588 592 596 600 604 608 612 616 620 624 628 632 636 640 644 648 652 656 660 664 668 672 676 680 684 688 692 696 700 704 708 712 716 720 724 728 732 736 740 744 748 752 756 760 764 768 772 776 780 784 788 792 796 800 804 808 812 816 820 824 828 832 836 840 844 848 852 856 860 864 868 872 876 880 884 888 892 896 900 904 908 912 916 920 924 928 932 936 940 944 948 952 956 960 964 968 972 976 980 984 988 992 996 1000 1004 1008 1012 1016 1020 1024 1028 1032 1036 1040 1044 1048 1052 1056 1060 1064 1068 1072 1076 1080 1084 1088 1092 1096 1100 1104 1108 1112 1116 1120 1124 1128 1132 1136 1140 1144 1148 1152 1156 1160 1164 1168 1172 1176 1180 1184 1188 1192 1196 1200 1204 1208 1212 1216 1220 1224 1228 1232 1236 1240 1244 1248 1252 1256 1260 1264 1268 1272 1276 1280 1284 1288 1292 1296 1300 1304 1308 1312 1316 1320 1324 1328 1332 1336 1340 1344 1348 1352 1356 1360 1364 1368 1372 1376 1380 1384 1388 1392 1396 1400 1404 1408 1412 1416 1420 1424 1428 1432 1436 1440 1444 1448 1452 1456 1460 1464 1468 1472 1476 1480 1484 1488 1492 1496 1500 1504 1508 1512 1516 1520 1524 1528 1532 1536 1540 1544 1548 1552 1556 1560 1564 1568 1572 1576 1580 1584 1588 1592 1596 1600 1604 1608 1612 1616 1620 1624 1628 1632 1636 1640 1644 1648 1652 1656 1660 1664 1668 1672 1676 1680 1684 1688 1692 1696 1700 1704 1708 1712 1716 1720 1724 1728 1732 1736 1740 1744 1748 1752 1756 1760 1764 1768 1772 1776 1780 1784 1788 1792 1796 1800 1804 1808 1812 1816 1820 1824 1828 1832 1836 1840 1844 1848 1852 1856 1860 1864 1868 1872 1876 1880 1884 1888 1892 1896 1900 1904 1908 1912 1916 1920 1924 1928 1932 1936 1940 1944 1948 1952 1956 1960 1964 1968 1972 1976 1980 1984 1988 1992 1996 2000 2004 2008 2012 2016 2020 2024 2028 2032 2036 2040 2044 2048 2052 2056 2060 2064 2068 2072 2076 2080 2084 2088 2092 2096 2100 2104 2108 2112 2116 2120 2124 2128 2132 2136 2140 2144 2148 2152 2156 2160 2164 2168 2172 2176 2180 2184 2188 2192 2196 2200 2204 2208 2212 2216 2220 2224 2228 2232 2236 2240 2244 2248 2252 2256 2260 2264 2268 2272 2276 2280 2284 2288 2292 2296 2300 2304 2308 2312 2316 2320 2324 2328 2332 2336 2340 2344 2348 2352 2356 2360 2364 2368 2372 2376 2380 2384 2388 2392 2396 2400 2404 2408 2412 2416 2420 2424 2428 2432 2436 2440 2444 2448 2452 2456 2460 2464 2468 2472 2476 2480 2484 2488 2492 2496 2500 2504 2508 2512 2516 2520 2524 2528 2532 2536 2540 2544 2548 2552 2556 2560 2564 2568 2572 2576 2580 2584 2588 2592 2596 2600 2604 2608 2612 2616 2620 2624 2628 2632 2636 2640 2644 2648 2652 2656 2660 2664 2668 2672 2676 2680 2684 2688 2692 2696 2700 2704 2708 2712 2716 2720 2724 2728 2732 2736 2740 2744 2748 2752 2756 2760 2764 2768 2772 2776 2780 2784 2788 2792 2796 2800 2804 2808 2812 2816 2820 2824 2828 2832 2836 2840 2844 2848 2852 2856 2860 2864 2868 2872 2876 2880 2884 2888 2892 2896 2900 2904 2908 2912 2916 2920 2924 2928 2932 2936 2940 2944 2948 2952 2956 2960 2964 2968 2972 2976 2980 2984 2988 2992 2996 3000 3004 3008 3012 3016 3020 3024 3028 3032 3036 3040 3044 3048 3052 3056 3060 3064 3068 3072 3076 3080 3084 3088 3092 3096 3100 3104 3108 3112 3116 3120 3124 3128 3132 3136 3140 3144 3148 3152 3156 3160 3164 3168 3172 3176 3180 3184 3188 3192 3196 3200 3204 3208 3212 3216 3220 3224 3228 3232 3236 3240 3244 3248 3252 3256 3260 3264 3268 3272 3276 3280 3284 3288 3292 3296 3300 3304 3308 3312 3316 3320 3324 3328 3332 3336 3340 3344 3348 3352 3356 3360 3364 3368 3372 3376 3380 3384 3388 3392 3396 3400 3404 3408 3412 3416 3420 3424 3428 3432 3436 3440 3444 3448 3452 3456 3460 3464 3468 3472 3476 3480 3484 3488 3492 3496 3500 3504 3508 3512 3516 3520 3524 3528 3532 3536 3540 3544 3548 3552 3556 3560 3564 3568 3572 3576 3580 3584 3588 3592 3596 3600 3604 3608 3612 3616 3620 3624 3628 3632 3636 3640 3644 3648 3652 3656 3660 3664 3668 3672 3676 3680 3684 3688 3692 3696 3700 3704 3708 3712 3716 3720 3724 3728 3732 3736 3740 3744 3748 3752 3756 3760 3764 3768 3772 3776 3780 3784 3788 3792 3796 3800 3804 3808 3812 3816 3820 3824 3828 3832 3836 3840 3844 3848 3852 3856 3860 3864 3868 3872 3876 3880 3884 3888 3892 3896 3900 3904 3908 3912 3916 3920 3924 3928 3932 3936 3940 3944 3948 3952 3956 3960 3964 3968 3972 3976 3980 3984 3988 3992 3996 4000 4004 4008 4012 4016 4020 4024 4028 4032 4036 4040 4044 4048 4052 4056 4060 4064 4068 4072 4076 4080 4084 4088 4092 4096 
        </DataArray>
        <DataArray type="UInt8" Name="types" format="ascii">
9 9 9 9 9 9 9 9 9 9 9 9 9 9 9 9 9 9 9 9 9 9 9 9 9 9 9 9 9 9 9 9 9 9 9 9 9 9 9 9 9 9 9 9 9 9 9 9 9 9 9 9 9 9 9 9 9 9 9 9 9 9 9 9 9 9 9 9 9 9 9 9 9 9 9 9 9 9 9 9 9 9 9 9 9 9 9 9 9 9 9 9 9 9 9 9 9 9 9 9 9 9 9 9 9 9 9 9 9 9 9 9 9 9 9 9 9 9 9 9 9 9 9 9 9 9 9 9 9 9 9 9 9 9 9 9 9 9 9 9 9 9 9 9 9 9 9 9 9 9 9 9 9 9 9 9 9 9 9 9 9 9 9 9 9 9 9 9 9 9 9 9 9 9 9 9 9 9 9 9 9 9 9 9 9 9 9 9 9 9 9 9 9 9 9 9 9 9 9 9 9 9 9 9 9 9 9 9 9 9 9 9 9 9 9 9 9 9 9 9 9 9 9 9 9 9 9 9 9 9 9 9 9 9 9 9 9 9 9 9 9 9 9 9 9 9 9 9 9 9 9 9 9 9 9 9 9 9 9 9 9 9 9 9 9 9 9 9 9 9 9 9 9 9 9 9 9 9 9 9 9 9 9 9 9 9 9 9 9 9 9 9 9 9 9 9 9 9 9 9 9 9 9 9 9 9 9 9 9 9 9 9 9 9 9 9 9 9 9 9 9 9 9 9 9 9 9 9 9 9 9 9 9 9 9 9 9 9 9 9 9 9 9 9 9 9 9 9 9 9 9 9 9 9 9 9 9 9 9 9 9 9 9 9 9 9 9 9 9 9 9 9 9 9 9 9 9 9 9 9 9 9 9 9 9 9 9 9 9 9 9 9 9 9 9 9 9 9 9 9 9 9 9 9 9 9 9 9 9 9 9 9 9 9 9 9 9 9 9 9 9 9 9 9 9 9 9 9 9 9 9 9 9 9 9 9 9 9 9 9 9 9 9 9 9 9 9 9 9 9 9 9 9 9 9 9 9 9 9 9 9 9 9 9 9 9 9 9 9 9 9 9 9 9 9 9 9 9 9 9 9 9 9 9 9 9 9 9 9 9 9 9 9 9 9 9 9 9 9 9 9 9 9 9 9 9 9 9 9 9 9 9 9 9 9 9 9 9 9 9 9 9 9 9 9 9 9 9 9 9 9 9 9 9 9 9 9 9 9 9 9 9 9 9 9 9 9 9 9 9 9 9 9 9 9 9 9 9 9 9 9 9 9 9 9 9 9 9 9 9 9 9 9 9 9 9 9 9 9 9 9 9 9 9 9 9 9 9 9 9 9 9 9 9 9 9 9 9 9 9 9 9 9 9 9 9 9 9 9 9 9 9 9 9 9 9 9 9 9 9 9 9 9 9 9 9 9 9 9 9 9 9 9 9 9 9 9 9 9 9 9 9 9 9 9 9 9 9 9 9 9 9 9 9 9 9 9 9 9 9 9 9 9 9 9 9 9 9 9 9 9 9 9 9 9 9 9 9 9 9 9 9 9 9 9 9 9 9 9 9 9 9 9 9 9 9 9 9 9 9 9 9 9 9 9 9 9 9 9 9 9 9 9 9 9 9 9 9 9 9 9 9 9 9 9 9 9 9 9 9 9 9 9 9 9 9 9 9 9 9 9 9 9 9 9 9 9 9 9 9 9 9 9 9 9 9 9 9 9 9 9 9 9 9 9 9 9 9 9 9 9 9 9 9 9 9 9 9 9 9 9 9 9 9 9 9 9 9 9 9 9 9 9 9 9 9 9 9 9 9 9 9 9 9 9 9 9 9 9 9 9 9 9 9 9 9 9 9 9 9 9 9 9 9 9 9 9 9 9 9 9 9 9 9 9 9 9 9 9 9 9 9 9 9 9 9 9 9 9 9 9 9 9 9 9 9 9 9 9 9 9 9 9 9 9 9 9 9 9 9 9 9 9 9 9 9 9 9 9 9 9 9 9 9 9 9 9 9 9 9 9 9 9 9 9 9 9 9 9 9 9 9 9 9 9 9 9 9 9 9 9 9 9 9 9 9 9 9 9 9 9 9 9 9 9 9 9 9 9 9 9 9 9 9 9 9 9 9 9 9 9 9 9 9 9 9 9 9 9 9 9 9 9 9 9 9 9 9 9 9 9 9 9 9 9 9 9 9 9 9 9 9 9 9 9 9 9 9 9 9 9 9 9 9 9 9 9 9 9 9 9 9 9 9 9 9 9 9 9 9 9 9 9 9 9 9 9 9 9 9 9 9 9 9 9 9 9 9 9 9 9 9 9 9 
        </DataArray>
      </Cells>

  <PointData>
        <DataArray type="Float64" Name="temperature" format="ascii">
0.000000000000000e+00
0.000000000000000e+00
1.266916460726506e-04
0.000000000000000e+00
0.000000000000000e+00
0.000000000000000e+00
2.303654290139450e-04
1.266916460726506e-04
0.000000000000000e+00
0.000000000000000e+00
3.126221324355542e-04
2.303654290139450e-04
0.000000000000000e+00
0.000000000000000e+00
3.749718124549120e-04
3.126221324355542e-04
0.000000000000000e+00
0.000000000000000e+00
4.189012368003516e-04
3.749718124549120e-04
0.000000000000000e+00
0.000000000000000e+00
4.458871984693742e-04
4.189012368003516e-04
0.000000000000000e+00
0.000000000000000e+00
4.574013039797750e-04
4.458871984693742e-04
0.000000000000000e+00
0.000000000000000e+00
4.549121354799604e-04
4.574013039797750e-04
0.000000000000000e+00
0.000000000000000e+00
4.398863786279107e-04
4.549121354799604e-04
0.000000000000000e+00
0.000000000000000e+00
4.137894598889529e-04
4.398863786279107e-04
0.000000000000000e+00
0.000000000000000e+00
3.780859343076361e-04
4.137894598889529e-04
0.000000000000000e+00
0.000000000000000e+00
3.342397365815591e-04
3.780859343076361e-04
0.000000000000000e+00
0.000000000000000e+00
2.837143513095749e-04
3.342397365815591e-04
0.000000000000000e+00
0.000000000000000e+00
2.279729326480217e-04
2.837143513095749e-04
0.000000000000000e+00
0.000000000000000e+00
1.684783910354972e-04
2.279729326480217e-04
0.000000000000000e+00
0.000000000000000e+00
1.066934577719133e-04
1.684783910354972e-04
0.000000000000000e+00
0.000000000000000e+00
4.408073423008147e-05
1.066934577719133e-04
0.000000000000000e+00
0.000000000000000e+00
-1.789726992623900e-05
4.408073423008147e-05
0.000000000000000e+00
0.000000000000000e+00
-7.777810662922083e-05
-1.789726992623900e-05
0.000000000000000e+00
0.000000000000000e+00
-1.340993654680862e-04
-7.777810662922083e-05
0.000000000000000e+00
0.000000000000000e+00
-1.853986546382009e-04
-1.340993654680862e-04
0.000000000000000e+00
0.000000000000000e+00
-2.302135859415014e-04
-1.853986546382009e-04
0.000000000000000e+00
0.000000000000000e+00
-2.670817633800593e-04
-2.302135859415014e-04
0.000000000000000e+00
0.000000000000000e+00
-2.945407754324136e-04
-2.670817633800593e-04
0.000000000000000e+00
0.000000000000000e+00
-3.111281920473535e-04
-2.945407754324136e-04
0.000000000000000e+00
0.000000000000000e+00
-3.153815680975263e-04
-3.111281920473535e-04
0.000000000000000e+00
0.000000000000000e+00
-3.058384537004975e-04
-3.153815680975263e-04
0.000000000000000e+00
0.000000000000000e+00
-2.810364139014733e-04
-3.058384537004975e-04
0.000000000000000e+00
0.000000000000000e+00
-2.395130997014002e-04
-2.810364139014733e-04
0.000000000000000e+00
0.000000000000000e+00
-1.798064762237395e-04
-2.395130997014002e-04
0.000000000000000e+00
0.000000000000000e+00
-1.004549180867536e-04
-1.798064762237395e-04
0.000000000000000e+00
0.000000000000000e+00
0.000000000000000e+00
-1.004549180867536e-04
0.000000000000000e+00
1.266916460726506e-04
2.230518502377425e-04
0.000000000000000e+00
1.266916460726506e-04
2.303654290139450e-04
4.031612153087581e-04
2.230518502377425e-04
2.303654290139450e-04
3.126221324355542e-04
5.432667970630238e-04
4.031612153087581e-04
3.126221324355542e-04
3.749718124549120e-04
6.462684665460180e-04
5.432667970630238e-04
3.749718124549120e-04
4.189012368003516e-04
7.150365209269915e-04
6.462684665460180e-04
4.189012368003516e-04
4.458871984693742e-04
7.524266115248314e-04
7.150365209269915e-04
4.458871984693742e-04
4.574013039797750e-04
7.612859121993637e-04
7.524266115248314e-04
4.574013039797750e-04
4.549121354799604e-04
7.444563673200205e-04
7.612859121993637e-04
4.549121354799604e-04
4.398863786279107e-04
7.047765244725773e-04
7.444563673200205e-04
4.398863786279107e-04
4.137894598889529e-04
6.450826224839285e-04
7.047765244725773e-04
4.137894598889529e-04
3.780859343076361e-04
5.682092762702470e-04
6.450826224839285e-04
3.780859343076361e-04
3.342397365815591e-04
4.769899314091548e-04
5.682092762702470e-04
3.342397365815591e-04
2.837143513095749e-04
3.742571781067248e-04
4.769899314091548e-04
2.837143513095749e-04
2.279729326480217e-04
2.628429749650075e-04
3.742571781067248e-04
2.279729326480217e-04
1.684783910354972e-04
1.455788129408688e-04
2.628429749650075e-04
1.684783910354972e-04
1.066934577719133e-04
2.529583850812216e-05
1.455788129408688e-04
1.066934577719133e-04
4.408073423008147e-05
-9.517505181297157e-05
2.529583850812216e-05
4.408073423008147e-05
-1.789726992623900e-05
-2.130031375984341e-04
-9.517505181297157e-05
-1.789726992623900e-05
-7.777810662922083e-05
-3.253578160170375e-04
-2.130031375984341e-04
-7.777810662922083e-05
-1.340993654680862e-04
-4.294085550895256e-04
-3.253578160170375e-04
-1.340993654680862e-04
-1.853986546382009e-04
-5.223248562921188e-04
-4.294085550895256e-04
-1.853986546382009e-04
-2.302135859415014e-04
-6.012762249023725e-04
-5.223248562921188e-04
-2.302135859415014e-04
-2.670817633800593e-04
-6.634321471658651e-04
-6.012762249023725e-04
-2.670817633800593e-04
-2.945407754324136e-04
-7.059620743559267e-04
-6.634321471658651e-04
-2.945407754324136e-04
-3.111281920473535e-04
-7.260354155047970e-04
-7.059620743559267e-04
-3.111281920473535e-04
-3.153815680975263e-04
-7.208215416031117e-04
-7.260354155047970e-04
-3.153815680975263e-04
-3.058384537004975e-04
-6.874898004172153e-04
-7.208215416031117e-04
-3.058384537004975e-04
-2.810364139014733e-04
-6.232095424202303e-04
-6.874898004172153e-04
-2.810364139014733e-04
-2.395130997014002e-04
-5.251502282259546e-04
-6.232095424202303e-04
-2.395130997014002e-04
-1.798064762237395e-04
-3.904817746481336e-04
-5.251502282259546e-04
-1.798064762237395e-04
-1.004549180867536e-04
-2.163743701047520e-04
-3.904817746481336e-04
-1.004549180867536e-04
0.000000000000000e+00
0.000000000000000e+00
-2.163743701047520e-04
0.000000000000000e+00
2.230518502377425e-04
2.914126401919392e-04
0.000000000000000e+00
2.230518502377425e-04
4.031612153087581e-04
5.227414110448128e-04
2.914126401919392e-04
4.031612153087581e-04
5.432667970630238e-04
6.981753125161171e-04
5.227414110448128e-04
5.432667970630238e-04
6.462684665460180e-04
8.218832820236355e-04
6.981753125161171e-04
6.462684665460180e-04
7.150365209269915e-04
8.980142564841472e-04
8.218832820236355e-04
7.150365209269915e-04
7.524266115248314e-04
9.307032534741053e-04
8.980142564841472e-04
7.524266115248314e-04
7.612859121993637e-04
9.240759899396504e-04
9.307032534741053e-04
7.612859121993637e-04
7.444563673200205e-04
8.822519332179459e-04
9.240759899396504e-04
7.444563673200205e-04
7.047765244725773e-04
8.093462717747911e-04
8.822519332179459e-04
7.047765244725773e-04
6.450826224839285e-04
7.094711800350469e-04
8.093462717747911e-04
6.450826224839285e-04
5.682092762702470e-04
5.867366587589031e-04
7.094711800350469e-04
5.682092762702470e-04
4.769899314091548e-04
4.452511154340726e-04
5.867366587589031e-04
4.769899314091548e-04
3.742571781067248e-04
2.891217771541290e-04
4.452511154340726e-04
3.742571781067248e-04
2.628429749650075e-04
1.224549915490664e-04
2.891217771541290e-04
2.628429749650075e-04
1.455788129408688e-04
-5.064354881458519e-05
1.224549915490664e-04
1.455788129408688e-04
2.529583850812216e-05
-2.260686354722378e-04
-5.064354881458519e-05
2.529583850812216e-05
-9.517505181297157e-05
-3.997154113094969e-04
-2.260686354722378e-04
-9.517505181297157e-05
-2.130031375984341e-04
-5.674792658165819e-04
-3.997154113094969e-04
-2.130031375984341e-04
-3.253578160170375e-04
-7.252557513982255e-04
-5.674792658165819e-04
-3.253578160170375e-04
-4.294085550895256e-04
-8.689405159662556e-04
-7.252557513982255e-04
-4.294085550895256e-04
-5.223248562921188e-04
-9.944292485425286e-04
-8.689405159662556e-04
-5.223248562921188e-04
-6.012762249023725e-04
-1.097617635641164e-03
-9.944292485425286e-04
-6.012762249023725e-04
-6.634321471658651e-04
-1.174401327053573e-03
-1.097617635641164e-03
-6.634321471658651e-04
-7.059620743559267e-04
-1.220675910938811e-03
-1.174401327053573e-03
-7.059620743559267e-04
-7.260354155047970e-04
-1.232336900319552e-03
-1.220675910938811e-03
-7.260354155047970e-04
-7.208215416031117e-04
-1.205279733880571e-03
-1.232336900319552e-03
-7.208215416031117e-04
-6.874898004172153e-04
-1.135399786821510e-03
-1.205279733880571e-03
-6.874898004172153e-04
-6.232095424202303e-04
-1.018592385169145e-03
-1.135399786821510e-03
-6.232095424202303e-04
-5.251502282259546e-04
-8.507529084217999e-04
-1.018592385169145e-03
-5.251502282259546e-04
-3.904817746481336e-04
-6.277771583170103e-04
-8.507529084217999e-04
-3.904817746481336e-04
-2.163743701047520e-04
-3.455605609194761e-04
-6.277771583170103e-04
-2.163743701047520e-04
0.000000000000000e+00
0.000000000000000e+00
-3.455605609194761e-04
0.000000000000000e+00
2.914126401919392e-04
3.340154118395925e-04
0.000000000000000e+00
2.914126401919392e-04
5.227414110448128e-04
5.934214281298017e-04
3.340154118395925e-04
5.227414110448128e-04
6.981753125161171e-04
7.835692185866424e-04
5.934214281298017e-04
6.981753125161171e-04
8.218832820236355e-04
9.097988885943053e-04
7.835692185866424e-04
8.218832820236355e-04
8.980142564841472e-04
9.774368638688113e-04
9.097988885943053e-04
8.980142564841472e-04
9.307032534741053e-04
9.917988451371329e-04
9.774368638688113e-04
9.307032534741053e-04
9.240759899396504e-04
9.581920732150964e-04
9.917988451371329e-04
9.240759899396504e-04
8.822519332179459e-04
8.819175402659514e-04
9.581920732150964e-04
8.822519332179459e-04
8.093462717747911e-04
7.682716869041144e-04
8.819175402659514e-04
8.093462717747911e-04
7.094711800350469e-04
6.225476059544410e-04
7.682716869041144e-04
7.094711800350469e-04
5.867366587589031e-04
4.500358999614464e-04
6.225476059544410e-04
5.867366587589031e-04
4.452511154340726e-04
2.560253049607397e-04
4.500358999614464e-04
4.452511154340726e-04
2.891217771541290e-04
4.580315177241071e-05
2.560253049607397e-04
2.891217771541290e-04
1.224549915490664e-04
-1.753442876822224e-04
4.580315177241071e-05
1.224549915490664e-04
-5.064354881458519e-05
-4.021315360482628e-04
-1.753442876822224e-04
-5.064354881458519e-05
-2.260686354722378e-04
-6.292737053169845e-04
-4.021315360482628e-04
-2.260686354722378e-04
-3.997154113094969e-04
-8.514863349623514e-04
-6.292737053169845e-04
-3.997154113094969e-04
-5.674792658165819e-04
-1.063485262519560e-03
-8.514863349623514e-04
-5.674792658165819e-04
-7.252557513982255e-04
-1.259986518964483e-03
-1.063485262519560e-03
-7.252557513982255e-04
-8.689405159662556e-04
-1.435706243522017e-03
-1.259986518964483e-03
-8.689405159662556e-04
-9.944292485425286e-04
-1.585360614128541e-03
-1.435706243522017e-03
-9.944292485425286e-04
-1.097617635641164e-03
-1.703665790875084e-03
-1.585360614128541e-03
-1.097617635641164e-03
-1.174401327053573e-03
-1.785337870645525e-03
-1.703665790875084e-03
-1.174401327053573e-03
-1.220675910938811e-03
-1.825092852569186e-03
-1.785337870645525e-03
-1.220675910938811e-03
-1.232336900319552e-03
-1.817646616366203e-03
-1.825092852569186e-03
-1.232336900319552e-03
-1.205279733880571e-03
-1.757714915869419e-03
-1.817646616366203e-03
-1.205279733880571e-03
-1.135399786821510e-03
-1.640013378773687e-03
-1.757714915869419e-03
-1.135399786821510e-03
-1.018592385169145e-03
-1.459257496654898e-03
-1.640013378773687e-03
-1.018592385169145e-03
-8.507529084217999e-04
-1.210162702354110e-03
-1.459257496654898e-03
-8.507529084217999e-04
-6.277771583170103e-04
-8.874447345013119e-04
-1.210162702354110e-03
-6.277771583170103e-04
-3.455605609194761e-04
-4.858184169780713e-04
-8.874447345013119e-04
-3.455605609194761e-04
0.000000000000000e+00
0.000000000000000e+00
-4.858184169780713e-04
0.000000000000000e+00
3.340154118395925e-04
3.530781573153729e-04
0.000000000000000e+00
3.340154118395925e-04
5.934214281298017e-04
6.194868741807268e-04
3.530781573153729e-04
5.934214281298017e-04
7.835692185866424e-04
8.056497098111384e-04
6.194868741807268e-04
7.835692185866424e-04
9.097988885943053e-04
9.179837782446468e-04
8.056497098111384e-04
9.097988885943053e-04
9.774368638688113e-04
9.628964307864888e-04
9.179837782446468e-04
9.774368638688113e-04
9.917988451371329e-04
9.467870711172712e-04
9.628964307864888e-04
9.917988451371329e-04
9.581920732150964e-04
8.760480813590239e-04
9.467870711172712e-04
9.581920732150964e-04
8.819175402659514e-04
7.570661859225802e-04
8.760480813590239e-04
8.819175402659514e-04
7.682716869041144e-04
5.962237297558953e-04
7.570661859225802e-04
7.682716869041144e-04
6.225476059544410e-04
3.998996875665400e-04
5.962237297558953e-04
6.225476059544410e-04
4.500358999614464e-04
1.744704415953638e-04
3.998996875665400e-04
4.500358999614464e-04
2.560253049607397e-04
-7.368961747774779e-05
1.744704415953638e-04
2.560253049607397e-04
4.580315177241071e-05
-3.382076254209624e-04
-7.368961747774779e-05
4.580315177241071e-05
-1.753442876822224e-04
-6.127118828043671e-04
-3.382076254209624e-04
-1.753442876822224e-04
-4.021315360482628e-04
-8.908315711671787e-04
-6.127118828043671e-04
-4.021315360482628e-04
-6.292737053169845e-04
-1.166196527583638e-03
-8.908315711671787e-04
-6.292737053169845e-04
-8.514863349623514e-04
-1.432437063444942e-03
-1.166196527583638e-03
-8.514863349623514e-04
-1.063485262519560e-03
-1.683183817190435e-03
-1.432437063444942e-03
-1.063485262519560e-03
-1.259986518964483e-03
-1.912067633539882e-03
-1.683183817190435e-03
-1.259986518964483e-03
-1.435706243522017e-03
-2.112719463829236e-03
-1.912067633539882e-03
-1.435706243522017e-03
-1.585360614128541e-03
-2.278770283537656e-03
-2.112719463829236e-03
-1.585360614128541e-03
-1.703665790875084e-03
-2.403851024105716e-03
-2.278770283537656e-03
-1.703665790875084e-03
-1.785337870645525e-03
-2.481592516945905e-03
-2.403851024105716e-03
-1.785337870645525e-03
-1.825092852569186e-03
-2.505625448964112e-03
-2.481592516945905e-03
-1.825092852569186e-03
-1.817646616366203e-03
-2.469580331512087e-03
-2.505625448964112e-03
-1.817646616366203e-03
-1.757714915869419e-03
-2.367087484222632e-03
-2.469580331512087e-03
-1.757714915869419e-03
-1.640013378773687e-03
-2.191777020012359e-03
-2.367087484222632e-03
-1.640013378773687e-03
-1.459257496654898e-03
-1.937278806894508e-03
-2.191777020012359e-03
-1.459257496654898e-03
-1.210162702354110e-03
-1.597222520186553e-03
-1.937278806894508e-03
-1.210162702354110e-03
-8.874447345013119e-04
-1.165238034148540e-03
-1.597222520186553e-03
-8.874447345013119e-04
-4.858184169780713e-04
-6.349538511253906e-04
-1.165238034148540e-03
-4.858184169780713e-04
0.000000000000000e+00
0.000000000000000e+00
-6.349538511253906e-04
0.000000000000000e+00
3.530781573153729e-04
3.508088945629595e-04
0.000000000000000e+00
3.530781573153729e-04
6.194868741807268e-04
6.052087116703327e-04
3.508088945629595e-04
6.194868741807268e-04
8.056497098111384e-04
7.706040615127652e-04
6.052087116703327e-04
8.056497098111384e-04
9.179837782446468e-04
8.543957164054747e-04
7.706040615127652e-04
9.179837782446468e-04
9.628964307864888e-04
8.639770925763149e-04
8.543957164054747e-04
9.628964307864888e-04
9.467870711172712e-04
8.067357341354533e-04
8.639770925763149e-04
9.467870711172712e-04
8.760480813590239e-04
6.900535356912055e-04
8.067357341354533e-04
8.760480813590239e-04
7.570661859225802e-04
5.213075323244460e-04
6.900535356912055e-04
7.570661859225802e-04
5.962237297558953e-04
3.078707961289574e-04
5.213075323244460e-04
5.962237297558953e-04
3.998996875665400e-04
5.711321822243327e-05
3.078707961289574e-04
3.998996875665400e-04
1.744704415953638e-04
-2.235978387955699e-04
5.711321822243327e-05
1.744704415953638e-04
-7.368961747774779e-05
-5.268970033919024e-04
-2.235978387955699e-04
-7.368961747774779e-05
-3.382076254209624e-04
-8.454204580227597e-04
-5.268970033919024e-04
-3.382076254209624e-04
-6.127118828043671e-04
-1.171805585941028e-03
-8.454204580227597e-04
-6.127118828043671e-04
-8.908315711671787e-04
-1.498690685265055e-03
-1.171805585941028e-03
-8.908315711671787e-04
-1.166196527583638e-03
-1.818714735975237e-03
-1.498690685265055e-03
-1.166196527583638e-03
-1.432437063444942e-03
-2.124517208512370e-03
-1.818714735975237e-03
-1.432437063444942e-03
-1.683183817190435e-03
-2.408737905304339e-03
-2.124517208512370e-03
-1.683183817190435e-03
-1.912067633539882e-03
-2.664016828640693e-03
-2.408737905304339e-03
-1.912067633539882e-03
-2.112719463829236e-03
-2.882994069945017e-03
-2.664016828640693e-03
-2.112719463829236e-03
-2.278770283537656e-03
-3.058309716720978e-03
-2.882994069945017e-03
-2.278770283537656e-03
-2.403851024105716e-03
-3.182603774263213e-03
-3.058309716720978e-03
-2.403851024105716e-03
-2.481592516945905e-03
-3.248516099860155e-03
-3.182603774263213e-03
-2.481592516945905e-03
-2.505625448964112e-03
-3.248686348591601e-03
-3.248516099860155e-03
-2.505625448964112e-03
-2.469580331512087e-03
-3.175753932553886e-03
-3.248686348591601e-03
-2.469580331512087e-03
-2.367087484222632e-03
-3.022357994326693e-03
-3.175753932553886e-03
-2.367087484222632e-03
-2.191777020012359e-03
-2.781137376927413e-03
-3.022357994326693e-03
-2.191777020012359e-03
-1.937278806894508e-03
-2.444730559527710e-03
-2.781137376927413e-03
-1.937278806894508e-03
-1.597222520186553e-03
-2.005775693687270e-03
-2.444730559527710e-03
-1.597222520186553e-03
-1.165238034148540e-03
-1.456911040875605e-03
-2.005775693687270e-03
-1.165238034148540e-03
-6.349538511253906e-04
-7.907730876295997e-04
-1.456911040875605e-03
-6.349538511253906e-04
0.000000000000000e+00
0.000000000000000e+00
-7.907730876295997e-04
0.000000000000000e+00
3.508088945629595e-04
3.294104310973572e-04
0.000000000000000e+00
3.508088945629595e-04
6.052087116703327e-04
5.548493774424745e-04
3.294104310973572e-04
6.052087116703327e-04
7.706040615127652e-04
6.846101754533544e-04
5.548493774424745e-04
7.706040615127652e-04
8.543957164054747e-04
7.269839101015361e-04
6.846101754533544e-04
8.543957164054747e-04
8.639770925763149e-04
6.902558379017203e-04
7.269839101015361e-04
8.639770925763149e-04
8.067357341354533e-04
5.827068343625812e-04
6.902558379017203e-04
8.067357341354533e-04
6.900535356912055e-04
4.126132625923956e-04
5.827068343625812e-04
6.900535356912055e-04
5.213075323244460e-04
1.882474139342494e-04
4.126132625923956e-04
5.213075323244460e-04
3.078707961289574e-04
-8.212187666454282e-05
1.882474139342494e-04
3.078707961289574e-04
5.711321822243327e-05
-3.902286499072087e-04
-8.212187666454282e-05
5.711321822243327e-05
-2.235978387955699e-04
-7.278093008712562e-04
-3.902286499072087e-04
-2.235978387955699e-04
-5.268970033919024e-04
-1.086602121444601e-03
-7.278093008712562e-04
-5.268970033919024e-04
-8.454204580227597e-04
-1.458346909032294e-03
-1.086602121444601e-03
-8.454204580227597e-04
-1.171805585941028e-03
-1.834784637503286e-03
-1.458346909032294e-03
-1.171805585941028e-03
-1.498690685265055e-03
-2.207657181953582e-03
-1.834784637503286e-03
-1.498690685265055e-03
-1.818714735975237e-03
-2.568707088169907e-03
-2.207657181953582e-03
-1.818714735975237e-03
-2.124517208512370e-03
-2.909677378751925e-03
-2.568707088169907e-03
-2.124517208512370e-03
-2.408737905304339e-03
-3.222311389269663e-03
-2.909677378751925e-03
-2.408737905304339e-03
-2.664016828640693e-03
-3.498352629142074e-03
-3.222311389269663e-03
-2.664016828640693e-03
-2.882994069945017e-03
-3.729544663055260e-03
-3.498352629142074e-03
-2.882994069945017e-03
-3.058309716720978e-03
-3.907631009634182e-03
-3.729544663055260e-03
-3.058309716720978e-03
-3.182603774263213e-03
-4.024355054644629e-03
-3.907631009634182e-03
-3.182603774263213e-03
-3.248516099860155e-03
-4.071459976438467e-03
-4.024355054644629e-03
-3.248516099860155e-03
-3.248686348591601e-03
-4.040688682680964e-03
-4.071459976438467e-03
-3.248686348591601e-03
-3.175753932553886e-03
-3.923783760299150e-03
-4.040688682680964e-03
-3.175753932553886e-03
-3.022357994326693e-03
-3.712487439197007e-03
-3.923783760299150e-03
-3.022357994326693e-03
-2.781137376927413e-03
-3.398541548798606e-03
-3.712487439197007e-03
-2.781137376927413e-03
-2.444730559527710e-03
-2.973687431934004e-03
-3.398541548798606e-03
-2.444730559527710e-03
-2.005775693687270e-03
-2.429665972751029e-03
-2.973687431934004e-03
-2.005775693687270e-03
-1.456911040875605e-03
-1.758218089289244e-03
-2.429665972751029e-03
-1.456911040875605e-03
-7.907730876295997e-04
-9.510825564594430e-04
-1.758218089289244e-03
-7.907730876295997e-04
0.000000000000000e+00
0.000000000000000e+00
-9.510825564594430e-04
0.000000000000000e+00
3.294104310973572e-04
2.910825266485453e-04
0.000000000000000e+00
3.294104310973572e-04
5.548493774424745e-04
4.726660316983005e-04
2.910825266485453e-04
5.548493774424745e-04
6.846101754533544e-04
5.538396322608687e-04
4.726660316983005e-04
6.846101754533544e-04
7.269839101015361e-04
5.436912208679062e-04
5.538396322608687e-04
7.269839101015361e-04
6.902558379017203e-04
4.513038743361760e-04
5.436912208679062e-04
6.902558379017203e-04
5.827068343625812e-04
2.857573610157861e-04
4.513038743361760e-04
5.827068343625812e-04
4.126132625923956e-04
5.612783543089332e-05
2.857573610157861e-04
4.126132625923956e-04
1.882474139342494e-04
-2.285119231643549e-04
5.612783543089332e-05
1.882474139342494e-04
-8.212187666454282e-05
-5.590920847135764e-04
-2.285119231643549e-04
-8.212187666454282e-05
-3.902286499072087e-04
-9.265453435401308e-04
-5.590920847135764e-04
-3.902286499072087e-04
-7.278093008712562e-04
-1.321806512554346e-03
-9.265453435401308e-04
-7.278093008712562e-04
-1.086602121444601e-03
-1.735812145151119e-03
-1.321806512554346e-03
-1.086602121444601e-03
-1.458346909032294e-03
-2.159500195797358e-03
-1.735812145151119e-03
-1.458346909032294e-03
-1.834784637503286e-03
-2.583809723181764e-03
-2.159500195797358e-03
-1.834784637503286e-03
-2.207657181953582e-03
-2.999680633609421e-03
-2.583809723181764e-03
-2.207657181953582e-03
-2.568707088169907e-03
-3.398053459916139e-03
-2.999680633609421e-03
-2.568707088169907e-03
-2.909677378751925e-03
-3.769869170915819e-03
-3.398053459916139e-03
-2.909677378751925e-03
-3.222311389269663e-03
-4.106069006840316e-03
-3.769869170915819e-03
-3.222311389269663e-03
-3.498352629142074e-03
-4.397594336857282e-03
-4.106069006840316e-03
-3.498352629142074e-03
-3.729544663055260e-03
-4.635386535413694e-03
-4.397594336857282e-03
-3.729544663055260e-03
-3.907631009634182e-03
-4.810386874715763e-03
-4.635386535413694e-03
-3.907631009634182e-03
-4.024355054644629e-03
-4.913536430959849e-03
-4.810386874715763e-03
-4.024355054644629e-03
-4.071459976438467e-03
-4.935776002167062e-03
-4.913536430959849e-03
-4.071459976438467e-03
-4.040688682680964e-03
-4.868046036767588e-03
-4.935776002167062e-03
-4.040688682680964e-03
-3.923783760299150e-03
-4.701286575197743e-03
-4.868046036767588e-03
-3.923783760299150e-03
-3.712487439197007e-03
-4.426437205134899e-03
-4.701286575197743e-03
-3.712487439197007e-03
-3.398541548798606e-03
-4.034437006896132e-03
-4.426437205134899e-03
-3.398541548798606e-03
-2.973687431934004e-03
-3.516224449559411e-03
-4.034437006896132e-03
-2.973687431934004e-03
-2.429665972751029e-03
-2.862737415724193e-03
-3.516224449559411e-03
-2.429665972751029e-03
-1.758218089289244e-03
-2.064913752464528e-03
-2.862737415724193e-03
-1.758218089289244e-03
-9.510825564594430e-04
-1.113688819589490e-03
-2.064913752464528e-03
-9.510825564594430e-04
0.000000000000000e+00
0.000000000000000e+00
-1.113688819589490e-03
0.000000000000000e+00
2.910825266485453e-04
2.380230278648116e-04
0.000000000000000e+00
2.910825266485453e-04
4.726660316983005e-04
3.629124042589374e-04
2.380230278648116e-04
4.726660316983005e-04
5.538396322608687e-04
3.844596822728786e-04
3.629124042589374e-04
5.538396322608687e-04
5.436912208679062e-04
3.124558882465098e-04
3.844596822728786e-04
5.436912208679062e-04
4.513038743361760e-04
1.566879389572702e-04
3.124558882465098e-04
4.513038743361760e-04
2.857573610157861e-04
-7.305977319492144e-05
1.566879389572702e-04
2.857573610157861e-04
5.612783543089332e-05
-3.670057670385183e-04
-7.305977319492144e-05
5.612783543089332e-05
-2.285119231643549e-04
-7.153713475099708e-04
-3.670057670385183e-04
-2.285119231643549e-04
-5.590920847135764e-04
-1.108380301326633e-03
-7.153713475099708e-04
-5.590920847135764e-04
-9.265453435401308e-04
-1.536258584828199e-03
-1.108380301326633e-03
-9.265453435401308e-04
-1.321806512554346e-03
-1.989234010704895e-03
-1.536258584828199e-03
-1.321806512554346e-03
-1.735812145151119e-03
-2.457535939992198e-03
-1.989234010704895e-03
-1.735812145151119e-03
-2.159500195797358e-03
-2.931394992911531e-03
-2.457535939992198e-03
-2.159500195797358e-03
-2.583809723181764e-03
-3.401042786425357e-03
-2.931394992911531e-03
-2.583809723181764e-03
-2.999680633609421e-03
-3.856711700020441e-03
-3.401042786425357e-03
-2.999680633609421e-03
-3.398053459916139e-03
-4.288634668170497e-03
-3.856711700020441e-03
-3.398053459916139e-03
-3.769869170915819e-03
-4.687044996951281e-03
-4.288634668170497e-03
-3.769869170915819e-03
-4.106069006840316e-03
-5.042176202097508e-03
-4.687044996951281e-03
-4.106069006840316e-03
-4.397594336857282e-03
-5.344261865916427e-03
-5.042176202097508e-03
-4.397594336857282e-03
-4.635386535413694e-03
-5.583535510758636e-03
-5.344261865916427e-03
-4.635386535413694e-03
-4.810386874715763e-03
-5.750230487026046e-03
-5.583535510758636e-03
-4.810386874715763e-03
-4.913536430959849e-03
-5.834579873771453e-03
-5.750230487026046e-03
-4.913536430959849e-03
-4.935776002167062e-03
-5.826816390009880e-03
-5.834579873771453e-03
-4.935776002167062e-03
-4.868046036767588e-03
-5.717172316149030e-03
-5.826816390009880e-03
-4.868046036767588e-03
-4.701286575197743e-03
-5.495879428308343e-03
-5.717172316149030e-03
-4.701286575197743e-03
-4.426437205134899e-03
-5.153168946479545e-03
-5.495879428308343e-03
-4.426437205134899e-03
-4.034437006896132e-03
-4.679271470939030e-03
-5.153168946479545e-03
-4.034437006896132e-03
-3.516224449559411e-03
-4.064416863933545e-03
-4.679271470939030e-03
-3.516224449559411e-03
-2.862737415724193e-03
-3.298834274563132e-03
-4.064416863933545e-03
-2.862737415724193e-03
-2.064913752464528e-03
-2.372752748234065e-03
-3.298834274563132e-03
-2.064913752464528e-03
-1.113688819589490e-03
-1.276398517195555e-03
-2.372752748234065e-03
-1.113688819589490e-03
0.000000000000000e+00
0.000000000000000e+00
-1.276398517195555e-03
0.000000000000000e+00
2.380230278648116e-04
1.724285103302513e-04
0.000000000000000e+00
2.380230278648116e-04
3.629124042589374e-04
2.298398919387833e-04
1.724285103302513e-04
3.629124042589374e-04
3.844596822728786e-04
1.826345241680280e-04
2.298398919387833e-04
3.844596822728786e-04
3.124558882465098e-04
4.121275154801270e-05
1.826345241680280e-04
3.124558882465098e-04
1.566879389572702e-04
-1.840286705375183e-04
4.121275154801270e-05
1.566879389572702e-04
-7.305977319492144e-05
-4.826949246250367e-04
-1.840286705375183e-04
-7.305977319492144e-05
-3.670057670385183e-04
-8.443935513380642e-04
-4.826949246250367e-04
-3.670057670385183e-04
-7.153713475099708e-04
-1.258734386073860e-03
-8.443935513380642e-04
-7.153713475099708e-04
-1.108380301326633e-03
-1.715329331085810e-03
-1.258734386073860e-03
-1.108380301326633e-03
-1.536258584828199e-03
-2.203792121617822e-03
-1.715329331085810e-03
-1.536258584828199e-03
-1.989234010704895e-03
-2.713738082810011e-03
-2.203792121617822e-03
-1.989234010704895e-03
-2.457535939992198e-03
-3.234783879318839e-03
-2.713738082810011e-03
-2.457535939992198e-03
-2.931394992911531e-03
-3.756547270711658e-03
-3.234783879318839e-03
-2.931394992911531e-03
-3.401042786425357e-03
-4.268646881846268e-03
-3.756547270711658e-03
-3.401042786425357e-03
-3.856711700020441e-03
-4.760701991716838e-03
-4.268646881846268e-03
-3.856711700020441e-03
-4.288634668170497e-03
-5.222332341207139e-03
-4.760701991716838e-03
-4.288634668170497e-03
-4.687044996951281e-03
-5.643157958977777e-03
-5.222332341207139e-03
-4.687044996951281e-03
-5.042176202097508e-03
-6.012799004215238e-03
-5.643157958977777e-03
-5.042176202097508e-03
-5.344261865916427e-03
-6.320875624793121e-03
-6.012799004215238e-03
-5.344261865916427e-03
-5.583535510758636e-03
-6.557007829426458e-03
-6.320875624793121e-03
-5.583535510758636e-03
-5.750230487026046e-03
-6.710815372471166e-03
-6.557007829426458e-03
-5.750230487026046e-03
-5.834579873771453e-03
-6.771917649917573e-03
-6.710815372471166e-03
-5.834579873771453e-03
-5.826816390009880e-03
-6.729933605059512e-03
-6.771917649917573e-03
-5.826816390009880e-03
-5.717172316149030e-03
-6.574481643628497e-03
-6.729933605059512e-03
-5.717172316149030e-03
-5.495879428308343e-03
-6.295179561798907e-03
-6.574481643628497e-03
-5.495879428308343e-03
-5.153168946479545e-03
-5.881644488500561e-03
-6.295179561798907e-03
-5.153168946479545e-03
-4.679271470939030e-03
-5.323492814626007e-03
-5.881644488500561e-03
-4.679271470939030e-03
-4.064416863933545e-03
-4.610340062907223e-03
-5.323492814626007e-03
-4.064416863933545e-03
-3.298834274563132e-03
-3.731800914976256e-03
-4.610340062907223e-03
-3.298834274563132e-03
-2.372752748234065e-03
-2.677489877628099e-03
-3.731800914976256e-03
-2.372752748234065e-03
-1.276398517195555e-03
-1.437018333735010e-03
-2.677489877628099e-03
-1.276398517195555e-03
0.000000000000000e+00
0.000000000000000e+00
-1.437018333735010e-03
0.000000000000000e+00
1.724285103302513e-04
9.649467080106331e-05
0.000000000000000e+00
1.724285103302513e-04
2.298398919387833e-04
7.769825221687836e-05
9.649467080106331e-05
2.298398919387833e-04
1.826345241680280e-04
-4.547384167908560e-05
7.769825221687836e-05
1.826345241680280e-04
4.121275154801270e-05
-2.621058757911910e-04
-4.547384167908560e-05
4.121275154801270e-05
-1.840286705375183e-04
-5.612852976888920e-04
-2.621058757911910e-04
-1.840286705375183e-04
-4.826949246250367e-04
-9.321010427358584e-04
-5.612852976888920e-04
-4.826949246250367e-04
-8.443935513380642e-04
-1.363643961755019e-03
-9.321010427358584e-04
-8.443935513380642e-04
-1.258734386073860e-03
-1.845006789883656e-03
-1.363643961755019e-03
-1.258734386073860e-03
-1.715329331085810e-03
-2.365283965991192e-03
-1.845006789883656e-03
-1.715329331085810e-03
-2.203792121617822e-03
-2.913571452056151e-03
-2.365283965991192e-03
-2.203792121617822e-03
-2.713738082810011e-03
-3.478966541607772e-03
-2.913571452056151e-03
-2.713738082810011e-03
-3.234783879318839e-03
-4.050567654727840e-03
-3.478966541607772e-03
-3.234783879318839e-03
-3.756547270711658e-03
-4.617474130853280e-03
-4.050567654727840e-03
-3.756547270711658e-03
-4.268646881846268e-03
-5.168786028408743e-03
-4.617474130853280e-03
-4.268646881846268e-03
-4.760701991716838e-03
-5.693603935429521e-03
-5.168786028408743e-03
-4.760701991716838e-03
-5.222332341207139e-03
-6.181028792652228e-03
-5.693603935429521e-03
-5.222332341207139e-03
-5.643157958977777e-03
-6.620161729402040e-03
-6.181028792652228e-03
-5.643157958977777e-03
-6.012799004215238e-03
-7.000103912026883e-03
-6.620161729402040e-03
-6.012799004215238e-03
-6.320875624793121e-03
-7.309956404319194e-03
-7.000103912026883e-03
-6.320875624793121e-03
-6.557007829426458e-03
-7.538820039260042e-03
-7.309956404319194e-03
-6.557007829426458e-03
-6.710815372471166e-03
-7.675795301366372e-03
-7.538820039260042e-03
-6.710815372471166e-03
-6.771917649917573e-03
-7.709982218701869e-03
-7.675795301366372e-03
-6.771917649917573e-03
-6.729933605059512e-03
-7.630480263457528e-03
-7.709982218701869e-03
-6.729933605059512e-03
-6.574481643628497e-03
-7.426388261362306e-03
-7.630480263457528e-03
-6.574481643628497e-03
-6.295179561798907e-03
-7.086804314052995e-03
-7.426388261362306e-03
-6.295179561798907e-03
-5.881644488500561e-03
-6.600825736422419e-03
-7.086804314052995e-03
-5.881644488500561e-03
-5.323492814626007e-03
-5.957548979958933e-03
-6.600825736422419e-03
-5.323492814626007e-03
-4.610340062907223e-03
-5.146069492891725e-03
-5.957548979958933e-03
-4.610340062907223e-03
-3.731800914976256e-03
-4.155481750732467e-03
-5.146069492891725e-03
-3.731800914976256e-03
-2.677489877628099e-03
-2.974879976558961e-03
-4.155481750732467e-03
-2.677489877628099e-03
-1.437018333735010e-03
-1.593354972171065e-03
-2.974879976558961e-03
-1.437018333735010e-03
0.000000000000000e+00
0.000000000000000e+00
-1.593354972171065e-03
0.000000000000000e+00
9.649467080106331e-05
1.241658363896157e-05
0.000000000000000e+00
9.649467080106331e-05
7.769825221687836e-05
-8.926393160686709e-05
1.241658363896157e-05
7.769825221687836e-05
-4.547384167908560e-05
-2.937050172563250e-04
-8.926393160686709e-05
-4.547384167908560e-05
-2.621058757911910e-04
-5.895695622851400e-04
-2.937050172563250e-04
-2.621058757911910e-04
-5.612852976888920e-04
-9.655233020517904e-04
-5.895695622851400e-04
-5.612852976888920e-04
-9.321010427358584e-04
-1.410233104638152e-03
-9.655233020517904e-04
-9.321010427358584e-04
-1.363643961755019e-03
-1.912367391573993e-03
-1.410233104638152e-03
-1.363643961755019e-03
-1.845006789883656e-03
-2.460596121979408e-03
-1.912367391573993e-03
-1.845006789883656e-03
-2.365283965991192e-03
-3.043590641181135e-03
-2.460596121979408e-03
-2.365283965991192e-03
-2.913571452056151e-03
-3.650023535923747e-03
-3.043590641181135e-03
-2.913571452056151e-03
-3.478966541607772e-03
-4.268568479997042e-03
-3.650023535923747e-03
-3.478966541607772e-03
-4.050567654727840e-03
-4.887900064101014e-03
-4.268568479997042e-03
-4.050567654727840e-03
-4.617474130853280e-03
-5.496693619032859e-03
-4.887900064101014e-03
-4.617474130853280e-03
-5.168786028408743e-03
-6.083625040297232e-03
-5.496693619032859e-03
-5.168786028408743e-03
-5.693603935429521e-03
-6.637370618194954e-03
-6.083625040297232e-03
-5.693603935429521e-03
-6.181028792652228e-03
-7.146606875229463e-03
-6.637370618194954e-03
-6.181028792652228e-03
-6.620161729402040e-03
-7.600010411740146e-03
-7.146606875229463e-03
-6.620161729402040e-03
-7.000103912026883e-03
-7.986257760163266e-03
-7.600010411740146e-03
-7.000103912026883e-03
-7.309956404319194e-03
-8.294025248005751e-03
-7.986257760163266e-03
-7.309956404319194e-03
-7.538820039260042e-03
-8.511988869475030e-03
-8.294025248005751e-03
-7.538820039260042e-03
-7.675795301366372e-03
-8.628824165606053e-03
-8.511988869475030e-03
-7.675795301366372e-03
-7.709982218701869e-03
-8.633206112450985e-03
-8.628824165606053e-03
-7.709982218701869e-03
-7.630480263457528e-03
-8.513809016703325e-03
-8.633206112450985e-03
-7.630480263457528e-03
-7.426388261362306e-03
-8.259306419555136e-03
-8.513809016703325e-03
-7.426388261362306e-03
-7.086804314052995e-03
-7.858371013702218e-03
-8.259306419555136e-03
-7.086804314052995e-03
-6.600825736422419e-03
-7.299674576176262e-03
-7.858371013702218e-03
-6.600825736422419e-03
-5.957548979958933e-03
-6.571887886699447e-03
-7.299674576176262e-03
-5.957548979958933e-03
-5.146069492891725e-03
-5.663680579751413e-03
-6.571887886699447e-03
-5.146069492891725e-03
-4.155481750732467e-03
-4.563721179418239e-03
-5.663680579751413e-03
-4.155481750732467e-03
-2.974879976558961e-03
-3.260677870169636e-03
-4.563721179418239e-03
-2.974879976558961e-03
-1.593354972171065e-03
-1.743215130181074e-03
-3.260677870169636e-03
-1.593354972171065e-03
0.000000000000000e+00
0.000000000000000e+00
-1.743215130181074e-03
0.000000000000000e+00
1.241658363896157e-05
-7.761112261822630e-05
0.000000000000000e+00
1.241658363896157e-05
-8.926393160686709e-05
-2.667989239761687e-04
-7.761112261822630e-05
-8.926393160686709e-05
-2.937050172563250e-04
-5.558997757578859e-04
-2.667989239761687e-04
-2.937050172563250e-04
-5.895695622851400e-04
-9.332492734857668e-04
-5.558997757578859e-04
-5.895695622851400e-04
-9.655233020517904e-04
-1.387185565681623e-03
-9.332492734857668e-04
-9.655233020517904e-04
-1.410233104638152e-03
-1.906047645439155e-03
-1.387185565681623e-03
-1.410233104638152e-03
-1.912367391573993e-03
-2.478175755640646e-03
-1.906047645439155e-03
-1.912367391573993e-03
-2.460596121979408e-03
-3.091911378857600e-03
-2.478175755640646e-03
-2.460596121979408e-03
-3.043590641181135e-03
-3.735597104116923e-03
-3.091911378857600e-03
-3.043590641181135e-03
-3.650023535923747e-03
-4.397576506237805e-03
-3.735597104116923e-03
-3.650023535923747e-03
-4.268568479997042e-03
-5.066194018153926e-03
-4.397576506237805e-03
-4.268568479997042e-03
-4.887900064101014e-03
-5.729794787291255e-03
-5.066194018153926e-03
-4.887900064101014e-03
-5.496693619032859e-03
-6.376724523023550e-03
-5.729794787291255e-03
-5.496693619032859e-03
-6.083625040297232e-03
-6.995329342085707e-03
-6.376724523023550e-03
-6.083625040297232e-03
-6.637370618194954e-03
-7.573955615469471e-03
-6.995329342085707e-03
-6.637370618194954e-03
-7.146606875229463e-03
-8.100949818568582e-03
-7.573955615469471e-03
-7.146606875229463e-03
-7.600010411740146e-03
-8.564658385682241e-03
-8.100949818568582e-03
-7.600010411740146e-03
-7.986257760163266e-03
-8.953427569627319e-03
-8.564658385682241e-03
-7.986257760163266e-03
-8.294025248005751e-03
-9.255603306971633e-03
-8.953427569627319e-03
-8.294025248005751e-03
-8.511988869475030e-03
-9.459531089297722e-03
-9.255603306971633e-03
-8.511988869475030e-03
-8.628824165606053e-03
-9.553555840822424e-03
-9.459531089297722e-03
-8.628824165606053e-03
-8.633206112450985e-03
-9.526021802423843e-03
-9.553555840822424e-03
-8.633206112450985e-03
-8.513809016703325e-03
-9.365272421943384e-03
-9.526021802423843e-03
-8.513809016703325e-03
-8.259306419555136e-03
-9.059650252158484e-03
-9.365272421943384e-03
-8.259306419555136e-03
-7.858371013702218e-03
-8.597496862183829e-03
-9.059650252158484e-03
-7.858371013702218e-03
-7.299674576176262e-03
-7.967152765722667e-03
-8.597496862183829e-03
-7.299674576176262e-03
-6.571887886699447e-03
-7.156957334843180e-03
-7.967152765722667e-03
-6.571887886699447e-03
-5.663680579751413e-03
-6.155248645255364e-03
-7.156957334843180e-03
-5.663680579751413e-03
-4.563721179418239e-03
-4.950363515958294e-03
-6.155248645255364e-03
-4.563721179418239e-03
-3.260677870169636e-03
-3.530638326431505e-03
-4.950363515958294e-03
-3.260677870169636e-03
-1.743215130181074e-03
-1.884405476268227e-03
-3.530638326431505e-03
-1.743215130181074e-03
0.000000000000000e+00
0.000000000000000e+00
-1.884405476268227e-03
0.000000000000000e+00
-7.761112261822630e-05
-1.713941382750837e-04
0.000000000000000e+00
-7.761112261822630e-05
-2.667989239761687e-04
-4.506595988942228e-04
-1.713941382750837e-04
-2.667989239761687e-04
-5.558997757578859e-04
-8.258997395907347e-04
-4.506595988942228e-04
-5.558997757578859e-04
-9.332492734857668e-04
-1.285216998570720e-03
-8.258997395907347e-04
-9.332492734857668e-04
-1.387185565681623e-03
-1.816716099087607e-03
-1.285216998570720e-03
-1.387185565681623e-03
-1.906047645439155e-03
-2.408502368123191e-03
-1.816716099087607e-03
-1.906047645439155e-03
-2.478175755640646e-03
-3.048682120624963e-03
-2.408502368123191e-03
-2.478175755640646e-03
-3.091911378857600e-03
-3.725362649886092e-03
-3.048682120624963e-03
-3.091911378857600e-03
-3.735597104116923e-03
-4.426652105948217e-03
-3.725362649886092e-03
-3.735597104116923e-03
-4.397576506237805e-03
-5.140659391440872e-03
-4.426652105948217e-03
-4.397576506237805e-03
-5.066194018153926e-03
-5.855494053258320e-03
-5.140659391440872e-03
-5.066194018153926e-03
-5.729794787291255e-03
-6.559266159212400e-03
-5.855494053258320e-03
-5.729794787291255e-03
-6.376724523023550e-03
-7.240086164855265e-03
-6.559266159212400e-03
-6.376724523023550e-03
-6.995329342085707e-03
-7.886064776066116e-03
-7.240086164855265e-03
-6.995329342085707e-03
-7.573955615469471e-03
-8.485312810192326e-03
-7.886064776066116e-03
-7.573955615469471e-03
-8.100949818568582e-03
-9.025941057180589e-03
-8.485312810192326e-03
-8.100949818568582e-03
-8.564658385682241e-03
-9.496060141746716e-03
-9.025941057180589e-03
-8.564658385682241e-03
-8.953427569627319e-03
-9.883780387456204e-03
-9.496060141746716e-03
-8.953427569627319e-03
-9.255603306971633e-03
-1.017721168347511e-02
-9.883780387456204e-03
-9.255603306971633e-03
-9.459531089297722e-03
-1.036446335473909e-02
-1.017721168347511e-02
-9.459531089297722e-03
-9.553555840822424e-03
-1.043364403627475e-02
-1.036446335473909e-02
-9.553555840822424e-03
-9.526021802423843e-03
-1.037286155218825e-02
-1.043364403627475e-02
-9.526021802423843e-03
-9.365272421943384e-03
-1.017022279971180e-02
-1.037286155218825e-02
-9.365272421943384e-03
-9.059650252158484e-03
-9.813833640361948e-03
-1.017022279971180e-02
-9.059650252158484e-03
-8.597496862183829e-03
-9.291798804878045e-03
-9.813833640361948e-03
-8.597496862183829e-03
-7.967152765722667e-03
-8.592221816215143e-03
-9.291798804878045e-03
-7.967152765722667e-03
-7.156957334843180e-03
-7.703204898606632e-03
-8.592221816215143e-03
-7.156957334843180e-03
-6.155248645255364e-03
-6.612848816962041e-03
-7.703204898606632e-03
-6.155248645255364e-03
-4.950363515958294e-03
-5.309252921515580e-03
-6.612848816962041e-03
-4.950363515958294e-03
-3.530638326431505e-03
-3.780516006894585e-03
-5.309252921515580e-03
-3.530638326431505e-03
-1.884405476268227e-03
-2.014732624541766e-03
-3.780516006894585e-03
-1.884405476268227e-03
0.000000000000000e+00
0.000000000000000e+00
-2.014732624541766e-03
0.000000000000000e+00
-1.713941382750837e-04
-2.667383771809895e-04
0.000000000000000e+00
-1.713941382750837e-04
-4.506595988942228e-04
-6.365992591356343e-04
-2.667383771809895e-04
-4.506595988942228e-04
-8.258997395907347e-04
-1.097547131488237e-03
-6.365992591356343e-04
-8.258997395907347e-04
-1.285216998570720e-03
-1.637545454688522e-03
-1.097547131488237e-03
-1.285216998570720e-03
-1.816716099087607e-03
-2.244559720203573e-03
-1.637545454688522e-03
-1.816716099087607e-03
-2.408502368123191e-03
-2.906555815567289e-03
-2.244559720203573e-03
-2.408502368123191e-03
-3.048682120624963e-03
-3.611500383864007e-03
-2.906555815567289e-03
-3.048682120624963e-03
-3.725362649886092e-03
-4.347360811802649e-03
-3.611500383864007e-03
-3.725362649886092e-03
-4.426652105948217e-03
-5.102105116165114e-03
-4.347360811802649e-03
-4.426652105948217e-03
-5.140659391440872e-03
-5.863701851434420e-03
-5.102105116165114e-03
-5.140659391440872e-03
-5.855494053258320e-03
-6.620120015971088e-03
-5.863701851434420e-03
-5.855494053258320e-03
-6.559266159212400e-03
-7.359328944582058e-03
-6.620120015971088e-03
-6.559266159212400e-03
-7.240086164855265e-03
-8.069298191081771e-03
-7.359328944582058e-03
-7.240086164855265e-03
-7.886064776066116e-03
-8.737997405181252e-03
-8.069298191081771e-03
-7.886064776066116e-03
-8.485312810192326e-03
-9.353396205678788e-03
-8.737997405181252e-03
-8.485312810192326e-03
-9.025941057180589e-03
-9.903464050910858e-03
-9.353396205678788e-03
-9.025941057180589e-03
-9.496060141746716e-03
-1.037617010728076e-02
-9.903464050910858e-03
-9.496060141746716e-03
-9.883780387456204e-03
-1.075948311669134e-02
-1.037617010728076e-02
-9.883780387456204e-03
-1.017721168347511e-02
-1.104137126374374e-02
-1.075948311669134e-02
-1.017721168347511e-02
-1.036446335473909e-02
-1.120980204367567e-02
-1.104137126374374e-02
-1.036446335473909e-02
-1.043364403627475e-02
-1.125274213210987e-02
-1.120980204367567e-02
-1.043364403627475e-02
-1.037286155218825e-02
-1.115815725756568e-02
-1.125274213210987e-02
-1.037286155218825e-02
-1.017022279971180e-02
-1.091401207767464e-02
-1.115815725756568e-02
-1.017022279971180e-02
-9.813833640361948e-03
-1.050827006188195e-02
-1.091401207767464e-02
-9.813833640361948e-03
-9.291798804878045e-03
-9.928893388304045e-03
-1.050827006188195e-02
-9.291798804878045e-03
-8.592221816215143e-03
-9.163842860023527e-03
-9.928893388304045e-03
-8.592221816215143e-03
-7.703204898606632e-03
-8.201077808626906e-03
-9.163842860023527e-03
-7.703204898606632e-03
-6.612848816962041e-03
-7.028555928163639e-03
-8.201077808626906e-03
-6.612848816962041e-03
-5.309252921515580e-03
-5.634233324677749e-03
-7.028555928163639e-03
-5.309252921515580e-03
-3.780516006894585e-03
-4.006065412195486e-03
-5.634233324677749e-03
-3.780516006894585e-03
-2.014732624541766e-03
-2.132003106852351e-03
-4.006065412195486e-03
-2.014732624541766e-03
0.000000000000000e+00
0.000000000000000e+00
-2.132003106852351e-03
0.000000000000000e+00
-2.667383771809895e-04
-3.614499019467638e-04
0.000000000000000e+00
-2.667383771809895e-04
-6.365992591356343e-04
-8.203714931119455e-04
-3.614499019467638e-04
-6.365992591356343e-04
-1.097547131488237e-03
-1.364684574630299e-03
-8.203714931119455e-04
-1.097547131488237e-03
-1.637545454688522e-03
-1.982307844990050e-03
-1.364684574630299e-03
-1.637545454688522e-03
-2.244559720203573e-03
-2.661161785668767e-03
-1.982307844990050e-03
-2.244559720203573e-03
-2.906555815567289e-03
-3.389167089062408e-03
-2.661161785668767e-03
-2.906555815567289e-03
-3.611500383864007e-03
-4.154244990446667e-03
-3.389167089062408e-03
-3.611500383864007e-03
-4.347360811802649e-03
-4.944317252483075e-03
-4.154244990446667e-03
-4.347360811802649e-03
-5.102105116165114e-03
-5.747306058070708e-03
-4.944317252483075e-03
-5.102105116165114e-03
-5.863701851434420e-03
-6.551133927174465e-03
-5.747306058070708e-03
-5.863701851434420e-03
-6.620120015971088e-03
-7.343723634618198e-03
-6.551133927174465e-03
-6.620120015971088e-03
-7.359328944582058e-03
-8.112998115839555e-03
-7.343723634618198e-03
-7.359328944582058e-03
-8.069298191081771e-03
-8.846880362786837e-03
-8.112998115839555e-03
-8.069298191081771e-03
-8.737997405181252e-03
-9.533293313082617e-03
-8.846880362786837e-03
-8.737997405181252e-03
-9.353396205678788e-03
-1.016015973358541e-02
-9.533293313082617e-03
-9.353396205678788e-03
-9.903464050910858e-03
-1.071540209875312e-02
-1.016015973358541e-02
-9.903464050910858e-03
-1.037617010728076e-02
-1.118694246428363e-02
-1.071540209875312e-02
-1.037617010728076e-02
-1.075948311669134e-02
-1.156270233669072e-02
-1.118694246428363e-02
-1.075948311669134e-02
-1.104137126374374e-02
-1.183060253965984e-02
-1.156270233669072e-02
-1.104137126374374e-02
-1.120980204367567e-02
-1.197856307827992e-02
-1.183060253965984e-02
-1.120980204367567e-02
-1.125274213210987e-02
-1.199450300248207e-02
-1.197856307827992e-02
-1.125274213210987e-02
-1.115815725756568e-02
-1.186634027104376e-02
-1.199450300248207e-02
-1.115815725756568e-02
-1.091401207767464e-02
-1.158199161767154e-02
-1.186634027104376e-02
-1.091401207767464e-02
-1.050827006188195e-02
-1.112937242275082e-02
-1.158199161767154e-02
-1.050827006188195e-02
-9.928893388304045e-03
-1.049639659955369e-02
-1.112937242275082e-02
-9.928893388304045e-03
-9.163842860023527e-03
-9.670976501411084e-03
-1.049639659955369e-02
-9.163842860023527e-03
-8.201077808626906e-03
-8.641022818009273e-03
-9.670976501411084e-03
-8.201077808626906e-03
-7.028555928163639e-03
-7.394444403682306e-03
-8.641022818009273e-03
-7.028555928163639e-03
-5.634233324677749e-03
-5.919148331262534e-03
-7.394444403682306e-03
-5.634233324677749e-03
-4.006065412195486e-03
-4.203040819592215e-03
-5.919148331262534e-03
-4.006065412195486e-03
-2.132003106852351e-03
-2.234023340821471e-03
-4.203040819592215e-03
-2.132003106852351e-03
0.000000000000000e+00
0.000000000000000e+00
-2.234023340821471e-03
0.000000000000000e+00
-3.614499019467638e-04
-4.533348623891130e-04
0.000000000000000e+00
-3.614499019467638e-04
-8.203714931119455e-04
-9.977300562663950e-04
-4.533348623891130e-04
-8.203714931119455e-04
-1.364684574630299e-03
-1.621154925230605e-03
-9.977300562663950e-04
-1.364684574630299e-03
-1.982307844990050e-03
-2.311577653059655e-03
-1.621154925230605e-03
-1.982307844990050e-03
-2.661161785668767e-03
-3.056967958620218e-03
-2.311577653059655e-03
-2.661161785668767e-03
-3.389167089062408e-03
-3.845295600438261e-03
-3.056967958620218e-03
-3.389167089062408e-03
-4.154244990446667e-03
-4.664530679061522e-03
-3.845295600438261e-03
-4.154244990446667e-03
-4.944317252483075e-03
-5.502643617762246e-03
-4.664530679061522e-03
-4.944317252483075e-03
-5.747306058070708e-03
-6.347605061561374e-03
-5.502643617762246e-03
-5.747306058070708e-03
-6.551133927174465e-03
-7.187385802325828e-03
-6.347605061561374e-03
-6.551133927174465e-03
-7.343723634618198e-03
-8.009956706929871e-03
-7.187385802325828e-03
-7.343723634618198e-03
-8.112998115839555e-03
-8.803288634899854e-03
-8.009956706929871e-03
-8.112998115839555e-03
-8.846880362786837e-03
-9.555352346400927e-03
-8.803288634899854e-03
-8.846880362786837e-03
-9.533293313082617e-03
-1.025411840251283e-02
-9.555352346400927e-03
-9.533293313082617e-03
-1.016015973358541e-02
-1.088755705808174e-02
-1.025411840251283e-02
-1.016015973358541e-02
-1.071540209875312e-02
-1.144363814695818e-02
-1.088755705808174e-02
-1.071540209875312e-02
-1.118694246428363e-02
-1.191033095968371e-02
-1.144363814695818e-02
-1.118694246428363e-02
-1.156270233669072e-02
-1.227560411402293e-02
-1.191033095968371e-02
-1.156270233669072e-02
-1.183060253965984e-02
-1.252742541906289e-02
-1.227560411402293e-02
-1.183060253965984e-02
-1.197856307827992e-02
-1.265376173399346e-02
-1.252742541906289e-02
-1.197856307827992e-02
-1.199450300248207e-02
-1.264257882306865e-02
-1.265376173399346e-02
-1.199450300248207e-02
-1.186634027104376e-02
-1.248184120845709e-02
-1.264257882306865e-02
-1.186634027104376e-02
-1.158199161767154e-02
-1.215951202307090e-02
-1.248184120845709e-02
-1.158199161767154e-02
-1.112937242275082e-02
-1.166355286784154e-02
-1.215951202307090e-02
-1.112937242275082e-02
-1.049639659955369e-02
-1.098192368350156e-02
-1.166355286784154e-02
-1.049639659955369e-02
-9.670976501411084e-03
-1.010258264489450e-02
-1.098192368350156e-02
-9.670976501411084e-03
-8.641022818009273e-03
-9.013486047043549e-03
-1.010258264489450e-02
-8.641022818009273e-03
-7.394444403682306e-03
-7.702588126534771e-03
-9.013486047043549e-03
-7.394444403682306e-03
-5.919148331262534e-03
-6.157841118420116e-03
-7.702588126534771e-03
-5.919148331262534e-03
-4.203040819592215e-03
-4.367196209326247e-03
-6.157841118420116e-03
-4.203040819592215e-03
-2.234023340821471e-03
-2.318599592060475e-03
-4.367196209326247e-03
-2.234023340821471e-03
0.000000000000000e+00
0.000000000000000e+00
-2.318599592060475e-03
0.000000000000000e+00
-4.533348623891130e-04
-5.401994421364750e-04
0.000000000000000e+00
-4.533348623891130e-04
-9.977300562663950e-04
-1.164428767739386e-03
-5.401994421364750e-04
-9.977300562663950e-04
-1.621154925230605e-03
-1.860801125639208e-03
-1.164428767739386e-03
-1.621154925230605e-03
-2.311577653059655e-03
-2.617428460826728e-03
-1.860801125639208e-03
-2.311577653059655e-03
-3.056967958620218e-03
-3.422424000666710e-03
-2.617428460826728e-03
-3.056967958620218e-03
-3.845295600438261e-03
-4.263900847168158e-03
-3.422424000666710e-03
-3.845295600438261e-03
-4.664530679061522e-03
-5.129972248274530e-03
-4.263900847168158e-03
-4.664530679061522e-03
-5.502643617762246e-03
-6.008751575373921e-03
-5.129972248274530e-03
-5.502643617762246e-03
-6.347605061561374e-03
-6.888352229456446e-03
-6.008751575373921e-03
-6.347605061561374e-03
-7.187385802325828e-03
-7.756887574994327e-03
-6.888352229456446e-03
-7.187385802325828e-03
-8.009956706929871e-03
-8.602470878685532e-03
-7.756887574994327e-03
-8.009956706929871e-03
-8.803288634899854e-03
-9.413215239011450e-03
-8.602470878685532e-03
-8.803288634899854e-03
-9.555352346400927e-03
-1.017723350616768e-02
-9.413215239011450e-03
-9.555352346400927e-03
-1.025411840251283e-02
-1.088263819315125e-02
-1.017723350616768e-02
-1.025411840251283e-02
-1.088755705808174e-02
-1.151754137745747e-02
-1.088263819315125e-02
-1.088755705808174e-02
-1.144363814695818e-02
-1.207005459259275e-02
-1.151754137745747e-02
-1.144363814695818e-02
-1.191033095968371e-02
-1.252828870901185e-02
-1.207005459259275e-02
-1.191033095968371e-02
-1.227560411402293e-02
-1.288035380454134e-02
-1.252828870901185e-02
-1.227560411402293e-02
-1.252742541906289e-02
-1.311435902478753e-02
-1.288035380454134e-02
-1.252742541906289e-02
-1.265376173399346e-02
-1.321841243453815e-02
-1.311435902478753e-02
-1.265376173399346e-02
-1.264257882306865e-02
-1.318062086170196e-02
-1.321841243453815e-02
-1.264257882306865e-02
-1.248184120845709e-02
-1.298908973574170e-02
-1.318062086170196e-02
-1.248184120845709e-02
-1.215951202307090e-02
-1.263192292322003e-02
-1.298908973574170e-02
-1.215951202307090e-02
-1.166355286784154e-02
-1.209722256584977e-02
-1.263192292322003e-02
-1.166355286784154e-02
-1.098192368350156e-02
-1.137308893252761e-02
-1.209722256584977e-02
-1.098192368350156e-02
-1.010258264489450e-02
-1.044762029526011e-02
-1.137308893252761e-02
-1.010258264489450e-02
-9.013486047043549e-03
-9.308912800185734e-03
-1.044762029526011e-02
-9.013486047043549e-03
-7.702588126534771e-03
-7.945060279218047e-03
-9.308912800185734e-03
-7.702588126534771e-03
-6.157841118420116e-03
-6.344154307564051e-03
-7.945060279218047e-03
-6.157841118420116e-03
-4.367196209326247e-03
-4.494285175739747e-03
-6.344154307564051e-03
-4.367196209326247e-03
-2.318599592060475e-03
-2.383537928403158e-03
-4.494285175739747e-03
-2.318599592060475e-03
0.000000000000000e+00
0.000000000000000e+00
-2.383537928403158e-03
0.000000000000000e+00
-5.401994421364750e-04
-6.198498095264206e-04
0.000000000000000e+00
-5.401994421364750e-04
-1.164428767739386e-03
-1.316221415161813e-03
-6.198498095264206e-04
-1.164428767739386e-03
-1.860801125639208e-03
-2.077466068586420e-03
-1.316221415161813e-03
-1.860801125639208e-03
-2.617428460826728e-03
-2.891933779591108e-03
-2.077466068586420e-03
-2.617428460826728e-03
-3.422424000666710e-03
-3.747975577860004e-03
-2.891933779591108e-03
-3.422424000666710e-03
-4.263900847168158e-03
-4.633942201366059e-03
-3.747975577860004e-03
-4.263900847168158e-03
-5.129972248274530e-03
-5.538184335805317e-03
-4.633942201366059e-03
-5.129972248274530e-03
-6.008751575373921e-03
-6.449052590447487e-03
-5.538184335805317e-03
-6.008751575373921e-03
-6.888352229456446e-03
-7.354897413624270e-03
-6.449052590447487e-03
-6.888352229456446e-03
-7.756887574994327e-03
-8.244069037360002e-03
-7.354897413624270e-03
-7.756887574994327e-03
-8.602470878685532e-03
-9.104917428352802e-03
-8.244069037360002e-03
-8.602470878685532e-03
-9.413215239011450e-03
-9.925792230750593e-03
-9.104917428352802e-03
-9.413215239011450e-03
-1.017723350616768e-02
-1.069504269894568e-02
-9.925792230750593e-03
-1.017723350616768e-02
-1.088263819315125e-02
-1.140101762001548e-02
-1.069504269894568e-02
-1.088263819315125e-02
-1.151754137745747e-02
-1.203206522446242e-02
-1.140101762001548e-02
-1.151754137745747e-02
-1.207005459259275e-02
-1.257653308387810e-02
-1.203206522446242e-02
-1.207005459259275e-02
-1.252828870901185e-02
-1.302276799467519e-02
-1.257653308387810e-02
-1.252828870901185e-02
-1.288035380454134e-02
-1.335911584755709e-02
-1.302276799467519e-02
-1.288035380454134e-02
-1.311435902478753e-02
-1.357392148289375e-02
-1.335911584755709e-02
-1.311435902478753e-02
-1.321841243453815e-02
-1.365552853275706e-02
-1.357392148289375e-02
-1.321841243453815e-02
-1.318062086170196e-02
-1.359227925102130e-02
-1.365552853275706e-02
-1.318062086170196e-02
-1.298908973574170e-02
-1.337251433354604e-02
-1.359227925102130e-02
-1.298908973574170e-02
-1.263192292322003e-02
-1.298457273145073e-02
-1.337251433354604e-02
-1.263192292322003e-02
-1.209722256584977e-02
-1.241679146374837e-02
-1.298457273145073e-02
-1.209722256584977e-02
-1.137308893252761e-02
-1.165750544234850e-02
-1.241679146374837e-02
-1.137308893252761e-02
-1.044762029526011e-02
-1.069504732164957e-02
-1.165750544234850e-02
-1.044762029526011e-02
-9.308912800185734e-03
-9.517747347021561e-03
-1.069504732164957e-02
-9.308912800185734e-03
-7.945060279218047e-03
-8.113933151360705e-03
-9.517747347021561e-03
-7.945060279218047e-03
-6.344154307564051e-03
-6.471929808786826e-03
-8.113933151360705e-03
-6.344154307564051e-03
-4.494285175739747e-03
-4.580060817617150e-03
-6.471929808786826e-03
-4.494285175739747e-03
-2.383537928403158e-03
-2.426644163176421e-03
-4.580060817617150e-03
-2.383537928403158e-03
0.000000000000000e+00
0.000000000000000e+00
-2.426644163176421e-03
0.000000000000000e+00
-6.198498095264206e-04
-6.900920694355067e-04
0.000000000000000e+00
-6.198498095264206e-04
-1.316221415161813e-03
-1.448861661354888e-03
-6.900920694355067e-04
-1.316221415161813e-03
-2.077466068586420e-03
-2.264992464356818e-03
-1.448861661354888e-03
-2.077466068586420e-03
-2.891933779591108e-03
-3.127166885009277e-03
-2.264992464356818e-03
-2.891933779591108e-03
-3.747975577860004e-03
-4.024068071579024e-03
-3.127166885009277e-03
-3.747975577860004e-03
-4.633942201366059e-03
-4.944378704467825e-03
-4.024068071579024e-03
-4.633942201366059e-03
-5.538184335805317e-03
-5.876781203989982e-03
-4.944378704467825e-03
-5.538184335805317e-03
-6.449052590447487e-03
-6.809957707373272e-03
-5.876781203989982e-03
-6.449052590447487e-03
-7.354897413624270e-03
-7.732589997330795e-03
-6.809957707373272e-03
-7.354897413624270e-03
-8.244069037360002e-03
-8.633359461085174e-03
-7.732589997330795e-03
-8.244069037360002e-03
-9.104917428352802e-03
-9.500947056795349e-03
-8.633359461085174e-03
-9.104917428352802e-03
-9.925792230750593e-03
-1.032403327216204e-02
-9.500947056795349e-03
-9.925792230750593e-03
-1.069504269894568e-02
-1.109129807204256e-02
-1.032403327216204e-02
-1.069504269894568e-02
-1.140101762001548e-02
-1.179142083358728e-02
-1.109129807204256e-02
-1.140101762001548e-02
-1.203206522446242e-02
-1.241308026683537e-02
-1.179142083358728e-02
-1.203206522446242e-02
-1.257653308387810e-02
-1.294495431889000e-02
-1.241308026683537e-02
-1.257653308387810e-02
-1.302276799467519e-02
-1.337572006038057e-02
-1.294495431889000e-02
-1.302276799467519e-02
-1.335911584755709e-02
-1.369405355345331e-02
-1.337572006038057e-02
-1.335911584755709e-02
-1.357392148289375e-02
-1.388862970101546e-02
-1.369405355345331e-02
-1.357392148289375e-02
-1.365552853275706e-02
-1.394812207753605e-02
-1.388862970101546e-02
-1.365552853275706e-02
-1.359227925102130e-02
-1.386120274240435e-02
-1.394812207753605e-02
-1.359227925102130e-02
-1.337251433354604e-02
-1.361654203761241e-02
-1.386120274240435e-02
-1.337251433354604e-02
-1.298457273145073e-02
-1.320280837285298e-02
-1.361654203761241e-02
-1.298457273145073e-02
-1.241679146374837e-02
-1.260866800494900e-02
-1.320280837285298e-02
-1.241679146374837e-02
-1.165750544234850e-02
-1.182278482611821e-02
-1.260866800494900e-02
-1.165750544234850e-02
-1.069504732164957e-02
-1.083382017600593e-02
-1.182278482611821e-02
-1.069504732164957e-02
-9.517747347021561e-03
-9.630432656226678e-03
-1.083382017600593e-02
-9.517747347021561e-03
-8.113933151360705e-03
-8.201277902475549e-03
-9.630432656226678e-03
-8.113933151360705e-03
-6.471929808786826e-03
-6.535008626518729e-03
-8.201277902475549e-03
-6.471929808786826e-03
-4.580060817617150e-03
-4.620275599917656e-03
-6.535008626518729e-03
-4.580060817617150e-03
-2.426644163176421e-03
-2.445723783255543e-03
-4.620275599917656e-03
-2.426644163176421e-03
0.000000000000000e+00
0.000000000000000e+00
-2.445723783255543e-03
0.000000000000000e+00
-6.900920694355067e-04
-7.487322126176924e-04
0.000000000000000e+00
-6.900920694355067e-04
-1.448861661354888e-03
-1.558102946626671e-03
-7.487322126176924e-04
-1.448861661354888e-03
-2.264992464356818e-03
-2.417222702631234e-03
-1.558102946626671e-03
-2.264992464356818e-03
-3.127166885009277e-03
-3.315200646926174e-03
-2.417222702631234e-03
-3.127166885009277e-03
-4.024068071579024e-03
-4.241146385388423e-03
-3.315200646926174e-03
-4.024068071579024e-03
-4.944378704467825e-03
-5.184168859623972e-03
-4.241146385388423e-03
-4.944378704467825e-03
-5.876781203989982e-03
-6.133376524899410e-03
-5.184168859623972e-03
-5.876781203989982e-03
-6.809957707373272e-03
-7.077877333125783e-03
-6.133376524899410e-03
-6.809957707373272e-03
-7.732589997330795e-03
-8.006778680472922e-03
-7.077877333125783e-03
-7.732589997330795e-03
-8.633359461085174e-03
-8.909187386547886e-03
-8.006778680472922e-03
-8.633359461085174e-03
-9.500947056795349e-03
-9.774209681245677e-03
-8.909187386547886e-03
-9.500947056795349e-03
-1.032403327216204e-02
-1.059095118314136e-02
-9.774209681245677e-03
-1.032403327216204e-02
-1.109129807204256e-02
-1.134851686485603e-02
-1.059095118314136e-02
-1.109129807204256e-02
-1.179142083358728e-02
-1.203601100293340e-02
-1.134851686485603e-02
-1.179142083358728e-02
-1.241308026683537e-02
-1.264253710963770e-02
-1.203601100293340e-02
-1.241308026683537e-02
-1.294495431889000e-02
-1.315719784444804e-02
-1.264253710963770e-02
-1.294495431889000e-02
-1.337572006038057e-02
-1.356909490361022e-02
-1.315719784444804e-02
-1.337572006038057e-02
-1.369405355345331e-02
-1.386732888655154e-02
-1.356909490361022e-02
-1.369405355345331e-02
-1.388862970101546e-02
-1.404099913832194e-02
-1.386732888655154e-02
-1.388862970101546e-02
-1.394812207753605e-02
-1.407920356767356e-02
-1.404099913832194e-02
-1.394812207753605e-02
-1.386120274240435e-02
-1.397103844100427e-02
-1.407920356767356e-02
-1.386120274240435e-02
-1.361654203761241e-02
-1.370559815319360e-02
-1.397103844100427e-02
-1.361654203761241e-02
-1.320280837285298e-02
-1.327197497793926e-02
-1.370559815319360e-02
-1.320280837285298e-02
-1.260866800494900e-02
-1.265925880460443e-02
-1.327197497793926e-02
-1.260866800494900e-02
-1.182278482611821e-02
-1.185653687719739e-02
-1.265925880460443e-02
-1.182278482611821e-02
-1.083382017600593e-02
-1.085289355331053e-02
-1.185653687719739e-02
-1.083382017600593e-02
-9.630432656226678e-03
-9.637410067658463e-03
-1.085289355331053e-02
-9.630432656226678e-03
-8.201277902475549e-03
-8.199164264026705e-03
-9.637410067658463e-03
-8.201277902475549e-03
-6.535008626518729e-03
-6.527230611684614e-03
-8.199164264026705e-03
-6.535008626518729e-03
-4.620275599917656e-03
-4.610681175402512e-03
-6.527230611684614e-03
-4.620275599917656e-03
-2.445723783255543e-03
-2.438581855589821e-03
-4.610681175402512e-03
-2.445723783255543e-03
0.000000000000000e+00
0.000000000000000e+00
-2.438581855589821e-03
0.000000000000000e+00
-7.487322126176924e-04
-7.935760584154304e-04
0.000000000000000e+00
-7.487322126176924e-04
-1.558102946626671e-03
-1.639698379140669e-03
-7.935760584154304e-04
-1.558102946626671e-03
-2.417222702631234e-03
-2.527998699346290e-03
-1.639698379140669e-03
-2.417222702631234e-03
-3.315200646926174e-03
-3.448107343696276e-03
-2.527998699346290e-03
-3.315200646926174e-03
-4.241146385388423e-03
-4.389654738045905e-03
-3.448107343696276e-03
-4.241146385388423e-03
-5.184168859623972e-03
-5.342270413353509e-03
-4.389654738045905e-03
-5.184168859623972e-03
-6.133376524899410e-03
-6.295583158444198e-03
-5.342270413353509e-03
-6.133376524899410e-03
-7.077877333125783e-03
-7.239221017203441e-03
-6.295583158444198e-03
-7.077877333125783e-03
-8.006778680472922e-03
-8.162811264500695e-03
-7.239221017203441e-03
-8.006778680472922e-03
-8.909187386547886e-03
-9.055980414067454e-03
-8.162811264500695e-03
-8.909187386547886e-03
-9.774209681245677e-03
-9.908354232778591e-03
-9.055980414067454e-03
-9.774209681245677e-03
-1.059095118314136e-02
-1.070955774410970e-02
-9.908354232778591e-03
-1.059095118314136e-02
-1.134851686485603e-02
-1.144921521499073e-02
-1.070955774410970e-02
-1.134851686485603e-02
-1.203601100293340e-02
-1.211695012296734e-02
-1.144921521499073e-02
-1.203601100293340e-02
-1.264253710963770e-02
-1.270238510091374e-02
-1.211695012296734e-02
-1.264253710963770e-02
-1.315719784444804e-02
-1.319514185701108e-02
-1.270238510091374e-02
-1.315719784444804e-02
-1.356909490361022e-02
-1.358484106817468e-02
-1.319514185701108e-02
-1.356909490361022e-02
-1.386732888655154e-02
-1.386110224533631e-02
-1.358484106817468e-02
-1.386732888655154e-02
-1.404099913832194e-02
-1.401354356907219e-02
-1.386110224533631e-02
-1.404099913832194e-02
-1.407920356767356e-02
-1.403178169421732e-02
-1.401354356907219e-02
-1.407920356767356e-02
-1.397103844100427e-02
-1.390543152243975e-02
-1.403178169421732e-02
-1.397103844100427e-02
-1.370559815319360e-02
-1.362410594236720e-02
-1.390543152243975e-02
-1.370559815319360e-02
-1.327197497793926e-02
-1.317741553847439e-02
-1.362410594236720e-02
-1.327197497793926e-02
-1.265925880460443e-02
-1.255496827475808e-02
-1.317741553847439e-02
-1.265925880460443e-02
-1.185653687719739e-02
-1.174636916890504e-02
-1.255496827475808e-02
-1.185653687719739e-02
-1.085289355331053e-02
-1.074121997722903e-02
-1.174636916890504e-02
-1.085289355331053e-02
-9.637410067658463e-03
-9.529118882134388e-03
-1.074121997722903e-02
-9.637410067658463e-03
-8.199164264026705e-03
-8.099660158151507e-03
-9.529118882134388e-03
-8.199164264026705e-03
-6.527230611684614e-03
-6.442434138490573e-03
-8.099660158151507e-03
-6.527230611684614e-03
-4.610681175402512e-03
-4.547028148707552e-03
-6.442434138490573e-03
-4.610681175402512e-03
-2.438581855589821e-03
-2.403022902480692e-03
-4.547028148707552e-03
-2.438581855589821e-03
0.000000000000000e+00
0.000000000000000e+00
-2.403022902480692e-03
0.000000000000000e+00
-7.935760584154304e-04
-8.224291851471438e-04
0.000000000000000e+00
-7.935760584154304e-04
-1.639698379140669e-03
-1.689400603198727e-03
-8.224291851471438e-04
-1.639698379140669e-03
-2.527998699346290e-03
-2.591161715969668e-03
-1.689400603198727e-03
-2.527998699346290e-03
-3.448107343696276e-03
-3.517958448077951e-03
-2.591161715969668e-03
-3.448107343696276e-03
-4.389654738045905e-03
-4.460036431095433e-03
-3.517958448077951e-03
-4.389654738045905e-03
-5.342270413353509e-03
-5.407640117178593e-03
-4.460036431095433e-03
-5.342270413353509e-03
-6.295583158444198e-03
-6.351012916699408e-03
-5.407640117178593e-03
-6.295583158444198e-03
-7.239221017203441e-03
-7.280397223690203e-03
-6.351012916699408e-03
-7.239221017203441e-03
-8.162811264500695e-03
-8.186034434351504e-03
-7.280397223690203e-03
-8.162811264500695e-03
-9.055980414067454e-03
-9.058164995788752e-03
-8.186034434351504e-03
-9.055980414067454e-03
-9.908354232778591e-03
-9.887028456904408e-03
-9.058164995788752e-03
-9.908354232778591e-03
-1.070955774410970e-02
-1.066286350327549e-02
-9.887028456904408e-03
-1.070955774410970e-02
-1.144921521499073e-02
-1.137590796965122e-02
-1.066286350327549e-02
-1.144921521499073e-02
-1.211695012296734e-02
-1.201639882707074e-02
-1.137590796965122e-02
-1.211695012296734e-02
-1.270238510091374e-02
-1.257457214228473e-02
-1.201639882707074e-02
-1.270238510091374e-02
-1.319514185701108e-02
-1.304066300757176e-02
-1.257457214228473e-02
-1.319514185701108e-02
-1.358484106817468e-02
-1.340490543921557e-02
-1.304066300757176e-02
-1.358484106817468e-02
-1.386110224533631e-02
-1.365753224274289e-02
-1.340490543921557e-02
-1.386110224533631e-02
-1.401354356907219e-02
-1.378877484265612e-02
-1.365753224274289e-02
-1.401354356907219e-02
-1.403178169421732e-02
-1.378886307404192e-02
-1.378877484265612e-02
-1.403178169421732e-02
-1.390543152243975e-02
-1.364802493322555e-02
-1.378886307404192e-02
-1.390543152243975e-02
-1.362410594236720e-02
-1.335648628473200e-02
-1.364802493322555e-02
-1.362410594236720e-02
-1.317741553847439e-02
-1.290447052303475e-02
-1.335648628473200e-02
-1.317741553847439e-02
-1.255496827475808e-02
-1.228219819232926e-02
-1.290447052303475e-02
-1.255496827475808e-02
-1.174636916890504e-02
-1.147988657796923e-02
-1.228219819232926e-02
-1.174636916890504e-02
-1.074121997722903e-02
-1.048774929046322e-02
-1.147988657796923e-02
-1.074121997722903e-02
-9.529118882134388e-03
-9.295995840991732e-03
-1.048774929046322e-02
-9.529118882134388e-03
-8.099660158151507e-03
-7.894831200258003e-03
-9.295995840991732e-03
-8.099660158151507e-03
-6.442434138490573e-03
-6.274455672805676e-03
-7.894831200258003e-03
-6.442434138490573e-03
-4.547028148707552e-03
-4.425065755691730e-03
-6.274455672805676e-03
-4.547028148707552e-03
-2.403022902480692e-03
-2.336850730207511e-03
-4.425065755691730e-03
-2.403022902480692e-03
0.000000000000000e+00
0.000000000000000e+00
-2.336850730207511e-03
0.000000000000000e+00
-8.224291851471438e-04
-8.330968397200165e-04
0.000000000000000e+00
-8.224291851471438e-04
-1.689400603198727e-03
-1.702961630815622e-03
-8.330968397200165e-04
-1.689400603198727e-03
-2.591161715969668e-03
-2.600552133974268e-03
-1.702961630815622e-03
-2.591161715969668e-03
-3.517958448077951e-03
-3.516824368384803e-03
-2.600552133974268e-03
-3.517958448077951e-03
-4.460036431095433e-03
-4.442733577993866e-03
-3.516824368384803e-03
-4.460036431095433e-03
-5.407640117178593e-03
-5.369233460358288e-03
-4.442733577993866e-03
-5.407640117178593e-03
-6.351012916699408e-03
-6.287276309491929e-03
-5.369233460358288e-03
-6.351012916699408e-03
-7.280397223690203e-03
-7.187813093569208e-03
-6.287276309491929e-03
-7.280397223690203e-03
-8.186034434351504e-03
-8.061793537672175e-03
-7.187813093569208e-03
-8.186034434351504e-03
-9.058164995788752e-03
-8.900166229872091e-03
-8.061793537672175e-03
-9.058164995788752e-03
-9.887028456904408e-03
-9.693878719772330e-03
-8.900166229872091e-03
-9.887028456904408e-03
-1.066286350327549e-02
-1.043387759151472e-02
-9.693878719772330e-03
-1.066286350327549e-02
-1.137590796965122e-02
-1.111110850574869e-02
-1.043387759151472e-02
-1.137590796965122e-02
-1.201639882707074e-02
-1.171651620889556e-02
-1.111110850574869e-02
-1.201639882707074e-02
-1.257457214228473e-02
-1.224104450872837e-02
-1.171651620889556e-02
-1.257457214228473e-02
-1.304066300757176e-02
-1.267563621531776e-02
-1.224104450872837e-02
-1.304066300757176e-02
-1.340490543921557e-02
-1.301123304603477e-02
-1.267563621531776e-02
-1.340490543921557e-02
-1.365753224274289e-02
-1.323877549255411e-02
-1.301123304603477e-02
-1.365753224274289e-02
-1.378877484265612e-02
-1.334920264680861e-02
-1.323877549255411e-02
-1.378877484265612e-02
-1.378886307404192e-02
-1.333345198177728e-02
-1.334920264680861e-02
-1.378886307404192e-02
-1.364802493322555e-02
-1.318245908193374e-02
-1.333345198177728e-02
-1.364802493322555e-02
-1.335648628473200e-02
-1.288715731729181e-02
-1.318245908193374e-02
-1.335648628473200e-02
-1.290447052303475e-02
-1.243847745512565e-02
-1.288715731729181e-02
-1.290447052303475e-02
-1.228219819232926e-02
-1.182734720717244e-02
-1.243847745512565e-02
-1.228219819232926e-02
-1.147988657796923e-02
-1.104469072012056e-02
-1.182734720717244e-02
-1.147988657796923e-02
-1.048774929046322e-02
-1.008142802650897e-02
-1.104469072012056e-02
-1.048774929046322e-02
-9.295995840991732e-03
-8.928474459226173e-03
-1.008142802650897e-02
-9.295995840991732e-03
-7.894831200258003e-03
-7.576740038812119e-03
-8.928474459226173e-03
-7.894831200258003e-03
-6.274455672805676e-03
-6.017129181959325e-03
-7.576740038812119e-03
-6.274455672805676e-03
-4.425065755691730e-03
-4.240541414978450e-03
-6.017129181959325e-03
-4.425065755691730e-03
-2.336850730207511e-03
-2.237868185958053e-03
-4.240541414978450e-03
-2.336850730207511e-03
0.000000000000000e+00
0.000000000000000e+00
-2.237868185958053e-03
0.000000000000000e+00
-8.330968397200165e-04
-8.233838129433361e-04
0.000000000000000e+00
-8.330968397200165e-04
-1.702961630815622e-03
-1.676132614113767e-03
-8.233838129433361e-04
-1.702961630815622e-03
-2.600552133974268e-03
-2.550009159935451e-03
-1.676132614113767e-03
-2.600552133974268e-03
-3.516824368384803e-03
-3.436774124270416e-03
-2.550009159935451e-03
-3.516824368384803e-03
-4.442733577993866e-03
-4.328186781404949e-03
-3.436774124270416e-03
-4.442733577993866e-03
-5.369233460358288e-03
-5.216004368005058e-03
-4.328186781404949e-03
-5.369233460358288e-03
-6.287276309491929e-03
-6.091982271744926e-03
-5.216004368005058e-03
-6.287276309491929e-03
-7.187813093569208e-03
-6.947874202008709e-03
-6.091982271744926e-03
-7.187813093569208e-03
-8.061793537672175e-03
-7.775432368569284e-03
-6.947874202008709e-03
-8.061793537672175e-03
-8.900166229872091e-03
-8.566407665598475e-03
-7.775432368569284e-03
-8.900166229872091e-03
-9.693878719772330e-03
-9.312549829318225e-03
-8.566407665598475e-03
-9.693878719772330e-03
-1.043387759151472e-02
-1.000560755463695e-02
-9.312549829318225e-03
-1.043387759151472e-02
-1.111110850574869e-02
-1.063732856884707e-02
-1.000560755463695e-02
-1.111110850574869e-02
-1.171651620889556e-02
-1.119945966388291e-02
-1.063732856884707e-02
-1.171651620889556e-02
-1.224104450872837e-02
-1.168374668861364e-02
-1.119945966388291e-02
-1.224104450872837e-02
-1.267563621531776e-02
-1.208193450183046e-02
-1.168374668861364e-02
-1.267563621531776e-02
-1.301123304603477e-02
-1.238576688541198e-02
-1.208193450183046e-02
-1.301123304603477e-02
-1.323877549255411e-02
-1.258698641564929e-02
-1.238576688541198e-02
-1.323877549255411e-02
-1.334920264680861e-02
-1.267733428895685e-02
-1.258698641564929e-02
-1.334920264680861e-02
-1.333345198177728e-02
-1.264855009624760e-02
-1.267733428895685e-02
-1.333345198177728e-02
-1.318245908193374e-02
-1.249237153808115e-02
-1.264855009624760e-02
-1.318245908193374e-02
-1.288715731729181e-02
-1.220053407033589e-02
-1.249237153808115e-02
-1.288715731729181e-02
-1.243847745512565e-02
-1.176477046834320e-02
-1.220053407033589e-02
-1.243847745512565e-02
-1.182734720717244e-02
-1.117681029862392e-02
-1.176477046834320e-02
-1.182734720717244e-02
-1.104469072012056e-02
-1.042837929463647e-02
-1.117681029862392e-02
-1.104469072012056e-02
-1.008142802650897e-02
-9.511198641564642e-03
-1.042837929463647e-02
-1.008142802650897e-02
-8.928474459226173e-03
-8.416984168105270e-03
-9.511198641564642e-03
-8.928474459226173e-03
-7.576740038812119e-03
-7.137445466305951e-03
-8.416984168105270e-03
-7.576740038812119e-03
-6.017129181959325e-03
-5.664285308139831e-03
-7.137445466305951e-03
-6.017129181959325e-03
-4.240541414978450e-03
-3.989200080845487e-03
-5.664285308139831e-03
-4.240541414978450e-03
-2.237868185958053e-03
-2.103876800500136e-03
-3.989200080845487e-03
-2.237868185958053e-03
0.000000000000000e+00
0.000000000000000e+00
-2.103876800500136e-03
0.000000000000000e+00
-8.233838129433361e-04
-7.910942552873918e-04
0.000000000000000e+00
-8.233838129433361e-04
-1.676132614113767e-03
-1.604663518021583e-03
-7.910942552873918e-04
-1.676132614113767e-03
-2.550009159935451e-03
-2.433370419519252e-03
-1.604663518021583e-03
-2.550009159935451e-03
-3.436774124270416e-03
-3.269874925104355e-03
-2.433370419519252e-03
-3.436774124270416e-03
-4.328186781404949e-03
-4.106834740433542e-03
-3.269874925104355e-03
-4.328186781404949e-03
-5.216004368005058e-03
-4.936904858557771e-03
-4.106834740433542e-03
-5.216004368005058e-03
-6.091982271744926e-03
-5.752737874648179e-03
-4.936904858557771e-03
-6.091982271744926e-03
-6.947874202008709e-03
-6.546984316901586e-03
-5.752737874648179e-03
-6.947874202008709e-03
-7.775432368569284e-03
-7.312292963797986e-03
-6.546984316901586e-03
-7.775432368569284e-03
-8.566407665598475e-03
-8.041311127590857e-03
-7.312292963797986e-03
-8.566407665598475e-03
-9.312549829318225e-03
-8.726684879325413e-03
-8.041311127590857e-03
-9.312549829318225e-03
-1.000560755463695e-02
-9.361059210699071e-03
-8.726684879325413e-03
-1.000560755463695e-02
-1.063732856884707e-02
-9.937078138448033e-03
-9.361059210699071e-03
-1.063732856884707e-02
-1.119945966388291e-02
-1.044738475807896e-02
-9.937078138448033e-03
-1.119945966388291e-02
-1.168374668861364e-02
-1.088462125194942e-02
-1.044738475807896e-02
-1.168374668861364e-02
-1.208193450183046e-02
-1.124142885449826e-02
-1.088462125194942e-02
-1.208193450183046e-02
-1.238576688541198e-02
-1.151044777519673e-02
-1.124142885449826e-02
-1.238576688541198e-02
-1.258698641564929e-02
-1.168431707744227e-02
-1.151044777519673e-02
-1.258698641564929e-02
-1.267733428895685e-02
-1.175567450906596e-02
-1.168431707744227e-02
-1.267733428895685e-02
-1.264855009624760e-02
-1.171715627725218e-02
-1.175567450906596e-02
-1.264855009624760e-02
-1.249237153808115e-02
-1.156139675725082e-02
-1.171715627725218e-02
-1.249237153808115e-02
-1.220053407033589e-02
-1.128102812007650e-02
-1.156139675725082e-02
-1.220053407033589e-02
-1.176477046834320e-02
-1.086867985978709e-02
-1.128102812007650e-02
-1.176477046834320e-02
-1.117681029862392e-02
-1.031697819781763e-02
-1.086867985978709e-02
-1.117681029862392e-02
-1.042837929463647e-02
-9.618545342893269e-03
-1.031697819781763e-02
-1.042837929463647e-02
-9.511198641564642e-03
-8.765998587019912e-03
-9.618545342893269e-03
-9.511198641564642e-03
-8.416984168105270e-03
-7.751949209937268e-03
-8.765998587019912e-03
-8.416984168105270e-03
-7.137445466305951e-03
-6.569001201037539e-03
-7.751949209937268e-03
-7.137445466305951e-03
-5.664285308139831e-03
-5.209750174719282e-03
-6.569001201037539e-03
-5.664285308139831e-03
-3.989200080845487e-03
-3.666783270567521e-03
-5.209750174719282e-03
-3.989200080845487e-03
-2.103876800500136e-03
-1.932676237479951e-03
-3.666783270567521e-03
-2.103876800500136e-03
0.000000000000000e+00
0.000000000000000e+00
-1.932676237479951e-03
0.000000000000000e+00
-7.910942552873918e-04
-7.340313784359011e-04
0.000000000000000e+00
-7.910942552873918e-04
-1.604663518021583e-03
-1.484302607835584e-03
-7.340313784359011e-04
-1.604663518021583e-03
-2.433370419519252e-03
-2.244471355147349e-03
-1.484302607835584e-03
-2.433370419519252e-03
-3.269874925104355e-03
-3.008191585719102e-03
-2.244471355147349e-03
-3.269874925104355e-03
-4.106834740433542e-03
-3.769113745411786e-03
-3.008191585719102e-03
-4.106834740433542e-03
-4.936904858557771e-03
-4.520884633138324e-03
-3.769113745411786e-03
-4.936904858557771e-03
-5.752737874648179e-03
-5.257147998691468e-03
-4.520884633138324e-03
-5.752737874648179e-03
-6.546984316901586e-03
-5.971545135925888e-03
-5.257147998691468e-03
-6.546984316901586e-03
-7.312292963797986e-03
-6.657715385088556e-03
-5.971545135925888e-03
-7.312292963797986e-03
-8.041311127590857e-03
-7.309296528566196e-03
-6.657715385088556e-03
-8.041311127590857e-03
-8.726684879325413e-03
-7.919925081809701e-03
-7.309296528566196e-03
-8.726684879325413e-03
-9.361059210699071e-03
-8.483236494449238e-03
-7.919925081809701e-03
-9.361059210699071e-03
-9.937078138448033e-03
-8.992865279163301e-03
-8.483236494449238e-03
-9.937078138448033e-03
-1.044738475807896e-02
-9.442445082082909e-03
-8.992865279163301e-03
-1.044738475807896e-02
-1.088462125194942e-02
-9.825608703802184e-03
-9.442445082082909e-03
-1.088462125194942e-02
-1.124142885449826e-02
-1.013598807609440e-02
-9.825608703802184e-03
-1.124142885449826e-02
-1.151044777519673e-02
-1.036721419607995e-02
-1.013598807609440e-02
-1.151044777519673e-02
-1.168431707744227e-02
-1.051291701646897e-02
-1.036721419607995e-02
-1.168431707744227e-02
-1.175567450906596e-02
-1.056672528728222e-02
-1.051291701646897e-02
-1.175567450906596e-02
-1.171715627725218e-02
-1.052226634080072e-02
-1.056672528728222e-02
-1.171715627725218e-02
-1.156139675725082e-02
-1.037316580694272e-02
-1.052226634080072e-02
-1.156139675725082e-02
-1.128102812007650e-02
-1.011304724023845e-02
-1.037316580694272e-02
-1.128102812007650e-02
-1.086867985978709e-02
-9.735531631790355e-03
-1.011304724023845e-02
-1.086867985978709e-02
-1.031697819781763e-02
-9.234236770812577e-03
-9.735531631790355e-03
-1.031697819781763e-02
-9.618545342893269e-03
-8.602776411562577e-03
-9.234236770812577e-03
-9.618545342893269e-03
-8.765998587019912e-03
-7.834759188478226e-03
-8.602776411562577e-03
-8.765998587019912e-03
-7.751949209937268e-03
-6.923787196210631e-03
-7.834759188478226e-03
-7.751949209937268e-03
-6.569001201037539e-03
-5.863454170858254e-03
-6.923787196210631e-03
-6.569001201037539e-03
-5.209750174719282e-03
-4.647343585145038e-03
-5.863454170858254e-03
-5.209750174719282e-03
-3.666783270567521e-03
-3.269027516164852e-03
-4.647343585145038e-03
-3.666783270567521e-03
-1.932676237479951e-03
-1.722063386876664e-03
-3.269027516164852e-03
-1.932676237479951e-03
0.000000000000000e+00
0.000000000000000e+00
-1.722063386876664e-03
0.000000000000000e+00
-7.340313784359011e-04
-6.499969276949860e-04
0.000000000000000e+00
-7.340313784359011e-04
-1.484302607835584e-03
-1.310795585319571e-03
-6.499969276949860e-04
-1.484302607835584e-03
-2.244471355147349e-03
-1.977144282202530e-03
-1.310795585319571e-03
-2.244471355147349e-03
-3.008191585719102e-03
-2.643785689279502e-03
-1.977144282202530e-03
-3.008191585719102e-03
-3.769113745411786e-03
-3.305457013839923e-03
-2.643785689279502e-03
-3.769113745411786e-03
-4.520884633138324e-03
-3.956890568762647e-03
-3.305457013839923e-03
-4.520884633138324e-03
-5.257147998691468e-03
-4.592814939838217e-03
-3.956890568762647e-03
-5.257147998691468e-03
-5.971545135925888e-03
-5.207955965375027e-03
-4.592814939838217e-03
-5.971545135925888e-03
-6.657715385088556e-03
-5.797037441365972e-03
-5.207955965375027e-03
-6.657715385088556e-03
-7.309296528566196e-03
-6.354781615728416e-03
-5.797037441365972e-03
-7.309296528566196e-03
-7.919925081809701e-03
-6.875909525689359e-03
-6.354781615728416e-03
-7.919925081809701e-03
-8.483236494449238e-03
-7.355141221238676e-03
-6.875909525689359e-03
-8.483236494449238e-03
-8.992865279163301e-03
-7.787195905881996e-03
-7.355141221238676e-03
-8.992865279163301e-03
-9.442445082082909e-03
-8.166792015269210e-03
-7.787195905881996e-03
-9.442445082082909e-03
-9.825608703802184e-03
-8.488647246260944e-03
-8.166792015269210e-03
-9.825608703802184e-03
-1.013598807609440e-02
-8.747478543355374e-03
-8.488647246260944e-03
-1.013598807609440e-02
-1.036721419607995e-02
-8.938002045175033e-03
-8.747478543355374e-03
-1.036721419607995e-02
-1.051291701646897e-02
-9.054932990106549e-03
-8.938002045175033e-03
-1.051291701646897e-02
-1.056672528728222e-02
-9.092985576618884e-03
-9.054932990106549e-03
-1.056672528728222e-02
-1.052226634080072e-02
-9.046872769721425e-03
-9.092985576618884e-03
-1.052226634080072e-02
-1.037316580694272e-02
-8.911306039779346e-03
-9.046872769721425e-03
-1.037316580694272e-02
-1.011304724023845e-02
-8.680995012557936e-03
-8.911306039779346e-03
-1.011304724023845e-02
-9.735531631790355e-03
-8.350646998915606e-03
-8.680995012557936e-03
-9.735531631790355e-03
-9.234236770812577e-03
-7.914966358210165e-03
-8.350646998915606e-03
-9.234236770812577e-03
-8.602776411562577e-03
-7.368653629419511e-03
-7.914966358210165e-03
-8.602776411562577e-03
-7.834759188478226e-03
-6.706404329769196e-03
-7.368653629419511e-03
-7.834759188478226e-03
-6.923787196210631e-03
-5.922907256482420e-03
-6.706404329769196e-03
-6.923787196210631e-03
-5.863454170858254e-03
-5.012842074528703e-03
-5.922907256482420e-03
-5.863454170858254e-03
-4.647343585145038e-03
-3.970876203143280e-03
-5.012842074528703e-03
-4.647343585145038e-03
-3.269027516164852e-03
-2.791661747950685e-03
-3.970876203143280e-03
-3.269027516164852e-03
-1.722063386876664e-03
-1.469830756512649e-03
-2.791661747950685e-03
-1.722063386876664e-03
0.000000000000000e+00
0.000000000000000e+00
-1.469830756512649e-03
0.000000000000000e+00
-6.499969276949860e-04
-5.367902080134932e-04
0.000000000000000e+00
-6.499969276949860e-04
-1.310795585319571e-03
-1.079884126888656e-03
-5.367902080134932e-04
-1.310795585319571e-03
-1.977144282202530e-03
-1.625217018890760e-03
-1.079884126888656e-03
-1.977144282202530e-03
-2.643785689279502e-03
-2.168714599387495e-03
-1.625217018890760e-03
-2.643785689279502e-03
-3.305457013839923e-03
-2.706294088512391e-03
-2.168714599387495e-03
-3.305457013839923e-03
-3.956890568762647e-03
-3.233866379325951e-03
-2.706294088512391e-03
-3.956890568762647e-03
-4.592814939838217e-03
-3.747338232366929e-03
-3.233866379325951e-03
-4.592814939838217e-03
-5.207955965375027e-03
-4.242613638759650e-03
-3.747338232366929e-03
-5.207955965375027e-03
-5.797037441365972e-03
-4.715594663479227e-03
-4.242613638759650e-03
-5.797037441365972e-03
-6.354781615728416e-03
-5.162181978681383e-03
-4.715594663479227e-03
-6.354781615728416e-03
-6.875909525689359e-03
-5.578275204821175e-03
-5.162181978681383e-03
-6.875909525689359e-03
-7.355141221238676e-03
-5.959773127808803e-03
-5.578275204821175e-03
-7.355141221238676e-03
-7.787195905881996e-03
-6.302573833146489e-03
-5.959773127808803e-03
-7.787195905881996e-03
-8.166792015269210e-03
-6.602574781338208e-03
-6.302573833146489e-03
-8.166792015269210e-03
-8.488647246260944e-03
-6.855672838598858e-03
-6.602574781338208e-03
-8.488647246260944e-03
-8.747478543355374e-03
-7.057764270420596e-03
-6.855672838598858e-03
-8.747478543355374e-03
-8.938002045175033e-03
-7.204744701093771e-03
-7.057764270420596e-03
-8.938002045175033e-03
-9.054932990106549e-03
-7.292509038703853e-03
-7.204744701093771e-03
-9.054932990106549e-03
-9.092985576618884e-03
-7.316951361698842e-03
-7.292509038703853e-03
-9.092985576618884e-03
-9.046872769721425e-03
-7.273964759209126e-03
-7.316951361698842e-03
-9.046872769721425e-03
-8.911306039779346e-03
-7.159441112122604e-03
-7.273964759209126e-03
-8.911306039779346e-03
-8.680995012557936e-03
-6.969270794357591e-03
-7.159441112122604e-03
-8.680995012557936e-03
-8.350646998915606e-03
-6.699342262307587e-03
-6.969270794357591e-03
-8.350646998915606e-03
-7.914966358210165e-03
-6.345541482916404e-03
-6.699342262307587e-03
-7.914966358210165e-03
-7.368653629419511e-03
-5.903751122626128e-03
-6.345541482916404e-03
-7.368653629419511e-03
-6.706404329769196e-03
-5.369849366680625e-03
-5.903751122626128e-03
-6.706404329769196e-03
-5.922907256482420e-03
-4.739708131818045e-03
-5.369849366680625e-03
-5.922907256482420e-03
-5.012842074528703e-03
-4.009190266580273e-03
-4.739708131818045e-03
-5.012842074528703e-03
-3.970876203143280e-03
-3.174145239828675e-03
-4.009190266580273e-03
-3.970876203143280e-03
-2.791661747950685e-03
-2.230402696250479e-03
-3.174145239828675e-03
-2.791661747950685e-03
-1.469830756512649e-03
-1.173763409124908e-03
-2.230402696250479e-03
-1.469830756512649e-03
0.000000000000000e+00
0.000000000000000e+00
-1.173763409124908e-03
0.000000000000000e+00
-5.367902080134932e-04
-3.922060076187843e-04
0.000000000000000e+00
-5.367902080134932e-04
-1.079884126888656e-03
-7.873032696265797e-04
-3.922060076187843e-04
-1.079884126888656e-03
-1.625217018890760e-03
-1.182511056979711e-03
-7.873032696265797e-04
-1.625217018890760e-03
-2.168714599387495e-03
-1.575030777400653e-03
-1.182511056979711e-03
-2.168714599387495e-03
-2.706294088512391e-03
-1.962050841566909e-03
-1.575030777400653e-03
-2.706294088512391e-03
-3.233866379325951e-03
-2.340753017294075e-03
-1.962050841566909e-03
-3.233866379325951e-03
-3.747338232366929e-03
-2.708315287898214e-03
-2.340753017294075e-03
-3.747338232366929e-03
-4.242613638759650e-03
-3.061913308924222e-03
-2.708315287898214e-03
-4.242613638759650e-03
-4.715594663479227e-03
-3.398721204266927e-03
-3.061913308924222e-03
-4.715594663479227e-03
-5.162181978681383e-03
-3.715912031866393e-03
-3.398721204266927e-03
-5.162181978681383e-03
-5.578275204821175e-03
-4.010658066893513e-03
-3.715912031866393e-03
-5.578275204821175e-03
-5.959773127808803e-03
-4.280130976434996e-03
-4.010658066893513e-03
-5.959773127808803e-03
-6.302573833146489e-03
-4.521501925576280e-03
-4.280130976434996e-03
-6.302573833146489e-03
-6.602574781338208e-03
-4.731941637035536e-03
-4.521501925576280e-03
-6.602574781338208e-03
-6.855672838598858e-03
-4.908620416648905e-03
-4.731941637035536e-03
-6.855672838598858e-03
-7.057764270420596e-03
-5.048708151212281e-03
-4.908620416648905e-03
-7.057764270420596e-03
-7.204744701093771e-03
-5.149374281402746e-03
-5.048708151212281e-03
-7.204744701093771e-03
-7.292509038703853e-03
-5.207787749598974e-03
-5.149374281402746e-03
-7.292509038703853e-03
-7.316951361698842e-03
-5.221116919700041e-03
-5.207787749598974e-03
-7.316951361698842e-03
-7.273964759209126e-03
-5.186529462933674e-03
-5.221116919700041e-03
-7.273964759209126e-03
-7.159441112122604e-03
-5.101192199455876e-03
-5.186529462933674e-03
-7.159441112122604e-03
-6.969270794357591e-03
-4.962270879252693e-03
-5.101192199455876e-03
-6.969270794357591e-03
-6.699342262307587e-03
-4.766929875905366e-03
-4.962270879252693e-03
-6.699342262307587e-03
-6.345541482916404e-03
-4.512331750600168e-03
-4.766929875905366e-03
-6.345541482916404e-03
-5.903751122626128e-03
-4.195636615602371e-03
-4.512331750600168e-03
-5.903751122626128e-03
-5.369849366680625e-03
-3.814001170422015e-03
-4.195636615602371e-03
-5.369849366680625e-03
-4.739708131818045e-03
-3.364577162911114e-03
-3.814001170422015e-03
-4.739708131818045e-03
-4.009190266580273e-03
-2.844508786366899e-03
-3.364577162911114e-03
-4.009190266580273e-03
-3.174145239828675e-03
-2.250928082268689e-03
-2.844508786366899e-03
-3.174145239828675e-03
-2.230402696250479e-03
-1.580946259583471e-03
-2.250928082268689e-03
-2.230402696250479e-03
-1.173763409124908e-03
-8.316322279612787e-04
-1.580946259583471e-03
-1.173763409124908e-03
0.000000000000000e+00
0.000000000000000e+00
-8.316322279612787e-04
0.000000000000000e+00
-3.922060076187843e-04
-2.140282001664556e-04
0.000000000000000e+00
-3.922060076187843e-04
-7.873032696265797e-04
-4.287739014997970e-04
-2.140282001664556e-04
-7.873032696265797e-04
-1.182511056979711e-03
-6.428376692315687e-04
-4.287739014997970e-04
-1.182511056979711e-03
-1.575030777400653e-03
-8.547789307715834e-04
-6.428376692315687e-04
-1.575030777400653e-03
-1.962050841566909e-03
-1.063146775860794e-03
-8.547789307715834e-04
-1.962050841566909e-03
-2.340753017294075e-03
-1.266485774819464e-03
-1.063146775860794e-03
-2.340753017294075e-03
-2.708315287898214e-03
-1.463338177355425e-03
-1.266485774819464e-03
-2.708315287898214e-03
-3.061913308924222e-03
-1.652244883877093e-03
-1.463338177355425e-03
-3.061913308924222e-03
-3.398721204266927e-03
-1.831745938962640e-03
-1.652244883877093e-03
-3.398721204266927e-03
-3.715912031866393e-03
-2.000380806208937e-03
-1.831745938962640e-03
-3.715912031866393e-03
-4.010658066893513e-03
-2.156688530150556e-03
-2.000380806208937e-03
-4.010658066893513e-03
-4.280130976434996e-03
-2.299207834148494e-03
-2.156688530150556e-03
-4.280130976434996e-03
-4.521501925576280e-03
-2.426477179165426e-03
-2.299207834148494e-03
-4.521501925576280e-03
-4.731941637035536e-03
-2.537034796752002e-03
-2.426477179165426e-03
-4.731941637035536e-03
-4.908620416648905e-03
-2.629418703471543e-03
-2.537034796752002e-03
-4.908620416648905e-03
-5.048708151212281e-03
-2.702166700540148e-03
-2.629418703471543e-03
-5.048708151212281e-03
-5.149374281402746e-03
-2.753816360276961e-03
-2.702166700540148e-03
-5.149374281402746e-03
-5.207787749598974e-03
-2.782904999326261e-03
-2.753816360276961e-03
-5.207787749598974e-03
-5.221116919700041e-03
-2.787969637104223e-03
-2.782904999326261e-03
-5.221116919700041e-03
-5.186529462933674e-03
-2.767546936198136e-03
-2.787969637104223e-03
-5.186529462933674e-03
-5.101192199455876e-03
-2.720173119096391e-03
-2.767546936198136e-03
-5.101192199455876e-03
-4.962270879252693e-03
-2.644383852039391e-03
-2.720173119096391e-03
-4.962270879252693e-03
-4.766929875905366e-03
-2.538714080970607e-03
-2.644383852039391e-03
-4.766929875905366e-03
-4.512331750600168e-03
-2.401697794789468e-03
-2.538714080970607e-03
-4.512331750600168e-03
-4.195636615602371e-03
-2.231867673382552e-03
-2.401697794789468e-03
-4.195636615602371e-03
-3.814001170422015e-03
-2.027754541386365e-03
-2.231867673382552e-03
-3.814001170422015e-03
-3.364577162911114e-03
-1.787886466361642e-03
-2.027754541386365e-03
-3.364577162911114e-03
-2.844508786366899e-03
-1.510787157127968e-03
-1.787886466361642e-03
-2.844508786366899e-03
-2.250928082268689e-03
-1.194972901368524e-03
-1.510787157127968e-03
-2.250928082268689e-03
-1.580946259583471e-03
-8.389458067374816e-04
-1.194972901368524e-03
-1.580946259583471e-03
-8.316322279612787e-04
-4.411747643258593e-04
-8.389458067374816e-04
-8.316322279612787e-04
0.000000000000000e+00
0.000000000000000e+00
-4.411747643258593e-04
0.000000000000000e+00
-2.140282001664556e-04
0.000000000000000e+00
0.000000000000000e+00
-2.140282001664556e-04
-4.287739014997970e-04
0.000000000000000e+00
0.000000000000000e+00
-4.287739014997970e-04
-6.428376692315687e-04
0.000000000000000e+00
0.000000000000000e+00
-6.428376692315687e-04
-8.547789307715834e-04
0.000000000000000e+00
0.000000000000000e+00
-8.547789307715834e-04
-1.063146775860794e-03
0.000000000000000e+00
0.000000000000000e+00
-1.063146775860794e-03
-1.266485774819464e-03
0.000000000000000e+00
0.000000000000000e+00
-1.266485774819464e-03
-1.463338177355425e-03
0.000000000000000e+00
0.000000000000000e+00
-1.463338177355425e-03
-1.652244883877093e-03
0.000000000000000e+00
0.000000000000000e+00
-1.652244883877093e-03
-1.831745938962640e-03
0.000000000000000e+00
0.000000000000000e+00
-1.831745938962640e-03
-2.000380806208937e-03
0.000000000000000e+00
0.000000000000000e+00
-2.000380806208937e-03
-2.156688530150556e-03
0.000000000000000e+00
0.000000000000000e+00
-2.156688530150556e-03
-2.299207834148494e-03
0.000000000000000e+00
0.000000000000000e+00
-2.299207834148494e-03
-2.426477179165426e-03
0.000000000000000e+00
0.000000000000000e+00
-2.426477179165426e-03
-2.537034796752002e-03
0.000000000000000e+00
0.000000000000000e+00
-2.537034796752002e-03
-2.629418703471543e-03
0.000000000000000e+00
0.000000000000000e+00
-2.629418703471543e-03
-2.702166700540148e-03
0.000000000000000e+00
0.000000000000000e+00
-2.702166700540148e-03
-2.753816360276961e-03
0.000000000000000e+00
0.000000000000000e+00
-2.753816360276961e-03
-2.782904999326261e-03
0.000000000000000e+00
0.000000000000000e+00
-2.782904999326261e-03
-2.787969637104223e-03
0.000000000000000e+00
0.000000000000000e+00
-2.787969637104223e-03
-2.767546936198136e-03
0.000000000000000e+00
0.000000000000000e+00
-2.767546936198136e-03
-2.720173119096391e-03
0.000000000000000e+00
0.000000000000000e+00
-2.720173119096391e-03
-2.644383852039391e-03
0.000000000000000e+00
0.000000000000000e+00
-2.644383852039391e-03
-2.538714080970607e-03
0.000000000000000e+00
0.000000000000000e+00
-2.538714080970607e-03
-2.401697794789468e-03
0.000000000000000e+00
0.000000000000000e+00
-2.401697794789468e-03
-2.231867673382552e-03
0.000000000000000e+00
0.000000000000000e+00
-2.231867673382552e-03
-2.027754541386365e-03
0.000000000000000e+00
0.000000000000000e+00
-2.027754541386365e-03
-1.787886466361642e-03
0.000000000000000e+00
0.000000000000000e+00
-1.787886466361642e-03
-1.510787157127968e-03
0.000000000000000e+00
0.000000000000000e+00
-1.510787157127968e-03
-1.194972901368524e-03
0.000000000000000e+00
0.000000000000000e+00
-1.194972901368524e-03
-8.389458067374816e-04
0.000000000000000e+00
0.000000000000000e+00
-8.389458067374816e-04
-4.411747643258593e-04
0.000000000000000e+00
0.000000000000000e+00
-4.411747643258593e-04
0.000000000000000e+00
0.000000000000000e+00
0.000000000000000e+00
        </DataArray>
      </PointData>

    </Piece>
  </UnstructuredGrid>
</VTKFile>
