<?xml version="1.0" ?> 
<!-- 
# vtk DataFile Version 3.0
-->
<VTKFile type="UnstructuredGrid" version="0.1" compressor="vtkZLibDataCompressor" byte_order="LittleEndian">
  <UnstructuredGrid>
    <FieldData>
      <DataArray type="Float64" Name="TIME" NumberOfTuples="1" format="ascii">
1.718750000000000e-01 
      </DataArray>
    </FieldData>

    <Piece NumberOfPoints="4096" NumberOfCells="1024" >
      <Points>
        <DataArray type="Float64" NumberOfComponents="3" format="ascii">
0.000000000000000e+00 0.000000000000000e+00 0.000000000000000e+00
3.125000000000000e-02 0.000000000000000e+00 0.000000000000000e+00
3.125000000000000e-02 3.125000000000000e-02 0.000000000000000e+00
0.000000000000000e+00 3.125000000000000e-02 0.000000000000000e+00
3.125000000000000e-02 0.000000000000000e+00 0.000000000000000e+00
6.250000000000000e-02 0.000000000000000e+00 0.000000000000000e+00
6.250000000000000e-02 3.125000000000000e-02 0.000000000000000e+00
3.125000000000000e-02 3.125000000000000e-02 0.000000000000000e+00
6.250000000000000e-02 0.000000000000000e+00 0.000000000000000e+00
9.375000000000000e-02 0.000000000000000e+00 0.000000000000000e+00
9.375000000000000e-02 3.125000000000000e-02 0.000000000000000e+00
6.250000000000000e-02 3.125000000000000e-02 0.000000000000000e+00
9.375000000000000e-02 0.000000000000000e+00 0.000000000000000e+00
1.250000000000000e-01 0.000000000000000e+00 0.000000000000000e+00
1.250000000000000e-01 3.125000000000000e-02 0.000000000000000e+00
9.375000000000000e-02 3.125000000000000e-02 0.000000000000000e+00
1.250000000000000e-01 0.000000000000000e+00 0.000000000000000e+00
1.562500000000000e-01 0.000000000000000e+00 0.000000000000000e+00
1.562500000000000e-01 3.125000000000000e-02 0.000000000000000e+00
1.250000000000000e-01 3.125000000000000e-02 0.000000000000000e+00
1.562500000000000e-01 0.000000000000000e+00 0.000000000000000e+00
1.875000000000000e-01 0.000000000000000e+00 0.000000000000000e+00
1.875000000000000e-01 3.125000000000000e-02 0.000000000000000e+00
1.562500000000000e-01 3.125000000000000e-02 0.000000000000000e+00
1.875000000000000e-01 0.000000000000000e+00 0.000000000000000e+00
2.187500000000000e-01 0.000000000000000e+00 0.000000000000000e+00
2.187500000000000e-01 3.125000000000000e-02 0.000000000000000e+00
1.875000000000000e-01 3.125000000000000e-02 0.000000000000000e+00
2.187500000000000e-01 0.000000000000000e+00 0.000000000000000e+00
2.500000000000000e-01 0.000000000000000e+00 0.000000000000000e+00
2.500000000000000e-01 3.125000000000000e-02 0.000000000000000e+00
2.187500000000000e-01 3.125000000000000e-02 0.000000000000000e+00
2.500000000000000e-01 0.000000000000000e+00 0.000000000000000e+00
2.812500000000000e-01 0.000000000000000e+00 0.000000000000000e+00
2.812500000000000e-01 3.125000000000000e-02 0.000000000000000e+00
2.500000000000000e-01 3.125000000000000e-02 0.000000000000000e+00
2.812500000000000e-01 0.000000000000000e+00 0.000000000000000e+00
3.125000000000000e-01 0.000000000000000e+00 0.000000000000000e+00
3.125000000000000e-01 3.125000000000000e-02 0.000000000000000e+00
2.812500000000000e-01 3.125000000000000e-02 0.000000000000000e+00
3.125000000000000e-01 0.000000000000000e+00 0.000000000000000e+00
3.437500000000000e-01 0.000000000000000e+00 0.000000000000000e+00
3.437500000000000e-01 3.125000000000000e-02 0.000000000000000e+00
3.125000000000000e-01 3.125000000000000e-02 0.000000000000000e+00
3.437500000000000e-01 0.000000000000000e+00 0.000000000000000e+00
3.750000000000000e-01 0.000000000000000e+00 0.000000000000000e+00
3.750000000000000e-01 3.125000000000000e-02 0.000000000000000e+00
3.437500000000000e-01 3.125000000000000e-02 0.000000000000000e+00
3.750000000000000e-01 0.000000000000000e+00 0.000000000000000e+00
4.062500000000000e-01 0.000000000000000e+00 0.000000000000000e+00
4.062500000000000e-01 3.125000000000000e-02 0.000000000000000e+00
3.750000000000000e-01 3.125000000000000e-02 0.000000000000000e+00
4.062500000000000e-01 0.000000000000000e+00 0.000000000000000e+00
4.375000000000000e-01 0.000000000000000e+00 0.000000000000000e+00
4.375000000000000e-01 3.125000000000000e-02 0.000000000000000e+00
4.062500000000000e-01 3.125000000000000e-02 0.000000000000000e+00
4.375000000000000e-01 0.000000000000000e+00 0.000000000000000e+00
4.687500000000000e-01 0.000000000000000e+00 0.000000000000000e+00
4.687500000000000e-01 3.125000000000000e-02 0.000000000000000e+00
4.375000000000000e-01 3.125000000000000e-02 0.000000000000000e+00
4.687500000000000e-01 0.000000000000000e+00 0.000000000000000e+00
5.000000000000000e-01 0.000000000000000e+00 0.000000000000000e+00
5.000000000000000e-01 3.125000000000000e-02 0.000000000000000e+00
4.687500000000000e-01 3.125000000000000e-02 0.000000000000000e+00
5.000000000000000e-01 0.000000000000000e+00 0.000000000000000e+00
5.312500000000000e-01 0.000000000000000e+00 0.000000000000000e+00
5.312500000000000e-01 3.125000000000000e-02 0.000000000000000e+00
5.000000000000000e-01 3.125000000000000e-02 0.000000000000000e+00
5.312500000000000e-01 0.000000000000000e+00 0.000000000000000e+00
5.625000000000000e-01 0.000000000000000e+00 0.000000000000000e+00
5.625000000000000e-01 3.125000000000000e-02 0.000000000000000e+00
5.312500000000000e-01 3.125000000000000e-02 0.000000000000000e+00
5.625000000000000e-01 0.000000000000000e+00 0.000000000000000e+00
5.937500000000000e-01 0.000000000000000e+00 0.000000000000000e+00
5.937500000000000e-01 3.125000000000000e-02 0.000000000000000e+00
5.625000000000000e-01 3.125000000000000e-02 0.000000000000000e+00
5.937500000000000e-01 0.000000000000000e+00 0.000000000000000e+00
6.250000000000000e-01 0.000000000000000e+00 0.000000000000000e+00
6.250000000000000e-01 3.125000000000000e-02 0.000000000000000e+00
5.937500000000000e-01 3.125000000000000e-02 0.000000000000000e+00
6.250000000000000e-01 0.000000000000000e+00 0.000000000000000e+00
6.562500000000000e-01 0.000000000000000e+00 0.000000000000000e+00
6.562500000000000e-01 3.125000000000000e-02 0.000000000000000e+00
6.250000000000000e-01 3.125000000000000e-02 0.000000000000000e+00
6.562500000000000e-01 0.000000000000000e+00 0.000000000000000e+00
6.875000000000000e-01 0.000000000000000e+00 0.000000000000000e+00
6.875000000000000e-01 3.125000000000000e-02 0.000000000000000e+00
6.562500000000000e-01 3.125000000000000e-02 0.000000000000000e+00
6.875000000000000e-01 0.000000000000000e+00 0.000000000000000e+00
7.187500000000000e-01 0.000000000000000e+00 0.000000000000000e+00
7.187500000000000e-01 3.125000000000000e-02 0.000000000000000e+00
6.875000000000000e-01 3.125000000000000e-02 0.000000000000000e+00
7.187500000000000e-01 0.000000000000000e+00 0.000000000000000e+00
7.500000000000000e-01 0.000000000000000e+00 0.000000000000000e+00
7.500000000000000e-01 3.125000000000000e-02 0.000000000000000e+00
7.187500000000000e-01 3.125000000000000e-02 0.000000000000000e+00
7.500000000000000e-01 0.000000000000000e+00 0.000000000000000e+00
7.812500000000000e-01 0.000000000000000e+00 0.000000000000000e+00
7.812500000000000e-01 3.125000000000000e-02 0.000000000000000e+00
7.500000000000000e-01 3.125000000000000e-02 0.000000000000000e+00
7.812500000000000e-01 0.000000000000000e+00 0.000000000000000e+00
8.125000000000000e-01 0.000000000000000e+00 0.000000000000000e+00
8.125000000000000e-01 3.125000000000000e-02 0.000000000000000e+00
7.812500000000000e-01 3.125000000000000e-02 0.000000000000000e+00
8.125000000000000e-01 0.000000000000000e+00 0.000000000000000e+00
8.437500000000000e-01 0.000000000000000e+00 0.000000000000000e+00
8.437500000000000e-01 3.125000000000000e-02 0.000000000000000e+00
8.125000000000000e-01 3.125000000000000e-02 0.000000000000000e+00
8.437500000000000e-01 0.000000000000000e+00 0.000000000000000e+00
8.750000000000000e-01 0.000000000000000e+00 0.000000000000000e+00
8.750000000000000e-01 3.125000000000000e-02 0.000000000000000e+00
8.437500000000000e-01 3.125000000000000e-02 0.000000000000000e+00
8.750000000000000e-01 0.000000000000000e+00 0.000000000000000e+00
9.062500000000000e-01 0.000000000000000e+00 0.000000000000000e+00
9.062500000000000e-01 3.125000000000000e-02 0.000000000000000e+00
8.750000000000000e-01 3.125000000000000e-02 0.000000000000000e+00
9.062500000000000e-01 0.000000000000000e+00 0.000000000000000e+00
9.375000000000000e-01 0.000000000000000e+00 0.000000000000000e+00
9.375000000000000e-01 3.125000000000000e-02 0.000000000000000e+00
9.062500000000000e-01 3.125000000000000e-02 0.000000000000000e+00
9.375000000000000e-01 0.000000000000000e+00 0.000000000000000e+00
9.687500000000000e-01 0.000000000000000e+00 0.000000000000000e+00
9.687500000000000e-01 3.125000000000000e-02 0.000000000000000e+00
9.375000000000000e-01 3.125000000000000e-02 0.000000000000000e+00
9.687500000000000e-01 0.000000000000000e+00 0.000000000000000e+00
1.000000000000000e+00 0.000000000000000e+00 0.000000000000000e+00
1.000000000000000e+00 3.125000000000000e-02 0.000000000000000e+00
9.687500000000000e-01 3.125000000000000e-02 0.000000000000000e+00
0.000000000000000e+00 3.125000000000000e-02 0.000000000000000e+00
3.125000000000000e-02 3.125000000000000e-02 0.000000000000000e+00
3.125000000000000e-02 6.250000000000000e-02 0.000000000000000e+00
0.000000000000000e+00 6.250000000000000e-02 0.000000000000000e+00
3.125000000000000e-02 3.125000000000000e-02 0.000000000000000e+00
6.250000000000000e-02 3.125000000000000e-02 0.000000000000000e+00
6.250000000000000e-02 6.250000000000000e-02 0.000000000000000e+00
3.125000000000000e-02 6.250000000000000e-02 0.000000000000000e+00
6.250000000000000e-02 3.125000000000000e-02 0.000000000000000e+00
9.375000000000000e-02 3.125000000000000e-02 0.000000000000000e+00
9.375000000000000e-02 6.250000000000000e-02 0.000000000000000e+00
6.250000000000000e-02 6.250000000000000e-02 0.000000000000000e+00
9.375000000000000e-02 3.125000000000000e-02 0.000000000000000e+00
1.250000000000000e-01 3.125000000000000e-02 0.000000000000000e+00
1.250000000000000e-01 6.250000000000000e-02 0.000000000000000e+00
9.375000000000000e-02 6.250000000000000e-02 0.000000000000000e+00
1.250000000000000e-01 3.125000000000000e-02 0.000000000000000e+00
1.562500000000000e-01 3.125000000000000e-02 0.000000000000000e+00
1.562500000000000e-01 6.250000000000000e-02 0.000000000000000e+00
1.250000000000000e-01 6.250000000000000e-02 0.000000000000000e+00
1.562500000000000e-01 3.125000000000000e-02 0.000000000000000e+00
1.875000000000000e-01 3.125000000000000e-02 0.000000000000000e+00
1.875000000000000e-01 6.250000000000000e-02 0.000000000000000e+00
1.562500000000000e-01 6.250000000000000e-02 0.000000000000000e+00
1.875000000000000e-01 3.125000000000000e-02 0.000000000000000e+00
2.187500000000000e-01 3.125000000000000e-02 0.000000000000000e+00
2.187500000000000e-01 6.250000000000000e-02 0.000000000000000e+00
1.875000000000000e-01 6.250000000000000e-02 0.000000000000000e+00
2.187500000000000e-01 3.125000000000000e-02 0.000000000000000e+00
2.500000000000000e-01 3.125000000000000e-02 0.000000000000000e+00
2.500000000000000e-01 6.250000000000000e-02 0.000000000000000e+00
2.187500000000000e-01 6.250000000000000e-02 0.000000000000000e+00
2.500000000000000e-01 3.125000000000000e-02 0.000000000000000e+00
2.812500000000000e-01 3.125000000000000e-02 0.000000000000000e+00
2.812500000000000e-01 6.250000000000000e-02 0.000000000000000e+00
2.500000000000000e-01 6.250000000000000e-02 0.000000000000000e+00
2.812500000000000e-01 3.125000000000000e-02 0.000000000000000e+00
3.125000000000000e-01 3.125000000000000e-02 0.000000000000000e+00
3.125000000000000e-01 6.250000000000000e-02 0.000000000000000e+00
2.812500000000000e-01 6.250000000000000e-02 0.000000000000000e+00
3.125000000000000e-01 3.125000000000000e-02 0.000000000000000e+00
3.437500000000000e-01 3.125000000000000e-02 0.000000000000000e+00
3.437500000000000e-01 6.250000000000000e-02 0.000000000000000e+00
3.125000000000000e-01 6.250000000000000e-02 0.000000000000000e+00
3.437500000000000e-01 3.125000000000000e-02 0.000000000000000e+00
3.750000000000000e-01 3.125000000000000e-02 0.000000000000000e+00
3.750000000000000e-01 6.250000000000000e-02 0.000000000000000e+00
3.437500000000000e-01 6.250000000000000e-02 0.000000000000000e+00
3.750000000000000e-01 3.125000000000000e-02 0.000000000000000e+00
4.062500000000000e-01 3.125000000000000e-02 0.000000000000000e+00
4.062500000000000e-01 6.250000000000000e-02 0.000000000000000e+00
3.750000000000000e-01 6.250000000000000e-02 0.000000000000000e+00
4.062500000000000e-01 3.125000000000000e-02 0.000000000000000e+00
4.375000000000000e-01 3.125000000000000e-02 0.000000000000000e+00
4.375000000000000e-01 6.250000000000000e-02 0.000000000000000e+00
4.062500000000000e-01 6.250000000000000e-02 0.000000000000000e+00
4.375000000000000e-01 3.125000000000000e-02 0.000000000000000e+00
4.687500000000000e-01 3.125000000000000e-02 0.000000000000000e+00
4.687500000000000e-01 6.250000000000000e-02 0.000000000000000e+00
4.375000000000000e-01 6.250000000000000e-02 0.000000000000000e+00
4.687500000000000e-01 3.125000000000000e-02 0.000000000000000e+00
5.000000000000000e-01 3.125000000000000e-02 0.000000000000000e+00
5.000000000000000e-01 6.250000000000000e-02 0.000000000000000e+00
4.687500000000000e-01 6.250000000000000e-02 0.000000000000000e+00
5.000000000000000e-01 3.125000000000000e-02 0.000000000000000e+00
5.312500000000000e-01 3.125000000000000e-02 0.000000000000000e+00
5.312500000000000e-01 6.250000000000000e-02 0.000000000000000e+00
5.000000000000000e-01 6.250000000000000e-02 0.000000000000000e+00
5.312500000000000e-01 3.125000000000000e-02 0.000000000000000e+00
5.625000000000000e-01 3.125000000000000e-02 0.000000000000000e+00
5.625000000000000e-01 6.250000000000000e-02 0.000000000000000e+00
5.312500000000000e-01 6.250000000000000e-02 0.000000000000000e+00
5.625000000000000e-01 3.125000000000000e-02 0.000000000000000e+00
5.937500000000000e-01 3.125000000000000e-02 0.000000000000000e+00
5.937500000000000e-01 6.250000000000000e-02 0.000000000000000e+00
5.625000000000000e-01 6.250000000000000e-02 0.000000000000000e+00
5.937500000000000e-01 3.125000000000000e-02 0.000000000000000e+00
6.250000000000000e-01 3.125000000000000e-02 0.000000000000000e+00
6.250000000000000e-01 6.250000000000000e-02 0.000000000000000e+00
5.937500000000000e-01 6.250000000000000e-02 0.000000000000000e+00
6.250000000000000e-01 3.125000000000000e-02 0.000000000000000e+00
6.562500000000000e-01 3.125000000000000e-02 0.000000000000000e+00
6.562500000000000e-01 6.250000000000000e-02 0.000000000000000e+00
6.250000000000000e-01 6.250000000000000e-02 0.000000000000000e+00
6.562500000000000e-01 3.125000000000000e-02 0.000000000000000e+00
6.875000000000000e-01 3.125000000000000e-02 0.000000000000000e+00
6.875000000000000e-01 6.250000000000000e-02 0.000000000000000e+00
6.562500000000000e-01 6.250000000000000e-02 0.000000000000000e+00
6.875000000000000e-01 3.125000000000000e-02 0.000000000000000e+00
7.187500000000000e-01 3.125000000000000e-02 0.000000000000000e+00
7.187500000000000e-01 6.250000000000000e-02 0.000000000000000e+00
6.875000000000000e-01 6.250000000000000e-02 0.000000000000000e+00
7.187500000000000e-01 3.125000000000000e-02 0.000000000000000e+00
7.500000000000000e-01 3.125000000000000e-02 0.000000000000000e+00
7.500000000000000e-01 6.250000000000000e-02 0.000000000000000e+00
7.187500000000000e-01 6.250000000000000e-02 0.000000000000000e+00
7.500000000000000e-01 3.125000000000000e-02 0.000000000000000e+00
7.812500000000000e-01 3.125000000000000e-02 0.000000000000000e+00
7.812500000000000e-01 6.250000000000000e-02 0.000000000000000e+00
7.500000000000000e-01 6.250000000000000e-02 0.000000000000000e+00
7.812500000000000e-01 3.125000000000000e-02 0.000000000000000e+00
8.125000000000000e-01 3.125000000000000e-02 0.000000000000000e+00
8.125000000000000e-01 6.250000000000000e-02 0.000000000000000e+00
7.812500000000000e-01 6.250000000000000e-02 0.000000000000000e+00
8.125000000000000e-01 3.125000000000000e-02 0.000000000000000e+00
8.437500000000000e-01 3.125000000000000e-02 0.000000000000000e+00
8.437500000000000e-01 6.250000000000000e-02 0.000000000000000e+00
8.125000000000000e-01 6.250000000000000e-02 0.000000000000000e+00
8.437500000000000e-01 3.125000000000000e-02 0.000000000000000e+00
8.750000000000000e-01 3.125000000000000e-02 0.000000000000000e+00
8.750000000000000e-01 6.250000000000000e-02 0.000000000000000e+00
8.437500000000000e-01 6.250000000000000e-02 0.000000000000000e+00
8.750000000000000e-01 3.125000000000000e-02 0.000000000000000e+00
9.062500000000000e-01 3.125000000000000e-02 0.000000000000000e+00
9.062500000000000e-01 6.250000000000000e-02 0.000000000000000e+00
8.750000000000000e-01 6.250000000000000e-02 0.000000000000000e+00
9.062500000000000e-01 3.125000000000000e-02 0.000000000000000e+00
9.375000000000000e-01 3.125000000000000e-02 0.000000000000000e+00
9.375000000000000e-01 6.250000000000000e-02 0.000000000000000e+00
9.062500000000000e-01 6.250000000000000e-02 0.000000000000000e+00
9.375000000000000e-01 3.125000000000000e-02 0.000000000000000e+00
9.687500000000000e-01 3.125000000000000e-02 0.000000000000000e+00
9.687500000000000e-01 6.250000000000000e-02 0.000000000000000e+00
9.375000000000000e-01 6.250000000000000e-02 0.000000000000000e+00
9.687500000000000e-01 3.125000000000000e-02 0.000000000000000e+00
1.000000000000000e+00 3.125000000000000e-02 0.000000000000000e+00
1.000000000000000e+00 6.250000000000000e-02 0.000000000000000e+00
9.687500000000000e-01 6.250000000000000e-02 0.000000000000000e+00
0.000000000000000e+00 6.250000000000000e-02 0.000000000000000e+00
3.125000000000000e-02 6.250000000000000e-02 0.000000000000000e+00
3.125000000000000e-02 9.375000000000000e-02 0.000000000000000e+00
0.000000000000000e+00 9.375000000000000e-02 0.000000000000000e+00
3.125000000000000e-02 6.250000000000000e-02 0.000000000000000e+00
6.250000000000000e-02 6.250000000000000e-02 0.000000000000000e+00
6.250000000000000e-02 9.375000000000000e-02 0.000000000000000e+00
3.125000000000000e-02 9.375000000000000e-02 0.000000000000000e+00
6.250000000000000e-02 6.250000000000000e-02 0.000000000000000e+00
9.375000000000000e-02 6.250000000000000e-02 0.000000000000000e+00
9.375000000000000e-02 9.375000000000000e-02 0.000000000000000e+00
6.250000000000000e-02 9.375000000000000e-02 0.000000000000000e+00
9.375000000000000e-02 6.250000000000000e-02 0.000000000000000e+00
1.250000000000000e-01 6.250000000000000e-02 0.000000000000000e+00
1.250000000000000e-01 9.375000000000000e-02 0.000000000000000e+00
9.375000000000000e-02 9.375000000000000e-02 0.000000000000000e+00
1.250000000000000e-01 6.250000000000000e-02 0.000000000000000e+00
1.562500000000000e-01 6.250000000000000e-02 0.000000000000000e+00
1.562500000000000e-01 9.375000000000000e-02 0.000000000000000e+00
1.250000000000000e-01 9.375000000000000e-02 0.000000000000000e+00
1.562500000000000e-01 6.250000000000000e-02 0.000000000000000e+00
1.875000000000000e-01 6.250000000000000e-02 0.000000000000000e+00
1.875000000000000e-01 9.375000000000000e-02 0.000000000000000e+00
1.562500000000000e-01 9.375000000000000e-02 0.000000000000000e+00
1.875000000000000e-01 6.250000000000000e-02 0.000000000000000e+00
2.187500000000000e-01 6.250000000000000e-02 0.000000000000000e+00
2.187500000000000e-01 9.375000000000000e-02 0.000000000000000e+00
1.875000000000000e-01 9.375000000000000e-02 0.000000000000000e+00
2.187500000000000e-01 6.250000000000000e-02 0.000000000000000e+00
2.500000000000000e-01 6.250000000000000e-02 0.000000000000000e+00
2.500000000000000e-01 9.375000000000000e-02 0.000000000000000e+00
2.187500000000000e-01 9.375000000000000e-02 0.000000000000000e+00
2.500000000000000e-01 6.250000000000000e-02 0.000000000000000e+00
2.812500000000000e-01 6.250000000000000e-02 0.000000000000000e+00
2.812500000000000e-01 9.375000000000000e-02 0.000000000000000e+00
2.500000000000000e-01 9.375000000000000e-02 0.000000000000000e+00
2.812500000000000e-01 6.250000000000000e-02 0.000000000000000e+00
3.125000000000000e-01 6.250000000000000e-02 0.000000000000000e+00
3.125000000000000e-01 9.375000000000000e-02 0.000000000000000e+00
2.812500000000000e-01 9.375000000000000e-02 0.000000000000000e+00
3.125000000000000e-01 6.250000000000000e-02 0.000000000000000e+00
3.437500000000000e-01 6.250000000000000e-02 0.000000000000000e+00
3.437500000000000e-01 9.375000000000000e-02 0.000000000000000e+00
3.125000000000000e-01 9.375000000000000e-02 0.000000000000000e+00
3.437500000000000e-01 6.250000000000000e-02 0.000000000000000e+00
3.750000000000000e-01 6.250000000000000e-02 0.000000000000000e+00
3.750000000000000e-01 9.375000000000000e-02 0.000000000000000e+00
3.437500000000000e-01 9.375000000000000e-02 0.000000000000000e+00
3.750000000000000e-01 6.250000000000000e-02 0.000000000000000e+00
4.062500000000000e-01 6.250000000000000e-02 0.000000000000000e+00
4.062500000000000e-01 9.375000000000000e-02 0.000000000000000e+00
3.750000000000000e-01 9.375000000000000e-02 0.000000000000000e+00
4.062500000000000e-01 6.250000000000000e-02 0.000000000000000e+00
4.375000000000000e-01 6.250000000000000e-02 0.000000000000000e+00
4.375000000000000e-01 9.375000000000000e-02 0.000000000000000e+00
4.062500000000000e-01 9.375000000000000e-02 0.000000000000000e+00
4.375000000000000e-01 6.250000000000000e-02 0.000000000000000e+00
4.687500000000000e-01 6.250000000000000e-02 0.000000000000000e+00
4.687500000000000e-01 9.375000000000000e-02 0.000000000000000e+00
4.375000000000000e-01 9.375000000000000e-02 0.000000000000000e+00
4.687500000000000e-01 6.250000000000000e-02 0.000000000000000e+00
5.000000000000000e-01 6.250000000000000e-02 0.000000000000000e+00
5.000000000000000e-01 9.375000000000000e-02 0.000000000000000e+00
4.687500000000000e-01 9.375000000000000e-02 0.000000000000000e+00
5.000000000000000e-01 6.250000000000000e-02 0.000000000000000e+00
5.312500000000000e-01 6.250000000000000e-02 0.000000000000000e+00
5.312500000000000e-01 9.375000000000000e-02 0.000000000000000e+00
5.000000000000000e-01 9.375000000000000e-02 0.000000000000000e+00
5.312500000000000e-01 6.250000000000000e-02 0.000000000000000e+00
5.625000000000000e-01 6.250000000000000e-02 0.000000000000000e+00
5.625000000000000e-01 9.375000000000000e-02 0.000000000000000e+00
5.312500000000000e-01 9.375000000000000e-02 0.000000000000000e+00
5.625000000000000e-01 6.250000000000000e-02 0.000000000000000e+00
5.937500000000000e-01 6.250000000000000e-02 0.000000000000000e+00
5.937500000000000e-01 9.375000000000000e-02 0.000000000000000e+00
5.625000000000000e-01 9.375000000000000e-02 0.000000000000000e+00
5.937500000000000e-01 6.250000000000000e-02 0.000000000000000e+00
6.250000000000000e-01 6.250000000000000e-02 0.000000000000000e+00
6.250000000000000e-01 9.375000000000000e-02 0.000000000000000e+00
5.937500000000000e-01 9.375000000000000e-02 0.000000000000000e+00
6.250000000000000e-01 6.250000000000000e-02 0.000000000000000e+00
6.562500000000000e-01 6.250000000000000e-02 0.000000000000000e+00
6.562500000000000e-01 9.375000000000000e-02 0.000000000000000e+00
6.250000000000000e-01 9.375000000000000e-02 0.000000000000000e+00
6.562500000000000e-01 6.250000000000000e-02 0.000000000000000e+00
6.875000000000000e-01 6.250000000000000e-02 0.000000000000000e+00
6.875000000000000e-01 9.375000000000000e-02 0.000000000000000e+00
6.562500000000000e-01 9.375000000000000e-02 0.000000000000000e+00
6.875000000000000e-01 6.250000000000000e-02 0.000000000000000e+00
7.187500000000000e-01 6.250000000000000e-02 0.000000000000000e+00
7.187500000000000e-01 9.375000000000000e-02 0.000000000000000e+00
6.875000000000000e-01 9.375000000000000e-02 0.000000000000000e+00
7.187500000000000e-01 6.250000000000000e-02 0.000000000000000e+00
7.500000000000000e-01 6.250000000000000e-02 0.000000000000000e+00
7.500000000000000e-01 9.375000000000000e-02 0.000000000000000e+00
7.187500000000000e-01 9.375000000000000e-02 0.000000000000000e+00
7.500000000000000e-01 6.250000000000000e-02 0.000000000000000e+00
7.812500000000000e-01 6.250000000000000e-02 0.000000000000000e+00
7.812500000000000e-01 9.375000000000000e-02 0.000000000000000e+00
7.500000000000000e-01 9.375000000000000e-02 0.000000000000000e+00
7.812500000000000e-01 6.250000000000000e-02 0.000000000000000e+00
8.125000000000000e-01 6.250000000000000e-02 0.000000000000000e+00
8.125000000000000e-01 9.375000000000000e-02 0.000000000000000e+00
7.812500000000000e-01 9.375000000000000e-02 0.000000000000000e+00
8.125000000000000e-01 6.250000000000000e-02 0.000000000000000e+00
8.437500000000000e-01 6.250000000000000e-02 0.000000000000000e+00
8.437500000000000e-01 9.375000000000000e-02 0.000000000000000e+00
8.125000000000000e-01 9.375000000000000e-02 0.000000000000000e+00
8.437500000000000e-01 6.250000000000000e-02 0.000000000000000e+00
8.750000000000000e-01 6.250000000000000e-02 0.000000000000000e+00
8.750000000000000e-01 9.375000000000000e-02 0.000000000000000e+00
8.437500000000000e-01 9.375000000000000e-02 0.000000000000000e+00
8.750000000000000e-01 6.250000000000000e-02 0.000000000000000e+00
9.062500000000000e-01 6.250000000000000e-02 0.000000000000000e+00
9.062500000000000e-01 9.375000000000000e-02 0.000000000000000e+00
8.750000000000000e-01 9.375000000000000e-02 0.000000000000000e+00
9.062500000000000e-01 6.250000000000000e-02 0.000000000000000e+00
9.375000000000000e-01 6.250000000000000e-02 0.000000000000000e+00
9.375000000000000e-01 9.375000000000000e-02 0.000000000000000e+00
9.062500000000000e-01 9.375000000000000e-02 0.000000000000000e+00
9.375000000000000e-01 6.250000000000000e-02 0.000000000000000e+00
9.687500000000000e-01 6.250000000000000e-02 0.000000000000000e+00
9.687500000000000e-01 9.375000000000000e-02 0.000000000000000e+00
9.375000000000000e-01 9.375000000000000e-02 0.000000000000000e+00
9.687500000000000e-01 6.250000000000000e-02 0.000000000000000e+00
1.000000000000000e+00 6.250000000000000e-02 0.000000000000000e+00
1.000000000000000e+00 9.375000000000000e-02 0.000000000000000e+00
9.687500000000000e-01 9.375000000000000e-02 0.000000000000000e+00
0.000000000000000e+00 9.375000000000000e-02 0.000000000000000e+00
3.125000000000000e-02 9.375000000000000e-02 0.000000000000000e+00
3.125000000000000e-02 1.250000000000000e-01 0.000000000000000e+00
0.000000000000000e+00 1.250000000000000e-01 0.000000000000000e+00
3.125000000000000e-02 9.375000000000000e-02 0.000000000000000e+00
6.250000000000000e-02 9.375000000000000e-02 0.000000000000000e+00
6.250000000000000e-02 1.250000000000000e-01 0.000000000000000e+00
3.125000000000000e-02 1.250000000000000e-01 0.000000000000000e+00
6.250000000000000e-02 9.375000000000000e-02 0.000000000000000e+00
9.375000000000000e-02 9.375000000000000e-02 0.000000000000000e+00
9.375000000000000e-02 1.250000000000000e-01 0.000000000000000e+00
6.250000000000000e-02 1.250000000000000e-01 0.000000000000000e+00
9.375000000000000e-02 9.375000000000000e-02 0.000000000000000e+00
1.250000000000000e-01 9.375000000000000e-02 0.000000000000000e+00
1.250000000000000e-01 1.250000000000000e-01 0.000000000000000e+00
9.375000000000000e-02 1.250000000000000e-01 0.000000000000000e+00
1.250000000000000e-01 9.375000000000000e-02 0.000000000000000e+00
1.562500000000000e-01 9.375000000000000e-02 0.000000000000000e+00
1.562500000000000e-01 1.250000000000000e-01 0.000000000000000e+00
1.250000000000000e-01 1.250000000000000e-01 0.000000000000000e+00
1.562500000000000e-01 9.375000000000000e-02 0.000000000000000e+00
1.875000000000000e-01 9.375000000000000e-02 0.000000000000000e+00
1.875000000000000e-01 1.250000000000000e-01 0.000000000000000e+00
1.562500000000000e-01 1.250000000000000e-01 0.000000000000000e+00
1.875000000000000e-01 9.375000000000000e-02 0.000000000000000e+00
2.187500000000000e-01 9.375000000000000e-02 0.000000000000000e+00
2.187500000000000e-01 1.250000000000000e-01 0.000000000000000e+00
1.875000000000000e-01 1.250000000000000e-01 0.000000000000000e+00
2.187500000000000e-01 9.375000000000000e-02 0.000000000000000e+00
2.500000000000000e-01 9.375000000000000e-02 0.000000000000000e+00
2.500000000000000e-01 1.250000000000000e-01 0.000000000000000e+00
2.187500000000000e-01 1.250000000000000e-01 0.000000000000000e+00
2.500000000000000e-01 9.375000000000000e-02 0.000000000000000e+00
2.812500000000000e-01 9.375000000000000e-02 0.000000000000000e+00
2.812500000000000e-01 1.250000000000000e-01 0.000000000000000e+00
2.500000000000000e-01 1.250000000000000e-01 0.000000000000000e+00
2.812500000000000e-01 9.375000000000000e-02 0.000000000000000e+00
3.125000000000000e-01 9.375000000000000e-02 0.000000000000000e+00
3.125000000000000e-01 1.250000000000000e-01 0.000000000000000e+00
2.812500000000000e-01 1.250000000000000e-01 0.000000000000000e+00
3.125000000000000e-01 9.375000000000000e-02 0.000000000000000e+00
3.437500000000000e-01 9.375000000000000e-02 0.000000000000000e+00
3.437500000000000e-01 1.250000000000000e-01 0.000000000000000e+00
3.125000000000000e-01 1.250000000000000e-01 0.000000000000000e+00
3.437500000000000e-01 9.375000000000000e-02 0.000000000000000e+00
3.750000000000000e-01 9.375000000000000e-02 0.000000000000000e+00
3.750000000000000e-01 1.250000000000000e-01 0.000000000000000e+00
3.437500000000000e-01 1.250000000000000e-01 0.000000000000000e+00
3.750000000000000e-01 9.375000000000000e-02 0.000000000000000e+00
4.062500000000000e-01 9.375000000000000e-02 0.000000000000000e+00
4.062500000000000e-01 1.250000000000000e-01 0.000000000000000e+00
3.750000000000000e-01 1.250000000000000e-01 0.000000000000000e+00
4.062500000000000e-01 9.375000000000000e-02 0.000000000000000e+00
4.375000000000000e-01 9.375000000000000e-02 0.000000000000000e+00
4.375000000000000e-01 1.250000000000000e-01 0.000000000000000e+00
4.062500000000000e-01 1.250000000000000e-01 0.000000000000000e+00
4.375000000000000e-01 9.375000000000000e-02 0.000000000000000e+00
4.687500000000000e-01 9.375000000000000e-02 0.000000000000000e+00
4.687500000000000e-01 1.250000000000000e-01 0.000000000000000e+00
4.375000000000000e-01 1.250000000000000e-01 0.000000000000000e+00
4.687500000000000e-01 9.375000000000000e-02 0.000000000000000e+00
5.000000000000000e-01 9.375000000000000e-02 0.000000000000000e+00
5.000000000000000e-01 1.250000000000000e-01 0.000000000000000e+00
4.687500000000000e-01 1.250000000000000e-01 0.000000000000000e+00
5.000000000000000e-01 9.375000000000000e-02 0.000000000000000e+00
5.312500000000000e-01 9.375000000000000e-02 0.000000000000000e+00
5.312500000000000e-01 1.250000000000000e-01 0.000000000000000e+00
5.000000000000000e-01 1.250000000000000e-01 0.000000000000000e+00
5.312500000000000e-01 9.375000000000000e-02 0.000000000000000e+00
5.625000000000000e-01 9.375000000000000e-02 0.000000000000000e+00
5.625000000000000e-01 1.250000000000000e-01 0.000000000000000e+00
5.312500000000000e-01 1.250000000000000e-01 0.000000000000000e+00
5.625000000000000e-01 9.375000000000000e-02 0.000000000000000e+00
5.937500000000000e-01 9.375000000000000e-02 0.000000000000000e+00
5.937500000000000e-01 1.250000000000000e-01 0.000000000000000e+00
5.625000000000000e-01 1.250000000000000e-01 0.000000000000000e+00
5.937500000000000e-01 9.375000000000000e-02 0.000000000000000e+00
6.250000000000000e-01 9.375000000000000e-02 0.000000000000000e+00
6.250000000000000e-01 1.250000000000000e-01 0.000000000000000e+00
5.937500000000000e-01 1.250000000000000e-01 0.000000000000000e+00
6.250000000000000e-01 9.375000000000000e-02 0.000000000000000e+00
6.562500000000000e-01 9.375000000000000e-02 0.000000000000000e+00
6.562500000000000e-01 1.250000000000000e-01 0.000000000000000e+00
6.250000000000000e-01 1.250000000000000e-01 0.000000000000000e+00
6.562500000000000e-01 9.375000000000000e-02 0.000000000000000e+00
6.875000000000000e-01 9.375000000000000e-02 0.000000000000000e+00
6.875000000000000e-01 1.250000000000000e-01 0.000000000000000e+00
6.562500000000000e-01 1.250000000000000e-01 0.000000000000000e+00
6.875000000000000e-01 9.375000000000000e-02 0.000000000000000e+00
7.187500000000000e-01 9.375000000000000e-02 0.000000000000000e+00
7.187500000000000e-01 1.250000000000000e-01 0.000000000000000e+00
6.875000000000000e-01 1.250000000000000e-01 0.000000000000000e+00
7.187500000000000e-01 9.375000000000000e-02 0.000000000000000e+00
7.500000000000000e-01 9.375000000000000e-02 0.000000000000000e+00
7.500000000000000e-01 1.250000000000000e-01 0.000000000000000e+00
7.187500000000000e-01 1.250000000000000e-01 0.000000000000000e+00
7.500000000000000e-01 9.375000000000000e-02 0.000000000000000e+00
7.812500000000000e-01 9.375000000000000e-02 0.000000000000000e+00
7.812500000000000e-01 1.250000000000000e-01 0.000000000000000e+00
7.500000000000000e-01 1.250000000000000e-01 0.000000000000000e+00
7.812500000000000e-01 9.375000000000000e-02 0.000000000000000e+00
8.125000000000000e-01 9.375000000000000e-02 0.000000000000000e+00
8.125000000000000e-01 1.250000000000000e-01 0.000000000000000e+00
7.812500000000000e-01 1.250000000000000e-01 0.000000000000000e+00
8.125000000000000e-01 9.375000000000000e-02 0.000000000000000e+00
8.437500000000000e-01 9.375000000000000e-02 0.000000000000000e+00
8.437500000000000e-01 1.250000000000000e-01 0.000000000000000e+00
8.125000000000000e-01 1.250000000000000e-01 0.000000000000000e+00
8.437500000000000e-01 9.375000000000000e-02 0.000000000000000e+00
8.750000000000000e-01 9.375000000000000e-02 0.000000000000000e+00
8.750000000000000e-01 1.250000000000000e-01 0.000000000000000e+00
8.437500000000000e-01 1.250000000000000e-01 0.000000000000000e+00
8.750000000000000e-01 9.375000000000000e-02 0.000000000000000e+00
9.062500000000000e-01 9.375000000000000e-02 0.000000000000000e+00
9.062500000000000e-01 1.250000000000000e-01 0.000000000000000e+00
8.750000000000000e-01 1.250000000000000e-01 0.000000000000000e+00
9.062500000000000e-01 9.375000000000000e-02 0.000000000000000e+00
9.375000000000000e-01 9.375000000000000e-02 0.000000000000000e+00
9.375000000000000e-01 1.250000000000000e-01 0.000000000000000e+00
9.062500000000000e-01 1.250000000000000e-01 0.000000000000000e+00
9.375000000000000e-01 9.375000000000000e-02 0.000000000000000e+00
9.687500000000000e-01 9.375000000000000e-02 0.000000000000000e+00
9.687500000000000e-01 1.250000000000000e-01 0.000000000000000e+00
9.375000000000000e-01 1.250000000000000e-01 0.000000000000000e+00
9.687500000000000e-01 9.375000000000000e-02 0.000000000000000e+00
1.000000000000000e+00 9.375000000000000e-02 0.000000000000000e+00
1.000000000000000e+00 1.250000000000000e-01 0.000000000000000e+00
9.687500000000000e-01 1.250000000000000e-01 0.000000000000000e+00
0.000000000000000e+00 1.250000000000000e-01 0.000000000000000e+00
3.125000000000000e-02 1.250000000000000e-01 0.000000000000000e+00
3.125000000000000e-02 1.562500000000000e-01 0.000000000000000e+00
0.000000000000000e+00 1.562500000000000e-01 0.000000000000000e+00
3.125000000000000e-02 1.250000000000000e-01 0.000000000000000e+00
6.250000000000000e-02 1.250000000000000e-01 0.000000000000000e+00
6.250000000000000e-02 1.562500000000000e-01 0.000000000000000e+00
3.125000000000000e-02 1.562500000000000e-01 0.000000000000000e+00
6.250000000000000e-02 1.250000000000000e-01 0.000000000000000e+00
9.375000000000000e-02 1.250000000000000e-01 0.000000000000000e+00
9.375000000000000e-02 1.562500000000000e-01 0.000000000000000e+00
6.250000000000000e-02 1.562500000000000e-01 0.000000000000000e+00
9.375000000000000e-02 1.250000000000000e-01 0.000000000000000e+00
1.250000000000000e-01 1.250000000000000e-01 0.000000000000000e+00
1.250000000000000e-01 1.562500000000000e-01 0.000000000000000e+00
9.375000000000000e-02 1.562500000000000e-01 0.000000000000000e+00
1.250000000000000e-01 1.250000000000000e-01 0.000000000000000e+00
1.562500000000000e-01 1.250000000000000e-01 0.000000000000000e+00
1.562500000000000e-01 1.562500000000000e-01 0.000000000000000e+00
1.250000000000000e-01 1.562500000000000e-01 0.000000000000000e+00
1.562500000000000e-01 1.250000000000000e-01 0.000000000000000e+00
1.875000000000000e-01 1.250000000000000e-01 0.000000000000000e+00
1.875000000000000e-01 1.562500000000000e-01 0.000000000000000e+00
1.562500000000000e-01 1.562500000000000e-01 0.000000000000000e+00
1.875000000000000e-01 1.250000000000000e-01 0.000000000000000e+00
2.187500000000000e-01 1.250000000000000e-01 0.000000000000000e+00
2.187500000000000e-01 1.562500000000000e-01 0.000000000000000e+00
1.875000000000000e-01 1.562500000000000e-01 0.000000000000000e+00
2.187500000000000e-01 1.250000000000000e-01 0.000000000000000e+00
2.500000000000000e-01 1.250000000000000e-01 0.000000000000000e+00
2.500000000000000e-01 1.562500000000000e-01 0.000000000000000e+00
2.187500000000000e-01 1.562500000000000e-01 0.000000000000000e+00
2.500000000000000e-01 1.250000000000000e-01 0.000000000000000e+00
2.812500000000000e-01 1.250000000000000e-01 0.000000000000000e+00
2.812500000000000e-01 1.562500000000000e-01 0.000000000000000e+00
2.500000000000000e-01 1.562500000000000e-01 0.000000000000000e+00
2.812500000000000e-01 1.250000000000000e-01 0.000000000000000e+00
3.125000000000000e-01 1.250000000000000e-01 0.000000000000000e+00
3.125000000000000e-01 1.562500000000000e-01 0.000000000000000e+00
2.812500000000000e-01 1.562500000000000e-01 0.000000000000000e+00
3.125000000000000e-01 1.250000000000000e-01 0.000000000000000e+00
3.437500000000000e-01 1.250000000000000e-01 0.000000000000000e+00
3.437500000000000e-01 1.562500000000000e-01 0.000000000000000e+00
3.125000000000000e-01 1.562500000000000e-01 0.000000000000000e+00
3.437500000000000e-01 1.250000000000000e-01 0.000000000000000e+00
3.750000000000000e-01 1.250000000000000e-01 0.000000000000000e+00
3.750000000000000e-01 1.562500000000000e-01 0.000000000000000e+00
3.437500000000000e-01 1.562500000000000e-01 0.000000000000000e+00
3.750000000000000e-01 1.250000000000000e-01 0.000000000000000e+00
4.062500000000000e-01 1.250000000000000e-01 0.000000000000000e+00
4.062500000000000e-01 1.562500000000000e-01 0.000000000000000e+00
3.750000000000000e-01 1.562500000000000e-01 0.000000000000000e+00
4.062500000000000e-01 1.250000000000000e-01 0.000000000000000e+00
4.375000000000000e-01 1.250000000000000e-01 0.000000000000000e+00
4.375000000000000e-01 1.562500000000000e-01 0.000000000000000e+00
4.062500000000000e-01 1.562500000000000e-01 0.000000000000000e+00
4.375000000000000e-01 1.250000000000000e-01 0.000000000000000e+00
4.687500000000000e-01 1.250000000000000e-01 0.000000000000000e+00
4.687500000000000e-01 1.562500000000000e-01 0.000000000000000e+00
4.375000000000000e-01 1.562500000000000e-01 0.000000000000000e+00
4.687500000000000e-01 1.250000000000000e-01 0.000000000000000e+00
5.000000000000000e-01 1.250000000000000e-01 0.000000000000000e+00
5.000000000000000e-01 1.562500000000000e-01 0.000000000000000e+00
4.687500000000000e-01 1.562500000000000e-01 0.000000000000000e+00
5.000000000000000e-01 1.250000000000000e-01 0.000000000000000e+00
5.312500000000000e-01 1.250000000000000e-01 0.000000000000000e+00
5.312500000000000e-01 1.562500000000000e-01 0.000000000000000e+00
5.000000000000000e-01 1.562500000000000e-01 0.000000000000000e+00
5.312500000000000e-01 1.250000000000000e-01 0.000000000000000e+00
5.625000000000000e-01 1.250000000000000e-01 0.000000000000000e+00
5.625000000000000e-01 1.562500000000000e-01 0.000000000000000e+00
5.312500000000000e-01 1.562500000000000e-01 0.000000000000000e+00
5.625000000000000e-01 1.250000000000000e-01 0.000000000000000e+00
5.937500000000000e-01 1.250000000000000e-01 0.000000000000000e+00
5.937500000000000e-01 1.562500000000000e-01 0.000000000000000e+00
5.625000000000000e-01 1.562500000000000e-01 0.000000000000000e+00
5.937500000000000e-01 1.250000000000000e-01 0.000000000000000e+00
6.250000000000000e-01 1.250000000000000e-01 0.000000000000000e+00
6.250000000000000e-01 1.562500000000000e-01 0.000000000000000e+00
5.937500000000000e-01 1.562500000000000e-01 0.000000000000000e+00
6.250000000000000e-01 1.250000000000000e-01 0.000000000000000e+00
6.562500000000000e-01 1.250000000000000e-01 0.000000000000000e+00
6.562500000000000e-01 1.562500000000000e-01 0.000000000000000e+00
6.250000000000000e-01 1.562500000000000e-01 0.000000000000000e+00
6.562500000000000e-01 1.250000000000000e-01 0.000000000000000e+00
6.875000000000000e-01 1.250000000000000e-01 0.000000000000000e+00
6.875000000000000e-01 1.562500000000000e-01 0.000000000000000e+00
6.562500000000000e-01 1.562500000000000e-01 0.000000000000000e+00
6.875000000000000e-01 1.250000000000000e-01 0.000000000000000e+00
7.187500000000000e-01 1.250000000000000e-01 0.000000000000000e+00
7.187500000000000e-01 1.562500000000000e-01 0.000000000000000e+00
6.875000000000000e-01 1.562500000000000e-01 0.000000000000000e+00
7.187500000000000e-01 1.250000000000000e-01 0.000000000000000e+00
7.500000000000000e-01 1.250000000000000e-01 0.000000000000000e+00
7.500000000000000e-01 1.562500000000000e-01 0.000000000000000e+00
7.187500000000000e-01 1.562500000000000e-01 0.000000000000000e+00
7.500000000000000e-01 1.250000000000000e-01 0.000000000000000e+00
7.812500000000000e-01 1.250000000000000e-01 0.000000000000000e+00
7.812500000000000e-01 1.562500000000000e-01 0.000000000000000e+00
7.500000000000000e-01 1.562500000000000e-01 0.000000000000000e+00
7.812500000000000e-01 1.250000000000000e-01 0.000000000000000e+00
8.125000000000000e-01 1.250000000000000e-01 0.000000000000000e+00
8.125000000000000e-01 1.562500000000000e-01 0.000000000000000e+00
7.812500000000000e-01 1.562500000000000e-01 0.000000000000000e+00
8.125000000000000e-01 1.250000000000000e-01 0.000000000000000e+00
8.437500000000000e-01 1.250000000000000e-01 0.000000000000000e+00
8.437500000000000e-01 1.562500000000000e-01 0.000000000000000e+00
8.125000000000000e-01 1.562500000000000e-01 0.000000000000000e+00
8.437500000000000e-01 1.250000000000000e-01 0.000000000000000e+00
8.750000000000000e-01 1.250000000000000e-01 0.000000000000000e+00
8.750000000000000e-01 1.562500000000000e-01 0.000000000000000e+00
8.437500000000000e-01 1.562500000000000e-01 0.000000000000000e+00
8.750000000000000e-01 1.250000000000000e-01 0.000000000000000e+00
9.062500000000000e-01 1.250000000000000e-01 0.000000000000000e+00
9.062500000000000e-01 1.562500000000000e-01 0.000000000000000e+00
8.750000000000000e-01 1.562500000000000e-01 0.000000000000000e+00
9.062500000000000e-01 1.250000000000000e-01 0.000000000000000e+00
9.375000000000000e-01 1.250000000000000e-01 0.000000000000000e+00
9.375000000000000e-01 1.562500000000000e-01 0.000000000000000e+00
9.062500000000000e-01 1.562500000000000e-01 0.000000000000000e+00
9.375000000000000e-01 1.250000000000000e-01 0.000000000000000e+00
9.687500000000000e-01 1.250000000000000e-01 0.000000000000000e+00
9.687500000000000e-01 1.562500000000000e-01 0.000000000000000e+00
9.375000000000000e-01 1.562500000000000e-01 0.000000000000000e+00
9.687500000000000e-01 1.250000000000000e-01 0.000000000000000e+00
1.000000000000000e+00 1.250000000000000e-01 0.000000000000000e+00
1.000000000000000e+00 1.562500000000000e-01 0.000000000000000e+00
9.687500000000000e-01 1.562500000000000e-01 0.000000000000000e+00
0.000000000000000e+00 1.562500000000000e-01 0.000000000000000e+00
3.125000000000000e-02 1.562500000000000e-01 0.000000000000000e+00
3.125000000000000e-02 1.875000000000000e-01 0.000000000000000e+00
0.000000000000000e+00 1.875000000000000e-01 0.000000000000000e+00
3.125000000000000e-02 1.562500000000000e-01 0.000000000000000e+00
6.250000000000000e-02 1.562500000000000e-01 0.000000000000000e+00
6.250000000000000e-02 1.875000000000000e-01 0.000000000000000e+00
3.125000000000000e-02 1.875000000000000e-01 0.000000000000000e+00
6.250000000000000e-02 1.562500000000000e-01 0.000000000000000e+00
9.375000000000000e-02 1.562500000000000e-01 0.000000000000000e+00
9.375000000000000e-02 1.875000000000000e-01 0.000000000000000e+00
6.250000000000000e-02 1.875000000000000e-01 0.000000000000000e+00
9.375000000000000e-02 1.562500000000000e-01 0.000000000000000e+00
1.250000000000000e-01 1.562500000000000e-01 0.000000000000000e+00
1.250000000000000e-01 1.875000000000000e-01 0.000000000000000e+00
9.375000000000000e-02 1.875000000000000e-01 0.000000000000000e+00
1.250000000000000e-01 1.562500000000000e-01 0.000000000000000e+00
1.562500000000000e-01 1.562500000000000e-01 0.000000000000000e+00
1.562500000000000e-01 1.875000000000000e-01 0.000000000000000e+00
1.250000000000000e-01 1.875000000000000e-01 0.000000000000000e+00
1.562500000000000e-01 1.562500000000000e-01 0.000000000000000e+00
1.875000000000000e-01 1.562500000000000e-01 0.000000000000000e+00
1.875000000000000e-01 1.875000000000000e-01 0.000000000000000e+00
1.562500000000000e-01 1.875000000000000e-01 0.000000000000000e+00
1.875000000000000e-01 1.562500000000000e-01 0.000000000000000e+00
2.187500000000000e-01 1.562500000000000e-01 0.000000000000000e+00
2.187500000000000e-01 1.875000000000000e-01 0.000000000000000e+00
1.875000000000000e-01 1.875000000000000e-01 0.000000000000000e+00
2.187500000000000e-01 1.562500000000000e-01 0.000000000000000e+00
2.500000000000000e-01 1.562500000000000e-01 0.000000000000000e+00
2.500000000000000e-01 1.875000000000000e-01 0.000000000000000e+00
2.187500000000000e-01 1.875000000000000e-01 0.000000000000000e+00
2.500000000000000e-01 1.562500000000000e-01 0.000000000000000e+00
2.812500000000000e-01 1.562500000000000e-01 0.000000000000000e+00
2.812500000000000e-01 1.875000000000000e-01 0.000000000000000e+00
2.500000000000000e-01 1.875000000000000e-01 0.000000000000000e+00
2.812500000000000e-01 1.562500000000000e-01 0.000000000000000e+00
3.125000000000000e-01 1.562500000000000e-01 0.000000000000000e+00
3.125000000000000e-01 1.875000000000000e-01 0.000000000000000e+00
2.812500000000000e-01 1.875000000000000e-01 0.000000000000000e+00
3.125000000000000e-01 1.562500000000000e-01 0.000000000000000e+00
3.437500000000000e-01 1.562500000000000e-01 0.000000000000000e+00
3.437500000000000e-01 1.875000000000000e-01 0.000000000000000e+00
3.125000000000000e-01 1.875000000000000e-01 0.000000000000000e+00
3.437500000000000e-01 1.562500000000000e-01 0.000000000000000e+00
3.750000000000000e-01 1.562500000000000e-01 0.000000000000000e+00
3.750000000000000e-01 1.875000000000000e-01 0.000000000000000e+00
3.437500000000000e-01 1.875000000000000e-01 0.000000000000000e+00
3.750000000000000e-01 1.562500000000000e-01 0.000000000000000e+00
4.062500000000000e-01 1.562500000000000e-01 0.000000000000000e+00
4.062500000000000e-01 1.875000000000000e-01 0.000000000000000e+00
3.750000000000000e-01 1.875000000000000e-01 0.000000000000000e+00
4.062500000000000e-01 1.562500000000000e-01 0.000000000000000e+00
4.375000000000000e-01 1.562500000000000e-01 0.000000000000000e+00
4.375000000000000e-01 1.875000000000000e-01 0.000000000000000e+00
4.062500000000000e-01 1.875000000000000e-01 0.000000000000000e+00
4.375000000000000e-01 1.562500000000000e-01 0.000000000000000e+00
4.687500000000000e-01 1.562500000000000e-01 0.000000000000000e+00
4.687500000000000e-01 1.875000000000000e-01 0.000000000000000e+00
4.375000000000000e-01 1.875000000000000e-01 0.000000000000000e+00
4.687500000000000e-01 1.562500000000000e-01 0.000000000000000e+00
5.000000000000000e-01 1.562500000000000e-01 0.000000000000000e+00
5.000000000000000e-01 1.875000000000000e-01 0.000000000000000e+00
4.687500000000000e-01 1.875000000000000e-01 0.000000000000000e+00
5.000000000000000e-01 1.562500000000000e-01 0.000000000000000e+00
5.312500000000000e-01 1.562500000000000e-01 0.000000000000000e+00
5.312500000000000e-01 1.875000000000000e-01 0.000000000000000e+00
5.000000000000000e-01 1.875000000000000e-01 0.000000000000000e+00
5.312500000000000e-01 1.562500000000000e-01 0.000000000000000e+00
5.625000000000000e-01 1.562500000000000e-01 0.000000000000000e+00
5.625000000000000e-01 1.875000000000000e-01 0.000000000000000e+00
5.312500000000000e-01 1.875000000000000e-01 0.000000000000000e+00
5.625000000000000e-01 1.562500000000000e-01 0.000000000000000e+00
5.937500000000000e-01 1.562500000000000e-01 0.000000000000000e+00
5.937500000000000e-01 1.875000000000000e-01 0.000000000000000e+00
5.625000000000000e-01 1.875000000000000e-01 0.000000000000000e+00
5.937500000000000e-01 1.562500000000000e-01 0.000000000000000e+00
6.250000000000000e-01 1.562500000000000e-01 0.000000000000000e+00
6.250000000000000e-01 1.875000000000000e-01 0.000000000000000e+00
5.937500000000000e-01 1.875000000000000e-01 0.000000000000000e+00
6.250000000000000e-01 1.562500000000000e-01 0.000000000000000e+00
6.562500000000000e-01 1.562500000000000e-01 0.000000000000000e+00
6.562500000000000e-01 1.875000000000000e-01 0.000000000000000e+00
6.250000000000000e-01 1.875000000000000e-01 0.000000000000000e+00
6.562500000000000e-01 1.562500000000000e-01 0.000000000000000e+00
6.875000000000000e-01 1.562500000000000e-01 0.000000000000000e+00
6.875000000000000e-01 1.875000000000000e-01 0.000000000000000e+00
6.562500000000000e-01 1.875000000000000e-01 0.000000000000000e+00
6.875000000000000e-01 1.562500000000000e-01 0.000000000000000e+00
7.187500000000000e-01 1.562500000000000e-01 0.000000000000000e+00
7.187500000000000e-01 1.875000000000000e-01 0.000000000000000e+00
6.875000000000000e-01 1.875000000000000e-01 0.000000000000000e+00
7.187500000000000e-01 1.562500000000000e-01 0.000000000000000e+00
7.500000000000000e-01 1.562500000000000e-01 0.000000000000000e+00
7.500000000000000e-01 1.875000000000000e-01 0.000000000000000e+00
7.187500000000000e-01 1.875000000000000e-01 0.000000000000000e+00
7.500000000000000e-01 1.562500000000000e-01 0.000000000000000e+00
7.812500000000000e-01 1.562500000000000e-01 0.000000000000000e+00
7.812500000000000e-01 1.875000000000000e-01 0.000000000000000e+00
7.500000000000000e-01 1.875000000000000e-01 0.000000000000000e+00
7.812500000000000e-01 1.562500000000000e-01 0.000000000000000e+00
8.125000000000000e-01 1.562500000000000e-01 0.000000000000000e+00
8.125000000000000e-01 1.875000000000000e-01 0.000000000000000e+00
7.812500000000000e-01 1.875000000000000e-01 0.000000000000000e+00
8.125000000000000e-01 1.562500000000000e-01 0.000000000000000e+00
8.437500000000000e-01 1.562500000000000e-01 0.000000000000000e+00
8.437500000000000e-01 1.875000000000000e-01 0.000000000000000e+00
8.125000000000000e-01 1.875000000000000e-01 0.000000000000000e+00
8.437500000000000e-01 1.562500000000000e-01 0.000000000000000e+00
8.750000000000000e-01 1.562500000000000e-01 0.000000000000000e+00
8.750000000000000e-01 1.875000000000000e-01 0.000000000000000e+00
8.437500000000000e-01 1.875000000000000e-01 0.000000000000000e+00
8.750000000000000e-01 1.562500000000000e-01 0.000000000000000e+00
9.062500000000000e-01 1.562500000000000e-01 0.000000000000000e+00
9.062500000000000e-01 1.875000000000000e-01 0.000000000000000e+00
8.750000000000000e-01 1.875000000000000e-01 0.000000000000000e+00
9.062500000000000e-01 1.562500000000000e-01 0.000000000000000e+00
9.375000000000000e-01 1.562500000000000e-01 0.000000000000000e+00
9.375000000000000e-01 1.875000000000000e-01 0.000000000000000e+00
9.062500000000000e-01 1.875000000000000e-01 0.000000000000000e+00
9.375000000000000e-01 1.562500000000000e-01 0.000000000000000e+00
9.687500000000000e-01 1.562500000000000e-01 0.000000000000000e+00
9.687500000000000e-01 1.875000000000000e-01 0.000000000000000e+00
9.375000000000000e-01 1.875000000000000e-01 0.000000000000000e+00
9.687500000000000e-01 1.562500000000000e-01 0.000000000000000e+00
1.000000000000000e+00 1.562500000000000e-01 0.000000000000000e+00
1.000000000000000e+00 1.875000000000000e-01 0.000000000000000e+00
9.687500000000000e-01 1.875000000000000e-01 0.000000000000000e+00
0.000000000000000e+00 1.875000000000000e-01 0.000000000000000e+00
3.125000000000000e-02 1.875000000000000e-01 0.000000000000000e+00
3.125000000000000e-02 2.187500000000000e-01 0.000000000000000e+00
0.000000000000000e+00 2.187500000000000e-01 0.000000000000000e+00
3.125000000000000e-02 1.875000000000000e-01 0.000000000000000e+00
6.250000000000000e-02 1.875000000000000e-01 0.000000000000000e+00
6.250000000000000e-02 2.187500000000000e-01 0.000000000000000e+00
3.125000000000000e-02 2.187500000000000e-01 0.000000000000000e+00
6.250000000000000e-02 1.875000000000000e-01 0.000000000000000e+00
9.375000000000000e-02 1.875000000000000e-01 0.000000000000000e+00
9.375000000000000e-02 2.187500000000000e-01 0.000000000000000e+00
6.250000000000000e-02 2.187500000000000e-01 0.000000000000000e+00
9.375000000000000e-02 1.875000000000000e-01 0.000000000000000e+00
1.250000000000000e-01 1.875000000000000e-01 0.000000000000000e+00
1.250000000000000e-01 2.187500000000000e-01 0.000000000000000e+00
9.375000000000000e-02 2.187500000000000e-01 0.000000000000000e+00
1.250000000000000e-01 1.875000000000000e-01 0.000000000000000e+00
1.562500000000000e-01 1.875000000000000e-01 0.000000000000000e+00
1.562500000000000e-01 2.187500000000000e-01 0.000000000000000e+00
1.250000000000000e-01 2.187500000000000e-01 0.000000000000000e+00
1.562500000000000e-01 1.875000000000000e-01 0.000000000000000e+00
1.875000000000000e-01 1.875000000000000e-01 0.000000000000000e+00
1.875000000000000e-01 2.187500000000000e-01 0.000000000000000e+00
1.562500000000000e-01 2.187500000000000e-01 0.000000000000000e+00
1.875000000000000e-01 1.875000000000000e-01 0.000000000000000e+00
2.187500000000000e-01 1.875000000000000e-01 0.000000000000000e+00
2.187500000000000e-01 2.187500000000000e-01 0.000000000000000e+00
1.875000000000000e-01 2.187500000000000e-01 0.000000000000000e+00
2.187500000000000e-01 1.875000000000000e-01 0.000000000000000e+00
2.500000000000000e-01 1.875000000000000e-01 0.000000000000000e+00
2.500000000000000e-01 2.187500000000000e-01 0.000000000000000e+00
2.187500000000000e-01 2.187500000000000e-01 0.000000000000000e+00
2.500000000000000e-01 1.875000000000000e-01 0.000000000000000e+00
2.812500000000000e-01 1.875000000000000e-01 0.000000000000000e+00
2.812500000000000e-01 2.187500000000000e-01 0.000000000000000e+00
2.500000000000000e-01 2.187500000000000e-01 0.000000000000000e+00
2.812500000000000e-01 1.875000000000000e-01 0.000000000000000e+00
3.125000000000000e-01 1.875000000000000e-01 0.000000000000000e+00
3.125000000000000e-01 2.187500000000000e-01 0.000000000000000e+00
2.812500000000000e-01 2.187500000000000e-01 0.000000000000000e+00
3.125000000000000e-01 1.875000000000000e-01 0.000000000000000e+00
3.437500000000000e-01 1.875000000000000e-01 0.000000000000000e+00
3.437500000000000e-01 2.187500000000000e-01 0.000000000000000e+00
3.125000000000000e-01 2.187500000000000e-01 0.000000000000000e+00
3.437500000000000e-01 1.875000000000000e-01 0.000000000000000e+00
3.750000000000000e-01 1.875000000000000e-01 0.000000000000000e+00
3.750000000000000e-01 2.187500000000000e-01 0.000000000000000e+00
3.437500000000000e-01 2.187500000000000e-01 0.000000000000000e+00
3.750000000000000e-01 1.875000000000000e-01 0.000000000000000e+00
4.062500000000000e-01 1.875000000000000e-01 0.000000000000000e+00
4.062500000000000e-01 2.187500000000000e-01 0.000000000000000e+00
3.750000000000000e-01 2.187500000000000e-01 0.000000000000000e+00
4.062500000000000e-01 1.875000000000000e-01 0.000000000000000e+00
4.375000000000000e-01 1.875000000000000e-01 0.000000000000000e+00
4.375000000000000e-01 2.187500000000000e-01 0.000000000000000e+00
4.062500000000000e-01 2.187500000000000e-01 0.000000000000000e+00
4.375000000000000e-01 1.875000000000000e-01 0.000000000000000e+00
4.687500000000000e-01 1.875000000000000e-01 0.000000000000000e+00
4.687500000000000e-01 2.187500000000000e-01 0.000000000000000e+00
4.375000000000000e-01 2.187500000000000e-01 0.000000000000000e+00
4.687500000000000e-01 1.875000000000000e-01 0.000000000000000e+00
5.000000000000000e-01 1.875000000000000e-01 0.000000000000000e+00
5.000000000000000e-01 2.187500000000000e-01 0.000000000000000e+00
4.687500000000000e-01 2.187500000000000e-01 0.000000000000000e+00
5.000000000000000e-01 1.875000000000000e-01 0.000000000000000e+00
5.312500000000000e-01 1.875000000000000e-01 0.000000000000000e+00
5.312500000000000e-01 2.187500000000000e-01 0.000000000000000e+00
5.000000000000000e-01 2.187500000000000e-01 0.000000000000000e+00
5.312500000000000e-01 1.875000000000000e-01 0.000000000000000e+00
5.625000000000000e-01 1.875000000000000e-01 0.000000000000000e+00
5.625000000000000e-01 2.187500000000000e-01 0.000000000000000e+00
5.312500000000000e-01 2.187500000000000e-01 0.000000000000000e+00
5.625000000000000e-01 1.875000000000000e-01 0.000000000000000e+00
5.937500000000000e-01 1.875000000000000e-01 0.000000000000000e+00
5.937500000000000e-01 2.187500000000000e-01 0.000000000000000e+00
5.625000000000000e-01 2.187500000000000e-01 0.000000000000000e+00
5.937500000000000e-01 1.875000000000000e-01 0.000000000000000e+00
6.250000000000000e-01 1.875000000000000e-01 0.000000000000000e+00
6.250000000000000e-01 2.187500000000000e-01 0.000000000000000e+00
5.937500000000000e-01 2.187500000000000e-01 0.000000000000000e+00
6.250000000000000e-01 1.875000000000000e-01 0.000000000000000e+00
6.562500000000000e-01 1.875000000000000e-01 0.000000000000000e+00
6.562500000000000e-01 2.187500000000000e-01 0.000000000000000e+00
6.250000000000000e-01 2.187500000000000e-01 0.000000000000000e+00
6.562500000000000e-01 1.875000000000000e-01 0.000000000000000e+00
6.875000000000000e-01 1.875000000000000e-01 0.000000000000000e+00
6.875000000000000e-01 2.187500000000000e-01 0.000000000000000e+00
6.562500000000000e-01 2.187500000000000e-01 0.000000000000000e+00
6.875000000000000e-01 1.875000000000000e-01 0.000000000000000e+00
7.187500000000000e-01 1.875000000000000e-01 0.000000000000000e+00
7.187500000000000e-01 2.187500000000000e-01 0.000000000000000e+00
6.875000000000000e-01 2.187500000000000e-01 0.000000000000000e+00
7.187500000000000e-01 1.875000000000000e-01 0.000000000000000e+00
7.500000000000000e-01 1.875000000000000e-01 0.000000000000000e+00
7.500000000000000e-01 2.187500000000000e-01 0.000000000000000e+00
7.187500000000000e-01 2.187500000000000e-01 0.000000000000000e+00
7.500000000000000e-01 1.875000000000000e-01 0.000000000000000e+00
7.812500000000000e-01 1.875000000000000e-01 0.000000000000000e+00
7.812500000000000e-01 2.187500000000000e-01 0.000000000000000e+00
7.500000000000000e-01 2.187500000000000e-01 0.000000000000000e+00
7.812500000000000e-01 1.875000000000000e-01 0.000000000000000e+00
8.125000000000000e-01 1.875000000000000e-01 0.000000000000000e+00
8.125000000000000e-01 2.187500000000000e-01 0.000000000000000e+00
7.812500000000000e-01 2.187500000000000e-01 0.000000000000000e+00
8.125000000000000e-01 1.875000000000000e-01 0.000000000000000e+00
8.437500000000000e-01 1.875000000000000e-01 0.000000000000000e+00
8.437500000000000e-01 2.187500000000000e-01 0.000000000000000e+00
8.125000000000000e-01 2.187500000000000e-01 0.000000000000000e+00
8.437500000000000e-01 1.875000000000000e-01 0.000000000000000e+00
8.750000000000000e-01 1.875000000000000e-01 0.000000000000000e+00
8.750000000000000e-01 2.187500000000000e-01 0.000000000000000e+00
8.437500000000000e-01 2.187500000000000e-01 0.000000000000000e+00
8.750000000000000e-01 1.875000000000000e-01 0.000000000000000e+00
9.062500000000000e-01 1.875000000000000e-01 0.000000000000000e+00
9.062500000000000e-01 2.187500000000000e-01 0.000000000000000e+00
8.750000000000000e-01 2.187500000000000e-01 0.000000000000000e+00
9.062500000000000e-01 1.875000000000000e-01 0.000000000000000e+00
9.375000000000000e-01 1.875000000000000e-01 0.000000000000000e+00
9.375000000000000e-01 2.187500000000000e-01 0.000000000000000e+00
9.062500000000000e-01 2.187500000000000e-01 0.000000000000000e+00
9.375000000000000e-01 1.875000000000000e-01 0.000000000000000e+00
9.687500000000000e-01 1.875000000000000e-01 0.000000000000000e+00
9.687500000000000e-01 2.187500000000000e-01 0.000000000000000e+00
9.375000000000000e-01 2.187500000000000e-01 0.000000000000000e+00
9.687500000000000e-01 1.875000000000000e-01 0.000000000000000e+00
1.000000000000000e+00 1.875000000000000e-01 0.000000000000000e+00
1.000000000000000e+00 2.187500000000000e-01 0.000000000000000e+00
9.687500000000000e-01 2.187500000000000e-01 0.000000000000000e+00
0.000000000000000e+00 2.187500000000000e-01 0.000000000000000e+00
3.125000000000000e-02 2.187500000000000e-01 0.000000000000000e+00
3.125000000000000e-02 2.500000000000000e-01 0.000000000000000e+00
0.000000000000000e+00 2.500000000000000e-01 0.000000000000000e+00
3.125000000000000e-02 2.187500000000000e-01 0.000000000000000e+00
6.250000000000000e-02 2.187500000000000e-01 0.000000000000000e+00
6.250000000000000e-02 2.500000000000000e-01 0.000000000000000e+00
3.125000000000000e-02 2.500000000000000e-01 0.000000000000000e+00
6.250000000000000e-02 2.187500000000000e-01 0.000000000000000e+00
9.375000000000000e-02 2.187500000000000e-01 0.000000000000000e+00
9.375000000000000e-02 2.500000000000000e-01 0.000000000000000e+00
6.250000000000000e-02 2.500000000000000e-01 0.000000000000000e+00
9.375000000000000e-02 2.187500000000000e-01 0.000000000000000e+00
1.250000000000000e-01 2.187500000000000e-01 0.000000000000000e+00
1.250000000000000e-01 2.500000000000000e-01 0.000000000000000e+00
9.375000000000000e-02 2.500000000000000e-01 0.000000000000000e+00
1.250000000000000e-01 2.187500000000000e-01 0.000000000000000e+00
1.562500000000000e-01 2.187500000000000e-01 0.000000000000000e+00
1.562500000000000e-01 2.500000000000000e-01 0.000000000000000e+00
1.250000000000000e-01 2.500000000000000e-01 0.000000000000000e+00
1.562500000000000e-01 2.187500000000000e-01 0.000000000000000e+00
1.875000000000000e-01 2.187500000000000e-01 0.000000000000000e+00
1.875000000000000e-01 2.500000000000000e-01 0.000000000000000e+00
1.562500000000000e-01 2.500000000000000e-01 0.000000000000000e+00
1.875000000000000e-01 2.187500000000000e-01 0.000000000000000e+00
2.187500000000000e-01 2.187500000000000e-01 0.000000000000000e+00
2.187500000000000e-01 2.500000000000000e-01 0.000000000000000e+00
1.875000000000000e-01 2.500000000000000e-01 0.000000000000000e+00
2.187500000000000e-01 2.187500000000000e-01 0.000000000000000e+00
2.500000000000000e-01 2.187500000000000e-01 0.000000000000000e+00
2.500000000000000e-01 2.500000000000000e-01 0.000000000000000e+00
2.187500000000000e-01 2.500000000000000e-01 0.000000000000000e+00
2.500000000000000e-01 2.187500000000000e-01 0.000000000000000e+00
2.812500000000000e-01 2.187500000000000e-01 0.000000000000000e+00
2.812500000000000e-01 2.500000000000000e-01 0.000000000000000e+00
2.500000000000000e-01 2.500000000000000e-01 0.000000000000000e+00
2.812500000000000e-01 2.187500000000000e-01 0.000000000000000e+00
3.125000000000000e-01 2.187500000000000e-01 0.000000000000000e+00
3.125000000000000e-01 2.500000000000000e-01 0.000000000000000e+00
2.812500000000000e-01 2.500000000000000e-01 0.000000000000000e+00
3.125000000000000e-01 2.187500000000000e-01 0.000000000000000e+00
3.437500000000000e-01 2.187500000000000e-01 0.000000000000000e+00
3.437500000000000e-01 2.500000000000000e-01 0.000000000000000e+00
3.125000000000000e-01 2.500000000000000e-01 0.000000000000000e+00
3.437500000000000e-01 2.187500000000000e-01 0.000000000000000e+00
3.750000000000000e-01 2.187500000000000e-01 0.000000000000000e+00
3.750000000000000e-01 2.500000000000000e-01 0.000000000000000e+00
3.437500000000000e-01 2.500000000000000e-01 0.000000000000000e+00
3.750000000000000e-01 2.187500000000000e-01 0.000000000000000e+00
4.062500000000000e-01 2.187500000000000e-01 0.000000000000000e+00
4.062500000000000e-01 2.500000000000000e-01 0.000000000000000e+00
3.750000000000000e-01 2.500000000000000e-01 0.000000000000000e+00
4.062500000000000e-01 2.187500000000000e-01 0.000000000000000e+00
4.375000000000000e-01 2.187500000000000e-01 0.000000000000000e+00
4.375000000000000e-01 2.500000000000000e-01 0.000000000000000e+00
4.062500000000000e-01 2.500000000000000e-01 0.000000000000000e+00
4.375000000000000e-01 2.187500000000000e-01 0.000000000000000e+00
4.687500000000000e-01 2.187500000000000e-01 0.000000000000000e+00
4.687500000000000e-01 2.500000000000000e-01 0.000000000000000e+00
4.375000000000000e-01 2.500000000000000e-01 0.000000000000000e+00
4.687500000000000e-01 2.187500000000000e-01 0.000000000000000e+00
5.000000000000000e-01 2.187500000000000e-01 0.000000000000000e+00
5.000000000000000e-01 2.500000000000000e-01 0.000000000000000e+00
4.687500000000000e-01 2.500000000000000e-01 0.000000000000000e+00
5.000000000000000e-01 2.187500000000000e-01 0.000000000000000e+00
5.312500000000000e-01 2.187500000000000e-01 0.000000000000000e+00
5.312500000000000e-01 2.500000000000000e-01 0.000000000000000e+00
5.000000000000000e-01 2.500000000000000e-01 0.000000000000000e+00
5.312500000000000e-01 2.187500000000000e-01 0.000000000000000e+00
5.625000000000000e-01 2.187500000000000e-01 0.000000000000000e+00
5.625000000000000e-01 2.500000000000000e-01 0.000000000000000e+00
5.312500000000000e-01 2.500000000000000e-01 0.000000000000000e+00
5.625000000000000e-01 2.187500000000000e-01 0.000000000000000e+00
5.937500000000000e-01 2.187500000000000e-01 0.000000000000000e+00
5.937500000000000e-01 2.500000000000000e-01 0.000000000000000e+00
5.625000000000000e-01 2.500000000000000e-01 0.000000000000000e+00
5.937500000000000e-01 2.187500000000000e-01 0.000000000000000e+00
6.250000000000000e-01 2.187500000000000e-01 0.000000000000000e+00
6.250000000000000e-01 2.500000000000000e-01 0.000000000000000e+00
5.937500000000000e-01 2.500000000000000e-01 0.000000000000000e+00
6.250000000000000e-01 2.187500000000000e-01 0.000000000000000e+00
6.562500000000000e-01 2.187500000000000e-01 0.000000000000000e+00
6.562500000000000e-01 2.500000000000000e-01 0.000000000000000e+00
6.250000000000000e-01 2.500000000000000e-01 0.000000000000000e+00
6.562500000000000e-01 2.187500000000000e-01 0.000000000000000e+00
6.875000000000000e-01 2.187500000000000e-01 0.000000000000000e+00
6.875000000000000e-01 2.500000000000000e-01 0.000000000000000e+00
6.562500000000000e-01 2.500000000000000e-01 0.000000000000000e+00
6.875000000000000e-01 2.187500000000000e-01 0.000000000000000e+00
7.187500000000000e-01 2.187500000000000e-01 0.000000000000000e+00
7.187500000000000e-01 2.500000000000000e-01 0.000000000000000e+00
6.875000000000000e-01 2.500000000000000e-01 0.000000000000000e+00
7.187500000000000e-01 2.187500000000000e-01 0.000000000000000e+00
7.500000000000000e-01 2.187500000000000e-01 0.000000000000000e+00
7.500000000000000e-01 2.500000000000000e-01 0.000000000000000e+00
7.187500000000000e-01 2.500000000000000e-01 0.000000000000000e+00
7.500000000000000e-01 2.187500000000000e-01 0.000000000000000e+00
7.812500000000000e-01 2.187500000000000e-01 0.000000000000000e+00
7.812500000000000e-01 2.500000000000000e-01 0.000000000000000e+00
7.500000000000000e-01 2.500000000000000e-01 0.000000000000000e+00
7.812500000000000e-01 2.187500000000000e-01 0.000000000000000e+00
8.125000000000000e-01 2.187500000000000e-01 0.000000000000000e+00
8.125000000000000e-01 2.500000000000000e-01 0.000000000000000e+00
7.812500000000000e-01 2.500000000000000e-01 0.000000000000000e+00
8.125000000000000e-01 2.187500000000000e-01 0.000000000000000e+00
8.437500000000000e-01 2.187500000000000e-01 0.000000000000000e+00
8.437500000000000e-01 2.500000000000000e-01 0.000000000000000e+00
8.125000000000000e-01 2.500000000000000e-01 0.000000000000000e+00
8.437500000000000e-01 2.187500000000000e-01 0.000000000000000e+00
8.750000000000000e-01 2.187500000000000e-01 0.000000000000000e+00
8.750000000000000e-01 2.500000000000000e-01 0.000000000000000e+00
8.437500000000000e-01 2.500000000000000e-01 0.000000000000000e+00
8.750000000000000e-01 2.187500000000000e-01 0.000000000000000e+00
9.062500000000000e-01 2.187500000000000e-01 0.000000000000000e+00
9.062500000000000e-01 2.500000000000000e-01 0.000000000000000e+00
8.750000000000000e-01 2.500000000000000e-01 0.000000000000000e+00
9.062500000000000e-01 2.187500000000000e-01 0.000000000000000e+00
9.375000000000000e-01 2.187500000000000e-01 0.000000000000000e+00
9.375000000000000e-01 2.500000000000000e-01 0.000000000000000e+00
9.062500000000000e-01 2.500000000000000e-01 0.000000000000000e+00
9.375000000000000e-01 2.187500000000000e-01 0.000000000000000e+00
9.687500000000000e-01 2.187500000000000e-01 0.000000000000000e+00
9.687500000000000e-01 2.500000000000000e-01 0.000000000000000e+00
9.375000000000000e-01 2.500000000000000e-01 0.000000000000000e+00
9.687500000000000e-01 2.187500000000000e-01 0.000000000000000e+00
1.000000000000000e+00 2.187500000000000e-01 0.000000000000000e+00
1.000000000000000e+00 2.500000000000000e-01 0.000000000000000e+00
9.687500000000000e-01 2.500000000000000e-01 0.000000000000000e+00
0.000000000000000e+00 2.500000000000000e-01 0.000000000000000e+00
3.125000000000000e-02 2.500000000000000e-01 0.000000000000000e+00
3.125000000000000e-02 2.812500000000000e-01 0.000000000000000e+00
0.000000000000000e+00 2.812500000000000e-01 0.000000000000000e+00
3.125000000000000e-02 2.500000000000000e-01 0.000000000000000e+00
6.250000000000000e-02 2.500000000000000e-01 0.000000000000000e+00
6.250000000000000e-02 2.812500000000000e-01 0.000000000000000e+00
3.125000000000000e-02 2.812500000000000e-01 0.000000000000000e+00
6.250000000000000e-02 2.500000000000000e-01 0.000000000000000e+00
9.375000000000000e-02 2.500000000000000e-01 0.000000000000000e+00
9.375000000000000e-02 2.812500000000000e-01 0.000000000000000e+00
6.250000000000000e-02 2.812500000000000e-01 0.000000000000000e+00
9.375000000000000e-02 2.500000000000000e-01 0.000000000000000e+00
1.250000000000000e-01 2.500000000000000e-01 0.000000000000000e+00
1.250000000000000e-01 2.812500000000000e-01 0.000000000000000e+00
9.375000000000000e-02 2.812500000000000e-01 0.000000000000000e+00
1.250000000000000e-01 2.500000000000000e-01 0.000000000000000e+00
1.562500000000000e-01 2.500000000000000e-01 0.000000000000000e+00
1.562500000000000e-01 2.812500000000000e-01 0.000000000000000e+00
1.250000000000000e-01 2.812500000000000e-01 0.000000000000000e+00
1.562500000000000e-01 2.500000000000000e-01 0.000000000000000e+00
1.875000000000000e-01 2.500000000000000e-01 0.000000000000000e+00
1.875000000000000e-01 2.812500000000000e-01 0.000000000000000e+00
1.562500000000000e-01 2.812500000000000e-01 0.000000000000000e+00
1.875000000000000e-01 2.500000000000000e-01 0.000000000000000e+00
2.187500000000000e-01 2.500000000000000e-01 0.000000000000000e+00
2.187500000000000e-01 2.812500000000000e-01 0.000000000000000e+00
1.875000000000000e-01 2.812500000000000e-01 0.000000000000000e+00
2.187500000000000e-01 2.500000000000000e-01 0.000000000000000e+00
2.500000000000000e-01 2.500000000000000e-01 0.000000000000000e+00
2.500000000000000e-01 2.812500000000000e-01 0.000000000000000e+00
2.187500000000000e-01 2.812500000000000e-01 0.000000000000000e+00
2.500000000000000e-01 2.500000000000000e-01 0.000000000000000e+00
2.812500000000000e-01 2.500000000000000e-01 0.000000000000000e+00
2.812500000000000e-01 2.812500000000000e-01 0.000000000000000e+00
2.500000000000000e-01 2.812500000000000e-01 0.000000000000000e+00
2.812500000000000e-01 2.500000000000000e-01 0.000000000000000e+00
3.125000000000000e-01 2.500000000000000e-01 0.000000000000000e+00
3.125000000000000e-01 2.812500000000000e-01 0.000000000000000e+00
2.812500000000000e-01 2.812500000000000e-01 0.000000000000000e+00
3.125000000000000e-01 2.500000000000000e-01 0.000000000000000e+00
3.437500000000000e-01 2.500000000000000e-01 0.000000000000000e+00
3.437500000000000e-01 2.812500000000000e-01 0.000000000000000e+00
3.125000000000000e-01 2.812500000000000e-01 0.000000000000000e+00
3.437500000000000e-01 2.500000000000000e-01 0.000000000000000e+00
3.750000000000000e-01 2.500000000000000e-01 0.000000000000000e+00
3.750000000000000e-01 2.812500000000000e-01 0.000000000000000e+00
3.437500000000000e-01 2.812500000000000e-01 0.000000000000000e+00
3.750000000000000e-01 2.500000000000000e-01 0.000000000000000e+00
4.062500000000000e-01 2.500000000000000e-01 0.000000000000000e+00
4.062500000000000e-01 2.812500000000000e-01 0.000000000000000e+00
3.750000000000000e-01 2.812500000000000e-01 0.000000000000000e+00
4.062500000000000e-01 2.500000000000000e-01 0.000000000000000e+00
4.375000000000000e-01 2.500000000000000e-01 0.000000000000000e+00
4.375000000000000e-01 2.812500000000000e-01 0.000000000000000e+00
4.062500000000000e-01 2.812500000000000e-01 0.000000000000000e+00
4.375000000000000e-01 2.500000000000000e-01 0.000000000000000e+00
4.687500000000000e-01 2.500000000000000e-01 0.000000000000000e+00
4.687500000000000e-01 2.812500000000000e-01 0.000000000000000e+00
4.375000000000000e-01 2.812500000000000e-01 0.000000000000000e+00
4.687500000000000e-01 2.500000000000000e-01 0.000000000000000e+00
5.000000000000000e-01 2.500000000000000e-01 0.000000000000000e+00
5.000000000000000e-01 2.812500000000000e-01 0.000000000000000e+00
4.687500000000000e-01 2.812500000000000e-01 0.000000000000000e+00
5.000000000000000e-01 2.500000000000000e-01 0.000000000000000e+00
5.312500000000000e-01 2.500000000000000e-01 0.000000000000000e+00
5.312500000000000e-01 2.812500000000000e-01 0.000000000000000e+00
5.000000000000000e-01 2.812500000000000e-01 0.000000000000000e+00
5.312500000000000e-01 2.500000000000000e-01 0.000000000000000e+00
5.625000000000000e-01 2.500000000000000e-01 0.000000000000000e+00
5.625000000000000e-01 2.812500000000000e-01 0.000000000000000e+00
5.312500000000000e-01 2.812500000000000e-01 0.000000000000000e+00
5.625000000000000e-01 2.500000000000000e-01 0.000000000000000e+00
5.937500000000000e-01 2.500000000000000e-01 0.000000000000000e+00
5.937500000000000e-01 2.812500000000000e-01 0.000000000000000e+00
5.625000000000000e-01 2.812500000000000e-01 0.000000000000000e+00
5.937500000000000e-01 2.500000000000000e-01 0.000000000000000e+00
6.250000000000000e-01 2.500000000000000e-01 0.000000000000000e+00
6.250000000000000e-01 2.812500000000000e-01 0.000000000000000e+00
5.937500000000000e-01 2.812500000000000e-01 0.000000000000000e+00
6.250000000000000e-01 2.500000000000000e-01 0.000000000000000e+00
6.562500000000000e-01 2.500000000000000e-01 0.000000000000000e+00
6.562500000000000e-01 2.812500000000000e-01 0.000000000000000e+00
6.250000000000000e-01 2.812500000000000e-01 0.000000000000000e+00
6.562500000000000e-01 2.500000000000000e-01 0.000000000000000e+00
6.875000000000000e-01 2.500000000000000e-01 0.000000000000000e+00
6.875000000000000e-01 2.812500000000000e-01 0.000000000000000e+00
6.562500000000000e-01 2.812500000000000e-01 0.000000000000000e+00
6.875000000000000e-01 2.500000000000000e-01 0.000000000000000e+00
7.187500000000000e-01 2.500000000000000e-01 0.000000000000000e+00
7.187500000000000e-01 2.812500000000000e-01 0.000000000000000e+00
6.875000000000000e-01 2.812500000000000e-01 0.000000000000000e+00
7.187500000000000e-01 2.500000000000000e-01 0.000000000000000e+00
7.500000000000000e-01 2.500000000000000e-01 0.000000000000000e+00
7.500000000000000e-01 2.812500000000000e-01 0.000000000000000e+00
7.187500000000000e-01 2.812500000000000e-01 0.000000000000000e+00
7.500000000000000e-01 2.500000000000000e-01 0.000000000000000e+00
7.812500000000000e-01 2.500000000000000e-01 0.000000000000000e+00
7.812500000000000e-01 2.812500000000000e-01 0.000000000000000e+00
7.500000000000000e-01 2.812500000000000e-01 0.000000000000000e+00
7.812500000000000e-01 2.500000000000000e-01 0.000000000000000e+00
8.125000000000000e-01 2.500000000000000e-01 0.000000000000000e+00
8.125000000000000e-01 2.812500000000000e-01 0.000000000000000e+00
7.812500000000000e-01 2.812500000000000e-01 0.000000000000000e+00
8.125000000000000e-01 2.500000000000000e-01 0.000000000000000e+00
8.437500000000000e-01 2.500000000000000e-01 0.000000000000000e+00
8.437500000000000e-01 2.812500000000000e-01 0.000000000000000e+00
8.125000000000000e-01 2.812500000000000e-01 0.000000000000000e+00
8.437500000000000e-01 2.500000000000000e-01 0.000000000000000e+00
8.750000000000000e-01 2.500000000000000e-01 0.000000000000000e+00
8.750000000000000e-01 2.812500000000000e-01 0.000000000000000e+00
8.437500000000000e-01 2.812500000000000e-01 0.000000000000000e+00
8.750000000000000e-01 2.500000000000000e-01 0.000000000000000e+00
9.062500000000000e-01 2.500000000000000e-01 0.000000000000000e+00
9.062500000000000e-01 2.812500000000000e-01 0.000000000000000e+00
8.750000000000000e-01 2.812500000000000e-01 0.000000000000000e+00
9.062500000000000e-01 2.500000000000000e-01 0.000000000000000e+00
9.375000000000000e-01 2.500000000000000e-01 0.000000000000000e+00
9.375000000000000e-01 2.812500000000000e-01 0.000000000000000e+00
9.062500000000000e-01 2.812500000000000e-01 0.000000000000000e+00
9.375000000000000e-01 2.500000000000000e-01 0.000000000000000e+00
9.687500000000000e-01 2.500000000000000e-01 0.000000000000000e+00
9.687500000000000e-01 2.812500000000000e-01 0.000000000000000e+00
9.375000000000000e-01 2.812500000000000e-01 0.000000000000000e+00
9.687500000000000e-01 2.500000000000000e-01 0.000000000000000e+00
1.000000000000000e+00 2.500000000000000e-01 0.000000000000000e+00
1.000000000000000e+00 2.812500000000000e-01 0.000000000000000e+00
9.687500000000000e-01 2.812500000000000e-01 0.000000000000000e+00
0.000000000000000e+00 2.812500000000000e-01 0.000000000000000e+00
3.125000000000000e-02 2.812500000000000e-01 0.000000000000000e+00
3.125000000000000e-02 3.125000000000000e-01 0.000000000000000e+00
0.000000000000000e+00 3.125000000000000e-01 0.000000000000000e+00
3.125000000000000e-02 2.812500000000000e-01 0.000000000000000e+00
6.250000000000000e-02 2.812500000000000e-01 0.000000000000000e+00
6.250000000000000e-02 3.125000000000000e-01 0.000000000000000e+00
3.125000000000000e-02 3.125000000000000e-01 0.000000000000000e+00
6.250000000000000e-02 2.812500000000000e-01 0.000000000000000e+00
9.375000000000000e-02 2.812500000000000e-01 0.000000000000000e+00
9.375000000000000e-02 3.125000000000000e-01 0.000000000000000e+00
6.250000000000000e-02 3.125000000000000e-01 0.000000000000000e+00
9.375000000000000e-02 2.812500000000000e-01 0.000000000000000e+00
1.250000000000000e-01 2.812500000000000e-01 0.000000000000000e+00
1.250000000000000e-01 3.125000000000000e-01 0.000000000000000e+00
9.375000000000000e-02 3.125000000000000e-01 0.000000000000000e+00
1.250000000000000e-01 2.812500000000000e-01 0.000000000000000e+00
1.562500000000000e-01 2.812500000000000e-01 0.000000000000000e+00
1.562500000000000e-01 3.125000000000000e-01 0.000000000000000e+00
1.250000000000000e-01 3.125000000000000e-01 0.000000000000000e+00
1.562500000000000e-01 2.812500000000000e-01 0.000000000000000e+00
1.875000000000000e-01 2.812500000000000e-01 0.000000000000000e+00
1.875000000000000e-01 3.125000000000000e-01 0.000000000000000e+00
1.562500000000000e-01 3.125000000000000e-01 0.000000000000000e+00
1.875000000000000e-01 2.812500000000000e-01 0.000000000000000e+00
2.187500000000000e-01 2.812500000000000e-01 0.000000000000000e+00
2.187500000000000e-01 3.125000000000000e-01 0.000000000000000e+00
1.875000000000000e-01 3.125000000000000e-01 0.000000000000000e+00
2.187500000000000e-01 2.812500000000000e-01 0.000000000000000e+00
2.500000000000000e-01 2.812500000000000e-01 0.000000000000000e+00
2.500000000000000e-01 3.125000000000000e-01 0.000000000000000e+00
2.187500000000000e-01 3.125000000000000e-01 0.000000000000000e+00
2.500000000000000e-01 2.812500000000000e-01 0.000000000000000e+00
2.812500000000000e-01 2.812500000000000e-01 0.000000000000000e+00
2.812500000000000e-01 3.125000000000000e-01 0.000000000000000e+00
2.500000000000000e-01 3.125000000000000e-01 0.000000000000000e+00
2.812500000000000e-01 2.812500000000000e-01 0.000000000000000e+00
3.125000000000000e-01 2.812500000000000e-01 0.000000000000000e+00
3.125000000000000e-01 3.125000000000000e-01 0.000000000000000e+00
2.812500000000000e-01 3.125000000000000e-01 0.000000000000000e+00
3.125000000000000e-01 2.812500000000000e-01 0.000000000000000e+00
3.437500000000000e-01 2.812500000000000e-01 0.000000000000000e+00
3.437500000000000e-01 3.125000000000000e-01 0.000000000000000e+00
3.125000000000000e-01 3.125000000000000e-01 0.000000000000000e+00
3.437500000000000e-01 2.812500000000000e-01 0.000000000000000e+00
3.750000000000000e-01 2.812500000000000e-01 0.000000000000000e+00
3.750000000000000e-01 3.125000000000000e-01 0.000000000000000e+00
3.437500000000000e-01 3.125000000000000e-01 0.000000000000000e+00
3.750000000000000e-01 2.812500000000000e-01 0.000000000000000e+00
4.062500000000000e-01 2.812500000000000e-01 0.000000000000000e+00
4.062500000000000e-01 3.125000000000000e-01 0.000000000000000e+00
3.750000000000000e-01 3.125000000000000e-01 0.000000000000000e+00
4.062500000000000e-01 2.812500000000000e-01 0.000000000000000e+00
4.375000000000000e-01 2.812500000000000e-01 0.000000000000000e+00
4.375000000000000e-01 3.125000000000000e-01 0.000000000000000e+00
4.062500000000000e-01 3.125000000000000e-01 0.000000000000000e+00
4.375000000000000e-01 2.812500000000000e-01 0.000000000000000e+00
4.687500000000000e-01 2.812500000000000e-01 0.000000000000000e+00
4.687500000000000e-01 3.125000000000000e-01 0.000000000000000e+00
4.375000000000000e-01 3.125000000000000e-01 0.000000000000000e+00
4.687500000000000e-01 2.812500000000000e-01 0.000000000000000e+00
5.000000000000000e-01 2.812500000000000e-01 0.000000000000000e+00
5.000000000000000e-01 3.125000000000000e-01 0.000000000000000e+00
4.687500000000000e-01 3.125000000000000e-01 0.000000000000000e+00
5.000000000000000e-01 2.812500000000000e-01 0.000000000000000e+00
5.312500000000000e-01 2.812500000000000e-01 0.000000000000000e+00
5.312500000000000e-01 3.125000000000000e-01 0.000000000000000e+00
5.000000000000000e-01 3.125000000000000e-01 0.000000000000000e+00
5.312500000000000e-01 2.812500000000000e-01 0.000000000000000e+00
5.625000000000000e-01 2.812500000000000e-01 0.000000000000000e+00
5.625000000000000e-01 3.125000000000000e-01 0.000000000000000e+00
5.312500000000000e-01 3.125000000000000e-01 0.000000000000000e+00
5.625000000000000e-01 2.812500000000000e-01 0.000000000000000e+00
5.937500000000000e-01 2.812500000000000e-01 0.000000000000000e+00
5.937500000000000e-01 3.125000000000000e-01 0.000000000000000e+00
5.625000000000000e-01 3.125000000000000e-01 0.000000000000000e+00
5.937500000000000e-01 2.812500000000000e-01 0.000000000000000e+00
6.250000000000000e-01 2.812500000000000e-01 0.000000000000000e+00
6.250000000000000e-01 3.125000000000000e-01 0.000000000000000e+00
5.937500000000000e-01 3.125000000000000e-01 0.000000000000000e+00
6.250000000000000e-01 2.812500000000000e-01 0.000000000000000e+00
6.562500000000000e-01 2.812500000000000e-01 0.000000000000000e+00
6.562500000000000e-01 3.125000000000000e-01 0.000000000000000e+00
6.250000000000000e-01 3.125000000000000e-01 0.000000000000000e+00
6.562500000000000e-01 2.812500000000000e-01 0.000000000000000e+00
6.875000000000000e-01 2.812500000000000e-01 0.000000000000000e+00
6.875000000000000e-01 3.125000000000000e-01 0.000000000000000e+00
6.562500000000000e-01 3.125000000000000e-01 0.000000000000000e+00
6.875000000000000e-01 2.812500000000000e-01 0.000000000000000e+00
7.187500000000000e-01 2.812500000000000e-01 0.000000000000000e+00
7.187500000000000e-01 3.125000000000000e-01 0.000000000000000e+00
6.875000000000000e-01 3.125000000000000e-01 0.000000000000000e+00
7.187500000000000e-01 2.812500000000000e-01 0.000000000000000e+00
7.500000000000000e-01 2.812500000000000e-01 0.000000000000000e+00
7.500000000000000e-01 3.125000000000000e-01 0.000000000000000e+00
7.187500000000000e-01 3.125000000000000e-01 0.000000000000000e+00
7.500000000000000e-01 2.812500000000000e-01 0.000000000000000e+00
7.812500000000000e-01 2.812500000000000e-01 0.000000000000000e+00
7.812500000000000e-01 3.125000000000000e-01 0.000000000000000e+00
7.500000000000000e-01 3.125000000000000e-01 0.000000000000000e+00
7.812500000000000e-01 2.812500000000000e-01 0.000000000000000e+00
8.125000000000000e-01 2.812500000000000e-01 0.000000000000000e+00
8.125000000000000e-01 3.125000000000000e-01 0.000000000000000e+00
7.812500000000000e-01 3.125000000000000e-01 0.000000000000000e+00
8.125000000000000e-01 2.812500000000000e-01 0.000000000000000e+00
8.437500000000000e-01 2.812500000000000e-01 0.000000000000000e+00
8.437500000000000e-01 3.125000000000000e-01 0.000000000000000e+00
8.125000000000000e-01 3.125000000000000e-01 0.000000000000000e+00
8.437500000000000e-01 2.812500000000000e-01 0.000000000000000e+00
8.750000000000000e-01 2.812500000000000e-01 0.000000000000000e+00
8.750000000000000e-01 3.125000000000000e-01 0.000000000000000e+00
8.437500000000000e-01 3.125000000000000e-01 0.000000000000000e+00
8.750000000000000e-01 2.812500000000000e-01 0.000000000000000e+00
9.062500000000000e-01 2.812500000000000e-01 0.000000000000000e+00
9.062500000000000e-01 3.125000000000000e-01 0.000000000000000e+00
8.750000000000000e-01 3.125000000000000e-01 0.000000000000000e+00
9.062500000000000e-01 2.812500000000000e-01 0.000000000000000e+00
9.375000000000000e-01 2.812500000000000e-01 0.000000000000000e+00
9.375000000000000e-01 3.125000000000000e-01 0.000000000000000e+00
9.062500000000000e-01 3.125000000000000e-01 0.000000000000000e+00
9.375000000000000e-01 2.812500000000000e-01 0.000000000000000e+00
9.687500000000000e-01 2.812500000000000e-01 0.000000000000000e+00
9.687500000000000e-01 3.125000000000000e-01 0.000000000000000e+00
9.375000000000000e-01 3.125000000000000e-01 0.000000000000000e+00
9.687500000000000e-01 2.812500000000000e-01 0.000000000000000e+00
1.000000000000000e+00 2.812500000000000e-01 0.000000000000000e+00
1.000000000000000e+00 3.125000000000000e-01 0.000000000000000e+00
9.687500000000000e-01 3.125000000000000e-01 0.000000000000000e+00
0.000000000000000e+00 3.125000000000000e-01 0.000000000000000e+00
3.125000000000000e-02 3.125000000000000e-01 0.000000000000000e+00
3.125000000000000e-02 3.437500000000000e-01 0.000000000000000e+00
0.000000000000000e+00 3.437500000000000e-01 0.000000000000000e+00
3.125000000000000e-02 3.125000000000000e-01 0.000000000000000e+00
6.250000000000000e-02 3.125000000000000e-01 0.000000000000000e+00
6.250000000000000e-02 3.437500000000000e-01 0.000000000000000e+00
3.125000000000000e-02 3.437500000000000e-01 0.000000000000000e+00
6.250000000000000e-02 3.125000000000000e-01 0.000000000000000e+00
9.375000000000000e-02 3.125000000000000e-01 0.000000000000000e+00
9.375000000000000e-02 3.437500000000000e-01 0.000000000000000e+00
6.250000000000000e-02 3.437500000000000e-01 0.000000000000000e+00
9.375000000000000e-02 3.125000000000000e-01 0.000000000000000e+00
1.250000000000000e-01 3.125000000000000e-01 0.000000000000000e+00
1.250000000000000e-01 3.437500000000000e-01 0.000000000000000e+00
9.375000000000000e-02 3.437500000000000e-01 0.000000000000000e+00
1.250000000000000e-01 3.125000000000000e-01 0.000000000000000e+00
1.562500000000000e-01 3.125000000000000e-01 0.000000000000000e+00
1.562500000000000e-01 3.437500000000000e-01 0.000000000000000e+00
1.250000000000000e-01 3.437500000000000e-01 0.000000000000000e+00
1.562500000000000e-01 3.125000000000000e-01 0.000000000000000e+00
1.875000000000000e-01 3.125000000000000e-01 0.000000000000000e+00
1.875000000000000e-01 3.437500000000000e-01 0.000000000000000e+00
1.562500000000000e-01 3.437500000000000e-01 0.000000000000000e+00
1.875000000000000e-01 3.125000000000000e-01 0.000000000000000e+00
2.187500000000000e-01 3.125000000000000e-01 0.000000000000000e+00
2.187500000000000e-01 3.437500000000000e-01 0.000000000000000e+00
1.875000000000000e-01 3.437500000000000e-01 0.000000000000000e+00
2.187500000000000e-01 3.125000000000000e-01 0.000000000000000e+00
2.500000000000000e-01 3.125000000000000e-01 0.000000000000000e+00
2.500000000000000e-01 3.437500000000000e-01 0.000000000000000e+00
2.187500000000000e-01 3.437500000000000e-01 0.000000000000000e+00
2.500000000000000e-01 3.125000000000000e-01 0.000000000000000e+00
2.812500000000000e-01 3.125000000000000e-01 0.000000000000000e+00
2.812500000000000e-01 3.437500000000000e-01 0.000000000000000e+00
2.500000000000000e-01 3.437500000000000e-01 0.000000000000000e+00
2.812500000000000e-01 3.125000000000000e-01 0.000000000000000e+00
3.125000000000000e-01 3.125000000000000e-01 0.000000000000000e+00
3.125000000000000e-01 3.437500000000000e-01 0.000000000000000e+00
2.812500000000000e-01 3.437500000000000e-01 0.000000000000000e+00
3.125000000000000e-01 3.125000000000000e-01 0.000000000000000e+00
3.437500000000000e-01 3.125000000000000e-01 0.000000000000000e+00
3.437500000000000e-01 3.437500000000000e-01 0.000000000000000e+00
3.125000000000000e-01 3.437500000000000e-01 0.000000000000000e+00
3.437500000000000e-01 3.125000000000000e-01 0.000000000000000e+00
3.750000000000000e-01 3.125000000000000e-01 0.000000000000000e+00
3.750000000000000e-01 3.437500000000000e-01 0.000000000000000e+00
3.437500000000000e-01 3.437500000000000e-01 0.000000000000000e+00
3.750000000000000e-01 3.125000000000000e-01 0.000000000000000e+00
4.062500000000000e-01 3.125000000000000e-01 0.000000000000000e+00
4.062500000000000e-01 3.437500000000000e-01 0.000000000000000e+00
3.750000000000000e-01 3.437500000000000e-01 0.000000000000000e+00
4.062500000000000e-01 3.125000000000000e-01 0.000000000000000e+00
4.375000000000000e-01 3.125000000000000e-01 0.000000000000000e+00
4.375000000000000e-01 3.437500000000000e-01 0.000000000000000e+00
4.062500000000000e-01 3.437500000000000e-01 0.000000000000000e+00
4.375000000000000e-01 3.125000000000000e-01 0.000000000000000e+00
4.687500000000000e-01 3.125000000000000e-01 0.000000000000000e+00
4.687500000000000e-01 3.437500000000000e-01 0.000000000000000e+00
4.375000000000000e-01 3.437500000000000e-01 0.000000000000000e+00
4.687500000000000e-01 3.125000000000000e-01 0.000000000000000e+00
5.000000000000000e-01 3.125000000000000e-01 0.000000000000000e+00
5.000000000000000e-01 3.437500000000000e-01 0.000000000000000e+00
4.687500000000000e-01 3.437500000000000e-01 0.000000000000000e+00
5.000000000000000e-01 3.125000000000000e-01 0.000000000000000e+00
5.312500000000000e-01 3.125000000000000e-01 0.000000000000000e+00
5.312500000000000e-01 3.437500000000000e-01 0.000000000000000e+00
5.000000000000000e-01 3.437500000000000e-01 0.000000000000000e+00
5.312500000000000e-01 3.125000000000000e-01 0.000000000000000e+00
5.625000000000000e-01 3.125000000000000e-01 0.000000000000000e+00
5.625000000000000e-01 3.437500000000000e-01 0.000000000000000e+00
5.312500000000000e-01 3.437500000000000e-01 0.000000000000000e+00
5.625000000000000e-01 3.125000000000000e-01 0.000000000000000e+00
5.937500000000000e-01 3.125000000000000e-01 0.000000000000000e+00
5.937500000000000e-01 3.437500000000000e-01 0.000000000000000e+00
5.625000000000000e-01 3.437500000000000e-01 0.000000000000000e+00
5.937500000000000e-01 3.125000000000000e-01 0.000000000000000e+00
6.250000000000000e-01 3.125000000000000e-01 0.000000000000000e+00
6.250000000000000e-01 3.437500000000000e-01 0.000000000000000e+00
5.937500000000000e-01 3.437500000000000e-01 0.000000000000000e+00
6.250000000000000e-01 3.125000000000000e-01 0.000000000000000e+00
6.562500000000000e-01 3.125000000000000e-01 0.000000000000000e+00
6.562500000000000e-01 3.437500000000000e-01 0.000000000000000e+00
6.250000000000000e-01 3.437500000000000e-01 0.000000000000000e+00
6.562500000000000e-01 3.125000000000000e-01 0.000000000000000e+00
6.875000000000000e-01 3.125000000000000e-01 0.000000000000000e+00
6.875000000000000e-01 3.437500000000000e-01 0.000000000000000e+00
6.562500000000000e-01 3.437500000000000e-01 0.000000000000000e+00
6.875000000000000e-01 3.125000000000000e-01 0.000000000000000e+00
7.187500000000000e-01 3.125000000000000e-01 0.000000000000000e+00
7.187500000000000e-01 3.437500000000000e-01 0.000000000000000e+00
6.875000000000000e-01 3.437500000000000e-01 0.000000000000000e+00
7.187500000000000e-01 3.125000000000000e-01 0.000000000000000e+00
7.500000000000000e-01 3.125000000000000e-01 0.000000000000000e+00
7.500000000000000e-01 3.437500000000000e-01 0.000000000000000e+00
7.187500000000000e-01 3.437500000000000e-01 0.000000000000000e+00
7.500000000000000e-01 3.125000000000000e-01 0.000000000000000e+00
7.812500000000000e-01 3.125000000000000e-01 0.000000000000000e+00
7.812500000000000e-01 3.437500000000000e-01 0.000000000000000e+00
7.500000000000000e-01 3.437500000000000e-01 0.000000000000000e+00
7.812500000000000e-01 3.125000000000000e-01 0.000000000000000e+00
8.125000000000000e-01 3.125000000000000e-01 0.000000000000000e+00
8.125000000000000e-01 3.437500000000000e-01 0.000000000000000e+00
7.812500000000000e-01 3.437500000000000e-01 0.000000000000000e+00
8.125000000000000e-01 3.125000000000000e-01 0.000000000000000e+00
8.437500000000000e-01 3.125000000000000e-01 0.000000000000000e+00
8.437500000000000e-01 3.437500000000000e-01 0.000000000000000e+00
8.125000000000000e-01 3.437500000000000e-01 0.000000000000000e+00
8.437500000000000e-01 3.125000000000000e-01 0.000000000000000e+00
8.750000000000000e-01 3.125000000000000e-01 0.000000000000000e+00
8.750000000000000e-01 3.437500000000000e-01 0.000000000000000e+00
8.437500000000000e-01 3.437500000000000e-01 0.000000000000000e+00
8.750000000000000e-01 3.125000000000000e-01 0.000000000000000e+00
9.062500000000000e-01 3.125000000000000e-01 0.000000000000000e+00
9.062500000000000e-01 3.437500000000000e-01 0.000000000000000e+00
8.750000000000000e-01 3.437500000000000e-01 0.000000000000000e+00
9.062500000000000e-01 3.125000000000000e-01 0.000000000000000e+00
9.375000000000000e-01 3.125000000000000e-01 0.000000000000000e+00
9.375000000000000e-01 3.437500000000000e-01 0.000000000000000e+00
9.062500000000000e-01 3.437500000000000e-01 0.000000000000000e+00
9.375000000000000e-01 3.125000000000000e-01 0.000000000000000e+00
9.687500000000000e-01 3.125000000000000e-01 0.000000000000000e+00
9.687500000000000e-01 3.437500000000000e-01 0.000000000000000e+00
9.375000000000000e-01 3.437500000000000e-01 0.000000000000000e+00
9.687500000000000e-01 3.125000000000000e-01 0.000000000000000e+00
1.000000000000000e+00 3.125000000000000e-01 0.000000000000000e+00
1.000000000000000e+00 3.437500000000000e-01 0.000000000000000e+00
9.687500000000000e-01 3.437500000000000e-01 0.000000000000000e+00
0.000000000000000e+00 3.437500000000000e-01 0.000000000000000e+00
3.125000000000000e-02 3.437500000000000e-01 0.000000000000000e+00
3.125000000000000e-02 3.750000000000000e-01 0.000000000000000e+00
0.000000000000000e+00 3.750000000000000e-01 0.000000000000000e+00
3.125000000000000e-02 3.437500000000000e-01 0.000000000000000e+00
6.250000000000000e-02 3.437500000000000e-01 0.000000000000000e+00
6.250000000000000e-02 3.750000000000000e-01 0.000000000000000e+00
3.125000000000000e-02 3.750000000000000e-01 0.000000000000000e+00
6.250000000000000e-02 3.437500000000000e-01 0.000000000000000e+00
9.375000000000000e-02 3.437500000000000e-01 0.000000000000000e+00
9.375000000000000e-02 3.750000000000000e-01 0.000000000000000e+00
6.250000000000000e-02 3.750000000000000e-01 0.000000000000000e+00
9.375000000000000e-02 3.437500000000000e-01 0.000000000000000e+00
1.250000000000000e-01 3.437500000000000e-01 0.000000000000000e+00
1.250000000000000e-01 3.750000000000000e-01 0.000000000000000e+00
9.375000000000000e-02 3.750000000000000e-01 0.000000000000000e+00
1.250000000000000e-01 3.437500000000000e-01 0.000000000000000e+00
1.562500000000000e-01 3.437500000000000e-01 0.000000000000000e+00
1.562500000000000e-01 3.750000000000000e-01 0.000000000000000e+00
1.250000000000000e-01 3.750000000000000e-01 0.000000000000000e+00
1.562500000000000e-01 3.437500000000000e-01 0.000000000000000e+00
1.875000000000000e-01 3.437500000000000e-01 0.000000000000000e+00
1.875000000000000e-01 3.750000000000000e-01 0.000000000000000e+00
1.562500000000000e-01 3.750000000000000e-01 0.000000000000000e+00
1.875000000000000e-01 3.437500000000000e-01 0.000000000000000e+00
2.187500000000000e-01 3.437500000000000e-01 0.000000000000000e+00
2.187500000000000e-01 3.750000000000000e-01 0.000000000000000e+00
1.875000000000000e-01 3.750000000000000e-01 0.000000000000000e+00
2.187500000000000e-01 3.437500000000000e-01 0.000000000000000e+00
2.500000000000000e-01 3.437500000000000e-01 0.000000000000000e+00
2.500000000000000e-01 3.750000000000000e-01 0.000000000000000e+00
2.187500000000000e-01 3.750000000000000e-01 0.000000000000000e+00
2.500000000000000e-01 3.437500000000000e-01 0.000000000000000e+00
2.812500000000000e-01 3.437500000000000e-01 0.000000000000000e+00
2.812500000000000e-01 3.750000000000000e-01 0.000000000000000e+00
2.500000000000000e-01 3.750000000000000e-01 0.000000000000000e+00
2.812500000000000e-01 3.437500000000000e-01 0.000000000000000e+00
3.125000000000000e-01 3.437500000000000e-01 0.000000000000000e+00
3.125000000000000e-01 3.750000000000000e-01 0.000000000000000e+00
2.812500000000000e-01 3.750000000000000e-01 0.000000000000000e+00
3.125000000000000e-01 3.437500000000000e-01 0.000000000000000e+00
3.437500000000000e-01 3.437500000000000e-01 0.000000000000000e+00
3.437500000000000e-01 3.750000000000000e-01 0.000000000000000e+00
3.125000000000000e-01 3.750000000000000e-01 0.000000000000000e+00
3.437500000000000e-01 3.437500000000000e-01 0.000000000000000e+00
3.750000000000000e-01 3.437500000000000e-01 0.000000000000000e+00
3.750000000000000e-01 3.750000000000000e-01 0.000000000000000e+00
3.437500000000000e-01 3.750000000000000e-01 0.000000000000000e+00
3.750000000000000e-01 3.437500000000000e-01 0.000000000000000e+00
4.062500000000000e-01 3.437500000000000e-01 0.000000000000000e+00
4.062500000000000e-01 3.750000000000000e-01 0.000000000000000e+00
3.750000000000000e-01 3.750000000000000e-01 0.000000000000000e+00
4.062500000000000e-01 3.437500000000000e-01 0.000000000000000e+00
4.375000000000000e-01 3.437500000000000e-01 0.000000000000000e+00
4.375000000000000e-01 3.750000000000000e-01 0.000000000000000e+00
4.062500000000000e-01 3.750000000000000e-01 0.000000000000000e+00
4.375000000000000e-01 3.437500000000000e-01 0.000000000000000e+00
4.687500000000000e-01 3.437500000000000e-01 0.000000000000000e+00
4.687500000000000e-01 3.750000000000000e-01 0.000000000000000e+00
4.375000000000000e-01 3.750000000000000e-01 0.000000000000000e+00
4.687500000000000e-01 3.437500000000000e-01 0.000000000000000e+00
5.000000000000000e-01 3.437500000000000e-01 0.000000000000000e+00
5.000000000000000e-01 3.750000000000000e-01 0.000000000000000e+00
4.687500000000000e-01 3.750000000000000e-01 0.000000000000000e+00
5.000000000000000e-01 3.437500000000000e-01 0.000000000000000e+00
5.312500000000000e-01 3.437500000000000e-01 0.000000000000000e+00
5.312500000000000e-01 3.750000000000000e-01 0.000000000000000e+00
5.000000000000000e-01 3.750000000000000e-01 0.000000000000000e+00
5.312500000000000e-01 3.437500000000000e-01 0.000000000000000e+00
5.625000000000000e-01 3.437500000000000e-01 0.000000000000000e+00
5.625000000000000e-01 3.750000000000000e-01 0.000000000000000e+00
5.312500000000000e-01 3.750000000000000e-01 0.000000000000000e+00
5.625000000000000e-01 3.437500000000000e-01 0.000000000000000e+00
5.937500000000000e-01 3.437500000000000e-01 0.000000000000000e+00
5.937500000000000e-01 3.750000000000000e-01 0.000000000000000e+00
5.625000000000000e-01 3.750000000000000e-01 0.000000000000000e+00
5.937500000000000e-01 3.437500000000000e-01 0.000000000000000e+00
6.250000000000000e-01 3.437500000000000e-01 0.000000000000000e+00
6.250000000000000e-01 3.750000000000000e-01 0.000000000000000e+00
5.937500000000000e-01 3.750000000000000e-01 0.000000000000000e+00
6.250000000000000e-01 3.437500000000000e-01 0.000000000000000e+00
6.562500000000000e-01 3.437500000000000e-01 0.000000000000000e+00
6.562500000000000e-01 3.750000000000000e-01 0.000000000000000e+00
6.250000000000000e-01 3.750000000000000e-01 0.000000000000000e+00
6.562500000000000e-01 3.437500000000000e-01 0.000000000000000e+00
6.875000000000000e-01 3.437500000000000e-01 0.000000000000000e+00
6.875000000000000e-01 3.750000000000000e-01 0.000000000000000e+00
6.562500000000000e-01 3.750000000000000e-01 0.000000000000000e+00
6.875000000000000e-01 3.437500000000000e-01 0.000000000000000e+00
7.187500000000000e-01 3.437500000000000e-01 0.000000000000000e+00
7.187500000000000e-01 3.750000000000000e-01 0.000000000000000e+00
6.875000000000000e-01 3.750000000000000e-01 0.000000000000000e+00
7.187500000000000e-01 3.437500000000000e-01 0.000000000000000e+00
7.500000000000000e-01 3.437500000000000e-01 0.000000000000000e+00
7.500000000000000e-01 3.750000000000000e-01 0.000000000000000e+00
7.187500000000000e-01 3.750000000000000e-01 0.000000000000000e+00
7.500000000000000e-01 3.437500000000000e-01 0.000000000000000e+00
7.812500000000000e-01 3.437500000000000e-01 0.000000000000000e+00
7.812500000000000e-01 3.750000000000000e-01 0.000000000000000e+00
7.500000000000000e-01 3.750000000000000e-01 0.000000000000000e+00
7.812500000000000e-01 3.437500000000000e-01 0.000000000000000e+00
8.125000000000000e-01 3.437500000000000e-01 0.000000000000000e+00
8.125000000000000e-01 3.750000000000000e-01 0.000000000000000e+00
7.812500000000000e-01 3.750000000000000e-01 0.000000000000000e+00
8.125000000000000e-01 3.437500000000000e-01 0.000000000000000e+00
8.437500000000000e-01 3.437500000000000e-01 0.000000000000000e+00
8.437500000000000e-01 3.750000000000000e-01 0.000000000000000e+00
8.125000000000000e-01 3.750000000000000e-01 0.000000000000000e+00
8.437500000000000e-01 3.437500000000000e-01 0.000000000000000e+00
8.750000000000000e-01 3.437500000000000e-01 0.000000000000000e+00
8.750000000000000e-01 3.750000000000000e-01 0.000000000000000e+00
8.437500000000000e-01 3.750000000000000e-01 0.000000000000000e+00
8.750000000000000e-01 3.437500000000000e-01 0.000000000000000e+00
9.062500000000000e-01 3.437500000000000e-01 0.000000000000000e+00
9.062500000000000e-01 3.750000000000000e-01 0.000000000000000e+00
8.750000000000000e-01 3.750000000000000e-01 0.000000000000000e+00
9.062500000000000e-01 3.437500000000000e-01 0.000000000000000e+00
9.375000000000000e-01 3.437500000000000e-01 0.000000000000000e+00
9.375000000000000e-01 3.750000000000000e-01 0.000000000000000e+00
9.062500000000000e-01 3.750000000000000e-01 0.000000000000000e+00
9.375000000000000e-01 3.437500000000000e-01 0.000000000000000e+00
9.687500000000000e-01 3.437500000000000e-01 0.000000000000000e+00
9.687500000000000e-01 3.750000000000000e-01 0.000000000000000e+00
9.375000000000000e-01 3.750000000000000e-01 0.000000000000000e+00
9.687500000000000e-01 3.437500000000000e-01 0.000000000000000e+00
1.000000000000000e+00 3.437500000000000e-01 0.000000000000000e+00
1.000000000000000e+00 3.750000000000000e-01 0.000000000000000e+00
9.687500000000000e-01 3.750000000000000e-01 0.000000000000000e+00
0.000000000000000e+00 3.750000000000000e-01 0.000000000000000e+00
3.125000000000000e-02 3.750000000000000e-01 0.000000000000000e+00
3.125000000000000e-02 4.062500000000000e-01 0.000000000000000e+00
0.000000000000000e+00 4.062500000000000e-01 0.000000000000000e+00
3.125000000000000e-02 3.750000000000000e-01 0.000000000000000e+00
6.250000000000000e-02 3.750000000000000e-01 0.000000000000000e+00
6.250000000000000e-02 4.062500000000000e-01 0.000000000000000e+00
3.125000000000000e-02 4.062500000000000e-01 0.000000000000000e+00
6.250000000000000e-02 3.750000000000000e-01 0.000000000000000e+00
9.375000000000000e-02 3.750000000000000e-01 0.000000000000000e+00
9.375000000000000e-02 4.062500000000000e-01 0.000000000000000e+00
6.250000000000000e-02 4.062500000000000e-01 0.000000000000000e+00
9.375000000000000e-02 3.750000000000000e-01 0.000000000000000e+00
1.250000000000000e-01 3.750000000000000e-01 0.000000000000000e+00
1.250000000000000e-01 4.062500000000000e-01 0.000000000000000e+00
9.375000000000000e-02 4.062500000000000e-01 0.000000000000000e+00
1.250000000000000e-01 3.750000000000000e-01 0.000000000000000e+00
1.562500000000000e-01 3.750000000000000e-01 0.000000000000000e+00
1.562500000000000e-01 4.062500000000000e-01 0.000000000000000e+00
1.250000000000000e-01 4.062500000000000e-01 0.000000000000000e+00
1.562500000000000e-01 3.750000000000000e-01 0.000000000000000e+00
1.875000000000000e-01 3.750000000000000e-01 0.000000000000000e+00
1.875000000000000e-01 4.062500000000000e-01 0.000000000000000e+00
1.562500000000000e-01 4.062500000000000e-01 0.000000000000000e+00
1.875000000000000e-01 3.750000000000000e-01 0.000000000000000e+00
2.187500000000000e-01 3.750000000000000e-01 0.000000000000000e+00
2.187500000000000e-01 4.062500000000000e-01 0.000000000000000e+00
1.875000000000000e-01 4.062500000000000e-01 0.000000000000000e+00
2.187500000000000e-01 3.750000000000000e-01 0.000000000000000e+00
2.500000000000000e-01 3.750000000000000e-01 0.000000000000000e+00
2.500000000000000e-01 4.062500000000000e-01 0.000000000000000e+00
2.187500000000000e-01 4.062500000000000e-01 0.000000000000000e+00
2.500000000000000e-01 3.750000000000000e-01 0.000000000000000e+00
2.812500000000000e-01 3.750000000000000e-01 0.000000000000000e+00
2.812500000000000e-01 4.062500000000000e-01 0.000000000000000e+00
2.500000000000000e-01 4.062500000000000e-01 0.000000000000000e+00
2.812500000000000e-01 3.750000000000000e-01 0.000000000000000e+00
3.125000000000000e-01 3.750000000000000e-01 0.000000000000000e+00
3.125000000000000e-01 4.062500000000000e-01 0.000000000000000e+00
2.812500000000000e-01 4.062500000000000e-01 0.000000000000000e+00
3.125000000000000e-01 3.750000000000000e-01 0.000000000000000e+00
3.437500000000000e-01 3.750000000000000e-01 0.000000000000000e+00
3.437500000000000e-01 4.062500000000000e-01 0.000000000000000e+00
3.125000000000000e-01 4.062500000000000e-01 0.000000000000000e+00
3.437500000000000e-01 3.750000000000000e-01 0.000000000000000e+00
3.750000000000000e-01 3.750000000000000e-01 0.000000000000000e+00
3.750000000000000e-01 4.062500000000000e-01 0.000000000000000e+00
3.437500000000000e-01 4.062500000000000e-01 0.000000000000000e+00
3.750000000000000e-01 3.750000000000000e-01 0.000000000000000e+00
4.062500000000000e-01 3.750000000000000e-01 0.000000000000000e+00
4.062500000000000e-01 4.062500000000000e-01 0.000000000000000e+00
3.750000000000000e-01 4.062500000000000e-01 0.000000000000000e+00
4.062500000000000e-01 3.750000000000000e-01 0.000000000000000e+00
4.375000000000000e-01 3.750000000000000e-01 0.000000000000000e+00
4.375000000000000e-01 4.062500000000000e-01 0.000000000000000e+00
4.062500000000000e-01 4.062500000000000e-01 0.000000000000000e+00
4.375000000000000e-01 3.750000000000000e-01 0.000000000000000e+00
4.687500000000000e-01 3.750000000000000e-01 0.000000000000000e+00
4.687500000000000e-01 4.062500000000000e-01 0.000000000000000e+00
4.375000000000000e-01 4.062500000000000e-01 0.000000000000000e+00
4.687500000000000e-01 3.750000000000000e-01 0.000000000000000e+00
5.000000000000000e-01 3.750000000000000e-01 0.000000000000000e+00
5.000000000000000e-01 4.062500000000000e-01 0.000000000000000e+00
4.687500000000000e-01 4.062500000000000e-01 0.000000000000000e+00
5.000000000000000e-01 3.750000000000000e-01 0.000000000000000e+00
5.312500000000000e-01 3.750000000000000e-01 0.000000000000000e+00
5.312500000000000e-01 4.062500000000000e-01 0.000000000000000e+00
5.000000000000000e-01 4.062500000000000e-01 0.000000000000000e+00
5.312500000000000e-01 3.750000000000000e-01 0.000000000000000e+00
5.625000000000000e-01 3.750000000000000e-01 0.000000000000000e+00
5.625000000000000e-01 4.062500000000000e-01 0.000000000000000e+00
5.312500000000000e-01 4.062500000000000e-01 0.000000000000000e+00
5.625000000000000e-01 3.750000000000000e-01 0.000000000000000e+00
5.937500000000000e-01 3.750000000000000e-01 0.000000000000000e+00
5.937500000000000e-01 4.062500000000000e-01 0.000000000000000e+00
5.625000000000000e-01 4.062500000000000e-01 0.000000000000000e+00
5.937500000000000e-01 3.750000000000000e-01 0.000000000000000e+00
6.250000000000000e-01 3.750000000000000e-01 0.000000000000000e+00
6.250000000000000e-01 4.062500000000000e-01 0.000000000000000e+00
5.937500000000000e-01 4.062500000000000e-01 0.000000000000000e+00
6.250000000000000e-01 3.750000000000000e-01 0.000000000000000e+00
6.562500000000000e-01 3.750000000000000e-01 0.000000000000000e+00
6.562500000000000e-01 4.062500000000000e-01 0.000000000000000e+00
6.250000000000000e-01 4.062500000000000e-01 0.000000000000000e+00
6.562500000000000e-01 3.750000000000000e-01 0.000000000000000e+00
6.875000000000000e-01 3.750000000000000e-01 0.000000000000000e+00
6.875000000000000e-01 4.062500000000000e-01 0.000000000000000e+00
6.562500000000000e-01 4.062500000000000e-01 0.000000000000000e+00
6.875000000000000e-01 3.750000000000000e-01 0.000000000000000e+00
7.187500000000000e-01 3.750000000000000e-01 0.000000000000000e+00
7.187500000000000e-01 4.062500000000000e-01 0.000000000000000e+00
6.875000000000000e-01 4.062500000000000e-01 0.000000000000000e+00
7.187500000000000e-01 3.750000000000000e-01 0.000000000000000e+00
7.500000000000000e-01 3.750000000000000e-01 0.000000000000000e+00
7.500000000000000e-01 4.062500000000000e-01 0.000000000000000e+00
7.187500000000000e-01 4.062500000000000e-01 0.000000000000000e+00
7.500000000000000e-01 3.750000000000000e-01 0.000000000000000e+00
7.812500000000000e-01 3.750000000000000e-01 0.000000000000000e+00
7.812500000000000e-01 4.062500000000000e-01 0.000000000000000e+00
7.500000000000000e-01 4.062500000000000e-01 0.000000000000000e+00
7.812500000000000e-01 3.750000000000000e-01 0.000000000000000e+00
8.125000000000000e-01 3.750000000000000e-01 0.000000000000000e+00
8.125000000000000e-01 4.062500000000000e-01 0.000000000000000e+00
7.812500000000000e-01 4.062500000000000e-01 0.000000000000000e+00
8.125000000000000e-01 3.750000000000000e-01 0.000000000000000e+00
8.437500000000000e-01 3.750000000000000e-01 0.000000000000000e+00
8.437500000000000e-01 4.062500000000000e-01 0.000000000000000e+00
8.125000000000000e-01 4.062500000000000e-01 0.000000000000000e+00
8.437500000000000e-01 3.750000000000000e-01 0.000000000000000e+00
8.750000000000000e-01 3.750000000000000e-01 0.000000000000000e+00
8.750000000000000e-01 4.062500000000000e-01 0.000000000000000e+00
8.437500000000000e-01 4.062500000000000e-01 0.000000000000000e+00
8.750000000000000e-01 3.750000000000000e-01 0.000000000000000e+00
9.062500000000000e-01 3.750000000000000e-01 0.000000000000000e+00
9.062500000000000e-01 4.062500000000000e-01 0.000000000000000e+00
8.750000000000000e-01 4.062500000000000e-01 0.000000000000000e+00
9.062500000000000e-01 3.750000000000000e-01 0.000000000000000e+00
9.375000000000000e-01 3.750000000000000e-01 0.000000000000000e+00
9.375000000000000e-01 4.062500000000000e-01 0.000000000000000e+00
9.062500000000000e-01 4.062500000000000e-01 0.000000000000000e+00
9.375000000000000e-01 3.750000000000000e-01 0.000000000000000e+00
9.687500000000000e-01 3.750000000000000e-01 0.000000000000000e+00
9.687500000000000e-01 4.062500000000000e-01 0.000000000000000e+00
9.375000000000000e-01 4.062500000000000e-01 0.000000000000000e+00
9.687500000000000e-01 3.750000000000000e-01 0.000000000000000e+00
1.000000000000000e+00 3.750000000000000e-01 0.000000000000000e+00
1.000000000000000e+00 4.062500000000000e-01 0.000000000000000e+00
9.687500000000000e-01 4.062500000000000e-01 0.000000000000000e+00
0.000000000000000e+00 4.062500000000000e-01 0.000000000000000e+00
3.125000000000000e-02 4.062500000000000e-01 0.000000000000000e+00
3.125000000000000e-02 4.375000000000000e-01 0.000000000000000e+00
0.000000000000000e+00 4.375000000000000e-01 0.000000000000000e+00
3.125000000000000e-02 4.062500000000000e-01 0.000000000000000e+00
6.250000000000000e-02 4.062500000000000e-01 0.000000000000000e+00
6.250000000000000e-02 4.375000000000000e-01 0.000000000000000e+00
3.125000000000000e-02 4.375000000000000e-01 0.000000000000000e+00
6.250000000000000e-02 4.062500000000000e-01 0.000000000000000e+00
9.375000000000000e-02 4.062500000000000e-01 0.000000000000000e+00
9.375000000000000e-02 4.375000000000000e-01 0.000000000000000e+00
6.250000000000000e-02 4.375000000000000e-01 0.000000000000000e+00
9.375000000000000e-02 4.062500000000000e-01 0.000000000000000e+00
1.250000000000000e-01 4.062500000000000e-01 0.000000000000000e+00
1.250000000000000e-01 4.375000000000000e-01 0.000000000000000e+00
9.375000000000000e-02 4.375000000000000e-01 0.000000000000000e+00
1.250000000000000e-01 4.062500000000000e-01 0.000000000000000e+00
1.562500000000000e-01 4.062500000000000e-01 0.000000000000000e+00
1.562500000000000e-01 4.375000000000000e-01 0.000000000000000e+00
1.250000000000000e-01 4.375000000000000e-01 0.000000000000000e+00
1.562500000000000e-01 4.062500000000000e-01 0.000000000000000e+00
1.875000000000000e-01 4.062500000000000e-01 0.000000000000000e+00
1.875000000000000e-01 4.375000000000000e-01 0.000000000000000e+00
1.562500000000000e-01 4.375000000000000e-01 0.000000000000000e+00
1.875000000000000e-01 4.062500000000000e-01 0.000000000000000e+00
2.187500000000000e-01 4.062500000000000e-01 0.000000000000000e+00
2.187500000000000e-01 4.375000000000000e-01 0.000000000000000e+00
1.875000000000000e-01 4.375000000000000e-01 0.000000000000000e+00
2.187500000000000e-01 4.062500000000000e-01 0.000000000000000e+00
2.500000000000000e-01 4.062500000000000e-01 0.000000000000000e+00
2.500000000000000e-01 4.375000000000000e-01 0.000000000000000e+00
2.187500000000000e-01 4.375000000000000e-01 0.000000000000000e+00
2.500000000000000e-01 4.062500000000000e-01 0.000000000000000e+00
2.812500000000000e-01 4.062500000000000e-01 0.000000000000000e+00
2.812500000000000e-01 4.375000000000000e-01 0.000000000000000e+00
2.500000000000000e-01 4.375000000000000e-01 0.000000000000000e+00
2.812500000000000e-01 4.062500000000000e-01 0.000000000000000e+00
3.125000000000000e-01 4.062500000000000e-01 0.000000000000000e+00
3.125000000000000e-01 4.375000000000000e-01 0.000000000000000e+00
2.812500000000000e-01 4.375000000000000e-01 0.000000000000000e+00
3.125000000000000e-01 4.062500000000000e-01 0.000000000000000e+00
3.437500000000000e-01 4.062500000000000e-01 0.000000000000000e+00
3.437500000000000e-01 4.375000000000000e-01 0.000000000000000e+00
3.125000000000000e-01 4.375000000000000e-01 0.000000000000000e+00
3.437500000000000e-01 4.062500000000000e-01 0.000000000000000e+00
3.750000000000000e-01 4.062500000000000e-01 0.000000000000000e+00
3.750000000000000e-01 4.375000000000000e-01 0.000000000000000e+00
3.437500000000000e-01 4.375000000000000e-01 0.000000000000000e+00
3.750000000000000e-01 4.062500000000000e-01 0.000000000000000e+00
4.062500000000000e-01 4.062500000000000e-01 0.000000000000000e+00
4.062500000000000e-01 4.375000000000000e-01 0.000000000000000e+00
3.750000000000000e-01 4.375000000000000e-01 0.000000000000000e+00
4.062500000000000e-01 4.062500000000000e-01 0.000000000000000e+00
4.375000000000000e-01 4.062500000000000e-01 0.000000000000000e+00
4.375000000000000e-01 4.375000000000000e-01 0.000000000000000e+00
4.062500000000000e-01 4.375000000000000e-01 0.000000000000000e+00
4.375000000000000e-01 4.062500000000000e-01 0.000000000000000e+00
4.687500000000000e-01 4.062500000000000e-01 0.000000000000000e+00
4.687500000000000e-01 4.375000000000000e-01 0.000000000000000e+00
4.375000000000000e-01 4.375000000000000e-01 0.000000000000000e+00
4.687500000000000e-01 4.062500000000000e-01 0.000000000000000e+00
5.000000000000000e-01 4.062500000000000e-01 0.000000000000000e+00
5.000000000000000e-01 4.375000000000000e-01 0.000000000000000e+00
4.687500000000000e-01 4.375000000000000e-01 0.000000000000000e+00
5.000000000000000e-01 4.062500000000000e-01 0.000000000000000e+00
5.312500000000000e-01 4.062500000000000e-01 0.000000000000000e+00
5.312500000000000e-01 4.375000000000000e-01 0.000000000000000e+00
5.000000000000000e-01 4.375000000000000e-01 0.000000000000000e+00
5.312500000000000e-01 4.062500000000000e-01 0.000000000000000e+00
5.625000000000000e-01 4.062500000000000e-01 0.000000000000000e+00
5.625000000000000e-01 4.375000000000000e-01 0.000000000000000e+00
5.312500000000000e-01 4.375000000000000e-01 0.000000000000000e+00
5.625000000000000e-01 4.062500000000000e-01 0.000000000000000e+00
5.937500000000000e-01 4.062500000000000e-01 0.000000000000000e+00
5.937500000000000e-01 4.375000000000000e-01 0.000000000000000e+00
5.625000000000000e-01 4.375000000000000e-01 0.000000000000000e+00
5.937500000000000e-01 4.062500000000000e-01 0.000000000000000e+00
6.250000000000000e-01 4.062500000000000e-01 0.000000000000000e+00
6.250000000000000e-01 4.375000000000000e-01 0.000000000000000e+00
5.937500000000000e-01 4.375000000000000e-01 0.000000000000000e+00
6.250000000000000e-01 4.062500000000000e-01 0.000000000000000e+00
6.562500000000000e-01 4.062500000000000e-01 0.000000000000000e+00
6.562500000000000e-01 4.375000000000000e-01 0.000000000000000e+00
6.250000000000000e-01 4.375000000000000e-01 0.000000000000000e+00
6.562500000000000e-01 4.062500000000000e-01 0.000000000000000e+00
6.875000000000000e-01 4.062500000000000e-01 0.000000000000000e+00
6.875000000000000e-01 4.375000000000000e-01 0.000000000000000e+00
6.562500000000000e-01 4.375000000000000e-01 0.000000000000000e+00
6.875000000000000e-01 4.062500000000000e-01 0.000000000000000e+00
7.187500000000000e-01 4.062500000000000e-01 0.000000000000000e+00
7.187500000000000e-01 4.375000000000000e-01 0.000000000000000e+00
6.875000000000000e-01 4.375000000000000e-01 0.000000000000000e+00
7.187500000000000e-01 4.062500000000000e-01 0.000000000000000e+00
7.500000000000000e-01 4.062500000000000e-01 0.000000000000000e+00
7.500000000000000e-01 4.375000000000000e-01 0.000000000000000e+00
7.187500000000000e-01 4.375000000000000e-01 0.000000000000000e+00
7.500000000000000e-01 4.062500000000000e-01 0.000000000000000e+00
7.812500000000000e-01 4.062500000000000e-01 0.000000000000000e+00
7.812500000000000e-01 4.375000000000000e-01 0.000000000000000e+00
7.500000000000000e-01 4.375000000000000e-01 0.000000000000000e+00
7.812500000000000e-01 4.062500000000000e-01 0.000000000000000e+00
8.125000000000000e-01 4.062500000000000e-01 0.000000000000000e+00
8.125000000000000e-01 4.375000000000000e-01 0.000000000000000e+00
7.812500000000000e-01 4.375000000000000e-01 0.000000000000000e+00
8.125000000000000e-01 4.062500000000000e-01 0.000000000000000e+00
8.437500000000000e-01 4.062500000000000e-01 0.000000000000000e+00
8.437500000000000e-01 4.375000000000000e-01 0.000000000000000e+00
8.125000000000000e-01 4.375000000000000e-01 0.000000000000000e+00
8.437500000000000e-01 4.062500000000000e-01 0.000000000000000e+00
8.750000000000000e-01 4.062500000000000e-01 0.000000000000000e+00
8.750000000000000e-01 4.375000000000000e-01 0.000000000000000e+00
8.437500000000000e-01 4.375000000000000e-01 0.000000000000000e+00
8.750000000000000e-01 4.062500000000000e-01 0.000000000000000e+00
9.062500000000000e-01 4.062500000000000e-01 0.000000000000000e+00
9.062500000000000e-01 4.375000000000000e-01 0.000000000000000e+00
8.750000000000000e-01 4.375000000000000e-01 0.000000000000000e+00
9.062500000000000e-01 4.062500000000000e-01 0.000000000000000e+00
9.375000000000000e-01 4.062500000000000e-01 0.000000000000000e+00
9.375000000000000e-01 4.375000000000000e-01 0.000000000000000e+00
9.062500000000000e-01 4.375000000000000e-01 0.000000000000000e+00
9.375000000000000e-01 4.062500000000000e-01 0.000000000000000e+00
9.687500000000000e-01 4.062500000000000e-01 0.000000000000000e+00
9.687500000000000e-01 4.375000000000000e-01 0.000000000000000e+00
9.375000000000000e-01 4.375000000000000e-01 0.000000000000000e+00
9.687500000000000e-01 4.062500000000000e-01 0.000000000000000e+00
1.000000000000000e+00 4.062500000000000e-01 0.000000000000000e+00
1.000000000000000e+00 4.375000000000000e-01 0.000000000000000e+00
9.687500000000000e-01 4.375000000000000e-01 0.000000000000000e+00
0.000000000000000e+00 4.375000000000000e-01 0.000000000000000e+00
3.125000000000000e-02 4.375000000000000e-01 0.000000000000000e+00
3.125000000000000e-02 4.687500000000000e-01 0.000000000000000e+00
0.000000000000000e+00 4.687500000000000e-01 0.000000000000000e+00
3.125000000000000e-02 4.375000000000000e-01 0.000000000000000e+00
6.250000000000000e-02 4.375000000000000e-01 0.000000000000000e+00
6.250000000000000e-02 4.687500000000000e-01 0.000000000000000e+00
3.125000000000000e-02 4.687500000000000e-01 0.000000000000000e+00
6.250000000000000e-02 4.375000000000000e-01 0.000000000000000e+00
9.375000000000000e-02 4.375000000000000e-01 0.000000000000000e+00
9.375000000000000e-02 4.687500000000000e-01 0.000000000000000e+00
6.250000000000000e-02 4.687500000000000e-01 0.000000000000000e+00
9.375000000000000e-02 4.375000000000000e-01 0.000000000000000e+00
1.250000000000000e-01 4.375000000000000e-01 0.000000000000000e+00
1.250000000000000e-01 4.687500000000000e-01 0.000000000000000e+00
9.375000000000000e-02 4.687500000000000e-01 0.000000000000000e+00
1.250000000000000e-01 4.375000000000000e-01 0.000000000000000e+00
1.562500000000000e-01 4.375000000000000e-01 0.000000000000000e+00
1.562500000000000e-01 4.687500000000000e-01 0.000000000000000e+00
1.250000000000000e-01 4.687500000000000e-01 0.000000000000000e+00
1.562500000000000e-01 4.375000000000000e-01 0.000000000000000e+00
1.875000000000000e-01 4.375000000000000e-01 0.000000000000000e+00
1.875000000000000e-01 4.687500000000000e-01 0.000000000000000e+00
1.562500000000000e-01 4.687500000000000e-01 0.000000000000000e+00
1.875000000000000e-01 4.375000000000000e-01 0.000000000000000e+00
2.187500000000000e-01 4.375000000000000e-01 0.000000000000000e+00
2.187500000000000e-01 4.687500000000000e-01 0.000000000000000e+00
1.875000000000000e-01 4.687500000000000e-01 0.000000000000000e+00
2.187500000000000e-01 4.375000000000000e-01 0.000000000000000e+00
2.500000000000000e-01 4.375000000000000e-01 0.000000000000000e+00
2.500000000000000e-01 4.687500000000000e-01 0.000000000000000e+00
2.187500000000000e-01 4.687500000000000e-01 0.000000000000000e+00
2.500000000000000e-01 4.375000000000000e-01 0.000000000000000e+00
2.812500000000000e-01 4.375000000000000e-01 0.000000000000000e+00
2.812500000000000e-01 4.687500000000000e-01 0.000000000000000e+00
2.500000000000000e-01 4.687500000000000e-01 0.000000000000000e+00
2.812500000000000e-01 4.375000000000000e-01 0.000000000000000e+00
3.125000000000000e-01 4.375000000000000e-01 0.000000000000000e+00
3.125000000000000e-01 4.687500000000000e-01 0.000000000000000e+00
2.812500000000000e-01 4.687500000000000e-01 0.000000000000000e+00
3.125000000000000e-01 4.375000000000000e-01 0.000000000000000e+00
3.437500000000000e-01 4.375000000000000e-01 0.000000000000000e+00
3.437500000000000e-01 4.687500000000000e-01 0.000000000000000e+00
3.125000000000000e-01 4.687500000000000e-01 0.000000000000000e+00
3.437500000000000e-01 4.375000000000000e-01 0.000000000000000e+00
3.750000000000000e-01 4.375000000000000e-01 0.000000000000000e+00
3.750000000000000e-01 4.687500000000000e-01 0.000000000000000e+00
3.437500000000000e-01 4.687500000000000e-01 0.000000000000000e+00
3.750000000000000e-01 4.375000000000000e-01 0.000000000000000e+00
4.062500000000000e-01 4.375000000000000e-01 0.000000000000000e+00
4.062500000000000e-01 4.687500000000000e-01 0.000000000000000e+00
3.750000000000000e-01 4.687500000000000e-01 0.000000000000000e+00
4.062500000000000e-01 4.375000000000000e-01 0.000000000000000e+00
4.375000000000000e-01 4.375000000000000e-01 0.000000000000000e+00
4.375000000000000e-01 4.687500000000000e-01 0.000000000000000e+00
4.062500000000000e-01 4.687500000000000e-01 0.000000000000000e+00
4.375000000000000e-01 4.375000000000000e-01 0.000000000000000e+00
4.687500000000000e-01 4.375000000000000e-01 0.000000000000000e+00
4.687500000000000e-01 4.687500000000000e-01 0.000000000000000e+00
4.375000000000000e-01 4.687500000000000e-01 0.000000000000000e+00
4.687500000000000e-01 4.375000000000000e-01 0.000000000000000e+00
5.000000000000000e-01 4.375000000000000e-01 0.000000000000000e+00
5.000000000000000e-01 4.687500000000000e-01 0.000000000000000e+00
4.687500000000000e-01 4.687500000000000e-01 0.000000000000000e+00
5.000000000000000e-01 4.375000000000000e-01 0.000000000000000e+00
5.312500000000000e-01 4.375000000000000e-01 0.000000000000000e+00
5.312500000000000e-01 4.687500000000000e-01 0.000000000000000e+00
5.000000000000000e-01 4.687500000000000e-01 0.000000000000000e+00
5.312500000000000e-01 4.375000000000000e-01 0.000000000000000e+00
5.625000000000000e-01 4.375000000000000e-01 0.000000000000000e+00
5.625000000000000e-01 4.687500000000000e-01 0.000000000000000e+00
5.312500000000000e-01 4.687500000000000e-01 0.000000000000000e+00
5.625000000000000e-01 4.375000000000000e-01 0.000000000000000e+00
5.937500000000000e-01 4.375000000000000e-01 0.000000000000000e+00
5.937500000000000e-01 4.687500000000000e-01 0.000000000000000e+00
5.625000000000000e-01 4.687500000000000e-01 0.000000000000000e+00
5.937500000000000e-01 4.375000000000000e-01 0.000000000000000e+00
6.250000000000000e-01 4.375000000000000e-01 0.000000000000000e+00
6.250000000000000e-01 4.687500000000000e-01 0.000000000000000e+00
5.937500000000000e-01 4.687500000000000e-01 0.000000000000000e+00
6.250000000000000e-01 4.375000000000000e-01 0.000000000000000e+00
6.562500000000000e-01 4.375000000000000e-01 0.000000000000000e+00
6.562500000000000e-01 4.687500000000000e-01 0.000000000000000e+00
6.250000000000000e-01 4.687500000000000e-01 0.000000000000000e+00
6.562500000000000e-01 4.375000000000000e-01 0.000000000000000e+00
6.875000000000000e-01 4.375000000000000e-01 0.000000000000000e+00
6.875000000000000e-01 4.687500000000000e-01 0.000000000000000e+00
6.562500000000000e-01 4.687500000000000e-01 0.000000000000000e+00
6.875000000000000e-01 4.375000000000000e-01 0.000000000000000e+00
7.187500000000000e-01 4.375000000000000e-01 0.000000000000000e+00
7.187500000000000e-01 4.687500000000000e-01 0.000000000000000e+00
6.875000000000000e-01 4.687500000000000e-01 0.000000000000000e+00
7.187500000000000e-01 4.375000000000000e-01 0.000000000000000e+00
7.500000000000000e-01 4.375000000000000e-01 0.000000000000000e+00
7.500000000000000e-01 4.687500000000000e-01 0.000000000000000e+00
7.187500000000000e-01 4.687500000000000e-01 0.000000000000000e+00
7.500000000000000e-01 4.375000000000000e-01 0.000000000000000e+00
7.812500000000000e-01 4.375000000000000e-01 0.000000000000000e+00
7.812500000000000e-01 4.687500000000000e-01 0.000000000000000e+00
7.500000000000000e-01 4.687500000000000e-01 0.000000000000000e+00
7.812500000000000e-01 4.375000000000000e-01 0.000000000000000e+00
8.125000000000000e-01 4.375000000000000e-01 0.000000000000000e+00
8.125000000000000e-01 4.687500000000000e-01 0.000000000000000e+00
7.812500000000000e-01 4.687500000000000e-01 0.000000000000000e+00
8.125000000000000e-01 4.375000000000000e-01 0.000000000000000e+00
8.437500000000000e-01 4.375000000000000e-01 0.000000000000000e+00
8.437500000000000e-01 4.687500000000000e-01 0.000000000000000e+00
8.125000000000000e-01 4.687500000000000e-01 0.000000000000000e+00
8.437500000000000e-01 4.375000000000000e-01 0.000000000000000e+00
8.750000000000000e-01 4.375000000000000e-01 0.000000000000000e+00
8.750000000000000e-01 4.687500000000000e-01 0.000000000000000e+00
8.437500000000000e-01 4.687500000000000e-01 0.000000000000000e+00
8.750000000000000e-01 4.375000000000000e-01 0.000000000000000e+00
9.062500000000000e-01 4.375000000000000e-01 0.000000000000000e+00
9.062500000000000e-01 4.687500000000000e-01 0.000000000000000e+00
8.750000000000000e-01 4.687500000000000e-01 0.000000000000000e+00
9.062500000000000e-01 4.375000000000000e-01 0.000000000000000e+00
9.375000000000000e-01 4.375000000000000e-01 0.000000000000000e+00
9.375000000000000e-01 4.687500000000000e-01 0.000000000000000e+00
9.062500000000000e-01 4.687500000000000e-01 0.000000000000000e+00
9.375000000000000e-01 4.375000000000000e-01 0.000000000000000e+00
9.687500000000000e-01 4.375000000000000e-01 0.000000000000000e+00
9.687500000000000e-01 4.687500000000000e-01 0.000000000000000e+00
9.375000000000000e-01 4.687500000000000e-01 0.000000000000000e+00
9.687500000000000e-01 4.375000000000000e-01 0.000000000000000e+00
1.000000000000000e+00 4.375000000000000e-01 0.000000000000000e+00
1.000000000000000e+00 4.687500000000000e-01 0.000000000000000e+00
9.687500000000000e-01 4.687500000000000e-01 0.000000000000000e+00
0.000000000000000e+00 4.687500000000000e-01 0.000000000000000e+00
3.125000000000000e-02 4.687500000000000e-01 0.000000000000000e+00
3.125000000000000e-02 5.000000000000000e-01 0.000000000000000e+00
0.000000000000000e+00 5.000000000000000e-01 0.000000000000000e+00
3.125000000000000e-02 4.687500000000000e-01 0.000000000000000e+00
6.250000000000000e-02 4.687500000000000e-01 0.000000000000000e+00
6.250000000000000e-02 5.000000000000000e-01 0.000000000000000e+00
3.125000000000000e-02 5.000000000000000e-01 0.000000000000000e+00
6.250000000000000e-02 4.687500000000000e-01 0.000000000000000e+00
9.375000000000000e-02 4.687500000000000e-01 0.000000000000000e+00
9.375000000000000e-02 5.000000000000000e-01 0.000000000000000e+00
6.250000000000000e-02 5.000000000000000e-01 0.000000000000000e+00
9.375000000000000e-02 4.687500000000000e-01 0.000000000000000e+00
1.250000000000000e-01 4.687500000000000e-01 0.000000000000000e+00
1.250000000000000e-01 5.000000000000000e-01 0.000000000000000e+00
9.375000000000000e-02 5.000000000000000e-01 0.000000000000000e+00
1.250000000000000e-01 4.687500000000000e-01 0.000000000000000e+00
1.562500000000000e-01 4.687500000000000e-01 0.000000000000000e+00
1.562500000000000e-01 5.000000000000000e-01 0.000000000000000e+00
1.250000000000000e-01 5.000000000000000e-01 0.000000000000000e+00
1.562500000000000e-01 4.687500000000000e-01 0.000000000000000e+00
1.875000000000000e-01 4.687500000000000e-01 0.000000000000000e+00
1.875000000000000e-01 5.000000000000000e-01 0.000000000000000e+00
1.562500000000000e-01 5.000000000000000e-01 0.000000000000000e+00
1.875000000000000e-01 4.687500000000000e-01 0.000000000000000e+00
2.187500000000000e-01 4.687500000000000e-01 0.000000000000000e+00
2.187500000000000e-01 5.000000000000000e-01 0.000000000000000e+00
1.875000000000000e-01 5.000000000000000e-01 0.000000000000000e+00
2.187500000000000e-01 4.687500000000000e-01 0.000000000000000e+00
2.500000000000000e-01 4.687500000000000e-01 0.000000000000000e+00
2.500000000000000e-01 5.000000000000000e-01 0.000000000000000e+00
2.187500000000000e-01 5.000000000000000e-01 0.000000000000000e+00
2.500000000000000e-01 4.687500000000000e-01 0.000000000000000e+00
2.812500000000000e-01 4.687500000000000e-01 0.000000000000000e+00
2.812500000000000e-01 5.000000000000000e-01 0.000000000000000e+00
2.500000000000000e-01 5.000000000000000e-01 0.000000000000000e+00
2.812500000000000e-01 4.687500000000000e-01 0.000000000000000e+00
3.125000000000000e-01 4.687500000000000e-01 0.000000000000000e+00
3.125000000000000e-01 5.000000000000000e-01 0.000000000000000e+00
2.812500000000000e-01 5.000000000000000e-01 0.000000000000000e+00
3.125000000000000e-01 4.687500000000000e-01 0.000000000000000e+00
3.437500000000000e-01 4.687500000000000e-01 0.000000000000000e+00
3.437500000000000e-01 5.000000000000000e-01 0.000000000000000e+00
3.125000000000000e-01 5.000000000000000e-01 0.000000000000000e+00
3.437500000000000e-01 4.687500000000000e-01 0.000000000000000e+00
3.750000000000000e-01 4.687500000000000e-01 0.000000000000000e+00
3.750000000000000e-01 5.000000000000000e-01 0.000000000000000e+00
3.437500000000000e-01 5.000000000000000e-01 0.000000000000000e+00
3.750000000000000e-01 4.687500000000000e-01 0.000000000000000e+00
4.062500000000000e-01 4.687500000000000e-01 0.000000000000000e+00
4.062500000000000e-01 5.000000000000000e-01 0.000000000000000e+00
3.750000000000000e-01 5.000000000000000e-01 0.000000000000000e+00
4.062500000000000e-01 4.687500000000000e-01 0.000000000000000e+00
4.375000000000000e-01 4.687500000000000e-01 0.000000000000000e+00
4.375000000000000e-01 5.000000000000000e-01 0.000000000000000e+00
4.062500000000000e-01 5.000000000000000e-01 0.000000000000000e+00
4.375000000000000e-01 4.687500000000000e-01 0.000000000000000e+00
4.687500000000000e-01 4.687500000000000e-01 0.000000000000000e+00
4.687500000000000e-01 5.000000000000000e-01 0.000000000000000e+00
4.375000000000000e-01 5.000000000000000e-01 0.000000000000000e+00
4.687500000000000e-01 4.687500000000000e-01 0.000000000000000e+00
5.000000000000000e-01 4.687500000000000e-01 0.000000000000000e+00
5.000000000000000e-01 5.000000000000000e-01 0.000000000000000e+00
4.687500000000000e-01 5.000000000000000e-01 0.000000000000000e+00
5.000000000000000e-01 4.687500000000000e-01 0.000000000000000e+00
5.312500000000000e-01 4.687500000000000e-01 0.000000000000000e+00
5.312500000000000e-01 5.000000000000000e-01 0.000000000000000e+00
5.000000000000000e-01 5.000000000000000e-01 0.000000000000000e+00
5.312500000000000e-01 4.687500000000000e-01 0.000000000000000e+00
5.625000000000000e-01 4.687500000000000e-01 0.000000000000000e+00
5.625000000000000e-01 5.000000000000000e-01 0.000000000000000e+00
5.312500000000000e-01 5.000000000000000e-01 0.000000000000000e+00
5.625000000000000e-01 4.687500000000000e-01 0.000000000000000e+00
5.937500000000000e-01 4.687500000000000e-01 0.000000000000000e+00
5.937500000000000e-01 5.000000000000000e-01 0.000000000000000e+00
5.625000000000000e-01 5.000000000000000e-01 0.000000000000000e+00
5.937500000000000e-01 4.687500000000000e-01 0.000000000000000e+00
6.250000000000000e-01 4.687500000000000e-01 0.000000000000000e+00
6.250000000000000e-01 5.000000000000000e-01 0.000000000000000e+00
5.937500000000000e-01 5.000000000000000e-01 0.000000000000000e+00
6.250000000000000e-01 4.687500000000000e-01 0.000000000000000e+00
6.562500000000000e-01 4.687500000000000e-01 0.000000000000000e+00
6.562500000000000e-01 5.000000000000000e-01 0.000000000000000e+00
6.250000000000000e-01 5.000000000000000e-01 0.000000000000000e+00
6.562500000000000e-01 4.687500000000000e-01 0.000000000000000e+00
6.875000000000000e-01 4.687500000000000e-01 0.000000000000000e+00
6.875000000000000e-01 5.000000000000000e-01 0.000000000000000e+00
6.562500000000000e-01 5.000000000000000e-01 0.000000000000000e+00
6.875000000000000e-01 4.687500000000000e-01 0.000000000000000e+00
7.187500000000000e-01 4.687500000000000e-01 0.000000000000000e+00
7.187500000000000e-01 5.000000000000000e-01 0.000000000000000e+00
6.875000000000000e-01 5.000000000000000e-01 0.000000000000000e+00
7.187500000000000e-01 4.687500000000000e-01 0.000000000000000e+00
7.500000000000000e-01 4.687500000000000e-01 0.000000000000000e+00
7.500000000000000e-01 5.000000000000000e-01 0.000000000000000e+00
7.187500000000000e-01 5.000000000000000e-01 0.000000000000000e+00
7.500000000000000e-01 4.687500000000000e-01 0.000000000000000e+00
7.812500000000000e-01 4.687500000000000e-01 0.000000000000000e+00
7.812500000000000e-01 5.000000000000000e-01 0.000000000000000e+00
7.500000000000000e-01 5.000000000000000e-01 0.000000000000000e+00
7.812500000000000e-01 4.687500000000000e-01 0.000000000000000e+00
8.125000000000000e-01 4.687500000000000e-01 0.000000000000000e+00
8.125000000000000e-01 5.000000000000000e-01 0.000000000000000e+00
7.812500000000000e-01 5.000000000000000e-01 0.000000000000000e+00
8.125000000000000e-01 4.687500000000000e-01 0.000000000000000e+00
8.437500000000000e-01 4.687500000000000e-01 0.000000000000000e+00
8.437500000000000e-01 5.000000000000000e-01 0.000000000000000e+00
8.125000000000000e-01 5.000000000000000e-01 0.000000000000000e+00
8.437500000000000e-01 4.687500000000000e-01 0.000000000000000e+00
8.750000000000000e-01 4.687500000000000e-01 0.000000000000000e+00
8.750000000000000e-01 5.000000000000000e-01 0.000000000000000e+00
8.437500000000000e-01 5.000000000000000e-01 0.000000000000000e+00
8.750000000000000e-01 4.687500000000000e-01 0.000000000000000e+00
9.062500000000000e-01 4.687500000000000e-01 0.000000000000000e+00
9.062500000000000e-01 5.000000000000000e-01 0.000000000000000e+00
8.750000000000000e-01 5.000000000000000e-01 0.000000000000000e+00
9.062500000000000e-01 4.687500000000000e-01 0.000000000000000e+00
9.375000000000000e-01 4.687500000000000e-01 0.000000000000000e+00
9.375000000000000e-01 5.000000000000000e-01 0.000000000000000e+00
9.062500000000000e-01 5.000000000000000e-01 0.000000000000000e+00
9.375000000000000e-01 4.687500000000000e-01 0.000000000000000e+00
9.687500000000000e-01 4.687500000000000e-01 0.000000000000000e+00
9.687500000000000e-01 5.000000000000000e-01 0.000000000000000e+00
9.375000000000000e-01 5.000000000000000e-01 0.000000000000000e+00
9.687500000000000e-01 4.687500000000000e-01 0.000000000000000e+00
1.000000000000000e+00 4.687500000000000e-01 0.000000000000000e+00
1.000000000000000e+00 5.000000000000000e-01 0.000000000000000e+00
9.687500000000000e-01 5.000000000000000e-01 0.000000000000000e+00
0.000000000000000e+00 5.000000000000000e-01 0.000000000000000e+00
3.125000000000000e-02 5.000000000000000e-01 0.000000000000000e+00
3.125000000000000e-02 5.312500000000000e-01 0.000000000000000e+00
0.000000000000000e+00 5.312500000000000e-01 0.000000000000000e+00
3.125000000000000e-02 5.000000000000000e-01 0.000000000000000e+00
6.250000000000000e-02 5.000000000000000e-01 0.000000000000000e+00
6.250000000000000e-02 5.312500000000000e-01 0.000000000000000e+00
3.125000000000000e-02 5.312500000000000e-01 0.000000000000000e+00
6.250000000000000e-02 5.000000000000000e-01 0.000000000000000e+00
9.375000000000000e-02 5.000000000000000e-01 0.000000000000000e+00
9.375000000000000e-02 5.312500000000000e-01 0.000000000000000e+00
6.250000000000000e-02 5.312500000000000e-01 0.000000000000000e+00
9.375000000000000e-02 5.000000000000000e-01 0.000000000000000e+00
1.250000000000000e-01 5.000000000000000e-01 0.000000000000000e+00
1.250000000000000e-01 5.312500000000000e-01 0.000000000000000e+00
9.375000000000000e-02 5.312500000000000e-01 0.000000000000000e+00
1.250000000000000e-01 5.000000000000000e-01 0.000000000000000e+00
1.562500000000000e-01 5.000000000000000e-01 0.000000000000000e+00
1.562500000000000e-01 5.312500000000000e-01 0.000000000000000e+00
1.250000000000000e-01 5.312500000000000e-01 0.000000000000000e+00
1.562500000000000e-01 5.000000000000000e-01 0.000000000000000e+00
1.875000000000000e-01 5.000000000000000e-01 0.000000000000000e+00
1.875000000000000e-01 5.312500000000000e-01 0.000000000000000e+00
1.562500000000000e-01 5.312500000000000e-01 0.000000000000000e+00
1.875000000000000e-01 5.000000000000000e-01 0.000000000000000e+00
2.187500000000000e-01 5.000000000000000e-01 0.000000000000000e+00
2.187500000000000e-01 5.312500000000000e-01 0.000000000000000e+00
1.875000000000000e-01 5.312500000000000e-01 0.000000000000000e+00
2.187500000000000e-01 5.000000000000000e-01 0.000000000000000e+00
2.500000000000000e-01 5.000000000000000e-01 0.000000000000000e+00
2.500000000000000e-01 5.312500000000000e-01 0.000000000000000e+00
2.187500000000000e-01 5.312500000000000e-01 0.000000000000000e+00
2.500000000000000e-01 5.000000000000000e-01 0.000000000000000e+00
2.812500000000000e-01 5.000000000000000e-01 0.000000000000000e+00
2.812500000000000e-01 5.312500000000000e-01 0.000000000000000e+00
2.500000000000000e-01 5.312500000000000e-01 0.000000000000000e+00
2.812500000000000e-01 5.000000000000000e-01 0.000000000000000e+00
3.125000000000000e-01 5.000000000000000e-01 0.000000000000000e+00
3.125000000000000e-01 5.312500000000000e-01 0.000000000000000e+00
2.812500000000000e-01 5.312500000000000e-01 0.000000000000000e+00
3.125000000000000e-01 5.000000000000000e-01 0.000000000000000e+00
3.437500000000000e-01 5.000000000000000e-01 0.000000000000000e+00
3.437500000000000e-01 5.312500000000000e-01 0.000000000000000e+00
3.125000000000000e-01 5.312500000000000e-01 0.000000000000000e+00
3.437500000000000e-01 5.000000000000000e-01 0.000000000000000e+00
3.750000000000000e-01 5.000000000000000e-01 0.000000000000000e+00
3.750000000000000e-01 5.312500000000000e-01 0.000000000000000e+00
3.437500000000000e-01 5.312500000000000e-01 0.000000000000000e+00
3.750000000000000e-01 5.000000000000000e-01 0.000000000000000e+00
4.062500000000000e-01 5.000000000000000e-01 0.000000000000000e+00
4.062500000000000e-01 5.312500000000000e-01 0.000000000000000e+00
3.750000000000000e-01 5.312500000000000e-01 0.000000000000000e+00
4.062500000000000e-01 5.000000000000000e-01 0.000000000000000e+00
4.375000000000000e-01 5.000000000000000e-01 0.000000000000000e+00
4.375000000000000e-01 5.312500000000000e-01 0.000000000000000e+00
4.062500000000000e-01 5.312500000000000e-01 0.000000000000000e+00
4.375000000000000e-01 5.000000000000000e-01 0.000000000000000e+00
4.687500000000000e-01 5.000000000000000e-01 0.000000000000000e+00
4.687500000000000e-01 5.312500000000000e-01 0.000000000000000e+00
4.375000000000000e-01 5.312500000000000e-01 0.000000000000000e+00
4.687500000000000e-01 5.000000000000000e-01 0.000000000000000e+00
5.000000000000000e-01 5.000000000000000e-01 0.000000000000000e+00
5.000000000000000e-01 5.312500000000000e-01 0.000000000000000e+00
4.687500000000000e-01 5.312500000000000e-01 0.000000000000000e+00
5.000000000000000e-01 5.000000000000000e-01 0.000000000000000e+00
5.312500000000000e-01 5.000000000000000e-01 0.000000000000000e+00
5.312500000000000e-01 5.312500000000000e-01 0.000000000000000e+00
5.000000000000000e-01 5.312500000000000e-01 0.000000000000000e+00
5.312500000000000e-01 5.000000000000000e-01 0.000000000000000e+00
5.625000000000000e-01 5.000000000000000e-01 0.000000000000000e+00
5.625000000000000e-01 5.312500000000000e-01 0.000000000000000e+00
5.312500000000000e-01 5.312500000000000e-01 0.000000000000000e+00
5.625000000000000e-01 5.000000000000000e-01 0.000000000000000e+00
5.937500000000000e-01 5.000000000000000e-01 0.000000000000000e+00
5.937500000000000e-01 5.312500000000000e-01 0.000000000000000e+00
5.625000000000000e-01 5.312500000000000e-01 0.000000000000000e+00
5.937500000000000e-01 5.000000000000000e-01 0.000000000000000e+00
6.250000000000000e-01 5.000000000000000e-01 0.000000000000000e+00
6.250000000000000e-01 5.312500000000000e-01 0.000000000000000e+00
5.937500000000000e-01 5.312500000000000e-01 0.000000000000000e+00
6.250000000000000e-01 5.000000000000000e-01 0.000000000000000e+00
6.562500000000000e-01 5.000000000000000e-01 0.000000000000000e+00
6.562500000000000e-01 5.312500000000000e-01 0.000000000000000e+00
6.250000000000000e-01 5.312500000000000e-01 0.000000000000000e+00
6.562500000000000e-01 5.000000000000000e-01 0.000000000000000e+00
6.875000000000000e-01 5.000000000000000e-01 0.000000000000000e+00
6.875000000000000e-01 5.312500000000000e-01 0.000000000000000e+00
6.562500000000000e-01 5.312500000000000e-01 0.000000000000000e+00
6.875000000000000e-01 5.000000000000000e-01 0.000000000000000e+00
7.187500000000000e-01 5.000000000000000e-01 0.000000000000000e+00
7.187500000000000e-01 5.312500000000000e-01 0.000000000000000e+00
6.875000000000000e-01 5.312500000000000e-01 0.000000000000000e+00
7.187500000000000e-01 5.000000000000000e-01 0.000000000000000e+00
7.500000000000000e-01 5.000000000000000e-01 0.000000000000000e+00
7.500000000000000e-01 5.312500000000000e-01 0.000000000000000e+00
7.187500000000000e-01 5.312500000000000e-01 0.000000000000000e+00
7.500000000000000e-01 5.000000000000000e-01 0.000000000000000e+00
7.812500000000000e-01 5.000000000000000e-01 0.000000000000000e+00
7.812500000000000e-01 5.312500000000000e-01 0.000000000000000e+00
7.500000000000000e-01 5.312500000000000e-01 0.000000000000000e+00
7.812500000000000e-01 5.000000000000000e-01 0.000000000000000e+00
8.125000000000000e-01 5.000000000000000e-01 0.000000000000000e+00
8.125000000000000e-01 5.312500000000000e-01 0.000000000000000e+00
7.812500000000000e-01 5.312500000000000e-01 0.000000000000000e+00
8.125000000000000e-01 5.000000000000000e-01 0.000000000000000e+00
8.437500000000000e-01 5.000000000000000e-01 0.000000000000000e+00
8.437500000000000e-01 5.312500000000000e-01 0.000000000000000e+00
8.125000000000000e-01 5.312500000000000e-01 0.000000000000000e+00
8.437500000000000e-01 5.000000000000000e-01 0.000000000000000e+00
8.750000000000000e-01 5.000000000000000e-01 0.000000000000000e+00
8.750000000000000e-01 5.312500000000000e-01 0.000000000000000e+00
8.437500000000000e-01 5.312500000000000e-01 0.000000000000000e+00
8.750000000000000e-01 5.000000000000000e-01 0.000000000000000e+00
9.062500000000000e-01 5.000000000000000e-01 0.000000000000000e+00
9.062500000000000e-01 5.312500000000000e-01 0.000000000000000e+00
8.750000000000000e-01 5.312500000000000e-01 0.000000000000000e+00
9.062500000000000e-01 5.000000000000000e-01 0.000000000000000e+00
9.375000000000000e-01 5.000000000000000e-01 0.000000000000000e+00
9.375000000000000e-01 5.312500000000000e-01 0.000000000000000e+00
9.062500000000000e-01 5.312500000000000e-01 0.000000000000000e+00
9.375000000000000e-01 5.000000000000000e-01 0.000000000000000e+00
9.687500000000000e-01 5.000000000000000e-01 0.000000000000000e+00
9.687500000000000e-01 5.312500000000000e-01 0.000000000000000e+00
9.375000000000000e-01 5.312500000000000e-01 0.000000000000000e+00
9.687500000000000e-01 5.000000000000000e-01 0.000000000000000e+00
1.000000000000000e+00 5.000000000000000e-01 0.000000000000000e+00
1.000000000000000e+00 5.312500000000000e-01 0.000000000000000e+00
9.687500000000000e-01 5.312500000000000e-01 0.000000000000000e+00
0.000000000000000e+00 5.312500000000000e-01 0.000000000000000e+00
3.125000000000000e-02 5.312500000000000e-01 0.000000000000000e+00
3.125000000000000e-02 5.625000000000000e-01 0.000000000000000e+00
0.000000000000000e+00 5.625000000000000e-01 0.000000000000000e+00
3.125000000000000e-02 5.312500000000000e-01 0.000000000000000e+00
6.250000000000000e-02 5.312500000000000e-01 0.000000000000000e+00
6.250000000000000e-02 5.625000000000000e-01 0.000000000000000e+00
3.125000000000000e-02 5.625000000000000e-01 0.000000000000000e+00
6.250000000000000e-02 5.312500000000000e-01 0.000000000000000e+00
9.375000000000000e-02 5.312500000000000e-01 0.000000000000000e+00
9.375000000000000e-02 5.625000000000000e-01 0.000000000000000e+00
6.250000000000000e-02 5.625000000000000e-01 0.000000000000000e+00
9.375000000000000e-02 5.312500000000000e-01 0.000000000000000e+00
1.250000000000000e-01 5.312500000000000e-01 0.000000000000000e+00
1.250000000000000e-01 5.625000000000000e-01 0.000000000000000e+00
9.375000000000000e-02 5.625000000000000e-01 0.000000000000000e+00
1.250000000000000e-01 5.312500000000000e-01 0.000000000000000e+00
1.562500000000000e-01 5.312500000000000e-01 0.000000000000000e+00
1.562500000000000e-01 5.625000000000000e-01 0.000000000000000e+00
1.250000000000000e-01 5.625000000000000e-01 0.000000000000000e+00
1.562500000000000e-01 5.312500000000000e-01 0.000000000000000e+00
1.875000000000000e-01 5.312500000000000e-01 0.000000000000000e+00
1.875000000000000e-01 5.625000000000000e-01 0.000000000000000e+00
1.562500000000000e-01 5.625000000000000e-01 0.000000000000000e+00
1.875000000000000e-01 5.312500000000000e-01 0.000000000000000e+00
2.187500000000000e-01 5.312500000000000e-01 0.000000000000000e+00
2.187500000000000e-01 5.625000000000000e-01 0.000000000000000e+00
1.875000000000000e-01 5.625000000000000e-01 0.000000000000000e+00
2.187500000000000e-01 5.312500000000000e-01 0.000000000000000e+00
2.500000000000000e-01 5.312500000000000e-01 0.000000000000000e+00
2.500000000000000e-01 5.625000000000000e-01 0.000000000000000e+00
2.187500000000000e-01 5.625000000000000e-01 0.000000000000000e+00
2.500000000000000e-01 5.312500000000000e-01 0.000000000000000e+00
2.812500000000000e-01 5.312500000000000e-01 0.000000000000000e+00
2.812500000000000e-01 5.625000000000000e-01 0.000000000000000e+00
2.500000000000000e-01 5.625000000000000e-01 0.000000000000000e+00
2.812500000000000e-01 5.312500000000000e-01 0.000000000000000e+00
3.125000000000000e-01 5.312500000000000e-01 0.000000000000000e+00
3.125000000000000e-01 5.625000000000000e-01 0.000000000000000e+00
2.812500000000000e-01 5.625000000000000e-01 0.000000000000000e+00
3.125000000000000e-01 5.312500000000000e-01 0.000000000000000e+00
3.437500000000000e-01 5.312500000000000e-01 0.000000000000000e+00
3.437500000000000e-01 5.625000000000000e-01 0.000000000000000e+00
3.125000000000000e-01 5.625000000000000e-01 0.000000000000000e+00
3.437500000000000e-01 5.312500000000000e-01 0.000000000000000e+00
3.750000000000000e-01 5.312500000000000e-01 0.000000000000000e+00
3.750000000000000e-01 5.625000000000000e-01 0.000000000000000e+00
3.437500000000000e-01 5.625000000000000e-01 0.000000000000000e+00
3.750000000000000e-01 5.312500000000000e-01 0.000000000000000e+00
4.062500000000000e-01 5.312500000000000e-01 0.000000000000000e+00
4.062500000000000e-01 5.625000000000000e-01 0.000000000000000e+00
3.750000000000000e-01 5.625000000000000e-01 0.000000000000000e+00
4.062500000000000e-01 5.312500000000000e-01 0.000000000000000e+00
4.375000000000000e-01 5.312500000000000e-01 0.000000000000000e+00
4.375000000000000e-01 5.625000000000000e-01 0.000000000000000e+00
4.062500000000000e-01 5.625000000000000e-01 0.000000000000000e+00
4.375000000000000e-01 5.312500000000000e-01 0.000000000000000e+00
4.687500000000000e-01 5.312500000000000e-01 0.000000000000000e+00
4.687500000000000e-01 5.625000000000000e-01 0.000000000000000e+00
4.375000000000000e-01 5.625000000000000e-01 0.000000000000000e+00
4.687500000000000e-01 5.312500000000000e-01 0.000000000000000e+00
5.000000000000000e-01 5.312500000000000e-01 0.000000000000000e+00
5.000000000000000e-01 5.625000000000000e-01 0.000000000000000e+00
4.687500000000000e-01 5.625000000000000e-01 0.000000000000000e+00
5.000000000000000e-01 5.312500000000000e-01 0.000000000000000e+00
5.312500000000000e-01 5.312500000000000e-01 0.000000000000000e+00
5.312500000000000e-01 5.625000000000000e-01 0.000000000000000e+00
5.000000000000000e-01 5.625000000000000e-01 0.000000000000000e+00
5.312500000000000e-01 5.312500000000000e-01 0.000000000000000e+00
5.625000000000000e-01 5.312500000000000e-01 0.000000000000000e+00
5.625000000000000e-01 5.625000000000000e-01 0.000000000000000e+00
5.312500000000000e-01 5.625000000000000e-01 0.000000000000000e+00
5.625000000000000e-01 5.312500000000000e-01 0.000000000000000e+00
5.937500000000000e-01 5.312500000000000e-01 0.000000000000000e+00
5.937500000000000e-01 5.625000000000000e-01 0.000000000000000e+00
5.625000000000000e-01 5.625000000000000e-01 0.000000000000000e+00
5.937500000000000e-01 5.312500000000000e-01 0.000000000000000e+00
6.250000000000000e-01 5.312500000000000e-01 0.000000000000000e+00
6.250000000000000e-01 5.625000000000000e-01 0.000000000000000e+00
5.937500000000000e-01 5.625000000000000e-01 0.000000000000000e+00
6.250000000000000e-01 5.312500000000000e-01 0.000000000000000e+00
6.562500000000000e-01 5.312500000000000e-01 0.000000000000000e+00
6.562500000000000e-01 5.625000000000000e-01 0.000000000000000e+00
6.250000000000000e-01 5.625000000000000e-01 0.000000000000000e+00
6.562500000000000e-01 5.312500000000000e-01 0.000000000000000e+00
6.875000000000000e-01 5.312500000000000e-01 0.000000000000000e+00
6.875000000000000e-01 5.625000000000000e-01 0.000000000000000e+00
6.562500000000000e-01 5.625000000000000e-01 0.000000000000000e+00
6.875000000000000e-01 5.312500000000000e-01 0.000000000000000e+00
7.187500000000000e-01 5.312500000000000e-01 0.000000000000000e+00
7.187500000000000e-01 5.625000000000000e-01 0.000000000000000e+00
6.875000000000000e-01 5.625000000000000e-01 0.000000000000000e+00
7.187500000000000e-01 5.312500000000000e-01 0.000000000000000e+00
7.500000000000000e-01 5.312500000000000e-01 0.000000000000000e+00
7.500000000000000e-01 5.625000000000000e-01 0.000000000000000e+00
7.187500000000000e-01 5.625000000000000e-01 0.000000000000000e+00
7.500000000000000e-01 5.312500000000000e-01 0.000000000000000e+00
7.812500000000000e-01 5.312500000000000e-01 0.000000000000000e+00
7.812500000000000e-01 5.625000000000000e-01 0.000000000000000e+00
7.500000000000000e-01 5.625000000000000e-01 0.000000000000000e+00
7.812500000000000e-01 5.312500000000000e-01 0.000000000000000e+00
8.125000000000000e-01 5.312500000000000e-01 0.000000000000000e+00
8.125000000000000e-01 5.625000000000000e-01 0.000000000000000e+00
7.812500000000000e-01 5.625000000000000e-01 0.000000000000000e+00
8.125000000000000e-01 5.312500000000000e-01 0.000000000000000e+00
8.437500000000000e-01 5.312500000000000e-01 0.000000000000000e+00
8.437500000000000e-01 5.625000000000000e-01 0.000000000000000e+00
8.125000000000000e-01 5.625000000000000e-01 0.000000000000000e+00
8.437500000000000e-01 5.312500000000000e-01 0.000000000000000e+00
8.750000000000000e-01 5.312500000000000e-01 0.000000000000000e+00
8.750000000000000e-01 5.625000000000000e-01 0.000000000000000e+00
8.437500000000000e-01 5.625000000000000e-01 0.000000000000000e+00
8.750000000000000e-01 5.312500000000000e-01 0.000000000000000e+00
9.062500000000000e-01 5.312500000000000e-01 0.000000000000000e+00
9.062500000000000e-01 5.625000000000000e-01 0.000000000000000e+00
8.750000000000000e-01 5.625000000000000e-01 0.000000000000000e+00
9.062500000000000e-01 5.312500000000000e-01 0.000000000000000e+00
9.375000000000000e-01 5.312500000000000e-01 0.000000000000000e+00
9.375000000000000e-01 5.625000000000000e-01 0.000000000000000e+00
9.062500000000000e-01 5.625000000000000e-01 0.000000000000000e+00
9.375000000000000e-01 5.312500000000000e-01 0.000000000000000e+00
9.687500000000000e-01 5.312500000000000e-01 0.000000000000000e+00
9.687500000000000e-01 5.625000000000000e-01 0.000000000000000e+00
9.375000000000000e-01 5.625000000000000e-01 0.000000000000000e+00
9.687500000000000e-01 5.312500000000000e-01 0.000000000000000e+00
1.000000000000000e+00 5.312500000000000e-01 0.000000000000000e+00
1.000000000000000e+00 5.625000000000000e-01 0.000000000000000e+00
9.687500000000000e-01 5.625000000000000e-01 0.000000000000000e+00
0.000000000000000e+00 5.625000000000000e-01 0.000000000000000e+00
3.125000000000000e-02 5.625000000000000e-01 0.000000000000000e+00
3.125000000000000e-02 5.937500000000000e-01 0.000000000000000e+00
0.000000000000000e+00 5.937500000000000e-01 0.000000000000000e+00
3.125000000000000e-02 5.625000000000000e-01 0.000000000000000e+00
6.250000000000000e-02 5.625000000000000e-01 0.000000000000000e+00
6.250000000000000e-02 5.937500000000000e-01 0.000000000000000e+00
3.125000000000000e-02 5.937500000000000e-01 0.000000000000000e+00
6.250000000000000e-02 5.625000000000000e-01 0.000000000000000e+00
9.375000000000000e-02 5.625000000000000e-01 0.000000000000000e+00
9.375000000000000e-02 5.937500000000000e-01 0.000000000000000e+00
6.250000000000000e-02 5.937500000000000e-01 0.000000000000000e+00
9.375000000000000e-02 5.625000000000000e-01 0.000000000000000e+00
1.250000000000000e-01 5.625000000000000e-01 0.000000000000000e+00
1.250000000000000e-01 5.937500000000000e-01 0.000000000000000e+00
9.375000000000000e-02 5.937500000000000e-01 0.000000000000000e+00
1.250000000000000e-01 5.625000000000000e-01 0.000000000000000e+00
1.562500000000000e-01 5.625000000000000e-01 0.000000000000000e+00
1.562500000000000e-01 5.937500000000000e-01 0.000000000000000e+00
1.250000000000000e-01 5.937500000000000e-01 0.000000000000000e+00
1.562500000000000e-01 5.625000000000000e-01 0.000000000000000e+00
1.875000000000000e-01 5.625000000000000e-01 0.000000000000000e+00
1.875000000000000e-01 5.937500000000000e-01 0.000000000000000e+00
1.562500000000000e-01 5.937500000000000e-01 0.000000000000000e+00
1.875000000000000e-01 5.625000000000000e-01 0.000000000000000e+00
2.187500000000000e-01 5.625000000000000e-01 0.000000000000000e+00
2.187500000000000e-01 5.937500000000000e-01 0.000000000000000e+00
1.875000000000000e-01 5.937500000000000e-01 0.000000000000000e+00
2.187500000000000e-01 5.625000000000000e-01 0.000000000000000e+00
2.500000000000000e-01 5.625000000000000e-01 0.000000000000000e+00
2.500000000000000e-01 5.937500000000000e-01 0.000000000000000e+00
2.187500000000000e-01 5.937500000000000e-01 0.000000000000000e+00
2.500000000000000e-01 5.625000000000000e-01 0.000000000000000e+00
2.812500000000000e-01 5.625000000000000e-01 0.000000000000000e+00
2.812500000000000e-01 5.937500000000000e-01 0.000000000000000e+00
2.500000000000000e-01 5.937500000000000e-01 0.000000000000000e+00
2.812500000000000e-01 5.625000000000000e-01 0.000000000000000e+00
3.125000000000000e-01 5.625000000000000e-01 0.000000000000000e+00
3.125000000000000e-01 5.937500000000000e-01 0.000000000000000e+00
2.812500000000000e-01 5.937500000000000e-01 0.000000000000000e+00
3.125000000000000e-01 5.625000000000000e-01 0.000000000000000e+00
3.437500000000000e-01 5.625000000000000e-01 0.000000000000000e+00
3.437500000000000e-01 5.937500000000000e-01 0.000000000000000e+00
3.125000000000000e-01 5.937500000000000e-01 0.000000000000000e+00
3.437500000000000e-01 5.625000000000000e-01 0.000000000000000e+00
3.750000000000000e-01 5.625000000000000e-01 0.000000000000000e+00
3.750000000000000e-01 5.937500000000000e-01 0.000000000000000e+00
3.437500000000000e-01 5.937500000000000e-01 0.000000000000000e+00
3.750000000000000e-01 5.625000000000000e-01 0.000000000000000e+00
4.062500000000000e-01 5.625000000000000e-01 0.000000000000000e+00
4.062500000000000e-01 5.937500000000000e-01 0.000000000000000e+00
3.750000000000000e-01 5.937500000000000e-01 0.000000000000000e+00
4.062500000000000e-01 5.625000000000000e-01 0.000000000000000e+00
4.375000000000000e-01 5.625000000000000e-01 0.000000000000000e+00
4.375000000000000e-01 5.937500000000000e-01 0.000000000000000e+00
4.062500000000000e-01 5.937500000000000e-01 0.000000000000000e+00
4.375000000000000e-01 5.625000000000000e-01 0.000000000000000e+00
4.687500000000000e-01 5.625000000000000e-01 0.000000000000000e+00
4.687500000000000e-01 5.937500000000000e-01 0.000000000000000e+00
4.375000000000000e-01 5.937500000000000e-01 0.000000000000000e+00
4.687500000000000e-01 5.625000000000000e-01 0.000000000000000e+00
5.000000000000000e-01 5.625000000000000e-01 0.000000000000000e+00
5.000000000000000e-01 5.937500000000000e-01 0.000000000000000e+00
4.687500000000000e-01 5.937500000000000e-01 0.000000000000000e+00
5.000000000000000e-01 5.625000000000000e-01 0.000000000000000e+00
5.312500000000000e-01 5.625000000000000e-01 0.000000000000000e+00
5.312500000000000e-01 5.937500000000000e-01 0.000000000000000e+00
5.000000000000000e-01 5.937500000000000e-01 0.000000000000000e+00
5.312500000000000e-01 5.625000000000000e-01 0.000000000000000e+00
5.625000000000000e-01 5.625000000000000e-01 0.000000000000000e+00
5.625000000000000e-01 5.937500000000000e-01 0.000000000000000e+00
5.312500000000000e-01 5.937500000000000e-01 0.000000000000000e+00
5.625000000000000e-01 5.625000000000000e-01 0.000000000000000e+00
5.937500000000000e-01 5.625000000000000e-01 0.000000000000000e+00
5.937500000000000e-01 5.937500000000000e-01 0.000000000000000e+00
5.625000000000000e-01 5.937500000000000e-01 0.000000000000000e+00
5.937500000000000e-01 5.625000000000000e-01 0.000000000000000e+00
6.250000000000000e-01 5.625000000000000e-01 0.000000000000000e+00
6.250000000000000e-01 5.937500000000000e-01 0.000000000000000e+00
5.937500000000000e-01 5.937500000000000e-01 0.000000000000000e+00
6.250000000000000e-01 5.625000000000000e-01 0.000000000000000e+00
6.562500000000000e-01 5.625000000000000e-01 0.000000000000000e+00
6.562500000000000e-01 5.937500000000000e-01 0.000000000000000e+00
6.250000000000000e-01 5.937500000000000e-01 0.000000000000000e+00
6.562500000000000e-01 5.625000000000000e-01 0.000000000000000e+00
6.875000000000000e-01 5.625000000000000e-01 0.000000000000000e+00
6.875000000000000e-01 5.937500000000000e-01 0.000000000000000e+00
6.562500000000000e-01 5.937500000000000e-01 0.000000000000000e+00
6.875000000000000e-01 5.625000000000000e-01 0.000000000000000e+00
7.187500000000000e-01 5.625000000000000e-01 0.000000000000000e+00
7.187500000000000e-01 5.937500000000000e-01 0.000000000000000e+00
6.875000000000000e-01 5.937500000000000e-01 0.000000000000000e+00
7.187500000000000e-01 5.625000000000000e-01 0.000000000000000e+00
7.500000000000000e-01 5.625000000000000e-01 0.000000000000000e+00
7.500000000000000e-01 5.937500000000000e-01 0.000000000000000e+00
7.187500000000000e-01 5.937500000000000e-01 0.000000000000000e+00
7.500000000000000e-01 5.625000000000000e-01 0.000000000000000e+00
7.812500000000000e-01 5.625000000000000e-01 0.000000000000000e+00
7.812500000000000e-01 5.937500000000000e-01 0.000000000000000e+00
7.500000000000000e-01 5.937500000000000e-01 0.000000000000000e+00
7.812500000000000e-01 5.625000000000000e-01 0.000000000000000e+00
8.125000000000000e-01 5.625000000000000e-01 0.000000000000000e+00
8.125000000000000e-01 5.937500000000000e-01 0.000000000000000e+00
7.812500000000000e-01 5.937500000000000e-01 0.000000000000000e+00
8.125000000000000e-01 5.625000000000000e-01 0.000000000000000e+00
8.437500000000000e-01 5.625000000000000e-01 0.000000000000000e+00
8.437500000000000e-01 5.937500000000000e-01 0.000000000000000e+00
8.125000000000000e-01 5.937500000000000e-01 0.000000000000000e+00
8.437500000000000e-01 5.625000000000000e-01 0.000000000000000e+00
8.750000000000000e-01 5.625000000000000e-01 0.000000000000000e+00
8.750000000000000e-01 5.937500000000000e-01 0.000000000000000e+00
8.437500000000000e-01 5.937500000000000e-01 0.000000000000000e+00
8.750000000000000e-01 5.625000000000000e-01 0.000000000000000e+00
9.062500000000000e-01 5.625000000000000e-01 0.000000000000000e+00
9.062500000000000e-01 5.937500000000000e-01 0.000000000000000e+00
8.750000000000000e-01 5.937500000000000e-01 0.000000000000000e+00
9.062500000000000e-01 5.625000000000000e-01 0.000000000000000e+00
9.375000000000000e-01 5.625000000000000e-01 0.000000000000000e+00
9.375000000000000e-01 5.937500000000000e-01 0.000000000000000e+00
9.062500000000000e-01 5.937500000000000e-01 0.000000000000000e+00
9.375000000000000e-01 5.625000000000000e-01 0.000000000000000e+00
9.687500000000000e-01 5.625000000000000e-01 0.000000000000000e+00
9.687500000000000e-01 5.937500000000000e-01 0.000000000000000e+00
9.375000000000000e-01 5.937500000000000e-01 0.000000000000000e+00
9.687500000000000e-01 5.625000000000000e-01 0.000000000000000e+00
1.000000000000000e+00 5.625000000000000e-01 0.000000000000000e+00
1.000000000000000e+00 5.937500000000000e-01 0.000000000000000e+00
9.687500000000000e-01 5.937500000000000e-01 0.000000000000000e+00
0.000000000000000e+00 5.937500000000000e-01 0.000000000000000e+00
3.125000000000000e-02 5.937500000000000e-01 0.000000000000000e+00
3.125000000000000e-02 6.250000000000000e-01 0.000000000000000e+00
0.000000000000000e+00 6.250000000000000e-01 0.000000000000000e+00
3.125000000000000e-02 5.937500000000000e-01 0.000000000000000e+00
6.250000000000000e-02 5.937500000000000e-01 0.000000000000000e+00
6.250000000000000e-02 6.250000000000000e-01 0.000000000000000e+00
3.125000000000000e-02 6.250000000000000e-01 0.000000000000000e+00
6.250000000000000e-02 5.937500000000000e-01 0.000000000000000e+00
9.375000000000000e-02 5.937500000000000e-01 0.000000000000000e+00
9.375000000000000e-02 6.250000000000000e-01 0.000000000000000e+00
6.250000000000000e-02 6.250000000000000e-01 0.000000000000000e+00
9.375000000000000e-02 5.937500000000000e-01 0.000000000000000e+00
1.250000000000000e-01 5.937500000000000e-01 0.000000000000000e+00
1.250000000000000e-01 6.250000000000000e-01 0.000000000000000e+00
9.375000000000000e-02 6.250000000000000e-01 0.000000000000000e+00
1.250000000000000e-01 5.937500000000000e-01 0.000000000000000e+00
1.562500000000000e-01 5.937500000000000e-01 0.000000000000000e+00
1.562500000000000e-01 6.250000000000000e-01 0.000000000000000e+00
1.250000000000000e-01 6.250000000000000e-01 0.000000000000000e+00
1.562500000000000e-01 5.937500000000000e-01 0.000000000000000e+00
1.875000000000000e-01 5.937500000000000e-01 0.000000000000000e+00
1.875000000000000e-01 6.250000000000000e-01 0.000000000000000e+00
1.562500000000000e-01 6.250000000000000e-01 0.000000000000000e+00
1.875000000000000e-01 5.937500000000000e-01 0.000000000000000e+00
2.187500000000000e-01 5.937500000000000e-01 0.000000000000000e+00
2.187500000000000e-01 6.250000000000000e-01 0.000000000000000e+00
1.875000000000000e-01 6.250000000000000e-01 0.000000000000000e+00
2.187500000000000e-01 5.937500000000000e-01 0.000000000000000e+00
2.500000000000000e-01 5.937500000000000e-01 0.000000000000000e+00
2.500000000000000e-01 6.250000000000000e-01 0.000000000000000e+00
2.187500000000000e-01 6.250000000000000e-01 0.000000000000000e+00
2.500000000000000e-01 5.937500000000000e-01 0.000000000000000e+00
2.812500000000000e-01 5.937500000000000e-01 0.000000000000000e+00
2.812500000000000e-01 6.250000000000000e-01 0.000000000000000e+00
2.500000000000000e-01 6.250000000000000e-01 0.000000000000000e+00
2.812500000000000e-01 5.937500000000000e-01 0.000000000000000e+00
3.125000000000000e-01 5.937500000000000e-01 0.000000000000000e+00
3.125000000000000e-01 6.250000000000000e-01 0.000000000000000e+00
2.812500000000000e-01 6.250000000000000e-01 0.000000000000000e+00
3.125000000000000e-01 5.937500000000000e-01 0.000000000000000e+00
3.437500000000000e-01 5.937500000000000e-01 0.000000000000000e+00
3.437500000000000e-01 6.250000000000000e-01 0.000000000000000e+00
3.125000000000000e-01 6.250000000000000e-01 0.000000000000000e+00
3.437500000000000e-01 5.937500000000000e-01 0.000000000000000e+00
3.750000000000000e-01 5.937500000000000e-01 0.000000000000000e+00
3.750000000000000e-01 6.250000000000000e-01 0.000000000000000e+00
3.437500000000000e-01 6.250000000000000e-01 0.000000000000000e+00
3.750000000000000e-01 5.937500000000000e-01 0.000000000000000e+00
4.062500000000000e-01 5.937500000000000e-01 0.000000000000000e+00
4.062500000000000e-01 6.250000000000000e-01 0.000000000000000e+00
3.750000000000000e-01 6.250000000000000e-01 0.000000000000000e+00
4.062500000000000e-01 5.937500000000000e-01 0.000000000000000e+00
4.375000000000000e-01 5.937500000000000e-01 0.000000000000000e+00
4.375000000000000e-01 6.250000000000000e-01 0.000000000000000e+00
4.062500000000000e-01 6.250000000000000e-01 0.000000000000000e+00
4.375000000000000e-01 5.937500000000000e-01 0.000000000000000e+00
4.687500000000000e-01 5.937500000000000e-01 0.000000000000000e+00
4.687500000000000e-01 6.250000000000000e-01 0.000000000000000e+00
4.375000000000000e-01 6.250000000000000e-01 0.000000000000000e+00
4.687500000000000e-01 5.937500000000000e-01 0.000000000000000e+00
5.000000000000000e-01 5.937500000000000e-01 0.000000000000000e+00
5.000000000000000e-01 6.250000000000000e-01 0.000000000000000e+00
4.687500000000000e-01 6.250000000000000e-01 0.000000000000000e+00
5.000000000000000e-01 5.937500000000000e-01 0.000000000000000e+00
5.312500000000000e-01 5.937500000000000e-01 0.000000000000000e+00
5.312500000000000e-01 6.250000000000000e-01 0.000000000000000e+00
5.000000000000000e-01 6.250000000000000e-01 0.000000000000000e+00
5.312500000000000e-01 5.937500000000000e-01 0.000000000000000e+00
5.625000000000000e-01 5.937500000000000e-01 0.000000000000000e+00
5.625000000000000e-01 6.250000000000000e-01 0.000000000000000e+00
5.312500000000000e-01 6.250000000000000e-01 0.000000000000000e+00
5.625000000000000e-01 5.937500000000000e-01 0.000000000000000e+00
5.937500000000000e-01 5.937500000000000e-01 0.000000000000000e+00
5.937500000000000e-01 6.250000000000000e-01 0.000000000000000e+00
5.625000000000000e-01 6.250000000000000e-01 0.000000000000000e+00
5.937500000000000e-01 5.937500000000000e-01 0.000000000000000e+00
6.250000000000000e-01 5.937500000000000e-01 0.000000000000000e+00
6.250000000000000e-01 6.250000000000000e-01 0.000000000000000e+00
5.937500000000000e-01 6.250000000000000e-01 0.000000000000000e+00
6.250000000000000e-01 5.937500000000000e-01 0.000000000000000e+00
6.562500000000000e-01 5.937500000000000e-01 0.000000000000000e+00
6.562500000000000e-01 6.250000000000000e-01 0.000000000000000e+00
6.250000000000000e-01 6.250000000000000e-01 0.000000000000000e+00
6.562500000000000e-01 5.937500000000000e-01 0.000000000000000e+00
6.875000000000000e-01 5.937500000000000e-01 0.000000000000000e+00
6.875000000000000e-01 6.250000000000000e-01 0.000000000000000e+00
6.562500000000000e-01 6.250000000000000e-01 0.000000000000000e+00
6.875000000000000e-01 5.937500000000000e-01 0.000000000000000e+00
7.187500000000000e-01 5.937500000000000e-01 0.000000000000000e+00
7.187500000000000e-01 6.250000000000000e-01 0.000000000000000e+00
6.875000000000000e-01 6.250000000000000e-01 0.000000000000000e+00
7.187500000000000e-01 5.937500000000000e-01 0.000000000000000e+00
7.500000000000000e-01 5.937500000000000e-01 0.000000000000000e+00
7.500000000000000e-01 6.250000000000000e-01 0.000000000000000e+00
7.187500000000000e-01 6.250000000000000e-01 0.000000000000000e+00
7.500000000000000e-01 5.937500000000000e-01 0.000000000000000e+00
7.812500000000000e-01 5.937500000000000e-01 0.000000000000000e+00
7.812500000000000e-01 6.250000000000000e-01 0.000000000000000e+00
7.500000000000000e-01 6.250000000000000e-01 0.000000000000000e+00
7.812500000000000e-01 5.937500000000000e-01 0.000000000000000e+00
8.125000000000000e-01 5.937500000000000e-01 0.000000000000000e+00
8.125000000000000e-01 6.250000000000000e-01 0.000000000000000e+00
7.812500000000000e-01 6.250000000000000e-01 0.000000000000000e+00
8.125000000000000e-01 5.937500000000000e-01 0.000000000000000e+00
8.437500000000000e-01 5.937500000000000e-01 0.000000000000000e+00
8.437500000000000e-01 6.250000000000000e-01 0.000000000000000e+00
8.125000000000000e-01 6.250000000000000e-01 0.000000000000000e+00
8.437500000000000e-01 5.937500000000000e-01 0.000000000000000e+00
8.750000000000000e-01 5.937500000000000e-01 0.000000000000000e+00
8.750000000000000e-01 6.250000000000000e-01 0.000000000000000e+00
8.437500000000000e-01 6.250000000000000e-01 0.000000000000000e+00
8.750000000000000e-01 5.937500000000000e-01 0.000000000000000e+00
9.062500000000000e-01 5.937500000000000e-01 0.000000000000000e+00
9.062500000000000e-01 6.250000000000000e-01 0.000000000000000e+00
8.750000000000000e-01 6.250000000000000e-01 0.000000000000000e+00
9.062500000000000e-01 5.937500000000000e-01 0.000000000000000e+00
9.375000000000000e-01 5.937500000000000e-01 0.000000000000000e+00
9.375000000000000e-01 6.250000000000000e-01 0.000000000000000e+00
9.062500000000000e-01 6.250000000000000e-01 0.000000000000000e+00
9.375000000000000e-01 5.937500000000000e-01 0.000000000000000e+00
9.687500000000000e-01 5.937500000000000e-01 0.000000000000000e+00
9.687500000000000e-01 6.250000000000000e-01 0.000000000000000e+00
9.375000000000000e-01 6.250000000000000e-01 0.000000000000000e+00
9.687500000000000e-01 5.937500000000000e-01 0.000000000000000e+00
1.000000000000000e+00 5.937500000000000e-01 0.000000000000000e+00
1.000000000000000e+00 6.250000000000000e-01 0.000000000000000e+00
9.687500000000000e-01 6.250000000000000e-01 0.000000000000000e+00
0.000000000000000e+00 6.250000000000000e-01 0.000000000000000e+00
3.125000000000000e-02 6.250000000000000e-01 0.000000000000000e+00
3.125000000000000e-02 6.562500000000000e-01 0.000000000000000e+00
0.000000000000000e+00 6.562500000000000e-01 0.000000000000000e+00
3.125000000000000e-02 6.250000000000000e-01 0.000000000000000e+00
6.250000000000000e-02 6.250000000000000e-01 0.000000000000000e+00
6.250000000000000e-02 6.562500000000000e-01 0.000000000000000e+00
3.125000000000000e-02 6.562500000000000e-01 0.000000000000000e+00
6.250000000000000e-02 6.250000000000000e-01 0.000000000000000e+00
9.375000000000000e-02 6.250000000000000e-01 0.000000000000000e+00
9.375000000000000e-02 6.562500000000000e-01 0.000000000000000e+00
6.250000000000000e-02 6.562500000000000e-01 0.000000000000000e+00
9.375000000000000e-02 6.250000000000000e-01 0.000000000000000e+00
1.250000000000000e-01 6.250000000000000e-01 0.000000000000000e+00
1.250000000000000e-01 6.562500000000000e-01 0.000000000000000e+00
9.375000000000000e-02 6.562500000000000e-01 0.000000000000000e+00
1.250000000000000e-01 6.250000000000000e-01 0.000000000000000e+00
1.562500000000000e-01 6.250000000000000e-01 0.000000000000000e+00
1.562500000000000e-01 6.562500000000000e-01 0.000000000000000e+00
1.250000000000000e-01 6.562500000000000e-01 0.000000000000000e+00
1.562500000000000e-01 6.250000000000000e-01 0.000000000000000e+00
1.875000000000000e-01 6.250000000000000e-01 0.000000000000000e+00
1.875000000000000e-01 6.562500000000000e-01 0.000000000000000e+00
1.562500000000000e-01 6.562500000000000e-01 0.000000000000000e+00
1.875000000000000e-01 6.250000000000000e-01 0.000000000000000e+00
2.187500000000000e-01 6.250000000000000e-01 0.000000000000000e+00
2.187500000000000e-01 6.562500000000000e-01 0.000000000000000e+00
1.875000000000000e-01 6.562500000000000e-01 0.000000000000000e+00
2.187500000000000e-01 6.250000000000000e-01 0.000000000000000e+00
2.500000000000000e-01 6.250000000000000e-01 0.000000000000000e+00
2.500000000000000e-01 6.562500000000000e-01 0.000000000000000e+00
2.187500000000000e-01 6.562500000000000e-01 0.000000000000000e+00
2.500000000000000e-01 6.250000000000000e-01 0.000000000000000e+00
2.812500000000000e-01 6.250000000000000e-01 0.000000000000000e+00
2.812500000000000e-01 6.562500000000000e-01 0.000000000000000e+00
2.500000000000000e-01 6.562500000000000e-01 0.000000000000000e+00
2.812500000000000e-01 6.250000000000000e-01 0.000000000000000e+00
3.125000000000000e-01 6.250000000000000e-01 0.000000000000000e+00
3.125000000000000e-01 6.562500000000000e-01 0.000000000000000e+00
2.812500000000000e-01 6.562500000000000e-01 0.000000000000000e+00
3.125000000000000e-01 6.250000000000000e-01 0.000000000000000e+00
3.437500000000000e-01 6.250000000000000e-01 0.000000000000000e+00
3.437500000000000e-01 6.562500000000000e-01 0.000000000000000e+00
3.125000000000000e-01 6.562500000000000e-01 0.000000000000000e+00
3.437500000000000e-01 6.250000000000000e-01 0.000000000000000e+00
3.750000000000000e-01 6.250000000000000e-01 0.000000000000000e+00
3.750000000000000e-01 6.562500000000000e-01 0.000000000000000e+00
3.437500000000000e-01 6.562500000000000e-01 0.000000000000000e+00
3.750000000000000e-01 6.250000000000000e-01 0.000000000000000e+00
4.062500000000000e-01 6.250000000000000e-01 0.000000000000000e+00
4.062500000000000e-01 6.562500000000000e-01 0.000000000000000e+00
3.750000000000000e-01 6.562500000000000e-01 0.000000000000000e+00
4.062500000000000e-01 6.250000000000000e-01 0.000000000000000e+00
4.375000000000000e-01 6.250000000000000e-01 0.000000000000000e+00
4.375000000000000e-01 6.562500000000000e-01 0.000000000000000e+00
4.062500000000000e-01 6.562500000000000e-01 0.000000000000000e+00
4.375000000000000e-01 6.250000000000000e-01 0.000000000000000e+00
4.687500000000000e-01 6.250000000000000e-01 0.000000000000000e+00
4.687500000000000e-01 6.562500000000000e-01 0.000000000000000e+00
4.375000000000000e-01 6.562500000000000e-01 0.000000000000000e+00
4.687500000000000e-01 6.250000000000000e-01 0.000000000000000e+00
5.000000000000000e-01 6.250000000000000e-01 0.000000000000000e+00
5.000000000000000e-01 6.562500000000000e-01 0.000000000000000e+00
4.687500000000000e-01 6.562500000000000e-01 0.000000000000000e+00
5.000000000000000e-01 6.250000000000000e-01 0.000000000000000e+00
5.312500000000000e-01 6.250000000000000e-01 0.000000000000000e+00
5.312500000000000e-01 6.562500000000000e-01 0.000000000000000e+00
5.000000000000000e-01 6.562500000000000e-01 0.000000000000000e+00
5.312500000000000e-01 6.250000000000000e-01 0.000000000000000e+00
5.625000000000000e-01 6.250000000000000e-01 0.000000000000000e+00
5.625000000000000e-01 6.562500000000000e-01 0.000000000000000e+00
5.312500000000000e-01 6.562500000000000e-01 0.000000000000000e+00
5.625000000000000e-01 6.250000000000000e-01 0.000000000000000e+00
5.937500000000000e-01 6.250000000000000e-01 0.000000000000000e+00
5.937500000000000e-01 6.562500000000000e-01 0.000000000000000e+00
5.625000000000000e-01 6.562500000000000e-01 0.000000000000000e+00
5.937500000000000e-01 6.250000000000000e-01 0.000000000000000e+00
6.250000000000000e-01 6.250000000000000e-01 0.000000000000000e+00
6.250000000000000e-01 6.562500000000000e-01 0.000000000000000e+00
5.937500000000000e-01 6.562500000000000e-01 0.000000000000000e+00
6.250000000000000e-01 6.250000000000000e-01 0.000000000000000e+00
6.562500000000000e-01 6.250000000000000e-01 0.000000000000000e+00
6.562500000000000e-01 6.562500000000000e-01 0.000000000000000e+00
6.250000000000000e-01 6.562500000000000e-01 0.000000000000000e+00
6.562500000000000e-01 6.250000000000000e-01 0.000000000000000e+00
6.875000000000000e-01 6.250000000000000e-01 0.000000000000000e+00
6.875000000000000e-01 6.562500000000000e-01 0.000000000000000e+00
6.562500000000000e-01 6.562500000000000e-01 0.000000000000000e+00
6.875000000000000e-01 6.250000000000000e-01 0.000000000000000e+00
7.187500000000000e-01 6.250000000000000e-01 0.000000000000000e+00
7.187500000000000e-01 6.562500000000000e-01 0.000000000000000e+00
6.875000000000000e-01 6.562500000000000e-01 0.000000000000000e+00
7.187500000000000e-01 6.250000000000000e-01 0.000000000000000e+00
7.500000000000000e-01 6.250000000000000e-01 0.000000000000000e+00
7.500000000000000e-01 6.562500000000000e-01 0.000000000000000e+00
7.187500000000000e-01 6.562500000000000e-01 0.000000000000000e+00
7.500000000000000e-01 6.250000000000000e-01 0.000000000000000e+00
7.812500000000000e-01 6.250000000000000e-01 0.000000000000000e+00
7.812500000000000e-01 6.562500000000000e-01 0.000000000000000e+00
7.500000000000000e-01 6.562500000000000e-01 0.000000000000000e+00
7.812500000000000e-01 6.250000000000000e-01 0.000000000000000e+00
8.125000000000000e-01 6.250000000000000e-01 0.000000000000000e+00
8.125000000000000e-01 6.562500000000000e-01 0.000000000000000e+00
7.812500000000000e-01 6.562500000000000e-01 0.000000000000000e+00
8.125000000000000e-01 6.250000000000000e-01 0.000000000000000e+00
8.437500000000000e-01 6.250000000000000e-01 0.000000000000000e+00
8.437500000000000e-01 6.562500000000000e-01 0.000000000000000e+00
8.125000000000000e-01 6.562500000000000e-01 0.000000000000000e+00
8.437500000000000e-01 6.250000000000000e-01 0.000000000000000e+00
8.750000000000000e-01 6.250000000000000e-01 0.000000000000000e+00
8.750000000000000e-01 6.562500000000000e-01 0.000000000000000e+00
8.437500000000000e-01 6.562500000000000e-01 0.000000000000000e+00
8.750000000000000e-01 6.250000000000000e-01 0.000000000000000e+00
9.062500000000000e-01 6.250000000000000e-01 0.000000000000000e+00
9.062500000000000e-01 6.562500000000000e-01 0.000000000000000e+00
8.750000000000000e-01 6.562500000000000e-01 0.000000000000000e+00
9.062500000000000e-01 6.250000000000000e-01 0.000000000000000e+00
9.375000000000000e-01 6.250000000000000e-01 0.000000000000000e+00
9.375000000000000e-01 6.562500000000000e-01 0.000000000000000e+00
9.062500000000000e-01 6.562500000000000e-01 0.000000000000000e+00
9.375000000000000e-01 6.250000000000000e-01 0.000000000000000e+00
9.687500000000000e-01 6.250000000000000e-01 0.000000000000000e+00
9.687500000000000e-01 6.562500000000000e-01 0.000000000000000e+00
9.375000000000000e-01 6.562500000000000e-01 0.000000000000000e+00
9.687500000000000e-01 6.250000000000000e-01 0.000000000000000e+00
1.000000000000000e+00 6.250000000000000e-01 0.000000000000000e+00
1.000000000000000e+00 6.562500000000000e-01 0.000000000000000e+00
9.687500000000000e-01 6.562500000000000e-01 0.000000000000000e+00
0.000000000000000e+00 6.562500000000000e-01 0.000000000000000e+00
3.125000000000000e-02 6.562500000000000e-01 0.000000000000000e+00
3.125000000000000e-02 6.875000000000000e-01 0.000000000000000e+00
0.000000000000000e+00 6.875000000000000e-01 0.000000000000000e+00
3.125000000000000e-02 6.562500000000000e-01 0.000000000000000e+00
6.250000000000000e-02 6.562500000000000e-01 0.000000000000000e+00
6.250000000000000e-02 6.875000000000000e-01 0.000000000000000e+00
3.125000000000000e-02 6.875000000000000e-01 0.000000000000000e+00
6.250000000000000e-02 6.562500000000000e-01 0.000000000000000e+00
9.375000000000000e-02 6.562500000000000e-01 0.000000000000000e+00
9.375000000000000e-02 6.875000000000000e-01 0.000000000000000e+00
6.250000000000000e-02 6.875000000000000e-01 0.000000000000000e+00
9.375000000000000e-02 6.562500000000000e-01 0.000000000000000e+00
1.250000000000000e-01 6.562500000000000e-01 0.000000000000000e+00
1.250000000000000e-01 6.875000000000000e-01 0.000000000000000e+00
9.375000000000000e-02 6.875000000000000e-01 0.000000000000000e+00
1.250000000000000e-01 6.562500000000000e-01 0.000000000000000e+00
1.562500000000000e-01 6.562500000000000e-01 0.000000000000000e+00
1.562500000000000e-01 6.875000000000000e-01 0.000000000000000e+00
1.250000000000000e-01 6.875000000000000e-01 0.000000000000000e+00
1.562500000000000e-01 6.562500000000000e-01 0.000000000000000e+00
1.875000000000000e-01 6.562500000000000e-01 0.000000000000000e+00
1.875000000000000e-01 6.875000000000000e-01 0.000000000000000e+00
1.562500000000000e-01 6.875000000000000e-01 0.000000000000000e+00
1.875000000000000e-01 6.562500000000000e-01 0.000000000000000e+00
2.187500000000000e-01 6.562500000000000e-01 0.000000000000000e+00
2.187500000000000e-01 6.875000000000000e-01 0.000000000000000e+00
1.875000000000000e-01 6.875000000000000e-01 0.000000000000000e+00
2.187500000000000e-01 6.562500000000000e-01 0.000000000000000e+00
2.500000000000000e-01 6.562500000000000e-01 0.000000000000000e+00
2.500000000000000e-01 6.875000000000000e-01 0.000000000000000e+00
2.187500000000000e-01 6.875000000000000e-01 0.000000000000000e+00
2.500000000000000e-01 6.562500000000000e-01 0.000000000000000e+00
2.812500000000000e-01 6.562500000000000e-01 0.000000000000000e+00
2.812500000000000e-01 6.875000000000000e-01 0.000000000000000e+00
2.500000000000000e-01 6.875000000000000e-01 0.000000000000000e+00
2.812500000000000e-01 6.562500000000000e-01 0.000000000000000e+00
3.125000000000000e-01 6.562500000000000e-01 0.000000000000000e+00
3.125000000000000e-01 6.875000000000000e-01 0.000000000000000e+00
2.812500000000000e-01 6.875000000000000e-01 0.000000000000000e+00
3.125000000000000e-01 6.562500000000000e-01 0.000000000000000e+00
3.437500000000000e-01 6.562500000000000e-01 0.000000000000000e+00
3.437500000000000e-01 6.875000000000000e-01 0.000000000000000e+00
3.125000000000000e-01 6.875000000000000e-01 0.000000000000000e+00
3.437500000000000e-01 6.562500000000000e-01 0.000000000000000e+00
3.750000000000000e-01 6.562500000000000e-01 0.000000000000000e+00
3.750000000000000e-01 6.875000000000000e-01 0.000000000000000e+00
3.437500000000000e-01 6.875000000000000e-01 0.000000000000000e+00
3.750000000000000e-01 6.562500000000000e-01 0.000000000000000e+00
4.062500000000000e-01 6.562500000000000e-01 0.000000000000000e+00
4.062500000000000e-01 6.875000000000000e-01 0.000000000000000e+00
3.750000000000000e-01 6.875000000000000e-01 0.000000000000000e+00
4.062500000000000e-01 6.562500000000000e-01 0.000000000000000e+00
4.375000000000000e-01 6.562500000000000e-01 0.000000000000000e+00
4.375000000000000e-01 6.875000000000000e-01 0.000000000000000e+00
4.062500000000000e-01 6.875000000000000e-01 0.000000000000000e+00
4.375000000000000e-01 6.562500000000000e-01 0.000000000000000e+00
4.687500000000000e-01 6.562500000000000e-01 0.000000000000000e+00
4.687500000000000e-01 6.875000000000000e-01 0.000000000000000e+00
4.375000000000000e-01 6.875000000000000e-01 0.000000000000000e+00
4.687500000000000e-01 6.562500000000000e-01 0.000000000000000e+00
5.000000000000000e-01 6.562500000000000e-01 0.000000000000000e+00
5.000000000000000e-01 6.875000000000000e-01 0.000000000000000e+00
4.687500000000000e-01 6.875000000000000e-01 0.000000000000000e+00
5.000000000000000e-01 6.562500000000000e-01 0.000000000000000e+00
5.312500000000000e-01 6.562500000000000e-01 0.000000000000000e+00
5.312500000000000e-01 6.875000000000000e-01 0.000000000000000e+00
5.000000000000000e-01 6.875000000000000e-01 0.000000000000000e+00
5.312500000000000e-01 6.562500000000000e-01 0.000000000000000e+00
5.625000000000000e-01 6.562500000000000e-01 0.000000000000000e+00
5.625000000000000e-01 6.875000000000000e-01 0.000000000000000e+00
5.312500000000000e-01 6.875000000000000e-01 0.000000000000000e+00
5.625000000000000e-01 6.562500000000000e-01 0.000000000000000e+00
5.937500000000000e-01 6.562500000000000e-01 0.000000000000000e+00
5.937500000000000e-01 6.875000000000000e-01 0.000000000000000e+00
5.625000000000000e-01 6.875000000000000e-01 0.000000000000000e+00
5.937500000000000e-01 6.562500000000000e-01 0.000000000000000e+00
6.250000000000000e-01 6.562500000000000e-01 0.000000000000000e+00
6.250000000000000e-01 6.875000000000000e-01 0.000000000000000e+00
5.937500000000000e-01 6.875000000000000e-01 0.000000000000000e+00
6.250000000000000e-01 6.562500000000000e-01 0.000000000000000e+00
6.562500000000000e-01 6.562500000000000e-01 0.000000000000000e+00
6.562500000000000e-01 6.875000000000000e-01 0.000000000000000e+00
6.250000000000000e-01 6.875000000000000e-01 0.000000000000000e+00
6.562500000000000e-01 6.562500000000000e-01 0.000000000000000e+00
6.875000000000000e-01 6.562500000000000e-01 0.000000000000000e+00
6.875000000000000e-01 6.875000000000000e-01 0.000000000000000e+00
6.562500000000000e-01 6.875000000000000e-01 0.000000000000000e+00
6.875000000000000e-01 6.562500000000000e-01 0.000000000000000e+00
7.187500000000000e-01 6.562500000000000e-01 0.000000000000000e+00
7.187500000000000e-01 6.875000000000000e-01 0.000000000000000e+00
6.875000000000000e-01 6.875000000000000e-01 0.000000000000000e+00
7.187500000000000e-01 6.562500000000000e-01 0.000000000000000e+00
7.500000000000000e-01 6.562500000000000e-01 0.000000000000000e+00
7.500000000000000e-01 6.875000000000000e-01 0.000000000000000e+00
7.187500000000000e-01 6.875000000000000e-01 0.000000000000000e+00
7.500000000000000e-01 6.562500000000000e-01 0.000000000000000e+00
7.812500000000000e-01 6.562500000000000e-01 0.000000000000000e+00
7.812500000000000e-01 6.875000000000000e-01 0.000000000000000e+00
7.500000000000000e-01 6.875000000000000e-01 0.000000000000000e+00
7.812500000000000e-01 6.562500000000000e-01 0.000000000000000e+00
8.125000000000000e-01 6.562500000000000e-01 0.000000000000000e+00
8.125000000000000e-01 6.875000000000000e-01 0.000000000000000e+00
7.812500000000000e-01 6.875000000000000e-01 0.000000000000000e+00
8.125000000000000e-01 6.562500000000000e-01 0.000000000000000e+00
8.437500000000000e-01 6.562500000000000e-01 0.000000000000000e+00
8.437500000000000e-01 6.875000000000000e-01 0.000000000000000e+00
8.125000000000000e-01 6.875000000000000e-01 0.000000000000000e+00
8.437500000000000e-01 6.562500000000000e-01 0.000000000000000e+00
8.750000000000000e-01 6.562500000000000e-01 0.000000000000000e+00
8.750000000000000e-01 6.875000000000000e-01 0.000000000000000e+00
8.437500000000000e-01 6.875000000000000e-01 0.000000000000000e+00
8.750000000000000e-01 6.562500000000000e-01 0.000000000000000e+00
9.062500000000000e-01 6.562500000000000e-01 0.000000000000000e+00
9.062500000000000e-01 6.875000000000000e-01 0.000000000000000e+00
8.750000000000000e-01 6.875000000000000e-01 0.000000000000000e+00
9.062500000000000e-01 6.562500000000000e-01 0.000000000000000e+00
9.375000000000000e-01 6.562500000000000e-01 0.000000000000000e+00
9.375000000000000e-01 6.875000000000000e-01 0.000000000000000e+00
9.062500000000000e-01 6.875000000000000e-01 0.000000000000000e+00
9.375000000000000e-01 6.562500000000000e-01 0.000000000000000e+00
9.687500000000000e-01 6.562500000000000e-01 0.000000000000000e+00
9.687500000000000e-01 6.875000000000000e-01 0.000000000000000e+00
9.375000000000000e-01 6.875000000000000e-01 0.000000000000000e+00
9.687500000000000e-01 6.562500000000000e-01 0.000000000000000e+00
1.000000000000000e+00 6.562500000000000e-01 0.000000000000000e+00
1.000000000000000e+00 6.875000000000000e-01 0.000000000000000e+00
9.687500000000000e-01 6.875000000000000e-01 0.000000000000000e+00
0.000000000000000e+00 6.875000000000000e-01 0.000000000000000e+00
3.125000000000000e-02 6.875000000000000e-01 0.000000000000000e+00
3.125000000000000e-02 7.187500000000000e-01 0.000000000000000e+00
0.000000000000000e+00 7.187500000000000e-01 0.000000000000000e+00
3.125000000000000e-02 6.875000000000000e-01 0.000000000000000e+00
6.250000000000000e-02 6.875000000000000e-01 0.000000000000000e+00
6.250000000000000e-02 7.187500000000000e-01 0.000000000000000e+00
3.125000000000000e-02 7.187500000000000e-01 0.000000000000000e+00
6.250000000000000e-02 6.875000000000000e-01 0.000000000000000e+00
9.375000000000000e-02 6.875000000000000e-01 0.000000000000000e+00
9.375000000000000e-02 7.187500000000000e-01 0.000000000000000e+00
6.250000000000000e-02 7.187500000000000e-01 0.000000000000000e+00
9.375000000000000e-02 6.875000000000000e-01 0.000000000000000e+00
1.250000000000000e-01 6.875000000000000e-01 0.000000000000000e+00
1.250000000000000e-01 7.187500000000000e-01 0.000000000000000e+00
9.375000000000000e-02 7.187500000000000e-01 0.000000000000000e+00
1.250000000000000e-01 6.875000000000000e-01 0.000000000000000e+00
1.562500000000000e-01 6.875000000000000e-01 0.000000000000000e+00
1.562500000000000e-01 7.187500000000000e-01 0.000000000000000e+00
1.250000000000000e-01 7.187500000000000e-01 0.000000000000000e+00
1.562500000000000e-01 6.875000000000000e-01 0.000000000000000e+00
1.875000000000000e-01 6.875000000000000e-01 0.000000000000000e+00
1.875000000000000e-01 7.187500000000000e-01 0.000000000000000e+00
1.562500000000000e-01 7.187500000000000e-01 0.000000000000000e+00
1.875000000000000e-01 6.875000000000000e-01 0.000000000000000e+00
2.187500000000000e-01 6.875000000000000e-01 0.000000000000000e+00
2.187500000000000e-01 7.187500000000000e-01 0.000000000000000e+00
1.875000000000000e-01 7.187500000000000e-01 0.000000000000000e+00
2.187500000000000e-01 6.875000000000000e-01 0.000000000000000e+00
2.500000000000000e-01 6.875000000000000e-01 0.000000000000000e+00
2.500000000000000e-01 7.187500000000000e-01 0.000000000000000e+00
2.187500000000000e-01 7.187500000000000e-01 0.000000000000000e+00
2.500000000000000e-01 6.875000000000000e-01 0.000000000000000e+00
2.812500000000000e-01 6.875000000000000e-01 0.000000000000000e+00
2.812500000000000e-01 7.187500000000000e-01 0.000000000000000e+00
2.500000000000000e-01 7.187500000000000e-01 0.000000000000000e+00
2.812500000000000e-01 6.875000000000000e-01 0.000000000000000e+00
3.125000000000000e-01 6.875000000000000e-01 0.000000000000000e+00
3.125000000000000e-01 7.187500000000000e-01 0.000000000000000e+00
2.812500000000000e-01 7.187500000000000e-01 0.000000000000000e+00
3.125000000000000e-01 6.875000000000000e-01 0.000000000000000e+00
3.437500000000000e-01 6.875000000000000e-01 0.000000000000000e+00
3.437500000000000e-01 7.187500000000000e-01 0.000000000000000e+00
3.125000000000000e-01 7.187500000000000e-01 0.000000000000000e+00
3.437500000000000e-01 6.875000000000000e-01 0.000000000000000e+00
3.750000000000000e-01 6.875000000000000e-01 0.000000000000000e+00
3.750000000000000e-01 7.187500000000000e-01 0.000000000000000e+00
3.437500000000000e-01 7.187500000000000e-01 0.000000000000000e+00
3.750000000000000e-01 6.875000000000000e-01 0.000000000000000e+00
4.062500000000000e-01 6.875000000000000e-01 0.000000000000000e+00
4.062500000000000e-01 7.187500000000000e-01 0.000000000000000e+00
3.750000000000000e-01 7.187500000000000e-01 0.000000000000000e+00
4.062500000000000e-01 6.875000000000000e-01 0.000000000000000e+00
4.375000000000000e-01 6.875000000000000e-01 0.000000000000000e+00
4.375000000000000e-01 7.187500000000000e-01 0.000000000000000e+00
4.062500000000000e-01 7.187500000000000e-01 0.000000000000000e+00
4.375000000000000e-01 6.875000000000000e-01 0.000000000000000e+00
4.687500000000000e-01 6.875000000000000e-01 0.000000000000000e+00
4.687500000000000e-01 7.187500000000000e-01 0.000000000000000e+00
4.375000000000000e-01 7.187500000000000e-01 0.000000000000000e+00
4.687500000000000e-01 6.875000000000000e-01 0.000000000000000e+00
5.000000000000000e-01 6.875000000000000e-01 0.000000000000000e+00
5.000000000000000e-01 7.187500000000000e-01 0.000000000000000e+00
4.687500000000000e-01 7.187500000000000e-01 0.000000000000000e+00
5.000000000000000e-01 6.875000000000000e-01 0.000000000000000e+00
5.312500000000000e-01 6.875000000000000e-01 0.000000000000000e+00
5.312500000000000e-01 7.187500000000000e-01 0.000000000000000e+00
5.000000000000000e-01 7.187500000000000e-01 0.000000000000000e+00
5.312500000000000e-01 6.875000000000000e-01 0.000000000000000e+00
5.625000000000000e-01 6.875000000000000e-01 0.000000000000000e+00
5.625000000000000e-01 7.187500000000000e-01 0.000000000000000e+00
5.312500000000000e-01 7.187500000000000e-01 0.000000000000000e+00
5.625000000000000e-01 6.875000000000000e-01 0.000000000000000e+00
5.937500000000000e-01 6.875000000000000e-01 0.000000000000000e+00
5.937500000000000e-01 7.187500000000000e-01 0.000000000000000e+00
5.625000000000000e-01 7.187500000000000e-01 0.000000000000000e+00
5.937500000000000e-01 6.875000000000000e-01 0.000000000000000e+00
6.250000000000000e-01 6.875000000000000e-01 0.000000000000000e+00
6.250000000000000e-01 7.187500000000000e-01 0.000000000000000e+00
5.937500000000000e-01 7.187500000000000e-01 0.000000000000000e+00
6.250000000000000e-01 6.875000000000000e-01 0.000000000000000e+00
6.562500000000000e-01 6.875000000000000e-01 0.000000000000000e+00
6.562500000000000e-01 7.187500000000000e-01 0.000000000000000e+00
6.250000000000000e-01 7.187500000000000e-01 0.000000000000000e+00
6.562500000000000e-01 6.875000000000000e-01 0.000000000000000e+00
6.875000000000000e-01 6.875000000000000e-01 0.000000000000000e+00
6.875000000000000e-01 7.187500000000000e-01 0.000000000000000e+00
6.562500000000000e-01 7.187500000000000e-01 0.000000000000000e+00
6.875000000000000e-01 6.875000000000000e-01 0.000000000000000e+00
7.187500000000000e-01 6.875000000000000e-01 0.000000000000000e+00
7.187500000000000e-01 7.187500000000000e-01 0.000000000000000e+00
6.875000000000000e-01 7.187500000000000e-01 0.000000000000000e+00
7.187500000000000e-01 6.875000000000000e-01 0.000000000000000e+00
7.500000000000000e-01 6.875000000000000e-01 0.000000000000000e+00
7.500000000000000e-01 7.187500000000000e-01 0.000000000000000e+00
7.187500000000000e-01 7.187500000000000e-01 0.000000000000000e+00
7.500000000000000e-01 6.875000000000000e-01 0.000000000000000e+00
7.812500000000000e-01 6.875000000000000e-01 0.000000000000000e+00
7.812500000000000e-01 7.187500000000000e-01 0.000000000000000e+00
7.500000000000000e-01 7.187500000000000e-01 0.000000000000000e+00
7.812500000000000e-01 6.875000000000000e-01 0.000000000000000e+00
8.125000000000000e-01 6.875000000000000e-01 0.000000000000000e+00
8.125000000000000e-01 7.187500000000000e-01 0.000000000000000e+00
7.812500000000000e-01 7.187500000000000e-01 0.000000000000000e+00
8.125000000000000e-01 6.875000000000000e-01 0.000000000000000e+00
8.437500000000000e-01 6.875000000000000e-01 0.000000000000000e+00
8.437500000000000e-01 7.187500000000000e-01 0.000000000000000e+00
8.125000000000000e-01 7.187500000000000e-01 0.000000000000000e+00
8.437500000000000e-01 6.875000000000000e-01 0.000000000000000e+00
8.750000000000000e-01 6.875000000000000e-01 0.000000000000000e+00
8.750000000000000e-01 7.187500000000000e-01 0.000000000000000e+00
8.437500000000000e-01 7.187500000000000e-01 0.000000000000000e+00
8.750000000000000e-01 6.875000000000000e-01 0.000000000000000e+00
9.062500000000000e-01 6.875000000000000e-01 0.000000000000000e+00
9.062500000000000e-01 7.187500000000000e-01 0.000000000000000e+00
8.750000000000000e-01 7.187500000000000e-01 0.000000000000000e+00
9.062500000000000e-01 6.875000000000000e-01 0.000000000000000e+00
9.375000000000000e-01 6.875000000000000e-01 0.000000000000000e+00
9.375000000000000e-01 7.187500000000000e-01 0.000000000000000e+00
9.062500000000000e-01 7.187500000000000e-01 0.000000000000000e+00
9.375000000000000e-01 6.875000000000000e-01 0.000000000000000e+00
9.687500000000000e-01 6.875000000000000e-01 0.000000000000000e+00
9.687500000000000e-01 7.187500000000000e-01 0.000000000000000e+00
9.375000000000000e-01 7.187500000000000e-01 0.000000000000000e+00
9.687500000000000e-01 6.875000000000000e-01 0.000000000000000e+00
1.000000000000000e+00 6.875000000000000e-01 0.000000000000000e+00
1.000000000000000e+00 7.187500000000000e-01 0.000000000000000e+00
9.687500000000000e-01 7.187500000000000e-01 0.000000000000000e+00
0.000000000000000e+00 7.187500000000000e-01 0.000000000000000e+00
3.125000000000000e-02 7.187500000000000e-01 0.000000000000000e+00
3.125000000000000e-02 7.500000000000000e-01 0.000000000000000e+00
0.000000000000000e+00 7.500000000000000e-01 0.000000000000000e+00
3.125000000000000e-02 7.187500000000000e-01 0.000000000000000e+00
6.250000000000000e-02 7.187500000000000e-01 0.000000000000000e+00
6.250000000000000e-02 7.500000000000000e-01 0.000000000000000e+00
3.125000000000000e-02 7.500000000000000e-01 0.000000000000000e+00
6.250000000000000e-02 7.187500000000000e-01 0.000000000000000e+00
9.375000000000000e-02 7.187500000000000e-01 0.000000000000000e+00
9.375000000000000e-02 7.500000000000000e-01 0.000000000000000e+00
6.250000000000000e-02 7.500000000000000e-01 0.000000000000000e+00
9.375000000000000e-02 7.187500000000000e-01 0.000000000000000e+00
1.250000000000000e-01 7.187500000000000e-01 0.000000000000000e+00
1.250000000000000e-01 7.500000000000000e-01 0.000000000000000e+00
9.375000000000000e-02 7.500000000000000e-01 0.000000000000000e+00
1.250000000000000e-01 7.187500000000000e-01 0.000000000000000e+00
1.562500000000000e-01 7.187500000000000e-01 0.000000000000000e+00
1.562500000000000e-01 7.500000000000000e-01 0.000000000000000e+00
1.250000000000000e-01 7.500000000000000e-01 0.000000000000000e+00
1.562500000000000e-01 7.187500000000000e-01 0.000000000000000e+00
1.875000000000000e-01 7.187500000000000e-01 0.000000000000000e+00
1.875000000000000e-01 7.500000000000000e-01 0.000000000000000e+00
1.562500000000000e-01 7.500000000000000e-01 0.000000000000000e+00
1.875000000000000e-01 7.187500000000000e-01 0.000000000000000e+00
2.187500000000000e-01 7.187500000000000e-01 0.000000000000000e+00
2.187500000000000e-01 7.500000000000000e-01 0.000000000000000e+00
1.875000000000000e-01 7.500000000000000e-01 0.000000000000000e+00
2.187500000000000e-01 7.187500000000000e-01 0.000000000000000e+00
2.500000000000000e-01 7.187500000000000e-01 0.000000000000000e+00
2.500000000000000e-01 7.500000000000000e-01 0.000000000000000e+00
2.187500000000000e-01 7.500000000000000e-01 0.000000000000000e+00
2.500000000000000e-01 7.187500000000000e-01 0.000000000000000e+00
2.812500000000000e-01 7.187500000000000e-01 0.000000000000000e+00
2.812500000000000e-01 7.500000000000000e-01 0.000000000000000e+00
2.500000000000000e-01 7.500000000000000e-01 0.000000000000000e+00
2.812500000000000e-01 7.187500000000000e-01 0.000000000000000e+00
3.125000000000000e-01 7.187500000000000e-01 0.000000000000000e+00
3.125000000000000e-01 7.500000000000000e-01 0.000000000000000e+00
2.812500000000000e-01 7.500000000000000e-01 0.000000000000000e+00
3.125000000000000e-01 7.187500000000000e-01 0.000000000000000e+00
3.437500000000000e-01 7.187500000000000e-01 0.000000000000000e+00
3.437500000000000e-01 7.500000000000000e-01 0.000000000000000e+00
3.125000000000000e-01 7.500000000000000e-01 0.000000000000000e+00
3.437500000000000e-01 7.187500000000000e-01 0.000000000000000e+00
3.750000000000000e-01 7.187500000000000e-01 0.000000000000000e+00
3.750000000000000e-01 7.500000000000000e-01 0.000000000000000e+00
3.437500000000000e-01 7.500000000000000e-01 0.000000000000000e+00
3.750000000000000e-01 7.187500000000000e-01 0.000000000000000e+00
4.062500000000000e-01 7.187500000000000e-01 0.000000000000000e+00
4.062500000000000e-01 7.500000000000000e-01 0.000000000000000e+00
3.750000000000000e-01 7.500000000000000e-01 0.000000000000000e+00
4.062500000000000e-01 7.187500000000000e-01 0.000000000000000e+00
4.375000000000000e-01 7.187500000000000e-01 0.000000000000000e+00
4.375000000000000e-01 7.500000000000000e-01 0.000000000000000e+00
4.062500000000000e-01 7.500000000000000e-01 0.000000000000000e+00
4.375000000000000e-01 7.187500000000000e-01 0.000000000000000e+00
4.687500000000000e-01 7.187500000000000e-01 0.000000000000000e+00
4.687500000000000e-01 7.500000000000000e-01 0.000000000000000e+00
4.375000000000000e-01 7.500000000000000e-01 0.000000000000000e+00
4.687500000000000e-01 7.187500000000000e-01 0.000000000000000e+00
5.000000000000000e-01 7.187500000000000e-01 0.000000000000000e+00
5.000000000000000e-01 7.500000000000000e-01 0.000000000000000e+00
4.687500000000000e-01 7.500000000000000e-01 0.000000000000000e+00
5.000000000000000e-01 7.187500000000000e-01 0.000000000000000e+00
5.312500000000000e-01 7.187500000000000e-01 0.000000000000000e+00
5.312500000000000e-01 7.500000000000000e-01 0.000000000000000e+00
5.000000000000000e-01 7.500000000000000e-01 0.000000000000000e+00
5.312500000000000e-01 7.187500000000000e-01 0.000000000000000e+00
5.625000000000000e-01 7.187500000000000e-01 0.000000000000000e+00
5.625000000000000e-01 7.500000000000000e-01 0.000000000000000e+00
5.312500000000000e-01 7.500000000000000e-01 0.000000000000000e+00
5.625000000000000e-01 7.187500000000000e-01 0.000000000000000e+00
5.937500000000000e-01 7.187500000000000e-01 0.000000000000000e+00
5.937500000000000e-01 7.500000000000000e-01 0.000000000000000e+00
5.625000000000000e-01 7.500000000000000e-01 0.000000000000000e+00
5.937500000000000e-01 7.187500000000000e-01 0.000000000000000e+00
6.250000000000000e-01 7.187500000000000e-01 0.000000000000000e+00
6.250000000000000e-01 7.500000000000000e-01 0.000000000000000e+00
5.937500000000000e-01 7.500000000000000e-01 0.000000000000000e+00
6.250000000000000e-01 7.187500000000000e-01 0.000000000000000e+00
6.562500000000000e-01 7.187500000000000e-01 0.000000000000000e+00
6.562500000000000e-01 7.500000000000000e-01 0.000000000000000e+00
6.250000000000000e-01 7.500000000000000e-01 0.000000000000000e+00
6.562500000000000e-01 7.187500000000000e-01 0.000000000000000e+00
6.875000000000000e-01 7.187500000000000e-01 0.000000000000000e+00
6.875000000000000e-01 7.500000000000000e-01 0.000000000000000e+00
6.562500000000000e-01 7.500000000000000e-01 0.000000000000000e+00
6.875000000000000e-01 7.187500000000000e-01 0.000000000000000e+00
7.187500000000000e-01 7.187500000000000e-01 0.000000000000000e+00
7.187500000000000e-01 7.500000000000000e-01 0.000000000000000e+00
6.875000000000000e-01 7.500000000000000e-01 0.000000000000000e+00
7.187500000000000e-01 7.187500000000000e-01 0.000000000000000e+00
7.500000000000000e-01 7.187500000000000e-01 0.000000000000000e+00
7.500000000000000e-01 7.500000000000000e-01 0.000000000000000e+00
7.187500000000000e-01 7.500000000000000e-01 0.000000000000000e+00
7.500000000000000e-01 7.187500000000000e-01 0.000000000000000e+00
7.812500000000000e-01 7.187500000000000e-01 0.000000000000000e+00
7.812500000000000e-01 7.500000000000000e-01 0.000000000000000e+00
7.500000000000000e-01 7.500000000000000e-01 0.000000000000000e+00
7.812500000000000e-01 7.187500000000000e-01 0.000000000000000e+00
8.125000000000000e-01 7.187500000000000e-01 0.000000000000000e+00
8.125000000000000e-01 7.500000000000000e-01 0.000000000000000e+00
7.812500000000000e-01 7.500000000000000e-01 0.000000000000000e+00
8.125000000000000e-01 7.187500000000000e-01 0.000000000000000e+00
8.437500000000000e-01 7.187500000000000e-01 0.000000000000000e+00
8.437500000000000e-01 7.500000000000000e-01 0.000000000000000e+00
8.125000000000000e-01 7.500000000000000e-01 0.000000000000000e+00
8.437500000000000e-01 7.187500000000000e-01 0.000000000000000e+00
8.750000000000000e-01 7.187500000000000e-01 0.000000000000000e+00
8.750000000000000e-01 7.500000000000000e-01 0.000000000000000e+00
8.437500000000000e-01 7.500000000000000e-01 0.000000000000000e+00
8.750000000000000e-01 7.187500000000000e-01 0.000000000000000e+00
9.062500000000000e-01 7.187500000000000e-01 0.000000000000000e+00
9.062500000000000e-01 7.500000000000000e-01 0.000000000000000e+00
8.750000000000000e-01 7.500000000000000e-01 0.000000000000000e+00
9.062500000000000e-01 7.187500000000000e-01 0.000000000000000e+00
9.375000000000000e-01 7.187500000000000e-01 0.000000000000000e+00
9.375000000000000e-01 7.500000000000000e-01 0.000000000000000e+00
9.062500000000000e-01 7.500000000000000e-01 0.000000000000000e+00
9.375000000000000e-01 7.187500000000000e-01 0.000000000000000e+00
9.687500000000000e-01 7.187500000000000e-01 0.000000000000000e+00
9.687500000000000e-01 7.500000000000000e-01 0.000000000000000e+00
9.375000000000000e-01 7.500000000000000e-01 0.000000000000000e+00
9.687500000000000e-01 7.187500000000000e-01 0.000000000000000e+00
1.000000000000000e+00 7.187500000000000e-01 0.000000000000000e+00
1.000000000000000e+00 7.500000000000000e-01 0.000000000000000e+00
9.687500000000000e-01 7.500000000000000e-01 0.000000000000000e+00
0.000000000000000e+00 7.500000000000000e-01 0.000000000000000e+00
3.125000000000000e-02 7.500000000000000e-01 0.000000000000000e+00
3.125000000000000e-02 7.812500000000000e-01 0.000000000000000e+00
0.000000000000000e+00 7.812500000000000e-01 0.000000000000000e+00
3.125000000000000e-02 7.500000000000000e-01 0.000000000000000e+00
6.250000000000000e-02 7.500000000000000e-01 0.000000000000000e+00
6.250000000000000e-02 7.812500000000000e-01 0.000000000000000e+00
3.125000000000000e-02 7.812500000000000e-01 0.000000000000000e+00
6.250000000000000e-02 7.500000000000000e-01 0.000000000000000e+00
9.375000000000000e-02 7.500000000000000e-01 0.000000000000000e+00
9.375000000000000e-02 7.812500000000000e-01 0.000000000000000e+00
6.250000000000000e-02 7.812500000000000e-01 0.000000000000000e+00
9.375000000000000e-02 7.500000000000000e-01 0.000000000000000e+00
1.250000000000000e-01 7.500000000000000e-01 0.000000000000000e+00
1.250000000000000e-01 7.812500000000000e-01 0.000000000000000e+00
9.375000000000000e-02 7.812500000000000e-01 0.000000000000000e+00
1.250000000000000e-01 7.500000000000000e-01 0.000000000000000e+00
1.562500000000000e-01 7.500000000000000e-01 0.000000000000000e+00
1.562500000000000e-01 7.812500000000000e-01 0.000000000000000e+00
1.250000000000000e-01 7.812500000000000e-01 0.000000000000000e+00
1.562500000000000e-01 7.500000000000000e-01 0.000000000000000e+00
1.875000000000000e-01 7.500000000000000e-01 0.000000000000000e+00
1.875000000000000e-01 7.812500000000000e-01 0.000000000000000e+00
1.562500000000000e-01 7.812500000000000e-01 0.000000000000000e+00
1.875000000000000e-01 7.500000000000000e-01 0.000000000000000e+00
2.187500000000000e-01 7.500000000000000e-01 0.000000000000000e+00
2.187500000000000e-01 7.812500000000000e-01 0.000000000000000e+00
1.875000000000000e-01 7.812500000000000e-01 0.000000000000000e+00
2.187500000000000e-01 7.500000000000000e-01 0.000000000000000e+00
2.500000000000000e-01 7.500000000000000e-01 0.000000000000000e+00
2.500000000000000e-01 7.812500000000000e-01 0.000000000000000e+00
2.187500000000000e-01 7.812500000000000e-01 0.000000000000000e+00
2.500000000000000e-01 7.500000000000000e-01 0.000000000000000e+00
2.812500000000000e-01 7.500000000000000e-01 0.000000000000000e+00
2.812500000000000e-01 7.812500000000000e-01 0.000000000000000e+00
2.500000000000000e-01 7.812500000000000e-01 0.000000000000000e+00
2.812500000000000e-01 7.500000000000000e-01 0.000000000000000e+00
3.125000000000000e-01 7.500000000000000e-01 0.000000000000000e+00
3.125000000000000e-01 7.812500000000000e-01 0.000000000000000e+00
2.812500000000000e-01 7.812500000000000e-01 0.000000000000000e+00
3.125000000000000e-01 7.500000000000000e-01 0.000000000000000e+00
3.437500000000000e-01 7.500000000000000e-01 0.000000000000000e+00
3.437500000000000e-01 7.812500000000000e-01 0.000000000000000e+00
3.125000000000000e-01 7.812500000000000e-01 0.000000000000000e+00
3.437500000000000e-01 7.500000000000000e-01 0.000000000000000e+00
3.750000000000000e-01 7.500000000000000e-01 0.000000000000000e+00
3.750000000000000e-01 7.812500000000000e-01 0.000000000000000e+00
3.437500000000000e-01 7.812500000000000e-01 0.000000000000000e+00
3.750000000000000e-01 7.500000000000000e-01 0.000000000000000e+00
4.062500000000000e-01 7.500000000000000e-01 0.000000000000000e+00
4.062500000000000e-01 7.812500000000000e-01 0.000000000000000e+00
3.750000000000000e-01 7.812500000000000e-01 0.000000000000000e+00
4.062500000000000e-01 7.500000000000000e-01 0.000000000000000e+00
4.375000000000000e-01 7.500000000000000e-01 0.000000000000000e+00
4.375000000000000e-01 7.812500000000000e-01 0.000000000000000e+00
4.062500000000000e-01 7.812500000000000e-01 0.000000000000000e+00
4.375000000000000e-01 7.500000000000000e-01 0.000000000000000e+00
4.687500000000000e-01 7.500000000000000e-01 0.000000000000000e+00
4.687500000000000e-01 7.812500000000000e-01 0.000000000000000e+00
4.375000000000000e-01 7.812500000000000e-01 0.000000000000000e+00
4.687500000000000e-01 7.500000000000000e-01 0.000000000000000e+00
5.000000000000000e-01 7.500000000000000e-01 0.000000000000000e+00
5.000000000000000e-01 7.812500000000000e-01 0.000000000000000e+00
4.687500000000000e-01 7.812500000000000e-01 0.000000000000000e+00
5.000000000000000e-01 7.500000000000000e-01 0.000000000000000e+00
5.312500000000000e-01 7.500000000000000e-01 0.000000000000000e+00
5.312500000000000e-01 7.812500000000000e-01 0.000000000000000e+00
5.000000000000000e-01 7.812500000000000e-01 0.000000000000000e+00
5.312500000000000e-01 7.500000000000000e-01 0.000000000000000e+00
5.625000000000000e-01 7.500000000000000e-01 0.000000000000000e+00
5.625000000000000e-01 7.812500000000000e-01 0.000000000000000e+00
5.312500000000000e-01 7.812500000000000e-01 0.000000000000000e+00
5.625000000000000e-01 7.500000000000000e-01 0.000000000000000e+00
5.937500000000000e-01 7.500000000000000e-01 0.000000000000000e+00
5.937500000000000e-01 7.812500000000000e-01 0.000000000000000e+00
5.625000000000000e-01 7.812500000000000e-01 0.000000000000000e+00
5.937500000000000e-01 7.500000000000000e-01 0.000000000000000e+00
6.250000000000000e-01 7.500000000000000e-01 0.000000000000000e+00
6.250000000000000e-01 7.812500000000000e-01 0.000000000000000e+00
5.937500000000000e-01 7.812500000000000e-01 0.000000000000000e+00
6.250000000000000e-01 7.500000000000000e-01 0.000000000000000e+00
6.562500000000000e-01 7.500000000000000e-01 0.000000000000000e+00
6.562500000000000e-01 7.812500000000000e-01 0.000000000000000e+00
6.250000000000000e-01 7.812500000000000e-01 0.000000000000000e+00
6.562500000000000e-01 7.500000000000000e-01 0.000000000000000e+00
6.875000000000000e-01 7.500000000000000e-01 0.000000000000000e+00
6.875000000000000e-01 7.812500000000000e-01 0.000000000000000e+00
6.562500000000000e-01 7.812500000000000e-01 0.000000000000000e+00
6.875000000000000e-01 7.500000000000000e-01 0.000000000000000e+00
7.187500000000000e-01 7.500000000000000e-01 0.000000000000000e+00
7.187500000000000e-01 7.812500000000000e-01 0.000000000000000e+00
6.875000000000000e-01 7.812500000000000e-01 0.000000000000000e+00
7.187500000000000e-01 7.500000000000000e-01 0.000000000000000e+00
7.500000000000000e-01 7.500000000000000e-01 0.000000000000000e+00
7.500000000000000e-01 7.812500000000000e-01 0.000000000000000e+00
7.187500000000000e-01 7.812500000000000e-01 0.000000000000000e+00
7.500000000000000e-01 7.500000000000000e-01 0.000000000000000e+00
7.812500000000000e-01 7.500000000000000e-01 0.000000000000000e+00
7.812500000000000e-01 7.812500000000000e-01 0.000000000000000e+00
7.500000000000000e-01 7.812500000000000e-01 0.000000000000000e+00
7.812500000000000e-01 7.500000000000000e-01 0.000000000000000e+00
8.125000000000000e-01 7.500000000000000e-01 0.000000000000000e+00
8.125000000000000e-01 7.812500000000000e-01 0.000000000000000e+00
7.812500000000000e-01 7.812500000000000e-01 0.000000000000000e+00
8.125000000000000e-01 7.500000000000000e-01 0.000000000000000e+00
8.437500000000000e-01 7.500000000000000e-01 0.000000000000000e+00
8.437500000000000e-01 7.812500000000000e-01 0.000000000000000e+00
8.125000000000000e-01 7.812500000000000e-01 0.000000000000000e+00
8.437500000000000e-01 7.500000000000000e-01 0.000000000000000e+00
8.750000000000000e-01 7.500000000000000e-01 0.000000000000000e+00
8.750000000000000e-01 7.812500000000000e-01 0.000000000000000e+00
8.437500000000000e-01 7.812500000000000e-01 0.000000000000000e+00
8.750000000000000e-01 7.500000000000000e-01 0.000000000000000e+00
9.062500000000000e-01 7.500000000000000e-01 0.000000000000000e+00
9.062500000000000e-01 7.812500000000000e-01 0.000000000000000e+00
8.750000000000000e-01 7.812500000000000e-01 0.000000000000000e+00
9.062500000000000e-01 7.500000000000000e-01 0.000000000000000e+00
9.375000000000000e-01 7.500000000000000e-01 0.000000000000000e+00
9.375000000000000e-01 7.812500000000000e-01 0.000000000000000e+00
9.062500000000000e-01 7.812500000000000e-01 0.000000000000000e+00
9.375000000000000e-01 7.500000000000000e-01 0.000000000000000e+00
9.687500000000000e-01 7.500000000000000e-01 0.000000000000000e+00
9.687500000000000e-01 7.812500000000000e-01 0.000000000000000e+00
9.375000000000000e-01 7.812500000000000e-01 0.000000000000000e+00
9.687500000000000e-01 7.500000000000000e-01 0.000000000000000e+00
1.000000000000000e+00 7.500000000000000e-01 0.000000000000000e+00
1.000000000000000e+00 7.812500000000000e-01 0.000000000000000e+00
9.687500000000000e-01 7.812500000000000e-01 0.000000000000000e+00
0.000000000000000e+00 7.812500000000000e-01 0.000000000000000e+00
3.125000000000000e-02 7.812500000000000e-01 0.000000000000000e+00
3.125000000000000e-02 8.125000000000000e-01 0.000000000000000e+00
0.000000000000000e+00 8.125000000000000e-01 0.000000000000000e+00
3.125000000000000e-02 7.812500000000000e-01 0.000000000000000e+00
6.250000000000000e-02 7.812500000000000e-01 0.000000000000000e+00
6.250000000000000e-02 8.125000000000000e-01 0.000000000000000e+00
3.125000000000000e-02 8.125000000000000e-01 0.000000000000000e+00
6.250000000000000e-02 7.812500000000000e-01 0.000000000000000e+00
9.375000000000000e-02 7.812500000000000e-01 0.000000000000000e+00
9.375000000000000e-02 8.125000000000000e-01 0.000000000000000e+00
6.250000000000000e-02 8.125000000000000e-01 0.000000000000000e+00
9.375000000000000e-02 7.812500000000000e-01 0.000000000000000e+00
1.250000000000000e-01 7.812500000000000e-01 0.000000000000000e+00
1.250000000000000e-01 8.125000000000000e-01 0.000000000000000e+00
9.375000000000000e-02 8.125000000000000e-01 0.000000000000000e+00
1.250000000000000e-01 7.812500000000000e-01 0.000000000000000e+00
1.562500000000000e-01 7.812500000000000e-01 0.000000000000000e+00
1.562500000000000e-01 8.125000000000000e-01 0.000000000000000e+00
1.250000000000000e-01 8.125000000000000e-01 0.000000000000000e+00
1.562500000000000e-01 7.812500000000000e-01 0.000000000000000e+00
1.875000000000000e-01 7.812500000000000e-01 0.000000000000000e+00
1.875000000000000e-01 8.125000000000000e-01 0.000000000000000e+00
1.562500000000000e-01 8.125000000000000e-01 0.000000000000000e+00
1.875000000000000e-01 7.812500000000000e-01 0.000000000000000e+00
2.187500000000000e-01 7.812500000000000e-01 0.000000000000000e+00
2.187500000000000e-01 8.125000000000000e-01 0.000000000000000e+00
1.875000000000000e-01 8.125000000000000e-01 0.000000000000000e+00
2.187500000000000e-01 7.812500000000000e-01 0.000000000000000e+00
2.500000000000000e-01 7.812500000000000e-01 0.000000000000000e+00
2.500000000000000e-01 8.125000000000000e-01 0.000000000000000e+00
2.187500000000000e-01 8.125000000000000e-01 0.000000000000000e+00
2.500000000000000e-01 7.812500000000000e-01 0.000000000000000e+00
2.812500000000000e-01 7.812500000000000e-01 0.000000000000000e+00
2.812500000000000e-01 8.125000000000000e-01 0.000000000000000e+00
2.500000000000000e-01 8.125000000000000e-01 0.000000000000000e+00
2.812500000000000e-01 7.812500000000000e-01 0.000000000000000e+00
3.125000000000000e-01 7.812500000000000e-01 0.000000000000000e+00
3.125000000000000e-01 8.125000000000000e-01 0.000000000000000e+00
2.812500000000000e-01 8.125000000000000e-01 0.000000000000000e+00
3.125000000000000e-01 7.812500000000000e-01 0.000000000000000e+00
3.437500000000000e-01 7.812500000000000e-01 0.000000000000000e+00
3.437500000000000e-01 8.125000000000000e-01 0.000000000000000e+00
3.125000000000000e-01 8.125000000000000e-01 0.000000000000000e+00
3.437500000000000e-01 7.812500000000000e-01 0.000000000000000e+00
3.750000000000000e-01 7.812500000000000e-01 0.000000000000000e+00
3.750000000000000e-01 8.125000000000000e-01 0.000000000000000e+00
3.437500000000000e-01 8.125000000000000e-01 0.000000000000000e+00
3.750000000000000e-01 7.812500000000000e-01 0.000000000000000e+00
4.062500000000000e-01 7.812500000000000e-01 0.000000000000000e+00
4.062500000000000e-01 8.125000000000000e-01 0.000000000000000e+00
3.750000000000000e-01 8.125000000000000e-01 0.000000000000000e+00
4.062500000000000e-01 7.812500000000000e-01 0.000000000000000e+00
4.375000000000000e-01 7.812500000000000e-01 0.000000000000000e+00
4.375000000000000e-01 8.125000000000000e-01 0.000000000000000e+00
4.062500000000000e-01 8.125000000000000e-01 0.000000000000000e+00
4.375000000000000e-01 7.812500000000000e-01 0.000000000000000e+00
4.687500000000000e-01 7.812500000000000e-01 0.000000000000000e+00
4.687500000000000e-01 8.125000000000000e-01 0.000000000000000e+00
4.375000000000000e-01 8.125000000000000e-01 0.000000000000000e+00
4.687500000000000e-01 7.812500000000000e-01 0.000000000000000e+00
5.000000000000000e-01 7.812500000000000e-01 0.000000000000000e+00
5.000000000000000e-01 8.125000000000000e-01 0.000000000000000e+00
4.687500000000000e-01 8.125000000000000e-01 0.000000000000000e+00
5.000000000000000e-01 7.812500000000000e-01 0.000000000000000e+00
5.312500000000000e-01 7.812500000000000e-01 0.000000000000000e+00
5.312500000000000e-01 8.125000000000000e-01 0.000000000000000e+00
5.000000000000000e-01 8.125000000000000e-01 0.000000000000000e+00
5.312500000000000e-01 7.812500000000000e-01 0.000000000000000e+00
5.625000000000000e-01 7.812500000000000e-01 0.000000000000000e+00
5.625000000000000e-01 8.125000000000000e-01 0.000000000000000e+00
5.312500000000000e-01 8.125000000000000e-01 0.000000000000000e+00
5.625000000000000e-01 7.812500000000000e-01 0.000000000000000e+00
5.937500000000000e-01 7.812500000000000e-01 0.000000000000000e+00
5.937500000000000e-01 8.125000000000000e-01 0.000000000000000e+00
5.625000000000000e-01 8.125000000000000e-01 0.000000000000000e+00
5.937500000000000e-01 7.812500000000000e-01 0.000000000000000e+00
6.250000000000000e-01 7.812500000000000e-01 0.000000000000000e+00
6.250000000000000e-01 8.125000000000000e-01 0.000000000000000e+00
5.937500000000000e-01 8.125000000000000e-01 0.000000000000000e+00
6.250000000000000e-01 7.812500000000000e-01 0.000000000000000e+00
6.562500000000000e-01 7.812500000000000e-01 0.000000000000000e+00
6.562500000000000e-01 8.125000000000000e-01 0.000000000000000e+00
6.250000000000000e-01 8.125000000000000e-01 0.000000000000000e+00
6.562500000000000e-01 7.812500000000000e-01 0.000000000000000e+00
6.875000000000000e-01 7.812500000000000e-01 0.000000000000000e+00
6.875000000000000e-01 8.125000000000000e-01 0.000000000000000e+00
6.562500000000000e-01 8.125000000000000e-01 0.000000000000000e+00
6.875000000000000e-01 7.812500000000000e-01 0.000000000000000e+00
7.187500000000000e-01 7.812500000000000e-01 0.000000000000000e+00
7.187500000000000e-01 8.125000000000000e-01 0.000000000000000e+00
6.875000000000000e-01 8.125000000000000e-01 0.000000000000000e+00
7.187500000000000e-01 7.812500000000000e-01 0.000000000000000e+00
7.500000000000000e-01 7.812500000000000e-01 0.000000000000000e+00
7.500000000000000e-01 8.125000000000000e-01 0.000000000000000e+00
7.187500000000000e-01 8.125000000000000e-01 0.000000000000000e+00
7.500000000000000e-01 7.812500000000000e-01 0.000000000000000e+00
7.812500000000000e-01 7.812500000000000e-01 0.000000000000000e+00
7.812500000000000e-01 8.125000000000000e-01 0.000000000000000e+00
7.500000000000000e-01 8.125000000000000e-01 0.000000000000000e+00
7.812500000000000e-01 7.812500000000000e-01 0.000000000000000e+00
8.125000000000000e-01 7.812500000000000e-01 0.000000000000000e+00
8.125000000000000e-01 8.125000000000000e-01 0.000000000000000e+00
7.812500000000000e-01 8.125000000000000e-01 0.000000000000000e+00
8.125000000000000e-01 7.812500000000000e-01 0.000000000000000e+00
8.437500000000000e-01 7.812500000000000e-01 0.000000000000000e+00
8.437500000000000e-01 8.125000000000000e-01 0.000000000000000e+00
8.125000000000000e-01 8.125000000000000e-01 0.000000000000000e+00
8.437500000000000e-01 7.812500000000000e-01 0.000000000000000e+00
8.750000000000000e-01 7.812500000000000e-01 0.000000000000000e+00
8.750000000000000e-01 8.125000000000000e-01 0.000000000000000e+00
8.437500000000000e-01 8.125000000000000e-01 0.000000000000000e+00
8.750000000000000e-01 7.812500000000000e-01 0.000000000000000e+00
9.062500000000000e-01 7.812500000000000e-01 0.000000000000000e+00
9.062500000000000e-01 8.125000000000000e-01 0.000000000000000e+00
8.750000000000000e-01 8.125000000000000e-01 0.000000000000000e+00
9.062500000000000e-01 7.812500000000000e-01 0.000000000000000e+00
9.375000000000000e-01 7.812500000000000e-01 0.000000000000000e+00
9.375000000000000e-01 8.125000000000000e-01 0.000000000000000e+00
9.062500000000000e-01 8.125000000000000e-01 0.000000000000000e+00
9.375000000000000e-01 7.812500000000000e-01 0.000000000000000e+00
9.687500000000000e-01 7.812500000000000e-01 0.000000000000000e+00
9.687500000000000e-01 8.125000000000000e-01 0.000000000000000e+00
9.375000000000000e-01 8.125000000000000e-01 0.000000000000000e+00
9.687500000000000e-01 7.812500000000000e-01 0.000000000000000e+00
1.000000000000000e+00 7.812500000000000e-01 0.000000000000000e+00
1.000000000000000e+00 8.125000000000000e-01 0.000000000000000e+00
9.687500000000000e-01 8.125000000000000e-01 0.000000000000000e+00
0.000000000000000e+00 8.125000000000000e-01 0.000000000000000e+00
3.125000000000000e-02 8.125000000000000e-01 0.000000000000000e+00
3.125000000000000e-02 8.437500000000000e-01 0.000000000000000e+00
0.000000000000000e+00 8.437500000000000e-01 0.000000000000000e+00
3.125000000000000e-02 8.125000000000000e-01 0.000000000000000e+00
6.250000000000000e-02 8.125000000000000e-01 0.000000000000000e+00
6.250000000000000e-02 8.437500000000000e-01 0.000000000000000e+00
3.125000000000000e-02 8.437500000000000e-01 0.000000000000000e+00
6.250000000000000e-02 8.125000000000000e-01 0.000000000000000e+00
9.375000000000000e-02 8.125000000000000e-01 0.000000000000000e+00
9.375000000000000e-02 8.437500000000000e-01 0.000000000000000e+00
6.250000000000000e-02 8.437500000000000e-01 0.000000000000000e+00
9.375000000000000e-02 8.125000000000000e-01 0.000000000000000e+00
1.250000000000000e-01 8.125000000000000e-01 0.000000000000000e+00
1.250000000000000e-01 8.437500000000000e-01 0.000000000000000e+00
9.375000000000000e-02 8.437500000000000e-01 0.000000000000000e+00
1.250000000000000e-01 8.125000000000000e-01 0.000000000000000e+00
1.562500000000000e-01 8.125000000000000e-01 0.000000000000000e+00
1.562500000000000e-01 8.437500000000000e-01 0.000000000000000e+00
1.250000000000000e-01 8.437500000000000e-01 0.000000000000000e+00
1.562500000000000e-01 8.125000000000000e-01 0.000000000000000e+00
1.875000000000000e-01 8.125000000000000e-01 0.000000000000000e+00
1.875000000000000e-01 8.437500000000000e-01 0.000000000000000e+00
1.562500000000000e-01 8.437500000000000e-01 0.000000000000000e+00
1.875000000000000e-01 8.125000000000000e-01 0.000000000000000e+00
2.187500000000000e-01 8.125000000000000e-01 0.000000000000000e+00
2.187500000000000e-01 8.437500000000000e-01 0.000000000000000e+00
1.875000000000000e-01 8.437500000000000e-01 0.000000000000000e+00
2.187500000000000e-01 8.125000000000000e-01 0.000000000000000e+00
2.500000000000000e-01 8.125000000000000e-01 0.000000000000000e+00
2.500000000000000e-01 8.437500000000000e-01 0.000000000000000e+00
2.187500000000000e-01 8.437500000000000e-01 0.000000000000000e+00
2.500000000000000e-01 8.125000000000000e-01 0.000000000000000e+00
2.812500000000000e-01 8.125000000000000e-01 0.000000000000000e+00
2.812500000000000e-01 8.437500000000000e-01 0.000000000000000e+00
2.500000000000000e-01 8.437500000000000e-01 0.000000000000000e+00
2.812500000000000e-01 8.125000000000000e-01 0.000000000000000e+00
3.125000000000000e-01 8.125000000000000e-01 0.000000000000000e+00
3.125000000000000e-01 8.437500000000000e-01 0.000000000000000e+00
2.812500000000000e-01 8.437500000000000e-01 0.000000000000000e+00
3.125000000000000e-01 8.125000000000000e-01 0.000000000000000e+00
3.437500000000000e-01 8.125000000000000e-01 0.000000000000000e+00
3.437500000000000e-01 8.437500000000000e-01 0.000000000000000e+00
3.125000000000000e-01 8.437500000000000e-01 0.000000000000000e+00
3.437500000000000e-01 8.125000000000000e-01 0.000000000000000e+00
3.750000000000000e-01 8.125000000000000e-01 0.000000000000000e+00
3.750000000000000e-01 8.437500000000000e-01 0.000000000000000e+00
3.437500000000000e-01 8.437500000000000e-01 0.000000000000000e+00
3.750000000000000e-01 8.125000000000000e-01 0.000000000000000e+00
4.062500000000000e-01 8.125000000000000e-01 0.000000000000000e+00
4.062500000000000e-01 8.437500000000000e-01 0.000000000000000e+00
3.750000000000000e-01 8.437500000000000e-01 0.000000000000000e+00
4.062500000000000e-01 8.125000000000000e-01 0.000000000000000e+00
4.375000000000000e-01 8.125000000000000e-01 0.000000000000000e+00
4.375000000000000e-01 8.437500000000000e-01 0.000000000000000e+00
4.062500000000000e-01 8.437500000000000e-01 0.000000000000000e+00
4.375000000000000e-01 8.125000000000000e-01 0.000000000000000e+00
4.687500000000000e-01 8.125000000000000e-01 0.000000000000000e+00
4.687500000000000e-01 8.437500000000000e-01 0.000000000000000e+00
4.375000000000000e-01 8.437500000000000e-01 0.000000000000000e+00
4.687500000000000e-01 8.125000000000000e-01 0.000000000000000e+00
5.000000000000000e-01 8.125000000000000e-01 0.000000000000000e+00
5.000000000000000e-01 8.437500000000000e-01 0.000000000000000e+00
4.687500000000000e-01 8.437500000000000e-01 0.000000000000000e+00
5.000000000000000e-01 8.125000000000000e-01 0.000000000000000e+00
5.312500000000000e-01 8.125000000000000e-01 0.000000000000000e+00
5.312500000000000e-01 8.437500000000000e-01 0.000000000000000e+00
5.000000000000000e-01 8.437500000000000e-01 0.000000000000000e+00
5.312500000000000e-01 8.125000000000000e-01 0.000000000000000e+00
5.625000000000000e-01 8.125000000000000e-01 0.000000000000000e+00
5.625000000000000e-01 8.437500000000000e-01 0.000000000000000e+00
5.312500000000000e-01 8.437500000000000e-01 0.000000000000000e+00
5.625000000000000e-01 8.125000000000000e-01 0.000000000000000e+00
5.937500000000000e-01 8.125000000000000e-01 0.000000000000000e+00
5.937500000000000e-01 8.437500000000000e-01 0.000000000000000e+00
5.625000000000000e-01 8.437500000000000e-01 0.000000000000000e+00
5.937500000000000e-01 8.125000000000000e-01 0.000000000000000e+00
6.250000000000000e-01 8.125000000000000e-01 0.000000000000000e+00
6.250000000000000e-01 8.437500000000000e-01 0.000000000000000e+00
5.937500000000000e-01 8.437500000000000e-01 0.000000000000000e+00
6.250000000000000e-01 8.125000000000000e-01 0.000000000000000e+00
6.562500000000000e-01 8.125000000000000e-01 0.000000000000000e+00
6.562500000000000e-01 8.437500000000000e-01 0.000000000000000e+00
6.250000000000000e-01 8.437500000000000e-01 0.000000000000000e+00
6.562500000000000e-01 8.125000000000000e-01 0.000000000000000e+00
6.875000000000000e-01 8.125000000000000e-01 0.000000000000000e+00
6.875000000000000e-01 8.437500000000000e-01 0.000000000000000e+00
6.562500000000000e-01 8.437500000000000e-01 0.000000000000000e+00
6.875000000000000e-01 8.125000000000000e-01 0.000000000000000e+00
7.187500000000000e-01 8.125000000000000e-01 0.000000000000000e+00
7.187500000000000e-01 8.437500000000000e-01 0.000000000000000e+00
6.875000000000000e-01 8.437500000000000e-01 0.000000000000000e+00
7.187500000000000e-01 8.125000000000000e-01 0.000000000000000e+00
7.500000000000000e-01 8.125000000000000e-01 0.000000000000000e+00
7.500000000000000e-01 8.437500000000000e-01 0.000000000000000e+00
7.187500000000000e-01 8.437500000000000e-01 0.000000000000000e+00
7.500000000000000e-01 8.125000000000000e-01 0.000000000000000e+00
7.812500000000000e-01 8.125000000000000e-01 0.000000000000000e+00
7.812500000000000e-01 8.437500000000000e-01 0.000000000000000e+00
7.500000000000000e-01 8.437500000000000e-01 0.000000000000000e+00
7.812500000000000e-01 8.125000000000000e-01 0.000000000000000e+00
8.125000000000000e-01 8.125000000000000e-01 0.000000000000000e+00
8.125000000000000e-01 8.437500000000000e-01 0.000000000000000e+00
7.812500000000000e-01 8.437500000000000e-01 0.000000000000000e+00
8.125000000000000e-01 8.125000000000000e-01 0.000000000000000e+00
8.437500000000000e-01 8.125000000000000e-01 0.000000000000000e+00
8.437500000000000e-01 8.437500000000000e-01 0.000000000000000e+00
8.125000000000000e-01 8.437500000000000e-01 0.000000000000000e+00
8.437500000000000e-01 8.125000000000000e-01 0.000000000000000e+00
8.750000000000000e-01 8.125000000000000e-01 0.000000000000000e+00
8.750000000000000e-01 8.437500000000000e-01 0.000000000000000e+00
8.437500000000000e-01 8.437500000000000e-01 0.000000000000000e+00
8.750000000000000e-01 8.125000000000000e-01 0.000000000000000e+00
9.062500000000000e-01 8.125000000000000e-01 0.000000000000000e+00
9.062500000000000e-01 8.437500000000000e-01 0.000000000000000e+00
8.750000000000000e-01 8.437500000000000e-01 0.000000000000000e+00
9.062500000000000e-01 8.125000000000000e-01 0.000000000000000e+00
9.375000000000000e-01 8.125000000000000e-01 0.000000000000000e+00
9.375000000000000e-01 8.437500000000000e-01 0.000000000000000e+00
9.062500000000000e-01 8.437500000000000e-01 0.000000000000000e+00
9.375000000000000e-01 8.125000000000000e-01 0.000000000000000e+00
9.687500000000000e-01 8.125000000000000e-01 0.000000000000000e+00
9.687500000000000e-01 8.437500000000000e-01 0.000000000000000e+00
9.375000000000000e-01 8.437500000000000e-01 0.000000000000000e+00
9.687500000000000e-01 8.125000000000000e-01 0.000000000000000e+00
1.000000000000000e+00 8.125000000000000e-01 0.000000000000000e+00
1.000000000000000e+00 8.437500000000000e-01 0.000000000000000e+00
9.687500000000000e-01 8.437500000000000e-01 0.000000000000000e+00
0.000000000000000e+00 8.437500000000000e-01 0.000000000000000e+00
3.125000000000000e-02 8.437500000000000e-01 0.000000000000000e+00
3.125000000000000e-02 8.750000000000000e-01 0.000000000000000e+00
0.000000000000000e+00 8.750000000000000e-01 0.000000000000000e+00
3.125000000000000e-02 8.437500000000000e-01 0.000000000000000e+00
6.250000000000000e-02 8.437500000000000e-01 0.000000000000000e+00
6.250000000000000e-02 8.750000000000000e-01 0.000000000000000e+00
3.125000000000000e-02 8.750000000000000e-01 0.000000000000000e+00
6.250000000000000e-02 8.437500000000000e-01 0.000000000000000e+00
9.375000000000000e-02 8.437500000000000e-01 0.000000000000000e+00
9.375000000000000e-02 8.750000000000000e-01 0.000000000000000e+00
6.250000000000000e-02 8.750000000000000e-01 0.000000000000000e+00
9.375000000000000e-02 8.437500000000000e-01 0.000000000000000e+00
1.250000000000000e-01 8.437500000000000e-01 0.000000000000000e+00
1.250000000000000e-01 8.750000000000000e-01 0.000000000000000e+00
9.375000000000000e-02 8.750000000000000e-01 0.000000000000000e+00
1.250000000000000e-01 8.437500000000000e-01 0.000000000000000e+00
1.562500000000000e-01 8.437500000000000e-01 0.000000000000000e+00
1.562500000000000e-01 8.750000000000000e-01 0.000000000000000e+00
1.250000000000000e-01 8.750000000000000e-01 0.000000000000000e+00
1.562500000000000e-01 8.437500000000000e-01 0.000000000000000e+00
1.875000000000000e-01 8.437500000000000e-01 0.000000000000000e+00
1.875000000000000e-01 8.750000000000000e-01 0.000000000000000e+00
1.562500000000000e-01 8.750000000000000e-01 0.000000000000000e+00
1.875000000000000e-01 8.437500000000000e-01 0.000000000000000e+00
2.187500000000000e-01 8.437500000000000e-01 0.000000000000000e+00
2.187500000000000e-01 8.750000000000000e-01 0.000000000000000e+00
1.875000000000000e-01 8.750000000000000e-01 0.000000000000000e+00
2.187500000000000e-01 8.437500000000000e-01 0.000000000000000e+00
2.500000000000000e-01 8.437500000000000e-01 0.000000000000000e+00
2.500000000000000e-01 8.750000000000000e-01 0.000000000000000e+00
2.187500000000000e-01 8.750000000000000e-01 0.000000000000000e+00
2.500000000000000e-01 8.437500000000000e-01 0.000000000000000e+00
2.812500000000000e-01 8.437500000000000e-01 0.000000000000000e+00
2.812500000000000e-01 8.750000000000000e-01 0.000000000000000e+00
2.500000000000000e-01 8.750000000000000e-01 0.000000000000000e+00
2.812500000000000e-01 8.437500000000000e-01 0.000000000000000e+00
3.125000000000000e-01 8.437500000000000e-01 0.000000000000000e+00
3.125000000000000e-01 8.750000000000000e-01 0.000000000000000e+00
2.812500000000000e-01 8.750000000000000e-01 0.000000000000000e+00
3.125000000000000e-01 8.437500000000000e-01 0.000000000000000e+00
3.437500000000000e-01 8.437500000000000e-01 0.000000000000000e+00
3.437500000000000e-01 8.750000000000000e-01 0.000000000000000e+00
3.125000000000000e-01 8.750000000000000e-01 0.000000000000000e+00
3.437500000000000e-01 8.437500000000000e-01 0.000000000000000e+00
3.750000000000000e-01 8.437500000000000e-01 0.000000000000000e+00
3.750000000000000e-01 8.750000000000000e-01 0.000000000000000e+00
3.437500000000000e-01 8.750000000000000e-01 0.000000000000000e+00
3.750000000000000e-01 8.437500000000000e-01 0.000000000000000e+00
4.062500000000000e-01 8.437500000000000e-01 0.000000000000000e+00
4.062500000000000e-01 8.750000000000000e-01 0.000000000000000e+00
3.750000000000000e-01 8.750000000000000e-01 0.000000000000000e+00
4.062500000000000e-01 8.437500000000000e-01 0.000000000000000e+00
4.375000000000000e-01 8.437500000000000e-01 0.000000000000000e+00
4.375000000000000e-01 8.750000000000000e-01 0.000000000000000e+00
4.062500000000000e-01 8.750000000000000e-01 0.000000000000000e+00
4.375000000000000e-01 8.437500000000000e-01 0.000000000000000e+00
4.687500000000000e-01 8.437500000000000e-01 0.000000000000000e+00
4.687500000000000e-01 8.750000000000000e-01 0.000000000000000e+00
4.375000000000000e-01 8.750000000000000e-01 0.000000000000000e+00
4.687500000000000e-01 8.437500000000000e-01 0.000000000000000e+00
5.000000000000000e-01 8.437500000000000e-01 0.000000000000000e+00
5.000000000000000e-01 8.750000000000000e-01 0.000000000000000e+00
4.687500000000000e-01 8.750000000000000e-01 0.000000000000000e+00
5.000000000000000e-01 8.437500000000000e-01 0.000000000000000e+00
5.312500000000000e-01 8.437500000000000e-01 0.000000000000000e+00
5.312500000000000e-01 8.750000000000000e-01 0.000000000000000e+00
5.000000000000000e-01 8.750000000000000e-01 0.000000000000000e+00
5.312500000000000e-01 8.437500000000000e-01 0.000000000000000e+00
5.625000000000000e-01 8.437500000000000e-01 0.000000000000000e+00
5.625000000000000e-01 8.750000000000000e-01 0.000000000000000e+00
5.312500000000000e-01 8.750000000000000e-01 0.000000000000000e+00
5.625000000000000e-01 8.437500000000000e-01 0.000000000000000e+00
5.937500000000000e-01 8.437500000000000e-01 0.000000000000000e+00
5.937500000000000e-01 8.750000000000000e-01 0.000000000000000e+00
5.625000000000000e-01 8.750000000000000e-01 0.000000000000000e+00
5.937500000000000e-01 8.437500000000000e-01 0.000000000000000e+00
6.250000000000000e-01 8.437500000000000e-01 0.000000000000000e+00
6.250000000000000e-01 8.750000000000000e-01 0.000000000000000e+00
5.937500000000000e-01 8.750000000000000e-01 0.000000000000000e+00
6.250000000000000e-01 8.437500000000000e-01 0.000000000000000e+00
6.562500000000000e-01 8.437500000000000e-01 0.000000000000000e+00
6.562500000000000e-01 8.750000000000000e-01 0.000000000000000e+00
6.250000000000000e-01 8.750000000000000e-01 0.000000000000000e+00
6.562500000000000e-01 8.437500000000000e-01 0.000000000000000e+00
6.875000000000000e-01 8.437500000000000e-01 0.000000000000000e+00
6.875000000000000e-01 8.750000000000000e-01 0.000000000000000e+00
6.562500000000000e-01 8.750000000000000e-01 0.000000000000000e+00
6.875000000000000e-01 8.437500000000000e-01 0.000000000000000e+00
7.187500000000000e-01 8.437500000000000e-01 0.000000000000000e+00
7.187500000000000e-01 8.750000000000000e-01 0.000000000000000e+00
6.875000000000000e-01 8.750000000000000e-01 0.000000000000000e+00
7.187500000000000e-01 8.437500000000000e-01 0.000000000000000e+00
7.500000000000000e-01 8.437500000000000e-01 0.000000000000000e+00
7.500000000000000e-01 8.750000000000000e-01 0.000000000000000e+00
7.187500000000000e-01 8.750000000000000e-01 0.000000000000000e+00
7.500000000000000e-01 8.437500000000000e-01 0.000000000000000e+00
7.812500000000000e-01 8.437500000000000e-01 0.000000000000000e+00
7.812500000000000e-01 8.750000000000000e-01 0.000000000000000e+00
7.500000000000000e-01 8.750000000000000e-01 0.000000000000000e+00
7.812500000000000e-01 8.437500000000000e-01 0.000000000000000e+00
8.125000000000000e-01 8.437500000000000e-01 0.000000000000000e+00
8.125000000000000e-01 8.750000000000000e-01 0.000000000000000e+00
7.812500000000000e-01 8.750000000000000e-01 0.000000000000000e+00
8.125000000000000e-01 8.437500000000000e-01 0.000000000000000e+00
8.437500000000000e-01 8.437500000000000e-01 0.000000000000000e+00
8.437500000000000e-01 8.750000000000000e-01 0.000000000000000e+00
8.125000000000000e-01 8.750000000000000e-01 0.000000000000000e+00
8.437500000000000e-01 8.437500000000000e-01 0.000000000000000e+00
8.750000000000000e-01 8.437500000000000e-01 0.000000000000000e+00
8.750000000000000e-01 8.750000000000000e-01 0.000000000000000e+00
8.437500000000000e-01 8.750000000000000e-01 0.000000000000000e+00
8.750000000000000e-01 8.437500000000000e-01 0.000000000000000e+00
9.062500000000000e-01 8.437500000000000e-01 0.000000000000000e+00
9.062500000000000e-01 8.750000000000000e-01 0.000000000000000e+00
8.750000000000000e-01 8.750000000000000e-01 0.000000000000000e+00
9.062500000000000e-01 8.437500000000000e-01 0.000000000000000e+00
9.375000000000000e-01 8.437500000000000e-01 0.000000000000000e+00
9.375000000000000e-01 8.750000000000000e-01 0.000000000000000e+00
9.062500000000000e-01 8.750000000000000e-01 0.000000000000000e+00
9.375000000000000e-01 8.437500000000000e-01 0.000000000000000e+00
9.687500000000000e-01 8.437500000000000e-01 0.000000000000000e+00
9.687500000000000e-01 8.750000000000000e-01 0.000000000000000e+00
9.375000000000000e-01 8.750000000000000e-01 0.000000000000000e+00
9.687500000000000e-01 8.437500000000000e-01 0.000000000000000e+00
1.000000000000000e+00 8.437500000000000e-01 0.000000000000000e+00
1.000000000000000e+00 8.750000000000000e-01 0.000000000000000e+00
9.687500000000000e-01 8.750000000000000e-01 0.000000000000000e+00
0.000000000000000e+00 8.750000000000000e-01 0.000000000000000e+00
3.125000000000000e-02 8.750000000000000e-01 0.000000000000000e+00
3.125000000000000e-02 9.062500000000000e-01 0.000000000000000e+00
0.000000000000000e+00 9.062500000000000e-01 0.000000000000000e+00
3.125000000000000e-02 8.750000000000000e-01 0.000000000000000e+00
6.250000000000000e-02 8.750000000000000e-01 0.000000000000000e+00
6.250000000000000e-02 9.062500000000000e-01 0.000000000000000e+00
3.125000000000000e-02 9.062500000000000e-01 0.000000000000000e+00
6.250000000000000e-02 8.750000000000000e-01 0.000000000000000e+00
9.375000000000000e-02 8.750000000000000e-01 0.000000000000000e+00
9.375000000000000e-02 9.062500000000000e-01 0.000000000000000e+00
6.250000000000000e-02 9.062500000000000e-01 0.000000000000000e+00
9.375000000000000e-02 8.750000000000000e-01 0.000000000000000e+00
1.250000000000000e-01 8.750000000000000e-01 0.000000000000000e+00
1.250000000000000e-01 9.062500000000000e-01 0.000000000000000e+00
9.375000000000000e-02 9.062500000000000e-01 0.000000000000000e+00
1.250000000000000e-01 8.750000000000000e-01 0.000000000000000e+00
1.562500000000000e-01 8.750000000000000e-01 0.000000000000000e+00
1.562500000000000e-01 9.062500000000000e-01 0.000000000000000e+00
1.250000000000000e-01 9.062500000000000e-01 0.000000000000000e+00
1.562500000000000e-01 8.750000000000000e-01 0.000000000000000e+00
1.875000000000000e-01 8.750000000000000e-01 0.000000000000000e+00
1.875000000000000e-01 9.062500000000000e-01 0.000000000000000e+00
1.562500000000000e-01 9.062500000000000e-01 0.000000000000000e+00
1.875000000000000e-01 8.750000000000000e-01 0.000000000000000e+00
2.187500000000000e-01 8.750000000000000e-01 0.000000000000000e+00
2.187500000000000e-01 9.062500000000000e-01 0.000000000000000e+00
1.875000000000000e-01 9.062500000000000e-01 0.000000000000000e+00
2.187500000000000e-01 8.750000000000000e-01 0.000000000000000e+00
2.500000000000000e-01 8.750000000000000e-01 0.000000000000000e+00
2.500000000000000e-01 9.062500000000000e-01 0.000000000000000e+00
2.187500000000000e-01 9.062500000000000e-01 0.000000000000000e+00
2.500000000000000e-01 8.750000000000000e-01 0.000000000000000e+00
2.812500000000000e-01 8.750000000000000e-01 0.000000000000000e+00
2.812500000000000e-01 9.062500000000000e-01 0.000000000000000e+00
2.500000000000000e-01 9.062500000000000e-01 0.000000000000000e+00
2.812500000000000e-01 8.750000000000000e-01 0.000000000000000e+00
3.125000000000000e-01 8.750000000000000e-01 0.000000000000000e+00
3.125000000000000e-01 9.062500000000000e-01 0.000000000000000e+00
2.812500000000000e-01 9.062500000000000e-01 0.000000000000000e+00
3.125000000000000e-01 8.750000000000000e-01 0.000000000000000e+00
3.437500000000000e-01 8.750000000000000e-01 0.000000000000000e+00
3.437500000000000e-01 9.062500000000000e-01 0.000000000000000e+00
3.125000000000000e-01 9.062500000000000e-01 0.000000000000000e+00
3.437500000000000e-01 8.750000000000000e-01 0.000000000000000e+00
3.750000000000000e-01 8.750000000000000e-01 0.000000000000000e+00
3.750000000000000e-01 9.062500000000000e-01 0.000000000000000e+00
3.437500000000000e-01 9.062500000000000e-01 0.000000000000000e+00
3.750000000000000e-01 8.750000000000000e-01 0.000000000000000e+00
4.062500000000000e-01 8.750000000000000e-01 0.000000000000000e+00
4.062500000000000e-01 9.062500000000000e-01 0.000000000000000e+00
3.750000000000000e-01 9.062500000000000e-01 0.000000000000000e+00
4.062500000000000e-01 8.750000000000000e-01 0.000000000000000e+00
4.375000000000000e-01 8.750000000000000e-01 0.000000000000000e+00
4.375000000000000e-01 9.062500000000000e-01 0.000000000000000e+00
4.062500000000000e-01 9.062500000000000e-01 0.000000000000000e+00
4.375000000000000e-01 8.750000000000000e-01 0.000000000000000e+00
4.687500000000000e-01 8.750000000000000e-01 0.000000000000000e+00
4.687500000000000e-01 9.062500000000000e-01 0.000000000000000e+00
4.375000000000000e-01 9.062500000000000e-01 0.000000000000000e+00
4.687500000000000e-01 8.750000000000000e-01 0.000000000000000e+00
5.000000000000000e-01 8.750000000000000e-01 0.000000000000000e+00
5.000000000000000e-01 9.062500000000000e-01 0.000000000000000e+00
4.687500000000000e-01 9.062500000000000e-01 0.000000000000000e+00
5.000000000000000e-01 8.750000000000000e-01 0.000000000000000e+00
5.312500000000000e-01 8.750000000000000e-01 0.000000000000000e+00
5.312500000000000e-01 9.062500000000000e-01 0.000000000000000e+00
5.000000000000000e-01 9.062500000000000e-01 0.000000000000000e+00
5.312500000000000e-01 8.750000000000000e-01 0.000000000000000e+00
5.625000000000000e-01 8.750000000000000e-01 0.000000000000000e+00
5.625000000000000e-01 9.062500000000000e-01 0.000000000000000e+00
5.312500000000000e-01 9.062500000000000e-01 0.000000000000000e+00
5.625000000000000e-01 8.750000000000000e-01 0.000000000000000e+00
5.937500000000000e-01 8.750000000000000e-01 0.000000000000000e+00
5.937500000000000e-01 9.062500000000000e-01 0.000000000000000e+00
5.625000000000000e-01 9.062500000000000e-01 0.000000000000000e+00
5.937500000000000e-01 8.750000000000000e-01 0.000000000000000e+00
6.250000000000000e-01 8.750000000000000e-01 0.000000000000000e+00
6.250000000000000e-01 9.062500000000000e-01 0.000000000000000e+00
5.937500000000000e-01 9.062500000000000e-01 0.000000000000000e+00
6.250000000000000e-01 8.750000000000000e-01 0.000000000000000e+00
6.562500000000000e-01 8.750000000000000e-01 0.000000000000000e+00
6.562500000000000e-01 9.062500000000000e-01 0.000000000000000e+00
6.250000000000000e-01 9.062500000000000e-01 0.000000000000000e+00
6.562500000000000e-01 8.750000000000000e-01 0.000000000000000e+00
6.875000000000000e-01 8.750000000000000e-01 0.000000000000000e+00
6.875000000000000e-01 9.062500000000000e-01 0.000000000000000e+00
6.562500000000000e-01 9.062500000000000e-01 0.000000000000000e+00
6.875000000000000e-01 8.750000000000000e-01 0.000000000000000e+00
7.187500000000000e-01 8.750000000000000e-01 0.000000000000000e+00
7.187500000000000e-01 9.062500000000000e-01 0.000000000000000e+00
6.875000000000000e-01 9.062500000000000e-01 0.000000000000000e+00
7.187500000000000e-01 8.750000000000000e-01 0.000000000000000e+00
7.500000000000000e-01 8.750000000000000e-01 0.000000000000000e+00
7.500000000000000e-01 9.062500000000000e-01 0.000000000000000e+00
7.187500000000000e-01 9.062500000000000e-01 0.000000000000000e+00
7.500000000000000e-01 8.750000000000000e-01 0.000000000000000e+00
7.812500000000000e-01 8.750000000000000e-01 0.000000000000000e+00
7.812500000000000e-01 9.062500000000000e-01 0.000000000000000e+00
7.500000000000000e-01 9.062500000000000e-01 0.000000000000000e+00
7.812500000000000e-01 8.750000000000000e-01 0.000000000000000e+00
8.125000000000000e-01 8.750000000000000e-01 0.000000000000000e+00
8.125000000000000e-01 9.062500000000000e-01 0.000000000000000e+00
7.812500000000000e-01 9.062500000000000e-01 0.000000000000000e+00
8.125000000000000e-01 8.750000000000000e-01 0.000000000000000e+00
8.437500000000000e-01 8.750000000000000e-01 0.000000000000000e+00
8.437500000000000e-01 9.062500000000000e-01 0.000000000000000e+00
8.125000000000000e-01 9.062500000000000e-01 0.000000000000000e+00
8.437500000000000e-01 8.750000000000000e-01 0.000000000000000e+00
8.750000000000000e-01 8.750000000000000e-01 0.000000000000000e+00
8.750000000000000e-01 9.062500000000000e-01 0.000000000000000e+00
8.437500000000000e-01 9.062500000000000e-01 0.000000000000000e+00
8.750000000000000e-01 8.750000000000000e-01 0.000000000000000e+00
9.062500000000000e-01 8.750000000000000e-01 0.000000000000000e+00
9.062500000000000e-01 9.062500000000000e-01 0.000000000000000e+00
8.750000000000000e-01 9.062500000000000e-01 0.000000000000000e+00
9.062500000000000e-01 8.750000000000000e-01 0.000000000000000e+00
9.375000000000000e-01 8.750000000000000e-01 0.000000000000000e+00
9.375000000000000e-01 9.062500000000000e-01 0.000000000000000e+00
9.062500000000000e-01 9.062500000000000e-01 0.000000000000000e+00
9.375000000000000e-01 8.750000000000000e-01 0.000000000000000e+00
9.687500000000000e-01 8.750000000000000e-01 0.000000000000000e+00
9.687500000000000e-01 9.062500000000000e-01 0.000000000000000e+00
9.375000000000000e-01 9.062500000000000e-01 0.000000000000000e+00
9.687500000000000e-01 8.750000000000000e-01 0.000000000000000e+00
1.000000000000000e+00 8.750000000000000e-01 0.000000000000000e+00
1.000000000000000e+00 9.062500000000000e-01 0.000000000000000e+00
9.687500000000000e-01 9.062500000000000e-01 0.000000000000000e+00
0.000000000000000e+00 9.062500000000000e-01 0.000000000000000e+00
3.125000000000000e-02 9.062500000000000e-01 0.000000000000000e+00
3.125000000000000e-02 9.375000000000000e-01 0.000000000000000e+00
0.000000000000000e+00 9.375000000000000e-01 0.000000000000000e+00
3.125000000000000e-02 9.062500000000000e-01 0.000000000000000e+00
6.250000000000000e-02 9.062500000000000e-01 0.000000000000000e+00
6.250000000000000e-02 9.375000000000000e-01 0.000000000000000e+00
3.125000000000000e-02 9.375000000000000e-01 0.000000000000000e+00
6.250000000000000e-02 9.062500000000000e-01 0.000000000000000e+00
9.375000000000000e-02 9.062500000000000e-01 0.000000000000000e+00
9.375000000000000e-02 9.375000000000000e-01 0.000000000000000e+00
6.250000000000000e-02 9.375000000000000e-01 0.000000000000000e+00
9.375000000000000e-02 9.062500000000000e-01 0.000000000000000e+00
1.250000000000000e-01 9.062500000000000e-01 0.000000000000000e+00
1.250000000000000e-01 9.375000000000000e-01 0.000000000000000e+00
9.375000000000000e-02 9.375000000000000e-01 0.000000000000000e+00
1.250000000000000e-01 9.062500000000000e-01 0.000000000000000e+00
1.562500000000000e-01 9.062500000000000e-01 0.000000000000000e+00
1.562500000000000e-01 9.375000000000000e-01 0.000000000000000e+00
1.250000000000000e-01 9.375000000000000e-01 0.000000000000000e+00
1.562500000000000e-01 9.062500000000000e-01 0.000000000000000e+00
1.875000000000000e-01 9.062500000000000e-01 0.000000000000000e+00
1.875000000000000e-01 9.375000000000000e-01 0.000000000000000e+00
1.562500000000000e-01 9.375000000000000e-01 0.000000000000000e+00
1.875000000000000e-01 9.062500000000000e-01 0.000000000000000e+00
2.187500000000000e-01 9.062500000000000e-01 0.000000000000000e+00
2.187500000000000e-01 9.375000000000000e-01 0.000000000000000e+00
1.875000000000000e-01 9.375000000000000e-01 0.000000000000000e+00
2.187500000000000e-01 9.062500000000000e-01 0.000000000000000e+00
2.500000000000000e-01 9.062500000000000e-01 0.000000000000000e+00
2.500000000000000e-01 9.375000000000000e-01 0.000000000000000e+00
2.187500000000000e-01 9.375000000000000e-01 0.000000000000000e+00
2.500000000000000e-01 9.062500000000000e-01 0.000000000000000e+00
2.812500000000000e-01 9.062500000000000e-01 0.000000000000000e+00
2.812500000000000e-01 9.375000000000000e-01 0.000000000000000e+00
2.500000000000000e-01 9.375000000000000e-01 0.000000000000000e+00
2.812500000000000e-01 9.062500000000000e-01 0.000000000000000e+00
3.125000000000000e-01 9.062500000000000e-01 0.000000000000000e+00
3.125000000000000e-01 9.375000000000000e-01 0.000000000000000e+00
2.812500000000000e-01 9.375000000000000e-01 0.000000000000000e+00
3.125000000000000e-01 9.062500000000000e-01 0.000000000000000e+00
3.437500000000000e-01 9.062500000000000e-01 0.000000000000000e+00
3.437500000000000e-01 9.375000000000000e-01 0.000000000000000e+00
3.125000000000000e-01 9.375000000000000e-01 0.000000000000000e+00
3.437500000000000e-01 9.062500000000000e-01 0.000000000000000e+00
3.750000000000000e-01 9.062500000000000e-01 0.000000000000000e+00
3.750000000000000e-01 9.375000000000000e-01 0.000000000000000e+00
3.437500000000000e-01 9.375000000000000e-01 0.000000000000000e+00
3.750000000000000e-01 9.062500000000000e-01 0.000000000000000e+00
4.062500000000000e-01 9.062500000000000e-01 0.000000000000000e+00
4.062500000000000e-01 9.375000000000000e-01 0.000000000000000e+00
3.750000000000000e-01 9.375000000000000e-01 0.000000000000000e+00
4.062500000000000e-01 9.062500000000000e-01 0.000000000000000e+00
4.375000000000000e-01 9.062500000000000e-01 0.000000000000000e+00
4.375000000000000e-01 9.375000000000000e-01 0.000000000000000e+00
4.062500000000000e-01 9.375000000000000e-01 0.000000000000000e+00
4.375000000000000e-01 9.062500000000000e-01 0.000000000000000e+00
4.687500000000000e-01 9.062500000000000e-01 0.000000000000000e+00
4.687500000000000e-01 9.375000000000000e-01 0.000000000000000e+00
4.375000000000000e-01 9.375000000000000e-01 0.000000000000000e+00
4.687500000000000e-01 9.062500000000000e-01 0.000000000000000e+00
5.000000000000000e-01 9.062500000000000e-01 0.000000000000000e+00
5.000000000000000e-01 9.375000000000000e-01 0.000000000000000e+00
4.687500000000000e-01 9.375000000000000e-01 0.000000000000000e+00
5.000000000000000e-01 9.062500000000000e-01 0.000000000000000e+00
5.312500000000000e-01 9.062500000000000e-01 0.000000000000000e+00
5.312500000000000e-01 9.375000000000000e-01 0.000000000000000e+00
5.000000000000000e-01 9.375000000000000e-01 0.000000000000000e+00
5.312500000000000e-01 9.062500000000000e-01 0.000000000000000e+00
5.625000000000000e-01 9.062500000000000e-01 0.000000000000000e+00
5.625000000000000e-01 9.375000000000000e-01 0.000000000000000e+00
5.312500000000000e-01 9.375000000000000e-01 0.000000000000000e+00
5.625000000000000e-01 9.062500000000000e-01 0.000000000000000e+00
5.937500000000000e-01 9.062500000000000e-01 0.000000000000000e+00
5.937500000000000e-01 9.375000000000000e-01 0.000000000000000e+00
5.625000000000000e-01 9.375000000000000e-01 0.000000000000000e+00
5.937500000000000e-01 9.062500000000000e-01 0.000000000000000e+00
6.250000000000000e-01 9.062500000000000e-01 0.000000000000000e+00
6.250000000000000e-01 9.375000000000000e-01 0.000000000000000e+00
5.937500000000000e-01 9.375000000000000e-01 0.000000000000000e+00
6.250000000000000e-01 9.062500000000000e-01 0.000000000000000e+00
6.562500000000000e-01 9.062500000000000e-01 0.000000000000000e+00
6.562500000000000e-01 9.375000000000000e-01 0.000000000000000e+00
6.250000000000000e-01 9.375000000000000e-01 0.000000000000000e+00
6.562500000000000e-01 9.062500000000000e-01 0.000000000000000e+00
6.875000000000000e-01 9.062500000000000e-01 0.000000000000000e+00
6.875000000000000e-01 9.375000000000000e-01 0.000000000000000e+00
6.562500000000000e-01 9.375000000000000e-01 0.000000000000000e+00
6.875000000000000e-01 9.062500000000000e-01 0.000000000000000e+00
7.187500000000000e-01 9.062500000000000e-01 0.000000000000000e+00
7.187500000000000e-01 9.375000000000000e-01 0.000000000000000e+00
6.875000000000000e-01 9.375000000000000e-01 0.000000000000000e+00
7.187500000000000e-01 9.062500000000000e-01 0.000000000000000e+00
7.500000000000000e-01 9.062500000000000e-01 0.000000000000000e+00
7.500000000000000e-01 9.375000000000000e-01 0.000000000000000e+00
7.187500000000000e-01 9.375000000000000e-01 0.000000000000000e+00
7.500000000000000e-01 9.062500000000000e-01 0.000000000000000e+00
7.812500000000000e-01 9.062500000000000e-01 0.000000000000000e+00
7.812500000000000e-01 9.375000000000000e-01 0.000000000000000e+00
7.500000000000000e-01 9.375000000000000e-01 0.000000000000000e+00
7.812500000000000e-01 9.062500000000000e-01 0.000000000000000e+00
8.125000000000000e-01 9.062500000000000e-01 0.000000000000000e+00
8.125000000000000e-01 9.375000000000000e-01 0.000000000000000e+00
7.812500000000000e-01 9.375000000000000e-01 0.000000000000000e+00
8.125000000000000e-01 9.062500000000000e-01 0.000000000000000e+00
8.437500000000000e-01 9.062500000000000e-01 0.000000000000000e+00
8.437500000000000e-01 9.375000000000000e-01 0.000000000000000e+00
8.125000000000000e-01 9.375000000000000e-01 0.000000000000000e+00
8.437500000000000e-01 9.062500000000000e-01 0.000000000000000e+00
8.750000000000000e-01 9.062500000000000e-01 0.000000000000000e+00
8.750000000000000e-01 9.375000000000000e-01 0.000000000000000e+00
8.437500000000000e-01 9.375000000000000e-01 0.000000000000000e+00
8.750000000000000e-01 9.062500000000000e-01 0.000000000000000e+00
9.062500000000000e-01 9.062500000000000e-01 0.000000000000000e+00
9.062500000000000e-01 9.375000000000000e-01 0.000000000000000e+00
8.750000000000000e-01 9.375000000000000e-01 0.000000000000000e+00
9.062500000000000e-01 9.062500000000000e-01 0.000000000000000e+00
9.375000000000000e-01 9.062500000000000e-01 0.000000000000000e+00
9.375000000000000e-01 9.375000000000000e-01 0.000000000000000e+00
9.062500000000000e-01 9.375000000000000e-01 0.000000000000000e+00
9.375000000000000e-01 9.062500000000000e-01 0.000000000000000e+00
9.687500000000000e-01 9.062500000000000e-01 0.000000000000000e+00
9.687500000000000e-01 9.375000000000000e-01 0.000000000000000e+00
9.375000000000000e-01 9.375000000000000e-01 0.000000000000000e+00
9.687500000000000e-01 9.062500000000000e-01 0.000000000000000e+00
1.000000000000000e+00 9.062500000000000e-01 0.000000000000000e+00
1.000000000000000e+00 9.375000000000000e-01 0.000000000000000e+00
9.687500000000000e-01 9.375000000000000e-01 0.000000000000000e+00
0.000000000000000e+00 9.375000000000000e-01 0.000000000000000e+00
3.125000000000000e-02 9.375000000000000e-01 0.000000000000000e+00
3.125000000000000e-02 9.687500000000000e-01 0.000000000000000e+00
0.000000000000000e+00 9.687500000000000e-01 0.000000000000000e+00
3.125000000000000e-02 9.375000000000000e-01 0.000000000000000e+00
6.250000000000000e-02 9.375000000000000e-01 0.000000000000000e+00
6.250000000000000e-02 9.687500000000000e-01 0.000000000000000e+00
3.125000000000000e-02 9.687500000000000e-01 0.000000000000000e+00
6.250000000000000e-02 9.375000000000000e-01 0.000000000000000e+00
9.375000000000000e-02 9.375000000000000e-01 0.000000000000000e+00
9.375000000000000e-02 9.687500000000000e-01 0.000000000000000e+00
6.250000000000000e-02 9.687500000000000e-01 0.000000000000000e+00
9.375000000000000e-02 9.375000000000000e-01 0.000000000000000e+00
1.250000000000000e-01 9.375000000000000e-01 0.000000000000000e+00
1.250000000000000e-01 9.687500000000000e-01 0.000000000000000e+00
9.375000000000000e-02 9.687500000000000e-01 0.000000000000000e+00
1.250000000000000e-01 9.375000000000000e-01 0.000000000000000e+00
1.562500000000000e-01 9.375000000000000e-01 0.000000000000000e+00
1.562500000000000e-01 9.687500000000000e-01 0.000000000000000e+00
1.250000000000000e-01 9.687500000000000e-01 0.000000000000000e+00
1.562500000000000e-01 9.375000000000000e-01 0.000000000000000e+00
1.875000000000000e-01 9.375000000000000e-01 0.000000000000000e+00
1.875000000000000e-01 9.687500000000000e-01 0.000000000000000e+00
1.562500000000000e-01 9.687500000000000e-01 0.000000000000000e+00
1.875000000000000e-01 9.375000000000000e-01 0.000000000000000e+00
2.187500000000000e-01 9.375000000000000e-01 0.000000000000000e+00
2.187500000000000e-01 9.687500000000000e-01 0.000000000000000e+00
1.875000000000000e-01 9.687500000000000e-01 0.000000000000000e+00
2.187500000000000e-01 9.375000000000000e-01 0.000000000000000e+00
2.500000000000000e-01 9.375000000000000e-01 0.000000000000000e+00
2.500000000000000e-01 9.687500000000000e-01 0.000000000000000e+00
2.187500000000000e-01 9.687500000000000e-01 0.000000000000000e+00
2.500000000000000e-01 9.375000000000000e-01 0.000000000000000e+00
2.812500000000000e-01 9.375000000000000e-01 0.000000000000000e+00
2.812500000000000e-01 9.687500000000000e-01 0.000000000000000e+00
2.500000000000000e-01 9.687500000000000e-01 0.000000000000000e+00
2.812500000000000e-01 9.375000000000000e-01 0.000000000000000e+00
3.125000000000000e-01 9.375000000000000e-01 0.000000000000000e+00
3.125000000000000e-01 9.687500000000000e-01 0.000000000000000e+00
2.812500000000000e-01 9.687500000000000e-01 0.000000000000000e+00
3.125000000000000e-01 9.375000000000000e-01 0.000000000000000e+00
3.437500000000000e-01 9.375000000000000e-01 0.000000000000000e+00
3.437500000000000e-01 9.687500000000000e-01 0.000000000000000e+00
3.125000000000000e-01 9.687500000000000e-01 0.000000000000000e+00
3.437500000000000e-01 9.375000000000000e-01 0.000000000000000e+00
3.750000000000000e-01 9.375000000000000e-01 0.000000000000000e+00
3.750000000000000e-01 9.687500000000000e-01 0.000000000000000e+00
3.437500000000000e-01 9.687500000000000e-01 0.000000000000000e+00
3.750000000000000e-01 9.375000000000000e-01 0.000000000000000e+00
4.062500000000000e-01 9.375000000000000e-01 0.000000000000000e+00
4.062500000000000e-01 9.687500000000000e-01 0.000000000000000e+00
3.750000000000000e-01 9.687500000000000e-01 0.000000000000000e+00
4.062500000000000e-01 9.375000000000000e-01 0.000000000000000e+00
4.375000000000000e-01 9.375000000000000e-01 0.000000000000000e+00
4.375000000000000e-01 9.687500000000000e-01 0.000000000000000e+00
4.062500000000000e-01 9.687500000000000e-01 0.000000000000000e+00
4.375000000000000e-01 9.375000000000000e-01 0.000000000000000e+00
4.687500000000000e-01 9.375000000000000e-01 0.000000000000000e+00
4.687500000000000e-01 9.687500000000000e-01 0.000000000000000e+00
4.375000000000000e-01 9.687500000000000e-01 0.000000000000000e+00
4.687500000000000e-01 9.375000000000000e-01 0.000000000000000e+00
5.000000000000000e-01 9.375000000000000e-01 0.000000000000000e+00
5.000000000000000e-01 9.687500000000000e-01 0.000000000000000e+00
4.687500000000000e-01 9.687500000000000e-01 0.000000000000000e+00
5.000000000000000e-01 9.375000000000000e-01 0.000000000000000e+00
5.312500000000000e-01 9.375000000000000e-01 0.000000000000000e+00
5.312500000000000e-01 9.687500000000000e-01 0.000000000000000e+00
5.000000000000000e-01 9.687500000000000e-01 0.000000000000000e+00
5.312500000000000e-01 9.375000000000000e-01 0.000000000000000e+00
5.625000000000000e-01 9.375000000000000e-01 0.000000000000000e+00
5.625000000000000e-01 9.687500000000000e-01 0.000000000000000e+00
5.312500000000000e-01 9.687500000000000e-01 0.000000000000000e+00
5.625000000000000e-01 9.375000000000000e-01 0.000000000000000e+00
5.937500000000000e-01 9.375000000000000e-01 0.000000000000000e+00
5.937500000000000e-01 9.687500000000000e-01 0.000000000000000e+00
5.625000000000000e-01 9.687500000000000e-01 0.000000000000000e+00
5.937500000000000e-01 9.375000000000000e-01 0.000000000000000e+00
6.250000000000000e-01 9.375000000000000e-01 0.000000000000000e+00
6.250000000000000e-01 9.687500000000000e-01 0.000000000000000e+00
5.937500000000000e-01 9.687500000000000e-01 0.000000000000000e+00
6.250000000000000e-01 9.375000000000000e-01 0.000000000000000e+00
6.562500000000000e-01 9.375000000000000e-01 0.000000000000000e+00
6.562500000000000e-01 9.687500000000000e-01 0.000000000000000e+00
6.250000000000000e-01 9.687500000000000e-01 0.000000000000000e+00
6.562500000000000e-01 9.375000000000000e-01 0.000000000000000e+00
6.875000000000000e-01 9.375000000000000e-01 0.000000000000000e+00
6.875000000000000e-01 9.687500000000000e-01 0.000000000000000e+00
6.562500000000000e-01 9.687500000000000e-01 0.000000000000000e+00
6.875000000000000e-01 9.375000000000000e-01 0.000000000000000e+00
7.187500000000000e-01 9.375000000000000e-01 0.000000000000000e+00
7.187500000000000e-01 9.687500000000000e-01 0.000000000000000e+00
6.875000000000000e-01 9.687500000000000e-01 0.000000000000000e+00
7.187500000000000e-01 9.375000000000000e-01 0.000000000000000e+00
7.500000000000000e-01 9.375000000000000e-01 0.000000000000000e+00
7.500000000000000e-01 9.687500000000000e-01 0.000000000000000e+00
7.187500000000000e-01 9.687500000000000e-01 0.000000000000000e+00
7.500000000000000e-01 9.375000000000000e-01 0.000000000000000e+00
7.812500000000000e-01 9.375000000000000e-01 0.000000000000000e+00
7.812500000000000e-01 9.687500000000000e-01 0.000000000000000e+00
7.500000000000000e-01 9.687500000000000e-01 0.000000000000000e+00
7.812500000000000e-01 9.375000000000000e-01 0.000000000000000e+00
8.125000000000000e-01 9.375000000000000e-01 0.000000000000000e+00
8.125000000000000e-01 9.687500000000000e-01 0.000000000000000e+00
7.812500000000000e-01 9.687500000000000e-01 0.000000000000000e+00
8.125000000000000e-01 9.375000000000000e-01 0.000000000000000e+00
8.437500000000000e-01 9.375000000000000e-01 0.000000000000000e+00
8.437500000000000e-01 9.687500000000000e-01 0.000000000000000e+00
8.125000000000000e-01 9.687500000000000e-01 0.000000000000000e+00
8.437500000000000e-01 9.375000000000000e-01 0.000000000000000e+00
8.750000000000000e-01 9.375000000000000e-01 0.000000000000000e+00
8.750000000000000e-01 9.687500000000000e-01 0.000000000000000e+00
8.437500000000000e-01 9.687500000000000e-01 0.000000000000000e+00
8.750000000000000e-01 9.375000000000000e-01 0.000000000000000e+00
9.062500000000000e-01 9.375000000000000e-01 0.000000000000000e+00
9.062500000000000e-01 9.687500000000000e-01 0.000000000000000e+00
8.750000000000000e-01 9.687500000000000e-01 0.000000000000000e+00
9.062500000000000e-01 9.375000000000000e-01 0.000000000000000e+00
9.375000000000000e-01 9.375000000000000e-01 0.000000000000000e+00
9.375000000000000e-01 9.687500000000000e-01 0.000000000000000e+00
9.062500000000000e-01 9.687500000000000e-01 0.000000000000000e+00
9.375000000000000e-01 9.375000000000000e-01 0.000000000000000e+00
9.687500000000000e-01 9.375000000000000e-01 0.000000000000000e+00
9.687500000000000e-01 9.687500000000000e-01 0.000000000000000e+00
9.375000000000000e-01 9.687500000000000e-01 0.000000000000000e+00
9.687500000000000e-01 9.375000000000000e-01 0.000000000000000e+00
1.000000000000000e+00 9.375000000000000e-01 0.000000000000000e+00
1.000000000000000e+00 9.687500000000000e-01 0.000000000000000e+00
9.687500000000000e-01 9.687500000000000e-01 0.000000000000000e+00
0.000000000000000e+00 9.687500000000000e-01 0.000000000000000e+00
3.125000000000000e-02 9.687500000000000e-01 0.000000000000000e+00
3.125000000000000e-02 1.000000000000000e+00 0.000000000000000e+00
0.000000000000000e+00 1.000000000000000e+00 0.000000000000000e+00
3.125000000000000e-02 9.687500000000000e-01 0.000000000000000e+00
6.250000000000000e-02 9.687500000000000e-01 0.000000000000000e+00
6.250000000000000e-02 1.000000000000000e+00 0.000000000000000e+00
3.125000000000000e-02 1.000000000000000e+00 0.000000000000000e+00
6.250000000000000e-02 9.687500000000000e-01 0.000000000000000e+00
9.375000000000000e-02 9.687500000000000e-01 0.000000000000000e+00
9.375000000000000e-02 1.000000000000000e+00 0.000000000000000e+00
6.250000000000000e-02 1.000000000000000e+00 0.000000000000000e+00
9.375000000000000e-02 9.687500000000000e-01 0.000000000000000e+00
1.250000000000000e-01 9.687500000000000e-01 0.000000000000000e+00
1.250000000000000e-01 1.000000000000000e+00 0.000000000000000e+00
9.375000000000000e-02 1.000000000000000e+00 0.000000000000000e+00
1.250000000000000e-01 9.687500000000000e-01 0.000000000000000e+00
1.562500000000000e-01 9.687500000000000e-01 0.000000000000000e+00
1.562500000000000e-01 1.000000000000000e+00 0.000000000000000e+00
1.250000000000000e-01 1.000000000000000e+00 0.000000000000000e+00
1.562500000000000e-01 9.687500000000000e-01 0.000000000000000e+00
1.875000000000000e-01 9.687500000000000e-01 0.000000000000000e+00
1.875000000000000e-01 1.000000000000000e+00 0.000000000000000e+00
1.562500000000000e-01 1.000000000000000e+00 0.000000000000000e+00
1.875000000000000e-01 9.687500000000000e-01 0.000000000000000e+00
2.187500000000000e-01 9.687500000000000e-01 0.000000000000000e+00
2.187500000000000e-01 1.000000000000000e+00 0.000000000000000e+00
1.875000000000000e-01 1.000000000000000e+00 0.000000000000000e+00
2.187500000000000e-01 9.687500000000000e-01 0.000000000000000e+00
2.500000000000000e-01 9.687500000000000e-01 0.000000000000000e+00
2.500000000000000e-01 1.000000000000000e+00 0.000000000000000e+00
2.187500000000000e-01 1.000000000000000e+00 0.000000000000000e+00
2.500000000000000e-01 9.687500000000000e-01 0.000000000000000e+00
2.812500000000000e-01 9.687500000000000e-01 0.000000000000000e+00
2.812500000000000e-01 1.000000000000000e+00 0.000000000000000e+00
2.500000000000000e-01 1.000000000000000e+00 0.000000000000000e+00
2.812500000000000e-01 9.687500000000000e-01 0.000000000000000e+00
3.125000000000000e-01 9.687500000000000e-01 0.000000000000000e+00
3.125000000000000e-01 1.000000000000000e+00 0.000000000000000e+00
2.812500000000000e-01 1.000000000000000e+00 0.000000000000000e+00
3.125000000000000e-01 9.687500000000000e-01 0.000000000000000e+00
3.437500000000000e-01 9.687500000000000e-01 0.000000000000000e+00
3.437500000000000e-01 1.000000000000000e+00 0.000000000000000e+00
3.125000000000000e-01 1.000000000000000e+00 0.000000000000000e+00
3.437500000000000e-01 9.687500000000000e-01 0.000000000000000e+00
3.750000000000000e-01 9.687500000000000e-01 0.000000000000000e+00
3.750000000000000e-01 1.000000000000000e+00 0.000000000000000e+00
3.437500000000000e-01 1.000000000000000e+00 0.000000000000000e+00
3.750000000000000e-01 9.687500000000000e-01 0.000000000000000e+00
4.062500000000000e-01 9.687500000000000e-01 0.000000000000000e+00
4.062500000000000e-01 1.000000000000000e+00 0.000000000000000e+00
3.750000000000000e-01 1.000000000000000e+00 0.000000000000000e+00
4.062500000000000e-01 9.687500000000000e-01 0.000000000000000e+00
4.375000000000000e-01 9.687500000000000e-01 0.000000000000000e+00
4.375000000000000e-01 1.000000000000000e+00 0.000000000000000e+00
4.062500000000000e-01 1.000000000000000e+00 0.000000000000000e+00
4.375000000000000e-01 9.687500000000000e-01 0.000000000000000e+00
4.687500000000000e-01 9.687500000000000e-01 0.000000000000000e+00
4.687500000000000e-01 1.000000000000000e+00 0.000000000000000e+00
4.375000000000000e-01 1.000000000000000e+00 0.000000000000000e+00
4.687500000000000e-01 9.687500000000000e-01 0.000000000000000e+00
5.000000000000000e-01 9.687500000000000e-01 0.000000000000000e+00
5.000000000000000e-01 1.000000000000000e+00 0.000000000000000e+00
4.687500000000000e-01 1.000000000000000e+00 0.000000000000000e+00
5.000000000000000e-01 9.687500000000000e-01 0.000000000000000e+00
5.312500000000000e-01 9.687500000000000e-01 0.000000000000000e+00
5.312500000000000e-01 1.000000000000000e+00 0.000000000000000e+00
5.000000000000000e-01 1.000000000000000e+00 0.000000000000000e+00
5.312500000000000e-01 9.687500000000000e-01 0.000000000000000e+00
5.625000000000000e-01 9.687500000000000e-01 0.000000000000000e+00
5.625000000000000e-01 1.000000000000000e+00 0.000000000000000e+00
5.312500000000000e-01 1.000000000000000e+00 0.000000000000000e+00
5.625000000000000e-01 9.687500000000000e-01 0.000000000000000e+00
5.937500000000000e-01 9.687500000000000e-01 0.000000000000000e+00
5.937500000000000e-01 1.000000000000000e+00 0.000000000000000e+00
5.625000000000000e-01 1.000000000000000e+00 0.000000000000000e+00
5.937500000000000e-01 9.687500000000000e-01 0.000000000000000e+00
6.250000000000000e-01 9.687500000000000e-01 0.000000000000000e+00
6.250000000000000e-01 1.000000000000000e+00 0.000000000000000e+00
5.937500000000000e-01 1.000000000000000e+00 0.000000000000000e+00
6.250000000000000e-01 9.687500000000000e-01 0.000000000000000e+00
6.562500000000000e-01 9.687500000000000e-01 0.000000000000000e+00
6.562500000000000e-01 1.000000000000000e+00 0.000000000000000e+00
6.250000000000000e-01 1.000000000000000e+00 0.000000000000000e+00
6.562500000000000e-01 9.687500000000000e-01 0.000000000000000e+00
6.875000000000000e-01 9.687500000000000e-01 0.000000000000000e+00
6.875000000000000e-01 1.000000000000000e+00 0.000000000000000e+00
6.562500000000000e-01 1.000000000000000e+00 0.000000000000000e+00
6.875000000000000e-01 9.687500000000000e-01 0.000000000000000e+00
7.187500000000000e-01 9.687500000000000e-01 0.000000000000000e+00
7.187500000000000e-01 1.000000000000000e+00 0.000000000000000e+00
6.875000000000000e-01 1.000000000000000e+00 0.000000000000000e+00
7.187500000000000e-01 9.687500000000000e-01 0.000000000000000e+00
7.500000000000000e-01 9.687500000000000e-01 0.000000000000000e+00
7.500000000000000e-01 1.000000000000000e+00 0.000000000000000e+00
7.187500000000000e-01 1.000000000000000e+00 0.000000000000000e+00
7.500000000000000e-01 9.687500000000000e-01 0.000000000000000e+00
7.812500000000000e-01 9.687500000000000e-01 0.000000000000000e+00
7.812500000000000e-01 1.000000000000000e+00 0.000000000000000e+00
7.500000000000000e-01 1.000000000000000e+00 0.000000000000000e+00
7.812500000000000e-01 9.687500000000000e-01 0.000000000000000e+00
8.125000000000000e-01 9.687500000000000e-01 0.000000000000000e+00
8.125000000000000e-01 1.000000000000000e+00 0.000000000000000e+00
7.812500000000000e-01 1.000000000000000e+00 0.000000000000000e+00
8.125000000000000e-01 9.687500000000000e-01 0.000000000000000e+00
8.437500000000000e-01 9.687500000000000e-01 0.000000000000000e+00
8.437500000000000e-01 1.000000000000000e+00 0.000000000000000e+00
8.125000000000000e-01 1.000000000000000e+00 0.000000000000000e+00
8.437500000000000e-01 9.687500000000000e-01 0.000000000000000e+00
8.750000000000000e-01 9.687500000000000e-01 0.000000000000000e+00
8.750000000000000e-01 1.000000000000000e+00 0.000000000000000e+00
8.437500000000000e-01 1.000000000000000e+00 0.000000000000000e+00
8.750000000000000e-01 9.687500000000000e-01 0.000000000000000e+00
9.062500000000000e-01 9.687500000000000e-01 0.000000000000000e+00
9.062500000000000e-01 1.000000000000000e+00 0.000000000000000e+00
8.750000000000000e-01 1.000000000000000e+00 0.000000000000000e+00
9.062500000000000e-01 9.687500000000000e-01 0.000000000000000e+00
9.375000000000000e-01 9.687500000000000e-01 0.000000000000000e+00
9.375000000000000e-01 1.000000000000000e+00 0.000000000000000e+00
9.062500000000000e-01 1.000000000000000e+00 0.000000000000000e+00
9.375000000000000e-01 9.687500000000000e-01 0.000000000000000e+00
9.687500000000000e-01 9.687500000000000e-01 0.000000000000000e+00
9.687500000000000e-01 1.000000000000000e+00 0.000000000000000e+00
9.375000000000000e-01 1.000000000000000e+00 0.000000000000000e+00
9.687500000000000e-01 9.687500000000000e-01 0.000000000000000e+00
1.000000000000000e+00 9.687500000000000e-01 0.000000000000000e+00
1.000000000000000e+00 1.000000000000000e+00 0.000000000000000e+00
9.687500000000000e-01 1.000000000000000e+00 0.000000000000000e+00
        </DataArray>
      </Points>

      <Cells>
        <DataArray type="Int32" Name="connectivity" format="ascii">
0 1 2 3 4 5 6 7 8 9 10 11 12 13 14 15 16 17 18 19 20 21 22 23 24 25 26 27 28 29 30 31 32 33 34 35 36 37 38 39 40 41 42 43 44 45 46 47 48 49 50 51 52 53 54 55 56 57 58 59 60 61 62 63 64 65 66 67 68 69 70 71 72 73 74 75 76 77 78 79 80 81 82 83 84 85 86 87 88 89 90 91 92 93 94 95 96 97 98 99 100 101 102 103 104 105 106 107 108 109 110 111 112 113 114 115 116 117 118 119 120 121 122 123 124 125 126 127 128 129 130 131 132 133 134 135 136 137 138 139 140 141 142 143 144 145 146 147 148 149 150 151 152 153 154 155 156 157 158 159 160 161 162 163 164 165 166 167 168 169 170 171 172 173 174 175 176 177 178 179 180 181 182 183 184 185 186 187 188 189 190 191 192 193 194 195 196 197 198 199 200 201 202 203 204 205 206 207 208 209 210 211 212 213 214 215 216 217 218 219 220 221 222 223 224 225 226 227 228 229 230 231 232 233 234 235 236 237 238 239 240 241 242 243 244 245 246 247 248 249 250 251 252 253 254 255 256 257 258 259 260 261 262 263 264 265 266 267 268 269 270 271 272 273 274 275 276 277 278 279 280 281 282 283 284 285 286 287 288 289 290 291 292 293 294 295 296 297 298 299 300 301 302 303 304 305 306 307 308 309 310 311 312 313 314 315 316 317 318 319 320 321 322 323 324 325 326 327 328 329 330 331 332 333 334 335 336 337 338 339 340 341 342 343 344 345 346 347 348 349 350 351 352 353 354 355 356 357 358 359 360 361 362 363 364 365 366 367 368 369 370 371 372 373 374 375 376 377 378 379 380 381 382 383 384 385 386 387 388 389 390 391 392 393 394 395 396 397 398 399 400 401 402 403 404 405 406 407 408 409 410 411 412 413 414 415 416 417 418 419 420 421 422 423 424 425 426 427 428 429 430 431 432 433 434 435 436 437 438 439 440 441 442 443 444 445 446 447 448 449 450 451 452 453 454 455 456 457 458 459 460 461 462 463 464 465 466 467 468 469 470 471 472 473 474 475 476 477 478 479 480 481 482 483 484 485 486 487 488 489 490 491 492 493 494 495 496 497 498 499 500 501 502 503 504 505 506 507 508 509 510 511 512 513 514 515 516 517 518 519 520 521 522 523 524 525 526 527 528 529 530 531 532 533 534 535 536 537 538 539 540 541 542 543 544 545 546 547 548 549 550 551 552 553 554 555 556 557 558 559 560 561 562 563 564 565 566 567 568 569 570 571 572 573 574 575 576 577 578 579 580 581 582 583 584 585 586 587 588 589 590 591 592 593 594 595 596 597 598 599 600 601 602 603 604 605 606 607 608 609 610 611 612 613 614 615 616 617 618 619 620 621 622 623 624 625 626 627 628 629 630 631 632 633 634 635 636 637 638 639 640 641 642 643 644 645 646 647 648 649 650 651 652 653 654 655 656 657 658 659 660 661 662 663 664 665 666 667 668 669 670 671 672 673 674 675 676 677 678 679 680 681 682 683 684 685 686 687 688 689 690 691 692 693 694 695 696 697 698 699 700 701 702 703 704 705 706 707 708 709 710 711 712 713 714 715 716 717 718 719 720 721 722 723 724 725 726 727 728 729 730 731 732 733 734 735 736 737 738 739 740 741 742 743 744 745 746 747 748 749 750 751 752 753 754 755 756 757 758 759 760 761 762 763 764 765 766 767 768 769 770 771 772 773 774 775 776 777 778 779 780 781 782 783 784 785 786 787 788 789 790 791 792 793 794 795 796 797 798 799 800 801 802 803 804 805 806 807 808 809 810 811 812 813 814 815 816 817 818 819 820 821 822 823 824 825 826 827 828 829 830 831 832 833 834 835 836 837 838 839 840 841 842 843 844 845 846 847 848 849 850 851 852 853 854 855 856 857 858 859 860 861 862 863 864 865 866 867 868 869 870 871 872 873 874 875 876 877 878 879 880 881 882 883 884 885 886 887 888 889 890 891 892 893 894 895 896 897 898 899 900 901 902 903 904 905 906 907 908 909 910 911 912 913 914 915 916 917 918 919 920 921 922 923 924 925 926 927 928 929 930 931 932 933 934 935 936 937 938 939 940 941 942 943 944 945 946 947 948 949 950 951 952 953 954 955 956 957 958 959 960 961 962 963 964 965 966 967 968 969 970 971 972 973 974 975 976 977 978 979 980 981 982 983 984 985 986 987 988 989 990 991 992 993 994 995 996 997 998 999 1000 1001 1002 1003 1004 1005 1006 1007 1008 1009 1010 1011 1012 1013 1014 1015 1016 1017 1018 1019 1020 1021 1022 1023 1024 1025 1026 1027 1028 1029 1030 1031 1032 1033 1034 1035 1036 1037 1038 1039 1040 1041 1042 1043 1044 1045 1046 1047 1048 1049 1050 1051 1052 1053 1054 1055 1056 1057 1058 1059 1060 1061 1062 1063 1064 1065 1066 1067 1068 1069 1070 1071 1072 1073 1074 1075 1076 1077 1078 1079 1080 1081 1082 1083 1084 1085 1086 1087 1088 1089 1090 1091 1092 1093 1094 1095 1096 1097 1098 1099 1100 1101 1102 1103 1104 1105 1106 1107 1108 1109 1110 1111 1112 1113 1114 1115 1116 1117 1118 1119 1120 1121 1122 1123 1124 1125 1126 1127 1128 1129 1130 1131 1132 1133 1134 1135 1136 1137 1138 1139 1140 1141 1142 1143 1144 1145 1146 1147 1148 1149 1150 1151 1152 1153 1154 1155 1156 1157 1158 1159 1160 1161 1162 1163 1164 1165 1166 1167 1168 1169 1170 1171 1172 1173 1174 1175 1176 1177 1178 1179 1180 1181 1182 1183 1184 1185 1186 1187 1188 1189 1190 1191 1192 1193 1194 1195 1196 1197 1198 1199 1200 1201 1202 1203 1204 1205 1206 1207 1208 1209 1210 1211 1212 1213 1214 1215 1216 1217 1218 1219 1220 1221 1222 1223 1224 1225 1226 1227 1228 1229 1230 1231 1232 1233 1234 1235 1236 1237 1238 1239 1240 1241 1242 1243 1244 1245 1246 1247 1248 1249 1250 1251 1252 1253 1254 1255 1256 1257 1258 1259 1260 1261 1262 1263 1264 1265 1266 1267 1268 1269 1270 1271 1272 1273 1274 1275 1276 1277 1278 1279 1280 1281 1282 1283 1284 1285 1286 1287 1288 1289 1290 1291 1292 1293 1294 1295 1296 1297 1298 1299 1300 1301 1302 1303 1304 1305 1306 1307 1308 1309 1310 1311 1312 1313 1314 1315 1316 1317 1318 1319 1320 1321 1322 1323 1324 1325 1326 1327 1328 1329 1330 1331 1332 1333 1334 1335 1336 1337 1338 1339 1340 1341 1342 1343 1344 1345 1346 1347 1348 1349 1350 1351 1352 1353 1354 1355 1356 1357 1358 1359 1360 1361 1362 1363 1364 1365 1366 1367 1368 1369 1370 1371 1372 1373 1374 1375 1376 1377 1378 1379 1380 1381 1382 1383 1384 1385 1386 1387 1388 1389 1390 1391 1392 1393 1394 1395 1396 1397 1398 1399 1400 1401 1402 1403 1404 1405 1406 1407 1408 1409 1410 1411 1412 1413 1414 1415 1416 1417 1418 1419 1420 1421 1422 1423 1424 1425 1426 1427 1428 1429 1430 1431 1432 1433 1434 1435 1436 1437 1438 1439 1440 1441 1442 1443 1444 1445 1446 1447 1448 1449 1450 1451 1452 1453 1454 1455 1456 1457 1458 1459 1460 1461 1462 1463 1464 1465 1466 1467 1468 1469 1470 1471 1472 1473 1474 1475 1476 1477 1478 1479 1480 1481 1482 1483 1484 1485 1486 1487 1488 1489 1490 1491 1492 1493 1494 1495 1496 1497 1498 1499 1500 1501 1502 1503 1504 1505 1506 1507 1508 1509 1510 1511 1512 1513 1514 1515 1516 1517 1518 1519 1520 1521 1522 1523 1524 1525 1526 1527 1528 1529 1530 1531 1532 1533 1534 1535 1536 1537 1538 1539 1540 1541 1542 1543 1544 1545 1546 1547 1548 1549 1550 1551 1552 1553 1554 1555 1556 1557 1558 1559 1560 1561 1562 1563 1564 1565 1566 1567 1568 1569 1570 1571 1572 1573 1574 1575 1576 1577 1578 1579 1580 1581 1582 1583 1584 1585 1586 1587 1588 1589 1590 1591 1592 1593 1594 1595 1596 1597 1598 1599 1600 1601 1602 1603 1604 1605 1606 1607 1608 1609 1610 1611 1612 1613 1614 1615 1616 1617 1618 1619 1620 1621 1622 1623 1624 1625 1626 1627 1628 1629 1630 1631 1632 1633 1634 1635 1636 1637 1638 1639 1640 1641 1642 1643 1644 1645 1646 1647 1648 1649 1650 1651 1652 1653 1654 1655 1656 1657 1658 1659 1660 1661 1662 1663 1664 1665 1666 1667 1668 1669 1670 1671 1672 1673 1674 1675 1676 1677 1678 1679 1680 1681 1682 1683 1684 1685 1686 1687 1688 1689 1690 1691 1692 1693 1694 1695 1696 1697 1698 1699 1700 1701 1702 1703 1704 1705 1706 1707 1708 1709 1710 1711 1712 1713 1714 1715 1716 1717 1718 1719 1720 1721 1722 1723 1724 1725 1726 1727 1728 1729 1730 1731 1732 1733 1734 1735 1736 1737 1738 1739 1740 1741 1742 1743 1744 1745 1746 1747 1748 1749 1750 1751 1752 1753 1754 1755 1756 1757 1758 1759 1760 1761 1762 1763 1764 1765 1766 1767 1768 1769 1770 1771 1772 1773 1774 1775 1776 1777 1778 1779 1780 1781 1782 1783 1784 1785 1786 1787 1788 1789 1790 1791 1792 1793 1794 1795 1796 1797 1798 1799 1800 1801 1802 1803 1804 1805 1806 1807 1808 1809 1810 1811 1812 1813 1814 1815 1816 1817 1818 1819 1820 1821 1822 1823 1824 1825 1826 1827 1828 1829 1830 1831 1832 1833 1834 1835 1836 1837 1838 1839 1840 1841 1842 1843 1844 1845 1846 1847 1848 1849 1850 1851 1852 1853 1854 1855 1856 1857 1858 1859 1860 1861 1862 1863 1864 1865 1866 1867 1868 1869 1870 1871 1872 1873 1874 1875 1876 1877 1878 1879 1880 1881 1882 1883 1884 1885 1886 1887 1888 1889 1890 1891 1892 1893 1894 1895 1896 1897 1898 1899 1900 1901 1902 1903 1904 1905 1906 1907 1908 1909 1910 1911 1912 1913 1914 1915 1916 1917 1918 1919 1920 1921 1922 1923 1924 1925 1926 1927 1928 1929 1930 1931 1932 1933 1934 1935 1936 1937 1938 1939 1940 1941 1942 1943 1944 1945 1946 1947 1948 1949 1950 1951 1952 1953 1954 1955 1956 1957 1958 1959 1960 1961 1962 1963 1964 1965 1966 1967 1968 1969 1970 1971 1972 1973 1974 1975 1976 1977 1978 1979 1980 1981 1982 1983 1984 1985 1986 1987 1988 1989 1990 1991 1992 1993 1994 1995 1996 1997 1998 1999 2000 2001 2002 2003 2004 2005 2006 2007 2008 2009 2010 2011 2012 2013 2014 2015 2016 2017 2018 2019 2020 2021 2022 2023 2024 2025 2026 2027 2028 2029 2030 2031 2032 2033 2034 2035 2036 2037 2038 2039 2040 2041 2042 2043 2044 2045 2046 2047 2048 2049 2050 2051 2052 2053 2054 2055 2056 2057 2058 2059 2060 2061 2062 2063 2064 2065 2066 2067 2068 2069 2070 2071 2072 2073 2074 2075 2076 2077 2078 2079 2080 2081 2082 2083 2084 2085 2086 2087 2088 2089 2090 2091 2092 2093 2094 2095 2096 2097 2098 2099 2100 2101 2102 2103 2104 2105 2106 2107 2108 2109 2110 2111 2112 2113 2114 2115 2116 2117 2118 2119 2120 2121 2122 2123 2124 2125 2126 2127 2128 2129 2130 2131 2132 2133 2134 2135 2136 2137 2138 2139 2140 2141 2142 2143 2144 2145 2146 2147 2148 2149 2150 2151 2152 2153 2154 2155 2156 2157 2158 2159 2160 2161 2162 2163 2164 2165 2166 2167 2168 2169 2170 2171 2172 2173 2174 2175 2176 2177 2178 2179 2180 2181 2182 2183 2184 2185 2186 2187 2188 2189 2190 2191 2192 2193 2194 2195 2196 2197 2198 2199 2200 2201 2202 2203 2204 2205 2206 2207 2208 2209 2210 2211 2212 2213 2214 2215 2216 2217 2218 2219 2220 2221 2222 2223 2224 2225 2226 2227 2228 2229 2230 2231 2232 2233 2234 2235 2236 2237 2238 2239 2240 2241 2242 2243 2244 2245 2246 2247 2248 2249 2250 2251 2252 2253 2254 2255 2256 2257 2258 2259 2260 2261 2262 2263 2264 2265 2266 2267 2268 2269 2270 2271 2272 2273 2274 2275 2276 2277 2278 2279 2280 2281 2282 2283 2284 2285 2286 2287 2288 2289 2290 2291 2292 2293 2294 2295 2296 2297 2298 2299 2300 2301 2302 2303 2304 2305 2306 2307 2308 2309 2310 2311 2312 2313 2314 2315 2316 2317 2318 2319 2320 2321 2322 2323 2324 2325 2326 2327 2328 2329 2330 2331 2332 2333 2334 2335 2336 2337 2338 2339 2340 2341 2342 2343 2344 2345 2346 2347 2348 2349 2350 2351 2352 2353 2354 2355 2356 2357 2358 2359 2360 2361 2362 2363 2364 2365 2366 2367 2368 2369 2370 2371 2372 2373 2374 2375 2376 2377 2378 2379 2380 2381 2382 2383 2384 2385 2386 2387 2388 2389 2390 2391 2392 2393 2394 2395 2396 2397 2398 2399 2400 2401 2402 2403 2404 2405 2406 2407 2408 2409 2410 2411 2412 2413 2414 2415 2416 2417 2418 2419 2420 2421 2422 2423 2424 2425 2426 2427 2428 2429 2430 2431 2432 2433 2434 2435 2436 2437 2438 2439 2440 2441 2442 2443 2444 2445 2446 2447 2448 2449 2450 2451 2452 2453 2454 2455 2456 2457 2458 2459 2460 2461 2462 2463 2464 2465 2466 2467 2468 2469 2470 2471 2472 2473 2474 2475 2476 2477 2478 2479 2480 2481 2482 2483 2484 2485 2486 2487 2488 2489 2490 2491 2492 2493 2494 2495 2496 2497 2498 2499 2500 2501 2502 2503 2504 2505 2506 2507 2508 2509 2510 2511 2512 2513 2514 2515 2516 2517 2518 2519 2520 2521 2522 2523 2524 2525 2526 2527 2528 2529 2530 2531 2532 2533 2534 2535 2536 2537 2538 2539 2540 2541 2542 2543 2544 2545 2546 2547 2548 2549 2550 2551 2552 2553 2554 2555 2556 2557 2558 2559 2560 2561 2562 2563 2564 2565 2566 2567 2568 2569 2570 2571 2572 2573 2574 2575 2576 2577 2578 2579 2580 2581 2582 2583 2584 2585 2586 2587 2588 2589 2590 2591 2592 2593 2594 2595 2596 2597 2598 2599 2600 2601 2602 2603 2604 2605 2606 2607 2608 2609 2610 2611 2612 2613 2614 2615 2616 2617 2618 2619 2620 2621 2622 2623 2624 2625 2626 2627 2628 2629 2630 2631 2632 2633 2634 2635 2636 2637 2638 2639 2640 2641 2642 2643 2644 2645 2646 2647 2648 2649 2650 2651 2652 2653 2654 2655 2656 2657 2658 2659 2660 2661 2662 2663 2664 2665 2666 2667 2668 2669 2670 2671 2672 2673 2674 2675 2676 2677 2678 2679 2680 2681 2682 2683 2684 2685 2686 2687 2688 2689 2690 2691 2692 2693 2694 2695 2696 2697 2698 2699 2700 2701 2702 2703 2704 2705 2706 2707 2708 2709 2710 2711 2712 2713 2714 2715 2716 2717 2718 2719 2720 2721 2722 2723 2724 2725 2726 2727 2728 2729 2730 2731 2732 2733 2734 2735 2736 2737 2738 2739 2740 2741 2742 2743 2744 2745 2746 2747 2748 2749 2750 2751 2752 2753 2754 2755 2756 2757 2758 2759 2760 2761 2762 2763 2764 2765 2766 2767 2768 2769 2770 2771 2772 2773 2774 2775 2776 2777 2778 2779 2780 2781 2782 2783 2784 2785 2786 2787 2788 2789 2790 2791 2792 2793 2794 2795 2796 2797 2798 2799 2800 2801 2802 2803 2804 2805 2806 2807 2808 2809 2810 2811 2812 2813 2814 2815 2816 2817 2818 2819 2820 2821 2822 2823 2824 2825 2826 2827 2828 2829 2830 2831 2832 2833 2834 2835 2836 2837 2838 2839 2840 2841 2842 2843 2844 2845 2846 2847 2848 2849 2850 2851 2852 2853 2854 2855 2856 2857 2858 2859 2860 2861 2862 2863 2864 2865 2866 2867 2868 2869 2870 2871 2872 2873 2874 2875 2876 2877 2878 2879 2880 2881 2882 2883 2884 2885 2886 2887 2888 2889 2890 2891 2892 2893 2894 2895 2896 2897 2898 2899 2900 2901 2902 2903 2904 2905 2906 2907 2908 2909 2910 2911 2912 2913 2914 2915 2916 2917 2918 2919 2920 2921 2922 2923 2924 2925 2926 2927 2928 2929 2930 2931 2932 2933 2934 2935 2936 2937 2938 2939 2940 2941 2942 2943 2944 2945 2946 2947 2948 2949 2950 2951 2952 2953 2954 2955 2956 2957 2958 2959 2960 2961 2962 2963 2964 2965 2966 2967 2968 2969 2970 2971 2972 2973 2974 2975 2976 2977 2978 2979 2980 2981 2982 2983 2984 2985 2986 2987 2988 2989 2990 2991 2992 2993 2994 2995 2996 2997 2998 2999 3000 3001 3002 3003 3004 3005 3006 3007 3008 3009 3010 3011 3012 3013 3014 3015 3016 3017 3018 3019 3020 3021 3022 3023 3024 3025 3026 3027 3028 3029 3030 3031 3032 3033 3034 3035 3036 3037 3038 3039 3040 3041 3042 3043 3044 3045 3046 3047 3048 3049 3050 3051 3052 3053 3054 3055 3056 3057 3058 3059 3060 3061 3062 3063 3064 3065 3066 3067 3068 3069 3070 3071 3072 3073 3074 3075 3076 3077 3078 3079 3080 3081 3082 3083 3084 3085 3086 3087 3088 3089 3090 3091 3092 3093 3094 3095 3096 3097 3098 3099 3100 3101 3102 3103 3104 3105 3106 3107 3108 3109 3110 3111 3112 3113 3114 3115 3116 3117 3118 3119 3120 3121 3122 3123 3124 3125 3126 3127 3128 3129 3130 3131 3132 3133 3134 3135 3136 3137 3138 3139 3140 3141 3142 3143 3144 3145 3146 3147 3148 3149 3150 3151 3152 3153 3154 3155 3156 3157 3158 3159 3160 3161 3162 3163 3164 3165 3166 3167 3168 3169 3170 3171 3172 3173 3174 3175 3176 3177 3178 3179 3180 3181 3182 3183 3184 3185 3186 3187 3188 3189 3190 3191 3192 3193 3194 3195 3196 3197 3198 3199 3200 3201 3202 3203 3204 3205 3206 3207 3208 3209 3210 3211 3212 3213 3214 3215 3216 3217 3218 3219 3220 3221 3222 3223 3224 3225 3226 3227 3228 3229 3230 3231 3232 3233 3234 3235 3236 3237 3238 3239 3240 3241 3242 3243 3244 3245 3246 3247 3248 3249 3250 3251 3252 3253 3254 3255 3256 3257 3258 3259 3260 3261 3262 3263 3264 3265 3266 3267 3268 3269 3270 3271 3272 3273 3274 3275 3276 3277 3278 3279 3280 3281 3282 3283 3284 3285 3286 3287 3288 3289 3290 3291 3292 3293 3294 3295 3296 3297 3298 3299 3300 3301 3302 3303 3304 3305 3306 3307 3308 3309 3310 3311 3312 3313 3314 3315 3316 3317 3318 3319 3320 3321 3322 3323 3324 3325 3326 3327 3328 3329 3330 3331 3332 3333 3334 3335 3336 3337 3338 3339 3340 3341 3342 3343 3344 3345 3346 3347 3348 3349 3350 3351 3352 3353 3354 3355 3356 3357 3358 3359 3360 3361 3362 3363 3364 3365 3366 3367 3368 3369 3370 3371 3372 3373 3374 3375 3376 3377 3378 3379 3380 3381 3382 3383 3384 3385 3386 3387 3388 3389 3390 3391 3392 3393 3394 3395 3396 3397 3398 3399 3400 3401 3402 3403 3404 3405 3406 3407 3408 3409 3410 3411 3412 3413 3414 3415 3416 3417 3418 3419 3420 3421 3422 3423 3424 3425 3426 3427 3428 3429 3430 3431 3432 3433 3434 3435 3436 3437 3438 3439 3440 3441 3442 3443 3444 3445 3446 3447 3448 3449 3450 3451 3452 3453 3454 3455 3456 3457 3458 3459 3460 3461 3462 3463 3464 3465 3466 3467 3468 3469 3470 3471 3472 3473 3474 3475 3476 3477 3478 3479 3480 3481 3482 3483 3484 3485 3486 3487 3488 3489 3490 3491 3492 3493 3494 3495 3496 3497 3498 3499 3500 3501 3502 3503 3504 3505 3506 3507 3508 3509 3510 3511 3512 3513 3514 3515 3516 3517 3518 3519 3520 3521 3522 3523 3524 3525 3526 3527 3528 3529 3530 3531 3532 3533 3534 3535 3536 3537 3538 3539 3540 3541 3542 3543 3544 3545 3546 3547 3548 3549 3550 3551 3552 3553 3554 3555 3556 3557 3558 3559 3560 3561 3562 3563 3564 3565 3566 3567 3568 3569 3570 3571 3572 3573 3574 3575 3576 3577 3578 3579 3580 3581 3582 3583 3584 3585 3586 3587 3588 3589 3590 3591 3592 3593 3594 3595 3596 3597 3598 3599 3600 3601 3602 3603 3604 3605 3606 3607 3608 3609 3610 3611 3612 3613 3614 3615 3616 3617 3618 3619 3620 3621 3622 3623 3624 3625 3626 3627 3628 3629 3630 3631 3632 3633 3634 3635 3636 3637 3638 3639 3640 3641 3642 3643 3644 3645 3646 3647 3648 3649 3650 3651 3652 3653 3654 3655 3656 3657 3658 3659 3660 3661 3662 3663 3664 3665 3666 3667 3668 3669 3670 3671 3672 3673 3674 3675 3676 3677 3678 3679 3680 3681 3682 3683 3684 3685 3686 3687 3688 3689 3690 3691 3692 3693 3694 3695 3696 3697 3698 3699 3700 3701 3702 3703 3704 3705 3706 3707 3708 3709 3710 3711 3712 3713 3714 3715 3716 3717 3718 3719 3720 3721 3722 3723 3724 3725 3726 3727 3728 3729 3730 3731 3732 3733 3734 3735 3736 3737 3738 3739 3740 3741 3742 3743 3744 3745 3746 3747 3748 3749 3750 3751 3752 3753 3754 3755 3756 3757 3758 3759 3760 3761 3762 3763 3764 3765 3766 3767 3768 3769 3770 3771 3772 3773 3774 3775 3776 3777 3778 3779 3780 3781 3782 3783 3784 3785 3786 3787 3788 3789 3790 3791 3792 3793 3794 3795 3796 3797 3798 3799 3800 3801 3802 3803 3804 3805 3806 3807 3808 3809 3810 3811 3812 3813 3814 3815 3816 3817 3818 3819 3820 3821 3822 3823 3824 3825 3826 3827 3828 3829 3830 3831 3832 3833 3834 3835 3836 3837 3838 3839 3840 3841 3842 3843 3844 3845 3846 3847 3848 3849 3850 3851 3852 3853 3854 3855 3856 3857 3858 3859 3860 3861 3862 3863 3864 3865 3866 3867 3868 3869 3870 3871 3872 3873 3874 3875 3876 3877 3878 3879 3880 3881 3882 3883 3884 3885 3886 3887 3888 3889 3890 3891 3892 3893 3894 3895 3896 3897 3898 3899 3900 3901 3902 3903 3904 3905 3906 3907 3908 3909 3910 3911 3912 3913 3914 3915 3916 3917 3918 3919 3920 3921 3922 3923 3924 3925 3926 3927 3928 3929 3930 3931 3932 3933 3934 3935 3936 3937 3938 3939 3940 3941 3942 3943 3944 3945 3946 3947 3948 3949 3950 3951 3952 3953 3954 3955 3956 3957 3958 3959 3960 3961 3962 3963 3964 3965 3966 3967 3968 3969 3970 3971 3972 3973 3974 3975 3976 3977 3978 3979 3980 3981 3982 3983 3984 3985 3986 3987 3988 3989 3990 3991 3992 3993 3994 3995 3996 3997 3998 3999 4000 4001 4002 4003 4004 4005 4006 4007 4008 4009 4010 4011 4012 4013 4014 4015 4016 4017 4018 4019 4020 4021 4022 4023 4024 4025 4026 4027 4028 4029 4030 4031 4032 4033 4034 4035 4036 4037 4038 4039 4040 4041 4042 4043 4044 4045 4046 4047 4048 4049 4050 4051 4052 4053 4054 4055 4056 4057 4058 4059 4060 4061 4062 4063 4064 4065 4066 4067 4068 4069 4070 4071 4072 4073 4074 4075 4076 4077 4078 4079 4080 4081 4082 4083 4084 4085 4086 4087 4088 4089 4090 4091 4092 4093 4094 4095 
        </DataArray>
        <DataArray type="Int32" Name="offsets" format="ascii">
4 8 12 16 20 24 28 32 36 40 44 48 52 56 60 64 68 72 76 80 84 88 92 96 100 104 108 112 116 120 124 128 132 136 140 144 148 152 156 160 164 168 172 176 180 184 188 192 196 200 204 208 212 216 220 224 228 232 236 240 244 248 252 256 260 264 268 272 276 280 284 288 292 296 300 304 308 312 316 320 324 328 332 336 340 344 348 352 356 360 364 368 372 376 380 384 388 392 396 400 404 408 412 416 420 424 428 432 436 440 444 448 452 456 460 464 468 472 476 480 484 488 492 496 500 504 508 512 516 520 524 528 532 536 540 544 548 552 556 560 564 568 572 576 580 584 588 592 596 600 604 608 612 616 620 624 628 632 636 640 644 648 652 656 660 664 668 672 676 680 684 688 692 696 700 704 708 712 716 720 724 728 732 736 740 744 748 752 756 760 764 768 772 776 780 784 788 792 796 800 804 808 812 816 820 824 828 832 836 840 844 848 852 856 860 864 868 872 876 880 884 888 892 896 900 904 908 912 916 920 924 928 932 936 940 944 948 952 956 960 964 968 972 976 980 984 988 992 996 1000 1004 1008 1012 1016 1020 1024 1028 1032 1036 1040 1044 1048 1052 1056 1060 1064 1068 1072 1076 1080 1084 1088 1092 1096 1100 1104 1108 1112 1116 1120 1124 1128 1132 1136 1140 1144 1148 1152 1156 1160 1164 1168 1172 1176 1180 1184 1188 1192 1196 1200 1204 1208 1212 1216 1220 1224 1228 1232 1236 1240 1244 1248 1252 1256 1260 1264 1268 1272 1276 1280 1284 1288 1292 1296 1300 1304 1308 1312 1316 1320 1324 1328 1332 1336 1340 1344 1348 1352 1356 1360 1364 1368 1372 1376 1380 1384 1388 1392 1396 1400 1404 1408 1412 1416 1420 1424 1428 1432 1436 1440 1444 1448 1452 1456 1460 1464 1468 1472 1476 1480 1484 1488 1492 1496 1500 1504 1508 1512 1516 1520 1524 1528 1532 1536 1540 1544 1548 1552 1556 1560 1564 1568 1572 1576 1580 1584 1588 1592 1596 1600 1604 1608 1612 1616 1620 1624 1628 1632 1636 1640 1644 1648 1652 1656 1660 1664 1668 1672 1676 1680 1684 1688 1692 1696 1700 1704 1708 1712 1716 1720 1724 1728 1732 1736 1740 1744 1748 1752 1756 1760 1764 1768 1772 1776 1780 1784 1788 1792 1796 1800 1804 1808 1812 1816 1820 1824 1828 1832 1836 1840 1844 1848 1852 1856 1860 1864 1868 1872 1876 1880 1884 1888 1892 1896 1900 1904 1908 1912 1916 1920 1924 1928 1932 1936 1940 1944 1948 1952 1956 1960 1964 1968 1972 1976 1980 1984 1988 1992 1996 2000 2004 2008 2012 2016 2020 2024 2028 2032 2036 2040 2044 2048 2052 2056 2060 2064 2068 2072 2076 2080 2084 2088 2092 2096 2100 2104 2108 2112 2116 2120 2124 2128 2132 2136 2140 2144 2148 2152 2156 2160 2164 2168 2172 2176 2180 2184 2188 2192 2196 2200 2204 2208 2212 2216 2220 2224 2228 2232 2236 2240 2244 2248 2252 2256 2260 2264 2268 2272 2276 2280 2284 2288 2292 2296 2300 2304 2308 2312 2316 2320 2324 2328 2332 2336 2340 2344 2348 2352 2356 2360 2364 2368 2372 2376 2380 2384 2388 2392 2396 2400 2404 2408 2412 2416 2420 2424 2428 2432 2436 2440 2444 2448 2452 2456 2460 2464 2468 2472 2476 2480 2484 2488 2492 2496 2500 2504 2508 2512 2516 2520 2524 2528 2532 2536 2540 2544 2548 2552 2556 2560 2564 2568 2572 2576 2580 2584 2588 2592 2596 2600 2604 2608 2612 2616 2620 2624 2628 2632 2636 2640 2644 2648 2652 2656 2660 2664 2668 2672 2676 2680 2684 2688 2692 2696 2700 2704 2708 2712 2716 2720 2724 2728 2732 2736 2740 2744 2748 2752 2756 2760 2764 2768 2772 2776 2780 2784 2788 2792 2796 2800 2804 2808 2812 2816 2820 2824 2828 2832 2836 2840 2844 2848 2852 2856 2860 2864 2868 2872 2876 2880 2884 2888 2892 2896 2900 2904 2908 2912 2916 2920 2924 2928 2932 2936 2940 2944 2948 2952 2956 2960 2964 2968 2972 2976 2980 2984 2988 2992 2996 3000 3004 3008 3012 3016 3020 3024 3028 3032 3036 3040 3044 3048 3052 3056 3060 3064 3068 3072 3076 3080 3084 3088 3092 3096 3100 3104 3108 3112 3116 3120 3124 3128 3132 3136 3140 3144 3148 3152 3156 3160 3164 3168 3172 3176 3180 3184 3188 3192 3196 3200 3204 3208 3212 3216 3220 3224 3228 3232 3236 3240 3244 3248 3252 3256 3260 3264 3268 3272 3276 3280 3284 3288 3292 3296 3300 3304 3308 3312 3316 3320 3324 3328 3332 3336 3340 3344 3348 3352 3356 3360 3364 3368 3372 3376 3380 3384 3388 3392 3396 3400 3404 3408 3412 3416 3420 3424 3428 3432 3436 3440 3444 3448 3452 3456 3460 3464 3468 3472 3476 3480 3484 3488 3492 3496 3500 3504 3508 3512 3516 3520 3524 3528 3532 3536 3540 3544 3548 3552 3556 3560 3564 3568 3572 3576 3580 3584 3588 3592 3596 3600 3604 3608 3612 3616 3620 3624 3628 3632 3636 3640 3644 3648 3652 3656 3660 3664 3668 3672 3676 3680 3684 3688 3692 3696 3700 3704 3708 3712 3716 3720 3724 3728 3732 3736 3740 3744 3748 3752 3756 3760 3764 3768 3772 3776 3780 3784 3788 3792 3796 3800 3804 3808 3812 3816 3820 3824 3828 3832 3836 3840 3844 3848 3852 3856 3860 3864 3868 3872 3876 3880 3884 3888 3892 3896 3900 3904 3908 3912 3916 3920 3924 3928 3932 3936 3940 3944 3948 3952 3956 3960 3964 3968 3972 3976 3980 3984 3988 3992 3996 4000 4004 4008 4012 4016 4020 4024 4028 4032 4036 4040 4044 4048 4052 4056 4060 4064 4068 4072 4076 4080 4084 4088 4092 4096 
        </DataArray>
        <DataArray type="UInt8" Name="types" format="ascii">
9 9 9 9 9 9 9 9 9 9 9 9 9 9 9 9 9 9 9 9 9 9 9 9 9 9 9 9 9 9 9 9 9 9 9 9 9 9 9 9 9 9 9 9 9 9 9 9 9 9 9 9 9 9 9 9 9 9 9 9 9 9 9 9 9 9 9 9 9 9 9 9 9 9 9 9 9 9 9 9 9 9 9 9 9 9 9 9 9 9 9 9 9 9 9 9 9 9 9 9 9 9 9 9 9 9 9 9 9 9 9 9 9 9 9 9 9 9 9 9 9 9 9 9 9 9 9 9 9 9 9 9 9 9 9 9 9 9 9 9 9 9 9 9 9 9 9 9 9 9 9 9 9 9 9 9 9 9 9 9 9 9 9 9 9 9 9 9 9 9 9 9 9 9 9 9 9 9 9 9 9 9 9 9 9 9 9 9 9 9 9 9 9 9 9 9 9 9 9 9 9 9 9 9 9 9 9 9 9 9 9 9 9 9 9 9 9 9 9 9 9 9 9 9 9 9 9 9 9 9 9 9 9 9 9 9 9 9 9 9 9 9 9 9 9 9 9 9 9 9 9 9 9 9 9 9 9 9 9 9 9 9 9 9 9 9 9 9 9 9 9 9 9 9 9 9 9 9 9 9 9 9 9 9 9 9 9 9 9 9 9 9 9 9 9 9 9 9 9 9 9 9 9 9 9 9 9 9 9 9 9 9 9 9 9 9 9 9 9 9 9 9 9 9 9 9 9 9 9 9 9 9 9 9 9 9 9 9 9 9 9 9 9 9 9 9 9 9 9 9 9 9 9 9 9 9 9 9 9 9 9 9 9 9 9 9 9 9 9 9 9 9 9 9 9 9 9 9 9 9 9 9 9 9 9 9 9 9 9 9 9 9 9 9 9 9 9 9 9 9 9 9 9 9 9 9 9 9 9 9 9 9 9 9 9 9 9 9 9 9 9 9 9 9 9 9 9 9 9 9 9 9 9 9 9 9 9 9 9 9 9 9 9 9 9 9 9 9 9 9 9 9 9 9 9 9 9 9 9 9 9 9 9 9 9 9 9 9 9 9 9 9 9 9 9 9 9 9 9 9 9 9 9 9 9 9 9 9 9 9 9 9 9 9 9 9 9 9 9 9 9 9 9 9 9 9 9 9 9 9 9 9 9 9 9 9 9 9 9 9 9 9 9 9 9 9 9 9 9 9 9 9 9 9 9 9 9 9 9 9 9 9 9 9 9 9 9 9 9 9 9 9 9 9 9 9 9 9 9 9 9 9 9 9 9 9 9 9 9 9 9 9 9 9 9 9 9 9 9 9 9 9 9 9 9 9 9 9 9 9 9 9 9 9 9 9 9 9 9 9 9 9 9 9 9 9 9 9 9 9 9 9 9 9 9 9 9 9 9 9 9 9 9 9 9 9 9 9 9 9 9 9 9 9 9 9 9 9 9 9 9 9 9 9 9 9 9 9 9 9 9 9 9 9 9 9 9 9 9 9 9 9 9 9 9 9 9 9 9 9 9 9 9 9 9 9 9 9 9 9 9 9 9 9 9 9 9 9 9 9 9 9 9 9 9 9 9 9 9 9 9 9 9 9 9 9 9 9 9 9 9 9 9 9 9 9 9 9 9 9 9 9 9 9 9 9 9 9 9 9 9 9 9 9 9 9 9 9 9 9 9 9 9 9 9 9 9 9 9 9 9 9 9 9 9 9 9 9 9 9 9 9 9 9 9 9 9 9 9 9 9 9 9 9 9 9 9 9 9 9 9 9 9 9 9 9 9 9 9 9 9 9 9 9 9 9 9 9 9 9 9 9 9 9 9 9 9 9 9 9 9 9 9 9 9 9 9 9 9 9 9 9 9 9 9 9 9 9 9 9 9 9 9 9 9 9 9 9 9 9 9 9 9 9 9 9 9 9 9 9 9 9 9 9 9 9 9 9 9 9 9 9 9 9 9 9 9 9 9 9 9 9 9 9 9 9 9 9 9 9 9 9 9 9 9 9 9 9 9 9 9 9 9 9 9 9 9 9 9 9 9 9 9 9 9 9 9 9 9 9 9 9 9 9 9 9 9 9 9 9 9 9 9 9 9 9 9 9 9 9 9 9 9 9 9 9 9 9 9 9 9 9 9 9 9 9 9 9 9 9 9 9 9 9 9 9 9 9 9 9 9 9 9 9 9 9 9 9 9 9 9 9 9 9 9 9 9 9 9 9 9 9 9 9 9 9 9 9 9 9 9 9 9 9 9 9 9 9 9 9 9 9 9 9 9 9 9 9 9 9 9 9 9 9 9 9 9 9 9 9 9 9 9 9 
        </DataArray>
      </Cells>

  <PointData>
        <DataArray type="Float64" Name="temperature" format="ascii">
0.000000000000000e+00
0.000000000000000e+00
9.005962412336093e-05
0.000000000000000e+00
0.000000000000000e+00
0.000000000000000e+00
1.637571652001761e-04
9.005962412336093e-05
0.000000000000000e+00
0.000000000000000e+00
2.222304457046352e-04
1.637571652001761e-04
0.000000000000000e+00
0.000000000000000e+00
2.665530827351708e-04
2.222304457046352e-04
0.000000000000000e+00
0.000000000000000e+00
2.977819388206132e-04
2.665530827351708e-04
0.000000000000000e+00
0.000000000000000e+00
3.169667564369840e-04
2.977819388206132e-04
0.000000000000000e+00
0.000000000000000e+00
3.251535992424892e-04
3.169667564369840e-04
0.000000000000000e+00
0.000000000000000e+00
3.233863706950335e-04
3.251535992424892e-04
0.000000000000000e+00
0.000000000000000e+00
3.127076150075529e-04
3.233863706950335e-04
0.000000000000000e+00
0.000000000000000e+00
2.941589761826791e-04
3.127076150075529e-04
0.000000000000000e+00
0.000000000000000e+00
2.687814770694047e-04
2.941589761826791e-04
0.000000000000000e+00
0.000000000000000e+00
2.376156990655621e-04
2.687814770694047e-04
0.000000000000000e+00
0.000000000000000e+00
2.017019039486262e-04
2.376156990655621e-04
0.000000000000000e+00
0.000000000000000e+00
1.620801198498108e-04
2.017019039486262e-04
0.000000000000000e+00
0.000000000000000e+00
1.197902038336746e-04
1.620801198498108e-04
0.000000000000000e+00
0.000000000000000e+00
7.587188865529897e-05
1.197902038336746e-04
0.000000000000000e+00
0.000000000000000e+00
3.136481852336390e-05
7.587188865529897e-05
0.000000000000000e+00
0.000000000000000e+00
-1.269142297350838e-05
3.136481852336390e-05
0.000000000000000e+00
0.000000000000000e+00
-5.525729067962465e-05
-1.269142297350838e-05
0.000000000000000e+00
0.000000000000000e+00
-9.529326001023293e-05
-5.525729067962465e-05
0.000000000000000e+00
0.000000000000000e+00
-1.317598124626358e-04
-9.529326001023293e-05
0.000000000000000e+00
0.000000000000000e+00
-1.636174239247178e-04
-1.317598124626358e-04
0.000000000000000e+00
0.000000000000000e+00
-1.898265556135216e-04
-1.636174239247178e-04
0.000000000000000e+00
0.000000000000000e+00
-2.093476478943730e-04
-1.898265556135216e-04
0.000000000000000e+00
0.000000000000000e+00
-2.211411172689864e-04
-2.093476478943730e-04
0.000000000000000e+00
0.000000000000000e+00
-2.241673560339006e-04
-2.211411172689864e-04
0.000000000000000e+00
0.000000000000000e+00
-2.173867346936167e-04
-2.241673560339006e-04
0.000000000000000e+00
0.000000000000000e+00
-1.997596191145968e-04
-2.173867346936167e-04
0.000000000000000e+00
0.000000000000000e+00
-1.702464437215413e-04
-1.997596191145968e-04
0.000000000000000e+00
0.000000000000000e+00
-1.278078441724678e-04
-1.702464437215413e-04
0.000000000000000e+00
0.000000000000000e+00
-7.140457604864419e-05
-1.278078441724678e-04
0.000000000000000e+00
0.000000000000000e+00
0.000000000000000e+00
-7.140457604864419e-05
0.000000000000000e+00
9.005962412336093e-05
1.585583060197824e-04
0.000000000000000e+00
9.005962412336093e-05
1.637571652001761e-04
2.865912008111711e-04
1.585583060197824e-04
1.637571652001761e-04
2.222304457046352e-04
3.861875092630086e-04
2.865912008111711e-04
2.222304457046352e-04
2.665530827351708e-04
4.594089942274301e-04
3.861875092630086e-04
2.665530827351708e-04
2.977819388206132e-04
5.082960054039574e-04
4.594089942274301e-04
2.977819388206132e-04
3.169667564369840e-04
5.348784193949744e-04
5.082960054039574e-04
3.169667564369840e-04
3.251535992424892e-04
5.411800989656968e-04
5.348784193949744e-04
3.251535992424892e-04
3.233863706950335e-04
5.292211675201016e-04
5.411800989656968e-04
3.233863706950335e-04
3.127076150075529e-04
5.010193109616458e-04
5.292211675201016e-04
3.127076150075529e-04
2.941589761826791e-04
4.585905632149015e-04
5.010193109616458e-04
2.941589761826791e-04
2.687814770694047e-04
4.039497999501923e-04
4.585905632149015e-04
2.687814770694047e-04
2.376156990655621e-04
3.391110642824606e-04
4.039497999501923e-04
2.376156990655621e-04
2.017019039486262e-04
2.660877916619589e-04
3.391110642824606e-04
2.017019039486262e-04
1.620801198498108e-04
1.868929708263752e-04
2.660877916619589e-04
1.620801198498108e-04
1.197902038336746e-04
1.035392622474021e-04
1.868929708263752e-04
1.197902038336746e-04
7.587188865529897e-05
1.803908740684628e-05
1.035392622474021e-04
7.587188865529897e-05
3.136481852336390e-05
-6.759530242664847e-05
1.803908740684628e-05
3.136481852336390e-05
-1.269142297350838e-05
-1.513517721639083e-04
-6.759530242664847e-05
-1.269142297350838e-05
-5.525729067962465e-05
-2.312182597348346e-04
-1.513517721639083e-04
-5.525729067962465e-05
-9.529326001023293e-05
-3.051827411646527e-04
-2.312182597348346e-04
-9.529326001023293e-05
-1.317598124626358e-04
-3.712332020916149e-04
-3.051827411646527e-04
-1.317598124626358e-04
-1.636174239247178e-04
-4.273576146248107e-04
-3.712332020916149e-04
-1.636174239247178e-04
-1.898265556135216e-04
-4.715439192025197e-04
-4.273576146248107e-04
-1.898265556135216e-04
-2.093476478943730e-04
-5.017800118748630e-04
-4.715439192025197e-04
-2.093476478943730e-04
-2.211411172689864e-04
-5.160537373829368e-04
-5.017800118748630e-04
-2.211411172689864e-04
-2.241673560339006e-04
-5.123528865567477e-04
-5.160537373829368e-04
-2.241673560339006e-04
-2.173867346936167e-04
-4.886651970185457e-04
-5.123528865567477e-04
-2.173867346936167e-04
-1.997596191145968e-04
-4.429783779276817e-04
-4.886651970185457e-04
-1.997596191145968e-04
-1.702464437215413e-04
-3.732802316809298e-04
-4.429783779276817e-04
-1.702464437215413e-04
-1.278078441724678e-04
-2.775588410179984e-04
-3.732802316809298e-04
-1.278078441724678e-04
-7.140457604864419e-05
-1.538021400744362e-04
-2.775588410179984e-04
-7.140457604864419e-05
0.000000000000000e+00
0.000000000000000e+00
-1.538021400744362e-04
0.000000000000000e+00
1.585583060197824e-04
2.071536347625662e-04
0.000000000000000e+00
1.585583060197824e-04
2.865912008111711e-04
3.715969571515092e-04
2.071536347625662e-04
2.865912008111711e-04
3.861875092630086e-04
4.963075178246900e-04
3.715969571515092e-04
3.861875092630086e-04
4.594089942274301e-04
5.842493812419536e-04
4.963075178246900e-04
4.594089942274301e-04
5.082960054039574e-04
6.383718358668346e-04
5.842493812419536e-04
5.082960054039574e-04
5.348784193949744e-04
6.616141802186056e-04
6.383718358668346e-04
5.348784193949744e-04
5.411800989656968e-04
6.569091137069887e-04
6.616141802186056e-04
5.411800989656968e-04
5.292211675201016e-04
6.271848579227642e-04
6.569091137069887e-04
5.292211675201016e-04
5.010193109616458e-04
5.753665573088788e-04
6.271848579227642e-04
5.010193109616458e-04
4.585905632149015e-04
5.043771964219441e-04
5.753665573088788e-04
4.585905632149015e-04
4.039497999501923e-04
4.171382077711763e-04
5.043771964219441e-04
4.039497999501923e-04
3.391110642824606e-04
3.165698884574072e-04
4.171382077711763e-04
3.391110642824606e-04
2.660877916619589e-04
2.055916964079152e-04
3.165698884574072e-04
2.660877916619589e-04
1.868929708263752e-04
8.712246723559018e-05
2.055916964079152e-04
1.868929708263752e-04
1.035392622474021e-04
-3.591942333067229e-05
8.712246723559018e-05
1.035392622474021e-04
1.803908740684628e-05
-1.606159352771995e-04
-3.591942333067229e-05
1.803908740684628e-05
-6.759530242664847e-05
-2.840492675281555e-04
-1.606159352771995e-04
-6.759530242664847e-05
-1.513517721639083e-04
-4.033017811573478e-04
-2.840492675281555e-04
-1.513517721639083e-04
-2.312182597348346e-04
-5.154559375133296e-04
-4.033017811573478e-04
-2.312182597348346e-04
-3.051827411646527e-04
-6.175942477376250e-04
-5.154559375133296e-04
-3.051827411646527e-04
-3.712332020916149e-04
-7.067992312345939e-04
-6.175942477376250e-04
-3.712332020916149e-04
-4.273576146248107e-04
-7.801533815614280e-04
-7.067992312345939e-04
-4.273576146248107e-04
-4.715439192025197e-04
-8.347391392300430e-04
-7.801533815614280e-04
-4.715439192025197e-04
-5.017800118748630e-04
-8.676388719072038e-04
-8.347391392300430e-04
-5.017800118748630e-04
-5.160537373829368e-04
-8.759348621730396e-04
-8.676388719072038e-04
-5.160537373829368e-04
-5.123528865567477e-04
-8.567092997196407e-04
-8.759348621730396e-04
-5.123528865567477e-04
-4.886651970185457e-04
-8.070442743599146e-04
-8.567092997196407e-04
-4.886651970185457e-04
-4.429783779276817e-04
-7.240217956186737e-04
-8.070442743599146e-04
-4.429783779276817e-04
-3.732802316809298e-04
-6.047239334350951e-04
-7.240217956186737e-04
-3.732802316809298e-04
-2.775588410179984e-04
-4.462329922384269e-04
-6.047239334350951e-04
-2.775588410179984e-04
-1.538021400744362e-04
-2.456304984318867e-04
-4.462329922384269e-04
-1.538021400744362e-04
0.000000000000000e+00
0.000000000000000e+00
-2.456304984318867e-04
0.000000000000000e+00
2.071536347625662e-04
2.374391790590648e-04
0.000000000000000e+00
2.071536347625662e-04
3.715969571515092e-04
4.218425911964376e-04
2.374391790590648e-04
3.715969571515092e-04
4.963075178246900e-04
5.570138620660291e-04
4.218425911964376e-04
4.963075178246900e-04
5.842493812419536e-04
6.467497430991309e-04
5.570138620660291e-04
5.842493812419536e-04
6.383718358668346e-04
6.948365651013383e-04
6.467497430991309e-04
6.383718358668346e-04
6.616141802186056e-04
7.050529103310837e-04
6.948365651013383e-04
6.616141802186056e-04
6.569091137069887e-04
6.811713567629944e-04
7.050529103310837e-04
6.569091137069887e-04
6.271848579227642e-04
6.269599911175925e-04
6.811713567629944e-04
6.271848579227642e-04
5.753665573088788e-04
5.461836160734948e-04
6.269599911175925e-04
5.753665573088788e-04
5.043771964219441e-04
4.426046298332331e-04
5.461836160734948e-04
5.043771964219441e-04
4.171382077711763e-04
3.199836496211873e-04
4.426046298332331e-04
4.171382077711763e-04
3.165698884574072e-04
1.820799607779269e-04
3.199836496211873e-04
3.165698884574072e-04
2.055916964079152e-04
3.265184856812868e-05
1.820799607779269e-04
2.055916964079152e-04
8.712246723559018e-05
-1.245431515615057e-04
3.265184856812868e-05
8.712246723559018e-05
-3.591942333067229e-05
-2.857480620948770e-04
-1.245431515615057e-04
-3.591942333067229e-05
-1.606159352771995e-04
-4.472063139702906e-04
-2.857480620948770e-04
-1.606159352771995e-04
-2.840492675281555e-04
-6.051616282450181e-04
-4.472063139702906e-04
-2.840492675281555e-04
-4.033017811573478e-04
-7.558579209411670e-04
-6.051616282450181e-04
-4.033017811573478e-04
-5.154559375133296e-04
-8.955392254599941e-04
-7.558579209411670e-04
-5.154559375133296e-04
-6.175942477376250e-04
-1.020449628574294e-03
-8.955392254599941e-04
-6.175942477376250e-04
-7.067992312345939e-04
-1.126833217159846e-03
-1.020449628574294e-03
-7.067992312345939e-04
-7.801533815614280e-04
-1.210934033835328e-03
-1.126833217159846e-03
-7.801533815614280e-04
-8.347391392300430e-04
-1.268996040862718e-03
-1.210934033835328e-03
-8.347391392300430e-04
-8.676388719072038e-04
-1.297263092772479e-03
-1.268996040862718e-03
-8.676388719072038e-04
-8.759348621730396e-04
-1.291978917423057e-03
-1.297263092772479e-03
-8.759348621730396e-04
-8.567092997196407e-04
-1.249387100254020e-03
-1.291978917423057e-03
-8.567092997196407e-04
-8.070442743599146e-04
-1.165731064561558e-03
-1.249387100254020e-03
-8.070442743599146e-04
-7.240217956186737e-04
-1.037254076833502e-03
-1.165731064561558e-03
-7.240217956186737e-04
-6.047239334350951e-04
-8.601993914982957e-04
-1.037254076833502e-03
-6.047239334350951e-04
-4.462329922384269e-04
-6.308103930826447e-04
-8.601993914982957e-04
-4.462329922384269e-04
-2.456304984318867e-04
-3.453291374951268e-04
-6.308103930826447e-04
-2.456304984318867e-04
0.000000000000000e+00
0.000000000000000e+00
-3.453291374951268e-04
0.000000000000000e+00
2.374391790590648e-04
2.509916098696256e-04
0.000000000000000e+00
2.374391790590648e-04
4.218425911964376e-04
4.403745609923851e-04
2.509916098696256e-04
4.218425911964376e-04
5.570138620660291e-04
5.727147294497248e-04
4.403745609923851e-04
5.570138620660291e-04
6.467497430991309e-04
6.525745915724869e-04
5.727147294497248e-04
6.467497430991309e-04
6.948365651013383e-04
6.845088783445021e-04
6.525745915724869e-04
6.948365651013383e-04
7.050529103310837e-04
6.730665237599980e-04
6.845088783445021e-04
7.050529103310837e-04
6.811713567629944e-04
6.227914768502086e-04
6.730665237599980e-04
6.811713567629944e-04
6.269599911175925e-04
5.382236019425948e-04
6.227914768502086e-04
6.269599911175925e-04
5.461836160734948e-04
4.238995889259466e-04
5.382236019425948e-04
5.461836160734948e-04
4.426046298332331e-04
2.843536995265272e-04
4.238995889259466e-04
4.426046298332331e-04
3.199836496211873e-04
1.241183373135439e-04
2.843536995265272e-04
3.199836496211873e-04
1.820799607779269e-04
-5.227551783768506e-05
1.241183373135439e-04
1.820799607779269e-04
3.265184856812868e-05
-2.402979740058062e-04
-5.227551783768506e-05
3.265184856812868e-05
-1.245431515615057e-04
-4.354199648922313e-04
-2.402979740058062e-04
-1.245431515615057e-04
-2.857480620948770e-04
-6.331130429736954e-04
-4.354199648922313e-04
-2.857480620948770e-04
-4.472063139702906e-04
-8.288492146773258e-04
-6.331130429736954e-04
-4.472063139702906e-04
-6.051616282450181e-04
-1.018100807398166e-03
-8.288492146773258e-04
-6.051616282450181e-04
-7.558579209411670e-04
-1.196340360810699e-03
-1.018100807398166e-03
-7.558579209411670e-04
-8.955392254599941e-04
-1.359040536953790e-03
-1.196340360810699e-03
-8.955392254599941e-04
-1.020449628574294e-03
-1.501674045036234e-03
-1.359040536953790e-03
-1.020449628574294e-03
-1.126833217159846e-03
-1.619713577985248e-03
-1.501674045036234e-03
-1.126833217159846e-03
-1.210934033835328e-03
-1.708631758759623e-03
-1.619713577985248e-03
-1.210934033835328e-03
-1.268996040862718e-03
-1.763901095703242e-03
-1.708631758759623e-03
-1.268996040862718e-03
-1.297263092772479e-03
-1.780993947363289e-03
-1.763901095703242e-03
-1.297263092772479e-03
-1.291978917423057e-03
-1.755382495942603e-03
-1.780993947363289e-03
-1.291978917423057e-03
-1.249387100254020e-03
-1.682538721901663e-03
-1.755382495942603e-03
-1.249387100254020e-03
-1.165731064561558e-03
-1.557934368951716e-03
-1.682538721901663e-03
-1.165731064561558e-03
-1.037254076833502e-03
-1.377040932205814e-03
-1.557934368951716e-03
-1.037254076833502e-03
-8.601993914982957e-04
-1.135329806445463e-03
-1.377040932205814e-03
-8.601993914982957e-04
-6.308103930826447e-04
-8.282724190764075e-04
-1.135329806445463e-03
-6.308103930826447e-04
-3.453291374951268e-04
-4.513383794485544e-04
-8.282724190764075e-04
-3.453291374951268e-04
0.000000000000000e+00
0.000000000000000e+00
-4.513383794485544e-04
0.000000000000000e+00
2.509916098696256e-04
2.493804705889131e-04
0.000000000000000e+00
2.509916098696256e-04
4.403745609923851e-04
4.302288362236526e-04
2.493804705889131e-04
4.403745609923851e-04
5.727147294497248e-04
5.478082939997875e-04
4.302288362236526e-04
5.727147294497248e-04
6.525745915724869e-04
6.073806574509792e-04
5.478082939997875e-04
6.525745915724869e-04
6.845088783445021e-04
6.142016215152218e-04
6.073806574509792e-04
6.845088783445021e-04
6.730665237599980e-04
5.735225435308249e-04
6.142016215152218e-04
6.730665237599980e-04
6.227914768502086e-04
4.905907691537302e-04
5.735225435308249e-04
6.227914768502086e-04
5.382236019425948e-04
3.706501149928000e-04
4.905907691537302e-04
5.382236019425948e-04
4.238995889259466e-04
2.189415077070544e-04
3.706501149928000e-04
4.238995889259466e-04
2.843536995265272e-04
4.070357276302742e-05
2.189415077070544e-04
2.843536995265272e-04
1.241183373135439e-04
-1.588268819472576e-04
4.070357276302742e-05
1.241183373135439e-04
-5.227551783768506e-05
-3.744144752608992e-04
-1.588268819472576e-04
-5.227551783768506e-05
-2.402979740058062e-04
-6.008249357495700e-04
-3.744144752608992e-04
-2.402979740058062e-04
-4.354199648922313e-04
-8.328248442429368e-04
-6.008249357495700e-04
-4.354199648922313e-04
-6.331130429736954e-04
-1.065181424406113e-03
-8.328248442429368e-04
-6.331130429736954e-04
-8.288492146773258e-04
-1.292662371557204e-03
-1.065181424406113e-03
-8.288492146773258e-04
-1.018100807398166e-03
-1.510035711550953e-03
-1.292662371557204e-03
-1.018100807398166e-03
-1.196340360810699e-03
-1.712069683268363e-03
-1.510035711550953e-03
-1.196340360810699e-03
-1.359040536953790e-03
-1.893532639767004e-03
-1.712069683268363e-03
-1.359040536953790e-03
-1.501674045036234e-03
-2.049192964314313e-03
-1.893532639767004e-03
-1.501674045036234e-03
-1.619713577985248e-03
-2.173818998419071e-03
-2.049192964314313e-03
-1.619713577985248e-03
-1.708631758759623e-03
-2.262178979888185e-03
-2.173818998419071e-03
-1.708631758759623e-03
-1.763901095703242e-03
-2.309040990201260e-03
-2.262178979888185e-03
-1.763901095703242e-03
-1.780993947363289e-03
-2.309172911640562e-03
-2.309040990201260e-03
-1.780993947363289e-03
-1.755382495942603e-03
-2.257342392866315e-03
-2.309172911640562e-03
-1.755382495942603e-03
-1.682538721901663e-03
-2.148316813391053e-03
-2.257342392866315e-03
-1.682538721901663e-03
-1.557934368951716e-03
-1.976863233125544e-03
-2.148316813391053e-03
-1.557934368951716e-03
-1.377040932205814e-03
-1.737748364654543e-03
-1.976863233125544e-03
-1.377040932205814e-03
-1.135329806445463e-03
-1.425738730813730e-03
-1.737748364654543e-03
-1.135329806445463e-03
-8.282724190764075e-04
-1.035600802413357e-03
-1.425738730813730e-03
-8.282724190764075e-04
-4.513383794485544e-04
-5.620987852742554e-04
-1.035600802413357e-03
-4.513383794485544e-04
0.000000000000000e+00
0.000000000000000e+00
-5.620987852742554e-04
0.000000000000000e+00
2.493804705889131e-04
2.341716114686381e-04
0.000000000000000e+00
2.493804705889131e-04
4.302288362236526e-04
3.944353438645091e-04
2.341716114686381e-04
4.302288362236526e-04
5.478082939997875e-04
4.866860867672629e-04
3.944353438645091e-04
5.478082939997875e-04
6.073806574509792e-04
5.168186077268197e-04
4.866860867672629e-04
6.073806574509792e-04
6.142016215152218e-04
4.907225795364329e-04
5.168186077268197e-04
6.142016215152218e-04
5.735225435308249e-04
4.142843873550723e-04
4.907225795364329e-04
5.735225435308249e-04
4.905907691537302e-04
2.933872124484352e-04
4.142843873550723e-04
4.905907691537302e-04
3.706501149928000e-04
1.339112577251915e-04
2.933872124484352e-04
3.706501149928000e-04
2.189415077070544e-04
-5.826581353478733e-05
1.339112577251915e-04
2.189415077070544e-04
4.070357276302742e-05
-2.772684291083213e-04
-5.826581353478733e-05
4.070357276302742e-05
-1.588268819472576e-04
-5.172227153905659e-04
-2.772684291083213e-04
-1.588268819472576e-04
-3.744144752608992e-04
-7.722561621003171e-04
-5.172227153905659e-04
-3.744144752608992e-04
-6.008249357495700e-04
-1.036497336771667e-03
-7.722561621003171e-04
-6.008249357495700e-04
-8.328248442429368e-04
-1.304075643371855e-03
-1.036497336771667e-03
-8.328248442429368e-04
-1.065181424406113e-03
-1.569121119460920e-03
-1.304075643371855e-03
-1.065181424406113e-03
-1.292662371557204e-03
-1.825764265824073e-03
-1.569121119460920e-03
-1.292662371557204e-03
-1.510035711550953e-03
-2.068135902719744e-03
-1.825764265824073e-03
-1.510035711550953e-03
-1.712069683268363e-03
-2.290367047704374e-03
-2.068135902719744e-03
-1.712069683268363e-03
-1.893532639767004e-03
-2.486588810952566e-03
-2.290367047704374e-03
-1.893532639767004e-03
-2.049192964314313e-03
-2.650932304800900e-03
-2.486588810952566e-03
-2.049192964314313e-03
-2.173818998419071e-03
-2.777528564902051e-03
-2.650932304800900e-03
-2.173818998419071e-03
-2.262178979888185e-03
-2.860508481158252e-03
-2.777528564902051e-03
-2.262178979888185e-03
-2.309040990201260e-03
-2.894002737850242e-03
-2.860508481158252e-03
-2.309040990201260e-03
-2.309172911640562e-03
-2.872141763512464e-03
-2.894002737850242e-03
-2.309172911640562e-03
-2.257342392866315e-03
-2.789055688914640e-03
-2.872141763512464e-03
-2.257342392866315e-03
-2.148316813391053e-03
-2.638874301859604e-03
-2.789055688914640e-03
-2.148316813391053e-03
-1.976863233125544e-03
-2.415726982511481e-03
-2.638874301859604e-03
-1.976863233125544e-03
-1.737748364654543e-03
-2.113742662603931e-03
-2.415726982511481e-03
-1.737748364654543e-03
-1.425738730813730e-03
-1.727049996871666e-03
-2.113742662603931e-03
-1.425738730813730e-03
-1.035600802413357e-03
-1.249777512888876e-03
-1.727049996871666e-03
-1.035600802413357e-03
-5.620987852742554e-04
-6.760510561382426e-04
-1.249777512888876e-03
-5.620987852742554e-04
0.000000000000000e+00
0.000000000000000e+00
-6.760510561382426e-04
0.000000000000000e+00
2.341716114686381e-04
2.069287006045143e-04
0.000000000000000e+00
2.341716114686381e-04
3.944353438645091e-04
3.360202274125483e-04
2.069287006045143e-04
3.944353438645091e-04
4.866860867672629e-04
3.937350943051750e-04
3.360202274125483e-04
4.866860867672629e-04
5.168186077268197e-04
3.865345282992021e-04
3.937350943051750e-04
5.168186077268197e-04
4.907225795364329e-04
3.208753388494985e-04
3.865345282992021e-04
4.907225795364329e-04
4.142843873550723e-04
2.032118052276694e-04
3.208753388494985e-04
4.142843873550723e-04
2.933872124484352e-04
3.999564247049483e-05
2.032118052276694e-04
2.933872124484352e-04
1.339112577251915e-04
-1.623239243050452e-04
3.999564247049483e-05
1.339112577251915e-04
-5.826581353478733e-05
-3.972998567564971e-04
-1.623239243050452e-04
-5.826581353478733e-05
-2.772684291083213e-04
-6.584869637701618e-04
-3.972998567564971e-04
-2.772684291083213e-04
-5.172227153905659e-04
-9.394415897059131e-04
-6.584869637701618e-04
-5.172227153905659e-04
-7.722561621003171e-04
-1.233721334672302e-03
-9.394415897059131e-04
-7.722561621003171e-04
-1.036497336771667e-03
-1.534884805033304e-03
-1.233721334672302e-03
-1.036497336771667e-03
-1.304075643371855e-03
-1.836491394000459e-03
-1.534884805033304e-03
-1.304075643371855e-03
-1.569121119460920e-03
-2.132101091126490e-03
-1.836491394000459e-03
-1.569121119460920e-03
-1.825764265824073e-03
-2.415274317790788e-03
-2.132101091126490e-03
-1.825764265824073e-03
-2.068135902719744e-03
-2.679571784983217e-03
-2.415274317790788e-03
-2.068135902719744e-03
-2.290367047704374e-03
-2.918554369801703e-03
-2.679571784983217e-03
-2.290367047704374e-03
-2.486588810952566e-03
-3.125783007547448e-03
-2.918554369801703e-03
-2.486588810952566e-03
-2.650932304800900e-03
-3.294818596769986e-03
-3.125783007547448e-03
-2.650932304800900e-03
-2.777528564902051e-03
-3.419221915034926e-03
-3.294818596769986e-03
-2.777528564902051e-03
-2.860508481158252e-03
-3.492553543832190e-03
-3.419221915034926e-03
-2.860508481158252e-03
-2.894002737850242e-03
-3.508373802266241e-03
-3.492553543832190e-03
-2.894002737850242e-03
-2.872141763512464e-03
-3.460242690304665e-03
-3.508373802266241e-03
-2.872141763512464e-03
-2.789055688914640e-03
-3.341719839785947e-03
-3.460242690304665e-03
-2.789055688914640e-03
-2.638874301859604e-03
-3.146364460466214e-03
-3.341719839785947e-03
-2.638874301859604e-03
-2.415726982511481e-03
-2.867735262828769e-03
-3.146364460466214e-03
-2.415726982511481e-03
-2.113742662603931e-03
-2.499390406864430e-03
-2.867735262828769e-03
-2.113742662603931e-03
-1.727049996871666e-03
-2.034887689995147e-03
-2.499390406864430e-03
-1.727049996871666e-03
-1.249777512888876e-03
-1.467784712412630e-03
-2.034887689995147e-03
-1.249777512888876e-03
-6.760510561382426e-04
-7.916359983469698e-04
-1.467784712412630e-03
-6.760510561382426e-04
0.000000000000000e+00
0.000000000000000e+00
-7.916359983469698e-04
0.000000000000000e+00
2.069287006045143e-04
1.692140286630456e-04
0.000000000000000e+00
2.069287006045143e-04
3.360202274125483e-04
2.580071562385612e-04
1.692140286630456e-04
3.360202274125483e-04
3.937350943051750e-04
2.733391704416580e-04
2.580071562385612e-04
3.937350943051750e-04
3.865345282992021e-04
2.221711457506181e-04
2.733391704416580e-04
3.865345282992021e-04
3.208753388494985e-04
1.114602155158777e-04
2.221711457506181e-04
3.208753388494985e-04
2.032118052276694e-04
-5.183846058680693e-05
1.114602155158777e-04
2.032118052276694e-04
3.999564247049483e-05
-2.607717856541364e-04
-5.183846058680693e-05
3.999564247049483e-05
-1.623239243050452e-04
-5.083887380404546e-04
-2.607717856541364e-04
-1.623239243050452e-04
-3.972998567564971e-04
-7.877401561064100e-04
-5.083887380404546e-04
-3.972998567564971e-04
-6.584869637701618e-04
-1.091878477893621e-03
-7.877401561064100e-04
-6.584869637701618e-04
-9.394415897059131e-04
-1.413857494365208e-03
-1.091878477893621e-03
-9.394415897059131e-04
-1.233721334672302e-03
-1.746732118940636e-03
-1.413857494365208e-03
-1.233721334672302e-03
-1.534884805033304e-03
-2.083558173096078e-03
-1.746732118940636e-03
-1.534884805033304e-03
-1.836491394000459e-03
-2.417392190685158e-03
-2.083558173096078e-03
-1.836491394000459e-03
-2.132101091126490e-03
-2.741291242583778e-03
-2.417392190685158e-03
-2.132101091126490e-03
-2.415274317790788e-03
-3.048312781047250e-03
-2.741291242583778e-03
-2.415274317790788e-03
-2.679571784983217e-03
-3.331514501835693e-03
-3.048312781047250e-03
-2.679571784983217e-03
-2.918554369801703e-03
-3.583954221808130e-03
-3.331514501835693e-03
-2.918554369801703e-03
-3.125783007547448e-03
-3.798689769791812e-03
-3.583954221808130e-03
-3.125783007547448e-03
-3.294818596769986e-03
-3.968778888724146e-03
-3.798689769791812e-03
-3.294818596769986e-03
-3.419221915034926e-03
-4.087279147280218e-03
-3.968778888724146e-03
-3.419221915034926e-03
-3.492553543832190e-03
-4.147247859723694e-03
-4.087279147280218e-03
-3.492553543832190e-03
-3.508373802266241e-03
-4.141742013930447e-03
-4.147247859723694e-03
-3.508373802266241e-03
-3.460242690304665e-03
-4.063818208686027e-03
-4.141742013930447e-03
-3.460242690304665e-03
-3.341719839785947e-03
-3.906532598446987e-03
-4.063818208686027e-03
-3.341719839785947e-03
-3.146364460466214e-03
-3.662940831670562e-03
-3.906532598446987e-03
-3.146364460466214e-03
-2.867735262828769e-03
-3.326097962753585e-03
-3.662940831670562e-03
-2.867735262828769e-03
-2.499390406864430e-03
-2.889058392477100e-03
-3.326097962753585e-03
-2.499390406864430e-03
-2.034887689995147e-03
-2.344876073566144e-03
-2.889058392477100e-03
-2.034887689995147e-03
-1.467784712412630e-03
-1.686604692817942e-03
-2.344876073566144e-03
-1.467784712412630e-03
-7.916359983469698e-04
-9.072944873360582e-04
-1.686604692817942e-03
-7.916359983469698e-04
0.000000000000000e+00
0.000000000000000e+00
-9.072944873360582e-04
0.000000000000000e+00
1.692140286630456e-04
1.225889730569542e-04
0.000000000000000e+00
1.692140286630456e-04
2.580071562385612e-04
1.634181213199786e-04
1.225889730569542e-04
2.580071562385612e-04
2.733391704416580e-04
1.298799686886983e-04
1.634181213199786e-04
2.733391704416580e-04
2.221711457506181e-04
2.936872680113157e-05
1.298799686886983e-04
2.221711457506181e-04
1.114602155158777e-04
-1.307249741198432e-04
2.936872680113157e-05
1.114602155158777e-04
-5.183846058680693e-05
-3.430120581908213e-04
-1.307249741198432e-04
-5.183846058680693e-05
-2.607717856541364e-04
-6.001051163155070e-04
-3.430120581908213e-04
-2.607717856541364e-04
-5.083887380404546e-04
-8.946184672503680e-04
-6.001051163155070e-04
-5.083887380404546e-04
-7.877401561064100e-04
-1.219167998180637e-03
-8.946184672503680e-04
-7.877401561064100e-04
-1.091878477893621e-03
-1.566370959994323e-03
-1.219167998180637e-03
-1.091878477893621e-03
-1.413857494365208e-03
-1.928845770205780e-03
-1.566370959994323e-03
-1.413857494365208e-03
-1.746732118940636e-03
-2.299211823220033e-03
-1.928845770205780e-03
-1.746732118940636e-03
-2.083558173096078e-03
-2.670089307223517e-03
-2.299211823220033e-03
-2.083558173096078e-03
-2.417392190685158e-03
-3.034099031319996e-03
-2.670089307223517e-03
-2.417392190685158e-03
-2.741291242583778e-03
-3.383862265976329e-03
-3.034099031319996e-03
-2.741291242583778e-03
-3.048312781047250e-03
-3.712000597619695e-03
-3.383862265976329e-03
-3.048312781047250e-03
-3.331514501835693e-03
-4.011135796697598e-03
-3.712000597619695e-03
-3.331514501835693e-03
-3.583954221808130e-03
-4.273889697917504e-03
-4.011135796697598e-03
-3.583954221808130e-03
-3.798689769791812e-03
-4.492884091264633e-03
-4.273889697917504e-03
-3.798689769791812e-03
-3.968778888724146e-03
-4.660740622393616e-03
-4.492884091264633e-03
-3.968778888724146e-03
-4.087279147280218e-03
-4.770080701052043e-03
-4.660740622393616e-03
-4.087279147280218e-03
-4.147247859723694e-03
-4.813525416631237e-03
-4.770080701052043e-03
-4.147247859723694e-03
-4.141742013930447e-03
-4.783695461158776e-03
-4.813525416631237e-03
-4.141742013930447e-03
-4.063818208686027e-03
-4.673211061233220e-03
-4.783695461158776e-03
-4.063818208686027e-03
-3.906532598446987e-03
-4.474691917194180e-03
-4.673211061233220e-03
-3.906532598446987e-03
-3.662940831670562e-03
-4.180757134657426e-03
-4.474691917194180e-03
-3.662940831670562e-03
-3.326097962753585e-03
-3.784025126991473e-03
-4.180757134657426e-03
-3.326097962753585e-03
-2.889058392477100e-03
-3.277113548995832e-03
-3.784025126991473e-03
-2.889058392477100e-03
-2.344876073566144e-03
-2.652639520227654e-03
-3.277113548995832e-03
-2.344876073566144e-03
-1.686604692817942e-03
-1.903219824099425e-03
-2.652639520227654e-03
-1.686604692817942e-03
-9.072944873360582e-04
-1.021467439553342e-03
-1.903219824099425e-03
-9.072944873360582e-04
0.000000000000000e+00
0.000000000000000e+00
-1.021467439553342e-03
0.000000000000000e+00
1.225889730569542e-04
6.861428120497373e-05
0.000000000000000e+00
1.225889730569542e-04
1.634181213199786e-04
5.527393729576432e-05
6.861428120497373e-05
1.634181213199786e-04
1.298799686886983e-04
-3.226243760814844e-05
5.527393729576432e-05
1.298799686886983e-04
2.936872680113157e-05
-1.862342821093827e-04
-3.226243760814844e-05
2.936872680113157e-05
-1.307249741198432e-04
-3.988843238200337e-04
-1.862342821093827e-04
-1.307249741198432e-04
-3.430120581908213e-04
-6.624565195946040e-04
-3.988843238200337e-04
-3.430120581908213e-04
-6.001051163155070e-04
-9.691961751986867e-04
-6.624565195946040e-04
-6.001051163155070e-04
-8.946184672503680e-04
-1.311350032341794e-03
-9.691961751986867e-04
-8.946184672503680e-04
-1.219167998180637e-03
-1.681166144445688e-03
-1.311350032341794e-03
-1.219167998180637e-03
-1.566370959994323e-03
-2.070893710382098e-03
-1.681166144445688e-03
-1.566370959994323e-03
-1.928845770205780e-03
-2.472782914318316e-03
-2.070893710382098e-03
-1.928845770205780e-03
-2.299211823220033e-03
-2.879084768309842e-03
-2.472782914318316e-03
-2.299211823220033e-03
-2.670089307223517e-03
-3.282050955642027e-03
-2.879084768309842e-03
-2.670089307223517e-03
-3.034099031319996e-03
-3.673933678457168e-03
-3.282050955642027e-03
-3.034099031319996e-03
-3.383862265976329e-03
-4.046985513269552e-03
-3.673933678457168e-03
-3.383862265976329e-03
-3.712000597619695e-03
-4.393459275981580e-03
-4.046985513269552e-03
-3.712000597619695e-03
-4.011135796697598e-03
-4.705607896510153e-03
-4.393459275981580e-03
-4.011135796697598e-03
-4.273889697917504e-03
-4.975684302469107e-03
-4.705607896510153e-03
-4.273889697917504e-03
-4.492884091264633e-03
-5.195941311130328e-03
-4.975684302469107e-03
-4.492884091264633e-03
-4.660740622393616e-03
-5.358631528772153e-03
-5.195941311130328e-03
-4.660740622393616e-03
-4.770080701052043e-03
-5.456007256490121e-03
-5.358631528772153e-03
-4.770080701052043e-03
-4.813525416631237e-03
-5.480320401933634e-03
-5.456007256490121e-03
-4.813525416631237e-03
-4.783695461158776e-03
-5.423822397682619e-03
-5.480320401933634e-03
-4.783695461158776e-03
-4.673211061233220e-03
-5.278764128214330e-03
-5.423822397682619e-03
-4.673211061233220e-03
-4.474691917194180e-03
-5.037395863942653e-03
-5.278764128214330e-03
-4.474691917194180e-03
-4.180757134657426e-03
-4.691967186655799e-03
-5.037395863942653e-03
-4.180757134657426e-03
-3.784025126991473e-03
-4.234726883653134e-03
-4.691967186655799e-03
-3.784025126991473e-03
-3.277113548995832e-03
-3.657922875812693e-03
-4.234726883653134e-03
-3.277113548995832e-03
-2.652639520227654e-03
-2.953802458131214e-03
-3.657922875812693e-03
-2.652639520227654e-03
-1.903219824099425e-03
-2.114612515363754e-03
-2.953802458131214e-03
-1.903219824099425e-03
-1.021467439553342e-03
-1.132595791784790e-03
-2.114612515363754e-03
-1.021467439553342e-03
0.000000000000000e+00
0.000000000000000e+00
-1.132595791784790e-03
0.000000000000000e+00
6.861428120497373e-05
8.850254394058363e-06
0.000000000000000e+00
6.861428120497373e-05
5.527393729576432e-05
-6.340542360843038e-05
8.850254394058363e-06
5.527393729576432e-05
-3.226243760814844e-05
-2.087091265166233e-04
-6.340542360843038e-05
-3.226243760814844e-05
-1.862342821093827e-04
-4.190007899748785e-04
-2.087091265166233e-04
-1.862342821093827e-04
-3.988843238200337e-04
-6.862233839026507e-04
-4.190007899748785e-04
-3.988843238200337e-04
-6.624565195946040e-04
-1.002320847777363e-03
-6.862233839026507e-04
-6.624565195946040e-04
-9.691961751986867e-04
-1.359238209227169e-03
-1.002320847777363e-03
-9.691961751986867e-04
-1.311350032341794e-03
-1.748921683523570e-03
-1.359238209227169e-03
-1.311350032341794e-03
-1.681166144445688e-03
-2.163318571594236e-03
-1.748921683523570e-03
-1.681166144445688e-03
-2.070893710382098e-03
-2.594377120401175e-03
-2.163318571594236e-03
-2.070893710382098e-03
-2.472782914318316e-03
-3.034046389917522e-03
-2.594377120401175e-03
-2.472782914318316e-03
-2.879084768309842e-03
-3.474276120830855e-03
-3.034046389917522e-03
-2.879084768309842e-03
-3.282050955642027e-03
-3.907016599561775e-03
-3.474276120830855e-03
-3.282050955642027e-03
-3.673933678457168e-03
-4.324218523549504e-03
-3.907016599561775e-03
-3.673933678457168e-03
-4.046985513269552e-03
-4.717832870376360e-03
-4.324218523549504e-03
-4.046985513269552e-03
-4.393459275981580e-03
-5.079810772629281e-03
-4.717832870376360e-03
-4.393459275981580e-03
-4.705607896510153e-03
-5.402103399037823e-03
-5.079810772629281e-03
-4.705607896510153e-03
-4.975684302469107e-03
-5.676661841805016e-03
-5.402103399037823e-03
-4.975684302469107e-03
-5.195941311130328e-03
-5.895437009808631e-03
-5.676661841805016e-03
-5.195941311130328e-03
-5.358631528772153e-03
-6.050379527194847e-03
-5.895437009808631e-03
-5.358631528772153e-03
-5.456007256490121e-03
-6.133439636810551e-03
-6.050379527194847e-03
-5.456007256490121e-03
-5.480320401933634e-03
-6.136567108299318e-03
-6.133439636810551e-03
-5.480320401933634e-03
-5.423822397682619e-03
-6.051711151992147e-03
-6.136567108299318e-03
-5.423822397682619e-03
-5.278764128214330e-03
-5.870820341026322e-03
-6.051711151992147e-03
-5.278764128214330e-03
-5.037395863942653e-03
-5.585842540435157e-03
-5.870820341026322e-03
-5.037395863942653e-03
-4.691967186655799e-03
-5.188724826896628e-03
-5.585842540435157e-03
-4.691967186655799e-03
-4.234726883653134e-03
-4.671413375361060e-03
-5.188724826896628e-03
-4.234726883653134e-03
-3.657922875812693e-03
-4.025853382338318e-03
-4.671413375361060e-03
-3.657922875812693e-03
-2.953802458131214e-03
-3.243989322607773e-03
-4.025853382338318e-03
-2.953802458131214e-03
-2.114612515363754e-03
-2.317765180619107e-03
-3.243989322607773e-03
-2.114612515363754e-03
-1.132595791784790e-03
-1.239120483367751e-03
-2.317765180619107e-03
-1.132595791784790e-03
0.000000000000000e+00
0.000000000000000e+00
-1.239120483367751e-03
0.000000000000000e+00
8.850254394058363e-06
-5.514312560621302e-05
0.000000000000000e+00
8.850254394058363e-06
-6.340542360843038e-05
-1.896005972445878e-04
-5.514312560621302e-05
-6.340542360843038e-05
-2.087091265166233e-04
-3.950820174101222e-04
-1.896005972445878e-04
-2.087091265166233e-04
-4.190007899748785e-04
-6.632947114391907e-04
-3.950820174101222e-04
-4.190007899748785e-04
-6.862233839026507e-04
-9.859488038105619e-04
-6.632947114391907e-04
-6.862233839026507e-04
-1.002320847777363e-03
-1.354755174708787e-03
-9.859488038105619e-04
-1.002320847777363e-03
-1.359238209227169e-03
-1.761425573200523e-03
-1.354755174708787e-03
-1.359238209227169e-03
-1.748921683523570e-03
-2.197672720984418e-03
-1.761425573200523e-03
-1.748921683523570e-03
-2.163318571594236e-03
-2.655210224683941e-03
-2.197672720984418e-03
-2.163318571594236e-03
-2.594377120401175e-03
-3.125752454993122e-03
-2.655210224683941e-03
-2.594377120401175e-03
-3.034046389917522e-03
-3.601014433662968e-03
-3.125752454993122e-03
-3.034046389917522e-03
-3.474276120830855e-03
-4.072711720593923e-03
-3.601014433662968e-03
-3.474276120830855e-03
-3.907016599561775e-03
-4.532560296374504e-03
-4.072711720593923e-03
-3.907016599561775e-03
-4.324218523549504e-03
-4.972276442447555e-03
-4.532560296374504e-03
-4.324218523549504e-03
-4.717832870376360e-03
-5.383576622129758e-03
-4.972276442447555e-03
-4.717832870376360e-03
-5.079810772629281e-03
-5.758177364350541e-03
-5.383576622129758e-03
-5.079810772629281e-03
-5.402103399037823e-03
-6.087795150810541e-03
-5.758177364350541e-03
-5.402103399037823e-03
-5.676661841805016e-03
-6.364146306737589e-03
-6.087795150810541e-03
-5.676661841805016e-03
-5.895437009808631e-03
-6.578946895222054e-03
-6.364146306737589e-03
-5.895437009808631e-03
-6.050379527194847e-03
-6.723912614969373e-03
-6.578946895222054e-03
-6.050379527194847e-03
-6.133439636810551e-03
-6.790758701235033e-03
-6.723912614969373e-03
-6.133439636810551e-03
-6.136567108299318e-03
-6.771199830112653e-03
-6.790758701235033e-03
-6.136567108299318e-03
-6.051711151992147e-03
-6.656950027731120e-03
-6.771199830112653e-03
-6.051711151992147e-03
-5.870820341026322e-03
-6.439722587303015e-03
-6.656950027731120e-03
-5.870820341026322e-03
-5.585842540435157e-03
-6.111229993096844e-03
-6.439722587303015e-03
-5.585842540435157e-03
-5.188724826896628e-03
-5.663183834563087e-03
-6.111229993096844e-03
-5.188724826896628e-03
-4.671413375361060e-03
-5.087294685977564e-03
-5.663183834563087e-03
-4.671413375361060e-03
-4.025853382338318e-03
-4.375272025496586e-03
-5.087294685977564e-03
-4.025853382338318e-03
-3.243989322607773e-03
-3.518824506603511e-03
-4.375272025496586e-03
-3.243989322607773e-03
-2.317765180619107e-03
-2.509660204267567e-03
-3.518824506603511e-03
-2.317765180619107e-03
-1.239120483367751e-03
-1.339482438453820e-03
-2.509660204267567e-03
-1.239120483367751e-03
0.000000000000000e+00
0.000000000000000e+00
-1.339482438453820e-03
0.000000000000000e+00
-5.514312560621302e-05
-1.218061049724131e-04
0.000000000000000e+00
-5.514312560621302e-05
-1.896005972445878e-04
-3.202926555596701e-04
-1.218061049724131e-04
-1.896005972445878e-04
-3.950820174101222e-04
-5.870036379563018e-04
-3.202926555596701e-04
-3.950820174101222e-04
-6.632947114391907e-04
-9.134806956946887e-04
-5.870036379563018e-04
-6.632947114391907e-04
-9.859488038105619e-04
-1.291268044756544e-03
-9.134806956946887e-04
-9.859488038105619e-04
-1.354755174708787e-03
-1.711910475216690e-03
-1.291268044756544e-03
-1.354755174708787e-03
-1.761425573200523e-03
-2.166953456668303e-03
-1.711910475216690e-03
-1.761425573200523e-03
-2.197672720984418e-03
-2.647943241154491e-03
-2.166953456668303e-03
-2.197672720984418e-03
-2.655210224683941e-03
-3.146426784969201e-03
-2.647943241154491e-03
-2.655210224683941e-03
-3.125752454993122e-03
-3.653951641516967e-03
-3.146426784969201e-03
-3.125752454993122e-03
-3.601014433662968e-03
-4.162065863361550e-03
-3.653951641516967e-03
-3.601014433662968e-03
-4.072711720593923e-03
-4.662317904444433e-03
-4.162065863361550e-03
-4.072711720593923e-03
-4.532560296374504e-03
-5.146256516819191e-03
-4.662317904444433e-03
-4.532560296374504e-03
-4.972276442447555e-03
-5.605430643286029e-03
-5.146256516819191e-03
-4.972276442447555e-03
-5.383576622129758e-03
-6.031389308647877e-03
-5.605430643286029e-03
-5.383576622129758e-03
-5.758177364350541e-03
-6.415681511228492e-03
-6.031389308647877e-03
-5.758177364350541e-03
-6.087795150810541e-03
-6.749856115328305e-03
-6.415681511228492e-03
-6.087795150810541e-03
-6.364146306737589e-03
-7.025461744898667e-03
-6.749856115328305e-03
-6.364146306737589e-03
-6.578946895222054e-03
-7.234046678595767e-03
-7.025461744898667e-03
-6.578946895222054e-03
-6.723912614969373e-03
-7.367158746279648e-03
-7.234046678595767e-03
-6.723912614969373e-03
-6.790758701235033e-03
-7.416345226991015e-03
-7.367158746279648e-03
-6.790758701235033e-03
-6.771199830112653e-03
-7.373152748902352e-03
-7.416345226991015e-03
-6.771199830112653e-03
-6.656950027731120e-03
-7.229127193228341e-03
-7.373152748902352e-03
-6.656950027731120e-03
-6.439722587303015e-03
-6.975813605571855e-03
-7.229127193228341e-03
-6.439722587303015e-03
-6.111229993096844e-03
-6.604756114186615e-03
-6.975813605571855e-03
-6.111229993096844e-03
-5.663183834563087e-03
-6.107497838137123e-03
-6.604756114186615e-03
-5.663183834563087e-03
-5.087294685977564e-03
-5.475580760132260e-03
-6.107497838137123e-03
-5.087294685977564e-03
-4.375272025496586e-03
-4.700545641607079e-03
-5.475580760132260e-03
-4.375272025496586e-03
-3.518824506603511e-03
-3.773932307116801e-03
-4.700545641607079e-03
-3.518824506603511e-03
-2.509660204267567e-03
-2.687279904094134e-03
-3.773932307116801e-03
-2.509660204267567e-03
-1.339482438453820e-03
-1.432122547084627e-03
-2.687279904094134e-03
-1.339482438453820e-03
0.000000000000000e+00
0.000000000000000e+00
-1.432122547084627e-03
0.000000000000000e+00
-1.218061049724131e-04
-1.895790887268734e-04
0.000000000000000e+00
-1.218061049724131e-04
-3.202926555596701e-04
-4.524629753298952e-04
-1.895790887268734e-04
-3.202926555596701e-04
-5.870036379563018e-04
-7.800969429907272e-04
-4.524629753298952e-04
-5.870036379563018e-04
-9.134806956946887e-04
-1.163923910600137e-03
-7.800969429907272e-04
-9.134806956946887e-04
-1.291268044756544e-03
-1.595389144261250e-03
-1.163923910600137e-03
-1.291268044756544e-03
-1.711910475216690e-03
-2.065938325049874e-03
-1.595389144261250e-03
-1.711910475216690e-03
-2.166953456668303e-03
-2.567017645378516e-03
-2.065938325049874e-03
-2.166953456668303e-03
-2.647943241154491e-03
-3.090073907929514e-03
-2.567017645378516e-03
-2.647943241154491e-03
-3.146426784969201e-03
-3.626554454254624e-03
-3.090073907929514e-03
-3.146426784969201e-03
-3.653951641516967e-03
-4.167907068291672e-03
-3.626554454254624e-03
-3.653951641516967e-03
-4.162065863361550e-03
-4.705579890237239e-03
-4.167907068291672e-03
-4.162065863361550e-03
-4.662317904444433e-03
-5.231021330923679e-03
-4.705579890237239e-03
-4.662317904444433e-03
-5.146256516819191e-03
-5.735679980298373e-03
-5.231021330923679e-03
-5.146256516819191e-03
-5.605430643286029e-03
-6.211004510628963e-03
-5.735679980298373e-03
-5.605430643286029e-03
-6.031389308647877e-03
-6.648443576580568e-03
-6.211004510628963e-03
-6.031389308647877e-03
-6.415681511228492e-03
-7.039445713466937e-03
-6.648443576580568e-03
-6.415681511228492e-03
-6.749856115328305e-03
-7.375459234204215e-03
-7.039445713466937e-03
-6.749856115328305e-03
-7.025461744898667e-03
-7.647932125233733e-03
-7.375459234204215e-03
-7.025461744898667e-03
-7.234046678595767e-03
-7.848311941653622e-03
-7.647932125233733e-03
-7.234046678595767e-03
-7.367158746279648e-03
-7.968045701774415e-03
-7.848311941653622e-03
-7.367158746279648e-03
-7.416345226991015e-03
-7.998579781348578e-03
-7.968045701774415e-03
-7.416345226991015e-03
-7.373152748902352e-03
-7.931359808274308e-03
-7.998579781348578e-03
-7.373152748902352e-03
-7.229127193228341e-03
-7.757830560189917e-03
-7.931359808274308e-03
-7.229127193228341e-03
-6.975813605571855e-03
-7.469435868998327e-03
-7.757830560189917e-03
-6.975813605571855e-03
-6.604756114186615e-03
-7.057618532307718e-03
-7.469435868998327e-03
-6.604756114186615e-03
-6.107497838137123e-03
-6.513820214769755e-03
-7.057618532307718e-03
-6.107497838137123e-03
-5.475580760132260e-03
-5.829481313835934e-03
-6.513820214769755e-03
-5.475580760132260e-03
-4.700545641607079e-03
-4.996040870771314e-03
-5.829481313835934e-03
-4.700545641607079e-03
-3.773932307116801e-03
-4.004936865828423e-03
-4.996040870771314e-03
-3.773932307116801e-03
-2.687279904094134e-03
-2.847606490313133e-03
-4.004936865828423e-03
-2.687279904094134e-03
-1.432122547084627e-03
-1.515481644279375e-03
-2.847606490313133e-03
-1.432122547084627e-03
0.000000000000000e+00
0.000000000000000e+00
-1.515481644279375e-03
0.000000000000000e+00
-1.895790887268734e-04
-2.569025863173468e-04
0.000000000000000e+00
-1.895790887268734e-04
-4.524629753298952e-04
-5.830931338653082e-04
-2.569025863173468e-04
-4.524629753298952e-04
-7.800969429907272e-04
-9.699851685514647e-04
-5.830931338653082e-04
-7.800969429907272e-04
-1.163923910600137e-03
-1.408989865417370e-03
-9.699851685514647e-04
-1.163923910600137e-03
-1.595389144261250e-03
-1.891520518464017e-03
-1.408989865417370e-03
-1.595389144261250e-03
-2.065938325049874e-03
-2.408990692708139e-03
-1.891520518464017e-03
-2.065938325049874e-03
-2.567017645378516e-03
-2.952814310714736e-03
-2.408990692708139e-03
-2.567017645378516e-03
-3.090073907929514e-03
-3.514405745567500e-03
-2.952814310714736e-03
-3.090073907929514e-03
-3.626554454254624e-03
-4.085179754939302e-03
-3.514405745567500e-03
-3.626554454254624e-03
-4.167907068291672e-03
-4.656551393657313e-03
-4.085179754939302e-03
-4.167907068291672e-03
-4.705579890237239e-03
-5.219935937512831e-03
-4.656551393657313e-03
-4.705579890237239e-03
-5.231021330923679e-03
-5.766748807950884e-03
-5.219935937512831e-03
-5.231021330923679e-03
-5.735679980298373e-03
-6.288405490684930e-03
-5.766748807950884e-03
-5.735679980298373e-03
-6.211004510628963e-03
-6.776321448149067e-03
-6.288405490684930e-03
-6.211004510628963e-03
-6.648443576580568e-03
-7.221912027329168e-03
-6.776321448149067e-03
-6.648443576580568e-03
-7.039445713466937e-03
-7.616592363872627e-03
-7.221912027329168e-03
-7.039445713466937e-03
-7.375459234204215e-03
-7.951777282778093e-03
-7.616592363872627e-03
-7.375459234204215e-03
-7.647932125233733e-03
-8.218881195831359e-03
-7.951777282778093e-03
-7.647932125233733e-03
-7.848311941653622e-03
-8.409317996022481e-03
-8.218881195831359e-03
-7.848311941653622e-03
-7.968045701774415e-03
-8.514500949237284e-03
-8.409317996022481e-03
-7.968045701774415e-03
-7.998579781348578e-03
-8.525842583637833e-03
-8.514500949237284e-03
-7.998579781348578e-03
-7.931359808274308e-03
-8.434754577807790e-03
-8.525842583637833e-03
-7.931359808274308e-03
-7.757830560189917e-03
-8.232647650507505e-03
-8.434754577807790e-03
-7.757830560189917e-03
-7.469435868998327e-03
-7.910931456674347e-03
-8.232647650507505e-03
-7.469435868998327e-03
-7.057618532307718e-03
-7.461014490277381e-03
-7.910931456674347e-03
-7.057618532307718e-03
-6.513820214769755e-03
-6.874303977311871e-03
-7.461014490277381e-03
-6.513820214769755e-03
-5.829481313835934e-03
-6.142205733610775e-03
-6.874303977311871e-03
-5.829481313835934e-03
-4.996040870771314e-03
-5.256124071205680e-03
-6.142205733610775e-03
-4.996040870771314e-03
-4.004936865828423e-03
-4.207462101648519e-03
-5.256124071205680e-03
-4.004936865828423e-03
-2.847606490313133e-03
-2.987622018953925e-03
-4.207462101648519e-03
-2.847606490313133e-03
-1.515481644279375e-03
-1.588000486207929e-03
-2.987622018953925e-03
-1.515481644279375e-03
0.000000000000000e+00
0.000000000000000e+00
-1.588000486207929e-03
0.000000000000000e+00
-2.569025863173468e-04
-3.222171666923394e-04
0.000000000000000e+00
-2.569025863173468e-04
-5.830931338653082e-04
-7.091648223409711e-04
-3.222171666923394e-04
-5.830931338653082e-04
-9.699851685514647e-04
-1.152291709286952e-03
-7.091648223409711e-04
-9.699851685514647e-04
-1.408989865417370e-03
-1.643044259825349e-03
-1.152291709286952e-03
-1.408989865417370e-03
-1.891520518464017e-03
-2.172870790897956e-03
-1.643044259825349e-03
-1.891520518464017e-03
-2.408990692708139e-03
-2.733219755767134e-03
-2.172870790897956e-03
-2.408990692708139e-03
-2.952814310714736e-03
-3.315539820266752e-03
-2.733219755767134e-03
-2.952814310714736e-03
-3.514405745567500e-03
-3.911279948714604e-03
-3.315539820266752e-03
-3.514405745567500e-03
-4.085179754939302e-03
-4.511889343132496e-03
-3.911279948714604e-03
-4.085179754939302e-03
-4.656551393657313e-03
-5.108817364373576e-03
-4.511889343132496e-03
-4.656551393657313e-03
-5.219935937512831e-03
-5.693513465098140e-03
-5.108817364373576e-03
-5.219935937512831e-03
-5.766748807950884e-03
-6.257427123915875e-03
-5.693513465098140e-03
-5.766748807950884e-03
-6.288405490684930e-03
-6.792007773319551e-03
-6.257427123915875e-03
-6.288405490684930e-03
-6.776321448149067e-03
-7.288704720649605e-03
-6.792007773319551e-03
-6.776321448149067e-03
-7.221912027329168e-03
-7.738967063016041e-03
-7.288704720649605e-03
-7.221912027329168e-03
-7.616592363872627e-03
-8.134243596640325e-03
-7.738967063016041e-03
-7.616592363872627e-03
-7.951777282778093e-03
-8.465982720639689e-03
-8.134243596640325e-03
-7.951777282778093e-03
-8.218881195831359e-03
-8.725632335254377e-03
-8.465982720639689e-03
-8.218881195831359e-03
-8.409317996022481e-03
-8.904639734674799e-03
-8.725632335254377e-03
-8.409317996022481e-03
-8.514500949237284e-03
-8.994451494766610e-03
-8.904639734674799e-03
-8.514500949237284e-03
-8.525842583637833e-03
-8.986513356209480e-03
-8.994451494766610e-03
-8.525842583637833e-03
-8.434754577807790e-03
-8.872270104356209e-03
-8.986513356209480e-03
-8.434754577807790e-03
-8.232647650507505e-03
-8.643165449067789e-03
-8.872270104356209e-03
-8.232647650507505e-03
-7.910931456674347e-03
-8.290641909783417e-03
-8.643165449067789e-03
-7.910931456674347e-03
-7.461014490277381e-03
-7.806140707195955e-03
-8.290641909783417e-03
-7.461014490277381e-03
-6.874303977311871e-03
-7.181101645487015e-03
-7.806140707195955e-03
-6.874303977311871e-03
-6.142205733610775e-03
-6.406962960472638e-03
-7.181101645487015e-03
-6.142205733610775e-03
-5.256124071205680e-03
-5.475161219996525e-03
-6.406962960472638e-03
-5.256124071205680e-03
-4.207462101648519e-03
-4.377131632124649e-03
-5.475161219996525e-03
-4.207462101648519e-03
-2.987622018953925e-03
-3.104308337324210e-03
-4.377131632124649e-03
-2.987622018953925e-03
-1.588000486207929e-03
-1.648119722244842e-03
-3.104308337324210e-03
-1.588000486207929e-03
0.000000000000000e+00
0.000000000000000e+00
-1.648119722244842e-03
0.000000000000000e+00
-3.222171666923394e-04
-3.839634192073921e-04
0.000000000000000e+00
-3.222171666923394e-04
-7.091648223409711e-04
-8.276597700450954e-04
-3.839634192073921e-04
-7.091648223409711e-04
-1.152291709286952e-03
-1.322640010545709e-03
-8.276597700450954e-04
-1.152291709286952e-03
-1.643044259825349e-03
-1.860452849764181e-03
-1.322640010545709e-03
-1.643044259825349e-03
-2.172870790897956e-03
-2.432648638634247e-03
-1.860452849764181e-03
-2.172870790897956e-03
-2.733219755767134e-03
-3.030777733754830e-03
-2.432648638634247e-03
-2.733219755767134e-03
-3.315539820266752e-03
-3.646390563167085e-03
-3.030777733754830e-03
-3.315539820266752e-03
-3.911279948714604e-03
-4.271037704856357e-03
-3.646390563167085e-03
-3.911279948714604e-03
-4.511889343132496e-03
-4.896269831653660e-03
-4.271037704856357e-03
-4.511889343132496e-03
-5.108817364373576e-03
-5.513637641413228e-03
-4.896269831653660e-03
-5.108817364373576e-03
-5.693513465098140e-03
-6.114691799379460e-03
-5.513637641413228e-03
-5.693513465098140e-03
-6.257427123915875e-03
-6.690982881827700e-03
-6.114691799379460e-03
-6.257427123915875e-03
-6.792007773319551e-03
-7.234061313254240e-03
-6.690982881827700e-03
-6.792007773319551e-03
-7.288704720649605e-03
-7.735477295704987e-03
-7.234061313254240e-03
-7.288704720649605e-03
-7.738967063016041e-03
-8.186780730555034e-03
-7.735477295704987e-03
-7.738967063016041e-03
-8.134243596640325e-03
-8.579521132751932e-03
-8.186780730555034e-03
-8.134243596640325e-03
-8.465982720639689e-03
-8.905247537235463e-03
-8.579521132751932e-03
-8.465982720639689e-03
-8.725632335254377e-03
-9.155508397317621e-03
-8.905247537235463e-03
-8.725632335254377e-03
-8.904639734674799e-03
-9.321851475030819e-03
-9.155508397317621e-03
-8.904639734674799e-03
-8.994451494766610e-03
-9.395823723662917e-03
-9.321851475030819e-03
-8.994451494766610e-03
-8.986513356209480e-03
-9.368971163008923e-03
-9.395823723662917e-03
-8.986513356209480e-03
-8.872270104356209e-03
-9.232838748798612e-03
-9.368971163008923e-03
-8.872270104356209e-03
-8.643165449067789e-03
-8.978970239912799e-03
-9.232838748798612e-03
-8.643165449067789e-03
-8.290641909783417e-03
-8.598908069273723e-03
-8.978970239912799e-03
-8.290641909783417e-03
-7.806140707195955e-03
-8.084193220685395e-03
-8.598908069273723e-03
-7.806140707195955e-03
-7.181101645487015e-03
-7.426365096675262e-03
-8.084193220685395e-03
-7.181101645487015e-03
-6.406962960472638e-03
-6.616961354009960e-03
-7.426365096675262e-03
-6.406962960472638e-03
-5.475161219996525e-03
-5.647517795676569e-03
-6.616961354009960e-03
-5.475161219996525e-03
-4.377131632124649e-03
-4.509568679706207e-03
-5.647517795676569e-03
-4.377131632124649e-03
-3.104308337324210e-03
-3.194647018579559e-03
-4.509568679706207e-03
-3.104308337324210e-03
-1.648119722244842e-03
-1.694279861319607e-03
-3.194647018579559e-03
-1.648119722244842e-03
0.000000000000000e+00
0.000000000000000e+00
-1.694279861319607e-03
0.000000000000000e+00
-3.839634192073921e-04
-4.405819175485895e-04
0.000000000000000e+00
-3.839634192073921e-04
-8.276597700450954e-04
-9.355596743397783e-04
-4.405819175485895e-04
-8.276597700450954e-04
-1.322640010545709e-03
-1.476653468291990e-03
-9.355596743397783e-04
-1.322640010545709e-03
-1.860452849764181e-03
-2.055581322481375e-03
-1.476653468291990e-03
-1.860452849764181e-03
-2.432648638634247e-03
-2.664062648232538e-03
-2.055581322481375e-03
-2.432648638634247e-03
-3.030777733754830e-03
-3.293816730734940e-03
-2.664062648232538e-03
-3.030777733754830e-03
-3.646390563167085e-03
-3.936562784471873e-03
-3.293816730734940e-03
-3.646390563167085e-03
-4.271037704856357e-03
-4.584020024755635e-03
-3.936562784471873e-03
-4.271037704856357e-03
-4.896269831653660e-03
-5.227907619727543e-03
-4.584020024755635e-03
-4.896269831653660e-03
-5.513637641413228e-03
-5.859944631054797e-03
-5.227907619727543e-03
-5.513637641413228e-03
-6.114691799379460e-03
-6.471849966895421e-03
-5.859944631054797e-03
-6.114691799379460e-03
-6.690982881827700e-03
-7.055342335964211e-03
-6.471849966895421e-03
-6.690982881827700e-03
-7.234061313254240e-03
-7.602140194645832e-03
-7.055342335964211e-03
-7.234061313254240e-03
-7.735477295704987e-03
-8.103961685112423e-03
-7.602140194645832e-03
-7.735477295704987e-03
-8.186780730555034e-03
-8.552524564162630e-03
-8.103961685112423e-03
-8.186780730555034e-03
-8.579521132751932e-03
-8.939546122356873e-03
-8.552524564162630e-03
-8.579521132751932e-03
-8.905247537235463e-03
-9.256743092843415e-03
-8.939546122356873e-03
-8.905247537235463e-03
-9.155508397317621e-03
-9.495831549402456e-03
-9.256743092843415e-03
-9.155508397317621e-03
-9.321851475030819e-03
-9.648526793493380e-03
-9.495831549402456e-03
-9.321851475030819e-03
-9.395823723662917e-03
-9.706543230339660e-03
-9.648526793493380e-03
-9.395823723662917e-03
-9.368971163008923e-03
-9.661594234467483e-03
-9.706543230339660e-03
-9.368971163008923e-03
-9.232838748798612e-03
-9.505392006174325e-03
-9.661594234467483e-03
-9.232838748798612e-03
-8.978970239912799e-03
-9.229647422774720e-03
-9.505392006174325e-03
-8.978970239912799e-03
-8.598908069273723e-03
-8.826069891074232e-03
-9.229647422774720e-03
-8.598908069273723e-03
-8.084193220685395e-03
-8.286367204368190e-03
-8.826069891074232e-03
-8.084193220685395e-03
-7.426365096675262e-03
-7.602245390589238e-03
-8.286367204368190e-03
-7.426365096675262e-03
-6.616961354009960e-03
-6.765408530399539e-03
-7.602245390589238e-03
-6.616961354009960e-03
-5.647517795676569e-03
-5.767558636538769e-03
-6.765408530399539e-03
-5.647517795676569e-03
-4.509568679706207e-03
-4.600395957485378e-03
-5.767558636538769e-03
-4.509568679706207e-03
-3.194647018579559e-03
-3.255619281362759e-03
-4.600395957485378e-03
-3.194647018579559e-03
-1.694279861319607e-03
-1.724921230396196e-03
-3.255619281362759e-03
-1.694279861319607e-03
0.000000000000000e+00
0.000000000000000e+00
-1.724921230396196e-03
0.000000000000000e+00
-4.405819175485895e-04
-4.905131842196339e-04
0.000000000000000e+00
-4.405819175485895e-04
-9.355596743397783e-04
-1.029846131779100e-03
-4.905131842196339e-04
-9.355596743397783e-04
-1.476653468291990e-03
-1.609955330809171e-03
-1.029846131779100e-03
-1.476653468291990e-03
-2.055581322481375e-03
-2.222795174003209e-03
-1.609955330809171e-03
-2.055581322481375e-03
-2.664062648232538e-03
-2.860321174700475e-03
-2.222795174003209e-03
-2.664062648232538e-03
-3.293816730734940e-03
-3.514488581357485e-03
-2.860321174700475e-03
-3.293816730734940e-03
-3.936562784471873e-03
-4.177252423278043e-03
-3.514488581357485e-03
-3.936562784471873e-03
-4.584020024755635e-03
-4.840567576670096e-03
-4.177252423278043e-03
-4.584020024755635e-03
-5.227907619727543e-03
-5.496388726269503e-03
-4.840567576670096e-03
-5.227907619727543e-03
-5.859944631054797e-03
-6.136670319161548e-03
-5.496388726269503e-03
-5.859944631054797e-03
-6.471849966895421e-03
-6.753366530610989e-03
-6.136670319161548e-03
-6.471849966895421e-03
-7.055342335964211e-03
-7.338431230376846e-03
-6.753366530610989e-03
-7.055342335964211e-03
-7.602140194645832e-03
-7.883817941124950e-03
-7.338431230376846e-03
-7.602140194645832e-03
-8.103961685112423e-03
-8.381479786302333e-03
-7.883817941124950e-03
-8.103961685112423e-03
-8.552524564162630e-03
-8.823369426652464e-03
-8.381479786302333e-03
-8.552524564162630e-03
-8.939546122356873e-03
-9.201438984558883e-03
-8.823369426652464e-03
-8.939546122356873e-03
-9.256743092843415e-03
-9.507639955313927e-03
-9.201438984558883e-03
-9.256743092843415e-03
-9.495831549402456e-03
-9.733923104557844e-03
-9.507639955313927e-03
-9.495831549402456e-03
-9.648526793493380e-03
-9.872238351371809e-03
-9.733923104557844e-03
-9.648526793493380e-03
-9.706543230339660e-03
-9.914534636740835e-03
-9.872238351371809e-03
-9.706543230339660e-03
-9.661594234467483e-03
-9.852759777504015e-03
-9.914534636740835e-03
-9.661594234467483e-03
-9.505392006174325e-03
-9.678860307059691e-03
-9.852759777504015e-03
-9.505392006174325e-03
-9.229647422774720e-03
-9.384781306667412e-03
-9.678860307059691e-03
-9.229647422774720e-03
-8.826069891074232e-03
-8.962466234172847e-03
-9.384781306667412e-03
-8.826069891074232e-03
-8.286367204368190e-03
-8.403856754486030e-03
-8.962466234172847e-03
-8.286367204368190e-03
-7.602245390589238e-03
-7.700892560476748e-03
-8.403856754486030e-03
-7.602245390589238e-03
-6.765408530399539e-03
-6.845511166158881e-03
-7.700892560476748e-03
-6.765408530399539e-03
-5.767558636538769e-03
-5.829647766366648e-03
-6.845511166158881e-03
-5.767558636538769e-03
-4.600395957485378e-03
-4.645235526900320e-03
-5.829647766366648e-03
-4.600395957485378e-03
-3.255619281362759e-03
-3.284205888789777e-03
-4.645235526900320e-03
-3.255619281362759e-03
-1.724921230396196e-03
-1.738483921981444e-03
-3.284205888789777e-03
-1.724921230396196e-03
0.000000000000000e+00
0.000000000000000e+00
-1.738483921981444e-03
0.000000000000000e+00
-4.905131842196339e-04
-5.321976530930871e-04
0.000000000000000e+00
-4.905131842196339e-04
-1.029846131779100e-03
-1.107500565766947e-03
-5.321976530930871e-04
-1.029846131779100e-03
-1.609955330809171e-03
-1.718168596116804e-03
-1.107500565766947e-03
-1.609955330809171e-03
-2.222795174003209e-03
-2.356459582280933e-03
-1.718168596116804e-03
-2.222795174003209e-03
-2.860321174700475e-03
-3.014632196768223e-03
-2.356459582280933e-03
-2.860321174700475e-03
-3.514488581357485e-03
-3.684944694302324e-03
-3.014632196768223e-03
-3.514488581357485e-03
-4.177252423278043e-03
-4.359654949465914e-03
-3.684944694302324e-03
-4.177252423278043e-03
-4.840567576670096e-03
-5.031020520335314e-03
-4.359654949465914e-03
-4.840567576670096e-03
-5.496388726269503e-03
-5.691298623818205e-03
-5.031020520335314e-03
-5.496388726269503e-03
-6.136670319161548e-03
-6.332746106651494e-03
-5.691298623818205e-03
-6.136670319161548e-03
-6.753366530610989e-03
-6.947619427576024e-03
-6.332746106651494e-03
-6.753366530610989e-03
-7.338431230376846e-03
-7.528174638649386e-03
-6.947619427576024e-03
-7.338431230376846e-03
-7.883817941124950e-03
-8.066667357000123e-03
-7.528174638649386e-03
-7.883817941124950e-03
-8.381479786302333e-03
-8.555352723901368e-03
-8.066667357000123e-03
-8.381479786302333e-03
-8.823369426652464e-03
-8.986485349936563e-03
-8.555352723901368e-03
-8.823369426652464e-03
-9.201438984558883e-03
-9.352319245169084e-03
-8.986485349936563e-03
-9.201438984558883e-03
-9.507639955313927e-03
-9.645107733177165e-03
-9.352319245169084e-03
-9.507639955313927e-03
-9.733923104557844e-03
-9.857103347913307e-03
-9.645107733177165e-03
-9.733923104557844e-03
-9.872238351371809e-03
-9.980557712488422e-03
-9.857103347913307e-03
-9.872238351371809e-03
-9.914534636740835e-03
-1.000772139911169e-02
-9.980557712488422e-03
-9.914534636740835e-03
-9.852759777504015e-03
-9.930843769747830e-03
-1.000772139911169e-02
-9.852759777504015e-03
-9.678860307059691e-03
-9.742172798203030e-03
-9.930843769747830e-03
-9.678860307059691e-03
-9.384781306667412e-03
-9.433954877055133e-03
-9.742172798203030e-03
-9.384781306667412e-03
-8.962466234172847e-03
-8.998434616207847e-03
-9.433954877055133e-03
-8.962466234172847e-03
-8.403856754486030e-03
-8.427854638209879e-03
-8.998434616207847e-03
-8.403856754486030e-03
-7.700892560476748e-03
-7.714455361363517e-03
-8.427854638209879e-03
-7.700892560476748e-03
-6.845511166158881e-03
-6.850474756601321e-03
-7.714455361363517e-03
-6.845511166158881e-03
-5.829647766366648e-03
-5.828148175984240e-03
-6.850474756601321e-03
-5.829647766366648e-03
-4.645235526900320e-03
-4.639708616639868e-03
-5.828148175984240e-03
-4.645235526900320e-03
-3.284205888789777e-03
-3.277387018426465e-03
-4.639708616639868e-03
-3.284205888789777e-03
-1.738483921981444e-03
-1.733407726082850e-03
-3.277387018426465e-03
-1.738483921981444e-03
0.000000000000000e+00
0.000000000000000e+00
-1.733407726082850e-03
0.000000000000000e+00
-5.321976530930871e-04
-5.640756271041409e-04
0.000000000000000e+00
-5.321976530930871e-04
-1.107500565766947e-03
-1.165504145439590e-03
-5.640756271041409e-04
-1.107500565766947e-03
-1.718168596116804e-03
-1.796915898286361e-03
-1.165504145439590e-03
-1.718168596116804e-03
-2.356459582280933e-03
-2.450939268701710e-03
-1.796915898286361e-03
-2.356459582280933e-03
-3.014632196768223e-03
-3.120203161549070e-03
-2.450939268701710e-03
-3.014632196768223e-03
-3.684944694302324e-03
-3.797335887167641e-03
-3.120203161549070e-03
-3.684944694302324e-03
-4.359654949465914e-03
-4.474965194390405e-03
-3.797335887167641e-03
-4.359654949465914e-03
-5.031020520335314e-03
-5.145718337343412e-03
-4.474965194390405e-03
-5.031020520335314e-03
-5.691298623818205e-03
-5.802222070925749e-03
-5.145718337343412e-03
-5.691298623818205e-03
-6.332746106651494e-03
-6.437102644949697e-03
-5.802222070925749e-03
-6.332746106651494e-03
-6.947619427576024e-03
-7.042985807533086e-03
-6.437102644949697e-03
-6.947619427576024e-03
-7.528174638649386e-03
-7.612496805067252e-03
-7.042985807533086e-03
-7.528174638649386e-03
-8.066667357000123e-03
-8.138260369902816e-03
-7.612496805067252e-03
-8.066667357000123e-03
-8.555352723901368e-03
-8.612900692398076e-03
-8.138260369902816e-03
-8.555352723901368e-03
-8.986485349936563e-03
-9.029041375950288e-03
-8.612900692398076e-03
-8.986485349936563e-03
-9.352319245169084e-03
-9.379305373845410e-03
-9.029041375950288e-03
-9.352319245169084e-03
-9.645107733177165e-03
-9.656314906671556e-03
-9.379305373845410e-03
-9.645107733177165e-03
-9.857103347913307e-03
-9.852691358995583e-03
-9.656314906671556e-03
-9.857103347913307e-03
-9.980557712488422e-03
-9.961055153943930e-03
-9.852691358995583e-03
-9.980557712488422e-03
-1.000772139911169e-02
-9.974025604240832e-03
-9.961055153943930e-03
-1.000772139911169e-02
-9.930843769747830e-03
-9.884220738379345e-03
-9.974025604240832e-03
-9.930843769747830e-03
-9.742172798203030e-03
-9.684257101586609e-03
-9.884220738379345e-03
-9.742172798203030e-03
-9.433954877055133e-03
-9.366749533903882e-03
-9.684257101586609e-03
-9.433954877055133e-03
-8.998434616207847e-03
-8.924310931326262e-03
-9.366749533903882e-03
-8.998434616207847e-03
-8.427854638209879e-03
-8.349551995269076e-03
-8.924310931326262e-03
-8.427854638209879e-03
-7.714455361363517e-03
-7.635080963634245e-03
-8.349551995269076e-03
-7.714455361363517e-03
-6.850474756601321e-03
-6.773503314420698e-03
-7.635080963634245e-03
-6.850474756601321e-03
-5.828148175984240e-03
-5.757421544498671e-03
-6.773503314420698e-03
-5.828148175984240e-03
-4.639708616639868e-03
-4.579435387202711e-03
-5.757421544498671e-03
-4.639708616639868e-03
-3.277387018426465e-03
-3.232142090858993e-03
-4.579435387202711e-03
-3.277387018426465e-03
-1.733407726082850e-03
-1.708132039714437e-03
-3.232142090858993e-03
-1.733407726082850e-03
0.000000000000000e+00
0.000000000000000e+00
-1.708132039714437e-03
0.000000000000000e+00
-5.640756271041409e-04
-5.845872272685663e-04
0.000000000000000e+00
-5.640756271041409e-04
-1.165504145439590e-03
-1.200837689007687e-03
-5.845872272685663e-04
-1.165504145439590e-03
-1.796915898286361e-03
-1.841819374366725e-03
-1.200837689007687e-03
-1.796915898286361e-03
-2.450939268701710e-03
-2.500598339653702e-03
-1.841819374366725e-03
-2.450939268701710e-03
-3.120203161549070e-03
-3.170240811427906e-03
-2.500598339653702e-03
-3.120203161549070e-03
-3.797335887167641e-03
-3.843812207449279e-03
-3.170240811427906e-03
-3.797335887167641e-03
-4.474965194390405e-03
-4.514377172127321e-03
-3.843812207449279e-03
-4.474965194390405e-03
-5.145718337343412e-03
-5.174999656305073e-03
-4.514377172127321e-03
-5.145718337343412e-03
-5.802222070925749e-03
-5.818742942842465e-03
-5.174999656305073e-03
-5.802222070925749e-03
-6.437102644949697e-03
-6.438669672360831e-03
-5.818742942842465e-03
-6.437102644949697e-03
-7.042985807533086e-03
-7.027841874220607e-03
-6.438669672360831e-03
-7.042985807533086e-03
-7.612496805067252e-03
-7.579320989537505e-03
-7.027841874220607e-03
-7.612496805067252e-03
-8.138260369902816e-03
-8.086167877666851e-03
-7.579320989537505e-03
-8.138260369902816e-03
-8.612900692398076e-03
-8.541442803073873e-03
-8.086167877666851e-03
-8.612900692398076e-03
-9.029041375950288e-03
-8.938205401486722e-03
-8.541442803073873e-03
-9.029041375950288e-03
-9.379305373845410e-03
-9.269514624399558e-03
-8.938205401486722e-03
-9.379305373845410e-03
-9.656314906671556e-03
-9.528428660738636e-03
-9.269514624399558e-03
-9.656314906671556e-03
-9.852691358995583e-03
-9.708004834196841e-03
-9.528428660738636e-03
-9.852691358995583e-03
-9.961055153943930e-03
-9.801299474362585e-03
-9.708004834196841e-03
-9.961055153943930e-03
-9.974025604240832e-03
-9.801367759321012e-03
-9.801299474362585e-03
-9.974025604240832e-03
-9.884220738379345e-03
-9.701263527135615e-03
-9.801367759321012e-03
-9.884220738379345e-03
-9.684257101586609e-03
-9.494039054190901e-03
-9.701263527135615e-03
-9.684257101586609e-03
-9.366749533903882e-03
-9.172744800666498e-03
-9.494039054190901e-03
-9.366749533903882e-03
-8.924310931326262e-03
-8.730429126950644e-03
-9.172744800666498e-03
-8.924310931326262e-03
-8.349551995269076e-03
-8.160137984920168e-03
-8.730429126950644e-03
-8.349551995269076e-03
-7.635080963634245e-03
-7.454914578533032e-03
-8.160137984920168e-03
-7.635080963634245e-03
-6.773503314420698e-03
-6.607798989697368e-03
-7.454914578533032e-03
-6.773503314420698e-03
-5.757421544498671e-03
-5.611827877881418e-03
-6.607798989697368e-03
-5.757421544498671e-03
-4.579435387202711e-03
-4.460034618374525e-03
-5.611827877881418e-03
-4.579435387202711e-03
-3.232142090858993e-03
-3.145449538064191e-03
-4.460034618374525e-03
-3.232142090858993e-03
-1.708132039714437e-03
-1.661095743267670e-03
-3.145449538064191e-03
-1.708132039714437e-03
0.000000000000000e+00
0.000000000000000e+00
-1.661095743267670e-03
0.000000000000000e+00
-5.845872272685663e-04
-5.921723272795960e-04
0.000000000000000e+00
-5.845872272685663e-04
-1.200837689007687e-03
-1.210481541679900e-03
-5.921723272795960e-04
-1.200837689007687e-03
-1.841819374366725e-03
-1.848500500439778e-03
-1.210481541679900e-03
-1.841819374366725e-03
-2.500598339653702e-03
-2.499800097535906e-03
-1.848500500439778e-03
-2.500598339653702e-03
-3.170240811427906e-03
-3.157950985109329e-03
-2.499800097535906e-03
-3.170240811427906e-03
-3.843812207449279e-03
-3.816522734722377e-03
-3.157950985109329e-03
-3.843812207449279e-03
-4.514377172127321e-03
-4.469083889385990e-03
-3.816522734722377e-03
-4.514377172127321e-03
-5.174999656305073e-03
-5.109202073304476e-03
-4.469083889385990e-03
-5.174999656305073e-03
-5.818742942842465e-03
-5.730444062724861e-03
-5.109202073304476e-03
-5.818742942842465e-03
-6.438669672360831e-03
-6.326375854744443e-03
-5.730444062724861e-03
-6.438669672360831e-03
-7.027841874220607e-03
-6.890562733514721e-03
-6.326375854744443e-03
-7.027841874220607e-03
-7.579320989537505e-03
-7.416569320926434e-03
-6.890562733514721e-03
-7.579320989537505e-03
-8.086167877666851e-03
-7.897959604511203e-03
-7.416569320926434e-03
-8.086167877666851e-03
-8.541442803073873e-03
-8.328296940626513e-03
-7.897959604511203e-03
-8.541442803073873e-03
-8.938205401486722e-03
-8.701144032729716e-03
-8.328296940626513e-03
-8.938205401486722e-03
-9.269514624399558e-03
-9.010062884451064e-03
-8.701144032729716e-03
-9.269514624399558e-03
-9.528428660738636e-03
-9.248614726586443e-03
-9.010062884451064e-03
-9.528428660738636e-03
-9.708004834196841e-03
-9.410359916427757e-03
-9.248614726586443e-03
-9.708004834196841e-03
-9.801299474362585e-03
-9.488857807025347e-03
-9.410359916427757e-03
-9.801299474362585e-03
-9.801367759321012e-03
-9.477666583024114e-03
-9.488857807025347e-03
-9.801367759321012e-03
-9.701263527135615e-03
-9.370343058843730e-03
-9.477666583024114e-03
-9.701263527135615e-03
-9.494039054190901e-03
-9.160442434806470e-03
-9.370343058843730e-03
-9.494039054190901e-03
-9.172744800666498e-03
-8.841518008234598e-03
-9.160442434806470e-03
-9.172744800666498e-03
-8.730429126950644e-03
-8.407120839304092e-03
-8.841518008234598e-03
-8.730429126950644e-03
-8.160137984920168e-03
-7.850799371642431e-03
-8.407120839304092e-03
-8.160137984920168e-03
-7.454914578533032e-03
-7.166099000416258e-03
-7.850799371642431e-03
-7.454914578533032e-03
-6.607798989697368e-03
-6.346561586787595e-03
-7.166099000416258e-03
-6.607798989697368e-03
-5.611827877881418e-03
-5.385725032699534e-03
-6.346561586787595e-03
-5.611827877881418e-03
-4.460034618374525e-03
-4.277123284740098e-03
-5.385725032699534e-03
-4.460034618374525e-03
-3.145449538064191e-03
-3.014286481505077e-03
-4.277123284740098e-03
-3.145449538064191e-03
-1.661095743267670e-03
-1.590737026231081e-03
-3.014286481505077e-03
-1.661095743267670e-03
0.000000000000000e+00
0.000000000000000e+00
-1.590737026231081e-03
0.000000000000000e+00
-5.921723272795960e-04
-5.852704632985760e-04
0.000000000000000e+00
-5.921723272795960e-04
-1.210481541679900e-03
-1.191415410658442e-03
-5.852704632985760e-04
-1.210481541679900e-03
-1.848500500439778e-03
-1.812579877052780e-03
-1.191415410658442e-03
-1.848500500439778e-03
-2.499800097535906e-03
-2.442906803552260e-03
-1.812579877052780e-03
-2.499800097535906e-03
-3.157950985109329e-03
-3.076538379652786e-03
-2.442906803552260e-03
-3.157950985109329e-03
-3.816522734722377e-03
-3.707615355674997e-03
-3.076538379652786e-03
-3.816522734722377e-03
-4.469083889385990e-03
-4.330277139596181e-03
-3.707615355674997e-03
-4.469083889385990e-03
-5.109202073304476e-03
-4.938661965659474e-03
-4.330277139596181e-03
-5.109202073304476e-03
-5.730444062724861e-03
-5.526907032724066e-03
-4.938661965659474e-03
-5.730444062724861e-03
-6.326375854744443e-03
-6.089148630426333e-03
-5.526907032724066e-03
-6.326375854744443e-03
-6.890562733514721e-03
-6.619522248506518e-03
-6.089148630426333e-03
-6.890562733514721e-03
-7.416569320926434e-03
-7.112162658912304e-03
-6.619522248506518e-03
-7.416569320926434e-03
-7.897959604511203e-03
-7.561203966616151e-03
-7.112162658912304e-03
-7.897959604511203e-03
-8.328296940626513e-03
-7.960779629649323e-03
-7.561203966616151e-03
-8.328296940626513e-03
-8.701144032729716e-03
-8.305022449854725e-03
-7.960779629649323e-03
-8.701144032729716e-03
-9.010062884451064e-03
-8.588064535168045e-03
-8.305022449854725e-03
-9.010062884451064e-03
-9.248614726586443e-03
-8.804037233113552e-03
-8.588064535168045e-03
-9.248614726586443e-03
-9.410359916427757e-03
-8.947071033981844e-03
-8.804037233113552e-03
-9.410359916427757e-03
-9.488857807025347e-03
-9.011295440797049e-03
-8.947071033981844e-03
-9.488857807025347e-03
-9.477666583024114e-03
-8.990838801612883e-03
-9.011295440797049e-03
-9.477666583024114e-03
-9.370343058843730e-03
-8.879828098018001e-03
-8.990838801612883e-03
-9.370343058843730e-03
-9.160442434806470e-03
-8.672388682476261e-03
-8.879828098018001e-03
-9.160442434806470e-03
-8.841518008234598e-03
-8.362643957039517e-03
-8.672388682476261e-03
-8.841518008234598e-03
-8.407120839304092e-03
-7.944714986897127e-03
-8.362643957039517e-03
-8.407120839304092e-03
-7.850799371642431e-03
-7.412720040959254e-03
-7.944714986897127e-03
-7.850799371642431e-03
-7.166099000416258e-03
-6.760774044889671e-03
-7.412720040959254e-03
-7.166099000416258e-03
-6.346561586787595e-03
-5.982987941700697e-03
-6.760774044889671e-03
-6.346561586787595e-03
-5.385725032699534e-03
-5.073468073883007e-03
-5.982987941700697e-03
-5.385725032699534e-03
-4.277123284740098e-03
-4.026315960691707e-03
-5.073468073883007e-03
-4.277123284740098e-03
-3.014286481505077e-03
-2.835628267411827e-03
-4.026315960691707e-03
-3.014286481505077e-03
-1.590737026231081e-03
-1.495493130905456e-03
-2.835628267411827e-03
-1.590737026231081e-03
0.000000000000000e+00
0.000000000000000e+00
-1.495493130905456e-03
0.000000000000000e+00
-5.852704632985760e-04
-5.623206981174143e-04
0.000000000000000e+00
-5.852704632985760e-04
-1.191415410658442e-03
-1.140618122703931e-03
-5.623206981174143e-04
-1.191415410658442e-03
-1.812579877052780e-03
-1.729676925907583e-03
-1.140618122703931e-03
-1.812579877052780e-03
-2.442906803552260e-03
-2.324279358426678e-03
-1.729676925907583e-03
-2.442906803552260e-03
-3.076538379652786e-03
-2.919206246977272e-03
-2.324279358426678e-03
-3.076538379652786e-03
-3.707615355674997e-03
-3.509236491851994e-03
-2.919206246977272e-03
-3.707615355674997e-03
-4.330277139596181e-03
-4.089147264668286e-03
-3.509236491851994e-03
-4.330277139596181e-03
-4.938661965659474e-03
-4.653714283548029e-03
-4.089147264668286e-03
-4.938661965659474e-03
-5.526907032724066e-03
-5.197712048918585e-03
-4.653714283548029e-03
-5.526907032724066e-03
-6.089148630426333e-03
-5.715914041936884e-03
-5.197712048918585e-03
-6.089148630426333e-03
-6.619522248506518e-03
-6.203092882539053e-03
-5.715914041936884e-03
-6.619522248506518e-03
-7.112162658912304e-03
-6.654020443939801e-03
-6.203092882539053e-03
-7.112162658912304e-03
-7.561203966616151e-03
-7.063467925531023e-03
-6.654020443939801e-03
-7.561203966616151e-03
-7.960779629649323e-03
-7.426205888623592e-03
-7.063467925531023e-03
-7.960779629649323e-03
-8.305022449854725e-03
-7.737004258985937e-03
-7.426205888623592e-03
-8.305022449854725e-03
-8.588064535168045e-03
-7.990632298462809e-03
-7.737004258985937e-03
-8.588064535168045e-03
-8.804037233113552e-03
-8.181858546130776e-03
-7.990632298462809e-03
-8.804037233113552e-03
-8.947071033981844e-03
-8.305450727649018e-03
-8.181858546130776e-03
-8.947071033981844e-03
-9.011295440797049e-03
-8.356175629548455e-03
-8.305450727649018e-03
-9.011295440797049e-03
-8.990838801612883e-03
-8.328798932993212e-03
-8.356175629548455e-03
-8.990838801612883e-03
-8.879828098018001e-03
-8.218084999010861e-03
-8.328798932993212e-03
-8.879828098018001e-03
-8.672388682476261e-03
-8.018796594588094e-03
-8.218084999010861e-03
-8.672388682476261e-03
-8.362643957039517e-03
-7.725694546826894e-03
-8.018796594588094e-03
-8.362643957039517e-03
-7.944714986897127e-03
-7.333537310181388e-03
-7.725694546826894e-03
-7.944714986897127e-03
-7.412720040959254e-03
-6.837080426688329e-03
-7.333537310181388e-03
-7.412720040959254e-03
-6.760774044889671e-03
-6.231075848773869e-03
-6.837080426688329e-03
-6.760774044889671e-03
-5.982987941700697e-03
-5.510271101618034e-03
-6.231075848773869e-03
-5.982987941700697e-03
-5.073468073883007e-03
-4.669408380532198e-03
-5.510271101618034e-03
-5.073468073883007e-03
-4.026315960691707e-03
-3.703223950721098e-03
-4.669408380532198e-03
-4.026315960691707e-03
-2.835628267411827e-03
-2.606447761340941e-03
-3.703223950721098e-03
-2.835628267411827e-03
-1.495493130905456e-03
-1.373799953980582e-03
-2.606447761340941e-03
-1.495493130905456e-03
0.000000000000000e+00
0.000000000000000e+00
-1.373799953980582e-03
0.000000000000000e+00
-5.623206981174143e-04
-5.217614004017194e-04
0.000000000000000e+00
-5.623206981174143e-04
-1.140618122703931e-03
-1.055067242641370e-03
-5.217614004017194e-04
-1.140618122703931e-03
-1.729676925907583e-03
-1.595409435890401e-03
-1.055067242641370e-03
-1.729676925907583e-03
-2.324279358426678e-03
-2.138276852921859e-03
-1.595409435890401e-03
-2.324279358426678e-03
-2.919206246977272e-03
-2.679155992599827e-03
-2.138276852921859e-03
-2.919206246977272e-03
-3.509236491851994e-03
-3.213530758201153e-03
-2.679155992599827e-03
-3.509236491851994e-03
-4.089147264668286e-03
-3.736882866221665e-03
-3.213530758201153e-03
-4.089147264668286e-03
-4.653714283548029e-03
-4.244692300574811e-03
-3.736882866221665e-03
-4.653714283548029e-03
-5.197712048918585e-03
-4.732437678478250e-03
-4.244692300574811e-03
-5.197712048918585e-03
-5.715914041936884e-03
-5.195596529780921e-03
-4.732437678478250e-03
-5.715914041936884e-03
-6.203092882539053e-03
-5.629645502436109e-03
-5.195596529780921e-03
-6.203092882539053e-03
-6.654020443939801e-03
-6.030060505025301e-03
-5.629645502436109e-03
-6.654020443939801e-03
-7.063467925531023e-03
-6.392316797256313e-03
-6.030060505025301e-03
-7.063467925531023e-03
-7.426205888623592e-03
-6.711889037955808e-03
-6.392316797256313e-03
-7.426205888623592e-03
-7.737004258985937e-03
-6.984251297335725e-03
-6.711889037955808e-03
-7.737004258985937e-03
-7.990632298462809e-03
-7.204877037397467e-03
-6.984251297335725e-03
-7.990632298462809e-03
-8.181858546130776e-03
-7.369239061760196e-03
-7.204877037397467e-03
-8.181858546130776e-03
-8.305450727649018e-03
-7.472809433874273e-03
-7.369239061760196e-03
-8.305450727649018e-03
-8.356175629548455e-03
-7.511059360204296e-03
-7.472809433874273e-03
-8.356175629548455e-03
-8.328798932993212e-03
-7.479459032223847e-03
-7.511059360204296e-03
-8.328798932993212e-03
-8.218084999010861e-03
-7.373477417734901e-03
-7.479459032223847e-03
-8.218084999010861e-03
-8.018796594588094e-03
-7.188581988067069e-03
-7.373477417734901e-03
-8.018796594588094e-03
-7.725694546826894e-03
-6.920238363107435e-03
-7.188581988067069e-03
-7.725694546826894e-03
-7.333537310181388e-03
-6.563909849880691e-03
-6.920238363107435e-03
-7.333537310181388e-03
-6.837080426688329e-03
-6.115056839014475e-03
-6.563909849880691e-03
-6.837080426688329e-03
-6.231075848773869e-03
-5.569136003862813e-03
-6.115056839014475e-03
-6.231075848773869e-03
-5.510271101618034e-03
-4.921599239896044e-03
-5.569136003862813e-03
-5.510271101618034e-03
-4.669408380532198e-03
-4.167892376700157e-03
-4.921599239896044e-03
-4.669408380532198e-03
-3.703223950721098e-03
-3.303453971785586e-03
-4.167892376700157e-03
-3.703223950721098e-03
-2.606447761340941e-03
-2.323714222710163e-03
-3.303453971785586e-03
-2.606447761340941e-03
-1.373799953980582e-03
-1.224091389719899e-03
-2.323714222710163e-03
-1.373799953980582e-03
0.000000000000000e+00
0.000000000000000e+00
-1.224091389719899e-03
0.000000000000000e+00
-5.217614004017194e-04
-4.620298737155867e-04
0.000000000000000e+00
-5.217614004017194e-04
-1.055067242641370e-03
-9.317384670362310e-04
-4.620298737155867e-04
-1.055067242641370e-03
-1.595409435890401e-03
-1.405392903224913e-03
-9.317384670362310e-04
-1.595409435890401e-03
-2.138276852921859e-03
-1.879255986799820e-03
-1.405392903224913e-03
-2.138276852921859e-03
-2.679155992599827e-03
-2.349586720566115e-03
-1.879255986799820e-03
-2.679155992599827e-03
-3.213530758201153e-03
-2.812640622827201e-03
-2.349586720566115e-03
-3.213530758201153e-03
-3.736882866221665e-03
-3.264670548733133e-03
-2.812640622827201e-03
-3.736882866221665e-03
-4.244692300574811e-03
-3.701927411627857e-03
-3.264670548733133e-03
-4.244692300574811e-03
-4.732437678478250e-03
-4.120660691268086e-03
-3.701927411627857e-03
-4.732437678478250e-03
-5.195596529780921e-03
-4.517118783862216e-03
-4.120660691268086e-03
-5.195596529780921e-03
-5.629645502436109e-03
-4.887549240933782e-03
-4.517118783862216e-03
-5.629645502436109e-03
-6.030060505025301e-03
-5.228198927767235e-03
-4.887549240933782e-03
-6.030060505025301e-03
-6.392316797256313e-03
-5.535314122517971e-03
-5.228198927767235e-03
-6.392316797256313e-03
-6.711889037955808e-03
-5.805140570430095e-03
-5.535314122517971e-03
-6.711889037955808e-03
-6.984251297335725e-03
-6.033923502351646e-03
-5.805140570430095e-03
-6.984251297335725e-03
-7.204877037397467e-03
-6.217907622652762e-03
-6.033923502351646e-03
-7.204877037397467e-03
-7.369239061760196e-03
-6.353337068501787e-03
-6.217907622652762e-03
-7.369239061760196e-03
-7.472809433874273e-03
-6.436455339809756e-03
-6.353337068501787e-03
-7.472809433874273e-03
-7.511059360204296e-03
-6.463505196546091e-03
-6.436455339809756e-03
-7.511059360204296e-03
-7.479459032223847e-03
-6.430728517119452e-03
-6.463505196546091e-03
-7.479459032223847e-03
-7.373477417734901e-03
-6.334366107714811e-03
-6.430728517119452e-03
-7.373477417734901e-03
-7.188581988067069e-03
-6.170657447530773e-03
-6.334366107714811e-03
-7.188581988067069e-03
-6.920238363107435e-03
-5.935840348204295e-03
-6.170657447530773e-03
-6.920238363107435e-03
-6.563909849880691e-03
-5.626150495517928e-03
-5.935840348204295e-03
-6.563909849880691e-03
-6.115056839014475e-03
-5.237820822919181e-03
-5.626150495517928e-03
-6.115056839014475e-03
-5.569136003862813e-03
-4.767080633412303e-03
-5.237820822919181e-03
-5.569136003862813e-03
-4.921599239896044e-03
-4.210154350229010e-03
-4.767080633412303e-03
-4.921599239896044e-03
-4.167892376700157e-03
-3.563259806732450e-03
-4.210154350229010e-03
-4.167892376700157e-03
-3.303453971785586e-03
-2.822606156789236e-03
-3.563259806732450e-03
-3.303453971785586e-03
-2.323714222710163e-03
-1.984391451315313e-03
-2.822606156789236e-03
-2.323714222710163e-03
-1.224091389719899e-03
-1.044798190269778e-03
-1.984391451315313e-03
-1.224091389719899e-03
0.000000000000000e+00
0.000000000000000e+00
-1.044798190269778e-03
0.000000000000000e+00
-4.620298737155867e-04
-3.815616993766991e-04
0.000000000000000e+00
-4.620298737155867e-04
-9.317384670362310e-04
-7.676046542643993e-04
-3.815616993766991e-04
-9.317384670362310e-04
-1.405392903224913e-03
-1.155239659064989e-03
-7.676046542643993e-04
-1.405392903224913e-03
-1.879255986799820e-03
-1.541570499104535e-03
-1.155239659064989e-03
-1.879255986799820e-03
-2.349586720566115e-03
-1.923694967975949e-03
-1.541570499104535e-03
-2.349586720566115e-03
-2.812640622827201e-03
-2.298706357001674e-03
-1.923694967975949e-03
-2.812640622827201e-03
-3.264670548733133e-03
-2.663695011751408e-03
-2.298706357001674e-03
-3.264670548733133e-03
-3.701927411627857e-03
-3.015749318527722e-03
-2.663695011751408e-03
-3.701927411627857e-03
-4.120660691268086e-03
-3.351956308702827e-03
-3.015749318527722e-03
-4.120660691268086e-03
-4.517118783862216e-03
-3.669402036952588e-03
-3.351956308702827e-03
-4.517118783862216e-03
-4.887549240933782e-03
-3.965171823013426e-03
-3.669402036952588e-03
-4.887549240933782e-03
-5.228198927767235e-03
-4.236350405679322e-03
-3.965171823013426e-03
-5.228198927767235e-03
-5.535314122517971e-03
-4.480022037382174e-03
-4.236350405679322e-03
-5.535314122517971e-03
-5.805140570430095e-03
-4.693270536505164e-03
-4.480022037382174e-03
-5.805140570430095e-03
-6.033923502351646e-03
-4.873179307587221e-03
-4.693270536505164e-03
-6.033923502351646e-03
-6.217907622652762e-03
-5.016831334922785e-03
-4.873179307587221e-03
-6.217907622652762e-03
-6.353337068501787e-03
-5.121309151784705e-03
-5.016831334922785e-03
-6.353337068501787e-03
-6.436455339809756e-03
-5.183694784898101e-03
-5.121309151784705e-03
-6.436455339809756e-03
-6.463505196546091e-03
-5.201069671303418e-03
-5.183694784898101e-03
-6.463505196546091e-03
-6.430728517119452e-03
-5.170514541874349e-03
-5.201069671303418e-03
-6.430728517119452e-03
-6.334366107714811e-03
-5.089109262019192e-03
-5.170514541874349e-03
-6.334366107714811e-03
-6.170657447530773e-03
-4.953932614935957e-03
-5.089109262019192e-03
-6.170657447530773e-03
-5.935840348204295e-03
-4.762062005241745e-03
-4.953932614935957e-03
-5.935840348204295e-03
-5.626150495517928e-03
-4.510573048357688e-03
-4.762062005241745e-03
-5.626150495517928e-03
-5.237820822919181e-03
-4.196538987631434e-03
-4.510573048357688e-03
-5.237820822919181e-03
-4.767080633412303e-03
-3.817029836939917e-03
-4.196538987631434e-03
-4.767080633412303e-03
-4.210154350229010e-03
-3.369111078202696e-03
-3.817029836939917e-03
-4.210154350229010e-03
-3.563259806732450e-03
-2.849841675965159e-03
-3.369111078202696e-03
-3.563259806732450e-03
-2.822606156789236e-03
-2.256271110324773e-03
-2.849841675965159e-03
-2.822606156789236e-03
-1.984391451315313e-03
-1.585434603654335e-03
-2.256271110324773e-03
-1.984391451315313e-03
-1.044798190269778e-03
-8.343458325711518e-04
-1.585434603654335e-03
-1.044798190269778e-03
0.000000000000000e+00
0.000000000000000e+00
-8.343458325711518e-04
0.000000000000000e+00
-3.815616993766991e-04
-2.787892080391835e-04
0.000000000000000e+00
-3.815616993766991e-04
-7.676046542643993e-04
-5.596338619325835e-04
-2.787892080391835e-04
-7.676046542643993e-04
-1.155239659064989e-03
-8.405574148218959e-04
-5.596338619325835e-04
-1.155239659064989e-03
-1.541570499104535e-03
-1.119570482191193e-03
-8.405574148218959e-04
-1.541570499104535e-03
-1.923694967975949e-03
-1.394674464699232e-03
-1.119570482191193e-03
-1.923694967975949e-03
-2.298706357001674e-03
-1.663866038560540e-03
-1.394674464699232e-03
-2.298706357001674e-03
-2.663695011751408e-03
-1.925139186164381e-03
-1.663866038560540e-03
-2.663695011751408e-03
-3.015749318527722e-03
-2.176486242217666e-03
-1.925139186164381e-03
-3.015749318527722e-03
-3.351956308702827e-03
-2.415898462623110e-03
-2.176486242217666e-03
-3.351956308702827e-03
-3.669402036952588e-03
-2.641366354914203e-03
-2.415898462623110e-03
-3.669402036952588e-03
-3.965171823013426e-03
-2.850879879039085e-03
-2.641366354914203e-03
-3.965171823013426e-03
-4.236350405679322e-03
-3.042428571233554e-03
-2.850879879039085e-03
-4.236350405679322e-03
-4.480022037382174e-03
-3.214001618872511e-03
-3.042428571233554e-03
-4.480022037382174e-03
-4.693270536505164e-03
-3.363587901975320e-03
-3.214001618872511e-03
-4.693270536505164e-03
-4.873179307587221e-03
-3.489176010227454e-03
-3.363587901975320e-03
-4.873179307587221e-03
-5.016831334922785e-03
-3.588754240226079e-03
-3.489176010227454e-03
-5.016831334922785e-03
-5.121309151784705e-03
-3.660310574901506e-03
-3.588754240226079e-03
-5.121309151784705e-03
-5.183694784898101e-03
-3.701832644965602e-03
-3.660310574901506e-03
-5.183694784898101e-03
-5.201069671303418e-03
-3.711307670269304e-03
-3.701832644965602e-03
-5.201069671303418e-03
-5.170514541874349e-03
-3.686722376680664e-03
-3.711307670269304e-03
-5.170514541874349e-03
-5.089109262019192e-03
-3.626062881080890e-03
-3.686722376680664e-03
-5.089109262019192e-03
-4.953932614935957e-03
-3.527314532753913e-03
-3.626062881080890e-03
-4.953932614935957e-03
-4.762062005241745e-03
-3.388461692787273e-03
-3.527314532753913e-03
-4.762062005241745e-03
-4.510573048357688e-03
-3.207487421612629e-03
-3.388461692787273e-03
-4.510573048357688e-03
-4.196538987631434e-03
-2.982373022513012e-03
-3.207487421612629e-03
-4.196538987631434e-03
-3.817029836939917e-03
-2.711097344512261e-03
-2.982373022513012e-03
-3.817029836939917e-03
-3.369111078202696e-03
-2.391635667121733e-03
-2.711097344512261e-03
-3.369111078202696e-03
-2.849841675965159e-03
-2.021957854346303e-03
-2.391635667121733e-03
-2.849841675965159e-03
-2.256271110324773e-03
-1.600025155765834e-03
-2.021957854346303e-03
-2.256271110324773e-03
-1.585434603654335e-03
-1.123783903761753e-03
-1.600025155765834e-03
-1.585434603654335e-03
-8.343458325711518e-04
-5.911496541334019e-04
-1.123783903761753e-03
-8.343458325711518e-04
0.000000000000000e+00
0.000000000000000e+00
-5.911496541334019e-04
0.000000000000000e+00
-2.787892080391835e-04
-1.521366761346468e-04
0.000000000000000e+00
-2.787892080391835e-04
-5.596338619325835e-04
-3.047835039411520e-04
-1.521366761346468e-04
-5.596338619325835e-04
-8.405574148218959e-04
-4.569457540870444e-04
-3.047835039411520e-04
-8.405574148218959e-04
-1.119570482191193e-03
-6.075993920961168e-04
-4.569457540870444e-04
-1.119570482191193e-03
-1.394674464699232e-03
-7.557130451566571e-04
-6.075993920961168e-04
-1.394674464699232e-03
-1.663866038560540e-03
-9.002521273577688e-04
-7.557130451566571e-04
-1.663866038560540e-03
-1.925139186164381e-03
-1.040180402167832e-03
-9.002521273577688e-04
-1.925139186164381e-03
-2.176486242217666e-03
-1.174460677732193e-03
-1.040180402167832e-03
-2.176486242217666e-03
-2.415898462623110e-03
-1.302055158991103e-03
-1.174460677732193e-03
-2.415898462623110e-03
-2.641366354914203e-03
-1.421925642732765e-03
-1.302055158991103e-03
-2.641366354914203e-03
-2.850879879039085e-03
-1.533033632415241e-03
-1.421925642732765e-03
-2.850879879039085e-03
-3.042428571233554e-03
-1.634340407577152e-03
-1.533033632415241e-03
-3.042428571233554e-03
-3.214001618872511e-03
-1.724807065322785e-03
-1.634340407577152e-03
-3.214001618872511e-03
-3.363587901975320e-03
-1.803394543318511e-03
-1.724807065322785e-03
-3.363587901975320e-03
-3.489176010227454e-03
-1.869063629495078e-03
-1.803394543318511e-03
-3.489176010227454e-03
-3.588754240226079e-03
-1.920774961180574e-03
-1.869063629495078e-03
-3.588754240226079e-03
-3.660310574901506e-03
-1.957489014805389e-03
-1.920774961180574e-03
-3.660310574901506e-03
-3.701832644965602e-03
-1.978166086141829e-03
-1.957489014805389e-03
-3.701832644965602e-03
-3.711307670269304e-03
-1.981766259951036e-03
-1.978166086141829e-03
-3.711307670269304e-03
-3.686722376680664e-03
-1.967249366652944e-03
-1.981766259951036e-03
-3.686722376680664e-03
-3.626062881080890e-03
-1.933574921947281e-03
-1.967249366652944e-03
-3.626062881080890e-03
-3.527314532753913e-03
-1.879702042840161e-03
-1.933574921947281e-03
-3.527314532753913e-03
-3.388461692787273e-03
-1.804589329612175e-03
-1.879702042840161e-03
-3.388461692787273e-03
-3.207487421612629e-03
-1.707194696321600e-03
-1.804589329612175e-03
-3.207487421612629e-03
-2.982373022513012e-03
-1.586475118679306e-03
-1.707194696321600e-03
-2.982373022513012e-03
-2.711097344512261e-03
-1.441386239828653e-03
-1.586475118679306e-03
-2.711097344512261e-03
-2.391635667121733e-03
-1.270881718670886e-03
-1.441386239828653e-03
-2.391635667121733e-03
-2.021957854346303e-03
-1.073912093945883e-03
-1.270881718670886e-03
-2.021957854346303e-03
-1.600025155765834e-03
-8.494226435132211e-04
-1.073912093945883e-03
-1.600025155765834e-03
-1.123783903761753e-03
-5.963485133137957e-04
-8.494226435132211e-04
-1.123783903761753e-03
-5.911496541334019e-04
-3.136008763066518e-04
-5.963485133137957e-04
-5.911496541334019e-04
0.000000000000000e+00
0.000000000000000e+00
-3.136008763066518e-04
0.000000000000000e+00
-1.521366761346468e-04
0.000000000000000e+00
0.000000000000000e+00
-1.521366761346468e-04
-3.047835039411520e-04
0.000000000000000e+00
0.000000000000000e+00
-3.047835039411520e-04
-4.569457540870444e-04
0.000000000000000e+00
0.000000000000000e+00
-4.569457540870444e-04
-6.075993920961168e-04
0.000000000000000e+00
0.000000000000000e+00
-6.075993920961168e-04
-7.557130451566571e-04
0.000000000000000e+00
0.000000000000000e+00
-7.557130451566571e-04
-9.002521273577688e-04
0.000000000000000e+00
0.000000000000000e+00
-9.002521273577688e-04
-1.040180402167832e-03
0.000000000000000e+00
0.000000000000000e+00
-1.040180402167832e-03
-1.174460677732193e-03
0.000000000000000e+00
0.000000000000000e+00
-1.174460677732193e-03
-1.302055158991103e-03
0.000000000000000e+00
0.000000000000000e+00
-1.302055158991103e-03
-1.421925642732765e-03
0.000000000000000e+00
0.000000000000000e+00
-1.421925642732765e-03
-1.533033632415241e-03
0.000000000000000e+00
0.000000000000000e+00
-1.533033632415241e-03
-1.634340407577152e-03
0.000000000000000e+00
0.000000000000000e+00
-1.634340407577152e-03
-1.724807065322785e-03
0.000000000000000e+00
0.000000000000000e+00
-1.724807065322785e-03
-1.803394543318511e-03
0.000000000000000e+00
0.000000000000000e+00
-1.803394543318511e-03
-1.869063629495078e-03
0.000000000000000e+00
0.000000000000000e+00
-1.869063629495078e-03
-1.920774961180574e-03
0.000000000000000e+00
0.000000000000000e+00
-1.920774961180574e-03
-1.957489014805389e-03
0.000000000000000e+00
0.000000000000000e+00
-1.957489014805389e-03
-1.978166086141829e-03
0.000000000000000e+00
0.000000000000000e+00
-1.978166086141829e-03
-1.981766259951036e-03
0.000000000000000e+00
0.000000000000000e+00
-1.981766259951036e-03
-1.967249366652944e-03
0.000000000000000e+00
0.000000000000000e+00
-1.967249366652944e-03
-1.933574921947281e-03
0.000000000000000e+00
0.000000000000000e+00
-1.933574921947281e-03
-1.879702042840161e-03
0.000000000000000e+00
0.000000000000000e+00
-1.879702042840161e-03
-1.804589329612175e-03
0.000000000000000e+00
0.000000000000000e+00
-1.804589329612175e-03
-1.707194696321600e-03
0.000000000000000e+00
0.000000000000000e+00
-1.707194696321600e-03
-1.586475118679306e-03
0.000000000000000e+00
0.000000000000000e+00
-1.586475118679306e-03
-1.441386239828653e-03
0.000000000000000e+00
0.000000000000000e+00
-1.441386239828653e-03
-1.270881718670886e-03
0.000000000000000e+00
0.000000000000000e+00
-1.270881718670886e-03
-1.073912093945883e-03
0.000000000000000e+00
0.000000000000000e+00
-1.073912093945883e-03
-8.494226435132211e-04
0.000000000000000e+00
0.000000000000000e+00
-8.494226435132211e-04
-5.963485133137957e-04
0.000000000000000e+00
0.000000000000000e+00
-5.963485133137957e-04
-3.136008763066518e-04
0.000000000000000e+00
0.000000000000000e+00
-3.136008763066518e-04
0.000000000000000e+00
0.000000000000000e+00
0.000000000000000e+00
        </DataArray>
      </PointData>

    </Piece>
  </UnstructuredGrid>
</VTKFile>
