>>> round 2 (27b, seed 1) start 2026-08-16 11:02:33
[preflight] custody controls verified for 1 problem(s); keys sealed and unreadable by execution
[phase: development] results are for post-mortems and convergence checking, NOT for the paper's evaluation table.
[DL1 27b BARE s1] done  calls=104 tok=3744221/43973 1155.2s
2026-08-16 11:21:54,178 [oasis.registry] INFO: Loaded discovered config: 5 backends
2026-08-16 11:21:54,179 [oasis.registry] INFO: Registered backend: 4C Multiphysics (fourc)
2026-08-16 11:21:54,180 [oasis.registry] INFO: Registered backend: FEniCSx (dolfinx) (fenics)
2026-08-16 11:21:54,181 [oasis.registry] INFO: Registered backend: deal.II (dealii)
2026-08-16 11:21:54,184 [oasis.registry] INFO: Registered backend: FEBio (febio)
2026-08-16 11:21:54,187 [oasis.registry] INFO: Registered backend: NGSolve (ngsolve)
2026-08-16 11:21:54,187 [oasis.ngsolve] INFO: NGSolve backend registered
2026-08-16 11:21:54,189 [oasis.registry] INFO: Registered backend: scikit-fem (skfem)
2026-08-16 11:21:54,189 [oasis.skfem] INFO: scikit-fem backend registered
2026-08-16 11:21:54,193 [oasis.registry] INFO: Registered backend: Kratos Multiphysics (kratos)
2026-08-16 11:21:54,193 [oasis.kratos] INFO: Kratos Multiphysics backend registered
2026-08-16 11:21:54,195 [oasis.registry] INFO: Registered backend: DUNE-fem (dune)
2026-08-16 11:21:54,195 [oasis.dune] INFO: DUNE-fem backend registered
2026-08-16 11:21:54,200 [oasis.registry] INFO: Registered backend: SPARTA (DSMC) (sparta)
2026-08-16 11:21:54,200 [oasis.sparta] INFO: SPARTA (DSMC) backend registered
2026-08-16 11:21:54,200 [oasis] INFO: Starting OASiS MCP server
2026-08-16 11:21:54,209 [mcp.server.lowlevel.server] INFO: Processing request of type ListToolsRequest
2026-08-16 11:22:04,014 [oasis.registry] INFO: Loaded discovered config: 5 backends
2026-08-16 11:22:04,015 [oasis.registry] INFO: Registered backend: 4C Multiphysics (fourc)
2026-08-16 11:22:04,016 [oasis.registry] INFO: Registered backend: FEniCSx (dolfinx) (fenics)
2026-08-16 11:22:04,016 [oasis.registry] INFO: Registered backend: deal.II (dealii)
2026-08-16 11:22:04,020 [oasis.registry] INFO: Registered backend: FEBio (febio)
2026-08-16 11:22:04,022 [oasis.registry] INFO: Registered backend: NGSolve (ngsolve)
2026-08-16 11:22:04,022 [oasis.ngsolve] INFO: NGSolve backend registered
2026-08-16 11:22:04,025 [oasis.registry] INFO: Registered backend: scikit-fem (skfem)
2026-08-16 11:22:04,025 [oasis.skfem] INFO: scikit-fem backend registered
2026-08-16 11:22:04,029 [oasis.registry] INFO: Registered backend: Kratos Multiphysics (kratos)
2026-08-16 11:22:04,029 [oasis.kratos] INFO: Kratos Multiphysics backend registered
2026-08-16 11:22:04,031 [oasis.registry] INFO: Registered backend: DUNE-fem (dune)
2026-08-16 11:22:04,031 [oasis.dune] INFO: DUNE-fem backend registered
2026-08-16 11:22:04,036 [oasis.registry] INFO: Registered backend: SPARTA (DSMC) (sparta)
2026-08-16 11:22:04,036 [oasis.sparta] INFO: SPARTA (DSMC) backend registered
2026-08-16 11:22:04,036 [oasis] INFO: Starting OASiS MCP server
2026-08-16 11:22:04,044 [mcp.server.lowlevel.server] INFO: Processing request of type CallToolRequest
2026-08-16 11:22:07,330 [mcp.server.lowlevel.server] INFO: Processing request of type ListToolsRequest
2026-08-16 11:22:07,338 [oasis] INFO: Session journal saved: /home/alexander/Schreibtisch/ofa-v2/data/sessions/session_60d0c9d2-300f-4660-8cf0-1ea1e4205e85.json (1 events)
2026-08-16 11:22:13,679 [oasis.registry] INFO: Loaded discovered config: 5 backends
2026-08-16 11:22:13,681 [oasis.registry] INFO: Registered backend: 4C Multiphysics (fourc)
2026-08-16 11:22:13,681 [oasis.registry] INFO: Registered backend: FEniCSx (dolfinx) (fenics)
2026-08-16 11:22:13,682 [oasis.registry] INFO: Registered backend: deal.II (dealii)
2026-08-16 11:22:13,685 [oasis.registry] INFO: Registered backend: FEBio (febio)
2026-08-16 11:22:13,688 [oasis.registry] INFO: Registered backend: NGSolve (ngsolve)
2026-08-16 11:22:13,688 [oasis.ngsolve] INFO: NGSolve backend registered
2026-08-16 11:22:13,690 [oasis.registry] INFO: Registered backend: scikit-fem (skfem)
2026-08-16 11:22:13,690 [oasis.skfem] INFO: scikit-fem backend registered
2026-08-16 11:22:13,694 [oasis.registry] INFO: Registered backend: Kratos Multiphysics (kratos)
2026-08-16 11:22:13,694 [oasis.kratos] INFO: Kratos Multiphysics backend registered
2026-08-16 11:22:13,696 [oasis.registry] INFO: Registered backend: DUNE-fem (dune)
2026-08-16 11:22:13,696 [oasis.dune] INFO: DUNE-fem backend registered
2026-08-16 11:22:13,701 [oasis.registry] INFO: Registered backend: SPARTA (DSMC) (sparta)
2026-08-16 11:22:13,701 [oasis.sparta] INFO: SPARTA (DSMC) backend registered
2026-08-16 11:22:13,701 [oasis] INFO: Starting OASiS MCP server
2026-08-16 11:22:13,709 [mcp.server.lowlevel.server] INFO: Processing request of type CallToolRequest
2026-08-16 11:22:13,737 [mcp.server.lowlevel.server] INFO: Processing request of type ListToolsRequest
2026-08-16 11:22:13,744 [oasis] INFO: Session journal saved: /home/alexander/Schreibtisch/ofa-v2/data/sessions/session_f66912e6-9f2b-40cc-9505-5eadd18ad47f.json (1 events)
2026-08-16 11:22:17,043 [oasis.registry] INFO: Loaded discovered config: 5 backends
2026-08-16 11:22:17,044 [oasis.registry] INFO: Registered backend: 4C Multiphysics (fourc)
2026-08-16 11:22:17,045 [oasis.registry] INFO: Registered backend: FEniCSx (dolfinx) (fenics)
2026-08-16 11:22:17,045 [oasis.registry] INFO: Registered backend: deal.II (dealii)
2026-08-16 11:22:17,049 [oasis.registry] INFO: Registered backend: FEBio (febio)
2026-08-16 11:22:17,051 [oasis.registry] INFO: Registered backend: NGSolve (ngsolve)
2026-08-16 11:22:17,051 [oasis.ngsolve] INFO: NGSolve backend registered
2026-08-16 11:22:17,054 [oasis.registry] INFO: Registered backend: scikit-fem (skfem)
2026-08-16 11:22:17,054 [oasis.skfem] INFO: scikit-fem backend registered
2026-08-16 11:22:17,058 [oasis.registry] INFO: Registered backend: Kratos Multiphysics (kratos)
2026-08-16 11:22:17,058 [oasis.kratos] INFO: Kratos Multiphysics backend registered
2026-08-16 11:22:17,060 [oasis.registry] INFO: Registered backend: DUNE-fem (dune)
2026-08-16 11:22:17,060 [oasis.dune] INFO: DUNE-fem backend registered
2026-08-16 11:22:17,065 [oasis.registry] INFO: Registered backend: SPARTA (DSMC) (sparta)
2026-08-16 11:22:17,065 [oasis.sparta] INFO: SPARTA (DSMC) backend registered
2026-08-16 11:22:17,065 [oasis] INFO: Starting OASiS MCP server
2026-08-16 11:22:17,073 [mcp.server.lowlevel.server] INFO: Processing request of type CallToolRequest
2026-08-16 11:22:17,101 [mcp.server.lowlevel.server] INFO: Processing request of type ListToolsRequest
2026-08-16 11:22:17,106 [oasis] INFO: Session journal saved: /home/alexander/Schreibtisch/ofa-v2/data/sessions/session_f9780e06-54fd-440e-9654-fc1e6e489e93.json (1 events)
/home/alexander/Schreibtisch/ofa-v2/langgraph_eval/agent.py:215: RuntimeWarning: This package (`duckduckgo_search`) has been renamed to `ddgs`! Use `pip install ddgs` instead.
  with DDGS() as ddgs:
/home/alexander/Schreibtisch/ofa-v2/langgraph_eval/agent.py:215: RuntimeWarning: This package (`duckduckgo_search`) has been renamed to `ddgs`! Use `pip install ddgs` instead.
  with DDGS() as ddgs:
/home/alexander/Schreibtisch/ofa-v2/langgraph_eval/agent.py:215: RuntimeWarning: This package (`duckduckgo_search`) has been renamed to `ddgs`! Use `pip install ddgs` instead.
  with DDGS() as ddgs:
/home/alexander/Schreibtisch/ofa-v2/langgraph_eval/agent.py:215: RuntimeWarning: This package (`duckduckgo_search`) has been renamed to `ddgs`! Use `pip install ddgs` instead.
  with DDGS() as ddgs:
2026-08-16 11:22:32,597 [oasis.registry] INFO: Loaded discovered config: 5 backends
2026-08-16 11:22:32,598 [oasis.registry] INFO: Registered backend: 4C Multiphysics (fourc)
2026-08-16 11:22:32,599 [oasis.registry] INFO: Registered backend: FEniCSx (dolfinx) (fenics)
2026-08-16 11:22:32,599 [oasis.registry] INFO: Registered backend: deal.II (dealii)
2026-08-16 11:22:32,603 [oasis.registry] INFO: Registered backend: FEBio (febio)
2026-08-16 11:22:32,605 [oasis.registry] INFO: Registered backend: NGSolve (ngsolve)
2026-08-16 11:22:32,605 [oasis.ngsolve] INFO: NGSolve backend registered
2026-08-16 11:22:32,608 [oasis.registry] INFO: Registered backend: scikit-fem (skfem)
2026-08-16 11:22:32,608 [oasis.skfem] INFO: scikit-fem backend registered
2026-08-16 11:22:32,612 [oasis.registry] INFO: Registered backend: Kratos Multiphysics (kratos)
2026-08-16 11:22:32,612 [oasis.kratos] INFO: Kratos Multiphysics backend registered
2026-08-16 11:22:32,614 [oasis.registry] INFO: Registered backend: DUNE-fem (dune)
2026-08-16 11:22:32,614 [oasis.dune] INFO: DUNE-fem backend registered
2026-08-16 11:22:32,619 [oasis.registry] INFO: Registered backend: SPARTA (DSMC) (sparta)
2026-08-16 11:22:32,619 [oasis.sparta] INFO: SPARTA (DSMC) backend registered
2026-08-16 11:22:32,619 [oasis] INFO: Starting OASiS MCP server
2026-08-16 11:22:32,627 [mcp.server.lowlevel.server] INFO: Processing request of type CallToolRequest
/home/alexander/Schreibtisch/ofa-v2/langgraph_eval/agent.py:215: RuntimeWarning: This package (`duckduckgo_search`) has been renamed to `ddgs`! Use `pip install ddgs` instead.
  with DDGS() as ddgs:
2026-08-16 11:22:32,655 [mcp.server.lowlevel.server] INFO: Processing request of type ListToolsRequest
2026-08-16 11:22:32,662 [oasis] INFO: Session journal saved: /home/alexander/Schreibtisch/ofa-v2/data/sessions/session_9870c2db-3a46-4e8d-9e09-81fcee71132d.json (1 events)
/home/alexander/Schreibtisch/ofa-v2/langgraph_eval/agent.py:215: RuntimeWarning: This package (`duckduckgo_search`) has been renamed to `ddgs`! Use `pip install ddgs` instead.
  with DDGS() as ddgs:
/home/alexander/Schreibtisch/ofa-v2/langgraph_eval/agent.py:215: RuntimeWarning: This package (`duckduckgo_search`) has been renamed to `ddgs`! Use `pip install ddgs` instead.
  with DDGS() as ddgs:
/home/alexander/Schreibtisch/ofa-v2/langgraph_eval/agent.py:215: RuntimeWarning: This package (`duckduckgo_search`) has been renamed to `ddgs`! Use `pip install ddgs` instead.
  with DDGS() as ddgs:
/home/alexander/Schreibtisch/ofa-v2/langgraph_eval/agent.py:215: RuntimeWarning: This package (`duckduckgo_search`) has been renamed to `ddgs`! Use `pip install ddgs` instead.
  with DDGS() as ddgs:
/home/alexander/Schreibtisch/ofa-v2/langgraph_eval/agent.py:215: RuntimeWarning: This package (`duckduckgo_search`) has been renamed to `ddgs`! Use `pip install ddgs` instead.
  with DDGS() as ddgs:
2026-08-16 11:22:37,117 [oasis.registry] INFO: Loaded discovered config: 5 backends
2026-08-16 11:22:37,118 [oasis.registry] INFO: Registered backend: 4C Multiphysics (fourc)
2026-08-16 11:22:37,118 [oasis.registry] INFO: Registered backend: FEniCSx (dolfinx) (fenics)
2026-08-16 11:22:37,119 [oasis.registry] INFO: Registered backend: deal.II (dealii)
2026-08-16 11:22:37,124 [oasis.registry] INFO: Registered backend: FEBio (febio)
2026-08-16 11:22:37,127 [oasis.registry] INFO: Registered backend: NGSolve (ngsolve)
2026-08-16 11:22:37,127 [oasis.ngsolve] INFO: NGSolve backend registered
2026-08-16 11:22:37,130 [oasis.registry] INFO: Registered backend: scikit-fem (skfem)
2026-08-16 11:22:37,130 [oasis.skfem] INFO: scikit-fem backend registered
2026-08-16 11:22:37,134 [oasis.registry] INFO: Registered backend: Kratos Multiphysics (kratos)
2026-08-16 11:22:37,134 [oasis.kratos] INFO: Kratos Multiphysics backend registered
2026-08-16 11:22:37,136 [oasis.registry] INFO: Registered backend: DUNE-fem (dune)
2026-08-16 11:22:37,136 [oasis.dune] INFO: DUNE-fem backend registered
2026-08-16 11:22:37,141 [oasis.registry] INFO: Registered backend: SPARTA (DSMC) (sparta)
2026-08-16 11:22:37,141 [oasis.sparta] INFO: SPARTA (DSMC) backend registered
2026-08-16 11:22:37,141 [oasis] INFO: Starting OASiS MCP server
2026-08-16 11:22:37,149 [mcp.server.lowlevel.server] INFO: Processing request of type CallToolRequest
2026-08-16 11:22:37,177 [mcp.server.lowlevel.server] INFO: Processing request of type ListToolsRequest
2026-08-16 11:22:37,182 [oasis] INFO: Session journal saved: /home/alexander/Schreibtisch/ofa-v2/data/sessions/session_86ee1484-2782-4e45-8b12-1dd7854842ba.json (1 events)
/home/alexander/Schreibtisch/ofa-v2/langgraph_eval/agent.py:215: RuntimeWarning: This package (`duckduckgo_search`) has been renamed to `ddgs`! Use `pip install ddgs` instead.
  with DDGS() as ddgs:
/home/alexander/Schreibtisch/ofa-v2/langgraph_eval/agent.py:215: RuntimeWarning: This package (`duckduckgo_search`) has been renamed to `ddgs`! Use `pip install ddgs` instead.
  with DDGS() as ddgs:
/home/alexander/Schreibtisch/ofa-v2/langgraph_eval/agent.py:215: RuntimeWarning: This package (`duckduckgo_search`) has been renamed to `ddgs`! Use `pip install ddgs` instead.
  with DDGS() as ddgs:
2026-08-16 11:22:41,282 [oasis.registry] INFO: Loaded discovered config: 5 backends
2026-08-16 11:22:41,283 [oasis.registry] INFO: Registered backend: 4C Multiphysics (fourc)
2026-08-16 11:22:41,284 [oasis.registry] INFO: Registered backend: FEniCSx (dolfinx) (fenics)
2026-08-16 11:22:41,284 [oasis.registry] INFO: Registered backend: deal.II (dealii)
2026-08-16 11:22:41,288 [oasis.registry] INFO: Registered backend: FEBio (febio)
2026-08-16 11:22:41,290 [oasis.registry] INFO: Registered backend: NGSolve (ngsolve)
2026-08-16 11:22:41,290 [oasis.ngsolve] INFO: NGSolve backend registered
2026-08-16 11:22:41,293 [oasis.registry] INFO: Registered backend: scikit-fem (skfem)
2026-08-16 11:22:41,293 [oasis.skfem] INFO: scikit-fem backend registered
2026-08-16 11:22:41,296 [oasis.registry] INFO: Registered backend: Kratos Multiphysics (kratos)
2026-08-16 11:22:41,297 [oasis.kratos] INFO: Kratos Multiphysics backend registered
2026-08-16 11:22:41,299 [oasis.registry] INFO: Registered backend: DUNE-fem (dune)
2026-08-16 11:22:41,299 [oasis.dune] INFO: DUNE-fem backend registered
2026-08-16 11:22:41,304 [oasis.registry] INFO: Registered backend: SPARTA (DSMC) (sparta)
2026-08-16 11:22:41,304 [oasis.sparta] INFO: SPARTA (DSMC) backend registered
2026-08-16 11:22:41,304 [oasis] INFO: Starting OASiS MCP server
2026-08-16 11:22:41,312 [mcp.server.lowlevel.server] INFO: Processing request of type CallToolRequest
2026-08-16 11:22:41,340 [mcp.server.lowlevel.server] INFO: Processing request of type ListToolsRequest
2026-08-16 11:22:41,345 [oasis] INFO: Session journal saved: /home/alexander/Schreibtisch/ofa-v2/data/sessions/session_e73de409-d8b6-4c38-8113-92de3d74cccc.json (1 events)
/home/alexander/Schreibtisch/ofa-v2/langgraph_eval/agent.py:215: RuntimeWarning: This package (`duckduckgo_search`) has been renamed to `ddgs`! Use `pip install ddgs` instead.
  with DDGS() as ddgs:
/home/alexander/Schreibtisch/ofa-v2/langgraph_eval/agent.py:215: RuntimeWarning: This package (`duckduckgo_search`) has been renamed to `ddgs`! Use `pip install ddgs` instead.
  with DDGS() as ddgs:
2026-08-16 11:22:45,919 [oasis.registry] INFO: Loaded discovered config: 5 backends
2026-08-16 11:22:45,920 [oasis.registry] INFO: Registered backend: 4C Multiphysics (fourc)
2026-08-16 11:22:45,921 [oasis.registry] INFO: Registered backend: FEniCSx (dolfinx) (fenics)
2026-08-16 11:22:45,921 [oasis.registry] INFO: Registered backend: deal.II (dealii)
2026-08-16 11:22:45,925 [oasis.registry] INFO: Registered backend: FEBio (febio)
2026-08-16 11:22:45,928 [oasis.registry] INFO: Registered backend: NGSolve (ngsolve)
2026-08-16 11:22:45,928 [oasis.ngsolve] INFO: NGSolve backend registered
2026-08-16 11:22:45,930 [oasis.registry] INFO: Registered backend: scikit-fem (skfem)
2026-08-16 11:22:45,930 [oasis.skfem] INFO: scikit-fem backend registered
2026-08-16 11:22:45,934 [oasis.registry] INFO: Registered backend: Kratos Multiphysics (kratos)
2026-08-16 11:22:45,934 [oasis.kratos] INFO: Kratos Multiphysics backend registered
2026-08-16 11:22:45,936 [oasis.registry] INFO: Registered backend: DUNE-fem (dune)
2026-08-16 11:22:45,936 [oasis.dune] INFO: DUNE-fem backend registered
2026-08-16 11:22:45,942 [oasis.registry] INFO: Registered backend: SPARTA (DSMC) (sparta)
2026-08-16 11:22:45,942 [oasis.sparta] INFO: SPARTA (DSMC) backend registered
2026-08-16 11:22:45,942 [oasis] INFO: Starting OASiS MCP server
2026-08-16 11:22:45,950 [mcp.server.lowlevel.server] INFO: Processing request of type CallToolRequest
2026-08-16 11:22:45,978 [mcp.server.lowlevel.server] INFO: Processing request of type ListToolsRequest
2026-08-16 11:22:45,985 [oasis] INFO: Session journal saved: /home/alexander/Schreibtisch/ofa-v2/data/sessions/session_0030d1b2-cf3f-4e9d-af5f-119133093794.json (1 events)
/home/alexander/Schreibtisch/ofa-v2/langgraph_eval/agent.py:215: RuntimeWarning: This package (`duckduckgo_search`) has been renamed to `ddgs`! Use `pip install ddgs` instead.
  with DDGS() as ddgs:
/home/alexander/Schreibtisch/ofa-v2/langgraph_eval/agent.py:215: RuntimeWarning: This package (`duckduckgo_search`) has been renamed to `ddgs`! Use `pip install ddgs` instead.
  with DDGS() as ddgs:
/home/alexander/Schreibtisch/ofa-v2/langgraph_eval/agent.py:215: RuntimeWarning: This package (`duckduckgo_search`) has been renamed to `ddgs`! Use `pip install ddgs` instead.
  with DDGS() as ddgs:
/home/alexander/Schreibtisch/ofa-v2/langgraph_eval/agent.py:215: RuntimeWarning: This package (`duckduckgo_search`) has been renamed to `ddgs`! Use `pip install ddgs` instead.
  with DDGS() as ddgs:
/home/alexander/Schreibtisch/ofa-v2/langgraph_eval/agent.py:215: RuntimeWarning: This package (`duckduckgo_search`) has been renamed to `ddgs`! Use `pip install ddgs` instead.
  with DDGS() as ddgs:
/home/alexander/Schreibtisch/ofa-v2/langgraph_eval/agent.py:215: RuntimeWarning: This package (`duckduckgo_search`) has been renamed to `ddgs`! Use `pip install ddgs` instead.
  with DDGS() as ddgs:
/home/alexander/Schreibtisch/ofa-v2/langgraph_eval/agent.py:215: RuntimeWarning: This package (`duckduckgo_search`) has been renamed to `ddgs`! Use `pip install ddgs` instead.
  with DDGS() as ddgs:
/home/alexander/Schreibtisch/ofa-v2/langgraph_eval/agent.py:290: LangGraphDeprecatedSinceV10: create_react_agent has been moved to `langchain.agents`. Please update your import to `from langchain.agents import create_agent`. Deprecated in LangGraph V1.0 to be removed in V2.0.
  sub_agent = create_react_agent(
/home/alexander/Schreibtisch/ofa-v2/langgraph_eval/agent.py:215: RuntimeWarning: This package (`duckduckgo_search`) has been renamed to `ddgs`! Use `pip install ddgs` instead.
  with DDGS() as ddgs:
/home/alexander/Schreibtisch/ofa-v2/langgraph_eval/agent.py:215: RuntimeWarning: This package (`duckduckgo_search`) has been renamed to `ddgs`! Use `pip install ddgs` instead.
  with DDGS() as ddgs:
/home/alexander/Schreibtisch/ofa-v2/langgraph_eval/agent.py:215: RuntimeWarning: This package (`duckduckgo_search`) has been renamed to `ddgs`! Use `pip install ddgs` instead.
  with DDGS() as ddgs:
2026-08-16 11:24:55,864 [oasis.registry] INFO: Loaded discovered config: 5 backends
2026-08-16 11:24:55,865 [oasis.registry] INFO: Registered backend: 4C Multiphysics (fourc)
2026-08-16 11:24:55,865 [oasis.registry] INFO: Registered backend: FEniCSx (dolfinx) (fenics)
2026-08-16 11:24:55,866 [oasis.registry] INFO: Registered backend: deal.II (dealii)
2026-08-16 11:24:55,869 [oasis.registry] INFO: Registered backend: FEBio (febio)
2026-08-16 11:24:55,872 [oasis.registry] INFO: Registered backend: NGSolve (ngsolve)
2026-08-16 11:24:55,872 [oasis.ngsolve] INFO: NGSolve backend registered
2026-08-16 11:24:55,874 [oasis.registry] INFO: Registered backend: scikit-fem (skfem)
2026-08-16 11:24:55,875 [oasis.skfem] INFO: scikit-fem backend registered
2026-08-16 11:24:55,878 [oasis.registry] INFO: Registered backend: Kratos Multiphysics (kratos)
2026-08-16 11:24:55,878 [oasis.kratos] INFO: Kratos Multiphysics backend registered
2026-08-16 11:24:55,881 [oasis.registry] INFO: Registered backend: DUNE-fem (dune)
2026-08-16 11:24:55,881 [oasis.dune] INFO: DUNE-fem backend registered
2026-08-16 11:24:55,886 [oasis.registry] INFO: Registered backend: SPARTA (DSMC) (sparta)
2026-08-16 11:24:55,886 [oasis.sparta] INFO: SPARTA (DSMC) backend registered
2026-08-16 11:24:55,886 [oasis] INFO: Starting OASiS MCP server
2026-08-16 11:24:55,893 [mcp.server.lowlevel.server] INFO: Processing request of type CallToolRequest
2026-08-16 11:24:55,922 [mcp.server.lowlevel.server] INFO: Processing request of type ListToolsRequest
2026-08-16 11:24:55,927 [oasis] INFO: Session journal saved: /home/alexander/Schreibtisch/ofa-v2/data/sessions/session_fb411528-ab29-41e8-af4a-cb192aa8976e.json (1 events)
/home/alexander/Schreibtisch/ofa-v2/langgraph_eval/agent.py:215: RuntimeWarning: This package (`duckduckgo_search`) has been renamed to `ddgs`! Use `pip install ddgs` instead.
  with DDGS() as ddgs:
2026-08-16 11:24:59,054 [oasis.registry] INFO: Loaded discovered config: 5 backends
2026-08-16 11:24:59,055 [oasis.registry] INFO: Registered backend: 4C Multiphysics (fourc)
2026-08-16 11:24:59,056 [oasis.registry] INFO: Registered backend: FEniCSx (dolfinx) (fenics)
2026-08-16 11:24:59,056 [oasis.registry] INFO: Registered backend: deal.II (dealii)
2026-08-16 11:24:59,060 [oasis.registry] INFO: Registered backend: FEBio (febio)
2026-08-16 11:24:59,062 [oasis.registry] INFO: Registered backend: NGSolve (ngsolve)
2026-08-16 11:24:59,062 [oasis.ngsolve] INFO: NGSolve backend registered
2026-08-16 11:24:59,065 [oasis.registry] INFO: Registered backend: scikit-fem (skfem)
2026-08-16 11:24:59,065 [oasis.skfem] INFO: scikit-fem backend registered
2026-08-16 11:24:59,068 [oasis.registry] INFO: Registered backend: Kratos Multiphysics (kratos)
2026-08-16 11:24:59,068 [oasis.kratos] INFO: Kratos Multiphysics backend registered
2026-08-16 11:24:59,071 [oasis.registry] INFO: Registered backend: DUNE-fem (dune)
2026-08-16 11:24:59,071 [oasis.dune] INFO: DUNE-fem backend registered
2026-08-16 11:24:59,076 [oasis.registry] INFO: Registered backend: SPARTA (DSMC) (sparta)
2026-08-16 11:24:59,076 [oasis.sparta] INFO: SPARTA (DSMC) backend registered
2026-08-16 11:24:59,076 [oasis] INFO: Starting OASiS MCP server
2026-08-16 11:24:59,084 [mcp.server.lowlevel.server] INFO: Processing request of type CallToolRequest
2026-08-16 11:24:59,112 [mcp.server.lowlevel.server] INFO: Processing request of type ListToolsRequest
2026-08-16 11:24:59,118 [oasis] INFO: Session journal saved: /home/alexander/Schreibtisch/ofa-v2/data/sessions/session_2621e50b-966d-4cfc-b57c-7c8faaa51460.json (1 events)
/home/alexander/Schreibtisch/ofa-v2/langgraph_eval/agent.py:215: RuntimeWarning: This package (`duckduckgo_search`) has been renamed to `ddgs`! Use `pip install ddgs` instead.
  with DDGS() as ddgs:
/home/alexander/Schreibtisch/ofa-v2/langgraph_eval/agent.py:215: RuntimeWarning: This package (`duckduckgo_search`) has been renamed to `ddgs`! Use `pip install ddgs` instead.
  with DDGS() as ddgs:
/home/alexander/Schreibtisch/ofa-v2/langgraph_eval/agent.py:215: RuntimeWarning: This package (`duckduckgo_search`) has been renamed to `ddgs`! Use `pip install ddgs` instead.
  with DDGS() as ddgs:
/home/alexander/Schreibtisch/ofa-v2/langgraph_eval/agent.py:215: RuntimeWarning: This package (`duckduckgo_search`) has been renamed to `ddgs`! Use `pip install ddgs` instead.
  with DDGS() as ddgs:
/home/alexander/Schreibtisch/ofa-v2/langgraph_eval/agent.py:215: RuntimeWarning: This package (`duckduckgo_search`) has been renamed to `ddgs`! Use `pip install ddgs` instead.
  with DDGS() as ddgs:
/home/alexander/Schreibtisch/ofa-v2/langgraph_eval/agent.py:215: RuntimeWarning: This package (`duckduckgo_search`) has been renamed to `ddgs`! Use `pip install ddgs` instead.
  with DDGS() as ddgs:
/home/alexander/Schreibtisch/ofa-v2/langgraph_eval/agent.py:215: RuntimeWarning: This package (`duckduckgo_search`) has been renamed to `ddgs`! Use `pip install ddgs` instead.
  with DDGS() as ddgs:
2026-08-16 11:25:10,750 [oasis.registry] INFO: Loaded discovered config: 5 backends
2026-08-16 11:25:10,751 [oasis.registry] INFO: Registered backend: 4C Multiphysics (fourc)
2026-08-16 11:25:10,751 [oasis.registry] INFO: Registered backend: FEniCSx (dolfinx) (fenics)
2026-08-16 11:25:10,752 [oasis.registry] INFO: Registered backend: deal.II (dealii)
2026-08-16 11:25:10,755 [oasis.registry] INFO: Registered backend: FEBio (febio)
2026-08-16 11:25:10,758 [oasis.registry] INFO: Registered backend: NGSolve (ngsolve)
2026-08-16 11:25:10,758 [oasis.ngsolve] INFO: NGSolve backend registered
2026-08-16 11:25:10,760 [oasis.registry] INFO: Registered backend: scikit-fem (skfem)
2026-08-16 11:25:10,760 [oasis.skfem] INFO: scikit-fem backend registered
2026-08-16 11:25:10,764 [oasis.registry] INFO: Registered backend: Kratos Multiphysics (kratos)
2026-08-16 11:25:10,764 [oasis.kratos] INFO: Kratos Multiphysics backend registered
2026-08-16 11:25:10,767 [oasis.registry] INFO: Registered backend: DUNE-fem (dune)
2026-08-16 11:25:10,767 [oasis.dune] INFO: DUNE-fem backend registered
2026-08-16 11:25:10,772 [oasis.registry] INFO: Registered backend: SPARTA (DSMC) (sparta)
2026-08-16 11:25:10,772 [oasis.sparta] INFO: SPARTA (DSMC) backend registered
2026-08-16 11:25:10,772 [oasis] INFO: Starting OASiS MCP server
2026-08-16 11:25:10,780 [mcp.server.lowlevel.server] INFO: Processing request of type CallToolRequest
2026-08-16 11:25:10,793 [mcp.server.lowlevel.server] INFO: Processing request of type ListToolsRequest
2026-08-16 11:25:14,252 [oasis.registry] INFO: Loaded discovered config: 5 backends
2026-08-16 11:25:14,253 [oasis.registry] INFO: Registered backend: 4C Multiphysics (fourc)
2026-08-16 11:25:14,254 [oasis.registry] INFO: Registered backend: FEniCSx (dolfinx) (fenics)
2026-08-16 11:25:14,254 [oasis.registry] INFO: Registered backend: deal.II (dealii)
2026-08-16 11:25:14,258 [oasis.registry] INFO: Registered backend: FEBio (febio)
2026-08-16 11:25:14,260 [oasis.registry] INFO: Registered backend: NGSolve (ngsolve)
2026-08-16 11:25:14,260 [oasis.ngsolve] INFO: NGSolve backend registered
2026-08-16 11:25:14,263 [oasis.registry] INFO: Registered backend: scikit-fem (skfem)
2026-08-16 11:25:14,263 [oasis.skfem] INFO: scikit-fem backend registered
2026-08-16 11:25:14,267 [oasis.registry] INFO: Registered backend: Kratos Multiphysics (kratos)
2026-08-16 11:25:14,267 [oasis.kratos] INFO: Kratos Multiphysics backend registered
2026-08-16 11:25:14,269 [oasis.registry] INFO: Registered backend: DUNE-fem (dune)
2026-08-16 11:25:14,269 [oasis.dune] INFO: DUNE-fem backend registered
2026-08-16 11:25:14,274 [oasis.registry] INFO: Registered backend: SPARTA (DSMC) (sparta)
2026-08-16 11:25:14,274 [oasis.sparta] INFO: SPARTA (DSMC) backend registered
2026-08-16 11:25:14,274 [oasis] INFO: Starting OASiS MCP server
2026-08-16 11:25:14,282 [mcp.server.lowlevel.server] INFO: Processing request of type CallToolRequest
2026-08-16 11:25:14,285 [mcp.server.lowlevel.server] INFO: Processing request of type ListToolsRequest
/home/alexander/Schreibtisch/ofa-v2/langgraph_eval/agent.py:215: RuntimeWarning: This package (`duckduckgo_search`) has been renamed to `ddgs`! Use `pip install ddgs` instead.
  with DDGS() as ddgs:
/home/alexander/Schreibtisch/ofa-v2/langgraph_eval/agent.py:215: RuntimeWarning: This package (`duckduckgo_search`) has been renamed to `ddgs`! Use `pip install ddgs` instead.
  with DDGS() as ddgs:
/home/alexander/Schreibtisch/ofa-v2/langgraph_eval/agent.py:215: RuntimeWarning: This package (`duckduckgo_search`) has been renamed to `ddgs`! Use `pip install ddgs` instead.
  with DDGS() as ddgs:
/home/alexander/Schreibtisch/ofa-v2/langgraph_eval/agent.py:215: RuntimeWarning: This package (`duckduckgo_search`) has been renamed to `ddgs`! Use `pip install ddgs` instead.
  with DDGS() as ddgs:
/home/alexander/Schreibtisch/ofa-v2/langgraph_eval/agent.py:215: RuntimeWarning: This package (`duckduckgo_search`) has been renamed to `ddgs`! Use `pip install ddgs` instead.
  with DDGS() as ddgs:
/home/alexander/Schreibtisch/ofa-v2/langgraph_eval/agent.py:215: RuntimeWarning: This package (`duckduckgo_search`) has been renamed to `ddgs`! Use `pip install ddgs` instead.
  with DDGS() as ddgs:
/home/alexander/Schreibtisch/ofa-v2/langgraph_eval/agent.py:215: RuntimeWarning: This package (`duckduckgo_search`) has been renamed to `ddgs`! Use `pip install ddgs` instead.
  with DDGS() as ddgs:
/home/alexander/Schreibtisch/ofa-v2/langgraph_eval/agent.py:215: RuntimeWarning: This package (`duckduckgo_search`) has been renamed to `ddgs`! Use `pip install ddgs` instead.
  with DDGS() as ddgs:
[preflight] custody controls verified for 1 problem(s); keys sealed and unreadable by execution
[phase: development] results are for post-mortems and convergence checking, NOT for the paper's evaluation table.
[FE1 27b BARE s1] done  calls=87 tok=3554061/58240 1477.8s
2026-08-16 11:27:16,684 [oasis.registry] INFO: Loaded discovered config: 5 backends
2026-08-16 11:27:16,685 [oasis.registry] INFO: Registered backend: 4C Multiphysics (fourc)
2026-08-16 11:27:16,686 [oasis.registry] INFO: Registered backend: FEniCSx (dolfinx) (fenics)
2026-08-16 11:27:16,686 [oasis.registry] INFO: Registered backend: deal.II (dealii)
2026-08-16 11:27:16,690 [oasis.registry] INFO: Registered backend: FEBio (febio)
2026-08-16 11:27:16,692 [oasis.registry] INFO: Registered backend: NGSolve (ngsolve)
2026-08-16 11:27:16,692 [oasis.ngsolve] INFO: NGSolve backend registered
2026-08-16 11:27:16,695 [oasis.registry] INFO: Registered backend: scikit-fem (skfem)
2026-08-16 11:27:16,695 [oasis.skfem] INFO: scikit-fem backend registered
2026-08-16 11:27:16,699 [oasis.registry] INFO: Registered backend: Kratos Multiphysics (kratos)
2026-08-16 11:27:16,699 [oasis.kratos] INFO: Kratos Multiphysics backend registered
2026-08-16 11:27:16,701 [oasis.registry] INFO: Registered backend: DUNE-fem (dune)
2026-08-16 11:27:16,701 [oasis.dune] INFO: DUNE-fem backend registered
2026-08-16 11:27:16,706 [oasis.registry] INFO: Registered backend: SPARTA (DSMC) (sparta)
2026-08-16 11:27:16,706 [oasis.sparta] INFO: SPARTA (DSMC) backend registered
2026-08-16 11:27:16,706 [oasis] INFO: Starting OASiS MCP server
2026-08-16 11:27:16,714 [mcp.server.lowlevel.server] INFO: Processing request of type ListToolsRequest
2026-08-16 11:27:23,801 [oasis.registry] INFO: Loaded discovered config: 5 backends
2026-08-16 11:27:23,802 [oasis.registry] INFO: Registered backend: 4C Multiphysics (fourc)
2026-08-16 11:27:23,803 [oasis.registry] INFO: Registered backend: FEniCSx (dolfinx) (fenics)
2026-08-16 11:27:23,803 [oasis.registry] INFO: Registered backend: deal.II (dealii)
2026-08-16 11:27:23,807 [oasis.registry] INFO: Registered backend: FEBio (febio)
2026-08-16 11:27:23,809 [oasis.registry] INFO: Registered backend: NGSolve (ngsolve)
2026-08-16 11:27:23,809 [oasis.ngsolve] INFO: NGSolve backend registered
2026-08-16 11:27:23,809 [oasis.registry] INFO: Loaded discovered config: 5 backends
2026-08-16 11:27:23,810 [oasis.registry] INFO: Registered backend: 4C Multiphysics (fourc)
2026-08-16 11:27:23,811 [oasis.registry] INFO: Registered backend: FEniCSx (dolfinx) (fenics)
2026-08-16 11:27:23,811 [oasis.registry] INFO: Registered backend: deal.II (dealii)
2026-08-16 11:27:23,812 [oasis.registry] INFO: Registered backend: scikit-fem (skfem)
2026-08-16 11:27:23,812 [oasis.skfem] INFO: scikit-fem backend registered
2026-08-16 11:27:23,815 [oasis.registry] INFO: Registered backend: FEBio (febio)
2026-08-16 11:27:23,816 [oasis.registry] INFO: Registered backend: Kratos Multiphysics (kratos)
2026-08-16 11:27:23,816 [oasis.kratos] INFO: Kratos Multiphysics backend registered
2026-08-16 11:27:23,817 [oasis.registry] INFO: Registered backend: NGSolve (ngsolve)
2026-08-16 11:27:23,818 [oasis.ngsolve] INFO: NGSolve backend registered
2026-08-16 11:27:23,818 [oasis.registry] INFO: Registered backend: DUNE-fem (dune)
2026-08-16 11:27:23,818 [oasis.dune] INFO: DUNE-fem backend registered
2026-08-16 11:27:23,820 [oasis.registry] INFO: Registered backend: scikit-fem (skfem)
2026-08-16 11:27:23,820 [oasis.skfem] INFO: scikit-fem backend registered
2026-08-16 11:27:23,823 [oasis.registry] INFO: Registered backend: SPARTA (DSMC) (sparta)
2026-08-16 11:27:23,823 [oasis.sparta] INFO: SPARTA (DSMC) backend registered
2026-08-16 11:27:23,823 [oasis] INFO: Starting OASiS MCP server
2026-08-16 11:27:23,824 [oasis.registry] INFO: Registered backend: Kratos Multiphysics (kratos)
2026-08-16 11:27:23,824 [oasis.kratos] INFO: Kratos Multiphysics backend registered
2026-08-16 11:27:23,826 [oasis.registry] INFO: Registered backend: DUNE-fem (dune)
2026-08-16 11:27:23,826 [oasis.dune] INFO: DUNE-fem backend registered
2026-08-16 11:27:23,831 [mcp.server.lowlevel.server] INFO: Processing request of type CallToolRequest
2026-08-16 11:27:23,831 [oasis.registry] INFO: Registered backend: SPARTA (DSMC) (sparta)
2026-08-16 11:27:23,831 [oasis.sparta] INFO: SPARTA (DSMC) backend registered
2026-08-16 11:27:23,831 [oasis] INFO: Starting OASiS MCP server
2026-08-16 11:27:23,840 [mcp.server.lowlevel.server] INFO: Processing request of type CallToolRequest
2026-08-16 11:27:27,099 [mcp.server.lowlevel.server] INFO: Processing request of type ListToolsRequest
2026-08-16 11:27:28,040 [mcp.server.lowlevel.server] INFO: Processing request of type ListToolsRequest
2026-08-16 11:27:28,047 [oasis] INFO: Session journal saved: /home/alexander/Schreibtisch/ofa-v2/data/sessions/session_6c80b890-4a06-477c-aaad-6de18657738e.json (1 events)
2026-08-16 11:27:33,563 [oasis.registry] INFO: Loaded discovered config: 5 backends
2026-08-16 11:27:33,564 [oasis.registry] INFO: Registered backend: 4C Multiphysics (fourc)
2026-08-16 11:27:33,565 [oasis.registry] INFO: Registered backend: FEniCSx (dolfinx) (fenics)
2026-08-16 11:27:33,565 [oasis.registry] INFO: Registered backend: deal.II (dealii)
2026-08-16 11:27:33,569 [oasis.registry] INFO: Registered backend: FEBio (febio)
2026-08-16 11:27:33,572 [oasis.registry] INFO: Registered backend: NGSolve (ngsolve)
2026-08-16 11:27:33,572 [oasis.ngsolve] INFO: NGSolve backend registered
2026-08-16 11:27:33,574 [oasis.registry] INFO: Registered backend: scikit-fem (skfem)
2026-08-16 11:27:33,574 [oasis.skfem] INFO: scikit-fem backend registered
2026-08-16 11:27:33,578 [oasis.registry] INFO: Registered backend: Kratos Multiphysics (kratos)
2026-08-16 11:27:33,578 [oasis.kratos] INFO: Kratos Multiphysics backend registered
2026-08-16 11:27:33,580 [oasis.registry] INFO: Registered backend: DUNE-fem (dune)
2026-08-16 11:27:33,580 [oasis.dune] INFO: DUNE-fem backend registered
2026-08-16 11:27:33,585 [oasis.registry] INFO: Registered backend: SPARTA (DSMC) (sparta)
2026-08-16 11:27:33,585 [oasis.sparta] INFO: SPARTA (DSMC) backend registered
2026-08-16 11:27:33,585 [oasis] INFO: Starting OASiS MCP server
2026-08-16 11:27:33,593 [mcp.server.lowlevel.server] INFO: Processing request of type CallToolRequest
2026-08-16 11:27:34,028 [mcp.server.lowlevel.server] INFO: Processing request of type ListToolsRequest
2026-08-16 11:27:34,036 [oasis] INFO: Session journal saved: /home/alexander/Schreibtisch/ofa-v2/data/sessions/session_ec7bde72-be70-4a7c-8678-744b3f264ec0.json (1 events)
2026-08-16 11:27:36,418 [oasis.registry] INFO: Loaded discovered config: 5 backends
2026-08-16 11:27:36,419 [oasis.registry] INFO: Registered backend: 4C Multiphysics (fourc)
2026-08-16 11:27:36,420 [oasis.registry] INFO: Registered backend: FEniCSx (dolfinx) (fenics)
2026-08-16 11:27:36,420 [oasis.registry] INFO: Registered backend: deal.II (dealii)
2026-08-16 11:27:36,424 [oasis.registry] INFO: Registered backend: FEBio (febio)
2026-08-16 11:27:36,426 [oasis.registry] INFO: Registered backend: NGSolve (ngsolve)
2026-08-16 11:27:36,427 [oasis.ngsolve] INFO: NGSolve backend registered
2026-08-16 11:27:36,429 [oasis.registry] INFO: Registered backend: scikit-fem (skfem)
2026-08-16 11:27:36,429 [oasis.skfem] INFO: scikit-fem backend registered
2026-08-16 11:27:36,433 [oasis.registry] INFO: Registered backend: Kratos Multiphysics (kratos)
2026-08-16 11:27:36,433 [oasis.kratos] INFO: Kratos Multiphysics backend registered
2026-08-16 11:27:36,435 [oasis.registry] INFO: Registered backend: DUNE-fem (dune)
2026-08-16 11:27:36,435 [oasis.dune] INFO: DUNE-fem backend registered
2026-08-16 11:27:36,440 [oasis.registry] INFO: Registered backend: SPARTA (DSMC) (sparta)
2026-08-16 11:27:36,440 [oasis.sparta] INFO: SPARTA (DSMC) backend registered
2026-08-16 11:27:36,441 [oasis] INFO: Starting OASiS MCP server
2026-08-16 11:27:36,448 [mcp.server.lowlevel.server] INFO: Processing request of type CallToolRequest
2026-08-16 11:29:10,824 [mcp.server.lowlevel.server] INFO: Processing request of type ListToolsRequest
2026-08-16 11:29:10,831 [oasis] INFO: Session journal saved: /home/alexander/Schreibtisch/ofa-v2/data/sessions/session_6e88503b-e346-4a23-b832-7bcb8ad88c7c.json (1 events)
/home/alexander/Schreibtisch/ofa-v2/langgraph_eval/agent.py:215: RuntimeWarning: This package (`duckduckgo_search`) has been renamed to `ddgs`! Use `pip install ddgs` instead.
  with DDGS() as ddgs:
2026-08-16 11:29:53,756 [oasis.registry] INFO: Loaded discovered config: 5 backends
2026-08-16 11:29:53,757 [oasis.registry] INFO: Registered backend: 4C Multiphysics (fourc)
2026-08-16 11:29:53,758 [oasis.registry] INFO: Registered backend: FEniCSx (dolfinx) (fenics)
2026-08-16 11:29:53,758 [oasis.registry] INFO: Registered backend: deal.II (dealii)
2026-08-16 11:29:53,762 [oasis.registry] INFO: Registered backend: FEBio (febio)
2026-08-16 11:29:53,764 [oasis.registry] INFO: Registered backend: NGSolve (ngsolve)
2026-08-16 11:29:53,764 [oasis.ngsolve] INFO: NGSolve backend registered
2026-08-16 11:29:53,767 [oasis.registry] INFO: Registered backend: scikit-fem (skfem)
2026-08-16 11:29:53,767 [oasis.skfem] INFO: scikit-fem backend registered
2026-08-16 11:29:53,770 [oasis.registry] INFO: Registered backend: Kratos Multiphysics (kratos)
2026-08-16 11:29:53,771 [oasis.kratos] INFO: Kratos Multiphysics backend registered
2026-08-16 11:29:53,773 [oasis.registry] INFO: Registered backend: DUNE-fem (dune)
2026-08-16 11:29:53,773 [oasis.dune] INFO: DUNE-fem backend registered
2026-08-16 11:29:53,778 [oasis.registry] INFO: Registered backend: SPARTA (DSMC) (sparta)
2026-08-16 11:29:53,778 [oasis.sparta] INFO: SPARTA (DSMC) backend registered
2026-08-16 11:29:53,778 [oasis] INFO: Starting OASiS MCP server
2026-08-16 11:29:53,785 [mcp.server.lowlevel.server] INFO: Processing request of type CallToolRequest
2026-08-16 11:31:29,444 [mcp.server.lowlevel.server] INFO: Processing request of type ListToolsRequest
2026-08-16 11:31:29,452 [oasis] INFO: Session journal saved: /home/alexander/Schreibtisch/ofa-v2/data/sessions/session_ef639c62-1bd9-4fd7-97c2-54d03244fc38.json (1 events)
2026-08-16 11:31:32,772 [oasis.registry] INFO: Loaded discovered config: 5 backends
2026-08-16 11:31:32,773 [oasis.registry] INFO: Registered backend: 4C Multiphysics (fourc)
2026-08-16 11:31:32,773 [oasis.registry] INFO: Registered backend: FEniCSx (dolfinx) (fenics)
2026-08-16 11:31:32,774 [oasis.registry] INFO: Registered backend: deal.II (dealii)
2026-08-16 11:31:32,778 [oasis.registry] INFO: Registered backend: FEBio (febio)
2026-08-16 11:31:32,780 [oasis.registry] INFO: Registered backend: NGSolve (ngsolve)
2026-08-16 11:31:32,780 [oasis.ngsolve] INFO: NGSolve backend registered
2026-08-16 11:31:32,783 [oasis.registry] INFO: Registered backend: scikit-fem (skfem)
2026-08-16 11:31:32,783 [oasis.skfem] INFO: scikit-fem backend registered
2026-08-16 11:31:32,786 [oasis.registry] INFO: Registered backend: Kratos Multiphysics (kratos)
2026-08-16 11:31:32,786 [oasis.kratos] INFO: Kratos Multiphysics backend registered
2026-08-16 11:31:32,789 [oasis.registry] INFO: Registered backend: DUNE-fem (dune)
2026-08-16 11:31:32,789 [oasis.dune] INFO: DUNE-fem backend registered
2026-08-16 11:31:32,794 [oasis.registry] INFO: Registered backend: SPARTA (DSMC) (sparta)
2026-08-16 11:31:32,794 [oasis.sparta] INFO: SPARTA (DSMC) backend registered
2026-08-16 11:31:32,794 [oasis] INFO: Starting OASiS MCP server
2026-08-16 11:31:32,802 [mcp.server.lowlevel.server] INFO: Processing request of type CallToolRequest
2026-08-16 11:33:08,782 [mcp.server.lowlevel.server] INFO: Processing request of type ListToolsRequest
2026-08-16 11:33:08,789 [oasis] INFO: Session journal saved: /home/alexander/Schreibtisch/ofa-v2/data/sessions/session_d78cf426-e7b0-4909-8daa-c9b467253013.json (1 events)
[preflight] custody controls verified for 1 problem(s); keys sealed and unreadable by execution
[phase: development] results are for post-mortems and convergence checking, NOT for the paper's evaluation table.
[FE2 27b BARE s1] done  calls=104 tok=6122913/90335 1898.1s
2026-08-16 11:34:16,901 [oasis.registry] INFO: Loaded discovered config: 5 backends
2026-08-16 11:34:16,902 [oasis.registry] INFO: Registered backend: 4C Multiphysics (fourc)
2026-08-16 11:34:16,903 [oasis.registry] INFO: Registered backend: FEniCSx (dolfinx) (fenics)
2026-08-16 11:34:16,903 [oasis.registry] INFO: Registered backend: deal.II (dealii)
2026-08-16 11:34:16,907 [oasis.registry] INFO: Registered backend: FEBio (febio)
2026-08-16 11:34:16,910 [oasis.registry] INFO: Registered backend: NGSolve (ngsolve)
2026-08-16 11:34:16,910 [oasis.ngsolve] INFO: NGSolve backend registered
2026-08-16 11:34:16,912 [oasis.registry] INFO: Registered backend: scikit-fem (skfem)
2026-08-16 11:34:16,912 [oasis.skfem] INFO: scikit-fem backend registered
2026-08-16 11:34:16,916 [oasis.registry] INFO: Registered backend: Kratos Multiphysics (kratos)
2026-08-16 11:34:16,916 [oasis.kratos] INFO: Kratos Multiphysics backend registered
2026-08-16 11:34:16,918 [oasis.registry] INFO: Registered backend: DUNE-fem (dune)
2026-08-16 11:34:16,918 [oasis.dune] INFO: DUNE-fem backend registered
2026-08-16 11:34:16,923 [oasis.registry] INFO: Registered backend: SPARTA (DSMC) (sparta)
2026-08-16 11:34:16,923 [oasis.sparta] INFO: SPARTA (DSMC) backend registered
2026-08-16 11:34:16,923 [oasis] INFO: Starting OASiS MCP server
2026-08-16 11:34:16,932 [mcp.server.lowlevel.server] INFO: Processing request of type ListToolsRequest
2026-08-16 11:34:26,055 [oasis.registry] INFO: Loaded discovered config: 5 backends
2026-08-16 11:34:26,056 [oasis.registry] INFO: Registered backend: 4C Multiphysics (fourc)
2026-08-16 11:34:26,057 [oasis.registry] INFO: Registered backend: FEniCSx (dolfinx) (fenics)
2026-08-16 11:34:26,057 [oasis.registry] INFO: Registered backend: deal.II (dealii)
2026-08-16 11:34:26,058 [oasis.registry] INFO: Loaded discovered config: 5 backends
2026-08-16 11:34:26,059 [oasis.registry] INFO: Registered backend: 4C Multiphysics (fourc)
2026-08-16 11:34:26,060 [oasis.registry] INFO: Registered backend: FEniCSx (dolfinx) (fenics)
2026-08-16 11:34:26,060 [oasis.registry] INFO: Registered backend: deal.II (dealii)
2026-08-16 11:34:26,061 [oasis.registry] INFO: Registered backend: FEBio (febio)
2026-08-16 11:34:26,063 [oasis.registry] INFO: Registered backend: NGSolve (ngsolve)
2026-08-16 11:34:26,063 [oasis.ngsolve] INFO: NGSolve backend registered
2026-08-16 11:34:26,064 [oasis.registry] INFO: Registered backend: FEBio (febio)
2026-08-16 11:34:26,066 [oasis.registry] INFO: Registered backend: scikit-fem (skfem)
2026-08-16 11:34:26,066 [oasis.skfem] INFO: scikit-fem backend registered
2026-08-16 11:34:26,066 [oasis.registry] INFO: Registered backend: NGSolve (ngsolve)
2026-08-16 11:34:26,066 [oasis.ngsolve] INFO: NGSolve backend registered
2026-08-16 11:34:26,069 [oasis.registry] INFO: Registered backend: scikit-fem (skfem)
2026-08-16 11:34:26,069 [oasis.skfem] INFO: scikit-fem backend registered
2026-08-16 11:34:26,070 [oasis.registry] INFO: Registered backend: Kratos Multiphysics (kratos)
2026-08-16 11:34:26,070 [oasis.kratos] INFO: Kratos Multiphysics backend registered
2026-08-16 11:34:26,072 [oasis.registry] INFO: Registered backend: DUNE-fem (dune)
2026-08-16 11:34:26,072 [oasis.dune] INFO: DUNE-fem backend registered
2026-08-16 11:34:26,073 [oasis.registry] INFO: Registered backend: Kratos Multiphysics (kratos)
2026-08-16 11:34:26,073 [oasis.kratos] INFO: Kratos Multiphysics backend registered
2026-08-16 11:34:26,075 [oasis.registry] INFO: Registered backend: DUNE-fem (dune)
2026-08-16 11:34:26,075 [oasis.dune] INFO: DUNE-fem backend registered
2026-08-16 11:34:26,077 [oasis.registry] INFO: Registered backend: SPARTA (DSMC) (sparta)
2026-08-16 11:34:26,077 [oasis.sparta] INFO: SPARTA (DSMC) backend registered
2026-08-16 11:34:26,077 [oasis] INFO: Starting OASiS MCP server
2026-08-16 11:34:26,080 [oasis.registry] INFO: Registered backend: SPARTA (DSMC) (sparta)
2026-08-16 11:34:26,080 [oasis.sparta] INFO: SPARTA (DSMC) backend registered
2026-08-16 11:34:26,080 [oasis] INFO: Starting OASiS MCP server
2026-08-16 11:34:26,085 [mcp.server.lowlevel.server] INFO: Processing request of type CallToolRequest
2026-08-16 11:34:26,088 [mcp.server.lowlevel.server] INFO: Processing request of type CallToolRequest
2026-08-16 11:34:26,581 [mcp.server.lowlevel.server] INFO: Processing request of type ListToolsRequest
2026-08-16 11:34:26,590 [oasis] INFO: Session journal saved: /home/alexander/Schreibtisch/ofa-v2/data/sessions/session_d9b0b844-837a-4a75-bd7f-8866f5dcb6dd.json (1 events)
2026-08-16 11:34:30,261 [mcp.server.lowlevel.server] INFO: Processing request of type ListToolsRequest
2026-08-16 11:34:30,268 [oasis] INFO: Session journal saved: /home/alexander/Schreibtisch/ofa-v2/data/sessions/session_452885ad-47ae-4d4f-91d5-cd023589a874.json (1 events)
2026-08-16 11:34:37,531 [oasis.registry] INFO: Loaded discovered config: 5 backends
2026-08-16 11:34:37,532 [oasis.registry] INFO: Registered backend: 4C Multiphysics (fourc)
2026-08-16 11:34:37,532 [oasis.registry] INFO: Registered backend: FEniCSx (dolfinx) (fenics)
2026-08-16 11:34:37,533 [oasis.registry] INFO: Registered backend: deal.II (dealii)
2026-08-16 11:34:37,536 [oasis.registry] INFO: Registered backend: FEBio (febio)
2026-08-16 11:34:37,539 [oasis.registry] INFO: Registered backend: NGSolve (ngsolve)
2026-08-16 11:34:37,539 [oasis.ngsolve] INFO: NGSolve backend registered
2026-08-16 11:34:37,541 [oasis.registry] INFO: Registered backend: scikit-fem (skfem)
2026-08-16 11:34:37,541 [oasis.skfem] INFO: scikit-fem backend registered
2026-08-16 11:34:37,545 [oasis.registry] INFO: Registered backend: Kratos Multiphysics (kratos)
2026-08-16 11:34:37,545 [oasis.kratos] INFO: Kratos Multiphysics backend registered
2026-08-16 11:34:37,548 [oasis.registry] INFO: Registered backend: DUNE-fem (dune)
2026-08-16 11:34:37,548 [oasis.dune] INFO: DUNE-fem backend registered
2026-08-16 11:34:37,552 [oasis.registry] INFO: Registered backend: SPARTA (DSMC) (sparta)
2026-08-16 11:34:37,552 [oasis.sparta] INFO: SPARTA (DSMC) backend registered
2026-08-16 11:34:37,553 [oasis] INFO: Starting OASiS MCP server
2026-08-16 11:34:37,560 [mcp.server.lowlevel.server] INFO: Processing request of type CallToolRequest
2026-08-16 11:34:37,562 [oasis.registry] INFO: Loaded discovered config: 5 backends
2026-08-16 11:34:37,563 [oasis.registry] INFO: Registered backend: 4C Multiphysics (fourc)
2026-08-16 11:34:37,564 [oasis.registry] INFO: Registered backend: FEniCSx (dolfinx) (fenics)
2026-08-16 11:34:37,564 [oasis.registry] INFO: Registered backend: deal.II (dealii)
2026-08-16 11:34:37,568 [oasis.registry] INFO: Registered backend: FEBio (febio)
2026-08-16 11:34:37,570 [oasis.registry] INFO: Registered backend: NGSolve (ngsolve)
2026-08-16 11:34:37,570 [oasis.ngsolve] INFO: NGSolve backend registered
2026-08-16 11:34:37,573 [oasis.registry] INFO: Registered backend: scikit-fem (skfem)
2026-08-16 11:34:37,573 [oasis.skfem] INFO: scikit-fem backend registered
2026-08-16 11:34:37,577 [oasis.registry] INFO: Registered backend: Kratos Multiphysics (kratos)
2026-08-16 11:34:37,577 [oasis.kratos] INFO: Kratos Multiphysics backend registered
2026-08-16 11:34:37,579 [oasis.registry] INFO: Registered backend: DUNE-fem (dune)
2026-08-16 11:34:37,579 [oasis.dune] INFO: DUNE-fem backend registered
2026-08-16 11:34:37,584 [oasis.registry] INFO: Registered backend: SPARTA (DSMC) (sparta)
2026-08-16 11:34:37,584 [oasis.sparta] INFO: SPARTA (DSMC) backend registered
2026-08-16 11:34:37,584 [oasis] INFO: Starting OASiS MCP server
2026-08-16 11:34:37,592 [mcp.server.lowlevel.server] INFO: Processing request of type CallToolRequest
2026-08-16 11:34:37,598 [mcp.server.lowlevel.server] INFO: Processing request of type ListToolsRequest
2026-08-16 11:36:12,337 [mcp.server.lowlevel.server] INFO: Processing request of type ListToolsRequest
2026-08-16 11:36:12,344 [oasis] INFO: Session journal saved: /home/alexander/Schreibtisch/ofa-v2/data/sessions/session_631d3f9e-788d-44ef-9937-6ed8a56a5424.json (1 events)
/home/alexander/Schreibtisch/ofa-v2/langgraph_eval/agent.py:215: RuntimeWarning: This package (`duckduckgo_search`) has been renamed to `ddgs`! Use `pip install ddgs` instead.
  with DDGS() as ddgs:
/home/alexander/Schreibtisch/ofa-v2/langgraph_eval/agent.py:215: RuntimeWarning: This package (`duckduckgo_search`) has been renamed to `ddgs`! Use `pip install ddgs` instead.
  with DDGS() as ddgs:
2026-08-16 11:36:59,331 [oasis.registry] INFO: Loaded discovered config: 5 backends
2026-08-16 11:36:59,332 [oasis.registry] INFO: Registered backend: 4C Multiphysics (fourc)
2026-08-16 11:36:59,333 [oasis.registry] INFO: Registered backend: FEniCSx (dolfinx) (fenics)
2026-08-16 11:36:59,333 [oasis.registry] INFO: Registered backend: deal.II (dealii)
2026-08-16 11:36:59,337 [oasis.registry] INFO: Registered backend: FEBio (febio)
2026-08-16 11:36:59,340 [oasis.registry] INFO: Registered backend: NGSolve (ngsolve)
2026-08-16 11:36:59,340 [oasis.ngsolve] INFO: NGSolve backend registered
2026-08-16 11:36:59,342 [oasis.registry] INFO: Registered backend: scikit-fem (skfem)
2026-08-16 11:36:59,342 [oasis.skfem] INFO: scikit-fem backend registered
2026-08-16 11:36:59,346 [oasis.registry] INFO: Registered backend: Kratos Multiphysics (kratos)
2026-08-16 11:36:59,346 [oasis.kratos] INFO: Kratos Multiphysics backend registered
2026-08-16 11:36:59,349 [oasis.registry] INFO: Registered backend: DUNE-fem (dune)
2026-08-16 11:36:59,349 [oasis.dune] INFO: DUNE-fem backend registered
2026-08-16 11:36:59,354 [oasis.registry] INFO: Registered backend: SPARTA (DSMC) (sparta)
2026-08-16 11:36:59,354 [oasis.sparta] INFO: SPARTA (DSMC) backend registered
2026-08-16 11:36:59,354 [oasis] INFO: Starting OASiS MCP server
2026-08-16 11:36:59,362 [mcp.server.lowlevel.server] INFO: Processing request of type CallToolRequest
2026-08-16 11:36:59,368 [oasis.registry] INFO: Loaded discovered config: 5 backends
2026-08-16 11:36:59,369 [oasis.registry] INFO: Registered backend: 4C Multiphysics (fourc)
2026-08-16 11:36:59,370 [oasis.registry] INFO: Registered backend: FEniCSx (dolfinx) (fenics)
2026-08-16 11:36:59,370 [oasis.registry] INFO: Registered backend: deal.II (dealii)
2026-08-16 11:36:59,374 [oasis.registry] INFO: Registered backend: FEBio (febio)
2026-08-16 11:36:59,376 [oasis.registry] INFO: Registered backend: NGSolve (ngsolve)
2026-08-16 11:36:59,376 [oasis.ngsolve] INFO: NGSolve backend registered
2026-08-16 11:36:59,379 [oasis.registry] INFO: Registered backend: scikit-fem (skfem)
2026-08-16 11:36:59,379 [oasis.skfem] INFO: scikit-fem backend registered
2026-08-16 11:36:59,383 [oasis.registry] INFO: Registered backend: Kratos Multiphysics (kratos)
2026-08-16 11:36:59,383 [oasis.kratos] INFO: Kratos Multiphysics backend registered
2026-08-16 11:36:59,385 [oasis.registry] INFO: Registered backend: DUNE-fem (dune)
2026-08-16 11:36:59,385 [oasis.dune] INFO: DUNE-fem backend registered
2026-08-16 11:36:59,390 [oasis.registry] INFO: Registered backend: SPARTA (DSMC) (sparta)
2026-08-16 11:36:59,391 [oasis.sparta] INFO: SPARTA (DSMC) backend registered
2026-08-16 11:36:59,391 [oasis] INFO: Starting OASiS MCP server
2026-08-16 11:36:59,398 [mcp.server.lowlevel.server] INFO: Processing request of type CallToolRequest
/home/alexander/Schreibtisch/ofa-v2/langgraph_eval/agent.py:215: RuntimeWarning: This package (`duckduckgo_search`) has been renamed to `ddgs`! Use `pip install ddgs` instead.
  with DDGS() as ddgs:
2026-08-16 11:36:59,849 [mcp.server.lowlevel.server] INFO: Processing request of type ListToolsRequest
2026-08-16 11:36:59,856 [oasis] INFO: Session journal saved: /home/alexander/Schreibtisch/ofa-v2/data/sessions/session_b84110f2-e73b-4615-9293-5b8768446163.json (1 events)
2026-08-16 11:38:33,914 [mcp.server.lowlevel.server] INFO: Processing request of type ListToolsRequest
2026-08-16 11:38:33,923 [oasis] INFO: Session journal saved: /home/alexander/Schreibtisch/ofa-v2/data/sessions/session_0d1984bd-1850-4834-a15f-0140b07aa17f.json (1 events)
/home/alexander/Schreibtisch/ofa-v2/langgraph_eval/agent.py:215: RuntimeWarning: This package (`duckduckgo_search`) has been renamed to `ddgs`! Use `pip install ddgs` instead.
  with DDGS() as ddgs:
/home/alexander/Schreibtisch/ofa-v2/langgraph_eval/agent.py:215: RuntimeWarning: This package (`duckduckgo_search`) has been renamed to `ddgs`! Use `pip install ddgs` instead.
  with DDGS() as ddgs:
2026-08-16 11:38:39,187 [oasis.registry] INFO: Loaded discovered config: 5 backends
2026-08-16 11:38:39,188 [oasis.registry] INFO: Registered backend: 4C Multiphysics (fourc)
2026-08-16 11:38:39,191 [oasis.registry] INFO: Registered backend: FEniCSx (dolfinx) (fenics)
2026-08-16 11:38:39,192 [oasis.registry] INFO: Registered backend: deal.II (dealii)
2026-08-16 11:38:39,195 [oasis.registry] INFO: Registered backend: FEBio (febio)
2026-08-16 11:38:39,198 [oasis.registry] INFO: Registered backend: NGSolve (ngsolve)
2026-08-16 11:38:39,198 [oasis.ngsolve] INFO: NGSolve backend registered
2026-08-16 11:38:39,200 [oasis.registry] INFO: Registered backend: scikit-fem (skfem)
2026-08-16 11:38:39,200 [oasis.skfem] INFO: scikit-fem backend registered
2026-08-16 11:38:39,204 [oasis.registry] INFO: Registered backend: Kratos Multiphysics (kratos)
2026-08-16 11:38:39,204 [oasis.kratos] INFO: Kratos Multiphysics backend registered
2026-08-16 11:38:39,206 [oasis.registry] INFO: Registered backend: DUNE-fem (dune)
2026-08-16 11:38:39,207 [oasis.dune] INFO: DUNE-fem backend registered
2026-08-16 11:38:39,211 [oasis.registry] INFO: Registered backend: SPARTA (DSMC) (sparta)
2026-08-16 11:38:39,211 [oasis.sparta] INFO: SPARTA (DSMC) backend registered
2026-08-16 11:38:39,211 [oasis] INFO: Starting OASiS MCP server
2026-08-16 11:38:39,220 [mcp.server.lowlevel.server] INFO: Processing request of type CallToolRequest
/home/alexander/Schreibtisch/ofa-v2/langgraph_eval/agent.py:215: RuntimeWarning: This package (`duckduckgo_search`) has been renamed to `ddgs`! Use `pip install ddgs` instead.
  with DDGS() as ddgs:
2026-08-16 11:40:14,574 [mcp.server.lowlevel.server] INFO: Processing request of type ListToolsRequest
2026-08-16 11:40:14,582 [oasis] INFO: Session journal saved: /home/alexander/Schreibtisch/ofa-v2/data/sessions/session_f2133d06-bedd-4867-bdb7-c0936741a7d1.json (1 events)
/home/alexander/Schreibtisch/ofa-v2/langgraph_eval/agent.py:215: RuntimeWarning: This package (`duckduckgo_search`) has been renamed to `ddgs`! Use `pip install ddgs` instead.
  with DDGS() as ddgs:
/home/alexander/Schreibtisch/ofa-v2/langgraph_eval/agent.py:215: RuntimeWarning: This package (`duckduckgo_search`) has been renamed to `ddgs`! Use `pip install ddgs` instead.
  with DDGS() as ddgs:
/home/alexander/Schreibtisch/ofa-v2/langgraph_eval/agent.py:215: RuntimeWarning: This package (`duckduckgo_search`) has been renamed to `ddgs`! Use `pip install ddgs` instead.
  with DDGS() as ddgs:
/home/alexander/Schreibtisch/ofa-v2/langgraph_eval/agent.py:215: RuntimeWarning: This package (`duckduckgo_search`) has been renamed to `ddgs`! Use `pip install ddgs` instead.
  with DDGS() as ddgs:
/home/alexander/Schreibtisch/ofa-v2/langgraph_eval/agent.py:215: RuntimeWarning: This package (`duckduckgo_search`) has been renamed to `ddgs`! Use `pip install ddgs` instead.
  with DDGS() as ddgs:
/home/alexander/Schreibtisch/ofa-v2/langgraph_eval/agent.py:215: RuntimeWarning: This package (`duckduckgo_search`) has been renamed to `ddgs`! Use `pip install ddgs` instead.
  with DDGS() as ddgs:
2026-08-16 11:40:35,503 [oasis.registry] INFO: Loaded discovered config: 5 backends
2026-08-16 11:40:35,504 [oasis.registry] INFO: Registered backend: 4C Multiphysics (fourc)
2026-08-16 11:40:35,505 [oasis.registry] INFO: Registered backend: FEniCSx (dolfinx) (fenics)
2026-08-16 11:40:35,505 [oasis.registry] INFO: Registered backend: deal.II (dealii)
2026-08-16 11:40:35,509 [oasis.registry] INFO: Registered backend: FEBio (febio)
2026-08-16 11:40:35,512 [oasis.registry] INFO: Registered backend: NGSolve (ngsolve)
2026-08-16 11:40:35,512 [oasis.ngsolve] INFO: NGSolve backend registered
2026-08-16 11:40:35,514 [oasis.registry] INFO: Registered backend: scikit-fem (skfem)
2026-08-16 11:40:35,514 [oasis.skfem] INFO: scikit-fem backend registered
2026-08-16 11:40:35,518 [oasis.registry] INFO: Registered backend: Kratos Multiphysics (kratos)
2026-08-16 11:40:35,518 [oasis.kratos] INFO: Kratos Multiphysics backend registered
2026-08-16 11:40:35,520 [oasis.registry] INFO: Registered backend: DUNE-fem (dune)
2026-08-16 11:40:35,520 [oasis.dune] INFO: DUNE-fem backend registered
2026-08-16 11:40:35,525 [oasis.registry] INFO: Registered backend: SPARTA (DSMC) (sparta)
2026-08-16 11:40:35,526 [oasis.sparta] INFO: SPARTA (DSMC) backend registered
2026-08-16 11:40:35,526 [oasis] INFO: Starting OASiS MCP server
2026-08-16 11:40:35,533 [mcp.server.lowlevel.server] INFO: Processing request of type CallToolRequest
/home/alexander/Schreibtisch/ofa-v2/langgraph_eval/agent.py:290: LangGraphDeprecatedSinceV10: create_react_agent has been moved to `langchain.agents`. Please update your import to `from langchain.agents import create_agent`. Deprecated in LangGraph V1.0 to be removed in V2.0.
  sub_agent = create_react_agent(
2026-08-16 11:42:11,966 [mcp.server.lowlevel.server] INFO: Processing request of type ListToolsRequest
2026-08-16 11:42:11,974 [oasis] INFO: Session journal saved: /home/alexander/Schreibtisch/ofa-v2/data/sessions/session_1eac04ae-0727-43c2-9e28-5a3137695a7d.json (1 events)
/home/alexander/Schreibtisch/ofa-v2/langgraph_eval/agent.py:215: RuntimeWarning: This package (`duckduckgo_search`) has been renamed to `ddgs`! Use `pip install ddgs` instead.
  with DDGS() as ddgs:
/home/alexander/Schreibtisch/ofa-v2/langgraph_eval/agent.py:215: RuntimeWarning: This package (`duckduckgo_search`) has been renamed to `ddgs`! Use `pip install ddgs` instead.
  with DDGS() as ddgs:
/home/alexander/Schreibtisch/ofa-v2/langgraph_eval/agent.py:215: RuntimeWarning: This package (`duckduckgo_search`) has been renamed to `ddgs`! Use `pip install ddgs` instead.
  with DDGS() as ddgs:
/home/alexander/Schreibtisch/ofa-v2/langgraph_eval/agent.py:215: RuntimeWarning: This package (`duckduckgo_search`) has been renamed to `ddgs`! Use `pip install ddgs` instead.
  with DDGS() as ddgs:
/home/alexander/Schreibtisch/ofa-v2/langgraph_eval/agent.py:215: RuntimeWarning: This package (`duckduckgo_search`) has been renamed to `ddgs`! Use `pip install ddgs` instead.
  with DDGS() as ddgs:
/home/alexander/Schreibtisch/ofa-v2/langgraph_eval/agent.py:215: RuntimeWarning: This package (`duckduckgo_search`) has been renamed to `ddgs`! Use `pip install ddgs` instead.
  with DDGS() as ddgs:
/home/alexander/Schreibtisch/ofa-v2/langgraph_eval/agent.py:215: RuntimeWarning: This package (`duckduckgo_search`) has been renamed to `ddgs`! Use `pip install ddgs` instead.
  with DDGS() as ddgs:
2026-08-16 11:42:34,549 [oasis.registry] INFO: Loaded discovered config: 5 backends
2026-08-16 11:42:34,550 [oasis.registry] INFO: Registered backend: 4C Multiphysics (fourc)
2026-08-16 11:42:34,551 [oasis.registry] INFO: Registered backend: FEniCSx (dolfinx) (fenics)
2026-08-16 11:42:34,551 [oasis.registry] INFO: Registered backend: deal.II (dealii)
2026-08-16 11:42:34,555 [oasis.registry] INFO: Registered backend: FEBio (febio)
2026-08-16 11:42:34,557 [oasis.registry] INFO: Registered backend: NGSolve (ngsolve)
2026-08-16 11:42:34,557 [oasis.ngsolve] INFO: NGSolve backend registered
2026-08-16 11:42:34,560 [oasis.registry] INFO: Registered backend: scikit-fem (skfem)
2026-08-16 11:42:34,560 [oasis.skfem] INFO: scikit-fem backend registered
2026-08-16 11:42:34,564 [oasis.registry] INFO: Registered backend: Kratos Multiphysics (kratos)
2026-08-16 11:42:34,564 [oasis.kratos] INFO: Kratos Multiphysics backend registered
2026-08-16 11:42:34,566 [oasis.registry] INFO: Registered backend: DUNE-fem (dune)
2026-08-16 11:42:34,566 [oasis.dune] INFO: DUNE-fem backend registered
2026-08-16 11:42:34,571 [oasis.registry] INFO: Registered backend: SPARTA (DSMC) (sparta)
2026-08-16 11:42:34,571 [oasis.sparta] INFO: SPARTA (DSMC) backend registered
2026-08-16 11:42:34,571 [oasis] INFO: Starting OASiS MCP server
2026-08-16 11:42:34,579 [mcp.server.lowlevel.server] INFO: Processing request of type CallToolRequest
2026-08-16 11:42:34,610 [mcp.server.lowlevel.server] INFO: Processing request of type ListToolsRequest
2026-08-16 11:42:34,711 [oasis] INFO: Session journal saved: /home/alexander/Schreibtisch/ofa-v2/data/sessions/session_d75bdbce-a996-4bac-86e3-9e46df5d2b21.json (1 events)
/home/alexander/Schreibtisch/ofa-v2/langgraph_eval/agent.py:215: RuntimeWarning: This package (`duckduckgo_search`) has been renamed to `ddgs`! Use `pip install ddgs` instead.
  with DDGS() as ddgs:
/home/alexander/Schreibtisch/ofa-v2/langgraph_eval/agent.py:215: RuntimeWarning: This package (`duckduckgo_search`) has been renamed to `ddgs`! Use `pip install ddgs` instead.
  with DDGS() as ddgs:
/home/alexander/Schreibtisch/ofa-v2/langgraph_eval/agent.py:215: RuntimeWarning: This package (`duckduckgo_search`) has been renamed to `ddgs`! Use `pip install ddgs` instead.
  with DDGS() as ddgs:
/home/alexander/Schreibtisch/ofa-v2/langgraph_eval/agent.py:290: LangGraphDeprecatedSinceV10: create_react_agent has been moved to `langchain.agents`. Please update your import to `from langchain.agents import create_agent`. Deprecated in LangGraph V1.0 to be removed in V2.0.
  sub_agent = create_react_agent(
/home/alexander/Schreibtisch/ofa-v2/langgraph_eval/agent.py:215: RuntimeWarning: This package (`duckduckgo_search`) has been renamed to `ddgs`! Use `pip install ddgs` instead.
  with DDGS() as ddgs:
/home/alexander/Schreibtisch/ofa-v2/langgraph_eval/agent.py:215: RuntimeWarning: This package (`duckduckgo_search`) has been renamed to `ddgs`! Use `pip install ddgs` instead.
  with DDGS() as ddgs:
/home/alexander/Schreibtisch/ofa-v2/langgraph_eval/agent.py:215: RuntimeWarning: This package (`duckduckgo_search`) has been renamed to `ddgs`! Use `pip install ddgs` instead.
  with DDGS() as ddgs:
/home/alexander/Schreibtisch/ofa-v2/langgraph_eval/agent.py:215: RuntimeWarning: This package (`duckduckgo_search`) has been renamed to `ddgs`! Use `pip install ddgs` instead.
  with DDGS() as ddgs:
/home/alexander/Schreibtisch/ofa-v2/langgraph_eval/agent.py:215: RuntimeWarning: This package (`duckduckgo_search`) has been renamed to `ddgs`! Use `pip install ddgs` instead.
  with DDGS() as ddgs:
/home/alexander/Schreibtisch/ofa-v2/langgraph_eval/agent.py:215: RuntimeWarning: This package (`duckduckgo_search`) has been renamed to `ddgs`! Use `pip install ddgs` instead.
  with DDGS() as ddgs:
/home/alexander/Schreibtisch/ofa-v2/langgraph_eval/agent.py:215: RuntimeWarning: This package (`duckduckgo_search`) has been renamed to `ddgs`! Use `pip install ddgs` instead.
  with DDGS() as ddgs:
/home/alexander/Schreibtisch/ofa-v2/langgraph_eval/agent.py:215: RuntimeWarning: This package (`duckduckgo_search`) has been renamed to `ddgs`! Use `pip install ddgs` instead.
  with DDGS() as ddgs:
2026-08-16 11:44:34,655 [oasis.registry] INFO: Loaded discovered config: 5 backends
2026-08-16 11:44:34,656 [oasis.registry] INFO: Registered backend: 4C Multiphysics (fourc)
2026-08-16 11:44:34,657 [oasis.registry] INFO: Registered backend: FEniCSx (dolfinx) (fenics)
2026-08-16 11:44:34,657 [oasis.registry] INFO: Registered backend: deal.II (dealii)
2026-08-16 11:44:34,661 [oasis.registry] INFO: Registered backend: FEBio (febio)
2026-08-16 11:44:34,664 [oasis.registry] INFO: Registered backend: NGSolve (ngsolve)
2026-08-16 11:44:34,664 [oasis.ngsolve] INFO: NGSolve backend registered
2026-08-16 11:44:34,666 [oasis.registry] INFO: Registered backend: scikit-fem (skfem)
2026-08-16 11:44:34,666 [oasis.skfem] INFO: scikit-fem backend registered
2026-08-16 11:44:34,670 [oasis.registry] INFO: Registered backend: Kratos Multiphysics (kratos)
2026-08-16 11:44:34,670 [oasis.kratos] INFO: Kratos Multiphysics backend registered
2026-08-16 11:44:34,672 [oasis.registry] INFO: Registered backend: DUNE-fem (dune)
2026-08-16 11:44:34,672 [oasis.dune] INFO: DUNE-fem backend registered
2026-08-16 11:44:34,677 [oasis.registry] INFO: Registered backend: SPARTA (DSMC) (sparta)
2026-08-16 11:44:34,677 [oasis.sparta] INFO: SPARTA (DSMC) backend registered
2026-08-16 11:44:34,677 [oasis] INFO: Starting OASiS MCP server
2026-08-16 11:44:34,685 [mcp.server.lowlevel.server] INFO: Processing request of type CallToolRequest
2026-08-16 11:44:34,699 [mcp.server.lowlevel.server] INFO: Processing request of type ListToolsRequest
2026-08-16 11:44:34,704 [oasis] INFO: Session journal saved: /home/alexander/Schreibtisch/ofa-v2/data/sessions/session_8aac6ef5-3b02-4f03-9ecc-b5dc1cb3d510.json (1 events)
/home/alexander/Schreibtisch/ofa-v2/langgraph_eval/agent.py:215: RuntimeWarning: This package (`duckduckgo_search`) has been renamed to `ddgs`! Use `pip install ddgs` instead.
  with DDGS() as ddgs:
/home/alexander/Schreibtisch/ofa-v2/langgraph_eval/agent.py:215: RuntimeWarning: This package (`duckduckgo_search`) has been renamed to `ddgs`! Use `pip install ddgs` instead.
  with DDGS() as ddgs:
/home/alexander/Schreibtisch/ofa-v2/langgraph_eval/agent.py:215: RuntimeWarning: This package (`duckduckgo_search`) has been renamed to `ddgs`! Use `pip install ddgs` instead.
  with DDGS() as ddgs:
/home/alexander/Schreibtisch/ofa-v2/langgraph_eval/agent.py:290: LangGraphDeprecatedSinceV10: create_react_agent has been moved to `langchain.agents`. Please update your import to `from langchain.agents import create_agent`. Deprecated in LangGraph V1.0 to be removed in V2.0.
  sub_agent = create_react_agent(
[preflight] custody controls verified for 1 problem(s); keys sealed and unreadable by execution
[phase: development] results are for post-mortems and convergence checking, NOT for the paper's evaluation table.
[DL1 27b MCP s1] done  calls=88 tok=5884341/60521 1391.5s
/home/alexander/Schreibtisch/ofa-v2/campaign3_blind/run_blind.py:521: ResourceWarning: unclosed file <_io.TextIOWrapper name='/home/alexander/Schreibtisch/ofa-v2/campaign3_blind/runs/DL1_27b_MCP_seed1/work/trajectory_live.txt' mode='a' encoding='utf-8'>
  run_one(pid, a.model, cond, a.seed, a.timeout)
ResourceWarning: Enable tracemalloc to get the object allocation traceback
/home/alexander/.local/share/python/cpython-3.12.13-linux-x86_64-gnu/lib/python3.12/asyncio/selector_events.py:879: ResourceWarning: unclosed transport <_SelectorSocketTransport fd=8>
<<< cell DL1 done 2026-08-16 11:45:06
/home/alexander/Schreibtisch/ofa-v2/langgraph_eval/agent.py:215: RuntimeWarning: This package (`duckduckgo_search`) has been renamed to `ddgs`! Use `pip install ddgs` instead.
  with DDGS() as ddgs:
/home/alexander/Schreibtisch/ofa-v2/langgraph_eval/agent.py:215: RuntimeWarning: This package (`duckduckgo_search`) has been renamed to `ddgs`! Use `pip install ddgs` instead.
  with DDGS() as ddgs:
/home/alexander/Schreibtisch/ofa-v2/langgraph_eval/agent.py:215: RuntimeWarning: This package (`duckduckgo_search`) has been renamed to `ddgs`! Use `pip install ddgs` instead.
  with DDGS() as ddgs:
/home/alexander/Schreibtisch/ofa-v2/langgraph_eval/agent.py:215: RuntimeWarning: This package (`duckduckgo_search`) has been renamed to `ddgs`! Use `pip install ddgs` instead.
  with DDGS() as ddgs:
/home/alexander/Schreibtisch/ofa-v2/langgraph_eval/agent.py:215: RuntimeWarning: This package (`duckduckgo_search`) has been renamed to `ddgs`! Use `pip install ddgs` instead.
  with DDGS() as ddgs:
/home/alexander/Schreibtisch/ofa-v2/langgraph_eval/agent.py:215: RuntimeWarning: This package (`duckduckgo_search`) has been renamed to `ddgs`! Use `pip install ddgs` instead.
  with DDGS() as ddgs:
/home/alexander/Schreibtisch/ofa-v2/langgraph_eval/agent.py:215: RuntimeWarning: This package (`duckduckgo_search`) has been renamed to `ddgs`! Use `pip install ddgs` instead.
  with DDGS() as ddgs:
/home/alexander/Schreibtisch/ofa-v2/langgraph_eval/agent.py:215: RuntimeWarning: This package (`duckduckgo_search`) has been renamed to `ddgs`! Use `pip install ddgs` instead.
  with DDGS() as ddgs:
/home/alexander/Schreibtisch/ofa-v2/langgraph_eval/agent.py:215: RuntimeWarning: This package (`duckduckgo_search`) has been renamed to `ddgs`! Use `pip install ddgs` instead.
  with DDGS() as ddgs:
2026-08-16 11:45:41,667 [oasis.registry] INFO: Loaded discovered config: 5 backends
2026-08-16 11:45:41,668 [oasis.registry] INFO: Registered backend: 4C Multiphysics (fourc)
2026-08-16 11:45:41,669 [oasis.registry] INFO: Registered backend: FEniCSx (dolfinx) (fenics)
2026-08-16 11:45:41,669 [oasis.registry] INFO: Registered backend: deal.II (dealii)
2026-08-16 11:45:41,673 [oasis.registry] INFO: Registered backend: FEBio (febio)
2026-08-16 11:45:41,676 [oasis.registry] INFO: Registered backend: NGSolve (ngsolve)
2026-08-16 11:45:41,676 [oasis.ngsolve] INFO: NGSolve backend registered
2026-08-16 11:45:41,678 [oasis.registry] INFO: Registered backend: scikit-fem (skfem)
2026-08-16 11:45:41,678 [oasis.skfem] INFO: scikit-fem backend registered
2026-08-16 11:45:41,682 [oasis.registry] INFO: Registered backend: Kratos Multiphysics (kratos)
2026-08-16 11:45:41,682 [oasis.kratos] INFO: Kratos Multiphysics backend registered
2026-08-16 11:45:41,685 [oasis.registry] INFO: Registered backend: DUNE-fem (dune)
2026-08-16 11:45:41,685 [oasis.dune] INFO: DUNE-fem backend registered
2026-08-16 11:45:41,690 [oasis.registry] INFO: Registered backend: SPARTA (DSMC) (sparta)
2026-08-16 11:45:41,690 [oasis.sparta] INFO: SPARTA (DSMC) backend registered
2026-08-16 11:45:41,690 [oasis] INFO: Starting OASiS MCP server
2026-08-16 11:45:41,698 [mcp.server.lowlevel.server] INFO: Processing request of type CallToolRequest
/home/alexander/Schreibtisch/ofa-v2/langgraph_eval/agent.py:290: LangGraphDeprecatedSinceV10: create_react_agent has been moved to `langchain.agents`. Please update your import to `from langchain.agents import create_agent`. Deprecated in LangGraph V1.0 to be removed in V2.0.
  sub_agent = create_react_agent(
2026-08-16 11:47:15,058 [mcp.server.lowlevel.server] INFO: Processing request of type ListToolsRequest
2026-08-16 11:47:15,066 [oasis] INFO: Session journal saved: /home/alexander/Schreibtisch/ofa-v2/data/sessions/session_16b66b88-1f16-40a1-a095-d913939adebe.json (1 events)
2026-08-16 11:47:19,058 [oasis.registry] INFO: Loaded discovered config: 5 backends
2026-08-16 11:47:19,059 [oasis.registry] INFO: Registered backend: 4C Multiphysics (fourc)
2026-08-16 11:47:19,060 [oasis.registry] INFO: Registered backend: FEniCSx (dolfinx) (fenics)
2026-08-16 11:47:19,061 [oasis.registry] INFO: Registered backend: deal.II (dealii)
2026-08-16 11:47:19,064 [oasis.registry] INFO: Registered backend: FEBio (febio)
2026-08-16 11:47:19,067 [oasis.registry] INFO: Registered backend: NGSolve (ngsolve)
2026-08-16 11:47:19,067 [oasis.ngsolve] INFO: NGSolve backend registered
2026-08-16 11:47:19,069 [oasis.registry] INFO: Registered backend: scikit-fem (skfem)
2026-08-16 11:47:19,069 [oasis.skfem] INFO: scikit-fem backend registered
2026-08-16 11:47:19,073 [oasis.registry] INFO: Registered backend: Kratos Multiphysics (kratos)
2026-08-16 11:47:19,073 [oasis.kratos] INFO: Kratos Multiphysics backend registered
2026-08-16 11:47:19,075 [oasis.registry] INFO: Registered backend: DUNE-fem (dune)
2026-08-16 11:47:19,075 [oasis.dune] INFO: DUNE-fem backend registered
2026-08-16 11:47:19,080 [oasis.registry] INFO: Registered backend: SPARTA (DSMC) (sparta)
2026-08-16 11:47:19,080 [oasis.sparta] INFO: SPARTA (DSMC) backend registered
2026-08-16 11:47:19,080 [oasis] INFO: Starting OASiS MCP server
2026-08-16 11:47:19,088 [mcp.server.lowlevel.server] INFO: Processing request of type CallToolRequest
2026-08-16 11:47:19,092 [mcp.server.lowlevel.server] INFO: Processing request of type ListToolsRequest
2026-08-16 11:47:19,097 [oasis] INFO: Session journal saved: /home/alexander/Schreibtisch/ofa-v2/data/sessions/session_9ed973b8-ff82-4dfc-9a1e-81fcfc3a7a3d.json (1 events)
/home/alexander/Schreibtisch/ofa-v2/langgraph_eval/agent.py:215: RuntimeWarning: This package (`duckduckgo_search`) has been renamed to `ddgs`! Use `pip install ddgs` instead.
  with DDGS() as ddgs:
/home/alexander/Schreibtisch/ofa-v2/langgraph_eval/agent.py:215: RuntimeWarning: This package (`duckduckgo_search`) has been renamed to `ddgs`! Use `pip install ddgs` instead.
  with DDGS() as ddgs:
/home/alexander/Schreibtisch/ofa-v2/langgraph_eval/agent.py:215: RuntimeWarning: This package (`duckduckgo_search`) has been renamed to `ddgs`! Use `pip install ddgs` instead.
  with DDGS() as ddgs:
/home/alexander/Schreibtisch/ofa-v2/langgraph_eval/agent.py:215: RuntimeWarning: This package (`duckduckgo_search`) has been renamed to `ddgs`! Use `pip install ddgs` instead.
  with DDGS() as ddgs:
/home/alexander/Schreibtisch/ofa-v2/langgraph_eval/agent.py:215: RuntimeWarning: This package (`duckduckgo_search`) has been renamed to `ddgs`! Use `pip install ddgs` instead.
  with DDGS() as ddgs:
/home/alexander/Schreibtisch/ofa-v2/langgraph_eval/agent.py:215: RuntimeWarning: This package (`duckduckgo_search`) has been renamed to `ddgs`! Use `pip install ddgs` instead.
  with DDGS() as ddgs:
2026-08-16 11:49:30,094 [oasis.registry] INFO: Loaded discovered config: 5 backends
2026-08-16 11:49:30,095 [oasis.registry] INFO: Registered backend: 4C Multiphysics (fourc)
2026-08-16 11:49:30,096 [oasis.registry] INFO: Registered backend: FEniCSx (dolfinx) (fenics)
2026-08-16 11:49:30,096 [oasis.registry] INFO: Registered backend: deal.II (dealii)
2026-08-16 11:49:30,100 [oasis.registry] INFO: Registered backend: FEBio (febio)
2026-08-16 11:49:30,102 [oasis.registry] INFO: Registered backend: NGSolve (ngsolve)
2026-08-16 11:49:30,102 [oasis.ngsolve] INFO: NGSolve backend registered
2026-08-16 11:49:30,105 [oasis.registry] INFO: Registered backend: scikit-fem (skfem)
2026-08-16 11:49:30,105 [oasis.skfem] INFO: scikit-fem backend registered
2026-08-16 11:49:30,108 [oasis.registry] INFO: Registered backend: Kratos Multiphysics (kratos)
2026-08-16 11:49:30,109 [oasis.kratos] INFO: Kratos Multiphysics backend registered
2026-08-16 11:49:30,111 [oasis.registry] INFO: Registered backend: DUNE-fem (dune)
2026-08-16 11:49:30,111 [oasis.dune] INFO: DUNE-fem backend registered
2026-08-16 11:49:30,116 [oasis.registry] INFO: Registered backend: SPARTA (DSMC) (sparta)
2026-08-16 11:49:30,116 [oasis.sparta] INFO: SPARTA (DSMC) backend registered
2026-08-16 11:49:30,116 [oasis] INFO: Starting OASiS MCP server
2026-08-16 11:49:30,123 [mcp.server.lowlevel.server] INFO: Processing request of type CallToolRequest
2026-08-16 11:49:31,020 [mcp.server.lowlevel.server] INFO: Processing request of type ListToolsRequest
2026-08-16 11:49:31,028 [oasis] INFO: Session journal saved: /home/alexander/Schreibtisch/ofa-v2/data/sessions/session_133360bc-e26a-4aca-91a3-afa99f1624f0.json (2 events)
[preflight] custody controls verified for 1 problem(s); keys sealed and unreadable by execution
[phase: development] results are for post-mortems and convergence checking, NOT for the paper's evaluation table.
[FE2 27b MCP s1] done  calls=9 tok=760933/21113 921.4s
/home/alexander/Schreibtisch/ofa-v2/campaign3_blind/run_blind.py:521: ResourceWarning: unclosed file <_io.TextIOWrapper name='/home/alexander/Schreibtisch/ofa-v2/campaign3_blind/runs/FE2_27b_MCP_seed1/work/trajectory_live.txt' mode='a' encoding='utf-8'>
  run_one(pid, a.model, cond, a.seed, a.timeout)
ResourceWarning: Enable tracemalloc to get the object allocation traceback
/home/alexander/.local/share/python/cpython-3.12.13-linux-x86_64-gnu/lib/python3.12/asyncio/selector_events.py:879: ResourceWarning: unclosed transport <_SelectorSocketTransport fd=8>
<<< cell FE2 done 2026-08-16 11:49:39
[preflight] custody controls verified for 1 problem(s); keys sealed and unreadable by execution
[phase: development] results are for post-mortems and convergence checking, NOT for the paper's evaluation table.
[FE1 27b MCP s1] done  calls=47 tok=4759190/45793 1378.0s
/home/alexander/Schreibtisch/ofa-v2/campaign3_blind/run_blind.py:521: ResourceWarning: unclosed file <_io.TextIOWrapper name='/home/alexander/Schreibtisch/ofa-v2/campaign3_blind/runs/FE1_27b_MCP_seed1/work/trajectory_live.txt' mode='a' encoding='utf-8'>
  run_one(pid, a.model, cond, a.seed, a.timeout)
ResourceWarning: Enable tracemalloc to get the object allocation traceback
/home/alexander/.local/share/python/cpython-3.12.13-linux-x86_64-gnu/lib/python3.12/asyncio/selector_events.py:879: ResourceWarning: unclosed transport <_SelectorSocketTransport fd=8>
<<< cell FE1 done 2026-08-16 11:50:15
[preflight] custody controls verified for 1 problem(s); keys sealed and unreadable by execution
[phase: development] results are for post-mortems and convergence checking, NOT for the paper's evaluation table.
[NG1 27b BARE s1] done  calls=124 tok=3701548/38943 803.4s  ERR RecursionLimit: exhausted 250 graph steps
2026-08-16 12:03:32,841 [oasis.registry] INFO: Loaded discovered config: 5 backends
2026-08-16 12:03:32,842 [oasis.registry] INFO: Registered backend: 4C Multiphysics (fourc)
2026-08-16 12:03:32,842 [oasis.registry] INFO: Registered backend: FEniCSx (dolfinx) (fenics)
2026-08-16 12:03:32,843 [oasis.registry] INFO: Registered backend: deal.II (dealii)
2026-08-16 12:03:32,846 [oasis.registry] INFO: Registered backend: FEBio (febio)
2026-08-16 12:03:32,849 [oasis.registry] INFO: Registered backend: NGSolve (ngsolve)
2026-08-16 12:03:32,849 [oasis.ngsolve] INFO: NGSolve backend registered
2026-08-16 12:03:32,851 [oasis.registry] INFO: Registered backend: scikit-fem (skfem)
2026-08-16 12:03:32,851 [oasis.skfem] INFO: scikit-fem backend registered
2026-08-16 12:03:32,855 [oasis.registry] INFO: Registered backend: Kratos Multiphysics (kratos)
2026-08-16 12:03:32,855 [oasis.kratos] INFO: Kratos Multiphysics backend registered
2026-08-16 12:03:32,857 [oasis.registry] INFO: Registered backend: DUNE-fem (dune)
2026-08-16 12:03:32,857 [oasis.dune] INFO: DUNE-fem backend registered
2026-08-16 12:03:32,862 [oasis.registry] INFO: Registered backend: SPARTA (DSMC) (sparta)
2026-08-16 12:03:32,862 [oasis.sparta] INFO: SPARTA (DSMC) backend registered
2026-08-16 12:03:32,862 [oasis] INFO: Starting OASiS MCP server
2026-08-16 12:03:32,871 [mcp.server.lowlevel.server] INFO: Processing request of type ListToolsRequest
2026-08-16 12:03:44,495 [oasis.registry] INFO: Loaded discovered config: 5 backends
2026-08-16 12:03:44,496 [oasis.registry] INFO: Registered backend: 4C Multiphysics (fourc)
2026-08-16 12:03:44,496 [oasis.registry] INFO: Registered backend: FEniCSx (dolfinx) (fenics)
2026-08-16 12:03:44,497 [oasis.registry] INFO: Registered backend: deal.II (dealii)
2026-08-16 12:03:44,501 [oasis.registry] INFO: Registered backend: FEBio (febio)
2026-08-16 12:03:44,503 [oasis.registry] INFO: Registered backend: NGSolve (ngsolve)
2026-08-16 12:03:44,503 [oasis.ngsolve] INFO: NGSolve backend registered
2026-08-16 12:03:44,506 [oasis.registry] INFO: Registered backend: scikit-fem (skfem)
2026-08-16 12:03:44,506 [oasis.skfem] INFO: scikit-fem backend registered
2026-08-16 12:03:44,509 [oasis.registry] INFO: Registered backend: Kratos Multiphysics (kratos)
2026-08-16 12:03:44,509 [oasis.kratos] INFO: Kratos Multiphysics backend registered
2026-08-16 12:03:44,512 [oasis.registry] INFO: Registered backend: DUNE-fem (dune)
2026-08-16 12:03:44,512 [oasis.dune] INFO: DUNE-fem backend registered
2026-08-16 12:03:44,517 [oasis.registry] INFO: Registered backend: SPARTA (DSMC) (sparta)
2026-08-16 12:03:44,517 [oasis.sparta] INFO: SPARTA (DSMC) backend registered
2026-08-16 12:03:44,517 [oasis] INFO: Starting OASiS MCP server
2026-08-16 12:03:44,525 [mcp.server.lowlevel.server] INFO: Processing request of type CallToolRequest
2026-08-16 12:03:47,761 [mcp.server.lowlevel.server] INFO: Processing request of type ListToolsRequest
2026-08-16 12:03:47,769 [oasis] INFO: Session journal saved: /home/alexander/Schreibtisch/ofa-v2/data/sessions/session_2d4e8e17-76a0-4330-b1b8-eef8e9947e79.json (1 events)
/home/alexander/Schreibtisch/ofa-v2/langgraph_eval/agent.py:215: RuntimeWarning: This package (`duckduckgo_search`) has been renamed to `ddgs`! Use `pip install ddgs` instead.
  with DDGS() as ddgs:
/home/alexander/Schreibtisch/ofa-v2/langgraph_eval/agent.py:215: RuntimeWarning: This package (`duckduckgo_search`) has been renamed to `ddgs`! Use `pip install ddgs` instead.
  with DDGS() as ddgs:
/home/alexander/Schreibtisch/ofa-v2/langgraph_eval/agent.py:215: RuntimeWarning: This package (`duckduckgo_search`) has been renamed to `ddgs`! Use `pip install ddgs` instead.
  with DDGS() as ddgs:
2026-08-16 12:04:05,096 [oasis.registry] INFO: Loaded discovered config: 5 backends
2026-08-16 12:04:05,097 [oasis.registry] INFO: Registered backend: 4C Multiphysics (fourc)
2026-08-16 12:04:05,098 [oasis.registry] INFO: Registered backend: FEniCSx (dolfinx) (fenics)
2026-08-16 12:04:05,099 [oasis.registry] INFO: Registered backend: deal.II (dealii)
2026-08-16 12:04:05,103 [oasis.registry] INFO: Registered backend: FEBio (febio)
2026-08-16 12:04:05,105 [oasis.registry] INFO: Registered backend: NGSolve (ngsolve)
2026-08-16 12:04:05,105 [oasis.ngsolve] INFO: NGSolve backend registered
2026-08-16 12:04:05,108 [oasis.registry] INFO: Registered backend: scikit-fem (skfem)
2026-08-16 12:04:05,108 [oasis.skfem] INFO: scikit-fem backend registered
2026-08-16 12:04:05,111 [oasis.registry] INFO: Registered backend: Kratos Multiphysics (kratos)
2026-08-16 12:04:05,111 [oasis.kratos] INFO: Kratos Multiphysics backend registered
2026-08-16 12:04:05,114 [oasis.registry] INFO: Registered backend: DUNE-fem (dune)
2026-08-16 12:04:05,114 [oasis.dune] INFO: DUNE-fem backend registered
2026-08-16 12:04:05,119 [oasis.registry] INFO: Registered backend: SPARTA (DSMC) (sparta)
2026-08-16 12:04:05,119 [oasis.sparta] INFO: SPARTA (DSMC) backend registered
2026-08-16 12:04:05,119 [oasis] INFO: Starting OASiS MCP server
2026-08-16 12:04:05,127 [mcp.server.lowlevel.server] INFO: Processing request of type CallToolRequest
2026-08-16 12:04:05,135 [mcp.server.lowlevel.server] INFO: Processing request of type ListToolsRequest
2026-08-16 12:04:05,140 [oasis] INFO: Session journal saved: /home/alexander/Schreibtisch/ofa-v2/data/sessions/session_52a303e0-41b3-426a-b785-873b12d78d0c.json (1 events)
/home/alexander/Schreibtisch/ofa-v2/langgraph_eval/agent.py:215: RuntimeWarning: This package (`duckduckgo_search`) has been renamed to `ddgs`! Use `pip install ddgs` instead.
  with DDGS() as ddgs:
/home/alexander/Schreibtisch/ofa-v2/langgraph_eval/agent.py:215: RuntimeWarning: This package (`duckduckgo_search`) has been renamed to `ddgs`! Use `pip install ddgs` instead.
  with DDGS() as ddgs:
2026-08-16 12:04:09,312 [oasis.registry] INFO: Loaded discovered config: 5 backends
2026-08-16 12:04:09,313 [oasis.registry] INFO: Registered backend: 4C Multiphysics (fourc)
2026-08-16 12:04:09,313 [oasis.registry] INFO: Registered backend: FEniCSx (dolfinx) (fenics)
2026-08-16 12:04:09,314 [oasis.registry] INFO: Registered backend: deal.II (dealii)
2026-08-16 12:04:09,318 [oasis.registry] INFO: Registered backend: FEBio (febio)
2026-08-16 12:04:09,320 [oasis.registry] INFO: Registered backend: NGSolve (ngsolve)
2026-08-16 12:04:09,320 [oasis.ngsolve] INFO: NGSolve backend registered
2026-08-16 12:04:09,323 [oasis.registry] INFO: Registered backend: scikit-fem (skfem)
2026-08-16 12:04:09,323 [oasis.skfem] INFO: scikit-fem backend registered
2026-08-16 12:04:09,326 [oasis.registry] INFO: Registered backend: Kratos Multiphysics (kratos)
2026-08-16 12:04:09,326 [oasis.kratos] INFO: Kratos Multiphysics backend registered
2026-08-16 12:04:09,329 [oasis.registry] INFO: Registered backend: DUNE-fem (dune)
2026-08-16 12:04:09,329 [oasis.dune] INFO: DUNE-fem backend registered
2026-08-16 12:04:09,334 [oasis.registry] INFO: Registered backend: SPARTA (DSMC) (sparta)
2026-08-16 12:04:09,334 [oasis.sparta] INFO: SPARTA (DSMC) backend registered
2026-08-16 12:04:09,334 [oasis] INFO: Starting OASiS MCP server
2026-08-16 12:04:09,342 [mcp.server.lowlevel.server] INFO: Processing request of type CallToolRequest
2026-08-16 12:04:09,346 [mcp.server.lowlevel.server] INFO: Processing request of type ListToolsRequest
/home/alexander/Schreibtisch/ofa-v2/langgraph_eval/agent.py:215: RuntimeWarning: This package (`duckduckgo_search`) has been renamed to `ddgs`! Use `pip install ddgs` instead.
  with DDGS() as ddgs:
2026-08-16 12:04:22,440 [oasis.registry] INFO: Loaded discovered config: 5 backends
2026-08-16 12:04:22,441 [oasis.registry] INFO: Registered backend: 4C Multiphysics (fourc)
2026-08-16 12:04:22,442 [oasis.registry] INFO: Registered backend: FEniCSx (dolfinx) (fenics)
2026-08-16 12:04:22,442 [oasis.registry] INFO: Registered backend: deal.II (dealii)
2026-08-16 12:04:22,446 [oasis.registry] INFO: Registered backend: FEBio (febio)
2026-08-16 12:04:22,448 [oasis.registry] INFO: Loaded discovered config: 5 backends
2026-08-16 12:04:22,449 [oasis.registry] INFO: Registered backend: NGSolve (ngsolve)
2026-08-16 12:04:22,449 [oasis.ngsolve] INFO: NGSolve backend registered
2026-08-16 12:04:22,449 [oasis.registry] INFO: Registered backend: 4C Multiphysics (fourc)
2026-08-16 12:04:22,450 [oasis.registry] INFO: Registered backend: FEniCSx (dolfinx) (fenics)
2026-08-16 12:04:22,450 [oasis.registry] INFO: Registered backend: deal.II (dealii)
2026-08-16 12:04:22,451 [oasis.registry] INFO: Registered backend: scikit-fem (skfem)
2026-08-16 12:04:22,451 [oasis.skfem] INFO: scikit-fem backend registered
2026-08-16 12:04:22,454 [oasis.registry] INFO: Registered backend: FEBio (febio)
2026-08-16 12:04:22,455 [oasis.registry] INFO: Registered backend: Kratos Multiphysics (kratos)
2026-08-16 12:04:22,455 [oasis.kratos] INFO: Kratos Multiphysics backend registered
2026-08-16 12:04:22,456 [oasis.registry] INFO: Registered backend: NGSolve (ngsolve)
2026-08-16 12:04:22,456 [oasis.ngsolve] INFO: NGSolve backend registered
2026-08-16 12:04:22,457 [oasis.registry] INFO: Registered backend: DUNE-fem (dune)
2026-08-16 12:04:22,457 [oasis.dune] INFO: DUNE-fem backend registered
2026-08-16 12:04:22,459 [oasis.registry] INFO: Registered backend: scikit-fem (skfem)
2026-08-16 12:04:22,459 [oasis.skfem] INFO: scikit-fem backend registered
2026-08-16 12:04:22,462 [oasis.registry] INFO: Registered backend: SPARTA (DSMC) (sparta)
2026-08-16 12:04:22,463 [oasis.sparta] INFO: SPARTA (DSMC) backend registered
2026-08-16 12:04:22,463 [oasis] INFO: Starting OASiS MCP server
2026-08-16 12:04:22,463 [oasis.registry] INFO: Registered backend: Kratos Multiphysics (kratos)
2026-08-16 12:04:22,463 [oasis.kratos] INFO: Kratos Multiphysics backend registered
2026-08-16 12:04:22,465 [oasis.registry] INFO: Registered backend: DUNE-fem (dune)
2026-08-16 12:04:22,465 [oasis.dune] INFO: DUNE-fem backend registered
2026-08-16 12:04:22,470 [mcp.server.lowlevel.server] INFO: Processing request of type CallToolRequest
2026-08-16 12:04:22,470 [oasis.registry] INFO: Registered backend: SPARTA (DSMC) (sparta)
2026-08-16 12:04:22,470 [oasis.sparta] INFO: SPARTA (DSMC) backend registered
2026-08-16 12:04:22,470 [oasis] INFO: Starting OASiS MCP server
2026-08-16 12:04:22,473 [mcp.server.lowlevel.server] INFO: Processing request of type ListToolsRequest
2026-08-16 12:04:22,478 [mcp.server.lowlevel.server] INFO: Processing request of type CallToolRequest
2026-08-16 12:04:22,482 [mcp.server.lowlevel.server] INFO: Processing request of type ListToolsRequest
2026-08-16 12:04:22,487 [oasis] INFO: Session journal saved: /home/alexander/Schreibtisch/ofa-v2/data/sessions/session_d042f954-1148-4a8e-84d3-eb843dd090c4.json (1 events)
/home/alexander/Schreibtisch/ofa-v2/langgraph_eval/agent.py:215: RuntimeWarning: This package (`duckduckgo_search`) has been renamed to `ddgs`! Use `pip install ddgs` instead.
  with DDGS() as ddgs:
/home/alexander/Schreibtisch/ofa-v2/langgraph_eval/agent.py:215: RuntimeWarning: This package (`duckduckgo_search`) has been renamed to `ddgs`! Use `pip install ddgs` instead.
  with DDGS() as ddgs:
/home/alexander/Schreibtisch/ofa-v2/langgraph_eval/agent.py:215: RuntimeWarning: This package (`duckduckgo_search`) has been renamed to `ddgs`! Use `pip install ddgs` instead.
  with DDGS() as ddgs:
/home/alexander/Schreibtisch/ofa-v2/langgraph_eval/agent.py:290: LangGraphDeprecatedSinceV10: create_react_agent has been moved to `langchain.agents`. Please update your import to `from langchain.agents import create_agent`. Deprecated in LangGraph V1.0 to be removed in V2.0.
  sub_agent = create_react_agent(
/home/alexander/Schreibtisch/ofa-v2/langgraph_eval/agent.py:215: RuntimeWarning: This package (`duckduckgo_search`) has been renamed to `ddgs`! Use `pip install ddgs` instead.
  with DDGS() as ddgs:
/home/alexander/Schreibtisch/ofa-v2/langgraph_eval/agent.py:215: RuntimeWarning: This package (`duckduckgo_search`) has been renamed to `ddgs`! Use `pip install ddgs` instead.
  with DDGS() as ddgs:
2026-08-16 12:05:05,289 [oasis.registry] INFO: Loaded discovered config: 5 backends
2026-08-16 12:05:05,289 [oasis.registry] INFO: Loaded discovered config: 5 backends
2026-08-16 12:05:05,290 [oasis.registry] INFO: Registered backend: 4C Multiphysics (fourc)
2026-08-16 12:05:05,291 [oasis.registry] INFO: Registered backend: 4C Multiphysics (fourc)
2026-08-16 12:05:05,291 [oasis.registry] INFO: Registered backend: FEniCSx (dolfinx) (fenics)
2026-08-16 12:05:05,291 [oasis.registry] INFO: Registered backend: FEniCSx (dolfinx) (fenics)
2026-08-16 12:05:05,291 [oasis.registry] INFO: Registered backend: deal.II (dealii)
2026-08-16 12:05:05,292 [oasis.registry] INFO: Registered backend: deal.II (dealii)
2026-08-16 12:05:05,295 [oasis.registry] INFO: Registered backend: FEBio (febio)
2026-08-16 12:05:05,296 [oasis.registry] INFO: Registered backend: FEBio (febio)
2026-08-16 12:05:05,298 [oasis.registry] INFO: Registered backend: NGSolve (ngsolve)
2026-08-16 12:05:05,298 [oasis.ngsolve] INFO: NGSolve backend registered
2026-08-16 12:05:05,298 [oasis.registry] INFO: Registered backend: NGSolve (ngsolve)
2026-08-16 12:05:05,298 [oasis.ngsolve] INFO: NGSolve backend registered
2026-08-16 12:05:05,300 [oasis.registry] INFO: Registered backend: scikit-fem (skfem)
2026-08-16 12:05:05,300 [oasis.skfem] INFO: scikit-fem backend registered
2026-08-16 12:05:05,301 [oasis.registry] INFO: Registered backend: scikit-fem (skfem)
2026-08-16 12:05:05,301 [oasis.skfem] INFO: scikit-fem backend registered
2026-08-16 12:05:05,304 [oasis.registry] INFO: Registered backend: Kratos Multiphysics (kratos)
2026-08-16 12:05:05,304 [oasis.kratos] INFO: Kratos Multiphysics backend registered
2026-08-16 12:05:05,304 [oasis.registry] INFO: Registered backend: Kratos Multiphysics (kratos)
2026-08-16 12:05:05,304 [oasis.kratos] INFO: Kratos Multiphysics backend registered
2026-08-16 12:05:05,307 [oasis.registry] INFO: Registered backend: DUNE-fem (dune)
2026-08-16 12:05:05,307 [oasis.dune] INFO: DUNE-fem backend registered
2026-08-16 12:05:05,307 [oasis.registry] INFO: Registered backend: DUNE-fem (dune)
2026-08-16 12:05:05,307 [oasis.dune] INFO: DUNE-fem backend registered
2026-08-16 12:05:05,312 [oasis.registry] INFO: Registered backend: SPARTA (DSMC) (sparta)
2026-08-16 12:05:05,312 [oasis.sparta] INFO: SPARTA (DSMC) backend registered
2026-08-16 12:05:05,312 [oasis] INFO: Starting OASiS MCP server
2026-08-16 12:05:05,312 [oasis.registry] INFO: Registered backend: SPARTA (DSMC) (sparta)
2026-08-16 12:05:05,312 [oasis.sparta] INFO: SPARTA (DSMC) backend registered
2026-08-16 12:05:05,312 [oasis] INFO: Starting OASiS MCP server
2026-08-16 12:05:05,320 [mcp.server.lowlevel.server] INFO: Processing request of type CallToolRequest
2026-08-16 12:05:05,320 [mcp.server.lowlevel.server] INFO: Processing request of type CallToolRequest
2026-08-16 12:05:05,325 [mcp.server.lowlevel.server] INFO: Processing request of type ListToolsRequest
2026-08-16 12:05:05,326 [mcp.server.lowlevel.server] INFO: Processing request of type ListToolsRequest
2026-08-16 12:05:05,333 [oasis] INFO: Session journal saved: /home/alexander/Schreibtisch/ofa-v2/data/sessions/session_dac6bcc8-5f5f-4a11-b516-7c213f05658e.json (1 events)
/home/alexander/Schreibtisch/ofa-v2/langgraph_eval/agent.py:215: RuntimeWarning: This package (`duckduckgo_search`) has been renamed to `ddgs`! Use `pip install ddgs` instead.
  with DDGS() as ddgs:
/home/alexander/Schreibtisch/ofa-v2/langgraph_eval/agent.py:215: RuntimeWarning: This package (`duckduckgo_search`) has been renamed to `ddgs`! Use `pip install ddgs` instead.
  with DDGS() as ddgs:
/home/alexander/Schreibtisch/ofa-v2/langgraph_eval/agent.py:215: RuntimeWarning: This package (`duckduckgo_search`) has been renamed to `ddgs`! Use `pip install ddgs` instead.
  with DDGS() as ddgs:
/home/alexander/Schreibtisch/ofa-v2/langgraph_eval/agent.py:215: RuntimeWarning: This package (`duckduckgo_search`) has been renamed to `ddgs`! Use `pip install ddgs` instead.
  with DDGS() as ddgs:
/home/alexander/Schreibtisch/ofa-v2/langgraph_eval/agent.py:215: RuntimeWarning: This package (`duckduckgo_search`) has been renamed to `ddgs`! Use `pip install ddgs` instead.
  with DDGS() as ddgs:
/home/alexander/Schreibtisch/ofa-v2/langgraph_eval/agent.py:215: RuntimeWarning: This package (`duckduckgo_search`) has been renamed to `ddgs`! Use `pip install ddgs` instead.
  with DDGS() as ddgs:
/home/alexander/Schreibtisch/ofa-v2/langgraph_eval/agent.py:215: RuntimeWarning: This package (`duckduckgo_search`) has been renamed to `ddgs`! Use `pip install ddgs` instead.
  with DDGS() as ddgs:
/home/alexander/Schreibtisch/ofa-v2/langgraph_eval/agent.py:215: RuntimeWarning: This package (`duckduckgo_search`) has been renamed to `ddgs`! Use `pip install ddgs` instead.
  with DDGS() as ddgs:
/home/alexander/Schreibtisch/ofa-v2/langgraph_eval/agent.py:215: RuntimeWarning: This package (`duckduckgo_search`) has been renamed to `ddgs`! Use `pip install ddgs` instead.
  with DDGS() as ddgs:
/home/alexander/Schreibtisch/ofa-v2/langgraph_eval/agent.py:215: RuntimeWarning: This package (`duckduckgo_search`) has been renamed to `ddgs`! Use `pip install ddgs` instead.
  with DDGS() as ddgs:
/home/alexander/Schreibtisch/ofa-v2/langgraph_eval/agent.py:215: RuntimeWarning: This package (`duckduckgo_search`) has been renamed to `ddgs`! Use `pip install ddgs` instead.
  with DDGS() as ddgs:
/home/alexander/Schreibtisch/ofa-v2/langgraph_eval/agent.py:215: RuntimeWarning: This package (`duckduckgo_search`) has been renamed to `ddgs`! Use `pip install ddgs` instead.
  with DDGS() as ddgs:
/home/alexander/Schreibtisch/ofa-v2/langgraph_eval/agent.py:215: RuntimeWarning: This package (`duckduckgo_search`) has been renamed to `ddgs`! Use `pip install ddgs` instead.
  with DDGS() as ddgs:
/home/alexander/Schreibtisch/ofa-v2/langgraph_eval/agent.py:215: RuntimeWarning: This package (`duckduckgo_search`) has been renamed to `ddgs`! Use `pip install ddgs` instead.
  with DDGS() as ddgs:
2026-08-16 12:05:31,231 [oasis.registry] INFO: Loaded discovered config: 5 backends
2026-08-16 12:05:31,232 [oasis.registry] INFO: Registered backend: 4C Multiphysics (fourc)
2026-08-16 12:05:31,233 [oasis.registry] INFO: Registered backend: FEniCSx (dolfinx) (fenics)
2026-08-16 12:05:31,233 [oasis.registry] INFO: Registered backend: deal.II (dealii)
2026-08-16 12:05:31,237 [oasis.registry] INFO: Registered backend: FEBio (febio)
2026-08-16 12:05:31,239 [oasis.registry] INFO: Registered backend: NGSolve (ngsolve)
2026-08-16 12:05:31,239 [oasis.ngsolve] INFO: NGSolve backend registered
2026-08-16 12:05:31,242 [oasis.registry] INFO: Registered backend: scikit-fem (skfem)
2026-08-16 12:05:31,242 [oasis.skfem] INFO: scikit-fem backend registered
2026-08-16 12:05:31,246 [oasis.registry] INFO: Registered backend: Kratos Multiphysics (kratos)
2026-08-16 12:05:31,246 [oasis.kratos] INFO: Kratos Multiphysics backend registered
2026-08-16 12:05:31,248 [oasis.registry] INFO: Registered backend: DUNE-fem (dune)
2026-08-16 12:05:31,248 [oasis.dune] INFO: DUNE-fem backend registered
2026-08-16 12:05:31,253 [oasis.registry] INFO: Registered backend: SPARTA (DSMC) (sparta)
2026-08-16 12:05:31,253 [oasis.sparta] INFO: SPARTA (DSMC) backend registered
2026-08-16 12:05:31,253 [oasis] INFO: Starting OASiS MCP server
2026-08-16 12:05:31,260 [mcp.server.lowlevel.server] INFO: Processing request of type CallToolRequest
2026-08-16 12:05:31,268 [mcp.server.lowlevel.server] INFO: Processing request of type ListToolsRequest
2026-08-16 12:05:31,275 [oasis] INFO: Session journal saved: /home/alexander/Schreibtisch/ofa-v2/data/sessions/session_e992b82c-62df-4145-bd9b-1478fa2e12e5.json (1 events)
2026-08-16 12:05:35,114 [oasis.registry] INFO: Loaded discovered config: 5 backends
2026-08-16 12:05:35,115 [oasis.registry] INFO: Registered backend: 4C Multiphysics (fourc)
2026-08-16 12:05:35,115 [oasis.registry] INFO: Registered backend: FEniCSx (dolfinx) (fenics)
2026-08-16 12:05:35,116 [oasis.registry] INFO: Registered backend: deal.II (dealii)
2026-08-16 12:05:35,120 [oasis.registry] INFO: Registered backend: FEBio (febio)
2026-08-16 12:05:35,122 [oasis.registry] INFO: Registered backend: NGSolve (ngsolve)
2026-08-16 12:05:35,122 [oasis.ngsolve] INFO: NGSolve backend registered
2026-08-16 12:05:35,125 [oasis.registry] INFO: Registered backend: scikit-fem (skfem)
2026-08-16 12:05:35,125 [oasis.skfem] INFO: scikit-fem backend registered
2026-08-16 12:05:35,128 [oasis.registry] INFO: Registered backend: Kratos Multiphysics (kratos)
2026-08-16 12:05:35,128 [oasis.kratos] INFO: Kratos Multiphysics backend registered
2026-08-16 12:05:35,131 [oasis.registry] INFO: Registered backend: DUNE-fem (dune)
2026-08-16 12:05:35,131 [oasis.dune] INFO: DUNE-fem backend registered
2026-08-16 12:05:35,136 [oasis.registry] INFO: Registered backend: SPARTA (DSMC) (sparta)
2026-08-16 12:05:35,136 [oasis.sparta] INFO: SPARTA (DSMC) backend registered
2026-08-16 12:05:35,136 [oasis] INFO: Starting OASiS MCP server
2026-08-16 12:05:35,143 [mcp.server.lowlevel.server] INFO: Processing request of type CallToolRequest
2026-08-16 12:05:35,151 [mcp.server.lowlevel.server] INFO: Processing request of type ListToolsRequest
2026-08-16 12:05:35,156 [oasis] INFO: Session journal saved: /home/alexander/Schreibtisch/ofa-v2/data/sessions/session_987a7879-4acd-43bd-9867-df10ffdb11df.json (1 events)
/home/alexander/Schreibtisch/ofa-v2/langgraph_eval/agent.py:290: LangGraphDeprecatedSinceV10: create_react_agent has been moved to `langchain.agents`. Please update your import to `from langchain.agents import create_agent`. Deprecated in LangGraph V1.0 to be removed in V2.0.
  sub_agent = create_react_agent(
/home/alexander/Schreibtisch/ofa-v2/langgraph_eval/agent.py:290: LangGraphDeprecatedSinceV10: create_react_agent has been moved to `langchain.agents`. Please update your import to `from langchain.agents import create_agent`. Deprecated in LangGraph V1.0 to be removed in V2.0.
  sub_agent = create_react_agent(
/home/alexander/Schreibtisch/ofa-v2/langgraph_eval/agent.py:215: RuntimeWarning: This package (`duckduckgo_search`) has been renamed to `ddgs`! Use `pip install ddgs` instead.
  with DDGS() as ddgs:
/home/alexander/Schreibtisch/ofa-v2/langgraph_eval/agent.py:215: RuntimeWarning: This package (`duckduckgo_search`) has been renamed to `ddgs`! Use `pip install ddgs` instead.
  with DDGS() as ddgs:
/home/alexander/Schreibtisch/ofa-v2/langgraph_eval/agent.py:215: RuntimeWarning: This package (`duckduckgo_search`) has been renamed to `ddgs`! Use `pip install ddgs` instead.
  with DDGS() as ddgs:
/home/alexander/Schreibtisch/ofa-v2/langgraph_eval/agent.py:215: RuntimeWarning: This package (`duckduckgo_search`) has been renamed to `ddgs`! Use `pip install ddgs` instead.
  with DDGS() as ddgs:
/home/alexander/Schreibtisch/ofa-v2/langgraph_eval/agent.py:215: RuntimeWarning: This package (`duckduckgo_search`) has been renamed to `ddgs`! Use `pip install ddgs` instead.
  with DDGS() as ddgs:
/home/alexander/Schreibtisch/ofa-v2/langgraph_eval/agent.py:215: RuntimeWarning: This package (`duckduckgo_search`) has been renamed to `ddgs`! Use `pip install ddgs` instead.
  with DDGS() as ddgs:
/home/alexander/Schreibtisch/ofa-v2/langgraph_eval/agent.py:215: RuntimeWarning: This package (`duckduckgo_search`) has been renamed to `ddgs`! Use `pip install ddgs` instead.
  with DDGS() as ddgs:
/home/alexander/Schreibtisch/ofa-v2/langgraph_eval/agent.py:215: RuntimeWarning: This package (`duckduckgo_search`) has been renamed to `ddgs`! Use `pip install ddgs` instead.
  with DDGS() as ddgs:
/home/alexander/Schreibtisch/ofa-v2/langgraph_eval/agent.py:215: RuntimeWarning: This package (`duckduckgo_search`) has been renamed to `ddgs`! Use `pip install ddgs` instead.
  with DDGS() as ddgs:
/home/alexander/Schreibtisch/ofa-v2/langgraph_eval/agent.py:215: RuntimeWarning: This package (`duckduckgo_search`) has been renamed to `ddgs`! Use `pip install ddgs` instead.
  with DDGS() as ddgs:
2026-08-16 12:08:31,539 [oasis.registry] INFO: Loaded discovered config: 5 backends
2026-08-16 12:08:31,540 [oasis.registry] INFO: Registered backend: 4C Multiphysics (fourc)
2026-08-16 12:08:31,541 [oasis.registry] INFO: Registered backend: FEniCSx (dolfinx) (fenics)
2026-08-16 12:08:31,541 [oasis.registry] INFO: Registered backend: deal.II (dealii)
2026-08-16 12:08:31,545 [oasis.registry] INFO: Registered backend: FEBio (febio)
2026-08-16 12:08:31,547 [oasis.registry] INFO: Registered backend: NGSolve (ngsolve)
2026-08-16 12:08:31,547 [oasis.ngsolve] INFO: NGSolve backend registered
2026-08-16 12:08:31,550 [oasis.registry] INFO: Registered backend: scikit-fem (skfem)
2026-08-16 12:08:31,550 [oasis.skfem] INFO: scikit-fem backend registered
2026-08-16 12:08:31,554 [oasis.registry] INFO: Registered backend: Kratos Multiphysics (kratos)
2026-08-16 12:08:31,554 [oasis.kratos] INFO: Kratos Multiphysics backend registered
2026-08-16 12:08:31,556 [oasis.registry] INFO: Registered backend: DUNE-fem (dune)
2026-08-16 12:08:31,556 [oasis.dune] INFO: DUNE-fem backend registered
2026-08-16 12:08:31,561 [oasis.registry] INFO: Registered backend: SPARTA (DSMC) (sparta)
2026-08-16 12:08:31,561 [oasis.sparta] INFO: SPARTA (DSMC) backend registered
2026-08-16 12:08:31,561 [oasis] INFO: Starting OASiS MCP server
2026-08-16 12:08:31,568 [mcp.server.lowlevel.server] INFO: Processing request of type CallToolRequest
2026-08-16 12:08:31,571 [mcp.server.lowlevel.server] INFO: Processing request of type ListToolsRequest
2026-08-16 12:09:11,869 [oasis.registry] INFO: Loaded discovered config: 5 backends
2026-08-16 12:09:11,870 [oasis.registry] INFO: Registered backend: 4C Multiphysics (fourc)
2026-08-16 12:09:11,870 [oasis.registry] INFO: Registered backend: FEniCSx (dolfinx) (fenics)
2026-08-16 12:09:11,871 [oasis.registry] INFO: Registered backend: deal.II (dealii)
2026-08-16 12:09:11,875 [oasis.registry] INFO: Registered backend: FEBio (febio)
2026-08-16 12:09:11,877 [oasis.registry] INFO: Registered backend: NGSolve (ngsolve)
2026-08-16 12:09:11,877 [oasis.ngsolve] INFO: NGSolve backend registered
2026-08-16 12:09:11,880 [oasis.registry] INFO: Registered backend: scikit-fem (skfem)
2026-08-16 12:09:11,880 [oasis.skfem] INFO: scikit-fem backend registered
2026-08-16 12:09:11,883 [oasis.registry] INFO: Registered backend: Kratos Multiphysics (kratos)
2026-08-16 12:09:11,883 [oasis.kratos] INFO: Kratos Multiphysics backend registered
2026-08-16 12:09:11,886 [oasis.registry] INFO: Registered backend: DUNE-fem (dune)
2026-08-16 12:09:11,886 [oasis.dune] INFO: DUNE-fem backend registered
2026-08-16 12:09:11,891 [oasis.registry] INFO: Registered backend: SPARTA (DSMC) (sparta)
2026-08-16 12:09:11,891 [oasis.sparta] INFO: SPARTA (DSMC) backend registered
2026-08-16 12:09:11,891 [oasis] INFO: Starting OASiS MCP server
2026-08-16 12:09:11,899 [mcp.server.lowlevel.server] INFO: Processing request of type CallToolRequest
2026-08-16 12:09:12,670 [mcp.server.lowlevel.server] INFO: Processing request of type ListToolsRequest
2026-08-16 12:09:12,679 [oasis] INFO: Session journal saved: /home/alexander/Schreibtisch/ofa-v2/data/sessions/session_4d73eb2e-0009-4a1d-b089-4c44537da1f4.json (2 events)
2026-08-16 12:10:46,544 [oasis.registry] INFO: Loaded discovered config: 5 backends
2026-08-16 12:10:46,545 [oasis.registry] INFO: Registered backend: 4C Multiphysics (fourc)
2026-08-16 12:10:46,546 [oasis.registry] INFO: Registered backend: FEniCSx (dolfinx) (fenics)
2026-08-16 12:10:46,546 [oasis.registry] INFO: Registered backend: deal.II (dealii)
2026-08-16 12:10:46,550 [oasis.registry] INFO: Registered backend: FEBio (febio)
2026-08-16 12:10:46,552 [oasis.registry] INFO: Registered backend: NGSolve (ngsolve)
2026-08-16 12:10:46,552 [oasis.ngsolve] INFO: NGSolve backend registered
2026-08-16 12:10:46,555 [oasis.registry] INFO: Registered backend: scikit-fem (skfem)
2026-08-16 12:10:46,555 [oasis.skfem] INFO: scikit-fem backend registered
2026-08-16 12:10:46,559 [oasis.registry] INFO: Registered backend: Kratos Multiphysics (kratos)
2026-08-16 12:10:46,559 [oasis.kratos] INFO: Kratos Multiphysics backend registered
2026-08-16 12:10:46,561 [oasis.registry] INFO: Registered backend: DUNE-fem (dune)
2026-08-16 12:10:46,561 [oasis.dune] INFO: DUNE-fem backend registered
2026-08-16 12:10:46,566 [oasis.registry] INFO: Registered backend: SPARTA (DSMC) (sparta)
2026-08-16 12:10:46,566 [oasis.sparta] INFO: SPARTA (DSMC) backend registered
2026-08-16 12:10:46,566 [oasis] INFO: Starting OASiS MCP server
2026-08-16 12:10:46,574 [mcp.server.lowlevel.server] INFO: Processing request of type CallToolRequest
2026-08-16 12:10:46,578 [mcp.server.lowlevel.server] INFO: Processing request of type ListToolsRequest
2026-08-16 12:11:29,972 [oasis.registry] INFO: Loaded discovered config: 5 backends
2026-08-16 12:11:29,973 [oasis.registry] INFO: Registered backend: 4C Multiphysics (fourc)
2026-08-16 12:11:29,974 [oasis.registry] INFO: Registered backend: FEniCSx (dolfinx) (fenics)
2026-08-16 12:11:29,975 [oasis.registry] INFO: Registered backend: deal.II (dealii)
2026-08-16 12:11:29,978 [oasis.registry] INFO: Registered backend: FEBio (febio)
2026-08-16 12:11:29,981 [oasis.registry] INFO: Registered backend: NGSolve (ngsolve)
2026-08-16 12:11:29,981 [oasis.ngsolve] INFO: NGSolve backend registered
2026-08-16 12:11:29,983 [oasis.registry] INFO: Registered backend: scikit-fem (skfem)
2026-08-16 12:11:29,983 [oasis.skfem] INFO: scikit-fem backend registered
2026-08-16 12:11:29,987 [oasis.registry] INFO: Registered backend: Kratos Multiphysics (kratos)
2026-08-16 12:11:29,987 [oasis.kratos] INFO: Kratos Multiphysics backend registered
2026-08-16 12:11:29,989 [oasis.registry] INFO: Registered backend: DUNE-fem (dune)
2026-08-16 12:11:29,989 [oasis.dune] INFO: DUNE-fem backend registered
2026-08-16 12:11:29,994 [oasis.registry] INFO: Registered backend: SPARTA (DSMC) (sparta)
2026-08-16 12:11:29,994 [oasis.sparta] INFO: SPARTA (DSMC) backend registered
2026-08-16 12:11:29,995 [oasis] INFO: Starting OASiS MCP server
2026-08-16 12:11:30,002 [mcp.server.lowlevel.server] INFO: Processing request of type CallToolRequest
2026-08-16 12:11:31,431 [mcp.server.lowlevel.server] INFO: Processing request of type ListToolsRequest
2026-08-16 12:11:31,438 [oasis] INFO: Session journal saved: /home/alexander/Schreibtisch/ofa-v2/data/sessions/session_bf847917-048b-4265-a376-3026d1e9e08f.json (2 events)
/home/alexander/Schreibtisch/ofa-v2/langgraph_eval/agent.py:290: LangGraphDeprecatedSinceV10: create_react_agent has been moved to `langchain.agents`. Please update your import to `from langchain.agents import create_agent`. Deprecated in LangGraph V1.0 to be removed in V2.0.
  sub_agent = create_react_agent(
/home/alexander/Schreibtisch/ofa-v2/langgraph_eval/agent.py:215: RuntimeWarning: This package (`duckduckgo_search`) has been renamed to `ddgs`! Use `pip install ddgs` instead.
  with DDGS() as ddgs:
2026-08-16 12:12:00,347 [oasis.registry] INFO: Loaded discovered config: 5 backends
2026-08-16 12:12:00,348 [oasis.registry] INFO: Registered backend: 4C Multiphysics (fourc)
2026-08-16 12:12:00,349 [oasis.registry] INFO: Registered backend: FEniCSx (dolfinx) (fenics)
2026-08-16 12:12:00,349 [oasis.registry] INFO: Registered backend: deal.II (dealii)
2026-08-16 12:12:00,353 [oasis.registry] INFO: Registered backend: FEBio (febio)
2026-08-16 12:12:00,355 [oasis.registry] INFO: Registered backend: NGSolve (ngsolve)
2026-08-16 12:12:00,355 [oasis.ngsolve] INFO: NGSolve backend registered
2026-08-16 12:12:00,358 [oasis.registry] INFO: Registered backend: scikit-fem (skfem)
2026-08-16 12:12:00,358 [oasis.skfem] INFO: scikit-fem backend registered
2026-08-16 12:12:00,362 [oasis.registry] INFO: Registered backend: Kratos Multiphysics (kratos)
2026-08-16 12:12:00,362 [oasis.kratos] INFO: Kratos Multiphysics backend registered
2026-08-16 12:12:00,364 [oasis.registry] INFO: Registered backend: DUNE-fem (dune)
2026-08-16 12:12:00,364 [oasis.dune] INFO: DUNE-fem backend registered
2026-08-16 12:12:00,369 [oasis.registry] INFO: Registered backend: SPARTA (DSMC) (sparta)
2026-08-16 12:12:00,369 [oasis.sparta] INFO: SPARTA (DSMC) backend registered
2026-08-16 12:12:00,369 [oasis] INFO: Starting OASiS MCP server
2026-08-16 12:12:00,377 [mcp.server.lowlevel.server] INFO: Processing request of type CallToolRequest
2026-08-16 12:12:00,379 [mcp.server.lowlevel.server] INFO: Processing request of type ListToolsRequest
2026-08-16 12:12:00,385 [oasis] INFO: Session journal saved: /home/alexander/Schreibtisch/ofa-v2/data/sessions/session_f587f406-a8fa-462a-8e6a-ee79d2e77e19.json (1 events)
/home/alexander/Schreibtisch/ofa-v2/langgraph_eval/agent.py:215: RuntimeWarning: This package (`duckduckgo_search`) has been renamed to `ddgs`! Use `pip install ddgs` instead.
  with DDGS() as ddgs:
/home/alexander/Schreibtisch/ofa-v2/langgraph_eval/agent.py:215: RuntimeWarning: This package (`duckduckgo_search`) has been renamed to `ddgs`! Use `pip install ddgs` instead.
  with DDGS() as ddgs:
2026-08-16 12:12:04,073 [oasis.registry] INFO: Loaded discovered config: 5 backends
2026-08-16 12:12:04,074 [oasis.registry] INFO: Registered backend: 4C Multiphysics (fourc)
2026-08-16 12:12:04,074 [oasis.registry] INFO: Registered backend: FEniCSx (dolfinx) (fenics)
2026-08-16 12:12:04,075 [oasis.registry] INFO: Registered backend: deal.II (dealii)
2026-08-16 12:12:04,079 [oasis.registry] INFO: Registered backend: FEBio (febio)
2026-08-16 12:12:04,081 [oasis.registry] INFO: Registered backend: NGSolve (ngsolve)
2026-08-16 12:12:04,081 [oasis.ngsolve] INFO: NGSolve backend registered
2026-08-16 12:12:04,084 [oasis.registry] INFO: Registered backend: scikit-fem (skfem)
2026-08-16 12:12:04,084 [oasis.skfem] INFO: scikit-fem backend registered
2026-08-16 12:12:04,089 [oasis.registry] INFO: Registered backend: Kratos Multiphysics (kratos)
2026-08-16 12:12:04,089 [oasis.kratos] INFO: Kratos Multiphysics backend registered
2026-08-16 12:12:04,092 [oasis.registry] INFO: Registered backend: DUNE-fem (dune)
2026-08-16 12:12:04,092 [oasis.dune] INFO: DUNE-fem backend registered
2026-08-16 12:12:04,097 [oasis.registry] INFO: Registered backend: SPARTA (DSMC) (sparta)
2026-08-16 12:12:04,097 [oasis.sparta] INFO: SPARTA (DSMC) backend registered
2026-08-16 12:12:04,097 [oasis] INFO: Starting OASiS MCP server
2026-08-16 12:12:04,106 [mcp.server.lowlevel.server] INFO: Processing request of type CallToolRequest
2026-08-16 12:12:04,109 [mcp.server.lowlevel.server] INFO: Processing request of type ListToolsRequest
2026-08-16 12:12:04,116 [oasis] INFO: Session journal saved: /home/alexander/Schreibtisch/ofa-v2/data/sessions/session_22cce69c-dfe0-4269-aed8-ee773217d505.json (1 events)
/home/alexander/Schreibtisch/ofa-v2/langgraph_eval/agent.py:215: RuntimeWarning: This package (`duckduckgo_search`) has been renamed to `ddgs`! Use `pip install ddgs` instead.
  with DDGS() as ddgs:
2026-08-16 12:12:06,389 [oasis.registry] INFO: Loaded discovered config: 5 backends
2026-08-16 12:12:06,390 [oasis.registry] INFO: Registered backend: 4C Multiphysics (fourc)
2026-08-16 12:12:06,391 [oasis.registry] INFO: Registered backend: FEniCSx (dolfinx) (fenics)
2026-08-16 12:12:06,391 [oasis.registry] INFO: Registered backend: deal.II (dealii)
2026-08-16 12:12:06,395 [oasis.registry] INFO: Registered backend: FEBio (febio)
2026-08-16 12:12:06,397 [oasis.registry] INFO: Registered backend: NGSolve (ngsolve)
2026-08-16 12:12:06,398 [oasis.ngsolve] INFO: NGSolve backend registered
2026-08-16 12:12:06,400 [oasis.registry] INFO: Registered backend: scikit-fem (skfem)
2026-08-16 12:12:06,400 [oasis.skfem] INFO: scikit-fem backend registered
2026-08-16 12:12:06,404 [oasis.registry] INFO: Registered backend: Kratos Multiphysics (kratos)
2026-08-16 12:12:06,404 [oasis.kratos] INFO: Kratos Multiphysics backend registered
2026-08-16 12:12:06,406 [oasis.registry] INFO: Registered backend: DUNE-fem (dune)
2026-08-16 12:12:06,406 [oasis.dune] INFO: DUNE-fem backend registered
2026-08-16 12:12:06,411 [oasis.registry] INFO: Registered backend: SPARTA (DSMC) (sparta)
2026-08-16 12:12:06,411 [oasis.sparta] INFO: SPARTA (DSMC) backend registered
2026-08-16 12:12:06,411 [oasis] INFO: Starting OASiS MCP server
2026-08-16 12:12:06,419 [mcp.server.lowlevel.server] INFO: Processing request of type CallToolRequest
2026-08-16 12:12:06,421 [mcp.server.lowlevel.server] INFO: Processing request of type ListToolsRequest
2026-08-16 12:12:06,427 [oasis] INFO: Session journal saved: /home/alexander/Schreibtisch/ofa-v2/data/sessions/session_2a041cf0-4698-4937-8352-7e5340a6b6c3.json (1 events)
2026-08-16 12:12:08,146 [oasis.registry] INFO: Loaded discovered config: 5 backends
2026-08-16 12:12:08,147 [oasis.registry] INFO: Registered backend: 4C Multiphysics (fourc)
2026-08-16 12:12:08,148 [oasis.registry] INFO: Registered backend: FEniCSx (dolfinx) (fenics)
2026-08-16 12:12:08,148 [oasis.registry] INFO: Registered backend: deal.II (dealii)
2026-08-16 12:12:08,152 [oasis.registry] INFO: Registered backend: FEBio (febio)
2026-08-16 12:12:08,154 [oasis.registry] INFO: Registered backend: NGSolve (ngsolve)
2026-08-16 12:12:08,154 [oasis.ngsolve] INFO: NGSolve backend registered
2026-08-16 12:12:08,157 [oasis.registry] INFO: Registered backend: scikit-fem (skfem)
2026-08-16 12:12:08,157 [oasis.skfem] INFO: scikit-fem backend registered
2026-08-16 12:12:08,161 [oasis.registry] INFO: Registered backend: Kratos Multiphysics (kratos)
2026-08-16 12:12:08,161 [oasis.kratos] INFO: Kratos Multiphysics backend registered
2026-08-16 12:12:08,163 [oasis.registry] INFO: Registered backend: DUNE-fem (dune)
2026-08-16 12:12:08,163 [oasis.dune] INFO: DUNE-fem backend registered
2026-08-16 12:12:08,168 [oasis.registry] INFO: Registered backend: SPARTA (DSMC) (sparta)
2026-08-16 12:12:08,168 [oasis.sparta] INFO: SPARTA (DSMC) backend registered
2026-08-16 12:12:08,168 [oasis] INFO: Starting OASiS MCP server
2026-08-16 12:12:08,176 [mcp.server.lowlevel.server] INFO: Processing request of type CallToolRequest
2026-08-16 12:12:08,179 [mcp.server.lowlevel.server] INFO: Processing request of type ListToolsRequest
2026-08-16 12:12:08,184 [oasis] INFO: Session journal saved: /home/alexander/Schreibtisch/ofa-v2/data/sessions/session_c4cf831d-d7ca-4dc8-af24-5bc27e4b471a.json (1 events)
2026-08-16 12:12:09,849 [oasis.registry] INFO: Loaded discovered config: 5 backends
2026-08-16 12:12:09,850 [oasis.registry] INFO: Registered backend: 4C Multiphysics (fourc)
2026-08-16 12:12:09,851 [oasis.registry] INFO: Registered backend: FEniCSx (dolfinx) (fenics)
2026-08-16 12:12:09,851 [oasis.registry] INFO: Registered backend: deal.II (dealii)
2026-08-16 12:12:09,855 [oasis.registry] INFO: Registered backend: FEBio (febio)
2026-08-16 12:12:09,857 [oasis.registry] INFO: Registered backend: NGSolve (ngsolve)
2026-08-16 12:12:09,857 [oasis.ngsolve] INFO: NGSolve backend registered
2026-08-16 12:12:09,860 [oasis.registry] INFO: Registered backend: scikit-fem (skfem)
2026-08-16 12:12:09,860 [oasis.skfem] INFO: scikit-fem backend registered
2026-08-16 12:12:09,864 [oasis.registry] INFO: Registered backend: Kratos Multiphysics (kratos)
2026-08-16 12:12:09,864 [oasis.kratos] INFO: Kratos Multiphysics backend registered
2026-08-16 12:12:09,866 [oasis.registry] INFO: Registered backend: DUNE-fem (dune)
2026-08-16 12:12:09,866 [oasis.dune] INFO: DUNE-fem backend registered
2026-08-16 12:12:09,871 [oasis.registry] INFO: Registered backend: SPARTA (DSMC) (sparta)
2026-08-16 12:12:09,871 [oasis.sparta] INFO: SPARTA (DSMC) backend registered
2026-08-16 12:12:09,871 [oasis] INFO: Starting OASiS MCP server
2026-08-16 12:12:09,879 [mcp.server.lowlevel.server] INFO: Processing request of type CallToolRequest
2026-08-16 12:12:09,882 [mcp.server.lowlevel.server] INFO: Processing request of type ListToolsRequest
2026-08-16 12:12:09,888 [oasis] INFO: Session journal saved: /home/alexander/Schreibtisch/ofa-v2/data/sessions/session_eefa4a8f-8a1e-4f5f-a708-02feb20bb419.json (1 events)
2026-08-16 12:12:11,817 [oasis.registry] INFO: Loaded discovered config: 5 backends
2026-08-16 12:12:11,818 [oasis.registry] INFO: Registered backend: 4C Multiphysics (fourc)
2026-08-16 12:12:11,819 [oasis.registry] INFO: Registered backend: FEniCSx (dolfinx) (fenics)
2026-08-16 12:12:11,819 [oasis.registry] INFO: Registered backend: deal.II (dealii)
2026-08-16 12:12:11,823 [oasis.registry] INFO: Registered backend: FEBio (febio)
2026-08-16 12:12:11,825 [oasis.registry] INFO: Registered backend: NGSolve (ngsolve)
2026-08-16 12:12:11,825 [oasis.ngsolve] INFO: NGSolve backend registered
2026-08-16 12:12:11,828 [oasis.registry] INFO: Registered backend: scikit-fem (skfem)
2026-08-16 12:12:11,828 [oasis.skfem] INFO: scikit-fem backend registered
2026-08-16 12:12:11,831 [oasis.registry] INFO: Registered backend: Kratos Multiphysics (kratos)
2026-08-16 12:12:11,831 [oasis.kratos] INFO: Kratos Multiphysics backend registered
2026-08-16 12:12:11,834 [oasis.registry] INFO: Registered backend: DUNE-fem (dune)
2026-08-16 12:12:11,834 [oasis.dune] INFO: DUNE-fem backend registered
2026-08-16 12:12:11,839 [oasis.registry] INFO: Registered backend: SPARTA (DSMC) (sparta)
2026-08-16 12:12:11,839 [oasis.sparta] INFO: SPARTA (DSMC) backend registered
2026-08-16 12:12:11,839 [oasis] INFO: Starting OASiS MCP server
2026-08-16 12:12:11,848 [mcp.server.lowlevel.server] INFO: Processing request of type CallToolRequest
2026-08-16 12:12:11,852 [mcp.server.lowlevel.server] INFO: Processing request of type ListToolsRequest
2026-08-16 12:12:11,859 [oasis] INFO: Session journal saved: /home/alexander/Schreibtisch/ofa-v2/data/sessions/session_1e43830e-6068-4fd3-a482-ab6a5f3940cd.json (1 events)
2026-08-16 12:12:14,150 [oasis.registry] INFO: Loaded discovered config: 5 backends
2026-08-16 12:12:14,151 [oasis.registry] INFO: Registered backend: 4C Multiphysics (fourc)
2026-08-16 12:12:14,152 [oasis.registry] INFO: Registered backend: FEniCSx (dolfinx) (fenics)
2026-08-16 12:12:14,152 [oasis.registry] INFO: Registered backend: deal.II (dealii)
2026-08-16 12:12:14,156 [oasis.registry] INFO: Registered backend: FEBio (febio)
2026-08-16 12:12:14,158 [oasis.registry] INFO: Registered backend: NGSolve (ngsolve)
2026-08-16 12:12:14,158 [oasis.ngsolve] INFO: NGSolve backend registered
2026-08-16 12:12:14,161 [oasis.registry] INFO: Registered backend: scikit-fem (skfem)
2026-08-16 12:12:14,161 [oasis.skfem] INFO: scikit-fem backend registered
2026-08-16 12:12:14,165 [oasis.registry] INFO: Registered backend: Kratos Multiphysics (kratos)
2026-08-16 12:12:14,165 [oasis.kratos] INFO: Kratos Multiphysics backend registered
2026-08-16 12:12:14,167 [oasis.registry] INFO: Registered backend: DUNE-fem (dune)
2026-08-16 12:12:14,167 [oasis.dune] INFO: DUNE-fem backend registered
2026-08-16 12:12:14,172 [oasis.registry] INFO: Registered backend: SPARTA (DSMC) (sparta)
2026-08-16 12:12:14,172 [oasis.sparta] INFO: SPARTA (DSMC) backend registered
2026-08-16 12:12:14,172 [oasis] INFO: Starting OASiS MCP server
2026-08-16 12:12:14,180 [mcp.server.lowlevel.server] INFO: Processing request of type CallToolRequest
2026-08-16 12:12:14,183 [mcp.server.lowlevel.server] INFO: Processing request of type ListToolsRequest
2026-08-16 12:12:14,188 [oasis] INFO: Session journal saved: /home/alexander/Schreibtisch/ofa-v2/data/sessions/session_599bcced-a204-4820-905d-90527f7ff320.json (1 events)
2026-08-16 12:12:15,874 [oasis.registry] INFO: Loaded discovered config: 5 backends
2026-08-16 12:12:15,875 [oasis.registry] INFO: Registered backend: 4C Multiphysics (fourc)
2026-08-16 12:12:15,875 [oasis.registry] INFO: Registered backend: FEniCSx (dolfinx) (fenics)
2026-08-16 12:12:15,876 [oasis.registry] INFO: Registered backend: deal.II (dealii)
2026-08-16 12:12:15,879 [oasis.registry] INFO: Registered backend: FEBio (febio)
2026-08-16 12:12:15,882 [oasis.registry] INFO: Registered backend: NGSolve (ngsolve)
2026-08-16 12:12:15,882 [oasis.ngsolve] INFO: NGSolve backend registered
2026-08-16 12:12:15,884 [oasis.registry] INFO: Registered backend: scikit-fem (skfem)
2026-08-16 12:12:15,884 [oasis.skfem] INFO: scikit-fem backend registered
2026-08-16 12:12:15,888 [oasis.registry] INFO: Registered backend: Kratos Multiphysics (kratos)
2026-08-16 12:12:15,888 [oasis.kratos] INFO: Kratos Multiphysics backend registered
2026-08-16 12:12:15,890 [oasis.registry] INFO: Registered backend: DUNE-fem (dune)
2026-08-16 12:12:15,890 [oasis.dune] INFO: DUNE-fem backend registered
2026-08-16 12:12:15,895 [oasis.registry] INFO: Registered backend: SPARTA (DSMC) (sparta)
2026-08-16 12:12:15,895 [oasis.sparta] INFO: SPARTA (DSMC) backend registered
2026-08-16 12:12:15,895 [oasis] INFO: Starting OASiS MCP server
2026-08-16 12:12:15,903 [mcp.server.lowlevel.server] INFO: Processing request of type CallToolRequest
2026-08-16 12:12:15,906 [mcp.server.lowlevel.server] INFO: Processing request of type ListToolsRequest
2026-08-16 12:12:15,913 [oasis] INFO: Session journal saved: /home/alexander/Schreibtisch/ofa-v2/data/sessions/session_bb58c870-99be-4159-90a9-2ce36db8f8fd.json (1 events)
2026-08-16 12:12:17,639 [oasis.registry] INFO: Loaded discovered config: 5 backends
2026-08-16 12:12:17,640 [oasis.registry] INFO: Registered backend: 4C Multiphysics (fourc)
2026-08-16 12:12:17,641 [oasis.registry] INFO: Registered backend: FEniCSx (dolfinx) (fenics)
2026-08-16 12:12:17,641 [oasis.registry] INFO: Registered backend: deal.II (dealii)
2026-08-16 12:12:17,645 [oasis.registry] INFO: Registered backend: FEBio (febio)
2026-08-16 12:12:17,647 [oasis.registry] INFO: Registered backend: NGSolve (ngsolve)
2026-08-16 12:12:17,647 [oasis.ngsolve] INFO: NGSolve backend registered
2026-08-16 12:12:17,650 [oasis.registry] INFO: Registered backend: scikit-fem (skfem)
2026-08-16 12:12:17,650 [oasis.skfem] INFO: scikit-fem backend registered
2026-08-16 12:12:17,654 [oasis.registry] INFO: Registered backend: Kratos Multiphysics (kratos)
2026-08-16 12:12:17,654 [oasis.kratos] INFO: Kratos Multiphysics backend registered
2026-08-16 12:12:17,656 [oasis.registry] INFO: Registered backend: DUNE-fem (dune)
2026-08-16 12:12:17,656 [oasis.dune] INFO: DUNE-fem backend registered
2026-08-16 12:12:17,661 [oasis.registry] INFO: Registered backend: SPARTA (DSMC) (sparta)
2026-08-16 12:12:17,661 [oasis.sparta] INFO: SPARTA (DSMC) backend registered
2026-08-16 12:12:17,661 [oasis] INFO: Starting OASiS MCP server
2026-08-16 12:12:17,669 [mcp.server.lowlevel.server] INFO: Processing request of type CallToolRequest
2026-08-16 12:12:17,671 [mcp.server.lowlevel.server] INFO: Processing request of type ListToolsRequest
2026-08-16 12:12:17,677 [oasis] INFO: Session journal saved: /home/alexander/Schreibtisch/ofa-v2/data/sessions/session_35b6828c-c07f-45b2-8e6b-cf19eb8b4613.json (1 events)
2026-08-16 12:12:19,791 [oasis.registry] INFO: Loaded discovered config: 5 backends
2026-08-16 12:12:19,792 [oasis.registry] INFO: Registered backend: 4C Multiphysics (fourc)
2026-08-16 12:12:19,792 [oasis.registry] INFO: Registered backend: FEniCSx (dolfinx) (fenics)
2026-08-16 12:12:19,793 [oasis.registry] INFO: Registered backend: deal.II (dealii)
2026-08-16 12:12:19,797 [oasis.registry] INFO: Registered backend: FEBio (febio)
2026-08-16 12:12:19,799 [oasis.registry] INFO: Registered backend: NGSolve (ngsolve)
2026-08-16 12:12:19,799 [oasis.ngsolve] INFO: NGSolve backend registered
2026-08-16 12:12:19,802 [oasis.registry] INFO: Registered backend: scikit-fem (skfem)
2026-08-16 12:12:19,802 [oasis.skfem] INFO: scikit-fem backend registered
2026-08-16 12:12:19,805 [oasis.registry] INFO: Registered backend: Kratos Multiphysics (kratos)
2026-08-16 12:12:19,805 [oasis.kratos] INFO: Kratos Multiphysics backend registered
2026-08-16 12:12:19,808 [oasis.registry] INFO: Registered backend: DUNE-fem (dune)
2026-08-16 12:12:19,808 [oasis.dune] INFO: DUNE-fem backend registered
2026-08-16 12:12:19,813 [oasis.registry] INFO: Registered backend: SPARTA (DSMC) (sparta)
2026-08-16 12:12:19,813 [oasis.sparta] INFO: SPARTA (DSMC) backend registered
2026-08-16 12:12:19,813 [oasis] INFO: Starting OASiS MCP server
2026-08-16 12:12:19,820 [mcp.server.lowlevel.server] INFO: Processing request of type CallToolRequest
2026-08-16 12:12:19,824 [mcp.server.lowlevel.server] INFO: Processing request of type ListToolsRequest
2026-08-16 12:12:19,830 [oasis] INFO: Session journal saved: /home/alexander/Schreibtisch/ofa-v2/data/sessions/session_8a4ddb13-18d2-4645-947b-cf167b0194d9.json (1 events)
2026-08-16 12:12:21,453 [oasis.registry] INFO: Loaded discovered config: 5 backends
2026-08-16 12:12:21,454 [oasis.registry] INFO: Registered backend: 4C Multiphysics (fourc)
2026-08-16 12:12:21,455 [oasis.registry] INFO: Registered backend: FEniCSx (dolfinx) (fenics)
2026-08-16 12:12:21,455 [oasis.registry] INFO: Registered backend: deal.II (dealii)
2026-08-16 12:12:21,459 [oasis.registry] INFO: Registered backend: FEBio (febio)
2026-08-16 12:12:21,461 [oasis.registry] INFO: Registered backend: NGSolve (ngsolve)
2026-08-16 12:12:21,461 [oasis.ngsolve] INFO: NGSolve backend registered
2026-08-16 12:12:21,464 [oasis.registry] INFO: Registered backend: scikit-fem (skfem)
2026-08-16 12:12:21,464 [oasis.skfem] INFO: scikit-fem backend registered
2026-08-16 12:12:21,468 [oasis.registry] INFO: Registered backend: Kratos Multiphysics (kratos)
2026-08-16 12:12:21,468 [oasis.kratos] INFO: Kratos Multiphysics backend registered
2026-08-16 12:12:21,470 [oasis.registry] INFO: Registered backend: DUNE-fem (dune)
2026-08-16 12:12:21,470 [oasis.dune] INFO: DUNE-fem backend registered
2026-08-16 12:12:21,475 [oasis.registry] INFO: Registered backend: SPARTA (DSMC) (sparta)
2026-08-16 12:12:21,475 [oasis.sparta] INFO: SPARTA (DSMC) backend registered
2026-08-16 12:12:21,475 [oasis] INFO: Starting OASiS MCP server
2026-08-16 12:12:21,483 [mcp.server.lowlevel.server] INFO: Processing request of type CallToolRequest
2026-08-16 12:12:21,485 [mcp.server.lowlevel.server] INFO: Processing request of type ListToolsRequest
2026-08-16 12:12:21,491 [oasis] INFO: Session journal saved: /home/alexander/Schreibtisch/ofa-v2/data/sessions/session_b66edaa9-7710-48ae-86b7-b245696170a1.json (1 events)
2026-08-16 12:12:23,131 [oasis.registry] INFO: Loaded discovered config: 5 backends
2026-08-16 12:12:23,132 [oasis.registry] INFO: Registered backend: 4C Multiphysics (fourc)
2026-08-16 12:12:23,132 [oasis.registry] INFO: Registered backend: FEniCSx (dolfinx) (fenics)
2026-08-16 12:12:23,133 [oasis.registry] INFO: Registered backend: deal.II (dealii)
2026-08-16 12:12:23,136 [oasis.registry] INFO: Registered backend: FEBio (febio)
2026-08-16 12:12:23,139 [oasis.registry] INFO: Registered backend: NGSolve (ngsolve)
2026-08-16 12:12:23,139 [oasis.ngsolve] INFO: NGSolve backend registered
2026-08-16 12:12:23,141 [oasis.registry] INFO: Registered backend: scikit-fem (skfem)
2026-08-16 12:12:23,141 [oasis.skfem] INFO: scikit-fem backend registered
2026-08-16 12:12:23,145 [oasis.registry] INFO: Registered backend: Kratos Multiphysics (kratos)
2026-08-16 12:12:23,145 [oasis.kratos] INFO: Kratos Multiphysics backend registered
2026-08-16 12:12:23,147 [oasis.registry] INFO: Registered backend: DUNE-fem (dune)
2026-08-16 12:12:23,147 [oasis.dune] INFO: DUNE-fem backend registered
2026-08-16 12:12:23,153 [oasis.registry] INFO: Registered backend: SPARTA (DSMC) (sparta)
2026-08-16 12:12:23,153 [oasis.sparta] INFO: SPARTA (DSMC) backend registered
2026-08-16 12:12:23,153 [oasis] INFO: Starting OASiS MCP server
2026-08-16 12:12:23,160 [mcp.server.lowlevel.server] INFO: Processing request of type CallToolRequest
2026-08-16 12:12:23,163 [mcp.server.lowlevel.server] INFO: Processing request of type ListToolsRequest
2026-08-16 12:12:23,169 [oasis] INFO: Session journal saved: /home/alexander/Schreibtisch/ofa-v2/data/sessions/session_84ee869a-5a4e-4e3c-b008-88b83c3b2aab.json (1 events)
2026-08-16 12:12:24,920 [oasis.registry] INFO: Loaded discovered config: 5 backends
2026-08-16 12:12:24,921 [oasis.registry] INFO: Registered backend: 4C Multiphysics (fourc)
2026-08-16 12:12:24,922 [oasis.registry] INFO: Registered backend: FEniCSx (dolfinx) (fenics)
2026-08-16 12:12:24,922 [oasis.registry] INFO: Registered backend: deal.II (dealii)
2026-08-16 12:12:24,926 [oasis.registry] INFO: Registered backend: FEBio (febio)
2026-08-16 12:12:24,928 [oasis.registry] INFO: Registered backend: NGSolve (ngsolve)
2026-08-16 12:12:24,928 [oasis.ngsolve] INFO: NGSolve backend registered
2026-08-16 12:12:24,931 [oasis.registry] INFO: Registered backend: scikit-fem (skfem)
2026-08-16 12:12:24,931 [oasis.skfem] INFO: scikit-fem backend registered
2026-08-16 12:12:24,935 [oasis.registry] INFO: Registered backend: Kratos Multiphysics (kratos)
2026-08-16 12:12:24,935 [oasis.kratos] INFO: Kratos Multiphysics backend registered
2026-08-16 12:12:24,937 [oasis.registry] INFO: Registered backend: DUNE-fem (dune)
2026-08-16 12:12:24,937 [oasis.dune] INFO: DUNE-fem backend registered
2026-08-16 12:12:24,942 [oasis.registry] INFO: Registered backend: SPARTA (DSMC) (sparta)
2026-08-16 12:12:24,942 [oasis.sparta] INFO: SPARTA (DSMC) backend registered
2026-08-16 12:12:24,942 [oasis] INFO: Starting OASiS MCP server
2026-08-16 12:12:24,950 [mcp.server.lowlevel.server] INFO: Processing request of type CallToolRequest
2026-08-16 12:12:24,953 [mcp.server.lowlevel.server] INFO: Processing request of type ListToolsRequest
2026-08-16 12:12:24,958 [oasis] INFO: Session journal saved: /home/alexander/Schreibtisch/ofa-v2/data/sessions/session_8218abd9-1ae7-4c58-b025-3d5fd3673853.json (1 events)
2026-08-16 12:12:27,168 [oasis.registry] INFO: Loaded discovered config: 5 backends
2026-08-16 12:12:27,169 [oasis.registry] INFO: Registered backend: 4C Multiphysics (fourc)
2026-08-16 12:12:27,169 [oasis.registry] INFO: Registered backend: FEniCSx (dolfinx) (fenics)
2026-08-16 12:12:27,170 [oasis.registry] INFO: Registered backend: deal.II (dealii)
2026-08-16 12:12:27,173 [oasis.registry] INFO: Registered backend: FEBio (febio)
2026-08-16 12:12:27,176 [oasis.registry] INFO: Registered backend: NGSolve (ngsolve)
2026-08-16 12:12:27,176 [oasis.ngsolve] INFO: NGSolve backend registered
2026-08-16 12:12:27,178 [oasis.registry] INFO: Registered backend: scikit-fem (skfem)
2026-08-16 12:12:27,178 [oasis.skfem] INFO: scikit-fem backend registered
2026-08-16 12:12:27,182 [oasis.registry] INFO: Registered backend: Kratos Multiphysics (kratos)
2026-08-16 12:12:27,182 [oasis.kratos] INFO: Kratos Multiphysics backend registered
2026-08-16 12:12:27,184 [oasis.registry] INFO: Registered backend: DUNE-fem (dune)
2026-08-16 12:12:27,184 [oasis.dune] INFO: DUNE-fem backend registered
2026-08-16 12:12:27,189 [oasis.registry] INFO: Registered backend: SPARTA (DSMC) (sparta)
2026-08-16 12:12:27,189 [oasis.sparta] INFO: SPARTA (DSMC) backend registered
2026-08-16 12:12:27,189 [oasis] INFO: Starting OASiS MCP server
2026-08-16 12:12:27,196 [mcp.server.lowlevel.server] INFO: Processing request of type CallToolRequest
2026-08-16 12:12:27,199 [mcp.server.lowlevel.server] INFO: Processing request of type ListToolsRequest
2026-08-16 12:12:27,205 [oasis] INFO: Session journal saved: /home/alexander/Schreibtisch/ofa-v2/data/sessions/session_7a3d87f0-79f8-4093-8546-8d90c49f1318.json (1 events)
2026-08-16 12:15:15,614 [oasis.registry] INFO: Loaded discovered config: 5 backends
2026-08-16 12:15:15,615 [oasis.registry] INFO: Registered backend: 4C Multiphysics (fourc)
2026-08-16 12:15:15,616 [oasis.registry] INFO: Registered backend: FEniCSx (dolfinx) (fenics)
2026-08-16 12:15:15,616 [oasis.registry] INFO: Registered backend: deal.II (dealii)
2026-08-16 12:15:15,620 [oasis.registry] INFO: Registered backend: FEBio (febio)
2026-08-16 12:15:15,622 [oasis.registry] INFO: Registered backend: NGSolve (ngsolve)
2026-08-16 12:15:15,622 [oasis.ngsolve] INFO: NGSolve backend registered
2026-08-16 12:15:15,625 [oasis.registry] INFO: Registered backend: scikit-fem (skfem)
2026-08-16 12:15:15,625 [oasis.skfem] INFO: scikit-fem backend registered
2026-08-16 12:15:15,629 [oasis.registry] INFO: Registered backend: Kratos Multiphysics (kratos)
2026-08-16 12:15:15,629 [oasis.kratos] INFO: Kratos Multiphysics backend registered
2026-08-16 12:15:15,631 [oasis.registry] INFO: Registered backend: DUNE-fem (dune)
2026-08-16 12:15:15,631 [oasis.dune] INFO: DUNE-fem backend registered
2026-08-16 12:15:15,636 [oasis.registry] INFO: Registered backend: SPARTA (DSMC) (sparta)
2026-08-16 12:15:15,636 [oasis.sparta] INFO: SPARTA (DSMC) backend registered
2026-08-16 12:15:15,636 [oasis] INFO: Starting OASiS MCP server
2026-08-16 12:15:15,644 [mcp.server.lowlevel.server] INFO: Processing request of type CallToolRequest
2026-08-16 12:15:15,647 [mcp.server.lowlevel.server] INFO: Processing request of type ListToolsRequest
2026-08-16 12:16:09,133 [oasis.registry] INFO: Loaded discovered config: 5 backends
2026-08-16 12:16:09,146 [oasis.registry] INFO: Registered backend: 4C Multiphysics (fourc)
2026-08-16 12:16:09,156 [oasis.registry] INFO: Registered backend: FEniCSx (dolfinx) (fenics)
2026-08-16 12:16:09,165 [oasis.registry] INFO: Registered backend: deal.II (dealii)
2026-08-16 12:16:09,237 [oasis.registry] INFO: Registered backend: FEBio (febio)
2026-08-16 12:16:09,259 [oasis.registry] INFO: Registered backend: NGSolve (ngsolve)
2026-08-16 12:16:09,260 [oasis.ngsolve] INFO: NGSolve backend registered
2026-08-16 12:16:09,283 [oasis.registry] INFO: Registered backend: scikit-fem (skfem)
2026-08-16 12:16:09,285 [oasis.skfem] INFO: scikit-fem backend registered
2026-08-16 12:16:09,353 [oasis.registry] INFO: Registered backend: Kratos Multiphysics (kratos)
2026-08-16 12:16:09,354 [oasis.kratos] INFO: Kratos Multiphysics backend registered
2026-08-16 12:16:09,398 [oasis.registry] INFO: Registered backend: DUNE-fem (dune)
2026-08-16 12:16:09,399 [oasis.dune] INFO: DUNE-fem backend registered
2026-08-16 12:16:09,428 [oasis.registry] INFO: Registered backend: SPARTA (DSMC) (sparta)
2026-08-16 12:16:09,430 [oasis.sparta] INFO: SPARTA (DSMC) backend registered
2026-08-16 12:16:09,430 [oasis] INFO: Starting OASiS MCP server
2026-08-16 12:16:09,526 [mcp.server.lowlevel.server] INFO: Processing request of type CallToolRequest
2026-08-16 12:16:22,295 [mcp.server.lowlevel.server] INFO: Processing request of type ListToolsRequest
2026-08-16 12:16:22,315 [oasis] INFO: Session journal saved: /home/alexander/Schreibtisch/ofa-v2/data/sessions/session_1b683122-9f7b-4cb8-8032-538794dbab9d.json (2 events)
/home/alexander/Schreibtisch/ofa-v2/langgraph_eval/agent.py:290: LangGraphDeprecatedSinceV10: create_react_agent has been moved to `langchain.agents`. Please update your import to `from langchain.agents import create_agent`. Deprecated in LangGraph V1.0 to be removed in V2.0.
  sub_agent = create_react_agent(
/home/alexander/Schreibtisch/ofa-v2/langgraph_eval/agent.py:290: LangGraphDeprecatedSinceV10: create_react_agent has been moved to `langchain.agents`. Please update your import to `from langchain.agents import create_agent`. Deprecated in LangGraph V1.0 to be removed in V2.0.
  sub_agent = create_react_agent(
[preflight] custody controls verified for 1 problem(s); keys sealed and unreadable by execution
[phase: development] results are for post-mortems and convergence checking, NOT for the paper's evaluation table.
[NG2 27b BARE s1] done  calls=124 tok=8690662/108093 1775.1s  ERR RecursionLimit: exhausted 250 graph steps
2026-08-16 12:20:14,617 [oasis.registry] INFO: Loaded discovered config: 5 backends
2026-08-16 12:20:14,618 [oasis.registry] INFO: Registered backend: 4C Multiphysics (fourc)
2026-08-16 12:20:14,618 [oasis.registry] INFO: Registered backend: FEniCSx (dolfinx) (fenics)
2026-08-16 12:20:14,619 [oasis.registry] INFO: Registered backend: deal.II (dealii)
2026-08-16 12:20:14,622 [oasis.registry] INFO: Registered backend: FEBio (febio)
2026-08-16 12:20:14,625 [oasis.registry] INFO: Registered backend: NGSolve (ngsolve)
2026-08-16 12:20:14,625 [oasis.ngsolve] INFO: NGSolve backend registered
2026-08-16 12:20:14,627 [oasis.registry] INFO: Registered backend: scikit-fem (skfem)
2026-08-16 12:20:14,627 [oasis.skfem] INFO: scikit-fem backend registered
2026-08-16 12:20:14,631 [oasis.registry] INFO: Registered backend: Kratos Multiphysics (kratos)
2026-08-16 12:20:14,631 [oasis.kratos] INFO: Kratos Multiphysics backend registered
2026-08-16 12:20:14,633 [oasis.registry] INFO: Registered backend: DUNE-fem (dune)
2026-08-16 12:20:14,634 [oasis.dune] INFO: DUNE-fem backend registered
2026-08-16 12:20:14,638 [oasis.registry] INFO: Registered backend: SPARTA (DSMC) (sparta)
2026-08-16 12:20:14,638 [oasis.sparta] INFO: SPARTA (DSMC) backend registered
2026-08-16 12:20:14,639 [oasis] INFO: Starting OASiS MCP server
2026-08-16 12:20:14,647 [mcp.server.lowlevel.server] INFO: Processing request of type ListToolsRequest
2026-08-16 12:20:20,380 [oasis.registry] INFO: Loaded discovered config: 5 backends
2026-08-16 12:20:20,381 [oasis.registry] INFO: Registered backend: 4C Multiphysics (fourc)
2026-08-16 12:20:20,382 [oasis.registry] INFO: Registered backend: FEniCSx (dolfinx) (fenics)
2026-08-16 12:20:20,382 [oasis.registry] INFO: Registered backend: deal.II (dealii)
2026-08-16 12:20:20,386 [oasis.registry] INFO: Registered backend: FEBio (febio)
2026-08-16 12:20:20,388 [oasis.registry] INFO: Registered backend: NGSolve (ngsolve)
2026-08-16 12:20:20,388 [oasis.ngsolve] INFO: NGSolve backend registered
2026-08-16 12:20:20,391 [oasis.registry] INFO: Registered backend: scikit-fem (skfem)
2026-08-16 12:20:20,391 [oasis.skfem] INFO: scikit-fem backend registered
2026-08-16 12:20:20,394 [oasis.registry] INFO: Registered backend: Kratos Multiphysics (kratos)
2026-08-16 12:20:20,394 [oasis.kratos] INFO: Kratos Multiphysics backend registered
2026-08-16 12:20:20,397 [oasis.registry] INFO: Registered backend: DUNE-fem (dune)
2026-08-16 12:20:20,397 [oasis.dune] INFO: DUNE-fem backend registered
2026-08-16 12:20:20,402 [oasis.registry] INFO: Registered backend: SPARTA (DSMC) (sparta)
2026-08-16 12:20:20,402 [oasis.sparta] INFO: SPARTA (DSMC) backend registered
2026-08-16 12:20:20,402 [oasis] INFO: Starting OASiS MCP server
2026-08-16 12:20:20,410 [mcp.server.lowlevel.server] INFO: Processing request of type CallToolRequest
2026-08-16 12:20:20,413 [oasis.registry] INFO: Loaded discovered config: 5 backends
2026-08-16 12:20:20,414 [oasis.registry] INFO: Registered backend: 4C Multiphysics (fourc)
2026-08-16 12:20:20,414 [oasis.registry] INFO: Registered backend: FEniCSx (dolfinx) (fenics)
2026-08-16 12:20:20,415 [oasis.registry] INFO: Registered backend: deal.II (dealii)
2026-08-16 12:20:20,418 [oasis.registry] INFO: Registered backend: FEBio (febio)
2026-08-16 12:20:20,421 [oasis.registry] INFO: Registered backend: NGSolve (ngsolve)
2026-08-16 12:20:20,421 [oasis.ngsolve] INFO: NGSolve backend registered
2026-08-16 12:20:20,423 [oasis.registry] INFO: Registered backend: scikit-fem (skfem)
2026-08-16 12:20:20,423 [oasis.skfem] INFO: scikit-fem backend registered
2026-08-16 12:20:20,427 [oasis.registry] INFO: Registered backend: Kratos Multiphysics (kratos)
2026-08-16 12:20:20,427 [oasis.kratos] INFO: Kratos Multiphysics backend registered
2026-08-16 12:20:20,429 [oasis.registry] INFO: Registered backend: DUNE-fem (dune)
2026-08-16 12:20:20,429 [oasis.dune] INFO: DUNE-fem backend registered
2026-08-16 12:20:20,435 [oasis.registry] INFO: Registered backend: SPARTA (DSMC) (sparta)
2026-08-16 12:20:20,435 [oasis.sparta] INFO: SPARTA (DSMC) backend registered
2026-08-16 12:20:20,435 [oasis] INFO: Starting OASiS MCP server
2026-08-16 12:20:20,443 [mcp.server.lowlevel.server] INFO: Processing request of type CallToolRequest
2026-08-16 12:20:23,767 [mcp.server.lowlevel.server] INFO: Processing request of type ListToolsRequest
2026-08-16 12:20:23,775 [oasis] INFO: Session journal saved: /home/alexander/Schreibtisch/ofa-v2/data/sessions/session_ac03b88c-1b83-42b3-b5e3-fad01c23527e.json (1 events)
2026-08-16 12:20:23,832 [mcp.server.lowlevel.server] INFO: Processing request of type ListToolsRequest
2026-08-16 12:20:26,630 [oasis.registry] INFO: Loaded discovered config: 5 backends
2026-08-16 12:20:26,631 [oasis.registry] INFO: Registered backend: 4C Multiphysics (fourc)
2026-08-16 12:20:26,632 [oasis.registry] INFO: Registered backend: FEniCSx (dolfinx) (fenics)
2026-08-16 12:20:26,633 [oasis.registry] INFO: Registered backend: deal.II (dealii)
2026-08-16 12:20:26,636 [oasis.registry] INFO: Registered backend: FEBio (febio)
2026-08-16 12:20:26,639 [oasis.registry] INFO: Registered backend: NGSolve (ngsolve)
2026-08-16 12:20:26,639 [oasis.ngsolve] INFO: NGSolve backend registered
2026-08-16 12:20:26,641 [oasis.registry] INFO: Registered backend: scikit-fem (skfem)
2026-08-16 12:20:26,641 [oasis.skfem] INFO: scikit-fem backend registered
2026-08-16 12:20:26,645 [oasis.registry] INFO: Registered backend: Kratos Multiphysics (kratos)
2026-08-16 12:20:26,645 [oasis.kratos] INFO: Kratos Multiphysics backend registered
2026-08-16 12:20:26,647 [oasis.registry] INFO: Registered backend: DUNE-fem (dune)
2026-08-16 12:20:26,647 [oasis.dune] INFO: DUNE-fem backend registered
2026-08-16 12:20:26,652 [oasis.registry] INFO: Registered backend: SPARTA (DSMC) (sparta)
2026-08-16 12:20:26,652 [oasis.sparta] INFO: SPARTA (DSMC) backend registered
2026-08-16 12:20:26,652 [oasis] INFO: Starting OASiS MCP server
2026-08-16 12:20:26,660 [mcp.server.lowlevel.server] INFO: Processing request of type CallToolRequest
2026-08-16 12:20:26,664 [mcp.server.lowlevel.server] INFO: Processing request of type ListToolsRequest
2026-08-16 12:20:29,683 [oasis.registry] INFO: Loaded discovered config: 5 backends
2026-08-16 12:20:29,684 [oasis.registry] INFO: Registered backend: 4C Multiphysics (fourc)
2026-08-16 12:20:29,685 [oasis.registry] INFO: Registered backend: FEniCSx (dolfinx) (fenics)
2026-08-16 12:20:29,685 [oasis.registry] INFO: Registered backend: deal.II (dealii)
2026-08-16 12:20:29,689 [oasis.registry] INFO: Registered backend: FEBio (febio)
2026-08-16 12:20:29,691 [oasis.registry] INFO: Registered backend: NGSolve (ngsolve)
2026-08-16 12:20:29,691 [oasis.ngsolve] INFO: NGSolve backend registered
2026-08-16 12:20:29,694 [oasis.registry] INFO: Registered backend: scikit-fem (skfem)
2026-08-16 12:20:29,694 [oasis.skfem] INFO: scikit-fem backend registered
2026-08-16 12:20:29,697 [oasis.registry] INFO: Registered backend: Kratos Multiphysics (kratos)
2026-08-16 12:20:29,698 [oasis.kratos] INFO: Kratos Multiphysics backend registered
2026-08-16 12:20:29,700 [oasis.registry] INFO: Registered backend: DUNE-fem (dune)
2026-08-16 12:20:29,700 [oasis.dune] INFO: DUNE-fem backend registered
2026-08-16 12:20:29,705 [oasis.registry] INFO: Registered backend: SPARTA (DSMC) (sparta)
2026-08-16 12:20:29,705 [oasis.sparta] INFO: SPARTA (DSMC) backend registered
2026-08-16 12:20:29,705 [oasis] INFO: Starting OASiS MCP server
2026-08-16 12:20:29,713 [mcp.server.lowlevel.server] INFO: Processing request of type CallToolRequest
2026-08-16 12:20:29,718 [mcp.server.lowlevel.server] INFO: Processing request of type ListToolsRequest
2026-08-16 12:20:29,723 [oasis] INFO: Session journal saved: /home/alexander/Schreibtisch/ofa-v2/data/sessions/session_33352134-941a-4ca6-8a5b-bd482bcdc96e.json (1 events)
/home/alexander/Schreibtisch/ofa-v2/langgraph_eval/agent.py:215: RuntimeWarning: This package (`duckduckgo_search`) has been renamed to `ddgs`! Use `pip install ddgs` instead.
  with DDGS() as ddgs:
/home/alexander/Schreibtisch/ofa-v2/langgraph_eval/agent.py:215: RuntimeWarning: This package (`duckduckgo_search`) has been renamed to `ddgs`! Use `pip install ddgs` instead.
  with DDGS() as ddgs:
/home/alexander/Schreibtisch/ofa-v2/langgraph_eval/agent.py:215: RuntimeWarning: This package (`duckduckgo_search`) has been renamed to `ddgs`! Use `pip install ddgs` instead.
  with DDGS() as ddgs:
2026-08-16 12:20:45,219 [oasis.registry] INFO: Loaded discovered config: 5 backends
2026-08-16 12:20:45,220 [oasis.registry] INFO: Registered backend: 4C Multiphysics (fourc)
2026-08-16 12:20:45,221 [oasis.registry] INFO: Registered backend: FEniCSx (dolfinx) (fenics)
2026-08-16 12:20:45,221 [oasis.registry] INFO: Loaded discovered config: 5 backends
2026-08-16 12:20:45,221 [oasis.registry] INFO: Registered backend: deal.II (dealii)
2026-08-16 12:20:45,222 [oasis.registry] INFO: Registered backend: 4C Multiphysics (fourc)
2026-08-16 12:20:45,223 [oasis.registry] INFO: Registered backend: FEniCSx (dolfinx) (fenics)
2026-08-16 12:20:45,223 [oasis.registry] INFO: Registered backend: deal.II (dealii)
2026-08-16 12:20:45,225 [oasis.registry] INFO: Registered backend: FEBio (febio)
2026-08-16 12:20:45,228 [oasis.registry] INFO: Registered backend: NGSolve (ngsolve)
2026-08-16 12:20:45,228 [oasis.ngsolve] INFO: NGSolve backend registered
2026-08-16 12:20:45,228 [oasis.registry] INFO: Registered backend: FEBio (febio)
2026-08-16 12:20:45,231 [oasis.registry] INFO: Registered backend: scikit-fem (skfem)
2026-08-16 12:20:45,231 [oasis.skfem] INFO: scikit-fem backend registered
2026-08-16 12:20:45,231 [oasis.registry] INFO: Registered backend: NGSolve (ngsolve)
2026-08-16 12:20:45,231 [oasis.ngsolve] INFO: NGSolve backend registered
2026-08-16 12:20:45,233 [oasis.registry] INFO: Registered backend: scikit-fem (skfem)
2026-08-16 12:20:45,233 [oasis.skfem] INFO: scikit-fem backend registered
2026-08-16 12:20:45,234 [oasis.registry] INFO: Registered backend: Kratos Multiphysics (kratos)
2026-08-16 12:20:45,234 [oasis.kratos] INFO: Kratos Multiphysics backend registered
2026-08-16 12:20:45,237 [oasis.registry] INFO: Registered backend: DUNE-fem (dune)
2026-08-16 12:20:45,237 [oasis.dune] INFO: DUNE-fem backend registered
2026-08-16 12:20:45,237 [oasis.registry] INFO: Registered backend: Kratos Multiphysics (kratos)
2026-08-16 12:20:45,237 [oasis.kratos] INFO: Kratos Multiphysics backend registered
2026-08-16 12:20:45,240 [oasis.registry] INFO: Registered backend: DUNE-fem (dune)
2026-08-16 12:20:45,240 [oasis.dune] INFO: DUNE-fem backend registered
2026-08-16 12:20:45,242 [oasis.registry] INFO: Registered backend: SPARTA (DSMC) (sparta)
2026-08-16 12:20:45,242 [oasis.sparta] INFO: SPARTA (DSMC) backend registered
2026-08-16 12:20:45,242 [oasis] INFO: Starting OASiS MCP server
2026-08-16 12:20:45,245 [oasis.registry] INFO: Registered backend: SPARTA (DSMC) (sparta)
2026-08-16 12:20:45,245 [oasis.sparta] INFO: SPARTA (DSMC) backend registered
2026-08-16 12:20:45,245 [oasis] INFO: Starting OASiS MCP server
2026-08-16 12:20:45,250 [mcp.server.lowlevel.server] INFO: Processing request of type CallToolRequest
2026-08-16 12:20:45,252 [mcp.server.lowlevel.server] INFO: Processing request of type CallToolRequest
2026-08-16 12:20:45,254 [mcp.server.lowlevel.server] INFO: Processing request of type ListToolsRequest
2026-08-16 12:20:45,264 [mcp.server.lowlevel.server] INFO: Processing request of type ListToolsRequest
2026-08-16 12:20:45,269 [oasis] INFO: Session journal saved: /home/alexander/Schreibtisch/ofa-v2/data/sessions/session_87061825-aa6f-4f66-a123-3e36825f3f25.json (1 events)
2026-08-16 12:20:58,283 [oasis.registry] INFO: Loaded discovered config: 5 backends
2026-08-16 12:20:58,284 [oasis.registry] INFO: Registered backend: 4C Multiphysics (fourc)
2026-08-16 12:20:58,285 [oasis.registry] INFO: Registered backend: FEniCSx (dolfinx) (fenics)
2026-08-16 12:20:58,285 [oasis.registry] INFO: Registered backend: deal.II (dealii)
2026-08-16 12:20:58,289 [oasis.registry] INFO: Registered backend: FEBio (febio)
2026-08-16 12:20:58,291 [oasis.registry] INFO: Registered backend: NGSolve (ngsolve)
2026-08-16 12:20:58,291 [oasis.ngsolve] INFO: NGSolve backend registered
2026-08-16 12:20:58,294 [oasis.registry] INFO: Registered backend: scikit-fem (skfem)
2026-08-16 12:20:58,294 [oasis.skfem] INFO: scikit-fem backend registered
2026-08-16 12:20:58,298 [oasis.registry] INFO: Registered backend: Kratos Multiphysics (kratos)
2026-08-16 12:20:58,298 [oasis.kratos] INFO: Kratos Multiphysics backend registered
2026-08-16 12:20:58,300 [oasis.registry] INFO: Registered backend: DUNE-fem (dune)
2026-08-16 12:20:58,300 [oasis.dune] INFO: DUNE-fem backend registered
2026-08-16 12:20:58,305 [oasis.registry] INFO: Registered backend: SPARTA (DSMC) (sparta)
2026-08-16 12:20:58,305 [oasis.sparta] INFO: SPARTA (DSMC) backend registered
2026-08-16 12:20:58,305 [oasis] INFO: Starting OASiS MCP server
2026-08-16 12:20:58,313 [mcp.server.lowlevel.server] INFO: Processing request of type CallToolRequest
2026-08-16 12:20:58,320 [mcp.server.lowlevel.server] INFO: Processing request of type ListToolsRequest
2026-08-16 12:20:58,327 [oasis] INFO: Session journal saved: /home/alexander/Schreibtisch/ofa-v2/data/sessions/session_698147d6-87fc-4c12-9781-5242a3099a42.json (1 events)
/home/alexander/Schreibtisch/ofa-v2/langgraph_eval/agent.py:290: LangGraphDeprecatedSinceV10: create_react_agent has been moved to `langchain.agents`. Please update your import to `from langchain.agents import create_agent`. Deprecated in LangGraph V1.0 to be removed in V2.0.
  sub_agent = create_react_agent(
/home/alexander/Schreibtisch/ofa-v2/langgraph_eval/agent.py:290: LangGraphDeprecatedSinceV10: create_react_agent has been moved to `langchain.agents`. Please update your import to `from langchain.agents import create_agent`. Deprecated in LangGraph V1.0 to be removed in V2.0.
  sub_agent = create_react_agent(
/home/alexander/Schreibtisch/ofa-v2/langgraph_eval/agent.py:215: RuntimeWarning: This package (`duckduckgo_search`) has been renamed to `ddgs`! Use `pip install ddgs` instead.
  with DDGS() as ddgs:
/home/alexander/Schreibtisch/ofa-v2/langgraph_eval/agent.py:215: RuntimeWarning: This package (`duckduckgo_search`) has been renamed to `ddgs`! Use `pip install ddgs` instead.
  with DDGS() as ddgs:
2026-08-16 12:22:48,416 [oasis.registry] INFO: Loaded discovered config: 5 backends
2026-08-16 12:22:48,417 [oasis.registry] INFO: Registered backend: 4C Multiphysics (fourc)
2026-08-16 12:22:48,417 [oasis.registry] INFO: Registered backend: FEniCSx (dolfinx) (fenics)
2026-08-16 12:22:48,418 [oasis.registry] INFO: Registered backend: deal.II (dealii)
2026-08-16 12:22:48,420 [oasis.registry] INFO: Loaded discovered config: 5 backends
2026-08-16 12:22:48,421 [oasis.registry] INFO: Registered backend: 4C Multiphysics (fourc)
2026-08-16 12:22:48,421 [oasis.registry] INFO: Registered backend: FEBio (febio)
2026-08-16 12:22:48,422 [oasis.registry] INFO: Registered backend: FEniCSx (dolfinx) (fenics)
2026-08-16 12:22:48,422 [oasis.registry] INFO: Registered backend: deal.II (dealii)
2026-08-16 12:22:48,424 [oasis.registry] INFO: Registered backend: NGSolve (ngsolve)
2026-08-16 12:22:48,424 [oasis.ngsolve] INFO: NGSolve backend registered
2026-08-16 12:22:48,426 [oasis.registry] INFO: Registered backend: FEBio (febio)
2026-08-16 12:22:48,426 [oasis.registry] INFO: Registered backend: scikit-fem (skfem)
2026-08-16 12:22:48,426 [oasis.skfem] INFO: scikit-fem backend registered
2026-08-16 12:22:48,429 [oasis.registry] INFO: Registered backend: NGSolve (ngsolve)
2026-08-16 12:22:48,429 [oasis.ngsolve] INFO: NGSolve backend registered
2026-08-16 12:22:48,430 [oasis.registry] INFO: Registered backend: Kratos Multiphysics (kratos)
2026-08-16 12:22:48,430 [oasis.kratos] INFO: Kratos Multiphysics backend registered
2026-08-16 12:22:48,431 [oasis.registry] INFO: Registered backend: scikit-fem (skfem)
2026-08-16 12:22:48,431 [oasis.skfem] INFO: scikit-fem backend registered
2026-08-16 12:22:48,433 [oasis.registry] INFO: Registered backend: DUNE-fem (dune)
2026-08-16 12:22:48,433 [oasis.dune] INFO: DUNE-fem backend registered
2026-08-16 12:22:48,435 [oasis.registry] INFO: Registered backend: Kratos Multiphysics (kratos)
2026-08-16 12:22:48,435 [oasis.kratos] INFO: Kratos Multiphysics backend registered
2026-08-16 12:22:48,437 [oasis.registry] INFO: Registered backend: DUNE-fem (dune)
2026-08-16 12:22:48,437 [oasis.dune] INFO: DUNE-fem backend registered
2026-08-16 12:22:48,438 [oasis.registry] INFO: Registered backend: SPARTA (DSMC) (sparta)
2026-08-16 12:22:48,438 [oasis.sparta] INFO: SPARTA (DSMC) backend registered
2026-08-16 12:22:48,438 [oasis] INFO: Starting OASiS MCP server
2026-08-16 12:22:48,443 [oasis.registry] INFO: Registered backend: SPARTA (DSMC) (sparta)
2026-08-16 12:22:48,443 [oasis.sparta] INFO: SPARTA (DSMC) backend registered
2026-08-16 12:22:48,443 [oasis] INFO: Starting OASiS MCP server
2026-08-16 12:22:48,445 [mcp.server.lowlevel.server] INFO: Processing request of type CallToolRequest
2026-08-16 12:22:48,450 [mcp.server.lowlevel.server] INFO: Processing request of type ListToolsRequest
2026-08-16 12:22:48,450 [mcp.server.lowlevel.server] INFO: Processing request of type CallToolRequest
2026-08-16 12:22:48,456 [oasis] INFO: Session journal saved: /home/alexander/Schreibtisch/ofa-v2/data/sessions/session_669e7aa8-f4c1-439e-98ff-8cd13762a835.json (1 events)
2026-08-16 12:22:48,459 [mcp.server.lowlevel.server] INFO: Processing request of type ListToolsRequest
2026-08-16 12:22:48,465 [oasis] INFO: Session journal saved: /home/alexander/Schreibtisch/ofa-v2/data/sessions/session_2e35cc86-1075-42cb-b5bc-265fa2b4d4c8.json (1 events)
/home/alexander/Schreibtisch/ofa-v2/langgraph_eval/agent.py:215: RuntimeWarning: This package (`duckduckgo_search`) has been renamed to `ddgs`! Use `pip install ddgs` instead.
  with DDGS() as ddgs:
/home/alexander/Schreibtisch/ofa-v2/langgraph_eval/agent.py:215: RuntimeWarning: This package (`duckduckgo_search`) has been renamed to `ddgs`! Use `pip install ddgs` instead.
  with DDGS() as ddgs:
/home/alexander/Schreibtisch/ofa-v2/langgraph_eval/agent.py:215: RuntimeWarning: This package (`duckduckgo_search`) has been renamed to `ddgs`! Use `pip install ddgs` instead.
  with DDGS() as ddgs:
/home/alexander/Schreibtisch/ofa-v2/langgraph_eval/agent.py:215: RuntimeWarning: This package (`duckduckgo_search`) has been renamed to `ddgs`! Use `pip install ddgs` instead.
  with DDGS() as ddgs:
/home/alexander/Schreibtisch/ofa-v2/langgraph_eval/agent.py:215: RuntimeWarning: This package (`duckduckgo_search`) has been renamed to `ddgs`! Use `pip install ddgs` instead.
  with DDGS() as ddgs:
/home/alexander/Schreibtisch/ofa-v2/langgraph_eval/agent.py:215: RuntimeWarning: This package (`duckduckgo_search`) has been renamed to `ddgs`! Use `pip install ddgs` instead.
  with DDGS() as ddgs:
/home/alexander/Schreibtisch/ofa-v2/langgraph_eval/agent.py:215: RuntimeWarning: This package (`duckduckgo_search`) has been renamed to `ddgs`! Use `pip install ddgs` instead.
  with DDGS() as ddgs:
/home/alexander/Schreibtisch/ofa-v2/langgraph_eval/agent.py:215: RuntimeWarning: This package (`duckduckgo_search`) has been renamed to `ddgs`! Use `pip install ddgs` instead.
  with DDGS() as ddgs:
/home/alexander/Schreibtisch/ofa-v2/langgraph_eval/agent.py:215: RuntimeWarning: This package (`duckduckgo_search`) has been renamed to `ddgs`! Use `pip install ddgs` instead.
  with DDGS() as ddgs:
/home/alexander/Schreibtisch/ofa-v2/langgraph_eval/agent.py:215: RuntimeWarning: This package (`duckduckgo_search`) has been renamed to `ddgs`! Use `pip install ddgs` instead.
  with DDGS() as ddgs:
2026-08-16 12:22:56,927 [oasis.registry] INFO: Loaded discovered config: 5 backends
2026-08-16 12:22:56,928 [oasis.registry] INFO: Registered backend: 4C Multiphysics (fourc)
2026-08-16 12:22:56,928 [oasis.registry] INFO: Registered backend: FEniCSx (dolfinx) (fenics)
2026-08-16 12:22:56,929 [oasis.registry] INFO: Registered backend: deal.II (dealii)
2026-08-16 12:22:56,933 [oasis.registry] INFO: Registered backend: FEBio (febio)
2026-08-16 12:22:56,935 [oasis.registry] INFO: Registered backend: NGSolve (ngsolve)
2026-08-16 12:22:56,935 [oasis.ngsolve] INFO: NGSolve backend registered
2026-08-16 12:22:56,938 [oasis.registry] INFO: Registered backend: scikit-fem (skfem)
2026-08-16 12:22:56,938 [oasis.skfem] INFO: scikit-fem backend registered
2026-08-16 12:22:56,941 [oasis.registry] INFO: Registered backend: Kratos Multiphysics (kratos)
2026-08-16 12:22:56,942 [oasis.kratos] INFO: Kratos Multiphysics backend registered
2026-08-16 12:22:56,944 [oasis.registry] INFO: Registered backend: DUNE-fem (dune)
2026-08-16 12:22:56,944 [oasis.dune] INFO: DUNE-fem backend registered
2026-08-16 12:22:56,949 [oasis.registry] INFO: Registered backend: SPARTA (DSMC) (sparta)
2026-08-16 12:22:56,949 [oasis.sparta] INFO: SPARTA (DSMC) backend registered
2026-08-16 12:22:56,949 [oasis] INFO: Starting OASiS MCP server
2026-08-16 12:22:56,957 [mcp.server.lowlevel.server] INFO: Processing request of type CallToolRequest
2026-08-16 12:22:56,961 [mcp.server.lowlevel.server] INFO: Processing request of type ListToolsRequest
/home/alexander/Schreibtisch/ofa-v2/langgraph_eval/agent.py:215: RuntimeWarning: This package (`duckduckgo_search`) has been renamed to `ddgs`! Use `pip install ddgs` instead.
  with DDGS() as ddgs:
/home/alexander/Schreibtisch/ofa-v2/langgraph_eval/agent.py:215: RuntimeWarning: This package (`duckduckgo_search`) has been renamed to `ddgs`! Use `pip install ddgs` instead.
  with DDGS() as ddgs:
/home/alexander/Schreibtisch/ofa-v2/langgraph_eval/agent.py:215: RuntimeWarning: This package (`duckduckgo_search`) has been renamed to `ddgs`! Use `pip install ddgs` instead.
  with DDGS() as ddgs:
/home/alexander/Schreibtisch/ofa-v2/langgraph_eval/agent.py:215: RuntimeWarning: This package (`duckduckgo_search`) has been renamed to `ddgs`! Use `pip install ddgs` instead.
  with DDGS() as ddgs:
/home/alexander/Schreibtisch/ofa-v2/langgraph_eval/agent.py:215: RuntimeWarning: This package (`duckduckgo_search`) has been renamed to `ddgs`! Use `pip install ddgs` instead.
  with DDGS() as ddgs:
/home/alexander/Schreibtisch/ofa-v2/langgraph_eval/agent.py:215: RuntimeWarning: This package (`duckduckgo_search`) has been renamed to `ddgs`! Use `pip install ddgs` instead.
  with DDGS() as ddgs:
/home/alexander/Schreibtisch/ofa-v2/langgraph_eval/agent.py:215: RuntimeWarning: This package (`duckduckgo_search`) has been renamed to `ddgs`! Use `pip install ddgs` instead.
  with DDGS() as ddgs:
/home/alexander/Schreibtisch/ofa-v2/langgraph_eval/agent.py:215: RuntimeWarning: This package (`duckduckgo_search`) has been renamed to `ddgs`! Use `pip install ddgs` instead.
  with DDGS() as ddgs:
/home/alexander/Schreibtisch/ofa-v2/langgraph_eval/agent.py:215: RuntimeWarning: This package (`duckduckgo_search`) has been renamed to `ddgs`! Use `pip install ddgs` instead.
  with DDGS() as ddgs:
/home/alexander/Schreibtisch/ofa-v2/langgraph_eval/agent.py:215: RuntimeWarning: This package (`duckduckgo_search`) has been renamed to `ddgs`! Use `pip install ddgs` instead.
  with DDGS() as ddgs:
/home/alexander/Schreibtisch/ofa-v2/langgraph_eval/agent.py:215: RuntimeWarning: This package (`duckduckgo_search`) has been renamed to `ddgs`! Use `pip install ddgs` instead.
  with DDGS() as ddgs:
/home/alexander/Schreibtisch/ofa-v2/langgraph_eval/agent.py:215: RuntimeWarning: This package (`duckduckgo_search`) has been renamed to `ddgs`! Use `pip install ddgs` instead.
  with DDGS() as ddgs:
/home/alexander/Schreibtisch/ofa-v2/langgraph_eval/agent.py:215: RuntimeWarning: This package (`duckduckgo_search`) has been renamed to `ddgs`! Use `pip install ddgs` instead.
  with DDGS() as ddgs:
/home/alexander/Schreibtisch/ofa-v2/langgraph_eval/agent.py:215: RuntimeWarning: This package (`duckduckgo_search`) has been renamed to `ddgs`! Use `pip install ddgs` instead.
  with DDGS() as ddgs:
2026-08-16 12:23:06,373 [oasis.registry] INFO: Loaded discovered config: 5 backends
2026-08-16 12:23:06,374 [oasis.registry] INFO: Registered backend: 4C Multiphysics (fourc)
2026-08-16 12:23:06,374 [oasis.registry] INFO: Registered backend: FEniCSx (dolfinx) (fenics)
2026-08-16 12:23:06,375 [oasis.registry] INFO: Registered backend: deal.II (dealii)
2026-08-16 12:23:06,378 [oasis.registry] INFO: Registered backend: FEBio (febio)
2026-08-16 12:23:06,381 [oasis.registry] INFO: Registered backend: NGSolve (ngsolve)
2026-08-16 12:23:06,381 [oasis.ngsolve] INFO: NGSolve backend registered
2026-08-16 12:23:06,383 [oasis.registry] INFO: Registered backend: scikit-fem (skfem)
2026-08-16 12:23:06,383 [oasis.skfem] INFO: scikit-fem backend registered
2026-08-16 12:23:06,387 [oasis.registry] INFO: Registered backend: Kratos Multiphysics (kratos)
2026-08-16 12:23:06,387 [oasis.kratos] INFO: Kratos Multiphysics backend registered
2026-08-16 12:23:06,389 [oasis.registry] INFO: Registered backend: DUNE-fem (dune)
2026-08-16 12:23:06,390 [oasis.dune] INFO: DUNE-fem backend registered
2026-08-16 12:23:06,395 [oasis.registry] INFO: Registered backend: SPARTA (DSMC) (sparta)
2026-08-16 12:23:06,395 [oasis.sparta] INFO: SPARTA (DSMC) backend registered
2026-08-16 12:23:06,395 [oasis] INFO: Starting OASiS MCP server
2026-08-16 12:23:06,402 [mcp.server.lowlevel.server] INFO: Processing request of type CallToolRequest
2026-08-16 12:23:06,407 [mcp.server.lowlevel.server] INFO: Processing request of type ListToolsRequest
/home/alexander/Schreibtisch/ofa-v2/langgraph_eval/agent.py:215: RuntimeWarning: This package (`duckduckgo_search`) has been renamed to `ddgs`! Use `pip install ddgs` instead.
  with DDGS() as ddgs:
/home/alexander/Schreibtisch/ofa-v2/langgraph_eval/agent.py:215: RuntimeWarning: This package (`duckduckgo_search`) has been renamed to `ddgs`! Use `pip install ddgs` instead.
  with DDGS() as ddgs:
/home/alexander/Schreibtisch/ofa-v2/langgraph_eval/agent.py:215: RuntimeWarning: This package (`duckduckgo_search`) has been renamed to `ddgs`! Use `pip install ddgs` instead.
  with DDGS() as ddgs:
/home/alexander/Schreibtisch/ofa-v2/langgraph_eval/agent.py:215: RuntimeWarning: This package (`duckduckgo_search`) has been renamed to `ddgs`! Use `pip install ddgs` instead.
  with DDGS() as ddgs:
/home/alexander/Schreibtisch/ofa-v2/langgraph_eval/agent.py:215: RuntimeWarning: This package (`duckduckgo_search`) has been renamed to `ddgs`! Use `pip install ddgs` instead.
  with DDGS() as ddgs:
/home/alexander/Schreibtisch/ofa-v2/langgraph_eval/agent.py:215: RuntimeWarning: This package (`duckduckgo_search`) has been renamed to `ddgs`! Use `pip install ddgs` instead.
  with DDGS() as ddgs:
/home/alexander/Schreibtisch/ofa-v2/langgraph_eval/agent.py:215: RuntimeWarning: This package (`duckduckgo_search`) has been renamed to `ddgs`! Use `pip install ddgs` instead.
  with DDGS() as ddgs:
/home/alexander/Schreibtisch/ofa-v2/langgraph_eval/agent.py:215: RuntimeWarning: This package (`duckduckgo_search`) has been renamed to `ddgs`! Use `pip install ddgs` instead.
  with DDGS() as ddgs:
/home/alexander/Schreibtisch/ofa-v2/langgraph_eval/agent.py:215: RuntimeWarning: This package (`duckduckgo_search`) has been renamed to `ddgs`! Use `pip install ddgs` instead.
  with DDGS() as ddgs:
/home/alexander/Schreibtisch/ofa-v2/langgraph_eval/agent.py:215: RuntimeWarning: This package (`duckduckgo_search`) has been renamed to `ddgs`! Use `pip install ddgs` instead.
  with DDGS() as ddgs:
/home/alexander/Schreibtisch/ofa-v2/langgraph_eval/agent.py:215: RuntimeWarning: This package (`duckduckgo_search`) has been renamed to `ddgs`! Use `pip install ddgs` instead.
  with DDGS() as ddgs:
/home/alexander/Schreibtisch/ofa-v2/langgraph_eval/agent.py:215: RuntimeWarning: This package (`duckduckgo_search`) has been renamed to `ddgs`! Use `pip install ddgs` instead.
  with DDGS() as ddgs:
/home/alexander/Schreibtisch/ofa-v2/langgraph_eval/agent.py:215: RuntimeWarning: This package (`duckduckgo_search`) has been renamed to `ddgs`! Use `pip install ddgs` instead.
  with DDGS() as ddgs:
/home/alexander/Schreibtisch/ofa-v2/langgraph_eval/agent.py:215: RuntimeWarning: This package (`duckduckgo_search`) has been renamed to `ddgs`! Use `pip install ddgs` instead.
  with DDGS() as ddgs:
/home/alexander/Schreibtisch/ofa-v2/langgraph_eval/agent.py:215: RuntimeWarning: This package (`duckduckgo_search`) has been renamed to `ddgs`! Use `pip install ddgs` instead.
  with DDGS() as ddgs:
/home/alexander/Schreibtisch/ofa-v2/langgraph_eval/agent.py:215: RuntimeWarning: This package (`duckduckgo_search`) has been renamed to `ddgs`! Use `pip install ddgs` instead.
  with DDGS() as ddgs:
/home/alexander/Schreibtisch/ofa-v2/langgraph_eval/agent.py:215: RuntimeWarning: This package (`duckduckgo_search`) has been renamed to `ddgs`! Use `pip install ddgs` instead.
  with DDGS() as ddgs:
/home/alexander/Schreibtisch/ofa-v2/langgraph_eval/agent.py:215: RuntimeWarning: This package (`duckduckgo_search`) has been renamed to `ddgs`! Use `pip install ddgs` instead.
  with DDGS() as ddgs:
/home/alexander/Schreibtisch/ofa-v2/langgraph_eval/agent.py:215: RuntimeWarning: This package (`duckduckgo_search`) has been renamed to `ddgs`! Use `pip install ddgs` instead.
  with DDGS() as ddgs:
/home/alexander/Schreibtisch/ofa-v2/langgraph_eval/agent.py:215: RuntimeWarning: This package (`duckduckgo_search`) has been renamed to `ddgs`! Use `pip install ddgs` instead.
  with DDGS() as ddgs:
/home/alexander/Schreibtisch/ofa-v2/langgraph_eval/agent.py:215: RuntimeWarning: This package (`duckduckgo_search`) has been renamed to `ddgs`! Use `pip install ddgs` instead.
  with DDGS() as ddgs:
/home/alexander/Schreibtisch/ofa-v2/langgraph_eval/agent.py:215: RuntimeWarning: This package (`duckduckgo_search`) has been renamed to `ddgs`! Use `pip install ddgs` instead.
  with DDGS() as ddgs:
/home/alexander/Schreibtisch/ofa-v2/langgraph_eval/agent.py:215: RuntimeWarning: This package (`duckduckgo_search`) has been renamed to `ddgs`! Use `pip install ddgs` instead.
  with DDGS() as ddgs:
/home/alexander/Schreibtisch/ofa-v2/langgraph_eval/agent.py:215: RuntimeWarning: This package (`duckduckgo_search`) has been renamed to `ddgs`! Use `pip install ddgs` instead.
  with DDGS() as ddgs:
/home/alexander/Schreibtisch/ofa-v2/langgraph_eval/agent.py:215: RuntimeWarning: This package (`duckduckgo_search`) has been renamed to `ddgs`! Use `pip install ddgs` instead.
  with DDGS() as ddgs:
/home/alexander/Schreibtisch/ofa-v2/langgraph_eval/agent.py:215: RuntimeWarning: This package (`duckduckgo_search`) has been renamed to `ddgs`! Use `pip install ddgs` instead.
  with DDGS() as ddgs:
/home/alexander/Schreibtisch/ofa-v2/langgraph_eval/agent.py:215: RuntimeWarning: This package (`duckduckgo_search`) has been renamed to `ddgs`! Use `pip install ddgs` instead.
  with DDGS() as ddgs:
/home/alexander/Schreibtisch/ofa-v2/langgraph_eval/agent.py:215: RuntimeWarning: This package (`duckduckgo_search`) has been renamed to `ddgs`! Use `pip install ddgs` instead.
  with DDGS() as ddgs:
/home/alexander/Schreibtisch/ofa-v2/langgraph_eval/agent.py:215: RuntimeWarning: This package (`duckduckgo_search`) has been renamed to `ddgs`! Use `pip install ddgs` instead.
  with DDGS() as ddgs:
/home/alexander/Schreibtisch/ofa-v2/langgraph_eval/agent.py:215: RuntimeWarning: This package (`duckduckgo_search`) has been renamed to `ddgs`! Use `pip install ddgs` instead.
  with DDGS() as ddgs:
/home/alexander/Schreibtisch/ofa-v2/langgraph_eval/agent.py:215: RuntimeWarning: This package (`duckduckgo_search`) has been renamed to `ddgs`! Use `pip install ddgs` instead.
  with DDGS() as ddgs:
/home/alexander/Schreibtisch/ofa-v2/langgraph_eval/agent.py:215: RuntimeWarning: This package (`duckduckgo_search`) has been renamed to `ddgs`! Use `pip install ddgs` instead.
  with DDGS() as ddgs:
/home/alexander/Schreibtisch/ofa-v2/langgraph_eval/agent.py:215: RuntimeWarning: This package (`duckduckgo_search`) has been renamed to `ddgs`! Use `pip install ddgs` instead.
  with DDGS() as ddgs:
2026-08-16 12:23:27,371 [oasis.registry] INFO: Loaded discovered config: 5 backends
2026-08-16 12:23:27,371 [oasis.registry] INFO: Loaded discovered config: 5 backends
2026-08-16 12:23:27,372 [oasis.registry] INFO: Registered backend: 4C Multiphysics (fourc)
2026-08-16 12:23:27,372 [oasis.registry] INFO: Registered backend: 4C Multiphysics (fourc)
2026-08-16 12:23:27,372 [oasis.registry] INFO: Registered backend: FEniCSx (dolfinx) (fenics)
2026-08-16 12:23:27,373 [oasis.registry] INFO: Registered backend: FEniCSx (dolfinx) (fenics)
2026-08-16 12:23:27,373 [oasis.registry] INFO: Registered backend: deal.II (dealii)
2026-08-16 12:23:27,373 [oasis.registry] INFO: Registered backend: deal.II (dealii)
2026-08-16 12:23:27,376 [oasis.registry] INFO: Registered backend: FEBio (febio)
2026-08-16 12:23:27,377 [oasis.registry] INFO: Registered backend: FEBio (febio)
2026-08-16 12:23:27,379 [oasis.registry] INFO: Registered backend: NGSolve (ngsolve)
2026-08-16 12:23:27,379 [oasis.ngsolve] INFO: NGSolve backend registered
2026-08-16 12:23:27,379 [oasis.registry] INFO: Registered backend: NGSolve (ngsolve)
2026-08-16 12:23:27,379 [oasis.ngsolve] INFO: NGSolve backend registered
2026-08-16 12:23:27,381 [oasis.registry] INFO: Registered backend: scikit-fem (skfem)
2026-08-16 12:23:27,381 [oasis.skfem] INFO: scikit-fem backend registered
2026-08-16 12:23:27,382 [oasis.registry] INFO: Registered backend: scikit-fem (skfem)
2026-08-16 12:23:27,382 [oasis.skfem] INFO: scikit-fem backend registered
2026-08-16 12:23:27,385 [oasis.registry] INFO: Registered backend: Kratos Multiphysics (kratos)
2026-08-16 12:23:27,385 [oasis.kratos] INFO: Kratos Multiphysics backend registered
2026-08-16 12:23:27,385 [oasis.registry] INFO: Registered backend: Kratos Multiphysics (kratos)
2026-08-16 12:23:27,386 [oasis.kratos] INFO: Kratos Multiphysics backend registered
2026-08-16 12:23:27,388 [oasis.registry] INFO: Registered backend: DUNE-fem (dune)
2026-08-16 12:23:27,388 [oasis.dune] INFO: DUNE-fem backend registered
2026-08-16 12:23:27,388 [oasis.registry] INFO: Registered backend: DUNE-fem (dune)
2026-08-16 12:23:27,388 [oasis.dune] INFO: DUNE-fem backend registered
2026-08-16 12:23:27,393 [oasis.registry] INFO: Registered backend: SPARTA (DSMC) (sparta)
2026-08-16 12:23:27,393 [oasis.sparta] INFO: SPARTA (DSMC) backend registered
2026-08-16 12:23:27,393 [oasis] INFO: Starting OASiS MCP server
2026-08-16 12:23:27,393 [oasis.registry] INFO: Registered backend: SPARTA (DSMC) (sparta)
2026-08-16 12:23:27,393 [oasis.sparta] INFO: SPARTA (DSMC) backend registered
2026-08-16 12:23:27,393 [oasis] INFO: Starting OASiS MCP server
2026-08-16 12:23:27,401 [mcp.server.lowlevel.server] INFO: Processing request of type CallToolRequest
2026-08-16 12:23:27,402 [mcp.server.lowlevel.server] INFO: Processing request of type CallToolRequest
2026-08-16 12:23:27,406 [mcp.server.lowlevel.server] INFO: Processing request of type ListToolsRequest
2026-08-16 12:23:27,406 [mcp.server.lowlevel.server] INFO: Processing request of type ListToolsRequest
/home/alexander/Schreibtisch/ofa-v2/langgraph_eval/agent.py:290: LangGraphDeprecatedSinceV10: create_react_agent has been moved to `langchain.agents`. Please update your import to `from langchain.agents import create_agent`. Deprecated in LangGraph V1.0 to be removed in V2.0.
  sub_agent = create_react_agent(
/home/alexander/Schreibtisch/ofa-v2/langgraph_eval/agent.py:215: RuntimeWarning: This package (`duckduckgo_search`) has been renamed to `ddgs`! Use `pip install ddgs` instead.
  with DDGS() as ddgs:
/home/alexander/Schreibtisch/ofa-v2/langgraph_eval/agent.py:215: RuntimeWarning: This package (`duckduckgo_search`) has been renamed to `ddgs`! Use `pip install ddgs` instead.
  with DDGS() as ddgs:
/home/alexander/Schreibtisch/ofa-v2/langgraph_eval/agent.py:215: RuntimeWarning: This package (`duckduckgo_search`) has been renamed to `ddgs`! Use `pip install ddgs` instead.
  with DDGS() as ddgs:
/home/alexander/Schreibtisch/ofa-v2/langgraph_eval/agent.py:215: RuntimeWarning: This package (`duckduckgo_search`) has been renamed to `ddgs`! Use `pip install ddgs` instead.
  with DDGS() as ddgs:
/home/alexander/Schreibtisch/ofa-v2/langgraph_eval/agent.py:215: RuntimeWarning: This package (`duckduckgo_search`) has been renamed to `ddgs`! Use `pip install ddgs` instead.
  with DDGS() as ddgs:
2026-08-16 12:25:07,928 [oasis.registry] INFO: Loaded discovered config: 5 backends
2026-08-16 12:25:07,929 [oasis.registry] INFO: Registered backend: 4C Multiphysics (fourc)
2026-08-16 12:25:07,929 [oasis.registry] INFO: Registered backend: FEniCSx (dolfinx) (fenics)
2026-08-16 12:25:07,930 [oasis.registry] INFO: Registered backend: deal.II (dealii)
2026-08-16 12:25:07,934 [oasis.registry] INFO: Registered backend: FEBio (febio)
2026-08-16 12:25:07,936 [oasis.registry] INFO: Registered backend: NGSolve (ngsolve)
2026-08-16 12:25:07,936 [oasis.ngsolve] INFO: NGSolve backend registered
2026-08-16 12:25:07,939 [oasis.registry] INFO: Registered backend: scikit-fem (skfem)
2026-08-16 12:25:07,939 [oasis.skfem] INFO: scikit-fem backend registered
2026-08-16 12:25:07,942 [oasis.registry] INFO: Registered backend: Kratos Multiphysics (kratos)
2026-08-16 12:25:07,942 [oasis.kratos] INFO: Kratos Multiphysics backend registered
2026-08-16 12:25:07,945 [oasis.registry] INFO: Registered backend: DUNE-fem (dune)
2026-08-16 12:25:07,945 [oasis.dune] INFO: DUNE-fem backend registered
2026-08-16 12:25:07,950 [oasis.registry] INFO: Registered backend: SPARTA (DSMC) (sparta)
2026-08-16 12:25:07,950 [oasis.sparta] INFO: SPARTA (DSMC) backend registered
2026-08-16 12:25:07,950 [oasis] INFO: Starting OASiS MCP server
2026-08-16 12:25:07,957 [mcp.server.lowlevel.server] INFO: Processing request of type CallToolRequest
2026-08-16 12:25:07,962 [mcp.server.lowlevel.server] INFO: Processing request of type ListToolsRequest
/home/alexander/Schreibtisch/ofa-v2/langgraph_eval/agent.py:215: RuntimeWarning: This package (`duckduckgo_search`) has been renamed to `ddgs`! Use `pip install ddgs` instead.
  with DDGS() as ddgs:
2026-08-16 12:25:12,053 [oasis.registry] INFO: Loaded discovered config: 5 backends
2026-08-16 12:25:12,054 [oasis.registry] INFO: Registered backend: 4C Multiphysics (fourc)
2026-08-16 12:25:12,055 [oasis.registry] INFO: Registered backend: FEniCSx (dolfinx) (fenics)
2026-08-16 12:25:12,055 [oasis.registry] INFO: Registered backend: deal.II (dealii)
2026-08-16 12:25:12,057 [oasis.registry] INFO: Loaded discovered config: 5 backends
2026-08-16 12:25:12,058 [oasis.registry] INFO: Registered backend: 4C Multiphysics (fourc)
2026-08-16 12:25:12,058 [oasis.registry] INFO: Registered backend: FEniCSx (dolfinx) (fenics)
2026-08-16 12:25:12,059 [oasis.registry] INFO: Registered backend: deal.II (dealii)
2026-08-16 12:25:12,059 [oasis.registry] INFO: Registered backend: FEBio (febio)
2026-08-16 12:25:12,061 [oasis.registry] INFO: Registered backend: NGSolve (ngsolve)
2026-08-16 12:25:12,061 [oasis.ngsolve] INFO: NGSolve backend registered
2026-08-16 12:25:12,063 [oasis.registry] INFO: Registered backend: FEBio (febio)
2026-08-16 12:25:12,064 [oasis.registry] INFO: Registered backend: scikit-fem (skfem)
2026-08-16 12:25:12,064 [oasis.skfem] INFO: scikit-fem backend registered
2026-08-16 12:25:12,065 [oasis.registry] INFO: Registered backend: NGSolve (ngsolve)
2026-08-16 12:25:12,065 [oasis.ngsolve] INFO: NGSolve backend registered
2026-08-16 12:25:12,068 [oasis.registry] INFO: Registered backend: Kratos Multiphysics (kratos)
2026-08-16 12:25:12,068 [oasis.kratos] INFO: Kratos Multiphysics backend registered
2026-08-16 12:25:12,068 [oasis.registry] INFO: Registered backend: scikit-fem (skfem)
2026-08-16 12:25:12,068 [oasis.skfem] INFO: scikit-fem backend registered
2026-08-16 12:25:12,070 [oasis.registry] INFO: Registered backend: DUNE-fem (dune)
2026-08-16 12:25:12,070 [oasis.dune] INFO: DUNE-fem backend registered
2026-08-16 12:25:12,072 [oasis.registry] INFO: Registered backend: Kratos Multiphysics (kratos)
2026-08-16 12:25:12,072 [oasis.kratos] INFO: Kratos Multiphysics backend registered
2026-08-16 12:25:12,074 [oasis.registry] INFO: Registered backend: DUNE-fem (dune)
2026-08-16 12:25:12,074 [oasis.dune] INFO: DUNE-fem backend registered
2026-08-16 12:25:12,075 [oasis.registry] INFO: Registered backend: SPARTA (DSMC) (sparta)
2026-08-16 12:25:12,075 [oasis.sparta] INFO: SPARTA (DSMC) backend registered
2026-08-16 12:25:12,075 [oasis] INFO: Starting OASiS MCP server
2026-08-16 12:25:12,079 [oasis.registry] INFO: Registered backend: SPARTA (DSMC) (sparta)
2026-08-16 12:25:12,079 [oasis.sparta] INFO: SPARTA (DSMC) backend registered
2026-08-16 12:25:12,079 [oasis] INFO: Starting OASiS MCP server
2026-08-16 12:25:12,083 [mcp.server.lowlevel.server] INFO: Processing request of type CallToolRequest
2026-08-16 12:25:12,087 [mcp.server.lowlevel.server] INFO: Processing request of type CallToolRequest
2026-08-16 12:25:12,093 [mcp.server.lowlevel.server] INFO: Processing request of type ListToolsRequest
2026-08-16 12:25:12,094 [mcp.server.lowlevel.server] INFO: Processing request of type ListToolsRequest
2026-08-16 12:25:12,102 [oasis] INFO: Session journal saved: /home/alexander/Schreibtisch/ofa-v2/data/sessions/session_e68c7e1e-06a0-41f3-a35b-693efafd662b.json (1 events)
2026-08-16 12:25:12,104 [oasis] INFO: Session journal saved: /home/alexander/Schreibtisch/ofa-v2/data/sessions/session_2a5474fa-c446-41a2-907d-f348859b0b0e.json (1 events)
2026-08-16 12:25:33,783 [oasis.registry] INFO: Loaded discovered config: 5 backends
2026-08-16 12:25:33,784 [oasis.registry] INFO: Registered backend: 4C Multiphysics (fourc)
2026-08-16 12:25:33,785 [oasis.registry] INFO: Registered backend: FEniCSx (dolfinx) (fenics)
2026-08-16 12:25:33,786 [oasis.registry] INFO: Registered backend: deal.II (dealii)
2026-08-16 12:25:33,790 [oasis.registry] INFO: Registered backend: FEBio (febio)
2026-08-16 12:25:33,792 [oasis.registry] INFO: Registered backend: NGSolve (ngsolve)
2026-08-16 12:25:33,793 [oasis.ngsolve] INFO: NGSolve backend registered
2026-08-16 12:25:33,795 [oasis.registry] INFO: Registered backend: scikit-fem (skfem)
2026-08-16 12:25:33,795 [oasis.skfem] INFO: scikit-fem backend registered
2026-08-16 12:25:33,799 [oasis.registry] INFO: Registered backend: Kratos Multiphysics (kratos)
2026-08-16 12:25:33,799 [oasis.kratos] INFO: Kratos Multiphysics backend registered
2026-08-16 12:25:33,801 [oasis.registry] INFO: Registered backend: DUNE-fem (dune)
2026-08-16 12:25:33,801 [oasis.dune] INFO: DUNE-fem backend registered
2026-08-16 12:25:33,807 [oasis.registry] INFO: Registered backend: SPARTA (DSMC) (sparta)
2026-08-16 12:25:33,807 [oasis.sparta] INFO: SPARTA (DSMC) backend registered
2026-08-16 12:25:33,807 [oasis] INFO: Starting OASiS MCP server
2026-08-16 12:25:33,815 [mcp.server.lowlevel.server] INFO: Processing request of type CallToolRequest
2026-08-16 12:25:33,818 [mcp.server.lowlevel.server] INFO: Processing request of type ListToolsRequest
