x,y,ux,uy
6.349431818181818e-01,1.136363636363636e-02,1.394805554509989e-03,-1.394586242236476e-03
6.548295454545454e-01,1.136363636363636e-02,1.047362087896466e-03,-1.047142281787461e-03
6.747159090909091e-01,1.136363636363636e-02,6.999186212829421e-04,-6.996983213384459e-04
6.946022727272727e-01,1.136363636363636e-02,3.524751546694188e-04,-3.522543608894311e-04
7.144886363636364e-01,1.136363636363636e-02,5.031688055895477e-06,-4.810400440415993e-06
7.343750000000000e-01,1.136363636363636e-02,-3.424117785576279e-04,3.426335600085991e-04
7.542613636363636e-01,1.136363636363636e-02,-5.987002794853687e-04,5.989224488444595e-04
7.741477272727273e-01,1.136363636363636e-02,-5.207539062319080e-04,5.209760750987542e-04
7.940340909090909e-01,1.136363636363636e-02,-4.428075329784473e-04,4.430297013530488e-04
8.139204545454546e-01,1.136363636363636e-02,-3.648611597249865e-04,3.650833276073435e-04
8.338068181818181e-01,1.136363636363636e-02,-2.869147864715262e-04,2.871369538616386e-04
8.536931818181819e-01,1.136363636363636e-02,-2.089684132180650e-04,2.091905801159327e-04
8.735795454545454e-01,1.136363636363636e-02,-1.310220399646047e-04,1.312442063702278e-04
8.934659090909091e-01,1.136363636363636e-02,-1.445771356641436e-04,1.447974359517886e-04
9.133522727272727e-01,1.136363636363636e-02,-1.651708058985289e-04,1.653890965585240e-04
9.332386363636364e-01,1.136363636363636e-02,-1.857644761329142e-04,1.859807571652593e-04
9.531250000000000e-01,1.136363636363636e-02,-2.063581463672995e-04,2.065724177719947e-04
9.730113636363636e-01,1.136363636363636e-02,-2.269518166016848e-04,2.271640783787301e-04
9.928977272727273e-01,1.136363636363636e-02,-2.475454868360701e-04,2.477557389854654e-04
1.012784090909091e+00,1.136363636363636e-02,-2.729161260957654e-04,2.731230770304644e-04
1.032670454545455e+00,1.136363636363636e-02,-3.009406370361891e-04,3.011435692078326e-04
1.052556818181818e+00,1.136363636363636e-02,-3.289651479766123e-04,3.291640613852004e-04
1.072443181818182e+00,1.136363636363636e-02,-3.569896589170358e-04,3.571845535625684e-04
1.092329545454545e+00,1.136363636363636e-02,-3.850141698574591e-04,3.852050457399363e-04
1.112215909090909e+00,1.136363636363636e-02,-4.130386807978828e-04,4.132255379173044e-04
1.132102272727273e+00,1.136363636363636e-02,-4.368615307686862e-04,4.370436515766933e-04
1.151988636363636e+00,1.136363636363636e-02,-4.531213909941743e-04,4.532974839037207e-04
1.171875000000000e+00,1.136363636363636e-02,-4.693812512196625e-04,4.695513162307480e-04
1.191761363636364e+00,1.136363636363636e-02,-4.856411114451508e-04,4.858051485577755e-04
1.211647727272727e+00,1.136363636363636e-02,-5.019009716706389e-04,5.020589808848027e-04
1.231534090909091e+00,1.136363636363636e-02,-5.181608318961270e-04,5.183128132118301e-04
1.251420454545455e+00,1.136363636363636e-02,-5.314258591414571e-04,5.315716690490277e-04
1.271306818181818e+00,1.136363636363636e-02,-5.057580576447326e-04,5.058958305184368e-04
1.291193181818182e+00,1.136363636363636e-02,-4.800902561480081e-04,4.802199919878461e-04
1.311079545454545e+00,1.136363636363636e-02,-4.544224546512833e-04,4.545441534572551e-04
1.330965909090909e+00,1.136363636363636e-02,-4.287546531545585e-04,4.288683149266641e-04
1.350852272727273e+00,1.136363636363636e-02,-4.030868516578341e-04,4.031924763960733e-04
1.370738636363636e+00,1.136363636363636e-02,-3.774190501611097e-04,3.775166378654827e-04
1.390625000000000e+00,1.136363636363636e-02,-3.394888300989426e-04,3.395727123964190e-04
1.410511363636364e+00,1.136363636363636e-02,-2.982143140643820e-04,2.982829450350445e-04
1.430397727272727e+00,1.136363636363636e-02,-2.569397980298220e-04,2.569931776736707e-04
1.450284090909091e+00,1.136363636363636e-02,-2.156652819952619e-04,2.157034103122966e-04
1.470170454545455e+00,1.136363636363636e-02,-1.743907659607014e-04,1.744136429509223e-04
1.490056818181818e+00,1.136363636363636e-02,-1.331162499261414e-04,1.331238755895483e-04
6.349431818181818e-01,3.409090909090909e-02,1.116449533417386e-03,-1.115791596596848e-03
6.548295454545454e-01,3.409090909090909e-02,8.384727816040181e-04,-8.378133632770049e-04
6.747159090909091e-01,3.409090909090909e-02,5.604960297906504e-04,-5.598351299571621e-04
6.946022727272727e-01,3.409090909090909e-02,2.825192779772826e-04,-2.818568966373193e-04
7.144886363636364e-01,3.409090909090909e-02,4.542526163914919e-06,-3.878663317476464e-06
7.343750000000000e-01,3.409090909090909e-02,-2.734342256494528e-04,2.740995700023664e-04
7.542613636363636e-01,3.409090909090909e-02,-4.784827460048846e-04,4.791492540821571e-04
7.741477272727273e-01,3.409090909090909e-02,-4.161277510145518e-04,4.167942576150906e-04
7.940340909090909e-01,3.409090909090909e-02,-3.537727560242190e-04,3.544392611480239e-04
8.139204545454546e-01,3.409090909090909e-02,-2.914177610338861e-04,2.920842646809574e-04
8.338068181818181e-01,3.409090909090909e-02,-2.290627660435536e-04,2.297292682138911e-04
8.536931818181819e-01,3.409090909090909e-02,-1.667077710532204e-04,1.673742717468242e-04
8.735795454545454e-01,3.409090909090909e-02,-1.043527760628879e-04,1.050192752797580e-04
8.934659090909091e-01,3.409090909090909e-02,-1.152017703021302e-04,1.158626711650657e-04
9.133522727272727e-01,3.409090909090909e-02,-1.316818406359553e-04,1.323367126159409e-04
9.332386363636364e-01,3.409090909090909e-02,-1.481619109697804e-04,1.488107540668162e-04
9.531250000000000e-01,3.409090909090909e-02,-1.646419813036056e-04,1.652847955176914e-04
9.730113636363636e-01,3.409090909090909e-02,-1.811220516374307e-04,1.817588369685666e-04
9.928977272727273e-01,3.409090909090909e-02,-1.976021219712559e-04,1.982328784194418e-04
1.012784090909091e+00,3.409090909090909e-02,-2.179079890488325e-04,2.185288418529295e-04
1.032670454545455e+00,3.409090909090909e-02,-2.403392987618270e-04,2.409480952767577e-04
1.052556818181818e+00,3.409090909090909e-02,-2.627706084748212e-04,2.633673487005856e-04
1.072443181818182e+00,3.409090909090909e-02,-2.852019181878157e-04,2.857866021244139e-04
1.092329545454545e+00,3.409090909090909e-02,-3.076332279008099e-04,3.082058555482417e-04
1.112215909090909e+00,3.409090909090909e-02,-3.300645376138044e-04,3.306251089720700e-04
1.132102272727273e+00,3.409090909090909e-02,-3.491362678757641e-04,3.496826302997861e-04
1.151988636363636e+00,3.409090909090909e-02,-3.621607551258614e-04,3.626890338545010e-04
1.171875000000000e+00,3.409090909090909e-02,-3.751852423759588e-04,3.756954374092161e-04
1.191761363636364e+00,3.409090909090909e-02,-3.882097296260564e-04,3.887018409639311e-04
1.211647727272727e+00,3.409090909090909e-02,-4.012342168761537e-04,4.017082445186460e-04
1.231534090909091e+00,3.409090909090909e-02,-4.142587041262512e-04,4.147146480733609e-04
1.251420454545455e+00,3.409090909090909e-02,-4.248875827268815e-04,4.253250124495934e-04
1.271306818181818e+00,3.409090909090909e-02,-4.043735488844411e-04,4.047868675055542e-04
1.291193181818182e+00,3.409090909090909e-02,-3.838595150420007e-04,3.842487225615149e-04
1.311079545454545e+00,3.409090909090909e-02,-3.633454811995600e-04,3.637105776174755e-04
1.330965909090909e+00,3.409090909090909e-02,-3.428314473571193e-04,3.431724326734361e-04
1.350852272727273e+00,3.409090909090909e-02,-3.223174135146789e-04,3.226342877293969e-04
1.370738636363636e+00,3.409090909090909e-02,-3.018033796722385e-04,3.020961427853576e-04
1.390625000000000e+00,3.409090909090909e-02,-2.782630812175523e-04,2.785147281099818e-04
1.410511363636364e+00,3.409090909090909e-02,-2.538974378686173e-04,2.541033307806051e-04
1.430397727272727e+00,3.409090909090909e-02,-2.295317945196827e-04,2.296919334512287e-04
1.450284090909091e+00,3.409090909090909e-02,-2.051661511707480e-04,2.052805361218523e-04
1.470170454545455e+00,3.409090909090909e-02,-1.808005078218131e-04,1.808691387924756e-04
1.490056818181818e+00,3.409090909090909e-02,-1.564348644728784e-04,1.564577414630993e-04
6.349431818181818e-01,5.681818181818182e-02,8.380935123247826e-04,-8.369969509572191e-04
6.548295454545454e-01,5.681818181818182e-02,6.295834753115707e-04,-6.284844447665487e-04
6.747159090909091e-01,5.681818181818182e-02,4.210734382983585e-04,-4.199719385758781e-04
6.946022727272727e-01,5.681818181818182e-02,2.125634012851464e-04,-2.114594323852075e-04
7.144886363636364e-01,5.681818181818182e-02,4.053364271934306e-06,-2.946926194536882e-06
7.343750000000000e-01,5.681818181818182e-02,-2.044566727412777e-04,2.055655799961336e-04
7.542613636363636e-01,5.681818181818182e-02,-3.582652125244004e-04,3.593760593198545e-04
7.741477272727273e-01,5.681818181818182e-02,-3.115015957971954e-04,3.126124401314267e-04
7.940340909090909e-01,5.681818181818182e-02,-2.647379790699905e-04,2.658488209429989e-04
8.139204545454546e-01,5.681818181818182e-02,-2.179743623427856e-04,2.190852017545712e-04
8.338068181818181e-01,5.681818181818182e-02,-1.712107456155810e-04,1.723215825661437e-04
8.536931818181819e-01,5.681818181818182e-02,-1.244471288883758e-04,1.255579633777156e-04
8.735795454545454e-01,5.681818181818182e-02,-7.768351216117116e-05,7.879434418928813e-05
8.934659090909091e-01,5.681818181818182e-02,-8.582640494011673e-05,8.692790637834287e-05
9.133522727272727e-01,5.681818181818182e-02,-9.819287537338169e-05,9.928432867335792e-05
9.332386363636364e-01,5.681818181818182e-02,-1.105593458066466e-04,1.116407509683730e-04
9.531250000000000e-01,5.681818181818182e-02,-1.229258162399116e-04,1.239971732633880e-04
9.730113636363636e-01,5.681818181818182e-02,-1.352922866731766e-04,1.363535955584031e-04
9.928977272727273e-01,5.681818181818182e-02,-1.476587571064415e-04,1.487100178534182e-04
1.012784090909091e+00,5.681818181818182e-02,-1.628998520018995e-04,1.639346066753944e-04
1.032670454545455e+00,5.681818181818182e-02,-1.797379604874648e-04,1.807526213456827e-04
1.052556818181818e+00,5.681818181818182e-02,-1.965760689730301e-04,1.975706360159708e-04
1.072443181818182e+00,5.681818181818182e-02,-2.134141774585955e-04,2.143886506862591e-04
1.092329545454545e+00,5.681818181818182e-02,-2.302522859441606e-04,2.312066653565472e-04
1.112215909090909e+00,5.681818181818182e-02,-2.470903944297261e-04,2.480246800268356e-04
1.132102272727273e+00,5.681818181818182e-02,-2.614110049828417e-04,2.623216090228788e-04
1.151988636363636e+00,5.681818181818182e-02,-2.712001192575484e-04,2.720805838052813e-04
1.171875000000000e+00,5.681818181818182e-02,-2.809892335322552e-04,2.818395585876839e-04
1.191761363636364e+00,5.681818181818182e-02,-2.907783478069620e-04,2.915985333700866e-04
1.211647727272727e+00,5.681818181818182e-02,-3.005674620816686e-04,3.013575081524890e-04
1.231534090909091e+00,5.681818181818182e-02,-3.103565763563753e-04,3.111164829348916e-04
1.251420454545455e+00,5.681818181818182e-02,-3.183493063123061e-04,3.190783558501592e-04
1.271306818181818e+00,5.681818181818182e-02,-3.029890401241496e-04,3.036779044926714e-04
1.291193181818182e+00,5.681818181818182e-02,-2.876287739359933e-04,2.882774531351837e-04
1.311079545454545e+00,5.681818181818182e-02,-2.722685077478367e-04,2.728770017776959e-04
1.330965909090909e+00,5.681818181818182e-02,-2.569082415596801e-04,2.574765504202080e-04
1.350852272727273e+00,5.681818181818182e-02,-2.415479753715237e-04,2.420760990627203e-04
1.370738636363636e+00,5.681818181818182e-02,-2.261877091833673e-04,2.266756477052326e-04
1.390625000000000e+00,5.681818181818182e-02,-2.170373323361621e-04,2.174567438235446e-04
1.410511363636364e+00,5.681818181818182e-02,-2.095805616728527e-04,2.099237165261656e-04
1.430397727272727e+00,5.681818181818182e-02,-2.021237910095434e-04,2.023906892287868e-04
1.450284090909091e+00,5.681818181818182e-02,-1.946670203462341e-04,1.948576619314079e-04
1.470170454545455e+00,5.681818181818182e-02,-1.872102496829247e-04,1.873246346340290e-04
1.490056818181818e+00,5.681818181818182e-02,-1.797534790196154e-04,1.797916073366502e-04
6.349431818181818e-01,7.954545454545454e-02,5.597374912321796e-04,-5.582023053175908e-04
6.548295454545454e-01,7.954545454545454e-02,4.206941690191232e-04,-4.191555262560925e-04
6.747159090909091e-01,7.954545454545454e-02,2.816508468060667e-04,-2.801087471945941e-04
6.946022727272727e-01,7.954545454545454e-02,1.426075245930103e-04,-1.410619681330957e-04
7.144886363636364e-01,7.954545454545454e-02,3.564202379953801e-06,-2.015189071597408e-06
7.343750000000000e-01,7.954545454545454e-02,-1.354791198331027e-04,1.370315899899010e-04
7.542613636363636e-01,7.954545454545454e-02,-2.380476790439162e-04,2.396028645575520e-04
7.741477272727273e-01,7.954545454545454e-02,-2.068754405798392e-04,2.084306226477630e-04
7.940340909090909e-01,7.954545454545454e-02,-1.757032021157622e-04,1.772583807379740e-04
8.139204545454546e-01,7.954545454545454e-02,-1.445309636516852e-04,1.460861388281851e-04
8.338068181818181e-01,7.954545454545454e-02,-1.133587251876084e-04,1.149138969183963e-04
8.536931818181819e-01,7.954545454545454e-02,-8.218648672353122e-05,8.374165500860711e-05
8.735795454545454e-01,7.954545454545454e-02,-5.101424825945441e-05,5.256941309881832e-05
8.934659090909091e-01,7.954545454545454e-02,-5.645103957810328e-05,5.799314159162000e-05
9.133522727272727e-01,7.954545454545454e-02,-6.470391011080805e-05,6.623194473077490e-05
9.332386363636364e-01,7.954545454545454e-02,-7.295678064351287e-05,7.447074786992980e-05
9.531250000000000e-01,7.954545454545454e-02,-8.120965117621767e-05,8.270955100908471e-05
9.730113636363636e-01,7.954545454545454e-02,-8.946252170892247e-05,9.094835414823962e-05
9.928977272727273e-01,7.954545454545454e-02,-9.771539224162726e-05,9.918715728739452e-05
1.012784090909091e+00,7.954545454545454e-02,-1.078917149549665e-04,1.093403714978594e-04
1.032670454545455e+00,7.954545454545454e-02,-1.191366222131028e-04,1.205571474146078e-04
1.052556818181818e+00,7.954545454545454e-02,-1.303815294712390e-04,1.317739233313561e-04
1.072443181818182e+00,7.954545454545454e-02,-1.416264367293753e-04,1.429906992481045e-04
1.092329545454545e+00,7.954545454545454e-02,-1.528713439875115e-04,1.542074751648528e-04
1.112215909090909e+00,7.954545454545454e-02,-1.641162512456478e-04,1.654242510816012e-04
1.132102272727273e+00,7.954545454545454e-02,-1.736857420899196e-04,1.749605877459715e-04
1.151988636363636e+00,7.954545454545454e-02,-1.802394833892355e-04,1.814721337560617e-04
1.171875000000000e+00,7.954545454545454e-02,-1.867932246885515e-04,1.879836797661519e-04
1.191761363636364e+00,7.954545454545454e-02,-1.933469659878676e-04,1.944952257762421e-04
1.211647727272727e+00,7.954545454545454e-02,-1.999007072871836e-04,2.010067717863322e-04
1.231534090909091e+00,7.954545454545454e-02,-2.064544485864995e-04,2.075183177964224e-04
1.251420454545455e+00,7.954545454545454e-02,-2.118110298977306e-04,2.128316992507249e-04
1.271306818181818e+00,7.954545454545454e-02,-2.016045313638582e-04,2.025689414797887e-04
1.291193181818182e+00,7.954545454545454e-02,-1.913980328299859e-04,1.923061837088526e-04
1.311079545454545e+00,7.954545454545454e-02,-1.811915342961134e-04,1.820434259379163e-04
1.330965909090909e+00,7.954545454545454e-02,-1.709850357622409e-04,1.717806681669800e-04
1.350852272727273e+00,7.954545454545454e-02,-1.607785372283685e-04,1.615179103960438e-04
1.370738636363636e+00,7.954545454545454e-02,-1.505720386944962e-04,1.512551526251076e-04
1.390625000000000e+00,7.954545454545454e-02,-1.558115834547718e-04,1.563987595371074e-04
1.410511363636364e+00,7.954545454545454e-02,-1.652636854770880e-04,1.657441022717262e-04
1.430397727272727e+00,7.954545454545454e-02,-1.747157874994041e-04,1.750894450063449e-04
1.450284090909091e+00,7.954545454545454e-02,-1.841678895217202e-04,1.844347877409636e-04
1.470170454545455e+00,7.954545454545454e-02,-1.936199915440363e-04,1.937801304755824e-04
1.490056818181818e+00,7.954545454545454e-02,-2.030720935663524e-04,2.031254732102011e-04
6.349431818181818e-01,1.022727272727273e-01,2.813814701395764e-04,-2.794076596779623e-04
6.548295454545454e-01,1.022727272727273e-01,2.118048627266756e-04,-2.098266077456362e-04
6.747159090909091e-01,1.022727272727273e-01,1.422282553137748e-04,-1.402455558133101e-04
6.946022727272727e-01,1.022727272727273e-01,7.265164790087403e-05,-7.066450388098397e-05
7.144886363636364e-01,1.022727272727273e-01,3.075040487973228e-06,-1.083451948657866e-06
7.343750000000000e-01,1.022727272727273e-01,-6.650156692492760e-05,6.849759998366825e-05
7.542613636363636e-01,1.022727272727273e-01,-1.178301455634320e-04,1.198296697952494e-04
7.741477272727273e-01,1.022727272727273e-01,-1.022492853624829e-04,1.042488051640992e-04
7.940340909090909e-01,1.022727272727273e-01,-8.666842516153383e-05,8.866794053294907e-05
8.139204545454546e-01,1.022727272727273e-01,-7.108756496058476e-05,7.308707590179890e-05
8.338068181818181e-01,1.022727272727273e-01,-5.550670475963578e-05,5.750621127064882e-05
8.536931818181819e-01,1.022727272727273e-01,-3.992584455868663e-05,4.192534663949857e-05
8.735795454545454e-01,1.022727272727273e-01,-2.434498435773765e-05,2.634448200834849e-05
8.934659090909091e-01,1.022727272727273e-01,-2.707567421608983e-05,2.905837680489713e-05
9.133522727272727e-01,1.022727272727273e-01,-3.121494484823446e-05,3.317956078819188e-05
9.332386363636364e-01,1.022727272727273e-01,-3.535421548037909e-05,3.730074477148662e-05
9.531250000000000e-01,1.022727272727273e-01,-3.949348611252370e-05,4.142192875478136e-05
9.730113636363636e-01,1.022727272727273e-01,-4.363275674466833e-05,4.554311273807611e-05
9.928977272727273e-01,1.022727272727273e-01,-4.777202737681297e-05,4.966429672137085e-05
1.012784090909091e+00,1.022727272727273e-01,-5.288357790803348e-05,5.474613632032438e-05
1.032670454545455e+00,1.022727272727273e-01,-5.853528393874070e-05,6.036167348353288e-05
1.052556818181818e+00,1.022727272727273e-01,-6.418698996944785e-05,6.597721064674132e-05
1.072443181818182e+00,1.022727272727273e-01,-6.983869600015506e-05,7.159274780994982e-05
1.092329545454545e+00,1.022727272727273e-01,-7.549040203086221e-05,7.720828497315823e-05
1.112215909090909e+00,1.022727272727273e-01,-8.114210806156939e-05,8.282382213636673e-05
1.132102272727273e+00,1.022727272727273e-01,-8.596047919699732e-05,8.759956646906423e-05
1.151988636363636e+00,1.022727272727273e-01,-8.927884752092256e-05,9.086368370684197e-05
1.171875000000000e+00,1.022727272727273e-01,-9.259721584484786e-05,9.412780094461977e-05
1.191761363636364e+00,1.022727272727273e-01,-9.591558416877315e-05,9.739191818239755e-05
1.211647727272727e+00,1.022727272727273e-01,-9.923395249269841e-05,1.006560354201753e-04
1.231534090909091e+00,1.022727272727273e-01,-1.025523208166237e-04,1.039201526579531e-04
1.251420454545455e+00,1.022727272727273e-01,-1.052727534831551e-04,1.065850426512907e-04
1.271306818181818e+00,1.022727272727273e-01,-1.002200226035668e-04,1.014599784669060e-04
1.291193181818182e+00,1.022727272727273e-01,-9.516729172397845e-05,9.633491428252137e-05
1.311079545454545e+00,1.022727272727273e-01,-9.011456084439007e-05,9.120985009813663e-05
1.330965909090909e+00,1.022727272727273e-01,-8.506182996480166e-05,8.608478591375195e-05
1.350852272727273e+00,1.022727272727273e-01,-8.000909908521333e-05,8.095972172936729e-05
1.370738636363636e+00,1.022727272727273e-01,-7.495636820562501e-05,7.583465754498262e-05
1.390625000000000e+00,1.022727272727273e-01,-9.458583457338158e-05,9.534077525067018e-05
1.410511363636364e+00,1.022727272727273e-01,-1.209468092813233e-04,1.215644880172867e-04
1.430397727272727e+00,1.022727272727273e-01,-1.473077839892648e-04,1.477882007839030e-04
1.450284090909091e+00,1.022727272727273e-01,-1.736687586972062e-04,1.740119135505192e-04
1.470170454545455e+00,1.022727272727273e-01,-2.000297334051480e-04,2.002356263171358e-04
1.490056818181818e+00,1.022727272727273e-01,-2.263907081130894e-04,2.264593390837521e-04
6.349431818181818e-01,1.250000000000000e-01,3.025449046973497e-06,-6.130140383339538e-07
6.548295454545454e-01,1.250000000000000e-01,2.915556434228294e-06,-4.976892351800532e-07
6.747159090909091e-01,1.250000000000000e-01,2.805663821483090e-06,-3.823644320261525e-07
6.946022727272727e-01,1.250000000000000e-01,2.695771208737886e-06,-2.670396288722518e-07
7.144886363636364e-01,1.250000000000000e-01,2.585878595992682e-06,-1.517148257183511e-07
7.343750000000000e-01,1.250000000000000e-01,2.475985983247479e-06,-3.639002256445040e-08
7.542613636363636e-01,1.250000000000000e-01,2.387387917052208e-06,5.647503294689272e-08
7.741477272727273e-01,1.250000000000000e-01,2.376869854873356e-06,6.698768043552491e-08
7.940340909090909e-01,1.250000000000000e-01,2.366351792694505e-06,7.750032792415712e-08
8.139204545454546e-01,1.250000000000000e-01,2.355833730515654e-06,8.801297541278933e-08
8.338068181818181e-01,1.250000000000000e-01,2.345315668336803e-06,9.852562290142147e-08
8.536931818181819e-01,1.250000000000000e-01,2.334797606157951e-06,1.090382703900537e-07
8.735795454545454e-01,1.250000000000000e-01,2.324279543979100e-06,1.195509178786859e-07
8.934659090909091e-01,1.250000000000000e-01,2.299691145923612e-06,1.236120181742767e-07
9.133522727272727e-01,1.250000000000000e-01,2.274020414339152e-06,1.271768456088644e-07
9.332386363636364e-01,1.250000000000000e-01,2.248349682754692e-06,1.307416730434520e-07
9.531250000000000e-01,1.250000000000000e-01,2.222678951170231e-06,1.343065004780397e-07
9.730113636363636e-01,1.250000000000000e-01,2.197008219585771e-06,1.378713279126273e-07
9.928977272727273e-01,1.250000000000000e-01,2.171337488001311e-06,1.414361553472150e-07
1.012784090909091e+00,1.250000000000000e-01,2.124559138899497e-06,1.519011427893795e-07
1.032670454545455e+00,1.250000000000000e-01,2.066054335621374e-06,1.661995524579756e-07
1.052556818181818e+00,1.250000000000000e-01,2.007549532343252e-06,1.804979621265717e-07
1.072443181818182e+00,1.250000000000000e-01,1.949044729065129e-06,1.947963717951679e-07
1.092329545454545e+00,1.250000000000000e-01,1.890539925787007e-06,2.090947814637639e-07
1.112215909090909e+00,1.250000000000000e-01,1.832035122508884e-06,2.233931911323601e-07
1.132102272727273e+00,1.250000000000000e-01,1.764783695924892e-06,2.385451921569495e-07
1.151988636363636e+00,1.250000000000000e-01,1.681788347390336e-06,2.552336576223267e-07
1.171875000000000e+00,1.250000000000000e-01,1.598792998855779e-06,2.719221230877041e-07
1.191761363636364e+00,1.250000000000000e-01,1.515797650321221e-06,2.886105885530815e-07
1.211647727272727e+00,1.250000000000000e-01,1.432802301786665e-06,3.052990540184588e-07
1.231534090909091e+00,1.250000000000000e-01,1.349806953252108e-06,3.219875194838360e-07
1.251420454545455e+00,1.250000000000000e-01,1.265522931420327e-06,3.383860518564627e-07
1.271306818181818e+00,1.250000000000000e-01,1.164486156724627e-06,3.510154540233299e-07
1.291193181818182e+00,1.250000000000000e-01,1.063449382028928e-06,3.636448561901970e-07
1.311079545454545e+00,1.250000000000000e-01,9.624126073332274e-07,3.762742583570644e-07
1.330965909090909e+00,1.250000000000000e-01,8.613758326375269e-07,3.889036605239317e-07
1.350852272727273e+00,1.250000000000000e-01,7.603390579418275e-07,4.015330626907988e-07
1.370738636363636e+00,1.250000000000000e-01,6.593022832461282e-07,4.141624648576660e-07
1.390625000000000e+00,1.250000000000000e-01,-3.336008569199134e-05,3.428279096423301e-05
1.410511363636364e+00,1.250000000000000e-01,-7.662993308555865e-05,7.738487376284728e-05
1.430397727272727e+00,1.250000000000000e-01,-1.198997804791255e-04,1.204869565614611e-04
1.450284090909091e+00,1.250000000000000e-01,-1.631696278726923e-04,1.635890393600749e-04
1.470170454545455e+00,1.250000000000000e-01,-2.064394752662596e-04,2.066911221586892e-04
1.490056818181818e+00,1.250000000000000e-01,-2.497093226598265e-04,2.497932049573030e-04
6.349431818181818e-01,1.477272727272727e-01,2.834428936044654e-06,-5.384976890668929e-07
6.548295454545454e-01,1.477272727272727e-01,2.745565936812276e-06,-4.452975306431768e-07
6.747159090909091e-01,1.477272727272727e-01,2.656702937579899e-06,-3.520973722194608e-07
6.946022727272727e-01,1.477272727272727e-01,2.567839938347523e-06,-2.588972137957446e-07
7.144886363636364e-01,1.477272727272727e-01,2.478976939115145e-06,-1.656970553720286e-07
7.343750000000000e-01,1.477272727272727e-01,2.390113939882769e-06,-7.249689694831252e-08
7.542613636363636e-01,1.477272727272727e-01,2.316787034892394e-06,3.891511167569884e-09
7.741477272727273e-01,1.477272727272727e-01,2.300425808789358e-06,1.863683482139559e-08
7.940340909090909e-01,1.477272727272727e-01,2.284064582686323e-06,3.338215847522130e-08
8.139204545454546e-01,1.477272727272727e-01,2.267703356583287e-06,4.812748212904701e-08
8.338068181818181e-01,1.477272727272727e-01,2.251342130480252e-06,6.287280578287260e-08
8.536931818181819e-01,1.477272727272727e-01,2.234980904377216e-06,7.761812943669842e-08
8.735795454545454e-01,1.477272727272727e-01,2.218619678274181e-06,9.236345309052401e-08
8.934659090909091e-01,1.477272727272727e-01,2.195898718774136e-06,9.403910609405965e-08
9.133522727272727e-01,1.477272727272727e-01,2.172688549012783e-06,9.470939981680373e-08
9.332386363636364e-01,1.477272727272727e-01,2.149478379251430e-06,9.537969353954778e-08
9.531250000000000e-01,1.477272727272727e-01,2.126268209490077e-06,9.604998726229186e-08
9.730113636363636e-01,1.477272727272727e-01,2.103058039728724e-06,9.672028098503589e-08
9.928977272727273e-01,1.477272727272727e-01,2.079847869967371e-06,9.739057470777995e-08
1.012784090909091e+00,1.477272727272727e-01,2.037050567233152e-06,1.041968755244897e-07
1.032670454545455e+00,1.477272727272727e-01,1.983371523958453e-06,1.144120691711804e-07
1.052556818181818e+00,1.477272727272727e-01,1.929692480683753e-06,1.246272628178711e-07
1.072443181818182e+00,1.477272727272727e-01,1.876013437409054e-06,1.348424564645618e-07
1.092329545454545e+00,1.477272727272727e-01,1.822334394134355e-06,1.450576501112525e-07
1.112215909090909e+00,1.477272727272727e-01,1.768655350859655e-06,1.552728437579432e-07
1.132102272727273e+00,1.477272727272727e-01,1.706319672915405e-06,1.666718243636852e-07
1.151988636363636e+00,1.477272727272727e-01,1.628402052565962e-06,1.802016214957197e-07
1.171875000000000e+00,1.477272727272727e-01,1.550484432216519e-06,1.937314186277543e-07
1.191761363636364e+00,1.477272727272727e-01,1.472566811867077e-06,2.072612157597890e-07
1.211647727272727e+00,1.477272727272727e-01,1.394649191517634e-06,2.207910128918234e-07
1.231534090909091e+00,1.477272727272727e-01,1.316731571168192e-06,2.343208100238579e-07
1.251420454545455e+00,1.477272727272727e-01,1.237332142940932e-06,2.478378454916101e-07
1.271306818181818e+00,1.477272727272727e-01,1.138669212302045e-06,2.611889793236903e-07
1.291193181818182e+00,1.477272727272727e-01,1.040006281663159e-06,2.745401131557705e-07
1.311079545454545e+00,1.477272727272727e-01,9.413433510242712e-07,2.878912469878508e-07
1.330965909090909e+00,1.477272727272727e-01,8.426804203853836e-07,3.012423808199312e-07
1.350852272727273e+00,1.477272727272727e-01,7.440174897464970e-07,3.145935146520114e-07
1.370738636363636e+00,1.477272727272727e-01,6.453545591076106e-07,3.279446484840916e-07
1.390625000000000e+00,1.477272727272727e-01,-3.265740155294094e-05,3.349304239768240e-05
1.410511363636364e+00,1.477272727272727e-01,-7.501581944173785e-05,7.569952558743540e-05
1.430397727272727e+00,1.477272727272727e-01,-1.173742373305343e-04,1.179060087771879e-04
1.450284090909091e+00,1.477272727272727e-01,-1.597326552193307e-04,1.601124919669404e-04
1.470170454545455e+00,1.477272727272727e-01,-2.020910731081276e-04,2.023189751566934e-04
1.490056818181818e+00,1.477272727272727e-01,-2.444494909969240e-04,2.445254583464460e-04
6.349431818181818e-01,1.704545454545455e-01,2.643408825115810e-06,-4.639813397998320e-07
6.548295454545454e-01,1.704545454545455e-01,2.575575439396260e-06,-3.929058261063005e-07
6.747159090909091e-01,1.704545454545455e-01,2.507742053676710e-06,-3.218303124127690e-07
6.946022727272727e-01,1.704545454545455e-01,2.439908667957159e-06,-2.507547987192376e-07
7.144886363636364e-01,1.704545454545455e-01,2.372075282237609e-06,-1.796792850257061e-07
7.343750000000000e-01,1.704545454545455e-01,2.304241896518058e-06,-1.086037713321746e-07
7.542613636363636e-01,1.704545454545455e-01,2.246186152732579e-06,-4.869201061175295e-08
7.741477272727273e-01,1.704545454545455e-01,2.223981762705360e-06,-2.971401079273374e-08
7.940340909090909e-01,1.704545454545455e-01,2.201777372678140e-06,-1.073601097371454e-08
8.139204545454546e-01,1.704545454545455e-01,2.179572982650921e-06,8.241988845304667e-09
8.338068181818181e-01,1.704545454545455e-01,2.157368592623701e-06,2.721998866432377e-08
8.536931818181819e-01,1.704545454545455e-01,2.135164202596481e-06,4.619798848334308e-08
8.735795454545454e-01,1.704545454545455e-01,2.112959812569262e-06,6.517598830236218e-08
8.934659090909091e-01,1.704545454545455e-01,2.092106291624660e-06,6.446619401384259e-08
9.133522727272727e-01,1.704545454545455e-01,2.071356683686414e-06,6.224195402474306e-08
9.332386363636364e-01,1.704545454545455e-01,2.050607075748168e-06,6.001771403564353e-08
9.531250000000000e-01,1.704545454545455e-01,2.029857467809922e-06,5.779347404654399e-08
9.730113636363636e-01,1.704545454545455e-01,2.009107859871676e-06,5.556923405744445e-08
9.928977272727273e-01,1.704545454545455e-01,1.988358251933430e-06,5.334499406834490e-08
1.012784090909091e+00,1.704545454545455e-01,1.949541995566807e-06,5.649260825959986e-08
1.032670454545455e+00,1.704545454545455e-01,1.900688712295531e-06,6.262458588438516e-08
1.052556818181818e+00,1.704545454545455e-01,1.851835429024255e-06,6.875656350917042e-08
1.072443181818182e+00,1.704545454545455e-01,1.802982145752978e-06,7.488854113395573e-08
1.092329545454545e+00,1.704545454545455e-01,1.754128862481702e-06,8.102051875874097e-08
1.112215909090909e+00,1.704545454545455e-01,1.705275579210426e-06,8.715249638352626e-08
1.132102272727273e+00,1.704545454545455e-01,1.647855649905917e-06,9.479845657042098e-08
1.151988636363636e+00,1.704545454545455e-01,1.575015757741589e-06,1.051695853691127e-07
1.171875000000000e+00,1.704545454545455e-01,1.502175865577260e-06,1.155407141678045e-07
1.191761363636364e+00,1.704545454545455e-01,1.429335973412932e-06,1.259118429664963e-07
1.211647727272727e+00,1.704545454545455e-01,1.356496081248604e-06,1.362829717651881e-07
1.231534090909091e+00,1.704545454545455e-01,1.283656189084276e-06,1.466541005638798e-07
1.251420454545455e+00,1.704545454545455e-01,1.209141354461537e-06,1.572896391267575e-07
1.271306818181818e+00,1.704545454545455e-01,1.112852267879463e-06,1.713625046240507e-07
1.291193181818182e+00,1.704545454545455e-01,1.016563181297390e-06,1.854353701213440e-07
1.311079545454545e+00,1.704545454545455e-01,9.202740947153149e-07,1.995082356186374e-07
1.330965909090909e+00,1.704545454545455e-01,8.239850081332402e-07,2.135811011159308e-07
1.350852272727273e+00,1.704545454545455e-01,7.276959215511666e-07,2.276539666132241e-07
1.370738636363636e+00,1.704545454545455e-01,6.314068349690931e-07,2.417268321105173e-07
1.390625000000000e+00,1.704545454545455e-01,-3.195471741389054e-05,3.270329383113178e-05
1.410511363636364e+00,1.704545454545455e-01,-7.340170579791703e-05,7.401417741202348e-05
1.430397727272727e+00,1.704545454545455e-01,-1.148486941819431e-04,1.153250609929147e-04
1.450284090909091e+00,1.704545454545455e-01,-1.562956825659691e-04,1.566359445738060e-04
1.470170454545455e+00,1.704545454545455e-01,-1.977426709499956e-04,1.979468281546977e-04
1.490056818181818e+00,1.704545454545455e-01,-2.391896593340217e-04,2.392577117355889e-04
6.349431818181818e-01,1.931818181818182e-01,2.452388714186966e-06,-3.894649905327712e-07
6.548295454545454e-01,1.931818181818182e-01,2.405584941980243e-06,-3.405141215694242e-07
6.747159090909091e-01,1.931818181818182e-01,2.358781169773520e-06,-2.915632526060774e-07
6.946022727272727e-01,1.931818181818182e-01,2.311977397566796e-06,-2.426123836427304e-07
7.144886363636364e-01,1.931818181818182e-01,2.265173625360072e-06,-1.936615146793836e-07
7.343750000000000e-01,1.931818181818182e-01,2.218369853153349e-06,-1.447106457160367e-07
7.542613636363636e-01,1.931818181818182e-01,2.175585270572765e-06,-1.012755323910757e-07
7.741477272727273e-01,1.931818181818182e-01,2.147537716621362e-06,-7.806485640686302e-08
7.940340909090909e-01,1.931818181818182e-01,2.119490162669958e-06,-5.485418042265030e-08
8.139204545454546e-01,1.931818181818182e-01,2.091442608718554e-06,-3.164350443843760e-08
8.338068181818181e-01,1.931818181818182e-01,2.063395054767150e-06,-8.432828454225043e-09
8.536931818181819e-01,1.931818181818182e-01,2.035347500815747e-06,1.477784752998780e-08
8.735795454545454e-01,1.931818181818182e-01,2.007299946864343e-06,3.798852351420037e-08
8.934659090909091e-01,1.931818181818182e-01,1.988313864475185e-06,3.489328193362557e-08
9.133522727272727e-01,1.931818181818182e-01,1.970024818360046e-06,2.977450823268244e-08
9.332386363636364e-01,1.931818181818182e-01,1.951735772244907e-06,2.465573453173932e-08
9.531250000000000e-01,1.931818181818182e-01,1.933446726129767e-06,1.953696083079617e-08
9.730113636363636e-01,1.931818181818182e-01,1.915157680014628e-06,1.441818712985306e-08
9.928977272727273e-01,1.931818181818182e-01,1.896868633899489e-06,9.299413428909920e-09
1.012784090909091e+00,1.931818181818182e-01,1.862033423900463e-06,8.788340994710139e-09
1.032670454545455e+00,1.931818181818182e-01,1.818005900632610e-06,1.083710259759002e-08
1.052556818181818e+00,1.931818181818182e-01,1.773978377364757e-06,1.288586420046986e-08
1.072443181818182e+00,1.931818181818182e-01,1.729950854096903e-06,1.493462580334973e-08
1.092329545454545e+00,1.931818181818182e-01,1.685923330829050e-06,1.698338740622957e-08
1.112215909090909e+00,1.931818181818182e-01,1.641895807561197e-06,1.903214900910943e-08
1.132102272727273e+00,1.931818181818182e-01,1.589391626896429e-06,2.292508877715682e-08
1.151988636363636e+00,1.931818181818182e-01,1.521629462917216e-06,3.013754924250578e-08
1.171875000000000e+00,1.931818181818182e-01,1.453867298938001e-06,3.735000970785484e-08
1.191761363636364e+00,1.931818181818182e-01,1.386105134958787e-06,4.456247017320387e-08
1.211647727272727e+00,1.931818181818182e-01,1.318342970979573e-06,5.177493063855284e-08
1.231534090909091e+00,1.931818181818182e-01,1.250580807000360e-06,5.898739110390182e-08
1.251420454545455e+00,1.931818181818182e-01,1.180950565982142e-06,6.674143276190495e-08
1.271306818181818e+00,1.931818181818182e-01,1.087035323456881e-06,8.153602992441126e-08
1.291193181818182e+00,1.931818181818182e-01,9.931200809316205e-07,9.633062708691755e-08
1.311079545454545e+00,1.931818181818182e-01,8.992048384063586e-07,1.111252242494240e-07
1.330965909090909e+00,1.931818181818182e-01,8.052895958810969e-07,1.259198214119305e-07
1.350852272727273e+00,1.931818181818182e-01,7.113743533558361e-07,1.407144185744368e-07
1.370738636363636e+00,1.931818181818182e-01,6.174591108305754e-07,1.555090157369431e-07
1.390625000000000e+00,1.931818181818182e-01,-3.125203327484014e-05,3.191354526458119e-05
1.410511363636364e+00,1.931818181818182e-01,-7.178759215409622e-05,7.232882923661159e-05
1.430397727272727e+00,1.931818181818182e-01,-1.123231510333519e-04,1.127441132086415e-04
1.450284090909091e+00,1.931818181818182e-01,-1.528587099126075e-04,1.531593971806715e-04
1.470170454545455e+00,1.931818181818182e-01,-1.933942687918636e-04,1.935746811527019e-04
1.490056818181818e+00,1.931818181818182e-01,-2.339298276711192e-04,2.339899651247319e-04
6.349431818181818e-01,2.159090909090909e-01,2.261368603258123e-06,-3.149486412657102e-07
6.548295454545454e-01,2.159090909090909e-01,2.235594444564226e-06,-2.881224170325479e-07
6.747159090909091e-01,2.159090909090909e-01,2.209820285870330e-06,-2.612961927993856e-07
6.946022727272727e-01,2.159090909090909e-01,2.184046127176433e-06,-2.344699685662234e-07
7.144886363636364e-01,2.159090909090909e-01,2.158271968482536e-06,-2.076437443330611e-07
7.343750000000000e-01,2.159090909090909e-01,2.132497809788638e-06,-1.808175200998988e-07
7.542613636363636e-01,2.159090909090909e-01,2.104984388412951e-06,-1.538590541703986e-07
7.741477272727273e-01,2.159090909090909e-01,2.071093670537363e-06,-1.264157020209924e-07
7.940340909090909e-01,2.159090909090909e-01,2.037202952661775e-06,-9.897234987158615e-08
8.139204545454546e-01,2.159090909090909e-01,2.003312234786187e-06,-7.152899772217994e-08
8.338068181818181e-01,2.159090909090909e-01,1.969421516910600e-06,-4.408564557277389e-08
8.536931818181819e-01,2.159090909090909e-01,1.935530799035012e-06,-1.664229342336753e-08
8.735795454545454e-01,2.159090909090909e-01,1.901640081159424e-06,1.080105872603852e-08
8.934659090909091e-01,2.159090909090909e-01,1.884521437325709e-06,5.320369853408507e-09
9.133522727272727e-01,2.159090909090909e-01,1.868692953033677e-06,-2.692937559378220e-09
9.332386363636364e-01,2.159090909090909e-01,1.852864468741645e-06,-1.070624497216494e-08
9.531250000000000e-01,2.159090909090909e-01,1.837035984449613e-06,-1.871955238495167e-08
9.730113636363636e-01,2.159090909090909e-01,1.821207500157581e-06,-2.673285979773839e-08
9.928977272727273e-01,2.159090909090909e-01,1.805379015865549e-06,-3.474616721052512e-08
1.012784090909091e+00,2.159090909090909e-01,1.774524852234118e-06,-3.891592627017966e-08
1.032670454545455e+00,2.159090909090909e-01,1.735323088969688e-06,-4.095038068920523e-08
1.052556818181818e+00,2.159090909090909e-01,1.696121325705258e-06,-4.298483510823079e-08
1.072443181818182e+00,2.159090909090909e-01,1.656919562440828e-06,-4.501928952725637e-08
1.092329545454545e+00,2.159090909090909e-01,1.617717799176398e-06,-4.705374394628192e-08
1.112215909090909e+00,2.159090909090909e-01,1.578516035911968e-06,-4.908819836530751e-08
1.132102272727273e+00,2.159090909090909e-01,1.530927603886942e-06,-4.894827901610745e-08
1.151988636363636e+00,2.159090909090909e-01,1.468243168092843e-06,-4.489448688410123e-08
1.171875000000000e+00,2.159090909090909e-01,1.405558732298742e-06,-4.084069475209498e-08
1.191761363636364e+00,2.159090909090909e-01,1.342874296504642e-06,-3.678690262008872e-08
1.211647727272727e+00,2.159090909090909e-01,1.280189860710543e-06,-3.273311048808250e-08
1.231534090909091e+00,2.159090909090909e-01,1.217505424916443e-06,-2.867931835607631e-08
1.251420454545455e+00,2.159090909090909e-01,1.152759777502747e-06,-2.380677360294766e-08
1.271306818181818e+00,2.159090909090909e-01,1.061218379034299e-06,-8.290444775228323e-09
1.291193181818182e+00,2.159090909090909e-01,9.696769805658512e-07,7.225884052491020e-09
1.311079545454545e+00,2.159090909090909e-01,8.781355820974025e-07,2.274221288021052e-08
1.330965909090909e+00,2.159090909090909e-01,7.865941836289535e-07,3.825854170793003e-08
1.350852272727273e+00,2.159090909090909e-01,6.950527851605056e-07,5.377487053564935e-08
1.370738636363636e+00,2.159090909090909e-01,6.035113866920577e-07,6.929119936336871e-08
1.390625000000000e+00,2.159090909090909e-01,-3.054934913578973e-05,3.112379669803057e-05
1.410511363636364e+00,2.159090909090909e-01,-7.017347851027540e-05,7.064348106119967e-05
1.430397727272727e+00,2.159090909090909e-01,-1.097976078847607e-04,1.101631654243684e-04
1.450284090909091e+00,2.159090909090909e-01,-1.494217372592459e-04,1.496828497875370e-04
1.470170454545455e+00,2.159090909090909e-01,-1.890458666337315e-04,1.892025341507062e-04
1.490056818181818e+00,2.159090909090909e-01,-2.286699960082168e-04,2.287222185138748e-04
6.349431818181818e-01,2.386363636363636e-01,2.070348492329279e-06,-2.404322919986493e-07
6.548295454545454e-01,2.386363636363636e-01,2.065603947148209e-06,-2.357307124956716e-07
6.747159090909091e-01,2.386363636363636e-01,2.060859401967139e-06,-2.310291329926939e-07
6.946022727272727e-01,2.386363636363636e-01,2.056114856786069e-06,-2.263275534897163e-07
7.144886363636364e-01,2.386363636363636e-01,2.051370311604999e-06,-2.216259739867386e-07
7.343750000000000e-01,2.386363636363636e-01,2.046625766423929e-06,-2.169243944837609e-07
7.542613636363636e-01,2.386363636363636e-01,2.034383506253137e-06,-2.064425759497214e-07
7.741477272727273e-01,2.386363636363636e-01,1.994649624453365e-06,-1.747665476351217e-07
7.940340909090909e-01,2.386363636363636e-01,1.954915742653593e-06,-1.430905193205220e-07
8.139204545454546e-01,2.386363636363636e-01,1.915181860853821e-06,-1.114144910059223e-07
8.338068181818181e-01,2.386363636363636e-01,1.875447979054049e-06,-7.973846269132274e-08
8.536931818181819e-01,2.386363636363636e-01,1.835714097254277e-06,-4.806243437672285e-08
8.735795454545454e-01,2.386363636363636e-01,1.795980215454505e-06,-1.638640606212332e-08
8.934659090909091e-01,2.386363636363636e-01,1.780729010176233e-06,-2.425254222680855e-08
9.133522727272727e-01,2.386363636363636e-01,1.767361087707308e-06,-3.516038335143888e-08
9.332386363636364e-01,2.386363636363636e-01,1.753993165238383e-06,-4.606822447606919e-08
9.531250000000000e-01,2.386363636363636e-01,1.740625242769458e-06,-5.697606560069952e-08
9.730113636363636e-01,2.386363636363636e-01,1.727257320300533e-06,-6.788390672532983e-08
9.928977272727273e-01,2.386363636363636e-01,1.713889397831608e-06,-7.879174784996016e-08
1.012784090909091e+00,2.386363636363636e-01,1.687016280567773e-06,-8.662019353506944e-08
1.032670454545455e+00,2.386363636363636e-01,1.652640277306766e-06,-9.273786397600048e-08
1.052556818181818e+00,2.386363636363636e-01,1.618264274045760e-06,-9.885553441693143e-08
1.072443181818182e+00,2.386363636363636e-01,1.583888270784753e-06,-1.049732048578625e-07
1.092329545454545e+00,2.386363636363636e-01,1.549512267523746e-06,-1.110908752987934e-07
1.112215909090909e+00,2.386363636363636e-01,1.515136264262739e-06,-1.172085457397244e-07
1.132102272727273e+00,2.386363636363636e-01,1.472463580877454e-06,-1.208216468093717e-07
1.151988636363636e+00,2.386363636363636e-01,1.414856873268469e-06,-1.199265230107082e-07
1.171875000000000e+00,2.386363636363636e-01,1.357250165659483e-06,-1.190313992120448e-07
1.191761363636364e+00,2.386363636363636e-01,1.299643458050497e-06,-1.181362754133813e-07
1.211647727272727e+00,2.386363636363636e-01,1.242036750441512e-06,-1.172411516147179e-07
1.231534090909091e+00,2.386363636363636e-01,1.184430042832527e-06,-1.163460278160544e-07
1.251420454545455e+00,2.386363636363636e-01,1.124568989023352e-06,-1.143549799678003e-07
1.271306818181818e+00,2.386363636363636e-01,1.035401434611717e-06,-9.811691947486790e-08
1.291193181818182e+00,2.386363636363636e-01,9.462338802000821e-07,-8.187885898193553e-08
1.311079545454545e+00,2.386363636363636e-01,8.570663257884461e-07,-6.564079848900295e-08
1.330965909090909e+00,2.386363636363636e-01,7.678987713768101e-07,-4.940273799607040e-08
1.350852272727273e+00,2.386363636363636e-01,6.787312169651751e-07,-3.316467750313802e-08
1.370738636363636e+00,2.386363636363636e-01,5.895636625535402e-07,-1.692661701020565e-08
1.390625000000000e+00,2.386363636363636e-01,-2.984666499673933e-05,3.033404813147996e-05
1.410511363636364e+00,2.386363636363636e-01,-6.855936486645460e-05,6.895813288578780e-05
1.430397727272727e+00,2.386363636363636e-01,-1.072720647361694e-04,1.075822176400952e-04
1.450284090909091e+00,2.386363636363636e-01,-1.459847646058843e-04,1.462063023944026e-04
1.470170454545455e+00,2.386363636363636e-01,-1.846974644755995e-04,1.848303871487104e-04
1.490056818181818e+00,2.386363636363636e-01,-2.234101643453143e-04,2.234544719030178e-04
6.349431818181818e-01,2.613636363636364e-01,1.866986788802788e-06,-1.655593680570444e-07
6.548295454545454e-01,2.613636363636364e-01,1.878769812110049e-06,-1.782870138723728e-07
6.747159090909091e-01,2.613636363636364e-01,1.890552835417309e-06,-1.910146596877012e-07
6.946022727272727e-01,2.613636363636364e-01,1.902335858724570e-06,-2.037423055030296e-07
7.144886363636364e-01,2.613636363636364e-01,1.914118882031830e-06,-2.164699513183580e-07
7.343750000000000e-01,2.613636363636364e-01,1.925901905339091e-06,-2.291975971336864e-07
7.542613636363636e-01,2.613636363636364e-01,1.926249602745750e-06,-2.322702718571555e-07
7.741477272727273e-01,2.613636363636364e-01,1.884667771850201e-06,-1.999413859104735e-07
7.940340909090909e-01,2.613636363636364e-01,1.843085940954653e-06,-1.676124999637915e-07
8.139204545454546e-01,2.613636363636364e-01,1.801504110059105e-06,-1.352836140171094e-07
8.338068181818181e-01,2.613636363636364e-01,1.759922279163556e-06,-1.029547280704276e-07
8.536931818181819e-01,2.613636363636364e-01,1.718340448268008e-06,-7.062584212374541e-08
8.735795454545454e-01,2.613636363636364e-01,1.676758617372460e-06,-3.829695617706357e-08
8.934659090909091e-01,2.613636363636364e-01,1.662546384846883e-06,-4.724979479301706e-08
9.133522727272727e-01,2.613636363636364e-01,1.650439506042072e-06,-5.937815068301954e-08
9.332386363636364e-01,2.613636363636364e-01,1.638332627237262e-06,-7.150650657302201e-08
9.531250000000000e-01,2.613636363636364e-01,1.626225748432452e-06,-8.363486246302450e-08
9.730113636363636e-01,2.613636363636364e-01,1.614118869627642e-06,-9.576321835302695e-08
9.928977272727273e-01,2.613636363636364e-01,1.602011990822831e-06,-1.078915742430294e-07
1.012784090909091e+00,2.613636363636364e-01,1.578196760141772e-06,-1.179430502363192e-07
1.032670454545455e+00,2.613636363636364e-01,1.547876889529463e-06,-1.268407040647688e-07
1.052556818181818e+00,2.613636363636364e-01,1.517557018917154e-06,-1.357383578932182e-07
1.072443181818182e+00,2.613636363636364e-01,1.487237148304845e-06,-1.446360117216678e-07
1.092329545454545e+00,2.613636363636364e-01,1.456917277692536e-06,-1.535336655501172e-07
1.112215909090909e+00,2.613636363636364e-01,1.426597407080227e-06,-1.624313193785667e-07
1.132102272727273e+00,2.613636363636364e-01,1.388438117251337e-06,-1.688403717568446e-07
1.151988636363636e+00,2.613636363636364e-01,1.336167872832599e-06,-1.707699415248137e-07
1.171875000000000e+00,2.613636363636364e-01,1.283897628413861e-06,-1.726995112927828e-07
1.191761363636364e+00,2.613636363636364e-01,1.231627383995122e-06,-1.746290810607519e-07
1.211647727272727e+00,2.613636363636364e-01,1.179357139576384e-06,-1.765586508287210e-07
1.231534090909091e+00,2.613636363636364e-01,1.127086895157647e-06,-1.784882205966901e-07
1.251420454545455e+00,2.613636363636364e-01,1.072527883867304e-06,-1.791991870463370e-07
1.271306818181818e+00,2.613636363636364e-01,9.882149032461133e-07,-1.640683103577962e-07
1.291193181818182e+00,2.613636363636364e-01,9.039019226249225e-07,-1.489374336692552e-07
1.311079545454545e+00,2.613636363636364e-01,8.195889420037307e-07,-1.338065569807142e-07
1.330965909090909e+00,2.613636363636364e-01,7.352759613825389e-07,-1.186756802921731e-07
1.350852272727273e+00,2.613636363636364e-01,6.509629807613481e-07,-1.035448036036322e-07
1.370738636363636e+00,2.613636363636364e-01,5.666500001401574e-07,-8.841392691509126e-08
1.390625000000000e+00,2.613636363636364e-01,-2.695592772082288e-05,2.736141264040743e-05
1.410511363636364e+00,2.613636363636364e-01,-6.196166855278845e-05,6.229342894153944e-05
1.430397727272727e+00,2.613636363636364e-01,-9.696740938475362e-05,9.722544524267103e-05
1.450284090909091e+00,2.613636363636364e-01,-1.319731502167188e-04,1.321574615438027e-04
1.470170454545455e+00,2.613636363636364e-01,-1.669788910486843e-04,1.670894778449346e-04
1.490056818181818e+00,2.613636363636364e-01,-2.019846318806495e-04,2.020214941460663e-04
6.349431818181818e-01,2.840909090909091e-01,1.651283492678649e-06,-9.032986944089508e-08
6.548295454545454e-01,2.840909090909091e-01,1.675092039449744e-06,-1.157913211626511e-07
6.747159090909091e-01,2.840909090909091e-01,1.698900586220839e-06,-1.412527728844072e-07
6.946022727272727e-01,2.840909090909091e-01,1.722709132991935e-06,-1.667142246061633e-07
7.144886363636364e-01,2.840909090909091e-01,1.746517679763030e-06,-1.921756763279194e-07
7.343750000000000e-01,2.840909090909091e-01,1.770326226534125e-06,-2.176371280496754e-07
7.542613636363636e-01,2.840909090909091e-01,1.780582677890789e-06,-2.313421418927009e-07
7.741477272727273e-01,2.840909090909091e-01,1.741148112727873e-06,-2.019402168470478e-07
7.940340909090909e-01,2.840909090909091e-01,1.701713547564956e-06,-1.725382918013947e-07
8.139204545454546e-01,2.840909090909091e-01,1.662278982402039e-06,-1.431363667557415e-07
8.338068181818181e-01,2.840909090909091e-01,1.622844417239122e-06,-1.137344417100886e-07
8.536931818181819e-01,2.840909090909091e-01,1.583409852076206e-06,-8.433251666443525e-08
8.735795454545454e-01,2.840909090909091e-01,1.543975286913289e-06,-5.493059161878229e-08
8.934659090909091e-01,2.840909090909091e-01,1.529973561337657e-06,-6.367138784521708e-08
9.133522727272727e-01,2.840909090909091e-01,1.517928208037969e-06,-7.534623955412028e-08
9.332386363636364e-01,2.840909090909091e-01,1.505882854738281e-06,-8.702109126302347e-08
9.531250000000000e-01,2.840909090909091e-01,1.493837501438594e-06,-9.869594297192666e-08
9.730113636363636e-01,2.840909090909091e-01,1.481792148138906e-06,-1.103707946808299e-07
9.928977272727273e-01,2.840909090909091e-01,1.469746794839218e-06,-1.220456463897331e-07
1.012784090909091e+00,2.840909090909091e-01,1.448066290956114e-06,-1.328844963739291e-07
1.032670454545455e+00,2.840909090909091e-01,1.421032925637778e-06,-1.432589009555102e-07
1.052556818181818e+00,2.840909090909091e-01,1.393999560319442e-06,-1.536333055370913e-07
1.072443181818182e+00,2.840909090909091e-01,1.366966195001106e-06,-1.640077101186724e-07
1.092329545454545e+00,2.840909090909091e-01,1.339932829682770e-06,-1.743821147002534e-07
1.112215909090909e+00,2.840909090909091e-01,1.312899464364434e-06,-1.847565192818346e-07
1.132102272727273e+00,2.840909090909091e-01,1.278851213008590e-06,-1.930044538585264e-07
1.151988636363636e+00,2.840909090909091e-01,1.232176166785232e-06,-1.974247424264179e-07
1.171875000000000e+00,2.840909090909091e-01,1.185501120561874e-06,-2.018450309943093e-07
1.191761363636364e+00,2.840909090909091e-01,1.138826074338516e-06,-2.062653195622008e-07
1.211647727272727e+00,2.840909090909091e-01,1.092151028115159e-06,-2.106856081300922e-07
1.231534090909091e+00,2.840909090909091e-01,1.045475981891801e-06,-2.151058966979836e-07
1.251420454545455e+00,2.840909090909091e-01,9.966364620346035e-07,-2.183393948385582e-07
1.271306818181818e+00,2.840909090909091e-01,9.196587849374880e-07,-2.061446174240132e-07
1.291193181818182e+00,2.840909090909091e-01,8.426811078403726e-07,-1.939498400094684e-07
1.311079545454545e+00,2.840909090909091e-01,7.657034307432561e-07,-1.817550625949233e-07
1.330965909090909e+00,2.840909090909091e-01,6.887257536461398e-07,-1.695602851803782e-07
1.350852272727273e+00,2.840909090909091e-01,6.117480765490245e-07,-1.573655077658333e-07
1.370738636363636e+00,2.840909090909091e-01,5.347703994519091e-07,-1.451707303512884e-07
1.390625000000000e+00,2.840909090909091e-01,-2.187713730804036e-05,2.220589022481296e-05
1.410511363636364e+00,2.840909090909091e-01,-5.038038956927692e-05,5.064936922845458e-05
1.430397727272727e+00,2.840909090909091e-01,-7.888364183051319e-05,7.909284823209588e-05
1.450284090909091e+00,2.840909090909091e-01,-1.073868940917494e-04,1.075363272357372e-04
1.470170454545455e+00,2.840909090909091e-01,-1.358901463529860e-04,1.359798062393788e-04
1.490056818181818e+00,2.840909090909091e-01,-1.643933986142222e-04,1.644232852430201e-04
6.349431818181818e-01,3.068181818181818e-01,1.435580196554510e-06,-1.510037082474600e-08
6.548295454545454e-01,3.068181818181818e-01,1.471414266789440e-06,-5.329562845292974e-08
6.747159090909091e-01,3.068181818181818e-01,1.507248337024370e-06,-9.149088608111338e-08
6.946022727272727e-01,3.068181818181818e-01,1.543082407259300e-06,-1.296861437092971e-07
7.144886363636364e-01,3.068181818181818e-01,1.578916477494230e-06,-1.678814013374807e-07
7.343750000000000e-01,3.068181818181818e-01,1.614750547729160e-06,-2.060766589656644e-07
7.542613636363636e-01,3.068181818181818e-01,1.634915753035829e-06,-2.304140119282464e-07
7.741477272727273e-01,3.068181818181818e-01,1.597628453605544e-06,-2.039390477836221e-07
7.940340909090909e-01,3.068181818181818e-01,1.560341154175259e-06,-1.774640836389978e-07
8.139204545454546e-01,3.068181818181818e-01,1.523053854744974e-06,-1.509891194943736e-07
8.338068181818181e-01,3.068181818181818e-01,1.485766555314689e-06,-1.245141553497495e-07
8.536931818181819e-01,3.068181818181818e-01,1.448479255884404e-06,-9.803919120512508e-08
8.735795454545454e-01,3.068181818181818e-01,1.411191956454119e-06,-7.156422706050098e-08
8.934659090909091e-01,3.068181818181818e-01,1.397400737828431e-06,-8.009298089741707e-08
9.133522727272727e-01,3.068181818181818e-01,1.385416910033866e-06,-9.131432842522099e-08
9.332386363636364e-01,3.068181818181818e-01,1.373433082239301e-06,-1.025356759530249e-07
9.531250000000000e-01,3.068181818181818e-01,1.361449254444736e-06,-1.137570234808288e-07
9.730113636363636e-01,3.068181818181818e-01,1.349465426650171e-06,-1.249783710086327e-07
9.928977272727273e-01,3.068181818181818e-01,1.337481598855606e-06,-1.361997185364366e-07
1.012784090909091e+00,3.068181818181818e-01,1.317935821770456e-06,-1.478259425115389e-07
1.032670454545455e+00,3.068181818181818e-01,1.294188961746093e-06,-1.596770978462517e-07
1.052556818181818e+00,3.068181818181818e-01,1.270442101721730e-06,-1.715282531809643e-07
1.072443181818182e+00,3.068181818181818e-01,1.246695241697366e-06,-1.833794085156770e-07
1.092329545454545e+00,3.068181818181818e-01,1.222948381673003e-06,-1.952305638503896e-07
1.112215909090909e+00,3.068181818181818e-01,1.199201521648640e-06,-2.070817191851023e-07
1.132102272727273e+00,3.068181818181818e-01,1.169264308765843e-06,-2.171685359602082e-07
1.151988636363636e+00,3.068181818181818e-01,1.128184460737866e-06,-2.240795433280219e-07
1.171875000000000e+00,3.068181818181818e-01,1.087104612709888e-06,-2.309905506958357e-07
1.191761363636364e+00,3.068181818181818e-01,1.046024764681911e-06,-2.379015580636496e-07
1.211647727272727e+00,3.068181818181818e-01,1.004944916653934e-06,-2.448125654314633e-07
1.231534090909091e+00,3.068181818181818e-01,9.638650686259562e-07,-2.517235727992770e-07
1.251420454545455e+00,3.068181818181818e-01,9.207450402019028e-07,-2.574796026307792e-07
1.271306818181818e+00,3.068181818181818e-01,8.511026666288627e-07,-2.482209244902303e-07
1.291193181818182e+00,3.068181818181818e-01,7.814602930558226e-07,-2.389622463496813e-07
1.311079545454545e+00,3.068181818181818e-01,7.118179194827818e-07,-2.297035682091323e-07
1.330965909090909e+00,3.068181818181818e-01,6.421755459097409e-07,-2.204448900685832e-07
1.350852272727273e+00,3.068181818181818e-01,5.725331723367009e-07,-2.111862119280343e-07
1.370738636363636e+00,3.068181818181818e-01,5.028907987636608e-07,-2.019275337874853e-07
1.390625000000000e+00,3.068181818181818e-01,-1.679834689525784e-05,1.705036780921851e-05
1.410511363636364e+00,3.068181818181818e-01,-3.879911058576542e-05,3.900530951536977e-05
1.430397727272727e+00,3.068181818181818e-01,-6.079987427627277e-05,6.096025122152077e-05
1.450284090909091e+00,3.068181818181818e-01,-8.280063796678012e-05,8.291519292767178e-05
1.470170454545455e+00,3.068181818181818e-01,-1.048014016572877e-04,1.048701346338230e-04
1.490056818181818e+00,3.068181818181818e-01,-1.268021653477950e-04,1.268250763399741e-04
6.349431818181818e-01,3.295454545454545e-01,1.219876900430372e-06,6.012912779140305e-08
6.548295454545454e-01,3.295454545454545e-01,1.267736494129136e-06,9.200064256791773e-09
6.747159090909091e-01,3.295454545454545e-01,1.315596087827901e-06,-4.172899927781953e-08
6.946022727272727e-01,3.295454545454545e-01,1.363455681526665e-06,-9.265806281243081e-08
7.144886363636364e-01,3.295454545454545e-01,1.411315275225430e-06,-1.435871263470421e-07
7.343750000000000e-01,3.295454545454545e-01,1.459174868924194e-06,-1.945161898816534e-07
7.542613636363636e-01,3.295454545454545e-01,1.489248828180869e-06,-2.294858819637918e-07
7.741477272727273e-01,3.295454545454545e-01,1.454108794483215e-06,-2.059378787201964e-07
7.940340909090909e-01,3.295454545454545e-01,1.418968760785562e-06,-1.823898754766010e-07
8.139204545454546e-01,3.295454545454545e-01,1.383828727087908e-06,-1.588418722330057e-07
8.338068181818181e-01,3.295454545454545e-01,1.348688693390255e-06,-1.352938689894104e-07
8.536931818181819e-01,3.295454545454545e-01,1.313548659692601e-06,-1.117458657458149e-07
8.735795454545454e-01,3.295454545454545e-01,1.278408625994948e-06,-8.819786250221965e-08
8.934659090909091e-01,3.295454545454545e-01,1.264827914319205e-06,-9.651457394961707e-08
9.133522727272727e-01,3.295454545454545e-01,1.252905612029763e-06,-1.072824172963217e-07
9.332386363636364e-01,3.295454545454545e-01,1.240983309740320e-06,-1.180502606430263e-07
9.531250000000000e-01,3.295454545454545e-01,1.229061007450878e-06,-1.288181039897310e-07
9.730113636363636e-01,3.295454545454545e-01,1.217138705161435e-06,-1.395859473364356e-07
9.928977272727273e-01,3.295454545454545e-01,1.205216402871993e-06,-1.503537906831402e-07
1.012784090909091e+00,3.295454545454545e-01,1.187805352584799e-06,-1.627673886491488e-07
1.032670454545455e+00,3.295454545454545e-01,1.167344997854408e-06,-1.760952947369931e-07
1.052556818181818e+00,3.295454545454545e-01,1.146884643124018e-06,-1.894232008248373e-07
1.072443181818182e+00,3.295454545454545e-01,1.126424288393627e-06,-2.027511069126816e-07
1.092329545454545e+00,3.295454545454545e-01,1.105963933663237e-06,-2.160790130005258e-07
1.112215909090909e+00,3.295454545454545e-01,1.085503578932846e-06,-2.294069190883701e-07
1.132102272727273e+00,3.295454545454545e-01,1.059677404523096e-06,-2.413326180618899e-07
1.151988636363636e+00,3.295454545454545e-01,1.024192754690499e-06,-2.507343442296260e-07
1.171875000000000e+00,3.295454545454545e-01,9.887081048579022e-07,-2.601360703973621e-07
1.191761363636364e+00,3.295454545454545e-01,9.532234550253050e-07,-2.695377965650984e-07
1.211647727272727e+00,3.295454545454545e-01,9.177388051927081e-07,-2.789395227328344e-07
1.231534090909091e+00,3.295454545454545e-01,8.822541553601113e-07,-2.883412489005705e-07
1.251420454545455e+00,3.295454545454545e-01,8.448536183692020e-07,-2.966198104230002e-07
1.271306818181818e+00,3.295454545454545e-01,7.825465483202373e-07,-2.902972315564473e-07
1.291193181818182e+00,3.295454545454545e-01,7.202394782712726e-07,-2.839746526898943e-07
1.311079545454545e+00,3.295454545454545e-01,6.579324082223073e-07,-2.776520738233412e-07
1.330965909090909e+00,3.295454545454545e-01,5.956253381733420e-07,-2.713294949567882e-07
1.350852272727273e+00,3.295454545454545e-01,5.333182681243773e-07,-2.650069160902353e-07
1.370738636363636e+00,3.295454545454545e-01,4.710111980754127e-07,-2.586843372236823e-07
1.390625000000000e+00,3.295454545454545e-01,-1.171955648247534e-05,1.189484539362406e-05
1.410511363636364e+00,3.295454545454545e-01,-2.721783160225394e-05,2.736124980228494e-05
1.430397727272727e+00,3.295454545454545e-01,-4.271610672203236e-05,4.282765421094565e-05
1.450284090909091e+00,3.295454545454545e-01,-5.821438184181079e-05,5.829405861960636e-05
1.470170454545455e+00,3.295454545454545e-01,-7.371265696158939e-05,7.376046302826726e-05
1.490056818181818e+00,3.295454545454545e-01,-8.921093208136784e-05,8.922686743692797e-05
6.349431818181818e-01,3.522727272727273e-01,1.004173604306232e-06,1.353586264075523e-07
6.548295454545454e-01,3.522727272727273e-01,1.064058721468831e-06,7.169575696651335e-08
6.747159090909091e-01,3.522727272727273e-01,1.123943838631430e-06,8.032887525474402e-09
6.946022727272727e-01,3.522727272727273e-01,1.183828955794030e-06,-5.562998191556450e-08
7.144886363636364e-01,3.522727272727273e-01,1.243714072956629e-06,-1.192928513566034e-07
7.343750000000000e-01,3.522727272727273e-01,1.303599190119228e-06,-1.829557207976424e-07
7.542613636363636e-01,3.522727272727273e-01,1.343581903325908e-06,-2.285577519993372e-07
7.741477272727273e-01,3.522727272727273e-01,1.310589135360886e-06,-2.079367096567708e-07
7.940340909090909e-01,3.522727272727273e-01,1.277596367395865e-06,-1.873156673142042e-07
8.139204545454546e-01,3.522727272727273e-01,1.244603599430843e-06,-1.666946249716378e-07
8.338068181818181e-01,3.522727272727273e-01,1.211610831465821e-06,-1.460735826290714e-07
8.536931818181819e-01,3.522727272727273e-01,1.178618063500799e-06,-1.254525402865047e-07
8.735795454545454e-01,3.522727272727273e-01,1.145625295535777e-06,-1.048314979439384e-07
8.934659090909091e-01,3.522727272727273e-01,1.132255090809979e-06,-1.129361670018171e-07
9.133522727272727e-01,3.522727272727273e-01,1.120394314025659e-06,-1.232505061674224e-07
9.332386363636364e-01,3.522727272727273e-01,1.108533537241339e-06,-1.335648453330278e-07
9.531250000000000e-01,3.522727272727273e-01,1.096672760457019e-06,-1.438791844986331e-07
9.730113636363636e-01,3.522727272727273e-01,1.084811983672700e-06,-1.541935236642384e-07
9.928977272727273e-01,3.522727272727273e-01,1.072951206888380e-06,-1.645078628298438e-07
1.012784090909091e+00,3.522727272727273e-01,1.057674883399140e-06,-1.777088347867587e-07
1.032670454545455e+00,3.522727272727273e-01,1.040501033962723e-06,-1.925134916277346e-07
1.052556818181818e+00,3.522727272727273e-01,1.023327184526305e-06,-2.073181484687103e-07
1.072443181818182e+00,3.522727272727273e-01,1.006153335089887e-06,-2.221228053096862e-07
1.092329545454545e+00,3.522727272727273e-01,9.889794856534698e-07,-2.369274621506620e-07
1.112215909090909e+00,3.522727272727273e-01,9.718056362170523e-07,-2.517321189916379e-07
1.132102272727273e+00,3.522727272727273e-01,9.500905002803492e-07,-2.654967001635717e-07
1.151988636363636e+00,3.522727272727273e-01,9.202010486431328e-07,-2.773891451312301e-07
1.171875000000000e+00,3.522727272727273e-01,8.903115970059160e-07,-2.892815900988887e-07
1.191761363636364e+00,3.522727272727273e-01,8.604221453686991e-07,-3.011740350665472e-07
1.211647727272727e+00,3.522727272727273e-01,8.305326937314826e-07,-3.130664800342056e-07
1.231534090909091e+00,3.522727272727273e-01,8.006432420942661e-07,-3.249589250018640e-07
1.251420454545455e+00,3.522727272727273e-01,7.689621965365012e-07,-3.357600182152214e-07
1.271306818181818e+00,3.522727272727273e-01,7.139904300116118e-07,-3.323735386226644e-07
1.291193181818182e+00,3.522727272727273e-01,6.590186634867227e-07,-3.289870590301074e-07
1.311079545454545e+00,3.522727272727273e-01,6.040468969618327e-07,-3.256005794375504e-07
1.330965909090909e+00,3.522727272727273e-01,5.490751304369430e-07,-3.222140998449934e-07
1.350852272727273e+00,3.522727272727273e-01,4.941033639120536e-07,-3.188276202524364e-07
1.370738636363636e+00,3.522727272727273e-01,4.391315973871644e-07,-3.154411406598794e-07
1.390625000000000e+00,3.522727272727273e-01,-6.640766069692813e-06,6.739322978029593e-06
1.410511363636364e+00,3.522727272727273e-01,-1.563655261874242e-05,1.571719008920010e-05
1.430397727272727e+00,3.522727272727273e-01,-2.463233916779192e-05,2.469505720037050e-05
1.450284090909091e+00,3.522727272727273e-01,-3.362812571684141e-05,3.367292431154090e-05
1.470170454545455e+00,3.522727272727273e-01,-4.262391226589102e-05,4.265079142271141e-05
1.490056818181818e+00,3.522727272727273e-01,-5.161969881494053e-05,5.162865853388180e-05
6.349431818181818e-01,3.750000000000000e-01,7.884703081820934e-07,2.105881250237013e-07
6.548295454545454e-01,3.750000000000000e-01,8.603809488085272e-07,1.341914496762348e-07
6.747159090909091e-01,3.750000000000000e-01,9.322915894349610e-07,5.779477432876826e-08
6.946022727272727e-01,3.750000000000000e-01,1.004202230061395e-06,-1.860190101869827e-08
7.144886363636364e-01,3.750000000000000e-01,1.076112870687828e-06,-9.499857636616483e-08
7.343750000000000e-01,3.750000000000000e-01,1.148023511314262e-06,-1.713952517136313e-07
7.542613636363636e-01,3.750000000000000e-01,1.197914978470948e-06,-2.276296220348827e-07
7.741477272727273e-01,3.750000000000000e-01,1.167069476238558e-06,-2.099355405933451e-07
7.940340909090909e-01,3.750000000000000e-01,1.136223974006167e-06,-1.922414591518074e-07
8.139204545454546e-01,3.750000000000000e-01,1.105378471773777e-06,-1.745473777102698e-07
8.338068181818181e-01,3.750000000000000e-01,1.074532969541387e-06,-1.568532962687323e-07
8.536931818181819e-01,3.750000000000000e-01,1.043687467308997e-06,-1.391592148271946e-07
8.735795454545454e-01,3.750000000000000e-01,1.012841965076606e-06,-1.214651333856571e-07
8.934659090909091e-01,3.750000000000000e-01,9.996822673007527e-07,-1.293577600540171e-07
9.133522727272727e-01,3.750000000000000e-01,9.878830160215558e-07,-1.392185950385231e-07
9.332386363636364e-01,3.750000000000000e-01,9.760837647423586e-07,-1.490794300230292e-07
9.531250000000000e-01,3.750000000000000e-01,9.642845134631615e-07,-1.589402650075353e-07
9.730113636363636e-01,3.750000000000000e-01,9.524852621839644e-07,-1.688010999920413e-07
9.928977272727273e-01,3.750000000000000e-01,9.406860109047674e-07,-1.786619349765474e-07
1.012784090909091e+00,3.750000000000000e-01,9.275444142134826e-07,-1.926502809243685e-07
1.032670454545455e+00,3.750000000000000e-01,9.136570700710376e-07,-2.089316885184760e-07
1.052556818181818e+00,3.750000000000000e-01,8.997697259285929e-07,-2.252130961125834e-07
1.072443181818182e+00,3.750000000000000e-01,8.858823817861481e-07,-2.414945037066908e-07
1.092329545454545e+00,3.750000000000000e-01,8.719950376437034e-07,-2.577759113007981e-07
1.112215909090909e+00,3.750000000000000e-01,8.581076935012585e-07,-2.740573188949057e-07
1.132102272727273e+00,3.750000000000000e-01,8.405035960376025e-07,-2.896607822652535e-07
1.151988636363636e+00,3.750000000000000e-01,8.162093425957664e-07,-3.040439460328342e-07
1.171875000000000e+00,3.750000000000000e-01,7.919150891539299e-07,-3.184271098004151e-07
1.191761363636364e+00,3.750000000000000e-01,7.676208357120936e-07,-3.328102735679960e-07
1.211647727272727e+00,3.750000000000000e-01,7.433265822702573e-07,-3.471934373355767e-07
1.231534090909091e+00,3.750000000000000e-01,7.190323288284211e-07,-3.615766011031574e-07
1.251420454545455e+00,3.750000000000000e-01,6.930707747038005e-07,-3.749002260074424e-07
1.271306818181818e+00,3.750000000000000e-01,6.454343117029866e-07,-3.744498456888814e-07
1.291193181818182e+00,3.750000000000000e-01,5.977978487021728e-07,-3.739994653703204e-07
1.311079545454545e+00,3.750000000000000e-01,5.501613857013584e-07,-3.735490850517594e-07
1.330965909090909e+00,3.750000000000000e-01,5.025249227005439e-07,-3.730987047331984e-07
1.350852272727273e+00,3.750000000000000e-01,4.548884596997300e-07,-3.726483244146373e-07
1.370738636363636e+00,3.750000000000000e-01,4.072519966989161e-07,-3.721979440960764e-07
1.390625000000000e+00,3.750000000000000e-01,-1.561975656910304e-06,1.583800562435140e-06
1.410511363636364e+00,3.750000000000000e-01,-4.055273635230922e-06,4.073130376115277e-06
1.430397727272727e+00,3.750000000000000e-01,-6.548571613551513e-06,6.562460189795386e-06
1.450284090909091e+00,3.750000000000000e-01,-9.041869591872103e-06,9.051790003475494e-06
1.470170454545455e+00,3.750000000000000e-01,-1.153516757019272e-05,1.154111981715563e-05
1.490056818181818e+00,3.750000000000000e-01,-1.402846554851331e-05,1.403044963083574e-05
6.349431818181818e-01,3.977272727272728e-01,5.632656078857460e-07,2.754697968362556e-07
6.548295454545454e-01,3.977272727272728e-01,6.464187487455134e-07,1.875345532986708e-07
6.747159090909091e-01,3.977272727272728e-01,7.295718896052807e-07,9.959930976108616e-08
6.946022727272727e-01,3.977272727272728e-01,8.127250304650481e-07,1.166406622350141e-08
7.144886363636364e-01,3.977272727272728e-01,8.958781713248154e-07,-7.627117731408329e-08
7.343750000000000e-01,3.977272727272728e-01,9.790313121845828e-07,-1.642064208516680e-07
7.542613636363636e-01,3.977272727272728e-01,1.037980422494545e-06,-2.297094166625378e-07
7.741477272727273e-01,3.977272727272728e-01,1.008181420788557e-06,-2.129608374754533e-07
7.940340909090909e-01,3.977272727272728e-01,9.783824190825680e-07,-1.962122582883689e-07
8.139204545454546e-01,3.977272727272728e-01,9.485834173765794e-07,-1.794636791012843e-07
8.338068181818181e-01,3.977272727272728e-01,9.187844156705909e-07,-1.627150999141999e-07
8.536931818181819e-01,3.977272727272728e-01,8.889854139646020e-07,-1.459665207271153e-07
8.735795454545454e-01,3.977272727272728e-01,8.591864122586135e-07,-1.292179415400309e-07
8.934659090909091e-01,3.977272727272728e-01,8.470622190559492e-07,-1.367355497465682e-07
9.133522727272727e-01,3.977272727272728e-01,8.362976265073869e-07,-1.461197877526148e-07
9.332386363636364e-01,3.977272727272728e-01,8.255330339588246e-07,-1.555040257586615e-07
9.531250000000000e-01,3.977272727272728e-01,8.147684414102624e-07,-1.648882637647082e-07
9.730113636363636e-01,3.977272727272728e-01,8.040038488617001e-07,-1.742725017707548e-07
9.928977272727273e-01,3.977272727272728e-01,7.932392563131378e-07,-1.836567397768015e-07
1.012784090909091e+00,3.977272727272728e-01,7.827314602992568e-07,-1.978610366261937e-07
1.032670454545455e+00,3.977272727272728e-01,7.723663290268654e-07,-2.147431439441114e-07
1.052556818181818e+00,3.977272727272728e-01,7.620011977544740e-07,-2.316252512620290e-07
1.072443181818182e+00,3.977272727272728e-01,7.516360664820824e-07,-2.485073585799468e-07
1.092329545454545e+00,3.977272727272728e-01,7.412709352096911e-07,-2.653894658978643e-07
1.112215909090909e+00,3.977272727272728e-01,7.309058039372996e-07,-2.822715732157821e-07
1.132102272727273e+00,3.977272727272728e-01,7.173676210070693e-07,-2.985157746029018e-07
1.151988636363636e+00,3.977272727272728e-01,6.981179450927289e-07,-3.136117453145856e-07
1.171875000000000e+00,3.977272727272728e-01,6.788682691783886e-07,-3.287077160262696e-07
1.191761363636364e+00,3.977272727272728e-01,6.596185932640480e-07,-3.438036867379536e-07
1.211647727272727e+00,3.977272727272728e-01,6.403689173497077e-07,-3.588996574496373e-07
1.231534090909091e+00,3.977272727272728e-01,6.211192414353673e-07,-3.739956281613211e-07
1.251420454545455e+00,3.977272727272728e-01,6.003846114349691e-07,-3.881136739323538e-07
1.271306818181818e+00,3.977272727272728e-01,5.603455783158230e-07,-3.895186954749209e-07
1.291193181818182e+00,3.977272727272728e-01,5.203065451966769e-07,-3.909237170174878e-07
1.311079545454545e+00,3.977272727272728e-01,4.802675120775304e-07,-3.923287385600549e-07
1.330965909090909e+00,3.977272727272728e-01,4.402284789583838e-07,-3.937337601026220e-07
1.350852272727273e+00,3.977272727272728e-01,4.001894458392377e-07,-3.951387816451891e-07
1.370738636363636e+00,3.977272727272728e-01,3.601504127200916e-07,-3.965438031877561e-07
1.390625000000000e+00,3.977272727272728e-01,2.641932245269456e-06,-2.681547222177509e-06
1.410511363636364e+00,3.977272727272728e-01,5.556937950273884e-06,-5.589350204107423e-06
1.430397727272727e+00,3.977272727272728e-01,8.471943655278281e-06,-8.497153186037302e-06
1.450284090909091e+00,3.977272727272728e-01,1.138694936028268e-05,-1.140495616796718e-05
1.470170454545455e+00,3.977272727272728e-01,1.430195506528710e-05,-1.431275914989710e-05
1.490056818181818e+00,3.977272727272728e-01,1.721696077029150e-05,-1.722056213182698e-05
6.349431818181818e-01,4.204545454545455e-01,3.380609075893991e-07,3.403514686488096e-07
6.548295454545454e-01,4.204545454545455e-01,4.324565486825001e-07,2.408776569211068e-07
6.747159090909091e-01,4.204545454545455e-01,5.268521897756011e-07,1.414038451934039e-07
6.946022727272727e-01,4.204545454545455e-01,6.212478308687020e-07,4.193003346570104e-08
7.144886363636364e-01,4.204545454545455e-01,7.156434719618029e-07,-5.754377826200180e-08
7.343750000000000e-01,4.204545454545455e-01,8.100391130549038e-07,-1.570175899897047e-07
7.542613636363636e-01,4.204545454545455e-01,8.780458665181431e-07,-2.317892112901930e-07
7.741477272727273e-01,4.204545454545455e-01,8.492933653385560e-07,-2.159861343575616e-07
7.940340909090909e-01,4.204545454545455e-01,8.205408641589689e-07,-2.001830574249302e-07
8.139204545454546e-01,4.204545454545455e-01,7.917883629793819e-07,-1.843799804922988e-07
8.338068181818181e-01,4.204545454545455e-01,7.630358617997950e-07,-1.685769035596675e-07
8.536931818181819e-01,4.204545454545455e-01,7.342833606202076e-07,-1.527738266270360e-07
8.735795454545454e-01,4.204545454545455e-01,7.055308594406207e-07,-1.369707496944047e-07
8.934659090909091e-01,4.204545454545455e-01,6.944421708111461e-07,-1.441133394391192e-07
9.133522727272727e-01,4.204545454545455e-01,6.847122369932185e-07,-1.530209804667065e-07
9.332386363636364e-01,4.204545454545455e-01,6.749823031752911e-07,-1.619286214942937e-07
9.531250000000000e-01,4.204545454545455e-01,6.652523693573635e-07,-1.708362625218810e-07
9.730113636363636e-01,4.204545454545455e-01,6.555224355394361e-07,-1.797439035494683e-07
9.928977272727273e-01,4.204545454545455e-01,6.457925017215085e-07,-1.886515445770556e-07
1.012784090909091e+00,4.204545454545455e-01,6.379185063850313e-07,-2.030717923280189e-07
1.032670454545455e+00,4.204545454545455e-01,6.310755879826933e-07,-2.205545993697469e-07
1.052556818181818e+00,4.204545454545455e-01,6.242326695803553e-07,-2.380374064114746e-07
1.072443181818182e+00,4.204545454545455e-01,6.173897511780172e-07,-2.555202134532026e-07
1.092329545454545e+00,4.204545454545455e-01,6.105468327756792e-07,-2.730030204949304e-07
1.112215909090909e+00,4.204545454545455e-01,6.037039143733410e-07,-2.904858275366584e-07
1.132102272727273e+00,4.204545454545455e-01,5.942316459765365e-07,-3.073707669405501e-07
1.151988636363636e+00,4.204545454545455e-01,5.800265475896920e-07,-3.231795445963370e-07
1.171875000000000e+00,4.204545454545455e-01,5.658214492028473e-07,-3.389883222521241e-07
1.191761363636364e+00,4.204545454545455e-01,5.516163508160027e-07,-3.547970999079110e-07
1.211647727272727e+00,4.204545454545455e-01,5.374112524291581e-07,-3.706058775636979e-07
1.231534090909091e+00,4.204545454545455e-01,5.232061540423136e-07,-3.864146552194847e-07
1.251420454545455e+00,4.204545454545455e-01,5.076984481661380e-07,-4.013271218572652e-07
1.271306818181818e+00,4.204545454545455e-01,4.752568449286596e-07,-4.045875452609603e-07
1.291193181818182e+00,4.204545454545455e-01,4.428152416911813e-07,-4.078479686646554e-07
1.311079545454545e+00,4.204545454545455e-01,4.103736384537026e-07,-4.111083920683505e-07
1.330965909090909e+00,4.204545454545455e-01,3.779320352162239e-07,-4.143688154720457e-07
1.350852272727273e+00,4.204545454545455e-01,3.454904319787455e-07,-4.176292388757407e-07
1.370738636363636e+00,4.204545454545455e-01,3.130488287412672e-07,-4.208896622794358e-07
1.390625000000000e+00,4.204545454545455e-01,6.845840147449203e-06,-6.946895006790149e-06
1.410511363636364e+00,4.204545454545455e-01,1.516914953577867e-05,-1.525183078433010e-05
1.430397727272727e+00,4.204545454545455e-01,2.349245892410804e-05,-2.355676656186996e-05
1.450284090909091e+00,4.204545454545455e-01,3.181576831243741e-05,-3.186170233940981e-05
1.470170454545455e+00,4.204545454545455e-01,4.013907770076687e-05,-4.016663811694976e-05
1.490056818181818e+00,4.204545454545455e-01,4.846238708909625e-05,-4.847157389448962e-05
6.349431818181818e-01,4.431818181818182e-01,1.128562072930522e-07,4.052331404613637e-07
6.548295454545454e-01,4.431818181818182e-01,2.184943486194867e-07,2.942207605435427e-07
6.747159090909091e-01,4.431818181818182e-01,3.241324899459213e-07,1.832083806257217e-07
6.946022727272727e-01,4.431818181818182e-01,4.297706312723558e-07,7.219600070790069e-08
7.144886363636364e-01,4.431818181818182e-01,5.354087725987903e-07,-3.881637920992033e-08
7.343750000000000e-01,4.431818181818182e-01,6.410469139252248e-07,-1.498287591277413e-07
7.542613636363636e-01,4.431818181818182e-01,7.181113105417407e-07,-2.338690059178481e-07
7.741477272727273e-01,4.431818181818182e-01,6.904053098885552e-07,-2.190114312396699e-07
7.940340909090909e-01,4.431818181818182e-01,6.626993092353698e-07,-2.041538565614916e-07
8.139204545454546e-01,4.431818181818182e-01,6.349933085821842e-07,-1.892962818833133e-07
8.338068181818181e-01,4.431818181818182e-01,6.072873079289990e-07,-1.744387072051351e-07
8.536931818181819e-01,4.431818181818182e-01,5.795813072758134e-07,-1.595811325269568e-07
8.735795454545454e-01,4.431818181818182e-01,5.518753066226279e-07,-1.447235578487786e-07
8.934659090909091e-01,4.431818181818182e-01,5.418221225663429e-07,-1.514911291316703e-07
9.133522727272727e-01,4.431818181818182e-01,5.331268474790502e-07,-1.599221731807981e-07
9.332386363636364e-01,4.431818181818182e-01,5.244315723917575e-07,-1.683532172299260e-07
9.531250000000000e-01,4.431818181818182e-01,5.157362973044647e-07,-1.767842612790539e-07
9.730113636363636e-01,4.431818181818182e-01,5.070410222171720e-07,-1.852153053281818e-07
9.928977272727273e-01,4.431818181818182e-01,4.983457471298793e-07,-1.936463493773096e-07
1.012784090909091e+00,4.431818181818182e-01,4.931055524708060e-07,-2.082825480298440e-07
1.032670454545455e+00,4.431818181818182e-01,4.897848469385213e-07,-2.263660547953822e-07
1.052556818181818e+00,4.431818181818182e-01,4.864641414062366e-07,-2.444495615609203e-07
1.072443181818182e+00,4.431818181818182e-01,4.831434358739520e-07,-2.625330683264585e-07
1.092329545454545e+00,4.431818181818182e-01,4.798227303416673e-07,-2.806165750919965e-07
1.112215909090909e+00,4.431818181818182e-01,4.765020248093826e-07,-2.987000818575348e-07
1.132102272727273e+00,4.431818181818182e-01,4.710956709460037e-07,-3.162257592781984e-07
1.151988636363636e+00,4.431818181818182e-01,4.619351500866550e-07,-3.327473438780884e-07
1.171875000000000e+00,4.431818181818182e-01,4.527746292273062e-07,-3.492689284779785e-07
1.191761363636364e+00,4.431818181818182e-01,4.436141083679575e-07,-3.657905130778686e-07
1.211647727272727e+00,4.431818181818182e-01,4.344535875086088e-07,-3.823120976777585e-07
1.231534090909091e+00,4.431818181818182e-01,4.252930666492601e-07,-3.988336822776484e-07
1.251420454545455e+00,4.431818181818182e-01,4.150122848973069e-07,-4.145405697821766e-07
1.271306818181818e+00,4.431818181818182e-01,3.901681115414962e-07,-4.196563950469997e-07
1.291193181818182e+00,4.431818181818182e-01,3.653239381856856e-07,-4.247722203118229e-07
1.311079545454545e+00,4.431818181818182e-01,3.404797648298748e-07,-4.298880455766460e-07
1.330965909090909e+00,4.431818181818182e-01,3.156355914740640e-07,-4.350038708414692e-07
1.350852272727273e+00,4.431818181818182e-01,2.907914181182534e-07,-4.401196961062923e-07
1.370738636363636e+00,4.431818181818182e-01,2.659472447624428e-07,-4.452355213711155e-07
1.390625000000000e+00,4.431818181818182e-01,1.104974804962895e-05,-1.121224279140279e-05
1.410511363636364e+00,4.431818181818182e-01,2.478136112128345e-05,-2.491431136455277e-05
1.430397727272727e+00,4.431818181818182e-01,3.851297419293780e-05,-3.861637993770261e-05
1.450284090909091e+00,4.431818181818182e-01,5.224458726459214e-05,-5.231844851085244e-05
1.470170454545455e+00,4.431818181818182e-01,6.597620033624665e-05,-6.602051708400243e-05
1.490056818181818e+00,4.431818181818182e-01,7.970781340790100e-05,-7.972258565715227e-05
6.349431818181818e-01,4.659090909090909e-01,-1.123484930032951e-07,4.701148122739180e-07
6.548295454545454e-01,4.659090909090909e-01,4.532148556472970e-09,3.475638641659787e-07
6.747159090909091e-01,4.659090909090909e-01,1.214127901162411e-07,2.250129160580395e-07
6.946022727272727e-01,4.659090909090909e-01,2.382934316760091e-07,1.024619679501003e-07
7.144886363636364e-01,4.659090909090909e-01,3.551740732357773e-07,-2.008898015783884e-08
7.343750000000000e-01,4.659090909090909e-01,4.720547147955453e-07,-1.426399282657780e-07
7.542613636363636e-01,4.659090909090909e-01,5.581767545653380e-07,-2.359488005455033e-07
7.741477272727273e-01,4.659090909090909e-01,5.315172544385541e-07,-2.220367281217781e-07
7.940340909090909e-01,4.659090909090909e-01,5.048577543117703e-07,-2.081246556980530e-07
8.139204545454546e-01,4.659090909090909e-01,4.781982541849863e-07,-1.942125832743279e-07
8.338068181818181e-01,4.659090909090909e-01,4.515387540582026e-07,-1.803005108506028e-07
8.536931818181819e-01,4.659090909090909e-01,4.248792539314186e-07,-1.663884384268775e-07
8.735795454545454e-01,4.659090909090909e-01,3.982197538046349e-07,-1.524763660031525e-07
8.934659090909091e-01,4.659090909090909e-01,3.892020743215393e-07,-1.588689188242213e-07
9.133522727272727e-01,4.659090909090909e-01,3.815414579648814e-07,-1.668233658948898e-07
9.332386363636364e-01,4.659090909090909e-01,3.738808416082234e-07,-1.747778129655583e-07
9.531250000000000e-01,4.659090909090909e-01,3.662202252515655e-07,-1.827322600362268e-07
9.730113636363636e-01,4.659090909090909e-01,3.585596088949076e-07,-1.906867071068952e-07
9.928977272727273e-01,4.659090909090909e-01,3.508989925382497e-07,-1.986411541775637e-07
1.012784090909091e+00,4.659090909090909e-01,3.482925985565803e-07,-2.134933037316692e-07
1.032670454545455e+00,4.659090909090909e-01,3.484941058943490e-07,-2.321775102210177e-07
1.052556818181818e+00,4.659090909090909e-01,3.486956132321176e-07,-2.508617167103659e-07
1.072443181818182e+00,4.659090909090909e-01,3.488971205698864e-07,-2.695459231997144e-07
1.092329545454545e+00,4.659090909090909e-01,3.490986279076551e-07,-2.882301296890627e-07
1.112215909090909e+00,4.659090909090909e-01,3.493001352454238e-07,-3.069143361784112e-07
1.132102272727273e+00,4.659090909090909e-01,3.479596959154705e-07,-3.250807516158469e-07
1.151988636363636e+00,4.659090909090909e-01,3.438437525836176e-07,-3.423151431598397e-07
1.171875000000000e+00,4.659090909090909e-01,3.397278092517648e-07,-3.595495347038329e-07
1.191761363636364e+00,4.659090909090909e-01,3.356118659199119e-07,-3.767839262478261e-07
1.211647727272727e+00,4.659090909090909e-01,3.314959225880590e-07,-3.940183177918191e-07
1.231534090909091e+00,4.659090909090909e-01,3.273799792562063e-07,-4.112527093358120e-07
1.251420454545455e+00,4.659090909090909e-01,3.223261216284755e-07,-4.277540177070880e-07
1.271306818181818e+00,4.659090909090909e-01,3.050793781543327e-07,-4.347252448330392e-07
1.291193181818182e+00,4.659090909090909e-01,2.878326346801899e-07,-4.416964719589903e-07
1.311079545454545e+00,4.659090909090909e-01,2.705858912060469e-07,-4.486676990849416e-07
1.330965909090909e+00,4.659090909090909e-01,2.533391477319039e-07,-4.556389262108928e-07
1.350852272727273e+00,4.659090909090909e-01,2.360924042577611e-07,-4.626101533368440e-07
1.370738636363636e+00,4.659090909090909e-01,2.188456607836183e-07,-4.695813804627952e-07
1.390625000000000e+00,4.659090909090909e-01,1.525365595180871e-05,-1.547759057601544e-05
1.410511363636364e+00,4.659090909090909e-01,3.439357270678826e-05,-3.457679194477548e-05
1.430397727272727e+00,4.659090909090909e-01,5.353348946176759e-05,-5.367599331353530e-05
1.450284090909091e+00,4.659090909090909e-01,7.267340621674691e-05,-7.277519468229511e-05
1.470170454545455e+00,4.659090909090909e-01,9.181332297172647e-05,-9.187439605105515e-05
1.490056818181818e+00,4.659090909090909e-01,1.109532397267058e-04,-1.109735974198150e-04
6.349431818181818e-01,4.886363636363636e-01,-3.375531932996420e-07,5.349964840864720e-07
6.548295454545454e-01,4.886363636363636e-01,-2.094300515065403e-07,4.009069677884146e-07
6.747159090909091e-01,4.886363636363636e-01,-8.130690971343869e-08,2.668174514903573e-07
6.946022727272727e-01,4.886363636363636e-01,4.681623207966298e-08,1.327279351923000e-07
7.144886363636364e-01,4.886363636363636e-01,1.749393738727646e-07,-1.361581105757329e-09
7.343750000000000e-01,4.886363636363636e-01,3.030625156658663e-07,-1.354510974038147e-07
7.542613636363636e-01,4.886363636363636e-01,3.982421985889356e-07,-2.380285951731584e-07
7.741477272727273e-01,4.886363636363636e-01,3.726291989885534e-07,-2.250620250038864e-07
7.940340909090909e-01,4.886363636363636e-01,3.470161993881711e-07,-2.120954548346144e-07
8.139204545454546e-01,4.886363636363636e-01,3.214031997877888e-07,-1.991288846653424e-07
8.338068181818181e-01,4.886363636363636e-01,2.957902001874066e-07,-1.861623144960703e-07
8.536931818181819e-01,4.886363636363636e-01,2.701772005870242e-07,-1.731957443267982e-07
8.735795454545454e-01,4.886363636363636e-01,2.445642009866421e-07,-1.602291741575263e-07
8.934659090909091e-01,4.886363636363636e-01,2.365820260767361e-07,-1.662467085167724e-07
9.133522727272727e-01,4.886363636363636e-01,2.299560684507130e-07,-1.737245586089815e-07
9.332386363636364e-01,4.886363636363636e-01,2.233301108246899e-07,-1.812024087011906e-07
9.531250000000000e-01,4.886363636363636e-01,2.167041531986667e-07,-1.886802587933997e-07
9.730113636363636e-01,4.886363636363636e-01,2.100781955726435e-07,-1.961581088856087e-07
9.928977272727273e-01,4.886363636363636e-01,2.034522379466204e-07,-2.036359589778178e-07
1.012784090909091e+00,4.886363636363636e-01,2.034796446423549e-07,-2.187040594334944e-07
1.032670454545455e+00,4.886363636363636e-01,2.072033648501770e-07,-2.379889656466531e-07
1.052556818181818e+00,4.886363636363636e-01,2.109270850579990e-07,-2.572738718598116e-07
1.072443181818182e+00,4.886363636363636e-01,2.146508052658211e-07,-2.765587780729703e-07
1.092329545454545e+00,4.886363636363636e-01,2.183745254736432e-07,-2.958436842861288e-07
1.112215909090909e+00,4.886363636363636e-01,2.220982456814652e-07,-3.151285904992875e-07
1.132102272727273e+00,4.886363636363636e-01,2.248237208849376e-07,-3.339357439534951e-07
1.151988636363636e+00,4.886363636363636e-01,2.257523550805806e-07,-3.518829424415911e-07
1.171875000000000e+00,4.886363636363636e-01,2.266809892762236e-07,-3.698301409296874e-07
1.191761363636364e+00,4.886363636363636e-01,2.276096234718667e-07,-3.877773394177836e-07
1.211647727272727e+00,4.886363636363636e-01,2.285382576675097e-07,-4.057245379058797e-07
1.231534090909091e+00,4.886363636363636e-01,2.294668918631527e-07,-4.236717363939758e-07
1.251420454545455e+00,4.886363636363636e-01,2.296399583596444e-07,-4.409674656319994e-07
1.271306818181818e+00,4.886363636363636e-01,2.199906447671693e-07,-4.497940946190786e-07
1.291193181818182e+00,4.886363636363636e-01,2.103413311746943e-07,-4.586207236061578e-07
1.311079545454545e+00,4.886363636363636e-01,2.006920175822191e-07,-4.674473525932371e-07
1.330965909090909e+00,4.886363636363636e-01,1.910427039897440e-07,-4.762739815803165e-07
1.350852272727273e+00,4.886363636363636e-01,1.813933903972689e-07,-4.851006105673956e-07
1.370738636363636e+00,4.886363636363636e-01,1.717440768047939e-07,-4.939272395544749e-07
1.390625000000000e+00,4.886363636363636e-01,1.945756385398846e-05,-1.974293836062808e-05
1.410511363636364e+00,4.886363636363636e-01,4.400578429229304e-05,-4.423927252499815e-05
1.430397727272727e+00,4.886363636363636e-01,6.855400473059735e-05,-6.873560668936796e-05
1.450284090909091e+00,4.886363636363636e-01,9.310222516890166e-05,-9.323194085373775e-05
1.470170454545455e+00,4.886363636363636e-01,1.176504456072062e-04,-1.177282750181078e-04
1.490056818181818e+00,4.886363636363636e-01,1.421986660455105e-04,-1.422246091824776e-04
6.349431818181818e-01,5.113636363636364e-01,-5.756088620503867e-07,6.048758834492462e-07
6.548295454545454e-01,5.113636363636364e-01,-4.371285750955332e-07,4.603510569620756e-07
6.747159090909091e-01,5.113636363636364e-01,-2.986482881406798e-07,3.158262304749052e-07
6.946022727272727e-01,5.113636363636364e-01,-1.601680011858262e-07,1.713014039877348e-07
7.144886363636364e-01,5.113636363636364e-01,-2.168771423097276e-08,2.677657750056443e-08
7.343750000000000e-01,5.113636363636364e-01,1.167925727238807e-07,-1.177482489866060e-07
7.542613636363636e-01,5.113636363636364e-01,2.208897677831106e-07,-2.291837267130988e-07
7.741477272727273e-01,5.113636363636364e-01,1.989156258917204e-07,-2.192915923171077e-07
7.940340909090909e-01,5.113636363636364e-01,1.769414840003303e-07,-2.093994579211166e-07
8.139204545454546e-01,5.113636363636364e-01,1.549673421089401e-07,-1.995073235251256e-07
8.338068181818181e-01,5.113636363636364e-01,1.329932002175501e-07,-1.896151891291345e-07
8.536931818181819e-01,5.113636363636364e-01,1.110190583261598e-07,-1.797230547331434e-07
8.735795454545454e-01,5.113636363636364e-01,8.904491643476977e-08,-1.698309203371523e-07
8.934659090909091e-01,5.113636363636364e-01,8.183291296328331e-08,-1.746922819235765e-07
9.133522727272727e-01,5.113636363636364e-01,7.575645860102028e-08,-1.806885278163404e-07
9.332386363636364e-01,5.113636363636364e-01,6.968000423875724e-08,-1.866847737091042e-07
9.531250000000000e-01,5.113636363636364e-01,6.360354987649421e-08,-1.926810196018681e-07
9.730113636363636e-01,5.113636363636364e-01,5.752709551423116e-08,-1.986772654946319e-07
9.928977272727273e-01,5.113636363636364e-01,5.145064115196811e-08,-2.046735113873958e-07
1.012784090909091e+00,5.113636363636364e-01,5.368672818176497e-08,-2.189763154462549e-07
1.032670454545455e+00,5.113636363636364e-01,6.054089376270629e-08,-2.378938740418338e-07
1.052556818181818e+00,5.113636363636364e-01,6.739505934364754e-08,-2.568114326374126e-07
1.072443181818182e+00,5.113636363636364e-01,7.424922492458888e-08,-2.757289912329915e-07
1.092329545454545e+00,5.113636363636364e-01,8.110339050553014e-08,-2.946465498285702e-07
1.112215909090909e+00,5.113636363636364e-01,8.795755608647145e-08,-3.135641084241491e-07
1.132102272727273e+00,5.113636363636364e-01,9.471882377837298e-08,-3.323854451162669e-07
1.151988636363636e+00,5.113636363636364e-01,1.013128752700030e-07,-3.510335823821550e-07
1.171875000000000e+00,5.113636363636364e-01,1.079069267616331e-07,-3.696817196480434e-07
1.191761363636364e+00,5.113636363636364e-01,1.145009782532631e-07,-3.883298569139318e-07
1.211647727272727e+00,5.113636363636364e-01,1.210950297448932e-07,-4.069779941798199e-07
1.231534090909091e+00,5.113636363636364e-01,1.276890812365232e-07,-4.256261314457081e-07
1.251420454545455e+00,5.113636363636364e-01,1.336837491309848e-07,-4.436742203115429e-07
1.271306818181818e+00,5.113636363636364e-01,1.318864302622557e-07,-4.539216799766807e-07
1.291193181818182e+00,5.113636363636364e-01,1.300891113935267e-07,-4.641691396418187e-07
1.311079545454545e+00,5.113636363636364e-01,1.282917925247976e-07,-4.744165993069567e-07
1.330965909090909e+00,5.113636363636364e-01,1.264944736560686e-07,-4.846640589720948e-07
1.350852272727273e+00,5.113636363636364e-01,1.246971547873395e-07,-4.949115186372327e-07
1.370738636363636e+00,5.113636363636364e-01,1.228998359186105e-07,-5.051589783023706e-07
1.390625000000000e+00,5.113636363636364e-01,2.301713015219260e-05,-2.335386529775350e-05
1.410511363636364e+00,5.113636363636364e-01,5.215573164168751e-05,-5.243124221532825e-05
1.430397727272727e+00,5.113636363636364e-01,8.129433313118210e-05,-8.150861913290269e-05
1.450284090909091e+00,5.113636363636364e-01,1.104329346206767e-04,-1.105859960504771e-04
1.470170454545455e+00,5.113636363636364e-01,1.395715361101716e-04,-1.396633729680519e-04
1.490056818181818e+00,5.113636363636364e-01,1.687101375996662e-04,-1.687407498856263e-04
6.349431818181818e-01,5.340909090909091e-01,-8.265154992555293e-07,6.797530103622403e-07
6.548295454545454e-01,5.340909090909091e-01,-6.785634222105057e-07,5.258961316869617e-07
6.747159090909091e-01,5.340909090909091e-01,-5.306113451654821e-07,3.720392530116833e-07
6.946022727272727e-01,5.340909090909091e-01,-3.826592681204585e-07,2.181823743364049e-07
7.144886363636364e-01,5.340909090909091e-01,-2.347071910754348e-07,6.432549566112651e-08
7.343750000000000e-01,5.340909090909091e-01,-8.675511403041132e-08,-8.953138301415185e-08
7.542613636363636e-01,5.340909090909091e-01,2.611946214786271e-08,-2.094141951653244e-07
7.741477272727273e-01,5.340909090909091e-01,1.037653514805519e-08,-2.047254300614420e-07
7.940340909090909e-01,5.340909090909091e-01,-5.366391851752309e-09,-2.000366649575597e-07
8.139204545454546e-01,5.340909090909091e-01,-2.110931885155982e-08,-1.953478998536775e-07
8.338068181818181e-01,5.340909090909091e-01,-3.685224585136722e-08,-1.906591347497952e-07
8.536931818181819e-01,5.340909090909091e-01,-5.259517285117484e-08,-1.859703696459128e-07
8.735795454545454e-01,5.340909090909091e-01,-6.833809985098224e-08,-1.812816045420306e-07
8.934659090909091e-01,5.340909090909091e-01,-7.504526501881917e-08,-1.842056390446337e-07
9.133522727272727e-01,5.340909090909091e-01,-8.105737158419676e-08,-1.877152735169665e-07
9.332386363636364e-01,5.340909090909091e-01,-8.706947814957436e-08,-1.912249079892993e-07
9.531250000000000e-01,5.340909090909091e-01,-9.308158471495199e-08,-1.947345424616321e-07
9.730113636363636e-01,5.340909090909091e-01,-9.909369128032960e-08,-1.982441769339649e-07
9.928977272727273e-01,5.340909090909091e-01,-1.051057978457072e-07,-2.017538114062977e-07
1.012784090909091e+00,5.340909090909091e-01,-1.010861508251894e-07,-2.143100717699508e-07
1.032670454545455e+00,5.340909090909091e-01,-9.149330736806301e-08,-2.318922354065599e-07
1.052556818181818e+00,5.340909090909091e-01,-8.190046391093671e-08,-2.494743990431688e-07
1.072443181818182e+00,5.340909090909091e-01,-7.230762045381030e-08,-2.670565626797779e-07
1.092329545454545e+00,5.340909090909091e-01,-6.271477699668401e-08,-2.846387263163869e-07
1.112215909090909e+00,5.340909090909091e-01,-5.312193353955756e-08,-3.022208899529960e-07
1.132102272727273e+00,5.340909090909091e-01,-4.235499540422345e-08,-3.204298551041622e-07
1.151988636363636e+00,5.340909090909091e-01,-2.947468684811529e-08,-3.397670629815314e-07
1.171875000000000e+00,5.340909090909091e-01,-1.659437829200692e-08,-3.591042708589010e-07
1.191761363636364e+00,5.340909090909091e-01,-3.714069735898573e-09,-3.784414787362705e-07
1.211647727272727e+00,5.340909090909091e-01,9.166238820209631e-09,-3.977786866136399e-07
1.231534090909091e+00,5.340909090909091e-01,2.204654737631782e-08,-4.171158944910091e-07
1.251420454545455e+00,5.340909090909091e-01,3.445749394249666e-08,-4.358742817457185e-07
1.271306818181818e+00,5.340909090909091e-01,4.076673463959190e-08,-4.471080009058458e-07
1.291193181818182e+00,5.340909090909091e-01,4.707597533668712e-08,-4.583417200659731e-07
1.311079545454545e+00,5.340909090909091e-01,5.338521603378246e-08,-4.695754392261005e-07
1.330965909090909e+00,5.340909090909091e-01,5.969445673087779e-08,-4.808091583862279e-07
1.350852272727273e+00,5.340909090909091e-01,6.600369742797303e-08,-4.920428775463552e-07
1.370738636363636e+00,5.340909090909091e-01,7.231293812506827e-08,-5.032765967064825e-07
1.390625000000000e+00,5.340909090909091e-01,2.593235484642114e-05,-2.631037138739170e-05
1.410511363636364e+00,5.340909090909091e-01,5.884341475497168e-05,-5.915270101576577e-05
1.430397727272727e+00,5.340909090909091e-01,9.175447466352183e-05,-9.199503064413949e-05
1.450284090909091e+00,5.340909090909091e-01,1.246655345720720e-04,-1.248373602725132e-04
1.470170454545455e+00,5.340909090909091e-01,1.575765944806225e-04,-1.576796899008873e-04
1.490056818181818e+00,5.340909090909091e-01,1.904876543891727e-04,-1.905220195292610e-04
6.349431818181818e-01,5.568181818181819e-01,-1.077422136460673e-06,7.546301372752347e-07
6.548295454545454e-01,5.568181818181819e-01,-9.199982693254795e-07,5.914412064118481e-07
6.747159090909091e-01,5.568181818181819e-01,-7.625744021902858e-07,4.282522755484616e-07
6.946022727272727e-01,5.568181818181819e-01,-6.051505350550918e-07,2.650633446850752e-07
7.144886363636364e-01,5.568181818181819e-01,-4.477266679198981e-07,1.018744138216888e-07
7.343750000000000e-01,5.568181818181819e-01,-2.903028007847043e-07,-6.131451704169767e-08
7.542613636363636e-01,5.568181818181819e-01,-1.686508434873860e-07,-1.896446636175498e-07
7.741477272727273e-01,5.568181818181819e-01,-1.781625555956109e-07,-1.901592678057763e-07
7.940340909090909e-01,5.568181818181819e-01,-1.876742677038357e-07,-1.906738719940028e-07
8.139204545454546e-01,5.568181818181819e-01,-1.971859798120606e-07,-1.911884761822293e-07
8.338068181818181e-01,5.568181818181819e-01,-2.066976919202854e-07,-1.917030803704558e-07
8.536931818181819e-01,5.568181818181819e-01,-2.162094040285102e-07,-1.922176845586824e-07
8.735795454545454e-01,5.568181818181819e-01,-2.257211161367350e-07,-1.927322887469089e-07
8.934659090909091e-01,5.568181818181819e-01,-2.319234430009224e-07,-1.937189961656909e-07
9.133522727272727e-01,5.568181818181819e-01,-2.378712017694146e-07,-1.947420192175927e-07
9.332386363636364e-01,5.568181818181819e-01,-2.438189605379067e-07,-1.957650422694944e-07
9.531250000000000e-01,5.568181818181819e-01,-2.497667193063989e-07,-1.967880653213961e-07
9.730113636363636e-01,5.568181818181819e-01,-2.557144780748911e-07,-1.978110883732978e-07
9.928977272727273e-01,5.568181818181819e-01,-2.616622368433833e-07,-1.988341114251995e-07
1.012784090909091e+00,5.568181818181819e-01,-2.558590298321446e-07,-2.096438280936467e-07
1.032670454545455e+00,5.568181818181819e-01,-2.435275084988331e-07,-2.258905967712860e-07
1.052556818181818e+00,5.568181818181819e-01,-2.311959871655217e-07,-2.421373654489251e-07
1.072443181818182e+00,5.568181818181819e-01,-2.188644658322101e-07,-2.583841341265643e-07
1.092329545454545e+00,5.568181818181819e-01,-2.065329444988988e-07,-2.746309028042034e-07
1.112215909090909e+00,5.568181818181819e-01,-1.942014231655873e-07,-2.908776714818428e-07
1.132102272727273e+00,5.568181818181819e-01,-1.794288145868206e-07,-3.084742650920574e-07
1.151988636363636e+00,5.568181818181819e-01,-1.602622489662341e-07,-3.285005435809078e-07
1.171875000000000e+00,5.568181818181819e-01,-1.410956833456475e-07,-3.485268220697585e-07
1.191761363636364e+00,5.568181818181819e-01,-1.219291177250609e-07,-3.685531005586092e-07
1.211647727272727e+00,5.568181818181819e-01,-1.027625521044745e-07,-3.885793790474596e-07
1.231534090909091e+00,5.568181818181819e-01,-8.359598648388808e-08,-4.086056575363101e-07
1.251420454545455e+00,5.568181818181819e-01,-6.476876124599193e-08,-4.280743431798941e-07
1.271306818181818e+00,5.568181818181819e-01,-5.035296098307236e-08,-4.402943218350107e-07
1.291193181818182e+00,5.568181818181819e-01,-3.593716072015281e-08,-4.525143004901274e-07
1.311079545454545e+00,5.568181818181819e-01,-2.152136045723309e-08,-4.647342791452443e-07
1.330965909090909e+00,5.568181818181819e-01,-7.105560194313351e-09,-4.769542578003609e-07
1.350852272727273e+00,5.568181818181819e-01,7.310240068606222e-09,-4.891742364554776e-07
1.370738636363636e+00,5.568181818181819e-01,2.172604033152578e-08,-5.013942151105943e-07
1.390625000000000e+00,5.568181818181819e-01,2.884757954064969e-05,-2.926687747702991e-05
1.410511363636364e+00,5.568181818181819e-01,6.553109786825586e-05,-6.587415981620333e-05
1.430397727272727e+00,5.568181818181819e-01,1.022146161958617e-04,-1.024814421553763e-04
1.450284090909091e+00,5.568181818181819e-01,1.388981345234674e-04,-1.390887244945493e-04
1.470170454545455e+00,5.568181818181819e-01,1.755816528510736e-04,-1.756960068337228e-04
1.490056818181818e+00,5.568181818181819e-01,2.122651711786794e-04,-2.123032891728958e-04
6.349431818181818e-01,5.795454545454546e-01,-1.328328773665816e-06,8.295072641882287e-07
6.548295454545454e-01,5.795454545454546e-01,-1.161433116440452e-06,6.569862811367342e-07
6.747159090909091e-01,5.795454545454546e-01,-9.945374592150881e-07,4.844652980852398e-07
6.946022727272727e-01,5.795454545454546e-01,-8.276418019897242e-07,3.119443150337453e-07
7.144886363636364e-01,5.795454545454546e-01,-6.607461447643602e-07,1.394233319822508e-07
7.343750000000000e-01,5.795454545454546e-01,-4.938504875389963e-07,-3.309765106924361e-08
7.542613636363636e-01,5.795454545454546e-01,-3.634211491226339e-07,-1.698751320697753e-07
7.741477272727273e-01,5.795454545454546e-01,-3.667016463392760e-07,-1.755931055501106e-07
7.940340909090909e-01,5.795454545454546e-01,-3.699821435559182e-07,-1.813110790304459e-07
8.139204545454546e-01,5.795454545454546e-01,-3.732626407725604e-07,-1.870290525107813e-07
8.338068181818181e-01,5.795454545454546e-01,-3.765431379892026e-07,-1.927470259911165e-07
8.536931818181819e-01,5.795454545454546e-01,-3.798236352058449e-07,-1.984649994714519e-07
8.735795454545454e-01,5.795454545454546e-01,-3.831041324224871e-07,-2.041829729517871e-07
8.934659090909091e-01,5.795454545454546e-01,-3.888016209830249e-07,-2.032323532867481e-07
9.133522727272727e-01,5.795454545454546e-01,-3.946850319546316e-07,-2.017687649182188e-07
9.332386363636364e-01,5.795454545454546e-01,-4.005684429262384e-07,-2.003051765496894e-07
9.531250000000000e-01,5.795454545454546e-01,-4.064518538978451e-07,-1.988415881811600e-07
9.730113636363636e-01,5.795454545454546e-01,-4.123352648694518e-07,-1.973779998126307e-07
9.928977272727273e-01,5.795454545454546e-01,-4.182186758410586e-07,-1.959144114441014e-07
1.012784090909091e+00,5.795454545454546e-01,-4.106319088390990e-07,-2.049775844173426e-07
1.032670454545455e+00,5.795454545454546e-01,-3.955617096296024e-07,-2.198889581360120e-07
1.052556818181818e+00,5.795454545454546e-01,-3.804915104201060e-07,-2.348003318546813e-07
1.072443181818182e+00,5.795454545454546e-01,-3.654213112106094e-07,-2.497117055733508e-07
1.092329545454545e+00,5.795454545454546e-01,-3.503511120011129e-07,-2.646230792920202e-07
1.112215909090909e+00,5.795454545454546e-01,-3.352809127916163e-07,-2.795344530106897e-07
1.132102272727273e+00,5.795454545454546e-01,-3.165026337694170e-07,-2.965186750799526e-07
1.151988636363636e+00,5.795454545454546e-01,-2.910498110843524e-07,-3.172340241802842e-07
1.171875000000000e+00,5.795454545454546e-01,-2.655969883992875e-07,-3.379493732806161e-07
1.191761363636364e+00,5.795454545454546e-01,-2.401441657142226e-07,-3.586647223809479e-07
1.211647727272727e+00,5.795454545454546e-01,-2.146913430291580e-07,-3.793800714812795e-07
1.231534090909091e+00,5.795454545454546e-01,-1.892385203440934e-07,-4.000954205816111e-07
1.251420454545455e+00,5.795454545454546e-01,-1.639950164344800e-07,-4.202744046140697e-07
1.271306818181818e+00,5.795454545454546e-01,-1.414726566057362e-07,-4.334806427641757e-07
1.291193181818182e+00,5.795454545454546e-01,-1.189502967769924e-07,-4.466868809142817e-07
1.311079545454545e+00,5.795454545454546e-01,-9.642793694824825e-08,-4.598931190643879e-07
1.330965909090909e+00,5.795454545454546e-01,-7.390557711950415e-08,-4.730993572144941e-07
1.350852272727273e+00,5.795454545454546e-01,-5.138321729076030e-08,-4.863055953646000e-07
1.370738636363636e+00,5.795454545454546e-01,-2.886085746201646e-08,-4.995118335147061e-07
1.390625000000000e+00,5.795454545454546e-01,3.176280423487823e-05,-3.222338356666811e-05
1.410511363636364e+00,5.795454545454546e-01,7.221878098154004e-05,-7.259561861664086e-05
1.430397727272727e+00,5.795454545454546e-01,1.126747577282014e-04,-1.129678536666132e-04
1.450284090909091e+00,5.795454545454546e-01,1.531307344748627e-04,-1.533400887165854e-04
1.470170454545455e+00,5.795454545454546e-01,1.935867112215246e-04,-1.937123237665582e-04
1.490056818181818e+00,5.795454545454546e-01,2.340426879681859e-04,-2.340845588165305e-04
6.349431818181818e-01,6.022727272727273e-01,-1.579235410870958e-06,9.043843911012228e-07
6.548295454545454e-01,6.022727272727273e-01,-1.402867963555425e-06,7.225313558616203e-07
6.747159090909091e-01,6.022727272727273e-01,-1.226500516239891e-06,5.406783206220178e-07
6.946022727272727e-01,6.022727272727273e-01,-1.050133068924356e-06,3.588252853824154e-07
7.144886363636364e-01,6.022727272727273e-01,-8.737656216088224e-07,1.769722501428129e-07
7.343750000000000e-01,6.022727272727273e-01,-6.973981742932885e-07,-4.880785096789532e-09
7.542613636363636e-01,6.022727272727273e-01,-5.581914547578817e-07,-1.501056005220009e-07
7.741477272727273e-01,6.022727272727273e-01,-5.552407370829412e-07,-1.610269432944450e-07
7.940340909090909e-01,6.022727272727273e-01,-5.522900194080007e-07,-1.719482860668891e-07
8.139204545454546e-01,6.022727272727273e-01,-5.493393017330603e-07,-1.828696288393332e-07
8.338068181818181e-01,6.022727272727273e-01,-5.463885840581200e-07,-1.937909716117772e-07
8.536931818181819e-01,6.022727272727273e-01,-5.434378663831795e-07,-2.047123143842213e-07
8.735795454545454e-01,6.022727272727273e-01,-5.404871487082391e-07,-2.156336571566654e-07
8.934659090909091e-01,6.022727272727273e-01,-5.456797989651273e-07,-2.127457104078053e-07
9.133522727272727e-01,6.022727272727273e-01,-5.514988621398487e-07,-2.087955106188449e-07
9.332386363636364e-01,6.022727272727273e-01,-5.573179253145700e-07,-2.048453108298845e-07
9.531250000000000e-01,6.022727272727273e-01,-5.631369884892912e-07,-2.008951110409241e-07
9.730113636363636e-01,6.022727272727273e-01,-5.689560516640125e-07,-1.969449112519636e-07
9.928977272727273e-01,6.022727272727273e-01,-5.747751148387339e-07,-1.929947114630032e-07
1.012784090909091e+00,6.022727272727273e-01,-5.654047878460534e-07,-2.003113407410384e-07
1.032670454545455e+00,6.022727272727273e-01,-5.475959107603717e-07,-2.138873195007381e-07
1.052556818181818e+00,6.022727272727273e-01,-5.297870336746902e-07,-2.274632982604376e-07
1.072443181818182e+00,6.022727272727273e-01,-5.119781565890086e-07,-2.410392770201373e-07
1.092329545454545e+00,6.022727272727273e-01,-4.941692795033270e-07,-2.546152557798368e-07
1.112215909090909e+00,6.022727272727273e-01,-4.763604024176454e-07,-2.681912345395365e-07
1.132102272727273e+00,6.022727272727273e-01,-4.535764529520134e-07,-2.845630850678479e-07
1.151988636363636e+00,6.022727272727273e-01,-4.218373732024706e-07,-3.059675047796606e-07
1.171875000000000e+00,6.022727272727273e-01,-3.900982934529275e-07,-3.273719244914737e-07
1.191761363636364e+00,6.022727272727273e-01,-3.583592137033844e-07,-3.487763442032866e-07
1.211647727272727e+00,6.022727272727273e-01,-3.266201339538415e-07,-3.701807639150994e-07
1.231534090909091e+00,6.022727272727273e-01,-2.948810542042989e-07,-3.915851836269122e-07
1.251420454545455e+00,6.022727272727273e-01,-2.632212716229681e-07,-4.124744660482453e-07
1.271306818181818e+00,6.022727272727273e-01,-2.325923522284000e-07,-4.266669636933407e-07
1.291193181818182e+00,6.022727272727273e-01,-2.019634328338319e-07,-4.408594613384361e-07
1.311079545454545e+00,6.022727272727273e-01,-1.713345134392634e-07,-4.550519589835317e-07
1.330965909090909e+00,6.022727272727273e-01,-1.407055940446950e-07,-4.692444566286272e-07
1.350852272727273e+00,6.022727272727273e-01,-1.100766746501268e-07,-4.834369542737225e-07
1.370738636363636e+00,6.022727272727273e-01,-7.944775525555872e-08,-4.976294519188179e-07
1.390625000000000e+00,6.022727272727273e-01,3.467802892910676e-05,-3.517988965630631e-05
1.410511363636364e+00,6.022727272727273e-01,7.890646409482420e-05,-7.931707741707838e-05
1.430397727272727e+00,6.022727272727273e-01,1.231348992605411e-04,-1.234542651778499e-04
1.450284090909091e+00,6.022727272727273e-01,1.673633344262581e-04,-1.675914529386215e-04
1.470170454545455e+00,6.022727272727273e-01,2.115917695919755e-04,-2.117286406993936e-04
1.490056818181818e+00,6.022727272727273e-01,2.558202047576925e-04,-2.558658284601651e-04
6.349431818181818e-01,6.250000000000000e-01,-1.830142048076101e-06,9.792615180142169e-07
6.548295454545454e-01,6.250000000000000e-01,-1.644302810670397e-06,7.880764305865064e-07
6.747159090909091e-01,6.250000000000000e-01,-1.458463573264693e-06,5.968913431587960e-07
6.946022727272727e-01,6.250000000000000e-01,-1.272624335858989e-06,4.057062557310855e-07
7.144886363636364e-01,6.250000000000000e-01,-1.086785098453284e-06,2.145211683033750e-07
7.343750000000000e-01,6.250000000000000e-01,-9.009458610475804e-07,2.333608087566453e-08
7.542613636363636e-01,6.250000000000000e-01,-7.529617603931294e-07,-1.303360689742264e-07
7.741477272727273e-01,6.250000000000000e-01,-7.437798278266064e-07,-1.464607810387793e-07
7.940340909090909e-01,6.250000000000000e-01,-7.345978952600833e-07,-1.625854931033322e-07
8.139204545454546e-01,6.250000000000000e-01,-7.254159626935603e-07,-1.787102051678851e-07
8.338068181818181e-01,6.250000000000000e-01,-7.162340301270372e-07,-1.948349172324379e-07
8.536931818181819e-01,6.250000000000000e-01,-7.070520975605141e-07,-2.109596292969909e-07
8.735795454545454e-01,6.250000000000000e-01,-6.978701649939910e-07,-2.270843413615437e-07
8.934659090909091e-01,6.250000000000000e-01,-7.025579769472298e-07,-2.222590675288625e-07
9.133522727272727e-01,6.250000000000000e-01,-7.083126923250657e-07,-2.158222563194710e-07
9.332386363636364e-01,6.250000000000000e-01,-7.140674077029015e-07,-2.093854451100795e-07
9.531250000000000e-01,6.250000000000000e-01,-7.198221230807375e-07,-2.029486339006881e-07
9.730113636363636e-01,6.250000000000000e-01,-7.255768384585733e-07,-1.965118226912966e-07
9.928977272727273e-01,6.250000000000000e-01,-7.313315538364091e-07,-1.900750114819050e-07
1.012784090909091e+00,6.250000000000000e-01,-7.201776668530078e-07,-1.956450970647343e-07
1.032670454545455e+00,6.250000000000000e-01,-6.996301118911410e-07,-2.078856808654642e-07
1.052556818181818e+00,6.250000000000000e-01,-6.790825569292745e-07,-2.201262646661939e-07
1.072443181818182e+00,6.250000000000000e-01,-6.585350019674077e-07,-2.323668484669237e-07
1.092329545454545e+00,6.250000000000000e-01,-6.379874470055411e-07,-2.446074322676535e-07
1.112215909090909e+00,6.250000000000000e-01,-6.174398920436744e-07,-2.568480160683833e-07
1.132102272727273e+00,6.250000000000000e-01,-5.906502721346099e-07,-2.726074950557431e-07
1.151988636363636e+00,6.250000000000000e-01,-5.526249353205889e-07,-2.947009853790371e-07
1.171875000000000e+00,6.250000000000000e-01,-5.145995985065675e-07,-3.167944757023312e-07
1.191761363636364e+00,6.250000000000000e-01,-4.765742616925461e-07,-3.388879660256254e-07
1.211647727272727e+00,6.250000000000000e-01,-4.385489248785251e-07,-3.609814563489193e-07
1.231534090909091e+00,6.250000000000000e-01,-4.005235880645042e-07,-3.830749466722132e-07
1.251420454545455e+00,6.250000000000000e-01,-3.624475268114563e-07,-4.046745274824209e-07
1.271306818181818e+00,6.250000000000000e-01,-3.237120478510639e-07,-4.198532846225057e-07
1.291193181818182e+00,6.250000000000000e-01,-2.849765688906715e-07,-4.350320417625905e-07
1.311079545454545e+00,6.250000000000000e-01,-2.462410899302786e-07,-4.502107989026754e-07
1.330965909090909e+00,6.250000000000000e-01,-2.075056109698858e-07,-4.653895560427603e-07
1.350852272727273e+00,6.250000000000000e-01,-1.687701320094934e-07,-4.805683131828450e-07
1.370738636363636e+00,6.250000000000000e-01,-1.300346530491010e-07,-4.957470703229297e-07
1.390625000000000e+00,6.250000000000000e-01,3.759325362333530e-05,-3.813639574594452e-05
1.410511363636364e+00,6.250000000000000e-01,8.559414720810837e-05,-8.603853621751591e-05
1.430397727272727e+00,6.250000000000000e-01,1.335950407928809e-04,-1.339406766890867e-04
1.450284090909091e+00,6.250000000000000e-01,1.815959343776534e-04,-1.818428171606576e-04
1.470170454545455e+00,6.250000000000000e-01,2.295968279624265e-04,-2.297449576322290e-04
1.490056818181818e+00,6.250000000000000e-01,2.775977215471990e-04,-2.776470981037998e-04
6.349431818181818e-01,6.477272727272727e-01,-2.021491537772399e-06,9.829993248926828e-07
6.548295454545454e-01,6.477272727272727e-01,-1.847674079818241e-06,8.044332792245432e-07
6.747159090909091e-01,6.477272727272727e-01,-1.673856621864082e-06,6.258672335564038e-07
6.946022727272727e-01,6.477272727272727e-01,-1.500039163909923e-06,4.473011878882645e-07
7.144886363636364e-01,6.477272727272727e-01,-1.326221705955764e-06,2.687351422201251e-07
7.343750000000000e-01,6.477272727272727e-01,-1.152404248001606e-06,9.016909655198574e-08
7.542613636363636e-01,6.477272727272727e-01,-1.011650900076131e-06,-5.537507307299359e-08
7.741477272727273e-01,6.477272727272727e-01,-9.921326222558289e-07,-7.983903053971963e-08
7.940340909090909e-01,6.477272727272727e-01,-9.726143444355267e-07,-1.043029880064456e-07
8.139204545454546e-01,6.477272727272727e-01,-9.530960666152250e-07,-1.287669454731717e-07
8.338068181818181e-01,6.477272727272727e-01,-9.335777887949231e-07,-1.532309029398976e-07
8.536931818181819e-01,6.477272727272727e-01,-9.140595109746210e-07,-1.776948604066237e-07
8.735795454545454e-01,6.477272727272727e-01,-8.945412331543194e-07,-2.021588178733496e-07
8.934659090909091e-01,6.477272727272727e-01,-8.936276737017394e-07,-1.994211860122278e-07
9.133522727272727e-01,6.477272727272727e-01,-8.941452464312919e-07,-1.945911242028098e-07
9.332386363636364e-01,6.477272727272727e-01,-8.946628191608445e-07,-1.897610623933919e-07
9.531250000000000e-01,6.477272727272727e-01,-8.951803918903969e-07,-1.849310005839740e-07
9.730113636363636e-01,6.477272727272727e-01,-8.956979646199494e-07,-1.801009387745561e-07
9.928977272727273e-01,6.477272727272727e-01,-8.962155373495021e-07,-1.752708769651381e-07
1.012784090909091e+00,6.477272727272727e-01,-8.815969614994772e-07,-1.796252838398332e-07
1.032670454545455e+00,6.477272727272727e-01,-8.585694142163535e-07,-1.890821733168133e-07
1.052556818181818e+00,6.477272727272727e-01,-8.355418669332301e-07,-1.985390627937933e-07
1.072443181818182e+00,6.477272727272727e-01,-8.125143196501064e-07,-2.079959522707734e-07
1.092329545454545e+00,6.477272727272727e-01,-7.894867723669830e-07,-2.174528417477534e-07
1.112215909090909e+00,6.477272727272727e-01,-7.664592250838593e-07,-2.269097312247336e-07
1.132102272727273e+00,6.477272727272727e-01,-7.364827897912920e-07,-2.400090198803400e-07
1.151988636363636e+00,6.477272727272727e-01,-6.939983560817258e-07,-2.596646270574740e-07
1.171875000000000e+00,6.477272727272727e-01,-6.515139223721591e-07,-2.793202342346083e-07
1.191761363636364e+00,6.477272727272727e-01,-6.090294886625923e-07,-2.989758414117426e-07
1.211647727272727e+00,6.477272727272727e-01,-5.665450549530261e-07,-3.186314485888765e-07
1.231534090909091e+00,6.477272727272727e-01,-5.240606212434598e-07,-3.382870557660107e-07
1.251420454545455e+00,6.477272727272727e-01,-4.810186957887574e-07,-3.578388569221177e-07
1.271306818181818e+00,6.477272727272727e-01,-4.307293776472910e-07,-3.760411798048710e-07
1.291193181818182e+00,6.477272727272727e-01,-3.804400595058248e-07,-3.942435026876244e-07
1.311079545454545e+00,6.477272727272727e-01,-3.301507413643580e-07,-4.124458255703780e-07
1.330965909090909e+00,6.477272727272727e-01,-2.798614232228911e-07,-4.306481484531315e-07
1.350852272727273e+00,6.477272727272727e-01,-2.295721050814248e-07,-4.488504713358848e-07
1.370738636363636e+00,6.477272727272727e-01,-1.792827869399585e-07,-4.670527942186381e-07
1.390625000000000e+00,6.477272727272727e-01,4.832191053881783e-05,-4.888143786072060e-05
1.410511363636364e+00,6.477272727272727e-01,1.100369867757441e-04,-1.104947818573009e-04
1.430397727272727e+00,6.477272727272727e-01,1.717520630126697e-04,-1.721081258538806e-04
1.450284090909091e+00,6.477272727272727e-01,2.334671392495953e-04,-2.337214698504602e-04
1.470170454545455e+00,6.477272727272727e-01,2.951822154865215e-04,-2.953348138470405e-04
1.490056818181818e+00,6.477272727272727e-01,3.568972917234471e-04,-3.569481578436201e-04
6.349431818181818e-01,6.704545454545455e-01,-2.212841027468699e-06,9.867371317711485e-07
6.548295454545454e-01,6.704545454545455e-01,-2.051045348966086e-06,8.207901278625801e-07
6.747159090909091e-01,6.704545454545455e-01,-1.889249670463472e-06,6.548431239540119e-07
6.946022727272727e-01,6.704545454545455e-01,-1.727453991960859e-06,4.888961200454437e-07
7.144886363636364e-01,6.704545454545455e-01,-1.565658313458245e-06,3.229491161368754e-07
7.343750000000000e-01,6.704545454545455e-01,-1.403862634955632e-06,1.570021122283073e-07
7.542613636363636e-01,6.704545454545455e-01,-1.270340039759133e-06,1.958592282823957e-08
7.741477272727273e-01,6.704545454545455e-01,-1.240485416685052e-06,-1.321728004065961e-08
7.940340909090909e-01,6.704545454545455e-01,-1.210630793610971e-06,-4.602048290955881e-08
8.139204545454546e-01,6.704545454545455e-01,-1.180776170536891e-06,-7.882368577845802e-08
8.338068181818181e-01,6.704545454545455e-01,-1.150921547462810e-06,-1.116268886473570e-07
8.536931818181819e-01,6.704545454545455e-01,-1.121066924388729e-06,-1.444300915162564e-07
8.735795454545454e-01,6.704545454545455e-01,-1.091212301314649e-06,-1.772332943851554e-07
8.934659090909091e-01,6.704545454545455e-01,-1.084697370456250e-06,-1.765833044955929e-07
9.133522727272727e-01,6.704545454545455e-01,-1.079977800537519e-06,-1.733599920861485e-07
9.332386363636364e-01,6.704545454545455e-01,-1.075258230618788e-06,-1.701366796767042e-07
9.531250000000000e-01,6.704545454545455e-01,-1.070538660700057e-06,-1.669133672672599e-07
9.730113636363636e-01,6.704545454545455e-01,-1.065819090781327e-06,-1.636900548578155e-07
9.928977272727273e-01,6.704545454545455e-01,-1.061099520862596e-06,-1.604667424483712e-07
1.012784090909091e+00,6.704545454545455e-01,-1.043016256145948e-06,-1.636054706149320e-07
1.032670454545455e+00,6.704545454545455e-01,-1.017508716541567e-06,-1.702786657681623e-07
1.052556818181818e+00,6.704545454545455e-01,-9.920011769371865e-07,-1.769518609213926e-07
1.072443181818182e+00,6.704545454545455e-01,-9.664936373328059e-07,-1.836250560746230e-07
1.092329545454545e+00,6.704545454545455e-01,-9.409860977284255e-07,-1.902982512278533e-07
1.112215909090909e+00,6.704545454545455e-01,-9.154785581240450e-07,-1.969714463810836e-07
1.132102272727273e+00,6.704545454545455e-01,-8.823153074479749e-07,-2.074105447049367e-07
1.151988636363636e+00,6.704545454545455e-01,-8.353717768428634e-07,-2.246282687359109e-07
1.171875000000000e+00,6.704545454545455e-01,-7.884282462377513e-07,-2.418459927668852e-07
1.191761363636364e+00,6.704545454545455e-01,-7.414847156326393e-07,-2.590637167978596e-07
1.211647727272727e+00,6.704545454545455e-01,-6.945411850275277e-07,-2.762814408288337e-07
1.231534090909091e+00,6.704545454545455e-01,-6.475976544224161e-07,-2.934991648598078e-07
1.251420454545455e+00,6.704545454545455e-01,-5.995898647660592e-07,-3.110031863618142e-07
1.271306818181818e+00,6.704545454545455e-01,-5.377467074435188e-07,-3.322290749872362e-07
1.291193181818182e+00,6.704545454545455e-01,-4.759035501209786e-07,-3.534549636126581e-07
1.311079545454545e+00,6.704545454545455e-01,-4.140603927984377e-07,-3.746808522380803e-07
1.330965909090909e+00,6.704545454545455e-01,-3.522172354758968e-07,-3.959067408635025e-07
1.350852272727273e+00,6.704545454545455e-01,-2.903740781533565e-07,-4.171326294889245e-07
1.370738636363636e+00,6.704545454545455e-01,-2.285309208308163e-07,-4.383585181143464e-07
1.390625000000000e+00,6.704545454545455e-01,5.905056745430043e-05,-5.962647997549675e-05
1.410511363636364e+00,6.704545454545455e-01,1.344798263433800e-04,-1.349510274970861e-04
1.430397727272727e+00,6.704545454545455e-01,2.099090852324587e-04,-2.102755750186745e-04
1.450284090909091e+00,6.704545454545455e-01,2.853383441215374e-04,-2.856001225402630e-04
1.470170454545455e+00,6.704545454545455e-01,3.607676030106169e-04,-3.609246700618523e-04
1.490056818181818e+00,6.704545454545455e-01,4.361968618996956e-04,-4.362492175834407e-04
6.349431818181818e-01,6.931818181818182e-01,-2.404190517164997e-06,9.904749386496142e-07
6.548295454545454e-01,6.931818181818182e-01,-2.254416618113929e-06,8.371469765006172e-07
6.747159090909091e-01,6.931818181818182e-01,-2.104642719062861e-06,6.838190143516200e-07
6.946022727272727e-01,6.931818181818182e-01,-1.954868820011794e-06,5.304910522026228e-07
7.144886363636364e-01,6.931818181818182e-01,-1.805094920960726e-06,3.771630900536257e-07
7.343750000000000e-01,6.931818181818182e-01,-1.655321021909658e-06,2.238351279046285e-07
7.542613636363636e-01,6.931818181818182e-01,-1.529029179442134e-06,9.454691872947238e-08
7.741477272727273e-01,6.931818181818182e-01,-1.488838211114275e-06,5.340447045840007e-08
7.940340909090909e-01,6.931818181818182e-01,-1.448647242786415e-06,1.226202218732774e-08
8.139204545454546e-01,6.931818181818182e-01,-1.408456274458555e-06,-2.888042608374460e-08
8.338068181818181e-01,6.931818181818182e-01,-1.368265306130696e-06,-7.002287435481669e-08
8.536931818181819e-01,6.931818181818182e-01,-1.328074337802836e-06,-1.111653226258892e-07
8.735795454545454e-01,6.931818181818182e-01,-1.287883369474977e-06,-1.523077708969614e-07
8.934659090909091e-01,6.931818181818182e-01,-1.275767067210759e-06,-1.537454229789581e-07
9.133522727272727e-01,6.931818181818182e-01,-1.265810354643745e-06,-1.521288599694873e-07
9.332386363636364e-01,6.931818181818182e-01,-1.255853642076731e-06,-1.505122969600166e-07
9.531250000000000e-01,6.931818181818182e-01,-1.245896929509717e-06,-1.488957339505458e-07
9.730113636363636e-01,6.931818181818182e-01,-1.235940216942703e-06,-1.472791709410751e-07
9.928977272727273e-01,6.931818181818182e-01,-1.225983504375689e-06,-1.456626079316043e-07
1.012784090909091e+00,6.931818181818182e-01,-1.204435550792417e-06,-1.475856573900309e-07
1.032670454545455e+00,6.931818181818182e-01,-1.176448018866780e-06,-1.514751582195115e-07
1.052556818181818e+00,6.931818181818182e-01,-1.148460486941142e-06,-1.553646590489921e-07
1.072443181818182e+00,6.931818181818182e-01,-1.120472955015504e-06,-1.592541598784726e-07
1.092329545454545e+00,6.931818181818182e-01,-1.092485423089867e-06,-1.631436607079532e-07
1.112215909090909e+00,6.931818181818182e-01,-1.064497891164230e-06,-1.670331615374338e-07
1.132102272727273e+00,6.931818181818182e-01,-1.028147825104657e-06,-1.748120695295336e-07
1.151988636363636e+00,6.931818181818182e-01,-9.767451976040004e-07,-1.895919104143479e-07
1.171875000000000e+00,6.931818181818182e-01,-9.253425701033429e-07,-2.043717512991623e-07
1.191761363636364e+00,6.931818181818182e-01,-8.739399426026854e-07,-2.191515921839768e-07
1.211647727272727e+00,6.931818181818182e-01,-8.225373151020286e-07,-2.339314330687910e-07
1.231534090909091e+00,6.931818181818182e-01,-7.711346876013719e-07,-2.487112739536053e-07
1.251420454545455e+00,6.931818181818182e-01,-7.181610337433603e-07,-2.641675158015110e-07
1.271306818181818e+00,6.931818181818182e-01,-6.447640372397462e-07,-2.884169701696015e-07
1.291193181818182e+00,6.931818181818182e-01,-5.713670407361320e-07,-3.126664245376920e-07
1.311079545454545e+00,6.931818181818182e-01,-4.979700442325170e-07,-3.369158789057828e-07
1.330965909090909e+00,6.931818181818182e-01,-4.245730477289021e-07,-3.611653332738737e-07
1.350852272727273e+00,6.931818181818182e-01,-3.511760512252879e-07,-3.854147876419643e-07
1.370738636363636e+00,6.931818181818182e-01,-2.777790547216738e-07,-4.096642420100548e-07
1.390625000000000e+00,6.931818181818182e-01,6.977922436978299e-05,-7.037152209027284e-05
1.410511363636364e+00,6.931818181818182e-01,1.589226659110157e-04,-1.594072731368711e-04
1.430397727272727e+00,6.931818181818182e-01,2.480661074522475e-04,-2.484430241834683e-04
1.450284090909091e+00,6.931818181818182e-01,3.372095489934792e-04,-3.374787752300656e-04
1.470170454545455e+00,6.931818181818182e-01,4.263529905347120e-04,-4.265145262766638e-04
1.490056818181818e+00,6.931818181818182e-01,5.154964320759439e-04,-5.155502773232612e-04
6.349431818181818e-01,7.159090909090909e-01,-2.595540006861296e-06,9.942127455280801e-07
6.548295454545454e-01,7.159090909090909e-01,-2.457787887261773e-06,8.535038251386540e-07
6.747159090909091e-01,7.159090909090909e-01,-2.320035767662251e-06,7.127949047492279e-07
6.946022727272727e-01,7.159090909090909e-01,-2.182283648062728e-06,5.720859843598018e-07
7.144886363636364e-01,7.159090909090909e-01,-2.044531528463206e-06,4.313770639703757e-07
7.343750000000000e-01,7.159090909090909e-01,-1.906779408863683e-06,2.906681435809497e-07
7.542613636363636e-01,7.159090909090909e-01,-1.787718319125135e-06,1.695079146307052e-07
7.741477272727273e-01,7.159090909090909e-01,-1.737191005543497e-06,1.200262209574597e-07
7.940340909090909e-01,7.159090909090909e-01,-1.686663691961859e-06,7.054452728421427e-08
8.139204545454546e-01,7.159090909090909e-01,-1.636136378380220e-06,2.106283361096881e-08
8.338068181818181e-01,7.159090909090909e-01,-1.585609064798582e-06,-2.841886006227637e-08
8.536931818181819e-01,7.159090909090909e-01,-1.535081751216943e-06,-7.790055373552212e-08
8.735795454545454e-01,7.159090909090909e-01,-1.484554437635305e-06,-1.273822474087673e-07
8.934659090909091e-01,7.159090909090909e-01,-1.466836763965269e-06,-1.309075414623233e-07
9.133522727272727e-01,7.159090909090909e-01,-1.451642908749971e-06,-1.308977278528261e-07
9.332386363636364e-01,7.159090909090909e-01,-1.436449053534674e-06,-1.308879142433289e-07
9.531250000000000e-01,7.159090909090909e-01,-1.421255198319376e-06,-1.308781006338318e-07
9.730113636363636e-01,7.159090909090909e-01,-1.406061343104079e-06,-1.308682870243346e-07
9.928977272727273e-01,7.159090909090909e-01,-1.390867487888782e-06,-1.308584734148375e-07
1.012784090909091e+00,7.159090909090909e-01,-1.365854845438886e-06,-1.315658441651297e-07
1.032670454545455e+00,7.159090909090909e-01,-1.335387321191992e-06,-1.326716506708606e-07
1.052556818181818e+00,7.159090909090909e-01,-1.304919796945098e-06,-1.337774571765915e-07
1.072443181818182e+00,7.159090909090909e-01,-1.274452272698203e-06,-1.348832636823223e-07
1.092329545454545e+00,7.159090909090909e-01,-1.243984748451309e-06,-1.359890701880532e-07
1.112215909090909e+00,7.159090909090909e-01,-1.213517224204415e-06,-1.370948766937840e-07
1.132102272727273e+00,7.159090909090909e-01,-1.173980342761339e-06,-1.422135943541305e-07
1.151988636363636e+00,7.159090909090909e-01,-1.118118618365137e-06,-1.545555520927848e-07
1.171875000000000e+00,7.159090909090909e-01,-1.062256893968934e-06,-1.668975098314394e-07
1.191761363636364e+00,7.159090909090909e-01,-1.006395169572732e-06,-1.792394675700940e-07
1.211647727272727e+00,7.159090909090909e-01,-9.505334451765296e-07,-1.915814253087483e-07
1.231534090909091e+00,7.159090909090909e-01,-8.946717207803274e-07,-2.039233830474027e-07
1.251420454545455e+00,7.159090909090909e-01,-8.367322027206615e-07,-2.173318452412077e-07
1.271306818181818e+00,7.159090909090909e-01,-7.517813670359733e-07,-2.446048653519668e-07
1.291193181818182e+00,7.159090909090909e-01,-6.668305313512853e-07,-2.718778854627260e-07
1.311079545454545e+00,7.159090909090909e-01,-5.818796956665963e-07,-2.991509055734854e-07
1.330965909090909e+00,7.159090909090909e-01,-4.969288599819073e-07,-3.264239256842449e-07
1.350852272727273e+00,7.159090909090909e-01,-4.119780242972194e-07,-3.536969457950040e-07
1.370738636363636e+00,7.159090909090909e-01,-3.270271886125314e-07,-3.809699659057632e-07
1.390625000000000e+00,7.159090909090909e-01,8.050788128526553e-05,-8.111656420504892e-05
1.410511363636364e+00,7.159090909090909e-01,1.833655054786515e-04,-1.838635187766561e-04
1.430397727272727e+00,7.159090909090909e-01,2.862231296720362e-04,-2.866104733482620e-04
1.450284090909091e+00,7.159090909090909e-01,3.890807538654211e-04,-3.893574279198681e-04
1.470170454545455e+00,7.159090909090909e-01,4.919383780588071e-04,-4.921043824914753e-04
1.490056818181818e+00,7.159090909090909e-01,5.947960022521919e-04,-5.948513370630813e-04
6.349431818181818e-01,7.386363636363636e-01,-2.786889496557595e-06,9.979505524065457e-07
6.548295454545454e-01,7.386363636363636e-01,-2.661159156409617e-06,8.698606737766908e-07
6.747159090909091e-01,7.386363636363636e-01,-2.535428816261640e-06,7.417707951468358e-07
6.946022727272727e-01,7.386363636363636e-01,-2.409698476113662e-06,6.136809165169808e-07
7.144886363636364e-01,7.386363636363636e-01,-2.283968135965686e-06,4.855910378871258e-07
7.343750000000000e-01,7.386363636363636e-01,-2.158237795817708e-06,3.575011592572709e-07
7.542613636363636e-01,7.386363636363636e-01,-2.046407458808137e-06,2.444689105319380e-07
7.741477272727273e-01,7.386363636363636e-01,-1.985543799972720e-06,1.866479714565194e-07
7.940340909090909e-01,7.386363636363636e-01,-1.924680141137302e-06,1.288270323811008e-07
8.139204545454546e-01,7.386363636363636e-01,-1.863816482301885e-06,7.100609330568221e-08
8.338068181818181e-01,7.386363636363636e-01,-1.802952823466468e-06,1.318515423026396e-08
8.536931818181819e-01,7.386363636363636e-01,-1.742089164631050e-06,-4.463578484515497e-08
8.735795454545454e-01,7.386363636363636e-01,-1.681225505795633e-06,-1.024567239205733e-07
8.934659090909091e-01,7.386363636363636e-01,-1.657906460719778e-06,-1.080696599456885e-07
9.133522727272727e-01,7.386363636363636e-01,-1.637475462856198e-06,-1.096665957361649e-07
9.332386363636364e-01,7.386363636363636e-01,-1.617044464992617e-06,-1.112635315266413e-07
9.531250000000000e-01,7.386363636363636e-01,-1.596613467129036e-06,-1.128604673171177e-07
9.730113636363636e-01,7.386363636363636e-01,-1.576182469265455e-06,-1.144574031075941e-07
9.928977272727273e-01,7.386363636363636e-01,-1.555751471401875e-06,-1.160543388980706e-07
1.012784090909091e+00,7.386363636363636e-01,-1.527274140085356e-06,-1.155460309402286e-07
1.032670454545455e+00,7.386363636363636e-01,-1.494326623517205e-06,-1.138681431222097e-07
1.052556818181818e+00,7.386363636363636e-01,-1.461379106949054e-06,-1.121902553041909e-07
1.072443181818182e+00,7.386363636363636e-01,-1.428431590380902e-06,-1.105123674861720e-07
1.092329545454545e+00,7.386363636363636e-01,-1.395484073812751e-06,-1.088344796681531e-07
1.112215909090909e+00,7.386363636363636e-01,-1.362536557244600e-06,-1.071565918501342e-07
1.132102272727273e+00,7.386363636363636e-01,-1.319812860418021e-06,-1.096151191787273e-07
1.151988636363636e+00,7.386363636363636e-01,-1.259492039126274e-06,-1.195191937712218e-07
1.171875000000000e+00,7.386363636363636e-01,-1.199171217834526e-06,-1.294232683637165e-07
1.191761363636364e+00,7.386363636363636e-01,-1.138850396542778e-06,-1.393273429562111e-07
1.211647727272727e+00,7.386363636363636e-01,-1.078529575251030e-06,-1.492314175487057e-07
1.231534090909091e+00,7.386363636363636e-01,-1.018208753959283e-06,-1.591354921412002e-07
1.251420454545455e+00,7.386363636363636e-01,-9.553033716979626e-07,-1.704961746809044e-07
1.271306818181818e+00,7.386363636363636e-01,-8.587986968322005e-07,-2.007927605343321e-07
1.291193181818182e+00,7.386363636363636e-01,-7.622940219664387e-07,-2.310893463877599e-07
1.311079545454545e+00,7.386363636363636e-01,-6.657893471006756e-07,-2.613859322411880e-07
1.330965909090909e+00,7.386363636363636e-01,-5.692846722349127e-07,-2.916825180946160e-07
1.350852272727273e+00,7.386363636363636e-01,-4.727799973691508e-07,-3.219791039480438e-07
1.370738636363636e+00,7.386363636363636e-01,-3.762753225033889e-07,-3.522756898014715e-07
1.390625000000000e+00,7.386363636363636e-01,9.123653820074807e-05,-9.186160631982502e-05
1.410511363636364e+00,7.386363636363636e-01,2.078083450462872e-04,-2.083197644164411e-04
1.430397727272727e+00,7.386363636363636e-01,3.243801518918251e-04,-3.247779225130559e-04
1.450284090909091e+00,7.386363636363636e-01,4.409519587373629e-04,-4.412360806096706e-04
1.470170454545455e+00,7.386363636363636e-01,5.575237655829022e-04,-5.576942387062868e-04
1.490056818181818e+00,7.386363636363636e-01,6.740955724284400e-04,-6.741523968029015e-04
6.349431818181818e-01,7.613636363636364e-01,-2.876150653499496e-06,8.958416828757107e-07
6.548295454545454e-01,7.613636363636364e-01,-2.773154492512025e-06,7.913219315340057e-07
6.747159090909091e-01,7.613636363636364e-01,-2.670158331524554e-06,6.868021801923008e-07
6.946022727272727e-01,7.613636363636364e-01,-2.567162170537084e-06,5.822824288505960e-07
7.144886363636364e-01,7.613636363636364e-01,-2.464166009549613e-06,4.777626775088911e-07
7.343750000000000e-01,7.613636363636364e-01,-2.361169848562143e-06,3.732429261671862e-07
7.542613636363636e-01,7.613636363636364e-01,-2.266729442848271e-06,2.787933659004236e-07
7.741477272727273e-01,7.613636363636364e-01,-2.203660139804267e-06,2.212678395751155e-07
7.940340909090909e-01,7.613636363636364e-01,-2.140590836760263e-06,1.637423132498074e-07
8.139204545454546e-01,7.613636363636364e-01,-2.077521533716258e-06,1.062167869244993e-07
8.338068181818181e-01,7.613636363636364e-01,-2.014452230672254e-06,4.869126059919152e-08
8.536931818181819e-01,7.613636363636364e-01,-1.951382927628249e-06,-8.834265726116893e-09
8.735795454545454e-01,7.613636363636364e-01,-1.888313624584245e-06,-6.635979205142466e-08
8.934659090909091e-01,7.613636363636364e-01,-1.860328090113933e-06,-7.257161864746156e-08
9.133522727272727e-01,7.613636363636364e-01,-1.835041307072367e-06,-7.483623757201596e-08
9.332386363636364e-01,7.613636363636364e-01,-1.809754524030801e-06,-7.710085649657034e-08
9.531250000000000e-01,7.613636363636364e-01,-1.784467740989235e-06,-7.936547542112472e-08
9.730113636363636e-01,7.613636363636364e-01,-1.759180957947669e-06,-8.163009434567913e-08
9.928977272727273e-01,7.613636363636364e-01,-1.733894174906103e-06,-8.389471327023350e-08
1.012784090909091e+00,7.613636363636364e-01,-1.701409076971353e-06,-8.212154090336512e-08
1.032670454545455e+00,7.613636363636364e-01,-1.664924915207058e-06,-7.810515115237293e-08
1.052556818181818e+00,7.613636363636364e-01,-1.628440753442762e-06,-7.408876140138079e-08
1.072443181818182e+00,7.613636363636364e-01,-1.591956591678467e-06,-7.007237165038860e-08
1.092329545454545e+00,7.613636363636364e-01,-1.555472429914171e-06,-6.605598189939645e-08
1.112215909090909e+00,7.613636363636364e-01,-1.518988268149875e-06,-6.203959214840426e-08
1.132102272727273e+00,7.613636363636364e-01,-1.472626831089044e-06,-6.165819648027261e-08
1.151988636363636e+00,7.613636363636364e-01,-1.408486298494446e-06,-6.781979016128983e-08
1.171875000000000e+00,7.613636363636364e-01,-1.344345765899849e-06,-7.398138384230713e-08
1.191761363636364e+00,7.613636363636364e-01,-1.280205233305251e-06,-8.014297752332446e-08
1.211647727272727e+00,7.613636363636364e-01,-1.216064700710653e-06,-8.630457120434167e-08
1.231534090909091e+00,7.613636363636364e-01,-1.151924168116056e-06,-9.246616488535890e-08
1.251420454545455e+00,7.613636363636364e-01,-1.084918975930135e-06,-1.002439619149645e-07
1.271306818181818e+00,7.613636363636364e-01,-9.806732090570103e-07,-1.290324024762172e-07
1.291193181818182e+00,7.613636363636364e-01,-8.764274421838863e-07,-1.578208430374698e-07
1.311079545454545e+00,7.613636363636364e-01,-7.721816753107609e-07,-1.866092835987228e-07
1.330965909090909e+00,7.613636363636364e-01,-6.679359084376356e-07,-2.153977241599757e-07
1.350852272727273e+00,7.613636363636364e-01,-5.636901415645115e-07,-2.441861647212284e-07
1.370738636363636e+00,7.613636363636364e-01,-4.594443746913872e-07,-2.729746052824811e-07
1.390625000000000e+00,7.613636363636364e-01,8.756775110091577e-05,-8.819446945970943e-05
1.410511363636364e+00,7.613636363636364e-01,1.995739328607238e-04,-2.000867024270095e-04
1.430397727272727e+00,7.613636363636364e-01,3.115801146205306e-04,-3.119789353943083e-04
1.450284090909091e+00,7.613636363636364e-01,4.235862963803373e-04,-4.238711683616071e-04
1.470170454545455e+00,7.613636363636364e-01,5.355924781401453e-04,-5.357634013289071e-04
1.490056818181818e+00,7.613636363636364e-01,6.475986598999522e-04,-6.476556342962061e-04
6.349431818181818e-01,7.840909090909091e-01,-2.863323477686998e-06,6.878861369355746e-07
6.548295454545454e-01,7.840909090909091e-01,-2.793773895568995e-06,6.178875984105986e-07
6.747159090909091e-01,7.840909090909091e-01,-2.724224313450993e-06,5.478890598856229e-07
6.946022727272727e-01,7.840909090909091e-01,-2.654674731332991e-06,4.778905213606471e-07
7.144886363636364e-01,7.840909090909091e-01,-2.585125149214988e-06,4.078919828356715e-07
7.343750000000000e-01,7.840909090909091e-01,-2.515575567096985e-06,3.378934443106957e-07
7.542613636363636e-01,7.840909090909091e-01,-2.448684271245541e-06,2.724812807361618e-07
7.741477272727273e-01,7.840909090909091e-01,-2.391540025038141e-06,2.238858253132478e-07
7.940340909090909e-01,7.840909090909091e-01,-2.334395778830740e-06,1.752903698903339e-07
8.139204545454546e-01,7.840909090909091e-01,-2.277251532623340e-06,1.266949144674200e-07
8.338068181818181e-01,7.840909090909091e-01,-2.220107286415940e-06,7.809945904450633e-08
8.536931818181819e-01,7.840909090909091e-01,-2.162963040208540e-06,2.950400362159213e-08
8.735795454545454e-01,7.840909090909091e-01,-2.105818794001140e-06,-1.909145180132152e-08
8.934659090909091e-01,7.840909090909091e-01,-2.074101652147733e-06,-2.441341756764247e-08
9.133522727272727e-01,7.840909090909091e-01,-2.044340441398480e-06,-2.640665336037923e-08
9.332386363636364e-01,7.840909090909091e-01,-2.014579230649226e-06,-2.839988915311599e-08
9.531250000000000e-01,7.840909090909091e-01,-1.984818019899973e-06,-3.039312494585276e-08
9.730113636363636e-01,7.840909090909091e-01,-1.955056809150719e-06,-3.238636073858951e-08
9.928977272727273e-01,7.840909090909091e-01,-1.925295598401466e-06,-3.437959653132627e-08
1.012784090909091e+00,7.840909090909091e-01,-1.888259656096879e-06,-3.129237405453933e-08
1.032670454545455e+00,7.840909090909091e-01,-1.847182196261552e-06,-2.538267476135025e-08
1.052556818181818e+00,7.840909090909091e-01,-1.806104736426224e-06,-1.947297546816123e-08
1.072443181818182e+00,7.840909090909091e-01,-1.765027276590897e-06,-1.356327617497216e-08
1.092329545454545e+00,7.840909090909091e-01,-1.723949816755570e-06,-7.653576881783150e-09
1.112215909090909e+00,7.840909090909091e-01,-1.682872356920242e-06,-1.743877588594066e-09
1.132102272727273e+00,7.840909090909091e-01,-1.632422254774406e-06,1.657173741233667e-09
1.151988636363636e+00,7.840909090909091e-01,-1.565101396469654e-06,5.426587370111798e-10
1.171875000000000e+00,7.840909090909091e-01,-1.497780538164902e-06,-5.718562672113403e-10
1.191761363636364e+00,7.840909090909091e-01,-1.430459679860150e-06,-1.686371271433841e-09
1.211647727272727e+00,7.840909090909091e-01,-1.363138821555398e-06,-2.800886275656364e-09
1.231534090909091e+00,7.840909090909091e-01,-1.295817963250646e-06,-3.915401279878856e-09
1.251420454545455e+00,7.840909090909091e-01,-1.225579015417178e-06,-6.575206943387958e-09
1.271306818181818e+00,7.840909090909091e-01,-1.117404903710403e-06,-2.932379117762180e-08
1.291193181818182e+00,7.840909090909091e-01,-1.009230792003628e-06,-5.207237541185569e-08
1.311079545454545e+00,7.840909090909091e-01,-9.010566802968521e-07,-7.482095964608984e-08
1.330965909090909e+00,7.840909090909091e-01,-7.928825685900760e-07,-9.756954388032402e-08
1.350852272727273e+00,7.840909090909091e-01,-6.847084568833013e-07,-1.203181281145578e-07
1.370738636363636e+00,7.840909090909091e-01,-5.765343451765264e-07,-1.430667123487918e-07
1.390625000000000e+00,7.840909090909091e-01,6.950151998576862e-05,-7.011515362470217e-05
1.410511363636364e+00,7.840909090909091e-01,1.586622689219611e-04,-1.591643328083613e-04
1.430397727272727e+00,7.840909090909091e-01,2.478230178581526e-04,-2.482135119920194e-04
1.450284090909091e+00,7.840909090909091e-01,3.369837667943442e-04,-3.372626911756776e-04
1.470170454545455e+00,7.840909090909091e-01,4.261445157305366e-04,-4.263118703593367e-04
1.490056818181818e+00,7.840909090909091e-01,5.153052646667283e-04,-5.153610495429949e-04
6.349431818181818e-01,8.068181818181819e-01,-2.850496301874501e-06,4.799305909954373e-07
6.548295454545454e-01,8.068181818181819e-01,-2.814393298625966e-06,4.444532652871908e-07
6.747159090909091e-01,8.068181818181819e-01,-2.778290295377432e-06,4.089759395789444e-07
6.946022727272727e-01,8.068181818181819e-01,-2.742187292128897e-06,3.734986138706979e-07
7.144886363636364e-01,8.068181818181819e-01,-2.706084288880364e-06,3.380212881624515e-07
7.343750000000000e-01,8.068181818181819e-01,-2.669981285631829e-06,3.025439624542050e-07
7.542613636363636e-01,8.068181818181819e-01,-2.630639099642810e-06,2.661691955719000e-07
7.741477272727273e-01,8.068181818181819e-01,-2.579419910272015e-06,2.265038110513803e-07
7.940340909090909e-01,8.068181818181819e-01,-2.528200720901219e-06,1.868384265308605e-07
8.139204545454546e-01,8.068181818181819e-01,-2.476981531530423e-06,1.471730420103408e-07
8.338068181818181e-01,8.068181818181819e-01,-2.425762342159628e-06,1.075076574898213e-07
8.536931818181819e-01,8.068181818181819e-01,-2.374543152788832e-06,6.784227296930133e-08
8.735795454545454e-01,8.068181818181819e-01,-2.323323963418037e-06,2.817688844878182e-08
8.934659090909091e-01,8.068181818181819e-01,-2.287875214181535e-06,2.374478351217686e-08
9.133522727272727e-01,8.068181818181819e-01,-2.253639575724593e-06,2.202293085125772e-08
9.332386363636364e-01,8.068181818181819e-01,-2.219403937267653e-06,2.030107819033860e-08
9.531250000000000e-01,8.068181818181819e-01,-2.185168298810711e-06,1.857922552941946e-08
9.730113636363636e-01,8.068181818181819e-01,-2.150932660353770e-06,1.685737286850032e-08
9.928977272727273e-01,8.068181818181819e-01,-2.116697021896830e-06,1.513552020758118e-08
1.012784090909091e+00,8.068181818181819e-01,-2.075110235222405e-06,1.953679279428671e-08
1.032670454545455e+00,8.068181818181819e-01,-2.029439477316046e-06,2.733980162967269e-08
1.052556818181818e+00,8.068181818181819e-01,-1.983768719409687e-06,3.514281046505856e-08
1.072443181818182e+00,8.068181818181819e-01,-1.938097961503328e-06,4.294581930044454e-08
1.092329545454545e+00,8.068181818181819e-01,-1.892427203596968e-06,5.074882813583043e-08
1.112215909090909e+00,8.068181818181819e-01,-1.846756445690609e-06,5.855183697121640e-08
1.132102272727273e+00,8.068181818181819e-01,-1.792217678459769e-06,6.497254396274027e-08
1.151988636363636e+00,8.068181818181819e-01,-1.721716494444863e-06,6.890510763531255e-08
1.171875000000000e+00,8.068181818181819e-01,-1.651215310429956e-06,7.283767130788482e-08
1.191761363636364e+00,8.068181818181819e-01,-1.580714126415049e-06,7.677023498045712e-08
1.211647727272727e+00,8.068181818181819e-01,-1.510212942400143e-06,8.070279865302938e-08
1.231534090909091e+00,8.068181818181819e-01,-1.439711758385237e-06,8.463536232560163e-08
1.251420454545455e+00,8.068181818181819e-01,-1.366239054904221e-06,8.709354802818906e-08
1.271306818181818e+00,8.068181818181819e-01,-1.254136598363796e-06,7.038482012097399e-08
1.291193181818182e+00,8.068181818181819e-01,-1.142034141823371e-06,5.367609221375890e-08
1.311079545454545e+00,8.068181818181819e-01,-1.029931685282944e-06,3.696736430654362e-08
1.330965909090909e+00,8.068181818181819e-01,-9.178292287425172e-07,2.025863639932838e-08
1.350852272727273e+00,8.068181818181819e-01,-8.057267722020916e-07,3.549908492113251e-09
1.370738636363636e+00,8.068181818181819e-01,-6.936243156616662e-07,-1.315881941510181e-08
1.390625000000000e+00,8.068181818181819e-01,5.143528887062138e-05,-5.203583778969482e-05
1.410511363636364e+00,8.068181818181819e-01,1.177506049831983e-04,-1.182419631897129e-04
1.430397727272727e+00,8.068181818181819e-01,1.840659210957744e-04,-1.844480885897303e-04
1.450284090909091e+00,8.068181818181819e-01,2.503812372083506e-04,-2.506542139897476e-04
1.470170454545455e+00,8.068181818181819e-01,3.166965533209274e-04,-3.168603393897657e-04
1.490056818181818e+00,8.068181818181819e-01,3.830118694335036e-04,-3.830664647897830e-04
6.349431818181818e-01,8.295454545454546e-01,-2.837669126062003e-06,2.719750450553011e-07
6.548295454545454e-01,8.295454545454546e-01,-2.835012701682937e-06,2.710189321637838e-07
6.747159090909091e-01,8.295454545454546e-01,-2.832356277303871e-06,2.700628192722664e-07
6.946022727272727e-01,8.295454545454546e-01,-2.829699852924805e-06,2.691067063807491e-07
7.144886363636364e-01,8.295454545454546e-01,-2.827043428545738e-06,2.681505934892318e-07
7.343750000000000e-01,8.295454545454546e-01,-2.824387004166673e-06,2.671944805977145e-07
7.542613636363636e-01,8.295454545454546e-01,-2.812593928040079e-06,2.598571104076383e-07
7.741477272727273e-01,8.295454545454546e-01,-2.767299795505888e-06,2.291217967895126e-07
7.940340909090909e-01,8.295454545454546e-01,-2.722005662971697e-06,1.983864831713871e-07
8.139204545454546e-01,8.295454545454546e-01,-2.676711530437505e-06,1.676511695532615e-07
8.338068181818181e-01,8.295454545454546e-01,-2.631417397903314e-06,1.369158559351361e-07
8.536931818181819e-01,8.295454545454546e-01,-2.586123265369123e-06,1.061805423170104e-07
8.735795454545454e-01,8.295454545454546e-01,-2.540829132834932e-06,7.544522869888496e-08
8.934659090909091e-01,8.295454545454546e-01,-2.501648776215335e-06,7.190298459199595e-08
9.133522727272727e-01,8.295454545454546e-01,-2.462938710050707e-06,7.045251506289445e-08
9.332386363636364e-01,8.295454545454546e-01,-2.424228643886078e-06,6.900204553379294e-08
9.531250000000000e-01,8.295454545454546e-01,-2.385518577721450e-06,6.755157600469144e-08
9.730113636363636e-01,8.295454545454546e-01,-2.346808511556821e-06,6.610110647558992e-08
9.928977272727273e-01,8.295454545454546e-01,-2.308098445392192e-06,6.465063694648842e-08
1.012784090909091e+00,8.295454545454546e-01,-2.261960814347931e-06,7.036595964311251e-08
1.032670454545455e+00,8.295454545454546e-01,-2.211696758370539e-06,8.006227802069537e-08
1.052556818181818e+00,8.295454545454546e-01,-2.161432702393149e-06,8.975859639827811e-08
1.072443181818182e+00,8.295454545454546e-01,-2.111168646415758e-06,9.945491477586097e-08
1.092329545454545e+00,8.295454545454546e-01,-2.060904590438367e-06,1.091512331534437e-07
1.112215909090909e+00,8.295454545454546e-01,-2.010640534460976e-06,1.188475515310266e-07
1.132102272727273e+00,8.295454545454546e-01,-1.952013102145131e-06,1.282879141842466e-07
1.151988636363636e+00,8.295454545454546e-01,-1.878331592420071e-06,1.372675565336136e-07
1.171875000000000e+00,8.295454545454546e-01,-1.804650082695010e-06,1.462471988829806e-07
1.191761363636364e+00,8.295454545454546e-01,-1.730968572969948e-06,1.552268412323477e-07
1.211647727272727e+00,8.295454545454546e-01,-1.657287063244888e-06,1.642064835817147e-07
1.231534090909091e+00,8.295454545454546e-01,-1.583605553519827e-06,1.731861259310817e-07
1.251420454545455e+00,8.295454545454546e-01,-1.506899094391264e-06,1.807623029997656e-07
1.271306818181818e+00,8.295454545454546e-01,-1.390868293017189e-06,1.700934314195693e-07
1.291193181818182e+00,8.295454545454546e-01,-1.274837491643112e-06,1.594245598393730e-07
1.311079545454545e+00,8.295454545454546e-01,-1.158806690269035e-06,1.487556882591766e-07
1.330965909090909e+00,8.295454545454546e-01,-1.042775888894958e-06,1.380868166789801e-07
1.350852272727273e+00,8.295454545454546e-01,-9.267450875208815e-07,1.274179450987838e-07
1.370738636363636e+00,8.295454545454546e-01,-8.107142861468054e-07,1.167490735185875e-07
1.390625000000000e+00,8.295454545454546e-01,3.336905775547424e-05,-3.395652195468758e-05
1.410511363636364e+00,8.295454545454546e-01,7.683894104443563e-05,-7.731959357106472e-05
1.430397727272727e+00,8.295454545454546e-01,1.203088243333965e-04,-1.206826651874414e-04
1.450284090909091e+00,8.295454545454546e-01,1.637787076223574e-04,-1.640457368038181e-04
1.470170454545455e+00,8.295454545454546e-01,2.072485909113188e-04,-2.074088084201952e-04
1.490056818181818e+00,8.295454545454546e-01,2.507184742002798e-04,-2.507718800365719e-04
6.349431818181818e-01,8.522727272727273e-01,-2.824841950249506e-06,6.401949911516498e-08
6.548295454545454e-01,8.522727272727273e-01,-2.855632104739908e-06,9.758459904037675e-08
6.747159090909091e-01,8.522727272727273e-01,-2.886422259230310e-06,1.311496989655885e-07
6.946022727272727e-01,8.522727272727273e-01,-2.917212413720711e-06,1.647147988908003e-07
7.144886363636364e-01,8.522727272727273e-01,-2.948002568211114e-06,1.982798988160122e-07
7.343750000000000e-01,8.522727272727273e-01,-2.978792722701515e-06,2.318449987412240e-07
7.542613636363636e-01,8.522727272727273e-01,-2.994548756437348e-06,2.535450252433764e-07
7.741477272727273e-01,8.522727272727273e-01,-2.955179680739762e-06,2.317397825276450e-07
7.940340909090909e-01,8.522727272727273e-01,-2.915810605042175e-06,2.099345398119136e-07
8.139204545454546e-01,8.522727272727273e-01,-2.876441529344588e-06,1.881292970961822e-07
8.338068181818181e-01,8.522727272727273e-01,-2.837072453647001e-06,1.663240543804509e-07
8.536931818181819e-01,8.522727272727273e-01,-2.797703377949414e-06,1.445188116647194e-07
8.735795454545454e-01,8.522727272727273e-01,-2.758334302251827e-06,1.227135689489881e-07
8.934659090909091e-01,8.522727272727273e-01,-2.715422338249135e-06,1.200611856718151e-07
9.133522727272727e-01,8.522727272727273e-01,-2.672237844376819e-06,1.188820992745312e-07
9.332386363636364e-01,8.522727272727273e-01,-2.629053350504503e-06,1.177030128772473e-07
9.531250000000000e-01,8.522727272727273e-01,-2.585868856632187e-06,1.165239264799634e-07
9.730113636363636e-01,8.522727272727273e-01,-2.542684362759871e-06,1.153448400826795e-07
9.928977272727273e-01,8.522727272727273e-01,-2.499499868887555e-06,1.141657536853956e-07
1.012784090909091e+00,8.522727272727273e-01,-2.448811393473457e-06,1.211951264919383e-07
1.032670454545455e+00,8.522727272727273e-01,-2.393954039425034e-06,1.327847544117180e-07
1.052556818181818e+00,8.522727272727273e-01,-2.339096685376611e-06,1.443743823314976e-07
1.072443181818182e+00,8.522727272727273e-01,-2.284239331328188e-06,1.559640102512774e-07
1.092329545454545e+00,8.522727272727273e-01,-2.229381977279765e-06,1.675536381710570e-07
1.112215909090909e+00,8.522727272727273e-01,-2.174524623231343e-06,1.791432660908368e-07
1.132102272727273e+00,8.522727272727273e-01,-2.111808525830494e-06,1.916032844057529e-07
1.151988636363636e+00,8.522727272727273e-01,-2.034946690395279e-06,2.056300054319146e-07
1.171875000000000e+00,8.522727272727273e-01,-1.958084854960063e-06,2.196567264580764e-07
1.191761363636364e+00,8.522727272727273e-01,-1.881223019524847e-06,2.336834474842383e-07
1.211647727272727e+00,8.522727272727273e-01,-1.804361184089632e-06,2.477101685104000e-07
1.231534090909091e+00,8.522727272727273e-01,-1.727499348654417e-06,2.617368895365618e-07
1.251420454545455e+00,8.522727272727273e-01,-1.647559133878308e-06,2.744310579713422e-07
1.271306818181818e+00,8.522727272727273e-01,-1.527599987670581e-06,2.698020427181646e-07
1.291193181818182e+00,8.522727272727273e-01,-1.407640841462854e-06,2.651730274649871e-07
1.311079545454545e+00,8.522727272727273e-01,-1.287681695255126e-06,2.605440122118095e-07
1.330965909090909e+00,8.522727272727273e-01,-1.167722549047398e-06,2.559149969586319e-07
1.350852272727273e+00,8.522727272727273e-01,-1.047763402839671e-06,2.512859817054544e-07
1.370738636363636e+00,8.522727272727273e-01,-9.278042566319445e-07,2.466569664522768e-07
1.390625000000000e+00,8.522727272727273e-01,1.530282664032709e-05,-1.587720611968032e-05
1.410511363636364e+00,8.522727272727273e-01,3.592727710567297e-05,-3.639722395241652e-05
1.430397727272727e+00,8.522727272727273e-01,5.655172757101862e-05,-5.691724178515249e-05
1.450284090909091e+00,8.522727272727273e-01,7.717617803636428e-05,-7.743725961788848e-05
1.470170454545455e+00,8.522727272727273e-01,9.780062850171013e-05,-9.795727745062466e-05
1.490056818181818e+00,8.522727272727273e-01,1.184250789670558e-04,-1.184772952833607e-04
6.349431818181818e-01,8.750000000000000e-01,-2.812014774437009e-06,-1.439360468249712e-07
6.548295454545454e-01,8.750000000000000e-01,-2.876251507796879e-06,-7.584973408303027e-08
6.747159090909091e-01,8.750000000000000e-01,-2.940488241156749e-06,-7.763421341089348e-09
6.946022727272727e-01,8.750000000000000e-01,-3.004724974516618e-06,6.032289140085158e-08
7.144886363636364e-01,8.750000000000000e-01,-3.068961707876488e-06,1.284092041427925e-07
7.343750000000000e-01,8.750000000000000e-01,-3.133198441236358e-06,1.964955168847334e-07
7.542613636363636e-01,8.750000000000000e-01,-3.176503584834617e-06,2.472329400791147e-07
7.741477272727273e-01,8.750000000000000e-01,-3.143059565973635e-06,2.343577682657774e-07
7.940340909090909e-01,8.750000000000000e-01,-3.109615547112652e-06,2.214825964524402e-07
8.139204545454546e-01,8.750000000000000e-01,-3.076171528251670e-06,2.086074246391029e-07
8.338068181818181e-01,8.750000000000000e-01,-3.042727509390687e-06,1.957322528257657e-07
8.536931818181819e-01,8.750000000000000e-01,-3.009283490529705e-06,1.828570810124284e-07
8.735795454545454e-01,8.750000000000000e-01,-2.975839471668723e-06,1.699819091990912e-07
8.934659090909091e-01,8.750000000000000e-01,-2.929195900282935e-06,1.682193867516341e-07
9.133522727272727e-01,8.750000000000000e-01,-2.881536978702932e-06,1.673116834861679e-07
9.332386363636364e-01,8.750000000000000e-01,-2.833878057122929e-06,1.664039802207016e-07
9.531250000000000e-01,8.750000000000000e-01,-2.786219135542925e-06,1.654962769552354e-07
9.730113636363636e-01,8.750000000000000e-01,-2.738560213962921e-06,1.645885736897691e-07
9.928977272727273e-01,8.750000000000000e-01,-2.690901292382919e-06,1.636808704243029e-07
1.012784090909091e+00,8.750000000000000e-01,-2.635661972598982e-06,1.720242933407641e-07
1.032670454545455e+00,8.750000000000000e-01,-2.576211320479527e-06,1.855072308027407e-07
1.052556818181818e+00,8.750000000000000e-01,-2.516760668360073e-06,1.989901682647172e-07
1.072443181818182e+00,8.750000000000000e-01,-2.457310016240618e-06,2.124731057266938e-07
1.092329545454545e+00,8.750000000000000e-01,-2.397859364121164e-06,2.259560431886703e-07
1.112215909090909e+00,8.750000000000000e-01,-2.338408712001709e-06,2.394389806506470e-07
1.132102272727273e+00,8.750000000000000e-01,-2.271603949515856e-06,2.549186546272592e-07
1.151988636363636e+00,8.750000000000000e-01,-2.191561788370487e-06,2.739924543302156e-07
1.171875000000000e+00,8.750000000000000e-01,-2.111519627225117e-06,2.930662540331722e-07
1.191761363636364e+00,8.750000000000000e-01,-2.031477466079746e-06,3.121400537361289e-07
1.211647727272727e+00,8.750000000000000e-01,-1.951435304934377e-06,3.312138534390854e-07
1.231534090909091e+00,8.750000000000000e-01,-1.871393143789007e-06,3.502876531420418e-07
1.251420454545455e+00,8.750000000000000e-01,-1.788219173365351e-06,3.680998129429187e-07
1.271306818181818e+00,8.750000000000000e-01,-1.664331682323973e-06,3.695106540167599e-07
1.291193181818182e+00,8.750000000000000e-01,-1.540444191282596e-06,3.709214950906011e-07
1.311079545454545e+00,8.750000000000000e-01,-1.416556700241217e-06,3.723323361644424e-07
1.330965909090909e+00,8.750000000000000e-01,-1.292669209199839e-06,3.737431772382836e-07
1.350852272727273e+00,8.750000000000000e-01,-1.168781718158461e-06,3.751540183121249e-07
1.370738636363636e+00,8.750000000000000e-01,-1.044894227117084e-06,3.765648593859661e-07
1.390625000000000e+00,8.750000000000000e-01,-2.763404474820056e-06,2.202109715326932e-06
1.410511363636364e+00,8.750000000000000e-01,-4.984386833089683e-06,4.525145666231674e-06
1.430397727272727e+00,8.750000000000000e-01,-7.205369191359285e-06,6.848181617136389e-06
1.450284090909091e+00,8.750000000000000e-01,-9.426351549628889e-06,9.171217568041105e-06
1.470170454545455e+00,8.750000000000000e-01,-1.164733390789852e-05,1.149425351894585e-05
1.490056818181818e+00,8.750000000000000e-01,-1.386831626616812e-05,1.381728946985056e-05
6.349431818181818e-01,8.977272727272727e-01,1.708797485079422e-04,-1.732982537253383e-04
6.548295454545454e-01,8.977272727272727e-01,1.483271931291494e-04,-1.507425486906875e-04
6.747159090909091e-01,8.977272727272727e-01,1.257746377503567e-04,-1.281868436560367e-04
6.946022727272727e-01,8.977272727272727e-01,1.032220823715640e-04,-1.056311386213859e-04
7.144886363636364e-01,8.977272727272727e-01,8.066952699277126e-05,-8.307543358673515e-05
7.343750000000000e-01,8.977272727272727e-01,5.811697161397853e-05,-6.051972855208434e-05
7.542613636363636e-01,8.977272727272727e-01,3.731962357137273e-05,-3.971629955344533e-05
7.741477272727273e-01,8.977272727272727e-01,2.295803576145230e-05,-2.533788268684957e-05
7.940340909090909e-01,8.977272727272727e-01,8.596447951531866e-06,-1.095946582025381e-05
8.139204545454546e-01,8.977272727272727e-01,-5.765139858388573e-06,3.418951046341964e-06
8.338068181818181e-01,8.977272727272727e-01,-2.012672766830892e-05,1.779736791293764e-05
8.536931818181819e-01,8.977272727272727e-01,-3.448831547822943e-05,3.217578477953349e-05
8.735795454545454e-01,8.977272727272727e-01,-4.884990328814978e-05,4.655420164612918e-05
8.934659090909091e-01,8.977272727272727e-01,-4.981356129069981e-05,4.755458050690147e-05
9.133522727272727e-01,8.977272727272727e-01,-4.974660930806747e-05,4.752587952107193e-05
9.332386363636364e-01,8.977272727272727e-01,-4.967965732543513e-05,4.749717853524239e-05
9.531250000000000e-01,8.977272727272727e-01,-4.961270534280279e-05,4.746847754941284e-05
9.730113636363636e-01,8.977272727272727e-01,-4.954575336017044e-05,4.743977656358330e-05
9.928977272727273e-01,8.977272727272727e-01,-4.947880137753810e-05,4.741107557775375e-05
1.012784090909091e+00,8.977272727272727e-01,-5.005780016867108e-05,4.804209661291436e-05
1.032670454545455e+00,8.977272727272727e-01,-5.099566050078481e-05,4.903962988195838e-05
1.052556818181818e+00,8.977272727272727e-01,-5.193352083289852e-05,5.003716315100239e-05
1.072443181818182e+00,8.977272727272727e-01,-5.287138116501225e-05,5.103469642004642e-05
1.092329545454545e+00,8.977272727272727e-01,-5.380924149712597e-05,5.203222968909044e-05
1.112215909090909e+00,8.977272727272727e-01,-5.474710182923970e-05,5.302976295813445e-05
1.132102272727273e+00,8.977272727272727e-01,-5.750017239813073e-05,5.585015715685842e-05
1.151988636363636e+00,8.977272727272727e-01,-6.352062139322092e-05,6.195170102900629e-05
1.171875000000000e+00,8.977272727272727e-01,-6.954107038831118e-05,6.805324490115424e-05
1.191761363636364e+00,8.977272727272727e-01,-7.556151938340144e-05,7.415478877330218e-05
1.211647727272727e+00,8.977272727272727e-01,-8.158196837849164e-05,8.025633264545006e-05
1.231534090909091e+00,8.977272727272727e-01,-8.760241737358181e-05,8.635787651759794e-05
1.251420454545455e+00,8.977272727272727e-01,-9.410035273616619e-05,9.293843689582050e-05
1.271306818181818e+00,8.977272727272727e-01,-1.068056108761733e-04,1.057462118530128e-04
1.291193181818182e+00,8.977272727272727e-01,-1.195108690161805e-04,1.185539868102052e-04
1.311079545454545e+00,8.977272727272727e-01,-1.322161271561878e-04,1.313617617673977e-04
1.330965909090909e+00,8.977272727272727e-01,-1.449213852961951e-04,1.441695367245902e-04
1.350852272727273e+00,8.977272727272727e-01,-1.576266434362023e-04,1.569773116817826e-04
1.370738636363636e+00,8.977272727272727e-01,-1.703319015762095e-04,1.697850866389749e-04
1.390625000000000e+00,8.977272727272727e-01,-1.668274406421277e-04,1.663681994752697e-04
1.410511363636364e+00,8.977272727272727e-01,-1.589021472332942e-04,1.585264044604103e-04
1.430397727272727e+00,8.977272727272727e-01,-1.509768538244607e-04,1.506846094455511e-04
1.450284090909091e+00,8.977272727272727e-01,-1.430515604156273e-04,1.428428144306919e-04
1.470170454545455e+00,8.977272727272727e-01,-1.351262670067938e-04,1.350010194158325e-04
1.490056818181818e+00,8.977272727272727e-01,-1.272009735979604e-04,1.271592244009733e-04
6.349431818181818e-01,9.204545454545455e-01,3.445715117903222e-04,-3.464525714038525e-04
6.548295454545454e-01,9.204545454545455e-01,2.995306377660964e-04,-3.014092476472927e-04
6.747159090909091e-01,9.204545454545455e-01,2.544897637418708e-04,-2.563659238907330e-04
6.946022727272727e-01,9.204545454545455e-01,2.094488897176451e-04,-2.113226001341732e-04
7.144886363636364e-01,9.204545454545455e-01,1.644080156934194e-04,-1.662792763776135e-04
7.343750000000000e-01,9.204545454545455e-01,1.193671416691937e-04,-1.212359526210537e-04
7.542613636363636e-01,9.204545454545455e-01,7.781575072758025e-05,-7.967983204696997e-05
7.741477272727273e-01,9.204545454545455e-01,4.905913108887835e-05,-5.091012314196504e-05
7.940340909090909e-01,9.204545454545455e-01,2.030251145017643e-05,-2.214041423696010e-05
8.139204545454546e-01,9.204545454545455e-01,-8.454108188525485e-06,6.629294668044841e-06
8.338068181818181e-01,9.204545454545455e-01,-3.721072782722723e-05,3.539900357304960e-05
8.536931818181819e-01,9.204545454545455e-01,-6.596734746592932e-05,6.416871247805472e-05
8.735795454545454e-01,9.204545454545455e-01,-9.472396710463107e-05,9.293842138305949e-05
8.934659090909091e-01,9.204545454545455e-01,-9.669792668111692e-05,9.494094162705154e-05
9.133522727272727e-01,9.204545454545455e-01,-9.661168163743222e-05,9.488444735865791e-05
9.332386363636364e-01,9.204545454545455e-01,-9.652543659374755e-05,9.482795309026431e-05
9.531250000000000e-01,9.204545454545455e-01,-9.643919155006287e-05,9.477145882187068e-05
9.730113636363636e-01,9.204545454545455e-01,-9.635294650637820e-05,9.471496455347708e-05
9.928977272727273e-01,9.204545454545455e-01,-9.626670146269350e-05,9.465847028508343e-05
1.012784090909091e+00,9.204545454545455e-01,-9.747993836474342e-05,9.591216893248818e-05
1.032670454545455e+00,9.204545454545455e-01,-9.941510968109032e-05,9.789375253311427e-05
1.052556818181818e+00,9.204545454545455e-01,-1.013502809974372e-04,9.987533613374031e-05
1.072443181818182e+00,9.204545454545455e-01,-1.032854523137841e-04,1.018569197343664e-04
1.092329545454545e+00,9.204545454545455e-01,-1.052206236301310e-04,1.038385033349925e-04
1.112215909090909e+00,9.204545454545455e-01,-1.071557949464779e-04,1.058200869356185e-04
1.132102272727273e+00,9.204545454545455e-01,-1.127287408467459e-04,1.114453956590898e-04
1.151988636363636e+00,9.204545454545455e-01,-1.248496809980716e-04,1.236294096036827e-04
1.171875000000000e+00,9.204545454545455e-01,-1.369706211493976e-04,1.358134235482756e-04
1.191761363636364e+00,9.204545454545455e-01,-1.490915613007235e-04,1.479974374928686e-04
1.211647727272727e+00,9.204545454545455e-01,-1.612125014520493e-04,1.601814514374614e-04
1.231534090909091e+00,9.204545454545455e-01,-1.733334416033751e-04,1.723654653820542e-04
1.251420454545455e+00,9.204545454545455e-01,-1.864124862989675e-04,1.855087739786985e-04
1.271306818181818e+00,9.204545454545455e-01,-2.119468900700232e-04,2.111229130520095e-04
1.291193181818182e+00,9.204545454545455e-01,-2.374812938410790e-04,2.367370521253204e-04
1.311079545454545e+00,9.204545454545455e-01,-2.630156976121351e-04,2.623511911986317e-04
1.330965909090909e+00,9.204545454545455e-01,-2.885501013831911e-04,2.879653302719429e-04
1.350852272727273e+00,9.204545454545455e-01,-3.140845051542469e-04,3.135794693452538e-04
1.370738636363636e+00,9.204545454545455e-01,-3.396189089253027e-04,3.391936084185648e-04
1.390625000000000e+00,9.204545454545455e-01,-3.308914768094361e-04,3.305342892352133e-04
1.410511363636364e+00,9.204545454545455e-01,-3.128199076334994e-04,3.125276632545899e-04
1.430397727272727e+00,9.204545454545455e-01,-2.947483384575629e-04,2.945210372739665e-04
1.450284090909091e+00,9.204545454545455e-01,-2.766767692816264e-04,2.765144112933433e-04
1.470170454545455e+00,9.204545454545455e-01,-2.586052001056897e-04,2.585077853127199e-04
1.490056818181818e+00,9.204545454545455e-01,-2.405336309297532e-04,2.405011593320966e-04
6.349431818181818e-01,9.431818181818182e-01,5.182632750727014e-04,-5.196068890823659e-04
6.548295454545454e-01,9.431818181818182e-01,4.507340824030428e-04,-4.520759466038973e-04
6.747159090909091e-01,9.431818181818182e-01,3.832048897333842e-04,-3.845450041254286e-04
6.946022727272727e-01,9.431818181818182e-01,3.156756970637258e-04,-3.170140616469601e-04
7.144886363636364e-01,9.431818181818182e-01,2.481465043940671e-04,-2.494831191684914e-04
7.343750000000000e-01,9.431818181818182e-01,1.806173117244086e-04,-1.819521766900228e-04
7.542613636363636e-01,9.431818181818182e-01,1.183118778837876e-04,-1.196433645404944e-04
7.741477272727273e-01,9.431818181818182e-01,7.516022641630428e-05,-7.648236359708039e-05
7.940340909090909e-01,9.431818181818182e-01,3.200857494882096e-05,-3.332136265366636e-05
8.139204545454546e-01,9.431818181818182e-01,-1.114307651866239e-05,9.839638289747715e-06
8.338068181818181e-01,9.431818181818182e-01,-5.429472798614547e-05,5.300063923316150e-05
8.536931818181819e-01,9.431818181818182e-01,-9.744637945362903e-05,9.616164017657578e-05
8.735795454545454e-01,9.431818181818182e-01,-1.405980309211121e-04,1.393226411199896e-04
8.934659090909091e-01,9.431818181818182e-01,-1.435822920715338e-04,1.423273027472014e-04
9.133522727272727e-01,9.431818181818182e-01,-1.434767539667968e-04,1.422430151962437e-04
9.332386363636364e-01,9.431818181818182e-01,-1.433712158620598e-04,1.421587276452860e-04
9.531250000000000e-01,9.431818181818182e-01,-1.432656777573227e-04,1.420744400943283e-04
9.730113636363636e-01,9.431818181818182e-01,-1.431601396525857e-04,1.419901525433706e-04
9.928977272727273e-01,9.431818181818182e-01,-1.430546015478487e-04,1.419058649924129e-04
1.012784090909091e+00,9.431818181818182e-01,-1.449020765608155e-04,1.437822412520618e-04
1.032670454545455e+00,9.431818181818182e-01,-1.478345588613956e-04,1.467478751842699e-04
1.052556818181818e+00,9.431818181818182e-01,-1.507670411619757e-04,1.497135091164780e-04
1.072443181818182e+00,9.431818181818182e-01,-1.536995234625558e-04,1.526791430486861e-04
1.092329545454545e+00,9.431818181818182e-01,-1.566320057631358e-04,1.556447769808942e-04
1.112215909090909e+00,9.431818181818182e-01,-1.595644880637159e-04,1.586104109131023e-04
1.132102272727273e+00,9.431818181818182e-01,-1.679573092953607e-04,1.670406341613210e-04
1.151988636363636e+00,9.431818181818182e-01,-1.861787406029221e-04,1.853071181783588e-04
1.171875000000000e+00,9.431818181818182e-01,-2.044001719104837e-04,2.035736021953967e-04
1.191761363636364e+00,9.431818181818182e-01,-2.226216032180452e-04,2.218400862124347e-04
1.211647727272727e+00,9.431818181818182e-01,-2.408430345256065e-04,2.401065702294724e-04
1.231534090909091e+00,9.431818181818182e-01,-2.590644658331679e-04,2.583730542465101e-04
1.251420454545455e+00,9.431818181818182e-01,-2.787246198617683e-04,2.780791110615761e-04
1.271306818181818e+00,9.431818181818182e-01,-3.170881692638726e-04,3.164996142510056e-04
1.291193181818182e+00,9.431818181818182e-01,-3.554517186659770e-04,3.549201174404350e-04
1.311079545454545e+00,9.431818181818182e-01,-3.938152680680817e-04,3.933406206298649e-04
1.330965909090909e+00,9.431818181818182e-01,-4.321788174701865e-04,4.317611238192948e-04
1.350852272727273e+00,9.431818181818182e-01,-4.705423668722907e-04,4.701816270087243e-04
1.370738636363636e+00,9.431818181818182e-01,-5.089059162743952e-04,5.086021301981538e-04
1.390625000000000e+00,9.431818181818182e-01,-4.949555129767437e-04,4.947003789951560e-04
1.410511363636364e+00,9.431818181818182e-01,-4.667376680337039e-04,4.665289220487685e-04
1.430397727272727e+00,9.431818181818182e-01,-4.385198230906644e-04,4.383574651023813e-04
1.450284090909091e+00,9.431818181818182e-01,-4.103019781476249e-04,4.101860081559941e-04
1.470170454545455e+00,9.431818181818182e-01,-3.820841332045850e-04,3.820145512096066e-04
1.490056818181818e+00,9.431818181818182e-01,-3.538662882615456e-04,3.538430942632195e-04
6.349431818181818e-01,9.659090909090909e-01,6.919550383550806e-04,-6.927612067608793e-04
6.548295454545454e-01,9.659090909090909e-01,6.019375270399891e-04,-6.027426455605017e-04
6.747159090909091e-01,9.659090909090909e-01,5.119200157248977e-04,-5.127240843601242e-04
6.946022727272727e-01,9.659090909090909e-01,4.219025044098063e-04,-4.227055231597468e-04
7.144886363636364e-01,9.659090909090909e-01,3.318849930947149e-04,-3.326869619593693e-04
7.343750000000000e-01,9.659090909090909e-01,2.418674817796235e-04,-2.426684007589918e-04
7.542613636363636e-01,9.659090909090909e-01,1.588080050399950e-04,-1.596068970340189e-04
7.741477272727273e-01,9.659090909090909e-01,1.012613217437302e-04,-1.020546040521957e-04
7.940340909090909e-01,9.659090909090909e-01,4.371463844746546e-05,-4.450231107037259e-05
8.139204545454546e-01,9.659090909090909e-01,-1.383204484879929e-05,1.304998191145055e-05
8.338068181818181e-01,9.659090909090909e-01,-7.137872814506373e-05,7.060227489327339e-05
8.536931818181819e-01,9.659090909090909e-01,-1.289254114413288e-04,1.281545678750968e-04
8.735795454545454e-01,9.659090909090909e-01,-1.864720947375932e-04,1.857068608569197e-04
8.934659090909091e-01,9.659090909090909e-01,-1.904666574619507e-04,1.897136638673512e-04
9.133522727272727e-01,9.659090909090909e-01,-1.903418262961613e-04,1.896015830338295e-04
9.332386363636364e-01,9.659090909090909e-01,-1.902169951303719e-04,1.894895022003077e-04
9.531250000000000e-01,9.659090909090909e-01,-1.900921639645826e-04,1.893774213667859e-04
9.730113636363636e-01,9.659090909090909e-01,-1.899673327987932e-04,1.892653405332641e-04
9.928977272727273e-01,9.659090909090909e-01,-1.898425016330039e-04,1.891532596997424e-04
1.012784090909091e+00,9.659090909090909e-01,-1.923242147568876e-04,1.916523135716354e-04
1.032670454545455e+00,9.659090909090909e-01,-1.962540080417009e-04,1.956019978354256e-04
1.052556818181818e+00,9.659090909090909e-01,-2.001838013265141e-04,1.995516820992157e-04
1.072443181818182e+00,9.659090909090909e-01,-2.041135946113274e-04,2.035013663630058e-04
1.092329545454545e+00,9.659090909090909e-01,-2.080433878961406e-04,2.074510506267960e-04
1.112215909090909e+00,9.659090909090909e-01,-2.119731811809539e-04,2.114007348905861e-04
1.132102272727273e+00,9.659090909090909e-01,-2.231858777439756e-04,2.226358726635522e-04
1.151988636363636e+00,9.659090909090909e-01,-2.475078002077725e-04,2.469848267530348e-04
1.171875000000000e+00,9.659090909090909e-01,-2.718297226715697e-04,2.713337808425178e-04
1.191761363636364e+00,9.659090909090909e-01,-2.961516451353669e-04,2.956827349320007e-04
1.211647727272727e+00,9.659090909090909e-01,-3.204735675991638e-04,3.200316890214834e-04
1.231534090909091e+00,9.659090909090909e-01,-3.447954900629608e-04,3.443806431109660e-04
1.251420454545455e+00,9.659090909090909e-01,-3.710367534245691e-04,3.706494481444537e-04
1.271306818181818e+00,9.659090909090909e-01,-4.222294484577220e-04,4.218763154500017e-04
1.291193181818182e+00,9.659090909090909e-01,-4.734221434908748e-04,4.731031827555496e-04
1.311079545454545e+00,9.659090909090909e-01,-5.246148385240283e-04,5.243300500610982e-04
1.330965909090909e+00,9.659090909090909e-01,-5.758075335571817e-04,5.755569173666468e-04
1.350852272727273e+00,9.659090909090909e-01,-6.270002285903345e-04,6.267837846721947e-04
1.370738636363636e+00,9.659090909090909e-01,-6.781929236234875e-04,6.780106519777428e-04
1.390625000000000e+00,9.659090909090909e-01,-6.590195491440514e-04,6.588664687550988e-04
1.410511363636364e+00,9.659090909090909e-01,-6.206554284339084e-04,6.205301808429472e-04
1.430397727272727e+00,9.659090909090909e-01,-5.822913077237658e-04,5.821938929307961e-04
1.450284090909091e+00,9.659090909090909e-01,-5.439271870136234e-04,5.438576050186449e-04
1.470170454545455e+00,9.659090909090909e-01,-5.055630663034803e-04,5.055213171064933e-04
1.490056818181818e+00,9.659090909090909e-01,-4.671989455933378e-04,4.671850291943421e-04
6.349431818181818e-01,9.886363636363636e-01,8.656468016374598e-04,-8.659155244393927e-04
6.548295454545454e-01,9.886363636363636e-01,7.531409716769354e-04,-7.534093445171063e-04
6.747159090909091e-01,9.886363636363636e-01,6.406351417164111e-04,-6.409031645948199e-04
6.946022727272727e-01,9.886363636363636e-01,5.281293117558870e-04,-5.283969846725336e-04
7.144886363636364e-01,9.886363636363636e-01,4.156234817953627e-04,-4.158908047502473e-04
7.343750000000000e-01,9.886363636363636e-01,3.031176518348384e-04,-3.033846248279609e-04
7.542613636363636e-01,9.886363636363636e-01,1.993041321962023e-04,-1.995704295275433e-04
7.741477272727273e-01,9.886363636363636e-01,1.273624170711562e-04,-1.276268445073111e-04
7.940340909090909e-01,9.886363636363636e-01,5.542070194611000e-05,-5.568325948707884e-05
8.139204545454546e-01,9.886363636363636e-01,-1.652101317893617e-05,1.626032553315341e-05
8.338068181818181e-01,9.886363636363636e-01,-8.846272830398191e-05,8.820391055338524e-05
8.536931818181819e-01,9.886363636363636e-01,-1.604044434290285e-04,1.601474955736179e-04
8.735795454545454e-01,9.886363636363636e-01,-2.323461585540742e-04,2.320910805938498e-04
8.934659090909091e-01,9.886363636363636e-01,-2.373510228523675e-04,2.371000249875010e-04
9.133522727272727e-01,9.886363636363636e-01,-2.372068986255259e-04,2.369601508714152e-04
9.332386363636364e-01,9.886363636363636e-01,-2.370627743986841e-04,2.368202767553294e-04
9.531250000000000e-01,9.886363636363636e-01,-2.369186501718424e-04,2.366804026392435e-04
9.730113636363636e-01,9.886363636363636e-01,-2.367745259450007e-04,2.365405285231576e-04
9.928977272727273e-01,9.886363636363636e-01,-2.366304017181591e-04,2.364006544070718e-04
1.012784090909091e+00,9.886363636363636e-01,-2.397463529529597e-04,2.395223858912090e-04
1.032670454545455e+00,9.886363636363636e-01,-2.446734572220062e-04,2.444561204865812e-04
1.052556818181818e+00,9.886363636363636e-01,-2.496005614910526e-04,2.493898550819534e-04
1.072443181818182e+00,9.886363636363636e-01,-2.545276657600991e-04,2.543235896773256e-04
1.092329545454545e+00,9.886363636363636e-01,-2.594547700291455e-04,2.592573242726977e-04
1.112215909090909e+00,9.886363636363636e-01,-2.643818742981919e-04,2.641910588680700e-04
1.132102272727273e+00,9.886363636363636e-01,-2.784144461925905e-04,2.782311111657833e-04
1.151988636363636e+00,9.886363636363636e-01,-3.088368598126230e-04,3.086625353277109e-04
1.171875000000000e+00,9.886363636363636e-01,-3.392592734326558e-04,3.390939594896388e-04
1.191761363636364e+00,9.886363636363636e-01,-3.696816870526886e-04,3.695253836515668e-04
1.211647727272727e+00,9.886363636363636e-01,-4.001041006727211e-04,3.999568078134943e-04
1.231534090909091e+00,9.886363636363636e-01,-4.305265142927535e-04,4.303882319754219e-04
1.251420454545455e+00,9.886363636363636e-01,-4.633488869873700e-04,4.632197852273312e-04
1.271306818181818e+00,9.886363636363636e-01,-5.273707276515714e-04,5.272530166489978e-04
1.291193181818182e+00,9.886363636363636e-01,-5.913925683157727e-04,5.912862480706643e-04
1.311079545454545e+00,9.886363636363636e-01,-6.554144089799749e-04,6.553194794923315e-04
1.330965909090909e+00,9.886363636363636e-01,-7.194362496441770e-04,7.193527109139987e-04
1.350852272727273e+00,9.886363636363636e-01,-7.834580903083785e-04,7.833859423356653e-04
1.370738636363636e+00,9.886363636363636e-01,-8.474799309725798e-04,8.474191737573317e-04
1.390625000000000e+00,9.886363636363636e-01,-8.230835853113589e-04,8.230325585150415e-04
1.410511363636364e+00,9.886363636363636e-01,-7.745731888341128e-04,7.745314396371259e-04
1.430397727272727e+00,9.886363636363636e-01,-7.260627923568674e-04,7.260303207592108e-04
1.450284090909091e+00,9.886363636363636e-01,-6.775523958796217e-04,6.775292018812957e-04
1.470170454545455e+00,9.886363636363636e-01,-6.290419994023756e-04,6.290280830033800e-04
1.490056818181818e+00,9.886363636363636e-01,-5.805316029251301e-04,5.805269641254648e-04
